72
# x y z
15	1614.4582953194	0
16	1614.221672952	0
17	1614.0202545554	0
18	1613.8801431529	0
19	1613.6787421144	0
20	1613.4542377262	0
21	1613.2052591604	0
22	1613.0361189408	0
23	1612.7683380917	0
24	1612.5039143283	0
25	1612.2874436409	0
26	1612.0614212705	0
27	1611.8076447815	0
28	1611.4985788422	0
29	1611.2313061998	0
30	1610.9324996639	0
31	1610.6562145269	0
32	1610.4024589268	0
33	1610.0487721373	0
34	1609.6566854357	0
35	1609.2763191672	0
36	1608.9288407351	0
37	1608.6153842534	0
38	1608.3121530915	0
39	1607.9620378985	0
40	1607.5890831679	0
41	1607.1527478659	0
42	1606.7231100411	0
43	1606.3294891917	0
44	1605.8916579979	0
45	1605.5571378559	0
46	1605.1945204779	0
47	1605.2024529938	0
48	1605.5722532911	0
49	1606.2333053366	0
50	1606.7488769915	0
51	1607.2628802481	0
52	1607.9528666056	0
53	1608.5281401438	0
54	1609.1086700508	0
55	1609.592007773	0
56	1610.1910500321	0
57	1610.7497515258	0
58	1611.3402200292	0
59	1611.9598302022	0
60	1612.5343344745	0
61	1613.0866762593	0
62	1613.627535108	0
63	1614.1387613712	0
64	1614.6111832059	0
65	1615.1967728583	0
66	1615.7322957147	0
67	1616.2654610451	0
68	1616.7196386914	0
69	1617.1973320166	0
70	1617.640512002	0
71	1618.0278917818	0
72	1618.4828743829	0
73	1618.8794827024	0
74	1619.3779372478	0
75	1619.7549039896	0
76	1620.1210898045	0
77	1620.5274783772	0
78	1620.8623704894	0
79	1621.1725356163	0
80	1621.50325467	0
81	1621.9084970396	0
82	1622.2205904936	0
83	1622.6075481285	0
84	1622.9342915078	0
85	1623.2004372901	0
86	1623.4848707608	0
828
# a b m n err i ip iperr k r rhoa u valid 
1	4	2	3	5.00000000000000e-02	0.00000000000000e+00	0.00000000000000e+00	0.00000000000000e+00	6.39726849110740e+00	0.00000000000000e+00	1.94768087553591e+03	0.00000000000000e+00	1
2	5	3	4	5.00000000000000e-02	0.00000000000000e+00	0.00000000000000e+00	0.00000000000000e+00	6.44497798231661e+00	0.00000000000000e+00	1.93137400975369e+03	0.00000000000000e+00	1
3	6	4	5	5.00000000000000e-02	0.00000000000000e+00	0.00000000000000e+00	0.00000000000000e+00	6.38444758330317e+00	0.00000000000000e+00	1.82142634913133e+03	0.00000000000000e+00	1
4	7	5	6	5.00000000000000e-02	0.00000000000000e+00	0.00000000000000e+00	0.00000000000000e+00	6.44359578461051e+00	0.00000000000000e+00	1.99925084042590e+03	0.00000000000000e+00	1
5	8	6	7	5.00000000000000e-02	0.00000000000000e+00	0.00000000000000e+00	0.00000000000000e+00	6.37408926992514e+00	0.00000000000000e+00	1.72121806625627e+03	0.00000000000000e+00	1
6	9	7	8	5.00000000000000e-02	0.00000000000000e+00	0.00000000000000e+00	0.00000000000000e+00	6.55561648127358e+00	0.00000000000000e+00	1.69715966506096e+03	0.00000000000000e+00	1
7	10	8	9	5.00000000000000e-02	0.00000000000000e+00	0.00000000000000e+00	0.00000000000000e+00	6.40420275257230e+00	0.00000000000000e+00	1.59912734208439e+03	0.00000000000000e+00	1
8	11	9	10	5.00000000000000e-02	0.00000000000000e+00	0.00000000000000e+00	0.00000000000000e+00	6.45091113322204e+00	0.00000000000000e+00	1.72645434887520e+03	0.00000000000000e+00	1
9	12	10	11	5.00000000000000e-02	0.00000000000000e+00	0.00000000000000e+00	0.00000000000000e+00	6.49203445606244e+00	0.00000000000000e+00	1.38889342401670e+03	0.00000000000000e+00	1
10	13	11	12	5.00000000000000e-02	0.00000000000000e+00	0.00000000000000e+00	0.00000000000000e+00	6.46259383690071e+00	0.00000000000000e+00	1.55289409724807e+03	0.00000000000000e+00	1
11	14	12	13	5.00000000000000e-02	0.00000000000000e+00	0.00000000000000e+00	0.00000000000000e+00	6.52258794510592e+00	0.00000000000000e+00	1.37432093214437e+03	0.00000000000000e+00	1
12	15	13	14	5.00000000000000e-02	0.00000000000000e+00	0.00000000000000e+00	0.00000000000000e+00	6.45348649901804e+00	0.00000000000000e+00	1.37690108590738e+03	0.00000000000000e+00	1
13	16	14	15	5.00000000000000e-02	0.00000000000000e+00	0.00000000000000e+00	0.00000000000000e+00	6.59998298326840e+00	0.00000000000000e+00	1.38697601110925e+03	0.00000000000000e+00	1
14	17	15	16	5.00000000000000e-02	0.00000000000000e+00	0.00000000000000e+00	0.00000000000000e+00	6.48856240242624e+00	0.00000000000000e+00	1.15615472320690e+03	0.00000000000000e+00	1
15	18	16	17	5.00000000000000e-02	0.00000000000000e+00	0.00000000000000e+00	0.00000000000000e+00	6.52069126597358e+00	0.00000000000000e+00	1.26032732188008e+03	0.00000000000000e+00	1
16	19	17	18	5.00000000000000e-02	0.00000000000000e+00	0.00000000000000e+00	0.00000000000000e+00	6.64942109212354e+00	0.00000000000000e+00	1.17192778529815e+03	0.00000000000000e+00	1
17	20	18	19	5.00000000000000e-02	0.00000000000000e+00	0.00000000000000e+00	0.00000000000000e+00	6.59053019753603e+00	0.00000000000000e+00	1.21409749367469e+03	0.00000000000000e+00	1
18	21	19	20	5.00000000000000e-02	0.00000000000000e+00	0.00000000000000e+00	0.00000000000000e+00	6.66630078700196e+00	0.00000000000000e+00	1.21226225491184e+03	0.00000000000000e+00	1
19	22	20	21	5.00000000000000e-02	0.00000000000000e+00	0.00000000000000e+00	0.00000000000000e+00	6.68907905562277e+00	0.00000000000000e+00	1.16140093699620e+03	0.00000000000000e+00	1
20	23	21	22	5.00000000000000e-02	0.00000000000000e+00	0.00000000000000e+00	0.00000000000000e+00	6.65388768212602e+00	0.00000000000000e+00	1.06713661057182e+03	0.00000000000000e+00	1
21	24	22	23	5.00000000000000e-02	0.00000000000000e+00	0.00000000000000e+00	0.00000000000000e+00	6.62071235246013e+00	0.00000000000000e+00	1.21245278733389e+03	0.00000000000000e+00	1
22	25	23	24	5.00000000000000e-02	0.00000000000000e+00	0.00000000000000e+00	0.00000000000000e+00	6.64915778258644e+00	0.00000000000000e+00	1.13964346776332e+03	0.00000000000000e+00	1
23	26	24	25	5.00000000000000e-02	0.00000000000000e+00	0.00000000000000e+00	0.00000000000000e+00	6.62480841693693e+00	0.00000000000000e+00	1.10192109991139e+03	0.00000000000000e+00	1
24	27	25	26	5.00000000000000e-02	0.00000000000000e+00	0.00000000000000e+00	0.00000000000000e+00	6.78040711501288e+00	0.00000000000000e+00	1.08503432216599e+03	0.00000000000000e+00	1
25	28	26	27	5.00000000000000e-02	0.00000000000000e+00	0.00000000000000e+00	0.00000000000000e+00	6.73136270674016e+00	0.00000000000000e+00	1.00680841910662e+03	0.00000000000000e+00	1
26	29	27	28	5.00000000000000e-02	0.00000000000000e+00	0.00000000000000e+00	0.00000000000000e+00	6.78631296226575e+00	0.00000000000000e+00	1.12171294887330e+03	0.00000000000000e+00	1
27	30	28	29	5.00000000000000e-02	0.00000000000000e+00	0.00000000000000e+00	0.00000000000000e+00	6.89866930252816e+00	0.00000000000000e+00	9.47027337878242e+02	0.00000000000000e+00	1
28	31	29	30	5.00000000000000e-02	0.00000000000000e+00	0.00000000000000e+00	0.00000000000000e+00	6.60877652797249e+00	0.00000000000000e+00	1.06594493654513e+03	0.00000000000000e+00	1
29	32	30	31	5.00000000000000e-02	0.00000000000000e+00	0.00000000000000e+00	0.00000000000000e+00	6.84757200447287e+00	0.00000000000000e+00	9.06867089429443e+02	0.00000000000000e+00	1
30	33	31	32	5.00000000000000e-02	0.00000000000000e+00	0.00000000000000e+00	0.00000000000000e+00	6.38628546634640e+00	0.00000000000000e+00	8.73336757577595e+02	0.00000000000000e+00	1
31	34	32	33	5.00000000000000e-02	0.00000000000000e+00	0.00000000000000e+00	0.00000000000000e+00	7.02509678373932e+00	0.00000000000000e+00	1.02784499018428e+03	0.00000000000000e+00	1
32	35	33	34	5.00000000000000e-02	0.00000000000000e+00	0.00000000000000e+00	0.00000000000000e+00	6.99357435481552e+00	0.00000000000000e+00	9.29343201582366e+02	0.00000000000000e+00	1
33	36	34	35	5.00000000000000e-02	0.00000000000000e+00	0.00000000000000e+00	0.00000000000000e+00	6.60445919396890e+00	0.00000000000000e+00	9.30825423914994e+02	0.00000000000000e+00	1
34	37	35	36	5.00000000000000e-02	0.00000000000000e+00	0.00000000000000e+00	0.00000000000000e+00	7.40863189768199e+00	0.00000000000000e+00	9.44519239234558e+02	0.00000000000000e+00	1
35	38	36	37	5.00000000000000e-02	0.00000000000000e+00	0.00000000000000e+00	0.00000000000000e+00	7.48902564246681e+00	0.00000000000000e+00	1.05125443066432e+03	0.00000000000000e+00	1
36	39	37	38	5.00000000000000e-02	0.00000000000000e+00	0.00000000000000e+00	0.00000000000000e+00	6.94059164775307e+00	0.00000000000000e+00	9.59961071907968e+02	0.00000000000000e+00	1
37	40	38	39	5.00000000000000e-02	0.00000000000000e+00	0.00000000000000e+00	0.00000000000000e+00	7.54769187737701e+00	0.00000000000000e+00	1.05048759393257e+03	0.00000000000000e+00	1
38	41	39	40	5.00000000000000e-02	0.00000000000000e+00	0.00000000000000e+00	0.00000000000000e+00	7.03754538076952e+00	0.00000000000000e+00	9.23603018033400e+02	0.00000000000000e+00	1
39	42	40	41	5.00000000000000e-02	0.00000000000000e+00	0.00000000000000e+00	0.00000000000000e+00	7.46646338080389e+00	0.00000000000000e+00	1.01613389617624e+03	0.00000000000000e+00	1
40	43	41	42	5.00000000000000e-02	0.00000000000000e+00	0.00000000000000e+00	0.00000000000000e+00	6.97453460890882e+00	0.00000000000000e+00	1.01057078754696e+03	0.00000000000000e+00	1
41	44	42	43	5.00000000000000e-02	0.00000000000000e+00	0.00000000000000e+00	0.00000000000000e+00	7.36866612011357e+00	0.00000000000000e+00	1.10132289033096e+03	0.00000000000000e+00	1
42	45	43	44	5.00000000000000e-02	0.00000000000000e+00	0.00000000000000e+00	0.00000000000000e+00	7.29147545036650e+00	0.00000000000000e+00	1.05069865491531e+03	0.00000000000000e+00	1
43	46	44	45	5.00000000000000e-02	0.00000000000000e+00	0.00000000000000e+00	0.00000000000000e+00	7.21302027428252e+00	0.00000000000000e+00	1.04003574767491e+03	0.00000000000000e+00	1
44	47	45	46	5.00000000000000e-02	0.00000000000000e+00	0.00000000000000e+00	0.00000000000000e+00	7.30194286855689e+00	0.00000000000000e+00	1.10618241799988e+03	0.00000000000000e+00	1
45	48	46	47	5.00000000000000e-02	0.00000000000000e+00	0.00000000000000e+00	0.00000000000000e+00	7.20276842197934e+00	0.00000000000000e+00	1.06917754987578e+03	0.00000000000000e+00	1
46	49	47	48	5.00000000000000e-02	0.00000000000000e+00	0.00000000000000e+00	0.00000000000000e+00	7.10368343510266e+00	0.00000000000000e+00	1.14753288125939e+03	0.00000000000000e+00	1
47	50	48	49	5.00000000000000e-02	0.00000000000000e+00	0.00000000000000e+00	0.00000000000000e+00	7.03928878257914e+00	0.00000000000000e+00	1.13604251254323e+03	0.00000000000000e+00	1
48	51	49	50	5.00000000000000e-02	0.00000000000000e+00	0.00000000000000e+00	0.00000000000000e+00	7.28329913270625e+00	0.00000000000000e+00	1.29172286020214e+03	0.00000000000000e+00	1
49	52	50	51	5.00000000000000e-02	0.00000000000000e+00	0.00000000000000e+00	0.00000000000000e+00	6.92276984741926e+00	0.00000000000000e+00	1.25486304878081e+03	0.00000000000000e+00	1
50	53	51	52	5.00000000000000e-02	0.00000000000000e+00	0.00000000000000e+00	0.00000000000000e+00	7.23699226456054e+00	0.00000000000000e+00	1.13609610979712e+03	0.00000000000000e+00	1
51	54	52	53	5.00000000000000e-02	0.00000000000000e+00	0.00000000000000e+00	0.00000000000000e+00	6.96036807228046e+00	0.00000000000000e+00	1.29432406414812e+03	0.00000000000000e+00	1
52	55	53	54	5.00000000000000e-02	0.00000000000000e+00	0.00000000000000e+00	0.00000000000000e+00	7.11422096943067e+00	0.00000000000000e+00	1.34123087725664e+03	0.00000000000000e+00	1
53	56	54	55	5.00000000000000e-02	0.00000000000000e+00	0.00000000000000e+00	0.00000000000000e+00	6.84932081333356e+00	0.00000000000000e+00	1.33787381815667e+03	0.00000000000000e+00	1
54	57	55	56	5.00000000000000e-02	0.00000000000000e+00	0.00000000000000e+00	0.00000000000000e+00	6.83789376571651e+00	0.00000000000000e+00	1.48425261170963e+03	0.00000000000000e+00	1
55	58	56	57	5.00000000000000e-02	0.00000000000000e+00	0.00000000000000e+00	0.00000000000000e+00	6.96665132091382e+00	0.00000000000000e+00	1.53469515923965e+03	0.00000000000000e+00	1
56	59	57	58	5.00000000000000e-02	0.00000000000000e+00	0.00000000000000e+00	0.00000000000000e+00	6.67565379662453e+00	0.00000000000000e+00	1.60786407538321e+03	0.00000000000000e+00	1
57	60	58	59	5.00000000000000e-02	0.00000000000000e+00	0.00000000000000e+00	0.00000000000000e+00	7.06943932176507e+00	0.00000000000000e+00	1.38888847086381e+03	0.00000000000000e+00	1
58	61	59	60	5.00000000000000e-02	0.00000000000000e+00	0.00000000000000e+00	0.00000000000000e+00	6.60791125508713e+00	0.00000000000000e+00	1.57104085904905e+03	0.00000000000000e+00	1
59	62	60	61	5.00000000000000e-02	0.00000000000000e+00	0.00000000000000e+00	0.00000000000000e+00	6.92538549709971e+00	0.00000000000000e+00	1.49218215837211e+03	0.00000000000000e+00	1
60	63	61	62	5.00000000000000e-02	0.00000000000000e+00	0.00000000000000e+00	0.00000000000000e+00	6.77765987693058e+00	0.00000000000000e+00	1.83319681408300e+03	0.00000000000000e+00	1
61	64	62	63	5.00000000000000e-02	0.00000000000000e+00	0.00000000000000e+00	0.00000000000000e+00	6.59986731454245e+00	0.00000000000000e+00	1.57689624802777e+03	0.00000000000000e+00	1
62	65	63	64	5.00000000000000e-02	0.00000000000000e+00	0.00000000000000e+00	0.00000000000000e+00	6.70678711837020e+00	0.00000000000000e+00	1.75137435384475e+03	0.00000000000000e+00	1
63	66	64	65	5.00000000000000e-02	0.00000000000000e+00	0.00000000000000e+00	0.00000000000000e+00	6.64429088710731e+00	0.00000000000000e+00	1.63910976999746e+03	0.00000000000000e+00	1
64	67	65	66	5.00000000000000e-02	0.00000000000000e+00	0.00000000000000e+00	0.00000000000000e+00	6.70911267030848e+00	0.00000000000000e+00	1.72044216149792e+03	0.00000000000000e+00	1
65	68	66	67	5.00000000000000e-02	0.00000000000000e+00	0.00000000000000e+00	0.00000000000000e+00	6.51692151210182e+00	0.00000000000000e+00	1.76653564226881e+03	0.00000000000000e+00	1
66	69	67	68	5.00000000000000e-02	0.00000000000000e+00	0.00000000000000e+00	0.00000000000000e+00	6.85367491511399e+00	0.00000000000000e+00	1.77605195900703e+03	0.00000000000000e+00	1
67	70	68	69	5.00000000000000e-02	0.00000000000000e+00	0.00000000000000e+00	0.00000000000000e+00	6.52986633122750e+00	0.00000000000000e+00	1.86574880323709e+03	0.00000000000000e+00	1
68	71	69	70	5.00000000000000e-02	0.00000000000000e+00	0.00000000000000e+00	0.00000000000000e+00	6.62309803835297e+00	0.00000000000000e+00	1.68481447665714e+03	0.00000000000000e+00	1
69	72	70	71	5.00000000000000e-02	0.00000000000000e+00	0.00000000000000e+00	0.00000000000000e+00	6.60728739740344e+00	0.00000000000000e+00	1.88190046587938e+03	0.00000000000000e+00	1
1	7	3	5	5.00000000000000e-02	0.00000000000000e+00	0.00000000000000e+00	0.00000000000000e+00	1.29650951981952e+01	0.00000000000000e+00	1.06963753784733e+03	0.00000000000000e+00	1
2	8	4	6	5.00000000000000e-02	0.00000000000000e+00	0.00000000000000e+00	0.00000000000000e+00	1.27668394141947e+01	0.00000000000000e+00	1.03930640742776e+03	0.00000000000000e+00	1
3	9	5	7	5.00000000000000e-02	0.00000000000000e+00	0.00000000000000e+00	0.00000000000000e+00	1.27548144658059e+01	0.00000000000000e+00	1.20442988000128e+03	0.00000000000000e+00	1
4	10	6	8	5.00000000000000e-02	0.00000000000000e+00	0.00000000000000e+00	0.00000000000000e+00	1.29717058255894e+01	0.00000000000000e+00	1.09347310194509e+03	0.00000000000000e+00	1
5	11	7	9	5.00000000000000e-02	0.00000000000000e+00	0.00000000000000e+00	0.00000000000000e+00	1.29480359818299e+01	0.00000000000000e+00	1.07375936341348e+03	0.00000000000000e+00	1
6	12	8	10	5.00000000000000e-02	0.00000000000000e+00	0.00000000000000e+00	0.00000000000000e+00	1.27839331200110e+01	0.00000000000000e+00	8.86619985366780e+02	0.00000000000000e+00	1
7	13	9	11	5.00000000000000e-02	0.00000000000000e+00	0.00000000000000e+00	0.00000000000000e+00	1.28772490414603e+01	0.00000000000000e+00	1.10545040606848e+03	0.00000000000000e+00	1
8	14	10	12	5.00000000000000e-02	0.00000000000000e+00	0.00000000000000e+00	0.00000000000000e+00	1.31135433876930e+01	0.00000000000000e+00	1.02535747432950e+03	0.00000000000000e+00	1
9	15	11	13	5.00000000000000e-02	0.00000000000000e+00	0.00000000000000e+00	0.00000000000000e+00	1.30413424092604e+01	0.00000000000000e+00	9.29917366785264e+02	0.00000000000000e+00	1
10	16	12	14	5.00000000000000e-02	0.00000000000000e+00	0.00000000000000e+00	0.00000000000000e+00	1.29221402557271e+01	0.00000000000000e+00	9.87111249221179e+02	0.00000000000000e+00	1
11	17	13	15	5.00000000000000e-02	0.00000000000000e+00	0.00000000000000e+00	0.00000000000000e+00	1.29610973622943e+01	0.00000000000000e+00	8.72847380261591e+02	0.00000000000000e+00	1
12	18	14	16	5.00000000000000e-02	0.00000000000000e+00	0.00000000000000e+00	0.00000000000000e+00	1.30111764759445e+01	0.00000000000000e+00	9.61259526162605e+02	0.00000000000000e+00	1
13	19	15	17	5.00000000000000e-02	0.00000000000000e+00	0.00000000000000e+00	0.00000000000000e+00	1.31205218455428e+01	0.00000000000000e+00	1.00581130150581e+03	0.00000000000000e+00	1
14	20	16	18	5.00000000000000e-02	0.00000000000000e+00	0.00000000000000e+00	0.00000000000000e+00	1.33599414418636e+01	0.00000000000000e+00	1.03029209036623e+03	0.00000000000000e+00	1
15	21	17	19	5.00000000000000e-02	0.00000000000000e+00	0.00000000000000e+00	0.00000000000000e+00	1.33436653768768e+01	0.00000000000000e+00	8.66344881853216e+02	0.00000000000000e+00	1
16	22	18	20	5.00000000000000e-02	0.00000000000000e+00	0.00000000000000e+00	0.00000000000000e+00	1.30789824635515e+01	0.00000000000000e+00	8.43568853543935e+02	0.00000000000000e+00	1
17	23	19	21	5.00000000000000e-02	0.00000000000000e+00	0.00000000000000e+00	0.00000000000000e+00	1.30494499866623e+01	0.00000000000000e+00	9.18564085427646e+02	0.00000000000000e+00	1
18	24	20	22	5.00000000000000e-02	0.00000000000000e+00	0.00000000000000e+00	0.00000000000000e+00	1.32351945865842e+01	0.00000000000000e+00	9.86521344168061e+02	0.00000000000000e+00	1
19	25	21	23	5.00000000000000e-02	0.00000000000000e+00	0.00000000000000e+00	0.00000000000000e+00	1.34012782899932e+01	0.00000000000000e+00	9.21614715597829e+02	0.00000000000000e+00	1
20	26	22	24	5.00000000000000e-02	0.00000000000000e+00	0.00000000000000e+00	0.00000000000000e+00	1.34820904702504e+01	0.00000000000000e+00	8.51818904229667e+02	0.00000000000000e+00	1
21	27	23	25	5.00000000000000e-02	0.00000000000000e+00	0.00000000000000e+00	0.00000000000000e+00	1.34850527700881e+01	0.00000000000000e+00	9.02234967900871e+02	0.00000000000000e+00	1
22	28	24	26	5.00000000000000e-02	0.00000000000000e+00	0.00000000000000e+00	0.00000000000000e+00	1.34473489381336e+01	0.00000000000000e+00	8.74564265328915e+02	0.00000000000000e+00	1
23	29	25	27	5.00000000000000e-02	0.00000000000000e+00	0.00000000000000e+00	0.00000000000000e+00	1.33292194513525e+01	0.00000000000000e+00	8.69796388797895e+02	0.00000000000000e+00	1
24	30	26	28	5.00000000000000e-02	0.00000000000000e+00	0.00000000000000e+00	0.00000000000000e+00	1.33846622083611e+01	0.00000000000000e+00	8.04239403578777e+02	0.00000000000000e+00	1
25	31	27	29	5.00000000000000e-02	0.00000000000000e+00	0.00000000000000e+00	0.00000000000000e+00	1.34760061280251e+01	0.00000000000000e+00	8.32008326304268e+02	0.00000000000000e+00	1
26	32	28	30	5.00000000000000e-02	0.00000000000000e+00	0.00000000000000e+00	0.00000000000000e+00	1.34454231098324e+01	0.00000000000000e+00	7.69611557509628e+02	0.00000000000000e+00	1
27	33	29	31	5.00000000000000e-02	0.00000000000000e+00	0.00000000000000e+00	0.00000000000000e+00	1.30399422414133e+01	0.00000000000000e+00	5.83999783625425e+02	0.00000000000000e+00	1
28	34	30	32	5.00000000000000e-02	0.00000000000000e+00	0.00000000000000e+00	0.00000000000000e+00	1.33607804096944e+01	0.00000000000000e+00	6.68994704103124e+02	0.00000000000000e+00	1
29	35	31	33	5.00000000000000e-02	0.00000000000000e+00	0.00000000000000e+00	0.00000000000000e+00	1.48281901621577e+01	0.00000000000000e+00	8.77158716824935e+02	0.00000000000000e+00	1
30	36	32	34	5.00000000000000e-02	0.00000000000000e+00	0.00000000000000e+00	0.00000000000000e+00	1.49293718220249e+01	0.00000000000000e+00	8.73669707882280e+02	0.00000000000000e+00	1
31	37	33	35	5.00000000000000e-02	0.00000000000000e+00	0.00000000000000e+00	0.00000000000000e+00	1.34221470464045e+01	0.00000000000000e+00	6.64888102503382e+02	0.00000000000000e+00	1
32	38	34	36	5.00000000000000e-02	0.00000000000000e+00	0.00000000000000e+00	0.00000000000000e+00	1.33167114816102e+01	0.00000000000000e+00	5.70118720314264e+02	0.00000000000000e+00	1
33	39	35	37	5.00000000000000e-02	0.00000000000000e+00	0.00000000000000e+00	0.00000000000000e+00	1.46842423587274e+01	0.00000000000000e+00	7.15020519434588e+02	0.00000000000000e+00	1
34	40	36	38	5.00000000000000e-02	0.00000000000000e+00	0.00000000000000e+00	0.00000000000000e+00	1.44871136715413e+01	0.00000000000000e+00	7.70702509275544e+02	0.00000000000000e+00	1
35	41	37	39	5.00000000000000e-02	0.00000000000000e+00	0.00000000000000e+00	0.00000000000000e+00	1.38672618261255e+01	0.00000000000000e+00	7.56887307429871e+02	0.00000000000000e+00	1
36	42	38	40	5.00000000000000e-02	0.00000000000000e+00	0.00000000000000e+00	0.00000000000000e+00	1.44570048346092e+01	0.00000000000000e+00	7.79599922566772e+02	0.00000000000000e+00	1
37	43	39	41	5.00000000000000e-02	0.00000000000000e+00	0.00000000000000e+00	0.00000000000000e+00	1.49359918530928e+01	0.00000000000000e+00	8.41555892645185e+02	0.00000000000000e+00	1
38	44	40	42	5.00000000000000e-02	0.00000000000000e+00	0.00000000000000e+00	0.00000000000000e+00	1.46138056879708e+01	0.00000000000000e+00	9.03802850102405e+02	0.00000000000000e+00	1
39	45	41	43	5.00000000000000e-02	0.00000000000000e+00	0.00000000000000e+00	0.00000000000000e+00	1.44262377430716e+01	0.00000000000000e+00	8.53204070271864e+02	0.00000000000000e+00	1
40	46	42	44	5.00000000000000e-02	0.00000000000000e+00	0.00000000000000e+00	0.00000000000000e+00	1.44440071620570e+01	0.00000000000000e+00	8.66505934660360e+02	0.00000000000000e+00	1
41	47	43	45	5.00000000000000e-02	0.00000000000000e+00	0.00000000000000e+00	0.00000000000000e+00	1.43664962638434e+01	0.00000000000000e+00	8.45961105091964e+02	0.00000000000000e+00	1
42	48	44	46	5.00000000000000e-02	0.00000000000000e+00	0.00000000000000e+00	0.00000000000000e+00	1.42951383813526e+01	0.00000000000000e+00	7.65883053202912e+02	0.00000000000000e+00	1
43	49	45	47	5.00000000000000e-02	0.00000000000000e+00	0.00000000000000e+00	0.00000000000000e+00	1.44474059073116e+01	0.00000000000000e+00	8.79430870540411e+02	0.00000000000000e+00	1
44	50	46	48	5.00000000000000e-02	0.00000000000000e+00	0.00000000000000e+00	0.00000000000000e+00	1.43100489965517e+01	0.00000000000000e+00	8.68961686902822e+02	0.00000000000000e+00	1
45	51	47	49	5.00000000000000e-02	0.00000000000000e+00	0.00000000000000e+00	0.00000000000000e+00	1.43804932517234e+01	0.00000000000000e+00	9.62646163745977e+02	0.00000000000000e+00	1
46	52	48	50	5.00000000000000e-02	0.00000000000000e+00	0.00000000000000e+00	0.00000000000000e+00	1.45521878202449e+01	0.00000000000000e+00	9.05929510618126e+02	0.00000000000000e+00	1
47	53	49	51	5.00000000000000e-02	0.00000000000000e+00	0.00000000000000e+00	0.00000000000000e+00	1.42269132823191e+01	0.00000000000000e+00	9.71024038345858e+02	0.00000000000000e+00	1
48	54	50	52	5.00000000000000e-02	0.00000000000000e+00	0.00000000000000e+00	0.00000000000000e+00	1.38208539860517e+01	0.00000000000000e+00	9.00566528623974e+02	0.00000000000000e+00	1
49	55	51	53	5.00000000000000e-02	0.00000000000000e+00	0.00000000000000e+00	0.00000000000000e+00	1.39362397365825e+01	0.00000000000000e+00	8.27665805567779e+02	0.00000000000000e+00	1
50	56	52	54	5.00000000000000e-02	0.00000000000000e+00	0.00000000000000e+00	0.00000000000000e+00	1.41665299481061e+01	0.00000000000000e+00	1.00150975930349e+03	0.00000000000000e+00	1
51	57	53	55	5.00000000000000e-02	0.00000000000000e+00	0.00000000000000e+00	0.00000000000000e+00	1.39506993839707e+01	0.00000000000000e+00	1.02182357969656e+03	0.00000000000000e+00	1
52	58	54	56	5.00000000000000e-02	0.00000000000000e+00	0.00000000000000e+00	0.00000000000000e+00	1.38171138557383e+01	0.00000000000000e+00	9.59778905305122e+02	0.00000000000000e+00	1
53	59	55	57	5.00000000000000e-02	0.00000000000000e+00	0.00000000000000e+00	0.00000000000000e+00	1.38389031767804e+01	0.00000000000000e+00	8.91741780059889e+02	0.00000000000000e+00	1
54	60	56	58	5.00000000000000e-02	0.00000000000000e+00	0.00000000000000e+00	0.00000000000000e+00	1.38858741325285e+01	0.00000000000000e+00	1.06935881817543e+03	0.00000000000000e+00	1
55	61	57	59	5.00000000000000e-02	0.00000000000000e+00	0.00000000000000e+00	0.00000000000000e+00	1.36639573498810e+01	0.00000000000000e+00	9.71895847936437e+02	0.00000000000000e+00	1
56	62	58	60	5.00000000000000e-02	0.00000000000000e+00	0.00000000000000e+00	0.00000000000000e+00	1.34017241179843e+01	0.00000000000000e+00	1.00338707593615e+03	0.00000000000000e+00	1
57	63	59	61	5.00000000000000e-02	0.00000000000000e+00	0.00000000000000e+00	0.00000000000000e+00	1.34897960151595e+01	0.00000000000000e+00	1.05912800755249e+03	0.00000000000000e+00	1
58	64	60	62	5.00000000000000e-02	0.00000000000000e+00	0.00000000000000e+00	0.00000000000000e+00	1.36744216810946e+01	0.00000000000000e+00	9.80935431110211e+02	0.00000000000000e+00	1
59	65	61	63	5.00000000000000e-02	0.00000000000000e+00	0.00000000000000e+00	0.00000000000000e+00	1.34510343694404e+01	0.00000000000000e+00	1.04783714004917e+03	0.00000000000000e+00	1
60	66	62	64	5.00000000000000e-02	0.00000000000000e+00	0.00000000000000e+00	0.00000000000000e+00	1.32509427183783e+01	0.00000000000000e+00	1.01860273987648e+03	0.00000000000000e+00	1
61	67	63	65	5.00000000000000e-02	0.00000000000000e+00	0.00000000000000e+00	0.00000000000000e+00	1.35501504135473e+01	0.00000000000000e+00	9.96902515947868e+02	0.00000000000000e+00	1
62	68	64	66	5.00000000000000e-02	0.00000000000000e+00	0.00000000000000e+00	0.00000000000000e+00	1.34699388925658e+01	0.00000000000000e+00	1.00854676982044e+03	0.00000000000000e+00	1
63	69	65	67	5.00000000000000e-02	0.00000000000000e+00	0.00000000000000e+00	0.00000000000000e+00	1.31935065021406e+01	0.00000000000000e+00	1.05823214571092e+03	0.00000000000000e+00	1
64	70	66	68	5.00000000000000e-02	0.00000000000000e+00	0.00000000000000e+00	0.00000000000000e+00	1.32291311164536e+01	0.00000000000000e+00	1.01945583414255e+03	0.00000000000000e+00	1
65	71	67	69	5.00000000000000e-02	0.00000000000000e+00	0.00000000000000e+00	0.00000000000000e+00	1.32165177070515e+01	0.00000000000000e+00	1.14750309757791e+03	0.00000000000000e+00	1
66	72	68	70	5.00000000000000e-02	0.00000000000000e+00	0.00000000000000e+00	0.00000000000000e+00	1.31188246746779e+01	0.00000000000000e+00	9.93619939464110e+02	0.00000000000000e+00	1
1	10	4	7	5.00000000000000e-02	0.00000000000000e+00	0.00000000000000e+00	0.00000000000000e+00	1.92560280443854e+01	0.00000000000000e+00	9.09385735143871e+02	0.00000000000000e+00	1
2	11	5	8	5.00000000000000e-02	0.00000000000000e+00	0.00000000000000e+00	0.00000000000000e+00	1.92999017050170e+01	0.00000000000000e+00	8.25794212990584e+02	0.00000000000000e+00	1
3	12	6	9	5.00000000000000e-02	0.00000000000000e+00	0.00000000000000e+00	0.00000000000000e+00	1.92441202402153e+01	0.00000000000000e+00	8.32407909519136e+02	0.00000000000000e+00	1
4	13	7	10	5.00000000000000e-02	0.00000000000000e+00	0.00000000000000e+00	0.00000000000000e+00	1.93245816885966e+01	0.00000000000000e+00	9.16204762248013e+02	0.00000000000000e+00	1
5	14	8	11	5.00000000000000e-02	0.00000000000000e+00	0.00000000000000e+00	0.00000000000000e+00	1.93623765218306e+01	0.00000000000000e+00	8.01101305648908e+02	0.00000000000000e+00	1
6	15	9	12	5.00000000000000e-02	0.00000000000000e+00	0.00000000000000e+00	0.00000000000000e+00	1.94883759072008e+01	0.00000000000000e+00	8.80366703761479e+02	0.00000000000000e+00	1
7	16	10	13	5.00000000000000e-02	0.00000000000000e+00	0.00000000000000e+00	0.00000000000000e+00	1.95721144672975e+01	0.00000000000000e+00	8.96331925558163e+02	0.00000000000000e+00	1
8	17	11	14	5.00000000000000e-02	0.00000000000000e+00	0.00000000000000e+00	0.00000000000000e+00	1.95094920854096e+01	0.00000000000000e+00	7.58062815403892e+02	0.00000000000000e+00	1
9	18	12	15	5.00000000000000e-02	0.00000000000000e+00	0.00000000000000e+00	0.00000000000000e+00	1.94134569481068e+01	0.00000000000000e+00	8.18823129731149e+02	0.00000000000000e+00	1
10	19	13	16	5.00000000000000e-02	0.00000000000000e+00	0.00000000000000e+00	0.00000000000000e+00	1.94353411740153e+01	0.00000000000000e+00	8.55902262693397e+02	0.00000000000000e+00	1
11	20	14	17	5.00000000000000e-02	0.00000000000000e+00	0.00000000000000e+00	0.00000000000000e+00	1.97299161763636e+01	0.00000000000000e+00	8.94780644786173e+02	0.00000000000000e+00	1
12	21	15	18	5.00000000000000e-02	0.00000000000000e+00	0.00000000000000e+00	0.00000000000000e+00	1.99957672185230e+01	0.00000000000000e+00	7.69895911926947e+02	0.00000000000000e+00	1
13	22	16	19	5.00000000000000e-02	0.00000000000000e+00	0.00000000000000e+00	0.00000000000000e+00	1.99937502029857e+01	0.00000000000000e+00	7.35070427242500e+02	0.00000000000000e+00	1
14	23	17	20	5.00000000000000e-02	0.00000000000000e+00	0.00000000000000e+00	0.00000000000000e+00	1.97145337029109e+01	0.00000000000000e+00	7.79510834016577e+02	0.00000000000000e+00	1
15	24	18	21	5.00000000000000e-02	0.00000000000000e+00	0.00000000000000e+00	0.00000000000000e+00	1.94654225633832e+01	0.00000000000000e+00	8.05045549902786e+02	0.00000000000000e+00	1
16	25	19	22	5.00000000000000e-02	0.00000000000000e+00	0.00000000000000e+00	0.00000000000000e+00	1.95426673397132e+01	0.00000000000000e+00	8.30821986511972e+02	0.00000000000000e+00	1
17	26	20	23	5.00000000000000e-02	0.00000000000000e+00	0.00000000000000e+00	0.00000000000000e+00	1.98665780352320e+01	0.00000000000000e+00	8.50971427563457e+02	0.00000000000000e+00	1
18	27	21	24	5.00000000000000e-02	0.00000000000000e+00	0.00000000000000e+00	0.00000000000000e+00	2.03677257588241e+01	0.00000000000000e+00	7.76430695695409e+02	0.00000000000000e+00	1
19	28	22	25	5.00000000000000e-02	0.00000000000000e+00	0.00000000000000e+00	0.00000000000000e+00	2.04978932769921e+01	0.00000000000000e+00	7.60977775736438e+02	0.00000000000000e+00	1
20	29	23	26	5.00000000000000e-02	0.00000000000000e+00	0.00000000000000e+00	0.00000000000000e+00	2.03388212083014e+01	0.00000000000000e+00	7.38051300223585e+02	0.00000000000000e+00	1
21	30	24	27	5.00000000000000e-02	0.00000000000000e+00	0.00000000000000e+00	0.00000000000000e+00	2.00770031141403e+01	0.00000000000000e+00	6.82659015675763e+02	0.00000000000000e+00	1
22	31	25	28	5.00000000000000e-02	0.00000000000000e+00	0.00000000000000e+00	0.00000000000000e+00	1.98317736707619e+01	0.00000000000000e+00	7.93855696383661e+02	0.00000000000000e+00	1
23	32	26	29	5.00000000000000e-02	0.00000000000000e+00	0.00000000000000e+00	0.00000000000000e+00	1.98448478210017e+01	0.00000000000000e+00	7.11304285372500e+02	0.00000000000000e+00	1
24	33	27	30	5.00000000000000e-02	0.00000000000000e+00	0.00000000000000e+00	0.00000000000000e+00	1.94691314592888e+01	0.00000000000000e+00	5.89543188687853e+02	0.00000000000000e+00	1
25	34	28	31	5.00000000000000e-02	0.00000000000000e+00	0.00000000000000e+00	0.00000000000000e+00	1.94502841006772e+01	0.00000000000000e+00	5.90283347522184e+02	0.00000000000000e+00	1
26	35	29	32	5.00000000000000e-02	0.00000000000000e+00	0.00000000000000e+00	0.00000000000000e+00	2.08821825795981e+01	0.00000000000000e+00	5.95542932878797e+02	0.00000000000000e+00	1
27	36	30	33	5.00000000000000e-02	0.00000000000000e+00	0.00000000000000e+00	0.00000000000000e+00	2.24336433272112e+01	0.00000000000000e+00	7.81627043303037e+02	0.00000000000000e+00	1
28	37	31	34	5.00000000000000e-02	0.00000000000000e+00	0.00000000000000e+00	0.00000000000000e+00	2.26755081305911e+01	0.00000000000000e+00	8.73911788979141e+02	0.00000000000000e+00	1
29	38	32	35	5.00000000000000e-02	0.00000000000000e+00	0.00000000000000e+00	0.00000000000000e+00	2.22109610728231e+01	0.00000000000000e+00	7.43082051662492e+02	0.00000000000000e+00	1
30	39	33	36	5.00000000000000e-02	0.00000000000000e+00	0.00000000000000e+00	0.00000000000000e+00	2.08876150463498e+01	0.00000000000000e+00	6.56693858721960e+02	0.00000000000000e+00	1
31	40	34	37	5.00000000000000e-02	0.00000000000000e+00	0.00000000000000e+00	0.00000000000000e+00	2.00526735853891e+01	0.00000000000000e+00	5.72187955190741e+02	0.00000000000000e+00	1
32	41	35	38	5.00000000000000e-02	0.00000000000000e+00	0.00000000000000e+00	0.00000000000000e+00	2.02265294215826e+01	0.00000000000000e+00	5.95783570568852e+02	0.00000000000000e+00	1
33	42	36	39	5.00000000000000e-02	0.00000000000000e+00	0.00000000000000e+00	0.00000000000000e+00	2.11207317573727e+01	0.00000000000000e+00	7.09936111175492e+02	0.00000000000000e+00	1
34	43	37	40	5.00000000000000e-02	0.00000000000000e+00	0.00000000000000e+00	0.00000000000000e+00	2.12880018594074e+01	0.00000000000000e+00	6.62941365845814e+02	0.00000000000000e+00	1
35	44	38	41	5.00000000000000e-02	0.00000000000000e+00	0.00000000000000e+00	0.00000000000000e+00	2.19208750632809e+01	0.00000000000000e+00	6.66944198968053e+02	0.00000000000000e+00	1
36	45	39	42	5.00000000000000e-02	0.00000000000000e+00	0.00000000000000e+00	0.00000000000000e+00	2.20771093247075e+01	0.00000000000000e+00	6.80302191100744e+02	0.00000000000000e+00	1
37	46	40	43	5.00000000000000e-02	0.00000000000000e+00	0.00000000000000e+00	0.00000000000000e+00	2.23170177767311e+01	0.00000000000000e+00	7.19020372216037e+02	0.00000000000000e+00	1
38	47	41	44	5.00000000000000e-02	0.00000000000000e+00	0.00000000000000e+00	0.00000000000000e+00	2.15592015670729e+01	0.00000000000000e+00	7.49133779829443e+02	0.00000000000000e+00	1
39	48	42	45	5.00000000000000e-02	0.00000000000000e+00	0.00000000000000e+00	0.00000000000000e+00	2.14016741318405e+01	0.00000000000000e+00	7.70030122499190e+02	0.00000000000000e+00	1
40	49	43	46	5.00000000000000e-02	0.00000000000000e+00	0.00000000000000e+00	0.00000000000000e+00	2.11897018906107e+01	0.00000000000000e+00	7.61700884849932e+02	0.00000000000000e+00	1
41	50	44	47	5.00000000000000e-02	0.00000000000000e+00	0.00000000000000e+00	0.00000000000000e+00	2.13124288952293e+01	0.00000000000000e+00	7.75960606055473e+02	0.00000000000000e+00	1
42	51	45	48	5.00000000000000e-02	0.00000000000000e+00	0.00000000000000e+00	0.00000000000000e+00	2.15769067114752e+01	0.00000000000000e+00	7.46151634913949e+02	0.00000000000000e+00	1
43	52	46	49	5.00000000000000e-02	0.00000000000000e+00	0.00000000000000e+00	0.00000000000000e+00	2.17665854464756e+01	0.00000000000000e+00	8.17639859836458e+02	0.00000000000000e+00	1
44	53	47	50	5.00000000000000e-02	0.00000000000000e+00	0.00000000000000e+00	0.00000000000000e+00	2.19414205946716e+01	0.00000000000000e+00	7.89147337206831e+02	0.00000000000000e+00	1
45	54	48	51	5.00000000000000e-02	0.00000000000000e+00	0.00000000000000e+00	0.00000000000000e+00	2.13902159429693e+01	0.00000000000000e+00	9.21962082215121e+02	0.00000000000000e+00	1
46	55	49	52	5.00000000000000e-02	0.00000000000000e+00	0.00000000000000e+00	0.00000000000000e+00	2.10918367145349e+01	0.00000000000000e+00	8.38825961723920e+02	0.00000000000000e+00	1
47	56	50	53	5.00000000000000e-02	0.00000000000000e+00	0.00000000000000e+00	0.00000000000000e+00	2.06594658316547e+01	0.00000000000000e+00	7.62376189099736e+02	0.00000000000000e+00	1
48	57	51	54	5.00000000000000e-02	0.00000000000000e+00	0.00000000000000e+00	0.00000000000000e+00	2.08031698706016e+01	0.00000000000000e+00	7.49395423753195e+02	0.00000000000000e+00	1
49	58	52	55	5.00000000000000e-02	0.00000000000000e+00	0.00000000000000e+00	0.00000000000000e+00	2.08898776946500e+01	0.00000000000000e+00	8.04311556835713e+02	0.00000000000000e+00	1
50	59	53	56	5.00000000000000e-02	0.00000000000000e+00	0.00000000000000e+00	0.00000000000000e+00	2.10552326859765e+01	0.00000000000000e+00	7.89924397503275e+02	0.00000000000000e+00	1
51	60	54	57	5.00000000000000e-02	0.00000000000000e+00	0.00000000000000e+00	0.00000000000000e+00	2.10779694941398e+01	0.00000000000000e+00	8.36774589473230e+02	0.00000000000000e+00	1
52	61	55	58	5.00000000000000e-02	0.00000000000000e+00	0.00000000000000e+00	0.00000000000000e+00	2.08336794112624e+01	0.00000000000000e+00	8.62368175798379e+02	0.00000000000000e+00	1
53	62	56	59	5.00000000000000e-02	0.00000000000000e+00	0.00000000000000e+00	0.00000000000000e+00	2.06548480467329e+01	0.00000000000000e+00	8.49693209599256e+02	0.00000000000000e+00	1
54	63	57	60	5.00000000000000e-02	0.00000000000000e+00	0.00000000000000e+00	0.00000000000000e+00	2.02305933849020e+01	0.00000000000000e+00	8.20032064220131e+02	0.00000000000000e+00	1
55	64	58	61	5.00000000000000e-02	0.00000000000000e+00	0.00000000000000e+00	0.00000000000000e+00	2.02130634104749e+01	0.00000000000000e+00	7.65791013037664e+02	0.00000000000000e+00	1
56	65	59	62	5.00000000000000e-02	0.00000000000000e+00	0.00000000000000e+00	0.00000000000000e+00	2.00767693735935e+01	0.00000000000000e+00	8.16707537025155e+02	0.00000000000000e+00	1
57	66	60	63	5.00000000000000e-02	0.00000000000000e+00	0.00000000000000e+00	0.00000000000000e+00	2.02678487997867e+01	0.00000000000000e+00	8.46665175536880e+02	0.00000000000000e+00	1
58	67	61	64	5.00000000000000e-02	0.00000000000000e+00	0.00000000000000e+00	0.00000000000000e+00	2.02790474479525e+01	0.00000000000000e+00	8.56658061696273e+02	0.00000000000000e+00	1
59	68	62	65	5.00000000000000e-02	0.00000000000000e+00	0.00000000000000e+00	0.00000000000000e+00	2.02891499563921e+01	0.00000000000000e+00	7.86288407205369e+02	0.00000000000000e+00	1
60	69	63	66	5.00000000000000e-02	0.00000000000000e+00	0.00000000000000e+00	0.00000000000000e+00	2.03007956832204e+01	0.00000000000000e+00	8.65667695016540e+02	0.00000000000000e+00	1
61	70	64	67	5.00000000000000e-02	0.00000000000000e+00	0.00000000000000e+00	0.00000000000000e+00	2.00289527945816e+01	0.00000000000000e+00	8.94219716556163e+02	0.00000000000000e+00	1
62	71	65	68	5.00000000000000e-02	0.00000000000000e+00	0.00000000000000e+00	0.00000000000000e+00	1.98692463867300e+01	0.00000000000000e+00	8.61217175868366e+02	0.00000000000000e+00	1
63	72	66	69	5.00000000000000e-02	0.00000000000000e+00	0.00000000000000e+00	0.00000000000000e+00	1.95622260392552e+01	0.00000000000000e+00	8.82524248781727e+02	0.00000000000000e+00	1
1	13	5	9	5.00000000000000e-02	0.00000000000000e+00	0.00000000000000e+00	0.00000000000000e+00	2.57028848649433e+01	0.00000000000000e+00	7.57616852480170e+02	0.00000000000000e+00	1
2	14	6	10	5.00000000000000e-02	0.00000000000000e+00	0.00000000000000e+00	0.00000000000000e+00	2.57146714928172e+01	0.00000000000000e+00	7.37732990477025e+02	0.00000000000000e+00	1
3	15	7	11	5.00000000000000e-02	0.00000000000000e+00	0.00000000000000e+00	0.00000000000000e+00	2.58401273268866e+01	0.00000000000000e+00	8.01936047636596e+02	0.00000000000000e+00	1
4	16	8	12	5.00000000000000e-02	0.00000000000000e+00	0.00000000000000e+00	0.00000000000000e+00	2.59170254053848e+01	0.00000000000000e+00	8.03224115197173e+02	0.00000000000000e+00	1
5	17	9	13	5.00000000000000e-02	0.00000000000000e+00	0.00000000000000e+00	0.00000000000000e+00	2.60241817048367e+01	0.00000000000000e+00	8.17300129765902e+02	0.00000000000000e+00	1
6	18	10	14	5.00000000000000e-02	0.00000000000000e+00	0.00000000000000e+00	0.00000000000000e+00	2.59616682016699e+01	0.00000000000000e+00	8.03928586674312e+02	0.00000000000000e+00	1
7	19	11	15	5.00000000000000e-02	0.00000000000000e+00	0.00000000000000e+00	0.00000000000000e+00	2.59985242328781e+01	0.00000000000000e+00	7.16152036318873e+02	0.00000000000000e+00	1
8	20	12	16	5.00000000000000e-02	0.00000000000000e+00	0.00000000000000e+00	0.00000000000000e+00	2.61285619347479e+01	0.00000000000000e+00	7.30573304792742e+02	0.00000000000000e+00	1
9	21	13	17	5.00000000000000e-02	0.00000000000000e+00	0.00000000000000e+00	0.00000000000000e+00	2.62472302732766e+01	0.00000000000000e+00	7.77014828762684e+02	0.00000000000000e+00	1
10	22	14	18	5.00000000000000e-02	0.00000000000000e+00	0.00000000000000e+00	0.00000000000000e+00	2.64960129278957e+01	0.00000000000000e+00	7.67513469851464e+02	0.00000000000000e+00	1
11	23	15	19	5.00000000000000e-02	0.00000000000000e+00	0.00000000000000e+00	0.00000000000000e+00	2.64136170690196e+01	0.00000000000000e+00	7.46257732024046e+02	0.00000000000000e+00	1
12	24	16	20	5.00000000000000e-02	0.00000000000000e+00	0.00000000000000e+00	0.00000000000000e+00	2.62814188440693e+01	0.00000000000000e+00	8.57576547578257e+02	0.00000000000000e+00	1
13	25	17	21	5.00000000000000e-02	0.00000000000000e+00	0.00000000000000e+00	0.00000000000000e+00	2.61675640125067e+01	0.00000000000000e+00	7.36809367752571e+02	0.00000000000000e+00	1
14	26	18	22	5.00000000000000e-02	0.00000000000000e+00	0.00000000000000e+00	0.00000000000000e+00	2.60458221096877e+01	0.00000000000000e+00	7.79038782625198e+02	0.00000000000000e+00	1
15	27	19	23	5.00000000000000e-02	0.00000000000000e+00	0.00000000000000e+00	0.00000000000000e+00	2.63785534565654e+01	0.00000000000000e+00	7.87224018589504e+02	0.00000000000000e+00	1
16	28	20	24	5.00000000000000e-02	0.00000000000000e+00	0.00000000000000e+00	0.00000000000000e+00	2.68090885347219e+01	0.00000000000000e+00	7.65849039211026e+02	0.00000000000000e+00	1
17	29	21	25	5.00000000000000e-02	0.00000000000000e+00	0.00000000000000e+00	0.00000000000000e+00	2.70781984642953e+01	0.00000000000000e+00	7.04540987132995e+02	0.00000000000000e+00	1
18	30	22	26	5.00000000000000e-02	0.00000000000000e+00	0.00000000000000e+00	0.00000000000000e+00	2.73252347643802e+01	0.00000000000000e+00	7.03424143909048e+02	0.00000000000000e+00	1
19	31	23	27	5.00000000000000e-02	0.00000000000000e+00	0.00000000000000e+00	0.00000000000000e+00	2.69366879067866e+01	0.00000000000000e+00	6.18233131356471e+02	0.00000000000000e+00	1
20	32	24	28	5.00000000000000e-02	0.00000000000000e+00	0.00000000000000e+00	0.00000000000000e+00	2.65479455038194e+01	0.00000000000000e+00	6.06456091605842e+02	0.00000000000000e+00	1
21	33	25	29	5.00000000000000e-02	0.00000000000000e+00	0.00000000000000e+00	0.00000000000000e+00	2.58912390671388e+01	0.00000000000000e+00	5.52116053341389e+02	0.00000000000000e+00	1
22	34	26	30	5.00000000000000e-02	0.00000000000000e+00	0.00000000000000e+00	0.00000000000000e+00	2.53156274790148e+01	0.00000000000000e+00	5.46072993704928e+02	0.00000000000000e+00	1
23	35	27	31	5.00000000000000e-02	0.00000000000000e+00	0.00000000000000e+00	0.00000000000000e+00	2.61411072499049e+01	0.00000000000000e+00	6.16873826061715e+02	0.00000000000000e+00	1
24	36	28	32	5.00000000000000e-02	0.00000000000000e+00	0.00000000000000e+00	0.00000000000000e+00	2.80631009775643e+01	0.00000000000000e+00	5.52571758098945e+02	0.00000000000000e+00	1
25	37	29	33	5.00000000000000e-02	0.00000000000000e+00	0.00000000000000e+00	0.00000000000000e+00	2.97236569265151e+01	0.00000000000000e+00	7.43900776924302e+02	0.00000000000000e+00	1
26	38	30	34	5.00000000000000e-02	0.00000000000000e+00	0.00000000000000e+00	0.00000000000000e+00	3.09954875425400e+01	0.00000000000000e+00	7.12742588241039e+02	0.00000000000000e+00	1
27	39	31	35	5.00000000000000e-02	0.00000000000000e+00	0.00000000000000e+00	0.00000000000000e+00	3.02524626264175e+01	0.00000000000000e+00	7.57629492517045e+02	0.00000000000000e+00	1
28	40	32	36	5.00000000000000e-02	0.00000000000000e+00	0.00000000000000e+00	0.00000000000000e+00	2.96978196528464e+01	0.00000000000000e+00	7.69009980412254e+02	0.00000000000000e+00	1
29	41	33	37	5.00000000000000e-02	0.00000000000000e+00	0.00000000000000e+00	0.00000000000000e+00	2.81846713761678e+01	0.00000000000000e+00	6.10903645612333e+02	0.00000000000000e+00	1
30	42	34	38	5.00000000000000e-02	0.00000000000000e+00	0.00000000000000e+00	0.00000000000000e+00	2.63915636518652e+01	0.00000000000000e+00	5.09527006149531e+02	0.00000000000000e+00	1
31	43	35	39	5.00000000000000e-02	0.00000000000000e+00	0.00000000000000e+00	0.00000000000000e+00	2.62867312444853e+01	0.00000000000000e+00	4.86708488188078e+02	0.00000000000000e+00	1
32	44	36	40	5.00000000000000e-02	0.00000000000000e+00	0.00000000000000e+00	0.00000000000000e+00	2.72409234949038e+01	0.00000000000000e+00	5.45463588713126e+02	0.00000000000000e+00	1
33	45	37	41	5.00000000000000e-02	0.00000000000000e+00	0.00000000000000e+00	0.00000000000000e+00	2.85600690528140e+01	0.00000000000000e+00	5.78468251932792e+02	0.00000000000000e+00	1
34	46	38	42	5.00000000000000e-02	0.00000000000000e+00	0.00000000000000e+00	0.00000000000000e+00	2.93857941478066e+01	0.00000000000000e+00	6.43743204840593e+02	0.00000000000000e+00	1
35	47	39	43	5.00000000000000e-02	0.00000000000000e+00	0.00000000000000e+00	0.00000000000000e+00	2.91900534486043e+01	0.00000000000000e+00	6.68302159260822e+02	0.00000000000000e+00	1
36	48	40	44	5.00000000000000e-02	0.00000000000000e+00	0.00000000000000e+00	0.00000000000000e+00	2.92112778257479e+01	0.00000000000000e+00	6.66774247347260e+02	0.00000000000000e+00	1
37	49	41	45	5.00000000000000e-02	0.00000000000000e+00	0.00000000000000e+00	0.00000000000000e+00	2.86752639526511e+01	0.00000000000000e+00	7.69501564640101e+02	0.00000000000000e+00	1
38	50	42	46	5.00000000000000e-02	0.00000000000000e+00	0.00000000000000e+00	0.00000000000000e+00	2.82819711218758e+01	0.00000000000000e+00	7.17668952588933e+02	0.00000000000000e+00	1
39	51	43	47	5.00000000000000e-02	0.00000000000000e+00	0.00000000000000e+00	0.00000000000000e+00	2.83265741668811e+01	0.00000000000000e+00	6.15329463772539e+02	0.00000000000000e+00	1
40	52	44	48	5.00000000000000e-02	0.00000000000000e+00	0.00000000000000e+00	0.00000000000000e+00	2.84109100732773e+01	0.00000000000000e+00	6.91202847412804e+02	0.00000000000000e+00	1
41	53	45	49	5.00000000000000e-02	0.00000000000000e+00	0.00000000000000e+00	0.00000000000000e+00	2.89377280608497e+01	0.00000000000000e+00	6.82502701596066e+02	0.00000000000000e+00	1
42	54	46	50	5.00000000000000e-02	0.00000000000000e+00	0.00000000000000e+00	0.00000000000000e+00	2.89950321794595e+01	0.00000000000000e+00	7.54720034313498e+02	0.00000000000000e+00	1
43	55	47	51	5.00000000000000e-02	0.00000000000000e+00	0.00000000000000e+00	0.00000000000000e+00	2.86879314766294e+01	0.00000000000000e+00	7.16744386841924e+02	0.00000000000000e+00	1
44	56	48	52	5.00000000000000e-02	0.00000000000000e+00	0.00000000000000e+00	0.00000000000000e+00	2.83845681863078e+01	0.00000000000000e+00	7.50740410970914e+02	0.00000000000000e+00	1
45	57	49	53	5.00000000000000e-02	0.00000000000000e+00	0.00000000000000e+00	0.00000000000000e+00	2.78229318600363e+01	0.00000000000000e+00	7.66795877597185e+02	0.00000000000000e+00	1
46	58	50	54	5.00000000000000e-02	0.00000000000000e+00	0.00000000000000e+00	0.00000000000000e+00	2.76351700404992e+01	0.00000000000000e+00	7.62963141131432e+02	0.00000000000000e+00	1
47	59	51	55	5.00000000000000e-02	0.00000000000000e+00	0.00000000000000e+00	0.00000000000000e+00	2.76984590901760e+01	0.00000000000000e+00	6.76200339916923e+02	0.00000000000000e+00	1
48	60	52	56	5.00000000000000e-02	0.00000000000000e+00	0.00000000000000e+00	0.00000000000000e+00	2.79169076184956e+01	0.00000000000000e+00	7.05957501616582e+02	0.00000000000000e+00	1
49	61	53	57	5.00000000000000e-02	0.00000000000000e+00	0.00000000000000e+00	0.00000000000000e+00	2.81421099332129e+01	0.00000000000000e+00	7.26027571614694e+02	0.00000000000000e+00	1
50	62	54	58	5.00000000000000e-02	0.00000000000000e+00	0.00000000000000e+00	0.00000000000000e+00	2.79307068819191e+01	0.00000000000000e+00	7.32921015563721e+02	0.00000000000000e+00	1
51	63	55	59	5.00000000000000e-02	0.00000000000000e+00	0.00000000000000e+00	0.00000000000000e+00	2.78266844757682e+01	0.00000000000000e+00	8.52575365818740e+02	0.00000000000000e+00	1
52	64	56	60	5.00000000000000e-02	0.00000000000000e+00	0.00000000000000e+00	0.00000000000000e+00	2.72797490158162e+01	0.00000000000000e+00	8.09043120472615e+02	0.00000000000000e+00	1
53	65	57	61	5.00000000000000e-02	0.00000000000000e+00	0.00000000000000e+00	0.00000000000000e+00	2.69080041947158e+01	0.00000000000000e+00	7.24684328258625e+02	0.00000000000000e+00	1
54	66	58	62	5.00000000000000e-02	0.00000000000000e+00	0.00000000000000e+00	0.00000000000000e+00	2.69577880560303e+01	0.00000000000000e+00	7.95500920151273e+02	0.00000000000000e+00	1
55	67	59	63	5.00000000000000e-02	0.00000000000000e+00	0.00000000000000e+00	0.00000000000000e+00	2.67983906799834e+01	0.00000000000000e+00	8.27618792550383e+02	0.00000000000000e+00	1
56	68	60	64	5.00000000000000e-02	0.00000000000000e+00	0.00000000000000e+00	0.00000000000000e+00	2.70484955530994e+01	0.00000000000000e+00	7.78790750381810e+02	0.00000000000000e+00	1
57	69	61	65	5.00000000000000e-02	0.00000000000000e+00	0.00000000000000e+00	0.00000000000000e+00	2.72279353378461e+01	0.00000000000000e+00	6.98975039035571e+02	0.00000000000000e+00	1
58	70	62	66	5.00000000000000e-02	0.00000000000000e+00	0.00000000000000e+00	0.00000000000000e+00	2.70973799228804e+01	0.00000000000000e+00	7.73113939869712e+02	0.00000000000000e+00	1
59	71	63	67	5.00000000000000e-02	0.00000000000000e+00	0.00000000000000e+00	0.00000000000000e+00	2.68982438249641e+01	0.00000000000000e+00	8.52912049248375e+02	0.00000000000000e+00	1
60	72	64	68	5.00000000000000e-02	0.00000000000000e+00	0.00000000000000e+00	0.00000000000000e+00	2.66020884586985e+01	0.00000000000000e+00	7.80156655777797e+02	0.00000000000000e+00	1
1	16	6	11	5.00000000000000e-02	0.00000000000000e+00	0.00000000000000e+00	0.00000000000000e+00	3.23151139124719e+01	0.00000000000000e+00	7.47581275569041e+02	0.00000000000000e+00	1
2	17	7	12	5.00000000000000e-02	0.00000000000000e+00	0.00000000000000e+00	0.00000000000000e+00	3.24066935545748e+01	0.00000000000000e+00	7.48892043163451e+02	0.00000000000000e+00	1
3	18	8	13	5.00000000000000e-02	0.00000000000000e+00	0.00000000000000e+00	0.00000000000000e+00	3.23151300515718e+01	0.00000000000000e+00	6.88552000358399e+02	0.00000000000000e+00	1
4	19	9	14	5.00000000000000e-02	0.00000000000000e+00	0.00000000000000e+00	0.00000000000000e+00	3.24636969984056e+01	0.00000000000000e+00	7.43575449477777e+02	0.00000000000000e+00	1
5	20	10	15	5.00000000000000e-02	0.00000000000000e+00	0.00000000000000e+00	0.00000000000000e+00	3.26992365599403e+01	0.00000000000000e+00	6.10650001858142e+02	0.00000000000000e+00	1
6	21	11	16	5.00000000000000e-02	0.00000000000000e+00	0.00000000000000e+00	0.00000000000000e+00	3.27410887367641e+01	0.00000000000000e+00	6.74465711694469e+02	0.00000000000000e+00	1
7	22	12	17	5.00000000000000e-02	0.00000000000000e+00	0.00000000000000e+00	0.00000000000000e+00	3.27810136785138e+01	0.00000000000000e+00	7.02777921999183e+02	0.00000000000000e+00	1
8	23	13	18	5.00000000000000e-02	0.00000000000000e+00	0.00000000000000e+00	0.00000000000000e+00	3.29671109458200e+01	0.00000000000000e+00	6.56663379543844e+02	0.00000000000000e+00	1
9	24	14	19	5.00000000000000e-02	0.00000000000000e+00	0.00000000000000e+00	0.00000000000000e+00	3.28961587629907e+01	0.00000000000000e+00	7.31144247734549e+02	0.00000000000000e+00	1
10	25	15	20	5.00000000000000e-02	0.00000000000000e+00	0.00000000000000e+00	0.00000000000000e+00	3.27232481477511e+01	0.00000000000000e+00	6.31986694526353e+02	0.00000000000000e+00	1
11	26	16	21	5.00000000000000e-02	0.00000000000000e+00	0.00000000000000e+00	0.00000000000000e+00	3.27340747146443e+01	0.00000000000000e+00	6.74502953637395e+02	0.00000000000000e+00	1
12	27	17	22	5.00000000000000e-02	0.00000000000000e+00	0.00000000000000e+00	0.00000000000000e+00	3.28617410996289e+01	0.00000000000000e+00	6.91812249269363e+02	0.00000000000000e+00	1
13	28	18	23	5.00000000000000e-02	0.00000000000000e+00	0.00000000000000e+00	0.00000000000000e+00	3.29859791817592e+01	0.00000000000000e+00	7.31313208724686e+02	0.00000000000000e+00	1
14	29	19	24	5.00000000000000e-02	0.00000000000000e+00	0.00000000000000e+00	0.00000000000000e+00	3.32448089397779e+01	0.00000000000000e+00	6.32640052315323e+02	0.00000000000000e+00	1
15	30	20	25	5.00000000000000e-02	0.00000000000000e+00	0.00000000000000e+00	0.00000000000000e+00	3.36156072221063e+01	0.00000000000000e+00	7.08225343911399e+02	0.00000000000000e+00	1
16	31	21	26	5.00000000000000e-02	0.00000000000000e+00	0.00000000000000e+00	0.00000000000000e+00	3.36768273571314e+01	0.00000000000000e+00	6.43703504807127e+02	0.00000000000000e+00	1
17	32	22	27	5.00000000000000e-02	0.00000000000000e+00	0.00000000000000e+00	0.00000000000000e+00	3.35627510712475e+01	0.00000000000000e+00	5.69836162743878e+02	0.00000000000000e+00	1
18	33	23	28	5.00000000000000e-02	0.00000000000000e+00	0.00000000000000e+00	0.00000000000000e+00	3.28636634015407e+01	0.00000000000000e+00	5.46232285703892e+02	0.00000000000000e+00	1
19	34	24	29	5.00000000000000e-02	0.00000000000000e+00	0.00000000000000e+00	0.00000000000000e+00	3.19752952852223e+01	0.00000000000000e+00	5.01226227680033e+02	0.00000000000000e+00	1
20	35	25	30	5.00000000000000e-02	0.00000000000000e+00	0.00000000000000e+00	0.00000000000000e+00	3.19225412121335e+01	0.00000000000000e+00	4.78822097459506e+02	0.00000000000000e+00	1
21	36	26	31	5.00000000000000e-02	0.00000000000000e+00	0.00000000000000e+00	0.00000000000000e+00	3.29522898787362e+01	0.00000000000000e+00	5.22646602739347e+02	0.00000000000000e+00	1
22	37	27	32	5.00000000000000e-02	0.00000000000000e+00	0.00000000000000e+00	0.00000000000000e+00	3.49844849310260e+01	0.00000000000000e+00	5.82906608973443e+02	0.00000000000000e+00	1
23	38	28	33	5.00000000000000e-02	0.00000000000000e+00	0.00000000000000e+00	0.00000000000000e+00	3.73116648808571e+01	0.00000000000000e+00	6.98102107058937e+02	0.00000000000000e+00	1
24	39	29	34	5.00000000000000e-02	0.00000000000000e+00	0.00000000000000e+00	0.00000000000000e+00	3.83192908737956e+01	0.00000000000000e+00	7.73455260938659e+02	0.00000000000000e+00	1
25	40	30	35	5.00000000000000e-02	0.00000000000000e+00	0.00000000000000e+00	0.00000000000000e+00	3.82126185680985e+01	0.00000000000000e+00	8.18351396784438e+02	0.00000000000000e+00	1
26	41	31	36	5.00000000000000e-02	0.00000000000000e+00	0.00000000000000e+00	0.00000000000000e+00	3.76785044641614e+01	0.00000000000000e+00	7.01686390892917e+02	0.00000000000000e+00	1
27	42	32	37	5.00000000000000e-02	0.00000000000000e+00	0.00000000000000e+00	0.00000000000000e+00	3.70994427722766e+01	0.00000000000000e+00	7.69610424182601e+02	0.00000000000000e+00	1
28	43	33	38	5.00000000000000e-02	0.00000000000000e+00	0.00000000000000e+00	0.00000000000000e+00	3.50633635169322e+01	0.00000000000000e+00	5.27716012604708e+02	0.00000000000000e+00	1
29	44	34	39	5.00000000000000e-02	0.00000000000000e+00	0.00000000000000e+00	0.00000000000000e+00	3.34610761212575e+01	0.00000000000000e+00	5.10436994105879e+02	0.00000000000000e+00	1
30	45	35	40	5.00000000000000e-02	0.00000000000000e+00	0.00000000000000e+00	0.00000000000000e+00	3.28448366656913e+01	0.00000000000000e+00	4.97038773184019e+02	0.00000000000000e+00	1
31	46	36	41	5.00000000000000e-02	0.00000000000000e+00	0.00000000000000e+00	0.00000000000000e+00	3.34877761020510e+01	0.00000000000000e+00	4.95511354476378e+02	0.00000000000000e+00	1
32	47	37	42	5.00000000000000e-02	0.00000000000000e+00	0.00000000000000e+00	0.00000000000000e+00	3.45202818677069e+01	0.00000000000000e+00	5.02413829513857e+02	0.00000000000000e+00	1
33	48	38	43	5.00000000000000e-02	0.00000000000000e+00	0.00000000000000e+00	0.00000000000000e+00	3.60775231082409e+01	0.00000000000000e+00	5.79128858168368e+02	0.00000000000000e+00	1
34	49	39	44	5.00000000000000e-02	0.00000000000000e+00	0.00000000000000e+00	0.00000000000000e+00	3.63497521066728e+01	0.00000000000000e+00	6.11126178636590e+02	0.00000000000000e+00	1
35	50	40	45	5.00000000000000e-02	0.00000000000000e+00	0.00000000000000e+00	0.00000000000000e+00	3.57649904381918e+01	0.00000000000000e+00	6.18226824215412e+02	0.00000000000000e+00	1
36	51	41	46	5.00000000000000e-02	0.00000000000000e+00	0.00000000000000e+00	0.00000000000000e+00	3.55786088303970e+01	0.00000000000000e+00	6.67493397881568e+02	0.00000000000000e+00	1
37	52	42	47	5.00000000000000e-02	0.00000000000000e+00	0.00000000000000e+00	0.00000000000000e+00	3.58059530110948e+01	0.00000000000000e+00	6.69282109135697e+02	0.00000000000000e+00	1
38	53	43	48	5.00000000000000e-02	0.00000000000000e+00	0.00000000000000e+00	0.00000000000000e+00	3.55177344667755e+01	0.00000000000000e+00	6.37529247298585e+02	0.00000000000000e+00	1
39	54	44	49	5.00000000000000e-02	0.00000000000000e+00	0.00000000000000e+00	0.00000000000000e+00	3.55454468073582e+01	0.00000000000000e+00	6.89724094220250e+02	0.00000000000000e+00	1
40	55	45	50	5.00000000000000e-02	0.00000000000000e+00	0.00000000000000e+00	0.00000000000000e+00	3.58660265546753e+01	0.00000000000000e+00	6.92019844447937e+02	0.00000000000000e+00	1
41	56	46	51	5.00000000000000e-02	0.00000000000000e+00	0.00000000000000e+00	0.00000000000000e+00	3.57482089358486e+01	0.00000000000000e+00	7.33938053600766e+02	0.00000000000000e+00	1
42	57	47	52	5.00000000000000e-02	0.00000000000000e+00	0.00000000000000e+00	0.00000000000000e+00	3.53565193149864e+01	0.00000000000000e+00	7.25566600182821e+02	0.00000000000000e+00	1
43	58	48	53	5.00000000000000e-02	0.00000000000000e+00	0.00000000000000e+00	0.00000000000000e+00	3.51710669836222e+01	0.00000000000000e+00	6.70825757281834e+02	0.00000000000000e+00	1
44	59	49	54	5.00000000000000e-02	0.00000000000000e+00	0.00000000000000e+00	0.00000000000000e+00	3.49650770919650e+01	0.00000000000000e+00	6.84622780130390e+02	0.00000000000000e+00	1
45	60	50	55	5.00000000000000e-02	0.00000000000000e+00	0.00000000000000e+00	0.00000000000000e+00	3.46821914909237e+01	0.00000000000000e+00	7.16311402411845e+02	0.00000000000000e+00	1
46	61	51	56	5.00000000000000e-02	0.00000000000000e+00	0.00000000000000e+00	0.00000000000000e+00	3.47743082782608e+01	0.00000000000000e+00	7.09639472198153e+02	0.00000000000000e+00	1
47	62	52	57	5.00000000000000e-02	0.00000000000000e+00	0.00000000000000e+00	0.00000000000000e+00	3.48983060385151e+01	0.00000000000000e+00	6.93432232164495e+02	0.00000000000000e+00	1
48	63	53	58	5.00000000000000e-02	0.00000000000000e+00	0.00000000000000e+00	0.00000000000000e+00	3.48947601237151e+01	0.00000000000000e+00	7.21955588410232e+02	0.00000000000000e+00	1
49	64	54	59	5.00000000000000e-02	0.00000000000000e+00	0.00000000000000e+00	0.00000000000000e+00	3.47351326207017e+01	0.00000000000000e+00	7.74192070698607e+02	0.00000000000000e+00	1
50	65	55	60	5.00000000000000e-02	0.00000000000000e+00	0.00000000000000e+00	0.00000000000000e+00	3.43924915216931e+01	0.00000000000000e+00	7.14267918032224e+02	0.00000000000000e+00	1
51	66	56	61	5.00000000000000e-02	0.00000000000000e+00	0.00000000000000e+00	0.00000000000000e+00	3.41102633362288e+01	0.00000000000000e+00	7.50969265572266e+02	0.00000000000000e+00	1
52	67	57	62	5.00000000000000e-02	0.00000000000000e+00	0.00000000000000e+00	0.00000000000000e+00	3.39097915121951e+01	0.00000000000000e+00	7.27144619111970e+02	0.00000000000000e+00	1
53	68	58	63	5.00000000000000e-02	0.00000000000000e+00	0.00000000000000e+00	0.00000000000000e+00	3.36723968912990e+01	0.00000000000000e+00	7.05248495949637e+02	0.00000000000000e+00	1
54	69	59	64	5.00000000000000e-02	0.00000000000000e+00	0.00000000000000e+00	0.00000000000000e+00	3.37181204531117e+01	0.00000000000000e+00	7.43646993435327e+02	0.00000000000000e+00	1
55	70	60	65	5.00000000000000e-02	0.00000000000000e+00	0.00000000000000e+00	0.00000000000000e+00	3.39978716753635e+01	0.00000000000000e+00	7.54494889803479e+02	0.00000000000000e+00	1
56	71	61	66	5.00000000000000e-02	0.00000000000000e+00	0.00000000000000e+00	0.00000000000000e+00	3.38231694412740e+01	0.00000000000000e+00	7.79878346142735e+02	0.00000000000000e+00	1
57	72	62	67	5.00000000000000e-02	0.00000000000000e+00	0.00000000000000e+00	0.00000000000000e+00	3.35599585086882e+01	0.00000000000000e+00	7.84293651191732e+02	0.00000000000000e+00	1
1	19	7	13	5.00000000000000e-02	0.00000000000000e+00	0.00000000000000e+00	0.00000000000000e+00	3.89970622239558e+01	0.00000000000000e+00	6.91222750199212e+02	0.00000000000000e+00	1
2	20	8	14	5.00000000000000e-02	0.00000000000000e+00	0.00000000000000e+00	0.00000000000000e+00	3.89405485789793e+01	0.00000000000000e+00	7.12370424168546e+02	0.00000000000000e+00	1
3	21	9	15	5.00000000000000e-02	0.00000000000000e+00	0.00000000000000e+00	0.00000000000000e+00	3.91632686780138e+01	0.00000000000000e+00	6.90608291416775e+02	0.00000000000000e+00	1
4	22	10	16	5.00000000000000e-02	0.00000000000000e+00	0.00000000000000e+00	0.00000000000000e+00	3.93335545150111e+01	0.00000000000000e+00	6.94394131488677e+02	0.00000000000000e+00	1
5	23	11	17	5.00000000000000e-02	0.00000000000000e+00	0.00000000000000e+00	0.00000000000000e+00	3.93554365159600e+01	0.00000000000000e+00	6.71916815173057e+02	0.00000000000000e+00	1
6	24	12	18	5.00000000000000e-02	0.00000000000000e+00	0.00000000000000e+00	0.00000000000000e+00	3.94091451415395e+01	0.00000000000000e+00	6.64215060574686e+02	0.00000000000000e+00	1
7	25	13	19	5.00000000000000e-02	0.00000000000000e+00	0.00000000000000e+00	0.00000000000000e+00	3.93216896868679e+01	0.00000000000000e+00	6.77352566627593e+02	0.00000000000000e+00	1
8	26	14	20	5.00000000000000e-02	0.00000000000000e+00	0.00000000000000e+00	0.00000000000000e+00	3.93743575535519e+01	0.00000000000000e+00	6.24390087310343e+02	0.00000000000000e+00	1
9	27	15	21	5.00000000000000e-02	0.00000000000000e+00	0.00000000000000e+00	0.00000000000000e+00	3.93548581452531e+01	0.00000000000000e+00	7.16541845080517e+02	0.00000000000000e+00	1
10	28	16	22	5.00000000000000e-02	0.00000000000000e+00	0.00000000000000e+00	0.00000000000000e+00	3.94772115674388e+01	0.00000000000000e+00	6.22627338327860e+02	0.00000000000000e+00	1
11	29	17	23	5.00000000000000e-02	0.00000000000000e+00	0.00000000000000e+00	0.00000000000000e+00	3.96425410819661e+01	0.00000000000000e+00	6.00092012670347e+02	0.00000000000000e+00	1
12	30	18	24	5.00000000000000e-02	0.00000000000000e+00	0.00000000000000e+00	0.00000000000000e+00	3.98534922852017e+01	0.00000000000000e+00	6.69099933923182e+02	0.00000000000000e+00	1
13	31	19	25	5.00000000000000e-02	0.00000000000000e+00	0.00000000000000e+00	0.00000000000000e+00	3.99603289384691e+01	0.00000000000000e+00	6.45075570693072e+02	0.00000000000000e+00	1
14	32	20	26	5.00000000000000e-02	0.00000000000000e+00	0.00000000000000e+00	0.00000000000000e+00	4.00763901024326e+01	0.00000000000000e+00	6.14441153885949e+02	0.00000000000000e+00	1
15	33	21	27	5.00000000000000e-02	0.00000000000000e+00	0.00000000000000e+00	0.00000000000000e+00	3.94772442038465e+01	0.00000000000000e+00	5.45753921001756e+02	0.00000000000000e+00	1
16	34	22	28	5.00000000000000e-02	0.00000000000000e+00	0.00000000000000e+00	0.00000000000000e+00	3.85757375193519e+01	0.00000000000000e+00	4.90369305525607e+02	0.00000000000000e+00	1
17	35	23	29	5.00000000000000e-02	0.00000000000000e+00	0.00000000000000e+00	0.00000000000000e+00	3.82416062736653e+01	0.00000000000000e+00	4.56735939100236e+02	0.00000000000000e+00	1
18	36	24	30	5.00000000000000e-02	0.00000000000000e+00	0.00000000000000e+00	0.00000000000000e+00	3.88472654842908e+01	0.00000000000000e+00	4.83909669182914e+02	0.00000000000000e+00	1
19	37	25	31	5.00000000000000e-02	0.00000000000000e+00	0.00000000000000e+00	0.00000000000000e+00	4.01495506034118e+01	0.00000000000000e+00	4.84722597409498e+02	0.00000000000000e+00	1
20	38	26	32	5.00000000000000e-02	0.00000000000000e+00	0.00000000000000e+00	0.00000000000000e+00	4.25687327614575e+01	0.00000000000000e+00	5.87111109724324e+02	0.00000000000000e+00	1
21	39	27	33	5.00000000000000e-02	0.00000000000000e+00	0.00000000000000e+00	0.00000000000000e+00	4.45026816590473e+01	0.00000000000000e+00	6.61951081740024e+02	0.00000000000000e+00	1
22	40	28	34	5.00000000000000e-02	0.00000000000000e+00	0.00000000000000e+00	0.00000000000000e+00	4.55215573321219e+01	0.00000000000000e+00	6.92120362925885e+02	0.00000000000000e+00	1
23	41	29	35	5.00000000000000e-02	0.00000000000000e+00	0.00000000000000e+00	0.00000000000000e+00	4.51947418773544e+01	0.00000000000000e+00	7.24327728859528e+02	0.00000000000000e+00	1
24	42	30	36	5.00000000000000e-02	0.00000000000000e+00	0.00000000000000e+00	0.00000000000000e+00	4.55158209718902e+01	0.00000000000000e+00	7.50305330570476e+02	0.00000000000000e+00	1
25	43	31	37	5.00000000000000e-02	0.00000000000000e+00	0.00000000000000e+00	0.00000000000000e+00	4.51604324755745e+01	0.00000000000000e+00	7.01090346697455e+02	0.00000000000000e+00	1
26	44	32	38	5.00000000000000e-02	0.00000000000000e+00	0.00000000000000e+00	0.00000000000000e+00	4.41042249018542e+01	0.00000000000000e+00	6.40194049277929e+02	0.00000000000000e+00	1
27	45	33	39	5.00000000000000e-02	0.00000000000000e+00	0.00000000000000e+00	0.00000000000000e+00	4.25186917249580e+01	0.00000000000000e+00	5.74734422935974e+02	0.00000000000000e+00	1
28	46	34	40	5.00000000000000e-02	0.00000000000000e+00	0.00000000000000e+00	0.00000000000000e+00	4.06400328593372e+01	0.00000000000000e+00	5.12830402571843e+02	0.00000000000000e+00	1
29	47	35	41	5.00000000000000e-02	0.00000000000000e+00	0.00000000000000e+00	0.00000000000000e+00	3.97956194179798e+01	0.00000000000000e+00	4.66288878210083e+02	0.00000000000000e+00	1
30	48	36	42	5.00000000000000e-02	0.00000000000000e+00	0.00000000000000e+00	0.00000000000000e+00	3.95496185295678e+01	0.00000000000000e+00	4.62607738404736e+02	0.00000000000000e+00	1
31	49	37	43	5.00000000000000e-02	0.00000000000000e+00	0.00000000000000e+00	0.00000000000000e+00	4.01105549993844e+01	0.00000000000000e+00	4.90671398364235e+02	0.00000000000000e+00	1
32	50	38	44	5.00000000000000e-02	0.00000000000000e+00	0.00000000000000e+00	0.00000000000000e+00	4.16863939285775e+01	0.00000000000000e+00	4.77509702063877e+02	0.00000000000000e+00	1
33	51	39	45	5.00000000000000e-02	0.00000000000000e+00	0.00000000000000e+00	0.00000000000000e+00	4.27426916831714e+01	0.00000000000000e+00	5.23388992199876e+02	0.00000000000000e+00	1
34	52	40	46	5.00000000000000e-02	0.00000000000000e+00	0.00000000000000e+00	0.00000000000000e+00	4.31465744276331e+01	0.00000000000000e+00	5.79157259730848e+02	0.00000000000000e+00	1
35	53	41	47	5.00000000000000e-02	0.00000000000000e+00	0.00000000000000e+00	0.00000000000000e+00	4.25940469087110e+01	0.00000000000000e+00	6.08892740105354e+02	0.00000000000000e+00	1
36	54	42	48	5.00000000000000e-02	0.00000000000000e+00	0.00000000000000e+00	0.00000000000000e+00	4.26796489168633e+01	0.00000000000000e+00	6.38015197204924e+02	0.00000000000000e+00	1
37	55	43	49	5.00000000000000e-02	0.00000000000000e+00	0.00000000000000e+00	0.00000000000000e+00	4.27794347477305e+01	0.00000000000000e+00	6.84419992641545e+02	0.00000000000000e+00	1
38	56	44	50	5.00000000000000e-02	0.00000000000000e+00	0.00000000000000e+00	0.00000000000000e+00	4.26662728646400e+01	0.00000000000000e+00	6.84629844471704e+02	0.00000000000000e+00	1
39	57	45	51	5.00000000000000e-02	0.00000000000000e+00	0.00000000000000e+00	0.00000000000000e+00	4.23975561189285e+01	0.00000000000000e+00	6.63698657999303e+02	0.00000000000000e+00	1
40	58	46	52	5.00000000000000e-02	0.00000000000000e+00	0.00000000000000e+00	0.00000000000000e+00	4.22762317380182e+01	0.00000000000000e+00	6.62772658168998e+02	0.00000000000000e+00	1
41	59	47	53	5.00000000000000e-02	0.00000000000000e+00	0.00000000000000e+00	0.00000000000000e+00	4.21864288785082e+01	0.00000000000000e+00	6.32014162649581e+02	0.00000000000000e+00	1
42	60	48	54	5.00000000000000e-02	0.00000000000000e+00	0.00000000000000e+00	0.00000000000000e+00	4.22671457956772e+01	0.00000000000000e+00	6.69833114926690e+02	0.00000000000000e+00	1
43	61	49	55	5.00000000000000e-02	0.00000000000000e+00	0.00000000000000e+00	0.00000000000000e+00	4.20134358582970e+01	0.00000000000000e+00	6.72642819030557e+02	0.00000000000000e+00	1
44	62	50	56	5.00000000000000e-02	0.00000000000000e+00	0.00000000000000e+00	0.00000000000000e+00	4.16539553934084e+01	0.00000000000000e+00	6.78002491264048e+02	0.00000000000000e+00	1
45	63	51	57	5.00000000000000e-02	0.00000000000000e+00	0.00000000000000e+00	0.00000000000000e+00	4.18854492324574e+01	0.00000000000000e+00	6.43584452633477e+02	0.00000000000000e+00	1
46	64	52	58	5.00000000000000e-02	0.00000000000000e+00	0.00000000000000e+00	0.00000000000000e+00	4.16879652690234e+01	0.00000000000000e+00	7.06195141842310e+02	0.00000000000000e+00	1
47	65	53	59	5.00000000000000e-02	0.00000000000000e+00	0.00000000000000e+00	0.00000000000000e+00	4.16715270504534e+01	0.00000000000000e+00	7.53332334017144e+02	0.00000000000000e+00	1
48	66	54	60	5.00000000000000e-02	0.00000000000000e+00	0.00000000000000e+00	0.00000000000000e+00	4.11492629827548e+01	0.00000000000000e+00	6.85806959297777e+02	0.00000000000000e+00	1
49	67	55	61	5.00000000000000e-02	0.00000000000000e+00	0.00000000000000e+00	0.00000000000000e+00	4.12528887573919e+01	0.00000000000000e+00	7.00471852289298e+02	0.00000000000000e+00	1
50	68	56	62	5.00000000000000e-02	0.00000000000000e+00	0.00000000000000e+00	0.00000000000000e+00	4.11996013745191e+01	0.00000000000000e+00	7.29148236721747e+02	0.00000000000000e+00	1
51	69	57	63	5.00000000000000e-02	0.00000000000000e+00	0.00000000000000e+00	0.00000000000000e+00	4.07500630377796e+01	0.00000000000000e+00	6.83775893873682e+02	0.00000000000000e+00	1
52	70	58	64	5.00000000000000e-02	0.00000000000000e+00	0.00000000000000e+00	0.00000000000000e+00	4.07238441733899e+01	0.00000000000000e+00	7.10112213571570e+02	0.00000000000000e+00	1
53	71	59	65	5.00000000000000e-02	0.00000000000000e+00	0.00000000000000e+00	0.00000000000000e+00	4.04977883310083e+01	0.00000000000000e+00	7.01537586272541e+02	0.00000000000000e+00	1
54	72	60	66	5.00000000000000e-02	0.00000000000000e+00	0.00000000000000e+00	0.00000000000000e+00	4.06978002370370e+01	0.00000000000000e+00	7.17363116209523e+02	0.00000000000000e+00	1
1	22	8	15	5.00000000000000e-02	0.00000000000000e+00	0.00000000000000e+00	0.00000000000000e+00	4.56765152198077e+01	0.00000000000000e+00	6.26177715115847e+02	0.00000000000000e+00	1
2	23	9	16	5.00000000000000e-02	0.00000000000000e+00	0.00000000000000e+00	0.00000000000000e+00	4.57025517528223e+01	0.00000000000000e+00	6.56486228045116e+02	0.00000000000000e+00	1
3	24	10	17	5.00000000000000e-02	0.00000000000000e+00	0.00000000000000e+00	0.00000000000000e+00	4.57945459259465e+01	0.00000000000000e+00	6.69420873820281e+02	0.00000000000000e+00	1
4	25	11	18	5.00000000000000e-02	0.00000000000000e+00	0.00000000000000e+00	0.00000000000000e+00	4.59889086878134e+01	0.00000000000000e+00	6.90823389380208e+02	0.00000000000000e+00	1
5	26	12	19	5.00000000000000e-02	0.00000000000000e+00	0.00000000000000e+00	0.00000000000000e+00	4.59345471343239e+01	0.00000000000000e+00	6.60036603456430e+02	0.00000000000000e+00	1
6	27	13	20	5.00000000000000e-02	0.00000000000000e+00	0.00000000000000e+00	0.00000000000000e+00	4.59113781225966e+01	0.00000000000000e+00	6.94042410643926e+02	0.00000000000000e+00	1
7	28	14	21	5.00000000000000e-02	0.00000000000000e+00	0.00000000000000e+00	0.00000000000000e+00	4.59887633403865e+01	0.00000000000000e+00	6.01480012059796e+02	0.00000000000000e+00	1
8	29	15	22	5.00000000000000e-02	0.00000000000000e+00	0.00000000000000e+00	0.00000000000000e+00	4.60983564785580e+01	0.00000000000000e+00	6.47633526250106e+02	0.00000000000000e+00	1
9	30	16	23	5.00000000000000e-02	0.00000000000000e+00	0.00000000000000e+00	0.00000000000000e+00	4.63246846072011e+01	0.00000000000000e+00	6.09222699650246e+02	0.00000000000000e+00	1
10	31	17	24	5.00000000000000e-02	0.00000000000000e+00	0.00000000000000e+00	0.00000000000000e+00	4.63650320161181e+01	0.00000000000000e+00	6.57439456148150e+02	0.00000000000000e+00	1
11	32	18	25	5.00000000000000e-02	0.00000000000000e+00	0.00000000000000e+00	0.00000000000000e+00	4.63354367534230e+01	0.00000000000000e+00	5.46067216079312e+02	0.00000000000000e+00	1
12	33	19	26	5.00000000000000e-02	0.00000000000000e+00	0.00000000000000e+00	0.00000000000000e+00	4.58729959765520e+01	0.00000000000000e+00	5.03729246443033e+02	0.00000000000000e+00	1
13	34	20	27	5.00000000000000e-02	0.00000000000000e+00	0.00000000000000e+00	0.00000000000000e+00	4.50230404171454e+01	0.00000000000000e+00	4.75822075579747e+02	0.00000000000000e+00	1
14	35	21	28	5.00000000000000e-02	0.00000000000000e+00	0.00000000000000e+00	0.00000000000000e+00	4.44775380256442e+01	0.00000000000000e+00	4.19709676795151e+02	0.00000000000000e+00	1
15	36	22	29	5.00000000000000e-02	0.00000000000000e+00	0.00000000000000e+00	0.00000000000000e+00	4.47800104281389e+01	0.00000000000000e+00	4.52850889527195e+02	0.00000000000000e+00	1
16	37	23	30	5.00000000000000e-02	0.00000000000000e+00	0.00000000000000e+00	0.00000000000000e+00	4.56924617668752e+01	0.00000000000000e+00	4.58088262360662e+02	0.00000000000000e+00	1
17	38	24	31	5.00000000000000e-02	0.00000000000000e+00	0.00000000000000e+00	0.00000000000000e+00	4.75625550763132e+01	0.00000000000000e+00	5.06425222290772e+02	0.00000000000000e+00	1
18	39	25	32	5.00000000000000e-02	0.00000000000000e+00	0.00000000000000e+00	0.00000000000000e+00	5.00430537294824e+01	0.00000000000000e+00	5.63730110116578e+02	0.00000000000000e+00	1
19	40	26	33	5.00000000000000e-02	0.00000000000000e+00	0.00000000000000e+00	0.00000000000000e+00	5.19199948144391e+01	0.00000000000000e+00	6.95083220755454e+02	0.00000000000000e+00	1
20	41	27	34	5.00000000000000e-02	0.00000000000000e+00	0.00000000000000e+00	0.00000000000000e+00	5.25983310180360e+01	0.00000000000000e+00	7.19408039962438e+02	0.00000000000000e+00	1
21	42	28	35	5.00000000000000e-02	0.00000000000000e+00	0.00000000000000e+00	0.00000000000000e+00	5.26083120369099e+01	0.00000000000000e+00	6.91229941690906e+02	0.00000000000000e+00	1
22	43	29	36	5.00000000000000e-02	0.00000000000000e+00	0.00000000000000e+00	0.00000000000000e+00	5.26857480053066e+01	0.00000000000000e+00	6.85913395200589e+02	0.00000000000000e+00	1
23	44	30	37	5.00000000000000e-02	0.00000000000000e+00	0.00000000000000e+00	0.00000000000000e+00	5.28380133124039e+01	0.00000000000000e+00	7.30740046312853e+02	0.00000000000000e+00	1
24	45	31	38	5.00000000000000e-02	0.00000000000000e+00	0.00000000000000e+00	0.00000000000000e+00	5.21206306290394e+01	0.00000000000000e+00	6.53353078128178e+02	0.00000000000000e+00	1
25	46	32	39	5.00000000000000e-02	0.00000000000000e+00	0.00000000000000e+00	0.00000000000000e+00	5.14144526355590e+01	0.00000000000000e+00	7.08934521394594e+02	0.00000000000000e+00	1
26	47	33	40	5.00000000000000e-02	0.00000000000000e+00	0.00000000000000e+00	0.00000000000000e+00	4.98004261757358e+01	0.00000000000000e+00	5.95999325544710e+02	0.00000000000000e+00	1
27	48	34	41	5.00000000000000e-02	0.00000000000000e+00	0.00000000000000e+00	0.00000000000000e+00	4.80247045620475e+01	0.00000000000000e+00	4.97261617707596e+02	0.00000000000000e+00	1
28	49	35	42	5.00000000000000e-02	0.00000000000000e+00	0.00000000000000e+00	0.00000000000000e+00	4.64007566370343e+01	0.00000000000000e+00	4.35471007399373e+02	0.00000000000000e+00	1
29	50	36	43	5.00000000000000e-02	0.00000000000000e+00	0.00000000000000e+00	0.00000000000000e+00	4.57640837148041e+01	0.00000000000000e+00	4.96711198337664e+02	0.00000000000000e+00	1
30	51	37	44	5.00000000000000e-02	0.00000000000000e+00	0.00000000000000e+00	0.00000000000000e+00	4.59941431243874e+01	0.00000000000000e+00	4.62359434680980e+02	0.00000000000000e+00	1
31	52	38	45	5.00000000000000e-02	0.00000000000000e+00	0.00000000000000e+00	0.00000000000000e+00	4.70568387674881e+01	0.00000000000000e+00	5.06143149699549e+02	0.00000000000000e+00	1
32	53	39	46	5.00000000000000e-02	0.00000000000000e+00	0.00000000000000e+00	0.00000000000000e+00	4.86062753183597e+01	0.00000000000000e+00	4.71374156268741e+02	0.00000000000000e+00	1
33	54	40	47	5.00000000000000e-02	0.00000000000000e+00	0.00000000000000e+00	0.00000000000000e+00	4.96485687512586e+01	0.00000000000000e+00	5.44273033607320e+02	0.00000000000000e+00	1
34	55	41	48	5.00000000000000e-02	0.00000000000000e+00	0.00000000000000e+00	0.00000000000000e+00	4.96810192321180e+01	0.00000000000000e+00	5.88221768170832e+02	0.00000000000000e+00	1
35	56	42	49	5.00000000000000e-02	0.00000000000000e+00	0.00000000000000e+00	0.00000000000000e+00	4.95267456381687e+01	0.00000000000000e+00	6.11191599989172e+02	0.00000000000000e+00	1
36	57	43	50	5.00000000000000e-02	0.00000000000000e+00	0.00000000000000e+00	0.00000000000000e+00	4.95703193136963e+01	0.00000000000000e+00	6.11559517195673e+02	0.00000000000000e+00	1
37	58	44	51	5.00000000000000e-02	0.00000000000000e+00	0.00000000000000e+00	0.00000000000000e+00	4.94777273077666e+01	0.00000000000000e+00	6.55877213707783e+02	0.00000000000000e+00	1
38	59	45	52	5.00000000000000e-02	0.00000000000000e+00	0.00000000000000e+00	0.00000000000000e+00	4.91622809847249e+01	0.00000000000000e+00	6.05283129280268e+02	0.00000000000000e+00	1
39	60	46	53	5.00000000000000e-02	0.00000000000000e+00	0.00000000000000e+00	0.00000000000000e+00	4.91510047291349e+01	0.00000000000000e+00	6.34778020149612e+02	0.00000000000000e+00	1
40	61	47	54	5.00000000000000e-02	0.00000000000000e+00	0.00000000000000e+00	0.00000000000000e+00	4.90771097853178e+01	0.00000000000000e+00	6.54243338192172e+02	0.00000000000000e+00	1
41	62	48	55	5.00000000000000e-02	0.00000000000000e+00	0.00000000000000e+00	0.00000000000000e+00	4.90793552055069e+01	0.00000000000000e+00	6.70871688570593e+02	0.00000000000000e+00	1
42	63	49	56	5.00000000000000e-02	0.00000000000000e+00	0.00000000000000e+00	0.00000000000000e+00	4.89117044978913e+01	0.00000000000000e+00	6.80396961013691e+02	0.00000000000000e+00	1
43	64	50	57	5.00000000000000e-02	0.00000000000000e+00	0.00000000000000e+00	0.00000000000000e+00	4.87436548432282e+01	0.00000000000000e+00	6.22954593816434e+02	0.00000000000000e+00	1
44	65	51	58	5.00000000000000e-02	0.00000000000000e+00	0.00000000000000e+00	0.00000000000000e+00	4.86481705471136e+01	0.00000000000000e+00	6.14496248728765e+02	0.00000000000000e+00	1
45	66	52	59	5.00000000000000e-02	0.00000000000000e+00	0.00000000000000e+00	0.00000000000000e+00	4.85359265218815e+01	0.00000000000000e+00	7.09691926400849e+02	0.00000000000000e+00	1
46	67	53	60	5.00000000000000e-02	0.00000000000000e+00	0.00000000000000e+00	0.00000000000000e+00	4.83345907668135e+01	0.00000000000000e+00	6.84440193152485e+02	0.00000000000000e+00	1
47	68	54	61	5.00000000000000e-02	0.00000000000000e+00	0.00000000000000e+00	0.00000000000000e+00	4.81204900390475e+01	0.00000000000000e+00	6.39793252905189e+02	0.00000000000000e+00	1
48	69	55	62	5.00000000000000e-02	0.00000000000000e+00	0.00000000000000e+00	0.00000000000000e+00	4.81631912738883e+01	0.00000000000000e+00	7.21269706088342e+02	0.00000000000000e+00	1
49	70	56	63	5.00000000000000e-02	0.00000000000000e+00	0.00000000000000e+00	0.00000000000000e+00	4.79400792126534e+01	0.00000000000000e+00	6.88294739919958e+02	0.00000000000000e+00	1
50	71	57	64	5.00000000000000e-02	0.00000000000000e+00	0.00000000000000e+00	0.00000000000000e+00	4.77244931348685e+01	0.00000000000000e+00	7.31258066861267e+02	0.00000000000000e+00	1
51	72	58	65	5.00000000000000e-02	0.00000000000000e+00	0.00000000000000e+00	0.00000000000000e+00	4.75977218991048e+01	0.00000000000000e+00	6.93757617299659e+02	0.00000000000000e+00	1
1	25	9	17	5.00000000000000e-02	0.00000000000000e+00	0.00000000000000e+00	0.00000000000000e+00	5.23166237507063e+01	0.00000000000000e+00	6.99211109440732e+02	0.00000000000000e+00	1
2	26	10	18	5.00000000000000e-02	0.00000000000000e+00	0.00000000000000e+00	0.00000000000000e+00	5.25357885929748e+01	0.00000000000000e+00	6.71000274323725e+02	0.00000000000000e+00	1
3	27	11	19	5.00000000000000e-02	0.00000000000000e+00	0.00000000000000e+00	0.00000000000000e+00	5.25644967673316e+01	0.00000000000000e+00	6.04814413622671e+02	0.00000000000000e+00	1
4	28	12	20	5.00000000000000e-02	0.00000000000000e+00	0.00000000000000e+00	0.00000000000000e+00	5.25653515982948e+01	0.00000000000000e+00	6.32610258550768e+02	0.00000000000000e+00	1
5	29	13	21	5.00000000000000e-02	0.00000000000000e+00	0.00000000000000e+00	0.00000000000000e+00	5.25262201372242e+01	0.00000000000000e+00	6.18249596157211e+02	0.00000000000000e+00	1
6	30	14	22	5.00000000000000e-02	0.00000000000000e+00	0.00000000000000e+00	0.00000000000000e+00	5.27280089520792e+01	0.00000000000000e+00	6.30196592246632e+02	0.00000000000000e+00	1
7	31	15	23	5.00000000000000e-02	0.00000000000000e+00	0.00000000000000e+00	0.00000000000000e+00	5.27391237482638e+01	0.00000000000000e+00	5.51384169948184e+02	0.00000000000000e+00	1
8	32	16	24	5.00000000000000e-02	0.00000000000000e+00	0.00000000000000e+00	0.00000000000000e+00	5.29843355243187e+01	0.00000000000000e+00	5.75378520343613e+02	0.00000000000000e+00	1
9	33	17	25	5.00000000000000e-02	0.00000000000000e+00	0.00000000000000e+00	0.00000000000000e+00	5.23552618281068e+01	0.00000000000000e+00	5.26493588754964e+02	0.00000000000000e+00	1
10	34	18	26	5.00000000000000e-02	0.00000000000000e+00	0.00000000000000e+00	0.00000000000000e+00	5.12794850564062e+01	0.00000000000000e+00	4.39135877079822e+02	0.00000000000000e+00	1
11	35	19	27	5.00000000000000e-02	0.00000000000000e+00	0.00000000000000e+00	0.00000000000000e+00	5.05679593214314e+01	0.00000000000000e+00	4.36986985873899e+02	0.00000000000000e+00	1
12	36	20	28	5.00000000000000e-02	0.00000000000000e+00	0.00000000000000e+00	0.00000000000000e+00	5.07002027936934e+01	0.00000000000000e+00	4.16670155317839e+02	0.00000000000000e+00	1
13	37	21	29	5.00000000000000e-02	0.00000000000000e+00	0.00000000000000e+00	0.00000000000000e+00	5.14201526871204e+01	0.00000000000000e+00	4.55356439734409e+02	0.00000000000000e+00	1
14	38	22	30	5.00000000000000e-02	0.00000000000000e+00	0.00000000000000e+00	0.00000000000000e+00	5.29375929404680e+01	0.00000000000000e+00	4.91996742989893e+02	0.00000000000000e+00	1
15	39	23	31	5.00000000000000e-02	0.00000000000000e+00	0.00000000000000e+00	0.00000000000000e+00	5.48341883805950e+01	0.00000000000000e+00	5.35141408144751e+02	0.00000000000000e+00	1
16	40	24	32	5.00000000000000e-02	0.00000000000000e+00	0.00000000000000e+00	0.00000000000000e+00	5.72148291789921e+01	0.00000000000000e+00	5.48096160491608e+02	0.00000000000000e+00	1
17	41	25	33	5.00000000000000e-02	0.00000000000000e+00	0.00000000000000e+00	0.00000000000000e+00	5.88787176737188e+01	0.00000000000000e+00	6.75280508437809e+02	0.00000000000000e+00	1
18	42	26	34	5.00000000000000e-02	0.00000000000000e+00	0.00000000000000e+00	0.00000000000000e+00	6.00392266010081e+01	0.00000000000000e+00	6.22284674713569e+02	0.00000000000000e+00	1
19	43	27	35	5.00000000000000e-02	0.00000000000000e+00	0.00000000000000e+00	0.00000000000000e+00	6.00609116961038e+01	0.00000000000000e+00	6.32528115923614e+02	0.00000000000000e+00	1
20	44	28	36	5.00000000000000e-02	0.00000000000000e+00	0.00000000000000e+00	0.00000000000000e+00	6.02820124104555e+01	0.00000000000000e+00	6.93833372868681e+02	0.00000000000000e+00	1
21	45	29	37	5.00000000000000e-02	0.00000000000000e+00	0.00000000000000e+00	0.00000000000000e+00	6.03440783344863e+01	0.00000000000000e+00	7.18694954685698e+02	0.00000000000000e+00	1
22	46	30	38	5.00000000000000e-02	0.00000000000000e+00	0.00000000000000e+00	0.00000000000000e+00	5.97111809629738e+01	0.00000000000000e+00	6.96138106110481e+02	0.00000000000000e+00	1
23	47	31	39	5.00000000000000e-02	0.00000000000000e+00	0.00000000000000e+00	0.00000000000000e+00	5.90997459037079e+01	0.00000000000000e+00	6.10747727410860e+02	0.00000000000000e+00	1
24	48	32	40	5.00000000000000e-02	0.00000000000000e+00	0.00000000000000e+00	0.00000000000000e+00	5.83979628058303e+01	0.00000000000000e+00	6.34832148783238e+02	0.00000000000000e+00	1
25	49	33	41	5.00000000000000e-02	0.00000000000000e+00	0.00000000000000e+00	0.00000000000000e+00	5.70692823253818e+01	0.00000000000000e+00	5.27511392776558e+02	0.00000000000000e+00	1
26	50	34	42	5.00000000000000e-02	0.00000000000000e+00	0.00000000000000e+00	0.00000000000000e+00	5.48693764144434e+01	0.00000000000000e+00	5.25777396597381e+02	0.00000000000000e+00	1
27	51	35	43	5.00000000000000e-02	0.00000000000000e+00	0.00000000000000e+00	0.00000000000000e+00	5.32777634043346e+01	0.00000000000000e+00	4.82706736543993e+02	0.00000000000000e+00	1
28	52	36	44	5.00000000000000e-02	0.00000000000000e+00	0.00000000000000e+00	0.00000000000000e+00	5.23490575189560e+01	0.00000000000000e+00	4.42376589461981e+02	0.00000000000000e+00	1
29	53	37	45	5.00000000000000e-02	0.00000000000000e+00	0.00000000000000e+00	0.00000000000000e+00	5.20120064338461e+01	0.00000000000000e+00	4.48468240178109e+02	0.00000000000000e+00	1
30	54	38	46	5.00000000000000e-02	0.00000000000000e+00	0.00000000000000e+00	0.00000000000000e+00	5.26800644741280e+01	0.00000000000000e+00	4.42636622819048e+02	0.00000000000000e+00	1
31	55	39	47	5.00000000000000e-02	0.00000000000000e+00	0.00000000000000e+00	0.00000000000000e+00	5.37674322640144e+01	0.00000000000000e+00	4.81651299484930e+02	0.00000000000000e+00	1
32	56	40	48	5.00000000000000e-02	0.00000000000000e+00	0.00000000000000e+00	0.00000000000000e+00	5.53231291501991e+01	0.00000000000000e+00	5.42619931143915e+02	0.00000000000000e+00	1
33	57	41	49	5.00000000000000e-02	0.00000000000000e+00	0.00000000000000e+00	0.00000000000000e+00	5.60224821813377e+01	0.00000000000000e+00	5.29736825336302e+02	0.00000000000000e+00	1
34	58	42	50	5.00000000000000e-02	0.00000000000000e+00	0.00000000000000e+00	0.00000000000000e+00	5.66760790219944e+01	0.00000000000000e+00	6.04151793352022e+02	0.00000000000000e+00	1
35	59	43	51	5.00000000000000e-02	0.00000000000000e+00	0.00000000000000e+00	0.00000000000000e+00	5.60240926207344e+01	0.00000000000000e+00	5.87363653275732e+02	0.00000000000000e+00	1
36	60	44	52	5.00000000000000e-02	0.00000000000000e+00	0.00000000000000e+00	0.00000000000000e+00	5.61934482943595e+01	0.00000000000000e+00	5.85350936226493e+02	0.00000000000000e+00	1
37	61	45	53	5.00000000000000e-02	0.00000000000000e+00	0.00000000000000e+00	0.00000000000000e+00	5.62439173125975e+01	0.00000000000000e+00	6.20352852000698e+02	0.00000000000000e+00	1
38	62	46	54	5.00000000000000e-02	0.00000000000000e+00	0.00000000000000e+00	0.00000000000000e+00	5.59893300309101e+01	0.00000000000000e+00	5.95766649248590e+02	0.00000000000000e+00	1
39	63	47	55	5.00000000000000e-02	0.00000000000000e+00	0.00000000000000e+00	0.00000000000000e+00	5.59086712835150e+01	0.00000000000000e+00	6.18605670174214e+02	0.00000000000000e+00	1
40	64	48	56	5.00000000000000e-02	0.00000000000000e+00	0.00000000000000e+00	0.00000000000000e+00	5.57567036162240e+01	0.00000000000000e+00	5.99935126569845e+02	0.00000000000000e+00	1
41	65	49	57	5.00000000000000e-02	0.00000000000000e+00	0.00000000000000e+00	0.00000000000000e+00	5.58465968232944e+01	0.00000000000000e+00	7.11388210572386e+02	0.00000000000000e+00	1
42	66	50	58	5.00000000000000e-02	0.00000000000000e+00	0.00000000000000e+00	0.00000000000000e+00	5.53773260315336e+01	0.00000000000000e+00	6.45102608953999e+02	0.00000000000000e+00	1
43	67	51	59	5.00000000000000e-02	0.00000000000000e+00	0.00000000000000e+00	0.00000000000000e+00	5.57012327769711e+01	0.00000000000000e+00	6.27834448248621e+02	0.00000000000000e+00	1
44	68	52	60	5.00000000000000e-02	0.00000000000000e+00	0.00000000000000e+00	0.00000000000000e+00	5.53145587225461e+01	0.00000000000000e+00	6.60322839631524e+02	0.00000000000000e+00	1
45	69	53	61	5.00000000000000e-02	0.00000000000000e+00	0.00000000000000e+00	0.00000000000000e+00	5.53483154886004e+01	0.00000000000000e+00	6.45712638184167e+02	0.00000000000000e+00	1
46	70	54	62	5.00000000000000e-02	0.00000000000000e+00	0.00000000000000e+00	0.00000000000000e+00	5.51411488831776e+01	0.00000000000000e+00	6.57752645913529e+02	0.00000000000000e+00	1
47	71	55	63	5.00000000000000e-02	0.00000000000000e+00	0.00000000000000e+00	0.00000000000000e+00	5.48507640885043e+01	0.00000000000000e+00	6.86180750599750e+02	0.00000000000000e+00	1
48	72	56	64	5.00000000000000e-02	0.00000000000000e+00	0.00000000000000e+00	0.00000000000000e+00	5.47045607716423e+01	0.00000000000000e+00	6.98265123926195e+02	0.00000000000000e+00	1
1	28	10	19	5.00000000000000e-02	0.00000000000000e+00	0.00000000000000e+00	0.00000000000000e+00	5.93038529550930e+01	0.00000000000000e+00	5.70801680981617e+02	0.00000000000000e+00	1
2	29	11	20	5.00000000000000e-02	0.00000000000000e+00	0.00000000000000e+00	0.00000000000000e+00	5.91325686084622e+01	0.00000000000000e+00	5.57923091433872e+02	0.00000000000000e+00	1
3	30	12	21	5.00000000000000e-02	0.00000000000000e+00	0.00000000000000e+00	0.00000000000000e+00	5.91113869506301e+01	0.00000000000000e+00	5.64763409888932e+02	0.00000000000000e+00	1
4	31	13	22	5.00000000000000e-02	0.00000000000000e+00	0.00000000000000e+00	0.00000000000000e+00	5.91196952455954e+01	0.00000000000000e+00	5.03839604983748e+02	0.00000000000000e+00	1
5	32	14	23	5.00000000000000e-02	0.00000000000000e+00	0.00000000000000e+00	0.00000000000000e+00	5.93108130780535e+01	0.00000000000000e+00	5.02616437478597e+02	0.00000000000000e+00	1
6	33	15	24	5.00000000000000e-02	0.00000000000000e+00	0.00000000000000e+00	0.00000000000000e+00	5.88364949359860e+01	0.00000000000000e+00	5.36752111934797e+02	0.00000000000000e+00	1
7	34	16	25	5.00000000000000e-02	0.00000000000000e+00	0.00000000000000e+00	0.00000000000000e+00	5.78906688298398e+01	0.00000000000000e+00	5.14942301801290e+02	0.00000000000000e+00	1
8	35	17	26	5.00000000000000e-02	0.00000000000000e+00	0.00000000000000e+00	0.00000000000000e+00	5.70340790636381e+01	0.00000000000000e+00	4.47331926633978e+02	0.00000000000000e+00	1
9	36	18	27	5.00000000000000e-02	0.00000000000000e+00	0.00000000000000e+00	0.00000000000000e+00	5.66156106717960e+01	0.00000000000000e+00	4.56201612339697e+02	0.00000000000000e+00	1
10	37	19	28	5.00000000000000e-02	0.00000000000000e+00	0.00000000000000e+00	0.00000000000000e+00	5.69596347578401e+01	0.00000000000000e+00	4.61900779035803e+02	0.00000000000000e+00	1
11	38	20	29	5.00000000000000e-02	0.00000000000000e+00	0.00000000000000e+00	0.00000000000000e+00	5.82072586768547e+01	0.00000000000000e+00	5.37803664216531e+02	0.00000000000000e+00	1
12	39	21	30	5.00000000000000e-02	0.00000000000000e+00	0.00000000000000e+00	0.00000000000000e+00	6.00037149957718e+01	0.00000000000000e+00	5.06807668969216e+02	0.00000000000000e+00	1
13	40	22	31	5.00000000000000e-02	0.00000000000000e+00	0.00000000000000e+00	0.00000000000000e+00	6.21176968001779e+01	0.00000000000000e+00	4.94022623398459e+02	0.00000000000000e+00	1
14	41	23	32	5.00000000000000e-02	0.00000000000000e+00	0.00000000000000e+00	0.00000000000000e+00	6.42855910443486e+01	0.00000000000000e+00	5.13736185319935e+02	0.00000000000000e+00	1
15	42	24	33	5.00000000000000e-02	0.00000000000000e+00	0.00000000000000e+00	0.00000000000000e+00	6.61827905499227e+01	0.00000000000000e+00	5.59613004439444e+02	0.00000000000000e+00	1
16	43	25	34	5.00000000000000e-02	0.00000000000000e+00	0.00000000000000e+00	0.00000000000000e+00	6.70720221184380e+01	0.00000000000000e+00	6.58316288134615e+02	0.00000000000000e+00	1
17	44	26	35	5.00000000000000e-02	0.00000000000000e+00	0.00000000000000e+00	0.00000000000000e+00	6.72207160492502e+01	0.00000000000000e+00	6.52942003950353e+02	0.00000000000000e+00	1
18	45	27	36	5.00000000000000e-02	0.00000000000000e+00	0.00000000000000e+00	0.00000000000000e+00	6.78941877170388e+01	0.00000000000000e+00	6.45257263900110e+02	0.00000000000000e+00	1
19	46	28	37	5.00000000000000e-02	0.00000000000000e+00	0.00000000000000e+00	0.00000000000000e+00	6.80524726505242e+01	0.00000000000000e+00	6.74179361379480e+02	0.00000000000000e+00	1
20	47	29	38	5.00000000000000e-02	0.00000000000000e+00	0.00000000000000e+00	0.00000000000000e+00	6.72639606726894e+01	0.00000000000000e+00	6.54218006922817e+02	0.00000000000000e+00	1
21	48	30	39	5.00000000000000e-02	0.00000000000000e+00	0.00000000000000e+00	0.00000000000000e+00	6.67552600619156e+01	0.00000000000000e+00	7.39802964626019e+02	0.00000000000000e+00	1
22	49	31	40	5.00000000000000e-02	0.00000000000000e+00	0.00000000000000e+00	0.00000000000000e+00	6.59035980591015e+01	0.00000000000000e+00	6.97256705897328e+02	0.00000000000000e+00	1
23	50	32	41	5.00000000000000e-02	0.00000000000000e+00	0.00000000000000e+00	0.00000000000000e+00	6.53124118132755e+01	0.00000000000000e+00	6.28993463114118e+02	0.00000000000000e+00	1
24	51	33	42	5.00000000000000e-02	0.00000000000000e+00	0.00000000000000e+00	0.00000000000000e+00	6.39216145648408e+01	0.00000000000000e+00	5.99129688320355e+02	0.00000000000000e+00	1
25	52	34	43	5.00000000000000e-02	0.00000000000000e+00	0.00000000000000e+00	0.00000000000000e+00	6.20153339092815e+01	0.00000000000000e+00	5.16832786445797e+02	0.00000000000000e+00	1
26	53	35	44	5.00000000000000e-02	0.00000000000000e+00	0.00000000000000e+00	0.00000000000000e+00	6.01680801545643e+01	0.00000000000000e+00	4.64716451836191e+02	0.00000000000000e+00	1
27	54	36	45	5.00000000000000e-02	0.00000000000000e+00	0.00000000000000e+00	0.00000000000000e+00	5.87499474746821e+01	0.00000000000000e+00	5.03171042963999e+02	0.00000000000000e+00	1
28	55	37	46	5.00000000000000e-02	0.00000000000000e+00	0.00000000000000e+00	0.00000000000000e+00	5.81454786899346e+01	0.00000000000000e+00	4.74162430254966e+02	0.00000000000000e+00	1
29	56	38	47	5.00000000000000e-02	0.00000000000000e+00	0.00000000000000e+00	0.00000000000000e+00	5.84171612045403e+01	0.00000000000000e+00	4.41070211705132e+02	0.00000000000000e+00	1
30	57	39	48	5.00000000000000e-02	0.00000000000000e+00	0.00000000000000e+00	0.00000000000000e+00	5.91220815850360e+01	0.00000000000000e+00	4.71288865415583e+02	0.00000000000000e+00	1
31	58	40	49	5.00000000000000e-02	0.00000000000000e+00	0.00000000000000e+00	0.00000000000000e+00	6.04166896057507e+01	0.00000000000000e+00	4.67414582851610e+02	0.00000000000000e+00	1
32	59	41	50	5.00000000000000e-02	0.00000000000000e+00	0.00000000000000e+00	0.00000000000000e+00	6.18257287605999e+01	0.00000000000000e+00	4.82454011945302e+02	0.00000000000000e+00	1
33	60	42	51	5.00000000000000e-02	0.00000000000000e+00	0.00000000000000e+00	0.00000000000000e+00	6.28982091509550e+01	0.00000000000000e+00	5.86823588087835e+02	0.00000000000000e+00	1
34	61	43	52	5.00000000000000e-02	0.00000000000000e+00	0.00000000000000e+00	0.00000000000000e+00	6.30298198910979e+01	0.00000000000000e+00	6.39808506263406e+02	0.00000000000000e+00	1
35	62	44	53	5.00000000000000e-02	0.00000000000000e+00	0.00000000000000e+00	0.00000000000000e+00	6.26363609492864e+01	0.00000000000000e+00	5.49451045603635e+02	0.00000000000000e+00	1
36	63	45	54	5.00000000000000e-02	0.00000000000000e+00	0.00000000000000e+00	0.00000000000000e+00	6.30052325336880e+01	0.00000000000000e+00	6.24574651499278e+02	0.00000000000000e+00	1
37	64	46	55	5.00000000000000e-02	0.00000000000000e+00	0.00000000000000e+00	0.00000000000000e+00	6.30072132733637e+01	0.00000000000000e+00	5.98535988386701e+02	0.00000000000000e+00	1
38	65	47	56	5.00000000000000e-02	0.00000000000000e+00	0.00000000000000e+00	0.00000000000000e+00	6.26146147317791e+01	0.00000000000000e+00	6.06368043051606e+02	0.00000000000000e+00	1
39	66	48	57	5.00000000000000e-02	0.00000000000000e+00	0.00000000000000e+00	0.00000000000000e+00	6.26477311807611e+01	0.00000000000000e+00	6.05957617335734e+02	0.00000000000000e+00	1
40	67	49	58	5.00000000000000e-02	0.00000000000000e+00	0.00000000000000e+00	0.00000000000000e+00	6.24860300677176e+01	0.00000000000000e+00	6.07233637428549e+02	0.00000000000000e+00	1
41	68	50	59	5.00000000000000e-02	0.00000000000000e+00	0.00000000000000e+00	0.00000000000000e+00	6.24175784180501e+01	0.00000000000000e+00	6.38101965007123e+02	0.00000000000000e+00	1
42	69	51	60	5.00000000000000e-02	0.00000000000000e+00	0.00000000000000e+00	0.00000000000000e+00	6.23154853544522e+01	0.00000000000000e+00	6.06774188005407e+02	0.00000000000000e+00	1
43	70	52	61	5.00000000000000e-02	0.00000000000000e+00	0.00000000000000e+00	0.00000000000000e+00	6.23890239041809e+01	0.00000000000000e+00	6.52950857762831e+02	0.00000000000000e+00	1
44	71	53	62	5.00000000000000e-02	0.00000000000000e+00	0.00000000000000e+00	0.00000000000000e+00	6.23170971991503e+01	0.00000000000000e+00	6.54405295668568e+02	0.00000000000000e+00	1
45	72	54	63	5.00000000000000e-02	0.00000000000000e+00	0.00000000000000e+00	0.00000000000000e+00	6.18349784891996e+01	0.00000000000000e+00	6.45727171541014e+02	0.00000000000000e+00	1
1	31	11	21	5.00000000000000e-02	0.00000000000000e+00	0.00000000000000e+00	0.00000000000000e+00	6.56818414187563e+01	0.00000000000000e+00	5.21763872818778e+02	0.00000000000000e+00	1
2	32	12	22	5.00000000000000e-02	0.00000000000000e+00	0.00000000000000e+00	0.00000000000000e+00	6.55863828677287e+01	0.00000000000000e+00	5.14148547458443e+02	0.00000000000000e+00	1
3	33	13	23	5.00000000000000e-02	0.00000000000000e+00	0.00000000000000e+00	0.00000000000000e+00	6.50890133066072e+01	0.00000000000000e+00	5.19204422337252e+02	0.00000000000000e+00	1
4	34	14	24	5.00000000000000e-02	0.00000000000000e+00	0.00000000000000e+00	0.00000000000000e+00	6.43657716604345e+01	0.00000000000000e+00	4.88553233172704e+02	0.00000000000000e+00	1
5	35	15	25	5.00000000000000e-02	0.00000000000000e+00	0.00000000000000e+00	0.00000000000000e+00	6.34097131381442e+01	0.00000000000000e+00	4.31674179280292e+02	0.00000000000000e+00	1
6	36	16	26	5.00000000000000e-02	0.00000000000000e+00	0.00000000000000e+00	0.00000000000000e+00	6.30252225438439e+01	0.00000000000000e+00	4.47249533470510e+02	0.00000000000000e+00	1
7	37	17	27	5.00000000000000e-02	0.00000000000000e+00	0.00000000000000e+00	0.00000000000000e+00	6.29935989878081e+01	0.00000000000000e+00	4.54418098655712e+02	0.00000000000000e+00	1
8	38	18	28	5.00000000000000e-02	0.00000000000000e+00	0.00000000000000e+00	0.00000000000000e+00	6.36951479615302e+01	0.00000000000000e+00	4.10638331024840e+02	0.00000000000000e+00	1
9	39	19	29	5.00000000000000e-02	0.00000000000000e+00	0.00000000000000e+00	0.00000000000000e+00	6.49679710472720e+01	0.00000000000000e+00	4.71515620114517e+02	0.00000000000000e+00	1
10	40	20	30	5.00000000000000e-02	0.00000000000000e+00	0.00000000000000e+00	0.00000000000000e+00	6.69001692769722e+01	0.00000000000000e+00	4.69515626276303e+02	0.00000000000000e+00	1
11	41	21	31	5.00000000000000e-02	0.00000000000000e+00	0.00000000000000e+00	0.00000000000000e+00	6.89652812768706e+01	0.00000000000000e+00	5.16249756237352e+02	0.00000000000000e+00	1
12	42	22	32	5.00000000000000e-02	0.00000000000000e+00	0.00000000000000e+00	0.00000000000000e+00	7.16509562035671e+01	0.00000000000000e+00	5.19019331482869e+02	0.00000000000000e+00	1
13	43	23	33	5.00000000000000e-02	0.00000000000000e+00	0.00000000000000e+00	0.00000000000000e+00	7.34749116181267e+01	0.00000000000000e+00	5.44170500023733e+02	0.00000000000000e+00	1
14	44	24	34	5.00000000000000e-02	0.00000000000000e+00	0.00000000000000e+00	0.00000000000000e+00	7.43335196093389e+01	0.00000000000000e+00	5.86513795665136e+02	0.00000000000000e+00	1
15	45	25	35	5.00000000000000e-02	0.00000000000000e+00	0.00000000000000e+00	0.00000000000000e+00	7.45428186104351e+01	0.00000000000000e+00	6.68083903108811e+02	0.00000000000000e+00	1
16	46	26	36	5.00000000000000e-02	0.00000000000000e+00	0.00000000000000e+00	0.00000000000000e+00	7.48726003791200e+01	0.00000000000000e+00	6.90196954160228e+02	0.00000000000000e+00	1
17	47	27	37	5.00000000000000e-02	0.00000000000000e+00	0.00000000000000e+00	0.00000000000000e+00	7.51944296651732e+01	0.00000000000000e+00	6.68011053512603e+02	0.00000000000000e+00	1
18	48	28	38	5.00000000000000e-02	0.00000000000000e+00	0.00000000000000e+00	0.00000000000000e+00	7.48627390065243e+01	0.00000000000000e+00	7.18006566135513e+02	0.00000000000000e+00	1
19	49	29	39	5.00000000000000e-02	0.00000000000000e+00	0.00000000000000e+00	0.00000000000000e+00	7.43512419957226e+01	0.00000000000000e+00	6.29187675918146e+02	0.00000000000000e+00	1
20	50	30	40	5.00000000000000e-02	0.00000000000000e+00	0.00000000000000e+00	0.00000000000000e+00	7.35872334104167e+01	0.00000000000000e+00	6.65108931380071e+02	0.00000000000000e+00	1
21	51	31	41	5.00000000000000e-02	0.00000000000000e+00	0.00000000000000e+00	0.00000000000000e+00	7.31237485792161e+01	0.00000000000000e+00	6.16762164461099e+02	0.00000000000000e+00	1
22	52	32	42	5.00000000000000e-02	0.00000000000000e+00	0.00000000000000e+00	0.00000000000000e+00	7.22091083395855e+01	0.00000000000000e+00	6.03410693621343e+02	0.00000000000000e+00	1
23	53	33	43	5.00000000000000e-02	0.00000000000000e+00	0.00000000000000e+00	0.00000000000000e+00	7.08098567059849e+01	0.00000000000000e+00	5.67256121301503e+02	0.00000000000000e+00	1
24	54	34	44	5.00000000000000e-02	0.00000000000000e+00	0.00000000000000e+00	0.00000000000000e+00	6.87432043606182e+01	0.00000000000000e+00	5.01722761918488e+02	0.00000000000000e+00	1
25	55	35	45	5.00000000000000e-02	0.00000000000000e+00	0.00000000000000e+00	0.00000000000000e+00	6.66653739130446e+01	0.00000000000000e+00	4.83089424331861e+02	0.00000000000000e+00	1
26	56	36	46	5.00000000000000e-02	0.00000000000000e+00	0.00000000000000e+00	0.00000000000000e+00	6.52723571489053e+01	0.00000000000000e+00	5.03597932077221e+02	0.00000000000000e+00	1
27	57	37	47	5.00000000000000e-02	0.00000000000000e+00	0.00000000000000e+00	0.00000000000000e+00	6.43213036964961e+01	0.00000000000000e+00	4.54259104723243e+02	0.00000000000000e+00	1
28	58	38	48	5.00000000000000e-02	0.00000000000000e+00	0.00000000000000e+00	0.00000000000000e+00	6.43083380751202e+01	0.00000000000000e+00	4.82226510889020e+02	0.00000000000000e+00	1
29	59	39	49	5.00000000000000e-02	0.00000000000000e+00	0.00000000000000e+00	0.00000000000000e+00	6.47437113576091e+01	0.00000000000000e+00	4.40688120069212e+02	0.00000000000000e+00	1
30	60	40	50	5.00000000000000e-02	0.00000000000000e+00	0.00000000000000e+00	0.00000000000000e+00	6.60334081522102e+01	0.00000000000000e+00	4.96673923215066e+02	0.00000000000000e+00	1
31	61	41	51	5.00000000000000e-02	0.00000000000000e+00	0.00000000000000e+00	0.00000000000000e+00	6.67625500337847e+01	0.00000000000000e+00	5.38696544915160e+02	0.00000000000000e+00	1
32	62	42	52	5.00000000000000e-02	0.00000000000000e+00	0.00000000000000e+00	0.00000000000000e+00	6.82916946246396e+01	0.00000000000000e+00	4.59045512331897e+02	0.00000000000000e+00	1
33	63	43	53	5.00000000000000e-02	0.00000000000000e+00	0.00000000000000e+00	0.00000000000000e+00	6.92225597496702e+01	0.00000000000000e+00	5.33883227578710e+02	0.00000000000000e+00	1
34	64	44	54	5.00000000000000e-02	0.00000000000000e+00	0.00000000000000e+00	0.00000000000000e+00	6.96656104888269e+01	0.00000000000000e+00	5.95719244269776e+02	0.00000000000000e+00	1
35	65	45	55	5.00000000000000e-02	0.00000000000000e+00	0.00000000000000e+00	0.00000000000000e+00	6.94675134771157e+01	0.00000000000000e+00	5.86506499439706e+02	0.00000000000000e+00	1
36	66	46	56	5.00000000000000e-02	0.00000000000000e+00	0.00000000000000e+00	0.00000000000000e+00	6.95759424570533e+01	0.00000000000000e+00	6.06516502943789e+02	0.00000000000000e+00	1
37	67	47	57	5.00000000000000e-02	0.00000000000000e+00	0.00000000000000e+00	0.00000000000000e+00	6.99176556097597e+01	0.00000000000000e+00	5.91069236838588e+02	0.00000000000000e+00	1
38	68	48	58	5.00000000000000e-02	0.00000000000000e+00	0.00000000000000e+00	0.00000000000000e+00	6.94571992250061e+01	0.00000000000000e+00	6.21957903080068e+02	0.00000000000000e+00	1
39	69	49	59	5.00000000000000e-02	0.00000000000000e+00	0.00000000000000e+00	0.00000000000000e+00	6.94550528212864e+01	0.00000000000000e+00	6.20223133244380e+02	0.00000000000000e+00	1
40	70	50	60	5.00000000000000e-02	0.00000000000000e+00	0.00000000000000e+00	0.00000000000000e+00	6.89022010198388e+01	0.00000000000000e+00	6.67411068586364e+02	0.00000000000000e+00	1
41	71	51	61	5.00000000000000e-02	0.00000000000000e+00	0.00000000000000e+00	0.00000000000000e+00	6.92117454834137e+01	0.00000000000000e+00	6.38516918624729e+02	0.00000000000000e+00	1
42	72	52	62	5.00000000000000e-02	0.00000000000000e+00	0.00000000000000e+00	0.00000000000000e+00	6.91627985167947e+01	0.00000000000000e+00	6.50523430442458e+02	0.00000000000000e+00	1
1	34	12	23	5.00000000000000e-02	0.00000000000000e+00	0.00000000000000e+00	0.00000000000000e+00	7.06660477353288e+01	0.00000000000000e+00	4.57892154135391e+02	0.00000000000000e+00	1
2	35	13	24	5.00000000000000e-02	0.00000000000000e+00	0.00000000000000e+00	0.00000000000000e+00	6.96867249055985e+01	0.00000000000000e+00	4.41854761021255e+02	0.00000000000000e+00	1
3	36	14	25	5.00000000000000e-02	0.00000000000000e+00	0.00000000000000e+00	0.00000000000000e+00	6.92609527882431e+01	0.00000000000000e+00	4.36390640741538e+02	0.00000000000000e+00	1
4	37	15	26	5.00000000000000e-02	0.00000000000000e+00	0.00000000000000e+00	0.00000000000000e+00	6.91855736262216e+01	0.00000000000000e+00	4.51148874652747e+02	0.00000000000000e+00	1
5	38	16	27	5.00000000000000e-02	0.00000000000000e+00	0.00000000000000e+00	0.00000000000000e+00	6.96194649813180e+01	0.00000000000000e+00	4.30440254878573e+02	0.00000000000000e+00	1
6	39	17	28	5.00000000000000e-02	0.00000000000000e+00	0.00000000000000e+00	0.00000000000000e+00	7.05152875113829e+01	0.00000000000000e+00	4.50274140542226e+02	0.00000000000000e+00	1
7	40	18	29	5.00000000000000e-02	0.00000000000000e+00	0.00000000000000e+00	0.00000000000000e+00	7.18302487722626e+01	0.00000000000000e+00	5.09314790775544e+02	0.00000000000000e+00	1
8	41	19	30	5.00000000000000e-02	0.00000000000000e+00	0.00000000000000e+00	0.00000000000000e+00	7.37298181366639e+01	0.00000000000000e+00	5.04738834333158e+02	0.00000000000000e+00	1
9	42	20	31	5.00000000000000e-02	0.00000000000000e+00	0.00000000000000e+00	0.00000000000000e+00	7.60485735393479e+01	0.00000000000000e+00	4.94861993526809e+02	0.00000000000000e+00	1
10	43	21	32	5.00000000000000e-02	0.00000000000000e+00	0.00000000000000e+00	0.00000000000000e+00	7.86474506666207e+01	0.00000000000000e+00	5.73988310717568e+02	0.00000000000000e+00	1
11	44	22	33	5.00000000000000e-02	0.00000000000000e+00	0.00000000000000e+00	0.00000000000000e+00	8.06742106531992e+01	0.00000000000000e+00	5.83767783690798e+02	0.00000000000000e+00	1
12	45	23	34	5.00000000000000e-02	0.00000000000000e+00	0.00000000000000e+00	0.00000000000000e+00	8.17786436699527e+01	0.00000000000000e+00	5.69545308239154e+02	0.00000000000000e+00	1
13	46	24	35	5.00000000000000e-02	0.00000000000000e+00	0.00000000000000e+00	0.00000000000000e+00	8.17892040633411e+01	0.00000000000000e+00	6.23041322051140e+02	0.00000000000000e+00	1
14	47	25	36	5.00000000000000e-02	0.00000000000000e+00	0.00000000000000e+00	0.00000000000000e+00	8.20088440589913e+01	0.00000000000000e+00	6.11286977988853e+02	0.00000000000000e+00	1
15	48	26	37	5.00000000000000e-02	0.00000000000000e+00	0.00000000000000e+00	0.00000000000000e+00	8.22168829416118e+01	0.00000000000000e+00	6.76312428373662e+02	0.00000000000000e+00	1
16	49	27	38	5.00000000000000e-02	0.00000000000000e+00	0.00000000000000e+00	0.00000000000000e+00	8.17610686500973e+01	0.00000000000000e+00	6.96879972804679e+02	0.00000000000000e+00	1
17	50	28	39	5.00000000000000e-02	0.00000000000000e+00	0.00000000000000e+00	0.00000000000000e+00	8.14666520231454e+01	0.00000000000000e+00	7.48820580302670e+02	0.00000000000000e+00	1
18	51	29	40	5.00000000000000e-02	0.00000000000000e+00	0.00000000000000e+00	0.00000000000000e+00	8.13283431200939e+01	0.00000000000000e+00	6.90353945559380e+02	0.00000000000000e+00	1
19	52	30	41	5.00000000000000e-02	0.00000000000000e+00	0.00000000000000e+00	0.00000000000000e+00	8.10935454606728e+01	0.00000000000000e+00	6.61723551174318e+02	0.00000000000000e+00	1
20	53	31	42	5.00000000000000e-02	0.00000000000000e+00	0.00000000000000e+00	0.00000000000000e+00	8.00860718002462e+01	0.00000000000000e+00	6.81813050641909e+02	0.00000000000000e+00	1
21	54	32	43	5.00000000000000e-02	0.00000000000000e+00	0.00000000000000e+00	0.00000000000000e+00	7.90200507937064e+01	0.00000000000000e+00	5.56969439142960e+02	0.00000000000000e+00	1
22	55	33	44	5.00000000000000e-02	0.00000000000000e+00	0.00000000000000e+00	0.00000000000000e+00	7.73283610142702e+01	0.00000000000000e+00	5.78336786361185e+02	0.00000000000000e+00	1
23	56	34	45	5.00000000000000e-02	0.00000000000000e+00	0.00000000000000e+00	0.00000000000000e+00	7.51564214974727e+01	0.00000000000000e+00	5.53922076200499e+02	0.00000000000000e+00	1
24	57	35	46	5.00000000000000e-02	0.00000000000000e+00	0.00000000000000e+00	0.00000000000000e+00	7.30959437916417e+01	0.00000000000000e+00	4.66948300072621e+02	0.00000000000000e+00	1
25	58	36	47	5.00000000000000e-02	0.00000000000000e+00	0.00000000000000e+00	0.00000000000000e+00	7.17236642259503e+01	0.00000000000000e+00	5.13065099486934e+02	0.00000000000000e+00	1
26	59	37	48	5.00000000000000e-02	0.00000000000000e+00	0.00000000000000e+00	0.00000000000000e+00	7.06939634957064e+01	0.00000000000000e+00	4.80787217355124e+02	0.00000000000000e+00	1
27	60	38	49	5.00000000000000e-02	0.00000000000000e+00	0.00000000000000e+00	0.00000000000000e+00	7.05320852881796e+01	0.00000000000000e+00	4.56042927568861e+02	0.00000000000000e+00	1
28	61	39	50	5.00000000000000e-02	0.00000000000000e+00	0.00000000000000e+00	0.00000000000000e+00	7.07685932986528e+01	0.00000000000000e+00	4.90418863335286e+02	0.00000000000000e+00	1
29	62	40	51	5.00000000000000e-02	0.00000000000000e+00	0.00000000000000e+00	0.00000000000000e+00	7.11505624217055e+01	0.00000000000000e+00	5.38249882035251e+02	0.00000000000000e+00	1
30	63	41	52	5.00000000000000e-02	0.00000000000000e+00	0.00000000000000e+00	0.00000000000000e+00	7.19695417180725e+01	0.00000000000000e+00	4.97597739530230e+02	0.00000000000000e+00	1
31	64	42	53	5.00000000000000e-02	0.00000000000000e+00	0.00000000000000e+00	0.00000000000000e+00	7.31534350504975e+01	0.00000000000000e+00	5.11458415138511e+02	0.00000000000000e+00	1
32	65	43	54	5.00000000000000e-02	0.00000000000000e+00	0.00000000000000e+00	0.00000000000000e+00	7.47352128411529e+01	0.00000000000000e+00	5.14306565023550e+02	0.00000000000000e+00	1
33	66	44	55	5.00000000000000e-02	0.00000000000000e+00	0.00000000000000e+00	0.00000000000000e+00	7.58208891808242e+01	0.00000000000000e+00	5.28812906864878e+02	0.00000000000000e+00	1
34	67	45	56	5.00000000000000e-02	0.00000000000000e+00	0.00000000000000e+00	0.00000000000000e+00	7.65309051400697e+01	0.00000000000000e+00	5.96155114644637e+02	0.00000000000000e+00	1
35	68	46	57	5.00000000000000e-02	0.00000000000000e+00	0.00000000000000e+00	0.00000000000000e+00	7.64655456591833e+01	0.00000000000000e+00	5.60421717884683e+02	0.00000000000000e+00	1
36	69	47	58	5.00000000000000e-02	0.00000000000000e+00	0.00000000000000e+00	0.00000000000000e+00	7.65592730370118e+01	0.00000000000000e+00	6.00481802033139e+02	0.00000000000000e+00	1
37	70	48	59	5.00000000000000e-02	0.00000000000000e+00	0.00000000000000e+00	0.00000000000000e+00	7.66922180107909e+01	0.00000000000000e+00	6.03568036710166e+02	0.00000000000000e+00	1
38	71	49	60	5.00000000000000e-02	0.00000000000000e+00	0.00000000000000e+00	0.00000000000000e+00	7.59361822112054e+01	0.00000000000000e+00	6.39942911968651e+02	0.00000000000000e+00	1
39	72	50	61	5.00000000000000e-02	0.00000000000000e+00	0.00000000000000e+00	0.00000000000000e+00	7.56947183902925e+01	0.00000000000000e+00	6.31399793527902e+02	0.00000000000000e+00	1
1	37	13	25	5.00000000000000e-02	0.00000000000000e+00	0.00000000000000e+00	0.00000000000000e+00	7.53328518672168e+01	0.00000000000000e+00	4.61106648298192e+02	0.00000000000000e+00	1
2	38	14	26	5.00000000000000e-02	0.00000000000000e+00	0.00000000000000e+00	0.00000000000000e+00	7.55356306522699e+01	0.00000000000000e+00	4.25527270753352e+02	0.00000000000000e+00	1
3	39	15	27	5.00000000000000e-02	0.00000000000000e+00	0.00000000000000e+00	0.00000000000000e+00	7.61621706643939e+01	0.00000000000000e+00	4.35393128069226e+02	0.00000000000000e+00	1
4	40	16	28	5.00000000000000e-02	0.00000000000000e+00	0.00000000000000e+00	0.00000000000000e+00	7.73928567110004e+01	0.00000000000000e+00	4.31082127539745e+02	0.00000000000000e+00	1
5	41	17	29	5.00000000000000e-02	0.00000000000000e+00	0.00000000000000e+00	0.00000000000000e+00	7.87787530594393e+01	0.00000000000000e+00	4.49853844912036e+02	0.00000000000000e+00	1
6	42	18	30	5.00000000000000e-02	0.00000000000000e+00	0.00000000000000e+00	0.00000000000000e+00	8.07532207227660e+01	0.00000000000000e+00	4.90976392321462e+02	0.00000000000000e+00	1
7	43	19	31	5.00000000000000e-02	0.00000000000000e+00	0.00000000000000e+00	0.00000000000000e+00	8.29753892532253e+01	0.00000000000000e+00	5.25426820671831e+02	0.00000000000000e+00	1
8	44	20	32	5.00000000000000e-02	0.00000000000000e+00	0.00000000000000e+00	0.00000000000000e+00	8.58190393590011e+01	0.00000000000000e+00	5.20596579304482e+02	0.00000000000000e+00	1
9	45	21	33	5.00000000000000e-02	0.00000000000000e+00	0.00000000000000e+00	0.00000000000000e+00	8.79024581261431e+01	0.00000000000000e+00	6.19627989511727e+02	0.00000000000000e+00	1
10	46	22	34	5.00000000000000e-02	0.00000000000000e+00	0.00000000000000e+00	0.00000000000000e+00	8.88584111551067e+01	0.00000000000000e+00	6.73879898060045e+02	0.00000000000000e+00	1
11	47	23	35	5.00000000000000e-02	0.00000000000000e+00	0.00000000000000e+00	0.00000000000000e+00	8.88881576546413e+01	0.00000000000000e+00	6.67079695404315e+02	0.00000000000000e+00	1
12	48	24	36	5.00000000000000e-02	0.00000000000000e+00	0.00000000000000e+00	0.00000000000000e+00	8.91532092698198e+01	0.00000000000000e+00	7.32026148014118e+02	0.00000000000000e+00	1
13	49	25	37	5.00000000000000e-02	0.00000000000000e+00	0.00000000000000e+00	0.00000000000000e+00	8.92853240026910e+01	0.00000000000000e+00	6.56798470486866e+02	0.00000000000000e+00	1
14	50	26	38	5.00000000000000e-02	0.00000000000000e+00	0.00000000000000e+00	0.00000000000000e+00	8.86291385291262e+01	0.00000000000000e+00	6.45186242484463e+02	0.00000000000000e+00	1
15	51	27	39	5.00000000000000e-02	0.00000000000000e+00	0.00000000000000e+00	0.00000000000000e+00	8.87074039381045e+01	0.00000000000000e+00	6.30525984378310e+02	0.00000000000000e+00	1
16	52	28	40	5.00000000000000e-02	0.00000000000000e+00	0.00000000000000e+00	0.00000000000000e+00	8.84491819760323e+01	0.00000000000000e+00	7.38540129758089e+02	0.00000000000000e+00	1
17	53	29	41	5.00000000000000e-02	0.00000000000000e+00	0.00000000000000e+00	0.00000000000000e+00	8.83728999361002e+01	0.00000000000000e+00	7.09267884053541e+02	0.00000000000000e+00	1
18	54	30	42	5.00000000000000e-02	0.00000000000000e+00	0.00000000000000e+00	0.00000000000000e+00	8.78026626354457e+01	0.00000000000000e+00	6.70737265614164e+02	0.00000000000000e+00	1
19	55	31	43	5.00000000000000e-02	0.00000000000000e+00	0.00000000000000e+00	0.00000000000000e+00	8.68866972802874e+01	0.00000000000000e+00	6.69336554303569e+02	0.00000000000000e+00	1
20	56	32	44	5.00000000000000e-02	0.00000000000000e+00	0.00000000000000e+00	0.00000000000000e+00	8.56752943163176e+01	0.00000000000000e+00	5.96039310197866e+02	0.00000000000000e+00	1
21	57	33	45	5.00000000000000e-02	0.00000000000000e+00	0.00000000000000e+00	0.00000000000000e+00	8.36431007911337e+01	0.00000000000000e+00	6.47962774288698e+02	0.00000000000000e+00	1
22	58	34	46	5.00000000000000e-02	0.00000000000000e+00	0.00000000000000e+00	0.00000000000000e+00	8.15811439719852e+01	0.00000000000000e+00	5.42663588428519e+02	0.00000000000000e+00	1
23	59	35	47	5.00000000000000e-02	0.00000000000000e+00	0.00000000000000e+00	0.00000000000000e+00	7.95733333437861e+01	0.00000000000000e+00	5.13304434176696e+02	0.00000000000000e+00	1
24	60	36	48	5.00000000000000e-02	0.00000000000000e+00	0.00000000000000e+00	0.00000000000000e+00	7.83133401383683e+01	0.00000000000000e+00	5.12372798356106e+02	0.00000000000000e+00	1
25	61	37	49	5.00000000000000e-02	0.00000000000000e+00	0.00000000000000e+00	0.00000000000000e+00	7.72297586874912e+01	0.00000000000000e+00	4.96280477728681e+02	0.00000000000000e+00	1
26	62	38	50	5.00000000000000e-02	0.00000000000000e+00	0.00000000000000e+00	0.00000000000000e+00	7.67424491504645e+01	0.00000000000000e+00	4.84677847626398e+02	0.00000000000000e+00	1
27	63	39	51	5.00000000000000e-02	0.00000000000000e+00	0.00000000000000e+00	0.00000000000000e+00	7.64623682456913e+01	0.00000000000000e+00	4.63152411954837e+02	0.00000000000000e+00	1
28	64	40	52	5.00000000000000e-02	0.00000000000000e+00	0.00000000000000e+00	0.00000000000000e+00	7.66897636588804e+01	0.00000000000000e+00	4.96620412699831e+02	0.00000000000000e+00	1
29	65	41	53	5.00000000000000e-02	0.00000000000000e+00	0.00000000000000e+00	0.00000000000000e+00	7.70721540413926e+01	0.00000000000000e+00	5.33557275628168e+02	0.00000000000000e+00	1
30	66	42	54	5.00000000000000e-02	0.00000000000000e+00	0.00000000000000e+00	0.00000000000000e+00	7.83541087082366e+01	0.00000000000000e+00	5.28990628503446e+02	0.00000000000000e+00	1
31	67	43	55	5.00000000000000e-02	0.00000000000000e+00	0.00000000000000e+00	0.00000000000000e+00	7.97588967135892e+01	0.00000000000000e+00	5.46922886929678e+02	0.00000000000000e+00	1
32	68	44	56	5.00000000000000e-02	0.00000000000000e+00	0.00000000000000e+00	0.00000000000000e+00	8.15052210534078e+01	0.00000000000000e+00	5.09735126880111e+02	0.00000000000000e+00	1
33	69	45	57	5.00000000000000e-02	0.00000000000000e+00	0.00000000000000e+00	0.00000000000000e+00	8.30743632456853e+01	0.00000000000000e+00	5.26024142852111e+02	0.00000000000000e+00	1
34	70	46	58	5.00000000000000e-02	0.00000000000000e+00	0.00000000000000e+00	0.00000000000000e+00	8.34578980415768e+01	0.00000000000000e+00	5.79312236925613e+02	0.00000000000000e+00	1
35	71	47	59	5.00000000000000e-02	0.00000000000000e+00	0.00000000000000e+00	0.00000000000000e+00	8.32102730283238e+01	0.00000000000000e+00	6.00145438142297e+02	0.00000000000000e+00	1
36	72	48	60	5.00000000000000e-02	0.00000000000000e+00	0.00000000000000e+00	0.00000000000000e+00	8.29728957173433e+01	0.00000000000000e+00	6.41616303975376e+02	0.00000000000000e+00	1
1	40	14	27	5.00000000000000e-02	0.00000000000000e+00	0.00000000000000e+00	0.00000000000000e+00	8.29539942546017e+01	0.00000000000000e+00	4.04806788200839e+02	0.00000000000000e+00	1
2	41	15	28	5.00000000000000e-02	0.00000000000000e+00	0.00000000000000e+00	0.00000000000000e+00	8.40667879404923e+01	0.00000000000000e+00	4.86199531333779e+02	0.00000000000000e+00	1
3	42	16	29	5.00000000000000e-02	0.00000000000000e+00	0.00000000000000e+00	0.00000000000000e+00	8.57750821372878e+01	0.00000000000000e+00	4.64492129802952e+02	0.00000000000000e+00	1
4	43	17	30	5.00000000000000e-02	0.00000000000000e+00	0.00000000000000e+00	0.00000000000000e+00	8.78878629597608e+01	0.00000000000000e+00	4.74465046475268e+02	0.00000000000000e+00	1
5	44	18	31	5.00000000000000e-02	0.00000000000000e+00	0.00000000000000e+00	0.00000000000000e+00	9.01143293981491e+01	0.00000000000000e+00	4.80756159575454e+02	0.00000000000000e+00	1
6	45	19	32	5.00000000000000e-02	0.00000000000000e+00	0.00000000000000e+00	0.00000000000000e+00	9.28998772680945e+01	0.00000000000000e+00	5.00165557960342e+02	0.00000000000000e+00	1
7	46	20	33	5.00000000000000e-02	0.00000000000000e+00	0.00000000000000e+00	0.00000000000000e+00	9.48807739259858e+01	0.00000000000000e+00	6.25297000210972e+02	0.00000000000000e+00	1
8	47	21	34	5.00000000000000e-02	0.00000000000000e+00	0.00000000000000e+00	0.00000000000000e+00	9.59721203720451e+01	0.00000000000000e+00	6.35302155991545e+02	0.00000000000000e+00	1
9	48	22	35	5.00000000000000e-02	0.00000000000000e+00	0.00000000000000e+00	0.00000000000000e+00	9.59456963975038e+01	0.00000000000000e+00	6.06704982712128e+02	0.00000000000000e+00	1
10	49	23	36	5.00000000000000e-02	0.00000000000000e+00	0.00000000000000e+00	0.00000000000000e+00	9.60794280606368e+01	0.00000000000000e+00	6.23636545373082e+02	0.00000000000000e+00	1
11	50	24	37	5.00000000000000e-02	0.00000000000000e+00	0.00000000000000e+00	0.00000000000000e+00	9.60982111593970e+01	0.00000000000000e+00	6.66846522335373e+02	0.00000000000000e+00	1
12	51	25	38	5.00000000000000e-02	0.00000000000000e+00	0.00000000000000e+00	0.00000000000000e+00	9.59069536939978e+01	0.00000000000000e+00	7.44439406289935e+02	0.00000000000000e+00	1
13	52	26	39	5.00000000000000e-02	0.00000000000000e+00	0.00000000000000e+00	0.00000000000000e+00	9.57992268013183e+01	0.00000000000000e+00	6.82165483988096e+02	0.00000000000000e+00	1
14	53	27	40	5.00000000000000e-02	0.00000000000000e+00	0.00000000000000e+00	0.00000000000000e+00	9.55702699854083e+01	0.00000000000000e+00	6.43574062888907e+02	0.00000000000000e+00	1
15	54	28	41	5.00000000000000e-02	0.00000000000000e+00	0.00000000000000e+00	0.00000000000000e+00	9.54276424181763e+01	0.00000000000000e+00	6.85458732631397e+02	0.00000000000000e+00	1
16	55	29	42	5.00000000000000e-02	0.00000000000000e+00	0.00000000000000e+00	0.00000000000000e+00	9.47767637066327e+01	0.00000000000000e+00	6.77558724871370e+02	0.00000000000000e+00	1
17	56	30	43	5.00000000000000e-02	0.00000000000000e+00	0.00000000000000e+00	0.00000000000000e+00	9.42288789426681e+01	0.00000000000000e+00	5.89920023103613e+02	0.00000000000000e+00	1
18	57	31	44	5.00000000000000e-02	0.00000000000000e+00	0.00000000000000e+00	0.00000000000000e+00	9.32686598013352e+01	0.00000000000000e+00	6.65909900686809e+02	0.00000000000000e+00	1
19	58	32	45	5.00000000000000e-02	0.00000000000000e+00	0.00000000000000e+00	0.00000000000000e+00	9.21146329110777e+01	0.00000000000000e+00	6.26680431016188e+02	0.00000000000000e+00	1
20	59	33	46	5.00000000000000e-02	0.00000000000000e+00	0.00000000000000e+00	0.00000000000000e+00	9.02353522450188e+01	0.00000000000000e+00	6.01874224535192e+02	0.00000000000000e+00	1
21	60	34	47	5.00000000000000e-02	0.00000000000000e+00	0.00000000000000e+00	0.00000000000000e+00	8.82531079689267e+01	0.00000000000000e+00	5.97345495599767e+02	0.00000000000000e+00	1
22	61	35	48	5.00000000000000e-02	0.00000000000000e+00	0.00000000000000e+00	0.00000000000000e+00	8.61524387751339e+01	0.00000000000000e+00	5.52647770226598e+02	0.00000000000000e+00	1
23	62	36	49	5.00000000000000e-02	0.00000000000000e+00	0.00000000000000e+00	0.00000000000000e+00	8.46830844516818e+01	0.00000000000000e+00	4.99384215999133e+02	0.00000000000000e+00	1
24	63	37	50	5.00000000000000e-02	0.00000000000000e+00	0.00000000000000e+00	0.00000000000000e+00	8.37236919157847e+01	0.00000000000000e+00	4.72048025306412e+02	0.00000000000000e+00	1
25	64	38	51	5.00000000000000e-02	0.00000000000000e+00	0.00000000000000e+00	0.00000000000000e+00	8.27414219376290e+01	0.00000000000000e+00	5.57111886282479e+02	0.00000000000000e+00	1
26	65	39	52	5.00000000000000e-02	0.00000000000000e+00	0.00000000000000e+00	0.00000000000000e+00	8.22495943112955e+01	0.00000000000000e+00	4.89904898787869e+02	0.00000000000000e+00	1
27	66	40	53	5.00000000000000e-02	0.00000000000000e+00	0.00000000000000e+00	0.00000000000000e+00	8.22391094227995e+01	0.00000000000000e+00	4.83941864197488e+02	0.00000000000000e+00	1
28	67	41	54	5.00000000000000e-02	0.00000000000000e+00	0.00000000000000e+00	0.00000000000000e+00	8.27826641322575e+01	0.00000000000000e+00	4.86752448670683e+02	0.00000000000000e+00	1
29	68	42	55	5.00000000000000e-02	0.00000000000000e+00	0.00000000000000e+00	0.00000000000000e+00	8.36656145856554e+01	0.00000000000000e+00	4.97176218782866e+02	0.00000000000000e+00	1
30	69	43	56	5.00000000000000e-02	0.00000000000000e+00	0.00000000000000e+00	0.00000000000000e+00	8.50578253314661e+01	0.00000000000000e+00	4.93821147929770e+02	0.00000000000000e+00	1
31	70	44	57	5.00000000000000e-02	0.00000000000000e+00	0.00000000000000e+00	0.00000000000000e+00	8.67309857263396e+01	0.00000000000000e+00	5.00665645743640e+02	0.00000000000000e+00	1
32	71	45	58	5.00000000000000e-02	0.00000000000000e+00	0.00000000000000e+00	0.00000000000000e+00	8.85031768270755e+01	0.00000000000000e+00	5.26009226183653e+02	0.00000000000000e+00	1
33	72	46	59	5.00000000000000e-02	0.00000000000000e+00	0.00000000000000e+00	0.00000000000000e+00	8.97289895892312e+01	0.00000000000000e+00	5.69582557769492e+02	0.00000000000000e+00	1
1	43	15	29	5.00000000000000e-02	0.00000000000000e+00	0.00000000000000e+00	0.00000000000000e+00	9.27948726618067e+01	0.00000000000000e+00	4.56637493400795e+02	0.00000000000000e+00	1
2	44	16	30	5.00000000000000e-02	0.00000000000000e+00	0.00000000000000e+00	0.00000000000000e+00	9.49718802702998e+01	0.00000000000000e+00	4.71125322549958e+02	0.00000000000000e+00	1
3	45	17	31	5.00000000000000e-02	0.00000000000000e+00	0.00000000000000e+00	0.00000000000000e+00	9.73428182840831e+01	0.00000000000000e+00	5.11662745957852e+02	0.00000000000000e+00	1
4	46	18	32	5.00000000000000e-02	0.00000000000000e+00	0.00000000000000e+00	0.00000000000000e+00	9.99529712877164e+01	0.00000000000000e+00	5.41459011817813e+02	0.00000000000000e+00	1
5	47	19	33	5.00000000000000e-02	0.00000000000000e+00	0.00000000000000e+00	0.00000000000000e+00	1.01847924244999e+02	0.00000000000000e+00	6.45291784536360e+02	0.00000000000000e+00	1
6	48	20	34	5.00000000000000e-02	0.00000000000000e+00	0.00000000000000e+00	0.00000000000000e+00	1.02816659208504e+02	0.00000000000000e+00	5.50918831208192e+02	0.00000000000000e+00	1
7	49	21	35	5.00000000000000e-02	0.00000000000000e+00	0.00000000000000e+00	0.00000000000000e+00	1.02791588590334e+02	0.00000000000000e+00	6.90041202887311e+02	0.00000000000000e+00	1
8	50	22	36	5.00000000000000e-02	0.00000000000000e+00	0.00000000000000e+00	0.00000000000000e+00	1.03050448134373e+02	0.00000000000000e+00	7.06908152783154e+02	0.00000000000000e+00	1
9	51	23	37	5.00000000000000e-02	0.00000000000000e+00	0.00000000000000e+00	0.00000000000000e+00	1.03320708732427e+02	0.00000000000000e+00	6.04425952724017e+02	0.00000000000000e+00	1
10	52	24	38	5.00000000000000e-02	0.00000000000000e+00	0.00000000000000e+00	0.00000000000000e+00	1.02851946018027e+02	0.00000000000000e+00	6.75537223981623e+02	0.00000000000000e+00	1
11	53	25	39	5.00000000000000e-02	0.00000000000000e+00	0.00000000000000e+00	0.00000000000000e+00	1.02792625264432e+02	0.00000000000000e+00	6.82663145236973e+02	0.00000000000000e+00	1
12	54	26	40	5.00000000000000e-02	0.00000000000000e+00	0.00000000000000e+00	0.00000000000000e+00	1.02459196216633e+02	0.00000000000000e+00	6.48656303801288e+02	0.00000000000000e+00	1
13	55	27	41	5.00000000000000e-02	0.00000000000000e+00	0.00000000000000e+00	0.00000000000000e+00	1.02455897517082e+02	0.00000000000000e+00	6.75749277191107e+02	0.00000000000000e+00	1
14	56	28	42	5.00000000000000e-02	0.00000000000000e+00	0.00000000000000e+00	0.00000000000000e+00	1.01815711485978e+02	0.00000000000000e+00	6.61116361866282e+02	0.00000000000000e+00	1
15	57	29	43	5.00000000000000e-02	0.00000000000000e+00	0.00000000000000e+00	0.00000000000000e+00	1.01131218900591e+02	0.00000000000000e+00	7.56134427749299e+02	0.00000000000000e+00	1
16	58	30	44	5.00000000000000e-02	0.00000000000000e+00	0.00000000000000e+00	0.00000000000000e+00	1.00453448471077e+02	0.00000000000000e+00	7.15191666225488e+02	0.00000000000000e+00	1
17	59	31	45	5.00000000000000e-02	0.00000000000000e+00	0.00000000000000e+00	0.00000000000000e+00	9.93798664280313e+01	0.00000000000000e+00	7.12403058749647e+02	0.00000000000000e+00	1
18	60	32	46	5.00000000000000e-02	0.00000000000000e+00	0.00000000000000e+00	0.00000000000000e+00	9.87188703471114e+01	0.00000000000000e+00	6.64588106557765e+02	0.00000000000000e+00	1
19	61	33	47	5.00000000000000e-02	0.00000000000000e+00	0.00000000000000e+00	0.00000000000000e+00	9.69772892580553e+01	0.00000000000000e+00	5.60575937821815e+02	0.00000000000000e+00	1
20	62	34	48	5.00000000000000e-02	0.00000000000000e+00	0.00000000000000e+00	0.00000000000000e+00	9.47464771997504e+01	0.00000000000000e+00	5.43046733137793e+02	0.00000000000000e+00	1
21	63	35	49	5.00000000000000e-02	0.00000000000000e+00	0.00000000000000e+00	0.00000000000000e+00	9.26937237135747e+01	0.00000000000000e+00	5.47308064753814e+02	0.00000000000000e+00	1
22	64	36	50	5.00000000000000e-02	0.00000000000000e+00	0.00000000000000e+00	0.00000000000000e+00	9.11830387524669e+01	0.00000000000000e+00	4.91610196609081e+02	0.00000000000000e+00	1
23	65	37	51	5.00000000000000e-02	0.00000000000000e+00	0.00000000000000e+00	0.00000000000000e+00	8.97084071844875e+01	0.00000000000000e+00	5.31696306806587e+02	0.00000000000000e+00	1
24	66	38	52	5.00000000000000e-02	0.00000000000000e+00	0.00000000000000e+00	0.00000000000000e+00	8.87796205083693e+01	0.00000000000000e+00	4.93447950345890e+02	0.00000000000000e+00	1
25	67	39	53	5.00000000000000e-02	0.00000000000000e+00	0.00000000000000e+00	0.00000000000000e+00	8.83025974050716e+01	0.00000000000000e+00	4.84379972879602e+02	0.00000000000000e+00	1
26	68	40	54	5.00000000000000e-02	0.00000000000000e+00	0.00000000000000e+00	0.00000000000000e+00	8.82544406107308e+01	0.00000000000000e+00	5.09019274445156e+02	0.00000000000000e+00	1
27	69	41	55	5.00000000000000e-02	0.00000000000000e+00	0.00000000000000e+00	0.00000000000000e+00	8.85053613894463e+01	0.00000000000000e+00	5.00148851630359e+02	0.00000000000000e+00	1
28	70	42	56	5.00000000000000e-02	0.00000000000000e+00	0.00000000000000e+00	0.00000000000000e+00	8.92950943669570e+01	0.00000000000000e+00	4.87424963806452e+02	0.00000000000000e+00	1
29	71	43	57	5.00000000000000e-02	0.00000000000000e+00	0.00000000000000e+00	0.00000000000000e+00	9.03682226787093e+01	0.00000000000000e+00	5.32757864444944e+02	0.00000000000000e+00	1
30	72	44	58	5.00000000000000e-02	0.00000000000000e+00	0.00000000000000e+00	0.00000000000000e+00	9.17361413893742e+01	0.00000000000000e+00	4.88546423843942e+02	0.00000000000000e+00	1
1	46	16	31	5.00000000000000e-02	0.00000000000000e+00	0.00000000000000e+00	0.00000000000000e+00	1.04540211519137e+02	0.00000000000000e+00	5.30497216373732e+02	0.00000000000000e+00	1
2	47	17	32	5.00000000000000e-02	0.00000000000000e+00	0.00000000000000e+00	0.00000000000000e+00	1.07012983511838e+02	0.00000000000000e+00	5.62001194113965e+02	0.00000000000000e+00	1
3	48	18	33	5.00000000000000e-02	0.00000000000000e+00	0.00000000000000e+00	0.00000000000000e+00	1.08684866573821e+02	0.00000000000000e+00	5.90835937538777e+02	0.00000000000000e+00	1
4	49	19	34	5.00000000000000e-02	0.00000000000000e+00	0.00000000000000e+00	0.00000000000000e+00	1.09593283954014e+02	0.00000000000000e+00	6.48018883405064e+02	0.00000000000000e+00	1
5	50	20	35	5.00000000000000e-02	0.00000000000000e+00	0.00000000000000e+00	0.00000000000000e+00	1.09547279944486e+02	0.00000000000000e+00	6.16015275954374e+02	0.00000000000000e+00	1
6	51	21	36	5.00000000000000e-02	0.00000000000000e+00	0.00000000000000e+00	0.00000000000000e+00	1.10083262251591e+02	0.00000000000000e+00	6.99056585398937e+02	0.00000000000000e+00	1
7	52	22	37	5.00000000000000e-02	0.00000000000000e+00	0.00000000000000e+00	0.00000000000000e+00	1.10311937341448e+02	0.00000000000000e+00	6.74571669425474e+02	0.00000000000000e+00	1
8	53	23	38	5.00000000000000e-02	0.00000000000000e+00	0.00000000000000e+00	0.00000000000000e+00	1.10049663973903e+02	0.00000000000000e+00	6.73557295915496e+02	0.00000000000000e+00	1
9	54	24	39	5.00000000000000e-02	0.00000000000000e+00	0.00000000000000e+00	0.00000000000000e+00	1.09626045531175e+02	0.00000000000000e+00	7.30333809485180e+02	0.00000000000000e+00	1
10	55	25	40	5.00000000000000e-02	0.00000000000000e+00	0.00000000000000e+00	0.00000000000000e+00	1.09263463521807e+02	0.00000000000000e+00	6.77377476230491e+02	0.00000000000000e+00	1
11	56	26	41	5.00000000000000e-02	0.00000000000000e+00	0.00000000000000e+00	0.00000000000000e+00	1.09164085405626e+02	0.00000000000000e+00	6.59173706345040e+02	0.00000000000000e+00	1
12	57	27	42	5.00000000000000e-02	0.00000000000000e+00	0.00000000000000e+00	0.00000000000000e+00	1.08626613468398e+02	0.00000000000000e+00	6.55432253971809e+02	0.00000000000000e+00	1
13	58	28	43	5.00000000000000e-02	0.00000000000000e+00	0.00000000000000e+00	0.00000000000000e+00	1.08243533914130e+02	0.00000000000000e+00	7.27357234677199e+02	0.00000000000000e+00	1
14	59	29	44	5.00000000000000e-02	0.00000000000000e+00	0.00000000000000e+00	0.00000000000000e+00	1.07384177210695e+02	0.00000000000000e+00	6.54501871783658e+02	0.00000000000000e+00	1
15	60	30	45	5.00000000000000e-02	0.00000000000000e+00	0.00000000000000e+00	0.00000000000000e+00	1.06787376322785e+02	0.00000000000000e+00	7.48485065814872e+02	0.00000000000000e+00	1
16	61	31	46	5.00000000000000e-02	0.00000000000000e+00	0.00000000000000e+00	0.00000000000000e+00	1.05755259434996e+02	0.00000000000000e+00	6.06886191762577e+02	0.00000000000000e+00	1
17	62	32	47	5.00000000000000e-02	0.00000000000000e+00	0.00000000000000e+00	0.00000000000000e+00	1.04834271845488e+02	0.00000000000000e+00	7.05682657443277e+02	0.00000000000000e+00	1
18	63	33	48	5.00000000000000e-02	0.00000000000000e+00	0.00000000000000e+00	0.00000000000000e+00	1.03463826741219e+02	0.00000000000000e+00	6.11995690506770e+02	0.00000000000000e+00	1
19	64	34	49	5.00000000000000e-02	0.00000000000000e+00	0.00000000000000e+00	0.00000000000000e+00	1.01356383478693e+02	0.00000000000000e+00	5.69549377465563e+02	0.00000000000000e+00	1
20	65	35	50	5.00000000000000e-02	0.00000000000000e+00	0.00000000000000e+00	0.00000000000000e+00	9.91850738812147e+01	0.00000000000000e+00	5.34634992265857e+02	0.00000000000000e+00	1
21	66	36	51	5.00000000000000e-02	0.00000000000000e+00	0.00000000000000e+00	0.00000000000000e+00	9.72902966560103e+01	0.00000000000000e+00	5.45041678114262e+02	0.00000000000000e+00	1
22	67	37	52	5.00000000000000e-02	0.00000000000000e+00	0.00000000000000e+00	0.00000000000000e+00	9.60107090628905e+01	0.00000000000000e+00	5.20660710370386e+02	0.00000000000000e+00	1
23	68	38	53	5.00000000000000e-02	0.00000000000000e+00	0.00000000000000e+00	0.00000000000000e+00	9.49669236344245e+01	0.00000000000000e+00	5.37108005438428e+02	0.00000000000000e+00	1
24	69	39	54	5.00000000000000e-02	0.00000000000000e+00	0.00000000000000e+00	0.00000000000000e+00	9.45626626735127e+01	0.00000000000000e+00	5.05802814994630e+02	0.00000000000000e+00	1
25	70	40	55	5.00000000000000e-02	0.00000000000000e+00	0.00000000000000e+00	0.00000000000000e+00	9.43287922424444e+01	0.00000000000000e+00	5.07858874206336e+02	0.00000000000000e+00	1
26	71	41	56	5.00000000000000e-02	0.00000000000000e+00	0.00000000000000e+00	0.00000000000000e+00	9.43022633513977e+01	0.00000000000000e+00	4.91764488298715e+02	0.00000000000000e+00	1
27	72	42	57	5.00000000000000e-02	0.00000000000000e+00	0.00000000000000e+00	0.00000000000000e+00	9.49461433897574e+01	0.00000000000000e+00	5.02060967923947e+02	0.00000000000000e+00	1
1	49	17	33	5.00000000000000e-02	0.00000000000000e+00	0.00000000000000e+00	0.00000000000000e+00	1.15740659195357e+02	0.00000000000000e+00	6.07453167159509e+02	0.00000000000000e+00	1
2	50	18	34	5.00000000000000e-02	0.00000000000000e+00	0.00000000000000e+00	0.00000000000000e+00	1.16229820157501e+02	0.00000000000000e+00	5.77957748986469e+02	0.00000000000000e+00	1
3	51	19	35	5.00000000000000e-02	0.00000000000000e+00	0.00000000000000e+00	0.00000000000000e+00	1.16422920794151e+02	0.00000000000000e+00	6.13995644690477e+02	0.00000000000000e+00	1
4	52	20	36	5.00000000000000e-02	0.00000000000000e+00	0.00000000000000e+00	0.00000000000000e+00	1.16952172725739e+02	0.00000000000000e+00	7.03121475396550e+02	0.00000000000000e+00	1
5	53	21	37	5.00000000000000e-02	0.00000000000000e+00	0.00000000000000e+00	0.00000000000000e+00	1.17311784388918e+02	0.00000000000000e+00	6.94395666077717e+02	0.00000000000000e+00	1
6	54	22	38	5.00000000000000e-02	0.00000000000000e+00	0.00000000000000e+00	0.00000000000000e+00	1.16807451965547e+02	0.00000000000000e+00	6.88306721512263e+02	0.00000000000000e+00	1
7	55	23	39	5.00000000000000e-02	0.00000000000000e+00	0.00000000000000e+00	0.00000000000000e+00	1.16518895387333e+02	0.00000000000000e+00	7.02016738920586e+02	0.00000000000000e+00	1
8	56	24	40	5.00000000000000e-02	0.00000000000000e+00	0.00000000000000e+00	0.00000000000000e+00	1.16198951758292e+02	0.00000000000000e+00	7.20205305765731e+02	0.00000000000000e+00	1
9	57	25	41	5.00000000000000e-02	0.00000000000000e+00	0.00000000000000e+00	0.00000000000000e+00	1.15847396716597e+02	0.00000000000000e+00	6.92202743916569e+02	0.00000000000000e+00	1
10	58	26	42	5.00000000000000e-02	0.00000000000000e+00	0.00000000000000e+00	0.00000000000000e+00	1.15320863055102e+02	0.00000000000000e+00	6.86689684489479e+02	0.00000000000000e+00	1
11	59	27	43	5.00000000000000e-02	0.00000000000000e+00	0.00000000000000e+00	0.00000000000000e+00	1.14919607039048e+02	0.00000000000000e+00	7.25115537786877e+02	0.00000000000000e+00	1
12	60	28	44	5.00000000000000e-02	0.00000000000000e+00	0.00000000000000e+00	0.00000000000000e+00	1.14585765757575e+02	0.00000000000000e+00	6.79598154833835e+02	0.00000000000000e+00	1
13	61	29	45	5.00000000000000e-02	0.00000000000000e+00	0.00000000000000e+00	0.00000000000000e+00	1.13721783027360e+02	0.00000000000000e+00	7.22431075540631e+02	0.00000000000000e+00	1
14	62	30	46	5.00000000000000e-02	0.00000000000000e+00	0.00000000000000e+00	0.00000000000000e+00	1.12868341114031e+02	0.00000000000000e+00	6.36822715231407e+02	0.00000000000000e+00	1
15	63	31	47	5.00000000000000e-02	0.00000000000000e+00	0.00000000000000e+00	0.00000000000000e+00	1.12052195259648e+02	0.00000000000000e+00	7.20935583316303e+02	0.00000000000000e+00	1
16	64	32	48	5.00000000000000e-02	0.00000000000000e+00	0.00000000000000e+00	0.00000000000000e+00	1.11062023617566e+02	0.00000000000000e+00	6.75760969912429e+02	0.00000000000000e+00	1
17	65	33	49	5.00000000000000e-02	0.00000000000000e+00	0.00000000000000e+00	0.00000000000000e+00	1.09567573119660e+02	0.00000000000000e+00	6.24822686281318e+02	0.00000000000000e+00	1
18	66	34	50	5.00000000000000e-02	0.00000000000000e+00	0.00000000000000e+00	0.00000000000000e+00	1.07817805465253e+02	0.00000000000000e+00	6.14810427637159e+02	0.00000000000000e+00	1
19	67	35	51	5.00000000000000e-02	0.00000000000000e+00	0.00000000000000e+00	0.00000000000000e+00	1.05577296216007e+02	0.00000000000000e+00	6.10528374287641e+02	0.00000000000000e+00	1
20	68	36	52	5.00000000000000e-02	0.00000000000000e+00	0.00000000000000e+00	0.00000000000000e+00	1.03724074383358e+02	0.00000000000000e+00	5.72927632727150e+02	0.00000000000000e+00	1
21	69	37	53	5.00000000000000e-02	0.00000000000000e+00	0.00000000000000e+00	0.00000000000000e+00	1.02323980317812e+02	0.00000000000000e+00	4.81611888070063e+02	0.00000000000000e+00	1
22	70	38	54	5.00000000000000e-02	0.00000000000000e+00	0.00000000000000e+00	0.00000000000000e+00	1.01376591232867e+02	0.00000000000000e+00	4.91406254464494e+02	0.00000000000000e+00	1
23	71	39	55	5.00000000000000e-02	0.00000000000000e+00	0.00000000000000e+00	0.00000000000000e+00	1.00649921609228e+02	0.00000000000000e+00	5.03119929206193e+02	0.00000000000000e+00	1
24	72	40	56	5.00000000000000e-02	0.00000000000000e+00	0.00000000000000e+00	0.00000000000000e+00	1.00334871152574e+02	0.00000000000000e+00	5.14633517075703e+02	0.00000000000000e+00	1
1	52	18	35	5.00000000000000e-02	0.00000000000000e+00	0.00000000000000e+00	0.00000000000000e+00	1.23382417706473e+02	0.00000000000000e+00	6.75486577271655e+02	0.00000000000000e+00	1
2	53	19	36	5.00000000000000e-02	0.00000000000000e+00	0.00000000000000e+00	0.00000000000000e+00	1.23690353082787e+02	0.00000000000000e+00	6.53581196767003e+02	0.00000000000000e+00	1
3	54	20	37	5.00000000000000e-02	0.00000000000000e+00	0.00000000000000e+00	0.00000000000000e+00	1.23837851467387e+02	0.00000000000000e+00	7.02288566198153e+02	0.00000000000000e+00	1
4	55	21	38	5.00000000000000e-02	0.00000000000000e+00	0.00000000000000e+00	0.00000000000000e+00	1.23597527277400e+02	0.00000000000000e+00	6.78472450664947e+02	0.00000000000000e+00	1
5	56	22	39	5.00000000000000e-02	0.00000000000000e+00	0.00000000000000e+00	0.00000000000000e+00	1.23375260295759e+02	0.00000000000000e+00	6.87633798610004e+02	0.00000000000000e+00	1
6	57	23	40	5.00000000000000e-02	0.00000000000000e+00	0.00000000000000e+00	0.00000000000000e+00	1.22848652679622e+02	0.00000000000000e+00	6.62102611119757e+02	0.00000000000000e+00	1
7	58	24	41	5.00000000000000e-02	0.00000000000000e+00	0.00000000000000e+00	0.00000000000000e+00	1.22649784361348e+02	0.00000000000000e+00	6.84756857161687e+02	0.00000000000000e+00	1
8	59	25	42	5.00000000000000e-02	0.00000000000000e+00	0.00000000000000e+00	0.00000000000000e+00	1.22163569283420e+02	0.00000000000000e+00	6.73096628833033e+02	0.00000000000000e+00	1
9	60	26	43	5.00000000000000e-02	0.00000000000000e+00	0.00000000000000e+00	0.00000000000000e+00	1.21825241238484e+02	0.00000000000000e+00	6.88031692188477e+02	0.00000000000000e+00	1
10	61	27	44	5.00000000000000e-02	0.00000000000000e+00	0.00000000000000e+00	0.00000000000000e+00	1.21167602881035e+02	0.00000000000000e+00	7.67932792686675e+02	0.00000000000000e+00	1
11	62	28	45	5.00000000000000e-02	0.00000000000000e+00	0.00000000000000e+00	0.00000000000000e+00	1.20459777030611e+02	0.00000000000000e+00	6.88252392576703e+02	0.00000000000000e+00	1
12	63	29	46	5.00000000000000e-02	0.00000000000000e+00	0.00000000000000e+00	0.00000000000000e+00	1.19853425843783e+02	0.00000000000000e+00	8.11856701599741e+02	0.00000000000000e+00	1
13	64	30	47	5.00000000000000e-02	0.00000000000000e+00	0.00000000000000e+00	0.00000000000000e+00	1.19134665977325e+02	0.00000000000000e+00	7.24033125992861e+02	0.00000000000000e+00	1
14	65	31	48	5.00000000000000e-02	0.00000000000000e+00	0.00000000000000e+00	0.00000000000000e+00	1.18074194316215e+02	0.00000000000000e+00	7.00426388541525e+02	0.00000000000000e+00	1
15	66	32	49	5.00000000000000e-02	0.00000000000000e+00	0.00000000000000e+00	0.00000000000000e+00	1.17256366502790e+02	0.00000000000000e+00	6.38905234053868e+02	0.00000000000000e+00	1
16	67	33	50	5.00000000000000e-02	0.00000000000000e+00	0.00000000000000e+00	0.00000000000000e+00	1.16016287395406e+02	0.00000000000000e+00	6.51639764540976e+02	0.00000000000000e+00	1
17	68	34	51	5.00000000000000e-02	0.00000000000000e+00	0.00000000000000e+00	0.00000000000000e+00	1.13918067759527e+02	0.00000000000000e+00	5.84004693994200e+02	0.00000000000000e+00	1
18	69	35	52	5.00000000000000e-02	0.00000000000000e+00	0.00000000000000e+00	0.00000000000000e+00	1.11984931386164e+02	0.00000000000000e+00	5.78283455991970e+02	0.00000000000000e+00	1
19	70	36	53	5.00000000000000e-02	0.00000000000000e+00	0.00000000000000e+00	0.00000000000000e+00	1.10196383110659e+02	0.00000000000000e+00	6.33114161689156e+02	0.00000000000000e+00	1
20	71	37	54	5.00000000000000e-02	0.00000000000000e+00	0.00000000000000e+00	0.00000000000000e+00	1.08732565717344e+02	0.00000000000000e+00	5.46014775845028e+02	0.00000000000000e+00	1
21	72	38	55	5.00000000000000e-02	0.00000000000000e+00	0.00000000000000e+00	0.00000000000000e+00	1.07552208878405e+02	0.00000000000000e+00	5.68892412315071e+02	0.00000000000000e+00	1
1	55	19	37	5.00000000000000e-02	0.00000000000000e+00	0.00000000000000e+00	0.00000000000000e+00	1.30588224960519e+02	0.00000000000000e+00	6.73786701804744e+02	0.00000000000000e+00	1
2	56	20	38	5.00000000000000e-02	0.00000000000000e+00	0.00000000000000e+00	0.00000000000000e+00	1.30123726088077e+02	0.00000000000000e+00	7.10391506496349e+02	0.00000000000000e+00	1
3	57	21	39	5.00000000000000e-02	0.00000000000000e+00	0.00000000000000e+00	0.00000000000000e+00	1.29811989781259e+02	0.00000000000000e+00	7.81047048225466e+02	0.00000000000000e+00	1
4	58	22	40	5.00000000000000e-02	0.00000000000000e+00	0.00000000000000e+00	0.00000000000000e+00	1.29671760305357e+02	0.00000000000000e+00	6.98512992539598e+02	0.00000000000000e+00	1
5	59	23	41	5.00000000000000e-02	0.00000000000000e+00	0.00000000000000e+00	0.00000000000000e+00	1.29450910504317e+02	0.00000000000000e+00	7.90959169948801e+02	0.00000000000000e+00	1
6	60	24	42	5.00000000000000e-02	0.00000000000000e+00	0.00000000000000e+00	0.00000000000000e+00	1.29056045288920e+02	0.00000000000000e+00	7.54352330252909e+02	0.00000000000000e+00	1
7	61	25	43	5.00000000000000e-02	0.00000000000000e+00	0.00000000000000e+00	0.00000000000000e+00	1.28457584669025e+02	0.00000000000000e+00	7.15226301983055e+02	0.00000000000000e+00	1
8	62	26	44	5.00000000000000e-02	0.00000000000000e+00	0.00000000000000e+00	0.00000000000000e+00	1.27902949128966e+02	0.00000000000000e+00	7.60856466199431e+02	0.00000000000000e+00	1
9	63	27	45	5.00000000000000e-02	0.00000000000000e+00	0.00000000000000e+00	0.00000000000000e+00	1.27220960120556e+02	0.00000000000000e+00	7.72470310523663e+02	0.00000000000000e+00	1
10	64	28	46	5.00000000000000e-02	0.00000000000000e+00	0.00000000000000e+00	0.00000000000000e+00	1.26467263277657e+02	0.00000000000000e+00	7.56332816723212e+02	0.00000000000000e+00	1
11	65	29	47	5.00000000000000e-02	0.00000000000000e+00	0.00000000000000e+00	0.00000000000000e+00	1.25746370797460e+02	0.00000000000000e+00	6.69288084074374e+02	0.00000000000000e+00	1
12	66	30	48	5.00000000000000e-02	0.00000000000000e+00	0.00000000000000e+00	0.00000000000000e+00	1.25126322867000e+02	0.00000000000000e+00	6.87916038224395e+02	0.00000000000000e+00	1
13	67	31	49	5.00000000000000e-02	0.00000000000000e+00	0.00000000000000e+00	0.00000000000000e+00	1.24476127079899e+02	0.00000000000000e+00	6.94214370026874e+02	0.00000000000000e+00	1
14	68	32	50	5.00000000000000e-02	0.00000000000000e+00	0.00000000000000e+00	0.00000000000000e+00	1.23640186774765e+02	0.00000000000000e+00	6.79318493395689e+02	0.00000000000000e+00	1
15	69	33	51	5.00000000000000e-02	0.00000000000000e+00	0.00000000000000e+00	0.00000000000000e+00	1.22164529374737e+02	0.00000000000000e+00	6.62924391995360e+02	0.00000000000000e+00	1
16	70	34	52	5.00000000000000e-02	0.00000000000000e+00	0.00000000000000e+00	0.00000000000000e+00	1.20204629154497e+02	0.00000000000000e+00	6.21495095912755e+02	0.00000000000000e+00	1
17	71	35	53	5.00000000000000e-02	0.00000000000000e+00	0.00000000000000e+00	0.00000000000000e+00	1.18064375000819e+02	0.00000000000000e+00	5.52653513808061e+02	0.00000000000000e+00	1
18	72	36	54	5.00000000000000e-02	0.00000000000000e+00	0.00000000000000e+00	0.00000000000000e+00	1.16570090816827e+02	0.00000000000000e+00	5.88112831331261e+02	0.00000000000000e+00	1
1	58	20	39	5.00000000000000e-02	0.00000000000000e+00	0.00000000000000e+00	0.00000000000000e+00	1.36551864576329e+02	0.00000000000000e+00	7.47033067882916e+02	0.00000000000000e+00	1
2	59	21	40	5.00000000000000e-02	0.00000000000000e+00	0.00000000000000e+00	0.00000000000000e+00	1.36160825639838e+02	0.00000000000000e+00	7.47994710036722e+02	0.00000000000000e+00	1
3	60	22	41	5.00000000000000e-02	0.00000000000000e+00	0.00000000000000e+00	0.00000000000000e+00	1.36249916015900e+02	0.00000000000000e+00	7.74580893381621e+02	0.00000000000000e+00	1
4	61	23	42	5.00000000000000e-02	0.00000000000000e+00	0.00000000000000e+00	0.00000000000000e+00	1.35745753589623e+02	0.00000000000000e+00	7.71970308311910e+02	0.00000000000000e+00	1
5	62	24	43	5.00000000000000e-02	0.00000000000000e+00	0.00000000000000e+00	0.00000000000000e+00	1.35168916765317e+02	0.00000000000000e+00	7.60819154422406e+02	0.00000000000000e+00	1
6	63	25	44	5.00000000000000e-02	0.00000000000000e+00	0.00000000000000e+00	0.00000000000000e+00	1.34589408090529e+02	0.00000000000000e+00	7.45731787207783e+02	0.00000000000000e+00	1
7	64	26	45	5.00000000000000e-02	0.00000000000000e+00	0.00000000000000e+00	0.00000000000000e+00	1.33722901660257e+02	0.00000000000000e+00	6.86384326164555e+02	0.00000000000000e+00	1
8	65	27	46	5.00000000000000e-02	0.00000000000000e+00	0.00000000000000e+00	0.00000000000000e+00	1.33157507746473e+02	0.00000000000000e+00	7.65425773933411e+02	0.00000000000000e+00	1
9	66	28	47	5.00000000000000e-02	0.00000000000000e+00	0.00000000000000e+00	0.00000000000000e+00	1.32459195815018e+02	0.00000000000000e+00	7.47186983070515e+02	0.00000000000000e+00	1
10	67	29	48	5.00000000000000e-02	0.00000000000000e+00	0.00000000000000e+00	0.00000000000000e+00	1.31861765976577e+02	0.00000000000000e+00	7.45039399855990e+02	0.00000000000000e+00	1
11	68	30	49	5.00000000000000e-02	0.00000000000000e+00	0.00000000000000e+00	0.00000000000000e+00	1.31307784443358e+02	0.00000000000000e+00	6.78547094764392e+02	0.00000000000000e+00	1
12	69	31	50	5.00000000000000e-02	0.00000000000000e+00	0.00000000000000e+00	0.00000000000000e+00	1.30794199175205e+02	0.00000000000000e+00	6.77738810862053e+02	0.00000000000000e+00	1
13	70	32	51	5.00000000000000e-02	0.00000000000000e+00	0.00000000000000e+00	0.00000000000000e+00	1.29833356550348e+02	0.00000000000000e+00	7.36261925911924e+02	0.00000000000000e+00	1
14	71	33	52	5.00000000000000e-02	0.00000000000000e+00	0.00000000000000e+00	0.00000000000000e+00	1.28211312396529e+02	0.00000000000000e+00	6.57920858029925e+02	0.00000000000000e+00	1
15	72	34	53	5.00000000000000e-02	0.00000000000000e+00	0.00000000000000e+00	0.00000000000000e+00	1.26295677281678e+02	0.00000000000000e+00	6.50880966771559e+02	0.00000000000000e+00	1
1	61	21	41	5.00000000000000e-02	0.00000000000000e+00	0.00000000000000e+00	0.00000000000000e+00	1.42877757558274e+02	0.00000000000000e+00	7.47109949134806e+02	0.00000000000000e+00	1
2	62	22	42	5.00000000000000e-02	0.00000000000000e+00	0.00000000000000e+00	0.00000000000000e+00	1.42248366506820e+02	0.00000000000000e+00	7.48636917137248e+02	0.00000000000000e+00	1
3	63	23	43	5.00000000000000e-02	0.00000000000000e+00	0.00000000000000e+00	0.00000000000000e+00	1.41798041500468e+02	0.00000000000000e+00	7.90633784010633e+02	0.00000000000000e+00	1
4	64	24	44	5.00000000000000e-02	0.00000000000000e+00	0.00000000000000e+00	0.00000000000000e+00	1.41165247984713e+02	0.00000000000000e+00	7.40446797044392e+02	0.00000000000000e+00	1
5	65	25	45	5.00000000000000e-02	0.00000000000000e+00	0.00000000000000e+00	0.00000000000000e+00	1.40336083938603e+02	0.00000000000000e+00	7.63688728480084e+02	0.00000000000000e+00	1
6	66	26	46	5.00000000000000e-02	0.00000000000000e+00	0.00000000000000e+00	0.00000000000000e+00	1.39637535446094e+02	0.00000000000000e+00	7.40184117665967e+02	0.00000000000000e+00	1
7	67	27	47	5.00000000000000e-02	0.00000000000000e+00	0.00000000000000e+00	0.00000000000000e+00	1.39165373625845e+02	0.00000000000000e+00	7.42218301378663e+02	0.00000000000000e+00	1
8	68	28	48	5.00000000000000e-02	0.00000000000000e+00	0.00000000000000e+00	0.00000000000000e+00	1.38666510639222e+02	0.00000000000000e+00	7.41586229150384e+02	0.00000000000000e+00	1
9	69	29	49	5.00000000000000e-02	0.00000000000000e+00	0.00000000000000e+00	0.00000000000000e+00	1.38106148960609e+02	0.00000000000000e+00	7.52417140343261e+02	0.00000000000000e+00	1
10	70	30	50	5.00000000000000e-02	0.00000000000000e+00	0.00000000000000e+00	0.00000000000000e+00	1.37577447871860e+02	0.00000000000000e+00	7.24989482360023e+02	0.00000000000000e+00	1
11	71	31	51	5.00000000000000e-02	0.00000000000000e+00	0.00000000000000e+00	0.00000000000000e+00	1.36585754139209e+02	0.00000000000000e+00	7.80793084753861e+02	0.00000000000000e+00	1
12	72	32	52	5.00000000000000e-02	0.00000000000000e+00	0.00000000000000e+00	0.00000000000000e+00	1.35767481103715e+02	0.00000000000000e+00	6.79942874265510e+02	0.00000000000000e+00	1
1	64	22	43	5.00000000000000e-02	0.00000000000000e+00	0.00000000000000e+00	0.00000000000000e+00	1.48423261239947e+02	0.00000000000000e+00	7.58266611478384e+02	0.00000000000000e+00	1
2	65	23	44	5.00000000000000e-02	0.00000000000000e+00	0.00000000000000e+00	0.00000000000000e+00	1.47602111625851e+02	0.00000000000000e+00	7.51372131820325e+02	0.00000000000000e+00	1
3	66	24	45	5.00000000000000e-02	0.00000000000000e+00	0.00000000000000e+00	0.00000000000000e+00	1.46777013160170e+02	0.00000000000000e+00	8.24647769109337e+02	0.00000000000000e+00	1
4	67	25	46	5.00000000000000e-02	0.00000000000000e+00	0.00000000000000e+00	0.00000000000000e+00	1.46380879663887e+02	0.00000000000000e+00	7.80686312325752e+02	0.00000000000000e+00	1
5	68	26	47	5.00000000000000e-02	0.00000000000000e+00	0.00000000000000e+00	0.00000000000000e+00	1.45744734356742e+02	0.00000000000000e+00	8.10797710381006e+02	0.00000000000000e+00	1
6	69	27	48	5.00000000000000e-02	0.00000000000000e+00	0.00000000000000e+00	0.00000000000000e+00	1.45310605366653e+02	0.00000000000000e+00	7.12572664430912e+02	0.00000000000000e+00	1
7	70	28	49	5.00000000000000e-02	0.00000000000000e+00	0.00000000000000e+00	0.00000000000000e+00	1.44750868515569e+02	0.00000000000000e+00	7.78378048523978e+02	0.00000000000000e+00	1
8	71	29	50	5.00000000000000e-02	0.00000000000000e+00	0.00000000000000e+00	0.00000000000000e+00	1.44274232416602e+02	0.00000000000000e+00	7.99778244642934e+02	0.00000000000000e+00	1
9	72	30	51	5.00000000000000e-02	0.00000000000000e+00	0.00000000000000e+00	0.00000000000000e+00	1.43392525864714e+02	0.00000000000000e+00	7.59857244500274e+02	0.00000000000000e+00	1
1	67	23	45	5.00000000000000e-02	0.00000000000000e+00	0.00000000000000e+00	0.00000000000000e+00	1.53617883871368e+02	0.00000000000000e+00	8.23045335681514e+02	0.00000000000000e+00	1
2	68	24	46	5.00000000000000e-02	0.00000000000000e+00	0.00000000000000e+00	0.00000000000000e+00	1.52807511712644e+02	0.00000000000000e+00	7.62039217017102e+02	0.00000000000000e+00	1
3	69	25	47	5.00000000000000e-02	0.00000000000000e+00	0.00000000000000e+00	0.00000000000000e+00	1.52309419604430e+02	0.00000000000000e+00	8.39673625460201e+02	0.00000000000000e+00	1
4	70	26	48	5.00000000000000e-02	0.00000000000000e+00	0.00000000000000e+00	0.00000000000000e+00	1.51844523050172e+02	0.00000000000000e+00	8.78883410799706e+02	0.00000000000000e+00	1
5	71	27	49	5.00000000000000e-02	0.00000000000000e+00	0.00000000000000e+00	0.00000000000000e+00	1.51296072663426e+02	0.00000000000000e+00	7.73068435904874e+02	0.00000000000000e+00	1
6	72	28	50	5.00000000000000e-02	0.00000000000000e+00	0.00000000000000e+00	0.00000000000000e+00	1.50811789768283e+02	0.00000000000000e+00	7.67291815298832e+02	0.00000000000000e+00	1
1	70	24	47	5.00000000000000e-02	0.00000000000000e+00	0.00000000000000e+00	0.00000000000000e+00	1.58962930059834e+02	0.00000000000000e+00	8.58085594598571e+02	0.00000000000000e+00	1
2	71	25	48	5.00000000000000e-02	0.00000000000000e+00	0.00000000000000e+00	0.00000000000000e+00	1.58191161668800e+02	0.00000000000000e+00	8.64348223959429e+02	0.00000000000000e+00	1
3	72	26	49	5.00000000000000e-02	0.00000000000000e+00	0.00000000000000e+00	0.00000000000000e+00	1.57608064554549e+02	0.00000000000000e+00	7.80788345622454e+02	0.00000000000000e+00	1
0
