# vtk DataFile Version 3.0
d-3__ created by libgimli-v1.5.0-1-g5991b6ac
ASCII
DATASET UNSTRUCTURED_GRID
POINTS 5056 double
-14.4	-14.4	102.27263070676
-6.2666666666667	-14.4	101.41328778105
-8.539837398374	-8.8014525745257	101.12313348599
-2.6	-9.9102222222222	100.71361315111
-4.4	-4.4	100.47843808056
25.98920449275	0.1	97.654272441155
28.491062253033	-0.39685970787487	97.314726377886
27.381739349484	1.9	97.357598713059
-4.4	-0.8	100.26809422905
-9.9102222222222	-2.6	100.7246263557
19.204748259689	-9.4001076076995	98.730630288045
18.133333333333	-14.4	98.796390517901
23.995251740311	-9.5808516561903	98.20271396865
-11.228229369649	4.0747942088804	100.5256261593
-14.4	1.8666666666667	100.86437122668
-4.4	2.8	100.0999420446
-7.381739349484	3.7	100.25205429318
-14.4	-6.2666666666667	101.40207682844
-4.4	4.6	100.03127743981
2.8	-4.4	100.05779998361
1	-7.5177195289596	100.30533774298
4.6	-7.5309506005718	100.04721967467
8.2	-7.8187902490235	99.775376081434
2.7880040682666	-10.788269801572	100.29094551606
6.4	-4.4	99.834561879112
-5.9892044927502	7.3	100.06147740695
-6.2983499597677	5.5	100.12723069062
-4.4	6.4	99.971622558456
-4.4	8.2	99.919447648913
-4.4	10	99.872845880819
-7.381739349484	9.1	100.14190238992
-0.8	-4.4	100.26593538186
27.381739349484	-3.5	97.614621398098
31.540004213992	-3.2366602994632	97.002129715369
-5.9892044927502	12.7	99.968628587843
-4.4	11.8	99.829629471801
-4.4	13.6	99.787439977488
-9.1255165757429	12.312106224289	100.28437719848
-6.2983499597677	10.9	100.02393317249
-6.468824669756	15.4	99.981404066811
-4.4	17.2	99.696570615617
-7.7835722569574	19	100.08121480067
-14.4	26.266666666667	100.61742446848
-6.8393672366518	28.389684766815	99.554555264504
-14.4	34.4	99.918687842554
-4.4	24.4	99.432077032531
-7.5281378984185	22.6	99.947672006756
-2.6	26.415890834661	99.066095853338
-11.419301667005	21.067031545955	100.48582791836
-0.8	24.4	98.899789858754
0.1	26.298349959768	98.67013556266
1.9	27.381739349484	98.350190507874
-0.79465820785031	29.82178400411	98.621442779882
1	24.4	98.630292526318
8.2	24.4	97.595959448153
7.3	27.381739349484	97.580567533795
6.4	24.4	97.842653904057
5.5	25.98920449275	97.890692412269
3.7	26.298349959768	98.136190559443
4.6	24.4	98.09895638971
9.1	26.298349959768	97.384513280751
10	24.4	97.361028094235
10.9	25.98920449275	97.169764388065
5.0031402921251	28.491062253033	97.856107451925
11.8	-6.4158908346611	99.462224766559
10	-4.4	99.578687324575
22.4	-4.4	98.314324279588
23.4	-6.1477896360936	98.225667638925
24.4	-4.4	98.055124581738
14.5	-6.2983499597677	99.215228606067
13.6	-4.4	99.276826776415
15.4	-4.4	99.106060140512
16.3	-7.381739349484	99.040386127037
17.2	-4.4	98.921526387566
17.46344674385	-11.641709951263	98.892517302293
20.8	-4.4	98.512183638025
19.9	-6.1176059112769	98.645435074944
21.6	-7.0504349773191	98.456962077814
19	-4.4	98.72337201499
18.1	-5.9661829151641	98.84513336469
26.789472365339	-6.9271100023393	97.812006806609
30.713318730963	-7.9633579648738	97.345936530024
34.4	-6.2666666666667	96.769174827984
2.8	24.4	98.362401372313
26.298349959768	-1.7	97.694512642943
24.4	-2.6	97.995823472513
24.4	-0.8	97.921105255879
24.4	4.6	97.600822041158
26.298349959768	3.7	97.40429570958
27.381739349484	5.5	97.138520005158
1.8666666666667	34.4	98.056142275482
2.4605206474456	30.708691557006	98.125128996125
7.7031402921251	31.148936070323	97.417960467776
18.867760823754	-7.6138519319147	98.769689424491
28.40786757422	9.4177848176537	96.745136261835
24.4	6.4	97.464839446894
24.4	2.8	97.723152012676
10.403140292125	28.491062253033	97.141297521305
17.2	24.4	96.567627669481
20.8	24.4	96.265263455288
19	29.275555555556	96.225109445617
26.266666666667	34.4	95.554642462094
18.133333333333	34.4	96.272132416508
13.350136737687	31.660343688415	96.7488596791
12.7	27.381739349484	96.902109326583
11.8	24.4	97.139634817963
13.6	24.4	96.933117144311
24.4	13.6	96.838419627019
29.611555555556	15.4	96.237722240502
24.4	17.2	96.523358103046
34.4	18.133333333333	95.747567681123
29.910222222222	22.6	95.807704133005
27.938320844467	19	96.133434880857
24.4	10	97.161760044224
24.4	20.8	96.243467004448
24.4	24.4	96.018635227855
28.600166516805	28.790191139085	95.575807402864
34.4	34.4	94.898917140105
22.6	27.834587258179	95.984192845168
34.4	26.266666666667	95.392191655993
-8.4910622530333	6.8031402921251	100.2613384715
28.335351896304	3.7	97.117141321683
30.840284972378	6.1796800305637	96.627589728169
24.4	1	97.830199549848
10	34.4	97.11136956298
14.528188865919	-10.023787189829	99.20353397104
17.465874760999	-8.8032409730173	98.916699571732
26.266666666667	-14.4	98.03738817617
-10.789349367166	9.3294693603498	100.43896341962
-14.4	10	100.78368550572
-4.4	20.8	99.582491368616
-10.325721000821	16.03150985102	100.41118884724
29.918298171945	1.7087745143783	96.995637929704
10	-14.4	99.624408014814
27.762837029736	-10.749939718851	97.801421831718
-6.2666666666667	34.4	99.024190616102
34.4	10	96.013647878794
31.113532886912	-0.63789652068931	96.935610882925
34.4	1.8666666666667	96.323651031467
1.8666666666667	-14.4	100.51225073927
34.4	-14.4	97.313398516209
31.521625907461	-11.774509598414	97.436040632624
-14.4	18.133333333333	100.85112233707
-0.95525	8	99.669758040236
-2.2454396635896	6.2695184765001	99.832210836658
-0.087499999999999	6.22	99.694632110666
8.2	-2.7456668823698	99.661535998501
6.3450767315134	-1.153160137607	99.716467033976
2.8421971498	4.8421971498	99.588966835122
0.7929563081696	4.5605655377456	99.726019146149
2.5617879496749	3.4382120503251	99.687081960071
1.025	8	99.525142031433
-0.087499999999999	9.78	99.518256845
8	4	99.31476959802
7.6497223522753	2.3502776477247	99.448936842636
9.1399318859259	3.1399318859259	99.294874052225
3.1734821421011	-1.1033147322374	99.892360198956
2	2	99.79624659121
0.17444568219349	0.31562958566108	99.975489006926
6	6	99.306571306338
8	8	98.993794575021
6	10	98.98902219931
6.5553016893061	3.4446983106939	99.449203740298
6	2	99.573544553149
11.634381521309	2.3656184786905	99.15744091081
10.529021523052	3.4709784769483	99.167728307931
10	2	99.307655844845
4.0783175475064	6.0783175475064	99.432023271583
4	4	99.570873373245
5.3577057505171	4.6422942494829	99.445583263848
19.59790601521	1.5858524269203	98.414501983021
19.090058810186	2.5114570039578	98.414044062797
18.665164896094	1.2767314026166	98.541865149312
0.12018227894797	13.447708353683	99.31493570126
2	14	99.082293987704
0.39135804378554	16	99.152723153551
0.36164277338335	2.792464160075	99.841200511822
0.77588517114163	11.601416273827	99.347003984717
4	12	99.013773181907
-2.978302492444	11.128098628646	99.715188682764
-1.4645743224561	11.84530758366	99.54762420988
-3.0207446242652	12.7	99.669559029792
2	18	98.837600583375
4	16	98.718972394377
8	12	98.625371881235
6	14	98.649677353133
8	20.95525	97.841360217345
6.2695184765001	22.24543966359	97.986335075619
6.22	20.0875	98.138334135737
4.5605655377456	19.20704369183	98.421082164543
6	18	98.322653245972
8	16	98.250737266047
4	8	99.305201814148
2	10	99.331322441361
8	18.975	97.99368071585
9.78	20.0875	97.68270353423
10	10	98.632667309408
10	6	99.007847476532
12	8	98.651791433654
12.230821605793	5.7691783942072	98.84150967482
12	4	99.008970624423
13.492421939542	4.5075780604584	98.83775613559
14	2	98.977407242179
15.619573456647	2.3804265433532	98.797030990167
14.502779916401	3.4972200835985	98.824555714568
14	10	98.255367168441
23.409323984217	3.4261289201571	97.814255137322
23.067690490026	4.7194176595445	97.765212595672
22.259623138419	3.6534268701626	97.94721001816
12	-0.59618653987296	99.294535396618
12.431487276883	-2.6531009650214	99.337111898901
14.024954738047	-0.55090251964505	99.116816747472
18	6	98.256276735746
18.44643932255	8	98.015440710023
16	8	98.270035961304
14.873606177832	4.8736061778317	98.677585410051
16.365618478691	5.6343815213095	98.461928611074
14	6	98.660521299134
17.139931885926	3.1399318859259	98.586261259899
18.486090278049	3.553108811785	98.407914868063
17.470978476948	4.5290215230517	98.441901958127
16	4	98.638604181678
5.5358753196007	0.43779857813431	99.68700017215
7.1556684839121	0.61711702750584	99.580624498362
12	12	98.232964918393
10	14	98.225005558007
14	14	97.812173736294
12	16	97.806067441418
14	18	97.390483236551
16	19.608641956214	97.034272387937
13.447708353683	19.879817721052	97.275279999295
10	18	97.835705061529
16	16	97.392015303599
18.975	12	97.535997791198
16	12	97.83535351977
18	10	97.853537967791
21.233672441579	14.33875906527	97.066175632076
22.31068239868	11.8	97.216705114543
11.84530758366	21.464574322456	97.326920092523
12.7	23.020744624265	97.117957534818
11.128098628646	22.978302492444	97.305967417184
18	14	97.413207750496
18	18	96.994127302866
19.425060680876	16	97.063630322951
21.256074540744	18.048596325953	96.702985157833
-2.6	22.950814770437	99.236248202671
-0.55263367012088	21.879167001409	98.986669937917
20.13313030339	6.8362209815134	97.941541674985
20.522312476	9.2044404209631	97.668349802859
4.6	-2.9344237971273	99.893929234676
2.792464160075	19.638357226617	98.632265589207
4	21	98.380698977384
6.8458200169269	4.8458200169269	99.333050395751
2	6	99.572682068965
3.7814432946109	2.491374977926	99.673005801286
4	0.98274995585201	99.744104382242
-2.8058823529412	3.7	99.97167445167
9.3698585804234	4.6301414195766	99.168779971931
8.0617437348201	6.0617437348201	99.152841843187
10.860068114074	4.8600681140741	99.034221313279
-1.5895817057597	1.9636988723873	99.984000787561
-1	4	99.856193967228
13.126393822168	3.1263938221683	98.978023671091
-2.6265435144332	19	99.406162624748
3.7	22.805882352941	98.316492387055
15.35654606039	0.73769737359307	98.925028868176
16.782285163486	-2.6356640599461	98.923935993564
14.533085761459	-2.5115899492654	99.144553298964
21.164172063381	2.9415628892203	98.135338940238
19.794323242496	3.4880982307876	98.262067667612
20.217341567351	2.4408098606137	98.285461292741
10.431341025648	-0.60670960246044	99.41795293407
10.384971132138	-2.1747183861213	99.485239649617
11.601416273827	19.224114828858	97.539677491784
19	22.626543514433	96.518551236501
21.870391577715	20.518563865421	96.445012576922
19.608220509708	19.352070347646	96.724691204913
19.300995549271	4.7014933239065	98.224366423951
22.168266643091	5.7837332143668	97.793355260003
21	4	98.078768743716
1.6704566152042	-2.6025352333536	100.04185556243
-2.2517312842921	9.7335486885924	99.69978549079
-2.0891380969107	-0.33911308220337	100.12226389011
-0.37367970491959	-2.0296002019391	100.12076627121
-2.1211868514711	14.079543839426	99.527933654082
0.6635167253888	19.657283268303	98.925099108094
-2.0174381082798	16.54762594403	99.422189552426
5.1541799830731	3.1541799830731	99.55441378665
-2.839609831169	-2.6	100.28121397694
8.7424951596365	-0.23723422434041	99.520974687653
1.9636988723873	21.58958170576	98.636008515408
9.7335486885924	22.251731284292	97.527187701856
14.079543839426	22.121186851471	97.027149009344
16.54762594403	22.01743810828	96.783429108573
22.919277709856	22.6	96.221205799826
12.786012187356	0.86675452459416	99.154060503235
17.75224890108	1.1046531844586	98.654471056609
16.757319248597	1.8619107817826	98.71501551922
17.136676273048	0.40888248463454	98.760147599484
21.19248036131	1.8708434002135	98.20226241048
22.76359499056	2.4481153928193	97.964174913104
11.126649406225	0.79947245138618	99.293564304832
16	-1	98.945887298581
18.270117688258	0.026281942256751	98.655349519603
19.339657133396	0.56215318801983	98.504160995042
20.140452717288	-0.3020579932189	98.452417223703
18	2	98.571786533206
17.32430441862	-0.90546692635876	98.803168213493
20.561404504131	0.79836652764238	98.343998016853
18.947362157115	-1.6071046968814	98.650081225309
21.544995328614	-0.20861901344757	98.27300330375
22.701997204946	8.2	97.518414364538
20.976362793248	-2.2641505415937	98.430577075001
22.858983404709	0.66383433166941	98.057124170857
22.88780921067	-0.91315919286929	98.130993111651
23.150624756475	15.4	96.787371015472
-14.4	-14.4	100.27263070676
-6.2666666666667	-14.4	99.413287781051
-8.539837398374	-8.8014525745257	99.123133485991
-2.6	-9.9102222222222	98.713613151115
-4.4	-4.4	98.478438080559
25.98920449275	0.1	95.654272441155
28.491062253033	-0.39685970787487	95.314726377886
27.381739349484	1.9	95.357598713059
-4.4	-0.8	98.268094229052
-9.9102222222222	-2.6	98.724626355697
19.204748259689	-9.4001076076995	96.730630288045
18.133333333333	-14.4	96.796390517901
23.995251740311	-9.5808516561903	96.20271396865
-11.228229369649	4.0747942088804	98.525626159298
-14.4	1.8666666666667	98.864371226684
-4.4	2.8	98.099942044596
-7.381739349484	3.7	98.252054293184
-14.4	-6.2666666666667	99.402076828438
-4.4	4.6	98.03127743981
2.8	-4.4	98.057799983605
1	-7.5177195289596	98.305337742976
4.6	-7.5309506005718	98.047219674667
8.2	-7.8187902490235	97.775376081434
2.7880040682666	-10.788269801572	98.290945516055
6.4	-4.4	97.834561879112
-5.9892044927502	7.3	98.061477406949
-6.2983499597677	5.5	98.127230690623
-4.4	6.4	97.971622558456
-4.4	8.2	97.919447648913
-4.4	10	97.872845880819
-7.381739349484	9.1	98.141902389915
-0.8	-4.4	98.265935381859
27.381739349484	-3.5	95.614621398098
31.540004213992	-3.2366602994632	95.002129715369
-5.9892044927502	12.7	97.968628587843
-4.4	11.8	97.829629471801
-4.4	13.6	97.787439977488
-9.1255165757429	12.312106224289	98.284377198477
-6.2983499597677	10.9	98.02393317249
-6.468824669756	15.4	97.981404066811
-4.4	17.2	97.696570615617
-7.7835722569574	19	98.08121480067
-14.4	26.266666666667	98.61742446848
-6.8393672366518	28.389684766815	97.554555264504
-14.4	34.4	97.918687842554
-4.4	24.4	97.432077032531
-7.5281378984185	22.6	97.947672006756
-2.6	26.415890834661	97.066095853338
-11.419301667005	21.067031545955	98.485827918355
-0.8	24.4	96.899789858754
0.1	26.298349959768	96.67013556266
1.9	27.381739349484	96.350190507874
-0.79465820785031	29.82178400411	96.621442779882
1	24.4	96.630292526318
8.2	24.4	95.595959448153
7.3	27.381739349484	95.580567533795
6.4	24.4	95.842653904057
5.5	25.98920449275	95.890692412269
3.7	26.298349959768	96.136190559443
4.6	24.4	96.09895638971
9.1	26.298349959768	95.384513280751
10	24.4	95.361028094235
10.9	25.98920449275	95.169764388065
5.0031402921251	28.491062253033	95.856107451925
11.8	-6.4158908346611	97.462224766559
10	-4.4	97.578687324575
22.4	-4.4	96.314324279588
23.4	-6.1477896360936	96.225667638925
24.4	-4.4	96.055124581738
14.5	-6.2983499597677	97.215228606067
13.6	-4.4	97.276826776415
15.4	-4.4	97.106060140512
16.3	-7.381739349484	97.040386127037
17.2	-4.4	96.921526387566
17.46344674385	-11.641709951263	96.892517302293
20.8	-4.4	96.512183638025
19.9	-6.1176059112769	96.645435074944
21.6	-7.0504349773191	96.456962077814
19	-4.4	96.72337201499
18.1	-5.9661829151641	96.84513336469
26.789472365339	-6.9271100023393	95.812006806609
30.713318730963	-7.9633579648738	95.345936530024
34.4	-6.2666666666667	94.769174827984
2.8	24.4	96.362401372313
26.298349959768	-1.7	95.694512642943
24.4	-2.6	95.995823472513
24.4	-0.8	95.921105255879
24.4	4.6	95.600822041158
26.298349959768	3.7	95.40429570958
27.381739349484	5.5	95.138520005158
1.8666666666667	34.4	96.056142275482
2.4605206474456	30.708691557006	96.125128996125
7.7031402921251	31.148936070323	95.417960467776
18.867760823754	-7.6138519319147	96.769689424491
28.40786757422	9.4177848176537	94.745136261835
24.4	6.4	95.464839446894
24.4	2.8	95.723152012676
10.403140292125	28.491062253033	95.141297521305
17.2	24.4	94.567627669481
20.8	24.4	94.265263455288
19	29.275555555556	94.225109445617
26.266666666667	34.4	93.554642462094
18.133333333333	34.4	94.272132416508
13.350136737687	31.660343688415	94.7488596791
12.7	27.381739349484	94.902109326583
11.8	24.4	95.139634817963
13.6	24.4	94.933117144311
24.4	13.6	94.838419627019
29.611555555556	15.4	94.237722240502
24.4	17.2	94.523358103046
34.4	18.133333333333	93.747567681123
29.910222222222	22.6	93.807704133005
27.938320844467	19	94.133434880857
24.4	10	95.161760044224
24.4	20.8	94.243467004448
24.4	24.4	94.018635227855
28.600166516805	28.790191139085	93.575807402864
34.4	34.4	92.898917140105
22.6	27.834587258179	93.984192845168
34.4	26.266666666667	93.392191655993
-8.4910622530333	6.8031402921251	98.261338471497
28.335351896304	3.7	95.117141321683
30.840284972378	6.1796800305637	94.627589728169
24.4	1	95.830199549848
10	34.4	95.11136956298
14.528188865919	-10.023787189829	97.20353397104
17.465874760999	-8.8032409730173	96.916699571732
26.266666666667	-14.4	96.03738817617
-10.789349367166	9.3294693603498	98.438963419621
-14.4	10	98.783685505716
-4.4	20.8	97.582491368616
-10.325721000821	16.03150985102	98.411188847241
29.918298171945	1.7087745143783	94.995637929704
10	-14.4	97.624408014814
27.762837029736	-10.749939718851	95.801421831718
-6.2666666666667	34.4	97.024190616102
34.4	10	94.013647878794
31.113532886912	-0.63789652068931	94.935610882925
34.4	1.8666666666667	94.323651031467
1.8666666666667	-14.4	98.512250739265
34.4	-14.4	95.313398516209
31.521625907461	-11.774509598414	95.436040632624
-14.4	18.133333333333	98.851122337068
-0.95525	8	97.669758040236
-2.2454396635896	6.2695184765001	97.832210836658
-0.087499999999999	6.22	97.694632110666
8.2	-2.7456668823698	97.661535998501
6.3450767315134	-1.153160137607	97.716467033976
2.8421971498	4.8421971498	97.588966835122
0.7929563081696	4.5605655377456	97.726019146149
2.5617879496749	3.4382120503251	97.687081960071
1.025	8	97.525142031433
-0.087499999999999	9.78	97.518256845
8	4	97.31476959802
7.6497223522753	2.3502776477247	97.448936842636
9.1399318859259	3.1399318859259	97.294874052225
3.1734821421011	-1.1033147322374	97.892360198956
2	2	97.79624659121
0.17444568219349	0.31562958566108	97.975489006926
6	6	97.306571306338
8	8	96.993794575021
6	10	96.98902219931
6.5553016893061	3.4446983106939	97.449203740298
6	2	97.573544553149
11.634381521309	2.3656184786905	97.15744091081
10.529021523052	3.4709784769483	97.167728307931
10	2	97.307655844845
4.0783175475064	6.0783175475064	97.432023271583
4	4	97.570873373245
5.3577057505171	4.6422942494829	97.445583263848
19.59790601521	1.5858524269203	96.414501983021
19.090058810186	2.5114570039578	96.414044062797
18.665164896094	1.2767314026166	96.541865149312
0.12018227894797	13.447708353683	97.31493570126
2	14	97.082293987704
0.39135804378554	16	97.152723153551
0.36164277338335	2.792464160075	97.841200511822
0.77588517114163	11.601416273827	97.347003984717
4	12	97.013773181907
-2.978302492444	11.128098628646	97.715188682764
-1.4645743224561	11.84530758366	97.54762420988
-3.0207446242652	12.7	97.669559029792
2	18	96.837600583375
4	16	96.718972394377
8	12	96.625371881235
6	14	96.649677353133
8	20.95525	95.841360217345
6.2695184765001	22.24543966359	95.986335075619
6.22	20.0875	96.138334135737
4.5605655377456	19.20704369183	96.421082164543
6	18	96.322653245972
8	16	96.250737266047
4	8	97.305201814148
2	10	97.331322441361
8	18.975	95.99368071585
9.78	20.0875	95.68270353423
10	10	96.632667309408
10	6	97.007847476532
12	8	96.651791433654
12.230821605793	5.7691783942072	96.84150967482
12	4	97.008970624423
13.492421939542	4.5075780604584	96.83775613559
14	2	96.977407242179
15.619573456647	2.3804265433532	96.797030990167
14.502779916401	3.4972200835985	96.824555714568
14	10	96.255367168441
23.409323984217	3.4261289201571	95.814255137322
23.067690490026	4.7194176595445	95.765212595672
22.259623138419	3.6534268701626	95.94721001816
12	-0.59618653987296	97.294535396618
12.431487276883	-2.6531009650214	97.337111898901
14.024954738047	-0.55090251964505	97.116816747472
18	6	96.256276735746
18.44643932255	8	96.015440710023
16	8	96.270035961304
14.873606177832	4.8736061778317	96.677585410051
16.365618478691	5.6343815213095	96.461928611074
14	6	96.660521299134
17.139931885926	3.1399318859259	96.586261259899
18.486090278049	3.553108811785	96.407914868063
17.470978476948	4.5290215230517	96.441901958127
16	4	96.638604181678
5.5358753196007	0.43779857813431	97.68700017215
7.1556684839121	0.61711702750584	97.580624498362
12	12	96.232964918393
10	14	96.225005558007
14	14	95.812173736294
12	16	95.806067441418
14	18	95.390483236551
16	19.608641956214	95.034272387937
13.447708353683	19.879817721052	95.275279999295
10	18	95.835705061529
16	16	95.392015303599
18.975	12	95.535997791198
16	12	95.83535351977
18	10	95.853537967791
21.233672441579	14.33875906527	95.066175632076
22.31068239868	11.8	95.216705114543
11.84530758366	21.464574322456	95.326920092523
12.7	23.020744624265	95.117957534818
11.128098628646	22.978302492444	95.305967417184
18	14	95.413207750496
18	18	94.994127302866
19.425060680876	16	95.063630322951
21.256074540744	18.048596325953	94.702985157833
-2.6	22.950814770437	97.236248202671
-0.55263367012088	21.879167001409	96.986669937917
20.13313030339	6.8362209815134	95.941541674985
20.522312476	9.2044404209631	95.668349802859
4.6	-2.9344237971273	97.893929234676
2.792464160075	19.638357226617	96.632265589207
4	21	96.380698977384
6.8458200169269	4.8458200169269	97.333050395751
2	6	97.572682068965
3.7814432946109	2.491374977926	97.673005801286
4	0.98274995585201	97.744104382242
-2.8058823529412	3.7	97.97167445167
9.3698585804234	4.6301414195766	97.168779971931
8.0617437348201	6.0617437348201	97.152841843187
10.860068114074	4.8600681140741	97.034221313279
-1.5895817057597	1.9636988723873	97.984000787561
-1	4	97.856193967228
13.126393822168	3.1263938221683	96.978023671091
-2.6265435144332	19	97.406162624748
3.7	22.805882352941	96.316492387055
15.35654606039	0.73769737359307	96.925028868176
16.782285163486	-2.6356640599461	96.923935993564
14.533085761459	-2.5115899492654	97.144553298964
21.164172063381	2.9415628892203	96.135338940238
19.794323242496	3.4880982307876	96.262067667612
20.217341567351	2.4408098606137	96.285461292741
10.431341025648	-0.60670960246044	97.41795293407
10.384971132138	-2.1747183861213	97.485239649617
11.601416273827	19.224114828858	95.539677491784
19	22.626543514433	94.518551236501
21.870391577715	20.518563865421	94.445012576922
19.608220509708	19.352070347646	94.724691204913
19.300995549271	4.7014933239065	96.224366423951
22.168266643091	5.7837332143668	95.793355260003
21	4	96.078768743716
1.6704566152042	-2.6025352333536	98.041855562435
-2.2517312842921	9.7335486885924	97.69978549079
-2.0891380969107	-0.33911308220337	98.122263890106
-0.37367970491959	-2.0296002019391	98.12076627121
-2.1211868514711	14.079543839426	97.527933654082
0.6635167253888	19.657283268303	96.925099108094
-2.0174381082798	16.54762594403	97.422189552426
5.1541799830731	3.1541799830731	97.55441378665
-2.839609831169	-2.6	98.28121397694
8.7424951596365	-0.23723422434041	97.520974687653
1.9636988723873	21.58958170576	96.636008515408
9.7335486885924	22.251731284292	95.527187701856
14.079543839426	22.121186851471	95.027149009344
16.54762594403	22.01743810828	94.783429108573
22.919277709856	22.6	94.221205799826
12.786012187356	0.86675452459416	97.154060503235
17.75224890108	1.1046531844586	96.654471056609
16.757319248597	1.8619107817826	96.71501551922
17.136676273048	0.40888248463454	96.760147599484
21.19248036131	1.8708434002135	96.20226241048
22.76359499056	2.4481153928193	95.964174913104
11.126649406225	0.79947245138618	97.293564304832
16	-1	96.945887298581
18.270117688258	0.026281942256751	96.655349519603
19.339657133396	0.56215318801983	96.504160995042
20.140452717288	-0.3020579932189	96.452417223703
18	2	96.571786533206
17.32430441862	-0.90546692635876	96.803168213493
20.561404504131	0.79836652764238	96.343998016853
18.947362157115	-1.6071046968814	96.650081225309
21.544995328614	-0.20861901344757	96.27300330375
22.701997204946	8.2	95.518414364538
20.976362793248	-2.2641505415937	96.430577075001
22.858983404709	0.66383433166941	96.057124170857
22.88780921067	-0.91315919286929	96.130993111651
23.150624756475	15.4	94.787371015472
-14.4	-14.4	99.272630706755
-6.2666666666667	-14.4	98.413287781051
-8.539837398374	-8.8014525745257	98.123133485991
-2.6	-9.9102222222222	97.713613151115
-4.4	-4.4	97.478438080559
25.98920449275	0.1	94.654272441155
28.491062253033	-0.39685970787487	94.314726377886
27.381739349484	1.9	94.357598713059
-4.4	-0.8	97.268094229052
-9.9102222222222	-2.6	97.724626355697
19.204748259689	-9.4001076076995	95.730630288045
18.133333333333	-14.4	95.796390517901
23.995251740311	-9.5808516561903	95.20271396865
-11.228229369649	4.0747942088804	97.525626159298
-14.4	1.8666666666667	97.864371226684
-4.4	2.8	97.099942044596
-7.381739349484	3.7	97.252054293184
-14.4	-6.2666666666667	98.402076828438
-4.4	4.6	97.03127743981
2.8	-4.4	97.057799983605
1	-7.5177195289596	97.305337742976
4.6	-7.5309506005718	97.047219674667
8.2	-7.8187902490235	96.775376081434
2.7880040682666	-10.788269801572	97.290945516055
6.4	-4.4	96.834561879112
-5.9892044927502	7.3	97.061477406949
-6.2983499597677	5.5	97.127230690623
-4.4	6.4	96.971622558456
-4.4	8.2	96.919447648913
-4.4	10	96.872845880819
-7.381739349484	9.1	97.141902389915
-0.8	-4.4	97.265935381859
27.381739349484	-3.5	94.614621398098
31.540004213992	-3.2366602994632	94.002129715369
-5.9892044927502	12.7	96.968628587843
-4.4	11.8	96.829629471801
-4.4	13.6	96.787439977488
-9.1255165757429	12.312106224289	97.284377198477
-6.2983499597677	10.9	97.02393317249
-6.468824669756	15.4	96.981404066811
-4.4	17.2	96.696570615617
-7.7835722569574	19	97.08121480067
-14.4	26.266666666667	97.61742446848
-6.8393672366518	28.389684766815	96.554555264504
-14.4	34.4	96.918687842554
-4.4	24.4	96.432077032531
-7.5281378984185	22.6	96.947672006756
-2.6	26.415890834661	96.066095853338
-11.419301667005	21.067031545955	97.485827918355
-0.8	24.4	95.899789858754
0.1	26.298349959768	95.67013556266
1.9	27.381739349484	95.350190507874
-0.79465820785031	29.82178400411	95.621442779882
1	24.4	95.630292526318
8.2	24.4	94.595959448153
7.3	27.381739349484	94.580567533795
6.4	24.4	94.842653904057
5.5	25.98920449275	94.890692412269
3.7	26.298349959768	95.136190559443
4.6	24.4	95.09895638971
9.1	26.298349959768	94.384513280751
10	24.4	94.361028094235
10.9	25.98920449275	94.169764388065
5.0031402921251	28.491062253033	94.856107451925
11.8	-6.4158908346611	96.462224766559
10	-4.4	96.578687324575
22.4	-4.4	95.314324279588
23.4	-6.1477896360936	95.225667638925
24.4	-4.4	95.055124581738
14.5	-6.2983499597677	96.215228606067
13.6	-4.4	96.276826776415
15.4	-4.4	96.106060140512
16.3	-7.381739349484	96.040386127037
17.2	-4.4	95.921526387566
17.46344674385	-11.641709951263	95.892517302293
20.8	-4.4	95.512183638025
19.9	-6.1176059112769	95.645435074944
21.6	-7.0504349773191	95.456962077814
19	-4.4	95.72337201499
18.1	-5.9661829151641	95.84513336469
26.789472365339	-6.9271100023393	94.812006806609
30.713318730963	-7.9633579648738	94.345936530024
34.4	-6.2666666666667	93.769174827984
2.8	24.4	95.362401372313
26.298349959768	-1.7	94.694512642943
24.4	-2.6	94.995823472513
24.4	-0.8	94.921105255879
24.4	4.6	94.600822041158
26.298349959768	3.7	94.40429570958
27.381739349484	5.5	94.138520005158
1.8666666666667	34.4	95.056142275482
2.4605206474456	30.708691557006	95.125128996125
7.7031402921251	31.148936070323	94.417960467776
18.867760823754	-7.6138519319147	95.769689424491
28.40786757422	9.4177848176537	93.745136261835
24.4	6.4	94.464839446894
24.4	2.8	94.723152012676
10.403140292125	28.491062253033	94.141297521305
17.2	24.4	93.567627669481
20.8	24.4	93.265263455288
19	29.275555555556	93.225109445617
26.266666666667	34.4	92.554642462094
18.133333333333	34.4	93.272132416508
13.350136737687	31.660343688415	93.7488596791
12.7	27.381739349484	93.902109326583
11.8	24.4	94.139634817963
13.6	24.4	93.933117144311
24.4	13.6	93.838419627019
29.611555555556	15.4	93.237722240502
24.4	17.2	93.523358103046
34.4	18.133333333333	92.747567681123
29.910222222222	22.6	92.807704133005
27.938320844467	19	93.133434880857
24.4	10	94.161760044224
24.4	20.8	93.243467004448
24.4	24.4	93.018635227855
28.600166516805	28.790191139085	92.575807402864
34.4	34.4	91.898917140105
22.6	27.834587258179	92.984192845168
34.4	26.266666666667	92.392191655993
-8.4910622530333	6.8031402921251	97.261338471497
28.335351896304	3.7	94.117141321683
30.840284972378	6.1796800305637	93.627589728169
24.4	1	94.830199549848
10	34.4	94.11136956298
14.528188865919	-10.023787189829	96.20353397104
17.465874760999	-8.8032409730173	95.916699571732
26.266666666667	-14.4	95.03738817617
-10.789349367166	9.3294693603498	97.438963419621
-14.4	10	97.783685505716
-4.4	20.8	96.582491368616
-10.325721000821	16.03150985102	97.411188847241
29.918298171945	1.7087745143783	93.995637929704
10	-14.4	96.624408014814
27.762837029736	-10.749939718851	94.801421831718
-6.2666666666667	34.4	96.024190616102
34.4	10	93.013647878794
31.113532886912	-0.63789652068931	93.935610882925
34.4	1.8666666666667	93.323651031467
1.8666666666667	-14.4	97.512250739265
34.4	-14.4	94.313398516209
31.521625907461	-11.774509598414	94.436040632624
-14.4	18.133333333333	97.851122337068
-0.95525	8	96.669758040236
-2.2454396635896	6.2695184765001	96.832210836658
-0.087499999999999	6.22	96.694632110666
8.2	-2.7456668823698	96.661535998501
6.3450767315134	-1.153160137607	96.716467033976
2.8421971498	4.8421971498	96.588966835122
0.7929563081696	4.5605655377456	96.726019146149
2.5617879496749	3.4382120503251	96.687081960071
1.025	8	96.525142031433
-0.087499999999999	9.78	96.518256845
8	4	96.31476959802
7.6497223522753	2.3502776477247	96.448936842636
9.1399318859259	3.1399318859259	96.294874052225
3.1734821421011	-1.1033147322374	96.892360198956
2	2	96.79624659121
0.17444568219349	0.31562958566108	96.975489006926
6	6	96.306571306338
8	8	95.993794575021
6	10	95.98902219931
6.5553016893061	3.4446983106939	96.449203740298
6	2	96.573544553149
11.634381521309	2.3656184786905	96.15744091081
10.529021523052	3.4709784769483	96.167728307931
10	2	96.307655844845
4.0783175475064	6.0783175475064	96.432023271583
4	4	96.570873373245
5.3577057505171	4.6422942494829	96.445583263848
19.59790601521	1.5858524269203	95.414501983021
19.090058810186	2.5114570039578	95.414044062797
18.665164896094	1.2767314026166	95.541865149312
0.12018227894797	13.447708353683	96.31493570126
2	14	96.082293987704
0.39135804378554	16	96.152723153551
0.36164277338335	2.792464160075	96.841200511822
0.77588517114163	11.601416273827	96.347003984717
4	12	96.013773181907
-2.978302492444	11.128098628646	96.715188682764
-1.4645743224561	11.84530758366	96.54762420988
-3.0207446242652	12.7	96.669559029792
2	18	95.837600583375
4	16	95.718972394377
8	12	95.625371881235
6	14	95.649677353133
8	20.95525	94.841360217345
6.2695184765001	22.24543966359	94.986335075619
6.22	20.0875	95.138334135737
4.5605655377456	19.20704369183	95.421082164543
6	18	95.322653245972
8	16	95.250737266047
4	8	96.305201814148
2	10	96.331322441361
8	18.975	94.99368071585
9.78	20.0875	94.68270353423
10	10	95.632667309408
10	6	96.007847476532
12	8	95.651791433654
12.230821605793	5.7691783942072	95.84150967482
12	4	96.008970624423
13.492421939542	4.5075780604584	95.83775613559
14	2	95.977407242179
15.619573456647	2.3804265433532	95.797030990167
14.502779916401	3.4972200835985	95.824555714568
14	10	95.255367168441
23.409323984217	3.4261289201571	94.814255137322
23.067690490026	4.7194176595445	94.765212595672
22.259623138419	3.6534268701626	94.94721001816
12	-0.59618653987296	96.294535396618
12.431487276883	-2.6531009650214	96.337111898901
14.024954738047	-0.55090251964505	96.116816747472
18	6	95.256276735746
18.44643932255	8	95.015440710023
16	8	95.270035961304
14.873606177832	4.8736061778317	95.677585410051
16.365618478691	5.6343815213095	95.461928611074
14	6	95.660521299134
17.139931885926	3.1399318859259	95.586261259899
18.486090278049	3.553108811785	95.407914868063
17.470978476948	4.5290215230517	95.441901958127
16	4	95.638604181678
5.5358753196007	0.43779857813431	96.68700017215
7.1556684839121	0.61711702750584	96.580624498362
12	12	95.232964918393
10	14	95.225005558007
14	14	94.812173736294
12	16	94.806067441418
14	18	94.390483236551
16	19.608641956214	94.034272387937
13.447708353683	19.879817721052	94.275279999295
10	18	94.835705061529
16	16	94.392015303599
18.975	12	94.535997791198
16	12	94.83535351977
18	10	94.853537967791
21.233672441579	14.33875906527	94.066175632076
22.31068239868	11.8	94.216705114543
11.84530758366	21.464574322456	94.326920092523
12.7	23.020744624265	94.117957534818
11.128098628646	22.978302492444	94.305967417184
18	14	94.413207750496
18	18	93.994127302866
19.425060680876	16	94.063630322951
21.256074540744	18.048596325953	93.702985157833
-2.6	22.950814770437	96.236248202671
-0.55263367012088	21.879167001409	95.986669937917
20.13313030339	6.8362209815134	94.941541674985
20.522312476	9.2044404209631	94.668349802859
4.6	-2.9344237971273	96.893929234676
2.792464160075	19.638357226617	95.632265589207
4	21	95.380698977384
6.8458200169269	4.8458200169269	96.333050395751
2	6	96.572682068965
3.7814432946109	2.491374977926	96.673005801286
4	0.98274995585201	96.744104382242
-2.8058823529412	3.7	96.97167445167
9.3698585804234	4.6301414195766	96.168779971931
8.0617437348201	6.0617437348201	96.152841843187
10.860068114074	4.8600681140741	96.034221313279
-1.5895817057597	1.9636988723873	96.984000787561
-1	4	96.856193967228
13.126393822168	3.1263938221683	95.978023671091
-2.6265435144332	19	96.406162624748
3.7	22.805882352941	95.316492387055
15.35654606039	0.73769737359307	95.925028868176
16.782285163486	-2.6356640599461	95.923935993564
14.533085761459	-2.5115899492654	96.144553298964
21.164172063381	2.9415628892203	95.135338940238
19.794323242496	3.4880982307876	95.262067667612
20.217341567351	2.4408098606137	95.285461292741
10.431341025648	-0.60670960246044	96.41795293407
10.384971132138	-2.1747183861213	96.485239649617
11.601416273827	19.224114828858	94.539677491784
19	22.626543514433	93.518551236501
21.870391577715	20.518563865421	93.445012576922
19.608220509708	19.352070347646	93.724691204913
19.300995549271	4.7014933239065	95.224366423951
22.168266643091	5.7837332143668	94.793355260003
21	4	95.078768743716
1.6704566152042	-2.6025352333536	97.041855562435
-2.2517312842921	9.7335486885924	96.69978549079
-2.0891380969107	-0.33911308220337	97.122263890106
-0.37367970491959	-2.0296002019391	97.12076627121
-2.1211868514711	14.079543839426	96.527933654082
0.6635167253888	19.657283268303	95.925099108094
-2.0174381082798	16.54762594403	96.422189552426
5.1541799830731	3.1541799830731	96.55441378665
-2.839609831169	-2.6	97.28121397694
8.7424951596365	-0.23723422434041	96.520974687653
1.9636988723873	21.58958170576	95.636008515408
9.7335486885924	22.251731284292	94.527187701856
14.079543839426	22.121186851471	94.027149009344
16.54762594403	22.01743810828	93.783429108573
22.919277709856	22.6	93.221205799826
12.786012187356	0.86675452459416	96.154060503235
17.75224890108	1.1046531844586	95.654471056609
16.757319248597	1.8619107817826	95.71501551922
17.136676273048	0.40888248463454	95.760147599484
21.19248036131	1.8708434002135	95.20226241048
22.76359499056	2.4481153928193	94.964174913104
11.126649406225	0.79947245138618	96.293564304832
16	-1	95.945887298581
18.270117688258	0.026281942256751	95.655349519603
19.339657133396	0.56215318801983	95.504160995042
20.140452717288	-0.3020579932189	95.452417223703
18	2	95.571786533206
17.32430441862	-0.90546692635876	95.803168213493
20.561404504131	0.79836652764238	95.343998016853
18.947362157115	-1.6071046968814	95.650081225309
21.544995328614	-0.20861901344757	95.27300330375
22.701997204946	8.2	94.518414364538
20.976362793248	-2.2641505415937	95.430577075001
22.858983404709	0.66383433166941	95.057124170857
22.88780921067	-0.91315919286929	95.130993111651
23.150624756475	15.4	93.787371015472
-14.4	-14.4	98.272630706755
-6.2666666666667	-14.4	97.413287781051
-8.539837398374	-8.8014525745257	97.123133485991
-2.6	-9.9102222222222	96.713613151115
-4.4	-4.4	96.478438080559
25.98920449275	0.1	93.654272441155
28.491062253033	-0.39685970787487	93.314726377886
27.381739349484	1.9	93.357598713059
-4.4	-0.8	96.268094229052
-9.9102222222222	-2.6	96.724626355697
19.204748259689	-9.4001076076995	94.730630288045
18.133333333333	-14.4	94.796390517901
23.995251740311	-9.5808516561903	94.20271396865
-11.228229369649	4.0747942088804	96.525626159298
-14.4	1.8666666666667	96.864371226684
-4.4	2.8	96.099942044596
-7.381739349484	3.7	96.252054293184
-14.4	-6.2666666666667	97.402076828438
-4.4	4.6	96.03127743981
2.8	-4.4	96.057799983605
1	-7.5177195289596	96.305337742976
4.6	-7.5309506005718	96.047219674667
8.2	-7.8187902490235	95.775376081434
2.7880040682666	-10.788269801572	96.290945516055
6.4	-4.4	95.834561879112
-5.9892044927502	7.3	96.061477406949
-6.2983499597677	5.5	96.127230690623
-4.4	6.4	95.971622558456
-4.4	8.2	95.919447648913
-4.4	10	95.872845880819
-7.381739349484	9.1	96.141902389915
-0.8	-4.4	96.265935381859
27.381739349484	-3.5	93.614621398098
31.540004213992	-3.2366602994632	93.002129715369
-5.9892044927502	12.7	95.968628587843
-4.4	11.8	95.829629471801
-4.4	13.6	95.787439977488
-9.1255165757429	12.312106224289	96.284377198477
-6.2983499597677	10.9	96.02393317249
-6.468824669756	15.4	95.981404066811
-4.4	17.2	95.696570615617
-7.7835722569574	19	96.08121480067
-14.4	26.266666666667	96.61742446848
-6.8393672366518	28.389684766815	95.554555264504
-14.4	34.4	95.918687842554
-4.4	24.4	95.432077032531
-7.5281378984185	22.6	95.947672006756
-2.6	26.415890834661	95.066095853338
-11.419301667005	21.067031545955	96.485827918355
-0.8	24.4	94.899789858754
0.1	26.298349959768	94.67013556266
1.9	27.381739349484	94.350190507874
-0.79465820785031	29.82178400411	94.621442779882
1	24.4	94.630292526318
8.2	24.4	93.595959448153
7.3	27.381739349484	93.580567533795
6.4	24.4	93.842653904057
5.5	25.98920449275	93.890692412269
3.7	26.298349959768	94.136190559443
4.6	24.4	94.09895638971
9.1	26.298349959768	93.384513280751
10	24.4	93.361028094235
10.9	25.98920449275	93.169764388065
5.0031402921251	28.491062253033	93.856107451925
11.8	-6.4158908346611	95.462224766559
10	-4.4	95.578687324575
22.4	-4.4	94.314324279588
23.4	-6.1477896360936	94.225667638925
24.4	-4.4	94.055124581738
14.5	-6.2983499597677	95.215228606067
13.6	-4.4	95.276826776415
15.4	-4.4	95.106060140512
16.3	-7.381739349484	95.040386127037
17.2	-4.4	94.921526387566
17.46344674385	-11.641709951263	94.892517302293
20.8	-4.4	94.512183638025
19.9	-6.1176059112769	94.645435074944
21.6	-7.0504349773191	94.456962077814
19	-4.4	94.72337201499
18.1	-5.9661829151641	94.84513336469
26.789472365339	-6.9271100023393	93.812006806609
30.713318730963	-7.9633579648738	93.345936530024
34.4	-6.2666666666667	92.769174827984
2.8	24.4	94.362401372313
26.298349959768	-1.7	93.694512642943
24.4	-2.6	93.995823472513
24.4	-0.8	93.921105255879
24.4	4.6	93.600822041158
26.298349959768	3.7	93.40429570958
27.381739349484	5.5	93.138520005158
1.8666666666667	34.4	94.056142275482
2.4605206474456	30.708691557006	94.125128996125
7.7031402921251	31.148936070323	93.417960467776
18.867760823754	-7.6138519319147	94.769689424491
28.40786757422	9.4177848176537	92.745136261835
24.4	6.4	93.464839446894
24.4	2.8	93.723152012676
10.403140292125	28.491062253033	93.141297521305
17.2	24.4	92.567627669481
20.8	24.4	92.265263455288
19	29.275555555556	92.225109445617
26.266666666667	34.4	91.554642462094
18.133333333333	34.4	92.272132416508
13.350136737687	31.660343688415	92.7488596791
12.7	27.381739349484	92.902109326583
11.8	24.4	93.139634817963
13.6	24.4	92.933117144311
24.4	13.6	92.838419627019
29.611555555556	15.4	92.237722240502
24.4	17.2	92.523358103046
34.4	18.133333333333	91.747567681123
29.910222222222	22.6	91.807704133005
27.938320844467	19	92.133434880857
24.4	10	93.161760044224
24.4	20.8	92.243467004448
24.4	24.4	92.018635227855
28.600166516805	28.790191139085	91.575807402864
34.4	34.4	90.898917140105
22.6	27.834587258179	91.984192845168
34.4	26.266666666667	91.392191655993
-8.4910622530333	6.8031402921251	96.261338471497
28.335351896304	3.7	93.117141321683
30.840284972378	6.1796800305637	92.627589728169
24.4	1	93.830199549848
10	34.4	93.11136956298
14.528188865919	-10.023787189829	95.20353397104
17.465874760999	-8.8032409730173	94.916699571732
26.266666666667	-14.4	94.03738817617
-10.789349367166	9.3294693603498	96.438963419621
-14.4	10	96.783685505716
-4.4	20.8	95.582491368616
-10.325721000821	16.03150985102	96.411188847241
29.918298171945	1.7087745143783	92.995637929704
10	-14.4	95.624408014814
27.762837029736	-10.749939718851	93.801421831718
-6.2666666666667	34.4	95.024190616102
34.4	10	92.013647878794
31.113532886912	-0.63789652068931	92.935610882925
34.4	1.8666666666667	92.323651031467
1.8666666666667	-14.4	96.512250739265
34.4	-14.4	93.313398516209
31.521625907461	-11.774509598414	93.436040632624
-14.4	18.133333333333	96.851122337068
-0.95525	8	95.669758040236
-2.2454396635896	6.2695184765001	95.832210836658
-0.087499999999999	6.22	95.694632110666
8.2	-2.7456668823698	95.661535998501
6.3450767315134	-1.153160137607	95.716467033976
2.8421971498	4.8421971498	95.588966835122
0.7929563081696	4.5605655377456	95.726019146149
2.5617879496749	3.4382120503251	95.687081960071
1.025	8	95.525142031433
-0.087499999999999	9.78	95.518256845
8	4	95.31476959802
7.6497223522753	2.3502776477247	95.448936842636
9.1399318859259	3.1399318859259	95.294874052225
3.1734821421011	-1.1033147322374	95.892360198956
2	2	95.79624659121
0.17444568219349	0.31562958566108	95.975489006926
6	6	95.306571306338
8	8	94.993794575021
6	10	94.98902219931
6.5553016893061	3.4446983106939	95.449203740298
6	2	95.573544553149
11.634381521309	2.3656184786905	95.15744091081
10.529021523052	3.4709784769483	95.167728307931
10	2	95.307655844845
4.0783175475064	6.0783175475064	95.432023271583
4	4	95.570873373245
5.3577057505171	4.6422942494829	95.445583263848
19.59790601521	1.5858524269203	94.414501983021
19.090058810186	2.5114570039578	94.414044062797
18.665164896094	1.2767314026166	94.541865149312
0.12018227894797	13.447708353683	95.31493570126
2	14	95.082293987704
0.39135804378554	16	95.152723153551
0.36164277338335	2.792464160075	95.841200511822
0.77588517114163	11.601416273827	95.347003984717
4	12	95.013773181907
-2.978302492444	11.128098628646	95.715188682764
-1.4645743224561	11.84530758366	95.54762420988
-3.0207446242652	12.7	95.669559029792
2	18	94.837600583375
4	16	94.718972394377
8	12	94.625371881235
6	14	94.649677353133
8	20.95525	93.841360217345
6.2695184765001	22.24543966359	93.986335075619
6.22	20.0875	94.138334135737
4.5605655377456	19.20704369183	94.421082164543
6	18	94.322653245972
8	16	94.250737266047
4	8	95.305201814148
2	10	95.331322441361
8	18.975	93.99368071585
9.78	20.0875	93.68270353423
10	10	94.632667309408
10	6	95.007847476532
12	8	94.651791433654
12.230821605793	5.7691783942072	94.84150967482
12	4	95.008970624423
13.492421939542	4.5075780604584	94.83775613559
14	2	94.977407242179
15.619573456647	2.3804265433532	94.797030990167
14.502779916401	3.4972200835985	94.824555714568
14	10	94.255367168441
23.409323984217	3.4261289201571	93.814255137322
23.067690490026	4.7194176595445	93.765212595672
22.259623138419	3.6534268701626	93.94721001816
12	-0.59618653987296	95.294535396618
12.431487276883	-2.6531009650214	95.337111898901
14.024954738047	-0.55090251964505	95.116816747472
18	6	94.256276735746
18.44643932255	8	94.015440710023
16	8	94.270035961304
14.873606177832	4.8736061778317	94.677585410051
16.365618478691	5.6343815213095	94.461928611074
14	6	94.660521299134
17.139931885926	3.1399318859259	94.586261259899
18.486090278049	3.553108811785	94.407914868063
17.470978476948	4.5290215230517	94.441901958127
16	4	94.638604181678
5.5358753196007	0.43779857813431	95.68700017215
7.1556684839121	0.61711702750584	95.580624498362
12	12	94.232964918393
10	14	94.225005558007
14	14	93.812173736294
12	16	93.806067441418
14	18	93.390483236551
16	19.608641956214	93.034272387937
13.447708353683	19.879817721052	93.275279999295
10	18	93.835705061529
16	16	93.392015303599
18.975	12	93.535997791198
16	12	93.83535351977
18	10	93.853537967791
21.233672441579	14.33875906527	93.066175632076
22.31068239868	11.8	93.216705114543
11.84530758366	21.464574322456	93.326920092523
12.7	23.020744624265	93.117957534818
11.128098628646	22.978302492444	93.305967417184
18	14	93.413207750496
18	18	92.994127302866
19.425060680876	16	93.063630322951
21.256074540744	18.048596325953	92.702985157833
-2.6	22.950814770437	95.236248202671
-0.55263367012088	21.879167001409	94.986669937917
20.13313030339	6.8362209815134	93.941541674985
20.522312476	9.2044404209631	93.668349802859
4.6	-2.9344237971273	95.893929234676
2.792464160075	19.638357226617	94.632265589207
4	21	94.380698977384
6.8458200169269	4.8458200169269	95.333050395751
2	6	95.572682068965
3.7814432946109	2.491374977926	95.673005801286
4	0.98274995585201	95.744104382242
-2.8058823529412	3.7	95.97167445167
9.3698585804234	4.6301414195766	95.168779971931
8.0617437348201	6.0617437348201	95.152841843187
10.860068114074	4.8600681140741	95.034221313279
-1.5895817057597	1.9636988723873	95.984000787561
-1	4	95.856193967228
13.126393822168	3.1263938221683	94.978023671091
-2.6265435144332	19	95.406162624748
3.7	22.805882352941	94.316492387055
15.35654606039	0.73769737359307	94.925028868176
16.782285163486	-2.6356640599461	94.923935993564
14.533085761459	-2.5115899492654	95.144553298964
21.164172063381	2.9415628892203	94.135338940238
19.794323242496	3.4880982307876	94.262067667612
20.217341567351	2.4408098606137	94.285461292741
10.431341025648	-0.60670960246044	95.41795293407
10.384971132138	-2.1747183861213	95.485239649617
11.601416273827	19.224114828858	93.539677491784
19	22.626543514433	92.518551236501
21.870391577715	20.518563865421	92.445012576922
19.608220509708	19.352070347646	92.724691204913
19.300995549271	4.7014933239065	94.224366423951
22.168266643091	5.7837332143668	93.793355260003
21	4	94.078768743716
1.6704566152042	-2.6025352333536	96.041855562435
-2.2517312842921	9.7335486885924	95.69978549079
-2.0891380969107	-0.33911308220337	96.122263890106
-0.37367970491959	-2.0296002019391	96.12076627121
-2.1211868514711	14.079543839426	95.527933654082
0.6635167253888	19.657283268303	94.925099108094
-2.0174381082798	16.54762594403	95.422189552426
5.1541799830731	3.1541799830731	95.55441378665
-2.839609831169	-2.6	96.28121397694
8.7424951596365	-0.23723422434041	95.520974687653
1.9636988723873	21.58958170576	94.636008515408
9.7335486885924	22.251731284292	93.527187701856
14.079543839426	22.121186851471	93.027149009344
16.54762594403	22.01743810828	92.783429108573
22.919277709856	22.6	92.221205799826
12.786012187356	0.86675452459416	95.154060503235
17.75224890108	1.1046531844586	94.654471056609
16.757319248597	1.8619107817826	94.71501551922
17.136676273048	0.40888248463454	94.760147599484
21.19248036131	1.8708434002135	94.20226241048
22.76359499056	2.4481153928193	93.964174913104
11.126649406225	0.79947245138618	95.293564304832
16	-1	94.945887298581
18.270117688258	0.026281942256751	94.655349519603
19.339657133396	0.56215318801983	94.504160995042
20.140452717288	-0.3020579932189	94.452417223703
18	2	94.571786533206
17.32430441862	-0.90546692635876	94.803168213493
20.561404504131	0.79836652764238	94.343998016853
18.947362157115	-1.6071046968814	94.650081225309
21.544995328614	-0.20861901344757	94.27300330375
22.701997204946	8.2	93.518414364538
20.976362793248	-2.2641505415937	94.430577075001
22.858983404709	0.66383433166941	94.057124170857
22.88780921067	-0.91315919286929	94.130993111651
23.150624756475	15.4	92.787371015472
-14.4	-14.4	97.272630706755
-6.2666666666667	-14.4	96.413287781051
-8.539837398374	-8.8014525745257	96.123133485991
-2.6	-9.9102222222222	95.713613151115
-4.4	-4.4	95.478438080559
25.98920449275	0.1	92.654272441155
28.491062253033	-0.39685970787487	92.314726377886
27.381739349484	1.9	92.357598713059
-4.4	-0.8	95.268094229052
-9.9102222222222	-2.6	95.724626355697
19.204748259689	-9.4001076076995	93.730630288045
18.133333333333	-14.4	93.796390517901
23.995251740311	-9.5808516561903	93.20271396865
-11.228229369649	4.0747942088804	95.525626159298
-14.4	1.8666666666667	95.864371226684
-4.4	2.8	95.099942044596
-7.381739349484	3.7	95.252054293184
-14.4	-6.2666666666667	96.402076828438
-4.4	4.6	95.03127743981
2.8	-4.4	95.057799983605
1	-7.5177195289596	95.305337742976
4.6	-7.5309506005718	95.047219674667
8.2	-7.8187902490235	94.775376081434
2.7880040682666	-10.788269801572	95.290945516055
6.4	-4.4	94.834561879112
-5.9892044927502	7.3	95.061477406949
-6.2983499597677	5.5	95.127230690623
-4.4	6.4	94.971622558456
-4.4	8.2	94.919447648913
-4.4	10	94.872845880819
-7.381739349484	9.1	95.141902389915
-0.8	-4.4	95.265935381859
27.381739349484	-3.5	92.614621398098
31.540004213992	-3.2366602994632	92.002129715369
-5.9892044927502	12.7	94.968628587843
-4.4	11.8	94.829629471801
-4.4	13.6	94.787439977488
-9.1255165757429	12.312106224289	95.284377198477
-6.2983499597677	10.9	95.02393317249
-6.468824669756	15.4	94.981404066811
-4.4	17.2	94.696570615617
-7.7835722569574	19	95.08121480067
-14.4	26.266666666667	95.61742446848
-6.8393672366518	28.389684766815	94.554555264504
-14.4	34.4	94.918687842554
-4.4	24.4	94.432077032531
-7.5281378984185	22.6	94.947672006756
-2.6	26.415890834661	94.066095853338
-11.419301667005	21.067031545955	95.485827918355
-0.8	24.4	93.899789858754
0.1	26.298349959768	93.67013556266
1.9	27.381739349484	93.350190507874
-0.79465820785031	29.82178400411	93.621442779882
1	24.4	93.630292526318
8.2	24.4	92.595959448153
7.3	27.381739349484	92.580567533795
6.4	24.4	92.842653904057
5.5	25.98920449275	92.890692412269
3.7	26.298349959768	93.136190559443
4.6	24.4	93.09895638971
9.1	26.298349959768	92.384513280751
10	24.4	92.361028094235
10.9	25.98920449275	92.169764388065
5.0031402921251	28.491062253033	92.856107451925
11.8	-6.4158908346611	94.462224766559
10	-4.4	94.578687324575
22.4	-4.4	93.314324279588
23.4	-6.1477896360936	93.225667638925
24.4	-4.4	93.055124581738
14.5	-6.2983499597677	94.215228606067
13.6	-4.4	94.276826776415
15.4	-4.4	94.106060140512
16.3	-7.381739349484	94.040386127037
17.2	-4.4	93.921526387566
17.46344674385	-11.641709951263	93.892517302293
20.8	-4.4	93.512183638025
19.9	-6.1176059112769	93.645435074944
21.6	-7.0504349773191	93.456962077814
19	-4.4	93.72337201499
18.1	-5.9661829151641	93.84513336469
26.789472365339	-6.9271100023393	92.812006806609
30.713318730963	-7.9633579648738	92.345936530024
34.4	-6.2666666666667	91.769174827984
2.8	24.4	93.362401372313
26.298349959768	-1.7	92.694512642943
24.4	-2.6	92.995823472513
24.4	-0.8	92.921105255879
24.4	4.6	92.600822041158
26.298349959768	3.7	92.40429570958
27.381739349484	5.5	92.138520005158
1.8666666666667	34.4	93.056142275482
2.4605206474456	30.708691557006	93.125128996125
7.7031402921251	31.148936070323	92.417960467776
18.867760823754	-7.6138519319147	93.769689424491
28.40786757422	9.4177848176537	91.745136261835
24.4	6.4	92.464839446894
24.4	2.8	92.723152012676
10.403140292125	28.491062253033	92.141297521305
17.2	24.4	91.567627669481
20.8	24.4	91.265263455288
19	29.275555555556	91.225109445617
26.266666666667	34.4	90.554642462094
18.133333333333	34.4	91.272132416508
13.350136737687	31.660343688415	91.7488596791
12.7	27.381739349484	91.902109326583
11.8	24.4	92.139634817963
13.6	24.4	91.933117144311
24.4	13.6	91.838419627019
29.611555555556	15.4	91.237722240502
24.4	17.2	91.523358103046
34.4	18.133333333333	90.747567681123
29.910222222222	22.6	90.807704133005
27.938320844467	19	91.133434880857
24.4	10	92.161760044224
24.4	20.8	91.243467004448
24.4	24.4	91.018635227855
28.600166516805	28.790191139085	90.575807402864
34.4	34.4	89.898917140105
22.6	27.834587258179	90.984192845168
34.4	26.266666666667	90.392191655993
-8.4910622530333	6.8031402921251	95.261338471497
28.335351896304	3.7	92.117141321683
30.840284972378	6.1796800305637	91.627589728169
24.4	1	92.830199549848
10	34.4	92.11136956298
14.528188865919	-10.023787189829	94.20353397104
17.465874760999	-8.8032409730173	93.916699571732
26.266666666667	-14.4	93.03738817617
-10.789349367166	9.3294693603498	95.438963419621
-14.4	10	95.783685505716
-4.4	20.8	94.582491368616
-10.325721000821	16.03150985102	95.411188847241
29.918298171945	1.7087745143783	91.995637929704
10	-14.4	94.624408014814
27.762837029736	-10.749939718851	92.801421831718
-6.2666666666667	34.4	94.024190616102
34.4	10	91.013647878794
31.113532886912	-0.63789652068931	91.935610882925
34.4	1.8666666666667	91.323651031467
1.8666666666667	-14.4	95.512250739265
34.4	-14.4	92.313398516209
31.521625907461	-11.774509598414	92.436040632624
-14.4	18.133333333333	95.851122337068
-0.95525	8	94.669758040236
-2.2454396635896	6.2695184765001	94.832210836658
-0.087499999999999	6.22	94.694632110666
8.2	-2.7456668823698	94.661535998501
6.3450767315134	-1.153160137607	94.716467033976
2.8421971498	4.8421971498	94.588966835122
0.7929563081696	4.5605655377456	94.726019146149
2.5617879496749	3.4382120503251	94.687081960071
1.025	8	94.525142031433
-0.087499999999999	9.78	94.518256845
8	4	94.31476959802
7.6497223522753	2.3502776477247	94.448936842636
9.1399318859259	3.1399318859259	94.294874052225
3.1734821421011	-1.1033147322374	94.892360198956
2	2	94.79624659121
0.17444568219349	0.31562958566108	94.975489006926
6	6	94.306571306338
8	8	93.993794575021
6	10	93.98902219931
6.5553016893061	3.4446983106939	94.449203740298
6	2	94.573544553149
11.634381521309	2.3656184786905	94.15744091081
10.529021523052	3.4709784769483	94.167728307931
10	2	94.307655844845
4.0783175475064	6.0783175475064	94.432023271583
4	4	94.570873373245
5.3577057505171	4.6422942494829	94.445583263848
19.59790601521	1.5858524269203	93.414501983021
19.090058810186	2.5114570039578	93.414044062797
18.665164896094	1.2767314026166	93.541865149312
0.12018227894797	13.447708353683	94.31493570126
2	14	94.082293987704
0.39135804378554	16	94.152723153551
0.36164277338335	2.792464160075	94.841200511822
0.77588517114163	11.601416273827	94.347003984717
4	12	94.013773181907
-2.978302492444	11.128098628646	94.715188682764
-1.4645743224561	11.84530758366	94.54762420988
-3.0207446242652	12.7	94.669559029792
2	18	93.837600583375
4	16	93.718972394377
8	12	93.625371881235
6	14	93.649677353133
8	20.95525	92.841360217345
6.2695184765001	22.24543966359	92.986335075619
6.22	20.0875	93.138334135737
4.5605655377456	19.20704369183	93.421082164543
6	18	93.322653245972
8	16	93.250737266047
4	8	94.305201814148
2	10	94.331322441361
8	18.975	92.99368071585
9.78	20.0875	92.68270353423
10	10	93.632667309408
10	6	94.007847476532
12	8	93.651791433654
12.230821605793	5.7691783942072	93.84150967482
12	4	94.008970624423
13.492421939542	4.5075780604584	93.83775613559
14	2	93.977407242179
15.619573456647	2.3804265433532	93.797030990167
14.502779916401	3.4972200835985	93.824555714568
14	10	93.255367168441
23.409323984217	3.4261289201571	92.814255137322
23.067690490026	4.7194176595445	92.765212595672
22.259623138419	3.6534268701626	92.94721001816
12	-0.59618653987296	94.294535396618
12.431487276883	-2.6531009650214	94.337111898901
14.024954738047	-0.55090251964505	94.116816747472
18	6	93.256276735746
18.44643932255	8	93.015440710023
16	8	93.270035961304
14.873606177832	4.8736061778317	93.677585410051
16.365618478691	5.6343815213095	93.461928611074
14	6	93.660521299134
17.139931885926	3.1399318859259	93.586261259899
18.486090278049	3.553108811785	93.407914868063
17.470978476948	4.5290215230517	93.441901958127
16	4	93.638604181678
5.5358753196007	0.43779857813431	94.68700017215
7.1556684839121	0.61711702750584	94.580624498362
12	12	93.232964918393
10	14	93.225005558007
14	14	92.812173736294
12	16	92.806067441418
14	18	92.390483236551
16	19.608641956214	92.034272387937
13.447708353683	19.879817721052	92.275279999295
10	18	92.835705061529
16	16	92.392015303599
18.975	12	92.535997791198
16	12	92.83535351977
18	10	92.853537967791
21.233672441579	14.33875906527	92.066175632076
22.31068239868	11.8	92.216705114543
11.84530758366	21.464574322456	92.326920092523
12.7	23.020744624265	92.117957534818
11.128098628646	22.978302492444	92.305967417184
18	14	92.413207750496
18	18	91.994127302866
19.425060680876	16	92.063630322951
21.256074540744	18.048596325953	91.702985157833
-2.6	22.950814770437	94.236248202671
-0.55263367012088	21.879167001409	93.986669937917
20.13313030339	6.8362209815134	92.941541674985
20.522312476	9.2044404209631	92.668349802859
4.6	-2.9344237971273	94.893929234676
2.792464160075	19.638357226617	93.632265589207
4	21	93.380698977384
6.8458200169269	4.8458200169269	94.333050395751
2	6	94.572682068965
3.7814432946109	2.491374977926	94.673005801286
4	0.98274995585201	94.744104382242
-2.8058823529412	3.7	94.97167445167
9.3698585804234	4.6301414195766	94.168779971931
8.0617437348201	6.0617437348201	94.152841843187
10.860068114074	4.8600681140741	94.034221313279
-1.5895817057597	1.9636988723873	94.984000787561
-1	4	94.856193967228
13.126393822168	3.1263938221683	93.978023671091
-2.6265435144332	19	94.406162624748
3.7	22.805882352941	93.316492387055
15.35654606039	0.73769737359307	93.925028868176
16.782285163486	-2.6356640599461	93.923935993564
14.533085761459	-2.5115899492654	94.144553298964
21.164172063381	2.9415628892203	93.135338940238
19.794323242496	3.4880982307876	93.262067667612
20.217341567351	2.4408098606137	93.285461292741
10.431341025648	-0.60670960246044	94.41795293407
10.384971132138	-2.1747183861213	94.485239649617
11.601416273827	19.224114828858	92.539677491784
19	22.626543514433	91.518551236501
21.870391577715	20.518563865421	91.445012576922
19.608220509708	19.352070347646	91.724691204913
19.300995549271	4.7014933239065	93.224366423951
22.168266643091	5.7837332143668	92.793355260003
21	4	93.078768743716
1.6704566152042	-2.6025352333536	95.041855562435
-2.2517312842921	9.7335486885924	94.69978549079
-2.0891380969107	-0.33911308220337	95.122263890106
-0.37367970491959	-2.0296002019391	95.12076627121
-2.1211868514711	14.079543839426	94.527933654082
0.6635167253888	19.657283268303	93.925099108094
-2.0174381082798	16.54762594403	94.422189552426
5.1541799830731	3.1541799830731	94.55441378665
-2.839609831169	-2.6	95.28121397694
8.7424951596365	-0.23723422434041	94.520974687653
1.9636988723873	21.58958170576	93.636008515408
9.7335486885924	22.251731284292	92.527187701856
14.079543839426	22.121186851471	92.027149009344
16.54762594403	22.01743810828	91.783429108573
22.919277709856	22.6	91.221205799826
12.786012187356	0.86675452459416	94.154060503235
17.75224890108	1.1046531844586	93.654471056609
16.757319248597	1.8619107817826	93.71501551922
17.136676273048	0.40888248463454	93.760147599484
21.19248036131	1.8708434002135	93.20226241048
22.76359499056	2.4481153928193	92.964174913104
11.126649406225	0.79947245138618	94.293564304832
16	-1	93.945887298581
18.270117688258	0.026281942256751	93.655349519603
19.339657133396	0.56215318801983	93.504160995042
20.140452717288	-0.3020579932189	93.452417223703
18	2	93.571786533206
17.32430441862	-0.90546692635876	93.803168213493
20.561404504131	0.79836652764238	93.343998016853
18.947362157115	-1.6071046968814	93.650081225309
21.544995328614	-0.20861901344757	93.27300330375
22.701997204946	8.2	92.518414364538
20.976362793248	-2.2641505415937	93.430577075001
22.858983404709	0.66383433166941	93.057124170857
22.88780921067	-0.91315919286929	93.130993111651
23.150624756475	15.4	91.787371015472
-14.4	-14.4	96.272630706755
-6.2666666666667	-14.4	95.413287781051
-8.539837398374	-8.8014525745257	95.123133485991
-2.6	-9.9102222222222	94.713613151115
-4.4	-4.4	94.478438080559
25.98920449275	0.1	91.654272441155
28.491062253033	-0.39685970787487	91.314726377886
27.381739349484	1.9	91.357598713059
-4.4	-0.8	94.268094229052
-9.9102222222222	-2.6	94.724626355697
19.204748259689	-9.4001076076995	92.730630288045
18.133333333333	-14.4	92.796390517901
23.995251740311	-9.5808516561903	92.20271396865
-11.228229369649	4.0747942088804	94.525626159298
-14.4	1.8666666666667	94.864371226684
-4.4	2.8	94.099942044596
-7.381739349484	3.7	94.252054293184
-14.4	-6.2666666666667	95.402076828438
-4.4	4.6	94.03127743981
2.8	-4.4	94.057799983605
1	-7.5177195289596	94.305337742976
4.6	-7.5309506005718	94.047219674667
8.2	-7.8187902490235	93.775376081434
2.7880040682666	-10.788269801572	94.290945516055
6.4	-4.4	93.834561879112
-5.9892044927502	7.3	94.061477406949
-6.2983499597677	5.5	94.127230690623
-4.4	6.4	93.971622558456
-4.4	8.2	93.919447648913
-4.4	10	93.872845880819
-7.381739349484	9.1	94.141902389915
-0.8	-4.4	94.265935381859
27.381739349484	-3.5	91.614621398098
31.540004213992	-3.2366602994632	91.002129715369
-5.9892044927502	12.7	93.968628587843
-4.4	11.8	93.829629471801
-4.4	13.6	93.787439977488
-9.1255165757429	12.312106224289	94.284377198477
-6.2983499597677	10.9	94.02393317249
-6.468824669756	15.4	93.981404066811
-4.4	17.2	93.696570615617
-7.7835722569574	19	94.08121480067
-14.4	26.266666666667	94.61742446848
-6.8393672366518	28.389684766815	93.554555264504
-14.4	34.4	93.918687842554
-4.4	24.4	93.432077032531
-7.5281378984185	22.6	93.947672006756
-2.6	26.415890834661	93.066095853338
-11.419301667005	21.067031545955	94.485827918355
-0.8	24.4	92.899789858754
0.1	26.298349959768	92.67013556266
1.9	27.381739349484	92.350190507874
-0.79465820785031	29.82178400411	92.621442779882
1	24.4	92.630292526318
8.2	24.4	91.595959448153
7.3	27.381739349484	91.580567533795
6.4	24.4	91.842653904057
5.5	25.98920449275	91.890692412269
3.7	26.298349959768	92.136190559443
4.6	24.4	92.09895638971
9.1	26.298349959768	91.384513280751
10	24.4	91.361028094235
10.9	25.98920449275	91.169764388065
5.0031402921251	28.491062253033	91.856107451925
11.8	-6.4158908346611	93.462224766559
10	-4.4	93.578687324575
22.4	-4.4	92.314324279588
23.4	-6.1477896360936	92.225667638925
24.4	-4.4	92.055124581738
14.5	-6.2983499597677	93.215228606067
13.6	-4.4	93.276826776415
15.4	-4.4	93.106060140512
16.3	-7.381739349484	93.040386127037
17.2	-4.4	92.921526387566
17.46344674385	-11.641709951263	92.892517302293
20.8	-4.4	92.512183638025
19.9	-6.1176059112769	92.645435074944
21.6	-7.0504349773191	92.456962077814
19	-4.4	92.72337201499
18.1	-5.9661829151641	92.84513336469
26.789472365339	-6.9271100023393	91.812006806609
30.713318730963	-7.9633579648738	91.345936530024
34.4	-6.2666666666667	90.769174827984
2.8	24.4	92.362401372313
26.298349959768	-1.7	91.694512642943
24.4	-2.6	91.995823472513
24.4	-0.8	91.921105255879
24.4	4.6	91.600822041158
26.298349959768	3.7	91.40429570958
27.381739349484	5.5	91.138520005158
1.8666666666667	34.4	92.056142275482
2.4605206474456	30.708691557006	92.125128996125
7.7031402921251	31.148936070323	91.417960467776
18.867760823754	-7.6138519319147	92.769689424491
28.40786757422	9.4177848176537	90.745136261835
24.4	6.4	91.464839446894
24.4	2.8	91.723152012676
10.403140292125	28.491062253033	91.141297521305
17.2	24.4	90.567627669481
20.8	24.4	90.265263455288
19	29.275555555556	90.225109445617
26.266666666667	34.4	89.554642462094
18.133333333333	34.4	90.272132416508
13.350136737687	31.660343688415	90.7488596791
12.7	27.381739349484	90.902109326583
11.8	24.4	91.139634817963
13.6	24.4	90.933117144311
24.4	13.6	90.838419627019
29.611555555556	15.4	90.237722240502
24.4	17.2	90.523358103046
34.4	18.133333333333	89.747567681123
29.910222222222	22.6	89.807704133005
27.938320844467	19	90.133434880857
24.4	10	91.161760044224
24.4	20.8	90.243467004448
24.4	24.4	90.018635227855
28.600166516805	28.790191139085	89.575807402864
34.4	34.4	88.898917140105
22.6	27.834587258179	89.984192845168
34.4	26.266666666667	89.392191655993
-8.4910622530333	6.8031402921251	94.261338471497
28.335351896304	3.7	91.117141321683
30.840284972378	6.1796800305637	90.627589728169
24.4	1	91.830199549848
10	34.4	91.11136956298
14.528188865919	-10.023787189829	93.20353397104
17.465874760999	-8.8032409730173	92.916699571732
26.266666666667	-14.4	92.03738817617
-10.789349367166	9.3294693603498	94.438963419621
-14.4	10	94.783685505716
-4.4	20.8	93.582491368616
-10.325721000821	16.03150985102	94.411188847241
29.918298171945	1.7087745143783	90.995637929704
10	-14.4	93.624408014814
27.762837029736	-10.749939718851	91.801421831718
-6.2666666666667	34.4	93.024190616102
34.4	10	90.013647878794
31.113532886912	-0.63789652068931	90.935610882925
34.4	1.8666666666667	90.323651031467
1.8666666666667	-14.4	94.512250739265
34.4	-14.4	91.313398516209
31.521625907461	-11.774509598414	91.436040632624
-14.4	18.133333333333	94.851122337068
-0.95525	8	93.669758040236
-2.2454396635896	6.2695184765001	93.832210836658
-0.087499999999999	6.22	93.694632110666
8.2	-2.7456668823698	93.661535998501
6.3450767315134	-1.153160137607	93.716467033976
2.8421971498	4.8421971498	93.588966835122
0.7929563081696	4.5605655377456	93.726019146149
2.5617879496749	3.4382120503251	93.687081960071
1.025	8	93.525142031433
-0.087499999999999	9.78	93.518256845
8	4	93.31476959802
7.6497223522753	2.3502776477247	93.448936842636
9.1399318859259	3.1399318859259	93.294874052225
3.1734821421011	-1.1033147322374	93.892360198956
2	2	93.79624659121
0.17444568219349	0.31562958566108	93.975489006926
6	6	93.306571306338
8	8	92.993794575021
6	10	92.98902219931
6.5553016893061	3.4446983106939	93.449203740298
6	2	93.573544553149
11.634381521309	2.3656184786905	93.15744091081
10.529021523052	3.4709784769483	93.167728307931
10	2	93.307655844845
4.0783175475064	6.0783175475064	93.432023271583
4	4	93.570873373245
5.3577057505171	4.6422942494829	93.445583263848
19.59790601521	1.5858524269203	92.414501983021
19.090058810186	2.5114570039578	92.414044062797
18.665164896094	1.2767314026166	92.541865149312
0.12018227894797	13.447708353683	93.31493570126
2	14	93.082293987704
0.39135804378554	16	93.152723153551
0.36164277338335	2.792464160075	93.841200511822
0.77588517114163	11.601416273827	93.347003984717
4	12	93.013773181907
-2.978302492444	11.128098628646	93.715188682764
-1.4645743224561	11.84530758366	93.54762420988
-3.0207446242652	12.7	93.669559029792
2	18	92.837600583375
4	16	92.718972394377
8	12	92.625371881235
6	14	92.649677353133
8	20.95525	91.841360217345
6.2695184765001	22.24543966359	91.986335075619
6.22	20.0875	92.138334135737
4.5605655377456	19.20704369183	92.421082164543
6	18	92.322653245972
8	16	92.250737266047
4	8	93.305201814148
2	10	93.331322441361
8	18.975	91.99368071585
9.78	20.0875	91.68270353423
10	10	92.632667309408
10	6	93.007847476532
12	8	92.651791433654
12.230821605793	5.7691783942072	92.84150967482
12	4	93.008970624423
13.492421939542	4.5075780604584	92.83775613559
14	2	92.977407242179
15.619573456647	2.3804265433532	92.797030990167
14.502779916401	3.4972200835985	92.824555714568
14	10	92.255367168441
23.409323984217	3.4261289201571	91.814255137322
23.067690490026	4.7194176595445	91.765212595672
22.259623138419	3.6534268701626	91.94721001816
12	-0.59618653987296	93.294535396618
12.431487276883	-2.6531009650214	93.337111898901
14.024954738047	-0.55090251964505	93.116816747472
18	6	92.256276735746
18.44643932255	8	92.015440710023
16	8	92.270035961304
14.873606177832	4.8736061778317	92.677585410051
16.365618478691	5.6343815213095	92.461928611074
14	6	92.660521299134
17.139931885926	3.1399318859259	92.586261259899
18.486090278049	3.553108811785	92.407914868063
17.470978476948	4.5290215230517	92.441901958127
16	4	92.638604181678
5.5358753196007	0.43779857813431	93.68700017215
7.1556684839121	0.61711702750584	93.580624498362
12	12	92.232964918393
10	14	92.225005558007
14	14	91.812173736294
12	16	91.806067441418
14	18	91.390483236551
16	19.608641956214	91.034272387937
13.447708353683	19.879817721052	91.275279999295
10	18	91.835705061529
16	16	91.392015303599
18.975	12	91.535997791198
16	12	91.83535351977
18	10	91.853537967791
21.233672441579	14.33875906527	91.066175632076
22.31068239868	11.8	91.216705114543
11.84530758366	21.464574322456	91.326920092523
12.7	23.020744624265	91.117957534818
11.128098628646	22.978302492444	91.305967417184
18	14	91.413207750496
18	18	90.994127302866
19.425060680876	16	91.063630322951
21.256074540744	18.048596325953	90.702985157833
-2.6	22.950814770437	93.236248202671
-0.55263367012088	21.879167001409	92.986669937917
20.13313030339	6.8362209815134	91.941541674985
20.522312476	9.2044404209631	91.668349802859
4.6	-2.9344237971273	93.893929234676
2.792464160075	19.638357226617	92.632265589207
4	21	92.380698977384
6.8458200169269	4.8458200169269	93.333050395751
2	6	93.572682068965
3.7814432946109	2.491374977926	93.673005801286
4	0.98274995585201	93.744104382242
-2.8058823529412	3.7	93.97167445167
9.3698585804234	4.6301414195766	93.168779971931
8.0617437348201	6.0617437348201	93.152841843187
10.860068114074	4.8600681140741	93.034221313279
-1.5895817057597	1.9636988723873	93.984000787561
-1	4	93.856193967228
13.126393822168	3.1263938221683	92.978023671091
-2.6265435144332	19	93.406162624748
3.7	22.805882352941	92.316492387055
15.35654606039	0.73769737359307	92.925028868176
16.782285163486	-2.6356640599461	92.923935993564
14.533085761459	-2.5115899492654	93.144553298964
21.164172063381	2.9415628892203	92.135338940238
19.794323242496	3.4880982307876	92.262067667612
20.217341567351	2.4408098606137	92.285461292741
10.431341025648	-0.60670960246044	93.41795293407
10.384971132138	-2.1747183861213	93.485239649617
11.601416273827	19.224114828858	91.539677491784
19	22.626543514433	90.518551236501
21.870391577715	20.518563865421	90.445012576922
19.608220509708	19.352070347646	90.724691204913
19.300995549271	4.7014933239065	92.224366423951
22.168266643091	5.7837332143668	91.793355260003
21	4	92.078768743716
1.6704566152042	-2.6025352333536	94.041855562435
-2.2517312842921	9.7335486885924	93.69978549079
-2.0891380969107	-0.33911308220337	94.122263890106
-0.37367970491959	-2.0296002019391	94.12076627121
-2.1211868514711	14.079543839426	93.527933654082
0.6635167253888	19.657283268303	92.925099108094
-2.0174381082798	16.54762594403	93.422189552426
5.1541799830731	3.1541799830731	93.55441378665
-2.839609831169	-2.6	94.28121397694
8.7424951596365	-0.23723422434041	93.520974687653
1.9636988723873	21.58958170576	92.636008515408
9.7335486885924	22.251731284292	91.527187701856
14.079543839426	22.121186851471	91.027149009344
16.54762594403	22.01743810828	90.783429108573
22.919277709856	22.6	90.221205799826
12.786012187356	0.86675452459416	93.154060503235
17.75224890108	1.1046531844586	92.654471056609
16.757319248597	1.8619107817826	92.71501551922
17.136676273048	0.40888248463454	92.760147599484
21.19248036131	1.8708434002135	92.20226241048
22.76359499056	2.4481153928193	91.964174913104
11.126649406225	0.79947245138618	93.293564304832
16	-1	92.945887298581
18.270117688258	0.026281942256751	92.655349519603
19.339657133396	0.56215318801983	92.504160995042
20.140452717288	-0.3020579932189	92.452417223703
18	2	92.571786533206
17.32430441862	-0.90546692635876	92.803168213493
20.561404504131	0.79836652764238	92.343998016853
18.947362157115	-1.6071046968814	92.650081225309
21.544995328614	-0.20861901344757	92.27300330375
22.701997204946	8.2	91.518414364538
20.976362793248	-2.2641505415937	92.430577075001
22.858983404709	0.66383433166941	92.057124170857
22.88780921067	-0.91315919286929	92.130993111651
23.150624756475	15.4	90.787371015472
-14.4	-14.4	95.272630706755
-6.2666666666667	-14.4	94.413287781051
-8.539837398374	-8.8014525745257	94.123133485991
-2.6	-9.9102222222222	93.713613151115
-4.4	-4.4	93.478438080559
25.98920449275	0.1	90.654272441155
28.491062253033	-0.39685970787487	90.314726377886
27.381739349484	1.9	90.357598713059
-4.4	-0.8	93.268094229052
-9.9102222222222	-2.6	93.724626355697
19.204748259689	-9.4001076076995	91.730630288045
18.133333333333	-14.4	91.796390517901
23.995251740311	-9.5808516561903	91.20271396865
-11.228229369649	4.0747942088804	93.525626159298
-14.4	1.8666666666667	93.864371226684
-4.4	2.8	93.099942044596
-7.381739349484	3.7	93.252054293184
-14.4	-6.2666666666667	94.402076828438
-4.4	4.6	93.03127743981
2.8	-4.4	93.057799983605
1	-7.5177195289596	93.305337742976
4.6	-7.5309506005718	93.047219674667
8.2	-7.8187902490235	92.775376081434
2.7880040682666	-10.788269801572	93.290945516055
6.4	-4.4	92.834561879112
-5.9892044927502	7.3	93.061477406949
-6.2983499597677	5.5	93.127230690623
-4.4	6.4	92.971622558456
-4.4	8.2	92.919447648913
-4.4	10	92.872845880819
-7.381739349484	9.1	93.141902389915
-0.8	-4.4	93.265935381859
27.381739349484	-3.5	90.614621398098
31.540004213992	-3.2366602994632	90.002129715369
-5.9892044927502	12.7	92.968628587843
-4.4	11.8	92.829629471801
-4.4	13.6	92.787439977488
-9.1255165757429	12.312106224289	93.284377198477
-6.2983499597677	10.9	93.02393317249
-6.468824669756	15.4	92.981404066811
-4.4	17.2	92.696570615617
-7.7835722569574	19	93.08121480067
-14.4	26.266666666667	93.61742446848
-6.8393672366518	28.389684766815	92.554555264504
-14.4	34.4	92.918687842554
-4.4	24.4	92.432077032531
-7.5281378984185	22.6	92.947672006756
-2.6	26.415890834661	92.066095853338
-11.419301667005	21.067031545955	93.485827918355
-0.8	24.4	91.899789858754
0.1	26.298349959768	91.67013556266
1.9	27.381739349484	91.350190507874
-0.79465820785031	29.82178400411	91.621442779882
1	24.4	91.630292526318
8.2	24.4	90.595959448153
7.3	27.381739349484	90.580567533795
6.4	24.4	90.842653904057
5.5	25.98920449275	90.890692412269
3.7	26.298349959768	91.136190559443
4.6	24.4	91.09895638971
9.1	26.298349959768	90.384513280751
10	24.4	90.361028094235
10.9	25.98920449275	90.169764388065
5.0031402921251	28.491062253033	90.856107451925
11.8	-6.4158908346611	92.462224766559
10	-4.4	92.578687324575
22.4	-4.4	91.314324279588
23.4	-6.1477896360936	91.225667638925
24.4	-4.4	91.055124581738
14.5	-6.2983499597677	92.215228606067
13.6	-4.4	92.276826776415
15.4	-4.4	92.106060140512
16.3	-7.381739349484	92.040386127037
17.2	-4.4	91.921526387566
17.46344674385	-11.641709951263	91.892517302293
20.8	-4.4	91.512183638025
19.9	-6.1176059112769	91.645435074944
21.6	-7.0504349773191	91.456962077814
19	-4.4	91.72337201499
18.1	-5.9661829151641	91.84513336469
26.789472365339	-6.9271100023393	90.812006806609
30.713318730963	-7.9633579648738	90.345936530024
34.4	-6.2666666666667	89.769174827984
2.8	24.4	91.362401372313
26.298349959768	-1.7	90.694512642943
24.4	-2.6	90.995823472513
24.4	-0.8	90.921105255879
24.4	4.6	90.600822041158
26.298349959768	3.7	90.40429570958
27.381739349484	5.5	90.138520005158
1.8666666666667	34.4	91.056142275482
2.4605206474456	30.708691557006	91.125128996125
7.7031402921251	31.148936070323	90.417960467776
18.867760823754	-7.6138519319147	91.769689424491
28.40786757422	9.4177848176537	89.745136261835
24.4	6.4	90.464839446894
24.4	2.8	90.723152012676
10.403140292125	28.491062253033	90.141297521305
17.2	24.4	89.567627669481
20.8	24.4	89.265263455288
19	29.275555555556	89.225109445617
26.266666666667	34.4	88.554642462094
18.133333333333	34.4	89.272132416508
13.350136737687	31.660343688415	89.7488596791
12.7	27.381739349484	89.902109326583
11.8	24.4	90.139634817963
13.6	24.4	89.933117144311
24.4	13.6	89.838419627019
29.611555555556	15.4	89.237722240502
24.4	17.2	89.523358103046
34.4	18.133333333333	88.747567681123
29.910222222222	22.6	88.807704133005
27.938320844467	19	89.133434880857
24.4	10	90.161760044224
24.4	20.8	89.243467004448
24.4	24.4	89.018635227855
28.600166516805	28.790191139085	88.575807402864
34.4	34.4	87.898917140105
22.6	27.834587258179	88.984192845168
34.4	26.266666666667	88.392191655993
-8.4910622530333	6.8031402921251	93.261338471497
28.335351896304	3.7	90.117141321683
30.840284972378	6.1796800305637	89.627589728169
24.4	1	90.830199549848
10	34.4	90.11136956298
14.528188865919	-10.023787189829	92.20353397104
17.465874760999	-8.8032409730173	91.916699571732
26.266666666667	-14.4	91.03738817617
-10.789349367166	9.3294693603498	93.438963419621
-14.4	10	93.783685505716
-4.4	20.8	92.582491368616
-10.325721000821	16.03150985102	93.411188847241
29.918298171945	1.7087745143783	89.995637929704
10	-14.4	92.624408014814
27.762837029736	-10.749939718851	90.801421831718
-6.2666666666667	34.4	92.024190616102
34.4	10	89.013647878794
31.113532886912	-0.63789652068931	89.935610882925
34.4	1.8666666666667	89.323651031467
1.8666666666667	-14.4	93.512250739265
34.4	-14.4	90.313398516209
31.521625907461	-11.774509598414	90.436040632624
-14.4	18.133333333333	93.851122337068
-0.95525	8	92.669758040236
-2.2454396635896	6.2695184765001	92.832210836658
-0.087499999999999	6.22	92.694632110666
8.2	-2.7456668823698	92.661535998501
6.3450767315134	-1.153160137607	92.716467033976
2.8421971498	4.8421971498	92.588966835122
0.7929563081696	4.5605655377456	92.726019146149
2.5617879496749	3.4382120503251	92.687081960071
1.025	8	92.525142031433
-0.087499999999999	9.78	92.518256845
8	4	92.31476959802
7.6497223522753	2.3502776477247	92.448936842636
9.1399318859259	3.1399318859259	92.294874052225
3.1734821421011	-1.1033147322374	92.892360198956
2	2	92.79624659121
0.17444568219349	0.31562958566108	92.975489006926
6	6	92.306571306338
8	8	91.993794575021
6	10	91.98902219931
6.5553016893061	3.4446983106939	92.449203740298
6	2	92.573544553149
11.634381521309	2.3656184786905	92.15744091081
10.529021523052	3.4709784769483	92.167728307931
10	2	92.307655844845
4.0783175475064	6.0783175475064	92.432023271583
4	4	92.570873373245
5.3577057505171	4.6422942494829	92.445583263848
19.59790601521	1.5858524269203	91.414501983021
19.090058810186	2.5114570039578	91.414044062797
18.665164896094	1.2767314026166	91.541865149312
0.12018227894797	13.447708353683	92.31493570126
2	14	92.082293987704
0.39135804378554	16	92.152723153551
0.36164277338335	2.792464160075	92.841200511822
0.77588517114163	11.601416273827	92.347003984717
4	12	92.013773181907
-2.978302492444	11.128098628646	92.715188682764
-1.4645743224561	11.84530758366	92.54762420988
-3.0207446242652	12.7	92.669559029792
2	18	91.837600583375
4	16	91.718972394377
8	12	91.625371881235
6	14	91.649677353133
8	20.95525	90.841360217345
6.2695184765001	22.24543966359	90.986335075619
6.22	20.0875	91.138334135737
4.5605655377456	19.20704369183	91.421082164543
6	18	91.322653245972
8	16	91.250737266047
4	8	92.305201814148
2	10	92.331322441361
8	18.975	90.99368071585
9.78	20.0875	90.68270353423
10	10	91.632667309408
10	6	92.007847476532
12	8	91.651791433654
12.230821605793	5.7691783942072	91.84150967482
12	4	92.008970624423
13.492421939542	4.5075780604584	91.83775613559
14	2	91.977407242179
15.619573456647	2.3804265433532	91.797030990167
14.502779916401	3.4972200835985	91.824555714568
14	10	91.255367168441
23.409323984217	3.4261289201571	90.814255137322
23.067690490026	4.7194176595445	90.765212595672
22.259623138419	3.6534268701626	90.94721001816
12	-0.59618653987296	92.294535396618
12.431487276883	-2.6531009650214	92.337111898901
14.024954738047	-0.55090251964505	92.116816747472
18	6	91.256276735746
18.44643932255	8	91.015440710023
16	8	91.270035961304
14.873606177832	4.8736061778317	91.677585410051
16.365618478691	5.6343815213095	91.461928611074
14	6	91.660521299134
17.139931885926	3.1399318859259	91.586261259899
18.486090278049	3.553108811785	91.407914868063
17.470978476948	4.5290215230517	91.441901958127
16	4	91.638604181678
5.5358753196007	0.43779857813431	92.68700017215
7.1556684839121	0.61711702750584	92.580624498362
12	12	91.232964918393
10	14	91.225005558007
14	14	90.812173736294
12	16	90.806067441418
14	18	90.390483236551
16	19.608641956214	90.034272387937
13.447708353683	19.879817721052	90.275279999295
10	18	90.835705061529
16	16	90.392015303599
18.975	12	90.535997791198
16	12	90.83535351977
18	10	90.853537967791
21.233672441579	14.33875906527	90.066175632076
22.31068239868	11.8	90.216705114543
11.84530758366	21.464574322456	90.326920092523
12.7	23.020744624265	90.117957534818
11.128098628646	22.978302492444	90.305967417184
18	14	90.413207750496
18	18	89.994127302866
19.425060680876	16	90.063630322951
21.256074540744	18.048596325953	89.702985157833
-2.6	22.950814770437	92.236248202671
-0.55263367012088	21.879167001409	91.986669937917
20.13313030339	6.8362209815134	90.941541674985
20.522312476	9.2044404209631	90.668349802859
4.6	-2.9344237971273	92.893929234676
2.792464160075	19.638357226617	91.632265589207
4	21	91.380698977384
6.8458200169269	4.8458200169269	92.333050395751
2	6	92.572682068965
3.7814432946109	2.491374977926	92.673005801286
4	0.98274995585201	92.744104382242
-2.8058823529412	3.7	92.97167445167
9.3698585804234	4.6301414195766	92.168779971931
8.0617437348201	6.0617437348201	92.152841843187
10.860068114074	4.8600681140741	92.034221313279
-1.5895817057597	1.9636988723873	92.984000787561
-1	4	92.856193967228
13.126393822168	3.1263938221683	91.978023671091
-2.6265435144332	19	92.406162624748
3.7	22.805882352941	91.316492387055
15.35654606039	0.73769737359307	91.925028868176
16.782285163486	-2.6356640599461	91.923935993564
14.533085761459	-2.5115899492654	92.144553298964
21.164172063381	2.9415628892203	91.135338940238
19.794323242496	3.4880982307876	91.262067667612
20.217341567351	2.4408098606137	91.285461292741
10.431341025648	-0.60670960246044	92.41795293407
10.384971132138	-2.1747183861213	92.485239649617
11.601416273827	19.224114828858	90.539677491784
19	22.626543514433	89.518551236501
21.870391577715	20.518563865421	89.445012576922
19.608220509708	19.352070347646	89.724691204913
19.300995549271	4.7014933239065	91.224366423951
22.168266643091	5.7837332143668	90.793355260003
21	4	91.078768743716
1.6704566152042	-2.6025352333536	93.041855562435
-2.2517312842921	9.7335486885924	92.69978549079
-2.0891380969107	-0.33911308220337	93.122263890106
-0.37367970491959	-2.0296002019391	93.12076627121
-2.1211868514711	14.079543839426	92.527933654082
0.6635167253888	19.657283268303	91.925099108094
-2.0174381082798	16.54762594403	92.422189552426
5.1541799830731	3.1541799830731	92.55441378665
-2.839609831169	-2.6	93.28121397694
8.7424951596365	-0.23723422434041	92.520974687653
1.9636988723873	21.58958170576	91.636008515408
9.7335486885924	22.251731284292	90.527187701856
14.079543839426	22.121186851471	90.027149009344
16.54762594403	22.01743810828	89.783429108573
22.919277709856	22.6	89.221205799826
12.786012187356	0.86675452459416	92.154060503235
17.75224890108	1.1046531844586	91.654471056609
16.757319248597	1.8619107817826	91.71501551922
17.136676273048	0.40888248463454	91.760147599484
21.19248036131	1.8708434002135	91.20226241048
22.76359499056	2.4481153928193	90.964174913104
11.126649406225	0.79947245138618	92.293564304832
16	-1	91.945887298581
18.270117688258	0.026281942256751	91.655349519603
19.339657133396	0.56215318801983	91.504160995042
20.140452717288	-0.3020579932189	91.452417223703
18	2	91.571786533206
17.32430441862	-0.90546692635876	91.803168213493
20.561404504131	0.79836652764238	91.343998016853
18.947362157115	-1.6071046968814	91.650081225309
21.544995328614	-0.20861901344757	91.27300330375
22.701997204946	8.2	90.518414364538
20.976362793248	-2.2641505415937	91.430577075001
22.858983404709	0.66383433166941	91.057124170857
22.88780921067	-0.91315919286929	91.130993111651
23.150624756475	15.4	89.787371015472
-14.4	-14.4	94.272630706755
-6.2666666666667	-14.4	93.413287781051
-8.539837398374	-8.8014525745257	93.123133485991
-2.6	-9.9102222222222	92.713613151115
-4.4	-4.4	92.478438080559
25.98920449275	0.1	89.654272441155
28.491062253033	-0.39685970787487	89.314726377886
27.381739349484	1.9	89.357598713059
-4.4	-0.8	92.268094229052
-9.9102222222222	-2.6	92.724626355697
19.204748259689	-9.4001076076995	90.730630288045
18.133333333333	-14.4	90.796390517901
23.995251740311	-9.5808516561903	90.20271396865
-11.228229369649	4.0747942088804	92.525626159298
-14.4	1.8666666666667	92.864371226684
-4.4	2.8	92.099942044596
-7.381739349484	3.7	92.252054293184
-14.4	-6.2666666666667	93.402076828438
-4.4	4.6	92.03127743981
2.8	-4.4	92.057799983605
1	-7.5177195289596	92.305337742976
4.6	-7.5309506005718	92.047219674667
8.2	-7.8187902490235	91.775376081434
2.7880040682666	-10.788269801572	92.290945516055
6.4	-4.4	91.834561879112
-5.9892044927502	7.3	92.061477406949
-6.2983499597677	5.5	92.127230690623
-4.4	6.4	91.971622558456
-4.4	8.2	91.919447648913
-4.4	10	91.872845880819
-7.381739349484	9.1	92.141902389915
-0.8	-4.4	92.265935381859
27.381739349484	-3.5	89.614621398098
31.540004213992	-3.2366602994632	89.002129715369
-5.9892044927502	12.7	91.968628587843
-4.4	11.8	91.829629471801
-4.4	13.6	91.787439977488
-9.1255165757429	12.312106224289	92.284377198477
-6.2983499597677	10.9	92.02393317249
-6.468824669756	15.4	91.981404066811
-4.4	17.2	91.696570615617
-7.7835722569574	19	92.08121480067
-14.4	26.266666666667	92.61742446848
-6.8393672366518	28.389684766815	91.554555264504
-14.4	34.4	91.918687842554
-4.4	24.4	91.432077032531
-7.5281378984185	22.6	91.947672006756
-2.6	26.415890834661	91.066095853338
-11.419301667005	21.067031545955	92.485827918355
-0.8	24.4	90.899789858754
0.1	26.298349959768	90.67013556266
1.9	27.381739349484	90.350190507874
-0.79465820785031	29.82178400411	90.621442779882
1	24.4	90.630292526318
8.2	24.4	89.595959448153
7.3	27.381739349484	89.580567533795
6.4	24.4	89.842653904057
5.5	25.98920449275	89.890692412269
3.7	26.298349959768	90.136190559443
4.6	24.4	90.09895638971
9.1	26.298349959768	89.384513280751
10	24.4	89.361028094235
10.9	25.98920449275	89.169764388065
5.0031402921251	28.491062253033	89.856107451925
11.8	-6.4158908346611	91.462224766559
10	-4.4	91.578687324575
22.4	-4.4	90.314324279588
23.4	-6.1477896360936	90.225667638925
24.4	-4.4	90.055124581738
14.5	-6.2983499597677	91.215228606067
13.6	-4.4	91.276826776415
15.4	-4.4	91.106060140512
16.3	-7.381739349484	91.040386127037
17.2	-4.4	90.921526387566
17.46344674385	-11.641709951263	90.892517302293
20.8	-4.4	90.512183638025
19.9	-6.1176059112769	90.645435074944
21.6	-7.0504349773191	90.456962077814
19	-4.4	90.72337201499
18.1	-5.9661829151641	90.84513336469
26.789472365339	-6.9271100023393	89.812006806609
30.713318730963	-7.9633579648738	89.345936530024
34.4	-6.2666666666667	88.769174827984
2.8	24.4	90.362401372313
26.298349959768	-1.7	89.694512642943
24.4	-2.6	89.995823472513
24.4	-0.8	89.921105255879
24.4	4.6	89.600822041158
26.298349959768	3.7	89.40429570958
27.381739349484	5.5	89.138520005158
1.8666666666667	34.4	90.056142275482
2.4605206474456	30.708691557006	90.125128996125
7.7031402921251	31.148936070323	89.417960467776
18.867760823754	-7.6138519319147	90.769689424491
28.40786757422	9.4177848176537	88.745136261835
24.4	6.4	89.464839446894
24.4	2.8	89.723152012676
10.403140292125	28.491062253033	89.141297521305
17.2	24.4	88.567627669481
20.8	24.4	88.265263455288
19	29.275555555556	88.225109445617
26.266666666667	34.4	87.554642462094
18.133333333333	34.4	88.272132416508
13.350136737687	31.660343688415	88.7488596791
12.7	27.381739349484	88.902109326583
11.8	24.4	89.139634817963
13.6	24.4	88.933117144311
24.4	13.6	88.838419627019
29.611555555556	15.4	88.237722240502
24.4	17.2	88.523358103046
34.4	18.133333333333	87.747567681123
29.910222222222	22.6	87.807704133005
27.938320844467	19	88.133434880857
24.4	10	89.161760044224
24.4	20.8	88.243467004448
24.4	24.4	88.018635227855
28.600166516805	28.790191139085	87.575807402864
34.4	34.4	86.898917140105
22.6	27.834587258179	87.984192845168
34.4	26.266666666667	87.392191655993
-8.4910622530333	6.8031402921251	92.261338471497
28.335351896304	3.7	89.117141321683
30.840284972378	6.1796800305637	88.627589728169
24.4	1	89.830199549848
10	34.4	89.11136956298
14.528188865919	-10.023787189829	91.20353397104
17.465874760999	-8.8032409730173	90.916699571732
26.266666666667	-14.4	90.03738817617
-10.789349367166	9.3294693603498	92.438963419621
-14.4	10	92.783685505716
-4.4	20.8	91.582491368616
-10.325721000821	16.03150985102	92.411188847241
29.918298171945	1.7087745143783	88.995637929704
10	-14.4	91.624408014814
27.762837029736	-10.749939718851	89.801421831718
-6.2666666666667	34.4	91.024190616102
34.4	10	88.013647878794
31.113532886912	-0.63789652068931	88.935610882925
34.4	1.8666666666667	88.323651031467
1.8666666666667	-14.4	92.512250739265
34.4	-14.4	89.313398516209
31.521625907461	-11.774509598414	89.436040632624
-14.4	18.133333333333	92.851122337068
-0.95525	8	91.669758040236
-2.2454396635896	6.2695184765001	91.832210836658
-0.087499999999999	6.22	91.694632110666
8.2	-2.7456668823698	91.661535998501
6.3450767315134	-1.153160137607	91.716467033976
2.8421971498	4.8421971498	91.588966835122
0.7929563081696	4.5605655377456	91.726019146149
2.5617879496749	3.4382120503251	91.687081960071
1.025	8	91.525142031433
-0.087499999999999	9.78	91.518256845
8	4	91.31476959802
7.6497223522753	2.3502776477247	91.448936842636
9.1399318859259	3.1399318859259	91.294874052225
3.1734821421011	-1.1033147322374	91.892360198956
2	2	91.79624659121
0.17444568219349	0.31562958566108	91.975489006926
6	6	91.306571306338
8	8	90.993794575021
6	10	90.98902219931
6.5553016893061	3.4446983106939	91.449203740298
6	2	91.573544553149
11.634381521309	2.3656184786905	91.15744091081
10.529021523052	3.4709784769483	91.167728307931
10	2	91.307655844845
4.0783175475064	6.0783175475064	91.432023271583
4	4	91.570873373245
5.3577057505171	4.6422942494829	91.445583263848
19.59790601521	1.5858524269203	90.414501983021
19.090058810186	2.5114570039578	90.414044062797
18.665164896094	1.2767314026166	90.541865149312
0.12018227894797	13.447708353683	91.31493570126
2	14	91.082293987704
0.39135804378554	16	91.152723153551
0.36164277338335	2.792464160075	91.841200511822
0.77588517114163	11.601416273827	91.347003984717
4	12	91.013773181907
-2.978302492444	11.128098628646	91.715188682764
-1.4645743224561	11.84530758366	91.54762420988
-3.0207446242652	12.7	91.669559029792
2	18	90.837600583375
4	16	90.718972394377
8	12	90.625371881235
6	14	90.649677353133
8	20.95525	89.841360217345
6.2695184765001	22.24543966359	89.986335075619
6.22	20.0875	90.138334135737
4.5605655377456	19.20704369183	90.421082164543
6	18	90.322653245972
8	16	90.250737266047
4	8	91.305201814148
2	10	91.331322441361
8	18.975	89.99368071585
9.78	20.0875	89.68270353423
10	10	90.632667309408
10	6	91.007847476532
12	8	90.651791433654
12.230821605793	5.7691783942072	90.84150967482
12	4	91.008970624423
13.492421939542	4.5075780604584	90.83775613559
14	2	90.977407242179
15.619573456647	2.3804265433532	90.797030990167
14.502779916401	3.4972200835985	90.824555714568
14	10	90.255367168441
23.409323984217	3.4261289201571	89.814255137322
23.067690490026	4.7194176595445	89.765212595672
22.259623138419	3.6534268701626	89.94721001816
12	-0.59618653987296	91.294535396618
12.431487276883	-2.6531009650214	91.337111898901
14.024954738047	-0.55090251964505	91.116816747472
18	6	90.256276735746
18.44643932255	8	90.015440710023
16	8	90.270035961304
14.873606177832	4.8736061778317	90.677585410051
16.365618478691	5.6343815213095	90.461928611074
14	6	90.660521299134
17.139931885926	3.1399318859259	90.586261259899
18.486090278049	3.553108811785	90.407914868063
17.470978476948	4.5290215230517	90.441901958127
16	4	90.638604181678
5.5358753196007	0.43779857813431	91.68700017215
7.1556684839121	0.61711702750584	91.580624498362
12	12	90.232964918393
10	14	90.225005558007
14	14	89.812173736294
12	16	89.806067441418
14	18	89.390483236551
16	19.608641956214	89.034272387937
13.447708353683	19.879817721052	89.275279999295
10	18	89.835705061529
16	16	89.392015303599
18.975	12	89.535997791198
16	12	89.83535351977
18	10	89.853537967791
21.233672441579	14.33875906527	89.066175632076
22.31068239868	11.8	89.216705114543
11.84530758366	21.464574322456	89.326920092523
12.7	23.020744624265	89.117957534818
11.128098628646	22.978302492444	89.305967417184
18	14	89.413207750496
18	18	88.994127302866
19.425060680876	16	89.063630322951
21.256074540744	18.048596325953	88.702985157833
-2.6	22.950814770437	91.236248202671
-0.55263367012088	21.879167001409	90.986669937917
20.13313030339	6.8362209815134	89.941541674985
20.522312476	9.2044404209631	89.668349802859
4.6	-2.9344237971273	91.893929234676
2.792464160075	19.638357226617	90.632265589207
4	21	90.380698977384
6.8458200169269	4.8458200169269	91.333050395751
2	6	91.572682068965
3.7814432946109	2.491374977926	91.673005801286
4	0.98274995585201	91.744104382242
-2.8058823529412	3.7	91.97167445167
9.3698585804234	4.6301414195766	91.168779971931
8.0617437348201	6.0617437348201	91.152841843187
10.860068114074	4.8600681140741	91.034221313279
-1.5895817057597	1.9636988723873	91.984000787561
-1	4	91.856193967228
13.126393822168	3.1263938221683	90.978023671091
-2.6265435144332	19	91.406162624748
3.7	22.805882352941	90.316492387055
15.35654606039	0.73769737359307	90.925028868176
16.782285163486	-2.6356640599461	90.923935993564
14.533085761459	-2.5115899492654	91.144553298964
21.164172063381	2.9415628892203	90.135338940238
19.794323242496	3.4880982307876	90.262067667612
20.217341567351	2.4408098606137	90.285461292741
10.431341025648	-0.60670960246044	91.41795293407
10.384971132138	-2.1747183861213	91.485239649617
11.601416273827	19.224114828858	89.539677491784
19	22.626543514433	88.518551236501
21.870391577715	20.518563865421	88.445012576922
19.608220509708	19.352070347646	88.724691204913
19.300995549271	4.7014933239065	90.224366423951
22.168266643091	5.7837332143668	89.793355260003
21	4	90.078768743716
1.6704566152042	-2.6025352333536	92.041855562435
-2.2517312842921	9.7335486885924	91.69978549079
-2.0891380969107	-0.33911308220337	92.122263890106
-0.37367970491959	-2.0296002019391	92.12076627121
-2.1211868514711	14.079543839426	91.527933654082
0.6635167253888	19.657283268303	90.925099108094
-2.0174381082798	16.54762594403	91.422189552426
5.1541799830731	3.1541799830731	91.55441378665
-2.839609831169	-2.6	92.28121397694
8.7424951596365	-0.23723422434041	91.520974687653
1.9636988723873	21.58958170576	90.636008515408
9.7335486885924	22.251731284292	89.527187701856
14.079543839426	22.121186851471	89.027149009344
16.54762594403	22.01743810828	88.783429108573
22.919277709856	22.6	88.221205799826
12.786012187356	0.86675452459416	91.154060503235
17.75224890108	1.1046531844586	90.654471056609
16.757319248597	1.8619107817826	90.71501551922
17.136676273048	0.40888248463454	90.760147599484
21.19248036131	1.8708434002135	90.20226241048
22.76359499056	2.4481153928193	89.964174913104
11.126649406225	0.79947245138618	91.293564304832
16	-1	90.945887298581
18.270117688258	0.026281942256751	90.655349519603
19.339657133396	0.56215318801983	90.504160995042
20.140452717288	-0.3020579932189	90.452417223703
18	2	90.571786533206
17.32430441862	-0.90546692635876	90.803168213493
20.561404504131	0.79836652764238	90.343998016853
18.947362157115	-1.6071046968814	90.650081225309
21.544995328614	-0.20861901344757	90.27300330375
22.701997204946	8.2	89.518414364538
20.976362793248	-2.2641505415937	90.430577075001
22.858983404709	0.66383433166941	90.057124170857
22.88780921067	-0.91315919286929	90.130993111651
23.150624756475	15.4	88.787371015472
-14.4	-14.4	93.272630706755
-6.2666666666667	-14.4	92.413287781051
-8.539837398374	-8.8014525745257	92.123133485991
-2.6	-9.9102222222222	91.713613151115
-4.4	-4.4	91.478438080559
25.98920449275	0.1	88.654272441155
28.491062253033	-0.39685970787487	88.314726377886
27.381739349484	1.9	88.357598713059
-4.4	-0.8	91.268094229052
-9.9102222222222	-2.6	91.724626355697
19.204748259689	-9.4001076076995	89.730630288045
18.133333333333	-14.4	89.796390517901
23.995251740311	-9.5808516561903	89.20271396865
-11.228229369649	4.0747942088804	91.525626159298
-14.4	1.8666666666667	91.864371226684
-4.4	2.8	91.099942044596
-7.381739349484	3.7	91.252054293184
-14.4	-6.2666666666667	92.402076828438
-4.4	4.6	91.03127743981
2.8	-4.4	91.057799983605
1	-7.5177195289596	91.305337742976
4.6	-7.5309506005718	91.047219674667
8.2	-7.8187902490235	90.775376081434
2.7880040682666	-10.788269801572	91.290945516055
6.4	-4.4	90.834561879112
-5.9892044927502	7.3	91.061477406949
-6.2983499597677	5.5	91.127230690623
-4.4	6.4	90.971622558456
-4.4	8.2	90.919447648913
-4.4	10	90.872845880819
-7.381739349484	9.1	91.141902389915
-0.8	-4.4	91.265935381859
27.381739349484	-3.5	88.614621398098
31.540004213992	-3.2366602994632	88.002129715369
-5.9892044927502	12.7	90.968628587843
-4.4	11.8	90.829629471801
-4.4	13.6	90.787439977488
-9.1255165757429	12.312106224289	91.284377198477
-6.2983499597677	10.9	91.02393317249
-6.468824669756	15.4	90.981404066811
-4.4	17.2	90.696570615617
-7.7835722569574	19	91.08121480067
-14.4	26.266666666667	91.61742446848
-6.8393672366518	28.389684766815	90.554555264504
-14.4	34.4	90.918687842554
-4.4	24.4	90.432077032531
-7.5281378984185	22.6	90.947672006756
-2.6	26.415890834661	90.066095853338
-11.419301667005	21.067031545955	91.485827918355
-0.8	24.4	89.899789858754
0.1	26.298349959768	89.67013556266
1.9	27.381739349484	89.350190507874
-0.79465820785031	29.82178400411	89.621442779882
1	24.4	89.630292526318
8.2	24.4	88.595959448153
7.3	27.381739349484	88.580567533795
6.4	24.4	88.842653904057
5.5	25.98920449275	88.890692412269
3.7	26.298349959768	89.136190559443
4.6	24.4	89.09895638971
9.1	26.298349959768	88.384513280751
10	24.4	88.361028094235
10.9	25.98920449275	88.169764388065
5.0031402921251	28.491062253033	88.856107451925
11.8	-6.4158908346611	90.462224766559
10	-4.4	90.578687324575
22.4	-4.4	89.314324279588
23.4	-6.1477896360936	89.225667638925
24.4	-4.4	89.055124581738
14.5	-6.2983499597677	90.215228606067
13.6	-4.4	90.276826776415
15.4	-4.4	90.106060140512
16.3	-7.381739349484	90.040386127037
17.2	-4.4	89.921526387566
17.46344674385	-11.641709951263	89.892517302293
20.8	-4.4	89.512183638025
19.9	-6.1176059112769	89.645435074944
21.6	-7.0504349773191	89.456962077814
19	-4.4	89.72337201499
18.1	-5.9661829151641	89.84513336469
26.789472365339	-6.9271100023393	88.812006806609
30.713318730963	-7.9633579648738	88.345936530024
34.4	-6.2666666666667	87.769174827984
2.8	24.4	89.362401372313
26.298349959768	-1.7	88.694512642943
24.4	-2.6	88.995823472513
24.4	-0.8	88.921105255879
24.4	4.6	88.600822041158
26.298349959768	3.7	88.40429570958
27.381739349484	5.5	88.138520005158
1.8666666666667	34.4	89.056142275482
2.4605206474456	30.708691557006	89.125128996125
7.7031402921251	31.148936070323	88.417960467776
18.867760823754	-7.6138519319147	89.769689424491
28.40786757422	9.4177848176537	87.745136261835
24.4	6.4	88.464839446894
24.4	2.8	88.723152012676
10.403140292125	28.491062253033	88.141297521305
17.2	24.4	87.567627669481
20.8	24.4	87.265263455288
19	29.275555555556	87.225109445617
26.266666666667	34.4	86.554642462094
18.133333333333	34.4	87.272132416508
13.350136737687	31.660343688415	87.7488596791
12.7	27.381739349484	87.902109326583
11.8	24.4	88.139634817963
13.6	24.4	87.933117144311
24.4	13.6	87.838419627019
29.611555555556	15.4	87.237722240502
24.4	17.2	87.523358103046
34.4	18.133333333333	86.747567681123
29.910222222222	22.6	86.807704133005
27.938320844467	19	87.133434880857
24.4	10	88.161760044224
24.4	20.8	87.243467004448
24.4	24.4	87.018635227855
28.600166516805	28.790191139085	86.575807402864
34.4	34.4	85.898917140105
22.6	27.834587258179	86.984192845168
34.4	26.266666666667	86.392191655993
-8.4910622530333	6.8031402921251	91.261338471497
28.335351896304	3.7	88.117141321683
30.840284972378	6.1796800305637	87.627589728169
24.4	1	88.830199549848
10	34.4	88.11136956298
14.528188865919	-10.023787189829	90.20353397104
17.465874760999	-8.8032409730173	89.916699571732
26.266666666667	-14.4	89.03738817617
-10.789349367166	9.3294693603498	91.438963419621
-14.4	10	91.783685505716
-4.4	20.8	90.582491368616
-10.325721000821	16.03150985102	91.411188847241
29.918298171945	1.7087745143783	87.995637929704
10	-14.4	90.624408014814
27.762837029736	-10.749939718851	88.801421831718
-6.2666666666667	34.4	90.024190616102
34.4	10	87.013647878794
31.113532886912	-0.63789652068931	87.935610882925
34.4	1.8666666666667	87.323651031467
1.8666666666667	-14.4	91.512250739265
34.4	-14.4	88.313398516209
31.521625907461	-11.774509598414	88.436040632624
-14.4	18.133333333333	91.851122337068
-0.95525	8	90.669758040236
-2.2454396635896	6.2695184765001	90.832210836658
-0.087499999999999	6.22	90.694632110666
8.2	-2.7456668823698	90.661535998501
6.3450767315134	-1.153160137607	90.716467033976
2.8421971498	4.8421971498	90.588966835122
0.7929563081696	4.5605655377456	90.726019146149
2.5617879496749	3.4382120503251	90.687081960071
1.025	8	90.525142031433
-0.087499999999999	9.78	90.518256845
8	4	90.31476959802
7.6497223522753	2.3502776477247	90.448936842636
9.1399318859259	3.1399318859259	90.294874052225
3.1734821421011	-1.1033147322374	90.892360198956
2	2	90.79624659121
0.17444568219349	0.31562958566108	90.975489006926
6	6	90.306571306338
8	8	89.993794575021
6	10	89.98902219931
6.5553016893061	3.4446983106939	90.449203740298
6	2	90.573544553149
11.634381521309	2.3656184786905	90.15744091081
10.529021523052	3.4709784769483	90.167728307931
10	2	90.307655844845
4.0783175475064	6.0783175475064	90.432023271583
4	4	90.570873373245
5.3577057505171	4.6422942494829	90.445583263848
19.59790601521	1.5858524269203	89.414501983021
19.090058810186	2.5114570039578	89.414044062797
18.665164896094	1.2767314026166	89.541865149312
0.12018227894797	13.447708353683	90.31493570126
2	14	90.082293987704
0.39135804378554	16	90.152723153551
0.36164277338335	2.792464160075	90.841200511822
0.77588517114163	11.601416273827	90.347003984717
4	12	90.013773181907
-2.978302492444	11.128098628646	90.715188682764
-1.4645743224561	11.84530758366	90.54762420988
-3.0207446242652	12.7	90.669559029792
2	18	89.837600583375
4	16	89.718972394377
8	12	89.625371881235
6	14	89.649677353133
8	20.95525	88.841360217345
6.2695184765001	22.24543966359	88.986335075619
6.22	20.0875	89.138334135737
4.5605655377456	19.20704369183	89.421082164543
6	18	89.322653245972
8	16	89.250737266047
4	8	90.305201814148
2	10	90.331322441361
8	18.975	88.99368071585
9.78	20.0875	88.68270353423
10	10	89.632667309408
10	6	90.007847476532
12	8	89.651791433654
12.230821605793	5.7691783942072	89.84150967482
12	4	90.008970624423
13.492421939542	4.5075780604584	89.83775613559
14	2	89.977407242179
15.619573456647	2.3804265433532	89.797030990167
14.502779916401	3.4972200835985	89.824555714568
14	10	89.255367168441
23.409323984217	3.4261289201571	88.814255137322
23.067690490026	4.7194176595445	88.765212595672
22.259623138419	3.6534268701626	88.94721001816
12	-0.59618653987296	90.294535396618
12.431487276883	-2.6531009650214	90.337111898901
14.024954738047	-0.55090251964505	90.116816747472
18	6	89.256276735746
18.44643932255	8	89.015440710023
16	8	89.270035961304
14.873606177832	4.8736061778317	89.677585410051
16.365618478691	5.6343815213095	89.461928611074
14	6	89.660521299134
17.139931885926	3.1399318859259	89.586261259899
18.486090278049	3.553108811785	89.407914868063
17.470978476948	4.5290215230517	89.441901958127
16	4	89.638604181678
5.5358753196007	0.43779857813431	90.68700017215
7.1556684839121	0.61711702750584	90.580624498362
12	12	89.232964918393
10	14	89.225005558007
14	14	88.812173736294
12	16	88.806067441418
14	18	88.390483236551
16	19.608641956214	88.034272387937
13.447708353683	19.879817721052	88.275279999295
10	18	88.835705061529
16	16	88.392015303599
18.975	12	88.535997791198
16	12	88.83535351977
18	10	88.853537967791
21.233672441579	14.33875906527	88.066175632076
22.31068239868	11.8	88.216705114543
11.84530758366	21.464574322456	88.326920092523
12.7	23.020744624265	88.117957534818
11.128098628646	22.978302492444	88.305967417184
18	14	88.413207750496
18	18	87.994127302866
19.425060680876	16	88.063630322951
21.256074540744	18.048596325953	87.702985157833
-2.6	22.950814770437	90.236248202671
-0.55263367012088	21.879167001409	89.986669937917
20.13313030339	6.8362209815134	88.941541674985
20.522312476	9.2044404209631	88.668349802859
4.6	-2.9344237971273	90.893929234676
2.792464160075	19.638357226617	89.632265589207
4	21	89.380698977384
6.8458200169269	4.8458200169269	90.333050395751
2	6	90.572682068965
3.7814432946109	2.491374977926	90.673005801286
4	0.98274995585201	90.744104382242
-2.8058823529412	3.7	90.97167445167
9.3698585804234	4.6301414195766	90.168779971931
8.0617437348201	6.0617437348201	90.152841843187
10.860068114074	4.8600681140741	90.034221313279
-1.5895817057597	1.9636988723873	90.984000787561
-1	4	90.856193967228
13.126393822168	3.1263938221683	89.978023671091
-2.6265435144332	19	90.406162624748
3.7	22.805882352941	89.316492387055
15.35654606039	0.73769737359307	89.925028868176
16.782285163486	-2.6356640599461	89.923935993564
14.533085761459	-2.5115899492654	90.144553298964
21.164172063381	2.9415628892203	89.135338940238
19.794323242496	3.4880982307876	89.262067667612
20.217341567351	2.4408098606137	89.285461292741
10.431341025648	-0.60670960246044	90.41795293407
10.384971132138	-2.1747183861213	90.485239649617
11.601416273827	19.224114828858	88.539677491784
19	22.626543514433	87.518551236501
21.870391577715	20.518563865421	87.445012576922
19.608220509708	19.352070347646	87.724691204913
19.300995549271	4.7014933239065	89.224366423951
22.168266643091	5.7837332143668	88.793355260003
21	4	89.078768743716
1.6704566152042	-2.6025352333536	91.041855562435
-2.2517312842921	9.7335486885924	90.69978549079
-2.0891380969107	-0.33911308220337	91.122263890106
-0.37367970491959	-2.0296002019391	91.12076627121
-2.1211868514711	14.079543839426	90.527933654082
0.6635167253888	19.657283268303	89.925099108094
-2.0174381082798	16.54762594403	90.422189552426
5.1541799830731	3.1541799830731	90.55441378665
-2.839609831169	-2.6	91.28121397694
8.7424951596365	-0.23723422434041	90.520974687653
1.9636988723873	21.58958170576	89.636008515408
9.7335486885924	22.251731284292	88.527187701856
14.079543839426	22.121186851471	88.027149009344
16.54762594403	22.01743810828	87.783429108573
22.919277709856	22.6	87.221205799826
12.786012187356	0.86675452459416	90.154060503235
17.75224890108	1.1046531844586	89.654471056609
16.757319248597	1.8619107817826	89.71501551922
17.136676273048	0.40888248463454	89.760147599484
21.19248036131	1.8708434002135	89.20226241048
22.76359499056	2.4481153928193	88.964174913104
11.126649406225	0.79947245138618	90.293564304832
16	-1	89.945887298581
18.270117688258	0.026281942256751	89.655349519603
19.339657133396	0.56215318801983	89.504160995042
20.140452717288	-0.3020579932189	89.452417223703
18	2	89.571786533206
17.32430441862	-0.90546692635876	89.803168213493
20.561404504131	0.79836652764238	89.343998016853
18.947362157115	-1.6071046968814	89.650081225309
21.544995328614	-0.20861901344757	89.27300330375
22.701997204946	8.2	88.518414364538
20.976362793248	-2.2641505415937	89.430577075001
22.858983404709	0.66383433166941	89.057124170857
22.88780921067	-0.91315919286929	89.130993111651
23.150624756475	15.4	87.787371015472
-14.4	-14.4	92.272630706755
-6.2666666666667	-14.4	91.413287781051
-8.539837398374	-8.8014525745257	91.123133485991
-2.6	-9.9102222222222	90.713613151115
-4.4	-4.4	90.478438080559
25.98920449275	0.1	87.654272441155
28.491062253033	-0.39685970787487	87.314726377886
27.381739349484	1.9	87.357598713059
-4.4	-0.8	90.268094229052
-9.9102222222222	-2.6	90.724626355697
19.204748259689	-9.4001076076995	88.730630288045
18.133333333333	-14.4	88.796390517901
23.995251740311	-9.5808516561903	88.20271396865
-11.228229369649	4.0747942088804	90.525626159298
-14.4	1.8666666666667	90.864371226684
-4.4	2.8	90.099942044596
-7.381739349484	3.7	90.252054293184
-14.4	-6.2666666666667	91.402076828438
-4.4	4.6	90.03127743981
2.8	-4.4	90.057799983605
1	-7.5177195289596	90.305337742976
4.6	-7.5309506005718	90.047219674667
8.2	-7.8187902490235	89.775376081434
2.7880040682666	-10.788269801572	90.290945516055
6.4	-4.4	89.834561879112
-5.9892044927502	7.3	90.061477406949
-6.2983499597677	5.5	90.127230690623
-4.4	6.4	89.971622558456
-4.4	8.2	89.919447648913
-4.4	10	89.872845880819
-7.381739349484	9.1	90.141902389915
-0.8	-4.4	90.265935381859
27.381739349484	-3.5	87.614621398098
31.540004213992	-3.2366602994632	87.002129715369
-5.9892044927502	12.7	89.968628587843
-4.4	11.8	89.829629471801
-4.4	13.6	89.787439977488
-9.1255165757429	12.312106224289	90.284377198477
-6.2983499597677	10.9	90.02393317249
-6.468824669756	15.4	89.981404066811
-4.4	17.2	89.696570615617
-7.7835722569574	19	90.08121480067
-14.4	26.266666666667	90.61742446848
-6.8393672366518	28.389684766815	89.554555264504
-14.4	34.4	89.918687842554
-4.4	24.4	89.432077032531
-7.5281378984185	22.6	89.947672006756
-2.6	26.415890834661	89.066095853338
-11.419301667005	21.067031545955	90.485827918355
-0.8	24.4	88.899789858754
0.1	26.298349959768	88.67013556266
1.9	27.381739349484	88.350190507874
-0.79465820785031	29.82178400411	88.621442779882
1	24.4	88.630292526318
8.2	24.4	87.595959448153
7.3	27.381739349484	87.580567533795
6.4	24.4	87.842653904057
5.5	25.98920449275	87.890692412269
3.7	26.298349959768	88.136190559443
4.6	24.4	88.09895638971
9.1	26.298349959768	87.384513280751
10	24.4	87.361028094235
10.9	25.98920449275	87.169764388065
5.0031402921251	28.491062253033	87.856107451925
11.8	-6.4158908346611	89.462224766559
10	-4.4	89.578687324575
22.4	-4.4	88.314324279588
23.4	-6.1477896360936	88.225667638925
24.4	-4.4	88.055124581738
14.5	-6.2983499597677	89.215228606067
13.6	-4.4	89.276826776415
15.4	-4.4	89.106060140512
16.3	-7.381739349484	89.040386127037
17.2	-4.4	88.921526387566
17.46344674385	-11.641709951263	88.892517302293
20.8	-4.4	88.512183638025
19.9	-6.1176059112769	88.645435074944
21.6	-7.0504349773191	88.456962077814
19	-4.4	88.72337201499
18.1	-5.9661829151641	88.84513336469
26.789472365339	-6.9271100023393	87.812006806609
30.713318730963	-7.9633579648738	87.345936530024
34.4	-6.2666666666667	86.769174827984
2.8	24.4	88.362401372313
26.298349959768	-1.7	87.694512642943
24.4	-2.6	87.995823472513
24.4	-0.8	87.921105255879
24.4	4.6	87.600822041158
26.298349959768	3.7	87.40429570958
27.381739349484	5.5	87.138520005158
1.8666666666667	34.4	88.056142275482
2.4605206474456	30.708691557006	88.125128996125
7.7031402921251	31.148936070323	87.417960467776
18.867760823754	-7.6138519319147	88.769689424491
28.40786757422	9.4177848176537	86.745136261835
24.4	6.4	87.464839446894
24.4	2.8	87.723152012676
10.403140292125	28.491062253033	87.141297521305
17.2	24.4	86.567627669481
20.8	24.4	86.265263455288
19	29.275555555556	86.225109445617
26.266666666667	34.4	85.554642462094
18.133333333333	34.4	86.272132416508
13.350136737687	31.660343688415	86.7488596791
12.7	27.381739349484	86.902109326583
11.8	24.4	87.139634817963
13.6	24.4	86.933117144311
24.4	13.6	86.838419627019
29.611555555556	15.4	86.237722240502
24.4	17.2	86.523358103046
34.4	18.133333333333	85.747567681123
29.910222222222	22.6	85.807704133005
27.938320844467	19	86.133434880857
24.4	10	87.161760044224
24.4	20.8	86.243467004448
24.4	24.4	86.018635227855
28.600166516805	28.790191139085	85.575807402864
34.4	34.4	84.898917140105
22.6	27.834587258179	85.984192845168
34.4	26.266666666667	85.392191655993
-8.4910622530333	6.8031402921251	90.261338471497
28.335351896304	3.7	87.117141321683
30.840284972378	6.1796800305637	86.627589728169
24.4	1	87.830199549848
10	34.4	87.11136956298
14.528188865919	-10.023787189829	89.20353397104
17.465874760999	-8.8032409730173	88.916699571732
26.266666666667	-14.4	88.03738817617
-10.789349367166	9.3294693603498	90.438963419621
-14.4	10	90.783685505716
-4.4	20.8	89.582491368616
-10.325721000821	16.03150985102	90.411188847241
29.918298171945	1.7087745143783	86.995637929704
10	-14.4	89.624408014814
27.762837029736	-10.749939718851	87.801421831718
-6.2666666666667	34.4	89.024190616102
34.4	10	86.013647878794
31.113532886912	-0.63789652068931	86.935610882925
34.4	1.8666666666667	86.323651031467
1.8666666666667	-14.4	90.512250739265
34.4	-14.4	87.313398516209
31.521625907461	-11.774509598414	87.436040632624
-14.4	18.133333333333	90.851122337068
-0.95525	8	89.669758040236
-2.2454396635896	6.2695184765001	89.832210836658
-0.087499999999999	6.22	89.694632110666
8.2	-2.7456668823698	89.661535998501
6.3450767315134	-1.153160137607	89.716467033976
2.8421971498	4.8421971498	89.588966835122
0.7929563081696	4.5605655377456	89.726019146149
2.5617879496749	3.4382120503251	89.687081960071
1.025	8	89.525142031433
-0.087499999999999	9.78	89.518256845
8	4	89.31476959802
7.6497223522753	2.3502776477247	89.448936842636
9.1399318859259	3.1399318859259	89.294874052225
3.1734821421011	-1.1033147322374	89.892360198956
2	2	89.79624659121
0.17444568219349	0.31562958566108	89.975489006926
6	6	89.306571306338
8	8	88.993794575021
6	10	88.98902219931
6.5553016893061	3.4446983106939	89.449203740298
6	2	89.573544553149
11.634381521309	2.3656184786905	89.15744091081
10.529021523052	3.4709784769483	89.167728307931
10	2	89.307655844845
4.0783175475064	6.0783175475064	89.432023271583
4	4	89.570873373245
5.3577057505171	4.6422942494829	89.445583263848
19.59790601521	1.5858524269203	88.414501983021
19.090058810186	2.5114570039578	88.414044062797
18.665164896094	1.2767314026166	88.541865149312
0.12018227894797	13.447708353683	89.31493570126
2	14	89.082293987704
0.39135804378554	16	89.152723153551
0.36164277338335	2.792464160075	89.841200511822
0.77588517114163	11.601416273827	89.347003984717
4	12	89.013773181907
-2.978302492444	11.128098628646	89.715188682764
-1.4645743224561	11.84530758366	89.54762420988
-3.0207446242652	12.7	89.669559029792
2	18	88.837600583375
4	16	88.718972394377
8	12	88.625371881235
6	14	88.649677353133
8	20.95525	87.841360217345
6.2695184765001	22.24543966359	87.986335075619
6.22	20.0875	88.138334135737
4.5605655377456	19.20704369183	88.421082164543
6	18	88.322653245972
8	16	88.250737266047
4	8	89.305201814148
2	10	89.331322441361
8	18.975	87.99368071585
9.78	20.0875	87.68270353423
10	10	88.632667309408
10	6	89.007847476532
12	8	88.651791433654
12.230821605793	5.7691783942072	88.84150967482
12	4	89.008970624423
13.492421939542	4.5075780604584	88.83775613559
14	2	88.977407242179
15.619573456647	2.3804265433532	88.797030990167
14.502779916401	3.4972200835985	88.824555714568
14	10	88.255367168441
23.409323984217	3.4261289201571	87.814255137322
23.067690490026	4.7194176595445	87.765212595672
22.259623138419	3.6534268701626	87.94721001816
12	-0.59618653987296	89.294535396618
12.431487276883	-2.6531009650214	89.337111898901
14.024954738047	-0.55090251964505	89.116816747472
18	6	88.256276735746
18.44643932255	8	88.015440710023
16	8	88.270035961304
14.873606177832	4.8736061778317	88.677585410051
16.365618478691	5.6343815213095	88.461928611074
14	6	88.660521299134
17.139931885926	3.1399318859259	88.586261259899
18.486090278049	3.553108811785	88.407914868063
17.470978476948	4.5290215230517	88.441901958127
16	4	88.638604181678
5.5358753196007	0.43779857813431	89.68700017215
7.1556684839121	0.61711702750584	89.580624498362
12	12	88.232964918393
10	14	88.225005558007
14	14	87.812173736294
12	16	87.806067441418
14	18	87.390483236551
16	19.608641956214	87.034272387937
13.447708353683	19.879817721052	87.275279999295
10	18	87.835705061529
16	16	87.392015303599
18.975	12	87.535997791198
16	12	87.83535351977
18	10	87.853537967791
21.233672441579	14.33875906527	87.066175632076
22.31068239868	11.8	87.216705114543
11.84530758366	21.464574322456	87.326920092523
12.7	23.020744624265	87.117957534818
11.128098628646	22.978302492444	87.305967417184
18	14	87.413207750496
18	18	86.994127302866
19.425060680876	16	87.063630322951
21.256074540744	18.048596325953	86.702985157833
-2.6	22.950814770437	89.236248202671
-0.55263367012088	21.879167001409	88.986669937917
20.13313030339	6.8362209815134	87.941541674985
20.522312476	9.2044404209631	87.668349802859
4.6	-2.9344237971273	89.893929234676
2.792464160075	19.638357226617	88.632265589207
4	21	88.380698977384
6.8458200169269	4.8458200169269	89.333050395751
2	6	89.572682068965
3.7814432946109	2.491374977926	89.673005801286
4	0.98274995585201	89.744104382242
-2.8058823529412	3.7	89.97167445167
9.3698585804234	4.6301414195766	89.168779971931
8.0617437348201	6.0617437348201	89.152841843187
10.860068114074	4.8600681140741	89.034221313279
-1.5895817057597	1.9636988723873	89.984000787561
-1	4	89.856193967228
13.126393822168	3.1263938221683	88.978023671091
-2.6265435144332	19	89.406162624748
3.7	22.805882352941	88.316492387055
15.35654606039	0.73769737359307	88.925028868176
16.782285163486	-2.6356640599461	88.923935993564
14.533085761459	-2.5115899492654	89.144553298964
21.164172063381	2.9415628892203	88.135338940238
19.794323242496	3.4880982307876	88.262067667612
20.217341567351	2.4408098606137	88.285461292741
10.431341025648	-0.60670960246044	89.41795293407
10.384971132138	-2.1747183861213	89.485239649617
11.601416273827	19.224114828858	87.539677491784
19	22.626543514433	86.518551236501
21.870391577715	20.518563865421	86.445012576922
19.608220509708	19.352070347646	86.724691204913
19.300995549271	4.7014933239065	88.224366423951
22.168266643091	5.7837332143668	87.793355260003
21	4	88.078768743716
1.6704566152042	-2.6025352333536	90.041855562435
-2.2517312842921	9.7335486885924	89.69978549079
-2.0891380969107	-0.33911308220337	90.122263890106
-0.37367970491959	-2.0296002019391	90.12076627121
-2.1211868514711	14.079543839426	89.527933654082
0.6635167253888	19.657283268303	88.925099108094
-2.0174381082798	16.54762594403	89.422189552426
5.1541799830731	3.1541799830731	89.55441378665
-2.839609831169	-2.6	90.28121397694
8.7424951596365	-0.23723422434041	89.520974687653
1.9636988723873	21.58958170576	88.636008515408
9.7335486885924	22.251731284292	87.527187701856
14.079543839426	22.121186851471	87.027149009344
16.54762594403	22.01743810828	86.783429108573
22.919277709856	22.6	86.221205799826
12.786012187356	0.86675452459416	89.154060503235
17.75224890108	1.1046531844586	88.654471056609
16.757319248597	1.8619107817826	88.71501551922
17.136676273048	0.40888248463454	88.760147599484
21.19248036131	1.8708434002135	88.20226241048
22.76359499056	2.4481153928193	87.964174913104
11.126649406225	0.79947245138618	89.293564304832
16	-1	88.945887298581
18.270117688258	0.026281942256751	88.655349519603
19.339657133396	0.56215318801983	88.504160995042
20.140452717288	-0.3020579932189	88.452417223703
18	2	88.571786533206
17.32430441862	-0.90546692635876	88.803168213493
20.561404504131	0.79836652764238	88.343998016853
18.947362157115	-1.6071046968814	88.650081225309
21.544995328614	-0.20861901344757	88.27300330375
22.701997204946	8.2	87.518414364538
20.976362793248	-2.2641505415937	88.430577075001
22.858983404709	0.66383433166941	88.057124170857
22.88780921067	-0.91315919286929	88.130993111651
23.150624756475	15.4	86.787371015472
-14.4	-14.4	91.272630706755
-6.2666666666667	-14.4	90.413287781051
-8.539837398374	-8.8014525745257	90.123133485991
-2.6	-9.9102222222222	89.713613151115
-4.4	-4.4	89.478438080559
25.98920449275	0.1	86.654272441155
28.491062253033	-0.39685970787487	86.314726377886
27.381739349484	1.9	86.357598713059
-4.4	-0.8	89.268094229052
-9.9102222222222	-2.6	89.724626355697
19.204748259689	-9.4001076076995	87.730630288045
18.133333333333	-14.4	87.796390517901
23.995251740311	-9.5808516561903	87.20271396865
-11.228229369649	4.0747942088804	89.525626159298
-14.4	1.8666666666667	89.864371226684
-4.4	2.8	89.099942044596
-7.381739349484	3.7	89.252054293184
-14.4	-6.2666666666667	90.402076828438
-4.4	4.6	89.03127743981
2.8	-4.4	89.057799983605
1	-7.5177195289596	89.305337742976
4.6	-7.5309506005718	89.047219674667
8.2	-7.8187902490235	88.775376081434
2.7880040682666	-10.788269801572	89.290945516055
6.4	-4.4	88.834561879112
-5.9892044927502	7.3	89.061477406949
-6.2983499597677	5.5	89.127230690623
-4.4	6.4	88.971622558456
-4.4	8.2	88.919447648913
-4.4	10	88.872845880819
-7.381739349484	9.1	89.141902389915
-0.8	-4.4	89.265935381859
27.381739349484	-3.5	86.614621398098
31.540004213992	-3.2366602994632	86.002129715369
-5.9892044927502	12.7	88.968628587843
-4.4	11.8	88.829629471801
-4.4	13.6	88.787439977488
-9.1255165757429	12.312106224289	89.284377198477
-6.2983499597677	10.9	89.02393317249
-6.468824669756	15.4	88.981404066811
-4.4	17.2	88.696570615617
-7.7835722569574	19	89.08121480067
-14.4	26.266666666667	89.61742446848
-6.8393672366518	28.389684766815	88.554555264504
-14.4	34.4	88.918687842554
-4.4	24.4	88.432077032531
-7.5281378984185	22.6	88.947672006756
-2.6	26.415890834661	88.066095853338
-11.419301667005	21.067031545955	89.485827918355
-0.8	24.4	87.899789858754
0.1	26.298349959768	87.67013556266
1.9	27.381739349484	87.350190507874
-0.79465820785031	29.82178400411	87.621442779882
1	24.4	87.630292526318
8.2	24.4	86.595959448153
7.3	27.381739349484	86.580567533795
6.4	24.4	86.842653904057
5.5	25.98920449275	86.890692412269
3.7	26.298349959768	87.136190559443
4.6	24.4	87.09895638971
9.1	26.298349959768	86.384513280751
10	24.4	86.361028094235
10.9	25.98920449275	86.169764388065
5.0031402921251	28.491062253033	86.856107451925
11.8	-6.4158908346611	88.462224766559
10	-4.4	88.578687324575
22.4	-4.4	87.314324279588
23.4	-6.1477896360936	87.225667638925
24.4	-4.4	87.055124581738
14.5	-6.2983499597677	88.215228606067
13.6	-4.4	88.276826776415
15.4	-4.4	88.106060140512
16.3	-7.381739349484	88.040386127037
17.2	-4.4	87.921526387566
17.46344674385	-11.641709951263	87.892517302293
20.8	-4.4	87.512183638025
19.9	-6.1176059112769	87.645435074944
21.6	-7.0504349773191	87.456962077814
19	-4.4	87.72337201499
18.1	-5.9661829151641	87.84513336469
26.789472365339	-6.9271100023393	86.812006806609
30.713318730963	-7.9633579648738	86.345936530024
34.4	-6.2666666666667	85.769174827984
2.8	24.4	87.362401372313
26.298349959768	-1.7	86.694512642943
24.4	-2.6	86.995823472513
24.4	-0.8	86.921105255879
24.4	4.6	86.600822041158
26.298349959768	3.7	86.40429570958
27.381739349484	5.5	86.138520005158
1.8666666666667	34.4	87.056142275482
2.4605206474456	30.708691557006	87.125128996125
7.7031402921251	31.148936070323	86.417960467776
18.867760823754	-7.6138519319147	87.769689424491
28.40786757422	9.4177848176537	85.745136261835
24.4	6.4	86.464839446894
24.4	2.8	86.723152012676
10.403140292125	28.491062253033	86.141297521305
17.2	24.4	85.567627669481
20.8	24.4	85.265263455288
19	29.275555555556	85.225109445617
26.266666666667	34.4	84.554642462094
18.133333333333	34.4	85.272132416508
13.350136737687	31.660343688415	85.7488596791
12.7	27.381739349484	85.902109326583
11.8	24.4	86.139634817963
13.6	24.4	85.933117144311
24.4	13.6	85.838419627019
29.611555555556	15.4	85.237722240502
24.4	17.2	85.523358103046
34.4	18.133333333333	84.747567681123
29.910222222222	22.6	84.807704133005
27.938320844467	19	85.133434880857
24.4	10	86.161760044224
24.4	20.8	85.243467004448
24.4	24.4	85.018635227855
28.600166516805	28.790191139085	84.575807402864
34.4	34.4	83.898917140105
22.6	27.834587258179	84.984192845168
34.4	26.266666666667	84.392191655993
-8.4910622530333	6.8031402921251	89.261338471497
28.335351896304	3.7	86.117141321683
30.840284972378	6.1796800305637	85.627589728169
24.4	1	86.830199549848
10	34.4	86.11136956298
14.528188865919	-10.023787189829	88.20353397104
17.465874760999	-8.8032409730173	87.916699571732
26.266666666667	-14.4	87.03738817617
-10.789349367166	9.3294693603498	89.438963419621
-14.4	10	89.783685505716
-4.4	20.8	88.582491368616
-10.325721000821	16.03150985102	89.411188847241
29.918298171945	1.7087745143783	85.995637929704
10	-14.4	88.624408014814
27.762837029736	-10.749939718851	86.801421831718
-6.2666666666667	34.4	88.024190616102
34.4	10	85.013647878794
31.113532886912	-0.63789652068931	85.935610882925
34.4	1.8666666666667	85.323651031467
1.8666666666667	-14.4	89.512250739265
34.4	-14.4	86.313398516209
31.521625907461	-11.774509598414	86.436040632624
-14.4	18.133333333333	89.851122337068
-0.95525	8	88.669758040236
-2.2454396635896	6.2695184765001	88.832210836658
-0.087499999999999	6.22	88.694632110666
8.2	-2.7456668823698	88.661535998501
6.3450767315134	-1.153160137607	88.716467033976
2.8421971498	4.8421971498	88.588966835122
0.7929563081696	4.5605655377456	88.726019146149
2.5617879496749	3.4382120503251	88.687081960071
1.025	8	88.525142031433
-0.087499999999999	9.78	88.518256845
8	4	88.31476959802
7.6497223522753	2.3502776477247	88.448936842636
9.1399318859259	3.1399318859259	88.294874052225
3.1734821421011	-1.1033147322374	88.892360198956
2	2	88.79624659121
0.17444568219349	0.31562958566108	88.975489006926
6	6	88.306571306338
8	8	87.993794575021
6	10	87.98902219931
6.5553016893061	3.4446983106939	88.449203740298
6	2	88.573544553149
11.634381521309	2.3656184786905	88.15744091081
10.529021523052	3.4709784769483	88.167728307931
10	2	88.307655844845
4.0783175475064	6.0783175475064	88.432023271583
4	4	88.570873373245
5.3577057505171	4.6422942494829	88.445583263848
19.59790601521	1.5858524269203	87.414501983021
19.090058810186	2.5114570039578	87.414044062797
18.665164896094	1.2767314026166	87.541865149312
0.12018227894797	13.447708353683	88.31493570126
2	14	88.082293987704
0.39135804378554	16	88.152723153551
0.36164277338335	2.792464160075	88.841200511822
0.77588517114163	11.601416273827	88.347003984717
4	12	88.013773181907
-2.978302492444	11.128098628646	88.715188682764
-1.4645743224561	11.84530758366	88.54762420988
-3.0207446242652	12.7	88.669559029792
2	18	87.837600583375
4	16	87.718972394377
8	12	87.625371881235
6	14	87.649677353133
8	20.95525	86.841360217345
6.2695184765001	22.24543966359	86.986335075619
6.22	20.0875	87.138334135737
4.5605655377456	19.20704369183	87.421082164543
6	18	87.322653245972
8	16	87.250737266047
4	8	88.305201814148
2	10	88.331322441361
8	18.975	86.99368071585
9.78	20.0875	86.68270353423
10	10	87.632667309408
10	6	88.007847476532
12	8	87.651791433654
12.230821605793	5.7691783942072	87.84150967482
12	4	88.008970624423
13.492421939542	4.5075780604584	87.83775613559
14	2	87.977407242179
15.619573456647	2.3804265433532	87.797030990167
14.502779916401	3.4972200835985	87.824555714568
14	10	87.255367168441
23.409323984217	3.4261289201571	86.814255137322
23.067690490026	4.7194176595445	86.765212595672
22.259623138419	3.6534268701626	86.94721001816
12	-0.59618653987296	88.294535396618
12.431487276883	-2.6531009650214	88.337111898901
14.024954738047	-0.55090251964505	88.116816747472
18	6	87.256276735746
18.44643932255	8	87.015440710023
16	8	87.270035961304
14.873606177832	4.8736061778317	87.677585410051
16.365618478691	5.6343815213095	87.461928611074
14	6	87.660521299134
17.139931885926	3.1399318859259	87.586261259899
18.486090278049	3.553108811785	87.407914868063
17.470978476948	4.5290215230517	87.441901958127
16	4	87.638604181678
5.5358753196007	0.43779857813431	88.68700017215
7.1556684839121	0.61711702750584	88.580624498362
12	12	87.232964918393
10	14	87.225005558007
14	14	86.812173736294
12	16	86.806067441418
14	18	86.390483236551
16	19.608641956214	86.034272387937
13.447708353683	19.879817721052	86.275279999295
10	18	86.835705061529
16	16	86.392015303599
18.975	12	86.535997791198
16	12	86.83535351977
18	10	86.853537967791
21.233672441579	14.33875906527	86.066175632076
22.31068239868	11.8	86.216705114543
11.84530758366	21.464574322456	86.326920092523
12.7	23.020744624265	86.117957534818
11.128098628646	22.978302492444	86.305967417184
18	14	86.413207750496
18	18	85.994127302866
19.425060680876	16	86.063630322951
21.256074540744	18.048596325953	85.702985157833
-2.6	22.950814770437	88.236248202671
-0.55263367012088	21.879167001409	87.986669937917
20.13313030339	6.8362209815134	86.941541674985
20.522312476	9.2044404209631	86.668349802859
4.6	-2.9344237971273	88.893929234676
2.792464160075	19.638357226617	87.632265589207
4	21	87.380698977384
6.8458200169269	4.8458200169269	88.333050395751
2	6	88.572682068965
3.7814432946109	2.491374977926	88.673005801286
4	0.98274995585201	88.744104382242
-2.8058823529412	3.7	88.97167445167
9.3698585804234	4.6301414195766	88.168779971931
8.0617437348201	6.0617437348201	88.152841843187
10.860068114074	4.8600681140741	88.034221313279
-1.5895817057597	1.9636988723873	88.984000787561
-1	4	88.856193967228
13.126393822168	3.1263938221683	87.978023671091
-2.6265435144332	19	88.406162624748
3.7	22.805882352941	87.316492387055
15.35654606039	0.73769737359307	87.925028868176
16.782285163486	-2.6356640599461	87.923935993564
14.533085761459	-2.5115899492654	88.144553298964
21.164172063381	2.9415628892203	87.135338940238
19.794323242496	3.4880982307876	87.262067667612
20.217341567351	2.4408098606137	87.285461292741
10.431341025648	-0.60670960246044	88.41795293407
10.384971132138	-2.1747183861213	88.485239649617
11.601416273827	19.224114828858	86.539677491784
19	22.626543514433	85.518551236501
21.870391577715	20.518563865421	85.445012576922
19.608220509708	19.352070347646	85.724691204913
19.300995549271	4.7014933239065	87.224366423951
22.168266643091	5.7837332143668	86.793355260003
21	4	87.078768743716
1.6704566152042	-2.6025352333536	89.041855562435
-2.2517312842921	9.7335486885924	88.69978549079
-2.0891380969107	-0.33911308220337	89.122263890106
-0.37367970491959	-2.0296002019391	89.12076627121
-2.1211868514711	14.079543839426	88.527933654082
0.6635167253888	19.657283268303	87.925099108094
-2.0174381082798	16.54762594403	88.422189552426
5.1541799830731	3.1541799830731	88.55441378665
-2.839609831169	-2.6	89.28121397694
8.7424951596365	-0.23723422434041	88.520974687653
1.9636988723873	21.58958170576	87.636008515408
9.7335486885924	22.251731284292	86.527187701856
14.079543839426	22.121186851471	86.027149009344
16.54762594403	22.01743810828	85.783429108573
22.919277709856	22.6	85.221205799826
12.786012187356	0.86675452459416	88.154060503235
17.75224890108	1.1046531844586	87.654471056609
16.757319248597	1.8619107817826	87.71501551922
17.136676273048	0.40888248463454	87.760147599484
21.19248036131	1.8708434002135	87.20226241048
22.76359499056	2.4481153928193	86.964174913104
11.126649406225	0.79947245138618	88.293564304832
16	-1	87.945887298581
18.270117688258	0.026281942256751	87.655349519603
19.339657133396	0.56215318801983	87.504160995042
20.140452717288	-0.3020579932189	87.452417223703
18	2	87.571786533206
17.32430441862	-0.90546692635876	87.803168213493
20.561404504131	0.79836652764238	87.343998016853
18.947362157115	-1.6071046968814	87.650081225309
21.544995328614	-0.20861901344757	87.27300330375
22.701997204946	8.2	86.518414364538
20.976362793248	-2.2641505415937	87.430577075001
22.858983404709	0.66383433166941	87.057124170857
22.88780921067	-0.91315919286929	87.130993111651
23.150624756475	15.4	85.787371015472
-14.4	-14.4	90.272630706755
-6.2666666666667	-14.4	89.413287781051
-8.539837398374	-8.8014525745257	89.123133485991
-2.6	-9.9102222222222	88.713613151115
-4.4	-4.4	88.478438080559
25.98920449275	0.1	85.654272441155
28.491062253033	-0.39685970787487	85.314726377886
27.381739349484	1.9	85.357598713059
-4.4	-0.8	88.268094229052
-9.9102222222222	-2.6	88.724626355697
19.204748259689	-9.4001076076995	86.730630288045
18.133333333333	-14.4	86.796390517901
23.995251740311	-9.5808516561903	86.20271396865
-11.228229369649	4.0747942088804	88.525626159298
-14.4	1.8666666666667	88.864371226684
-4.4	2.8	88.099942044596
-7.381739349484	3.7	88.252054293184
-14.4	-6.2666666666667	89.402076828438
-4.4	4.6	88.03127743981
2.8	-4.4	88.057799983605
1	-7.5177195289596	88.305337742976
4.6	-7.5309506005718	88.047219674667
8.2	-7.8187902490235	87.775376081434
2.7880040682666	-10.788269801572	88.290945516055
6.4	-4.4	87.834561879112
-5.9892044927502	7.3	88.061477406949
-6.2983499597677	5.5	88.127230690623
-4.4	6.4	87.971622558456
-4.4	8.2	87.919447648913
-4.4	10	87.872845880819
-7.381739349484	9.1	88.141902389915
-0.8	-4.4	88.265935381859
27.381739349484	-3.5	85.614621398098
31.540004213992	-3.2366602994632	85.002129715369
-5.9892044927502	12.7	87.968628587843
-4.4	11.8	87.829629471801
-4.4	13.6	87.787439977488
-9.1255165757429	12.312106224289	88.284377198477
-6.2983499597677	10.9	88.02393317249
-6.468824669756	15.4	87.981404066811
-4.4	17.2	87.696570615617
-7.7835722569574	19	88.08121480067
-14.4	26.266666666667	88.61742446848
-6.8393672366518	28.389684766815	87.554555264504
-14.4	34.4	87.918687842554
-4.4	24.4	87.432077032531
-7.5281378984185	22.6	87.947672006756
-2.6	26.415890834661	87.066095853338
-11.419301667005	21.067031545955	88.485827918355
-0.8	24.4	86.899789858754
0.1	26.298349959768	86.67013556266
1.9	27.381739349484	86.350190507874
-0.79465820785031	29.82178400411	86.621442779882
1	24.4	86.630292526318
8.2	24.4	85.595959448153
7.3	27.381739349484	85.580567533795
6.4	24.4	85.842653904057
5.5	25.98920449275	85.890692412269
3.7	26.298349959768	86.136190559443
4.6	24.4	86.09895638971
9.1	26.298349959768	85.384513280751
10	24.4	85.361028094235
10.9	25.98920449275	85.169764388065
5.0031402921251	28.491062253033	85.856107451925
11.8	-6.4158908346611	87.462224766559
10	-4.4	87.578687324575
22.4	-4.4	86.314324279588
23.4	-6.1477896360936	86.225667638925
24.4	-4.4	86.055124581738
14.5	-6.2983499597677	87.215228606067
13.6	-4.4	87.276826776415
15.4	-4.4	87.106060140512
16.3	-7.381739349484	87.040386127037
17.2	-4.4	86.921526387566
17.46344674385	-11.641709951263	86.892517302293
20.8	-4.4	86.512183638025
19.9	-6.1176059112769	86.645435074944
21.6	-7.0504349773191	86.456962077814
19	-4.4	86.72337201499
18.1	-5.9661829151641	86.84513336469
26.789472365339	-6.9271100023393	85.812006806609
30.713318730963	-7.9633579648738	85.345936530024
34.4	-6.2666666666667	84.769174827984
2.8	24.4	86.362401372313
26.298349959768	-1.7	85.694512642943
24.4	-2.6	85.995823472513
24.4	-0.8	85.921105255879
24.4	4.6	85.600822041158
26.298349959768	3.7	85.40429570958
27.381739349484	5.5	85.138520005158
1.8666666666667	34.4	86.056142275482
2.4605206474456	30.708691557006	86.125128996125
7.7031402921251	31.148936070323	85.417960467776
18.867760823754	-7.6138519319147	86.769689424491
28.40786757422	9.4177848176537	84.745136261835
24.4	6.4	85.464839446894
24.4	2.8	85.723152012676
10.403140292125	28.491062253033	85.141297521305
17.2	24.4	84.567627669481
20.8	24.4	84.265263455288
19	29.275555555556	84.225109445617
26.266666666667	34.4	83.554642462094
18.133333333333	34.4	84.272132416508
13.350136737687	31.660343688415	84.7488596791
12.7	27.381739349484	84.902109326583
11.8	24.4	85.139634817963
13.6	24.4	84.933117144311
24.4	13.6	84.838419627019
29.611555555556	15.4	84.237722240502
24.4	17.2	84.523358103046
34.4	18.133333333333	83.747567681123
29.910222222222	22.6	83.807704133005
27.938320844467	19	84.133434880857
24.4	10	85.161760044224
24.4	20.8	84.243467004448
24.4	24.4	84.018635227855
28.600166516805	28.790191139085	83.575807402864
34.4	34.4	82.898917140105
22.6	27.834587258179	83.984192845168
34.4	26.266666666667	83.392191655993
-8.4910622530333	6.8031402921251	88.261338471497
28.335351896304	3.7	85.117141321683
30.840284972378	6.1796800305637	84.627589728169
24.4	1	85.830199549848
10	34.4	85.11136956298
14.528188865919	-10.023787189829	87.20353397104
17.465874760999	-8.8032409730173	86.916699571732
26.266666666667	-14.4	86.03738817617
-10.789349367166	9.3294693603498	88.438963419621
-14.4	10	88.783685505716
-4.4	20.8	87.582491368616
-10.325721000821	16.03150985102	88.411188847241
29.918298171945	1.7087745143783	84.995637929704
10	-14.4	87.624408014814
27.762837029736	-10.749939718851	85.801421831718
-6.2666666666667	34.4	87.024190616102
34.4	10	84.013647878794
31.113532886912	-0.63789652068931	84.935610882925
34.4	1.8666666666667	84.323651031467
1.8666666666667	-14.4	88.512250739265
34.4	-14.4	85.313398516209
31.521625907461	-11.774509598414	85.436040632624
-14.4	18.133333333333	88.851122337068
-0.95525	8	87.669758040236
-2.2454396635896	6.2695184765001	87.832210836658
-0.087499999999999	6.22	87.694632110666
8.2	-2.7456668823698	87.661535998501
6.3450767315134	-1.153160137607	87.716467033976
2.8421971498	4.8421971498	87.588966835122
0.7929563081696	4.5605655377456	87.726019146149
2.5617879496749	3.4382120503251	87.687081960071
1.025	8	87.525142031433
-0.087499999999999	9.78	87.518256845
8	4	87.31476959802
7.6497223522753	2.3502776477247	87.448936842636
9.1399318859259	3.1399318859259	87.294874052225
3.1734821421011	-1.1033147322374	87.892360198956
2	2	87.79624659121
0.17444568219349	0.31562958566108	87.975489006926
6	6	87.306571306338
8	8	86.993794575021
6	10	86.98902219931
6.5553016893061	3.4446983106939	87.449203740298
6	2	87.573544553149
11.634381521309	2.3656184786905	87.15744091081
10.529021523052	3.4709784769483	87.167728307931
10	2	87.307655844845
4.0783175475064	6.0783175475064	87.432023271583
4	4	87.570873373245
5.3577057505171	4.6422942494829	87.445583263848
19.59790601521	1.5858524269203	86.414501983021
19.090058810186	2.5114570039578	86.414044062797
18.665164896094	1.2767314026166	86.541865149312
0.12018227894797	13.447708353683	87.31493570126
2	14	87.082293987704
0.39135804378554	16	87.152723153551
0.36164277338335	2.792464160075	87.841200511822
0.77588517114163	11.601416273827	87.347003984717
4	12	87.013773181907
-2.978302492444	11.128098628646	87.715188682764
-1.4645743224561	11.84530758366	87.54762420988
-3.0207446242652	12.7	87.669559029792
2	18	86.837600583375
4	16	86.718972394377
8	12	86.625371881235
6	14	86.649677353133
8	20.95525	85.841360217345
6.2695184765001	22.24543966359	85.986335075619
6.22	20.0875	86.138334135737
4.5605655377456	19.20704369183	86.421082164543
6	18	86.322653245972
8	16	86.250737266047
4	8	87.305201814148
2	10	87.331322441361
8	18.975	85.99368071585
9.78	20.0875	85.68270353423
10	10	86.632667309408
10	6	87.007847476532
12	8	86.651791433654
12.230821605793	5.7691783942072	86.84150967482
12	4	87.008970624423
13.492421939542	4.5075780604584	86.83775613559
14	2	86.977407242179
15.619573456647	2.3804265433532	86.797030990167
14.502779916401	3.4972200835985	86.824555714568
14	10	86.255367168441
23.409323984217	3.4261289201571	85.814255137322
23.067690490026	4.7194176595445	85.765212595672
22.259623138419	3.6534268701626	85.94721001816
12	-0.59618653987296	87.294535396618
12.431487276883	-2.6531009650214	87.337111898901
14.024954738047	-0.55090251964505	87.116816747472
18	6	86.256276735746
18.44643932255	8	86.015440710023
16	8	86.270035961304
14.873606177832	4.8736061778317	86.677585410051
16.365618478691	5.6343815213095	86.461928611074
14	6	86.660521299134
17.139931885926	3.1399318859259	86.586261259899
18.486090278049	3.553108811785	86.407914868063
17.470978476948	4.5290215230517	86.441901958127
16	4	86.638604181678
5.5358753196007	0.43779857813431	87.68700017215
7.1556684839121	0.61711702750584	87.580624498362
12	12	86.232964918393
10	14	86.225005558007
14	14	85.812173736294
12	16	85.806067441418
14	18	85.390483236551
16	19.608641956214	85.034272387937
13.447708353683	19.879817721052	85.275279999295
10	18	85.835705061529
16	16	85.392015303599
18.975	12	85.535997791198
16	12	85.83535351977
18	10	85.853537967791
21.233672441579	14.33875906527	85.066175632076
22.31068239868	11.8	85.216705114543
11.84530758366	21.464574322456	85.326920092523
12.7	23.020744624265	85.117957534818
11.128098628646	22.978302492444	85.305967417184
18	14	85.413207750496
18	18	84.994127302866
19.425060680876	16	85.063630322951
21.256074540744	18.048596325953	84.702985157833
-2.6	22.950814770437	87.236248202671
-0.55263367012088	21.879167001409	86.986669937917
20.13313030339	6.8362209815134	85.941541674985
20.522312476	9.2044404209631	85.668349802859
4.6	-2.9344237971273	87.893929234676
2.792464160075	19.638357226617	86.632265589207
4	21	86.380698977384
6.8458200169269	4.8458200169269	87.333050395751
2	6	87.572682068965
3.7814432946109	2.491374977926	87.673005801286
4	0.98274995585201	87.744104382242
-2.8058823529412	3.7	87.97167445167
9.3698585804234	4.6301414195766	87.168779971931
8.0617437348201	6.0617437348201	87.152841843187
10.860068114074	4.8600681140741	87.034221313279
-1.5895817057597	1.9636988723873	87.984000787561
-1	4	87.856193967228
13.126393822168	3.1263938221683	86.978023671091
-2.6265435144332	19	87.406162624748
3.7	22.805882352941	86.316492387055
15.35654606039	0.73769737359307	86.925028868176
16.782285163486	-2.6356640599461	86.923935993564
14.533085761459	-2.5115899492654	87.144553298964
21.164172063381	2.9415628892203	86.135338940238
19.794323242496	3.4880982307876	86.262067667612
20.217341567351	2.4408098606137	86.285461292741
10.431341025648	-0.60670960246044	87.41795293407
10.384971132138	-2.1747183861213	87.485239649617
11.601416273827	19.224114828858	85.539677491784
19	22.626543514433	84.518551236501
21.870391577715	20.518563865421	84.445012576922
19.608220509708	19.352070347646	84.724691204913
19.300995549271	4.7014933239065	86.224366423951
22.168266643091	5.7837332143668	85.793355260003
21	4	86.078768743716
1.6704566152042	-2.6025352333536	88.041855562435
-2.2517312842921	9.7335486885924	87.69978549079
-2.0891380969107	-0.33911308220337	88.122263890106
-0.37367970491959	-2.0296002019391	88.12076627121
-2.1211868514711	14.079543839426	87.527933654082
0.6635167253888	19.657283268303	86.925099108094
-2.0174381082798	16.54762594403	87.422189552426
5.1541799830731	3.1541799830731	87.55441378665
-2.839609831169	-2.6	88.28121397694
8.7424951596365	-0.23723422434041	87.520974687653
1.9636988723873	21.58958170576	86.636008515408
9.7335486885924	22.251731284292	85.527187701856
14.079543839426	22.121186851471	85.027149009344
16.54762594403	22.01743810828	84.783429108573
22.919277709856	22.6	84.221205799826
12.786012187356	0.86675452459416	87.154060503235
17.75224890108	1.1046531844586	86.654471056609
16.757319248597	1.8619107817826	86.71501551922
17.136676273048	0.40888248463454	86.760147599484
21.19248036131	1.8708434002135	86.20226241048
22.76359499056	2.4481153928193	85.964174913104
11.126649406225	0.79947245138618	87.293564304832
16	-1	86.945887298581
18.270117688258	0.026281942256751	86.655349519603
19.339657133396	0.56215318801983	86.504160995042
20.140452717288	-0.3020579932189	86.452417223703
18	2	86.571786533206
17.32430441862	-0.90546692635876	86.803168213493
20.561404504131	0.79836652764238	86.343998016853
18.947362157115	-1.6071046968814	86.650081225309
21.544995328614	-0.20861901344757	86.27300330375
22.701997204946	8.2	85.518414364538
20.976362793248	-2.2641505415937	86.430577075001
22.858983404709	0.66383433166941	86.057124170857
22.88780921067	-0.91315919286929	86.130993111651
23.150624756475	15.4	84.787371015472
-14.4	-14.4	89.272630706755
-6.2666666666667	-14.4	88.413287781051
-8.539837398374	-8.8014525745257	88.123133485991
-2.6	-9.9102222222222	87.713613151115
-4.4	-4.4	87.478438080559
25.98920449275	0.1	84.654272441155
28.491062253033	-0.39685970787487	84.314726377886
27.381739349484	1.9	84.357598713059
-4.4	-0.8	87.268094229052
-9.9102222222222	-2.6	87.724626355697
19.204748259689	-9.4001076076995	85.730630288045
18.133333333333	-14.4	85.796390517901
23.995251740311	-9.5808516561903	85.20271396865
-11.228229369649	4.0747942088804	87.525626159298
-14.4	1.8666666666667	87.864371226684
-4.4	2.8	87.099942044596
-7.381739349484	3.7	87.252054293184
-14.4	-6.2666666666667	88.402076828438
-4.4	4.6	87.03127743981
2.8	-4.4	87.057799983605
1	-7.5177195289596	87.305337742976
4.6	-7.5309506005718	87.047219674667
8.2	-7.8187902490235	86.775376081434
2.7880040682666	-10.788269801572	87.290945516055
6.4	-4.4	86.834561879112
-5.9892044927502	7.3	87.061477406949
-6.2983499597677	5.5	87.127230690623
-4.4	6.4	86.971622558456
-4.4	8.2	86.919447648913
-4.4	10	86.872845880819
-7.381739349484	9.1	87.141902389915
-0.8	-4.4	87.265935381859
27.381739349484	-3.5	84.614621398098
31.540004213992	-3.2366602994632	84.002129715369
-5.9892044927502	12.7	86.968628587843
-4.4	11.8	86.829629471801
-4.4	13.6	86.787439977488
-9.1255165757429	12.312106224289	87.284377198477
-6.2983499597677	10.9	87.02393317249
-6.468824669756	15.4	86.981404066811
-4.4	17.2	86.696570615617
-7.7835722569574	19	87.08121480067
-14.4	26.266666666667	87.61742446848
-6.8393672366518	28.389684766815	86.554555264504
-14.4	34.4	86.918687842554
-4.4	24.4	86.432077032531
-7.5281378984185	22.6	86.947672006756
-2.6	26.415890834661	86.066095853338
-11.419301667005	21.067031545955	87.485827918355
-0.8	24.4	85.899789858754
0.1	26.298349959768	85.67013556266
1.9	27.381739349484	85.350190507874
-0.79465820785031	29.82178400411	85.621442779882
1	24.4	85.630292526318
8.2	24.4	84.595959448153
7.3	27.381739349484	84.580567533795
6.4	24.4	84.842653904057
5.5	25.98920449275	84.890692412269
3.7	26.298349959768	85.136190559443
4.6	24.4	85.09895638971
9.1	26.298349959768	84.384513280751
10	24.4	84.361028094235
10.9	25.98920449275	84.169764388065
5.0031402921251	28.491062253033	84.856107451925
11.8	-6.4158908346611	86.462224766559
10	-4.4	86.578687324575
22.4	-4.4	85.314324279588
23.4	-6.1477896360936	85.225667638925
24.4	-4.4	85.055124581738
14.5	-6.2983499597677	86.215228606067
13.6	-4.4	86.276826776415
15.4	-4.4	86.106060140512
16.3	-7.381739349484	86.040386127037
17.2	-4.4	85.921526387566
17.46344674385	-11.641709951263	85.892517302293
20.8	-4.4	85.512183638025
19.9	-6.1176059112769	85.645435074944
21.6	-7.0504349773191	85.456962077814
19	-4.4	85.72337201499
18.1	-5.9661829151641	85.84513336469
26.789472365339	-6.9271100023393	84.812006806609
30.713318730963	-7.9633579648738	84.345936530024
34.4	-6.2666666666667	83.769174827984
2.8	24.4	85.362401372313
26.298349959768	-1.7	84.694512642943
24.4	-2.6	84.995823472513
24.4	-0.8	84.921105255879
24.4	4.6	84.600822041158
26.298349959768	3.7	84.40429570958
27.381739349484	5.5	84.138520005158
1.8666666666667	34.4	85.056142275482
2.4605206474456	30.708691557006	85.125128996125
7.7031402921251	31.148936070323	84.417960467776
18.867760823754	-7.6138519319147	85.769689424491
28.40786757422	9.4177848176537	83.745136261835
24.4	6.4	84.464839446894
24.4	2.8	84.723152012676
10.403140292125	28.491062253033	84.141297521305
17.2	24.4	83.567627669481
20.8	24.4	83.265263455288
19	29.275555555556	83.225109445617
26.266666666667	34.4	82.554642462094
18.133333333333	34.4	83.272132416508
13.350136737687	31.660343688415	83.7488596791
12.7	27.381739349484	83.902109326583
11.8	24.4	84.139634817963
13.6	24.4	83.933117144311
24.4	13.6	83.838419627019
29.611555555556	15.4	83.237722240502
24.4	17.2	83.523358103046
34.4	18.133333333333	82.747567681123
29.910222222222	22.6	82.807704133005
27.938320844467	19	83.133434880857
24.4	10	84.161760044224
24.4	20.8	83.243467004448
24.4	24.4	83.018635227855
28.600166516805	28.790191139085	82.575807402864
34.4	34.4	81.898917140105
22.6	27.834587258179	82.984192845168
34.4	26.266666666667	82.392191655993
-8.4910622530333	6.8031402921251	87.261338471497
28.335351896304	3.7	84.117141321683
30.840284972378	6.1796800305637	83.627589728169
24.4	1	84.830199549848
10	34.4	84.11136956298
14.528188865919	-10.023787189829	86.20353397104
17.465874760999	-8.8032409730173	85.916699571732
26.266666666667	-14.4	85.03738817617
-10.789349367166	9.3294693603498	87.438963419621
-14.4	10	87.783685505716
-4.4	20.8	86.582491368616
-10.325721000821	16.03150985102	87.411188847241
29.918298171945	1.7087745143783	83.995637929704
10	-14.4	86.624408014814
27.762837029736	-10.749939718851	84.801421831718
-6.2666666666667	34.4	86.024190616102
34.4	10	83.013647878794
31.113532886912	-0.63789652068931	83.935610882925
34.4	1.8666666666667	83.323651031467
1.8666666666667	-14.4	87.512250739265
34.4	-14.4	84.313398516209
31.521625907461	-11.774509598414	84.436040632624
-14.4	18.133333333333	87.851122337068
-0.95525	8	86.669758040236
-2.2454396635896	6.2695184765001	86.832210836658
-0.087499999999999	6.22	86.694632110666
8.2	-2.7456668823698	86.661535998501
6.3450767315134	-1.153160137607	86.716467033976
2.8421971498	4.8421971498	86.588966835122
0.7929563081696	4.5605655377456	86.726019146149
2.5617879496749	3.4382120503251	86.687081960071
1.025	8	86.525142031433
-0.087499999999999	9.78	86.518256845
8	4	86.31476959802
7.6497223522753	2.3502776477247	86.448936842636
9.1399318859259	3.1399318859259	86.294874052225
3.1734821421011	-1.1033147322374	86.892360198956
2	2	86.79624659121
0.17444568219349	0.31562958566108	86.975489006926
6	6	86.306571306338
8	8	85.993794575021
6	10	85.98902219931
6.5553016893061	3.4446983106939	86.449203740298
6	2	86.573544553149
11.634381521309	2.3656184786905	86.15744091081
10.529021523052	3.4709784769483	86.167728307931
10	2	86.307655844845
4.0783175475064	6.0783175475064	86.432023271583
4	4	86.570873373245
5.3577057505171	4.6422942494829	86.445583263848
19.59790601521	1.5858524269203	85.414501983021
19.090058810186	2.5114570039578	85.414044062797
18.665164896094	1.2767314026166	85.541865149312
0.12018227894797	13.447708353683	86.31493570126
2	14	86.082293987704
0.39135804378554	16	86.152723153551
0.36164277338335	2.792464160075	86.841200511822
0.77588517114163	11.601416273827	86.347003984717
4	12	86.013773181907
-2.978302492444	11.128098628646	86.715188682764
-1.4645743224561	11.84530758366	86.54762420988
-3.0207446242652	12.7	86.669559029792
2	18	85.837600583375
4	16	85.718972394377
8	12	85.625371881235
6	14	85.649677353133
8	20.95525	84.841360217345
6.2695184765001	22.24543966359	84.986335075619
6.22	20.0875	85.138334135737
4.5605655377456	19.20704369183	85.421082164543
6	18	85.322653245972
8	16	85.250737266047
4	8	86.305201814148
2	10	86.331322441361
8	18.975	84.99368071585
9.78	20.0875	84.68270353423
10	10	85.632667309408
10	6	86.007847476532
12	8	85.651791433654
12.230821605793	5.7691783942072	85.84150967482
12	4	86.008970624423
13.492421939542	4.5075780604584	85.83775613559
14	2	85.977407242179
15.619573456647	2.3804265433532	85.797030990167
14.502779916401	3.4972200835985	85.824555714568
14	10	85.255367168441
23.409323984217	3.4261289201571	84.814255137322
23.067690490026	4.7194176595445	84.765212595672
22.259623138419	3.6534268701626	84.94721001816
12	-0.59618653987296	86.294535396618
12.431487276883	-2.6531009650214	86.337111898901
14.024954738047	-0.55090251964505	86.116816747472
18	6	85.256276735746
18.44643932255	8	85.015440710023
16	8	85.270035961304
14.873606177832	4.8736061778317	85.677585410051
16.365618478691	5.6343815213095	85.461928611074
14	6	85.660521299134
17.139931885926	3.1399318859259	85.586261259899
18.486090278049	3.553108811785	85.407914868063
17.470978476948	4.5290215230517	85.441901958127
16	4	85.638604181678
5.5358753196007	0.43779857813431	86.68700017215
7.1556684839121	0.61711702750584	86.580624498362
12	12	85.232964918393
10	14	85.225005558007
14	14	84.812173736294
12	16	84.806067441418
14	18	84.390483236551
16	19.608641956214	84.034272387937
13.447708353683	19.879817721052	84.275279999295
10	18	84.835705061529
16	16	84.392015303599
18.975	12	84.535997791198
16	12	84.83535351977
18	10	84.853537967791
21.233672441579	14.33875906527	84.066175632076
22.31068239868	11.8	84.216705114543
11.84530758366	21.464574322456	84.326920092523
12.7	23.020744624265	84.117957534818
11.128098628646	22.978302492444	84.305967417184
18	14	84.413207750496
18	18	83.994127302866
19.425060680876	16	84.063630322951
21.256074540744	18.048596325953	83.702985157833
-2.6	22.950814770437	86.236248202671
-0.55263367012088	21.879167001409	85.986669937917
20.13313030339	6.8362209815134	84.941541674985
20.522312476	9.2044404209631	84.668349802859
4.6	-2.9344237971273	86.893929234676
2.792464160075	19.638357226617	85.632265589207
4	21	85.380698977384
6.8458200169269	4.8458200169269	86.333050395751
2	6	86.572682068965
3.7814432946109	2.491374977926	86.673005801286
4	0.98274995585201	86.744104382242
-2.8058823529412	3.7	86.97167445167
9.3698585804234	4.6301414195766	86.168779971931
8.0617437348201	6.0617437348201	86.152841843187
10.860068114074	4.8600681140741	86.034221313279
-1.5895817057597	1.9636988723873	86.984000787561
-1	4	86.856193967228
13.126393822168	3.1263938221683	85.978023671091
-2.6265435144332	19	86.406162624748
3.7	22.805882352941	85.316492387055
15.35654606039	0.73769737359307	85.925028868176
16.782285163486	-2.6356640599461	85.923935993564
14.533085761459	-2.5115899492654	86.144553298964
21.164172063381	2.9415628892203	85.135338940238
19.794323242496	3.4880982307876	85.262067667612
20.217341567351	2.4408098606137	85.285461292741
10.431341025648	-0.60670960246044	86.41795293407
10.384971132138	-2.1747183861213	86.485239649617
11.601416273827	19.224114828858	84.539677491784
19	22.626543514433	83.518551236501
21.870391577715	20.518563865421	83.445012576922
19.608220509708	19.352070347646	83.724691204913
19.300995549271	4.7014933239065	85.224366423951
22.168266643091	5.7837332143668	84.793355260003
21	4	85.078768743716
1.6704566152042	-2.6025352333536	87.041855562435
-2.2517312842921	9.7335486885924	86.69978549079
-2.0891380969107	-0.33911308220337	87.122263890106
-0.37367970491959	-2.0296002019391	87.12076627121
-2.1211868514711	14.079543839426	86.527933654082
0.6635167253888	19.657283268303	85.925099108094
-2.0174381082798	16.54762594403	86.422189552426
5.1541799830731	3.1541799830731	86.55441378665
-2.839609831169	-2.6	87.28121397694
8.7424951596365	-0.23723422434041	86.520974687653
1.9636988723873	21.58958170576	85.636008515408
9.7335486885924	22.251731284292	84.527187701856
14.079543839426	22.121186851471	84.027149009344
16.54762594403	22.01743810828	83.783429108573
22.919277709856	22.6	83.221205799826
12.786012187356	0.86675452459416	86.154060503235
17.75224890108	1.1046531844586	85.654471056609
16.757319248597	1.8619107817826	85.71501551922
17.136676273048	0.40888248463454	85.760147599484
21.19248036131	1.8708434002135	85.20226241048
22.76359499056	2.4481153928193	84.964174913104
11.126649406225	0.79947245138618	86.293564304832
16	-1	85.945887298581
18.270117688258	0.026281942256751	85.655349519603
19.339657133396	0.56215318801983	85.504160995042
20.140452717288	-0.3020579932189	85.452417223703
18	2	85.571786533206
17.32430441862	-0.90546692635876	85.803168213493
20.561404504131	0.79836652764238	85.343998016853
18.947362157115	-1.6071046968814	85.650081225309
21.544995328614	-0.20861901344757	85.27300330375
22.701997204946	8.2	84.518414364538
20.976362793248	-2.2641505415937	85.430577075001
22.858983404709	0.66383433166941	85.057124170857
22.88780921067	-0.91315919286929	85.130993111651
23.150624756475	15.4	83.787371015472
-14.4	-14.4	87.272630706755
-6.2666666666667	-14.4	86.413287781051
-8.539837398374	-8.8014525745257	86.123133485991
-2.6	-9.9102222222222	85.713613151115
-4.4	-4.4	85.478438080559
25.98920449275	0.1	82.654272441155
28.491062253033	-0.39685970787487	82.314726377886
27.381739349484	1.9	82.357598713059
-4.4	-0.8	85.268094229052
-9.9102222222222	-2.6	85.724626355697
19.204748259689	-9.4001076076995	83.730630288045
18.133333333333	-14.4	83.796390517901
23.995251740311	-9.5808516561903	83.20271396865
-11.228229369649	4.0747942088804	85.525626159298
-14.4	1.8666666666667	85.864371226684
-4.4	2.8	85.099942044596
-7.381739349484	3.7	85.252054293184
-14.4	-6.2666666666667	86.402076828438
-4.4	4.6	85.03127743981
2.8	-4.4	85.057799983605
1	-7.5177195289596	85.305337742976
4.6	-7.5309506005718	85.047219674667
8.2	-7.8187902490235	84.775376081434
2.7880040682666	-10.788269801572	85.290945516055
6.4	-4.4	84.834561879112
-5.9892044927502	7.3	85.061477406949
-6.2983499597677	5.5	85.127230690623
-4.4	6.4	84.971622558456
-4.4	8.2	84.919447648913
-4.4	10	84.872845880819
-7.381739349484	9.1	85.141902389915
-0.8	-4.4	85.265935381859
27.381739349484	-3.5	82.614621398098
31.540004213992	-3.2366602994632	82.002129715369
-5.9892044927502	12.7	84.968628587843
-4.4	11.8	84.829629471801
-4.4	13.6	84.787439977488
-9.1255165757429	12.312106224289	85.284377198477
-6.2983499597677	10.9	85.02393317249
-6.468824669756	15.4	84.981404066811
-4.4	17.2	84.696570615617
-7.7835722569574	19	85.08121480067
-14.4	26.266666666667	85.61742446848
-6.8393672366518	28.389684766815	84.554555264504
-14.4	34.4	84.918687842554
-4.4	24.4	84.432077032531
-7.5281378984185	22.6	84.947672006756
-2.6	26.415890834661	84.066095853338
-11.419301667005	21.067031545955	85.485827918355
-0.8	24.4	83.899789858754
0.1	26.298349959768	83.67013556266
1.9	27.381739349484	83.350190507874
-0.79465820785031	29.82178400411	83.621442779882
1	24.4	83.630292526318
8.2	24.4	82.595959448153
7.3	27.381739349484	82.580567533795
6.4	24.4	82.842653904057
5.5	25.98920449275	82.890692412269
3.7	26.298349959768	83.136190559443
4.6	24.4	83.09895638971
9.1	26.298349959768	82.384513280751
10	24.4	82.361028094235
10.9	25.98920449275	82.169764388065
5.0031402921251	28.491062253033	82.856107451925
11.8	-6.4158908346611	84.462224766559
10	-4.4	84.578687324575
22.4	-4.4	83.314324279588
23.4	-6.1477896360936	83.225667638925
24.4	-4.4	83.055124581738
14.5	-6.2983499597677	84.215228606067
13.6	-4.4	84.276826776415
15.4	-4.4	84.106060140512
16.3	-7.381739349484	84.040386127037
17.2	-4.4	83.921526387566
17.46344674385	-11.641709951263	83.892517302293
20.8	-4.4	83.512183638025
19.9	-6.1176059112769	83.645435074944
21.6	-7.0504349773191	83.456962077814
19	-4.4	83.72337201499
18.1	-5.9661829151641	83.84513336469
26.789472365339	-6.9271100023393	82.812006806609
30.713318730963	-7.9633579648738	82.345936530024
34.4	-6.2666666666667	81.769174827984
2.8	24.4	83.362401372313
26.298349959768	-1.7	82.694512642943
24.4	-2.6	82.995823472513
24.4	-0.8	82.921105255879
24.4	4.6	82.600822041158
26.298349959768	3.7	82.40429570958
27.381739349484	5.5	82.138520005158
1.8666666666667	34.4	83.056142275482
2.4605206474456	30.708691557006	83.125128996125
7.7031402921251	31.148936070323	82.417960467776
18.867760823754	-7.6138519319147	83.769689424491
28.40786757422	9.4177848176537	81.745136261835
24.4	6.4	82.464839446894
24.4	2.8	82.723152012676
10.403140292125	28.491062253033	82.141297521305
17.2	24.4	81.567627669481
20.8	24.4	81.265263455288
19	29.275555555556	81.225109445617
26.266666666667	34.4	80.554642462094
18.133333333333	34.4	81.272132416508
13.350136737687	31.660343688415	81.7488596791
12.7	27.381739349484	81.902109326583
11.8	24.4	82.139634817963
13.6	24.4	81.933117144311
24.4	13.6	81.838419627019
29.611555555556	15.4	81.237722240502
24.4	17.2	81.523358103046
34.4	18.133333333333	80.747567681123
29.910222222222	22.6	80.807704133005
27.938320844467	19	81.133434880857
24.4	10	82.161760044224
24.4	20.8	81.243467004448
24.4	24.4	81.018635227855
28.600166516805	28.790191139085	80.575807402864
34.4	34.4	79.898917140105
22.6	27.834587258179	80.984192845168
34.4	26.266666666667	80.392191655993
-8.4910622530333	6.8031402921251	85.261338471497
28.335351896304	3.7	82.117141321683
30.840284972378	6.1796800305637	81.627589728169
24.4	1	82.830199549848
10	34.4	82.11136956298
14.528188865919	-10.023787189829	84.20353397104
17.465874760999	-8.8032409730173	83.916699571732
26.266666666667	-14.4	83.03738817617
-10.789349367166	9.3294693603498	85.438963419621
-14.4	10	85.783685505716
-4.4	20.8	84.582491368616
-10.325721000821	16.03150985102	85.411188847241
29.918298171945	1.7087745143783	81.995637929704
10	-14.4	84.624408014814
27.762837029736	-10.749939718851	82.801421831718
-6.2666666666667	34.4	84.024190616102
34.4	10	81.013647878794
31.113532886912	-0.63789652068931	81.935610882925
34.4	1.8666666666667	81.323651031467
1.8666666666667	-14.4	85.512250739265
34.4	-14.4	82.313398516209
31.521625907461	-11.774509598414	82.436040632624
-14.4	18.133333333333	85.851122337068
-0.95525	8	84.669758040236
-2.2454396635896	6.2695184765001	84.832210836658
-0.087499999999999	6.22	84.694632110666
8.2	-2.7456668823698	84.661535998501
6.3450767315134	-1.153160137607	84.716467033976
2.8421971498	4.8421971498	84.588966835122
0.7929563081696	4.5605655377456	84.726019146149
2.5617879496749	3.4382120503251	84.687081960071
1.025	8	84.525142031433
-0.087499999999999	9.78	84.518256845
8	4	84.31476959802
7.6497223522753	2.3502776477247	84.448936842636
9.1399318859259	3.1399318859259	84.294874052225
3.1734821421011	-1.1033147322374	84.892360198956
2	2	84.79624659121
0.17444568219349	0.31562958566108	84.975489006926
6	6	84.306571306338
8	8	83.993794575021
6	10	83.98902219931
6.5553016893061	3.4446983106939	84.449203740298
6	2	84.573544553149
11.634381521309	2.3656184786905	84.15744091081
10.529021523052	3.4709784769483	84.167728307931
10	2	84.307655844845
4.0783175475064	6.0783175475064	84.432023271583
4	4	84.570873373245
5.3577057505171	4.6422942494829	84.445583263848
19.59790601521	1.5858524269203	83.414501983021
19.090058810186	2.5114570039578	83.414044062797
18.665164896094	1.2767314026166	83.541865149312
0.12018227894797	13.447708353683	84.31493570126
2	14	84.082293987704
0.39135804378554	16	84.152723153551
0.36164277338335	2.792464160075	84.841200511822
0.77588517114163	11.601416273827	84.347003984717
4	12	84.013773181907
-2.978302492444	11.128098628646	84.715188682764
-1.4645743224561	11.84530758366	84.54762420988
-3.0207446242652	12.7	84.669559029792
2	18	83.837600583375
4	16	83.718972394377
8	12	83.625371881235
6	14	83.649677353133
8	20.95525	82.841360217345
6.2695184765001	22.24543966359	82.986335075619
6.22	20.0875	83.138334135737
4.5605655377456	19.20704369183	83.421082164543
6	18	83.322653245972
8	16	83.250737266047
4	8	84.305201814148
2	10	84.331322441361
8	18.975	82.99368071585
9.78	20.0875	82.68270353423
10	10	83.632667309408
10	6	84.007847476532
12	8	83.651791433654
12.230821605793	5.7691783942072	83.84150967482
12	4	84.008970624423
13.492421939542	4.5075780604584	83.83775613559
14	2	83.977407242179
15.619573456647	2.3804265433532	83.797030990167
14.502779916401	3.4972200835985	83.824555714568
14	10	83.255367168441
23.409323984217	3.4261289201571	82.814255137322
23.067690490026	4.7194176595445	82.765212595672
22.259623138419	3.6534268701626	82.94721001816
12	-0.59618653987296	84.294535396618
12.431487276883	-2.6531009650214	84.337111898901
14.024954738047	-0.55090251964505	84.116816747472
18	6	83.256276735746
18.44643932255	8	83.015440710023
16	8	83.270035961304
14.873606177832	4.8736061778317	83.677585410051
16.365618478691	5.6343815213095	83.461928611074
14	6	83.660521299134
17.139931885926	3.1399318859259	83.586261259899
18.486090278049	3.553108811785	83.407914868063
17.470978476948	4.5290215230517	83.441901958127
16	4	83.638604181678
5.5358753196007	0.43779857813431	84.68700017215
7.1556684839121	0.61711702750584	84.580624498362
12	12	83.232964918393
10	14	83.225005558007
14	14	82.812173736294
12	16	82.806067441418
14	18	82.390483236551
16	19.608641956214	82.034272387937
13.447708353683	19.879817721052	82.275279999295
10	18	82.835705061529
16	16	82.392015303599
18.975	12	82.535997791198
16	12	82.83535351977
18	10	82.853537967791
21.233672441579	14.33875906527	82.066175632076
22.31068239868	11.8	82.216705114543
11.84530758366	21.464574322456	82.326920092523
12.7	23.020744624265	82.117957534818
11.128098628646	22.978302492444	82.305967417184
18	14	82.413207750496
18	18	81.994127302866
19.425060680876	16	82.063630322951
21.256074540744	18.048596325953	81.702985157833
-2.6	22.950814770437	84.236248202671
-0.55263367012088	21.879167001409	83.986669937917
20.13313030339	6.8362209815134	82.941541674985
20.522312476	9.2044404209631	82.668349802859
4.6	-2.9344237971273	84.893929234676
2.792464160075	19.638357226617	83.632265589207
4	21	83.380698977384
6.8458200169269	4.8458200169269	84.333050395751
2	6	84.572682068965
3.7814432946109	2.491374977926	84.673005801286
4	0.98274995585201	84.744104382242
-2.8058823529412	3.7	84.97167445167
9.3698585804234	4.6301414195766	84.168779971931
8.0617437348201	6.0617437348201	84.152841843187
10.860068114074	4.8600681140741	84.034221313279
-1.5895817057597	1.9636988723873	84.984000787561
-1	4	84.856193967228
13.126393822168	3.1263938221683	83.978023671091
-2.6265435144332	19	84.406162624748
3.7	22.805882352941	83.316492387055
15.35654606039	0.73769737359307	83.925028868176
16.782285163486	-2.6356640599461	83.923935993564
14.533085761459	-2.5115899492654	84.144553298964
21.164172063381	2.9415628892203	83.135338940238
19.794323242496	3.4880982307876	83.262067667612
20.217341567351	2.4408098606137	83.285461292741
10.431341025648	-0.60670960246044	84.41795293407
10.384971132138	-2.1747183861213	84.485239649617
11.601416273827	19.224114828858	82.539677491784
19	22.626543514433	81.518551236501
21.870391577715	20.518563865421	81.445012576922
19.608220509708	19.352070347646	81.724691204913
19.300995549271	4.7014933239065	83.224366423951
22.168266643091	5.7837332143668	82.793355260003
21	4	83.078768743716
1.6704566152042	-2.6025352333536	85.041855562435
-2.2517312842921	9.7335486885924	84.69978549079
-2.0891380969107	-0.33911308220337	85.122263890106
-0.37367970491959	-2.0296002019391	85.12076627121
-2.1211868514711	14.079543839426	84.527933654082
0.6635167253888	19.657283268303	83.925099108094
-2.0174381082798	16.54762594403	84.422189552426
5.1541799830731	3.1541799830731	84.55441378665
-2.839609831169	-2.6	85.28121397694
8.7424951596365	-0.23723422434041	84.520974687653
1.9636988723873	21.58958170576	83.636008515408
9.7335486885924	22.251731284292	82.527187701856
14.079543839426	22.121186851471	82.027149009344
16.54762594403	22.01743810828	81.783429108573
22.919277709856	22.6	81.221205799826
12.786012187356	0.86675452459416	84.154060503235
17.75224890108	1.1046531844586	83.654471056609
16.757319248597	1.8619107817826	83.71501551922
17.136676273048	0.40888248463454	83.760147599484
21.19248036131	1.8708434002135	83.20226241048
22.76359499056	2.4481153928193	82.964174913104
11.126649406225	0.79947245138618	84.293564304832
16	-1	83.945887298581
18.270117688258	0.026281942256751	83.655349519603
19.339657133396	0.56215318801983	83.504160995042
20.140452717288	-0.3020579932189	83.452417223703
18	2	83.571786533206
17.32430441862	-0.90546692635876	83.803168213493
20.561404504131	0.79836652764238	83.343998016853
18.947362157115	-1.6071046968814	83.650081225309
21.544995328614	-0.20861901344757	83.27300330375
22.701997204946	8.2	82.518414364538
20.976362793248	-2.2641505415937	83.430577075001
22.858983404709	0.66383433166941	83.057124170857
22.88780921067	-0.91315919286929	83.130993111651
23.150624756475	15.4	81.787371015472
-14.4	-14.4	85.272630706755
-6.2666666666667	-14.4	84.413287781051
-8.539837398374	-8.8014525745257	84.123133485991
-2.6	-9.9102222222222	83.713613151115
-4.4	-4.4	83.478438080559
25.98920449275	0.1	80.654272441155
28.491062253033	-0.39685970787487	80.314726377886
27.381739349484	1.9	80.357598713059
-4.4	-0.8	83.268094229052
-9.9102222222222	-2.6	83.724626355697
19.204748259689	-9.4001076076995	81.730630288045
18.133333333333	-14.4	81.796390517901
23.995251740311	-9.5808516561903	81.20271396865
-11.228229369649	4.0747942088804	83.525626159298
-14.4	1.8666666666667	83.864371226684
-4.4	2.8	83.099942044596
-7.381739349484	3.7	83.252054293184
-14.4	-6.2666666666667	84.402076828438
-4.4	4.6	83.03127743981
2.8	-4.4	83.057799983605
1	-7.5177195289596	83.305337742976
4.6	-7.5309506005718	83.047219674667
8.2	-7.8187902490235	82.775376081434
2.7880040682666	-10.788269801572	83.290945516055
6.4	-4.4	82.834561879112
-5.9892044927502	7.3	83.061477406949
-6.2983499597677	5.5	83.127230690623
-4.4	6.4	82.971622558456
-4.4	8.2	82.919447648913
-4.4	10	82.872845880819
-7.381739349484	9.1	83.141902389915
-0.8	-4.4	83.265935381859
27.381739349484	-3.5	80.614621398098
31.540004213992	-3.2366602994632	80.002129715369
-5.9892044927502	12.7	82.968628587843
-4.4	11.8	82.829629471801
-4.4	13.6	82.787439977488
-9.1255165757429	12.312106224289	83.284377198477
-6.2983499597677	10.9	83.02393317249
-6.468824669756	15.4	82.981404066811
-4.4	17.2	82.696570615617
-7.7835722569574	19	83.08121480067
-14.4	26.266666666667	83.61742446848
-6.8393672366518	28.389684766815	82.554555264504
-14.4	34.4	82.918687842554
-4.4	24.4	82.432077032531
-7.5281378984185	22.6	82.947672006756
-2.6	26.415890834661	82.066095853338
-11.419301667005	21.067031545955	83.485827918355
-0.8	24.4	81.899789858754
0.1	26.298349959768	81.67013556266
1.9	27.381739349484	81.350190507874
-0.79465820785031	29.82178400411	81.621442779882
1	24.4	81.630292526318
8.2	24.4	80.595959448153
7.3	27.381739349484	80.580567533795
6.4	24.4	80.842653904057
5.5	25.98920449275	80.890692412269
3.7	26.298349959768	81.136190559443
4.6	24.4	81.09895638971
9.1	26.298349959768	80.384513280751
10	24.4	80.361028094235
10.9	25.98920449275	80.169764388065
5.0031402921251	28.491062253033	80.856107451925
11.8	-6.4158908346611	82.462224766559
10	-4.4	82.578687324575
22.4	-4.4	81.314324279588
23.4	-6.1477896360936	81.225667638925
24.4	-4.4	81.055124581738
14.5	-6.2983499597677	82.215228606067
13.6	-4.4	82.276826776415
15.4	-4.4	82.106060140512
16.3	-7.381739349484	82.040386127037
17.2	-4.4	81.921526387566
17.46344674385	-11.641709951263	81.892517302293
20.8	-4.4	81.512183638025
19.9	-6.1176059112769	81.645435074944
21.6	-7.0504349773191	81.456962077814
19	-4.4	81.72337201499
18.1	-5.9661829151641	81.84513336469
26.789472365339	-6.9271100023393	80.812006806609
30.713318730963	-7.9633579648738	80.345936530024
34.4	-6.2666666666667	79.769174827984
2.8	24.4	81.362401372313
26.298349959768	-1.7	80.694512642943
24.4	-2.6	80.995823472513
24.4	-0.8	80.921105255879
24.4	4.6	80.600822041158
26.298349959768	3.7	80.40429570958
27.381739349484	5.5	80.138520005158
1.8666666666667	34.4	81.056142275482
2.4605206474456	30.708691557006	81.125128996125
7.7031402921251	31.148936070323	80.417960467776
18.867760823754	-7.6138519319147	81.769689424491
28.40786757422	9.4177848176537	79.745136261835
24.4	6.4	80.464839446894
24.4	2.8	80.723152012676
10.403140292125	28.491062253033	80.141297521305
17.2	24.4	79.567627669481
20.8	24.4	79.265263455288
19	29.275555555556	79.225109445617
26.266666666667	34.4	78.554642462094
18.133333333333	34.4	79.272132416508
13.350136737687	31.660343688415	79.7488596791
12.7	27.381739349484	79.902109326583
11.8	24.4	80.139634817963
13.6	24.4	79.933117144311
24.4	13.6	79.838419627019
29.611555555556	15.4	79.237722240502
24.4	17.2	79.523358103046
34.4	18.133333333333	78.747567681123
29.910222222222	22.6	78.807704133005
27.938320844467	19	79.133434880857
24.4	10	80.161760044224
24.4	20.8	79.243467004448
24.4	24.4	79.018635227855
28.600166516805	28.790191139085	78.575807402864
34.4	34.4	77.898917140105
22.6	27.834587258179	78.984192845168
34.4	26.266666666667	78.392191655993
-8.4910622530333	6.8031402921251	83.261338471497
28.335351896304	3.7	80.117141321683
30.840284972378	6.1796800305637	79.627589728169
24.4	1	80.830199549848
10	34.4	80.11136956298
14.528188865919	-10.023787189829	82.20353397104
17.465874760999	-8.8032409730173	81.916699571732
26.266666666667	-14.4	81.03738817617
-10.789349367166	9.3294693603498	83.438963419621
-14.4	10	83.783685505716
-4.4	20.8	82.582491368616
-10.325721000821	16.03150985102	83.411188847241
29.918298171945	1.7087745143783	79.995637929704
10	-14.4	82.624408014814
27.762837029736	-10.749939718851	80.801421831718
-6.2666666666667	34.4	82.024190616102
34.4	10	79.013647878794
31.113532886912	-0.63789652068931	79.935610882925
34.4	1.8666666666667	79.323651031467
1.8666666666667	-14.4	83.512250739265
34.4	-14.4	80.313398516209
31.521625907461	-11.774509598414	80.436040632624
-14.4	18.133333333333	83.851122337068
-0.95525	8	82.669758040236
-2.2454396635896	6.2695184765001	82.832210836658
-0.087499999999999	6.22	82.694632110666
8.2	-2.7456668823698	82.661535998501
6.3450767315134	-1.153160137607	82.716467033976
2.8421971498	4.8421971498	82.588966835122
0.7929563081696	4.5605655377456	82.726019146149
2.5617879496749	3.4382120503251	82.687081960071
1.025	8	82.525142031433
-0.087499999999999	9.78	82.518256845
8	4	82.31476959802
7.6497223522753	2.3502776477247	82.448936842636
9.1399318859259	3.1399318859259	82.294874052225
3.1734821421011	-1.1033147322374	82.892360198956
2	2	82.79624659121
0.17444568219349	0.31562958566108	82.975489006926
6	6	82.306571306338
8	8	81.993794575021
6	10	81.98902219931
6.5553016893061	3.4446983106939	82.449203740298
6	2	82.573544553149
11.634381521309	2.3656184786905	82.15744091081
10.529021523052	3.4709784769483	82.167728307931
10	2	82.307655844845
4.0783175475064	6.0783175475064	82.432023271583
4	4	82.570873373245
5.3577057505171	4.6422942494829	82.445583263848
19.59790601521	1.5858524269203	81.414501983021
19.090058810186	2.5114570039578	81.414044062797
18.665164896094	1.2767314026166	81.541865149312
0.12018227894797	13.447708353683	82.31493570126
2	14	82.082293987704
0.39135804378554	16	82.152723153551
0.36164277338335	2.792464160075	82.841200511822
0.77588517114163	11.601416273827	82.347003984717
4	12	82.013773181907
-2.978302492444	11.128098628646	82.715188682764
-1.4645743224561	11.84530758366	82.54762420988
-3.0207446242652	12.7	82.669559029792
2	18	81.837600583375
4	16	81.718972394377
8	12	81.625371881235
6	14	81.649677353133
8	20.95525	80.841360217345
6.2695184765001	22.24543966359	80.986335075619
6.22	20.0875	81.138334135737
4.5605655377456	19.20704369183	81.421082164543
6	18	81.322653245972
8	16	81.250737266047
4	8	82.305201814148
2	10	82.331322441361
8	18.975	80.99368071585
9.78	20.0875	80.68270353423
10	10	81.632667309408
10	6	82.007847476532
12	8	81.651791433654
12.230821605793	5.7691783942072	81.84150967482
12	4	82.008970624423
13.492421939542	4.5075780604584	81.83775613559
14	2	81.977407242179
15.619573456647	2.3804265433532	81.797030990167
14.502779916401	3.4972200835985	81.824555714568
14	10	81.255367168441
23.409323984217	3.4261289201571	80.814255137322
23.067690490026	4.7194176595445	80.765212595672
22.259623138419	3.6534268701626	80.94721001816
12	-0.59618653987296	82.294535396618
12.431487276883	-2.6531009650214	82.337111898901
14.024954738047	-0.55090251964505	82.116816747472
18	6	81.256276735746
18.44643932255	8	81.015440710023
16	8	81.270035961304
14.873606177832	4.8736061778317	81.677585410051
16.365618478691	5.6343815213095	81.461928611074
14	6	81.660521299134
17.139931885926	3.1399318859259	81.586261259899
18.486090278049	3.553108811785	81.407914868063
17.470978476948	4.5290215230517	81.441901958127
16	4	81.638604181678
5.5358753196007	0.43779857813431	82.68700017215
7.1556684839121	0.61711702750584	82.580624498362
12	12	81.232964918393
10	14	81.225005558007
14	14	80.812173736294
12	16	80.806067441418
14	18	80.390483236551
16	19.608641956214	80.034272387937
13.447708353683	19.879817721052	80.275279999295
10	18	80.835705061529
16	16	80.392015303599
18.975	12	80.535997791198
16	12	80.83535351977
18	10	80.853537967791
21.233672441579	14.33875906527	80.066175632076
22.31068239868	11.8	80.216705114543
11.84530758366	21.464574322456	80.326920092523
12.7	23.020744624265	80.117957534818
11.128098628646	22.978302492444	80.305967417184
18	14	80.413207750496
18	18	79.994127302866
19.425060680876	16	80.063630322951
21.256074540744	18.048596325953	79.702985157833
-2.6	22.950814770437	82.236248202671
-0.55263367012088	21.879167001409	81.986669937917
20.13313030339	6.8362209815134	80.941541674985
20.522312476	9.2044404209631	80.668349802859
4.6	-2.9344237971273	82.893929234676
2.792464160075	19.638357226617	81.632265589207
4	21	81.380698977384
6.8458200169269	4.8458200169269	82.333050395751
2	6	82.572682068965
3.7814432946109	2.491374977926	82.673005801286
4	0.98274995585201	82.744104382242
-2.8058823529412	3.7	82.97167445167
9.3698585804234	4.6301414195766	82.168779971931
8.0617437348201	6.0617437348201	82.152841843187
10.860068114074	4.8600681140741	82.034221313279
-1.5895817057597	1.9636988723873	82.984000787561
-1	4	82.856193967228
13.126393822168	3.1263938221683	81.978023671091
-2.6265435144332	19	82.406162624748
3.7	22.805882352941	81.316492387055
15.35654606039	0.73769737359307	81.925028868176
16.782285163486	-2.6356640599461	81.923935993564
14.533085761459	-2.5115899492654	82.144553298964
21.164172063381	2.9415628892203	81.135338940238
19.794323242496	3.4880982307876	81.262067667612
20.217341567351	2.4408098606137	81.285461292741
10.431341025648	-0.60670960246044	82.41795293407
10.384971132138	-2.1747183861213	82.485239649617
11.601416273827	19.224114828858	80.539677491784
19	22.626543514433	79.518551236501
21.870391577715	20.518563865421	79.445012576922
19.608220509708	19.352070347646	79.724691204913
19.300995549271	4.7014933239065	81.224366423951
22.168266643091	5.7837332143668	80.793355260003
21	4	81.078768743716
1.6704566152042	-2.6025352333536	83.041855562435
-2.2517312842921	9.7335486885924	82.69978549079
-2.0891380969107	-0.33911308220337	83.122263890106
-0.37367970491959	-2.0296002019391	83.12076627121
-2.1211868514711	14.079543839426	82.527933654082
0.6635167253888	19.657283268303	81.925099108094
-2.0174381082798	16.54762594403	82.422189552426
5.1541799830731	3.1541799830731	82.55441378665
-2.839609831169	-2.6	83.28121397694
8.7424951596365	-0.23723422434041	82.520974687653
1.9636988723873	21.58958170576	81.636008515408
9.7335486885924	22.251731284292	80.527187701856
14.079543839426	22.121186851471	80.027149009344
16.54762594403	22.01743810828	79.783429108573
22.919277709856	22.6	79.221205799826
12.786012187356	0.86675452459416	82.154060503235
17.75224890108	1.1046531844586	81.654471056609
16.757319248597	1.8619107817826	81.71501551922
17.136676273048	0.40888248463454	81.760147599484
21.19248036131	1.8708434002135	81.20226241048
22.76359499056	2.4481153928193	80.964174913104
11.126649406225	0.79947245138618	82.293564304832
16	-1	81.945887298581
18.270117688258	0.026281942256751	81.655349519603
19.339657133396	0.56215318801983	81.504160995042
20.140452717288	-0.3020579932189	81.452417223703
18	2	81.571786533206
17.32430441862	-0.90546692635876	81.803168213493
20.561404504131	0.79836652764238	81.343998016853
18.947362157115	-1.6071046968814	81.650081225309
21.544995328614	-0.20861901344757	81.27300330375
22.701997204946	8.2	80.518414364538
20.976362793248	-2.2641505415937	81.430577075001
22.858983404709	0.66383433166941	81.057124170857
22.88780921067	-0.91315919286929	81.130993111651
23.150624756475	15.4	79.787371015472
-14.4	-14.4	83.272630706755
-6.2666666666667	-14.4	82.413287781051
-8.539837398374	-8.8014525745257	82.123133485991
-2.6	-9.9102222222222	81.713613151115
-4.4	-4.4	81.478438080559
25.98920449275	0.1	78.654272441155
28.491062253033	-0.39685970787487	78.314726377886
27.381739349484	1.9	78.357598713059
-4.4	-0.8	81.268094229052
-9.9102222222222	-2.6	81.724626355697
19.204748259689	-9.4001076076995	79.730630288045
18.133333333333	-14.4	79.796390517901
23.995251740311	-9.5808516561903	79.20271396865
-11.228229369649	4.0747942088804	81.525626159298
-14.4	1.8666666666667	81.864371226684
-4.4	2.8	81.099942044596
-7.381739349484	3.7	81.252054293184
-14.4	-6.2666666666667	82.402076828438
-4.4	4.6	81.03127743981
2.8	-4.4	81.057799983605
1	-7.5177195289596	81.305337742976
4.6	-7.5309506005718	81.047219674667
8.2	-7.8187902490235	80.775376081434
2.7880040682666	-10.788269801572	81.290945516055
6.4	-4.4	80.834561879112
-5.9892044927502	7.3	81.061477406949
-6.2983499597677	5.5	81.127230690623
-4.4	6.4	80.971622558456
-4.4	8.2	80.919447648913
-4.4	10	80.872845880819
-7.381739349484	9.1	81.141902389915
-0.8	-4.4	81.265935381859
27.381739349484	-3.5	78.614621398098
31.540004213992	-3.2366602994632	78.002129715369
-5.9892044927502	12.7	80.968628587843
-4.4	11.8	80.829629471801
-4.4	13.6	80.787439977488
-9.1255165757429	12.312106224289	81.284377198477
-6.2983499597677	10.9	81.02393317249
-6.468824669756	15.4	80.981404066811
-4.4	17.2	80.696570615617
-7.7835722569574	19	81.08121480067
-14.4	26.266666666667	81.61742446848
-6.8393672366518	28.389684766815	80.554555264504
-14.4	34.4	80.918687842554
-4.4	24.4	80.432077032531
-7.5281378984185	22.6	80.947672006756
-2.6	26.415890834661	80.066095853338
-11.419301667005	21.067031545955	81.485827918355
-0.8	24.4	79.899789858754
0.1	26.298349959768	79.67013556266
1.9	27.381739349484	79.350190507874
-0.79465820785031	29.82178400411	79.621442779882
1	24.4	79.630292526318
8.2	24.4	78.595959448153
7.3	27.381739349484	78.580567533795
6.4	24.4	78.842653904057
5.5	25.98920449275	78.890692412269
3.7	26.298349959768	79.136190559443
4.6	24.4	79.09895638971
9.1	26.298349959768	78.384513280751
10	24.4	78.361028094235
10.9	25.98920449275	78.169764388065
5.0031402921251	28.491062253033	78.856107451925
11.8	-6.4158908346611	80.462224766559
10	-4.4	80.578687324575
22.4	-4.4	79.314324279588
23.4	-6.1477896360936	79.225667638925
24.4	-4.4	79.055124581738
14.5	-6.2983499597677	80.215228606067
13.6	-4.4	80.276826776415
15.4	-4.4	80.106060140512
16.3	-7.381739349484	80.040386127037
17.2	-4.4	79.921526387566
17.46344674385	-11.641709951263	79.892517302293
20.8	-4.4	79.512183638025
19.9	-6.1176059112769	79.645435074944
21.6	-7.0504349773191	79.456962077814
19	-4.4	79.72337201499
18.1	-5.9661829151641	79.84513336469
26.789472365339	-6.9271100023393	78.812006806609
30.713318730963	-7.9633579648738	78.345936530024
34.4	-6.2666666666667	77.769174827984
2.8	24.4	79.362401372313
26.298349959768	-1.7	78.694512642943
24.4	-2.6	78.995823472513
24.4	-0.8	78.921105255879
24.4	4.6	78.600822041158
26.298349959768	3.7	78.40429570958
27.381739349484	5.5	78.138520005158
1.8666666666667	34.4	79.056142275482
2.4605206474456	30.708691557006	79.125128996125
7.7031402921251	31.148936070323	78.417960467776
18.867760823754	-7.6138519319147	79.769689424491
28.40786757422	9.4177848176537	77.745136261835
24.4	6.4	78.464839446894
24.4	2.8	78.723152012676
10.403140292125	28.491062253033	78.141297521305
17.2	24.4	77.567627669481
20.8	24.4	77.265263455288
19	29.275555555556	77.225109445617
26.266666666667	34.4	76.554642462094
18.133333333333	34.4	77.272132416508
13.350136737687	31.660343688415	77.7488596791
12.7	27.381739349484	77.902109326583
11.8	24.4	78.139634817963
13.6	24.4	77.933117144311
24.4	13.6	77.838419627019
29.611555555556	15.4	77.237722240502
24.4	17.2	77.523358103046
34.4	18.133333333333	76.747567681123
29.910222222222	22.6	76.807704133005
27.938320844467	19	77.133434880857
24.4	10	78.161760044224
24.4	20.8	77.243467004448
24.4	24.4	77.018635227855
28.600166516805	28.790191139085	76.575807402864
34.4	34.4	75.898917140105
22.6	27.834587258179	76.984192845168
34.4	26.266666666667	76.392191655993
-8.4910622530333	6.8031402921251	81.261338471497
28.335351896304	3.7	78.117141321683
30.840284972378	6.1796800305637	77.627589728169
24.4	1	78.830199549848
10	34.4	78.11136956298
14.528188865919	-10.023787189829	80.20353397104
17.465874760999	-8.8032409730173	79.916699571732
26.266666666667	-14.4	79.03738817617
-10.789349367166	9.3294693603498	81.438963419621
-14.4	10	81.783685505716
-4.4	20.8	80.582491368616
-10.325721000821	16.03150985102	81.411188847241
29.918298171945	1.7087745143783	77.995637929704
10	-14.4	80.624408014814
27.762837029736	-10.749939718851	78.801421831718
-6.2666666666667	34.4	80.024190616102
34.4	10	77.013647878794
31.113532886912	-0.63789652068931	77.935610882925
34.4	1.8666666666667	77.323651031467
1.8666666666667	-14.4	81.512250739265
34.4	-14.4	78.313398516209
31.521625907461	-11.774509598414	78.436040632624
-14.4	18.133333333333	81.851122337068
-0.95525	8	80.669758040236
-2.2454396635896	6.2695184765001	80.832210836658
-0.087499999999999	6.22	80.694632110666
8.2	-2.7456668823698	80.661535998501
6.3450767315134	-1.153160137607	80.716467033976
2.8421971498	4.8421971498	80.588966835122
0.7929563081696	4.5605655377456	80.726019146149
2.5617879496749	3.4382120503251	80.687081960071
1.025	8	80.525142031433
-0.087499999999999	9.78	80.518256845
8	4	80.31476959802
7.6497223522753	2.3502776477247	80.448936842636
9.1399318859259	3.1399318859259	80.294874052225
3.1734821421011	-1.1033147322374	80.892360198956
2	2	80.79624659121
0.17444568219349	0.31562958566108	80.975489006926
6	6	80.306571306338
8	8	79.993794575021
6	10	79.98902219931
6.5553016893061	3.4446983106939	80.449203740298
6	2	80.573544553149
11.634381521309	2.3656184786905	80.15744091081
10.529021523052	3.4709784769483	80.167728307931
10	2	80.307655844845
4.0783175475064	6.0783175475064	80.432023271583
4	4	80.570873373245
5.3577057505171	4.6422942494829	80.445583263848
19.59790601521	1.5858524269203	79.414501983021
19.090058810186	2.5114570039578	79.414044062797
18.665164896094	1.2767314026166	79.541865149312
0.12018227894797	13.447708353683	80.31493570126
2	14	80.082293987704
0.39135804378554	16	80.152723153551
0.36164277338335	2.792464160075	80.841200511822
0.77588517114163	11.601416273827	80.347003984717
4	12	80.013773181907
-2.978302492444	11.128098628646	80.715188682764
-1.4645743224561	11.84530758366	80.54762420988
-3.0207446242652	12.7	80.669559029792
2	18	79.837600583375
4	16	79.718972394377
8	12	79.625371881235
6	14	79.649677353133
8	20.95525	78.841360217345
6.2695184765001	22.24543966359	78.986335075619
6.22	20.0875	79.138334135737
4.5605655377456	19.20704369183	79.421082164543
6	18	79.322653245972
8	16	79.250737266047
4	8	80.305201814148
2	10	80.331322441361
8	18.975	78.99368071585
9.78	20.0875	78.68270353423
10	10	79.632667309408
10	6	80.007847476532
12	8	79.651791433654
12.230821605793	5.7691783942072	79.84150967482
12	4	80.008970624423
13.492421939542	4.5075780604584	79.83775613559
14	2	79.977407242179
15.619573456647	2.3804265433532	79.797030990167
14.502779916401	3.4972200835985	79.824555714568
14	10	79.255367168441
23.409323984217	3.4261289201571	78.814255137322
23.067690490026	4.7194176595445	78.765212595672
22.259623138419	3.6534268701626	78.94721001816
12	-0.59618653987296	80.294535396618
12.431487276883	-2.6531009650214	80.337111898901
14.024954738047	-0.55090251964505	80.116816747472
18	6	79.256276735746
18.44643932255	8	79.015440710023
16	8	79.270035961304
14.873606177832	4.8736061778317	79.677585410051
16.365618478691	5.6343815213095	79.461928611074
14	6	79.660521299134
17.139931885926	3.1399318859259	79.586261259899
18.486090278049	3.553108811785	79.407914868063
17.470978476948	4.5290215230517	79.441901958127
16	4	79.638604181678
5.5358753196007	0.43779857813431	80.68700017215
7.1556684839121	0.61711702750584	80.580624498362
12	12	79.232964918393
10	14	79.225005558007
14	14	78.812173736294
12	16	78.806067441418
14	18	78.390483236551
16	19.608641956214	78.034272387937
13.447708353683	19.879817721052	78.275279999295
10	18	78.835705061529
16	16	78.392015303599
18.975	12	78.535997791198
16	12	78.83535351977
18	10	78.853537967791
21.233672441579	14.33875906527	78.066175632076
22.31068239868	11.8	78.216705114543
11.84530758366	21.464574322456	78.326920092523
12.7	23.020744624265	78.117957534818
11.128098628646	22.978302492444	78.305967417184
18	14	78.413207750496
18	18	77.994127302866
19.425060680876	16	78.063630322951
21.256074540744	18.048596325953	77.702985157833
-2.6	22.950814770437	80.236248202671
-0.55263367012088	21.879167001409	79.986669937917
20.13313030339	6.8362209815134	78.941541674985
20.522312476	9.2044404209631	78.668349802859
4.6	-2.9344237971273	80.893929234676
2.792464160075	19.638357226617	79.632265589207
4	21	79.380698977384
6.8458200169269	4.8458200169269	80.333050395751
2	6	80.572682068965
3.7814432946109	2.491374977926	80.673005801286
4	0.98274995585201	80.744104382242
-2.8058823529412	3.7	80.97167445167
9.3698585804234	4.6301414195766	80.168779971931
8.0617437348201	6.0617437348201	80.152841843187
10.860068114074	4.8600681140741	80.034221313279
-1.5895817057597	1.9636988723873	80.984000787561
-1	4	80.856193967228
13.126393822168	3.1263938221683	79.978023671091
-2.6265435144332	19	80.406162624748
3.7	22.805882352941	79.316492387055
15.35654606039	0.73769737359307	79.925028868176
16.782285163486	-2.6356640599461	79.923935993564
14.533085761459	-2.5115899492654	80.144553298964
21.164172063381	2.9415628892203	79.135338940238
19.794323242496	3.4880982307876	79.262067667612
20.217341567351	2.4408098606137	79.285461292741
10.431341025648	-0.60670960246044	80.41795293407
10.384971132138	-2.1747183861213	80.485239649617
11.601416273827	19.224114828858	78.539677491784
19	22.626543514433	77.518551236501
21.870391577715	20.518563865421	77.445012576922
19.608220509708	19.352070347646	77.724691204913
19.300995549271	4.7014933239065	79.224366423951
22.168266643091	5.7837332143668	78.793355260003
21	4	79.078768743716
1.6704566152042	-2.6025352333536	81.041855562435
-2.2517312842921	9.7335486885924	80.69978549079
-2.0891380969107	-0.33911308220337	81.122263890106
-0.37367970491959	-2.0296002019391	81.12076627121
-2.1211868514711	14.079543839426	80.527933654082
0.6635167253888	19.657283268303	79.925099108094
-2.0174381082798	16.54762594403	80.422189552426
5.1541799830731	3.1541799830731	80.55441378665
-2.839609831169	-2.6	81.28121397694
8.7424951596365	-0.23723422434041	80.520974687653
1.9636988723873	21.58958170576	79.636008515408
9.7335486885924	22.251731284292	78.527187701856
14.079543839426	22.121186851471	78.027149009344
16.54762594403	22.01743810828	77.783429108573
22.919277709856	22.6	77.221205799826
12.786012187356	0.86675452459416	80.154060503235
17.75224890108	1.1046531844586	79.654471056609
16.757319248597	1.8619107817826	79.71501551922
17.136676273048	0.40888248463454	79.760147599484
21.19248036131	1.8708434002135	79.20226241048
22.76359499056	2.4481153928193	78.964174913104
11.126649406225	0.79947245138618	80.293564304832
16	-1	79.945887298581
18.270117688258	0.026281942256751	79.655349519603
19.339657133396	0.56215318801983	79.504160995042
20.140452717288	-0.3020579932189	79.452417223703
18	2	79.571786533206
17.32430441862	-0.90546692635876	79.803168213493
20.561404504131	0.79836652764238	79.343998016853
18.947362157115	-1.6071046968814	79.650081225309
21.544995328614	-0.20861901344757	79.27300330375
22.701997204946	8.2	78.518414364538
20.976362793248	-2.2641505415937	79.430577075001
22.858983404709	0.66383433166941	79.057124170857
22.88780921067	-0.91315919286929	79.130993111651
23.150624756475	15.4	77.787371015472
CELLS 9090 63630
6	0	1	2	316	317	318	
6	3	2	1	319	318	317	
6	3	4	2	319	320	318	
6	5	6	7	321	322	323	
6	4	8	9	320	324	325	
6	10	11	12	326	327	328	
6	13	14	9	329	330	325	
6	15	16	8	331	332	324	
6	2	9	17	318	325	333	
6	18	16	15	334	332	331	
6	19	20	21	335	336	337	
6	22	21	23	338	337	339	
6	24	21	22	340	337	338	
6	25	26	27	341	342	343	
6	28	29	30	344	345	346	
6	18	26	16	334	342	332	
6	4	3	31	320	319	347	
6	6	32	33	322	348	349	
6	34	35	36	350	351	352	
6	37	30	38	353	346	354	
6	38	30	29	354	346	345	
6	39	34	36	355	350	352	
6	40	41	39	356	357	355	
6	13	9	16	329	325	332	
6	42	43	44	358	359	360	
6	45	43	46	361	359	362	
6	45	47	43	361	363	359	
6	46	48	41	362	364	357	
6	26	18	27	342	334	343	
6	47	45	49	363	361	365	
6	50	51	52	366	367	368	
6	51	50	53	367	366	369	
6	54	55	56	370	371	372	
6	57	58	59	373	374	375	
6	60	54	61	376	370	377	
6	62	60	61	378	376	377	
6	51	58	63	367	374	379	
6	38	29	35	354	345	351	
6	50	49	53	366	365	369	
6	22	64	65	338	380	381	
6	66	67	68	382	383	384	
6	64	69	70	380	385	386	
6	71	72	73	387	388	389	
6	72	71	69	388	387	385	
6	11	10	74	327	326	390	
6	75	76	77	391	392	393	
6	76	75	78	392	391	394	
6	79	76	78	395	392	394	
6	77	66	75	393	382	391	
6	68	80	32	384	396	348	
6	66	77	67	382	393	383	
6	81	82	33	397	398	349	
6	58	51	83	374	367	399	
6	69	71	70	385	387	386	
6	67	80	68	383	396	384	
6	32	84	85	348	400	401	
6	86	84	5	402	400	321	
6	85	84	86	401	400	402	
6	87	88	89	403	404	405	
6	68	32	85	384	348	401	
6	90	91	92	406	407	408	
6	93	77	76	409	393	392	
6	89	94	95	405	410	411	
6	88	87	96	404	403	412	
6	55	60	97	371	376	413	
6	98	99	100	414	415	416	
6	100	101	102	416	417	418	
6	100	103	104	416	419	420	
6	105	106	104	421	422	420	
6	60	55	54	376	371	370	
6	107	108	109	423	424	425	
6	110	111	112	426	427	428	
6	113	95	94	429	411	410	
6	112	109	108	428	425	424	
6	114	111	115	430	427	431	
6	116	117	101	432	433	417	
6	101	118	116	417	434	432	
6	53	83	51	369	399	367	
6	119	116	111	435	432	427	
6	100	99	118	416	415	434	
6	58	83	59	374	399	375	
6	95	87	89	411	403	405	
6	26	120	16	342	436	332	
6	121	122	89	437	438	405	
6	96	123	7	412	439	323	
6	98	104	106	414	420	422	
6	92	103	124	408	419	440	
6	79	78	73	395	394	389	
6	76	79	93	392	395	409	
6	77	12	67	393	328	383	
6	12	80	67	328	396	383	
6	25	27	28	341	343	344	
6	26	25	120	342	341	436	
6	34	38	35	350	354	351	
6	34	37	38	350	353	354	
6	91	51	63	407	367	379	
6	49	50	47	365	366	363	
6	57	59	56	373	375	372	
6	58	57	63	374	373	379	
6	62	61	105	378	377	421	
6	60	62	97	376	378	413	
6	65	64	70	381	380	386	
6	22	125	64	338	441	380	
6	6	84	32	322	400	348	
6	86	5	123	402	321	439	
6	89	88	121	405	404	437	
6	122	94	89	438	410	405	
6	73	72	79	389	388	395	
6	72	126	93	388	442	409	
6	126	10	93	442	326	409	
6	12	11	127	328	327	443	
6	28	30	25	344	346	341	
6	120	25	30	436	341	346	
6	39	36	40	355	352	356	
6	30	128	120	346	444	436	
6	56	55	57	372	371	373	
6	63	57	55	379	373	371	
6	105	104	62	421	420	378	
6	97	62	104	413	378	420	
6	6	5	84	322	321	400	
6	7	123	5	323	439	321	
6	96	7	88	412	323	404	
6	121	88	7	437	404	323	
6	72	93	79	388	409	395	
6	77	93	10	393	409	326	
6	128	30	37	444	346	353	
6	129	13	128	445	329	444	
6	41	40	130	357	356	446	
6	131	129	37	447	445	353	
6	34	39	37	350	355	353	
6	39	41	131	355	357	447	
6	55	97	92	371	413	408	
6	51	91	52	367	407	368	
6	103	97	104	419	413	420	
6	55	92	63	371	408	379	
6	80	81	32	396	397	348	
6	7	132	121	323	448	437	
6	125	126	72	441	442	388	
6	10	126	74	326	442	390	
6	69	125	72	385	441	388	
6	11	125	133	327	441	449	
6	126	125	74	442	441	390	
6	125	11	74	441	327	390	
6	10	12	77	326	328	393	
6	80	12	134	396	328	450	
6	134	12	127	450	328	443	
6	81	33	32	397	349	348	
6	90	135	52	406	451	368	
6	43	47	52	359	363	368	
6	50	52	47	366	368	363	
6	43	52	135	359	368	451	
6	65	24	22	381	340	338	
6	125	69	64	441	385	380	
6	132	7	6	448	323	322	
6	108	94	136	424	410	452	
6	137	6	33	453	322	349	
6	122	132	138	438	448	454	
6	132	122	121	448	438	437	
6	138	136	122	454	452	438	
6	130	45	46	446	361	362	
6	39	131	37	355	447	353	
6	37	129	128	353	445	444	
6	13	129	14	329	445	330	
6	100	104	98	416	420	414	
6	102	124	103	418	440	419	
6	103	92	97	419	408	413	
6	90	92	124	406	408	440	
6	44	43	135	360	359	451	
6	46	41	130	362	357	446	
6	24	19	21	340	335	337	
6	125	22	133	441	338	449	
6	128	13	120	444	329	436	
6	16	120	13	332	436	329	
6	82	138	33	398	454	349	
6	6	137	132	322	453	448	
6	33	138	137	349	454	453	
6	138	132	137	454	448	453	
6	92	91	63	408	407	379	
6	90	52	91	406	368	407	
6	1	139	3	317	455	319	
6	23	20	3	339	336	319	
6	9	8	16	325	324	332	
6	14	17	9	330	333	325	
6	99	115	118	415	431	434	
6	103	100	102	419	416	418	
6	94	107	113	410	423	429	
6	136	110	108	452	426	424	
6	112	114	109	428	430	425	
6	110	119	111	426	435	427	
6	140	141	127	456	457	443	
6	141	82	81	457	398	397	
6	136	94	122	452	410	438	
6	107	94	108	423	410	424	
6	43	42	46	359	358	362	
6	48	142	131	364	458	447	
6	48	131	41	364	447	357	
6	129	131	142	445	447	458	
6	19	31	20	335	347	336	
6	23	133	22	339	449	338	
6	116	118	115	432	434	431	
6	101	100	118	417	416	434	
6	110	112	108	426	428	424	
6	111	114	112	427	430	428	
6	141	81	134	457	397	450	
6	80	134	81	396	450	397	
6	46	42	48	362	358	364	
6	42	142	48	358	458	364	
6	31	3	20	347	319	336	
6	23	3	139	339	319	455	
6	111	116	115	427	432	431	
6	117	116	119	433	432	435	
6	21	20	23	337	336	339	
6	133	23	139	449	339	455	
6	127	141	134	443	457	450	
6	82	141	140	398	457	456	
6	9	2	4	325	318	320	
6	0	2	17	316	318	333	
6	143	144	145	459	460	461	
6	24	146	147	340	462	463	
6	148	149	150	464	465	466	
6	143	151	152	459	467	468	
6	153	154	155	469	470	471	
6	156	157	158	472	473	474	
6	159	160	161	475	476	477	
6	162	163	154	478	479	470	
6	164	165	166	480	481	482	
6	167	168	169	483	484	485	
6	170	171	172	486	487	488	
6	159	167	169	475	483	485	
6	173	174	175	489	490	491	
6	157	176	158	473	492	474	
6	177	178	174	493	494	490	
6	179	180	181	495	496	497	
6	182	175	183	498	491	499	
6	184	185	161	500	501	477	
6	186	187	188	502	503	504	
6	189	183	190	505	499	506	
6	190	185	191	506	501	507	
6	185	174	178	501	490	494	
6	151	192	193	467	508	509	
6	186	194	195	502	510	511	
6	196	161	160	512	477	476	
6	173	180	177	489	496	493	
6	197	198	196	513	514	512	
6	199	200	201	515	516	517	
6	202	203	204	518	519	520	
6	196	198	205	512	514	521	
6	206	207	208	522	523	524	
6	209	210	211	525	526	527	
6	212	213	214	528	529	530	
6	215	216	217	531	532	533	
6	218	219	220	534	535	536	
6	221	216	215	537	532	531	
6	163	222	223	479	538	539	
6	196	205	224	512	521	540	
6	225	226	227	541	542	543	
6	225	196	224	541	512	540	
6	228	229	230	544	545	546	
6	227	231	225	543	547	541	
6	226	232	228	542	548	544	
6	231	194	191	547	510	507	
6	233	234	235	549	550	551	
6	236	237	107	552	553	423	
6	238	239	240	554	555	556	
6	236	241	233	552	557	549	
6	242	243	244	558	559	560	
6	242	229	232	558	545	548	
6	205	235	234	521	551	550	
6	245	246	49	561	562	365	
6	247	248	213	563	564	529	
6	184	225	185	500	541	501	
6	249	147	156	565	463	472	
6	250	189	251	566	505	567	
6	169	162	252	485	478	568	
6	145	149	253	461	465	569	
6	254	255	163	570	571	479	
6	144	143	28	460	459	344	
6	18	256	144	334	572	460	
6	153	257	258	469	573	574	
6	257	165	259	573	481	575	
6	197	196	160	513	512	476	
6	260	176	261	576	492	577	
6	197	258	257	513	574	573	
6	201	204	215	517	520	531	
6	200	164	262	516	480	578	
6	161	193	192	477	509	508	
6	159	161	192	475	477	508	
6	161	185	178	477	501	494	
6	40	263	130	356	579	446	
6	193	161	178	509	477	494	
6	185	190	183	501	506	499	
6	174	185	183	490	501	499	
6	196	225	184	512	541	500	
6	161	196	184	477	512	500	
6	225	231	191	541	547	507	
6	188	189	190	504	505	506	
6	185	225	191	501	541	507	
6	187	59	264	503	375	580	
6	187	186	54	503	502	370	
6	181	36	35	497	352	351	
6	176	149	261	492	465	577	
6	217	205	198	533	521	514	
6	199	198	197	515	514	513	
6	212	216	220	528	532	536	
6	221	204	203	537	520	519	
6	205	217	214	521	533	530	
6	211	265	202	527	581	518	
6	235	205	214	551	521	530	
6	71	266	267	387	582	583	
6	268	269	270	584	585	586	
6	271	272	209	587	588	525	
6	226	225	224	542	541	540	
6	205	226	224	521	542	540	
6	273	227	228	589	543	544	
6	226	228	227	542	544	543	
6	243	232	241	559	548	557	
6	98	274	99	414	590	415	
6	226	241	232	542	557	548	
6	226	205	234	542	521	550	
6	241	226	234	557	542	550	
6	244	275	276	560	591	592	
6	247	212	277	563	528	593	
6	278	279	208	594	595	524	
6	247	279	278	563	595	594	
6	280	249	156	596	565	472	
6	154	166	155	470	482	471	
6	239	106	105	555	422	421	
6	273	230	238	589	546	554	
6	145	253	151	461	569	467	
6	150	176	157	466	492	473	
6	192	151	253	508	467	569	
6	152	151	193	468	467	509	
6	143	145	151	459	461	467	
6	149	145	261	465	461	577	
6	177	152	193	493	468	509	
6	152	180	281	468	496	597	
6	158	176	260	474	492	576	
6	150	157	254	466	473	570	
6	256	260	261	572	576	577	
6	282	158	260	598	474	576	
6	283	158	282	599	474	598	
6	282	260	15	598	576	331	
6	280	158	283	596	474	599	
6	178	177	193	494	493	509	
6	173	177	174	489	493	490	
6	281	143	152	597	459	468	
6	281	28	143	597	344	459	
6	152	177	180	468	493	496	
6	144	28	27	460	344	343	
6	256	18	15	572	334	331	
6	261	145	144	577	461	460	
6	174	183	175	490	499	491	
6	284	180	173	600	496	489	
6	175	182	285	491	498	601	
6	286	36	284	602	352	600	
6	256	15	260	572	331	576	
6	179	29	281	495	345	597	
6	281	29	28	597	345	344	
6	144	27	18	460	343	334	
6	144	256	261	460	572	577	
6	173	175	284	489	491	600	
6	286	284	175	602	600	491	
6	282	15	8	598	331	324	
6	157	156	255	473	472	571	
6	163	287	254	479	603	570	
6	182	189	250	498	505	566	
6	286	263	40	602	579	356	
6	4	288	8	320	604	324	
6	249	280	19	565	596	335	
6	288	282	8	604	598	324	
6	31	283	288	347	599	604	
6	31	19	280	347	335	596	
6	31	288	4	347	604	320	
6	283	282	288	599	598	604	
6	286	175	285	602	491	601	
6	36	286	40	352	602	356	
6	146	24	65	462	340	381	
6	222	156	147	538	472	463	
6	223	289	154	539	605	470	
6	158	280	156	474	596	472	
6	31	280	283	347	596	599	
6	19	24	249	335	340	565	
6	147	249	24	463	565	340	
6	289	146	272	605	462	588	
6	272	65	210	588	381	526	
6	147	146	289	463	462	605	
6	146	65	272	462	381	588	
6	188	190	194	504	506	510	
6	290	251	264	606	567	580	
6	191	194	190	507	510	506	
6	195	194	231	511	510	547	
6	186	188	194	502	504	510	
6	189	188	251	505	504	567	
6	273	195	231	589	511	547	
6	195	238	291	511	554	607	
6	250	290	285	566	606	601	
6	183	189	182	499	505	498	
6	182	250	285	498	566	601	
6	286	285	263	602	601	579	
6	246	285	290	562	601	606	
6	250	251	290	566	567	606	
6	246	53	49	562	369	365	
6	227	273	231	543	589	547	
6	230	273	228	546	589	544	
6	291	186	195	607	502	511	
6	291	54	186	607	370	502	
6	195	273	238	511	589	554	
6	187	54	56	503	370	372	
6	264	59	83	580	375	399	
6	251	188	187	567	504	503	
6	290	53	246	606	369	562	
6	246	245	263	562	561	579	
6	228	232	229	544	548	545	
6	292	238	230	608	554	546	
6	229	242	276	545	558	592	
6	293	106	292	609	422	608	
6	264	83	290	580	399	606	
6	240	61	291	556	377	607	
6	291	61	54	607	377	370	
6	187	56	59	503	372	375	
6	187	264	251	503	580	567	
6	230	229	292	546	545	608	
6	293	292	229	609	608	545	
6	245	49	45	561	365	361	
6	248	237	233	564	553	549	
6	274	294	99	590	610	415	
6	246	263	285	562	579	601	
6	45	130	245	361	446	561	
6	263	245	130	579	561	446	
6	293	229	276	609	545	592	
6	106	293	98	422	609	414	
6	262	164	295	578	480	611	
6	290	83	53	606	399	369	
6	296	297	298	612	613	614	
6	299	270	170	615	586	486	
6	208	268	300	524	584	616	
6	267	211	210	583	527	526	
6	210	65	70	526	381	386	
6	209	301	271	525	617	587	
6	267	210	70	583	526	386	
6	209	272	210	525	588	526	
6	266	71	73	582	387	389	
6	267	302	211	583	618	527	
6	265	211	302	581	527	618	
6	295	211	202	611	527	518	
6	298	265	302	614	581	618	
6	218	203	297	534	519	613	
6	303	304	172	619	620	488	
6	304	303	305	620	619	621	
6	202	265	203	518	581	519	
6	265	298	297	581	614	613	
6	221	215	204	537	531	520	
6	201	215	217	517	531	533	
6	221	220	216	537	536	532	
6	201	262	204	517	578	520	
6	200	165	164	516	481	480	
6	202	204	262	518	520	578	
6	212	214	216	528	530	532	
6	217	216	214	533	532	530	
6	199	201	217	515	517	533	
6	200	262	201	516	578	517	
6	166	301	164	482	617	480	
6	301	295	164	617	611	480	
6	221	218	220	537	534	536	
6	269	277	219	585	593	535	
6	198	199	217	514	515	533	
6	259	199	197	575	515	513	
6	200	259	165	516	575	481	
6	155	165	257	471	481	573	
6	289	301	166	605	617	482	
6	295	301	209	611	617	525	
6	203	218	221	519	534	537	
6	220	219	277	536	535	593	
6	208	279	268	524	595	584	
6	212	220	277	528	536	593	
6	199	259	200	515	575	516	
6	257	259	197	573	575	513	
6	153	162	154	469	478	470	
6	166	165	155	482	481	471	
6	301	289	271	617	605	587	
6	289	272	271	605	588	587	
6	211	295	209	527	611	525	
6	295	202	262	611	518	578	
6	218	306	219	534	622	535	
6	277	269	279	593	585	595	
6	306	171	219	622	487	535	
6	269	219	171	585	535	487	
6	172	304	170	488	620	486	
6	269	171	270	585	487	586	
6	302	307	298	618	623	614	
6	305	308	304	621	624	620	
6	299	170	308	615	486	624	
6	269	268	279	585	584	595	
6	170	270	171	486	586	487	
6	270	299	268	586	615	584	
6	172	171	306	488	487	622	
6	170	304	308	486	620	624	
6	299	300	268	615	616	584	
6	206	300	96	522	616	412	
6	306	296	172	622	612	488	
6	172	296	303	488	612	619	
6	297	296	306	613	612	622	
6	296	298	303	612	614	619	
6	218	297	306	534	613	622	
6	297	203	265	613	519	581	
6	307	303	298	623	619	614	
6	309	307	266	625	623	582	
6	309	303	307	625	619	623	
6	300	123	96	616	439	412	
6	299	308	310	615	624	626	
6	267	266	302	583	582	618	
6	213	248	235	529	564	551	
6	95	113	311	411	429	627	
6	302	266	307	618	582	623	
6	78	266	73	394	582	389	
6	66	312	75	382	628	391	
6	310	308	305	626	624	621	
6	305	312	310	621	628	626	
6	299	310	313	615	626	629	
6	237	113	107	553	429	423	
6	303	309	305	619	625	621	
6	266	78	309	582	394	625	
6	86	314	85	402	630	401	
6	312	305	309	628	621	625	
6	314	86	313	630	402	629	
6	278	207	95	594	523	411	
6	300	206	208	616	522	524	
6	279	247	277	595	563	593	
6	314	310	312	630	626	628	
6	86	123	313	402	439	629	
6	96	87	206	412	403	522	
6	207	206	87	523	522	403	
6	95	207	87	411	523	403	
6	278	208	207	594	524	523	
6	197	160	258	513	476	574	
6	155	257	153	471	573	469	
6	223	154	163	539	470	479	
6	166	154	289	482	470	605	
6	160	159	258	476	475	574	
6	313	310	314	629	626	630	
6	66	68	85	382	384	401	
6	312	85	314	628	401	630	
6	258	159	252	574	475	568	
6	123	300	313	439	616	629	
6	299	313	300	615	629	616	
6	278	95	311	594	411	627	
6	267	70	71	583	386	387	
6	247	311	248	563	627	564	
6	153	252	162	469	568	478	
6	287	162	169	603	478	485	
6	258	252	153	574	568	469	
6	169	252	159	485	568	475	
6	287	168	254	603	484	570	
6	163	162	287	479	478	603	
6	159	192	167	475	508	483	
6	287	169	168	603	485	484	
6	150	254	168	466	570	484	
6	157	255	254	473	571	570	
6	192	253	167	508	569	483	
6	167	253	148	483	569	464	
6	148	150	168	464	466	484	
6	176	150	149	492	466	465	
6	167	148	168	483	464	484	
6	149	148	253	465	464	569	
6	222	163	255	538	479	571	
6	147	289	223	463	605	539	
6	75	312	78	391	628	394	
6	78	312	309	394	628	625	
6	156	222	255	472	538	571	
6	312	66	85	628	382	401	
6	147	223	222	463	539	538	
6	247	278	311	563	594	627	
6	214	213	235	530	529	551	
6	212	247	213	528	563	529	
6	107	315	236	423	631	552	
6	315	244	236	631	560	552	
6	234	233	241	550	549	557	
6	248	233	235	564	549	551	
6	237	311	113	553	627	429	
6	232	243	242	548	559	558	
6	311	237	248	627	553	564	
6	233	237	236	549	553	552	
6	107	109	315	423	425	631	
6	315	109	244	631	425	560	
6	294	114	115	610	430	431	
6	275	294	274	591	610	590	
6	241	236	243	557	552	559	
6	244	243	236	560	559	552	
6	242	244	276	558	560	592	
6	109	114	275	425	430	591	
6	244	109	275	560	425	591	
6	293	276	274	609	592	590	
6	114	294	275	430	610	591	
6	274	98	293	590	414	609	
6	115	99	294	431	415	610	
6	275	274	276	591	590	592	
6	179	181	35	495	497	351	
6	36	181	284	352	497	600	
6	180	284	181	496	600	497	
6	29	179	35	345	495	351	
6	180	179	281	496	495	597	
6	240	239	105	556	555	421	
6	106	239	292	422	555	608	
6	238	292	239	554	608	555	
6	61	240	105	377	556	421	
6	238	240	291	554	556	607	
6	316	317	318	632	633	634	
6	319	318	317	635	634	633	
6	319	320	318	635	636	634	
6	321	322	323	637	638	639	
6	320	324	325	636	640	641	
6	326	327	328	642	643	644	
6	329	330	325	645	646	641	
6	331	332	324	647	648	640	
6	318	325	333	634	641	649	
6	334	332	331	650	648	647	
6	335	336	337	651	652	653	
6	338	337	339	654	653	655	
6	340	337	338	656	653	654	
6	341	342	343	657	658	659	
6	344	345	346	660	661	662	
6	334	342	332	650	658	648	
6	320	319	347	636	635	663	
6	322	348	349	638	664	665	
6	350	351	352	666	667	668	
6	353	346	354	669	662	670	
6	354	346	345	670	662	661	
6	355	350	352	671	666	668	
6	356	357	355	672	673	671	
6	329	325	332	645	641	648	
6	358	359	360	674	675	676	
6	361	359	362	677	675	678	
6	361	363	359	677	679	675	
6	362	364	357	678	680	673	
6	342	334	343	658	650	659	
6	363	361	365	679	677	681	
6	366	367	368	682	683	684	
6	367	366	369	683	682	685	
6	370	371	372	686	687	688	
6	373	374	375	689	690	691	
6	376	370	377	692	686	693	
6	378	376	377	694	692	693	
6	367	374	379	683	690	695	
6	354	345	351	670	661	667	
6	366	365	369	682	681	685	
6	338	380	381	654	696	697	
6	382	383	384	698	699	700	
6	380	385	386	696	701	702	
6	387	388	389	703	704	705	
6	388	387	385	704	703	701	
6	327	326	390	643	642	706	
6	391	392	393	707	708	709	
6	392	391	394	708	707	710	
6	395	392	394	711	708	710	
6	393	382	391	709	698	707	
6	384	396	348	700	712	664	
6	382	393	383	698	709	699	
6	397	398	349	713	714	665	
6	374	367	399	690	683	715	
6	385	387	386	701	703	702	
6	383	396	384	699	712	700	
6	348	400	401	664	716	717	
6	402	400	321	718	716	637	
6	401	400	402	717	716	718	
6	403	404	405	719	720	721	
6	384	348	401	700	664	717	
6	406	407	408	722	723	724	
6	409	393	392	725	709	708	
6	405	410	411	721	726	727	
6	404	403	412	720	719	728	
6	371	376	413	687	692	729	
6	414	415	416	730	731	732	
6	416	417	418	732	733	734	
6	416	419	420	732	735	736	
6	421	422	420	737	738	736	
6	376	371	370	692	687	686	
6	423	424	425	739	740	741	
6	426	427	428	742	743	744	
6	429	411	410	745	727	726	
6	428	425	424	744	741	740	
6	430	427	431	746	743	747	
6	432	433	417	748	749	733	
6	417	434	432	733	750	748	
6	369	399	367	685	715	683	
6	435	432	427	751	748	743	
6	416	415	434	732	731	750	
6	374	399	375	690	715	691	
6	411	403	405	727	719	721	
6	342	436	332	658	752	648	
6	437	438	405	753	754	721	
6	412	439	323	728	755	639	
6	414	420	422	730	736	738	
6	408	419	440	724	735	756	
6	395	394	389	711	710	705	
6	392	395	409	708	711	725	
6	393	328	383	709	644	699	
6	328	396	383	644	712	699	
6	341	343	344	657	659	660	
6	342	341	436	658	657	752	
6	350	354	351	666	670	667	
6	350	353	354	666	669	670	
6	407	367	379	723	683	695	
6	365	366	363	681	682	679	
6	373	375	372	689	691	688	
6	374	373	379	690	689	695	
6	378	377	421	694	693	737	
6	376	378	413	692	694	729	
6	381	380	386	697	696	702	
6	338	441	380	654	757	696	
6	322	400	348	638	716	664	
6	402	321	439	718	637	755	
6	405	404	437	721	720	753	
6	438	410	405	754	726	721	
6	389	388	395	705	704	711	
6	388	442	409	704	758	725	
6	442	326	409	758	642	725	
6	328	327	443	644	643	759	
6	344	346	341	660	662	657	
6	436	341	346	752	657	662	
6	355	352	356	671	668	672	
6	346	444	436	662	760	752	
6	372	371	373	688	687	689	
6	379	373	371	695	689	687	
6	421	420	378	737	736	694	
6	413	378	420	729	694	736	
6	322	321	400	638	637	716	
6	323	439	321	639	755	637	
6	412	323	404	728	639	720	
6	437	404	323	753	720	639	
6	388	409	395	704	725	711	
6	393	409	326	709	725	642	
6	444	346	353	760	662	669	
6	445	329	444	761	645	760	
6	357	356	446	673	672	762	
6	447	445	353	763	761	669	
6	350	355	353	666	671	669	
6	355	357	447	671	673	763	
6	371	413	408	687	729	724	
6	367	407	368	683	723	684	
6	419	413	420	735	729	736	
6	371	408	379	687	724	695	
6	396	397	348	712	713	664	
6	323	448	437	639	764	753	
6	441	442	388	757	758	704	
6	326	442	390	642	758	706	
6	385	441	388	701	757	704	
6	327	441	449	643	757	765	
6	442	441	390	758	757	706	
6	441	327	390	757	643	706	
6	326	328	393	642	644	709	
6	396	328	450	712	644	766	
6	450	328	443	766	644	759	
6	397	349	348	713	665	664	
6	406	451	368	722	767	684	
6	359	363	368	675	679	684	
6	366	368	363	682	684	679	
6	359	368	451	675	684	767	
6	381	340	338	697	656	654	
6	441	385	380	757	701	696	
6	448	323	322	764	639	638	
6	424	410	452	740	726	768	
6	453	322	349	769	638	665	
6	438	448	454	754	764	770	
6	448	438	437	764	754	753	
6	454	452	438	770	768	754	
6	446	361	362	762	677	678	
6	355	447	353	671	763	669	
6	353	445	444	669	761	760	
6	329	445	330	645	761	646	
6	416	420	414	732	736	730	
6	418	440	419	734	756	735	
6	419	408	413	735	724	729	
6	406	408	440	722	724	756	
6	360	359	451	676	675	767	
6	362	357	446	678	673	762	
6	340	335	337	656	651	653	
6	441	338	449	757	654	765	
6	444	329	436	760	645	752	
6	332	436	329	648	752	645	
6	398	454	349	714	770	665	
6	322	453	448	638	769	764	
6	349	454	453	665	770	769	
6	454	448	453	770	764	769	
6	408	407	379	724	723	695	
6	406	368	407	722	684	723	
6	317	455	319	633	771	635	
6	339	336	319	655	652	635	
6	325	324	332	641	640	648	
6	330	333	325	646	649	641	
6	415	431	434	731	747	750	
6	419	416	418	735	732	734	
6	410	423	429	726	739	745	
6	452	426	424	768	742	740	
6	428	430	425	744	746	741	
6	426	435	427	742	751	743	
6	456	457	443	772	773	759	
6	457	398	397	773	714	713	
6	452	410	438	768	726	754	
6	423	410	424	739	726	740	
6	359	358	362	675	674	678	
6	364	458	447	680	774	763	
6	364	447	357	680	763	673	
6	445	447	458	761	763	774	
6	335	347	336	651	663	652	
6	339	449	338	655	765	654	
6	432	434	431	748	750	747	
6	417	416	434	733	732	750	
6	426	428	424	742	744	740	
6	427	430	428	743	746	744	
6	457	397	450	773	713	766	
6	396	450	397	712	766	713	
6	362	358	364	678	674	680	
6	358	458	364	674	774	680	
6	347	319	336	663	635	652	
6	339	319	455	655	635	771	
6	427	432	431	743	748	747	
6	433	432	435	749	748	751	
6	337	336	339	653	652	655	
6	449	339	455	765	655	771	
6	443	457	450	759	773	766	
6	398	457	456	714	773	772	
6	325	318	320	641	634	636	
6	316	318	333	632	634	649	
6	459	460	461	775	776	777	
6	340	462	463	656	778	779	
6	464	465	466	780	781	782	
6	459	467	468	775	783	784	
6	469	470	471	785	786	787	
6	472	473	474	788	789	790	
6	475	476	477	791	792	793	
6	478	479	470	794	795	786	
6	480	481	482	796	797	798	
6	483	484	485	799	800	801	
6	486	487	488	802	803	804	
6	475	483	485	791	799	801	
6	489	490	491	805	806	807	
6	473	492	474	789	808	790	
6	493	494	490	809	810	806	
6	495	496	497	811	812	813	
6	498	491	499	814	807	815	
6	500	501	477	816	817	793	
6	502	503	504	818	819	820	
6	505	499	506	821	815	822	
6	506	501	507	822	817	823	
6	501	490	494	817	806	810	
6	467	508	509	783	824	825	
6	502	510	511	818	826	827	
6	512	477	476	828	793	792	
6	489	496	493	805	812	809	
6	513	514	512	829	830	828	
6	515	516	517	831	832	833	
6	518	519	520	834	835	836	
6	512	514	521	828	830	837	
6	522	523	524	838	839	840	
6	525	526	527	841	842	843	
6	528	529	530	844	845	846	
6	531	532	533	847	848	849	
6	534	535	536	850	851	852	
6	537	532	531	853	848	847	
6	479	538	539	795	854	855	
6	512	521	540	828	837	856	
6	541	542	543	857	858	859	
6	541	512	540	857	828	856	
6	544	545	546	860	861	862	
6	543	547	541	859	863	857	
6	542	548	544	858	864	860	
6	547	510	507	863	826	823	
6	549	550	551	865	866	867	
6	552	553	423	868	869	739	
6	554	555	556	870	871	872	
6	552	557	549	868	873	865	
6	558	559	560	874	875	876	
6	558	545	548	874	861	864	
6	521	551	550	837	867	866	
6	561	562	365	877	878	681	
6	563	564	529	879	880	845	
6	500	541	501	816	857	817	
6	565	463	472	881	779	788	
6	566	505	567	882	821	883	
6	485	478	568	801	794	884	
6	461	465	569	777	781	885	
6	570	571	479	886	887	795	
6	460	459	344	776	775	660	
6	334	572	460	650	888	776	
6	469	573	574	785	889	890	
6	573	481	575	889	797	891	
6	513	512	476	829	828	792	
6	576	492	577	892	808	893	
6	513	574	573	829	890	889	
6	517	520	531	833	836	847	
6	516	480	578	832	796	894	
6	477	509	508	793	825	824	
6	475	477	508	791	793	824	
6	477	501	494	793	817	810	
6	356	579	446	672	895	762	
6	509	477	494	825	793	810	
6	501	506	499	817	822	815	
6	490	501	499	806	817	815	
6	512	541	500	828	857	816	
6	477	512	500	793	828	816	
6	541	547	507	857	863	823	
6	504	505	506	820	821	822	
6	501	541	507	817	857	823	
6	503	375	580	819	691	896	
6	503	502	370	819	818	686	
6	497	352	351	813	668	667	
6	492	465	577	808	781	893	
6	533	521	514	849	837	830	
6	515	514	513	831	830	829	
6	528	532	536	844	848	852	
6	537	520	519	853	836	835	
6	521	533	530	837	849	846	
6	527	581	518	843	897	834	
6	551	521	530	867	837	846	
6	387	582	583	703	898	899	
6	584	585	586	900	901	902	
6	587	588	525	903	904	841	
6	542	541	540	858	857	856	
6	521	542	540	837	858	856	
6	589	543	544	905	859	860	
6	542	544	543	858	860	859	
6	559	548	557	875	864	873	
6	414	590	415	730	906	731	
6	542	557	548	858	873	864	
6	542	521	550	858	837	866	
6	557	542	550	873	858	866	
6	560	591	592	876	907	908	
6	563	528	593	879	844	909	
6	594	595	524	910	911	840	
6	563	595	594	879	911	910	
6	596	565	472	912	881	788	
6	470	482	471	786	798	787	
6	555	422	421	871	738	737	
6	589	546	554	905	862	870	
6	461	569	467	777	885	783	
6	466	492	473	782	808	789	
6	508	467	569	824	783	885	
6	468	467	509	784	783	825	
6	459	461	467	775	777	783	
6	465	461	577	781	777	893	
6	493	468	509	809	784	825	
6	468	496	597	784	812	913	
6	474	492	576	790	808	892	
6	466	473	570	782	789	886	
6	572	576	577	888	892	893	
6	598	474	576	914	790	892	
6	599	474	598	915	790	914	
6	598	576	331	914	892	647	
6	596	474	599	912	790	915	
6	494	493	509	810	809	825	
6	489	493	490	805	809	806	
6	597	459	468	913	775	784	
6	597	344	459	913	660	775	
6	468	493	496	784	809	812	
6	460	344	343	776	660	659	
6	572	334	331	888	650	647	
6	577	461	460	893	777	776	
6	490	499	491	806	815	807	
6	600	496	489	916	812	805	
6	491	498	601	807	814	917	
6	602	352	600	918	668	916	
6	572	331	576	888	647	892	
6	495	345	597	811	661	913	
6	597	345	344	913	661	660	
6	460	343	334	776	659	650	
6	460	572	577	776	888	893	
6	489	491	600	805	807	916	
6	602	600	491	918	916	807	
6	598	331	324	914	647	640	
6	473	472	571	789	788	887	
6	479	603	570	795	919	886	
6	498	505	566	814	821	882	
6	602	579	356	918	895	672	
6	320	604	324	636	920	640	
6	565	596	335	881	912	651	
6	604	598	324	920	914	640	
6	347	599	604	663	915	920	
6	347	335	596	663	651	912	
6	347	604	320	663	920	636	
6	599	598	604	915	914	920	
6	602	491	601	918	807	917	
6	352	602	356	668	918	672	
6	462	340	381	778	656	697	
6	538	472	463	854	788	779	
6	539	605	470	855	921	786	
6	474	596	472	790	912	788	
6	347	596	599	663	912	915	
6	335	340	565	651	656	881	
6	463	565	340	779	881	656	
6	605	462	588	921	778	904	
6	588	381	526	904	697	842	
6	463	462	605	779	778	921	
6	462	381	588	778	697	904	
6	504	506	510	820	822	826	
6	606	567	580	922	883	896	
6	507	510	506	823	826	822	
6	511	510	547	827	826	863	
6	502	504	510	818	820	826	
6	505	504	567	821	820	883	
6	589	511	547	905	827	863	
6	511	554	607	827	870	923	
6	566	606	601	882	922	917	
6	499	505	498	815	821	814	
6	498	566	601	814	882	917	
6	602	601	579	918	917	895	
6	562	601	606	878	917	922	
6	566	567	606	882	883	922	
6	562	369	365	878	685	681	
6	543	589	547	859	905	863	
6	546	589	544	862	905	860	
6	607	502	511	923	818	827	
6	607	370	502	923	686	818	
6	511	589	554	827	905	870	
6	503	370	372	819	686	688	
6	580	375	399	896	691	715	
6	567	504	503	883	820	819	
6	606	369	562	922	685	878	
6	562	561	579	878	877	895	
6	544	548	545	860	864	861	
6	608	554	546	924	870	862	
6	545	558	592	861	874	908	
6	609	422	608	925	738	924	
6	580	399	606	896	715	922	
6	556	377	607	872	693	923	
6	607	377	370	923	693	686	
6	503	372	375	819	688	691	
6	503	580	567	819	896	883	
6	546	545	608	862	861	924	
6	609	608	545	925	924	861	
6	561	365	361	877	681	677	
6	564	553	549	880	869	865	
6	590	610	415	906	926	731	
6	562	579	601	878	895	917	
6	361	446	561	677	762	877	
6	579	561	446	895	877	762	
6	609	545	592	925	861	908	
6	422	609	414	738	925	730	
6	578	480	611	894	796	927	
6	606	399	369	922	715	685	
6	612	613	614	928	929	930	
6	615	586	486	931	902	802	
6	524	584	616	840	900	932	
6	583	527	526	899	843	842	
6	526	381	386	842	697	702	
6	525	617	587	841	933	903	
6	583	526	386	899	842	702	
6	525	588	526	841	904	842	
6	582	387	389	898	703	705	
6	583	618	527	899	934	843	
6	581	527	618	897	843	934	
6	611	527	518	927	843	834	
6	614	581	618	930	897	934	
6	534	519	613	850	835	929	
6	619	620	488	935	936	804	
6	620	619	621	936	935	937	
6	518	581	519	834	897	835	
6	581	614	613	897	930	929	
6	537	531	520	853	847	836	
6	517	531	533	833	847	849	
6	537	536	532	853	852	848	
6	517	578	520	833	894	836	
6	516	481	480	832	797	796	
6	518	520	578	834	836	894	
6	528	530	532	844	846	848	
6	533	532	530	849	848	846	
6	515	517	533	831	833	849	
6	516	578	517	832	894	833	
6	482	617	480	798	933	796	
6	617	611	480	933	927	796	
6	537	534	536	853	850	852	
6	585	593	535	901	909	851	
6	514	515	533	830	831	849	
6	575	515	513	891	831	829	
6	516	575	481	832	891	797	
6	471	481	573	787	797	889	
6	605	617	482	921	933	798	
6	611	617	525	927	933	841	
6	519	534	537	835	850	853	
6	536	535	593	852	851	909	
6	524	595	584	840	911	900	
6	528	536	593	844	852	909	
6	515	575	516	831	891	832	
6	573	575	513	889	891	829	
6	469	478	470	785	794	786	
6	482	481	471	798	797	787	
6	617	605	587	933	921	903	
6	605	588	587	921	904	903	
6	527	611	525	843	927	841	
6	611	518	578	927	834	894	
6	534	622	535	850	938	851	
6	593	585	595	909	901	911	
6	622	487	535	938	803	851	
6	585	535	487	901	851	803	
6	488	620	486	804	936	802	
6	585	487	586	901	803	902	
6	618	623	614	934	939	930	
6	621	624	620	937	940	936	
6	615	486	624	931	802	940	
6	585	584	595	901	900	911	
6	486	586	487	802	902	803	
6	586	615	584	902	931	900	
6	488	487	622	804	803	938	
6	486	620	624	802	936	940	
6	615	616	584	931	932	900	
6	522	616	412	838	932	728	
6	622	612	488	938	928	804	
6	488	612	619	804	928	935	
6	613	612	622	929	928	938	
6	612	614	619	928	930	935	
6	534	613	622	850	929	938	
6	613	519	581	929	835	897	
6	623	619	614	939	935	930	
6	625	623	582	941	939	898	
6	625	619	623	941	935	939	
6	616	439	412	932	755	728	
6	615	624	626	931	940	942	
6	583	582	618	899	898	934	
6	529	564	551	845	880	867	
6	411	429	627	727	745	943	
6	618	582	623	934	898	939	
6	394	582	389	710	898	705	
6	382	628	391	698	944	707	
6	626	624	621	942	940	937	
6	621	628	626	937	944	942	
6	615	626	629	931	942	945	
6	553	429	423	869	745	739	
6	619	625	621	935	941	937	
6	582	394	625	898	710	941	
6	402	630	401	718	946	717	
6	628	621	625	944	937	941	
6	630	402	629	946	718	945	
6	594	523	411	910	839	727	
6	616	522	524	932	838	840	
6	595	563	593	911	879	909	
6	630	626	628	946	942	944	
6	402	439	629	718	755	945	
6	412	403	522	728	719	838	
6	523	522	403	839	838	719	
6	411	523	403	727	839	719	
6	594	524	523	910	840	839	
6	513	476	574	829	792	890	
6	471	573	469	787	889	785	
6	539	470	479	855	786	795	
6	482	470	605	798	786	921	
6	476	475	574	792	791	890	
6	629	626	630	945	942	946	
6	382	384	401	698	700	717	
6	628	401	630	944	717	946	
6	574	475	568	890	791	884	
6	439	616	629	755	932	945	
6	615	629	616	931	945	932	
6	594	411	627	910	727	943	
6	583	386	387	899	702	703	
6	563	627	564	879	943	880	
6	469	568	478	785	884	794	
6	603	478	485	919	794	801	
6	574	568	469	890	884	785	
6	485	568	475	801	884	791	
6	603	484	570	919	800	886	
6	479	478	603	795	794	919	
6	475	508	483	791	824	799	
6	603	485	484	919	801	800	
6	466	570	484	782	886	800	
6	473	571	570	789	887	886	
6	508	569	483	824	885	799	
6	483	569	464	799	885	780	
6	464	466	484	780	782	800	
6	492	466	465	808	782	781	
6	483	464	484	799	780	800	
6	465	464	569	781	780	885	
6	538	479	571	854	795	887	
6	463	605	539	779	921	855	
6	391	628	394	707	944	710	
6	394	628	625	710	944	941	
6	472	538	571	788	854	887	
6	628	382	401	944	698	717	
6	463	539	538	779	855	854	
6	563	594	627	879	910	943	
6	530	529	551	846	845	867	
6	528	563	529	844	879	845	
6	423	631	552	739	947	868	
6	631	560	552	947	876	868	
6	550	549	557	866	865	873	
6	564	549	551	880	865	867	
6	553	627	429	869	943	745	
6	548	559	558	864	875	874	
6	627	553	564	943	869	880	
6	549	553	552	865	869	868	
6	423	425	631	739	741	947	
6	631	425	560	947	741	876	
6	610	430	431	926	746	747	
6	591	610	590	907	926	906	
6	557	552	559	873	868	875	
6	560	559	552	876	875	868	
6	558	560	592	874	876	908	
6	425	430	591	741	746	907	
6	560	425	591	876	741	907	
6	609	592	590	925	908	906	
6	430	610	591	746	926	907	
6	590	414	609	906	730	925	
6	431	415	610	747	731	926	
6	591	590	592	907	906	908	
6	495	497	351	811	813	667	
6	352	497	600	668	813	916	
6	496	600	497	812	916	813	
6	345	495	351	661	811	667	
6	496	495	597	812	811	913	
6	556	555	421	872	871	737	
6	422	555	608	738	871	924	
6	554	608	555	870	924	871	
6	377	556	421	693	872	737	
6	554	556	607	870	872	923	
6	632	633	634	948	949	950	
6	635	634	633	951	950	949	
6	635	636	634	951	952	950	
6	637	638	639	953	954	955	
6	636	640	641	952	956	957	
6	642	643	644	958	959	960	
6	645	646	641	961	962	957	
6	647	648	640	963	964	956	
6	634	641	649	950	957	965	
6	650	648	647	966	964	963	
6	651	652	653	967	968	969	
6	654	653	655	970	969	971	
6	656	653	654	972	969	970	
6	657	658	659	973	974	975	
6	660	661	662	976	977	978	
6	650	658	648	966	974	964	
6	636	635	663	952	951	979	
6	638	664	665	954	980	981	
6	666	667	668	982	983	984	
6	669	662	670	985	978	986	
6	670	662	661	986	978	977	
6	671	666	668	987	982	984	
6	672	673	671	988	989	987	
6	645	641	648	961	957	964	
6	674	675	676	990	991	992	
6	677	675	678	993	991	994	
6	677	679	675	993	995	991	
6	678	680	673	994	996	989	
6	658	650	659	974	966	975	
6	679	677	681	995	993	997	
6	682	683	684	998	999	1000	
6	683	682	685	999	998	1001	
6	686	687	688	1002	1003	1004	
6	689	690	691	1005	1006	1007	
6	692	686	693	1008	1002	1009	
6	694	692	693	1010	1008	1009	
6	683	690	695	999	1006	1011	
6	670	661	667	986	977	983	
6	682	681	685	998	997	1001	
6	654	696	697	970	1012	1013	
6	698	699	700	1014	1015	1016	
6	696	701	702	1012	1017	1018	
6	703	704	705	1019	1020	1021	
6	704	703	701	1020	1019	1017	
6	643	642	706	959	958	1022	
6	707	708	709	1023	1024	1025	
6	708	707	710	1024	1023	1026	
6	711	708	710	1027	1024	1026	
6	709	698	707	1025	1014	1023	
6	700	712	664	1016	1028	980	
6	698	709	699	1014	1025	1015	
6	713	714	665	1029	1030	981	
6	690	683	715	1006	999	1031	
6	701	703	702	1017	1019	1018	
6	699	712	700	1015	1028	1016	
6	664	716	717	980	1032	1033	
6	718	716	637	1034	1032	953	
6	717	716	718	1033	1032	1034	
6	719	720	721	1035	1036	1037	
6	700	664	717	1016	980	1033	
6	722	723	724	1038	1039	1040	
6	725	709	708	1041	1025	1024	
6	721	726	727	1037	1042	1043	
6	720	719	728	1036	1035	1044	
6	687	692	729	1003	1008	1045	
6	730	731	732	1046	1047	1048	
6	732	733	734	1048	1049	1050	
6	732	735	736	1048	1051	1052	
6	737	738	736	1053	1054	1052	
6	692	687	686	1008	1003	1002	
6	739	740	741	1055	1056	1057	
6	742	743	744	1058	1059	1060	
6	745	727	726	1061	1043	1042	
6	744	741	740	1060	1057	1056	
6	746	743	747	1062	1059	1063	
6	748	749	733	1064	1065	1049	
6	733	750	748	1049	1066	1064	
6	685	715	683	1001	1031	999	
6	751	748	743	1067	1064	1059	
6	732	731	750	1048	1047	1066	
6	690	715	691	1006	1031	1007	
6	727	719	721	1043	1035	1037	
6	658	752	648	974	1068	964	
6	753	754	721	1069	1070	1037	
6	728	755	639	1044	1071	955	
6	730	736	738	1046	1052	1054	
6	724	735	756	1040	1051	1072	
6	711	710	705	1027	1026	1021	
6	708	711	725	1024	1027	1041	
6	709	644	699	1025	960	1015	
6	644	712	699	960	1028	1015	
6	657	659	660	973	975	976	
6	658	657	752	974	973	1068	
6	666	670	667	982	986	983	
6	666	669	670	982	985	986	
6	723	683	695	1039	999	1011	
6	681	682	679	997	998	995	
6	689	691	688	1005	1007	1004	
6	690	689	695	1006	1005	1011	
6	694	693	737	1010	1009	1053	
6	692	694	729	1008	1010	1045	
6	697	696	702	1013	1012	1018	
6	654	757	696	970	1073	1012	
6	638	716	664	954	1032	980	
6	718	637	755	1034	953	1071	
6	721	720	753	1037	1036	1069	
6	754	726	721	1070	1042	1037	
6	705	704	711	1021	1020	1027	
6	704	758	725	1020	1074	1041	
6	758	642	725	1074	958	1041	
6	644	643	759	960	959	1075	
6	660	662	657	976	978	973	
6	752	657	662	1068	973	978	
6	671	668	672	987	984	988	
6	662	760	752	978	1076	1068	
6	688	687	689	1004	1003	1005	
6	695	689	687	1011	1005	1003	
6	737	736	694	1053	1052	1010	
6	729	694	736	1045	1010	1052	
6	638	637	716	954	953	1032	
6	639	755	637	955	1071	953	
6	728	639	720	1044	955	1036	
6	753	720	639	1069	1036	955	
6	704	725	711	1020	1041	1027	
6	709	725	642	1025	1041	958	
6	760	662	669	1076	978	985	
6	761	645	760	1077	961	1076	
6	673	672	762	989	988	1078	
6	763	761	669	1079	1077	985	
6	666	671	669	982	987	985	
6	671	673	763	987	989	1079	
6	687	729	724	1003	1045	1040	
6	683	723	684	999	1039	1000	
6	735	729	736	1051	1045	1052	
6	687	724	695	1003	1040	1011	
6	712	713	664	1028	1029	980	
6	639	764	753	955	1080	1069	
6	757	758	704	1073	1074	1020	
6	642	758	706	958	1074	1022	
6	701	757	704	1017	1073	1020	
6	643	757	765	959	1073	1081	
6	758	757	706	1074	1073	1022	
6	757	643	706	1073	959	1022	
6	642	644	709	958	960	1025	
6	712	644	766	1028	960	1082	
6	766	644	759	1082	960	1075	
6	713	665	664	1029	981	980	
6	722	767	684	1038	1083	1000	
6	675	679	684	991	995	1000	
6	682	684	679	998	1000	995	
6	675	684	767	991	1000	1083	
6	697	656	654	1013	972	970	
6	757	701	696	1073	1017	1012	
6	764	639	638	1080	955	954	
6	740	726	768	1056	1042	1084	
6	769	638	665	1085	954	981	
6	754	764	770	1070	1080	1086	
6	764	754	753	1080	1070	1069	
6	770	768	754	1086	1084	1070	
6	762	677	678	1078	993	994	
6	671	763	669	987	1079	985	
6	669	761	760	985	1077	1076	
6	645	761	646	961	1077	962	
6	732	736	730	1048	1052	1046	
6	734	756	735	1050	1072	1051	
6	735	724	729	1051	1040	1045	
6	722	724	756	1038	1040	1072	
6	676	675	767	992	991	1083	
6	678	673	762	994	989	1078	
6	656	651	653	972	967	969	
6	757	654	765	1073	970	1081	
6	760	645	752	1076	961	1068	
6	648	752	645	964	1068	961	
6	714	770	665	1030	1086	981	
6	638	769	764	954	1085	1080	
6	665	770	769	981	1086	1085	
6	770	764	769	1086	1080	1085	
6	724	723	695	1040	1039	1011	
6	722	684	723	1038	1000	1039	
6	633	771	635	949	1087	951	
6	655	652	635	971	968	951	
6	641	640	648	957	956	964	
6	646	649	641	962	965	957	
6	731	747	750	1047	1063	1066	
6	735	732	734	1051	1048	1050	
6	726	739	745	1042	1055	1061	
6	768	742	740	1084	1058	1056	
6	744	746	741	1060	1062	1057	
6	742	751	743	1058	1067	1059	
6	772	773	759	1088	1089	1075	
6	773	714	713	1089	1030	1029	
6	768	726	754	1084	1042	1070	
6	739	726	740	1055	1042	1056	
6	675	674	678	991	990	994	
6	680	774	763	996	1090	1079	
6	680	763	673	996	1079	989	
6	761	763	774	1077	1079	1090	
6	651	663	652	967	979	968	
6	655	765	654	971	1081	970	
6	748	750	747	1064	1066	1063	
6	733	732	750	1049	1048	1066	
6	742	744	740	1058	1060	1056	
6	743	746	744	1059	1062	1060	
6	773	713	766	1089	1029	1082	
6	712	766	713	1028	1082	1029	
6	678	674	680	994	990	996	
6	674	774	680	990	1090	996	
6	663	635	652	979	951	968	
6	655	635	771	971	951	1087	
6	743	748	747	1059	1064	1063	
6	749	748	751	1065	1064	1067	
6	653	652	655	969	968	971	
6	765	655	771	1081	971	1087	
6	759	773	766	1075	1089	1082	
6	714	773	772	1030	1089	1088	
6	641	634	636	957	950	952	
6	632	634	649	948	950	965	
6	775	776	777	1091	1092	1093	
6	656	778	779	972	1094	1095	
6	780	781	782	1096	1097	1098	
6	775	783	784	1091	1099	1100	
6	785	786	787	1101	1102	1103	
6	788	789	790	1104	1105	1106	
6	791	792	793	1107	1108	1109	
6	794	795	786	1110	1111	1102	
6	796	797	798	1112	1113	1114	
6	799	800	801	1115	1116	1117	
6	802	803	804	1118	1119	1120	
6	791	799	801	1107	1115	1117	
6	805	806	807	1121	1122	1123	
6	789	808	790	1105	1124	1106	
6	809	810	806	1125	1126	1122	
6	811	812	813	1127	1128	1129	
6	814	807	815	1130	1123	1131	
6	816	817	793	1132	1133	1109	
6	818	819	820	1134	1135	1136	
6	821	815	822	1137	1131	1138	
6	822	817	823	1138	1133	1139	
6	817	806	810	1133	1122	1126	
6	783	824	825	1099	1140	1141	
6	818	826	827	1134	1142	1143	
6	828	793	792	1144	1109	1108	
6	805	812	809	1121	1128	1125	
6	829	830	828	1145	1146	1144	
6	831	832	833	1147	1148	1149	
6	834	835	836	1150	1151	1152	
6	828	830	837	1144	1146	1153	
6	838	839	840	1154	1155	1156	
6	841	842	843	1157	1158	1159	
6	844	845	846	1160	1161	1162	
6	847	848	849	1163	1164	1165	
6	850	851	852	1166	1167	1168	
6	853	848	847	1169	1164	1163	
6	795	854	855	1111	1170	1171	
6	828	837	856	1144	1153	1172	
6	857	858	859	1173	1174	1175	
6	857	828	856	1173	1144	1172	
6	860	861	862	1176	1177	1178	
6	859	863	857	1175	1179	1173	
6	858	864	860	1174	1180	1176	
6	863	826	823	1179	1142	1139	
6	865	866	867	1181	1182	1183	
6	868	869	739	1184	1185	1055	
6	870	871	872	1186	1187	1188	
6	868	873	865	1184	1189	1181	
6	874	875	876	1190	1191	1192	
6	874	861	864	1190	1177	1180	
6	837	867	866	1153	1183	1182	
6	877	878	681	1193	1194	997	
6	879	880	845	1195	1196	1161	
6	816	857	817	1132	1173	1133	
6	881	779	788	1197	1095	1104	
6	882	821	883	1198	1137	1199	
6	801	794	884	1117	1110	1200	
6	777	781	885	1093	1097	1201	
6	886	887	795	1202	1203	1111	
6	776	775	660	1092	1091	976	
6	650	888	776	966	1204	1092	
6	785	889	890	1101	1205	1206	
6	889	797	891	1205	1113	1207	
6	829	828	792	1145	1144	1108	
6	892	808	893	1208	1124	1209	
6	829	890	889	1145	1206	1205	
6	833	836	847	1149	1152	1163	
6	832	796	894	1148	1112	1210	
6	793	825	824	1109	1141	1140	
6	791	793	824	1107	1109	1140	
6	793	817	810	1109	1133	1126	
6	672	895	762	988	1211	1078	
6	825	793	810	1141	1109	1126	
6	817	822	815	1133	1138	1131	
6	806	817	815	1122	1133	1131	
6	828	857	816	1144	1173	1132	
6	793	828	816	1109	1144	1132	
6	857	863	823	1173	1179	1139	
6	820	821	822	1136	1137	1138	
6	817	857	823	1133	1173	1139	
6	819	691	896	1135	1007	1212	
6	819	818	686	1135	1134	1002	
6	813	668	667	1129	984	983	
6	808	781	893	1124	1097	1209	
6	849	837	830	1165	1153	1146	
6	831	830	829	1147	1146	1145	
6	844	848	852	1160	1164	1168	
6	853	836	835	1169	1152	1151	
6	837	849	846	1153	1165	1162	
6	843	897	834	1159	1213	1150	
6	867	837	846	1183	1153	1162	
6	703	898	899	1019	1214	1215	
6	900	901	902	1216	1217	1218	
6	903	904	841	1219	1220	1157	
6	858	857	856	1174	1173	1172	
6	837	858	856	1153	1174	1172	
6	905	859	860	1221	1175	1176	
6	858	860	859	1174	1176	1175	
6	875	864	873	1191	1180	1189	
6	730	906	731	1046	1222	1047	
6	858	873	864	1174	1189	1180	
6	858	837	866	1174	1153	1182	
6	873	858	866	1189	1174	1182	
6	876	907	908	1192	1223	1224	
6	879	844	909	1195	1160	1225	
6	910	911	840	1226	1227	1156	
6	879	911	910	1195	1227	1226	
6	912	881	788	1228	1197	1104	
6	786	798	787	1102	1114	1103	
6	871	738	737	1187	1054	1053	
6	905	862	870	1221	1178	1186	
6	777	885	783	1093	1201	1099	
6	782	808	789	1098	1124	1105	
6	824	783	885	1140	1099	1201	
6	784	783	825	1100	1099	1141	
6	775	777	783	1091	1093	1099	
6	781	777	893	1097	1093	1209	
6	809	784	825	1125	1100	1141	
6	784	812	913	1100	1128	1229	
6	790	808	892	1106	1124	1208	
6	782	789	886	1098	1105	1202	
6	888	892	893	1204	1208	1209	
6	914	790	892	1230	1106	1208	
6	915	790	914	1231	1106	1230	
6	914	892	647	1230	1208	963	
6	912	790	915	1228	1106	1231	
6	810	809	825	1126	1125	1141	
6	805	809	806	1121	1125	1122	
6	913	775	784	1229	1091	1100	
6	913	660	775	1229	976	1091	
6	784	809	812	1100	1125	1128	
6	776	660	659	1092	976	975	
6	888	650	647	1204	966	963	
6	893	777	776	1209	1093	1092	
6	806	815	807	1122	1131	1123	
6	916	812	805	1232	1128	1121	
6	807	814	917	1123	1130	1233	
6	918	668	916	1234	984	1232	
6	888	647	892	1204	963	1208	
6	811	661	913	1127	977	1229	
6	913	661	660	1229	977	976	
6	776	659	650	1092	975	966	
6	776	888	893	1092	1204	1209	
6	805	807	916	1121	1123	1232	
6	918	916	807	1234	1232	1123	
6	914	647	640	1230	963	956	
6	789	788	887	1105	1104	1203	
6	795	919	886	1111	1235	1202	
6	814	821	882	1130	1137	1198	
6	918	895	672	1234	1211	988	
6	636	920	640	952	1236	956	
6	881	912	651	1197	1228	967	
6	920	914	640	1236	1230	956	
6	663	915	920	979	1231	1236	
6	663	651	912	979	967	1228	
6	663	920	636	979	1236	952	
6	915	914	920	1231	1230	1236	
6	918	807	917	1234	1123	1233	
6	668	918	672	984	1234	988	
6	778	656	697	1094	972	1013	
6	854	788	779	1170	1104	1095	
6	855	921	786	1171	1237	1102	
6	790	912	788	1106	1228	1104	
6	663	912	915	979	1228	1231	
6	651	656	881	967	972	1197	
6	779	881	656	1095	1197	972	
6	921	778	904	1237	1094	1220	
6	904	697	842	1220	1013	1158	
6	779	778	921	1095	1094	1237	
6	778	697	904	1094	1013	1220	
6	820	822	826	1136	1138	1142	
6	922	883	896	1238	1199	1212	
6	823	826	822	1139	1142	1138	
6	827	826	863	1143	1142	1179	
6	818	820	826	1134	1136	1142	
6	821	820	883	1137	1136	1199	
6	905	827	863	1221	1143	1179	
6	827	870	923	1143	1186	1239	
6	882	922	917	1198	1238	1233	
6	815	821	814	1131	1137	1130	
6	814	882	917	1130	1198	1233	
6	918	917	895	1234	1233	1211	
6	878	917	922	1194	1233	1238	
6	882	883	922	1198	1199	1238	
6	878	685	681	1194	1001	997	
6	859	905	863	1175	1221	1179	
6	862	905	860	1178	1221	1176	
6	923	818	827	1239	1134	1143	
6	923	686	818	1239	1002	1134	
6	827	905	870	1143	1221	1186	
6	819	686	688	1135	1002	1004	
6	896	691	715	1212	1007	1031	
6	883	820	819	1199	1136	1135	
6	922	685	878	1238	1001	1194	
6	878	877	895	1194	1193	1211	
6	860	864	861	1176	1180	1177	
6	924	870	862	1240	1186	1178	
6	861	874	908	1177	1190	1224	
6	925	738	924	1241	1054	1240	
6	896	715	922	1212	1031	1238	
6	872	693	923	1188	1009	1239	
6	923	693	686	1239	1009	1002	
6	819	688	691	1135	1004	1007	
6	819	896	883	1135	1212	1199	
6	862	861	924	1178	1177	1240	
6	925	924	861	1241	1240	1177	
6	877	681	677	1193	997	993	
6	880	869	865	1196	1185	1181	
6	906	926	731	1222	1242	1047	
6	878	895	917	1194	1211	1233	
6	677	762	877	993	1078	1193	
6	895	877	762	1211	1193	1078	
6	925	861	908	1241	1177	1224	
6	738	925	730	1054	1241	1046	
6	894	796	927	1210	1112	1243	
6	922	715	685	1238	1031	1001	
6	928	929	930	1244	1245	1246	
6	931	902	802	1247	1218	1118	
6	840	900	932	1156	1216	1248	
6	899	843	842	1215	1159	1158	
6	842	697	702	1158	1013	1018	
6	841	933	903	1157	1249	1219	
6	899	842	702	1215	1158	1018	
6	841	904	842	1157	1220	1158	
6	898	703	705	1214	1019	1021	
6	899	934	843	1215	1250	1159	
6	897	843	934	1213	1159	1250	
6	927	843	834	1243	1159	1150	
6	930	897	934	1246	1213	1250	
6	850	835	929	1166	1151	1245	
6	935	936	804	1251	1252	1120	
6	936	935	937	1252	1251	1253	
6	834	897	835	1150	1213	1151	
6	897	930	929	1213	1246	1245	
6	853	847	836	1169	1163	1152	
6	833	847	849	1149	1163	1165	
6	853	852	848	1169	1168	1164	
6	833	894	836	1149	1210	1152	
6	832	797	796	1148	1113	1112	
6	834	836	894	1150	1152	1210	
6	844	846	848	1160	1162	1164	
6	849	848	846	1165	1164	1162	
6	831	833	849	1147	1149	1165	
6	832	894	833	1148	1210	1149	
6	798	933	796	1114	1249	1112	
6	933	927	796	1249	1243	1112	
6	853	850	852	1169	1166	1168	
6	901	909	851	1217	1225	1167	
6	830	831	849	1146	1147	1165	
6	891	831	829	1207	1147	1145	
6	832	891	797	1148	1207	1113	
6	787	797	889	1103	1113	1205	
6	921	933	798	1237	1249	1114	
6	927	933	841	1243	1249	1157	
6	835	850	853	1151	1166	1169	
6	852	851	909	1168	1167	1225	
6	840	911	900	1156	1227	1216	
6	844	852	909	1160	1168	1225	
6	831	891	832	1147	1207	1148	
6	889	891	829	1205	1207	1145	
6	785	794	786	1101	1110	1102	
6	798	797	787	1114	1113	1103	
6	933	921	903	1249	1237	1219	
6	921	904	903	1237	1220	1219	
6	843	927	841	1159	1243	1157	
6	927	834	894	1243	1150	1210	
6	850	938	851	1166	1254	1167	
6	909	901	911	1225	1217	1227	
6	938	803	851	1254	1119	1167	
6	901	851	803	1217	1167	1119	
6	804	936	802	1120	1252	1118	
6	901	803	902	1217	1119	1218	
6	934	939	930	1250	1255	1246	
6	937	940	936	1253	1256	1252	
6	931	802	940	1247	1118	1256	
6	901	900	911	1217	1216	1227	
6	802	902	803	1118	1218	1119	
6	902	931	900	1218	1247	1216	
6	804	803	938	1120	1119	1254	
6	802	936	940	1118	1252	1256	
6	931	932	900	1247	1248	1216	
6	838	932	728	1154	1248	1044	
6	938	928	804	1254	1244	1120	
6	804	928	935	1120	1244	1251	
6	929	928	938	1245	1244	1254	
6	928	930	935	1244	1246	1251	
6	850	929	938	1166	1245	1254	
6	929	835	897	1245	1151	1213	
6	939	935	930	1255	1251	1246	
6	941	939	898	1257	1255	1214	
6	941	935	939	1257	1251	1255	
6	932	755	728	1248	1071	1044	
6	931	940	942	1247	1256	1258	
6	899	898	934	1215	1214	1250	
6	845	880	867	1161	1196	1183	
6	727	745	943	1043	1061	1259	
6	934	898	939	1250	1214	1255	
6	710	898	705	1026	1214	1021	
6	698	944	707	1014	1260	1023	
6	942	940	937	1258	1256	1253	
6	937	944	942	1253	1260	1258	
6	931	942	945	1247	1258	1261	
6	869	745	739	1185	1061	1055	
6	935	941	937	1251	1257	1253	
6	898	710	941	1214	1026	1257	
6	718	946	717	1034	1262	1033	
6	944	937	941	1260	1253	1257	
6	946	718	945	1262	1034	1261	
6	910	839	727	1226	1155	1043	
6	932	838	840	1248	1154	1156	
6	911	879	909	1227	1195	1225	
6	946	942	944	1262	1258	1260	
6	718	755	945	1034	1071	1261	
6	728	719	838	1044	1035	1154	
6	839	838	719	1155	1154	1035	
6	727	839	719	1043	1155	1035	
6	910	840	839	1226	1156	1155	
6	829	792	890	1145	1108	1206	
6	787	889	785	1103	1205	1101	
6	855	786	795	1171	1102	1111	
6	798	786	921	1114	1102	1237	
6	792	791	890	1108	1107	1206	
6	945	942	946	1261	1258	1262	
6	698	700	717	1014	1016	1033	
6	944	717	946	1260	1033	1262	
6	890	791	884	1206	1107	1200	
6	755	932	945	1071	1248	1261	
6	931	945	932	1247	1261	1248	
6	910	727	943	1226	1043	1259	
6	899	702	703	1215	1018	1019	
6	879	943	880	1195	1259	1196	
6	785	884	794	1101	1200	1110	
6	919	794	801	1235	1110	1117	
6	890	884	785	1206	1200	1101	
6	801	884	791	1117	1200	1107	
6	919	800	886	1235	1116	1202	
6	795	794	919	1111	1110	1235	
6	791	824	799	1107	1140	1115	
6	919	801	800	1235	1117	1116	
6	782	886	800	1098	1202	1116	
6	789	887	886	1105	1203	1202	
6	824	885	799	1140	1201	1115	
6	799	885	780	1115	1201	1096	
6	780	782	800	1096	1098	1116	
6	808	782	781	1124	1098	1097	
6	799	780	800	1115	1096	1116	
6	781	780	885	1097	1096	1201	
6	854	795	887	1170	1111	1203	
6	779	921	855	1095	1237	1171	
6	707	944	710	1023	1260	1026	
6	710	944	941	1026	1260	1257	
6	788	854	887	1104	1170	1203	
6	944	698	717	1260	1014	1033	
6	779	855	854	1095	1171	1170	
6	879	910	943	1195	1226	1259	
6	846	845	867	1162	1161	1183	
6	844	879	845	1160	1195	1161	
6	739	947	868	1055	1263	1184	
6	947	876	868	1263	1192	1184	
6	866	865	873	1182	1181	1189	
6	880	865	867	1196	1181	1183	
6	869	943	745	1185	1259	1061	
6	864	875	874	1180	1191	1190	
6	943	869	880	1259	1185	1196	
6	865	869	868	1181	1185	1184	
6	739	741	947	1055	1057	1263	
6	947	741	876	1263	1057	1192	
6	926	746	747	1242	1062	1063	
6	907	926	906	1223	1242	1222	
6	873	868	875	1189	1184	1191	
6	876	875	868	1192	1191	1184	
6	874	876	908	1190	1192	1224	
6	741	746	907	1057	1062	1223	
6	876	741	907	1192	1057	1223	
6	925	908	906	1241	1224	1222	
6	746	926	907	1062	1242	1223	
6	906	730	925	1222	1046	1241	
6	747	731	926	1063	1047	1242	
6	907	906	908	1223	1222	1224	
6	811	813	667	1127	1129	983	
6	668	813	916	984	1129	1232	
6	812	916	813	1128	1232	1129	
6	661	811	667	977	1127	983	
6	812	811	913	1128	1127	1229	
6	872	871	737	1188	1187	1053	
6	738	871	924	1054	1187	1240	
6	870	924	871	1186	1240	1187	
6	693	872	737	1009	1188	1053	
6	870	872	923	1186	1188	1239	
6	948	949	950	1264	1265	1266	
6	951	950	949	1267	1266	1265	
6	951	952	950	1267	1268	1266	
6	953	954	955	1269	1270	1271	
6	952	956	957	1268	1272	1273	
6	958	959	960	1274	1275	1276	
6	961	962	957	1277	1278	1273	
6	963	964	956	1279	1280	1272	
6	950	957	965	1266	1273	1281	
6	966	964	963	1282	1280	1279	
6	967	968	969	1283	1284	1285	
6	970	969	971	1286	1285	1287	
6	972	969	970	1288	1285	1286	
6	973	974	975	1289	1290	1291	
6	976	977	978	1292	1293	1294	
6	966	974	964	1282	1290	1280	
6	952	951	979	1268	1267	1295	
6	954	980	981	1270	1296	1297	
6	982	983	984	1298	1299	1300	
6	985	978	986	1301	1294	1302	
6	986	978	977	1302	1294	1293	
6	987	982	984	1303	1298	1300	
6	988	989	987	1304	1305	1303	
6	961	957	964	1277	1273	1280	
6	990	991	992	1306	1307	1308	
6	993	991	994	1309	1307	1310	
6	993	995	991	1309	1311	1307	
6	994	996	989	1310	1312	1305	
6	974	966	975	1290	1282	1291	
6	995	993	997	1311	1309	1313	
6	998	999	1000	1314	1315	1316	
6	999	998	1001	1315	1314	1317	
6	1002	1003	1004	1318	1319	1320	
6	1005	1006	1007	1321	1322	1323	
6	1008	1002	1009	1324	1318	1325	
6	1010	1008	1009	1326	1324	1325	
6	999	1006	1011	1315	1322	1327	
6	986	977	983	1302	1293	1299	
6	998	997	1001	1314	1313	1317	
6	970	1012	1013	1286	1328	1329	
6	1014	1015	1016	1330	1331	1332	
6	1012	1017	1018	1328	1333	1334	
6	1019	1020	1021	1335	1336	1337	
6	1020	1019	1017	1336	1335	1333	
6	959	958	1022	1275	1274	1338	
6	1023	1024	1025	1339	1340	1341	
6	1024	1023	1026	1340	1339	1342	
6	1027	1024	1026	1343	1340	1342	
6	1025	1014	1023	1341	1330	1339	
6	1016	1028	980	1332	1344	1296	
6	1014	1025	1015	1330	1341	1331	
6	1029	1030	981	1345	1346	1297	
6	1006	999	1031	1322	1315	1347	
6	1017	1019	1018	1333	1335	1334	
6	1015	1028	1016	1331	1344	1332	
6	980	1032	1033	1296	1348	1349	
6	1034	1032	953	1350	1348	1269	
6	1033	1032	1034	1349	1348	1350	
6	1035	1036	1037	1351	1352	1353	
6	1016	980	1033	1332	1296	1349	
6	1038	1039	1040	1354	1355	1356	
6	1041	1025	1024	1357	1341	1340	
6	1037	1042	1043	1353	1358	1359	
6	1036	1035	1044	1352	1351	1360	
6	1003	1008	1045	1319	1324	1361	
6	1046	1047	1048	1362	1363	1364	
6	1048	1049	1050	1364	1365	1366	
6	1048	1051	1052	1364	1367	1368	
6	1053	1054	1052	1369	1370	1368	
6	1008	1003	1002	1324	1319	1318	
6	1055	1056	1057	1371	1372	1373	
6	1058	1059	1060	1374	1375	1376	
6	1061	1043	1042	1377	1359	1358	
6	1060	1057	1056	1376	1373	1372	
6	1062	1059	1063	1378	1375	1379	
6	1064	1065	1049	1380	1381	1365	
6	1049	1066	1064	1365	1382	1380	
6	1001	1031	999	1317	1347	1315	
6	1067	1064	1059	1383	1380	1375	
6	1048	1047	1066	1364	1363	1382	
6	1006	1031	1007	1322	1347	1323	
6	1043	1035	1037	1359	1351	1353	
6	974	1068	964	1290	1384	1280	
6	1069	1070	1037	1385	1386	1353	
6	1044	1071	955	1360	1387	1271	
6	1046	1052	1054	1362	1368	1370	
6	1040	1051	1072	1356	1367	1388	
6	1027	1026	1021	1343	1342	1337	
6	1024	1027	1041	1340	1343	1357	
6	1025	960	1015	1341	1276	1331	
6	960	1028	1015	1276	1344	1331	
6	973	975	976	1289	1291	1292	
6	974	973	1068	1290	1289	1384	
6	982	986	983	1298	1302	1299	
6	982	985	986	1298	1301	1302	
6	1039	999	1011	1355	1315	1327	
6	997	998	995	1313	1314	1311	
6	1005	1007	1004	1321	1323	1320	
6	1006	1005	1011	1322	1321	1327	
6	1010	1009	1053	1326	1325	1369	
6	1008	1010	1045	1324	1326	1361	
6	1013	1012	1018	1329	1328	1334	
6	970	1073	1012	1286	1389	1328	
6	954	1032	980	1270	1348	1296	
6	1034	953	1071	1350	1269	1387	
6	1037	1036	1069	1353	1352	1385	
6	1070	1042	1037	1386	1358	1353	
6	1021	1020	1027	1337	1336	1343	
6	1020	1074	1041	1336	1390	1357	
6	1074	958	1041	1390	1274	1357	
6	960	959	1075	1276	1275	1391	
6	976	978	973	1292	1294	1289	
6	1068	973	978	1384	1289	1294	
6	987	984	988	1303	1300	1304	
6	978	1076	1068	1294	1392	1384	
6	1004	1003	1005	1320	1319	1321	
6	1011	1005	1003	1327	1321	1319	
6	1053	1052	1010	1369	1368	1326	
6	1045	1010	1052	1361	1326	1368	
6	954	953	1032	1270	1269	1348	
6	955	1071	953	1271	1387	1269	
6	1044	955	1036	1360	1271	1352	
6	1069	1036	955	1385	1352	1271	
6	1020	1041	1027	1336	1357	1343	
6	1025	1041	958	1341	1357	1274	
6	1076	978	985	1392	1294	1301	
6	1077	961	1076	1393	1277	1392	
6	989	988	1078	1305	1304	1394	
6	1079	1077	985	1395	1393	1301	
6	982	987	985	1298	1303	1301	
6	987	989	1079	1303	1305	1395	
6	1003	1045	1040	1319	1361	1356	
6	999	1039	1000	1315	1355	1316	
6	1051	1045	1052	1367	1361	1368	
6	1003	1040	1011	1319	1356	1327	
6	1028	1029	980	1344	1345	1296	
6	955	1080	1069	1271	1396	1385	
6	1073	1074	1020	1389	1390	1336	
6	958	1074	1022	1274	1390	1338	
6	1017	1073	1020	1333	1389	1336	
6	959	1073	1081	1275	1389	1397	
6	1074	1073	1022	1390	1389	1338	
6	1073	959	1022	1389	1275	1338	
6	958	960	1025	1274	1276	1341	
6	1028	960	1082	1344	1276	1398	
6	1082	960	1075	1398	1276	1391	
6	1029	981	980	1345	1297	1296	
6	1038	1083	1000	1354	1399	1316	
6	991	995	1000	1307	1311	1316	
6	998	1000	995	1314	1316	1311	
6	991	1000	1083	1307	1316	1399	
6	1013	972	970	1329	1288	1286	
6	1073	1017	1012	1389	1333	1328	
6	1080	955	954	1396	1271	1270	
6	1056	1042	1084	1372	1358	1400	
6	1085	954	981	1401	1270	1297	
6	1070	1080	1086	1386	1396	1402	
6	1080	1070	1069	1396	1386	1385	
6	1086	1084	1070	1402	1400	1386	
6	1078	993	994	1394	1309	1310	
6	987	1079	985	1303	1395	1301	
6	985	1077	1076	1301	1393	1392	
6	961	1077	962	1277	1393	1278	
6	1048	1052	1046	1364	1368	1362	
6	1050	1072	1051	1366	1388	1367	
6	1051	1040	1045	1367	1356	1361	
6	1038	1040	1072	1354	1356	1388	
6	992	991	1083	1308	1307	1399	
6	994	989	1078	1310	1305	1394	
6	972	967	969	1288	1283	1285	
6	1073	970	1081	1389	1286	1397	
6	1076	961	1068	1392	1277	1384	
6	964	1068	961	1280	1384	1277	
6	1030	1086	981	1346	1402	1297	
6	954	1085	1080	1270	1401	1396	
6	981	1086	1085	1297	1402	1401	
6	1086	1080	1085	1402	1396	1401	
6	1040	1039	1011	1356	1355	1327	
6	1038	1000	1039	1354	1316	1355	
6	949	1087	951	1265	1403	1267	
6	971	968	951	1287	1284	1267	
6	957	956	964	1273	1272	1280	
6	962	965	957	1278	1281	1273	
6	1047	1063	1066	1363	1379	1382	
6	1051	1048	1050	1367	1364	1366	
6	1042	1055	1061	1358	1371	1377	
6	1084	1058	1056	1400	1374	1372	
6	1060	1062	1057	1376	1378	1373	
6	1058	1067	1059	1374	1383	1375	
6	1088	1089	1075	1404	1405	1391	
6	1089	1030	1029	1405	1346	1345	
6	1084	1042	1070	1400	1358	1386	
6	1055	1042	1056	1371	1358	1372	
6	991	990	994	1307	1306	1310	
6	996	1090	1079	1312	1406	1395	
6	996	1079	989	1312	1395	1305	
6	1077	1079	1090	1393	1395	1406	
6	967	979	968	1283	1295	1284	
6	971	1081	970	1287	1397	1286	
6	1064	1066	1063	1380	1382	1379	
6	1049	1048	1066	1365	1364	1382	
6	1058	1060	1056	1374	1376	1372	
6	1059	1062	1060	1375	1378	1376	
6	1089	1029	1082	1405	1345	1398	
6	1028	1082	1029	1344	1398	1345	
6	994	990	996	1310	1306	1312	
6	990	1090	996	1306	1406	1312	
6	979	951	968	1295	1267	1284	
6	971	951	1087	1287	1267	1403	
6	1059	1064	1063	1375	1380	1379	
6	1065	1064	1067	1381	1380	1383	
6	969	968	971	1285	1284	1287	
6	1081	971	1087	1397	1287	1403	
6	1075	1089	1082	1391	1405	1398	
6	1030	1089	1088	1346	1405	1404	
6	957	950	952	1273	1266	1268	
6	948	950	965	1264	1266	1281	
6	1091	1092	1093	1407	1408	1409	
6	972	1094	1095	1288	1410	1411	
6	1096	1097	1098	1412	1413	1414	
6	1091	1099	1100	1407	1415	1416	
6	1101	1102	1103	1417	1418	1419	
6	1104	1105	1106	1420	1421	1422	
6	1107	1108	1109	1423	1424	1425	
6	1110	1111	1102	1426	1427	1418	
6	1112	1113	1114	1428	1429	1430	
6	1115	1116	1117	1431	1432	1433	
6	1118	1119	1120	1434	1435	1436	
6	1107	1115	1117	1423	1431	1433	
6	1121	1122	1123	1437	1438	1439	
6	1105	1124	1106	1421	1440	1422	
6	1125	1126	1122	1441	1442	1438	
6	1127	1128	1129	1443	1444	1445	
6	1130	1123	1131	1446	1439	1447	
6	1132	1133	1109	1448	1449	1425	
6	1134	1135	1136	1450	1451	1452	
6	1137	1131	1138	1453	1447	1454	
6	1138	1133	1139	1454	1449	1455	
6	1133	1122	1126	1449	1438	1442	
6	1099	1140	1141	1415	1456	1457	
6	1134	1142	1143	1450	1458	1459	
6	1144	1109	1108	1460	1425	1424	
6	1121	1128	1125	1437	1444	1441	
6	1145	1146	1144	1461	1462	1460	
6	1147	1148	1149	1463	1464	1465	
6	1150	1151	1152	1466	1467	1468	
6	1144	1146	1153	1460	1462	1469	
6	1154	1155	1156	1470	1471	1472	
6	1157	1158	1159	1473	1474	1475	
6	1160	1161	1162	1476	1477	1478	
6	1163	1164	1165	1479	1480	1481	
6	1166	1167	1168	1482	1483	1484	
6	1169	1164	1163	1485	1480	1479	
6	1111	1170	1171	1427	1486	1487	
6	1144	1153	1172	1460	1469	1488	
6	1173	1174	1175	1489	1490	1491	
6	1173	1144	1172	1489	1460	1488	
6	1176	1177	1178	1492	1493	1494	
6	1175	1179	1173	1491	1495	1489	
6	1174	1180	1176	1490	1496	1492	
6	1179	1142	1139	1495	1458	1455	
6	1181	1182	1183	1497	1498	1499	
6	1184	1185	1055	1500	1501	1371	
6	1186	1187	1188	1502	1503	1504	
6	1184	1189	1181	1500	1505	1497	
6	1190	1191	1192	1506	1507	1508	
6	1190	1177	1180	1506	1493	1496	
6	1153	1183	1182	1469	1499	1498	
6	1193	1194	997	1509	1510	1313	
6	1195	1196	1161	1511	1512	1477	
6	1132	1173	1133	1448	1489	1449	
6	1197	1095	1104	1513	1411	1420	
6	1198	1137	1199	1514	1453	1515	
6	1117	1110	1200	1433	1426	1516	
6	1093	1097	1201	1409	1413	1517	
6	1202	1203	1111	1518	1519	1427	
6	1092	1091	976	1408	1407	1292	
6	966	1204	1092	1282	1520	1408	
6	1101	1205	1206	1417	1521	1522	
6	1205	1113	1207	1521	1429	1523	
6	1145	1144	1108	1461	1460	1424	
6	1208	1124	1209	1524	1440	1525	
6	1145	1206	1205	1461	1522	1521	
6	1149	1152	1163	1465	1468	1479	
6	1148	1112	1210	1464	1428	1526	
6	1109	1141	1140	1425	1457	1456	
6	1107	1109	1140	1423	1425	1456	
6	1109	1133	1126	1425	1449	1442	
6	988	1211	1078	1304	1527	1394	
6	1141	1109	1126	1457	1425	1442	
6	1133	1138	1131	1449	1454	1447	
6	1122	1133	1131	1438	1449	1447	
6	1144	1173	1132	1460	1489	1448	
6	1109	1144	1132	1425	1460	1448	
6	1173	1179	1139	1489	1495	1455	
6	1136	1137	1138	1452	1453	1454	
6	1133	1173	1139	1449	1489	1455	
6	1135	1007	1212	1451	1323	1528	
6	1135	1134	1002	1451	1450	1318	
6	1129	984	983	1445	1300	1299	
6	1124	1097	1209	1440	1413	1525	
6	1165	1153	1146	1481	1469	1462	
6	1147	1146	1145	1463	1462	1461	
6	1160	1164	1168	1476	1480	1484	
6	1169	1152	1151	1485	1468	1467	
6	1153	1165	1162	1469	1481	1478	
6	1159	1213	1150	1475	1529	1466	
6	1183	1153	1162	1499	1469	1478	
6	1019	1214	1215	1335	1530	1531	
6	1216	1217	1218	1532	1533	1534	
6	1219	1220	1157	1535	1536	1473	
6	1174	1173	1172	1490	1489	1488	
6	1153	1174	1172	1469	1490	1488	
6	1221	1175	1176	1537	1491	1492	
6	1174	1176	1175	1490	1492	1491	
6	1191	1180	1189	1507	1496	1505	
6	1046	1222	1047	1362	1538	1363	
6	1174	1189	1180	1490	1505	1496	
6	1174	1153	1182	1490	1469	1498	
6	1189	1174	1182	1505	1490	1498	
6	1192	1223	1224	1508	1539	1540	
6	1195	1160	1225	1511	1476	1541	
6	1226	1227	1156	1542	1543	1472	
6	1195	1227	1226	1511	1543	1542	
6	1228	1197	1104	1544	1513	1420	
6	1102	1114	1103	1418	1430	1419	
6	1187	1054	1053	1503	1370	1369	
6	1221	1178	1186	1537	1494	1502	
6	1093	1201	1099	1409	1517	1415	
6	1098	1124	1105	1414	1440	1421	
6	1140	1099	1201	1456	1415	1517	
6	1100	1099	1141	1416	1415	1457	
6	1091	1093	1099	1407	1409	1415	
6	1097	1093	1209	1413	1409	1525	
6	1125	1100	1141	1441	1416	1457	
6	1100	1128	1229	1416	1444	1545	
6	1106	1124	1208	1422	1440	1524	
6	1098	1105	1202	1414	1421	1518	
6	1204	1208	1209	1520	1524	1525	
6	1230	1106	1208	1546	1422	1524	
6	1231	1106	1230	1547	1422	1546	
6	1230	1208	963	1546	1524	1279	
6	1228	1106	1231	1544	1422	1547	
6	1126	1125	1141	1442	1441	1457	
6	1121	1125	1122	1437	1441	1438	
6	1229	1091	1100	1545	1407	1416	
6	1229	976	1091	1545	1292	1407	
6	1100	1125	1128	1416	1441	1444	
6	1092	976	975	1408	1292	1291	
6	1204	966	963	1520	1282	1279	
6	1209	1093	1092	1525	1409	1408	
6	1122	1131	1123	1438	1447	1439	
6	1232	1128	1121	1548	1444	1437	
6	1123	1130	1233	1439	1446	1549	
6	1234	984	1232	1550	1300	1548	
6	1204	963	1208	1520	1279	1524	
6	1127	977	1229	1443	1293	1545	
6	1229	977	976	1545	1293	1292	
6	1092	975	966	1408	1291	1282	
6	1092	1204	1209	1408	1520	1525	
6	1121	1123	1232	1437	1439	1548	
6	1234	1232	1123	1550	1548	1439	
6	1230	963	956	1546	1279	1272	
6	1105	1104	1203	1421	1420	1519	
6	1111	1235	1202	1427	1551	1518	
6	1130	1137	1198	1446	1453	1514	
6	1234	1211	988	1550	1527	1304	
6	952	1236	956	1268	1552	1272	
6	1197	1228	967	1513	1544	1283	
6	1236	1230	956	1552	1546	1272	
6	979	1231	1236	1295	1547	1552	
6	979	967	1228	1295	1283	1544	
6	979	1236	952	1295	1552	1268	
6	1231	1230	1236	1547	1546	1552	
6	1234	1123	1233	1550	1439	1549	
6	984	1234	988	1300	1550	1304	
6	1094	972	1013	1410	1288	1329	
6	1170	1104	1095	1486	1420	1411	
6	1171	1237	1102	1487	1553	1418	
6	1106	1228	1104	1422	1544	1420	
6	979	1228	1231	1295	1544	1547	
6	967	972	1197	1283	1288	1513	
6	1095	1197	972	1411	1513	1288	
6	1237	1094	1220	1553	1410	1536	
6	1220	1013	1158	1536	1329	1474	
6	1095	1094	1237	1411	1410	1553	
6	1094	1013	1220	1410	1329	1536	
6	1136	1138	1142	1452	1454	1458	
6	1238	1199	1212	1554	1515	1528	
6	1139	1142	1138	1455	1458	1454	
6	1143	1142	1179	1459	1458	1495	
6	1134	1136	1142	1450	1452	1458	
6	1137	1136	1199	1453	1452	1515	
6	1221	1143	1179	1537	1459	1495	
6	1143	1186	1239	1459	1502	1555	
6	1198	1238	1233	1514	1554	1549	
6	1131	1137	1130	1447	1453	1446	
6	1130	1198	1233	1446	1514	1549	
6	1234	1233	1211	1550	1549	1527	
6	1194	1233	1238	1510	1549	1554	
6	1198	1199	1238	1514	1515	1554	
6	1194	1001	997	1510	1317	1313	
6	1175	1221	1179	1491	1537	1495	
6	1178	1221	1176	1494	1537	1492	
6	1239	1134	1143	1555	1450	1459	
6	1239	1002	1134	1555	1318	1450	
6	1143	1221	1186	1459	1537	1502	
6	1135	1002	1004	1451	1318	1320	
6	1212	1007	1031	1528	1323	1347	
6	1199	1136	1135	1515	1452	1451	
6	1238	1001	1194	1554	1317	1510	
6	1194	1193	1211	1510	1509	1527	
6	1176	1180	1177	1492	1496	1493	
6	1240	1186	1178	1556	1502	1494	
6	1177	1190	1224	1493	1506	1540	
6	1241	1054	1240	1557	1370	1556	
6	1212	1031	1238	1528	1347	1554	
6	1188	1009	1239	1504	1325	1555	
6	1239	1009	1002	1555	1325	1318	
6	1135	1004	1007	1451	1320	1323	
6	1135	1212	1199	1451	1528	1515	
6	1178	1177	1240	1494	1493	1556	
6	1241	1240	1177	1557	1556	1493	
6	1193	997	993	1509	1313	1309	
6	1196	1185	1181	1512	1501	1497	
6	1222	1242	1047	1538	1558	1363	
6	1194	1211	1233	1510	1527	1549	
6	993	1078	1193	1309	1394	1509	
6	1211	1193	1078	1527	1509	1394	
6	1241	1177	1224	1557	1493	1540	
6	1054	1241	1046	1370	1557	1362	
6	1210	1112	1243	1526	1428	1559	
6	1238	1031	1001	1554	1347	1317	
6	1244	1245	1246	1560	1561	1562	
6	1247	1218	1118	1563	1534	1434	
6	1156	1216	1248	1472	1532	1564	
6	1215	1159	1158	1531	1475	1474	
6	1158	1013	1018	1474	1329	1334	
6	1157	1249	1219	1473	1565	1535	
6	1215	1158	1018	1531	1474	1334	
6	1157	1220	1158	1473	1536	1474	
6	1214	1019	1021	1530	1335	1337	
6	1215	1250	1159	1531	1566	1475	
6	1213	1159	1250	1529	1475	1566	
6	1243	1159	1150	1559	1475	1466	
6	1246	1213	1250	1562	1529	1566	
6	1166	1151	1245	1482	1467	1561	
6	1251	1252	1120	1567	1568	1436	
6	1252	1251	1253	1568	1567	1569	
6	1150	1213	1151	1466	1529	1467	
6	1213	1246	1245	1529	1562	1561	
6	1169	1163	1152	1485	1479	1468	
6	1149	1163	1165	1465	1479	1481	
6	1169	1168	1164	1485	1484	1480	
6	1149	1210	1152	1465	1526	1468	
6	1148	1113	1112	1464	1429	1428	
6	1150	1152	1210	1466	1468	1526	
6	1160	1162	1164	1476	1478	1480	
6	1165	1164	1162	1481	1480	1478	
6	1147	1149	1165	1463	1465	1481	
6	1148	1210	1149	1464	1526	1465	
6	1114	1249	1112	1430	1565	1428	
6	1249	1243	1112	1565	1559	1428	
6	1169	1166	1168	1485	1482	1484	
6	1217	1225	1167	1533	1541	1483	
6	1146	1147	1165	1462	1463	1481	
6	1207	1147	1145	1523	1463	1461	
6	1148	1207	1113	1464	1523	1429	
6	1103	1113	1205	1419	1429	1521	
6	1237	1249	1114	1553	1565	1430	
6	1243	1249	1157	1559	1565	1473	
6	1151	1166	1169	1467	1482	1485	
6	1168	1167	1225	1484	1483	1541	
6	1156	1227	1216	1472	1543	1532	
6	1160	1168	1225	1476	1484	1541	
6	1147	1207	1148	1463	1523	1464	
6	1205	1207	1145	1521	1523	1461	
6	1101	1110	1102	1417	1426	1418	
6	1114	1113	1103	1430	1429	1419	
6	1249	1237	1219	1565	1553	1535	
6	1237	1220	1219	1553	1536	1535	
6	1159	1243	1157	1475	1559	1473	
6	1243	1150	1210	1559	1466	1526	
6	1166	1254	1167	1482	1570	1483	
6	1225	1217	1227	1541	1533	1543	
6	1254	1119	1167	1570	1435	1483	
6	1217	1167	1119	1533	1483	1435	
6	1120	1252	1118	1436	1568	1434	
6	1217	1119	1218	1533	1435	1534	
6	1250	1255	1246	1566	1571	1562	
6	1253	1256	1252	1569	1572	1568	
6	1247	1118	1256	1563	1434	1572	
6	1217	1216	1227	1533	1532	1543	
6	1118	1218	1119	1434	1534	1435	
6	1218	1247	1216	1534	1563	1532	
6	1120	1119	1254	1436	1435	1570	
6	1118	1252	1256	1434	1568	1572	
6	1247	1248	1216	1563	1564	1532	
6	1154	1248	1044	1470	1564	1360	
6	1254	1244	1120	1570	1560	1436	
6	1120	1244	1251	1436	1560	1567	
6	1245	1244	1254	1561	1560	1570	
6	1244	1246	1251	1560	1562	1567	
6	1166	1245	1254	1482	1561	1570	
6	1245	1151	1213	1561	1467	1529	
6	1255	1251	1246	1571	1567	1562	
6	1257	1255	1214	1573	1571	1530	
6	1257	1251	1255	1573	1567	1571	
6	1248	1071	1044	1564	1387	1360	
6	1247	1256	1258	1563	1572	1574	
6	1215	1214	1250	1531	1530	1566	
6	1161	1196	1183	1477	1512	1499	
6	1043	1061	1259	1359	1377	1575	
6	1250	1214	1255	1566	1530	1571	
6	1026	1214	1021	1342	1530	1337	
6	1014	1260	1023	1330	1576	1339	
6	1258	1256	1253	1574	1572	1569	
6	1253	1260	1258	1569	1576	1574	
6	1247	1258	1261	1563	1574	1577	
6	1185	1061	1055	1501	1377	1371	
6	1251	1257	1253	1567	1573	1569	
6	1214	1026	1257	1530	1342	1573	
6	1034	1262	1033	1350	1578	1349	
6	1260	1253	1257	1576	1569	1573	
6	1262	1034	1261	1578	1350	1577	
6	1226	1155	1043	1542	1471	1359	
6	1248	1154	1156	1564	1470	1472	
6	1227	1195	1225	1543	1511	1541	
6	1262	1258	1260	1578	1574	1576	
6	1034	1071	1261	1350	1387	1577	
6	1044	1035	1154	1360	1351	1470	
6	1155	1154	1035	1471	1470	1351	
6	1043	1155	1035	1359	1471	1351	
6	1226	1156	1155	1542	1472	1471	
6	1145	1108	1206	1461	1424	1522	
6	1103	1205	1101	1419	1521	1417	
6	1171	1102	1111	1487	1418	1427	
6	1114	1102	1237	1430	1418	1553	
6	1108	1107	1206	1424	1423	1522	
6	1261	1258	1262	1577	1574	1578	
6	1014	1016	1033	1330	1332	1349	
6	1260	1033	1262	1576	1349	1578	
6	1206	1107	1200	1522	1423	1516	
6	1071	1248	1261	1387	1564	1577	
6	1247	1261	1248	1563	1577	1564	
6	1226	1043	1259	1542	1359	1575	
6	1215	1018	1019	1531	1334	1335	
6	1195	1259	1196	1511	1575	1512	
6	1101	1200	1110	1417	1516	1426	
6	1235	1110	1117	1551	1426	1433	
6	1206	1200	1101	1522	1516	1417	
6	1117	1200	1107	1433	1516	1423	
6	1235	1116	1202	1551	1432	1518	
6	1111	1110	1235	1427	1426	1551	
6	1107	1140	1115	1423	1456	1431	
6	1235	1117	1116	1551	1433	1432	
6	1098	1202	1116	1414	1518	1432	
6	1105	1203	1202	1421	1519	1518	
6	1140	1201	1115	1456	1517	1431	
6	1115	1201	1096	1431	1517	1412	
6	1096	1098	1116	1412	1414	1432	
6	1124	1098	1097	1440	1414	1413	
6	1115	1096	1116	1431	1412	1432	
6	1097	1096	1201	1413	1412	1517	
6	1170	1111	1203	1486	1427	1519	
6	1095	1237	1171	1411	1553	1487	
6	1023	1260	1026	1339	1576	1342	
6	1026	1260	1257	1342	1576	1573	
6	1104	1170	1203	1420	1486	1519	
6	1260	1014	1033	1576	1330	1349	
6	1095	1171	1170	1411	1487	1486	
6	1195	1226	1259	1511	1542	1575	
6	1162	1161	1183	1478	1477	1499	
6	1160	1195	1161	1476	1511	1477	
6	1055	1263	1184	1371	1579	1500	
6	1263	1192	1184	1579	1508	1500	
6	1182	1181	1189	1498	1497	1505	
6	1196	1181	1183	1512	1497	1499	
6	1185	1259	1061	1501	1575	1377	
6	1180	1191	1190	1496	1507	1506	
6	1259	1185	1196	1575	1501	1512	
6	1181	1185	1184	1497	1501	1500	
6	1055	1057	1263	1371	1373	1579	
6	1263	1057	1192	1579	1373	1508	
6	1242	1062	1063	1558	1378	1379	
6	1223	1242	1222	1539	1558	1538	
6	1189	1184	1191	1505	1500	1507	
6	1192	1191	1184	1508	1507	1500	
6	1190	1192	1224	1506	1508	1540	
6	1057	1062	1223	1373	1378	1539	
6	1192	1057	1223	1508	1373	1539	
6	1241	1224	1222	1557	1540	1538	
6	1062	1242	1223	1378	1558	1539	
6	1222	1046	1241	1538	1362	1557	
6	1063	1047	1242	1379	1363	1558	
6	1223	1222	1224	1539	1538	1540	
6	1127	1129	983	1443	1445	1299	
6	984	1129	1232	1300	1445	1548	
6	1128	1232	1129	1444	1548	1445	
6	977	1127	983	1293	1443	1299	
6	1128	1127	1229	1444	1443	1545	
6	1188	1187	1053	1504	1503	1369	
6	1054	1187	1240	1370	1503	1556	
6	1186	1240	1187	1502	1556	1503	
6	1009	1188	1053	1325	1504	1369	
6	1186	1188	1239	1502	1504	1555	
6	1264	1265	1266	1580	1581	1582	
6	1267	1266	1265	1583	1582	1581	
6	1267	1268	1266	1583	1584	1582	
6	1269	1270	1271	1585	1586	1587	
6	1268	1272	1273	1584	1588	1589	
6	1274	1275	1276	1590	1591	1592	
6	1277	1278	1273	1593	1594	1589	
6	1279	1280	1272	1595	1596	1588	
6	1266	1273	1281	1582	1589	1597	
6	1282	1280	1279	1598	1596	1595	
6	1283	1284	1285	1599	1600	1601	
6	1286	1285	1287	1602	1601	1603	
6	1288	1285	1286	1604	1601	1602	
6	1289	1290	1291	1605	1606	1607	
6	1292	1293	1294	1608	1609	1610	
6	1282	1290	1280	1598	1606	1596	
6	1268	1267	1295	1584	1583	1611	
6	1270	1296	1297	1586	1612	1613	
6	1298	1299	1300	1614	1615	1616	
6	1301	1294	1302	1617	1610	1618	
6	1302	1294	1293	1618	1610	1609	
6	1303	1298	1300	1619	1614	1616	
6	1304	1305	1303	1620	1621	1619	
6	1277	1273	1280	1593	1589	1596	
6	1306	1307	1308	1622	1623	1624	
6	1309	1307	1310	1625	1623	1626	
6	1309	1311	1307	1625	1627	1623	
6	1310	1312	1305	1626	1628	1621	
6	1290	1282	1291	1606	1598	1607	
6	1311	1309	1313	1627	1625	1629	
6	1314	1315	1316	1630	1631	1632	
6	1315	1314	1317	1631	1630	1633	
6	1318	1319	1320	1634	1635	1636	
6	1321	1322	1323	1637	1638	1639	
6	1324	1318	1325	1640	1634	1641	
6	1326	1324	1325	1642	1640	1641	
6	1315	1322	1327	1631	1638	1643	
6	1302	1293	1299	1618	1609	1615	
6	1314	1313	1317	1630	1629	1633	
6	1286	1328	1329	1602	1644	1645	
6	1330	1331	1332	1646	1647	1648	
6	1328	1333	1334	1644	1649	1650	
6	1335	1336	1337	1651	1652	1653	
6	1336	1335	1333	1652	1651	1649	
6	1275	1274	1338	1591	1590	1654	
6	1339	1340	1341	1655	1656	1657	
6	1340	1339	1342	1656	1655	1658	
6	1343	1340	1342	1659	1656	1658	
6	1341	1330	1339	1657	1646	1655	
6	1332	1344	1296	1648	1660	1612	
6	1330	1341	1331	1646	1657	1647	
6	1345	1346	1297	1661	1662	1613	
6	1322	1315	1347	1638	1631	1663	
6	1333	1335	1334	1649	1651	1650	
6	1331	1344	1332	1647	1660	1648	
6	1296	1348	1349	1612	1664	1665	
6	1350	1348	1269	1666	1664	1585	
6	1349	1348	1350	1665	1664	1666	
6	1351	1352	1353	1667	1668	1669	
6	1332	1296	1349	1648	1612	1665	
6	1354	1355	1356	1670	1671	1672	
6	1357	1341	1340	1673	1657	1656	
6	1353	1358	1359	1669	1674	1675	
6	1352	1351	1360	1668	1667	1676	
6	1319	1324	1361	1635	1640	1677	
6	1362	1363	1364	1678	1679	1680	
6	1364	1365	1366	1680	1681	1682	
6	1364	1367	1368	1680	1683	1684	
6	1369	1370	1368	1685	1686	1684	
6	1324	1319	1318	1640	1635	1634	
6	1371	1372	1373	1687	1688	1689	
6	1374	1375	1376	1690	1691	1692	
6	1377	1359	1358	1693	1675	1674	
6	1376	1373	1372	1692	1689	1688	
6	1378	1375	1379	1694	1691	1695	
6	1380	1381	1365	1696	1697	1681	
6	1365	1382	1380	1681	1698	1696	
6	1317	1347	1315	1633	1663	1631	
6	1383	1380	1375	1699	1696	1691	
6	1364	1363	1382	1680	1679	1698	
6	1322	1347	1323	1638	1663	1639	
6	1359	1351	1353	1675	1667	1669	
6	1290	1384	1280	1606	1700	1596	
6	1385	1386	1353	1701	1702	1669	
6	1360	1387	1271	1676	1703	1587	
6	1362	1368	1370	1678	1684	1686	
6	1356	1367	1388	1672	1683	1704	
6	1343	1342	1337	1659	1658	1653	
6	1340	1343	1357	1656	1659	1673	
6	1341	1276	1331	1657	1592	1647	
6	1276	1344	1331	1592	1660	1647	
6	1289	1291	1292	1605	1607	1608	
6	1290	1289	1384	1606	1605	1700	
6	1298	1302	1299	1614	1618	1615	
6	1298	1301	1302	1614	1617	1618	
6	1355	1315	1327	1671	1631	1643	
6	1313	1314	1311	1629	1630	1627	
6	1321	1323	1320	1637	1639	1636	
6	1322	1321	1327	1638	1637	1643	
6	1326	1325	1369	1642	1641	1685	
6	1324	1326	1361	1640	1642	1677	
6	1329	1328	1334	1645	1644	1650	
6	1286	1389	1328	1602	1705	1644	
6	1270	1348	1296	1586	1664	1612	
6	1350	1269	1387	1666	1585	1703	
6	1353	1352	1385	1669	1668	1701	
6	1386	1358	1353	1702	1674	1669	
6	1337	1336	1343	1653	1652	1659	
6	1336	1390	1357	1652	1706	1673	
6	1390	1274	1357	1706	1590	1673	
6	1276	1275	1391	1592	1591	1707	
6	1292	1294	1289	1608	1610	1605	
6	1384	1289	1294	1700	1605	1610	
6	1303	1300	1304	1619	1616	1620	
6	1294	1392	1384	1610	1708	1700	
6	1320	1319	1321	1636	1635	1637	
6	1327	1321	1319	1643	1637	1635	
6	1369	1368	1326	1685	1684	1642	
6	1361	1326	1368	1677	1642	1684	
6	1270	1269	1348	1586	1585	1664	
6	1271	1387	1269	1587	1703	1585	
6	1360	1271	1352	1676	1587	1668	
6	1385	1352	1271	1701	1668	1587	
6	1336	1357	1343	1652	1673	1659	
6	1341	1357	1274	1657	1673	1590	
6	1392	1294	1301	1708	1610	1617	
6	1393	1277	1392	1709	1593	1708	
6	1305	1304	1394	1621	1620	1710	
6	1395	1393	1301	1711	1709	1617	
6	1298	1303	1301	1614	1619	1617	
6	1303	1305	1395	1619	1621	1711	
6	1319	1361	1356	1635	1677	1672	
6	1315	1355	1316	1631	1671	1632	
6	1367	1361	1368	1683	1677	1684	
6	1319	1356	1327	1635	1672	1643	
6	1344	1345	1296	1660	1661	1612	
6	1271	1396	1385	1587	1712	1701	
6	1389	1390	1336	1705	1706	1652	
6	1274	1390	1338	1590	1706	1654	
6	1333	1389	1336	1649	1705	1652	
6	1275	1389	1397	1591	1705	1713	
6	1390	1389	1338	1706	1705	1654	
6	1389	1275	1338	1705	1591	1654	
6	1274	1276	1341	1590	1592	1657	
6	1344	1276	1398	1660	1592	1714	
6	1398	1276	1391	1714	1592	1707	
6	1345	1297	1296	1661	1613	1612	
6	1354	1399	1316	1670	1715	1632	
6	1307	1311	1316	1623	1627	1632	
6	1314	1316	1311	1630	1632	1627	
6	1307	1316	1399	1623	1632	1715	
6	1329	1288	1286	1645	1604	1602	
6	1389	1333	1328	1705	1649	1644	
6	1396	1271	1270	1712	1587	1586	
6	1372	1358	1400	1688	1674	1716	
6	1401	1270	1297	1717	1586	1613	
6	1386	1396	1402	1702	1712	1718	
6	1396	1386	1385	1712	1702	1701	
6	1402	1400	1386	1718	1716	1702	
6	1394	1309	1310	1710	1625	1626	
6	1303	1395	1301	1619	1711	1617	
6	1301	1393	1392	1617	1709	1708	
6	1277	1393	1278	1593	1709	1594	
6	1364	1368	1362	1680	1684	1678	
6	1366	1388	1367	1682	1704	1683	
6	1367	1356	1361	1683	1672	1677	
6	1354	1356	1388	1670	1672	1704	
6	1308	1307	1399	1624	1623	1715	
6	1310	1305	1394	1626	1621	1710	
6	1288	1283	1285	1604	1599	1601	
6	1389	1286	1397	1705	1602	1713	
6	1392	1277	1384	1708	1593	1700	
6	1280	1384	1277	1596	1700	1593	
6	1346	1402	1297	1662	1718	1613	
6	1270	1401	1396	1586	1717	1712	
6	1297	1402	1401	1613	1718	1717	
6	1402	1396	1401	1718	1712	1717	
6	1356	1355	1327	1672	1671	1643	
6	1354	1316	1355	1670	1632	1671	
6	1265	1403	1267	1581	1719	1583	
6	1287	1284	1267	1603	1600	1583	
6	1273	1272	1280	1589	1588	1596	
6	1278	1281	1273	1594	1597	1589	
6	1363	1379	1382	1679	1695	1698	
6	1367	1364	1366	1683	1680	1682	
6	1358	1371	1377	1674	1687	1693	
6	1400	1374	1372	1716	1690	1688	
6	1376	1378	1373	1692	1694	1689	
6	1374	1383	1375	1690	1699	1691	
6	1404	1405	1391	1720	1721	1707	
6	1405	1346	1345	1721	1662	1661	
6	1400	1358	1386	1716	1674	1702	
6	1371	1358	1372	1687	1674	1688	
6	1307	1306	1310	1623	1622	1626	
6	1312	1406	1395	1628	1722	1711	
6	1312	1395	1305	1628	1711	1621	
6	1393	1395	1406	1709	1711	1722	
6	1283	1295	1284	1599	1611	1600	
6	1287	1397	1286	1603	1713	1602	
6	1380	1382	1379	1696	1698	1695	
6	1365	1364	1382	1681	1680	1698	
6	1374	1376	1372	1690	1692	1688	
6	1375	1378	1376	1691	1694	1692	
6	1405	1345	1398	1721	1661	1714	
6	1344	1398	1345	1660	1714	1661	
6	1310	1306	1312	1626	1622	1628	
6	1306	1406	1312	1622	1722	1628	
6	1295	1267	1284	1611	1583	1600	
6	1287	1267	1403	1603	1583	1719	
6	1375	1380	1379	1691	1696	1695	
6	1381	1380	1383	1697	1696	1699	
6	1285	1284	1287	1601	1600	1603	
6	1397	1287	1403	1713	1603	1719	
6	1391	1405	1398	1707	1721	1714	
6	1346	1405	1404	1662	1721	1720	
6	1273	1266	1268	1589	1582	1584	
6	1264	1266	1281	1580	1582	1597	
6	1407	1408	1409	1723	1724	1725	
6	1288	1410	1411	1604	1726	1727	
6	1412	1413	1414	1728	1729	1730	
6	1407	1415	1416	1723	1731	1732	
6	1417	1418	1419	1733	1734	1735	
6	1420	1421	1422	1736	1737	1738	
6	1423	1424	1425	1739	1740	1741	
6	1426	1427	1418	1742	1743	1734	
6	1428	1429	1430	1744	1745	1746	
6	1431	1432	1433	1747	1748	1749	
6	1434	1435	1436	1750	1751	1752	
6	1423	1431	1433	1739	1747	1749	
6	1437	1438	1439	1753	1754	1755	
6	1421	1440	1422	1737	1756	1738	
6	1441	1442	1438	1757	1758	1754	
6	1443	1444	1445	1759	1760	1761	
6	1446	1439	1447	1762	1755	1763	
6	1448	1449	1425	1764	1765	1741	
6	1450	1451	1452	1766	1767	1768	
6	1453	1447	1454	1769	1763	1770	
6	1454	1449	1455	1770	1765	1771	
6	1449	1438	1442	1765	1754	1758	
6	1415	1456	1457	1731	1772	1773	
6	1450	1458	1459	1766	1774	1775	
6	1460	1425	1424	1776	1741	1740	
6	1437	1444	1441	1753	1760	1757	
6	1461	1462	1460	1777	1778	1776	
6	1463	1464	1465	1779	1780	1781	
6	1466	1467	1468	1782	1783	1784	
6	1460	1462	1469	1776	1778	1785	
6	1470	1471	1472	1786	1787	1788	
6	1473	1474	1475	1789	1790	1791	
6	1476	1477	1478	1792	1793	1794	
6	1479	1480	1481	1795	1796	1797	
6	1482	1483	1484	1798	1799	1800	
6	1485	1480	1479	1801	1796	1795	
6	1427	1486	1487	1743	1802	1803	
6	1460	1469	1488	1776	1785	1804	
6	1489	1490	1491	1805	1806	1807	
6	1489	1460	1488	1805	1776	1804	
6	1492	1493	1494	1808	1809	1810	
6	1491	1495	1489	1807	1811	1805	
6	1490	1496	1492	1806	1812	1808	
6	1495	1458	1455	1811	1774	1771	
6	1497	1498	1499	1813	1814	1815	
6	1500	1501	1371	1816	1817	1687	
6	1502	1503	1504	1818	1819	1820	
6	1500	1505	1497	1816	1821	1813	
6	1506	1507	1508	1822	1823	1824	
6	1506	1493	1496	1822	1809	1812	
6	1469	1499	1498	1785	1815	1814	
6	1509	1510	1313	1825	1826	1629	
6	1511	1512	1477	1827	1828	1793	
6	1448	1489	1449	1764	1805	1765	
6	1513	1411	1420	1829	1727	1736	
6	1514	1453	1515	1830	1769	1831	
6	1433	1426	1516	1749	1742	1832	
6	1409	1413	1517	1725	1729	1833	
6	1518	1519	1427	1834	1835	1743	
6	1408	1407	1292	1724	1723	1608	
6	1282	1520	1408	1598	1836	1724	
6	1417	1521	1522	1733	1837	1838	
6	1521	1429	1523	1837	1745	1839	
6	1461	1460	1424	1777	1776	1740	
6	1524	1440	1525	1840	1756	1841	
6	1461	1522	1521	1777	1838	1837	
6	1465	1468	1479	1781	1784	1795	
6	1464	1428	1526	1780	1744	1842	
6	1425	1457	1456	1741	1773	1772	
6	1423	1425	1456	1739	1741	1772	
6	1425	1449	1442	1741	1765	1758	
6	1304	1527	1394	1620	1843	1710	
6	1457	1425	1442	1773	1741	1758	
6	1449	1454	1447	1765	1770	1763	
6	1438	1449	1447	1754	1765	1763	
6	1460	1489	1448	1776	1805	1764	
6	1425	1460	1448	1741	1776	1764	
6	1489	1495	1455	1805	1811	1771	
6	1452	1453	1454	1768	1769	1770	
6	1449	1489	1455	1765	1805	1771	
6	1451	1323	1528	1767	1639	1844	
6	1451	1450	1318	1767	1766	1634	
6	1445	1300	1299	1761	1616	1615	
6	1440	1413	1525	1756	1729	1841	
6	1481	1469	1462	1797	1785	1778	
6	1463	1462	1461	1779	1778	1777	
6	1476	1480	1484	1792	1796	1800	
6	1485	1468	1467	1801	1784	1783	
6	1469	1481	1478	1785	1797	1794	
6	1475	1529	1466	1791	1845	1782	
6	1499	1469	1478	1815	1785	1794	
6	1335	1530	1531	1651	1846	1847	
6	1532	1533	1534	1848	1849	1850	
6	1535	1536	1473	1851	1852	1789	
6	1490	1489	1488	1806	1805	1804	
6	1469	1490	1488	1785	1806	1804	
6	1537	1491	1492	1853	1807	1808	
6	1490	1492	1491	1806	1808	1807	
6	1507	1496	1505	1823	1812	1821	
6	1362	1538	1363	1678	1854	1679	
6	1490	1505	1496	1806	1821	1812	
6	1490	1469	1498	1806	1785	1814	
6	1505	1490	1498	1821	1806	1814	
6	1508	1539	1540	1824	1855	1856	
6	1511	1476	1541	1827	1792	1857	
6	1542	1543	1472	1858	1859	1788	
6	1511	1543	1542	1827	1859	1858	
6	1544	1513	1420	1860	1829	1736	
6	1418	1430	1419	1734	1746	1735	
6	1503	1370	1369	1819	1686	1685	
6	1537	1494	1502	1853	1810	1818	
6	1409	1517	1415	1725	1833	1731	
6	1414	1440	1421	1730	1756	1737	
6	1456	1415	1517	1772	1731	1833	
6	1416	1415	1457	1732	1731	1773	
6	1407	1409	1415	1723	1725	1731	
6	1413	1409	1525	1729	1725	1841	
6	1441	1416	1457	1757	1732	1773	
6	1416	1444	1545	1732	1760	1861	
6	1422	1440	1524	1738	1756	1840	
6	1414	1421	1518	1730	1737	1834	
6	1520	1524	1525	1836	1840	1841	
6	1546	1422	1524	1862	1738	1840	
6	1547	1422	1546	1863	1738	1862	
6	1546	1524	1279	1862	1840	1595	
6	1544	1422	1547	1860	1738	1863	
6	1442	1441	1457	1758	1757	1773	
6	1437	1441	1438	1753	1757	1754	
6	1545	1407	1416	1861	1723	1732	
6	1545	1292	1407	1861	1608	1723	
6	1416	1441	1444	1732	1757	1760	
6	1408	1292	1291	1724	1608	1607	
6	1520	1282	1279	1836	1598	1595	
6	1525	1409	1408	1841	1725	1724	
6	1438	1447	1439	1754	1763	1755	
6	1548	1444	1437	1864	1760	1753	
6	1439	1446	1549	1755	1762	1865	
6	1550	1300	1548	1866	1616	1864	
6	1520	1279	1524	1836	1595	1840	
6	1443	1293	1545	1759	1609	1861	
6	1545	1293	1292	1861	1609	1608	
6	1408	1291	1282	1724	1607	1598	
6	1408	1520	1525	1724	1836	1841	
6	1437	1439	1548	1753	1755	1864	
6	1550	1548	1439	1866	1864	1755	
6	1546	1279	1272	1862	1595	1588	
6	1421	1420	1519	1737	1736	1835	
6	1427	1551	1518	1743	1867	1834	
6	1446	1453	1514	1762	1769	1830	
6	1550	1527	1304	1866	1843	1620	
6	1268	1552	1272	1584	1868	1588	
6	1513	1544	1283	1829	1860	1599	
6	1552	1546	1272	1868	1862	1588	
6	1295	1547	1552	1611	1863	1868	
6	1295	1283	1544	1611	1599	1860	
6	1295	1552	1268	1611	1868	1584	
6	1547	1546	1552	1863	1862	1868	
6	1550	1439	1549	1866	1755	1865	
6	1300	1550	1304	1616	1866	1620	
6	1410	1288	1329	1726	1604	1645	
6	1486	1420	1411	1802	1736	1727	
6	1487	1553	1418	1803	1869	1734	
6	1422	1544	1420	1738	1860	1736	
6	1295	1544	1547	1611	1860	1863	
6	1283	1288	1513	1599	1604	1829	
6	1411	1513	1288	1727	1829	1604	
6	1553	1410	1536	1869	1726	1852	
6	1536	1329	1474	1852	1645	1790	
6	1411	1410	1553	1727	1726	1869	
6	1410	1329	1536	1726	1645	1852	
6	1452	1454	1458	1768	1770	1774	
6	1554	1515	1528	1870	1831	1844	
6	1455	1458	1454	1771	1774	1770	
6	1459	1458	1495	1775	1774	1811	
6	1450	1452	1458	1766	1768	1774	
6	1453	1452	1515	1769	1768	1831	
6	1537	1459	1495	1853	1775	1811	
6	1459	1502	1555	1775	1818	1871	
6	1514	1554	1549	1830	1870	1865	
6	1447	1453	1446	1763	1769	1762	
6	1446	1514	1549	1762	1830	1865	
6	1550	1549	1527	1866	1865	1843	
6	1510	1549	1554	1826	1865	1870	
6	1514	1515	1554	1830	1831	1870	
6	1510	1317	1313	1826	1633	1629	
6	1491	1537	1495	1807	1853	1811	
6	1494	1537	1492	1810	1853	1808	
6	1555	1450	1459	1871	1766	1775	
6	1555	1318	1450	1871	1634	1766	
6	1459	1537	1502	1775	1853	1818	
6	1451	1318	1320	1767	1634	1636	
6	1528	1323	1347	1844	1639	1663	
6	1515	1452	1451	1831	1768	1767	
6	1554	1317	1510	1870	1633	1826	
6	1510	1509	1527	1826	1825	1843	
6	1492	1496	1493	1808	1812	1809	
6	1556	1502	1494	1872	1818	1810	
6	1493	1506	1540	1809	1822	1856	
6	1557	1370	1556	1873	1686	1872	
6	1528	1347	1554	1844	1663	1870	
6	1504	1325	1555	1820	1641	1871	
6	1555	1325	1318	1871	1641	1634	
6	1451	1320	1323	1767	1636	1639	
6	1451	1528	1515	1767	1844	1831	
6	1494	1493	1556	1810	1809	1872	
6	1557	1556	1493	1873	1872	1809	
6	1509	1313	1309	1825	1629	1625	
6	1512	1501	1497	1828	1817	1813	
6	1538	1558	1363	1854	1874	1679	
6	1510	1527	1549	1826	1843	1865	
6	1309	1394	1509	1625	1710	1825	
6	1527	1509	1394	1843	1825	1710	
6	1557	1493	1540	1873	1809	1856	
6	1370	1557	1362	1686	1873	1678	
6	1526	1428	1559	1842	1744	1875	
6	1554	1347	1317	1870	1663	1633	
6	1560	1561	1562	1876	1877	1878	
6	1563	1534	1434	1879	1850	1750	
6	1472	1532	1564	1788	1848	1880	
6	1531	1475	1474	1847	1791	1790	
6	1474	1329	1334	1790	1645	1650	
6	1473	1565	1535	1789	1881	1851	
6	1531	1474	1334	1847	1790	1650	
6	1473	1536	1474	1789	1852	1790	
6	1530	1335	1337	1846	1651	1653	
6	1531	1566	1475	1847	1882	1791	
6	1529	1475	1566	1845	1791	1882	
6	1559	1475	1466	1875	1791	1782	
6	1562	1529	1566	1878	1845	1882	
6	1482	1467	1561	1798	1783	1877	
6	1567	1568	1436	1883	1884	1752	
6	1568	1567	1569	1884	1883	1885	
6	1466	1529	1467	1782	1845	1783	
6	1529	1562	1561	1845	1878	1877	
6	1485	1479	1468	1801	1795	1784	
6	1465	1479	1481	1781	1795	1797	
6	1485	1484	1480	1801	1800	1796	
6	1465	1526	1468	1781	1842	1784	
6	1464	1429	1428	1780	1745	1744	
6	1466	1468	1526	1782	1784	1842	
6	1476	1478	1480	1792	1794	1796	
6	1481	1480	1478	1797	1796	1794	
6	1463	1465	1481	1779	1781	1797	
6	1464	1526	1465	1780	1842	1781	
6	1430	1565	1428	1746	1881	1744	
6	1565	1559	1428	1881	1875	1744	
6	1485	1482	1484	1801	1798	1800	
6	1533	1541	1483	1849	1857	1799	
6	1462	1463	1481	1778	1779	1797	
6	1523	1463	1461	1839	1779	1777	
6	1464	1523	1429	1780	1839	1745	
6	1419	1429	1521	1735	1745	1837	
6	1553	1565	1430	1869	1881	1746	
6	1559	1565	1473	1875	1881	1789	
6	1467	1482	1485	1783	1798	1801	
6	1484	1483	1541	1800	1799	1857	
6	1472	1543	1532	1788	1859	1848	
6	1476	1484	1541	1792	1800	1857	
6	1463	1523	1464	1779	1839	1780	
6	1521	1523	1461	1837	1839	1777	
6	1417	1426	1418	1733	1742	1734	
6	1430	1429	1419	1746	1745	1735	
6	1565	1553	1535	1881	1869	1851	
6	1553	1536	1535	1869	1852	1851	
6	1475	1559	1473	1791	1875	1789	
6	1559	1466	1526	1875	1782	1842	
6	1482	1570	1483	1798	1886	1799	
6	1541	1533	1543	1857	1849	1859	
6	1570	1435	1483	1886	1751	1799	
6	1533	1483	1435	1849	1799	1751	
6	1436	1568	1434	1752	1884	1750	
6	1533	1435	1534	1849	1751	1850	
6	1566	1571	1562	1882	1887	1878	
6	1569	1572	1568	1885	1888	1884	
6	1563	1434	1572	1879	1750	1888	
6	1533	1532	1543	1849	1848	1859	
6	1434	1534	1435	1750	1850	1751	
6	1534	1563	1532	1850	1879	1848	
6	1436	1435	1570	1752	1751	1886	
6	1434	1568	1572	1750	1884	1888	
6	1563	1564	1532	1879	1880	1848	
6	1470	1564	1360	1786	1880	1676	
6	1570	1560	1436	1886	1876	1752	
6	1436	1560	1567	1752	1876	1883	
6	1561	1560	1570	1877	1876	1886	
6	1560	1562	1567	1876	1878	1883	
6	1482	1561	1570	1798	1877	1886	
6	1561	1467	1529	1877	1783	1845	
6	1571	1567	1562	1887	1883	1878	
6	1573	1571	1530	1889	1887	1846	
6	1573	1567	1571	1889	1883	1887	
6	1564	1387	1360	1880	1703	1676	
6	1563	1572	1574	1879	1888	1890	
6	1531	1530	1566	1847	1846	1882	
6	1477	1512	1499	1793	1828	1815	
6	1359	1377	1575	1675	1693	1891	
6	1566	1530	1571	1882	1846	1887	
6	1342	1530	1337	1658	1846	1653	
6	1330	1576	1339	1646	1892	1655	
6	1574	1572	1569	1890	1888	1885	
6	1569	1576	1574	1885	1892	1890	
6	1563	1574	1577	1879	1890	1893	
6	1501	1377	1371	1817	1693	1687	
6	1567	1573	1569	1883	1889	1885	
6	1530	1342	1573	1846	1658	1889	
6	1350	1578	1349	1666	1894	1665	
6	1576	1569	1573	1892	1885	1889	
6	1578	1350	1577	1894	1666	1893	
6	1542	1471	1359	1858	1787	1675	
6	1564	1470	1472	1880	1786	1788	
6	1543	1511	1541	1859	1827	1857	
6	1578	1574	1576	1894	1890	1892	
6	1350	1387	1577	1666	1703	1893	
6	1360	1351	1470	1676	1667	1786	
6	1471	1470	1351	1787	1786	1667	
6	1359	1471	1351	1675	1787	1667	
6	1542	1472	1471	1858	1788	1787	
6	1461	1424	1522	1777	1740	1838	
6	1419	1521	1417	1735	1837	1733	
6	1487	1418	1427	1803	1734	1743	
6	1430	1418	1553	1746	1734	1869	
6	1424	1423	1522	1740	1739	1838	
6	1577	1574	1578	1893	1890	1894	
6	1330	1332	1349	1646	1648	1665	
6	1576	1349	1578	1892	1665	1894	
6	1522	1423	1516	1838	1739	1832	
6	1387	1564	1577	1703	1880	1893	
6	1563	1577	1564	1879	1893	1880	
6	1542	1359	1575	1858	1675	1891	
6	1531	1334	1335	1847	1650	1651	
6	1511	1575	1512	1827	1891	1828	
6	1417	1516	1426	1733	1832	1742	
6	1551	1426	1433	1867	1742	1749	
6	1522	1516	1417	1838	1832	1733	
6	1433	1516	1423	1749	1832	1739	
6	1551	1432	1518	1867	1748	1834	
6	1427	1426	1551	1743	1742	1867	
6	1423	1456	1431	1739	1772	1747	
6	1551	1433	1432	1867	1749	1748	
6	1414	1518	1432	1730	1834	1748	
6	1421	1519	1518	1737	1835	1834	
6	1456	1517	1431	1772	1833	1747	
6	1431	1517	1412	1747	1833	1728	
6	1412	1414	1432	1728	1730	1748	
6	1440	1414	1413	1756	1730	1729	
6	1431	1412	1432	1747	1728	1748	
6	1413	1412	1517	1729	1728	1833	
6	1486	1427	1519	1802	1743	1835	
6	1411	1553	1487	1727	1869	1803	
6	1339	1576	1342	1655	1892	1658	
6	1342	1576	1573	1658	1892	1889	
6	1420	1486	1519	1736	1802	1835	
6	1576	1330	1349	1892	1646	1665	
6	1411	1487	1486	1727	1803	1802	
6	1511	1542	1575	1827	1858	1891	
6	1478	1477	1499	1794	1793	1815	
6	1476	1511	1477	1792	1827	1793	
6	1371	1579	1500	1687	1895	1816	
6	1579	1508	1500	1895	1824	1816	
6	1498	1497	1505	1814	1813	1821	
6	1512	1497	1499	1828	1813	1815	
6	1501	1575	1377	1817	1891	1693	
6	1496	1507	1506	1812	1823	1822	
6	1575	1501	1512	1891	1817	1828	
6	1497	1501	1500	1813	1817	1816	
6	1371	1373	1579	1687	1689	1895	
6	1579	1373	1508	1895	1689	1824	
6	1558	1378	1379	1874	1694	1695	
6	1539	1558	1538	1855	1874	1854	
6	1505	1500	1507	1821	1816	1823	
6	1508	1507	1500	1824	1823	1816	
6	1506	1508	1540	1822	1824	1856	
6	1373	1378	1539	1689	1694	1855	
6	1508	1373	1539	1824	1689	1855	
6	1557	1540	1538	1873	1856	1854	
6	1378	1558	1539	1694	1874	1855	
6	1538	1362	1557	1854	1678	1873	
6	1379	1363	1558	1695	1679	1874	
6	1539	1538	1540	1855	1854	1856	
6	1443	1445	1299	1759	1761	1615	
6	1300	1445	1548	1616	1761	1864	
6	1444	1548	1445	1760	1864	1761	
6	1293	1443	1299	1609	1759	1615	
6	1444	1443	1545	1760	1759	1861	
6	1504	1503	1369	1820	1819	1685	
6	1370	1503	1556	1686	1819	1872	
6	1502	1556	1503	1818	1872	1819	
6	1325	1504	1369	1641	1820	1685	
6	1502	1504	1555	1818	1820	1871	
6	1580	1581	1582	1896	1897	1898	
6	1583	1582	1581	1899	1898	1897	
6	1583	1584	1582	1899	1900	1898	
6	1585	1586	1587	1901	1902	1903	
6	1584	1588	1589	1900	1904	1905	
6	1590	1591	1592	1906	1907	1908	
6	1593	1594	1589	1909	1910	1905	
6	1595	1596	1588	1911	1912	1904	
6	1582	1589	1597	1898	1905	1913	
6	1598	1596	1595	1914	1912	1911	
6	1599	1600	1601	1915	1916	1917	
6	1602	1601	1603	1918	1917	1919	
6	1604	1601	1602	1920	1917	1918	
6	1605	1606	1607	1921	1922	1923	
6	1608	1609	1610	1924	1925	1926	
6	1598	1606	1596	1914	1922	1912	
6	1584	1583	1611	1900	1899	1927	
6	1586	1612	1613	1902	1928	1929	
6	1614	1615	1616	1930	1931	1932	
6	1617	1610	1618	1933	1926	1934	
6	1618	1610	1609	1934	1926	1925	
6	1619	1614	1616	1935	1930	1932	
6	1620	1621	1619	1936	1937	1935	
6	1593	1589	1596	1909	1905	1912	
6	1622	1623	1624	1938	1939	1940	
6	1625	1623	1626	1941	1939	1942	
6	1625	1627	1623	1941	1943	1939	
6	1626	1628	1621	1942	1944	1937	
6	1606	1598	1607	1922	1914	1923	
6	1627	1625	1629	1943	1941	1945	
6	1630	1631	1632	1946	1947	1948	
6	1631	1630	1633	1947	1946	1949	
6	1634	1635	1636	1950	1951	1952	
6	1637	1638	1639	1953	1954	1955	
6	1640	1634	1641	1956	1950	1957	
6	1642	1640	1641	1958	1956	1957	
6	1631	1638	1643	1947	1954	1959	
6	1618	1609	1615	1934	1925	1931	
6	1630	1629	1633	1946	1945	1949	
6	1602	1644	1645	1918	1960	1961	
6	1646	1647	1648	1962	1963	1964	
6	1644	1649	1650	1960	1965	1966	
6	1651	1652	1653	1967	1968	1969	
6	1652	1651	1649	1968	1967	1965	
6	1591	1590	1654	1907	1906	1970	
6	1655	1656	1657	1971	1972	1973	
6	1656	1655	1658	1972	1971	1974	
6	1659	1656	1658	1975	1972	1974	
6	1657	1646	1655	1973	1962	1971	
6	1648	1660	1612	1964	1976	1928	
6	1646	1657	1647	1962	1973	1963	
6	1661	1662	1613	1977	1978	1929	
6	1638	1631	1663	1954	1947	1979	
6	1649	1651	1650	1965	1967	1966	
6	1647	1660	1648	1963	1976	1964	
6	1612	1664	1665	1928	1980	1981	
6	1666	1664	1585	1982	1980	1901	
6	1665	1664	1666	1981	1980	1982	
6	1667	1668	1669	1983	1984	1985	
6	1648	1612	1665	1964	1928	1981	
6	1670	1671	1672	1986	1987	1988	
6	1673	1657	1656	1989	1973	1972	
6	1669	1674	1675	1985	1990	1991	
6	1668	1667	1676	1984	1983	1992	
6	1635	1640	1677	1951	1956	1993	
6	1678	1679	1680	1994	1995	1996	
6	1680	1681	1682	1996	1997	1998	
6	1680	1683	1684	1996	1999	2000	
6	1685	1686	1684	2001	2002	2000	
6	1640	1635	1634	1956	1951	1950	
6	1687	1688	1689	2003	2004	2005	
6	1690	1691	1692	2006	2007	2008	
6	1693	1675	1674	2009	1991	1990	
6	1692	1689	1688	2008	2005	2004	
6	1694	1691	1695	2010	2007	2011	
6	1696	1697	1681	2012	2013	1997	
6	1681	1698	1696	1997	2014	2012	
6	1633	1663	1631	1949	1979	1947	
6	1699	1696	1691	2015	2012	2007	
6	1680	1679	1698	1996	1995	2014	
6	1638	1663	1639	1954	1979	1955	
6	1675	1667	1669	1991	1983	1985	
6	1606	1700	1596	1922	2016	1912	
6	1701	1702	1669	2017	2018	1985	
6	1676	1703	1587	1992	2019	1903	
6	1678	1684	1686	1994	2000	2002	
6	1672	1683	1704	1988	1999	2020	
6	1659	1658	1653	1975	1974	1969	
6	1656	1659	1673	1972	1975	1989	
6	1657	1592	1647	1973	1908	1963	
6	1592	1660	1647	1908	1976	1963	
6	1605	1607	1608	1921	1923	1924	
6	1606	1605	1700	1922	1921	2016	
6	1614	1618	1615	1930	1934	1931	
6	1614	1617	1618	1930	1933	1934	
6	1671	1631	1643	1987	1947	1959	
6	1629	1630	1627	1945	1946	1943	
6	1637	1639	1636	1953	1955	1952	
6	1638	1637	1643	1954	1953	1959	
6	1642	1641	1685	1958	1957	2001	
6	1640	1642	1677	1956	1958	1993	
6	1645	1644	1650	1961	1960	1966	
6	1602	1705	1644	1918	2021	1960	
6	1586	1664	1612	1902	1980	1928	
6	1666	1585	1703	1982	1901	2019	
6	1669	1668	1701	1985	1984	2017	
6	1702	1674	1669	2018	1990	1985	
6	1653	1652	1659	1969	1968	1975	
6	1652	1706	1673	1968	2022	1989	
6	1706	1590	1673	2022	1906	1989	
6	1592	1591	1707	1908	1907	2023	
6	1608	1610	1605	1924	1926	1921	
6	1700	1605	1610	2016	1921	1926	
6	1619	1616	1620	1935	1932	1936	
6	1610	1708	1700	1926	2024	2016	
6	1636	1635	1637	1952	1951	1953	
6	1643	1637	1635	1959	1953	1951	
6	1685	1684	1642	2001	2000	1958	
6	1677	1642	1684	1993	1958	2000	
6	1586	1585	1664	1902	1901	1980	
6	1587	1703	1585	1903	2019	1901	
6	1676	1587	1668	1992	1903	1984	
6	1701	1668	1587	2017	1984	1903	
6	1652	1673	1659	1968	1989	1975	
6	1657	1673	1590	1973	1989	1906	
6	1708	1610	1617	2024	1926	1933	
6	1709	1593	1708	2025	1909	2024	
6	1621	1620	1710	1937	1936	2026	
6	1711	1709	1617	2027	2025	1933	
6	1614	1619	1617	1930	1935	1933	
6	1619	1621	1711	1935	1937	2027	
6	1635	1677	1672	1951	1993	1988	
6	1631	1671	1632	1947	1987	1948	
6	1683	1677	1684	1999	1993	2000	
6	1635	1672	1643	1951	1988	1959	
6	1660	1661	1612	1976	1977	1928	
6	1587	1712	1701	1903	2028	2017	
6	1705	1706	1652	2021	2022	1968	
6	1590	1706	1654	1906	2022	1970	
6	1649	1705	1652	1965	2021	1968	
6	1591	1705	1713	1907	2021	2029	
6	1706	1705	1654	2022	2021	1970	
6	1705	1591	1654	2021	1907	1970	
6	1590	1592	1657	1906	1908	1973	
6	1660	1592	1714	1976	1908	2030	
6	1714	1592	1707	2030	1908	2023	
6	1661	1613	1612	1977	1929	1928	
6	1670	1715	1632	1986	2031	1948	
6	1623	1627	1632	1939	1943	1948	
6	1630	1632	1627	1946	1948	1943	
6	1623	1632	1715	1939	1948	2031	
6	1645	1604	1602	1961	1920	1918	
6	1705	1649	1644	2021	1965	1960	
6	1712	1587	1586	2028	1903	1902	
6	1688	1674	1716	2004	1990	2032	
6	1717	1586	1613	2033	1902	1929	
6	1702	1712	1718	2018	2028	2034	
6	1712	1702	1701	2028	2018	2017	
6	1718	1716	1702	2034	2032	2018	
6	1710	1625	1626	2026	1941	1942	
6	1619	1711	1617	1935	2027	1933	
6	1617	1709	1708	1933	2025	2024	
6	1593	1709	1594	1909	2025	1910	
6	1680	1684	1678	1996	2000	1994	
6	1682	1704	1683	1998	2020	1999	
6	1683	1672	1677	1999	1988	1993	
6	1670	1672	1704	1986	1988	2020	
6	1624	1623	1715	1940	1939	2031	
6	1626	1621	1710	1942	1937	2026	
6	1604	1599	1601	1920	1915	1917	
6	1705	1602	1713	2021	1918	2029	
6	1708	1593	1700	2024	1909	2016	
6	1596	1700	1593	1912	2016	1909	
6	1662	1718	1613	1978	2034	1929	
6	1586	1717	1712	1902	2033	2028	
6	1613	1718	1717	1929	2034	2033	
6	1718	1712	1717	2034	2028	2033	
6	1672	1671	1643	1988	1987	1959	
6	1670	1632	1671	1986	1948	1987	
6	1581	1719	1583	1897	2035	1899	
6	1603	1600	1583	1919	1916	1899	
6	1589	1588	1596	1905	1904	1912	
6	1594	1597	1589	1910	1913	1905	
6	1679	1695	1698	1995	2011	2014	
6	1683	1680	1682	1999	1996	1998	
6	1674	1687	1693	1990	2003	2009	
6	1716	1690	1688	2032	2006	2004	
6	1692	1694	1689	2008	2010	2005	
6	1690	1699	1691	2006	2015	2007	
6	1720	1721	1707	2036	2037	2023	
6	1721	1662	1661	2037	1978	1977	
6	1716	1674	1702	2032	1990	2018	
6	1687	1674	1688	2003	1990	2004	
6	1623	1622	1626	1939	1938	1942	
6	1628	1722	1711	1944	2038	2027	
6	1628	1711	1621	1944	2027	1937	
6	1709	1711	1722	2025	2027	2038	
6	1599	1611	1600	1915	1927	1916	
6	1603	1713	1602	1919	2029	1918	
6	1696	1698	1695	2012	2014	2011	
6	1681	1680	1698	1997	1996	2014	
6	1690	1692	1688	2006	2008	2004	
6	1691	1694	1692	2007	2010	2008	
6	1721	1661	1714	2037	1977	2030	
6	1660	1714	1661	1976	2030	1977	
6	1626	1622	1628	1942	1938	1944	
6	1622	1722	1628	1938	2038	1944	
6	1611	1583	1600	1927	1899	1916	
6	1603	1583	1719	1919	1899	2035	
6	1691	1696	1695	2007	2012	2011	
6	1697	1696	1699	2013	2012	2015	
6	1601	1600	1603	1917	1916	1919	
6	1713	1603	1719	2029	1919	2035	
6	1707	1721	1714	2023	2037	2030	
6	1662	1721	1720	1978	2037	2036	
6	1589	1582	1584	1905	1898	1900	
6	1580	1582	1597	1896	1898	1913	
6	1723	1724	1725	2039	2040	2041	
6	1604	1726	1727	1920	2042	2043	
6	1728	1729	1730	2044	2045	2046	
6	1723	1731	1732	2039	2047	2048	
6	1733	1734	1735	2049	2050	2051	
6	1736	1737	1738	2052	2053	2054	
6	1739	1740	1741	2055	2056	2057	
6	1742	1743	1734	2058	2059	2050	
6	1744	1745	1746	2060	2061	2062	
6	1747	1748	1749	2063	2064	2065	
6	1750	1751	1752	2066	2067	2068	
6	1739	1747	1749	2055	2063	2065	
6	1753	1754	1755	2069	2070	2071	
6	1737	1756	1738	2053	2072	2054	
6	1757	1758	1754	2073	2074	2070	
6	1759	1760	1761	2075	2076	2077	
6	1762	1755	1763	2078	2071	2079	
6	1764	1765	1741	2080	2081	2057	
6	1766	1767	1768	2082	2083	2084	
6	1769	1763	1770	2085	2079	2086	
6	1770	1765	1771	2086	2081	2087	
6	1765	1754	1758	2081	2070	2074	
6	1731	1772	1773	2047	2088	2089	
6	1766	1774	1775	2082	2090	2091	
6	1776	1741	1740	2092	2057	2056	
6	1753	1760	1757	2069	2076	2073	
6	1777	1778	1776	2093	2094	2092	
6	1779	1780	1781	2095	2096	2097	
6	1782	1783	1784	2098	2099	2100	
6	1776	1778	1785	2092	2094	2101	
6	1786	1787	1788	2102	2103	2104	
6	1789	1790	1791	2105	2106	2107	
6	1792	1793	1794	2108	2109	2110	
6	1795	1796	1797	2111	2112	2113	
6	1798	1799	1800	2114	2115	2116	
6	1801	1796	1795	2117	2112	2111	
6	1743	1802	1803	2059	2118	2119	
6	1776	1785	1804	2092	2101	2120	
6	1805	1806	1807	2121	2122	2123	
6	1805	1776	1804	2121	2092	2120	
6	1808	1809	1810	2124	2125	2126	
6	1807	1811	1805	2123	2127	2121	
6	1806	1812	1808	2122	2128	2124	
6	1811	1774	1771	2127	2090	2087	
6	1813	1814	1815	2129	2130	2131	
6	1816	1817	1687	2132	2133	2003	
6	1818	1819	1820	2134	2135	2136	
6	1816	1821	1813	2132	2137	2129	
6	1822	1823	1824	2138	2139	2140	
6	1822	1809	1812	2138	2125	2128	
6	1785	1815	1814	2101	2131	2130	
6	1825	1826	1629	2141	2142	1945	
6	1827	1828	1793	2143	2144	2109	
6	1764	1805	1765	2080	2121	2081	
6	1829	1727	1736	2145	2043	2052	
6	1830	1769	1831	2146	2085	2147	
6	1749	1742	1832	2065	2058	2148	
6	1725	1729	1833	2041	2045	2149	
6	1834	1835	1743	2150	2151	2059	
6	1724	1723	1608	2040	2039	1924	
6	1598	1836	1724	1914	2152	2040	
6	1733	1837	1838	2049	2153	2154	
6	1837	1745	1839	2153	2061	2155	
6	1777	1776	1740	2093	2092	2056	
6	1840	1756	1841	2156	2072	2157	
6	1777	1838	1837	2093	2154	2153	
6	1781	1784	1795	2097	2100	2111	
6	1780	1744	1842	2096	2060	2158	
6	1741	1773	1772	2057	2089	2088	
6	1739	1741	1772	2055	2057	2088	
6	1741	1765	1758	2057	2081	2074	
6	1620	1843	1710	1936	2159	2026	
6	1773	1741	1758	2089	2057	2074	
6	1765	1770	1763	2081	2086	2079	
6	1754	1765	1763	2070	2081	2079	
6	1776	1805	1764	2092	2121	2080	
6	1741	1776	1764	2057	2092	2080	
6	1805	1811	1771	2121	2127	2087	
6	1768	1769	1770	2084	2085	2086	
6	1765	1805	1771	2081	2121	2087	
6	1767	1639	1844	2083	1955	2160	
6	1767	1766	1634	2083	2082	1950	
6	1761	1616	1615	2077	1932	1931	
6	1756	1729	1841	2072	2045	2157	
6	1797	1785	1778	2113	2101	2094	
6	1779	1778	1777	2095	2094	2093	
6	1792	1796	1800	2108	2112	2116	
6	1801	1784	1783	2117	2100	2099	
6	1785	1797	1794	2101	2113	2110	
6	1791	1845	1782	2107	2161	2098	
6	1815	1785	1794	2131	2101	2110	
6	1651	1846	1847	1967	2162	2163	
6	1848	1849	1850	2164	2165	2166	
6	1851	1852	1789	2167	2168	2105	
6	1806	1805	1804	2122	2121	2120	
6	1785	1806	1804	2101	2122	2120	
6	1853	1807	1808	2169	2123	2124	
6	1806	1808	1807	2122	2124	2123	
6	1823	1812	1821	2139	2128	2137	
6	1678	1854	1679	1994	2170	1995	
6	1806	1821	1812	2122	2137	2128	
6	1806	1785	1814	2122	2101	2130	
6	1821	1806	1814	2137	2122	2130	
6	1824	1855	1856	2140	2171	2172	
6	1827	1792	1857	2143	2108	2173	
6	1858	1859	1788	2174	2175	2104	
6	1827	1859	1858	2143	2175	2174	
6	1860	1829	1736	2176	2145	2052	
6	1734	1746	1735	2050	2062	2051	
6	1819	1686	1685	2135	2002	2001	
6	1853	1810	1818	2169	2126	2134	
6	1725	1833	1731	2041	2149	2047	
6	1730	1756	1737	2046	2072	2053	
6	1772	1731	1833	2088	2047	2149	
6	1732	1731	1773	2048	2047	2089	
6	1723	1725	1731	2039	2041	2047	
6	1729	1725	1841	2045	2041	2157	
6	1757	1732	1773	2073	2048	2089	
6	1732	1760	1861	2048	2076	2177	
6	1738	1756	1840	2054	2072	2156	
6	1730	1737	1834	2046	2053	2150	
6	1836	1840	1841	2152	2156	2157	
6	1862	1738	1840	2178	2054	2156	
6	1863	1738	1862	2179	2054	2178	
6	1862	1840	1595	2178	2156	1911	
6	1860	1738	1863	2176	2054	2179	
6	1758	1757	1773	2074	2073	2089	
6	1753	1757	1754	2069	2073	2070	
6	1861	1723	1732	2177	2039	2048	
6	1861	1608	1723	2177	1924	2039	
6	1732	1757	1760	2048	2073	2076	
6	1724	1608	1607	2040	1924	1923	
6	1836	1598	1595	2152	1914	1911	
6	1841	1725	1724	2157	2041	2040	
6	1754	1763	1755	2070	2079	2071	
6	1864	1760	1753	2180	2076	2069	
6	1755	1762	1865	2071	2078	2181	
6	1866	1616	1864	2182	1932	2180	
6	1836	1595	1840	2152	1911	2156	
6	1759	1609	1861	2075	1925	2177	
6	1861	1609	1608	2177	1925	1924	
6	1724	1607	1598	2040	1923	1914	
6	1724	1836	1841	2040	2152	2157	
6	1753	1755	1864	2069	2071	2180	
6	1866	1864	1755	2182	2180	2071	
6	1862	1595	1588	2178	1911	1904	
6	1737	1736	1835	2053	2052	2151	
6	1743	1867	1834	2059	2183	2150	
6	1762	1769	1830	2078	2085	2146	
6	1866	1843	1620	2182	2159	1936	
6	1584	1868	1588	1900	2184	1904	
6	1829	1860	1599	2145	2176	1915	
6	1868	1862	1588	2184	2178	1904	
6	1611	1863	1868	1927	2179	2184	
6	1611	1599	1860	1927	1915	2176	
6	1611	1868	1584	1927	2184	1900	
6	1863	1862	1868	2179	2178	2184	
6	1866	1755	1865	2182	2071	2181	
6	1616	1866	1620	1932	2182	1936	
6	1726	1604	1645	2042	1920	1961	
6	1802	1736	1727	2118	2052	2043	
6	1803	1869	1734	2119	2185	2050	
6	1738	1860	1736	2054	2176	2052	
6	1611	1860	1863	1927	2176	2179	
6	1599	1604	1829	1915	1920	2145	
6	1727	1829	1604	2043	2145	1920	
6	1869	1726	1852	2185	2042	2168	
6	1852	1645	1790	2168	1961	2106	
6	1727	1726	1869	2043	2042	2185	
6	1726	1645	1852	2042	1961	2168	
6	1768	1770	1774	2084	2086	2090	
6	1870	1831	1844	2186	2147	2160	
6	1771	1774	1770	2087	2090	2086	
6	1775	1774	1811	2091	2090	2127	
6	1766	1768	1774	2082	2084	2090	
6	1769	1768	1831	2085	2084	2147	
6	1853	1775	1811	2169	2091	2127	
6	1775	1818	1871	2091	2134	2187	
6	1830	1870	1865	2146	2186	2181	
6	1763	1769	1762	2079	2085	2078	
6	1762	1830	1865	2078	2146	2181	
6	1866	1865	1843	2182	2181	2159	
6	1826	1865	1870	2142	2181	2186	
6	1830	1831	1870	2146	2147	2186	
6	1826	1633	1629	2142	1949	1945	
6	1807	1853	1811	2123	2169	2127	
6	1810	1853	1808	2126	2169	2124	
6	1871	1766	1775	2187	2082	2091	
6	1871	1634	1766	2187	1950	2082	
6	1775	1853	1818	2091	2169	2134	
6	1767	1634	1636	2083	1950	1952	
6	1844	1639	1663	2160	1955	1979	
6	1831	1768	1767	2147	2084	2083	
6	1870	1633	1826	2186	1949	2142	
6	1826	1825	1843	2142	2141	2159	
6	1808	1812	1809	2124	2128	2125	
6	1872	1818	1810	2188	2134	2126	
6	1809	1822	1856	2125	2138	2172	
6	1873	1686	1872	2189	2002	2188	
6	1844	1663	1870	2160	1979	2186	
6	1820	1641	1871	2136	1957	2187	
6	1871	1641	1634	2187	1957	1950	
6	1767	1636	1639	2083	1952	1955	
6	1767	1844	1831	2083	2160	2147	
6	1810	1809	1872	2126	2125	2188	
6	1873	1872	1809	2189	2188	2125	
6	1825	1629	1625	2141	1945	1941	
6	1828	1817	1813	2144	2133	2129	
6	1854	1874	1679	2170	2190	1995	
6	1826	1843	1865	2142	2159	2181	
6	1625	1710	1825	1941	2026	2141	
6	1843	1825	1710	2159	2141	2026	
6	1873	1809	1856	2189	2125	2172	
6	1686	1873	1678	2002	2189	1994	
6	1842	1744	1875	2158	2060	2191	
6	1870	1663	1633	2186	1979	1949	
6	1876	1877	1878	2192	2193	2194	
6	1879	1850	1750	2195	2166	2066	
6	1788	1848	1880	2104	2164	2196	
6	1847	1791	1790	2163	2107	2106	
6	1790	1645	1650	2106	1961	1966	
6	1789	1881	1851	2105	2197	2167	
6	1847	1790	1650	2163	2106	1966	
6	1789	1852	1790	2105	2168	2106	
6	1846	1651	1653	2162	1967	1969	
6	1847	1882	1791	2163	2198	2107	
6	1845	1791	1882	2161	2107	2198	
6	1875	1791	1782	2191	2107	2098	
6	1878	1845	1882	2194	2161	2198	
6	1798	1783	1877	2114	2099	2193	
6	1883	1884	1752	2199	2200	2068	
6	1884	1883	1885	2200	2199	2201	
6	1782	1845	1783	2098	2161	2099	
6	1845	1878	1877	2161	2194	2193	
6	1801	1795	1784	2117	2111	2100	
6	1781	1795	1797	2097	2111	2113	
6	1801	1800	1796	2117	2116	2112	
6	1781	1842	1784	2097	2158	2100	
6	1780	1745	1744	2096	2061	2060	
6	1782	1784	1842	2098	2100	2158	
6	1792	1794	1796	2108	2110	2112	
6	1797	1796	1794	2113	2112	2110	
6	1779	1781	1797	2095	2097	2113	
6	1780	1842	1781	2096	2158	2097	
6	1746	1881	1744	2062	2197	2060	
6	1881	1875	1744	2197	2191	2060	
6	1801	1798	1800	2117	2114	2116	
6	1849	1857	1799	2165	2173	2115	
6	1778	1779	1797	2094	2095	2113	
6	1839	1779	1777	2155	2095	2093	
6	1780	1839	1745	2096	2155	2061	
6	1735	1745	1837	2051	2061	2153	
6	1869	1881	1746	2185	2197	2062	
6	1875	1881	1789	2191	2197	2105	
6	1783	1798	1801	2099	2114	2117	
6	1800	1799	1857	2116	2115	2173	
6	1788	1859	1848	2104	2175	2164	
6	1792	1800	1857	2108	2116	2173	
6	1779	1839	1780	2095	2155	2096	
6	1837	1839	1777	2153	2155	2093	
6	1733	1742	1734	2049	2058	2050	
6	1746	1745	1735	2062	2061	2051	
6	1881	1869	1851	2197	2185	2167	
6	1869	1852	1851	2185	2168	2167	
6	1791	1875	1789	2107	2191	2105	
6	1875	1782	1842	2191	2098	2158	
6	1798	1886	1799	2114	2202	2115	
6	1857	1849	1859	2173	2165	2175	
6	1886	1751	1799	2202	2067	2115	
6	1849	1799	1751	2165	2115	2067	
6	1752	1884	1750	2068	2200	2066	
6	1849	1751	1850	2165	2067	2166	
6	1882	1887	1878	2198	2203	2194	
6	1885	1888	1884	2201	2204	2200	
6	1879	1750	1888	2195	2066	2204	
6	1849	1848	1859	2165	2164	2175	
6	1750	1850	1751	2066	2166	2067	
6	1850	1879	1848	2166	2195	2164	
6	1752	1751	1886	2068	2067	2202	
6	1750	1884	1888	2066	2200	2204	
6	1879	1880	1848	2195	2196	2164	
6	1786	1880	1676	2102	2196	1992	
6	1886	1876	1752	2202	2192	2068	
6	1752	1876	1883	2068	2192	2199	
6	1877	1876	1886	2193	2192	2202	
6	1876	1878	1883	2192	2194	2199	
6	1798	1877	1886	2114	2193	2202	
6	1877	1783	1845	2193	2099	2161	
6	1887	1883	1878	2203	2199	2194	
6	1889	1887	1846	2205	2203	2162	
6	1889	1883	1887	2205	2199	2203	
6	1880	1703	1676	2196	2019	1992	
6	1879	1888	1890	2195	2204	2206	
6	1847	1846	1882	2163	2162	2198	
6	1793	1828	1815	2109	2144	2131	
6	1675	1693	1891	1991	2009	2207	
6	1882	1846	1887	2198	2162	2203	
6	1658	1846	1653	1974	2162	1969	
6	1646	1892	1655	1962	2208	1971	
6	1890	1888	1885	2206	2204	2201	
6	1885	1892	1890	2201	2208	2206	
6	1879	1890	1893	2195	2206	2209	
6	1817	1693	1687	2133	2009	2003	
6	1883	1889	1885	2199	2205	2201	
6	1846	1658	1889	2162	1974	2205	
6	1666	1894	1665	1982	2210	1981	
6	1892	1885	1889	2208	2201	2205	
6	1894	1666	1893	2210	1982	2209	
6	1858	1787	1675	2174	2103	1991	
6	1880	1786	1788	2196	2102	2104	
6	1859	1827	1857	2175	2143	2173	
6	1894	1890	1892	2210	2206	2208	
6	1666	1703	1893	1982	2019	2209	
6	1676	1667	1786	1992	1983	2102	
6	1787	1786	1667	2103	2102	1983	
6	1675	1787	1667	1991	2103	1983	
6	1858	1788	1787	2174	2104	2103	
6	1777	1740	1838	2093	2056	2154	
6	1735	1837	1733	2051	2153	2049	
6	1803	1734	1743	2119	2050	2059	
6	1746	1734	1869	2062	2050	2185	
6	1740	1739	1838	2056	2055	2154	
6	1893	1890	1894	2209	2206	2210	
6	1646	1648	1665	1962	1964	1981	
6	1892	1665	1894	2208	1981	2210	
6	1838	1739	1832	2154	2055	2148	
6	1703	1880	1893	2019	2196	2209	
6	1879	1893	1880	2195	2209	2196	
6	1858	1675	1891	2174	1991	2207	
6	1847	1650	1651	2163	1966	1967	
6	1827	1891	1828	2143	2207	2144	
6	1733	1832	1742	2049	2148	2058	
6	1867	1742	1749	2183	2058	2065	
6	1838	1832	1733	2154	2148	2049	
6	1749	1832	1739	2065	2148	2055	
6	1867	1748	1834	2183	2064	2150	
6	1743	1742	1867	2059	2058	2183	
6	1739	1772	1747	2055	2088	2063	
6	1867	1749	1748	2183	2065	2064	
6	1730	1834	1748	2046	2150	2064	
6	1737	1835	1834	2053	2151	2150	
6	1772	1833	1747	2088	2149	2063	
6	1747	1833	1728	2063	2149	2044	
6	1728	1730	1748	2044	2046	2064	
6	1756	1730	1729	2072	2046	2045	
6	1747	1728	1748	2063	2044	2064	
6	1729	1728	1833	2045	2044	2149	
6	1802	1743	1835	2118	2059	2151	
6	1727	1869	1803	2043	2185	2119	
6	1655	1892	1658	1971	2208	1974	
6	1658	1892	1889	1974	2208	2205	
6	1736	1802	1835	2052	2118	2151	
6	1892	1646	1665	2208	1962	1981	
6	1727	1803	1802	2043	2119	2118	
6	1827	1858	1891	2143	2174	2207	
6	1794	1793	1815	2110	2109	2131	
6	1792	1827	1793	2108	2143	2109	
6	1687	1895	1816	2003	2211	2132	
6	1895	1824	1816	2211	2140	2132	
6	1814	1813	1821	2130	2129	2137	
6	1828	1813	1815	2144	2129	2131	
6	1817	1891	1693	2133	2207	2009	
6	1812	1823	1822	2128	2139	2138	
6	1891	1817	1828	2207	2133	2144	
6	1813	1817	1816	2129	2133	2132	
6	1687	1689	1895	2003	2005	2211	
6	1895	1689	1824	2211	2005	2140	
6	1874	1694	1695	2190	2010	2011	
6	1855	1874	1854	2171	2190	2170	
6	1821	1816	1823	2137	2132	2139	
6	1824	1823	1816	2140	2139	2132	
6	1822	1824	1856	2138	2140	2172	
6	1689	1694	1855	2005	2010	2171	
6	1824	1689	1855	2140	2005	2171	
6	1873	1856	1854	2189	2172	2170	
6	1694	1874	1855	2010	2190	2171	
6	1854	1678	1873	2170	1994	2189	
6	1695	1679	1874	2011	1995	2190	
6	1855	1854	1856	2171	2170	2172	
6	1759	1761	1615	2075	2077	1931	
6	1616	1761	1864	1932	2077	2180	
6	1760	1864	1761	2076	2180	2077	
6	1609	1759	1615	1925	2075	1931	
6	1760	1759	1861	2076	2075	2177	
6	1820	1819	1685	2136	2135	2001	
6	1686	1819	1872	2002	2135	2188	
6	1818	1872	1819	2134	2188	2135	
6	1641	1820	1685	1957	2136	2001	
6	1818	1820	1871	2134	2136	2187	
6	1896	1897	1898	2212	2213	2214	
6	1899	1898	1897	2215	2214	2213	
6	1899	1900	1898	2215	2216	2214	
6	1901	1902	1903	2217	2218	2219	
6	1900	1904	1905	2216	2220	2221	
6	1906	1907	1908	2222	2223	2224	
6	1909	1910	1905	2225	2226	2221	
6	1911	1912	1904	2227	2228	2220	
6	1898	1905	1913	2214	2221	2229	
6	1914	1912	1911	2230	2228	2227	
6	1915	1916	1917	2231	2232	2233	
6	1918	1917	1919	2234	2233	2235	
6	1920	1917	1918	2236	2233	2234	
6	1921	1922	1923	2237	2238	2239	
6	1924	1925	1926	2240	2241	2242	
6	1914	1922	1912	2230	2238	2228	
6	1900	1899	1927	2216	2215	2243	
6	1902	1928	1929	2218	2244	2245	
6	1930	1931	1932	2246	2247	2248	
6	1933	1926	1934	2249	2242	2250	
6	1934	1926	1925	2250	2242	2241	
6	1935	1930	1932	2251	2246	2248	
6	1936	1937	1935	2252	2253	2251	
6	1909	1905	1912	2225	2221	2228	
6	1938	1939	1940	2254	2255	2256	
6	1941	1939	1942	2257	2255	2258	
6	1941	1943	1939	2257	2259	2255	
6	1942	1944	1937	2258	2260	2253	
6	1922	1914	1923	2238	2230	2239	
6	1943	1941	1945	2259	2257	2261	
6	1946	1947	1948	2262	2263	2264	
6	1947	1946	1949	2263	2262	2265	
6	1950	1951	1952	2266	2267	2268	
6	1953	1954	1955	2269	2270	2271	
6	1956	1950	1957	2272	2266	2273	
6	1958	1956	1957	2274	2272	2273	
6	1947	1954	1959	2263	2270	2275	
6	1934	1925	1931	2250	2241	2247	
6	1946	1945	1949	2262	2261	2265	
6	1918	1960	1961	2234	2276	2277	
6	1962	1963	1964	2278	2279	2280	
6	1960	1965	1966	2276	2281	2282	
6	1967	1968	1969	2283	2284	2285	
6	1968	1967	1965	2284	2283	2281	
6	1907	1906	1970	2223	2222	2286	
6	1971	1972	1973	2287	2288	2289	
6	1972	1971	1974	2288	2287	2290	
6	1975	1972	1974	2291	2288	2290	
6	1973	1962	1971	2289	2278	2287	
6	1964	1976	1928	2280	2292	2244	
6	1962	1973	1963	2278	2289	2279	
6	1977	1978	1929	2293	2294	2245	
6	1954	1947	1979	2270	2263	2295	
6	1965	1967	1966	2281	2283	2282	
6	1963	1976	1964	2279	2292	2280	
6	1928	1980	1981	2244	2296	2297	
6	1982	1980	1901	2298	2296	2217	
6	1981	1980	1982	2297	2296	2298	
6	1983	1984	1985	2299	2300	2301	
6	1964	1928	1981	2280	2244	2297	
6	1986	1987	1988	2302	2303	2304	
6	1989	1973	1972	2305	2289	2288	
6	1985	1990	1991	2301	2306	2307	
6	1984	1983	1992	2300	2299	2308	
6	1951	1956	1993	2267	2272	2309	
6	1994	1995	1996	2310	2311	2312	
6	1996	1997	1998	2312	2313	2314	
6	1996	1999	2000	2312	2315	2316	
6	2001	2002	2000	2317	2318	2316	
6	1956	1951	1950	2272	2267	2266	
6	2003	2004	2005	2319	2320	2321	
6	2006	2007	2008	2322	2323	2324	
6	2009	1991	1990	2325	2307	2306	
6	2008	2005	2004	2324	2321	2320	
6	2010	2007	2011	2326	2323	2327	
6	2012	2013	1997	2328	2329	2313	
6	1997	2014	2012	2313	2330	2328	
6	1949	1979	1947	2265	2295	2263	
6	2015	2012	2007	2331	2328	2323	
6	1996	1995	2014	2312	2311	2330	
6	1954	1979	1955	2270	2295	2271	
6	1991	1983	1985	2307	2299	2301	
6	1922	2016	1912	2238	2332	2228	
6	2017	2018	1985	2333	2334	2301	
6	1992	2019	1903	2308	2335	2219	
6	1994	2000	2002	2310	2316	2318	
6	1988	1999	2020	2304	2315	2336	
6	1975	1974	1969	2291	2290	2285	
6	1972	1975	1989	2288	2291	2305	
6	1973	1908	1963	2289	2224	2279	
6	1908	1976	1963	2224	2292	2279	
6	1921	1923	1924	2237	2239	2240	
6	1922	1921	2016	2238	2237	2332	
6	1930	1934	1931	2246	2250	2247	
6	1930	1933	1934	2246	2249	2250	
6	1987	1947	1959	2303	2263	2275	
6	1945	1946	1943	2261	2262	2259	
6	1953	1955	1952	2269	2271	2268	
6	1954	1953	1959	2270	2269	2275	
6	1958	1957	2001	2274	2273	2317	
6	1956	1958	1993	2272	2274	2309	
6	1961	1960	1966	2277	2276	2282	
6	1918	2021	1960	2234	2337	2276	
6	1902	1980	1928	2218	2296	2244	
6	1982	1901	2019	2298	2217	2335	
6	1985	1984	2017	2301	2300	2333	
6	2018	1990	1985	2334	2306	2301	
6	1969	1968	1975	2285	2284	2291	
6	1968	2022	1989	2284	2338	2305	
6	2022	1906	1989	2338	2222	2305	
6	1908	1907	2023	2224	2223	2339	
6	1924	1926	1921	2240	2242	2237	
6	2016	1921	1926	2332	2237	2242	
6	1935	1932	1936	2251	2248	2252	
6	1926	2024	2016	2242	2340	2332	
6	1952	1951	1953	2268	2267	2269	
6	1959	1953	1951	2275	2269	2267	
6	2001	2000	1958	2317	2316	2274	
6	1993	1958	2000	2309	2274	2316	
6	1902	1901	1980	2218	2217	2296	
6	1903	2019	1901	2219	2335	2217	
6	1992	1903	1984	2308	2219	2300	
6	2017	1984	1903	2333	2300	2219	
6	1968	1989	1975	2284	2305	2291	
6	1973	1989	1906	2289	2305	2222	
6	2024	1926	1933	2340	2242	2249	
6	2025	1909	2024	2341	2225	2340	
6	1937	1936	2026	2253	2252	2342	
6	2027	2025	1933	2343	2341	2249	
6	1930	1935	1933	2246	2251	2249	
6	1935	1937	2027	2251	2253	2343	
6	1951	1993	1988	2267	2309	2304	
6	1947	1987	1948	2263	2303	2264	
6	1999	1993	2000	2315	2309	2316	
6	1951	1988	1959	2267	2304	2275	
6	1976	1977	1928	2292	2293	2244	
6	1903	2028	2017	2219	2344	2333	
6	2021	2022	1968	2337	2338	2284	
6	1906	2022	1970	2222	2338	2286	
6	1965	2021	1968	2281	2337	2284	
6	1907	2021	2029	2223	2337	2345	
6	2022	2021	1970	2338	2337	2286	
6	2021	1907	1970	2337	2223	2286	
6	1906	1908	1973	2222	2224	2289	
6	1976	1908	2030	2292	2224	2346	
6	2030	1908	2023	2346	2224	2339	
6	1977	1929	1928	2293	2245	2244	
6	1986	2031	1948	2302	2347	2264	
6	1939	1943	1948	2255	2259	2264	
6	1946	1948	1943	2262	2264	2259	
6	1939	1948	2031	2255	2264	2347	
6	1961	1920	1918	2277	2236	2234	
6	2021	1965	1960	2337	2281	2276	
6	2028	1903	1902	2344	2219	2218	
6	2004	1990	2032	2320	2306	2348	
6	2033	1902	1929	2349	2218	2245	
6	2018	2028	2034	2334	2344	2350	
6	2028	2018	2017	2344	2334	2333	
6	2034	2032	2018	2350	2348	2334	
6	2026	1941	1942	2342	2257	2258	
6	1935	2027	1933	2251	2343	2249	
6	1933	2025	2024	2249	2341	2340	
6	1909	2025	1910	2225	2341	2226	
6	1996	2000	1994	2312	2316	2310	
6	1998	2020	1999	2314	2336	2315	
6	1999	1988	1993	2315	2304	2309	
6	1986	1988	2020	2302	2304	2336	
6	1940	1939	2031	2256	2255	2347	
6	1942	1937	2026	2258	2253	2342	
6	1920	1915	1917	2236	2231	2233	
6	2021	1918	2029	2337	2234	2345	
6	2024	1909	2016	2340	2225	2332	
6	1912	2016	1909	2228	2332	2225	
6	1978	2034	1929	2294	2350	2245	
6	1902	2033	2028	2218	2349	2344	
6	1929	2034	2033	2245	2350	2349	
6	2034	2028	2033	2350	2344	2349	
6	1988	1987	1959	2304	2303	2275	
6	1986	1948	1987	2302	2264	2303	
6	1897	2035	1899	2213	2351	2215	
6	1919	1916	1899	2235	2232	2215	
6	1905	1904	1912	2221	2220	2228	
6	1910	1913	1905	2226	2229	2221	
6	1995	2011	2014	2311	2327	2330	
6	1999	1996	1998	2315	2312	2314	
6	1990	2003	2009	2306	2319	2325	
6	2032	2006	2004	2348	2322	2320	
6	2008	2010	2005	2324	2326	2321	
6	2006	2015	2007	2322	2331	2323	
6	2036	2037	2023	2352	2353	2339	
6	2037	1978	1977	2353	2294	2293	
6	2032	1990	2018	2348	2306	2334	
6	2003	1990	2004	2319	2306	2320	
6	1939	1938	1942	2255	2254	2258	
6	1944	2038	2027	2260	2354	2343	
6	1944	2027	1937	2260	2343	2253	
6	2025	2027	2038	2341	2343	2354	
6	1915	1927	1916	2231	2243	2232	
6	1919	2029	1918	2235	2345	2234	
6	2012	2014	2011	2328	2330	2327	
6	1997	1996	2014	2313	2312	2330	
6	2006	2008	2004	2322	2324	2320	
6	2007	2010	2008	2323	2326	2324	
6	2037	1977	2030	2353	2293	2346	
6	1976	2030	1977	2292	2346	2293	
6	1942	1938	1944	2258	2254	2260	
6	1938	2038	1944	2254	2354	2260	
6	1927	1899	1916	2243	2215	2232	
6	1919	1899	2035	2235	2215	2351	
6	2007	2012	2011	2323	2328	2327	
6	2013	2012	2015	2329	2328	2331	
6	1917	1916	1919	2233	2232	2235	
6	2029	1919	2035	2345	2235	2351	
6	2023	2037	2030	2339	2353	2346	
6	1978	2037	2036	2294	2353	2352	
6	1905	1898	1900	2221	2214	2216	
6	1896	1898	1913	2212	2214	2229	
6	2039	2040	2041	2355	2356	2357	
6	1920	2042	2043	2236	2358	2359	
6	2044	2045	2046	2360	2361	2362	
6	2039	2047	2048	2355	2363	2364	
6	2049	2050	2051	2365	2366	2367	
6	2052	2053	2054	2368	2369	2370	
6	2055	2056	2057	2371	2372	2373	
6	2058	2059	2050	2374	2375	2366	
6	2060	2061	2062	2376	2377	2378	
6	2063	2064	2065	2379	2380	2381	
6	2066	2067	2068	2382	2383	2384	
6	2055	2063	2065	2371	2379	2381	
6	2069	2070	2071	2385	2386	2387	
6	2053	2072	2054	2369	2388	2370	
6	2073	2074	2070	2389	2390	2386	
6	2075	2076	2077	2391	2392	2393	
6	2078	2071	2079	2394	2387	2395	
6	2080	2081	2057	2396	2397	2373	
6	2082	2083	2084	2398	2399	2400	
6	2085	2079	2086	2401	2395	2402	
6	2086	2081	2087	2402	2397	2403	
6	2081	2070	2074	2397	2386	2390	
6	2047	2088	2089	2363	2404	2405	
6	2082	2090	2091	2398	2406	2407	
6	2092	2057	2056	2408	2373	2372	
6	2069	2076	2073	2385	2392	2389	
6	2093	2094	2092	2409	2410	2408	
6	2095	2096	2097	2411	2412	2413	
6	2098	2099	2100	2414	2415	2416	
6	2092	2094	2101	2408	2410	2417	
6	2102	2103	2104	2418	2419	2420	
6	2105	2106	2107	2421	2422	2423	
6	2108	2109	2110	2424	2425	2426	
6	2111	2112	2113	2427	2428	2429	
6	2114	2115	2116	2430	2431	2432	
6	2117	2112	2111	2433	2428	2427	
6	2059	2118	2119	2375	2434	2435	
6	2092	2101	2120	2408	2417	2436	
6	2121	2122	2123	2437	2438	2439	
6	2121	2092	2120	2437	2408	2436	
6	2124	2125	2126	2440	2441	2442	
6	2123	2127	2121	2439	2443	2437	
6	2122	2128	2124	2438	2444	2440	
6	2127	2090	2087	2443	2406	2403	
6	2129	2130	2131	2445	2446	2447	
6	2132	2133	2003	2448	2449	2319	
6	2134	2135	2136	2450	2451	2452	
6	2132	2137	2129	2448	2453	2445	
6	2138	2139	2140	2454	2455	2456	
6	2138	2125	2128	2454	2441	2444	
6	2101	2131	2130	2417	2447	2446	
6	2141	2142	1945	2457	2458	2261	
6	2143	2144	2109	2459	2460	2425	
6	2080	2121	2081	2396	2437	2397	
6	2145	2043	2052	2461	2359	2368	
6	2146	2085	2147	2462	2401	2463	
6	2065	2058	2148	2381	2374	2464	
6	2041	2045	2149	2357	2361	2465	
6	2150	2151	2059	2466	2467	2375	
6	2040	2039	1924	2356	2355	2240	
6	1914	2152	2040	2230	2468	2356	
6	2049	2153	2154	2365	2469	2470	
6	2153	2061	2155	2469	2377	2471	
6	2093	2092	2056	2409	2408	2372	
6	2156	2072	2157	2472	2388	2473	
6	2093	2154	2153	2409	2470	2469	
6	2097	2100	2111	2413	2416	2427	
6	2096	2060	2158	2412	2376	2474	
6	2057	2089	2088	2373	2405	2404	
6	2055	2057	2088	2371	2373	2404	
6	2057	2081	2074	2373	2397	2390	
6	1936	2159	2026	2252	2475	2342	
6	2089	2057	2074	2405	2373	2390	
6	2081	2086	2079	2397	2402	2395	
6	2070	2081	2079	2386	2397	2395	
6	2092	2121	2080	2408	2437	2396	
6	2057	2092	2080	2373	2408	2396	
6	2121	2127	2087	2437	2443	2403	
6	2084	2085	2086	2400	2401	2402	
6	2081	2121	2087	2397	2437	2403	
6	2083	1955	2160	2399	2271	2476	
6	2083	2082	1950	2399	2398	2266	
6	2077	1932	1931	2393	2248	2247	
6	2072	2045	2157	2388	2361	2473	
6	2113	2101	2094	2429	2417	2410	
6	2095	2094	2093	2411	2410	2409	
6	2108	2112	2116	2424	2428	2432	
6	2117	2100	2099	2433	2416	2415	
6	2101	2113	2110	2417	2429	2426	
6	2107	2161	2098	2423	2477	2414	
6	2131	2101	2110	2447	2417	2426	
6	1967	2162	2163	2283	2478	2479	
6	2164	2165	2166	2480	2481	2482	
6	2167	2168	2105	2483	2484	2421	
6	2122	2121	2120	2438	2437	2436	
6	2101	2122	2120	2417	2438	2436	
6	2169	2123	2124	2485	2439	2440	
6	2122	2124	2123	2438	2440	2439	
6	2139	2128	2137	2455	2444	2453	
6	1994	2170	1995	2310	2486	2311	
6	2122	2137	2128	2438	2453	2444	
6	2122	2101	2130	2438	2417	2446	
6	2137	2122	2130	2453	2438	2446	
6	2140	2171	2172	2456	2487	2488	
6	2143	2108	2173	2459	2424	2489	
6	2174	2175	2104	2490	2491	2420	
6	2143	2175	2174	2459	2491	2490	
6	2176	2145	2052	2492	2461	2368	
6	2050	2062	2051	2366	2378	2367	
6	2135	2002	2001	2451	2318	2317	
6	2169	2126	2134	2485	2442	2450	
6	2041	2149	2047	2357	2465	2363	
6	2046	2072	2053	2362	2388	2369	
6	2088	2047	2149	2404	2363	2465	
6	2048	2047	2089	2364	2363	2405	
6	2039	2041	2047	2355	2357	2363	
6	2045	2041	2157	2361	2357	2473	
6	2073	2048	2089	2389	2364	2405	
6	2048	2076	2177	2364	2392	2493	
6	2054	2072	2156	2370	2388	2472	
6	2046	2053	2150	2362	2369	2466	
6	2152	2156	2157	2468	2472	2473	
6	2178	2054	2156	2494	2370	2472	
6	2179	2054	2178	2495	2370	2494	
6	2178	2156	1911	2494	2472	2227	
6	2176	2054	2179	2492	2370	2495	
6	2074	2073	2089	2390	2389	2405	
6	2069	2073	2070	2385	2389	2386	
6	2177	2039	2048	2493	2355	2364	
6	2177	1924	2039	2493	2240	2355	
6	2048	2073	2076	2364	2389	2392	
6	2040	1924	1923	2356	2240	2239	
6	2152	1914	1911	2468	2230	2227	
6	2157	2041	2040	2473	2357	2356	
6	2070	2079	2071	2386	2395	2387	
6	2180	2076	2069	2496	2392	2385	
6	2071	2078	2181	2387	2394	2497	
6	2182	1932	2180	2498	2248	2496	
6	2152	1911	2156	2468	2227	2472	
6	2075	1925	2177	2391	2241	2493	
6	2177	1925	1924	2493	2241	2240	
6	2040	1923	1914	2356	2239	2230	
6	2040	2152	2157	2356	2468	2473	
6	2069	2071	2180	2385	2387	2496	
6	2182	2180	2071	2498	2496	2387	
6	2178	1911	1904	2494	2227	2220	
6	2053	2052	2151	2369	2368	2467	
6	2059	2183	2150	2375	2499	2466	
6	2078	2085	2146	2394	2401	2462	
6	2182	2159	1936	2498	2475	2252	
6	1900	2184	1904	2216	2500	2220	
6	2145	2176	1915	2461	2492	2231	
6	2184	2178	1904	2500	2494	2220	
6	1927	2179	2184	2243	2495	2500	
6	1927	1915	2176	2243	2231	2492	
6	1927	2184	1900	2243	2500	2216	
6	2179	2178	2184	2495	2494	2500	
6	2182	2071	2181	2498	2387	2497	
6	1932	2182	1936	2248	2498	2252	
6	2042	1920	1961	2358	2236	2277	
6	2118	2052	2043	2434	2368	2359	
6	2119	2185	2050	2435	2501	2366	
6	2054	2176	2052	2370	2492	2368	
6	1927	2176	2179	2243	2492	2495	
6	1915	1920	2145	2231	2236	2461	
6	2043	2145	1920	2359	2461	2236	
6	2185	2042	2168	2501	2358	2484	
6	2168	1961	2106	2484	2277	2422	
6	2043	2042	2185	2359	2358	2501	
6	2042	1961	2168	2358	2277	2484	
6	2084	2086	2090	2400	2402	2406	
6	2186	2147	2160	2502	2463	2476	
6	2087	2090	2086	2403	2406	2402	
6	2091	2090	2127	2407	2406	2443	
6	2082	2084	2090	2398	2400	2406	
6	2085	2084	2147	2401	2400	2463	
6	2169	2091	2127	2485	2407	2443	
6	2091	2134	2187	2407	2450	2503	
6	2146	2186	2181	2462	2502	2497	
6	2079	2085	2078	2395	2401	2394	
6	2078	2146	2181	2394	2462	2497	
6	2182	2181	2159	2498	2497	2475	
6	2142	2181	2186	2458	2497	2502	
6	2146	2147	2186	2462	2463	2502	
6	2142	1949	1945	2458	2265	2261	
6	2123	2169	2127	2439	2485	2443	
6	2126	2169	2124	2442	2485	2440	
6	2187	2082	2091	2503	2398	2407	
6	2187	1950	2082	2503	2266	2398	
6	2091	2169	2134	2407	2485	2450	
6	2083	1950	1952	2399	2266	2268	
6	2160	1955	1979	2476	2271	2295	
6	2147	2084	2083	2463	2400	2399	
6	2186	1949	2142	2502	2265	2458	
6	2142	2141	2159	2458	2457	2475	
6	2124	2128	2125	2440	2444	2441	
6	2188	2134	2126	2504	2450	2442	
6	2125	2138	2172	2441	2454	2488	
6	2189	2002	2188	2505	2318	2504	
6	2160	1979	2186	2476	2295	2502	
6	2136	1957	2187	2452	2273	2503	
6	2187	1957	1950	2503	2273	2266	
6	2083	1952	1955	2399	2268	2271	
6	2083	2160	2147	2399	2476	2463	
6	2126	2125	2188	2442	2441	2504	
6	2189	2188	2125	2505	2504	2441	
6	2141	1945	1941	2457	2261	2257	
6	2144	2133	2129	2460	2449	2445	
6	2170	2190	1995	2486	2506	2311	
6	2142	2159	2181	2458	2475	2497	
6	1941	2026	2141	2257	2342	2457	
6	2159	2141	2026	2475	2457	2342	
6	2189	2125	2172	2505	2441	2488	
6	2002	2189	1994	2318	2505	2310	
6	2158	2060	2191	2474	2376	2507	
6	2186	1979	1949	2502	2295	2265	
6	2192	2193	2194	2508	2509	2510	
6	2195	2166	2066	2511	2482	2382	
6	2104	2164	2196	2420	2480	2512	
6	2163	2107	2106	2479	2423	2422	
6	2106	1961	1966	2422	2277	2282	
6	2105	2197	2167	2421	2513	2483	
6	2163	2106	1966	2479	2422	2282	
6	2105	2168	2106	2421	2484	2422	
6	2162	1967	1969	2478	2283	2285	
6	2163	2198	2107	2479	2514	2423	
6	2161	2107	2198	2477	2423	2514	
6	2191	2107	2098	2507	2423	2414	
6	2194	2161	2198	2510	2477	2514	
6	2114	2099	2193	2430	2415	2509	
6	2199	2200	2068	2515	2516	2384	
6	2200	2199	2201	2516	2515	2517	
6	2098	2161	2099	2414	2477	2415	
6	2161	2194	2193	2477	2510	2509	
6	2117	2111	2100	2433	2427	2416	
6	2097	2111	2113	2413	2427	2429	
6	2117	2116	2112	2433	2432	2428	
6	2097	2158	2100	2413	2474	2416	
6	2096	2061	2060	2412	2377	2376	
6	2098	2100	2158	2414	2416	2474	
6	2108	2110	2112	2424	2426	2428	
6	2113	2112	2110	2429	2428	2426	
6	2095	2097	2113	2411	2413	2429	
6	2096	2158	2097	2412	2474	2413	
6	2062	2197	2060	2378	2513	2376	
6	2197	2191	2060	2513	2507	2376	
6	2117	2114	2116	2433	2430	2432	
6	2165	2173	2115	2481	2489	2431	
6	2094	2095	2113	2410	2411	2429	
6	2155	2095	2093	2471	2411	2409	
6	2096	2155	2061	2412	2471	2377	
6	2051	2061	2153	2367	2377	2469	
6	2185	2197	2062	2501	2513	2378	
6	2191	2197	2105	2507	2513	2421	
6	2099	2114	2117	2415	2430	2433	
6	2116	2115	2173	2432	2431	2489	
6	2104	2175	2164	2420	2491	2480	
6	2108	2116	2173	2424	2432	2489	
6	2095	2155	2096	2411	2471	2412	
6	2153	2155	2093	2469	2471	2409	
6	2049	2058	2050	2365	2374	2366	
6	2062	2061	2051	2378	2377	2367	
6	2197	2185	2167	2513	2501	2483	
6	2185	2168	2167	2501	2484	2483	
6	2107	2191	2105	2423	2507	2421	
6	2191	2098	2158	2507	2414	2474	
6	2114	2202	2115	2430	2518	2431	
6	2173	2165	2175	2489	2481	2491	
6	2202	2067	2115	2518	2383	2431	
6	2165	2115	2067	2481	2431	2383	
6	2068	2200	2066	2384	2516	2382	
6	2165	2067	2166	2481	2383	2482	
6	2198	2203	2194	2514	2519	2510	
6	2201	2204	2200	2517	2520	2516	
6	2195	2066	2204	2511	2382	2520	
6	2165	2164	2175	2481	2480	2491	
6	2066	2166	2067	2382	2482	2383	
6	2166	2195	2164	2482	2511	2480	
6	2068	2067	2202	2384	2383	2518	
6	2066	2200	2204	2382	2516	2520	
6	2195	2196	2164	2511	2512	2480	
6	2102	2196	1992	2418	2512	2308	
6	2202	2192	2068	2518	2508	2384	
6	2068	2192	2199	2384	2508	2515	
6	2193	2192	2202	2509	2508	2518	
6	2192	2194	2199	2508	2510	2515	
6	2114	2193	2202	2430	2509	2518	
6	2193	2099	2161	2509	2415	2477	
6	2203	2199	2194	2519	2515	2510	
6	2205	2203	2162	2521	2519	2478	
6	2205	2199	2203	2521	2515	2519	
6	2196	2019	1992	2512	2335	2308	
6	2195	2204	2206	2511	2520	2522	
6	2163	2162	2198	2479	2478	2514	
6	2109	2144	2131	2425	2460	2447	
6	1991	2009	2207	2307	2325	2523	
6	2198	2162	2203	2514	2478	2519	
6	1974	2162	1969	2290	2478	2285	
6	1962	2208	1971	2278	2524	2287	
6	2206	2204	2201	2522	2520	2517	
6	2201	2208	2206	2517	2524	2522	
6	2195	2206	2209	2511	2522	2525	
6	2133	2009	2003	2449	2325	2319	
6	2199	2205	2201	2515	2521	2517	
6	2162	1974	2205	2478	2290	2521	
6	1982	2210	1981	2298	2526	2297	
6	2208	2201	2205	2524	2517	2521	
6	2210	1982	2209	2526	2298	2525	
6	2174	2103	1991	2490	2419	2307	
6	2196	2102	2104	2512	2418	2420	
6	2175	2143	2173	2491	2459	2489	
6	2210	2206	2208	2526	2522	2524	
6	1982	2019	2209	2298	2335	2525	
6	1992	1983	2102	2308	2299	2418	
6	2103	2102	1983	2419	2418	2299	
6	1991	2103	1983	2307	2419	2299	
6	2174	2104	2103	2490	2420	2419	
6	2093	2056	2154	2409	2372	2470	
6	2051	2153	2049	2367	2469	2365	
6	2119	2050	2059	2435	2366	2375	
6	2062	2050	2185	2378	2366	2501	
6	2056	2055	2154	2372	2371	2470	
6	2209	2206	2210	2525	2522	2526	
6	1962	1964	1981	2278	2280	2297	
6	2208	1981	2210	2524	2297	2526	
6	2154	2055	2148	2470	2371	2464	
6	2019	2196	2209	2335	2512	2525	
6	2195	2209	2196	2511	2525	2512	
6	2174	1991	2207	2490	2307	2523	
6	2163	1966	1967	2479	2282	2283	
6	2143	2207	2144	2459	2523	2460	
6	2049	2148	2058	2365	2464	2374	
6	2183	2058	2065	2499	2374	2381	
6	2154	2148	2049	2470	2464	2365	
6	2065	2148	2055	2381	2464	2371	
6	2183	2064	2150	2499	2380	2466	
6	2059	2058	2183	2375	2374	2499	
6	2055	2088	2063	2371	2404	2379	
6	2183	2065	2064	2499	2381	2380	
6	2046	2150	2064	2362	2466	2380	
6	2053	2151	2150	2369	2467	2466	
6	2088	2149	2063	2404	2465	2379	
6	2063	2149	2044	2379	2465	2360	
6	2044	2046	2064	2360	2362	2380	
6	2072	2046	2045	2388	2362	2361	
6	2063	2044	2064	2379	2360	2380	
6	2045	2044	2149	2361	2360	2465	
6	2118	2059	2151	2434	2375	2467	
6	2043	2185	2119	2359	2501	2435	
6	1971	2208	1974	2287	2524	2290	
6	1974	2208	2205	2290	2524	2521	
6	2052	2118	2151	2368	2434	2467	
6	2208	1962	1981	2524	2278	2297	
6	2043	2119	2118	2359	2435	2434	
6	2143	2174	2207	2459	2490	2523	
6	2110	2109	2131	2426	2425	2447	
6	2108	2143	2109	2424	2459	2425	
6	2003	2211	2132	2319	2527	2448	
6	2211	2140	2132	2527	2456	2448	
6	2130	2129	2137	2446	2445	2453	
6	2144	2129	2131	2460	2445	2447	
6	2133	2207	2009	2449	2523	2325	
6	2128	2139	2138	2444	2455	2454	
6	2207	2133	2144	2523	2449	2460	
6	2129	2133	2132	2445	2449	2448	
6	2003	2005	2211	2319	2321	2527	
6	2211	2005	2140	2527	2321	2456	
6	2190	2010	2011	2506	2326	2327	
6	2171	2190	2170	2487	2506	2486	
6	2137	2132	2139	2453	2448	2455	
6	2140	2139	2132	2456	2455	2448	
6	2138	2140	2172	2454	2456	2488	
6	2005	2010	2171	2321	2326	2487	
6	2140	2005	2171	2456	2321	2487	
6	2189	2172	2170	2505	2488	2486	
6	2010	2190	2171	2326	2506	2487	
6	2170	1994	2189	2486	2310	2505	
6	2011	1995	2190	2327	2311	2506	
6	2171	2170	2172	2487	2486	2488	
6	2075	2077	1931	2391	2393	2247	
6	1932	2077	2180	2248	2393	2496	
6	2076	2180	2077	2392	2496	2393	
6	1925	2075	1931	2241	2391	2247	
6	2076	2075	2177	2392	2391	2493	
6	2136	2135	2001	2452	2451	2317	
6	2002	2135	2188	2318	2451	2504	
6	2134	2188	2135	2450	2504	2451	
6	1957	2136	2001	2273	2452	2317	
6	2134	2136	2187	2450	2452	2503	
6	2212	2213	2214	2528	2529	2530	
6	2215	2214	2213	2531	2530	2529	
6	2215	2216	2214	2531	2532	2530	
6	2217	2218	2219	2533	2534	2535	
6	2216	2220	2221	2532	2536	2537	
6	2222	2223	2224	2538	2539	2540	
6	2225	2226	2221	2541	2542	2537	
6	2227	2228	2220	2543	2544	2536	
6	2214	2221	2229	2530	2537	2545	
6	2230	2228	2227	2546	2544	2543	
6	2231	2232	2233	2547	2548	2549	
6	2234	2233	2235	2550	2549	2551	
6	2236	2233	2234	2552	2549	2550	
6	2237	2238	2239	2553	2554	2555	
6	2240	2241	2242	2556	2557	2558	
6	2230	2238	2228	2546	2554	2544	
6	2216	2215	2243	2532	2531	2559	
6	2218	2244	2245	2534	2560	2561	
6	2246	2247	2248	2562	2563	2564	
6	2249	2242	2250	2565	2558	2566	
6	2250	2242	2241	2566	2558	2557	
6	2251	2246	2248	2567	2562	2564	
6	2252	2253	2251	2568	2569	2567	
6	2225	2221	2228	2541	2537	2544	
6	2254	2255	2256	2570	2571	2572	
6	2257	2255	2258	2573	2571	2574	
6	2257	2259	2255	2573	2575	2571	
6	2258	2260	2253	2574	2576	2569	
6	2238	2230	2239	2554	2546	2555	
6	2259	2257	2261	2575	2573	2577	
6	2262	2263	2264	2578	2579	2580	
6	2263	2262	2265	2579	2578	2581	
6	2266	2267	2268	2582	2583	2584	
6	2269	2270	2271	2585	2586	2587	
6	2272	2266	2273	2588	2582	2589	
6	2274	2272	2273	2590	2588	2589	
6	2263	2270	2275	2579	2586	2591	
6	2250	2241	2247	2566	2557	2563	
6	2262	2261	2265	2578	2577	2581	
6	2234	2276	2277	2550	2592	2593	
6	2278	2279	2280	2594	2595	2596	
6	2276	2281	2282	2592	2597	2598	
6	2283	2284	2285	2599	2600	2601	
6	2284	2283	2281	2600	2599	2597	
6	2223	2222	2286	2539	2538	2602	
6	2287	2288	2289	2603	2604	2605	
6	2288	2287	2290	2604	2603	2606	
6	2291	2288	2290	2607	2604	2606	
6	2289	2278	2287	2605	2594	2603	
6	2280	2292	2244	2596	2608	2560	
6	2278	2289	2279	2594	2605	2595	
6	2293	2294	2245	2609	2610	2561	
6	2270	2263	2295	2586	2579	2611	
6	2281	2283	2282	2597	2599	2598	
6	2279	2292	2280	2595	2608	2596	
6	2244	2296	2297	2560	2612	2613	
6	2298	2296	2217	2614	2612	2533	
6	2297	2296	2298	2613	2612	2614	
6	2299	2300	2301	2615	2616	2617	
6	2280	2244	2297	2596	2560	2613	
6	2302	2303	2304	2618	2619	2620	
6	2305	2289	2288	2621	2605	2604	
6	2301	2306	2307	2617	2622	2623	
6	2300	2299	2308	2616	2615	2624	
6	2267	2272	2309	2583	2588	2625	
6	2310	2311	2312	2626	2627	2628	
6	2312	2313	2314	2628	2629	2630	
6	2312	2315	2316	2628	2631	2632	
6	2317	2318	2316	2633	2634	2632	
6	2272	2267	2266	2588	2583	2582	
6	2319	2320	2321	2635	2636	2637	
6	2322	2323	2324	2638	2639	2640	
6	2325	2307	2306	2641	2623	2622	
6	2324	2321	2320	2640	2637	2636	
6	2326	2323	2327	2642	2639	2643	
6	2328	2329	2313	2644	2645	2629	
6	2313	2330	2328	2629	2646	2644	
6	2265	2295	2263	2581	2611	2579	
6	2331	2328	2323	2647	2644	2639	
6	2312	2311	2330	2628	2627	2646	
6	2270	2295	2271	2586	2611	2587	
6	2307	2299	2301	2623	2615	2617	
6	2238	2332	2228	2554	2648	2544	
6	2333	2334	2301	2649	2650	2617	
6	2308	2335	2219	2624	2651	2535	
6	2310	2316	2318	2626	2632	2634	
6	2304	2315	2336	2620	2631	2652	
6	2291	2290	2285	2607	2606	2601	
6	2288	2291	2305	2604	2607	2621	
6	2289	2224	2279	2605	2540	2595	
6	2224	2292	2279	2540	2608	2595	
6	2237	2239	2240	2553	2555	2556	
6	2238	2237	2332	2554	2553	2648	
6	2246	2250	2247	2562	2566	2563	
6	2246	2249	2250	2562	2565	2566	
6	2303	2263	2275	2619	2579	2591	
6	2261	2262	2259	2577	2578	2575	
6	2269	2271	2268	2585	2587	2584	
6	2270	2269	2275	2586	2585	2591	
6	2274	2273	2317	2590	2589	2633	
6	2272	2274	2309	2588	2590	2625	
6	2277	2276	2282	2593	2592	2598	
6	2234	2337	2276	2550	2653	2592	
6	2218	2296	2244	2534	2612	2560	
6	2298	2217	2335	2614	2533	2651	
6	2301	2300	2333	2617	2616	2649	
6	2334	2306	2301	2650	2622	2617	
6	2285	2284	2291	2601	2600	2607	
6	2284	2338	2305	2600	2654	2621	
6	2338	2222	2305	2654	2538	2621	
6	2224	2223	2339	2540	2539	2655	
6	2240	2242	2237	2556	2558	2553	
6	2332	2237	2242	2648	2553	2558	
6	2251	2248	2252	2567	2564	2568	
6	2242	2340	2332	2558	2656	2648	
6	2268	2267	2269	2584	2583	2585	
6	2275	2269	2267	2591	2585	2583	
6	2317	2316	2274	2633	2632	2590	
6	2309	2274	2316	2625	2590	2632	
6	2218	2217	2296	2534	2533	2612	
6	2219	2335	2217	2535	2651	2533	
6	2308	2219	2300	2624	2535	2616	
6	2333	2300	2219	2649	2616	2535	
6	2284	2305	2291	2600	2621	2607	
6	2289	2305	2222	2605	2621	2538	
6	2340	2242	2249	2656	2558	2565	
6	2341	2225	2340	2657	2541	2656	
6	2253	2252	2342	2569	2568	2658	
6	2343	2341	2249	2659	2657	2565	
6	2246	2251	2249	2562	2567	2565	
6	2251	2253	2343	2567	2569	2659	
6	2267	2309	2304	2583	2625	2620	
6	2263	2303	2264	2579	2619	2580	
6	2315	2309	2316	2631	2625	2632	
6	2267	2304	2275	2583	2620	2591	
6	2292	2293	2244	2608	2609	2560	
6	2219	2344	2333	2535	2660	2649	
6	2337	2338	2284	2653	2654	2600	
6	2222	2338	2286	2538	2654	2602	
6	2281	2337	2284	2597	2653	2600	
6	2223	2337	2345	2539	2653	2661	
6	2338	2337	2286	2654	2653	2602	
6	2337	2223	2286	2653	2539	2602	
6	2222	2224	2289	2538	2540	2605	
6	2292	2224	2346	2608	2540	2662	
6	2346	2224	2339	2662	2540	2655	
6	2293	2245	2244	2609	2561	2560	
6	2302	2347	2264	2618	2663	2580	
6	2255	2259	2264	2571	2575	2580	
6	2262	2264	2259	2578	2580	2575	
6	2255	2264	2347	2571	2580	2663	
6	2277	2236	2234	2593	2552	2550	
6	2337	2281	2276	2653	2597	2592	
6	2344	2219	2218	2660	2535	2534	
6	2320	2306	2348	2636	2622	2664	
6	2349	2218	2245	2665	2534	2561	
6	2334	2344	2350	2650	2660	2666	
6	2344	2334	2333	2660	2650	2649	
6	2350	2348	2334	2666	2664	2650	
6	2342	2257	2258	2658	2573	2574	
6	2251	2343	2249	2567	2659	2565	
6	2249	2341	2340	2565	2657	2656	
6	2225	2341	2226	2541	2657	2542	
6	2312	2316	2310	2628	2632	2626	
6	2314	2336	2315	2630	2652	2631	
6	2315	2304	2309	2631	2620	2625	
6	2302	2304	2336	2618	2620	2652	
6	2256	2255	2347	2572	2571	2663	
6	2258	2253	2342	2574	2569	2658	
6	2236	2231	2233	2552	2547	2549	
6	2337	2234	2345	2653	2550	2661	
6	2340	2225	2332	2656	2541	2648	
6	2228	2332	2225	2544	2648	2541	
6	2294	2350	2245	2610	2666	2561	
6	2218	2349	2344	2534	2665	2660	
6	2245	2350	2349	2561	2666	2665	
6	2350	2344	2349	2666	2660	2665	
6	2304	2303	2275	2620	2619	2591	
6	2302	2264	2303	2618	2580	2619	
6	2213	2351	2215	2529	2667	2531	
6	2235	2232	2215	2551	2548	2531	
6	2221	2220	2228	2537	2536	2544	
6	2226	2229	2221	2542	2545	2537	
6	2311	2327	2330	2627	2643	2646	
6	2315	2312	2314	2631	2628	2630	
6	2306	2319	2325	2622	2635	2641	
6	2348	2322	2320	2664	2638	2636	
6	2324	2326	2321	2640	2642	2637	
6	2322	2331	2323	2638	2647	2639	
6	2352	2353	2339	2668	2669	2655	
6	2353	2294	2293	2669	2610	2609	
6	2348	2306	2334	2664	2622	2650	
6	2319	2306	2320	2635	2622	2636	
6	2255	2254	2258	2571	2570	2574	
6	2260	2354	2343	2576	2670	2659	
6	2260	2343	2253	2576	2659	2569	
6	2341	2343	2354	2657	2659	2670	
6	2231	2243	2232	2547	2559	2548	
6	2235	2345	2234	2551	2661	2550	
6	2328	2330	2327	2644	2646	2643	
6	2313	2312	2330	2629	2628	2646	
6	2322	2324	2320	2638	2640	2636	
6	2323	2326	2324	2639	2642	2640	
6	2353	2293	2346	2669	2609	2662	
6	2292	2346	2293	2608	2662	2609	
6	2258	2254	2260	2574	2570	2576	
6	2254	2354	2260	2570	2670	2576	
6	2243	2215	2232	2559	2531	2548	
6	2235	2215	2351	2551	2531	2667	
6	2323	2328	2327	2639	2644	2643	
6	2329	2328	2331	2645	2644	2647	
6	2233	2232	2235	2549	2548	2551	
6	2345	2235	2351	2661	2551	2667	
6	2339	2353	2346	2655	2669	2662	
6	2294	2353	2352	2610	2669	2668	
6	2221	2214	2216	2537	2530	2532	
6	2212	2214	2229	2528	2530	2545	
6	2355	2356	2357	2671	2672	2673	
6	2236	2358	2359	2552	2674	2675	
6	2360	2361	2362	2676	2677	2678	
6	2355	2363	2364	2671	2679	2680	
6	2365	2366	2367	2681	2682	2683	
6	2368	2369	2370	2684	2685	2686	
6	2371	2372	2373	2687	2688	2689	
6	2374	2375	2366	2690	2691	2682	
6	2376	2377	2378	2692	2693	2694	
6	2379	2380	2381	2695	2696	2697	
6	2382	2383	2384	2698	2699	2700	
6	2371	2379	2381	2687	2695	2697	
6	2385	2386	2387	2701	2702	2703	
6	2369	2388	2370	2685	2704	2686	
6	2389	2390	2386	2705	2706	2702	
6	2391	2392	2393	2707	2708	2709	
6	2394	2387	2395	2710	2703	2711	
6	2396	2397	2373	2712	2713	2689	
6	2398	2399	2400	2714	2715	2716	
6	2401	2395	2402	2717	2711	2718	
6	2402	2397	2403	2718	2713	2719	
6	2397	2386	2390	2713	2702	2706	
6	2363	2404	2405	2679	2720	2721	
6	2398	2406	2407	2714	2722	2723	
6	2408	2373	2372	2724	2689	2688	
6	2385	2392	2389	2701	2708	2705	
6	2409	2410	2408	2725	2726	2724	
6	2411	2412	2413	2727	2728	2729	
6	2414	2415	2416	2730	2731	2732	
6	2408	2410	2417	2724	2726	2733	
6	2418	2419	2420	2734	2735	2736	
6	2421	2422	2423	2737	2738	2739	
6	2424	2425	2426	2740	2741	2742	
6	2427	2428	2429	2743	2744	2745	
6	2430	2431	2432	2746	2747	2748	
6	2433	2428	2427	2749	2744	2743	
6	2375	2434	2435	2691	2750	2751	
6	2408	2417	2436	2724	2733	2752	
6	2437	2438	2439	2753	2754	2755	
6	2437	2408	2436	2753	2724	2752	
6	2440	2441	2442	2756	2757	2758	
6	2439	2443	2437	2755	2759	2753	
6	2438	2444	2440	2754	2760	2756	
6	2443	2406	2403	2759	2722	2719	
6	2445	2446	2447	2761	2762	2763	
6	2448	2449	2319	2764	2765	2635	
6	2450	2451	2452	2766	2767	2768	
6	2448	2453	2445	2764	2769	2761	
6	2454	2455	2456	2770	2771	2772	
6	2454	2441	2444	2770	2757	2760	
6	2417	2447	2446	2733	2763	2762	
6	2457	2458	2261	2773	2774	2577	
6	2459	2460	2425	2775	2776	2741	
6	2396	2437	2397	2712	2753	2713	
6	2461	2359	2368	2777	2675	2684	
6	2462	2401	2463	2778	2717	2779	
6	2381	2374	2464	2697	2690	2780	
6	2357	2361	2465	2673	2677	2781	
6	2466	2467	2375	2782	2783	2691	
6	2356	2355	2240	2672	2671	2556	
6	2230	2468	2356	2546	2784	2672	
6	2365	2469	2470	2681	2785	2786	
6	2469	2377	2471	2785	2693	2787	
6	2409	2408	2372	2725	2724	2688	
6	2472	2388	2473	2788	2704	2789	
6	2409	2470	2469	2725	2786	2785	
6	2413	2416	2427	2729	2732	2743	
6	2412	2376	2474	2728	2692	2790	
6	2373	2405	2404	2689	2721	2720	
6	2371	2373	2404	2687	2689	2720	
6	2373	2397	2390	2689	2713	2706	
6	2252	2475	2342	2568	2791	2658	
6	2405	2373	2390	2721	2689	2706	
6	2397	2402	2395	2713	2718	2711	
6	2386	2397	2395	2702	2713	2711	
6	2408	2437	2396	2724	2753	2712	
6	2373	2408	2396	2689	2724	2712	
6	2437	2443	2403	2753	2759	2719	
6	2400	2401	2402	2716	2717	2718	
6	2397	2437	2403	2713	2753	2719	
6	2399	2271	2476	2715	2587	2792	
6	2399	2398	2266	2715	2714	2582	
6	2393	2248	2247	2709	2564	2563	
6	2388	2361	2473	2704	2677	2789	
6	2429	2417	2410	2745	2733	2726	
6	2411	2410	2409	2727	2726	2725	
6	2424	2428	2432	2740	2744	2748	
6	2433	2416	2415	2749	2732	2731	
6	2417	2429	2426	2733	2745	2742	
6	2423	2477	2414	2739	2793	2730	
6	2447	2417	2426	2763	2733	2742	
6	2283	2478	2479	2599	2794	2795	
6	2480	2481	2482	2796	2797	2798	
6	2483	2484	2421	2799	2800	2737	
6	2438	2437	2436	2754	2753	2752	
6	2417	2438	2436	2733	2754	2752	
6	2485	2439	2440	2801	2755	2756	
6	2438	2440	2439	2754	2756	2755	
6	2455	2444	2453	2771	2760	2769	
6	2310	2486	2311	2626	2802	2627	
6	2438	2453	2444	2754	2769	2760	
6	2438	2417	2446	2754	2733	2762	
6	2453	2438	2446	2769	2754	2762	
6	2456	2487	2488	2772	2803	2804	
6	2459	2424	2489	2775	2740	2805	
6	2490	2491	2420	2806	2807	2736	
6	2459	2491	2490	2775	2807	2806	
6	2492	2461	2368	2808	2777	2684	
6	2366	2378	2367	2682	2694	2683	
6	2451	2318	2317	2767	2634	2633	
6	2485	2442	2450	2801	2758	2766	
6	2357	2465	2363	2673	2781	2679	
6	2362	2388	2369	2678	2704	2685	
6	2404	2363	2465	2720	2679	2781	
6	2364	2363	2405	2680	2679	2721	
6	2355	2357	2363	2671	2673	2679	
6	2361	2357	2473	2677	2673	2789	
6	2389	2364	2405	2705	2680	2721	
6	2364	2392	2493	2680	2708	2809	
6	2370	2388	2472	2686	2704	2788	
6	2362	2369	2466	2678	2685	2782	
6	2468	2472	2473	2784	2788	2789	
6	2494	2370	2472	2810	2686	2788	
6	2495	2370	2494	2811	2686	2810	
6	2494	2472	2227	2810	2788	2543	
6	2492	2370	2495	2808	2686	2811	
6	2390	2389	2405	2706	2705	2721	
6	2385	2389	2386	2701	2705	2702	
6	2493	2355	2364	2809	2671	2680	
6	2493	2240	2355	2809	2556	2671	
6	2364	2389	2392	2680	2705	2708	
6	2356	2240	2239	2672	2556	2555	
6	2468	2230	2227	2784	2546	2543	
6	2473	2357	2356	2789	2673	2672	
6	2386	2395	2387	2702	2711	2703	
6	2496	2392	2385	2812	2708	2701	
6	2387	2394	2497	2703	2710	2813	
6	2498	2248	2496	2814	2564	2812	
6	2468	2227	2472	2784	2543	2788	
6	2391	2241	2493	2707	2557	2809	
6	2493	2241	2240	2809	2557	2556	
6	2356	2239	2230	2672	2555	2546	
6	2356	2468	2473	2672	2784	2789	
6	2385	2387	2496	2701	2703	2812	
6	2498	2496	2387	2814	2812	2703	
6	2494	2227	2220	2810	2543	2536	
6	2369	2368	2467	2685	2684	2783	
6	2375	2499	2466	2691	2815	2782	
6	2394	2401	2462	2710	2717	2778	
6	2498	2475	2252	2814	2791	2568	
6	2216	2500	2220	2532	2816	2536	
6	2461	2492	2231	2777	2808	2547	
6	2500	2494	2220	2816	2810	2536	
6	2243	2495	2500	2559	2811	2816	
6	2243	2231	2492	2559	2547	2808	
6	2243	2500	2216	2559	2816	2532	
6	2495	2494	2500	2811	2810	2816	
6	2498	2387	2497	2814	2703	2813	
6	2248	2498	2252	2564	2814	2568	
6	2358	2236	2277	2674	2552	2593	
6	2434	2368	2359	2750	2684	2675	
6	2435	2501	2366	2751	2817	2682	
6	2370	2492	2368	2686	2808	2684	
6	2243	2492	2495	2559	2808	2811	
6	2231	2236	2461	2547	2552	2777	
6	2359	2461	2236	2675	2777	2552	
6	2501	2358	2484	2817	2674	2800	
6	2484	2277	2422	2800	2593	2738	
6	2359	2358	2501	2675	2674	2817	
6	2358	2277	2484	2674	2593	2800	
6	2400	2402	2406	2716	2718	2722	
6	2502	2463	2476	2818	2779	2792	
6	2403	2406	2402	2719	2722	2718	
6	2407	2406	2443	2723	2722	2759	
6	2398	2400	2406	2714	2716	2722	
6	2401	2400	2463	2717	2716	2779	
6	2485	2407	2443	2801	2723	2759	
6	2407	2450	2503	2723	2766	2819	
6	2462	2502	2497	2778	2818	2813	
6	2395	2401	2394	2711	2717	2710	
6	2394	2462	2497	2710	2778	2813	
6	2498	2497	2475	2814	2813	2791	
6	2458	2497	2502	2774	2813	2818	
6	2462	2463	2502	2778	2779	2818	
6	2458	2265	2261	2774	2581	2577	
6	2439	2485	2443	2755	2801	2759	
6	2442	2485	2440	2758	2801	2756	
6	2503	2398	2407	2819	2714	2723	
6	2503	2266	2398	2819	2582	2714	
6	2407	2485	2450	2723	2801	2766	
6	2399	2266	2268	2715	2582	2584	
6	2476	2271	2295	2792	2587	2611	
6	2463	2400	2399	2779	2716	2715	
6	2502	2265	2458	2818	2581	2774	
6	2458	2457	2475	2774	2773	2791	
6	2440	2444	2441	2756	2760	2757	
6	2504	2450	2442	2820	2766	2758	
6	2441	2454	2488	2757	2770	2804	
6	2505	2318	2504	2821	2634	2820	
6	2476	2295	2502	2792	2611	2818	
6	2452	2273	2503	2768	2589	2819	
6	2503	2273	2266	2819	2589	2582	
6	2399	2268	2271	2715	2584	2587	
6	2399	2476	2463	2715	2792	2779	
6	2442	2441	2504	2758	2757	2820	
6	2505	2504	2441	2821	2820	2757	
6	2457	2261	2257	2773	2577	2573	
6	2460	2449	2445	2776	2765	2761	
6	2486	2506	2311	2802	2822	2627	
6	2458	2475	2497	2774	2791	2813	
6	2257	2342	2457	2573	2658	2773	
6	2475	2457	2342	2791	2773	2658	
6	2505	2441	2488	2821	2757	2804	
6	2318	2505	2310	2634	2821	2626	
6	2474	2376	2507	2790	2692	2823	
6	2502	2295	2265	2818	2611	2581	
6	2508	2509	2510	2824	2825	2826	
6	2511	2482	2382	2827	2798	2698	
6	2420	2480	2512	2736	2796	2828	
6	2479	2423	2422	2795	2739	2738	
6	2422	2277	2282	2738	2593	2598	
6	2421	2513	2483	2737	2829	2799	
6	2479	2422	2282	2795	2738	2598	
6	2421	2484	2422	2737	2800	2738	
6	2478	2283	2285	2794	2599	2601	
6	2479	2514	2423	2795	2830	2739	
6	2477	2423	2514	2793	2739	2830	
6	2507	2423	2414	2823	2739	2730	
6	2510	2477	2514	2826	2793	2830	
6	2430	2415	2509	2746	2731	2825	
6	2515	2516	2384	2831	2832	2700	
6	2516	2515	2517	2832	2831	2833	
6	2414	2477	2415	2730	2793	2731	
6	2477	2510	2509	2793	2826	2825	
6	2433	2427	2416	2749	2743	2732	
6	2413	2427	2429	2729	2743	2745	
6	2433	2432	2428	2749	2748	2744	
6	2413	2474	2416	2729	2790	2732	
6	2412	2377	2376	2728	2693	2692	
6	2414	2416	2474	2730	2732	2790	
6	2424	2426	2428	2740	2742	2744	
6	2429	2428	2426	2745	2744	2742	
6	2411	2413	2429	2727	2729	2745	
6	2412	2474	2413	2728	2790	2729	
6	2378	2513	2376	2694	2829	2692	
6	2513	2507	2376	2829	2823	2692	
6	2433	2430	2432	2749	2746	2748	
6	2481	2489	2431	2797	2805	2747	
6	2410	2411	2429	2726	2727	2745	
6	2471	2411	2409	2787	2727	2725	
6	2412	2471	2377	2728	2787	2693	
6	2367	2377	2469	2683	2693	2785	
6	2501	2513	2378	2817	2829	2694	
6	2507	2513	2421	2823	2829	2737	
6	2415	2430	2433	2731	2746	2749	
6	2432	2431	2489	2748	2747	2805	
6	2420	2491	2480	2736	2807	2796	
6	2424	2432	2489	2740	2748	2805	
6	2411	2471	2412	2727	2787	2728	
6	2469	2471	2409	2785	2787	2725	
6	2365	2374	2366	2681	2690	2682	
6	2378	2377	2367	2694	2693	2683	
6	2513	2501	2483	2829	2817	2799	
6	2501	2484	2483	2817	2800	2799	
6	2423	2507	2421	2739	2823	2737	
6	2507	2414	2474	2823	2730	2790	
6	2430	2518	2431	2746	2834	2747	
6	2489	2481	2491	2805	2797	2807	
6	2518	2383	2431	2834	2699	2747	
6	2481	2431	2383	2797	2747	2699	
6	2384	2516	2382	2700	2832	2698	
6	2481	2383	2482	2797	2699	2798	
6	2514	2519	2510	2830	2835	2826	
6	2517	2520	2516	2833	2836	2832	
6	2511	2382	2520	2827	2698	2836	
6	2481	2480	2491	2797	2796	2807	
6	2382	2482	2383	2698	2798	2699	
6	2482	2511	2480	2798	2827	2796	
6	2384	2383	2518	2700	2699	2834	
6	2382	2516	2520	2698	2832	2836	
6	2511	2512	2480	2827	2828	2796	
6	2418	2512	2308	2734	2828	2624	
6	2518	2508	2384	2834	2824	2700	
6	2384	2508	2515	2700	2824	2831	
6	2509	2508	2518	2825	2824	2834	
6	2508	2510	2515	2824	2826	2831	
6	2430	2509	2518	2746	2825	2834	
6	2509	2415	2477	2825	2731	2793	
6	2519	2515	2510	2835	2831	2826	
6	2521	2519	2478	2837	2835	2794	
6	2521	2515	2519	2837	2831	2835	
6	2512	2335	2308	2828	2651	2624	
6	2511	2520	2522	2827	2836	2838	
6	2479	2478	2514	2795	2794	2830	
6	2425	2460	2447	2741	2776	2763	
6	2307	2325	2523	2623	2641	2839	
6	2514	2478	2519	2830	2794	2835	
6	2290	2478	2285	2606	2794	2601	
6	2278	2524	2287	2594	2840	2603	
6	2522	2520	2517	2838	2836	2833	
6	2517	2524	2522	2833	2840	2838	
6	2511	2522	2525	2827	2838	2841	
6	2449	2325	2319	2765	2641	2635	
6	2515	2521	2517	2831	2837	2833	
6	2478	2290	2521	2794	2606	2837	
6	2298	2526	2297	2614	2842	2613	
6	2524	2517	2521	2840	2833	2837	
6	2526	2298	2525	2842	2614	2841	
6	2490	2419	2307	2806	2735	2623	
6	2512	2418	2420	2828	2734	2736	
6	2491	2459	2489	2807	2775	2805	
6	2526	2522	2524	2842	2838	2840	
6	2298	2335	2525	2614	2651	2841	
6	2308	2299	2418	2624	2615	2734	
6	2419	2418	2299	2735	2734	2615	
6	2307	2419	2299	2623	2735	2615	
6	2490	2420	2419	2806	2736	2735	
6	2409	2372	2470	2725	2688	2786	
6	2367	2469	2365	2683	2785	2681	
6	2435	2366	2375	2751	2682	2691	
6	2378	2366	2501	2694	2682	2817	
6	2372	2371	2470	2688	2687	2786	
6	2525	2522	2526	2841	2838	2842	
6	2278	2280	2297	2594	2596	2613	
6	2524	2297	2526	2840	2613	2842	
6	2470	2371	2464	2786	2687	2780	
6	2335	2512	2525	2651	2828	2841	
6	2511	2525	2512	2827	2841	2828	
6	2490	2307	2523	2806	2623	2839	
6	2479	2282	2283	2795	2598	2599	
6	2459	2523	2460	2775	2839	2776	
6	2365	2464	2374	2681	2780	2690	
6	2499	2374	2381	2815	2690	2697	
6	2470	2464	2365	2786	2780	2681	
6	2381	2464	2371	2697	2780	2687	
6	2499	2380	2466	2815	2696	2782	
6	2375	2374	2499	2691	2690	2815	
6	2371	2404	2379	2687	2720	2695	
6	2499	2381	2380	2815	2697	2696	
6	2362	2466	2380	2678	2782	2696	
6	2369	2467	2466	2685	2783	2782	
6	2404	2465	2379	2720	2781	2695	
6	2379	2465	2360	2695	2781	2676	
6	2360	2362	2380	2676	2678	2696	
6	2388	2362	2361	2704	2678	2677	
6	2379	2360	2380	2695	2676	2696	
6	2361	2360	2465	2677	2676	2781	
6	2434	2375	2467	2750	2691	2783	
6	2359	2501	2435	2675	2817	2751	
6	2287	2524	2290	2603	2840	2606	
6	2290	2524	2521	2606	2840	2837	
6	2368	2434	2467	2684	2750	2783	
6	2524	2278	2297	2840	2594	2613	
6	2359	2435	2434	2675	2751	2750	
6	2459	2490	2523	2775	2806	2839	
6	2426	2425	2447	2742	2741	2763	
6	2424	2459	2425	2740	2775	2741	
6	2319	2527	2448	2635	2843	2764	
6	2527	2456	2448	2843	2772	2764	
6	2446	2445	2453	2762	2761	2769	
6	2460	2445	2447	2776	2761	2763	
6	2449	2523	2325	2765	2839	2641	
6	2444	2455	2454	2760	2771	2770	
6	2523	2449	2460	2839	2765	2776	
6	2445	2449	2448	2761	2765	2764	
6	2319	2321	2527	2635	2637	2843	
6	2527	2321	2456	2843	2637	2772	
6	2506	2326	2327	2822	2642	2643	
6	2487	2506	2486	2803	2822	2802	
6	2453	2448	2455	2769	2764	2771	
6	2456	2455	2448	2772	2771	2764	
6	2454	2456	2488	2770	2772	2804	
6	2321	2326	2487	2637	2642	2803	
6	2456	2321	2487	2772	2637	2803	
6	2505	2488	2486	2821	2804	2802	
6	2326	2506	2487	2642	2822	2803	
6	2486	2310	2505	2802	2626	2821	
6	2327	2311	2506	2643	2627	2822	
6	2487	2486	2488	2803	2802	2804	
6	2391	2393	2247	2707	2709	2563	
6	2248	2393	2496	2564	2709	2812	
6	2392	2496	2393	2708	2812	2709	
6	2241	2391	2247	2557	2707	2563	
6	2392	2391	2493	2708	2707	2809	
6	2452	2451	2317	2768	2767	2633	
6	2318	2451	2504	2634	2767	2820	
6	2450	2504	2451	2766	2820	2767	
6	2273	2452	2317	2589	2768	2633	
6	2450	2452	2503	2766	2768	2819	
6	2528	2529	2530	2844	2845	2846	
6	2531	2530	2529	2847	2846	2845	
6	2531	2532	2530	2847	2848	2846	
6	2533	2534	2535	2849	2850	2851	
6	2532	2536	2537	2848	2852	2853	
6	2538	2539	2540	2854	2855	2856	
6	2541	2542	2537	2857	2858	2853	
6	2543	2544	2536	2859	2860	2852	
6	2530	2537	2545	2846	2853	2861	
6	2546	2544	2543	2862	2860	2859	
6	2547	2548	2549	2863	2864	2865	
6	2550	2549	2551	2866	2865	2867	
6	2552	2549	2550	2868	2865	2866	
6	2553	2554	2555	2869	2870	2871	
6	2556	2557	2558	2872	2873	2874	
6	2546	2554	2544	2862	2870	2860	
6	2532	2531	2559	2848	2847	2875	
6	2534	2560	2561	2850	2876	2877	
6	2562	2563	2564	2878	2879	2880	
6	2565	2558	2566	2881	2874	2882	
6	2566	2558	2557	2882	2874	2873	
6	2567	2562	2564	2883	2878	2880	
6	2568	2569	2567	2884	2885	2883	
6	2541	2537	2544	2857	2853	2860	
6	2570	2571	2572	2886	2887	2888	
6	2573	2571	2574	2889	2887	2890	
6	2573	2575	2571	2889	2891	2887	
6	2574	2576	2569	2890	2892	2885	
6	2554	2546	2555	2870	2862	2871	
6	2575	2573	2577	2891	2889	2893	
6	2578	2579	2580	2894	2895	2896	
6	2579	2578	2581	2895	2894	2897	
6	2582	2583	2584	2898	2899	2900	
6	2585	2586	2587	2901	2902	2903	
6	2588	2582	2589	2904	2898	2905	
6	2590	2588	2589	2906	2904	2905	
6	2579	2586	2591	2895	2902	2907	
6	2566	2557	2563	2882	2873	2879	
6	2578	2577	2581	2894	2893	2897	
6	2550	2592	2593	2866	2908	2909	
6	2594	2595	2596	2910	2911	2912	
6	2592	2597	2598	2908	2913	2914	
6	2599	2600	2601	2915	2916	2917	
6	2600	2599	2597	2916	2915	2913	
6	2539	2538	2602	2855	2854	2918	
6	2603	2604	2605	2919	2920	2921	
6	2604	2603	2606	2920	2919	2922	
6	2607	2604	2606	2923	2920	2922	
6	2605	2594	2603	2921	2910	2919	
6	2596	2608	2560	2912	2924	2876	
6	2594	2605	2595	2910	2921	2911	
6	2609	2610	2561	2925	2926	2877	
6	2586	2579	2611	2902	2895	2927	
6	2597	2599	2598	2913	2915	2914	
6	2595	2608	2596	2911	2924	2912	
6	2560	2612	2613	2876	2928	2929	
6	2614	2612	2533	2930	2928	2849	
6	2613	2612	2614	2929	2928	2930	
6	2615	2616	2617	2931	2932	2933	
6	2596	2560	2613	2912	2876	2929	
6	2618	2619	2620	2934	2935	2936	
6	2621	2605	2604	2937	2921	2920	
6	2617	2622	2623	2933	2938	2939	
6	2616	2615	2624	2932	2931	2940	
6	2583	2588	2625	2899	2904	2941	
6	2626	2627	2628	2942	2943	2944	
6	2628	2629	2630	2944	2945	2946	
6	2628	2631	2632	2944	2947	2948	
6	2633	2634	2632	2949	2950	2948	
6	2588	2583	2582	2904	2899	2898	
6	2635	2636	2637	2951	2952	2953	
6	2638	2639	2640	2954	2955	2956	
6	2641	2623	2622	2957	2939	2938	
6	2640	2637	2636	2956	2953	2952	
6	2642	2639	2643	2958	2955	2959	
6	2644	2645	2629	2960	2961	2945	
6	2629	2646	2644	2945	2962	2960	
6	2581	2611	2579	2897	2927	2895	
6	2647	2644	2639	2963	2960	2955	
6	2628	2627	2646	2944	2943	2962	
6	2586	2611	2587	2902	2927	2903	
6	2623	2615	2617	2939	2931	2933	
6	2554	2648	2544	2870	2964	2860	
6	2649	2650	2617	2965	2966	2933	
6	2624	2651	2535	2940	2967	2851	
6	2626	2632	2634	2942	2948	2950	
6	2620	2631	2652	2936	2947	2968	
6	2607	2606	2601	2923	2922	2917	
6	2604	2607	2621	2920	2923	2937	
6	2605	2540	2595	2921	2856	2911	
6	2540	2608	2595	2856	2924	2911	
6	2553	2555	2556	2869	2871	2872	
6	2554	2553	2648	2870	2869	2964	
6	2562	2566	2563	2878	2882	2879	
6	2562	2565	2566	2878	2881	2882	
6	2619	2579	2591	2935	2895	2907	
6	2577	2578	2575	2893	2894	2891	
6	2585	2587	2584	2901	2903	2900	
6	2586	2585	2591	2902	2901	2907	
6	2590	2589	2633	2906	2905	2949	
6	2588	2590	2625	2904	2906	2941	
6	2593	2592	2598	2909	2908	2914	
6	2550	2653	2592	2866	2969	2908	
6	2534	2612	2560	2850	2928	2876	
6	2614	2533	2651	2930	2849	2967	
6	2617	2616	2649	2933	2932	2965	
6	2650	2622	2617	2966	2938	2933	
6	2601	2600	2607	2917	2916	2923	
6	2600	2654	2621	2916	2970	2937	
6	2654	2538	2621	2970	2854	2937	
6	2540	2539	2655	2856	2855	2971	
6	2556	2558	2553	2872	2874	2869	
6	2648	2553	2558	2964	2869	2874	
6	2567	2564	2568	2883	2880	2884	
6	2558	2656	2648	2874	2972	2964	
6	2584	2583	2585	2900	2899	2901	
6	2591	2585	2583	2907	2901	2899	
6	2633	2632	2590	2949	2948	2906	
6	2625	2590	2632	2941	2906	2948	
6	2534	2533	2612	2850	2849	2928	
6	2535	2651	2533	2851	2967	2849	
6	2624	2535	2616	2940	2851	2932	
6	2649	2616	2535	2965	2932	2851	
6	2600	2621	2607	2916	2937	2923	
6	2605	2621	2538	2921	2937	2854	
6	2656	2558	2565	2972	2874	2881	
6	2657	2541	2656	2973	2857	2972	
6	2569	2568	2658	2885	2884	2974	
6	2659	2657	2565	2975	2973	2881	
6	2562	2567	2565	2878	2883	2881	
6	2567	2569	2659	2883	2885	2975	
6	2583	2625	2620	2899	2941	2936	
6	2579	2619	2580	2895	2935	2896	
6	2631	2625	2632	2947	2941	2948	
6	2583	2620	2591	2899	2936	2907	
6	2608	2609	2560	2924	2925	2876	
6	2535	2660	2649	2851	2976	2965	
6	2653	2654	2600	2969	2970	2916	
6	2538	2654	2602	2854	2970	2918	
6	2597	2653	2600	2913	2969	2916	
6	2539	2653	2661	2855	2969	2977	
6	2654	2653	2602	2970	2969	2918	
6	2653	2539	2602	2969	2855	2918	
6	2538	2540	2605	2854	2856	2921	
6	2608	2540	2662	2924	2856	2978	
6	2662	2540	2655	2978	2856	2971	
6	2609	2561	2560	2925	2877	2876	
6	2618	2663	2580	2934	2979	2896	
6	2571	2575	2580	2887	2891	2896	
6	2578	2580	2575	2894	2896	2891	
6	2571	2580	2663	2887	2896	2979	
6	2593	2552	2550	2909	2868	2866	
6	2653	2597	2592	2969	2913	2908	
6	2660	2535	2534	2976	2851	2850	
6	2636	2622	2664	2952	2938	2980	
6	2665	2534	2561	2981	2850	2877	
6	2650	2660	2666	2966	2976	2982	
6	2660	2650	2649	2976	2966	2965	
6	2666	2664	2650	2982	2980	2966	
6	2658	2573	2574	2974	2889	2890	
6	2567	2659	2565	2883	2975	2881	
6	2565	2657	2656	2881	2973	2972	
6	2541	2657	2542	2857	2973	2858	
6	2628	2632	2626	2944	2948	2942	
6	2630	2652	2631	2946	2968	2947	
6	2631	2620	2625	2947	2936	2941	
6	2618	2620	2652	2934	2936	2968	
6	2572	2571	2663	2888	2887	2979	
6	2574	2569	2658	2890	2885	2974	
6	2552	2547	2549	2868	2863	2865	
6	2653	2550	2661	2969	2866	2977	
6	2656	2541	2648	2972	2857	2964	
6	2544	2648	2541	2860	2964	2857	
6	2610	2666	2561	2926	2982	2877	
6	2534	2665	2660	2850	2981	2976	
6	2561	2666	2665	2877	2982	2981	
6	2666	2660	2665	2982	2976	2981	
6	2620	2619	2591	2936	2935	2907	
6	2618	2580	2619	2934	2896	2935	
6	2529	2667	2531	2845	2983	2847	
6	2551	2548	2531	2867	2864	2847	
6	2537	2536	2544	2853	2852	2860	
6	2542	2545	2537	2858	2861	2853	
6	2627	2643	2646	2943	2959	2962	
6	2631	2628	2630	2947	2944	2946	
6	2622	2635	2641	2938	2951	2957	
6	2664	2638	2636	2980	2954	2952	
6	2640	2642	2637	2956	2958	2953	
6	2638	2647	2639	2954	2963	2955	
6	2668	2669	2655	2984	2985	2971	
6	2669	2610	2609	2985	2926	2925	
6	2664	2622	2650	2980	2938	2966	
6	2635	2622	2636	2951	2938	2952	
6	2571	2570	2574	2887	2886	2890	
6	2576	2670	2659	2892	2986	2975	
6	2576	2659	2569	2892	2975	2885	
6	2657	2659	2670	2973	2975	2986	
6	2547	2559	2548	2863	2875	2864	
6	2551	2661	2550	2867	2977	2866	
6	2644	2646	2643	2960	2962	2959	
6	2629	2628	2646	2945	2944	2962	
6	2638	2640	2636	2954	2956	2952	
6	2639	2642	2640	2955	2958	2956	
6	2669	2609	2662	2985	2925	2978	
6	2608	2662	2609	2924	2978	2925	
6	2574	2570	2576	2890	2886	2892	
6	2570	2670	2576	2886	2986	2892	
6	2559	2531	2548	2875	2847	2864	
6	2551	2531	2667	2867	2847	2983	
6	2639	2644	2643	2955	2960	2959	
6	2645	2644	2647	2961	2960	2963	
6	2549	2548	2551	2865	2864	2867	
6	2661	2551	2667	2977	2867	2983	
6	2655	2669	2662	2971	2985	2978	
6	2610	2669	2668	2926	2985	2984	
6	2537	2530	2532	2853	2846	2848	
6	2528	2530	2545	2844	2846	2861	
6	2671	2672	2673	2987	2988	2989	
6	2552	2674	2675	2868	2990	2991	
6	2676	2677	2678	2992	2993	2994	
6	2671	2679	2680	2987	2995	2996	
6	2681	2682	2683	2997	2998	2999	
6	2684	2685	2686	3000	3001	3002	
6	2687	2688	2689	3003	3004	3005	
6	2690	2691	2682	3006	3007	2998	
6	2692	2693	2694	3008	3009	3010	
6	2695	2696	2697	3011	3012	3013	
6	2698	2699	2700	3014	3015	3016	
6	2687	2695	2697	3003	3011	3013	
6	2701	2702	2703	3017	3018	3019	
6	2685	2704	2686	3001	3020	3002	
6	2705	2706	2702	3021	3022	3018	
6	2707	2708	2709	3023	3024	3025	
6	2710	2703	2711	3026	3019	3027	
6	2712	2713	2689	3028	3029	3005	
6	2714	2715	2716	3030	3031	3032	
6	2717	2711	2718	3033	3027	3034	
6	2718	2713	2719	3034	3029	3035	
6	2713	2702	2706	3029	3018	3022	
6	2679	2720	2721	2995	3036	3037	
6	2714	2722	2723	3030	3038	3039	
6	2724	2689	2688	3040	3005	3004	
6	2701	2708	2705	3017	3024	3021	
6	2725	2726	2724	3041	3042	3040	
6	2727	2728	2729	3043	3044	3045	
6	2730	2731	2732	3046	3047	3048	
6	2724	2726	2733	3040	3042	3049	
6	2734	2735	2736	3050	3051	3052	
6	2737	2738	2739	3053	3054	3055	
6	2740	2741	2742	3056	3057	3058	
6	2743	2744	2745	3059	3060	3061	
6	2746	2747	2748	3062	3063	3064	
6	2749	2744	2743	3065	3060	3059	
6	2691	2750	2751	3007	3066	3067	
6	2724	2733	2752	3040	3049	3068	
6	2753	2754	2755	3069	3070	3071	
6	2753	2724	2752	3069	3040	3068	
6	2756	2757	2758	3072	3073	3074	
6	2755	2759	2753	3071	3075	3069	
6	2754	2760	2756	3070	3076	3072	
6	2759	2722	2719	3075	3038	3035	
6	2761	2762	2763	3077	3078	3079	
6	2764	2765	2635	3080	3081	2951	
6	2766	2767	2768	3082	3083	3084	
6	2764	2769	2761	3080	3085	3077	
6	2770	2771	2772	3086	3087	3088	
6	2770	2757	2760	3086	3073	3076	
6	2733	2763	2762	3049	3079	3078	
6	2773	2774	2577	3089	3090	2893	
6	2775	2776	2741	3091	3092	3057	
6	2712	2753	2713	3028	3069	3029	
6	2777	2675	2684	3093	2991	3000	
6	2778	2717	2779	3094	3033	3095	
6	2697	2690	2780	3013	3006	3096	
6	2673	2677	2781	2989	2993	3097	
6	2782	2783	2691	3098	3099	3007	
6	2672	2671	2556	2988	2987	2872	
6	2546	2784	2672	2862	3100	2988	
6	2681	2785	2786	2997	3101	3102	
6	2785	2693	2787	3101	3009	3103	
6	2725	2724	2688	3041	3040	3004	
6	2788	2704	2789	3104	3020	3105	
6	2725	2786	2785	3041	3102	3101	
6	2729	2732	2743	3045	3048	3059	
6	2728	2692	2790	3044	3008	3106	
6	2689	2721	2720	3005	3037	3036	
6	2687	2689	2720	3003	3005	3036	
6	2689	2713	2706	3005	3029	3022	
6	2568	2791	2658	2884	3107	2974	
6	2721	2689	2706	3037	3005	3022	
6	2713	2718	2711	3029	3034	3027	
6	2702	2713	2711	3018	3029	3027	
6	2724	2753	2712	3040	3069	3028	
6	2689	2724	2712	3005	3040	3028	
6	2753	2759	2719	3069	3075	3035	
6	2716	2717	2718	3032	3033	3034	
6	2713	2753	2719	3029	3069	3035	
6	2715	2587	2792	3031	2903	3108	
6	2715	2714	2582	3031	3030	2898	
6	2709	2564	2563	3025	2880	2879	
6	2704	2677	2789	3020	2993	3105	
6	2745	2733	2726	3061	3049	3042	
6	2727	2726	2725	3043	3042	3041	
6	2740	2744	2748	3056	3060	3064	
6	2749	2732	2731	3065	3048	3047	
6	2733	2745	2742	3049	3061	3058	
6	2739	2793	2730	3055	3109	3046	
6	2763	2733	2742	3079	3049	3058	
6	2599	2794	2795	2915	3110	3111	
6	2796	2797	2798	3112	3113	3114	
6	2799	2800	2737	3115	3116	3053	
6	2754	2753	2752	3070	3069	3068	
6	2733	2754	2752	3049	3070	3068	
6	2801	2755	2756	3117	3071	3072	
6	2754	2756	2755	3070	3072	3071	
6	2771	2760	2769	3087	3076	3085	
6	2626	2802	2627	2942	3118	2943	
6	2754	2769	2760	3070	3085	3076	
6	2754	2733	2762	3070	3049	3078	
6	2769	2754	2762	3085	3070	3078	
6	2772	2803	2804	3088	3119	3120	
6	2775	2740	2805	3091	3056	3121	
6	2806	2807	2736	3122	3123	3052	
6	2775	2807	2806	3091	3123	3122	
6	2808	2777	2684	3124	3093	3000	
6	2682	2694	2683	2998	3010	2999	
6	2767	2634	2633	3083	2950	2949	
6	2801	2758	2766	3117	3074	3082	
6	2673	2781	2679	2989	3097	2995	
6	2678	2704	2685	2994	3020	3001	
6	2720	2679	2781	3036	2995	3097	
6	2680	2679	2721	2996	2995	3037	
6	2671	2673	2679	2987	2989	2995	
6	2677	2673	2789	2993	2989	3105	
6	2705	2680	2721	3021	2996	3037	
6	2680	2708	2809	2996	3024	3125	
6	2686	2704	2788	3002	3020	3104	
6	2678	2685	2782	2994	3001	3098	
6	2784	2788	2789	3100	3104	3105	
6	2810	2686	2788	3126	3002	3104	
6	2811	2686	2810	3127	3002	3126	
6	2810	2788	2543	3126	3104	2859	
6	2808	2686	2811	3124	3002	3127	
6	2706	2705	2721	3022	3021	3037	
6	2701	2705	2702	3017	3021	3018	
6	2809	2671	2680	3125	2987	2996	
6	2809	2556	2671	3125	2872	2987	
6	2680	2705	2708	2996	3021	3024	
6	2672	2556	2555	2988	2872	2871	
6	2784	2546	2543	3100	2862	2859	
6	2789	2673	2672	3105	2989	2988	
6	2702	2711	2703	3018	3027	3019	
6	2812	2708	2701	3128	3024	3017	
6	2703	2710	2813	3019	3026	3129	
6	2814	2564	2812	3130	2880	3128	
6	2784	2543	2788	3100	2859	3104	
6	2707	2557	2809	3023	2873	3125	
6	2809	2557	2556	3125	2873	2872	
6	2672	2555	2546	2988	2871	2862	
6	2672	2784	2789	2988	3100	3105	
6	2701	2703	2812	3017	3019	3128	
6	2814	2812	2703	3130	3128	3019	
6	2810	2543	2536	3126	2859	2852	
6	2685	2684	2783	3001	3000	3099	
6	2691	2815	2782	3007	3131	3098	
6	2710	2717	2778	3026	3033	3094	
6	2814	2791	2568	3130	3107	2884	
6	2532	2816	2536	2848	3132	2852	
6	2777	2808	2547	3093	3124	2863	
6	2816	2810	2536	3132	3126	2852	
6	2559	2811	2816	2875	3127	3132	
6	2559	2547	2808	2875	2863	3124	
6	2559	2816	2532	2875	3132	2848	
6	2811	2810	2816	3127	3126	3132	
6	2814	2703	2813	3130	3019	3129	
6	2564	2814	2568	2880	3130	2884	
6	2674	2552	2593	2990	2868	2909	
6	2750	2684	2675	3066	3000	2991	
6	2751	2817	2682	3067	3133	2998	
6	2686	2808	2684	3002	3124	3000	
6	2559	2808	2811	2875	3124	3127	
6	2547	2552	2777	2863	2868	3093	
6	2675	2777	2552	2991	3093	2868	
6	2817	2674	2800	3133	2990	3116	
6	2800	2593	2738	3116	2909	3054	
6	2675	2674	2817	2991	2990	3133	
6	2674	2593	2800	2990	2909	3116	
6	2716	2718	2722	3032	3034	3038	
6	2818	2779	2792	3134	3095	3108	
6	2719	2722	2718	3035	3038	3034	
6	2723	2722	2759	3039	3038	3075	
6	2714	2716	2722	3030	3032	3038	
6	2717	2716	2779	3033	3032	3095	
6	2801	2723	2759	3117	3039	3075	
6	2723	2766	2819	3039	3082	3135	
6	2778	2818	2813	3094	3134	3129	
6	2711	2717	2710	3027	3033	3026	
6	2710	2778	2813	3026	3094	3129	
6	2814	2813	2791	3130	3129	3107	
6	2774	2813	2818	3090	3129	3134	
6	2778	2779	2818	3094	3095	3134	
6	2774	2581	2577	3090	2897	2893	
6	2755	2801	2759	3071	3117	3075	
6	2758	2801	2756	3074	3117	3072	
6	2819	2714	2723	3135	3030	3039	
6	2819	2582	2714	3135	2898	3030	
6	2723	2801	2766	3039	3117	3082	
6	2715	2582	2584	3031	2898	2900	
6	2792	2587	2611	3108	2903	2927	
6	2779	2716	2715	3095	3032	3031	
6	2818	2581	2774	3134	2897	3090	
6	2774	2773	2791	3090	3089	3107	
6	2756	2760	2757	3072	3076	3073	
6	2820	2766	2758	3136	3082	3074	
6	2757	2770	2804	3073	3086	3120	
6	2821	2634	2820	3137	2950	3136	
6	2792	2611	2818	3108	2927	3134	
6	2768	2589	2819	3084	2905	3135	
6	2819	2589	2582	3135	2905	2898	
6	2715	2584	2587	3031	2900	2903	
6	2715	2792	2779	3031	3108	3095	
6	2758	2757	2820	3074	3073	3136	
6	2821	2820	2757	3137	3136	3073	
6	2773	2577	2573	3089	2893	2889	
6	2776	2765	2761	3092	3081	3077	
6	2802	2822	2627	3118	3138	2943	
6	2774	2791	2813	3090	3107	3129	
6	2573	2658	2773	2889	2974	3089	
6	2791	2773	2658	3107	3089	2974	
6	2821	2757	2804	3137	3073	3120	
6	2634	2821	2626	2950	3137	2942	
6	2790	2692	2823	3106	3008	3139	
6	2818	2611	2581	3134	2927	2897	
6	2824	2825	2826	3140	3141	3142	
6	2827	2798	2698	3143	3114	3014	
6	2736	2796	2828	3052	3112	3144	
6	2795	2739	2738	3111	3055	3054	
6	2738	2593	2598	3054	2909	2914	
6	2737	2829	2799	3053	3145	3115	
6	2795	2738	2598	3111	3054	2914	
6	2737	2800	2738	3053	3116	3054	
6	2794	2599	2601	3110	2915	2917	
6	2795	2830	2739	3111	3146	3055	
6	2793	2739	2830	3109	3055	3146	
6	2823	2739	2730	3139	3055	3046	
6	2826	2793	2830	3142	3109	3146	
6	2746	2731	2825	3062	3047	3141	
6	2831	2832	2700	3147	3148	3016	
6	2832	2831	2833	3148	3147	3149	
6	2730	2793	2731	3046	3109	3047	
6	2793	2826	2825	3109	3142	3141	
6	2749	2743	2732	3065	3059	3048	
6	2729	2743	2745	3045	3059	3061	
6	2749	2748	2744	3065	3064	3060	
6	2729	2790	2732	3045	3106	3048	
6	2728	2693	2692	3044	3009	3008	
6	2730	2732	2790	3046	3048	3106	
6	2740	2742	2744	3056	3058	3060	
6	2745	2744	2742	3061	3060	3058	
6	2727	2729	2745	3043	3045	3061	
6	2728	2790	2729	3044	3106	3045	
6	2694	2829	2692	3010	3145	3008	
6	2829	2823	2692	3145	3139	3008	
6	2749	2746	2748	3065	3062	3064	
6	2797	2805	2747	3113	3121	3063	
6	2726	2727	2745	3042	3043	3061	
6	2787	2727	2725	3103	3043	3041	
6	2728	2787	2693	3044	3103	3009	
6	2683	2693	2785	2999	3009	3101	
6	2817	2829	2694	3133	3145	3010	
6	2823	2829	2737	3139	3145	3053	
6	2731	2746	2749	3047	3062	3065	
6	2748	2747	2805	3064	3063	3121	
6	2736	2807	2796	3052	3123	3112	
6	2740	2748	2805	3056	3064	3121	
6	2727	2787	2728	3043	3103	3044	
6	2785	2787	2725	3101	3103	3041	
6	2681	2690	2682	2997	3006	2998	
6	2694	2693	2683	3010	3009	2999	
6	2829	2817	2799	3145	3133	3115	
6	2817	2800	2799	3133	3116	3115	
6	2739	2823	2737	3055	3139	3053	
6	2823	2730	2790	3139	3046	3106	
6	2746	2834	2747	3062	3150	3063	
6	2805	2797	2807	3121	3113	3123	
6	2834	2699	2747	3150	3015	3063	
6	2797	2747	2699	3113	3063	3015	
6	2700	2832	2698	3016	3148	3014	
6	2797	2699	2798	3113	3015	3114	
6	2830	2835	2826	3146	3151	3142	
6	2833	2836	2832	3149	3152	3148	
6	2827	2698	2836	3143	3014	3152	
6	2797	2796	2807	3113	3112	3123	
6	2698	2798	2699	3014	3114	3015	
6	2798	2827	2796	3114	3143	3112	
6	2700	2699	2834	3016	3015	3150	
6	2698	2832	2836	3014	3148	3152	
6	2827	2828	2796	3143	3144	3112	
6	2734	2828	2624	3050	3144	2940	
6	2834	2824	2700	3150	3140	3016	
6	2700	2824	2831	3016	3140	3147	
6	2825	2824	2834	3141	3140	3150	
6	2824	2826	2831	3140	3142	3147	
6	2746	2825	2834	3062	3141	3150	
6	2825	2731	2793	3141	3047	3109	
6	2835	2831	2826	3151	3147	3142	
6	2837	2835	2794	3153	3151	3110	
6	2837	2831	2835	3153	3147	3151	
6	2828	2651	2624	3144	2967	2940	
6	2827	2836	2838	3143	3152	3154	
6	2795	2794	2830	3111	3110	3146	
6	2741	2776	2763	3057	3092	3079	
6	2623	2641	2839	2939	2957	3155	
6	2830	2794	2835	3146	3110	3151	
6	2606	2794	2601	2922	3110	2917	
6	2594	2840	2603	2910	3156	2919	
6	2838	2836	2833	3154	3152	3149	
6	2833	2840	2838	3149	3156	3154	
6	2827	2838	2841	3143	3154	3157	
6	2765	2641	2635	3081	2957	2951	
6	2831	2837	2833	3147	3153	3149	
6	2794	2606	2837	3110	2922	3153	
6	2614	2842	2613	2930	3158	2929	
6	2840	2833	2837	3156	3149	3153	
6	2842	2614	2841	3158	2930	3157	
6	2806	2735	2623	3122	3051	2939	
6	2828	2734	2736	3144	3050	3052	
6	2807	2775	2805	3123	3091	3121	
6	2842	2838	2840	3158	3154	3156	
6	2614	2651	2841	2930	2967	3157	
6	2624	2615	2734	2940	2931	3050	
6	2735	2734	2615	3051	3050	2931	
6	2623	2735	2615	2939	3051	2931	
6	2806	2736	2735	3122	3052	3051	
6	2725	2688	2786	3041	3004	3102	
6	2683	2785	2681	2999	3101	2997	
6	2751	2682	2691	3067	2998	3007	
6	2694	2682	2817	3010	2998	3133	
6	2688	2687	2786	3004	3003	3102	
6	2841	2838	2842	3157	3154	3158	
6	2594	2596	2613	2910	2912	2929	
6	2840	2613	2842	3156	2929	3158	
6	2786	2687	2780	3102	3003	3096	
6	2651	2828	2841	2967	3144	3157	
6	2827	2841	2828	3143	3157	3144	
6	2806	2623	2839	3122	2939	3155	
6	2795	2598	2599	3111	2914	2915	
6	2775	2839	2776	3091	3155	3092	
6	2681	2780	2690	2997	3096	3006	
6	2815	2690	2697	3131	3006	3013	
6	2786	2780	2681	3102	3096	2997	
6	2697	2780	2687	3013	3096	3003	
6	2815	2696	2782	3131	3012	3098	
6	2691	2690	2815	3007	3006	3131	
6	2687	2720	2695	3003	3036	3011	
6	2815	2697	2696	3131	3013	3012	
6	2678	2782	2696	2994	3098	3012	
6	2685	2783	2782	3001	3099	3098	
6	2720	2781	2695	3036	3097	3011	
6	2695	2781	2676	3011	3097	2992	
6	2676	2678	2696	2992	2994	3012	
6	2704	2678	2677	3020	2994	2993	
6	2695	2676	2696	3011	2992	3012	
6	2677	2676	2781	2993	2992	3097	
6	2750	2691	2783	3066	3007	3099	
6	2675	2817	2751	2991	3133	3067	
6	2603	2840	2606	2919	3156	2922	
6	2606	2840	2837	2922	3156	3153	
6	2684	2750	2783	3000	3066	3099	
6	2840	2594	2613	3156	2910	2929	
6	2675	2751	2750	2991	3067	3066	
6	2775	2806	2839	3091	3122	3155	
6	2742	2741	2763	3058	3057	3079	
6	2740	2775	2741	3056	3091	3057	
6	2635	2843	2764	2951	3159	3080	
6	2843	2772	2764	3159	3088	3080	
6	2762	2761	2769	3078	3077	3085	
6	2776	2761	2763	3092	3077	3079	
6	2765	2839	2641	3081	3155	2957	
6	2760	2771	2770	3076	3087	3086	
6	2839	2765	2776	3155	3081	3092	
6	2761	2765	2764	3077	3081	3080	
6	2635	2637	2843	2951	2953	3159	
6	2843	2637	2772	3159	2953	3088	
6	2822	2642	2643	3138	2958	2959	
6	2803	2822	2802	3119	3138	3118	
6	2769	2764	2771	3085	3080	3087	
6	2772	2771	2764	3088	3087	3080	
6	2770	2772	2804	3086	3088	3120	
6	2637	2642	2803	2953	2958	3119	
6	2772	2637	2803	3088	2953	3119	
6	2821	2804	2802	3137	3120	3118	
6	2642	2822	2803	2958	3138	3119	
6	2802	2626	2821	3118	2942	3137	
6	2643	2627	2822	2959	2943	3138	
6	2803	2802	2804	3119	3118	3120	
6	2707	2709	2563	3023	3025	2879	
6	2564	2709	2812	2880	3025	3128	
6	2708	2812	2709	3024	3128	3025	
6	2557	2707	2563	2873	3023	2879	
6	2708	2707	2809	3024	3023	3125	
6	2768	2767	2633	3084	3083	2949	
6	2634	2767	2820	2950	3083	3136	
6	2766	2820	2767	3082	3136	3083	
6	2589	2768	2633	2905	3084	2949	
6	2766	2768	2819	3082	3084	3135	
6	2844	2845	2846	3160	3161	3162	
6	2847	2846	2845	3163	3162	3161	
6	2847	2848	2846	3163	3164	3162	
6	2849	2850	2851	3165	3166	3167	
6	2848	2852	2853	3164	3168	3169	
6	2854	2855	2856	3170	3171	3172	
6	2857	2858	2853	3173	3174	3169	
6	2859	2860	2852	3175	3176	3168	
6	2846	2853	2861	3162	3169	3177	
6	2862	2860	2859	3178	3176	3175	
6	2863	2864	2865	3179	3180	3181	
6	2866	2865	2867	3182	3181	3183	
6	2868	2865	2866	3184	3181	3182	
6	2869	2870	2871	3185	3186	3187	
6	2872	2873	2874	3188	3189	3190	
6	2862	2870	2860	3178	3186	3176	
6	2848	2847	2875	3164	3163	3191	
6	2850	2876	2877	3166	3192	3193	
6	2878	2879	2880	3194	3195	3196	
6	2881	2874	2882	3197	3190	3198	
6	2882	2874	2873	3198	3190	3189	
6	2883	2878	2880	3199	3194	3196	
6	2884	2885	2883	3200	3201	3199	
6	2857	2853	2860	3173	3169	3176	
6	2886	2887	2888	3202	3203	3204	
6	2889	2887	2890	3205	3203	3206	
6	2889	2891	2887	3205	3207	3203	
6	2890	2892	2885	3206	3208	3201	
6	2870	2862	2871	3186	3178	3187	
6	2891	2889	2893	3207	3205	3209	
6	2894	2895	2896	3210	3211	3212	
6	2895	2894	2897	3211	3210	3213	
6	2898	2899	2900	3214	3215	3216	
6	2901	2902	2903	3217	3218	3219	
6	2904	2898	2905	3220	3214	3221	
6	2906	2904	2905	3222	3220	3221	
6	2895	2902	2907	3211	3218	3223	
6	2882	2873	2879	3198	3189	3195	
6	2894	2893	2897	3210	3209	3213	
6	2866	2908	2909	3182	3224	3225	
6	2910	2911	2912	3226	3227	3228	
6	2908	2913	2914	3224	3229	3230	
6	2915	2916	2917	3231	3232	3233	
6	2916	2915	2913	3232	3231	3229	
6	2855	2854	2918	3171	3170	3234	
6	2919	2920	2921	3235	3236	3237	
6	2920	2919	2922	3236	3235	3238	
6	2923	2920	2922	3239	3236	3238	
6	2921	2910	2919	3237	3226	3235	
6	2912	2924	2876	3228	3240	3192	
6	2910	2921	2911	3226	3237	3227	
6	2925	2926	2877	3241	3242	3193	
6	2902	2895	2927	3218	3211	3243	
6	2913	2915	2914	3229	3231	3230	
6	2911	2924	2912	3227	3240	3228	
6	2876	2928	2929	3192	3244	3245	
6	2930	2928	2849	3246	3244	3165	
6	2929	2928	2930	3245	3244	3246	
6	2931	2932	2933	3247	3248	3249	
6	2912	2876	2929	3228	3192	3245	
6	2934	2935	2936	3250	3251	3252	
6	2937	2921	2920	3253	3237	3236	
6	2933	2938	2939	3249	3254	3255	
6	2932	2931	2940	3248	3247	3256	
6	2899	2904	2941	3215	3220	3257	
6	2942	2943	2944	3258	3259	3260	
6	2944	2945	2946	3260	3261	3262	
6	2944	2947	2948	3260	3263	3264	
6	2949	2950	2948	3265	3266	3264	
6	2904	2899	2898	3220	3215	3214	
6	2951	2952	2953	3267	3268	3269	
6	2954	2955	2956	3270	3271	3272	
6	2957	2939	2938	3273	3255	3254	
6	2956	2953	2952	3272	3269	3268	
6	2958	2955	2959	3274	3271	3275	
6	2960	2961	2945	3276	3277	3261	
6	2945	2962	2960	3261	3278	3276	
6	2897	2927	2895	3213	3243	3211	
6	2963	2960	2955	3279	3276	3271	
6	2944	2943	2962	3260	3259	3278	
6	2902	2927	2903	3218	3243	3219	
6	2939	2931	2933	3255	3247	3249	
6	2870	2964	2860	3186	3280	3176	
6	2965	2966	2933	3281	3282	3249	
6	2940	2967	2851	3256	3283	3167	
6	2942	2948	2950	3258	3264	3266	
6	2936	2947	2968	3252	3263	3284	
6	2923	2922	2917	3239	3238	3233	
6	2920	2923	2937	3236	3239	3253	
6	2921	2856	2911	3237	3172	3227	
6	2856	2924	2911	3172	3240	3227	
6	2869	2871	2872	3185	3187	3188	
6	2870	2869	2964	3186	3185	3280	
6	2878	2882	2879	3194	3198	3195	
6	2878	2881	2882	3194	3197	3198	
6	2935	2895	2907	3251	3211	3223	
6	2893	2894	2891	3209	3210	3207	
6	2901	2903	2900	3217	3219	3216	
6	2902	2901	2907	3218	3217	3223	
6	2906	2905	2949	3222	3221	3265	
6	2904	2906	2941	3220	3222	3257	
6	2909	2908	2914	3225	3224	3230	
6	2866	2969	2908	3182	3285	3224	
6	2850	2928	2876	3166	3244	3192	
6	2930	2849	2967	3246	3165	3283	
6	2933	2932	2965	3249	3248	3281	
6	2966	2938	2933	3282	3254	3249	
6	2917	2916	2923	3233	3232	3239	
6	2916	2970	2937	3232	3286	3253	
6	2970	2854	2937	3286	3170	3253	
6	2856	2855	2971	3172	3171	3287	
6	2872	2874	2869	3188	3190	3185	
6	2964	2869	2874	3280	3185	3190	
6	2883	2880	2884	3199	3196	3200	
6	2874	2972	2964	3190	3288	3280	
6	2900	2899	2901	3216	3215	3217	
6	2907	2901	2899	3223	3217	3215	
6	2949	2948	2906	3265	3264	3222	
6	2941	2906	2948	3257	3222	3264	
6	2850	2849	2928	3166	3165	3244	
6	2851	2967	2849	3167	3283	3165	
6	2940	2851	2932	3256	3167	3248	
6	2965	2932	2851	3281	3248	3167	
6	2916	2937	2923	3232	3253	3239	
6	2921	2937	2854	3237	3253	3170	
6	2972	2874	2881	3288	3190	3197	
6	2973	2857	2972	3289	3173	3288	
6	2885	2884	2974	3201	3200	3290	
6	2975	2973	2881	3291	3289	3197	
6	2878	2883	2881	3194	3199	3197	
6	2883	2885	2975	3199	3201	3291	
6	2899	2941	2936	3215	3257	3252	
6	2895	2935	2896	3211	3251	3212	
6	2947	2941	2948	3263	3257	3264	
6	2899	2936	2907	3215	3252	3223	
6	2924	2925	2876	3240	3241	3192	
6	2851	2976	2965	3167	3292	3281	
6	2969	2970	2916	3285	3286	3232	
6	2854	2970	2918	3170	3286	3234	
6	2913	2969	2916	3229	3285	3232	
6	2855	2969	2977	3171	3285	3293	
6	2970	2969	2918	3286	3285	3234	
6	2969	2855	2918	3285	3171	3234	
6	2854	2856	2921	3170	3172	3237	
6	2924	2856	2978	3240	3172	3294	
6	2978	2856	2971	3294	3172	3287	
6	2925	2877	2876	3241	3193	3192	
6	2934	2979	2896	3250	3295	3212	
6	2887	2891	2896	3203	3207	3212	
6	2894	2896	2891	3210	3212	3207	
6	2887	2896	2979	3203	3212	3295	
6	2909	2868	2866	3225	3184	3182	
6	2969	2913	2908	3285	3229	3224	
6	2976	2851	2850	3292	3167	3166	
6	2952	2938	2980	3268	3254	3296	
6	2981	2850	2877	3297	3166	3193	
6	2966	2976	2982	3282	3292	3298	
6	2976	2966	2965	3292	3282	3281	
6	2982	2980	2966	3298	3296	3282	
6	2974	2889	2890	3290	3205	3206	
6	2883	2975	2881	3199	3291	3197	
6	2881	2973	2972	3197	3289	3288	
6	2857	2973	2858	3173	3289	3174	
6	2944	2948	2942	3260	3264	3258	
6	2946	2968	2947	3262	3284	3263	
6	2947	2936	2941	3263	3252	3257	
6	2934	2936	2968	3250	3252	3284	
6	2888	2887	2979	3204	3203	3295	
6	2890	2885	2974	3206	3201	3290	
6	2868	2863	2865	3184	3179	3181	
6	2969	2866	2977	3285	3182	3293	
6	2972	2857	2964	3288	3173	3280	
6	2860	2964	2857	3176	3280	3173	
6	2926	2982	2877	3242	3298	3193	
6	2850	2981	2976	3166	3297	3292	
6	2877	2982	2981	3193	3298	3297	
6	2982	2976	2981	3298	3292	3297	
6	2936	2935	2907	3252	3251	3223	
6	2934	2896	2935	3250	3212	3251	
6	2845	2983	2847	3161	3299	3163	
6	2867	2864	2847	3183	3180	3163	
6	2853	2852	2860	3169	3168	3176	
6	2858	2861	2853	3174	3177	3169	
6	2943	2959	2962	3259	3275	3278	
6	2947	2944	2946	3263	3260	3262	
6	2938	2951	2957	3254	3267	3273	
6	2980	2954	2952	3296	3270	3268	
6	2956	2958	2953	3272	3274	3269	
6	2954	2963	2955	3270	3279	3271	
6	2984	2985	2971	3300	3301	3287	
6	2985	2926	2925	3301	3242	3241	
6	2980	2938	2966	3296	3254	3282	
6	2951	2938	2952	3267	3254	3268	
6	2887	2886	2890	3203	3202	3206	
6	2892	2986	2975	3208	3302	3291	
6	2892	2975	2885	3208	3291	3201	
6	2973	2975	2986	3289	3291	3302	
6	2863	2875	2864	3179	3191	3180	
6	2867	2977	2866	3183	3293	3182	
6	2960	2962	2959	3276	3278	3275	
6	2945	2944	2962	3261	3260	3278	
6	2954	2956	2952	3270	3272	3268	
6	2955	2958	2956	3271	3274	3272	
6	2985	2925	2978	3301	3241	3294	
6	2924	2978	2925	3240	3294	3241	
6	2890	2886	2892	3206	3202	3208	
6	2886	2986	2892	3202	3302	3208	
6	2875	2847	2864	3191	3163	3180	
6	2867	2847	2983	3183	3163	3299	
6	2955	2960	2959	3271	3276	3275	
6	2961	2960	2963	3277	3276	3279	
6	2865	2864	2867	3181	3180	3183	
6	2977	2867	2983	3293	3183	3299	
6	2971	2985	2978	3287	3301	3294	
6	2926	2985	2984	3242	3301	3300	
6	2853	2846	2848	3169	3162	3164	
6	2844	2846	2861	3160	3162	3177	
6	2987	2988	2989	3303	3304	3305	
6	2868	2990	2991	3184	3306	3307	
6	2992	2993	2994	3308	3309	3310	
6	2987	2995	2996	3303	3311	3312	
6	2997	2998	2999	3313	3314	3315	
6	3000	3001	3002	3316	3317	3318	
6	3003	3004	3005	3319	3320	3321	
6	3006	3007	2998	3322	3323	3314	
6	3008	3009	3010	3324	3325	3326	
6	3011	3012	3013	3327	3328	3329	
6	3014	3015	3016	3330	3331	3332	
6	3003	3011	3013	3319	3327	3329	
6	3017	3018	3019	3333	3334	3335	
6	3001	3020	3002	3317	3336	3318	
6	3021	3022	3018	3337	3338	3334	
6	3023	3024	3025	3339	3340	3341	
6	3026	3019	3027	3342	3335	3343	
6	3028	3029	3005	3344	3345	3321	
6	3030	3031	3032	3346	3347	3348	
6	3033	3027	3034	3349	3343	3350	
6	3034	3029	3035	3350	3345	3351	
6	3029	3018	3022	3345	3334	3338	
6	2995	3036	3037	3311	3352	3353	
6	3030	3038	3039	3346	3354	3355	
6	3040	3005	3004	3356	3321	3320	
6	3017	3024	3021	3333	3340	3337	
6	3041	3042	3040	3357	3358	3356	
6	3043	3044	3045	3359	3360	3361	
6	3046	3047	3048	3362	3363	3364	
6	3040	3042	3049	3356	3358	3365	
6	3050	3051	3052	3366	3367	3368	
6	3053	3054	3055	3369	3370	3371	
6	3056	3057	3058	3372	3373	3374	
6	3059	3060	3061	3375	3376	3377	
6	3062	3063	3064	3378	3379	3380	
6	3065	3060	3059	3381	3376	3375	
6	3007	3066	3067	3323	3382	3383	
6	3040	3049	3068	3356	3365	3384	
6	3069	3070	3071	3385	3386	3387	
6	3069	3040	3068	3385	3356	3384	
6	3072	3073	3074	3388	3389	3390	
6	3071	3075	3069	3387	3391	3385	
6	3070	3076	3072	3386	3392	3388	
6	3075	3038	3035	3391	3354	3351	
6	3077	3078	3079	3393	3394	3395	
6	3080	3081	2951	3396	3397	3267	
6	3082	3083	3084	3398	3399	3400	
6	3080	3085	3077	3396	3401	3393	
6	3086	3087	3088	3402	3403	3404	
6	3086	3073	3076	3402	3389	3392	
6	3049	3079	3078	3365	3395	3394	
6	3089	3090	2893	3405	3406	3209	
6	3091	3092	3057	3407	3408	3373	
6	3028	3069	3029	3344	3385	3345	
6	3093	2991	3000	3409	3307	3316	
6	3094	3033	3095	3410	3349	3411	
6	3013	3006	3096	3329	3322	3412	
6	2989	2993	3097	3305	3309	3413	
6	3098	3099	3007	3414	3415	3323	
6	2988	2987	2872	3304	3303	3188	
6	2862	3100	2988	3178	3416	3304	
6	2997	3101	3102	3313	3417	3418	
6	3101	3009	3103	3417	3325	3419	
6	3041	3040	3004	3357	3356	3320	
6	3104	3020	3105	3420	3336	3421	
6	3041	3102	3101	3357	3418	3417	
6	3045	3048	3059	3361	3364	3375	
6	3044	3008	3106	3360	3324	3422	
6	3005	3037	3036	3321	3353	3352	
6	3003	3005	3036	3319	3321	3352	
6	3005	3029	3022	3321	3345	3338	
6	2884	3107	2974	3200	3423	3290	
6	3037	3005	3022	3353	3321	3338	
6	3029	3034	3027	3345	3350	3343	
6	3018	3029	3027	3334	3345	3343	
6	3040	3069	3028	3356	3385	3344	
6	3005	3040	3028	3321	3356	3344	
6	3069	3075	3035	3385	3391	3351	
6	3032	3033	3034	3348	3349	3350	
6	3029	3069	3035	3345	3385	3351	
6	3031	2903	3108	3347	3219	3424	
6	3031	3030	2898	3347	3346	3214	
6	3025	2880	2879	3341	3196	3195	
6	3020	2993	3105	3336	3309	3421	
6	3061	3049	3042	3377	3365	3358	
6	3043	3042	3041	3359	3358	3357	
6	3056	3060	3064	3372	3376	3380	
6	3065	3048	3047	3381	3364	3363	
6	3049	3061	3058	3365	3377	3374	
6	3055	3109	3046	3371	3425	3362	
6	3079	3049	3058	3395	3365	3374	
6	2915	3110	3111	3231	3426	3427	
6	3112	3113	3114	3428	3429	3430	
6	3115	3116	3053	3431	3432	3369	
6	3070	3069	3068	3386	3385	3384	
6	3049	3070	3068	3365	3386	3384	
6	3117	3071	3072	3433	3387	3388	
6	3070	3072	3071	3386	3388	3387	
6	3087	3076	3085	3403	3392	3401	
6	2942	3118	2943	3258	3434	3259	
6	3070	3085	3076	3386	3401	3392	
6	3070	3049	3078	3386	3365	3394	
6	3085	3070	3078	3401	3386	3394	
6	3088	3119	3120	3404	3435	3436	
6	3091	3056	3121	3407	3372	3437	
6	3122	3123	3052	3438	3439	3368	
6	3091	3123	3122	3407	3439	3438	
6	3124	3093	3000	3440	3409	3316	
6	2998	3010	2999	3314	3326	3315	
6	3083	2950	2949	3399	3266	3265	
6	3117	3074	3082	3433	3390	3398	
6	2989	3097	2995	3305	3413	3311	
6	2994	3020	3001	3310	3336	3317	
6	3036	2995	3097	3352	3311	3413	
6	2996	2995	3037	3312	3311	3353	
6	2987	2989	2995	3303	3305	3311	
6	2993	2989	3105	3309	3305	3421	
6	3021	2996	3037	3337	3312	3353	
6	2996	3024	3125	3312	3340	3441	
6	3002	3020	3104	3318	3336	3420	
6	2994	3001	3098	3310	3317	3414	
6	3100	3104	3105	3416	3420	3421	
6	3126	3002	3104	3442	3318	3420	
6	3127	3002	3126	3443	3318	3442	
6	3126	3104	2859	3442	3420	3175	
6	3124	3002	3127	3440	3318	3443	
6	3022	3021	3037	3338	3337	3353	
6	3017	3021	3018	3333	3337	3334	
6	3125	2987	2996	3441	3303	3312	
6	3125	2872	2987	3441	3188	3303	
6	2996	3021	3024	3312	3337	3340	
6	2988	2872	2871	3304	3188	3187	
6	3100	2862	2859	3416	3178	3175	
6	3105	2989	2988	3421	3305	3304	
6	3018	3027	3019	3334	3343	3335	
6	3128	3024	3017	3444	3340	3333	
6	3019	3026	3129	3335	3342	3445	
6	3130	2880	3128	3446	3196	3444	
6	3100	2859	3104	3416	3175	3420	
6	3023	2873	3125	3339	3189	3441	
6	3125	2873	2872	3441	3189	3188	
6	2988	2871	2862	3304	3187	3178	
6	2988	3100	3105	3304	3416	3421	
6	3017	3019	3128	3333	3335	3444	
6	3130	3128	3019	3446	3444	3335	
6	3126	2859	2852	3442	3175	3168	
6	3001	3000	3099	3317	3316	3415	
6	3007	3131	3098	3323	3447	3414	
6	3026	3033	3094	3342	3349	3410	
6	3130	3107	2884	3446	3423	3200	
6	2848	3132	2852	3164	3448	3168	
6	3093	3124	2863	3409	3440	3179	
6	3132	3126	2852	3448	3442	3168	
6	2875	3127	3132	3191	3443	3448	
6	2875	2863	3124	3191	3179	3440	
6	2875	3132	2848	3191	3448	3164	
6	3127	3126	3132	3443	3442	3448	
6	3130	3019	3129	3446	3335	3445	
6	2880	3130	2884	3196	3446	3200	
6	2990	2868	2909	3306	3184	3225	
6	3066	3000	2991	3382	3316	3307	
6	3067	3133	2998	3383	3449	3314	
6	3002	3124	3000	3318	3440	3316	
6	2875	3124	3127	3191	3440	3443	
6	2863	2868	3093	3179	3184	3409	
6	2991	3093	2868	3307	3409	3184	
6	3133	2990	3116	3449	3306	3432	
6	3116	2909	3054	3432	3225	3370	
6	2991	2990	3133	3307	3306	3449	
6	2990	2909	3116	3306	3225	3432	
6	3032	3034	3038	3348	3350	3354	
6	3134	3095	3108	3450	3411	3424	
6	3035	3038	3034	3351	3354	3350	
6	3039	3038	3075	3355	3354	3391	
6	3030	3032	3038	3346	3348	3354	
6	3033	3032	3095	3349	3348	3411	
6	3117	3039	3075	3433	3355	3391	
6	3039	3082	3135	3355	3398	3451	
6	3094	3134	3129	3410	3450	3445	
6	3027	3033	3026	3343	3349	3342	
6	3026	3094	3129	3342	3410	3445	
6	3130	3129	3107	3446	3445	3423	
6	3090	3129	3134	3406	3445	3450	
6	3094	3095	3134	3410	3411	3450	
6	3090	2897	2893	3406	3213	3209	
6	3071	3117	3075	3387	3433	3391	
6	3074	3117	3072	3390	3433	3388	
6	3135	3030	3039	3451	3346	3355	
6	3135	2898	3030	3451	3214	3346	
6	3039	3117	3082	3355	3433	3398	
6	3031	2898	2900	3347	3214	3216	
6	3108	2903	2927	3424	3219	3243	
6	3095	3032	3031	3411	3348	3347	
6	3134	2897	3090	3450	3213	3406	
6	3090	3089	3107	3406	3405	3423	
6	3072	3076	3073	3388	3392	3389	
6	3136	3082	3074	3452	3398	3390	
6	3073	3086	3120	3389	3402	3436	
6	3137	2950	3136	3453	3266	3452	
6	3108	2927	3134	3424	3243	3450	
6	3084	2905	3135	3400	3221	3451	
6	3135	2905	2898	3451	3221	3214	
6	3031	2900	2903	3347	3216	3219	
6	3031	3108	3095	3347	3424	3411	
6	3074	3073	3136	3390	3389	3452	
6	3137	3136	3073	3453	3452	3389	
6	3089	2893	2889	3405	3209	3205	
6	3092	3081	3077	3408	3397	3393	
6	3118	3138	2943	3434	3454	3259	
6	3090	3107	3129	3406	3423	3445	
6	2889	2974	3089	3205	3290	3405	
6	3107	3089	2974	3423	3405	3290	
6	3137	3073	3120	3453	3389	3436	
6	2950	3137	2942	3266	3453	3258	
6	3106	3008	3139	3422	3324	3455	
6	3134	2927	2897	3450	3243	3213	
6	3140	3141	3142	3456	3457	3458	
6	3143	3114	3014	3459	3430	3330	
6	3052	3112	3144	3368	3428	3460	
6	3111	3055	3054	3427	3371	3370	
6	3054	2909	2914	3370	3225	3230	
6	3053	3145	3115	3369	3461	3431	
6	3111	3054	2914	3427	3370	3230	
6	3053	3116	3054	3369	3432	3370	
6	3110	2915	2917	3426	3231	3233	
6	3111	3146	3055	3427	3462	3371	
6	3109	3055	3146	3425	3371	3462	
6	3139	3055	3046	3455	3371	3362	
6	3142	3109	3146	3458	3425	3462	
6	3062	3047	3141	3378	3363	3457	
6	3147	3148	3016	3463	3464	3332	
6	3148	3147	3149	3464	3463	3465	
6	3046	3109	3047	3362	3425	3363	
6	3109	3142	3141	3425	3458	3457	
6	3065	3059	3048	3381	3375	3364	
6	3045	3059	3061	3361	3375	3377	
6	3065	3064	3060	3381	3380	3376	
6	3045	3106	3048	3361	3422	3364	
6	3044	3009	3008	3360	3325	3324	
6	3046	3048	3106	3362	3364	3422	
6	3056	3058	3060	3372	3374	3376	
6	3061	3060	3058	3377	3376	3374	
6	3043	3045	3061	3359	3361	3377	
6	3044	3106	3045	3360	3422	3361	
6	3010	3145	3008	3326	3461	3324	
6	3145	3139	3008	3461	3455	3324	
6	3065	3062	3064	3381	3378	3380	
6	3113	3121	3063	3429	3437	3379	
6	3042	3043	3061	3358	3359	3377	
6	3103	3043	3041	3419	3359	3357	
6	3044	3103	3009	3360	3419	3325	
6	2999	3009	3101	3315	3325	3417	
6	3133	3145	3010	3449	3461	3326	
6	3139	3145	3053	3455	3461	3369	
6	3047	3062	3065	3363	3378	3381	
6	3064	3063	3121	3380	3379	3437	
6	3052	3123	3112	3368	3439	3428	
6	3056	3064	3121	3372	3380	3437	
6	3043	3103	3044	3359	3419	3360	
6	3101	3103	3041	3417	3419	3357	
6	2997	3006	2998	3313	3322	3314	
6	3010	3009	2999	3326	3325	3315	
6	3145	3133	3115	3461	3449	3431	
6	3133	3116	3115	3449	3432	3431	
6	3055	3139	3053	3371	3455	3369	
6	3139	3046	3106	3455	3362	3422	
6	3062	3150	3063	3378	3466	3379	
6	3121	3113	3123	3437	3429	3439	
6	3150	3015	3063	3466	3331	3379	
6	3113	3063	3015	3429	3379	3331	
6	3016	3148	3014	3332	3464	3330	
6	3113	3015	3114	3429	3331	3430	
6	3146	3151	3142	3462	3467	3458	
6	3149	3152	3148	3465	3468	3464	
6	3143	3014	3152	3459	3330	3468	
6	3113	3112	3123	3429	3428	3439	
6	3014	3114	3015	3330	3430	3331	
6	3114	3143	3112	3430	3459	3428	
6	3016	3015	3150	3332	3331	3466	
6	3014	3148	3152	3330	3464	3468	
6	3143	3144	3112	3459	3460	3428	
6	3050	3144	2940	3366	3460	3256	
6	3150	3140	3016	3466	3456	3332	
6	3016	3140	3147	3332	3456	3463	
6	3141	3140	3150	3457	3456	3466	
6	3140	3142	3147	3456	3458	3463	
6	3062	3141	3150	3378	3457	3466	
6	3141	3047	3109	3457	3363	3425	
6	3151	3147	3142	3467	3463	3458	
6	3153	3151	3110	3469	3467	3426	
6	3153	3147	3151	3469	3463	3467	
6	3144	2967	2940	3460	3283	3256	
6	3143	3152	3154	3459	3468	3470	
6	3111	3110	3146	3427	3426	3462	
6	3057	3092	3079	3373	3408	3395	
6	2939	2957	3155	3255	3273	3471	
6	3146	3110	3151	3462	3426	3467	
6	2922	3110	2917	3238	3426	3233	
6	2910	3156	2919	3226	3472	3235	
6	3154	3152	3149	3470	3468	3465	
6	3149	3156	3154	3465	3472	3470	
6	3143	3154	3157	3459	3470	3473	
6	3081	2957	2951	3397	3273	3267	
6	3147	3153	3149	3463	3469	3465	
6	3110	2922	3153	3426	3238	3469	
6	2930	3158	2929	3246	3474	3245	
6	3156	3149	3153	3472	3465	3469	
6	3158	2930	3157	3474	3246	3473	
6	3122	3051	2939	3438	3367	3255	
6	3144	3050	3052	3460	3366	3368	
6	3123	3091	3121	3439	3407	3437	
6	3158	3154	3156	3474	3470	3472	
6	2930	2967	3157	3246	3283	3473	
6	2940	2931	3050	3256	3247	3366	
6	3051	3050	2931	3367	3366	3247	
6	2939	3051	2931	3255	3367	3247	
6	3122	3052	3051	3438	3368	3367	
6	3041	3004	3102	3357	3320	3418	
6	2999	3101	2997	3315	3417	3313	
6	3067	2998	3007	3383	3314	3323	
6	3010	2998	3133	3326	3314	3449	
6	3004	3003	3102	3320	3319	3418	
6	3157	3154	3158	3473	3470	3474	
6	2910	2912	2929	3226	3228	3245	
6	3156	2929	3158	3472	3245	3474	
6	3102	3003	3096	3418	3319	3412	
6	2967	3144	3157	3283	3460	3473	
6	3143	3157	3144	3459	3473	3460	
6	3122	2939	3155	3438	3255	3471	
6	3111	2914	2915	3427	3230	3231	
6	3091	3155	3092	3407	3471	3408	
6	2997	3096	3006	3313	3412	3322	
6	3131	3006	3013	3447	3322	3329	
6	3102	3096	2997	3418	3412	3313	
6	3013	3096	3003	3329	3412	3319	
6	3131	3012	3098	3447	3328	3414	
6	3007	3006	3131	3323	3322	3447	
6	3003	3036	3011	3319	3352	3327	
6	3131	3013	3012	3447	3329	3328	
6	2994	3098	3012	3310	3414	3328	
6	3001	3099	3098	3317	3415	3414	
6	3036	3097	3011	3352	3413	3327	
6	3011	3097	2992	3327	3413	3308	
6	2992	2994	3012	3308	3310	3328	
6	3020	2994	2993	3336	3310	3309	
6	3011	2992	3012	3327	3308	3328	
6	2993	2992	3097	3309	3308	3413	
6	3066	3007	3099	3382	3323	3415	
6	2991	3133	3067	3307	3449	3383	
6	2919	3156	2922	3235	3472	3238	
6	2922	3156	3153	3238	3472	3469	
6	3000	3066	3099	3316	3382	3415	
6	3156	2910	2929	3472	3226	3245	
6	2991	3067	3066	3307	3383	3382	
6	3091	3122	3155	3407	3438	3471	
6	3058	3057	3079	3374	3373	3395	
6	3056	3091	3057	3372	3407	3373	
6	2951	3159	3080	3267	3475	3396	
6	3159	3088	3080	3475	3404	3396	
6	3078	3077	3085	3394	3393	3401	
6	3092	3077	3079	3408	3393	3395	
6	3081	3155	2957	3397	3471	3273	
6	3076	3087	3086	3392	3403	3402	
6	3155	3081	3092	3471	3397	3408	
6	3077	3081	3080	3393	3397	3396	
6	2951	2953	3159	3267	3269	3475	
6	3159	2953	3088	3475	3269	3404	
6	3138	2958	2959	3454	3274	3275	
6	3119	3138	3118	3435	3454	3434	
6	3085	3080	3087	3401	3396	3403	
6	3088	3087	3080	3404	3403	3396	
6	3086	3088	3120	3402	3404	3436	
6	2953	2958	3119	3269	3274	3435	
6	3088	2953	3119	3404	3269	3435	
6	3137	3120	3118	3453	3436	3434	
6	2958	3138	3119	3274	3454	3435	
6	3118	2942	3137	3434	3258	3453	
6	2959	2943	3138	3275	3259	3454	
6	3119	3118	3120	3435	3434	3436	
6	3023	3025	2879	3339	3341	3195	
6	2880	3025	3128	3196	3341	3444	
6	3024	3128	3025	3340	3444	3341	
6	2873	3023	2879	3189	3339	3195	
6	3024	3023	3125	3340	3339	3441	
6	3084	3083	2949	3400	3399	3265	
6	2950	3083	3136	3266	3399	3452	
6	3082	3136	3083	3398	3452	3399	
6	2905	3084	2949	3221	3400	3265	
6	3082	3084	3135	3398	3400	3451	
6	3160	3161	3162	3476	3477	3478	
6	3163	3162	3161	3479	3478	3477	
6	3163	3164	3162	3479	3480	3478	
6	3165	3166	3167	3481	3482	3483	
6	3164	3168	3169	3480	3484	3485	
6	3170	3171	3172	3486	3487	3488	
6	3173	3174	3169	3489	3490	3485	
6	3175	3176	3168	3491	3492	3484	
6	3162	3169	3177	3478	3485	3493	
6	3178	3176	3175	3494	3492	3491	
6	3179	3180	3181	3495	3496	3497	
6	3182	3181	3183	3498	3497	3499	
6	3184	3181	3182	3500	3497	3498	
6	3185	3186	3187	3501	3502	3503	
6	3188	3189	3190	3504	3505	3506	
6	3178	3186	3176	3494	3502	3492	
6	3164	3163	3191	3480	3479	3507	
6	3166	3192	3193	3482	3508	3509	
6	3194	3195	3196	3510	3511	3512	
6	3197	3190	3198	3513	3506	3514	
6	3198	3190	3189	3514	3506	3505	
6	3199	3194	3196	3515	3510	3512	
6	3200	3201	3199	3516	3517	3515	
6	3173	3169	3176	3489	3485	3492	
6	3202	3203	3204	3518	3519	3520	
6	3205	3203	3206	3521	3519	3522	
6	3205	3207	3203	3521	3523	3519	
6	3206	3208	3201	3522	3524	3517	
6	3186	3178	3187	3502	3494	3503	
6	3207	3205	3209	3523	3521	3525	
6	3210	3211	3212	3526	3527	3528	
6	3211	3210	3213	3527	3526	3529	
6	3214	3215	3216	3530	3531	3532	
6	3217	3218	3219	3533	3534	3535	
6	3220	3214	3221	3536	3530	3537	
6	3222	3220	3221	3538	3536	3537	
6	3211	3218	3223	3527	3534	3539	
6	3198	3189	3195	3514	3505	3511	
6	3210	3209	3213	3526	3525	3529	
6	3182	3224	3225	3498	3540	3541	
6	3226	3227	3228	3542	3543	3544	
6	3224	3229	3230	3540	3545	3546	
6	3231	3232	3233	3547	3548	3549	
6	3232	3231	3229	3548	3547	3545	
6	3171	3170	3234	3487	3486	3550	
6	3235	3236	3237	3551	3552	3553	
6	3236	3235	3238	3552	3551	3554	
6	3239	3236	3238	3555	3552	3554	
6	3237	3226	3235	3553	3542	3551	
6	3228	3240	3192	3544	3556	3508	
6	3226	3237	3227	3542	3553	3543	
6	3241	3242	3193	3557	3558	3509	
6	3218	3211	3243	3534	3527	3559	
6	3229	3231	3230	3545	3547	3546	
6	3227	3240	3228	3543	3556	3544	
6	3192	3244	3245	3508	3560	3561	
6	3246	3244	3165	3562	3560	3481	
6	3245	3244	3246	3561	3560	3562	
6	3247	3248	3249	3563	3564	3565	
6	3228	3192	3245	3544	3508	3561	
6	3250	3251	3252	3566	3567	3568	
6	3253	3237	3236	3569	3553	3552	
6	3249	3254	3255	3565	3570	3571	
6	3248	3247	3256	3564	3563	3572	
6	3215	3220	3257	3531	3536	3573	
6	3258	3259	3260	3574	3575	3576	
6	3260	3261	3262	3576	3577	3578	
6	3260	3263	3264	3576	3579	3580	
6	3265	3266	3264	3581	3582	3580	
6	3220	3215	3214	3536	3531	3530	
6	3267	3268	3269	3583	3584	3585	
6	3270	3271	3272	3586	3587	3588	
6	3273	3255	3254	3589	3571	3570	
6	3272	3269	3268	3588	3585	3584	
6	3274	3271	3275	3590	3587	3591	
6	3276	3277	3261	3592	3593	3577	
6	3261	3278	3276	3577	3594	3592	
6	3213	3243	3211	3529	3559	3527	
6	3279	3276	3271	3595	3592	3587	
6	3260	3259	3278	3576	3575	3594	
6	3218	3243	3219	3534	3559	3535	
6	3255	3247	3249	3571	3563	3565	
6	3186	3280	3176	3502	3596	3492	
6	3281	3282	3249	3597	3598	3565	
6	3256	3283	3167	3572	3599	3483	
6	3258	3264	3266	3574	3580	3582	
6	3252	3263	3284	3568	3579	3600	
6	3239	3238	3233	3555	3554	3549	
6	3236	3239	3253	3552	3555	3569	
6	3237	3172	3227	3553	3488	3543	
6	3172	3240	3227	3488	3556	3543	
6	3185	3187	3188	3501	3503	3504	
6	3186	3185	3280	3502	3501	3596	
6	3194	3198	3195	3510	3514	3511	
6	3194	3197	3198	3510	3513	3514	
6	3251	3211	3223	3567	3527	3539	
6	3209	3210	3207	3525	3526	3523	
6	3217	3219	3216	3533	3535	3532	
6	3218	3217	3223	3534	3533	3539	
6	3222	3221	3265	3538	3537	3581	
6	3220	3222	3257	3536	3538	3573	
6	3225	3224	3230	3541	3540	3546	
6	3182	3285	3224	3498	3601	3540	
6	3166	3244	3192	3482	3560	3508	
6	3246	3165	3283	3562	3481	3599	
6	3249	3248	3281	3565	3564	3597	
6	3282	3254	3249	3598	3570	3565	
6	3233	3232	3239	3549	3548	3555	
6	3232	3286	3253	3548	3602	3569	
6	3286	3170	3253	3602	3486	3569	
6	3172	3171	3287	3488	3487	3603	
6	3188	3190	3185	3504	3506	3501	
6	3280	3185	3190	3596	3501	3506	
6	3199	3196	3200	3515	3512	3516	
6	3190	3288	3280	3506	3604	3596	
6	3216	3215	3217	3532	3531	3533	
6	3223	3217	3215	3539	3533	3531	
6	3265	3264	3222	3581	3580	3538	
6	3257	3222	3264	3573	3538	3580	
6	3166	3165	3244	3482	3481	3560	
6	3167	3283	3165	3483	3599	3481	
6	3256	3167	3248	3572	3483	3564	
6	3281	3248	3167	3597	3564	3483	
6	3232	3253	3239	3548	3569	3555	
6	3237	3253	3170	3553	3569	3486	
6	3288	3190	3197	3604	3506	3513	
6	3289	3173	3288	3605	3489	3604	
6	3201	3200	3290	3517	3516	3606	
6	3291	3289	3197	3607	3605	3513	
6	3194	3199	3197	3510	3515	3513	
6	3199	3201	3291	3515	3517	3607	
6	3215	3257	3252	3531	3573	3568	
6	3211	3251	3212	3527	3567	3528	
6	3263	3257	3264	3579	3573	3580	
6	3215	3252	3223	3531	3568	3539	
6	3240	3241	3192	3556	3557	3508	
6	3167	3292	3281	3483	3608	3597	
6	3285	3286	3232	3601	3602	3548	
6	3170	3286	3234	3486	3602	3550	
6	3229	3285	3232	3545	3601	3548	
6	3171	3285	3293	3487	3601	3609	
6	3286	3285	3234	3602	3601	3550	
6	3285	3171	3234	3601	3487	3550	
6	3170	3172	3237	3486	3488	3553	
6	3240	3172	3294	3556	3488	3610	
6	3294	3172	3287	3610	3488	3603	
6	3241	3193	3192	3557	3509	3508	
6	3250	3295	3212	3566	3611	3528	
6	3203	3207	3212	3519	3523	3528	
6	3210	3212	3207	3526	3528	3523	
6	3203	3212	3295	3519	3528	3611	
6	3225	3184	3182	3541	3500	3498	
6	3285	3229	3224	3601	3545	3540	
6	3292	3167	3166	3608	3483	3482	
6	3268	3254	3296	3584	3570	3612	
6	3297	3166	3193	3613	3482	3509	
6	3282	3292	3298	3598	3608	3614	
6	3292	3282	3281	3608	3598	3597	
6	3298	3296	3282	3614	3612	3598	
6	3290	3205	3206	3606	3521	3522	
6	3199	3291	3197	3515	3607	3513	
6	3197	3289	3288	3513	3605	3604	
6	3173	3289	3174	3489	3605	3490	
6	3260	3264	3258	3576	3580	3574	
6	3262	3284	3263	3578	3600	3579	
6	3263	3252	3257	3579	3568	3573	
6	3250	3252	3284	3566	3568	3600	
6	3204	3203	3295	3520	3519	3611	
6	3206	3201	3290	3522	3517	3606	
6	3184	3179	3181	3500	3495	3497	
6	3285	3182	3293	3601	3498	3609	
6	3288	3173	3280	3604	3489	3596	
6	3176	3280	3173	3492	3596	3489	
6	3242	3298	3193	3558	3614	3509	
6	3166	3297	3292	3482	3613	3608	
6	3193	3298	3297	3509	3614	3613	
6	3298	3292	3297	3614	3608	3613	
6	3252	3251	3223	3568	3567	3539	
6	3250	3212	3251	3566	3528	3567	
6	3161	3299	3163	3477	3615	3479	
6	3183	3180	3163	3499	3496	3479	
6	3169	3168	3176	3485	3484	3492	
6	3174	3177	3169	3490	3493	3485	
6	3259	3275	3278	3575	3591	3594	
6	3263	3260	3262	3579	3576	3578	
6	3254	3267	3273	3570	3583	3589	
6	3296	3270	3268	3612	3586	3584	
6	3272	3274	3269	3588	3590	3585	
6	3270	3279	3271	3586	3595	3587	
6	3300	3301	3287	3616	3617	3603	
6	3301	3242	3241	3617	3558	3557	
6	3296	3254	3282	3612	3570	3598	
6	3267	3254	3268	3583	3570	3584	
6	3203	3202	3206	3519	3518	3522	
6	3208	3302	3291	3524	3618	3607	
6	3208	3291	3201	3524	3607	3517	
6	3289	3291	3302	3605	3607	3618	
6	3179	3191	3180	3495	3507	3496	
6	3183	3293	3182	3499	3609	3498	
6	3276	3278	3275	3592	3594	3591	
6	3261	3260	3278	3577	3576	3594	
6	3270	3272	3268	3586	3588	3584	
6	3271	3274	3272	3587	3590	3588	
6	3301	3241	3294	3617	3557	3610	
6	3240	3294	3241	3556	3610	3557	
6	3206	3202	3208	3522	3518	3524	
6	3202	3302	3208	3518	3618	3524	
6	3191	3163	3180	3507	3479	3496	
6	3183	3163	3299	3499	3479	3615	
6	3271	3276	3275	3587	3592	3591	
6	3277	3276	3279	3593	3592	3595	
6	3181	3180	3183	3497	3496	3499	
6	3293	3183	3299	3609	3499	3615	
6	3287	3301	3294	3603	3617	3610	
6	3242	3301	3300	3558	3617	3616	
6	3169	3162	3164	3485	3478	3480	
6	3160	3162	3177	3476	3478	3493	
6	3303	3304	3305	3619	3620	3621	
6	3184	3306	3307	3500	3622	3623	
6	3308	3309	3310	3624	3625	3626	
6	3303	3311	3312	3619	3627	3628	
6	3313	3314	3315	3629	3630	3631	
6	3316	3317	3318	3632	3633	3634	
6	3319	3320	3321	3635	3636	3637	
6	3322	3323	3314	3638	3639	3630	
6	3324	3325	3326	3640	3641	3642	
6	3327	3328	3329	3643	3644	3645	
6	3330	3331	3332	3646	3647	3648	
6	3319	3327	3329	3635	3643	3645	
6	3333	3334	3335	3649	3650	3651	
6	3317	3336	3318	3633	3652	3634	
6	3337	3338	3334	3653	3654	3650	
6	3339	3340	3341	3655	3656	3657	
6	3342	3335	3343	3658	3651	3659	
6	3344	3345	3321	3660	3661	3637	
6	3346	3347	3348	3662	3663	3664	
6	3349	3343	3350	3665	3659	3666	
6	3350	3345	3351	3666	3661	3667	
6	3345	3334	3338	3661	3650	3654	
6	3311	3352	3353	3627	3668	3669	
6	3346	3354	3355	3662	3670	3671	
6	3356	3321	3320	3672	3637	3636	
6	3333	3340	3337	3649	3656	3653	
6	3357	3358	3356	3673	3674	3672	
6	3359	3360	3361	3675	3676	3677	
6	3362	3363	3364	3678	3679	3680	
6	3356	3358	3365	3672	3674	3681	
6	3366	3367	3368	3682	3683	3684	
6	3369	3370	3371	3685	3686	3687	
6	3372	3373	3374	3688	3689	3690	
6	3375	3376	3377	3691	3692	3693	
6	3378	3379	3380	3694	3695	3696	
6	3381	3376	3375	3697	3692	3691	
6	3323	3382	3383	3639	3698	3699	
6	3356	3365	3384	3672	3681	3700	
6	3385	3386	3387	3701	3702	3703	
6	3385	3356	3384	3701	3672	3700	
6	3388	3389	3390	3704	3705	3706	
6	3387	3391	3385	3703	3707	3701	
6	3386	3392	3388	3702	3708	3704	
6	3391	3354	3351	3707	3670	3667	
6	3393	3394	3395	3709	3710	3711	
6	3396	3397	3267	3712	3713	3583	
6	3398	3399	3400	3714	3715	3716	
6	3396	3401	3393	3712	3717	3709	
6	3402	3403	3404	3718	3719	3720	
6	3402	3389	3392	3718	3705	3708	
6	3365	3395	3394	3681	3711	3710	
6	3405	3406	3209	3721	3722	3525	
6	3407	3408	3373	3723	3724	3689	
6	3344	3385	3345	3660	3701	3661	
6	3409	3307	3316	3725	3623	3632	
6	3410	3349	3411	3726	3665	3727	
6	3329	3322	3412	3645	3638	3728	
6	3305	3309	3413	3621	3625	3729	
6	3414	3415	3323	3730	3731	3639	
6	3304	3303	3188	3620	3619	3504	
6	3178	3416	3304	3494	3732	3620	
6	3313	3417	3418	3629	3733	3734	
6	3417	3325	3419	3733	3641	3735	
6	3357	3356	3320	3673	3672	3636	
6	3420	3336	3421	3736	3652	3737	
6	3357	3418	3417	3673	3734	3733	
6	3361	3364	3375	3677	3680	3691	
6	3360	3324	3422	3676	3640	3738	
6	3321	3353	3352	3637	3669	3668	
6	3319	3321	3352	3635	3637	3668	
6	3321	3345	3338	3637	3661	3654	
6	3200	3423	3290	3516	3739	3606	
6	3353	3321	3338	3669	3637	3654	
6	3345	3350	3343	3661	3666	3659	
6	3334	3345	3343	3650	3661	3659	
6	3356	3385	3344	3672	3701	3660	
6	3321	3356	3344	3637	3672	3660	
6	3385	3391	3351	3701	3707	3667	
6	3348	3349	3350	3664	3665	3666	
6	3345	3385	3351	3661	3701	3667	
6	3347	3219	3424	3663	3535	3740	
6	3347	3346	3214	3663	3662	3530	
6	3341	3196	3195	3657	3512	3511	
6	3336	3309	3421	3652	3625	3737	
6	3377	3365	3358	3693	3681	3674	
6	3359	3358	3357	3675	3674	3673	
6	3372	3376	3380	3688	3692	3696	
6	3381	3364	3363	3697	3680	3679	
6	3365	3377	3374	3681	3693	3690	
6	3371	3425	3362	3687	3741	3678	
6	3395	3365	3374	3711	3681	3690	
6	3231	3426	3427	3547	3742	3743	
6	3428	3429	3430	3744	3745	3746	
6	3431	3432	3369	3747	3748	3685	
6	3386	3385	3384	3702	3701	3700	
6	3365	3386	3384	3681	3702	3700	
6	3433	3387	3388	3749	3703	3704	
6	3386	3388	3387	3702	3704	3703	
6	3403	3392	3401	3719	3708	3717	
6	3258	3434	3259	3574	3750	3575	
6	3386	3401	3392	3702	3717	3708	
6	3386	3365	3394	3702	3681	3710	
6	3401	3386	3394	3717	3702	3710	
6	3404	3435	3436	3720	3751	3752	
6	3407	3372	3437	3723	3688	3753	
6	3438	3439	3368	3754	3755	3684	
6	3407	3439	3438	3723	3755	3754	
6	3440	3409	3316	3756	3725	3632	
6	3314	3326	3315	3630	3642	3631	
6	3399	3266	3265	3715	3582	3581	
6	3433	3390	3398	3749	3706	3714	
6	3305	3413	3311	3621	3729	3627	
6	3310	3336	3317	3626	3652	3633	
6	3352	3311	3413	3668	3627	3729	
6	3312	3311	3353	3628	3627	3669	
6	3303	3305	3311	3619	3621	3627	
6	3309	3305	3421	3625	3621	3737	
6	3337	3312	3353	3653	3628	3669	
6	3312	3340	3441	3628	3656	3757	
6	3318	3336	3420	3634	3652	3736	
6	3310	3317	3414	3626	3633	3730	
6	3416	3420	3421	3732	3736	3737	
6	3442	3318	3420	3758	3634	3736	
6	3443	3318	3442	3759	3634	3758	
6	3442	3420	3175	3758	3736	3491	
6	3440	3318	3443	3756	3634	3759	
6	3338	3337	3353	3654	3653	3669	
6	3333	3337	3334	3649	3653	3650	
6	3441	3303	3312	3757	3619	3628	
6	3441	3188	3303	3757	3504	3619	
6	3312	3337	3340	3628	3653	3656	
6	3304	3188	3187	3620	3504	3503	
6	3416	3178	3175	3732	3494	3491	
6	3421	3305	3304	3737	3621	3620	
6	3334	3343	3335	3650	3659	3651	
6	3444	3340	3333	3760	3656	3649	
6	3335	3342	3445	3651	3658	3761	
6	3446	3196	3444	3762	3512	3760	
6	3416	3175	3420	3732	3491	3736	
6	3339	3189	3441	3655	3505	3757	
6	3441	3189	3188	3757	3505	3504	
6	3304	3187	3178	3620	3503	3494	
6	3304	3416	3421	3620	3732	3737	
6	3333	3335	3444	3649	3651	3760	
6	3446	3444	3335	3762	3760	3651	
6	3442	3175	3168	3758	3491	3484	
6	3317	3316	3415	3633	3632	3731	
6	3323	3447	3414	3639	3763	3730	
6	3342	3349	3410	3658	3665	3726	
6	3446	3423	3200	3762	3739	3516	
6	3164	3448	3168	3480	3764	3484	
6	3409	3440	3179	3725	3756	3495	
6	3448	3442	3168	3764	3758	3484	
6	3191	3443	3448	3507	3759	3764	
6	3191	3179	3440	3507	3495	3756	
6	3191	3448	3164	3507	3764	3480	
6	3443	3442	3448	3759	3758	3764	
6	3446	3335	3445	3762	3651	3761	
6	3196	3446	3200	3512	3762	3516	
6	3306	3184	3225	3622	3500	3541	
6	3382	3316	3307	3698	3632	3623	
6	3383	3449	3314	3699	3765	3630	
6	3318	3440	3316	3634	3756	3632	
6	3191	3440	3443	3507	3756	3759	
6	3179	3184	3409	3495	3500	3725	
6	3307	3409	3184	3623	3725	3500	
6	3449	3306	3432	3765	3622	3748	
6	3432	3225	3370	3748	3541	3686	
6	3307	3306	3449	3623	3622	3765	
6	3306	3225	3432	3622	3541	3748	
6	3348	3350	3354	3664	3666	3670	
6	3450	3411	3424	3766	3727	3740	
6	3351	3354	3350	3667	3670	3666	
6	3355	3354	3391	3671	3670	3707	
6	3346	3348	3354	3662	3664	3670	
6	3349	3348	3411	3665	3664	3727	
6	3433	3355	3391	3749	3671	3707	
6	3355	3398	3451	3671	3714	3767	
6	3410	3450	3445	3726	3766	3761	
6	3343	3349	3342	3659	3665	3658	
6	3342	3410	3445	3658	3726	3761	
6	3446	3445	3423	3762	3761	3739	
6	3406	3445	3450	3722	3761	3766	
6	3410	3411	3450	3726	3727	3766	
6	3406	3213	3209	3722	3529	3525	
6	3387	3433	3391	3703	3749	3707	
6	3390	3433	3388	3706	3749	3704	
6	3451	3346	3355	3767	3662	3671	
6	3451	3214	3346	3767	3530	3662	
6	3355	3433	3398	3671	3749	3714	
6	3347	3214	3216	3663	3530	3532	
6	3424	3219	3243	3740	3535	3559	
6	3411	3348	3347	3727	3664	3663	
6	3450	3213	3406	3766	3529	3722	
6	3406	3405	3423	3722	3721	3739	
6	3388	3392	3389	3704	3708	3705	
6	3452	3398	3390	3768	3714	3706	
6	3389	3402	3436	3705	3718	3752	
6	3453	3266	3452	3769	3582	3768	
6	3424	3243	3450	3740	3559	3766	
6	3400	3221	3451	3716	3537	3767	
6	3451	3221	3214	3767	3537	3530	
6	3347	3216	3219	3663	3532	3535	
6	3347	3424	3411	3663	3740	3727	
6	3390	3389	3452	3706	3705	3768	
6	3453	3452	3389	3769	3768	3705	
6	3405	3209	3205	3721	3525	3521	
6	3408	3397	3393	3724	3713	3709	
6	3434	3454	3259	3750	3770	3575	
6	3406	3423	3445	3722	3739	3761	
6	3205	3290	3405	3521	3606	3721	
6	3423	3405	3290	3739	3721	3606	
6	3453	3389	3436	3769	3705	3752	
6	3266	3453	3258	3582	3769	3574	
6	3422	3324	3455	3738	3640	3771	
6	3450	3243	3213	3766	3559	3529	
6	3456	3457	3458	3772	3773	3774	
6	3459	3430	3330	3775	3746	3646	
6	3368	3428	3460	3684	3744	3776	
6	3427	3371	3370	3743	3687	3686	
6	3370	3225	3230	3686	3541	3546	
6	3369	3461	3431	3685	3777	3747	
6	3427	3370	3230	3743	3686	3546	
6	3369	3432	3370	3685	3748	3686	
6	3426	3231	3233	3742	3547	3549	
6	3427	3462	3371	3743	3778	3687	
6	3425	3371	3462	3741	3687	3778	
6	3455	3371	3362	3771	3687	3678	
6	3458	3425	3462	3774	3741	3778	
6	3378	3363	3457	3694	3679	3773	
6	3463	3464	3332	3779	3780	3648	
6	3464	3463	3465	3780	3779	3781	
6	3362	3425	3363	3678	3741	3679	
6	3425	3458	3457	3741	3774	3773	
6	3381	3375	3364	3697	3691	3680	
6	3361	3375	3377	3677	3691	3693	
6	3381	3380	3376	3697	3696	3692	
6	3361	3422	3364	3677	3738	3680	
6	3360	3325	3324	3676	3641	3640	
6	3362	3364	3422	3678	3680	3738	
6	3372	3374	3376	3688	3690	3692	
6	3377	3376	3374	3693	3692	3690	
6	3359	3361	3377	3675	3677	3693	
6	3360	3422	3361	3676	3738	3677	
6	3326	3461	3324	3642	3777	3640	
6	3461	3455	3324	3777	3771	3640	
6	3381	3378	3380	3697	3694	3696	
6	3429	3437	3379	3745	3753	3695	
6	3358	3359	3377	3674	3675	3693	
6	3419	3359	3357	3735	3675	3673	
6	3360	3419	3325	3676	3735	3641	
6	3315	3325	3417	3631	3641	3733	
6	3449	3461	3326	3765	3777	3642	
6	3455	3461	3369	3771	3777	3685	
6	3363	3378	3381	3679	3694	3697	
6	3380	3379	3437	3696	3695	3753	
6	3368	3439	3428	3684	3755	3744	
6	3372	3380	3437	3688	3696	3753	
6	3359	3419	3360	3675	3735	3676	
6	3417	3419	3357	3733	3735	3673	
6	3313	3322	3314	3629	3638	3630	
6	3326	3325	3315	3642	3641	3631	
6	3461	3449	3431	3777	3765	3747	
6	3449	3432	3431	3765	3748	3747	
6	3371	3455	3369	3687	3771	3685	
6	3455	3362	3422	3771	3678	3738	
6	3378	3466	3379	3694	3782	3695	
6	3437	3429	3439	3753	3745	3755	
6	3466	3331	3379	3782	3647	3695	
6	3429	3379	3331	3745	3695	3647	
6	3332	3464	3330	3648	3780	3646	
6	3429	3331	3430	3745	3647	3746	
6	3462	3467	3458	3778	3783	3774	
6	3465	3468	3464	3781	3784	3780	
6	3459	3330	3468	3775	3646	3784	
6	3429	3428	3439	3745	3744	3755	
6	3330	3430	3331	3646	3746	3647	
6	3430	3459	3428	3746	3775	3744	
6	3332	3331	3466	3648	3647	3782	
6	3330	3464	3468	3646	3780	3784	
6	3459	3460	3428	3775	3776	3744	
6	3366	3460	3256	3682	3776	3572	
6	3466	3456	3332	3782	3772	3648	
6	3332	3456	3463	3648	3772	3779	
6	3457	3456	3466	3773	3772	3782	
6	3456	3458	3463	3772	3774	3779	
6	3378	3457	3466	3694	3773	3782	
6	3457	3363	3425	3773	3679	3741	
6	3467	3463	3458	3783	3779	3774	
6	3469	3467	3426	3785	3783	3742	
6	3469	3463	3467	3785	3779	3783	
6	3460	3283	3256	3776	3599	3572	
6	3459	3468	3470	3775	3784	3786	
6	3427	3426	3462	3743	3742	3778	
6	3373	3408	3395	3689	3724	3711	
6	3255	3273	3471	3571	3589	3787	
6	3462	3426	3467	3778	3742	3783	
6	3238	3426	3233	3554	3742	3549	
6	3226	3472	3235	3542	3788	3551	
6	3470	3468	3465	3786	3784	3781	
6	3465	3472	3470	3781	3788	3786	
6	3459	3470	3473	3775	3786	3789	
6	3397	3273	3267	3713	3589	3583	
6	3463	3469	3465	3779	3785	3781	
6	3426	3238	3469	3742	3554	3785	
6	3246	3474	3245	3562	3790	3561	
6	3472	3465	3469	3788	3781	3785	
6	3474	3246	3473	3790	3562	3789	
6	3438	3367	3255	3754	3683	3571	
6	3460	3366	3368	3776	3682	3684	
6	3439	3407	3437	3755	3723	3753	
6	3474	3470	3472	3790	3786	3788	
6	3246	3283	3473	3562	3599	3789	
6	3256	3247	3366	3572	3563	3682	
6	3367	3366	3247	3683	3682	3563	
6	3255	3367	3247	3571	3683	3563	
6	3438	3368	3367	3754	3684	3683	
6	3357	3320	3418	3673	3636	3734	
6	3315	3417	3313	3631	3733	3629	
6	3383	3314	3323	3699	3630	3639	
6	3326	3314	3449	3642	3630	3765	
6	3320	3319	3418	3636	3635	3734	
6	3473	3470	3474	3789	3786	3790	
6	3226	3228	3245	3542	3544	3561	
6	3472	3245	3474	3788	3561	3790	
6	3418	3319	3412	3734	3635	3728	
6	3283	3460	3473	3599	3776	3789	
6	3459	3473	3460	3775	3789	3776	
6	3438	3255	3471	3754	3571	3787	
6	3427	3230	3231	3743	3546	3547	
6	3407	3471	3408	3723	3787	3724	
6	3313	3412	3322	3629	3728	3638	
6	3447	3322	3329	3763	3638	3645	
6	3418	3412	3313	3734	3728	3629	
6	3329	3412	3319	3645	3728	3635	
6	3447	3328	3414	3763	3644	3730	
6	3323	3322	3447	3639	3638	3763	
6	3319	3352	3327	3635	3668	3643	
6	3447	3329	3328	3763	3645	3644	
6	3310	3414	3328	3626	3730	3644	
6	3317	3415	3414	3633	3731	3730	
6	3352	3413	3327	3668	3729	3643	
6	3327	3413	3308	3643	3729	3624	
6	3308	3310	3328	3624	3626	3644	
6	3336	3310	3309	3652	3626	3625	
6	3327	3308	3328	3643	3624	3644	
6	3309	3308	3413	3625	3624	3729	
6	3382	3323	3415	3698	3639	3731	
6	3307	3449	3383	3623	3765	3699	
6	3235	3472	3238	3551	3788	3554	
6	3238	3472	3469	3554	3788	3785	
6	3316	3382	3415	3632	3698	3731	
6	3472	3226	3245	3788	3542	3561	
6	3307	3383	3382	3623	3699	3698	
6	3407	3438	3471	3723	3754	3787	
6	3374	3373	3395	3690	3689	3711	
6	3372	3407	3373	3688	3723	3689	
6	3267	3475	3396	3583	3791	3712	
6	3475	3404	3396	3791	3720	3712	
6	3394	3393	3401	3710	3709	3717	
6	3408	3393	3395	3724	3709	3711	
6	3397	3471	3273	3713	3787	3589	
6	3392	3403	3402	3708	3719	3718	
6	3471	3397	3408	3787	3713	3724	
6	3393	3397	3396	3709	3713	3712	
6	3267	3269	3475	3583	3585	3791	
6	3475	3269	3404	3791	3585	3720	
6	3454	3274	3275	3770	3590	3591	
6	3435	3454	3434	3751	3770	3750	
6	3401	3396	3403	3717	3712	3719	
6	3404	3403	3396	3720	3719	3712	
6	3402	3404	3436	3718	3720	3752	
6	3269	3274	3435	3585	3590	3751	
6	3404	3269	3435	3720	3585	3751	
6	3453	3436	3434	3769	3752	3750	
6	3274	3454	3435	3590	3770	3751	
6	3434	3258	3453	3750	3574	3769	
6	3275	3259	3454	3591	3575	3770	
6	3435	3434	3436	3751	3750	3752	
6	3339	3341	3195	3655	3657	3511	
6	3196	3341	3444	3512	3657	3760	
6	3340	3444	3341	3656	3760	3657	
6	3189	3339	3195	3505	3655	3511	
6	3340	3339	3441	3656	3655	3757	
6	3400	3399	3265	3716	3715	3581	
6	3266	3399	3452	3582	3715	3768	
6	3398	3452	3399	3714	3768	3715	
6	3221	3400	3265	3537	3716	3581	
6	3398	3400	3451	3714	3716	3767	
6	3476	3477	3478	3792	3793	3794	
6	3479	3478	3477	3795	3794	3793	
6	3479	3480	3478	3795	3796	3794	
6	3481	3482	3483	3797	3798	3799	
6	3480	3484	3485	3796	3800	3801	
6	3486	3487	3488	3802	3803	3804	
6	3489	3490	3485	3805	3806	3801	
6	3491	3492	3484	3807	3808	3800	
6	3478	3485	3493	3794	3801	3809	
6	3494	3492	3491	3810	3808	3807	
6	3495	3496	3497	3811	3812	3813	
6	3498	3497	3499	3814	3813	3815	
6	3500	3497	3498	3816	3813	3814	
6	3501	3502	3503	3817	3818	3819	
6	3504	3505	3506	3820	3821	3822	
6	3494	3502	3492	3810	3818	3808	
6	3480	3479	3507	3796	3795	3823	
6	3482	3508	3509	3798	3824	3825	
6	3510	3511	3512	3826	3827	3828	
6	3513	3506	3514	3829	3822	3830	
6	3514	3506	3505	3830	3822	3821	
6	3515	3510	3512	3831	3826	3828	
6	3516	3517	3515	3832	3833	3831	
6	3489	3485	3492	3805	3801	3808	
6	3518	3519	3520	3834	3835	3836	
6	3521	3519	3522	3837	3835	3838	
6	3521	3523	3519	3837	3839	3835	
6	3522	3524	3517	3838	3840	3833	
6	3502	3494	3503	3818	3810	3819	
6	3523	3521	3525	3839	3837	3841	
6	3526	3527	3528	3842	3843	3844	
6	3527	3526	3529	3843	3842	3845	
6	3530	3531	3532	3846	3847	3848	
6	3533	3534	3535	3849	3850	3851	
6	3536	3530	3537	3852	3846	3853	
6	3538	3536	3537	3854	3852	3853	
6	3527	3534	3539	3843	3850	3855	
6	3514	3505	3511	3830	3821	3827	
6	3526	3525	3529	3842	3841	3845	
6	3498	3540	3541	3814	3856	3857	
6	3542	3543	3544	3858	3859	3860	
6	3540	3545	3546	3856	3861	3862	
6	3547	3548	3549	3863	3864	3865	
6	3548	3547	3545	3864	3863	3861	
6	3487	3486	3550	3803	3802	3866	
6	3551	3552	3553	3867	3868	3869	
6	3552	3551	3554	3868	3867	3870	
6	3555	3552	3554	3871	3868	3870	
6	3553	3542	3551	3869	3858	3867	
6	3544	3556	3508	3860	3872	3824	
6	3542	3553	3543	3858	3869	3859	
6	3557	3558	3509	3873	3874	3825	
6	3534	3527	3559	3850	3843	3875	
6	3545	3547	3546	3861	3863	3862	
6	3543	3556	3544	3859	3872	3860	
6	3508	3560	3561	3824	3876	3877	
6	3562	3560	3481	3878	3876	3797	
6	3561	3560	3562	3877	3876	3878	
6	3563	3564	3565	3879	3880	3881	
6	3544	3508	3561	3860	3824	3877	
6	3566	3567	3568	3882	3883	3884	
6	3569	3553	3552	3885	3869	3868	
6	3565	3570	3571	3881	3886	3887	
6	3564	3563	3572	3880	3879	3888	
6	3531	3536	3573	3847	3852	3889	
6	3574	3575	3576	3890	3891	3892	
6	3576	3577	3578	3892	3893	3894	
6	3576	3579	3580	3892	3895	3896	
6	3581	3582	3580	3897	3898	3896	
6	3536	3531	3530	3852	3847	3846	
6	3583	3584	3585	3899	3900	3901	
6	3586	3587	3588	3902	3903	3904	
6	3589	3571	3570	3905	3887	3886	
6	3588	3585	3584	3904	3901	3900	
6	3590	3587	3591	3906	3903	3907	
6	3592	3593	3577	3908	3909	3893	
6	3577	3594	3592	3893	3910	3908	
6	3529	3559	3527	3845	3875	3843	
6	3595	3592	3587	3911	3908	3903	
6	3576	3575	3594	3892	3891	3910	
6	3534	3559	3535	3850	3875	3851	
6	3571	3563	3565	3887	3879	3881	
6	3502	3596	3492	3818	3912	3808	
6	3597	3598	3565	3913	3914	3881	
6	3572	3599	3483	3888	3915	3799	
6	3574	3580	3582	3890	3896	3898	
6	3568	3579	3600	3884	3895	3916	
6	3555	3554	3549	3871	3870	3865	
6	3552	3555	3569	3868	3871	3885	
6	3553	3488	3543	3869	3804	3859	
6	3488	3556	3543	3804	3872	3859	
6	3501	3503	3504	3817	3819	3820	
6	3502	3501	3596	3818	3817	3912	
6	3510	3514	3511	3826	3830	3827	
6	3510	3513	3514	3826	3829	3830	
6	3567	3527	3539	3883	3843	3855	
6	3525	3526	3523	3841	3842	3839	
6	3533	3535	3532	3849	3851	3848	
6	3534	3533	3539	3850	3849	3855	
6	3538	3537	3581	3854	3853	3897	
6	3536	3538	3573	3852	3854	3889	
6	3541	3540	3546	3857	3856	3862	
6	3498	3601	3540	3814	3917	3856	
6	3482	3560	3508	3798	3876	3824	
6	3562	3481	3599	3878	3797	3915	
6	3565	3564	3597	3881	3880	3913	
6	3598	3570	3565	3914	3886	3881	
6	3549	3548	3555	3865	3864	3871	
6	3548	3602	3569	3864	3918	3885	
6	3602	3486	3569	3918	3802	3885	
6	3488	3487	3603	3804	3803	3919	
6	3504	3506	3501	3820	3822	3817	
6	3596	3501	3506	3912	3817	3822	
6	3515	3512	3516	3831	3828	3832	
6	3506	3604	3596	3822	3920	3912	
6	3532	3531	3533	3848	3847	3849	
6	3539	3533	3531	3855	3849	3847	
6	3581	3580	3538	3897	3896	3854	
6	3573	3538	3580	3889	3854	3896	
6	3482	3481	3560	3798	3797	3876	
6	3483	3599	3481	3799	3915	3797	
6	3572	3483	3564	3888	3799	3880	
6	3597	3564	3483	3913	3880	3799	
6	3548	3569	3555	3864	3885	3871	
6	3553	3569	3486	3869	3885	3802	
6	3604	3506	3513	3920	3822	3829	
6	3605	3489	3604	3921	3805	3920	
6	3517	3516	3606	3833	3832	3922	
6	3607	3605	3513	3923	3921	3829	
6	3510	3515	3513	3826	3831	3829	
6	3515	3517	3607	3831	3833	3923	
6	3531	3573	3568	3847	3889	3884	
6	3527	3567	3528	3843	3883	3844	
6	3579	3573	3580	3895	3889	3896	
6	3531	3568	3539	3847	3884	3855	
6	3556	3557	3508	3872	3873	3824	
6	3483	3608	3597	3799	3924	3913	
6	3601	3602	3548	3917	3918	3864	
6	3486	3602	3550	3802	3918	3866	
6	3545	3601	3548	3861	3917	3864	
6	3487	3601	3609	3803	3917	3925	
6	3602	3601	3550	3918	3917	3866	
6	3601	3487	3550	3917	3803	3866	
6	3486	3488	3553	3802	3804	3869	
6	3556	3488	3610	3872	3804	3926	
6	3610	3488	3603	3926	3804	3919	
6	3557	3509	3508	3873	3825	3824	
6	3566	3611	3528	3882	3927	3844	
6	3519	3523	3528	3835	3839	3844	
6	3526	3528	3523	3842	3844	3839	
6	3519	3528	3611	3835	3844	3927	
6	3541	3500	3498	3857	3816	3814	
6	3601	3545	3540	3917	3861	3856	
6	3608	3483	3482	3924	3799	3798	
6	3584	3570	3612	3900	3886	3928	
6	3613	3482	3509	3929	3798	3825	
6	3598	3608	3614	3914	3924	3930	
6	3608	3598	3597	3924	3914	3913	
6	3614	3612	3598	3930	3928	3914	
6	3606	3521	3522	3922	3837	3838	
6	3515	3607	3513	3831	3923	3829	
6	3513	3605	3604	3829	3921	3920	
6	3489	3605	3490	3805	3921	3806	
6	3576	3580	3574	3892	3896	3890	
6	3578	3600	3579	3894	3916	3895	
6	3579	3568	3573	3895	3884	3889	
6	3566	3568	3600	3882	3884	3916	
6	3520	3519	3611	3836	3835	3927	
6	3522	3517	3606	3838	3833	3922	
6	3500	3495	3497	3816	3811	3813	
6	3601	3498	3609	3917	3814	3925	
6	3604	3489	3596	3920	3805	3912	
6	3492	3596	3489	3808	3912	3805	
6	3558	3614	3509	3874	3930	3825	
6	3482	3613	3608	3798	3929	3924	
6	3509	3614	3613	3825	3930	3929	
6	3614	3608	3613	3930	3924	3929	
6	3568	3567	3539	3884	3883	3855	
6	3566	3528	3567	3882	3844	3883	
6	3477	3615	3479	3793	3931	3795	
6	3499	3496	3479	3815	3812	3795	
6	3485	3484	3492	3801	3800	3808	
6	3490	3493	3485	3806	3809	3801	
6	3575	3591	3594	3891	3907	3910	
6	3579	3576	3578	3895	3892	3894	
6	3570	3583	3589	3886	3899	3905	
6	3612	3586	3584	3928	3902	3900	
6	3588	3590	3585	3904	3906	3901	
6	3586	3595	3587	3902	3911	3903	
6	3616	3617	3603	3932	3933	3919	
6	3617	3558	3557	3933	3874	3873	
6	3612	3570	3598	3928	3886	3914	
6	3583	3570	3584	3899	3886	3900	
6	3519	3518	3522	3835	3834	3838	
6	3524	3618	3607	3840	3934	3923	
6	3524	3607	3517	3840	3923	3833	
6	3605	3607	3618	3921	3923	3934	
6	3495	3507	3496	3811	3823	3812	
6	3499	3609	3498	3815	3925	3814	
6	3592	3594	3591	3908	3910	3907	
6	3577	3576	3594	3893	3892	3910	
6	3586	3588	3584	3902	3904	3900	
6	3587	3590	3588	3903	3906	3904	
6	3617	3557	3610	3933	3873	3926	
6	3556	3610	3557	3872	3926	3873	
6	3522	3518	3524	3838	3834	3840	
6	3518	3618	3524	3834	3934	3840	
6	3507	3479	3496	3823	3795	3812	
6	3499	3479	3615	3815	3795	3931	
6	3587	3592	3591	3903	3908	3907	
6	3593	3592	3595	3909	3908	3911	
6	3497	3496	3499	3813	3812	3815	
6	3609	3499	3615	3925	3815	3931	
6	3603	3617	3610	3919	3933	3926	
6	3558	3617	3616	3874	3933	3932	
6	3485	3478	3480	3801	3794	3796	
6	3476	3478	3493	3792	3794	3809	
6	3619	3620	3621	3935	3936	3937	
6	3500	3622	3623	3816	3938	3939	
6	3624	3625	3626	3940	3941	3942	
6	3619	3627	3628	3935	3943	3944	
6	3629	3630	3631	3945	3946	3947	
6	3632	3633	3634	3948	3949	3950	
6	3635	3636	3637	3951	3952	3953	
6	3638	3639	3630	3954	3955	3946	
6	3640	3641	3642	3956	3957	3958	
6	3643	3644	3645	3959	3960	3961	
6	3646	3647	3648	3962	3963	3964	
6	3635	3643	3645	3951	3959	3961	
6	3649	3650	3651	3965	3966	3967	
6	3633	3652	3634	3949	3968	3950	
6	3653	3654	3650	3969	3970	3966	
6	3655	3656	3657	3971	3972	3973	
6	3658	3651	3659	3974	3967	3975	
6	3660	3661	3637	3976	3977	3953	
6	3662	3663	3664	3978	3979	3980	
6	3665	3659	3666	3981	3975	3982	
6	3666	3661	3667	3982	3977	3983	
6	3661	3650	3654	3977	3966	3970	
6	3627	3668	3669	3943	3984	3985	
6	3662	3670	3671	3978	3986	3987	
6	3672	3637	3636	3988	3953	3952	
6	3649	3656	3653	3965	3972	3969	
6	3673	3674	3672	3989	3990	3988	
6	3675	3676	3677	3991	3992	3993	
6	3678	3679	3680	3994	3995	3996	
6	3672	3674	3681	3988	3990	3997	
6	3682	3683	3684	3998	3999	4000	
6	3685	3686	3687	4001	4002	4003	
6	3688	3689	3690	4004	4005	4006	
6	3691	3692	3693	4007	4008	4009	
6	3694	3695	3696	4010	4011	4012	
6	3697	3692	3691	4013	4008	4007	
6	3639	3698	3699	3955	4014	4015	
6	3672	3681	3700	3988	3997	4016	
6	3701	3702	3703	4017	4018	4019	
6	3701	3672	3700	4017	3988	4016	
6	3704	3705	3706	4020	4021	4022	
6	3703	3707	3701	4019	4023	4017	
6	3702	3708	3704	4018	4024	4020	
6	3707	3670	3667	4023	3986	3983	
6	3709	3710	3711	4025	4026	4027	
6	3712	3713	3583	4028	4029	3899	
6	3714	3715	3716	4030	4031	4032	
6	3712	3717	3709	4028	4033	4025	
6	3718	3719	3720	4034	4035	4036	
6	3718	3705	3708	4034	4021	4024	
6	3681	3711	3710	3997	4027	4026	
6	3721	3722	3525	4037	4038	3841	
6	3723	3724	3689	4039	4040	4005	
6	3660	3701	3661	3976	4017	3977	
6	3725	3623	3632	4041	3939	3948	
6	3726	3665	3727	4042	3981	4043	
6	3645	3638	3728	3961	3954	4044	
6	3621	3625	3729	3937	3941	4045	
6	3730	3731	3639	4046	4047	3955	
6	3620	3619	3504	3936	3935	3820	
6	3494	3732	3620	3810	4048	3936	
6	3629	3733	3734	3945	4049	4050	
6	3733	3641	3735	4049	3957	4051	
6	3673	3672	3636	3989	3988	3952	
6	3736	3652	3737	4052	3968	4053	
6	3673	3734	3733	3989	4050	4049	
6	3677	3680	3691	3993	3996	4007	
6	3676	3640	3738	3992	3956	4054	
6	3637	3669	3668	3953	3985	3984	
6	3635	3637	3668	3951	3953	3984	
6	3637	3661	3654	3953	3977	3970	
6	3516	3739	3606	3832	4055	3922	
6	3669	3637	3654	3985	3953	3970	
6	3661	3666	3659	3977	3982	3975	
6	3650	3661	3659	3966	3977	3975	
6	3672	3701	3660	3988	4017	3976	
6	3637	3672	3660	3953	3988	3976	
6	3701	3707	3667	4017	4023	3983	
6	3664	3665	3666	3980	3981	3982	
6	3661	3701	3667	3977	4017	3983	
6	3663	3535	3740	3979	3851	4056	
6	3663	3662	3530	3979	3978	3846	
6	3657	3512	3511	3973	3828	3827	
6	3652	3625	3737	3968	3941	4053	
6	3693	3681	3674	4009	3997	3990	
6	3675	3674	3673	3991	3990	3989	
6	3688	3692	3696	4004	4008	4012	
6	3697	3680	3679	4013	3996	3995	
6	3681	3693	3690	3997	4009	4006	
6	3687	3741	3678	4003	4057	3994	
6	3711	3681	3690	4027	3997	4006	
6	3547	3742	3743	3863	4058	4059	
6	3744	3745	3746	4060	4061	4062	
6	3747	3748	3685	4063	4064	4001	
6	3702	3701	3700	4018	4017	4016	
6	3681	3702	3700	3997	4018	4016	
6	3749	3703	3704	4065	4019	4020	
6	3702	3704	3703	4018	4020	4019	
6	3719	3708	3717	4035	4024	4033	
6	3574	3750	3575	3890	4066	3891	
6	3702	3717	3708	4018	4033	4024	
6	3702	3681	3710	4018	3997	4026	
6	3717	3702	3710	4033	4018	4026	
6	3720	3751	3752	4036	4067	4068	
6	3723	3688	3753	4039	4004	4069	
6	3754	3755	3684	4070	4071	4000	
6	3723	3755	3754	4039	4071	4070	
6	3756	3725	3632	4072	4041	3948	
6	3630	3642	3631	3946	3958	3947	
6	3715	3582	3581	4031	3898	3897	
6	3749	3706	3714	4065	4022	4030	
6	3621	3729	3627	3937	4045	3943	
6	3626	3652	3633	3942	3968	3949	
6	3668	3627	3729	3984	3943	4045	
6	3628	3627	3669	3944	3943	3985	
6	3619	3621	3627	3935	3937	3943	
6	3625	3621	3737	3941	3937	4053	
6	3653	3628	3669	3969	3944	3985	
6	3628	3656	3757	3944	3972	4073	
6	3634	3652	3736	3950	3968	4052	
6	3626	3633	3730	3942	3949	4046	
6	3732	3736	3737	4048	4052	4053	
6	3758	3634	3736	4074	3950	4052	
6	3759	3634	3758	4075	3950	4074	
6	3758	3736	3491	4074	4052	3807	
6	3756	3634	3759	4072	3950	4075	
6	3654	3653	3669	3970	3969	3985	
6	3649	3653	3650	3965	3969	3966	
6	3757	3619	3628	4073	3935	3944	
6	3757	3504	3619	4073	3820	3935	
6	3628	3653	3656	3944	3969	3972	
6	3620	3504	3503	3936	3820	3819	
6	3732	3494	3491	4048	3810	3807	
6	3737	3621	3620	4053	3937	3936	
6	3650	3659	3651	3966	3975	3967	
6	3760	3656	3649	4076	3972	3965	
6	3651	3658	3761	3967	3974	4077	
6	3762	3512	3760	4078	3828	4076	
6	3732	3491	3736	4048	3807	4052	
6	3655	3505	3757	3971	3821	4073	
6	3757	3505	3504	4073	3821	3820	
6	3620	3503	3494	3936	3819	3810	
6	3620	3732	3737	3936	4048	4053	
6	3649	3651	3760	3965	3967	4076	
6	3762	3760	3651	4078	4076	3967	
6	3758	3491	3484	4074	3807	3800	
6	3633	3632	3731	3949	3948	4047	
6	3639	3763	3730	3955	4079	4046	
6	3658	3665	3726	3974	3981	4042	
6	3762	3739	3516	4078	4055	3832	
6	3480	3764	3484	3796	4080	3800	
6	3725	3756	3495	4041	4072	3811	
6	3764	3758	3484	4080	4074	3800	
6	3507	3759	3764	3823	4075	4080	
6	3507	3495	3756	3823	3811	4072	
6	3507	3764	3480	3823	4080	3796	
6	3759	3758	3764	4075	4074	4080	
6	3762	3651	3761	4078	3967	4077	
6	3512	3762	3516	3828	4078	3832	
6	3622	3500	3541	3938	3816	3857	
6	3698	3632	3623	4014	3948	3939	
6	3699	3765	3630	4015	4081	3946	
6	3634	3756	3632	3950	4072	3948	
6	3507	3756	3759	3823	4072	4075	
6	3495	3500	3725	3811	3816	4041	
6	3623	3725	3500	3939	4041	3816	
6	3765	3622	3748	4081	3938	4064	
6	3748	3541	3686	4064	3857	4002	
6	3623	3622	3765	3939	3938	4081	
6	3622	3541	3748	3938	3857	4064	
6	3664	3666	3670	3980	3982	3986	
6	3766	3727	3740	4082	4043	4056	
6	3667	3670	3666	3983	3986	3982	
6	3671	3670	3707	3987	3986	4023	
6	3662	3664	3670	3978	3980	3986	
6	3665	3664	3727	3981	3980	4043	
6	3749	3671	3707	4065	3987	4023	
6	3671	3714	3767	3987	4030	4083	
6	3726	3766	3761	4042	4082	4077	
6	3659	3665	3658	3975	3981	3974	
6	3658	3726	3761	3974	4042	4077	
6	3762	3761	3739	4078	4077	4055	
6	3722	3761	3766	4038	4077	4082	
6	3726	3727	3766	4042	4043	4082	
6	3722	3529	3525	4038	3845	3841	
6	3703	3749	3707	4019	4065	4023	
6	3706	3749	3704	4022	4065	4020	
6	3767	3662	3671	4083	3978	3987	
6	3767	3530	3662	4083	3846	3978	
6	3671	3749	3714	3987	4065	4030	
6	3663	3530	3532	3979	3846	3848	
6	3740	3535	3559	4056	3851	3875	
6	3727	3664	3663	4043	3980	3979	
6	3766	3529	3722	4082	3845	4038	
6	3722	3721	3739	4038	4037	4055	
6	3704	3708	3705	4020	4024	4021	
6	3768	3714	3706	4084	4030	4022	
6	3705	3718	3752	4021	4034	4068	
6	3769	3582	3768	4085	3898	4084	
6	3740	3559	3766	4056	3875	4082	
6	3716	3537	3767	4032	3853	4083	
6	3767	3537	3530	4083	3853	3846	
6	3663	3532	3535	3979	3848	3851	
6	3663	3740	3727	3979	4056	4043	
6	3706	3705	3768	4022	4021	4084	
6	3769	3768	3705	4085	4084	4021	
6	3721	3525	3521	4037	3841	3837	
6	3724	3713	3709	4040	4029	4025	
6	3750	3770	3575	4066	4086	3891	
6	3722	3739	3761	4038	4055	4077	
6	3521	3606	3721	3837	3922	4037	
6	3739	3721	3606	4055	4037	3922	
6	3769	3705	3752	4085	4021	4068	
6	3582	3769	3574	3898	4085	3890	
6	3738	3640	3771	4054	3956	4087	
6	3766	3559	3529	4082	3875	3845	
6	3772	3773	3774	4088	4089	4090	
6	3775	3746	3646	4091	4062	3962	
6	3684	3744	3776	4000	4060	4092	
6	3743	3687	3686	4059	4003	4002	
6	3686	3541	3546	4002	3857	3862	
6	3685	3777	3747	4001	4093	4063	
6	3743	3686	3546	4059	4002	3862	
6	3685	3748	3686	4001	4064	4002	
6	3742	3547	3549	4058	3863	3865	
6	3743	3778	3687	4059	4094	4003	
6	3741	3687	3778	4057	4003	4094	
6	3771	3687	3678	4087	4003	3994	
6	3774	3741	3778	4090	4057	4094	
6	3694	3679	3773	4010	3995	4089	
6	3779	3780	3648	4095	4096	3964	
6	3780	3779	3781	4096	4095	4097	
6	3678	3741	3679	3994	4057	3995	
6	3741	3774	3773	4057	4090	4089	
6	3697	3691	3680	4013	4007	3996	
6	3677	3691	3693	3993	4007	4009	
6	3697	3696	3692	4013	4012	4008	
6	3677	3738	3680	3993	4054	3996	
6	3676	3641	3640	3992	3957	3956	
6	3678	3680	3738	3994	3996	4054	
6	3688	3690	3692	4004	4006	4008	
6	3693	3692	3690	4009	4008	4006	
6	3675	3677	3693	3991	3993	4009	
6	3676	3738	3677	3992	4054	3993	
6	3642	3777	3640	3958	4093	3956	
6	3777	3771	3640	4093	4087	3956	
6	3697	3694	3696	4013	4010	4012	
6	3745	3753	3695	4061	4069	4011	
6	3674	3675	3693	3990	3991	4009	
6	3735	3675	3673	4051	3991	3989	
6	3676	3735	3641	3992	4051	3957	
6	3631	3641	3733	3947	3957	4049	
6	3765	3777	3642	4081	4093	3958	
6	3771	3777	3685	4087	4093	4001	
6	3679	3694	3697	3995	4010	4013	
6	3696	3695	3753	4012	4011	4069	
6	3684	3755	3744	4000	4071	4060	
6	3688	3696	3753	4004	4012	4069	
6	3675	3735	3676	3991	4051	3992	
6	3733	3735	3673	4049	4051	3989	
6	3629	3638	3630	3945	3954	3946	
6	3642	3641	3631	3958	3957	3947	
6	3777	3765	3747	4093	4081	4063	
6	3765	3748	3747	4081	4064	4063	
6	3687	3771	3685	4003	4087	4001	
6	3771	3678	3738	4087	3994	4054	
6	3694	3782	3695	4010	4098	4011	
6	3753	3745	3755	4069	4061	4071	
6	3782	3647	3695	4098	3963	4011	
6	3745	3695	3647	4061	4011	3963	
6	3648	3780	3646	3964	4096	3962	
6	3745	3647	3746	4061	3963	4062	
6	3778	3783	3774	4094	4099	4090	
6	3781	3784	3780	4097	4100	4096	
6	3775	3646	3784	4091	3962	4100	
6	3745	3744	3755	4061	4060	4071	
6	3646	3746	3647	3962	4062	3963	
6	3746	3775	3744	4062	4091	4060	
6	3648	3647	3782	3964	3963	4098	
6	3646	3780	3784	3962	4096	4100	
6	3775	3776	3744	4091	4092	4060	
6	3682	3776	3572	3998	4092	3888	
6	3782	3772	3648	4098	4088	3964	
6	3648	3772	3779	3964	4088	4095	
6	3773	3772	3782	4089	4088	4098	
6	3772	3774	3779	4088	4090	4095	
6	3694	3773	3782	4010	4089	4098	
6	3773	3679	3741	4089	3995	4057	
6	3783	3779	3774	4099	4095	4090	
6	3785	3783	3742	4101	4099	4058	
6	3785	3779	3783	4101	4095	4099	
6	3776	3599	3572	4092	3915	3888	
6	3775	3784	3786	4091	4100	4102	
6	3743	3742	3778	4059	4058	4094	
6	3689	3724	3711	4005	4040	4027	
6	3571	3589	3787	3887	3905	4103	
6	3778	3742	3783	4094	4058	4099	
6	3554	3742	3549	3870	4058	3865	
6	3542	3788	3551	3858	4104	3867	
6	3786	3784	3781	4102	4100	4097	
6	3781	3788	3786	4097	4104	4102	
6	3775	3786	3789	4091	4102	4105	
6	3713	3589	3583	4029	3905	3899	
6	3779	3785	3781	4095	4101	4097	
6	3742	3554	3785	4058	3870	4101	
6	3562	3790	3561	3878	4106	3877	
6	3788	3781	3785	4104	4097	4101	
6	3790	3562	3789	4106	3878	4105	
6	3754	3683	3571	4070	3999	3887	
6	3776	3682	3684	4092	3998	4000	
6	3755	3723	3753	4071	4039	4069	
6	3790	3786	3788	4106	4102	4104	
6	3562	3599	3789	3878	3915	4105	
6	3572	3563	3682	3888	3879	3998	
6	3683	3682	3563	3999	3998	3879	
6	3571	3683	3563	3887	3999	3879	
6	3754	3684	3683	4070	4000	3999	
6	3673	3636	3734	3989	3952	4050	
6	3631	3733	3629	3947	4049	3945	
6	3699	3630	3639	4015	3946	3955	
6	3642	3630	3765	3958	3946	4081	
6	3636	3635	3734	3952	3951	4050	
6	3789	3786	3790	4105	4102	4106	
6	3542	3544	3561	3858	3860	3877	
6	3788	3561	3790	4104	3877	4106	
6	3734	3635	3728	4050	3951	4044	
6	3599	3776	3789	3915	4092	4105	
6	3775	3789	3776	4091	4105	4092	
6	3754	3571	3787	4070	3887	4103	
6	3743	3546	3547	4059	3862	3863	
6	3723	3787	3724	4039	4103	4040	
6	3629	3728	3638	3945	4044	3954	
6	3763	3638	3645	4079	3954	3961	
6	3734	3728	3629	4050	4044	3945	
6	3645	3728	3635	3961	4044	3951	
6	3763	3644	3730	4079	3960	4046	
6	3639	3638	3763	3955	3954	4079	
6	3635	3668	3643	3951	3984	3959	
6	3763	3645	3644	4079	3961	3960	
6	3626	3730	3644	3942	4046	3960	
6	3633	3731	3730	3949	4047	4046	
6	3668	3729	3643	3984	4045	3959	
6	3643	3729	3624	3959	4045	3940	
6	3624	3626	3644	3940	3942	3960	
6	3652	3626	3625	3968	3942	3941	
6	3643	3624	3644	3959	3940	3960	
6	3625	3624	3729	3941	3940	4045	
6	3698	3639	3731	4014	3955	4047	
6	3623	3765	3699	3939	4081	4015	
6	3551	3788	3554	3867	4104	3870	
6	3554	3788	3785	3870	4104	4101	
6	3632	3698	3731	3948	4014	4047	
6	3788	3542	3561	4104	3858	3877	
6	3623	3699	3698	3939	4015	4014	
6	3723	3754	3787	4039	4070	4103	
6	3690	3689	3711	4006	4005	4027	
6	3688	3723	3689	4004	4039	4005	
6	3583	3791	3712	3899	4107	4028	
6	3791	3720	3712	4107	4036	4028	
6	3710	3709	3717	4026	4025	4033	
6	3724	3709	3711	4040	4025	4027	
6	3713	3787	3589	4029	4103	3905	
6	3708	3719	3718	4024	4035	4034	
6	3787	3713	3724	4103	4029	4040	
6	3709	3713	3712	4025	4029	4028	
6	3583	3585	3791	3899	3901	4107	
6	3791	3585	3720	4107	3901	4036	
6	3770	3590	3591	4086	3906	3907	
6	3751	3770	3750	4067	4086	4066	
6	3717	3712	3719	4033	4028	4035	
6	3720	3719	3712	4036	4035	4028	
6	3718	3720	3752	4034	4036	4068	
6	3585	3590	3751	3901	3906	4067	
6	3720	3585	3751	4036	3901	4067	
6	3769	3752	3750	4085	4068	4066	
6	3590	3770	3751	3906	4086	4067	
6	3750	3574	3769	4066	3890	4085	
6	3591	3575	3770	3907	3891	4086	
6	3751	3750	3752	4067	4066	4068	
6	3655	3657	3511	3971	3973	3827	
6	3512	3657	3760	3828	3973	4076	
6	3656	3760	3657	3972	4076	3973	
6	3505	3655	3511	3821	3971	3827	
6	3656	3655	3757	3972	3971	4073	
6	3716	3715	3581	4032	4031	3897	
6	3582	3715	3768	3898	4031	4084	
6	3714	3768	3715	4030	4084	4031	
6	3537	3716	3581	3853	4032	3897	
6	3714	3716	3767	4030	4032	4083	
6	3792	3793	3794	4108	4109	4110	
6	3795	3794	3793	4111	4110	4109	
6	3795	3796	3794	4111	4112	4110	
6	3797	3798	3799	4113	4114	4115	
6	3796	3800	3801	4112	4116	4117	
6	3802	3803	3804	4118	4119	4120	
6	3805	3806	3801	4121	4122	4117	
6	3807	3808	3800	4123	4124	4116	
6	3794	3801	3809	4110	4117	4125	
6	3810	3808	3807	4126	4124	4123	
6	3811	3812	3813	4127	4128	4129	
6	3814	3813	3815	4130	4129	4131	
6	3816	3813	3814	4132	4129	4130	
6	3817	3818	3819	4133	4134	4135	
6	3820	3821	3822	4136	4137	4138	
6	3810	3818	3808	4126	4134	4124	
6	3796	3795	3823	4112	4111	4139	
6	3798	3824	3825	4114	4140	4141	
6	3826	3827	3828	4142	4143	4144	
6	3829	3822	3830	4145	4138	4146	
6	3830	3822	3821	4146	4138	4137	
6	3831	3826	3828	4147	4142	4144	
6	3832	3833	3831	4148	4149	4147	
6	3805	3801	3808	4121	4117	4124	
6	3834	3835	3836	4150	4151	4152	
6	3837	3835	3838	4153	4151	4154	
6	3837	3839	3835	4153	4155	4151	
6	3838	3840	3833	4154	4156	4149	
6	3818	3810	3819	4134	4126	4135	
6	3839	3837	3841	4155	4153	4157	
6	3842	3843	3844	4158	4159	4160	
6	3843	3842	3845	4159	4158	4161	
6	3846	3847	3848	4162	4163	4164	
6	3849	3850	3851	4165	4166	4167	
6	3852	3846	3853	4168	4162	4169	
6	3854	3852	3853	4170	4168	4169	
6	3843	3850	3855	4159	4166	4171	
6	3830	3821	3827	4146	4137	4143	
6	3842	3841	3845	4158	4157	4161	
6	3814	3856	3857	4130	4172	4173	
6	3858	3859	3860	4174	4175	4176	
6	3856	3861	3862	4172	4177	4178	
6	3863	3864	3865	4179	4180	4181	
6	3864	3863	3861	4180	4179	4177	
6	3803	3802	3866	4119	4118	4182	
6	3867	3868	3869	4183	4184	4185	
6	3868	3867	3870	4184	4183	4186	
6	3871	3868	3870	4187	4184	4186	
6	3869	3858	3867	4185	4174	4183	
6	3860	3872	3824	4176	4188	4140	
6	3858	3869	3859	4174	4185	4175	
6	3873	3874	3825	4189	4190	4141	
6	3850	3843	3875	4166	4159	4191	
6	3861	3863	3862	4177	4179	4178	
6	3859	3872	3860	4175	4188	4176	
6	3824	3876	3877	4140	4192	4193	
6	3878	3876	3797	4194	4192	4113	
6	3877	3876	3878	4193	4192	4194	
6	3879	3880	3881	4195	4196	4197	
6	3860	3824	3877	4176	4140	4193	
6	3882	3883	3884	4198	4199	4200	
6	3885	3869	3868	4201	4185	4184	
6	3881	3886	3887	4197	4202	4203	
6	3880	3879	3888	4196	4195	4204	
6	3847	3852	3889	4163	4168	4205	
6	3890	3891	3892	4206	4207	4208	
6	3892	3893	3894	4208	4209	4210	
6	3892	3895	3896	4208	4211	4212	
6	3897	3898	3896	4213	4214	4212	
6	3852	3847	3846	4168	4163	4162	
6	3899	3900	3901	4215	4216	4217	
6	3902	3903	3904	4218	4219	4220	
6	3905	3887	3886	4221	4203	4202	
6	3904	3901	3900	4220	4217	4216	
6	3906	3903	3907	4222	4219	4223	
6	3908	3909	3893	4224	4225	4209	
6	3893	3910	3908	4209	4226	4224	
6	3845	3875	3843	4161	4191	4159	
6	3911	3908	3903	4227	4224	4219	
6	3892	3891	3910	4208	4207	4226	
6	3850	3875	3851	4166	4191	4167	
6	3887	3879	3881	4203	4195	4197	
6	3818	3912	3808	4134	4228	4124	
6	3913	3914	3881	4229	4230	4197	
6	3888	3915	3799	4204	4231	4115	
6	3890	3896	3898	4206	4212	4214	
6	3884	3895	3916	4200	4211	4232	
6	3871	3870	3865	4187	4186	4181	
6	3868	3871	3885	4184	4187	4201	
6	3869	3804	3859	4185	4120	4175	
6	3804	3872	3859	4120	4188	4175	
6	3817	3819	3820	4133	4135	4136	
6	3818	3817	3912	4134	4133	4228	
6	3826	3830	3827	4142	4146	4143	
6	3826	3829	3830	4142	4145	4146	
6	3883	3843	3855	4199	4159	4171	
6	3841	3842	3839	4157	4158	4155	
6	3849	3851	3848	4165	4167	4164	
6	3850	3849	3855	4166	4165	4171	
6	3854	3853	3897	4170	4169	4213	
6	3852	3854	3889	4168	4170	4205	
6	3857	3856	3862	4173	4172	4178	
6	3814	3917	3856	4130	4233	4172	
6	3798	3876	3824	4114	4192	4140	
6	3878	3797	3915	4194	4113	4231	
6	3881	3880	3913	4197	4196	4229	
6	3914	3886	3881	4230	4202	4197	
6	3865	3864	3871	4181	4180	4187	
6	3864	3918	3885	4180	4234	4201	
6	3918	3802	3885	4234	4118	4201	
6	3804	3803	3919	4120	4119	4235	
6	3820	3822	3817	4136	4138	4133	
6	3912	3817	3822	4228	4133	4138	
6	3831	3828	3832	4147	4144	4148	
6	3822	3920	3912	4138	4236	4228	
6	3848	3847	3849	4164	4163	4165	
6	3855	3849	3847	4171	4165	4163	
6	3897	3896	3854	4213	4212	4170	
6	3889	3854	3896	4205	4170	4212	
6	3798	3797	3876	4114	4113	4192	
6	3799	3915	3797	4115	4231	4113	
6	3888	3799	3880	4204	4115	4196	
6	3913	3880	3799	4229	4196	4115	
6	3864	3885	3871	4180	4201	4187	
6	3869	3885	3802	4185	4201	4118	
6	3920	3822	3829	4236	4138	4145	
6	3921	3805	3920	4237	4121	4236	
6	3833	3832	3922	4149	4148	4238	
6	3923	3921	3829	4239	4237	4145	
6	3826	3831	3829	4142	4147	4145	
6	3831	3833	3923	4147	4149	4239	
6	3847	3889	3884	4163	4205	4200	
6	3843	3883	3844	4159	4199	4160	
6	3895	3889	3896	4211	4205	4212	
6	3847	3884	3855	4163	4200	4171	
6	3872	3873	3824	4188	4189	4140	
6	3799	3924	3913	4115	4240	4229	
6	3917	3918	3864	4233	4234	4180	
6	3802	3918	3866	4118	4234	4182	
6	3861	3917	3864	4177	4233	4180	
6	3803	3917	3925	4119	4233	4241	
6	3918	3917	3866	4234	4233	4182	
6	3917	3803	3866	4233	4119	4182	
6	3802	3804	3869	4118	4120	4185	
6	3872	3804	3926	4188	4120	4242	
6	3926	3804	3919	4242	4120	4235	
6	3873	3825	3824	4189	4141	4140	
6	3882	3927	3844	4198	4243	4160	
6	3835	3839	3844	4151	4155	4160	
6	3842	3844	3839	4158	4160	4155	
6	3835	3844	3927	4151	4160	4243	
6	3857	3816	3814	4173	4132	4130	
6	3917	3861	3856	4233	4177	4172	
6	3924	3799	3798	4240	4115	4114	
6	3900	3886	3928	4216	4202	4244	
6	3929	3798	3825	4245	4114	4141	
6	3914	3924	3930	4230	4240	4246	
6	3924	3914	3913	4240	4230	4229	
6	3930	3928	3914	4246	4244	4230	
6	3922	3837	3838	4238	4153	4154	
6	3831	3923	3829	4147	4239	4145	
6	3829	3921	3920	4145	4237	4236	
6	3805	3921	3806	4121	4237	4122	
6	3892	3896	3890	4208	4212	4206	
6	3894	3916	3895	4210	4232	4211	
6	3895	3884	3889	4211	4200	4205	
6	3882	3884	3916	4198	4200	4232	
6	3836	3835	3927	4152	4151	4243	
6	3838	3833	3922	4154	4149	4238	
6	3816	3811	3813	4132	4127	4129	
6	3917	3814	3925	4233	4130	4241	
6	3920	3805	3912	4236	4121	4228	
6	3808	3912	3805	4124	4228	4121	
6	3874	3930	3825	4190	4246	4141	
6	3798	3929	3924	4114	4245	4240	
6	3825	3930	3929	4141	4246	4245	
6	3930	3924	3929	4246	4240	4245	
6	3884	3883	3855	4200	4199	4171	
6	3882	3844	3883	4198	4160	4199	
6	3793	3931	3795	4109	4247	4111	
6	3815	3812	3795	4131	4128	4111	
6	3801	3800	3808	4117	4116	4124	
6	3806	3809	3801	4122	4125	4117	
6	3891	3907	3910	4207	4223	4226	
6	3895	3892	3894	4211	4208	4210	
6	3886	3899	3905	4202	4215	4221	
6	3928	3902	3900	4244	4218	4216	
6	3904	3906	3901	4220	4222	4217	
6	3902	3911	3903	4218	4227	4219	
6	3932	3933	3919	4248	4249	4235	
6	3933	3874	3873	4249	4190	4189	
6	3928	3886	3914	4244	4202	4230	
6	3899	3886	3900	4215	4202	4216	
6	3835	3834	3838	4151	4150	4154	
6	3840	3934	3923	4156	4250	4239	
6	3840	3923	3833	4156	4239	4149	
6	3921	3923	3934	4237	4239	4250	
6	3811	3823	3812	4127	4139	4128	
6	3815	3925	3814	4131	4241	4130	
6	3908	3910	3907	4224	4226	4223	
6	3893	3892	3910	4209	4208	4226	
6	3902	3904	3900	4218	4220	4216	
6	3903	3906	3904	4219	4222	4220	
6	3933	3873	3926	4249	4189	4242	
6	3872	3926	3873	4188	4242	4189	
6	3838	3834	3840	4154	4150	4156	
6	3834	3934	3840	4150	4250	4156	
6	3823	3795	3812	4139	4111	4128	
6	3815	3795	3931	4131	4111	4247	
6	3903	3908	3907	4219	4224	4223	
6	3909	3908	3911	4225	4224	4227	
6	3813	3812	3815	4129	4128	4131	
6	3925	3815	3931	4241	4131	4247	
6	3919	3933	3926	4235	4249	4242	
6	3874	3933	3932	4190	4249	4248	
6	3801	3794	3796	4117	4110	4112	
6	3792	3794	3809	4108	4110	4125	
6	3935	3936	3937	4251	4252	4253	
6	3816	3938	3939	4132	4254	4255	
6	3940	3941	3942	4256	4257	4258	
6	3935	3943	3944	4251	4259	4260	
6	3945	3946	3947	4261	4262	4263	
6	3948	3949	3950	4264	4265	4266	
6	3951	3952	3953	4267	4268	4269	
6	3954	3955	3946	4270	4271	4262	
6	3956	3957	3958	4272	4273	4274	
6	3959	3960	3961	4275	4276	4277	
6	3962	3963	3964	4278	4279	4280	
6	3951	3959	3961	4267	4275	4277	
6	3965	3966	3967	4281	4282	4283	
6	3949	3968	3950	4265	4284	4266	
6	3969	3970	3966	4285	4286	4282	
6	3971	3972	3973	4287	4288	4289	
6	3974	3967	3975	4290	4283	4291	
6	3976	3977	3953	4292	4293	4269	
6	3978	3979	3980	4294	4295	4296	
6	3981	3975	3982	4297	4291	4298	
6	3982	3977	3983	4298	4293	4299	
6	3977	3966	3970	4293	4282	4286	
6	3943	3984	3985	4259	4300	4301	
6	3978	3986	3987	4294	4302	4303	
6	3988	3953	3952	4304	4269	4268	
6	3965	3972	3969	4281	4288	4285	
6	3989	3990	3988	4305	4306	4304	
6	3991	3992	3993	4307	4308	4309	
6	3994	3995	3996	4310	4311	4312	
6	3988	3990	3997	4304	4306	4313	
6	3998	3999	4000	4314	4315	4316	
6	4001	4002	4003	4317	4318	4319	
6	4004	4005	4006	4320	4321	4322	
6	4007	4008	4009	4323	4324	4325	
6	4010	4011	4012	4326	4327	4328	
6	4013	4008	4007	4329	4324	4323	
6	3955	4014	4015	4271	4330	4331	
6	3988	3997	4016	4304	4313	4332	
6	4017	4018	4019	4333	4334	4335	
6	4017	3988	4016	4333	4304	4332	
6	4020	4021	4022	4336	4337	4338	
6	4019	4023	4017	4335	4339	4333	
6	4018	4024	4020	4334	4340	4336	
6	4023	3986	3983	4339	4302	4299	
6	4025	4026	4027	4341	4342	4343	
6	4028	4029	3899	4344	4345	4215	
6	4030	4031	4032	4346	4347	4348	
6	4028	4033	4025	4344	4349	4341	
6	4034	4035	4036	4350	4351	4352	
6	4034	4021	4024	4350	4337	4340	
6	3997	4027	4026	4313	4343	4342	
6	4037	4038	3841	4353	4354	4157	
6	4039	4040	4005	4355	4356	4321	
6	3976	4017	3977	4292	4333	4293	
6	4041	3939	3948	4357	4255	4264	
6	4042	3981	4043	4358	4297	4359	
6	3961	3954	4044	4277	4270	4360	
6	3937	3941	4045	4253	4257	4361	
6	4046	4047	3955	4362	4363	4271	
6	3936	3935	3820	4252	4251	4136	
6	3810	4048	3936	4126	4364	4252	
6	3945	4049	4050	4261	4365	4366	
6	4049	3957	4051	4365	4273	4367	
6	3989	3988	3952	4305	4304	4268	
6	4052	3968	4053	4368	4284	4369	
6	3989	4050	4049	4305	4366	4365	
6	3993	3996	4007	4309	4312	4323	
6	3992	3956	4054	4308	4272	4370	
6	3953	3985	3984	4269	4301	4300	
6	3951	3953	3984	4267	4269	4300	
6	3953	3977	3970	4269	4293	4286	
6	3832	4055	3922	4148	4371	4238	
6	3985	3953	3970	4301	4269	4286	
6	3977	3982	3975	4293	4298	4291	
6	3966	3977	3975	4282	4293	4291	
6	3988	4017	3976	4304	4333	4292	
6	3953	3988	3976	4269	4304	4292	
6	4017	4023	3983	4333	4339	4299	
6	3980	3981	3982	4296	4297	4298	
6	3977	4017	3983	4293	4333	4299	
6	3979	3851	4056	4295	4167	4372	
6	3979	3978	3846	4295	4294	4162	
6	3973	3828	3827	4289	4144	4143	
6	3968	3941	4053	4284	4257	4369	
6	4009	3997	3990	4325	4313	4306	
6	3991	3990	3989	4307	4306	4305	
6	4004	4008	4012	4320	4324	4328	
6	4013	3996	3995	4329	4312	4311	
6	3997	4009	4006	4313	4325	4322	
6	4003	4057	3994	4319	4373	4310	
6	4027	3997	4006	4343	4313	4322	
6	3863	4058	4059	4179	4374	4375	
6	4060	4061	4062	4376	4377	4378	
6	4063	4064	4001	4379	4380	4317	
6	4018	4017	4016	4334	4333	4332	
6	3997	4018	4016	4313	4334	4332	
6	4065	4019	4020	4381	4335	4336	
6	4018	4020	4019	4334	4336	4335	
6	4035	4024	4033	4351	4340	4349	
6	3890	4066	3891	4206	4382	4207	
6	4018	4033	4024	4334	4349	4340	
6	4018	3997	4026	4334	4313	4342	
6	4033	4018	4026	4349	4334	4342	
6	4036	4067	4068	4352	4383	4384	
6	4039	4004	4069	4355	4320	4385	
6	4070	4071	4000	4386	4387	4316	
6	4039	4071	4070	4355	4387	4386	
6	4072	4041	3948	4388	4357	4264	
6	3946	3958	3947	4262	4274	4263	
6	4031	3898	3897	4347	4214	4213	
6	4065	4022	4030	4381	4338	4346	
6	3937	4045	3943	4253	4361	4259	
6	3942	3968	3949	4258	4284	4265	
6	3984	3943	4045	4300	4259	4361	
6	3944	3943	3985	4260	4259	4301	
6	3935	3937	3943	4251	4253	4259	
6	3941	3937	4053	4257	4253	4369	
6	3969	3944	3985	4285	4260	4301	
6	3944	3972	4073	4260	4288	4389	
6	3950	3968	4052	4266	4284	4368	
6	3942	3949	4046	4258	4265	4362	
6	4048	4052	4053	4364	4368	4369	
6	4074	3950	4052	4390	4266	4368	
6	4075	3950	4074	4391	4266	4390	
6	4074	4052	3807	4390	4368	4123	
6	4072	3950	4075	4388	4266	4391	
6	3970	3969	3985	4286	4285	4301	
6	3965	3969	3966	4281	4285	4282	
6	4073	3935	3944	4389	4251	4260	
6	4073	3820	3935	4389	4136	4251	
6	3944	3969	3972	4260	4285	4288	
6	3936	3820	3819	4252	4136	4135	
6	4048	3810	3807	4364	4126	4123	
6	4053	3937	3936	4369	4253	4252	
6	3966	3975	3967	4282	4291	4283	
6	4076	3972	3965	4392	4288	4281	
6	3967	3974	4077	4283	4290	4393	
6	4078	3828	4076	4394	4144	4392	
6	4048	3807	4052	4364	4123	4368	
6	3971	3821	4073	4287	4137	4389	
6	4073	3821	3820	4389	4137	4136	
6	3936	3819	3810	4252	4135	4126	
6	3936	4048	4053	4252	4364	4369	
6	3965	3967	4076	4281	4283	4392	
6	4078	4076	3967	4394	4392	4283	
6	4074	3807	3800	4390	4123	4116	
6	3949	3948	4047	4265	4264	4363	
6	3955	4079	4046	4271	4395	4362	
6	3974	3981	4042	4290	4297	4358	
6	4078	4055	3832	4394	4371	4148	
6	3796	4080	3800	4112	4396	4116	
6	4041	4072	3811	4357	4388	4127	
6	4080	4074	3800	4396	4390	4116	
6	3823	4075	4080	4139	4391	4396	
6	3823	3811	4072	4139	4127	4388	
6	3823	4080	3796	4139	4396	4112	
6	4075	4074	4080	4391	4390	4396	
6	4078	3967	4077	4394	4283	4393	
6	3828	4078	3832	4144	4394	4148	
6	3938	3816	3857	4254	4132	4173	
6	4014	3948	3939	4330	4264	4255	
6	4015	4081	3946	4331	4397	4262	
6	3950	4072	3948	4266	4388	4264	
6	3823	4072	4075	4139	4388	4391	
6	3811	3816	4041	4127	4132	4357	
6	3939	4041	3816	4255	4357	4132	
6	4081	3938	4064	4397	4254	4380	
6	4064	3857	4002	4380	4173	4318	
6	3939	3938	4081	4255	4254	4397	
6	3938	3857	4064	4254	4173	4380	
6	3980	3982	3986	4296	4298	4302	
6	4082	4043	4056	4398	4359	4372	
6	3983	3986	3982	4299	4302	4298	
6	3987	3986	4023	4303	4302	4339	
6	3978	3980	3986	4294	4296	4302	
6	3981	3980	4043	4297	4296	4359	
6	4065	3987	4023	4381	4303	4339	
6	3987	4030	4083	4303	4346	4399	
6	4042	4082	4077	4358	4398	4393	
6	3975	3981	3974	4291	4297	4290	
6	3974	4042	4077	4290	4358	4393	
6	4078	4077	4055	4394	4393	4371	
6	4038	4077	4082	4354	4393	4398	
6	4042	4043	4082	4358	4359	4398	
6	4038	3845	3841	4354	4161	4157	
6	4019	4065	4023	4335	4381	4339	
6	4022	4065	4020	4338	4381	4336	
6	4083	3978	3987	4399	4294	4303	
6	4083	3846	3978	4399	4162	4294	
6	3987	4065	4030	4303	4381	4346	
6	3979	3846	3848	4295	4162	4164	
6	4056	3851	3875	4372	4167	4191	
6	4043	3980	3979	4359	4296	4295	
6	4082	3845	4038	4398	4161	4354	
6	4038	4037	4055	4354	4353	4371	
6	4020	4024	4021	4336	4340	4337	
6	4084	4030	4022	4400	4346	4338	
6	4021	4034	4068	4337	4350	4384	
6	4085	3898	4084	4401	4214	4400	
6	4056	3875	4082	4372	4191	4398	
6	4032	3853	4083	4348	4169	4399	
6	4083	3853	3846	4399	4169	4162	
6	3979	3848	3851	4295	4164	4167	
6	3979	4056	4043	4295	4372	4359	
6	4022	4021	4084	4338	4337	4400	
6	4085	4084	4021	4401	4400	4337	
6	4037	3841	3837	4353	4157	4153	
6	4040	4029	4025	4356	4345	4341	
6	4066	4086	3891	4382	4402	4207	
6	4038	4055	4077	4354	4371	4393	
6	3837	3922	4037	4153	4238	4353	
6	4055	4037	3922	4371	4353	4238	
6	4085	4021	4068	4401	4337	4384	
6	3898	4085	3890	4214	4401	4206	
6	4054	3956	4087	4370	4272	4403	
6	4082	3875	3845	4398	4191	4161	
6	4088	4089	4090	4404	4405	4406	
6	4091	4062	3962	4407	4378	4278	
6	4000	4060	4092	4316	4376	4408	
6	4059	4003	4002	4375	4319	4318	
6	4002	3857	3862	4318	4173	4178	
6	4001	4093	4063	4317	4409	4379	
6	4059	4002	3862	4375	4318	4178	
6	4001	4064	4002	4317	4380	4318	
6	4058	3863	3865	4374	4179	4181	
6	4059	4094	4003	4375	4410	4319	
6	4057	4003	4094	4373	4319	4410	
6	4087	4003	3994	4403	4319	4310	
6	4090	4057	4094	4406	4373	4410	
6	4010	3995	4089	4326	4311	4405	
6	4095	4096	3964	4411	4412	4280	
6	4096	4095	4097	4412	4411	4413	
6	3994	4057	3995	4310	4373	4311	
6	4057	4090	4089	4373	4406	4405	
6	4013	4007	3996	4329	4323	4312	
6	3993	4007	4009	4309	4323	4325	
6	4013	4012	4008	4329	4328	4324	
6	3993	4054	3996	4309	4370	4312	
6	3992	3957	3956	4308	4273	4272	
6	3994	3996	4054	4310	4312	4370	
6	4004	4006	4008	4320	4322	4324	
6	4009	4008	4006	4325	4324	4322	
6	3991	3993	4009	4307	4309	4325	
6	3992	4054	3993	4308	4370	4309	
6	3958	4093	3956	4274	4409	4272	
6	4093	4087	3956	4409	4403	4272	
6	4013	4010	4012	4329	4326	4328	
6	4061	4069	4011	4377	4385	4327	
6	3990	3991	4009	4306	4307	4325	
6	4051	3991	3989	4367	4307	4305	
6	3992	4051	3957	4308	4367	4273	
6	3947	3957	4049	4263	4273	4365	
6	4081	4093	3958	4397	4409	4274	
6	4087	4093	4001	4403	4409	4317	
6	3995	4010	4013	4311	4326	4329	
6	4012	4011	4069	4328	4327	4385	
6	4000	4071	4060	4316	4387	4376	
6	4004	4012	4069	4320	4328	4385	
6	3991	4051	3992	4307	4367	4308	
6	4049	4051	3989	4365	4367	4305	
6	3945	3954	3946	4261	4270	4262	
6	3958	3957	3947	4274	4273	4263	
6	4093	4081	4063	4409	4397	4379	
6	4081	4064	4063	4397	4380	4379	
6	4003	4087	4001	4319	4403	4317	
6	4087	3994	4054	4403	4310	4370	
6	4010	4098	4011	4326	4414	4327	
6	4069	4061	4071	4385	4377	4387	
6	4098	3963	4011	4414	4279	4327	
6	4061	4011	3963	4377	4327	4279	
6	3964	4096	3962	4280	4412	4278	
6	4061	3963	4062	4377	4279	4378	
6	4094	4099	4090	4410	4415	4406	
6	4097	4100	4096	4413	4416	4412	
6	4091	3962	4100	4407	4278	4416	
6	4061	4060	4071	4377	4376	4387	
6	3962	4062	3963	4278	4378	4279	
6	4062	4091	4060	4378	4407	4376	
6	3964	3963	4098	4280	4279	4414	
6	3962	4096	4100	4278	4412	4416	
6	4091	4092	4060	4407	4408	4376	
6	3998	4092	3888	4314	4408	4204	
6	4098	4088	3964	4414	4404	4280	
6	3964	4088	4095	4280	4404	4411	
6	4089	4088	4098	4405	4404	4414	
6	4088	4090	4095	4404	4406	4411	
6	4010	4089	4098	4326	4405	4414	
6	4089	3995	4057	4405	4311	4373	
6	4099	4095	4090	4415	4411	4406	
6	4101	4099	4058	4417	4415	4374	
6	4101	4095	4099	4417	4411	4415	
6	4092	3915	3888	4408	4231	4204	
6	4091	4100	4102	4407	4416	4418	
6	4059	4058	4094	4375	4374	4410	
6	4005	4040	4027	4321	4356	4343	
6	3887	3905	4103	4203	4221	4419	
6	4094	4058	4099	4410	4374	4415	
6	3870	4058	3865	4186	4374	4181	
6	3858	4104	3867	4174	4420	4183	
6	4102	4100	4097	4418	4416	4413	
6	4097	4104	4102	4413	4420	4418	
6	4091	4102	4105	4407	4418	4421	
6	4029	3905	3899	4345	4221	4215	
6	4095	4101	4097	4411	4417	4413	
6	4058	3870	4101	4374	4186	4417	
6	3878	4106	3877	4194	4422	4193	
6	4104	4097	4101	4420	4413	4417	
6	4106	3878	4105	4422	4194	4421	
6	4070	3999	3887	4386	4315	4203	
6	4092	3998	4000	4408	4314	4316	
6	4071	4039	4069	4387	4355	4385	
6	4106	4102	4104	4422	4418	4420	
6	3878	3915	4105	4194	4231	4421	
6	3888	3879	3998	4204	4195	4314	
6	3999	3998	3879	4315	4314	4195	
6	3887	3999	3879	4203	4315	4195	
6	4070	4000	3999	4386	4316	4315	
6	3989	3952	4050	4305	4268	4366	
6	3947	4049	3945	4263	4365	4261	
6	4015	3946	3955	4331	4262	4271	
6	3958	3946	4081	4274	4262	4397	
6	3952	3951	4050	4268	4267	4366	
6	4105	4102	4106	4421	4418	4422	
6	3858	3860	3877	4174	4176	4193	
6	4104	3877	4106	4420	4193	4422	
6	4050	3951	4044	4366	4267	4360	
6	3915	4092	4105	4231	4408	4421	
6	4091	4105	4092	4407	4421	4408	
6	4070	3887	4103	4386	4203	4419	
6	4059	3862	3863	4375	4178	4179	
6	4039	4103	4040	4355	4419	4356	
6	3945	4044	3954	4261	4360	4270	
6	4079	3954	3961	4395	4270	4277	
6	4050	4044	3945	4366	4360	4261	
6	3961	4044	3951	4277	4360	4267	
6	4079	3960	4046	4395	4276	4362	
6	3955	3954	4079	4271	4270	4395	
6	3951	3984	3959	4267	4300	4275	
6	4079	3961	3960	4395	4277	4276	
6	3942	4046	3960	4258	4362	4276	
6	3949	4047	4046	4265	4363	4362	
6	3984	4045	3959	4300	4361	4275	
6	3959	4045	3940	4275	4361	4256	
6	3940	3942	3960	4256	4258	4276	
6	3968	3942	3941	4284	4258	4257	
6	3959	3940	3960	4275	4256	4276	
6	3941	3940	4045	4257	4256	4361	
6	4014	3955	4047	4330	4271	4363	
6	3939	4081	4015	4255	4397	4331	
6	3867	4104	3870	4183	4420	4186	
6	3870	4104	4101	4186	4420	4417	
6	3948	4014	4047	4264	4330	4363	
6	4104	3858	3877	4420	4174	4193	
6	3939	4015	4014	4255	4331	4330	
6	4039	4070	4103	4355	4386	4419	
6	4006	4005	4027	4322	4321	4343	
6	4004	4039	4005	4320	4355	4321	
6	3899	4107	4028	4215	4423	4344	
6	4107	4036	4028	4423	4352	4344	
6	4026	4025	4033	4342	4341	4349	
6	4040	4025	4027	4356	4341	4343	
6	4029	4103	3905	4345	4419	4221	
6	4024	4035	4034	4340	4351	4350	
6	4103	4029	4040	4419	4345	4356	
6	4025	4029	4028	4341	4345	4344	
6	3899	3901	4107	4215	4217	4423	
6	4107	3901	4036	4423	4217	4352	
6	4086	3906	3907	4402	4222	4223	
6	4067	4086	4066	4383	4402	4382	
6	4033	4028	4035	4349	4344	4351	
6	4036	4035	4028	4352	4351	4344	
6	4034	4036	4068	4350	4352	4384	
6	3901	3906	4067	4217	4222	4383	
6	4036	3901	4067	4352	4217	4383	
6	4085	4068	4066	4401	4384	4382	
6	3906	4086	4067	4222	4402	4383	
6	4066	3890	4085	4382	4206	4401	
6	3907	3891	4086	4223	4207	4402	
6	4067	4066	4068	4383	4382	4384	
6	3971	3973	3827	4287	4289	4143	
6	3828	3973	4076	4144	4289	4392	
6	3972	4076	3973	4288	4392	4289	
6	3821	3971	3827	4137	4287	4143	
6	3972	3971	4073	4288	4287	4389	
6	4032	4031	3897	4348	4347	4213	
6	3898	4031	4084	4214	4347	4400	
6	4030	4084	4031	4346	4400	4347	
6	3853	4032	3897	4169	4348	4213	
6	4030	4032	4083	4346	4348	4399	
6	4108	4109	4110	4424	4425	4426	
6	4111	4110	4109	4427	4426	4425	
6	4111	4112	4110	4427	4428	4426	
6	4113	4114	4115	4429	4430	4431	
6	4112	4116	4117	4428	4432	4433	
6	4118	4119	4120	4434	4435	4436	
6	4121	4122	4117	4437	4438	4433	
6	4123	4124	4116	4439	4440	4432	
6	4110	4117	4125	4426	4433	4441	
6	4126	4124	4123	4442	4440	4439	
6	4127	4128	4129	4443	4444	4445	
6	4130	4129	4131	4446	4445	4447	
6	4132	4129	4130	4448	4445	4446	
6	4133	4134	4135	4449	4450	4451	
6	4136	4137	4138	4452	4453	4454	
6	4126	4134	4124	4442	4450	4440	
6	4112	4111	4139	4428	4427	4455	
6	4114	4140	4141	4430	4456	4457	
6	4142	4143	4144	4458	4459	4460	
6	4145	4138	4146	4461	4454	4462	
6	4146	4138	4137	4462	4454	4453	
6	4147	4142	4144	4463	4458	4460	
6	4148	4149	4147	4464	4465	4463	
6	4121	4117	4124	4437	4433	4440	
6	4150	4151	4152	4466	4467	4468	
6	4153	4151	4154	4469	4467	4470	
6	4153	4155	4151	4469	4471	4467	
6	4154	4156	4149	4470	4472	4465	
6	4134	4126	4135	4450	4442	4451	
6	4155	4153	4157	4471	4469	4473	
6	4158	4159	4160	4474	4475	4476	
6	4159	4158	4161	4475	4474	4477	
6	4162	4163	4164	4478	4479	4480	
6	4165	4166	4167	4481	4482	4483	
6	4168	4162	4169	4484	4478	4485	
6	4170	4168	4169	4486	4484	4485	
6	4159	4166	4171	4475	4482	4487	
6	4146	4137	4143	4462	4453	4459	
6	4158	4157	4161	4474	4473	4477	
6	4130	4172	4173	4446	4488	4489	
6	4174	4175	4176	4490	4491	4492	
6	4172	4177	4178	4488	4493	4494	
6	4179	4180	4181	4495	4496	4497	
6	4180	4179	4177	4496	4495	4493	
6	4119	4118	4182	4435	4434	4498	
6	4183	4184	4185	4499	4500	4501	
6	4184	4183	4186	4500	4499	4502	
6	4187	4184	4186	4503	4500	4502	
6	4185	4174	4183	4501	4490	4499	
6	4176	4188	4140	4492	4504	4456	
6	4174	4185	4175	4490	4501	4491	
6	4189	4190	4141	4505	4506	4457	
6	4166	4159	4191	4482	4475	4507	
6	4177	4179	4178	4493	4495	4494	
6	4175	4188	4176	4491	4504	4492	
6	4140	4192	4193	4456	4508	4509	
6	4194	4192	4113	4510	4508	4429	
6	4193	4192	4194	4509	4508	4510	
6	4195	4196	4197	4511	4512	4513	
6	4176	4140	4193	4492	4456	4509	
6	4198	4199	4200	4514	4515	4516	
6	4201	4185	4184	4517	4501	4500	
6	4197	4202	4203	4513	4518	4519	
6	4196	4195	4204	4512	4511	4520	
6	4163	4168	4205	4479	4484	4521	
6	4206	4207	4208	4522	4523	4524	
6	4208	4209	4210	4524	4525	4526	
6	4208	4211	4212	4524	4527	4528	
6	4213	4214	4212	4529	4530	4528	
6	4168	4163	4162	4484	4479	4478	
6	4215	4216	4217	4531	4532	4533	
6	4218	4219	4220	4534	4535	4536	
6	4221	4203	4202	4537	4519	4518	
6	4220	4217	4216	4536	4533	4532	
6	4222	4219	4223	4538	4535	4539	
6	4224	4225	4209	4540	4541	4525	
6	4209	4226	4224	4525	4542	4540	
6	4161	4191	4159	4477	4507	4475	
6	4227	4224	4219	4543	4540	4535	
6	4208	4207	4226	4524	4523	4542	
6	4166	4191	4167	4482	4507	4483	
6	4203	4195	4197	4519	4511	4513	
6	4134	4228	4124	4450	4544	4440	
6	4229	4230	4197	4545	4546	4513	
6	4204	4231	4115	4520	4547	4431	
6	4206	4212	4214	4522	4528	4530	
6	4200	4211	4232	4516	4527	4548	
6	4187	4186	4181	4503	4502	4497	
6	4184	4187	4201	4500	4503	4517	
6	4185	4120	4175	4501	4436	4491	
6	4120	4188	4175	4436	4504	4491	
6	4133	4135	4136	4449	4451	4452	
6	4134	4133	4228	4450	4449	4544	
6	4142	4146	4143	4458	4462	4459	
6	4142	4145	4146	4458	4461	4462	
6	4199	4159	4171	4515	4475	4487	
6	4157	4158	4155	4473	4474	4471	
6	4165	4167	4164	4481	4483	4480	
6	4166	4165	4171	4482	4481	4487	
6	4170	4169	4213	4486	4485	4529	
6	4168	4170	4205	4484	4486	4521	
6	4173	4172	4178	4489	4488	4494	
6	4130	4233	4172	4446	4549	4488	
6	4114	4192	4140	4430	4508	4456	
6	4194	4113	4231	4510	4429	4547	
6	4197	4196	4229	4513	4512	4545	
6	4230	4202	4197	4546	4518	4513	
6	4181	4180	4187	4497	4496	4503	
6	4180	4234	4201	4496	4550	4517	
6	4234	4118	4201	4550	4434	4517	
6	4120	4119	4235	4436	4435	4551	
6	4136	4138	4133	4452	4454	4449	
6	4228	4133	4138	4544	4449	4454	
6	4147	4144	4148	4463	4460	4464	
6	4138	4236	4228	4454	4552	4544	
6	4164	4163	4165	4480	4479	4481	
6	4171	4165	4163	4487	4481	4479	
6	4213	4212	4170	4529	4528	4486	
6	4205	4170	4212	4521	4486	4528	
6	4114	4113	4192	4430	4429	4508	
6	4115	4231	4113	4431	4547	4429	
6	4204	4115	4196	4520	4431	4512	
6	4229	4196	4115	4545	4512	4431	
6	4180	4201	4187	4496	4517	4503	
6	4185	4201	4118	4501	4517	4434	
6	4236	4138	4145	4552	4454	4461	
6	4237	4121	4236	4553	4437	4552	
6	4149	4148	4238	4465	4464	4554	
6	4239	4237	4145	4555	4553	4461	
6	4142	4147	4145	4458	4463	4461	
6	4147	4149	4239	4463	4465	4555	
6	4163	4205	4200	4479	4521	4516	
6	4159	4199	4160	4475	4515	4476	
6	4211	4205	4212	4527	4521	4528	
6	4163	4200	4171	4479	4516	4487	
6	4188	4189	4140	4504	4505	4456	
6	4115	4240	4229	4431	4556	4545	
6	4233	4234	4180	4549	4550	4496	
6	4118	4234	4182	4434	4550	4498	
6	4177	4233	4180	4493	4549	4496	
6	4119	4233	4241	4435	4549	4557	
6	4234	4233	4182	4550	4549	4498	
6	4233	4119	4182	4549	4435	4498	
6	4118	4120	4185	4434	4436	4501	
6	4188	4120	4242	4504	4436	4558	
6	4242	4120	4235	4558	4436	4551	
6	4189	4141	4140	4505	4457	4456	
6	4198	4243	4160	4514	4559	4476	
6	4151	4155	4160	4467	4471	4476	
6	4158	4160	4155	4474	4476	4471	
6	4151	4160	4243	4467	4476	4559	
6	4173	4132	4130	4489	4448	4446	
6	4233	4177	4172	4549	4493	4488	
6	4240	4115	4114	4556	4431	4430	
6	4216	4202	4244	4532	4518	4560	
6	4245	4114	4141	4561	4430	4457	
6	4230	4240	4246	4546	4556	4562	
6	4240	4230	4229	4556	4546	4545	
6	4246	4244	4230	4562	4560	4546	
6	4238	4153	4154	4554	4469	4470	
6	4147	4239	4145	4463	4555	4461	
6	4145	4237	4236	4461	4553	4552	
6	4121	4237	4122	4437	4553	4438	
6	4208	4212	4206	4524	4528	4522	
6	4210	4232	4211	4526	4548	4527	
6	4211	4200	4205	4527	4516	4521	
6	4198	4200	4232	4514	4516	4548	
6	4152	4151	4243	4468	4467	4559	
6	4154	4149	4238	4470	4465	4554	
6	4132	4127	4129	4448	4443	4445	
6	4233	4130	4241	4549	4446	4557	
6	4236	4121	4228	4552	4437	4544	
6	4124	4228	4121	4440	4544	4437	
6	4190	4246	4141	4506	4562	4457	
6	4114	4245	4240	4430	4561	4556	
6	4141	4246	4245	4457	4562	4561	
6	4246	4240	4245	4562	4556	4561	
6	4200	4199	4171	4516	4515	4487	
6	4198	4160	4199	4514	4476	4515	
6	4109	4247	4111	4425	4563	4427	
6	4131	4128	4111	4447	4444	4427	
6	4117	4116	4124	4433	4432	4440	
6	4122	4125	4117	4438	4441	4433	
6	4207	4223	4226	4523	4539	4542	
6	4211	4208	4210	4527	4524	4526	
6	4202	4215	4221	4518	4531	4537	
6	4244	4218	4216	4560	4534	4532	
6	4220	4222	4217	4536	4538	4533	
6	4218	4227	4219	4534	4543	4535	
6	4248	4249	4235	4564	4565	4551	
6	4249	4190	4189	4565	4506	4505	
6	4244	4202	4230	4560	4518	4546	
6	4215	4202	4216	4531	4518	4532	
6	4151	4150	4154	4467	4466	4470	
6	4156	4250	4239	4472	4566	4555	
6	4156	4239	4149	4472	4555	4465	
6	4237	4239	4250	4553	4555	4566	
6	4127	4139	4128	4443	4455	4444	
6	4131	4241	4130	4447	4557	4446	
6	4224	4226	4223	4540	4542	4539	
6	4209	4208	4226	4525	4524	4542	
6	4218	4220	4216	4534	4536	4532	
6	4219	4222	4220	4535	4538	4536	
6	4249	4189	4242	4565	4505	4558	
6	4188	4242	4189	4504	4558	4505	
6	4154	4150	4156	4470	4466	4472	
6	4150	4250	4156	4466	4566	4472	
6	4139	4111	4128	4455	4427	4444	
6	4131	4111	4247	4447	4427	4563	
6	4219	4224	4223	4535	4540	4539	
6	4225	4224	4227	4541	4540	4543	
6	4129	4128	4131	4445	4444	4447	
6	4241	4131	4247	4557	4447	4563	
6	4235	4249	4242	4551	4565	4558	
6	4190	4249	4248	4506	4565	4564	
6	4117	4110	4112	4433	4426	4428	
6	4108	4110	4125	4424	4426	4441	
6	4251	4252	4253	4567	4568	4569	
6	4132	4254	4255	4448	4570	4571	
6	4256	4257	4258	4572	4573	4574	
6	4251	4259	4260	4567	4575	4576	
6	4261	4262	4263	4577	4578	4579	
6	4264	4265	4266	4580	4581	4582	
6	4267	4268	4269	4583	4584	4585	
6	4270	4271	4262	4586	4587	4578	
6	4272	4273	4274	4588	4589	4590	
6	4275	4276	4277	4591	4592	4593	
6	4278	4279	4280	4594	4595	4596	
6	4267	4275	4277	4583	4591	4593	
6	4281	4282	4283	4597	4598	4599	
6	4265	4284	4266	4581	4600	4582	
6	4285	4286	4282	4601	4602	4598	
6	4287	4288	4289	4603	4604	4605	
6	4290	4283	4291	4606	4599	4607	
6	4292	4293	4269	4608	4609	4585	
6	4294	4295	4296	4610	4611	4612	
6	4297	4291	4298	4613	4607	4614	
6	4298	4293	4299	4614	4609	4615	
6	4293	4282	4286	4609	4598	4602	
6	4259	4300	4301	4575	4616	4617	
6	4294	4302	4303	4610	4618	4619	
6	4304	4269	4268	4620	4585	4584	
6	4281	4288	4285	4597	4604	4601	
6	4305	4306	4304	4621	4622	4620	
6	4307	4308	4309	4623	4624	4625	
6	4310	4311	4312	4626	4627	4628	
6	4304	4306	4313	4620	4622	4629	
6	4314	4315	4316	4630	4631	4632	
6	4317	4318	4319	4633	4634	4635	
6	4320	4321	4322	4636	4637	4638	
6	4323	4324	4325	4639	4640	4641	
6	4326	4327	4328	4642	4643	4644	
6	4329	4324	4323	4645	4640	4639	
6	4271	4330	4331	4587	4646	4647	
6	4304	4313	4332	4620	4629	4648	
6	4333	4334	4335	4649	4650	4651	
6	4333	4304	4332	4649	4620	4648	
6	4336	4337	4338	4652	4653	4654	
6	4335	4339	4333	4651	4655	4649	
6	4334	4340	4336	4650	4656	4652	
6	4339	4302	4299	4655	4618	4615	
6	4341	4342	4343	4657	4658	4659	
6	4344	4345	4215	4660	4661	4531	
6	4346	4347	4348	4662	4663	4664	
6	4344	4349	4341	4660	4665	4657	
6	4350	4351	4352	4666	4667	4668	
6	4350	4337	4340	4666	4653	4656	
6	4313	4343	4342	4629	4659	4658	
6	4353	4354	4157	4669	4670	4473	
6	4355	4356	4321	4671	4672	4637	
6	4292	4333	4293	4608	4649	4609	
6	4357	4255	4264	4673	4571	4580	
6	4358	4297	4359	4674	4613	4675	
6	4277	4270	4360	4593	4586	4676	
6	4253	4257	4361	4569	4573	4677	
6	4362	4363	4271	4678	4679	4587	
6	4252	4251	4136	4568	4567	4452	
6	4126	4364	4252	4442	4680	4568	
6	4261	4365	4366	4577	4681	4682	
6	4365	4273	4367	4681	4589	4683	
6	4305	4304	4268	4621	4620	4584	
6	4368	4284	4369	4684	4600	4685	
6	4305	4366	4365	4621	4682	4681	
6	4309	4312	4323	4625	4628	4639	
6	4308	4272	4370	4624	4588	4686	
6	4269	4301	4300	4585	4617	4616	
6	4267	4269	4300	4583	4585	4616	
6	4269	4293	4286	4585	4609	4602	
6	4148	4371	4238	4464	4687	4554	
6	4301	4269	4286	4617	4585	4602	
6	4293	4298	4291	4609	4614	4607	
6	4282	4293	4291	4598	4609	4607	
6	4304	4333	4292	4620	4649	4608	
6	4269	4304	4292	4585	4620	4608	
6	4333	4339	4299	4649	4655	4615	
6	4296	4297	4298	4612	4613	4614	
6	4293	4333	4299	4609	4649	4615	
6	4295	4167	4372	4611	4483	4688	
6	4295	4294	4162	4611	4610	4478	
6	4289	4144	4143	4605	4460	4459	
6	4284	4257	4369	4600	4573	4685	
6	4325	4313	4306	4641	4629	4622	
6	4307	4306	4305	4623	4622	4621	
6	4320	4324	4328	4636	4640	4644	
6	4329	4312	4311	4645	4628	4627	
6	4313	4325	4322	4629	4641	4638	
6	4319	4373	4310	4635	4689	4626	
6	4343	4313	4322	4659	4629	4638	
6	4179	4374	4375	4495	4690	4691	
6	4376	4377	4378	4692	4693	4694	
6	4379	4380	4317	4695	4696	4633	
6	4334	4333	4332	4650	4649	4648	
6	4313	4334	4332	4629	4650	4648	
6	4381	4335	4336	4697	4651	4652	
6	4334	4336	4335	4650	4652	4651	
6	4351	4340	4349	4667	4656	4665	
6	4206	4382	4207	4522	4698	4523	
6	4334	4349	4340	4650	4665	4656	
6	4334	4313	4342	4650	4629	4658	
6	4349	4334	4342	4665	4650	4658	
6	4352	4383	4384	4668	4699	4700	
6	4355	4320	4385	4671	4636	4701	
6	4386	4387	4316	4702	4703	4632	
6	4355	4387	4386	4671	4703	4702	
6	4388	4357	4264	4704	4673	4580	
6	4262	4274	4263	4578	4590	4579	
6	4347	4214	4213	4663	4530	4529	
6	4381	4338	4346	4697	4654	4662	
6	4253	4361	4259	4569	4677	4575	
6	4258	4284	4265	4574	4600	4581	
6	4300	4259	4361	4616	4575	4677	
6	4260	4259	4301	4576	4575	4617	
6	4251	4253	4259	4567	4569	4575	
6	4257	4253	4369	4573	4569	4685	
6	4285	4260	4301	4601	4576	4617	
6	4260	4288	4389	4576	4604	4705	
6	4266	4284	4368	4582	4600	4684	
6	4258	4265	4362	4574	4581	4678	
6	4364	4368	4369	4680	4684	4685	
6	4390	4266	4368	4706	4582	4684	
6	4391	4266	4390	4707	4582	4706	
6	4390	4368	4123	4706	4684	4439	
6	4388	4266	4391	4704	4582	4707	
6	4286	4285	4301	4602	4601	4617	
6	4281	4285	4282	4597	4601	4598	
6	4389	4251	4260	4705	4567	4576	
6	4389	4136	4251	4705	4452	4567	
6	4260	4285	4288	4576	4601	4604	
6	4252	4136	4135	4568	4452	4451	
6	4364	4126	4123	4680	4442	4439	
6	4369	4253	4252	4685	4569	4568	
6	4282	4291	4283	4598	4607	4599	
6	4392	4288	4281	4708	4604	4597	
6	4283	4290	4393	4599	4606	4709	
6	4394	4144	4392	4710	4460	4708	
6	4364	4123	4368	4680	4439	4684	
6	4287	4137	4389	4603	4453	4705	
6	4389	4137	4136	4705	4453	4452	
6	4252	4135	4126	4568	4451	4442	
6	4252	4364	4369	4568	4680	4685	
6	4281	4283	4392	4597	4599	4708	
6	4394	4392	4283	4710	4708	4599	
6	4390	4123	4116	4706	4439	4432	
6	4265	4264	4363	4581	4580	4679	
6	4271	4395	4362	4587	4711	4678	
6	4290	4297	4358	4606	4613	4674	
6	4394	4371	4148	4710	4687	4464	
6	4112	4396	4116	4428	4712	4432	
6	4357	4388	4127	4673	4704	4443	
6	4396	4390	4116	4712	4706	4432	
6	4139	4391	4396	4455	4707	4712	
6	4139	4127	4388	4455	4443	4704	
6	4139	4396	4112	4455	4712	4428	
6	4391	4390	4396	4707	4706	4712	
6	4394	4283	4393	4710	4599	4709	
6	4144	4394	4148	4460	4710	4464	
6	4254	4132	4173	4570	4448	4489	
6	4330	4264	4255	4646	4580	4571	
6	4331	4397	4262	4647	4713	4578	
6	4266	4388	4264	4582	4704	4580	
6	4139	4388	4391	4455	4704	4707	
6	4127	4132	4357	4443	4448	4673	
6	4255	4357	4132	4571	4673	4448	
6	4397	4254	4380	4713	4570	4696	
6	4380	4173	4318	4696	4489	4634	
6	4255	4254	4397	4571	4570	4713	
6	4254	4173	4380	4570	4489	4696	
6	4296	4298	4302	4612	4614	4618	
6	4398	4359	4372	4714	4675	4688	
6	4299	4302	4298	4615	4618	4614	
6	4303	4302	4339	4619	4618	4655	
6	4294	4296	4302	4610	4612	4618	
6	4297	4296	4359	4613	4612	4675	
6	4381	4303	4339	4697	4619	4655	
6	4303	4346	4399	4619	4662	4715	
6	4358	4398	4393	4674	4714	4709	
6	4291	4297	4290	4607	4613	4606	
6	4290	4358	4393	4606	4674	4709	
6	4394	4393	4371	4710	4709	4687	
6	4354	4393	4398	4670	4709	4714	
6	4358	4359	4398	4674	4675	4714	
6	4354	4161	4157	4670	4477	4473	
6	4335	4381	4339	4651	4697	4655	
6	4338	4381	4336	4654	4697	4652	
6	4399	4294	4303	4715	4610	4619	
6	4399	4162	4294	4715	4478	4610	
6	4303	4381	4346	4619	4697	4662	
6	4295	4162	4164	4611	4478	4480	
6	4372	4167	4191	4688	4483	4507	
6	4359	4296	4295	4675	4612	4611	
6	4398	4161	4354	4714	4477	4670	
6	4354	4353	4371	4670	4669	4687	
6	4336	4340	4337	4652	4656	4653	
6	4400	4346	4338	4716	4662	4654	
6	4337	4350	4384	4653	4666	4700	
6	4401	4214	4400	4717	4530	4716	
6	4372	4191	4398	4688	4507	4714	
6	4348	4169	4399	4664	4485	4715	
6	4399	4169	4162	4715	4485	4478	
6	4295	4164	4167	4611	4480	4483	
6	4295	4372	4359	4611	4688	4675	
6	4338	4337	4400	4654	4653	4716	
6	4401	4400	4337	4717	4716	4653	
6	4353	4157	4153	4669	4473	4469	
6	4356	4345	4341	4672	4661	4657	
6	4382	4402	4207	4698	4718	4523	
6	4354	4371	4393	4670	4687	4709	
6	4153	4238	4353	4469	4554	4669	
6	4371	4353	4238	4687	4669	4554	
6	4401	4337	4384	4717	4653	4700	
6	4214	4401	4206	4530	4717	4522	
6	4370	4272	4403	4686	4588	4719	
6	4398	4191	4161	4714	4507	4477	
6	4404	4405	4406	4720	4721	4722	
6	4407	4378	4278	4723	4694	4594	
6	4316	4376	4408	4632	4692	4724	
6	4375	4319	4318	4691	4635	4634	
6	4318	4173	4178	4634	4489	4494	
6	4317	4409	4379	4633	4725	4695	
6	4375	4318	4178	4691	4634	4494	
6	4317	4380	4318	4633	4696	4634	
6	4374	4179	4181	4690	4495	4497	
6	4375	4410	4319	4691	4726	4635	
6	4373	4319	4410	4689	4635	4726	
6	4403	4319	4310	4719	4635	4626	
6	4406	4373	4410	4722	4689	4726	
6	4326	4311	4405	4642	4627	4721	
6	4411	4412	4280	4727	4728	4596	
6	4412	4411	4413	4728	4727	4729	
6	4310	4373	4311	4626	4689	4627	
6	4373	4406	4405	4689	4722	4721	
6	4329	4323	4312	4645	4639	4628	
6	4309	4323	4325	4625	4639	4641	
6	4329	4328	4324	4645	4644	4640	
6	4309	4370	4312	4625	4686	4628	
6	4308	4273	4272	4624	4589	4588	
6	4310	4312	4370	4626	4628	4686	
6	4320	4322	4324	4636	4638	4640	
6	4325	4324	4322	4641	4640	4638	
6	4307	4309	4325	4623	4625	4641	
6	4308	4370	4309	4624	4686	4625	
6	4274	4409	4272	4590	4725	4588	
6	4409	4403	4272	4725	4719	4588	
6	4329	4326	4328	4645	4642	4644	
6	4377	4385	4327	4693	4701	4643	
6	4306	4307	4325	4622	4623	4641	
6	4367	4307	4305	4683	4623	4621	
6	4308	4367	4273	4624	4683	4589	
6	4263	4273	4365	4579	4589	4681	
6	4397	4409	4274	4713	4725	4590	
6	4403	4409	4317	4719	4725	4633	
6	4311	4326	4329	4627	4642	4645	
6	4328	4327	4385	4644	4643	4701	
6	4316	4387	4376	4632	4703	4692	
6	4320	4328	4385	4636	4644	4701	
6	4307	4367	4308	4623	4683	4624	
6	4365	4367	4305	4681	4683	4621	
6	4261	4270	4262	4577	4586	4578	
6	4274	4273	4263	4590	4589	4579	
6	4409	4397	4379	4725	4713	4695	
6	4397	4380	4379	4713	4696	4695	
6	4319	4403	4317	4635	4719	4633	
6	4403	4310	4370	4719	4626	4686	
6	4326	4414	4327	4642	4730	4643	
6	4385	4377	4387	4701	4693	4703	
6	4414	4279	4327	4730	4595	4643	
6	4377	4327	4279	4693	4643	4595	
6	4280	4412	4278	4596	4728	4594	
6	4377	4279	4378	4693	4595	4694	
6	4410	4415	4406	4726	4731	4722	
6	4413	4416	4412	4729	4732	4728	
6	4407	4278	4416	4723	4594	4732	
6	4377	4376	4387	4693	4692	4703	
6	4278	4378	4279	4594	4694	4595	
6	4378	4407	4376	4694	4723	4692	
6	4280	4279	4414	4596	4595	4730	
6	4278	4412	4416	4594	4728	4732	
6	4407	4408	4376	4723	4724	4692	
6	4314	4408	4204	4630	4724	4520	
6	4414	4404	4280	4730	4720	4596	
6	4280	4404	4411	4596	4720	4727	
6	4405	4404	4414	4721	4720	4730	
6	4404	4406	4411	4720	4722	4727	
6	4326	4405	4414	4642	4721	4730	
6	4405	4311	4373	4721	4627	4689	
6	4415	4411	4406	4731	4727	4722	
6	4417	4415	4374	4733	4731	4690	
6	4417	4411	4415	4733	4727	4731	
6	4408	4231	4204	4724	4547	4520	
6	4407	4416	4418	4723	4732	4734	
6	4375	4374	4410	4691	4690	4726	
6	4321	4356	4343	4637	4672	4659	
6	4203	4221	4419	4519	4537	4735	
6	4410	4374	4415	4726	4690	4731	
6	4186	4374	4181	4502	4690	4497	
6	4174	4420	4183	4490	4736	4499	
6	4418	4416	4413	4734	4732	4729	
6	4413	4420	4418	4729	4736	4734	
6	4407	4418	4421	4723	4734	4737	
6	4345	4221	4215	4661	4537	4531	
6	4411	4417	4413	4727	4733	4729	
6	4374	4186	4417	4690	4502	4733	
6	4194	4422	4193	4510	4738	4509	
6	4420	4413	4417	4736	4729	4733	
6	4422	4194	4421	4738	4510	4737	
6	4386	4315	4203	4702	4631	4519	
6	4408	4314	4316	4724	4630	4632	
6	4387	4355	4385	4703	4671	4701	
6	4422	4418	4420	4738	4734	4736	
6	4194	4231	4421	4510	4547	4737	
6	4204	4195	4314	4520	4511	4630	
6	4315	4314	4195	4631	4630	4511	
6	4203	4315	4195	4519	4631	4511	
6	4386	4316	4315	4702	4632	4631	
6	4305	4268	4366	4621	4584	4682	
6	4263	4365	4261	4579	4681	4577	
6	4331	4262	4271	4647	4578	4587	
6	4274	4262	4397	4590	4578	4713	
6	4268	4267	4366	4584	4583	4682	
6	4421	4418	4422	4737	4734	4738	
6	4174	4176	4193	4490	4492	4509	
6	4420	4193	4422	4736	4509	4738	
6	4366	4267	4360	4682	4583	4676	
6	4231	4408	4421	4547	4724	4737	
6	4407	4421	4408	4723	4737	4724	
6	4386	4203	4419	4702	4519	4735	
6	4375	4178	4179	4691	4494	4495	
6	4355	4419	4356	4671	4735	4672	
6	4261	4360	4270	4577	4676	4586	
6	4395	4270	4277	4711	4586	4593	
6	4366	4360	4261	4682	4676	4577	
6	4277	4360	4267	4593	4676	4583	
6	4395	4276	4362	4711	4592	4678	
6	4271	4270	4395	4587	4586	4711	
6	4267	4300	4275	4583	4616	4591	
6	4395	4277	4276	4711	4593	4592	
6	4258	4362	4276	4574	4678	4592	
6	4265	4363	4362	4581	4679	4678	
6	4300	4361	4275	4616	4677	4591	
6	4275	4361	4256	4591	4677	4572	
6	4256	4258	4276	4572	4574	4592	
6	4284	4258	4257	4600	4574	4573	
6	4275	4256	4276	4591	4572	4592	
6	4257	4256	4361	4573	4572	4677	
6	4330	4271	4363	4646	4587	4679	
6	4255	4397	4331	4571	4713	4647	
6	4183	4420	4186	4499	4736	4502	
6	4186	4420	4417	4502	4736	4733	
6	4264	4330	4363	4580	4646	4679	
6	4420	4174	4193	4736	4490	4509	
6	4255	4331	4330	4571	4647	4646	
6	4355	4386	4419	4671	4702	4735	
6	4322	4321	4343	4638	4637	4659	
6	4320	4355	4321	4636	4671	4637	
6	4215	4423	4344	4531	4739	4660	
6	4423	4352	4344	4739	4668	4660	
6	4342	4341	4349	4658	4657	4665	
6	4356	4341	4343	4672	4657	4659	
6	4345	4419	4221	4661	4735	4537	
6	4340	4351	4350	4656	4667	4666	
6	4419	4345	4356	4735	4661	4672	
6	4341	4345	4344	4657	4661	4660	
6	4215	4217	4423	4531	4533	4739	
6	4423	4217	4352	4739	4533	4668	
6	4402	4222	4223	4718	4538	4539	
6	4383	4402	4382	4699	4718	4698	
6	4349	4344	4351	4665	4660	4667	
6	4352	4351	4344	4668	4667	4660	
6	4350	4352	4384	4666	4668	4700	
6	4217	4222	4383	4533	4538	4699	
6	4352	4217	4383	4668	4533	4699	
6	4401	4384	4382	4717	4700	4698	
6	4222	4402	4383	4538	4718	4699	
6	4382	4206	4401	4698	4522	4717	
6	4223	4207	4402	4539	4523	4718	
6	4383	4382	4384	4699	4698	4700	
6	4287	4289	4143	4603	4605	4459	
6	4144	4289	4392	4460	4605	4708	
6	4288	4392	4289	4604	4708	4605	
6	4137	4287	4143	4453	4603	4459	
6	4288	4287	4389	4604	4603	4705	
6	4348	4347	4213	4664	4663	4529	
6	4214	4347	4400	4530	4663	4716	
6	4346	4400	4347	4662	4716	4663	
6	4169	4348	4213	4485	4664	4529	
6	4346	4348	4399	4662	4664	4715	
6	4424	4425	4426	4740	4741	4742	
6	4427	4426	4425	4743	4742	4741	
6	4427	4428	4426	4743	4744	4742	
6	4429	4430	4431	4745	4746	4747	
6	4428	4432	4433	4744	4748	4749	
6	4434	4435	4436	4750	4751	4752	
6	4437	4438	4433	4753	4754	4749	
6	4439	4440	4432	4755	4756	4748	
6	4426	4433	4441	4742	4749	4757	
6	4442	4440	4439	4758	4756	4755	
6	4443	4444	4445	4759	4760	4761	
6	4446	4445	4447	4762	4761	4763	
6	4448	4445	4446	4764	4761	4762	
6	4449	4450	4451	4765	4766	4767	
6	4452	4453	4454	4768	4769	4770	
6	4442	4450	4440	4758	4766	4756	
6	4428	4427	4455	4744	4743	4771	
6	4430	4456	4457	4746	4772	4773	
6	4458	4459	4460	4774	4775	4776	
6	4461	4454	4462	4777	4770	4778	
6	4462	4454	4453	4778	4770	4769	
6	4463	4458	4460	4779	4774	4776	
6	4464	4465	4463	4780	4781	4779	
6	4437	4433	4440	4753	4749	4756	
6	4466	4467	4468	4782	4783	4784	
6	4469	4467	4470	4785	4783	4786	
6	4469	4471	4467	4785	4787	4783	
6	4470	4472	4465	4786	4788	4781	
6	4450	4442	4451	4766	4758	4767	
6	4471	4469	4473	4787	4785	4789	
6	4474	4475	4476	4790	4791	4792	
6	4475	4474	4477	4791	4790	4793	
6	4478	4479	4480	4794	4795	4796	
6	4481	4482	4483	4797	4798	4799	
6	4484	4478	4485	4800	4794	4801	
6	4486	4484	4485	4802	4800	4801	
6	4475	4482	4487	4791	4798	4803	
6	4462	4453	4459	4778	4769	4775	
6	4474	4473	4477	4790	4789	4793	
6	4446	4488	4489	4762	4804	4805	
6	4490	4491	4492	4806	4807	4808	
6	4488	4493	4494	4804	4809	4810	
6	4495	4496	4497	4811	4812	4813	
6	4496	4495	4493	4812	4811	4809	
6	4435	4434	4498	4751	4750	4814	
6	4499	4500	4501	4815	4816	4817	
6	4500	4499	4502	4816	4815	4818	
6	4503	4500	4502	4819	4816	4818	
6	4501	4490	4499	4817	4806	4815	
6	4492	4504	4456	4808	4820	4772	
6	4490	4501	4491	4806	4817	4807	
6	4505	4506	4457	4821	4822	4773	
6	4482	4475	4507	4798	4791	4823	
6	4493	4495	4494	4809	4811	4810	
6	4491	4504	4492	4807	4820	4808	
6	4456	4508	4509	4772	4824	4825	
6	4510	4508	4429	4826	4824	4745	
6	4509	4508	4510	4825	4824	4826	
6	4511	4512	4513	4827	4828	4829	
6	4492	4456	4509	4808	4772	4825	
6	4514	4515	4516	4830	4831	4832	
6	4517	4501	4500	4833	4817	4816	
6	4513	4518	4519	4829	4834	4835	
6	4512	4511	4520	4828	4827	4836	
6	4479	4484	4521	4795	4800	4837	
6	4522	4523	4524	4838	4839	4840	
6	4524	4525	4526	4840	4841	4842	
6	4524	4527	4528	4840	4843	4844	
6	4529	4530	4528	4845	4846	4844	
6	4484	4479	4478	4800	4795	4794	
6	4531	4532	4533	4847	4848	4849	
6	4534	4535	4536	4850	4851	4852	
6	4537	4519	4518	4853	4835	4834	
6	4536	4533	4532	4852	4849	4848	
6	4538	4535	4539	4854	4851	4855	
6	4540	4541	4525	4856	4857	4841	
6	4525	4542	4540	4841	4858	4856	
6	4477	4507	4475	4793	4823	4791	
6	4543	4540	4535	4859	4856	4851	
6	4524	4523	4542	4840	4839	4858	
6	4482	4507	4483	4798	4823	4799	
6	4519	4511	4513	4835	4827	4829	
6	4450	4544	4440	4766	4860	4756	
6	4545	4546	4513	4861	4862	4829	
6	4520	4547	4431	4836	4863	4747	
6	4522	4528	4530	4838	4844	4846	
6	4516	4527	4548	4832	4843	4864	
6	4503	4502	4497	4819	4818	4813	
6	4500	4503	4517	4816	4819	4833	
6	4501	4436	4491	4817	4752	4807	
6	4436	4504	4491	4752	4820	4807	
6	4449	4451	4452	4765	4767	4768	
6	4450	4449	4544	4766	4765	4860	
6	4458	4462	4459	4774	4778	4775	
6	4458	4461	4462	4774	4777	4778	
6	4515	4475	4487	4831	4791	4803	
6	4473	4474	4471	4789	4790	4787	
6	4481	4483	4480	4797	4799	4796	
6	4482	4481	4487	4798	4797	4803	
6	4486	4485	4529	4802	4801	4845	
6	4484	4486	4521	4800	4802	4837	
6	4489	4488	4494	4805	4804	4810	
6	4446	4549	4488	4762	4865	4804	
6	4430	4508	4456	4746	4824	4772	
6	4510	4429	4547	4826	4745	4863	
6	4513	4512	4545	4829	4828	4861	
6	4546	4518	4513	4862	4834	4829	
6	4497	4496	4503	4813	4812	4819	
6	4496	4550	4517	4812	4866	4833	
6	4550	4434	4517	4866	4750	4833	
6	4436	4435	4551	4752	4751	4867	
6	4452	4454	4449	4768	4770	4765	
6	4544	4449	4454	4860	4765	4770	
6	4463	4460	4464	4779	4776	4780	
6	4454	4552	4544	4770	4868	4860	
6	4480	4479	4481	4796	4795	4797	
6	4487	4481	4479	4803	4797	4795	
6	4529	4528	4486	4845	4844	4802	
6	4521	4486	4528	4837	4802	4844	
6	4430	4429	4508	4746	4745	4824	
6	4431	4547	4429	4747	4863	4745	
6	4520	4431	4512	4836	4747	4828	
6	4545	4512	4431	4861	4828	4747	
6	4496	4517	4503	4812	4833	4819	
6	4501	4517	4434	4817	4833	4750	
6	4552	4454	4461	4868	4770	4777	
6	4553	4437	4552	4869	4753	4868	
6	4465	4464	4554	4781	4780	4870	
6	4555	4553	4461	4871	4869	4777	
6	4458	4463	4461	4774	4779	4777	
6	4463	4465	4555	4779	4781	4871	
6	4479	4521	4516	4795	4837	4832	
6	4475	4515	4476	4791	4831	4792	
6	4527	4521	4528	4843	4837	4844	
6	4479	4516	4487	4795	4832	4803	
6	4504	4505	4456	4820	4821	4772	
6	4431	4556	4545	4747	4872	4861	
6	4549	4550	4496	4865	4866	4812	
6	4434	4550	4498	4750	4866	4814	
6	4493	4549	4496	4809	4865	4812	
6	4435	4549	4557	4751	4865	4873	
6	4550	4549	4498	4866	4865	4814	
6	4549	4435	4498	4865	4751	4814	
6	4434	4436	4501	4750	4752	4817	
6	4504	4436	4558	4820	4752	4874	
6	4558	4436	4551	4874	4752	4867	
6	4505	4457	4456	4821	4773	4772	
6	4514	4559	4476	4830	4875	4792	
6	4467	4471	4476	4783	4787	4792	
6	4474	4476	4471	4790	4792	4787	
6	4467	4476	4559	4783	4792	4875	
6	4489	4448	4446	4805	4764	4762	
6	4549	4493	4488	4865	4809	4804	
6	4556	4431	4430	4872	4747	4746	
6	4532	4518	4560	4848	4834	4876	
6	4561	4430	4457	4877	4746	4773	
6	4546	4556	4562	4862	4872	4878	
6	4556	4546	4545	4872	4862	4861	
6	4562	4560	4546	4878	4876	4862	
6	4554	4469	4470	4870	4785	4786	
6	4463	4555	4461	4779	4871	4777	
6	4461	4553	4552	4777	4869	4868	
6	4437	4553	4438	4753	4869	4754	
6	4524	4528	4522	4840	4844	4838	
6	4526	4548	4527	4842	4864	4843	
6	4527	4516	4521	4843	4832	4837	
6	4514	4516	4548	4830	4832	4864	
6	4468	4467	4559	4784	4783	4875	
6	4470	4465	4554	4786	4781	4870	
6	4448	4443	4445	4764	4759	4761	
6	4549	4446	4557	4865	4762	4873	
6	4552	4437	4544	4868	4753	4860	
6	4440	4544	4437	4756	4860	4753	
6	4506	4562	4457	4822	4878	4773	
6	4430	4561	4556	4746	4877	4872	
6	4457	4562	4561	4773	4878	4877	
6	4562	4556	4561	4878	4872	4877	
6	4516	4515	4487	4832	4831	4803	
6	4514	4476	4515	4830	4792	4831	
6	4425	4563	4427	4741	4879	4743	
6	4447	4444	4427	4763	4760	4743	
6	4433	4432	4440	4749	4748	4756	
6	4438	4441	4433	4754	4757	4749	
6	4523	4539	4542	4839	4855	4858	
6	4527	4524	4526	4843	4840	4842	
6	4518	4531	4537	4834	4847	4853	
6	4560	4534	4532	4876	4850	4848	
6	4536	4538	4533	4852	4854	4849	
6	4534	4543	4535	4850	4859	4851	
6	4564	4565	4551	4880	4881	4867	
6	4565	4506	4505	4881	4822	4821	
6	4560	4518	4546	4876	4834	4862	
6	4531	4518	4532	4847	4834	4848	
6	4467	4466	4470	4783	4782	4786	
6	4472	4566	4555	4788	4882	4871	
6	4472	4555	4465	4788	4871	4781	
6	4553	4555	4566	4869	4871	4882	
6	4443	4455	4444	4759	4771	4760	
6	4447	4557	4446	4763	4873	4762	
6	4540	4542	4539	4856	4858	4855	
6	4525	4524	4542	4841	4840	4858	
6	4534	4536	4532	4850	4852	4848	
6	4535	4538	4536	4851	4854	4852	
6	4565	4505	4558	4881	4821	4874	
6	4504	4558	4505	4820	4874	4821	
6	4470	4466	4472	4786	4782	4788	
6	4466	4566	4472	4782	4882	4788	
6	4455	4427	4444	4771	4743	4760	
6	4447	4427	4563	4763	4743	4879	
6	4535	4540	4539	4851	4856	4855	
6	4541	4540	4543	4857	4856	4859	
6	4445	4444	4447	4761	4760	4763	
6	4557	4447	4563	4873	4763	4879	
6	4551	4565	4558	4867	4881	4874	
6	4506	4565	4564	4822	4881	4880	
6	4433	4426	4428	4749	4742	4744	
6	4424	4426	4441	4740	4742	4757	
6	4567	4568	4569	4883	4884	4885	
6	4448	4570	4571	4764	4886	4887	
6	4572	4573	4574	4888	4889	4890	
6	4567	4575	4576	4883	4891	4892	
6	4577	4578	4579	4893	4894	4895	
6	4580	4581	4582	4896	4897	4898	
6	4583	4584	4585	4899	4900	4901	
6	4586	4587	4578	4902	4903	4894	
6	4588	4589	4590	4904	4905	4906	
6	4591	4592	4593	4907	4908	4909	
6	4594	4595	4596	4910	4911	4912	
6	4583	4591	4593	4899	4907	4909	
6	4597	4598	4599	4913	4914	4915	
6	4581	4600	4582	4897	4916	4898	
6	4601	4602	4598	4917	4918	4914	
6	4603	4604	4605	4919	4920	4921	
6	4606	4599	4607	4922	4915	4923	
6	4608	4609	4585	4924	4925	4901	
6	4610	4611	4612	4926	4927	4928	
6	4613	4607	4614	4929	4923	4930	
6	4614	4609	4615	4930	4925	4931	
6	4609	4598	4602	4925	4914	4918	
6	4575	4616	4617	4891	4932	4933	
6	4610	4618	4619	4926	4934	4935	
6	4620	4585	4584	4936	4901	4900	
6	4597	4604	4601	4913	4920	4917	
6	4621	4622	4620	4937	4938	4936	
6	4623	4624	4625	4939	4940	4941	
6	4626	4627	4628	4942	4943	4944	
6	4620	4622	4629	4936	4938	4945	
6	4630	4631	4632	4946	4947	4948	
6	4633	4634	4635	4949	4950	4951	
6	4636	4637	4638	4952	4953	4954	
6	4639	4640	4641	4955	4956	4957	
6	4642	4643	4644	4958	4959	4960	
6	4645	4640	4639	4961	4956	4955	
6	4587	4646	4647	4903	4962	4963	
6	4620	4629	4648	4936	4945	4964	
6	4649	4650	4651	4965	4966	4967	
6	4649	4620	4648	4965	4936	4964	
6	4652	4653	4654	4968	4969	4970	
6	4651	4655	4649	4967	4971	4965	
6	4650	4656	4652	4966	4972	4968	
6	4655	4618	4615	4971	4934	4931	
6	4657	4658	4659	4973	4974	4975	
6	4660	4661	4531	4976	4977	4847	
6	4662	4663	4664	4978	4979	4980	
6	4660	4665	4657	4976	4981	4973	
6	4666	4667	4668	4982	4983	4984	
6	4666	4653	4656	4982	4969	4972	
6	4629	4659	4658	4945	4975	4974	
6	4669	4670	4473	4985	4986	4789	
6	4671	4672	4637	4987	4988	4953	
6	4608	4649	4609	4924	4965	4925	
6	4673	4571	4580	4989	4887	4896	
6	4674	4613	4675	4990	4929	4991	
6	4593	4586	4676	4909	4902	4992	
6	4569	4573	4677	4885	4889	4993	
6	4678	4679	4587	4994	4995	4903	
6	4568	4567	4452	4884	4883	4768	
6	4442	4680	4568	4758	4996	4884	
6	4577	4681	4682	4893	4997	4998	
6	4681	4589	4683	4997	4905	4999	
6	4621	4620	4584	4937	4936	4900	
6	4684	4600	4685	5000	4916	5001	
6	4621	4682	4681	4937	4998	4997	
6	4625	4628	4639	4941	4944	4955	
6	4624	4588	4686	4940	4904	5002	
6	4585	4617	4616	4901	4933	4932	
6	4583	4585	4616	4899	4901	4932	
6	4585	4609	4602	4901	4925	4918	
6	4464	4687	4554	4780	5003	4870	
6	4617	4585	4602	4933	4901	4918	
6	4609	4614	4607	4925	4930	4923	
6	4598	4609	4607	4914	4925	4923	
6	4620	4649	4608	4936	4965	4924	
6	4585	4620	4608	4901	4936	4924	
6	4649	4655	4615	4965	4971	4931	
6	4612	4613	4614	4928	4929	4930	
6	4609	4649	4615	4925	4965	4931	
6	4611	4483	4688	4927	4799	5004	
6	4611	4610	4478	4927	4926	4794	
6	4605	4460	4459	4921	4776	4775	
6	4600	4573	4685	4916	4889	5001	
6	4641	4629	4622	4957	4945	4938	
6	4623	4622	4621	4939	4938	4937	
6	4636	4640	4644	4952	4956	4960	
6	4645	4628	4627	4961	4944	4943	
6	4629	4641	4638	4945	4957	4954	
6	4635	4689	4626	4951	5005	4942	
6	4659	4629	4638	4975	4945	4954	
6	4495	4690	4691	4811	5006	5007	
6	4692	4693	4694	5008	5009	5010	
6	4695	4696	4633	5011	5012	4949	
6	4650	4649	4648	4966	4965	4964	
6	4629	4650	4648	4945	4966	4964	
6	4697	4651	4652	5013	4967	4968	
6	4650	4652	4651	4966	4968	4967	
6	4667	4656	4665	4983	4972	4981	
6	4522	4698	4523	4838	5014	4839	
6	4650	4665	4656	4966	4981	4972	
6	4650	4629	4658	4966	4945	4974	
6	4665	4650	4658	4981	4966	4974	
6	4668	4699	4700	4984	5015	5016	
6	4671	4636	4701	4987	4952	5017	
6	4702	4703	4632	5018	5019	4948	
6	4671	4703	4702	4987	5019	5018	
6	4704	4673	4580	5020	4989	4896	
6	4578	4590	4579	4894	4906	4895	
6	4663	4530	4529	4979	4846	4845	
6	4697	4654	4662	5013	4970	4978	
6	4569	4677	4575	4885	4993	4891	
6	4574	4600	4581	4890	4916	4897	
6	4616	4575	4677	4932	4891	4993	
6	4576	4575	4617	4892	4891	4933	
6	4567	4569	4575	4883	4885	4891	
6	4573	4569	4685	4889	4885	5001	
6	4601	4576	4617	4917	4892	4933	
6	4576	4604	4705	4892	4920	5021	
6	4582	4600	4684	4898	4916	5000	
6	4574	4581	4678	4890	4897	4994	
6	4680	4684	4685	4996	5000	5001	
6	4706	4582	4684	5022	4898	5000	
6	4707	4582	4706	5023	4898	5022	
6	4706	4684	4439	5022	5000	4755	
6	4704	4582	4707	5020	4898	5023	
6	4602	4601	4617	4918	4917	4933	
6	4597	4601	4598	4913	4917	4914	
6	4705	4567	4576	5021	4883	4892	
6	4705	4452	4567	5021	4768	4883	
6	4576	4601	4604	4892	4917	4920	
6	4568	4452	4451	4884	4768	4767	
6	4680	4442	4439	4996	4758	4755	
6	4685	4569	4568	5001	4885	4884	
6	4598	4607	4599	4914	4923	4915	
6	4708	4604	4597	5024	4920	4913	
6	4599	4606	4709	4915	4922	5025	
6	4710	4460	4708	5026	4776	5024	
6	4680	4439	4684	4996	4755	5000	
6	4603	4453	4705	4919	4769	5021	
6	4705	4453	4452	5021	4769	4768	
6	4568	4451	4442	4884	4767	4758	
6	4568	4680	4685	4884	4996	5001	
6	4597	4599	4708	4913	4915	5024	
6	4710	4708	4599	5026	5024	4915	
6	4706	4439	4432	5022	4755	4748	
6	4581	4580	4679	4897	4896	4995	
6	4587	4711	4678	4903	5027	4994	
6	4606	4613	4674	4922	4929	4990	
6	4710	4687	4464	5026	5003	4780	
6	4428	4712	4432	4744	5028	4748	
6	4673	4704	4443	4989	5020	4759	
6	4712	4706	4432	5028	5022	4748	
6	4455	4707	4712	4771	5023	5028	
6	4455	4443	4704	4771	4759	5020	
6	4455	4712	4428	4771	5028	4744	
6	4707	4706	4712	5023	5022	5028	
6	4710	4599	4709	5026	4915	5025	
6	4460	4710	4464	4776	5026	4780	
6	4570	4448	4489	4886	4764	4805	
6	4646	4580	4571	4962	4896	4887	
6	4647	4713	4578	4963	5029	4894	
6	4582	4704	4580	4898	5020	4896	
6	4455	4704	4707	4771	5020	5023	
6	4443	4448	4673	4759	4764	4989	
6	4571	4673	4448	4887	4989	4764	
6	4713	4570	4696	5029	4886	5012	
6	4696	4489	4634	5012	4805	4950	
6	4571	4570	4713	4887	4886	5029	
6	4570	4489	4696	4886	4805	5012	
6	4612	4614	4618	4928	4930	4934	
6	4714	4675	4688	5030	4991	5004	
6	4615	4618	4614	4931	4934	4930	
6	4619	4618	4655	4935	4934	4971	
6	4610	4612	4618	4926	4928	4934	
6	4613	4612	4675	4929	4928	4991	
6	4697	4619	4655	5013	4935	4971	
6	4619	4662	4715	4935	4978	5031	
6	4674	4714	4709	4990	5030	5025	
6	4607	4613	4606	4923	4929	4922	
6	4606	4674	4709	4922	4990	5025	
6	4710	4709	4687	5026	5025	5003	
6	4670	4709	4714	4986	5025	5030	
6	4674	4675	4714	4990	4991	5030	
6	4670	4477	4473	4986	4793	4789	
6	4651	4697	4655	4967	5013	4971	
6	4654	4697	4652	4970	5013	4968	
6	4715	4610	4619	5031	4926	4935	
6	4715	4478	4610	5031	4794	4926	
6	4619	4697	4662	4935	5013	4978	
6	4611	4478	4480	4927	4794	4796	
6	4688	4483	4507	5004	4799	4823	
6	4675	4612	4611	4991	4928	4927	
6	4714	4477	4670	5030	4793	4986	
6	4670	4669	4687	4986	4985	5003	
6	4652	4656	4653	4968	4972	4969	
6	4716	4662	4654	5032	4978	4970	
6	4653	4666	4700	4969	4982	5016	
6	4717	4530	4716	5033	4846	5032	
6	4688	4507	4714	5004	4823	5030	
6	4664	4485	4715	4980	4801	5031	
6	4715	4485	4478	5031	4801	4794	
6	4611	4480	4483	4927	4796	4799	
6	4611	4688	4675	4927	5004	4991	
6	4654	4653	4716	4970	4969	5032	
6	4717	4716	4653	5033	5032	4969	
6	4669	4473	4469	4985	4789	4785	
6	4672	4661	4657	4988	4977	4973	
6	4698	4718	4523	5014	5034	4839	
6	4670	4687	4709	4986	5003	5025	
6	4469	4554	4669	4785	4870	4985	
6	4687	4669	4554	5003	4985	4870	
6	4717	4653	4700	5033	4969	5016	
6	4530	4717	4522	4846	5033	4838	
6	4686	4588	4719	5002	4904	5035	
6	4714	4507	4477	5030	4823	4793	
6	4720	4721	4722	5036	5037	5038	
6	4723	4694	4594	5039	5010	4910	
6	4632	4692	4724	4948	5008	5040	
6	4691	4635	4634	5007	4951	4950	
6	4634	4489	4494	4950	4805	4810	
6	4633	4725	4695	4949	5041	5011	
6	4691	4634	4494	5007	4950	4810	
6	4633	4696	4634	4949	5012	4950	
6	4690	4495	4497	5006	4811	4813	
6	4691	4726	4635	5007	5042	4951	
6	4689	4635	4726	5005	4951	5042	
6	4719	4635	4626	5035	4951	4942	
6	4722	4689	4726	5038	5005	5042	
6	4642	4627	4721	4958	4943	5037	
6	4727	4728	4596	5043	5044	4912	
6	4728	4727	4729	5044	5043	5045	
6	4626	4689	4627	4942	5005	4943	
6	4689	4722	4721	5005	5038	5037	
6	4645	4639	4628	4961	4955	4944	
6	4625	4639	4641	4941	4955	4957	
6	4645	4644	4640	4961	4960	4956	
6	4625	4686	4628	4941	5002	4944	
6	4624	4589	4588	4940	4905	4904	
6	4626	4628	4686	4942	4944	5002	
6	4636	4638	4640	4952	4954	4956	
6	4641	4640	4638	4957	4956	4954	
6	4623	4625	4641	4939	4941	4957	
6	4624	4686	4625	4940	5002	4941	
6	4590	4725	4588	4906	5041	4904	
6	4725	4719	4588	5041	5035	4904	
6	4645	4642	4644	4961	4958	4960	
6	4693	4701	4643	5009	5017	4959	
6	4622	4623	4641	4938	4939	4957	
6	4683	4623	4621	4999	4939	4937	
6	4624	4683	4589	4940	4999	4905	
6	4579	4589	4681	4895	4905	4997	
6	4713	4725	4590	5029	5041	4906	
6	4719	4725	4633	5035	5041	4949	
6	4627	4642	4645	4943	4958	4961	
6	4644	4643	4701	4960	4959	5017	
6	4632	4703	4692	4948	5019	5008	
6	4636	4644	4701	4952	4960	5017	
6	4623	4683	4624	4939	4999	4940	
6	4681	4683	4621	4997	4999	4937	
6	4577	4586	4578	4893	4902	4894	
6	4590	4589	4579	4906	4905	4895	
6	4725	4713	4695	5041	5029	5011	
6	4713	4696	4695	5029	5012	5011	
6	4635	4719	4633	4951	5035	4949	
6	4719	4626	4686	5035	4942	5002	
6	4642	4730	4643	4958	5046	4959	
6	4701	4693	4703	5017	5009	5019	
6	4730	4595	4643	5046	4911	4959	
6	4693	4643	4595	5009	4959	4911	
6	4596	4728	4594	4912	5044	4910	
6	4693	4595	4694	5009	4911	5010	
6	4726	4731	4722	5042	5047	5038	
6	4729	4732	4728	5045	5048	5044	
6	4723	4594	4732	5039	4910	5048	
6	4693	4692	4703	5009	5008	5019	
6	4594	4694	4595	4910	5010	4911	
6	4694	4723	4692	5010	5039	5008	
6	4596	4595	4730	4912	4911	5046	
6	4594	4728	4732	4910	5044	5048	
6	4723	4724	4692	5039	5040	5008	
6	4630	4724	4520	4946	5040	4836	
6	4730	4720	4596	5046	5036	4912	
6	4596	4720	4727	4912	5036	5043	
6	4721	4720	4730	5037	5036	5046	
6	4720	4722	4727	5036	5038	5043	
6	4642	4721	4730	4958	5037	5046	
6	4721	4627	4689	5037	4943	5005	
6	4731	4727	4722	5047	5043	5038	
6	4733	4731	4690	5049	5047	5006	
6	4733	4727	4731	5049	5043	5047	
6	4724	4547	4520	5040	4863	4836	
6	4723	4732	4734	5039	5048	5050	
6	4691	4690	4726	5007	5006	5042	
6	4637	4672	4659	4953	4988	4975	
6	4519	4537	4735	4835	4853	5051	
6	4726	4690	4731	5042	5006	5047	
6	4502	4690	4497	4818	5006	4813	
6	4490	4736	4499	4806	5052	4815	
6	4734	4732	4729	5050	5048	5045	
6	4729	4736	4734	5045	5052	5050	
6	4723	4734	4737	5039	5050	5053	
6	4661	4537	4531	4977	4853	4847	
6	4727	4733	4729	5043	5049	5045	
6	4690	4502	4733	5006	4818	5049	
6	4510	4738	4509	4826	5054	4825	
6	4736	4729	4733	5052	5045	5049	
6	4738	4510	4737	5054	4826	5053	
6	4702	4631	4519	5018	4947	4835	
6	4724	4630	4632	5040	4946	4948	
6	4703	4671	4701	5019	4987	5017	
6	4738	4734	4736	5054	5050	5052	
6	4510	4547	4737	4826	4863	5053	
6	4520	4511	4630	4836	4827	4946	
6	4631	4630	4511	4947	4946	4827	
6	4519	4631	4511	4835	4947	4827	
6	4702	4632	4631	5018	4948	4947	
6	4621	4584	4682	4937	4900	4998	
6	4579	4681	4577	4895	4997	4893	
6	4647	4578	4587	4963	4894	4903	
6	4590	4578	4713	4906	4894	5029	
6	4584	4583	4682	4900	4899	4998	
6	4737	4734	4738	5053	5050	5054	
6	4490	4492	4509	4806	4808	4825	
6	4736	4509	4738	5052	4825	5054	
6	4682	4583	4676	4998	4899	4992	
6	4547	4724	4737	4863	5040	5053	
6	4723	4737	4724	5039	5053	5040	
6	4702	4519	4735	5018	4835	5051	
6	4691	4494	4495	5007	4810	4811	
6	4671	4735	4672	4987	5051	4988	
6	4577	4676	4586	4893	4992	4902	
6	4711	4586	4593	5027	4902	4909	
6	4682	4676	4577	4998	4992	4893	
6	4593	4676	4583	4909	4992	4899	
6	4711	4592	4678	5027	4908	4994	
6	4587	4586	4711	4903	4902	5027	
6	4583	4616	4591	4899	4932	4907	
6	4711	4593	4592	5027	4909	4908	
6	4574	4678	4592	4890	4994	4908	
6	4581	4679	4678	4897	4995	4994	
6	4616	4677	4591	4932	4993	4907	
6	4591	4677	4572	4907	4993	4888	
6	4572	4574	4592	4888	4890	4908	
6	4600	4574	4573	4916	4890	4889	
6	4591	4572	4592	4907	4888	4908	
6	4573	4572	4677	4889	4888	4993	
6	4646	4587	4679	4962	4903	4995	
6	4571	4713	4647	4887	5029	4963	
6	4499	4736	4502	4815	5052	4818	
6	4502	4736	4733	4818	5052	5049	
6	4580	4646	4679	4896	4962	4995	
6	4736	4490	4509	5052	4806	4825	
6	4571	4647	4646	4887	4963	4962	
6	4671	4702	4735	4987	5018	5051	
6	4638	4637	4659	4954	4953	4975	
6	4636	4671	4637	4952	4987	4953	
6	4531	4739	4660	4847	5055	4976	
6	4739	4668	4660	5055	4984	4976	
6	4658	4657	4665	4974	4973	4981	
6	4672	4657	4659	4988	4973	4975	
6	4661	4735	4537	4977	5051	4853	
6	4656	4667	4666	4972	4983	4982	
6	4735	4661	4672	5051	4977	4988	
6	4657	4661	4660	4973	4977	4976	
6	4531	4533	4739	4847	4849	5055	
6	4739	4533	4668	5055	4849	4984	
6	4718	4538	4539	5034	4854	4855	
6	4699	4718	4698	5015	5034	5014	
6	4665	4660	4667	4981	4976	4983	
6	4668	4667	4660	4984	4983	4976	
6	4666	4668	4700	4982	4984	5016	
6	4533	4538	4699	4849	4854	5015	
6	4668	4533	4699	4984	4849	5015	
6	4717	4700	4698	5033	5016	5014	
6	4538	4718	4699	4854	5034	5015	
6	4698	4522	4717	5014	4838	5033	
6	4539	4523	4718	4855	4839	5034	
6	4699	4698	4700	5015	5014	5016	
6	4603	4605	4459	4919	4921	4775	
6	4460	4605	4708	4776	4921	5024	
6	4604	4708	4605	4920	5024	4921	
6	4453	4603	4459	4769	4919	4775	
6	4604	4603	4705	4920	4919	5021	
6	4664	4663	4529	4980	4979	4845	
6	4530	4663	4716	4846	4979	5032	
6	4662	4716	4663	4978	5032	4979	
6	4485	4664	4529	4801	4980	4845	
6	4662	4664	4715	4978	4980	5031	
CELL_TYPES 9090
13 13 13 13 13 13 13 13 13 13 13 13 13 13 13 13 13 13 13 13 13 13 13 13 13 13 13 13 13 13 13 13 13 13 13 13 13 13 13 13 13 13 13 13 13 13 13 13 13 13 13 13 13 13 13 13 13 13 13 13 13 13 13 13 13 13 13 13 13 13 13 13 13 13 13 13 13 13 13 13 13 13 13 13 13 13 13 13 13 13 13 13 13 13 13 13 13 13 13 13 13 13 13 13 13 13 13 13 13 13 13 13 13 13 13 13 13 13 13 13 13 13 13 13 13 13 13 13 13 13 13 13 13 13 13 13 13 13 13 13 13 13 13 13 13 13 13 13 13 13 13 13 13 13 13 13 13 13 13 13 13 13 13 13 13 13 13 13 13 13 13 13 13 13 13 13 13 13 13 13 13 13 13 13 13 13 13 13 13 13 13 13 13 13 13 13 13 13 13 13 13 13 13 13 13 13 13 13 13 13 13 13 13 13 13 13 13 13 13 13 13 13 13 13 13 13 13 13 13 13 13 13 13 13 13 13 13 13 13 13 13 13 13 13 13 13 13 13 13 13 13 13 13 13 13 13 13 13 13 13 13 13 13 13 13 13 13 13 13 13 13 13 13 13 13 13 13 13 13 13 13 13 13 13 13 13 13 13 13 13 13 13 13 13 13 13 13 13 13 13 13 13 13 13 13 13 13 13 13 13 13 13 13 13 13 13 13 13 13 13 13 13 13 13 13 13 13 13 13 13 13 13 13 13 13 13 13 13 13 13 13 13 13 13 13 13 13 13 13 13 13 13 13 13 13 13 13 13 13 13 13 13 13 13 13 13 13 13 13 13 13 13 13 13 13 13 13 13 13 13 13 13 13 13 13 13 13 13 13 13 13 13 13 13 13 13 13 13 13 13 13 13 13 13 13 13 13 13 13 13 13 13 13 13 13 13 13 13 13 13 13 13 13 13 13 13 13 13 13 13 13 13 13 13 13 13 13 13 13 13 13 13 13 13 13 13 13 13 13 13 13 13 13 13 13 13 13 13 13 13 13 13 13 13 13 13 13 13 13 13 13 13 13 13 13 13 13 13 13 13 13 13 13 13 13 13 13 13 13 13 13 13 13 13 13 13 13 13 13 13 13 13 13 13 13 13 13 13 13 13 13 13 13 13 13 13 13 13 13 13 13 13 13 13 13 13 13 13 13 13 13 13 13 13 13 13 13 13 13 13 13 13 13 13 13 13 13 13 13 13 13 13 13 13 13 13 13 13 13 13 13 13 13 13 13 13 13 13 13 13 13 13 13 13 13 13 13 13 13 13 13 13 13 13 13 13 13 13 13 13 13 13 13 13 13 13 13 13 13 13 13 13 13 13 13 13 13 13 13 13 13 13 13 13 13 13 13 13 13 13 13 13 13 13 13 13 13 13 13 13 13 13 13 13 13 13 13 13 13 13 13 13 13 13 13 13 13 13 13 13 13 13 13 13 13 13 13 13 13 13 13 13 13 13 13 13 13 13 13 13 13 13 13 13 13 13 13 13 13 13 13 13 13 13 13 13 13 13 13 13 13 13 13 13 13 13 13 13 13 13 13 13 13 13 13 13 13 13 13 13 13 13 13 13 13 13 13 13 13 13 13 13 13 13 13 13 13 13 13 13 13 13 13 13 13 13 13 13 13 13 13 13 13 13 13 13 13 13 13 13 13 13 13 13 13 13 13 13 13 13 13 13 13 13 13 13 13 13 13 13 13 13 13 13 13 13 13 13 13 13 13 13 13 13 13 13 13 13 13 13 13 13 13 13 13 13 13 13 13 13 13 13 13 13 13 13 13 13 13 13 13 13 13 13 13 13 13 13 13 13 13 13 13 13 13 13 13 13 13 13 13 13 13 13 13 13 13 13 13 13 13 13 13 13 13 13 13 13 13 13 13 13 13 13 13 13 13 13 13 13 13 13 13 13 13 13 13 13 13 13 13 13 13 13 13 13 13 13 13 13 13 13 13 13 13 13 13 13 13 13 13 13 13 13 13 13 13 13 13 13 13 13 13 13 13 13 13 13 13 13 13 13 13 13 13 13 13 13 13 13 13 13 13 13 13 13 13 13 13 13 13 13 13 13 13 13 13 13 13 13 13 13 13 13 13 13 13 13 13 13 13 13 13 13 13 13 13 13 13 13 13 13 13 13 13 13 13 13 13 13 13 13 13 13 13 13 13 13 13 13 13 13 13 13 13 13 13 13 13 13 13 13 13 13 13 13 13 13 13 13 13 13 13 13 13 13 13 13 13 13 13 13 13 13 13 13 13 13 13 13 13 13 13 13 13 13 13 13 13 13 13 13 13 13 13 13 13 13 13 13 13 13 13 13 13 13 13 13 13 13 13 13 13 13 13 13 13 13 13 13 13 13 13 13 13 13 13 13 13 13 13 13 13 13 13 13 13 13 13 13 13 13 13 13 13 13 13 13 13 13 13 13 13 13 13 13 13 13 13 13 13 13 13 13 13 13 13 13 13 13 13 13 13 13 13 13 13 13 13 13 13 13 13 13 13 13 13 13 13 13 13 13 13 13 13 13 13 13 13 13 13 13 13 13 13 13 13 13 13 13 13 13 13 13 13 13 13 13 13 13 13 13 13 13 13 13 13 13 13 13 13 13 13 13 13 13 13 13 13 13 13 13 13 13 13 13 13 13 13 13 13 13 13 13 13 13 13 13 13 13 13 13 13 13 13 13 13 13 13 13 13 13 13 13 13 13 13 13 13 13 13 13 13 13 13 13 13 13 13 13 13 13 13 13 13 13 13 13 13 13 13 13 13 13 13 13 13 13 13 13 13 13 13 13 13 13 13 13 13 13 13 13 13 13 13 13 13 13 13 13 13 13 13 13 13 13 13 13 13 13 13 13 13 13 13 13 13 13 13 13 13 13 13 13 13 13 13 13 13 13 13 13 13 13 13 13 13 13 13 13 13 13 13 13 13 13 13 13 13 13 13 13 13 13 13 13 13 13 13 13 13 13 13 13 13 13 13 13 13 13 13 13 13 13 13 13 13 13 13 13 13 13 13 13 13 13 13 13 13 13 13 13 13 13 13 13 13 13 13 13 13 13 13 13 13 13 13 13 13 13 13 13 13 13 13 13 13 13 13 13 13 13 13 13 13 13 13 13 13 13 13 13 13 13 13 13 13 13 13 13 13 13 13 13 13 13 13 13 13 13 13 13 13 13 13 13 13 13 13 13 13 13 13 13 13 13 13 13 13 13 13 13 13 13 13 13 13 13 13 13 13 13 13 13 13 13 13 13 13 13 13 13 13 13 13 13 13 13 13 13 13 13 13 13 13 13 13 13 13 13 13 13 13 13 13 13 13 13 13 13 13 13 13 13 13 13 13 13 13 13 13 13 13 13 13 13 13 13 13 13 13 13 13 13 13 13 13 13 13 13 13 13 13 13 13 13 13 13 13 13 13 13 13 13 13 13 13 13 13 13 13 13 13 13 13 13 13 13 13 13 13 13 13 13 13 13 13 13 13 13 13 13 13 13 13 13 13 13 13 13 13 13 13 13 13 13 13 13 13 13 13 13 13 13 13 13 13 13 13 13 13 13 13 13 13 13 13 13 13 13 13 13 13 13 13 13 13 13 13 13 13 13 13 13 13 13 13 13 13 13 13 13 13 13 13 13 13 13 13 13 13 13 13 13 13 13 13 13 13 13 13 13 13 13 13 13 13 13 13 13 13 13 13 13 13 13 13 13 13 13 13 13 13 13 13 13 13 13 13 13 13 13 13 13 13 13 13 13 13 13 13 13 13 13 13 13 13 13 13 13 13 13 13 13 13 13 13 13 13 13 13 13 13 13 13 13 13 13 13 13 13 13 13 13 13 13 13 13 13 13 13 13 13 13 13 13 13 13 13 13 13 13 13 13 13 13 13 13 13 13 13 13 13 13 13 13 13 13 13 13 13 13 13 13 13 13 13 13 13 13 13 13 13 13 13 13 13 13 13 13 13 13 13 13 13 13 13 13 13 13 13 13 13 13 13 13 13 13 13 13 13 13 13 13 13 13 13 13 13 13 13 13 13 13 13 13 13 13 13 13 13 13 13 13 13 13 13 13 13 13 13 13 13 13 13 13 13 13 13 13 13 13 13 13 13 13 13 13 13 13 13 13 13 13 13 13 13 13 13 13 13 13 13 13 13 13 13 13 13 13 13 13 13 13 13 13 13 13 13 13 13 13 13 13 13 13 13 13 13 13 13 13 13 13 13 13 13 13 13 13 13 13 13 13 13 13 13 13 13 13 13 13 13 13 13 13 13 13 13 13 13 13 13 13 13 13 13 13 13 13 13 13 13 13 13 13 13 13 13 13 13 13 13 13 13 13 13 13 13 13 13 13 13 13 13 13 13 13 13 13 13 13 13 13 13 13 13 13 13 13 13 13 13 13 13 13 13 13 13 13 13 13 13 13 13 13 13 13 13 13 13 13 13 13 13 13 13 13 13 13 13 13 13 13 13 13 13 13 13 13 13 13 13 13 13 13 13 13 13 13 13 13 13 13 13 13 13 13 13 13 13 13 13 13 13 13 13 13 13 13 13 13 13 13 13 13 13 13 13 13 13 13 13 13 13 13 13 13 13 13 13 13 13 13 13 13 13 13 13 13 13 13 13 13 13 13 13 13 13 13 13 13 13 13 13 13 13 13 13 13 13 13 13 13 13 13 13 13 13 13 13 13 13 13 13 13 13 13 13 13 13 13 13 13 13 13 13 13 13 13 13 13 13 13 13 13 13 13 13 13 13 13 13 13 13 13 13 13 13 13 13 13 13 13 13 13 13 13 13 13 13 13 13 13 13 13 13 13 13 13 13 13 13 13 13 13 13 13 13 13 13 13 13 13 13 13 13 13 13 13 13 13 13 13 13 13 13 13 13 13 13 13 13 13 13 13 13 13 13 13 13 13 13 13 13 13 13 13 13 13 13 13 13 13 13 13 13 13 13 13 13 13 13 13 13 13 13 13 13 13 13 13 13 13 13 13 13 13 13 13 13 13 13 13 13 13 13 13 13 13 13 13 13 13 13 13 13 13 13 13 13 13 13 13 13 13 13 13 13 13 13 13 13 13 13 13 13 13 13 13 13 13 13 13 13 13 13 13 13 13 13 13 13 13 13 13 13 13 13 13 13 13 13 13 13 13 13 13 13 13 13 13 13 13 13 13 13 13 13 13 13 13 13 13 13 13 13 13 13 13 13 13 13 13 13 13 13 13 13 13 13 13 13 13 13 13 13 13 13 13 13 13 13 13 13 13 13 13 13 13 13 13 13 13 13 13 13 13 13 13 13 13 13 13 13 13 13 13 13 13 13 13 13 13 13 13 13 13 13 13 13 13 13 13 13 13 13 13 13 13 13 13 13 13 13 13 13 13 13 13 13 13 13 13 13 13 13 13 13 13 13 13 13 13 13 13 13 13 13 13 13 13 13 13 13 13 13 13 13 13 13 13 13 13 13 13 13 13 13 13 13 13 13 13 13 13 13 13 13 13 13 13 13 13 13 13 13 13 13 13 13 13 13 13 13 13 13 13 13 13 13 13 13 13 13 13 13 13 13 13 13 13 13 13 13 13 13 13 13 13 13 13 13 13 13 13 13 13 13 13 13 13 13 13 13 13 13 13 13 13 13 13 13 13 13 13 13 13 13 13 13 13 13 13 13 13 13 13 13 13 13 13 13 13 13 13 13 13 13 13 13 13 13 13 13 13 13 13 13 13 13 13 13 13 13 13 13 13 13 13 13 13 13 13 13 13 13 13 13 13 13 13 13 13 13 13 13 13 13 13 13 13 13 13 13 13 13 13 13 13 13 13 13 13 13 13 13 13 13 13 13 13 13 13 13 13 13 13 13 13 13 13 13 13 13 13 13 13 13 13 13 13 13 13 13 13 13 13 13 13 13 13 13 13 13 13 13 13 13 13 13 13 13 13 13 13 13 13 13 13 13 13 13 13 13 13 13 13 13 13 13 13 13 13 13 13 13 13 13 13 13 13 13 13 13 13 13 13 13 13 13 13 13 13 13 13 13 13 13 13 13 13 13 13 13 13 13 13 13 13 13 13 13 13 13 13 13 13 13 13 13 13 13 13 13 13 13 13 13 13 13 13 13 13 13 13 13 13 13 13 13 13 13 13 13 13 13 13 13 13 13 13 13 13 13 13 13 13 13 13 13 13 13 13 13 13 13 13 13 13 13 13 13 13 13 13 13 13 13 13 13 13 13 13 13 13 13 13 13 13 13 13 13 13 13 13 13 13 13 13 13 13 13 13 13 13 13 13 13 13 13 13 13 13 13 13 13 13 13 13 13 13 13 13 13 13 13 13 13 13 13 13 13 13 13 13 13 13 13 13 13 13 13 13 13 13 13 13 13 13 13 13 13 13 13 13 13 13 13 13 13 13 13 13 13 13 13 13 13 13 13 13 13 13 13 13 13 13 13 13 13 13 13 13 13 13 13 13 13 13 13 13 13 13 13 13 13 13 13 13 13 13 13 13 13 13 13 13 13 13 13 13 13 13 13 13 13 13 13 13 13 13 13 13 13 13 13 13 13 13 13 13 13 13 13 13 13 13 13 13 13 13 13 13 13 13 13 13 13 13 13 13 13 13 13 13 13 13 13 13 13 13 13 13 13 13 13 13 13 13 13 13 13 13 13 13 13 13 13 13 13 13 13 13 13 13 13 13 13 13 13 13 13 13 13 13 13 13 13 13 13 13 13 13 13 13 13 13 13 13 13 13 13 13 13 13 13 13 13 13 13 13 13 13 13 13 13 13 13 13 13 13 13 13 13 13 13 13 13 13 13 13 13 13 13 13 13 13 13 13 13 13 13 13 13 13 13 13 13 13 13 13 13 13 13 13 13 13 13 13 13 13 13 13 13 13 13 13 13 13 13 13 13 13 13 13 13 13 13 13 13 13 13 13 13 13 13 13 13 13 13 13 13 13 13 13 13 13 13 13 13 13 13 13 13 13 13 13 13 13 13 13 13 13 13 13 13 13 13 13 13 13 13 13 13 13 13 13 13 13 13 13 13 13 13 13 13 13 13 13 13 13 13 13 13 13 13 13 13 13 13 13 13 13 13 13 13 13 13 13 13 13 13 13 13 13 13 13 13 13 13 13 13 13 13 13 13 13 13 13 13 13 13 13 13 13 13 13 13 13 13 13 13 13 13 13 13 13 13 13 13 13 13 13 13 13 13 13 13 13 13 13 13 13 13 13 13 13 13 13 13 13 13 13 13 13 13 13 13 13 13 13 13 13 13 13 13 13 13 13 13 13 13 13 13 13 13 13 13 13 13 13 13 13 13 13 13 13 13 13 13 13 13 13 13 13 13 13 13 13 13 13 13 13 13 13 13 13 13 13 13 13 13 13 13 13 13 13 13 13 13 13 13 13 13 13 13 13 13 13 13 13 13 13 13 13 13 13 13 13 13 13 13 13 13 13 13 13 13 13 13 13 13 13 13 13 13 13 13 13 13 13 13 13 13 13 13 13 13 13 13 13 13 13 13 13 13 13 13 13 13 13 13 13 13 13 13 13 13 13 13 13 13 13 13 13 13 13 13 13 13 13 13 13 13 13 13 13 13 13 13 13 13 13 13 13 13 13 13 13 13 13 13 13 13 13 13 13 13 13 13 13 13 13 13 13 13 13 13 13 13 13 13 13 13 13 13 13 13 13 13 13 13 13 13 13 13 13 13 13 13 13 13 13 13 13 13 13 13 13 13 13 13 13 13 13 13 13 13 13 13 13 13 13 13 13 13 13 13 13 13 13 13 13 13 13 13 13 13 13 13 13 13 13 13 13 13 13 13 13 13 13 13 13 13 13 13 13 13 13 13 13 13 13 13 13 13 13 13 13 13 13 13 13 13 13 13 13 13 13 13 13 13 13 13 13 13 13 13 13 13 13 13 13 13 13 13 13 13 13 13 13 13 13 13 13 13 13 13 13 13 13 13 13 13 13 13 13 13 13 13 13 13 13 13 13 13 13 13 13 13 13 13 13 13 13 13 13 13 13 13 13 13 13 13 13 13 13 13 13 13 13 13 13 13 13 13 13 13 13 13 13 13 13 13 13 13 13 13 13 13 13 13 13 13 13 13 13 13 13 13 13 13 13 13 13 13 13 13 13 13 13 13 13 13 13 13 13 13 13 13 13 13 13 13 13 13 13 13 13 13 13 13 13 13 13 13 13 13 13 13 13 13 13 13 13 13 13 13 13 13 13 13 13 13 13 13 13 13 13 13 13 13 13 13 13 13 13 13 13 13 13 13 13 13 13 13 13 13 13 13 13 13 13 13 13 13 13 13 13 13 13 13 13 13 13 13 13 13 13 13 13 13 13 13 13 13 13 13 13 13 13 13 13 13 13 13 13 13 13 13 13 13 13 13 13 13 13 13 13 13 13 13 13 13 13 13 13 13 13 13 13 13 13 13 13 13 13 13 13 13 13 13 13 13 13 13 13 13 13 13 13 13 13 13 13 13 13 13 13 13 13 13 13 13 13 13 13 13 13 13 13 13 13 13 13 13 13 13 13 13 13 13 13 13 13 13 13 13 13 13 13 13 13 13 13 13 13 13 13 13 13 13 13 13 13 13 13 13 13 13 13 13 13 13 13 13 13 13 13 13 13 13 13 13 13 13 13 13 13 13 13 13 13 13 13 13 13 13 13 13 13 13 13 13 13 13 13 13 13 13 13 13 13 13 13 13 13 13 13 13 13 13 13 13 13 13 13 13 13 13 13 13 13 13 13 13 13 13 13 13 13 13 13 13 13 13 13 13 13 13 13 13 13 13 13 13 13 13 13 13 13 13 13 13 13 13 13 13 13 13 13 13 13 13 13 13 13 13 13 13 13 13 13 13 13 13 13 13 13 13 13 13 13 13 13 13 13 13 13 13 13 13 13 13 13 13 13 13 13 13 13 13 13 13 13 13 13 13 13 13 13 13 13 13 13 13 13 13 13 13 13 13 13 13 13 13 13 13 13 13 13 13 13 13 13 13 13 13 13 13 13 13 13 13 13 13 13 13 13 13 13 13 13 13 13 13 13 13 13 13 13 13 13 13 13 13 13 13 13 13 13 13 13 13 13 13 13 13 13 13 13 13 13 13 13 13 13 13 13 13 13 13 13 13 13 13 13 13 13 13 13 13 13 13 13 13 13 13 13 13 13 13 13 13 13 13 13 13 13 13 13 13 13 13 13 13 13 13 13 13 13 13 13 13 13 13 13 13 13 13 13 13 13 13 13 13 13 13 13 13 13 13 13 13 13 13 13 13 13 13 13 13 13 13 13 13 13 13 13 13 13 13 13 13 13 13 13 13 13 13 13 13 13 13 13 13 13 13 13 13 13 13 13 13 13 13 13 13 13 13 13 13 13 13 13 13 13 13 13 13 13 13 13 13 13 13 13 13 13 13 13 13 13 13 13 13 13 13 13 13 13 13 13 13 13 13 13 13 13 13 13 13 13 13 13 13 13 13 13 13 13 13 13 13 13 13 13 13 13 13 13 13 13 13 13 13 13 13 13 13 13 13 13 13 13 13 13 13 13 13 13 13 13 13 13 13 13 13 13 13 13 13 13 13 13 13 13 13 13 13 13 13 13 13 13 13 13 13 13 13 13 13 13 13 13 13 13 13 13 13 13 13 13 13 13 13 13 13 13 13 13 13 13 13 13 13 13 13 13 13 13 13 13 13 13 13 13 13 13 13 13 13 13 13 13 13 13 13 13 13 13 13 13 13 13 13 13 13 13 13 13 13 13 13 13 13 13 13 13 13 13 13 13 13 13 13 13 13 13 13 13 13 13 13 13 13 13 13 13 13 13 13 13 13 13 13 13 13 13 13 13 13 13 13 13 13 13 13 13 13 13 13 13 13 13 13 13 13 13 13 13 13 13 13 13 13 13 13 13 13 13 13 13 13 13 13 13 13 13 13 13 13 13 13 13 13 13 13 13 13 13 13 13 13 13 13 13 13 13 13 13 13 13 13 13 13 13 13 13 13 13 13 13 13 13 13 13 13 13 13 13 13 13 13 13 13 13 13 13 13 13 13 13 13 13 13 13 13 13 13 13 13 13 13 13 13 13 13 13 13 13 13 13 13 13 13 13 13 13 13 13 13 13 13 13 13 13 13 13 13 13 13 13 13 13 13 13 13 13 13 13 13 13 13 13 13 13 13 13 13 13 13 13 13 13 13 13 13 13 13 13 13 13 13 13 13 13 13 13 13 13 13 13 13 13 13 13 13 13 13 13 13 13 13 13 13 13 13 13 13 13 13 13 13 13 13 13 13 13 13 13 13 13 13 13 13 13 13 13 13 13 13 13 13 13 13 13 13 13 13 13 13 13 13 13 13 13 13 13 13 13 13 13 13 13 13 13 13 13 13 13 13 13 13 13 13 13 13 13 13 13 13 13 13 13 13 13 13 13 13 13 13 13 13 13 13 13 13 13 13 13 13 13 13 13 13 13 13 13 13 13 13 13 13 13 13 13 13 13 13 13 13 13 13 13 13 13 13 13 13 13 13 13 13 13 13 13 13 13 13 13 13 13 13 13 13 13 13 13 13 13 13 13 13 13 13 13 13 13 13 13 13 13 13 13 13 13 13 13 13 13 13 13 13 13 13 13 13 13 13 13 13 13 13 13 13 13 13 13 13 13 13 13 13 13 13 13 13 13 13 13 13 13 13 13 13 13 13 13 13 13 13 13 13 13 13 13 13 13 13 13 13 13 13 13 13 13 13 13 13 13 13 13 13 13 13 13 13 13 13 13 13 13 13 13 13 13 13 13 13 13 13 13 13 13 13 13 13 13 13 13 13 13 13 13 13 13 13 13 13 13 13 13 13 13 13 13 13 13 13 13 13 13 13 13 13 13 13 13 13 13 13 13 13 13 13 13 13 13 13 13 13 13 13 13 13 13 13 13 13 13 13 13 13 13 13 13 13 13 13 13 13 13 13 13 13 13 13 13 13 13 13 13 13 13 13 13 13 13 13 13 13 13 13 13 13 13 13 13 13 13 13 13 13 13 13 13 13 13 13 13 13 13 13 13 13 13 13 13 13 13 13 13 13 13 13 13 13 13 13 13 13 13 13 13 13 13 13 13 13 13 13 13 13 13 13 13 13 13 13 13 13 13 13 13 13 13 13 13 13 13 13 13 13 13 13 13 13 13 13 13 13 13 13 13 13 13 13 13 13 13 13 13 13 13 13 13 13 13 13 13 13 13 13 13 13 13 13 13 13 13 13 13 13 13 13 13 13 13 13 13 13 13 13 13 13 13 13 13 13 13 13 13 13 13 13 13 13 13 13 13 13 13 13 13 13 13 13 13 13 13 13 13 13 13 13 13 13 13 13 13 13 13 13 13 13 13 13 13 13 13 13 13 13 13 13 13 13 13 13 13 13 13 13 13 13 13 13 13 13 13 13 13 13 13 13 13 13 13 13 13 13 13 13 13 13 13 13 13 13 13 13 13 13 13 13 13 13 13 13 13 13 13 13 13 13 13 13 13 13 13 13 13 13 13 13 13 13 13 13 13 13 13 13 13 13 13 13 13 13 13 13 13 13 13 13 13 13 13 13 13 13 13 13 13 13 13 13 13 13 13 13 13 13 13 13 13 13 13 13 13 13 13 13 13 13 13 13 13 13 13 13 13 13 13 13 13 13 13 13 13 13 13 13 13 13 13 13 13 13 13 13 13 13 13 13 13 13 13 13 13 13 13 13 13 13 13 13 13 13 13 13 13 13 13 13 13 13 13 13 13 13 13 13 13 13 13 13 13 13 13 13 13 13 13 13 13 13 13 13 13 13 13 13 13 13 13 13 13 13 13 13 13 13 13 13 13 13 13 13 13 13 13 13 13 13 13 13 13 13 13 13 13 13 13 13 13 13 13 13 13 13 13 13 13 13 13 13 13 13 13 13 13 13 13 13 13 13 13 13 13 13 13 13 13 13 13 13 13 13 13 13 13 13 13 13 13 13 13 13 13 13 13 13 13 13 13 13 13 13 13 13 13 13 13 13 13 13 13 13 13 13 13 13 13 13 13 13 13 13 13 13 13 13 13 13 13 13 13 13 13 13 13 13 13 13 13 13 13 13 13 13 13 13 13 13 13 13 13 13 13 13 13 13 13 13 13 13 13 13 13 13 13 13 13 13 13 13 13 13 13 13 13 13 13 13 13 13 13 13 13 13 13 13 13 13 13 13 13 13 13 13 13 13 13 13 13 13 13 13 13 13 13 13 13 13 13 13 13 13 13 13 13 13 13 13 13 13 13 13 13 13 13 13 13 13 13 13 13 13 13 13 13 13 13 13 13 13 13 13 13 13 13 13 13 13 13 13 13 13 13 13 13 13 13 13 13 13 13 13 13 13 13 13 13 13 13 13 13 13 13 13 13 13 13 13 13 13 13 13 13 13 13 13 13 13 13 13 13 13 13 13 13 13 13 13 13 13 13 13 13 13 13 13 13 13 13 13 13 13 13 13 13 13 13 13 13 13 13 13 13 13 13 13 13 13 13 13 13 13 13 13 13 13 13 13 13 13 13 13 13 13 13 13 13 13 13 13 13 13 13 13 13 13 13 13 13 13 13 13 13 13 13 13 13 13 13 13 13 13 13 13 13 13 13 13 13 13 13 13 13 13 13 13 13 13 13 13 13 13 13 13 13 13 13 13 13 13 13 13 13 13 13 13 13 13 13 13 13 13 13 13 13 13 13 13 13 13 13 13 13 13 13 13 13 13 13 13 13 13 13 13 13 13 13 13 13 13 13 13 13 13 13 13 13 13 13 13 13 13 13 13 13 13 13 13 13 13 13 13 13 13 13 13 13 13 13 13 13 13 13 13 13 13 13 13 13 13 13 13 13 13 13 13 13 13 13 13 13 13 13 13 13 13 13 13 13 13 13 13 13 13 13 13 13 13 13 13 13 13 13 13 13 13 13 13 13 13 13 13 13 13 13 13 13 13 13 13 13 13 13 13 13 13 13 13 13 13 13 13 13 13 13 13 13 13 13 13 13 13 13 13 13 13 13 13 13 13 13 13 13 13 13 13 13 13 13 13 13 13 13 13 13 13 13 13 13 13 13 13 13 13 13 13 13 13 13 13 13 13 13 13 13 13 13 13 13 13 13 13 13 13 13 13 13 13 13 13 13 13 13 13 13 13 13 13 13 13 13 13 13 13 13 13 13 13 13 13 13 13 13 13 13 13 13 13 13 13 13 13 13 13 13 13 13 13 13 13 13 13 13 13 13 13 13 13 13 13 13 13 13 13 13 13 13 13 13 13 13 13 13 13 13 13 13 13 13 13 13 13 13 13 13 13 13 13 13 13 13 13 13 13 13 13 13 13 13 13 13 13 13 13 13 13 13 13 13 13 13 13 13 13 13 13 13 13 13 13 13 13 13 13 13 13 13 13 13 13 13 13 13 13 13 13 13 13 13 13 13 13 13 13 13 13 13 13 13 13 13 13 13 13 13 13 13 13 13 13 13 13 13 13 13 13 13 13 13 13 13 13 13 13 13 13 13 13 13 13 13 13 13 13 13 13 13 13 13 13 13 13 13 13 13 13 13 13 13 13 13 13 13 13 13 13 13 13 13 13 13 13 13 13 13 13 13 13 13 13 13 13 13 13 13 13 13 13 13 13 13 13 13 13 13 13 13 13 13 13 13 13 13 13 13 13 13 13 13 13 13 13 13 13 13 13 13 13 13 13 13 13 13 13 13 13 13 13 13 13 13 13 13 13 13 13 13 13 13 13 13 13 13 13 13 13 13 13 13 13 13 13 13 13 13 13 13 13 13 13 13 13 13 13 13 13 13 13 13 13 13 13 13 13 13 13 13 13 13 13 13 13 13 13 13 13 13 13 13 13 13 13 13 13 13 13 13 13 13 13 13 13 13 13 13 13 13 13 13 13 13 13 13 13 13 13 13 13 13 13 13 13 13 13 13 13 13 13 13 13 13 13 13 13 13 13 13 13 13 13 13 13 13 13 13 13 13 13 13 13 13 13 13 13 13 13 13 13 13 13 13 13 13 13 13 13 13 13 13 13 13 13 13 13 13 13 13 13 13 13 13 13 13 13 13 13 13 13 13 13 13 13 13 13 13 13 13 13 13 13 13 13 13 13 13 13 13 13 13 13 13 13 13 13 13 13 13 13 13 13 13 13 13 13 13 13 13 13 13 13 13 13 13 13 13 13 13 13 13 13 13 13 13 13 13 13 13 13 13 13 13 13 13 13 13 13 13 13 13 13 13 13 13 13 13 13 13 13 13 13 13 13 13 13 13 13 13 13 13 13 13 13 13 13 13 13 13 13 13 13 13 13 13 13 13 13 13 13 13 13 13 13 13 13 13 13 13 13 13 13 13 13 13 13 13 13 13 13 13 13 13 13 13 13 13 13 13 13 13 13 13 13 13 13 13 13 13 13 13 13 13 13 13 13 13 13 13 13 13 13 13 13 13 13 13 13 13 13 13 13 13 13 13 13 13 13 13 13 13 13 13 13 13 13 13 13 13 13 13 13 13 13 13 13 13 13 13 13 13 13 13 13 13 13 13 13 13 13 13 13 13 13 13 13 13 13 13 13 13 13 13 13 13 13 13 13 13 13 13 13 13 13 13 13 13 13 13 13 13 13 13 13 13 13 13 13 13 13 13 13 13 13 13 13 13 13 13 13 13 13 13 13 13 13 13 13 13 13 13 13 13 13 13 13 13 13 13 13 13 13 13 13 13 13 13 13 13 13 13 13 13 13 13 13 13 13 13 13 13 13 13 13 13 13 13 13 13 13 13 13 13 13 13 13 13 13 13 13 13 13 13 13 13 13 13 13 13 13 13 13 13 13 13 13 13 13 13 13 13 13 13 13 13 13 13 13 13 13 13 13 13 13 13 13 13 13 13 13 13 13 13 13 13 13 13 13 13 13 13 13 13 13 13 13 13 13 13 13 13 13 13 13 13 13 13 13 13 13 13 13 13 13 13 13 13 13 13 13 13 13 13 13 13 13 13 13 13 13 13 13 13 13 13 13 13 13 13 13 13 13 13 13 13 13 13 13 13 13 13 13 13 13 13 13 13 13 13 13 13 13 13 13 13 13 13 13 13 13 13 13 13 13 13 13 13 13 13 13 13 13 13 13 13 13 13 13 13 13 13 13 13 13 13 13 13 13 13 13 13 13 13 13 13 13 13 13 13 13 13 13 13 13 13 13 13 13 13 13 13 13 13 13 13 13 13 13 13 13 13 13 13 13 13 13 13 13 13 13 13 13 13 13 13 13 13 13 13 13 13 13 13 13 13 13 13 13 13 13 13 13 13 13 13 13 13 13 13 13 13 13 13 13 13 13 13 13 13 13 13 13 13 13 13 13 13 13 13 13 13 13 13 13 13 13 13 13 13 13 13 13 13 13 13 13 13 13 13 13 13 13 13 13 13 13 13 13 13 13 13 13 13 13 13 13 13 13 13 13 13 13 13 13 13 13 13 13 13 13 13 13 13 13 13 13 13 13 13 13 13 13 13 13 13 13 13 13 13 13 13 13 13 13 13 13 13 13 13 13 13 13 13 13 13 13 13 13 13 13 13 13 13 13 13 13 13 13 13 13 13 13 13 13 13 13 13 13 13 13 13 13 13 13 13 13 13 13 13 13 13 13 13 13 13 13 13 13 13 13 13 13 13 13 13 13 13 13 13 13 13 13 13 13 13 13 13 13 13 13 13 13 13 13 13 13 13 13 13 13 13 13 13 13 13 13 13 13 13 13 13 13 13 13 13 13 13 13 13 13 13 13 13 13 13 13 13 13 13 13 13 13 13 13 13 13 13 13 13 13 13 13 13 13 13 13 13 13 13 13 13 13 13 13 13 13 13 13 13 13 13 13 13 13 13 13 13 13 13 13 13 13 13 13 13 13 13 13 13 13 13 13 13 13 13 13 13 13 13 13 13 13 13 13 13 13 13 13 13 13 13 13 13 13 13 13 13 13 13 13 13 13 13 13 13 13 13 13 13 13 13 13 13 13 13 13 13 13 13 13 13 13 13 13 13 13 13 13 13 13 13 13 13 13 13 13 13 13 13 13 13 13 13 13 13 13 13 13 13 13 13 13 13 13 13 13 13 13 13 13 13 13 13 13 13 13 13 13 13 13 13 13 13 13 13 13 13 13 13 13 13 13 13 13 13 13 13 13 13 13 13 13 13 13 13 13 13 13 13 13 13 13 13 13 13 13 13 13 13 13 13 13 13 13 13 13 13 13 13 13 13 13 13 13 13 13 13 13 13 13 13 13 13 13 13 13 13 13 13 13 13 13 13 13 13 13 13 13 13 13 13 13 13 13 13 13 13 13 13 13 13 13 13 13 13 13 13 13 13 13 13 13 13 13 13 13 13 13 13 13 13 13 13 13 13 13 13 13 13 13 13 13 13 13 13 13 13 13 13 13 13 13 13 13 13 13 13 13 13 13 13 13 13 13 13 13 13 13 13 13 13 13 13 13 13 13 13 13 13 13 13 13 13 13 13 13 13 13 13 13 13 13 13 13 13 13 13 13 13 13 13 13 13 13 13 13 13 13 13 13 13 13 13 13 13 13 13 13 13 13 13 13 13 13 13 13 13 13 13 13 13 13 13 13 13 13 13 13 13 13 13 13 13 13 13 13 13 13 13 13 13 13 13 13 13 13 13 13 13 13 13 13 13 13 13 13 13 13 13 13 13 13 13 13 13 13 13 13 13 13 13 13 13 13 13 13 13 13 13 13 13 13 13 13 13 13 13 13 13 13 13 13 13 13 13 13 13 13 13 13 13 13 13 13 13 13 13 13 13 13 13 13 13 13 13 13 13 13 13 13 13 13 13 13 13 13 13 13 13 13 13 13 13 13 13 13 13 13 13 13 13 13 13 13 13 13 13 13 13 13 13 13 13 13 13 13 13 13 13 13 13 13 13 13 13 13 13 13 13 13 13 13 13 13 13 13 13 13 13 13 13 13 13 13 13 13 13 13 13 13 13 13 13 13 13 13 13 13 13 13 13 13 13 13 13 13 13 13 13 13 13 13 13 13 13 13 13 13 13 13 13 13 13 13 13 13 13 13 13 13 13 13 13 13 13 13 13 13 13 13 13 13 13 13 13 13 13 13 13 13 13 13 13 13 13 13 13 13 13 13 13 13 13 13 13 13 13 13 13 13 13 13 13 13 13 13 13 13 13 13 13 13 13 13 13 13 13 13 13 13 13 13 13 13 13 13 13 13 13 13 13 13 13 13 13 13 13 13 13 13 13 13 13 13 13 13 13 13 13 13 13 13 13 13 13 13 13 13 13 13 13 13 13 13 13 13 13 13 13 13 13 13 13 13 13 13 13 13 13 13 13 13 13 13 13 13 13 13 13 13 13 13 13 13 13 13 13 13 13 13 13 13 13 13 13 13 13 13 13 13 13 13 13 13 13 13 13 13 13 13 13 13 13 13 13 13 13 13 13 13 13 13 13 13 13 13 13 13 13 13 13 13 13 13 13 13 13 13 13 13 13 13 13 13 13 13 13 13 13 13 13 13 13 13 13 13 13 13 13 13 13 13 13 13 13 13 13 13 13 13 13 13 13 13 13 13 13 13 13 13 13 13 13 13 13 13 13 13 13 13 13 13 13 13 13 13 13 13 13 13 13 13 13 13 13 13 13 13 13 13 13 13 13 13 13 13 13 13 13 13 13 13 13 13 13 13 13 13 13 13 13 13 13 13 13 13 13 13 13 13 13 13 13 13 13 13 13 13 13 13 13 13 13 13 13 13 13 13 13 13 13 13 13 13 13 13 13 13 13 13 13 13 13 13 13 13 13 13 13 13 13 13 13 13 13 13 13 13 13 13 13 13 13 13 13 13 13 13 13 13 13 13 13 13 13 13 13 13 13 13 13 13 13 13 13 13 13 13 13 13 13 13 13 13 13 13 13 13 13 13 13 13 13 13 13 13 13 13 13 13 13 13 13 13 13 13 13 13 13 13 13 13 13 13 13 13 13 13 13 13 13 13 13 13 13 13 13 13 13 13 13 13 13 13 13 13 13 13 13 13 13 13 13 13 13 13 13 13 13 13 13 13 13 13 13 13 13 13 13 13 13 13 13 13 13 13 13 13 13 13 13 13 13 13 13 13 13 13 13 13 13 13 13 13 13 13 13 13 13 13 13 13 13 13 13 13 13 13 13 13 13 13 13 13 13 13 13 13 13 13 13 13 13 13 13 13 13 13 13 13 13 13 13 13 13 13 13 13 13 13 13 13 13 13 13 13 13 13 13 13 13 13 13 13 13 13 13 13 13 13 13 13 13 13 13 13 13 13 13 13 13 13 13 13 13 13 13 13 13 13 13 13 13 13 13 13 13 13 13 13 13 13 13 13 13 13 13 13 13 13 13 13 13 13 13 13 13 13 13 13 13 13 13 13 13 13 13 13 13 13 13 13 13 13 13 13 13 13 13 13 13 13 13 13 13 13 13 13 13 13 13 13 13 13 13 13 13 13 13 13 13 13 13 13 13 13 13 13 13 13 13 13 13 13 13 13 13 13 13 13 13 13 13 13 13 13 13 13 13 13 13 13 13 13 13 13 13 13 13 13 13 13 13 13 13 13 13 13 13 13 13 13 13 13 13 13 13 13 13 13 13 13 13 13 13 13 13 13 13 13 13 13 13 13 13 13 13 13 13 13 13 13 13 13 13 13 13 13 13 13 13 13 13 13 13 13 13 13 13 13 13 13 13 13 13 13 13 13 13 13 13 13 13 13 13 13 13 13 13 13 13 13 13 13 13 13 13 13 13 13 13 13 13 13 13 13 13 13 13 13 13 13 13 13 13 13 13 13 13 13 13 13 13 13 13 13 13 13 13 13 13 13 13 13 13 13 13 13 13 13 13 13 13 13 13 13 13 13 13 13 13 13 13 13 13 13 13 13 13 13 13 13 13 13 13 13 13 13 13 13 13 13 13 13 13 13 13 13 13 13 13 13 13 13 13 13 13 13 13 13 13 13 13 13 13 13 13 13 13 13 13 13 13 13 13 13 13 13 13 13 13 13 13 13 13 13 13 13 13 13 13 13 13 13 13 13 13 13 13 13 13 13 13 13 13 13 13 13 13 13 13 13 13 13 13 13 13 13 13 13 13 13 13 13 13 13 13 13 13 13 13 13 13 13 13 13 13 13 13 13 13 13 13 13 13 13 13 13 13 13 13 13 13 13 13 13 13 13 13 13 13 13 13 13 13 13 13 13 13 13 13 13 13 13 13 13 13 13 13 13 13 13 13 13 13 13 13 13 13 13 13 13 13 13 13 13 13 13 13 13 13 13 13 13 13 13 13 13 13 13 13 13 13 13 13 13 13 13 13 13 13 13 13 13 13 13 13 13 13 13 13 13 13 13 13 13 13 13 13 13 13 13 13 13 13 13 13 13 13 13 13 13 13 13 13 13 13 13 13 13 13 13 13 13 13 13 13 13 13 13 13 13 13 13 13 13 13 13 13 13 13 13 13 13 13 13 13 13 13 13 13 13 13 13 13 13 13 13 13 13 13 13 13 13 13 13 13 13 13 13 13 13 13 13 13 13 13 13 13 13 13 13 13 13 13 13 13 13 13 13 13 13 13 13 13 13 13 13 13 13 13 13 13 13 13 13 13 13 13 13 13 13 13 13 13 13 13 13 13 13 13 13 13 13 13 13 13 13 13 13 13 13 13 13 13 13 13 13 13 13 13 13 13 13 13 13 13 13 13 13 13 13 13 13 13 13 13 13 13 13 13 13 13 13 13 13 13 13 13 13 13 13 13 13 13 13 13 13 13 13 13 13 13 13 13 13 13 13 13 13 13 13 13 13 13 13 13 13 13 13 13 13 13 13 13 13 13 13 13 13 13 13 13 13 13 13 13 13 13 13 13 13 13 13 13 13 13 13 13 13 13 13 13 13 13 13 13 13 13 13 13 13 13 13 13 13 13 13 13 13 13 13 13 13 13 13 13 13 13 13 13 13 13 13 13 13 13 13 13 13 13 13 13 13 13 13 13 13 13 13 13 13 13 13 13 13 13 13 13 13 13 13 13 13 13 13 13 13 13 13 13 13 13 13 13 13 13 13 13 13 13 13 13 13 13 13 13 13 13 13 13 13 13 13 13 13 13 13 13 13 13 13 13 13 13 13 13 13 13 13 13 13 13 13 13 13 13 13 13 13 13 13 13 13 13 13 13 13 13 13 13 13 13 13 13 13 13 13 13 13 13 13 13 13 13 13 13 13 13 13 13 13 13 13 13 13 13 13 13 13 13 13 13 13 13 13 13 13 13 13 13 13 13 13 13 13 13 13 13 13 13 13 13 13 13 13 13 13 13 13 13 13 13 13 13 13 13 13 13 13 13 13 13 13 13 13 13 13 13 13 13 13 13 13 13 13 13 13 13 13 13 13 13 13 13 13 13 13 13 13 13 13 13 
CELL_DATA 9090
SCALARS Marker double 1
LOOKUP_TABLE default
2 2 2 2 2 2 2 2 2 2 2 2 2 2 2 2 2 2 2 2 2 2 2 2 2 2 2 2 2 2 2 2 2 2 2 2 2 2 2 2 2 2 2 2 2 2 2 2 2 2 2 2 2 2 2 2 2 2 2 2 2 2 2 2 2 2 2 2 2 2 2 2 2 2 2 2 2 2 2 2 2 2 2 2 2 2 2 2 2 2 2 2 2 2 2 2 2 2 2 2 2 2 2 2 2 2 2 2 2 2 2 2 2 2 2 2 2 2 2 2 2 2 2 2 2 2 2 2 2 2 2 2 2 2 2 2 2 2 2 2 2 2 2 2 2 2 2 2 2 2 2 2 2 2 2 2 2 2 2 2 2 2 2 2 2 2 2 2 2 2 2 2 2 2 2 2 2 2 2 2 2 2 2 2 2 2 2 2 2 2 2 2 2 2 2 2 2 2 2 2 2 2 2 2 2 2 2 2 2 2 2 2 2 2 2 2 2 2 2 2 2 2 2 2 2 2 2 2 2 2 2 2 2 2 2 2 2 2 2 2 2 2 2 2 2 2 2 2 2 2 2 2 2 2 2 2 2 2 2 2 2 2 2 2 2 2 2 2 2 2 2 2 2 2 2 2 2 2 2 2 2 2 2 2 2 2 2 2 2 2 2 2 2 2 2 2 2 2 2 2 2 2 2 2 2 2 2 2 2 2 2 2 2 2 2 2 2 2 2 2 2 2 2 2 2 2 2 2 2 2 2 2 2 2 2 2 2 2 2 2 2 2 2 2 2 2 2 2 2 2 2 2 2 2 2 2 2 2 2 2 2 2 2 2 2 2 2 2 2 2 2 2 2 2 2 2 2 2 2 2 2 2 2 2 2 2 2 2 2 2 2 2 2 2 2 2 2 2 2 2 2 2 2 2 2 2 2 2 2 2 2 2 2 2 2 2 2 2 2 2 2 2 2 2 2 2 2 2 2 2 2 2 2 2 2 2 2 2 2 2 2 2 2 2 2 2 2 2 2 2 2 2 2 2 2 2 2 2 2 2 2 2 2 2 2 2 2 2 2 2 2 2 2 2 2 2 2 2 2 2 2 2 2 2 2 2 2 2 2 2 2 2 2 2 2 2 2 2 2 2 2 2 2 2 2 2 2 2 2 2 2 2 2 2 2 2 2 2 2 2 2 2 2 2 2 2 2 2 2 2 2 2 2 2 2 2 2 2 2 2 2 2 2 2 2 2 2 2 2 2 2 2 2 2 2 2 2 2 2 2 2 2 2 2 2 2 2 2 2 2 2 2 2 2 2 2 2 2 2 2 2 2 2 2 2 2 2 2 2 2 2 2 2 2 2 2 2 2 2 2 2 2 2 2 2 2 2 2 2 2 2 2 2 2 2 2 2 2 2 2 2 2 2 2 2 2 2 2 2 2 2 2 2 2 2 2 2 2 2 2 2 2 2 2 2 2 2 2 2 2 2 2 2 2 2 2 2 2 2 2 2 2 2 2 2 2 2 2 2 2 2 2 2 2 2 2 2 2 2 2 2 2 2 2 2 2 2 2 2 2 2 2 2 2 2 2 2 2 2 2 2 2 2 2 2 2 2 2 2 2 2 2 2 2 2 2 2 2 2 2 2 2 2 2 2 2 2 2 2 2 2 2 2 2 2 2 2 2 2 2 2 2 2 2 2 2 2 2 2 2 2 2 2 2 2 2 2 2 2 2 2 2 2 2 2 2 2 2 2 2 2 2 2 2 2 2 2 2 2 2 2 2 2 2 2 2 2 2 2 2 2 2 2 2 2 2 2 2 2 2 2 2 2 2 2 2 2 2 2 2 2 2 2 2 2 2 2 2 2 2 2 2 2 2 2 2 2 2 2 2 2 2 2 2 2 2 2 2 2 2 2 2 2 2 2 2 2 2 2 2 2 2 2 2 2 2 2 2 2 2 2 2 2 2 2 2 2 2 2 2 2 2 2 2 2 2 2 2 2 2 2 2 2 2 2 2 2 2 2 2 2 2 2 2 2 2 2 2 2 2 2 2 2 2 2 2 2 2 2 2 2 2 2 2 2 2 2 2 2 2 2 2 2 2 2 2 2 2 2 2 2 2 2 2 2 2 2 2 2 2 2 2 2 2 2 2 2 2 2 2 2 2 2 2 2 2 2 2 2 2 2 2 2 2 2 2 2 2 2 2 2 2 2 2 2 2 2 2 2 2 2 2 2 2 2 2 2 2 2 2 2 2 2 2 2 2 2 2 2 2 2 2 2 2 2 2 2 2 2 2 2 2 2 2 2 2 2 2 2 2 2 2 2 2 2 2 2 2 2 2 2 2 2 2 2 2 2 2 2 2 2 2 2 2 2 2 2 2 2 2 2 2 2 2 2 2 2 2 2 2 2 2 2 2 2 2 2 2 2 2 2 2 2 2 2 2 2 2 2 2 2 2 2 2 2 2 2 2 2 2 2 2 2 2 2 2 2 2 2 2 2 2 2 2 2 2 2 2 2 2 2 2 2 2 2 2 2 2 2 2 2 2 2 2 2 2 2 2 2 2 2 2 2 2 2 2 2 2 2 2 2 2 2 2 2 2 2 2 2 2 2 2 2 2 2 2 2 2 2 2 2 2 2 2 2 2 2 2 2 2 2 2 2 2 2 2 2 2 2 2 2 2 2 2 2 2 2 2 2 2 2 2 2 2 2 2 2 2 2 2 2 2 2 2 2 2 2 2 2 2 2 2 2 2 2 2 2 2 2 2 2 2 2 2 2 2 2 2 2 2 2 2 2 2 2 2 2 2 2 2 2 2 2 2 2 2 2 2 2 2 2 2 2 2 2 2 2 2 2 2 2 2 2 2 2 2 2 2 2 2 2 2 2 2 2 2 2 2 2 2 2 2 2 2 2 2 2 2 2 2 2 2 2 2 2 2 2 2 2 2 2 2 2 2 2 2 2 2 2 2 2 2 2 2 2 2 2 2 2 2 2 2 2 2 2 2 2 2 2 2 2 2 2 2 2 2 2 2 2 2 2 2 2 2 2 2 2 2 2 2 2 2 2 2 2 2 2 2 2 2 2 2 2 2 2 2 2 2 2 2 2 2 2 2 2 2 2 2 2 2 2 2 2 2 2 2 2 2 2 2 2 2 2 2 2 2 2 2 2 2 2 2 2 2 2 2 2 2 2 2 2 2 2 2 2 2 2 2 2 2 2 2 2 2 2 2 2 2 2 2 2 2 2 2 2 2 2 2 2 2 2 2 2 2 2 2 2 2 2 2 2 2 2 2 2 2 2 2 2 2 2 2 2 2 2 2 2 2 2 2 2 2 2 2 2 2 2 2 2 2 2 2 2 2 2 2 2 2 2 2 2 2 2 2 2 2 2 2 2 2 2 2 2 2 2 2 2 2 2 2 2 2 2 2 2 2 2 2 2 2 2 2 2 2 2 2 2 2 2 2 2 2 2 2 2 2 2 2 2 2 2 2 2 2 2 2 2 2 2 2 2 2 2 2 2 2 2 2 2 2 2 2 2 2 2 2 2 2 2 2 2 2 2 2 2 2 2 2 2 2 2 2 2 2 2 2 2 2 2 2 2 2 2 2 2 2 2 2 2 2 2 2 2 2 2 2 2 2 2 2 2 2 2 2 2 2 2 2 2 2 2 2 2 2 2 2 2 2 2 2 2 2 2 2 2 2 2 2 2 2 2 2 2 2 2 2 2 2 2 2 2 2 2 2 2 2 2 2 2 2 2 2 2 2 2 2 2 2 2 2 2 2 2 2 2 2 2 2 2 2 2 2 2 2 2 2 2 2 2 2 2 2 2 2 2 2 2 2 2 2 2 2 2 2 2 2 2 2 2 2 2 2 2 2 2 2 2 2 2 2 2 2 2 2 2 2 2 2 2 2 2 2 2 2 2 2 2 2 2 2 2 2 2 2 2 2 2 2 2 2 2 2 2 2 2 2 2 2 2 2 2 2 2 2 2 2 2 2 2 2 2 2 2 2 2 2 2 2 2 2 2 2 2 2 2 2 2 2 2 2 2 2 2 2 2 2 2 2 2 2 2 2 2 2 2 2 2 2 2 2 2 2 2 2 2 2 2 2 2 2 2 2 2 2 2 2 2 2 2 2 2 2 2 2 2 2 2 2 2 2 2 2 2 2 2 2 2 2 2 2 2 2 2 2 2 2 2 2 2 2 2 2 2 2 2 2 2 2 2 2 2 2 2 2 2 2 2 2 2 2 2 2 2 2 2 2 2 2 2 2 2 2 2 2 2 2 2 2 2 2 2 2 2 2 2 2 2 2 2 2 2 2 2 2 2 2 2 2 2 2 2 2 2 2 2 2 2 2 2 2 2 2 2 2 2 2 2 2 2 2 2 2 2 2 2 2 2 2 2 2 2 2 2 2 2 2 2 2 2 2 2 2 2 2 2 2 2 2 2 2 2 2 2 2 2 2 2 2 2 2 2 2 2 2 2 2 2 2 2 2 2 2 2 2 2 2 2 2 2 2 2 2 2 2 2 2 2 2 2 2 2 2 2 2 2 2 2 2 2 2 2 2 2 2 2 2 2 2 2 2 2 2 2 2 2 2 2 2 2 2 2 2 2 2 2 2 2 2 2 2 2 2 2 2 2 2 2 2 2 2 2 2 2 2 2 2 2 2 2 2 2 2 2 2 2 2 2 2 2 2 2 2 2 2 2 2 2 2 2 2 2 2 2 2 2 2 2 2 2 2 2 2 2 2 2 2 2 2 2 2 2 2 2 2 2 2 2 2 2 2 2 2 2 2 2 2 2 2 2 2 2 2 2 2 2 2 2 2 2 2 2 2 2 2 2 2 2 2 2 2 2 2 2 2 2 2 2 2 2 2 2 2 2 2 2 2 2 2 2 2 2 2 2 2 2 2 2 2 2 2 2 2 2 2 2 2 2 2 2 2 2 2 2 2 2 2 2 2 2 2 2 2 2 2 2 2 2 2 2 2 2 2 2 2 2 2 2 2 2 2 2 2 2 2 2 2 2 2 2 2 2 2 2 2 2 2 2 2 2 2 2 2 2 2 2 2 2 2 2 2 2 2 2 2 2 2 2 2 2 2 2 2 2 2 2 2 2 2 2 2 2 2 2 2 2 2 2 2 2 2 2 2 2 2 2 2 2 2 2 2 2 2 2 2 2 2 2 2 2 2 2 2 2 2 2 2 2 2 2 2 2 2 2 2 2 2 2 2 2 2 2 2 2 2 2 2 2 2 2 2 2 2 2 2 2 2 2 2 2 2 2 2 2 2 2 2 2 2 2 2 2 2 2 2 2 2 2 2 2 2 2 2 2 2 2 2 2 2 2 2 2 2 2 2 2 2 2 2 2 2 2 2 2 2 2 2 2 2 2 2 2 2 2 2 2 2 2 2 2 2 2 2 2 2 2 2 2 2 2 2 2 2 2 2 2 2 2 2 2 2 2 2 2 2 3 3 3 3 3 3 3 3 3 3 3 3 3 3 3 3 3 3 3 3 3 3 3 3 3 3 3 3 3 3 3 3 3 3 3 3 3 3 3 3 3 3 3 3 3 3 3 3 3 3 3 3 3 3 3 3 3 3 3 3 3 3 3 3 3 3 3 3 3 3 3 3 3 3 3 3 3 3 3 3 3 3 3 3 3 3 3 3 3 3 3 3 3 3 3 3 3 3 3 3 3 3 3 3 3 3 3 3 3 3 3 3 3 3 3 3 3 3 3 3 3 3 3 3 3 3 3 3 3 3 3 3 3 3 3 3 3 3 3 3 3 3 3 3 3 3 3 3 3 3 3 3 3 3 3 3 3 3 3 3 3 3 3 3 3 3 3 3 3 3 3 3 3 3 3 3 3 3 3 3 3 3 3 3 3 3 3 3 3 3 3 3 3 3 3 3 3 3 3 3 3 3 3 3 3 3 3 3 3 3 3 3 3 3 3 3 3 3 3 3 3 3 3 3 3 3 3 3 3 3 3 3 3 3 3 3 3 3 3 3 3 3 3 3 3 3 3 3 3 3 3 3 3 3 3 3 3 3 3 3 3 3 3 3 3 3 3 3 3 3 3 3 3 3 3 3 3 3 3 3 3 3 3 3 3 3 3 3 3 3 3 3 3 3 3 3 3 3 3 3 3 3 3 3 3 3 3 3 3 3 3 3 3 3 3 3 3 3 3 3 3 3 3 3 3 3 3 3 3 3 3 3 3 3 3 3 3 3 3 3 3 3 3 3 3 3 3 3 3 3 3 3 3 3 3 3 3 3 3 3 3 3 3 3 3 3 3 3 3 3 3 3 3 3 3 3 3 3 3 3 3 3 3 3 3 3 3 3 3 3 3 3 3 3 3 3 3 3 3 3 3 3 3 3 3 3 3 3 3 3 3 3 3 3 3 3 3 3 3 3 3 3 3 3 3 3 3 3 3 3 3 3 3 3 3 3 3 3 3 3 3 3 3 3 3 3 3 3 3 3 3 3 3 3 3 3 3 3 3 3 3 3 3 3 3 3 3 3 3 3 3 3 3 3 3 3 3 3 3 3 3 3 3 3 3 3 3 3 3 3 3 3 3 3 3 3 3 3 3 3 3 3 3 3 3 3 3 3 3 3 3 3 3 3 3 3 3 3 3 3 3 3 3 3 3 3 3 3 3 3 3 3 3 3 3 3 3 3 3 3 3 3 3 3 3 3 3 3 3 3 3 3 3 3 3 3 3 3 3 3 3 3 3 3 3 3 3 3 3 3 3 3 3 3 3 3 3 3 3 3 3 3 3 3 3 3 3 3 3 3 3 3 3 3 3 3 3 3 3 3 3 3 3 3 3 3 3 3 3 3 3 3 3 3 3 3 3 3 3 3 3 3 3 3 3 3 3 3 3 3 3 3 3 3 3 3 3 3 3 3 3 3 3 3 3 3 3 3 3 3 3 3 3 3 3 3 3 3 3 3 3 3 3 3 3 3 3 3 3 3 3 3 3 3 3 3 3 3 3 3 3 3 3 3 3 3 3 3 3 3 3 3 3 3 3 3 3 3 3 3 3 3 3 3 3 3 3 3 3 3 3 3 3 3 3 3 3 3 3 3 3 3 3 3 3 3 3 3 3 3 3 3 3 3 3 3 3 3 3 3 3 3 3 3 3 3 3 3 3 3 3 3 3 3 3 3 3 3 3 3 3 3 3 3 3 3 3 3 3 3 3 3 3 3 3 3 3 3 3 3 3 3 3 3 3 3 3 3 3 3 3 3 3 3 3 3 3 3 3 3 3 3 3 3 3 3 3 3 3 3 3 3 3 3 3 3 3 3 3 3 3 3 3 3 3 3 3 3 3 3 3 3 3 3 3 3 3 3 3 3 3 3 3 3 3 3 3 3 3 3 3 3 3 3 3 3 3 3 3 3 3 3 3 3 3 3 3 3 3 3 3 3 3 3 3 3 3 3 3 3 3 3 3 3 3 3 3 3 3 3 3 3 3 3 3 3 3 3 3 3 3 3 3 3 3 3 3 3 3 3 3 3 3 3 3 3 3 3 3 3 3 3 3 3 3 3 3 3 3 3 3 3 3 3 3 3 3 3 3 3 3 3 3 3 3 3 3 3 3 3 3 3 3 3 3 3 3 3 3 3 3 3 3 3 3 3 3 3 3 3 3 3 3 3 3 3 3 3 3 3 3 3 3 3 3 3 3 3 3 3 3 3 3 3 3 3 3 3 3 3 3 3 3 3 3 3 3 3 3 3 3 3 3 3 3 3 3 3 3 3 3 3 3 3 3 3 3 3 3 3 3 3 3 3 3 3 3 3 3 3 3 3 3 3 3 3 3 3 3 3 3 3 3 3 3 3 3 3 3 3 3 3 3 3 3 3 3 3 3 3 3 3 3 3 3 3 3 3 3 3 3 3 3 3 3 3 3 3 3 3 3 3 3 3 3 3 3 3 3 3 3 3 3 3 3 3 3 3 3 3 3 3 3 3 3 3 3 3 3 3 3 3 3 3 3 3 3 3 3 3 3 3 3 3 3 3 3 3 3 3 3 3 3 3 3 3 3 3 3 3 3 3 3 3 3 3 3 3 3 3 3 3 3 3 3 3 3 3 3 3 3 3 3 3 3 3 3 3 3 3 3 3 3 3 3 3 3 3 3 3 3 3 3 3 3 3 3 3 3 3 3 3 3 3 3 3 3 3 3 3 3 3 3 3 3 3 3 3 3 3 3 3 3 3 3 3 3 3 3 3 3 3 3 3 3 3 3 3 3 3 3 3 3 3 3 3 3 3 3 3 3 3 3 3 3 3 3 3 3 3 3 3 3 3 3 3 3 3 3 3 3 3 3 3 3 3 3 3 3 3 3 3 3 3 3 3 3 3 3 3 3 3 3 3 3 3 3 3 3 3 3 3 3 3 3 3 3 3 3 3 3 3 3 3 3 3 3 3 3 3 3 3 3 3 3 3 3 3 3 3 3 3 3 3 3 3 3 3 3 3 3 3 3 3 3 3 3 3 3 3 3 3 3 3 3 3 3 3 3 3 3 3 3 3 3 3 3 3 3 3 3 3 3 3 3 3 3 3 3 3 3 3 3 3 3 3 3 3 3 3 3 3 3 3 3 3 3 3 3 3 3 3 3 3 3 3 3 3 3 3 3 3 3 3 3 3 3 3 3 3 3 3 3 3 3 3 3 3 3 3 3 3 3 3 3 3 3 3 3 3 3 3 3 3 3 3 3 3 3 3 3 3 3 3 3 3 3 3 3 3 3 3 3 3 3 3 3 3 3 3 3 3 3 3 3 3 3 3 3 3 3 3 3 3 3 3 3 3 3 3 3 3 3 3 3 3 3 3 3 3 3 3 3 3 3 3 3 3 3 3 3 3 3 3 3 3 3 3 3 3 3 3 3 3 3 3 3 3 3 3 3 3 3 3 3 3 3 3 3 3 3 3 3 3 3 3 3 3 3 3 3 3 3 3 3 3 3 3 3 3 3 3 3 3 3 3 3 3 3 3 3 3 3 3 3 3 3 3 3 3 3 3 3 3 3 3 3 3 3 3 3 3 3 3 3 3 3 3 3 3 3 3 3 3 3 3 3 3 3 3 3 3 3 3 3 3 3 3 3 3 3 3 3 3 3 3 3 3 3 3 3 3 3 3 3 3 3 3 3 3 3 3 3 3 3 3 3 3 3 3 3 3 3 3 3 3 3 3 3 3 3 3 3 3 3 3 3 3 3 3 3 3 3 3 3 3 3 3 3 3 3 3 3 3 3 3 3 3 3 3 3 3 3 3 3 3 3 3 3 3 3 3 3 3 3 3 3 3 3 3 3 3 3 3 3 3 3 3 3 3 3 3 3 3 3 3 3 3 3 3 3 3 3 3 3 3 3 3 3 3 3 3 3 3 3 3 3 3 3 3 3 3 3 3 3 3 3 3 3 3 3 3 3 3 3 3 3 3 3 3 3 3 3 3 3 3 3 3 3 3 3 3 3 3 3 3 3 3 3 3 3 3 3 3 3 3 3 3 3 3 3 3 3 3 3 3 3 3 3 3 3 3 3 3 3 3 3 3 3 3 3 3 3 3 3 3 3 3 3 3 3 3 3 3 3 3 3 3 3 3 3 3 3 3 3 3 3 3 3 3 3 3 3 3 3 3 3 3 3 3 3 3 3 3 3 3 3 3 3 3 3 3 3 3 3 3 3 3 3 3 3 3 3 3 3 3 3 3 3 3 3 3 3 3 3 3 3 3 3 3 3 3 3 3 3 3 3 3 3 3 3 3 3 3 3 3 3 3 3 3 3 3 3 3 3 3 3 3 3 3 3 3 3 3 3 3 3 3 3 3 3 3 3 3 3 3 3 3 3 3 3 3 3 3 3 3 3 3 3 3 3 3 3 3 3 3 3 3 3 3 3 3 3 3 3 3 3 3 3 3 3 3 3 3 3 3 3 3 3 3 3 3 3 3 3 3 3 3 3 3 3 3 3 3 3 3 3 3 3 3 3 3 3 3 3 3 3 3 3 3 3 3 3 3 3 3 3 3 3 3 3 3 3 3 3 3 3 3 3 3 3 3 3 3 3 3 3 3 3 3 3 3 3 3 3 3 3 3 3 3 3 3 3 3 3 3 3 3 3 3 3 3 3 3 3 3 3 3 3 3 3 3 3 3 3 3 3 3 3 3 3 3 3 3 3 3 3 3 3 3 3 3 3 3 3 3 3 3 3 3 3 3 3 3 3 3 3 3 3 3 3 3 3 3 3 3 3 3 3 3 3 3 3 3 3 3 3 3 3 3 3 3 3 3 3 3 3 3 3 3 3 3 3 3 3 3 3 3 3 3 3 3 3 3 3 3 3 3 3 3 3 3 3 3 3 3 3 3 3 3 3 3 3 3 3 3 3 3 3 3 3 3 3 3 3 3 3 3 3 3 3 3 3 3 3 3 3 3 3 3 3 3 3 3 3 3 3 3 3 3 3 3 3 3 3 3 3 3 3 3 3 3 3 3 3 3 3 3 3 3 3 3 3 3 3 3 3 3 3 3 3 3 3 3 3 3 3 3 3 3 3 3 3 3 3 3 3 3 3 3 3 3 3 3 3 3 3 3 3 3 3 3 3 3 3 3 3 3 3 3 3 3 3 3 3 3 3 3 3 3 3 3 3 3 3 3 3 3 3 3 3 3 3 3 3 3 3 3 3 3 3 3 3 3 3 3 3 3 3 3 3 3 3 3 3 3 3 3 3 3 3 3 3 3 3 3 3 3 3 3 3 3 3 3 3 3 3 3 3 3 3 3 3 3 3 3 3 3 3 3 3 3 3 3 3 3 3 3 3 3 3 3 3 3 3 3 3 3 3 3 3 3 3 3 3 3 3 3 3 3 3 3 3 3 3 3 3 3 3 3 3 3 3 3 3 3 3 3 3 3 3 3 3 3 3 3 3 3 3 3 3 3 3 3 3 3 3 3 3 3 3 3 3 3 3 3 3 3 3 3 3 3 3 3 3 3 3 3 3 3 3 3 3 3 3 3 3 3 3 3 3 3 3 3 3 3 3 3 3 3 3 3 3 3 3 3 3 3 3 3 3 3 3 3 3 3 3 3 3 3 3 3 3 3 3 3 3 3 3 3 3 3 3 3 3 3 3 3 3 3 3 3 3 3 3 3 3 3 3 3 3 3 3 3 3 3 3 3 3 3 3 3 3 3 3 3 3 3 3 3 3 3 3 3 3 3 3 3 3 3 3 3 3 3 3 3 3 3 3 3 3 3 3 3 3 3 3 3 3 3 3 3 3 3 3 3 3 3 3 3 3 3 3 3 3 3 3 3 3 3 3 3 3 3 3 3 3 3 3 3 3 3 3 3 3 3 3 3 3 3 3 3 3 3 3 3 3 3 3 3 3 3 3 3 3 3 3 3 3 3 3 3 3 3 3 3 3 3 3 3 3 3 3 3 3 3 3 3 3 3 3 3 3 3 3 3 3 3 3 3 3 3 3 3 3 3 3 3 3 3 3 3 3 3 3 3 3 3 3 3 3 3 3 3 3 3 3 3 3 3 3 3 3 3 3 3 3 3 3 3 3 3 3 3 3 3 3 3 3 3 3 3 3 3 3 3 3 3 3 3 3 3 3 3 3 3 3 3 3 3 3 3 3 3 3 3 3 3 3 3 3 3 3 3 3 3 3 3 3 3 3 3 3 3 3 3 3 3 3 3 3 3 3 3 3 3 3 3 3 3 3 3 3 3 3 3 3 3 3 3 3 3 3 3 3 3 3 3 3 3 3 3 3 3 3 3 3 3 3 3 3 3 3 3 3 3 3 3 3 3 3 3 3 3 3 3 3 3 3 3 3 3 3 3 3 3 3 3 3 3 3 3 3 3 3 3 3 3 3 3 3 3 3 3 3 3 3 3 3 3 3 3 3 3 3 3 3 3 3 3 3 3 3 3 3 3 3 3 3 3 3 3 3 3 3 3 3 3 3 3 3 3 3 3 3 3 3 3 3 3 3 3 3 3 3 3 3 3 3 3 3 3 3 3 3 3 3 3 3 3 3 3 3 3 3 3 3 3 3 3 3 3 3 3 3 3 3 3 3 3 3 3 3 3 3 3 3 3 3 3 3 3 3 3 3 3 3 3 3 3 3 3 3 3 3 3 3 3 3 3 3 3 3 3 3 3 3 3 3 3 3 3 3 3 3 3 3 3 3 3 3 3 3 3 3 3 3 3 3 3 3 3 3 3 3 3 3 3 3 3 3 3 3 3 3 3 3 3 3 3 3 3 3 3 3 3 3 3 3 3 3 3 3 3 3 3 3 3 3 3 3 3 3 3 3 3 3 3 3 3 3 3 3 3 3 3 3 3 3 3 3 3 3 3 3 3 3 3 3 3 3 3 3 3 3 3 3 3 3 3 3 3 3 3 3 3 3 3 3 3 3 3 3 3 3 3 3 3 3 3 3 3 3 3 3 3 3 3 3 3 3 3 3 3 3 3 3 3 3 3 3 3 3 3 3 3 3 3 3 3 3 3 3 3 3 3 3 3 3 3 3 3 3 3 3 3 3 3 3 3 3 3 3 3 3 3 3 3 3 3 3 3 3 3 3 3 3 3 3 3 3 3 3 3 3 3 3 3 3 3 3 3 3 3 3 3 3 3 3 3 3 3 3 3 3 3 3 3 3 3 3 3 3 3 3 3 3 3 3 3 3 3 3 3 3 3 3 3 3 3 3 3 3 3 3 3 3 3 3 3 3 3 3 3 3 3 3 3 3 3 3 3 3 3 3 3 3 3 3 3 3 3 3 3 3 3 3 3 3 3 3 3 3 3 3 3 3 3 3 3 3 3 3 3 3 3 3 3 3 3 3 3 3 3 3 3 3 3 3 3 3 3 3 3 3 3 3 3 3 3 3 3 3 3 3 3 3 3 3 3 3 3 3 3 3 3 3 3 3 3 3 3 3 3 3 3 3 3 3 3 3 3 3 3 3 3 3 3 3 3 3 3 3 3 3 3 3 3 3 3 3 3 3 3 3 3 3 3 3 3 3 3 3 3 3 3 3 3 3 3 3 3 3 3 3 3 3 3 3 3 3 3 3 3 3 3 3 3 3 3 3 3 3 3 3 3 3 3 3 3 3 3 3 3 3 3 3 3 3 3 3 3 3 3 3 3 3 3 3 3 3 3 3 3 3 3 3 3 3 3 3 3 3 3 3 3 3 3 3 3 3 3 3 3 3 3 3 3 3 3 3 3 3 3 3 3 3 3 3 3 3 3 3 3 3 3 3 3 3 3 3 3 3 3 3 3 3 3 3 3 3 3 3 3 3 3 3 3 3 3 3 3 3 3 3 3 3 3 3 3 3 3 3 3 3 3 3 3 3 3 3 3 3 3 3 3 3 3 3 3 3 3 3 3 3 3 3 3 3 3 3 3 3 3 3 3 3 3 3 3 3 3 3 3 3 3 3 3 3 3 3 3 3 3 3 3 3 3 3 3 3 3 3 3 3 3 3 3 3 3 3 3 3 3 3 3 3 3 3 3 3 3 3 3 3 3 3 3 3 3 3 3 3 3 3 3 3 3 3 3 3 3 3 3 3 3 3 3 3 3 3 3 3 3 3 3 3 3 3 3 3 3 3 3 3 3 3 3 3 3 3 3 3 3 3 3 3 3 3 3 3 3 3 3 3 3 3 3 3 3 3 3 3 3 3 3 3 3 3 3 3 3 3 3 3 3 3 3 3 3 3 3 3 3 3 3 3 3 3 3 3 3 3 3 3 3 3 3 3 3 3 3 3 3 3 3 3 3 3 3 3 3 3 3 3 3 3 3 3 3 3 3 3 3 3 3 3 3 3 3 3 3 3 3 3 3 3 3 3 3 3 3 3 3 3 3 3 3 3 3 3 3 3 3 3 3 3 3 3 3 3 3 3 3 3 3 3 3 3 3 3 3 3 3 3 3 3 3 3 3 3 3 3 3 3 3 3 3 3 3 3 3 3 3 3 3 3 3 3 3 3 3 3 3 3 3 3 3 3 3 3 3 3 3 3 3 3 3 3 3 3 3 3 3 3 3 3 3 3 3 3 3 3 3 3 3 3 3 3 3 3 3 3 3 3 3 3 3 3 3 3 3 3 3 3 3 3 3 3 3 3 3 3 3 3 3 3 3 3 3 3 3 3 3 3 3 3 3 3 3 3 3 3 3 3 3 3 3 3 3 3 3 3 3 3 3 3 3 3 3 3 3 3 3 3 3 3 3 3 3 3 3 3 3 3 3 3 3 3 3 3 3 3 3 3 3 3 3 3 3 3 3 3 3 3 3 3 3 3 3 3 3 3 3 3 3 3 3 3 3 3 3 3 3 3 3 3 3 3 3 3 3 3 3 3 3 3 3 3 3 3 3 3 3 3 3 3 3 3 3 3 3 3 3 3 3 3 3 3 3 3 3 3 3 3 3 3 3 3 3 3 3 3 3 3 3 3 3 3 3 3 3 3 3 3 3 3 3 3 3 3 3 3 3 3 3 3 3 3 3 3 3 3 3 3 3 3 3 3 3 3 3 3 3 3 3 3 3 3 3 3 3 3 3 3 3 3 3 3 3 3 3 3 3 3 3 3 3 3 3 3 3 3 3 3 3 3 3 3 3 3 3 3 3 3 3 3 3 3 3 3 3 3 3 3 3 3 3 3 3 3 3 3 3 3 3 3 3 3 3 3 3 3 3 3 3 3 3 3 3 3 3 3 3 3 3 3 3 3 3 3 3 3 3 3 3 3 3 3 3 3 3 3 3 3 3 3 3 3 3 3 3 3 3 3 3 3 3 3 3 3 3 3 3 3 3 3 3 3 3 3 3 3 3 3 3 3 3 3 3 3 3 3 3 3 3 3 3 3 3 3 3 3 3 3 3 3 3 3 3 3 3 3 3 3 3 3 3 3 3 3 3 3 3 3 3 3 3 3 3 3 3 3 3 3 3 3 3 3 3 3 3 3 3 3 3 3 3 3 3 3 3 3 3 3 3 3 3 3 3 3 3 3 3 3 3 3 3 3 3 3 3 3 3 3 3 3 3 3 3 3 3 3 3 3 3 3 3 3 3 3 3 3 3 3 3 3 3 3 3 3 3 3 3 3 3 3 3 3 3 3 3 3 3 3 3 3 3 3 3 3 3 3 3 3 3 3 3 3 3 3 3 3 3 3 3 3 3 3 3 3 3 3 3 3 3 3 3 3 3 3 3 3 3 3 3 3 3 3 3 3 3 3 3 3 3 3 3 3 3 3 3 3 3 3 3 3 3 3 3 3 3 3 3 3 3 3 3 3 3 3 3 3 3 3 3 3 3 3 3 3 3 3 3 3 3 3 3 3 3 3 3 3 3 3 3 3 3 3 3 3 3 3 3 3 3 3 3 3 3 3 3 3 3 3 3 3 3 3 3 3 3 3 3 3 3 3 3 3 3 3 3 3 3 3 3 3 3 3 3 3 3 3 3 3 3 3 3 3 3 3 3 3 3 3 3 3 3 3 3 3 3 3 3 3 3 3 3 3 3 3 3 3 3 3 3 3 3 3 3 3 3 3 3 3 3 3 3 3 3 3 3 3 3 3 3 3 3 3 3 3 3 3 3 3 3 3 3 3 3 3 3 3 3 3 3 3 3 3 3 3 3 3 3 3 3 3 3 3 3 3 3 3 3 3 3 3 3 3 3 3 3 3 3 3 3 3 3 3 3 3 3 3 3 3 3 3 3 3 3 3 3 3 3 3 3 3 3 3 3 3 3 3 3 3 3 3 3 3 3 3 3 3 3 3 3 3 3 3 3 3 3 3 3 3 3 3 3 3 3 3 3 3 3 3 3 3 3 3 3 3 3 3 3 3 3 3 3 3 3 3 3 3 3 3 3 3 3 3 3 3 3 3 3 3 3 3 3 3 3 3 3 3 3 3 3 3 3 3 3 3 3 3 3 3 3 3 3 3 3 3 3 3 3 3 3 3 3 3 3 3 3 3 3 3 3 3 3 3 3 3 3 3 3 3 3 3 3 3 3 3 3 3 3 3 3 3 3 3 3 3 3 3 3 3 3 3 3 3 3 3 3 3 3 3 3 3 3 3 3 3 3 3 3 3 3 3 3 3 3 3 3 3 3 3 3 3 3 3 3 3 3 3 3 3 3 3 3 3 3 3 3 3 3 3 3 3 3 3 3 3 3 3 3 3 3 3 3 3 3 3 3 3 3 3 3 3 3 3 3 3 3 3 3 3 3 3 3 3 3 3 3 3 3 3 3 3 3 3 3 3 3 3 3 3 3 3 3 3 3 3 3 3 3 3 3 3 3 3 3 3 3 3 3 3 3 3 3 3 3 3 3 3 3 3 3 3 3 3 3 3 3 3 3 3 3 3 3 3 3 3 3 3 3 3 3 3 3 3 3 3 3 3 3 3 3 3 3 3 3 3 3 3 3 3 3 3 3 3 3 3 3 3 3 3 3 3 3 3 3 3 3 3 3 3 3 3 3 3 3 3 3 3 3 3 3 3 3 3 3 3 3 3 3 3 3 3 3 3 3 3 3 3 3 3 3 3 3 3 3 3 3 3 3 3 3 3 3 3 3 3 3 3 3 3 3 3 3 3 3 3 3 3 3 3 3 3 3 3 3 3 3 3 3 3 3 3 3 3 3 3 3 3 3 3 3 3 3 3 3 3 3 3 3 3 3 3 3 3 3 3 3 3 3 3 3 3 3 3 3 3 3 3 3 3 3 3 3 3 3 3 3 3 3 3 3 3 3 3 3 3 3 3 3 3 3 3 3 3 3 3 3 3 3 3 3 3 3 3 3 3 3 3 3 3 3 3 3 3 3 3 3 3 3 3 3 3 3 3 3 3 3 3 3 3 3 3 3 3 3 3 3 3 3 3 3 3 3 3 3 3 3 3 3 3 3 3 3 3 3 3 3 3 3 3 3 3 3 3 3 3 3 3 3 3 3 3 3 3 3 3 3 3 3 3 3 3 3 3 3 3 3 3 3 3 3 3 3 3 3 3 3 3 3 3 3 3 3 3 3 3 3 3 3 3 3 3 3 3 3 3 3 3 3 3 3 3 3 3 3 3 3 3 3 3 3 3 3 3 3 3 3 3 3 3 3 3 3 3 3 3 3 3 3 3 3 3 3 3 3 3 3 3 3 3 3 3 3 3 3 3 3 3 3 3 3 3 3 3 3 3 3 3 3 3 3 3 3 3 3 3 3 3 3 3 3 3 3 3 3 3 3 3 3 3 3 3 3 3 3 3 3 3 3 3 3 3 3 3 3 3 3 3 3 3 3 3 3 3 3 3 3 3 3 3 3 3 3 3 3 3 3 3 3 3 3 3 3 3 3 3 3 3 3 3 3 3 3 3 3 3 3 3 3 3 3 3 3 3 3 3 3 3 3 3 3 3 3 3 3 3 3 3 3 3 3 3 3 3 3 3 3 3 3 3 3 3 3 3 3 3 3 3 3 3 3 3 3 3 3 3 3 3 3 3 3 3 3 3 3 3 3 3 3 3 3 3 3 3 3 3 3 3 3 3 3 3 3 3 3 3 3 3 3 3 3 3 3 3 3 3 3 3 3 3 3 3 3 3 3 3 3 3 3 3 3 3 3 3 3 3 3 3 3 3 3 3 3 3 3 3 3 3 3 3 3 3 3 3 3 3 3 3 3 3 3 3 3 3 3 3 3 3 3 3 3 3 3 3 3 3 3 3 3 3 3 3 3 3 3 3 3 3 3 1 1 1 1 1 1 1 1 1 1 1 1 1 1 1 1 1 1 1 1 1 1 1 1 1 1 1 1 1 1 1 1 1 1 1 1 1 1 1 1 1 1 1 1 1 1 1 1 1 1 1 1 1 1 1 1 1 1 1 1 1 1 1 1 1 1 1 1 1 1 1 1 1 1 1 1 1 1 1 1 1 1 1 1 1 1 1 1 1 1 1 1 1 1 1 1 1 1 1 1 1 1 1 1 1 1 1 1 1 1 1 1 1 1 1 1 1 1 1 1 1 1 1 1 1 1 1 1 1 1 1 1 1 1 1 1 1 1 1 1 1 1 1 1 1 1 1 1 1 1 1 1 1 1 1 1 1 1 1 1 1 1 1 1 1 1 1 1 1 1 1 1 1 1 1 1 1 1 1 1 1 1 1 1 1 1 1 1 1 1 1 1 1 1 1 1 1 1 1 1 1 1 1 1 1 1 1 1 1 1 1 1 1 1 1 1 1 1 1 1 1 1 1 1 1 1 1 1 1 1 1 1 1 1 1 1 1 1 1 1 1 1 1 1 1 1 1 1 1 1 1 1 1 1 1 1 1 1 1 1 1 1 1 1 1 1 1 1 1 1 1 1 1 1 1 1 1 1 1 1 1 1 1 1 1 1 1 1 1 1 1 1 1 1 1 1 1 1 1 1 1 1 1 1 1 1 1 1 1 1 1 1 1 1 1 1 1 1 1 1 1 1 1 1 1 1 1 1 1 1 1 1 1 1 1 1 1 1 1 1 1 1 1 1 1 1 1 1 1 1 1 1 1 1 1 1 1 1 1 1 1 1 1 1 1 1 1 1 1 1 1 1 1 1 1 1 1 1 1 1 1 1 1 1 1 1 1 1 1 1 1 1 1 1 1 1 1 1 1 1 1 1 1 1 1 1 1 1 1 1 1 1 1 1 1 1 1 1 1 1 1 1 1 1 1 1 1 1 1 1 1 1 1 1 1 1 1 1 1 1 1 1 1 1 1 1 1 1 1 1 1 1 1 1 1 1 1 1 1 1 1 1 1 1 1 1 1 1 1 1 1 1 1 1 1 1 1 1 1 1 1 1 1 1 1 1 1 1 1 1 1 1 1 1 1 1 1 1 1 1 1 1 1 1 1 1 1 1 1 1 1 1 1 1 1 1 1 1 1 1 1 1 1 1 1 1 1 1 1 1 1 1 1 1 1 1 1 1 1 1 1 1 1 1 1 1 1 1 1 1 1 1 1 1 1 1 1 1 1 1 1 1 1 1 1 1 1 1 1 1 1 1 1 1 1 1 1 1 1 1 1 1 1 1 1 1 1 1 1 1 1 1 1 1 1 1 1 1 1 1 1 1 1 1 1 1 1 1 1 1 1 1 1 1 1 1 1 1 1 1 1 1 1 1 1 1 1 1 1 1 1 1 1 1 1 1 1 1 1 1 1 1 1 1 1 1 1 1 1 1 1 1 1 1 1 1 1 1 1 1 1 1 1 1 1 1 1 1 1 1 1 1 1 1 1 1 1 1 1 1 1 1 1 1 1 1 1 1 1 1 1 1 1 1 1 1 1 1 1 1 1 1 1 1 1 1 1 1 1 1 1 1 1 1 1 1 1 1 1 1 1 1 1 1 1 1 1 1 1 1 1 1 1 1 1 1 1 1 1 1 1 1 1 1 1 1 1 1 1 1 1 1 1 1 1 1 1 1 1 1 1 1 1 1 1 1 1 1 1 1 1 1 1 1 1 1 1 1 1 1 1 1 1 1 1 1 1 1 1 1 1 1 1 1 1 1 1 1 1 1 1 1 1 1 1 1 1 1 1 1 1 1 1 1 1 1 1 1 1 1 1 1 1 1 1 1 1 1 1 1 1 1 1 1 1 1 1 1 1 1 1 1 1 1 1 1 1 1 1 1 1 1 1 1 1 1 1 1 1 1 1 1 1 1 1 1 1 1 1 1 1 1 1 1 1 1 1 1 1 1 1 1 1 1 1 1 1 1 1 1 1 1 1 1 1 1 1 1 1 1 1 1 1 1 1 1 1 1 1 1 1 1 1 1 1 1 1 1 1 1 1 1 1 1 1 1 1 1 1 1 1 1 1 1 1 1 1 1 1 1 1 1 1 1 1 1 1 1 1 1 1 1 1 1 1 1 1 1 1 1 1 1 1 1 1 1 1 1 1 1 1 1 1 1 1 1 1 1 1 1 1 1 1 1 1 1 1 1 1 1 1 1 1 1 1 1 1 1 1 1 1 1 1 1 1 1 1 1 1 1 1 1 1 1 1 1 1 1 1 1 1 1 1 1 1 1 1 1 1 1 1 1 1 1 1 1 1 1 1 1 1 1 1 1 1 1 1 1 1 1 1 1 1 1 1 1 1 1 1 1 1 1 1 1 1 1 1 1 1 1 1 1 1 1 1 1 1 1 1 1 1 1 1 1 1 1 1 1 1 1 1 1 1 1 1 1 1 1 1 1 1 1 1 1 1 1 1 1 1 1 1 1 1 1 1 1 1 1 1 1 1 1 1 1 1 1 1 1 1 1 1 1 1 1 1 1 1 1 1 1 1 1 1 1 1 1 1 1 1 1 1 1 1 1 1 1 1 1 1 1 1 1 1 1 1 1 1 1 1 1 1 1 1 1 1 1 1 1 1 1 1 1 1 1 1 1 1 1 1 1 1 1 1 1 1 1 1 1 1 1 1 1 1 1 1 1 1 1 1 1 1 1 
SCALARS resistivity double 1
LOOKUP_TABLE default
468.1389380386 468.1389380386 468.1389380386 468.1389380386 468.1389380386 468.1389380386 468.1389380386 468.1389380386 468.1389380386 468.1389380386 468.1389380386 468.1389380386 468.1389380386 468.1389380386 468.1389380386 468.1389380386 468.1389380386 468.1389380386 468.1389380386 468.1389380386 468.1389380386 468.1389380386 468.1389380386 468.1389380386 468.1389380386 468.1389380386 468.1389380386 468.1389380386 468.1389380386 468.1389380386 468.1389380386 468.1389380386 468.1389380386 468.1389380386 468.1389380386 468.1389380386 468.1389380386 468.1389380386 468.1389380386 468.1389380386 468.1389380386 468.1389380386 468.1389380386 468.1389380386 468.1389380386 468.1389380386 468.1389380386 468.1389380386 468.1389380386 468.1389380386 468.1389380386 468.1389380386 468.1389380386 468.1389380386 468.1389380386 468.1389380386 468.1389380386 468.1389380386 468.1389380386 468.1389380386 468.1389380386 468.1389380386 468.1389380386 468.1389380386 468.1389380386 468.1389380386 468.1389380386 468.1389380386 468.1389380386 468.1389380386 468.1389380386 468.1389380386 468.1389380386 468.1389380386 468.1389380386 468.1389380386 468.1389380386 468.1389380386 468.1389380386 468.1389380386 468.1389380386 468.1389380386 468.1389380386 468.1389380386 468.1389380386 468.1389380386 468.1389380386 468.1389380386 468.1389380386 468.1389380386 468.1389380386 468.1389380386 468.1389380386 468.1389380386 468.1389380386 468.1389380386 468.1389380386 468.1389380386 468.1389380386 468.1389380386 468.1389380386 468.1389380386 468.1389380386 468.1389380386 468.1389380386 468.1389380386 468.1389380386 468.1389380386 468.1389380386 468.1389380386 468.1389380386 468.1389380386 468.1389380386 468.1389380386 468.1389380386 468.1389380386 468.1389380386 468.1389380386 468.1389380386 468.1389380386 468.1389380386 468.1389380386 468.1389380386 468.1389380386 468.1389380386 468.1389380386 468.1389380386 468.1389380386 468.1389380386 468.1389380386 468.1389380386 468.1389380386 468.1389380386 468.1389380386 468.1389380386 468.1389380386 468.1389380386 468.1389380386 468.1389380386 468.1389380386 468.1389380386 468.1389380386 468.1389380386 468.1389380386 468.1389380386 468.1389380386 468.1389380386 468.1389380386 468.1389380386 468.1389380386 468.1389380386 468.1389380386 468.1389380386 468.1389380386 468.1389380386 468.1389380386 468.1389380386 468.1389380386 468.1389380386 468.1389380386 468.1389380386 468.1389380386 468.1389380386 468.1389380386 468.1389380386 468.1389380386 468.1389380386 468.1389380386 468.1389380386 468.1389380386 468.1389380386 468.1389380386 468.1389380386 468.1389380386 468.1389380386 468.1389380386 468.1389380386 468.1389380386 468.1389380386 468.1389380386 468.1389380386 468.1389380386 468.1389380386 468.1389380386 468.1389380386 468.1389380386 468.1389380386 468.1389380386 468.1389380386 468.1389380386 468.1389380386 468.1389380386 468.1389380386 468.1389380386 468.1389380386 468.1389380386 468.1389380386 468.1389380386 468.1389380386 468.1389380386 468.1389380386 468.1389380386 468.1389380386 468.1389380386 468.1389380386 468.1389380386 468.1389380386 468.1389380386 468.1389380386 468.1389380386 468.1389380386 468.1389380386 468.1389380386 468.1389380386 468.1389380386 468.1389380386 468.1389380386 468.1389380386 468.1389380386 2213.6644574298 468.1389380386 2097.6307755196 468.1389380386 2275.4569439767 2142.8093106341 1781.5537417004 2287.8934694204 2122.828501047 2293.2776662899 1576.5237554644 2264.2587190734 1774.6206766311 468.1389380386 1579.2880536938 2173.4847324038 468.1389380386 1723.1167106401 2065.2410543398 1895.7032526257 2086.2251384286 468.1389380386 2278.7457182428 468.1389380386 2120.6397024028 1741.5424216923 1673.5071491976 2115.1170386445 468.1389380386 468.1389380386 2168.0629967419 1879.5708994101 2086.96933364 1916.8246045606 2092.3744678777 2168.0619384418 2250.5067070826 2275.0591383007 2328.9828816254 2256.4996695196 2274.0770392407 2116.4124817269 2257.9817410852 468.1389380386 468.1389380386 2195.7708087977 468.1389380386 2257.0022392279 2172.4044565898 468.1389380386 468.1389380386 2182.2365052312 468.1389380386 468.1389380386 2221.8111258964 2122.5717820988 2189.612569256 468.1389380386 468.1389380386 2138.5239554692 1947.2478358856 2183.269786914 468.1389380386 2123.8389052917 1713.90821937 1665.1467740881 2134.543033749 2222.8908866901 2122.4452647162 468.1389380386 2093.4413121453 1871.1995018225 1769.9245125001 2275.0953959259 2272.0178279161 2209.7671464283 1702.4351577864 2172.2599552937 468.1389380386 468.1389380386 468.1389380386 468.1389380386 1897.3856155322 2020.1632878897 2112.187037428 1772.2264672631 2040.5350914342 1588.2348099874 2159.1023059878 468.1389380386 468.1389380386 468.1389380386 2225.7659023492 2146.0936852888 2259.5448393004 2258.2265643805 2223.3726041873 468.1389380386 2290.0496758269 2172.545654424 2280.3047505532 468.1389380386 2209.7839657885 468.1389380386 468.1389380386 468.1389380386 1993.4063074403 468.1389380386 468.1389380386 2059.8932729399 2250.2013371096 2123.3749298628 1878.0045659071 468.1389380386 468.1389380386 1772.2032356915 468.1389380386 468.1389380386 2294.0278276762 468.1389380386 468.1389380386 468.1389380386 468.1389380386 468.1389380386 1849.8132580298 1632.9470416061 468.1389380386 468.1389380386 468.1389380386 468.1389380386 468.1389380386 468.1389380386 1595.5277345111 468.1389380386 1623.2776673669 468.1389380386 468.1389380386 468.1389380386 468.1389380386 468.1389380386 468.1389380386 468.1389380386 468.1389380386 468.1389380386 2201.3482070223 2204.2173426558 1577.4772402545 468.1389380386 468.1389380386 468.1389380386 468.1389380386 468.1389380386 468.1389380386 468.1389380386 468.1389380386 468.1389380386 468.1389380386 468.1389380386 468.1389380386 1930.2780480621 468.1389380386 468.1389380386 468.1389380386 468.1389380386 468.1389380386 468.1389380386 468.1389380386 468.1389380386 1803.1994335336 468.1389380386 2023.6475146402 2066.0342721794 468.1389380386 468.1389380386 2132.9169557751 468.1389380386 468.1389380386 1615.3244200714 1616.3381621996 468.1389380386 468.1389380386 468.1389380386 468.1389380386 2217.8137316721 2239.7076940989 468.1389380386 468.1389380386 468.1389380386 468.1389380386 468.1389380386 468.1389380386 468.1389380386 468.1389380386 2328.4658626105 468.1389380386 2189.9941981985 468.1389380386 468.1389380386 468.1389380386 468.1389380386 468.1389380386 468.1389380386 468.1389380386 468.1389380386 468.1389380386 468.1389380386 468.1389380386 468.1389380386 468.1389380386 468.1389380386 468.1389380386 468.1389380386 1599.8214651813 468.1389380386 1885.0295163575 468.1389380386 468.1389380386 468.1389380386 468.1389380386 468.1389380386 468.1389380386 468.1389380386 468.1389380386 468.1389380386 468.1389380386 1566.7921914843 468.1389380386 1859.8069065715 2096.6472985202 468.1389380386 1661.6678767945 1777.2311251189 1793.4520713921 1757.4219188675 2034.0917251563 1642.368307783 1741.7492897822 1621.6131064925 2113.3862015886 2040.0186594735 1741.9446697839 1667.5098032303 1707.9706024662 1618.4278092189 2002.5752045855 2170.5640082779 1849.0887648374 1985.028225452 1829.079918942 1999.2393993791 1722.1502206456 468.1389380386 1870.2457248647 2140.6167090948 468.1389380386 2153.2400379565 1837.6544239636 2042.878920049 2142.2634404564 1902.5744901929 468.1389380386 468.1389380386 468.1389380386 1571.7507369975 2063.6981808305 468.1389380386 2111.2597920056 2153.028084592 2124.0847764971 468.1389380386 468.1389380386 468.1389380386 468.1389380386 468.1389380386 468.1389380386 468.1389380386 2096.8397348473 468.1389380386 468.1389380386 468.1389380386 2024.2496099652 2037.2260092441 1939.7079605867 1958.3563992169 1968.1524547449 1744.8860774455 468.1389380386 468.1389380386 468.1389380386 468.1389380386 468.1389380386 468.1389380386 2279.4375964665 468.1389380386 468.1389380386 468.1389380386 468.1389380386 468.1389380386 468.1389380386 468.1389380386 468.1389380386 468.1389380386 468.1389380386 468.1389380386 468.1389380386 468.1389380386 468.1389380386 468.1389380386 468.1389380386 468.1389380386 468.1389380386 468.1389380386 468.1389380386 468.1389380386 468.1389380386 2182.04168319 2089.213799319 2088.2307197809 1872.3582534536 2224.8286831789 468.1389380386 468.1389380386 468.1389380386 2221.9129250552 468.1389380386 468.1389380386 468.1389380386 468.1389380386 468.1389380386 2181.8095403011 2221.946200479 2177.3980476251 2262.3527984523 2251.225664072 2181.9233332266 2257.701832194 2262.5236979954 2302.6733748558 2240.4631139088 2178.983844017 2196.8139663303 2260.8919941623 2209.7064033546 2241.6357964026 2175.1270273787 2144.3547310516 468.1389380386 468.1389380386 468.1389380386 468.1389380386 468.1389380386 468.1389380386 468.1389380386 2222.3963130892 2216.4020901656 468.1389380386 468.1389380386 2298.8837210621 2265.5844033719 468.1389380386 2192.1759243254 468.1389380386 468.1389380386 468.1389380386 468.1389380386 468.1389380386 468.1389380386 468.1389380386 468.1389380386 468.1389380386 468.1389380386 468.1389380386 468.1389380386 468.1389380386 468.1389380386 468.1389380386 468.1389380386 468.1389380386 468.1389380386 468.1389380386 468.1389380386 468.1389380386 468.1389380386 468.1389380386 468.1389380386 468.1389380386 468.1389380386 468.1389380386 468.1389380386 468.1389380386 468.1389380386 468.1389380386 468.1389380386 468.1389380386 468.1389380386 468.1389380386 468.1389380386 468.1389380386 468.1389380386 468.1389380386 468.1389380386 468.1389380386 468.1389380386 468.1389380386 468.1389380386 468.1389380386 468.1389380386 468.1389380386 468.1389380386 468.1389380386 468.1389380386 468.1389380386 468.1389380386 468.1389380386 468.1389380386 468.1389380386 468.1389380386 468.1389380386 468.1389380386 468.1389380386 468.1389380386 468.1389380386 468.1389380386 468.1389380386 468.1389380386 468.1389380386 468.1389380386 468.1389380386 468.1389380386 468.1389380386 468.1389380386 468.1389380386 468.1389380386 468.1389380386 468.1389380386 468.1389380386 468.1389380386 468.1389380386 468.1389380386 468.1389380386 468.1389380386 468.1389380386 468.1389380386 468.1389380386 468.1389380386 468.1389380386 468.1389380386 468.1389380386 468.1389380386 468.1389380386 468.1389380386 468.1389380386 468.1389380386 468.1389380386 468.1389380386 468.1389380386 468.1389380386 468.1389380386 468.1389380386 468.1389380386 468.1389380386 468.1389380386 468.1389380386 468.1389380386 468.1389380386 468.1389380386 468.1389380386 468.1389380386 468.1389380386 468.1389380386 468.1389380386 468.1389380386 468.1389380386 468.1389380386 468.1389380386 468.1389380386 468.1389380386 468.1389380386 468.1389380386 468.1389380386 468.1389380386 468.1389380386 468.1389380386 468.1389380386 468.1389380386 468.1389380386 468.1389380386 468.1389380386 468.1389380386 468.1389380386 468.1389380386 468.1389380386 468.1389380386 468.1389380386 468.1389380386 468.1389380386 468.1389380386 468.1389380386 468.1389380386 468.1389380386 468.1389380386 468.1389380386 468.1389380386 468.1389380386 468.1389380386 468.1389380386 468.1389380386 468.1389380386 468.1389380386 468.1389380386 468.1389380386 468.1389380386 468.1389380386 468.1389380386 468.1389380386 468.1389380386 468.1389380386 468.1389380386 468.1389380386 468.1389380386 468.1389380386 468.1389380386 468.1389380386 468.1389380386 468.1389380386 468.1389380386 468.1389380386 468.1389380386 468.1389380386 468.1389380386 468.1389380386 468.1389380386 468.1389380386 468.1389380386 468.1389380386 468.1389380386 468.1389380386 468.1389380386 468.1389380386 468.1389380386 468.1389380386 468.1389380386 468.1389380386 468.1389380386 468.1389380386 468.1389380386 468.1389380386 468.1389380386 468.1389380386 468.1389380386 468.1389380386 468.1389380386 468.1389380386 468.1389380386 468.1389380386 468.1389380386 468.1389380386 468.1389380386 468.1389380386 468.1389380386 468.1389380386 468.1389380386 468.1389380386 468.1389380386 468.1389380386 468.1389380386 468.1389380386 468.1389380386 468.1389380386 468.1389380386 468.1389380386 468.1389380386 468.1389380386 468.1389380386 468.1389380386 468.1389380386 468.1389380386 468.1389380386 468.1389380386 468.1389380386 468.1389380386 468.1389380386 468.1389380386 468.1389380386 468.1389380386 468.1389380386 468.1389380386 468.1389380386 468.1389380386 468.1389380386 468.1389380386 468.1389380386 468.1389380386 468.1389380386 468.1389380386 468.1389380386 468.1389380386 468.1389380386 468.1389380386 468.1389380386 468.1389380386 468.1389380386 468.1389380386 468.1389380386 468.1389380386 468.1389380386 1059.2862760453 468.1389380386 965.7933021862 468.1389380386 1133.6559994067 992.60976110159 897.67719879977 1139.7245533912 978.27126934577 1144.9143456383 848.46827553774 1113.7248702123 895.71310530418 468.1389380386 843.46166698222 1017.5593869652 468.1389380386 885.01553091201 949.60148682568 917.730655243 958.89392690005 468.1389380386 1133.7588881191 468.1389380386 984.20117666846 889.74410554345 874.99916152111 977.23184140588 468.1389380386 468.1389380386 1020.452584331 915.65806861763 959.81542256474 922.36570663919 963.25616583427 1017.4154791396 1093.132285343 1125.4445130234 1172.2617352938 1093.724958792 1110.5427726265 968.72667550566 1108.5646563242 468.1389380386 468.1389380386 1033.3666139018 468.1389380386 1088.7558217149 1022.5838963271 468.1389380386 468.1389380386 1023.0150492343 468.1389380386 468.1389380386 1070.3419633771 976.45065347572 1037.4028040812 468.1389380386 468.1389380386 989.36044879618 927.5469472517 1040.5217756568 468.1389380386 979.20757519007 883.70854433344 873.03992031982 986.56452638886 1078.2857438357 977.40891074767 468.1389380386 963.61918545239 913.00703875716 894.47640852444 1125.445628823 1125.3507859947 1043.5250488551 880.38321323564 1012.5172302546 468.1389380386 468.1389380386 468.1389380386 468.1389380386 920.24397402548 941.71278356316 973.5567260386 895.9675543514 948.56136340233 854.83490542044 1011.9172546731 468.1389380386 468.1389380386 468.1389380386 1067.7552088807 993.67617986688 1094.493833813 1093.8953878777 1061.8941339217 468.1389380386 1134.5013808437 1017.5345080897 1125.8584916834 468.1389380386 1062.3221664978 468.1389380386 468.1389380386 468.1389380386 935.66066637055 468.1389380386 468.1389380386 950.78490447013 1099.5075067454 979.81981583489 914.77952022933 468.1389380386 468.1389380386 895.15172568583 468.1389380386 468.1389380386 1145.7455570837 468.1389380386 468.1389380386 468.1389380386 468.1389380386 468.1389380386 910.37268358369 865.20473226999 468.1389380386 468.1389380386 468.1389380386 468.1389380386 468.1389380386 468.1389380386 855.34148309534 468.1389380386 824.04797806501 468.1389380386 468.1389380386 468.1389380386 468.1389380386 468.1389380386 468.1389380386 468.1389380386 468.1389380386 468.1389380386 1050.6305846656 1051.4430259331 843.5516393834 468.1389380386 468.1389380386 468.1389380386 468.1389380386 468.1389380386 468.1389380386 468.1389380386 468.1389380386 468.1389380386 468.1389380386 468.1389380386 468.1389380386 925.17228778652 468.1389380386 468.1389380386 468.1389380386 468.1389380386 468.1389380386 468.1389380386 468.1389380386 468.1389380386 900.69948688668 468.1389380386 939.21097722284 950.98292294433 468.1389380386 468.1389380386 978.28129312044 468.1389380386 468.1389380386 860.15817015781 827.2484464501 468.1389380386 468.1389380386 468.1389380386 468.1389380386 1049.4004118892 1077.017033039 468.1389380386 468.1389380386 468.1389380386 468.1389380386 468.1389380386 468.1389380386 468.1389380386 468.1389380386 1165.9947471723 468.1389380386 1021.4305314226 468.1389380386 468.1389380386 468.1389380386 468.1389380386 468.1389380386 468.1389380386 468.1389380386 468.1389380386 468.1389380386 468.1389380386 468.1389380386 468.1389380386 468.1389380386 468.1389380386 468.1389380386 468.1389380386 857.84611527711 468.1389380386 916.29112912093 468.1389380386 468.1389380386 468.1389380386 468.1389380386 468.1389380386 468.1389380386 468.1389380386 468.1389380386 468.1389380386 468.1389380386 841.4859612355 468.1389380386 912.27742712696 962.45549644739 468.1389380386 872.39044940511 897.11184329603 899.76225449802 892.65336431313 943.98047569941 867.54776159229 889.70764886896 862.56027672149 976.45193922794 945.21316952506 889.756482486 873.43567608227 882.55679019858 861.88907652905 938.85657294287 1017.963928114 910.66431284591 934.26290057038 906.37312484628 936.3300315627 886.23218292577 468.1389380386 913.98071730954 991.03252155967 468.1389380386 1004.2335937053 908.13088084594 947.46846667433 992.59612048685 919.49197709145 468.1389380386 468.1389380386 468.1389380386 849.92783176948 953.89692674381 468.1389380386 970.49935119402 1001.8077365546 978.45969626848 468.1389380386 468.1389380386 468.1389380386 468.1389380386 468.1389380386 468.1389380386 468.1389380386 961.83134992963 468.1389380386 468.1389380386 468.1389380386 942.27384753301 944.98383515217 925.56521921397 929.62858681125 930.67801375108 890.39495273058 468.1389380386 468.1389380386 468.1389380386 468.1389380386 468.1389380386 468.1389380386 1133.8842561591 468.1389380386 468.1389380386 468.1389380386 468.1389380386 468.1389380386 468.1389380386 468.1389380386 468.1389380386 468.1389380386 468.1389380386 468.1389380386 468.1389380386 468.1389380386 468.1389380386 468.1389380386 468.1389380386 468.1389380386 468.1389380386 468.1389380386 468.1389380386 468.1389380386 468.1389380386 1028.3695270483 963.05233178267 961.37859962957 915.28054624863 1081.4476735826 468.1389380386 468.1389380386 468.1389380386 1071.2933221481 468.1389380386 468.1389380386 468.1389380386 468.1389380386 468.1389380386 1028.2698126666 1070.3458342369 1026.0114365849 1112.971141332 1100.9344639694 1028.2728917096 1104.5426682989 1112.9763107823 1155.0754452822 1089.7363920599 1030.1069770698 1043.1318043383 1110.2770418578 1055.7842079663 1092.0959522808 1020.6135248674 995.28336390692 468.1389380386 468.1389380386 468.1389380386 468.1389380386 468.1389380386 468.1389380386 468.1389380386 1075.3079635286 1068.7545185362 468.1389380386 468.1389380386 1148.5948269039 1121.3361859486 468.1389380386 1026.2211221157 468.1389380386 468.1389380386 468.1389380386 468.1389380386 468.1389380386 468.1389380386 468.1389380386 468.1389380386 468.1389380386 468.1389380386 468.1389380386 468.1389380386 468.1389380386 468.1389380386 468.1389380386 468.1389380386 468.1389380386 468.1389380386 468.1389380386 468.1389380386 468.1389380386 468.1389380386 468.1389380386 468.1389380386 468.1389380386 468.1389380386 468.1389380386 468.1389380386 468.1389380386 468.1389380386 468.1389380386 468.1389380386 468.1389380386 468.1389380386 468.1389380386 468.1389380386 468.1389380386 468.1389380386 468.1389380386 468.1389380386 468.1389380386 468.1389380386 468.1389380386 468.1389380386 468.1389380386 468.1389380386 468.1389380386 468.1389380386 468.1389380386 468.1389380386 468.1389380386 468.1389380386 468.1389380386 468.1389380386 468.1389380386 468.1389380386 468.1389380386 468.1389380386 468.1389380386 468.1389380386 468.1389380386 468.1389380386 468.1389380386 468.1389380386 468.1389380386 468.1389380386 468.1389380386 468.1389380386 468.1389380386 468.1389380386 468.1389380386 468.1389380386 468.1389380386 468.1389380386 468.1389380386 468.1389380386 468.1389380386 468.1389380386 468.1389380386 468.1389380386 468.1389380386 468.1389380386 468.1389380386 468.1389380386 468.1389380386 468.1389380386 468.1389380386 468.1389380386 468.1389380386 468.1389380386 468.1389380386 468.1389380386 468.1389380386 468.1389380386 468.1389380386 468.1389380386 468.1389380386 468.1389380386 468.1389380386 468.1389380386 468.1389380386 468.1389380386 468.1389380386 468.1389380386 468.1389380386 468.1389380386 468.1389380386 468.1389380386 468.1389380386 468.1389380386 468.1389380386 468.1389380386 468.1389380386 468.1389380386 468.1389380386 468.1389380386 468.1389380386 468.1389380386 468.1389380386 468.1389380386 468.1389380386 468.1389380386 468.1389380386 468.1389380386 468.1389380386 468.1389380386 468.1389380386 468.1389380386 468.1389380386 468.1389380386 468.1389380386 468.1389380386 468.1389380386 468.1389380386 468.1389380386 468.1389380386 468.1389380386 468.1389380386 468.1389380386 468.1389380386 468.1389380386 468.1389380386 468.1389380386 468.1389380386 468.1389380386 468.1389380386 468.1389380386 468.1389380386 468.1389380386 468.1389380386 468.1389380386 468.1389380386 468.1389380386 468.1389380386 468.1389380386 468.1389380386 468.1389380386 468.1389380386 468.1389380386 468.1389380386 468.1389380386 468.1389380386 468.1389380386 468.1389380386 468.1389380386 468.1389380386 468.1389380386 468.1389380386 468.1389380386 468.1389380386 468.1389380386 468.1389380386 468.1389380386 468.1389380386 468.1389380386 468.1389380386 468.1389380386 468.1389380386 468.1389380386 468.1389380386 468.1389380386 468.1389380386 468.1389380386 468.1389380386 468.1389380386 468.1389380386 468.1389380386 468.1389380386 468.1389380386 468.1389380386 468.1389380386 468.1389380386 468.1389380386 468.1389380386 468.1389380386 468.1389380386 468.1389380386 468.1389380386 468.1389380386 468.1389380386 468.1389380386 468.1389380386 468.1389380386 468.1389380386 468.1389380386 468.1389380386 468.1389380386 468.1389380386 468.1389380386 468.1389380386 468.1389380386 468.1389380386 468.1389380386 468.1389380386 468.1389380386 468.1389380386 468.1389380386 468.1389380386 468.1389380386 468.1389380386 468.1389380386 468.1389380386 468.1389380386 468.1389380386 468.1389380386 468.1389380386 468.1389380386 468.1389380386 468.1389380386 468.1389380386 468.1389380386 468.1389380386 468.1389380386 468.1389380386 468.1389380386 468.1389380386 468.1389380386 468.1389380386 468.1389380386 468.1389380386 468.1389380386 468.1389380386 468.1389380386 468.1389380386 468.1389380386 988.53044862681 468.1389380386 903.87590548277 468.1389380386 1057.5475825186 927.54502711722 842.8691169545 1064.6120420875 915.25466531951 1069.5519215674 799.32741774076 1040.518798273 841.61924458004 468.1389380386 794.64594912148 949.69273619893 468.1389380386 832.02405742448 889.7514683026 861.3562578439 898.35399969215 468.1389380386 1058.3342533263 468.1389380386 919.08325173489 835.73304249758 822.4490184668 913.54006405897 468.1389380386 468.1389380386 950.47711197022 858.90919110073 898.66651656314 864.98796273675 901.70833414593 948.8067155728 1020.9493116168 1051.3906470423 1094.6338058045 1021.1221214928 1037.2527389305 906.74690534545 1035.6856069078 468.1389380386 468.1389380386 963.33734443065 468.1389380386 1016.2790856136 953.47936012293 468.1389380386 468.1389380386 954.74714493719 468.1389380386 468.1389380386 998.86708686501 913.87436980251 967.09667090853 468.1389380386 468.1389380386 924.9282976041 869.77074942648 968.24677138118 468.1389380386 915.80348826706 830.47659115335 820.73550917308 922.31013147056 1005.4937777304 914.60129139335 468.1389380386 902.43142842186 856.80625275152 840.47541254255 1051.3990803648 1050.6830937561 973.0235895297 827.701005616 945.48935720073 468.1389380386 468.1389380386 468.1389380386 468.1389380386 861.862371059 881.7653372248 911.10243483174 841.27717056611 887.23328051065 803.96047593837 943.91790146549 468.1389380386 468.1389380386 468.1389380386 996.5473487042 929.15173102285 1021.9587160889 1021.1717963533 990.65217011386 468.1389380386 1059.9477514043 949.53944594841 1051.9180022208 468.1389380386 990.31007460256 468.1389380386 468.1389380386 468.1389380386 876.88631429914 468.1389380386 468.1389380386 891.08512455183 1027.1381303954 916.61283680251 858.67658910612 468.1389380386 468.1389380386 841.15000534353 468.1389380386 468.1389380386 1070.3162382362 468.1389380386 468.1389380386 468.1389380386 468.1389380386 468.1389380386 854.17544275397 813.90069842473 468.1389380386 468.1389380386 468.1389380386 468.1389380386 468.1389380386 468.1389380386 805.54708375695 468.1389380386 775.97200317482 468.1389380386 468.1389380386 468.1389380386 468.1389380386 468.1389380386 468.1389380386 468.1389380386 468.1389380386 468.1389380386 979.48547485983 980.59396396799 794.71699973089 468.1389380386 468.1389380386 468.1389380386 468.1389380386 468.1389380386 468.1389380386 468.1389380386 468.1389380386 468.1389380386 468.1389380386 468.1389380386 468.1389380386 867.06777917275 468.1389380386 468.1389380386 468.1389380386 468.1389380386 468.1389380386 468.1389380386 468.1389380386 468.1389380386 845.91979699867 468.1389380386 880.20861352296 890.91727110527 468.1389380386 468.1389380386 915.1682135278 468.1389380386 468.1389380386 809.60703266908 779.27540321921 468.1389380386 468.1389380386 468.1389380386 468.1389380386 978.44227431812 1005.1868586917 468.1389380386 468.1389380386 468.1389380386 468.1389380386 468.1389380386 468.1389380386 468.1389380386 468.1389380386 1088.4210479549 468.1389380386 952.74511869298 468.1389380386 468.1389380386 468.1389380386 468.1389380386 468.1389380386 468.1389380386 468.1389380386 468.1389380386 468.1389380386 468.1389380386 468.1389380386 468.1389380386 468.1389380386 468.1389380386 468.1389380386 468.1389380386 806.85434270275 468.1389380386 859.67245681525 468.1389380386 468.1389380386 468.1389380386 468.1389380386 468.1389380386 468.1389380386 468.1389380386 468.1389380386 468.1389380386 468.1389380386 791.97143297187 468.1389380386 855.97372698967 901.12942817507 468.1389380386 820.00964641382 842.23287175381 844.79935924822 838.46356460979 884.45038335323 815.95542798179 835.73654297026 811.47605053044 912.55452969866 884.75499287996 835.80119003508 821.20303794365 829.25218289266 810.70293961242 879.87507776891 949.54165184985 854.23674015843 875.72861239951 850.7756852832 877.7373219721 832.0063446875 468.1389380386 857.38748563754 926.22508107319 468.1389380386 937.21000536376 852.20526272622 887.66917159744 927.46247154262 862.53489139931 468.1389380386 468.1389380386 468.1389380386 799.97385337494 893.34673385686 468.1389380386 908.22143738097 935.57166109871 915.62872497836 468.1389380386 468.1389380386 468.1389380386 468.1389380386 468.1389380386 468.1389380386 468.1389380386 900.56381528854 468.1389380386 468.1389380386 468.1389380386 883.18048724852 885.44472373534 868.12393804262 871.73958554707 872.63703444529 836.21537921568 468.1389380386 468.1389380386 468.1389380386 468.1389380386 468.1389380386 468.1389380386 1058.5743839296 468.1389380386 468.1389380386 468.1389380386 468.1389380386 468.1389380386 468.1389380386 468.1389380386 468.1389380386 468.1389380386 468.1389380386 468.1389380386 468.1389380386 468.1389380386 468.1389380386 468.1389380386 468.1389380386 468.1389380386 468.1389380386 468.1389380386 468.1389380386 468.1389380386 468.1389380386 958.88564343113 901.71471735974 899.92590687873 857.75793786591 1008.230743346 468.1389380386 468.1389380386 468.1389380386 999.53500895249 468.1389380386 468.1389380386 468.1389380386 468.1389380386 468.1389380386 959.1483794114 998.8933574907 956.19741242511 1039.4849555767 1028.3568262758 959.16764153308 1032.2033726517 1039.5231737997 1078.9519812876 1017.5502979328 959.54236274465 972.89004005619 1037.1717633609 985.09748133072 1019.69444294 952.37223223553 929.68043297472 468.1389380386 468.1389380386 468.1389380386 468.1389380386 468.1389380386 468.1389380386 468.1389380386 1002.9479187218 996.52322664973 468.1389380386 468.1389380386 1073.2998440257 1046.5631219172 468.1389380386 956.9430224806 468.1389380386 468.1389380386 468.1389380386 468.1389380386 468.1389380386 468.1389380386 468.1389380386 468.1389380386 468.1389380386 468.1389380386 468.1389380386 468.1389380386 468.1389380386 468.1389380386 468.1389380386 468.1389380386 468.1389380386 468.1389380386 468.1389380386 468.1389380386 468.1389380386 468.1389380386 468.1389380386 468.1389380386 468.1389380386 468.1389380386 468.1389380386 468.1389380386 468.1389380386 468.1389380386 468.1389380386 468.1389380386 468.1389380386 468.1389380386 468.1389380386 468.1389380386 468.1389380386 468.1389380386 468.1389380386 468.1389380386 468.1389380386 468.1389380386 468.1389380386 468.1389380386 468.1389380386 468.1389380386 468.1389380386 468.1389380386 468.1389380386 468.1389380386 468.1389380386 468.1389380386 468.1389380386 468.1389380386 468.1389380386 468.1389380386 468.1389380386 468.1389380386 468.1389380386 468.1389380386 468.1389380386 468.1389380386 468.1389380386 468.1389380386 468.1389380386 468.1389380386 468.1389380386 468.1389380386 468.1389380386 468.1389380386 468.1389380386 468.1389380386 468.1389380386 468.1389380386 468.1389380386 468.1389380386 468.1389380386 468.1389380386 468.1389380386 468.1389380386 468.1389380386 468.1389380386 468.1389380386 468.1389380386 468.1389380386 468.1389380386 468.1389380386 468.1389380386 468.1389380386 468.1389380386 468.1389380386 468.1389380386 468.1389380386 468.1389380386 468.1389380386 468.1389380386 468.1389380386 468.1389380386 468.1389380386 468.1389380386 468.1389380386 468.1389380386 468.1389380386 468.1389380386 468.1389380386 468.1389380386 468.1389380386 468.1389380386 468.1389380386 468.1389380386 468.1389380386 468.1389380386 468.1389380386 468.1389380386 468.1389380386 468.1389380386 468.1389380386 468.1389380386 468.1389380386 468.1389380386 468.1389380386 468.1389380386 468.1389380386 468.1389380386 468.1389380386 468.1389380386 468.1389380386 468.1389380386 468.1389380386 468.1389380386 468.1389380386 468.1389380386 468.1389380386 468.1389380386 468.1389380386 468.1389380386 468.1389380386 468.1389380386 468.1389380386 468.1389380386 468.1389380386 468.1389380386 468.1389380386 468.1389380386 468.1389380386 468.1389380386 468.1389380386 468.1389380386 468.1389380386 468.1389380386 468.1389380386 468.1389380386 468.1389380386 468.1389380386 468.1389380386 468.1389380386 468.1389380386 468.1389380386 468.1389380386 468.1389380386 468.1389380386 468.1389380386 468.1389380386 468.1389380386 468.1389380386 468.1389380386 468.1389380386 468.1389380386 468.1389380386 468.1389380386 468.1389380386 468.1389380386 468.1389380386 468.1389380386 468.1389380386 468.1389380386 468.1389380386 468.1389380386 468.1389380386 468.1389380386 468.1389380386 468.1389380386 468.1389380386 468.1389380386 468.1389380386 468.1389380386 468.1389380386 468.1389380386 468.1389380386 468.1389380386 468.1389380386 468.1389380386 468.1389380386 468.1389380386 468.1389380386 468.1389380386 468.1389380386 468.1389380386 468.1389380386 468.1389380386 468.1389380386 468.1389380386 468.1389380386 468.1389380386 468.1389380386 468.1389380386 468.1389380386 468.1389380386 468.1389380386 468.1389380386 468.1389380386 468.1389380386 468.1389380386 468.1389380386 468.1389380386 468.1389380386 468.1389380386 468.1389380386 468.1389380386 468.1389380386 468.1389380386 468.1389380386 468.1389380386 468.1389380386 468.1389380386 468.1389380386 468.1389380386 468.1389380386 468.1389380386 468.1389380386 468.1389380386 468.1389380386 468.1389380386 468.1389380386 468.1389380386 468.1389380386 468.1389380386 468.1389380386 468.1389380386 468.1389380386 468.1389380386 468.1389380386 468.1389380386 468.1389380386 468.1389380386 644.73753701887 468.1389380386 625.73425329745 468.1389380386 656.97438572646 632.0085703597 607.19748934956 658.21734313337 628.81791414213 659.05629714472 591.62564929202 654.08557347722 606.72300189586 468.1389380386 589.67696680766 637.05830957007 468.1389380386 603.47131900587 622.29681854932 613.22746152972 624.24240684209 468.1389380386 657.12785206431 468.1389380386 629.89327591166 604.80837473882 600.18874788513 628.37459450185 468.1389380386 468.1389380386 637.29863503565 612.42957213305 624.31388763926 614.31948158572 625.12845320859 636.85939157745 651.16401206891 655.96335095362 664.40546261051 651.79979072092 654.85456776347 627.05029410754 653.23461569014 468.1389380386 468.1389380386 640.45513176342 468.1389380386 651.45146345342 637.81828463153 468.1389380386 468.1389380386 638.3230051618 468.1389380386 468.1389380386 646.6514669749 628.42834846437 640.62228847859 468.1389380386 468.1389380386 631.37704738838 615.79907544782 640.87265626071 468.1389380386 628.95118420637 602.97767390304 599.57172880933 630.6172607997 647.82467367247 628.621432352 468.1389380386 625.31316849901 612.18427988594 606.4657678796 655.96500958966 655.82414881633 642.76192183855 602.21507318985 636.35527136998 468.1389380386 468.1389380386 468.1389380386 468.1389380386 613.46497618724 619.48241404731 627.70197121682 606.67817359014 621.12932738049 593.49225018171 635.66717546294 468.1389380386 468.1389380386 468.1389380386 646.57566493713 632.2961663386 652.20960478557 651.98270372868 645.83060749263 468.1389380386 658.01897816257 637.02390997842 656.43833265139 468.1389380386 645.04271488139 468.1389380386 468.1389380386 468.1389380386 617.99437364317 468.1389380386 468.1389380386 622.11208686607 651.74015874712 629.18842007252 612.27800593335 468.1389380386 468.1389380386 606.56478167634 468.1389380386 468.1389380386 659.185086381 468.1389380386 468.1389380386 468.1389380386 468.1389380386 468.1389380386 610.89937919227 597.06380897184 468.1389380386 468.1389380386 468.1389380386 468.1389380386 468.1389380386 468.1389380386 593.91787640772 468.1389380386 581.24597460894 468.1389380386 468.1389380386 468.1389380386 468.1389380386 468.1389380386 468.1389380386 468.1389380386 468.1389380386 468.1389380386 643.01606776881 643.23985905972 589.54822486841 468.1389380386 468.1389380386 468.1389380386 468.1389380386 468.1389380386 468.1389380386 468.1389380386 468.1389380386 468.1389380386 468.1389380386 468.1389380386 468.1389380386 615.00234685044 468.1389380386 468.1389380386 468.1389380386 468.1389380386 468.1389380386 468.1389380386 468.1389380386 468.1389380386 608.45994335395 468.1389380386 619.71116567627 622.61189210622 468.1389380386 468.1389380386 629.33779564829 468.1389380386 468.1389380386 595.72160076428 582.79826792083 468.1389380386 468.1389380386 468.1389380386 468.1389380386 644.07796173512 648.75384486088 468.1389380386 468.1389380386 468.1389380386 468.1389380386 468.1389380386 468.1389380386 468.1389380386 468.1389380386 664.05099175659 468.1389380386 638.75412327749 468.1389380386 468.1389380386 468.1389380386 468.1389380386 468.1389380386 468.1389380386 468.1389380386 468.1389380386 468.1389380386 468.1389380386 468.1389380386 468.1389380386 468.1389380386 468.1389380386 468.1389380386 468.1389380386 594.56453245306 468.1389380386 612.63839497682 468.1389380386 468.1389380386 468.1389380386 468.1389380386 468.1389380386 468.1389380386 468.1389380386 468.1389380386 468.1389380386 468.1389380386 588.63289779606 468.1389380386 611.49498516852 625.01532045237 468.1389380386 599.32587325103 607.01040114891 607.81520463009 605.69932020608 620.22844611306 597.83449191425 604.79904709 596.18504465594 628.12752189702 620.41806655191 604.82462188069 599.7234572958 602.56531884814 595.92553414041 618.84203011325 636.97853875666 610.9606441914 617.62796954601 609.77824403126 618.22056314927 603.5839936945 468.1389380386 611.93069093989 631.7372072712 468.1389380386 634.21154678772 610.26327188409 621.14708805572 631.98954456368 613.52938231078 468.1389380386 468.1389380386 468.1389380386 591.90153385648 622.77133295339 468.1389380386 626.9462315673 633.78018316026 628.91529613384 468.1389380386 468.1389380386 468.1389380386 468.1389380386 468.1389380386 468.1389380386 468.1389380386 624.86548754585 468.1389380386 468.1389380386 468.1389380386 619.85004250168 620.54316633854 615.29379881588 616.39594907679 616.66278987117 604.96231200044 468.1389380386 468.1389380386 468.1389380386 468.1389380386 468.1389380386 468.1389380386 657.17227160776 468.1389380386 468.1389380386 468.1389380386 468.1389380386 468.1389380386 468.1389380386 468.1389380386 468.1389380386 468.1389380386 468.1389380386 468.1389380386 468.1389380386 468.1389380386 468.1389380386 468.1389380386 468.1389380386 468.1389380386 468.1389380386 468.1389380386 468.1389380386 468.1389380386 468.1389380386 638.99043362838 625.11200376766 624.64933629174 612.13317900783 648.32900766659 468.1389380386 468.1389380386 468.1389380386 646.78172793782 468.1389380386 468.1389380386 468.1389380386 468.1389380386 468.1389380386 638.98327804554 646.65698418519 638.45969832063 653.898963985 651.95299373171 638.98754262998 652.73060581416 653.90658900342 660.63484650218 650.04019977949 639.16118077294 641.74381020757 653.5024019878 644.08712732762 650.41492298125 637.58925544368 632.45106775823 468.1389380386 468.1389380386 468.1389380386 468.1389380386 468.1389380386 468.1389380386 468.1389380386 647.39368175675 646.21925028289 468.1389380386 468.1389380386 659.74475996412 655.09789249118 468.1389380386 639.46004888137 468.1389380386 468.1389380386 468.1389380386 468.1389380386 468.1389380386 468.1389380386 468.1389380386 468.1389380386 468.1389380386 468.1389380386 468.1389380386 468.1389380386 468.1389380386 468.1389380386 468.1389380386 468.1389380386 468.1389380386 468.1389380386 468.1389380386 468.1389380386 468.1389380386 468.1389380386 468.1389380386 468.1389380386 468.1389380386 468.1389380386 468.1389380386 468.1389380386 468.1389380386 468.1389380386 468.1389380386 468.1389380386 468.1389380386 468.1389380386 468.1389380386 468.1389380386 468.1389380386 468.1389380386 468.1389380386 468.1389380386 468.1389380386 468.1389380386 468.1389380386 468.1389380386 468.1389380386 468.1389380386 468.1389380386 468.1389380386 468.1389380386 468.1389380386 468.1389380386 468.1389380386 468.1389380386 468.1389380386 468.1389380386 468.1389380386 468.1389380386 468.1389380386 468.1389380386 468.1389380386 468.1389380386 468.1389380386 468.1389380386 468.1389380386 468.1389380386 468.1389380386 468.1389380386 468.1389380386 468.1389380386 468.1389380386 468.1389380386 468.1389380386 468.1389380386 468.1389380386 468.1389380386 468.1389380386 468.1389380386 468.1389380386 468.1389380386 468.1389380386 468.1389380386 468.1389380386 468.1389380386 468.1389380386 468.1389380386 468.1389380386 468.1389380386 468.1389380386 468.1389380386 468.1389380386 468.1389380386 468.1389380386 468.1389380386 468.1389380386 468.1389380386 468.1389380386 468.1389380386 468.1389380386 468.1389380386 468.1389380386 468.1389380386 468.1389380386 468.1389380386 468.1389380386 468.1389380386 468.1389380386 468.1389380386 468.1389380386 468.1389380386 468.1389380386 468.1389380386 468.1389380386 468.1389380386 468.1389380386 468.1389380386 468.1389380386 468.1389380386 468.1389380386 468.1389380386 468.1389380386 468.1389380386 468.1389380386 468.1389380386 468.1389380386 468.1389380386 468.1389380386 468.1389380386 468.1389380386 468.1389380386 468.1389380386 468.1389380386 468.1389380386 468.1389380386 468.1389380386 468.1389380386 468.1389380386 468.1389380386 468.1389380386 468.1389380386 468.1389380386 468.1389380386 468.1389380386 468.1389380386 468.1389380386 468.1389380386 468.1389380386 468.1389380386 468.1389380386 468.1389380386 468.1389380386 468.1389380386 468.1389380386 468.1389380386 468.1389380386 468.1389380386 468.1389380386 468.1389380386 468.1389380386 468.1389380386 468.1389380386 468.1389380386 468.1389380386 468.1389380386 468.1389380386 468.1389380386 468.1389380386 468.1389380386 468.1389380386 468.1389380386 468.1389380386 468.1389380386 468.1389380386 468.1389380386 468.1389380386 468.1389380386 468.1389380386 468.1389380386 468.1389380386 468.1389380386 468.1389380386 468.1389380386 468.1389380386 468.1389380386 468.1389380386 468.1389380386 468.1389380386 468.1389380386 468.1389380386 468.1389380386 468.1389380386 468.1389380386 468.1389380386 468.1389380386 468.1389380386 468.1389380386 468.1389380386 468.1389380386 468.1389380386 468.1389380386 468.1389380386 468.1389380386 468.1389380386 468.1389380386 468.1389380386 468.1389380386 468.1389380386 468.1389380386 468.1389380386 468.1389380386 468.1389380386 468.1389380386 468.1389380386 468.1389380386 468.1389380386 468.1389380386 468.1389380386 468.1389380386 468.1389380386 468.1389380386 468.1389380386 468.1389380386 468.1389380386 468.1389380386 468.1389380386 468.1389380386 468.1389380386 468.1389380386 468.1389380386 468.1389380386 468.1389380386 468.1389380386 468.1389380386 468.1389380386 468.1389380386 468.1389380386 468.1389380386 468.1389380386 468.1389380386 468.1389380386 468.1389380386 468.1389380386 468.1389380386 468.1389380386 468.1389380386 468.1389380386 552.09321934613 468.1389380386 545.71912877404 468.1389380386 555.5974717383 547.69344008799 538.93535614542 555.90104515453 546.64776317216 556.12872325273 532.57045239684 554.75563033846 538.73082060752 468.1389380386 531.69767652888 549.52949740743 468.1389380386 537.59343202462 544.64751635379 541.2104641122 545.22316155313 468.1389380386 555.62120324364 468.1389380386 547.03357980782 538.10245507999 536.3637537734 546.55212786995 468.1389380386 468.1389380386 549.79031405492 540.94639806422 545.26084624775 541.69521723304 545.52868259175 549.49712473522 553.97221148103 555.27656188488 557.64874183479 554.18755626615 555.04135210173 546.12750415033 554.52521537579 468.1389380386 468.1389380386 550.83097978601 468.1389380386 554.1104338708 549.81570556569 468.1389380386 468.1389380386 549.94298451547 468.1389380386 468.1389380386 552.67259815575 546.52683479335 550.8431895792 468.1389380386 468.1389380386 547.44802009151 542.25581669311 551.02443439334 468.1389380386 546.72126411832 537.43210124036 536.09784355208 547.26726291958 553.04097505345 546.59127984815 468.1389380386 545.55192581924 540.8093604029 538.65324348072 555.2768202928 555.25487319284 551.50261603221 537.11135428609 549.28934555516 468.1389380386 468.1389380386 468.1389380386 468.1389380386 541.43314615745 543.80699332049 546.29285059867 538.73979044183 544.33667529668 533.48677698408 549.10938630961 468.1389380386 468.1389380386 468.1389380386 552.6479006264 547.8066120595 554.31569132757 554.24946803648 552.45378307704 468.1389380386 555.8672766718 549.52390063447 555.42038849072 468.1389380386 552.22071374868 468.1389380386 468.1389380386 468.1389380386 543.13214319089 468.1389380386 468.1389380386 544.51797248465 554.10765713557 546.75273670203 540.86757822021 468.1389380386 468.1389380386 538.70507185761 468.1389380386 468.1389380386 556.16429865297 468.1389380386 468.1389380386 468.1389380386 468.1389380386 468.1389380386 540.36914667669 535.01540554127 468.1389380386 468.1389380386 468.1389380386 468.1389380386 468.1389380386 468.1389380386 533.58238088383 468.1389380386 527.83563465401 468.1389380386 468.1389380386 468.1389380386 468.1389380386 468.1389380386 468.1389380386 468.1389380386 468.1389380386 468.1389380386 551.60438868025 551.66304436713 531.68834472471 468.1389380386 468.1389380386 468.1389380386 468.1389380386 468.1389380386 468.1389380386 468.1389380386 468.1389380386 468.1389380386 468.1389380386 468.1389380386 468.1389380386 541.98555435436 468.1389380386 468.1389380386 468.1389380386 468.1389380386 468.1389380386 468.1389380386 468.1389380386 468.1389380386 539.39595319727 468.1389380386 543.7238809293 544.70186844964 468.1389380386 468.1389380386 546.83435141564 468.1389380386 468.1389380386 534.35217420294 528.53422046001 468.1389380386 468.1389380386 468.1389380386 468.1389380386 551.91913951004 553.31226273938 468.1389380386 468.1389380386 468.1389380386 468.1389380386 468.1389380386 468.1389380386 468.1389380386 468.1389380386 557.59114891697 468.1389380386 550.15544760288 468.1389380386 468.1389380386 468.1389380386 468.1389380386 468.1389380386 468.1389380386 468.1389380386 468.1389380386 468.1389380386 468.1389380386 468.1389380386 468.1389380386 468.1389380386 468.1389380386 468.1389380386 468.1389380386 533.94377537451 468.1389380386 541.03983910401 468.1389380386 468.1389380386 468.1389380386 468.1389380386 468.1389380386 468.1389380386 468.1389380386 468.1389380386 468.1389380386 468.1389380386 531.39078194487 468.1389380386 540.55009375916 545.4591434331 468.1389380386 535.99904006366 538.8540245055 539.19994961023 538.40403898782 544.00998229196 535.34303092307 538.12823562134 534.63388325317 546.49535981066 544.08673571653 538.10511456494 536.14951349127 537.26720313542 534.55218461904 543.4076220171 549.59364935092 540.36215944067 542.98115471553 539.92578525385 543.26147195506 537.68322616189 468.1389380386 540.77397375699 547.55973141015 468.1389380386 548.59189145035 540.10510705292 544.20607478815 547.69042804043 541.40245426744 468.1389380386 468.1389380386 468.1389380386 532.76347731608 544.79283066527 468.1389380386 546.08437669086 548.43238731395 546.66980076179 468.1389380386 468.1389380386 468.1389380386 468.1389380386 468.1389380386 468.1389380386 468.1389380386 545.42091209393 468.1389380386 468.1389380386 468.1389380386 543.69923770295 543.95732008798 542.09645910138 542.45991963871 542.68510216859 538.1841301812 468.1389380386 468.1389380386 468.1389380386 468.1389380386 468.1389380386 468.1389380386 555.63011980661 468.1389380386 468.1389380386 468.1389380386 468.1389380386 468.1389380386 468.1389380386 468.1389380386 468.1389380386 468.1389380386 468.1389380386 468.1389380386 468.1389380386 468.1389380386 468.1389380386 468.1389380386 468.1389380386 468.1389380386 468.1389380386 468.1389380386 468.1389380386 468.1389380386 468.1389380386 550.28863776098 545.50679704476 545.38527460576 540.89552757442 553.20177026956 468.1389380386 468.1389380386 468.1389380386 552.7102660792 468.1389380386 468.1389380386 468.1389380386 468.1389380386 468.1389380386 550.22349892201 552.67350631922 550.16804321896 554.71120085611 554.16901440109 550.22419895142 554.37767686334 554.71240294809 556.56275475775 553.63956066037 550.41014883492 551.16994137045 554.59544038621 551.8968458619 553.74845639882 549.71149203794 547.91167465587 468.1389380386 468.1389380386 468.1389380386 468.1389380386 468.1389380386 468.1389380386 468.1389380386 552.92110142258 552.57177535855 468.1389380386 468.1389380386 556.31015974266 555.06764032759 468.1389380386 550.40088926052 468.1389380386 468.1389380386 468.1389380386 468.1389380386 468.1389380386 468.1389380386 468.1389380386 468.1389380386 468.1389380386 468.1389380386 468.1389380386 468.1389380386 468.1389380386 468.1389380386 468.1389380386 468.1389380386 468.1389380386 468.1389380386 468.1389380386 468.1389380386 468.1389380386 468.1389380386 468.1389380386 468.1389380386 468.1389380386 468.1389380386 468.1389380386 468.1389380386 468.1389380386 468.1389380386 468.1389380386 468.1389380386 468.1389380386 468.1389380386 468.1389380386 468.1389380386 468.1389380386 468.1389380386 468.1389380386 468.1389380386 468.1389380386 468.1389380386 468.1389380386 468.1389380386 468.1389380386 468.1389380386 468.1389380386 468.1389380386 468.1389380386 468.1389380386 468.1389380386 468.1389380386 468.1389380386 468.1389380386 468.1389380386 468.1389380386 468.1389380386 468.1389380386 468.1389380386 468.1389380386 468.1389380386 468.1389380386 468.1389380386 468.1389380386 468.1389380386 468.1389380386 468.1389380386 468.1389380386 468.1389380386 468.1389380386 468.1389380386 468.1389380386 468.1389380386 468.1389380386 468.1389380386 468.1389380386 468.1389380386 468.1389380386 468.1389380386 468.1389380386 468.1389380386 468.1389380386 468.1389380386 468.1389380386 468.1389380386 468.1389380386 468.1389380386 468.1389380386 468.1389380386 468.1389380386 468.1389380386 468.1389380386 468.1389380386 468.1389380386 468.1389380386 468.1389380386 468.1389380386 468.1389380386 468.1389380386 468.1389380386 468.1389380386 468.1389380386 468.1389380386 468.1389380386 468.1389380386 468.1389380386 468.1389380386 468.1389380386 468.1389380386 468.1389380386 468.1389380386 468.1389380386 468.1389380386 468.1389380386 468.1389380386 468.1389380386 468.1389380386 468.1389380386 468.1389380386 468.1389380386 468.1389380386 468.1389380386 468.1389380386 468.1389380386 468.1389380386 468.1389380386 468.1389380386 468.1389380386 468.1389380386 468.1389380386 468.1389380386 468.1389380386 468.1389380386 468.1389380386 468.1389380386 468.1389380386 468.1389380386 468.1389380386 468.1389380386 468.1389380386 468.1389380386 468.1389380386 468.1389380386 468.1389380386 468.1389380386 468.1389380386 468.1389380386 468.1389380386 468.1389380386 468.1389380386 468.1389380386 468.1389380386 468.1389380386 468.1389380386 468.1389380386 468.1389380386 468.1389380386 468.1389380386 468.1389380386 468.1389380386 468.1389380386 468.1389380386 468.1389380386 468.1389380386 468.1389380386 468.1389380386 468.1389380386 468.1389380386 468.1389380386 468.1389380386 468.1389380386 468.1389380386 468.1389380386 468.1389380386 468.1389380386 468.1389380386 468.1389380386 468.1389380386 468.1389380386 468.1389380386 468.1389380386 468.1389380386 468.1389380386 468.1389380386 468.1389380386 468.1389380386 468.1389380386 468.1389380386 468.1389380386 468.1389380386 468.1389380386 468.1389380386 468.1389380386 468.1389380386 468.1389380386 468.1389380386 468.1389380386 468.1389380386 468.1389380386 468.1389380386 468.1389380386 468.1389380386 468.1389380386 468.1389380386 468.1389380386 468.1389380386 468.1389380386 468.1389380386 468.1389380386 468.1389380386 468.1389380386 468.1389380386 468.1389380386 468.1389380386 468.1389380386 468.1389380386 468.1389380386 468.1389380386 468.1389380386 468.1389380386 468.1389380386 468.1389380386 468.1389380386 468.1389380386 468.1389380386 468.1389380386 468.1389380386 468.1389380386 468.1389380386 468.1389380386 468.1389380386 468.1389380386 468.1389380386 468.1389380386 468.1389380386 468.1389380386 468.1389380386 468.1389380386 468.1389380386 468.1389380386 468.1389380386 468.1389380386 468.1389380386 468.1389380386 468.1389380386 534.25767842865 468.1389380386 530.80005072047 468.1389380386 537.26584507658 532.12753998826 526.08566569463 537.41439455873 531.4575031503 537.59142759154 522.01161420971 536.44732368813 525.85611220774 468.1389380386 521.39446768087 532.92716068696 468.1389380386 524.97144850625 529.62077367404 527.47323270169 530.36082055727 468.1389380386 537.24213419438 468.1389380386 531.92707270582 525.43844604523 524.34066322919 531.46804154611 468.1389380386 468.1389380386 533.08101890692 527.41666912826 530.40382411879 527.86681903816 530.61452909543 532.91691046553 535.59995350505 536.81944589677 538.54404785341 535.64728264823 536.42997013828 530.97490512023 536.32851559654 468.1389380386 468.1389380386 533.39955548331 468.1389380386 535.60131299182 533.06274954303 468.1389380386 468.1389380386 533.03319306814 468.1389380386 468.1389380386 534.65593636958 531.36187509597 533.55075192054 468.1389380386 468.1389380386 532.11257762175 528.21129057457 533.71409690354 468.1389380386 531.5553682565 524.94176504341 524.19260110164 531.85055525232 535.07936862885 531.39684846789 468.1389380386 530.62433175032 527.13168127447 525.73349837997 536.82179953567 536.89717154844 533.75126870356 524.62483969538 532.71896273231 468.1389380386 468.1389380386 468.1389380386 468.1389380386 527.88494689077 529.17710836664 531.310706894 525.96986348572 529.75587726564 522.95152731141 532.77461464892 468.1389380386 468.1389380386 468.1389380386 534.65926914264 532.08934113316 535.75987460597 535.66088327876 534.35163841537 468.1389380386 537.24151644468 532.84619202337 536.8982322711 468.1389380386 534.45203017221 468.1389380386 468.1389380386 468.1389380386 528.75558520674 468.1389380386 468.1389380386 529.7730809271 535.91074515818 531.65005772481 527.27428503415 468.1389380386 468.1389380386 525.77646460027 468.1389380386 468.1389380386 537.62004913282 468.1389380386 468.1389380386 468.1389380386 468.1389380386 468.1389380386 527.03403508041 523.58726797611 468.1389380386 468.1389380386 468.1389380386 468.1389380386 468.1389380386 468.1389380386 522.73534145966 468.1389380386 518.91352721057 468.1389380386 468.1389380386 468.1389380386 468.1389380386 468.1389380386 468.1389380386 468.1389380386 468.1389380386 468.1389380386 533.99382632755 533.97984806043 521.36779164454 468.1389380386 468.1389380386 468.1389380386 468.1389380386 468.1389380386 468.1389380386 468.1389380386 468.1389380386 468.1389380386 468.1389380386 468.1389380386 468.1389380386 528.10691916692 468.1389380386 468.1389380386 468.1389380386 468.1389380386 468.1389380386 468.1389380386 468.1389380386 468.1389380386 526.20387155543 468.1389380386 528.92057011232 529.78106437876 468.1389380386 468.1389380386 531.47903240101 468.1389380386 468.1389380386 523.18506323221 519.16575344663 468.1389380386 468.1389380386 468.1389380386 468.1389380386 533.94704599206 535.0185053608 468.1389380386 468.1389380386 468.1389380386 468.1389380386 468.1389380386 468.1389380386 468.1389380386 468.1389380386 538.36306432572 468.1389380386 532.9936030706 468.1389380386 468.1389380386 468.1389380386 468.1389380386 468.1389380386 468.1389380386 468.1389380386 468.1389380386 468.1389380386 468.1389380386 468.1389380386 468.1389380386 468.1389380386 468.1389380386 468.1389380386 468.1389380386 523.17039691434 468.1389380386 527.43412870449 468.1389380386 468.1389380386 468.1389380386 468.1389380386 468.1389380386 468.1389380386 468.1389380386 468.1389380386 468.1389380386 468.1389380386 521.32511625752 468.1389380386 527.18780959207 530.54850161841 468.1389380386 524.16053495629 526.09698129451 526.21609349972 525.66343871588 529.27469792732 523.78827298778 525.41477283371 523.41122650743 531.50881282456 529.46389583169 525.43065151806 524.20300446914 524.8991334567 523.37302959444 528.98518782535 532.90962029501 527.10966938486 528.65643289034 526.70935926085 528.73832494372 525.26204221376 468.1389380386 527.29550565208 532.12524235479 468.1389380386 532.53200796371 526.86393870688 529.5855910009 532.1326813055 527.63816064232 468.1389380386 468.1389380386 468.1389380386 522.39793406222 529.99883177335 468.1389380386 531.20423991793 532.41868922363 531.47473465294 468.1389380386 468.1389380386 468.1389380386 468.1389380386 468.1389380386 468.1389380386 468.1389380386 530.57682800053 468.1389380386 468.1389380386 468.1389380386 529.22721810434 529.43277944225 528.04206898853 528.35445231291 528.35158532551 525.48987625823 468.1389380386 468.1389380386 468.1389380386 468.1389380386 468.1389380386 468.1389380386 537.24157603069 468.1389380386 468.1389380386 468.1389380386 468.1389380386 468.1389380386 468.1389380386 468.1389380386 468.1389380386 468.1389380386 468.1389380386 468.1389380386 468.1389380386 468.1389380386 468.1389380386 468.1389380386 468.1389380386 468.1389380386 468.1389380386 468.1389380386 468.1389380386 468.1389380386 468.1389380386 533.2658123264 530.63668283131 530.53043838992 527.48946253793 535.13055222393 468.1389380386 468.1389380386 468.1389380386 534.82185069342 468.1389380386 468.1389380386 468.1389380386 468.1389380386 468.1389380386 533.27391192549 534.65481609636 533.14313100749 536.40741759989 535.95663254274 533.27289720759 536.10059605037 536.40613077402 537.93720651875 535.43600271031 533.24992035109 533.7009053319 536.29142863983 534.08578191853 535.57510219624 533.03766292327 532.19920282615 468.1389380386 468.1389380386 468.1389380386 468.1389380386 468.1389380386 468.1389380386 468.1389380386 534.81853940895 534.68174566148 468.1389380386 468.1389380386 537.69315311176 536.82125936226 468.1389380386 533.10958884328 468.1389380386 468.1389380386 468.1389380386 468.1389380386 468.1389380386 468.1389380386 468.1389380386 468.1389380386 468.1389380386 468.1389380386 468.1389380386 468.1389380386 468.1389380386 468.1389380386 468.1389380386 468.1389380386 468.1389380386 468.1389380386 468.1389380386 468.1389380386 468.1389380386 468.1389380386 468.1389380386 468.1389380386 468.1389380386 468.1389380386 468.1389380386 468.1389380386 468.1389380386 468.1389380386 468.1389380386 468.1389380386 468.1389380386 468.1389380386 468.1389380386 468.1389380386 468.1389380386 468.1389380386 468.1389380386 468.1389380386 468.1389380386 468.1389380386 468.1389380386 468.1389380386 468.1389380386 468.1389380386 468.1389380386 468.1389380386 468.1389380386 468.1389380386 468.1389380386 468.1389380386 468.1389380386 468.1389380386 468.1389380386 468.1389380386 468.1389380386 468.1389380386 468.1389380386 468.1389380386 468.1389380386 468.1389380386 468.1389380386 468.1389380386 468.1389380386 468.1389380386 468.1389380386 468.1389380386 468.1389380386 468.1389380386 468.1389380386 468.1389380386 468.1389380386 468.1389380386 468.1389380386 468.1389380386 468.1389380386 468.1389380386 468.1389380386 468.1389380386 468.1389380386 468.1389380386 468.1389380386 468.1389380386 468.1389380386 468.1389380386 468.1389380386 468.1389380386 468.1389380386 468.1389380386 468.1389380386 468.1389380386 468.1389380386 468.1389380386 468.1389380386 468.1389380386 468.1389380386 468.1389380386 468.1389380386 468.1389380386 468.1389380386 468.1389380386 468.1389380386 468.1389380386 468.1389380386 468.1389380386 468.1389380386 468.1389380386 468.1389380386 468.1389380386 468.1389380386 468.1389380386 468.1389380386 468.1389380386 468.1389380386 468.1389380386 468.1389380386 468.1389380386 468.1389380386 468.1389380386 468.1389380386 468.1389380386 468.1389380386 468.1389380386 468.1389380386 468.1389380386 468.1389380386 468.1389380386 468.1389380386 468.1389380386 468.1389380386 468.1389380386 468.1389380386 468.1389380386 468.1389380386 468.1389380386 468.1389380386 468.1389380386 468.1389380386 468.1389380386 468.1389380386 468.1389380386 468.1389380386 468.1389380386 468.1389380386 468.1389380386 468.1389380386 468.1389380386 468.1389380386 468.1389380386 468.1389380386 468.1389380386 468.1389380386 468.1389380386 468.1389380386 468.1389380386 468.1389380386 468.1389380386 468.1389380386 468.1389380386 468.1389380386 468.1389380386 468.1389380386 468.1389380386 468.1389380386 468.1389380386 468.1389380386 468.1389380386 468.1389380386 468.1389380386 468.1389380386 468.1389380386 468.1389380386 468.1389380386 468.1389380386 468.1389380386 468.1389380386 468.1389380386 468.1389380386 468.1389380386 468.1389380386 468.1389380386 468.1389380386 468.1389380386 468.1389380386 468.1389380386 468.1389380386 468.1389380386 468.1389380386 468.1389380386 468.1389380386 468.1389380386 468.1389380386 468.1389380386 468.1389380386 468.1389380386 468.1389380386 468.1389380386 468.1389380386 468.1389380386 468.1389380386 468.1389380386 468.1389380386 468.1389380386 468.1389380386 468.1389380386 468.1389380386 468.1389380386 468.1389380386 468.1389380386 468.1389380386 468.1389380386 468.1389380386 468.1389380386 468.1389380386 468.1389380386 468.1389380386 468.1389380386 468.1389380386 468.1389380386 468.1389380386 468.1389380386 468.1389380386 468.1389380386 468.1389380386 468.1389380386 468.1389380386 468.1389380386 468.1389380386 468.1389380386 468.1389380386 468.1389380386 468.1389380386 468.1389380386 468.1389380386 468.1389380386 468.1389380386 468.1389380386 468.1389380386 468.1389380386 468.1389380386 468.1389380386 468.1389380386 468.1389380386 468.1389380386 555.17785099904 468.1389380386 556.37450659242 468.1389380386 551.48475825125 556.15264672014 559.08876693568 553.29689047675 556.61069047237 553.27974832905 561.88414032825 553.98871057501 559.80319120214 468.1389380386 562.8454569368 551.86919420659 468.1389380386 463.02215814867 452.41374728161 558.82662599398 557.1447211301 468.1389380386 552.05136061889 468.1389380386 553.09963982309 558.92443706939 559.54929634408 554.50032325846 468.1389380386 468.1389380386 554.08526630283 557.748171702 556.54953006809 557.61013534451 556.70460202412 529.5950682882 337.33891356815 472.14175217965 263.88048995036 331.05179936156 320.40823951337 349.78409217211 553.30084031875 468.1389380386 468.1389380386 553.66729694585 468.1389380386 301.7350285877 547.5104662877 468.1389380386 468.1389380386 453.17224774708 468.1389380386 468.1389380386 554.64768835131 556.79385583121 555.29842664514 468.1389380386 468.1389380386 555.75129548997 557.59845362062 552.3292666675 468.1389380386 556.00424163267 559.48475630503 559.52364526185 555.9676968517 552.80099631263 556.5031791463 468.1389380386 556.45240999973 500.23281342612 557.70655906394 473.6942897419 547.90012330774 361.54003985573 419.49499324451 441.13582791334 468.1389380386 468.1389380386 468.1389380386 468.1389380386 554.1895326123 555.04907593587 556.04526673833 559.00912997428 553.27630829597 559.97658531129 553.9385001153 468.1389380386 468.1389380386 468.1389380386 392.30722460832 436.48886013121 277.33970008485 307.79707446068 412.65947886454 468.1389380386 380.47161917388 456.92980709506 442.07275436512 468.1389380386 554.06846255542 468.1389380386 468.1389380386 468.1389380386 557.22169580905 468.1389380386 468.1389380386 557.34887321604 554.14376646666 555.98440249066 558.79112442078 468.1389380386 468.1389380386 559.8843118131 468.1389380386 468.1389380386 553.4216127119 468.1389380386 468.1389380386 468.1389380386 468.1389380386 468.1389380386 557.92501716561 559.77959638235 468.1389380386 468.1389380386 468.1389380386 468.1389380386 468.1389380386 468.1389380386 561.17914175015 468.1389380386 568.83806986972 468.1389380386 468.1389380386 468.1389380386 468.1389380386 468.1389380386 468.1389380386 468.1389380386 468.1389380386 468.1389380386 555.0937562107 555.13231846229 499.21676121006 468.1389380386 468.1389380386 468.1389380386 468.1389380386 468.1389380386 468.1389380386 468.1389380386 468.1389380386 468.1389380386 468.1389380386 468.1389380386 468.1389380386 557.57419054374 468.1389380386 468.1389380386 468.1389380386 468.1389380386 468.1389380386 468.1389380386 468.1389380386 468.1389380386 379.95890711458 468.1389380386 385.28806902178 311.59910961862 468.1389380386 468.1389380386 285.29582117165 468.1389380386 468.1389380386 517.83058287206 549.9697260924 468.1389380386 468.1389380386 468.1389380386 468.1389380386 295.19494412655 258.88290518972 468.1389380386 468.1389380386 468.1389380386 468.1389380386 468.1389380386 468.1389380386 468.1389380386 468.1389380386 297.15164184636 468.1389380386 277.9538235929 468.1389380386 468.1389380386 468.1389380386 468.1389380386 468.1389380386 468.1389380386 468.1389380386 468.1389380386 468.1389380386 468.1389380386 468.1389380386 468.1389380386 468.1389380386 468.1389380386 468.1389380386 468.1389380386 559.50483159708 468.1389380386 558.56708398347 468.1389380386 468.1389380386 468.1389380386 468.1389380386 468.1389380386 468.1389380386 468.1389380386 468.1389380386 468.1389380386 468.1389380386 562.07660426222 468.1389380386 558.59837359918 556.92431364751 468.1389380386 559.70374358281 559.31042244929 558.88063230379 559.05218552397 556.65937776664 559.78371423443 559.22188865375 559.97999119575 554.73413262822 555.05276524768 558.96822736984 559.60892896404 559.54598942695 560.00952281364 557.1485515429 555.6985546206 557.38077143515 557.00396939297 558.62630337628 557.22863617538 559.04113802859 468.1389380386 558.17555067932 556.04828463352 468.1389380386 555.44958960952 558.20847464221 556.75986683848 556.02847447061 558.08925041346 468.1389380386 468.1389380386 468.1389380386 560.23653943923 556.73643274663 468.1389380386 556.45419004987 556.07037228742 556.68777234195 468.1389380386 468.1389380386 468.1389380386 468.1389380386 468.1389380386 468.1389380386 468.1389380386 556.80955186455 468.1389380386 468.1389380386 468.1389380386 557.51914982662 557.38214102145 558.11856004479 558.07953943474 557.68407516659 559.43900878498 468.1389380386 468.1389380386 468.1389380386 468.1389380386 468.1389380386 468.1389380386 552.54071948486 468.1389380386 468.1389380386 468.1389380386 468.1389380386 468.1389380386 468.1389380386 468.1389380386 468.1389380386 468.1389380386 468.1389380386 468.1389380386 468.1389380386 468.1389380386 468.1389380386 468.1389380386 468.1389380386 468.1389380386 468.1389380386 468.1389380386 468.1389380386 468.1389380386 468.1389380386 555.2110722018 556.46168984495 556.5714567652 557.56459485081 552.71893992652 468.1389380386 468.1389380386 468.1389380386 554.20067646267 468.1389380386 468.1389380386 468.1389380386 468.1389380386 468.1389380386 555.45180335884 554.69234547842 555.07306635749 553.6828740522 554.04518977056 555.53982945431 554.22433355608 553.78715236595 553.26353313904 554.39540913051 554.61283715008 555.25107973384 553.96531011646 555.26382269542 553.97954087476 555.77212634622 556.11915026419 468.1389380386 468.1389380386 468.1389380386 468.1389380386 468.1389380386 468.1389380386 468.1389380386 553.51072416467 553.77786943681 468.1389380386 468.1389380386 535.30537978158 552.10211530006 468.1389380386 347.05092462219 468.1389380386 468.1389380386 468.1389380386 468.1389380386 468.1389380386 468.1389380386 468.1389380386 468.1389380386 468.1389380386 468.1389380386 468.1389380386 468.1389380386 468.1389380386 468.1389380386 468.1389380386 468.1389380386 468.1389380386 468.1389380386 468.1389380386 468.1389380386 468.1389380386 468.1389380386 468.1389380386 468.1389380386 468.1389380386 468.1389380386 468.1389380386 468.1389380386 468.1389380386 468.1389380386 468.1389380386 468.1389380386 468.1389380386 468.1389380386 468.1389380386 468.1389380386 468.1389380386 468.1389380386 468.1389380386 468.1389380386 468.1389380386 468.1389380386 468.1389380386 468.1389380386 468.1389380386 468.1389380386 468.1389380386 468.1389380386 468.1389380386 468.1389380386 468.1389380386 468.1389380386 468.1389380386 468.1389380386 468.1389380386 468.1389380386 468.1389380386 468.1389380386 468.1389380386 468.1389380386 468.1389380386 468.1389380386 468.1389380386 468.1389380386 468.1389380386 468.1389380386 468.1389380386 468.1389380386 468.1389380386 468.1389380386 468.1389380386 468.1389380386 468.1389380386 468.1389380386 468.1389380386 468.1389380386 468.1389380386 468.1389380386 468.1389380386 468.1389380386 468.1389380386 468.1389380386 468.1389380386 468.1389380386 468.1389380386 468.1389380386 468.1389380386 468.1389380386 468.1389380386 468.1389380386 468.1389380386 468.1389380386 468.1389380386 468.1389380386 468.1389380386 468.1389380386 468.1389380386 468.1389380386 468.1389380386 468.1389380386 468.1389380386 468.1389380386 468.1389380386 468.1389380386 468.1389380386 468.1389380386 468.1389380386 468.1389380386 468.1389380386 468.1389380386 468.1389380386 468.1389380386 468.1389380386 468.1389380386 468.1389380386 468.1389380386 468.1389380386 468.1389380386 468.1389380386 468.1389380386 468.1389380386 468.1389380386 468.1389380386 468.1389380386 468.1389380386 468.1389380386 468.1389380386 468.1389380386 468.1389380386 468.1389380386 468.1389380386 468.1389380386 468.1389380386 468.1389380386 468.1389380386 468.1389380386 468.1389380386 468.1389380386 468.1389380386 468.1389380386 468.1389380386 468.1389380386 468.1389380386 468.1389380386 468.1389380386 468.1389380386 468.1389380386 468.1389380386 468.1389380386 468.1389380386 468.1389380386 468.1389380386 468.1389380386 468.1389380386 468.1389380386 468.1389380386 468.1389380386 468.1389380386 468.1389380386 468.1389380386 468.1389380386 468.1389380386 468.1389380386 468.1389380386 468.1389380386 468.1389380386 468.1389380386 468.1389380386 468.1389380386 468.1389380386 468.1389380386 468.1389380386 468.1389380386 468.1389380386 468.1389380386 468.1389380386 468.1389380386 468.1389380386 468.1389380386 468.1389380386 468.1389380386 468.1389380386 468.1389380386 468.1389380386 468.1389380386 468.1389380386 468.1389380386 468.1389380386 468.1389380386 468.1389380386 468.1389380386 468.1389380386 468.1389380386 468.1389380386 468.1389380386 468.1389380386 468.1389380386 468.1389380386 468.1389380386 468.1389380386 468.1389380386 468.1389380386 468.1389380386 468.1389380386 468.1389380386 468.1389380386 468.1389380386 468.1389380386 468.1389380386 468.1389380386 468.1389380386 468.1389380386 468.1389380386 468.1389380386 468.1389380386 468.1389380386 468.1389380386 468.1389380386 468.1389380386 468.1389380386 468.1389380386 468.1389380386 468.1389380386 468.1389380386 468.1389380386 468.1389380386 468.1389380386 468.1389380386 468.1389380386 468.1389380386 468.1389380386 468.1389380386 468.1389380386 468.1389380386 468.1389380386 468.1389380386 468.1389380386 468.1389380386 468.1389380386 468.1389380386 468.1389380386 468.1389380386 468.1389380386 468.1389380386 468.1389380386 341.30066626456 468.1389380386 328.78040466173 468.1389380386 231.63162961012 346.06969589247 326.52864574859 298.44329120965 427.66527208421 281.6270545845 232.2475347616 412.29001454237 243.53617525102 468.1389380386 200.57570268775 197.75010114116 468.1389380386 194.44284902622 194.84268251937 211.1495157556 291.28847084554 468.1389380386 207.93603947489 468.1389380386 221.15108746552 262.51982141834 321.7366929372 202.32251328898 468.1389380386 468.1389380386 259.37852057042 264.39253035054 338.0354001603 284.21051723338 385.00551353929 194.53818392671 194.61871670303 194.4542508119 194.65673106513 194.84186473782 194.88370388844 194.70971666358 205.63486933962 468.1389380386 468.1389380386 200.69328771509 468.1389380386 194.94521680196 198.34920555566 468.1389380386 468.1389380386 194.56283887622 468.1389380386 468.1389380386 313.48831142896 367.47403142767 370.49056534497 468.1389380386 468.1389380386 287.970080652 289.51460412078 230.67484411688 468.1389380386 272.7592259979 278.99289057971 296.86839178099 255.094698452 246.11429727607 211.9988681078 468.1389380386 241.73422921453 194.86134393801 199.83630292321 194.45357468376 197.27222247618 194.89194637852 194.63164097142 194.6331935214 468.1389380386 468.1389380386 468.1389380386 468.1389380386 211.23502562858 241.50876595756 294.88965047116 316.43734780018 224.34885685763 376.77835063992 216.69633004656 468.1389380386 468.1389380386 468.1389380386 194.57930992706 194.45955387117 194.78187415903 194.84819657653 194.78959762415 468.1389380386 194.67210187362 194.45976657659 194.61424113416 468.1389380386 309.89587971148 468.1389380386 468.1389380386 468.1389380386 341.924404822 468.1389380386 468.1389380386 344.71114342492 377.86977408775 305.6819379959 300.4353778044 468.1389380386 468.1389380386 285.20586764645 468.1389380386 468.1389380386 373.5583907983 468.1389380386 468.1389380386 468.1389380386 468.1389380386 468.1389380386 255.23544733071 251.64956240729 468.1389380386 468.1389380386 468.1389380386 468.1389380386 468.1389380386 468.1389380386 209.69296060593 468.1389380386 204.98721885978 468.1389380386 468.1389380386 468.1389380386 468.1389380386 468.1389380386 468.1389380386 468.1389380386 468.1389380386 468.1389380386 410.58661481497 354.08415370604 194.45222445202 468.1389380386 468.1389380386 468.1389380386 468.1389380386 468.1389380386 468.1389380386 468.1389380386 468.1389380386 468.1389380386 468.1389380386 468.1389380386 468.1389380386 379.83017928015 468.1389380386 468.1389380386 468.1389380386 468.1389380386 468.1389380386 468.1389380386 468.1389380386 468.1389380386 194.64320686633 468.1389380386 194.91372921313 194.67256432421 468.1389380386 468.1389380386 194.62045592444 468.1389380386 468.1389380386 194.70706251041 195.7600088728 468.1389380386 468.1389380386 468.1389380386 468.1389380386 194.84145868508 194.62616547382 468.1389380386 468.1389380386 468.1389380386 468.1389380386 468.1389380386 468.1389380386 468.1389380386 468.1389380386 194.92733135852 468.1389380386 194.76428520377 468.1389380386 468.1389380386 468.1389380386 468.1389380386 468.1389380386 468.1389380386 468.1389380386 468.1389380386 468.1389380386 468.1389380386 468.1389380386 468.1389380386 468.1389380386 468.1389380386 468.1389380386 468.1389380386 317.2906506458 468.1389380386 414.28782640035 468.1389380386 468.1389380386 468.1389380386 468.1389380386 468.1389380386 468.1389380386 468.1389380386 468.1389380386 468.1389380386 468.1389380386 357.54791047581 468.1389380386 360.48429103501 477.58351415983 468.1389380386 355.19338448466 401.9263981959 293.03520384438 263.0162930298 301.19879692253 279.13469986358 301.15032967493 300.37543065237 263.95998852137 255.14672960245 252.33777603505 277.30860692674 344.22661924236 343.04710804603 321.01061877486 360.52596735082 235.85994409378 262.13320930594 285.3569566855 309.94614658911 372.3226022532 468.1389380386 330.19189169401 337.37895077301 468.1389380386 313.40405416877 267.22129435189 274.83689678468 328.53046169387 326.33278015155 468.1389380386 468.1389380386 468.1389380386 317.43917848145 364.95507830358 468.1389380386 380.27651291298 380.89286063855 457.91449836552 468.1389380386 468.1389380386 468.1389380386 468.1389380386 468.1389380386 468.1389380386 468.1389380386 414.63537949527 468.1389380386 468.1389380386 468.1389380386 424.93121051627 458.11886373403 395.26374455116 462.97669555628 374.23602792707 374.21377430979 468.1389380386 468.1389380386 468.1389380386 468.1389380386 468.1389380386 468.1389380386 246.28609199557 468.1389380386 468.1389380386 468.1389380386 468.1389380386 468.1389380386 468.1389380386 468.1389380386 468.1389380386 468.1389380386 468.1389380386 468.1389380386 468.1389380386 468.1389380386 468.1389380386 468.1389380386 468.1389380386 468.1389380386 468.1389380386 468.1389380386 468.1389380386 468.1389380386 468.1389380386 257.3006605698 308.93943518315 366.23732136168 367.16212898413 254.81120996657 468.1389380386 468.1389380386 468.1389380386 280.39266620519 468.1389380386 468.1389380386 468.1389380386 468.1389380386 468.1389380386 316.91185449329 324.84879661634 294.65477106887 293.97211331952 346.12731298607 343.66245621388 273.51155676666 325.35459982847 350.8933652451 384.97499397641 292.28007537406 304.93848108235 325.36039179398 378.55634113108 300.02103320047 341.66077741956 384.02383762104 468.1389380386 468.1389380386 468.1389380386 468.1389380386 468.1389380386 468.1389380386 468.1389380386 242.91301845003 279.01493009198 468.1389380386 468.1389380386 194.97018327768 231.31099112253 468.1389380386 194.8182715699 468.1389380386 468.1389380386 468.1389380386 468.1389380386 468.1389380386 468.1389380386 468.1389380386 468.1389380386 468.1389380386 468.1389380386 468.1389380386 468.1389380386 468.1389380386 468.1389380386 468.1389380386 468.1389380386 468.1389380386 468.1389380386 468.1389380386 468.1389380386 468.1389380386 468.1389380386 468.1389380386 468.1389380386 468.1389380386 468.1389380386 468.1389380386 468.1389380386 468.1389380386 468.1389380386 468.1389380386 468.1389380386 468.1389380386 468.1389380386 468.1389380386 468.1389380386 468.1389380386 468.1389380386 468.1389380386 468.1389380386 468.1389380386 468.1389380386 468.1389380386 468.1389380386 468.1389380386 468.1389380386 468.1389380386 468.1389380386 468.1389380386 468.1389380386 468.1389380386 468.1389380386 468.1389380386 468.1389380386 468.1389380386 468.1389380386 468.1389380386 468.1389380386 468.1389380386 468.1389380386 468.1389380386 468.1389380386 468.1389380386 468.1389380386 468.1389380386 468.1389380386 468.1389380386 468.1389380386 468.1389380386 468.1389380386 468.1389380386 468.1389380386 468.1389380386 468.1389380386 468.1389380386 468.1389380386 468.1389380386 468.1389380386 468.1389380386 468.1389380386 468.1389380386 468.1389380386 468.1389380386 468.1389380386 468.1389380386 468.1389380386 468.1389380386 468.1389380386 468.1389380386 468.1389380386 468.1389380386 468.1389380386 468.1389380386 468.1389380386 468.1389380386 468.1389380386 468.1389380386 468.1389380386 468.1389380386 468.1389380386 468.1389380386 468.1389380386 468.1389380386 468.1389380386 468.1389380386 468.1389380386 468.1389380386 468.1389380386 468.1389380386 468.1389380386 468.1389380386 468.1389380386 468.1389380386 468.1389380386 468.1389380386 468.1389380386 468.1389380386 468.1389380386 468.1389380386 468.1389380386 468.1389380386 468.1389380386 468.1389380386 468.1389380386 468.1389380386 468.1389380386 468.1389380386 468.1389380386 468.1389380386 468.1389380386 468.1389380386 468.1389380386 468.1389380386 468.1389380386 468.1389380386 468.1389380386 468.1389380386 468.1389380386 468.1389380386 468.1389380386 468.1389380386 468.1389380386 468.1389380386 468.1389380386 468.1389380386 468.1389380386 468.1389380386 468.1389380386 468.1389380386 468.1389380386 468.1389380386 468.1389380386 468.1389380386 468.1389380386 468.1389380386 468.1389380386 468.1389380386 468.1389380386 468.1389380386 468.1389380386 468.1389380386 468.1389380386 468.1389380386 468.1389380386 468.1389380386 468.1389380386 468.1389380386 468.1389380386 468.1389380386 468.1389380386 468.1389380386 468.1389380386 468.1389380386 468.1389380386 468.1389380386 468.1389380386 468.1389380386 468.1389380386 468.1389380386 468.1389380386 468.1389380386 468.1389380386 468.1389380386 468.1389380386 468.1389380386 468.1389380386 468.1389380386 468.1389380386 468.1389380386 468.1389380386 468.1389380386 468.1389380386 468.1389380386 468.1389380386 468.1389380386 468.1389380386 468.1389380386 468.1389380386 468.1389380386 468.1389380386 468.1389380386 468.1389380386 468.1389380386 468.1389380386 468.1389380386 468.1389380386 468.1389380386 468.1389380386 468.1389380386 468.1389380386 468.1389380386 468.1389380386 468.1389380386 468.1389380386 468.1389380386 468.1389380386 468.1389380386 468.1389380386 468.1389380386 468.1389380386 468.1389380386 468.1389380386 468.1389380386 468.1389380386 468.1389380386 468.1389380386 468.1389380386 468.1389380386 468.1389380386 468.1389380386 468.1389380386 468.1389380386 468.1389380386 468.1389380386 468.1389380386 468.1389380386 468.1389380386 468.1389380386 468.1389380386 468.1389380386 468.1389380386 468.1389380386 468.1389380386 468.1389380386 468.1389380386 249.80490099972 468.1389380386 249.92164447863 468.1389380386 250.05330918716 249.89338636051 249.93845586318 249.85503552648 249.87492891627 249.83938317203 249.76612493959 249.827680434 249.80022140725 468.1389380386 249.70744131413 249.82075861171 468.1389380386 249.7750031003 249.58001128713 249.76121416273 249.80098101046 468.1389380386 249.95917816291 468.1389380386 250.17964047645 249.95484213695 249.96085771588 250.01111674678 468.1389380386 468.1389380386 250.05801648521 249.95143831102 249.91421387628 249.93867769719 249.90214433247 249.96472274822 249.64760037719 249.83726642786 249.50579222415 249.483088479 249.43394163103 249.5949868202 249.86582216573 468.1389380386 468.1389380386 249.65283942373 468.1389380386 249.3387956288 249.97769867561 468.1389380386 468.1389380386 249.71636495657 468.1389380386 468.1389380386 249.85893069632 249.7967797603 249.90751481284 468.1389380386 468.1389380386 249.92854233211 249.90221135645 250.17178090768 468.1389380386 249.90079869102 249.91146348895 249.95216053538 249.87987439252 250.04131361701 249.81919051239 468.1389380386 249.86050557418 249.58922193217 249.7346695065 249.83623976367 249.92348150479 249.4891142208 249.67462030473 249.67941176634 468.1389380386 468.1389380386 468.1389380386 468.1389380386 250.24129793392 250.101079285 249.92465779522 249.95996094243 250.24377148102 250.13648553849 250.02745919458 468.1389380386 468.1389380386 468.1389380386 249.6956041166 249.84531887543 249.41250106129 249.43583654752 249.58817285353 468.1389380386 249.6375946152 249.84564186006 249.68907381081 468.1389380386 249.99525995924 468.1389380386 468.1389380386 468.1389380386 249.94567212107 468.1389380386 468.1389380386 249.79478459804 249.84006983917 249.92776812198 249.81809491836 468.1389380386 468.1389380386 249.79569317168 468.1389380386 468.1389380386 249.8401445296 468.1389380386 468.1389380386 468.1389380386 468.1389380386 468.1389380386 249.95200412829 249.91240731011 468.1389380386 468.1389380386 468.1389380386 468.1389380386 468.1389380386 468.1389380386 249.77579280705 468.1389380386 249.83448588014 468.1389380386 468.1389380386 468.1389380386 468.1389380386 468.1389380386 468.1389380386 468.1389380386 468.1389380386 468.1389380386 249.92535109132 249.86450753134 249.8341895127 468.1389380386 468.1389380386 468.1389380386 468.1389380386 468.1389380386 468.1389380386 468.1389380386 468.1389380386 468.1389380386 468.1389380386 468.1389380386 468.1389380386 250.04662842478 468.1389380386 468.1389380386 468.1389380386 468.1389380386 468.1389380386 468.1389380386 468.1389380386 468.1389380386 249.65437600022 468.1389380386 249.50004415973 249.58445521965 468.1389380386 468.1389380386 249.5935727334 468.1389380386 468.1389380386 249.66140012425 249.71812321737 468.1389380386 468.1389380386 468.1389380386 468.1389380386 249.41050287408 249.52708916251 468.1389380386 468.1389380386 468.1389380386 468.1389380386 468.1389380386 468.1389380386 468.1389380386 468.1389380386 249.33999178824 468.1389380386 249.43280448661 468.1389380386 468.1389380386 468.1389380386 468.1389380386 468.1389380386 468.1389380386 468.1389380386 468.1389380386 468.1389380386 468.1389380386 468.1389380386 468.1389380386 468.1389380386 468.1389380386 468.1389380386 468.1389380386 250.06701037651 468.1389380386 249.906501899 468.1389380386 468.1389380386 468.1389380386 468.1389380386 468.1389380386 468.1389380386 468.1389380386 468.1389380386 468.1389380386 468.1389380386 250.12480009113 468.1389380386 249.9208805275 249.88361999861 468.1389380386 249.9966359736 249.98621588126 249.921314282 249.91611575878 249.94335151499 249.91575323961 249.94605345003 249.93646813343 250.0792376303 250.1112918047 249.93902571192 249.9192986002 249.95883357646 249.98496665077 249.92009554849 249.89373875801 250.00005168513 249.92211792706 249.90878972504 249.90409410739 250.11019645722 468.1389380386 249.95847297199 249.91789379304 468.1389380386 249.95954729715 249.94463323322 249.89675906825 249.90772086239 249.91498581606 468.1389380386 468.1389380386 468.1389380386 250.04242084016 249.93662169847 468.1389380386 249.91496853351 249.88027013957 249.85522272301 468.1389380386 468.1389380386 468.1389380386 468.1389380386 468.1389380386 468.1389380386 468.1389380386 249.87861337484 468.1389380386 468.1389380386 468.1389380386 249.84848664878 249.88690180243 249.87311851016 249.8734882135 249.91271252014 249.96978316951 468.1389380386 468.1389380386 468.1389380386 468.1389380386 468.1389380386 468.1389380386 249.94228975248 468.1389380386 468.1389380386 468.1389380386 468.1389380386 468.1389380386 468.1389380386 468.1389380386 468.1389380386 468.1389380386 468.1389380386 468.1389380386 468.1389380386 468.1389380386 468.1389380386 468.1389380386 468.1389380386 468.1389380386 468.1389380386 468.1389380386 468.1389380386 468.1389380386 468.1389380386 249.88019206076 249.89970615279 249.93080132073 250.16060311719 250.06467771837 468.1389380386 468.1389380386 468.1389380386 249.89922106672 468.1389380386 468.1389380386 468.1389380386 468.1389380386 468.1389380386 249.87651836076 249.85524308696 249.93856057462 249.86223970248 249.85022704739 249.87348209009 249.79427935936 249.85744016675 249.84111841812 249.84939565284 250.00506330362 249.85296670103 249.83014422305 249.81800309329 249.88079355018 249.85503354284 249.91623161011 468.1389380386 468.1389380386 468.1389380386 468.1389380386 468.1389380386 468.1389380386 468.1389380386 249.96506582065 249.98005834197 468.1389380386 468.1389380386 249.77436667017 249.999553567 468.1389380386 249.52036514903 468.1389380386 468.1389380386 468.1389380386 468.1389380386 468.1389380386 468.1389380386 468.1389380386 468.1389380386 468.1389380386 468.1389380386 468.1389380386 468.1389380386 468.1389380386 468.1389380386 468.1389380386 468.1389380386 468.1389380386 468.1389380386 468.1389380386 468.1389380386 468.1389380386 468.1389380386 468.1389380386 468.1389380386 468.1389380386 468.1389380386 468.1389380386 468.1389380386 468.1389380386 468.1389380386 468.1389380386 468.1389380386 468.1389380386 468.1389380386 468.1389380386 468.1389380386 468.1389380386 468.1389380386 468.1389380386 468.1389380386 468.1389380386 468.1389380386 468.1389380386 468.1389380386 468.1389380386 468.1389380386 468.1389380386 468.1389380386 468.1389380386 468.1389380386 468.1389380386 468.1389380386 468.1389380386 468.1389380386 468.1389380386 468.1389380386 468.1389380386 468.1389380386 468.1389380386 468.1389380386 468.1389380386 468.1389380386 468.1389380386 468.1389380386 468.1389380386 468.1389380386 468.1389380386 468.1389380386 468.1389380386 468.1389380386 468.1389380386 468.1389380386 468.1389380386 468.1389380386 468.1389380386 468.1389380386 468.1389380386 468.1389380386 468.1389380386 468.1389380386 468.1389380386 468.1389380386 468.1389380386 468.1389380386 468.1389380386 468.1389380386 468.1389380386 468.1389380386 468.1389380386 468.1389380386 468.1389380386 468.1389380386 468.1389380386 468.1389380386 468.1389380386 468.1389380386 468.1389380386 468.1389380386 468.1389380386 468.1389380386 468.1389380386 468.1389380386 468.1389380386 468.1389380386 468.1389380386 468.1389380386 468.1389380386 468.1389380386 468.1389380386 468.1389380386 468.1389380386 468.1389380386 468.1389380386 468.1389380386 468.1389380386 468.1389380386 468.1389380386 468.1389380386 468.1389380386 468.1389380386 468.1389380386 468.1389380386 468.1389380386 468.1389380386 468.1389380386 468.1389380386 468.1389380386 468.1389380386 468.1389380386 468.1389380386 468.1389380386 468.1389380386 468.1389380386 468.1389380386 468.1389380386 468.1389380386 468.1389380386 468.1389380386 468.1389380386 468.1389380386 468.1389380386 468.1389380386 468.1389380386 468.1389380386 468.1389380386 468.1389380386 468.1389380386 468.1389380386 468.1389380386 468.1389380386 468.1389380386 468.1389380386 468.1389380386 468.1389380386 468.1389380386 468.1389380386 468.1389380386 468.1389380386 468.1389380386 468.1389380386 468.1389380386 468.1389380386 468.1389380386 468.1389380386 468.1389380386 468.1389380386 468.1389380386 468.1389380386 468.1389380386 468.1389380386 468.1389380386 468.1389380386 468.1389380386 468.1389380386 468.1389380386 468.1389380386 468.1389380386 468.1389380386 468.1389380386 468.1389380386 468.1389380386 468.1389380386 468.1389380386 468.1389380386 468.1389380386 468.1389380386 468.1389380386 468.1389380386 468.1389380386 468.1389380386 468.1389380386 468.1389380386 468.1389380386 468.1389380386 468.1389380386 468.1389380386 468.1389380386 468.1389380386 468.1389380386 468.1389380386 468.1389380386 468.1389380386 468.1389380386 468.1389380386 468.1389380386 468.1389380386 468.1389380386 468.1389380386 468.1389380386 468.1389380386 468.1389380386 468.1389380386 468.1389380386 468.1389380386 468.1389380386 468.1389380386 468.1389380386 468.1389380386 468.1389380386 468.1389380386 468.1389380386 468.1389380386 468.1389380386 468.1389380386 468.1389380386 468.1389380386 468.1389380386 468.1389380386 468.1389380386 468.1389380386 468.1389380386 468.1389380386 468.1389380386 468.1389380386 468.1389380386 468.1389380386 468.1389380386 468.1389380386 468.1389380386 468.1389380386 468.1389380386 468.1389380386 468.1389380386 468.1389380386 468.1389380386 337.54650429319 468.1389380386 337.73932691564 468.1389380386 337.95683465238 337.69265054519 337.76709665696 337.62930629345 337.66216384871 337.60345426149 337.39306245966 337.5841259602 337.53877580951 468.1389380386 337.36636205306 337.57269400138 468.1389380386 337.49712796204 337.17515299529 337.45267234137 337.47194698391 468.1389380386 337.80132756238 468.1389380386 338.16557159004 337.79416484881 337.80410204081 337.88712887491 468.1389380386 468.1389380386 337.96461181044 337.78854207567 337.72705295948 337.7674630962 337.70711663357 337.81048677123 337.28674711316 337.59995821127 337.05262523213 337.01514646226 336.93402040768 337.19987763955 337.64712227183 468.1389380386 468.1389380386 337.26303088231 468.1389380386 336.77698095983 337.83192225357 468.1389380386 468.1389380386 337.40029352161 468.1389380386 468.1389380386 337.63573979933 337.53309186327 337.71598748378 468.1389380386 468.1389380386 337.75072099199 337.70722734199 338.15258409987 468.1389380386 337.70489394147 337.7225098717 337.78973511426 337.67033235358 337.93701642779 337.57010417267 468.1389380386 337.63834097656 337.19035972934 337.41953675317 337.5982625594 337.74236135786 337.02509348183 337.3313619541 337.33927371993 468.1389380386 468.1389380386 468.1389380386 468.1389380386 338.26746227973 338.03576049387 337.74430438589 337.8026206466 338.27155008046 338.09426237606 337.91412757875 468.1389380386 468.1389380386 468.1389380386 337.36601129758 337.61325782741 336.89863059419 336.93714821178 337.18862769468 468.1389380386 337.27022622412 337.61379127991 337.35522806931 468.1389380386 337.8609331362 468.1389380386 468.1389380386 468.1389380386 337.77901698296 468.1389380386 468.1389380386 337.52979682762 337.60458837482 337.74944212323 337.56829472399 468.1389380386 468.1389380386 337.53129734725 468.1389380386 468.1389380386 337.60471173511 468.1389380386 468.1389380386 468.1389380386 468.1389380386 468.1389380386 337.78947674611 337.72406887271 468.1389380386 468.1389380386 468.1389380386 468.1389380386 468.1389380386 468.1389380386 337.49065817906 468.1389380386 337.59536582864 468.1389380386 468.1389380386 468.1389380386 468.1389380386 468.1389380386 468.1389380386 468.1389380386 468.1389380386 468.1389380386 337.74544959254 337.6449509132 337.59487634608 468.1389380386 468.1389380386 468.1389380386 468.1389380386 468.1389380386 468.1389380386 468.1389380386 468.1389380386 468.1389380386 468.1389380386 468.1389380386 468.1389380386 337.94579713026 468.1389380386 468.1389380386 468.1389380386 468.1389380386 468.1389380386 468.1389380386 468.1389380386 468.1389380386 337.29793473776 468.1389380386 337.04313635307 337.18248988221 468.1389380386 468.1389380386 337.19754295506 468.1389380386 468.1389380386 337.30953279547 337.40021598958 468.1389380386 468.1389380386 468.1389380386 468.1389380386 336.89533244285 337.08778282796 468.1389380386 468.1389380386 468.1389380386 468.1389380386 468.1389380386 468.1389380386 468.1389380386 468.1389380386 336.77895509565 468.1389380386 336.93214340836 468.1389380386 468.1389380386 468.1389380386 468.1389380386 468.1389380386 468.1389380386 468.1389380386 468.1389380386 468.1389380386 468.1389380386 468.1389380386 468.1389380386 468.1389380386 468.1389380386 468.1389380386 468.1389380386 337.9794712104 468.1389380386 337.71431436791 468.1389380386 468.1389380386 468.1389380386 468.1389380386 468.1389380386 468.1389380386 468.1389380386 468.1389380386 468.1389380386 468.1389380386 338.07495412916 468.1389380386 337.73806500597 337.67651905778 468.1389380386 337.86320631577 337.84599240938 337.73878149011 337.73019449844 337.77518362753 337.7295956868 337.7796468927 337.76381320656 337.99967297919 338.05263436243 337.76803796885 337.73545195151 337.80075833578 337.84392870878 337.73676836351 337.69323261849 337.86884910086 337.7401089679 337.71809336819 337.71033722396 338.05082453735 468.1389380386 337.80016264911 337.73313147227 468.1389380386 337.8019373401 337.77730086655 337.69822143462 337.71632783364 337.72832805238 468.1389380386 468.1389380386 468.1389380386 337.93884568807 337.76406687409 468.1389380386 337.72829950499 337.67098601651 337.6296154781 468.1389380386 468.1389380386 468.1389380386 468.1389380386 468.1389380386 468.1389380386 468.1389380386 337.66824950925 468.1389380386 468.1389380386 468.1389380386 337.61848984161 337.68193971729 337.65917359331 337.65978423322 337.72457301822 337.81884624577 468.1389380386 468.1389380386 468.1389380386 468.1389380386 468.1389380386 468.1389380386 337.77342973103 468.1389380386 468.1389380386 468.1389380386 468.1389380386 468.1389380386 468.1389380386 468.1389380386 468.1389380386 468.1389380386 468.1389380386 468.1389380386 468.1389380386 468.1389380386 468.1389380386 468.1389380386 468.1389380386 468.1389380386 468.1389380386 468.1389380386 468.1389380386 468.1389380386 468.1389380386 337.67085705222 337.7030893213 337.75445248087 338.13411369772 337.97561725328 468.1389380386 468.1389380386 468.1389380386 337.70228807238 468.1389380386 468.1389380386 468.1389380386 468.1389380386 468.1389380386 337.6647891475 337.62964911237 337.76726962584 337.64120518987 337.62136436018 337.65977411918 337.47568164949 337.63327794318 337.60632023124 337.6199911916 337.8771283898 337.62588930718 337.58819513878 337.56814306872 337.67185054436 337.62930301716 337.73038586253 468.1389380386 468.1389380386 468.1389380386 468.1389380386 468.1389380386 468.1389380386 468.1389380386 337.81105350175 337.83582033037 468.1389380386 468.1389380386 337.49585567987 337.8680262036 468.1389380386 337.07668251396 468.1389380386 468.1389380386 468.1389380386 468.1389380386 468.1389380386 468.1389380386 468.1389380386 468.1389380386 468.1389380386 468.1389380386 468.1389380386 468.1389380386 468.1389380386 468.1389380386 468.1389380386 468.1389380386 468.1389380386 468.1389380386 468.1389380386 468.1389380386 468.1389380386 468.1389380386 468.1389380386 468.1389380386 468.1389380386 468.1389380386 468.1389380386 468.1389380386 468.1389380386 468.1389380386 468.1389380386 468.1389380386 468.1389380386 468.1389380386 468.1389380386 468.1389380386 468.1389380386 468.1389380386 468.1389380386 468.1389380386 468.1389380386 468.1389380386 468.1389380386 468.1389380386 468.1389380386 468.1389380386 468.1389380386 468.1389380386 468.1389380386 468.1389380386 468.1389380386 468.1389380386 468.1389380386 468.1389380386 468.1389380386 468.1389380386 468.1389380386 468.1389380386 468.1389380386 468.1389380386 468.1389380386 468.1389380386 468.1389380386 468.1389380386 468.1389380386 468.1389380386 468.1389380386 468.1389380386 468.1389380386 468.1389380386 468.1389380386 468.1389380386 468.1389380386 468.1389380386 468.1389380386 468.1389380386 468.1389380386 468.1389380386 468.1389380386 468.1389380386 468.1389380386 468.1389380386 468.1389380386 468.1389380386 468.1389380386 468.1389380386 468.1389380386 468.1389380386 468.1389380386 468.1389380386 468.1389380386 468.1389380386 468.1389380386 468.1389380386 468.1389380386 468.1389380386 468.1389380386 468.1389380386 468.1389380386 468.1389380386 468.1389380386 468.1389380386 468.1389380386 468.1389380386 468.1389380386 468.1389380386 468.1389380386 468.1389380386 468.1389380386 468.1389380386 468.1389380386 468.1389380386 468.1389380386 468.1389380386 468.1389380386 468.1389380386 468.1389380386 468.1389380386 468.1389380386 468.1389380386 468.1389380386 468.1389380386 468.1389380386 468.1389380386 468.1389380386 468.1389380386 468.1389380386 468.1389380386 468.1389380386 468.1389380386 468.1389380386 468.1389380386 468.1389380386 468.1389380386 468.1389380386 468.1389380386 468.1389380386 468.1389380386 468.1389380386 468.1389380386 468.1389380386 468.1389380386 468.1389380386 468.1389380386 468.1389380386 468.1389380386 468.1389380386 468.1389380386 468.1389380386 468.1389380386 468.1389380386 468.1389380386 468.1389380386 468.1389380386 468.1389380386 468.1389380386 468.1389380386 468.1389380386 468.1389380386 468.1389380386 468.1389380386 468.1389380386 468.1389380386 468.1389380386 468.1389380386 468.1389380386 468.1389380386 468.1389380386 468.1389380386 468.1389380386 468.1389380386 468.1389380386 468.1389380386 468.1389380386 468.1389380386 468.1389380386 468.1389380386 468.1389380386 468.1389380386 468.1389380386 468.1389380386 468.1389380386 468.1389380386 468.1389380386 468.1389380386 468.1389380386 468.1389380386 468.1389380386 468.1389380386 468.1389380386 468.1389380386 468.1389380386 468.1389380386 468.1389380386 468.1389380386 468.1389380386 468.1389380386 468.1389380386 468.1389380386 468.1389380386 468.1389380386 468.1389380386 468.1389380386 468.1389380386 468.1389380386 468.1389380386 468.1389380386 468.1389380386 468.1389380386 468.1389380386 468.1389380386 468.1389380386 468.1389380386 468.1389380386 468.1389380386 468.1389380386 468.1389380386 468.1389380386 468.1389380386 468.1389380386 468.1389380386 468.1389380386 468.1389380386 468.1389380386 468.1389380386 468.1389380386 468.1389380386 468.1389380386 468.1389380386 468.1389380386 468.1389380386 468.1389380386 468.1389380386 468.1389380386 468.1389380386 468.1389380386 468.1389380386 468.1389380386 468.1389380386 468.1389380386 468.1389380386 468.1389380386 468.1389380386 468.1389380386 468.1389380386 492.10971865348 468.1389380386 492.47120974908 468.1389380386 492.87909690324 492.3836949566 492.52327872417 492.26493831825 492.3265377339 492.2164744535 491.82212631259 492.18024154435 492.09523185324 468.1389380386 491.77208874163 492.15881161465 468.1389380386 492.01716698863 491.41381082453 491.93384428579 491.9699699041 468.1389380386 492.58746535417 468.1389380386 493.27065408077 492.57403423928 492.59266793547 492.74836566711 468.1389380386 468.1389380386 492.89368354278 492.56349082856 492.44819641746 492.52396582074 492.41081720167 492.60464038168 491.62289852587 492.2099206709 491.18427527744 491.11407291214 490.96212650768 491.46013317824 492.29833831423 468.1389380386 468.1389380386 491.57845998616 468.1389380386 490.66804626513 492.64483631455 468.1389380386 468.1389380386 491.83567792034 468.1389380386 468.1389380386 492.27699925258 492.08457757509 492.42744929515 468.1389380386 468.1389380386 492.49257368682 492.41102476932 493.24628825869 468.1389380386 492.40664987469 492.43967835334 492.5657279198 492.34185201048 492.84192706945 492.153956865 468.1389380386 492.28187572712 491.44230090009 491.8717420003 492.20674197142 492.47689930657 491.1327045465 491.7065000886 491.72132610801 468.1389380386 468.1389380386 468.1389380386 468.1389380386 493.46182662662 493.02713562971 492.48054248303 492.58989008694 493.46949694157 493.13687641218 492.79899945583 468.1389380386 468.1389380386 468.1389380386 491.77143142516 492.23485263418 490.89584801226 490.96798445841 491.43905587276 468.1389380386 491.59194217724 492.23585267415 491.75122379226 468.1389380386 492.69923961488 468.1389380386 468.1389380386 468.1389380386 492.54563026599 468.1389380386 468.1389380386 492.07840123168 492.21860049748 492.49017578579 492.1505649831 468.1389380386 468.1389380386 492.08121386067 468.1389380386 468.1389380386 492.21883175271 468.1389380386 468.1389380386 468.1389380386 468.1389380386 468.1389380386 492.56524344804 492.4426013967 468.1389380386 468.1389380386 468.1389380386 468.1389380386 468.1389380386 468.1389380386 492.0050404174 468.1389380386 492.20131172544 468.1389380386 468.1389380386 468.1389380386 468.1389380386 468.1389380386 468.1389380386 468.1389380386 468.1389380386 468.1389380386 492.48268974954 492.2942675768 492.20039413781 468.1389380386 468.1389380386 468.1389380386 468.1389380386 468.1389380386 468.1389380386 468.1389380386 468.1389380386 468.1389380386 468.1389380386 468.1389380386 468.1389380386 492.8583954826 468.1389380386 468.1389380386 468.1389380386 468.1389380386 468.1389380386 468.1389380386 468.1389380386 468.1389380386 491.64386197263 468.1389380386 491.16650108388 491.42755653096 468.1389380386 468.1389380386 491.45575900857 468.1389380386 468.1389380386 491.66559484109 491.83553261817 468.1389380386 468.1389380386 468.1389380386 468.1389380386 490.88967136087 491.25013317218 468.1389380386 468.1389380386 468.1389380386 468.1389380386 468.1389380386 468.1389380386 468.1389380386 468.1389380386 490.67174273011 468.1389380386 490.95861115621 468.1389380386 468.1389380386 468.1389380386 468.1389380386 468.1389380386 468.1389380386 468.1389380386 468.1389380386 468.1389380386 468.1389380386 468.1389380386 468.1389380386 468.1389380386 468.1389380386 468.1389380386 468.1389380386 492.9215538998 468.1389380386 492.42431232855 468.1389380386 468.1389380386 468.1389380386 468.1389380386 468.1389380386 468.1389380386 468.1389380386 468.1389380386 468.1389380386 468.1389380386 493.10065602721 468.1389380386 492.46884368463 492.35345093342 468.1389380386 492.7035025393 492.67122140787 492.47018708268 492.45408667901 492.5384423843 492.4529639288 492.54681140638 492.51712206436 492.9594453647 493.05878755448 492.52504374377 492.46394425443 492.58639796771 492.66735141561 492.46641250103 492.38478626612 492.71408458962 492.47267608915 492.43139768078 492.41685551205 493.05539265688 468.1389380386 492.58528096552 492.45959341264 468.1389380386 492.58860878109 492.54241239058 492.39413966537 492.42808742648 492.45058716316 468.1389380386 468.1389380386 468.1389380386 492.84535787313 492.51759770467 468.1389380386 492.45053363796 492.34307750246 492.26551794616 468.1389380386 468.1389380386 468.1389380386 468.1389380386 468.1389380386 468.1389380386 468.1389380386 492.33794708644 468.1389380386 468.1389380386 468.1389380386 492.24466089403 492.36361374786 492.32093166053 492.32207647458 492.44354664389 492.62031596915 468.1389380386 468.1389380386 468.1389380386 468.1389380386 468.1389380386 468.1389380386 492.53515368564 468.1389380386 468.1389380386 468.1389380386 468.1389380386 468.1389380386 468.1389380386 468.1389380386 468.1389380386 468.1389380386 468.1389380386 468.1389380386 468.1389380386 468.1389380386 468.1389380386 468.1389380386 468.1389380386 468.1389380386 468.1389380386 468.1389380386 468.1389380386 468.1389380386 468.1389380386 492.34283571919 492.40326640066 492.49957031772 493.21163671771 492.91432534449 468.1389380386 468.1389380386 468.1389380386 492.40176414552 468.1389380386 468.1389380386 468.1389380386 468.1389380386 468.1389380386 492.33145961314 492.26558100029 492.52360305163 492.28724534091 492.2500496765 492.32205751299 491.97696973784 492.27238398228 492.22184709571 492.24747543165 492.72961109136 492.2585325169 492.1878695603 492.1502806998 492.34469832724 492.26493217618 492.45444547996 468.1389380386 468.1389380386 468.1389380386 468.1389380386 468.1389380386 468.1389380386 468.1389380386 492.60570310218 492.65214613994 468.1389380386 468.1389380386 492.01478229087 492.71254138539 468.1389380386 491.22933949439 468.1389380386 468.1389380386 468.1389380386 468.1389380386 468.1389380386 468.1389380386 468.1389380386 468.1389380386 468.1389380386 468.1389380386 468.1389380386 468.1389380386 468.1389380386 468.1389380386 468.1389380386 468.1389380386 468.1389380386 468.1389380386 468.1389380386 468.1389380386 468.1389380386 468.1389380386 468.1389380386 468.1389380386 468.1389380386 468.1389380386 468.1389380386 468.1389380386 468.1389380386 468.1389380386 468.1389380386 468.1389380386 468.1389380386 468.1389380386 468.1389380386 468.1389380386 468.1389380386 468.1389380386 468.1389380386 468.1389380386 468.1389380386 468.1389380386 468.1389380386 468.1389380386 468.1389380386 468.1389380386 468.1389380386 468.1389380386 468.1389380386 468.1389380386 468.1389380386 468.1389380386 468.1389380386 468.1389380386 468.1389380386 468.1389380386 468.1389380386 468.1389380386 468.1389380386 468.1389380386 468.1389380386 468.1389380386 468.1389380386 468.1389380386 468.1389380386 468.1389380386 468.1389380386 468.1389380386 468.1389380386 468.1389380386 468.1389380386 468.1389380386 468.1389380386 468.1389380386 468.1389380386 468.1389380386 468.1389380386 468.1389380386 468.1389380386 468.1389380386 468.1389380386 468.1389380386 468.1389380386 468.1389380386 468.1389380386 468.1389380386 468.1389380386 468.1389380386 468.1389380386 468.1389380386 468.1389380386 468.1389380386 468.1389380386 468.1389380386 468.1389380386 468.1389380386 468.1389380386 468.1389380386 468.1389380386 468.1389380386 468.1389380386 468.1389380386 468.1389380386 468.1389380386 468.1389380386 468.1389380386 468.1389380386 468.1389380386 468.1389380386 468.1389380386 468.1389380386 468.1389380386 468.1389380386 468.1389380386 468.1389380386 468.1389380386 468.1389380386 468.1389380386 468.1389380386 468.1389380386 468.1389380386 468.1389380386 468.1389380386 468.1389380386 468.1389380386 468.1389380386 468.1389380386 468.1389380386 468.1389380386 468.1389380386 468.1389380386 468.1389380386 468.1389380386 468.1389380386 468.1389380386 468.1389380386 468.1389380386 468.1389380386 468.1389380386 468.1389380386 468.1389380386 468.1389380386 468.1389380386 468.1389380386 468.1389380386 468.1389380386 468.1389380386 468.1389380386 468.1389380386 468.1389380386 468.1389380386 468.1389380386 468.1389380386 468.1389380386 468.1389380386 468.1389380386 468.1389380386 468.1389380386 468.1389380386 468.1389380386 468.1389380386 468.1389380386 468.1389380386 468.1389380386 468.1389380386 468.1389380386 468.1389380386 468.1389380386 468.1389380386 468.1389380386 468.1389380386 468.1389380386 468.1389380386 468.1389380386 468.1389380386 468.1389380386 468.1389380386 468.1389380386 468.1389380386 468.1389380386 468.1389380386 468.1389380386 468.1389380386 468.1389380386 468.1389380386 468.1389380386 468.1389380386 468.1389380386 468.1389380386 468.1389380386 468.1389380386 468.1389380386 468.1389380386 468.1389380386 468.1389380386 468.1389380386 468.1389380386 468.1389380386 468.1389380386 468.1389380386 468.1389380386 468.1389380386 468.1389380386 468.1389380386 468.1389380386 468.1389380386 468.1389380386 468.1389380386 468.1389380386 468.1389380386 468.1389380386 468.1389380386 468.1389380386 468.1389380386 468.1389380386 468.1389380386 468.1389380386 468.1389380386 468.1389380386 468.1389380386 468.1389380386 468.1389380386 468.1389380386 468.1389380386 468.1389380386 468.1389380386 468.1389380386 468.1389380386 468.1389380386 468.1389380386 468.1389380386 468.1389380386 468.1389380386 468.1389380386 468.1389380386 468.1389380386 468.1389380386 468.1389380386 468.1389380386 468.1389380386 468.1389380386 468.1389380386 468.1389380386 468.1389380386 468.1389380386 815.22017250447 468.1389380386 816.05878034521 468.1389380386 817.00551371942 815.85572081332 816.17960679272 815.58020969782 815.72311258598 815.46778801618 814.55329254604 815.38374331825 815.18657375069 468.1389380386 814.43729007748 815.33403707999 468.1389380386 815.0055318589 813.60692147108 814.8123175277 814.8960853817 468.1389380386 816.32856407945 468.1389380386 817.91483640142 816.29739355035 816.34063822669 816.70202080514 468.1389380386 468.1389380386 817.03937997548 816.27292511597 816.00538045247 816.18120126245 815.91864966138 816.36842419519 814.0914679819 815.4525857659 813.07514651848 812.91253868115 812.56064230788 813.71425853444 815.65769200284 468.1389380386 468.1389380386 813.98847320417 468.1389380386 811.87978050797 816.46171527156 468.1389380386 468.1389380386 814.58471069132 468.1389380386 468.1389380386 815.60818860789 815.16186405873 815.95724047506 468.1389380386 468.1389380386 816.10835449195 815.91913126734 817.85823699024 468.1389380386 815.90898050739 815.98561564822 816.27811677678 815.75864163045 816.91921838214 815.32277679825 468.1389380386 815.61950116499 813.67293720334 814.66832472522 815.44521245657 816.07198259128 812.95569312331 814.28524733137 814.31961472696 468.1389380386 468.1389380386 468.1389380386 468.1389380386 818.35897628192 817.34925091998 816.08043639744 816.33419138706 818.37679867154 817.60410704657 816.81956090357 468.1389380386 468.1389380386 468.1389380386 814.43576626819 815.51041903373 812.40716902222 812.57420753566 813.66541786496 468.1389380386 814.01972009393 815.51273881076 814.3889210354 468.1389380386 816.58798843706 468.1389380386 468.1389380386 468.1389380386 816.23147632804 468.1389380386 468.1389380386 815.14753987827 815.47271964798 816.10279018885 815.31490958877 468.1389380386 468.1389380386 815.15406291475 468.1389380386 468.1389380386 815.47325607502 468.1389380386 468.1389380386 468.1389380386 468.1389380386 468.1389380386 816.27699245248 815.99239807673 468.1389380386 468.1389380386 468.1389380386 468.1389380386 468.1389380386 468.1389380386 814.97741058727 468.1389380386 815.43261653482 468.1389380386 468.1389380386 468.1389380386 468.1389380386 468.1389380386 468.1389380386 468.1389380386 468.1389380386 468.1389380386 816.08541904 815.64824839735 815.43048812068 468.1389380386 468.1389380386 468.1389380386 468.1389380386 468.1389380386 468.1389380386 468.1389380386 468.1389380386 468.1389380386 468.1389380386 468.1389380386 468.1389380386 816.95745173416 468.1389380386 468.1389380386 468.1389380386 468.1389380386 468.1389380386 468.1389380386 468.1389380386 468.1389380386 814.14005691443 468.1389380386 813.03397517293 813.63877199423 468.1389380386 468.1389380386 813.70412252379 468.1389380386 468.1389380386 814.19043066438 814.58437381866 468.1389380386 468.1389380386 468.1389380386 468.1389380386 812.39286718206 813.22770543905 468.1389380386 468.1389380386 468.1389380386 468.1389380386 468.1389380386 468.1389380386 468.1389380386 468.1389380386 811.88833697074 468.1389380386 812.55250187742 468.1389380386 468.1389380386 468.1389380386 468.1389380386 468.1389380386 468.1389380386 468.1389380386 468.1389380386 468.1389380386 468.1389380386 468.1389380386 468.1389380386 468.1389380386 468.1389380386 468.1389380386 468.1389380386 817.10408931374 468.1389380386 815.94996182428 468.1389380386 468.1389380386 468.1389380386 468.1389380386 468.1389380386 468.1389380386 468.1389380386 468.1389380386 468.1389380386 468.1389380386 817.51998657193 468.1389380386 816.05329007734 815.78555156383 468.1389380386 816.59788332119 816.52295541697 816.05640732549 816.01904799492 816.21479578243 816.01644279893 816.23421735505 816.16531977309 817.19206955883 817.42275377005 816.1837026833 816.04192138796 816.32608690018 816.51397297752 816.0476487239 815.85825281759 816.6224460871 816.0621828817 815.96640189173 815.93266002267 817.41486990746 468.1389380386 816.32349457709 816.03182571217 468.1389380386 816.3312177366 816.22400875078 815.87995428162 815.95872112423 816.01092783616 468.1389380386 468.1389380386 468.1389380386 816.9271833248 816.16642353006 468.1389380386 816.0108036384 815.76148479754 815.581554306 468.1389380386 468.1389380386 468.1389380386 468.1389380386 468.1389380386 468.1389380386 468.1389380386 815.74958215634 468.1389380386 468.1389380386 468.1389380386 815.53317123589 815.80913001956 815.71010670832 815.71276262549 815.99459136895 816.40480519281 468.1389380386 468.1389380386 468.1389380386 468.1389380386 468.1389380386 468.1389380386 816.20716392355 468.1389380386 468.1389380386 468.1389380386 468.1389380386 468.1389380386 468.1389380386 468.1389380386 468.1389380386 468.1389380386 468.1389380386 468.1389380386 468.1389380386 468.1389380386 468.1389380386 468.1389380386 468.1389380386 468.1389380386 468.1389380386 468.1389380386 468.1389380386 468.1389380386 468.1389380386 815.7609238549 815.90113011211 816.12459020068 817.77774808198 817.08730583405 468.1389380386 468.1389380386 468.1389380386 815.89764456515 468.1389380386 468.1389380386 468.1389380386 468.1389380386 468.1389380386 815.73453124062 815.58170057766 816.18035942372 815.63195780423 815.54567171324 815.7127186354 814.91231702586 815.59748206723 815.48025057656 815.53970016939 816.65848641585 815.56534972986 815.40143667738 815.31425021714 815.76524515224 815.58019544959 816.01988054673 468.1389380386 468.1389380386 468.1389380386 468.1389380386 468.1389380386 468.1389380386 468.1389380386 816.3708906067 816.47868125231 468.1389380386 468.1389380386 815.00000175687 816.61886402169 468.1389380386 813.17953569561 468.1389380386 468.1389380386 468.1389380386 468.1389380386 468.1389380386 468.1389380386 468.1389380386 468.1389380386 468.1389380386 468.1389380386 468.1389380386 468.1389380386 468.1389380386 468.1389380386 468.1389380386 468.1389380386 468.1389380386 468.1389380386 468.1389380386 468.1389380386 468.1389380386 468.1389380386 468.1389380386 468.1389380386 468.1389380386 468.1389380386 468.1389380386 468.1389380386 468.1389380386 468.1389380386 468.1389380386 468.1389380386 468.1389380386 468.1389380386 468.1389380386 468.1389380386 468.1389380386 468.1389380386 468.1389380386 468.1389380386 468.1389380386 468.1389380386 468.1389380386 468.1389380386 468.1389380386 468.1389380386 468.1389380386 468.1389380386 468.1389380386 468.1389380386 468.1389380386 468.1389380386 468.1389380386 468.1389380386 468.1389380386 468.1389380386 468.1389380386 468.1389380386 468.1389380386 468.1389380386 468.1389380386 468.1389380386 468.1389380386 468.1389380386 468.1389380386 468.1389380386 468.1389380386 468.1389380386 468.1389380386 468.1389380386 468.1389380386 468.1389380386 468.1389380386 468.1389380386 468.1389380386 468.1389380386 468.1389380386 468.1389380386 468.1389380386 468.1389380386 468.1389380386 468.1389380386 468.1389380386 468.1389380386 468.1389380386 468.1389380386 468.1389380386 468.1389380386 468.1389380386 468.1389380386 468.1389380386 468.1389380386 468.1389380386 468.1389380386 468.1389380386 468.1389380386 468.1389380386 468.1389380386 468.1389380386 468.1389380386 468.1389380386 468.1389380386 468.1389380386 468.1389380386 468.1389380386 468.1389380386 468.1389380386 468.1389380386 468.1389380386 468.1389380386 468.1389380386 468.1389380386 468.1389380386 468.1389380386 468.1389380386 468.1389380386 468.1389380386 468.1389380386 468.1389380386 468.1389380386 468.1389380386 468.1389380386 468.1389380386 468.1389380386 468.1389380386 468.1389380386 468.1389380386 468.1389380386 468.1389380386 468.1389380386 468.1389380386 468.1389380386 468.1389380386 468.1389380386 468.1389380386 468.1389380386 468.1389380386 468.1389380386 468.1389380386 468.1389380386 468.1389380386 468.1389380386 468.1389380386 468.1389380386 468.1389380386 468.1389380386 468.1389380386 468.1389380386 468.1389380386 468.1389380386 468.1389380386 468.1389380386 468.1389380386 468.1389380386 468.1389380386 468.1389380386 468.1389380386 468.1389380386 468.1389380386 468.1389380386 468.1389380386 468.1389380386 468.1389380386 468.1389380386 468.1389380386 468.1389380386 468.1389380386 468.1389380386 468.1389380386 468.1389380386 468.1389380386 468.1389380386 468.1389380386 468.1389380386 468.1389380386 468.1389380386 468.1389380386 468.1389380386 468.1389380386 468.1389380386 468.1389380386 468.1389380386 468.1389380386 468.1389380386 468.1389380386 468.1389380386 468.1389380386 468.1389380386 468.1389380386 468.1389380386 468.1389380386 468.1389380386 468.1389380386 468.1389380386 468.1389380386 468.1389380386 468.1389380386 468.1389380386 468.1389380386 468.1389380386 468.1389380386 468.1389380386 468.1389380386 468.1389380386 468.1389380386 468.1389380386 468.1389380386 468.1389380386 468.1389380386 468.1389380386 468.1389380386 468.1389380386 468.1389380386 468.1389380386 468.1389380386 468.1389380386 468.1389380386 468.1389380386 468.1389380386 468.1389380386 468.1389380386 468.1389380386 468.1389380386 468.1389380386 468.1389380386 468.1389380386 468.1389380386 468.1389380386 468.1389380386 468.1389380386 468.1389380386 468.1389380386 468.1389380386 468.1389380386 468.1389380386 468.1389380386 468.1389380386 468.1389380386 468.1389380386 468.1389380386 468.1389380386 468.1389380386 468.1389380386 468.1389380386 468.1389380386 468.1389380386 468.1389380386 468.1389380386 468.1389380386 468.1389380386 468.1389380386 468.1389380386 468.1389380386 468.1389380386 468.1389380386 468.1389380386 468.1389380386 468.1389380386 468.1389380386 468.1389380386 468.1389380386 468.1389380386 468.1389380386 468.1389380386 468.1389380386 468.1389380386 468.1389380386 468.1389380386 468.1389380386 468.1389380386 468.1389380386 468.1389380386 468.1389380386 468.1389380386 468.1389380386 468.1389380386 468.1389380386 468.1389380386 468.1389380386 468.1389380386 468.1389380386 468.1389380386 468.1389380386 468.1389380386 468.1389380386 468.1389380386 468.1389380386 468.1389380386 468.1389380386 468.1389380386 468.1389380386 468.1389380386 468.1389380386 468.1389380386 468.1389380386 468.1389380386 468.1389380386 468.1389380386 468.1389380386 468.1389380386 468.1389380386 468.1389380386 468.1389380386 468.1389380386 468.1389380386 468.1389380386 468.1389380386 468.1389380386 468.1389380386 468.1389380386 468.1389380386 468.1389380386 468.1389380386 468.1389380386 468.1389380386 468.1389380386 468.1389380386 468.1389380386 468.1389380386 468.1389380386 468.1389380386 468.1389380386 468.1389380386 468.1389380386 468.1389380386 468.1389380386 468.1389380386 468.1389380386 468.1389380386 468.1389380386 468.1389380386 468.1389380386 468.1389380386 468.1389380386 468.1389380386 468.1389380386 468.1389380386 468.1389380386 468.1389380386 468.1389380386 468.1389380386 468.1389380386 468.1389380386 468.1389380386 468.1389380386 468.1389380386 468.1389380386 468.1389380386 468.1389380386 468.1389380386 468.1389380386 468.1389380386 468.1389380386 468.1389380386 468.1389380386 468.1389380386 468.1389380386 468.1389380386 468.1389380386 468.1389380386 468.1389380386 468.1389380386 468.1389380386 468.1389380386 468.1389380386 468.1389380386 468.1389380386 468.1389380386 468.1389380386 468.1389380386 468.1389380386 468.1389380386 468.1389380386 468.1389380386 468.1389380386 468.1389380386 468.1389380386 468.1389380386 468.1389380386 468.1389380386 468.1389380386 468.1389380386 468.1389380386 468.1389380386 468.1389380386 468.1389380386 468.1389380386 468.1389380386 468.1389380386 468.1389380386 468.1389380386 468.1389380386 468.1389380386 468.1389380386 468.1389380386 468.1389380386 468.1389380386 468.1389380386 468.1389380386 468.1389380386 468.1389380386 468.1389380386 468.1389380386 468.1389380386 468.1389380386 468.1389380386 468.1389380386 468.1389380386 468.1389380386 468.1389380386 468.1389380386 468.1389380386 468.1389380386 468.1389380386 468.1389380386 468.1389380386 468.1389380386 468.1389380386 468.1389380386 468.1389380386 468.1389380386 468.1389380386 468.1389380386 468.1389380386 468.1389380386 468.1389380386 468.1389380386 468.1389380386 468.1389380386 468.1389380386 468.1389380386 468.1389380386 468.1389380386 468.1389380386 468.1389380386 468.1389380386 468.1389380386 468.1389380386 468.1389380386 468.1389380386 468.1389380386 468.1389380386 468.1389380386 468.1389380386 468.1389380386 468.1389380386 468.1389380386 468.1389380386 468.1389380386 468.1389380386 468.1389380386 468.1389380386 468.1389380386 468.1389380386 468.1389380386 468.1389380386 468.1389380386 468.1389380386 468.1389380386 468.1389380386 468.1389380386 468.1389380386 468.1389380386 468.1389380386 468.1389380386 468.1389380386 468.1389380386 468.1389380386 468.1389380386 468.1389380386 468.1389380386 468.1389380386 468.1389380386 468.1389380386 468.1389380386 468.1389380386 468.1389380386 468.1389380386 468.1389380386 468.1389380386 468.1389380386 468.1389380386 468.1389380386 468.1389380386 468.1389380386 468.1389380386 468.1389380386 468.1389380386 468.1389380386 468.1389380386 468.1389380386 468.1389380386 468.1389380386 468.1389380386 468.1389380386 468.1389380386 468.1389380386 468.1389380386 468.1389380386 468.1389380386 468.1389380386 468.1389380386 468.1389380386 468.1389380386 468.1389380386 468.1389380386 468.1389380386 468.1389380386 468.1389380386 468.1389380386 468.1389380386 468.1389380386 468.1389380386 468.1389380386 468.1389380386 468.1389380386 468.1389380386 468.1389380386 468.1389380386 468.1389380386 468.1389380386 468.1389380386 468.1389380386 468.1389380386 468.1389380386 468.1389380386 468.1389380386 468.1389380386 468.1389380386 468.1389380386 468.1389380386 468.1389380386 468.1389380386 468.1389380386 468.1389380386 468.1389380386 468.1389380386 468.1389380386 468.1389380386 468.1389380386 468.1389380386 468.1389380386 468.1389380386 468.1389380386 468.1389380386 468.1389380386 468.1389380386 468.1389380386 468.1389380386 468.1389380386 468.1389380386 468.1389380386 468.1389380386 468.1389380386 468.1389380386 468.1389380386 468.1389380386 468.1389380386 468.1389380386 468.1389380386 468.1389380386 468.1389380386 468.1389380386 468.1389380386 468.1389380386 468.1389380386 468.1389380386 468.1389380386 468.1389380386 468.1389380386 468.1389380386 468.1389380386 468.1389380386 468.1389380386 468.1389380386 468.1389380386 468.1389380386 468.1389380386 468.1389380386 468.1389380386 468.1389380386 468.1389380386 468.1389380386 468.1389380386 468.1389380386 468.1389380386 468.1389380386 468.1389380386 468.1389380386 468.1389380386 468.1389380386 468.1389380386 468.1389380386 468.1389380386 468.1389380386 468.1389380386 468.1389380386 468.1389380386 468.1389380386 468.1389380386 468.1389380386 468.1389380386 468.1389380386 468.1389380386 468.1389380386 468.1389380386 468.1389380386 468.1389380386 468.1389380386 468.1389380386 468.1389380386 468.1389380386 468.1389380386 468.1389380386 468.1389380386 468.1389380386 468.1389380386 468.1389380386 468.1389380386 468.1389380386 468.1389380386 468.1389380386 468.1389380386 468.1389380386 468.1389380386 468.1389380386 468.1389380386 468.1389380386 468.1389380386 468.1389380386 468.1389380386 468.1389380386 468.1389380386 468.1389380386 468.1389380386 468.1389380386 468.1389380386 468.1389380386 468.1389380386 468.1389380386 468.1389380386 468.1389380386 468.1389380386 468.1389380386 468.1389380386 468.1389380386 468.1389380386 468.1389380386 468.1389380386 468.1389380386 468.1389380386 468.1389380386 468.1389380386 468.1389380386 468.1389380386 468.1389380386 468.1389380386 468.1389380386 468.1389380386 468.1389380386 468.1389380386 468.1389380386 468.1389380386 468.1389380386 468.1389380386 468.1389380386 468.1389380386 468.1389380386 468.1389380386 468.1389380386 468.1389380386 468.1389380386 468.1389380386 468.1389380386 468.1389380386 468.1389380386 468.1389380386 468.1389380386 468.1389380386 468.1389380386 468.1389380386 468.1389380386 468.1389380386 468.1389380386 468.1389380386 468.1389380386 468.1389380386 468.1389380386 468.1389380386 468.1389380386 468.1389380386 468.1389380386 468.1389380386 468.1389380386 468.1389380386 468.1389380386 468.1389380386 468.1389380386 468.1389380386 468.1389380386 468.1389380386 468.1389380386 468.1389380386 468.1389380386 468.1389380386 468.1389380386 468.1389380386 468.1389380386 468.1389380386 468.1389380386 468.1389380386 468.1389380386 468.1389380386 468.1389380386 468.1389380386 468.1389380386 468.1389380386 468.1389380386 468.1389380386 468.1389380386 468.1389380386 468.1389380386 468.1389380386 468.1389380386 468.1389380386 468.1389380386 468.1389380386 468.1389380386 468.1389380386 468.1389380386 468.1389380386 468.1389380386 468.1389380386 468.1389380386 468.1389380386 468.1389380386 468.1389380386 468.1389380386 468.1389380386 468.1389380386 468.1389380386 468.1389380386 468.1389380386 468.1389380386 468.1389380386 468.1389380386 468.1389380386 468.1389380386 468.1389380386 468.1389380386 468.1389380386 468.1389380386 468.1389380386 468.1389380386 468.1389380386 468.1389380386 468.1389380386 468.1389380386 468.1389380386 468.1389380386 468.1389380386 468.1389380386 468.1389380386 468.1389380386 468.1389380386 468.1389380386 468.1389380386 468.1389380386 468.1389380386 468.1389380386 468.1389380386 468.1389380386 468.1389380386 468.1389380386 468.1389380386 468.1389380386 468.1389380386 468.1389380386 468.1389380386 468.1389380386 468.1389380386 468.1389380386 468.1389380386 468.1389380386 468.1389380386 468.1389380386 468.1389380386 468.1389380386 468.1389380386 468.1389380386 468.1389380386 468.1389380386 468.1389380386 468.1389380386 468.1389380386 468.1389380386 468.1389380386 468.1389380386 468.1389380386 468.1389380386 468.1389380386 468.1389380386 468.1389380386 468.1389380386 468.1389380386 468.1389380386 468.1389380386 468.1389380386 468.1389380386 468.1389380386 468.1389380386 468.1389380386 468.1389380386 468.1389380386 468.1389380386 468.1389380386 468.1389380386 468.1389380386 468.1389380386 468.1389380386 468.1389380386 468.1389380386 468.1389380386 468.1389380386 468.1389380386 468.1389380386 468.1389380386 468.1389380386 468.1389380386 468.1389380386 468.1389380386 468.1389380386 468.1389380386 468.1389380386 468.1389380386 468.1389380386 468.1389380386 468.1389380386 468.1389380386 468.1389380386 468.1389380386 468.1389380386 468.1389380386 468.1389380386 468.1389380386 468.1389380386 468.1389380386 468.1389380386 468.1389380386 468.1389380386 468.1389380386 468.1389380386 468.1389380386 468.1389380386 468.1389380386 468.1389380386 468.1389380386 468.1389380386 468.1389380386 468.1389380386 468.1389380386 468.1389380386 468.1389380386 468.1389380386 468.1389380386 468.1389380386 468.1389380386 468.1389380386 468.1389380386 468.1389380386 468.1389380386 468.1389380386 468.1389380386 468.1389380386 468.1389380386 468.1389380386 468.1389380386 468.1389380386 468.1389380386 468.1389380386 468.1389380386 468.1389380386 468.1389380386 468.1389380386 468.1389380386 468.1389380386 468.1389380386 468.1389380386 468.1389380386 468.1389380386 468.1389380386 468.1389380386 468.1389380386 468.1389380386 468.1389380386 468.1389380386 468.1389380386 468.1389380386 468.1389380386 468.1389380386 468.1389380386 468.1389380386 468.1389380386 468.1389380386 468.1389380386 468.1389380386 468.1389380386 468.1389380386 468.1389380386 468.1389380386 468.1389380386 468.1389380386 468.1389380386 468.1389380386 468.1389380386 468.1389380386 468.1389380386 468.1389380386 468.1389380386 468.1389380386 468.1389380386 468.1389380386 468.1389380386 468.1389380386 468.1389380386 468.1389380386 468.1389380386 468.1389380386 468.1389380386 468.1389380386 468.1389380386 468.1389380386 468.1389380386 468.1389380386 468.1389380386 468.1389380386 468.1389380386 468.1389380386 468.1389380386 468.1389380386 468.1389380386 468.1389380386 468.1389380386 468.1389380386 468.1389380386 468.1389380386 468.1389380386 468.1389380386 468.1389380386 468.1389380386 468.1389380386 468.1389380386 468.1389380386 468.1389380386 468.1389380386 468.1389380386 468.1389380386 468.1389380386 468.1389380386 468.1389380386 468.1389380386 468.1389380386 468.1389380386 468.1389380386 468.1389380386 468.1389380386 468.1389380386 468.1389380386 468.1389380386 468.1389380386 468.1389380386 468.1389380386 468.1389380386 468.1389380386 468.1389380386 468.1389380386 468.1389380386 468.1389380386 468.1389380386 468.1389380386 468.1389380386 468.1389380386 468.1389380386 468.1389380386 468.1389380386 468.1389380386 468.1389380386 468.1389380386 468.1389380386 468.1389380386 468.1389380386 468.1389380386 468.1389380386 468.1389380386 468.1389380386 468.1389380386 468.1389380386 468.1389380386 468.1389380386 468.1389380386 468.1389380386 468.1389380386 468.1389380386 468.1389380386 468.1389380386 468.1389380386 468.1389380386 468.1389380386 468.1389380386 468.1389380386 468.1389380386 468.1389380386 468.1389380386 468.1389380386 468.1389380386 468.1389380386 468.1389380386 468.1389380386 468.1389380386 468.1389380386 468.1389380386 468.1389380386 468.1389380386 468.1389380386 468.1389380386 468.1389380386 468.1389380386 468.1389380386 468.1389380386 468.1389380386 468.1389380386 468.1389380386 468.1389380386 468.1389380386 468.1389380386 468.1389380386 468.1389380386 468.1389380386 468.1389380386 468.1389380386 468.1389380386 468.1389380386 468.1389380386 468.1389380386 468.1389380386 468.1389380386 468.1389380386 468.1389380386 468.1389380386 468.1389380386 468.1389380386 468.1389380386 468.1389380386 468.1389380386 468.1389380386 468.1389380386 468.1389380386 468.1389380386 468.1389380386 468.1389380386 468.1389380386 468.1389380386 468.1389380386 468.1389380386 468.1389380386 468.1389380386 468.1389380386 468.1389380386 468.1389380386 468.1389380386 468.1389380386 468.1389380386 468.1389380386 468.1389380386 468.1389380386 468.1389380386 468.1389380386 468.1389380386 468.1389380386 468.1389380386 468.1389380386 468.1389380386 468.1389380386 468.1389380386 468.1389380386 468.1389380386 468.1389380386 468.1389380386 468.1389380386 468.1389380386 468.1389380386 468.1389380386 468.1389380386 468.1389380386 468.1389380386 468.1389380386 468.1389380386 468.1389380386 468.1389380386 468.1389380386 468.1389380386 468.1389380386 468.1389380386 468.1389380386 468.1389380386 468.1389380386 468.1389380386 468.1389380386 468.1389380386 468.1389380386 468.1389380386 468.1389380386 468.1389380386 468.1389380386 468.1389380386 468.1389380386 468.1389380386 468.1389380386 468.1389380386 468.1389380386 468.1389380386 468.1389380386 468.1389380386 468.1389380386 468.1389380386 468.1389380386 468.1389380386 468.1389380386 468.1389380386 468.1389380386 468.1389380386 468.1389380386 468.1389380386 468.1389380386 468.1389380386 468.1389380386 468.1389380386 468.1389380386 468.1389380386 468.1389380386 468.1389380386 468.1389380386 468.1389380386 468.1389380386 468.1389380386 468.1389380386 468.1389380386 468.1389380386 468.1389380386 468.1389380386 468.1389380386 468.1389380386 468.1389380386 468.1389380386 468.1389380386 468.1389380386 468.1389380386 468.1389380386 468.1389380386 468.1389380386 468.1389380386 468.1389380386 468.1389380386 468.1389380386 468.1389380386 468.1389380386 468.1389380386 468.1389380386 468.1389380386 468.1389380386 468.1389380386 468.1389380386 468.1389380386 468.1389380386 468.1389380386 468.1389380386 468.1389380386 468.1389380386 468.1389380386 468.1389380386 468.1389380386 468.1389380386 468.1389380386 468.1389380386 468.1389380386 468.1389380386 468.1389380386 468.1389380386 468.1389380386 468.1389380386 468.1389380386 468.1389380386 468.1389380386 468.1389380386 468.1389380386 468.1389380386 468.1389380386 468.1389380386 468.1389380386 468.1389380386 468.1389380386 468.1389380386 468.1389380386 468.1389380386 468.1389380386 468.1389380386 468.1389380386 468.1389380386 468.1389380386 468.1389380386 468.1389380386 468.1389380386 468.1389380386 468.1389380386 468.1389380386 468.1389380386 468.1389380386 468.1389380386 468.1389380386 468.1389380386 468.1389380386 468.1389380386 468.1389380386 468.1389380386 468.1389380386 468.1389380386 468.1389380386 468.1389380386 468.1389380386 468.1389380386 468.1389380386 468.1389380386 468.1389380386 468.1389380386 468.1389380386 468.1389380386 468.1389380386 468.1389380386 468.1389380386 468.1389380386 468.1389380386 468.1389380386 468.1389380386 468.1389380386 468.1389380386 468.1389380386 468.1389380386 468.1389380386 468.1389380386 468.1389380386 468.1389380386 468.1389380386 468.1389380386 468.1389380386 468.1389380386 468.1389380386 468.1389380386 468.1389380386 468.1389380386 468.1389380386 468.1389380386 468.1389380386 468.1389380386 468.1389380386 468.1389380386 468.1389380386 468.1389380386 468.1389380386 468.1389380386 468.1389380386 468.1389380386 468.1389380386 468.1389380386 468.1389380386 468.1389380386 468.1389380386 468.1389380386 468.1389380386 468.1389380386 468.1389380386 468.1389380386 468.1389380386 468.1389380386 468.1389380386 468.1389380386 468.1389380386 468.1389380386 468.1389380386 468.1389380386 468.1389380386 468.1389380386 468.1389380386 468.1389380386 468.1389380386 468.1389380386 468.1389380386 468.1389380386 468.1389380386 468.1389380386 468.1389380386 468.1389380386 468.1389380386 468.1389380386 468.1389380386 468.1389380386 468.1389380386 468.1389380386 468.1389380386 468.1389380386 468.1389380386 468.1389380386 468.1389380386 468.1389380386 468.1389380386 468.1389380386 468.1389380386 468.1389380386 468.1389380386 468.1389380386 468.1389380386 468.1389380386 468.1389380386 468.1389380386 468.1389380386 468.1389380386 468.1389380386 468.1389380386 468.1389380386 468.1389380386 468.1389380386 468.1389380386 468.1389380386 468.1389380386 468.1389380386 468.1389380386 468.1389380386 468.1389380386 468.1389380386 468.1389380386 468.1389380386 468.1389380386 468.1389380386 468.1389380386 468.1389380386 468.1389380386 468.1389380386 468.1389380386 468.1389380386 468.1389380386 468.1389380386 468.1389380386 468.1389380386 468.1389380386 468.1389380386 468.1389380386 468.1389380386 468.1389380386 468.1389380386 468.1389380386 468.1389380386 468.1389380386 468.1389380386 468.1389380386 468.1389380386 468.1389380386 468.1389380386 468.1389380386 468.1389380386 468.1389380386 468.1389380386 468.1389380386 468.1389380386 468.1389380386 468.1389380386 468.1389380386 468.1389380386 468.1389380386 468.1389380386 468.1389380386 468.1389380386 468.1389380386 468.1389380386 468.1389380386 468.1389380386 468.1389380386 468.1389380386 468.1389380386 468.1389380386 468.1389380386 468.1389380386 468.1389380386 468.1389380386 468.1389380386 468.1389380386 468.1389380386 468.1389380386 468.1389380386 468.1389380386 468.1389380386 468.1389380386 468.1389380386 468.1389380386 468.1389380386 468.1389380386 468.1389380386 468.1389380386 468.1389380386 468.1389380386 468.1389380386 468.1389380386 468.1389380386 468.1389380386 468.1389380386 468.1389380386 468.1389380386 468.1389380386 468.1389380386 468.1389380386 468.1389380386 468.1389380386 468.1389380386 468.1389380386 468.1389380386 468.1389380386 468.1389380386 468.1389380386 468.1389380386 468.1389380386 468.1389380386 468.1389380386 468.1389380386 468.1389380386 468.1389380386 468.1389380386 468.1389380386 468.1389380386 468.1389380386 468.1389380386 468.1389380386 468.1389380386 468.1389380386 468.1389380386 468.1389380386 468.1389380386 468.1389380386 468.1389380386 468.1389380386 468.1389380386 468.1389380386 468.1389380386 468.1389380386 468.1389380386 468.1389380386 468.1389380386 468.1389380386 468.1389380386 468.1389380386 468.1389380386 468.1389380386 468.1389380386 468.1389380386 468.1389380386 468.1389380386 468.1389380386 468.1389380386 468.1389380386 468.1389380386 468.1389380386 468.1389380386 468.1389380386 468.1389380386 468.1389380386 468.1389380386 468.1389380386 468.1389380386 468.1389380386 468.1389380386 468.1389380386 468.1389380386 468.1389380386 468.1389380386 468.1389380386 468.1389380386 468.1389380386 468.1389380386 468.1389380386 468.1389380386 468.1389380386 468.1389380386 468.1389380386 468.1389380386 468.1389380386 468.1389380386 468.1389380386 468.1389380386 468.1389380386 468.1389380386 468.1389380386 468.1389380386 468.1389380386 468.1389380386 468.1389380386 468.1389380386 468.1389380386 468.1389380386 468.1389380386 468.1389380386 468.1389380386 468.1389380386 468.1389380386 468.1389380386 468.1389380386 468.1389380386 468.1389380386 468.1389380386 468.1389380386 468.1389380386 468.1389380386 468.1389380386 468.1389380386 468.1389380386 468.1389380386 468.1389380386 468.1389380386 468.1389380386 468.1389380386 468.1389380386 468.1389380386 468.1389380386 468.1389380386 468.1389380386 468.1389380386 468.1389380386 468.1389380386 468.1389380386 468.1389380386 468.1389380386 468.1389380386 468.1389380386 468.1389380386 468.1389380386 468.1389380386 468.1389380386 468.1389380386 468.1389380386 468.1389380386 468.1389380386 468.1389380386 468.1389380386 468.1389380386 468.1389380386 468.1389380386 468.1389380386 468.1389380386 468.1389380386 468.1389380386 468.1389380386 468.1389380386 468.1389380386 468.1389380386 468.1389380386 468.1389380386 468.1389380386 468.1389380386 468.1389380386 468.1389380386 468.1389380386 468.1389380386 468.1389380386 468.1389380386 468.1389380386 468.1389380386 468.1389380386 468.1389380386 468.1389380386 468.1389380386 468.1389380386 468.1389380386 468.1389380386 468.1389380386 468.1389380386 468.1389380386 468.1389380386 468.1389380386 468.1389380386 468.1389380386 468.1389380386 468.1389380386 468.1389380386 468.1389380386 468.1389380386 468.1389380386 468.1389380386 468.1389380386 468.1389380386 468.1389380386 468.1389380386 468.1389380386 468.1389380386 468.1389380386 468.1389380386 468.1389380386 468.1389380386 468.1389380386 468.1389380386 468.1389380386 468.1389380386 468.1389380386 468.1389380386 468.1389380386 468.1389380386 468.1389380386 468.1389380386 468.1389380386 468.1389380386 468.1389380386 468.1389380386 468.1389380386 468.1389380386 468.1389380386 468.1389380386 468.1389380386 468.1389380386 468.1389380386 468.1389380386 468.1389380386 468.1389380386 468.1389380386 468.1389380386 468.1389380386 468.1389380386 468.1389380386 468.1389380386 468.1389380386 468.1389380386 468.1389380386 468.1389380386 468.1389380386 468.1389380386 468.1389380386 468.1389380386 468.1389380386 468.1389380386 468.1389380386 468.1389380386 468.1389380386 468.1389380386 468.1389380386 468.1389380386 468.1389380386 468.1389380386 468.1389380386 468.1389380386 468.1389380386 468.1389380386 468.1389380386 468.1389380386 468.1389380386 468.1389380386 468.1389380386 468.1389380386 468.1389380386 468.1389380386 468.1389380386 468.1389380386 468.1389380386 468.1389380386 468.1389380386 468.1389380386 468.1389380386 468.1389380386 468.1389380386 468.1389380386 468.1389380386 468.1389380386 468.1389380386 468.1389380386 468.1389380386 468.1389380386 468.1389380386 468.1389380386 468.1389380386 468.1389380386 468.1389380386 468.1389380386 468.1389380386 468.1389380386 468.1389380386 468.1389380386 468.1389380386 468.1389380386 468.1389380386 468.1389380386 468.1389380386 468.1389380386 468.1389380386 468.1389380386 468.1389380386 468.1389380386 468.1389380386 468.1389380386 468.1389380386 468.1389380386 468.1389380386 468.1389380386 468.1389380386 468.1389380386 468.1389380386 468.1389380386 468.1389380386 468.1389380386 468.1389380386 468.1389380386 468.1389380386 468.1389380386 468.1389380386 468.1389380386 468.1389380386 468.1389380386 468.1389380386 468.1389380386 468.1389380386 468.1389380386 468.1389380386 468.1389380386 468.1389380386 468.1389380386 468.1389380386 468.1389380386 468.1389380386 468.1389380386 468.1389380386 468.1389380386 468.1389380386 468.1389380386 468.1389380386 468.1389380386 468.1389380386 468.1389380386 468.1389380386 468.1389380386 468.1389380386 468.1389380386 468.1389380386 468.1389380386 468.1389380386 468.1389380386 468.1389380386 468.1389380386 468.1389380386 468.1389380386 468.1389380386 468.1389380386 468.1389380386 468.1389380386 468.1389380386 468.1389380386 468.1389380386 468.1389380386 468.1389380386 468.1389380386 468.1389380386 468.1389380386 468.1389380386 468.1389380386 468.1389380386 468.1389380386 468.1389380386 468.1389380386 468.1389380386 468.1389380386 468.1389380386 468.1389380386 468.1389380386 468.1389380386 468.1389380386 468.1389380386 468.1389380386 468.1389380386 468.1389380386 468.1389380386 468.1389380386 468.1389380386 468.1389380386 468.1389380386 468.1389380386 468.1389380386 468.1389380386 468.1389380386 468.1389380386 468.1389380386 468.1389380386 468.1389380386 468.1389380386 468.1389380386 468.1389380386 468.1389380386 468.1389380386 468.1389380386 468.1389380386 468.1389380386 468.1389380386 468.1389380386 468.1389380386 468.1389380386 468.1389380386 468.1389380386 468.1389380386 468.1389380386 468.1389380386 468.1389380386 468.1389380386 468.1389380386 468.1389380386 468.1389380386 468.1389380386 468.1389380386 468.1389380386 468.1389380386 468.1389380386 468.1389380386 468.1389380386 468.1389380386 468.1389380386 468.1389380386 468.1389380386 468.1389380386 468.1389380386 468.1389380386 468.1389380386 468.1389380386 468.1389380386 468.1389380386 468.1389380386 468.1389380386 468.1389380386 468.1389380386 468.1389380386 468.1389380386 468.1389380386 468.1389380386 468.1389380386 468.1389380386 468.1389380386 
POINT_DATA 5056
