112
# x y z
0.00	0.00	3213.46
3.00	0.00	3211.65
6.00	0.00	3209.94
9.00	0.00	3208.51
12.00	0.00	3206.97
15.00	0.00	3205.47
18.00	0.00	3204.07
21.00	0.00	3202.63
24.00	0.00	3201.23
27.00	0.00	3199.57
30.00	0.00	3198.16
33.00	0.00	3196.75
36.00	0.00	3195.34
39.00	0.00	3193.92
42.00	0.00	3192.51
45.00	0.00	3191.10
48.00	0.00	3189.71
51.00	0.00	3188.43
54.00	0.00	3187.14
57.00	0.00	3185.86
60.00	0.00	3184.58
63.00	0.00	3183.30
66.00	0.00	3182.01
69.00	0.00	3180.73
72.00	0.00	3179.45
75.00	0.00	3178.18
78.00	0.00	3176.94
81.00	0.00	3175.68
84.00	0.00	3174.42
87.00	0.00	3173.17
90.00	0.00	3171.91
93.00	0.00	3170.65
96.00	0.00	3169.39
99.00	0.00	3168.14
102.00	0.00	3166.88
105.00	0.00	3165.62
108.00	0.00	3164.28
111.00	0.00	3162.83
114.00	0.00	3161.28
117.00	0.00	3159.70
120.00	0.00	3158.23
123.00	0.00	3156.73
126.00	0.00	3155.36
129.00	0.00	3154.09
132.00	0.00	3153.02
135.00	0.00	3151.93
138.00	0.00	3151.02
141.00	0.00	3150.14
144.00	0.00	3149.41
145.50	0.00	3148.98
147.00	0.00	3148.54
148.50	0.00	3148.11
150.00	0.00	3147.67
151.50	0.00	3147.18
153.00	0.00	3146.61
154.50	0.00	3146.18
156.00	0.00	3145.83
157.50	0.00	3145.52
159.00	0.00	3145.26
160.50	0.00	3144.98
162.00	0.00	3144.75
163.50	0.00	3144.48
165.00	0.00	3144.23
166.50	0.00	3143.94
168.00	0.00	3143.69
169.50	0.00	3143.43
171.00	0.00	3143.15
172.50	0.00	3142.94
174.00	0.00	3142.78
175.50	0.00	3142.45
177.00	0.00	3142.20
178.50	0.00	3141.97
180.00	0.00	3141.71
181.50	0.00	3141.55
183.00	0.00	3141.35
184.50	0.00	3141.26
186.00	0.00	3141.07
187.50	0.00	3140.90
189.00	0.00	3140.78
190.50	0.00	3140.68
192.00	0.00	3140.62
193.50	0.00	3140.61
195.00	0.00	3140.62
196.50	0.00	3140.51
198.00	0.00	3140.46
199.50	0.00	3140.40
201.00	0.00	3140.28
202.50	0.00	3140.12
204.00	0.00	3139.91
205.50	0.00	3139.84
207.00	0.00	3139.71
208.50	0.00	3139.57
210.00	0.00	3139.50
211.50	0.00	3139.38
213.00	0.00	3139.26
214.50	0.00	3139.06
216.00	0.00	3138.87
217.50	0.00	3138.69
219.00	0.00	3138.41
220.50	0.00	3138.08
222.00	0.00	3137.98
223.50	0.00	3137.80
225.00	0.00	3137.57
226.50	0.00	3137.32
228.00	0.00	3137.10
229.50	0.00	3136.86
231.00	0.00	3136.42
232.50	0.00	3136.18
234.00	0.00	3135.79
235.50	0.00	3135.14
237.00	0.00	3134.49
238.50	0.00	3133.84
3647
# a b m n err i ip iperr k r rhoa u valid
2	1	4	5	5.16532300000000e-02	0.00000000000000e+00	0.00000000000000e+00	0.00000000000000e+00	2.51022063831726e+02	1.76838500000000e+00	4.43903652349066e+02	0.00000000000000e+00	1
2	1	5	6	3.00000000000000e-02	0.00000000000000e+00	0.00000000000000e+00	0.00000000000000e+00	6.26203526887184e+02	5.35217000000000e-01	3.35154773049978e+02	0.00000000000000e+00	1
2	1	6	7	3.00000000000000e-02	0.00000000000000e+00	0.00000000000000e+00	0.00000000000000e+00	1.25634886830554e+03	2.80848500000000e-01	3.52843695140308e+02	0.00000000000000e+00	1
2	1	7	8	3.00000000000000e-02	0.00000000000000e+00	0.00000000000000e+00	0.00000000000000e+00	2.16740630157764e+03	1.46812500000000e-01	3.18202337650367e+02	0.00000000000000e+00	1
2	1	8	9	3.00000000000000e-02	0.00000000000000e+00	0.00000000000000e+00	0.00000000000000e+00	3.46426560235284e+03	6.95149500000000e-02	2.40818250134278e+02	0.00000000000000e+00	1
2	1	9	10	3.00000000000000e-02	0.00000000000000e+00	0.00000000000000e+00	0.00000000000000e+00	5.03224085925594e+03	4.62851000000000e-02	2.32917771394747e+02	0.00000000000000e+00	1
3	2	4	5	4.70180490000000e-01	0.00000000000000e+00	0.00000000000000e+00	0.00000000000000e+00	6.13345006931385e+01	1.70723500000000e+01	1.04712406290850e+03	0.00000000000000e+00	1
3	2	5	6	8.94590900000000e-02	0.00000000000000e+00	0.00000000000000e+00	0.00000000000000e+00	2.47742601006617e+02	3.14809500000000e+00	7.79917243515927e+02	0.00000000000000e+00	1
3	2	6	7	4.17187800000000e-02	0.00000000000000e+00	0.00000000000000e+00	0.00000000000000e+00	6.23876950776064e+02	1.40744500000000e+00	8.78072494985018e+02	0.00000000000000e+00	1
3	2	7	8	3.00000000000000e-02	0.00000000000000e+00	0.00000000000000e+00	0.00000000000000e+00	1.23310182201483e+03	4.87703000000000e-01	6.01387457902101e+02	0.00000000000000e+00	1
3	2	8	9	3.00000000000000e-02	0.00000000000000e+00	0.00000000000000e+00	0.00000000000000e+00	2.16006138517401e+03	1.64579000000000e-01	3.55500742710554e+02	0.00000000000000e+00	1
3	2	9	10	3.00000000000000e-02	0.00000000000000e+00	0.00000000000000e+00	0.00000000000000e+00	3.35462064221670e+03	1.57976500000000e-01	5.29951227885147e+02	0.00000000000000e+00	1
3	2	10	11	3.00000000000000e-02	0.00000000000000e+00	0.00000000000000e+00	0.00000000000000e+00	5.20635259793535e+03	1.36099000000000e-01	7.08579382226403e+02	0.00000000000000e+00	1
3	1	5	7	1.50476630000000e-01	0.00000000000000e+00	0.00000000000000e+00	0.00000000000000e+00	1.24498739721849e+02	5.37577000000000e+00	6.69276590034526e+02	0.00000000000000e+00	1
3	1	7	9	3.00000000000000e-02	0.00000000000000e+00	0.00000000000000e+00	0.00000000000000e+00	4.94082064347858e+02	8.80611500000000e-01	4.35094347808463e+02	0.00000000000000e+00	1
3	1	9	11	3.00000000000000e-02	0.00000000000000e+00	0.00000000000000e+00	0.00000000000000e+00	1.21421937174481e+03	4.02308000000000e-01	4.88490167007909e+02	0.00000000000000e+00	1
3	1	11	13	3.00000000000000e-02	0.00000000000000e+00	0.00000000000000e+00	0.00000000000000e+00	2.46488982360377e+03	2.35343500000000e-01	5.80095798201295e+02	0.00000000000000e+00	1
3	1	17	19	3.00000000000000e-02	0.00000000000000e+00	0.00000000000000e+00	0.00000000000000e+00	1.03612116946257e+04	7.11400500000000e-02	7.37097118016256e+02	0.00000000000000e+00	1
4	3	5	6	3.51035890000000e-01	0.00000000000000e+00	0.00000000000000e+00	0.00000000000000e+00	6.41037944408397e+01	1.26997500000000e+01	8.14102163450054e+02	0.00000000000000e+00	1
4	3	6	7	1.01567220000000e-01	0.00000000000000e+00	0.00000000000000e+00	0.00000000000000e+00	2.57808100187867e+02	3.57935500000000e+00	9.22786712447944e+02	0.00000000000000e+00	1
4	3	7	8	3.54622400000000e-02	0.00000000000000e+00	0.00000000000000e+00	0.00000000000000e+00	6.35664027431164e+02	1.17514000000000e+00	7.46994225195458e+02	0.00000000000000e+00	1
4	3	8	9	3.00000000000000e-02	0.00000000000000e+00	0.00000000000000e+00	0.00000000000000e+00	1.27298041514070e+03	4.11921000000000e-01	5.24367365585173e+02	0.00000000000000e+00	1
4	3	9	10	3.00000000000000e-02	0.00000000000000e+00	0.00000000000000e+00	0.00000000000000e+00	2.16058195559209e+03	2.35593500000000e-01	5.09019064954784e+02	0.00000000000000e+00	1
4	3	10	11	3.00000000000000e-02	0.00000000000000e+00	0.00000000000000e+00	0.00000000000000e+00	3.58952735282323e+03	2.20231500000000e-01	7.90526993203289e+02	0.00000000000000e+00	1
4	3	11	12	3.00000000000000e-02	0.00000000000000e+00	0.00000000000000e+00	0.00000000000000e+00	5.36444264513841e+03	1.58890000000000e-01	8.52356291886041e+02	0.00000000000000e+00	1
4	2	6	8	1.85091990000000e-01	0.00000000000000e+00	0.00000000000000e+00	0.00000000000000e+00	1.27131755232789e+02	6.63467500000000e+00	8.43477878149102e+02	0.00000000000000e+00	1
4	2	8	10	3.00000000000000e-02	0.00000000000000e+00	0.00000000000000e+00	0.00000000000000e+00	4.97650490182040e+02	9.74356000000000e-01	4.84888741011812e+02	0.00000000000000e+00	1
4	2	10	12	3.00000000000000e-02	0.00000000000000e+00	0.00000000000000e+00	0.00000000000000e+00	1.26264799265618e+03	6.34440500000000e-01	8.01075023784784e+02	0.00000000000000e+00	1
4	2	12	14	3.00000000000000e-02	0.00000000000000e+00	0.00000000000000e+00	0.00000000000000e+00	2.50773349832190e+03	2.06495000000000e-01	5.17834428735981e+02	0.00000000000000e+00	1
4	2	14	16	3.00000000000000e-02	0.00000000000000e+00	0.00000000000000e+00	0.00000000000000e+00	4.37370004861128e+03	9.73006500000000e-02	4.25563857634909e+02	0.00000000000000e+00	1
4	2	18	20	3.00000000000000e-02	0.00000000000000e+00	0.00000000000000e+00	0.00000000000000e+00	1.05412228082132e+04	8.66578500000000e-02	9.13479704930720e+02	0.00000000000000e+00	1
4	1	7	10	8.24793000000000e-02	0.00000000000000e+00	0.00000000000000e+00	0.00000000000000e+00	1.87184433351239e+02	2.89367000000000e+00	5.41649979255481e+02	0.00000000000000e+00	1
4	1	10	13	3.00000000000000e-02	0.00000000000000e+00	0.00000000000000e+00	0.00000000000000e+00	7.52832612836889e+02	8.72556500000000e-01	6.56888989742811e+02	0.00000000000000e+00	1
4	1	13	16	3.00000000000000e-02	0.00000000000000e+00	0.00000000000000e+00	0.00000000000000e+00	1.86448017806957e+03	2.10638500000000e-01	3.92731307988308e+02	0.00000000000000e+00	1
4	1	16	19	3.00000000000000e-02	0.00000000000000e+00	0.00000000000000e+00	0.00000000000000e+00	3.74249531052382e+03	1.42479000000000e-01	5.33226989348124e+02	0.00000000000000e+00	1
4	1	19	22	3.00000000000000e-02	0.00000000000000e+00	0.00000000000000e+00	0.00000000000000e+00	6.51628800946967e+03	8.33016500000000e-02	5.42817543064039e+02	0.00000000000000e+00	1
4	1	25	28	3.00000000000000e-02	0.00000000000000e+00	0.00000000000000e+00	0.00000000000000e+00	1.54561089873885e+04	6.49559500000000e-02	1.00396624257936e+03	0.00000000000000e+00	1
5	4	6	7	4.05559970000000e-01	0.00000000000000e+00	0.00000000000000e+00	0.00000000000000e+00	6.34301854678482e+01	1.46629000000000e+01	9.30070466496511e+02	0.00000000000000e+00	1
5	4	7	8	8.08805600000000e-02	0.00000000000000e+00	0.00000000000000e+00	0.00000000000000e+00	2.49696552826958e+02	2.84953000000000e+00	7.11517818177001e+02	0.00000000000000e+00	1
5	4	8	9	3.00000000000000e-02	0.00000000000000e+00	0.00000000000000e+00	0.00000000000000e+00	6.25178135091502e+02	8.46662000000000e-01	5.29314570212841e+02	0.00000000000000e+00	1
5	4	9	10	3.00000000000000e-02	0.00000000000000e+00	0.00000000000000e+00	0.00000000000000e+00	1.21553971240414e+03	3.27504000000000e-01	3.98094117971207e+02	0.00000000000000e+00	1
5	4	10	11	3.00000000000000e-02	0.00000000000000e+00	0.00000000000000e+00	0.00000000000000e+00	2.20904073690991e+03	2.15555000000000e-01	4.76169776044615e+02	0.00000000000000e+00	1
5	4	11	12	3.00000000000000e-02	0.00000000000000e+00	0.00000000000000e+00	0.00000000000000e+00	3.52044712798257e+03	2.34205500000000e-01	8.24508079832722e+02	0.00000000000000e+00	1
5	4	12	13	3.00000000000000e-02	0.00000000000000e+00	0.00000000000000e+00	0.00000000000000e+00	5.26521101928757e+03	1.02846000000000e-01	5.41505892489649e+02	0.00000000000000e+00	1
5	3	7	9	1.46834270000000e-01	0.00000000000000e+00	0.00000000000000e+00	0.00000000000000e+00	1.25578898664475e+02	5.26351000000000e+00	6.60985788909453e+02	0.00000000000000e+00	1
5	3	9	11	3.13446800000000e-02	0.00000000000000e+00	0.00000000000000e+00	0.00000000000000e+00	4.95837081181965e+02	1.01125850000000e+00	5.01419462960452e+02	0.00000000000000e+00	1
5	3	11	13	3.00000000000000e-02	0.00000000000000e+00	0.00000000000000e+00	0.00000000000000e+00	1.26381998775134e+03	5.46040000000000e-01	6.90096266111743e+02	0.00000000000000e+00	1
5	3	13	15	3.00000000000000e-02	0.00000000000000e+00	0.00000000000000e+00	0.00000000000000e+00	2.51528424745707e+03	1.19397000000000e-01	3.00317393293632e+02	0.00000000000000e+00	1
5	3	15	17	3.00000000000000e-02	0.00000000000000e+00	0.00000000000000e+00	0.00000000000000e+00	4.39718507728639e+03	1.42715500000000e-01	6.27546466897466e+02	0.00000000000000e+00	1
5	3	17	19	3.00000000000000e-02	0.00000000000000e+00	0.00000000000000e+00	0.00000000000000e+00	7.10159142174936e+03	7.40273000000000e-02	5.25711638655267e+02	0.00000000000000e+00	1
5	3	19	21	3.00000000000000e-02	0.00000000000000e+00	0.00000000000000e+00	0.00000000000000e+00	1.05800161342577e+04	5.84548000000000e-02	6.18452727124809e+02	0.00000000000000e+00	1
5	2	8	11	7.76580900000000e-02	0.00000000000000e+00	0.00000000000000e+00	0.00000000000000e+00	1.86740917747985e+02	2.71064500000000e+00	5.06188334988987e+02	0.00000000000000e+00	1
5	2	11	14	3.00000000000000e-02	0.00000000000000e+00	0.00000000000000e+00	0.00000000000000e+00	7.53315430018170e+02	8.37626000000000e-01	6.30996590384399e+02	0.00000000000000e+00	1
5	2	14	17	3.00000000000000e-02	0.00000000000000e+00	0.00000000000000e+00	0.00000000000000e+00	1.87355873971360e+03	2.28884000000000e-01	4.28827618580609e+02	0.00000000000000e+00	1
5	2	17	20	3.00000000000000e-02	0.00000000000000e+00	0.00000000000000e+00	0.00000000000000e+00	3.77333178685363e+03	1.76343000000000e-01	6.65400647289130e+02	0.00000000000000e+00	1
5	2	20	23	3.00000000000000e-02	0.00000000000000e+00	0.00000000000000e+00	0.00000000000000e+00	6.53737030622848e+03	9.06505500000000e-02	5.92616213813280e+02	0.00000000000000e+00	1
5	2	26	29	3.00000000000000e-02	0.00000000000000e+00	0.00000000000000e+00	0.00000000000000e+00	1.55443846743777e+04	3.43746000000000e-02	5.34332005427865e+02	0.00000000000000e+00	1
5	1	9	13	6.26704100000000e-02	0.00000000000000e+00	0.00000000000000e+00	0.00000000000000e+00	2.47689339650340e+02	2.16972500000000e+00	5.37417752472834e+02	0.00000000000000e+00	1
5	1	13	17	3.00000000000000e-02	0.00000000000000e+00	0.00000000000000e+00	0.00000000000000e+00	9.95903052063929e+02	3.71415500000000e-01	3.69893830033850e+02	0.00000000000000e+00	1
5	1	17	21	3.00000000000000e-02	0.00000000000000e+00	0.00000000000000e+00	0.00000000000000e+00	2.50093346181871e+03	2.29388000000000e-01	5.73684124939671e+02	0.00000000000000e+00	1
5	1	21	25	3.00000000000000e-02	0.00000000000000e+00	0.00000000000000e+00	0.00000000000000e+00	4.93989557283875e+03	9.56225500000000e-02	4.72365411408552e+02	0.00000000000000e+00	1
5	1	25	29	3.00000000000000e-02	0.00000000000000e+00	0.00000000000000e+00	0.00000000000000e+00	8.59647693204983e+03	6.70780500000000e-02	5.76634909471885e+02	0.00000000000000e+00	1
5	1	33	37	3.00000000000000e-02	0.00000000000000e+00	0.00000000000000e+00	0.00000000000000e+00	2.03529456942183e+04	3.41237000000000e-02	6.94517812985797e+02	0.00000000000000e+00	1
6	5	7	8	3.91705540000000e-01	0.00000000000000e+00	0.00000000000000e+00	0.00000000000000e+00	6.19388356291080e+01	1.42234500000000e+01	8.80983931628836e+02	0.00000000000000e+00	1
6	5	8	9	7.61560500000000e-02	0.00000000000000e+00	0.00000000000000e+00	0.00000000000000e+00	2.49118305356049e+02	2.66156000000000e+00	6.63043316803445e+02	0.00000000000000e+00	1
6	5	9	10	3.00000000000000e-02	0.00000000000000e+00	0.00000000000000e+00	0.00000000000000e+00	6.07465925851932e+02	7.22432500000000e-01	4.38853127478026e+02	0.00000000000000e+00	1
6	5	10	11	3.00000000000000e-02	0.00000000000000e+00	0.00000000000000e+00	0.00000000000000e+00	1.26513326510695e+03	4.77090500000000e-01	6.03583062016509e+02	0.00000000000000e+00	1
6	5	11	12	3.00000000000000e-02	0.00000000000000e+00	0.00000000000000e+00	0.00000000000000e+00	2.20477224878875e+03	2.41519500000000e-01	5.32495491141334e+02	0.00000000000000e+00	1
6	5	12	13	3.00000000000000e-02	0.00000000000000e+00	0.00000000000000e+00	0.00000000000000e+00	3.51738563422682e+03	1.20294000000000e-01	4.23120387483681e+02	0.00000000000000e+00	1
6	5	13	14	3.00000000000000e-02	0.00000000000000e+00	0.00000000000000e+00	0.00000000000000e+00	5.25913067672631e+03	5.72386000000000e-02	3.01025277152867e+02	0.00000000000000e+00	1
6	4	8	10	1.28307870000000e-01	0.00000000000000e+00	0.00000000000000e+00	0.00000000000000e+00	1.23723118006396e+02	4.56620500000000e+00	5.64945120056395e+02	0.00000000000000e+00	1
6	4	10	12	3.52537400000000e-02	0.00000000000000e+00	0.00000000000000e+00	0.00000000000000e+00	5.04863818620405e+02	1.16990500000000e+00	5.90642705723105e+02	0.00000000000000e+00	1
6	4	12	14	3.00000000000000e-02	0.00000000000000e+00	0.00000000000000e+00	0.00000000000000e+00	1.25349986882246e+03	3.15432500000000e-01	3.95394597372341e+02	0.00000000000000e+00	1
6	4	14	16	3.00000000000000e-02	0.00000000000000e+00	0.00000000000000e+00	0.00000000000000e+00	2.49996608400735e+03	1.35926500000000e-01	3.39811639917825e+02	0.00000000000000e+00	1
6	4	16	18	3.00000000000000e-02	0.00000000000000e+00	0.00000000000000e+00	0.00000000000000e+00	4.39675532356537e+03	1.08300000000000e-01	4.76168601542130e+02	0.00000000000000e+00	1
6	4	18	20	3.00000000000000e-02	0.00000000000000e+00	0.00000000000000e+00	0.00000000000000e+00	7.03065915651217e+03	5.86133000000000e-02	4.12090134338395e+02	0.00000000000000e+00	1
6	4	20	22	3.00000000000000e-02	0.00000000000000e+00	0.00000000000000e+00	0.00000000000000e+00	1.04831255988247e+04	4.71394500000000e-02	4.94168775009517e+02	0.00000000000000e+00	1
6	3	9	12	8.08154800000000e-02	0.00000000000000e+00	0.00000000000000e+00	0.00000000000000e+00	1.85962301676157e+02	2.83178500000000e+00	5.26605256452017e+02	0.00000000000000e+00	1
6	3	12	15	3.00000000000000e-02	0.00000000000000e+00	0.00000000000000e+00	0.00000000000000e+00	7.54191149420270e+02	5.23629000000000e-01	3.94916357379786e+02	0.00000000000000e+00	1
6	3	18	21	3.00000000000000e-02	0.00000000000000e+00	0.00000000000000e+00	0.00000000000000e+00	3.77682140996935e+03	1.35663000000000e-01	5.12374922940672e+02	0.00000000000000e+00	1
6	3	21	24	3.00000000000000e-02	0.00000000000000e+00	0.00000000000000e+00	0.00000000000000e+00	6.55249367628698e+03	7.48132500000000e-02	4.90213347527477e+02	0.00000000000000e+00	1
6	3	27	30	3.00000000000000e-02	0.00000000000000e+00	0.00000000000000e+00	0.00000000000000e+00	1.55910685007861e+04	3.33624000000000e-02	5.20155463750626e+02	0.00000000000000e+00	1
6	2	10	14	6.67811800000000e-02	0.00000000000000e+00	0.00000000000000e+00	0.00000000000000e+00	2.51936680091084e+02	2.31821500000000e+00	5.84043390837352e+02	0.00000000000000e+00	1
6	2	14	18	3.00000000000000e-02	0.00000000000000e+00	0.00000000000000e+00	0.00000000000000e+00	1.00168829464600e+03	4.15408500000000e-01	4.16109831946452e+02	0.00000000000000e+00	1
6	2	18	22	3.00000000000000e-02	0.00000000000000e+00	0.00000000000000e+00	0.00000000000000e+00	2.50443336113003e+03	2.30688500000000e-01	5.77743975429046e+02	0.00000000000000e+00	1
6	2	22	26	3.00000000000000e-02	0.00000000000000e+00	0.00000000000000e+00	0.00000000000000e+00	4.95655263287830e+03	1.12289000000000e-01	5.56566338593271e+02	0.00000000000000e+00	1
6	2	26	30	3.00000000000000e-02	0.00000000000000e+00	0.00000000000000e+00	0.00000000000000e+00	8.63581099735556e+03	5.64069000000000e-02	4.87119327346735e+02	0.00000000000000e+00	1
6	2	34	38	3.00000000000000e-02	0.00000000000000e+00	0.00000000000000e+00	0.00000000000000e+00	2.03597361064673e+04	2.79705500000000e-02	5.69473016752750e+02	0.00000000000000e+00	1
6	1	11	16	4.67377500000000e-02	0.00000000000000e+00	0.00000000000000e+00	0.00000000000000e+00	3.13018482369548e+02	1.59761000000000e+00	5.00081457618413e+02	0.00000000000000e+00	1
6	1	16	21	3.00000000000000e-02	0.00000000000000e+00	0.00000000000000e+00	0.00000000000000e+00	1.25089711571956e+03	4.01763500000000e-01	5.02564803351396e+02	0.00000000000000e+00	1
6	1	21	26	3.00000000000000e-02	0.00000000000000e+00	0.00000000000000e+00	0.00000000000000e+00	3.09109210235856e+03	1.60843500000000e-01	4.97182072565709e+02	0.00000000000000e+00	1
6	1	26	31	3.00000000000000e-02	0.00000000000000e+00	0.00000000000000e+00	0.00000000000000e+00	6.13900520594125e+03	7.02549000000000e-02	4.31295196842882e+02	0.00000000000000e+00	1
6	1	41	46	3.00000000000000e-02	0.00000000000000e+00	0.00000000000000e+00	0.00000000000000e+00	2.56101308436453e+04	1.45913500000000e-02	3.73686382685424e+02	0.00000000000000e+00	1
7	6	8	9	3.00000000000000e-02	0.00000000000000e+00	0.00000000000000e+00	0.00000000000000e+00	6.29981639320097e+01	2.18835500000000e+01	1.37862347031433e+03	0.00000000000000e+00	1
7	6	9	10	9.57241600000000e-02	0.00000000000000e+00	0.00000000000000e+00	0.00000000000000e+00	2.46103395785453e+02	3.37041000000000e+00	8.29469346189248e+02	0.00000000000000e+00	1
7	6	10	11	3.00000000000000e-02	0.00000000000000e+00	0.00000000000000e+00	0.00000000000000e+00	6.43235682966499e+02	4.90683000000000e-01	3.15624814625051e+02	0.00000000000000e+00	1
7	6	11	12	4.09043300000000e-02	0.00000000000000e+00	0.00000000000000e+00	0.00000000000000e+00	1.27867922840067e+03	1.40086000000000e+00	1.79125058389737e+03	0.00000000000000e+00	1
7	6	12	13	3.00000000000000e-02	0.00000000000000e+00	0.00000000000000e+00	0.00000000000000e+00	2.22907513392786e+03	5.23512000000000e-01	1.16694758151284e+03	0.00000000000000e+00	1
7	6	13	14	3.00000000000000e-02	0.00000000000000e+00	0.00000000000000e+00	0.00000000000000e+00	3.55319273922836e+03	1.20334000000000e-01	4.27569895082306e+02	0.00000000000000e+00	1
7	5	9	11	1.44900710000000e-01	0.00000000000000e+00	0.00000000000000e+00	0.00000000000000e+00	1.24152868484051e+02	5.08907000000000e+00	6.31822638416130e+02	0.00000000000000e+00	1
7	5	11	13	6.48760400000000e-02	0.00000000000000e+00	0.00000000000000e+00	0.00000000000000e+00	5.07991423514652e+02	2.29002000000000e+00	1.16331051967702e+03	0.00000000000000e+00	1
7	5	17	19	3.00000000000000e-02	0.00000000000000e+00	0.00000000000000e+00	0.00000000000000e+00	4.44925654879801e+03	1.04655150000000e-01	4.65637611502939e+02	0.00000000000000e+00	1
7	5	19	21	3.00000000000000e-02	0.00000000000000e+00	0.00000000000000e+00	0.00000000000000e+00	7.06470889793207e+03	8.17085000000000e-02	5.77246766986683e+02	0.00000000000000e+00	1
7	5	21	23	3.00000000000000e-02	0.00000000000000e+00	0.00000000000000e+00	0.00000000000000e+00	1.05263319120026e+04	6.14211000000000e-02	6.46538885000303e+02	0.00000000000000e+00	1
7	4	10	13	1.06631430000000e-01	0.00000000000000e+00	0.00000000000000e+00	0.00000000000000e+00	1.90829724429822e+02	3.76550500000000e+00	7.18570281489117e+02	0.00000000000000e+00	1
7	4	13	16	3.00000000000000e-02	0.00000000000000e+00	0.00000000000000e+00	0.00000000000000e+00	7.55129130606719e+02	4.83343500000000e-01	3.64986756939409e+02	0.00000000000000e+00	1
7	4	16	19	3.00000000000000e-02	0.00000000000000e+00	0.00000000000000e+00	0.00000000000000e+00	1.89550261515746e+03	2.56823500000000e-01	4.86809615883892e+02	0.00000000000000e+00	1
7	4	19	22	3.00000000000000e-02	0.00000000000000e+00	0.00000000000000e+00	0.00000000000000e+00	3.77052538919061e+03	1.40762500000000e-01	5.30748580095944e+02	0.00000000000000e+00	1
7	4	25	28	3.00000000000000e-02	0.00000000000000e+00	0.00000000000000e+00	0.00000000000000e+00	1.04369766476142e+04	6.02000000000000e-02	6.28305994186372e+02	0.00000000000000e+00	1
7	3	11	15	8.06374600000000e-02	0.00000000000000e+00	0.00000000000000e+00	0.00000000000000e+00	2.53179747145067e+02	2.90514500000000e+00	7.35523876519757e+02	0.00000000000000e+00	1
7	3	15	19	3.00000000000000e-02	0.00000000000000e+00	0.00000000000000e+00	0.00000000000000e+00	1.01033432951985e+03	5.91708000000000e-01	5.97822905451533e+02	0.00000000000000e+00	1
7	3	19	23	3.00000000000000e-02	0.00000000000000e+00	0.00000000000000e+00	0.00000000000000e+00	2.51478288949752e+03	2.22817000000000e-01	5.60336379089169e+02	0.00000000000000e+00	1
7	3	23	27	3.00000000000000e-02	0.00000000000000e+00	0.00000000000000e+00	0.00000000000000e+00	4.98814491010444e+03	9.28369000000000e-02	4.63083910204875e+02	0.00000000000000e+00	1
7	2	12	17	4.84856100000000e-02	0.00000000000000e+00	0.00000000000000e+00	0.00000000000000e+00	3.14669747369369e+02	1.64379500000000e+00	5.17252557377032e+02	0.00000000000000e+00	1
7	2	17	22	3.00000000000000e-02	0.00000000000000e+00	0.00000000000000e+00	0.00000000000000e+00	1.26060893757612e+03	4.53013500000000e-01	5.71072866942641e+02	0.00000000000000e+00	1
7	2	22	27	3.00000000000000e-02	0.00000000000000e+00	0.00000000000000e+00	0.00000000000000e+00	3.10816985480762e+03	1.76771500000000e-01	5.49435847489125e+02	0.00000000000000e+00	1
7	2	27	32	3.00000000000000e-02	0.00000000000000e+00	0.00000000000000e+00	0.00000000000000e+00	6.16935915003980e+03	7.26124000000000e-02	4.47971974346350e+02	0.00000000000000e+00	1
7	2	42	47	3.00000000000000e-02	0.00000000000000e+00	0.00000000000000e+00	0.00000000000000e+00	2.61595670300367e+04	5.22546500000000e-02	1.36695901930611e+03	0.00000000000000e+00	1
7	1	13	19	3.26099900000000e-02	0.00000000000000e+00	0.00000000000000e+00	0.00000000000000e+00	3.76593182381542e+02	1.07007000000000e+00	4.02981066671017e+02	0.00000000000000e+00	1
7	1	19	25	3.00000000000000e-02	0.00000000000000e+00	0.00000000000000e+00	0.00000000000000e+00	1.49640166472953e+03	3.40378000000000e-01	5.09342205837309e+02	0.00000000000000e+00	1
7	1	25	31	3.00000000000000e-02	0.00000000000000e+00	0.00000000000000e+00	0.00000000000000e+00	3.70006478369696e+03	1.42967500000000e-01	5.28989011963196e+02	0.00000000000000e+00	1
7	1	31	37	3.00000000000000e-02	0.00000000000000e+00	0.00000000000000e+00	0.00000000000000e+00	7.32428107007237e+03	1.01504850000000e-01	7.43450051375535e+02	0.00000000000000e+00	1
8	7	9	10	2.88048290000000e-01	0.00000000000000e+00	0.00000000000000e+00	0.00000000000000e+00	6.14036932501904e+01	1.04115500000000e+01	6.39307622459020e+02	0.00000000000000e+00	1
8	7	10	11	1.01377340000000e-01	0.00000000000000e+00	0.00000000000000e+00	0.00000000000000e+00	2.58172353061721e+02	3.58997500000000e+00	9.26832293182751e+02	0.00000000000000e+00	1
8	7	11	12	3.00000000000000e-02	0.00000000000000e+00	0.00000000000000e+00	0.00000000000000e+00	6.38835829268820e+02	5.13308000000000e-01	3.27919541850319e+02	0.00000000000000e+00	1
8	7	13	14	3.00000000000000e-02	0.00000000000000e+00	0.00000000000000e+00	0.00000000000000e+00	2.21313653746899e+03	1.71330000000000e-01	3.79176682964563e+02	0.00000000000000e+00	1
8	6	10	12	1.67209520000000e-01	0.00000000000000e+00	0.00000000000000e+00	0.00000000000000e+00	1.28610317992395e+02	5.98821000000000e+00	7.70145592305238e+02	0.00000000000000e+00	1
8	6	12	14	3.03702300000000e-02	0.00000000000000e+00	0.00000000000000e+00	0.00000000000000e+00	5.07873256378192e+02	9.89844000000000e-01	5.02715295586415e+02	0.00000000000000e+00	1
8	6	14	16	3.00000000000000e-02	0.00000000000000e+00	0.00000000000000e+00	0.00000000000000e+00	1.26460504387556e+03	3.08478500000000e-01	3.90103467027167e+02	0.00000000000000e+00	1
8	6	16	18	3.00000000000000e-02	0.00000000000000e+00	0.00000000000000e+00	0.00000000000000e+00	2.54028248160183e+03	1.92992500000000e-01	4.90255466830541e+02	0.00000000000000e+00	1
8	6	18	20	3.00000000000000e-02	0.00000000000000e+00	0.00000000000000e+00	0.00000000000000e+00	4.43891273241814e+03	1.11360000000000e-01	4.94317321882084e+02	0.00000000000000e+00	1
8	6	20	22	3.00000000000000e-02	0.00000000000000e+00	0.00000000000000e+00	0.00000000000000e+00	7.05502465387554e+03	7.48218500000000e-02	5.27869996398577e+02	0.00000000000000e+00	1
8	6	22	24	3.00000000000000e-02	0.00000000000000e+00	0.00000000000000e+00	0.00000000000000e+00	1.05191842451305e+04	4.60847500000000e-02	4.84773976140778e+02	0.00000000000000e+00	1
8	5	11	14	9.38631900000000e-02	0.00000000000000e+00	0.00000000000000e+00	0.00000000000000e+00	1.90679265746964e+02	3.32855000000000e+00	6.34685470002055e+02	0.00000000000000e+00	1
8	5	14	17	3.00000000000000e-02	0.00000000000000e+00	0.00000000000000e+00	0.00000000000000e+00	7.56924169727762e+02	5.10167500000000e-01	3.86158111359588e+02	0.00000000000000e+00	1
8	5	17	20	3.00000000000000e-02	0.00000000000000e+00	0.00000000000000e+00	0.00000000000000e+00	1.90398284806844e+03	2.49366000000000e-01	4.74788586891436e+02	0.00000000000000e+00	1
8	5	20	23	3.00000000000000e-02	0.00000000000000e+00	0.00000000000000e+00	0.00000000000000e+00	3.76538904571009e+03	1.35590000000000e-01	5.10549100707832e+02	0.00000000000000e+00	1
8	5	23	26	3.00000000000000e-02	0.00000000000000e+00	0.00000000000000e+00	0.00000000000000e+00	6.54690129708438e+03	7.17956000000000e-02	4.70038706764951e+02	0.00000000000000e+00	1
8	5	26	29	3.00000000000000e-02	0.00000000000000e+00	0.00000000000000e+00	0.00000000000000e+00	1.04439758815159e+04	4.27750000000000e-02	4.46741068331844e+02	0.00000000000000e+00	1
8	5	29	32	3.00000000000000e-02	0.00000000000000e+00	0.00000000000000e+00	0.00000000000000e+00	1.55837989128538e+04	3.21653500000000e-02	5.01258346361562e+02	0.00000000000000e+00	1
8	4	12	16	5.07108400000000e-02	0.00000000000000e+00	0.00000000000000e+00	0.00000000000000e+00	2.52683008356869e+02	1.73078000000000e+00	4.37338697203902e+02	0.00000000000000e+00	1
8	4	16	20	3.00000000000000e-02	0.00000000000000e+00	0.00000000000000e+00	0.00000000000000e+00	1.01151915829363e+03	4.66914500000000e-01	4.72292962035093e+02	0.00000000000000e+00	1
8	4	20	24	3.00000000000000e-02	0.00000000000000e+00	0.00000000000000e+00	0.00000000000000e+00	2.50405276841021e+03	1.98752000000000e-01	4.97685495827067e+02	0.00000000000000e+00	1
8	4	24	28	3.00000000000000e-02	0.00000000000000e+00	0.00000000000000e+00	0.00000000000000e+00	4.97365908260002e+03	9.86319500000000e-02	4.90561693952051e+02	0.00000000000000e+00	1
8	4	28	32	3.00000000000000e-02	0.00000000000000e+00	0.00000000000000e+00	0.00000000000000e+00	8.64950218918370e+03	5.65976500000000e-02	4.89541497577653e+02	0.00000000000000e+00	1
8	4	36	40	3.00000000000000e-02	0.00000000000000e+00	0.00000000000000e+00	0.00000000000000e+00	2.01398849429279e+04	2.63334000000000e-02	5.30351646156098e+02	0.00000000000000e+00	1
8	3	13	18	3.75096600000000e-02	0.00000000000000e+00	0.00000000000000e+00	0.00000000000000e+00	3.15597168339872e+02	1.25147500000000e+00	3.94961966248141e+02	0.00000000000000e+00	1
8	3	18	23	3.00000000000000e-02	0.00000000000000e+00	0.00000000000000e+00	0.00000000000000e+00	1.25998084333038e+03	4.10439000000000e-01	5.17145277355678e+02	0.00000000000000e+00	1
8	3	23	28	3.00000000000000e-02	0.00000000000000e+00	0.00000000000000e+00	0.00000000000000e+00	3.11517782395046e+03	1.62848000000000e-01	5.07300478274684e+02	0.00000000000000e+00	1
8	3	28	33	3.00000000000000e-02	0.00000000000000e+00	0.00000000000000e+00	0.00000000000000e+00	6.18358125812781e+03	9.15494500000000e-02	5.66103463211909e+02	0.00000000000000e+00	1
8	3	33	38	3.00000000000000e-02	0.00000000000000e+00	0.00000000000000e+00	0.00000000000000e+00	1.07058029168112e+04	4.29491000000000e-02	4.59804600054416e+02	0.00000000000000e+00	1
8	3	43	48	3.00000000000000e-02	0.00000000000000e+00	0.00000000000000e+00	0.00000000000000e+00	2.65563622713203e+04	3.89393500000000e-02	1.03408748520974e+03	0.00000000000000e+00	1
8	2	14	20	3.51488900000000e-02	0.00000000000000e+00	0.00000000000000e+00	0.00000000000000e+00	3.78055753343519e+02	1.16354000000000e+00	4.39882991245318e+02	0.00000000000000e+00	1
8	2	20	26	3.00000000000000e-02	0.00000000000000e+00	0.00000000000000e+00	0.00000000000000e+00	1.49814425562061e+03	3.53112500000000e-01	5.29013463462831e+02	0.00000000000000e+00	1
8	2	26	32	3.00000000000000e-02	0.00000000000000e+00	0.00000000000000e+00	0.00000000000000e+00	3.71023562585014e+03	1.47960000000000e-01	5.48966463200787e+02	0.00000000000000e+00	1
8	2	32	38	3.00000000000000e-02	0.00000000000000e+00	0.00000000000000e+00	0.00000000000000e+00	7.32944900200445e+03	7.98311000000000e-02	5.85117976223918e+02	0.00000000000000e+00	1
8	2	38	44	3.00000000000000e-02	0.00000000000000e+00	0.00000000000000e+00	0.00000000000000e+00	1.26169300414515e+04	4.30432500000000e-02	5.43073674006707e+02	0.00000000000000e+00	1
8	1	15	22	3.36486100000000e-02	0.00000000000000e+00	0.00000000000000e+00	0.00000000000000e+00	4.40001277594683e+02	1.11740000000000e+00	4.91657427584299e+02	0.00000000000000e+00	1
8	1	22	29	3.00000000000000e-02	0.00000000000000e+00	0.00000000000000e+00	0.00000000000000e+00	1.73540410782813e+03	2.83314500000000e-01	4.91665147107273e+02	0.00000000000000e+00	1
8	1	29	36	3.00000000000000e-02	0.00000000000000e+00	0.00000000000000e+00	0.00000000000000e+00	4.29285357256455e+03	1.20502500000000e-01	5.17299587627959e+02	0.00000000000000e+00	1
8	1	36	43	3.00000000000000e-02	0.00000000000000e+00	0.00000000000000e+00	0.00000000000000e+00	8.37291331649830e+03	7.05270500000000e-02	5.90516876118341e+02	0.00000000000000e+00	1
8	1	43	50	3.00000000000000e-02	0.00000000000000e+00	0.00000000000000e+00	0.00000000000000e+00	1.63524494251897e+04	2.52567000000000e-02	4.13008909397189e+02	0.00000000000000e+00	1
9	8	10	11	2.25238880000000e-01	0.00000000000000e+00	0.00000000000000e+00	0.00000000000000e+00	6.66094903262214e+01	8.11553500000000e+00	5.40571650074611e+02	0.00000000000000e+00	1
9	8	11	12	5.48664100000000e-02	0.00000000000000e+00	0.00000000000000e+00	0.00000000000000e+00	2.59392447440415e+02	1.86892500000000e+00	4.84785029832578e+02	0.00000000000000e+00	1
9	8	12	13	3.00000000000000e-02	0.00000000000000e+00	0.00000000000000e+00	0.00000000000000e+00	6.41853038466773e+02	5.24589000000000e-01	3.36709043596246e+02	0.00000000000000e+00	1
9	8	13	14	3.00000000000000e-02	0.00000000000000e+00	0.00000000000000e+00	0.00000000000000e+00	1.27528990568839e+03	1.77305000000000e-01	2.26115276728080e+02	0.00000000000000e+00	1
9	7	11	13	9.35748800000000e-02	0.00000000000000e+00	0.00000000000000e+00	0.00000000000000e+00	1.28773166382848e+02	3.30554500000000e+00	4.25665496270991e+02	0.00000000000000e+00	1
9	7	13	15	3.00000000000000e-02	0.00000000000000e+00	0.00000000000000e+00	0.00000000000000e+00	5.08241606879536e+02	4.28795500000000e-01	2.17931713942714e+02	0.00000000000000e+00	1
9	7	17	19	3.00000000000000e-02	0.00000000000000e+00	0.00000000000000e+00	0.00000000000000e+00	2.55144161936935e+03	3.05270500000000e-01	7.78879858865690e+02	0.00000000000000e+00	1
9	7	21	23	3.00000000000000e-02	0.00000000000000e+00	0.00000000000000e+00	0.00000000000000e+00	7.02761608218153e+03	4.90367500000000e-02	3.44611452917915e+02	0.00000000000000e+00	1
9	7	23	25	3.00000000000000e-02	0.00000000000000e+00	0.00000000000000e+00	0.00000000000000e+00	1.04966078209549e+04	2.73786500000000e-02	2.87382951717186e+02	0.00000000000000e+00	1
9	6	12	15	5.15170700000000e-02	0.00000000000000e+00	0.00000000000000e+00	0.00000000000000e+00	1.91189799333425e+02	1.72406500000000e+00	3.29623641387781e+02	0.00000000000000e+00	1
9	6	18	21	3.00000000000000e-02	0.00000000000000e+00	0.00000000000000e+00	0.00000000000000e+00	1.90176663741123e+03	3.52742500000000e-01	6.70833918097031e+02	0.00000000000000e+00	1
9	6	21	24	3.00000000000000e-02	0.00000000000000e+00	0.00000000000000e+00	0.00000000000000e+00	3.76538729148817e+03	1.16631000000000e-01	4.39160885193557e+02	0.00000000000000e+00	1
9	6	24	27	3.00000000000000e-02	0.00000000000000e+00	0.00000000000000e+00	0.00000000000000e+00	6.56010165088437e+03	6.80644500000000e-02	4.46509710811537e+02	0.00000000000000e+00	1
9	6	27	30	3.00000000000000e-02	0.00000000000000e+00	0.00000000000000e+00	0.00000000000000e+00	1.04458502929357e+04	3.56270000000000e-02	3.72154308386420e+02	0.00000000000000e+00	1
9	6	30	33	3.00000000000000e-02	0.00000000000000e+00	0.00000000000000e+00	0.00000000000000e+00	1.55962046457784e+04	2.20124000000000e-02	3.43309895144733e+02	0.00000000000000e+00	1
9	5	13	17	3.39662900000000e-02	0.00000000000000e+00	0.00000000000000e+00	0.00000000000000e+00	2.53395199430170e+02	1.11905500000000e+00	2.83563164898328e+02	0.00000000000000e+00	1
9	5	17	21	3.00000000000000e-02	0.00000000000000e+00	0.00000000000000e+00	0.00000000000000e+00	1.01600818054408e+03	5.95558500000000e-01	6.05092307992559e+02	0.00000000000000e+00	1
9	5	21	25	3.00000000000000e-02	0.00000000000000e+00	0.00000000000000e+00	0.00000000000000e+00	2.50420113434655e+03	1.58244000000000e-01	3.96274804303536e+02	0.00000000000000e+00	1
9	5	25	29	3.00000000000000e-02	0.00000000000000e+00	0.00000000000000e+00	0.00000000000000e+00	4.98071912424144e+03	1.03194500000000e-01	5.13982819666533e+02	0.00000000000000e+00	1
9	5	29	33	3.00000000000000e-02	0.00000000000000e+00	0.00000000000000e+00	0.00000000000000e+00	8.66010438210037e+03	4.87153500000000e-02	4.21880016010553e+02	0.00000000000000e+00	1
9	5	33	37	3.00000000000000e-02	0.00000000000000e+00	0.00000000000000e+00	0.00000000000000e+00	1.37676256301962e+04	3.48050000000000e-02	4.79182210058978e+02	0.00000000000000e+00	1
9	5	37	41	3.00000000000000e-02	0.00000000000000e+00	0.00000000000000e+00	0.00000000000000e+00	2.01311099985680e+04	2.23698000000000e-02	4.50328904445967e+02	0.00000000000000e+00	1
9	4	14	19	3.52776500000000e-02	0.00000000000000e+00	0.00000000000000e+00	0.00000000000000e+00	3.16452132910853e+02	1.16859000000000e+00	3.69802797998294e+02	0.00000000000000e+00	1
9	4	19	24	3.00000000000000e-02	0.00000000000000e+00	0.00000000000000e+00	0.00000000000000e+00	1.25683807363078e+03	3.60702500000000e-01	4.53344635253806e+02	0.00000000000000e+00	1
9	4	24	29	3.00000000000000e-02	0.00000000000000e+00	0.00000000000000e+00	0.00000000000000e+00	3.11043682993185e+03	1.43607500000000e-01	4.46682057054438e+02	0.00000000000000e+00	1
9	4	29	34	3.00000000000000e-02	0.00000000000000e+00	0.00000000000000e+00	0.00000000000000e+00	6.17492753270583e+03	7.70278000000000e-02	4.75641083003758e+02	0.00000000000000e+00	1
9	4	34	39	3.00000000000000e-02	0.00000000000000e+00	0.00000000000000e+00	0.00000000000000e+00	1.06333285983237e+04	4.03068500000000e-02	4.28595980813345e+02	0.00000000000000e+00	1
9	3	15	21	3.97469800000000e-02	0.00000000000000e+00	0.00000000000000e+00	0.00000000000000e+00	3.79733533665630e+02	1.37302000000000e+00	5.21381736393583e+02	0.00000000000000e+00	1
9	3	21	27	3.00000000000000e-02	0.00000000000000e+00	0.00000000000000e+00	0.00000000000000e+00	1.50061633582926e+03	3.08922000000000e-01	4.63573399697045e+02	0.00000000000000e+00	1
9	3	27	33	3.00000000000000e-02	0.00000000000000e+00	0.00000000000000e+00	0.00000000000000e+00	3.71615072041996e+03	1.26877000000000e-01	4.71494054954723e+02	0.00000000000000e+00	1
9	3	33	39	3.00000000000000e-02	0.00000000000000e+00	0.00000000000000e+00	0.00000000000000e+00	7.32020622931834e+03	6.58036500000000e-02	4.81696288641884e+02	0.00000000000000e+00	1
9	3	39	45	3.00000000000000e-02	0.00000000000000e+00	0.00000000000000e+00	0.00000000000000e+00	1.27908157210768e+04	5.18895000000000e-02	6.63709032358815e+02	0.00000000000000e+00	1
9	3	51	57	3.00000000000000e-02	0.00000000000000e+00	0.00000000000000e+00	0.00000000000000e+00	5.43569460550704e+04	3.22890000000000e-03	1.75513143117217e+02	0.00000000000000e+00	1
9	2	16	23	3.27865800000000e-02	0.00000000000000e+00	0.00000000000000e+00	0.00000000000000e+00	4.41993376744492e+02	1.07434500000000e+00	4.74853374338561e+02	0.00000000000000e+00	1
9	2	23	30	3.00000000000000e-02	0.00000000000000e+00	0.00000000000000e+00	0.00000000000000e+00	1.74011218738065e+03	2.66748000000000e-01	4.64171445759412e+02	0.00000000000000e+00	1
9	2	30	37	3.00000000000000e-02	0.00000000000000e+00	0.00000000000000e+00	0.00000000000000e+00	4.30118388179473e+03	1.09366500000000e-01	4.70405427008303e+02	0.00000000000000e+00	1
9	2	37	44	3.00000000000000e-02	0.00000000000000e+00	0.00000000000000e+00	0.00000000000000e+00	8.41816965319713e+03	6.26019000000000e-02	5.26993414812481e+02	0.00000000000000e+00	1
10	9	11	12	2.91684530000000e-01	0.00000000000000e+00	0.00000000000000e+00	0.00000000000000e+00	6.16397523550824e+01	1.05496500000000e+01	6.50277813432795e+02	0.00000000000000e+00	1
10	9	12	13	5.99466500000000e-02	0.00000000000000e+00	0.00000000000000e+00	0.00000000000000e+00	2.45265318467945e+02	2.06991500000000e+00	5.07678361676576e+02	0.00000000000000e+00	1
10	9	13	14	3.00000000000000e-02	0.00000000000000e+00	0.00000000000000e+00	0.00000000000000e+00	6.10913430448025e+02	5.49051500000000e-01	3.35422935357634e+02	0.00000000000000e+00	1
10	9	14	15	3.00000000000000e-02	0.00000000000000e+00	0.00000000000000e+00	0.00000000000000e+00	1.22155725010254e+03	3.55041000000000e-01	4.33702907633655e+02	0.00000000000000e+00	1
10	9	16	17	3.00000000000000e-02	0.00000000000000e+00	0.00000000000000e+00	0.00000000000000e+00	3.41889378218665e+03	1.75121500000000e-01	5.98721807477199e+02	0.00000000000000e+00	1
10	9	17	18	3.00000000000000e-02	0.00000000000000e+00	0.00000000000000e+00	0.00000000000000e+00	5.17659447618555e+03	6.79783500000000e-02	3.51896351110208e+02	0.00000000000000e+00	1
10	8	12	14	9.43815100000000e-02	0.00000000000000e+00	0.00000000000000e+00	0.00000000000000e+00	1.24127462934082e+02	3.32756000000000e+00	4.13041580560934e+02	0.00000000000000e+00	1
10	8	14	16	3.00000000000000e-02	0.00000000000000e+00	0.00000000000000e+00	0.00000000000000e+00	4.95716506870745e+02	6.03211000000000e-01	2.99021649826009e+02	0.00000000000000e+00	1
10	8	16	18	3.00000000000000e-02	0.00000000000000e+00	0.00000000000000e+00	0.00000000000000e+00	1.24520372332651e+03	2.41068000000000e-01	3.00178771174875e+02	0.00000000000000e+00	1
10	8	18	20	3.00000000000000e-02	0.00000000000000e+00	0.00000000000000e+00	0.00000000000000e+00	2.48601639689530e+03	2.29567000000000e-01	5.70707326186064e+02	0.00000000000000e+00	1
10	8	20	22	3.00000000000000e-02	0.00000000000000e+00	0.00000000000000e+00	0.00000000000000e+00	4.32210472562913e+03	1.05381500000000e-01	4.55469879143886e+02	0.00000000000000e+00	1
10	8	22	24	3.00000000000000e-02	0.00000000000000e+00	0.00000000000000e+00	0.00000000000000e+00	6.87667576477209e+03	5.43820000000000e-02	3.73967381439836e+02	0.00000000000000e+00	1
10	8	24	26	3.00000000000000e-02	0.00000000000000e+00	0.00000000000000e+00	0.00000000000000e+00	1.02885519107111e+04	3.39405500000000e-02	3.49199110553084e+02	0.00000000000000e+00	1
10	7	13	16	4.88923800000000e-02	0.00000000000000e+00	0.00000000000000e+00	0.00000000000000e+00	1.86510698717401e+02	1.67363000000000e+00	3.12149900694405e+02	0.00000000000000e+00	1
10	7	16	19	3.00000000000000e-02	0.00000000000000e+00	0.00000000000000e+00	0.00000000000000e+00	7.50032505127543e+02	5.36015500000000e-01	4.02029048252192e+02	0.00000000000000e+00	1
10	7	19	22	3.00000000000000e-02	0.00000000000000e+00	0.00000000000000e+00	0.00000000000000e+00	1.86431030738450e+03	2.32638000000000e-01	4.33709421289316e+02	0.00000000000000e+00	1
10	7	22	25	3.00000000000000e-02	0.00000000000000e+00	0.00000000000000e+00	0.00000000000000e+00	3.69810906022413e+03	1.01263500000000e-01	3.74483466820006e+02	0.00000000000000e+00	1
10	7	28	31	3.00000000000000e-02	0.00000000000000e+00	0.00000000000000e+00	0.00000000000000e+00	1.02809352939286e+04	4.38929000000000e-02	4.51260064762879e+02	0.00000000000000e+00	1
10	6	14	18	3.98569700000000e-02	0.00000000000000e+00	0.00000000000000e+00	0.00000000000000e+00	2.49701531789466e+02	1.33746500000000e+00	3.33967059214798e+02	0.00000000000000e+00	1
10	6	18	22	3.00000000000000e-02	0.00000000000000e+00	0.00000000000000e+00	0.00000000000000e+00	9.99358352039318e+02	5.21135000000000e-01	5.20800614790010e+02	0.00000000000000e+00	1
10	6	22	26	3.00000000000000e-02	0.00000000000000e+00	0.00000000000000e+00	0.00000000000000e+00	2.47268422788271e+03	1.55900000000000e-01	3.85491471126914e+02	0.00000000000000e+00	1
10	6	26	30	3.00000000000000e-02	0.00000000000000e+00	0.00000000000000e+00	0.00000000000000e+00	4.92733678092205e+03	8.76431500000000e-02	4.31847316590868e+02	0.00000000000000e+00	1
10	6	30	34	3.00000000000000e-02	0.00000000000000e+00	0.00000000000000e+00	0.00000000000000e+00	8.57166909338213e+03	5.48315500000000e-02	4.69997902477237e+02	0.00000000000000e+00	1
10	6	34	38	3.00000000000000e-02	0.00000000000000e+00	0.00000000000000e+00	0.00000000000000e+00	1.35759243395932e+04	2.77890500000000e-02	3.77262040269172e+02	0.00000000000000e+00	1
10	6	38	42	3.00000000000000e-02	0.00000000000000e+00	0.00000000000000e+00	0.00000000000000e+00	1.99850829330054e+04	2.45996000000000e-02	4.91625046118759e+02	0.00000000000000e+00	1
10	5	15	20	4.08373200000000e-02	0.00000000000000e+00	0.00000000000000e+00	0.00000000000000e+00	3.12702277970491e+02	1.39893500000000e+00	4.37450161232649e+02	0.00000000000000e+00	1
10	5	20	25	3.00000000000000e-02	0.00000000000000e+00	0.00000000000000e+00	0.00000000000000e+00	1.24141526146259e+03	3.49679500000000e-01	4.34097467920609e+02	0.00000000000000e+00	1
10	5	25	30	3.00000000000000e-02	0.00000000000000e+00	0.00000000000000e+00	0.00000000000000e+00	3.08256675406875e+03	1.40996500000000e-01	4.34631123340054e+02	0.00000000000000e+00	1
10	5	30	35	3.00000000000000e-02	0.00000000000000e+00	0.00000000000000e+00	0.00000000000000e+00	6.12233761445074e+03	6.94733500000000e-02	4.25339303906902e+02	0.00000000000000e+00	1
10	5	35	40	3.00000000000000e-02	0.00000000000000e+00	0.00000000000000e+00	0.00000000000000e+00	1.04981031908391e+04	4.45650000000000e-02	4.67847968699745e+02	0.00000000000000e+00	1
10	5	45	50	3.00000000000000e-02	0.00000000000000e+00	0.00000000000000e+00	0.00000000000000e+00	2.91785038817943e+04	1.12056500000000e-02	3.26964102023028e+02	0.00000000000000e+00	1
10	4	16	22	3.57213400000000e-02	0.00000000000000e+00	0.00000000000000e+00	0.00000000000000e+00	3.75594397709333e+02	1.18159500000000e+00	4.43800462361359e+02	0.00000000000000e+00	1
10	4	22	28	3.00000000000000e-02	0.00000000000000e+00	0.00000000000000e+00	0.00000000000000e+00	1.48374299751451e+03	2.84537500000000e-01	4.22180523155286e+02	0.00000000000000e+00	1
10	4	28	34	3.00000000000000e-02	0.00000000000000e+00	0.00000000000000e+00	0.00000000000000e+00	3.68078480340768e+03	1.20401000000000e-01	4.43170171115088e+02	0.00000000000000e+00	1
10	4	34	40	3.00000000000000e-02	0.00000000000000e+00	0.00000000000000e+00	0.00000000000000e+00	7.22470511042431e+03	5.80918500000000e-02	4.19696485569002e+02	0.00000000000000e+00	1
10	3	17	24	3.44918300000000e-02	0.00000000000000e+00	0.00000000000000e+00	0.00000000000000e+00	4.38468622017103e+02	1.14428500000000e+00	5.01733067144840e+02	0.00000000000000e+00	1
10	3	24	31	3.00000000000000e-02	0.00000000000000e+00	0.00000000000000e+00	0.00000000000000e+00	1.72865871750697e+03	2.63814500000000e-01	4.56045235229743e+02	0.00000000000000e+00	1
10	3	31	38	3.00000000000000e-02	0.00000000000000e+00	0.00000000000000e+00	0.00000000000000e+00	4.27129642686788e+03	9.62551000000000e-02	4.11134064697810e+02	0.00000000000000e+00	1
10	3	38	45	3.00000000000000e-02	0.00000000000000e+00	0.00000000000000e+00	0.00000000000000e+00	8.44514419372918e+03	6.92139500000000e-02	5.84521787967562e+02	0.00000000000000e+00	1
11	10	12	13	2.84499340000000e-01	0.00000000000000e+00	0.00000000000000e+00	0.00000000000000e+00	6.24830793439762e+01	1.02165500000000e+01	6.38361504271700e+02	0.00000000000000e+00	1
11	10	13	14	4.26511800000000e-02	0.00000000000000e+00	0.00000000000000e+00	0.00000000000000e+00	2.49745240614843e+02	1.44230000000000e+00	3.60207560538787e+02	0.00000000000000e+00	1
11	10	16	17	3.00000000000000e-02	0.00000000000000e+00	0.00000000000000e+00	0.00000000000000e+00	2.19269671366990e+03	2.85268500000000e-01	6.25507302463543e+02	0.00000000000000e+00	1
11	10	17	18	3.00000000000000e-02	0.00000000000000e+00	0.00000000000000e+00	0.00000000000000e+00	3.54435296422201e+03	1.67973000000000e-01	5.95355600459263e+02	0.00000000000000e+00	1
11	10	18	19	3.00000000000000e-02	0.00000000000000e+00	0.00000000000000e+00	0.00000000000000e+00	5.27923155807370e+03	8.50839500000000e-02	4.49177873925565e+02	0.00000000000000e+00	1
11	9	13	15	7.68174700000000e-02	0.00000000000000e+00	0.00000000000000e+00	0.00000000000000e+00	1.24093745835376e+02	2.61440000000000e+00	3.24430689112007e+02	0.00000000000000e+00	1
11	9	15	17	3.92879200000000e-02	0.00000000000000e+00	0.00000000000000e+00	0.00000000000000e+00	4.95892695080207e+02	1.37194000000000e+00	6.80335024088339e+02	0.00000000000000e+00	1
11	9	17	19	3.00000000000000e-02	0.00000000000000e+00	0.00000000000000e+00	0.00000000000000e+00	1.24865290224964e+03	3.20614500000000e-01	4.00336225928318e+02	0.00000000000000e+00	1
11	9	19	21	3.00000000000000e-02	0.00000000000000e+00	0.00000000000000e+00	0.00000000000000e+00	2.47440605933801e+03	2.24262000000000e-01	5.54915251679261e+02	0.00000000000000e+00	1
11	9	21	23	3.00000000000000e-02	0.00000000000000e+00	0.00000000000000e+00	0.00000000000000e+00	4.30034617545007e+03	1.12566250000000e-01	4.84073842672256e+02	0.00000000000000e+00	1
11	9	23	25	3.00000000000000e-02	0.00000000000000e+00	0.00000000000000e+00	0.00000000000000e+00	6.85471792346917e+03	6.43563000000000e-02	4.41144283098159e+02	0.00000000000000e+00	1
11	9	25	27	3.00000000000000e-02	0.00000000000000e+00	0.00000000000000e+00	0.00000000000000e+00	1.02727306303635e+04	6.16364500000000e-02	6.33174647861871e+02	0.00000000000000e+00	1
11	8	14	17	6.13877300000000e-02	0.00000000000000e+00	0.00000000000000e+00	0.00000000000000e+00	1.86855859544511e+02	2.10523000000000e+00	3.93374561188891e+02	0.00000000000000e+00	1
11	8	17	20	3.00000000000000e-02	0.00000000000000e+00	0.00000000000000e+00	0.00000000000000e+00	7.51922007303342e+02	7.05534000000000e-01	5.30506541500756e+02	0.00000000000000e+00	1
11	8	20	23	3.00000000000000e-02	0.00000000000000e+00	0.00000000000000e+00	0.00000000000000e+00	1.85748362849279e+03	2.71404500000000e-01	5.04129415449271e+02	0.00000000000000e+00	1
11	8	23	26	3.00000000000000e-02	0.00000000000000e+00	0.00000000000000e+00	0.00000000000000e+00	3.69251578441779e+03	1.19063500000000e-01	4.39643853098027e+02	0.00000000000000e+00	1
11	8	29	32	3.00000000000000e-02	0.00000000000000e+00	0.00000000000000e+00	0.00000000000000e+00	1.02644208137690e+04	4.32160000000000e-02	4.43587209887842e+02	0.00000000000000e+00	1
11	8	32	35	3.00000000000000e-02	0.00000000000000e+00	0.00000000000000e+00	0.00000000000000e+00	1.53488830282072e+04	5.74915500000000e-02	8.82431076060325e+02	0.00000000000000e+00	1
11	7	15	19	6.33378600000000e-02	0.00000000000000e+00	0.00000000000000e+00	0.00000000000000e+00	2.50061724684708e+02	2.26344500000000e+00	5.66000960428978e+02	0.00000000000000e+00	1
11	7	19	23	3.00000000000000e-02	0.00000000000000e+00	0.00000000000000e+00	0.00000000000000e+00	9.95048609851538e+02	5.01183000000000e-01	4.98701447431224e+02	0.00000000000000e+00	1
11	7	23	27	3.00000000000000e-02	0.00000000000000e+00	0.00000000000000e+00	0.00000000000000e+00	2.46749322248168e+03	1.88157500000000e-01	4.64277356009098e+02	0.00000000000000e+00	1
11	7	27	31	3.00000000000000e-02	0.00000000000000e+00	0.00000000000000e+00	0.00000000000000e+00	4.90833852343910e+03	8.21156000000000e-02	4.03051162855316e+02	0.00000000000000e+00	1
11	7	35	39	3.00000000000000e-02	0.00000000000000e+00	0.00000000000000e+00	0.00000000000000e+00	1.34553772826042e+04	4.02487000000000e-02	5.41561443634351e+02	0.00000000000000e+00	1
11	7	39	43	3.00000000000000e-02	0.00000000000000e+00	0.00000000000000e+00	0.00000000000000e+00	2.00971683300682e+04	3.18129500000000e-02	6.39350211226042e+02	0.00000000000000e+00	1
11	6	16	21	4.59203200000000e-02	0.00000000000000e+00	0.00000000000000e+00	0.00000000000000e+00	3.13435604497160e+02	1.54459500000000e+00	4.84131067528291e+02	0.00000000000000e+00	1
11	6	21	26	3.00000000000000e-02	0.00000000000000e+00	0.00000000000000e+00	0.00000000000000e+00	1.23889160152225e+03	3.90721000000000e-01	4.84060965438373e+02	0.00000000000000e+00	1
11	6	26	31	3.00000000000000e-02	0.00000000000000e+00	0.00000000000000e+00	0.00000000000000e+00	3.07951202038675e+03	1.41681000000000e-01	4.36308342560415e+02	0.00000000000000e+00	1
11	6	36	41	3.00000000000000e-02	0.00000000000000e+00	0.00000000000000e+00	0.00000000000000e+00	1.04572899818042e+04	5.81045500000000e-02	6.07616128612241e+02	0.00000000000000e+00	1
11	6	46	51	3.00000000000000e-02	0.00000000000000e+00	0.00000000000000e+00	0.00000000000000e+00	3.24063611732246e+04	4.19649000000000e-02	1.35992970599825e+03	0.00000000000000e+00	1
11	5	17	23	4.05869800000000e-02	0.00000000000000e+00	0.00000000000000e+00	0.00000000000000e+00	3.76069983842419e+02	1.35208000000000e+00	5.08476703753657e+02	0.00000000000000e+00	1
11	5	23	29	3.00000000000000e-02	0.00000000000000e+00	0.00000000000000e+00	0.00000000000000e+00	1.48268039361219e+03	2.89418000000000e-01	4.29114394158453e+02	0.00000000000000e+00	1
11	5	29	35	3.00000000000000e-02	0.00000000000000e+00	0.00000000000000e+00	0.00000000000000e+00	3.67882256206535e+03	1.36717500000000e-01	5.02959423629169e+02	0.00000000000000e+00	1
11	5	35	41	3.00000000000000e-02	0.00000000000000e+00	0.00000000000000e+00	0.00000000000000e+00	7.20387693586595e+03	8.77590000000000e-02	6.32205036014660e+02	0.00000000000000e+00	1
11	4	18	25	3.41534500000000e-02	0.00000000000000e+00	0.00000000000000e+00	0.00000000000000e+00	4.36627008360194e+02	1.11726500000000e+00	4.87828074495552e+02	0.00000000000000e+00	1
11	4	25	32	3.00000000000000e-02	0.00000000000000e+00	0.00000000000000e+00	0.00000000000000e+00	1.72509164739020e+03	2.63918000000000e-01	4.55282737395926e+02	0.00000000000000e+00	1
11	4	32	39	3.00000000000000e-02	0.00000000000000e+00	0.00000000000000e+00	0.00000000000000e+00	4.24976830001355e+03	1.29631500000000e-01	5.50903839383206e+02	0.00000000000000e+00	1
11	4	39	46	3.00000000000000e-02	0.00000000000000e+00	0.00000000000000e+00	0.00000000000000e+00	8.50771595435437e+03	9.34581500000000e-02	7.95115393819444e+02	0.00000000000000e+00	1
12	11	13	14	1.99236780000000e-01	0.00000000000000e+00	0.00000000000000e+00	0.00000000000000e+00	6.24496552585792e+01	7.18115500000000e+00	4.48460654108423e+02	0.00000000000000e+00	1
12	11	14	15	5.27304000000000e-02	0.00000000000000e+00	0.00000000000000e+00	0.00000000000000e+00	2.50280656890916e+02	1.85708000000000e+00	4.64791202298982e+02	0.00000000000000e+00	1
12	11	16	17	3.00000000000000e-02	0.00000000000000e+00	0.00000000000000e+00	0.00000000000000e+00	1.25301198481698e+03	3.04147000000000e-01	3.81099836146129e+02	0.00000000000000e+00	1
12	11	17	18	3.00000000000000e-02	0.00000000000000e+00	0.00000000000000e+00	0.00000000000000e+00	2.21387433637990e+03	2.16581000000000e-01	4.79483117647496e+02	0.00000000000000e+00	1
12	11	18	19	3.00000000000000e-02	0.00000000000000e+00	0.00000000000000e+00	0.00000000000000e+00	3.51470488395139e+03	1.23377000000000e-01	4.33633744467271e+02	0.00000000000000e+00	1
12	11	19	20	3.00000000000000e-02	0.00000000000000e+00	0.00000000000000e+00	0.00000000000000e+00	5.25389485486345e+03	8.84373500000000e-02	4.64640538142758e+02	0.00000000000000e+00	1
12	10	14	16	8.62547100000000e-02	0.00000000000000e+00	0.00000000000000e+00	0.00000000000000e+00	1.25113479370408e+02	3.03310000000000e+00	3.79481694278384e+02	0.00000000000000e+00	1
12	10	16	18	3.00000000000000e-02	0.00000000000000e+00	0.00000000000000e+00	0.00000000000000e+00	5.03025155127576e+02	9.61640500000000e-01	4.83729361689460e+02	0.00000000000000e+00	1
12	10	18	20	3.00000000000000e-02	0.00000000000000e+00	0.00000000000000e+00	0.00000000000000e+00	1.25426483786037e+03	3.87744500000000e-01	4.86334292423751e+02	0.00000000000000e+00	1
12	10	20	22	3.00000000000000e-02	0.00000000000000e+00	0.00000000000000e+00	0.00000000000000e+00	2.49113185997520e+03	2.33186000000000e-01	5.80897073900177e+02	0.00000000000000e+00	1
12	10	22	24	3.00000000000000e-02	0.00000000000000e+00	0.00000000000000e+00	0.00000000000000e+00	4.33556260321286e+03	1.07894500000000e-01	4.67783359292350e+02	0.00000000000000e+00	1
12	10	24	26	3.00000000000000e-02	0.00000000000000e+00	0.00000000000000e+00	0.00000000000000e+00	6.92118886639407e+03	8.67235000000000e-02	6.00229722654726e+02	0.00000000000000e+00	1
12	10	26	28	3.00000000000000e-02	0.00000000000000e+00	0.00000000000000e+00	0.00000000000000e+00	1.03782504085342e+04	5.17585500000000e-02	5.37163192682639e+02	0.00000000000000e+00	1
12	9	15	18	6.39198900000000e-02	0.00000000000000e+00	0.00000000000000e+00	0.00000000000000e+00	1.87249141920378e+02	2.22554000000000e+00	4.16730455309477e+02	0.00000000000000e+00	1
12	9	18	21	3.00000000000000e-02	0.00000000000000e+00	0.00000000000000e+00	0.00000000000000e+00	7.47224712026441e+02	6.14190000000000e-01	4.58937945879520e+02	0.00000000000000e+00	1
12	9	21	24	3.00000000000000e-02	0.00000000000000e+00	0.00000000000000e+00	0.00000000000000e+00	1.84914466251192e+03	2.67875000000000e-01	4.95339626470380e+02	0.00000000000000e+00	1
12	9	24	27	3.00000000000000e-02	0.00000000000000e+00	0.00000000000000e+00	0.00000000000000e+00	3.68365630684203e+03	1.38723000000000e-01	5.11007853854047e+02	0.00000000000000e+00	1
12	9	27	30	3.00000000000000e-02	0.00000000000000e+00	0.00000000000000e+00	0.00000000000000e+00	6.41919593191623e+03	7.58386500000000e-02	4.86823153562019e+02	0.00000000000000e+00	1
12	9	30	33	3.00000000000000e-02	0.00000000000000e+00	0.00000000000000e+00	0.00000000000000e+00	1.02295373539648e+04	6.50165500000000e-02	6.65089226850919e+02	0.00000000000000e+00	1
12	9	33	36	3.00000000000000e-02	0.00000000000000e+00	0.00000000000000e+00	0.00000000000000e+00	1.53094276063311e+04	2.57593000000000e-02	3.94360138539766e+02	0.00000000000000e+00	1
12	8	16	20	5.29179300000000e-02	0.00000000000000e+00	0.00000000000000e+00	0.00000000000000e+00	2.50589930127860e+02	1.81250000000000e+00	4.54194248356745e+02	0.00000000000000e+00	1
12	8	20	24	3.00000000000000e-02	0.00000000000000e+00	0.00000000000000e+00	0.00000000000000e+00	9.91215467708589e+02	5.00996500000000e-01	4.96595480067866e+02	0.00000000000000e+00	1
12	8	24	28	3.00000000000000e-02	0.00000000000000e+00	0.00000000000000e+00	0.00000000000000e+00	2.46236403875015e+03	1.91391500000000e-01	4.71275546922449e+02	0.00000000000000e+00	1
12	8	28	32	3.00000000000000e-02	0.00000000000000e+00	0.00000000000000e+00	0.00000000000000e+00	4.89801914073950e+03	9.09655500000000e-02	4.45551005047896e+02	0.00000000000000e+00	1
12	8	32	36	3.00000000000000e-02	0.00000000000000e+00	0.00000000000000e+00	0.00000000000000e+00	8.53669743327736e+03	5.64602000000000e-02	4.81983644422326e+02	0.00000000000000e+00	1
12	8	36	40	3.00000000000000e-02	0.00000000000000e+00	0.00000000000000e+00	0.00000000000000e+00	1.33402814128294e+04	4.22460000000000e-02	5.63573528566392e+02	0.00000000000000e+00	1
12	8	40	44	3.00000000000000e-02	0.00000000000000e+00	0.00000000000000e+00	0.00000000000000e+00	2.03015190217271e+04	2.50278000000000e-02	5.08102357771981e+02	0.00000000000000e+00	1
12	7	17	22	4.76875500000000e-02	0.00000000000000e+00	0.00000000000000e+00	0.00000000000000e+00	3.13463036637130e+02	1.63396000000000e+00	5.12186063343605e+02	0.00000000000000e+00	1
12	7	22	27	3.00000000000000e-02	0.00000000000000e+00	0.00000000000000e+00	0.00000000000000e+00	1.23508064403687e+03	3.73499500000000e-01	4.61302003007448e+02	0.00000000000000e+00	1
12	7	27	32	3.00000000000000e-02	0.00000000000000e+00	0.00000000000000e+00	0.00000000000000e+00	3.06803180256689e+03	1.60666500000000e-01	4.92929931607113e+02	0.00000000000000e+00	1
12	7	32	37	3.00000000000000e-02	0.00000000000000e+00	0.00000000000000e+00	0.00000000000000e+00	6.09578061807233e+03	6.09357500000000e-02	3.71450963797701e+02	0.00000000000000e+00	1
12	6	18	24	4.03590500000000e-02	0.00000000000000e+00	0.00000000000000e+00	0.00000000000000e+00	3.74464532951095e+02	1.35394500000000e+00	5.07004382066471e+02	0.00000000000000e+00	1
12	6	24	30	3.00000000000000e-02	0.00000000000000e+00	0.00000000000000e+00	0.00000000000000e+00	1.48055889145010e+03	3.19612500000000e-01	4.73205128693594e+02	0.00000000000000e+00	1
12	6	30	36	3.00000000000000e-02	0.00000000000000e+00	0.00000000000000e+00	0.00000000000000e+00	3.67372864228828e+03	1.23217000000000e-01	4.52665822116835e+02	0.00000000000000e+00	1
12	6	36	42	3.00000000000000e-02	0.00000000000000e+00	0.00000000000000e+00	0.00000000000000e+00	7.17583020340306e+03	7.88090500000000e-02	5.65520361291502e+02	0.00000000000000e+00	1
12	6	42	48	3.00000000000000e-02	0.00000000000000e+00	0.00000000000000e+00	0.00000000000000e+00	1.31333453647696e+04	3.28604000000000e-02	4.31566982024475e+02	0.00000000000000e+00	1
12	6	54	60	3.00000000000000e-02	0.00000000000000e+00	0.00000000000000e+00	0.00000000000000e+00	4.94608205165231e+04	4.73412000000000e-03	2.34153459623682e+02	0.00000000000000e+00	1
12	5	19	26	3.41980600000000e-02	0.00000000000000e+00	0.00000000000000e+00	0.00000000000000e+00	4.35391698819221e+02	1.11856000000000e+00	4.87011738631227e+02	0.00000000000000e+00	1
12	5	26	33	3.00000000000000e-02	0.00000000000000e+00	0.00000000000000e+00	0.00000000000000e+00	1.72305826963757e+03	2.54310500000000e-01	4.38191810080666e+02	0.00000000000000e+00	1
13	12	14	15	1.78883640000000e-01	0.00000000000000e+00	0.00000000000000e+00	0.00000000000000e+00	6.26307265636343e+01	6.28396000000000e+00	3.93568980496815e+02	0.00000000000000e+00	1
13	12	16	17	3.00000000000000e-02	0.00000000000000e+00	0.00000000000000e+00	0.00000000000000e+00	6.26546505517268e+02	6.09118500000000e-01	3.81641067620920e+02	0.00000000000000e+00	1
13	12	17	18	3.00000000000000e-02	0.00000000000000e+00	0.00000000000000e+00	0.00000000000000e+00	1.26401925653716e+03	3.47721500000000e-01	4.39526671911988e+02	0.00000000000000e+00	1
13	12	18	19	3.00000000000000e-02	0.00000000000000e+00	0.00000000000000e+00	0.00000000000000e+00	2.19271406092069e+03	2.29350000000000e-01	5.02898969872160e+02	0.00000000000000e+00	1
13	12	19	20	3.00000000000000e-02	0.00000000000000e+00	0.00000000000000e+00	0.00000000000000e+00	3.49483387309991e+03	1.27234500000000e-01	4.44663440426931e+02	0.00000000000000e+00	1
13	12	20	21	3.00000000000000e-02	0.00000000000000e+00	0.00000000000000e+00	0.00000000000000e+00	5.22119307079787e+03	9.09664500000000e-02	4.74953398415081e+02	0.00000000000000e+00	1
13	11	15	17	8.86272700000000e-02	0.00000000000000e+00	0.00000000000000e+00	0.00000000000000e+00	1.25180488382788e+02	3.17758000000000e+00	3.97771016275378e+02	0.00000000000000e+00	1
13	11	17	19	3.00000000000000e-02	0.00000000000000e+00	0.00000000000000e+00	0.00000000000000e+00	5.04185055054321e+02	9.01590000000000e-01	4.54568203786425e+02	0.00000000000000e+00	1
13	11	19	21	3.00000000000000e-02	0.00000000000000e+00	0.00000000000000e+00	0.00000000000000e+00	1.24727779676106e+03	3.92310000000000e-01	4.89319552447331e+02	0.00000000000000e+00	1
13	11	21	23	3.00000000000000e-02	0.00000000000000e+00	0.00000000000000e+00	0.00000000000000e+00	2.47752941389642e+03	1.72334000000000e-01	4.26962554014426e+02	0.00000000000000e+00	1
13	11	23	25	3.00000000000000e-02	0.00000000000000e+00	0.00000000000000e+00	0.00000000000000e+00	4.32123774171845e+03	1.39873500000000e-01	6.04426647266256e+02	0.00000000000000e+00	1
13	11	25	27	3.00000000000000e-02	0.00000000000000e+00	0.00000000000000e+00	0.00000000000000e+00	6.91061212438542e+03	5.00554000000000e-02	3.45913454130962e+02	0.00000000000000e+00	1
13	11	27	29	3.00000000000000e-02	0.00000000000000e+00	0.00000000000000e+00	0.00000000000000e+00	1.03272105928604e+04	4.32907000000000e-02	4.47072175612343e+02	0.00000000000000e+00	1
13	10	16	19	6.73511800000000e-02	0.00000000000000e+00	0.00000000000000e+00	0.00000000000000e+00	1.88496215801874e+02	2.34333500000000e+00	4.41709779856084e+02	0.00000000000000e+00	1
13	10	19	22	3.00000000000000e-02	0.00000000000000e+00	0.00000000000000e+00	0.00000000000000e+00	7.47993694772499e+02	7.02610000000000e-01	5.25547849884105e+02	0.00000000000000e+00	1
13	10	22	25	3.00000000000000e-02	0.00000000000000e+00	0.00000000000000e+00	0.00000000000000e+00	1.85456709465112e+03	2.54162500000000e-01	4.71361409194266e+02	0.00000000000000e+00	1
13	10	25	28	3.00000000000000e-02	0.00000000000000e+00	0.00000000000000e+00	0.00000000000000e+00	3.70211086181382e+03	1.29328500000000e-01	4.78788444592089e+02	0.00000000000000e+00	1
13	10	31	34	3.00000000000000e-02	0.00000000000000e+00	0.00000000000000e+00	0.00000000000000e+00	1.02907816854558e+04	4.57425000000000e-02	4.70726081246964e+02	0.00000000000000e+00	1
13	10	34	37	3.00000000000000e-02	0.00000000000000e+00	0.00000000000000e+00	0.00000000000000e+00	1.53572374107396e+04	3.13718000000000e-02	4.81784180602242e+02	0.00000000000000e+00	1
13	9	17	21	5.36533600000000e-02	0.00000000000000e+00	0.00000000000000e+00	0.00000000000000e+00	2.50617445782772e+02	1.83709500000000e+00	4.60408056560302e+02	0.00000000000000e+00	1
13	9	21	25	3.00000000000000e-02	0.00000000000000e+00	0.00000000000000e+00	0.00000000000000e+00	9.86711539120887e+02	4.87801000000000e-01	4.81318875494708e+02	0.00000000000000e+00	1
13	9	25	29	3.00000000000000e-02	0.00000000000000e+00	0.00000000000000e+00	0.00000000000000e+00	2.45520318676587e+03	1.77500500000000e-01	4.35799793252535e+02	0.00000000000000e+00	1
13	9	29	33	3.00000000000000e-02	0.00000000000000e+00	0.00000000000000e+00	0.00000000000000e+00	4.88336621680246e+03	1.10513000000000e-01	5.39675450717490e+02	0.00000000000000e+00	1
13	9	37	41	3.00000000000000e-02	0.00000000000000e+00	0.00000000000000e+00	0.00000000000000e+00	1.32858095175690e+04	4.30292000000000e-02	5.71677754893381e+02	0.00000000000000e+00	1
13	9	41	45	3.00000000000000e-02	0.00000000000000e+00	0.00000000000000e+00	0.00000000000000e+00	2.05097216993491e+04	2.35537500000000e-02	4.83080857476043e+02	0.00000000000000e+00	1
13	8	18	23	4.66304500000000e-02	0.00000000000000e+00	0.00000000000000e+00	0.00000000000000e+00	3.11624797411753e+02	1.58660500000000e+00	4.94425461697474e+02	0.00000000000000e+00	1
13	8	23	28	3.00000000000000e-02	0.00000000000000e+00	0.00000000000000e+00	0.00000000000000e+00	1.23219990965633e+03	3.66322000000000e-01	4.51381935305128e+02	0.00000000000000e+00	1
13	8	28	33	3.00000000000000e-02	0.00000000000000e+00	0.00000000000000e+00	0.00000000000000e+00	3.06089775884210e+03	1.55236500000000e-01	4.75163054940492e+02	0.00000000000000e+00	1
13	8	33	38	3.00000000000000e-02	0.00000000000000e+00	0.00000000000000e+00	0.00000000000000e+00	6.06597159981268e+03	7.27526500000000e-02	4.41315508711112e+02	0.00000000000000e+00	1
13	8	38	43	3.00000000000000e-02	0.00000000000000e+00	0.00000000000000e+00	0.00000000000000e+00	1.04423286799030e+04	5.39804500000000e-02	5.63681601189071e+02	0.00000000000000e+00	1
13	8	43	48	3.00000000000000e-02	0.00000000000000e+00	0.00000000000000e+00	0.00000000000000e+00	1.75944651601681e+04	2.26316500000000e-02	3.98191777442117e+02	0.00000000000000e+00	1
13	8	48	53	3.00000000000000e-02	0.00000000000000e+00	0.00000000000000e+00	0.00000000000000e+00	4.14393106061515e+04	9.40816000000000e-03	3.89867664472371e+02	0.00000000000000e+00	1
13	7	19	25	3.90734200000000e-02	0.00000000000000e+00	0.00000000000000e+00	0.00000000000000e+00	3.72728371866431e+02	1.32307000000000e+00	4.93145726965319e+02	0.00000000000000e+00	1
13	7	25	31	3.00000000000000e-02	0.00000000000000e+00	0.00000000000000e+00	0.00000000000000e+00	1.47647008081358e+03	3.21759500000000e-01	4.75068274967536e+02	0.00000000000000e+00	1
13	7	31	37	3.00000000000000e-02	0.00000000000000e+00	0.00000000000000e+00	0.00000000000000e+00	3.66075280677793e+03	8.86655500000000e-02	3.24582661027009e+02	0.00000000000000e+00	1
13	7	37	43	3.00000000000000e-02	0.00000000000000e+00	0.00000000000000e+00	0.00000000000000e+00	7.16593001339728e+03	6.91025000000000e-02	4.95183678750785e+02	0.00000000000000e+00	1
13	6	20	27	3.37546800000000e-02	0.00000000000000e+00	0.00000000000000e+00	0.00000000000000e+00	4.33959888644727e+02	1.11475000000000e+00	4.83756785866709e+02	0.00000000000000e+00	1
13	6	27	34	3.00000000000000e-02	0.00000000000000e+00	0.00000000000000e+00	0.00000000000000e+00	1.71900707997947e+03	2.66918500000000e-01	4.58834791277501e+02	0.00000000000000e+00	1
13	6	34	41	3.00000000000000e-02	0.00000000000000e+00	0.00000000000000e+00	0.00000000000000e+00	4.21752299943773e+03	1.07863500000000e-01	4.54916792049852e+02	0.00000000000000e+00	1
13	6	41	48	3.00000000000000e-02	0.00000000000000e+00	0.00000000000000e+00	0.00000000000000e+00	8.68833773965371e+03	5.42615500000000e-02	4.71442672677107e+02	0.00000000000000e+00	1
14	13	15	16	2.15751000000000e-01	0.00000000000000e+00	0.00000000000000e+00	0.00000000000000e+00	6.24496552585777e+01	7.89145000000000e+00	4.92818331990303e+02	0.00000000000000e+00	1
14	13	16	17	4.26768200000000e-02	0.00000000000000e+00	0.00000000000000e+00	0.00000000000000e+00	2.50118478506461e+02	1.43600000000000e+00	3.59170135135278e+02	0.00000000000000e+00	1
14	13	17	18	3.00000000000000e-02	0.00000000000000e+00	0.00000000000000e+00	0.00000000000000e+00	6.30039405439065e+02	6.65201500000000e-01	4.19103157557174e+02	0.00000000000000e+00	1
14	13	18	19	3.00000000000000e-02	0.00000000000000e+00	0.00000000000000e+00	0.00000000000000e+00	1.24764110859536e+03	3.55521500000000e-01	4.43563238389484e+02	0.00000000000000e+00	1
14	13	19	20	3.00000000000000e-02	0.00000000000000e+00	0.00000000000000e+00	0.00000000000000e+00	2.17428462413082e+03	1.86028500000000e-01	4.04478907200120e+02	0.00000000000000e+00	1
14	13	20	21	3.00000000000000e-02	0.00000000000000e+00	0.00000000000000e+00	0.00000000000000e+00	3.46470602877711e+03	1.28612000000000e-01	4.45602771773081e+02	0.00000000000000e+00	1
14	13	21	22	3.00000000000000e-02	0.00000000000000e+00	0.00000000000000e+00	0.00000000000000e+00	5.18148975322347e+03	8.22165000000000e-02	4.26003952295898e+02	0.00000000000000e+00	1
14	12	16	18	8.69615900000000e-02	0.00000000000000e+00	0.00000000000000e+00	0.00000000000000e+00	1.25431398429831e+02	3.05622000000000e+00	3.83345948509219e+02	0.00000000000000e+00	1
14	12	18	20	3.00000000000000e-02	0.00000000000000e+00	0.00000000000000e+00	0.00000000000000e+00	4.99095045496847e+02	9.00112000000000e-01	4.49241439592258e+02	0.00000000000000e+00	1
14	12	20	22	3.00000000000000e-02	0.00000000000000e+00	0.00000000000000e+00	0.00000000000000e+00	1.23819202248648e+03	3.62517500000000e-01	4.48866276511742e+02	0.00000000000000e+00	1
14	12	22	24	3.00000000000000e-02	0.00000000000000e+00	0.00000000000000e+00	0.00000000000000e+00	2.46324825089067e+03	1.55500000000000e-01	3.83035103013500e+02	0.00000000000000e+00	1
14	12	24	26	3.00000000000000e-02	0.00000000000000e+00	0.00000000000000e+00	0.00000000000000e+00	4.30237601676891e+03	8.86014500000000e-02	3.81196753530950e+02	0.00000000000000e+00	1
14	12	26	28	3.00000000000000e-02	0.00000000000000e+00	0.00000000000000e+00	0.00000000000000e+00	6.88307718373243e+03	5.70514000000000e-02	3.92689189639993e+02	0.00000000000000e+00	1
14	12	28	30	3.00000000000000e-02	0.00000000000000e+00	0.00000000000000e+00	0.00000000000000e+00	1.02893398884724e+04	3.53214500000000e-02	3.63434404403683e+02	0.00000000000000e+00	1
14	11	17	20	6.75545500000000e-02	0.00000000000000e+00	0.00000000000000e+00	0.00000000000000e+00	1.88376896967100e+02	2.36286500000000e+00	4.45109176652168e+02	0.00000000000000e+00	1
14	11	20	23	3.00000000000000e-02	0.00000000000000e+00	0.00000000000000e+00	0.00000000000000e+00	7.42904812431379e+02	6.27885500000000e-01	4.66459159605883e+02	0.00000000000000e+00	1
14	11	23	26	3.00000000000000e-02	0.00000000000000e+00	0.00000000000000e+00	0.00000000000000e+00	1.84733531009109e+03	2.20822000000000e-01	4.07932277844935e+02	0.00000000000000e+00	1
14	11	26	29	3.00000000000000e-02	0.00000000000000e+00	0.00000000000000e+00	0.00000000000000e+00	3.68816949881949e+03	1.26464000000000e-01	4.66420667498708e+02	0.00000000000000e+00	1
14	11	29	32	3.00000000000000e-02	0.00000000000000e+00	0.00000000000000e+00	0.00000000000000e+00	6.42788953303833e+03	9.29248500000000e-02	5.97310670674157e+02	0.00000000000000e+00	1
14	11	32	35	3.00000000000000e-02	0.00000000000000e+00	0.00000000000000e+00	0.00000000000000e+00	1.02590118996870e+04	1.90166000000000e-02	1.95091525691588e+02	0.00000000000000e+00	1
14	10	18	22	5.49489900000000e-02	0.00000000000000e+00	0.00000000000000e+00	0.00000000000000e+00	2.49379090115103e+02	1.88519500000000e+00	4.70128213789541e+02	0.00000000000000e+00	1
14	10	22	26	3.00000000000000e-02	0.00000000000000e+00	0.00000000000000e+00	0.00000000000000e+00	9.86648531168988e+02	4.45061500000000e-01	4.39119275254867e+02	0.00000000000000e+00	1
14	10	26	30	3.00000000000000e-02	0.00000000000000e+00	0.00000000000000e+00	0.00000000000000e+00	2.45987997191314e+03	1.85744000000000e-01	4.56907945503034e+02	0.00000000000000e+00	1
14	10	30	34	3.00000000000000e-02	0.00000000000000e+00	0.00000000000000e+00	0.00000000000000e+00	4.89461191415484e+03	1.00704500000000e-01	4.92909445509006e+02	0.00000000000000e+00	1
14	10	34	38	3.00000000000000e-02	0.00000000000000e+00	0.00000000000000e+00	0.00000000000000e+00	8.48798786486675e+03	4.88106000000000e-02	4.14303780476865e+02	0.00000000000000e+00	1
14	10	38	42	3.00000000000000e-02	0.00000000000000e+00	0.00000000000000e+00	0.00000000000000e+00	1.33484131155121e+04	4.45161000000000e-02	5.94219293091450e+02	0.00000000000000e+00	1
14	10	42	46	3.00000000000000e-02	0.00000000000000e+00	0.00000000000000e+00	0.00000000000000e+00	2.08673413638884e+04	1.77656000000000e-02	3.70720839734296e+02	0.00000000000000e+00	1
14	9	19	24	4.47303200000000e-02	0.00000000000000e+00	0.00000000000000e+00	0.00000000000000e+00	3.09725494488051e+02	1.51402500000000e+00	4.68932141792271e+02	0.00000000000000e+00	1
14	9	24	29	3.00000000000000e-02	0.00000000000000e+00	0.00000000000000e+00	0.00000000000000e+00	1.22763263142401e+03	3.58272500000000e-01	4.39827011941858e+02	0.00000000000000e+00	1
14	9	29	34	3.00000000000000e-02	0.00000000000000e+00	0.00000000000000e+00	0.00000000000000e+00	3.05120529591463e+03	1.48116000000000e-01	4.51932323609691e+02	0.00000000000000e+00	1
14	9	34	39	3.00000000000000e-02	0.00000000000000e+00	0.00000000000000e+00	0.00000000000000e+00	6.01821944684571e+03	7.07724500000000e-02	4.25924134890915e+02	0.00000000000000e+00	1
14	9	39	44	3.00000000000000e-02	0.00000000000000e+00	0.00000000000000e+00	0.00000000000000e+00	1.05073975218180e+04	4.84907000000000e-02	5.09511061011222e+02	0.00000000000000e+00	1
14	9	44	49	3.00000000000000e-02	0.00000000000000e+00	0.00000000000000e+00	0.00000000000000e+00	1.77405912205974e+04	2.76167000000000e-02	4.89936585561873e+02	0.00000000000000e+00	1
14	8	20	26	3.70127200000000e-02	0.00000000000000e+00	0.00000000000000e+00	0.00000000000000e+00	3.70841677819450e+02	1.23202000000000e+00	4.56884363907119e+02	0.00000000000000e+00	1
14	8	26	32	3.00000000000000e-02	0.00000000000000e+00	0.00000000000000e+00	0.00000000000000e+00	1.47215498967688e+03	2.95024000000000e-01	4.34321053674433e+02	0.00000000000000e+00	1
14	8	32	38	3.00000000000000e-02	0.00000000000000e+00	0.00000000000000e+00	0.00000000000000e+00	3.64361390165676e+03	1.09382650000000e-01	3.98548144140056e+02	0.00000000000000e+00	1
14	8	38	44	3.00000000000000e-02	0.00000000000000e+00	0.00000000000000e+00	0.00000000000000e+00	7.18899702957538e+03	6.94186500000000e-02	4.99050468647133e+02	0.00000000000000e+00	1
14	8	44	50	3.00000000000000e-02	0.00000000000000e+00	0.00000000000000e+00	0.00000000000000e+00	1.42641856788447e+04	2.87986000000000e-02	4.10788577690776e+02	0.00000000000000e+00	1
14	7	21	28	3.13813400000000e-02	0.00000000000000e+00	0.00000000000000e+00	0.00000000000000e+00	4.31987564045150e+02	1.03963500000000e+00	4.49109391146079e+02	0.00000000000000e+00	1
14	7	28	35	3.00000000000000e-02	0.00000000000000e+00	0.00000000000000e+00	0.00000000000000e+00	1.71353064202339e+03	2.59664500000000e-01	4.44943077395683e+02	0.00000000000000e+00	1
14	7	35	42	3.00000000000000e-02	0.00000000000000e+00	0.00000000000000e+00	0.00000000000000e+00	4.19649791644564e+03	9.25944000000000e-02	3.88572206674535e+02	0.00000000000000e+00	1
14	7	42	49	3.00000000000000e-02	0.00000000000000e+00	0.00000000000000e+00	0.00000000000000e+00	8.77755298038782e+03	5.18704500000000e-02	4.55295622991558e+02	0.00000000000000e+00	1
15	14	17	18	5.60481300000000e-02	0.00000000000000e+00	0.00000000000000e+00	0.00000000000000e+00	2.51652376925792e+02	1.90119000000000e+00	4.78438982487547e+02	0.00000000000000e+00	1
15	14	21	22	3.00000000000000e-02	0.00000000000000e+00	0.00000000000000e+00	0.00000000000000e+00	3.44421241114641e+03	1.39405000000000e-01	4.80140431175865e+02	0.00000000000000e+00	1
15	12	18	21	9.42451900000000e-02	0.00000000000000e+00	0.00000000000000e+00	0.00000000000000e+00	1.86477784322191e+02	3.16788500000000e+00	5.90740175787503e+02	0.00000000000000e+00	1
15	12	24	27	3.00000000000000e-02	0.00000000000000e+00	0.00000000000000e+00	0.00000000000000e+00	1.84171839444038e+03	2.44999500000000e-01	4.51220085778695e+02	0.00000000000000e+00	1
15	12	27	30	3.00000000000000e-02	0.00000000000000e+00	0.00000000000000e+00	0.00000000000000e+00	3.67162394913351e+03	7.12984000000000e-02	2.61780912974901e+02	0.00000000000000e+00	1
15	11	23	27	3.00000000000000e-02	0.00000000000000e+00	0.00000000000000e+00	0.00000000000000e+00	9.83605321438994e+02	4.13468500000000e-01	4.06689816847399e+02	0.00000000000000e+00	1
15	10	25	30	3.00000000000000e-02	0.00000000000000e+00	0.00000000000000e+00	0.00000000000000e+00	1.22843655529179e+03	3.80220500000000e-01	4.67076761271321e+02	0.00000000000000e+00	1
15	10	30	35	3.00000000000000e-02	0.00000000000000e+00	0.00000000000000e+00	0.00000000000000e+00	3.05431791033182e+03	1.84113000000000e-01	5.62339633424922e+02	0.00000000000000e+00	1
15	10	35	40	3.00000000000000e-02	0.00000000000000e+00	0.00000000000000e+00	0.00000000000000e+00	5.99862497328380e+03	1.39136500000000e-01	8.34627683595302e+02	0.00000000000000e+00	1
15	10	45	50	3.00000000000000e-02	0.00000000000000e+00	0.00000000000000e+00	0.00000000000000e+00	1.94448430620845e+04	4.22944000000000e-02	8.22407970405027e+02	0.00000000000000e+00	1
15	9	21	27	3.94900600000000e-02	0.00000000000000e+00	0.00000000000000e+00	0.00000000000000e+00	3.69126658386594e+02	1.27575000000000e+00	4.70913334436697e+02	0.00000000000000e+00	1
15	9	27	33	3.00000000000000e-02	0.00000000000000e+00	0.00000000000000e+00	0.00000000000000e+00	1.46623035201314e+03	2.71850000000000e-01	3.98594721194771e+02	0.00000000000000e+00	1
15	9	33	39	3.00000000000000e-02	0.00000000000000e+00	0.00000000000000e+00	0.00000000000000e+00	3.62102557960655e+03	1.79203500000000e-01	6.48900457455022e+02	0.00000000000000e+00	1
15	9	39	45	3.00000000000000e-02	0.00000000000000e+00	0.00000000000000e+00	0.00000000000000e+00	7.24958970438377e+03	9.62181000000000e-02	6.97541747135368e+02	0.00000000000000e+00	1
15	9	57	63	3.00000000000000e-02	0.00000000000000e+00	0.00000000000000e+00	0.00000000000000e+00	4.50177301264301e+04	2.80847500000000e-02	1.26431169616826e+03	0.00000000000000e+00	1
15	8	22	29	3.28006800000000e-02	0.00000000000000e+00	0.00000000000000e+00	0.00000000000000e+00	4.30350488535842e+02	1.03736600000000e+00	4.46430964890472e+02	0.00000000000000e+00	1
15	8	43	50	3.00000000000000e-02	0.00000000000000e+00	0.00000000000000e+00	0.00000000000000e+00	9.33107858396389e+03	5.33851500000000e-02	4.98141029866700e+02	0.00000000000000e+00	1
15	8	57	64	3.00000000000000e-02	0.00000000000000e+00	0.00000000000000e+00	0.00000000000000e+00	3.47052749174669e+04	3.02138000000000e-02	1.04857823530136e+03	0.00000000000000e+00	1
16	15	17	18	1.59747540000000e-01	0.00000000000000e+00	0.00000000000000e+00	0.00000000000000e+00	6.26169505861846e+01	5.74341500000000e+00	3.59635133250951e+02	0.00000000000000e+00	1
16	14	18	20	9.18315900000000e-02	0.00000000000000e+00	0.00000000000000e+00	0.00000000000000e+00	1.23621968845237e+02	3.23319500000000e+00	3.99693931560576e+02	0.00000000000000e+00	1
16	14	20	22	3.31649100000000e-02	0.00000000000000e+00	0.00000000000000e+00	0.00000000000000e+00	4.91141437862138e+02	1.09261000000000e+00	5.36626046422551e+02	0.00000000000000e+00	1
16	14	22	24	3.00000000000000e-02	0.00000000000000e+00	0.00000000000000e+00	0.00000000000000e+00	1.22295015313923e+03	3.52375500000000e-01	4.30937671687513e+02	0.00000000000000e+00	1
16	14	24	26	3.00000000000000e-02	0.00000000000000e+00	0.00000000000000e+00	0.00000000000000e+00	2.44370455760031e+03	1.71672000000000e-01	4.19515648812360e+02	0.00000000000000e+00	1
16	14	26	28	3.00000000000000e-02	0.00000000000000e+00	0.00000000000000e+00	0.00000000000000e+00	4.27880277174667e+03	8.87393500000000e-02	3.79698176742997e+02	0.00000000000000e+00	1
16	14	28	30	3.00000000000000e-02	0.00000000000000e+00	0.00000000000000e+00	0.00000000000000e+00	6.82625540819994e+03	5.30930500000000e-02	3.62426719700330e+02	0.00000000000000e+00	1
16	14	30	32	3.00000000000000e-02	0.00000000000000e+00	0.00000000000000e+00	0.00000000000000e+00	1.02181906082977e+04	4.11112000000000e-02	4.20082077735847e+02	0.00000000000000e+00	1
16	13	19	22	7.60712900000000e-02	0.00000000000000e+00	0.00000000000000e+00	0.00000000000000e+00	1.84821608289935e+02	2.65914000000000e+00	4.91466531468099e+02	0.00000000000000e+00	1
16	13	22	25	3.00000000000000e-02	0.00000000000000e+00	0.00000000000000e+00	0.00000000000000e+00	7.34447772747674e+02	5.40829500000000e-01	3.97211021711238e+02	0.00000000000000e+00	1
16	13	25	28	3.00000000000000e-02	0.00000000000000e+00	0.00000000000000e+00	0.00000000000000e+00	1.83520447626245e+03	2.46067000000000e-01	4.51583259860472e+02	0.00000000000000e+00	1
16	13	28	31	3.00000000000000e-02	0.00000000000000e+00	0.00000000000000e+00	0.00000000000000e+00	3.65820478955335e+03	9.28167000000000e-02	3.39542496490537e+02	0.00000000000000e+00	1
16	13	31	34	3.00000000000000e-02	0.00000000000000e+00	0.00000000000000e+00	0.00000000000000e+00	6.38794480443316e+03	6.00392500000000e-02	3.83527415099564e+02	0.00000000000000e+00	1
16	13	34	37	3.00000000000000e-02	0.00000000000000e+00	0.00000000000000e+00	0.00000000000000e+00	1.01765781219061e+04	4.09955000000000e-02	4.17193908396602e+02	0.00000000000000e+00	1
16	12	20	24	5.68906000000000e-02	0.00000000000000e+00	0.00000000000000e+00	0.00000000000000e+00	2.45859397797355e+02	1.95636500000000e+00	4.80990720771821e+02	0.00000000000000e+00	1
16	12	24	28	3.00000000000000e-02	0.00000000000000e+00	0.00000000000000e+00	0.00000000000000e+00	9.79778767489036e+02	4.13490500000000e-01	4.05129212458425e+02	0.00000000000000e+00	1
16	12	28	32	3.00000000000000e-02	0.00000000000000e+00	0.00000000000000e+00	0.00000000000000e+00	2.44050281750764e+03	1.69267000000000e-01	4.13096590411066e+02	0.00000000000000e+00	1
16	12	32	36	3.00000000000000e-02	0.00000000000000e+00	0.00000000000000e+00	0.00000000000000e+00	4.86790371051403e+03	8.91925500000000e-02	4.34180745095208e+02	0.00000000000000e+00	1
16	12	36	40	3.00000000000000e-02	0.00000000000000e+00	0.00000000000000e+00	0.00000000000000e+00	8.33587305602269e+03	4.75361000000000e-02	3.96254895178400e+02	0.00000000000000e+00	1
16	12	40	44	3.00000000000000e-02	0.00000000000000e+00	0.00000000000000e+00	0.00000000000000e+00	1.35562308127388e+04	3.38503000000000e-02	4.58882479880452e+02	0.00000000000000e+00	1
16	12	44	48	3.00000000000000e-02	0.00000000000000e+00	0.00000000000000e+00	0.00000000000000e+00	2.12693743630292e+04	2.40300500000000e-02	5.11104129412310e+02	0.00000000000000e+00	1
16	11	21	26	4.15458200000000e-02	0.00000000000000e+00	0.00000000000000e+00	0.00000000000000e+00	3.06961510616296e+02	1.40040000000000e+00	4.29868899467061e+02	0.00000000000000e+00	1
16	11	26	31	3.00000000000000e-02	0.00000000000000e+00	0.00000000000000e+00	0.00000000000000e+00	1.22413448184522e+03	3.48213000000000e-01	4.26259540326769e+02	0.00000000000000e+00	1
16	11	31	36	3.00000000000000e-02	0.00000000000000e+00	0.00000000000000e+00	0.00000000000000e+00	3.04584617349789e+03	1.01874550000000e-01	3.10294208294320e+02	0.00000000000000e+00	1
16	11	36	41	3.00000000000000e-02	0.00000000000000e+00	0.00000000000000e+00	0.00000000000000e+00	5.96469620732674e+03	7.36980500000000e-02	4.39586479322376e+02	0.00000000000000e+00	1
16	11	41	46	3.00000000000000e-02	0.00000000000000e+00	0.00000000000000e+00	0.00000000000000e+00	1.07600182366681e+04	7.23391000000000e-02	7.78370035224156e+02	0.00000000000000e+00	1
16	10	22	28	3.51245300000000e-02	0.00000000000000e+00	0.00000000000000e+00	0.00000000000000e+00	3.68216823546024e+02	1.16013000000000e+00	4.27179383500449e+02	0.00000000000000e+00	1
16	10	28	34	3.00000000000000e-02	0.00000000000000e+00	0.00000000000000e+00	0.00000000000000e+00	1.46607770706080e+03	2.99785000000000e-01	4.39508105411222e+02	0.00000000000000e+00	1
16	10	34	40	3.00000000000000e-02	0.00000000000000e+00	0.00000000000000e+00	0.00000000000000e+00	3.60876579544248e+03	1.25445500000000e-01	4.52703429592180e+02	0.00000000000000e+00	1
16	10	40	46	3.00000000000000e-02	0.00000000000000e+00	0.00000000000000e+00	0.00000000000000e+00	7.34335922799740e+03	5.62912500000000e-02	4.13366870143008e+02	0.00000000000000e+00	1
16	9	23	30	3.00000000000000e-02	0.00000000000000e+00	0.00000000000000e+00	0.00000000000000e+00	4.28808012794942e+02	9.65453500000000e-01	4.13994196780921e+02	0.00000000000000e+00	1
16	9	30	37	3.00000000000000e-02	0.00000000000000e+00	0.00000000000000e+00	0.00000000000000e+00	1.70266857729872e+03	2.60704500000000e-01	4.43893360110374e+02	0.00000000000000e+00	1
16	9	37	44	3.00000000000000e-02	0.00000000000000e+00	0.00000000000000e+00	0.00000000000000e+00	4.18394369858375e+03	1.24656500000000e-01	5.21555777662505e+02	0.00000000000000e+00	1
16	9	44	51	3.00000000000000e-02	0.00000000000000e+00	0.00000000000000e+00	0.00000000000000e+00	9.95401770889005e+03	4.75770500000000e-02	4.73582798236747e+02	0.00000000000000e+00	1
17	16	18	19	1.68652180000000e-01	0.00000000000000e+00	0.00000000000000e+00	0.00000000000000e+00	6.11086870470877e+01	6.01133000000000e+00	3.67344483706769e+02	0.00000000000000e+00	1
17	16	19	20	4.24755800000000e-02	0.00000000000000e+00	0.00000000000000e+00	0.00000000000000e+00	2.44333510467089e+02	1.43158500000000e+00	3.49784188582027e+02	0.00000000000000e+00	1
17	16	20	21	3.00000000000000e-02	0.00000000000000e+00	0.00000000000000e+00	0.00000000000000e+00	6.09885086280468e+02	4.62067000000000e-01	2.81807772162357e+02	0.00000000000000e+00	1
17	16	21	22	3.00000000000000e-02	0.00000000000000e+00	0.00000000000000e+00	0.00000000000000e+00	1.21860507562262e+03	3.38027000000000e-01	4.11921417897486e+02	0.00000000000000e+00	1
17	16	22	23	3.00000000000000e-02	0.00000000000000e+00	0.00000000000000e+00	0.00000000000000e+00	2.12924025118969e+03	3.98142500000000e-01	8.47741036709292e+02	0.00000000000000e+00	1
17	16	23	24	3.00000000000000e-02	0.00000000000000e+00	0.00000000000000e+00	0.00000000000000e+00	3.40999918767307e+03	8.38042000000000e-02	2.85772253923591e+02	0.00000000000000e+00	1
17	15	21	23	3.00000000000000e-02	0.00000000000000e+00	0.00000000000000e+00	0.00000000000000e+00	4.87838633164578e+02	9.55999500000000e-01	4.66373489386020e+02	0.00000000000000e+00	1
17	15	29	31	3.00000000000000e-02	0.00000000000000e+00	0.00000000000000e+00	0.00000000000000e+00	6.81028788960538e+03	1.02893600000000e-01	7.00735037997900e+02	0.00000000000000e+00	1
17	14	20	23	7.19102400000000e-02	0.00000000000000e+00	0.00000000000000e+00	0.00000000000000e+00	1.83394141211854e+02	2.49870000000000e+00	4.58246940646059e+02	0.00000000000000e+00	1
17	14	23	26	3.00000000000000e-02	0.00000000000000e+00	0.00000000000000e+00	0.00000000000000e+00	7.32158860774730e+02	4.67920500000000e-01	3.42592140213142e+02	0.00000000000000e+00	1
17	14	26	29	3.00000000000000e-02	0.00000000000000e+00	0.00000000000000e+00	0.00000000000000e+00	1.83038419142297e+03	2.89341500000000e-01	5.29606107522610e+02	0.00000000000000e+00	1
17	14	29	32	3.00000000000000e-02	0.00000000000000e+00	0.00000000000000e+00	0.00000000000000e+00	3.64998327798276e+03	1.16991500000000e-01	4.27017018666121e+02	0.00000000000000e+00	1
17	14	32	35	3.00000000000000e-02	0.00000000000000e+00	0.00000000000000e+00	0.00000000000000e+00	6.37745081900643e+03	6.14184500000000e-02	3.91693144254606e+02	0.00000000000000e+00	1
17	14	35	38	3.00000000000000e-02	0.00000000000000e+00	0.00000000000000e+00	0.00000000000000e+00	1.01047958546953e+04	4.52016000000000e-02	4.56752940305593e+02	0.00000000000000e+00	1
17	14	38	41	3.00000000000000e-02	0.00000000000000e+00	0.00000000000000e+00	0.00000000000000e+00	1.49373106136942e+04	4.25315000000000e-02	6.35306226366334e+02	0.00000000000000e+00	1
17	13	21	25	4.93953700000000e-02	0.00000000000000e+00	0.00000000000000e+00	0.00000000000000e+00	2.44438739403858e+02	1.68091500000000e+00	4.10880743645036e+02	0.00000000000000e+00	1
17	13	25	29	3.00000000000000e-02	0.00000000000000e+00	0.00000000000000e+00	0.00000000000000e+00	9.76993344774581e+02	6.43523500000000e-01	6.28718176706045e+02	0.00000000000000e+00	1
17	13	29	33	3.00000000000000e-02	0.00000000000000e+00	0.00000000000000e+00	0.00000000000000e+00	2.43420032979341e+03	1.56888000000000e-01	3.81896821340628e+02	0.00000000000000e+00	1
17	13	33	37	3.00000000000000e-02	0.00000000000000e+00	0.00000000000000e+00	0.00000000000000e+00	4.85044499679028e+03	1.14590500000000e-01	5.55814917404696e+02	0.00000000000000e+00	1
17	13	37	41	3.00000000000000e-02	0.00000000000000e+00	0.00000000000000e+00	0.00000000000000e+00	8.30944244274736e+03	5.35922500000000e-02	4.45321716752327e+02	0.00000000000000e+00	1
17	13	41	45	3.00000000000000e-02	0.00000000000000e+00	0.00000000000000e+00	0.00000000000000e+00	1.37072304105250e+04	4.11914000000000e-02	5.64620010732099e+02	0.00000000000000e+00	1
17	13	45	49	3.00000000000000e-02	0.00000000000000e+00	0.00000000000000e+00	0.00000000000000e+00	2.13765350733617e+04	2.14966500000000e-02	4.59523892684780e+02	0.00000000000000e+00	1
17	12	22	27	4.59899200000000e-02	0.00000000000000e+00	0.00000000000000e+00	0.00000000000000e+00	3.05664936412011e+02	1.54948000000000e+00	4.73621705671683e+02	0.00000000000000e+00	1
17	12	27	32	3.00000000000000e-02	0.00000000000000e+00	0.00000000000000e+00	0.00000000000000e+00	1.21943752200298e+03	3.19438500000000e-01	3.89535292872350e+02	0.00000000000000e+00	1
17	12	32	37	3.00000000000000e-02	0.00000000000000e+00	0.00000000000000e+00	0.00000000000000e+00	3.03577903163689e+03	1.40018000000000e-01	4.25063708451734e+02	0.00000000000000e+00	1
17	12	37	42	3.00000000000000e-02	0.00000000000000e+00	0.00000000000000e+00	0.00000000000000e+00	5.94632543104381e+03	7.81844000000000e-02	4.64909886030901e+02	0.00000000000000e+00	1
17	11	23	29	3.38435400000000e-02	0.00000000000000e+00	0.00000000000000e+00	0.00000000000000e+00	3.67024379000224e+02	1.12056000000000e+00	4.11272838132491e+02	0.00000000000000e+00	1
17	11	29	35	3.00000000000000e-02	0.00000000000000e+00	0.00000000000000e+00	0.00000000000000e+00	1.46236532619250e+03	2.93134000000000e-01	4.28668997528114e+02	0.00000000000000e+00	1
17	11	35	41	3.00000000000000e-02	0.00000000000000e+00	0.00000000000000e+00	0.00000000000000e+00	3.59284117440195e+03	1.07174000000000e-01	3.85059160025355e+02	0.00000000000000e+00	1
17	11	41	47	3.00000000000000e-02	0.00000000000000e+00	0.00000000000000e+00	0.00000000000000e+00	7.41312295428973e+03	6.64340500000000e-02	4.92483781001432e+02	0.00000000000000e+00	1
17	10	24	31	3.05723900000000e-02	0.00000000000000e+00	0.00000000000000e+00	0.00000000000000e+00	4.28250186953610e+02	9.96359000000000e-01	4.26690928022912e+02	0.00000000000000e+00	1
17	10	31	38	3.00000000000000e-02	0.00000000000000e+00	0.00000000000000e+00	0.00000000000000e+00	1.70019169071580e+03	2.73821500000000e-01	4.65549039039337e+02	0.00000000000000e+00	1
17	10	38	45	3.00000000000000e-02	0.00000000000000e+00	0.00000000000000e+00	0.00000000000000e+00	4.21803244536165e+03	1.32176500000000e-01	5.57524765514345e+02	0.00000000000000e+00	1
17	10	45	52	3.00000000000000e-02	0.00000000000000e+00	0.00000000000000e+00	0.00000000000000e+00	1.06873402879674e+04	4.28770000000000e-02	4.58241089527176e+02	0.00000000000000e+00	1
18	17	19	20	1.45706700000000e-01	0.00000000000000e+00	0.00000000000000e+00	0.00000000000000e+00	6.16170510463438e+01	5.20943500000000e+00	3.20990022317610e+02	0.00000000000000e+00	1
18	17	20	21	5.04630500000000e-02	0.00000000000000e+00	0.00000000000000e+00	0.00000000000000e+00	2.46244534404854e+02	1.71616000000000e+00	4.22595020164234e+02	0.00000000000000e+00	1
18	17	21	22	3.00000000000000e-02	0.00000000000000e+00	0.00000000000000e+00	0.00000000000000e+00	6.15388319837581e+02	7.08133500000000e-01	4.35777084785706e+02	0.00000000000000e+00	1
18	17	22	23	3.00000000000000e-02	0.00000000000000e+00	0.00000000000000e+00	0.00000000000000e+00	1.22944168385351e+03	2.78918500000000e-01	3.42914030297897e+02	0.00000000000000e+00	1
18	17	23	24	3.00000000000000e-02	0.00000000000000e+00	0.00000000000000e+00	0.00000000000000e+00	2.15447225537827e+03	1.98579500000000e-01	4.27834023236890e+02	0.00000000000000e+00	1
18	16	20	22	9.19433100000000e-02	0.00000000000000e+00	0.00000000000000e+00	0.00000000000000e+00	1.22755754660561e+02	3.23995500000000e+00	3.97723121091258e+02	0.00000000000000e+00	1
18	16	22	24	3.00000000000000e-02	0.00000000000000e+00	0.00000000000000e+00	0.00000000000000e+00	4.90091714227780e+02	9.58400500000000e-01	4.69704143961762e+02	0.00000000000000e+00	1
18	16	24	26	3.00000000000000e-02	0.00000000000000e+00	0.00000000000000e+00	0.00000000000000e+00	1.22576191192864e+03	3.02680500000000e-01	3.71014228383517e+02	0.00000000000000e+00	1
18	16	26	28	3.00000000000000e-02	0.00000000000000e+00	0.00000000000000e+00	0.00000000000000e+00	2.45461847553281e+03	2.36027500000000e-01	5.79357462233821e+02	0.00000000000000e+00	1
18	16	28	30	3.00000000000000e-02	0.00000000000000e+00	0.00000000000000e+00	0.00000000000000e+00	4.28499626447164e+03	1.01557050000000e-01	4.35171579880760e+02	0.00000000000000e+00	1
18	16	30	32	3.00000000000000e-02	0.00000000000000e+00	0.00000000000000e+00	0.00000000000000e+00	6.84472222170724e+03	6.72139500000000e-02	4.60060817173719e+02	0.00000000000000e+00	1
18	16	32	34	3.00000000000000e-02	0.00000000000000e+00	0.00000000000000e+00	0.00000000000000e+00	1.02652783659926e+04	4.37750500000000e-02	4.49363073735245e+02	0.00000000000000e+00	1
18	15	21	24	6.59711100000000e-02	0.00000000000000e+00	0.00000000000000e+00	0.00000000000000e+00	1.83801622087920e+02	2.31765500000000e+00	4.25988748440178e+02	0.00000000000000e+00	1
18	15	24	27	3.00000000000000e-02	0.00000000000000e+00	0.00000000000000e+00	0.00000000000000e+00	7.35096582097620e+02	5.61241000000000e-01	4.12566340833051e+02	0.00000000000000e+00	1
18	15	27	30	3.00000000000000e-02	0.00000000000000e+00	0.00000000000000e+00	0.00000000000000e+00	1.83415265510621e+03	2.25819500000000e-01	4.14187435499758e+02	0.00000000000000e+00	1
18	14	22	26	5.19574700000000e-02	0.00000000000000e+00	0.00000000000000e+00	0.00000000000000e+00	2.44908168318400e+02	1.77907000000000e+00	4.35708775010216e+02	0.00000000000000e+00	1
18	14	26	30	3.00000000000000e-02	0.00000000000000e+00	0.00000000000000e+00	0.00000000000000e+00	9.79459601167554e+02	4.78613000000000e-01	4.68782098093607e+02	0.00000000000000e+00	1
18	14	30	34	3.00000000000000e-02	0.00000000000000e+00	0.00000000000000e+00	0.00000000000000e+00	2.43949060835067e+03	1.77800500000000e-01	4.33742649910053e+02	0.00000000000000e+00	1
18	14	34	38	3.00000000000000e-02	0.00000000000000e+00	0.00000000000000e+00	0.00000000000000e+00	4.84201514980559e+03	8.83529000000000e-02	4.27806080329259e+02	0.00000000000000e+00	1
18	14	38	42	3.00000000000000e-02	0.00000000000000e+00	0.00000000000000e+00	0.00000000000000e+00	8.34535365908282e+03	5.86626000000000e-02	4.89560143561312e+02	0.00000000000000e+00	1
18	14	42	46	3.00000000000000e-02	0.00000000000000e+00	0.00000000000000e+00	0.00000000000000e+00	1.39331507181145e+04	3.25736500000000e-02	4.53853574889111e+02	0.00000000000000e+00	1
18	14	46	50	3.00000000000000e-02	0.00000000000000e+00	0.00000000000000e+00	0.00000000000000e+00	2.41091882851321e+04	2.73859000000000e-02	6.60251819457799e+02	0.00000000000000e+00	1
18	13	23	28	3.90370500000000e-02	0.00000000000000e+00	0.00000000000000e+00	0.00000000000000e+00	3.06298282471355e+02	1.29712000000000e+00	3.97305628159244e+02	0.00000000000000e+00	1
18	13	28	33	3.00000000000000e-02	0.00000000000000e+00	0.00000000000000e+00	0.00000000000000e+00	1.22107183432815e+03	3.13746000000000e-01	3.83106403733120e+02	0.00000000000000e+00	1
18	13	33	38	3.00000000000000e-02	0.00000000000000e+00	0.00000000000000e+00	0.00000000000000e+00	3.03199974259630e+03	1.51488500000000e-01	4.59313093006299e+02	0.00000000000000e+00	1
18	13	38	43	3.00000000000000e-02	0.00000000000000e+00	0.00000000000000e+00	0.00000000000000e+00	5.98138822626761e+03	9.24397000000000e-02	5.52917733219710e+02	0.00000000000000e+00	1
18	13	53	58	3.00000000000000e-02	0.00000000000000e+00	0.00000000000000e+00	0.00000000000000e+00	4.09930416262757e+04	1.10192000000000e-02	4.51710524288257e+02	0.00000000000000e+00	1
18	12	24	30	3.41866500000000e-02	0.00000000000000e+00	0.00000000000000e+00	0.00000000000000e+00	3.67524563583162e+02	1.12758500000000e+00	4.14415185027920e+02	0.00000000000000e+00	1
18	12	30	36	3.00000000000000e-02	0.00000000000000e+00	0.00000000000000e+00	0.00000000000000e+00	1.46352001128645e+03	2.92422500000000e-01	4.27966180500412e+02	0.00000000000000e+00	1
18	12	36	42	3.00000000000000e-02	0.00000000000000e+00	0.00000000000000e+00	0.00000000000000e+00	3.58646380916735e+03	1.32823000000000e-01	4.76364882525035e+02	0.00000000000000e+00	1
18	12	42	48	3.00000000000000e-02	0.00000000000000e+00	0.00000000000000e+00	0.00000000000000e+00	7.51709778176379e+03	6.36535000000000e-02	4.78489583651501e+02	0.00000000000000e+00	1
18	12	54	60	3.00000000000000e-02	0.00000000000000e+00	0.00000000000000e+00	0.00000000000000e+00	3.16865129686390e+04	7.74814000000000e-03	2.45511538592831e+02	0.00000000000000e+00	1
18	11	25	32	3.45529600000000e-02	0.00000000000000e+00	0.00000000000000e+00	0.00000000000000e+00	4.28720528023869e+02	1.14960000000000e+00	4.92857119016240e+02	0.00000000000000e+00	1
18	11	32	39	3.00000000000000e-02	0.00000000000000e+00	0.00000000000000e+00	0.00000000000000e+00	1.69697987884957e+03	2.36555500000000e-01	4.01429923731199e+02	0.00000000000000e+00	1
18	11	39	46	3.00000000000000e-02	0.00000000000000e+00	0.00000000000000e+00	0.00000000000000e+00	4.26148862083180e+03	1.31056000000000e-01	5.58493652691732e+02	0.00000000000000e+00	1
19	18	20	21	1.81443870000000e-01	0.00000000000000e+00	0.00000000000000e+00	0.00000000000000e+00	6.14499200842289e+01	6.52161000000000e+00	4.00752413320508e+02	0.00000000000000e+00	1
19	18	21	22	4.81892100000000e-02	0.00000000000000e+00	0.00000000000000e+00	0.00000000000000e+00	2.45750428544251e+02	1.64546500000000e+00	4.04373728904566e+02	0.00000000000000e+00	1
19	18	22	23	3.00000000000000e-02	0.00000000000000e+00	0.00000000000000e+00	0.00000000000000e+00	6.13810694013241e+02	6.43258500000000e-01	3.94838946314917e+02	0.00000000000000e+00	1
19	18	23	24	3.00000000000000e-02	0.00000000000000e+00	0.00000000000000e+00	0.00000000000000e+00	1.22944168385351e+03	2.73157500000000e-01	3.35831216757216e+02	0.00000000000000e+00	1
19	18	24	25	3.00000000000000e-02	0.00000000000000e+00	0.00000000000000e+00	0.00000000000000e+00	2.15114084786370e+03	3.69509000000000e-01	7.94865903553269e+02	0.00000000000000e+00	1
19	17	21	23	9.18409900000000e-02	0.00000000000000e+00	0.00000000000000e+00	0.00000000000000e+00	1.22899898186668e+02	3.24792500000000e+00	3.99169651817934e+02	0.00000000000000e+00	1
19	17	23	25	3.12113000000000e-02	0.00000000000000e+00	0.00000000000000e+00	0.00000000000000e+00	4.91994139749702e+02	1.00012300000000e+00	4.92054655028892e+02	0.00000000000000e+00	1
19	17	27	29	3.00000000000000e-02	0.00000000000000e+00	0.00000000000000e+00	0.00000000000000e+00	2.45882617206075e+03	1.63567000000000e-01	4.02182820485461e+02	0.00000000000000e+00	1
19	17	29	31	3.00000000000000e-02	0.00000000000000e+00	0.00000000000000e+00	0.00000000000000e+00	4.30109309748224e+03	1.03924800000000e-01	4.46990239937222e+02	0.00000000000000e+00	1
19	17	31	33	3.00000000000000e-02	0.00000000000000e+00	0.00000000000000e+00	0.00000000000000e+00	6.87247273696886e+03	9.60452000000000e-02	6.60068018516722e+02	0.00000000000000e+00	1
19	16	22	25	6.59295000000000e-02	0.00000000000000e+00	0.00000000000000e+00	0.00000000000000e+00	1.84040668715727e+02	2.29201500000000e+00	4.21823973306478e+02	0.00000000000000e+00	1
19	16	25	28	3.00000000000000e-02	0.00000000000000e+00	0.00000000000000e+00	0.00000000000000e+00	7.37210089280847e+02	5.80048000000000e-01	4.27617237867176e+02	0.00000000000000e+00	1
19	16	28	31	3.00000000000000e-02	0.00000000000000e+00	0.00000000000000e+00	0.00000000000000e+00	1.83844010877459e+03	2.17799500000000e-01	4.00411336471052e+02	0.00000000000000e+00	1
19	16	31	34	3.00000000000000e-02	0.00000000000000e+00	0.00000000000000e+00	0.00000000000000e+00	3.67162456588218e+03	1.35264000000000e-01	4.96638625279487e+02	0.00000000000000e+00	1
19	16	34	37	3.00000000000000e-02	0.00000000000000e+00	0.00000000000000e+00	0.00000000000000e+00	6.40178896809546e+03	6.03793000000000e-02	3.86535536641326e+02	0.00000000000000e+00	1
19	16	37	40	3.00000000000000e-02	0.00000000000000e+00	0.00000000000000e+00	0.00000000000000e+00	1.00202207945501e+04	5.25587000000000e-02	5.26649778674522e+02	0.00000000000000e+00	1
19	16	40	43	3.00000000000000e-02	0.00000000000000e+00	0.00000000000000e+00	0.00000000000000e+00	1.53060246418497e+04	3.85240000000000e-02	5.89649293302617e+02	0.00000000000000e+00	1
19	15	23	27	4.98065300000000e-02	0.00000000000000e+00	0.00000000000000e+00	0.00000000000000e+00	2.45435293430987e+02	1.69060500000000e+00	4.14934134250894e+02	0.00000000000000e+00	1
19	15	27	31	3.00000000000000e-02	0.00000000000000e+00	0.00000000000000e+00	0.00000000000000e+00	9.79631240879030e+02	4.72003000000000e-01	4.62388884588625e+02	0.00000000000000e+00	1
19	15	43	47	3.00000000000000e-02	0.00000000000000e+00	0.00000000000000e+00	0.00000000000000e+00	1.41509760542501e+04	3.56137000000000e-02	5.03968615903248e+02	0.00000000000000e+00	1
19	14	24	29	4.16506100000000e-02	0.00000000000000e+00	0.00000000000000e+00	0.00000000000000e+00	3.06632587868082e+02	1.39836000000000e+00	4.28782745571211e+02	0.00000000000000e+00	1
19	14	29	34	3.00000000000000e-02	0.00000000000000e+00	0.00000000000000e+00	0.00000000000000e+00	1.22255207398038e+03	3.67040500000000e-01	4.48726124509794e+02	0.00000000000000e+00	1
19	14	34	39	3.00000000000000e-02	0.00000000000000e+00	0.00000000000000e+00	0.00000000000000e+00	3.02170880600417e+03	1.45428000000000e-01	4.39441068239575e+02	0.00000000000000e+00	1
19	14	39	44	3.00000000000000e-02	0.00000000000000e+00	0.00000000000000e+00	0.00000000000000e+00	6.04599447173741e+03	9.12430500000000e-02	5.51654975884460e+02	0.00000000000000e+00	1
19	14	44	49	3.00000000000000e-02	0.00000000000000e+00	0.00000000000000e+00	0.00000000000000e+00	1.11790702036665e+04	3.15632000000000e-02	3.52847228652367e+02	0.00000000000000e+00	1
19	13	25	31	3.41423400000000e-02	0.00000000000000e+00	0.00000000000000e+00	0.00000000000000e+00	3.67828084672985e+02	1.12693500000000e+00	4.14518342600951e+02	0.00000000000000e+00	1
19	13	31	37	3.00000000000000e-02	0.00000000000000e+00	0.00000000000000e+00	0.00000000000000e+00	1.46332526378584e+03	3.05667500000000e-01	4.47290975068258e+02	0.00000000000000e+00	1
19	13	37	43	3.00000000000000e-02	0.00000000000000e+00	0.00000000000000e+00	0.00000000000000e+00	3.59321267151564e+03	1.50876500000000e-01	5.42131351633929e+02	0.00000000000000e+00	1
19	13	43	49	3.00000000000000e-02	0.00000000000000e+00	0.00000000000000e+00	0.00000000000000e+00	7.61102538562749e+03	6.43723500000000e-02	4.89939589982498e+02	0.00000000000000e+00	1
19	13	55	61	3.00000000000000e-02	0.00000000000000e+00	0.00000000000000e+00	0.00000000000000e+00	3.08224123557588e+04	8.70111000000000e-03	2.68189200372817e+02	0.00000000000000e+00	1
19	12	26	33	3.00000000000000e-02	0.00000000000000e+00	0.00000000000000e+00	0.00000000000000e+00	4.28860024168089e+02	9.64275500000000e-01	4.13539214234696e+02	0.00000000000000e+00	1
19	12	33	40	3.00000000000000e-02	0.00000000000000e+00	0.00000000000000e+00	0.00000000000000e+00	1.69274527576372e+03	2.55566500000000e-01	4.32608985518469e+02	0.00000000000000e+00	1
19	12	40	47	3.00000000000000e-02	0.00000000000000e+00	0.00000000000000e+00	0.00000000000000e+00	4.31731755847378e+03	1.20357000000000e-01	5.19619389385229e+02	0.00000000000000e+00	1
19	12	47	54	3.00000000000000e-02	0.00000000000000e+00	0.00000000000000e+00	0.00000000000000e+00	1.25725850746236e+04	2.64584000000000e-02	3.32650484938421e+02	0.00000000000000e+00	1
20	19	21	22	1.62769170000000e-01	0.00000000000000e+00	0.00000000000000e+00	0.00000000000000e+00	6.14807675666162e+01	5.82373000000000e+00	3.58047390500730e+02	0.00000000000000e+00	1
20	19	22	23	3.89781500000000e-02	0.00000000000000e+00	0.00000000000000e+00	0.00000000000000e+00	2.45750428544251e+02	1.30031000000000e+00	3.19551739740375e+02	0.00000000000000e+00	1
20	19	23	24	3.00000000000000e-02	0.00000000000000e+00	0.00000000000000e+00	0.00000000000000e+00	6.15388319837581e+02	5.68229000000000e-01	3.49681489592989e+02	0.00000000000000e+00	1
20	19	24	25	3.00000000000000e-02	0.00000000000000e+00	0.00000000000000e+00	0.00000000000000e+00	1.23052915526811e+03	2.34797000000000e-01	2.88924554069486e+02	0.00000000000000e+00	1
20	19	25	26	3.00000000000000e-02	0.00000000000000e+00	0.00000000000000e+00	0.00000000000000e+00	2.15515655054076e+03	1.70529000000000e-01	3.67516691407165e+02	0.00000000000000e+00	1
20	19	26	27	3.00000000000000e-02	0.00000000000000e+00	0.00000000000000e+00	0.00000000000000e+00	3.45626703491534e+03	1.07951500000000e-01	3.73109210819664e+02	0.00000000000000e+00	1
20	19	27	28	3.00000000000000e-02	0.00000000000000e+00	0.00000000000000e+00	0.00000000000000e+00	5.16521694900959e+03	6.60862500000000e-02	3.41349818596485e+02	0.00000000000000e+00	1
20	18	22	24	7.90620200000000e-02	0.00000000000000e+00	0.00000000000000e+00	0.00000000000000e+00	1.22899898186668e+02	2.77048000000000e+00	3.40491709928200e+02	0.00000000000000e+00	1
20	18	24	26	3.00000000000000e-02	0.00000000000000e+00	0.00000000000000e+00	0.00000000000000e+00	4.92166871224322e+02	8.35766000000000e-01	4.11336337295667e+02	0.00000000000000e+00	1
20	18	26	28	3.00000000000000e-02	0.00000000000000e+00	0.00000000000000e+00	0.00000000000000e+00	1.23210812745411e+03	2.46045500000000e-01	3.03154660273511e+02	0.00000000000000e+00	1
20	18	28	30	3.00000000000000e-02	0.00000000000000e+00	0.00000000000000e+00	0.00000000000000e+00	2.45808352526943e+03	1.60640500000000e-01	3.94867766541045e+02	0.00000000000000e+00	1
20	18	30	32	3.00000000000000e-02	0.00000000000000e+00	0.00000000000000e+00	0.00000000000000e+00	4.29517959014801e+03	9.99266000000000e-02	4.29202692832884e+02	0.00000000000000e+00	1
20	18	32	34	3.00000000000000e-02	0.00000000000000e+00	0.00000000000000e+00	0.00000000000000e+00	6.87219441242609e+03	6.18314500000000e-02	4.24917745202203e+02	0.00000000000000e+00	1
20	18	34	36	3.00000000000000e-02	0.00000000000000e+00	0.00000000000000e+00	0.00000000000000e+00	1.02972761888260e+04	2.81339000000000e-02	2.89702538568811e+02	0.00000000000000e+00	1
20	17	23	26	6.03064400000000e-02	0.00000000000000e+00	0.00000000000000e+00	0.00000000000000e+00	1.84578103037581e+02	2.07663000000000e+00	3.83300426110932e+02	0.00000000000000e+00	1
20	17	26	29	3.00000000000000e-02	0.00000000000000e+00	0.00000000000000e+00	0.00000000000000e+00	7.38975300064414e+02	4.57919500000000e-01	3.38391199917847e+02	0.00000000000000e+00	1
20	17	29	32	3.00000000000000e-02	0.00000000000000e+00	0.00000000000000e+00	0.00000000000000e+00	1.84277933063684e+03	2.26971500000000e-01	4.18258388843639e+02	0.00000000000000e+00	1
20	17	32	35	3.00000000000000e-02	0.00000000000000e+00	0.00000000000000e+00	0.00000000000000e+00	3.68169175968951e+03	1.02393000000000e-01	3.76979464349888e+02	0.00000000000000e+00	1
20	17	35	38	3.00000000000000e-02	0.00000000000000e+00	0.00000000000000e+00	0.00000000000000e+00	6.38354444048278e+03	7.44364500000000e-02	4.75168386566774e+02	0.00000000000000e+00	1
20	17	38	41	3.00000000000000e-02	0.00000000000000e+00	0.00000000000000e+00	0.00000000000000e+00	1.00746262278020e+04	4.74308500000000e-02	4.77848085416942e+02	0.00000000000000e+00	1
20	17	41	44	3.00000000000000e-02	0.00000000000000e+00	0.00000000000000e+00	0.00000000000000e+00	1.55095574089530e+04	3.49142500000000e-02	5.41504564765538e+02	0.00000000000000e+00	1
20	16	24	28	4.78225100000000e-02	0.00000000000000e+00	0.00000000000000e+00	0.00000000000000e+00	2.45901880749085e+02	1.62612000000000e+00	3.99865966323701e+02	0.00000000000000e+00	1
20	16	28	32	3.00000000000000e-02	0.00000000000000e+00	0.00000000000000e+00	0.00000000000000e+00	9.81247828460415e+02	4.18164500000000e-01	4.10323007564235e+02	0.00000000000000e+00	1
20	16	32	36	3.00000000000000e-02	0.00000000000000e+00	0.00000000000000e+00	0.00000000000000e+00	2.44908682187442e+03	1.49381000000000e-01	3.65847038538423e+02	0.00000000000000e+00	1
20	16	36	40	3.00000000000000e-02	0.00000000000000e+00	0.00000000000000e+00	0.00000000000000e+00	4.79988034961789e+03	1.03449500000000e-01	4.96545222227795e+02	0.00000000000000e+00	1
20	16	40	44	3.00000000000000e-02	0.00000000000000e+00	0.00000000000000e+00	0.00000000000000e+00	8.55822290420753e+03	7.90549000000000e-02	6.76569455869836e+02	0.00000000000000e+00	1
20	15	25	30	3.91996200000000e-02	0.00000000000000e+00	0.00000000000000e+00	0.00000000000000e+00	3.07130580462689e+02	1.32006500000000e+00	4.05432329698480e+02	0.00000000000000e+00	1
20	15	30	35	3.00000000000000e-02	0.00000000000000e+00	0.00000000000000e+00	0.00000000000000e+00	1.22368675592648e+03	3.15288500000000e-01	3.85814361745927e+02	0.00000000000000e+00	1
20	15	35	40	3.00000000000000e-02	0.00000000000000e+00	0.00000000000000e+00	0.00000000000000e+00	3.01136325040104e+03	7.34545000000000e-02	2.21198181876583e+02	0.00000000000000e+00	1
20	15	40	45	3.00000000000000e-02	0.00000000000000e+00	0.00000000000000e+00	0.00000000000000e+00	6.14149305292324e+03	9.49903500000000e-02	5.83382574619747e+02	0.00000000000000e+00	1
20	14	26	32	3.28868700000000e-02	0.00000000000000e+00	0.00000000000000e+00	0.00000000000000e+00	3.68162618850712e+02	1.08344000000000e+00	3.98882107767615e+02	0.00000000000000e+00	1
20	14	32	38	3.00000000000000e-02	0.00000000000000e+00	0.00000000000000e+00	0.00000000000000e+00	1.46191901108617e+03	2.89974500000000e-01	4.23919234280206e+02	0.00000000000000e+00	1
20	14	38	44	3.00000000000000e-02	0.00000000000000e+00	0.00000000000000e+00	0.00000000000000e+00	3.61753741054448e+03	1.50655500000000e-01	5.45001907354284e+02	0.00000000000000e+00	1
20	14	44	50	3.00000000000000e-02	0.00000000000000e+00	0.00000000000000e+00	0.00000000000000e+00	8.18930410534374e+03	5.74154500000000e-02	4.70192580395158e+02	0.00000000000000e+00	1
20	14	62	68	3.00000000000000e-02	0.00000000000000e+00	0.00000000000000e+00	0.00000000000000e+00	3.71441061927349e+04	5.17181000000000e-03	1.92102259848648e+02	0.00000000000000e+00	1
20	13	27	34	3.00000000000000e-02	0.00000000000000e+00	0.00000000000000e+00	0.00000000000000e+00	4.28701132853485e+02	9.38988500000000e-01	4.02545433686394e+02	0.00000000000000e+00	1
20	13	34	41	3.00000000000000e-02	0.00000000000000e+00	0.00000000000000e+00	0.00000000000000e+00	1.69030989923840e+03	2.65157500000000e-01	4.48198347107306e+02	0.00000000000000e+00	1
20	13	41	48	3.00000000000000e-02	0.00000000000000e+00	0.00000000000000e+00	0.00000000000000e+00	4.36525005327697e+03	1.18012500000000e-01	5.15154071912349e+02	0.00000000000000e+00	1
20	13	48	55	3.00000000000000e-02	0.00000000000000e+00	0.00000000000000e+00	0.00000000000000e+00	1.37857314793265e+04	2.23222000000000e-02	3.07727855227823e+02	0.00000000000000e+00	1
20	13	62	69	3.00000000000000e-02	0.00000000000000e+00	0.00000000000000e+00	0.00000000000000e+00	2.87483116578749e+04	8.33861000000000e-03	2.39720959073472e+02	0.00000000000000e+00	1
21	20	22	23	1.77428560000000e-01	0.00000000000000e+00	0.00000000000000e+00	0.00000000000000e+00	6.14499200842289e+01	6.36625500000000e+00	3.91205860985822e+02	0.00000000000000e+00	1
21	20	23	24	3.84886700000000e-02	0.00000000000000e+00	0.00000000000000e+00	0.00000000000000e+00	2.46244534404854e+02	1.28661000000000e+00	3.16820680410629e+02	0.00000000000000e+00	1
21	20	24	25	3.00000000000000e-02	0.00000000000000e+00	0.00000000000000e+00	0.00000000000000e+00	6.15388319837559e+02	4.69654500000000e-01	2.89019893659149e+02	0.00000000000000e+00	1
21	20	25	26	3.00000000000000e-02	0.00000000000000e+00	0.00000000000000e+00	0.00000000000000e+00	1.23161729528279e+03	4.13338500000000e-01	5.09074845406246e+02	0.00000000000000e+00	1
21	20	26	27	3.00000000000000e-02	0.00000000000000e+00	0.00000000000000e+00	0.00000000000000e+00	2.15985470590517e+03	1.73839000000000e-01	3.75466982219849e+02	0.00000000000000e+00	1
21	20	27	28	3.00000000000000e-02	0.00000000000000e+00	0.00000000000000e+00	0.00000000000000e+00	3.44236994373648e+03	1.25683000000000e-01	4.32647381638632e+02	0.00000000000000e+00	1
21	20	28	29	3.00000000000000e-02	0.00000000000000e+00	0.00000000000000e+00	0.00000000000000e+00	5.16051984806274e+03	8.98257000000000e-02	4.63547307716129e+02	0.00000000000000e+00	1
21	19	23	25	7.39303900000000e-02	0.00000000000000e+00	0.00000000000000e+00	0.00000000000000e+00	1.23097485355678e+02	2.57958500000000e+00	3.17540426761225e+02	0.00000000000000e+00	1
21	19	25	27	3.00000000000000e-02	0.00000000000000e+00	0.00000000000000e+00	0.00000000000000e+00	4.93031602611936e+02	8.70415500000000e-01	4.29142348903270e+02	0.00000000000000e+00	1
21	19	27	29	3.00000000000000e-02	0.00000000000000e+00	0.00000000000000e+00	0.00000000000000e+00	1.22929145935763e+03	3.24565000000000e-01	3.98984982506409e+02	0.00000000000000e+00	1
21	19	29	31	3.00000000000000e-02	0.00000000000000e+00	0.00000000000000e+00	0.00000000000000e+00	2.45735040092680e+03	1.61925500000000e-01	3.97907692345273e+02	0.00000000000000e+00	1
21	19	31	33	3.00000000000000e-02	0.00000000000000e+00	0.00000000000000e+00	0.00000000000000e+00	4.29455857929874e+03	8.59020500000000e-02	3.68911385806849e+02	0.00000000000000e+00	1
21	19	33	35	3.00000000000000e-02	0.00000000000000e+00	0.00000000000000e+00	0.00000000000000e+00	6.87193938200599e+03	6.12263500000000e-02	4.20743765781483e+02	0.00000000000000e+00	1
21	19	35	37	3.00000000000000e-02	0.00000000000000e+00	0.00000000000000e+00	0.00000000000000e+00	1.02573819751889e+04	4.03800500000000e-02	4.14193597027226e+02	0.00000000000000e+00	1
21	18	24	27	5.89413500000000e-02	0.00000000000000e+00	0.00000000000000e+00	0.00000000000000e+00	1.84701389013480e+02	2.03351500000000e+00	3.75593045079747e+02	0.00000000000000e+00	1
21	18	27	30	3.00000000000000e-02	0.00000000000000e+00	0.00000000000000e+00	0.00000000000000e+00	7.37519567339189e+02	5.39156500000000e-01	3.97638468608112e+02	0.00000000000000e+00	1
21	18	30	33	3.00000000000000e-02	0.00000000000000e+00	0.00000000000000e+00	0.00000000000000e+00	1.84056072981014e+03	2.47627000000000e-01	4.55772531840696e+02	0.00000000000000e+00	1
21	18	33	36	3.00000000000000e-02	0.00000000000000e+00	0.00000000000000e+00	0.00000000000000e+00	3.67988700883385e+03	9.06417000000000e-02	3.33551214288615e+02	0.00000000000000e+00	1
21	18	36	39	3.00000000000000e-02	0.00000000000000e+00	0.00000000000000e+00	0.00000000000000e+00	6.32457991608120e+03	7.41900000000000e-02	4.69220583974064e+02	0.00000000000000e+00	1
21	18	39	42	3.00000000000000e-02	0.00000000000000e+00	0.00000000000000e+00	0.00000000000000e+00	1.01359433261660e+04	6.44374000000000e-02	6.53133834485486e+02	0.00000000000000e+00	1
21	18	42	45	3.00000000000000e-02	0.00000000000000e+00	0.00000000000000e+00	0.00000000000000e+00	1.57940083018851e+04	3.06802500000000e-02	4.84564123203909e+02	0.00000000000000e+00	1
21	17	25	29	4.41529700000000e-02	0.00000000000000e+00	0.00000000000000e+00	0.00000000000000e+00	2.46305189720190e+02	1.50125500000000e+00	3.69766897593384e+02	0.00000000000000e+00	1
21	17	29	33	3.00000000000000e-02	0.00000000000000e+00	0.00000000000000e+00	0.00000000000000e+00	9.82509132036881e+02	4.49160500000000e-01	4.41304293000251e+02	0.00000000000000e+00	1
21	17	33	37	3.00000000000000e-02	0.00000000000000e+00	0.00000000000000e+00	0.00000000000000e+00	2.44946542543979e+03	1.38181500000000e-01	3.38470806685408e+02	0.00000000000000e+00	1
21	17	37	41	3.00000000000000e-02	0.00000000000000e+00	0.00000000000000e+00	0.00000000000000e+00	4.80216869947643e+03	1.09762500000000e-01	5.27098041876282e+02	0.00000000000000e+00	1
21	17	41	45	3.00000000000000e-02	0.00000000000000e+00	0.00000000000000e+00	0.00000000000000e+00	8.68788610415041e+03	6.69733000000000e-02	5.81856402419096e+02	0.00000000000000e+00	1
21	17	45	49	3.00000000000000e-02	0.00000000000000e+00	0.00000000000000e+00	0.00000000000000e+00	1.44571617747996e+04	3.25333500000000e-02	4.70339904026177e+02	0.00000000000000e+00	1
21	17	49	53	3.00000000000000e-02	0.00000000000000e+00	0.00000000000000e+00	0.00000000000000e+00	3.91588128650786e+04	8.19309000000000e-03	3.20831678096747e+02	0.00000000000000e+00	1
21	16	26	31	3.87442600000000e-02	0.00000000000000e+00	0.00000000000000e+00	0.00000000000000e+00	3.07431013776832e+02	1.29821500000000e+00	3.99111553550290e+02	0.00000000000000e+00	1
21	16	31	36	3.00000000000000e-02	0.00000000000000e+00	0.00000000000000e+00	0.00000000000000e+00	1.22529379874758e+03	3.42120500000000e-01	4.19198127074420e+02	0.00000000000000e+00	1
21	16	36	41	3.00000000000000e-02	0.00000000000000e+00	0.00000000000000e+00	0.00000000000000e+00	3.00616951604192e+03	1.63922000000000e-01	4.92777319408623e+02	0.00000000000000e+00	1
21	16	41	46	3.00000000000000e-02	0.00000000000000e+00	0.00000000000000e+00	0.00000000000000e+00	6.21583468459802e+03	9.15326500000000e-02	5.68951820643171e+02	0.00000000000000e+00	1
21	16	51	56	3.00000000000000e-02	0.00000000000000e+00	0.00000000000000e+00	0.00000000000000e+00	2.89753049350843e+04	7.66048000000000e-03	2.21964743949114e+02	0.00000000000000e+00	1
21	15	27	33	3.52201800000000e-02	0.00000000000000e+00	0.00000000000000e+00	0.00000000000000e+00	3.67968907676483e+02	1.19074000000000e+00	4.38155297126695e+02	0.00000000000000e+00	1
21	15	33	39	3.00000000000000e-02	0.00000000000000e+00	0.00000000000000e+00	0.00000000000000e+00	1.45860990679466e+03	2.03432500000000e-01	2.96728659864004e+02	0.00000000000000e+00	1
21	15	39	45	3.00000000000000e-02	0.00000000000000e+00	0.00000000000000e+00	0.00000000000000e+00	3.66242323429819e+03	1.18117000000000e-01	4.32594445165600e+02	0.00000000000000e+00	1
21	15	45	51	3.00000000000000e-02	0.00000000000000e+00	0.00000000000000e+00	0.00000000000000e+00	8.83377368456973e+03	3.21350000000000e-02	2.83873317353648e+02	0.00000000000000e+00	1
21	14	28	35	3.00000000000000e-02	0.00000000000000e+00	0.00000000000000e+00	0.00000000000000e+00	4.28869348819083e+02	9.64719000000000e-01	4.13738409323397e+02	0.00000000000000e+00	1
21	14	35	42	3.00000000000000e-02	0.00000000000000e+00	0.00000000000000e+00	0.00000000000000e+00	1.68796367914719e+03	2.89319000000000e-01	4.88359963687187e+02	0.00000000000000e+00	1
21	14	42	49	3.00000000000000e-02	0.00000000000000e+00	0.00000000000000e+00	0.00000000000000e+00	4.42615398381479e+03	1.14476000000000e-01	5.06688403451182e+02	0.00000000000000e+00	1
21	14	49	56	3.00000000000000e-02	0.00000000000000e+00	0.00000000000000e+00	0.00000000000000e+00	1.53061826948269e+04	1.50102000000000e-02	2.29748863485890e+02	0.00000000000000e+00	1
22	21	23	24	1.61081280000000e-01	0.00000000000000e+00	0.00000000000000e+00	0.00000000000000e+00	6.16170510463438e+01	5.76072500000000e+00	3.54958886388949e+02	0.00000000000000e+00	1
22	21	24	25	4.05962500000000e-02	0.00000000000000e+00	0.00000000000000e+00	0.00000000000000e+00	2.46244534404876e+02	1.36312000000000e+00	3.35660849737975e+02	0.00000000000000e+00	1
22	21	25	26	3.00000000000000e-02	0.00000000000000e+00	0.00000000000000e+00	0.00000000000000e+00	6.15889344146735e+02	6.17464000000000e-01	3.80289497994220e+02	0.00000000000000e+00	1
22	21	26	27	3.00000000000000e-02	0.00000000000000e+00	0.00000000000000e+00	0.00000000000000e+00	1.23396028798058e+03	2.98014500000000e-01	3.67738058242389e+02	0.00000000000000e+00	1
22	21	27	28	3.00000000000000e-02	0.00000000000000e+00	0.00000000000000e+00	0.00000000000000e+00	2.15055323543196e+03	1.49969500000000e-01	3.22517393441113e+02	0.00000000000000e+00	1
22	21	28	29	3.00000000000000e-02	0.00000000000000e+00	0.00000000000000e+00	0.00000000000000e+00	3.43878556988079e+03	9.05361000000000e-02	3.11334234233284e+02	0.00000000000000e+00	1
22	21	29	30	3.00000000000000e-02	0.00000000000000e+00	0.00000000000000e+00	0.00000000000000e+00	5.16092384166068e+03	7.15641500000000e-02	3.69337127943181e+02	0.00000000000000e+00	1
22	20	24	26	8.15394800000000e-02	0.00000000000000e+00	0.00000000000000e+00	0.00000000000000e+00	1.23128403902385e+02	2.85347000000000e+00	3.51343206683337e+02	0.00000000000000e+00	1
22	20	26	28	3.00000000000000e-02	0.00000000000000e+00	0.00000000000000e+00	0.00000000000000e+00	4.92881041975624e+02	7.54424000000000e-01	3.71841287211418e+02	0.00000000000000e+00	1
22	20	28	30	3.00000000000000e-02	0.00000000000000e+00	0.00000000000000e+00	0.00000000000000e+00	1.22863238413251e+03	3.07911500000000e-01	3.78310040346816e+02	0.00000000000000e+00	1
22	20	30	32	3.00000000000000e-02	0.00000000000000e+00	0.00000000000000e+00	0.00000000000000e+00	2.45356326399748e+03	1.57329500000000e-01	3.86017881543092e+02	0.00000000000000e+00	1
22	20	32	34	3.00000000000000e-02	0.00000000000000e+00	0.00000000000000e+00	0.00000000000000e+00	4.29392589721069e+03	8.25505500000000e-02	3.54465944473986e+02	0.00000000000000e+00	1
22	20	34	36	3.00000000000000e-02	0.00000000000000e+00	0.00000000000000e+00	0.00000000000000e+00	6.86333168569228e+03	5.18425500000000e-02	3.55812616082086e+02	0.00000000000000e+00	1
22	20	36	38	3.00000000000000e-02	0.00000000000000e+00	0.00000000000000e+00	0.00000000000000e+00	1.01579432317445e+04	4.69926500000000e-02	4.77348671009238e+02	0.00000000000000e+00	1
22	19	25	28	6.11623600000000e-02	0.00000000000000e+00	0.00000000000000e+00	0.00000000000000e+00	1.84793984207180e+02	2.11031500000000e+00	3.89973516782175e+02	0.00000000000000e+00	1
22	19	28	31	3.00000000000000e-02	0.00000000000000e+00	0.00000000000000e+00	0.00000000000000e+00	7.37053677526971e+02	5.05117500000000e-01	3.72298710958230e+02	0.00000000000000e+00	1
22	19	31	34	3.00000000000000e-02	0.00000000000000e+00	0.00000000000000e+00	0.00000000000000e+00	1.84040295983227e+03	2.34605000000000e-01	4.31767736391449e+02	0.00000000000000e+00	1
22	19	34	37	3.00000000000000e-02	0.00000000000000e+00	0.00000000000000e+00	0.00000000000000e+00	3.66866370828689e+03	1.01553550000000e-01	3.72565823332698e+02	0.00000000000000e+00	1
22	19	37	40	3.00000000000000e-02	0.00000000000000e+00	0.00000000000000e+00	0.00000000000000e+00	6.28719125343982e+03	7.49758000000000e-02	4.71387193979654e+02	0.00000000000000e+00	1
22	19	40	43	3.00000000000000e-02	0.00000000000000e+00	0.00000000000000e+00	0.00000000000000e+00	1.02610420054132e+04	5.41024000000000e-02	5.55146998993666e+02	0.00000000000000e+00	1
22	19	43	46	3.00000000000000e-02	0.00000000000000e+00	0.00000000000000e+00	0.00000000000000e+00	1.59767742649229e+04	2.89545500000000e-02	4.62600309292423e+02	0.00000000000000e+00	1
22	18	26	30	4.35259300000000e-02	0.00000000000000e+00	0.00000000000000e+00	0.00000000000000e+00	2.46230317805950e+02	1.47183000000000e+00	3.62409168656331e+02	0.00000000000000e+00	1
22	18	30	34	3.00000000000000e-02	0.00000000000000e+00	0.00000000000000e+00	0.00000000000000e+00	9.81555904525211e+02	4.15021500000000e-01	4.07366803829910e+02	0.00000000000000e+00	1
22	18	34	38	3.00000000000000e-02	0.00000000000000e+00	0.00000000000000e+00	0.00000000000000e+00	2.43794886296787e+03	1.62998500000000e-01	3.97382007740468e+02	0.00000000000000e+00	1
22	18	38	42	3.00000000000000e-02	0.00000000000000e+00	0.00000000000000e+00	0.00000000000000e+00	4.81114076109505e+03	1.13788000000000e-01	5.47450084923484e+02	0.00000000000000e+00	1
22	18	46	50	3.00000000000000e-02	0.00000000000000e+00	0.00000000000000e+00	0.00000000000000e+00	1.61896437807688e+04	3.64408000000000e-02	5.89963571086239e+02	0.00000000000000e+00	1
22	17	27	32	3.73822300000000e-02	0.00000000000000e+00	0.00000000000000e+00	0.00000000000000e+00	3.07169199940189e+02	1.24715500000000e+00	3.83087603551407e+02	0.00000000000000e+00	1
22	17	32	37	3.00000000000000e-02	0.00000000000000e+00	0.00000000000000e+00	0.00000000000000e+00	1.22518846673678e+03	3.25002000000000e-01	3.98188702066386e+02	0.00000000000000e+00	1
22	17	37	42	3.00000000000000e-02	0.00000000000000e+00	0.00000000000000e+00	0.00000000000000e+00	3.00663328458651e+03	1.79254500000000e-01	5.38952546111912e+02	0.00000000000000e+00	1
22	17	42	47	3.00000000000000e-02	0.00000000000000e+00	0.00000000000000e+00	0.00000000000000e+00	6.31733775914095e+03	7.79773500000000e-02	4.92609257512750e+02	0.00000000000000e+00	1
22	17	52	57	3.00000000000000e-02	0.00000000000000e+00	0.00000000000000e+00	0.00000000000000e+00	2.77335293793979e+04	7.91767000000000e-03	2.19584933561377e+02	0.00000000000000e+00	1
22	17	57	62	3.00000000000000e-02	0.00000000000000e+00	0.00000000000000e+00	0.00000000000000e+00	3.58275358702888e+04	5.94138000000000e-03	2.12865005069016e+02	0.00000000000000e+00	1
22	16	28	34	3.28811700000000e-02	0.00000000000000e+00	0.00000000000000e+00	0.00000000000000e+00	3.68132811595079e+02	1.07624500000000e+00	3.96201097815145e+02	0.00000000000000e+00	1
22	16	34	40	3.00000000000000e-02	0.00000000000000e+00	0.00000000000000e+00	0.00000000000000e+00	1.45425590304184e+03	2.94476500000000e-01	4.28244188432100e+02	0.00000000000000e+00	1
22	16	40	46	3.00000000000000e-02	0.00000000000000e+00	0.00000000000000e+00	0.00000000000000e+00	3.71113665098072e+03	1.52400500000000e-01	5.65579081177788e+02	0.00000000000000e+00	1
22	16	46	52	3.00000000000000e-02	0.00000000000000e+00	0.00000000000000e+00	0.00000000000000e+00	9.63834800040078e+03	4.54859500000000e-02	4.38409415228830e+02	0.00000000000000e+00	1
22	16	52	58	3.00000000000000e-02	0.00000000000000e+00	0.00000000000000e+00	0.00000000000000e+00	2.05706989665389e+04	8.57760000000000e-03	1.76447227455384e+02	0.00000000000000e+00	1
22	16	58	64	3.00000000000000e-02	0.00000000000000e+00	0.00000000000000e+00	0.00000000000000e+00	2.73955082155453e+04	7.29045000000000e-03	1.99725582870022e+02	0.00000000000000e+00	1
22	15	29	36	3.00000000000000e-02	0.00000000000000e+00	0.00000000000000e+00	0.00000000000000e+00	4.29004415852164e+02	9.83409000000000e-01	4.21886803588761e+02	0.00000000000000e+00	1
22	15	43	50	3.00000000000000e-02	0.00000000000000e+00	0.00000000000000e+00	0.00000000000000e+00	4.69842335433655e+03	9.80396000000000e-02	4.60631546289814e+02	0.00000000000000e+00	1
22	15	50	57	3.00000000000000e-02	0.00000000000000e+00	0.00000000000000e+00	0.00000000000000e+00	1.46324035696842e+04	1.63920000000000e-02	2.39854359314263e+02	0.00000000000000e+00	1
23	22	24	25	1.44864150000000e-01	0.00000000000000e+00	0.00000000000000e+00	0.00000000000000e+00	6.14499200842350e+01	5.17841000000000e+00	3.18212880663403e+02	0.00000000000000e+00	1
23	22	25	26	4.03591100000000e-02	0.00000000000000e+00	0.00000000000000e+00	0.00000000000000e+00	2.45922517550208e+02	1.35515000000000e+00	3.33261899658164e+02	0.00000000000000e+00	1
23	22	26	27	3.00000000000000e-02	0.00000000000000e+00	0.00000000000000e+00	0.00000000000000e+00	6.15716908415498e+02	5.39618000000000e-01	3.32251926685354e+02	0.00000000000000e+00	1
23	22	27	28	3.00000000000000e-02	0.00000000000000e+00	0.00000000000000e+00	0.00000000000000e+00	1.22615534617219e+03	2.66856500000000e-01	3.27207524135798e+02	0.00000000000000e+00	1
23	22	28	29	3.00000000000000e-02	0.00000000000000e+00	0.00000000000000e+00	0.00000000000000e+00	2.14464127108464e+03	1.60628500000000e-01	3.44490510412419e+02	0.00000000000000e+00	1
23	22	29	30	3.00000000000000e-02	0.00000000000000e+00	0.00000000000000e+00	0.00000000000000e+00	3.43341366476674e+03	9.85656000000000e-02	3.38416477915933e+02	0.00000000000000e+00	1
23	22	30	31	3.00000000000000e-02	0.00000000000000e+00	0.00000000000000e+00	0.00000000000000e+00	5.14147182763189e+03	5.76034500000000e-02	2.96166515349402e+02	0.00000000000000e+00	1
23	21	25	27	8.04050700000000e-02	0.00000000000000e+00	0.00000000000000e+00	0.00000000000000e+00	1.23084322174190e+02	2.81833000000000e+00	3.46892237713186e+02	0.00000000000000e+00	1
23	21	27	29	3.00000000000000e-02	0.00000000000000e+00	0.00000000000000e+00	0.00000000000000e+00	4.90765569671525e+02	6.61573000000000e-01	3.24677250224300e+02	0.00000000000000e+00	1
23	21	29	31	3.00000000000000e-02	0.00000000000000e+00	0.00000000000000e+00	0.00000000000000e+00	1.22641263034497e+03	2.73786000000000e-01	3.35774608411629e+02	0.00000000000000e+00	1
23	21	31	33	3.00000000000000e-02	0.00000000000000e+00	0.00000000000000e+00	0.00000000000000e+00	2.44979217653130e+03	1.57104000000000e-01	3.84872150101773e+02	0.00000000000000e+00	1
23	21	33	35	3.00000000000000e-02	0.00000000000000e+00	0.00000000000000e+00	0.00000000000000e+00	4.28804112306585e+03	6.66987500000000e-02	2.86006982857088e+02	0.00000000000000e+00	1
23	21	35	37	3.00000000000000e-02	0.00000000000000e+00	0.00000000000000e+00	0.00000000000000e+00	6.82873802757173e+03	4.76969500000000e-02	3.25709976264188e+02	0.00000000000000e+00	1
23	21	37	39	3.00000000000000e-02	0.00000000000000e+00	0.00000000000000e+00	0.00000000000000e+00	1.00603353645765e+04	3.80613500000000e-02	3.82909945428522e+02	0.00000000000000e+00	1
23	20	26	29	5.54734400000000e-02	0.00000000000000e+00	0.00000000000000e+00	0.00000000000000e+00	1.84521414067099e+02	1.90636000000000e+00	3.51764242920955e+02	0.00000000000000e+00	1
23	20	29	32	3.00000000000000e-02	0.00000000000000e+00	0.00000000000000e+00	0.00000000000000e+00	7.35928945570973e+02	4.95569000000000e-01	3.64703571627661e+02	0.00000000000000e+00	1
23	20	32	35	3.00000000000000e-02	0.00000000000000e+00	0.00000000000000e+00	0.00000000000000e+00	1.83819338628549e+03	1.94670500000000e-01	3.57842025604889e+02	0.00000000000000e+00	1
23	20	35	38	3.00000000000000e-02	0.00000000000000e+00	0.00000000000000e+00	0.00000000000000e+00	3.64480070410086e+03	1.00426400000000e-01	3.66034213430315e+02	0.00000000000000e+00	1
23	20	38	41	3.00000000000000e-02	0.00000000000000e+00	0.00000000000000e+00	0.00000000000000e+00	6.30072259027334e+03	7.50226000000000e-02	4.72696590601041e+02	0.00000000000000e+00	1
23	20	41	44	3.00000000000000e-02	0.00000000000000e+00	0.00000000000000e+00	0.00000000000000e+00	1.03583905615312e+04	5.07404000000000e-02	5.25588880448318e+02	0.00000000000000e+00	1
23	20	44	47	3.00000000000000e-02	0.00000000000000e+00	0.00000000000000e+00	0.00000000000000e+00	1.61666167874734e+04	2.75914500000000e-02	4.46060398760732e+02	0.00000000000000e+00	1
23	19	27	31	4.25629800000000e-02	0.00000000000000e+00	0.00000000000000e+00	0.00000000000000e+00	2.45492866753499e+02	1.43881500000000e+00	3.53218819077936e+02	0.00000000000000e+00	1
23	19	31	35	3.00000000000000e-02	0.00000000000000e+00	0.00000000000000e+00	0.00000000000000e+00	9.80606794408733e+02	3.84674500000000e-01	3.77214428335782e+02	0.00000000000000e+00	1
23	19	35	39	3.00000000000000e-02	0.00000000000000e+00	0.00000000000000e+00	0.00000000000000e+00	2.42209749116490e+03	1.59623000000000e-01	3.86622467832214e+02	0.00000000000000e+00	1
23	19	39	43	3.00000000000000e-02	0.00000000000000e+00	0.00000000000000e+00	0.00000000000000e+00	4.85284506969091e+03	1.04994000000000e-01	5.09519615247128e+02	0.00000000000000e+00	1
23	19	43	47	3.00000000000000e-02	0.00000000000000e+00	0.00000000000000e+00	0.00000000000000e+00	8.91559379592890e+03	6.18262500000000e-02	5.51217730925549e+02	0.00000000000000e+00	1
23	18	28	33	3.68821700000000e-02	0.00000000000000e+00	0.00000000000000e+00	0.00000000000000e+00	3.06734763961488e+02	1.22839500000000e+00	3.76791450376472e+02	0.00000000000000e+00	1
23	18	33	38	3.00000000000000e-02	0.00000000000000e+00	0.00000000000000e+00	0.00000000000000e+00	1.22084809432201e+03	2.76637000000000e-01	3.37731754268957e+02	0.00000000000000e+00	1
23	18	38	43	3.00000000000000e-02	0.00000000000000e+00	0.00000000000000e+00	0.00000000000000e+00	3.01873952687109e+03	1.62231500000000e-01	4.89734641553587e+02	0.00000000000000e+00	1
23	18	43	48	3.00000000000000e-02	0.00000000000000e+00	0.00000000000000e+00	0.00000000000000e+00	6.38112057183479e+03	7.50675500000000e-02	4.79015087582237e+02	0.00000000000000e+00	1
23	17	29	35	3.13617100000000e-02	0.00000000000000e+00	0.00000000000000e+00	0.00000000000000e+00	3.68037818366207e+02	1.02705500000000e+00	3.77995081542105e+02	0.00000000000000e+00	1
23	17	35	41	3.00000000000000e-02	0.00000000000000e+00	0.00000000000000e+00	0.00000000000000e+00	1.45140529553441e+03	2.98986000000000e-01	4.33949863690652e+02	0.00000000000000e+00	1
23	17	41	47	3.00000000000000e-02	0.00000000000000e+00	0.00000000000000e+00	0.00000000000000e+00	3.75622124737232e+03	1.36736000000000e-01	5.13610668480701e+02	0.00000000000000e+00	1
23	17	47	53	3.00000000000000e-02	0.00000000000000e+00	0.00000000000000e+00	0.00000000000000e+00	1.05735768044614e+04	3.59663500000000e-02	3.80292964101140e+02	0.00000000000000e+00	1
23	16	30	37	3.00000000000000e-02	0.00000000000000e+00	0.00000000000000e+00	0.00000000000000e+00	4.28567309172889e+02	8.97385000000000e-01	3.84589874742113e+02	0.00000000000000e+00	1
23	16	37	44	3.00000000000000e-02	0.00000000000000e+00	0.00000000000000e+00	0.00000000000000e+00	1.69225480879852e+03	3.01376500000000e-01	5.10005831383868e+02	0.00000000000000e+00	1
23	16	44	51	3.00000000000000e-02	0.00000000000000e+00	0.00000000000000e+00	0.00000000000000e+00	5.00461343546504e+03	7.64969500000000e-02	3.82837663742098e+02	0.00000000000000e+00	1
23	16	51	58	3.00000000000000e-02	0.00000000000000e+00	0.00000000000000e+00	0.00000000000000e+00	1.39939917786453e+04	1.64337000000000e-02	2.29973062692724e+02	0.00000000000000e+00	1
24	23	25	26	1.69450430000000e-01	0.00000000000000e+00	0.00000000000000e+00	0.00000000000000e+00	6.15115639086585e+01	6.07359000000000e+00	3.73596019439989e+02	0.00000000000000e+00	1
24	23	26	27	4.04512500000000e-02	0.00000000000000e+00	0.00000000000000e+00	0.00000000000000e+00	2.46290106658442e+02	1.35380500000000e+00	3.33428777844732e+02	0.00000000000000e+00	1
24	23	27	28	3.00000000000000e-02	0.00000000000000e+00	0.00000000000000e+00	0.00000000000000e+00	6.12922436566197e+02	5.78544500000000e-01	3.54602904601972e+02	0.00000000000000e+00	1
24	23	28	29	3.00000000000000e-02	0.00000000000000e+00	0.00000000000000e+00	0.00000000000000e+00	1.22543211854294e+03	2.96222500000000e-01	3.63000565735087e+02	0.00000000000000e+00	1
24	23	29	30	3.00000000000000e-02	0.00000000000000e+00	0.00000000000000e+00	0.00000000000000e+00	2.14599527138262e+03	1.58740500000000e-01	3.40656362376912e+02	0.00000000000000e+00	1
24	23	30	31	3.00000000000000e-02	0.00000000000000e+00	0.00000000000000e+00	0.00000000000000e+00	3.42813046035813e+03	9.23805500000000e-02	3.16692577399637e+02	0.00000000000000e+00	1
24	23	31	32	3.00000000000000e-02	0.00000000000000e+00	0.00000000000000e+00	0.00000000000000e+00	5.14191777828147e+03	7.55876000000000e-02	3.88665224257628e+02	0.00000000000000e+00	1
24	22	26	28	7.83032300000000e-02	0.00000000000000e+00	0.00000000000000e+00	0.00000000000000e+00	1.22979136411244e+02	2.74013500000000e+00	3.36979435950225e+02	0.00000000000000e+00	1
24	22	28	30	3.00000000000000e-02	0.00000000000000e+00	0.00000000000000e+00	0.00000000000000e+00	4.90302624994466e+02	7.09780000000000e-01	3.48006997168572e+02	0.00000000000000e+00	1
24	22	30	32	3.00000000000000e-02	0.00000000000000e+00	0.00000000000000e+00	0.00000000000000e+00	1.22421298599516e+03	2.74449500000000e-01	3.35984641899878e+02	0.00000000000000e+00	1
24	22	32	34	3.00000000000000e-02	0.00000000000000e+00	0.00000000000000e+00	0.00000000000000e+00	2.44906463515506e+03	1.38838000000000e-01	3.40023235815658e+02	0.00000000000000e+00	1
24	22	34	36	3.00000000000000e-02	0.00000000000000e+00	0.00000000000000e+00	0.00000000000000e+00	4.28220224306124e+03	7.24220500000000e-02	3.10125864957093e+02	0.00000000000000e+00	1
24	22	36	38	3.00000000000000e-02	0.00000000000000e+00	0.00000000000000e+00	0.00000000000000e+00	6.76404070235240e+03	5.48282000000000e-02	3.70860176436718e+02	0.00000000000000e+00	1
24	22	38	40	3.00000000000000e-02	0.00000000000000e+00	0.00000000000000e+00	0.00000000000000e+00	1.00324156760809e+04	4.15206500000000e-02	4.16552419941068e+02	0.00000000000000e+00	1
24	21	27	30	5.42252800000000e-02	0.00000000000000e+00	0.00000000000000e+00	0.00000000000000e+00	1.83951938398356e+02	1.86319000000000e+00	3.42737412104432e+02	0.00000000000000e+00	1
24	21	30	33	3.00000000000000e-02	0.00000000000000e+00	0.00000000000000e+00	0.00000000000000e+00	7.34812699443442e+02	4.78467500000000e-01	3.51583995270955e+02	0.00000000000000e+00	1
24	21	33	36	3.00000000000000e-02	0.00000000000000e+00	0.00000000000000e+00	0.00000000000000e+00	1.83705482769897e+03	1.62518000000000e-01	2.98554476487982e+02	0.00000000000000e+00	1
24	21	36	39	3.00000000000000e-02	0.00000000000000e+00	0.00000000000000e+00	0.00000000000000e+00	3.61252787187226e+03	1.08921500000000e-01	3.93481954596134e+02	0.00000000000000e+00	1
24	21	39	42	3.00000000000000e-02	0.00000000000000e+00	0.00000000000000e+00	0.00000000000000e+00	6.34372828852805e+03	7.45957000000000e-02	4.73214852292552e+02	0.00000000000000e+00	1
24	21	42	45	3.00000000000000e-02	0.00000000000000e+00	0.00000000000000e+00	0.00000000000000e+00	1.05503547055343e+04	4.25977000000000e-02	4.49420844639937e+02	0.00000000000000e+00	1
24	21	45	48	3.00000000000000e-02	0.00000000000000e+00	0.00000000000000e+00	0.00000000000000e+00	1.62151707023631e+04	2.49265000000000e-02	4.04187452512454e+02	0.00000000000000e+00	1
24	20	28	32	4.26076100000000e-02	0.00000000000000e+00	0.00000000000000e+00	0.00000000000000e+00	2.45224761458449e+02	1.43964000000000e+00	3.53035375586042e+02	0.00000000000000e+00	1
24	20	32	36	3.00000000000000e-02	0.00000000000000e+00	0.00000000000000e+00	0.00000000000000e+00	9.79976340360338e+02	3.56763500000000e-01	3.49619789104145e+02	0.00000000000000e+00	1
24	20	36	40	3.00000000000000e-02	0.00000000000000e+00	0.00000000000000e+00	0.00000000000000e+00	2.40541727981711e+03	1.78912500000000e-01	4.30359219075280e+02	0.00000000000000e+00	1
24	20	40	44	3.00000000000000e-02	0.00000000000000e+00	0.00000000000000e+00	0.00000000000000e+00	4.91380773358062e+03	1.00579000000000e-01	4.94225868035805e+02	0.00000000000000e+00	1
24	20	44	48	3.00000000000000e-02	0.00000000000000e+00	0.00000000000000e+00	0.00000000000000e+00	8.99878727790023e+03	4.44197000000000e-02	3.99723431248145e+02	0.00000000000000e+00	1
24	20	48	52	3.00000000000000e-02	0.00000000000000e+00	0.00000000000000e+00	0.00000000000000e+00	2.14122658828699e+04	2.00044500000000e-02	4.28340602240577e+02	0.00000000000000e+00	1
24	19	29	34	3.56461500000000e-02	0.00000000000000e+00	0.00000000000000e+00	0.00000000000000e+00	3.06527899158419e+02	1.17957000000000e+00	3.61571114010297e+02	0.00000000000000e+00	1
24	19	34	39	3.00000000000000e-02	0.00000000000000e+00	0.00000000000000e+00	0.00000000000000e+00	1.21498977782530e+03	3.01919000000000e-01	3.66828498731236e+02	0.00000000000000e+00	1
24	19	39	44	3.00000000000000e-02	0.00000000000000e+00	0.00000000000000e+00	0.00000000000000e+00	3.04818478471768e+03	1.63646000000000e-01	4.98823247279909e+02	0.00000000000000e+00	1
24	19	44	49	3.00000000000000e-02	0.00000000000000e+00	0.00000000000000e+00	0.00000000000000e+00	6.44441583913803e+03	6.74792000000000e-02	4.34864025292363e+02	0.00000000000000e+00	1
24	19	49	54	3.00000000000000e-02	0.00000000000000e+00	0.00000000000000e+00	0.00000000000000e+00	1.97254217691967e+04	1.74360500000000e-02	3.43933440238803e+02	0.00000000000000e+00	1
24	19	54	59	3.00000000000000e-02	0.00000000000000e+00	0.00000000000000e+00	0.00000000000000e+00	2.54543086069595e+04	7.46466000000000e-03	1.90007759286026e+02	0.00000000000000e+00	1
24	18	30	36	3.00520700000000e-02	0.00000000000000e+00	0.00000000000000e+00	0.00000000000000e+00	3.67606413310386e+02	9.73638500000000e-01	3.57915756845904e+02	0.00000000000000e+00	1
24	18	36	42	3.00000000000000e-02	0.00000000000000e+00	0.00000000000000e+00	0.00000000000000e+00	1.44671206460262e+03	3.21033500000000e-01	4.64443037591606e+02	0.00000000000000e+00	1
24	18	42	48	3.00000000000000e-02	0.00000000000000e+00	0.00000000000000e+00	0.00000000000000e+00	3.80273879809095e+03	1.22410500000000e-01	4.65495157643713e+02	0.00000000000000e+00	1
24	18	48	54	3.00000000000000e-02	0.00000000000000e+00	0.00000000000000e+00	0.00000000000000e+00	1.17327855343561e+04	2.58555000000000e-02	3.03357036383544e+02	0.00000000000000e+00	1
24	17	31	38	3.00000000000000e-02	0.00000000000000e+00	0.00000000000000e+00	0.00000000000000e+00	4.28059596018770e+02	8.87554500000000e-01	3.79926220714641e+02	0.00000000000000e+00	1
24	17	38	45	3.00000000000000e-02	0.00000000000000e+00	0.00000000000000e+00	0.00000000000000e+00	1.70580009687495e+03	2.90770500000000e-01	4.95996347068377e+02	0.00000000000000e+00	1
24	17	45	52	3.00000000000000e-02	0.00000000000000e+00	0.00000000000000e+00	0.00000000000000e+00	5.33915253468664e+03	7.17564500000000e-02	3.83118631897615e+02	0.00000000000000e+00	1
24	17	52	59	3.00000000000000e-02	0.00000000000000e+00	0.00000000000000e+00	0.00000000000000e+00	1.33843704230309e+04	1.81265000000000e-02	2.42611790473069e+02	0.00000000000000e+00	1
25	24	26	27	1.88350150000000e-01	0.00000000000000e+00	0.00000000000000e+00	0.00000000000000e+00	6.14678115575465e+01	6.75130000000000e+00	4.14987636168463e+02	0.00000000000000e+00	1
25	24	27	28	4.73239600000000e-02	0.00000000000000e+00	0.00000000000000e+00	0.00000000000000e+00	2.44680545742430e+02	1.60613000000000e+00	3.92988764933288e+02	0.00000000000000e+00	1
25	24	28	29	3.00000000000000e-02	0.00000000000000e+00	0.00000000000000e+00	0.00000000000000e+00	6.11785465751498e+02	4.04396500000000e-01	2.47403901100776e+02	0.00000000000000e+00	1
25	24	29	30	3.00000000000000e-02	0.00000000000000e+00	0.00000000000000e+00	0.00000000000000e+00	1.22470377180356e+03	3.41335500000000e-01	4.18034874300453e+02	0.00000000000000e+00	1
25	24	30	31	3.00000000000000e-02	0.00000000000000e+00	0.00000000000000e+00	0.00000000000000e+00	2.14015381879919e+03	2.44246500000000e-01	5.22725079703336e+02	0.00000000000000e+00	1
25	24	31	32	3.00000000000000e-02	0.00000000000000e+00	0.00000000000000e+00	0.00000000000000e+00	3.42461137922330e+03	1.24596000000000e-01	4.26692879405706e+02	0.00000000000000e+00	1
25	23	27	29	8.18762300000000e-02	0.00000000000000e+00	0.00000000000000e+00	0.00000000000000e+00	1.22412685172868e+02	2.86177000000000e+00	3.50316950047159e+02	0.00000000000000e+00	1
25	23	29	31	3.00000000000000e-02	0.00000000000000e+00	0.00000000000000e+00	0.00000000000000e+00	4.89843450796870e+02	8.46875500000000e-01	4.14836417315325e+02	0.00000000000000e+00	1
25	23	31	33	3.00000000000000e-02	0.00000000000000e+00	0.00000000000000e+00	0.00000000000000e+00	1.22357093150297e+03	2.60438500000000e-01	3.18664978044237e+02	0.00000000000000e+00	1
25	23	33	35	3.00000000000000e-02	0.00000000000000e+00	0.00000000000000e+00	0.00000000000000e+00	2.44834669122641e+03	3.27799500000000e-01	8.02566821210673e+02	0.00000000000000e+00	1
25	23	35	37	3.00000000000000e-02	0.00000000000000e+00	0.00000000000000e+00	0.00000000000000e+00	4.26596961771183e+03	7.03482000000000e-02	3.00103283860715e+02	0.00000000000000e+00	1
25	23	37	39	3.00000000000000e-02	0.00000000000000e+00	0.00000000000000e+00	0.00000000000000e+00	6.70981933030415e+03	6.85433000000000e-02	4.59913159302836e+02	0.00000000000000e+00	1
25	23	39	41	3.00000000000000e-02	0.00000000000000e+00	0.00000000000000e+00	0.00000000000000e+00	1.01356001327884e+04	5.24987500000000e-02	5.32106337471226e+02	0.00000000000000e+00	1
25	22	28	31	5.51098100000000e-02	0.00000000000000e+00	0.00000000000000e+00	0.00000000000000e+00	1.83685166378017e+02	1.87881000000000e+00	3.45109527442683e+02	0.00000000000000e+00	1
25	22	31	34	3.00000000000000e-02	0.00000000000000e+00	0.00000000000000e+00	0.00000000000000e+00	7.34353569908901e+02	5.73222000000000e-01	4.20947622050320e+02	0.00000000000000e+00	1
25	22	34	37	3.00000000000000e-02	0.00000000000000e+00	0.00000000000000e+00	0.00000000000000e+00	1.83096647731553e+03	2.52378000000000e-01	4.62095657611939e+02	0.00000000000000e+00	1
25	22	37	40	3.00000000000000e-02	0.00000000000000e+00	0.00000000000000e+00	0.00000000000000e+00	3.59233705970427e+03	1.22601500000000e-01	4.40425912025333e+02	0.00000000000000e+00	1
25	22	40	43	3.00000000000000e-02	0.00000000000000e+00	0.00000000000000e+00	0.00000000000000e+00	6.42445617877721e+03	7.29900500000000e-02	4.68921377711758e+02	0.00000000000000e+00	1
25	22	43	46	3.00000000000000e-02	0.00000000000000e+00	0.00000000000000e+00	0.00000000000000e+00	1.06685724457592e+04	3.67103500000000e-02	3.91647028484176e+02	0.00000000000000e+00	1
25	22	46	49	3.00000000000000e-02	0.00000000000000e+00	0.00000000000000e+00	0.00000000000000e+00	1.63636054840582e+04	3.63000000000000e-02	5.93998879071314e+02	0.00000000000000e+00	1
25	21	29	33	4.51781300000000e-02	0.00000000000000e+00	0.00000000000000e+00	0.00000000000000e+00	2.44957989610946e+02	1.53109000000000e+00	3.75052728313423e+02	0.00000000000000e+00	1
25	21	33	37	3.00000000000000e-02	0.00000000000000e+00	0.00000000000000e+00	0.00000000000000e+00	9.77996214843646e+02	5.14796500000000e-01	5.03469028414757e+02	0.00000000000000e+00	1
25	21	37	41	3.00000000000000e-02	0.00000000000000e+00	0.00000000000000e+00	0.00000000000000e+00	2.40227365259444e+03	1.86574500000000e-01	4.48203005595982e+02	0.00000000000000e+00	1
25	21	41	45	3.00000000000000e-02	0.00000000000000e+00	0.00000000000000e+00	0.00000000000000e+00	4.97662324719364e+03	1.03082500000000e-01	5.13002765878838e+02	0.00000000000000e+00	1
25	21	45	49	3.00000000000000e-02	0.00000000000000e+00	0.00000000000000e+00	0.00000000000000e+00	9.03993450148818e+03	4.08461500000000e-02	3.69246520637961e+02	0.00000000000000e+00	1
25	21	53	57	3.00000000000000e-02	0.00000000000000e+00	0.00000000000000e+00	0.00000000000000e+00	3.14568848068842e+04	9.76518000000000e-03	3.07182142378489e+02	0.00000000000000e+00	1
25	20	30	35	4.08017500000000e-02	0.00000000000000e+00	0.00000000000000e+00	0.00000000000000e+00	3.06097845091705e+02	1.36767500000000e+00	4.18642370285798e+02	0.00000000000000e+00	1
25	20	35	40	3.00000000000000e-02	0.00000000000000e+00	0.00000000000000e+00	0.00000000000000e+00	1.20894140123317e+03	3.35512000000000e-01	4.05614347410543e+02	0.00000000000000e+00	1
25	20	40	45	3.00000000000000e-02	0.00000000000000e+00	0.00000000000000e+00	0.00000000000000e+00	3.09163807567935e+03	1.67469000000000e-01	5.17753536895945e+02	0.00000000000000e+00	1
25	20	45	50	3.00000000000000e-02	0.00000000000000e+00	0.00000000000000e+00	0.00000000000000e+00	6.97797439273341e+03	6.27339500000000e-02	4.37755896655018e+02	0.00000000000000e+00	1
25	20	55	60	3.00000000000000e-02	0.00000000000000e+00	0.00000000000000e+00	0.00000000000000e+00	2.44961151345935e+04	1.10678800000000e-02	2.71120062775865e+02	0.00000000000000e+00	1
25	19	31	37	3.36865100000000e-02	0.00000000000000e+00	0.00000000000000e+00	0.00000000000000e+00	3.67128814922947e+02	1.10786500000000e+00	4.06729164544611e+02	0.00000000000000e+00	1
25	19	37	43	3.00000000000000e-02	0.00000000000000e+00	0.00000000000000e+00	0.00000000000000e+00	1.44815243808433e+03	3.28626500000000e-01	4.75901267194121e+02	0.00000000000000e+00	1
25	19	43	49	3.00000000000000e-02	0.00000000000000e+00	0.00000000000000e+00	0.00000000000000e+00	3.84323329106215e+03	1.19151000000000e-01	4.57925089863347e+02	0.00000000000000e+00	1
25	19	49	55	3.00000000000000e-02	0.00000000000000e+00	0.00000000000000e+00	0.00000000000000e+00	1.31518571465095e+04	2.05218500000000e-02	2.69900439582097e+02	0.00000000000000e+00	1
25	18	32	39	3.00122300000000e-02	0.00000000000000e+00	0.00000000000000e+00	0.00000000000000e+00	4.26910351217028e+02	9.73295000000000e-01	4.15509710287778e+02	0.00000000000000e+00	1
25	18	39	46	3.00000000000000e-02	0.00000000000000e+00	0.00000000000000e+00	0.00000000000000e+00	1.72236534080982e+03	2.89776500000000e-01	4.99101000181177e+02	0.00000000000000e+00	1
25	18	53	60	3.00000000000000e-02	0.00000000000000e+00	0.00000000000000e+00	0.00000000000000e+00	1.27680238893089e+04	1.75214500000000e-02	2.23714292175331e+02	0.00000000000000e+00	1
26	25	27	28	2.07648680000000e-01	0.00000000000000e+00	0.00000000000000e+00	0.00000000000000e+00	6.10388267781734e+01	7.46516000000000e+00	4.55664608111349e+02	0.00000000000000e+00	1
26	25	28	29	5.56150400000000e-02	0.00000000000000e+00	0.00000000000000e+00	0.00000000000000e+00	2.44537444410583e+02	1.91540500000000e+00	4.68388243711253e+02	0.00000000000000e+00	1
26	25	29	30	3.00000000000000e-02	0.00000000000000e+00	0.00000000000000e+00	0.00000000000000e+00	6.12197750079868e+02	7.84372000000000e-01	4.80190773625646e+02	0.00000000000000e+00	1
26	25	30	31	3.00000000000000e-02	0.00000000000000e+00	0.00000000000000e+00	0.00000000000000e+00	1.22292689417751e+03	3.16485500000000e-01	3.87038629567217e+02	0.00000000000000e+00	1
26	25	31	32	3.00000000000000e-02	0.00000000000000e+00	0.00000000000000e+00	0.00000000000000e+00	2.14083095874657e+03	2.40745000000000e-01	5.15394349163442e+02	0.00000000000000e+00	1
26	25	32	33	3.00000000000000e-02	0.00000000000000e+00	0.00000000000000e+00	0.00000000000000e+00	3.42611876906017e+03	1.86166000000000e-01	6.37826826760856e+02	0.00000000000000e+00	1
26	24	28	30	9.80521700000000e-02	0.00000000000000e+00	0.00000000000000e+00	0.00000000000000e+00	1.22340676136675e+02	3.46127500000000e+00	4.23454723794970e+02	0.00000000000000e+00	1
26	24	30	32	3.00000000000000e-02	0.00000000000000e+00	0.00000000000000e+00	0.00000000000000e+00	4.89217935313033e+02	9.28315000000000e-01	4.54148347620118e+02	0.00000000000000e+00	1
26	24	32	34	3.00000000000000e-02	0.00000000000000e+00	0.00000000000000e+00	0.00000000000000e+00	1.22398345876771e+03	3.73631000000000e-01	4.57318163682837e+02	0.00000000000000e+00	1
26	24	34	36	3.00000000000000e-02	0.00000000000000e+00	0.00000000000000e+00	0.00000000000000e+00	2.44656970239835e+03	1.78266500000000e-01	4.36141417852596e+02	0.00000000000000e+00	1
26	24	36	38	3.00000000000000e-02	0.00000000000000e+00	0.00000000000000e+00	0.00000000000000e+00	4.22970938332328e+03	1.04942000000000e-01	4.43874162104712e+02	0.00000000000000e+00	1
26	24	38	40	3.00000000000000e-02	0.00000000000000e+00	0.00000000000000e+00	0.00000000000000e+00	6.70045238248438e+03	8.25490000000000e-02	5.53115643721703e+02	0.00000000000000e+00	1
26	24	40	42	3.00000000000000e-02	0.00000000000000e+00	0.00000000000000e+00	0.00000000000000e+00	1.02519280461766e+04	5.60251500000000e-02	5.74365806576251e+02	0.00000000000000e+00	1
26	23	29	32	6.86992200000000e-02	0.00000000000000e+00	0.00000000000000e+00	0.00000000000000e+00	1.83613242068900e+02	2.39059000000000e+00	4.38943980357491e+02	0.00000000000000e+00	1
26	23	32	35	3.00000000000000e-02	0.00000000000000e+00	0.00000000000000e+00	0.00000000000000e+00	7.34380097954214e+02	5.91604500000000e-01	4.34462570660154e+02	0.00000000000000e+00	1
26	23	35	38	3.00000000000000e-02	0.00000000000000e+00	0.00000000000000e+00	0.00000000000000e+00	1.82211440305532e+03	2.21521000000000e-01	4.03636604679218e+02	0.00000000000000e+00	1
26	23	38	41	3.00000000000000e-02	0.00000000000000e+00	0.00000000000000e+00	0.00000000000000e+00	3.60722487368630e+03	1.44714000000000e-01	5.22015940370639e+02	0.00000000000000e+00	1
26	23	41	44	3.00000000000000e-02	0.00000000000000e+00	0.00000000000000e+00	0.00000000000000e+00	6.49662665173877e+03	8.73833000000000e-02	5.67696675696885e+02	0.00000000000000e+00	1
26	23	44	47	3.00000000000000e-02	0.00000000000000e+00	0.00000000000000e+00	0.00000000000000e+00	1.08073596874230e+04	5.02263000000000e-02	5.42813689868412e+02	0.00000000000000e+00	1
26	23	47	50	3.00000000000000e-02	0.00000000000000e+00	0.00000000000000e+00	0.00000000000000e+00	1.90431026396839e+04	2.65659500000000e-02	5.05898112570710e+02	0.00000000000000e+00	1
26	22	30	34	5.02390300000000e-02	0.00000000000000e+00	0.00000000000000e+00	0.00000000000000e+00	2.44722931526314e+02	1.71572500000000e+00	4.19877251692985e+02	0.00000000000000e+00	1
26	22	34	38	3.00000000000000e-02	0.00000000000000e+00	0.00000000000000e+00	0.00000000000000e+00	9.74161598009338e+02	4.06897000000000e-01	3.96383431745205e+02	0.00000000000000e+00	1
26	22	38	42	3.00000000000000e-02	0.00000000000000e+00	0.00000000000000e+00	0.00000000000000e+00	2.40992130395249e+03	2.13660000000000e-01	5.14903785802490e+02	0.00000000000000e+00	1
26	22	42	46	3.00000000000000e-02	0.00000000000000e+00	0.00000000000000e+00	0.00000000000000e+00	5.04755020960495e+03	1.09536000000000e-01	5.52888459759288e+02	0.00000000000000e+00	1
26	22	50	54	3.00000000000000e-02	0.00000000000000e+00	0.00000000000000e+00	0.00000000000000e+00	2.41638777306234e+04	1.00579100000000e-02	2.43038107465614e+02	0.00000000000000e+00	1
26	21	31	36	4.04458700000000e-02	0.00000000000000e+00	0.00000000000000e+00	0.00000000000000e+00	3.05995534162641e+02	1.35860000000000e+00	4.15725532713364e+02	0.00000000000000e+00	1
26	21	36	41	3.00000000000000e-02	0.00000000000000e+00	0.00000000000000e+00	0.00000000000000e+00	1.20522998433392e+03	3.77054500000000e-01	4.54437389128036e+02	0.00000000000000e+00	1
26	21	41	46	3.00000000000000e-02	0.00000000000000e+00	0.00000000000000e+00	0.00000000000000e+00	3.12408828170770e+03	1.74046500000000e-01	5.43736631122240e+02	0.00000000000000e+00	1
26	21	46	51	3.00000000000000e-02	0.00000000000000e+00	0.00000000000000e+00	0.00000000000000e+00	7.66135511503384e+03	5.18817000000000e-02	3.97484127671651e+02	0.00000000000000e+00	1
26	21	51	56	3.00000000000000e-02	0.00000000000000e+00	0.00000000000000e+00	0.00000000000000e+00	1.75128794230714e+04	2.34717500000000e-02	4.11057927598477e+02	0.00000000000000e+00	1
26	20	32	38	3.33376000000000e-02	0.00000000000000e+00	0.00000000000000e+00	0.00000000000000e+00	3.66450508787730e+02	1.09906500000000e+00	4.02752928440786e+02	0.00000000000000e+00	1
26	20	38	44	3.00000000000000e-02	0.00000000000000e+00	0.00000000000000e+00	0.00000000000000e+00	1.45687750433786e+03	3.57588500000000e-01	5.20962641459919e+02	0.00000000000000e+00	1
26	20	44	50	3.00000000000000e-02	0.00000000000000e+00	0.00000000000000e+00	0.00000000000000e+00	4.10574133636621e+03	1.12020000000000e-01	4.59925144499742e+02	0.00000000000000e+00	1
26	20	50	56	3.00000000000000e-02	0.00000000000000e+00	0.00000000000000e+00	0.00000000000000e+00	1.24225493762988e+04	2.13412000000000e-02	2.65112110749469e+02	0.00000000000000e+00	1
26	20	62	68	3.00000000000000e-02	0.00000000000000e+00	0.00000000000000e+00	0.00000000000000e+00	2.26349986675441e+04	8.28397000000000e-03	1.87507649911975e+02	0.00000000000000e+00	1
26	20	68	74	3.00000000000000e-02	0.00000000000000e+00	0.00000000000000e+00	0.00000000000000e+00	2.88314347181772e+04	4.79748000000000e-03	1.38318231431761e+02	0.00000000000000e+00	1
26	19	33	40	3.04532200000000e-02	0.00000000000000e+00	0.00000000000000e+00	0.00000000000000e+00	4.25856711612045e+02	9.89539500000000e-01	4.21402037480228e+02	0.00000000000000e+00	1
26	19	40	47	3.00000000000000e-02	0.00000000000000e+00	0.00000000000000e+00	0.00000000000000e+00	1.74482769680866e+03	3.01729500000000e-01	5.26465988544228e+02	0.00000000000000e+00	1
26	19	47	54	3.00000000000000e-02	0.00000000000000e+00	0.00000000000000e+00	0.00000000000000e+00	6.19081502980662e+03	5.61481000000000e-02	3.47602501375085e+02	0.00000000000000e+00	1
26	19	54	61	3.00000000000000e-02	0.00000000000000e+00	0.00000000000000e+00	0.00000000000000e+00	1.22143102227443e+04	1.81792500000000e-02	2.22046999116823e+02	0.00000000000000e+00	1
27	26	28	29	1.77518070000000e-01	0.00000000000000e+00	0.00000000000000e+00	0.00000000000000e+00	6.13945190845079e+01	6.36241000000000e+00	3.90617102168464e+02	0.00000000000000e+00	1
27	26	29	30	4.69981000000000e-02	0.00000000000000e+00	0.00000000000000e+00	0.00000000000000e+00	2.45846872433021e+02	1.60049000000000e+00	3.93475460860325e+02	0.00000000000000e+00	1
27	26	30	31	3.00000000000000e-02	0.00000000000000e+00	0.00000000000000e+00	0.00000000000000e+00	6.13749643977186e+02	6.56359500000000e-01	4.02840409446044e+02	0.00000000000000e+00	1
27	26	31	32	3.00000000000000e-02	0.00000000000000e+00	0.00000000000000e+00	0.00000000000000e+00	1.22791378069325e+03	3.39372500000000e-01	4.16720169538320e+02	0.00000000000000e+00	1
27	26	32	33	3.00000000000000e-02	0.00000000000000e+00	0.00000000000000e+00	0.00000000000000e+00	2.14933126962021e+03	2.80139000000000e-01	6.02111512540136e+02	0.00000000000000e+00	1
27	26	33	34	3.00000000000000e-02	0.00000000000000e+00	0.00000000000000e+00	0.00000000000000e+00	3.44278665138196e+03	6.53311500000000e-02	2.24921211139433e+02	0.00000000000000e+00	1
27	26	34	35	3.00000000000000e-02	0.00000000000000e+00	0.00000000000000e+00	0.00000000000000e+00	5.15751323273047e+03	3.95321500000000e-02	2.03887586743286e+02	0.00000000000000e+00	1
27	25	29	31	9.50124600000000e-02	0.00000000000000e+00	0.00000000000000e+00	0.00000000000000e+00	1.22728435806530e+02	3.35235000000000e+00	4.11428671776022e+02	0.00000000000000e+00	1
27	25	31	33	3.24094400000000e-02	0.00000000000000e+00	0.00000000000000e+00	0.00000000000000e+00	4.90524483612005e+02	1.06046000000000e+00	5.20181593891187e+02	0.00000000000000e+00	1
27	25	33	35	3.00000000000000e-02	0.00000000000000e+00	0.00000000000000e+00	0.00000000000000e+00	1.22708941316545e+03	1.22874000000000e-01	1.50777384553292e+02	0.00000000000000e+00	1
27	25	35	37	3.00000000000000e-02	0.00000000000000e+00	0.00000000000000e+00	0.00000000000000e+00	2.44407569446124e+03	1.66152500000000e-01	4.06089286823971e+02	0.00000000000000e+00	1
27	25	37	39	3.00000000000000e-02	0.00000000000000e+00	0.00000000000000e+00	0.00000000000000e+00	4.20851241272656e+03	1.21999000000000e-01	5.13434305840228e+02	0.00000000000000e+00	1
27	25	39	41	3.00000000000000e-02	0.00000000000000e+00	0.00000000000000e+00	0.00000000000000e+00	6.79109876379232e+03	8.40322000000000e-02	5.70670969538749e+02	0.00000000000000e+00	1
27	25	41	43	3.00000000000000e-02	0.00000000000000e+00	0.00000000000000e+00	0.00000000000000e+00	1.03800536312935e+04	5.74016500000000e-02	5.95832205524737e+02	0.00000000000000e+00	1
27	24	30	33	6.93047400000000e-02	0.00000000000000e+00	0.00000000000000e+00	0.00000000000000e+00	1.83837460289689e+02	2.41460500000000e+00	4.43894850802785e+02	0.00000000000000e+00	1
27	24	33	36	3.00000000000000e-02	0.00000000000000e+00	0.00000000000000e+00	0.00000000000000e+00	7.35689441692287e+02	4.98155000000000e-01	3.66487373826221e+02	0.00000000000000e+00	1
27	24	36	39	3.00000000000000e-02	0.00000000000000e+00	0.00000000000000e+00	0.00000000000000e+00	1.81092495247968e+03	2.55461000000000e-01	4.62620699285411e+02	0.00000000000000e+00	1
27	24	39	42	3.00000000000000e-02	0.00000000000000e+00	0.00000000000000e+00	0.00000000000000e+00	3.64340993581469e+03	1.59652500000000e-01	5.81679504777655e+02	0.00000000000000e+00	1
27	24	42	45	3.00000000000000e-02	0.00000000000000e+00	0.00000000000000e+00	0.00000000000000e+00	6.63377148373232e+03	8.29248500000000e-02	5.50104505222780e+02	0.00000000000000e+00	1
27	24	45	48	3.00000000000000e-02	0.00000000000000e+00	0.00000000000000e+00	0.00000000000000e+00	1.08565597894231e+04	4.90297500000000e-02	5.32294412335466e+02	0.00000000000000e+00	1
27	23	31	35	5.21125900000000e-02	0.00000000000000e+00	0.00000000000000e+00	0.00000000000000e+00	2.45140721947799e+02	1.77958000000000e+00	4.36247525963864e+02	0.00000000000000e+00	1
27	23	35	39	3.00000000000000e-02	0.00000000000000e+00	0.00000000000000e+00	0.00000000000000e+00	9.70671276593666e+02	4.29736000000000e-01	4.17132391718256e+02	0.00000000000000e+00	1
27	23	39	43	3.00000000000000e-02	0.00000000000000e+00	0.00000000000000e+00	0.00000000000000e+00	2.43848528644748e+03	2.32446500000000e-01	5.66817370136214e+02	0.00000000000000e+00	1
27	23	43	47	3.00000000000000e-02	0.00000000000000e+00	0.00000000000000e+00	0.00000000000000e+00	5.12118005603565e+03	1.03757000000000e-01	5.31358279074091e+02	0.00000000000000e+00	1
27	23	51	55	3.00000000000000e-02	0.00000000000000e+00	0.00000000000000e+00	0.00000000000000e+00	2.26205498606081e+04	1.49581000000000e-02	3.38360446869962e+02	0.00000000000000e+00	1
27	22	32	37	4.00530500000000e-02	0.00000000000000e+00	0.00000000000000e+00	0.00000000000000e+00	3.06140608685862e+02	1.34111000000000e+00	4.10568231714697e+02	0.00000000000000e+00	1
27	22	37	42	3.00000000000000e-02	0.00000000000000e+00	0.00000000000000e+00	0.00000000000000e+00	1.20611449850430e+03	4.13935500000000e-01	4.99253607995625e+02	0.00000000000000e+00	1
27	22	42	47	3.00000000000000e-02	0.00000000000000e+00	0.00000000000000e+00	0.00000000000000e+00	3.17414902123035e+03	1.61706500000000e-01	5.13280528701586e+02	0.00000000000000e+00	1
27	22	47	52	3.00000000000000e-02	0.00000000000000e+00	0.00000000000000e+00	0.00000000000000e+00	8.49652197260232e+03	4.75552500000000e-02	4.04054226537596e+02	0.00000000000000e+00	1
27	22	52	57	3.00000000000000e-02	0.00000000000000e+00	0.00000000000000e+00	0.00000000000000e+00	1.65911655793256e+04	1.83663000000000e-02	3.04718324379569e+02	0.00000000000000e+00	1
27	21	33	39	3.14625700000000e-02	0.00000000000000e+00	0.00000000000000e+00	0.00000000000000e+00	3.65946853536637e+02	1.02733500000000e+00	3.75950010778061e+02	0.00000000000000e+00	1
27	21	39	45	3.00000000000000e-02	0.00000000000000e+00	0.00000000000000e+00	0.00000000000000e+00	1.47572829120023e+03	3.64539000000000e-01	5.37960515545839e+02	0.00000000000000e+00	1
27	21	45	51	3.00000000000000e-02	0.00000000000000e+00	0.00000000000000e+00	0.00000000000000e+00	4.39862789142813e+03	1.03598500000000e-01	4.55691251610117e+02	0.00000000000000e+00	1
27	21	51	57	3.00000000000000e-02	0.00000000000000e+00	0.00000000000000e+00	0.00000000000000e+00	1.17675815550551e+04	2.23465500000000e-02	2.62964849599117e+02	0.00000000000000e+00	1
27	21	69	75	3.00000000000000e-02	0.00000000000000e+00	0.00000000000000e+00	0.00000000000000e+00	2.74977633791183e+04	4.23403000000000e-03	1.16426355080088e+02	0.00000000000000e+00	1
27	20	34	41	3.00000000000000e-02	0.00000000000000e+00	0.00000000000000e+00	0.00000000000000e+00	4.25425073179948e+02	9.57863000000000e-01	4.07498936871364e+02	0.00000000000000e+00	1
27	20	41	48	3.00000000000000e-02	0.00000000000000e+00	0.00000000000000e+00	0.00000000000000e+00	1.76411303603803e+03	3.01790000000000e-01	5.32391673145917e+02	0.00000000000000e+00	1
27	20	48	55	3.00000000000000e-02	0.00000000000000e+00	0.00000000000000e+00	0.00000000000000e+00	6.74142326922188e+03	5.25872500000000e-02	3.54512910814388e+02	0.00000000000000e+00	1
27	20	55	62	3.00000000000000e-02	0.00000000000000e+00	0.00000000000000e+00	0.00000000000000e+00	1.17059263566570e+04	1.98200000000000e-02	2.32011460388943e+02	0.00000000000000e+00	1
28	27	29	30	1.94101740000000e-01	0.00000000000000e+00	0.00000000000000e+00	0.00000000000000e+00	6.13641878860224e+01	6.97354500000000e+00	4.27925925611632e+02	0.00000000000000e+00	1
28	27	30	31	3.55684600000000e-02	0.00000000000000e+00	0.00000000000000e+00	0.00000000000000e+00	2.45019826946305e+02	1.17649000000000e+00	2.88263376204058e+02	0.00000000000000e+00	1
28	27	31	32	3.00000000000000e-02	0.00000000000000e+00	0.00000000000000e+00	0.00000000000000e+00	6.12767442641622e+02	5.58461000000000e-01	3.42206718785083e+02	0.00000000000000e+00	1
28	27	32	33	3.00000000000000e-02	0.00000000000000e+00	0.00000000000000e+00	0.00000000000000e+00	1.22577728093800e+03	2.68135500000000e-01	3.28674404112951e+02	0.00000000000000e+00	1
28	27	33	34	3.00000000000000e-02	0.00000000000000e+00	0.00000000000000e+00	0.00000000000000e+00	2.14735640044446e+03	1.29034500000000e-01	2.77083059453151e+02	0.00000000000000e+00	1
28	27	34	35	3.00000000000000e-02	0.00000000000000e+00	0.00000000000000e+00	0.00000000000000e+00	3.43114882497863e+03	7.80013500000000e-02	2.67634240399247e+02	0.00000000000000e+00	1
28	27	35	36	3.00000000000000e-02	0.00000000000000e+00	0.00000000000000e+00	0.00000000000000e+00	5.14740155156579e+03	5.59501500000000e-02	2.87997888920338e+02	0.00000000000000e+00	1
28	26	30	32	7.85132700000000e-02	0.00000000000000e+00	0.00000000000000e+00	0.00000000000000e+00	1.22594675134419e+02	2.74239500000000e+00	3.36203024115256e+02	0.00000000000000e+00	1
28	26	32	34	3.00000000000000e-02	0.00000000000000e+00	0.00000000000000e+00	0.00000000000000e+00	4.90864727565574e+02	7.61925500000000e-01	3.74002352982764e+02	0.00000000000000e+00	1
28	26	34	36	3.00000000000000e-02	0.00000000000000e+00	0.00000000000000e+00	0.00000000000000e+00	1.22651703535308e+03	2.24462000000000e-01	2.75306466789422e+02	0.00000000000000e+00	1
28	26	36	38	3.00000000000000e-02	0.00000000000000e+00	0.00000000000000e+00	0.00000000000000e+00	2.42487588315068e+03	1.67898500000000e-01	4.07133023467174e+02	0.00000000000000e+00	1
28	26	38	40	3.00000000000000e-02	0.00000000000000e+00	0.00000000000000e+00	0.00000000000000e+00	4.20791518065542e+03	1.05642000000000e-01	4.44532575514800e+02	0.00000000000000e+00	1
28	26	40	42	3.00000000000000e-02	0.00000000000000e+00	0.00000000000000e+00	0.00000000000000e+00	6.87831554978592e+03	8.25007500000000e-02	5.67466191594000e+02	0.00000000000000e+00	1
28	26	42	44	3.00000000000000e-02	0.00000000000000e+00	0.00000000000000e+00	0.00000000000000e+00	1.05722913931019e+04	4.48642500000000e-02	4.74317924132971e+02	0.00000000000000e+00	1
28	25	31	34	6.14089100000000e-02	0.00000000000000e+00	0.00000000000000e+00	0.00000000000000e+00	1.83928496018690e+02	2.11773000000000e+00	3.89510893873660e+02	0.00000000000000e+00	1
28	25	34	37	3.00000000000000e-02	0.00000000000000e+00	0.00000000000000e+00	0.00000000000000e+00	7.34183385835694e+02	4.02172000000000e-01	2.95268000648313e+02	0.00000000000000e+00	1
28	25	37	40	3.00000000000000e-02	0.00000000000000e+00	0.00000000000000e+00	0.00000000000000e+00	1.80435956146521e+03	2.48029000000000e-01	4.47533497670654e+02	0.00000000000000e+00	1
28	25	40	43	3.00000000000000e-02	0.00000000000000e+00	0.00000000000000e+00	0.00000000000000e+00	3.69801568733615e+03	1.52705000000000e-01	5.64705485534667e+02	0.00000000000000e+00	1
28	25	43	46	3.00000000000000e-02	0.00000000000000e+00	0.00000000000000e+00	0.00000000000000e+00	6.71637483829489e+03	1.05855000000000e-01	7.10961858507706e+02	0.00000000000000e+00	1
28	24	32	36	4.52700900000000e-02	0.00000000000000e+00	0.00000000000000e+00	0.00000000000000e+00	2.45201526555556e+02	1.53521500000000e+00	3.76437061590988e+02	0.00000000000000e+00	1
28	24	36	40	3.00000000000000e-02	0.00000000000000e+00	0.00000000000000e+00	0.00000000000000e+00	9.65524840791163e+02	4.62615000000000e-01	4.46666274222604e+02	0.00000000000000e+00	1
28	24	40	44	3.00000000000000e-02	0.00000000000000e+00	0.00000000000000e+00	0.00000000000000e+00	2.47416686481143e+03	2.21506500000000e-01	5.48044042640352e+02	0.00000000000000e+00	1
28	24	44	48	3.00000000000000e-02	0.00000000000000e+00	0.00000000000000e+00	0.00000000000000e+00	5.17139461142239e+03	9.93229500000000e-02	5.13638168420575e+02	0.00000000000000e+00	1
28	24	48	52	3.00000000000000e-02	0.00000000000000e+00	0.00000000000000e+00	0.00000000000000e+00	1.32460187727000e+04	3.13351000000000e-02	4.15065322844431e+02	0.00000000000000e+00	1
28	24	52	56	3.00000000000000e-02	0.00000000000000e+00	0.00000000000000e+00	0.00000000000000e+00	2.12696380129496e+04	1.22699000000000e-02	2.60976331455090e+02	0.00000000000000e+00	1
28	23	33	38	3.46765400000000e-02	0.00000000000000e+00	0.00000000000000e+00	0.00000000000000e+00	3.05652013388654e+02	1.14453000000000e+00	3.49827898883716e+02	0.00000000000000e+00	1
28	23	38	43	3.00000000000000e-02	0.00000000000000e+00	0.00000000000000e+00	0.00000000000000e+00	1.21375221849013e+03	4.22679000000000e-01	5.13027573959188e+02	0.00000000000000e+00	1
28	23	43	48	3.00000000000000e-02	0.00000000000000e+00	0.00000000000000e+00	0.00000000000000e+00	3.20970137849342e+03	1.60681000000000e-01	5.15738027197702e+02	0.00000000000000e+00	1
28	23	48	53	3.00000000000000e-02	0.00000000000000e+00	0.00000000000000e+00	0.00000000000000e+00	9.59555611326009e+03	4.01924500000000e-02	3.85668909304401e+02	0.00000000000000e+00	1
28	23	53	58	3.00000000000000e-02	0.00000000000000e+00	0.00000000000000e+00	0.00000000000000e+00	1.57252369502707e+04	1.06372000000000e-02	1.67272490487420e+02	0.00000000000000e+00	1
28	23	58	63	3.00000000000000e-02	0.00000000000000e+00	0.00000000000000e+00	0.00000000000000e+00	2.11086888062854e+04	1.08520700000000e-02	2.29072968534025e+02	0.00000000000000e+00	1
28	23	63	68	3.00000000000000e-02	0.00000000000000e+00	0.00000000000000e+00	0.00000000000000e+00	2.65219421286997e+04	9.09575000000000e-03	2.41236955117120e+02	0.00000000000000e+00	1
28	22	34	40	3.16184400000000e-02	0.00000000000000e+00	0.00000000000000e+00	0.00000000000000e+00	3.64856877535826e+02	1.03527000000000e+00	3.77725379606515e+02	0.00000000000000e+00	1
28	22	40	46	3.00000000000000e-02	0.00000000000000e+00	0.00000000000000e+00	0.00000000000000e+00	1.49545324837686e+03	3.60978500000000e-01	5.39826470419207e+02	0.00000000000000e+00	1
28	22	46	52	3.00000000000000e-02	0.00000000000000e+00	0.00000000000000e+00	0.00000000000000e+00	4.76235424439847e+03	7.11505500000000e-02	3.38844123783786e+02	0.00000000000000e+00	1
28	22	52	58	3.00000000000000e-02	0.00000000000000e+00	0.00000000000000e+00	0.00000000000000e+00	1.11363780196779e+04	2.20153000000000e-02	2.45170703016616e+02	0.00000000000000e+00	1
28	21	35	42	3.07171900000000e-02	0.00000000000000e+00	0.00000000000000e+00	0.00000000000000e+00	4.24737912565824e+02	1.00115850000000e+00	4.25229971437532e+02	0.00000000000000e+00	1
28	21	42	49	3.00000000000000e-02	0.00000000000000e+00	0.00000000000000e+00	0.00000000000000e+00	1.78716166665698e+03	2.75776500000000e-01	4.92857189364830e+02	0.00000000000000e+00	1
28	21	49	56	3.00000000000000e-02	0.00000000000000e+00	0.00000000000000e+00	0.00000000000000e+00	7.42346950525918e+03	4.21668500000000e-02	3.13024325107838e+02	0.00000000000000e+00	1
28	21	56	63	3.00000000000000e-02	0.00000000000000e+00	0.00000000000000e+00	0.00000000000000e+00	1.11424788332148e+04	1.80061500000000e-02	2.00633145242690e+02	0.00000000000000e+00	1
29	28	30	31	1.62735360000000e-01	0.00000000000000e+00	0.00000000000000e+00	0.00000000000000e+00	6.12006518966204e+01	5.79845000000000e+00	3.54868919989959e+02	0.00000000000000e+00	1
29	28	31	32	3.77934500000000e-02	0.00000000000000e+00	0.00000000000000e+00	0.00000000000000e+00	2.45019826946335e+02	1.27126500000000e+00	3.11485130302932e+02	0.00000000000000e+00	1
29	28	32	33	3.00000000000000e-02	0.00000000000000e+00	0.00000000000000e+00	0.00000000000000e+00	6.12767442641622e+02	8.65285000000000e-01	5.30218476606156e+02	0.00000000000000e+00	1
29	28	33	34	3.00000000000000e-02	0.00000000000000e+00	0.00000000000000e+00	0.00000000000000e+00	1.22684524995543e+03	2.57955500000000e-01	3.16471479874877e+02	0.00000000000000e+00	1
29	28	34	35	3.00000000000000e-02	0.00000000000000e+00	0.00000000000000e+00	0.00000000000000e+00	2.14408673151479e+03	1.16627000000000e-01	2.50058403236376e+02	0.00000000000000e+00	1
29	28	35	36	3.00000000000000e-02	0.00000000000000e+00	0.00000000000000e+00	0.00000000000000e+00	3.43114882497863e+03	8.70414000000000e-02	2.98651997334495e+02	0.00000000000000e+00	1
29	28	36	37	3.00000000000000e-02	0.00000000000000e+00	0.00000000000000e+00	0.00000000000000e+00	5.10719406248359e+03	8.24149000000000e-02	4.20908887940179e+02	0.00000000000000e+00	1
29	27	31	33	8.43386300000000e-02	0.00000000000000e+00	0.00000000000000e+00	0.00000000000000e+00	1.22534119790022e+02	2.96543500000000e+00	3.63366967519524e+02	0.00000000000000e+00	1
29	27	33	35	3.00000000000000e-02	0.00000000000000e+00	0.00000000000000e+00	0.00000000000000e+00	4.90524483612005e+02	5.90379500000000e-01	2.89595599372614e+02	0.00000000000000e+00	1
29	27	35	37	3.00000000000000e-02	0.00000000000000e+00	0.00000000000000e+00	0.00000000000000e+00	1.22160750357444e+03	2.67454000000000e-01	3.26723813260999e+02	0.00000000000000e+00	1
29	27	37	39	3.00000000000000e-02	0.00000000000000e+00	0.00000000000000e+00	0.00000000000000e+00	2.40736262465591e+03	1.50459500000000e-01	3.62210576824417e+02	0.00000000000000e+00	1
29	27	39	41	3.00000000000000e-02	0.00000000000000e+00	0.00000000000000e+00	0.00000000000000e+00	4.25654854058401e+03	9.35159000000000e-02	3.98054967666400e+02	0.00000000000000e+00	1
29	27	41	43	3.00000000000000e-02	0.00000000000000e+00	0.00000000000000e+00	0.00000000000000e+00	6.94557633944292e+03	7.33844500000000e-02	5.09697299603032e+02	0.00000000000000e+00	1
29	27	43	45	3.00000000000000e-02	0.00000000000000e+00	0.00000000000000e+00	0.00000000000000e+00	1.07609824512694e+04	4.52475500000000e-02	4.86908091512936e+02	0.00000000000000e+00	1
29	26	32	35	6.07983000000000e-02	0.00000000000000e+00	0.00000000000000e+00	0.00000000000000e+00	1.83958831668100e+02	2.10615500000000e+00	3.87445813111928e+02	0.00000000000000e+00	1
29	26	35	38	3.00000000000000e-02	0.00000000000000e+00	0.00000000000000e+00	0.00000000000000e+00	7.31110379465262e+02	4.73376500000000e-01	3.46090472544937e+02	0.00000000000000e+00	1
29	26	38	41	3.00000000000000e-02	0.00000000000000e+00	0.00000000000000e+00	0.00000000000000e+00	1.81412576137341e+03	2.46541000000000e-01	4.47256379334762e+02	0.00000000000000e+00	1
29	26	41	44	3.00000000000000e-02	0.00000000000000e+00	0.00000000000000e+00	0.00000000000000e+00	3.74216287931118e+03	1.33475500000000e-01	4.99487061397499e+02	0.00000000000000e+00	1
29	26	44	47	3.00000000000000e-02	0.00000000000000e+00	0.00000000000000e+00	0.00000000000000e+00	6.80098108974529e+03	6.35154000000000e-02	4.31967034307608e+02	0.00000000000000e+00	1
29	26	47	50	3.00000000000000e-02	0.00000000000000e+00	0.00000000000000e+00	0.00000000000000e+00	1.26924000417316e+04	3.81692500000000e-02	4.84459390292863e+02	0.00000000000000e+00	1
29	25	33	37	3.43610500000000e-02	0.00000000000000e+00	0.00000000000000e+00	0.00000000000000e+00	2.45018953025146e+02	1.13818500000000e+00	2.78876897048926e+02	0.00000000000000e+00	1
29	25	37	41	3.00000000000000e-02	0.00000000000000e+00	0.00000000000000e+00	0.00000000000000e+00	9.66006523428176e+02	4.50374000000000e-01	4.35064221982441e+02	0.00000000000000e+00	1
29	25	41	45	3.00000000000000e-02	0.00000000000000e+00	0.00000000000000e+00	0.00000000000000e+00	2.50935617332413e+03	2.11944000000000e-01	5.31842984799009e+02	0.00000000000000e+00	1
29	25	45	49	3.00000000000000e-02	0.00000000000000e+00	0.00000000000000e+00	0.00000000000000e+00	5.19374571267411e+03	9.20727500000000e-02	4.78202450566615e+02	0.00000000000000e+00	1
29	25	49	53	3.00000000000000e-02	0.00000000000000e+00	0.00000000000000e+00	0.00000000000000e+00	1.58435041560639e+04	2.59644500000000e-02	4.11367871484913e+02	0.00000000000000e+00	1
29	25	57	61	3.00000000000000e-02	0.00000000000000e+00	0.00000000000000e+00	0.00000000000000e+00	2.61332495402590e+04	8.51190000000000e-03	2.22443606761731e+02	0.00000000000000e+00	1
29	24	34	39	3.44014400000000e-02	0.00000000000000e+00	0.00000000000000e+00	0.00000000000000e+00	3.04658051552793e+02	1.13238500000000e+00	3.44990207707609e+02	0.00000000000000e+00	1
29	24	39	44	3.00000000000000e-02	0.00000000000000e+00	0.00000000000000e+00	0.00000000000000e+00	1.22817749773734e+03	4.12234000000000e-01	5.06296522602254e+02	0.00000000000000e+00	1
29	24	44	49	3.00000000000000e-02	0.00000000000000e+00	0.00000000000000e+00	0.00000000000000e+00	3.24104437654136e+03	1.57132500000000e-01	5.09273405496885e+02	0.00000000000000e+00	1
29	24	49	54	3.00000000000000e-02	0.00000000000000e+00	0.00000000000000e+00	0.00000000000000e+00	1.10220222732729e+04	2.84028500000000e-02	3.13056845324429e+02	0.00000000000000e+00	1
29	24	59	64	3.00000000000000e-02	0.00000000000000e+00	0.00000000000000e+00	0.00000000000000e+00	1.98966009476185e+04	1.71817000000000e-02	3.41857428501697e+02	0.00000000000000e+00	1
29	24	64	69	3.00000000000000e-02	0.00000000000000e+00	0.00000000000000e+00	0.00000000000000e+00	2.52772007243006e+04	9.74058000000000e-03	2.46214595831108e+02	0.00000000000000e+00	1
29	23	35	41	3.28781600000000e-02	0.00000000000000e+00	0.00000000000000e+00	0.00000000000000e+00	3.64292540036479e+02	1.07720500000000e+00	3.92417745589995e+02	0.00000000000000e+00	1
29	23	41	47	3.00000000000000e-02	0.00000000000000e+00	0.00000000000000e+00	0.00000000000000e+00	1.51350425976461e+03	3.38816500000000e-01	5.12800216028537e+02	0.00000000000000e+00	1
29	23	47	53	3.00000000000000e-02	0.00000000000000e+00	0.00000000000000e+00	0.00000000000000e+00	5.18455571724854e+03	8.20206000000000e-02	4.25240370662155e+02	0.00000000000000e+00	1
29	23	53	59	3.00000000000000e-02	0.00000000000000e+00	0.00000000000000e+00	0.00000000000000e+00	1.05490046895884e+04	2.19746500000000e-02	2.31810685902064e+02	0.00000000000000e+00	1
29	23	65	71	3.00000000000000e-02	0.00000000000000e+00	0.00000000000000e+00	0.00000000000000e+00	1.94896330099347e+04	1.34832000000000e-02	2.62782619799552e+02	0.00000000000000e+00	1
29	22	36	43	3.18776800000000e-02	0.00000000000000e+00	0.00000000000000e+00	0.00000000000000e+00	4.24453142452657e+02	1.04156500000000e+00	4.42095537318701e+02	0.00000000000000e+00	1
29	22	43	50	3.00000000000000e-02	0.00000000000000e+00	0.00000000000000e+00	0.00000000000000e+00	1.88265321689207e+03	2.52713000000000e-01	4.75770942400446e+02	0.00000000000000e+00	1
29	22	50	57	3.00000000000000e-02	0.00000000000000e+00	0.00000000000000e+00	0.00000000000000e+00	6.98851536525508e+03	3.90166500000000e-02	2.72668458025780e+02	0.00000000000000e+00	1
29	22	57	64	3.00000000000000e-02	0.00000000000000e+00	0.00000000000000e+00	0.00000000000000e+00	1.05482126737040e+04	1.97683000000000e-02	2.08520232597582e+02	0.00000000000000e+00	1
29	22	64	71	3.00000000000000e-02	0.00000000000000e+00	0.00000000000000e+00	0.00000000000000e+00	1.45784358604251e+04	9.13794000000000e-03	1.33216872186413e+02	0.00000000000000e+00	1
29	22	71	78	3.00000000000000e-02	0.00000000000000e+00	0.00000000000000e+00	0.00000000000000e+00	1.96539500121831e+04	6.42677000000000e-03	1.26311416319798e+02	0.00000000000000e+00	1
29	22	78	84	3.00000000000000e-02	0.00000000000000e+00	0.00000000000000e+00	0.00000000000000e+00	2.97774249007198e+04	4.23162000000000e-03	1.26006746758384e+02	0.00000000000000e+00	1
30	29	31	32	1.87668010000000e-01	0.00000000000000e+00	0.00000000000000e+00	0.00000000000000e+00	6.13641878860299e+01	6.73550500000000e+00	4.13318794327294e+02	0.00000000000000e+00	1
30	29	32	33	4.44971200000000e-02	0.00000000000000e+00	0.00000000000000e+00	0.00000000000000e+00	2.45505475094040e+02	1.51182500000000e+00	3.71161314884047e+02	0.00000000000000e+00	1
30	29	33	34	3.00000000000000e-02	0.00000000000000e+00	0.00000000000000e+00	0.00000000000000e+00	6.14325027842334e+02	4.84247500000000e-01	2.97485358920081e+02	0.00000000000000e+00	1
30	29	34	35	3.00000000000000e-02	0.00000000000000e+00	0.00000000000000e+00	0.00000000000000e+00	1.22684524995543e+03	2.12976000000000e-01	2.61288593954507e+02	0.00000000000000e+00	1
30	29	35	36	3.00000000000000e-02	0.00000000000000e+00	0.00000000000000e+00	0.00000000000000e+00	2.14735640044446e+03	1.20240000000000e-01	2.58198133589442e+02	0.00000000000000e+00	1
30	29	36	37	3.00000000000000e-02	0.00000000000000e+00	0.00000000000000e+00	0.00000000000000e+00	3.40998478791082e+03	1.01897500000000e-01	3.47468924926142e+02	0.00000000000000e+00	1
30	29	37	38	3.00000000000000e-02	0.00000000000000e+00	0.00000000000000e+00	0.00000000000000e+00	5.07692545039158e+03	7.01802000000000e-02	3.56299643493571e+02	0.00000000000000e+00	1
30	28	32	34	8.80860300000000e-02	0.00000000000000e+00	0.00000000000000e+00	0.00000000000000e+00	1.22728435806530e+02	3.10900000000000e+00	3.81562706922502e+02	0.00000000000000e+00	1
30	28	34	36	3.00000000000000e-02	0.00000000000000e+00	0.00000000000000e+00	0.00000000000000e+00	4.90524483612005e+02	5.39442500000000e-01	2.64609753750869e+02	0.00000000000000e+00	1
30	28	36	38	3.00000000000000e-02	0.00000000000000e+00	0.00000000000000e+00	0.00000000000000e+00	1.21331044072616e+03	3.02249500000000e-01	3.66722474054261e+02	0.00000000000000e+00	1
30	28	38	40	3.00000000000000e-02	0.00000000000000e+00	0.00000000000000e+00	0.00000000000000e+00	2.41139171115419e+03	1.71134000000000e-01	4.12671109096662e+02	0.00000000000000e+00	1
30	28	40	42	3.00000000000000e-02	0.00000000000000e+00	0.00000000000000e+00	0.00000000000000e+00	4.31870746994332e+03	1.01053050000000e-01	4.36418561895556e+02	0.00000000000000e+00	1
30	28	42	44	3.00000000000000e-02	0.00000000000000e+00	0.00000000000000e+00	0.00000000000000e+00	7.08105936219695e+03	6.28703000000000e-02	4.45188326419131e+02	0.00000000000000e+00	1
30	28	44	46	3.00000000000000e-02	0.00000000000000e+00	0.00000000000000e+00	0.00000000000000e+00	1.08773630739718e+04	3.94750500000000e-02	4.29384451213190e+02	0.00000000000000e+00	1
30	27	33	36	4.55113600000000e-02	0.00000000000000e+00	0.00000000000000e+00	0.00000000000000e+00	1.84062235720609e+02	1.54170500000000e+00	2.83769669121642e+02	0.00000000000000e+00	1
30	27	36	39	3.00000000000000e-02	0.00000000000000e+00	0.00000000000000e+00	0.00000000000000e+00	7.26288458782262e+02	5.02738000000000e-01	3.65132807191277e+02	0.00000000000000e+00	1
30	27	39	42	3.00000000000000e-02	0.00000000000000e+00	0.00000000000000e+00	0.00000000000000e+00	1.83305269578286e+03	2.55879000000000e-01	4.69039690744223e+02	0.00000000000000e+00	1
30	27	42	45	3.00000000000000e-02	0.00000000000000e+00	0.00000000000000e+00	0.00000000000000e+00	3.81713768864613e+03	1.24637000000000e-01	4.75756590099787e+02	0.00000000000000e+00	1
30	27	45	48	3.00000000000000e-02	0.00000000000000e+00	0.00000000000000e+00	0.00000000000000e+00	6.81256346977688e+03	5.85025000000000e-02	3.98551994390622e+02	0.00000000000000e+00	1
30	27	48	51	3.00000000000000e-02	0.00000000000000e+00	0.00000000000000e+00	0.00000000000000e+00	1.52687606310561e+04	3.20439000000000e-02	4.89270638785500e+02	0.00000000000000e+00	1
30	26	34	38	3.67767700000000e-02	0.00000000000000e+00	0.00000000000000e+00	0.00000000000000e+00	2.44466818393589e+02	1.21996000000000e+00	2.98239739767443e+02	0.00000000000000e+00	1
30	26	38	42	3.00000000000000e-02	0.00000000000000e+00	0.00000000000000e+00	0.00000000000000e+00	9.71552127291171e+02	4.68527500000000e-01	4.55198889319414e+02	0.00000000000000e+00	1
30	26	42	46	3.00000000000000e-02	0.00000000000000e+00	0.00000000000000e+00	0.00000000000000e+00	2.54895044586877e+03	1.80288500000000e-01	4.59546452460012e+02	0.00000000000000e+00	1
30	26	46	50	3.00000000000000e-02	0.00000000000000e+00	0.00000000000000e+00	0.00000000000000e+00	5.76326202719591e+03	8.88141000000000e-02	5.11858930009580e+02	0.00000000000000e+00	1
30	26	54	58	3.00000000000000e-02	0.00000000000000e+00	0.00000000000000e+00	0.00000000000000e+00	1.90139272021044e+04	2.01536500000000e-02	3.83200033956692e+02	0.00000000000000e+00	1
30	25	35	40	3.61953700000000e-02	0.00000000000000e+00	0.00000000000000e+00	0.00000000000000e+00	3.03883411495457e+02	1.20169500000000e+00	3.65175176177033e+02	0.00000000000000e+00	1
30	25	40	45	3.00000000000000e-02	0.00000000000000e+00	0.00000000000000e+00	0.00000000000000e+00	1.24894937559977e+03	4.12333000000000e-01	5.14983042889178e+02	0.00000000000000e+00	1
30	25	45	50	3.00000000000000e-02	0.00000000000000e+00	0.00000000000000e+00	0.00000000000000e+00	3.48909937897010e+03	1.35000500000000e-01	4.71030160710653e+02	0.00000000000000e+00	1
30	25	50	55	3.00000000000000e-02	0.00000000000000e+00	0.00000000000000e+00	0.00000000000000e+00	1.02401548290254e+04	2.91217000000000e-02	2.98210716884429e+02	0.00000000000000e+00	1
30	25	55	60	3.00000000000000e-02	0.00000000000000e+00	0.00000000000000e+00	0.00000000000000e+00	1.42557338701880e+04	1.67279000000000e-02	2.38468490607117e+02	0.00000000000000e+00	1
30	25	60	65	3.00000000000000e-02	0.00000000000000e+00	0.00000000000000e+00	0.00000000000000e+00	1.87898395973464e+04	1.09410000000000e-02	2.05579635034567e+02	0.00000000000000e+00	1
30	25	65	70	3.00000000000000e-02	0.00000000000000e+00	0.00000000000000e+00	0.00000000000000e+00	2.38788474269854e+04	7.35270000000000e-03	1.75574001476395e+02	0.00000000000000e+00	1
30	24	36	42	3.55083400000000e-02	0.00000000000000e+00	0.00000000000000e+00	0.00000000000000e+00	3.63758902632670e+02	1.17747500000000e+00	4.28317013877404e+02	0.00000000000000e+00	1
30	24	42	48	3.00000000000000e-02	0.00000000000000e+00	0.00000000000000e+00	0.00000000000000e+00	1.53464134989685e+03	3.25311500000000e-01	4.99236479496968e+02	0.00000000000000e+00	1
30	24	48	54	3.00000000000000e-02	0.00000000000000e+00	0.00000000000000e+00	0.00000000000000e+00	5.71725503011680e+03	6.60468000000000e-02	3.77606399523119e+02	0.00000000000000e+00	1
30	24	54	60	3.00000000000000e-02	0.00000000000000e+00	0.00000000000000e+00	0.00000000000000e+00	9.99753893376917e+03	2.36224000000000e-02	2.36165863709069e+02	0.00000000000000e+00	1
30	24	66	72	3.00000000000000e-02	0.00000000000000e+00	0.00000000000000e+00	0.00000000000000e+00	1.85176382781446e+04	1.18334500000000e-02	2.19127546682510e+02	0.00000000000000e+00	1
30	23	37	44	3.20534400000000e-02	0.00000000000000e+00	0.00000000000000e+00	0.00000000000000e+00	4.25959211636167e+02	1.05058000000000e+00	4.47504228560725e+02	0.00000000000000e+00	1
30	23	44	51	3.00000000000000e-02	0.00000000000000e+00	0.00000000000000e+00	0.00000000000000e+00	1.98989649628559e+03	2.39692000000000e-01	4.76962270987687e+02	0.00000000000000e+00	1
30	23	51	58	3.00000000000000e-02	0.00000000000000e+00	0.00000000000000e+00	0.00000000000000e+00	6.58217637828028e+03	4.34775500000000e-02	2.86176902595500e+02	0.00000000000000e+00	1
30	23	58	65	3.00000000000000e-02	0.00000000000000e+00	0.00000000000000e+00	0.00000000000000e+00	9.97289615837799e+03	2.18412500000000e-02	2.17820518219173e+02	0.00000000000000e+00	1
31	30	32	33	1.99283250000000e-01	0.00000000000000e+00	0.00000000000000e+00	0.00000000000000e+00	6.13338018392021e+01	7.15098000000000e+00	4.38596790276097e+02	0.00000000000000e+00	1
31	30	33	34	3.47912400000000e-02	0.00000000000000e+00	0.00000000000000e+00	0.00000000000000e+00	2.45505475094040e+02	1.14795000000000e+00	2.81828010134203e+02	0.00000000000000e+00	1
31	30	35	36	3.00000000000000e-02	0.00000000000000e+00	0.00000000000000e+00	0.00000000000000e+00	1.22577728093800e+03	2.57974500000000e-01	3.16219281161340e+02	0.00000000000000e+00	1
31	30	36	37	3.00000000000000e-02	0.00000000000000e+00	0.00000000000000e+00	0.00000000000000e+00	2.12965580586026e+03	2.86029000000000e-01	6.09143320494403e+02	0.00000000000000e+00	1
31	30	37	38	3.00000000000000e-02	0.00000000000000e+00	0.00000000000000e+00	0.00000000000000e+00	3.38463028264912e+03	9.19138000000000e-02	3.11094230873355e+02	0.00000000000000e+00	1
31	30	38	39	3.00000000000000e-02	0.00000000000000e+00	0.00000000000000e+00	0.00000000000000e+00	5.06352290503093e+03	7.22425500000000e-02	3.65801806642842e+02	0.00000000000000e+00	1
31	29	33	35	5.84908600000000e-02	0.00000000000000e+00	0.00000000000000e+00	0.00000000000000e+00	1.22728435806530e+02	2.03194500000000e+00	2.49377431494900e+02	0.00000000000000e+00	1
31	29	35	37	3.00000000000000e-02	0.00000000000000e+00	0.00000000000000e+00	0.00000000000000e+00	4.89161727981659e+02	7.77353500000000e-01	3.80251581312591e+02	0.00000000000000e+00	1
31	29	37	39	3.00000000000000e-02	0.00000000000000e+00	0.00000000000000e+00	0.00000000000000e+00	1.20731296371459e+03	2.90066000000000e-01	3.50200442132837e+02	0.00000000000000e+00	1
31	29	39	41	3.00000000000000e-02	0.00000000000000e+00	0.00000000000000e+00	0.00000000000000e+00	2.44580935271720e+03	1.70327000000000e-01	4.16587369620263e+02	0.00000000000000e+00	1
31	29	41	43	3.00000000000000e-02	0.00000000000000e+00	0.00000000000000e+00	0.00000000000000e+00	4.36934581095617e+03	1.00837550000000e-01	4.40594126679583e+02	0.00000000000000e+00	1
31	29	43	45	3.00000000000000e-02	0.00000000000000e+00	0.00000000000000e+00	0.00000000000000e+00	7.21644215489277e+03	6.55149500000000e-02	4.72784846955692e+02	0.00000000000000e+00	1
31	29	45	47	3.00000000000000e-02	0.00000000000000e+00	0.00000000000000e+00	0.00000000000000e+00	1.09168152906728e+04	4.19991500000000e-02	4.58496962915261e+02	0.00000000000000e+00	1
31	28	34	37	4.30093200000000e-02	0.00000000000000e+00	0.00000000000000e+00	0.00000000000000e+00	1.83654671119814e+02	1.44268000000000e+00	2.64954920931133e+02	0.00000000000000e+00	1
31	28	37	40	3.00000000000000e-02	0.00000000000000e+00	0.00000000000000e+00	0.00000000000000e+00	7.24560904428908e+02	5.15316000000000e-01	3.73377827026687e+02	0.00000000000000e+00	1
31	28	40	43	3.00000000000000e-02	0.00000000000000e+00	0.00000000000000e+00	0.00000000000000e+00	1.86308024980532e+03	2.47722000000000e-01	4.61525965642274e+02	0.00000000000000e+00	1
31	28	43	46	3.00000000000000e-02	0.00000000000000e+00	0.00000000000000e+00	0.00000000000000e+00	3.86287999794081e+03	1.00078650000000e-01	3.86591815305919e+02	0.00000000000000e+00	1
31	28	46	49	3.00000000000000e-02	0.00000000000000e+00	0.00000000000000e+00	0.00000000000000e+00	6.86549988331768e+03	6.24553500000000e-02	4.28787198137565e+02	0.00000000000000e+00	1
31	27	35	39	4.39826800000000e-02	0.00000000000000e+00	0.00000000000000e+00	0.00000000000000e+00	2.43511325611600e+02	1.46892000000000e+00	3.57698656417391e+02	0.00000000000000e+00	1
31	27	39	43	3.00000000000000e-02	0.00000000000000e+00	0.00000000000000e+00	0.00000000000000e+00	9.83633823859280e+02	4.46039000000000e-01	4.38739047160369e+02	0.00000000000000e+00	1
31	27	43	47	3.00000000000000e-02	0.00000000000000e+00	0.00000000000000e+00	0.00000000000000e+00	2.58083419336139e+03	1.75919000000000e-01	4.54017770461943e+02	0.00000000000000e+00	1
31	27	47	51	3.00000000000000e-02	0.00000000000000e+00	0.00000000000000e+00	0.00000000000000e+00	6.46370828301391e+03	6.64913500000000e-02	4.29780689743777e+02	0.00000000000000e+00	1
31	26	36	41	4.16290700000000e-02	0.00000000000000e+00	0.00000000000000e+00	0.00000000000000e+00	3.03255316949388e+02	1.39157000000000e+00	4.22001001407259e+02	0.00000000000000e+00	1
31	26	41	46	3.00000000000000e-02	0.00000000000000e+00	0.00000000000000e+00	0.00000000000000e+00	1.26355286205908e+03	3.65421500000000e-01	4.61729382182922e+02	0.00000000000000e+00	1
31	26	46	51	3.00000000000000e-02	0.00000000000000e+00	0.00000000000000e+00	0.00000000000000e+00	3.80409892647929e+03	1.34534000000000e-01	5.11780644974964e+02	0.00000000000000e+00	1
31	26	51	56	3.00000000000000e-02	0.00000000000000e+00	0.00000000000000e+00	0.00000000000000e+00	9.55288010240117e+03	2.25974500000000e-02	2.15870730470005e+02	0.00000000000000e+00	1
31	26	66	71	3.00000000000000e-02	0.00000000000000e+00	0.00000000000000e+00	0.00000000000000e+00	2.26025641920986e+04	1.42098500000000e-02	3.21179046785093e+02	0.00000000000000e+00	1
31	25	37	43	3.45157500000000e-02	0.00000000000000e+00	0.00000000000000e+00	0.00000000000000e+00	3.64761112050161e+02	1.13799500000000e+00	4.15096321707523e+02	0.00000000000000e+00	1
31	25	43	49	3.00000000000000e-02	0.00000000000000e+00	0.00000000000000e+00	0.00000000000000e+00	1.55120678558755e+03	3.02986500000000e-01	4.69994714741422e+02	0.00000000000000e+00	1
31	25	49	55	3.00000000000000e-02	0.00000000000000e+00	0.00000000000000e+00	0.00000000000000e+00	6.36269454042898e+03	5.04828500000000e-02	3.21206954080295e+02	0.00000000000000e+00	1
31	25	55	61	3.00000000000000e-02	0.00000000000000e+00	0.00000000000000e+00	0.00000000000000e+00	9.50968385615827e+03	2.33572000000000e-02	2.22119587765060e+02	0.00000000000000e+00	1
31	25	67	73	3.00000000000000e-02	0.00000000000000e+00	0.00000000000000e+00	0.00000000000000e+00	1.75727012754796e+04	1.09920200000000e-02	1.93159483874097e+02	0.00000000000000e+00	1
31	24	38	45	3.23630800000000e-02	0.00000000000000e+00	0.00000000000000e+00	0.00000000000000e+00	4.29755756765011e+02	1.05654000000000e+00	4.54054147252505e+02	0.00000000000000e+00	1
31	24	45	52	3.00000000000000e-02	0.00000000000000e+00	0.00000000000000e+00	0.00000000000000e+00	2.10280230020126e+03	2.06108500000000e-01	4.33405427891032e+02	0.00000000000000e+00	1
31	24	52	59	3.00000000000000e-02	0.00000000000000e+00	0.00000000000000e+00	0.00000000000000e+00	6.19314547830650e+03	4.24442000000000e-02	2.62863105310337e+02	0.00000000000000e+00	1
31	24	59	66	3.00000000000000e-02	0.00000000000000e+00	0.00000000000000e+00	0.00000000000000e+00	9.39284157986217e+03	2.62841500000000e-02	2.46882857011334e+02	0.00000000000000e+00	1
32	31	33	34	1.64998640000000e-01	0.00000000000000e+00	0.00000000000000e+00	0.00000000000000e+00	6.13641878860299e+01	5.90247500000000e+00	3.62200584892594e+02	0.00000000000000e+00	1
32	31	34	35	3.13987100000000e-02	0.00000000000000e+00	0.00000000000000e+00	0.00000000000000e+00	2.45019826946335e+02	1.01586350000000e+00	2.48906698971098e+02	0.00000000000000e+00	1
32	31	35	36	3.00000000000000e-02	0.00000000000000e+00	0.00000000000000e+00	0.00000000000000e+00	6.12767442641622e+02	4.06272500000000e-01	2.48950560840618e+02	0.00000000000000e+00	1
32	31	36	37	3.00000000000000e-02	0.00000000000000e+00	0.00000000000000e+00	0.00000000000000e+00	1.21725452555003e+03	2.72694000000000e-01	3.31938005590341e+02	0.00000000000000e+00	1
32	31	37	38	3.00000000000000e-02	0.00000000000000e+00	0.00000000000000e+00	0.00000000000000e+00	2.11805652218754e+03	1.59900500000000e-01	3.38678296926049e+02	0.00000000000000e+00	1
32	31	38	39	3.00000000000000e-02	0.00000000000000e+00	0.00000000000000e+00	0.00000000000000e+00	3.38391575017850e+03	1.06059000000000e-01	3.58894720548181e+02	0.00000000000000e+00	1
32	31	39	40	3.00000000000000e-02	0.00000000000000e+00	0.00000000000000e+00	0.00000000000000e+00	5.11347838597309e+03	7.97388000000000e-02	4.07742630323431e+02	0.00000000000000e+00	1
32	30	34	36	5.46820900000000e-02	0.00000000000000e+00	0.00000000000000e+00	0.00000000000000e+00	1.22534119790022e+02	1.88578500000000e+00	2.31073005088227e+02	0.00000000000000e+00	1
32	30	36	38	3.00000000000000e-02	0.00000000000000e+00	0.00000000000000e+00	0.00000000000000e+00	4.85751807644650e+02	8.01709500000000e-01	3.89431838830889e+02	0.00000000000000e+00	1
32	30	38	40	3.00000000000000e-02	0.00000000000000e+00	0.00000000000000e+00	0.00000000000000e+00	1.21074283066190e+03	3.14586500000000e-01	3.80883349498020e+02	0.00000000000000e+00	1
32	30	40	42	3.00000000000000e-02	0.00000000000000e+00	0.00000000000000e+00	0.00000000000000e+00	2.48386387443955e+03	1.77801000000000e-01	4.41633480739226e+02	0.00000000000000e+00	1
32	30	42	44	3.00000000000000e-02	0.00000000000000e+00	0.00000000000000e+00	0.00000000000000e+00	4.45341016769749e+03	9.12640500000000e-02	4.06436248215252e+02	0.00000000000000e+00	1
32	30	44	46	3.00000000000000e-02	0.00000000000000e+00	0.00000000000000e+00	0.00000000000000e+00	7.28366713025838e+03	5.86292000000000e-02	4.27035576913345e+02	0.00000000000000e+00	1
32	30	46	48	3.00000000000000e-02	0.00000000000000e+00	0.00000000000000e+00	0.00000000000000e+00	1.09838305676634e+04	4.85003500000000e-02	5.32719626872373e+02	0.00000000000000e+00	1
32	29	35	38	5.16730100000000e-02	0.00000000000000e+00	0.00000000000000e+00	0.00000000000000e+00	1.83072099261902e+02	1.75606500000000e+00	3.21486505990351e+02	0.00000000000000e+00	1
32	29	38	41	3.00000000000000e-02	0.00000000000000e+00	0.00000000000000e+00	0.00000000000000e+00	7.30034249949446e+02	5.41848500000000e-01	3.95567963283732e+02	0.00000000000000e+00	1
32	29	41	44	3.00000000000000e-02	0.00000000000000e+00	0.00000000000000e+00	0.00000000000000e+00	1.88707461949269e+03	2.46934000000000e-01	4.65982884089807e+02	0.00000000000000e+00	1
32	29	44	47	3.00000000000000e-02	0.00000000000000e+00	0.00000000000000e+00	0.00000000000000e+00	3.90844535281549e+03	1.16124000000000e-01	4.53864308150346e+02	0.00000000000000e+00	1
32	29	47	50	3.00000000000000e-02	0.00000000000000e+00	0.00000000000000e+00	0.00000000000000e+00	7.89864361229502e+03	5.14955000000000e-02	4.06744602136938e+02	0.00000000000000e+00	1
32	29	50	53	3.00000000000000e-02	0.00000000000000e+00	0.00000000000000e+00	0.00000000000000e+00	1.78464895718084e+04	1.83727000000000e-02	3.27888198955964e+02	0.00000000000000e+00	1
32	29	53	56	3.00000000000000e-02	0.00000000000000e+00	0.00000000000000e+00	0.00000000000000e+00	2.17850827906971e+04	1.22603500000000e-02	2.67092739792924e+02	0.00000000000000e+00	1
32	28	36	40	4.67473300000000e-02	0.00000000000000e+00	0.00000000000000e+00	0.00000000000000e+00	2.42512818035779e+02	1.58488000000000e+00	3.84353715048545e+02	0.00000000000000e+00	1
32	28	40	44	3.00000000000000e-02	0.00000000000000e+00	0.00000000000000e+00	0.00000000000000e+00	1.00008186242258e+03	4.36904500000000e-01	4.36940266060808e+02	0.00000000000000e+00	1
32	28	44	48	3.00000000000000e-02	0.00000000000000e+00	0.00000000000000e+00	0.00000000000000e+00	2.60340866337745e+03	1.80339500000000e-01	4.69497416649158e+02	0.00000000000000e+00	1
32	28	48	52	3.00000000000000e-02	0.00000000000000e+00	0.00000000000000e+00	0.00000000000000e+00	7.44758679690655e+03	5.46188000000000e-02	4.06778253742879e+02	0.00000000000000e+00	1
32	28	56	60	3.00000000000000e-02	0.00000000000000e+00	0.00000000000000e+00	0.00000000000000e+00	1.70469118109268e+04	1.93285000000000e-02	3.29491234937499e+02	0.00000000000000e+00	1
32	27	37	42	3.77793000000000e-02	0.00000000000000e+00	0.00000000000000e+00	0.00000000000000e+00	3.03730374200733e+02	1.25566500000000e+00	3.81383600320764e+02	0.00000000000000e+00	1
32	27	42	47	3.00000000000000e-02	0.00000000000000e+00	0.00000000000000e+00	0.00000000000000e+00	1.28314679165668e+03	3.42730000000000e-01	4.39772899904494e+02	0.00000000000000e+00	1
32	27	47	52	3.00000000000000e-02	0.00000000000000e+00	0.00000000000000e+00	0.00000000000000e+00	4.17821697147113e+03	1.01354000000000e-01	4.23479002926485e+02	0.00000000000000e+00	1
32	27	52	57	3.00000000000000e-02	0.00000000000000e+00	0.00000000000000e+00	0.00000000000000e+00	8.91468861910872e+03	2.81311000000000e-02	2.50779997013009e+02	0.00000000000000e+00	1
32	26	38	44	3.46991700000000e-02	0.00000000000000e+00	0.00000000000000e+00	0.00000000000000e+00	3.67893989039948e+02	1.14256500000000e+00	4.20342795587429e+02	0.00000000000000e+00	1
32	26	44	50	3.00000000000000e-02	0.00000000000000e+00	0.00000000000000e+00	0.00000000000000e+00	1.64396586357719e+03	2.79623500000000e-01	4.59691488653976e+02	0.00000000000000e+00	1
32	26	50	56	3.00000000000000e-02	0.00000000000000e+00	0.00000000000000e+00	0.00000000000000e+00	5.91329794570709e+03	4.69996000000000e-02	2.77922638129055e+02	0.00000000000000e+00	1
32	26	56	62	3.00000000000000e-02	0.00000000000000e+00	0.00000000000000e+00	0.00000000000000e+00	8.95885476528822e+03	2.89066000000000e-02	2.58970031158280e+02	0.00000000000000e+00	1
32	25	39	46	3.21066900000000e-02	0.00000000000000e+00	0.00000000000000e+00	0.00000000000000e+00	4.35335246858311e+02	1.05188500000000e+00	4.57922616141555e+02	0.00000000000000e+00	1
32	25	46	53	3.00000000000000e-02	0.00000000000000e+00	0.00000000000000e+00	0.00000000000000e+00	2.24163287735860e+03	1.84926500000000e-01	4.14537322294855e+02	0.00000000000000e+00	1
32	25	53	60	3.00000000000000e-02	0.00000000000000e+00	0.00000000000000e+00	0.00000000000000e+00	5.81709597433100e+03	3.88498500000000e-02	2.25993306038363e+02	0.00000000000000e+00	1
32	25	60	67	3.00000000000000e-02	0.00000000000000e+00	0.00000000000000e+00	0.00000000000000e+00	8.83896636047145e+03	2.28780500000000e-02	2.02218314343184e+02	0.00000000000000e+00	1
32	25	67	74	3.00000000000000e-02	0.00000000000000e+00	0.00000000000000e+00	0.00000000000000e+00	1.24789376982209e+04	9.83566000000000e-03	1.22738588360883e+02	0.00000000000000e+00	1
32	25	74	81	3.00000000000000e-02	0.00000000000000e+00	0.00000000000000e+00	0.00000000000000e+00	1.71471789979483e+04	7.67086000000000e-03	1.31533609488202e+02	0.00000000000000e+00	1
32	25	81	87	3.00000000000000e-02	0.00000000000000e+00	0.00000000000000e+00	0.00000000000000e+00	2.60163579234359e+04	4.31989000000000e-03	1.12387804429871e+02	0.00000000000000e+00	1
33	32	34	35	1.56089320000000e-01	0.00000000000000e+00	0.00000000000000e+00	0.00000000000000e+00	6.12006518966204e+01	5.57576500000000e+00	3.41240452822360e+02	0.00000000000000e+00	1
33	32	35	36	3.00000000000000e-02	0.00000000000000e+00	0.00000000000000e+00	0.00000000000000e+00	2.45019826946305e+02	8.95009500000000e-01	2.19295072805299e+02	0.00000000000000e+00	1
33	32	36	37	3.00000000000000e-02	0.00000000000000e+00	0.00000000000000e+00	0.00000000000000e+00	6.08841264286453e+02	3.33462500000000e-01	2.03025730092121e+02	0.00000000000000e+00	1
33	32	37	38	3.00000000000000e-02	0.00000000000000e+00	0.00000000000000e+00	0.00000000000000e+00	1.21245270725360e+03	2.52190000000000e-01	3.05768448242286e+02	0.00000000000000e+00	1
33	32	38	39	3.00000000000000e-02	0.00000000000000e+00	0.00000000000000e+00	0.00000000000000e+00	2.12191066230853e+03	2.00145000000000e-01	4.24689809507742e+02	0.00000000000000e+00	1
33	32	39	40	3.00000000000000e-02	0.00000000000000e+00	0.00000000000000e+00	0.00000000000000e+00	3.42454781575367e+03	1.24205000000000e-01	4.25345961455684e+02	0.00000000000000e+00	1
33	32	40	41	3.00000000000000e-02	0.00000000000000e+00	0.00000000000000e+00	0.00000000000000e+00	5.25139242322881e+03	7.49723000000000e-02	3.93708968172037e+02	0.00000000000000e+00	1
33	31	35	37	5.35575800000000e-02	0.00000000000000e+00	0.00000000000000e+00	0.00000000000000e+00	1.22290830653925e+02	1.85350500000000e+00	2.26666666071203e+02	0.00000000000000e+00	1
33	31	37	39	3.00000000000000e-02	0.00000000000000e+00	0.00000000000000e+00	0.00000000000000e+00	4.84567875581410e+02	7.06993500000000e-01	3.42586338344866e+02	0.00000000000000e+00	1
33	31	39	41	3.00000000000000e-02	0.00000000000000e+00	0.00000000000000e+00	0.00000000000000e+00	1.23153809680334e+03	3.32998000000000e-01	4.10099723159318e+02	0.00000000000000e+00	1
33	31	41	43	3.00000000000000e-02	0.00000000000000e+00	0.00000000000000e+00	0.00000000000000e+00	2.51649443185436e+03	1.95234000000000e-01	4.91305273908655e+02	0.00000000000000e+00	1
33	31	43	45	3.00000000000000e-02	0.00000000000000e+00	0.00000000000000e+00	0.00000000000000e+00	4.53956494909635e+03	1.07159500000000e-01	4.86457510162690e+02	0.00000000000000e+00	1
33	31	45	47	3.00000000000000e-02	0.00000000000000e+00	0.00000000000000e+00	0.00000000000000e+00	7.30305447012253e+03	5.49686000000000e-02	4.01438679946377e+02	0.00000000000000e+00	1
33	31	47	49	3.00000000000000e-02	0.00000000000000e+00	0.00000000000000e+00	0.00000000000000e+00	1.09850499811745e+04	3.72675000000000e-02	4.09385350173422e+02	0.00000000000000e+00	1
33	30	36	39	5.08967000000000e-02	0.00000000000000e+00	0.00000000000000e+00	0.00000000000000e+00	1.82143286622485e+02	1.73705500000000e+00	3.16392906744020e+02	0.00000000000000e+00	1
33	30	39	42	3.00000000000000e-02	0.00000000000000e+00	0.00000000000000e+00	0.00000000000000e+00	7.40082523136981e+02	5.67176500000000e-01	4.19757415184002e+02	0.00000000000000e+00	1
33	30	42	45	3.00000000000000e-02	0.00000000000000e+00	0.00000000000000e+00	0.00000000000000e+00	1.92648354401516e+03	2.37198000000000e-01	4.56958043673308e+02	0.00000000000000e+00	1
33	30	45	48	3.00000000000000e-02	0.00000000000000e+00	0.00000000000000e+00	0.00000000000000e+00	3.90921494164474e+03	1.06433000000000e-01	4.16069473884074e+02	0.00000000000000e+00	1
33	30	48	51	3.00000000000000e-02	0.00000000000000e+00	0.00000000000000e+00	0.00000000000000e+00	9.43814846046434e+03	4.01666000000000e-02	3.79098333952087e+02	0.00000000000000e+00	1
33	30	51	54	3.00000000000000e-02	0.00000000000000e+00	0.00000000000000e+00	0.00000000000000e+00	1.63801341879984e+04	1.60809000000000e-02	2.63407299863784e+02	0.00000000000000e+00	1
33	30	54	57	3.00000000000000e-02	0.00000000000000e+00	0.00000000000000e+00	0.00000000000000e+00	2.03982604334667e+04	1.11832500000000e-02	2.28118845992567e+02	0.00000000000000e+00	1
33	29	37	41	4.42814200000000e-02	0.00000000000000e+00	0.00000000000000e+00	0.00000000000000e+00	2.43141265641537e+02	1.49473500000000e+00	3.63431759698702e+02	0.00000000000000e+00	1
33	29	41	45	3.00000000000000e-02	0.00000000000000e+00	0.00000000000000e+00	0.00000000000000e+00	1.01512199933323e+03	4.66087500000000e-01	4.73135674864226e+02	0.00000000000000e+00	1
33	29	45	49	3.00000000000000e-02	0.00000000000000e+00	0.00000000000000e+00	0.00000000000000e+00	2.60881331941523e+03	1.63719000000000e-01	4.27112307841343e+02	0.00000000000000e+00	1
33	29	49	53	3.00000000000000e-02	0.00000000000000e+00	0.00000000000000e+00	0.00000000000000e+00	8.83590594398447e+03	3.78884500000000e-02	3.34778780563358e+02	0.00000000000000e+00	1
33	29	57	61	3.00000000000000e-02	0.00000000000000e+00	0.00000000000000e+00	0.00000000000000e+00	1.59721264807879e+04	1.30220000000000e-02	2.07989031032820e+02	0.00000000000000e+00	1
33	29	61	65	3.00000000000000e-02	0.00000000000000e+00	0.00000000000000e+00	0.00000000000000e+00	2.01881595770975e+04	1.02695000000000e-02	2.07322304777003e+02	0.00000000000000e+00	1
33	28	38	43	4.09759100000000e-02	0.00000000000000e+00	0.00000000000000e+00	0.00000000000000e+00	3.06516627283000e+02	1.37392500000000e+00	4.21130857139796e+02	0.00000000000000e+00	1
33	28	43	48	3.00000000000000e-02	0.00000000000000e+00	0.00000000000000e+00	0.00000000000000e+00	1.29676885728554e+03	3.39558000000000e-01	4.40328239642165e+02	0.00000000000000e+00	1
33	28	48	53	3.00000000000000e-02	0.00000000000000e+00	0.00000000000000e+00	0.00000000000000e+00	4.67560430563543e+03	8.08078000000000e-02	3.77825297608927e+02	0.00000000000000e+00	1
33	28	53	58	3.00000000000000e-02	0.00000000000000e+00	0.00000000000000e+00	0.00000000000000e+00	8.32417044703459e+03	3.00634000000000e-02	2.50252865817380e+02	0.00000000000000e+00	1
33	27	39	45	3.58016600000000e-02	0.00000000000000e+00	0.00000000000000e+00	0.00000000000000e+00	3.73441497450393e+02	1.18585500000000e+00	4.42847466959036e+02	0.00000000000000e+00	1
33	27	45	51	3.00000000000000e-02	0.00000000000000e+00	0.00000000000000e+00	0.00000000000000e+00	1.74203995846514e+03	2.40084500000000e-01	4.18236792408123e+02	0.00000000000000e+00	1
33	27	51	57	3.00000000000000e-02	0.00000000000000e+00	0.00000000000000e+00	0.00000000000000e+00	5.49954135716997e+03	4.87986500000000e-02	2.68370193849062e+02	0.00000000000000e+00	1
33	27	57	63	3.00000000000000e-02	0.00000000000000e+00	0.00000000000000e+00	0.00000000000000e+00	8.39566017555041e+03	2.49638500000000e-02	2.09588001273414e+02	0.00000000000000e+00	1
33	27	63	69	3.00000000000000e-02	0.00000000000000e+00	0.00000000000000e+00	0.00000000000000e+00	1.17026482195085e+04	1.04296900000000e-02	1.22054993108525e+02	0.00000000000000e+00	1
33	27	69	75	3.00000000000000e-02	0.00000000000000e+00	0.00000000000000e+00	0.00000000000000e+00	1.57220201044835e+04	9.48466000000000e-03	1.49118015204190e+02	0.00000000000000e+00	1
33	26	40	47	3.15827400000000e-02	0.00000000000000e+00	0.00000000000000e+00	0.00000000000000e+00	4.42269250871788e+02	1.03096000000000e+00	4.55961906878778e+02	0.00000000000000e+00	1
33	26	47	54	3.00000000000000e-02	0.00000000000000e+00	0.00000000000000e+00	0.00000000000000e+00	2.39380393154331e+03	1.61679000000000e-01	3.87027825847991e+02	0.00000000000000e+00	1
33	26	54	61	3.00000000000000e-02	0.00000000000000e+00	0.00000000000000e+00	0.00000000000000e+00	5.47253310749224e+03	4.10291000000000e-02	2.24533108120610e+02	0.00000000000000e+00	1
33	26	61	68	3.00000000000000e-02	0.00000000000000e+00	0.00000000000000e+00	0.00000000000000e+00	8.30486881162545e+03	2.50879500000000e-02	2.08352133502619e+02	0.00000000000000e+00	1
34	33	35	36	9.33304700000000e-02	0.00000000000000e+00	0.00000000000000e+00	0.00000000000000e+00	6.13641878860224e+01	3.29228000000000e+00	2.02028088493394e+02	0.00000000000000e+00	1
34	33	36	37	3.00000000000000e-02	0.00000000000000e+00	0.00000000000000e+00	0.00000000000000e+00	2.44136523447451e+02	9.19150000000000e-01	2.24398085526725e+02	0.00000000000000e+00	1
34	33	37	38	3.00000000000000e-02	0.00000000000000e+00	0.00000000000000e+00	0.00000000000000e+00	6.08877206348169e+02	4.24341000000000e-01	2.58371562618988e+02	0.00000000000000e+00	1
34	33	38	39	3.00000000000000e-02	0.00000000000000e+00	0.00000000000000e+00	0.00000000000000e+00	1.22016203056812e+03	2.09261500000000e-01	2.55332936759731e+02	0.00000000000000e+00	1
34	33	39	40	3.00000000000000e-02	0.00000000000000e+00	0.00000000000000e+00	0.00000000000000e+00	2.15703967105971e+03	1.41394000000000e-01	3.04992467249817e+02	0.00000000000000e+00	1
34	33	40	41	3.00000000000000e-02	0.00000000000000e+00	0.00000000000000e+00	0.00000000000000e+00	3.53065376159783e+03	9.22257500000000e-02	3.25617191153681e+02	0.00000000000000e+00	1
34	33	41	42	3.00000000000000e-02	0.00000000000000e+00	0.00000000000000e+00	0.00000000000000e+00	5.29666643395365e+03	7.90448500000000e-02	4.18674203771901e+02	0.00000000000000e+00	1
34	32	36	38	5.52049500000000e-02	0.00000000000000e+00	0.00000000000000e+00	0.00000000000000e+00	1.21866882245424e+02	1.90091000000000e+00	2.31657975129150e+02	0.00000000000000e+00	1
34	32	38	40	3.00000000000000e-02	0.00000000000000e+00	0.00000000000000e+00	0.00000000000000e+00	4.88652428040992e+02	6.74008000000000e-01	3.29355645719053e+02	0.00000000000000e+00	1
34	32	40	42	3.00000000000000e-02	0.00000000000000e+00	0.00000000000000e+00	0.00000000000000e+00	1.25676803891632e+03	3.08222500000000e-01	3.87364186874886e+02	0.00000000000000e+00	1
34	32	42	44	3.00000000000000e-02	0.00000000000000e+00	0.00000000000000e+00	0.00000000000000e+00	2.57233273777523e+03	1.51459500000000e-01	3.89604230297067e+02	0.00000000000000e+00	1
34	32	44	46	3.00000000000000e-02	0.00000000000000e+00	0.00000000000000e+00	0.00000000000000e+00	4.58764679591273e+03	1.07199500000000e-01	4.91793442698446e+02	0.00000000000000e+00	1
34	31	37	40	4.95227400000000e-02	0.00000000000000e+00	0.00000000000000e+00	0.00000000000000e+00	1.82588565285046e+02	1.68542000000000e+00	3.07738419702723e+02	0.00000000000000e+00	1
34	31	40	43	3.00000000000000e-02	0.00000000000000e+00	0.00000000000000e+00	0.00000000000000e+00	7.55550872017653e+02	5.34175000000000e-01	4.03596387060030e+02	0.00000000000000e+00	1
34	31	43	46	3.00000000000000e-02	0.00000000000000e+00	0.00000000000000e+00	0.00000000000000e+00	1.95156616027094e+03	2.14077500000000e-01	4.17786404675402e+02	0.00000000000000e+00	1
34	31	46	49	3.00000000000000e-02	0.00000000000000e+00	0.00000000000000e+00	0.00000000000000e+00	3.93631965597317e+03	8.20348000000000e-02	3.22915195713828e+02	0.00000000000000e+00	1
34	30	38	42	4.37479800000000e-02	0.00000000000000e+00	0.00000000000000e+00	0.00000000000000e+00	2.45659569309002e+02	1.47972000000000e+00	3.63507377897917e+02	0.00000000000000e+00	1
34	30	42	46	3.00000000000000e-02	0.00000000000000e+00	0.00000000000000e+00	0.00000000000000e+00	1.03245056666428e+03	3.98210500000000e-01	4.11132656376664e+02	0.00000000000000e+00	1
34	30	46	50	3.00000000000000e-02	0.00000000000000e+00	0.00000000000000e+00	0.00000000000000e+00	2.86874001951039e+03	1.25222500000000e-01	3.59230797093139e+02	0.00000000000000e+00	1
34	30	50	54	3.00000000000000e-02	0.00000000000000e+00	0.00000000000000e+00	0.00000000000000e+00	8.08386030552977e+03	3.54299500000000e-02	2.86410766431904e+02	0.00000000000000e+00	1
34	29	39	44	3.82363000000000e-02	0.00000000000000e+00	0.00000000000000e+00	0.00000000000000e+00	3.11682540898427e+02	1.27840000000000e+00	3.98454960284549e+02	0.00000000000000e+00	1
34	29	44	49	3.00000000000000e-02	0.00000000000000e+00	0.00000000000000e+00	0.00000000000000e+00	1.30817446532245e+03	3.15219000000000e-01	4.12361446784476e+02	0.00000000000000e+00	1
34	29	49	54	3.00000000000000e-02	0.00000000000000e+00	0.00000000000000e+00	0.00000000000000e+00	5.32140004434545e+03	5.40210000000000e-02	2.87467351795586e+02	0.00000000000000e+00	1
34	29	54	59	3.00000000000000e-02	0.00000000000000e+00	0.00000000000000e+00	0.00000000000000e+00	7.79654907063846e+03	2.91137500000000e-02	2.26986780505301e+02	0.00000000000000e+00	1
34	28	40	46	3.32383400000000e-02	0.00000000000000e+00	0.00000000000000e+00	0.00000000000000e+00	3.80001822957801e+02	1.09583500000000e+00	4.16419297660962e+02	0.00000000000000e+00	1
34	28	46	52	3.00000000000000e-02	0.00000000000000e+00	0.00000000000000e+00	0.00000000000000e+00	1.86719166294074e+03	2.01220500000000e-01	3.75717240012766e+02	0.00000000000000e+00	1
34	28	52	58	3.00000000000000e-02	0.00000000000000e+00	0.00000000000000e+00	0.00000000000000e+00	5.11112625093830e+03	4.71591500000000e-02	2.41036369536937e+02	0.00000000000000e+00	1
34	28	58	64	3.00000000000000e-02	0.00000000000000e+00	0.00000000000000e+00	0.00000000000000e+00	7.83602157857679e+03	2.43217000000000e-02	1.90585366027671e+02	0.00000000000000e+00	1
34	28	64	70	3.00000000000000e-02	0.00000000000000e+00	0.00000000000000e+00	0.00000000000000e+00	1.09871318348462e+04	1.47676500000000e-02	1.62254117440866e+02	0.00000000000000e+00	1
34	28	70	76	3.00000000000000e-02	0.00000000000000e+00	0.00000000000000e+00	0.00000000000000e+00	1.49718548092249e+04	8.05034000000000e-03	1.20528521644895e+02	0.00000000000000e+00	1
34	27	41	48	3.00000000000000e-02	0.00000000000000e+00	0.00000000000000e+00	0.00000000000000e+00	4.47597168379683e+02	9.70813000000000e-01	4.34533149826185e+02	0.00000000000000e+00	1
34	27	48	55	3.00000000000000e-02	0.00000000000000e+00	0.00000000000000e+00	0.00000000000000e+00	2.57801279116570e+03	1.29905000000000e-01	3.34896751636380e+02	0.00000000000000e+00	1
34	27	55	62	3.00000000000000e-02	0.00000000000000e+00	0.00000000000000e+00	0.00000000000000e+00	5.15113376217027e+03	3.63704500000000e-02	1.87349052940326e+02	0.00000000000000e+00	1
34	27	62	69	3.00000000000000e-02	0.00000000000000e+00	0.00000000000000e+00	0.00000000000000e+00	7.81346228588829e+03	2.08571500000000e-02	1.62966554916115e+02	0.00000000000000e+00	1
35	34	36	37	1.00252360000000e-01	0.00000000000000e+00	0.00000000000000e+00	0.00000000000000e+00	6.10888470348418e+01	3.54389500000000e+00	2.16492459562541e+02	0.00000000000000e+00	1
35	34	37	38	3.00000000000000e-02	0.00000000000000e+00	0.00000000000000e+00	0.00000000000000e+00	2.44560928255145e+02	8.29979500000000e-01	2.02980556952741e+02	0.00000000000000e+00	1
35	34	38	39	3.00000000000000e-02	0.00000000000000e+00	0.00000000000000e+00	0.00000000000000e+00	6.14146569361984e+02	3.54803500000000e-01	2.17901352322625e+02	0.00000000000000e+00	1
35	34	39	40	3.00000000000000e-02	0.00000000000000e+00	0.00000000000000e+00	0.00000000000000e+00	1.24276627979298e+03	2.53738000000000e-01	3.15337030302112e+02	0.00000000000000e+00	1
35	34	40	41	3.00000000000000e-02	0.00000000000000e+00	0.00000000000000e+00	0.00000000000000e+00	2.22557708072644e+03	1.58756000000000e-01	3.53323715027807e+02	0.00000000000000e+00	1
35	34	41	42	3.00000000000000e-02	0.00000000000000e+00	0.00000000000000e+00	0.00000000000000e+00	3.55837814000740e+03	1.07696000000000e-01	3.83223092166237e+02	0.00000000000000e+00	1
35	34	42	43	3.00000000000000e-02	0.00000000000000e+00	0.00000000000000e+00	0.00000000000000e+00	5.43467113090523e+03	5.14907500000000e-02	2.79835292533659e+02	0.00000000000000e+00	1
35	33	37	39	5.32636500000000e-02	0.00000000000000e+00	0.00000000000000e+00	0.00000000000000e+00	1.22261839623695e+02	1.82316500000000e+00	2.22903506837534e+02	0.00000000000000e+00	1
35	33	39	41	3.00000000000000e-02	0.00000000000000e+00	0.00000000000000e+00	0.00000000000000e+00	4.99797534013886e+02	6.46899000000000e-01	3.23318524956049e+02	0.00000000000000e+00	1
35	33	41	43	3.00000000000000e-02	0.00000000000000e+00	0.00000000000000e+00	0.00000000000000e+00	1.27626774181706e+03	2.67499000000000e-01	3.41400344668322e+02	0.00000000000000e+00	1
35	33	43	45	3.00000000000000e-02	0.00000000000000e+00	0.00000000000000e+00	0.00000000000000e+00	2.62322495518269e+03	1.23233000000000e-01	3.23267880902028e+02	0.00000000000000e+00	1
35	33	45	47	3.00000000000000e-02	0.00000000000000e+00	0.00000000000000e+00	0.00000000000000e+00	4.59385285675447e+03	7.22139000000000e-02	3.31740030812381e+02	0.00000000000000e+00	1
35	33	47	49	3.00000000000000e-02	0.00000000000000e+00	0.00000000000000e+00	0.00000000000000e+00	7.34011909013154e+03	4.72265500000000e-02	3.46648501216051e+02	0.00000000000000e+00	1
35	33	49	51	3.00000000000000e-02	0.00000000000000e+00	0.00000000000000e+00	0.00000000000000e+00	1.95802236733295e+04	1.40430500000000e-02	2.74966060055750e+02	0.00000000000000e+00	1
35	32	38	41	4.74025000000000e-02	0.00000000000000e+00	0.00000000000000e+00	0.00000000000000e+00	1.85104366671893e+02	1.61043000000000e+00	2.98097625219417e+02	0.00000000000000e+00	1
35	32	41	44	3.00000000000000e-02	0.00000000000000e+00	0.00000000000000e+00	0.00000000000000e+00	7.67150659038064e+02	4.89277500000000e-01	3.75349556577496e+02	0.00000000000000e+00	1
35	32	44	47	3.00000000000000e-02	0.00000000000000e+00	0.00000000000000e+00	0.00000000000000e+00	1.97332375116972e+03	1.76810500000000e-01	3.48904359106194e+02	0.00000000000000e+00	1
35	32	47	50	3.00000000000000e-02	0.00000000000000e+00	0.00000000000000e+00	0.00000000000000e+00	4.49007980381729e+03	7.96305500000000e-02	3.57547524321863e+02	0.00000000000000e+00	1
35	32	50	53	3.00000000000000e-02	0.00000000000000e+00	0.00000000000000e+00	0.00000000000000e+00	1.08018863121343e+04	3.33191500000000e-02	3.59909670316951e+02	0.00000000000000e+00	1
35	32	53	56	3.00000000000000e-02	0.00000000000000e+00	0.00000000000000e+00	0.00000000000000e+00	1.36952264451871e+04	1.39686000000000e-02	1.91303140122240e+02	0.00000000000000e+00	1
35	31	39	43	4.27970000000000e-02	0.00000000000000e+00	0.00000000000000e+00	0.00000000000000e+00	2.50393381933632e+02	1.44515000000000e+00	3.61855995901389e+02	0.00000000000000e+00	1
35	31	43	47	3.00000000000000e-02	0.00000000000000e+00	0.00000000000000e+00	0.00000000000000e+00	1.04590826845654e+03	3.55595000000000e-01	3.71919750721803e+02	0.00000000000000e+00	1
35	31	47	51	3.00000000000000e-02	0.00000000000000e+00	0.00000000000000e+00	0.00000000000000e+00	3.18735931566249e+03	1.07002500000000e-01	3.41055415174175e+02	0.00000000000000e+00	1
35	31	51	55	3.00000000000000e-02	0.00000000000000e+00	0.00000000000000e+00	0.00000000000000e+00	7.35282147178450e+03	3.41243000000000e-02	2.50909885749616e+02	0.00000000000000e+00	1
35	30	40	45	3.61948900000000e-02	0.00000000000000e+00	0.00000000000000e+00	0.00000000000000e+00	3.18203874787044e+02	1.20251000000000e+00	3.82643341470168e+02	0.00000000000000e+00	1
35	30	45	50	3.00000000000000e-02	0.00000000000000e+00	0.00000000000000e+00	0.00000000000000e+00	1.39130965389931e+03	2.66818000000000e-01	3.71226459234107e+02	0.00000000000000e+00	1
35	30	50	55	3.00000000000000e-02	0.00000000000000e+00	0.00000000000000e+00	0.00000000000000e+00	4.84488085439781e+03	5.20461500000000e-02	2.52157395680116e+02	0.00000000000000e+00	1
35	30	55	60	3.00000000000000e-02	0.00000000000000e+00	0.00000000000000e+00	0.00000000000000e+00	7.31016619247566e+03	2.82365500000000e-02	2.06413873202149e+02	0.00000000000000e+00	1
35	30	70	75	3.00000000000000e-02	0.00000000000000e+00	0.00000000000000e+00	0.00000000000000e+00	1.79870525766454e+04	6.33605000000000e-03	1.13966864478254e+02	0.00000000000000e+00	1
35	29	41	47	3.14146900000000e-02	0.00000000000000e+00	0.00000000000000e+00	0.00000000000000e+00	3.85198947240980e+02	1.02750000000000e+00	3.95791918290107e+02	0.00000000000000e+00	1
35	29	47	53	3.00000000000000e-02	0.00000000000000e+00	0.00000000000000e+00	0.00000000000000e+00	2.00832628590039e+03	1.73474000000000e-01	3.48392394120284e+02	0.00000000000000e+00	1
35	29	53	59	3.00000000000000e-02	0.00000000000000e+00	0.00000000000000e+00	0.00000000000000e+00	4.74761299705905e+03	4.47919000000000e-02	2.12654606602969e+02	0.00000000000000e+00	1
35	29	59	65	3.00000000000000e-02	0.00000000000000e+00	0.00000000000000e+00	0.00000000000000e+00	7.29127123141426e+03	2.26283500000000e-02	1.64989437369373e+02	0.00000000000000e+00	1
35	28	42	49	3.00000000000000e-02	0.00000000000000e+00	0.00000000000000e+00	0.00000000000000e+00	4.54059810590898e+02	8.41777500000000e-01	3.82217332209680e+02	0.00000000000000e+00	1
35	28	49	56	3.00000000000000e-02	0.00000000000000e+00	0.00000000000000e+00	0.00000000000000e+00	2.80541634449845e+03	9.64310000000000e-02	2.70529103516330e+02	0.00000000000000e+00	1
35	28	56	63	3.00000000000000e-02	0.00000000000000e+00	0.00000000000000e+00	0.00000000000000e+00	4.81271949350703e+03	3.91585000000000e-02	1.88458876286495e+02	0.00000000000000e+00	1
35	28	63	70	3.00000000000000e-02	0.00000000000000e+00	0.00000000000000e+00	0.00000000000000e+00	7.30693597005530e+03	2.21901500000000e-02	1.62142005215923e+02	0.00000000000000e+00	1
36	35	37	38	8.55676700000000e-02	0.00000000000000e+00	0.00000000000000e+00	0.00000000000000e+00	6.18277192802277e+01	3.00436500000000e+00	1.85753035835341e+02	0.00000000000000e+00	1
36	35	38	39	3.00000000000000e-02	0.00000000000000e+00	0.00000000000000e+00	0.00000000000000e+00	2.48984440314633e+02	7.78740500000000e-01	1.93894267542837e+02	0.00000000000000e+00	1
36	35	39	40	3.00000000000000e-02	0.00000000000000e+00	0.00000000000000e+00	0.00000000000000e+00	6.30462331999236e+02	3.74654000000000e-01	2.36205234532842e+02	0.00000000000000e+00	1
36	35	40	41	3.00000000000000e-02	0.00000000000000e+00	0.00000000000000e+00	0.00000000000000e+00	1.28967039396615e+03	1.92849500000000e-01	2.48712290641175e+02	0.00000000000000e+00	1
36	35	41	42	3.00000000000000e-02	0.00000000000000e+00	0.00000000000000e+00	0.00000000000000e+00	2.25098272751600e+03	1.51316000000000e-01	3.40609702396811e+02	0.00000000000000e+00	1
36	35	42	43	3.00000000000000e-02	0.00000000000000e+00	0.00000000000000e+00	0.00000000000000e+00	3.66217074621992e+03	7.40669500000000e-02	2.71245817551733e+02	0.00000000000000e+00	1
36	35	43	44	3.00000000000000e-02	0.00000000000000e+00	0.00000000000000e+00	0.00000000000000e+00	5.52965529877412e+03	4.97910500000000e-02	2.75327343464027e+02	0.00000000000000e+00	1
36	34	38	40	5.14525100000000e-02	0.00000000000000e+00	0.00000000000000e+00	0.00000000000000e+00	1.24449541802872e+02	1.75851500000000e+00	2.18846386003477e+02	0.00000000000000e+00	1
36	34	40	42	3.00000000000000e-02	0.00000000000000e+00	0.00000000000000e+00	0.00000000000000e+00	5.12822906156537e+02	6.11185000000000e-01	3.13429667899283e+02	0.00000000000000e+00	1
36	34	42	44	3.00000000000000e-02	0.00000000000000e+00	0.00000000000000e+00	0.00000000000000e+00	1.30613341378660e+03	2.11844500000000e-01	2.76697179976916e+02	0.00000000000000e+00	1
36	34	44	46	3.00000000000000e-02	0.00000000000000e+00	0.00000000000000e+00	0.00000000000000e+00	2.64668287868696e+03	1.15736500000000e-01	3.06317812989154e+02	0.00000000000000e+00	1
36	34	46	48	3.00000000000000e-02	0.00000000000000e+00	0.00000000000000e+00	0.00000000000000e+00	4.61188741062904e+03	6.27628500000000e-02	2.89455197770199e+02	0.00000000000000e+00	1
36	34	48	50	3.00000000000000e-02	0.00000000000000e+00	0.00000000000000e+00	0.00000000000000e+00	9.25368662316545e+03	3.51128500000000e-02	3.24923310346215e+02	0.00000000000000e+00	1
36	34	50	52	3.00000000000000e-02	0.00000000000000e+00	0.00000000000000e+00	0.00000000000000e+00	1.76249009734525e+04	1.43545000000000e-02	2.52996641023424e+02	0.00000000000000e+00	1
36	33	39	42	4.57584400000000e-02	0.00000000000000e+00	0.00000000000000e+00	0.00000000000000e+00	1.89522620784732e+02	1.55238500000000e+00	2.94212073666906e+02	0.00000000000000e+00	1
36	33	42	45	3.00000000000000e-02	0.00000000000000e+00	0.00000000000000e+00	0.00000000000000e+00	7.85224096271803e+02	3.69353000000000e-01	2.90024875630279e+02	0.00000000000000e+00	1
36	33	45	48	3.00000000000000e-02	0.00000000000000e+00	0.00000000000000e+00	0.00000000000000e+00	1.97039922569173e+03	1.58394500000000e-01	3.12100400153829e+02	0.00000000000000e+00	1
36	33	48	51	3.00000000000000e-02	0.00000000000000e+00	0.00000000000000e+00	0.00000000000000e+00	5.31826783924729e+03	5.59007500000000e-02	2.97295160914803e+02	0.00000000000000e+00	1
36	33	51	54	3.00000000000000e-02	0.00000000000000e+00	0.00000000000000e+00	0.00000000000000e+00	9.76801476216508e+03	3.01100500000000e-02	2.94115412889529e+02	0.00000000000000e+00	1
36	33	57	60	3.00000000000000e-02	0.00000000000000e+00	0.00000000000000e+00	0.00000000000000e+00	1.65983450232613e+04	9.46098000000000e-03	1.57036610298175e+02	0.00000000000000e+00	1
36	32	40	44	3.87904900000000e-02	0.00000000000000e+00	0.00000000000000e+00	0.00000000000000e+00	2.56406742358548e+02	1.30014000000000e+00	3.33364662010043e+02	0.00000000000000e+00	1
36	32	44	48	3.00000000000000e-02	0.00000000000000e+00	0.00000000000000e+00	0.00000000000000e+00	1.05411256965469e+03	3.20553000000000e-01	3.37898946540519e+02	0.00000000000000e+00	1
36	32	48	52	3.00000000000000e-02	0.00000000000000e+00	0.00000000000000e+00	0.00000000000000e+00	3.63392637716168e+03	7.99941000000000e-02	2.90692670007309e+02	0.00000000000000e+00	1
36	32	52	56	3.00000000000000e-02	0.00000000000000e+00	0.00000000000000e+00	0.00000000000000e+00	6.71200916692548e+03	3.71297000000000e-02	2.49214886765193e+02	0.00000000000000e+00	1
36	31	41	46	3.39446500000000e-02	0.00000000000000e+00	0.00000000000000e+00	0.00000000000000e+00	3.22891198320233e+02	1.12134500000000e+00	3.62072430780402e+02	0.00000000000000e+00	1
36	31	46	51	3.00000000000000e-02	0.00000000000000e+00	0.00000000000000e+00	0.00000000000000e+00	1.49892764224230e+03	2.11245500000000e-01	3.16641719249295e+02	0.00000000000000e+00	1
36	31	51	56	3.00000000000000e-02	0.00000000000000e+00	0.00000000000000e+00	0.00000000000000e+00	4.42630166303151e+03	5.19227000000000e-02	2.29825533359086e+02	0.00000000000000e+00	1
36	31	56	61	3.00000000000000e-02	0.00000000000000e+00	0.00000000000000e+00	0.00000000000000e+00	6.79807571229633e+03	2.26124500000000e-02	1.53721147140515e+02	0.00000000000000e+00	1
36	30	42	48	3.00000000000000e-02	0.00000000000000e+00	0.00000000000000e+00	0.00000000000000e+00	3.91248632820816e+02	8.82510000000000e-01	3.45280830950699e+02	0.00000000000000e+00	1
36	30	48	54	3.00000000000000e-02	0.00000000000000e+00	0.00000000000000e+00	0.00000000000000e+00	2.18622892655759e+03	1.38513000000000e-01	3.02821127304272e+02	0.00000000000000e+00	1
36	30	54	60	3.00000000000000e-02	0.00000000000000e+00	0.00000000000000e+00	0.00000000000000e+00	4.40705744651865e+03	4.32132000000000e-02	1.90443054847900e+02	0.00000000000000e+00	1
36	30	60	66	3.00000000000000e-02	0.00000000000000e+00	0.00000000000000e+00	0.00000000000000e+00	6.77636896188667e+03	2.34425500000000e-02	1.58855368207476e+02	0.00000000000000e+00	1
36	29	43	50	3.00000000000000e-02	0.00000000000000e+00	0.00000000000000e+00	0.00000000000000e+00	4.72748643174566e+02	7.62271500000000e-01	3.60362817355642e+02	0.00000000000000e+00	1
36	29	50	57	3.00000000000000e-02	0.00000000000000e+00	0.00000000000000e+00	0.00000000000000e+00	2.57294359346471e+03	9.51921000000000e-02	2.44923903843452e+02	0.00000000000000e+00	1
36	29	57	64	3.00000000000000e-02	0.00000000000000e+00	0.00000000000000e+00	0.00000000000000e+00	4.46810474372630e+03	3.82217000000000e-02	1.70778559083283e+02	0.00000000000000e+00	1
36	29	64	71	3.00000000000000e-02	0.00000000000000e+00	0.00000000000000e+00	0.00000000000000e+00	6.84712411266282e+03	1.95283000000000e-02	1.33712693809313e+02	0.00000000000000e+00	1
37	36	38	39	7.76100000000000e-02	0.00000000000000e+00	0.00000000000000e+00	0.00000000000000e+00	6.28315287080273e+01	2.71588000000000e+00	1.70642892187557e+02	0.00000000000000e+00	1
37	36	39	40	3.00000000000000e-02	0.00000000000000e+00	0.00000000000000e+00	0.00000000000000e+00	2.54415921787930e+02	8.25088000000000e-01	2.09915524076160e+02	0.00000000000000e+00	1
37	36	40	41	3.00000000000000e-02	0.00000000000000e+00	0.00000000000000e+00	0.00000000000000e+00	6.48815369862773e+02	3.63544000000000e-01	2.35872934821392e+02	0.00000000000000e+00	1
37	36	41	42	3.00000000000000e-02	0.00000000000000e+00	0.00000000000000e+00	0.00000000000000e+00	1.28991854695845e+03	2.53022500000000e-01	3.26378415547794e+02	0.00000000000000e+00	1
37	36	42	43	3.00000000000000e-02	0.00000000000000e+00	0.00000000000000e+00	0.00000000000000e+00	2.28954753280879e+03	1.26056000000000e-01	2.88611203795745e+02	0.00000000000000e+00	1
37	36	43	44	3.00000000000000e-02	0.00000000000000e+00	0.00000000000000e+00	0.00000000000000e+00	3.67732064585145e+03	6.71679000000000e-02	2.46997905408485e+02	0.00000000000000e+00	1
37	36	44	45	3.00000000000000e-02	0.00000000000000e+00	0.00000000000000e+00	0.00000000000000e+00	5.58352598614049e+03	6.55329500000000e-02	3.65904929273446e+02	0.00000000000000e+00	1
37	35	39	41	5.14278200000000e-02	0.00000000000000e+00	0.00000000000000e+00	0.00000000000000e+00	1.27658950344230e+02	1.75899500000000e+00	2.24551455360749e+02	0.00000000000000e+00	1
37	35	41	43	3.00000000000000e-02	0.00000000000000e+00	0.00000000000000e+00	0.00000000000000e+00	5.18316590318435e+02	5.99110500000000e-01	3.10528911583973e+02	0.00000000000000e+00	1
37	35	43	45	3.00000000000000e-02	0.00000000000000e+00	0.00000000000000e+00	0.00000000000000e+00	1.32174564787402e+03	2.23518500000000e-01	2.95434604594329e+02	0.00000000000000e+00	1
37	35	45	47	3.00000000000000e-02	0.00000000000000e+00	0.00000000000000e+00	0.00000000000000e+00	2.62494472107821e+03	1.14135500000000e-01	2.99599378212622e+02	0.00000000000000e+00	1
37	35	47	49	3.00000000000000e-02	0.00000000000000e+00	0.00000000000000e+00	0.00000000000000e+00	4.56114573385771e+03	7.39133500000000e-02	3.37129561027632e+02	0.00000000000000e+00	1
37	35	49	51	3.00000000000000e-02	0.00000000000000e+00	0.00000000000000e+00	0.00000000000000e+00	1.27851745954009e+04	1.97378000000000e-02	2.52351219129104e+02	0.00000000000000e+00	1
37	35	51	53	3.00000000000000e-02	0.00000000000000e+00	0.00000000000000e+00	0.00000000000000e+00	1.57197469127747e+04	1.46154500000000e-02	2.29751175016313e+02	0.00000000000000e+00	1
37	34	40	43	4.37957600000000e-02	0.00000000000000e+00	0.00000000000000e+00	0.00000000000000e+00	1.93785772790210e+02	1.47988000000000e+00	2.86779689436776e+02	0.00000000000000e+00	1
37	34	43	46	3.00000000000000e-02	0.00000000000000e+00	0.00000000000000e+00	0.00000000000000e+00	7.90346293671903e+02	3.79385500000000e-01	2.99845923797862e+02	0.00000000000000e+00	1
37	34	46	49	3.00000000000000e-02	0.00000000000000e+00	0.00000000000000e+00	0.00000000000000e+00	1.96682198762268e+03	1.66617000000000e-01	3.27705979111727e+02	0.00000000000000e+00	1
37	34	49	52	3.00000000000000e-02	0.00000000000000e+00	0.00000000000000e+00	0.00000000000000e+00	6.58953378188149e+03	3.89546000000000e-02	2.56692652659681e+02	0.00000000000000e+00	1
37	34	52	55	3.00000000000000e-02	0.00000000000000e+00	0.00000000000000e+00	0.00000000000000e+00	8.71167872942403e+03	2.93220500000000e-02	2.55444279288108e+02	0.00000000000000e+00	1
37	34	55	58	3.00000000000000e-02	0.00000000000000e+00	0.00000000000000e+00	0.00000000000000e+00	1.17264538431504e+04	1.52040500000000e-02	1.78289590553950e+02	0.00000000000000e+00	1
37	34	58	61	3.00000000000000e-02	0.00000000000000e+00	0.00000000000000e+00	0.00000000000000e+00	1.52073376761228e+04	1.09159000000000e-02	1.66001777338789e+02	0.00000000000000e+00	1
37	33	41	45	3.67242200000000e-02	0.00000000000000e+00	0.00000000000000e+00	0.00000000000000e+00	2.59696900707144e+02	1.22143000000000e+00	3.17201585430727e+02	0.00000000000000e+00	1
37	33	45	49	3.00000000000000e-02	0.00000000000000e+00	0.00000000000000e+00	0.00000000000000e+00	1.04808253118973e+03	2.98381000000000e-01	3.12727913738922e+02	0.00000000000000e+00	1
37	33	49	53	3.00000000000000e-02	0.00000000000000e+00	0.00000000000000e+00	0.00000000000000e+00	4.24521159771826e+03	5.98275500000000e-02	2.53980609123069e+02	0.00000000000000e+00	1
37	33	53	57	3.00000000000000e-02	0.00000000000000e+00	0.00000000000000e+00	0.00000000000000e+00	6.11558055962231e+03	3.08933000000000e-02	1.88930464902580e+02	0.00000000000000e+00	1
37	32	42	47	3.00000000000000e-02	0.00000000000000e+00	0.00000000000000e+00	0.00000000000000e+00	3.27376175125476e+02	9.61415000000000e-01	3.14744365408259e+02	0.00000000000000e+00	1
37	32	47	52	3.00000000000000e-02	0.00000000000000e+00	0.00000000000000e+00	0.00000000000000e+00	1.61854643502551e+03	1.92814000000000e-01	3.12078412323009e+02	0.00000000000000e+00	1
37	32	52	57	3.00000000000000e-02	0.00000000000000e+00	0.00000000000000e+00	0.00000000000000e+00	4.02931936524783e+03	5.36619000000000e-02	2.16220932845992e+02	0.00000000000000e+00	1
37	32	57	62	3.00000000000000e-02	0.00000000000000e+00	0.00000000000000e+00	0.00000000000000e+00	6.24939763841871e+03	2.68447000000000e-02	1.67763204784059e+02	0.00000000000000e+00	1
37	31	43	49	3.00000000000000e-02	0.00000000000000e+00	0.00000000000000e+00	0.00000000000000e+00	3.93676615573899e+02	8.54560500000000e-01	3.36420485443139e+02	0.00000000000000e+00	1
37	31	49	55	3.00000000000000e-02	0.00000000000000e+00	0.00000000000000e+00	0.00000000000000e+00	2.39382772204720e+03	1.08703000000000e-01	2.60216254869697e+02	0.00000000000000e+00	1
37	31	55	61	3.00000000000000e-02	0.00000000000000e+00	0.00000000000000e+00	0.00000000000000e+00	4.09184362681405e+03	4.28097500000000e-02	1.75170802703003e+02	0.00000000000000e+00	1
37	31	61	67	3.00000000000000e-02	0.00000000000000e+00	0.00000000000000e+00	0.00000000000000e+00	6.25510980871445e+03	2.37041500000000e-02	1.48272061172239e+02	0.00000000000000e+00	1
37	30	44	51	3.00000000000000e-02	0.00000000000000e+00	0.00000000000000e+00	0.00000000000000e+00	4.90688579070942e+02	7.11062000000000e-01	3.48910002411342e+02	0.00000000000000e+00	1
37	30	51	58	3.00000000000000e-02	0.00000000000000e+00	0.00000000000000e+00	0.00000000000000e+00	2.35003937282549e+03	9.55856000000000e-02	2.24629923475148e+02	0.00000000000000e+00	1
37	30	58	65	3.00000000000000e-02	0.00000000000000e+00	0.00000000000000e+00	0.00000000000000e+00	4.12637847359816e+03	4.04400500000000e-02	1.66870951791233e+02	0.00000000000000e+00	1
37	30	65	72	3.00000000000000e-02	0.00000000000000e+00	0.00000000000000e+00	0.00000000000000e+00	6.38679722332107e+03	2.09722000000000e-02	1.33945188726934e+02	0.00000000000000e+00	1
38	37	39	40	8.03768800000000e-02	0.00000000000000e+00	0.00000000000000e+00	0.00000000000000e+00	6.38999735524434e+01	2.81721000000000e+00	1.80019644491679e+02	0.00000000000000e+00	1
38	37	40	41	3.00000000000000e-02	0.00000000000000e+00	0.00000000000000e+00	0.00000000000000e+00	2.59460971876344e+02	7.45035500000000e-01	1.93307634912378e+02	0.00000000000000e+00	1
38	37	41	42	3.00000000000000e-02	0.00000000000000e+00	0.00000000000000e+00	0.00000000000000e+00	6.41890955188952e+02	4.27743000000000e-01	2.74564362845388e+02	0.00000000000000e+00	1
38	37	42	43	3.00000000000000e-02	0.00000000000000e+00	0.00000000000000e+00	0.00000000000000e+00	1.29820585967460e+03	1.79868500000000e-01	2.33506340670881e+02	0.00000000000000e+00	1
38	37	43	44	3.00000000000000e-02	0.00000000000000e+00	0.00000000000000e+00	0.00000000000000e+00	2.27362669524347e+03	9.63489000000000e-02	2.19061431097343e+02	0.00000000000000e+00	1
38	37	44	45	3.00000000000000e-02	0.00000000000000e+00	0.00000000000000e+00	0.00000000000000e+00	3.67058275395384e+03	8.47579000000000e-02	3.11110886001344e+02	0.00000000000000e+00	1
38	37	45	46	3.00000000000000e-02	0.00000000000000e+00	0.00000000000000e+00	0.00000000000000e+00	5.38954313656408e+03	4.31790000000000e-02	2.32715083093700e+02	0.00000000000000e+00	1
38	36	40	42	5.22537900000000e-02	0.00000000000000e+00	0.00000000000000e+00	0.00000000000000e+00	1.29390302307634e+02	1.78821500000000e+00	2.31377679441045e+02	0.00000000000000e+00	1
38	36	42	44	3.00000000000000e-02	0.00000000000000e+00	0.00000000000000e+00	0.00000000000000e+00	5.21152418833329e+02	4.66984500000000e-01	2.43370101732673e+02	0.00000000000000e+00	1
38	36	44	46	3.00000000000000e-02	0.00000000000000e+00	0.00000000000000e+00	0.00000000000000e+00	1.30731313606981e+03	2.27465000000000e-01	2.97367982496118e+02	0.00000000000000e+00	1
38	36	46	48	3.00000000000000e-02	0.00000000000000e+00	0.00000000000000e+00	0.00000000000000e+00	2.58451429790113e+03	1.15369000000000e-01	2.98172830034556e+02	0.00000000000000e+00	1
38	36	48	50	3.00000000000000e-02	0.00000000000000e+00	0.00000000000000e+00	0.00000000000000e+00	5.60470677466576e+03	5.54273000000000e-02	3.10653763811431e+02	0.00000000000000e+00	1
38	36	50	52	3.00000000000000e-02	0.00000000000000e+00	0.00000000000000e+00	0.00000000000000e+00	1.11605182566059e+04	2.14003000000000e-02	2.38838438846843e+02	0.00000000000000e+00	1
38	36	52	54	3.00000000000000e-02	0.00000000000000e+00	0.00000000000000e+00	0.00000000000000e+00	1.37673689106642e+04	1.63611500000000e-02	2.25249987852714e+02	0.00000000000000e+00	1
38	35	41	44	4.23792900000000e-02	0.00000000000000e+00	0.00000000000000e+00	0.00000000000000e+00	1.94170240389814e+02	1.42615000000000e+00	2.76915888331933e+02	0.00000000000000e+00	1
38	35	44	47	3.00000000000000e-02	0.00000000000000e+00	0.00000000000000e+00	0.00000000000000e+00	7.86226131660496e+02	3.82173000000000e-01	3.00474399415087e+02	0.00000000000000e+00	1
38	35	47	50	3.00000000000000e-02	0.00000000000000e+00	0.00000000000000e+00	0.00000000000000e+00	2.18714060200530e+03	1.41463000000000e-01	3.09399470981476e+02	0.00000000000000e+00	1
38	35	50	53	3.00000000000000e-02	0.00000000000000e+00	0.00000000000000e+00	0.00000000000000e+00	5.80244240758590e+03	4.31410500000000e-02	2.50323458027784e+02	0.00000000000000e+00	1
38	35	53	56	3.00000000000000e-02	0.00000000000000e+00	0.00000000000000e+00	0.00000000000000e+00	7.78120069387425e+03	2.86732500000000e-02	2.23112312795630e+02	0.00000000000000e+00	1
38	35	56	59	3.00000000000000e-02	0.00000000000000e+00	0.00000000000000e+00	0.00000000000000e+00	1.06632572719480e+04	1.63304500000000e-02	1.74135789716684e+02	0.00000000000000e+00	1
38	34	42	46	3.16715700000000e-02	0.00000000000000e+00	0.00000000000000e+00	0.00000000000000e+00	2.61287479888516e+02	1.03402000000000e+00	2.70176479954324e+02	0.00000000000000e+00	1
38	34	46	50	3.00000000000000e-02	0.00000000000000e+00	0.00000000000000e+00	0.00000000000000e+00	1.12329592044581e+03	2.77360500000000e-01	3.11557918142809e+02	0.00000000000000e+00	1
38	34	50	54	3.00000000000000e-02	0.00000000000000e+00	0.00000000000000e+00	0.00000000000000e+00	3.75429700479582e+03	6.27678500000000e-02	2.35649151252473e+02	0.00000000000000e+00	1
38	34	54	58	3.00000000000000e-02	0.00000000000000e+00	0.00000000000000e+00	0.00000000000000e+00	5.55480916212921e+03	3.49830500000000e-02	1.94324166659224e+02	0.00000000000000e+00	1
38	34	58	62	3.00000000000000e-02	0.00000000000000e+00	0.00000000000000e+00	0.00000000000000e+00	8.00254241758872e+03	2.17206500000000e-02	1.73820422962598e+02	0.00000000000000e+00	1
38	34	62	66	3.00000000000000e-02	0.00000000000000e+00	0.00000000000000e+00	0.00000000000000e+00	1.07165149745156e+04	1.39436500000000e-02	1.49427334024404e+02	0.00000000000000e+00	1
38	34	66	70	3.00000000000000e-02	0.00000000000000e+00	0.00000000000000e+00	0.00000000000000e+00	1.40412273388570e+04	1.05252400000000e-02	1.47787287636032e+02	0.00000000000000e+00	1
38	33	43	48	3.00000000000000e-02	0.00000000000000e+00	0.00000000000000e+00	0.00000000000000e+00	3.27024811725076e+02	8.93186500000000e-01	2.92094146997880e+02	0.00000000000000e+00	1
38	33	48	53	3.00000000000000e-02	0.00000000000000e+00	0.00000000000000e+00	0.00000000000000e+00	1.76974952299698e+03	1.61755500000000e-01	2.86266718967138e+02	0.00000000000000e+00	1
38	33	53	58	3.00000000000000e-02	0.00000000000000e+00	0.00000000000000e+00	0.00000000000000e+00	3.64807711373316e+03	5.05049000000000e-02	1.84245769821382e+02	0.00000000000000e+00	1
38	33	58	63	3.00000000000000e-02	0.00000000000000e+00	0.00000000000000e+00	0.00000000000000e+00	5.69836976412401e+03	2.97964000000000e-02	1.69790904839745e+02	0.00000000000000e+00	1
38	32	44	50	3.00000000000000e-02	0.00000000000000e+00	0.00000000000000e+00	0.00000000000000e+00	4.06737345232448e+02	7.86362000000000e-01	3.19842792271678e+02	0.00000000000000e+00	1
38	32	50	56	3.00000000000000e-02	0.00000000000000e+00	0.00000000000000e+00	0.00000000000000e+00	2.14384948757925e+03	1.09600500000000e-01	2.34966975763429e+02	0.00000000000000e+00	1
38	32	56	62	3.00000000000000e-02	0.00000000000000e+00	0.00000000000000e+00	0.00000000000000e+00	3.74392029224695e+03	4.20850000000000e-02	1.57562885499213e+02	0.00000000000000e+00	1
38	32	62	68	3.00000000000000e-02	0.00000000000000e+00	0.00000000000000e+00	0.00000000000000e+00	5.76565951574355e+03	2.38385000000000e-02	1.37444674366053e+02	0.00000000000000e+00	1
38	31	45	52	3.00000000000000e-02	0.00000000000000e+00	0.00000000000000e+00	0.00000000000000e+00	5.05064364307273e+02	6.20901500000000e-01	3.13595221394932e+02	0.00000000000000e+00	1
38	31	52	59	3.00000000000000e-02	0.00000000000000e+00	0.00000000000000e+00	0.00000000000000e+00	2.13385350790382e+03	1.06538500000000e-01	2.27337551951811e+02	0.00000000000000e+00	1
38	31	66	73	3.00000000000000e-02	0.00000000000000e+00	0.00000000000000e+00	0.00000000000000e+00	5.93206368978105e+03	2.03294500000000e-02	1.20595592178219e+02	0.00000000000000e+00	1
38	31	86	93	3.00000000000000e-02	0.00000000000000e+00	0.00000000000000e+00	0.00000000000000e+00	1.61017208736880e+04	4.84302000000000e-03	7.79809562256887e+01	0.00000000000000e+00	1
39	38	40	41	8.49825300000000e-02	0.00000000000000e+00	0.00000000000000e+00	0.00000000000000e+00	6.44257011043522e+01	2.98293000000000e+00	1.92177356595205e+02	0.00000000000000e+00	1
39	38	41	42	3.15324800000000e-02	0.00000000000000e+00	0.00000000000000e+00	0.00000000000000e+00	2.53739519585802e+02	1.03166000000000e+00	2.61772912775888e+02	0.00000000000000e+00	1
39	38	42	43	3.00000000000000e-02	0.00000000000000e+00	0.00000000000000e+00	0.00000000000000e+00	6.40131859939772e+02	3.00247000000000e-01	1.92197670551337e+02	0.00000000000000e+00	1
39	38	43	44	3.00000000000000e-02	0.00000000000000e+00	0.00000000000000e+00	0.00000000000000e+00	1.27802897541168e+03	1.21180500000000e-01	1.54872190254875e+02	0.00000000000000e+00	1
39	38	44	45	3.00000000000000e-02	0.00000000000000e+00	0.00000000000000e+00	0.00000000000000e+00	2.25034246863079e+03	1.80375000000000e-01	4.05905522779278e+02	0.00000000000000e+00	1
39	38	45	46	3.00000000000000e-02	0.00000000000000e+00	0.00000000000000e+00	0.00000000000000e+00	3.52077154934794e+03	6.61521000000000e-02	2.32906431609620e+02	0.00000000000000e+00	1
39	38	46	47	3.00000000000000e-02	0.00000000000000e+00	0.00000000000000e+00	0.00000000000000e+00	5.30220026770452e+03	4.77714500000000e-02	2.53293794978633e+02	0.00000000000000e+00	1
39	37	41	43	5.60881700000000e-02	0.00000000000000e+00	0.00000000000000e+00	0.00000000000000e+00	1.27690788334324e+02	1.92555000000000e+00	2.45874997477157e+02	0.00000000000000e+00	1
39	37	43	45	3.00000000000000e-02	0.00000000000000e+00	0.00000000000000e+00	0.00000000000000e+00	5.15704776951463e+02	4.88653500000000e-01	2.52000944224052e+02	0.00000000000000e+00	1
39	37	45	47	3.00000000000000e-02	0.00000000000000e+00	0.00000000000000e+00	0.00000000000000e+00	1.27010479628119e+03	1.97746500000000e-01	2.51158778097819e+02	0.00000000000000e+00	1
39	37	47	49	3.00000000000000e-02	0.00000000000000e+00	0.00000000000000e+00	0.00000000000000e+00	2.51018784393904e+03	1.19097000000000e-01	2.98955841649608e+02	0.00000000000000e+00	1
39	37	49	51	3.00000000000000e-02	0.00000000000000e+00	0.00000000000000e+00	0.00000000000000e+00	7.57410697760973e+03	2.94697000000000e-02	2.23206660398065e+02	0.00000000000000e+00	1
39	37	51	53	3.00000000000000e-02	0.00000000000000e+00	0.00000000000000e+00	0.00000000000000e+00	9.66718894951064e+03	2.43878500000000e-02	2.35761954022323e+02	0.00000000000000e+00	1
39	37	53	55	3.00000000000000e-02	0.00000000000000e+00	0.00000000000000e+00	0.00000000000000e+00	1.19140881145341e+04	1.98175000000000e-02	2.36107441209780e+02	0.00000000000000e+00	1
39	36	42	45	3.65476600000000e-02	0.00000000000000e+00	0.00000000000000e+00	0.00000000000000e+00	1.93822156464949e+02	1.21408000000000e+00	2.35315603720965e+02	0.00000000000000e+00	1
39	36	45	48	3.00000000000000e-02	0.00000000000000e+00	0.00000000000000e+00	0.00000000000000e+00	7.65134356155152e+02	3.52858500000000e-01	2.69984161211373e+02	0.00000000000000e+00	1
39	36	48	51	3.00000000000000e-02	0.00000000000000e+00	0.00000000000000e+00	0.00000000000000e+00	2.50846427267044e+03	1.17327500000000e-01	2.94311841951741e+02	0.00000000000000e+00	1
39	36	51	54	3.00000000000000e-02	0.00000000000000e+00	0.00000000000000e+00	0.00000000000000e+00	5.04966967676328e+03	4.54370000000000e-02	2.29441841103093e+02	0.00000000000000e+00	1
39	36	54	57	3.00000000000000e-02	0.00000000000000e+00	0.00000000000000e+00	0.00000000000000e+00	6.95084219284212e+03	2.52143000000000e-02	1.75260620302979e+02	0.00000000000000e+00	1
39	36	57	60	3.00000000000000e-02	0.00000000000000e+00	0.00000000000000e+00	0.00000000000000e+00	9.53283392245096e+03	1.93813500000000e-02	1.84759190742895e+02	0.00000000000000e+00	1
39	36	60	63	3.00000000000000e-02	0.00000000000000e+00	0.00000000000000e+00	0.00000000000000e+00	1.23351946510747e+04	1.56984500000000e-02	1.93643436470163e+02	0.00000000000000e+00	1
39	35	43	47	3.12699600000000e-02	0.00000000000000e+00	0.00000000000000e+00	0.00000000000000e+00	2.58801438942445e+02	1.02335000000000e+00	2.64844452541751e+02	0.00000000000000e+00	1
39	35	47	51	3.00000000000000e-02	0.00000000000000e+00	0.00000000000000e+00	0.00000000000000e+00	1.20792775817461e+03	2.44731000000000e-01	2.95617368185830e+02	0.00000000000000e+00	1
39	35	51	55	3.00000000000000e-02	0.00000000000000e+00	0.00000000000000e+00	0.00000000000000e+00	3.28481465755468e+03	6.76304000000000e-02	2.22153329216286e+02	0.00000000000000e+00	1
39	35	55	59	3.00000000000000e-02	0.00000000000000e+00	0.00000000000000e+00	0.00000000000000e+00	5.04150216357708e+03	3.75805000000000e-02	1.89462172058308e+02	0.00000000000000e+00	1
39	35	63	67	3.00000000000000e-02	0.00000000000000e+00	0.00000000000000e+00	0.00000000000000e+00	9.73306215821715e+03	1.56639000000000e-02	1.52457712340098e+02	0.00000000000000e+00	1
39	35	67	71	3.00000000000000e-02	0.00000000000000e+00	0.00000000000000e+00	0.00000000000000e+00	1.28950737438843e+04	1.06174600000000e-02	1.36912929672741e+02	0.00000000000000e+00	1
39	34	44	49	3.00000000000000e-02	0.00000000000000e+00	0.00000000000000e+00	0.00000000000000e+00	3.23024644929728e+02	9.60952000000000e-01	3.10411178594512e+02	0.00000000000000e+00	1
39	34	49	54	3.00000000000000e-02	0.00000000000000e+00	0.00000000000000e+00	0.00000000000000e+00	1.95822239778791e+03	1.25132000000000e-01	2.45036285079997e+02	0.00000000000000e+00	1
39	34	54	59	3.00000000000000e-02	0.00000000000000e+00	0.00000000000000e+00	0.00000000000000e+00	3.29254997649137e+03	5.84498000000000e-02	1.92448887615925e+02	0.00000000000000e+00	1
39	34	59	64	3.00000000000000e-02	0.00000000000000e+00	0.00000000000000e+00	0.00000000000000e+00	5.14440325858122e+03	3.47033000000000e-02	1.78527769603522e+02	0.00000000000000e+00	1
39	34	64	69	3.00000000000000e-02	0.00000000000000e+00	0.00000000000000e+00	0.00000000000000e+00	7.43565137097967e+03	1.67639000000000e-02	1.24650516017966e+02	0.00000000000000e+00	1
39	34	69	74	3.00000000000000e-02	0.00000000000000e+00	0.00000000000000e+00	0.00000000000000e+00	1.02506071666256e+04	1.31366000000000e-02	1.34658126105094e+02	0.00000000000000e+00	1
39	34	74	79	3.00000000000000e-02	0.00000000000000e+00	0.00000000000000e+00	0.00000000000000e+00	1.38941484129496e+04	8.82666000000000e-03	1.22638924030646e+02	0.00000000000000e+00	1
39	33	45	51	3.00000000000000e-02	0.00000000000000e+00	0.00000000000000e+00	0.00000000000000e+00	4.16466623882511e+02	6.86039500000000e-01	2.85712554415046e+02	0.00000000000000e+00	1
39	33	51	57	3.00000000000000e-02	0.00000000000000e+00	0.00000000000000e+00	0.00000000000000e+00	1.91108855538042e+03	1.12931500000000e-01	2.15822097191944e+02	0.00000000000000e+00	1
39	33	57	63	3.00000000000000e-02	0.00000000000000e+00	0.00000000000000e+00	0.00000000000000e+00	3.39317780896647e+03	5.03755500000000e-02	1.70933198374481e+02	0.00000000000000e+00	1
39	33	63	69	3.00000000000000e-02	0.00000000000000e+00	0.00000000000000e+00	0.00000000000000e+00	5.29151754791278e+03	2.76830500000000e-02	1.46485344854747e+02	0.00000000000000e+00	1
39	33	69	75	3.00000000000000e-02	0.00000000000000e+00	0.00000000000000e+00	0.00000000000000e+00	7.76233131667985e+03	2.16548500000000e-02	1.68092120313005e+02	0.00000000000000e+00	1
39	32	46	53	3.00000000000000e-02	0.00000000000000e+00	0.00000000000000e+00	0.00000000000000e+00	5.21720879476011e+02	5.61651000000000e-01	2.93025053678581e+02	0.00000000000000e+00	1
39	32	53	60	3.00000000000000e-02	0.00000000000000e+00	0.00000000000000e+00	0.00000000000000e+00	1.92480624557396e+03	1.00970950000000e-01	1.94349515181536e+02	0.00000000000000e+00	1
39	32	60	67	3.00000000000000e-02	0.00000000000000e+00	0.00000000000000e+00	0.00000000000000e+00	3.45257193357582e+03	4.29761000000000e-02	1.48378076674548e+02	0.00000000000000e+00	1
39	32	67	74	3.00000000000000e-02	0.00000000000000e+00	0.00000000000000e+00	0.00000000000000e+00	5.50324712301303e+03	2.24630500000000e-02	1.23619715286598e+02	0.00000000000000e+00	1
40	39	41	42	1.08261690000000e-01	0.00000000000000e+00	0.00000000000000e+00	0.00000000000000e+00	6.24893093811491e+01	3.83422000000000e+00	2.39597759815389e+02	0.00000000000000e+00	1
40	39	42	43	3.00000000000000e-02	0.00000000000000e+00	0.00000000000000e+00	0.00000000000000e+00	2.52734705590650e+02	7.43503000000000e-01	1.87909011810765e+02	0.00000000000000e+00	1
40	39	43	44	3.00000000000000e-02	0.00000000000000e+00	0.00000000000000e+00	0.00000000000000e+00	6.29924534310840e+02	3.00392500000000e-01	1.89224605672969e+02	0.00000000000000e+00	1
40	39	44	45	3.00000000000000e-02	0.00000000000000e+00	0.00000000000000e+00	0.00000000000000e+00	1.26516893703257e+03	1.11546500000000e-01	1.41125166834704e+02	0.00000000000000e+00	1
40	39	45	46	3.00000000000000e-02	0.00000000000000e+00	0.00000000000000e+00	0.00000000000000e+00	2.16405798593094e+03	1.03974500000000e-01	2.25006847058176e+02	0.00000000000000e+00	1
40	39	46	47	3.00000000000000e-02	0.00000000000000e+00	0.00000000000000e+00	0.00000000000000e+00	3.47353456638806e+03	5.76965000000000e-02	2.00410787109609e+02	0.00000000000000e+00	1
40	39	47	48	3.00000000000000e-02	0.00000000000000e+00	0.00000000000000e+00	0.00000000000000e+00	5.13330452470691e+03	4.54431500000000e-02	2.33273527511935e+02	0.00000000000000e+00	1
40	38	42	44	4.32502400000000e-02	0.00000000000000e+00	0.00000000000000e+00	0.00000000000000e+00	1.26761301916777e+02	1.45838000000000e+00	1.84866147489389e+02	0.00000000000000e+00	1
40	38	44	46	3.00000000000000e-02	0.00000000000000e+00	0.00000000000000e+00	0.00000000000000e+00	5.04818858611538e+02	4.61831500000000e-01	2.33141250700854e+02	0.00000000000000e+00	1
40	38	46	48	3.00000000000000e-02	0.00000000000000e+00	0.00000000000000e+00	0.00000000000000e+00	1.24174879904108e+03	1.86275000000000e-01	2.31306757541378e+02	0.00000000000000e+00	1
40	38	48	50	3.00000000000000e-02	0.00000000000000e+00	0.00000000000000e+00	0.00000000000000e+00	3.04041197901486e+03	8.89657500000000e-02	2.70492532022042e+02	0.00000000000000e+00	1
40	38	50	52	3.00000000000000e-02	0.00000000000000e+00	0.00000000000000e+00	0.00000000000000e+00	6.46520657546206e+03	3.33325500000000e-02	2.15501821436918e+02	0.00000000000000e+00	1
40	38	52	54	3.00000000000000e-02	0.00000000000000e+00	0.00000000000000e+00	0.00000000000000e+00	8.31819227041158e+03	2.53777500000000e-02	2.11097003890437e+02	0.00000000000000e+00	1
40	38	54	56	3.00000000000000e-02	0.00000000000000e+00	0.00000000000000e+00	0.00000000000000e+00	1.04946000536093e+04	1.72281000000000e-02	1.80802019183586e+02	0.00000000000000e+00	1
40	37	43	46	3.38933600000000e-02	0.00000000000000e+00	0.00000000000000e+00	0.00000000000000e+00	1.90524750209813e+02	1.11695500000000e+00	2.12807572370602e+02	0.00000000000000e+00	1
40	37	46	49	3.00000000000000e-02	0.00000000000000e+00	0.00000000000000e+00	0.00000000000000e+00	7.48854383217995e+02	3.39266500000000e-01	2.54061205604028e+02	0.00000000000000e+00	1
40	37	49	52	3.00000000000000e-02	0.00000000000000e+00	0.00000000000000e+00	0.00000000000000e+00	3.03116395995937e+03	7.78071000000000e-02	2.35846077348954e+02	0.00000000000000e+00	1
40	37	52	55	3.00000000000000e-02	0.00000000000000e+00	0.00000000000000e+00	0.00000000000000e+00	4.35947776900654e+03	4.86830000000000e-02	2.12232456228545e+02	0.00000000000000e+00	1
40	37	55	58	3.00000000000000e-02	0.00000000000000e+00	0.00000000000000e+00	0.00000000000000e+00	6.23656323088369e+03	2.65285000000000e-02	1.65446667670498e+02	0.00000000000000e+00	1
40	37	58	61	3.00000000000000e-02	0.00000000000000e+00	0.00000000000000e+00	0.00000000000000e+00	8.50108664028089e+03	1.97524500000000e-02	1.67917288807816e+02	0.00000000000000e+00	1
40	37	61	64	3.00000000000000e-02	0.00000000000000e+00	0.00000000000000e+00	0.00000000000000e+00	1.10171278845672e+04	1.71039500000000e-02	1.88436404481243e+02	0.00000000000000e+00	1
40	36	44	48	3.04438100000000e-02	0.00000000000000e+00	0.00000000000000e+00	0.00000000000000e+00	2.53931365831707e+02	9.96264500000000e-01	2.52982805214643e+02	0.00000000000000e+00	1
40	36	48	52	3.00000000000000e-02	0.00000000000000e+00	0.00000000000000e+00	0.00000000000000e+00	1.33049506037090e+03	1.98758000000000e-01	2.64446537209200e+02	0.00000000000000e+00	1
40	36	52	56	3.00000000000000e-02	0.00000000000000e+00	0.00000000000000e+00	0.00000000000000e+00	2.87489944453875e+03	7.21446500000000e-02	2.07408614211442e+02	0.00000000000000e+00	1
40	36	56	60	3.00000000000000e-02	0.00000000000000e+00	0.00000000000000e+00	0.00000000000000e+00	4.50531739573671e+03	3.93473500000000e-02	1.77272300431141e+02	0.00000000000000e+00	1
40	36	60	64	3.00000000000000e-02	0.00000000000000e+00	0.00000000000000e+00	0.00000000000000e+00	6.45849461584886e+03	2.58902500000000e-02	1.67212040227981e+02	0.00000000000000e+00	1
40	36	64	68	3.00000000000000e-02	0.00000000000000e+00	0.00000000000000e+00	0.00000000000000e+00	8.85828967234889e+03	1.63088500000000e-02	1.44468517522887e+02	0.00000000000000e+00	1
40	36	68	72	3.00000000000000e-02	0.00000000000000e+00	0.00000000000000e+00	0.00000000000000e+00	1.17875300127089e+04	1.06035500000000e-02	1.24989663866259e+02	0.00000000000000e+00	1
40	35	45	50	3.00000000000000e-02	0.00000000000000e+00	0.00000000000000e+00	0.00000000000000e+00	3.29681830309761e+02	7.79915000000000e-01	2.57123804686037e+02	0.00000000000000e+00	1
40	35	50	55	3.00000000000000e-02	0.00000000000000e+00	0.00000000000000e+00	0.00000000000000e+00	1.69900873576745e+03	1.29163500000000e-01	2.19449914842299e+02	0.00000000000000e+00	1
40	35	55	60	3.00000000000000e-02	0.00000000000000e+00	0.00000000000000e+00	0.00000000000000e+00	2.96707233865905e+03	5.98648000000000e-02	1.77623192139356e+02	0.00000000000000e+00	1
40	35	60	65	3.00000000000000e-02	0.00000000000000e+00	0.00000000000000e+00	0.00000000000000e+00	4.64170228678294e+03	3.51220000000000e-02	1.63025867716390e+02	0.00000000000000e+00	1
40	35	70	75	3.00000000000000e-02	0.00000000000000e+00	0.00000000000000e+00	0.00000000000000e+00	9.49148923207098e+03	1.12533200000000e-02	1.06810765605049e+02	0.00000000000000e+00	1
40	34	46	52	3.00000000000000e-02	0.00000000000000e+00	0.00000000000000e+00	0.00000000000000e+00	4.30020672190665e+02	6.20028500000000e-01	2.66625072347370e+02	0.00000000000000e+00	1
40	34	52	58	3.00000000000000e-02	0.00000000000000e+00	0.00000000000000e+00	0.00000000000000e+00	1.69550233756845e+03	1.20153000000000e-01	2.03719692365862e+02	0.00000000000000e+00	1
40	34	58	64	3.00000000000000e-02	0.00000000000000e+00	0.00000000000000e+00	0.00000000000000e+00	3.05550666581143e+03	5.51684000000000e-02	1.68567413942152e+02	0.00000000000000e+00	1
40	34	70	76	3.00000000000000e-02	0.00000000000000e+00	0.00000000000000e+00	0.00000000000000e+00	7.21706894912582e+03	1.87637500000000e-02	1.35419277494160e+02	0.00000000000000e+00	1
40	34	82	87	3.00000000000000e-02	0.00000000000000e+00	0.00000000000000e+00	0.00000000000000e+00	1.64499913360557e+04	5.11254000000000e-03	8.41012387052383e+01	0.00000000000000e+00	1
40	33	47	54	3.00000000000000e-02	0.00000000000000e+00	0.00000000000000e+00	0.00000000000000e+00	5.38167245841222e+02	5.06172000000000e-01	2.72405191161943e+02	0.00000000000000e+00	1
40	33	54	61	3.00000000000000e-02	0.00000000000000e+00	0.00000000000000e+00	0.00000000000000e+00	1.73364265881697e+03	1.04346000000000e-01	1.80898676876915e+02	0.00000000000000e+00	1
40	33	61	68	3.00000000000000e-02	0.00000000000000e+00	0.00000000000000e+00	0.00000000000000e+00	3.14174586389431e+03	4.60265500000000e-02	1.44603723091824e+02	0.00000000000000e+00	1
40	33	68	75	3.00000000000000e-02	0.00000000000000e+00	0.00000000000000e+00	0.00000000000000e+00	5.08071275527855e+03	2.54221500000000e-02	1.29162641771604e+02	0.00000000000000e+00	1
41	40	42	43	9.71904700000000e-02	0.00000000000000e+00	0.00000000000000e+00	0.00000000000000e+00	6.37857710692776e+01	3.42479000000000e+00	2.18452870900351e+02	0.00000000000000e+00	1
41	40	43	44	3.00000000000000e-02	0.00000000000000e+00	0.00000000000000e+00	0.00000000000000e+00	2.53181572695778e+02	6.28039500000000e-01	1.59008028325070e+02	0.00000000000000e+00	1
41	40	44	45	3.00000000000000e-02	0.00000000000000e+00	0.00000000000000e+00	0.00000000000000e+00	6.33820164453740e+02	2.04282000000000e-01	1.29478050834939e+02	0.00000000000000e+00	1
41	40	47	48	3.00000000000000e-02	0.00000000000000e+00	0.00000000000000e+00	0.00000000000000e+00	3.41999744986464e+03	5.60157500000000e-02	1.91573722152255e+02	0.00000000000000e+00	1
41	40	48	49	3.00000000000000e-02	0.00000000000000e+00	0.00000000000000e+00	0.00000000000000e+00	5.12267868291443e+03	4.42981000000000e-02	2.26924932563612e+02	0.00000000000000e+00	1
41	39	43	45	3.75183300000000e-02	0.00000000000000e+00	0.00000000000000e+00	0.00000000000000e+00	1.26496306638767e+02	1.24926500000000e+00	1.58027408513079e+02	0.00000000000000e+00	1
41	39	45	47	3.00000000000000e-02	0.00000000000000e+00	0.00000000000000e+00	0.00000000000000e+00	4.95240347175862e+02	3.53927000000000e-01	1.75278930354911e+02	0.00000000000000e+00	1
41	39	47	49	3.00000000000000e-02	0.00000000000000e+00	0.00000000000000e+00	0.00000000000000e+00	1.22107557480451e+03	1.80754000000000e-01	2.20714294448214e+02	0.00000000000000e+00	1
41	39	49	51	3.00000000000000e-02	0.00000000000000e+00	0.00000000000000e+00	0.00000000000000e+00	4.12428472673104e+03	4.81500500000000e-02	1.98584515806336e+02	0.00000000000000e+00	1
41	39	51	53	3.00000000000000e-02	0.00000000000000e+00	0.00000000000000e+00	0.00000000000000e+00	5.55453266589315e+03	4.01301000000000e-02	2.22903951335559e+02	0.00000000000000e+00	1
41	39	53	55	3.00000000000000e-02	0.00000000000000e+00	0.00000000000000e+00	0.00000000000000e+00	7.17381386709568e+03	2.13991500000000e-02	1.53513519014060e+02	0.00000000000000e+00	1
41	39	55	57	3.00000000000000e-02	0.00000000000000e+00	0.00000000000000e+00	0.00000000000000e+00	9.43965537182529e+03	1.60431500000000e-02	1.51441807078499e+02	0.00000000000000e+00	1
41	38	44	47	3.00000000000000e-02	0.00000000000000e+00	0.00000000000000e+00	0.00000000000000e+00	1.88523771258161e+02	9.62226000000000e-01	1.81402474322655e+02	0.00000000000000e+00	1
41	38	47	50	3.00000000000000e-02	0.00000000000000e+00	0.00000000000000e+00	0.00000000000000e+00	8.18873193800139e+02	2.95448500000000e-01	2.41934856798460e+02	0.00000000000000e+00	1
41	38	50	53	3.00000000000000e-02	0.00000000000000e+00	0.00000000000000e+00	0.00000000000000e+00	2.59321916468274e+03	7.69525500000000e-02	1.99554827431207e+02	0.00000000000000e+00	1
41	38	53	56	3.00000000000000e-02	0.00000000000000e+00	0.00000000000000e+00	0.00000000000000e+00	3.81143049730599e+03	4.53755500000000e-02	1.72945755102033e+02	0.00000000000000e+00	1
41	38	56	59	3.00000000000000e-02	0.00000000000000e+00	0.00000000000000e+00	0.00000000000000e+00	5.57073422287481e+03	2.97705500000000e-02	1.65843821718806e+02	0.00000000000000e+00	1
41	38	59	62	3.00000000000000e-02	0.00000000000000e+00	0.00000000000000e+00	0.00000000000000e+00	7.58530887877564e+03	2.06154500000000e-02	1.56374555924955e+02	0.00000000000000e+00	1
41	38	62	65	3.00000000000000e-02	0.00000000000000e+00	0.00000000000000e+00	0.00000000000000e+00	9.95359974310795e+03	1.51786000000000e-02	1.51081709060738e+02	0.00000000000000e+00	1
41	37	45	49	3.00000000000000e-02	0.00000000000000e+00	0.00000000000000e+00	0.00000000000000e+00	2.48516055714488e+02	8.50309500000000e-01	2.11315563076559e+02	0.00000000000000e+00	1
41	37	49	53	3.00000000000000e-02	0.00000000000000e+00	0.00000000000000e+00	0.00000000000000e+00	1.51982408321127e+03	1.40900500000000e-01	2.14143973236509e+02	0.00000000000000e+00	1
41	37	53	57	3.00000000000000e-02	0.00000000000000e+00	0.00000000000000e+00	0.00000000000000e+00	2.52932448328128e+03	7.05790000000000e-02	1.78517192705509e+02	0.00000000000000e+00	1
41	37	57	61	3.00000000000000e-02	0.00000000000000e+00	0.00000000000000e+00	0.00000000000000e+00	4.02438933532899e+03	3.99987500000000e-02	1.60970542926491e+02	0.00000000000000e+00	1
41	37	61	65	3.00000000000000e-02	0.00000000000000e+00	0.00000000000000e+00	0.00000000000000e+00	5.80943417922964e+03	2.73762000000000e-02	1.59040231977426e+02	0.00000000000000e+00	1
41	37	65	69	3.00000000000000e-02	0.00000000000000e+00	0.00000000000000e+00	0.00000000000000e+00	8.09028929010335e+03	1.81948000000000e-02	1.47201195575572e+02	0.00000000000000e+00	1
41	37	69	73	3.00000000000000e-02	0.00000000000000e+00	0.00000000000000e+00	0.00000000000000e+00	1.07956805435580e+04	1.14439000000000e-02	1.23544688572423e+02	0.00000000000000e+00	1
41	36	46	51	3.00000000000000e-02	0.00000000000000e+00	0.00000000000000e+00	0.00000000000000e+00	3.42671317320903e+02	7.04098000000000e-01	2.41274189183013e+02	0.00000000000000e+00	1
41	36	51	56	3.00000000000000e-02	0.00000000000000e+00	0.00000000000000e+00	0.00000000000000e+00	1.48049075219534e+03	1.32580500000000e-01	1.96284204171434e+02	0.00000000000000e+00	1
41	36	56	61	3.00000000000000e-02	0.00000000000000e+00	0.00000000000000e+00	0.00000000000000e+00	2.65749724592737e+03	6.26166000000000e-02	1.66403442049336e+02	0.00000000000000e+00	1
41	36	61	66	3.00000000000000e-02	0.00000000000000e+00	0.00000000000000e+00	0.00000000000000e+00	4.18511636900090e+03	3.73915000000000e-02	1.56487778711497e+02	0.00000000000000e+00	1
41	36	71	76	3.00000000000000e-02	0.00000000000000e+00	0.00000000000000e+00	0.00000000000000e+00	8.79931022062101e+03	1.20937000000000e-02	1.06416218015124e+02	0.00000000000000e+00	1
41	35	47	53	3.00000000000000e-02	0.00000000000000e+00	0.00000000000000e+00	0.00000000000000e+00	4.47153082405419e+02	5.53319500000000e-01	2.47418519980025e+02	0.00000000000000e+00	1
41	35	53	59	3.00000000000000e-02	0.00000000000000e+00	0.00000000000000e+00	0.00000000000000e+00	1.50563163510815e+03	1.17483000000000e-01	1.76886121387411e+02	0.00000000000000e+00	1
41	35	59	65	3.00000000000000e-02	0.00000000000000e+00	0.00000000000000e+00	0.00000000000000e+00	2.75162051373235e+03	5.48346500000000e-02	1.50884147803334e+02	0.00000000000000e+00	1
41	35	65	71	3.00000000000000e-02	0.00000000000000e+00	0.00000000000000e+00	0.00000000000000e+00	4.42365499396467e+03	2.95442000000000e-02	1.30693347872691e+02	0.00000000000000e+00	1
41	34	48	55	3.00000000000000e-02	0.00000000000000e+00	0.00000000000000e+00	0.00000000000000e+00	5.62494102672096e+02	4.21910000000000e-01	2.37321886858384e+02	0.00000000000000e+00	1
41	34	55	62	3.00000000000000e-02	0.00000000000000e+00	0.00000000000000e+00	0.00000000000000e+00	1.56411831295829e+03	1.08933500000000e-01	1.70384882244642e+02	0.00000000000000e+00	1
41	34	62	69	3.00000000000000e-02	0.00000000000000e+00	0.00000000000000e+00	0.00000000000000e+00	2.86809611144609e+03	5.09439500000000e-02	1.46112144896704e+02	0.00000000000000e+00	1
41	34	69	76	3.00000000000000e-02	0.00000000000000e+00	0.00000000000000e+00	0.00000000000000e+00	4.69871405497265e+03	2.52919000000000e-02	1.18839406006963e+02	0.00000000000000e+00	1
41	34	83	89	3.00000000000000e-02	0.00000000000000e+00	0.00000000000000e+00	0.00000000000000e+00	1.17921997639494e+04	6.45771000000000e-03	7.61506063376535e+01	0.00000000000000e+00	1
42	41	43	44	1.48769950000000e-01	0.00000000000000e+00	0.00000000000000e+00	0.00000000000000e+00	6.20548355555083e+01	5.31486500000000e+00	3.29813073574727e+02	0.00000000000000e+00	1
42	41	44	45	3.00000000000000e-02	0.00000000000000e+00	0.00000000000000e+00	0.00000000000000e+00	2.48117995045291e+02	8.42881500000000e-01	2.09134067840767e+02	0.00000000000000e+00	1
42	41	45	46	3.00000000000000e-02	0.00000000000000e+00	0.00000000000000e+00	0.00000000000000e+00	6.05423718388663e+02	2.65797500000000e-01	1.60920110788411e+02	0.00000000000000e+00	1
42	41	46	47	3.00000000000000e-02	0.00000000000000e+00	0.00000000000000e+00	0.00000000000000e+00	1.21422792787605e+03	1.49779000000000e-01	1.81865844809347e+02	0.00000000000000e+00	1
42	41	47	48	3.00000000000000e-02	0.00000000000000e+00	0.00000000000000e+00	0.00000000000000e+00	2.09471331417425e+03	8.75337500000000e-02	1.83358111564600e+02	0.00000000000000e+00	1
42	41	48	49	3.00000000000000e-02	0.00000000000000e+00	0.00000000000000e+00	0.00000000000000e+00	3.34732114111302e+03	6.26604500000000e-02	2.09744648996655e+02	0.00000000000000e+00	1
42	41	49	50	3.00000000000000e-02	0.00000000000000e+00	0.00000000000000e+00	0.00000000000000e+00	8.97629243927070e+03	2.12979000000000e-02	1.91176178742343e+02	0.00000000000000e+00	1
42	40	44	46	4.21237800000000e-02	0.00000000000000e+00	0.00000000000000e+00	0.00000000000000e+00	1.23941935063566e+02	1.40898500000000e+00	1.74632327375538e+02	0.00000000000000e+00	1
42	40	46	48	3.00000000000000e-02	0.00000000000000e+00	0.00000000000000e+00	0.00000000000000e+00	4.86828621642682e+02	4.03350000000000e-01	1.96362324539576e+02	0.00000000000000e+00	1
42	40	48	50	3.00000000000000e-02	0.00000000000000e+00	0.00000000000000e+00	0.00000000000000e+00	1.46796137821407e+03	1.43398500000000e-01	2.10503459693830e+02	0.00000000000000e+00	1
42	40	50	52	3.00000000000000e-02	0.00000000000000e+00	0.00000000000000e+00	0.00000000000000e+00	3.44647771473106e+03	4.80056000000000e-02	1.65450230582293e+02	0.00000000000000e+00	1
42	40	52	54	3.00000000000000e-02	0.00000000000000e+00	0.00000000000000e+00	0.00000000000000e+00	4.70864416615189e+03	3.82154000000000e-02	1.79942720267161e+02	0.00000000000000e+00	1
42	40	54	56	3.00000000000000e-02	0.00000000000000e+00	0.00000000000000e+00	0.00000000000000e+00	6.24421407037281e+03	2.40916000000000e-02	1.50433107697794e+02	0.00000000000000e+00	1
42	40	56	58	3.00000000000000e-02	0.00000000000000e+00	0.00000000000000e+00	0.00000000000000e+00	8.33362415193431e+03	1.93453000000000e-02	1.61216459306415e+02	0.00000000000000e+00	1
42	39	45	48	3.00000000000000e-02	0.00000000000000e+00	0.00000000000000e+00	0.00000000000000e+00	1.83179625878900e+02	9.65521500000000e-01	1.76863867148034e+02	0.00000000000000e+00	1
42	39	48	51	3.00000000000000e-02	0.00000000000000e+00	0.00000000000000e+00	0.00000000000000e+00	9.28437987869761e+02	2.28577500000000e-01	2.12220034172300e+02	0.00000000000000e+00	1
42	39	51	54	3.00000000000000e-02	0.00000000000000e+00	0.00000000000000e+00	0.00000000000000e+00	2.20052757488393e+03	7.88628500000000e-02	1.73539876058935e+02	0.00000000000000e+00	1
42	39	54	57	3.00000000000000e-02	0.00000000000000e+00	0.00000000000000e+00	0.00000000000000e+00	3.34109433015665e+03	4.73788000000000e-02	1.58297040049626e+02	0.00000000000000e+00	1
42	39	57	60	3.00000000000000e-02	0.00000000000000e+00	0.00000000000000e+00	0.00000000000000e+00	4.92292260150198e+03	3.35111000000000e-02	1.64972551591193e+02	0.00000000000000e+00	1
42	39	60	63	3.00000000000000e-02	0.00000000000000e+00	0.00000000000000e+00	0.00000000000000e+00	6.77067972679139e+03	2.08465500000000e-02	1.41145313458543e+02	0.00000000000000e+00	1
42	39	63	66	3.00000000000000e-02	0.00000000000000e+00	0.00000000000000e+00	0.00000000000000e+00	8.96857091733209e+03	1.47620500000000e-02	1.32394492310202e+02	0.00000000000000e+00	1
42	38	46	50	3.00000000000000e-02	0.00000000000000e+00	0.00000000000000e+00	0.00000000000000e+00	2.58428220919501e+02	8.13547000000000e-01	2.10243503844397e+02	0.00000000000000e+00	1
42	38	50	54	3.00000000000000e-02	0.00000000000000e+00	0.00000000000000e+00	0.00000000000000e+00	1.28630732669720e+03	1.44293000000000e-01	1.85605143091120e+02	0.00000000000000e+00	1
42	38	54	58	3.00000000000000e-02	0.00000000000000e+00	0.00000000000000e+00	0.00000000000000e+00	2.22382737346010e+03	7.40036000000000e-02	1.64571231414592e+02	0.00000000000000e+00	1
42	38	58	62	3.00000000000000e-02	0.00000000000000e+00	0.00000000000000e+00	0.00000000000000e+00	3.57083708222661e+03	4.33180000000000e-02	1.54681520727892e+02	0.00000000000000e+00	1
42	38	62	66	3.00000000000000e-02	0.00000000000000e+00	0.00000000000000e+00	0.00000000000000e+00	5.22796392345837e+03	3.06183500000000e-02	1.60071629195821e+02	0.00000000000000e+00	1
42	38	66	70	3.00000000000000e-02	0.00000000000000e+00	0.00000000000000e+00	0.00000000000000e+00	7.35074857799755e+03	1.78953000000000e-02	1.31543851027840e+02	0.00000000000000e+00	1
42	38	70	74	3.00000000000000e-02	0.00000000000000e+00	0.00000000000000e+00	0.00000000000000e+00	9.97939336510351e+03	1.16980000000000e-02	1.16738943584981e+02	0.00000000000000e+00	1
42	37	47	52	3.00000000000000e-02	0.00000000000000e+00	0.00000000000000e+00	0.00000000000000e+00	3.57043009579486e+02	6.08837000000000e-01	2.17380994823346e+02	0.00000000000000e+00	1
42	37	52	57	3.00000000000000e-02	0.00000000000000e+00	0.00000000000000e+00	0.00000000000000e+00	1.28450589794336e+03	1.39819500000000e-01	1.79598972397492e+02	0.00000000000000e+00	1
42	37	57	62	3.00000000000000e-02	0.00000000000000e+00	0.00000000000000e+00	0.00000000000000e+00	2.35833085882299e+03	6.92816000000000e-02	1.63388935228631e+02	0.00000000000000e+00	1
42	37	62	67	3.00000000000000e-02	0.00000000000000e+00	0.00000000000000e+00	0.00000000000000e+00	3.77110315388445e+03	3.89312000000000e-02	1.46813571104506e+02	0.00000000000000e+00	1
42	37	67	72	3.00000000000000e-02	0.00000000000000e+00	0.00000000000000e+00	0.00000000000000e+00	5.67060851392025e+03	2.14815000000000e-02	1.21813176791778e+02	0.00000000000000e+00	1
42	37	72	77	3.00000000000000e-02	0.00000000000000e+00	0.00000000000000e+00	0.00000000000000e+00	8.12697831074491e+03	1.44484000000000e-02	1.17421833424967e+02	0.00000000000000e+00	1
42	37	77	82	3.00000000000000e-02	0.00000000000000e+00	0.00000000000000e+00	0.00000000000000e+00	1.12076917197091e+04	1.01258000000000e-02	1.13486844815430e+02	0.00000000000000e+00	1
42	36	48	54	3.00000000000000e-02	0.00000000000000e+00	0.00000000000000e+00	0.00000000000000e+00	4.69881229238566e+02	4.73967500000000e-01	2.22708431519130e+02	0.00000000000000e+00	1
42	36	54	60	3.00000000000000e-02	0.00000000000000e+00	0.00000000000000e+00	0.00000000000000e+00	1.33119887333077e+03	1.24938000000000e-01	1.66317324836200e+02	0.00000000000000e+00	1
42	36	60	66	3.00000000000000e-02	0.00000000000000e+00	0.00000000000000e+00	0.00000000000000e+00	2.47072822640613e+03	6.21397000000000e-02	1.53530310770409e+02	0.00000000000000e+00	1
42	36	66	72	3.00000000000000e-02	0.00000000000000e+00	0.00000000000000e+00	0.00000000000000e+00	4.04208583419023e+03	3.18932000000000e-02	1.28915051926996e+02	0.00000000000000e+00	1
42	35	49	56	3.00000000000000e-02	0.00000000000000e+00	0.00000000000000e+00	0.00000000000000e+00	5.92784520510479e+02	3.36437000000000e-01	1.99434645726984e+02	0.00000000000000e+00	1
42	35	56	63	3.00000000000000e-02	0.00000000000000e+00	0.00000000000000e+00	0.00000000000000e+00	1.39648295359566e+03	1.14506000000000e-01	1.59905677084424e+02	0.00000000000000e+00	1
42	35	63	70	3.00000000000000e-02	0.00000000000000e+00	0.00000000000000e+00	0.00000000000000e+00	2.60238136102138e+03	5.26203000000000e-02	1.36938087931353e+02	0.00000000000000e+00	1
42	35	70	77	3.00000000000000e-02	0.00000000000000e+00	0.00000000000000e+00	0.00000000000000e+00	4.35018512310002e+03	2.59005500000000e-02	1.12672187290108e+02	0.00000000000000e+00	1
43	42	44	45	1.47371980000000e-01	0.00000000000000e+00	0.00000000000000e+00	0.00000000000000e+00	6.16857175738471e+01	5.26911500000000e+00	3.25029139754121e+02	0.00000000000000e+00	1
43	42	45	46	3.00000000000000e-02	0.00000000000000e+00	0.00000000000000e+00	0.00000000000000e+00	2.40763909737311e+02	7.06437000000000e-01	1.70084534103096e+02	0.00000000000000e+00	1
43	42	46	47	3.00000000000000e-02	0.00000000000000e+00	0.00000000000000e+00	0.00000000000000e+00	6.04561817473996e+02	3.09167500000000e-01	1.86910865703892e+02	0.00000000000000e+00	1
43	42	47	48	3.00000000000000e-02	0.00000000000000e+00	0.00000000000000e+00	0.00000000000000e+00	1.19303089480978e+03	1.20626500000000e-01	1.43911141232772e+02	0.00000000000000e+00	1
43	42	48	49	3.00000000000000e-02	0.00000000000000e+00	0.00000000000000e+00	0.00000000000000e+00	2.08666948614305e+03	6.68587000000000e-02	1.39512009173192e+02	0.00000000000000e+00	1
43	42	49	50	3.00000000000000e-02	0.00000000000000e+00	0.00000000000000e+00	0.00000000000000e+00	5.90153505845663e+03	2.47099000000000e-02	1.45826341140958e+02	0.00000000000000e+00	1
43	42	50	51	3.00000000000000e-02	0.00000000000000e+00	0.00000000000000e+00	0.00000000000000e+00	7.29387794283390e+03	1.82875500000000e-02	1.33387157573472e+02	0.00000000000000e+00	1
43	41	45	47	4.24369800000000e-02	0.00000000000000e+00	0.00000000000000e+00	0.00000000000000e+00	1.20731516887015e+02	1.42976500000000e+00	1.72617697241963e+02	0.00000000000000e+00	1
43	41	47	49	3.00000000000000e-02	0.00000000000000e+00	0.00000000000000e+00	0.00000000000000e+00	4.77652435038021e+02	3.42355500000000e-01	1.63526938223659e+02	0.00000000000000e+00	1
43	41	49	51	3.00000000000000e-02	0.00000000000000e+00	0.00000000000000e+00	0.00000000000000e+00	1.95821954251027e+03	7.92733000000000e-02	1.55234525259279e+02	0.00000000000000e+00	1
43	41	51	53	3.00000000000000e-02	0.00000000000000e+00	0.00000000000000e+00	0.00000000000000e+00	2.86478779028920e+03	5.24330500000000e-02	1.50209561447623e+02	0.00000000000000e+00	1
43	41	53	55	3.00000000000000e-02	0.00000000000000e+00	0.00000000000000e+00	0.00000000000000e+00	3.95915619757746e+03	3.01171500000000e-02	1.19238501075870e+02	0.00000000000000e+00	1
43	41	55	57	3.00000000000000e-02	0.00000000000000e+00	0.00000000000000e+00	0.00000000000000e+00	5.48849948154120e+03	2.48240500000000e-02	1.36246785554753e+02	0.00000000000000e+00	1
43	41	57	59	3.00000000000000e-02	0.00000000000000e+00	0.00000000000000e+00	0.00000000000000e+00	7.30584607734691e+03	1.74709500000000e-02	1.27640071525024e+02	0.00000000000000e+00	1
43	40	46	49	3.02035400000000e-02	0.00000000000000e+00	0.00000000000000e+00	0.00000000000000e+00	1.81172808680586e+02	9.98739500000000e-01	1.80944440355244e+02	0.00000000000000e+00	1
43	40	49	52	3.00000000000000e-02	0.00000000000000e+00	0.00000000000000e+00	0.00000000000000e+00	1.11594878704669e+03	1.38038500000000e-01	1.54043896640745e+02	0.00000000000000e+00	1
43	40	52	55	3.00000000000000e-02	0.00000000000000e+00	0.00000000000000e+00	0.00000000000000e+00	1.85796240474594e+03	8.11031500000000e-02	1.50686603606471e+02	0.00000000000000e+00	1
43	40	55	58	3.00000000000000e-02	0.00000000000000e+00	0.00000000000000e+00	0.00000000000000e+00	2.95020465445277e+03	4.55273000000000e-02	1.34314852364668e+02	0.00000000000000e+00	1
43	40	58	61	3.00000000000000e-02	0.00000000000000e+00	0.00000000000000e+00	0.00000000000000e+00	4.35750001873739e+03	2.79980500000000e-02	1.22001503399610e+02	0.00000000000000e+00	1
43	40	61	64	3.00000000000000e-02	0.00000000000000e+00	0.00000000000000e+00	0.00000000000000e+00	6.03544511794292e+03	2.34861000000000e-02	1.41749067584519e+02	0.00000000000000e+00	1
43	40	64	67	3.00000000000000e-02	0.00000000000000e+00	0.00000000000000e+00	0.00000000000000e+00	8.12181038066618e+03	1.49506000000000e-02	1.21425938277188e+02	0.00000000000000e+00	1
43	39	47	51	3.00000000000000e-02	0.00000000000000e+00	0.00000000000000e+00	0.00000000000000e+00	2.72802401460323e+02	6.51635000000000e-01	1.77767592875598e+02	0.00000000000000e+00	1
43	39	51	55	3.00000000000000e-02	0.00000000000000e+00	0.00000000000000e+00	0.00000000000000e+00	1.08568900168850e+03	1.43313500000000e-01	1.55593890743485e+02	0.00000000000000e+00	1
43	39	55	59	3.00000000000000e-02	0.00000000000000e+00	0.00000000000000e+00	0.00000000000000e+00	1.96801873493479e+03	7.00573500000000e-02	1.37874177319884e+02	0.00000000000000e+00	1
43	39	59	63	3.00000000000000e-02	0.00000000000000e+00	0.00000000000000e+00	0.00000000000000e+00	3.17229650176862e+03	4.15763500000000e-02	1.31892509661308e+02	0.00000000000000e+00	1
43	39	63	67	3.00000000000000e-02	0.00000000000000e+00	0.00000000000000e+00	0.00000000000000e+00	4.71633372234461e+03	2.89736500000000e-02	1.36649402554410e+02	0.00000000000000e+00	1
43	39	67	71	3.00000000000000e-02	0.00000000000000e+00	0.00000000000000e+00	0.00000000000000e+00	6.72805174951147e+03	1.71105500000000e-02	1.15120665862603e+02	0.00000000000000e+00	1
43	39	71	75	3.00000000000000e-02	0.00000000000000e+00	0.00000000000000e+00	0.00000000000000e+00	9.22454895290182e+03	1.04442500000000e-02	9.63434954013448e+01	0.00000000000000e+00	1
43	38	48	53	3.00000000000000e-02	0.00000000000000e+00	0.00000000000000e+00	0.00000000000000e+00	3.81198861602471e+02	4.87097500000000e-01	1.85681012489410e+02	0.00000000000000e+00	1
43	38	53	58	3.00000000000000e-02	0.00000000000000e+00	0.00000000000000e+00	0.00000000000000e+00	1.11545508059799e+03	1.33447500000000e-01	1.48854691868101e+02	0.00000000000000e+00	1
43	38	58	63	3.00000000000000e-02	0.00000000000000e+00	0.00000000000000e+00	0.00000000000000e+00	2.09430818011086e+03	6.67194000000000e-02	1.39730985192088e+02	0.00000000000000e+00	1
43	38	63	68	3.00000000000000e-02	0.00000000000000e+00	0.00000000000000e+00	0.00000000000000e+00	3.41148217446434e+03	3.83649500000000e-02	1.30881343049216e+02	0.00000000000000e+00	1
43	38	68	73	3.00000000000000e-02	0.00000000000000e+00	0.00000000000000e+00	0.00000000000000e+00	5.19203303105840e+03	2.29368000000000e-02	1.19088623226780e+02	0.00000000000000e+00	1
43	38	73	78	3.00000000000000e-02	0.00000000000000e+00	0.00000000000000e+00	0.00000000000000e+00	7.54335009104163e+03	1.35132000000000e-02	1.01934798450264e+02	0.00000000000000e+00	1
43	38	78	83	3.00000000000000e-02	0.00000000000000e+00	0.00000000000000e+00	0.00000000000000e+00	1.04888210608392e+04	8.68365000000000e-03	9.10812510049560e+01	0.00000000000000e+00	1
43	37	49	55	3.00000000000000e-02	0.00000000000000e+00	0.00000000000000e+00	0.00000000000000e+00	5.01601604601131e+02	3.43609500000000e-01	1.72355076556192e+02	0.00000000000000e+00	1
43	37	55	61	3.00000000000000e-02	0.00000000000000e+00	0.00000000000000e+00	0.00000000000000e+00	1.18143865730974e+03	1.23295000000000e-01	1.45665479253005e+02	0.00000000000000e+00	1
43	37	61	67	3.00000000000000e-02	0.00000000000000e+00	0.00000000000000e+00	0.00000000000000e+00	2.21827774749854e+03	6.50935500000000e-02	1.44395573470683e+02	0.00000000000000e+00	1
43	37	67	73	3.00000000000000e-02	0.00000000000000e+00	0.00000000000000e+00	0.00000000000000e+00	3.70289465966956e+03	3.26535000000000e-02	1.20912470769520e+02	0.00000000000000e+00	1
43	37	73	79	3.00000000000000e-02	0.00000000000000e+00	0.00000000000000e+00	0.00000000000000e+00	5.74708839444226e+03	1.53208000000000e-02	8.80499918735709e+01	0.00000000000000e+00	1
43	37	79	84	3.00000000000000e-02	0.00000000000000e+00	0.00000000000000e+00	0.00000000000000e+00	9.81166883032309e+03	1.11377500000000e-02	1.09279914514931e+02	0.00000000000000e+00	1
43	37	84	90	3.00000000000000e-02	0.00000000000000e+00	0.00000000000000e+00	0.00000000000000e+00	1.10191878143887e+04	6.83836000000000e-03	7.53531731824034e+01	0.00000000000000e+00	1
43	36	50	57	3.00000000000000e-02	0.00000000000000e+00	0.00000000000000e+00	0.00000000000000e+00	5.06227136080573e+02	3.33100500000000e-01	1.68624512142007e+02	0.00000000000000e+00	1
43	36	57	64	3.00000000000000e-02	0.00000000000000e+00	0.00000000000000e+00	0.00000000000000e+00	1.24183094416692e+03	1.18339000000000e-01	1.46957032101769e+02	0.00000000000000e+00	1
43	36	64	71	3.00000000000000e-02	0.00000000000000e+00	0.00000000000000e+00	0.00000000000000e+00	2.36990247660055e+03	5.38282500000000e-02	1.27567702986074e+02	0.00000000000000e+00	1
43	36	71	78	3.00000000000000e-02	0.00000000000000e+00	0.00000000000000e+00	0.00000000000000e+00	4.02544651412689e+03	2.64694500000000e-02	1.06551355233356e+02	0.00000000000000e+00	1
43	36	78	84	3.00000000000000e-02	0.00000000000000e+00	0.00000000000000e+00	0.00000000000000e+00	7.16575724099828e+03	1.48139000000000e-02	1.06152811192424e+02	0.00000000000000e+00	1
43	36	84	91	3.00000000000000e-02	0.00000000000000e+00	0.00000000000000e+00	0.00000000000000e+00	8.71261845872326e+03	6.77984000000000e-03	5.90701591311903e+01	0.00000000000000e+00	1
44	43	45	46	2.18994610000000e-01	0.00000000000000e+00	0.00000000000000e+00	0.00000000000000e+00	5.94450001602378e+01	7.87002500000000e+00	4.67833637386076e+02	0.00000000000000e+00	1
44	43	46	47	3.28353800000000e-02	0.00000000000000e+00	0.00000000000000e+00	0.00000000000000e+00	2.39886299612179e+02	1.09065500000000e+00	2.61633192103521e+02	0.00000000000000e+00	1
44	43	47	48	3.00000000000000e-02	0.00000000000000e+00	0.00000000000000e+00	0.00000000000000e+00	5.92559881741958e+02	2.95069000000000e-01	1.74846051745718e+02	0.00000000000000e+00	1
44	43	48	49	3.00000000000000e-02	0.00000000000000e+00	0.00000000000000e+00	0.00000000000000e+00	1.18558668310865e+03	1.42470500000000e-01	1.68911127535831e+02	0.00000000000000e+00	1
44	43	49	50	3.00000000000000e-02	0.00000000000000e+00	0.00000000000000e+00	0.00000000000000e+00	3.61308850612348e+03	3.70598000000000e-02	1.33900337419235e+02	0.00000000000000e+00	1
44	43	50	51	3.00000000000000e-02	0.00000000000000e+00	0.00000000000000e+00	0.00000000000000e+00	4.63747870718200e+03	3.06929500000000e-02	1.42337902085602e+02	0.00000000000000e+00	1
44	43	51	52	3.00000000000000e-02	0.00000000000000e+00	0.00000000000000e+00	0.00000000000000e+00	5.85614688449554e+03	2.29807000000000e-02	1.34578354708527e+02	0.00000000000000e+00	1
44	42	46	48	5.20241800000000e-02	0.00000000000000e+00	0.00000000000000e+00	0.00000000000000e+00	1.19781615830908e+02	1.79688500000000e+00	2.15233788762321e+02	0.00000000000000e+00	1
44	42	48	50	3.00000000000000e-02	0.00000000000000e+00	0.00000000000000e+00	0.00000000000000e+00	5.65318031574585e+02	2.76598500000000e-01	1.56366119556483e+02	0.00000000000000e+00	1
44	42	50	52	3.00000000000000e-02	0.00000000000000e+00	0.00000000000000e+00	0.00000000000000e+00	1.57323046283490e+03	8.36976000000000e-02	1.31675613986170e+02	0.00000000000000e+00	1
44	42	52	54	3.00000000000000e-02	0.00000000000000e+00	0.00000000000000e+00	0.00000000000000e+00	2.36075552726576e+03	5.57870500000000e-02	1.31699586637351e+02	0.00000000000000e+00	1
44	42	56	58	3.00000000000000e-02	0.00000000000000e+00	0.00000000000000e+00	0.00000000000000e+00	4.76773069874203e+03	2.98677000000000e-02	1.42401150190817e+02	0.00000000000000e+00	1
44	42	58	60	3.00000000000000e-02	0.00000000000000e+00	0.00000000000000e+00	0.00000000000000e+00	6.37805503855037e+03	1.64409500000000e-02	1.04861283986055e+02	0.00000000000000e+00	1
44	41	47	50	3.00000000000000e-02	0.00000000000000e+00	0.00000000000000e+00	0.00000000000000e+00	1.92966247397360e+02	8.59960500000000e-01	1.65943350594958e+02	0.00000000000000e+00	1
44	41	50	53	3.00000000000000e-02	0.00000000000000e+00	0.00000000000000e+00	0.00000000000000e+00	9.06422010157703e+02	1.55502000000000e-01	1.40950435423543e+02	0.00000000000000e+00	1
44	41	53	56	3.00000000000000e-02	0.00000000000000e+00	0.00000000000000e+00	0.00000000000000e+00	1.56861564139311e+03	8.09808000000000e-02	1.27027749532527e+02	0.00000000000000e+00	1
44	41	56	59	3.00000000000000e-02	0.00000000000000e+00	0.00000000000000e+00	0.00000000000000e+00	2.57031312901593e+03	4.80759000000000e-02	1.23570116959257e+02	0.00000000000000e+00	1
44	41	59	62	3.00000000000000e-02	0.00000000000000e+00	0.00000000000000e+00	0.00000000000000e+00	3.82371686064198e+03	2.56333500000000e-02	9.80146725897372e+01	0.00000000000000e+00	1
44	41	62	65	3.00000000000000e-02	0.00000000000000e+00	0.00000000000000e+00	0.00000000000000e+00	5.38714705975097e+03	2.42330500000000e-02	1.30547004056298e+02	0.00000000000000e+00	1
44	41	65	68	3.00000000000000e-02	0.00000000000000e+00	0.00000000000000e+00	0.00000000000000e+00	7.34163783446511e+03	1.80767000000000e-02	1.32712584642275e+02	0.00000000000000e+00	1
44	40	48	52	3.00000000000000e-02	0.00000000000000e+00	0.00000000000000e+00	0.00000000000000e+00	2.96215662501497e+02	5.44545000000000e-01	1.61302757936877e+02	0.00000000000000e+00	1
44	40	52	56	3.00000000000000e-02	0.00000000000000e+00	0.00000000000000e+00	0.00000000000000e+00	9.15107542770978e+02	1.51090000000000e-01	1.38263598637267e+02	0.00000000000000e+00	1
44	40	56	60	3.00000000000000e-02	0.00000000000000e+00	0.00000000000000e+00	0.00000000000000e+00	1.72223441178679e+03	7.60617000000000e-02	1.30996077159003e+02	0.00000000000000e+00	1
44	40	60	64	3.00000000000000e-02	0.00000000000000e+00	0.00000000000000e+00	0.00000000000000e+00	2.81734119105471e+03	4.61133500000000e-02	1.29917040412523e+02	0.00000000000000e+00	1
44	40	64	68	3.00000000000000e-02	0.00000000000000e+00	0.00000000000000e+00	0.00000000000000e+00	4.27242925948317e+03	2.22042000000000e-02	9.48658737634163e+01	0.00000000000000e+00	1
44	40	68	72	3.00000000000000e-02	0.00000000000000e+00	0.00000000000000e+00	0.00000000000000e+00	6.15170567326067e+03	1.69928500000000e-02	1.04535011749868e+02	0.00000000000000e+00	1
44	40	72	76	3.00000000000000e-02	0.00000000000000e+00	0.00000000000000e+00	0.00000000000000e+00	8.55290334784682e+03	1.31561500000000e-02	1.12523279379775e+02	0.00000000000000e+00	1
44	39	49	54	3.00000000000000e-02	0.00000000000000e+00	0.00000000000000e+00	0.00000000000000e+00	4.15546602222773e+02	3.67071000000000e-01	1.52535106824516e+02	0.00000000000000e+00	1
44	39	54	59	3.00000000000000e-02	0.00000000000000e+00	0.00000000000000e+00	0.00000000000000e+00	9.69085590756642e+02	1.36769000000000e-01	1.32540867162195e+02	0.00000000000000e+00	1
44	39	59	64	3.00000000000000e-02	0.00000000000000e+00	0.00000000000000e+00	0.00000000000000e+00	1.85454605183823e+03	7.15329500000000e-02	1.32661149998842e+02	0.00000000000000e+00	1
44	39	64	69	3.00000000000000e-02	0.00000000000000e+00	0.00000000000000e+00	0.00000000000000e+00	3.09721016603171e+03	3.77344000000000e-02	1.16871367289107e+02	0.00000000000000e+00	1
44	39	69	74	3.00000000000000e-02	0.00000000000000e+00	0.00000000000000e+00	0.00000000000000e+00	4.76532284010522e+03	2.05789500000000e-02	9.80653404603834e+01	0.00000000000000e+00	1
44	39	74	79	3.00000000000000e-02	0.00000000000000e+00	0.00000000000000e+00	0.00000000000000e+00	7.00421818455520e+03	1.42194500000000e-02	9.95961302643735e+01	0.00000000000000e+00	1
44	38	50	56	3.00000000000000e-02	0.00000000000000e+00	0.00000000000000e+00	0.00000000000000e+00	4.18631890720009e+02	3.57034000000000e-01	1.49465818471328e+02	0.00000000000000e+00	1
44	38	56	62	3.00000000000000e-02	0.00000000000000e+00	0.00000000000000e+00	0.00000000000000e+00	1.03958032145798e+03	1.31018500000000e-01	1.36204254346942e+02	0.00000000000000e+00	1
44	38	62	68	3.00000000000000e-02	0.00000000000000e+00	0.00000000000000e+00	0.00000000000000e+00	1.99839616792414e+03	6.54118500000000e-02	1.30718790376829e+02	0.00000000000000e+00	1
44	38	68	74	3.00000000000000e-02	0.00000000000000e+00	0.00000000000000e+00	0.00000000000000e+00	3.39582739818446e+03	3.19190500000000e-02	1.08391584514020e+02	0.00000000000000e+00	1
44	38	74	80	3.00000000000000e-02	0.00000000000000e+00	0.00000000000000e+00	0.00000000000000e+00	5.33648056776307e+03	1.40626000000000e-02	7.50447916322250e+01	0.00000000000000e+00	1
44	38	80	85	3.00000000000000e-02	0.00000000000000e+00	0.00000000000000e+00	0.00000000000000e+00	9.18711065403377e+03	1.14088000000000e-02	1.04813908029740e+02	0.00000000000000e+00	1
44	37	51	58	3.00000000000000e-02	0.00000000000000e+00	0.00000000000000e+00	0.00000000000000e+00	4.30322336612591e+02	3.47216000000000e-01	1.49414800429277e+02	0.00000000000000e+00	1
44	37	58	65	3.00000000000000e-02	0.00000000000000e+00	0.00000000000000e+00	0.00000000000000e+00	1.10238848699327e+03	1.22088500000000e-01	1.34588956794278e+02	0.00000000000000e+00	1
44	37	65	72	3.00000000000000e-02	0.00000000000000e+00	0.00000000000000e+00	0.00000000000000e+00	2.15768200060099e+03	5.63086500000000e-02	1.21496160583141e+02	0.00000000000000e+00	1
44	37	72	79	3.00000000000000e-02	0.00000000000000e+00	0.00000000000000e+00	0.00000000000000e+00	3.72974645726407e+03	2.80629500000000e-02	1.04667688342879e+02	0.00000000000000e+00	1
45	44	46	47	2.30032530000000e-01	0.00000000000000e+00	0.00000000000000e+00	0.00000000000000e+00	6.06907963935382e+01	8.29391000000000e+00	5.03364003116331e+02	0.00000000000000e+00	1
45	44	47	48	3.31584100000000e-02	0.00000000000000e+00	0.00000000000000e+00	0.00000000000000e+00	2.39058930503842e+02	1.09264000000000e+00	2.61205349825718e+02	0.00000000000000e+00	1
45	44	48	49	3.00000000000000e-02	0.00000000000000e+00	0.00000000000000e+00	0.00000000000000e+00	5.97823717437434e+02	3.96203000000000e-01	2.36859550319864e+02	0.00000000000000e+00	1
45	44	49	50	3.00000000000000e-02	0.00000000000000e+00	0.00000000000000e+00	0.00000000000000e+00	2.03456836374275e+03	8.85205000000000e-02	1.80101008842690e+02	0.00000000000000e+00	1
45	44	50	51	3.00000000000000e-02	0.00000000000000e+00	0.00000000000000e+00	0.00000000000000e+00	2.75331477224625e+03	6.05647500000000e-02	1.66753820852401e+02	0.00000000000000e+00	1
45	44	51	52	3.00000000000000e-02	0.00000000000000e+00	0.00000000000000e+00	0.00000000000000e+00	3.63410649278020e+03	4.00482500000000e-02	1.45539605349485e+02	0.00000000000000e+00	1
45	44	52	53	3.00000000000000e-02	0.00000000000000e+00	0.00000000000000e+00	0.00000000000000e+00	4.66911785893400e+03	3.88390500000000e-02	1.81344101979030e+02	0.00000000000000e+00	1
45	43	47	49	5.59882600000000e-02	0.00000000000000e+00	0.00000000000000e+00	0.00000000000000e+00	1.19234130807043e+02	1.92796500000000e+00	2.29879231001400e+02	0.00000000000000e+00	1
45	43	49	51	3.00000000000000e-02	0.00000000000000e+00	0.00000000000000e+00	0.00000000000000e+00	7.42330289365776e+02	2.17616500000000e-01	1.61543319415767e+02	0.00000000000000e+00	1
45	43	51	53	3.00000000000000e-02	0.00000000000000e+00	0.00000000000000e+00	0.00000000000000e+00	1.25302836994882e+03	1.21969000000000e-01	1.52830617254288e+02	0.00000000000000e+00	1
45	43	53	55	3.00000000000000e-02	0.00000000000000e+00	0.00000000000000e+00	0.00000000000000e+00	1.92614868634809e+03	6.89696500000000e-02	1.32845800745388e+02	0.00000000000000e+00	1
45	43	55	57	3.00000000000000e-02	0.00000000000000e+00	0.00000000000000e+00	0.00000000000000e+00	2.90023070472933e+03	4.23634500000000e-02	1.22863778448266e+02	0.00000000000000e+00	1
45	43	57	59	3.00000000000000e-02	0.00000000000000e+00	0.00000000000000e+00	0.00000000000000e+00	4.11928850170287e+03	2.90517000000000e-02	1.19672333764921e+02	0.00000000000000e+00	1
45	43	59	61	3.00000000000000e-02	0.00000000000000e+00	0.00000000000000e+00	0.00000000000000e+00	5.56153559017568e+03	2.10897000000000e-02	1.17291117136128e+02	0.00000000000000e+00	1
45	42	48	51	3.00000000000000e-02	0.00000000000000e+00	0.00000000000000e+00	0.00000000000000e+00	2.15095916872317e+02	8.62193000000000e-01	1.85454193855894e+02	0.00000000000000e+00	1
45	42	51	54	3.00000000000000e-02	0.00000000000000e+00	0.00000000000000e+00	0.00000000000000e+00	7.31622188577394e+02	1.96441500000000e-01	1.43720960157426e+02	0.00000000000000e+00	1
45	42	54	57	3.00000000000000e-02	0.00000000000000e+00	0.00000000000000e+00	0.00000000000000e+00	1.33212301969577e+03	9.64208000000000e-02	1.28444367257482e+02	0.00000000000000e+00	1
45	42	57	60	3.00000000000000e-02	0.00000000000000e+00	0.00000000000000e+00	0.00000000000000e+00	2.23042086240197e+03	5.19546000000000e-02	1.15880623737749e+02	0.00000000000000e+00	1
45	42	60	63	3.00000000000000e-02	0.00000000000000e+00	0.00000000000000e+00	0.00000000000000e+00	3.37594060712540e+03	3.11590500000000e-02	1.05191102174451e+02	0.00000000000000e+00	1
45	42	63	66	3.00000000000000e-02	0.00000000000000e+00	0.00000000000000e+00	0.00000000000000e+00	4.82289170835778e+03	2.28408500000000e-02	1.10158946076844e+02	0.00000000000000e+00	1
45	42	66	69	3.00000000000000e-02	0.00000000000000e+00	0.00000000000000e+00	0.00000000000000e+00	6.68329269765344e+03	1.64342500000000e-02	1.09834903016411e+02	0.00000000000000e+00	1
45	41	49	53	3.00000000000000e-02	0.00000000000000e+00	0.00000000000000e+00	0.00000000000000e+00	3.32788697577978e+02	4.71292500000000e-01	1.56840817253269e+02	0.00000000000000e+00	1
45	41	53	57	3.00000000000000e-02	0.00000000000000e+00	0.00000000000000e+00	0.00000000000000e+00	7.69971654115802e+02	1.70683000000000e-01	1.31421071839447e+02	0.00000000000000e+00	1
45	41	57	61	3.00000000000000e-02	0.00000000000000e+00	0.00000000000000e+00	0.00000000000000e+00	1.50087938925632e+03	8.13026500000000e-02	1.22025471676920e+02	0.00000000000000e+00	1
45	41	61	65	3.00000000000000e-02	0.00000000000000e+00	0.00000000000000e+00	0.00000000000000e+00	2.49983847787401e+03	4.95137000000000e-02	1.23776252441910e+02	0.00000000000000e+00	1
45	41	65	69	3.00000000000000e-02	0.00000000000000e+00	0.00000000000000e+00	0.00000000000000e+00	3.87141058453533e+03	2.37944000000000e-02	9.21178920126674e+01	0.00000000000000e+00	1
45	41	69	73	3.00000000000000e-02	0.00000000000000e+00	0.00000000000000e+00	0.00000000000000e+00	5.61755028500498e+03	1.75469000000000e-02	9.85705930959540e+01	0.00000000000000e+00	1
45	41	73	77	3.00000000000000e-02	0.00000000000000e+00	0.00000000000000e+00	0.00000000000000e+00	7.93122507779334e+03	1.18162000000000e-02	9.37169417642216e+01	0.00000000000000e+00	1
45	40	50	55	3.00000000000000e-02	0.00000000000000e+00	0.00000000000000e+00	0.00000000000000e+00	3.36283075747628e+02	4.38349000000000e-01	1.47409349970897e+02	0.00000000000000e+00	1
45	40	55	60	3.00000000000000e-02	0.00000000000000e+00	0.00000000000000e+00	0.00000000000000e+00	8.43962307058918e+02	1.49495500000000e-01	1.26168567074927e+02	0.00000000000000e+00	1
45	40	60	65	3.00000000000000e-02	0.00000000000000e+00	0.00000000000000e+00	0.00000000000000e+00	1.64807475208685e+03	7.55589000000000e-02	1.24526715385455e+02	0.00000000000000e+00	1
45	40	65	70	3.00000000000000e-02	0.00000000000000e+00	0.00000000000000e+00	0.00000000000000e+00	2.80591109925770e+03	3.86394000000000e-02	1.08418721328658e+02	0.00000000000000e+00	1
45	40	70	75	3.00000000000000e-02	0.00000000000000e+00	0.00000000000000e+00	0.00000000000000e+00	4.40488465346882e+03	2.10995000000000e-02	9.29408637458653e+01	0.00000000000000e+00	1
45	40	75	80	3.00000000000000e-02	0.00000000000000e+00	0.00000000000000e+00	0.00000000000000e+00	6.53380507143610e+03	1.47493500000000e-02	9.63693778303860e+01	0.00000000000000e+00	1
45	40	80	84	3.00000000000000e-02	0.00000000000000e+00	0.00000000000000e+00	0.00000000000000e+00	1.11885437482228e+04	8.26815000000000e-03	9.25085579918684e+01	0.00000000000000e+00	1
45	39	51	57	3.00000000000000e-02	0.00000000000000e+00	0.00000000000000e+00	0.00000000000000e+00	3.48280763962018e+02	4.20418500000000e-01	1.46423676363766e+02	0.00000000000000e+00	1
45	39	57	63	3.00000000000000e-02	0.00000000000000e+00	0.00000000000000e+00	0.00000000000000e+00	9.12919656016634e+02	1.38172000000000e-01	1.26139934711130e+02	0.00000000000000e+00	1
45	39	63	69	3.00000000000000e-02	0.00000000000000e+00	0.00000000000000e+00	0.00000000000000e+00	1.80512688594423e+03	6.41877500000000e-02	1.15867033273266e+02	0.00000000000000e+00	1
45	39	69	75	3.00000000000000e-02	0.00000000000000e+00	0.00000000000000e+00	0.00000000000000e+00	3.11835857060032e+03	3.22588000000000e-02	1.00594505457282e+02	0.00000000000000e+00	1
45	39	81	86	3.00000000000000e-02	0.00000000000000e+00	0.00000000000000e+00	0.00000000000000e+00	8.62928304134199e+03	9.12422000000000e-03	7.87354769114734e+01	0.00000000000000e+00	1
45	38	52	59	3.00000000000000e-02	0.00000000000000e+00	0.00000000000000e+00	0.00000000000000e+00	3.64585957366735e+02	4.01965500000000e-01	1.46550976645898e+02	0.00000000000000e+00	1
45	38	59	66	3.00000000000000e-02	0.00000000000000e+00	0.00000000000000e+00	0.00000000000000e+00	9.78379442941072e+02	1.30047500000000e-01	1.27235800605879e+02	0.00000000000000e+00	1
45	38	66	73	3.00000000000000e-02	0.00000000000000e+00	0.00000000000000e+00	0.00000000000000e+00	1.96952119533739e+03	5.60073500000000e-02	1.10307662919680e+02	0.00000000000000e+00	1
45	38	73	80	3.00000000000000e-02	0.00000000000000e+00	0.00000000000000e+00	0.00000000000000e+00	3.46932692321712e+03	2.63830000000000e-02	9.15312522152373e+01	0.00000000000000e+00	1
45	38	80	86	3.00000000000000e-02	0.00000000000000e+00	0.00000000000000e+00	0.00000000000000e+00	6.28638809924560e+03	1.42597500000000e-02	8.96423226982175e+01	0.00000000000000e+00	1
45	38	86	93	3.00000000000000e-02	0.00000000000000e+00	0.00000000000000e+00	0.00000000000000e+00	7.76748260540839e+03	7.05672000000000e-03	5.48129498512375e+01	0.00000000000000e+00	1
45	38	93	100	3.00000000000000e-02	0.00000000000000e+00	0.00000000000000e+00	0.00000000000000e+00	1.10936708522930e+04	4.55306000000000e-03	5.05101490107411e+01	0.00000000000000e+00	1
46	45	47	48	1.87519670000000e-01	0.00000000000000e+00	0.00000000000000e+00	0.00000000000000e+00	5.87314972512834e+01	6.72740500000000e+00	3.95110568265770e+02	0.00000000000000e+00	1
46	45	48	49	3.33429700000000e-02	0.00000000000000e+00	0.00000000000000e+00	0.00000000000000e+00	2.35409821965278e+02	1.08568000000000e+00	2.55579735511263e+02	0.00000000000000e+00	1
46	45	49	50	3.00000000000000e-02	0.00000000000000e+00	0.00000000000000e+00	0.00000000000000e+00	9.70845825689183e+02	1.94320500000000e-01	1.88655246270835e+02	0.00000000000000e+00	1
46	45	50	51	3.00000000000000e-02	0.00000000000000e+00	0.00000000000000e+00	0.00000000000000e+00	1.42561444630807e+03	1.16667000000000e-01	1.66322160607424e+02	0.00000000000000e+00	1
46	45	51	52	3.00000000000000e-02	0.00000000000000e+00	0.00000000000000e+00	0.00000000000000e+00	2.00780651258306e+03	7.09908000000000e-02	1.42535790573481e+02	0.00000000000000e+00	1
46	45	52	53	3.00000000000000e-02	0.00000000000000e+00	0.00000000000000e+00	0.00000000000000e+00	2.72066585524465e+03	6.97612500000000e-02	1.89797050894186e+02	0.00000000000000e+00	1
46	45	53	54	3.00000000000000e-02	0.00000000000000e+00	0.00000000000000e+00	0.00000000000000e+00	3.56410502705730e+03	4.49943500000000e-02	1.60364589024176e+02	0.00000000000000e+00	1
46	44	48	50	5.14845100000000e-02	0.00000000000000e+00	0.00000000000000e+00	0.00000000000000e+00	1.34369240854609e+02	1.74587000000000e+00	2.34591226530837e+02	0.00000000000000e+00	1
46	44	50	52	3.00000000000000e-02	0.00000000000000e+00	0.00000000000000e+00	0.00000000000000e+00	5.44105974812574e+02	2.94132000000000e-01	1.60038978583572e+02	0.00000000000000e+00	1
46	44	52	54	3.00000000000000e-02	0.00000000000000e+00	0.00000000000000e+00	0.00000000000000e+00	9.67777820224527e+02	1.75418500000000e-01	1.69766133557056e+02	0.00000000000000e+00	1
46	44	54	56	3.00000000000000e-02	0.00000000000000e+00	0.00000000000000e+00	0.00000000000000e+00	1.56233784399168e+03	9.06670500000000e-02	1.41652563418086e+02	0.00000000000000e+00	1
46	44	56	58	3.00000000000000e-02	0.00000000000000e+00	0.00000000000000e+00	0.00000000000000e+00	2.42515063486579e+03	4.95100000000000e-02	1.20069207932205e+02	0.00000000000000e+00	1
46	44	58	60	3.00000000000000e-02	0.00000000000000e+00	0.00000000000000e+00	0.00000000000000e+00	3.48493733698787e+03	3.46694500000000e-02	1.20820860757834e+02	0.00000000000000e+00	1
46	44	60	62	3.00000000000000e-02	0.00000000000000e+00	0.00000000000000e+00	0.00000000000000e+00	4.77904261203425e+03	2.97564500000000e-02	1.42207342532866e+02	0.00000000000000e+00	1
46	43	49	52	3.00000000000000e-02	0.00000000000000e+00	0.00000000000000e+00	0.00000000000000e+00	2.48596773851198e+02	6.61062500000000e-01	1.64338004814007e+02	0.00000000000000e+00	1
46	43	52	55	3.00000000000000e-02	0.00000000000000e+00	0.00000000000000e+00	0.00000000000000e+00	5.74923140332563e+02	2.71817500000000e-01	1.56274170697347e+02	0.00000000000000e+00	1
46	43	55	58	3.00000000000000e-02	0.00000000000000e+00	0.00000000000000e+00	0.00000000000000e+00	1.12149438889255e+03	1.22872000000000e-01	1.37800258552006e+02	0.00000000000000e+00	1
46	43	58	61	3.00000000000000e-02	0.00000000000000e+00	0.00000000000000e+00	0.00000000000000e+00	1.90785084525131e+03	5.92372000000000e-02	1.13015742090321e+02	0.00000000000000e+00	1
46	43	61	64	3.00000000000000e-02	0.00000000000000e+00	0.00000000000000e+00	0.00000000000000e+00	2.93401719366775e+03	3.49141500000000e-02	1.02438716402295e+02	0.00000000000000e+00	1
46	43	64	67	3.00000000000000e-02	0.00000000000000e+00	0.00000000000000e+00	0.00000000000000e+00	4.28329273970622e+03	2.68605500000000e-02	1.15051598799516e+02	0.00000000000000e+00	1
46	43	67	70	3.00000000000000e-02	0.00000000000000e+00	0.00000000000000e+00	0.00000000000000e+00	6.00345218374771e+03	2.17259500000000e-02	1.30430701971493e+02	0.00000000000000e+00	1
46	42	50	54	3.00000000000000e-02	0.00000000000000e+00	0.00000000000000e+00	0.00000000000000e+00	2.54427013057465e+02	6.01054000000000e-01	1.52924373906241e+02	0.00000000000000e+00	1
46	42	54	58	3.00000000000000e-02	0.00000000000000e+00	0.00000000000000e+00	0.00000000000000e+00	6.41516543989699e+02	2.08440500000000e-01	1.33718029187485e+02	0.00000000000000e+00	1
46	42	58	62	3.00000000000000e-02	0.00000000000000e+00	0.00000000000000e+00	0.00000000000000e+00	1.29183416719641e+03	9.26437500000000e-02	1.19680361627203e+02	0.00000000000000e+00	1
46	42	62	66	3.00000000000000e-02	0.00000000000000e+00	0.00000000000000e+00	0.00000000000000e+00	2.20811634541192e+03	5.04682500000000e-02	1.11439767749335e+02	0.00000000000000e+00	1
46	42	70	74	3.00000000000000e-02	0.00000000000000e+00	0.00000000000000e+00	0.00000000000000e+00	5.15475037357086e+03	1.89201000000000e-02	9.75283925429980e+01	0.00000000000000e+00	1
46	41	51	56	3.00000000000000e-02	0.00000000000000e+00	0.00000000000000e+00	0.00000000000000e+00	2.67245234287939e+02	5.51851000000000e-01	1.47479549787033e+02	0.00000000000000e+00	1
46	41	56	61	3.00000000000000e-02	0.00000000000000e+00	0.00000000000000e+00	0.00000000000000e+00	7.22105187985922e+02	1.75746000000000e-01	1.26907098367774e+02	0.00000000000000e+00	1
46	41	61	66	3.00000000000000e-02	0.00000000000000e+00	0.00000000000000e+00	0.00000000000000e+00	1.44971646177547e+03	8.55983500000000e-02	1.24093337095819e+02	0.00000000000000e+00	1
46	41	66	71	3.00000000000000e-02	0.00000000000000e+00	0.00000000000000e+00	0.00000000000000e+00	2.53150952890582e+03	4.16849500000000e-02	1.05525848136963e+02	0.00000000000000e+00	1
46	41	81	85	3.00000000000000e-02	0.00000000000000e+00	0.00000000000000e+00	0.00000000000000e+00	1.04533627037777e+04	9.59142000000000e-03	1.00262592104267e+02	0.00000000000000e+00	1
46	40	52	58	3.00000000000000e-02	0.00000000000000e+00	0.00000000000000e+00	0.00000000000000e+00	2.85045332778045e+02	5.10869500000000e-01	1.45620966633653e+02	0.00000000000000e+00	1
46	40	58	64	3.00000000000000e-02	0.00000000000000e+00	0.00000000000000e+00	0.00000000000000e+00	7.93551997314835e+02	1.52986500000000e-01	1.21402742637206e+02	0.00000000000000e+00	1
46	40	64	70	3.00000000000000e-02	0.00000000000000e+00	0.00000000000000e+00	0.00000000000000e+00	1.62096438601148e+03	7.58301500000000e-02	1.22917972535908e+02	0.00000000000000e+00	1
46	40	70	76	3.00000000000000e-02	0.00000000000000e+00	0.00000000000000e+00	0.00000000000000e+00	2.87144790588335e+03	3.02450000000000e-02	8.68469419134420e+01	0.00000000000000e+00	1
46	40	87	93	3.00000000000000e-02	0.00000000000000e+00	0.00000000000000e+00	0.00000000000000e+00	9.29738297807392e+03	4.34563000000000e-03	4.04029863910074e+01	0.00000000000000e+00	1
46	39	53	60	3.00000000000000e-02	0.00000000000000e+00	0.00000000000000e+00	0.00000000000000e+00	3.04910640092837e+02	4.39409500000000e-01	1.33980631907873e+02	0.00000000000000e+00	1
46	39	60	67	3.00000000000000e-02	0.00000000000000e+00	0.00000000000000e+00	0.00000000000000e+00	8.63936799610181e+02	1.41210000000000e-01	1.21996515472954e+02	0.00000000000000e+00	1
46	39	67	74	3.00000000000000e-02	0.00000000000000e+00	0.00000000000000e+00	0.00000000000000e+00	1.79558661477573e+03	6.14444000000000e-02	1.10328742192926e+02	0.00000000000000e+00	1
46	39	74	81	3.00000000000000e-02	0.00000000000000e+00	0.00000000000000e+00	0.00000000000000e+00	3.21594606023384e+03	2.82185500000000e-02	9.07493346980115e+01	0.00000000000000e+00	1
47	46	48	49	1.61713890000000e-01	0.00000000000000e+00	0.00000000000000e+00	0.00000000000000e+00	5.91807712683072e+01	5.79161500000000e+00	3.42752242589097e+02	0.00000000000000e+00	1
47	46	49	50	3.00000000000000e-02	0.00000000000000e+00	0.00000000000000e+00	0.00000000000000e+00	3.69481385726724e+02	5.90576500000000e-01	2.18207023597638e+02	0.00000000000000e+00	1
47	46	50	51	3.00000000000000e-02	0.00000000000000e+00	0.00000000000000e+00	0.00000000000000e+00	6.25393187955417e+02	2.96064500000000e-01	1.85156721495427e+02	0.00000000000000e+00	1
47	46	51	52	3.00000000000000e-02	0.00000000000000e+00	0.00000000000000e+00	0.00000000000000e+00	9.78549586098099e+02	1.78364000000000e-01	1.74538018374801e+02	0.00000000000000e+00	1
47	46	52	53	3.00000000000000e-02	0.00000000000000e+00	0.00000000000000e+00	0.00000000000000e+00	1.43804088898988e+03	1.61928000000000e-01	2.32859085072354e+02	0.00000000000000e+00	1
47	46	53	54	3.00000000000000e-02	0.00000000000000e+00	0.00000000000000e+00	0.00000000000000e+00	2.00952273307757e+03	7.94094000000000e-02	1.59574994520050e+02	0.00000000000000e+00	1
47	46	54	55	3.00000000000000e-02	0.00000000000000e+00	0.00000000000000e+00	0.00000000000000e+00	2.70285759611492e+03	6.05688500000000e-02	1.63708976310445e+02	0.00000000000000e+00	1
47	45	49	51	3.61122600000000e-02	0.00000000000000e+00	0.00000000000000e+00	0.00000000000000e+00	1.65645957559699e+02	1.19889000000000e+00	1.98591282058748e+02	0.00000000000000e+00	1
47	45	51	53	3.00000000000000e-02	0.00000000000000e+00	0.00000000000000e+00	0.00000000000000e+00	3.87158093030119e+02	4.78953500000000e-01	1.85430723710101e+02	0.00000000000000e+00	1
47	45	53	55	3.00000000000000e-02	0.00000000000000e+00	0.00000000000000e+00	0.00000000000000e+00	7.30935620167899e+02	2.21529500000000e-01	1.61923802467985e+02	0.00000000000000e+00	1
47	45	55	57	3.00000000000000e-02	0.00000000000000e+00	0.00000000000000e+00	0.00000000000000e+00	1.26978201358721e+03	1.21006500000000e-01	1.53651877227141e+02	0.00000000000000e+00	1
47	45	57	59	3.00000000000000e-02	0.00000000000000e+00	0.00000000000000e+00	0.00000000000000e+00	2.00099954185077e+03	7.01682500000000e-02	1.40406636102471e+02	0.00000000000000e+00	1
47	45	59	61	3.00000000000000e-02	0.00000000000000e+00	0.00000000000000e+00	0.00000000000000e+00	2.92521067493864e+03	4.31970500000000e-02	1.26360471785858e+02	0.00000000000000e+00	1
47	45	61	63	3.00000000000000e-02	0.00000000000000e+00	0.00000000000000e+00	0.00000000000000e+00	4.07377961326579e+03	3.23318500000000e-02	1.31712831389168e+02	0.00000000000000e+00	1
47	44	50	53	3.16697000000000e-02	0.00000000000000e+00	0.00000000000000e+00	0.00000000000000e+00	1.74340168588159e+02	1.03638000000000e+00	1.80682663921396e+02	0.00000000000000e+00	1
47	44	53	56	3.00000000000000e-02	0.00000000000000e+00	0.00000000000000e+00	0.00000000000000e+00	4.47992866896552e+02	3.47576500000000e-01	1.55711792700869e+02	0.00000000000000e+00	1
47	44	56	59	3.00000000000000e-02	0.00000000000000e+00	0.00000000000000e+00	0.00000000000000e+00	9.30196347144093e+02	1.52148500000000e-01	1.41527978923453e+02	0.00000000000000e+00	1
47	44	59	62	3.00000000000000e-02	0.00000000000000e+00	0.00000000000000e+00	0.00000000000000e+00	1.61847999979381e+03	7.59425500000000e-02	1.22911498308342e+02	0.00000000000000e+00	1
47	44	62	65	3.00000000000000e-02	0.00000000000000e+00	0.00000000000000e+00	0.00000000000000e+00	2.55596627918817e+03	4.82730000000000e-02	1.23384160195250e+02	0.00000000000000e+00	1
47	44	65	68	3.00000000000000e-02	0.00000000000000e+00	0.00000000000000e+00	0.00000000000000e+00	3.80266993738030e+03	2.66276000000000e-02	1.01255974024588e+02	0.00000000000000e+00	1
47	44	68	71	3.00000000000000e-02	0.00000000000000e+00	0.00000000000000e+00	0.00000000000000e+00	5.38888726771782e+03	1.69086000000000e-02	9.11185392549335e+01	0.00000000000000e+00	1
47	43	51	55	3.00000000000000e-02	0.00000000000000e+00	0.00000000000000e+00	0.00000000000000e+00	1.89815596979949e+02	8.91544000000000e-01	1.69228956593892e+02	0.00000000000000e+00	1
47	43	55	59	3.00000000000000e-02	0.00000000000000e+00	0.00000000000000e+00	0.00000000000000e+00	5.33376710311601e+02	2.63986500000000e-01	1.40804250936674e+02	0.00000000000000e+00	1
47	43	59	63	3.00000000000000e-02	0.00000000000000e+00	0.00000000000000e+00	0.00000000000000e+00	1.10529575149262e+03	1.12738500000000e-01	1.24609385079650e+02	0.00000000000000e+00	1
47	43	63	67	3.00000000000000e-02	0.00000000000000e+00	0.00000000000000e+00	0.00000000000000e+00	1.94380092628735e+03	5.62654000000000e-02	1.09368736637928e+02	0.00000000000000e+00	1
47	43	67	71	3.00000000000000e-02	0.00000000000000e+00	0.00000000000000e+00	0.00000000000000e+00	3.13199921153988e+03	2.86365000000000e-02	8.96894954212618e+01	0.00000000000000e+00	1
47	43	71	75	3.00000000000000e-02	0.00000000000000e+00	0.00000000000000e+00	0.00000000000000e+00	4.70993481775195e+03	1.77441000000000e-02	8.35735543996723e+01	0.00000000000000e+00	1
47	43	75	79	3.00000000000000e-02	0.00000000000000e+00	0.00000000000000e+00	0.00000000000000e+00	6.75910475318056e+03	1.29325500000000e-02	8.74124601757452e+01	0.00000000000000e+00	1
47	42	52	57	3.00000000000000e-02	0.00000000000000e+00	0.00000000000000e+00	0.00000000000000e+00	2.09291228213825e+02	7.77001500000000e-01	1.62619598258984e+02	0.00000000000000e+00	1
47	42	57	62	3.00000000000000e-02	0.00000000000000e+00	0.00000000000000e+00	0.00000000000000e+00	6.12723259526651e+02	2.07523500000000e-01	1.27154475348379e+02	0.00000000000000e+00	1
47	42	62	67	3.00000000000000e-02	0.00000000000000e+00	0.00000000000000e+00	0.00000000000000e+00	1.27643033459174e+03	8.76125000000000e-02	1.11831252689419e+02	0.00000000000000e+00	1
47	42	67	72	3.00000000000000e-02	0.00000000000000e+00	0.00000000000000e+00	0.00000000000000e+00	2.28847129457341e+03	4.18585500000000e-02	9.57920901074658e+01	0.00000000000000e+00	1
47	42	72	77	3.00000000000000e-02	0.00000000000000e+00	0.00000000000000e+00	0.00000000000000e+00	3.72027866382198e+03	1.93563000000000e-02	7.20108299005374e+01	0.00000000000000e+00	1
47	42	77	82	3.00000000000000e-02	0.00000000000000e+00	0.00000000000000e+00	0.00000000000000e+00	5.64146037207126e+03	1.51915500000000e-02	8.57025273153392e+01	0.00000000000000e+00	1
47	42	82	86	3.00000000000000e-02	0.00000000000000e+00	0.00000000000000e+00	0.00000000000000e+00	9.77904638834055e+03	8.19575000000000e-03	8.01466194372421e+01	0.00000000000000e+00	1
47	41	53	59	3.00000000000000e-02	0.00000000000000e+00	0.00000000000000e+00	0.00000000000000e+00	2.30745302419661e+02	6.24551000000000e-01	1.44112209371502e+02	0.00000000000000e+00	1
47	41	59	65	3.00000000000000e-02	0.00000000000000e+00	0.00000000000000e+00	0.00000000000000e+00	6.86691604221064e+02	1.77258500000000e-01	1.21721923726820e+02	0.00000000000000e+00	1
47	41	65	71	3.00000000000000e-02	0.00000000000000e+00	0.00000000000000e+00	0.00000000000000e+00	1.45396001701430e+03	7.19023500000000e-02	1.04543142029368e+02	0.00000000000000e+00	1
47	41	71	77	3.00000000000000e-02	0.00000000000000e+00	0.00000000000000e+00	0.00000000000000e+00	2.63440459151366e+03	3.21982500000000e-02	8.48232176387047e+01	0.00000000000000e+00	1
47	41	77	83	3.00000000000000e-02	0.00000000000000e+00	0.00000000000000e+00	0.00000000000000e+00	4.31220445120946e+03	1.47205000000000e-02	6.34778056240289e+01	0.00000000000000e+00	1
47	41	83	88	3.00000000000000e-02	0.00000000000000e+00	0.00000000000000e+00	0.00000000000000e+00	7.56278080803948e+03	9.56253000000000e-03	7.23193183603017e+01	0.00000000000000e+00	1
47	41	88	94	3.00000000000000e-02	0.00000000000000e+00	0.00000000000000e+00	0.00000000000000e+00	8.79983966752903e+03	5.79156000000000e-03	5.09647994248744e+01	0.00000000000000e+00	1
47	40	54	61	3.00000000000000e-02	0.00000000000000e+00	0.00000000000000e+00	0.00000000000000e+00	2.53597227159073e+02	5.49925500000000e-01	1.39459581944067e+02	0.00000000000000e+00	1
47	40	61	68	3.00000000000000e-02	0.00000000000000e+00	0.00000000000000e+00	0.00000000000000e+00	7.61448701503041e+02	1.56072500000000e-01	1.18841202465333e+02	0.00000000000000e+00	1
47	40	68	75	3.00000000000000e-02	0.00000000000000e+00	0.00000000000000e+00	0.00000000000000e+00	1.63424641142716e+03	5.75908500000000e-02	9.41176399435401e+01	0.00000000000000e+00	1
47	40	75	82	3.00000000000000e-02	0.00000000000000e+00	0.00000000000000e+00	0.00000000000000e+00	2.98883005408799e+03	2.78547500000000e-02	8.32531139491074e+01	0.00000000000000e+00	1
47	40	82	88	3.00000000000000e-02	0.00000000000000e+00	0.00000000000000e+00	0.00000000000000e+00	5.51215225292400e+03	1.22152500000000e-02	6.73323178075299e+01	0.00000000000000e+00	1
47	40	88	95	3.00000000000000e-02	0.00000000000000e+00	0.00000000000000e+00	0.00000000000000e+00	6.96389426830976e+03	7.60653000000000e-03	5.29710706687263e+01	0.00000000000000e+00	1
48	47	49	50	1.42825080000000e-01	0.00000000000000e+00	0.00000000000000e+00	0.00000000000000e+00	8.22604893820231e+01	5.09686000000000e+00	4.19270197911658e+02	0.00000000000000e+00	1
48	47	50	51	4.35427300000000e-02	0.00000000000000e+00	0.00000000000000e+00	0.00000000000000e+00	1.92686642179001e+02	1.46991500000000e+00	2.83232985638546e+02	0.00000000000000e+00	1
48	47	51	52	3.00000000000000e-02	0.00000000000000e+00	0.00000000000000e+00	0.00000000000000e+00	3.69668409777039e+02	6.51929500000000e-01	2.40997741551740e+02	0.00000000000000e+00	1
48	47	52	53	3.00000000000000e-02	0.00000000000000e+00	0.00000000000000e+00	0.00000000000000e+00	6.25887211084131e+02	4.69633000000000e-01	2.93937288603074e+02	0.00000000000000e+00	1
48	47	53	54	3.00000000000000e-02	0.00000000000000e+00	0.00000000000000e+00	0.00000000000000e+00	9.71537992475864e+02	2.23580000000000e-01	2.17216464357754e+02	0.00000000000000e+00	1
48	47	54	55	3.00000000000000e-02	0.00000000000000e+00	0.00000000000000e+00	0.00000000000000e+00	1.41793931271644e+03	1.60803500000000e-01	2.28009604272397e+02	0.00000000000000e+00	1
48	47	55	56	3.00000000000000e-02	0.00000000000000e+00	0.00000000000000e+00	0.00000000000000e+00	2.05142488875002e+03	1.05634500000000e-01	2.16701242410664e+02	0.00000000000000e+00	1
48	46	50	52	7.44742800000000e-02	0.00000000000000e+00	0.00000000000000e+00	0.00000000000000e+00	9.50948638128534e+01	2.60061500000000e+00	2.47305129254664e+02	0.00000000000000e+00	1
48	46	52	54	3.00000000000000e-02	0.00000000000000e+00	0.00000000000000e+00	0.00000000000000e+00	2.61776753561886e+02	9.30561500000000e-01	2.43599368459679e+02	0.00000000000000e+00	1
48	46	54	56	3.00000000000000e-02	0.00000000000000e+00	0.00000000000000e+00	0.00000000000000e+00	5.44771645696250e+02	3.71965500000000e-01	2.02636257577228e+02	0.00000000000000e+00	1
48	46	56	58	3.00000000000000e-02	0.00000000000000e+00	0.00000000000000e+00	0.00000000000000e+00	1.00158289990758e+03	1.84483000000000e-01	1.84775018123651e+02	0.00000000000000e+00	1
48	46	58	60	3.00000000000000e-02	0.00000000000000e+00	0.00000000000000e+00	0.00000000000000e+00	1.62037943326660e+03	1.12092500000000e-01	1.81632381623437e+02	0.00000000000000e+00	1
48	46	60	62	3.00000000000000e-02	0.00000000000000e+00	0.00000000000000e+00	0.00000000000000e+00	2.43008814002666e+03	6.10931500000000e-02	1.48461739251870e+02	0.00000000000000e+00	1
48	46	62	64	3.00000000000000e-02	0.00000000000000e+00	0.00000000000000e+00	0.00000000000000e+00	3.45117795320325e+03	4.02741500000000e-02	1.38993258564001e+02	0.00000000000000e+00	1
48	45	51	54	5.67133800000000e-02	0.00000000000000e+00	0.00000000000000e+00	0.00000000000000e+00	1.15031315475141e+02	1.95045000000000e+00	2.24362829268488e+02	0.00000000000000e+00	1
48	45	54	57	3.00000000000000e-02	0.00000000000000e+00	0.00000000000000e+00	0.00000000000000e+00	3.41866931458788e+02	5.59645000000000e-01	1.91324118856254e+02	0.00000000000000e+00	1
48	45	57	60	3.00000000000000e-02	0.00000000000000e+00	0.00000000000000e+00	0.00000000000000e+00	7.52110676445157e+02	2.17090000000000e-01	1.63275706749479e+02	0.00000000000000e+00	1
48	45	60	63	3.00000000000000e-02	0.00000000000000e+00	0.00000000000000e+00	0.00000000000000e+00	1.35704382688320e+03	1.08368000000000e-01	1.47060125431678e+02	0.00000000000000e+00	1
48	45	63	66	3.00000000000000e-02	0.00000000000000e+00	0.00000000000000e+00	0.00000000000000e+00	2.19895809276206e+03	6.01930000000000e-02	1.32361884477627e+02	0.00000000000000e+00	1
48	45	66	69	3.00000000000000e-02	0.00000000000000e+00	0.00000000000000e+00	0.00000000000000e+00	3.35241905438746e+03	3.48316000000000e-02	1.16770119534802e+02	0.00000000000000e+00	1
48	45	69	72	3.00000000000000e-02	0.00000000000000e+00	0.00000000000000e+00	0.00000000000000e+00	4.79012158174075e+03	2.09538000000000e-02	1.00371249599479e+02	0.00000000000000e+00	1
48	44	52	56	4.62998400000000e-02	0.00000000000000e+00	0.00000000000000e+00	0.00000000000000e+00	1.36443483244780e+02	1.57140000000000e+00	2.14407289570847e+02	0.00000000000000e+00	1
48	44	56	60	3.00000000000000e-02	0.00000000000000e+00	0.00000000000000e+00	0.00000000000000e+00	4.31992737098538e+02	3.81650500000000e-01	1.64870244110026e+02	0.00000000000000e+00	1
48	44	60	64	3.00000000000000e-02	0.00000000000000e+00	0.00000000000000e+00	0.00000000000000e+00	9.35781896253773e+02	1.50683500000000e-01	1.41006891364155e+02	0.00000000000000e+00	1
48	44	64	68	3.00000000000000e-02	0.00000000000000e+00	0.00000000000000e+00	0.00000000000000e+00	1.70469754834593e+03	6.83931500000000e-02	1.16589635128656e+02	0.00000000000000e+00	1
48	44	68	72	3.00000000000000e-02	0.00000000000000e+00	0.00000000000000e+00	0.00000000000000e+00	2.79723838629707e+03	4.02254000000000e-02	1.12520032984154e+02	0.00000000000000e+00	1
48	44	72	76	3.00000000000000e-02	0.00000000000000e+00	0.00000000000000e+00	0.00000000000000e+00	4.29138717682735e+03	1.99932500000000e-02	8.57987766731034e+01	0.00000000000000e+00	1
48	44	76	80	3.00000000000000e-02	0.00000000000000e+00	0.00000000000000e+00	0.00000000000000e+00	6.20314607433694e+03	1.20290000000000e-02	7.46176441281990e+01	0.00000000000000e+00	1
48	43	53	58	3.41703700000000e-02	0.00000000000000e+00	0.00000000000000e+00	0.00000000000000e+00	1.59430747473362e+02	1.12870000000000e+00	1.79949484673184e+02	0.00000000000000e+00	1
48	43	58	63	3.00000000000000e-02	0.00000000000000e+00	0.00000000000000e+00	0.00000000000000e+00	5.12576953165755e+02	2.80547000000000e-01	1.43801926479793e+02	0.00000000000000e+00	1
48	43	63	68	3.00000000000000e-02	0.00000000000000e+00	0.00000000000000e+00	0.00000000000000e+00	1.11590484467937e+03	1.10502000000000e-01	1.23309717146759e+02	0.00000000000000e+00	1
48	43	68	73	3.00000000000000e-02	0.00000000000000e+00	0.00000000000000e+00	0.00000000000000e+00	2.05168511320063e+03	4.85735500000000e-02	9.96576294303064e+01	0.00000000000000e+00	1
48	43	73	78	3.00000000000000e-02	0.00000000000000e+00	0.00000000000000e+00	0.00000000000000e+00	3.40741706360291e+03	2.26856500000000e-02	7.72994709089233e+01	0.00000000000000e+00	1
48	43	78	83	3.00000000000000e-02	0.00000000000000e+00	0.00000000000000e+00	0.00000000000000e+00	5.23537892438354e+03	1.51414000000000e-02	7.92709664456609e+01	0.00000000000000e+00	1
48	43	83	87	3.00000000000000e-02	0.00000000000000e+00	0.00000000000000e+00	0.00000000000000e+00	9.10675919814179e+03	8.77937000000000e-03	7.99516085013901e+01	0.00000000000000e+00	1
48	42	54	60	3.00000000000000e-02	0.00000000000000e+00	0.00000000000000e+00	0.00000000000000e+00	1.83360625166401e+02	9.21627000000000e-01	1.68990102890235e+02	0.00000000000000e+00	1
48	42	60	66	3.00000000000000e-02	0.00000000000000e+00	0.00000000000000e+00	0.00000000000000e+00	5.89895701146493e+02	2.26049500000000e-01	1.33345628296314e+02	0.00000000000000e+00	1
48	42	66	72	3.00000000000000e-02	0.00000000000000e+00	0.00000000000000e+00	0.00000000000000e+00	1.29954043094548e+03	8.09376500000000e-02	1.05181748560715e+02	0.00000000000000e+00	1
48	42	72	78	3.00000000000000e-02	0.00000000000000e+00	0.00000000000000e+00	0.00000000000000e+00	2.41034064050968e+03	3.66655500000000e-02	8.83764652716396e+01	0.00000000000000e+00	1
48	41	55	62	3.00000000000000e-02	0.00000000000000e+00	0.00000000000000e+00	0.00000000000000e+00	2.08182332524950e+02	7.62265000000000e-01	1.58690105702131e+02	0.00000000000000e+00	1
48	41	62	69	3.00000000000000e-02	0.00000000000000e+00	0.00000000000000e+00	0.00000000000000e+00	6.67723418275287e+02	1.83310000000000e-01	1.22400379804043e+02	0.00000000000000e+00	1
48	41	69	76	3.00000000000000e-02	0.00000000000000e+00	0.00000000000000e+00	0.00000000000000e+00	1.48123486539341e+03	6.47787500000000e-02	9.59525430366035e+01	0.00000000000000e+00	1
48	41	76	83	3.00000000000000e-02	0.00000000000000e+00	0.00000000000000e+00	0.00000000000000e+00	2.76376382882493e+03	2.91507500000000e-02	8.05657884331182e+01	0.00000000000000e+00	1
49	48	50	51	3.00000000000000e-02	0.00000000000000e+00	0.00000000000000e+00	0.00000000000000e+00	2.35711129466680e+01	2.31144000000000e+01	5.44832133094462e+02	0.00000000000000e+00	1
49	48	51	52	1.34659780000000e-01	0.00000000000000e+00	0.00000000000000e+00	0.00000000000000e+00	8.45490223397116e+01	4.79883000000000e+00	4.05736384874478e+02	0.00000000000000e+00	1
49	48	52	53	6.43718500000000e-02	0.00000000000000e+00	0.00000000000000e+00	0.00000000000000e+00	1.97166585004900e+02	2.23149500000000e+00	4.39976248605510e+02	0.00000000000000e+00	1
49	48	53	54	3.00000000000000e-02	0.00000000000000e+00	0.00000000000000e+00	0.00000000000000e+00	3.74351673343430e+02	7.57080000000000e-01	2.83414164854844e+02	0.00000000000000e+00	1
49	48	54	55	3.00000000000000e-02	0.00000000000000e+00	0.00000000000000e+00	0.00000000000000e+00	6.29005773066310e+02	4.53755500000000e-01	2.85414829060590e+02	0.00000000000000e+00	1
49	48	55	56	3.00000000000000e-02	0.00000000000000e+00	0.00000000000000e+00	0.00000000000000e+00	1.01343815496041e+03	2.64311000000000e-01	2.67862852175741e+02	0.00000000000000e+00	1
49	48	56	57	3.00000000000000e-02	0.00000000000000e+00	0.00000000000000e+00	0.00000000000000e+00	1.50748567615803e+03	1.82124500000000e-01	2.74550075027443e+02	0.00000000000000e+00	1
49	47	51	53	2.26561770000000e-01	0.00000000000000e+00	0.00000000000000e+00	0.00000000000000e+00	4.71649832075701e+01	8.15509000000000e+00	3.84634682906222e+02	0.00000000000000e+00	1
49	47	53	55	4.70198300000000e-02	0.00000000000000e+00	0.00000000000000e+00	0.00000000000000e+00	1.66787862285420e+02	1.59715000000000e+00	2.66385234249158e+02	0.00000000000000e+00	1
49	47	55	57	3.00000000000000e-02	0.00000000000000e+00	0.00000000000000e+00	0.00000000000000e+00	4.01200095370322e+02	6.30127500000000e-01	2.52807213095463e+02	0.00000000000000e+00	1
49	47	57	59	3.00000000000000e-02	0.00000000000000e+00	0.00000000000000e+00	0.00000000000000e+00	7.71463682163050e+02	2.90223500000000e-01	2.23896889960248e+02	0.00000000000000e+00	1
49	47	59	61	3.00000000000000e-02	0.00000000000000e+00	0.00000000000000e+00	0.00000000000000e+00	1.29252225358050e+03	1.59386000000000e-01	2.06009951909182e+02	0.00000000000000e+00	1
49	47	61	63	3.00000000000000e-02	0.00000000000000e+00	0.00000000000000e+00	0.00000000000000e+00	1.99203381992381e+03	9.56339000000000e-02	1.90505963131211e+02	0.00000000000000e+00	1
49	47	63	65	3.00000000000000e-02	0.00000000000000e+00	0.00000000000000e+00	0.00000000000000e+00	2.90346865871239e+03	7.66341500000000e-02	2.22504852712064e+02	0.00000000000000e+00	1
49	46	52	55	1.29206680000000e-01	0.00000000000000e+00	0.00000000000000e+00	0.00000000000000e+00	7.02828340854388e+01	4.59924500000000e+00	3.23247973253284e+02	0.00000000000000e+00	1
49	46	55	58	3.00000000000000e-02	0.00000000000000e+00	0.00000000000000e+00	0.00000000000000e+00	2.57681341156737e+02	9.07777500000000e-01	2.33917323671910e+02	0.00000000000000e+00	1
49	46	58	61	3.00000000000000e-02	0.00000000000000e+00	0.00000000000000e+00	0.00000000000000e+00	6.01550678449149e+02	3.17465500000000e-01	1.90971586909198e+02	0.00000000000000e+00	1
49	46	61	64	3.00000000000000e-02	0.00000000000000e+00	0.00000000000000e+00	0.00000000000000e+00	1.12715151943272e+03	1.53919500000000e-01	1.73490598295324e+02	0.00000000000000e+00	1
49	46	64	67	3.00000000000000e-02	0.00000000000000e+00	0.00000000000000e+00	0.00000000000000e+00	1.89152766445458e+03	9.51453000000000e-02	1.79969967092831e+02	0.00000000000000e+00	1
49	46	67	70	3.00000000000000e-02	0.00000000000000e+00	0.00000000000000e+00	0.00000000000000e+00	2.94106763183142e+03	4.43283500000000e-02	1.30372675357494e+02	0.00000000000000e+00	1
49	46	70	73	3.00000000000000e-02	0.00000000000000e+00	0.00000000000000e+00	0.00000000000000e+00	4.29222084170693e+03	2.62006000000000e-02	1.12458761385226e+02	0.00000000000000e+00	1
49	45	53	57	7.35142800000000e-02	0.00000000000000e+00	0.00000000000000e+00	0.00000000000000e+00	9.39513353785578e+01	2.56631500000000e+00	2.41108721252024e+02	0.00000000000000e+00	1
49	45	57	61	3.00000000000000e-02	0.00000000000000e+00	0.00000000000000e+00	0.00000000000000e+00	3.43462697635193e+02	5.64841000000000e-01	1.94001813594960e+02	0.00000000000000e+00	1
49	45	61	65	3.00000000000000e-02	0.00000000000000e+00	0.00000000000000e+00	0.00000000000000e+00	7.84835489212495e+02	2.26316000000000e-01	1.77620828576615e+02	0.00000000000000e+00	1
49	45	65	69	3.00000000000000e-02	0.00000000000000e+00	0.00000000000000e+00	0.00000000000000e+00	1.48680313146690e+03	8.93243000000000e-02	1.32807648956089e+02	0.00000000000000e+00	1
49	45	69	73	3.00000000000000e-02	0.00000000000000e+00	0.00000000000000e+00	0.00000000000000e+00	2.48280294052681e+03	4.74519500000000e-02	1.17813840993731e+02	0.00000000000000e+00	1
49	45	73	77	3.00000000000000e-02	0.00000000000000e+00	0.00000000000000e+00	0.00000000000000e+00	3.89562881819809e+03	2.42704000000000e-02	9.45484696691949e+01	0.00000000000000e+00	1
49	45	77	81	3.00000000000000e-02	0.00000000000000e+00	0.00000000000000e+00	0.00000000000000e+00	5.70334236946353e+03	1.62757000000000e-02	9.28258894026775e+01	0.00000000000000e+00	1
49	44	54	59	5.50195900000000e-02	0.00000000000000e+00	0.00000000000000e+00	0.00000000000000e+00	1.18457539767636e+02	1.88881000000000e+00	2.23743785688508e+02	0.00000000000000e+00	1
49	44	59	64	3.00000000000000e-02	0.00000000000000e+00	0.00000000000000e+00	0.00000000000000e+00	4.23685408576096e+02	3.99834500000000e-01	1.69404043495319e+02	0.00000000000000e+00	1
49	44	64	69	3.00000000000000e-02	0.00000000000000e+00	0.00000000000000e+00	0.00000000000000e+00	9.74128504378543e+02	1.51203500000000e-01	1.47291639311801e+02	0.00000000000000e+00	1
49	44	69	74	3.00000000000000e-02	0.00000000000000e+00	0.00000000000000e+00	0.00000000000000e+00	1.83560033099181e+03	6.05752000000000e-02	1.11191857169895e+02	0.00000000000000e+00	1
49	44	74	79	3.00000000000000e-02	0.00000000000000e+00	0.00000000000000e+00	0.00000000000000e+00	3.11097541376623e+03	3.05193000000000e-02	9.49447919453557e+01	0.00000000000000e+00	1
49	43	55	61	4.18300600000000e-02	0.00000000000000e+00	0.00000000000000e+00	0.00000000000000e+00	1.43699841850412e+02	1.40847500000000e+00	2.02397634750258e+02	0.00000000000000e+00	1
49	43	61	67	3.00000000000000e-02	0.00000000000000e+00	0.00000000000000e+00	0.00000000000000e+00	5.02472098371597e+02	3.11455500000000e-01	1.56497698634375e+02	0.00000000000000e+00	1
49	43	67	73	3.00000000000000e-02	0.00000000000000e+00	0.00000000000000e+00	0.00000000000000e+00	1.15848125503887e+03	1.04082500000000e-01	1.20577625227583e+02	0.00000000000000e+00	1
49	43	73	79	3.00000000000000e-02	0.00000000000000e+00	0.00000000000000e+00	0.00000000000000e+00	2.20512076438713e+03	4.17191000000000e-02	9.19956536815432e+01	0.00000000000000e+00	1
49	43	79	84	3.00000000000000e-02	0.00000000000000e+00	0.00000000000000e+00	0.00000000000000e+00	4.30248852458048e+03	2.13439000000000e-02	9.18318848197932e+01	0.00000000000000e+00	1
49	43	84	90	3.00000000000000e-02	0.00000000000000e+00	0.00000000000000e+00	0.00000000000000e+00	5.33096631817585e+03	9.10984000000000e-03	4.85642502039711e+01	0.00000000000000e+00	1
49	43	90	96	3.00000000000000e-02	0.00000000000000e+00	0.00000000000000e+00	0.00000000000000e+00	7.85601878163904e+03	7.91409000000000e-03	6.21732396795817e+01	0.00000000000000e+00	1
49	42	56	63	3.38594000000000e-02	0.00000000000000e+00	0.00000000000000e+00	0.00000000000000e+00	1.67494107966010e+02	1.11594500000000e+00	1.86914212314129e+02	0.00000000000000e+00	1
49	42	63	70	3.00000000000000e-02	0.00000000000000e+00	0.00000000000000e+00	0.00000000000000e+00	5.82074333441439e+02	2.44355000000000e-01	1.42232773748083e+02	0.00000000000000e+00	1
49	42	70	77	3.00000000000000e-02	0.00000000000000e+00	0.00000000000000e+00	0.00000000000000e+00	1.34565648223896e+03	7.32728000000000e-02	9.86000182917991e+01	0.00000000000000e+00	1
49	42	90	97	3.00000000000000e-02	0.00000000000000e+00	0.00000000000000e+00	0.00000000000000e+00	6.22591046743912e+03	9.90935000000000e-03	6.16947258905179e+01	0.00000000000000e+00	1
50	49	51	52	4.95569110000000e-01	0.00000000000000e+00	0.00000000000000e+00	0.00000000000000e+00	2.95097996701956e+01	1.79799500000000e+01	5.30584722580133e+02	0.00000000000000e+00	1
50	49	52	53	1.39518790000000e-01	0.00000000000000e+00	0.00000000000000e+00	0.00000000000000e+00	1.17756673222210e+02	4.97656500000000e+00	5.86023738474088e+02	0.00000000000000e+00	1
50	49	53	54	3.23138900000000e-02	0.00000000000000e+00	0.00000000000000e+00	0.00000000000000e+00	2.92792444332298e+02	1.06013500000000e+00	3.10399517972221e+02	0.00000000000000e+00	1
50	49	54	55	3.00000000000000e-02	0.00000000000000e+00	0.00000000000000e+00	0.00000000000000e+00	5.82172349305541e+02	4.95085500000000e-01	2.88225088642108e+02	0.00000000000000e+00	1
50	49	55	56	3.00000000000000e-02	0.00000000000000e+00	0.00000000000000e+00	0.00000000000000e+00	1.05162859657520e+03	2.57107000000000e-01	2.70381073579660e+02	0.00000000000000e+00	1
50	49	56	57	3.00000000000000e-02	0.00000000000000e+00	0.00000000000000e+00	0.00000000000000e+00	1.69788538013558e+03	1.57109000000000e-01	2.66753074187721e+02	0.00000000000000e+00	1
50	49	57	58	3.00000000000000e-02	0.00000000000000e+00	0.00000000000000e+00	0.00000000000000e+00	2.54087233128416e+03	1.00219550000000e-01	2.54645081648750e+02	0.00000000000000e+00	1
50	48	52	54	2.50418880000000e-01	0.00000000000000e+00	0.00000000000000e+00	0.00000000000000e+00	5.08889932780717e+01	9.02721000000000e+00	4.59385629009742e+02	0.00000000000000e+00	1
50	48	54	56	4.35658400000000e-02	0.00000000000000e+00	0.00000000000000e+00	0.00000000000000e+00	1.90651916821874e+02	1.47093500000000e+00	2.80436577270383e+02	0.00000000000000e+00	1
50	48	56	58	3.00000000000000e-02	0.00000000000000e+00	0.00000000000000e+00	0.00000000000000e+00	4.72203249125504e+02	5.61671000000000e-01	2.65222871139571e+02	0.00000000000000e+00	1
50	48	58	60	3.00000000000000e-02	0.00000000000000e+00	0.00000000000000e+00	0.00000000000000e+00	9.14585126954824e+02	2.42372000000000e-01	2.21669826390295e+02	0.00000000000000e+00	1
50	48	60	62	3.00000000000000e-02	0.00000000000000e+00	0.00000000000000e+00	0.00000000000000e+00	1.55342020877448e+03	1.43968500000000e-01	2.23643577326949e+02	0.00000000000000e+00	1
50	48	62	64	3.00000000000000e-02	0.00000000000000e+00	0.00000000000000e+00	0.00000000000000e+00	2.41980664705628e+03	7.92117000000000e-02	1.91676998184628e+02	0.00000000000000e+00	1
50	48	64	66	3.00000000000000e-02	0.00000000000000e+00	0.00000000000000e+00	0.00000000000000e+00	3.57577550885631e+03	6.70812000000000e-02	2.39867312064692e+02	0.00000000000000e+00	1
50	47	53	56	1.06729680000000e-01	0.00000000000000e+00	0.00000000000000e+00	0.00000000000000e+00	7.37798000974366e+01	3.77883000000000e+00	2.78801322002197e+02	0.00000000000000e+00	1
50	47	56	59	3.00000000000000e-02	0.00000000000000e+00	0.00000000000000e+00	0.00000000000000e+00	2.79875231660087e+02	8.67268500000000e-01	2.42726972348996e+02	0.00000000000000e+00	1
50	47	59	62	3.00000000000000e-02	0.00000000000000e+00	0.00000000000000e+00	0.00000000000000e+00	6.55932534221904e+02	3.24203500000000e-01	2.12655623358611e+02	0.00000000000000e+00	1
50	47	62	65	3.00000000000000e-02	0.00000000000000e+00	0.00000000000000e+00	0.00000000000000e+00	1.24999074701310e+03	1.62341000000000e-01	2.02924747860853e+02	0.00000000000000e+00	1
50	47	65	68	3.00000000000000e-02	0.00000000000000e+00	0.00000000000000e+00	0.00000000000000e+00	2.12119747863890e+03	7.07077000000000e-02	1.49984994960356e+02	0.00000000000000e+00	1
50	47	68	71	3.00000000000000e-02	0.00000000000000e+00	0.00000000000000e+00	0.00000000000000e+00	3.31387867791415e+03	4.33661500000000e-02	1.43710159828227e+02	0.00000000000000e+00	1
50	47	71	74	3.00000000000000e-02	0.00000000000000e+00	0.00000000000000e+00	0.00000000000000e+00	4.89420202143752e+03	2.61062500000000e-02	1.27769261522153e+02	0.00000000000000e+00	1
50	46	54	58	7.42288800000000e-02	0.00000000000000e+00	0.00000000000000e+00	0.00000000000000e+00	9.80685952403713e+01	2.59191500000000e+00	2.54185463032447e+02	0.00000000000000e+00	1
50	46	58	62	3.00000000000000e-02	0.00000000000000e+00	0.00000000000000e+00	0.00000000000000e+00	3.61561674506875e+02	5.54583500000000e-01	2.00516138913883e+02	0.00000000000000e+00	1
50	46	62	66	3.00000000000000e-02	0.00000000000000e+00	0.00000000000000e+00	0.00000000000000e+00	8.37947661602408e+02	2.11404500000000e-01	1.77145906427226e+02	0.00000000000000e+00	1
50	46	66	70	3.00000000000000e-02	0.00000000000000e+00	0.00000000000000e+00	0.00000000000000e+00	1.60192019002834e+03	8.30816000000000e-02	1.33090092459859e+02	0.00000000000000e+00	1
50	46	70	74	3.00000000000000e-02	0.00000000000000e+00	0.00000000000000e+00	0.00000000000000e+00	2.71581757776895e+03	5.08274500000000e-02	1.38038082143173e+02	0.00000000000000e+00	1
50	45	55	60	5.37867900000000e-02	0.00000000000000e+00	0.00000000000000e+00	0.00000000000000e+00	1.23330048648831e+02	1.84383500000000e+00	2.27400260250417e+02	0.00000000000000e+00	1
50	45	60	65	3.00000000000000e-02	0.00000000000000e+00	0.00000000000000e+00	0.00000000000000e+00	4.40287795161355e+02	4.21712000000000e-01	1.85674646673085e+02	0.00000000000000e+00	1
50	45	65	70	3.00000000000000e-02	0.00000000000000e+00	0.00000000000000e+00	0.00000000000000e+00	1.02279497769927e+03	1.33538500000000e-01	1.36582507129493e+02	0.00000000000000e+00	1
50	45	70	75	3.00000000000000e-02	0.00000000000000e+00	0.00000000000000e+00	0.00000000000000e+00	1.95447828127924e+03	5.36727000000000e-02	1.04902126447616e+02	0.00000000000000e+00	1
50	45	75	80	3.00000000000000e-02	0.00000000000000e+00	0.00000000000000e+00	0.00000000000000e+00	3.32483650454115e+03	3.07701000000000e-02	1.02305551728382e+02	0.00000000000000e+00	1
50	45	80	84	3.00000000000000e-02	0.00000000000000e+00	0.00000000000000e+00	0.00000000000000e+00	6.25194871309796e+03	1.57945000000000e-02	9.87464039490257e+01	0.00000000000000e+00	1
50	45	84	89	3.00000000000000e-02	0.00000000000000e+00	0.00000000000000e+00	0.00000000000000e+00	7.02278229500745e+03	8.82390000000000e-03	6.19683286929162e+01	0.00000000000000e+00	1
50	44	56	62	4.20313600000000e-02	0.00000000000000e+00	0.00000000000000e+00	0.00000000000000e+00	1.47265140451892e+02	1.41662500000000e+00	2.08619479592661e+02	0.00000000000000e+00	1
50	44	62	68	3.00000000000000e-02	0.00000000000000e+00	0.00000000000000e+00	0.00000000000000e+00	5.19304538153902e+02	3.05654500000000e-01	1.58727768957162e+02	0.00000000000000e+00	1
50	44	68	74	3.00000000000000e-02	0.00000000000000e+00	0.00000000000000e+00	0.00000000000000e+00	1.20897112846343e+03	9.77634000000000e-02	1.18193128020422e+02	0.00000000000000e+00	1
50	44	74	80	3.00000000000000e-02	0.00000000000000e+00	0.00000000000000e+00	0.00000000000000e+00	2.31746710903920e+03	3.91671500000000e-02	9.07685818798048e+01	0.00000000000000e+00	1
50	44	80	85	3.00000000000000e-02	0.00000000000000e+00	0.00000000000000e+00	0.00000000000000e+00	4.54283582596277e+03	2.30508000000000e-02	1.04716000057103e+02	0.00000000000000e+00	1
50	44	85	91	3.00000000000000e-02	0.00000000000000e+00	0.00000000000000e+00	0.00000000000000e+00	5.64458060366778e+03	6.88084000000000e-03	3.88394560009414e+01	0.00000000000000e+00	1
50	43	57	64	3.36528600000000e-02	0.00000000000000e+00	0.00000000000000e+00	0.00000000000000e+00	1.70215424443419e+02	1.10895500000000e+00	1.88761246013651e+02	0.00000000000000e+00	1
50	43	64	71	3.00000000000000e-02	0.00000000000000e+00	0.00000000000000e+00	0.00000000000000e+00	5.98959672145049e+02	2.38946000000000e-01	1.43119017820371e+02	0.00000000000000e+00	1
50	43	71	78	3.00000000000000e-02	0.00000000000000e+00	0.00000000000000e+00	0.00000000000000e+00	1.39717234421636e+03	7.31972500000000e-02	1.02269173372691e+02	0.00000000000000e+00	1
50	43	78	84	3.00000000000000e-02	0.00000000000000e+00	0.00000000000000e+00	0.00000000000000e+00	3.00748083825716e+03	3.07375500000000e-02	9.24425926399713e+01	0.00000000000000e+00	1
50	43	84	91	3.00000000000000e-02	0.00000000000000e+00	0.00000000000000e+00	0.00000000000000e+00	4.17198615875131e+03	1.30860500000000e-02	5.45948194727276e+01	0.00000000000000e+00	1
50	43	91	98	3.00000000000000e-02	0.00000000000000e+00	0.00000000000000e+00	0.00000000000000e+00	6.54615408507294e+03	8.50055000000000e-03	5.56459101078668e+01	0.00000000000000e+00	1
50	43	98	105	3.00000000000000e-02	0.00000000000000e+00	0.00000000000000e+00	0.00000000000000e+00	9.66280717848881e+03	6.75004000000000e-03	6.52243349670866e+01	0.00000000000000e+00	1
51	50	52	53	3.00000000000000e-02	0.00000000000000e+00	0.00000000000000e+00	0.00000000000000e+00	2.93697958770113e+01	2.59803500000000e+01	7.63037576313310e+02	0.00000000000000e+00	1
51	50	53	54	8.61270200000000e-02	0.00000000000000e+00	0.00000000000000e+00	0.00000000000000e+00	1.17014350351052e+02	3.02578500000000e+00	3.54060266076959e+02	0.00000000000000e+00	1
51	50	54	55	3.09610400000000e-02	0.00000000000000e+00	0.00000000000000e+00	0.00000000000000e+00	2.91451207196208e+02	1.00975500000000e+00	2.94294313722407e+02	0.00000000000000e+00	1
51	50	55	56	3.00000000000000e-02	0.00000000000000e+00	0.00000000000000e+00	0.00000000000000e+00	6.02203832263790e+02	4.37837500000000e-01	2.63667420408797e+02	0.00000000000000e+00	1
51	50	56	57	3.00000000000000e-02	0.00000000000000e+00	0.00000000000000e+00	0.00000000000000e+00	1.06151062521844e+03	2.32742000000000e-01	2.47058105934591e+02	0.00000000000000e+00	1
51	50	57	58	3.00000000000000e-02	0.00000000000000e+00	0.00000000000000e+00	0.00000000000000e+00	1.69136961321015e+03	1.40088000000000e-01	2.36940586375383e+02	0.00000000000000e+00	1
51	50	58	59	3.00000000000000e-02	0.00000000000000e+00	0.00000000000000e+00	0.00000000000000e+00	2.52944879540082e+03	9.85069500000000e-02	2.49168286016109e+02	0.00000000000000e+00	1
51	49	53	55	1.56294030000000e-01	0.00000000000000e+00	0.00000000000000e+00	0.00000000000000e+00	5.84448088318146e+01	5.59011500000000e+00	3.26713202522859e+02	0.00000000000000e+00	1
51	49	55	57	3.30417300000000e-02	0.00000000000000e+00	0.00000000000000e+00	0.00000000000000e+00	2.41400414112998e+02	1.08676000000000e+00	2.62344314041441e+02	0.00000000000000e+00	1
51	49	57	59	3.00000000000000e-02	0.00000000000000e+00	0.00000000000000e+00	0.00000000000000e+00	6.03835697909027e+02	4.00437500000000e-01	2.41798457281446e+02	0.00000000000000e+00	1
51	49	59	61	3.00000000000000e-02	0.00000000000000e+00	0.00000000000000e+00	0.00000000000000e+00	1.19028231380403e+03	1.65337000000000e-01	1.96797706917417e+02	0.00000000000000e+00	1
51	49	61	63	3.00000000000000e-02	0.00000000000000e+00	0.00000000000000e+00	0.00000000000000e+00	2.05471090209543e+03	1.05210500000000e-01	2.16177161364911e+02	0.00000000000000e+00	1
51	49	63	65	3.00000000000000e-02	0.00000000000000e+00	0.00000000000000e+00	0.00000000000000e+00	3.25769059306683e+03	5.32521000000000e-02	1.73478865231054e+02	0.00000000000000e+00	1
51	49	65	67	3.00000000000000e-02	0.00000000000000e+00	0.00000000000000e+00	0.00000000000000e+00	4.86218372164375e+03	3.08641000000000e-02	1.50066924603185e+02	0.00000000000000e+00	1
51	48	54	57	9.88091400000000e-02	0.00000000000000e+00	0.00000000000000e+00	0.00000000000000e+00	7.98007395577706e+01	3.49047000000000e+00	2.78542087404212e+02	0.00000000000000e+00	1
51	48	57	60	3.00000000000000e-02	0.00000000000000e+00	0.00000000000000e+00	0.00000000000000e+00	3.09995310724521e+02	7.55329500000000e-01	2.34148603051897e+02	0.00000000000000e+00	1
51	48	60	63	3.00000000000000e-02	0.00000000000000e+00	0.00000000000000e+00	0.00000000000000e+00	7.40984236086177e+02	2.82546500000000e-01	2.09362502461323e+02	0.00000000000000e+00	1
51	48	63	66	3.00000000000000e-02	0.00000000000000e+00	0.00000000000000e+00	0.00000000000000e+00	1.43340217526410e+03	1.40867500000000e-01	2.01919780924016e+02	0.00000000000000e+00	1
51	48	66	69	3.00000000000000e-02	0.00000000000000e+00	0.00000000000000e+00	0.00000000000000e+00	2.47246598183525e+03	6.24452500000000e-02	1.54393756352197e+02	0.00000000000000e+00	1
51	48	69	72	3.00000000000000e-02	0.00000000000000e+00	0.00000000000000e+00	0.00000000000000e+00	3.86943737539020e+03	3.37392000000000e-02	1.30551721495765e+02	0.00000000000000e+00	1
51	48	72	75	3.00000000000000e-02	0.00000000000000e+00	0.00000000000000e+00	0.00000000000000e+00	5.78235950487290e+03	1.60963500000000e-02	9.30748824162609e+01	0.00000000000000e+00	1
51	47	55	59	6.92274100000000e-02	0.00000000000000e+00	0.00000000000000e+00	0.00000000000000e+00	1.04304286002618e+02	2.40874000000000e+00	2.51241905865945e+02	0.00000000000000e+00	1
51	47	59	63	3.00000000000000e-02	0.00000000000000e+00	0.00000000000000e+00	0.00000000000000e+00	3.84245345584303e+02	5.26614500000000e-01	2.02349170542205e+02	0.00000000000000e+00	1
51	47	63	67	3.00000000000000e-02	0.00000000000000e+00	0.00000000000000e+00	0.00000000000000e+00	9.06399274000050e+02	1.94514500000000e-01	1.76307801582483e+02	0.00000000000000e+00	1
51	47	67	71	3.00000000000000e-02	0.00000000000000e+00	0.00000000000000e+00	0.00000000000000e+00	1.75798996928436e+03	8.73223000000000e-02	1.53511727494840e+02	0.00000000000000e+00	1
51	47	71	75	3.00000000000000e-02	0.00000000000000e+00	0.00000000000000e+00	0.00000000000000e+00	3.00628175604974e+03	3.65353000000000e-02	1.09835405841804e+02	0.00000000000000e+00	1
51	47	75	79	3.00000000000000e-02	0.00000000000000e+00	0.00000000000000e+00	0.00000000000000e+00	4.74392250199433e+03	2.87243000000000e-02	1.36265853124036e+02	0.00000000000000e+00	1
51	47	79	83	3.00000000000000e-02	0.00000000000000e+00	0.00000000000000e+00	0.00000000000000e+00	7.03908202560878e+03	1.26897000000000e-02	8.93238391803677e+01	0.00000000000000e+00	1
51	46	56	61	5.16566000000000e-02	0.00000000000000e+00	0.00000000000000e+00	0.00000000000000e+00	1.27824496399333e+02	1.76927000000000e+00	2.26156046744447e+02	0.00000000000000e+00	1
51	46	61	66	3.00000000000000e-02	0.00000000000000e+00	0.00000000000000e+00	0.00000000000000e+00	4.60458865415491e+02	4.06631000000000e-01	1.87236848902767e+02	0.00000000000000e+00	1
51	46	66	71	3.00000000000000e-02	0.00000000000000e+00	0.00000000000000e+00	0.00000000000000e+00	1.08723311677362e+03	1.22576000000000e-01	1.33268686521643e+02	0.00000000000000e+00	1
51	46	71	76	3.00000000000000e-02	0.00000000000000e+00	0.00000000000000e+00	0.00000000000000e+00	2.10260490994948e+03	5.07119000000000e-02	1.06627089932867e+02	0.00000000000000e+00	1
51	45	57	63	4.05752400000000e-02	0.00000000000000e+00	0.00000000000000e+00	0.00000000000000e+00	1.50559349439625e+02	1.36252000000000e+00	2.05140124798477e+02	0.00000000000000e+00	1
51	45	63	69	3.00000000000000e-02	0.00000000000000e+00	0.00000000000000e+00	0.00000000000000e+00	5.39040462209572e+02	2.96562000000000e-01	1.59858917553795e+02	0.00000000000000e+00	1
51	45	69	75	3.00000000000000e-02	0.00000000000000e+00	0.00000000000000e+00	0.00000000000000e+00	1.26573905744812e+03	8.50750000000000e-02	1.07682750312399e+02	0.00000000000000e+00	1
51	45	75	81	3.00000000000000e-02	0.00000000000000e+00	0.00000000000000e+00	0.00000000000000e+00	2.45255624836850e+03	4.55951500000000e-02	1.11824670027799e+02	0.00000000000000e+00	1
51	45	81	86	3.00000000000000e-02	0.00000000000000e+00	0.00000000000000e+00	0.00000000000000e+00	4.81892365299702e+03	1.90900000000000e-02	9.19932525357132e+01	0.00000000000000e+00	1
51	45	86	92	3.00000000000000e-02	0.00000000000000e+00	0.00000000000000e+00	0.00000000000000e+00	6.01413373147527e+03	9.91791000000000e-03	5.96476370767359e+01	0.00000000000000e+00	1
51	45	92	98	3.00000000000000e-02	0.00000000000000e+00	0.00000000000000e+00	0.00000000000000e+00	8.94322145718599e+03	2.31971000000000e-03	2.07456802464489e+01	0.00000000000000e+00	1
51	44	58	65	3.33328300000000e-02	0.00000000000000e+00	0.00000000000000e+00	0.00000000000000e+00	1.73073294360042e+02	1.09744000000000e+00	1.89937556162485e+02	0.00000000000000e+00	1
51	44	65	72	3.00000000000000e-02	0.00000000000000e+00	0.00000000000000e+00	0.00000000000000e+00	6.17962089430390e+02	2.13571000000000e-01	1.31978781401738e+02	0.00000000000000e+00	1
51	44	72	79	3.00000000000000e-02	0.00000000000000e+00	0.00000000000000e+00	0.00000000000000e+00	1.45688688550404e+03	6.85092500000000e-02	9.98102278607176e+01	0.00000000000000e+00	1
51	44	79	85	3.00000000000000e-02	0.00000000000000e+00	0.00000000000000e+00	0.00000000000000e+00	3.15130070744180e+03	2.89805500000000e-02	9.13264277170524e+01	0.00000000000000e+00	1
52	51	53	54	3.62032440000000e-01	0.00000000000000e+00	0.00000000000000e+00	0.00000000000000e+00	2.93739147319439e+01	1.31067500000000e+01	3.84996556912905e+02	0.00000000000000e+00	1
52	51	54	55	6.95598400000000e-02	0.00000000000000e+00	0.00000000000000e+00	0.00000000000000e+00	1.17425283144707e+02	2.42134000000000e+00	2.84326535089606e+02	0.00000000000000e+00	1
52	51	55	56	3.00000000000000e-02	0.00000000000000e+00	0.00000000000000e+00	0.00000000000000e+00	3.03785435009380e+02	7.91227500000000e-01	2.40363390278884e+02	0.00000000000000e+00	1
52	51	56	57	3.00000000000000e-02	0.00000000000000e+00	0.00000000000000e+00	0.00000000000000e+00	6.10088891103786e+02	3.58553500000000e-01	2.18749507216381e+02	0.00000000000000e+00	1
52	51	57	58	3.00000000000000e-02	0.00000000000000e+00	0.00000000000000e+00	0.00000000000000e+00	1.06023196089756e+03	1.93647500000000e-01	2.05311268647910e+02	0.00000000000000e+00	1
52	51	58	59	3.00000000000000e-02	0.00000000000000e+00	0.00000000000000e+00	0.00000000000000e+00	1.68803654482918e+03	1.15399000000000e-01	1.94797729236743e+02	0.00000000000000e+00	1
52	51	59	60	3.00000000000000e-02	0.00000000000000e+00	0.00000000000000e+00	0.00000000000000e+00	2.49537660170063e+03	7.21708500000000e-02	1.80093450414846e+02	0.00000000000000e+00	1
52	50	54	56	1.30855940000000e-01	0.00000000000000e+00	0.00000000000000e+00	0.00000000000000e+00	5.91732643870028e+01	4.66090000000000e+00	2.75800667981381e+02	0.00000000000000e+00	1
52	50	56	58	3.00000000000000e-02	0.00000000000000e+00	0.00000000000000e+00	0.00000000000000e+00	2.42978779045562e+02	9.28646500000000e-01	2.25641392734934e+02	0.00000000000000e+00	1
52	50	58	60	3.00000000000000e-02	0.00000000000000e+00	0.00000000000000e+00	0.00000000000000e+00	5.99174162096698e+02	3.40000500000000e-01	2.03719514699958e+02	0.00000000000000e+00	1
52	50	60	62	3.00000000000000e-02	0.00000000000000e+00	0.00000000000000e+00	0.00000000000000e+00	1.18097591551431e+03	1.63470000000000e-01	1.93054132909123e+02	0.00000000000000e+00	1
52	50	62	64	3.00000000000000e-02	0.00000000000000e+00	0.00000000000000e+00	0.00000000000000e+00	2.03902528048838e+03	9.61571000000000e-02	1.96066757798449e+02	0.00000000000000e+00	1
52	50	64	66	3.00000000000000e-02	0.00000000000000e+00	0.00000000000000e+00	0.00000000000000e+00	3.24790014295167e+03	4.03677500000000e-02	1.31110420995637e+02	0.00000000000000e+00	1
52	50	66	68	3.00000000000000e-02	0.00000000000000e+00	0.00000000000000e+00	0.00000000000000e+00	4.85231806110949e+03	3.10438500000000e-02	1.50634634041374e+02	0.00000000000000e+00	1
52	49	55	58	7.63907300000000e-02	0.00000000000000e+00	0.00000000000000e+00	0.00000000000000e+00	9.08976072354951e+01	2.67085500000000e+00	2.42774328772958e+02	0.00000000000000e+00	1
52	49	58	61	3.00000000000000e-02	0.00000000000000e+00	0.00000000000000e+00	0.00000000000000e+00	3.59022258177390e+02	5.65195500000000e-01	2.02917764721699e+02	0.00000000000000e+00	1
52	49	61	64	3.00000000000000e-02	0.00000000000000e+00	0.00000000000000e+00	0.00000000000000e+00	8.77163290641377e+02	2.37211500000000e-01	2.08073219917977e+02	0.00000000000000e+00	1
52	49	64	67	3.00000000000000e-02	0.00000000000000e+00	0.00000000000000e+00	0.00000000000000e+00	1.73892321437027e+03	8.21669500000000e-02	1.42882016809002e+02	0.00000000000000e+00	1
52	49	67	70	3.00000000000000e-02	0.00000000000000e+00	0.00000000000000e+00	0.00000000000000e+00	3.03295506915488e+03	4.98133000000000e-02	1.51081500746333e+02	0.00000000000000e+00	1
52	49	70	73	3.00000000000000e-02	0.00000000000000e+00	0.00000000000000e+00	0.00000000000000e+00	4.81941907574942e+03	2.64858000000000e-02	1.27646169756484e+02	0.00000000000000e+00	1
52	49	73	76	3.00000000000000e-02	0.00000000000000e+00	0.00000000000000e+00	0.00000000000000e+00	7.26421524926240e+03	1.35404000000000e-02	9.83603801611126e+01	0.00000000000000e+00	1
52	48	56	60	5.99041500000000e-02	0.00000000000000e+00	0.00000000000000e+00	0.00000000000000e+00	1.11164548538164e+02	2.06938500000000e+00	2.30042249276649e+02	0.00000000000000e+00	1
52	48	60	64	3.00000000000000e-02	0.00000000000000e+00	0.00000000000000e+00	0.00000000000000e+00	4.17678718507097e+02	4.83883000000000e-01	2.02107631347369e+02	0.00000000000000e+00	1
52	48	64	68	3.00000000000000e-02	0.00000000000000e+00	0.00000000000000e+00	0.00000000000000e+00	1.00817658580159e+03	1.68579000000000e-01	1.69957400657845e+02	0.00000000000000e+00	1
52	48	68	72	3.00000000000000e-02	0.00000000000000e+00	0.00000000000000e+00	0.00000000000000e+00	1.97367713658456e+03	7.12572500000000e-02	1.40638805140890e+02	0.00000000000000e+00	1
52	48	72	76	3.00000000000000e-02	0.00000000000000e+00	0.00000000000000e+00	0.00000000000000e+00	3.42085392818296e+03	3.24079000000000e-02	1.10862692019160e+02	0.00000000000000e+00	1
52	48	76	80	3.00000000000000e-02	0.00000000000000e+00	0.00000000000000e+00	0.00000000000000e+00	5.40900821291448e+03	2.31483000000000e-02	1.25209344815008e+02	0.00000000000000e+00	1
52	47	57	62	4.74049000000000e-02	0.00000000000000e+00	0.00000000000000e+00	0.00000000000000e+00	1.32618398422672e+02	1.61254500000000e+00	2.13853135284488e+02	0.00000000000000e+00	1
52	47	62	67	3.00000000000000e-02	0.00000000000000e+00	0.00000000000000e+00	0.00000000000000e+00	4.87671725274589e+02	3.62548500000000e-01	1.76804652490714e+02	0.00000000000000e+00	1
52	47	67	72	3.00000000000000e-02	0.00000000000000e+00	0.00000000000000e+00	0.00000000000000e+00	1.17078066177769e+03	1.24875000000000e-01	1.46201235139488e+02	0.00000000000000e+00	1
52	47	72	77	3.00000000000000e-02	0.00000000000000e+00	0.00000000000000e+00	0.00000000000000e+00	2.28466100669095e+03	5.08668000000000e-02	1.16213394495147e+02	0.00000000000000e+00	1
52	47	77	82	3.00000000000000e-02	0.00000000000000e+00	0.00000000000000e+00	0.00000000000000e+00	3.93071135720702e+03	2.51772500000000e-02	9.89645025182404e+01	0.00000000000000e+00	1
52	47	82	86	3.00000000000000e-02	0.00000000000000e+00	0.00000000000000e+00	0.00000000000000e+00	7.42568569898541e+03	1.20805000000000e-02	8.97059960865932e+01	0.00000000000000e+00	1
52	47	86	91	3.00000000000000e-02	0.00000000000000e+00	0.00000000000000e+00	0.00000000000000e+00	8.42299566756895e+03	3.88618000000000e-03	3.27332773033931e+01	0.00000000000000e+00	1
52	46	58	64	3.85839400000000e-02	0.00000000000000e+00	0.00000000000000e+00	0.00000000000000e+00	1.54441496957932e+02	1.29526000000000e+00	2.00041893349731e+02	0.00000000000000e+00	1
52	46	64	70	3.00000000000000e-02	0.00000000000000e+00	0.00000000000000e+00	0.00000000000000e+00	5.63867667619479e+02	2.50598500000000e-01	1.41304391703940e+02	0.00000000000000e+00	1
52	46	70	76	3.00000000000000e-02	0.00000000000000e+00	0.00000000000000e+00	0.00000000000000e+00	1.34605171781734e+03	8.08370500000000e-02	1.08810850015786e+02	0.00000000000000e+00	1
52	46	76	82	3.00000000000000e-02	0.00000000000000e+00	0.00000000000000e+00	0.00000000000000e+00	2.61518255415532e+03	3.88628000000000e-02	1.01633316565627e+02	0.00000000000000e+00	1
52	45	59	66	3.17316100000000e-02	0.00000000000000e+00	0.00000000000000e+00	0.00000000000000e+00	1.76133458277131e+02	1.04014500000000e+00	1.83204335959667e+02	0.00000000000000e+00	1
52	45	66	73	3.00000000000000e-02	0.00000000000000e+00	0.00000000000000e+00	0.00000000000000e+00	6.40408059670469e+02	2.04861500000000e-01	1.31194955716182e+02	0.00000000000000e+00	1
52	45	73	80	3.00000000000000e-02	0.00000000000000e+00	0.00000000000000e+00	0.00000000000000e+00	1.52769743779483e+03	6.49561000000000e-02	9.92332675391446e+01	0.00000000000000e+00	1
52	45	80	86	3.00000000000000e-02	0.00000000000000e+00	0.00000000000000e+00	0.00000000000000e+00	3.31659715695814e+03	2.68460000000000e-02	8.90373672756982e+01	0.00000000000000e+00	1
52	45	86	93	3.00000000000000e-02	0.00000000000000e+00	0.00000000000000e+00	0.00000000000000e+00	4.64011144285066e+03	1.26982000000000e-02	5.89210631236062e+01	0.00000000000000e+00	1
52	45	93	100	3.00000000000000e-02	0.00000000000000e+00	0.00000000000000e+00	0.00000000000000e+00	7.33417605236303e+03	8.04999000000000e-03	5.90400438797618e+01	0.00000000000000e+00	1
53	52	54	55	3.00000000000000e-02	0.00000000000000e+00	0.00000000000000e+00	0.00000000000000e+00	2.96582523446155e+01	1.83456000000000e+01	5.44098434213379e+02	0.00000000000000e+00	1
53	52	55	56	8.64969500000000e-02	0.00000000000000e+00	0.00000000000000e+00	0.00000000000000e+00	1.22779398066748e+02	3.03969500000000e+00	3.73211922406502e+02	0.00000000000000e+00	1
53	52	56	57	3.00000000000000e-02	0.00000000000000e+00	0.00000000000000e+00	0.00000000000000e+00	3.06126322415583e+02	9.60205000000000e-01	2.93944025415055e+02	0.00000000000000e+00	1
53	52	57	58	3.00000000000000e-02	0.00000000000000e+00	0.00000000000000e+00	0.00000000000000e+00	6.05305030227284e+02	4.15800500000000e-01	2.51686134221020e+02	0.00000000000000e+00	1
53	52	58	59	3.00000000000000e-02	0.00000000000000e+00	0.00000000000000e+00	0.00000000000000e+00	1.05138325199330e+03	2.07000500000000e-01	2.17636858854240e+02	0.00000000000000e+00	1
53	52	59	60	3.00000000000000e-02	0.00000000000000e+00	0.00000000000000e+00	0.00000000000000e+00	1.65604285228672e+03	1.30573000000000e-01	2.16234483351634e+02	0.00000000000000e+00	1
53	52	60	61	3.00000000000000e-02	0.00000000000000e+00	0.00000000000000e+00	0.00000000000000e+00	2.47991669720588e+03	8.88917500000000e-02	2.20444135068851e+02	0.00000000000000e+00	1
53	51	55	57	1.44144630000000e-01	0.00000000000000e+00	0.00000000000000e+00	0.00000000000000e+00	6.11912091862175e+01	5.14624000000000e+00	3.14904648362480e+02	0.00000000000000e+00	1
53	51	57	59	3.00000000000000e-02	0.00000000000000e+00	0.00000000000000e+00	0.00000000000000e+00	2.41616999206116e+02	9.34986500000000e-01	2.25908632428229e+02	0.00000000000000e+00	1
53	51	59	61	3.00000000000000e-02	0.00000000000000e+00	0.00000000000000e+00	0.00000000000000e+00	5.92202056694280e+02	3.38871000000000e-01	2.00680103154047e+02	0.00000000000000e+00	1
53	51	61	63	3.00000000000000e-02	0.00000000000000e+00	0.00000000000000e+00	0.00000000000000e+00	1.16706655447233e+03	1.88410500000000e-01	2.19887593061409e+02	0.00000000000000e+00	1
53	51	63	65	3.00000000000000e-02	0.00000000000000e+00	0.00000000000000e+00	0.00000000000000e+00	2.02432283461663e+03	9.32799000000000e-02	1.88828631580756e+02	0.00000000000000e+00	1
53	51	65	67	3.00000000000000e-02	0.00000000000000e+00	0.00000000000000e+00	0.00000000000000e+00	3.22422384043500e+03	5.18356500000000e-02	1.67129738514445e+02	0.00000000000000e+00	1
53	51	67	69	3.00000000000000e-02	0.00000000000000e+00	0.00000000000000e+00	0.00000000000000e+00	4.85929870372755e+03	3.69890500000000e-02	1.79740842717114e+02	0.00000000000000e+00	1
53	50	56	59	7.77489300000000e-02	0.00000000000000e+00	0.00000000000000e+00	0.00000000000000e+00	9.11315684012078e+01	2.72143500000000e+00	2.48008639851941e+02	0.00000000000000e+00	1
53	50	59	62	3.00000000000000e-02	0.00000000000000e+00	0.00000000000000e+00	0.00000000000000e+00	3.54477724598723e+02	5.70614000000000e-01	2.02269952344176e+02	0.00000000000000e+00	1
53	50	62	65	3.00000000000000e-02	0.00000000000000e+00	0.00000000000000e+00	0.00000000000000e+00	8.71281187072428e+02	2.22809500000000e-01	1.94129725651014e+02	0.00000000000000e+00	1
53	50	65	68	3.00000000000000e-02	0.00000000000000e+00	0.00000000000000e+00	0.00000000000000e+00	1.73065098673581e+03	9.43904000000000e-02	1.63356838898388e+02	0.00000000000000e+00	1
53	50	68	71	3.00000000000000e-02	0.00000000000000e+00	0.00000000000000e+00	0.00000000000000e+00	3.01243326811669e+03	4.66092000000000e-02	1.40407104680305e+02	0.00000000000000e+00	1
53	50	71	74	3.00000000000000e-02	0.00000000000000e+00	0.00000000000000e+00	0.00000000000000e+00	4.81319116609883e+03	2.89721000000000e-02	1.39448255783332e+02	0.00000000000000e+00	1
53	50	74	77	3.00000000000000e-02	0.00000000000000e+00	0.00000000000000e+00	0.00000000000000e+00	7.22217643501914e+03	1.55913500000000e-02	1.12603480560136e+02	0.00000000000000e+00	1
53	49	57	61	5.35309700000000e-02	0.00000000000000e+00	0.00000000000000e+00	0.00000000000000e+00	1.20140166030193e+02	1.83493000000000e+00	2.20448794853783e+02	0.00000000000000e+00	1
53	49	61	65	3.00000000000000e-02	0.00000000000000e+00	0.00000000000000e+00	0.00000000000000e+00	4.66310487072267e+02	4.43343000000000e-01	2.06735490270080e+02	0.00000000000000e+00	1
53	49	65	69	3.00000000000000e-02	0.00000000000000e+00	0.00000000000000e+00	0.00000000000000e+00	1.15625519178604e+03	1.43220500000000e-01	1.65599446695192e+02	0.00000000000000e+00	1
53	49	69	73	3.00000000000000e-02	0.00000000000000e+00	0.00000000000000e+00	0.00000000000000e+00	2.28574650843089e+03	6.06641500000000e-02	1.38662869049428e+02	0.00000000000000e+00	1
53	49	73	77	3.00000000000000e-02	0.00000000000000e+00	0.00000000000000e+00	0.00000000000000e+00	4.02215874178132e+03	2.52962000000000e-02	1.01745331963849e+02	0.00000000000000e+00	1
53	49	77	81	3.00000000000000e-02	0.00000000000000e+00	0.00000000000000e+00	0.00000000000000e+00	6.40885712888489e+03	1.93326000000000e-02	1.23899871329880e+02	0.00000000000000e+00	1
53	49	81	84	3.00000000000000e-02	0.00000000000000e+00	0.00000000000000e+00	0.00000000000000e+00	1.22417085887736e+04	9.59356000000000e-03	1.17441565848915e+02	0.00000000000000e+00	1
53	48	58	63	4.50688300000000e-02	0.00000000000000e+00	0.00000000000000e+00	0.00000000000000e+00	1.38739339868951e+02	1.52570500000000e+00	2.11675304534758e+02	0.00000000000000e+00	1
53	48	63	68	3.00000000000000e-02	0.00000000000000e+00	0.00000000000000e+00	0.00000000000000e+00	5.24653828935017e+02	3.48358500000000e-01	1.82767620867059e+02	0.00000000000000e+00	1
53	48	68	73	3.00000000000000e-02	0.00000000000000e+00	0.00000000000000e+00	0.00000000000000e+00	1.27870167506143e+03	1.15105000000000e-01	1.47184956307946e+02	0.00000000000000e+00	1
53	48	73	78	3.00000000000000e-02	0.00000000000000e+00	0.00000000000000e+00	0.00000000000000e+00	2.53080388988000e+03	4.66677000000000e-02	1.18106796691753e+02	0.00000000000000e+00	1
53	48	78	83	3.00000000000000e-02	0.00000000000000e+00	0.00000000000000e+00	0.00000000000000e+00	4.38671555186965e+03	2.05853500000000e-02	9.03020749856799e+01	0.00000000000000e+00	1
53	48	83	87	3.00000000000000e-02	0.00000000000000e+00	0.00000000000000e+00	0.00000000000000e+00	8.28863186953614e+03	1.25414000000000e-02	1.03951047728601e+02	0.00000000000000e+00	1
53	48	87	92	3.00000000000000e-02	0.00000000000000e+00	0.00000000000000e+00	0.00000000000000e+00	9.47583790636774e+03	7.46952000000000e-03	7.07799607583720e+01	0.00000000000000e+00	1
53	47	59	65	3.81683800000000e-02	0.00000000000000e+00	0.00000000000000e+00	0.00000000000000e+00	1.58898142031957e+02	1.27562000000000e+00	2.02693647938805e+02	0.00000000000000e+00	1
53	47	65	71	3.00000000000000e-02	0.00000000000000e+00	0.00000000000000e+00	0.00000000000000e+00	5.94188419606575e+02	2.60544500000000e-01	1.54812524692185e+02	0.00000000000000e+00	1
53	47	71	77	3.00000000000000e-02	0.00000000000000e+00	0.00000000000000e+00	0.00000000000000e+00	1.43865381849280e+03	8.44741500000000e-02	1.21529058461433e+02	0.00000000000000e+00	1
53	47	77	83	3.00000000000000e-02	0.00000000000000e+00	0.00000000000000e+00	0.00000000000000e+00	2.82104461115732e+03	3.51095000000000e-02	9.90454657754278e+01	0.00000000000000e+00	1
53	47	83	88	3.00000000000000e-02	0.00000000000000e+00	0.00000000000000e+00	0.00000000000000e+00	5.56547575947168e+03	1.69578500000000e-02	9.43785031077568e+01	0.00000000000000e+00	1
53	47	88	94	3.00000000000000e-02	0.00000000000000e+00	0.00000000000000e+00	0.00000000000000e+00	7.05908273945184e+03	8.64514000000000e-03	6.10267585541447e+01	0.00000000000000e+00	1
53	47	94	100	3.00000000000000e-02	0.00000000000000e+00	0.00000000000000e+00	0.00000000000000e+00	1.05369831960144e+04	6.70066000000000e-03	7.06047418222059e+01	0.00000000000000e+00	1
53	46	60	67	3.21531400000000e-02	0.00000000000000e+00	0.00000000000000e+00	0.00000000000000e+00	1.80256911049768e+02	1.05613000000000e+00	1.90374731466992e+02	0.00000000000000e+00	1
53	46	67	74	3.00000000000000e-02	0.00000000000000e+00	0.00000000000000e+00	0.00000000000000e+00	6.69019195289958e+02	2.10284000000000e-01	1.40684032462354e+02	0.00000000000000e+00	1
53	46	74	81	3.00000000000000e-02	0.00000000000000e+00	0.00000000000000e+00	0.00000000000000e+00	1.61029933420143e+03	6.00847500000000e-02	9.67544329206595e+01	0.00000000000000e+00	1
53	46	81	87	3.00000000000000e-02	0.00000000000000e+00	0.00000000000000e+00	0.00000000000000e+00	3.51346734309020e+03	2.53241500000000e-02	8.89755740165177e+01	0.00000000000000e+00	1
54	53	55	56	4.55618140000000e-01	0.00000000000000e+00	0.00000000000000e+00	0.00000000000000e+00	3.08561034377759e+01	1.65248500000000e+01	5.09892480893732e+02	0.00000000000000e+00	1
54	53	56	57	7.32957400000000e-02	0.00000000000000e+00	0.00000000000000e+00	0.00000000000000e+00	1.21388123139850e+02	2.55660500000000e+00	3.10341482559956e+02	0.00000000000000e+00	1
54	53	57	58	3.00000000000000e-02	0.00000000000000e+00	0.00000000000000e+00	0.00000000000000e+00	2.98537436535855e+02	7.85728000000000e-01	2.34569222934444e+02	0.00000000000000e+00	1
54	53	58	59	3.00000000000000e-02	0.00000000000000e+00	0.00000000000000e+00	0.00000000000000e+00	5.91462825250721e+02	3.31665000000000e-01	1.96167517936780e+02	0.00000000000000e+00	1
54	53	59	60	3.00000000000000e-02	0.00000000000000e+00	0.00000000000000e+00	0.00000000000000e+00	1.01940398857597e+03	1.63230000000000e-01	1.66397313055255e+02	0.00000000000000e+00	1
54	53	60	61	3.00000000000000e-02	0.00000000000000e+00	0.00000000000000e+00	0.00000000000000e+00	1.62796626026079e+03	1.01005000000000e-01	1.64432732117641e+02	0.00000000000000e+00	1
54	53	61	62	3.00000000000000e-02	0.00000000000000e+00	0.00000000000000e+00	0.00000000000000e+00	2.41369732122409e+03	8.08346000000000e-02	1.95110257482220e+02	0.00000000000000e+00	1
54	52	56	58	1.32192880000000e-01	0.00000000000000e+00	0.00000000000000e+00	0.00000000000000e+00	6.05826101939333e+01	4.71075000000000e+00	2.85389530971071e+02	0.00000000000000e+00	1
54	52	58	60	3.00000000000000e-02	0.00000000000000e+00	0.00000000000000e+00	0.00000000000000e+00	2.36593110976017e+02	8.33858500000000e-01	1.97285176628795e+02	0.00000000000000e+00	1
54	52	60	62	3.00000000000000e-02	0.00000000000000e+00	0.00000000000000e+00	0.00000000000000e+00	5.82141888480677e+02	3.37983000000000e-01	1.96754061894364e+02	0.00000000000000e+00	1
54	52	62	64	3.00000000000000e-02	0.00000000000000e+00	0.00000000000000e+00	0.00000000000000e+00	1.15016696625194e+03	1.77775500000000e-01	2.04471507508922e+02	0.00000000000000e+00	1
54	52	64	66	3.00000000000000e-02	0.00000000000000e+00	0.00000000000000e+00	0.00000000000000e+00	2.00567092238594e+03	8.36201500000000e-02	1.67714503380551e+02	0.00000000000000e+00	1
54	52	66	68	3.00000000000000e-02	0.00000000000000e+00	0.00000000000000e+00	0.00000000000000e+00	3.19897514998115e+03	5.31271500000000e-02	1.69952432639321e+02	0.00000000000000e+00	1
54	52	68	70	3.00000000000000e-02	0.00000000000000e+00	0.00000000000000e+00	0.00000000000000e+00	4.78295005716653e+03	3.28433500000000e-02	1.57088102760040e+02	0.00000000000000e+00	1
54	51	57	60	6.94025300000000e-02	0.00000000000000e+00	0.00000000000000e+00	0.00000000000000e+00	8.95678192663402e+01	2.41438500000000e+00	2.16251199319363e+02	0.00000000000000e+00	1
54	51	60	63	3.00000000000000e-02	0.00000000000000e+00	0.00000000000000e+00	0.00000000000000e+00	3.49657079091623e+02	5.56734000000000e-01	1.94665984270996e+02	0.00000000000000e+00	1
54	51	63	66	3.00000000000000e-02	0.00000000000000e+00	0.00000000000000e+00	0.00000000000000e+00	8.61762260881099e+02	2.12873500000000e-01	1.83446348641673e+02	0.00000000000000e+00	1
54	51	66	69	3.00000000000000e-02	0.00000000000000e+00	0.00000000000000e+00	0.00000000000000e+00	1.72106159473825e+03	9.02571500000000e-02	1.55338114515530e+02	0.00000000000000e+00	1
54	51	69	72	3.00000000000000e-02	0.00000000000000e+00	0.00000000000000e+00	0.00000000000000e+00	2.98152790275195e+03	4.51900000000000e-02	1.34735245925361e+02	0.00000000000000e+00	1
54	51	72	75	3.00000000000000e-02	0.00000000000000e+00	0.00000000000000e+00	0.00000000000000e+00	4.78598309562547e+03	2.63426500000000e-02	1.26075477593978e+02	0.00000000000000e+00	1
54	51	75	78	3.00000000000000e-02	0.00000000000000e+00	0.00000000000000e+00	0.00000000000000e+00	7.18105085566230e+03	1.76210500000000e-02	1.26537656180168e+02	0.00000000000000e+00	1
54	50	58	62	4.90815300000000e-02	0.00000000000000e+00	0.00000000000000e+00	0.00000000000000e+00	1.18200778493273e+02	1.67234000000000e+00	1.97671889905440e+02	0.00000000000000e+00	1
54	50	62	66	3.00000000000000e-02	0.00000000000000e+00	0.00000000000000e+00	0.00000000000000e+00	4.61606585364535e+02	3.99129500000000e-01	1.84240805613254e+02	0.00000000000000e+00	1
54	50	66	70	3.00000000000000e-02	0.00000000000000e+00	0.00000000000000e+00	0.00000000000000e+00	1.14597401540619e+03	1.35393000000000e-01	1.55156859867890e+02	0.00000000000000e+00	1
54	50	70	74	3.00000000000000e-02	0.00000000000000e+00	0.00000000000000e+00	0.00000000000000e+00	2.28262594936136e+03	5.77750500000000e-02	1.31878828355650e+02	0.00000000000000e+00	1
54	50	74	78	3.00000000000000e-02	0.00000000000000e+00	0.00000000000000e+00	0.00000000000000e+00	3.99374898041093e+03	2.46524500000000e-02	9.84556970521313e+01	0.00000000000000e+00	1
54	50	78	82	3.00000000000000e-02	0.00000000000000e+00	0.00000000000000e+00	0.00000000000000e+00	6.38577896188463e+03	1.70827500000000e-02	1.09086665561135e+02	0.00000000000000e+00	1
54	50	82	85	3.00000000000000e-02	0.00000000000000e+00	0.00000000000000e+00	0.00000000000000e+00	1.21487059500389e+04	9.70531000000000e-03	1.17906957343972e+02	0.00000000000000e+00	1
54	49	59	64	3.95390600000000e-02	0.00000000000000e+00	0.00000000000000e+00	0.00000000000000e+00	1.46332593832519e+02	1.32590500000000e+00	1.94023117825506e+02	0.00000000000000e+00	1
54	49	64	69	3.00000000000000e-02	0.00000000000000e+00	0.00000000000000e+00	0.00000000000000e+00	5.76066857452003e+02	2.74212500000000e-01	1.57964733149057e+02	0.00000000000000e+00	1
54	49	69	74	3.00000000000000e-02	0.00000000000000e+00	0.00000000000000e+00	0.00000000000000e+00	1.42528145183880e+03	9.56194500000000e-02	1.36284628520027e+02	0.00000000000000e+00	1
54	49	74	79	3.00000000000000e-02	0.00000000000000e+00	0.00000000000000e+00	0.00000000000000e+00	2.85623806836015e+03	3.83334000000000e-02	1.09489316369677e+02	0.00000000000000e+00	1
54	49	88	93	3.00000000000000e-02	0.00000000000000e+00	0.00000000000000e+00	0.00000000000000e+00	1.09249404903654e+04	5.10753000000000e-03	5.57994613027561e+01	0.00000000000000e+00	1
54	48	60	66	3.58311800000000e-02	0.00000000000000e+00	0.00000000000000e+00	0.00000000000000e+00	1.64811029277187e+02	1.18948500000000e+00	1.96040247159775e+02	0.00000000000000e+00	1
54	48	66	72	3.00000000000000e-02	0.00000000000000e+00	0.00000000000000e+00	0.00000000000000e+00	6.33181800535709e+02	2.34938000000000e-01	1.48758465854258e+02	0.00000000000000e+00	1
54	48	72	78	3.00000000000000e-02	0.00000000000000e+00	0.00000000000000e+00	0.00000000000000e+00	1.55556753778399e+03	7.82677000000000e-02	1.21750693377016e+02	0.00000000000000e+00	1
54	48	89	95	3.00000000000000e-02	0.00000000000000e+00	0.00000000000000e+00	0.00000000000000e+00	7.79767875709209e+03	7.00932000000000e-03	5.46564256656607e+01	0.00000000000000e+00	1
54	48	95	101	3.00000000000000e-02	0.00000000000000e+00	0.00000000000000e+00	0.00000000000000e+00	1.16846374474305e+04	6.02888000000000e-03	7.04452770140648e+01	0.00000000000000e+00	1
54	47	61	68	3.13333100000000e-02	0.00000000000000e+00	0.00000000000000e+00	0.00000000000000e+00	1.84708294786349e+02	1.02447500000000e+00	1.89229030301244e+02	0.00000000000000e+00	1
54	47	68	75	3.00000000000000e-02	0.00000000000000e+00	0.00000000000000e+00	0.00000000000000e+00	7.00805548351136e+02	1.84682000000000e-01	1.29426170280585e+02	0.00000000000000e+00	1
54	47	75	82	3.00000000000000e-02	0.00000000000000e+00	0.00000000000000e+00	0.00000000000000e+00	1.70953538796089e+03	6.86127000000000e-02	1.17295838713544e+02	0.00000000000000e+00	1
54	47	82	88	3.00000000000000e-02	0.00000000000000e+00	0.00000000000000e+00	0.00000000000000e+00	3.74274971677589e+03	2.38096500000000e-02	8.91135607940330e+01	0.00000000000000e+00	1
54	47	88	95	3.00000000000000e-02	0.00000000000000e+00	0.00000000000000e+00	0.00000000000000e+00	5.32065797395590e+03	1.13423400000000e-02	6.03487117643189e+01	0.00000000000000e+00	1
54	47	102	109	3.00000000000000e-02	0.00000000000000e+00	0.00000000000000e+00	0.00000000000000e+00	1.27026501318277e+04	4.77570000000000e-03	6.06640462345694e+01	0.00000000000000e+00	1
55	54	56	57	4.10643300000000e-01	0.00000000000000e+00	0.00000000000000e+00	0.00000000000000e+00	2.92418650986904e+01	1.48790500000000e+01	4.35091172896669e+02	0.00000000000000e+00	1
55	54	57	58	7.35130600000000e-02	0.00000000000000e+00	0.00000000000000e+00	0.00000000000000e+00	1.15472561144511e+02	2.56528500000000e+00	2.96220029015598e+02	0.00000000000000e+00	1
55	54	58	59	3.00000000000000e-02	0.00000000000000e+00	0.00000000000000e+00	0.00000000000000e+00	2.86763157119772e+02	7.47871000000000e-01	2.14461849078321e+02	0.00000000000000e+00	1
55	54	59	60	3.00000000000000e-02	0.00000000000000e+00	0.00000000000000e+00	0.00000000000000e+00	5.67321414952952e+02	2.99867000000000e-01	1.70120970737697e+02	0.00000000000000e+00	1
55	54	60	61	3.00000000000000e-02	0.00000000000000e+00	0.00000000000000e+00	0.00000000000000e+00	9.92197976306309e+02	1.65067000000000e-01	1.63779143354953e+02	0.00000000000000e+00	1
55	54	61	62	3.00000000000000e-02	0.00000000000000e+00	0.00000000000000e+00	0.00000000000000e+00	1.57483278601731e+03	1.23863000000000e-01	1.95063513374462e+02	0.00000000000000e+00	1
55	54	62	63	3.00000000000000e-02	0.00000000000000e+00	0.00000000000000e+00	0.00000000000000e+00	2.36077219199833e+03	7.43279500000000e-02	1.75471357448242e+02	0.00000000000000e+00	1
55	53	57	59	1.24541460000000e-01	0.00000000000000e+00	0.00000000000000e+00	0.00000000000000e+00	5.81813060125635e+01	4.42992500000000e+00	2.57738822037705e+02	0.00000000000000e+00	1
55	53	59	61	3.00000000000000e-02	0.00000000000000e+00	0.00000000000000e+00	0.00000000000000e+00	2.29055124669726e+02	7.31427000000000e-01	1.67537102671804e+02	0.00000000000000e+00	1
55	53	61	63	3.00000000000000e-02	0.00000000000000e+00	0.00000000000000e+00	0.00000000000000e+00	5.67090140037510e+02	3.28903000000000e-01	1.86517648328757e+02	0.00000000000000e+00	1
55	53	63	65	3.00000000000000e-02	0.00000000000000e+00	0.00000000000000e+00	0.00000000000000e+00	1.12836408716555e+03	1.62770500000000e-01	1.83664386649980e+02	0.00000000000000e+00	1
55	53	65	67	3.00000000000000e-02	0.00000000000000e+00	0.00000000000000e+00	0.00000000000000e+00	1.97021204409952e+03	7.78050000000000e-02	1.53292348091163e+02	0.00000000000000e+00	1
55	53	67	69	3.00000000000000e-02	0.00000000000000e+00	0.00000000000000e+00	0.00000000000000e+00	3.16472678502664e+03	5.01201000000000e-02	1.58616422938214e+02	0.00000000000000e+00	1
55	53	69	71	3.00000000000000e-02	0.00000000000000e+00	0.00000000000000e+00	0.00000000000000e+00	4.69771299999361e+03	2.89150000000000e-02	1.35834371394815e+02	0.00000000000000e+00	1
55	52	58	61	6.45868900000000e-02	0.00000000000000e+00	0.00000000000000e+00	0.00000000000000e+00	8.69421621251901e+01	2.23800000000000e+00	1.94576558836175e+02	0.00000000000000e+00	1
55	52	61	64	3.00000000000000e-02	0.00000000000000e+00	0.00000000000000e+00	0.00000000000000e+00	3.41733728669513e+02	5.83627500000000e-01	1.99445201729066e+02	0.00000000000000e+00	1
55	52	64	67	3.00000000000000e-02	0.00000000000000e+00	0.00000000000000e+00	0.00000000000000e+00	8.50239346294635e+02	1.92428000000000e-01	1.63609856928784e+02	0.00000000000000e+00	1
55	52	67	70	3.00000000000000e-02	0.00000000000000e+00	0.00000000000000e+00	0.00000000000000e+00	1.69825275624037e+03	9.55327000000000e-02	1.62238671086085e+02	0.00000000000000e+00	1
55	52	70	73	3.00000000000000e-02	0.00000000000000e+00	0.00000000000000e+00	0.00000000000000e+00	2.95924550342843e+03	4.57369000000000e-02	1.35346715665756e+02	0.00000000000000e+00	1
55	52	73	76	3.00000000000000e-02	0.00000000000000e+00	0.00000000000000e+00	0.00000000000000e+00	4.75378723545138e+03	2.45042500000000e-02	1.16487990864310e+02	0.00000000000000e+00	1
55	52	76	79	3.00000000000000e-02	0.00000000000000e+00	0.00000000000000e+00	0.00000000000000e+00	7.09368942431366e+03	1.83363500000000e-02	1.30072372075514e+02	0.00000000000000e+00	1
55	51	59	63	4.65339400000000e-02	0.00000000000000e+00	0.00000000000000e+00	0.00000000000000e+00	1.15278939114082e+02	1.58105500000000e+00	1.82262343081015e+02	0.00000000000000e+00	1
55	51	63	67	3.00000000000000e-02	0.00000000000000e+00	0.00000000000000e+00	0.00000000000000e+00	4.54970879821429e+02	3.86543000000000e-01	1.75865808798815e+02	0.00000000000000e+00	1
55	51	67	71	3.00000000000000e-02	0.00000000000000e+00	0.00000000000000e+00	0.00000000000000e+00	1.13513587804347e+03	1.36241500000000e-01	1.54652614728460e+02	0.00000000000000e+00	1
55	51	71	75	3.00000000000000e-02	0.00000000000000e+00	0.00000000000000e+00	0.00000000000000e+00	2.26430781430414e+03	5.42456000000000e-02	1.22828735971617e+02	0.00000000000000e+00	1
55	51	75	79	3.00000000000000e-02	0.00000000000000e+00	0.00000000000000e+00	0.00000000000000e+00	3.96317436709440e+03	2.61580000000000e-02	1.03668715094455e+02	0.00000000000000e+00	1
55	51	79	83	3.00000000000000e-02	0.00000000000000e+00	0.00000000000000e+00	0.00000000000000e+00	6.33589154216095e+03	1.57678000000000e-02	9.99030706584855e+01	0.00000000000000e+00	1
55	51	83	86	3.00000000000000e-02	0.00000000000000e+00	0.00000000000000e+00	0.00000000000000e+00	1.20322120327548e+04	8.90414000000000e-03	1.07136500449333e+02	0.00000000000000e+00	1
55	50	60	65	3.88027800000000e-02	0.00000000000000e+00	0.00000000000000e+00	0.00000000000000e+00	1.43771637915543e+02	1.29665000000000e+00	1.86421494303189e+02	0.00000000000000e+00	1
55	50	65	70	3.00000000000000e-02	0.00000000000000e+00	0.00000000000000e+00	0.00000000000000e+00	5.69103665341455e+02	2.75852500000000e-01	1.56988668843604e+02	0.00000000000000e+00	1
55	50	70	75	3.00000000000000e-02	0.00000000000000e+00	0.00000000000000e+00	0.00000000000000e+00	1.41774386212808e+03	8.65160000000000e-02	1.22657527975873e+02	0.00000000000000e+00	1
55	50	75	80	3.00000000000000e-02	0.00000000000000e+00	0.00000000000000e+00	0.00000000000000e+00	2.83605859142681e+03	4.25113500000000e-02	1.20564679400652e+02	0.00000000000000e+00	1
55	50	80	84	3.00000000000000e-02	0.00000000000000e+00	0.00000000000000e+00	0.00000000000000e+00	5.91128048258652e+03	1.77823500000000e-02	1.05116458489522e+02	0.00000000000000e+00	1
55	50	84	89	3.00000000000000e-02	0.00000000000000e+00	0.00000000000000e+00	0.00000000000000e+00	7.18691899026958e+03	1.01663000000000e-02	7.30643745307777e+01	0.00000000000000e+00	1
55	49	61	67	3.31820100000000e-02	0.00000000000000e+00	0.00000000000000e+00	0.00000000000000e+00	1.71895101964093e+02	1.09201000000000e+00	1.87711170295809e+02	0.00000000000000e+00	1
55	49	67	73	3.00000000000000e-02	0.00000000000000e+00	0.00000000000000e+00	0.00000000000000e+00	6.83074197381584e+02	2.20000500000000e-01	1.50276664961047e+02	0.00000000000000e+00	1
55	49	73	79	3.00000000000000e-02	0.00000000000000e+00	0.00000000000000e+00	0.00000000000000e+00	1.70628964714233e+03	6.72002500000000e-02	1.14663090860376e+02	0.00000000000000e+00	1
55	49	79	84	3.00000000000000e-02	0.00000000000000e+00	0.00000000000000e+00	0.00000000000000e+00	3.90270550846123e+03	2.74409500000000e-02	1.07093946722409e+02	0.00000000000000e+00	1
55	49	84	90	3.00000000000000e-02	0.00000000000000e+00	0.00000000000000e+00	0.00000000000000e+00	5.40870889383052e+03	1.03930000000000e-02	5.62127115335806e+01	0.00000000000000e+00	1
55	49	90	96	3.00000000000000e-02	0.00000000000000e+00	0.00000000000000e+00	0.00000000000000e+00	8.73437469067923e+03	8.79857000000000e-03	7.68500071221695e+01	0.00000000000000e+00	1
55	49	96	102	3.00000000000000e-02	0.00000000000000e+00	0.00000000000000e+00	0.00000000000000e+00	1.31805685864095e+04	4.12470000000000e-03	5.43658912483633e+01	0.00000000000000e+00	1
55	48	62	69	3.00000000000000e-02	0.00000000000000e+00	0.00000000000000e+00	0.00000000000000e+00	1.90599209547772e+02	9.42949000000000e-01	1.79725334043862e+02	0.00000000000000e+00	1
55	48	69	76	3.00000000000000e-02	0.00000000000000e+00	0.00000000000000e+00	0.00000000000000e+00	7.39537907481382e+02	1.72016000000000e-01	1.27212352693317e+02	0.00000000000000e+00	1
55	48	76	83	3.00000000000000e-02	0.00000000000000e+00	0.00000000000000e+00	0.00000000000000e+00	1.82644688447432e+03	6.08481500000000e-02	1.11135913993526e+02	0.00000000000000e+00	1
55	48	83	89	3.00000000000000e-02	0.00000000000000e+00	0.00000000000000e+00	0.00000000000000e+00	4.02578656401345e+03	2.33170500000000e-02	9.38694666024298e+01	0.00000000000000e+00	1
55	48	89	96	3.00000000000000e-02	0.00000000000000e+00	0.00000000000000e+00	0.00000000000000e+00	5.77799033626547e+03	1.22726000000000e-02	7.09109642008516e+01	0.00000000000000e+00	1
56	55	57	58	4.94716050000000e-01	0.00000000000000e+00	0.00000000000000e+00	0.00000000000000e+00	2.89483020825745e+01	1.79523500000000e+01	5.19690050892107e+02	0.00000000000000e+00	1
56	55	58	59	7.37399300000000e-02	0.00000000000000e+00	0.00000000000000e+00	0.00000000000000e+00	1.15384432298068e+02	2.57234500000000e+00	2.96808567499774e+02	0.00000000000000e+00	1
56	55	59	60	3.00000000000000e-02	0.00000000000000e+00	0.00000000000000e+00	0.00000000000000e+00	2.85875371272706e+02	6.28835000000000e-01	1.79768439094272e+02	0.00000000000000e+00	1
56	55	60	61	3.00000000000000e-02	0.00000000000000e+00	0.00000000000000e+00	0.00000000000000e+00	5.72439879727852e+02	2.64259000000000e-01	1.51272390177003e+02	0.00000000000000e+00	1
56	55	61	62	3.00000000000000e-02	0.00000000000000e+00	0.00000000000000e+00	0.00000000000000e+00	9.94370272244204e+02	1.69896000000000e-01	1.68939531773201e+02	0.00000000000000e+00	1
56	55	62	63	3.00000000000000e-02	0.00000000000000e+00	0.00000000000000e+00	0.00000000000000e+00	1.59165336432010e+03	1.02793000000000e-01	1.63610824278556e+02	0.00000000000000e+00	1
56	55	63	64	3.00000000000000e-02	0.00000000000000e+00	0.00000000000000e+00	0.00000000000000e+00	2.37638329562016e+03	7.69585500000000e-02	1.82883012675149e+02	0.00000000000000e+00	1
56	54	58	60	1.19702640000000e-01	0.00000000000000e+00	0.00000000000000e+00	0.00000000000000e+00	5.74231616443089e+01	4.25065000000000e+00	2.44085762043382e+02	0.00000000000000e+00	1
56	54	60	62	3.00000000000000e-02	0.00000000000000e+00	0.00000000000000e+00	0.00000000000000e+00	2.27509473374476e+02	7.27646500000000e-01	1.65546472017781e+02	0.00000000000000e+00	1
56	54	62	64	3.00000000000000e-02	0.00000000000000e+00	0.00000000000000e+00	0.00000000000000e+00	5.64773495046359e+02	3.10992500000000e-01	1.75640321158205e+02	0.00000000000000e+00	1
56	54	64	66	3.00000000000000e-02	0.00000000000000e+00	0.00000000000000e+00	0.00000000000000e+00	1.12833795507021e+03	1.43059500000000e-01	1.61419463683366e+02	0.00000000000000e+00	1
56	54	66	68	3.00000000000000e-02	0.00000000000000e+00	0.00000000000000e+00	0.00000000000000e+00	1.97196262087774e+03	7.17446500000000e-02	1.41477768047956e+02	0.00000000000000e+00	1
56	54	68	70	3.00000000000000e-02	0.00000000000000e+00	0.00000000000000e+00	0.00000000000000e+00	3.14978901278950e+03	4.91361500000000e-02	1.54768505400777e+02	0.00000000000000e+00	1
56	54	70	72	3.00000000000000e-02	0.00000000000000e+00	0.00000000000000e+00	0.00000000000000e+00	4.72041097965226e+03	2.73416500000000e-02	1.29063824861809e+02	0.00000000000000e+00	1
56	53	59	62	5.79058400000000e-02	0.00000000000000e+00	0.00000000000000e+00	0.00000000000000e+00	8.57217611599965e+01	1.99566500000000e+00	1.71071918485364e+02	0.00000000000000e+00	1
56	53	62	65	3.00000000000000e-02	0.00000000000000e+00	0.00000000000000e+00	0.00000000000000e+00	3.39785530571983e+02	5.10904500000000e-01	1.73597956604114e+02	0.00000000000000e+00	1
56	53	65	68	3.00000000000000e-02	0.00000000000000e+00	0.00000000000000e+00	0.00000000000000e+00	8.47142848978313e+02	1.81697000000000e-01	1.53923314230813e+02	0.00000000000000e+00	1
56	53	68	71	3.00000000000000e-02	0.00000000000000e+00	0.00000000000000e+00	0.00000000000000e+00	1.69009333258870e+03	8.43206000000000e-02	1.42509683859879e+02	0.00000000000000e+00	1
56	53	71	74	3.00000000000000e-02	0.00000000000000e+00	0.00000000000000e+00	0.00000000000000e+00	2.95742908945760e+03	4.30174000000000e-02	1.27220910112833e+02	0.00000000000000e+00	1
56	53	74	77	3.00000000000000e-02	0.00000000000000e+00	0.00000000000000e+00	0.00000000000000e+00	4.73521337277137e+03	2.22957000000000e-02	1.05574896795299e+02	0.00000000000000e+00	1
56	53	77	80	3.00000000000000e-02	0.00000000000000e+00	0.00000000000000e+00	0.00000000000000e+00	7.08814031038147e+03	1.64565500000000e-02	1.16646335424808e+02	0.00000000000000e+00	1
56	52	60	64	4.56478300000000e-02	0.00000000000000e+00	0.00000000000000e+00	0.00000000000000e+00	1.14242942315804e+02	1.54711000000000e+00	1.76746398486203e+02	0.00000000000000e+00	1
56	52	64	68	3.00000000000000e-02	0.00000000000000e+00	0.00000000000000e+00	0.00000000000000e+00	4.53606346890255e+02	3.54568000000000e-01	1.60834295204184e+02	0.00000000000000e+00	1
56	52	68	72	3.00000000000000e-02	0.00000000000000e+00	0.00000000000000e+00	0.00000000000000e+00	1.12988565243540e+03	1.27942500000000e-01	1.44560395086716e+02	0.00000000000000e+00	1
56	52	72	76	3.00000000000000e-02	0.00000000000000e+00	0.00000000000000e+00	0.00000000000000e+00	2.26184054352680e+03	5.15519000000000e-02	1.16602177515839e+02	0.00000000000000e+00	1
56	52	76	80	3.00000000000000e-02	0.00000000000000e+00	0.00000000000000e+00	0.00000000000000e+00	3.94659060723328e+03	2.76052000000000e-02	1.08946423030796e+02	0.00000000000000e+00	1
56	51	61	66	3.83552700000000e-02	0.00000000000000e+00	0.00000000000000e+00	0.00000000000000e+00	1.42458216719161e+02	1.27987000000000e+00	1.82327997832353e+02	0.00000000000000e+00	1
56	51	66	71	3.00000000000000e-02	0.00000000000000e+00	0.00000000000000e+00	0.00000000000000e+00	5.67022881115907e+02	2.62900500000000e-01	1.49070598956812e+02	0.00000000000000e+00	1
56	51	71	76	3.00000000000000e-02	0.00000000000000e+00	0.00000000000000e+00	0.00000000000000e+00	1.41639674093074e+03	8.58896500000000e-02	1.21653820339682e+02	0.00000000000000e+00	1
56	51	76	81	3.00000000000000e-02	0.00000000000000e+00	0.00000000000000e+00	0.00000000000000e+00	2.82579612180964e+03	4.21419000000000e-02	1.19084417585690e+02	0.00000000000000e+00	1
56	50	62	68	3.08707700000000e-02	0.00000000000000e+00	0.00000000000000e+00	0.00000000000000e+00	1.70968702941184e+02	1.00615500000000e+00	1.72021015307787e+02	0.00000000000000e+00	1
56	50	68	74	3.00000000000000e-02	0.00000000000000e+00	0.00000000000000e+00	0.00000000000000e+00	6.80487479831179e+02	2.05773500000000e-01	1.40026290431041e+02	0.00000000000000e+00	1
56	50	74	80	3.00000000000000e-02	0.00000000000000e+00	0.00000000000000e+00	0.00000000000000e+00	1.70080978184750e+03	6.50929500000000e-02	1.10710726089310e+02	0.00000000000000e+00	1
56	50	80	85	3.00000000000000e-02	0.00000000000000e+00	0.00000000000000e+00	0.00000000000000e+00	3.89076058048475e+03	2.67265000000000e-02	1.03986412654326e+02	0.00000000000000e+00	1
56	50	91	97	3.00000000000000e-02	0.00000000000000e+00	0.00000000000000e+00	0.00000000000000e+00	8.72273725533255e+03	1.37098000000000e-02	1.19586983223158e+02	0.00000000000000e+00	1
56	49	63	70	3.00000000000000e-02	0.00000000000000e+00	0.00000000000000e+00	0.00000000000000e+00	1.99359278022053e+02	8.35641000000000e-01	1.66592786445627e+02	0.00000000000000e+00	1
56	49	70	77	3.00000000000000e-02	0.00000000000000e+00	0.00000000000000e+00	0.00000000000000e+00	7.94937330720638e+02	1.55759500000000e-01	1.23819041164381e+02	0.00000000000000e+00	1
57	56	58	59	4.91348190000000e-01	0.00000000000000e+00	0.00000000000000e+00	0.00000000000000e+00	2.88794695172297e+01	1.78264000000000e+01	5.14816975401944e+02	0.00000000000000e+00	1
57	56	59	60	6.75684300000000e-02	0.00000000000000e+00	0.00000000000000e+00	0.00000000000000e+00	1.14603813919066e+02	2.34840500000000e+00	2.69136169626605e+02	0.00000000000000e+00	1
57	56	60	61	3.00000000000000e-02	0.00000000000000e+00	0.00000000000000e+00	0.00000000000000e+00	2.87242717441446e+02	6.21824000000000e-01	1.78614415530309e+02	0.00000000000000e+00	1
57	56	61	62	3.00000000000000e-02	0.00000000000000e+00	0.00000000000000e+00	0.00000000000000e+00	5.70541051016548e+02	3.24864000000000e-01	1.85348247997440e+02	0.00000000000000e+00	1
57	56	62	63	3.00000000000000e-02	0.00000000000000e+00	0.00000000000000e+00	0.00000000000000e+00	9.99683312863209e+02	1.71255000000000e-01	1.71200765744389e+02	0.00000000000000e+00	1
57	56	63	64	3.00000000000000e-02	0.00000000000000e+00	0.00000000000000e+00	0.00000000000000e+00	1.59252609114321e+03	1.17980500000000e-01	1.87887024496122e+02	0.00000000000000e+00	1
57	56	64	65	3.00000000000000e-02	0.00000000000000e+00	0.00000000000000e+00	0.00000000000000e+00	2.39841107060917e+03	7.05730500000000e-02	1.69263184406654e+02	0.00000000000000e+00	1
57	55	59	61	1.08936960000000e-01	0.00000000000000e+00	0.00000000000000e+00	0.00000000000000e+00	5.72999389043661e+01	3.86129000000000e+00	2.21251681092040e+02	0.00000000000000e+00	1
57	55	61	63	3.00000000000000e-02	0.00000000000000e+00	0.00000000000000e+00	0.00000000000000e+00	2.27947340016292e+02	7.70912000000000e-01	1.75727339786639e+02	0.00000000000000e+00	1
57	55	63	65	3.00000000000000e-02	0.00000000000000e+00	0.00000000000000e+00	0.00000000000000e+00	5.68409615821180e+02	3.13586500000000e-01	1.78245581991708e+02	0.00000000000000e+00	1
57	55	65	67	3.00000000000000e-02	0.00000000000000e+00	0.00000000000000e+00	0.00000000000000e+00	1.13618659958366e+03	1.33553000000000e-01	1.51741128934196e+02	0.00000000000000e+00	1
57	55	67	69	3.00000000000000e-02	0.00000000000000e+00	0.00000000000000e+00	0.00000000000000e+00	1.99964089037651e+03	7.71813000000000e-02	1.54334883452417e+02	0.00000000000000e+00	1
57	55	69	71	3.00000000000000e-02	0.00000000000000e+00	0.00000000000000e+00	0.00000000000000e+00	3.16393320474310e+03	4.45149000000000e-02	1.40842170215819e+02	0.00000000000000e+00	1
57	55	71	73	3.00000000000000e-02	0.00000000000000e+00	0.00000000000000e+00	0.00000000000000e+00	4.76565944472918e+03	2.85802500000000e-02	1.36203738345221e+02	0.00000000000000e+00	1
57	54	60	63	5.85884400000000e-02	0.00000000000000e+00	0.00000000000000e+00	0.00000000000000e+00	8.56039461343176e+01	2.02051000000000e+00	1.72963629203850e+02	0.00000000000000e+00	1
57	54	63	66	3.00000000000000e-02	0.00000000000000e+00	0.00000000000000e+00	0.00000000000000e+00	3.39877459159699e+02	5.15136000000000e-01	1.75083114801691e+02	0.00000000000000e+00	1
57	54	66	69	3.00000000000000e-02	0.00000000000000e+00	0.00000000000000e+00	0.00000000000000e+00	8.50664184946169e+02	1.79646000000000e-01	1.52818418168839e+02	0.00000000000000e+00	1
57	54	69	72	3.00000000000000e-02	0.00000000000000e+00	0.00000000000000e+00	0.00000000000000e+00	1.68983703170849e+03	8.17737500000000e-02	1.38184310971672e+02	0.00000000000000e+00	1
57	54	72	75	3.00000000000000e-02	0.00000000000000e+00	0.00000000000000e+00	0.00000000000000e+00	2.96834587053411e+03	4.10694500000000e-02	1.21908332312607e+02	0.00000000000000e+00	1
57	54	75	78	3.00000000000000e-02	0.00000000000000e+00	0.00000000000000e+00	0.00000000000000e+00	4.75313628474844e+03	2.54974500000000e-02	1.21192854763559e+02	0.00000000000000e+00	1
57	54	78	81	3.00000000000000e-02	0.00000000000000e+00	0.00000000000000e+00	0.00000000000000e+00	7.12368976869951e+03	1.52803500000000e-02	1.08852472957147e+02	0.00000000000000e+00	1
57	53	61	65	4.64474000000000e-02	0.00000000000000e+00	0.00000000000000e+00	0.00000000000000e+00	1.13689336819635e+02	1.57595000000000e+00	1.79168710360904e+02	0.00000000000000e+00	1
57	53	65	69	3.00000000000000e-02	0.00000000000000e+00	0.00000000000000e+00	0.00000000000000e+00	4.53767956885156e+02	3.40015000000000e-01	1.54287911860306e+02	0.00000000000000e+00	1
57	53	69	73	3.00000000000000e-02	0.00000000000000e+00	0.00000000000000e+00	0.00000000000000e+00	1.12695120670587e+03	1.20713000000000e-01	1.36037661015086e+02	0.00000000000000e+00	1
57	53	73	77	3.00000000000000e-02	0.00000000000000e+00	0.00000000000000e+00	0.00000000000000e+00	2.26626710626984e+03	4.97871000000000e-02	1.12830867046567e+02	0.00000000000000e+00	1
57	53	77	81	3.00000000000000e-02	0.00000000000000e+00	0.00000000000000e+00	0.00000000000000e+00	3.95479426524575e+03	2.66535500000000e-02	1.05409306688441e+02	0.00000000000000e+00	1
57	53	81	84	3.00000000000000e-02	0.00000000000000e+00	0.00000000000000e+00	0.00000000000000e+00	8.01240221892379e+03	1.32632500000000e-02	1.06270493730141e+02	0.00000000000000e+00	1
57	53	84	88	3.00000000000000e-02	0.00000000000000e+00	0.00000000000000e+00	0.00000000000000e+00	8.55112784245519e+03	7.69176000000000e-03	6.57732230934831e+01	0.00000000000000e+00	1
57	52	62	67	3.66929400000000e-02	0.00000000000000e+00	0.00000000000000e+00	0.00000000000000e+00	1.42143566849016e+02	1.22024500000000e+00	1.73449976729677e+02	0.00000000000000e+00	1
57	52	67	72	3.00000000000000e-02	0.00000000000000e+00	0.00000000000000e+00	0.00000000000000e+00	5.67231430599054e+02	2.66800500000000e-01	1.51337629299543e+02	0.00000000000000e+00	1
57	52	72	77	3.00000000000000e-02	0.00000000000000e+00	0.00000000000000e+00	0.00000000000000e+00	1.41659033871195e+03	8.71205500000000e-02	1.23414129433272e+02	0.00000000000000e+00	1
57	52	77	82	3.00000000000000e-02	0.00000000000000e+00	0.00000000000000e+00	0.00000000000000e+00	2.82956288084675e+03	3.81349000000000e-02	1.07905097504803e+02	0.00000000000000e+00	1
57	52	82	86	3.00000000000000e-02	0.00000000000000e+00	0.00000000000000e+00	0.00000000000000e+00	5.88190957724050e+03	1.61397500000000e-02	9.49325500992674e+01	0.00000000000000e+00	1
57	52	91	96	3.00000000000000e-02	0.00000000000000e+00	0.00000000000000e+00	0.00000000000000e+00	1.08693602710398e+04	7.99340000000000e-03	8.68831443905294e+01	0.00000000000000e+00	1
57	51	63	69	3.05445000000000e-02	0.00000000000000e+00	0.00000000000000e+00	0.00000000000000e+00	1.70670642857274e+02	9.95036500000000e-01	1.69823519121452e+02	0.00000000000000e+00	1
57	51	69	75	3.00000000000000e-02	0.00000000000000e+00	0.00000000000000e+00	0.00000000000000e+00	6.78885243766837e+02	1.94010500000000e-01	1.31710865585826e+02	0.00000000000000e+00	1
57	51	75	81	3.00000000000000e-02	0.00000000000000e+00	0.00000000000000e+00	0.00000000000000e+00	1.70176960954384e+03	6.78103000000000e-02	1.15397507754051e+02	0.00000000000000e+00	1
57	51	81	86	3.00000000000000e-02	0.00000000000000e+00	0.00000000000000e+00	0.00000000000000e+00	3.88623428683641e+03	2.51413500000000e-02	9.77051763873545e+01	0.00000000000000e+00	1
57	51	86	92	3.00000000000000e-02	0.00000000000000e+00	0.00000000000000e+00	0.00000000000000e+00	5.39313063639751e+03	1.08672000000000e-02	5.86082292518590e+01	0.00000000000000e+00	1
57	50	64	71	3.00000000000000e-02	0.00000000000000e+00	0.00000000000000e+00	0.00000000000000e+00	1.99215244231424e+02	7.77740500000000e-01	1.54937763656170e+02	0.00000000000000e+00	1
57	50	71	78	3.00000000000000e-02	0.00000000000000e+00	0.00000000000000e+00	0.00000000000000e+00	7.94890312045670e+02	1.54033000000000e-01	1.22439339435331e+02	0.00000000000000e+00	1
57	50	78	84	3.00000000000000e-02	0.00000000000000e+00	0.00000000000000e+00	0.00000000000000e+00	2.20827927405837e+03	4.82825000000000e-02	1.06621244049723e+02	0.00000000000000e+00	1
57	50	84	91	3.00000000000000e-02	0.00000000000000e+00	0.00000000000000e+00	0.00000000000000e+00	3.59344038907099e+03	1.66385000000000e-02	5.97894579135577e+01	0.00000000000000e+00	1
57	50	91	98	3.00000000000000e-02	0.00000000000000e+00	0.00000000000000e+00	0.00000000000000e+00	6.36500280072390e+03	9.82621000000000e-03	6.25438541705012e+01	0.00000000000000e+00	1
58	57	59	60	3.76448430000000e-01	0.00000000000000e+00	0.00000000000000e+00	0.00000000000000e+00	2.85993222999476e+01	1.36364500000000e+01	3.89993228577120e+02	0.00000000000000e+00	1
58	57	60	61	5.65171700000000e-02	0.00000000000000e+00	0.00000000000000e+00	0.00000000000000e+00	1.14883050731958e+02	1.94366500000000e+00	2.23294164800930e+02	0.00000000000000e+00	1
58	57	61	62	3.00000000000000e-02	0.00000000000000e+00	0.00000000000000e+00	0.00000000000000e+00	2.85409621912739e+02	7.08159000000000e-01	2.02115392444103e+02	0.00000000000000e+00	1
58	57	62	63	3.00000000000000e-02	0.00000000000000e+00	0.00000000000000e+00	0.00000000000000e+00	5.71946420523412e+02	2.96978500000000e-01	1.69855790047412e+02	0.00000000000000e+00	1
58	57	63	64	3.00000000000000e-02	0.00000000000000e+00	0.00000000000000e+00	0.00000000000000e+00	9.96983413378352e+02	1.95732500000000e-01	1.95142055959078e+02	0.00000000000000e+00	1
58	57	64	65	3.00000000000000e-02	0.00000000000000e+00	0.00000000000000e+00	0.00000000000000e+00	1.60245603532130e+03	1.05756000000000e-01	1.69469340471440e+02	0.00000000000000e+00	1
58	57	65	66	3.00000000000000e-02	0.00000000000000e+00	0.00000000000000e+00	0.00000000000000e+00	2.40011637492970e+03	6.77833500000000e-02	1.62687928282591e+02	0.00000000000000e+00	1
58	56	60	62	1.01813140000000e-01	0.00000000000000e+00	0.00000000000000e+00	0.00000000000000e+00	5.73317605944047e+01	3.59983500000000e+00	2.06384878399359e+02	0.00000000000000e+00	1
58	56	62	64	3.00000000000000e-02	0.00000000000000e+00	0.00000000000000e+00	0.00000000000000e+00	2.28326598701343e+02	7.80680000000000e-01	1.78250009074164e+02	0.00000000000000e+00	1
58	56	64	66	3.00000000000000e-02	0.00000000000000e+00	0.00000000000000e+00	0.00000000000000e+00	5.71435320943114e+02	2.92002500000000e-01	1.66860542303692e+02	0.00000000000000e+00	1
58	56	66	68	3.00000000000000e-02	0.00000000000000e+00	0.00000000000000e+00	0.00000000000000e+00	1.14267672208405e+03	1.39625000000000e-01	1.59546237320986e+02	0.00000000000000e+00	1
58	56	68	70	3.00000000000000e-02	0.00000000000000e+00	0.00000000000000e+00	0.00000000000000e+00	1.99750729684783e+03	7.55108000000000e-02	1.50833373990817e+02	0.00000000000000e+00	1
58	56	70	72	3.00000000000000e-02	0.00000000000000e+00	0.00000000000000e+00	0.00000000000000e+00	3.19483802660540e+03	4.35340500000000e-02	1.39084238392141e+02	0.00000000000000e+00	1
58	56	72	74	3.00000000000000e-02	0.00000000000000e+00	0.00000000000000e+00	0.00000000000000e+00	4.79994223842119e+03	2.75239000000000e-02	1.32113130176081e+02	0.00000000000000e+00	1
58	55	61	64	6.25819900000000e-02	0.00000000000000e+00	0.00000000000000e+00	0.00000000000000e+00	8.55366414871179e+01	2.16625000000000e+00	1.85293749621469e+02	0.00000000000000e+00	1
58	55	64	67	3.00000000000000e-02	0.00000000000000e+00	0.00000000000000e+00	0.00000000000000e+00	3.42045406965087e+02	4.73543500000000e-01	1.61973379173172e+02	0.00000000000000e+00	1
58	55	67	70	3.00000000000000e-02	0.00000000000000e+00	0.00000000000000e+00	0.00000000000000e+00	8.55955269659544e+02	1.81355500000000e-01	1.55232195906741e+02	0.00000000000000e+00	1
58	55	70	73	3.00000000000000e-02	0.00000000000000e+00	0.00000000000000e+00	0.00000000000000e+00	1.70639222240956e+03	8.16150000000000e-02	1.39267201231957e+02	0.00000000000000e+00	1
58	55	73	76	3.00000000000000e-02	0.00000000000000e+00	0.00000000000000e+00	0.00000000000000e+00	3.00313584318102e+03	4.38123000000000e-02	1.31574288502200e+02	0.00000000000000e+00	1
58	55	76	79	3.00000000000000e-02	0.00000000000000e+00	0.00000000000000e+00	0.00000000000000e+00	4.77964394497997e+03	2.04634500000000e-02	9.78080048859004e+01	0.00000000000000e+00	1
58	55	79	82	3.00000000000000e-02	0.00000000000000e+00	0.00000000000000e+00	0.00000000000000e+00	7.18999575910675e+03	1.40229000000000e-02	1.00824591530378e+02	0.00000000000000e+00	1
58	54	62	66	4.51773600000000e-02	0.00000000000000e+00	0.00000000000000e+00	0.00000000000000e+00	1.13810297050140e+02	1.53058500000000e+00	1.74196333510488e+02	0.00000000000000e+00	1
58	54	66	70	3.00000000000000e-02	0.00000000000000e+00	0.00000000000000e+00	0.00000000000000e+00	4.54472595149001e+02	3.36783500000000e-01	1.53058871248363e+02	0.00000000000000e+00	1
58	54	70	74	3.00000000000000e-02	0.00000000000000e+00	0.00000000000000e+00	0.00000000000000e+00	1.13459850467581e+03	1.19899500000000e-01	1.36037793411377e+02	0.00000000000000e+00	1
58	54	74	78	3.00000000000000e-02	0.00000000000000e+00	0.00000000000000e+00	0.00000000000000e+00	2.27140901404925e+03	4.91188000000000e-02	1.11568885079282e+02	0.00000000000000e+00	1
58	54	78	82	3.00000000000000e-02	0.00000000000000e+00	0.00000000000000e+00	0.00000000000000e+00	3.97440011983980e+03	2.77939500000000e-02	1.10464278210821e+02	0.00000000000000e+00	1
58	54	82	85	3.00000000000000e-02	0.00000000000000e+00	0.00000000000000e+00	0.00000000000000e+00	8.02550025493561e+03	1.33062500000000e-02	1.06789312767237e+02	0.00000000000000e+00	1
58	54	85	89	3.00000000000000e-02	0.00000000000000e+00	0.00000000000000e+00	0.00000000000000e+00	8.56448922086802e+03	7.14417000000000e-03	6.11861669570487e+01	0.00000000000000e+00	1
58	53	63	68	3.65512600000000e-02	0.00000000000000e+00	0.00000000000000e+00	0.00000000000000e+00	1.42102530083595e+02	1.21585000000000e+00	1.72775361202139e+02	0.00000000000000e+00	1
58	53	68	73	3.00000000000000e-02	0.00000000000000e+00	0.00000000000000e+00	0.00000000000000e+00	5.66978917854472e+02	2.50611000000000e-01	1.42091153582427e+02	0.00000000000000e+00	1
58	53	73	78	3.00000000000000e-02	0.00000000000000e+00	0.00000000000000e+00	0.00000000000000e+00	1.42033395711491e+03	8.04505000000000e-02	1.14266577016873e+02	0.00000000000000e+00	1
58	53	78	83	3.00000000000000e-02	0.00000000000000e+00	0.00000000000000e+00	0.00000000000000e+00	2.83658649137122e+03	3.57290000000000e-02	1.01348398750202e+02	0.00000000000000e+00	1
58	53	83	87	3.00000000000000e-02	0.00000000000000e+00	0.00000000000000e+00	0.00000000000000e+00	5.87689395747913e+03	1.98580000000000e-02	1.16703360207621e+02	0.00000000000000e+00	1
58	52	64	70	3.00000000000000e-02	0.00000000000000e+00	0.00000000000000e+00	0.00000000000000e+00	1.70740136479155e+02	9.41139000000000e-01	1.60690201305855e+02	0.00000000000000e+00	1
58	52	70	76	3.00000000000000e-02	0.00000000000000e+00	0.00000000000000e+00	0.00000000000000e+00	6.81524084226422e+02	1.94875000000000e-01	1.32812005913624e+02	0.00000000000000e+00	1
58	52	76	82	3.00000000000000e-02	0.00000000000000e+00	0.00000000000000e+00	0.00000000000000e+00	1.70128801656445e+03	6.22877000000000e-02	1.05969317589361e+02	0.00000000000000e+00	1
58	52	82	87	3.00000000000000e-02	0.00000000000000e+00	0.00000000000000e+00	0.00000000000000e+00	3.88129783902482e+03	2.54923000000000e-02	9.89432089017725e+01	0.00000000000000e+00	1
58	52	87	93	3.00000000000000e-02	0.00000000000000e+00	0.00000000000000e+00	0.00000000000000e+00	5.39900808960053e+03	1.37312000000000e-02	7.41348598799228e+01	0.00000000000000e+00	1
58	52	93	99	3.00000000000000e-02	0.00000000000000e+00	0.00000000000000e+00	0.00000000000000e+00	8.72740925473344e+03	6.68483000000000e-03	5.83412472083198e+01	0.00000000000000e+00	1
58	51	65	72	3.00000000000000e-02	0.00000000000000e+00	0.00000000000000e+00	0.00000000000000e+00	1.99147281917413e+02	7.70495000000000e-01	1.53441984980957e+02	0.00000000000000e+00	1
58	51	72	79	3.00000000000000e-02	0.00000000000000e+00	0.00000000000000e+00	0.00000000000000e+00	7.95716640364338e+02	1.50853000000000e-01	1.20036242348881e+02	0.00000000000000e+00	1
58	51	79	85	3.00000000000000e-02	0.00000000000000e+00	0.00000000000000e+00	0.00000000000000e+00	2.20866953064293e+03	4.85361500000000e-02	1.07200315639715e+02	0.00000000000000e+00	1
58	51	85	92	3.00000000000000e-02	0.00000000000000e+00	0.00000000000000e+00	0.00000000000000e+00	3.59295911757151e+03	1.82573500000000e-02	6.55979121451942e+01	0.00000000000000e+00	1
58	51	92	99	3.00000000000000e-02	0.00000000000000e+00	0.00000000000000e+00	0.00000000000000e+00	6.36798858375248e+03	1.06601000000000e-02	6.78833951016598e+01	0.00000000000000e+00	1
59	58	60	61	3.83319800000000e-01	0.00000000000000e+00	0.00000000000000e+00	0.00000000000000e+00	2.88608937695144e+01	1.38782000000000e+01	4.00537255912075e+02	0.00000000000000e+00	1
59	58	61	62	6.93800000000000e-02	0.00000000000000e+00	0.00000000000000e+00	0.00000000000000e+00	1.14571900524438e+02	2.41164000000000e+00	2.76306178180755e+02	0.00000000000000e+00	1
59	58	62	63	3.00000000000000e-02	0.00000000000000e+00	0.00000000000000e+00	0.00000000000000e+00	2.87175508332937e+02	6.93209000000000e-01	1.99072646955967e+02	0.00000000000000e+00	1
59	58	63	64	3.00000000000000e-02	0.00000000000000e+00	0.00000000000000e+00	0.00000000000000e+00	5.72106954636964e+02	3.63982000000000e-01	2.08236633562671e+02	0.00000000000000e+00	1
59	58	64	65	3.00000000000000e-02	0.00000000000000e+00	0.00000000000000e+00	0.00000000000000e+00	1.00640632435328e+03	1.78478000000000e-01	1.79621387957924e+02	0.00000000000000e+00	1
59	58	65	66	3.00000000000000e-02	0.00000000000000e+00	0.00000000000000e+00	0.00000000000000e+00	1.60776003187720e+03	1.06334500000000e-01	1.70960359109646e+02	0.00000000000000e+00	1
59	58	66	67	3.00000000000000e-02	0.00000000000000e+00	0.00000000000000e+00	0.00000000000000e+00	2.40696794713290e+03	6.31819000000000e-02	1.52076808138956e+02	0.00000000000000e+00	1
59	57	61	63	1.15713290000000e-01	0.00000000000000e+00	0.00000000000000e+00	0.00000000000000e+00	5.72656138774388e+01	4.10407500000000e+00	2.35022374274049e+02	0.00000000000000e+00	1
59	57	63	65	3.00000000000000e-02	0.00000000000000e+00	0.00000000000000e+00	0.00000000000000e+00	2.28904862335671e+02	8.45892500000000e-01	1.93628906263277e+02	0.00000000000000e+00	1
59	57	65	67	3.00000000000000e-02	0.00000000000000e+00	0.00000000000000e+00	0.00000000000000e+00	5.72639574264687e+02	2.82546000000000e-01	1.61797021150190e+02	0.00000000000000e+00	1
59	57	67	69	3.00000000000000e-02	0.00000000000000e+00	0.00000000000000e+00	0.00000000000000e+00	1.15333576700617e+03	1.49314500000000e-01	1.72209753382642e+02	0.00000000000000e+00	1
59	57	69	71	3.00000000000000e-02	0.00000000000000e+00	0.00000000000000e+00	0.00000000000000e+00	1.99315157458644e+03	7.44271500000000e-02	1.48344591214481e+02	0.00000000000000e+00	1
59	57	71	73	3.00000000000000e-02	0.00000000000000e+00	0.00000000000000e+00	0.00000000000000e+00	3.20625568768841e+03	4.61763500000000e-02	1.48053184824191e+02	0.00000000000000e+00	1
59	57	73	75	3.00000000000000e-02	0.00000000000000e+00	0.00000000000000e+00	0.00000000000000e+00	4.83349143275920e+03	2.73939000000000e-02	1.32408180959862e+02	0.00000000000000e+00	1
59	56	62	65	6.33495700000000e-02	0.00000000000000e+00	0.00000000000000e+00	0.00000000000000e+00	8.58779950733767e+01	2.19360500000000e+00	1.88382399382934e+02	0.00000000000000e+00	1
59	56	65	68	3.00000000000000e-02	0.00000000000000e+00	0.00000000000000e+00	0.00000000000000e+00	3.43611204969957e+02	4.76651500000000e-01	1.63782796265737e+02	0.00000000000000e+00	1
59	56	68	71	3.00000000000000e-02	0.00000000000000e+00	0.00000000000000e+00	0.00000000000000e+00	8.58088497317524e+02	1.78172500000000e-01	1.52887772788307e+02	0.00000000000000e+00	1
59	56	71	74	3.00000000000000e-02	0.00000000000000e+00	0.00000000000000e+00	0.00000000000000e+00	1.71829118592758e+03	8.36146500000000e-02	1.43674316109420e+02	0.00000000000000e+00	1
59	56	74	77	3.00000000000000e-02	0.00000000000000e+00	0.00000000000000e+00	0.00000000000000e+00	3.01276393471293e+03	3.98783000000000e-02	1.20143904017662e+02	0.00000000000000e+00	1
59	56	77	80	3.00000000000000e-02	0.00000000000000e+00	0.00000000000000e+00	0.00000000000000e+00	4.81086419503468e+03	2.48554500000000e-02	1.19576194456475e+02	0.00000000000000e+00	1
59	56	80	83	3.00000000000000e-02	0.00000000000000e+00	0.00000000000000e+00	0.00000000000000e+00	7.23394479208118e+03	1.49407500000000e-02	1.08080560652287e+02	0.00000000000000e+00	1
59	55	63	67	4.63438000000000e-02	0.00000000000000e+00	0.00000000000000e+00	0.00000000000000e+00	1.14228820654185e+02	1.57212000000000e+00	1.79581413526857e+02	0.00000000000000e+00	1
59	55	67	71	3.00000000000000e-02	0.00000000000000e+00	0.00000000000000e+00	0.00000000000000e+00	4.57682603676959e+02	3.48640000000000e-01	1.59566462945935e+02	0.00000000000000e+00	1
59	55	71	75	3.00000000000000e-02	0.00000000000000e+00	0.00000000000000e+00	0.00000000000000e+00	1.14297868651315e+03	1.17993500000000e-01	1.34864055647089e+02	0.00000000000000e+00	1
59	55	75	79	3.00000000000000e-02	0.00000000000000e+00	0.00000000000000e+00	0.00000000000000e+00	2.28914891482494e+03	5.32982500000000e-02	1.22007631149568e+02	0.00000000000000e+00	1
59	55	79	83	3.00000000000000e-02	0.00000000000000e+00	0.00000000000000e+00	0.00000000000000e+00	4.00624454719243e+03	2.35032500000000e-02	9.41597671538005e+01	0.00000000000000e+00	1
59	55	83	86	3.00000000000000e-02	0.00000000000000e+00	0.00000000000000e+00	0.00000000000000e+00	8.06026748975497e+03	1.43742500000000e-02	1.15860299964610e+02	0.00000000000000e+00	1
59	54	64	69	3.49693200000000e-02	0.00000000000000e+00	0.00000000000000e+00	0.00000000000000e+00	1.42813727986781e+02	1.15683000000000e+00	1.65211204946948e+02	0.00000000000000e+00	1
59	54	69	74	3.00000000000000e-02	0.00000000000000e+00	0.00000000000000e+00	0.00000000000000e+00	5.67862421708414e+02	2.52915500000000e-01	1.43621208317594e+02	0.00000000000000e+00	1
59	54	74	79	3.00000000000000e-02	0.00000000000000e+00	0.00000000000000e+00	0.00000000000000e+00	1.42485046409100e+03	8.20133000000000e-02	1.16856688566634e+02	0.00000000000000e+00	1
59	54	88	93	3.00000000000000e-02	0.00000000000000e+00	0.00000000000000e+00	0.00000000000000e+00	7.20818291410108e+03	9.68186000000000e-03	6.97886178287187e+01	0.00000000000000e+00	1
59	53	65	71	3.00000000000000e-02	0.00000000000000e+00	0.00000000000000e+00	0.00000000000000e+00	1.71005395525408e+02	9.18369500000000e-01	1.57046139585971e+02	0.00000000000000e+00	1
59	53	71	77	3.00000000000000e-02	0.00000000000000e+00	0.00000000000000e+00	0.00000000000000e+00	6.83428940636161e+02	1.88982000000000e-01	1.29155768059303e+02	0.00000000000000e+00	1
59	53	77	83	3.00000000000000e-02	0.00000000000000e+00	0.00000000000000e+00	0.00000000000000e+00	1.70687806018971e+03	6.37674000000000e-02	1.08843176015341e+02	0.00000000000000e+00	1
59	53	83	88	3.00000000000000e-02	0.00000000000000e+00	0.00000000000000e+00	0.00000000000000e+00	3.87986264484467e+03	2.50307500000000e-02	9.71158718974456e+01	0.00000000000000e+00	1
59	53	88	94	3.00000000000000e-02	0.00000000000000e+00	0.00000000000000e+00	0.00000000000000e+00	5.41102791094334e+03	1.19695500000000e-02	6.47675691314319e+01	0.00000000000000e+00	1
59	53	94	100	3.00000000000000e-02	0.00000000000000e+00	0.00000000000000e+00	0.00000000000000e+00	8.73473062925184e+03	6.70906000000000e-03	5.86018318754883e+01	0.00000000000000e+00	1
59	52	66	73	3.00000000000000e-02	0.00000000000000e+00	0.00000000000000e+00	0.00000000000000e+00	1.99450593910959e+02	7.68270000000000e-01	1.53231907783972e+02	0.00000000000000e+00	1
59	52	73	80	3.00000000000000e-02	0.00000000000000e+00	0.00000000000000e+00	0.00000000000000e+00	7.98142512190893e+02	1.49913000000000e-01	1.19651938430073e+02	0.00000000000000e+00	1
59	52	80	86	3.00000000000000e-02	0.00000000000000e+00	0.00000000000000e+00	0.00000000000000e+00	2.21060679931437e+03	4.43216000000000e-02	9.79776303164920e+01	0.00000000000000e+00	1
59	52	86	93	3.00000000000000e-02	0.00000000000000e+00	0.00000000000000e+00	0.00000000000000e+00	3.59640406559345e+03	2.00947000000000e-02	7.22686607768807e+01	0.00000000000000e+00	1
59	52	93	100	3.00000000000000e-02	0.00000000000000e+00	0.00000000000000e+00	0.00000000000000e+00	6.36956198693842e+03	1.08152400000000e-02	6.88883415836159e+01	0.00000000000000e+00	1
60	59	61	62	4.67545680000000e-01	0.00000000000000e+00	0.00000000000000e+00	0.00000000000000e+00	2.84944067770575e+01	1.69578500000000e+01	4.83203875964325e+02	0.00000000000000e+00	1
60	59	62	63	6.38995500000000e-02	0.00000000000000e+00	0.00000000000000e+00	0.00000000000000e+00	1.14435635900680e+02	2.21389000000000e+00	2.53347909964156e+02	0.00000000000000e+00	1
60	59	63	64	3.00000000000000e-02	0.00000000000000e+00	0.00000000000000e+00	0.00000000000000e+00	2.85186787283957e+02	8.60346000000000e-01	2.45359311692603e+02	0.00000000000000e+00	1
60	59	64	65	3.00000000000000e-02	0.00000000000000e+00	0.00000000000000e+00	0.00000000000000e+00	5.73422997830915e+02	3.21177000000000e-01	1.84170278174340e+02	0.00000000000000e+00	1
60	59	65	66	3.00000000000000e-02	0.00000000000000e+00	0.00000000000000e+00	0.00000000000000e+00	1.00204859373728e+03	1.68765500000000e-01	1.69111231946368e+02	0.00000000000000e+00	1
60	59	66	67	3.00000000000000e-02	0.00000000000000e+00	0.00000000000000e+00	0.00000000000000e+00	1.60050735180356e+03	9.78713500000000e-02	1.56643815205939e+02	0.00000000000000e+00	1
60	59	67	68	3.00000000000000e-02	0.00000000000000e+00	0.00000000000000e+00	0.00000000000000e+00	2.41772542967432e+03	7.33411500000000e-02	1.77318763396558e+02	0.00000000000000e+00	1
60	58	62	64	1.16319710000000e-01	0.00000000000000e+00	0.00000000000000e+00	0.00000000000000e+00	5.72241923738758e+01	4.12911000000000e+00	2.36284984972894e+02	0.00000000000000e+00	1
60	58	64	66	3.00000000000000e-02	0.00000000000000e+00	0.00000000000000e+00	0.00000000000000e+00	2.29490084921247e+02	7.76103500000000e-01	1.78108058122677e+02	0.00000000000000e+00	1
60	58	66	68	3.00000000000000e-02	0.00000000000000e+00	0.00000000000000e+00	0.00000000000000e+00	5.73867117529421e+02	2.88467000000000e-01	1.65541725792360e+02	0.00000000000000e+00	1
60	58	68	70	3.00000000000000e-02	0.00000000000000e+00	0.00000000000000e+00	0.00000000000000e+00	1.14670259938466e+03	1.41751500000000e-01	1.62546813516674e+02	0.00000000000000e+00	1
60	58	70	72	3.00000000000000e-02	0.00000000000000e+00	0.00000000000000e+00	0.00000000000000e+00	2.00639304625645e+03	7.36570000000000e-02	1.47784892608111e+02	0.00000000000000e+00	1
60	58	72	74	3.00000000000000e-02	0.00000000000000e+00	0.00000000000000e+00	0.00000000000000e+00	3.21623008831497e+03	4.85855500000000e-02	1.56262307767331e+02	0.00000000000000e+00	1
60	58	74	76	3.00000000000000e-02	0.00000000000000e+00	0.00000000000000e+00	0.00000000000000e+00	4.84167030944305e+03	2.54469000000000e-02	1.23205500197366e+02	0.00000000000000e+00	1
60	57	63	66	6.81876600000000e-02	0.00000000000000e+00	0.00000000000000e+00	0.00000000000000e+00	8.57956711441731e+01	2.36947500000000e+00	2.03290697884340e+02	0.00000000000000e+00	1
60	57	66	69	3.00000000000000e-02	0.00000000000000e+00	0.00000000000000e+00	0.00000000000000e+00	3.44592644992464e+02	4.72943000000000e-01	1.62972679300671e+02	0.00000000000000e+00	1
60	57	69	72	3.00000000000000e-02	0.00000000000000e+00	0.00000000000000e+00	0.00000000000000e+00	8.55477715786116e+02	1.78212000000000e-01	1.52456394685675e+02	0.00000000000000e+00	1
60	57	72	75	3.00000000000000e-02	0.00000000000000e+00	0.00000000000000e+00	0.00000000000000e+00	1.72113188279569e+03	8.19933500000000e-02	1.41121368862226e+02	0.00000000000000e+00	1
60	57	75	78	3.00000000000000e-02	0.00000000000000e+00	0.00000000000000e+00	0.00000000000000e+00	3.01707243262589e+03	3.73475000000000e-02	1.12680112677496e+02	0.00000000000000e+00	1
60	57	78	81	3.00000000000000e-02	0.00000000000000e+00	0.00000000000000e+00	0.00000000000000e+00	4.82508470784406e+03	2.53337500000000e-02	1.22237489717344e+02	0.00000000000000e+00	1
60	56	64	68	4.42701000000000e-02	0.00000000000000e+00	0.00000000000000e+00	0.00000000000000e+00	1.14610974937113e+02	1.49703500000000e+00	1.71576640864981e+02	0.00000000000000e+00	1
60	56	68	72	3.00000000000000e-02	0.00000000000000e+00	0.00000000000000e+00	0.00000000000000e+00	4.57854201709467e+02	3.34956500000000e-01	1.53361240914897e+02	0.00000000000000e+00	1
60	56	72	76	3.00000000000000e-02	0.00000000000000e+00	0.00000000000000e+00	0.00000000000000e+00	1.14790474300300e+03	1.21881500000000e-01	1.39908351934320e+02	0.00000000000000e+00	1
60	56	76	80	3.00000000000000e-02	0.00000000000000e+00	0.00000000000000e+00	0.00000000000000e+00	2.28968463800053e+03	4.71353000000000e-02	1.07924972317546e+02	0.00000000000000e+00	1
60	56	87	91	3.00000000000000e-02	0.00000000000000e+00	0.00000000000000e+00	0.00000000000000e+00	8.62549101827892e+03	9.49957000000000e-03	8.19384557125119e+01	0.00000000000000e+00	1
60	55	65	70	3.42129100000000e-02	0.00000000000000e+00	0.00000000000000e+00	0.00000000000000e+00	1.43023742336465e+02	1.12938500000000e+00	1.61528869238669e+02	0.00000000000000e+00	1
60	55	70	75	3.00000000000000e-02	0.00000000000000e+00	0.00000000000000e+00	0.00000000000000e+00	5.71728120992991e+02	2.46650000000000e-01	1.41016741042921e+02	0.00000000000000e+00	1
60	55	75	80	3.00000000000000e-02	0.00000000000000e+00	0.00000000000000e+00	0.00000000000000e+00	1.43194710239060e+03	8.32965500000000e-02	1.19276253411634e+02	0.00000000000000e+00	1
60	55	80	84	3.00000000000000e-02	0.00000000000000e+00	0.00000000000000e+00	0.00000000000000e+00	3.38460449976473e+03	3.54703500000000e-02	1.20053106218230e+02	0.00000000000000e+00	1
60	55	84	89	3.00000000000000e-02	0.00000000000000e+00	0.00000000000000e+00	0.00000000000000e+00	4.46503864559664e+03	1.56679000000000e-02	6.99577789953437e+01	0.00000000000000e+00	1
60	55	89	94	3.00000000000000e-02	0.00000000000000e+00	0.00000000000000e+00	0.00000000000000e+00	7.24382361497039e+03	9.01889000000000e-03	6.53312483628203e+01	0.00000000000000e+00	1
60	55	94	99	3.00000000000000e-02	0.00000000000000e+00	0.00000000000000e+00	0.00000000000000e+00	1.09379012518505e+04	6.52433000000000e-03	7.13624772744859e+01	0.00000000000000e+00	1
60	54	66	72	3.00000000000000e-02	0.00000000000000e+00	0.00000000000000e+00	0.00000000000000e+00	1.71284503041844e+02	9.11103500000000e-01	1.56057910217185e+02	0.00000000000000e+00	1
60	54	72	78	3.00000000000000e-02	0.00000000000000e+00	0.00000000000000e+00	0.00000000000000e+00	6.85055614767606e+02	1.88396500000000e-01	1.29062080127565e+02	0.00000000000000e+00	1
60	54	89	95	3.00000000000000e-02	0.00000000000000e+00	0.00000000000000e+00	0.00000000000000e+00	5.42692311781090e+03	1.36954000000000e-02	7.43238828676674e+01	0.00000000000000e+00	1
60	54	95	101	3.00000000000000e-02	0.00000000000000e+00	0.00000000000000e+00	0.00000000000000e+00	8.75250372527146e+03	7.35418000000000e-03	6.43674878463169e+01	0.00000000000000e+00	1
60	53	67	74	3.00000000000000e-02	0.00000000000000e+00	0.00000000000000e+00	0.00000000000000e+00	1.99860274730783e+02	7.74956000000000e-01	1.54882919064269e+02	0.00000000000000e+00	1
60	53	74	81	3.00000000000000e-02	0.00000000000000e+00	0.00000000000000e+00	0.00000000000000e+00	7.98598974528768e+02	1.45352500000000e-01	1.16078357445193e+02	0.00000000000000e+00	1
60	53	81	87	3.00000000000000e-02	0.00000000000000e+00	0.00000000000000e+00	0.00000000000000e+00	2.20955593005585e+03	4.55184500000000e-02	1.00575561124451e+02	0.00000000000000e+00	1
60	53	87	94	3.00000000000000e-02	0.00000000000000e+00	0.00000000000000e+00	0.00000000000000e+00	3.60006453986138e+03	1.87928000000000e-02	6.76552928847069e+01	0.00000000000000e+00	1
60	53	94	101	3.00000000000000e-02	0.00000000000000e+00	0.00000000000000e+00	0.00000000000000e+00	6.37745974300954e+03	8.88159000000000e-03	5.66419826789161e+01	0.00000000000000e+00	1
61	60	62	63	3.77039470000000e-01	0.00000000000000e+00	0.00000000000000e+00	0.00000000000000e+00	2.88104684836560e+01	1.36601500000000e+01	3.93555321057014e+02	0.00000000000000e+00	1
61	60	63	64	8.94908100000000e-02	0.00000000000000e+00	0.00000000000000e+00	0.00000000000000e+00	1.14765661878092e+02	3.14844000000000e+00	3.61332800483461e+02	0.00000000000000e+00	1
61	60	64	65	3.00000000000000e-02	0.00000000000000e+00	0.00000000000000e+00	0.00000000000000e+00	2.88641946417562e+02	8.12829000000000e-01	2.34616544664640e+02	0.00000000000000e+00	1
61	60	65	66	3.00000000000000e-02	0.00000000000000e+00	0.00000000000000e+00	0.00000000000000e+00	5.76156268598471e+02	3.28231000000000e-01	1.89112348198345e+02	0.00000000000000e+00	1
61	60	66	67	3.00000000000000e-02	0.00000000000000e+00	0.00000000000000e+00	0.00000000000000e+00	1.00629083631331e+03	1.64955000000000e-01	1.65992704904062e+02	0.00000000000000e+00	1
61	60	67	68	3.00000000000000e-02	0.00000000000000e+00	0.00000000000000e+00	0.00000000000000e+00	1.62236928977524e+03	1.18616000000000e-01	1.92438955675980e+02	0.00000000000000e+00	1
61	60	68	69	3.00000000000000e-02	0.00000000000000e+00	0.00000000000000e+00	0.00000000000000e+00	2.43886912447034e+03	7.03593000000000e-02	1.71597124389346e+02	0.00000000000000e+00	1
61	59	63	65	1.44155120000000e-01	0.00000000000000e+00	0.00000000000000e+00	0.00000000000000e+00	5.73779601422030e+01	5.14633500000000e+00	2.95286204508424e+02	0.00000000000000e+00	1
61	59	65	67	3.00000000000000e-02	0.00000000000000e+00	0.00000000000000e+00	0.00000000000000e+00	2.29771693063300e+02	7.60450000000000e-01	1.74729883989987e+02	0.00000000000000e+00	1
61	59	67	69	3.00000000000000e-02	0.00000000000000e+00	0.00000000000000e+00	0.00000000000000e+00	5.78414364739168e+02	3.07885500000000e-01	1.78085395894901e+02	0.00000000000000e+00	1
61	59	69	71	3.00000000000000e-02	0.00000000000000e+00	0.00000000000000e+00	0.00000000000000e+00	1.14138605052562e+03	1.41110500000000e-01	1.61061556282696e+02	0.00000000000000e+00	1
61	59	71	73	3.00000000000000e-02	0.00000000000000e+00	0.00000000000000e+00	0.00000000000000e+00	2.00930463743631e+03	8.09744000000000e-02	1.62702237433623e+02	0.00000000000000e+00	1
61	59	73	75	3.00000000000000e-02	0.00000000000000e+00	0.00000000000000e+00	0.00000000000000e+00	3.23133130220957e+03	4.47230000000000e-02	1.44514829828719e+02	0.00000000000000e+00	1
61	59	75	77	3.00000000000000e-02	0.00000000000000e+00	0.00000000000000e+00	0.00000000000000e+00	4.84779430990251e+03	2.37843500000000e-02	1.15301636594730e+02	0.00000000000000e+00	1
61	58	64	67	6.46924600000000e-02	0.00000000000000e+00	0.00000000000000e+00	0.00000000000000e+00	8.62690868364884e+01	2.24357000000000e+00	1.93550735153740e+02	0.00000000000000e+00	1
61	58	67	70	3.00000000000000e-02	0.00000000000000e+00	0.00000000000000e+00	0.00000000000000e+00	3.45602985520827e+02	5.07889500000000e-01	1.75528127514680e+02	0.00000000000000e+00	1
61	58	70	73	3.00000000000000e-02	0.00000000000000e+00	0.00000000000000e+00	0.00000000000000e+00	8.60947312522166e+02	1.80366500000000e-01	1.55286053444029e+02	0.00000000000000e+00	1
61	58	73	76	3.00000000000000e-02	0.00000000000000e+00	0.00000000000000e+00	0.00000000000000e+00	1.73358643751393e+03	7.93367500000000e-02	1.37537113796433e+02	0.00000000000000e+00	1
61	58	76	79	3.00000000000000e-02	0.00000000000000e+00	0.00000000000000e+00	0.00000000000000e+00	3.01447499803075e+03	4.01913500000000e-02	1.21155819712103e+02	0.00000000000000e+00	1
61	58	79	82	3.00000000000000e-02	0.00000000000000e+00	0.00000000000000e+00	0.00000000000000e+00	4.84046835057352e+03	2.48493000000000e-02	1.20282250183907e+02	0.00000000000000e+00	1
61	58	82	84	3.00000000000000e-02	0.00000000000000e+00	0.00000000000000e+00	0.00000000000000e+00	1.02104638408354e+04	1.47073500000000e-02	1.50168865369510e+02	0.00000000000000e+00	1
61	57	65	69	4.42895400000000e-02	0.00000000000000e+00	0.00000000000000e+00	0.00000000000000e+00	1.15017092459514e+02	1.49774500000000e+00	1.72266275145775e+02	0.00000000000000e+00	1
61	57	69	73	3.00000000000000e-02	0.00000000000000e+00	0.00000000000000e+00	0.00000000000000e+00	4.57159441669274e+02	3.42418500000000e-01	1.56539850277230e+02	0.00000000000000e+00	1
61	57	73	77	3.00000000000000e-02	0.00000000000000e+00	0.00000000000000e+00	0.00000000000000e+00	1.15287504027724e+03	1.15015000000000e-01	1.32597922757486e+02	0.00000000000000e+00	1
61	57	77	81	3.00000000000000e-02	0.00000000000000e+00	0.00000000000000e+00	0.00000000000000e+00	2.29875163587953e+03	5.37287500000000e-02	1.23509051956262e+02	0.00000000000000e+00	1
61	57	81	84	3.00000000000000e-02	0.00000000000000e+00	0.00000000000000e+00	0.00000000000000e+00	5.05686060869007e+03	2.57318000000000e-02	1.30122125810691e+02	0.00000000000000e+00	1
61	57	84	88	3.00000000000000e-02	0.00000000000000e+00	0.00000000000000e+00	0.00000000000000e+00	5.70430468638440e+03	1.32654000000000e-02	7.56698833867636e+01	0.00000000000000e+00	1
61	57	88	92	3.00000000000000e-02	0.00000000000000e+00	0.00000000000000e+00	0.00000000000000e+00	8.64271098013854e+03	8.43496000000000e-03	7.29009214090294e+01	0.00000000000000e+00	1
61	56	66	71	3.46569700000000e-02	0.00000000000000e+00	0.00000000000000e+00	0.00000000000000e+00	1.43508846217033e+02	1.14666500000000e+00	1.64556571147454e+02	0.00000000000000e+00	1
61	56	71	76	3.00000000000000e-02	0.00000000000000e+00	0.00000000000000e+00	0.00000000000000e+00	5.74679935962505e+02	2.54419500000000e-01	1.46209781967612e+02	0.00000000000000e+00	1
61	56	76	81	3.00000000000000e-02	0.00000000000000e+00	0.00000000000000e+00	0.00000000000000e+00	1.43394174892741e+03	7.79307000000000e-02	1.11748084253137e+02	0.00000000000000e+00	1
61	56	81	85	3.00000000000000e-02	0.00000000000000e+00	0.00000000000000e+00	0.00000000000000e+00	3.39034273761590e+03	3.48791500000000e-02	1.18252272896715e+02	0.00000000000000e+00	1
61	56	85	90	3.00000000000000e-02	0.00000000000000e+00	0.00000000000000e+00	0.00000000000000e+00	4.47221173258996e+03	2.07958500000000e-02	9.30034443591809e+01	0.00000000000000e+00	1
61	56	90	95	3.00000000000000e-02	0.00000000000000e+00	0.00000000000000e+00	0.00000000000000e+00	7.25684757022892e+03	7.21715000000000e-03	5.23737574414777e+01	0.00000000000000e+00	1
61	55	67	73	3.00000000000000e-02	0.00000000000000e+00	0.00000000000000e+00	0.00000000000000e+00	1.72137131005506e+02	9.50172000000000e-01	1.63559882041764e+02	0.00000000000000e+00	1
61	55	73	79	3.00000000000000e-02	0.00000000000000e+00	0.00000000000000e+00	0.00000000000000e+00	6.89285599002569e+02	1.84879500000000e-01	1.27434776900795e+02	0.00000000000000e+00	1
61	55	79	84	3.00000000000000e-02	0.00000000000000e+00	0.00000000000000e+00	0.00000000000000e+00	1.95178015047156e+03	6.17024000000000e-02	1.20429519556456e+02	0.00000000000000e+00	1
61	55	84	90	3.00000000000000e-02	0.00000000000000e+00	0.00000000000000e+00	0.00000000000000e+00	3.06340087149806e+03	2.50818000000000e-02	7.68356079787400e+01	0.00000000000000e+00	1
61	55	90	96	3.00000000000000e-02	0.00000000000000e+00	0.00000000000000e+00	0.00000000000000e+00	5.44221470234544e+03	1.25539000000000e-02	6.83210191517744e+01	0.00000000000000e+00	1
61	55	96	102	3.00000000000000e-02	0.00000000000000e+00	0.00000000000000e+00	0.00000000000000e+00	8.78362959084737e+03	7.48955000000000e-03	6.57854330021309e+01	0.00000000000000e+00	1
61	55	102	108	3.00000000000000e-02	0.00000000000000e+00	0.00000000000000e+00	0.00000000000000e+00	1.32726991740469e+04	4.56230000000000e-03	6.05540354417541e+01	0.00000000000000e+00	1
61	54	68	75	3.00000000000000e-02	0.00000000000000e+00	0.00000000000000e+00	0.00000000000000e+00	2.00192750363665e+02	7.58974000000000e-01	1.51941092514512e+02	0.00000000000000e+00	1
61	54	75	82	3.00000000000000e-02	0.00000000000000e+00	0.00000000000000e+00	0.00000000000000e+00	8.01514242515659e+02	1.46866500000000e-01	1.17715591498426e+02	0.00000000000000e+00	1
61	54	82	88	3.00000000000000e-02	0.00000000000000e+00	0.00000000000000e+00	0.00000000000000e+00	2.21009419697066e+03	4.67603500000000e-02	1.03344778183317e+02	0.00000000000000e+00	1
61	54	88	95	3.00000000000000e-02	0.00000000000000e+00	0.00000000000000e+00	0.00000000000000e+00	3.60953819795525e+03	1.86838000000000e-02	6.74398897829563e+01	0.00000000000000e+00	1
61	54	95	102	3.00000000000000e-02	0.00000000000000e+00	0.00000000000000e+00	0.00000000000000e+00	6.38913955161343e+03	8.18281000000000e-03	5.22811150143379e+01	0.00000000000000e+00	1
62	61	63	64	3.00000000000000e-02	0.00000000000000e+00	0.00000000000000e+00	0.00000000000000e+00	2.85851089309511e+01	1.98613000000000e+01	5.67737424010298e+02	0.00000000000000e+00	1
62	61	64	65	8.53091800000000e-02	0.00000000000000e+00	0.00000000000000e+00	0.00000000000000e+00	1.15068635211214e+02	2.99505500000000e+00	3.44636891232522e+02	0.00000000000000e+00	1
62	61	65	66	3.00000000000000e-02	0.00000000000000e+00	0.00000000000000e+00	0.00000000000000e+00	2.86992684519444e+02	8.37055000000000e-01	2.40228661540424e+02	0.00000000000000e+00	1
62	61	66	67	3.00000000000000e-02	0.00000000000000e+00	0.00000000000000e+00	0.00000000000000e+00	5.72891402666562e+02	3.45499000000000e-01	1.97933406729894e+02	0.00000000000000e+00	1
62	61	67	68	3.00000000000000e-02	0.00000000000000e+00	0.00000000000000e+00	0.00000000000000e+00	1.00955760232421e+03	2.22160000000000e-01	2.24283316932346e+02	0.00000000000000e+00	1
62	61	68	69	3.00000000000000e-02	0.00000000000000e+00	0.00000000000000e+00	0.00000000000000e+00	1.61761413100642e+03	1.25616500000000e-01	2.03199025487568e+02	0.00000000000000e+00	1
62	61	69	70	3.00000000000000e-02	0.00000000000000e+00	0.00000000000000e+00	0.00000000000000e+00	2.38249970408183e+03	8.26427000000000e-02	1.96896208294523e+02	0.00000000000000e+00	1
62	60	64	66	1.39510690000000e-01	0.00000000000000e+00	0.00000000000000e+00	0.00000000000000e+00	5.75539071930589e+01	4.97553500000000e+00	2.86361479625816e+02	0.00000000000000e+00	1
62	60	66	68	3.00000000000000e-02	0.00000000000000e+00	0.00000000000000e+00	0.00000000000000e+00	2.30086297500501e+02	8.53442500000000e-01	1.96365424954571e+02	0.00000000000000e+00	1
62	60	68	70	3.00000000000000e-02	0.00000000000000e+00	0.00000000000000e+00	0.00000000000000e+00	5.74492873885253e+02	3.28403000000000e-01	1.88665183262539e+02	0.00000000000000e+00	1
62	60	70	72	3.00000000000000e-02	0.00000000000000e+00	0.00000000000000e+00	0.00000000000000e+00	1.14865532884888e+03	1.53964500000000e-01	1.76852143378554e+02	0.00000000000000e+00	1
62	60	72	74	3.00000000000000e-02	0.00000000000000e+00	0.00000000000000e+00	0.00000000000000e+00	2.01371202978324e+03	8.65400500000000e-02	1.74266739743043e+02	0.00000000000000e+00	1
62	60	74	76	3.00000000000000e-02	0.00000000000000e+00	0.00000000000000e+00	0.00000000000000e+00	3.23275424450001e+03	4.59630000000000e-02	1.48587083339954e+02	0.00000000000000e+00	1
62	60	76	78	3.00000000000000e-02	0.00000000000000e+00	0.00000000000000e+00	0.00000000000000e+00	4.81644064137958e+03	2.84570500000000e-02	1.37061692153771e+02	0.00000000000000e+00	1
62	59	65	68	6.78391200000000e-02	0.00000000000000e+00	0.00000000000000e+00	0.00000000000000e+00	8.61874721151024e+01	2.35818000000000e+00	2.03245572992392e+02	0.00000000000000e+00	1
62	59	68	71	3.00000000000000e-02	0.00000000000000e+00	0.00000000000000e+00	0.00000000000000e+00	3.44368868145944e+02	5.20941000000000e-01	1.79395862540816e+02	0.00000000000000e+00	1
62	59	71	74	3.00000000000000e-02	0.00000000000000e+00	0.00000000000000e+00	0.00000000000000e+00	8.62078671049076e+02	1.96223500000000e-01	1.69160094108598e+02	0.00000000000000e+00	1
62	59	74	77	3.00000000000000e-02	0.00000000000000e+00	0.00000000000000e+00	0.00000000000000e+00	1.72716643254975e+03	8.05474000000000e-02	1.39118765509158e+02	0.00000000000000e+00	1
62	59	77	80	3.00000000000000e-02	0.00000000000000e+00	0.00000000000000e+00	0.00000000000000e+00	3.01525001838776e+03	4.54446000000000e-02	1.37026830985624e+02	0.00000000000000e+00	1
62	59	80	83	3.00000000000000e-02	0.00000000000000e+00	0.00000000000000e+00	0.00000000000000e+00	4.83531959351784e+03	2.50854500000000e-02	1.21296167897212e+02	0.00000000000000e+00	1
62	59	83	85	3.00000000000000e-02	0.00000000000000e+00	0.00000000000000e+00	0.00000000000000e+00	1.01549340529806e+04	1.44676000000000e-02	1.46917523904902e+02	0.00000000000000e+00	1
62	58	66	70	4.73244400000000e-02	0.00000000000000e+00	0.00000000000000e+00	0.00000000000000e+00	1.14922841554832e+02	1.60865000000000e+00	1.84870629067180e+02	0.00000000000000e+00	1
62	58	70	74	3.00000000000000e-02	0.00000000000000e+00	0.00000000000000e+00	0.00000000000000e+00	4.59451484398333e+02	3.62611000000000e-01	1.66602162209164e+02	0.00000000000000e+00	1
62	58	74	78	3.00000000000000e-02	0.00000000000000e+00	0.00000000000000e+00	0.00000000000000e+00	1.15075475394043e+03	1.19609500000000e-01	1.37641200741438e+02	0.00000000000000e+00	1
62	58	78	82	3.00000000000000e-02	0.00000000000000e+00	0.00000000000000e+00	0.00000000000000e+00	2.30211144990464e+03	5.56756000000000e-02	1.28171436240311e+02	0.00000000000000e+00	1
62	58	82	85	3.00000000000000e-02	0.00000000000000e+00	0.00000000000000e+00	0.00000000000000e+00	5.04030257716694e+03	2.65007000000000e-02	1.33571546506728e+02	0.00000000000000e+00	1
62	58	85	89	3.00000000000000e-02	0.00000000000000e+00	0.00000000000000e+00	0.00000000000000e+00	5.68743330242094e+03	1.44772000000000e-02	8.23381094058084e+01	0.00000000000000e+00	1
62	58	89	93	3.00000000000000e-02	0.00000000000000e+00	0.00000000000000e+00	0.00000000000000e+00	8.65914123019974e+03	8.68598000000000e-03	7.52131275426903e+01	0.00000000000000e+00	1
62	57	67	72	3.80783000000000e-02	0.00000000000000e+00	0.00000000000000e+00	0.00000000000000e+00	1.43748223960548e+02	1.27064000000000e+00	1.82652243293231e+02	0.00000000000000e+00	1
62	57	72	77	3.00000000000000e-02	0.00000000000000e+00	0.00000000000000e+00	0.00000000000000e+00	5.75023858648229e+02	2.58454500000000e-01	1.48617503874999e+02	0.00000000000000e+00	1
62	57	77	82	3.00000000000000e-02	0.00000000000000e+00	0.00000000000000e+00	0.00000000000000e+00	1.43656732611884e+03	8.93436500000000e-02	1.28348168386197e+02	0.00000000000000e+00	1
62	57	82	86	3.00000000000000e-02	0.00000000000000e+00	0.00000000000000e+00	0.00000000000000e+00	3.38209785480616e+03	3.66244000000000e-02	1.23867304673563e+02	0.00000000000000e+00	1
62	57	86	91	3.00000000000000e-02	0.00000000000000e+00	0.00000000000000e+00	0.00000000000000e+00	4.46802057968263e+03	1.95817000000000e-02	8.74914385851713e+01	0.00000000000000e+00	1
62	57	91	96	3.00000000000000e-02	0.00000000000000e+00	0.00000000000000e+00	0.00000000000000e+00	7.25541225589006e+03	8.60402000000000e-03	6.24257121579232e+01	0.00000000000000e+00	1
62	57	96	101	3.00000000000000e-02	0.00000000000000e+00	0.00000000000000e+00	0.00000000000000e+00	1.09585486622249e+04	6.04272000000000e-03	6.62194411721996e+01	0.00000000000000e+00	1
62	56	68	74	3.01591000000000e-02	0.00000000000000e+00	0.00000000000000e+00	0.00000000000000e+00	1.72081367522025e+02	9.81811500000000e-01	1.68951465568850e+02	0.00000000000000e+00	1
62	56	74	80	3.00000000000000e-02	0.00000000000000e+00	0.00000000000000e+00	0.00000000000000e+00	6.89458109138873e+02	1.89092500000000e-01	1.30371357502342e+02	0.00000000000000e+00	1
62	56	80	85	3.00000000000000e-02	0.00000000000000e+00	0.00000000000000e+00	0.00000000000000e+00	1.95250823678804e+03	6.32472500000000e-02	1.23490776579192e+02	0.00000000000000e+00	1
62	56	85	91	3.00000000000000e-02	0.00000000000000e+00	0.00000000000000e+00	0.00000000000000e+00	3.06274897157379e+03	2.75759000000000e-02	8.44580593652218e+01	0.00000000000000e+00	1
62	56	97	103	3.00000000000000e-02	0.00000000000000e+00	0.00000000000000e+00	0.00000000000000e+00	8.79273456306396e+03	7.24658000000000e-03	6.37172544300080e+01	0.00000000000000e+00	1
62	55	69	76	3.00000000000000e-02	0.00000000000000e+00	0.00000000000000e+00	0.00000000000000e+00	2.00124031327306e+02	7.94015000000000e-01	1.58901482734351e+02	0.00000000000000e+00	1
62	55	76	83	3.00000000000000e-02	0.00000000000000e+00	0.00000000000000e+00	0.00000000000000e+00	8.02267209961732e+02	1.50042000000000e-01	1.20373776717078e+02	0.00000000000000e+00	1
62	55	83	89	3.00000000000000e-02	0.00000000000000e+00	0.00000000000000e+00	0.00000000000000e+00	2.20891019499391e+03	4.82353500000000e-02	1.06547556374100e+02	0.00000000000000e+00	1
62	55	89	96	3.00000000000000e-02	0.00000000000000e+00	0.00000000000000e+00	0.00000000000000e+00	3.61974808012521e+03	1.91981000000000e-02	6.94922856170519e+01	0.00000000000000e+00	1
63	62	64	65	4.16494370000000e-01	0.00000000000000e+00	0.00000000000000e+00	0.00000000000000e+00	2.89149414876673e+01	1.50967000000000e+01	4.36520197156867e+02	0.00000000000000e+00	1
63	62	65	66	6.73609500000000e-02	0.00000000000000e+00	0.00000000000000e+00	0.00000000000000e+00	1.15147928139765e+02	2.34033500000000e+00	2.69484726402978e+02	0.00000000000000e+00	1
63	62	66	67	3.00000000000000e-02	0.00000000000000e+00	0.00000000000000e+00	0.00000000000000e+00	2.87239022141856e+02	6.95143500000000e-01	1.99672339188267e+02	0.00000000000000e+00	1
63	62	67	68	3.00000000000000e-02	0.00000000000000e+00	0.00000000000000e+00	0.00000000000000e+00	5.78503434246676e+02	3.73021500000000e-01	2.15794218797846e+02	0.00000000000000e+00	1
63	62	68	69	3.00000000000000e-02	0.00000000000000e+00	0.00000000000000e+00	0.00000000000000e+00	1.01313485168821e+03	1.87044500000000e-01	1.89501301766596e+02	0.00000000000000e+00	1
63	62	69	70	3.00000000000000e-02	0.00000000000000e+00	0.00000000000000e+00	0.00000000000000e+00	1.59059534400255e+03	1.15577000000000e-01	1.83836238073782e+02	0.00000000000000e+00	1
63	62	70	71	3.00000000000000e-02	0.00000000000000e+00	0.00000000000000e+00	0.00000000000000e+00	2.41080920936530e+03	7.18929000000000e-02	1.73320065407979e+02	0.00000000000000e+00	1
63	61	65	67	1.18744860000000e-01	0.00000000000000e+00	0.00000000000000e+00	0.00000000000000e+00	5.74849977678558e+01	4.21817000000000e+00	2.42481493034436e+02	0.00000000000000e+00	1
63	61	67	69	3.00000000000000e-02	0.00000000000000e+00	0.00000000000000e+00	0.00000000000000e+00	2.31248042644559e+02	9.10340500000000e-01	2.10514458765069e+02	0.00000000000000e+00	1
63	61	69	71	3.00000000000000e-02	0.00000000000000e+00	0.00000000000000e+00	0.00000000000000e+00	5.70071906175907e+02	3.24512500000000e-01	1.84995459452909e+02	0.00000000000000e+00	1
63	61	71	73	3.00000000000000e-02	0.00000000000000e+00	0.00000000000000e+00	0.00000000000000e+00	1.14726033333751e+03	1.59563500000000e-01	1.83060874198499e+02	0.00000000000000e+00	1
63	61	73	75	3.00000000000000e-02	0.00000000000000e+00	0.00000000000000e+00	0.00000000000000e+00	2.01730017980582e+03	8.06144000000000e-02	1.62623443614938e+02	0.00000000000000e+00	1
63	61	75	77	3.00000000000000e-02	0.00000000000000e+00	0.00000000000000e+00	0.00000000000000e+00	3.22663016238053e+03	4.69507500000000e-02	1.51492706096388e+02	0.00000000000000e+00	1
63	61	77	79	3.00000000000000e-02	0.00000000000000e+00	0.00000000000000e+00	0.00000000000000e+00	4.81872256084253e+03	3.14835500000000e-02	1.51710492680414e+02	0.00000000000000e+00	1
63	60	66	69	6.63653000000000e-02	0.00000000000000e+00	0.00000000000000e+00	0.00000000000000e+00	8.64194389006531e+01	2.30459000000000e+00	1.99161374696056e+02	0.00000000000000e+00	1
63	60	69	72	3.00000000000000e-02	0.00000000000000e+00	0.00000000000000e+00	0.00000000000000e+00	3.42890182835491e+02	5.23863000000000e-01	1.79627479850749e+02	0.00000000000000e+00	1
63	60	72	75	3.00000000000000e-02	0.00000000000000e+00	0.00000000000000e+00	0.00000000000000e+00	8.62840524544190e+02	1.92915000000000e-01	1.66454879792442e+02	0.00000000000000e+00	1
63	60	75	78	3.00000000000000e-02	0.00000000000000e+00	0.00000000000000e+00	0.00000000000000e+00	1.72782740325446e+03	8.39822000000000e-02	1.45106746545596e+02	0.00000000000000e+00	1
63	60	78	81	3.00000000000000e-02	0.00000000000000e+00	0.00000000000000e+00	0.00000000000000e+00	3.02056480370452e+03	4.67372000000000e-02	1.41172741343699e+02	0.00000000000000e+00	1
63	59	67	71	4.93517200000000e-02	0.00000000000000e+00	0.00000000000000e+00	0.00000000000000e+00	1.15160701981054e+02	1.68326000000000e+00	1.93845403216629e+02	0.00000000000000e+00	1
63	59	71	75	3.00000000000000e-02	0.00000000000000e+00	0.00000000000000e+00	0.00000000000000e+00	4.59874062469526e+02	3.63690000000000e-01	1.67251597779542e+02	0.00000000000000e+00	1
63	59	75	79	3.00000000000000e-02	0.00000000000000e+00	0.00000000000000e+00	0.00000000000000e+00	1.15111024799235e+03	1.19623000000000e-01	1.37699261195589e+02	0.00000000000000e+00	1
63	59	79	83	3.00000000000000e-02	0.00000000000000e+00	0.00000000000000e+00	0.00000000000000e+00	2.30131348370892e+03	5.54918000000000e-02	1.27704027575279e+02	0.00000000000000e+00	1
63	59	83	86	3.00000000000000e-02	0.00000000000000e+00	0.00000000000000e+00	0.00000000000000e+00	5.01992373615854e+03	2.97111500000000e-02	1.49147707113567e+02	0.00000000000000e+00	1
63	59	86	90	3.00000000000000e-02	0.00000000000000e+00	0.00000000000000e+00	0.00000000000000e+00	5.67973877339926e+03	1.46142000000000e-02	8.30048383822114e+01	0.00000000000000e+00	1
63	59	90	94	3.00000000000000e-02	0.00000000000000e+00	0.00000000000000e+00	0.00000000000000e+00	8.64589672211118e+03	7.35433000000000e-03	6.35847776403239e+01	0.00000000000000e+00	1
63	58	68	73	3.72500700000000e-02	0.00000000000000e+00	0.00000000000000e+00	0.00000000000000e+00	1.43526443258192e+02	1.24009500000000e+00	1.77986424652268e+02	0.00000000000000e+00	1
63	58	73	78	3.00000000000000e-02	0.00000000000000e+00	0.00000000000000e+00	0.00000000000000e+00	5.76221724596427e+02	2.53689000000000e-01	1.46181113091143e+02	0.00000000000000e+00	1
63	58	78	83	3.00000000000000e-02	0.00000000000000e+00	0.00000000000000e+00	0.00000000000000e+00	1.43849648456634e+03	8.97742000000000e-02	1.29139871104756e+02	0.00000000000000e+00	1
63	58	83	87	3.00000000000000e-02	0.00000000000000e+00	0.00000000000000e+00	0.00000000000000e+00	3.37054755188052e+03	3.65003000000000e-02	1.23025996807904e+02	0.00000000000000e+00	1
63	58	87	92	3.00000000000000e-02	0.00000000000000e+00	0.00000000000000e+00	0.00000000000000e+00	4.46699512285524e+03	1.71681500000000e-02	7.66900423184472e+01	0.00000000000000e+00	1
63	58	92	97	3.00000000000000e-02	0.00000000000000e+00	0.00000000000000e+00	0.00000000000000e+00	7.25404560479294e+03	1.05300400000000e-02	7.63853903802938e+01	0.00000000000000e+00	1
63	58	97	102	3.00000000000000e-02	0.00000000000000e+00	0.00000000000000e+00	0.00000000000000e+00	1.09646268042911e+04	5.91898000000000e-03	6.48994067620631e+01	0.00000000000000e+00	1
63	57	69	75	3.01298500000000e-02	0.00000000000000e+00	0.00000000000000e+00	0.00000000000000e+00	1.71665012092025e+02	9.80227000000000e-01	1.68270679807929e+02	0.00000000000000e+00	1
63	57	75	81	3.00000000000000e-02	0.00000000000000e+00	0.00000000000000e+00	0.00000000000000e+00	6.90358480316637e+02	1.94810500000000e-01	1.34489080729724e+02	0.00000000000000e+00	1
63	57	81	86	3.00000000000000e-02	0.00000000000000e+00	0.00000000000000e+00	0.00000000000000e+00	1.95013221382305e+03	6.22018000000000e-02	1.21301733937779e+02	0.00000000000000e+00	1
63	57	86	92	3.00000000000000e-02	0.00000000000000e+00	0.00000000000000e+00	0.00000000000000e+00	3.06052270384964e+03	2.58666500000000e-02	7.91654695975324e+01	0.00000000000000e+00	1
63	57	92	98	3.00000000000000e-02	0.00000000000000e+00	0.00000000000000e+00	0.00000000000000e+00	5.44795137366279e+03	1.61179000000000e-02	8.78095354455595e+01	0.00000000000000e+00	1
63	57	98	104	3.00000000000000e-02	0.00000000000000e+00	0.00000000000000e+00	0.00000000000000e+00	8.79434781161632e+03	5.37354000000000e-03	4.72567797396328e+01	0.00000000000000e+00	1
63	56	70	77	3.00000000000000e-02	0.00000000000000e+00	0.00000000000000e+00	0.00000000000000e+00	2.00993292610086e+02	7.84227500000000e-01	1.57624467380377e+02	0.00000000000000e+00	1
63	56	90	97	3.00000000000000e-02	0.00000000000000e+00	0.00000000000000e+00	0.00000000000000e+00	3.62026126853972e+03	1.61960000000000e-02	5.86337515052693e+01	0.00000000000000e+00	1
64	63	65	66	3.39952660000000e-01	0.00000000000000e+00	0.00000000000000e+00	0.00000000000000e+00	2.85979042025888e+01	1.22981500000000e+01	3.51701315569067e+02	0.00000000000000e+00	1
64	63	66	67	6.14543400000000e-02	0.00000000000000e+00	0.00000000000000e+00	0.00000000000000e+00	1.14276050252804e+02	2.12413000000000e+00	2.42737186623488e+02	0.00000000000000e+00	1
64	63	67	68	3.00000000000000e-02	0.00000000000000e+00	0.00000000000000e+00	0.00000000000000e+00	2.87570302985203e+02	8.64992000000000e-01	2.48746011519777e+02	0.00000000000000e+00	1
64	63	68	69	3.00000000000000e-02	0.00000000000000e+00	0.00000000000000e+00	0.00000000000000e+00	5.75111714872507e+02	3.73036500000000e-01	2.14537661225038e+02	0.00000000000000e+00	1
64	63	69	70	3.00000000000000e-02	0.00000000000000e+00	0.00000000000000e+00	0.00000000000000e+00	9.89563053045016e+02	2.05860000000000e-01	2.03711450099847e+02	0.00000000000000e+00	1
64	63	70	71	3.00000000000000e-02	0.00000000000000e+00	0.00000000000000e+00	0.00000000000000e+00	1.59885927663609e+03	1.21152000000000e-01	1.93704999083015e+02	0.00000000000000e+00	1
64	63	71	72	3.00000000000000e-02	0.00000000000000e+00	0.00000000000000e+00	0.00000000000000e+00	2.40215726768689e+03	8.13557000000000e-02	1.95429186022754e+02	0.00000000000000e+00	1
64	62	66	68	1.14298950000000e-01	0.00000000000000e+00	0.00000000000000e+00	0.00000000000000e+00	5.73454674257544e+01	4.05477000000000e+00	2.32522680953926e+02	0.00000000000000e+00	1
64	62	68	70	3.00000000000000e-02	0.00000000000000e+00	0.00000000000000e+00	0.00000000000000e+00	2.29091375029030e+02	8.82535000000000e-01	2.02181156661245e+02	0.00000000000000e+00	1
64	62	70	72	3.00000000000000e-02	0.00000000000000e+00	0.00000000000000e+00	0.00000000000000e+00	5.72606405931089e+02	3.24816000000000e-01	1.85991722348912e+02	0.00000000000000e+00	1
64	62	72	74	3.00000000000000e-02	0.00000000000000e+00	0.00000000000000e+00	0.00000000000000e+00	1.14703638681228e+03	1.61498000000000e-01	1.85244082397410e+02	0.00000000000000e+00	1
64	62	74	76	3.00000000000000e-02	0.00000000000000e+00	0.00000000000000e+00	0.00000000000000e+00	2.01289493504975e+03	7.74545000000000e-02	1.55907770746811e+02	0.00000000000000e+00	1
64	62	76	78	3.00000000000000e-02	0.00000000000000e+00	0.00000000000000e+00	0.00000000000000e+00	3.19951146738798e+03	4.68437500000000e-02	1.49877115300456e+02	0.00000000000000e+00	1
64	62	78	80	3.00000000000000e-02	0.00000000000000e+00	0.00000000000000e+00	0.00000000000000e+00	4.81409268442973e+03	3.09501500000000e-02	1.48996890697003e+02	0.00000000000000e+00	1
64	61	67	70	7.31217000000000e-02	0.00000000000000e+00	0.00000000000000e+00	0.00000000000000e+00	8.62103617741009e+01	2.55110500000000e+00	2.19931684973718e+02	0.00000000000000e+00	1
64	61	70	73	3.00000000000000e-02	0.00000000000000e+00	0.00000000000000e+00	0.00000000000000e+00	3.43470676582910e+02	5.46433000000000e-01	1.87683712217229e+02	0.00000000000000e+00	1
64	61	73	76	3.00000000000000e-02	0.00000000000000e+00	0.00000000000000e+00	0.00000000000000e+00	8.63867631528721e+02	1.92318000000000e-01	1.66137295160341e+02	0.00000000000000e+00	1
64	61	76	79	3.00000000000000e-02	0.00000000000000e+00	0.00000000000000e+00	0.00000000000000e+00	1.71618650241543e+03	8.74440000000000e-02	1.50070212517215e+02	0.00000000000000e+00	1
64	61	79	82	3.00000000000000e-02	0.00000000000000e+00	0.00000000000000e+00	0.00000000000000e+00	3.01166779108559e+03	4.79786500000000e-02	1.44495754864769e+02	0.00000000000000e+00	1
64	61	82	84	3.00000000000000e-02	0.00000000000000e+00	0.00000000000000e+00	0.00000000000000e+00	6.72249498747682e+03	2.59484500000000e-02	1.74438325057793e+02	0.00000000000000e+00	1
64	61	84	87	3.00000000000000e-02	0.00000000000000e+00	0.00000000000000e+00	0.00000000000000e+00	6.28943946782773e+03	1.52944000000000e-02	9.61932029967445e+01	0.00000000000000e+00	1
64	60	68	72	4.96300000000000e-02	0.00000000000000e+00	0.00000000000000e+00	0.00000000000000e+00	1.14643144219187e+02	1.69220000000000e+00	1.93999128647709e+02	0.00000000000000e+00	1
64	60	72	76	3.00000000000000e-02	0.00000000000000e+00	0.00000000000000e+00	0.00000000000000e+00	4.59867812073593e+02	3.72521500000000e-01	1.71310647155373e+02	0.00000000000000e+00	1
64	60	76	80	3.00000000000000e-02	0.00000000000000e+00	0.00000000000000e+00	0.00000000000000e+00	1.14584689091312e+03	1.25840000000000e-01	1.44193372752507e+02	0.00000000000000e+00	1
64	60	87	91	3.00000000000000e-02	0.00000000000000e+00	0.00000000000000e+00	0.00000000000000e+00	5.67169383605863e+03	1.50672000000000e-02	8.54565453666626e+01	0.00000000000000e+00	1
64	60	91	95	3.00000000000000e-02	0.00000000000000e+00	0.00000000000000e+00	0.00000000000000e+00	8.63693020946740e+03	8.63426000000000e-03	7.45735010303960e+01	0.00000000000000e+00	1
64	59	69	74	3.84639500000000e-02	0.00000000000000e+00	0.00000000000000e+00	0.00000000000000e+00	1.42770661728647e+02	1.28499000000000e+00	1.83458872614695e+02	0.00000000000000e+00	1
64	59	74	79	3.00000000000000e-02	0.00000000000000e+00	0.00000000000000e+00	0.00000000000000e+00	5.74375166398210e+02	2.54357000000000e-01	1.46096344199549e+02	0.00000000000000e+00	1
64	59	88	93	3.00000000000000e-02	0.00000000000000e+00	0.00000000000000e+00	0.00000000000000e+00	4.46469439746707e+03	2.13788000000000e-02	9.54498085845689e+01	0.00000000000000e+00	1
64	59	93	98	3.00000000000000e-02	0.00000000000000e+00	0.00000000000000e+00	0.00000000000000e+00	7.23730396597202e+03	1.02954500000000e-02	7.45113011164666e+01	0.00000000000000e+00	1
64	59	98	103	3.00000000000000e-02	0.00000000000000e+00	0.00000000000000e+00	0.00000000000000e+00	1.09523784303575e+04	4.30926000000000e-03	4.71966462748023e+01	0.00000000000000e+00	1
64	58	70	76	3.06450800000000e-02	0.00000000000000e+00	0.00000000000000e+00	0.00000000000000e+00	1.72194347577846e+02	9.98689500000000e-01	1.71968686885345e+02	0.00000000000000e+00	1
64	58	76	82	3.00000000000000e-02	0.00000000000000e+00	0.00000000000000e+00	0.00000000000000e+00	6.88205910121308e+02	2.01302000000000e-01	1.38537226119239e+02	0.00000000000000e+00	1
64	58	82	87	3.00000000000000e-02	0.00000000000000e+00	0.00000000000000e+00	0.00000000000000e+00	1.94206961545967e+03	6.49915500000000e-02	1.26218114516628e+02	0.00000000000000e+00	1
64	58	87	93	3.00000000000000e-02	0.00000000000000e+00	0.00000000000000e+00	0.00000000000000e+00	3.05872560866001e+03	2.64757000000000e-02	8.09819015971998e+01	0.00000000000000e+00	1
64	58	93	99	3.00000000000000e-02	0.00000000000000e+00	0.00000000000000e+00	0.00000000000000e+00	5.43611898293987e+03	1.26982000000000e-02	6.90289260691670e+01	0.00000000000000e+00	1
64	58	99	105	3.00000000000000e-02	0.00000000000000e+00	0.00000000000000e+00	0.00000000000000e+00	8.79960977959752e+03	7.69796000000000e-03	6.77390440989505e+01	0.00000000000000e+00	1
64	58	105	111	3.00000000000000e-02	0.00000000000000e+00	0.00000000000000e+00	0.00000000000000e+00	1.31770767738537e+04	4.08632000000000e-03	5.38457523625339e+01	0.00000000000000e+00	1
64	57	71	78	3.00000000000000e-02	0.00000000000000e+00	0.00000000000000e+00	0.00000000000000e+00	2.00933408918797e+02	8.11567500000000e-01	1.63071024342705e+02	0.00000000000000e+00	1
64	57	78	84	3.00000000000000e-02	0.00000000000000e+00	0.00000000000000e+00	0.00000000000000e+00	8.81596888428501e+02	1.59808000000000e-01	1.40886235545982e+02	0.00000000000000e+00	1
64	57	84	91	3.00000000000000e-02	0.00000000000000e+00	0.00000000000000e+00	0.00000000000000e+00	1.77144635310186e+03	4.97880000000000e-02	8.81967710282353e+01	0.00000000000000e+00	1
64	57	91	98	3.00000000000000e-02	0.00000000000000e+00	0.00000000000000e+00	0.00000000000000e+00	3.61828948286104e+03	2.04958500000000e-02	7.41599184972975e+01	0.00000000000000e+00	1
65	64	66	67	3.15637990000000e-01	0.00000000000000e+00	0.00000000000000e+00	0.00000000000000e+00	2.86815337352731e+01	1.14093500000000e+01	3.27237656922539e+02	0.00000000000000e+00	1
65	64	67	68	7.04262000000000e-02	0.00000000000000e+00	0.00000000000000e+00	0.00000000000000e+00	1.15528473615696e+02	2.45233500000000e+00	2.83314519344347e+02	0.00000000000000e+00	1
65	64	68	69	3.00000000000000e-02	0.00000000000000e+00	0.00000000000000e+00	0.00000000000000e+00	2.88430581430342e+02	7.65730500000000e-01	2.20860093333946e+02	0.00000000000000e+00	1
65	64	69	70	3.00000000000000e-02	0.00000000000000e+00	0.00000000000000e+00	0.00000000000000e+00	5.66711049575317e+02	3.58295000000000e-01	2.03049735507588e+02	0.00000000000000e+00	1
65	64	70	71	3.00000000000000e-02	0.00000000000000e+00	0.00000000000000e+00	0.00000000000000e+00	1.00270315139674e+03	1.97214500000000e-01	1.97747600651131e+02	0.00000000000000e+00	1
65	64	71	72	3.00000000000000e-02	0.00000000000000e+00	0.00000000000000e+00	0.00000000000000e+00	1.60720331553868e+03	1.19405500000000e-01	1.91908915493554e+02	0.00000000000000e+00	1
65	64	72	73	3.00000000000000e-02	0.00000000000000e+00	0.00000000000000e+00	0.00000000000000e+00	2.40278134329949e+03	7.99830000000000e-02	1.92181660181124e+02	0.00000000000000e+00	1
65	63	67	69	1.25229420000000e-01	0.00000000000000e+00	0.00000000000000e+00	0.00000000000000e+00	5.76730648983078e+01	4.45411500000000e+00	2.56882463459526e+02	0.00000000000000e+00	1
65	63	69	71	3.00000000000000e-02	0.00000000000000e+00	0.00000000000000e+00	0.00000000000000e+00	2.27383072602500e+02	8.84779500000000e-01	2.01183881285704e+02	0.00000000000000e+00	1
65	63	71	73	3.00000000000000e-02	0.00000000000000e+00	0.00000000000000e+00	0.00000000000000e+00	5.72406512376708e+02	3.38522000000000e-01	1.93772197382788e+02	0.00000000000000e+00	1
65	63	73	75	3.00000000000000e-02	0.00000000000000e+00	0.00000000000000e+00	0.00000000000000e+00	1.14989940359192e+03	1.54670000000000e-01	1.77854940753562e+02	0.00000000000000e+00	1
65	63	75	77	3.00000000000000e-02	0.00000000000000e+00	0.00000000000000e+00	0.00000000000000e+00	2.01071880530100e+03	7.12608000000000e-02	1.43285430640793e+02	0.00000000000000e+00	1
65	63	77	79	3.00000000000000e-02	0.00000000000000e+00	0.00000000000000e+00	0.00000000000000e+00	3.20291554606378e+03	5.13687500000000e-02	1.64529767956864e+02	0.00000000000000e+00	1
65	63	79	81	3.00000000000000e-02	0.00000000000000e+00	0.00000000000000e+00	0.00000000000000e+00	4.81076272836890e+03	3.23711000000000e-02	1.55729681356302e+02	0.00000000000000e+00	1
65	62	68	71	6.89127600000000e-02	0.00000000000000e+00	0.00000000000000e+00	0.00000000000000e+00	8.59532940569437e+01	2.39681500000000e+00	2.06014144495094e+02	0.00000000000000e+00	1
65	62	71	74	3.00000000000000e-02	0.00000000000000e+00	0.00000000000000e+00	0.00000000000000e+00	3.44235967697219e+02	5.45245000000000e-01	1.87692940207070e+02	0.00000000000000e+00	1
65	62	74	77	3.00000000000000e-02	0.00000000000000e+00	0.00000000000000e+00	0.00000000000000e+00	8.61518886380492e+02	1.78436500000000e-01	1.53726414769633e+02	0.00000000000000e+00	1
65	62	77	80	3.00000000000000e-02	0.00000000000000e+00	0.00000000000000e+00	0.00000000000000e+00	1.71804828367232e+03	8.94322000000000e-02	1.53648837715039e+02	0.00000000000000e+00	1
65	62	80	83	3.00000000000000e-02	0.00000000000000e+00	0.00000000000000e+00	0.00000000000000e+00	3.01086419132116e+03	4.55301000000000e-02	1.37084947717272e+02	0.00000000000000e+00	1
65	62	83	85	3.00000000000000e-02	0.00000000000000e+00	0.00000000000000e+00	0.00000000000000e+00	6.69490025741118e+03	2.51747000000000e-02	1.68542105510249e+02	0.00000000000000e+00	1
65	62	85	88	3.00000000000000e-02	0.00000000000000e+00	0.00000000000000e+00	0.00000000000000e+00	6.27188528653965e+03	1.50673500000000e-02	9.45006907721433e+01	0.00000000000000e+00	1
65	61	69	73	5.00721900000000e-02	0.00000000000000e+00	0.00000000000000e+00	0.00000000000000e+00	1.14016227554575e+02	1.70826000000000e+00	1.94769360882378e+02	0.00000000000000e+00	1
65	61	73	77	3.00000000000000e-02	0.00000000000000e+00	0.00000000000000e+00	0.00000000000000e+00	4.60276147632141e+02	3.54951500000000e-01	1.63375709016250e+02	0.00000000000000e+00	1
65	61	77	81	3.00000000000000e-02	0.00000000000000e+00	0.00000000000000e+00	0.00000000000000e+00	1.14596229450567e+03	1.34954000000000e-01	1.54652195492718e+02	0.00000000000000e+00	1
65	61	81	84	3.00000000000000e-02	0.00000000000000e+00	0.00000000000000e+00	0.00000000000000e+00	2.84853850111605e+03	5.52345000000000e-02	1.57337599839894e+02	0.00000000000000e+00	1
65	61	84	88	3.00000000000000e-02	0.00000000000000e+00	0.00000000000000e+00	0.00000000000000e+00	3.48624648355723e+03	2.71807500000000e-02	9.47587941079482e+01	0.00000000000000e+00	1
65	61	88	92	3.00000000000000e-02	0.00000000000000e+00	0.00000000000000e+00	0.00000000000000e+00	5.66780453853119e+03	1.63600000000000e-02	9.27252822503703e+01	0.00000000000000e+00	1
65	61	92	96	3.00000000000000e-02	0.00000000000000e+00	0.00000000000000e+00	0.00000000000000e+00	8.62393425994254e+03	9.85920000000000e-03	8.50250926556255e+01	0.00000000000000e+00	1
65	60	70	75	3.84992100000000e-02	0.00000000000000e+00	0.00000000000000e+00	0.00000000000000e+00	1.43397766511757e+02	1.28565000000000e+00	1.84359338515841e+02	0.00000000000000e+00	1
65	60	75	80	3.00000000000000e-02	0.00000000000000e+00	0.00000000000000e+00	0.00000000000000e+00	5.74488861648994e+02	2.57556500000000e-01	1.47963340495299e+02	0.00000000000000e+00	1
65	60	80	84	3.00000000000000e-02	0.00000000000000e+00	0.00000000000000e+00	0.00000000000000e+00	1.67521931802109e+03	9.16625000000000e-02	1.53554790738108e+02	0.00000000000000e+00	1
65	60	84	89	3.00000000000000e-02	0.00000000000000e+00	0.00000000000000e+00	0.00000000000000e+00	2.50001727373292e+03	3.75258000000000e-02	9.38151482106467e+01	0.00000000000000e+00	1
65	60	89	94	3.00000000000000e-02	0.00000000000000e+00	0.00000000000000e+00	0.00000000000000e+00	4.46828079072911e+03	2.10292500000000e-02	9.39645938184402e+01	0.00000000000000e+00	1
65	60	94	99	3.00000000000000e-02	0.00000000000000e+00	0.00000000000000e+00	0.00000000000000e+00	7.22687795560605e+03	1.45494000000000e-02	1.05146738127295e+02	0.00000000000000e+00	1
65	60	99	104	3.00000000000000e-02	0.00000000000000e+00	0.00000000000000e+00	0.00000000000000e+00	1.09597723114908e+04	1.55376000000000e-03	1.70288558267020e+01	0.00000000000000e+00	1
65	59	71	77	3.07161300000000e-02	0.00000000000000e+00	0.00000000000000e+00	0.00000000000000e+00	1.72274350063749e+02	1.00097300000000e+00	1.72441973006361e+02	0.00000000000000e+00	1
65	59	77	83	3.00000000000000e-02	0.00000000000000e+00	0.00000000000000e+00	0.00000000000000e+00	6.88399249998546e+02	2.06742000000000e-01	1.42321037743199e+02	0.00000000000000e+00	1
65	59	83	88	3.00000000000000e-02	0.00000000000000e+00	0.00000000000000e+00	0.00000000000000e+00	1.93438488308100e+03	6.49173000000000e-02	1.25575043770434e+02	0.00000000000000e+00	1
65	59	88	94	3.00000000000000e-02	0.00000000000000e+00	0.00000000000000e+00	0.00000000000000e+00	3.05803665578664e+03	2.76235000000000e-02	8.44736755611223e+01	0.00000000000000e+00	1
65	59	94	100	3.00000000000000e-02	0.00000000000000e+00	0.00000000000000e+00	0.00000000000000e+00	5.42635669071089e+03	1.36269500000000e-02	7.39446913064828e+01	0.00000000000000e+00	1
65	58	72	79	3.00000000000000e-02	0.00000000000000e+00	0.00000000000000e+00	0.00000000000000e+00	2.01017883354578e+02	8.08516000000000e-01	1.62526174978310e+02	0.00000000000000e+00	1
65	58	79	85	3.00000000000000e-02	0.00000000000000e+00	0.00000000000000e+00	0.00000000000000e+00	8.80638362921773e+02	1.59289000000000e-01	1.40276004191446e+02	0.00000000000000e+00	1
65	58	85	92	3.00000000000000e-02	0.00000000000000e+00	0.00000000000000e+00	0.00000000000000e+00	1.76887061535432e+03	4.69603500000000e-02	8.30667832017544e+01	0.00000000000000e+00	1
65	58	92	99	3.00000000000000e-02	0.00000000000000e+00	0.00000000000000e+00	0.00000000000000e+00	3.61557723656116e+03	2.45115000000000e-02	8.86232214339688e+01	0.00000000000000e+00	1
65	58	99	106	3.00000000000000e-02	0.00000000000000e+00	0.00000000000000e+00	0.00000000000000e+00	6.41326230341984e+03	1.67235000000000e-02	1.07252192131242e+02	0.00000000000000e+00	1
66	65	67	68	3.61900660000000e-01	0.00000000000000e+00	0.00000000000000e+00	0.00000000000000e+00	2.88868394130079e+01	1.30991500000000e+01	3.78393042496903e+02	0.00000000000000e+00	1
66	65	68	69	6.27818900000000e-02	0.00000000000000e+00	0.00000000000000e+00	0.00000000000000e+00	1.15038728478405e+02	2.17250500000000e+00	2.49922212812977e+02	0.00000000000000e+00	1
66	65	69	70	3.00000000000000e-02	0.00000000000000e+00	0.00000000000000e+00	0.00000000000000e+00	2.82798273770697e+02	7.45617500000000e-01	2.10859341893222e+02	0.00000000000000e+00	1
66	65	70	71	3.00000000000000e-02	0.00000000000000e+00	0.00000000000000e+00	0.00000000000000e+00	5.72089071397880e+02	3.35908000000000e-01	1.92169295795119e+02	0.00000000000000e+00	1
66	65	71	72	3.00000000000000e-02	0.00000000000000e+00	0.00000000000000e+00	0.00000000000000e+00	1.00294310486966e+03	1.92856500000000e-01	1.93424096904296e+02	0.00000000000000e+00	1
66	65	72	73	3.00000000000000e-02	0.00000000000000e+00	0.00000000000000e+00	0.00000000000000e+00	1.59957592501842e+03	1.20755500000000e-01	1.93157590613561e+02	0.00000000000000e+00	1
66	65	73	74	3.00000000000000e-02	0.00000000000000e+00	0.00000000000000e+00	0.00000000000000e+00	2.42094983853015e+03	7.48572500000000e-02	1.81225647300311e+02	0.00000000000000e+00	1
66	64	68	70	1.13915740000000e-01	0.00000000000000e+00	0.00000000000000e+00	0.00000000000000e+00	5.72723888766534e+01	4.04015500000000e+00	2.31389328281955e+02	0.00000000000000e+00	1
66	64	70	72	3.00000000000000e-02	0.00000000000000e+00	0.00000000000000e+00	0.00000000000000e+00	2.29118797949662e+02	8.46434500000000e-01	1.93934055183124e+02	0.00000000000000e+00	1
66	64	72	74	3.00000000000000e-02	0.00000000000000e+00	0.00000000000000e+00	0.00000000000000e+00	5.73708940017612e+02	3.27123000000000e-01	1.87673389585381e+02	0.00000000000000e+00	1
66	64	74	76	3.00000000000000e-02	0.00000000000000e+00	0.00000000000000e+00	0.00000000000000e+00	1.15015421247608e+03	1.42963500000000e-01	1.64430071755325e+02	0.00000000000000e+00	1
66	64	76	78	3.00000000000000e-02	0.00000000000000e+00	0.00000000000000e+00	0.00000000000000e+00	1.99910256294848e+03	6.74249500000000e-02	1.34789390351673e+02	0.00000000000000e+00	1
66	64	78	80	3.00000000000000e-02	0.00000000000000e+00	0.00000000000000e+00	0.00000000000000e+00	3.20805115484919e+03	4.81322500000000e-02	1.54410720197990e+02	0.00000000000000e+00	1
66	64	80	82	3.00000000000000e-02	0.00000000000000e+00	0.00000000000000e+00	0.00000000000000e+00	4.81487449193592e+03	3.01640000000000e-02	1.45235874174755e+02	0.00000000000000e+00	1
66	63	69	72	6.78976200000000e-02	0.00000000000000e+00	0.00000000000000e+00	0.00000000000000e+00	8.53425049366407e+01	2.35958500000000e+00	2.01372894510923e+02	0.00000000000000e+00	1
66	63	72	75	3.00000000000000e-02	0.00000000000000e+00	0.00000000000000e+00	0.00000000000000e+00	3.43953788528372e+02	5.28619000000000e-01	1.81820507738079e+02	0.00000000000000e+00	1
66	63	75	78	3.00000000000000e-02	0.00000000000000e+00	0.00000000000000e+00	0.00000000000000e+00	8.60338259406363e+02	1.80254500000000e-01	1.55079842780164e+02	0.00000000000000e+00	1
66	63	78	81	3.00000000000000e-02	0.00000000000000e+00	0.00000000000000e+00	0.00000000000000e+00	1.71776952913044e+03	8.98029500000000e-02	1.54260771136024e+02	0.00000000000000e+00	1
66	63	86	89	3.00000000000000e-02	0.00000000000000e+00	0.00000000000000e+00	0.00000000000000e+00	6.24929310554571e+03	1.53181500000000e-02	9.57276091847150e+01	0.00000000000000e+00	1
66	62	70	74	4.87425100000000e-02	0.00000000000000e+00	0.00000000000000e+00	0.00000000000000e+00	1.14602614830616e+02	1.65978500000000e+00	1.90215701056634e+02	0.00000000000000e+00	1
66	62	74	78	3.00000000000000e-02	0.00000000000000e+00	0.00000000000000e+00	0.00000000000000e+00	4.58922380908461e+02	3.36646500000000e-01	1.54494613304500e+02	0.00000000000000e+00	1
66	62	78	82	3.00000000000000e-02	0.00000000000000e+00	0.00000000000000e+00	0.00000000000000e+00	1.14625456774664e+03	1.29126000000000e-01	1.48011267314852e+02	0.00000000000000e+00	1
66	62	82	85	3.00000000000000e-02	0.00000000000000e+00	0.00000000000000e+00	0.00000000000000e+00	2.83720909586796e+03	5.53227000000000e-02	1.56962067647974e+02	0.00000000000000e+00	1
66	62	85	89	3.00000000000000e-02	0.00000000000000e+00	0.00000000000000e+00	0.00000000000000e+00	3.47548201999696e+03	2.51737500000000e-02	8.74909155008984e+01	0.00000000000000e+00	1
66	62	89	93	3.00000000000000e-02	0.00000000000000e+00	0.00000000000000e+00	0.00000000000000e+00	5.67416928101926e+03	1.62116500000000e-02	9.19876464246360e+01	0.00000000000000e+00	1
66	62	93	97	3.00000000000000e-02	0.00000000000000e+00	0.00000000000000e+00	0.00000000000000e+00	8.60817018255753e+03	1.01838900000000e-02	8.76646582404457e+01	0.00000000000000e+00	1
66	61	71	76	3.81440200000000e-02	0.00000000000000e+00	0.00000000000000e+00	0.00000000000000e+00	1.43480038759444e+02	1.27271500000000e+00	1.82609197529725e+02	0.00000000000000e+00	1
66	61	76	81	3.00000000000000e-02	0.00000000000000e+00	0.00000000000000e+00	0.00000000000000e+00	5.72207345234944e+02	2.57387000000000e-01	1.47278731967987e+02	0.00000000000000e+00	1
66	61	81	85	3.00000000000000e-02	0.00000000000000e+00	0.00000000000000e+00	0.00000000000000e+00	1.66935275919196e+03	8.86408500000000e-02	1.47972847524621e+02	0.00000000000000e+00	1
66	61	85	90	3.00000000000000e-02	0.00000000000000e+00	0.00000000000000e+00	0.00000000000000e+00	2.49443693454245e+03	3.89488500000000e-02	9.71554499979539e+01	0.00000000000000e+00	1
66	61	90	95	3.00000000000000e-02	0.00000000000000e+00	0.00000000000000e+00	0.00000000000000e+00	4.45981137507339e+03	1.81650000000000e-02	8.10124736282081e+01	0.00000000000000e+00	1
66	61	95	100	3.00000000000000e-02	0.00000000000000e+00	0.00000000000000e+00	0.00000000000000e+00	7.20940120131044e+03	1.14236500000000e-02	8.23576760333501e+01	0.00000000000000e+00	1
66	61	100	105	3.00000000000000e-02	0.00000000000000e+00	0.00000000000000e+00	0.00000000000000e+00	1.09693610738228e+04	5.67950000000000e-03	6.23004862187763e+01	0.00000000000000e+00	1
66	60	72	78	3.02375500000000e-02	0.00000000000000e+00	0.00000000000000e+00	0.00000000000000e+00	1.72193354121751e+02	9.84648500000000e-01	1.69549927845951e+02	0.00000000000000e+00	1
66	60	89	95	3.00000000000000e-02	0.00000000000000e+00	0.00000000000000e+00	0.00000000000000e+00	3.05925259103991e+03	2.86890500000000e-02	8.77670505469735e+01	0.00000000000000e+00	1
66	60	95	101	3.00000000000000e-02	0.00000000000000e+00	0.00000000000000e+00	0.00000000000000e+00	5.42552675255679e+03	1.26388000000000e-02	6.85721475202148e+01	0.00000000000000e+00	1
66	59	73	80	3.00000000000000e-02	0.00000000000000e+00	0.00000000000000e+00	0.00000000000000e+00	2.01175555157042e+02	7.78398500000000e-01	1.56594750370909e+02	0.00000000000000e+00	1
66	59	80	86	3.00000000000000e-02	0.00000000000000e+00	0.00000000000000e+00	0.00000000000000e+00	8.78632369788390e+02	1.58767500000000e-01	1.39498264770378e+02	0.00000000000000e+00	1
66	59	86	93	3.00000000000000e-02	0.00000000000000e+00	0.00000000000000e+00	0.00000000000000e+00	1.76634058405799e+03	5.08597500000000e-02	8.98356405200436e+01	0.00000000000000e+00	1
66	59	93	100	3.00000000000000e-02	0.00000000000000e+00	0.00000000000000e+00	0.00000000000000e+00	3.60774507531576e+03	2.03923500000000e-02	7.35704002866153e+01	0.00000000000000e+00	1
66	59	100	107	3.00000000000000e-02	0.00000000000000e+00	0.00000000000000e+00	0.00000000000000e+00	6.41015706404502e+03	2.33349500000000e-02	1.49580694581637e+02	0.00000000000000e+00	1
67	66	68	69	2.96433450000000e-01	0.00000000000000e+00	0.00000000000000e+00	0.00000000000000e+00	2.85124094994741e+01	1.07069500000000e+01	3.05280942890395e+02	0.00000000000000e+00	1
67	66	69	70	5.80765100000000e-02	0.00000000000000e+00	0.00000000000000e+00	0.00000000000000e+00	1.12616681092350e+02	2.00055000000000e+00	2.25295301359300e+02	0.00000000000000e+00	1
67	66	70	71	3.00000000000000e-02	0.00000000000000e+00	0.00000000000000e+00	0.00000000000000e+00	2.84899707520298e+02	6.60670500000000e-01	1.88224832217289e+02	0.00000000000000e+00	1
67	66	71	72	3.00000000000000e-02	0.00000000000000e+00	0.00000000000000e+00	0.00000000000000e+00	5.70958663998615e+02	3.24445000000000e-01	1.85244683741031e+02	0.00000000000000e+00	1
67	66	72	73	3.00000000000000e-02	0.00000000000000e+00	0.00000000000000e+00	0.00000000000000e+00	9.96446898669557e+02	1.88368000000000e-01	1.87698709408587e+02	0.00000000000000e+00	1
67	66	73	74	3.00000000000000e-02	0.00000000000000e+00	0.00000000000000e+00	0.00000000000000e+00	1.60777989004991e+03	1.04819500000000e-01	1.68526684185087e+02	0.00000000000000e+00	1
67	66	74	75	3.00000000000000e-02	0.00000000000000e+00	0.00000000000000e+00	0.00000000000000e+00	2.39722648763116e+03	5.38801000000000e-02	1.29162802876216e+02	0.00000000000000e+00	1
67	65	69	71	1.05789800000000e-01	0.00000000000000e+00	0.00000000000000e+00	0.00000000000000e+00	5.65810706799934e+01	3.74323000000000e+00	2.11795961201472e+02	0.00000000000000e+00	1
67	65	71	73	3.00000000000000e-02	0.00000000000000e+00	0.00000000000000e+00	0.00000000000000e+00	2.28454602028329e+02	8.26058500000000e-01	1.88716865869618e+02	0.00000000000000e+00	1
67	65	73	75	3.00000000000000e-02	0.00000000000000e+00	0.00000000000000e+00	0.00000000000000e+00	5.73668875322077e+02	2.75590000000000e-01	1.58097405350011e+02	0.00000000000000e+00	1
67	65	75	77	3.00000000000000e-02	0.00000000000000e+00	0.00000000000000e+00	0.00000000000000e+00	1.14598091177958e+03	1.35247000000000e-01	1.54990480375452e+02	0.00000000000000e+00	1
67	65	77	79	3.00000000000000e-02	0.00000000000000e+00	0.00000000000000e+00	0.00000000000000e+00	1.99672161953314e+03	7.47892000000000e-02	1.49333212547588e+02	0.00000000000000e+00	1
67	65	79	81	3.00000000000000e-02	0.00000000000000e+00	0.00000000000000e+00	0.00000000000000e+00	3.19827241511451e+03	4.53937000000000e-02	1.45181418529984e+02	0.00000000000000e+00	1
67	65	81	83	3.00000000000000e-02	0.00000000000000e+00	0.00000000000000e+00	0.00000000000000e+00	4.79585500206338e+03	2.59112500000000e-02	1.24266597922215e+02	0.00000000000000e+00	1
67	64	70	73	6.41288100000000e-02	0.00000000000000e+00	0.00000000000000e+00	0.00000000000000e+00	8.56831123646756e+01	2.22165000000000e+00	1.90357886584981e+02	0.00000000000000e+00	1
67	64	73	76	3.00000000000000e-02	0.00000000000000e+00	0.00000000000000e+00	0.00000000000000e+00	3.44792106144916e+02	4.74680000000000e-01	1.63665916944869e+02	0.00000000000000e+00	1
67	64	76	79	3.00000000000000e-02	0.00000000000000e+00	0.00000000000000e+00	0.00000000000000e+00	8.55886323499035e+02	1.69685500000000e-01	1.45231498746096e+02	0.00000000000000e+00	1
67	64	79	82	3.00000000000000e-02	0.00000000000000e+00	0.00000000000000e+00	0.00000000000000e+00	1.71565386875198e+03	8.18744500000000e-02	1.40468216894441e+02	0.00000000000000e+00	1
67	64	82	84	3.00000000000000e-02	0.00000000000000e+00	0.00000000000000e+00	0.00000000000000e+00	4.14517641881265e+03	4.15113000000000e-02	1.72071661874258e+02	0.00000000000000e+00	1
67	64	84	87	3.00000000000000e-02	0.00000000000000e+00	0.00000000000000e+00	0.00000000000000e+00	4.10251277351467e+03	2.38457000000000e-02	9.78272888433987e+01	0.00000000000000e+00	1
67	64	87	90	3.00000000000000e-02	0.00000000000000e+00	0.00000000000000e+00	0.00000000000000e+00	6.24847821559034e+03	1.62739000000000e-02	1.01687109632696e+02	0.00000000000000e+00	1
67	63	71	75	4.69647700000000e-02	0.00000000000000e+00	0.00000000000000e+00	0.00000000000000e+00	1.14455047567832e+02	1.59519000000000e+00	1.82577547329730e+02	0.00000000000000e+00	1
67	63	75	79	3.00000000000000e-02	0.00000000000000e+00	0.00000000000000e+00	0.00000000000000e+00	4.58088152978480e+02	3.34308000000000e-01	1.53142534245930e+02	0.00000000000000e+00	1
67	63	79	83	3.00000000000000e-02	0.00000000000000e+00	0.00000000000000e+00	0.00000000000000e+00	1.14344347968727e+03	1.23510500000000e-01	1.41227275897915e+02	0.00000000000000e+00	1
67	63	83	86	3.00000000000000e-02	0.00000000000000e+00	0.00000000000000e+00	0.00000000000000e+00	2.82327136278987e+03	5.30592500000000e-02	1.49800661056109e+02	0.00000000000000e+00	1
67	63	86	90	3.00000000000000e-02	0.00000000000000e+00	0.00000000000000e+00	0.00000000000000e+00	3.46844185647190e+03	2.75518500000000e-02	9.55619897632354e+01	0.00000000000000e+00	1
67	63	90	94	3.00000000000000e-02	0.00000000000000e+00	0.00000000000000e+00	0.00000000000000e+00	5.66193711491970e+03	1.38906000000000e-02	7.86477036885036e+01	0.00000000000000e+00	1
67	63	94	98	3.00000000000000e-02	0.00000000000000e+00	0.00000000000000e+00	0.00000000000000e+00	8.59489204752891e+03	1.25463000000000e-02	1.07834094095912e+02	0.00000000000000e+00	1
67	62	72	77	3.58897900000000e-02	0.00000000000000e+00	0.00000000000000e+00	0.00000000000000e+00	1.43227853071657e+02	1.19093500000000e+00	1.70575063197894e+02	0.00000000000000e+00	1
67	62	77	82	3.00000000000000e-02	0.00000000000000e+00	0.00000000000000e+00	0.00000000000000e+00	5.71841182368554e+02	2.58418000000000e-01	1.47774054665317e+02	0.00000000000000e+00	1
67	62	82	86	3.00000000000000e-02	0.00000000000000e+00	0.00000000000000e+00	0.00000000000000e+00	1.66217327228115e+03	8.57971500000000e-02	1.42609729567896e+02	0.00000000000000e+00	1
67	62	86	91	3.00000000000000e-02	0.00000000000000e+00	0.00000000000000e+00	0.00000000000000e+00	2.48924516752661e+03	3.83282500000000e-02	9.54084110922518e+01	0.00000000000000e+00	1
67	62	91	96	3.00000000000000e-02	0.00000000000000e+00	0.00000000000000e+00	0.00000000000000e+00	4.45371265932348e+03	1.50236000000000e-02	6.69107975086123e+01	0.00000000000000e+00	1
67	62	96	101	3.00000000000000e-02	0.00000000000000e+00	0.00000000000000e+00	0.00000000000000e+00	7.21277571399626e+03	1.10870000000000e-02	7.99680443410765e+01	0.00000000000000e+00	1
67	62	101	106	3.00000000000000e-02	0.00000000000000e+00	0.00000000000000e+00	0.00000000000000e+00	1.09487162144563e+04	1.07629000000000e-02	1.17839937744572e+02	0.00000000000000e+00	1
67	61	73	79	3.00000000000000e-02	0.00000000000000e+00	0.00000000000000e+00	0.00000000000000e+00	1.72148154090889e+02	9.22232000000000e-01	1.58760536443549e+02	0.00000000000000e+00	1
67	61	79	84	3.00000000000000e-02	0.00000000000000e+00	0.00000000000000e+00	0.00000000000000e+00	7.66337176098671e+02	1.97688500000000e-01	1.51496046837182e+02	0.00000000000000e+00	1
67	61	84	90	3.00000000000000e-02	0.00000000000000e+00	0.00000000000000e+00	0.00000000000000e+00	1.48588832305797e+03	6.50388500000000e-02	9.66404677601191e+01	0.00000000000000e+00	1
67	61	90	96	3.00000000000000e-02	0.00000000000000e+00	0.00000000000000e+00	0.00000000000000e+00	3.05196942374267e+03	2.58590500000000e-02	7.89210299270329e+01	0.00000000000000e+00	1
67	61	96	102	3.00000000000000e-02	0.00000000000000e+00	0.00000000000000e+00	0.00000000000000e+00	5.42273754017466e+03	1.41551500000000e-02	7.67596632918034e+01	0.00000000000000e+00	1
67	60	74	81	3.00000000000000e-02	0.00000000000000e+00	0.00000000000000e+00	0.00000000000000e+00	2.00586724618967e+02	7.48876000000000e-01	1.50214583985753e+02	0.00000000000000e+00	1
67	60	81	87	3.00000000000000e-02	0.00000000000000e+00	0.00000000000000e+00	0.00000000000000e+00	8.75600135317574e+02	1.49751000000000e-01	1.31121995863942e+02	0.00000000000000e+00	1
67	60	87	94	3.00000000000000e-02	0.00000000000000e+00	0.00000000000000e+00	0.00000000000000e+00	1.76458878924968e+03	5.02803000000000e-02	8.87240537001109e+01	0.00000000000000e+00	1
67	60	94	101	3.00000000000000e-02	0.00000000000000e+00	0.00000000000000e+00	0.00000000000000e+00	3.60613660543258e+03	2.05150000000000e-02	7.39798924604494e+01	0.00000000000000e+00	1
67	60	101	108	3.00000000000000e-02	0.00000000000000e+00	0.00000000000000e+00	0.00000000000000e+00	6.40107019325694e+03	8.67894000000000e-03	5.55545041430654e+01	0.00000000000000e+00	1
68	67	69	70	2.88547520000000e-01	0.00000000000000e+00	0.00000000000000e+00	0.00000000000000e+00	2.82153474683778e+01	1.04198000000000e+01	2.93998277551003e+02	0.00000000000000e+00	1
68	67	70	71	5.99393500000000e-02	0.00000000000000e+00	0.00000000000000e+00	0.00000000000000e+00	1.14800172496716e+02	2.06909500000000e+00	2.37532462912093e+02	0.00000000000000e+00	1
68	67	71	72	3.00000000000000e-02	0.00000000000000e+00	0.00000000000000e+00	0.00000000000000e+00	2.87641703251027e+02	8.01021000000000e-01	2.30407044779841e+02	0.00000000000000e+00	1
68	67	72	73	3.00000000000000e-02	0.00000000000000e+00	0.00000000000000e+00	0.00000000000000e+00	5.73423395962358e+02	3.84676000000000e-01	2.20582218265216e+02	0.00000000000000e+00	1
68	67	73	74	3.00000000000000e-02	0.00000000000000e+00	0.00000000000000e+00	0.00000000000000e+00	1.01307264786209e+03	1.98025500000000e-01	2.00614217629215e+02	0.00000000000000e+00	1
68	67	74	75	3.00000000000000e-02	0.00000000000000e+00	0.00000000000000e+00	0.00000000000000e+00	1.60913995386836e+03	1.03444000000000e-01	1.66455873387958e+02	0.00000000000000e+00	1
68	67	75	76	3.00000000000000e-02	0.00000000000000e+00	0.00000000000000e+00	0.00000000000000e+00	2.43214285836632e+03	7.67804500000000e-02	1.86741023129652e+02	0.00000000000000e+00	1
68	66	70	72	1.08909310000000e-01	0.00000000000000e+00	0.00000000000000e+00	0.00000000000000e+00	5.73105870877238e+01	3.85802500000000e+00	2.21105677749116e+02	0.00000000000000e+00	1
68	66	72	74	3.00000000000000e-02	0.00000000000000e+00	0.00000000000000e+00	0.00000000000000e+00	2.29539450196983e+02	8.76171500000000e-01	2.01115924388266e+02	0.00000000000000e+00	1
68	66	74	76	3.00000000000000e-02	0.00000000000000e+00	0.00000000000000e+00	0.00000000000000e+00	5.74781990350418e+02	2.80830000000000e-01	1.61416026350108e+02	0.00000000000000e+00	1
68	66	76	78	3.00000000000000e-02	0.00000000000000e+00	0.00000000000000e+00	0.00000000000000e+00	1.14138263709120e+03	1.36710000000000e-01	1.56038420316738e+02	0.00000000000000e+00	1
68	66	78	80	3.00000000000000e-02	0.00000000000000e+00	0.00000000000000e+00	0.00000000000000e+00	2.00297248182696e+03	7.88538500000000e-02	1.57942091636111e+02	0.00000000000000e+00	1
68	66	80	82	3.00000000000000e-02	0.00000000000000e+00	0.00000000000000e+00	0.00000000000000e+00	3.20537198164423e+03	4.59554000000000e-02	1.47304151565253e+02	0.00000000000000e+00	1
68	65	71	74	6.87662300000000e-02	0.00000000000000e+00	0.00000000000000e+00	0.00000000000000e+00	8.60597827850238e+01	2.39170500000000e+00	2.05829612785855e+02	0.00000000000000e+00	1
68	65	74	77	3.00000000000000e-02	0.00000000000000e+00	0.00000000000000e+00	0.00000000000000e+00	3.44258866652977e+02	4.59154000000000e-01	1.58067835659181e+02	0.00000000000000e+00	1
68	65	77	80	3.00000000000000e-02	0.00000000000000e+00	0.00000000000000e+00	0.00000000000000e+00	8.57597607054113e+02	1.85229500000000e-01	1.58852375955830e+02	0.00000000000000e+00	1
68	65	80	83	3.00000000000000e-02	0.00000000000000e+00	0.00000000000000e+00	0.00000000000000e+00	1.71641891865489e+03	8.38967500000000e-02	1.44001968913660e+02	0.00000000000000e+00	1
68	65	83	85	3.00000000000000e-02	0.00000000000000e+00	0.00000000000000e+00	0.00000000000000e+00	4.13259935745461e+03	4.55214000000000e-02	1.88121708390434e+02	0.00000000000000e+00	1
68	65	85	88	3.00000000000000e-02	0.00000000000000e+00	0.00000000000000e+00	0.00000000000000e+00	4.09526091848962e+03	2.24680000000000e-02	9.20123223166248e+01	0.00000000000000e+00	1
68	65	88	91	3.00000000000000e-02	0.00000000000000e+00	0.00000000000000e+00	0.00000000000000e+00	6.25369529289248e+03	1.43264500000000e-02	8.95932529288595e+01	0.00000000000000e+00	1
68	64	72	76	4.78924000000000e-02	0.00000000000000e+00	0.00000000000000e+00	0.00000000000000e+00	1.14825954952101e+02	1.62912000000000e+00	1.87065259731566e+02	0.00000000000000e+00	1
68	64	76	80	3.00000000000000e-02	0.00000000000000e+00	0.00000000000000e+00	0.00000000000000e+00	4.57178690160532e+02	3.31680000000000e-01	1.51637027952445e+02	0.00000000000000e+00	1
68	64	87	91	3.00000000000000e-02	0.00000000000000e+00	0.00000000000000e+00	0.00000000000000e+00	3.47023599161895e+03	3.15045500000000e-02	1.09328223309759e+02	0.00000000000000e+00	1
68	64	91	95	3.00000000000000e-02	0.00000000000000e+00	0.00000000000000e+00	0.00000000000000e+00	5.66690658452622e+03	1.28962000000000e-02	7.30815606953671e+01	0.00000000000000e+00	1
68	64	95	99	3.00000000000000e-02	0.00000000000000e+00	0.00000000000000e+00	0.00000000000000e+00	8.58885001982412e+03	1.18430500000000e-02	1.01718180227278e+02	0.00000000000000e+00	1
68	63	73	78	3.53901500000000e-02	0.00000000000000e+00	0.00000000000000e+00	0.00000000000000e+00	1.43657346537044e+02	1.17286500000000e+00	1.68490673746170e+02	0.00000000000000e+00	1
68	63	78	83	3.00000000000000e-02	0.00000000000000e+00	0.00000000000000e+00	0.00000000000000e+00	5.72366577484272e+02	2.61853000000000e-01	1.49875905413989e+02	0.00000000000000e+00	1
68	63	83	87	3.00000000000000e-02	0.00000000000000e+00	0.00000000000000e+00	0.00000000000000e+00	1.65711539480493e+03	8.59654500000000e-02	1.42454670616333e+02	0.00000000000000e+00	1
68	63	87	92	3.00000000000000e-02	0.00000000000000e+00	0.00000000000000e+00	0.00000000000000e+00	2.48870775510190e+03	3.67637500000000e-02	9.14942297316276e+01	0.00000000000000e+00	1
68	63	92	97	3.00000000000000e-02	0.00000000000000e+00	0.00000000000000e+00	0.00000000000000e+00	4.45286472719605e+03	2.04872500000000e-02	9.12269528822473e+01	0.00000000000000e+00	1
68	63	97	102	3.00000000000000e-02	0.00000000000000e+00	0.00000000000000e+00	0.00000000000000e+00	7.21565668198290e+03	1.12902000000000e-02	8.14662070709234e+01	0.00000000000000e+00	1
68	62	74	80	3.00000000000000e-02	0.00000000000000e+00	0.00000000000000e+00	0.00000000000000e+00	1.72009412609501e+02	9.11179000000000e-01	1.56731364572112e+02	0.00000000000000e+00	1
68	62	80	85	3.00000000000000e-02	0.00000000000000e+00	0.00000000000000e+00	0.00000000000000e+00	7.65647077705961e+02	1.99873500000000e-01	1.53032561185862e+02	0.00000000000000e+00	1
68	62	85	91	3.00000000000000e-02	0.00000000000000e+00	0.00000000000000e+00	0.00000000000000e+00	1.48431927799448e+03	6.65050000000000e-02	9.87146535830229e+01	0.00000000000000e+00	1
68	62	91	97	3.00000000000000e-02	0.00000000000000e+00	0.00000000000000e+00	0.00000000000000e+00	3.05153068534323e+03	2.40907000000000e-02	7.35135102813981e+01	0.00000000000000e+00	1
68	61	75	82	3.00000000000000e-02	0.00000000000000e+00	0.00000000000000e+00	0.00000000000000e+00	2.00712619200986e+02	7.74707000000000e-01	1.55493471083338e+02	0.00000000000000e+00	1
68	61	82	88	3.00000000000000e-02	0.00000000000000e+00	0.00000000000000e+00	0.00000000000000e+00	8.72930470448592e+02	1.53801500000000e-01	1.34258015750699e+02	0.00000000000000e+00	1
68	61	88	95	3.00000000000000e-02	0.00000000000000e+00	0.00000000000000e+00	0.00000000000000e+00	1.76463175641954e+03	5.24010000000000e-02	9.24684686681404e+01	0.00000000000000e+00	1
68	61	95	102	3.00000000000000e-02	0.00000000000000e+00	0.00000000000000e+00	0.00000000000000e+00	3.60450620665582e+03	2.09220000000000e-02	7.54134788556532e+01	0.00000000000000e+00	1
68	61	102	109	3.00000000000000e-02	0.00000000000000e+00	0.00000000000000e+00	0.00000000000000e+00	6.39251919275245e+03	9.59346000000000e-03	6.13263771749029e+01	0.00000000000000e+00	1
69	68	70	71	2.45533200000000e-01	0.00000000000000e+00	0.00000000000000e+00	0.00000000000000e+00	2.93433573566956e+01	8.84948500000000e+00	2.59673600777717e+02	0.00000000000000e+00	1
69	68	71	72	5.85825800000000e-02	0.00000000000000e+00	0.00000000000000e+00	0.00000000000000e+00	1.16746700151315e+02	2.01977000000000e+00	2.35801482564622e+02	0.00000000000000e+00	1
69	68	72	73	3.00000000000000e-02	0.00000000000000e+00	0.00000000000000e+00	0.00000000000000e+00	2.89887170569212e+02	7.46082500000000e-01	2.16279744936204e+02	0.00000000000000e+00	1
69	68	73	74	3.00000000000000e-02	0.00000000000000e+00	0.00000000000000e+00	0.00000000000000e+00	5.85249158579332e+02	3.20491500000000e-01	1.87567380706828e+02	0.00000000000000e+00	1
69	68	74	75	3.00000000000000e-02	0.00000000000000e+00	0.00000000000000e+00	0.00000000000000e+00	1.01399512091684e+03	1.53001000000000e-01	1.55142267495397e+02	0.00000000000000e+00	1
69	68	75	76	3.00000000000000e-02	0.00000000000000e+00	0.00000000000000e+00	0.00000000000000e+00	1.63502503763384e+03	1.06880000000000e-01	1.74751476022305e+02	0.00000000000000e+00	1
69	68	76	77	3.00000000000000e-02	0.00000000000000e+00	0.00000000000000e+00	0.00000000000000e+00	2.41594879894425e+03	5.87572500000000e-02	1.41954507566767e+02	0.00000000000000e+00	1
69	67	71	73	1.11881630000000e-01	0.00000000000000e+00	0.00000000000000e+00	0.00000000000000e+00	5.80193470167507e+01	3.97286000000000e+00	2.30502742988968e+02	0.00000000000000e+00	1
69	67	73	75	3.00000000000000e-02	0.00000000000000e+00	0.00000000000000e+00	0.00000000000000e+00	2.32373428079869e+02	7.77713500000000e-01	1.80719952058993e+02	0.00000000000000e+00	1
69	67	75	77	3.00000000000000e-02	0.00000000000000e+00	0.00000000000000e+00	0.00000000000000e+00	5.78662082421603e+02	2.88236000000000e-01	1.66791243988873e+02	0.00000000000000e+00	1
69	67	77	79	3.00000000000000e-02	0.00000000000000e+00	0.00000000000000e+00	0.00000000000000e+00	1.15004956440799e+03	1.46368500000000e-01	1.68331029668051e+02	0.00000000000000e+00	1
69	67	79	81	3.00000000000000e-02	0.00000000000000e+00	0.00000000000000e+00	0.00000000000000e+00	2.01445633819560e+03	8.16620500000000e-02	1.64504634212546e+02	0.00000000000000e+00	1
69	67	81	83	3.00000000000000e-02	0.00000000000000e+00	0.00000000000000e+00	0.00000000000000e+00	3.22119814568984e+03	4.32830500000000e-02	1.39423280399801e+02	0.00000000000000e+00	1
69	67	83	84	3.00000000000000e-02	0.00000000000000e+00	0.00000000000000e+00	0.00000000000000e+00	8.73513450946720e+03	2.86632500000000e-02	2.50377344228486e+02	0.00000000000000e+00	1
69	66	72	75	6.49414100000000e-02	0.00000000000000e+00	0.00000000000000e+00	0.00000000000000e+00	8.66578286330635e+01	2.25371500000000e+00	1.95302048257765e+02	0.00000000000000e+00	1
69	66	75	78	3.00000000000000e-02	0.00000000000000e+00	0.00000000000000e+00	0.00000000000000e+00	3.45741650880928e+02	4.72505000000000e-01	1.63364658749493e+02	0.00000000000000e+00	1
69	66	78	81	3.00000000000000e-02	0.00000000000000e+00	0.00000000000000e+00	0.00000000000000e+00	8.61497822761701e+02	1.82445000000000e-01	1.57175970273758e+02	0.00000000000000e+00	1
69	66	86	89	3.00000000000000e-02	0.00000000000000e+00	0.00000000000000e+00	0.00000000000000e+00	4.09234438759213e+03	2.23063500000000e-02	9.12852662301656e+01	0.00000000000000e+00	1
69	66	89	92	3.00000000000000e-02	0.00000000000000e+00	0.00000000000000e+00	0.00000000000000e+00	6.27357629931574e+03	1.40324500000000e-02	8.80336457413331e+01	0.00000000000000e+00	1
69	65	73	77	4.36302400000000e-02	0.00000000000000e+00	0.00000000000000e+00	0.00000000000000e+00	1.15642724624763e+02	1.47389500000000e+00	1.70445233610815e+02	0.00000000000000e+00	1
69	65	77	81	3.00000000000000e-02	0.00000000000000e+00	0.00000000000000e+00	0.00000000000000e+00	4.58835707357754e+02	3.47184500000000e-01	1.59300645641148e+02	0.00000000000000e+00	1
69	65	81	84	3.00000000000000e-02	0.00000000000000e+00	0.00000000000000e+00	0.00000000000000e+00	1.40209845914790e+03	1.15687000000000e-01	1.62204564443443e+02	0.00000000000000e+00	1
69	65	84	88	3.00000000000000e-02	0.00000000000000e+00	0.00000000000000e+00	0.00000000000000e+00	1.93667208631457e+03	5.12977000000000e-02	9.93468236821387e+01	0.00000000000000e+00	1
69	65	88	92	3.00000000000000e-02	0.00000000000000e+00	0.00000000000000e+00	0.00000000000000e+00	3.47510694145109e+03	2.81330500000000e-02	9.77653573391905e+01	0.00000000000000e+00	1
69	65	92	96	3.00000000000000e-02	0.00000000000000e+00	0.00000000000000e+00	0.00000000000000e+00	5.67087380017392e+03	1.44282500000000e-02	8.18207849073594e+01	0.00000000000000e+00	1
69	65	96	100	3.00000000000000e-02	0.00000000000000e+00	0.00000000000000e+00	0.00000000000000e+00	8.58673581963509e+03	9.07230000000000e-03	7.79014433764754e+01	0.00000000000000e+00	1
69	64	74	79	3.34372700000000e-02	0.00000000000000e+00	0.00000000000000e+00	0.00000000000000e+00	1.43878512403124e+02	1.10132500000000e+00	1.58457002672370e+02	0.00000000000000e+00	1
69	64	88	93	3.00000000000000e-02	0.00000000000000e+00	0.00000000000000e+00	0.00000000000000e+00	2.49365357978389e+03	3.87468000000000e-02	9.66210965251705e+01	0.00000000000000e+00	1
69	64	93	98	3.00000000000000e-02	0.00000000000000e+00	0.00000000000000e+00	0.00000000000000e+00	4.45388771811283e+03	2.16324500000000e-02	9.63485033676898e+01	0.00000000000000e+00	1
69	63	75	81	3.00000000000000e-02	0.00000000000000e+00	0.00000000000000e+00	0.00000000000000e+00	1.72485586524917e+02	9.21685000000000e-01	1.58977377816218e+02	0.00000000000000e+00	1
69	63	81	86	3.00000000000000e-02	0.00000000000000e+00	0.00000000000000e+00	0.00000000000000e+00	7.65121952875352e+02	1.90184000000000e-01	1.45513953485646e+02	0.00000000000000e+00	1
69	63	86	92	3.00000000000000e-02	0.00000000000000e+00	0.00000000000000e+00	0.00000000000000e+00	1.48386800711290e+03	6.34520000000000e-02	9.41543927873277e+01	0.00000000000000e+00	1
69	63	92	98	3.00000000000000e-02	0.00000000000000e+00	0.00000000000000e+00	0.00000000000000e+00	3.05303296573732e+03	3.11211500000000e-02	9.50138968816559e+01	0.00000000000000e+00	1
69	62	76	83	3.00000000000000e-02	0.00000000000000e+00	0.00000000000000e+00	0.00000000000000e+00	2.00562194801747e+02	7.43700500000000e-01	1.49158204555157e+02	0.00000000000000e+00	1
69	62	83	89	3.00000000000000e-02	0.00000000000000e+00	0.00000000000000e+00	0.00000000000000e+00	8.71138751515828e+02	1.50525000000000e-01	1.31128160571920e+02	0.00000000000000e+00	1
69	62	89	96	3.00000000000000e-02	0.00000000000000e+00	0.00000000000000e+00	0.00000000000000e+00	1.76673740326724e+03	5.02483500000000e-02	8.87756393974633e+01	0.00000000000000e+00	1
69	62	96	103	3.00000000000000e-02	0.00000000000000e+00	0.00000000000000e+00	0.00000000000000e+00	3.60693055823753e+03	2.33462000000000e-02	8.42081221987250e+01	0.00000000000000e+00	1
70	69	71	72	3.04803130000000e-01	0.00000000000000e+00	0.00000000000000e+00	0.00000000000000e+00	2.85750775166148e+01	1.10150000000000e+01	3.14754478845512e+02	0.00000000000000e+00	1
70	69	72	73	6.54160800000000e-02	0.00000000000000e+00	0.00000000000000e+00	0.00000000000000e+00	1.13742708395406e+02	2.26955500000000e+00	2.58145332552335e+02	0.00000000000000e+00	1
70	69	73	74	3.00000000000000e-02	0.00000000000000e+00	0.00000000000000e+00	0.00000000000000e+00	2.86223091300510e+02	7.24178000000000e-01	2.07276465811821e+02	0.00000000000000e+00	1
70	69	74	75	3.00000000000000e-02	0.00000000000000e+00	0.00000000000000e+00	0.00000000000000e+00	5.68116614242283e+02	2.87655000000000e-01	1.63421584669864e+02	0.00000000000000e+00	1
70	69	75	76	3.00000000000000e-02	0.00000000000000e+00	0.00000000000000e+00	0.00000000000000e+00	9.98819819392249e+02	1.84133500000000e-01	1.83916189214063e+02	0.00000000000000e+00	1
70	69	76	77	3.00000000000000e-02	0.00000000000000e+00	0.00000000000000e+00	0.00000000000000e+00	1.58240589693153e+03	9.71524000000000e-02	1.53734530661051e+02	0.00000000000000e+00	1
70	69	77	78	3.00000000000000e-02	0.00000000000000e+00	0.00000000000000e+00	0.00000000000000e+00	2.37505655082013e+03	7.31277000000000e-02	1.73682422931409e+02	0.00000000000000e+00	1
70	68	72	74	1.14371390000000e-01	0.00000000000000e+00	0.00000000000000e+00	0.00000000000000e+00	5.73268187992317e+01	4.05874500000000e+00	2.32674939167287e+02	0.00000000000000e+00	1
70	68	74	76	3.00000000000000e-02	0.00000000000000e+00	0.00000000000000e+00	0.00000000000000e+00	2.29400256030162e+02	7.31804000000000e-01	1.67876024963897e+02	0.00000000000000e+00	1
70	68	76	78	3.00000000000000e-02	0.00000000000000e+00	0.00000000000000e+00	0.00000000000000e+00	5.69349113038133e+02	2.76249000000000e-01	1.57282123127671e+02	0.00000000000000e+00	1
70	68	78	80	3.00000000000000e-02	0.00000000000000e+00	0.00000000000000e+00	0.00000000000000e+00	1.14164270966316e+03	1.39957500000000e-01	1.59781459537682e+02	0.00000000000000e+00	1
70	68	80	82	3.00000000000000e-02	0.00000000000000e+00	0.00000000000000e+00	0.00000000000000e+00	1.99743679003939e+03	7.72162000000000e-02	1.54234478667039e+02	0.00000000000000e+00	1
70	67	73	76	6.22775900000000e-02	0.00000000000000e+00	0.00000000000000e+00	0.00000000000000e+00	8.63457099141049e+01	2.15526000000000e+00	1.86097454749474e+02	0.00000000000000e+00	1
70	67	76	79	3.00000000000000e-02	0.00000000000000e+00	0.00000000000000e+00	0.00000000000000e+00	3.42217898726354e+02	4.67694000000000e-01	1.60053257926923e+02	0.00000000000000e+00	1
70	67	79	82	3.00000000000000e-02	0.00000000000000e+00	0.00000000000000e+00	0.00000000000000e+00	8.57194692990078e+02	1.82403000000000e-01	1.56354883585469e+02	0.00000000000000e+00	1
70	67	82	84	3.00000000000000e-02	0.00000000000000e+00	0.00000000000000e+00	0.00000000000000e+00	2.33256601817908e+03	8.21515000000000e-02	1.91623797242439e+02	0.00000000000000e+00	1
70	67	84	87	3.00000000000000e-02	0.00000000000000e+00	0.00000000000000e+00	0.00000000000000e+00	2.49597838420135e+03	4.31761000000000e-02	1.07766612314116e+02	0.00000000000000e+00	1
70	67	87	90	3.00000000000000e-02	0.00000000000000e+00	0.00000000000000e+00	0.00000000000000e+00	4.08597548359436e+03	2.36487000000000e-02	9.66280084188779e+01	0.00000000000000e+00	1
70	67	90	93	3.00000000000000e-02	0.00000000000000e+00	0.00000000000000e+00	0.00000000000000e+00	6.25678704244393e+03	1.57334500000000e-02	9.84408460929395e+01	0.00000000000000e+00	1
70	66	74	78	4.23747600000000e-02	0.00000000000000e+00	0.00000000000000e+00	0.00000000000000e+00	1.14527792121465e+02	1.42784000000000e+00	1.63527362702712e+02	0.00000000000000e+00	1
70	66	78	82	3.00000000000000e-02	0.00000000000000e+00	0.00000000000000e+00	0.00000000000000e+00	4.57078778713774e+02	3.41853000000000e-01	1.56253751739640e+02	0.00000000000000e+00	1
70	66	82	85	3.00000000000000e-02	0.00000000000000e+00	0.00000000000000e+00	0.00000000000000e+00	1.39234108263000e+03	1.18695500000000e-01	1.65264620973309e+02	0.00000000000000e+00	1
70	66	85	89	3.00000000000000e-02	0.00000000000000e+00	0.00000000000000e+00	0.00000000000000e+00	1.92765088085946e+03	5.05480000000000e-02	9.74388967256841e+01	0.00000000000000e+00	1
70	66	89	93	3.00000000000000e-02	0.00000000000000e+00	0.00000000000000e+00	0.00000000000000e+00	3.47292576096192e+03	3.06374500000000e-02	1.06401589355183e+02	0.00000000000000e+00	1
70	66	93	97	3.00000000000000e-02	0.00000000000000e+00	0.00000000000000e+00	0.00000000000000e+00	5.65311827613342e+03	1.40207000000000e-02	7.92606754141838e+01	0.00000000000000e+00	1
70	66	97	101	3.00000000000000e-02	0.00000000000000e+00	0.00000000000000e+00	0.00000000000000e+00	8.58528405718634e+03	9.16482000000000e-03	7.86825830329825e+01	0.00000000000000e+00	1
70	65	75	80	3.47221200000000e-02	0.00000000000000e+00	0.00000000000000e+00	0.00000000000000e+00	1.43135744081465e+02	1.14889000000000e+00	1.64447225017755e+02	0.00000000000000e+00	1
70	65	80	84	3.00000000000000e-02	0.00000000000000e+00	0.00000000000000e+00	0.00000000000000e+00	6.53851645816227e+02	2.52670500000000e-01	1.65209022274209e+02	0.00000000000000e+00	1
70	65	84	89	3.00000000000000e-02	0.00000000000000e+00	0.00000000000000e+00	0.00000000000000e+00	1.20309091325498e+03	8.30744000000000e-02	9.99460557641099e+01	0.00000000000000e+00	1
70	65	89	94	3.00000000000000e-02	0.00000000000000e+00	0.00000000000000e+00	0.00000000000000e+00	2.49089777490859e+03	3.68866000000000e-02	9.18807498639433e+01	0.00000000000000e+00	1
70	65	94	99	3.00000000000000e-02	0.00000000000000e+00	0.00000000000000e+00	0.00000000000000e+00	4.44220461504792e+03	2.05008500000000e-02	9.10689704824051e+01	0.00000000000000e+00	1
70	65	99	104	3.00000000000000e-02	0.00000000000000e+00	0.00000000000000e+00	0.00000000000000e+00	7.21727345772085e+03	1.04985000000000e-02	7.57705453958824e+01	0.00000000000000e+00	1
70	64	76	82	3.00000000000000e-02	0.00000000000000e+00	0.00000000000000e+00	0.00000000000000e+00	1.71234091566967e+02	8.99910000000000e-01	1.54095271342029e+02	0.00000000000000e+00	1
70	64	82	87	3.00000000000000e-02	0.00000000000000e+00	0.00000000000000e+00	0.00000000000000e+00	7.60829912942117e+02	1.90221500000000e-01	1.44726207284719e+02	0.00000000000000e+00	1
70	64	87	93	3.00000000000000e-02	0.00000000000000e+00	0.00000000000000e+00	0.00000000000000e+00	1.48179245017591e+03	6.58437500000000e-02	9.75667716412703e+01	0.00000000000000e+00	1
70	64	93	99	3.00000000000000e-02	0.00000000000000e+00	0.00000000000000e+00	0.00000000000000e+00	3.04527149731719e+03	2.93351000000000e-02	8.93333439009495e+01	0.00000000000000e+00	1
70	63	90	97	3.00000000000000e-02	0.00000000000000e+00	0.00000000000000e+00	0.00000000000000e+00	1.76230910892800e+03	4.95014500000000e-02	8.72368562401440e+01	0.00000000000000e+00	1
70	63	97	104	3.00000000000000e-02	0.00000000000000e+00	0.00000000000000e+00	0.00000000000000e+00	3.60252290346463e+03	2.20343000000000e-02	7.93790704118106e+01	0.00000000000000e+00	1
70	63	104	111	3.00000000000000e-02	0.00000000000000e+00	0.00000000000000e+00	0.00000000000000e+00	6.35450596434049e+03	1.08014500000000e-02	6.86378784485256e+01	0.00000000000000e+00	1
71	70	72	73	3.13598600000000e-01	0.00000000000000e+00	0.00000000000000e+00	0.00000000000000e+00	2.85441844963458e+01	1.13374500000000e+01	3.23618264518095e+02	0.00000000000000e+00	1
71	70	73	74	5.47474900000000e-02	0.00000000000000e+00	0.00000000000000e+00	0.00000000000000e+00	1.15118817511721e+02	1.87982000000000e+00	2.16402655534883e+02	0.00000000000000e+00	1
71	70	74	75	3.00000000000000e-02	0.00000000000000e+00	0.00000000000000e+00	0.00000000000000e+00	2.85340906258702e+02	5.62317500000000e-01	1.60452185055128e+02	0.00000000000000e+00	1
71	70	75	76	3.00000000000000e-02	0.00000000000000e+00	0.00000000000000e+00	0.00000000000000e+00	5.73749031731595e+02	3.20516000000000e-01	1.83895744654484e+02	0.00000000000000e+00	1
71	70	76	77	3.00000000000000e-02	0.00000000000000e+00	0.00000000000000e+00	0.00000000000000e+00	9.93170415461230e+02	1.56037000000000e-01	1.54971332117324e+02	0.00000000000000e+00	1
71	70	77	78	3.00000000000000e-02	0.00000000000000e+00	0.00000000000000e+00	0.00000000000000e+00	1.59076236880354e+03	1.06665500000000e-01	1.69679463449614e+02	0.00000000000000e+00	1
71	70	78	79	3.00000000000000e-02	0.00000000000000e+00	0.00000000000000e+00	0.00000000000000e+00	2.39132945001698e+03	6.83886000000000e-02	1.63539673225431e+02	0.00000000000000e+00	1
71	69	73	75	9.77640500000000e-02	0.00000000000000e+00	0.00000000000000e+00	0.00000000000000e+00	5.73222356811865e+01	3.45163000000000e+00	1.97855148344254e+02	0.00000000000000e+00	1
71	69	75	77	3.00000000000000e-02	0.00000000000000e+00	0.00000000000000e+00	0.00000000000000e+00	2.28157898712748e+02	7.59885500000000e-01	1.73373878942286e+02	0.00000000000000e+00	1
71	69	77	79	3.00000000000000e-02	0.00000000000000e+00	0.00000000000000e+00	0.00000000000000e+00	5.67507252804887e+02	2.96354000000000e-01	1.68183044397739e+02	0.00000000000000e+00	1
71	69	79	81	3.00000000000000e-02	0.00000000000000e+00	0.00000000000000e+00	0.00000000000000e+00	1.13537321143367e+03	1.42225500000000e-01	1.61479022682760e+02	0.00000000000000e+00	1
71	69	81	83	3.00000000000000e-02	0.00000000000000e+00	0.00000000000000e+00	0.00000000000000e+00	1.98431204898571e+03	6.96543500000000e-02	1.38215965969268e+02	0.00000000000000e+00	1
71	69	83	84	3.00000000000000e-02	0.00000000000000e+00	0.00000000000000e+00	0.00000000000000e+00	5.69617230188865e+03	4.40088500000000e-02	2.50681992407972e+02	0.00000000000000e+00	1
71	69	84	86	3.00000000000000e-02	0.00000000000000e+00	0.00000000000000e+00	0.00000000000000e+00	3.89375414429117e+03	2.75171500000000e-02	1.07145016851582e+02	0.00000000000000e+00	1
71	68	74	77	5.60845400000000e-02	0.00000000000000e+00	0.00000000000000e+00	0.00000000000000e+00	8.57674347633989e+01	1.92812500000000e+00	1.65370335153178e+02	0.00000000000000e+00	1
71	68	77	80	3.00000000000000e-02	0.00000000000000e+00	0.00000000000000e+00	0.00000000000000e+00	3.41740297581299e+02	4.79324000000000e-01	1.63804326397858e+02	0.00000000000000e+00	1
71	68	80	83	3.00000000000000e-02	0.00000000000000e+00	0.00000000000000e+00	0.00000000000000e+00	8.54449745338257e+02	1.75952000000000e-01	1.50342141591757e+02	0.00000000000000e+00	1
71	68	83	85	3.00000000000000e-02	0.00000000000000e+00	0.00000000000000e+00	0.00000000000000e+00	2.32038795154286e+03	8.06416500000000e-02	1.87119913052536e+02	0.00000000000000e+00	1
71	68	85	88	3.00000000000000e-02	0.00000000000000e+00	0.00000000000000e+00	0.00000000000000e+00	2.48735027174554e+03	3.98712500000000e-02	9.91737645223345e+01	0.00000000000000e+00	1
71	68	88	91	3.00000000000000e-02	0.00000000000000e+00	0.00000000000000e+00	0.00000000000000e+00	4.08254859001986e+03	2.32641000000000e-02	9.49768186530811e+01	0.00000000000000e+00	1
71	68	91	94	3.00000000000000e-02	0.00000000000000e+00	0.00000000000000e+00	0.00000000000000e+00	6.24877438102783e+03	1.53828000000000e-02	9.61236465484749e+01	0.00000000000000e+00	1
71	67	75	79	4.38914000000000e-02	0.00000000000000e+00	0.00000000000000e+00	0.00000000000000e+00	1.14381486046329e+02	1.48453500000000e+00	1.69803319387787e+02	0.00000000000000e+00	1
71	67	79	83	3.00000000000000e-02	0.00000000000000e+00	0.00000000000000e+00	0.00000000000000e+00	4.56292642204554e+02	3.35738000000000e-01	1.53194779108473e+02	0.00000000000000e+00	1
71	67	83	86	3.00000000000000e-02	0.00000000000000e+00	0.00000000000000e+00	0.00000000000000e+00	1.38753713043633e+03	1.18501500000000e-01	1.64425231262401e+02	0.00000000000000e+00	1
71	67	86	90	3.00000000000000e-02	0.00000000000000e+00	0.00000000000000e+00	0.00000000000000e+00	1.92595473701649e+03	5.09166000000000e-02	9.80630669627736e+01	0.00000000000000e+00	1
71	67	90	94	3.00000000000000e-02	0.00000000000000e+00	0.00000000000000e+00	0.00000000000000e+00	3.46958788240625e+03	2.95802500000000e-02	1.02631276958547e+02	0.00000000000000e+00	1
71	67	94	98	3.00000000000000e-02	0.00000000000000e+00	0.00000000000000e+00	0.00000000000000e+00	5.64996739169827e+03	1.53898500000000e-02	8.69521506631276e+01	0.00000000000000e+00	1
71	67	98	102	3.00000000000000e-02	0.00000000000000e+00	0.00000000000000e+00	0.00000000000000e+00	8.58648929555040e+03	9.55209000000000e-03	8.20189185351340e+01	0.00000000000000e+00	1
71	66	76	81	3.38224300000000e-02	0.00000000000000e+00	0.00000000000000e+00	0.00000000000000e+00	1.42409881621626e+02	1.11660500000000e+00	1.59015585868115e+02	0.00000000000000e+00	1
71	66	81	85	3.00000000000000e-02	0.00000000000000e+00	0.00000000000000e+00	0.00000000000000e+00	6.51759305370434e+02	2.39806500000000e-01	1.56296117863315e+02	0.00000000000000e+00	1
71	66	85	90	3.00000000000000e-02	0.00000000000000e+00	0.00000000000000e+00	0.00000000000000e+00	1.20129669316856e+03	7.96529000000000e-02	9.56867653712863e+01	0.00000000000000e+00	1
71	66	90	95	3.00000000000000e-02	0.00000000000000e+00	0.00000000000000e+00	0.00000000000000e+00	2.48804629760020e+03	3.80092000000000e-02	9.45686493347457e+01	0.00000000000000e+00	1
71	66	95	100	3.00000000000000e-02	0.00000000000000e+00	0.00000000000000e+00	0.00000000000000e+00	4.43489826964126e+03	2.04277500000000e-02	9.05949931276643e+01	0.00000000000000e+00	1
71	66	100	105	3.00000000000000e-02	0.00000000000000e+00	0.00000000000000e+00	0.00000000000000e+00	7.22596281915518e+03	9.74619000000000e-03	7.04256065684221e+01	0.00000000000000e+00	1
71	66	105	110	3.00000000000000e-02	0.00000000000000e+00	0.00000000000000e+00	0.00000000000000e+00	1.08662519730019e+04	3.56586500000000e-02	3.87475875917084e+02	0.00000000000000e+00	1
71	65	77	83	3.00000000000000e-02	0.00000000000000e+00	0.00000000000000e+00	0.00000000000000e+00	1.71080577346266e+02	9.22317000000000e-01	1.57790524856276e+02	0.00000000000000e+00	1
71	65	83	88	3.00000000000000e-02	0.00000000000000e+00	0.00000000000000e+00	0.00000000000000e+00	7.58058270047291e+02	1.87033500000000e-01	1.41782291450890e+02	0.00000000000000e+00	1
71	65	88	94	3.00000000000000e-02	0.00000000000000e+00	0.00000000000000e+00	0.00000000000000e+00	1.48130748446625e+03	6.52972000000000e-02	9.67252310746893e+01	0.00000000000000e+00	1
71	65	94	100	3.00000000000000e-02	0.00000000000000e+00	0.00000000000000e+00	0.00000000000000e+00	3.04067676162846e+03	2.75299500000000e-02	8.37096792137934e+01	0.00000000000000e+00	1
71	64	78	84	3.00000000000000e-02	0.00000000000000e+00	0.00000000000000e+00	0.00000000000000e+00	2.13599888565260e+02	7.58138500000000e-01	1.61938299117033e+02	0.00000000000000e+00	1
71	64	84	91	3.00000000000000e-02	0.00000000000000e+00	0.00000000000000e+00	0.00000000000000e+00	6.74767652754140e+02	1.50184500000000e-01	1.01339642545054e+02	0.00000000000000e+00	1
71	64	91	98	3.00000000000000e-02	0.00000000000000e+00	0.00000000000000e+00	0.00000000000000e+00	1.76149866415229e+03	5.20817500000000e-02	9.17419330517138e+01	0.00000000000000e+00	1
71	64	98	105	3.00000000000000e-02	0.00000000000000e+00	0.00000000000000e+00	0.00000000000000e+00	3.60199528381095e+03	1.75300000000000e-02	6.31429773252060e+01	0.00000000000000e+00	1
72	71	73	74	2.70422040000000e-01	0.00000000000000e+00	0.00000000000000e+00	0.00000000000000e+00	2.88585317109118e+01	9.75973500000000e+00	2.81651621987595e+02	0.00000000000000e+00	1
72	71	74	75	4.56847400000000e-02	0.00000000000000e+00	0.00000000000000e+00	0.00000000000000e+00	1.14134602630553e+02	1.54785500000000e+00	1.76663815354714e+02	0.00000000000000e+00	1
72	71	75	76	3.00000000000000e-02	0.00000000000000e+00	0.00000000000000e+00	0.00000000000000e+00	2.86772232710667e+02	6.86116000000000e-01	1.96759017218512e+02	0.00000000000000e+00	1
72	71	76	77	3.00000000000000e-02	0.00000000000000e+00	0.00000000000000e+00	0.00000000000000e+00	5.67301598394413e+02	2.86508000000000e-01	1.62536446352786e+02	0.00000000000000e+00	1
72	71	77	78	3.00000000000000e-02	0.00000000000000e+00	0.00000000000000e+00	0.00000000000000e+00	9.94113647456389e+02	1.76104500000000e-01	1.75067886828484e+02	0.00000000000000e+00	1
72	71	78	79	3.00000000000000e-02	0.00000000000000e+00	0.00000000000000e+00	0.00000000000000e+00	1.59419002302993e+03	1.08343500000000e-01	1.72720126760143e+02	0.00000000000000e+00	1
72	71	79	80	3.00000000000000e-02	0.00000000000000e+00	0.00000000000000e+00	0.00000000000000e+00	2.38962815935239e+03	6.87943000000000e-02	1.64392796482936e+02	0.00000000000000e+00	1
72	70	74	76	8.86007700000000e-02	0.00000000000000e+00	0.00000000000000e+00	0.00000000000000e+00	5.71553497384410e+01	3.11468500000000e+00	1.78020910500076e+02	0.00000000000000e+00	1
72	70	76	78	3.00000000000000e-02	0.00000000000000e+00	0.00000000000000e+00	0.00000000000000e+00	2.27058159437314e+02	7.28245500000000e-01	1.65354082848507e+02	0.00000000000000e+00	1
72	70	78	80	3.00000000000000e-02	0.00000000000000e+00	0.00000000000000e+00	0.00000000000000e+00	5.69195706621706e+02	2.89587500000000e-01	1.64831961691313e+02	0.00000000000000e+00	1
72	70	80	82	3.00000000000000e-02	0.00000000000000e+00	0.00000000000000e+00	0.00000000000000e+00	1.13787642539097e+03	1.39314500000000e-01	1.58522685265131e+02	0.00000000000000e+00	1
72	70	85	87	3.00000000000000e-02	0.00000000000000e+00	0.00000000000000e+00	0.00000000000000e+00	3.89722857685261e+03	2.69075000000000e-02	1.04864677931662e+02	0.00000000000000e+00	1
72	69	75	78	6.03910200000000e-02	0.00000000000000e+00	0.00000000000000e+00	0.00000000000000e+00	8.55553370290279e+01	2.08630500000000e+00	1.78494527420346e+02	0.00000000000000e+00	1
72	69	78	81	3.00000000000000e-02	0.00000000000000e+00	0.00000000000000e+00	0.00000000000000e+00	3.41081509145856e+02	4.86074000000000e-01	1.65790853476563e+02	0.00000000000000e+00	1
72	69	86	89	3.00000000000000e-02	0.00000000000000e+00	0.00000000000000e+00	0.00000000000000e+00	2.47952664129732e+03	3.91899000000000e-02	9.71724011197777e+01	0.00000000000000e+00	1
72	69	89	92	3.00000000000000e-02	0.00000000000000e+00	0.00000000000000e+00	0.00000000000000e+00	4.07950264109037e+03	2.49685500000000e-02	1.01859265669197e+02	0.00000000000000e+00	1
72	69	92	95	3.00000000000000e-02	0.00000000000000e+00	0.00000000000000e+00	0.00000000000000e+00	6.23919797363725e+03	1.49647500000000e-02	9.33680378759881e+01	0.00000000000000e+00	1
72	68	76	80	4.24195700000000e-02	0.00000000000000e+00	0.00000000000000e+00	0.00000000000000e+00	1.13722362005607e+02	1.43007500000000e+00	1.62631506845168e+02	0.00000000000000e+00	1
72	68	87	91	3.00000000000000e-02	0.00000000000000e+00	0.00000000000000e+00	0.00000000000000e+00	1.92434501823198e+03	5.13343000000000e-02	9.87849044694260e+01	0.00000000000000e+00	1
72	68	91	95	3.00000000000000e-02	0.00000000000000e+00	0.00000000000000e+00	0.00000000000000e+00	3.46720840068634e+03	2.68166500000000e-02	9.29789141582654e+01	0.00000000000000e+00	1
72	68	95	99	3.00000000000000e-02	0.00000000000000e+00	0.00000000000000e+00	0.00000000000000e+00	5.64034510456293e+03	1.76185500000000e-02	9.93747022419971e+01	0.00000000000000e+00	1
72	67	77	82	3.50519300000000e-02	0.00000000000000e+00	0.00000000000000e+00	0.00000000000000e+00	1.42416573510090e+02	1.16011500000000e+00	1.65219603177659e+02	0.00000000000000e+00	1
72	67	82	86	3.00000000000000e-02	0.00000000000000e+00	0.00000000000000e+00	0.00000000000000e+00	6.49801658299433e+02	2.44678500000000e-01	1.58992495050218e+02	0.00000000000000e+00	1
72	67	86	91	3.00000000000000e-02	0.00000000000000e+00	0.00000000000000e+00	0.00000000000000e+00	1.20024474764534e+03	8.21312000000000e-02	9.85775414178089e+01	0.00000000000000e+00	1
72	67	91	96	3.00000000000000e-02	0.00000000000000e+00	0.00000000000000e+00	0.00000000000000e+00	2.48722081470778e+03	3.85354500000000e-02	9.58461733441310e+01	0.00000000000000e+00	1
72	67	96	101	3.00000000000000e-02	0.00000000000000e+00	0.00000000000000e+00	0.00000000000000e+00	4.43926774149395e+03	1.86308000000000e-02	8.27071094382254e+01	0.00000000000000e+00	1
72	67	101	106	3.00000000000000e-02	0.00000000000000e+00	0.00000000000000e+00	0.00000000000000e+00	7.21836951112122e+03	1.30434500000000e-02	9.41524417998341e+01	0.00000000000000e+00	1
72	67	106	111	3.00000000000000e-02	0.00000000000000e+00	0.00000000000000e+00	0.00000000000000e+00	1.08167935206562e+04	1.60662000000000e-02	1.73784768061566e+02	0.00000000000000e+00	1
72	66	89	95	3.00000000000000e-02	0.00000000000000e+00	0.00000000000000e+00	0.00000000000000e+00	1.48200723650517e+03	6.31872000000000e-02	9.36438876544995e+01	0.00000000000000e+00	1
72	66	95	101	3.00000000000000e-02	0.00000000000000e+00	0.00000000000000e+00	0.00000000000000e+00	3.04079649803531e+03	2.86327500000000e-02	8.70663659291206e+01	0.00000000000000e+00	1
72	66	101	107	3.00000000000000e-02	0.00000000000000e+00	0.00000000000000e+00	0.00000000000000e+00	5.41615968192177e+03	1.69496500000000e-02	9.18020109526854e+01	0.00000000000000e+00	1
72	65	79	85	3.00000000000000e-02	0.00000000000000e+00	0.00000000000000e+00	0.00000000000000e+00	2.13157289104100e+02	7.48084000000000e-01	1.59459557462152e+02	0.00000000000000e+00	1
72	65	85	92	3.00000000000000e-02	0.00000000000000e+00	0.00000000000000e+00	0.00000000000000e+00	6.73829202490503e+02	1.45274500000000e-01	9.78902004772066e+01	0.00000000000000e+00	1
72	65	92	99	3.00000000000000e-02	0.00000000000000e+00	0.00000000000000e+00	0.00000000000000e+00	1.76015468727065e+03	5.07900500000000e-02	8.93983445742109e+01	0.00000000000000e+00	1
72	65	99	106	3.00000000000000e-02	0.00000000000000e+00	0.00000000000000e+00	0.00000000000000e+00	3.60362943895237e+03	2.23034500000000e-02	8.03733690102022e+01	0.00000000000000e+00	1
73	72	74	75	1.97515270000000e-01	0.00000000000000e+00	0.00000000000000e+00	0.00000000000000e+00	2.83057138225137e+01	7.09033500000000e+00	2.00696993415752e+02	0.00000000000000e+00	1
73	72	75	76	5.52642800000000e-02	0.00000000000000e+00	0.00000000000000e+00	0.00000000000000e+00	1.13807554347802e+02	1.89799500000000e+00	2.16006169114357e+02	0.00000000000000e+00	1
73	72	76	77	3.00000000000000e-02	0.00000000000000e+00	0.00000000000000e+00	0.00000000000000e+00	2.82205952655430e+02	6.11900000000000e-01	1.72681822429858e+02	0.00000000000000e+00	1
73	72	77	78	3.00000000000000e-02	0.00000000000000e+00	0.00000000000000e+00	0.00000000000000e+00	5.65310720033343e+02	3.44750000000000e-01	1.94890870731495e+02	0.00000000000000e+00	1
73	72	78	79	3.00000000000000e-02	0.00000000000000e+00	0.00000000000000e+00	0.00000000000000e+00	9.91341998597407e+02	1.92149500000000e-01	1.90485869359492e+02	0.00000000000000e+00	1
73	72	79	80	3.00000000000000e-02	0.00000000000000e+00	0.00000000000000e+00	0.00000000000000e+00	1.58541049415180e+03	1.09845500000000e-01	1.74150208435351e+02	0.00000000000000e+00	1
73	72	80	81	3.00000000000000e-02	0.00000000000000e+00	0.00000000000000e+00	0.00000000000000e+00	2.37820343163267e+03	7.86000500000000e-02	1.86926908636499e+02	0.00000000000000e+00	1
73	71	75	77	9.85297600000000e-02	0.00000000000000e+00	0.00000000000000e+00	0.00000000000000e+00	5.68825202943800e+01	3.47956000000000e+00	1.97926142315513e+02	0.00000000000000e+00	1
73	71	77	79	3.00000000000000e-02	0.00000000000000e+00	0.00000000000000e+00	0.00000000000000e+00	2.26712577205780e+02	8.23898500000000e-01	1.86788152290976e+02	0.00000000000000e+00	1
73	71	79	81	3.00000000000000e-02	0.00000000000000e+00	0.00000000000000e+00	0.00000000000000e+00	5.67336612099889e+02	3.08589500000000e-01	1.75074121459599e+02	0.00000000000000e+00	1
73	71	81	83	3.00000000000000e-02	0.00000000000000e+00	0.00000000000000e+00	0.00000000000000e+00	1.13349409851027e+03	1.32739000000000e-01	1.50458873142155e+02	0.00000000000000e+00	1
73	71	83	84	3.00000000000000e-02	0.00000000000000e+00	0.00000000000000e+00	0.00000000000000e+00	3.50485079291648e+03	7.59814000000000e-02	2.66303470036904e+02	0.00000000000000e+00	1
73	71	84	86	3.00000000000000e-02	0.00000000000000e+00	0.00000000000000e+00	0.00000000000000e+00	2.52128563882543e+03	4.55297000000000e-02	1.14793378750030e+02	0.00000000000000e+00	1
73	71	86	88	3.00000000000000e-02	0.00000000000000e+00	0.00000000000000e+00	0.00000000000000e+00	3.88857005017320e+03	2.76207000000000e-02	1.07405026784819e+02	0.00000000000000e+00	1
73	70	76	79	5.94344600000000e-02	0.00000000000000e+00	0.00000000000000e+00	0.00000000000000e+00	8.49560155815679e+01	2.05205500000000e+00	1.74334416554234e+02	0.00000000000000e+00	1
73	70	79	82	3.00000000000000e-02	0.00000000000000e+00	0.00000000000000e+00	0.00000000000000e+00	3.40606841190025e+02	4.85818500000000e-01	1.65473104676676e+02	0.00000000000000e+00	1
73	70	82	84	3.00000000000000e-02	0.00000000000000e+00	0.00000000000000e+00	0.00000000000000e+00	1.13567128516055e+03	1.75824500000000e-01	1.99678835877712e+02	0.00000000000000e+00	1
73	70	84	87	3.00000000000000e-02	0.00000000000000e+00	0.00000000000000e+00	0.00000000000000e+00	1.36748445823540e+03	8.01252500000000e-02	1.09570034087226e+02	0.00000000000000e+00	1
73	70	87	90	3.00000000000000e-02	0.00000000000000e+00	0.00000000000000e+00	0.00000000000000e+00	2.48170782954810e+03	4.03583500000000e-02	1.00157633182643e+02	0.00000000000000e+00	1
73	70	90	93	3.00000000000000e-02	0.00000000000000e+00	0.00000000000000e+00	0.00000000000000e+00	4.08095567269366e+03	2.55206000000000e-02	1.04148437340546e+02	0.00000000000000e+00	1
73	70	93	96	3.00000000000000e-02	0.00000000000000e+00	0.00000000000000e+00	0.00000000000000e+00	6.23665802206221e+03	1.64071500000000e-02	1.02325783666678e+02	0.00000000000000e+00	1
73	69	77	81	4.60923100000000e-02	0.00000000000000e+00	0.00000000000000e+00	0.00000000000000e+00	1.13425585622279e+02	1.56473000000000e+00	1.77480416590749e+02	0.00000000000000e+00	1
73	69	81	84	3.00000000000000e-02	0.00000000000000e+00	0.00000000000000e+00	0.00000000000000e+00	5.41402063817386e+02	3.23490500000000e-01	1.75138424325318e+02	0.00000000000000e+00	1
73	69	84	88	3.00000000000000e-02	0.00000000000000e+00	0.00000000000000e+00	0.00000000000000e+00	9.20148715630439e+02	1.17151000000000e-01	1.07796342184822e+02	0.00000000000000e+00	1
73	69	88	92	3.00000000000000e-02	0.00000000000000e+00	0.00000000000000e+00	0.00000000000000e+00	1.92167965919090e+03	5.41156500000000e-02	1.03992943848894e+02	0.00000000000000e+00	1
73	69	92	96	3.00000000000000e-02	0.00000000000000e+00	0.00000000000000e+00	0.00000000000000e+00	3.46019311673322e+03	2.80538000000000e-02	9.70715656582104e+01	0.00000000000000e+00	1
73	69	96	100	3.00000000000000e-02	0.00000000000000e+00	0.00000000000000e+00	0.00000000000000e+00	5.62955184114542e+03	1.69992500000000e-02	9.56981591355914e+01	0.00000000000000e+00	1
73	69	100	104	3.00000000000000e-02	0.00000000000000e+00	0.00000000000000e+00	0.00000000000000e+00	8.58736774191987e+03	9.08514000000000e-03	7.80174381668259e+01	0.00000000000000e+00	1
73	68	78	83	3.53362800000000e-02	0.00000000000000e+00	0.00000000000000e+00	0.00000000000000e+00	1.42080815672269e+02	1.17039500000000e+00	1.66290676258745e+02	0.00000000000000e+00	1
73	68	83	87	3.00000000000000e-02	0.00000000000000e+00	0.00000000000000e+00	0.00000000000000e+00	6.47206855343886e+02	2.46446500000000e-01	1.59501864275507e+02	0.00000000000000e+00	1
73	68	87	92	3.00000000000000e-02	0.00000000000000e+00	0.00000000000000e+00	0.00000000000000e+00	1.19890161543873e+03	8.41672500000000e-02	1.00908251992036e+02	0.00000000000000e+00	1
73	68	92	97	3.00000000000000e-02	0.00000000000000e+00	0.00000000000000e+00	0.00000000000000e+00	2.48430196741523e+03	3.89933000000000e-02	9.68711319060125e+01	0.00000000000000e+00	1
73	68	97	102	3.00000000000000e-02	0.00000000000000e+00	0.00000000000000e+00	0.00000000000000e+00	4.43722892618404e+03	2.05153000000000e-02	9.10310825893435e+01	0.00000000000000e+00	1
73	67	79	84	3.00000000000000e-02	0.00000000000000e+00	0.00000000000000e+00	0.00000000000000e+00	1.84782040641218e+02	9.25991000000000e-01	1.71106506595402e+02	0.00000000000000e+00	1
73	67	84	90	3.00000000000000e-02	0.00000000000000e+00	0.00000000000000e+00	0.00000000000000e+00	5.61923348800883e+02	1.87580500000000e-01	1.05405862729744e+02	0.00000000000000e+00	1
73	67	90	96	3.00000000000000e-02	0.00000000000000e+00	0.00000000000000e+00	0.00000000000000e+00	1.48019673364414e+03	6.66591000000000e-02	9.86685820876584e+01	0.00000000000000e+00	1
73	67	96	102	3.00000000000000e-02	0.00000000000000e+00	0.00000000000000e+00	0.00000000000000e+00	3.04108830627526e+03	2.91228500000000e-02	8.85651585804084e+01	0.00000000000000e+00	1
73	67	102	108	3.00000000000000e-02	0.00000000000000e+00	0.00000000000000e+00	0.00000000000000e+00	5.41361784145519e+03	1.37404500000000e-02	7.43855452696229e+01	0.00000000000000e+00	1
73	66	80	86	3.00000000000000e-02	0.00000000000000e+00	0.00000000000000e+00	0.00000000000000e+00	2.12520263489109e+02	7.57205500000000e-01	1.60921512375402e+02	0.00000000000000e+00	1
73	66	86	93	3.00000000000000e-02	0.00000000000000e+00	0.00000000000000e+00	0.00000000000000e+00	6.73093747435704e+02	1.48655000000000e-01	1.00058751025055e+02	0.00000000000000e+00	1
73	66	93	100	3.00000000000000e-02	0.00000000000000e+00	0.00000000000000e+00	0.00000000000000e+00	1.75733962438680e+03	5.26763000000000e-02	9.25701492560863e+01	0.00000000000000e+00	1
73	66	100	107	3.00000000000000e-02	0.00000000000000e+00	0.00000000000000e+00	0.00000000000000e+00	3.60216579005331e+03	2.23295000000000e-02	8.04345610089953e+01	0.00000000000000e+00	1
74	73	75	76	2.72948900000000e-01	0.00000000000000e+00	0.00000000000000e+00	0.00000000000000e+00	2.86651769629510e+01	9.85333000000000e+00	2.82447448124354e+02	0.00000000000000e+00	1
74	73	76	77	5.12910300000000e-02	0.00000000000000e+00	0.00000000000000e+00	0.00000000000000e+00	1.13363325030873e+02	1.75375000000000e+00	1.98810931272893e+02	0.00000000000000e+00	1
74	73	77	78	3.00000000000000e-02	0.00000000000000e+00	0.00000000000000e+00	0.00000000000000e+00	2.84211018872878e+02	7.31649500000000e-01	2.07942849852831e+02	0.00000000000000e+00	1
74	73	78	79	3.00000000000000e-02	0.00000000000000e+00	0.00000000000000e+00	0.00000000000000e+00	5.70101038253859e+02	3.45190000000000e-01	1.96793177394849e+02	0.00000000000000e+00	1
74	73	79	80	3.00000000000000e-02	0.00000000000000e+00	0.00000000000000e+00	0.00000000000000e+00	9.97156647492261e+02	1.85428500000000e-01	1.84901261409519e+02	0.00000000000000e+00	1
74	73	80	81	3.00000000000000e-02	0.00000000000000e+00	0.00000000000000e+00	0.00000000000000e+00	1.59577537894464e+03	1.23205500000000e-01	1.96608303450563e+02	0.00000000000000e+00	1
74	73	81	82	3.00000000000000e-02	0.00000000000000e+00	0.00000000000000e+00	0.00000000000000e+00	2.39304124820507e+03	6.69170500000000e-02	1.60135260858201e+02	0.00000000000000e+00	1
74	72	76	78	9.75148300000000e-02	0.00000000000000e+00	0.00000000000000e+00	0.00000000000000e+00	5.66502989738008e+01	3.44265000000000e+00	1.95027151762155e+02	0.00000000000000e+00	1
74	72	78	80	3.00000000000000e-02	0.00000000000000e+00	0.00000000000000e+00	0.00000000000000e+00	2.27458230581681e+02	8.33422500000000e-01	1.89568807176961e+02	0.00000000000000e+00	1
74	72	80	82	3.00000000000000e-02	0.00000000000000e+00	0.00000000000000e+00	0.00000000000000e+00	5.68350397204620e+02	3.13451000000000e-01	1.78150000354185e+02	0.00000000000000e+00	1
74	72	85	87	3.00000000000000e-02	0.00000000000000e+00	0.00000000000000e+00	0.00000000000000e+00	2.52212312688958e+03	4.32668500000000e-02	1.09124323012662e+02	0.00000000000000e+00	1
74	72	87	89	3.00000000000000e-02	0.00000000000000e+00	0.00000000000000e+00	0.00000000000000e+00	3.88924393809645e+03	2.86795000000000e-02	1.11541571522637e+02	0.00000000000000e+00	1
74	71	77	80	6.52116500000000e-02	0.00000000000000e+00	0.00000000000000e+00	0.00000000000000e+00	8.52112701707385e+01	2.26214000000000e+00	1.92759822704034e+02	0.00000000000000e+00	1
74	71	80	83	3.00000000000000e-02	0.00000000000000e+00	0.00000000000000e+00	0.00000000000000e+00	3.40913418760826e+02	5.00958500000000e-01	1.70783474892295e+02	0.00000000000000e+00	1
74	71	83	85	3.00000000000000e-02	0.00000000000000e+00	0.00000000000000e+00	0.00000000000000e+00	1.13448718873613e+03	1.84638000000000e-01	2.09469445553861e+02	0.00000000000000e+00	1
74	71	85	88	3.00000000000000e-02	0.00000000000000e+00	0.00000000000000e+00	0.00000000000000e+00	1.36749366545275e+03	7.93143000000000e-02	1.08461802829819e+02	0.00000000000000e+00	1
74	71	88	91	3.00000000000000e-02	0.00000000000000e+00	0.00000000000000e+00	0.00000000000000e+00	2.48517579598003e+03	4.33467000000000e-02	1.07724169675608e+02	0.00000000000000e+00	1
74	71	91	94	3.00000000000000e-02	0.00000000000000e+00	0.00000000000000e+00	0.00000000000000e+00	4.08642892190579e+03	2.71073000000000e-02	1.10772054714777e+02	0.00000000000000e+00	1
74	71	94	97	3.00000000000000e-02	0.00000000000000e+00	0.00000000000000e+00	0.00000000000000e+00	6.23993405801661e+03	1.69381500000000e-02	1.05692939064794e+02	0.00000000000000e+00	1
74	70	78	82	4.63990400000000e-02	0.00000000000000e+00	0.00000000000000e+00	0.00000000000000e+00	1.13745137898697e+02	1.57473000000000e+00	1.79117881003215e+02	0.00000000000000e+00	1
74	70	82	85	3.00000000000000e-02	0.00000000000000e+00	0.00000000000000e+00	0.00000000000000e+00	5.41249863199001e+02	3.39590000000000e-01	1.83803041043749e+02	0.00000000000000e+00	1
74	70	85	89	3.00000000000000e-02	0.00000000000000e+00	0.00000000000000e+00	0.00000000000000e+00	9.20617590106266e+02	1.17473000000000e-01	1.08147710162553e+02	0.00000000000000e+00	1
74	70	89	93	3.00000000000000e-02	0.00000000000000e+00	0.00000000000000e+00	0.00000000000000e+00	1.92707557648263e+03	5.41703500000000e-02	1.04390358454516e+02	0.00000000000000e+00	1
74	70	93	97	3.00000000000000e-02	0.00000000000000e+00	0.00000000000000e+00	0.00000000000000e+00	3.46336232871857e+03	2.78398500000000e-02	9.64194877271758e+01	0.00000000000000e+00	1
74	70	97	101	3.00000000000000e-02	0.00000000000000e+00	0.00000000000000e+00	0.00000000000000e+00	5.64171055077216e+03	1.67217000000000e-02	9.43389913168468e+01	0.00000000000000e+00	1
74	70	101	105	3.00000000000000e-02	0.00000000000000e+00	0.00000000000000e+00	0.00000000000000e+00	8.59297235754005e+03	9.70776000000000e-03	8.34185133336330e+01	0.00000000000000e+00	1
74	69	88	93	3.00000000000000e-02	0.00000000000000e+00	0.00000000000000e+00	0.00000000000000e+00	1.19930132250963e+03	8.75344000000000e-02	1.04980121685087e+02	0.00000000000000e+00	1
74	69	93	98	3.00000000000000e-02	0.00000000000000e+00	0.00000000000000e+00	0.00000000000000e+00	2.48235999841876e+03	3.99286000000000e-02	9.91171594328633e+01	0.00000000000000e+00	1
74	69	98	103	3.00000000000000e-02	0.00000000000000e+00	0.00000000000000e+00	0.00000000000000e+00	4.43599841383410e+03	2.31588500000000e-02	1.02732621866222e+02	0.00000000000000e+00	1
74	68	80	85	3.00000000000000e-02	0.00000000000000e+00	0.00000000000000e+00	0.00000000000000e+00	1.84636136085571e+02	9.47936500000000e-01	1.75023332614479e+02	0.00000000000000e+00	1
74	68	85	91	3.00000000000000e-02	0.00000000000000e+00	0.00000000000000e+00	0.00000000000000e+00	5.61598947683410e+02	1.87173000000000e-01	1.05116159834747e+02	0.00000000000000e+00	1
74	68	91	97	3.00000000000000e-02	0.00000000000000e+00	0.00000000000000e+00	0.00000000000000e+00	1.48021343908818e+03	6.88893000000000e-02	1.01970867669377e+02	0.00000000000000e+00	1
74	68	97	103	3.00000000000000e-02	0.00000000000000e+00	0.00000000000000e+00	0.00000000000000e+00	3.04156463265049e+03	2.93394500000000e-02	8.92378334614175e+01	0.00000000000000e+00	1
74	67	81	87	3.00000000000000e-02	0.00000000000000e+00	0.00000000000000e+00	0.00000000000000e+00	2.12286028216033e+02	7.39288500000000e-01	1.56940619370789e+02	0.00000000000000e+00	1
74	67	87	94	3.00000000000000e-02	0.00000000000000e+00	0.00000000000000e+00	0.00000000000000e+00	6.73410250975601e+02	1.53529500000000e-01	1.03388339127159e+02	0.00000000000000e+00	1
74	67	94	101	3.00000000000000e-02	0.00000000000000e+00	0.00000000000000e+00	0.00000000000000e+00	1.75838133145919e+03	5.44697000000000e-02	9.57785036101827e+01	0.00000000000000e+00	1
74	67	101	108	3.00000000000000e-02	0.00000000000000e+00	0.00000000000000e+00	0.00000000000000e+00	3.60107188714805e+03	2.22414500000000e-02	8.00930603244090e+01	0.00000000000000e+00	1
75	74	76	77	1.99057790000000e-01	0.00000000000000e+00	0.00000000000000e+00	0.00000000000000e+00	2.82059544880237e+01	7.15560500000000e+00	2.01830668964275e+02	0.00000000000000e+00	1
75	74	77	78	4.77371000000000e-02	0.00000000000000e+00	0.00000000000000e+00	0.00000000000000e+00	1.13210557639125e+02	1.62301000000000e+00	1.83741867153877e+02	0.00000000000000e+00	1
75	74	78	79	3.00000000000000e-02	0.00000000000000e+00	0.00000000000000e+00	0.00000000000000e+00	2.83810029386779e+02	6.13294500000000e-01	1.74059130067750e+02	0.00000000000000e+00	1
75	74	79	80	3.00000000000000e-02	0.00000000000000e+00	0.00000000000000e+00	0.00000000000000e+00	5.67350444354619e+02	2.81849000000000e-01	1.59907155390905e+02	0.00000000000000e+00	1
75	74	80	81	3.00000000000000e-02	0.00000000000000e+00	0.00000000000000e+00	0.00000000000000e+00	9.92888246053831e+02	1.69141000000000e-01	1.67938110825791e+02	0.00000000000000e+00	1
75	74	81	82	3.00000000000000e-02	0.00000000000000e+00	0.00000000000000e+00	0.00000000000000e+00	1.58783761290802e+03	8.72099500000000e-02	1.38475238829828e+02	0.00000000000000e+00	1
75	74	82	83	3.00000000000000e-02	0.00000000000000e+00	0.00000000000000e+00	0.00000000000000e+00	2.37730357892394e+03	5.90303500000000e-02	1.40333062320133e+02	0.00000000000000e+00	1
75	73	77	79	9.38652500000000e-02	0.00000000000000e+00	0.00000000000000e+00	0.00000000000000e+00	5.67241693920570e+01	3.30780000000000e+00	1.87632207515046e+02	0.00000000000000e+00	1
75	73	79	81	3.00000000000000e-02	0.00000000000000e+00	0.00000000000000e+00	0.00000000000000e+00	2.27311587110739e+02	7.60860500000000e-01	1.72952407824870e+02	0.00000000000000e+00	1
75	73	81	83	3.00000000000000e-02	0.00000000000000e+00	0.00000000000000e+00	0.00000000000000e+00	5.67714016631503e+02	2.59905000000000e-01	1.47551711492611e+02	0.00000000000000e+00	1
75	73	83	84	3.00000000000000e-02	0.00000000000000e+00	0.00000000000000e+00	0.00000000000000e+00	1.96132854972928e+03	1.34504500000000e-01	2.63807515917061e+02	0.00000000000000e+00	1
75	73	84	86	3.00000000000000e-02	0.00000000000000e+00	0.00000000000000e+00	0.00000000000000e+00	1.51564631492281e+03	7.07096000000000e-02	1.07170744669666e+02	0.00000000000000e+00	1
75	73	86	88	3.00000000000000e-02	0.00000000000000e+00	0.00000000000000e+00	0.00000000000000e+00	2.52065116416441e+03	4.11262500000000e-02	1.03664929940217e+02	0.00000000000000e+00	1
75	73	88	90	3.00000000000000e-02	0.00000000000000e+00	0.00000000000000e+00	0.00000000000000e+00	3.89674291599195e+03	2.68261500000000e-02	1.04534609975838e+02	0.00000000000000e+00	1
75	72	78	81	6.07435400000000e-02	0.00000000000000e+00	0.00000000000000e+00	0.00000000000000e+00	8.52022659242504e+01	2.09807500000000e+00	1.78760744079022e+02	0.00000000000000e+00	1
75	72	86	89	3.00000000000000e-02	0.00000000000000e+00	0.00000000000000e+00	0.00000000000000e+00	1.36585295756344e+03	7.75502000000000e-02	1.05922170029636e+02	0.00000000000000e+00	1
75	72	89	92	3.00000000000000e-02	0.00000000000000e+00	0.00000000000000e+00	0.00000000000000e+00	2.48757839234945e+03	4.13649500000000e-02	1.02898555820616e+02	0.00000000000000e+00	1
75	72	92	95	3.00000000000000e-02	0.00000000000000e+00	0.00000000000000e+00	0.00000000000000e+00	4.08774975154699e+03	2.44634000000000e-02	1.00000257271995e+02	0.00000000000000e+00	1
75	72	95	98	3.00000000000000e-02	0.00000000000000e+00	0.00000000000000e+00	0.00000000000000e+00	6.23748775173551e+03	1.67120000000000e-02	1.04240895307004e+02	0.00000000000000e+00	1
75	71	79	83	4.32412400000000e-02	0.00000000000000e+00	0.00000000000000e+00	0.00000000000000e+00	1.13564767957416e+02	1.45809000000000e+00	1.65587652511029e+02	0.00000000000000e+00	1
75	71	83	86	3.00000000000000e-02	0.00000000000000e+00	0.00000000000000e+00	0.00000000000000e+00	5.40077848622283e+02	3.28050500000000e-01	1.77172808279464e+02	0.00000000000000e+00	1
75	71	86	90	3.00000000000000e-02	0.00000000000000e+00	0.00000000000000e+00	0.00000000000000e+00	9.20438392800805e+02	1.13412500000000e-01	1.04389219223521e+02	0.00000000000000e+00	1
75	71	90	94	3.00000000000000e-02	0.00000000000000e+00	0.00000000000000e+00	0.00000000000000e+00	1.92639817419700e+03	5.45587500000000e-02	1.05101876386471e+02	0.00000000000000e+00	1
75	71	94	98	3.00000000000000e-02	0.00000000000000e+00	0.00000000000000e+00	0.00000000000000e+00	3.46286504506253e+03	2.69285500000000e-02	9.32499345092185e+01	0.00000000000000e+00	1
75	71	98	102	3.00000000000000e-02	0.00000000000000e+00	0.00000000000000e+00	0.00000000000000e+00	5.64382693582494e+03	1.69467000000000e-02	9.56442419333445e+01	0.00000000000000e+00	1
75	70	80	84	3.41551300000000e-02	0.00000000000000e+00	0.00000000000000e+00	0.00000000000000e+00	1.56753628877400e+02	1.12705000000000e+00	1.76669177426273e+02	0.00000000000000e+00	1
75	70	84	89	3.00000000000000e-02	0.00000000000000e+00	0.00000000000000e+00	0.00000000000000e+00	4.50224836738064e+02	2.38971000000000e-01	1.07590679460132e+02	0.00000000000000e+00	1
75	70	89	94	3.00000000000000e-02	0.00000000000000e+00	0.00000000000000e+00	0.00000000000000e+00	1.20104802717336e+03	8.23291500000000e-02	9.88812631863600e+01	0.00000000000000e+00	1
75	70	94	99	3.00000000000000e-02	0.00000000000000e+00	0.00000000000000e+00	0.00000000000000e+00	2.48223146467780e+03	4.02548500000000e-02	9.99218552758851e+01	0.00000000000000e+00	1
75	70	99	104	3.00000000000000e-02	0.00000000000000e+00	0.00000000000000e+00	0.00000000000000e+00	4.44192272751893e+03	2.17623000000000e-02	9.66664549730851e+01	0.00000000000000e+00	1
75	69	81	86	3.00000000000000e-02	0.00000000000000e+00	0.00000000000000e+00	0.00000000000000e+00	1.84108016561052e+02	8.62568000000000e-01	1.58805683629034e+02	0.00000000000000e+00	1
75	69	86	92	3.00000000000000e-02	0.00000000000000e+00	0.00000000000000e+00	0.00000000000000e+00	5.60987371836729e+02	1.84426000000000e-01	1.03460657038361e+02	0.00000000000000e+00	1
75	69	92	98	3.00000000000000e-02	0.00000000000000e+00	0.00000000000000e+00	0.00000000000000e+00	1.47927771217975e+03	6.42293500000000e-02	9.50130459227924e+01	0.00000000000000e+00	1
75	69	98	104	3.00000000000000e-02	0.00000000000000e+00	0.00000000000000e+00	0.00000000000000e+00	3.03957160050133e+03	2.89844000000000e-02	8.81001590975707e+01	0.00000000000000e+00	1
75	69	104	110	3.00000000000000e-02	0.00000000000000e+00	0.00000000000000e+00	0.00000000000000e+00	5.39132426061742e+03	1.46774000000000e-02	7.91306227027861e+01	0.00000000000000e+00	1
75	68	82	88	3.00000000000000e-02	0.00000000000000e+00	0.00000000000000e+00	0.00000000000000e+00	2.11693825279198e+02	7.20972000000000e-01	1.52625320599194e+02	0.00000000000000e+00	1
75	68	88	95	3.00000000000000e-02	0.00000000000000e+00	0.00000000000000e+00	0.00000000000000e+00	6.73394140932597e+02	1.50320000000000e-01	1.01224607264988e+02	0.00000000000000e+00	1
75	68	95	102	3.00000000000000e-02	0.00000000000000e+00	0.00000000000000e+00	0.00000000000000e+00	1.75770787008660e+03	5.22662000000000e-02	9.18687110795203e+01	0.00000000000000e+00	1
75	68	102	109	3.00000000000000e-02	0.00000000000000e+00	0.00000000000000e+00	0.00000000000000e+00	3.59643614234760e+03	2.30921500000000e-02	8.30494428645121e+01	0.00000000000000e+00	1
76	75	77	78	2.12356090000000e-01	0.00000000000000e+00	0.00000000000000e+00	0.00000000000000e+00	2.86052391186512e+01	7.63445500000000e+00	2.18385410815582e+02	0.00000000000000e+00	1
76	75	78	79	5.01711500000000e-02	0.00000000000000e+00	0.00000000000000e+00	0.00000000000000e+00	1.14676556006040e+02	1.71178500000000e+00	1.96301608422799e+02	0.00000000000000e+00	1
76	75	79	80	3.00000000000000e-02	0.00000000000000e+00	0.00000000000000e+00	0.00000000000000e+00	2.86117412162473e+02	6.20195000000000e-01	1.77448588436105e+02	0.00000000000000e+00	1
76	75	80	81	3.00000000000000e-02	0.00000000000000e+00	0.00000000000000e+00	0.00000000000000e+00	5.71937059090464e+02	3.25282500000000e-01	1.86041116423594e+02	0.00000000000000e+00	1
76	75	81	82	3.00000000000000e-02	0.00000000000000e+00	0.00000000000000e+00	0.00000000000000e+00	1.00001242037648e+03	1.52878000000000e-01	1.52879898802315e+02	0.00000000000000e+00	1
76	75	82	83	3.00000000000000e-02	0.00000000000000e+00	0.00000000000000e+00	0.00000000000000e+00	1.59556871500335e+03	9.72514500000000e-02	1.55171371108713e+02	0.00000000000000e+00	1
76	74	78	80	9.16169900000000e-02	0.00000000000000e+00	0.00000000000000e+00	0.00000000000000e+00	5.71385814800932e+01	3.22621500000000e+00	1.84341348649799e+02	0.00000000000000e+00	1
76	74	80	82	3.00000000000000e-02	0.00000000000000e+00	0.00000000000000e+00	0.00000000000000e+00	2.28030319798867e+02	7.35969500000000e-01	1.67823360447212e+02	0.00000000000000e+00	1
76	74	85	87	3.00000000000000e-02	0.00000000000000e+00	0.00000000000000e+00	0.00000000000000e+00	1.51610461365376e+03	6.73077000000000e-02	1.02045514504423e+02	0.00000000000000e+00	1
76	74	87	89	3.00000000000000e-02	0.00000000000000e+00	0.00000000000000e+00	0.00000000000000e+00	2.52026652748635e+03	4.17003500000000e-02	1.05095996289465e+02	0.00000000000000e+00	1
76	74	89	91	3.00000000000000e-02	0.00000000000000e+00	0.00000000000000e+00	0.00000000000000e+00	3.90896168094473e+03	2.53968000000000e-02	9.92751180186171e+01	0.00000000000000e+00	1
76	73	79	82	5.84158000000000e-02	0.00000000000000e+00	0.00000000000000e+00	0.00000000000000e+00	8.55401713732398e+01	2.01319000000000e+00	1.72208617606893e+02	0.00000000000000e+00	1
76	73	82	84	3.00000000000000e-02	0.00000000000000e+00	0.00000000000000e+00	0.00000000000000e+00	4.40355758942715e+02	4.51752500000000e-01	1.98931814991769e+02	0.00000000000000e+00	1
76	73	84	87	3.00000000000000e-02	0.00000000000000e+00	0.00000000000000e+00	0.00000000000000e+00	6.45474143174508e+02	1.68828000000000e-01	1.08974108643866e+02	0.00000000000000e+00	1
76	73	87	90	3.00000000000000e-02	0.00000000000000e+00	0.00000000000000e+00	0.00000000000000e+00	1.36872858886184e+03	7.65346500000000e-02	1.04755163493535e+02	0.00000000000000e+00	1
76	73	90	93	3.00000000000000e-02	0.00000000000000e+00	0.00000000000000e+00	0.00000000000000e+00	2.49280107261578e+03	4.40532500000000e-02	1.09815988852211e+02	0.00000000000000e+00	1
76	73	93	96	3.00000000000000e-02	0.00000000000000e+00	0.00000000000000e+00	0.00000000000000e+00	4.09148971147918e+03	2.52766000000000e-02	1.03418948841175e+02	0.00000000000000e+00	1
76	73	96	99	3.00000000000000e-02	0.00000000000000e+00	0.00000000000000e+00	0.00000000000000e+00	6.24383670797904e+03	1.63436000000000e-02	1.02046769620526e+02	0.00000000000000e+00	1
76	72	87	91	3.00000000000000e-02	0.00000000000000e+00	0.00000000000000e+00	0.00000000000000e+00	9.21504194664246e+02	1.14291500000000e-01	1.05320096664469e+02	0.00000000000000e+00	1
76	72	91	95	3.00000000000000e-02	0.00000000000000e+00	0.00000000000000e+00	0.00000000000000e+00	1.92954967937711e+03	5.56162000000000e-02	1.07314220878173e+02	0.00000000000000e+00	1
76	72	95	99	3.00000000000000e-02	0.00000000000000e+00	0.00000000000000e+00	0.00000000000000e+00	3.46266315275782e+03	2.86505500000000e-02	9.92072037912455e+01	0.00000000000000e+00	1
76	72	99	103	3.00000000000000e-02	0.00000000000000e+00	0.00000000000000e+00	0.00000000000000e+00	5.65631082214958e+03	1.50032500000000e-02	8.48630453424157e+01	0.00000000000000e+00	1
76	72	103	107	3.00000000000000e-02	0.00000000000000e+00	0.00000000000000e+00	0.00000000000000e+00	8.58342820928493e+03	1.04746800000000e-02	8.99086637952327e+01	0.00000000000000e+00	1
76	71	81	85	3.26036200000000e-02	0.00000000000000e+00	0.00000000000000e+00	0.00000000000000e+00	1.56833762866256e+02	1.07063500000000e+00	1.67911715706314e+02	0.00000000000000e+00	1
76	71	85	90	3.00000000000000e-02	0.00000000000000e+00	0.00000000000000e+00	0.00000000000000e+00	4.50555760570785e+02	2.33435500000000e-01	1.05175709246721e+02	0.00000000000000e+00	1
76	71	90	95	3.00000000000000e-02	0.00000000000000e+00	0.00000000000000e+00	0.00000000000000e+00	1.20218185794779e+03	8.67922500000000e-02	1.04340068360469e+02	0.00000000000000e+00	1
76	71	95	100	3.00000000000000e-02	0.00000000000000e+00	0.00000000000000e+00	0.00000000000000e+00	2.48142977502924e+03	4.10431500000000e-02	1.01845694470992e+02	0.00000000000000e+00	1
76	71	100	105	3.00000000000000e-02	0.00000000000000e+00	0.00000000000000e+00	0.00000000000000e+00	4.45494857963828e+03	2.11827500000000e-02	9.43680620253327e+01	0.00000000000000e+00	1
76	70	82	87	3.00000000000000e-02	0.00000000000000e+00	0.00000000000000e+00	0.00000000000000e+00	1.84096082466243e+02	8.74955000000000e-01	1.61075787834252e+02	0.00000000000000e+00	1
76	70	87	93	3.00000000000000e-02	0.00000000000000e+00	0.00000000000000e+00	0.00000000000000e+00	5.61876935473220e+02	1.86634500000000e-01	1.04865620913577e+02	0.00000000000000e+00	1
76	70	93	99	3.00000000000000e-02	0.00000000000000e+00	0.00000000000000e+00	0.00000000000000e+00	1.48000498034929e+03	6.74133500000000e-02	9.97720937420296e+01	0.00000000000000e+00	1
76	70	99	105	3.00000000000000e-02	0.00000000000000e+00	0.00000000000000e+00	0.00000000000000e+00	3.04640502138667e+03	2.90877000000000e-02	8.86129153405889e+01	0.00000000000000e+00	1
76	70	105	111	3.00000000000000e-02	0.00000000000000e+00	0.00000000000000e+00	0.00000000000000e+00	5.37450513566796e+03	1.48669000000000e-02	7.99022304014620e+01	0.00000000000000e+00	1
76	69	83	89	3.00000000000000e-02	0.00000000000000e+00	0.00000000000000e+00	0.00000000000000e+00	2.11449836374014e+02	7.31521500000000e-01	1.54680101479074e+02	0.00000000000000e+00	1
76	69	89	96	3.00000000000000e-02	0.00000000000000e+00	0.00000000000000e+00	0.00000000000000e+00	6.74049375339460e+02	1.52128500000000e-01	1.02542120396329e+02	0.00000000000000e+00	1
76	69	96	103	3.00000000000000e-02	0.00000000000000e+00	0.00000000000000e+00	0.00000000000000e+00	1.75850611492710e+03	5.07197000000000e-02	8.91909025972678e+01	0.00000000000000e+00	1
76	69	103	110	3.00000000000000e-02	0.00000000000000e+00	0.00000000000000e+00	0.00000000000000e+00	3.58805468321101e+03	2.39227000000000e-02	8.58359557700520e+01	0.00000000000000e+00	1
77	76	78	79	2.23001510000000e-01	0.00000000000000e+00	0.00000000000000e+00	0.00000000000000e+00	2.84759289425284e+01	8.02595000000000e+00	2.28546381896286e+02	0.00000000000000e+00	1
77	76	79	80	4.63547600000000e-02	0.00000000000000e+00	0.00000000000000e+00	0.00000000000000e+00	1.13580764197138e+02	1.57260000000000e+00	1.78617109776419e+02	0.00000000000000e+00	1
77	76	80	81	3.00000000000000e-02	0.00000000000000e+00	0.00000000000000e+00	0.00000000000000e+00	2.83670629901504e+02	6.19791000000000e-01	1.75816503377283e+02	0.00000000000000e+00	1
77	76	81	82	3.00000000000000e-02	0.00000000000000e+00	0.00000000000000e+00	0.00000000000000e+00	5.66636002890269e+02	2.41444500000000e-01	1.36811146399840e+02	0.00000000000000e+00	1
77	76	82	83	3.00000000000000e-02	0.00000000000000e+00	0.00000000000000e+00	0.00000000000000e+00	9.89480369591191e+02	1.40855500000000e-01	1.39373752198952e+02	0.00000000000000e+00	1
77	75	79	81	8.91978300000000e-02	0.00000000000000e+00	0.00000000000000e+00	0.00000000000000e+00	5.69053644883226e+01	3.13741000000000e+00	1.78535459599308e+02	0.00000000000000e+00	1
77	75	81	83	3.00000000000000e-02	0.00000000000000e+00	0.00000000000000e+00	0.00000000000000e+00	2.27161407465286e+02	6.32667000000000e-01	1.43717526176840e+02	0.00000000000000e+00	1
77	75	83	84	3.00000000000000e-02	0.00000000000000e+00	0.00000000000000e+00	0.00000000000000e+00	9.48966794064422e+02	2.64049500000000e-01	2.50574207489314e+02	0.00000000000000e+00	1
77	75	84	86	3.00000000000000e-02	0.00000000000000e+00	0.00000000000000e+00	0.00000000000000e+00	8.16562556726591e+02	1.26753000000000e-01	1.03501753752766e+02	0.00000000000000e+00	1
77	75	86	88	3.00000000000000e-02	0.00000000000000e+00	0.00000000000000e+00	0.00000000000000e+00	1.51342214337552e+03	6.61073000000000e-02	1.00048251658768e+02	0.00000000000000e+00	1
77	75	88	90	3.00000000000000e-02	0.00000000000000e+00	0.00000000000000e+00	0.00000000000000e+00	2.52349217164914e+03	4.04329500000000e-02	1.02032232801681e+02	0.00000000000000e+00	1
77	75	90	92	3.00000000000000e-02	0.00000000000000e+00	0.00000000000000e+00	0.00000000000000e+00	3.90228862293023e+03	2.77294500000000e-02	1.08208317255113e+02	0.00000000000000e+00	1
77	74	80	83	5.51724100000000e-02	0.00000000000000e+00	0.00000000000000e+00	0.00000000000000e+00	8.52267148009241e+01	1.89456500000000e+00	1.61467550926813e+02	0.00000000000000e+00	1
77	74	83	85	3.00000000000000e-02	0.00000000000000e+00	0.00000000000000e+00	0.00000000000000e+00	4.38710906362511e+02	4.36879000000000e-01	1.91663582060748e+02	0.00000000000000e+00	1
77	74	85	88	3.00000000000000e-02	0.00000000000000e+00	0.00000000000000e+00	0.00000000000000e+00	6.44112521096393e+02	1.53054500000000e-01	9.85843198601479e+01	0.00000000000000e+00	1
77	74	88	91	3.00000000000000e-02	0.00000000000000e+00	0.00000000000000e+00	0.00000000000000e+00	1.36849165927331e+03	7.40913000000000e-02	1.01393326074716e+02	0.00000000000000e+00	1
77	74	91	94	3.00000000000000e-02	0.00000000000000e+00	0.00000000000000e+00	0.00000000000000e+00	2.49121666983613e+03	4.09763500000000e-02	1.02080966189040e+02	0.00000000000000e+00	1
77	74	94	97	3.00000000000000e-02	0.00000000000000e+00	0.00000000000000e+00	0.00000000000000e+00	4.08594434666661e+03	2.54748500000000e-02	1.04088819339680e+02	0.00000000000000e+00	1
77	74	97	100	3.00000000000000e-02	0.00000000000000e+00	0.00000000000000e+00	0.00000000000000e+00	6.23029880981445e+03	1.53165500000000e-02	9.54266832354634e+01	0.00000000000000e+00	1
77	73	81	84	3.86755500000000e-02	0.00000000000000e+00	0.00000000000000e+00	0.00000000000000e+00	1.29412269275949e+02	1.29222500000000e+00	1.67229769665113e+02	0.00000000000000e+00	1
77	73	84	88	3.00000000000000e-02	0.00000000000000e+00	0.00000000000000e+00	0.00000000000000e+00	3.39915512767463e+02	3.05020500000000e-01	1.03681199662088e+02	0.00000000000000e+00	1
77	73	88	92	3.00000000000000e-02	0.00000000000000e+00	0.00000000000000e+00	0.00000000000000e+00	9.21939203291618e+02	1.13907000000000e-01	1.05015328829338e+02	0.00000000000000e+00	1
77	73	92	96	3.00000000000000e-02	0.00000000000000e+00	0.00000000000000e+00	0.00000000000000e+00	1.92949896712956e+03	5.32740500000000e-02	1.02792224449808e+02	0.00000000000000e+00	1
77	73	96	100	3.00000000000000e-02	0.00000000000000e+00	0.00000000000000e+00	0.00000000000000e+00	3.46006045978114e+03	2.85505500000000e-02	9.87866291600045e+01	0.00000000000000e+00	1
77	73	100	104	3.00000000000000e-02	0.00000000000000e+00	0.00000000000000e+00	0.00000000000000e+00	5.66833394495865e+03	1.52778500000000e-02	8.65999557609865e+01	0.00000000000000e+00	1
77	73	104	108	3.00000000000000e-02	0.00000000000000e+00	0.00000000000000e+00	0.00000000000000e+00	8.59065668195736e+03	1.05501000000000e-02	9.06322870603183e+01	0.00000000000000e+00	1
77	72	82	86	3.19582500000000e-02	0.00000000000000e+00	0.00000000000000e+00	0.00000000000000e+00	1.56327576925383e+02	1.04671000000000e+00	1.63629638043567e+02	0.00000000000000e+00	1
77	72	86	91	3.00000000000000e-02	0.00000000000000e+00	0.00000000000000e+00	0.00000000000000e+00	4.50249095089792e+02	2.27869500000000e-01	1.02598036173563e+02	0.00000000000000e+00	1
77	72	91	96	3.00000000000000e-02	0.00000000000000e+00	0.00000000000000e+00	0.00000000000000e+00	1.20177085032828e+03	8.76891000000000e-02	1.05382204271521e+02	0.00000000000000e+00	1
77	72	96	101	3.00000000000000e-02	0.00000000000000e+00	0.00000000000000e+00	0.00000000000000e+00	2.48376408279304e+03	3.91387500000000e-02	9.72114214954162e+01	0.00000000000000e+00	1
77	72	101	106	3.00000000000000e-02	0.00000000000000e+00	0.00000000000000e+00	0.00000000000000e+00	4.44931501491283e+03	2.25967500000000e-02	1.00540059063231e+02	0.00000000000000e+00	1
77	71	83	88	3.00000000000000e-02	0.00000000000000e+00	0.00000000000000e+00	0.00000000000000e+00	1.83666552310004e+02	8.54357500000000e-01	1.56916896465194e+02	0.00000000000000e+00	1
77	71	88	94	3.00000000000000e-02	0.00000000000000e+00	0.00000000000000e+00	0.00000000000000e+00	5.62037636285822e+02	1.86186000000000e-01	1.04643539349512e+02	0.00000000000000e+00	1
77	71	94	100	3.00000000000000e-02	0.00000000000000e+00	0.00000000000000e+00	0.00000000000000e+00	1.47856667496618e+03	6.65244500000000e-02	9.83608348404539e+01	0.00000000000000e+00	1
77	71	100	106	3.00000000000000e-02	0.00000000000000e+00	0.00000000000000e+00	0.00000000000000e+00	3.05093841282182e+03	2.87941000000000e-02	8.78490257526327e+01	0.00000000000000e+00	1
77	70	90	97	3.00000000000000e-02	0.00000000000000e+00	0.00000000000000e+00	0.00000000000000e+00	6.73884393780116e+02	1.54196000000000e-01	1.03910277983319e+02	0.00000000000000e+00	1
77	70	97	104	3.00000000000000e-02	0.00000000000000e+00	0.00000000000000e+00	0.00000000000000e+00	1.75910239416441e+03	4.92619500000000e-02	8.66568141862074e+01	0.00000000000000e+00	1
77	70	104	111	3.00000000000000e-02	0.00000000000000e+00	0.00000000000000e+00	0.00000000000000e+00	3.57854741370687e+03	2.38867500000000e-02	8.54798674343627e+01	0.00000000000000e+00	1
78	77	79	80	2.42909120000000e-01	0.00000000000000e+00	0.00000000000000e+00	0.00000000000000e+00	2.83398545241528e+01	8.75368000000000e+00	2.48078017750986e+02	0.00000000000000e+00	1
78	77	80	81	5.83056800000000e-02	0.00000000000000e+00	0.00000000000000e+00	0.00000000000000e+00	1.13302606013587e+02	2.00947500000000e+00	2.27678754219154e+02	0.00000000000000e+00	1
78	77	81	82	3.00000000000000e-02	0.00000000000000e+00	0.00000000000000e+00	0.00000000000000e+00	2.82971219861963e+02	5.88983000000000e-01	1.66665237987959e+02	0.00000000000000e+00	1
78	77	82	83	3.00000000000000e-02	0.00000000000000e+00	0.00000000000000e+00	0.00000000000000e+00	5.64981406266101e+02	2.94697500000000e-01	1.66498607973104e+02	0.00000000000000e+00	1
78	77	84	85	3.00000000000000e-02	0.00000000000000e+00	0.00000000000000e+00	0.00000000000000e+00	1.58055982727344e+03	7.23180000000000e-02	1.14302925588760e+02	0.00000000000000e+00	1
78	76	80	82	9.80168300000000e-02	0.00000000000000e+00	0.00000000000000e+00	0.00000000000000e+00	5.66576502797825e+01	3.46028500000000e+00	1.96051617398377e+02	0.00000000000000e+00	1
78	76	85	87	3.00000000000000e-02	0.00000000000000e+00	0.00000000000000e+00	0.00000000000000e+00	8.14559734310626e+02	1.25003500000000e-01	1.01822817747898e+02	0.00000000000000e+00	1
78	76	87	89	3.00000000000000e-02	0.00000000000000e+00	0.00000000000000e+00	0.00000000000000e+00	1.51075589814101e+03	7.06293000000000e-02	1.06703631556571e+02	0.00000000000000e+00	1
78	76	89	91	3.00000000000000e-02	0.00000000000000e+00	0.00000000000000e+00	0.00000000000000e+00	2.52316591318818e+03	4.09660000000000e-02	1.03364014799667e+02	0.00000000000000e+00	1
78	76	91	93	3.00000000000000e-02	0.00000000000000e+00	0.00000000000000e+00	0.00000000000000e+00	3.89915386009758e+03	2.94066500000000e-02	1.14661052860039e+02	0.00000000000000e+00	1
78	75	86	89	3.00000000000000e-02	0.00000000000000e+00	0.00000000000000e+00	0.00000000000000e+00	6.43409211310584e+02	1.63426000000000e-01	1.05149793767644e+02	0.00000000000000e+00	1
78	75	89	92	3.00000000000000e-02	0.00000000000000e+00	0.00000000000000e+00	0.00000000000000e+00	1.36994893851242e+03	7.85376000000000e-02	1.07592501753313e+02	0.00000000000000e+00	1
78	75	92	95	3.00000000000000e-02	0.00000000000000e+00	0.00000000000000e+00	0.00000000000000e+00	2.49210109974620e+03	4.68642500000000e-02	1.16790448963781e+02	0.00000000000000e+00	1
78	75	95	98	3.00000000000000e-02	0.00000000000000e+00	0.00000000000000e+00	0.00000000000000e+00	4.08375609652358e+03	2.60064500000000e-02	1.06203998736436e+02	0.00000000000000e+00	1
78	75	98	101	3.00000000000000e-02	0.00000000000000e+00	0.00000000000000e+00	0.00000000000000e+00	6.23884666948383e+03	1.60223500000000e-02	9.99609849348043e+01	0.00000000000000e+00	1
78	74	82	85	4.11219700000000e-02	0.00000000000000e+00	0.00000000000000e+00	0.00000000000000e+00	1.28983318598174e+02	1.38189500000000e+00	1.78241403054223e+02	0.00000000000000e+00	1
78	74	85	89	3.00000000000000e-02	0.00000000000000e+00	0.00000000000000e+00	0.00000000000000e+00	3.39449549625741e+02	3.04714000000000e-01	1.03435030064658e+02	0.00000000000000e+00	1
78	74	89	93	3.00000000000000e-02	0.00000000000000e+00	0.00000000000000e+00	0.00000000000000e+00	9.22769116602955e+02	1.14749500000000e-01	1.05887294745631e+02	0.00000000000000e+00	1
78	74	93	97	3.00000000000000e-02	0.00000000000000e+00	0.00000000000000e+00	0.00000000000000e+00	1.92691082632628e+03	5.47571000000000e-02	1.05512048808231e+02	0.00000000000000e+00	1
78	74	97	101	3.00000000000000e-02	0.00000000000000e+00	0.00000000000000e+00	0.00000000000000e+00	3.46305730450474e+03	2.94357500000000e-02	1.01937689051076e+02	0.00000000000000e+00	1
78	74	101	105	3.00000000000000e-02	0.00000000000000e+00	0.00000000000000e+00	0.00000000000000e+00	5.65827075180623e+03	1.58597000000000e-02	8.97384766424213e+01	0.00000000000000e+00	1
78	74	105	109	3.00000000000000e-02	0.00000000000000e+00	0.00000000000000e+00	0.00000000000000e+00	8.57036362528385e+03	1.03953200000000e-02	8.90916724011857e+01	0.00000000000000e+00	1
78	73	83	87	3.31338800000000e-02	0.00000000000000e+00	0.00000000000000e+00	0.00000000000000e+00	1.56057018544608e+02	1.08953500000000e+00	1.70029583699999e+02	0.00000000000000e+00	1
78	73	87	92	3.00000000000000e-02	0.00000000000000e+00	0.00000000000000e+00	0.00000000000000e+00	4.50328713311960e+02	2.36811000000000e-01	1.06642792928119e+02	0.00000000000000e+00	1
78	73	92	97	3.00000000000000e-02	0.00000000000000e+00	0.00000000000000e+00	0.00000000000000e+00	1.20199341491265e+03	8.94607000000000e-02	1.07531172293476e+02	0.00000000000000e+00	1
78	73	97	102	3.00000000000000e-02	0.00000000000000e+00	0.00000000000000e+00	0.00000000000000e+00	2.48529334698025e+03	4.00660000000000e-02	9.95757632401106e+01	0.00000000000000e+00	1
78	73	102	107	3.00000000000000e-02	0.00000000000000e+00	0.00000000000000e+00	0.00000000000000e+00	4.44099411811015e+03	2.18571500000000e-02	9.70674745886512e+01	0.00000000000000e+00	1
78	72	89	95	3.00000000000000e-02	0.00000000000000e+00	0.00000000000000e+00	0.00000000000000e+00	5.62476264928395e+02	1.89142500000000e-01	1.06388166939219e+02	0.00000000000000e+00	1
78	72	95	101	3.00000000000000e-02	0.00000000000000e+00	0.00000000000000e+00	0.00000000000000e+00	1.47891747003822e+03	7.08883500000000e-02	1.04838019237184e+02	0.00000000000000e+00	1
78	72	101	107	3.00000000000000e-02	0.00000000000000e+00	0.00000000000000e+00	0.00000000000000e+00	3.04365817348984e+03	2.92952000000000e-02	8.91645749240196e+01	0.00000000000000e+00	1
78	71	84	91	3.00000000000000e-02	0.00000000000000e+00	0.00000000000000e+00	0.00000000000000e+00	1.49782671205810e+02	7.13145000000000e-01	1.06816763057068e+02	0.00000000000000e+00	1
78	71	91	98	3.00000000000000e-02	0.00000000000000e+00	0.00000000000000e+00	0.00000000000000e+00	6.73900192203037e+02	1.59273000000000e-01	1.07334105312754e+02	0.00000000000000e+00	1
78	71	98	105	3.00000000000000e-02	0.00000000000000e+00	0.00000000000000e+00	0.00000000000000e+00	1.75937765052268e+03	5.31964000000000e-02	9.35925572482647e+01	0.00000000000000e+00	1
79	78	80	81	2.58228700000000e-01	0.00000000000000e+00	0.00000000000000e+00	0.00000000000000e+00	2.83431736371905e+01	9.31243000000000e+00	2.63943820474182e+02	0.00000000000000e+00	1
79	78	81	82	4.71905700000000e-02	0.00000000000000e+00	0.00000000000000e+00	0.00000000000000e+00	1.13260560228370e+02	1.60347000000000e+00	1.81609910509384e+02	0.00000000000000e+00	1
79	78	82	83	3.00000000000000e-02	0.00000000000000e+00	0.00000000000000e+00	0.00000000000000e+00	2.82713596875943e+02	6.14326500000000e-01	1.73678454471209e+02	0.00000000000000e+00	1
79	78	84	85	3.00000000000000e-02	0.00000000000000e+00	0.00000000000000e+00	0.00000000000000e+00	9.88898413283086e+02	1.11469500000000e-01	1.10232011679459e+02	0.00000000000000e+00	1
79	78	85	86	3.00000000000000e-02	0.00000000000000e+00	0.00000000000000e+00	0.00000000000000e+00	1.58200452311789e+03	6.56502500000000e-02	1.03858992443820e+02	0.00000000000000e+00	1
79	77	81	83	8.82190100000000e-02	0.00000000000000e+00	0.00000000000000e+00	0.00000000000000e+00	5.65923096522096e+01	3.10252500000000e+00	1.75579055503722e+02	0.00000000000000e+00	1
79	77	83	84	3.00000000000000e-02	0.00000000000000e+00	0.00000000000000e+00	0.00000000000000e+00	3.59226503161215e+02	7.65976000000000e-01	2.75158879985415e+02	0.00000000000000e+00	1
79	77	84	86	3.00000000000000e-02	0.00000000000000e+00	0.00000000000000e+00	0.00000000000000e+00	3.70660699152053e+02	2.94595000000000e-01	1.09194788666699e+02	0.00000000000000e+00	1
79	77	86	88	3.00000000000000e-02	0.00000000000000e+00	0.00000000000000e+00	0.00000000000000e+00	8.14631438195800e+02	1.31975000000000e-01	1.07510984055891e+02	0.00000000000000e+00	1
79	77	88	90	3.00000000000000e-02	0.00000000000000e+00	0.00000000000000e+00	0.00000000000000e+00	1.51320357776587e+03	7.58043500000000e-02	1.14707413630216e+02	0.00000000000000e+00	1
79	77	90	92	3.00000000000000e-02	0.00000000000000e+00	0.00000000000000e+00	0.00000000000000e+00	2.52335600269712e+03	4.73943500000000e-02	1.19592817566428e+02	0.00000000000000e+00	1
79	77	92	94	3.00000000000000e-02	0.00000000000000e+00	0.00000000000000e+00	0.00000000000000e+00	3.90553806011090e+03	2.98266500000000e-02	1.16489116780607e+02	0.00000000000000e+00	1
79	76	82	84	5.71519300000000e-02	0.00000000000000e+00	0.00000000000000e+00	0.00000000000000e+00	1.02724519601212e+02	1.96777500000000e+00	2.02138741558274e+02	0.00000000000000e+00	1
79	76	84	87	3.00000000000000e-02	0.00000000000000e+00	0.00000000000000e+00	0.00000000000000e+00	2.30032612369143e+02	4.62308500000000e-01	1.06346031975460e+02	0.00000000000000e+00	1
79	76	87	90	3.00000000000000e-02	0.00000000000000e+00	0.00000000000000e+00	0.00000000000000e+00	6.43488783188443e+02	1.66046000000000e-01	1.06848738493308e+02	0.00000000000000e+00	1
79	76	90	93	3.00000000000000e-02	0.00000000000000e+00	0.00000000000000e+00	0.00000000000000e+00	1.36913285373776e+03	8.45013000000000e-02	1.15693506013551e+02	0.00000000000000e+00	1
79	76	93	96	3.00000000000000e-02	0.00000000000000e+00	0.00000000000000e+00	0.00000000000000e+00	2.48789136874379e+03	4.54474000000000e-02	1.13068194191846e+02	0.00000000000000e+00	1
79	76	96	99	3.00000000000000e-02	0.00000000000000e+00	0.00000000000000e+00	0.00000000000000e+00	4.07992275581769e+03	2.73872500000000e-02	1.11737864494268e+02	0.00000000000000e+00	1
79	76	99	102	3.00000000000000e-02	0.00000000000000e+00	0.00000000000000e+00	0.00000000000000e+00	6.24930264456797e+03	1.65498500000000e-02	1.03425021372203e+02	0.00000000000000e+00	1
79	75	83	86	4.32771900000000e-02	0.00000000000000e+00	0.00000000000000e+00	0.00000000000000e+00	1.28864855178860e+02	1.46414500000000e+00	1.88676833385852e+02	0.00000000000000e+00	1
79	75	86	90	3.00000000000000e-02	0.00000000000000e+00	0.00000000000000e+00	0.00000000000000e+00	3.39509114562826e+02	3.15440500000000e-01	1.07094924852255e+02	0.00000000000000e+00	1
79	75	90	94	3.00000000000000e-02	0.00000000000000e+00	0.00000000000000e+00	0.00000000000000e+00	9.22804749770488e+02	1.23926500000000e-01	1.14359962822432e+02	0.00000000000000e+00	1
79	75	94	98	3.00000000000000e-02	0.00000000000000e+00	0.00000000000000e+00	0.00000000000000e+00	1.92709297241928e+03	5.77543500000000e-02	1.11298002011644e+02	0.00000000000000e+00	1
79	75	98	102	3.00000000000000e-02	0.00000000000000e+00	0.00000000000000e+00	0.00000000000000e+00	3.46547064726681e+03	3.23555000000000e-02	1.12127035527641e+02	0.00000000000000e+00	1
79	75	102	106	3.00000000000000e-02	0.00000000000000e+00	0.00000000000000e+00	0.00000000000000e+00	5.65928087843103e+03	1.63686000000000e-02	9.26345049866861e+01	0.00000000000000e+00	1
79	75	106	110	3.00000000000000e-02	0.00000000000000e+00	0.00000000000000e+00	0.00000000000000e+00	8.51930563580469e+03	9.82592000000000e-03	8.37100156329660e+01	0.00000000000000e+00	1
79	74	88	93	3.00000000000000e-02	0.00000000000000e+00	0.00000000000000e+00	0.00000000000000e+00	4.50628935894483e+02	2.44305500000000e-01	1.10091127498170e+02	0.00000000000000e+00	1
79	74	93	98	3.00000000000000e-02	0.00000000000000e+00	0.00000000000000e+00	0.00000000000000e+00	1.20130098105336e+03	9.05412500000000e-02	1.08767292450797e+02	0.00000000000000e+00	1
79	74	98	103	3.00000000000000e-02	0.00000000000000e+00	0.00000000000000e+00	0.00000000000000e+00	2.48534027513980e+03	4.08280000000000e-02	1.01471472753408e+02	0.00000000000000e+00	1
79	74	103	108	3.00000000000000e-02	0.00000000000000e+00	0.00000000000000e+00	0.00000000000000e+00	4.44316171405965e+03	1.70250500000000e-02	7.56450503399513e+01	0.00000000000000e+00	1
79	73	84	90	3.00000000000000e-02	0.00000000000000e+00	0.00000000000000e+00	0.00000000000000e+00	1.22233069636998e+02	8.74279000000000e-01	1.06865805889165e+02	0.00000000000000e+00	1
79	73	90	96	3.00000000000000e-02	0.00000000000000e+00	0.00000000000000e+00	0.00000000000000e+00	5.62461004846507e+02	1.98378500000000e-01	1.11580170449943e+02	0.00000000000000e+00	1
79	73	96	102	3.00000000000000e-02	0.00000000000000e+00	0.00000000000000e+00	0.00000000000000e+00	1.48026868588656e+03	7.20467000000000e-02	1.06648473931464e+02	0.00000000000000e+00	1
79	73	102	108	3.00000000000000e-02	0.00000000000000e+00	0.00000000000000e+00	0.00000000000000e+00	3.04482413755006e+03	2.90750000000000e-02	8.85282617992680e+01	0.00000000000000e+00	1
79	72	85	92	3.00000000000000e-02	0.00000000000000e+00	0.00000000000000e+00	0.00000000000000e+00	1.49758234935134e+02	7.08914500000000e-01	1.06165784239923e+02	0.00000000000000e+00	1
79	72	92	99	3.00000000000000e-02	0.00000000000000e+00	0.00000000000000e+00	0.00000000000000e+00	6.73933873480373e+02	1.61200500000000e-01	1.08638477371973e+02	0.00000000000000e+00	1
79	72	99	106	3.00000000000000e-02	0.00000000000000e+00	0.00000000000000e+00	0.00000000000000e+00	1.76150959302687e+03	5.58081500000000e-02	9.83065915940825e+01	0.00000000000000e+00	1
80	79	81	82	1.75878150000000e-01	0.00000000000000e+00	0.00000000000000e+00	0.00000000000000e+00	2.82905438416163e+01	6.30549000000000e+00	1.78385741287873e+02	0.00000000000000e+00	1
80	79	82	83	4.40501000000000e-02	0.00000000000000e+00	0.00000000000000e+00	0.00000000000000e+00	1.13039909809812e+02	1.48873000000000e+00	1.68285904931162e+02	0.00000000000000e+00	1
80	79	84	85	3.00000000000000e-02	0.00000000000000e+00	0.00000000000000e+00	0.00000000000000e+00	5.65150087900597e+02	1.76100500000000e-01	9.95232130543391e+01	0.00000000000000e+00	1
80	79	85	86	3.00000000000000e-02	0.00000000000000e+00	0.00000000000000e+00	0.00000000000000e+00	9.88937205908851e+02	9.72375000000000e-02	9.61617815595619e+01	0.00000000000000e+00	1
80	79	86	87	3.00000000000000e-02	0.00000000000000e+00	0.00000000000000e+00	0.00000000000000e+00	1.58122588424401e+03	6.31522000000000e-02	9.98578932869546e+01	0.00000000000000e+00	1
80	78	85	87	3.00000000000000e-02	0.00000000000000e+00	0.00000000000000e+00	0.00000000000000e+00	3.70723572194162e+02	2.70903500000000e-01	1.00430313239901e+02	0.00000000000000e+00	1
80	78	87	89	3.00000000000000e-02	0.00000000000000e+00	0.00000000000000e+00	0.00000000000000e+00	8.14266985724579e+02	1.32545500000000e-01	1.07927424756357e+02	0.00000000000000e+00	1
80	78	89	91	3.00000000000000e-02	0.00000000000000e+00	0.00000000000000e+00	0.00000000000000e+00	1.51700438895654e+03	7.26006000000000e-02	1.10135428840878e+02	0.00000000000000e+00	1
80	78	91	93	3.00000000000000e-02	0.00000000000000e+00	0.00000000000000e+00	0.00000000000000e+00	2.52842580528423e+03	4.77336500000000e-02	1.20690992440405e+02	0.00000000000000e+00	1
80	78	93	95	3.00000000000000e-02	0.00000000000000e+00	0.00000000000000e+00	0.00000000000000e+00	3.90649250301227e+03	2.93172000000000e-02	1.14527422009311e+02	0.00000000000000e+00	1
80	77	83	85	5.87702200000000e-02	0.00000000000000e+00	0.00000000000000e+00	0.00000000000000e+00	1.02700230346948e+02	2.02651500000000e+00	2.08123557301546e+02	0.00000000000000e+00	1
80	77	85	88	3.00000000000000e-02	0.00000000000000e+00	0.00000000000000e+00	0.00000000000000e+00	2.30041664425362e+02	4.46155500000000e-01	1.02634353812530e+02	0.00000000000000e+00	1
80	77	88	91	3.00000000000000e-02	0.00000000000000e+00	0.00000000000000e+00	0.00000000000000e+00	6.44113356836637e+02	1.72637000000000e-01	1.11197797584206e+02	0.00000000000000e+00	1
80	77	91	94	3.00000000000000e-02	0.00000000000000e+00	0.00000000000000e+00	0.00000000000000e+00	1.37071283346167e+03	8.70725500000000e-02	1.19351461727233e+02	0.00000000000000e+00	1
80	77	94	97	3.00000000000000e-02	0.00000000000000e+00	0.00000000000000e+00	0.00000000000000e+00	2.48837532464050e+03	4.73628000000000e-02	1.17856422825883e+02	0.00000000000000e+00	1
80	77	97	100	3.00000000000000e-02	0.00000000000000e+00	0.00000000000000e+00	0.00000000000000e+00	4.07571133693755e+03	2.78308000000000e-02	1.13430307076042e+02	0.00000000000000e+00	1
80	77	100	103	3.00000000000000e-02	0.00000000000000e+00	0.00000000000000e+00	0.00000000000000e+00	6.27359667836410e+03	1.63853500000000e-02	1.02795077333833e+02	0.00000000000000e+00	1
80	76	87	91	3.00000000000000e-02	0.00000000000000e+00	0.00000000000000e+00	0.00000000000000e+00	3.39496313781221e+02	3.16082500000000e-01	1.07308843600753e+02	0.00000000000000e+00	1
80	76	91	95	3.00000000000000e-02	0.00000000000000e+00	0.00000000000000e+00	0.00000000000000e+00	9.22954232788757e+02	1.25194000000000e-01	1.15548332219756e+02	0.00000000000000e+00	1
80	76	95	99	3.00000000000000e-02	0.00000000000000e+00	0.00000000000000e+00	0.00000000000000e+00	1.92457278695245e+03	5.91085500000000e-02	1.13758706806218e+02	0.00000000000000e+00	1
80	76	99	103	3.00000000000000e-02	0.00000000000000e+00	0.00000000000000e+00	0.00000000000000e+00	3.46965594953754e+03	3.46315500000000e-02	1.20159563499207e+02	0.00000000000000e+00	1
80	76	103	107	3.00000000000000e-02	0.00000000000000e+00	0.00000000000000e+00	0.00000000000000e+00	5.64590592258228e+03	1.78351500000000e-02	1.00695579015143e+02	0.00000000000000e+00	1
80	76	107	111	3.00000000000000e-02	0.00000000000000e+00	0.00000000000000e+00	0.00000000000000e+00	8.49150391913625e+03	9.93433000000000e-03	8.43574021289929e+01	0.00000000000000e+00	1
80	75	84	89	3.34916100000000e-02	0.00000000000000e+00	0.00000000000000e+00	0.00000000000000e+00	9.48801714097344e+01	1.10453500000000e+00	1.04798470128051e+02	0.00000000000000e+00	1
80	75	89	94	3.00000000000000e-02	0.00000000000000e+00	0.00000000000000e+00	0.00000000000000e+00	4.51296607400547e+02	2.46714500000000e-01	1.11341416846522e+02	0.00000000000000e+00	1
80	75	94	99	3.00000000000000e-02	0.00000000000000e+00	0.00000000000000e+00	0.00000000000000e+00	1.20079278404055e+03	9.59251500000000e-02	1.15186227928007e+02	0.00000000000000e+00	1
80	75	99	104	3.00000000000000e-02	0.00000000000000e+00	0.00000000000000e+00	0.00000000000000e+00	2.48913087356697e+03	4.20642500000000e-02	1.04703423348439e+02	0.00000000000000e+00	1
80	75	104	109	3.00000000000000e-02	0.00000000000000e+00	0.00000000000000e+00	0.00000000000000e+00	4.44096410212953e+03	1.72719500000000e-02	7.67041099237762e+01	0.00000000000000e+00	1
80	74	85	91	3.00000000000000e-02	0.00000000000000e+00	0.00000000000000e+00	0.00000000000000e+00	1.22207323193865e+02	8.49828500000000e-01	1.03855266158858e+02	0.00000000000000e+00	1
80	74	91	97	3.00000000000000e-02	0.00000000000000e+00	0.00000000000000e+00	0.00000000000000e+00	5.62566446087748e+02	2.01507000000000e-01	1.13361076851804e+02	0.00000000000000e+00	1
80	74	97	103	3.00000000000000e-02	0.00000000000000e+00	0.00000000000000e+00	0.00000000000000e+00	1.48074572873723e+03	7.11058000000000e-02	1.05289609638443e+02	0.00000000000000e+00	1
80	74	103	109	3.00000000000000e-02	0.00000000000000e+00	0.00000000000000e+00	0.00000000000000e+00	3.04277515193996e+03	2.89964500000000e-02	8.82296775544695e+01	0.00000000000000e+00	1
80	73	86	93	3.00000000000000e-02	0.00000000000000e+00	0.00000000000000e+00	0.00000000000000e+00	1.49794047544956e+02	7.13308500000000e-01	1.06849367363221e+02	0.00000000000000e+00	1
80	73	93	100	3.00000000000000e-02	0.00000000000000e+00	0.00000000000000e+00	0.00000000000000e+00	6.73504882305673e+02	1.62339000000000e-01	1.09336109088621e+02	0.00000000000000e+00	1
80	73	100	107	3.00000000000000e-02	0.00000000000000e+00	0.00000000000000e+00	0.00000000000000e+00	1.76325909974637e+03	5.56913500000000e-02	9.81982796646603e+01	0.00000000000000e+00	1
81	80	82	83	1.93419020000000e-01	0.00000000000000e+00	0.00000000000000e+00	0.00000000000000e+00	2.82671928773504e+01	6.94595000000000e+00	1.96342508366432e+02	0.00000000000000e+00	1
81	80	84	85	3.00000000000000e-02	0.00000000000000e+00	0.00000000000000e+00	0.00000000000000e+00	2.82712843758676e+02	3.64903000000000e-01	1.03162764826072e+02	0.00000000000000e+00	1
81	80	85	86	3.00000000000000e-02	0.00000000000000e+00	0.00000000000000e+00	0.00000000000000e+00	5.65400630245133e+02	1.84553500000000e-01	1.04346665213945e+02	0.00000000000000e+00	1
81	80	86	87	3.00000000000000e-02	0.00000000000000e+00	0.00000000000000e+00	0.00000000000000e+00	9.88577583794181e+02	1.10122500000000e-01	1.08864634971375e+02	0.00000000000000e+00	1
81	80	87	88	3.00000000000000e-02	0.00000000000000e+00	0.00000000000000e+00	0.00000000000000e+00	1.58056122069332e+03	6.96712000000000e-02	1.10119596919168e+02	0.00000000000000e+00	1
81	79	83	84	9.46869000000000e-02	0.00000000000000e+00	0.00000000000000e+00	0.00000000000000e+00	8.07430396309607e+01	3.33878500000000e+00	2.69583649574257e+02	0.00000000000000e+00	1
81	79	84	86	3.00000000000000e-02	0.00000000000000e+00	0.00000000000000e+00	0.00000000000000e+00	1.23663760360738e+02	8.22744500000000e-01	1.01743678686115e+02	0.00000000000000e+00	1
81	79	86	88	3.00000000000000e-02	0.00000000000000e+00	0.00000000000000e+00	0.00000000000000e+00	3.70566302385875e+02	2.85341500000000e-01	1.05737944572239e+02	0.00000000000000e+00	1
81	79	88	90	3.00000000000000e-02	0.00000000000000e+00	0.00000000000000e+00	0.00000000000000e+00	8.15807821772167e+02	1.39002000000000e-01	1.13398918841975e+02	0.00000000000000e+00	1
81	79	90	92	3.00000000000000e-02	0.00000000000000e+00	0.00000000000000e+00	0.00000000000000e+00	1.51669412030418e+03	8.05331500000000e-02	1.22144155094575e+02	0.00000000000000e+00	1
81	79	92	94	3.00000000000000e-02	0.00000000000000e+00	0.00000000000000e+00	0.00000000000000e+00	2.53345495697206e+03	4.81834000000000e-02	1.22070473573768e+02	0.00000000000000e+00	1
81	79	94	96	3.00000000000000e-02	0.00000000000000e+00	0.00000000000000e+00	0.00000000000000e+00	3.90550797468864e+03	3.18215000000000e-02	1.24279122016554e+02	0.00000000000000e+00	1
81	78	86	89	3.00000000000000e-02	0.00000000000000e+00	0.00000000000000e+00	0.00000000000000e+00	2.29948389542049e+02	4.71541500000000e-01	1.08430208527242e+02	0.00000000000000e+00	1
81	78	89	92	3.00000000000000e-02	0.00000000000000e+00	0.00000000000000e+00	0.00000000000000e+00	6.45707195339488e+02	1.78882500000000e-01	1.15505717370316e+02	0.00000000000000e+00	1
81	78	92	95	3.00000000000000e-02	0.00000000000000e+00	0.00000000000000e+00	0.00000000000000e+00	1.37330811778034e+03	8.84487500000000e-02	1.21467386382524e+02	0.00000000000000e+00	1
81	78	95	98	3.00000000000000e-02	0.00000000000000e+00	0.00000000000000e+00	0.00000000000000e+00	2.48930134272288e+03	4.96952500000000e-02	1.23706452551949e+02	0.00000000000000e+00	1
81	78	98	101	3.00000000000000e-02	0.00000000000000e+00	0.00000000000000e+00	0.00000000000000e+00	4.08576862557728e+03	2.94957000000000e-02	1.20512605649440e+02	0.00000000000000e+00	1
81	78	101	104	3.00000000000000e-02	0.00000000000000e+00	0.00000000000000e+00	0.00000000000000e+00	6.26669066330772e+03	1.70431000000000e-02	1.06803835643820e+02	0.00000000000000e+00	1
81	77	84	88	4.53218800000000e-02	0.00000000000000e+00	0.00000000000000e+00	0.00000000000000e+00	6.79788858846619e+01	1.53484000000000e+00	1.04336713211214e+02	0.00000000000000e+00	1
81	77	88	92	3.00000000000000e-02	0.00000000000000e+00	0.00000000000000e+00	0.00000000000000e+00	3.39875385095592e+02	3.42653000000000e-01	1.16459320329160e+02	0.00000000000000e+00	1
81	77	92	96	3.00000000000000e-02	0.00000000000000e+00	0.00000000000000e+00	0.00000000000000e+00	9.23931540931183e+02	1.32525500000000e-01	1.22444489427675e+02	0.00000000000000e+00	1
81	77	96	100	3.00000000000000e-02	0.00000000000000e+00	0.00000000000000e+00	0.00000000000000e+00	1.92423674534707e+03	6.31876500000000e-02	1.21587997982130e+02	0.00000000000000e+00	1
81	77	100	104	3.00000000000000e-02	0.00000000000000e+00	0.00000000000000e+00	0.00000000000000e+00	3.48231326073216e+03	3.38908000000000e-02	1.18018382256822e+02	0.00000000000000e+00	1
81	76	85	90	3.36423300000000e-02	0.00000000000000e+00	0.00000000000000e+00	0.00000000000000e+00	9.48793494683616e+01	1.10813500000000e+00	1.05139127923123e+02	0.00000000000000e+00	1
81	76	90	95	3.00000000000000e-02	0.00000000000000e+00	0.00000000000000e+00	0.00000000000000e+00	4.51302764907969e+02	2.63845000000000e-01	1.19073978007143e+02	0.00000000000000e+00	1
81	76	95	100	3.00000000000000e-02	0.00000000000000e+00	0.00000000000000e+00	0.00000000000000e+00	1.19937850133837e+03	1.00093300000000e-01	1.20049752148012e+02	0.00000000000000e+00	1
81	76	100	105	3.00000000000000e-02	0.00000000000000e+00	0.00000000000000e+00	0.00000000000000e+00	2.49597992059967e+03	4.30461500000000e-02	1.07442326059122e+02	0.00000000000000e+00	1
81	76	105	110	3.00000000000000e-02	0.00000000000000e+00	0.00000000000000e+00	0.00000000000000e+00	4.41924475613134e+03	2.00274500000000e-02	8.85062033911827e+01	0.00000000000000e+00	1
81	75	86	92	3.00000000000000e-02	0.00000000000000e+00	0.00000000000000e+00	0.00000000000000e+00	1.22224487427106e+02	8.93727500000000e-01	1.09235385587009e+02	0.00000000000000e+00	1
81	75	92	98	3.00000000000000e-02	0.00000000000000e+00	0.00000000000000e+00	0.00000000000000e+00	5.63054094723780e+02	2.09142500000000e-01	1.17758541005768e+02	0.00000000000000e+00	1
81	75	98	104	3.00000000000000e-02	0.00000000000000e+00	0.00000000000000e+00	0.00000000000000e+00	1.48161039809930e+03	7.61056500000000e-02	1.12758922394106e+02	0.00000000000000e+00	1
81	75	104	110	3.00000000000000e-02	0.00000000000000e+00	0.00000000000000e+00	0.00000000000000e+00	3.03411722859956e+03	3.02201500000000e-02	9.16914777658631e+01	0.00000000000000e+00	1
81	74	87	94	3.00000000000000e-02	0.00000000000000e+00	0.00000000000000e+00	0.00000000000000e+00	1.49863462628767e+02	7.43087000000000e-01	1.11361590854423e+02	0.00000000000000e+00	1
81	74	94	101	3.00000000000000e-02	0.00000000000000e+00	0.00000000000000e+00	0.00000000000000e+00	6.73931287079905e+02	1.69514500000000e-01	1.14241125163707e+02	0.00000000000000e+00	1
81	74	101	108	3.00000000000000e-02	0.00000000000000e+00	0.00000000000000e+00	0.00000000000000e+00	1.76258030425418e+03	5.79003500000000e-02	1.02054016519424e+02	0.00000000000000e+00	1
82	81	84	85	3.00000000000000e-02	0.00000000000000e+00	0.00000000000000e+00	0.00000000000000e+00	1.13208478827986e+02	6.68961000000000e-01	7.57320572052487e+01	0.00000000000000e+00	1
82	81	85	86	3.00000000000000e-02	0.00000000000000e+00	0.00000000000000e+00	0.00000000000000e+00	2.82991188117967e+02	2.88311500000000e-01	8.15896139330731e+01	0.00000000000000e+00	1
82	81	86	87	3.00000000000000e-02	0.00000000000000e+00	0.00000000000000e+00	0.00000000000000e+00	5.65231612944587e+02	1.56338000000000e-01	8.83671799045308e+01	0.00000000000000e+00	1
82	81	87	88	3.00000000000000e-02	0.00000000000000e+00	0.00000000000000e+00	0.00000000000000e+00	9.88536984458816e+02	9.30581500000000e-02	9.19914229803162e+01	0.00000000000000e+00	1
82	81	88	89	3.00000000000000e-02	0.00000000000000e+00	0.00000000000000e+00	0.00000000000000e+00	1.57980323339648e+03	6.50549500000000e-02	1.02774020358446e+02	0.00000000000000e+00	1
82	80	85	87	3.00000000000000e-02	0.00000000000000e+00	0.00000000000000e+00	0.00000000000000e+00	1.23715263868838e+02	7.39431000000000e-01	9.14789012777988e+01	0.00000000000000e+00	1
82	80	87	89	3.00000000000000e-02	0.00000000000000e+00	0.00000000000000e+00	0.00000000000000e+00	3.70424746620487e+02	2.79273000000000e-01	1.03449630262943e+02	0.00000000000000e+00	1
82	80	89	91	3.00000000000000e-02	0.00000000000000e+00	0.00000000000000e+00	0.00000000000000e+00	8.19737771710479e+02	1.29468000000000e-01	1.06129809827812e+02	0.00000000000000e+00	1
82	80	91	93	3.00000000000000e-02	0.00000000000000e+00	0.00000000000000e+00	0.00000000000000e+00	1.52229605140889e+03	7.94015500000000e-02	1.20872666040746e+02	0.00000000000000e+00	1
82	80	93	95	3.00000000000000e-02	0.00000000000000e+00	0.00000000000000e+00	0.00000000000000e+00	2.53602890970064e+03	4.66474000000000e-02	1.18299154962370e+02	0.00000000000000e+00	1
82	80	95	97	3.00000000000000e-02	0.00000000000000e+00	0.00000000000000e+00	0.00000000000000e+00	3.90616490889723e+03	3.30803000000000e-02	1.29217107035793e+02	0.00000000000000e+00	1
82	79	84	87	6.10455700000000e-02	0.00000000000000e+00	0.00000000000000e+00	0.00000000000000e+00	4.18996560864359e+01	2.10949500000000e+00	8.83871150160562e+01	0.00000000000000e+00	1
82	79	87	90	3.00000000000000e-02	0.00000000000000e+00	0.00000000000000e+00	0.00000000000000e+00	2.30246003182418e+02	4.48333000000000e-01	1.03226881344783e+02	0.00000000000000e+00	1
82	79	90	93	3.00000000000000e-02	0.00000000000000e+00	0.00000000000000e+00	0.00000000000000e+00	6.46697204200531e+02	1.81142500000000e-01	1.17144348311895e+02	0.00000000000000e+00	1
82	79	93	96	3.00000000000000e-02	0.00000000000000e+00	0.00000000000000e+00	0.00000000000000e+00	1.37323444662601e+03	8.62492000000000e-02	1.18440372433936e+02	0.00000000000000e+00	1
82	79	96	99	3.00000000000000e-02	0.00000000000000e+00	0.00000000000000e+00	0.00000000000000e+00	2.49101885959745e+03	4.85006000000000e-02	1.20815909301792e+02	0.00000000000000e+00	1
82	79	99	102	3.00000000000000e-02	0.00000000000000e+00	0.00000000000000e+00	0.00000000000000e+00	4.10487974383271e+03	2.85282000000000e-02	1.17104830308008e+02	0.00000000000000e+00	1
82	79	102	105	3.00000000000000e-02	0.00000000000000e+00	0.00000000000000e+00	0.00000000000000e+00	6.27647284218926e+03	1.71136000000000e-02	1.07413045632090e+02	0.00000000000000e+00	1
82	78	85	89	4.21951400000000e-02	0.00000000000000e+00	0.00000000000000e+00	0.00000000000000e+00	6.79892541158965e+01	1.42096000000000e+00	9.66100105285243e+01	0.00000000000000e+00	1
82	78	89	93	3.00000000000000e-02	0.00000000000000e+00	0.00000000000000e+00	0.00000000000000e+00	3.41122102431071e+02	3.28408500000000e-01	1.12027397976234e+02	0.00000000000000e+00	1
82	78	93	97	3.00000000000000e-02	0.00000000000000e+00	0.00000000000000e+00	0.00000000000000e+00	9.24319094791197e+02	1.29648000000000e-01	1.19836122001489e+02	0.00000000000000e+00	1
82	78	97	101	3.00000000000000e-02	0.00000000000000e+00	0.00000000000000e+00	0.00000000000000e+00	1.92968712542035e+03	6.12433500000000e-02	1.18180504012612e+02	0.00000000000000e+00	1
82	78	101	105	3.00000000000000e-02	0.00000000000000e+00	0.00000000000000e+00	0.00000000000000e+00	3.48338030950144e+03	3.42127000000000e-02	1.19175845514880e+02	0.00000000000000e+00	1
82	77	86	91	3.30535400000000e-02	0.00000000000000e+00	0.00000000000000e+00	0.00000000000000e+00	9.49248548276732e+01	1.08661500000000e+00	1.03146771128572e+02	0.00000000000000e+00	1
82	77	91	96	3.00000000000000e-02	0.00000000000000e+00	0.00000000000000e+00	0.00000000000000e+00	4.51981315675324e+02	2.65125000000000e-01	1.19831546318420e+02	0.00000000000000e+00	1
82	77	96	101	3.00000000000000e-02	0.00000000000000e+00	0.00000000000000e+00	0.00000000000000e+00	1.20233232047502e+03	1.00470850000000e-01	1.20799350220598e+02	0.00000000000000e+00	1
82	77	101	106	3.00000000000000e-02	0.00000000000000e+00	0.00000000000000e+00	0.00000000000000e+00	2.49673886239815e+03	4.39115000000000e-02	1.09635548556197e+02	0.00000000000000e+00	1
82	77	106	111	3.00000000000000e-02	0.00000000000000e+00	0.00000000000000e+00	0.00000000000000e+00	4.39680015385201e+03	1.83116000000000e-02	8.05124456972765e+01	0.00000000000000e+00	1
82	76	87	93	3.00000000000000e-02	0.00000000000000e+00	0.00000000000000e+00	0.00000000000000e+00	1.22340360408536e+02	8.82088500000000e-01	1.07915025002225e+02	0.00000000000000e+00	1
82	76	93	99	3.00000000000000e-02	0.00000000000000e+00	0.00000000000000e+00	0.00000000000000e+00	5.62841403829392e+02	2.10131500000000e-01	1.18270708448776e+02	0.00000000000000e+00	1
82	76	99	105	3.00000000000000e-02	0.00000000000000e+00	0.00000000000000e+00	0.00000000000000e+00	1.48507382459019e+03	7.42705000000000e-02	1.10297175489226e+02	0.00000000000000e+00	1
82	76	105	111	3.00000000000000e-02	0.00000000000000e+00	0.00000000000000e+00	0.00000000000000e+00	3.02158809122804e+03	3.04925500000000e-02	9.21359259511755e+01	0.00000000000000e+00	1
82	75	88	95	3.00000000000000e-02	0.00000000000000e+00	0.00000000000000e+00	0.00000000000000e+00	1.50101413124346e+02	7.44808500000000e-01	1.11796808357025e+02	0.00000000000000e+00	1
82	75	95	102	3.00000000000000e-02	0.00000000000000e+00	0.00000000000000e+00	0.00000000000000e+00	6.74462418358511e+02	1.71281000000000e-01	1.15522597478864e+02	0.00000000000000e+00	1
82	75	102	109	3.00000000000000e-02	0.00000000000000e+00	0.00000000000000e+00	0.00000000000000e+00	1.76244581435289e+03	5.82665000000000e-02	1.02691549041993e+02	0.00000000000000e+00	1
83	82	84	85	5.37968000000000e-02	0.00000000000000e+00	0.00000000000000e+00	0.00000000000000e+00	2.84343606654346e+01	1.84506000000000e+00	5.24631014893667e+01	0.00000000000000e+00	1
83	82	85	86	3.00000000000000e-02	0.00000000000000e+00	0.00000000000000e+00	0.00000000000000e+00	1.13478500559319e+02	6.33123500000000e-01	7.18459054488683e+01	0.00000000000000e+00	1
83	82	86	87	3.00000000000000e-02	0.00000000000000e+00	0.00000000000000e+00	0.00000000000000e+00	2.83062219776202e+02	3.00710500000000e-01	8.51197816400115e+01	0.00000000000000e+00	1
83	82	87	88	3.00000000000000e-02	0.00000000000000e+00	0.00000000000000e+00	0.00000000000000e+00	5.65846748870960e+02	1.59114500000000e-01	9.00344225232283e+01	0.00000000000000e+00	1
83	82	88	89	3.00000000000000e-02	0.00000000000000e+00	0.00000000000000e+00	0.00000000000000e+00	9.89258141080733e+02	1.02342500000000e-01	1.01243151303555e+02	0.00000000000000e+00	1
83	82	89	90	3.00000000000000e-02	0.00000000000000e+00	0.00000000000000e+00	0.00000000000000e+00	1.60051907152748e+03	5.84662000000000e-02	9.35762681397397e+01	0.00000000000000e+00	1
83	81	84	86	9.73305000000000e-02	0.00000000000000e+00	0.00000000000000e+00	0.00000000000000e+00	1.77468905900763e+01	3.43570500000000e+00	6.09730807347781e+01	0.00000000000000e+00	1
83	81	86	88	3.00000000000000e-02	0.00000000000000e+00	0.00000000000000e+00	0.00000000000000e+00	1.23749551833337e+02	7.09332000000000e-01	8.77795171010447e+01	0.00000000000000e+00	1
83	81	88	90	3.00000000000000e-02	0.00000000000000e+00	0.00000000000000e+00	0.00000000000000e+00	3.72181046448369e+02	2.64871500000000e-01	9.85801520443492e+01	0.00000000000000e+00	1
83	81	90	92	3.00000000000000e-02	0.00000000000000e+00	0.00000000000000e+00	0.00000000000000e+00	8.20437148961728e+02	1.33663500000000e-01	1.09662500860246e+02	0.00000000000000e+00	1
83	81	92	94	3.00000000000000e-02	0.00000000000000e+00	0.00000000000000e+00	0.00000000000000e+00	1.52862166181754e+03	7.41591000000000e-02	1.13361206680893e+02	0.00000000000000e+00	1
83	81	94	96	3.00000000000000e-02	0.00000000000000e+00	0.00000000000000e+00	0.00000000000000e+00	2.53740164201843e+03	4.53294000000000e-02	1.15018893991710e+02	0.00000000000000e+00	1
83	81	96	98	3.00000000000000e-02	0.00000000000000e+00	0.00000000000000e+00	0.00000000000000e+00	3.92027819525516e+03	3.03900500000000e-02	1.19137450367714e+02	0.00000000000000e+00	1
83	80	85	88	5.79147100000000e-02	0.00000000000000e+00	0.00000000000000e+00	0.00000000000000e+00	4.19469128669185e+01	1.99551000000000e+00	8.37054840950646e+01	0.00000000000000e+00	1
83	80	88	91	3.00000000000000e-02	0.00000000000000e+00	0.00000000000000e+00	0.00000000000000e+00	2.30981333835562e+02	4.51280500000000e-01	1.04237371823980e+02	0.00000000000000e+00	1
83	80	91	94	3.00000000000000e-02	0.00000000000000e+00	0.00000000000000e+00	0.00000000000000e+00	6.48715842762832e+02	1.81301000000000e-01	1.17612831008744e+02	0.00000000000000e+00	1
83	80	94	97	3.00000000000000e-02	0.00000000000000e+00	0.00000000000000e+00	0.00000000000000e+00	1.37479173606531e+03	8.76414000000000e-02	1.20488672457195e+02	0.00000000000000e+00	1
83	80	97	100	3.00000000000000e-02	0.00000000000000e+00	0.00000000000000e+00	0.00000000000000e+00	2.48980921471329e+03	5.01668000000000e-02	1.24905760912679e+02	0.00000000000000e+00	1
83	80	100	103	3.00000000000000e-02	0.00000000000000e+00	0.00000000000000e+00	0.00000000000000e+00	4.13424257946627e+03	2.69822500000000e-02	1.11551166839804e+02	0.00000000000000e+00	1
83	80	103	106	3.00000000000000e-02	0.00000000000000e+00	0.00000000000000e+00	0.00000000000000e+00	6.29603218037095e+03	1.75610000000000e-02	1.10564621119494e+02	0.00000000000000e+00	1
83	79	86	90	4.15753300000000e-02	0.00000000000000e+00	0.00000000000000e+00	0.00000000000000e+00	6.80640069891705e+01	1.39848000000000e+00	9.51861524942152e+01	0.00000000000000e+00	1
83	79	90	94	3.00000000000000e-02	0.00000000000000e+00	0.00000000000000e+00	0.00000000000000e+00	3.41635866678412e+02	3.36175000000000e-01	1.14849437480615e+02	0.00000000000000e+00	1
83	79	94	98	3.00000000000000e-02	0.00000000000000e+00	0.00000000000000e+00	0.00000000000000e+00	9.25508925243747e+02	1.30086500000000e-01	1.20396216803721e+02	0.00000000000000e+00	1
83	79	98	102	3.00000000000000e-02	0.00000000000000e+00	0.00000000000000e+00	0.00000000000000e+00	1.93396862373757e+03	6.13547000000000e-02	1.18658064718831e+02	0.00000000000000e+00	1
83	79	102	106	3.00000000000000e-02	0.00000000000000e+00	0.00000000000000e+00	0.00000000000000e+00	3.48901122436443e+03	3.40371500000000e-02	1.18755998395376e+02	0.00000000000000e+00	1
83	78	87	92	3.29443600000000e-02	0.00000000000000e+00	0.00000000000000e+00	0.00000000000000e+00	9.50896540897339e+01	1.08299000000000e+00	1.02981144482641e+02	0.00000000000000e+00	1
83	78	92	97	3.00000000000000e-02	0.00000000000000e+00	0.00000000000000e+00	0.00000000000000e+00	4.52950176543249e+02	2.61266000000000e-01	1.18340480824749e+02	0.00000000000000e+00	1
83	78	97	102	3.00000000000000e-02	0.00000000000000e+00	0.00000000000000e+00	0.00000000000000e+00	1.20513802536056e+03	9.89521000000000e-02	1.19250938399281e+02	0.00000000000000e+00	1
83	78	102	107	3.00000000000000e-02	0.00000000000000e+00	0.00000000000000e+00	0.00000000000000e+00	2.49455934547822e+03	4.30138500000000e-02	1.07300601502498e+02	0.00000000000000e+00	1
83	77	88	94	3.00000000000000e-02	0.00000000000000e+00	0.00000000000000e+00	0.00000000000000e+00	1.22655286057965e+02	8.93269000000000e-01	1.09564164721712e+02	0.00000000000000e+00	1
83	77	94	100	3.00000000000000e-02	0.00000000000000e+00	0.00000000000000e+00	0.00000000000000e+00	5.62985500453103e+02	2.12739000000000e-01	1.19768972380893e+02	0.00000000000000e+00	1
83	77	100	106	3.00000000000000e-02	0.00000000000000e+00	0.00000000000000e+00	0.00000000000000e+00	1.49172426264538e+03	7.46921000000000e-02	1.11420017797935e+02	0.00000000000000e+00	1
83	76	89	96	3.00000000000000e-02	0.00000000000000e+00	0.00000000000000e+00	0.00000000000000e+00	1.50557829139397e+02	7.36527500000000e-01	1.10889981501467e+02	0.00000000000000e+00	1
83	76	96	103	3.00000000000000e-02	0.00000000000000e+00	0.00000000000000e+00	0.00000000000000e+00	6.75481521550596e+02	1.72954500000000e-01	1.16827568819023e+02	0.00000000000000e+00	1
83	76	103	110	3.00000000000000e-02	0.00000000000000e+00	0.00000000000000e+00	0.00000000000000e+00	1.75868071250455e+03	5.80338000000000e-02	1.02062924733347e+02	0.00000000000000e+00	1
84	83	86	88	9.99309900000000e-02	0.00000000000000e+00	0.00000000000000e+00	0.00000000000000e+00	8.06832859814300e+01	3.53050500000000e+00	2.84852744573868e+02	0.00000000000000e+00	1
84	83	88	90	3.00000000000000e-02	0.00000000000000e+00	0.00000000000000e+00	0.00000000000000e+00	3.60076694794269e+02	7.60961000000000e-01	2.74004321747341e+02	0.00000000000000e+00	1
84	83	90	92	3.00000000000000e-02	0.00000000000000e+00	0.00000000000000e+00	0.00000000000000e+00	9.51954414716710e+02	2.93915000000000e-01	2.79793681801462e+02	0.00000000000000e+00	1
84	83	92	94	3.00000000000000e-02	0.00000000000000e+00	0.00000000000000e+00	0.00000000000000e+00	1.97265661158930e+03	1.38116000000000e-01	2.72455440566267e+02	0.00000000000000e+00	1
84	83	94	96	3.00000000000000e-02	0.00000000000000e+00	0.00000000000000e+00	0.00000000000000e+00	3.51955980476480e+03	7.84359500000000e-02	2.76060016868541e+02	0.00000000000000e+00	1
84	83	96	98	3.00000000000000e-02	0.00000000000000e+00	0.00000000000000e+00	0.00000000000000e+00	5.72207019774684e+03	5.02989500000000e-02	2.87814122772959e+02	0.00000000000000e+00	1
84	83	98	100	3.00000000000000e-02	0.00000000000000e+00	0.00000000000000e+00	0.00000000000000e+00	8.63980793417438e+03	3.30328000000000e-02	2.85397047527996e+02	0.00000000000000e+00	1
84	82	87	90	5.96370400000000e-02	0.00000000000000e+00	0.00000000000000e+00	0.00000000000000e+00	1.02858222852080e+02	2.05799500000000e+00	2.11681708338467e+02	0.00000000000000e+00	1
84	82	90	93	3.00000000000000e-02	0.00000000000000e+00	0.00000000000000e+00	0.00000000000000e+00	4.41112789821021e+02	4.75964000000000e-01	2.09953807894373e+02	0.00000000000000e+00	1
84	82	93	96	3.00000000000000e-02	0.00000000000000e+00	0.00000000000000e+00	0.00000000000000e+00	1.13992222444300e+03	1.80146000000000e-01	2.05352429044508e+02	0.00000000000000e+00	1
84	82	96	99	3.00000000000000e-02	0.00000000000000e+00	0.00000000000000e+00	0.00000000000000e+00	2.32302974348177e+03	9.11058500000000e-02	2.11641599355189e+02	0.00000000000000e+00	1
84	82	99	102	3.00000000000000e-02	0.00000000000000e+00	0.00000000000000e+00	0.00000000000000e+00	4.13977602364957e+03	4.90670500000000e-02	2.03126597141215e+02	0.00000000000000e+00	1
84	82	102	105	3.00000000000000e-02	0.00000000000000e+00	0.00000000000000e+00	0.00000000000000e+00	6.69261063117542e+03	2.78647500000000e-02	1.86487922085045e+02	0.00000000000000e+00	1
84	82	105	108	3.00000000000000e-02	0.00000000000000e+00	0.00000000000000e+00	0.00000000000000e+00	1.00825723811517e+04	1.89116000000000e-02	1.90677575843388e+02	0.00000000000000e+00	1
84	81	88	92	4.30669100000000e-02	0.00000000000000e+00	0.00000000000000e+00	0.00000000000000e+00	1.29309507830403e+02	1.45297000000000e+00	1.87882835592341e+02	0.00000000000000e+00	1
84	81	92	96	3.00000000000000e-02	0.00000000000000e+00	0.00000000000000e+00	0.00000000000000e+00	5.43671767826295e+02	3.36367000000000e-01	1.82873241528427e+02	0.00000000000000e+00	1
84	81	96	100	3.00000000000000e-02	0.00000000000000e+00	0.00000000000000e+00	0.00000000000000e+00	1.38620756889481e+03	1.33290500000000e-01	1.84768299961774e+02	0.00000000000000e+00	1
84	81	100	104	3.00000000000000e-02	0.00000000000000e+00	0.00000000000000e+00	0.00000000000000e+00	2.83938761786461e+03	6.04037000000000e-02	1.71509517853208e+02	0.00000000000000e+00	1
84	81	104	108	3.00000000000000e-02	0.00000000000000e+00	0.00000000000000e+00	0.00000000000000e+00	4.99475005195968e+03	2.96506000000000e-02	1.48097335890636e+02	0.00000000000000e+00	1
84	80	89	94	3.34139400000000e-02	0.00000000000000e+00	0.00000000000000e+00	0.00000000000000e+00	1.57061590985727e+02	1.10013000000000e+00	1.72788168091128e+02	0.00000000000000e+00	1
84	80	94	99	3.00000000000000e-02	0.00000000000000e+00	0.00000000000000e+00	0.00000000000000e+00	6.49420823250552e+02	2.70155000000000e-01	1.75444282505253e+02	0.00000000000000e+00	1
84	80	99	104	3.00000000000000e-02	0.00000000000000e+00	0.00000000000000e+00	0.00000000000000e+00	1.65946292476657e+03	9.81915500000000e-02	1.62945236750363e+02	0.00000000000000e+00	1
84	80	104	109	3.00000000000000e-02	0.00000000000000e+00	0.00000000000000e+00	0.00000000000000e+00	3.34995930035584e+03	4.50324000000000e-02	1.50856707197344e+02	0.00000000000000e+00	1
84	79	90	96	3.00000000000000e-02	0.00000000000000e+00	0.00000000000000e+00	0.00000000000000e+00	1.84543614901501e+02	9.24743000000000e-01	1.70655416074859e+02	0.00000000000000e+00	1
84	79	96	102	3.00000000000000e-02	0.00000000000000e+00	0.00000000000000e+00	0.00000000000000e+00	7.59251898061736e+02	2.18087000000000e-01	1.65582968692590e+02	0.00000000000000e+00	1
84	79	102	108	3.00000000000000e-02	0.00000000000000e+00	0.00000000000000e+00	0.00000000000000e+00	1.92976579038579e+03	7.56744500000000e-02	1.46033964816260e+02	0.00000000000000e+00	1
84	78	91	98	3.00000000000000e-02	0.00000000000000e+00	0.00000000000000e+00	0.00000000000000e+00	2.12427092597328e+02	7.81660000000000e-01	1.66045761199628e+02	0.00000000000000e+00	1
84	78	98	105	3.00000000000000e-02	0.00000000000000e+00	0.00000000000000e+00	0.00000000000000e+00	8.70282485524103e+02	1.76359000000000e-01	1.53482148864545e+02	0.00000000000000e+00	1
85	84	86	87	2.26257550000000e-01	0.00000000000000e+00	0.00000000000000e+00	0.00000000000000e+00	2.82743534924095e+01	8.14615000000000e+00	2.30327124702191e+02	0.00000000000000e+00	1
85	84	87	88	5.20523600000000e-02	0.00000000000000e+00	0.00000000000000e+00	0.00000000000000e+00	1.13154513203973e+02	1.78136000000000e+00	2.01568923641029e+02	0.00000000000000e+00	1
85	84	88	89	3.00000000000000e-02	0.00000000000000e+00	0.00000000000000e+00	0.00000000000000e+00	2.82862982200341e+02	6.90274000000000e-01	1.95252962175358e+02	0.00000000000000e+00	1
85	84	89	90	3.00000000000000e-02	0.00000000000000e+00	0.00000000000000e+00	0.00000000000000e+00	5.71898402372090e+02	2.87764000000000e-01	1.64571771860202e+02	0.00000000000000e+00	1
85	84	90	91	3.00000000000000e-02	0.00000000000000e+00	0.00000000000000e+00	0.00000000000000e+00	9.95572006640112e+02	1.73328000000000e-01	1.72560504766917e+02	0.00000000000000e+00	1
85	84	91	92	3.00000000000000e-02	0.00000000000000e+00	0.00000000000000e+00	0.00000000000000e+00	1.59250643400780e+03	1.09354000000000e-01	1.74146948584489e+02	0.00000000000000e+00	1
85	84	92	93	3.00000000000000e-02	0.00000000000000e+00	0.00000000000000e+00	0.00000000000000e+00	2.39938323228091e+03	6.72564500000000e-02	1.61373998392740e+02	0.00000000000000e+00	1
85	83	88	91	6.03291700000000e-02	0.00000000000000e+00	0.00000000000000e+00	0.00000000000000e+00	1.03138210421250e+02	2.08358000000000e+00	2.14896712469509e+02	0.00000000000000e+00	1
85	83	91	94	3.00000000000000e-02	0.00000000000000e+00	0.00000000000000e+00	0.00000000000000e+00	4.41544180932877e+02	4.81154000000000e-01	2.12450748832577e+02	0.00000000000000e+00	1
85	83	94	97	3.00000000000000e-02	0.00000000000000e+00	0.00000000000000e+00	0.00000000000000e+00	1.13887333169806e+03	1.86622000000000e-01	2.12538818908155e+02	0.00000000000000e+00	1
85	83	97	100	3.00000000000000e-02	0.00000000000000e+00	0.00000000000000e+00	0.00000000000000e+00	2.31832876341140e+03	9.19528000000000e-02	2.13176821116216e+02	0.00000000000000e+00	1
85	83	100	103	3.00000000000000e-02	0.00000000000000e+00	0.00000000000000e+00	0.00000000000000e+00	4.15829202523265e+03	5.15776000000000e-02	2.14474722760640e+02	0.00000000000000e+00	1
85	83	103	106	3.00000000000000e-02	0.00000000000000e+00	0.00000000000000e+00	0.00000000000000e+00	6.69526515861668e+03	2.96684000000000e-02	1.98637804831903e+02	0.00000000000000e+00	1
85	83	106	109	3.00000000000000e-02	0.00000000000000e+00	0.00000000000000e+00	0.00000000000000e+00	1.00452231967250e+04	1.97564500000000e-02	1.98457949824938e+02	0.00000000000000e+00	1
85	82	89	93	4.23203300000000e-02	0.00000000000000e+00	0.00000000000000e+00	0.00000000000000e+00	1.29965286800634e+02	1.42553500000000e+00	1.85270065119342e+02	0.00000000000000e+00	1
85	82	93	97	3.00000000000000e-02	0.00000000000000e+00	0.00000000000000e+00	0.00000000000000e+00	5.43029154642818e+02	3.42450000000000e-01	1.85960334007433e+02	0.00000000000000e+00	1
85	82	97	101	3.00000000000000e-02	0.00000000000000e+00	0.00000000000000e+00	0.00000000000000e+00	1.38970940835453e+03	1.33839000000000e-01	1.85997317504762e+02	0.00000000000000e+00	1
85	82	101	105	3.00000000000000e-02	0.00000000000000e+00	0.00000000000000e+00	0.00000000000000e+00	2.83390557647564e+03	6.26941000000000e-02	1.77669159602122e+02	0.00000000000000e+00	1
85	82	105	109	3.00000000000000e-02	0.00000000000000e+00	0.00000000000000e+00	0.00000000000000e+00	4.98298644776238e+03	3.04435000000000e-02	1.51699547922454e+02	0.00000000000000e+00	1
85	81	90	95	3.43837100000000e-02	0.00000000000000e+00	0.00000000000000e+00	0.00000000000000e+00	1.57101328432902e+02	1.13565500000000e+00	1.78412909141467e+02	0.00000000000000e+00	1
85	81	95	100	3.00000000000000e-02	0.00000000000000e+00	0.00000000000000e+00	0.00000000000000e+00	6.48675423266284e+02	2.72444500000000e-01	1.76728051354071e+02	0.00000000000000e+00	1
85	81	100	105	3.00000000000000e-02	0.00000000000000e+00	0.00000000000000e+00	0.00000000000000e+00	1.66733596910191e+03	9.74152500000000e-02	1.62423950264055e+02	0.00000000000000e+00	1
85	81	105	110	3.00000000000000e-02	0.00000000000000e+00	0.00000000000000e+00	0.00000000000000e+00	3.33112335263450e+03	4.34875000000000e-02	1.44862226797693e+02	0.00000000000000e+00	1
85	80	91	97	3.00000000000000e-02	0.00000000000000e+00	0.00000000000000e+00	0.00000000000000e+00	1.84783804603171e+02	9.35548500000000e-01	1.72874211220790e+02	0.00000000000000e+00	1
85	80	97	103	3.00000000000000e-02	0.00000000000000e+00	0.00000000000000e+00	0.00000000000000e+00	7.60255062318872e+02	2.18420000000000e-01	1.66054910711688e+02	0.00000000000000e+00	1
85	80	103	109	3.00000000000000e-02	0.00000000000000e+00	0.00000000000000e+00	0.00000000000000e+00	1.92979795743481e+03	7.76216000000000e-02	1.49794005132822e+02	0.00000000000000e+00	1
85	79	92	99	3.00000000000000e-02	0.00000000000000e+00	0.00000000000000e+00	0.00000000000000e+00	2.12627263960053e+02	7.76538500000000e-01	1.65113256614644e+02	0.00000000000000e+00	1
85	79	99	106	3.00000000000000e-02	0.00000000000000e+00	0.00000000000000e+00	0.00000000000000e+00	8.72695007598173e+02	1.76088500000000e-01	1.53671554845451e+02	0.00000000000000e+00	1
86	85	87	88	2.20912360000000e-01	0.00000000000000e+00	0.00000000000000e+00	0.00000000000000e+00	2.83654617376247e+01	7.94997000000000e+00	2.25504569850264e+02	0.00000000000000e+00	1
86	85	88	89	5.29967200000000e-02	0.00000000000000e+00	0.00000000000000e+00	0.00000000000000e+00	1.13507746878376e+02	1.81606500000000e+00	2.06137446334679e+02	0.00000000000000e+00	1
86	85	89	90	3.00000000000000e-02	0.00000000000000e+00	0.00000000000000e+00	0.00000000000000e+00	2.87162999155876e+02	5.87663000000000e-01	1.68755069572940e+02	0.00000000000000e+00	1
86	85	90	91	3.00000000000000e-02	0.00000000000000e+00	0.00000000000000e+00	0.00000000000000e+00	5.70158785253817e+02	3.02960000000000e-01	1.72735305580496e+02	0.00000000000000e+00	1
86	85	91	92	3.00000000000000e-02	0.00000000000000e+00	0.00000000000000e+00	0.00000000000000e+00	9.97091268165976e+02	1.72431500000000e-01	1.71929943006762e+02	0.00000000000000e+00	1
86	85	92	93	3.00000000000000e-02	0.00000000000000e+00	0.00000000000000e+00	0.00000000000000e+00	1.60220548916209e+03	9.69030000000000e-02	1.55258518516274e+02	0.00000000000000e+00	1
86	85	93	94	3.00000000000000e-02	0.00000000000000e+00	0.00000000000000e+00	0.00000000000000e+00	2.39225221003641e+03	6.38756500000000e-02	1.52806664880012e+02	0.00000000000000e+00	1
86	84	88	90	9.58328500000000e-02	0.00000000000000e+00	0.00000000000000e+00	0.00000000000000e+00	5.68952586135174e+01	3.38087000000000e+00	1.92355472988683e+02	0.00000000000000e+00	1
86	84	90	92	3.00000000000000e-02	0.00000000000000e+00	0.00000000000000e+00	0.00000000000000e+00	2.27831783303015e+02	7.58648500000000e-01	1.72844240655158e+02	0.00000000000000e+00	1
86	84	92	94	3.00000000000000e-02	0.00000000000000e+00	0.00000000000000e+00	0.00000000000000e+00	5.70827155302336e+02	2.73562500000000e-01	1.56156903672395e+02	0.00000000000000e+00	1
86	84	94	96	3.00000000000000e-02	0.00000000000000e+00	0.00000000000000e+00	0.00000000000000e+00	1.13629139254433e+03	1.35214500000000e-01	1.53643072497186e+02	0.00000000000000e+00	1
86	84	96	98	3.00000000000000e-02	0.00000000000000e+00	0.00000000000000e+00	0.00000000000000e+00	1.98789157885815e+03	7.72960000000000e-02	1.53656067479419e+02	0.00000000000000e+00	1
86	84	98	100	3.00000000000000e-02	0.00000000000000e+00	0.00000000000000e+00	0.00000000000000e+00	3.15901898387123e+03	4.89616500000000e-02	1.54670781831659e+02	0.00000000000000e+00	1
86	84	100	102	3.00000000000000e-02	0.00000000000000e+00	0.00000000000000e+00	0.00000000000000e+00	4.81859673740575e+03	3.10151500000000e-02	1.49449500600150e+02	0.00000000000000e+00	1
86	83	90	94	4.33583600000000e-02	0.00000000000000e+00	0.00000000000000e+00	0.00000000000000e+00	1.29896310223579e+02	1.46360500000000e+00	1.90116889124781e+02	0.00000000000000e+00	1
86	83	94	98	3.00000000000000e-02	0.00000000000000e+00	0.00000000000000e+00	0.00000000000000e+00	5.42891154183104e+02	3.42207500000000e-01	1.85781424645115e+02	0.00000000000000e+00	1
86	83	98	102	3.00000000000000e-02	0.00000000000000e+00	0.00000000000000e+00	0.00000000000000e+00	1.39081712277491e+03	1.33375500000000e-01	1.85500929158666e+02	0.00000000000000e+00	1
86	83	102	106	3.00000000000000e-02	0.00000000000000e+00	0.00000000000000e+00	0.00000000000000e+00	2.83241903896228e+03	6.12715000000000e-02	1.73546563145778e+02	0.00000000000000e+00	1
86	83	106	110	3.00000000000000e-02	0.00000000000000e+00	0.00000000000000e+00	0.00000000000000e+00	4.94260937249348e+03	3.01704500000000e-02	1.49120748942346e+02	0.00000000000000e+00	1
86	82	91	96	3.42570500000000e-02	0.00000000000000e+00	0.00000000000000e+00	0.00000000000000e+00	1.57275271605224e+02	1.13127000000000e+00	1.77920796508842e+02	0.00000000000000e+00	1
86	82	96	101	3.00000000000000e-02	0.00000000000000e+00	0.00000000000000e+00	0.00000000000000e+00	6.50294958589470e+02	2.69615500000000e-01	1.75329600407579e+02	0.00000000000000e+00	1
86	82	101	106	3.00000000000000e-02	0.00000000000000e+00	0.00000000000000e+00	0.00000000000000e+00	1.66444585389364e+03	9.72591500000000e-02	1.61882588970720e+02	0.00000000000000e+00	1
86	82	106	111	3.00000000000000e-02	0.00000000000000e+00	0.00000000000000e+00	0.00000000000000e+00	3.31016519056394e+03	4.31073000000000e-02	1.42692283919197e+02	0.00000000000000e+00	1
86	81	92	98	3.00000000000000e-02	0.00000000000000e+00	0.00000000000000e+00	0.00000000000000e+00	1.85043447772014e+02	9.03217000000000e-01	1.67134387766296e+02	0.00000000000000e+00	1
86	81	98	104	3.00000000000000e-02	0.00000000000000e+00	0.00000000000000e+00	0.00000000000000e+00	7.60848661419119e+02	2.14250500000000e-01	1.63012206133377e+02	0.00000000000000e+00	1
86	81	104	110	3.00000000000000e-02	0.00000000000000e+00	0.00000000000000e+00	0.00000000000000e+00	1.92330463988632e+03	7.51601000000000e-02	1.44555769064320e+02	0.00000000000000e+00	1
86	80	93	100	3.00000000000000e-02	0.00000000000000e+00	0.00000000000000e+00	0.00000000000000e+00	2.12416857517298e+02	7.70687000000000e-01	1.63706910669434e+02	0.00000000000000e+00	1
86	80	100	107	3.00000000000000e-02	0.00000000000000e+00	0.00000000000000e+00	0.00000000000000e+00	8.74790944461561e+02	1.73265500000000e-01	1.51571090387605e+02	0.00000000000000e+00	1
87	86	88	89	2.24299970000000e-01	0.00000000000000e+00	0.00000000000000e+00	0.00000000000000e+00	2.84172105694575e+01	8.07432500000000e+00	2.29449793731235e+02	0.00000000000000e+00	1
87	86	89	90	4.59563900000000e-02	0.00000000000000e+00	0.00000000000000e+00	0.00000000000000e+00	1.14890946897204e+02	1.55849500000000e+00	1.79056966284558e+02	0.00000000000000e+00	1
87	86	90	91	3.00000000000000e-02	0.00000000000000e+00	0.00000000000000e+00	0.00000000000000e+00	2.84628488669629e+02	6.40687000000000e-01	1.82357772520279e+02	0.00000000000000e+00	1
87	86	91	92	3.00000000000000e-02	0.00000000000000e+00	0.00000000000000e+00	0.00000000000000e+00	5.68678266001740e+02	3.09074500000000e-01	1.75763950725355e+02	0.00000000000000e+00	1
87	86	92	93	3.00000000000000e-02	0.00000000000000e+00	0.00000000000000e+00	0.00000000000000e+00	9.98558760139085e+02	1.59758000000000e-01	1.59527750402300e+02	0.00000000000000e+00	1
87	86	93	94	3.00000000000000e-02	0.00000000000000e+00	0.00000000000000e+00	0.00000000000000e+00	1.59077554676578e+03	9.51823500000000e-02	1.51413754863702e+02	0.00000000000000e+00	1
87	86	94	95	3.00000000000000e-02	0.00000000000000e+00	0.00000000000000e+00	0.00000000000000e+00	2.38568499023734e+03	6.31318500000000e-02	1.50612706950915e+02	0.00000000000000e+00	1
87	85	89	91	8.79101600000000e-02	0.00000000000000e+00	0.00000000000000e+00	0.00000000000000e+00	5.72951052707038e+01	3.09071000000000e+00	1.77082554811217e+02	0.00000000000000e+00	1
87	85	91	93	3.00000000000000e-02	0.00000000000000e+00	0.00000000000000e+00	0.00000000000000e+00	2.27948088258701e+02	7.38841000000000e-01	1.68417393477147e+02	0.00000000000000e+00	1
87	85	93	95	3.00000000000000e-02	0.00000000000000e+00	0.00000000000000e+00	0.00000000000000e+00	5.68682909808651e+02	2.65353500000000e-01	1.50902000507910e+02	0.00000000000000e+00	1
87	85	95	97	3.00000000000000e-02	0.00000000000000e+00	0.00000000000000e+00	0.00000000000000e+00	1.13301140649011e+03	1.36171000000000e-01	1.54283296233164e+02	0.00000000000000e+00	1
87	85	97	99	3.00000000000000e-02	0.00000000000000e+00	0.00000000000000e+00	0.00000000000000e+00	1.98232426493351e+03	7.55686000000000e-02	1.49801469447054e+02	0.00000000000000e+00	1
87	85	99	101	3.00000000000000e-02	0.00000000000000e+00	0.00000000000000e+00	0.00000000000000e+00	3.18234712631175e+03	4.61779500000000e-02	1.46954266481467e+02	0.00000000000000e+00	1
87	85	101	103	3.00000000000000e-02	0.00000000000000e+00	0.00000000000000e+00	0.00000000000000e+00	4.78488211749643e+03	3.00987000000000e-02	1.44018731389890e+02	0.00000000000000e+00	1
87	84	90	93	5.89167700000000e-02	0.00000000000000e+00	0.00000000000000e+00	0.00000000000000e+00	8.54454356133252e+01	2.03190000000000e+00	1.73616580622716e+02	0.00000000000000e+00	1
87	84	93	96	3.00000000000000e-02	0.00000000000000e+00	0.00000000000000e+00	0.00000000000000e+00	3.40898280628745e+02	4.47434000000000e-01	1.52529481294842e+02	0.00000000000000e+00	1
87	84	96	99	3.00000000000000e-02	0.00000000000000e+00	0.00000000000000e+00	0.00000000000000e+00	8.50086646901094e+02	1.81534000000000e-01	1.54319629358543e+02	0.00000000000000e+00	1
87	84	99	102	3.00000000000000e-02	0.00000000000000e+00	0.00000000000000e+00	0.00000000000000e+00	1.70691874616320e+03	8.72544500000000e-02	1.48936256391160e+02	0.00000000000000e+00	1
87	84	102	105	3.00000000000000e-02	0.00000000000000e+00	0.00000000000000e+00	0.00000000000000e+00	2.98649402647232e+03	4.87797000000000e-02	1.45680282663112e+02	0.00000000000000e+00	1
87	84	105	108	3.00000000000000e-02	0.00000000000000e+00	0.00000000000000e+00	0.00000000000000e+00	4.76116256052899e+03	2.89591500000000e-02	1.37879220764743e+02	0.00000000000000e+00	1
87	84	108	111	3.00000000000000e-02	0.00000000000000e+00	0.00000000000000e+00	0.00000000000000e+00	6.98768149500228e+03	1.59570500000000e-02	1.11502782999826e+02	0.00000000000000e+00	1
87	83	92	97	3.34354800000000e-02	0.00000000000000e+00	0.00000000000000e+00	0.00000000000000e+00	1.57200197066493e+02	1.09964500000000e+00	1.72864410703183e+02	0.00000000000000e+00	1
87	83	97	102	3.00000000000000e-02	0.00000000000000e+00	0.00000000000000e+00	0.00000000000000e+00	6.50445822966687e+02	2.66547000000000e-01	1.73374382774301e+02	0.00000000000000e+00	1
87	83	102	107	3.00000000000000e-02	0.00000000000000e+00	0.00000000000000e+00	0.00000000000000e+00	1.65803105654184e+03	9.61668000000000e-02	1.59447541008248e+02	0.00000000000000e+00	1
87	82	93	99	3.00000000000000e-02	0.00000000000000e+00	0.00000000000000e+00	0.00000000000000e+00	1.84586912419464e+02	9.09854500000000e-01	1.67947232905955e+02	0.00000000000000e+00	1
87	82	99	105	3.00000000000000e-02	0.00000000000000e+00	0.00000000000000e+00	0.00000000000000e+00	7.62387323975961e+02	2.12327500000000e-01	1.61875794531506e+02	0.00000000000000e+00	1
87	82	105	111	3.00000000000000e-02	0.00000000000000e+00	0.00000000000000e+00	0.00000000000000e+00	1.91261272419959e+03	7.29870000000000e-02	1.39595864901156e+02	0.00000000000000e+00	1
87	81	94	101	3.00000000000000e-02	0.00000000000000e+00	0.00000000000000e+00	0.00000000000000e+00	2.12409691920681e+02	7.65057000000000e-01	1.62505521671760e+02	0.00000000000000e+00	1
87	81	101	108	3.00000000000000e-02	0.00000000000000e+00	0.00000000000000e+00	0.00000000000000e+00	8.73297019147718e+02	1.72884000000000e-01	1.50979081858334e+02	0.00000000000000e+00	1
88	87	89	90	2.02903940000000e-01	0.00000000000000e+00	0.00000000000000e+00	0.00000000000000e+00	2.87326259840863e+01	7.29203000000000e+00	2.09519170654737e+02	0.00000000000000e+00	1
88	87	90	91	5.17971800000000e-02	0.00000000000000e+00	0.00000000000000e+00	0.00000000000000e+00	1.13543059911418e+02	1.77223500000000e+00	2.01224984782111e+02	0.00000000000000e+00	1
88	87	91	92	3.00000000000000e-02	0.00000000000000e+00	0.00000000000000e+00	0.00000000000000e+00	2.83601490000488e+02	6.51269000000000e-01	1.84700858791128e+02	0.00000000000000e+00	1
88	87	92	93	3.00000000000000e-02	0.00000000000000e+00	0.00000000000000e+00	0.00000000000000e+00	5.68766241561827e+02	2.66910000000000e-01	1.51809397535267e+02	0.00000000000000e+00	1
88	87	93	94	3.00000000000000e-02	0.00000000000000e+00	0.00000000000000e+00	0.00000000000000e+00	9.91563882301945e+02	1.75935000000000e-01	1.74450791632793e+02	0.00000000000000e+00	1
88	87	94	95	3.00000000000000e-02	0.00000000000000e+00	0.00000000000000e+00	0.00000000000000e+00	1.58628980527590e+03	9.51111000000000e-02	1.50873768298577e+02	0.00000000000000e+00	1
88	87	95	96	3.00000000000000e-02	0.00000000000000e+00	0.00000000000000e+00	0.00000000000000e+00	2.37131279615891e+03	6.58060500000000e-02	1.56046728429673e+02	0.00000000000000e+00	1
88	86	90	92	9.56155100000000e-02	0.00000000000000e+00	0.00000000000000e+00	0.00000000000000e+00	5.68016536947135e+01	3.37300500000000e+00	1.91592261920537e+02	0.00000000000000e+00	1
88	86	92	94	3.00000000000000e-02	0.00000000000000e+00	0.00000000000000e+00	0.00000000000000e+00	2.27439846032028e+02	6.97248000000000e-01	1.58581977766139e+02	0.00000000000000e+00	1
88	86	94	96	3.00000000000000e-02	0.00000000000000e+00	0.00000000000000e+00	0.00000000000000e+00	5.66275453235935e+02	2.69189000000000e-01	1.52435122981128e+02	0.00000000000000e+00	1
88	86	96	98	3.00000000000000e-02	0.00000000000000e+00	0.00000000000000e+00	0.00000000000000e+00	1.13238055273842e+03	1.34733000000000e-01	1.52569029012105e+02	0.00000000000000e+00	1
88	86	98	100	3.00000000000000e-02	0.00000000000000e+00	0.00000000000000e+00	0.00000000000000e+00	1.97079817383133e+03	7.68922500000000e-02	1.51539105881782e+02	0.00000000000000e+00	1
88	86	100	102	3.00000000000000e-02	0.00000000000000e+00	0.00000000000000e+00	0.00000000000000e+00	3.19870562142023e+03	4.59848000000000e-02	1.47091838259885e+02	0.00000000000000e+00	1
88	86	102	104	3.00000000000000e-02	0.00000000000000e+00	0.00000000000000e+00	0.00000000000000e+00	4.76283822784000e+03	2.91168500000000e-02	1.38678846254283e+02	0.00000000000000e+00	1
88	85	91	94	5.77910200000000e-02	0.00000000000000e+00	0.00000000000000e+00	0.00000000000000e+00	8.52778235079375e+01	1.99110500000000e+00	1.69797100775772e+02	0.00000000000000e+00	1
88	85	94	97	3.00000000000000e-02	0.00000000000000e+00	0.00000000000000e+00	0.00000000000000e+00	3.39985287048993e+02	4.49073500000000e-01	1.52678382803596e+02	0.00000000000000e+00	1
88	85	97	100	3.00000000000000e-02	0.00000000000000e+00	0.00000000000000e+00	0.00000000000000e+00	8.47453013772881e+02	1.76270000000000e-01	1.49380542737746e+02	0.00000000000000e+00	1
88	85	100	103	3.00000000000000e-02	0.00000000000000e+00	0.00000000000000e+00	0.00000000000000e+00	1.71239320594716e+03	8.52350000000000e-02	1.45955834908906e+02	0.00000000000000e+00	1
88	85	103	106	3.00000000000000e-02	0.00000000000000e+00	0.00000000000000e+00	0.00000000000000e+00	2.98376530938174e+03	4.55193000000000e-02	1.35818908247340e+02	0.00000000000000e+00	1
88	84	92	96	4.10897400000000e-02	0.00000000000000e+00	0.00000000000000e+00	0.00000000000000e+00	1.13706244903901e+02	1.37921500000000e+00	1.56825358565134e+02	0.00000000000000e+00	1
88	84	96	100	3.00000000000000e-02	0.00000000000000e+00	0.00000000000000e+00	0.00000000000000e+00	4.52467499149961e+02	3.38764000000000e-01	1.53279699882038e+02	0.00000000000000e+00	1
88	84	100	104	3.00000000000000e-02	0.00000000000000e+00	0.00000000000000e+00	0.00000000000000e+00	1.14074811330829e+03	1.25331500000000e-01	1.42971672163098e+02	0.00000000000000e+00	1
88	84	104	108	3.00000000000000e-02	0.00000000000000e+00	0.00000000000000e+00	0.00000000000000e+00	2.26913892146259e+03	6.02256500000000e-02	1.36660366485383e+02	0.00000000000000e+00	1
88	83	94	100	3.00000000000000e-02	0.00000000000000e+00	0.00000000000000e+00	0.00000000000000e+00	1.84137776909548e+02	9.04894500000000e-01	1.66625261567677e+02	0.00000000000000e+00	1
88	83	100	106	3.00000000000000e-02	0.00000000000000e+00	0.00000000000000e+00	0.00000000000000e+00	7.63960815020292e+02	2.09029000000000e-01	1.59689965202877e+02	0.00000000000000e+00	1
88	82	95	102	3.00000000000000e-02	0.00000000000000e+00	0.00000000000000e+00	0.00000000000000e+00	2.12143430366626e+02	7.70061500000000e-01	1.63363488203269e+02	0.00000000000000e+00	1
88	82	102	109	3.00000000000000e-02	0.00000000000000e+00	0.00000000000000e+00	0.00000000000000e+00	8.71325970478967e+02	1.70957000000000e-01	1.48959273935173e+02	0.00000000000000e+00	1
89	88	90	91	2.78525200000000e-01	0.00000000000000e+00	0.00000000000000e+00	0.00000000000000e+00	2.82058803115738e+01	1.00558000000000e+01	2.83632691237124e+02	0.00000000000000e+00	1
89	88	91	92	5.86785800000000e-02	0.00000000000000e+00	0.00000000000000e+00	0.00000000000000e+00	1.12865497768721e+02	2.02333000000000e+00	2.28364147600386e+02	0.00000000000000e+00	1
89	88	92	93	3.00000000000000e-02	0.00000000000000e+00	0.00000000000000e+00	0.00000000000000e+00	2.82759141092703e+02	6.70739000000000e-01	1.89657583537379e+02	0.00000000000000e+00	1
89	88	93	94	3.00000000000000e-02	0.00000000000000e+00	0.00000000000000e+00	0.00000000000000e+00	5.64293808661676e+02	3.01453500000000e-01	1.70108343649393e+02	0.00000000000000e+00	1
89	88	94	95	3.00000000000000e-02	0.00000000000000e+00	0.00000000000000e+00	0.00000000000000e+00	9.87608261777390e+02	1.72691500000000e-01	1.70551552138730e+02	0.00000000000000e+00	1
89	88	95	96	3.00000000000000e-02	0.00000000000000e+00	0.00000000000000e+00	0.00000000000000e+00	1.57680336241052e+03	1.09064000000000e-01	1.71972481917941e+02	0.00000000000000e+00	1
89	88	96	97	3.00000000000000e-02	0.00000000000000e+00	0.00000000000000e+00	0.00000000000000e+00	2.36753130552222e+03	7.29390500000000e-02	1.72685484270051e+02	0.00000000000000e+00	1
89	87	91	93	1.02181100000000e-01	0.00000000000000e+00	0.00000000000000e+00	0.00000000000000e+00	5.65580515979086e+01	3.61046500000000e+00	2.04200865762443e+02	0.00000000000000e+00	1
89	87	93	95	3.00000000000000e-02	0.00000000000000e+00	0.00000000000000e+00	0.00000000000000e+00	2.26061069619698e+02	7.44502000000000e-01	1.68302918454004e+02	0.00000000000000e+00	1
89	87	95	97	3.00000000000000e-02	0.00000000000000e+00	0.00000000000000e+00	0.00000000000000e+00	5.63995181835669e+02	2.92885000000000e-01	1.65185728831940e+02	0.00000000000000e+00	1
89	87	97	99	3.00000000000000e-02	0.00000000000000e+00	0.00000000000000e+00	0.00000000000000e+00	1.12796010881427e+03	1.40503000000000e-01	1.58481779168732e+02	0.00000000000000e+00	1
89	87	99	101	3.00000000000000e-02	0.00000000000000e+00	0.00000000000000e+00	0.00000000000000e+00	1.97913848747645e+03	7.81060500000000e-02	1.54582689659760e+02	0.00000000000000e+00	1
89	87	101	103	3.00000000000000e-02	0.00000000000000e+00	0.00000000000000e+00	0.00000000000000e+00	3.17275962131615e+03	4.78431000000000e-02	1.51794655838591e+02	0.00000000000000e+00	1
89	87	103	105	3.00000000000000e-02	0.00000000000000e+00	0.00000000000000e+00	0.00000000000000e+00	4.75488947877104e+03	3.15845000000000e-02	1.50180806742244e+02	0.00000000000000e+00	1
89	86	92	95	5.80930800000000e-02	0.00000000000000e+00	0.00000000000000e+00	0.00000000000000e+00	8.49791805725968e+01	2.00169000000000e+00	1.70101975960361e+02	0.00000000000000e+00	1
89	86	95	98	3.00000000000000e-02	0.00000000000000e+00	0.00000000000000e+00	0.00000000000000e+00	3.38822265091807e+02	4.74389500000000e-01	1.60733724925770e+02	0.00000000000000e+00	1
89	86	98	101	3.00000000000000e-02	0.00000000000000e+00	0.00000000000000e+00	0.00000000000000e+00	8.47070817283753e+02	1.83743000000000e-01	1.55643333180169e+02	0.00000000000000e+00	1
89	86	101	104	3.00000000000000e-02	0.00000000000000e+00	0.00000000000000e+00	0.00000000000000e+00	1.70052383187565e+03	8.86950000000000e-02	1.50827961268211e+02	0.00000000000000e+00	1
89	86	104	107	3.00000000000000e-02	0.00000000000000e+00	0.00000000000000e+00	0.00000000000000e+00	2.96562674728825e+03	4.81215000000000e-02	1.42710407519632e+02	0.00000000000000e+00	1
89	85	93	97	4.25795900000000e-02	0.00000000000000e+00	0.00000000000000e+00	0.00000000000000e+00	1.13151598420875e+02	1.43885000000000e+00	1.62808177387875e+02	0.00000000000000e+00	1
89	85	97	101	3.00000000000000e-02	0.00000000000000e+00	0.00000000000000e+00	0.00000000000000e+00	4.52382584747737e+02	3.40175000000000e-01	1.53889245766561e+02	0.00000000000000e+00	1
89	85	101	105	3.00000000000000e-02	0.00000000000000e+00	0.00000000000000e+00	0.00000000000000e+00	1.13513423532286e+03	1.30666000000000e-01	1.48323449992697e+02	0.00000000000000e+00	1
89	85	105	109	3.00000000000000e-02	0.00000000000000e+00	0.00000000000000e+00	0.00000000000000e+00	2.25903430302208e+03	6.06374000000000e-02	1.36981966646071e+02	0.00000000000000e+00	1
89	84	94	99	3.40801100000000e-02	0.00000000000000e+00	0.00000000000000e+00	0.00000000000000e+00	1.41386870654270e+02	1.12475000000000e+00	1.59024882768390e+02	0.00000000000000e+00	1
89	84	99	104	3.00000000000000e-02	0.00000000000000e+00	0.00000000000000e+00	0.00000000000000e+00	5.67213663046144e+02	2.65516500000000e-01	1.50604586564191e+02	0.00000000000000e+00	1
89	84	104	109	3.00000000000000e-02	0.00000000000000e+00	0.00000000000000e+00	0.00000000000000e+00	1.41482819989887e+03	9.89941500000000e-02	1.40059715045018e+02	0.00000000000000e+00	1
89	83	96	103	3.00000000000000e-02	0.00000000000000e+00	0.00000000000000e+00	0.00000000000000e+00	2.11947052976393e+02	7.88352000000000e-01	1.67088883108045e+02	0.00000000000000e+00	1
89	83	103	110	3.00000000000000e-02	0.00000000000000e+00	0.00000000000000e+00	0.00000000000000e+00	8.67370575506062e+02	1.72494000000000e-01	1.49616220051343e+02	0.00000000000000e+00	1
90	89	91	92	2.43726470000000e-01	0.00000000000000e+00	0.00000000000000e+00	0.00000000000000e+00	2.84074268134800e+01	8.78402500000000e+00	2.49531547315278e+02	0.00000000000000e+00	1
90	89	92	93	4.74488100000000e-02	0.00000000000000e+00	0.00000000000000e+00	0.00000000000000e+00	1.14054921786701e+02	1.61255500000000e+00	1.83919834401753e+02	0.00000000000000e+00	1
90	89	93	94	3.00000000000000e-02	0.00000000000000e+00	0.00000000000000e+00	0.00000000000000e+00	2.83865382697259e+02	5.85445000000000e-01	1.66187568973197e+02	0.00000000000000e+00	1
90	89	94	95	3.00000000000000e-02	0.00000000000000e+00	0.00000000000000e+00	0.00000000000000e+00	5.67926020689728e+02	2.80045500000000e-01	1.59045126427065e+02	0.00000000000000e+00	1
90	89	95	96	3.00000000000000e-02	0.00000000000000e+00	0.00000000000000e+00	0.00000000000000e+00	9.90202603981692e+02	1.61274000000000e-01	1.59693934754543e+02	0.00000000000000e+00	1
90	89	96	97	3.00000000000000e-02	0.00000000000000e+00	0.00000000000000e+00	0.00000000000000e+00	1.58809036858220e+03	9.99089000000000e-02	1.58664361825642e+02	0.00000000000000e+00	1
90	89	97	98	3.00000000000000e-02	0.00000000000000e+00	0.00000000000000e+00	0.00000000000000e+00	2.38693649882652e+03	6.11641000000000e-02	1.45994822707875e+02	0.00000000000000e+00	1
90	88	92	94	9.01306700000000e-02	0.00000000000000e+00	0.00000000000000e+00	0.00000000000000e+00	5.68207396418386e+01	3.17212500000000e+00	1.80242488736367e+02	0.00000000000000e+00	1
90	88	94	96	3.00000000000000e-02	0.00000000000000e+00	0.00000000000000e+00	0.00000000000000e+00	2.26376033420550e+02	7.23767000000000e-01	1.63843502580691e+02	0.00000000000000e+00	1
90	88	96	98	3.00000000000000e-02	0.00000000000000e+00	0.00000000000000e+00	0.00000000000000e+00	5.66127091443032e+02	2.81240500000000e-01	1.59217866260984e+02	0.00000000000000e+00	1
90	88	98	100	3.00000000000000e-02	0.00000000000000e+00	0.00000000000000e+00	0.00000000000000e+00	1.12657774559953e+03	1.40553500000000e-01	1.58344445166124e+02	0.00000000000000e+00	1
90	88	100	102	3.00000000000000e-02	0.00000000000000e+00	0.00000000000000e+00	0.00000000000000e+00	2.00152358311499e+03	7.44187500000000e-02	1.48950883150939e+02	0.00000000000000e+00	1
90	88	102	104	3.00000000000000e-02	0.00000000000000e+00	0.00000000000000e+00	0.00000000000000e+00	3.17782800706112e+03	4.56581000000000e-02	1.45093588929197e+02	0.00000000000000e+00	1
90	88	104	106	3.00000000000000e-02	0.00000000000000e+00	0.00000000000000e+00	0.00000000000000e+00	4.77906469188936e+03	3.09119500000000e-02	1.47730208802449e+02	0.00000000000000e+00	1
90	87	93	96	5.64495000000000e-02	0.00000000000000e+00	0.00000000000000e+00	0.00000000000000e+00	8.49403417651622e+01	1.94634500000000e+00	1.65323209492915e+02	0.00000000000000e+00	1
90	87	96	99	3.00000000000000e-02	0.00000000000000e+00	0.00000000000000e+00	0.00000000000000e+00	3.39284850648841e+02	4.63909000000000e-01	1.57397295779653e+02	0.00000000000000e+00	1
90	87	99	102	3.00000000000000e-02	0.00000000000000e+00	0.00000000000000e+00	0.00000000000000e+00	8.51547278622378e+02	1.78441500000000e-01	1.51951373718295e+02	0.00000000000000e+00	1
90	87	102	105	3.00000000000000e-02	0.00000000000000e+00	0.00000000000000e+00	0.00000000000000e+00	1.70296938275207e+03	8.62895000000000e-02	1.46948376552984e+02	0.00000000000000e+00	1
90	87	105	108	3.00000000000000e-02	0.00000000000000e+00	0.00000000000000e+00	0.00000000000000e+00	2.97100498605086e+03	4.50868500000000e-02	1.33953256155327e+02	0.00000000000000e+00	1
90	86	94	98	4.18274800000000e-02	0.00000000000000e+00	0.00000000000000e+00	0.00000000000000e+00	1.13213908964443e+02	1.40789000000000e+00	1.59392730291949e+02	0.00000000000000e+00	1
90	86	98	102	3.00000000000000e-02	0.00000000000000e+00	0.00000000000000e+00	0.00000000000000e+00	4.53042486159036e+02	3.38534000000000e-01	1.53370285009363e+02	0.00000000000000e+00	1
90	86	102	106	3.00000000000000e-02	0.00000000000000e+00	0.00000000000000e+00	0.00000000000000e+00	1.13570815367466e+03	1.26084000000000e-01	1.43194626847915e+02	0.00000000000000e+00	1
90	86	106	110	3.00000000000000e-02	0.00000000000000e+00	0.00000000000000e+00	0.00000000000000e+00	2.24417642422398e+03	5.92766000000000e-02	1.33027148228155e+02	0.00000000000000e+00	1
90	85	95	100	3.38748800000000e-02	0.00000000000000e+00	0.00000000000000e+00	0.00000000000000e+00	1.41298416587228e+02	1.11820000000000e+00	1.57999889427839e+02	0.00000000000000e+00	1
90	85	100	105	3.00000000000000e-02	0.00000000000000e+00	0.00000000000000e+00	0.00000000000000e+00	5.70044130160064e+02	2.57285000000000e-01	1.46663804028232e+02	0.00000000000000e+00	1
90	85	105	110	3.00000000000000e-02	0.00000000000000e+00	0.00000000000000e+00	0.00000000000000e+00	1.40785058123207e+03	9.48819000000000e-02	1.33579538063403e+02	0.00000000000000e+00	1
90	84	96	102	3.00000000000000e-02	0.00000000000000e+00	0.00000000000000e+00	0.00000000000000e+00	1.69954998957789e+02	9.11181500000000e-01	1.54859850882857e+02	0.00000000000000e+00	1
90	84	102	108	3.00000000000000e-02	0.00000000000000e+00	0.00000000000000e+00	0.00000000000000e+00	6.80888345117108e+02	2.08537000000000e-01	1.41990412825686e+02	0.00000000000000e+00	1
91	90	92	93	2.04418720000000e-01	0.00000000000000e+00	0.00000000000000e+00	0.00000000000000e+00	2.84485579690871e+01	7.34681500000000e+00	2.09006292415659e+02	0.00000000000000e+00	1
91	90	93	94	4.67434600000000e-02	0.00000000000000e+00	0.00000000000000e+00	0.00000000000000e+00	1.13249450565812e+02	1.58945500000000e+00	1.80004905449083e+02	0.00000000000000e+00	1
91	90	94	95	3.00000000000000e-02	0.00000000000000e+00	0.00000000000000e+00	0.00000000000000e+00	2.83222560240463e+02	6.22452000000000e-01	1.76292449066797e+02	0.00000000000000e+00	1
91	90	95	96	3.00000000000000e-02	0.00000000000000e+00	0.00000000000000e+00	0.00000000000000e+00	5.64819496568194e+02	3.12615500000000e-01	1.76571329329414e+02	0.00000000000000e+00	1
91	90	96	97	3.00000000000000e-02	0.00000000000000e+00	0.00000000000000e+00	0.00000000000000e+00	9.90535801605850e+02	1.71130000000000e-01	1.69510391728809e+02	0.00000000000000e+00	1
91	90	97	98	3.00000000000000e-02	0.00000000000000e+00	0.00000000000000e+00	0.00000000000000e+00	1.58770031775983e+03	9.97947000000000e-02	1.58444076900747e+02	0.00000000000000e+00	1
91	90	98	99	3.00000000000000e-02	0.00000000000000e+00	0.00000000000000e+00	0.00000000000000e+00	2.36924133367241e+03	6.93037000000000e-02	1.64197190616433e+02	0.00000000000000e+00	1
91	89	93	95	8.74158800000000e-02	0.00000000000000e+00	0.00000000000000e+00	0.00000000000000e+00	5.66750567275807e+01	3.07542500000000e+00	1.74299886336420e+02	0.00000000000000e+00	1
91	89	95	97	3.00000000000000e-02	0.00000000000000e+00	0.00000000000000e+00	0.00000000000000e+00	2.26264145793003e+02	7.47623500000000e-01	1.69160392602275e+02	0.00000000000000e+00	1
91	89	97	99	3.00000000000000e-02	0.00000000000000e+00	0.00000000000000e+00	0.00000000000000e+00	5.66287485640095e+02	2.74414500000000e-01	1.55397497228184e+02	0.00000000000000e+00	1
91	89	99	101	3.00000000000000e-02	0.00000000000000e+00	0.00000000000000e+00	0.00000000000000e+00	1.13742111966448e+03	1.33979000000000e-01	1.52390544191527e+02	0.00000000000000e+00	1
91	89	101	103	3.00000000000000e-02	0.00000000000000e+00	0.00000000000000e+00	0.00000000000000e+00	1.99604385256286e+03	7.80532000000000e-02	1.55797610032860e+02	0.00000000000000e+00	1
91	89	103	105	3.00000000000000e-02	0.00000000000000e+00	0.00000000000000e+00	0.00000000000000e+00	3.19040147842327e+03	4.73746500000000e-02	1.51144153399785e+02	0.00000000000000e+00	1
91	89	105	107	3.00000000000000e-02	0.00000000000000e+00	0.00000000000000e+00	0.00000000000000e+00	4.75154449133360e+03	3.02747000000000e-02	1.43851584011777e+02	0.00000000000000e+00	1
91	88	94	97	5.80974300000000e-02	0.00000000000000e+00	0.00000000000000e+00	0.00000000000000e+00	8.48873326697228e+01	2.00257500000000e+00	1.69993250221070e+02	0.00000000000000e+00	1
91	88	97	100	3.00000000000000e-02	0.00000000000000e+00	0.00000000000000e+00	0.00000000000000e+00	3.39009904643571e+02	4.64997000000000e-01	1.57638588629547e+02	0.00000000000000e+00	1
91	88	100	103	3.00000000000000e-02	0.00000000000000e+00	0.00000000000000e+00	0.00000000000000e+00	8.56896176388278e+02	1.75214500000000e-01	1.50140635097784e+02	0.00000000000000e+00	1
91	88	103	106	3.00000000000000e-02	0.00000000000000e+00	0.00000000000000e+00	0.00000000000000e+00	1.70592296608706e+03	8.69989500000000e-02	1.48413506830460e+02	0.00000000000000e+00	1
91	88	106	109	3.00000000000000e-02	0.00000000000000e+00	0.00000000000000e+00	0.00000000000000e+00	2.96420519887828e+03	4.54178000000000e-02	1.34627678881614e+02	0.00000000000000e+00	1
91	87	95	99	4.30736400000000e-02	0.00000000000000e+00	0.00000000000000e+00	0.00000000000000e+00	1.13056669963556e+02	1.45393500000000e+00	1.64377049443462e+02	0.00000000000000e+00	1
91	87	99	103	3.00000000000000e-02	0.00000000000000e+00	0.00000000000000e+00	0.00000000000000e+00	4.54416105378895e+02	3.37203500000000e-01	1.53230701190132e+02	0.00000000000000e+00	1
91	87	103	107	3.00000000000000e-02	0.00000000000000e+00	0.00000000000000e+00	0.00000000000000e+00	1.13339560917303e+03	1.28321000000000e-01	1.45438457964693e+02	0.00000000000000e+00	1
91	87	107	111	3.00000000000000e-02	0.00000000000000e+00	0.00000000000000e+00	0.00000000000000e+00	2.23981041283357e+03	5.89385000000000e-02	1.32011066016791e+02	0.00000000000000e+00	1
91	86	96	101	3.39062900000000e-02	0.00000000000000e+00	0.00000000000000e+00	0.00000000000000e+00	1.41528815094030e+02	1.11866000000000e+00	1.58322624293087e+02	0.00000000000000e+00	1
91	86	101	106	3.00000000000000e-02	0.00000000000000e+00	0.00000000000000e+00	0.00000000000000e+00	5.68634956119600e+02	2.63017000000000e-01	1.49560660253709e+02	0.00000000000000e+00	1
91	86	106	111	3.00000000000000e-02	0.00000000000000e+00	0.00000000000000e+00	0.00000000000000e+00	1.39934078359134e+03	9.41159500000000e-02	1.31700287221443e+02	0.00000000000000e+00	1
91	85	97	103	3.00000000000000e-02	0.00000000000000e+00	0.00000000000000e+00	0.00000000000000e+00	1.70046242383521e+02	9.09425500000000e-01	1.54644389002755e+02	0.00000000000000e+00	1
91	85	103	109	3.00000000000000e-02	0.00000000000000e+00	0.00000000000000e+00	0.00000000000000e+00	6.80397750361948e+02	2.09455000000000e-01	1.42512710802062e+02	0.00000000000000e+00	1
91	84	98	105	3.00000000000000e-02	0.00000000000000e+00	0.00000000000000e+00	0.00000000000000e+00	1.98477994979222e+02	7.71401500000000e-01	1.53106223043964e+02	0.00000000000000e+00	1
92	91	93	94	2.01358330000000e-01	0.00000000000000e+00	0.00000000000000e+00	0.00000000000000e+00	2.82539506391626e+01	7.24181000000000e+00	2.04609742278194e+02	0.00000000000000e+00	1
92	91	94	95	5.05418200000000e-02	0.00000000000000e+00	0.00000000000000e+00	0.00000000000000e+00	1.13123268675166e+02	1.72590000000000e+00	1.95239449406469e+02	0.00000000000000e+00	1
92	91	95	96	3.00000000000000e-02	0.00000000000000e+00	0.00000000000000e+00	0.00000000000000e+00	2.82206713473986e+02	6.99627500000000e-01	1.97439577431021e+02	0.00000000000000e+00	1
92	91	96	97	3.00000000000000e-02	0.00000000000000e+00	0.00000000000000e+00	0.00000000000000e+00	5.65728045472042e+02	3.34466000000000e-01	1.89216796456852e+02	0.00000000000000e+00	1
92	91	97	98	3.00000000000000e-02	0.00000000000000e+00	0.00000000000000e+00	0.00000000000000e+00	9.91947479978431e+02	1.76481000000000e-01	1.75059883214074e+02	0.00000000000000e+00	1
92	91	98	99	3.00000000000000e-02	0.00000000000000e+00	0.00000000000000e+00	0.00000000000000e+00	1.57936919708044e+03	1.11786500000000e-01	1.76552154749433e+02	0.00000000000000e+00	1
92	91	99	100	3.00000000000000e-02	0.00000000000000e+00	0.00000000000000e+00	0.00000000000000e+00	2.36630551628403e+03	7.16029000000000e-02	1.69434337251934e+02	0.00000000000000e+00	1
92	90	94	96	9.54820200000000e-02	0.00000000000000e+00	0.00000000000000e+00	0.00000000000000e+00	5.65461005816588e+01	3.37079500000000e+00	1.90605313110153e+02	0.00000000000000e+00	1
92	90	96	98	3.00000000000000e-02	0.00000000000000e+00	0.00000000000000e+00	0.00000000000000e+00	2.26492970028905e+02	7.84499000000000e-01	1.77683508494706e+02	0.00000000000000e+00	1
92	90	98	100	3.00000000000000e-02	0.00000000000000e+00	0.00000000000000e+00	0.00000000000000e+00	5.63785393625665e+02	3.00323000000000e-01	1.69317720769841e+02	0.00000000000000e+00	1
92	90	100	102	3.00000000000000e-02	0.00000000000000e+00	0.00000000000000e+00	0.00000000000000e+00	1.14642630280160e+03	1.40725000000000e-01	1.61330841461755e+02	0.00000000000000e+00	1
92	90	102	104	3.00000000000000e-02	0.00000000000000e+00	0.00000000000000e+00	0.00000000000000e+00	1.98931968135403e+03	8.19161500000000e-02	1.62957409415749e+02	0.00000000000000e+00	1
92	90	104	106	3.00000000000000e-02	0.00000000000000e+00	0.00000000000000e+00	0.00000000000000e+00	3.19200653037503e+03	4.94850000000000e-02	1.57956443155608e+02	0.00000000000000e+00	1
92	90	106	108	3.00000000000000e-02	0.00000000000000e+00	0.00000000000000e+00	0.00000000000000e+00	4.75087556793508e+03	3.31124000000000e-02	1.57312892155694e+02	0.00000000000000e+00	1
92	89	95	98	6.12241000000000e-02	0.00000000000000e+00	0.00000000000000e+00	0.00000000000000e+00	8.48345119697051e+01	2.11767000000000e+00	1.79651500962885e+02	0.00000000000000e+00	1
92	89	98	101	3.00000000000000e-02	0.00000000000000e+00	0.00000000000000e+00	0.00000000000000e+00	3.39932085434779e+02	4.78085500000000e-01	1.62516601031129e+02	0.00000000000000e+00	1
92	89	101	104	3.00000000000000e-02	0.00000000000000e+00	0.00000000000000e+00	0.00000000000000e+00	8.54506939429959e+02	1.83344000000000e-01	1.56668720302846e+02	0.00000000000000e+00	1
92	89	104	107	3.00000000000000e-02	0.00000000000000e+00	0.00000000000000e+00	0.00000000000000e+00	1.70279133169053e+03	8.99384000000000e-02	1.53146327906116e+02	0.00000000000000e+00	1
92	89	107	110	3.00000000000000e-02	0.00000000000000e+00	0.00000000000000e+00	0.00000000000000e+00	2.95878014381989e+03	4.64278000000000e-02	1.37369652761241e+02	0.00000000000000e+00	1
92	88	96	100	4.44495300000000e-02	0.00000000000000e+00	0.00000000000000e+00	0.00000000000000e+00	1.13085016654976e+02	1.50363500000000e+00	1.70038589018005e+02	0.00000000000000e+00	1
92	88	100	104	3.00000000000000e-02	0.00000000000000e+00	0.00000000000000e+00	0.00000000000000e+00	4.56775344749833e+02	3.41620500000000e-01	1.56043821661110e+02	0.00000000000000e+00	1
92	88	104	108	3.00000000000000e-02	0.00000000000000e+00	0.00000000000000e+00	0.00000000000000e+00	1.13558735606848e+03	1.34947500000000e-01	1.53244674733051e+02	0.00000000000000e+00	1
92	87	97	102	3.45352600000000e-02	0.00000000000000e+00	0.00000000000000e+00	0.00000000000000e+00	1.41666759846568e+02	1.14131500000000e+00	1.61686398014286e+02	0.00000000000000e+00	1
92	87	102	107	3.00000000000000e-02	0.00000000000000e+00	0.00000000000000e+00	0.00000000000000e+00	5.67277909893927e+02	2.68021500000000e-01	1.52042676326635e+02	0.00000000000000e+00	1
92	86	98	104	3.00000000000000e-02	0.00000000000000e+00	0.00000000000000e+00	0.00000000000000e+00	1.70050023648649e+02	9.39800500000000e-01	1.59813097250012e+02	0.00000000000000e+00	1
92	86	104	110	3.00000000000000e-02	0.00000000000000e+00	0.00000000000000e+00	0.00000000000000e+00	6.78109179983587e+02	2.14922000000000e-01	1.45740581180433e+02	0.00000000000000e+00	1
92	85	99	106	3.00000000000000e-02	0.00000000000000e+00	0.00000000000000e+00	0.00000000000000e+00	1.98950179756594e+02	7.80291500000000e-01	1.55239134187542e+02	0.00000000000000e+00	1
93	92	94	95	2.02638750000000e-01	0.00000000000000e+00	0.00000000000000e+00	0.00000000000000e+00	2.83919388579912e+01	7.28285500000000e+00	2.06774373871616e+02	0.00000000000000e+00	1
93	92	95	96	5.27424500000000e-02	0.00000000000000e+00	0.00000000000000e+00	0.00000000000000e+00	1.13260972628362e+02	1.79884000000000e+00	2.03738368002802e+02	0.00000000000000e+00	1
93	92	96	97	3.00000000000000e-02	0.00000000000000e+00	0.00000000000000e+00	0.00000000000000e+00	2.84299431189962e+02	6.63549500000000e-01	1.88646745416383e+02	0.00000000000000e+00	1
93	92	97	98	3.00000000000000e-02	0.00000000000000e+00	0.00000000000000e+00	0.00000000000000e+00	5.70143089536569e+02	2.95468500000000e-01	1.68459323450736e+02	0.00000000000000e+00	1
93	92	98	99	3.00000000000000e-02	0.00000000000000e+00	0.00000000000000e+00	0.00000000000000e+00	9.91694520560125e+02	1.71547500000000e-01	1.70122715765788e+02	0.00000000000000e+00	1
93	92	99	100	3.00000000000000e-02	0.00000000000000e+00	0.00000000000000e+00	0.00000000000000e+00	1.58576280776284e+03	1.05648500000000e-01	1.67533461995932e+02	0.00000000000000e+00	1
93	92	100	101	3.00000000000000e-02	0.00000000000000e+00	0.00000000000000e+00	0.00000000000000e+00	2.44148853173959e+03	6.48274000000000e-02	1.58275353642495e+02	0.00000000000000e+00	1
93	91	95	97	9.90886800000000e-02	0.00000000000000e+00	0.00000000000000e+00	0.00000000000000e+00	5.66324517136990e+01	3.49283000000000e+00	1.97807526319159e+02	0.00000000000000e+00	1
93	91	97	99	3.00000000000000e-02	0.00000000000000e+00	0.00000000000000e+00	0.00000000000000e+00	2.27086786009464e+02	7.55237500000000e-01	1.71504456548822e+02	0.00000000000000e+00	1
93	91	99	101	3.00000000000000e-02	0.00000000000000e+00	0.00000000000000e+00	0.00000000000000e+00	5.70607904320683e+02	2.87827000000000e-01	1.64236361276909e+02	0.00000000000000e+00	1
93	91	101	103	3.00000000000000e-02	0.00000000000000e+00	0.00000000000000e+00	0.00000000000000e+00	1.14436179823725e+03	1.44671000000000e-01	1.65555965712781e+02	0.00000000000000e+00	1
93	91	103	105	3.00000000000000e-02	0.00000000000000e+00	0.00000000000000e+00	0.00000000000000e+00	1.99986852293565e+03	7.69918000000000e-02	1.53973477344157e+02	0.00000000000000e+00	1
93	91	105	107	3.00000000000000e-02	0.00000000000000e+00	0.00000000000000e+00	0.00000000000000e+00	3.17596713576875e+03	5.00256000000000e-02	1.58879661547113e+02	0.00000000000000e+00	1
93	91	107	109	3.00000000000000e-02	0.00000000000000e+00	0.00000000000000e+00	0.00000000000000e+00	4.79791231300114e+03	3.38004500000000e-02	1.62171595239980e+02	0.00000000000000e+00	1
93	90	96	99	6.06217300000000e-02	0.00000000000000e+00	0.00000000000000e+00	0.00000000000000e+00	8.51054615507699e+01	2.09414000000000e+00	1.78222751251929e+02	0.00000000000000e+00	1
93	90	99	102	3.00000000000000e-02	0.00000000000000e+00	0.00000000000000e+00	0.00000000000000e+00	3.42377710705308e+02	4.77079500000000e-01	1.63341387034433e+02	0.00000000000000e+00	1
93	90	102	105	3.00000000000000e-02	0.00000000000000e+00	0.00000000000000e+00	0.00000000000000e+00	8.55811133642597e+02	1.82754000000000e-01	1.56402907917719e+02	0.00000000000000e+00	1
93	90	105	108	3.00000000000000e-02	0.00000000000000e+00	0.00000000000000e+00	0.00000000000000e+00	1.70613196350307e+03	9.22791000000000e-02	1.57440322073296e+02	0.00000000000000e+00	1
93	90	108	111	3.00000000000000e-02	0.00000000000000e+00	0.00000000000000e+00	0.00000000000000e+00	2.92323819897713e+03	4.90995000000000e-02	1.43529533950678e+02	0.00000000000000e+00	1
93	89	97	101	4.32060900000000e-02	0.00000000000000e+00	0.00000000000000e+00	0.00000000000000e+00	1.13621011397118e+02	1.46086500000000e+00	1.65984958814651e+02	0.00000000000000e+00	1
93	89	101	105	3.00000000000000e-02	0.00000000000000e+00	0.00000000000000e+00	0.00000000000000e+00	4.56972903500604e+02	3.48679500000000e-01	1.59337083506139e+02	0.00000000000000e+00	1
93	89	105	109	3.00000000000000e-02	0.00000000000000e+00	0.00000000000000e+00	0.00000000000000e+00	1.13619376307587e+03	1.34501500000000e-01	1.52819765424349e+02	0.00000000000000e+00	1
93	88	98	103	3.48899000000000e-02	0.00000000000000e+00	0.00000000000000e+00	0.00000000000000e+00	1.42035107270657e+02	1.15367000000000e+00	1.63861642204938e+02	0.00000000000000e+00	1
93	88	103	108	3.00000000000000e-02	0.00000000000000e+00	0.00000000000000e+00	0.00000000000000e+00	5.69076901480893e+02	2.69673500000000e-01	1.53464959791508e+02	0.00000000000000e+00	1
93	87	99	105	3.00000000000000e-02	0.00000000000000e+00	0.00000000000000e+00	0.00000000000000e+00	1.70917512642503e+02	9.27996500000000e-01	1.58610853520949e+02	0.00000000000000e+00	1
93	87	105	111	3.00000000000000e-02	0.00000000000000e+00	0.00000000000000e+00	0.00000000000000e+00	6.75951747706031e+02	2.12597500000000e-01	1.43705651682933e+02	0.00000000000000e+00	1
93	86	100	107	3.00000000000000e-02	0.00000000000000e+00	0.00000000000000e+00	0.00000000000000e+00	1.99920071436698e+02	7.72870500000000e-01	1.54512325571316e+02	0.00000000000000e+00	1
94	93	95	96	2.61477260000000e-01	0.00000000000000e+00	0.00000000000000e+00	0.00000000000000e+00	2.83043966786534e+01	9.43942000000000e+00	2.67177088096415e+02	0.00000000000000e+00	1
94	93	96	97	5.09828500000000e-02	0.00000000000000e+00	0.00000000000000e+00	0.00000000000000e+00	1.13759162624211e+02	1.74234500000000e+00	1.98207708202482e+02	0.00000000000000e+00	1
94	93	97	98	3.00000000000000e-02	0.00000000000000e+00	0.00000000000000e+00	0.00000000000000e+00	2.85077189099442e+02	5.82190000000000e-01	1.65969088721804e+02	0.00000000000000e+00	1
94	93	98	99	3.00000000000000e-02	0.00000000000000e+00	0.00000000000000e+00	0.00000000000000e+00	5.66766601657414e+02	2.96386000000000e-01	1.67981685998834e+02	0.00000000000000e+00	1
94	93	99	100	3.00000000000000e-02	0.00000000000000e+00	0.00000000000000e+00	0.00000000000000e+00	9.91659624349610e+02	1.66421000000000e-01	1.65032986343886e+02	0.00000000000000e+00	1
94	93	100	101	3.00000000000000e-02	0.00000000000000e+00	0.00000000000000e+00	0.00000000000000e+00	1.62735838998251e+03	9.27599000000000e-02	1.50953601518939e+02	0.00000000000000e+00	1
94	93	101	102	3.00000000000000e-02	0.00000000000000e+00	0.00000000000000e+00	0.00000000000000e+00	2.41353767094881e+03	6.57547500000000e-02	1.58701566168821e+02	0.00000000000000e+00	1
94	92	96	98	9.31487900000000e-02	0.00000000000000e+00	0.00000000000000e+00	0.00000000000000e+00	5.69162119930809e+01	3.28293000000000e+00	1.86851939838445e+02	0.00000000000000e+00	1
94	92	98	100	3.00000000000000e-02	0.00000000000000e+00	0.00000000000000e+00	0.00000000000000e+00	2.26665284095403e+02	7.42231500000000e-01	1.68238113812057e+02	0.00000000000000e+00	1
94	92	100	102	3.00000000000000e-02	0.00000000000000e+00	0.00000000000000e+00	0.00000000000000e+00	5.78636167701663e+02	2.71156000000000e-01	1.56900668689312e+02	0.00000000000000e+00	1
94	92	102	104	3.00000000000000e-02	0.00000000000000e+00	0.00000000000000e+00	0.00000000000000e+00	1.14390790823072e+03	1.32863000000000e-01	1.51983036411258e+02	0.00000000000000e+00	1
94	92	104	106	3.00000000000000e-02	0.00000000000000e+00	0.00000000000000e+00	0.00000000000000e+00	2.00828561371357e+03	7.75836000000000e-02	1.55810027740108e+02	0.00000000000000e+00	1
94	92	106	108	3.00000000000000e-02	0.00000000000000e+00	0.00000000000000e+00	0.00000000000000e+00	3.18450246298765e+03	4.99759500000000e-02	1.59148535865148e+02	0.00000000000000e+00	1
94	92	108	110	3.00000000000000e-02	0.00000000000000e+00	0.00000000000000e+00	0.00000000000000e+00	4.70440322577062e+03	3.02633500000000e-02	1.42371001362625e+02	0.00000000000000e+00	1
94	91	97	100	5.74900600000000e-02	0.00000000000000e+00	0.00000000000000e+00	0.00000000000000e+00	8.51974469206832e+01	1.98033000000000e+00	1.68719060060437e+02	0.00000000000000e+00	1
94	91	100	103	3.00000000000000e-02	0.00000000000000e+00	0.00000000000000e+00	0.00000000000000e+00	3.45614581275683e+02	4.58856500000000e-01	1.58587497113125e+02	0.00000000000000e+00	1
94	91	103	106	3.00000000000000e-02	0.00000000000000e+00	0.00000000000000e+00	0.00000000000000e+00	8.57977508711798e+02	1.81380500000000e-01	1.55620389518900e+02	0.00000000000000e+00	1
94	91	106	109	3.00000000000000e-02	0.00000000000000e+00	0.00000000000000e+00	0.00000000000000e+00	1.70261435697540e+03	8.97524500000000e-02	1.52813809943717e+02	0.00000000000000e+00	1
94	90	98	102	4.30765400000000e-02	0.00000000000000e+00	0.00000000000000e+00	0.00000000000000e+00	1.13817518033845e+02	1.45366500000000e+00	1.65452542352670e+02	0.00000000000000e+00	1
94	90	102	106	3.00000000000000e-02	0.00000000000000e+00	0.00000000000000e+00	0.00000000000000e+00	4.57017426220467e+02	3.40990000000000e-01	1.55838372166917e+02	0.00000000000000e+00	1
94	90	106	110	3.00000000000000e-02	0.00000000000000e+00	0.00000000000000e+00	0.00000000000000e+00	1.12799679455461e+03	1.32464000000000e-01	1.49418967393882e+02	0.00000000000000e+00	1
94	89	99	104	3.38050000000000e-02	0.00000000000000e+00	0.00000000000000e+00	0.00000000000000e+00	1.42792141360028e+02	1.11470000000000e+00	1.59170399974023e+02	0.00000000000000e+00	1
94	89	104	109	3.00000000000000e-02	0.00000000000000e+00	0.00000000000000e+00	0.00000000000000e+00	5.69751502740245e+02	2.68978000000000e-01	1.53250619704066e+02	0.00000000000000e+00	1
94	88	100	106	3.00000000000000e-02	0.00000000000000e+00	0.00000000000000e+00	0.00000000000000e+00	1.72054151725421e+02	9.06279500000000e-01	1.55929150598638e+02	0.00000000000000e+00	1
94	87	101	108	3.00000000000000e-02	0.00000000000000e+00	0.00000000000000e+00	0.00000000000000e+00	1.99646665477514e+02	7.77919500000000e-01	1.55309034184935e+02	0.00000000000000e+00	1
95	94	96	97	3.09641080000000e-01	0.00000000000000e+00	0.00000000000000e+00	0.00000000000000e+00	2.86090464066862e+01	1.11912500000000e+01	3.20170990598827e+02	0.00000000000000e+00	1
95	94	97	98	4.65114400000000e-02	0.00000000000000e+00	0.00000000000000e+00	0.00000000000000e+00	1.14535592620100e+02	1.57876000000000e+00	1.80824212204910e+02	0.00000000000000e+00	1
95	94	98	99	3.00000000000000e-02	0.00000000000000e+00	0.00000000000000e+00	0.00000000000000e+00	2.84328938783102e+02	6.04718000000000e-01	1.71938827203040e+02	0.00000000000000e+00	1
95	94	99	100	3.00000000000000e-02	0.00000000000000e+00	0.00000000000000e+00	0.00000000000000e+00	5.68938428091400e+02	2.84997000000000e-01	1.62145745190765e+02	0.00000000000000e+00	1
95	94	100	101	3.00000000000000e-02	0.00000000000000e+00	0.00000000000000e+00	0.00000000000000e+00	1.02302099061764e+03	1.44375500000000e-01	1.47699167030917e+02	0.00000000000000e+00	1
95	94	101	102	3.00000000000000e-02	0.00000000000000e+00	0.00000000000000e+00	0.00000000000000e+00	1.61472268615513e+03	9.73940000000000e-02	1.57264301295392e+02	0.00000000000000e+00	1
95	94	102	103	3.00000000000000e-02	0.00000000000000e+00	0.00000000000000e+00	0.00000000000000e+00	2.40879195736624e+03	6.09662000000000e-02	1.46854892231182e+02	0.00000000000000e+00	1
95	93	97	99	8.70828900000000e-02	0.00000000000000e+00	0.00000000000000e+00	0.00000000000000e+00	5.70770384783337e+01	3.06045500000000e+00	1.74681707796209e+02	0.00000000000000e+00	1
95	93	99	101	3.00000000000000e-02	0.00000000000000e+00	0.00000000000000e+00	0.00000000000000e+00	2.29459907525386e+02	6.90403500000000e-01	1.58419923265203e+02	0.00000000000000e+00	1
95	93	101	103	3.00000000000000e-02	0.00000000000000e+00	0.00000000000000e+00	0.00000000000000e+00	5.74648075679307e+02	2.68117000000000e-01	1.54072918106909e+02	0.00000000000000e+00	1
95	93	103	105	3.00000000000000e-02	0.00000000000000e+00	0.00000000000000e+00	0.00000000000000e+00	1.14664954830616e+03	1.28763500000000e-01	1.47646609113320e+02	0.00000000000000e+00	1
95	93	105	107	3.00000000000000e-02	0.00000000000000e+00	0.00000000000000e+00	0.00000000000000e+00	1.99080409510941e+03	7.41898500000000e-02	1.47697457195553e+02	0.00000000000000e+00	1
95	93	107	109	3.00000000000000e-02	0.00000000000000e+00	0.00000000000000e+00	0.00000000000000e+00	3.21010196227564e+03	4.78812000000000e-02	1.53703534076112e+02	0.00000000000000e+00	1
95	93	109	111	3.00000000000000e-02	0.00000000000000e+00	0.00000000000000e+00	0.00000000000000e+00	4.64557832789367e+03	2.76086500000000e-02	1.28258146102401e+02	0.00000000000000e+00	1
95	92	98	101	5.62597800000000e-02	0.00000000000000e+00	0.00000000000000e+00	0.00000000000000e+00	8.55572494344056e+01	1.93549500000000e+00	1.65595628494045e+02	0.00000000000000e+00	1
95	92	101	104	3.00000000000000e-02	0.00000000000000e+00	0.00000000000000e+00	0.00000000000000e+00	3.44393165872351e+02	4.47195500000000e-01	1.54011074008869e+02	0.00000000000000e+00	1
95	92	104	107	3.00000000000000e-02	0.00000000000000e+00	0.00000000000000e+00	0.00000000000000e+00	8.56859339230560e+02	1.77783500000000e-01	1.52335452336096e+02	0.00000000000000e+00	1
95	92	107	110	3.00000000000000e-02	0.00000000000000e+00	0.00000000000000e+00	0.00000000000000e+00	1.70169567103510e+03	8.72927500000000e-02	1.48545694787749e+02	0.00000000000000e+00	1
95	91	99	103	4.15046300000000e-02	0.00000000000000e+00	0.00000000000000e+00	0.00000000000000e+00	1.14618149697213e+02	1.39526000000000e+00	1.59922119546533e+02	0.00000000000000e+00	1
95	91	103	107	3.00000000000000e-02	0.00000000000000e+00	0.00000000000000e+00	0.00000000000000e+00	4.56764243144008e+02	3.33690500000000e-01	1.52417888676846e+02	0.00000000000000e+00	1
95	91	107	111	3.00000000000000e-02	0.00000000000000e+00	0.00000000000000e+00	0.00000000000000e+00	1.12830517250344e+03	1.25808500000000e-01	1.41950381294899e+02	0.00000000000000e+00	1
95	90	100	105	3.27282000000000e-02	0.00000000000000e+00	0.00000000000000e+00	0.00000000000000e+00	1.44000326348687e+02	1.07544000000000e+00	1.54863710968432e+02	0.00000000000000e+00	1
95	90	105	110	3.00000000000000e-02	0.00000000000000e+00	0.00000000000000e+00	0.00000000000000e+00	5.66993119210338e+02	2.65172000000000e-01	1.50350699407244e+02	0.00000000000000e+00	1
95	89	101	107	3.00000000000000e-02	0.00000000000000e+00	0.00000000000000e+00	0.00000000000000e+00	1.71578168762448e+02	9.02794000000000e-01	1.54899741289726e+02	0.00000000000000e+00	1
95	88	102	109	3.00000000000000e-02	0.00000000000000e+00	0.00000000000000e+00	0.00000000000000e+00	1.99670417097294e+02	7.61270000000000e-01	1.52003098423657e+02	0.00000000000000e+00	1
96	95	97	98	2.35377980000000e-01	0.00000000000000e+00	0.00000000000000e+00	0.00000000000000e+00	2.84998089399736e+01	8.47888500000000e+00	2.41646602524008e+02	0.00000000000000e+00	1
96	95	98	99	4.95771800000000e-02	0.00000000000000e+00	0.00000000000000e+00	0.00000000000000e+00	1.13322088685273e+02	1.69055500000000e+00	1.91577223637332e+02	0.00000000000000e+00	1
96	95	99	100	3.00000000000000e-02	0.00000000000000e+00	0.00000000000000e+00	0.00000000000000e+00	2.83707154617686e+02	5.73199500000000e-01	1.62620799173280e+02	0.00000000000000e+00	1
96	95	100	101	3.00000000000000e-02	0.00000000000000e+00	0.00000000000000e+00	0.00000000000000e+00	5.81452805956158e+02	2.63700500000000e-01	1.53329395657042e+02	0.00000000000000e+00	1
96	95	101	102	3.00000000000000e-02	0.00000000000000e+00	0.00000000000000e+00	0.00000000000000e+00	1.00362248675949e+03	1.65170500000000e-01	1.65768827949308e+02	0.00000000000000e+00	1
96	95	102	103	3.00000000000000e-02	0.00000000000000e+00	0.00000000000000e+00	0.00000000000000e+00	1.59755967239669e+03	9.25554500000000e-02	1.47862854380528e+02	0.00000000000000e+00	1
96	95	103	104	3.00000000000000e-02	0.00000000000000e+00	0.00000000000000e+00	0.00000000000000e+00	2.39410944352981e+03	5.89704500000000e-02	1.41181711234202e+02	0.00000000000000e+00	1
96	94	98	100	8.96583500000000e-02	0.00000000000000e+00	0.00000000000000e+00	0.00000000000000e+00	5.67411979466525e+01	3.15408500000000e+00	1.78966561325568e+02	0.00000000000000e+00	1
96	94	100	102	3.00000000000000e-02	0.00000000000000e+00	0.00000000000000e+00	0.00000000000000e+00	2.31856151304534e+02	6.72221000000000e-01	1.55858573886085e+02	0.00000000000000e+00	1
96	94	102	104	3.00000000000000e-02	0.00000000000000e+00	0.00000000000000e+00	0.00000000000000e+00	5.71531672536835e+02	2.54224000000000e-01	1.45297067919004e+02	0.00000000000000e+00	1
96	94	104	106	3.00000000000000e-02	0.00000000000000e+00	0.00000000000000e+00	0.00000000000000e+00	1.14612345239789e+03	1.32715000000000e-01	1.52107773984986e+02	0.00000000000000e+00	1
96	94	106	108	3.00000000000000e-02	0.00000000000000e+00	0.00000000000000e+00	0.00000000000000e+00	1.98845523976803e+03	7.08681000000000e-02	1.40918044777405e+02	0.00000000000000e+00	1
96	93	99	102	5.40985600000000e-02	0.00000000000000e+00	0.00000000000000e+00	0.00000000000000e+00	8.59647673011472e+01	1.85597500000000e+00	1.59548458991747e+02	0.00000000000000e+00	1
96	93	102	105	3.00000000000000e-02	0.00000000000000e+00	0.00000000000000e+00	0.00000000000000e+00	3.43211796156787e+02	4.31537500000000e-01	1.48108760484010e+02	0.00000000000000e+00	1
96	93	105	108	3.00000000000000e-02	0.00000000000000e+00	0.00000000000000e+00	0.00000000000000e+00	8.55105540863247e+02	1.75336500000000e-01	1.49931212665569e+02	0.00000000000000e+00	1
96	93	108	111	3.00000000000000e-02	0.00000000000000e+00	0.00000000000000e+00	0.00000000000000e+00	1.67561898657307e+03	8.25718500000000e-02	1.38358959616463e+02	0.00000000000000e+00	1
96	92	100	104	3.97752600000000e-02	0.00000000000000e+00	0.00000000000000e+00	0.00000000000000e+00	1.15405459795649e+02	1.33389500000000e+00	1.53938765794117e+02	0.00000000000000e+00	1
96	92	104	108	3.00000000000000e-02	0.00000000000000e+00	0.00000000000000e+00	0.00000000000000e+00	4.57170601967478e+02	3.32992500000000e-01	1.52234381675656e+02	0.00000000000000e+00	1
96	91	101	106	3.31410300000000e-02	0.00000000000000e+00	0.00000000000000e+00	0.00000000000000e+00	1.43204677294715e+02	1.09000000000000e+00	1.56093098251239e+02	0.00000000000000e+00	1
96	91	106	111	3.00000000000000e-02	0.00000000000000e+00	0.00000000000000e+00	0.00000000000000e+00	5.63329519891902e+02	2.55884000000000e-01	1.44147010868020e+02	0.00000000000000e+00	1
96	90	102	108	3.00000000000000e-02	0.00000000000000e+00	0.00000000000000e+00	0.00000000000000e+00	1.71300273401111e+02	8.83939500000000e-01	1.51419078020041e+02	0.00000000000000e+00	1
96	89	103	110	3.00000000000000e-02	0.00000000000000e+00	0.00000000000000e+00	0.00000000000000e+00	1.99181666845017e+02	7.44705000000000e-01	1.48331583207818e+02	0.00000000000000e+00	1
97	96	98	99	2.83133470000000e-01	0.00000000000000e+00	0.00000000000000e+00	0.00000000000000e+00	2.83603493513993e+01	1.02228000000000e+01	2.89922179349485e+02	0.00000000000000e+00	1
97	96	99	100	5.02430600000000e-02	0.00000000000000e+00	0.00000000000000e+00	0.00000000000000e+00	1.13918682508377e+02	1.71505500000000e+00	1.95376806029404e+02	0.00000000000000e+00	1
97	96	100	101	3.00000000000000e-02	0.00000000000000e+00	0.00000000000000e+00	0.00000000000000e+00	2.92279253883972e+02	5.62194000000000e-01	1.64317642858046e+02	0.00000000000000e+00	1
97	96	101	102	3.00000000000000e-02	0.00000000000000e+00	0.00000000000000e+00	0.00000000000000e+00	5.74755036461986e+02	2.86207500000000e-01	1.64499202098194e+02	0.00000000000000e+00	1
97	96	102	103	3.00000000000000e-02	0.00000000000000e+00	0.00000000000000e+00	0.00000000000000e+00	1.00012027356756e+03	1.59345500000000e-01	1.59364665051760e+02	0.00000000000000e+00	1
97	96	103	104	3.00000000000000e-02	0.00000000000000e+00	0.00000000000000e+00	0.00000000000000e+00	1.59870067951022e+03	9.13947500000000e-02	1.46112848928667e+02	0.00000000000000e+00	1
97	96	104	105	3.00000000000000e-02	0.00000000000000e+00	0.00000000000000e+00	0.00000000000000e+00	2.40702122222644e+03	6.40339500000000e-02	1.54131076592987e+02	0.00000000000000e+00	1
97	95	99	101	8.85567900000000e-02	0.00000000000000e+00	0.00000000000000e+00	0.00000000000000e+00	5.73257484158890e+01	3.11425000000000e+00	1.78526712004182e+02	0.00000000000000e+00	1
97	95	101	103	3.00000000000000e-02	0.00000000000000e+00	0.00000000000000e+00	0.00000000000000e+00	2.29247554312128e+02	7.00446000000000e-01	1.60575532427713e+02	0.00000000000000e+00	1
97	95	103	105	3.00000000000000e-02	0.00000000000000e+00	0.00000000000000e+00	0.00000000000000e+00	5.71432922422287e+02	2.59467000000000e-01	1.48267986082143e+02	0.00000000000000e+00	1
97	95	105	107	3.00000000000000e-02	0.00000000000000e+00	0.00000000000000e+00	0.00000000000000e+00	1.13471982947277e+03	1.34333000000000e-01	1.52430318852566e+02	0.00000000000000e+00	1
97	95	107	109	3.00000000000000e-02	0.00000000000000e+00	0.00000000000000e+00	0.00000000000000e+00	2.00076078027396e+03	7.26940500000000e-02	1.45443404199274e+02	0.00000000000000e+00	1
97	94	100	103	5.34879800000000e-02	0.00000000000000e+00	0.00000000000000e+00	0.00000000000000e+00	8.68413133374217e+01	1.83345000000000e+00	1.59219205938496e+02	0.00000000000000e+00	1
97	94	103	106	3.00000000000000e-02	0.00000000000000e+00	0.00000000000000e+00	0.00000000000000e+00	3.43245652902735e+02	4.33592500000000e-01	1.48828740756229e+02	0.00000000000000e+00	1
97	94	106	109	3.00000000000000e-02	0.00000000000000e+00	0.00000000000000e+00	0.00000000000000e+00	8.51719106557209e+02	1.78049000000000e-01	1.51647735203404e+02	0.00000000000000e+00	1
97	93	101	105	4.04981100000000e-02	0.00000000000000e+00	0.00000000000000e+00	0.00000000000000e+00	1.14621260817659e+02	1.35845000000000e+00	1.55707251757749e+02	0.00000000000000e+00	1
97	93	105	109	3.00000000000000e-02	0.00000000000000e+00	0.00000000000000e+00	0.00000000000000e+00	4.55599366514253e+02	3.32597500000000e-01	1.51531210304224e+02	0.00000000000000e+00	1
97	92	102	107	3.22999900000000e-02	0.00000000000000e+00	0.00000000000000e+00	0.00000000000000e+00	1.42767757482018e+02	1.05938000000000e+00	1.51245306921300e+02	0.00000000000000e+00	1
97	91	103	109	3.00000000000000e-02	0.00000000000000e+00	0.00000000000000e+00	0.00000000000000e+00	1.71223343372238e+02	8.78759500000000e-01	1.50464139610116e+02	0.00000000000000e+00	1
97	90	104	111	3.00000000000000e-02	0.00000000000000e+00	0.00000000000000e+00	0.00000000000000e+00	1.98714544151751e+02	7.53974000000000e-01	1.49825599712272e+02	0.00000000000000e+00	1
98	97	99	100	2.55711380000000e-01	0.00000000000000e+00	0.00000000000000e+00	0.00000000000000e+00	2.88100476399098e+01	9.22007500000000e+00	2.65630799993541e+02	0.00000000000000e+00	1
98	97	100	101	4.61407500000000e-02	0.00000000000000e+00	0.00000000000000e+00	0.00000000000000e+00	1.18260241391864e+02	1.56527500000000e+00	1.85109799344650e+02	0.00000000000000e+00	1
98	97	101	102	3.00000000000000e-02	0.00000000000000e+00	0.00000000000000e+00	0.00000000000000e+00	2.88510827012792e+02	5.97944000000000e-01	1.72513317947337e+02	0.00000000000000e+00	1
98	97	102	103	3.00000000000000e-02	0.00000000000000e+00	0.00000000000000e+00	0.00000000000000e+00	5.73032373716671e+02	2.72497000000000e-01	1.56149602740672e+02	0.00000000000000e+00	1
98	97	103	104	3.00000000000000e-02	0.00000000000000e+00	0.00000000000000e+00	0.00000000000000e+00	1.00169532713442e+03	1.44753500000000e-01	1.44998904536353e+02	0.00000000000000e+00	1
98	97	104	105	3.00000000000000e-02	0.00000000000000e+00	0.00000000000000e+00	0.00000000000000e+00	1.60882762461064e+03	9.60652500000000e-02	1.54552427965128e+02	0.00000000000000e+00	1
98	97	105	106	3.00000000000000e-02	0.00000000000000e+00	0.00000000000000e+00	0.00000000000000e+00	2.40847895753197e+03	6.21347500000000e-02	1.49650237906510e+02	0.00000000000000e+00	1
98	96	100	102	8.56755300000000e-02	0.00000000000000e+00	0.00000000000000e+00	0.00000000000000e+00	5.85368405700085e+01	3.00954000000000e+00	1.76168963169063e+02	0.00000000000000e+00	1
98	96	102	104	3.00000000000000e-02	0.00000000000000e+00	0.00000000000000e+00	0.00000000000000e+00	2.28895945743746e+02	6.66311500000000e-01	1.52516000952434e+02	0.00000000000000e+00	1
98	96	104	106	3.00000000000000e-02	0.00000000000000e+00	0.00000000000000e+00	0.00000000000000e+00	5.73546515098684e+02	2.65898000000000e-01	1.52504871271710e+02	0.00000000000000e+00	1
98	96	106	108	3.00000000000000e-02	0.00000000000000e+00	0.00000000000000e+00	0.00000000000000e+00	1.13717677079065e+03	1.35707000000000e-01	1.54322848033687e+02	0.00000000000000e+00	1
98	96	108	110	3.00000000000000e-02	0.00000000000000e+00	0.00000000000000e+00	0.00000000000000e+00	1.96378879077327e+03	7.82942000000000e-02	1.53753272342560e+02	0.00000000000000e+00	1
98	95	101	104	5.44747700000000e-02	0.00000000000000e+00	0.00000000000000e+00	0.00000000000000e+00	8.60971925392953e+01	1.86950000000000e+00	1.60958701452213e+02	0.00000000000000e+00	1
98	95	104	107	3.00000000000000e-02	0.00000000000000e+00	0.00000000000000e+00	0.00000000000000e+00	3.42352166279788e+02	4.44780500000000e-01	1.52271567694007e+02	0.00000000000000e+00	1
98	95	107	110	3.00000000000000e-02	0.00000000000000e+00	0.00000000000000e+00	0.00000000000000e+00	8.50938971265183e+02	1.78435000000000e-01	1.51837295337703e+02	0.00000000000000e+00	1
98	94	102	106	3.95659700000000e-02	0.00000000000000e+00	0.00000000000000e+00	0.00000000000000e+00	1.14488184842105e+02	1.32440000000000e+00	1.51628152004884e+02	0.00000000000000e+00	1
98	94	106	110	3.00000000000000e-02	0.00000000000000e+00	0.00000000000000e+00	0.00000000000000e+00	4.52432554583324e+02	3.31758000000000e-01	1.50098119443454e+02	0.00000000000000e+00	1
98	93	103	108	3.18305000000000e-02	0.00000000000000e+00	0.00000000000000e+00	0.00000000000000e+00	1.42912188643615e+02	1.04328000000000e+00	1.49097428168110e+02	0.00000000000000e+00	1
98	92	104	110	3.00000000000000e-02	0.00000000000000e+00	0.00000000000000e+00	0.00000000000000e+00	1.70915539995463e+02	8.86919500000000e-01	1.51588325275006e+02	0.00000000000000e+00	1
99	98	100	101	2.07918760000000e-01	0.00000000000000e+00	0.00000000000000e+00	0.00000000000000e+00	2.93616590899517e+01	7.47631500000000e+00	2.19517012279092e+02	0.00000000000000e+00	1
99	98	101	102	4.68714700000000e-02	0.00000000000000e+00	0.00000000000000e+00	0.00000000000000e+00	1.14014033411452e+02	1.59145000000000e+00	1.81447633472655e+02	0.00000000000000e+00	1
99	98	102	103	3.00000000000000e-02	0.00000000000000e+00	0.00000000000000e+00	0.00000000000000e+00	2.83543497442082e+02	5.63482500000000e-01	1.59771798797408e+02	0.00000000000000e+00	1
99	98	103	104	3.00000000000000e-02	0.00000000000000e+00	0.00000000000000e+00	0.00000000000000e+00	5.66843204091175e+02	2.55039000000000e-01	1.44567123928209e+02	0.00000000000000e+00	1
99	98	104	105	3.00000000000000e-02	0.00000000000000e+00	0.00000000000000e+00	0.00000000000000e+00	9.95196864006635e+02	1.51599000000000e-01	1.50870849386542e+02	0.00000000000000e+00	1
99	98	105	106	3.00000000000000e-02	0.00000000000000e+00	0.00000000000000e+00	0.00000000000000e+00	1.58999000536892e+03	9.60886500000000e-02	1.52779993129392e+02	0.00000000000000e+00	1
99	98	106	107	3.00000000000000e-02	0.00000000000000e+00	0.00000000000000e+00	0.00000000000000e+00	2.34957514718787e+03	6.45493000000000e-02	1.51663431048374e+02	0.00000000000000e+00	1
99	97	101	103	8.62044200000000e-02	0.00000000000000e+00	0.00000000000000e+00	0.00000000000000e+00	5.71140637985205e+01	3.02810500000000e+00	1.72947382158619e+02	0.00000000000000e+00	1
99	97	103	105	3.00000000000000e-02	0.00000000000000e+00	0.00000000000000e+00	0.00000000000000e+00	2.27849560929828e+02	6.50554500000000e-01	1.48228557185924e+02	0.00000000000000e+00	1
99	97	105	107	3.00000000000000e-02	0.00000000000000e+00	0.00000000000000e+00	0.00000000000000e+00	5.66289851136915e+02	2.66805000000000e-01	1.51088963732585e+02	0.00000000000000e+00	1
99	97	107	109	3.00000000000000e-02	0.00000000000000e+00	0.00000000000000e+00	0.00000000000000e+00	1.14176714834257e+03	1.37448500000000e-01	1.56934181888964e+02	0.00000000000000e+00	1
99	97	109	111	3.00000000000000e-02	0.00000000000000e+00	0.00000000000000e+00	0.00000000000000e+00	1.93602339654759e+03	7.14085500000000e-02	1.38248623513539e+02	0.00000000000000e+00	1
99	96	102	105	5.25854900000000e-02	0.00000000000000e+00	0.00000000000000e+00	0.00000000000000e+00	8.54584165303447e+01	1.80020000000000e+00	1.53842241437926e+02	0.00000000000000e+00	1
99	96	105	108	3.00000000000000e-02	0.00000000000000e+00	0.00000000000000e+00	0.00000000000000e+00	3.41086850345274e+02	4.47826000000000e-01	1.52747559842723e+02	0.00000000000000e+00	1
99	96	108	111	3.00000000000000e-02	0.00000000000000e+00	0.00000000000000e+00	0.00000000000000e+00	8.38006296764339e+02	1.72423500000000e-01	1.44491978710146e+02	0.00000000000000e+00	1
99	95	103	107	3.90848000000000e-02	0.00000000000000e+00	0.00000000000000e+00	0.00000000000000e+00	1.13817405831518e+02	1.30802000000000e+00	1.48875443175743e+02	0.00000000000000e+00	1
99	95	107	111	3.00000000000000e-02	0.00000000000000e+00	0.00000000000000e+00	0.00000000000000e+00	4.51444001814081e+02	3.25987000000000e-01	1.47164875819367e+02	0.00000000000000e+00	1
99	94	104	109	3.25472200000000e-02	0.00000000000000e+00	0.00000000000000e+00	0.00000000000000e+00	1.42420074305258e+02	1.06940000000000e+00	1.52304027462043e+02	0.00000000000000e+00	1
99	93	105	111	3.00000000000000e-02	0.00000000000000e+00	0.00000000000000e+00	0.00000000000000e+00	1.69740274448534e+02	8.77737500000000e-01	1.48987404143770e+02	0.00000000000000e+00	1
100	99	101	102	2.17558700000000e-01	0.00000000000000e+00	0.00000000000000e+00	0.00000000000000e+00	2.81068620557426e+01	7.82545000000000e+00	2.19948843674111e+02	0.00000000000000e+00	1
100	99	102	103	4.49755900000000e-02	0.00000000000000e+00	0.00000000000000e+00	0.00000000000000e+00	1.12338240724657e+02	1.52372500000000e+00	1.71172585848178e+02	0.00000000000000e+00	1
100	99	103	104	3.00000000000000e-02	0.00000000000000e+00	0.00000000000000e+00	0.00000000000000e+00	2.81084903907329e+02	5.56387500000000e-01	1.56392126972739e+02	0.00000000000000e+00	1
100	99	104	105	3.00000000000000e-02	0.00000000000000e+00	0.00000000000000e+00	0.00000000000000e+00	5.63950153713709e+02	2.73609000000000e-01	1.54301837607454e+02	0.00000000000000e+00	1
100	99	105	106	3.00000000000000e-02	0.00000000000000e+00	0.00000000000000e+00	0.00000000000000e+00	9.86381125481897e+02	1.58425500000000e-01	1.56267922995032e+02	0.00000000000000e+00	1
100	99	106	107	3.00000000000000e-02	0.00000000000000e+00	0.00000000000000e+00	0.00000000000000e+00	1.55992748677345e+03	9.80597000000000e-02	1.52966021374758e+02	0.00000000000000e+00	1
100	99	107	108	3.00000000000000e-02	0.00000000000000e+00	0.00000000000000e+00	0.00000000000000e+00	2.38463137004944e+03	6.42126500000000e-02	1.53123499544005e+02	0.00000000000000e+00	1
100	98	102	104	8.27339200000000e-02	0.00000000000000e+00	0.00000000000000e+00	0.00000000000000e+00	5.63371260718150e+01	2.90152500000000e+00	1.63463579725523e+02	0.00000000000000e+00	1
100	98	104	106	3.00000000000000e-02	0.00000000000000e+00	0.00000000000000e+00	0.00000000000000e+00	2.26204714112808e+02	6.80551000000000e-01	1.53943844394186e+02	0.00000000000000e+00	1
100	98	106	108	3.00000000000000e-02	0.00000000000000e+00	0.00000000000000e+00	0.00000000000000e+00	5.62622504697987e+02	2.69035500000000e-01	1.51365426862675e+02	0.00000000000000e+00	1
100	98	108	110	3.00000000000000e-02	0.00000000000000e+00	0.00000000000000e+00	0.00000000000000e+00	1.11418229021091e+03	1.35975000000000e-01	1.51500936911429e+02	0.00000000000000e+00	1
100	97	103	106	5.25099100000000e-02	0.00000000000000e+00	0.00000000000000e+00	0.00000000000000e+00	8.49065631952784e+01	1.79668000000000e+00	1.52549923961693e+02	0.00000000000000e+00	1
100	97	106	109	3.00000000000000e-02	0.00000000000000e+00	0.00000000000000e+00	0.00000000000000e+00	3.38414540688895e+02	4.52730000000000e-01	1.53210415006083e+02	0.00000000000000e+00	1
100	96	104	108	4.02145900000000e-02	0.00000000000000e+00	0.00000000000000e+00	0.00000000000000e+00	1.13364886247317e+02	1.34960000000000e+00	1.52997250479379e+02	0.00000000000000e+00	1
100	95	105	110	3.27736400000000e-02	0.00000000000000e+00	0.00000000000000e+00	0.00000000000000e+00	1.41134589324072e+02	1.07737000000000e+00	1.52054172500075e+02	0.00000000000000e+00	1
101	100	102	103	1.90613220000000e-01	0.00000000000000e+00	0.00000000000000e+00	0.00000000000000e+00	2.84858249706879e+01	6.84315000000000e+00	1.94932773148163e+02	0.00000000000000e+00	1
101	100	103	104	3.87380400000000e-02	0.00000000000000e+00	0.00000000000000e+00	0.00000000000000e+00	1.14384958093125e+02	1.29659500000000e+00	1.48310964738755e+02	0.00000000000000e+00	1
101	100	104	105	3.00000000000000e-02	0.00000000000000e+00	0.00000000000000e+00	0.00000000000000e+00	2.87804416624474e+02	5.17179000000000e-01	1.48846400385429e+02	0.00000000000000e+00	1
101	100	105	106	3.00000000000000e-02	0.00000000000000e+00	0.00000000000000e+00	0.00000000000000e+00	5.75061981123921e+02	2.55310500000000e-01	1.46819361931739e+02	0.00000000000000e+00	1
101	100	106	107	3.00000000000000e-02	0.00000000000000e+00	0.00000000000000e+00	0.00000000000000e+00	9.88230055074962e+02	1.42541000000000e-01	1.40863300280440e+02	0.00000000000000e+00	1
101	100	107	108	3.00000000000000e-02	0.00000000000000e+00	0.00000000000000e+00	0.00000000000000e+00	1.63278569637517e+03	8.80858000000000e-02	1.43825234293764e+02	0.00000000000000e+00	1
101	100	108	109	3.00000000000000e-02	0.00000000000000e+00	0.00000000000000e+00	0.00000000000000e+00	2.40523650591758e+03	6.11166500000000e-02	1.46999997699388e+02	0.00000000000000e+00	1
101	99	103	105	7.56496700000000e-02	0.00000000000000e+00	0.00000000000000e+00	0.00000000000000e+00	5.69870695918968e+01	2.64364000000000e+00	1.50653296655922e+02	0.00000000000000e+00	1
101	99	105	107	3.00000000000000e-02	0.00000000000000e+00	0.00000000000000e+00	0.00000000000000e+00	2.26977890056168e+02	6.54663500000000e-01	1.48594139926786e+02	0.00000000000000e+00	1
101	99	107	109	3.00000000000000e-02	0.00000000000000e+00	0.00000000000000e+00	0.00000000000000e+00	5.73220548876889e+02	2.58617500000000e-01	1.48244865299169e+02	0.00000000000000e+00	1
101	99	109	111	3.00000000000000e-02	0.00000000000000e+00	0.00000000000000e+00	0.00000000000000e+00	1.11053581204811e+03	1.20996000000000e-01	1.34370391114574e+02	0.00000000000000e+00	1
101	98	104	107	5.14020600000000e-02	0.00000000000000e+00	0.00000000000000e+00	0.00000000000000e+00	8.53761453331445e+01	1.75815000000000e+00	1.50104069917468e+02	0.00000000000000e+00	1
101	98	107	110	3.00000000000000e-02	0.00000000000000e+00	0.00000000000000e+00	0.00000000000000e+00	3.40584241080837e+02	4.31382500000000e-01	1.46922081378054e+02	0.00000000000000e+00	1
101	97	105	109	3.93410700000000e-02	0.00000000000000e+00	0.00000000000000e+00	0.00000000000000e+00	1.13740278962972e+02	1.31723000000000e+00	1.49822107658396e+02	0.00000000000000e+00	1
101	96	106	111	3.15922300000000e-02	0.00000000000000e+00	0.00000000000000e+00	0.00000000000000e+00	1.41091016719638e+02	1.03457000000000e+00	1.45968533167636e+02	0.00000000000000e+00	1
102	101	103	104	2.26491910000000e-01	0.00000000000000e+00	0.00000000000000e+00	0.00000000000000e+00	2.86347788792452e+01	8.15772000000000e+00	2.33594508358796e+02	0.00000000000000e+00	1
102	101	104	105	4.80979000000000e-02	0.00000000000000e+00	0.00000000000000e+00	0.00000000000000e+00	1.15080986329831e+02	1.63788000000000e+00	1.88488845889904e+02	0.00000000000000e+00	1
102	101	105	106	3.00000000000000e-02	0.00000000000000e+00	0.00000000000000e+00	0.00000000000000e+00	2.87010813645750e+02	6.10929000000000e-01	1.75343229369784e+02	0.00000000000000e+00	1
102	101	106	107	3.00000000000000e-02	0.00000000000000e+00	0.00000000000000e+00	0.00000000000000e+00	5.64333990960616e+02	2.90850500000000e-01	1.64136823437891e+02	0.00000000000000e+00	1
102	101	107	108	3.00000000000000e-02	0.00000000000000e+00	0.00000000000000e+00	0.00000000000000e+00	1.01860493427448e+03	1.67691500000000e-01	1.70811389335889e+02	0.00000000000000e+00	1
102	101	108	109	3.00000000000000e-02	0.00000000000000e+00	0.00000000000000e+00	0.00000000000000e+00	1.60098269463848e+03	1.04436000000000e-01	1.67200228697265e+02	0.00000000000000e+00	1
102	101	109	110	3.00000000000000e-02	0.00000000000000e+00	0.00000000000000e+00	0.00000000000000e+00	2.33636330856739e+03	6.51925000000000e-02	1.52313364993780e+02	0.00000000000000e+00	1
102	100	104	106	8.59365800000000e-02	0.00000000000000e+00	0.00000000000000e+00	0.00000000000000e+00	5.75134181894157e+01	3.01996500000000e+00	1.73688509962399e+02	0.00000000000000e+00	1
102	100	106	108	3.00000000000000e-02	0.00000000000000e+00	0.00000000000000e+00	0.00000000000000e+00	2.28409815899704e+02	6.92223000000000e-01	1.58110527991541e+02	0.00000000000000e+00	1
102	100	108	110	3.00000000000000e-02	0.00000000000000e+00	0.00000000000000e+00	0.00000000000000e+00	5.65589326480797e+02	2.70429500000000e-01	1.52952038765539e+02	0.00000000000000e+00	1
102	99	105	108	5.45951400000000e-02	0.00000000000000e+00	0.00000000000000e+00	0.00000000000000e+00	8.56498608682092e+01	1.87513000000000e+00	1.60604623609805e+02	0.00000000000000e+00	1
102	99	108	111	3.00000000000000e-02	0.00000000000000e+00	0.00000000000000e+00	0.00000000000000e+00	3.37623245936881e+02	4.39755000000000e-01	1.48471510516973e+02	0.00000000000000e+00	1
102	98	106	110	4.06225600000000e-02	0.00000000000000e+00	0.00000000000000e+00	0.00000000000000e+00	1.13364896490348e+02	1.36521500000000e+00	1.54767457162070e+02	0.00000000000000e+00	1
103	102	104	105	2.68646890000000e-01	0.00000000000000e+00	0.00000000000000e+00	0.00000000000000e+00	2.87278447213199e+01	9.69038000000000e+00	2.78383731930583e+02	0.00000000000000e+00	1
103	102	105	106	5.14117900000000e-02	0.00000000000000e+00	0.00000000000000e+00	0.00000000000000e+00	1.14476365339003e+02	1.75730500000000e+00	2.01169889192056e+02	0.00000000000000e+00	1
103	102	106	107	3.00000000000000e-02	0.00000000000000e+00	0.00000000000000e+00	0.00000000000000e+00	2.81839597016101e+02	6.20858500000000e-01	1.74982509444021e+02	0.00000000000000e+00	1
103	102	107	108	3.00000000000000e-02	0.00000000000000e+00	0.00000000000000e+00	0.00000000000000e+00	5.81341747852328e+02	2.95525500000000e-01	1.71801310704933e+02	0.00000000000000e+00	1
103	102	108	109	3.00000000000000e-02	0.00000000000000e+00	0.00000000000000e+00	0.00000000000000e+00	9.99395596379389e+02	1.63036500000000e-01	1.62937960149108e+02	0.00000000000000e+00	1
103	102	109	110	3.00000000000000e-02	0.00000000000000e+00	0.00000000000000e+00	0.00000000000000e+00	1.55800384847328e+03	9.78486000000000e-02	1.52448495367722e+02	0.00000000000000e+00	1
103	102	110	111	3.00000000000000e-02	0.00000000000000e+00	0.00000000000000e+00	0.00000000000000e+00	2.36795507595604e+03	5.99974000000000e-02	1.42071147874165e+02	0.00000000000000e+00	1
103	101	105	107	9.30783800000000e-02	0.00000000000000e+00	0.00000000000000e+00	0.00000000000000e+00	5.70134052968015e+01	3.27863000000000e+00	1.86925861008252e+02	0.00000000000000e+00	1
103	101	107	109	3.00000000000000e-02	0.00000000000000e+00	0.00000000000000e+00	0.00000000000000e+00	2.31100881098083e+02	7.36721500000000e-01	1.70256987773902e+02	0.00000000000000e+00	1
103	101	109	111	3.00000000000000e-02	0.00000000000000e+00	0.00000000000000e+00	0.00000000000000e+00	5.59214041298424e+02	2.58543000000000e-01	1.44580875879418e+02	0.00000000000000e+00	1
103	100	106	109	5.62608600000000e-02	0.00000000000000e+00	0.00000000000000e+00	0.00000000000000e+00	8.55625786801641e+01	1.93785500000000e+00	1.65807870908249e+02	0.00000000000000e+00	1
103	99	107	111	4.08945500000000e-02	0.00000000000000e+00	0.00000000000000e+00	0.00000000000000e+00	1.14150897154409e+02	1.37765500000000e+00	1.57260554219258e+02	0.00000000000000e+00	1
104	103	105	106	2.81037190000000e-01	0.00000000000000e+00	0.00000000000000e+00	0.00000000000000e+00	2.85187360333153e+01	1.01436000000000e+01	2.89282650827537e+02	0.00000000000000e+00	1
104	103	106	107	5.19689900000000e-02	0.00000000000000e+00	0.00000000000000e+00	0.00000000000000e+00	1.12690541455647e+02	1.77717500000000e+00	2.00270813011440e+02	0.00000000000000e+00	1
104	103	107	108	3.00000000000000e-02	0.00000000000000e+00	0.00000000000000e+00	0.00000000000000e+00	2.91116950295444e+02	5.70208500000000e-01	1.65997359552539e+02	0.00000000000000e+00	1
104	103	108	109	3.00000000000000e-02	0.00000000000000e+00	0.00000000000000e+00	0.00000000000000e+00	5.71524409912605e+02	2.74127000000000e-01	1.56670271916113e+02	0.00000000000000e+00	1
104	103	109	110	3.00000000000000e-02	0.00000000000000e+00	0.00000000000000e+00	0.00000000000000e+00	9.75605853884583e+02	1.65707500000000e-01	1.61665207032580e+02	0.00000000000000e+00	1
104	103	110	111	3.00000000000000e-02	0.00000000000000e+00	0.00000000000000e+00	0.00000000000000e+00	1.58547445675637e+03	8.29982500000000e-02	1.31591605330479e+02	0.00000000000000e+00	1
104	102	106	108	9.24692000000000e-02	0.00000000000000e+00	0.00000000000000e+00	0.00000000000000e+00	5.68919445346823e+01	3.25855000000000e+00	1.85385245863489e+02	0.00000000000000e+00	1
104	102	108	110	3.00000000000000e-02	0.00000000000000e+00	0.00000000000000e+00	0.00000000000000e+00	2.26389686526871e+02	7.00715500000000e-01	1.58634762389520e+02	0.00000000000000e+00	1
104	101	107	110	5.53295400000000e-02	0.00000000000000e+00	0.00000000000000e+00	0.00000000000000e+00	8.61568852773479e+01	1.90458500000000e+00	1.64093111345958e+02	0.00000000000000e+00	1
105	104	106	107	3.65012120000000e-01	0.00000000000000e+00	0.00000000000000e+00	0.00000000000000e+00	2.83497357978816e+01	1.32152000000000e+01	3.74647428516165e+02	0.00000000000000e+00	1
105	104	107	108	5.78218100000000e-02	0.00000000000000e+00	0.00000000000000e+00	0.00000000000000e+00	1.18107971827363e+02	1.99289000000000e+00	2.35376195975034e+02	0.00000000000000e+00	1
105	104	108	109	3.00000000000000e-02	0.00000000000000e+00	0.00000000000000e+00	0.00000000000000e+00	2.88310137358343e+02	6.69921000000000e-01	1.93145015529239e+02	0.00000000000000e+00	1
105	104	109	110	3.00000000000000e-02	0.00000000000000e+00	0.00000000000000e+00	0.00000000000000e+00	5.62227725209307e+02	2.77470500000000e-01	1.56001608027689e+02	0.00000000000000e+00	1
105	104	110	111	3.00000000000000e-02	0.00000000000000e+00	0.00000000000000e+00	0.00000000000000e+00	1.00451211753758e+03	1.43301500000000e-01	1.43948093211312e+02	0.00000000000000e+00	1
105	103	107	109	9.92015500000000e-02	0.00000000000000e+00	0.00000000000000e+00	0.00000000000000e+00	5.84109820424875e+01	3.50561500000000e+00	2.04766414812875e+02	0.00000000000000e+00	1
105	103	109	111	3.00000000000000e-02	0.00000000000000e+00	0.00000000000000e+00	0.00000000000000e+00	2.25739902485142e+02	6.68942000000000e-01	1.51006901848216e+02	0.00000000000000e+00	1
105	102	108	111	5.63528100000000e-02	0.00000000000000e+00	0.00000000000000e+00	0.00000000000000e+00	8.53764801684769e+01	1.93808000000000e+00	1.65466448684922e+02	0.00000000000000e+00	1
106	105	107	108	3.53484770000000e-01	0.00000000000000e+00	0.00000000000000e+00	0.00000000000000e+00	3.03157993807768e+01	1.28045000000000e+01	3.88178653171157e+02	0.00000000000000e+00	1
106	105	108	109	6.32835400000000e-02	0.00000000000000e+00	0.00000000000000e+00	0.00000000000000e+00	1.16346082673226e+02	2.19072500000000e+00	2.54882271964302e+02	0.00000000000000e+00	1
106	105	109	110	3.00000000000000e-02	0.00000000000000e+00	0.00000000000000e+00	0.00000000000000e+00	2.83650125606419e+02	6.13813000000000e-01	1.74108134548853e+02	0.00000000000000e+00	1
106	105	110	111	3.00000000000000e-02	0.00000000000000e+00	0.00000000000000e+00	0.00000000000000e+00	5.82299743651108e+02	2.57182000000000e-01	1.49757012671679e+02	0.00000000000000e+00	1
106	104	108	110	1.05999560000000e-01	0.00000000000000e+00	0.00000000000000e+00	0.00000000000000e+00	5.75783389160815e+01	3.75086000000000e+00	2.15968288306773e+02	0.00000000000000e+00	1
107	106	108	109	3.45472320000000e-01	0.00000000000000e+00	0.00000000000000e+00	0.00000000000000e+00	2.81525244346773e+01	1.24971000000000e+01	3.51824913112605e+02	0.00000000000000e+00	1
107	106	109	110	5.33953300000000e-02	0.00000000000000e+00	0.00000000000000e+00	0.00000000000000e+00	1.11219997723136e+02	1.82977500000000e+00	2.03507571333852e+02	0.00000000000000e+00	1
107	106	110	111	3.00000000000000e-02	0.00000000000000e+00	0.00000000000000e+00	0.00000000000000e+00	2.85519355194985e+02	5.34711500000000e-01	1.52670482695343e+02	0.00000000000000e+00	1
107	105	109	111	9.19381000000000e-02	0.00000000000000e+00	0.00000000000000e+00	0.00000000000000e+00	5.63813006968769e+01	3.23803500000000e+00	1.82564625002012e+02	0.00000000000000e+00	1
108	107	109	110	2.49645270000000e-01	0.00000000000000e+00	0.00000000000000e+00	0.00000000000000e+00	2.88490386379391e+01	9.00048500000000e+00	2.59655339525191e+02	0.00000000000000e+00	1
108	107	110	111	4.36959700000000e-02	0.00000000000000e+00	0.00000000000000e+00	0.00000000000000e+00	1.21233467274028e+02	1.47580500000000e+00	1.78916957170347e+02	0.00000000000000e+00	1
109	108	110	111	1.73994050000000e-01	0.00000000000000e+00	0.00000000000000e+00	0.00000000000000e+00	3.15830634413320e+01	6.23732500000000e+00	1.96993831179206e+02	0.00000000000000e+00	1
