# vtk DataFile Version 3.0
d-2__ created by libgimli-v1.5.0-1-g5991b6ac
ASCII
DATASET UNSTRUCTURED_GRID
POINTS 1225 double
157.77856311507	3144.788793337	0
158.25	3145.39	0
157.5	3145.52	0
109.44301206149	3161.2074268735	0
111.27023507988	3161.2180967861	0
111	3162.83	0
109.5	3163.555	0
210.75	3139.44	0
210.4193712091	3138.896913868	0
211.07428710665	3138.7357182225	0
108	3164.28	0
106.52629024074	3163.1825907014	0
107.98875935127	3162.5875361178	0
152.28903272072	3145.8459677242	0
152.25	3146.895	0
151.60662372686	3146.3794869388	0
106.5	3164.95	0
218.24333607536	3137.2717534998	0
218.49928764789	3137.9381255061	0
217.82880758683	3137.9817117665	0
156.87374869672	3144.606497374	0
156.75	3145.675	0
102	3166.88	0
99.945685895564	3165.6713635166	0
101.92992580809	3165.2034191665	0
121.2525781795	3155.7209397602	0
121.5	3157.48	0
119.927147008	3156.5354226239	0
120.28642702681	3153.8074226873	0
119.96263178399	3155.3285490594	0
208.5	3139.57	0
208.8672352669	3138.8338197527	0
209.25	3139.535	0
199.76855979836	3139.6645502246	0
200.25	3140.34	0
199.5	3140.4	0
226.5	3137.32	0
226.82534951283	3136.5968707732	0
227.25	3137.21	0
112.5	3162.055	0
207.23131302094	3139.0177227993	0
207	3139.71	0
206.54190838428	3139.0535727517	0
115.55184896822	3158.7942678465	0
117.00171068972	3158.0439086557	0
117	3159.7	0
118.46380194603	3157.2464611125	0
118.5	3158.965	0
232.07117991691	3135.5779020638	0
232.5	3136.18	0
231.75	3136.3	0
171	3143.15	0
171.47921606268	3142.1502178996	0
171.75	3143.045	0
123	3156.73	0
122.83751685469	3154.5010009995	0
120	3158.23	0
133.68066618898	3150.9511763301	0
135	3151.93	0
133.5	3152.475	0
237.09295526532	3133.6581041188	0
236.47860784871	3134.0721267249	0
236.30542594989	3133.2917064198	0
87.000966335642	3171.537686901	0
88.5	3172.54	0
87	3173.17	0
105.2797879072	3164.043317128	0
104.9055792377	3162.5274130618	0
221.487925432	3137.5029072274	0
220.84065687568	3137.4482416784	0
221.27761587977	3136.8517897292	0
233.30796153176	3134.413295445	0
234.62658246621	3134.3083162596	0
234.03246725107	3135.0578699155	0
82.606986826339	3172.9547370195	0
82.5	3175.05	0
81.128426949006	3173.9886694912	0
217.5	3138.69	0
217.15210373096	3138.1289112156	0
88.407432551854	3170.0693229095	0
85.5	3173.795	0
85.537868221553	3172.0999569824	0
232.12161577256	3134.6657365556	0
232.78783833378	3135.3559490741	0
225.97696748267	3136.4821943054	0
225.75	3137.445	0
225.26600456126	3136.8560208722	0
90.6839115674	3169.8724275963	0
90	3171.91	0
200.5767448717	3137.2500952474	0
200.82607944569	3138.6700442002	0
199.7907275646	3138.1411362962	0
96	3169.39	0
94.29429521886	3168.014205939	0
96.473943317483	3167.5416802167	0
99	3168.14	0
99.028865700137	3166.9926086099	0
100.5	3167.51	0
195.67160532291	3139.2292011963	0
195.00530891443	3139.0351220128	0
195.56037231159	3138.5590733145	0
235.73674160173	3134.1115639315	0
91.5	3171.28	0
94.5	3170.02	0
93	3170.65	0
93.199907651622	3169.4083250388	0
228	3137.1	0
227.46148315943	3136.6449613971	0
228.00536553095	3136.3085025112	0
196.7429584928	3139.851894068	0
197.25	3140.485	0
196.5	3140.51	0
92.098519945326	3169.9292440997	0
237	3134.49	0
236.25	3134.815	0
206.87577923791	3138.0504914402	0
147.18419388451	3147.750616859	0
147.96864893332	3147.3230527792	0
147.75	3148.325	0
150.04877436859	3146.9723352022	0
150	3147.67	0
149.36324297761	3147.1631630097	0
172.40607349556	3141.706772771	0
172.17863049161	3142.4410486525	0
145.06062580099	3147.3960719454	0
144.87399372365	3148.3676581845	0
144.2671349685	3147.8413449781	0
166.7545245699	3142.5109291106	0
167.44311363814	3143.0650679142	0
166.78795584743	3143.2933585305	0
146.93374415825	3146.8317765286	0
191.64356989532	3139.8711440165	0
191.25	3140.65	0
190.89477677979	3139.9983986741	0
172.24079857991	3135.6019375084	0
173.34004893516	3137.5111563972	0
171.66154366346	3137.8828193764	0
149.43072524629	3146.183694816	0
150.70004093809	3146.4232018414	0
184.5	3141.26	0
184.80216661923	3140.2695251062	0
185.25	3141.165	0
195.31756255799	3139.8304347939	0
146.26968161515	3147.7400259406	0
147	3148.54	0
146.25	3148.76	0
164.12477448432	3142.0530724921	0
164.35206070957	3143.3217343133	0
163.13451475879	3142.7891292483	0
151.5	3147.18	0
145.5906728445	3148.2483346128	0
211.5	3139.38	0
221.25	3138.03	0
220.5	3138.08	0
154.60926526603	3145.6503719914	0
154.5	3146.18	0
154.05973839016	3145.8030598419	0
195.75	3140.565	0
196.06523716718	3139.8162047064	0
149.25	3147.89	0
148.75547578084	3147.4603065787	0
150.75	3147.425	0
214.1520930772	3138.1831268789	0
213.75	3139.16	0
213.35964381366	3138.5482379067	0
161.82824224973	3141.9887310819	0
162.09034234865	3143.3057718048	0
160.8967735687	3143.0542795394	0
159.21088820086	3144.4959087849	0
158.45929355336	3144.6142514385	0
158.70721147868	3143.9370901958	0
161.53553129164	3144.0402198037	0
227.22897390396	3136.0149429402	0
127.5	3154.725	0
126.00768044312	3153.5008493107	0
127.55123671654	3152.9877241349	0
158.72825188892	3141.6942404154	0
160.28614232515	3141.5152077071	0
159.68056519725	3142.7717876634	0
187.5	3140.9	0
186.75	3140.985	0
187.0379040683	3140.2514660896	0
222.06269196663	3137.2166639841	0
222	3137.98	0
168.75	3143.56	0
168.15587084317	3142.9892972678	0
168.86998247233	3142.5426640087	0
124.5	3156.045	0
166.43886058328	3140.2572337939	0
165.82034581821	3141.0470471561	0
165.06325220154	3140.0458069697	0
148.69578647391	3146.8180458211	0
147.96209826665	3145.9721715398	0
213.34893750139	3137.8047019062	0
212.554777429	3138.3441046857	0
124.69124097154	3154.3924536392	0
126	3155.36	0
168	3143.69	0
167.25	3143.815	0
160.13199329381	3143.6046485697	0
159.95002991431	3144.3418322699	0
159.39197238311	3143.7020933497	0
187.73883475054	3140.2585686179	0
188.25	3140.84	0
144.08297521878	3148.559047926	0
143.77741108902	3146.9992217906	0
144.77366524496	3145.9164853775	0
228.88351839531	3135.8121446085	0
228.75	3136.98	0
130.5	3153.555	0
129	3154.09	0
129.05851561297	3151.6325538992	0
183	3141.35	0
183.19464045228	3140.4453344617	0
183.75	3141.305	0
135.22430745511	3150.2286738751	0
136.5	3151.475	0
167.7278925171	3142.0836295167	0
160.71227928022	3144.1481092969	0
145.87555208396	3146.6794763801	0
146.34397295477	3145.5464423644	0
224.48095790136	3136.7411464609	0
224.25	3137.685	0
223.76098834258	3137.0639783835	0
194.39584963649	3139.7418909446	0
194.25	3140.615	0
193.72475968084	3140.092498609	0
200.51623615661	3139.592880601	0
166.00070828553	3143.1318417658	0
166.5	3143.94	0
165.75	3144.085	0
21	3202.63	0
19.5	3203.35	0
19.493744769649	3201.6492285795	0
45.224189406691	3188.9543478035	0
45	3191.1	0
43.661119013341	3190.1985008321	0
178.68734838527	3141.3430650966	0
178.21465377261	3140.5879985364	0
179.38531118561	3140.8781927868	0
212.71579751536	3137.0305555535	0
211.46849124271	3137.762987707	0
24	3201.23	0
22.5	3201.93	0
22.607191136373	3200.3140393164	0
210.11187786904	3137.1912981553	0
209.72261876732	3138.5777267623	0
208.87526823857	3137.8540106541	0
15	3205.47	0
15.007747345132	3203.7158720636	0
16.5	3204.77	0
30.055718871067	3194.9685732644	0
31.624100421555	3195.8185933535	0
30.366912186738	3196.5919303702	0
205.89763815023	3139.2228346435	0
206.25	3139.775	0
205.5	3139.84	0
165.24006661248	3143.4701336814	0
12	3206.97	0
10.477659043035	3206.0585382273	0
11.959056136184	3205.2058529637	0
33	3196.75	0
33.148890522987	3195.1244086433	0
34.5	3196.045	0
36	3195.34	0
34.567931839411	3194.6588113408	0
177.24003784459	3140.3401315554	0
177.33452567418	3141.2975339135	0
176.5046380993	3140.8275965134	0
30	3198.16	0
28.5	3198.865	0
28.657484941108	3196.555863733	0
193.31002129103	3139.3913639843	0
194.13907014159	3138.6625275251	0
31.5	3197.455	0
165.10444083634	3142.5763692699	0
189.21260012791	3139.2546201291	0
189.3024303574	3140.0929465279	0
188.47225683048	3139.9304531907	0
26.882492355413	3197.5876789943	0
16.42233217758	3203.21570532	0
204.3471876898	3138.1984122463	0
204.36426192283	3139.1761551977	0
203.53196510746	3138.988314939	0
192.51294888065	3139.9384964176	0
192.20368448136	3139.0459487003	0
13.486424610131	3204.4204172623	0
1.3750559939923	3210.7791815317	0
1.4217450490063	3209.1535655659	0
2.8613469765857	3209.8750282638	0
153.32399391491	3145.6446054032	0
152.68141511461	3144.991455703	0
225.84354580782	3135.2115476135	0
225.12630008259	3136.0496139766	0
224.87733462734	3135.2735694662	0
10.798716154438	3200.8166837471	0
13.177991297684	3198.5509425805	0
12.883332736734	3201.3732583488	0
154.15535975239	3143.9894116927	0
155.12323887296	3145.1153592297	0
154.11105742063	3145.1510534661	0
10.5	3207.74	0
9	3208.51	0
9.2388551793166	3206.908181385	0
81.000175933957	3169.5567458027	0
78.889974536777	3169.8435604151	0
79.675234535214	3167.434256418	0
228.48473182286	3134.2851836066	0
227.7135341891	3135.3120751515	0
190.99461698678	3139.026741539	0
190.08603327438	3139.7862411166	0
35.679080525295	3193.3255109059	0
37.5	3194.63	0
170.45764208423	3142.2620029472	0
169.73369353138	3142.6629620837	0
169.59392981333	3141.785333041	0
20.837441729821	3200.4699403932	0
18.534057025588	3199.8780016933	0
151.29074035825	3145.5773711844	0
151.86425677328	3144.8473182003	0
13.638009482827	3202.8412963249	0
15.001635095381	3201.6211758669	0
166.69443571349	3141.4479323694	0
186.26623638758	3140.3552141334	0
7.5	3209.225	0
7.5280191136433	3207.140955915	0
159	3145.26	0
159.75	3145.12	0
-4.4489330897682	3206.4243640163	0
-4.156211880099	3203.4275606223	0
-1.6777884351151	3205.2397763903	0
13.5	3206.22	0
153.36499445072	3144.7375785016	0
145.5	3148.98	0
144.75	3149.195	0
93.527771392555	3161.4780794923	0
98.642423709546	3160.4087461586	0
97.65539630761	3163.7320994912	0
37.574499611972	3192.9034250921	0
36.634951153935	3190.8867273041	0
39.070350825185	3191.7596026162	0
216.3572489104	3137.8764872261	0
216	3138.87	0
215.55034706734	3138.3014378289	0
189	3140.78	0
85.593431078778	3169.8492167098	0
64.5	3182.655	0
64.461218465957	3180.9101942444	0
66	3182.01	0
176.56018979359	3141.6242101248	0
175.71943764958	3141.4823346451	0
174.55180007617	3140.8347941129	0
174.97298424162	3141.8742198179	0
174.34532145577	3141.9906199069	0
186	3141.07	0
185.59899535721	3140.5080950431	0
65.925259031023	3180.3901585752	0
190.5	3140.68	0
67.191323361052	3179.0669043617	0
67.5	3181.37	0
58.192847979556	3183.134082582	0
60	3184.58	0
58.5	3185.22	0
196.39222830143	3138.9270936336	0
182.47612539411	3140.8348730221	0
70.456840605181	3177.7519744756	0
70.5	3180.09	0
69.096527140209	3178.9332543836	0
160.5	3144.98	0
161.25	3144.865	0
75	3178.18	0
73.700191166594	3176.2201533668	0
75.77633692839	3176.1382378578	0
78	3176.94	0
78.196063918285	3175.7003599483	0
79.5	3176.31	0
177.75	3142.085	0
177	3142.2	0
229.93832507318	3134.9378589872	0
230.43709615715	3135.8831797934	0
229.80127888935	3136.0250708601	0
69	3180.73	0
170.90324786458	3141.4494458167	0
73.5	3178.815	0
72	3179.45	0
72.222464657101	3177.5669721085	0
157.79211356184	3143.8146024977	0
157.51727077493	3142.431205197	0
158.64103527632	3143.058843964	0
76.5	3177.56	0
77.121385577275	3176.2102825393	0
163.62557908028	3143.7594269947	0
162.89260368636	3143.8448416487	0
43.5	3191.805	0
46.972777395183	3189.0677252743	0
46.5	3190.405	0
233.25	3135.985	0
233.47593813006	3135.3191153675	0
178.5	3141.97	0
178.09592480111	3141.4544720484	0
231.19645456761	3135.3946618141	0
231	3136.42	0
39	3193.92	0
40.5	3193.215	0
217.31581092965	3137.3415704646	0
42.14277489514	3190.7592355023	0
42	3192.51	0
50.610510471518	3186.2894205532	0
52.594313775148	3186.1068280122	0
52.5	3187.785	0
167.5620646267	3140.7346798535	0
57.006292192078	3184.4355723898	0
57	3185.86	0
51	3188.43	0
215.21292639067	3137.4269063504	0
214.93267132828	3138.3833560716	0
201.72371168533	3137.9011239664	0
201.9156249196	3139.186651724	0
55.5	3186.5	0
55.817237745014	3184.9603251561	0
49.5	3189.07	0
49.0369867823	3187.647603651	0
48	3189.71	0
187.4532152805	3139.3834702584	0
172.5	3142.94	0
54	3187.14	0
48.109000554229	3188.6287965274	0
175.5	3142.45	0
61.51247795382	3181.8505195637	0
61.5	3183.94	0
60.113545589679	3182.9302359238	0
79.228310030413	3174.3348133263	0
81	3175.68	0
164.44102586243	3138.1548171696	0
166.19748530461	3138.7262507874	0
220.44556179997	3136.7687309052	0
219.75	3138.245	0
220.06832770618	3137.4749070586	0
213	3139.26	0
212.25	3139.32	0
226.54019795202	3135.921567547	0
214.5	3139.06	0
211.7670082962	3138.7073636389	0
210.55729998561	3138.2327521544	0
204.75	3139.875	0
205.19532764157	3138.9036057402	0
216.75	3138.78	0
162	3144.75	0
221.9254157943	3136.2296084959	0
222.9235428393	3136.8654840278	0
215.25	3138.965	0
179.09643315401	3139.6070135409	0
192.75	3140.615	0
193.16061394402	3140.1261585422	0
193.5	3140.61	0
202.5	3140.12	0
201.75	3140.2	0
201	3140.28	0
201.20254489843	3139.587701279	0
213.97664758637	3136.93940653	0
197.5046714184	3139.5228705991	0
198	3140.46	0
202.76673213179	3139.3535739125	0
165.01929684828	3141.4469337889	0
207.99465297403	3138.6304748407	0
207.75	3139.64	0
156.5268092685	3143.2670683653	0
204	3139.91	0
203.25	3140.015	0
153.15968330635	3142.2261101601	0
152.54120643986	3143.9273550894	0
151.17683133556	3142.6886158043	0
219.1630815165	3137.5015210878	0
219	3138.41	0
210	3139.5	0
205.5144625255	3137.458847843	0
226.8567208699	3134.1622302954	0
226.83461095338	3135.3201060095	0
234.75	3135.465	0
234	3135.79	0
235.5	3135.14	0
198.75	3140.43	0
198.32914661452	3139.8292489683	0
199.00470559785	3139.7129511456	0
206.00411347609	3138.539267745	0
237.15952640778	3132.6200298476	0
237.84135656284	3133.3273087649	0
153.75	3146.395	0
155.64700921892	3144.1200095087	0
236.09945466002	3132.2516274712	0
235.24308726543	3133.0559620567	0
234.85734528615	3131.4729400799	0
237.75	3134.165	0
230.25	3136.64	0
223.5	3137.8	0
222.75	3137.89	0
185.68952019879	3139.6865620644	0
186.32533137716	3138.5528966048	0
186.54811311775	3139.6427808121	0
229.5	3136.86	0
200.04035546651	3139.0019820567	0
218.25	3138.55	0
225	3137.57	0
194.92728228352	3138.2258034422	0
222.80776534727	3135.6541509178	0
169.5	3143.43	0
232.44353726752	3131.1264415896	0
229.88944567136	3131.132238267	0
230.53023947126	3127.9146753651	0
165	3144.23	0
179.25	3141.84	0
224.32130933511	3135.7535909816	0
163.5	3144.48	0
162.75	3144.615	0
223.6521459948	3136.2370421743	0
173.25	3142.86	0
172.75842375514	3142.3609344289	0
170.25	3143.29	0
231.05932839341	3133.9977281533	0
173.45818522919	3141.8541526372	0
174	3142.78	0
174.75	3142.615	0
156.07957933349	3145.0690444941	0
153	3146.61	0
164.25	3144.355	0
155.25	3146.005	0
156	3145.83	0
148.9711518498	3144.7196680045	0
150.2721427041	3145.2614171646	0
148.5	3148.11	0
156.22389190796	3141.9493623738	0
157.14137879332	3140.8045510842	0
189.75	3140.73	0
202.63769512032	3138.4515440254	0
195	3140.62	0
192	3140.62	0
180	3141.71	0
180.2834105426	3140.9984859207	0
180.75	3141.63	0
189.96326785231	3138.7838726611	0
176.25	3142.325	0
184.03718934265	3140.6255797474	0
181.87737677222	3140.9092801396	0
182.25	3141.45	0
181.09981053239	3140.6887441616	0
181.5	3141.55	0
162.25406903583	3144.1117813901	0
221.5738179397	3134.8664714923	0
171.66026044853	3140.9851524399	0
167.34281412762	3139.4968206159	0
172.90431470828	3140.4448693252	0
180.18949787184	3140.0968602983	0
182.06871432248	3140.0313902545	0
183.94973800794	3139.8545548886	0
195.76431331653	3137.432641278	0
198.37839624203	3139.0184055283	0
197.41152275201	3138.0952356582	0
198.71310375554	3138.0183563891	0
194.14438288213	3137.4787899965	0
193.02271072517	3138.1754556173	0
211.52571693373	3136.111068552	0
144	3149.41	0
143.06033302086	3148.6406355155	0
150.22441119066	3143.9826217559	0
148.53760163925	3142.5049365952	0
151.36332245069	3144.0342224277	0
168.01129467904	3137.8866838959	0
168.52831354906	3139.8439960625	0
217.97702180633	3135.2039749907	0
217.78384454731	3136.5012526394	0
216.51177531426	3136.3404710224	0
199.2864869261	3138.9285086394	0
232.30441952068	3133.2721854922	0
233.79869599357	3132.9379449655	0
219.68857434025	3136.8348961271	0
170.67428220834	3140.5065278571	0
170.24821415965	3141.3288945768	0
165.89436313126	3142.0305415065	0
175.71726320546	3140.4658415636	0
184.63050351971	3138.8069418309	0
183.11262515212	3139.1397598539	0
219.21613952745	3135.449766905	0
219.18173273645	3134.5320721271	0
220.16088533235	3135.0936851214	0
165.89009335701	3136.496969176	0
218.85724647062	3136.392891724	0
202.52467360337	3137.4611389317	0
203.36576190407	3137.7933731658	0
208.68787491294	3136.4447600961	0
209.97201389954	3135.3510474809	0
220.88304313706	3135.9718427341	0
225.69714088239	3132.70608192	0
225.63116820549	3134.0306482889	0
143.54852636058	3147.9035873799	0
203.04064490031	3136.7780820813	0
204.1168314733	3136.8522214242	0
136.90604765226	3149.7967161278	0
138.46808220766	3149.3915973794	0
138	3151.02	0
163.02889331766	3141.2468640702	0
178.24917160869	3136.2966476141	0
180.56362956863	3136.8045821249	0
178.88882189072	3138.0792848854	0
223.15044104792	3134.3812290323	0
221.87266879568	3133.0836168676	0
223.82609417512	3132.8270191035	0
207.88002625206	3137.4378658727	0
231.08266295344	3132.5371323585	0
238.5	3133.84	0
219.88043435584	3136.0772223	0
171.60177897551	3139.6282327652	0
180.24373211872	3138.799995425	0
181.05481032588	3139.63715692	0
191.73079692442	3137.9235182571	0
183.17992153838	3137.1316976282	0
181.69682949591	3138.5879169002	0
185.41007289974	3137.0352746453	0
215.01115348674	3135.9970087633	0
159.03169193281	3139.5725366434	0
173.96940403008	3139.1582317236	0
190.44619394544	3137.8616400548	0
188.38595034272	3138.9458889346	0
186.88638568314	3137.2069862965	0
161.51824324325	3139.9946864835	0
199.28394575261	3136.9585730247	0
223.62131086674	3135.3748909544	0
177.68681201715	3139.2257361436	0
172.69331572519	3138.9298022367	0
176.68019781916	3134.2858326344	0
176.38488459806	3136.7075005503	0
174.50498707744	3135.6342671141	0
224.85071567991	3133.6151550037	0
168.64747564166	3141.2720347967	0
169.6183189684	3140.6245138413	0
176.47850992948	3139.7840183315	0
224.92574510369	3134.5017584299	0
137.12157459158	3146.6072624088	0
136.57996441624	3143.6693236906	0
139.4291218417	3145.3863954329	0
151.17743137927	3139.5110502779	0
154.7848895277	3140.5645072209	0
224.17850038629	3134.8792054615	0
220.19877710016	3133.7321086449	0
227.81316104861	3132.3190275467	0
224.18380908316	3134.0336327313	0
229.71118037654	3133.195020564	0
222.45408527215	3131.0558813014	0
220.05356391742	3131.6793700147	0
142.45578224356	3145.452748304	0
142.55971982301	3147.4907082645	0
140.8475512142	3147.2661111666	0
170.02365079569	3138.9956663817	0
141.67195166027	3148.7106791015	0
141	3150.14	0
140.06437596742	3148.9546637694	0
151.00512297861	3144.7347553808	0
155.08484133501	3142.685547933	0
175.3485527829	3139.4164771654	0
189.09518474742	3138.040324639	0
187.71871110997	3138.141472758	0
189.79943681262	3136.6221630755	0
191.11849672197	3136.8642620332	0
186.81561649609	3135.5828633523	0
139.5	3150.58	0
174.98737794809	3137.8136477498	0
176.39869690494	3138.4486995662	0
147.38810004305	3144.4400594851	0
145.12303690073	3143.4661043573	0
206.97841362707	3136.196827726	0
203.34171960233	3135.4090482113	0
205.09468711615	3135.4392796302	0
201.85440995636	3136.3551134274	0
198.08928778575	3136.9532204342	0
133.462216046	3148.8812479988	0
170.07267557229	3136.5883638963	0
163.44057995936	3139.7213726647	0
177.52015418606	3137.7510001521	0
158.46128810514	3136.411528046	0
160.54877401508	3137.9665005034	0
199.96081864934	3135.4427017126	0
197.53812929373	3135.9218797268	0
198.54014569963	3135.9259973398	0
181.40495933677	3131.7791978222	0
179.51350534147	3134.1423896474	0
178.03701499724	3131.0513411951	0
142.5	3149.775	0
135.79195188062	3148.3478499603	0
137.43949750529	3148.3516228208	0
138.89741300897	3147.6511086147	0
184.70283525005	3134.9583784275	0
213.43697193545	3135.2360411902	0
173.39025825638	3131.8480233952	0
194.39422931015	3135.8357783517	0
192.601499703	3136.6061412607	0
126.18437123044	3151.0082916142	0
134.58725244478	3146.2499374811	0
131.77696768021	3146.640819569	0
132.75937541376	3143.4499182036	0
182.18423382452	3134.5956726271	0
218.34964196157	3133.2125484632	0
201.801280294	3134.1951965436	0
215.92814137371	3134.070679863	0
162.45937319326	3137.9463281728	0
164.13429624212	3140.9042475681	0
154.13930245615	3138.1666970532	0
197.80439115961	3134.3481771572	0
208.32792868289	3134.6200870361	0
209.72882290924	3133.6264509836	0
197.01160698954	3136.7969751358	0
196.2292312694	3135.5909035707	0
199.83714211199	3133.0337423673	0
224.61362878825	3130.9902998209	0
168.02561244408	3134.9955631665	0
168.60370072765	3131.5562113824	0
170.46787812357	3134.1208811527	0
156.52239422185	3138.6125396901	0
163.58737694381	3135.9501748112	0
165.05867612752	3133.2472981273	0
140.66463306142	3141.6967024988	0
188.19508852032	3136.7392262772	0
213.45184142931	3132.4244394904	0
191.03167828477	3135.3611141858	0
194.8527194275	3133.2341074291	0
192.77185605026	3134.7035986008	0
238.6934209815	3132.3629461092	0
239.28481741666	3130.1391498196	0
240.8853667166	3131.9546538479	0
227.75605633245	3129.7682360378	0
119.96540498877	3150.9437447758	0
117.08086173737	3149.3885966056	0
119.9443904416	3147.8494181652	0
211.47263547678	3134.1021103398	0
234.62336687156	3128.6753962165	0
236.89443145922	3130.8576268668	0
122.51232158123	3146.1925112423	0
125.52752830879	3147.717648228	0
122.89242008333	3149.773097938	0
206.48046210969	3133.897024011	0
162.32413716798	3131.5018813876	0
159.84040622897	3128.9990238086	0
164.53756535442	3128.279900847	0
117.59067838457	3152.6607796183	0
125.73395602233	3143.9971633614	0
204.14231309833	3132.795249555	0
188.93668553596	3134.91024559	0
161.21164363433	3135.8784414285	0
162.40004928854	3133.9298171677	0
216.78247477134	3130.1075461594	0
208.13634066295	3132.1900251395	0
206.2224463925	3132.1057897727	0
206.13521507684	3129.5346311468	0
155.45832759866	3136.1449658718	0
124.10630511148	3152.574251374	0
159.73263170595	3133.0380874726	0
147.56743785872	3127.8101856203	0
151.57423097478	3129.4395222051	0
148.93057447774	3131.5729837046	0
132.34529665305	3150.4894621794	0
132.54755420079	3151.7106182609	0
131.20972114402	3151.6208087954	0
106.46217594541	3160.734050704	0
25.5	3200.4	0
25.324668436821	3198.4796662499	0
27	3199.57	0
23.807846674448	3199.374157531	0
81.960756733205	3167.7782792767	0
25.262068275375	3196.6820908389	0
64.472140644591	3178.6142424695	0
226.31824835006	3131.0484838703	0
180.73866185678	3128.4620387841	0
237.49341881828	3128.5470478895	0
210.74926058465	3131.8651501008	0
145.6632309479	3138.7586155538	0
130.80188039014	3149.3253050169	0
190.99140255468	3132.5070440462	0
186.82426754564	3132.6681238116	0
188.40717720243	3128.30214038	0
156.61723648253	3133.6501176947	0
155.38438672192	3127.3536156448	0
154.50712429703	3131.3835237883	0
105	3165.62	0
103.5	3166.25	0
97.5	3168.765	0
97.949479037424	3167.5144159239	0
118.38406108498	3155.2662572049	0
159.72860450347	3122.9059578708	0
84.300611735844	3172.924714663	0
84	3174.42	0
83.880024859748	3171.3800435185	0
97.735580860583	3166.1478174259	0
87.140730785326	3167.2341219828	0
84.174995966999	3167.2834070923	0
90.006436268884	3167.6407881682	0
92.116680507287	3168.4555656608	0
28.262635444384	3194.3359522752	0
42.463706780226	3188.3966377607	0
32.07974584413	3192.2148911592	0
33.521244037092	3193.4579025211	0
31.693339531109	3194.0129253261	0
17.60461264638	3201.934284648	0
18	3204.07	0
21.903054682497	3198.570962377	0
23.520725667655	3197.2513939897	0
71.459461813175	3175.6093744119	0
72.756657848599	3173.3223602016	0
68.335013299989	3177.0353474715	0
69.591352304977	3175.6104083041	0
63.223637098463	3181.7541222813	0
63	3183.3	0
40.827222603007	3191.6509234301	0
44.973390815881	3185.9092883862	0
55.518260557765	3183.0494200728	0
47.046443109189	3187.6718739973	0
132	3153.02	0
122.01778113892	3152.3159549754	0
212.38310629452	3129.1883074104	0
240.25186329375	3133.84	0
103.45463394891	3163.9475404349	0
100.73737392215	3163.2815425393	0
77.14499805406	3174.7302511665	0
95.350943494149	3165.4567329974	0
6.1682715570654	3208.3154398923	0
6	3209.94	0
4.3772201077608	3208.6163656068	0
20.807558542167	3195.6810810391	0
24.049558080023	3194.7169001782	0
11.812408576629	3203.1184766333	0
9.4427607314794	3202.8875730272	0
75.214628676423	3173.969657055	0
62.642406513224	3180.0734574414	0
54.059463652694	3184.9918085172	0
40.438334841895	3190.0210784315	0
59.358877969748	3181.1757353201	0
47.980362158199	3185.8560306601	0
51.805067130682	3184.3704222692	0
112.33760014438	3158.0780149912	0
110.9054714218	3159.7303365226	0
108.97270593662	3157.8624213057	0
116.9732571552	3156.5045749085	0
77.355660343662	3172.0639403244	0
102.7936461377	3160.7470713917	0
80.32979867298	3171.9555599968	0
10.476885135041	3204.4591362127	0
39.597288427469	3187.8372851047	0
26.562253225236	3195.3658317378	0
56.842476787455	3180.6557827001	0
170.03823106859	3126.74554863	0
92.429939605659	3165.8997365641	0
115.5	3160.49	0
115.52722692725	3157.1204599975	0
82.182824920293	3171.0576125633	0
71.557154770007	3169.54896384	0
74.607723567477	3171.4385195457	0
83.115457433395	3169.464201954	0
33.986044006313	3191.4069906629	0
60.739602490055	3179.8576597791	0
53.182719289743	3182.942715377	0
38.561187303568	3189.7443502922	0
49.383486536328	3183.9597789193	0
114	3161.28	0
114.02514839141	3159.4794805113	0
115.49989219328	3154.9164400179	0
114.35004750088	3151.703270691	0
113.60131549567	3147.9971244959	0
29.744708052203	3192.4895145368	0
89.32530227977	3164.4144507769	0
112.50538527611	3160.2994121591	0
114.264523963	3157.9976076759	0
81.929937676915	3165.2586634112	0
26.327086215142	3192.2877289069	0
201.66611824921	3132.1001412856	0
245.50745317501	3109.84	0
239.47478167855	3112.891711359	0
239.21627033204	3106.3068861853	0
4.5	3210.795	0
152.68753657081	3135.9987075312	0
129.4661064548	3144.7457343281	0
202.41739573731	3129.6569575592	0
127.69066768708	3146.5068068372	0
128.1437264979	3148.8851201683	0
78.260699453531	3164.0409485425	0
0	3213.46	0
-0.27451938292022	3211.8057168636	0
1.5	3212.555	0
67.666741999223	3174.461701893	0
64.752459671128	3173.5296514096	0
67.278984764496	3170.99077838	0
16.294460738285	3199.8149312378	0
184.13216176477	3129.6743275646	0
183.63105737651	3124.0455883692	0
209.35398881945	3129.668463334	0
154.24222368742	3134.0237554759	0
183.83507169619	3132.7394644793	0
66.008035350917	3176.4371388486	0
70.046152816331	3173.2410421719	0
48.046794655145	3181.5353296757	0
46.873417961483	3183.7705209848	0
53.522045100322	3180.3463757445	0
129.24283100831	3140.7769468272	0
31.484682031466	3189.70355857	0
34.53703387316	3188.8554108144	0
200.14079701641	3130.8065181687	0
214.61674699295	3125.5288209474	0
151.88384408068	3132.9368311132	0
111.83096603058	3154.739701775	0
110.54265092979	3150.5803686877	0
32.685204711191	3186.3731010648	0
29.056359029314	3186.6954265282	0
30.797544608709	3182.7057654112	0
8.6850728082341	3205.1260328555	0
51.011550434	3182.0581900663	0
58.744187610581	3178.6958841907	0
55.712953683551	3177.6356894886	0
2.4952266504727	3208.26373983	0
19.843322109368	3198.3368344687	0
21.87619320806	3191.0261929316	0
37.829938646035	3185.5164992901	0
37.086890301091	3188.2281186596	0
17.159337339332	3197.10463839	0
3.1856452574011	3206.5063557866	0
112.5520711645	3144.0592138085	0
117.14301946523	3145.4037798061	0
157.2483741858	3130.8899701975	0
129.57898574058	3147.2096457521	0
41.267110430164	3185.150701916	0
63.628618647112	3175.9977473118	0
61.437390957729	3177.512820771	0
38.780251637433	3181.6347410422	0
44.006091561731	3181.6301452742	0
104.60324400838	3157.0845791643	0
113.88864567393	3156.5602266679	0
197.65044941436	3131.2906205048	0
194.14898164116	3128.3815836525	0
220.71145030929	3128.9366713453	0
229.40608473904	3122.7997979235	0
226.28904513117	3126.7980092579	0
224.44861816107	3122.8160250043	0
225.73133020891	3129.4881515985	0
243.16073988477	3131.8398410569	0
242.00372658751	3133.84	0
140.47555788765	3136.4915668671	0
144.44922261859	3132.476169556	0
4.6889228628975	3204.4203629426	0
1.4853198712172	3203.8628478414	0
4.4101122869782	3201.0924905306	0
28.404222545034	3189.8762333748	0
7.9200002560905	3200.675008455	0
9.5779591906018	3198.4542177528	0
58.353190707072	3175.5372336535	0
199.146410641	3127.9534561886	0
3	3211.65	0
6.3462977767071	3197.6723109514	0
5.4347526125893	3206.7007626222	0
0.64157710943955	3207.243489864	0
-0.25233799564863	3209.6583810573	0
-4.9420861607918	3211.2499987336	0
-7.007453175013	3213.46	0
-7.007453175013	3209.46	0
6.6608993684031	3205.311897473	0
101.42780702123	3152.3651936652	0
107.27439237523	3153.5555307637	0
85.386987817894	3164.2035558159	0
9.6740065277826	3194.6156174864	0
14.10683036886	3194.73646236	0
6.9665856594434	3203.2338224804	0
-1.7518632937532	3213.46	0
-2.509746292249	3210.9443819697	0
149.1483008313	3135.2058461322	0
124.8171486176	3139.6321337757	0
120.38906793084	3136.6325568366	0
127.83197941941	3134.2656980626	0
209.40270765491	3125.585441543	0
223.70204278495	3128.8740165713	0
165.95809859364	3122.8883822092	0
6.2258144926858	3180.7176288183	0
7.8095135371304	3188.7781069514	0
1.6898110982065	3187.6923188773	0
176.50030586594	3125.6975939395	0
134.89212465477	3138.7285255959	0
17.412494758121	3192.7894236313	0
35.402878739972	3186.5392864665	0
34.931535415418	3183.7176167302	0
50.145084814823	3179.328448204	0
61.470888963976	3173.9503109886	0
76.169376803901	3168.3126556494	0
217.56979507357	3121.7127930094	0
221.61639804558	3119.3004589594	0
220.98338336401	3123.1339174536	0
-3.5037265875065	3213.46	0
-7.007453175013	3207.46	0
-4.6793550865513	3208.9320166766	0
-2.1562991680746	3208.0666394954	0
-7.007453175013	3197.46	0
-3.3565004718927	3199.597308225	0
-7.007453175013	3201.46	0
222.48692604616	3126.0635028024	0
218.84560865516	3125.8952633691	0
38.044462741055	3177.177484868	0
38.09024158352	3172.6867138805	0
41.705555877605	3175.314050075	0
52.246818534666	3176.8958843149	0
0.59415866660984	3200.1995031416	0
2.9070379817539	3197.7870015536	0
203.31953678313	3124.7716748923	0
197.26045329973	3122.8605729322	0
201.58793767831	3118.1081846327	0
87.563931630638	3160.1377382031	0
233.27773023012	3125.2134140276	0
236.8156640902	3125.6909108582	0
239.80650967376	3127.4334409502	0
245.50745317501	3125.84	0
242.67439014349	3127.2269931755	0
240.64429879936	3123.312503979	0
90.970978777106	3155.9411994524	0
82.292125042004	3160.9839357248	0
25.483143950519	3188.1903242959	0
52.738584946127	3167.6008118924	0
54.455352921326	3162.6783837325	0
57.326050574088	3167.4671741208	0
-1.4242326138255	3202.4548790383	0
120.11149265067	3145.4627363915	0
234.98795577085	3121.089239214	0
54.572767104584	3173.826646991	0
62.483407810282	3169.4868757369	0
67.220678740056	3165.7761459457	0
-7.007453175013	3189.46	0
-3.3162980279416	3187.6155205544	0
-2.3540771407344	3192.0039524669	0
245.50745317501	3133.84	0
46.909401476648	3178.5858800911	0
49.160675048013	3176.6287923265	0
-1.6093272380902	3178.0871248657	0
-7.007453175013	3181.46	0
-7.007453175013	3173.46	0
190.76021042286	3122.5346946951	0
241.88897668959	3129.7360764566	0
200.75135576679	3112.0954618535	0
194.70744605136	3115.5255279837	0
3.6514786838457	3193.5638180473	0
-7.007453175013	3185.46	0
-1.8505487382263	3183.5007180727	0
225.97197014933	3119.024995087	0
245.50745317501	3117.84	0
245.50745317501	3129.84	0
-7.007453175013	3205.46	0
150.99518445602	3125.5828699884	0
160.8492378249	3057.6073938456	0
152.04426370793	3081.2749531081	0
139.82802455666	3059.4063315739	0
100.76295064148	3157.3030234972	0
153.48383840938	3122.2216278625	0
21.730455948454	3185.9455023634	0
17.475859372104	3187.5813563057	0
58.190704813395	3171.7415909454	0
230.3150625818	3116.9162010096	0
224.06663332386	3113.4583138542	0
106.33269575036	3148.7399670837	0
107.3499309164	3143.3208994379	0
110.05799119257	3146.9294574709	0
96.417939846487	3155.9483046788	0
25.607622107746	3183.2981745311	0
72.954770302657	3163.9519357108	0
207.35205862084	3119.8018451513	0
212.75468995691	3120.7474083248	0
239.17631813372	3118.1476065321	0
34.200318578714	3179.5085009398	0
146.82494075686	3121.0825046566	0
171.1532516091	3120.1223127831	0
54.98921498602	3170.3183388577	0
48.019432151865	3157.7220431187	0
41.302980574615	3149.4785531391	0
52.9865580982	3146.2205546118	0
28.453379661678	3176.6031275386	0
120.92624784438	3142.544449826	0
210.9562319406	3116.1331282973	0
206.20427850836	3113.7073007473	0
211.80572834891	3110.5841758754	0
111.268004447	3140.0864043102	0
107.19152500852	3137.2491672979	0
113.61513222394	3135.2507800029	0
93.332993400014	3148.2520962179	0
84.050070659628	3153.9088683387	0
107.76623219483	3129.3781326788	0
119.39204647984	3127.5866232138	0
46.133126405361	3174.6412004037	0
43.994914379582	3177.7770961765	0
61.259282658516	3163.1250909096	0
136.69701030302	3130.8329523147	0
13.1591409439	3190.6549829507	0
12.56988776885	3185.4693576497	0
50.40378185957	3173.7650903648	0
52.163554686966	3171.0128453982	0
34.350597719826	3175.1594285769	0
48.17599512753	3169.638217203	0
42.75463198383	3170.8698706481	0
115.93849065632	3140.643077921	0
18.289450588825	3179.6289426811	0
41.289670754201	3178.7110916807	0
43.872455016922	3165.1419093958	0
49.400757132196	3164.5401734872	0
38.776080054489	3167.7643196025	0
33.113393754226	3169.7811517452	0
58.225432789648	3155.7071123509	0
23.02433722372	3166.1090625588	0
36.238004787643	3160.3315818423	0
-4.0342708984775	3195.7949841526	0
-0.44151058908095	3196.4652358066	0
216.68475770328	3115.8826636762	0
178.44996112654	3117.4959641199	0
235.23518886474	3115.6990401166	0
232.19252632509	3109.5675683239	0
1.6320833789519	3171.3012534946	0
11.404965363555	3171.3062277828	0
142.55180791019	3126.7251600248	0
95.644601947237	3124.0753024905	0
91.802036960954	3137.2598744992	0
80.835691637669	3131.4052383356	0
76.711930209908	3158.4452434695	0
101.48906355737	3145.7472208749	0
137.20036772885	3121.4481074403	0
233.38809593191	3097.4575343483	0
129.47288780474	3125.7600285722	0
154.41622148564	3114.1571141351	0
-7.007453175013	3193.46	0
218.06352352408	3109.4362255571	0
67.958212636371	3157.6901174811	0
74.885936851069	3150.1549599989	0
26.015818367871	3146.3183529	0
64.84705197674	3146.8388393935	0
82.961212821202	3143.5804106356	0
102.85467687013	3140.5207006464	0
100.44205736148	3134.9582913375	0
97.951417845731	3141.3437732355	0
186.4493937515	3116.1232351354	0
181.35878287622	3107.4881342199	0
189.80679524963	3109.6525116384	0
204.88130803051	3105.7928614665	0
164.26603459798	3116.3338902141	0
141.40251122627	3109.6404244401	0
110.6010458832	3117.2156377364	0
126.28260992547	3114.7112040891	0
223.62190286171	3104.445709098	0
245.50745317501	3101.84	0
245.50745317501	3085.99	0
7.8946751519876	3158.7736906596	0
196.41619403535	3107.4316375359	0
181.53137149125	3095.260841428	0
190.12133417859	3101.7280268981	0
198.27663034267	3099.9136418919	0
-7.007453175013	3165.46	0
171.5859670081	3111.4364903366	0
-7.007453175013	3149.46	0
214.14745634983	3103.020595174	0
171.55514168948	3100.6898543083	0
162.68219662668	3106.4116687872	0
161.81391568316	3095.3885749672	0
227.78323267322	3080.3144651661	0
62.370689087575	3130.7857620031	0
79.290099889875	3112.2024985726	0
73.14076039945	3140.5473841462	0
202.32600943188	3081.4592346432	0
213.65982481781	3084.2665859028	0
206.64470033753	3094.1191102787	0
170.31198952761	3088.0711442582	0
182.50439703348	3082.9714905394	0
185.38940212819	3071.8639745945	0
192.03285432142	3079.1906549109	0
196.59838519957	3069.0821370023	0
183.39547516979	3055.2477125292	0
245.50745317501	3070.14	0
100.80076700162	3065.6315931877	0
121.73545117515	3065.8490948854	0
112.85753500527	3076.3535522574	0
219.87479312788	3093.921712422	0
193.34583756043	3090.6406193874	0
224.86411323525	3059.028201962	0
211.66856699626	3071.5595374713	0
152.42112803588	3100.4298647306	0
142.14495241465	3095.7084503246	0
26.244032053804	3111.3231521185	0
29.583748336937	3094.4288100736	0
40.431585989367	3109.0491727752	0
130.53189910277	3099.9978775997	0
99.177227902846	3106.1883591527	0
182.37872658751	3038.44	0
166.59654494063	3038.44	0
43.470234194312	3136.7923977323	0
245.50745317501	3038.44	0
47.081582998639	3122.4143481246	0
123.45198854929	3080.5016010571	0
134.2744472123	3074.8361732384	0
134.33023625851	3087.2575631907	0
198.16090823438	3038.44	0
213.94308988126	3038.44	0
204.77195471618	3055.2978096049	0
104.50024816065	3093.2708740739	0
115.49695825409	3101.433723865	0
172.41601643622	3072.8374217518	0
31.314048614259	3125.5110245555	0
7.4317368386292	3141.437365685	0
123.55648668244	3091.3200327167	0
114.01669191887	3087.5159920848	0
58.192514742996	3109.8770117488	0
69.573584194333	3094.1505793267	0
104.32501704265	3082.3154915996	0
119.25	3038.44	0
150.81436329375	3038.44	0
89.653944606013	3088.9707033397	0
87.685636706247	3038.44	0
70.121233221872	3069.0676001247	0
56.121273412494	3038.44	0
-7.007453175013	3135.5825	0
6.8690952313441	3126.4038742247	0
-7.007453175013	3121.705	0
18.032533570524	3132.0402296301	0
11.360633614096	3107.0885776397	0
-7.007453175013	3093.95	0
18.722923799484	3120.4845589294	0
50.69306670479	3090.6346820458	0
36.471829960615	3067.2214034682	0
12.51912861084	3081.2069591955	0
-7.007453175013	3066.195	0
24.55691011874	3038.44	0
11.90299752882	3058.3018532187	0
-7.007453175013	3038.44	0
CELLS 2185 8740
3	0	1	2	
3	3	4	5	
3	6	3	5	
3	7	8	9	
3	10	11	12	
3	13	14	15	
3	11	10	16	
3	6	12	3	
3	17	18	19	
3	20	2	21	
3	22	23	24	
3	25	26	27	
3	28	25	29	
3	30	31	32	
3	33	34	35	
3	36	37	38	
3	39	5	4	
3	40	41	42	
3	43	44	45	
3	46	47	44	
3	48	49	50	
3	51	52	53	
3	54	25	55	
3	26	56	27	
3	57	58	59	
3	60	61	62	
3	63	64	65	
3	11	66	67	
3	68	69	70	
3	71	72	73	
3	74	75	76	
3	19	77	78	
3	64	63	79	
3	80	81	65	
3	82	71	83	
3	84	85	86	
3	79	87	88	
3	89	90	91	
3	92	93	94	
3	95	96	97	
3	98	99	100	
3	101	62	61	
3	88	87	102	
3	83	49	48	
3	93	92	103	
3	103	104	105	
3	106	107	108	
3	109	110	111	
3	22	97	23	
3	112	105	104	
3	61	113	114	
3	42	115	40	
3	81	63	65	
3	116	117	118	
3	119	120	121	
3	122	123	52	
3	124	125	126	
3	127	128	129	
3	130	117	116	
3	131	132	133	
3	134	135	136	
3	119	137	138	
3	139	140	141	
3	142	99	98	
3	143	144	145	
3	146	147	148	
3	149	138	15	
3	150	125	124	
3	151	7	9	
3	69	152	153	
3	154	155	156	
3	157	158	111	
3	159	160	121	
3	138	161	119	
3	162	163	164	
3	165	166	167	
3	168	169	170	
3	166	171	167	
3	172	108	107	
3	173	174	175	
3	176	177	178	
3	179	180	181	
3	182	183	68	
3	184	185	186	
3	54	26	25	
3	70	182	68	
3	55	187	54	
3	188	189	190	
3	191	192	137	
3	193	164	194	
3	195	196	187	
3	128	197	198	
3	199	200	201	
3	179	202	203	
3	191	121	160	
3	204	126	125	
3	205	206	124	
3	207	208	108	
3	209	210	211	
3	212	213	214	
3	58	215	216	
3	167	199	178	
3	150	143	145	
3	217	185	128	
3	218	199	167	
3	219	206	220	
3	221	222	223	
3	224	225	226	
3	138	149	161	
3	33	227	34	
3	228	229	230	
3	231	232	233	
3	234	235	236	
3	237	238	239	
3	240	194	241	
3	242	243	244	
3	245	246	247	
3	248	249	250	
3	251	252	253	
3	254	255	256	
3	228	230	257	
3	258	259	260	
3	142	98	158	
3	261	262	263	
3	264	263	265	
3	14	149	15	
3	266	267	268	
3	269	270	271	
3	272	273	224	
3	253	274	269	
3	269	271	253	
3	228	257	275	
3	276	277	278	
3	271	270	279	
3	250	249	280	
3	281	282	283	
3	284	285	272	
3	286	249	248	
3	287	288	289	
3	290	13	291	
3	292	293	294	
3	295	296	297	
3	298	299	300	
3	301	302	303	
3	304	305	306	
3	307	207	308	
3	309	133	310	
3	311	312	264	
3	313	314	315	
3	316	233	317	
3	318	319	13	
3	249	286	320	
3	249	321	280	
3	189	188	322	
3	323	181	180	
3	324	325	302	
3	326	168	327	
3	328	329	330	
3	258	260	331	
3	298	300	332	
3	125	333	334	
3	335	336	337	
3	338	339	340	
3	341	342	343	
3	344	278	277	
3	81	345	63	
3	346	347	348	
3	268	349	350	
3	351	352	353	
3	354	355	323	
3	348	347	356	
3	357	310	133	
3	356	358	359	
3	360	361	362	
3	363	158	98	
3	212	364	213	
3	365	366	367	
3	368	218	369	
3	370	371	372	
3	373	374	375	
3	267	376	377	
3	378	379	380	
3	367	366	381	
3	313	382	52	
3	371	370	383	
3	383	384	385	
3	386	387	388	
3	365	384	366	
3	373	389	390	
3	148	391	392	
3	152	69	68	
3	235	393	236	
3	234	394	395	
3	396	83	397	
3	237	398	399	
3	338	312	311	
3	400	401	379	
3	338	402	312	
3	403	402	340	
3	391	148	147	
3	404	17	19	
3	405	393	406	
3	386	0	20	
3	407	408	409	
3	188	410	322	
3	411	362	412	
3	413	407	409	
3	414	343	415	
3	90	416	417	
3	418	419	412	
3	267	377	349	
3	420	421	413	
3	394	422	395	
3	423	278	202	
3	53	123	424	
3	409	408	425	
3	420	426	421	
3	150	333	125	
3	350	427	352	
3	428	429	430	
3	431	432	375	
3	172	107	37	
3	433	434	190	
3	70	69	435	
3	436	437	153	
3	438	439	194	
3	164	438	194	
3	172	37	440	
3	194	240	193	
3	441	163	162	
3	42	255	254	
3	442	439	151	
3	164	163	438	
3	443	9	8	
3	256	444	445	
3	439	442	194	
3	78	446	341	
3	446	342	341	
3	129	128	198	
3	171	447	369	
3	83	71	397	
3	77	446	78	
3	448	449	182	
3	415	343	450	
3	441	415	450	
3	293	86	221	
3	239	238	451	
3	441	162	415	
3	32	31	246	
3	452	453	454	
3	417	455	456	
3	456	457	458	
3	144	116	118	
3	240	459	193	
3	130	143	219	
3	460	461	110	
3	450	343	342	
3	458	417	456	
3	227	457	34	
3	162	193	459	
3	414	162	459	
3	455	417	462	
3	119	161	120	
3	255	42	41	
3	190	189	463	
3	151	9	442	
3	464	465	40	
3	466	386	20	
3	290	332	300	
3	467	468	283	
3	469	470	471	
3	444	282	445	
3	444	467	282	
3	318	15	138	
3	472	473	18	
3	465	464	30	
3	465	41	40	
3	246	474	32	
3	281	475	445	
3	455	462	468	
3	476	477	292	
3	478	479	73	
3	478	72	480	
3	78	341	404	
3	467	283	282	
3	401	400	50	
3	481	482	483	
3	73	72	478	
3	397	479	396	
3	484	42	254	
3	464	40	115	
3	72	101	480	
3	60	485	486	
3	113	61	60	
3	124	219	143	
3	101	114	480	
3	484	475	115	
3	487	156	155	
3	20	488	466	
3	489	490	491	
3	113	60	492	
3	379	493	380	
3	153	437	69	
3	223	494	449	
3	449	494	495	
3	247	31	464	
3	9	443	241	
3	399	238	237	
3	449	495	182	
3	496	497	498	
3	68	183	152	
3	495	183	182	
3	38	37	107	
3	159	121	120	
3	494	223	222	
3	101	72	490	
3	208	207	499	
3	30	464	31	
3	380	499	207	
3	38	107	106	
3	500	90	227	
3	117	130	192	
3	479	397	73	
3	77	19	501	
3	84	37	36	
3	84	36	85	
3	474	246	8	
3	114	101	61	
3	502	222	221	
3	380	493	499	
3	100	99	503	
3	448	504	449	
3	473	472	436	
3	227	458	457	
3	70	448	182	
3	241	443	245	
3	505	184	186	
3	505	186	314	
3	473	501	18	
3	506	507	508	
3	509	147	257	
3	437	436	472	
3	398	237	510	
3	184	197	185	
3	207	108	308	
3	511	293	221	
3	512	513	392	
3	514	223	449	
3	515	424	516	
3	51	517	313	
3	230	509	257	
3	241	194	442	
3	51	313	52	
3	518	82	400	
3	515	519	520	
3	123	53	52	
3	8	7	474	
3	493	379	401	
3	519	353	520	
3	521	520	353	
3	217	186	185	
3	290	156	487	
3	168	200	327	
3	516	519	515	
3	108	208	106	
3	400	379	378	
3	168	326	169	
3	9	241	442	
3	488	522	299	
3	200	218	368	
3	60	486	492	
3	150	145	333	
3	487	523	290	
3	193	162	164	
3	524	512	391	
3	415	162	414	
3	524	147	509	
3	525	299	526	
3	48	50	400	
3	137	527	528	
3	326	1	169	
3	481	483	35	
3	200	368	327	
3	391	147	524	
3	90	458	227	
3	239	510	237	
3	197	128	185	
3	117	529	118	
3	530	531	387	
3	1	0	169	
3	314	517	505	
3	283	468	462	
3	532	310	357	
3	133	132	357	
3	62	485	60	
3	502	86	85	
3	203	278	344	
3	533	462	417	
3	532	344	277	
3	532	277	310	
3	172	440	477	
3	221	223	514	
3	534	224	142	
3	392	391	512	
3	132	131	535	
3	131	284	535	
3	521	352	427	
3	350	352	351	
3	453	452	284	
3	323	180	354	
3	534	225	224	
3	225	454	226	
3	490	62	101	
3	272	226	453	
3	142	157	534	
3	158	109	111	
3	417	458	90	
3	378	380	207	
3	510	239	536	
3	536	537	538	
3	129	198	229	
3	310	276	539	
3	350	540	427	
3	349	268	267	
3	540	350	349	
3	377	540	349	
3	535	284	452	
3	131	133	309	
3	352	521	353	
3	315	314	186	
3	140	139	541	
3	341	343	414	
3	214	541	139	
3	542	364	543	
3	423	202	181	
3	71	73	397	
3	544	538	537	
3	313	517	314	
3	543	364	212	
3	179	181	202	
3	516	123	122	
3	157	142	158	
3	202	278	203	
3	544	545	538	
3	392	546	166	
3	351	353	519	
3	533	283	462	
3	399	398	376	
3	227	33	500	
3	221	86	502	
3	2	20	0	
3	49	83	396	
3	307	378	207	
3	83	48	82	
3	448	547	504	
3	477	308	172	
3	52	548	122	
3	516	424	123	
3	229	228	129	
3	128	127	217	
3	549	410	188	
3	550	519	122	
3	546	447	171	
3	14	13	523	
3	544	537	551	
3	498	181	323	
3	542	543	545	
3	364	542	552	
3	536	239	537	
3	551	537	239	
3	376	267	399	
3	238	399	267	
3	284	272	453	
3	226	454	453	
3	355	354	141	
3	498	423	181	
3	140	541	553	
3	503	99	273	
3	363	460	109	
3	483	33	35	
3	99	142	224	
3	98	100	363	
3	272	224	226	
3	224	273	99	
3	554	100	503	
3	555	556	557	
3	558	554	503	
3	363	100	554	
3	272	559	273	
3	241	245	560	
3	363	109	158	
3	460	110	109	
3	526	299	522	
3	513	546	392	
3	561	562	204	
3	160	159	529	
3	155	154	525	
3	126	205	124	
3	563	564	471	
3	565	563	471	
3	566	567	549	
3	147	275	257	
3	299	154	300	
3	290	291	332	
3	388	178	201	
3	130	116	143	
3	404	19	78	
3	18	501	19	
3	568	569	570	
3	414	570	341	
3	246	31	247	
3	571	555	557	
3	8	246	443	
3	245	443	246	
3	256	445	254	
3	42	484	115	
3	282	281	445	
3	500	91	90	
3	482	481	461	
3	571	500	33	
3	483	571	33	
3	482	555	483	
3	476	308	477	
3	572	506	573	
3	437	435	69	
3	437	472	574	
3	48	400	82	
3	400	378	518	
3	440	37	84	
3	108	172	308	
3	548	382	575	
3	382	576	575	
3	129	228	127	
3	275	147	146	
3	392	166	148	
3	577	127	228	
3	214	213	541	
3	553	541	213	
3	545	544	542	
3	552	542	544	
3	350	578	268	
3	579	497	496	
3	141	140	355	
3	553	580	579	
3	355	496	323	
3	498	323	496	
3	131	285	284	
3	131	309	285	
3	503	273	558	
3	581	582	583	
3	447	546	513	
3	148	166	165	
3	549	434	566	
3	125	334	204	
3	154	299	525	
3	566	434	584	
3	585	569	568	
3	574	435	437	
3	533	586	587	
3	588	589	245	
3	254	445	484	
3	475	484	445	
3	461	460	482	
3	483	555	571	
3	555	460	556	
3	571	557	91	
3	485	62	489	
3	62	490	489	
3	18	17	472	
3	70	435	590	
3	86	293	84	
3	84	292	440	
3	292	477	440	
3	476	307	308	
3	448	70	590	
3	82	572	71	
3	448	590	547	
3	591	476	592	
3	550	122	548	
3	519	516	122	
3	593	205	126	
3	351	519	550	
3	213	364	552	
3	213	552	580	
3	266	238	267	
3	213	580	553	
3	355	140	496	
3	579	140	553	
3	496	140	579	
3	587	594	595	
3	596	597	598	
3	599	148	165	
3	600	601	602	
3	199	201	178	
3	603	604	605	
3	606	588	247	
3	482	460	555	
3	363	556	460	
3	90	89	416	
3	91	500	571	
3	572	607	506	
3	608	492	486	
3	472	585	574	
3	574	609	435	
3	574	585	609	
3	449	504	514	
3	548	575	610	
3	551	611	612	
3	551	612	544	
3	285	613	559	
3	614	580	615	
3	423	498	497	
3	170	201	168	
3	201	170	388	
3	433	584	434	
3	275	463	577	
3	587	281	283	
3	533	417	416	
3	581	583	609	
3	435	609	590	
3	585	581	609	
3	609	583	590	
3	590	583	547	
3	292	592	476	
3	579	616	497	
3	285	309	613	
3	17	569	585	
3	617	570	414	
3	137	192	527	
3	52	382	548	
3	177	176	618	
3	220	192	130	
3	511	221	514	
3	292	84	293	
3	488	299	298	
3	137	119	121	
3	351	578	350	
3	550	619	351	
3	310	277	276	
3	620	309	539	
3	423	621	278	
3	622	497	616	
3	169	0	386	
3	623	599	165	
3	115	606	464	
3	247	464	606	
3	533	587	283	
3	533	416	586	
3	624	91	557	
3	91	624	89	
3	511	514	625	
3	511	294	293	
3	238	266	626	
3	544	612	552	
3	529	117	160	
3	434	188	190	
3	136	627	610	
3	228	275	577	
3	291	319	470	
3	628	629	630	
3	592	631	591	
3	72	573	490	
3	315	576	313	
3	382	313	576	
3	186	632	315	
3	369	218	171	
3	632	633	315	
3	576	315	633	
3	522	20	21	
3	266	268	634	
3	273	559	558	
3	272	285	559	
3	569	17	404	
3	585	472	17	
3	620	613	309	
3	309	310	539	
3	281	595	475	
3	635	592	292	
3	219	124	206	
3	470	332	291	
3	636	637	638	
3	469	639	640	
3	504	625	514	
3	625	641	511	
3	511	641	294	
3	294	635	292	
3	547	603	504	
3	603	641	625	
3	642	547	583	
3	643	307	476	
3	625	504	603	
3	294	641	635	
3	585	568	581	
3	635	631	592	
3	603	644	641	
3	644	635	641	
3	605	644	603	
3	635	644	631	
3	642	604	547	
3	378	307	645	
3	644	605	631	
3	631	605	591	
3	646	604	647	
3	387	531	176	
3	648	649	650	
3	410	217	322	
3	291	13	319	
3	651	610	575	
3	176	388	387	
3	652	653	654	
3	238	626	451	
3	522	488	20	
3	563	565	655	
3	656	488	298	
3	567	410	549	
3	578	634	268	
3	615	552	612	
3	550	548	610	
3	619	657	351	
3	278	621	276	
3	539	276	658	
3	620	539	658	
3	659	658	621	
3	615	580	552	
3	620	660	661	
3	616	662	622	
3	658	276	621	
3	173	196	174	
3	653	663	654	
3	657	664	665	
3	666	667	564	
3	475	668	115	
3	595	669	670	
3	416	89	671	
3	281	587	595	
3	557	672	624	
3	547	604	603	
3	551	239	451	
3	551	451	611	
3	633	567	651	
3	626	266	634	
3	527	563	528	
3	386	466	387	
3	655	565	319	
3	220	667	666	
3	470	298	332	
3	57	673	215	
3	629	664	630	
3	593	562	649	
3	138	528	318	
3	136	674	134	
3	599	623	675	
3	649	562	652	
3	177	623	165	
3	648	667	206	
3	318	528	655	
3	451	602	611	
3	200	199	218	
3	627	619	550	
3	186	217	632	
3	169	386	170	
3	404	341	570	
3	582	642	583	
3	629	600	676	
3	618	677	678	
3	588	606	668	
3	669	595	594	
3	599	146	148	
3	528	563	655	
3	168	201	200	
3	614	579	580	
3	549	188	434	
3	466	656	530	
3	416	671	586	
3	586	594	587	
3	679	89	624	
3	668	606	115	
3	672	557	556	
3	680	681	672	
3	612	611	615	
3	621	423	659	
3	602	451	626	
3	578	657	634	
3	575	576	633	
3	578	351	657	
3	682	683	684	
3	562	685	652	
3	192	220	666	
3	471	564	639	
3	135	630	664	
3	686	687	596	
3	654	597	688	
3	614	689	616	
3	550	610	627	
3	522	21	526	
3	569	404	570	
3	560	240	241	
3	459	617	414	
3	240	560	690	
3	135	664	619	
3	691	630	134	
3	566	674	651	
3	136	135	627	
3	692	558	693	
3	245	247	588	
3	586	671	594	
3	669	594	671	
3	175	694	211	
3	656	469	640	
3	695	696	697	
3	698	601	683	
3	679	671	89	
3	699	642	582	
3	643	476	591	
3	307	643	645	
3	363	554	556	
3	681	624	672	
3	614	615	601	
3	634	657	665	
3	602	601	611	
3	700	671	679	
3	617	690	701	
3	568	570	701	
3	670	475	595	
3	668	475	670	
3	675	623	702	
3	675	703	599	
3	581	568	582	
3	699	582	568	
3	219	220	130	
3	626	634	665	
3	654	663	597	
3	206	667	220	
3	650	649	652	
3	654	688	650	
3	597	663	598	
3	704	640	639	
3	681	705	679	
3	589	706	707	
3	630	691	628	
3	13	15	318	
3	554	708	556	
3	679	624	681	
3	322	217	127	
3	664	657	619	
3	564	527	666	
3	703	190	463	
3	616	579	614	
3	680	709	705	
3	679	705	710	
3	711	605	646	
3	687	686	636	
3	584	712	566	
3	713	691	714	
3	715	677	618	
3	584	716	717	
3	715	640	704	
3	637	636	695	
3	718	638	637	
3	556	708	672	
3	708	709	680	
3	558	692	554	
3	672	708	680	
3	686	215	673	
3	554	692	709	
3	497	659	423	
3	658	659	719	
3	628	684	683	
3	695	673	696	
3	719	622	662	
3	690	720	701	
3	709	708	554	
3	705	681	680	
3	602	626	676	
3	626	665	676	
3	719	659	622	
3	497	622	659	
3	688	597	687	
3	713	712	717	
3	693	558	559	
3	721	661	660	
3	676	665	629	
3	722	692	723	
3	205	593	649	
3	290	300	156	
3	138	137	528	
3	167	171	218	
3	724	725	726	
3	727	508	507	
3	728	729	730	
3	674	712	714	
3	731	560	589	
3	617	701	570	
3	486	724	608	
3	491	732	733	
3	613	661	693	
3	721	693	661	
3	661	613	620	
3	693	559	613	
3	658	660	620	
3	660	658	719	
3	699	647	642	
3	604	642	647	
3	690	459	240	
3	617	459	690	
3	656	640	530	
3	600	683	601	
3	734	735	736	
3	600	602	676	
3	646	605	604	
3	518	607	572	
3	601	615	611	
3	664	629	665	
3	588	706	589	
3	670	737	668	
3	298	469	656	
3	686	695	636	
3	738	739	740	
3	729	728	741	
3	638	650	688	
3	742	735	734	
3	165	167	177	
3	685	653	652	
3	703	463	146	
3	546	171	166	
3	560	245	589	
3	669	671	700	
3	706	668	737	
3	670	669	743	
3	662	744	719	
3	744	660	719	
3	715	618	531	
3	745	746	716	
3	507	607	645	
3	518	572	82	
3	463	275	146	
3	562	593	204	
3	648	206	205	
3	745	702	678	
3	639	469	471	
3	674	136	651	
3	160	117	191	
3	662	616	689	
3	737	670	743	
3	699	701	747	
3	318	655	319	
3	748	749	750	
3	575	633	651	
3	596	215	686	
3	702	745	716	
3	677	715	751	
3	752	736	694	
3	738	746	753	
3	754	755	756	
3	577	189	322	
3	6	10	12	
3	757	758	759	
3	3	12	760	
3	88	64	79	
3	761	762	763	
3	244	764	242	
3	765	304	306	
3	279	762	766	
3	381	359	358	
3	356	359	348	
3	347	767	356	
3	395	235	234	
3	378	645	518	
3	607	518	645	
3	507	645	643	
3	506	607	507	
3	747	647	699	
3	768	643	591	
3	727	507	643	
3	490	573	491	
3	195	187	55	
3	215	58	57	
3	684	769	682	
3	584	433	716	
3	216	596	598	
3	217	410	632	
3	733	732	770	
3	506	491	573	
3	72	71	573	
3	573	71	572	
3	699	568	701	
3	605	711	591	
3	731	690	560	
3	771	731	707	
3	667	772	564	
3	469	298	470	
3	702	623	678	
3	773	673	757	
3	589	707	731	
3	690	731	720	
3	629	628	600	
3	774	775	776	
3	192	666	527	
3	134	674	714	
3	753	677	777	
3	775	744	662	
3	668	706	588	
3	706	737	748	
3	677	751	777	
3	755	778	779	
3	66	16	780	
3	781	22	24	
3	95	782	783	
3	23	97	96	
3	46	784	27	
3	739	778	785	
3	786	80	787	
3	432	76	75	
3	374	431	375	
3	788	81	786	
3	789	337	23	
3	790	345	791	
3	792	793	87	
3	105	93	103	
3	271	794	251	
3	405	795	236	
3	796	797	798	
3	311	264	265	
3	799	800	280	
3	317	233	799	
3	252	251	798	
3	764	801	802	
3	371	383	385	
3	371	803	804	
3	805	806	365	
3	803	371	385	
3	807	346	808	
3	361	430	429	
3	360	362	411	
3	767	358	356	
3	406	809	405	
3	405	236	393	
3	234	795	810	
3	419	811	411	
3	812	426	394	
3	421	407	413	
3	759	813	209	
3	759	209	211	
3	596	216	215	
3	623	177	618	
3	736	814	728	
3	638	648	650	
3	815	720	771	
3	816	724	726	
3	192	191	117	
3	745	677	753	
3	669	700	743	
3	489	733	485	
3	706	748	707	
3	731	771	720	
3	817	780	781	
3	16	66	11	
3	96	783	789	
3	760	12	11	
3	818	24	23	
3	817	781	24	
3	92	94	782	
3	789	783	94	
3	175	210	173	
3	126	204	593	
3	752	174	195	
3	618	678	623	
3	752	195	55	
3	174	196	195	
3	46	56	47	
3	45	44	47	
3	74	787	75	
3	786	81	80	
3	374	390	819	
3	63	345	79	
3	370	372	389	
3	819	390	372	
3	789	94	820	
3	95	783	96	
3	112	104	102	
3	87	793	112	
3	797	265	262	
3	236	795	234	
3	339	338	311	
3	340	402	338	
3	274	252	261	
3	262	252	798	
3	279	270	763	
3	233	232	799	
3	271	251	253	
3	263	262	265	
3	821	822	823	
3	824	825	802	
3	303	259	301	
3	826	827	295	
3	372	371	828	
3	373	390	374	
3	384	365	385	
3	803	385	365	
3	381	358	367	
3	805	367	358	
3	428	808	429	
3	346	807	347	
3	811	360	411	
3	829	347	807	
3	830	418	425	
3	412	419	411	
3	809	406	403	
3	831	405	809	
3	430	832	428	
3	833	407	421	
3	834	408	407	
3	830	425	408	
3	426	420	422	
3	426	812	421	
3	758	59	813	
3	773	757	759	
3	127	577	322	
3	650	652	654	
3	780	817	66	
3	11	67	760	
3	24	818	817	
3	835	836	837	
3	782	94	783	
3	94	93	820	
3	759	211	773	
3	59	758	57	
3	752	694	174	
3	211	210	175	
3	27	56	46	
3	44	838	46	
3	787	74	786	
3	81	788	345	
3	431	819	839	
3	67	840	760	
3	432	431	76	
3	841	76	431	
3	389	372	390	
3	372	828	819	
3	102	87	112	
3	87	79	792	
3	261	252	262	
3	763	762	279	
3	280	800	250	
3	826	260	842	
3	843	795	831	
3	316	231	233	
3	844	279	766	
3	761	764	762	
3	808	428	807	
3	347	829	767	
3	360	811	845	
3	841	431	839	
3	361	360	430	
3	832	430	360	
3	418	830	419	
3	811	419	830	
3	403	340	809	
3	405	831	795	
3	844	271	279	
3	845	832	360	
3	422	394	426	
3	833	421	812	
3	813	759	758	
3	530	387	466	
3	25	28	55	
3	713	846	691	
3	66	817	67	
3	840	67	817	
3	112	793	105	
3	793	847	93	
3	45	848	43	
3	849	44	43	
3	786	74	788	
3	850	74	841	
3	804	851	852	
3	76	841	74	
3	853	304	765	
3	840	817	818	
3	286	248	331	
3	796	854	797	
3	252	274	253	
3	258	301	259	
3	844	794	271	
3	280	321	799	
3	807	428	829	
3	855	428	832	
3	830	408	834	
3	834	856	830	
3	809	340	831	
3	857	340	339	
3	797	262	798	
3	858	834	407	
3	144	143	116	
3	170	386	388	
3	93	847	820	
3	27	29	25	
3	337	789	820	
3	23	96	789	
3	848	859	860	
3	861	838	849	
3	729	862	863	
3	718	772	667	
3	839	819	828	
3	431	374	819	
3	847	793	792	
3	93	105	793	
3	232	800	799	
3	311	265	797	
3	251	864	798	
3	244	243	316	
3	853	345	788	
3	865	847	792	
3	860	859	866	
3	838	784	46	
3	43	860	867	
3	43	867	849	
3	371	804	828	
3	335	820	847	
3	765	868	791	
3	790	865	792	
3	259	842	260	
3	812	810	833	
3	794	844	869	
3	796	798	864	
3	700	679	710	
3	870	700	710	
3	721	723	693	
3	693	723	692	
3	13	290	523	
3	660	744	721	
3	689	775	662	
3	614	601	698	
3	838	44	849	
3	848	860	43	
3	243	231	316	
3	871	872	873	
3	844	766	825	
3	822	874	823	
3	875	704	639	
3	696	876	697	
3	491	733	489	
3	485	724	486	
3	877	743	870	
3	701	720	747	
3	656	466	488	
3	878	879	735	
3	433	675	702	
3	870	743	700	
3	869	844	825	
3	864	251	794	
3	868	306	880	
3	822	821	324	
3	881	882	883	
3	884	885	886	
3	887	317	799	
3	685	562	561	
3	776	888	889	
3	890	771	748	
3	508	732	506	
3	686	673	695	
3	777	891	779	
3	648	638	718	
3	689	892	775	
3	23	337	818	
3	336	818	337	
3	28	814	55	
3	174	694	175	
3	311	854	339	
3	831	340	857	
3	365	367	805	
3	803	365	806	
3	767	893	358	
3	894	803	806	
3	833	858	407	
3	895	858	896	
3	879	211	694	
3	640	531	530	
3	304	841	305	
3	788	74	850	
3	856	897	811	
3	829	428	855	
3	55	814	752	
3	876	742	898	
3	394	234	812	
3	810	812	234	
3	854	899	900	
3	856	811	830	
3	698	892	689	
3	610	651	136	
3	861	784	838	
3	879	773	211	
3	866	859	39	
3	866	4	836	
3	835	860	866	
3	837	836	3	
3	692	722	709	
3	723	774	722	
3	705	709	722	
3	901	870	710	
3	774	744	775	
3	774	721	744	
3	124	143	150	
3	694	736	735	
3	190	675	433	
3	902	747	815	
3	903	891	875	
3	862	904	905	
3	736	730	734	
3	739	738	753	
3	707	748	771	
3	816	608	724	
3	815	771	890	
3	879	694	735	
3	639	564	772	
3	638	688	636	
3	135	619	627	
3	906	907	908	
3	297	320	826	
3	874	289	823	
3	303	325	909	
3	856	910	897	
3	766	762	802	
3	911	845	912	
3	320	321	249	
3	259	909	842	
3	288	913	289	
3	802	762	764	
3	244	316	801	
3	335	337	820	
3	766	802	825	
3	801	914	824	
3	825	824	915	
3	242	764	761	
3	764	244	801	
3	899	796	864	
3	854	311	797	
3	864	794	869	
3	916	843	917	
3	796	899	854	
3	339	900	917	
3	260	286	331	
3	887	296	918	
3	823	913	919	
3	302	325	303	
3	920	921	863	
3	739	753	922	
3	673	57	757	
3	923	696	773	
3	843	857	917	
3	843	916	924	
3	805	884	806	
3	851	804	894	
3	893	805	358	
3	805	893	884	
3	855	832	911	
3	767	925	893	
3	834	858	910	
3	829	926	767	
3	924	916	927	
3	896	810	928	
3	804	852	828	
3	853	791	345	
3	834	910	856	
3	925	885	893	
3	911	926	855	
3	804	803	894	
3	862	741	861	
3	713	714	712	
3	27	784	29	
3	784	28	29	
3	39	4	866	
3	866	836	835	
3	760	840	929	
3	930	849	867	
3	860	835	867	
3	849	930	861	
3	835	904	930	
3	28	728	814	
3	710	705	931	
3	931	901	710	
3	931	722	932	
3	877	750	743	
3	723	721	774	
3	705	722	931	
3	647	933	646	
3	934	935	936	
3	727	937	935	
3	491	506	732	
3	726	938	939	
3	772	940	941	
3	718	940	772	
3	286	826	320	
3	861	930	904	
3	942	943	944	
3	945	864	869	
3	823	289	913	
3	321	320	297	
3	839	828	852	
3	286	260	826	
3	317	914	316	
3	316	914	801	
3	295	946	947	
3	324	821	325	
3	841	304	850	
3	799	321	887	
3	909	259	303	
3	801	824	802	
3	898	697	876	
3	717	716	746	
3	894	806	884	
3	853	850	304	
3	911	912	948	
3	893	885	884	
3	305	841	839	
3	788	850	853	
3	911	832	845	
3	829	855	926	
3	4	3	836	
3	837	3	760	
3	867	835	930	
3	904	835	837	
3	774	932	722	
3	747	933	647	
3	949	901	931	
3	877	870	901	
3	614	698	689	
3	204	334	561	
3	853	765	791	
3	306	868	765	
3	840	818	336	
3	640	715	531	
3	287	883	882	
3	289	874	950	
3	826	842	827	
3	321	297	296	
3	317	918	914	
3	297	826	295	
3	946	951	947	
3	824	914	918	
3	952	823	919	
3	842	909	827	
3	953	913	288	
3	954	287	882	
3	955	956	957	
3	325	952	958	
3	894	884	886	
3	929	959	960	
3	868	961	791	
3	345	790	79	
3	950	287	289	
3	325	821	952	
3	296	947	962	
3	962	963	296	
3	964	944	946	
3	952	919	942	
3	964	958	942	
3	827	946	295	
3	882	965	966	
3	909	958	964	
3	909	325	958	
3	913	953	919	
3	823	952	821	
3	883	287	950	
3	958	952	942	
3	932	774	776	
3	878	742	876	
3	779	903	755	
3	772	967	639	
3	968	969	970	
3	683	600	628	
3	750	971	890	
3	768	711	937	
3	972	711	646	
3	711	972	937	
3	747	720	815	
3	935	508	727	
3	643	768	727	
3	591	711	768	
3	935	937	972	
3	727	768	937	
3	646	933	972	
3	724	485	733	
3	741	28	784	
3	28	741	728	
3	565	470	319	
3	704	875	751	
3	633	632	567	
3	973	846	740	
3	974	975	976	
3	888	769	889	
3	977	684	691	
3	637	978	718	
3	736	752	814	
3	877	901	949	
3	979	915	824	
3	945	907	899	
3	728	730	736	
3	941	967	772	
3	900	339	854	
3	831	857	843	
3	980	906	981	
3	924	795	843	
3	339	917	857	
3	917	900	980	
3	916	917	980	
3	811	897	845	
3	899	906	900	
3	980	900	906	
3	864	945	899	
3	916	980	981	
3	899	907	906	
3	912	845	897	
3	833	896	858	
3	895	910	858	
3	982	910	895	
3	926	948	983	
3	388	176	178	
3	636	688	687	
3	178	177	167	
3	891	777	751	
3	984	880	306	
3	984	305	839	
3	189	577	463	
3	985	986	987	
3	296	887	321	
3	918	317	887	
3	925	983	885	
3	305	984	306	
3	287	954	288	
3	953	288	954	
3	988	966	965	
3	989	328	990	
3	954	991	953	
3	964	942	944	
3	909	964	827	
3	992	993	994	
3	882	881	965	
3	954	882	966	
3	875	891	751	
3	773	696	673	
3	890	971	815	
3	995	972	933	
3	995	996	987	
3	995	933	996	
3	997	998	999	
3	925	926	983	
3	897	910	982	
3	897	1000	912	
3	716	433	702	
3	898	742	968	
3	942	919	943	
3	1001	1002	944	
3	737	749	748	
3	890	748	750	
3	696	923	876	
3	717	746	738	
3	964	946	827	
3	946	944	951	
3	949	1003	877	
3	877	1003	750	
3	879	878	923	
3	1004	1005	1003	
3	684	628	691	
3	935	972	995	
3	745	678	677	
3	135	134	630	
3	703	675	190	
3	756	941	754	
3	717	740	713	
3	903	967	756	
3	865	961	1006	
3	837	760	929	
3	154	156	300	
3	649	648	205	
3	905	863	862	
3	931	932	949	
3	732	1007	1008	
3	725	770	1009	
3	725	724	733	
3	1010	1011	1012	
3	335	1006	1013	
3	739	922	778	
3	790	961	865	
3	335	847	865	
3	790	791	961	
3	792	79	790	
3	784	861	741	
3	861	904	862	
3	1014	961	868	
3	979	824	918	
3	1015	945	869	
3	981	927	916	
3	810	795	924	
3	767	926	925	
3	926	911	948	
3	851	894	886	
3	1016	1017	1018	
3	851	984	852	
3	984	839	852	
3	943	919	953	
3	329	993	1019	
3	991	330	953	
3	991	954	966	
3	730	921	1020	
3	995	987	936	
3	1008	1007	1021	
3	833	810	896	
3	928	810	924	
3	1022	912	1000	
3	1023	1024	886	
3	895	896	928	
3	886	885	1023	
3	1001	944	943	
3	869	825	915	
3	737	743	749	
3	743	750	749	
3	892	698	682	
3	1025	1026	1027	
3	726	939	816	
3	939	938	1028	
3	988	955	966	
3	966	955	990	
3	328	991	990	
3	730	729	921	
3	773	879	923	
3	924	927	928	
3	982	1029	1030	
3	886	1024	851	
3	983	1023	885	
3	947	951	962	
3	296	295	947	
3	1031	1032	1033	
3	776	1034	932	
3	770	725	733	
3	1035	726	725	
3	1035	725	1009	
3	956	955	988	
3	990	955	957	
3	1036	1005	1037	
3	745	753	746	
3	951	1002	1038	
3	869	915	1015	
3	967	903	875	
3	1039	1040	1026	
3	770	732	1008	
3	770	1008	1009	
3	508	1007	732	
3	986	1041	936	
3	1012	1042	1010	
3	1011	1043	1035	
3	1035	938	726	
3	1043	1028	938	
3	328	989	1044	
3	966	990	991	
3	863	921	729	
3	888	682	769	
3	755	754	1045	
3	1011	1035	1009	
3	938	1035	1043	
3	990	957	989	
3	329	994	993	
3	991	328	330	
3	1046	1047	1048	
3	1011	1009	1012	
3	1043	1011	1010	
3	330	329	1019	
3	330	943	953	
3	329	1044	994	
3	1044	329	328	
3	1009	1008	1012	
3	1021	1007	934	
3	929	840	1049	
3	840	336	1049	
3	682	698	683	
3	755	903	756	
3	618	176	531	
3	1003	971	750	
3	977	769	684	
3	1050	785	778	
3	915	1051	1015	
3	915	1052	1051	
3	1053	983	948	
3	983	1053	1023	
3	775	888	776	
3	1054	1041	1055	
3	1056	1057	1058	
3	718	667	648	
3	868	880	1014	
3	336	1059	1049	
3	470	565	471	
3	715	704	751	
3	929	960	837	
3	837	960	904	
3	907	1060	908	
3	981	906	908	
3	1024	1061	851	
3	146	599	703	
3	996	933	747	
3	935	995	936	
3	971	902	815	
3	996	747	902	
3	1062	1063	971	
3	996	985	987	
3	902	1063	985	
3	987	986	936	
3	889	1034	776	
3	1064	1012	1021	
3	1065	981	908	
3	981	1065	927	
3	1045	1066	1050	
3	1027	976	1038	
3	898	978	697	
3	1003	949	1004	
3	335	1059	336	
3	865	1006	335	
3	970	898	968	
3	1067	977	846	
3	915	979	1052	
3	907	945	1015	
3	1022	1068	1053	
3	1023	1053	1018	
3	1006	961	1014	
3	527	564	563	
3	959	1049	1059	
3	1069	1070	1071	
3	1060	907	1015	
3	1072	908	1060	
3	1073	742	734	
3	959	929	1049	
3	1074	1075	1076	
3	1077	1078	1079	
3	959	1059	1080	
3	779	891	903	
3	1022	948	912	
3	1053	948	1022	
3	984	851	1061	
3	1014	1081	1006	
3	712	584	717	
3	1082	1083	1079	
3	1080	1013	1081	
3	1084	1029	1085	
3	1030	1000	982	
3	1061	880	984	
3	1018	1086	1023	
3	740	739	785	
3	940	978	1087	
3	632	410	567	
3	691	846	977	
3	928	1085	1029	
3	897	982	1000	
3	713	740	846	
3	1045	778	755	
3	508	935	934	
3	934	1007	508	
3	1041	1054	934	
3	1021	1012	1008	
3	934	936	1041	
3	1012	1064	1042	
3	876	923	878	
3	697	978	637	
3	918	963	979	
3	963	1088	979	
3	1062	971	1003	
3	996	902	985	
3	1052	1088	1089	
3	1090	1091	1022	
3	1092	998	997	
3	1030	1090	1000	
3	121	191	137	
3	637	695	697	
3	967	875	639	
3	1005	1062	1003	
3	742	1073	968	
3	1020	1073	734	
3	921	1073	1020	
3	1093	1084	1094	
3	1090	1030	1084	
3	1079	1095	1077	
3	949	932	1004	
3	296	963	918	
3	963	962	1088	
3	979	1088	1052	
3	1096	1072	1060	
3	1013	1059	335	
3	778	1045	1050	
3	1074	1062	1075	
3	742	878	735	
3	970	978	898	
3	969	968	1073	
3	892	682	888	
3	1029	982	895	
3	1084	1093	1090	
3	928	1029	895	
3	1084	1030	1029	
3	927	1097	928	
3	1085	928	1097	
3	999	1084	1085	
3	1094	1098	1093	
3	1065	997	927	
3	1097	927	997	
3	1091	1090	1093	
3	1022	1000	1090	
3	1092	997	1065	
3	999	1085	1097	
3	1016	1093	1099	
3	1053	1068	1018	
3	1094	999	998	
3	1068	1016	1018	
3	1100	998	1101	
3	1071	1102	1069	
3	1022	1091	1068	
3	1016	1068	1091	
3	997	999	1097	
3	1084	999	1094	
3	1093	1016	1091	
3	1016	1099	1017	
3	908	1072	1065	
3	1101	998	1092	
3	1099	1093	1098	
3	976	1040	974	
3	1096	1052	1089	
3	1060	1015	1051	
3	1073	1095	969	
3	1072	1092	1065	
3	1092	1072	1101	
3	1052	1096	1051	
3	1094	998	1100	
3	1072	1096	1103	
3	1099	1098	1069	
3	1100	1101	1104	
3	1094	1100	1098	
3	1105	1106	993	
3	951	1038	962	
3	1105	993	992	
3	993	1001	1019	
3	1040	1039	1032	
3	1001	993	1106	
3	943	330	1019	
3	1001	1106	1002	
3	943	1019	1001	
3	1038	1002	1106	
3	951	944	1002	
3	1106	1105	1027	
3	975	1089	1088	
3	1086	1017	1102	
3	1024	1023	1086	
3	712	674	566	
3	1107	985	1063	
3	1073	921	1095	
3	596	687	597	
3	977	1067	1108	
3	1066	1045	754	
3	986	985	1107	
3	1021	934	1054	
3	651	567	566	
3	1109	1054	1110	
3	1004	1037	1005	
3	1038	975	962	
3	1088	962	975	
3	756	967	941	
3	777	779	922	
3	922	753	777	
3	779	778	922	
3	1111	1112	974	
3	846	973	1067	
3	1004	932	1034	
3	941	1087	1113	
3	1026	1040	976	
3	1103	1101	1072	
3	1114	1115	1116	
3	1100	1104	1098	
3	1098	1104	1069	
3	986	1107	1055	
3	920	1095	921	
3	1074	1076	1107	
3	730	1020	734	
3	740	717	738	
3	1055	1041	986	
3	872	1042	1064	
3	971	1063	902	
3	1074	1063	1062	
3	1026	976	1027	
3	1060	1051	1096	
3	1014	880	1117	
3	1117	880	1061	
3	970	969	1083	
3	969	1095	1079	
3	1074	1107	1063	
3	977	889	769	
3	1038	976	975	
3	1031	1040	1032	
3	940	1087	941	
3	1118	1056	959	
3	920	1058	1057	
3	1119	1066	1113	
3	873	1110	1120	
3	57	758	757	
3	888	775	892	
3	974	1089	975	
3	1031	1111	974	
3	1096	1089	974	
3	691	134	714	
3	1121	1087	970	
3	969	1079	1083	
3	1122	1050	1066	
3	1027	1123	1025	
3	1026	1025	1039	
3	1038	1106	1027	
3	992	1123	1105	
3	1027	1105	1123	
3	862	729	741	
3	1124	1107	1076	
3	1061	1125	1117	
3	1125	1061	1024	
3	1099	1069	1017	
3	1081	1117	1126	
3	1126	1117	1125	
3	1014	1117	1081	
3	1017	1086	1018	
3	1125	1024	1086	
3	1127	1104	1103	
3	1125	1128	1126	
3	1081	1126	1129	
3	1056	905	960	
3	1118	959	1080	
3	960	905	904	
3	1130	1131	1078	
3	1056	1058	905	
3	959	1056	960	
3	1056	1118	1057	
3	1130	1132	1131	
3	1131	1082	1078	
3	920	1057	1077	
3	863	905	1058	
3	920	1077	1095	
3	863	1058	920	
3	718	978	940	
3	1087	978	970	
3	1087	1121	1119	
3	941	1113	754	
3	1122	785	1050	
3	1133	1134	1135	
3	1136	1076	1075	
3	973	1137	1067	
3	1077	1057	1078	
3	1138	1122	1066	
3	1102	1125	1086	
3	1114	1082	1131	
3	1080	1115	1132	
3	1115	1131	1132	
3	1119	1113	1087	
3	1066	754	1113	
3	1114	1131	1115	
3	1082	1114	1139	
3	1083	1082	1139	
3	1066	1119	1138	
3	1078	1057	1130	
3	1079	1078	1082	
3	1057	1118	1130	
3	1132	1130	1118	
3	1118	1080	1132	
3	1080	1081	1129	
3	1080	1129	1115	
3	1138	1119	1140	
3	1081	1013	1006	
3	1080	1059	1013	
3	1054	1109	1021	
3	1064	1021	1109	
3	1110	1054	1055	
3	871	1042	872	
3	872	1064	1109	
3	1124	1055	1107	
3	1110	1141	1120	
3	1109	1110	872	
3	871	873	1142	
3	872	1110	873	
3	1143	1142	1120	
3	1127	1103	1144	
3	1111	1031	1033	
3	1108	889	977	
3	1075	1005	1036	
3	1037	1004	1034	
3	1075	1062	1005	
3	1036	1145	1136	
3	1146	1147	1134	
3	740	785	973	
3	1137	973	785	
3	1145	1147	1148	
3	1111	1033	1149	
3	974	1040	1031	
3	1133	889	1108	
3	1067	1150	1108	
3	785	1122	1137	
3	1145	1037	1135	
3	1055	1124	1141	
3	873	1120	1142	
3	1144	1149	1151	
3	1103	1104	1101	
3	1145	1036	1037	
3	1136	1075	1036	
3	974	1112	1096	
3	1144	1111	1149	
3	1152	1076	1136	
3	1055	1141	1110	
3	1152	1124	1076	
3	1141	1124	1152	
3	1153	1154	1155	
3	1156	1143	1120	
3	1150	1134	1108	
3	889	1133	1034	
3	1128	1102	1071	
3	1116	1157	1158	
3	1128	1159	1126	
3	1129	1126	1159	
3	1160	1161	1162	
3	1153	1155	1163	
3	1145	1135	1147	
3	1133	1108	1134	
3	1037	1034	1133	
3	1137	1154	1150	
3	1134	1150	1153	
3	1067	1137	1150	
3	1137	1122	1154	
3	1150	1154	1153	
3	1136	1145	1148	
3	970	1083	1121	
3	1121	1083	1140	
3	1119	1121	1140	
3	1164	1165	1166	
3	1116	1115	1129	
3	1116	1159	1157	
3	1112	1144	1103	
3	1069	1102	1017	
3	1125	1102	1128	
3	1164	1146	1163	
3	1134	1147	1135	
3	1133	1135	1037	
3	1167	1165	1168	
3	1136	1148	1162	
3	1146	1134	1153	
3	1146	1153	1163	
3	1169	1143	1156	
3	1170	1171	1172	
3	1141	1173	1120	
3	1146	1164	1174	
3	1175	1156	1176	
3	1148	1174	1162	
3	1147	1174	1148	
3	1163	1155	1047	
3	1152	1136	1162	
3	1177	1138	1178	
3	1141	1152	1173	
3	1138	1177	1122	
3	1154	1122	1177	
3	1139	1140	1083	
3	1178	1047	1177	
3	1104	1127	1070	
3	1179	1180	1181	
3	1182	1138	1140	
3	1177	1155	1154	
3	1146	1174	1147	
3	1144	1112	1111	
3	1103	1096	1112	
3	1157	1128	1071	
3	1129	1159	1116	
3	1159	1128	1157	
3	1114	1158	1183	
3	1155	1177	1047	
3	1184	1168	1185	
3	1114	1116	1158	
3	1182	1178	1138	
3	1186	1070	1127	
3	1160	1174	1166	
3	1173	1161	1156	
3	1187	1169	1175	
3	1176	1161	1160	
3	1186	1188	1157	
3	1189	1190	1191	
3	1192	1193	1194	
3	1195	1196	1183	
3	1164	1163	1197	
3	1160	1166	1167	
3	1140	1139	1196	
3	1178	1191	1047	
3	1104	1070	1069	
3	1127	1198	1186	
3	1144	1151	1199	
3	1186	1071	1070	
3	1162	1173	1152	
3	1120	1173	1156	
3	1190	1189	1171	
3	1163	1047	1197	
3	1047	1190	1048	
3	1174	1164	1166	
3	1165	1164	1197	
3	1160	1167	1176	
3	1174	1160	1162	
3	1168	1165	1197	
3	1167	1166	1165	
3	1192	1168	1184	
3	1175	1169	1156	
3	1156	1161	1176	
3	1173	1162	1161	
3	1200	1191	1182	
3	1048	1190	1171	
3	1178	1182	1191	
3	1140	1196	1182	
3	1047	1191	1190	
3	1200	1182	1196	
3	1199	1127	1144	
3	1198	1181	1188	
3	1195	1201	1196	
3	1191	1200	1189	
3	1158	1202	1203	
3	1195	1204	1201	
3	1200	1201	1189	
3	1205	1206	1048	
3	1196	1201	1200	
3	1189	1172	1171	
3	1172	1189	1201	
3	1204	1170	1172	
3	1183	1196	1139	
3	1195	1183	1207	
3	1201	1204	1172	
3	1114	1183	1139	
3	1183	1158	1207	
3	1204	1195	1207	
3	1158	1157	1202	
3	1208	1209	1210	
3	1170	1209	1208	
3	1171	1170	1205	
3	1151	1211	1199	
3	1199	1211	1212	
3	1212	1211	1213	
3	1214	1199	1212	
3	1213	1215	1212	
3	1167	1194	1176	
3	1194	1175	1176	
3	1187	1175	1193	
3	1215	1213	1216	
3	1199	1214	1127	
3	1188	1186	1198	
3	1157	1071	1186	
3	1214	1212	1217	
3	1157	1188	1202	
3	1215	1180	1179	
3	1218	1209	1203	
3	1188	1181	1202	
3	1219	1218	1180	
3	1168	1194	1167	
3	1175	1194	1193	
3	1220	1180	1215	
3	1179	1198	1217	
3	1217	1212	1215	
3	1198	1127	1214	
3	1179	1217	1215	
3	1198	1214	1217	
3	1220	1215	1216	
3	1198	1179	1181	
3	1221	1220	1216	
3	1219	1222	1210	
3	1223	1220	1221	
3	1218	1181	1180	
3	1203	1207	1158	
3	1180	1220	1219	
3	1218	1219	1209	
3	1202	1181	1218	
3	1219	1210	1209	
3	1207	1209	1170	
3	1046	1048	1206	
3	1168	1192	1194	
3	1205	1048	1171	
3	1206	1185	1046	
3	1046	1168	1197	
3	1168	1046	1185	
3	1047	1046	1197	
3	1223	1224	1222	
3	1218	1203	1202	
3	1207	1203	1209	
3	1223	1219	1220	
3	1222	1219	1223	
3	1224	1223	1221	
3	1207	1170	1204	
3	1205	1170	1208	
CELL_TYPES 2185
5 5 5 5 5 5 5 5 5 5 5 5 5 5 5 5 5 5 5 5 5 5 5 5 5 5 5 5 5 5 5 5 5 5 5 5 5 5 5 5 5 5 5 5 5 5 5 5 5 5 5 5 5 5 5 5 5 5 5 5 5 5 5 5 5 5 5 5 5 5 5 5 5 5 5 5 5 5 5 5 5 5 5 5 5 5 5 5 5 5 5 5 5 5 5 5 5 5 5 5 5 5 5 5 5 5 5 5 5 5 5 5 5 5 5 5 5 5 5 5 5 5 5 5 5 5 5 5 5 5 5 5 5 5 5 5 5 5 5 5 5 5 5 5 5 5 5 5 5 5 5 5 5 5 5 5 5 5 5 5 5 5 5 5 5 5 5 5 5 5 5 5 5 5 5 5 5 5 5 5 5 5 5 5 5 5 5 5 5 5 5 5 5 5 5 5 5 5 5 5 5 5 5 5 5 5 5 5 5 5 5 5 5 5 5 5 5 5 5 5 5 5 5 5 5 5 5 5 5 5 5 5 5 5 5 5 5 5 5 5 5 5 5 5 5 5 5 5 5 5 5 5 5 5 5 5 5 5 5 5 5 5 5 5 5 5 5 5 5 5 5 5 5 5 5 5 5 5 5 5 5 5 5 5 5 5 5 5 5 5 5 5 5 5 5 5 5 5 5 5 5 5 5 5 5 5 5 5 5 5 5 5 5 5 5 5 5 5 5 5 5 5 5 5 5 5 5 5 5 5 5 5 5 5 5 5 5 5 5 5 5 5 5 5 5 5 5 5 5 5 5 5 5 5 5 5 5 5 5 5 5 5 5 5 5 5 5 5 5 5 5 5 5 5 5 5 5 5 5 5 5 5 5 5 5 5 5 5 5 5 5 5 5 5 5 5 5 5 5 5 5 5 5 5 5 5 5 5 5 5 5 5 5 5 5 5 5 5 5 5 5 5 5 5 5 5 5 5 5 5 5 5 5 5 5 5 5 5 5 5 5 5 5 5 5 5 5 5 5 5 5 5 5 5 5 5 5 5 5 5 5 5 5 5 5 5 5 5 5 5 5 5 5 5 5 5 5 5 5 5 5 5 5 5 5 5 5 5 5 5 5 5 5 5 5 5 5 5 5 5 5 5 5 5 5 5 5 5 5 5 5 5 5 5 5 5 5 5 5 5 5 5 5 5 5 5 5 5 5 5 5 5 5 5 5 5 5 5 5 5 5 5 5 5 5 5 5 5 5 5 5 5 5 5 5 5 5 5 5 5 5 5 5 5 5 5 5 5 5 5 5 5 5 5 5 5 5 5 5 5 5 5 5 5 5 5 5 5 5 5 5 5 5 5 5 5 5 5 5 5 5 5 5 5 5 5 5 5 5 5 5 5 5 5 5 5 5 5 5 5 5 5 5 5 5 5 5 5 5 5 5 5 5 5 5 5 5 5 5 5 5 5 5 5 5 5 5 5 5 5 5 5 5 5 5 5 5 5 5 5 5 5 5 5 5 5 5 5 5 5 5 5 5 5 5 5 5 5 5 5 5 5 5 5 5 5 5 5 5 5 5 5 5 5 5 5 5 5 5 5 5 5 5 5 5 5 5 5 5 5 5 5 5 5 5 5 5 5 5 5 5 5 5 5 5 5 5 5 5 5 5 5 5 5 5 5 5 5 5 5 5 5 5 5 5 5 5 5 5 5 5 5 5 5 5 5 5 5 5 5 5 5 5 5 5 5 5 5 5 5 5 5 5 5 5 5 5 5 5 5 5 5 5 5 5 5 5 5 5 5 5 5 5 5 5 5 5 5 5 5 5 5 5 5 5 5 5 5 5 5 5 5 5 5 5 5 5 5 5 5 5 5 5 5 5 5 5 5 5 5 5 5 5 5 5 5 5 5 5 5 5 5 5 5 5 5 5 5 5 5 5 5 5 5 5 5 5 5 5 5 5 5 5 5 5 5 5 5 5 5 5 5 5 5 5 5 5 5 5 5 5 5 5 5 5 5 5 5 5 5 5 5 5 5 5 5 5 5 5 5 5 5 5 5 5 5 5 5 5 5 5 5 5 5 5 5 5 5 5 5 5 5 5 5 5 5 5 5 5 5 5 5 5 5 5 5 5 5 5 5 5 5 5 5 5 5 5 5 5 5 5 5 5 5 5 5 5 5 5 5 5 5 5 5 5 5 5 5 5 5 5 5 5 5 5 5 5 5 5 5 5 5 5 5 5 5 5 5 5 5 5 5 5 5 5 5 5 5 5 5 5 5 5 5 5 5 5 5 5 5 5 5 5 5 5 5 5 5 5 5 5 5 5 5 5 5 5 5 5 5 5 5 5 5 5 5 5 5 5 5 5 5 5 5 5 5 5 5 5 5 5 5 5 5 5 5 5 5 5 5 5 5 5 5 5 5 5 5 5 5 5 5 5 5 5 5 5 5 5 5 5 5 5 5 5 5 5 5 5 5 5 5 5 5 5 5 5 5 5 5 5 5 5 5 5 5 5 5 5 5 5 5 5 5 5 5 5 5 5 5 5 5 5 5 5 5 5 5 5 5 5 5 5 5 5 5 5 5 5 5 5 5 5 5 5 5 5 5 5 5 5 5 5 5 5 5 5 5 5 5 5 5 5 5 5 5 5 5 5 5 5 5 5 5 5 5 5 5 5 5 5 5 5 5 5 5 5 5 5 5 5 5 5 5 5 5 5 5 5 5 5 5 5 5 5 5 5 5 5 5 5 5 5 5 5 5 5 5 5 5 5 5 5 5 5 5 5 5 5 5 5 5 5 5 5 5 5 5 5 5 5 5 5 5 5 5 5 5 5 5 5 5 5 5 5 5 5 5 5 5 5 5 5 5 5 5 5 5 5 5 5 5 5 5 5 5 5 5 5 5 5 5 5 5 5 5 5 5 5 5 5 5 5 5 5 5 5 5 5 5 5 5 5 5 5 5 5 5 5 5 5 5 5 5 5 5 5 5 5 5 5 5 5 5 5 5 5 5 5 5 5 5 5 5 5 5 5 5 5 5 5 5 5 5 5 5 5 5 5 5 5 5 5 5 5 5 5 5 5 5 5 5 5 5 5 5 5 5 5 5 5 5 5 5 5 5 5 5 5 5 5 5 5 5 5 5 5 5 5 5 5 5 5 5 5 5 5 5 5 5 5 5 5 5 5 5 5 5 5 5 5 5 5 5 5 5 5 5 5 5 5 5 5 5 5 5 5 5 5 5 5 5 5 5 5 5 5 5 5 5 5 5 5 5 5 5 5 5 5 5 5 5 5 5 5 5 5 5 5 5 5 5 5 5 5 5 5 5 5 5 5 5 5 5 5 5 5 5 5 5 5 5 5 5 5 5 5 5 5 5 5 5 5 5 5 5 5 5 5 5 5 5 5 5 5 5 5 5 5 5 5 5 5 5 5 5 5 5 5 5 5 5 5 5 5 5 5 5 5 5 5 5 5 5 5 5 5 5 5 5 5 5 5 5 5 5 5 5 5 5 5 5 5 5 5 5 5 5 5 5 5 5 5 5 5 5 5 5 5 5 5 5 5 5 5 5 5 5 5 5 5 5 5 5 5 5 5 5 5 5 5 5 5 5 5 5 5 5 5 5 5 5 5 5 5 5 5 5 5 5 5 5 5 5 5 5 5 5 5 5 5 5 5 5 5 5 5 5 5 5 5 5 5 5 5 5 5 5 5 5 5 5 5 5 5 5 5 5 5 5 5 5 5 5 5 5 5 5 5 5 5 5 5 5 5 5 5 5 5 5 5 5 5 5 5 5 5 5 5 5 5 5 5 5 5 5 5 5 5 5 5 5 5 5 5 5 5 5 5 5 5 5 5 5 5 5 5 5 5 5 5 5 5 5 5 5 5 5 5 5 5 5 5 5 5 5 5 5 5 5 5 5 5 5 5 5 5 5 5 5 5 5 5 5 5 5 5 5 5 5 5 5 5 5 5 5 5 5 5 5 5 5 5 5 5 5 5 5 5 5 5 5 5 5 5 5 5 5 5 5 5 5 5 5 5 5 5 5 5 5 5 5 5 5 5 5 5 5 5 5 5 5 5 5 5 5 5 5 5 5 5 5 5 5 5 5 5 5 5 5 5 5 5 5 5 5 5 5 5 5 5 5 5 5 5 5 5 5 5 5 5 5 5 5 5 5 5 5 5 5 5 5 5 5 5 5 5 5 5 5 5 5 5 5 5 5 5 5 5 5 5 5 5 5 5 5 5 5 5 5 5 5 5 5 5 5 5 5 5 5 5 5 5 5 5 5 5 5 5 5 5 5 5 5 5 5 5 5 5 5 5 5 5 5 5 5 5 5 5 5 5 5 5 5 5 5 5 5 5 5 5 5 5 5 5 5 5 5 5 5 5 5 5 5 5 5 5 5 5 5 5 5 5 5 5 5 5 5 5 5 5 5 5 5 5 5 5 5 5 5 5 5 5 5 5 5 5 5 5 5 5 5 5 5 5 5 5 5 5 5 5 5 5 5 5 5 5 5 5 5 5 5 5 5 5 5 5 5 5 5 5 5 5 5 5 5 5 5 5 5 5 5 5 5 5 5 5 5 5 5 5 5 5 5 5 5 5 5 5 5 5 5 5 5 5 5 5 5 5 5 5 5 5 5 5 5 5 5 5 5 5 5 5 5 5 5 5 5 5 5 5 5 5 5 5 5 5 5 5 5 5 5 5 5 5 5 5 5 5 5 5 5 5 5 5 5 5 5 5 5 5 5 5 5 5 5 5 5 5 5 5 5 5 5 5 5 5 5 5 5 5 5 5 5 5 5 5 5 5 5 5 5 5 5 5 5 5 5 5 5 5 5 5 5 5 5 5 5 5 5 5 5 5 5 5 5 5 5 5 5 5 5 5 5 5 5 5 5 5 5 5 5 5 5 5 5 5 5 5 5 5 5 5 5 5 
CELL_DATA 2185
SCALARS Marker double 1
LOOKUP_TABLE default
0 1 2 3 4 5 6 7 8 9 10 11 12 13 14 15 16 17 18 19 20 21 22 23 24 25 26 27 28 29 30 31 32 33 34 35 36 37 38 39 40 41 42 43 44 45 46 47 48 49 50 51 52 53 54 55 56 57 58 59 60 61 62 63 64 65 66 67 68 69 70 71 72 73 74 75 76 77 78 79 80 81 82 83 84 85 86 87 88 89 90 91 92 93 94 95 96 97 98 99 100 101 102 103 104 105 106 107 108 109 110 111 112 113 114 115 116 117 118 119 120 121 122 123 124 125 126 127 128 129 130 131 132 133 134 135 136 137 138 139 140 141 142 143 144 145 146 147 148 149 150 151 152 153 154 155 156 157 158 159 160 161 162 163 164 165 166 167 168 169 170 171 172 173 174 175 176 177 178 179 180 181 182 183 184 185 186 187 188 189 190 191 192 193 194 195 196 197 198 199 200 201 202 203 204 205 206 207 208 209 210 211 212 213 214 215 216 217 218 219 220 221 222 223 224 225 226 227 228 229 230 231 232 233 234 235 236 237 238 239 240 241 242 243 244 245 246 247 248 249 250 251 252 253 254 255 256 257 258 259 260 261 262 263 264 265 266 267 268 269 270 271 272 273 274 275 276 277 278 279 280 281 282 283 284 285 286 287 288 289 290 291 292 293 294 295 296 297 298 299 300 301 302 303 304 305 306 307 308 309 310 311 312 313 314 315 316 317 318 319 320 321 322 323 324 325 326 327 328 329 330 331 332 333 334 335 336 337 338 339 340 341 342 343 344 345 346 347 348 349 350 351 352 353 354 355 356 357 358 359 360 361 362 363 364 365 366 367 368 369 370 371 372 373 374 375 376 377 378 379 380 381 382 383 384 385 386 387 388 389 390 391 392 393 394 395 396 397 398 399 400 401 402 403 404 405 406 407 408 409 410 411 412 413 414 415 416 417 418 419 420 421 422 423 424 425 426 427 428 429 430 431 432 433 434 435 436 437 438 439 440 441 442 443 444 445 446 447 448 449 450 451 452 453 454 455 456 457 458 459 460 461 462 463 464 465 466 467 468 469 470 471 472 473 474 475 476 477 478 479 480 481 482 483 484 485 486 487 488 489 490 491 492 493 494 495 496 497 498 499 500 501 502 503 504 505 506 507 508 509 510 511 512 513 514 515 516 517 518 519 520 521 522 523 524 525 526 527 528 529 530 531 532 533 534 535 536 537 538 539 540 541 542 543 544 545 546 547 548 549 550 551 552 553 554 555 556 557 558 559 560 561 562 563 564 565 566 567 568 569 570 571 572 573 574 575 576 577 578 579 580 581 582 583 584 585 586 587 588 589 590 591 592 593 594 595 596 597 598 599 600 601 602 603 604 605 606 607 608 609 610 611 612 613 614 615 616 617 618 619 620 621 622 623 624 625 626 627 628 629 630 631 632 633 634 635 636 637 638 639 640 641 642 643 644 645 646 647 648 649 650 651 652 653 654 655 656 657 658 659 660 661 662 663 664 665 666 667 668 669 670 671 672 673 674 675 676 677 678 679 680 681 682 683 684 685 686 687 688 689 690 691 692 693 694 695 696 697 698 699 700 701 702 703 704 705 706 707 708 709 710 711 712 713 714 715 716 717 718 719 720 721 722 723 724 725 726 727 728 729 730 731 732 733 734 735 736 737 738 739 740 741 742 743 744 745 746 747 748 749 750 751 752 753 754 755 756 757 758 759 760 761 762 763 764 765 766 767 768 769 770 771 772 773 774 775 776 777 778 779 780 781 782 783 784 785 786 787 788 789 790 791 792 793 794 795 796 797 798 799 800 801 802 803 804 805 806 807 808 809 810 811 812 813 814 815 816 817 818 819 820 821 822 823 824 825 826 827 828 829 830 831 832 833 834 835 836 837 838 839 840 841 842 843 844 845 846 847 848 849 850 851 852 853 854 855 856 857 858 859 860 861 862 863 864 865 866 867 868 869 870 871 872 873 874 875 876 877 878 879 880 881 882 883 884 885 886 887 888 889 890 891 892 893 894 895 896 897 898 899 900 901 902 903 904 905 906 907 908 909 910 911 912 913 914 915 916 917 918 919 920 921 922 923 924 925 926 927 928 929 930 931 932 933 934 935 936 937 938 939 940 941 942 943 944 945 946 947 948 949 950 951 952 953 954 955 956 957 958 959 960 961 962 963 964 965 966 967 968 969 970 971 972 973 974 975 976 977 978 979 980 981 982 983 984 985 986 987 988 989 990 991 992 993 994 995 996 997 998 999 1000 1001 1002 1003 1004 1005 1006 1007 1008 1009 1010 1011 1012 1013 1014 1015 1016 1017 1018 1019 1020 1021 1022 1023 1024 1025 1026 1027 1028 1029 1030 1031 1032 1033 1034 1035 1036 1037 1038 1039 1040 1041 1042 1043 1044 1045 1046 1047 1048 1049 1050 1051 1052 1053 1054 1055 1056 1057 1058 1059 1060 1061 1062 1063 1064 1065 1066 1067 1068 1069 1070 1071 1072 1073 1074 1075 1076 1077 1078 1079 1080 1081 1082 1083 1084 1085 1086 1087 1088 1089 1090 1091 1092 1093 1094 1095 1096 1097 1098 1099 1100 1101 1102 1103 1104 1105 1106 1107 1108 1109 1110 1111 1112 1113 1114 1115 1116 1117 1118 1119 1120 1121 1122 1123 1124 1125 1126 1127 1128 1129 1130 1131 1132 1133 1134 1135 1136 1137 1138 1139 1140 1141 1142 1143 1144 1145 1146 1147 1148 1149 1150 1151 1152 1153 1154 1155 1156 1157 1158 1159 1160 1161 1162 1163 1164 1165 1166 1167 1168 1169 1170 1171 1172 1173 1174 1175 1176 1177 1178 1179 1180 1181 1182 1183 1184 1185 1186 1187 1188 1189 1190 1191 1192 1193 1194 1195 1196 1197 1198 1199 1200 1201 1202 1203 1204 1205 1206 1207 1208 1209 1210 1211 1212 1213 1214 1215 1216 1217 1218 1219 1220 1221 1222 1223 1224 1225 1226 1227 1228 1229 1230 1231 1232 1233 1234 1235 1236 1237 1238 1239 1240 1241 1242 1243 1244 1245 1246 1247 1248 1249 1250 1251 1252 1253 1254 1255 1256 1257 1258 1259 1260 1261 1262 1263 1264 1265 1266 1267 1268 1269 1270 1271 1272 1273 1274 1275 1276 1277 1278 1279 1280 1281 1282 1283 1284 1285 1286 1287 1288 1289 1290 1291 1292 1293 1294 1295 1296 1297 1298 1299 1300 1301 1302 1303 1304 1305 1306 1307 1308 1309 1310 1311 1312 1313 1314 1315 1316 1317 1318 1319 1320 1321 1322 1323 1324 1325 1326 1327 1328 1329 1330 1331 1332 1333 1334 1335 1336 1337 1338 1339 1340 1341 1342 1343 1344 1345 1346 1347 1348 1349 1350 1351 1352 1353 1354 1355 1356 1357 1358 1359 1360 1361 1362 1363 1364 1365 1366 1367 1368 1369 1370 1371 1372 1373 1374 1375 1376 1377 1378 1379 1380 1381 1382 1383 1384 1385 1386 1387 1388 1389 1390 1391 1392 1393 1394 1395 1396 1397 1398 1399 1400 1401 1402 1403 1404 1405 1406 1407 1408 1409 1410 1411 1412 1413 1414 1415 1416 1417 1418 1419 1420 1421 1422 1423 1424 1425 1426 1427 1428 1429 1430 1431 1432 1433 1434 1435 1436 1437 1438 1439 1440 1441 1442 1443 1444 1445 1446 1447 1448 1449 1450 1451 1452 1453 1454 1455 1456 1457 1458 1459 1460 1461 1462 1463 1464 1465 1466 1467 1468 1469 1470 1471 1472 1473 1474 1475 1476 1477 1478 1479 1480 1481 1482 1483 1484 1485 1486 1487 1488 1489 1490 1491 1492 1493 1494 1495 1496 1497 1498 1499 1500 1501 1502 1503 1504 1505 1506 1507 1508 1509 1510 1511 1512 1513 1514 1515 1516 1517 1518 1519 1520 1521 1522 1523 1524 1525 1526 1527 1528 1529 1530 1531 1532 1533 1534 1535 1536 1537 1538 1539 1540 1541 1542 1543 1544 1545 1546 1547 1548 1549 1550 1551 1552 1553 1554 1555 1556 1557 1558 1559 1560 1561 1562 1563 1564 1565 1566 1567 1568 1569 1570 1571 1572 1573 1574 1575 1576 1577 1578 1579 1580 1581 1582 1583 1584 1585 1586 1587 1588 1589 1590 1591 1592 1593 1594 1595 1596 1597 1598 1599 1600 1601 1602 1603 1604 1605 1606 1607 1608 1609 1610 1611 1612 1613 1614 1615 1616 1617 1618 1619 1620 1621 1622 1623 1624 1625 1626 1627 1628 1629 1630 1631 1632 1633 1634 1635 1636 1637 1638 1639 1640 1641 1642 1643 1644 1645 1646 1647 1648 1649 1650 1651 1652 1653 1654 1655 1656 1657 1658 1659 1660 1661 1662 1663 1664 1665 1666 1667 1668 1669 1670 1671 1672 1673 1674 1675 1676 1677 1678 1679 1680 1681 1682 1683 1684 1685 1686 1687 1688 1689 1690 1691 1692 1693 1694 1695 1696 1697 1698 1699 1700 1701 1702 1703 1704 1705 1706 1707 1708 1709 1710 1711 1712 1713 1714 1715 1716 1717 1718 1719 1720 1721 1722 1723 1724 1725 1726 1727 1728 1729 1730 1731 1732 1733 1734 1735 1736 1737 1738 1739 1740 1741 1742 1743 1744 1745 1746 1747 1748 1749 1750 1751 1752 1753 1754 1755 1756 1757 1758 1759 1760 1761 1762 1763 1764 1765 1766 1767 1768 1769 1770 1771 1772 1773 1774 1775 1776 1777 1778 1779 1780 1781 1782 1783 1784 1785 1786 1787 1788 1789 1790 1791 1792 1793 1794 1795 1796 1797 1798 1799 1800 1801 1802 1803 1804 1805 1806 1807 1808 1809 1810 1811 1812 1813 1814 1815 1816 1817 1818 1819 1820 1821 1822 1823 1824 1825 1826 1827 1828 1829 1830 1831 1832 1833 1834 1835 1836 1837 1838 1839 1840 1841 1842 1843 1844 1845 1846 1847 1848 1849 1850 1851 1852 1853 1854 1855 1856 1857 1858 1859 1860 1861 1862 1863 1864 1865 1866 1867 1868 1869 1870 1871 1872 1873 1874 1875 1876 1877 1878 1879 1880 1881 1882 1883 1884 1885 1886 1887 1888 1889 1890 1891 1892 1893 1894 1895 1896 1897 1898 1899 1900 1901 1902 1903 1904 1905 1906 1907 1908 1909 1910 1911 1912 1913 1914 1915 1916 1917 1918 1919 1920 1921 1922 1923 1924 1925 1926 1927 1928 1929 1930 1931 1932 1933 1934 1935 1936 1937 1938 1939 1940 1941 1942 1943 1944 1945 1946 1947 1948 1949 1950 1951 1952 1953 1954 1955 1956 1957 1958 1959 1960 1961 1962 1963 1964 1965 1966 1967 1968 1969 1970 1971 1972 1973 1974 1975 1976 1977 1978 1979 1980 1981 1982 1983 1984 1985 1986 1987 1988 1989 1990 1991 1992 1993 1994 1995 1996 1997 1998 1999 2000 2001 2002 2003 2004 2005 2006 2007 2008 2009 2010 2011 2012 2013 2014 2015 2016 2017 2018 2019 2020 2021 2022 2023 2024 2025 2026 2027 2028 2029 2030 2031 2032 2033 2034 2035 2036 2037 2038 2039 2040 2041 2042 2043 2044 2045 2046 2047 2048 2049 2050 2051 2052 2053 2054 2055 2056 2057 2058 2059 2060 2061 2062 2063 2064 2065 2066 2067 2068 2069 2070 2071 2072 2073 2074 2075 2076 2077 2078 2079 2080 2081 2082 2083 2084 2085 2086 2087 2088 2089 2090 2091 2092 2093 2094 2095 2096 2097 2098 2099 2100 2101 2102 2103 2104 2105 2106 2107 2108 2109 2110 2111 2112 2113 2114 2115 2116 2117 2118 2119 2120 2121 2122 2123 2124 2125 2126 2127 2128 2129 2130 2131 2132 2133 2134 2135 2136 2137 2138 2139 2140 2141 2142 2143 2144 2145 2146 2147 2148 2149 2150 2151 2152 2153 2154 2155 2156 2157 2158 2159 2160 2161 2162 2163 2164 2165 2166 2167 2168 2169 2170 2171 2172 2173 2174 2175 2176 2177 2178 2179 2180 2181 2182 2183 2184 
SCALARS resistivity_t0 double 1
LOOKUP_TABLE default
1027.4006882093 152.09183825256 157.71704846661 217.71905138746 173.96914795279 579.04808936837 161.85384551017 165.61091806034 237.11978743796 464.46730120511 226.75968142369 404.29359007995 185.63967434323 223.7179690916 150.60644725162 392.59483343367 166.76578838732 269.8693515453 186.95243231571 208.4580948194 404.94956608486 412.99933914876 399.76925632193 453.16934345712 552.4421563513 131.28625922353 378.81988075434 224.54700519515 194.8707582689 201.82480732125 477.99056459883 408.2587858492 542.1154893854 508.25717399174 193.31048691537 339.85708624079 359.84327513248 144.81599766171 481.73203773773 522.30803087601 218.43381926721 133.36887112383 389.95538492862 435.07581568824 627.19967145923 830.68560982935 551.67499950988 205.04924955046 257.9725205586 821.46372775491 124.57181521186 218.4643962393 372.4079983361 668.11278802393 790.32870998534 317.31097223883 487.74384242002 346.72170267408 552.7244274686 216.09195638964 172.96063675285 372.68068765027 229.43031454426 309.93780522554 1004.8222563424 265.84726665881 663.82174790367 595.86157254777 263.04184709989 339.50707245123 750.99891023091 4600.0293022742 848.20231880832 579.43693115362 345.99782034241 165.65586821048 358.89360270363 265.89209943927 317.74848426698 386.01070756089 143.45349339678 228.1881113354 226.63950189881 408.51102411086 441.29895299815 184.16436285977 512.85311913107 161.10719257466 251.50432338596 227.53106507176 503.48737837058 640.65701692133 231.68704767247 320.94995548996 525.94727655212 591.57354020683 248.59699157566 416.05226695945 846.79397224852 267.36539812491 1226.5895734692 143.73809513346 584.23400597371 321.39044509832 212.80456062973 247.94518554808 319.27971133554 387.8367233721 805.65361384124 253.51740725811 608.43606176127 1301.6360984221 295.78325082011 268.32257504876 133.80888446637 378.16732308706 186.25372556126 824.06721437789 564.44624601035 247.76058258495 616.80682981051 873.2340706936 744.36963522595 628.77934123905 683.70932439975 523.2495084893 199.43384040684 954.72646436785 190.73346888506 989.01665176384 914.93722666309 415.36770216536 239.08199248587 464.64275731138 1389.2754426252 210.72013024657 159.19829254414 892.86187831529 552.27954700994 288.23752386034 135.27175867621 367.98140203462 247.48334902129 1077.2573383106 352.33295796681 127.20766713013 236.06842545972 305.82816386153 239.22165036476 670.09054871743 247.18253678205 832.06545751895 1461.4042366124 161.30284763232 250.69432810605 998.99353695123 897.6321665813 909.10470021959 745.58693235708 183.98250339069 1241.0485505151 537.1895577975 443.79362095847 324.31341892507 322.47724050543 233.88496208267 400.9210035702 268.35135963484 253.12353517253 258.88347533349 328.74349206985 349.24016788828 372.36833069174 440.36491740542 443.00029135538 277.56772538461 439.73735725979 759.64868764285 549.96284958381 288.92702465363 287.89991393108 287.47532245201 332.90921973121 236.83090079914 790.29422528581 415.46064119496 124.15669271135 605.15203797084 575.22639519999 407.3233399421 234.99812688288 249.47653612137 383.19804095159 346.67073738604 428.19109589751 330.06637891693 440.85470162394 539.01377455293 334.26284982287 419.43050606838 200.85772941566 599.81619536172 335.54195783968 376.52874100551 172.23602939969 454.25605520637 546.52681438827 211.25175718789 170.89963525626 344.47774433114 399.68400493506 347.86980506365 267.66320681963 204.33344744489 441.84602908227 371.56929504561 411.38467215248 759.14649290494 365.5429719269 326.21387033287 481.20513371101 302.01292645476 181.76482788658 176.05873086349 211.17208056231 354.92157937491 419.86642423697 191.60705034119 138.56757201637 317.63785704569 229.99365168244 236.91845463503 384.31968879838 199.07058006525 274.43583499396 261.99608871141 333.68240799116 372.20246735619 498.49054896921 694.92630649148 244.67770106335 329.91467040102 181.46730047983 302.3153684567 474.85195195557 201.46093923098 174.66020682744 420.87165025158 201.97650735722 123.90296088749 426.57519267365 148.20859727683 485.6016685673 129.92603560635 358.47292726255 1213.9751776219 302.31405950063 207.33332816241 574.34910254169 139.44967937492 132.07297411972 292.35579348251 551.2722924481 225.18622553454 151.37173344206 257.63815654838 232.31134014757 183.0838801969 220.17384672115 379.88579827178 196.82824359836 224.91140199283 172.11138937818 386.12422743107 292.46995663148 211.79031855503 265.99657999994 206.24945540405 163.50341637242 166.47651455873 133.49432935447 246.84766458198 215.76159001894 238.90671836379 292.28017179064 430.13094679245 276.13108521393 228.17132833229 340.07911277085 220.8058736809 201.08569310991 173.22314067436 131.52357832328 131.27539089309 360.20265697546 144.03974105189 158.32965453067 597.96926104373 175.10266012987 132.63941395955 140.49899799151 415.71231556126 267.11631198119 265.45599916823 324.72737286758 184.06219566238 188.95627871792 317.18632454986 296.30824857197 156.92305382398 191.13727761859 389.13143077169 453.32553311571 1214.5395879256 339.5837508385 154.62236025871 670.55367290149 225.43525489353 529.8351333787 677.25108933883 213.18644755472 372.41285222283 277.0433151931 459.91978992509 339.54598351158 481.42690592859 205.61453011522 132.42343599962 458.0400866512 470.84670614007 152.23291844348 141.18563754623 368.07422352865 345.9191742241 154.88637391388 179.81177027958 577.54542314276 409.66389949251 267.79493653331 140.50785614068 636.3546525011 247.99943522377 355.89228334663 393.32311029265 190.35749339704 144.19092688758 739.7330326223 183.44359913565 334.20631602742 447.49474679766 710.36393086012 184.70880550763 403.44776464634 158.02343905352 434.09906061354 415.59096427839 206.35439795966 476.82983616137 302.70034030172 264.21557686909 280.50852715954 454.66705793202 645.25623171513 342.72463836393 466.15966530855 250.29480772467 654.01223697784 204.20702332881 377.44245310852 580.37690175216 135.71811831491 508.16278711047 538.26319428526 224.82477314745 499.4655914569 200.51412479672 659.53667238229 532.836031119 400.90189213623 176.2781485755 570.95184917867 779.83001641829 645.9749836769 563.30151215253 266.9653155435 326.98924922349 453.90079522149 751.57398183102 159.20499002819 576.40697167264 343.10140009181 210.34737221514 150.68796747133 456.03406229576 130.42892478801 327.15295186991 197.41592585121 222.85864569572 337.97310707572 222.70939516553 145.98214106263 196.557210115 292.41696872811 519.07072528164 124.30906722139 261.96440855327 482.57606439445 252.01269198812 183.86057803927 262.63445778193 253.07828769259 526.35901190952 139.41481366759 242.30099198228 720.09311753221 1070.6256405671 200.92635094087 251.99585415769 293.77209974913 265.52938379213 544.28020106113 175.70729993286 225.46153725769 277.30119912525 304.96065121433 411.23739405531 398.55156208626 205.49031113292 313.49320383932 259.82481186237 230.0349984174 198.35607277094 204.21848698548 204.40640216713 233.02314696365 236.51338889308 234.07634771842 340.95499155332 210.77618148005 313.71323938547 317.47446197893 1861.8811942851 229.68400893541 314.01538032577 436.1908896965 232.56997764212 184.36163556374 400.82538593719 224.31655291414 311.03786352621 726.91868728139 479.90995823064 124.78131490297 288.01724328588 136.1289709334 142.49186198547 226.59389116733 366.96301531771 500.69781665228 257.51151904588 185.7626360902 210.21740383768 726.60085558987 580.97109262358 182.72564345589 218.0317395962 183.2958459516 221.76135528973 295.89151885609 203.73490414513 312.02938246896 257.49696413892 172.56008375454 271.94801979313 207.09269569656 198.55802575268 189.31243175193 120.75865331048 267.36049715288 419.78855716232 172.22313507586 257.08497997145 288.187046247 127.10914978399 146.66410712843 185.68092441111 131.37307890958 176.85801553037 179.24330322034 164.49833557354 557.63157989561 374.07626458302 770.20984440124 659.38753024244 776.12284991952 931.17454281312 754.43809554918 334.92952863143 250.01049782606 210.54480814032 198.89245132776 414.91441500815 524.51228191803 206.06286643163 136.93633004976 524.93341966191 276.80305918888 312.25888872178 135.256720303 136.47367342189 186.02103078446 172.15823194435 198.04773102903 190.42317987048 310.72615635855 194.53675200439 198.95516824816 172.3711193126 155.8238753704 228.08720232589 293.09335625745 220.36105715821 129.80097915967 131.1525115621 203.48296259348 185.91034111248 269.59278547958 147.55827051018 199.32369909919 192.92937844605 172.90538287627 167.33698050083 340.03449186077 256.53990108769 294.55222249555 237.45643914671 235.90570330446 197.63440545503 259.27962190298 220.38941208293 210.6232506744 148.56765864504 187.14512674227 152.35602933835 202.41666001579 190.82540484917 197.87333335752 178.46685437263 128.92408936676 145.17455887816 869.13902579687 189.05975839108 197.34114761754 882.61155758433 684.00704898163 189.93842911893 133.18281408079 176.31187602101 154.39630658098 169.32495488696 233.71660483052 171.20043477234 393.31156300042 201.1594918719 219.88846970429 157.04274583315 129.58161282629 133.36753106629 218.57919460217 148.27146111895 208.99303695147 143.72456974839 133.40369254842 131.52499228141 139.57342157051 133.69493784331 134.66054809907 165.97417655329 198.25800294794 276.67230252129 350.44634298771 183.11574000611 221.22633425782 162.84182345974 179.67077967337 162.95173022893 166.0621609647 147.54338336261 140.89361245855 140.62172008942 510.82283025996 170.19608004716 153.60854232814 153.82854631154 148.22250024768 166.97703854917 280.15645139764 172.38682492742 139.41590108482 185.76525427635 131.29683841133 133.00152798382 156.04596689825 153.38891481473 146.62771882399 143.04050635737 169.84298241769 166.02995260168 162.42423467908 168.44187533769 173.09489431454 157.8238763223 268.68956760605 172.85645823085 181.0276732638 177.36455710757 152.82872789679 175.61737367065 141.97292664652 144.18064826172 141.27584079118 140.56450899899 138.03275997656 150.24244720437 165.03920059602 157.54504121001 136.10416715026 136.55387446593 189.64595668486 201.50952602333 194.13774810241 266.31537402611 145.44891173058 146.62581600767 196.29619833233 479.03666765061 205.87454413616 173.55244084591 215.3466468535 147.59428920162 168.84695444988 160.16222036993 350.82742821833 173.9574402109 162.15057453797 165.4646308413 158.90156181041 160.15932981909 142.88790437176 129.33444895706 136.15857990404 134.40895629648 151.43281836767 167.23978170455 789.80041117868 178.10129821473 177.94471394141 248.90080040054 177.90455371972 139.22871309424 163.58968662576 150.05587963988 181.30352238044 183.21354373378 185.929573076 639.78308636136 165.37492813323 161.95332810611 626.4568994551 175.21295429876 163.08788363159 164.20508303936 144.76230782647 153.85697884841 145.41118960943 184.66887545114 138.83403183047 150.34782593227 272.29175907231 167.00250391137 186.044044011 237.22376270198 136.52705379811 136.94776033789 136.28464454513 141.52040612677 139.64541539947 141.6613098387 143.38770815042 156.17043981847 139.39641840074 142.30244455005 139.19535369324 157.77460683082 148.32625264962 149.22334722533 152.48290890675 155.58014084704 144.78846870417 122.41222344048 157.12057541005 160.34015148742 140.98515417742 167.37066599702 235.70004346302 174.28503018615 224.8574675774 167.83279515889 133.7882657027 665.65042146605 149.58308765417 386.85447357348 187.96045922874 113.05855233799 190.68442382992 184.65149343983 161.94659804082 179.32551790599 169.92946927722 186.63786751659 152.97976160161 137.24333463686 145.84920508147 158.47249000377 143.70343044126 147.48660039028 155.03284900898 738.56884348394 743.16471231478 164.90522684122 253.43202510367 140.2909266329 129.19946308911 130.37391911022 142.7084928587 154.2573249396 145.92125623387 170.60028267087 167.65584591083 175.37403844967 161.12445658285 188.30515101497 122.84179608856 181.10434718667 235.457545908 149.76293226958 465.39356673703 148.42073237157 447.95614819279 218.50875728197 177.85237662998 179.44463858137 618.37554233329 172.27758739558 212.46131189179 185.15602029309 173.73384965805 295.14732334627 176.71909564368 196.55095782938 248.64636689808 151.85273551164 146.13486178107 146.98846147884 200.44061788308 154.59746469954 132.26845867529 187.67079186752 180.35676246629 355.09090774874 167.3858806912 190.02826832632 125.60040933221 140.86263186962 145.78412058858 125.44704718219 147.96792774864 169.10778464443 146.94047287708 173.25123824315 149.31258875511 163.96619439684 176.44357321357 159.66107021162 179.76913819641 121.78322015703 1108.2896951975 232.07095620854 265.54692148345 158.85865142925 241.02018158166 360.65220257856 147.06813641781 179.32803073522 925.92343754637 135.24987599524 144.69697775218 132.46735579873 149.02449995942 166.85145917418 156.54098644987 191.36546685891 176.0574217825 161.30701132916 178.73078436189 137.8891494263 130.907448233 197.97318211663 176.66343602838 108.76230160382 121.75377348608 118.28783191963 150.0967063993 171.99381688836 149.35286895119 131.45811997252 151.51131505879 178.62125800148 169.97926877671 180.13607250347 127.78568009882 159.71730094977 150.57049844735 132.70957851555 131.94114807484 189.77116495948 168.23109406228 145.7019873752 151.65739882824 279.77875239068 164.64159487493 684.29765202074 227.04073293856 358.47339120578 256.16399376708 1093.1754041319 205.89174238552 154.73341551684 137.94857408002 142.61005910131 396.66441062126 126.62315112702 144.88612547597 190.73496278475 168.77061851016 243.75659735623 152.35498623308 173.6696738861 123.6287778989 162.19654270261 144.11375980503 187.91983833248 172.4495800272 129.46530252259 212.34102641517 133.83128112033 212.95661550336 156.57070448898 208.51799844547 144.10186829024 126.93288200152 135.17622214189 140.87874775725 268.61006647476 116.8870674339 146.20349079147 137.15869555693 123.31238858948 113.30044460563 142.24747034797 159.43474393137 122.64622676326 145.09156998933 163.95983702117 164.0486165039 143.57722939098 151.48312718067 263.18144600854 114.63577381078 175.92783499529 157.70651393686 155.11631073279 133.72253929049 305.72063659632 369.2679011205 217.46016869397 339.1719279039 114.48879843305 146.1119132844 324.2122241212 163.58187729139 152.42843524724 153.2376029111 128.08674909244 124.50316427611 171.78181573441 174.57152986831 150.09725413446 178.90262803579 129.62110337958 129.71090149161 150.12742397084 146.697565983 139.85510301076 148.03018278862 161.1533659295 125.67799992663 261.95804814756 155.53956610072 145.5642240149 125.02642434829 183.92579538578 156.9719059496 148.26502909035 127.8311164607 129.05431155329 159.80883886588 77.702326843033 241.74010373246 200.31181009519 372.48210077 140.18723188899 1216.2571223012 156.79945227102 440.88465435775 167.24811053918 125.65182788976 130.49759800416 126.42486027216 136.83343701956 136.25823833808 235.66084520686 118.19346970357 143.37946342368 127.21013153597 177.48279993565 535.70434000479 202.45111363278 165.75356228284 252.77562686016 183.12199927411 514.05220254932 143.52011867676 129.13543998572 161.02046703125 191.64121012524 163.14351404439 164.09700941962 322.25074123133 144.54447695988 185.48670257015 82.677590853072 93.75926195926 116.08090694261 159.63963646558 214.63405942928 393.84115833486 153.61300893299 417.32444971197 951.10054285698 427.23226912647 365.15957082506 454.91182845335 445.19354766168 386.10130951411 281.10583022532 404.83834443721 121.46045591433 128.12298705783 157.49139911827 140.1969686639 152.64689505213 167.68497127252 157.69300861177 138.58094737272 425.41312053392 788.4603985734 129.67900352725 158.23210536482 378.15220249197 177.50343734207 119.04504769333 133.41538229073 156.14180247675 133.14692756667 155.44884227962 156.07620858422 152.43147356267 141.45829750449 242.50906015781 143.82257121738 191.07831981143 195.53512400715 140.86140840842 151.58297166026 131.06595890277 148.6489821443 216.02525935213 168.09872078212 137.38998450394 141.9623943551 142.70182171334 132.75874482945 157.13424263803 145.98959856322 225.52409633501 257.62550147229 425.57778962035 242.6545900997 214.94258823612 101.06012986494 545.93834367291 307.8206758946 401.17911250293 249.91577362911 104.57203129587 423.06812204539 286.38990785296 625.11221849593 858.81991387332 293.6491773691 378.70176507746 473.66958735617 1979.1059956563 713.2965716098 410.00922314581 460.85502122348 484.59565739004 243.17972616419 499.91867894457 291.76873155254 479.04667619364 483.51275614621 494.89660341006 264.04470346209 712.39654409368 325.57984986277 513.87831349672 285.27501346704 371.0629140684 357.12617776199 638.07994267296 777.70027743954 549.15110145635 205.2582831249 114.95920715779 206.18887771174 160.97805131533 116.32775024603 342.87256943976 133.92312750388 137.06969764475 126.15137265796 134.38975169868 149.31676038103 163.6346366104 219.27157100082 349.0124943322 162.09127141089 159.70218633951 169.81370288016 558.36550969534 433.76229202164 632.90614538712 462.56090015514 249.70929097088 209.87256040407 220.96505743338 550.01658556327 216.2964683507 218.4197031479 593.72578630313 352.75875588343 451.53256254037 342.01872066635 413.28774875234 449.0801723055 188.75680811003 468.6065456532 738.26337799177 357.70283714121 856.94298703713 322.18737131821 322.89035406071 507.71854451355 941.43089180135 471.60954995997 1140.2793120774 950.14962468359 800.58705942586 898.48970316521 1514.3577412951 299.7667216034 1058.8156316059 463.07088815973 437.58677869865 416.27229240177 400.8584848051 338.58686915571 315.09674537312 323.77050097334 479.66976469831 436.53920905599 355.12284906893 378.96030465867 409.70590506133 362.74265679494 552.23490241441 520.24609851973 244.03463906378 303.41457662284 396.59326919989 378.13859003936 547.06093064724 337.61070353049 967.44871802779 255.51158803007 182.81031902642 376.60555155226 196.60197434294 207.81785237751 160.76600360278 280.52748628135 619.46855788807 166.1628027444 278.00944440895 580.12966823324 112.20245435933 641.18633378268 305.0614177091 190.8968745875 619.19338966376 205.16268220097 469.68173031027 279.35555017569 346.53320882965 251.61014591275 430.69550880764 510.27894454266 404.66121805949 294.78754700899 666.9204385488 977.32970432856 2170.6362174576 744.12869352665 426.07573294632 1624.1720850968 312.3260379539 1153.7547627941 452.66183347839 308.82335375417 344.46551964287 296.37615870655 422.94348501231 302.44237232578 337.98034071519 264.07686188023 394.79147987354 373.43897634121 369.33056845713 380.46316700399 397.15570725613 278.65590762806 739.64367255733 127.21169755841 189.37131004453 105.09638948341 217.97687411265 241.69426949276 537.56395505282 219.00665914078 168.55297865171 185.39432116467 377.41075673357 337.85900299204 372.13991814537 325.47430567599 397.7753626393 256.9705143381 1222.9442522552 300.71820963216 763.22373183068 1208.273701672 751.45402299645 1831.4264470599 381.34356440277 296.23831490483 412.0213131588 413.39422943854 427.25306096215 404.41314209894 575.40319267918 434.42565304647 641.79101244846 157.8250073752 142.82734613083 249.63554467867 126.66584065001 170.69871885936 194.11422033117 201.5812062729 539.76353562588 224.20997332236 547.4914163008 466.7882099711 314.99408594712 406.51391857449 1058.842510766 610.96994092224 454.56656205824 698.97585641043 306.42180916859 497.49530660531 186.91700610229 183.14249139435 178.50174657458 189.97576394948 283.355233675 261.3721331172 348.57627443823 562.68297366048 831.2759980571 335.47871023487 1045.8363697015 359.5838819195 157.29587434276 171.78608847496 175.05487639873 163.2194158266 606.64124329934 157.22971292544 132.64742316168 136.64547679461 190.71197581306 173.31045749924 1411.2163033136 91.662231888579 383.40221024112 1196.0032073903 156.61070104612 117.23433810373 127.24750872319 127.69477575119 182.51379529947 161.40215950398 118.23899709546 160.09632483368 178.12532731588 168.88590019198 928.47384240639 793.23743715413 310.84270931119 1679.8358287656 438.65668411297 511.46398810153 779.64818739844 1226.5747679605 121.03173796908 161.86732313345 133.01861791267 162.94200696156 150.20757165126 233.51396777388 128.61775342882 153.45013629079 393.31160705447 106.03378557869 163.44223815649 256.31713596281 404.11015513212 424.17489753074 430.7638433625 229.30793357074 464.38803886052 353.77101396076 584.93726406826 122.29229845382 186.23224622106 341.02622212155 363.29295840119 365.94261843373 335.64593160402 111.65451187579 279.976742767 410.90999764764 437.30888769032 170.15441241248 295.74397290465 122.23869215962 176.57094233592 177.11493239072 149.81993921969 186.0081804339 182.84590370622 192.57013273587 209.38177317467 117.95325547046 130.58043965246 106.11600467177 164.02096736155 168.00927772502 172.40022362701 483.17694303294 130.28607667728 176.70680352058 137.63996505713 140.86877641554 590.1317059531 348.67342456976 90.307027893323 144.0362001118 122.66418416332 165.38910349682 124.93937795724 206.23363298642 186.90971115551 174.53099389188 241.57866688823 570.99320718704 893.88948911073 922.57112698219 520.73393707003 432.33629528848 734.9490078265 962.64368041675 859.33023705213 622.64489583138 786.34056406589 548.80710426207 260.80164590408 290.42013561076 211.27803578194 896.57939668134 635.93070908407 525.96588592839 315.69808068218 352.70325436862 1038.4588246143 453.73261412277 224.62084294055 244.79575964341 887.24724151438 565.65638052595 735.12207602439 901.27874987419 849.88766086463 110.42219658683 307.67431357753 102.949488619 404.90255667488 594.078900529 549.13631445128 449.90124152328 300.7809291991 413.00092634515 450.32414402921 239.95013415083 555.5090515853 316.41160815954 653.33862070536 619.20166985125 331.55550477789 390.39522438367 511.0181803039 283.64244190735 511.64874802517 349.39947023595 302.07185268818 135.70707372314 196.50504631259 154.56194247805 179.1691226837 211.16587357913 438.96630353483 228.0886677001 198.45327752688 252.84087135023 364.83610418494 101.49554887215 139.94745802745 140.52687390208 81.336076199146 180.02000864533 172.27111670929 100.45668631268 134.57072449154 116.55853405003 136.3343753912 129.90746089339 108.91366080057 84.104535587055 132.32592710426 688.05348754994 356.27147447783 736.06624050955 863.98509331817 720.73485377943 672.69736919266 427.93944019466 755.59560401512 322.53878717956 285.48239710407 303.18060834074 1401.3190920326 354.45797680584 1270.4540329043 943.0961877431 219.93079243361 183.23843970393 108.62966814258 615.75240285511 387.28291779616 705.35197595087 395.87540200523 321.33751577111 360.59926755629 552.87856138478 391.17459976983 172.03349277738 207.18670303746 254.09399742274 457.08273429703 102.03492006641 134.28843089035 111.65637091597 162.35825271165 135.35101502932 830.21057621964 393.79762091509 335.9813635934 496.29170708752 224.23855496947 420.36469196973 840.5061064371 642.35611175538 559.70165415519 322.46479323008 434.36352941994 319.39329695865 318.34858107834 887.98287620968 754.64047443683 644.33515305716 497.39311061504 354.01201025566 1053.628153792 691.88547031373 472.74368125094 327.44111564683 405.66377500298 528.67041873451 1289.7548523162 246.74023172113 290.25319000861 500.8742331585 810.26215110921 761.12589114425 392.93517444258 453.3124661605 814.18941259767 955.95606747771 704.39671113123 1236.7879598048 353.74775917489 864.87575633055 94.476202695958 210.56901320593 141.96037416476 124.58328061491 625.77393829644 123.31350961483 156.58500919063 146.09423826067 134.51282266008 134.7765902648 163.46521560975 135.00251445329 160.17311632551 156.94345207372 127.73763882608 146.89295409811 126.55227814942 123.39309460401 130.04145965528 130.51395635681 177.73036387109 162.69410848407 170.91736181334 66.447308502511 626.24562884852 126.71662013434 128.42879784078 186.92662051464 86.57534458542 125.97559810274 1068.2794269023 356.67118361415 232.55739105983 89.03377428307 193.71921904922 407.1430739562 263.99652190833 576.67560029718 343.34327478428 253.79321008739 348.84558465246 412.50024115339 174.49248077112 212.64545005839 461.16972196961 358.14422772478 219.82470725147 665.91812542419 426.01811401972 657.06525299244 761.55203820739 404.52221268216 130.13179577691 204.04259928603 126.78540761569 154.39935367428 345.96215319276 348.98744886672 154.80873266979 93.497362463172 773.77291039266 514.81394716703 282.38192613815 342.42316722976 555.11391900501 628.61538557253 398.93583410358 610.44241480381 688.26631621903 642.56220932083 685.20835000871 1159.0734535997 450.79774841934 521.57586871953 151.83406819673 116.55459858454 154.32681550846 117.08564605408 102.64857992751 112.05528201053 769.97571333685 306.48950111602 700.08603619596 720.97438899301 162.05121129577 493.50620171839 760.87679848662 767.33957577927 145.80054370159 169.81879348833 110.2709912834 90.645524722346 507.44865221988 433.36616247782 105.19291322991 142.42772980689 135.49681459071 44.421491924392 136.60287459637 116.66664910167 161.88651997403 162.9469673577 164.00168978868 90.183561706705 85.02887854338 111.59140359187 377.46989619092 372.41635115374 563.1408055735 221.14752649728 607.47685925698 67.74893708804 122.42039384767 112.59321056753 117.39117657711 103.97833418576 506.82430163257 116.53562451395 461.56124836535 452.66989862933 411.02363878124 458.28005987963 176.3077682322 434.63733830521 277.73697626296 653.87266289379 950.86329493499 499.46846040082 670.26145250935 272.63188016099 593.25684061473 733.87571586407 231.54450261719 414.90465097982 394.69213571955 775.98479136188 1092.0620055895 808.71750908522 595.46006099813 696.42499894365 103.58053812877 120.31285508611 427.31488412517 755.85712571999 611.40983000904 556.55752127073 683.3712101206 444.35477305822 842.98907664931 1393.3659614011 145.06725055576 165.67147172068 119.47993657489 1058.6916237067 112.3224334445 106.99223983985 379.06586239659 435.28615870745 650.94341846958 559.77481163743 119.27804756874 785.4810470015 770.21333057804 840.1854916217 301.53339536355 291.91295339867 268.20898570868 1067.3971960615 68.90334216157 115.84649051761 110.36537969447 109.50057103067 342.81355567089 412.88379763947 41.182195946095 110.4098688155 560.67909149879 1407.2855008441 122.94556116344 1020.1271484523 118.03921644522 113.60281988498 128.03071380999 104.93055233004 102.82806894518 105.06568783754 108.15786462247 105.95433581567 724.08599158151 556.74595179729 668.3479873042 131.78448196587 131.27401025875 106.72313214256 106.04122082752 489.23699569012 1098.1962765469 799.66170935126 151.17388191789 106.81617288586 103.7468621382 1018.8871732648 882.6058063827 991.91416731768 873.72003610851 111.10200136139 123.39957078336 608.04475324832 732.59411207478 115.77151575512 124.42885786368 212.92136901606 126.0751470727 130.83317559399 118.85181714917 1084.443438281 974.88233450612 332.85265390818 263.82470877411 142.28107216508 108.33791434424 582.58534331357 237.54558127885 311.48412008621 720.48697727854 193.85760283783 184.57994327979 528.04677190563 620.7002524151 317.3030857665 267.01070925795 873.72214928896 164.31597401451 122.394656315 111.22363771738 132.15081702198 120.08727565051 74.350386131749 97.026442449599 87.810734654424 100.22505589978 76.405978592138 108.16462439145 360.80423035543 486.01795456959 136.10186398941 835.79480297548 207.24989030574 55.512269541495 782.55210755235 470.39561414626 462.06928067361 80.666539718256 1011.8665466005 542.25943232591 291.88895649033 236.47835002816 293.34159585975 233.36035231392 458.45901495114 506.43923707968 472.93852028735 345.16041660101 648.63060714266 493.68385567353 58.907240421754 929.93618011427 325.97062093887 146.96764015312 573.93695140045 372.81635083639 557.93999548429 355.95625321712 136.99203297395 645.93158141256 424.31166909102 807.50512742098 717.77449089142 481.98131653223 259.61314227872 75.625916501366 87.842607798219 179.97529919997 107.36508366969 850.38550097512 745.761180758 79.300882281271 145.68155428601 127.35479020233 126.86747726847 114.39449145463 113.40583280126 112.90120847327 103.21166464795 142.35798497254 183.49748516148 545.26214760636 489.97178270372 76.273586249463 98.015921027248 509.05620491116 385.49865395 702.74628628869 610.51722386475 368.34721756897 142.39481640616 127.07296222852 50.313351428173 742.63704155777 745.47678846568 892.82960026067 569.88967965379 610.228690908 1061.7024855505 51.543763583991 437.8686904845 347.42941385371 649.94031653929 411.41108263221 592.38464859317 140.53418189201 55.176437323934 240.08475748611 242.80891699702 910.77997124648 128.3681678009 814.68163092571 510.18003031546 810.81051684108 735.72691522594 830.64501257225 864.94373088487 799.97141600748 512.16665331655 633.39550973204 776.4972539146 384.51585818652 518.36581320586 626.89399414309 844.61520572797 306.60234045136 243.80554603397 737.02741201722 239.5579339501 692.050032513 332.27479986576 304.04770517572 275.6607763744 816.61071736727 709.18617188062 309.75226411239 263.34140214896 388.47162045363 671.94392855843 383.24821785564 839.57894953394 523.42021750465 663.57055369176 1143.7087788259 526.00786892577 588.8326573079 647.61754628233 689.41723047397 470.09768628349 377.93452584452 674.76040113287 603.04836939558 1132.992502246 389.86924253716 1170.0645647749 1083.8368809053 1034.3910358096 1066.0374643732 995.37608326348 887.50552911182 999.32294023443 789.85265064537 568.35406407423 1084.8833534422 431.32646610629 253.66462710781 423.58899560806 179.54382485235 78.465996889791 1141.8272304451 309.14477385262 78.549131593526 118.72212392367 86.981776296771 118.53329392187 192.24701544891 106.5671032893 38.300606016327 419.34626486246 367.32618122748 93.239306747497 141.35070673261 129.91087008302 137.42797050002 804.42555722304 67.36357623081 44.250955387271 53.575734073671 950.05035502878 572.32161205371 623.95507648567 601.32924904466 508.05576728985 91.292120111124 1085.404188674 66.413759389589 589.87606867552 80.400902455494 101.98196778737 99.69161964969 91.444999371781 63.757204531697 961.57118765743 545.55238184814 453.29107427741 592.13181465616 472.06801449418 1045.2764072435 68.414343197035 120.60410828739 602.95333867814 1025.862118238 61.153907201125 372.71335759116 742.41236775235 73.248874747854 89.882775261116 395.87121822301 133.08131599558 492.09466540168 948.22353185493 498.53230516405 156.67373792608 96.416920749603 718.17988802859 126.5041453261 1125.1398976745 1051.6289057055 921.551388544 1171.574133384 1142.9058040991 349.34081113878 74.818069732951 872.56590073172 877.61861280203 287.13165503907 768.04730624431 819.37277429647 505.95880009167 230.10017929117 506.64638667543 836.94823569462 510.64848663712 745.36262728571 520.72803555917 340.81402789754 618.50359309565 693.55951346661 571.86072422779 417.97114062529 490.66941528279 628.20331753538 696.072337327 912.58572703097 641.11080364921 1065.3063636636 750.04115993277 124.63853784916 110.12078717753 70.072280060005 70.409032428616 109.34223393891 53.391354884896 57.034509162062 62.769012863479 874.52741625116 116.64000914435 339.59474981289 604.74201587434 580.89548340114 613.18719372907 56.612564960289 83.759557247066 604.03527376161 526.42424422107 447.08677689356 97.26789088374 726.58503608395 770.60434306559 585.64816367369 562.728773467 477.4707348679 637.03177269729 637.3823824278 121.53403693137 392.66954815138 375.40986235985 111.52367676858 107.33223441114 104.9609985829 94.931668477529 102.34018993325 84.958295631329 89.732934702746 100.87521569858 87.639386323058 93.988424689694 79.56276395314 984.91827467217 1066.092000093 85.521340379435 44.973905619351 39.800716983756 48.295007248999 48.942025337099 56.438436200175 64.849123183745 66.303505451611 53.812134810336 1141.7799959023 947.57008674482 68.622728813273 65.489888061998 80.066464829533 47.330453870807 87.534428735601 85.265083734386 1323.6151006464 695.76939049815 44.922616131406 49.64044963805 581.22361088908 1154.592981974 65.160088682575 95.735411805335 73.337462816412 80.138234206229 74.429336614475 74.810168556701 61.57987256815 61.68824218332 343.91402187233 754.43687186602 505.99694275605 594.81896966851 65.236877264589 73.675519902804 51.248922744007 60.165883406478 46.374111411495 65.990415595769 60.610564757626 63.006049488169 77.664822679762 65.208228837817 53.795224347985 172.73177568567 153.08121296662 97.903317682996 66.138371344636 604.82672967777 549.23672573887 805.85471633926 267.64860280396 364.07103255032 65.199206553933 53.347244428067 48.198369332185 68.920692383832 59.447457965583 59.558522364204 64.715317670202 69.877215316511 486.57105201175 81.579442756636 61.492032277936 65.550996246869 59.506719792607 56.912528449022 86.872198379269 65.201963063258 174.11264136392 77.909656321197 126.73384149227 95.121011480465 264.6169844135 168.18285564302 792.22529311447 1403.8880644323 210.16740107808 91.227103288396 57.908504414578 924.61856360743 572.88651155097 442.7829636557 571.74837259711 460.89487757247 776.73281399913 109.22390497808 84.73038434909 700.08326822052 225.24179516492 929.03717942401 62.971273835193 70.118660870361 64.545239188686 65.143938123554 1134.1082294907 318.92619097634 66.283741674204 715.60928618545 72.293379198755 64.168931946479 362.02304889935 232.07110568683 589.40880631454 1294.2509836924 1359.2519505017 696.65265284609 70.922421926024 75.500190705732 333.40534313906 85.337855412283 219.65951559078 63.16073282799 70.569575499554 64.46551243233 62.412178114305 75.28695386538 66.048675237134 75.798264336762 66.321006373711 66.645218154874 68.69440178651 358.73856975931 275.97660413079 275.11325649232 321.95897906664 254.55433026698 406.83206148766 1285.0328183565 1528.5369825303 655.81069359833 380.93097191432 1438.1558594471 701.3004964097 464.39611064498 212.03707514738 513.54263776094 428.31042458726 493.92587232025 622.97512130651 547.08055443824 891.12085646291 602.51196821415 608.03058154057 1037.2363440292 820.07273615556 1187.9317029085 900.49867914726 812.75780484149 438.33413813822 1346.605475109 1304.6022709318 1214.6182089587 1352.5838003484 1172.6023739227 65.067559587278 64.708562182372 63.990452449423 1080.7782706015 1387.677527371 1375.9530259385 696.89271127334 1335.8181719632 1341.3900434095 1267.7004663414 1404.062371116 1547.9194493666 1265.2183832287 67.25122488946 64.58981071746 1117.9854982318 1394.7179127 1261.2093413148 1410.1213051791 1299.5543199083 1396.4363847455 1024.4652694012 1468.2672065512 918.58849702725 911.39304230272 865.72572598155 1442.4862385019 1336.2766813461 1089.7353561303 1240.0430019458 1582.1957294045 1004.8302697387 983.09420757494 156.43675567342 69.182237716839 293.71052531418 121.71787469094 90.069778236361 96.727699137528 103.55219206681 810.66201462954 1547.4341695723 1284.1124338346 920.12195299784 863.48090596519 811.61733122598 812.23343624098 594.0257624464 
SCALARS resistivity_t1 double 1
LOOKUP_TABLE default
965.35261143954 179.18854705099 170.77087607136 217.55651398108 202.04383948216 584.46404117992 178.75466645614 181.86207949877 242.12438501574 426.10478778606 296.41550761737 443.32208352006 195.1047109202 225.43001982216 144.34952851765 430.10823125308 189.18328582169 269.18981756998 215.54238012533 224.32826602369 390.92885154488 408.35281275268 494.5179392361 508.00677584212 592.96184888863 131.74613443828 453.75170844511 248.28944145537 205.92480413435 215.3115105984 535.43388819087 375.20355863652 581.48581585186 573.99650955951 205.56074361966 361.65997900265 346.58761277488 159.07570496968 644.98198467035 557.55974996965 215.55404746522 134.73142404904 388.56238239998 453.49328792432 807.66425084722 931.76938604582 626.66284156898 207.41463268311 297.28660021105 969.30072197655 125.98598023752 237.30554111623 467.01272286763 691.46860209263 837.20443271252 324.65464844104 538.00691403822 339.00683340346 626.50749111212 204.02391392927 174.5865712274 417.55613038823 226.35949239467 301.31298151188 1002.8715019691 298.96612203756 681.72103559012 648.6493515798 264.03931558581 320.34207160401 721.19400446706 4707.922914337 857.85826828217 599.78092225023 332.15823640933 184.63826273065 363.96188505223 289.07055970773 347.05148116149 462.05437423728 154.15352551305 206.94868840102 234.65451450155 405.06957659961 474.39779050862 198.17615321153 590.53269316484 167.32347782361 277.62293773166 243.43639847884 542.73933270773 621.69209997456 256.4474708392 304.5404005277 533.33805433686 643.51190395487 271.41174451414 478.30767531463 840.71445687708 249.31146508925 1252.3445766777 165.08895659427 599.22415478577 332.40772180266 239.43173650083 265.03369028227 333.34879980846 388.5942168101 758.14553759295 260.54586319057 581.84924466299 993.58868584942 416.01530925984 269.11473429996 159.33919410469 384.89900005895 210.36416524202 911.35518506804 590.51319550796 225.94414753554 592.62570430057 845.6782719782 707.59861859405 607.83273430421 839.00495593895 536.5232860054 225.83592339305 996.49887087086 201.64437755644 1025.9012580419 997.28582966634 424.95055556019 247.17857781563 712.64414707037 1283.3978598942 230.23457701796 163.57153287417 1066.9318329702 562.66827275034 308.46281306593 144.09953263372 377.1794379393 276.62832949605 1158.5722880621 353.65834257559 137.46595561346 243.58201620222 350.45232882279 255.17733954622 980.34711253657 272.78985721358 936.38276920937 1257.6060608514 168.08183709703 229.12158568405 1033.7410948023 805.19414114986 919.91022787514 730.69757704767 214.20289021976 1242.4174900993 543.61319655736 464.90901509536 296.94849990323 291.24996548385 257.21362694959 438.3449290676 280.7267804154 255.57747358976 234.40764634882 393.51925377578 306.09275557404 421.81081327096 434.86138114287 421.01259814633 260.10728514083 453.97677022704 687.66467282279 580.84364170553 319.71477527307 251.38964582462 304.83343992949 355.54917283947 257.22282411002 776.14456269141 486.32125752215 138.73635252911 608.66177582049 594.02197132401 423.30186552759 234.09032720151 318.79568379247 388.99470590381 361.73172854818 355.37526758633 379.72579992703 507.46975822316 567.40092731279 297.26106098279 444.60099374925 216.68668153324 565.87201918233 352.08555167842 343.54291418577 178.98272391625 460.08038630124 603.5255698863 220.57406063461 195.00707365906 361.53684215751 362.43011900622 379.5225179317 286.62109278587 219.85161716733 437.29278554215 386.16190779355 461.74609761146 791.26397396521 322.33493484656 364.23469496607 491.31848456618 323.12680133259 186.51509963898 190.87835416738 207.30850880981 335.24256043479 395.17720382024 207.65341820772 160.22147930979 305.1859017145 224.83064450656 219.06486332126 346.45881219999 208.32564339731 256.18906184573 258.44566552357 319.07622961063 367.37337127617 467.57852976964 654.01378592671 258.6779914727 303.40381688912 196.18278274533 281.11499592336 417.12122147089 221.16865645539 204.21458774705 403.00459576878 206.91631521576 119.72309927251 410.71155102679 144.95293595397 484.53422122353 147.5657673623 411.10353141322 1158.2736487205 255.33903278353 209.87478301002 597.87881241954 162.16282138647 158.29708900065 285.57983080813 540.52334073583 253.34809844292 158.89656255764 252.49188498169 240.33257687043 212.84848159827 250.60021612692 367.13925996732 205.06065387154 217.75854938715 164.42262010187 415.24932663238 281.13931380081 215.87957726783 232.17401809338 213.28744179091 193.31849425928 164.59554325457 141.07788157397 263.29673314623 210.8324253772 249.76688815684 276.39150342284 451.19603331254 278.89829957814 239.52186174716 355.59814586977 221.90976413273 226.75790684498 183.52101476879 131.46892557592 131.76250078605 412.20795434555 156.27309514025 180.1836148122 558.44074214277 209.1471847334 132.17955140793 141.31879426216 425.01960785081 262.12425184662 285.70533350034 311.81574272983 201.66124640984 206.0120283272 296.87019729012 294.32047687223 178.35819006997 190.02174447526 386.55693741842 482.16051418208 1293.8495552449 351.73624042516 157.53200194682 719.63754943063 239.14034354766 582.57485814584 739.12907525815 234.03315168039 435.46064571573 299.67098683595 426.70777634866 376.8402786563 460.84716929859 210.96611589685 136.36907895143 427.86592927637 467.67875876438 154.5401456492 157.42768113062 357.11398530078 352.95428262454 171.34681495189 202.26457175875 514.7729990937 394.48763608904 250.36761052512 139.29560653372 582.72317386025 246.54187431844 305.32907136525 377.7241135817 212.21981589043 158.02099627757 698.3940839651 204.64260837502 306.7896981794 410.14252231527 660.20190148885 203.53339435127 383.7806176039 173.93157451859 410.01567392397 407.58178032749 204.11342026335 496.38540601937 294.29564981967 254.40963197996 303.37190304208 446.61482623159 625.87221455309 334.1489477798 504.5405403663 283.25742304618 592.61864132229 217.26282665223 413.5953497017 541.08511704653 135.71430653108 515.64418168236 494.2853366797 240.42962110147 489.30324193753 221.80523094793 617.12350793468 531.25331457149 420.15667172992 201.26351027984 525.16101422727 792.56623496211 608.61806940472 548.40473675495 287.82763682113 291.97583061463 444.26706441253 725.65359010044 157.39937737043 537.06360646256 338.6936304215 213.60237881703 139.7920088075 416.42442027259 130.40580333757 355.957023146 175.39238105834 239.76149156818 334.45220003607 214.14931964108 157.12221123766 217.39294163495 308.37854887109 502.5622516903 107.21043047721 214.15333729148 434.71500877066 258.62465796397 173.95978862887 252.0239255757 268.74595966708 511.0178055569 140.22081214443 240.45199260174 696.01638264346 1041.060548943 220.99258749906 273.3499524698 261.86510572247 245.32266794862 492.33810076599 196.08638011537 205.57216256746 290.18454147563 289.76006503114 389.03352878616 355.5220153033 211.68517073356 296.99906581143 275.13119163209 220.82754905574 212.51083484508 191.5502135626 201.83207763768 242.48434287767 253.91321538163 225.79451414509 333.29364557469 203.7902879919 285.43833516065 318.21272238736 1851.39314268 222.65547642892 278.64669138705 433.53770127557 246.18775470005 203.05854706405 338.78927190269 238.93127368379 345.97657444795 672.26870195712 512.39979922591 131.64258636986 306.42619240762 146.52801524019 152.99193477032 249.10548331207 348.53950878747 462.40636709694 268.41714042711 189.9303502937 236.84996012966 654.41712783597 561.48417648092 199.04956473645 218.26432074316 183.48747321186 228.77817366155 268.95815456359 218.01005346203 277.69836647417 256.23123663626 170.05449394376 264.97978225337 186.1280306863 214.76105645847 202.08537521836 126.84742255331 281.87242374001 401.54906265581 176.08387686185 252.00805816413 292.76540546799 134.30246933563 151.05299535705 201.13293527036 138.25586459302 179.5159590284 195.28778095764 181.46463141917 535.28898059383 387.3514024354 770.96301540442 623.56297777378 909.85493621415 942.51483194958 725.53793416015 364.82970578993 250.59632095329 218.26552385343 201.30350342151 425.07410710308 536.84622117887 230.85342130863 155.75705108034 592.41409542163 279.5681613647 297.1345479701 145.51560315308 159.19757736637 202.44822086903 187.6288981128 211.75394232242 214.16283728499 269.35086310468 210.5416909426 219.37688688711 191.43924929133 156.03355799842 241.81577563046 295.51925931938 223.77754660331 137.62962455762 130.27554831381 213.71431714459 198.66862810801 294.75645559892 166.12898095816 219.07630098589 212.13498511746 186.03273530201 179.01883269372 338.39797783816 282.61244254429 317.1215987624 253.38754597785 224.19276704922 208.6068181027 243.79126692721 230.83937508602 235.19893789674 171.18278064865 187.80084704001 174.49706253 205.91829068178 200.96813166475 187.04025798578 192.84891284676 136.91225463754 147.4910569559 767.32777702069 206.90856576391 200.78870517065 934.57203206268 656.72809075732 194.40643869606 146.70587843593 189.29767727005 166.57126574934 173.51707693542 233.02183731125 194.69380060258 377.3045802132 211.11368328305 236.18972518653 172.46239804008 129.46958525703 133.2954147038 230.51330546413 162.1754809958 230.0035572012 159.50603489542 144.20878816773 137.21448705897 153.39658361561 139.12660273616 143.68207163028 167.3608581523 220.16854575125 289.53372497441 376.23808102207 211.55160533077 233.86368399507 192.23099609186 205.98337698697 187.69760998874 180.88266259331 171.97492867132 166.57850998253 146.02893053354 625.23019925406 183.34887433006 150.09217701277 174.41960969675 146.97759525315 179.55657292165 279.71465032096 192.2379132615 152.07847635669 202.95088337264 130.6217104384 133.02927228232 175.73955442708 165.87415426545 160.52270091214 161.09751227666 178.25922110635 186.07615401862 186.78193171929 190.53259599349 182.20741192597 182.08099041825 290.36563632357 192.40684673899 184.06301982967 191.15003933437 177.96396919167 197.80893094909 147.29166781569 155.41262453966 150.50674437622 147.1073004951 142.54529634549 154.18554399801 174.8849172929 182.59754019578 156.51738812877 149.25053199698 212.70667611188 222.69986117647 194.50181249133 296.2017661958 160.46481098352 161.99739809151 225.4003286889 516.33116786451 230.60160287101 188.68440440391 223.1899319174 167.72332521049 195.18908994763 165.29083164235 352.74357921159 179.24949979049 186.32276267665 184.66783601987 181.36701672274 172.4178469086 153.18426153352 136.41926247822 146.03476891193 142.63506358074 177.57857826428 193.30255127837 769.29205208847 183.36865901524 178.37959898858 268.06614441946 195.53792776556 137.71670003854 163.93370361996 151.60167969159 199.39595468055 200.87108255807 207.97530412079 596.86635492953 178.80214602489 174.49025590403 663.97052230481 197.41919056843 174.88824009413 182.83112364812 164.50357642613 177.83463149629 166.32848515382 206.91823024494 156.49358587709 153.63742942531 299.0515712086 186.83006897005 190.99893579133 229.25951550523 147.31657640843 142.71684662197 141.61244906748 146.5513846698 144.88381632743 145.63495568211 143.79832597392 157.90476810711 145.78398188191 145.80912276897 147.51525184171 159.06466851813 149.61745878071 150.73386764851 152.02336348153 156.12996691005 143.68785119084 126.33134557919 156.68623784125 159.42722352032 140.25588258434 168.36743474651 247.9451587651 185.43660330509 246.38808665738 170.59153173871 143.21457529186 744.6006524765 176.8394775316 449.13485939537 199.92865739234 124.14738702515 194.05170527718 205.25972141021 183.78961428476 189.59657147597 180.86925456684 208.40535458731 171.06468698968 151.49764126065 160.63378590837 181.66856666146 148.79378296361 146.36539039164 173.74871991731 805.48954488919 792.60934657406 164.42936451068 250.04458154831 157.2115615661 127.41570049454 134.22593264363 159.53438859256 161.02626587622 146.19816754747 199.60317965466 189.34104587154 177.71067150182 180.01023403828 206.13100174481 135.49422395866 194.62603303041 236.22847372141 172.40804492614 473.15111009512 145.9613378444 487.22946943623 248.24160063496 182.10530951669 182.28627095185 675.35639641322 175.62944910108 216.39364068616 204.93482666186 185.08171288474 311.78502282542 180.44307148671 221.00779067294 269.11453656956 174.85908973056 146.40091264189 143.90426500297 188.50840011313 161.31245102239 131.97691926736 206.49225921248 196.44960066579 373.0846626898 178.60517112921 193.98528939161 127.34720234551 145.32868842574 151.06076563367 126.797521561 162.0388788206 179.6969258035 148.94109039605 187.42279358783 171.31098730308 177.78668123875 189.70298166086 168.31275444684 196.92085811781 121.14084762488 1177.6861884328 243.75140562672 254.63322103848 156.95323104424 256.37573201702 374.01373378696 142.61745652832 182.89260616476 868.23921405751 153.48481637281 161.07503570994 146.2973297359 153.87342646427 164.91608891624 160.29386218861 195.12238305659 176.03141249216 165.13982710428 192.64906017533 139.09975888299 128.81554428297 220.88273129438 173.04047079405 101.28463946791 117.54930249873 116.50818452231 149.61426710137 171.53248802796 150.19330740023 147.54563008015 154.22613947492 176.87626731303 175.77699622488 180.7429936119 122.81753502882 153.62649994797 150.80812903292 139.076379513 135.33133270178 187.44657969956 175.35867295986 148.44531132709 151.31812690603 310.04167391563 172.43018352549 708.39538531216 233.04394572037 389.37467645914 266.26965227499 1122.3278739986 202.97158317484 154.39889090025 134.409504788 145.03331662436 422.7776188328 137.5742582765 145.37261954365 204.1605722411 169.4697579104 247.08421448353 160.55242567743 176.62998001886 126.06296046412 160.86216224531 142.73609797665 193.63941288636 177.08614387259 131.05506862849 202.46911143571 130.97526836912 207.22299087085 156.39821349721 217.80554114644 151.97151721819 130.53208790421 141.55733088216 144.52378016678 260.73466528081 122.61062109036 168.32287364005 143.85198479148 123.06539081644 104.45693272868 141.46859307171 150.55637926631 129.4573794769 146.15684845734 166.70798380174 165.81314697225 147.37269233091 161.3529045122 276.83888658941 112.71168181213 186.09957961753 157.507970219 152.78135242147 133.77251589409 325.720621162 394.48440985218 255.88599540133 353.88366117399 114.68302722317 145.18444847303 320.40622260008 169.19516517357 148.85306481969 151.28681147302 128.17265691156 123.82734405238 179.1615430422 174.81618920134 160.48296444799 192.92357897495 136.83731047711 132.81518807157 149.68467198321 145.72542875531 147.73295529306 151.77765328768 157.3049616925 121.49010769228 269.05937591957 152.98059669603 144.12806346217 126.28698844213 185.797853767 154.00481002551 145.78414431686 125.01001247292 136.63855084277 159.50923986466 75.3963078235 233.03041654883 205.496903095 400.52839882657 152.93636900266 1247.799652084 167.68818194343 436.94791863761 170.61929721073 120.70023387381 126.31552407464 121.61213474241 133.34884431831 134.31240819257 224.27880928285 112.73911907077 143.00921496235 132.95742840955 192.91155576539 601.80882934905 210.72174423993 157.58821326915 245.58841823816 185.74673906183 525.29038315045 139.51676302172 124.48334206193 159.74620893337 209.64497537455 161.73021027421 168.1583660974 335.2364751383 138.83401004489 184.49988746844 81.005104135367 90.327537196813 132.83858941028 168.41321851532 234.73909851459 478.36650094262 170.00490409862 406.76965281777 797.97329965955 489.30322012585 364.33394474873 561.87882328806 478.41457645405 436.10878652711 353.43488072639 440.74673306935 127.37894500217 129.77449973467 157.06225528524 139.24522959001 154.21484760384 167.13144635784 156.79470956679 137.86494278084 458.18204733412 836.34698963497 129.61595196776 157.09825172273 476.61342904441 191.06290703694 118.81107772274 132.07011128722 161.37864523997 135.21867230378 152.81043312264 154.61686823118 147.30587232468 138.18043883552 240.25991368113 157.0303381297 183.02288994686 204.95564007969 136.72828776497 144.57159041122 128.47656649278 146.51013521654 227.17636014276 174.1187911498 139.49606141607 136.44565900472 141.47882648604 129.20072626717 161.29321885225 168.39672482975 248.40516635952 286.59589002743 485.43491453988 261.99651332282 238.52046872304 107.20266106676 577.06256773344 345.77364059139 415.71700288411 258.52431280101 108.88231057302 406.19439812905 351.46870215778 647.83884683572 800.06564377969 274.30030735006 427.5087074162 618.18217641637 1869.5574519707 1134.8109120853 440.37419316525 457.07730917798 542.4323111021 257.05179855553 462.93633368082 319.84707349836 495.11493325525 515.27638565653 449.80977522209 327.18733797721 703.05427874062 317.22114549515 444.00455861039 307.37942988674 386.0179742421 425.87958281786 779.6786914182 848.52244354035 598.56887723633 199.81285414718 111.83761568973 211.7935672591 161.33327076731 116.56167669166 373.93371594866 128.78116650737 131.5930070899 125.92109317094 130.93597739796 145.70712737928 181.80547265307 242.98015618954 405.31641055283 175.97521581855 176.24828737132 177.63475281246 642.28971975512 541.28471523512 674.07713793806 505.18297209745 279.67437804563 198.44870653239 233.33066913384 655.48340486506 241.07574054089 245.20075046745 634.59060397767 372.42162294047 485.86006603796 343.124473831 438.47105731577 483.24546084631 207.2000339741 543.12040959071 888.64725067377 435.84442534902 894.65031904953 345.26459421302 373.47492303768 491.2908197066 962.33262784514 519.65070737407 1142.4908295666 1225.9172415804 816.73346052056 913.91643309561 1346.8113521375 363.06928172683 1126.5178553126 546.48228631593 475.17046733655 448.00519238922 485.99553434935 364.56197069891 361.44749943097 325.83765264566 485.39901589263 460.95074329988 354.01480936035 396.03320732914 446.7981415044 381.76736177052 571.91834076225 521.20860296558 285.87855964236 353.85070131605 352.97676226819 422.37378629895 552.57523968041 379.62072729293 1051.6238459967 299.05327354471 195.52020449082 412.06756972221 232.39496136597 218.95245053727 166.96349585037 288.68159887936 777.58510925555 169.42227012276 307.76262503161 643.51489996484 120.80282186245 702.26223090768 375.7018925402 203.04283634149 663.18321438472 210.80163862516 496.41574564583 289.00778907552 380.14209067891 266.27846899648 453.44206986902 559.84567944504 472.19803932756 299.81255156792 656.38506097722 860.15704747115 2119.2904128218 829.94230236041 396.50422030884 1235.6199906398 456.7039875086 913.23205787242 470.99390742313 343.40144758875 385.14640847923 307.56812010249 461.29477721227 372.24189117638 411.89701469026 313.41871453172 437.12427935272 335.99389291347 570.72069601653 461.91460916902 419.45413092002 307.27377998646 934.63104834662 130.31548131581 213.59621702519 102.3989489863 248.02503765263 261.24502097113 617.17480164493 219.26774012147 177.64797847148 208.77716004576 393.00290644857 356.93638341884 365.93422192825 354.63694880983 402.4893985196 272.51380238751 1316.0389127802 338.18342093276 787.50423292939 1204.4834777298 761.76309159291 1465.0231103443 373.5243611776 304.12910996697 396.88263628257 400.30181851172 483.40361919584 430.75083722215 631.79002260218 405.53851007359 655.36571282142 177.05597663679 132.63500596154 265.64323521633 129.38209853102 188.9805277933 206.37092000076 215.45259124882 519.28206986231 233.66598679349 600.23221604277 490.27664942661 360.60654168704 402.93936686682 1049.4363386239 691.37189020568 440.13337996222 576.32331904999 309.86024489134 531.32748614159 211.82974823485 194.15205837577 196.48644591445 210.41118655909 308.20684847054 260.79444022513 342.18707369956 557.49138104228 877.38846370225 306.22983264228 829.64632066334 369.44827379312 153.42968752681 169.53227683912 171.40401590064 161.96936080932 586.35598717182 153.29516128795 128.22842482479 130.70901712842 206.48007012097 189.28022329491 1123.7761538038 91.719382807753 455.70950062087 1161.6109148007 160.5504996797 112.00870512733 126.83076685744 127.67196046394 181.92401646807 159.88149418376 129.03927312949 161.43600032734 177.73154747666 165.7353166007 755.36121627184 666.63625118581 299.34163665064 1502.3777518802 446.39530205608 495.90014452211 880.65894482948 1335.3026365944 122.32179752728 161.25171844851 131.83359980317 155.56730104578 165.54355461503 243.67048628356 125.51999871881 158.91130869576 413.01400165072 108.64363532436 193.11645768405 296.58859092292 433.20308671279 410.41811005807 417.65376582117 253.43991969347 448.48792555 363.85226537706 578.14184012666 122.04075439187 179.29589176591 351.9328064667 379.32949912898 367.27485154567 312.36611367266 113.91815510771 298.61516871936 390.88995655268 362.4839846024 168.00098163773 314.2823667339 119.55351168401 176.85147522499 184.57623883105 153.08794638281 196.86845658949 195.80603971449 203.52735869013 234.33463479739 121.35631699441 130.20321228609 110.45315646765 164.95009162792 160.66170190611 165.29841547488 532.70731878057 129.49069578762 181.14547215361 139.34662555248 155.46008719782 560.33502447451 359.18844666539 89.096697973342 141.53875840967 123.05864453133 166.06893086338 123.22896903512 197.87517254973 191.28396569299 173.92980539456 243.38989004211 613.68772929101 904.44031213707 1053.1067577733 497.45993535138 493.3211415244 708.27261245348 938.59757993783 968.71117767485 627.19142058814 667.56255369894 503.24482816182 265.4249915522 369.9157822373 310.47309308521 731.72979971112 718.74405061062 494.12768287352 306.92060683571 419.22583303577 760.91347185995 438.73670227493 232.96839849769 235.22692819231 952.10965013078 421.43865255314 709.97807525084 1022.666372373 859.43544593696 115.50389143815 332.36704006403 97.17011115406 387.345922569 585.60699305777 506.50285900637 436.08158765185 291.11844878268 381.57639928119 442.14423792256 238.98464327035 528.76096535609 301.93779130964 671.93842439222 585.11307294654 347.65455302058 386.36238154918 484.58994019746 272.04865198658 448.83626394065 344.74216241656 297.24653828608 137.15807869587 206.69370692214 156.71168010813 191.77076106099 217.91755514074 441.59327053721 243.71951506096 209.51722847469 268.5555797112 368.07333499007 99.199247328549 143.42772253995 143.43030633565 87.436130552303 179.60219938022 166.74733408683 105.79245564229 134.92845031768 115.49684326024 135.66478575875 128.71251342012 108.92571282006 80.120561230793 129.93469761618 780.2633911825 364.93496893663 758.44759062977 646.91653333231 718.5046743273 649.21176533494 459.55266087413 853.41286551218 527.42276939289 413.97371253883 339.64751673206 1302.7739370902 370.93478514852 1015.1561944841 1061.3128350108 301.61004010603 185.95294735074 104.18916691094 584.27949424612 401.56830939035 625.11828327081 374.29334874131 332.30203577353 373.56503913692 586.32050506022 345.71526600213 194.69320393387 236.07175863596 263.70118909109 450.242646804 105.79709829699 136.05928318587 115.54463230744 163.39146423947 129.96200618979 899.40847206255 391.78852168857 329.30707294539 524.867785182 212.86942196166 429.85654716736 867.80413017012 749.71472503585 497.86803211976 421.30411124502 480.71287657237 352.14607226649 379.82972657033 810.25571778413 880.32809559714 649.04734634688 506.32659679509 346.29669961015 1018.1577890816 662.10718561245 436.7494369788 316.08465444928 377.85677750103 544.72744831207 1176.282885891 258.50261688341 272.83469636825 556.86264670863 765.69261238318 785.60626068381 459.0132157432 447.43835123393 887.46178311403 1026.8192148741 699.67170487769 1096.2842007155 364.27953186371 837.648648625 96.70909240005 216.35201652653 162.18729178762 128.10270918104 662.09319794719 120.78752588396 157.36512816256 145.41315805462 133.6680832111 134.05438262516 165.88963714603 133.91985255064 159.49096164403 155.90974357536 126.92928941751 146.33656211278 126.27631731425 123.40796175458 127.74340351441 126.04149665521 191.84502953334 169.30513948848 177.38387347365 62.386507946774 639.35973010226 127.31929016177 127.78335678397 193.7806500938 84.436116824859 128.62791879239 839.87096598394 327.53276960344 229.28502081928 90.281556053981 199.59184332674 396.28524709118 262.66934135298 546.35974740836 335.57641733822 241.25049400819 336.82992234206 427.42993637142 165.95812317875 203.36825498376 394.19940675669 359.36700824962 209.71547965773 641.29590110157 419.20943509409 641.57230426387 745.65427188312 345.60661795985 143.68226804801 211.31560695396 143.04573430933 166.38756130975 326.76781464672 350.49596240212 163.8591143886 92.581310411374 563.60282341433 507.97567597387 266.11433297104 334.64450877418 565.46296110487 639.00495909745 390.12351298779 609.28731546888 700.24015218522 678.92251651216 797.77124989955 1179.2682347914 446.65569314624 524.10864233152 163.6156262093 112.00828873541 154.83271890272 116.52405029701 101.7914917221 111.76130236702 815.79027318498 274.45129988255 667.4118281833 669.67360134156 158.95086437718 542.44308828549 751.58035033317 808.94339662652 143.20532676859 169.5680901084 105.32880397153 86.270192993864 587.4453991751 478.79693625855 107.16114727296 144.34335170033 133.77340271921 44.262592417539 137.77477632357 115.8128884935 153.93902265788 164.49801632556 170.66936667485 99.753271533966 80.221837255095 124.20920278552 365.10079513945 392.6844517451 568.45959667763 232.31287074873 576.78562448233 71.795024374285 122.34345363267 112.57830989348 117.4364490717 104.02951107351 482.59622669646 126.59637483179 440.13239834097 462.4930799441 393.41192296277 433.51129823231 176.49146904818 428.10000158321 271.52378690502 549.10834518304 750.16827934741 519.18280074119 601.47655023508 253.32704208531 501.98731231396 697.49142794472 238.24442933461 392.70969042995 400.54823613537 778.79121869614 1114.6132318918 823.59402602761 599.9398675018 719.72409442695 102.73786939798 120.44244546351 396.94177862883 711.36811028904 564.55606267618 555.93304166534 675.78425422623 439.94262183486 880.83522193273 976.37068865142 141.91328054833 163.93147459211 117.91849084919 1080.9603702168 112.37172648156 107.03210945707 370.62037423292 429.24456168677 652.27667304865 562.3790167757 116.44745770842 805.04830727764 767.85921070776 796.37898434151 293.09030164261 316.11846648309 287.15599380513 1091.5593861032 71.3042203836 115.79910228986 110.42365991147 109.5669724357 334.21861240341 406.7449220873 40.881948458705 105.99212420544 598.27628816314 1041.0120288993 135.12064032855 1037.1814407359 117.9304093537 113.6247373427 127.51066089799 104.4119648166 103.09725535179 105.08517423323 108.17102570426 105.98691902128 724.72235914134 556.06870958109 663.47024276003 131.80353026065 155.26824688817 106.72564481188 106.04278867781 485.05844970979 1116.1285097013 808.6440746297 154.25058728969 106.89484111246 103.73902747098 1037.3057047094 900.51115902018 1001.8953485742 879.86790872141 111.25034997095 123.39539943823 590.49744611037 722.58551395675 113.98954063651 141.94255916056 207.4531038485 125.42793936157 131.06094365948 135.50827582945 951.24150085459 892.72964447716 304.80645107149 255.6287522159 140.7800730178 108.27445912306 563.83736254601 244.81105840049 306.52083716803 669.06197822036 204.11075880537 185.7617934816 521.74779432299 600.00803917505 322.28988507312 273.75174890756 809.75037423266 175.71915064418 123.41809237283 110.1351664337 132.86122333919 121.23386096108 72.768667918387 96.067829459566 86.367264480392 99.462627482698 77.454645251046 108.42737281867 380.98445877835 518.18683464613 166.00651622927 874.73136797045 215.42552427906 56.462152578419 721.82237101195 453.90448380346 496.38494289535 77.736399163424 878.16952585736 492.40409472587 284.15751038245 239.30814327105 288.87143283455 240.66009281796 404.550171449 524.79232516966 464.34924960184 350.96978134491 713.49116794574 448.89713586694 58.393472055525 935.20078769273 281.72519254496 165.15541281566 517.33024475058 345.88544129848 499.42961393576 369.63584643874 136.6963054267 601.69562002395 441.18184034142 839.01151644694 698.84151839862 442.10244215776 269.81866651994 74.268423060167 73.114362935377 186.33927858229 105.37944022914 887.41550063631 704.13977733876 74.718256057859 172.24678616167 126.22187113709 126.31311671526 114.26837558436 113.69046665825 112.37563716539 103.43963975144 141.03918865358 190.41162551456 444.16129145863 449.90981043881 75.526556438517 96.968618550071 496.51872579138 378.84799230863 741.26650218427 597.14683880175 391.32506419938 141.23900937755 132.97406454217 49.396160705076 836.10736710025 793.30667375931 946.87570474338 597.78691200121 613.24366439216 1097.5073056919 53.902409270119 338.90077764598 338.4815722972 603.98035369286 389.03172004485 537.0029231211 168.17953546059 54.446921041904 249.52651469767 243.94594805261 1013.5362032032 127.39933354084 816.08105302775 521.41566725076 825.13318114912 746.83046166316 893.92162055647 922.17008385597 841.77074273972 538.1708442445 682.83044998053 839.00638227298 387.27310296255 499.3258899623 665.42865221479 896.83066494509 316.89753731876 243.10705630581 777.93411420673 241.74620144616 721.34942044044 339.23460524793 299.61009651204 275.59289278341 873.95415464554 745.76711330136 314.13046067566 271.82300855753 405.99614433538 697.79058279125 401.21641156549 858.94413600564 500.12749902451 642.99023669612 1263.0335299597 548.46525739189 598.74368851638 618.70469667941 723.46750224225 406.54486747336 395.898885287 692.56885073475 633.71162701105 1164.5624503539 421.40835615855 1192.6557510642 1115.8839728287 1051.2428838562 1104.0410668764 1019.3208857114 927.00151723337 1032.3167007839 830.58167062492 609.92791236186 1117.4887934203 431.53564900084 261.23461429675 434.11117927623 186.06839063647 77.097203030073 1243.4174348402 347.14405395346 76.898793566639 139.71961622232 85.799851525594 118.66460930099 194.08115186959 106.82584904811 38.030175074616 445.99028143546 376.82900850499 100.91223142132 155.45819050491 137.26558769971 153.30726358092 784.01315906125 64.08021456759 45.325703836518 48.15481032015 970.34819076745 538.85463642519 571.2981311786 628.73703652281 533.84110947168 90.482447725311 1143.795183263 65.729339193572 612.03763138963 75.921014712557 101.53849134016 99.848922378824 90.09540604884 62.77537704326 988.66068829432 529.15500998337 462.21899616751 581.72048524925 458.58638279263 1102.2323169844 67.376983586383 120.77063464616 630.26663971354 1045.1359087367 51.255025419222 342.0888443077 737.07552721375 76.690167345432 90.021423428236 452.48883723143 131.26737711028 487.1670589099 957.55581840044 468.11174658623 161.74936157654 75.422380187978 709.65486789183 151.3716995753 1149.3915230894 1068.204762435 964.35684178006 1191.6093597346 1167.8560572523 337.37243605832 74.333011116391 898.28575760671 864.22757181473 298.29362124142 890.54315840944 895.05797806187 553.60871202317 238.54783939121 514.12307056023 785.33710080992 525.65457259366 869.01854087726 483.2617295599 313.57481132463 580.11633049149 682.36669886042 544.34848449034 380.08547519621 472.72315129327 623.04017778735 656.74778788203 928.58603022199 615.79667579179 1105.3155989647 740.95058826787 116.09909860875 89.969547836791 58.812082252432 73.475728712317 122.62620156324 53.466487064422 56.535776107453 60.673133863456 885.09719221873 131.04466315526 345.56864777011 541.28682914829 595.63610500175 601.20700489156 51.399566012625 92.99320249459 552.04465956285 458.96420086399 393.04996114244 106.43092040568 729.14843019887 741.42302275647 582.35259164282 562.92079085834 476.58812098452 746.33313059954 688.44221352224 129.53724613674 397.67079999371 345.19086442489 111.78694644543 107.55923339426 105.06376311325 95.050930945759 102.47704342733 84.404176614379 89.864817843618 101.07874821319 87.63015330457 94.106396348361 79.542745111004 917.35357502453 1088.6434578773 85.694554217557 44.582209806962 40.081315092541 47.590472642162 48.744156523452 56.288479700073 62.191689582818 64.829259951841 53.763365517007 1171.9713383881 964.39463300352 68.827101596159 64.286147618379 82.381811433626 47.310788447263 87.406974015058 85.288601544158 1378.7179933653 676.51494331982 44.767342759173 49.319560509062 525.09274857636 1180.6925073301 64.779774276673 95.797649878478 73.0761419914 80.037034793362 75.587609855468 74.76184719228 60.895007702911 62.666997600913 341.09801435144 725.82281188347 501.44781070359 613.00399246878 65.059636349284 74.43364868126 51.308661303755 60.201385016603 46.53229678416 65.745199979986 60.227255933354 61.430331807841 78.651774943207 65.005739185747 53.650968453861 146.97973708277 130.39386215168 88.376343527695 66.006957026027 590.09521217148 524.06553844745 747.15919664264 277.50602731512 363.47622082892 65.117152798589 53.340596332871 48.361229200436 68.793751824828 59.258596442088 59.235045003367 64.766540110289 69.660603257298 507.84444665691 81.604013444909 61.343825338556 65.308416474116 59.374696514459 56.823900431153 88.817152640708 64.895046432536 200.9757816459 77.817522239135 141.16188462425 101.02902161652 233.84886937736 185.7121394504 808.32372334288 1484.670671459 241.78587561552 95.187113217448 57.713029469642 906.62168575701 494.16676181487 430.74715476347 558.86786105567 443.70229861162 761.27523039523 114.7348246765 84.813217586626 654.41715549415 261.91448904045 978.94526947352 62.831081032814 69.966347828267 64.262510164434 64.949833773892 1216.4118176738 339.00594090449 66.024448934721 779.85523164736 72.453558895694 64.020848968917 365.92348366905 255.20264121354 613.44461429829 1386.8479483624 1414.9744347556 729.0285531996 70.764308817738 75.430711508668 349.01474301539 86.092854708072 228.2373523128 63.004546079527 70.538110959346 64.282579446202 62.275235493046 75.311439397262 65.899097535552 75.689848140835 66.078182543487 66.428582841838 68.541038333375 400.35364773493 286.35922122831 311.04713348644 365.39673718952 270.83771046443 460.37830649986 1307.0638649324 1667.0269524025 718.67179800383 412.46769403164 1585.0820913008 757.09087998147 501.80039431546 216.01417587576 568.09439341749 448.8157613809 523.35470913296 658.23580169368 564.74295500418 979.57707127376 639.89154415335 577.33546820163 1116.9625663024 889.31887496357 1250.6539328618 935.70822579564 851.97009777652 453.44744819028 1398.8771690342 1352.3462530356 1250.3523110324 1412.5521171411 1206.743220212 64.840783420393 64.44794713498 63.690408447959 1108.4744017585 1455.5173511732 1505.6701618101 711.93873572215 1394.3552860606 1456.0884298574 1320.7351518507 1522.8822421808 1696.1307836741 1331.4883838016 67.054454042447 64.308456418279 1152.9435550498 1468.8877886619 1305.6911084541 1501.2795746255 1353.7835162839 1474.6262505432 1047.7848801794 1566.5475213248 931.56725746183 931.52280690234 875.28954327442 1538.7778980219 1476.7631840228 1126.0299106188 1312.2606959501 1721.7340005184 1042.6037402989 1050.6034136941 158.72518400436 68.978830046502 301.89197255371 122.76767801104 90.522165464612 97.127512045632 104.52351687528 817.03648863038 1698.6270288623 1403.1796037161 936.24472013903 874.76106369597 817.58398465004 869.26590873663 616.66368064312 
SCALARS resistivity_t2 double 1
LOOKUP_TABLE default
1074.0657561751 209.56244178525 198.7375952879 214.03382651677 175.95560353379 675.69174667867 169.56582043887 186.80683732195 240.70582727377 495.83512593383 376.20674408717 439.19891193354 202.35370518654 224.30657711114 149.0165443272 382.6627027365 208.99006143789 259.65210896701 217.07969610405 223.72407737972 387.1022975896 433.03004530849 448.40708639649 502.81313665764 560.38762020559 134.42322236136 388.81157708733 295.51657568755 205.58430173029 214.28468646499 530.10478016451 343.93917622156 682.53588240032 483.68973628891 201.58370375863 344.94152387465 412.76069719747 164.21823526647 744.93422267308 531.21818516946 226.8889472896 140.58206545507 420.19681719683 462.56554728518 957.15689741762 1326.7678547709 592.67571555722 209.3660356658 424.76389563015 1237.4369412738 136.28789850497 236.62865620652 339.60653499638 763.07440128719 858.23399775555 315.109253018 523.59492779978 317.7464374299 644.63942975258 219.72168001947 190.33993358484 397.51288275164 223.10492791034 318.29263137018 1010.4931983375 292.679369256 687.18186088367 638.54557717485 226.43072015863 293.70281413553 733.76762880407 4723.2719253474 967.53410782378 577.61727767267 316.65125034239 171.36142083893 334.32622662896 252.88431618999 313.45380668273 412.79017877425 170.50760553068 192.16227964779 229.09698583201 382.88079128824 426.93935549107 197.52620425335 569.08988473895 176.84125118951 284.55621327037 234.18878441993 563.73989312694 720.03842356662 239.5999573084 316.13284367915 586.63593173668 645.18946497447 262.89067492698 487.53036009496 881.21000899868 259.07576863732 1243.0140917375 162.90075087451 624.72806846324 341.96695852584 222.31160493888 266.33987481943 306.49627804867 388.62411419053 750.01990315676 255.29564096324 747.19044490621 963.0244659231 393.85004433239 264.40927262208 168.23412343657 361.43721466922 226.54899691567 1024.2802380576 676.86911673448 228.4136547234 632.62396363036 895.05507829853 743.17396643642 600.69312512505 940.99688718568 687.31101328596 231.19772965077 1131.4343276772 212.73455431723 1196.5438965264 1226.6866664402 385.05204343934 255.02510660719 603.50176717401 1415.4118247446 242.19510379567 175.77601272126 1080.991720851 549.73843373145 255.2845525622 159.98214929827 319.72631260771 283.14983688382 1158.5497477663 363.14703370647 131.30661814902 251.07636725313 367.22523935753 243.84266158174 1025.4461956687 245.65945327994 877.86644165576 1259.2537148108 175.0501285311 219.90513128012 1005.0752680305 798.38358826717 920.51258297565 741.63933105399 229.57641905508 1156.4022067131 898.47925313969 500.13697844609 292.21149691713 328.34248845667 198.38653859806 504.8035207526 282.60633552025 257.43605662648 231.72029237722 437.90524443616 344.69638594294 442.42620168938 519.52430894897 451.39132155761 269.30668403296 500.8850615423 547.06328347818 630.3729308081 338.7960691944 241.45677501765 275.4924659142 329.53560709644 243.09164976631 865.61150860173 443.7784886405 143.97555927526 753.31393849054 677.13827720423 418.39834673709 227.00080190871 273.32809283034 407.8721234099 363.69256069705 333.33046974936 420.31290579122 507.38942270589 650.87962118286 278.74104078171 436.27651454519 213.64174045727 719.48310957555 309.11740946478 490.75195935289 186.1630315608 414.05023601541 731.72048782075 217.40191531719 203.5738368429 446.37060038014 358.97687166945 437.20734005198 274.18490099049 221.2947528504 467.53972088671 489.22600395518 525.43763138031 823.98068360488 327.81807772425 401.57295509322 443.54436860055 300.31535491053 182.87311087238 194.14407578608 211.19859864222 305.46727622938 350.2542852715 204.68944093365 165.53108922493 294.01195562855 222.19564472143 228.74695340942 337.09095308613 213.0139648505 245.72891466019 246.81657010682 308.56752135915 386.26730991211 455.34836695961 755.86107989102 257.76245841616 292.41403371336 196.8927840613 269.06713581088 387.85944467868 202.32020957745 216.20162988449 365.3191124004 200.50703697884 131.28792474563 386.13016299527 154.42984919756 550.29261503945 152.75038619082 383.50789566369 1167.9507932929 242.34957098039 216.60213105886 559.56295908697 164.62153339448 160.00859026603 283.27181508099 655.22281679357 230.71263086278 169.16701074987 230.6511105045 234.05925013562 180.75660111244 241.97718500097 359.6908419514 230.10036062494 214.96387893654 159.05116321898 360.34212249995 266.11603090745 204.84145520053 233.51125170564 187.95112936424 207.73905670101 166.413592631 161.15820746317 287.65118951326 207.81518097024 237.03038966451 277.10811561301 434.8802103323 284.4149955405 245.79705046511 356.9177537619 225.91803636366 230.6026153211 188.3908593221 129.89812124704 134.29267012016 373.86017238357 171.9392925477 190.60609233882 553.59132854942 187.45497536267 134.77904860312 134.99749622941 384.4633456678 247.83467942388 269.70792259169 280.33585344952 211.90510551572 215.46182047473 286.29480659541 284.09023985578 190.46673699876 183.37504877005 381.64275714379 454.36057630669 1239.7533410391 351.03076773979 161.42490212948 728.13245659704 237.89709434015 563.60483242429 761.38799674259 238.75051749734 390.30760855323 317.19457877909 403.71509647559 327.92752560659 502.90234365543 214.27498659677 146.36463511943 343.44486609456 458.13693384213 161.61083248802 163.7081412329 338.73289004465 352.87832023687 173.59240727088 220.57695343911 461.63195741444 394.16368074843 248.08404860209 141.74273463587 646.15278208276 236.46692619371 286.92291400547 344.02687462732 193.22799444253 162.6980588392 918.38300643187 207.26495256929 304.79973548849 385.38010462111 734.29358057088 204.80303987721 393.20117840916 195.35327540182 409.04884110669 412.91693201272 218.23484676911 509.36532616083 299.49423351969 252.59354239832 296.86634006833 445.97918050573 647.05927996467 341.31598856944 475.99627670578 291.97584795801 554.18158955337 216.41648939074 343.61772717761 514.39921445567 132.41707417691 624.30219022647 612.83891740489 233.89311333612 488.17964253931 215.60585933523 681.50121297166 633.79815717043 456.82311910224 225.98202657167 610.07759010593 766.20901086411 811.95076096934 593.95713953891 292.59941720695 277.07961384691 495.99933419294 681.21029841801 165.26322204995 575.57055896995 336.52072819417 214.6962916347 142.92171890135 483.39391684083 131.17352359839 321.64201732685 169.95058169573 244.47700861649 384.8830452762 227.76900137672 164.05973454538 216.23446803586 319.37832031151 593.44763653007 120.415343775 203.39685046577 420.89154168233 260.2698290001 178.96359094443 243.18195081147 273.66945775991 503.3846858515 145.23865454123 249.63893740084 721.89923554488 1096.6688739767 232.35017967531 242.25003350275 256.27457505065 222.55027192216 425.17824005701 194.52734569565 213.20563639192 292.15609197764 293.12236866522 382.55315081741 311.85623814266 213.63639908235 295.50450166876 264.82421828949 222.02106721665 211.76118124653 189.39228223204 200.77370272545 246.92667736358 260.24634440758 222.19041624435 322.7749872904 197.04183529348 291.88163050394 323.63777892134 1873.3326857791 222.41314037661 281.94323515535 382.4966633492 249.36585600804 211.15090349638 316.63725148296 241.42599234151 257.81705993575 662.08385516246 525.63261855759 126.39592491456 315.35035902226 152.23425257685 155.02331293975 231.95741461476 365.76536154746 465.88716235959 255.47174970267 197.48494567126 241.91573458583 680.16330407775 546.98395136994 204.32070705381 219.95049680014 179.54994497539 237.39079142902 251.22480381347 219.20026074308 261.61674363126 249.399748567 181.75025501001 272.09383991088 181.07492016285 221.21886056394 206.38954819425 133.35930144127 286.15912531408 414.44134717506 188.76548920855 267.11900306223 299.50707670645 143.72036632777 156.14459965268 204.20053830984 140.35689422777 190.20164263828 206.64907158117 197.8016328585 574.12809444741 378.43437016806 755.67249053103 625.62561063856 879.10986772999 1277.3002166295 907.96468314633 353.5667407353 242.63414075811 225.99554027578 208.72338738228 392.51047138668 510.6564245003 208.76754590697 163.82050850021 587.32992083877 263.82946186246 293.55274327208 152.72125413057 159.8116179729 211.00564139303 195.46400136503 219.42127629195 230.47159968864 277.91020420648 216.21896605347 231.1988319931 196.46217534712 163.7057093742 250.19636124826 308.06453116749 236.33689721805 149.25379554955 127.53297258655 212.13185567246 195.56209317565 331.70849517674 191.99919228058 221.5444385033 193.83697607544 178.97841477485 173.36371591951 314.18818328165 255.16865997033 266.07321794601 221.21426190657 222.41999520399 210.40397265714 251.82010198405 242.40252112188 235.07613904664 187.58399455138 189.10854153859 183.78399542383 210.39204124775 207.6204324834 186.85062080965 189.7433286043 141.88281098461 153.31170191971 761.14745779193 185.38500136677 202.39503435961 976.36960722027 718.23603065654 183.73311210677 154.74541545488 190.72886945912 170.94257538073 180.27630244009 240.11223192198 205.79926973702 400.88695198028 223.84937477978 236.7815704066 179.43460617458 130.72229315695 136.37354599167 225.60466949681 168.88621291769 230.29032649673 179.76252670642 161.5289489047 147.26136429109 158.99958113304 131.88518149374 150.25882332012 179.37420554899 216.0730279816 297.72910555962 363.79152527825 218.91941433255 245.140099774 199.45567139382 212.42191805518 193.58579535967 189.59329525981 182.57470678147 180.68487742583 148.65010882535 635.85616915078 191.50905254748 144.46782014219 175.23917387856 142.95614621227 191.52549321651 294.03797383565 195.54533271922 156.45919577449 209.65896125502 129.05325490782 129.99479382109 177.53501710262 172.29006576875 167.19730425439 169.30240752973 178.38674598922 197.89333188742 197.892794781 200.01038930145 188.40833263055 192.05195357871 270.4349465146 191.41209818595 170.09651449268 181.94496550332 190.8522118919 203.53309234399 154.69610360324 163.45944446555 158.53039074978 155.15510837842 149.44201098722 172.20736080598 189.64992478353 185.57273176146 161.86113638531 153.54937404552 221.80953003729 207.68697402344 200.0380639776 270.54321243934 167.30779564036 182.73021039516 185.47113646884 539.73337709064 229.28834491571 200.51295890009 226.80234848012 170.93233885607 195.40177192743 174.25661609255 336.5363836779 190.85464058286 198.36580872252 199.41852822307 191.64492817449 175.57847798466 159.28778721746 142.34384766606 153.45874495827 152.39261397729 190.75552798919 204.44500533015 994.29687089896 189.72972972287 192.72179827643 236.28767234399 193.93354627067 135.3664716006 168.41279037648 151.42177814242 190.43623643283 191.8534361382 199.97730900897 615.30069956524 175.13972362061 169.42476345975 775.4009409906 203.00938341767 182.29828323528 195.39399203572 167.70692271119 179.55757699652 170.79866388112 206.9804364416 165.89221082844 165.73702066893 287.49568443434 191.78449085245 183.35613672523 237.00865487598 154.44717858195 148.60439985976 148.89584081347 158.76370692969 147.8018577451 149.26350702747 148.02390957686 172.26516255967 150.15382477546 152.49557363295 155.83528565704 164.3751418427 151.11485523262 153.91933208919 150.82746831492 158.43258236006 143.51796295746 132.64853123257 156.7035039025 159.41676949731 134.61345354758 181.88726913234 242.05649295497 187.52464716302 216.76380538549 176.95953357744 158.19674796069 792.20269562544 193.66505599088 410.96204520965 211.20990522292 133.3177456879 201.1357873843 206.91795815799 192.65887310806 193.31878537336 186.23245340712 209.92793320096 171.96492837006 154.92324743676 163.19505356878 189.06237809315 154.70630295655 150.75441373374 174.23053355557 786.82415091401 676.0751848318 164.14348892224 263.76675685437 166.4686453942 127.64892662187 137.34951905822 168.06669824624 166.12663768373 145.12535586036 211.00645027153 203.51316562768 183.06555125346 188.3589459831 229.68258089631 134.84652163793 202.18483436638 249.19084292382 200.25687344262 508.41933533418 145.33054317215 467.00667285013 227.41790204303 201.38759038009 189.36840983381 631.37749059829 179.08932227628 265.68511565386 206.73110005638 195.92568448015 285.49040195425 194.33043601231 217.48449721511 242.36657307267 171.78709638696 150.73795061138 139.10769371601 180.03698058863 170.13123606396 131.79537115183 221.32934550304 211.59376657032 358.25421265841 188.61994095411 199.26677302684 135.55733010321 146.02317545083 152.79483698715 132.72732698691 172.74875095439 182.14950086427 151.99171302139 195.93986382024 174.89536586076 190.36754944264 189.78533695389 165.34027195452 196.68245057904 122.88144971389 1089.8186845327 230.91472118898 219.00798862018 161.88120812539 268.75707904035 367.58040347982 146.72992539775 195.27468062928 1029.3803528837 156.62577847086 174.56277168728 150.94506673683 160.3514381007 172.30139649897 168.73685889252 212.41585172932 190.39409210076 164.18667755889 206.60397867887 139.33989451306 128.44804343429 234.42151662006 192.66019489083 90.713088071422 112.53156223823 121.13331260549 152.62394679446 183.54561415299 159.19611021543 150.42690039913 158.88853494645 178.40759077818 175.92375367914 182.86741768769 126.70868788043 157.74085554956 158.94423736426 142.66930922648 139.82221041011 173.66796344732 192.03632530627 154.98186662188 157.00260776182 290.51557188889 175.20841346994 657.55276859497 259.63099013127 390.31546162648 281.87968879572 1152.1234667675 232.67262284413 159.68144591549 134.06838551074 148.63659376957 401.33685315344 139.09062751094 151.30520545628 194.38898660536 173.11508327498 252.73210009952 175.01501339628 190.22886421828 127.40056587937 166.66426052289 137.79121654798 196.17085141945 165.26841219947 123.3832205056 234.57400722865 108.12942696598 239.06179454732 143.71827453525 233.9182612991 153.25883031181 131.65594550447 140.32013466848 146.51978492414 265.4721772482 119.46874764381 175.17991441062 147.68338027079 122.55474585654 94.092167823554 145.15643426275 153.77441335823 129.54940394629 149.3337430945 169.06153099586 166.55979564255 151.59751385902 168.38607990621 288.86337286265 93.80210369692 191.32392385907 161.7280303603 149.69765559186 126.08719211734 312.68661295422 362.12520169663 250.7416645974 342.28297793405 112.25800485714 147.96394637088 317.04230292984 171.65362457838 151.05087047068 157.16123134078 125.46201444536 125.09136642809 186.29150675278 178.94876549122 167.13032808441 201.95444077486 142.18619732305 137.38359901324 148.95063220356 142.89238607228 153.36999370637 156.48627148417 167.0183133496 113.91947260906 290.52050071529 149.08823071338 138.20919552387 125.19085493049 187.83184355221 151.91364073125 148.45946451049 124.46615434044 164.55730410185 151.90680676925 77.525875303648 231.47271160658 210.42512922591 424.69010462418 156.43688999183 1299.8788365589 180.48426546807 402.64883070134 180.01275507862 121.11335814991 126.19371498043 119.90231628982 136.39448384643 137.94234011489 238.38104302011 98.910877159627 144.35645986084 133.7395782347 190.89303418716 576.66098767161 225.81645025626 138.67692925767 244.7886340393 206.31242409198 567.64655452016 143.80702727176 122.52861674671 162.4102433518 208.30363089235 158.72016110868 170.05705131331 334.85321165715 116.61596568434 249.956331326 78.945480708893 88.92864245733 222.4699677607 169.42102115585 219.85130560271 454.58537344178 154.86481304886 453.85625662985 924.18536600955 499.41682034592 368.61929974381 549.66812871307 530.94607226449 443.53605765055 355.61226763538 571.41729834894 137.82385794281 132.03588660898 161.26785743239 139.90910353598 151.48597928953 170.60187080444 159.27317347235 140.06289790537 464.43457151904 912.60800654899 134.14016918391 132.0696577693 417.62367111025 192.79885649178 118.36511064651 133.77604934114 154.0278063042 127.89106491854 159.53238109926 152.06188603961 150.42129913435 137.48213634228 244.66201486625 199.48520742406 158.16675277695 216.40902594884 136.98126646154 145.71022223976 122.60824183108 141.21090647174 224.15440845142 184.13732876116 197.71735153493 138.61818352499 143.25405235568 127.39952062099 245.47123135218 329.5479835219 334.94278765634 279.17002651904 605.68475927429 293.46604007847 243.41856723948 186.1331935299 589.84430427571 296.83417346942 429.92100948579 260.0751248552 86.787515034104 425.38556263682 305.45383389279 850.42188134565 794.76144885271 296.06723516912 487.49869201385 674.93075228064 1905.0975493049 1109.574758161 491.80952173674 454.89742881351 479.56679103166 208.47815731145 550.35544700385 258.79074633504 466.60662294059 430.15921163736 465.94868748912 324.76205482208 1093.1660680067 336.21746000308 680.23829744507 312.58669555826 417.11721637486 468.29633062062 678.13846642786 803.56112145881 577.92172744338 188.77939777185 107.70733245753 216.93022494031 160.56122536371 113.89424261922 369.44404192971 141.94008082966 130.74659191751 126.28056609391 129.70473733713 145.69707458582 214.04315608731 285.62971184229 370.67112563439 148.8354500355 169.50470720664 153.85356304268 904.43585286602 537.59129346655 566.37037651346 495.11364999354 266.35124493031 177.54483782687 229.57927491512 670.47882368689 235.9177798776 249.24970582018 703.68050349049 339.9017436276 559.88356687352 351.09204200026 429.23145439488 529.23533455109 176.31014578657 544.73971988796 901.15163521534 379.58161858023 1070.3045406099 410.59792730672 401.9651238351 540.74540635251 908.93683238268 568.09354416729 1301.0042309285 1201.2511567863 946.93302353455 1014.7833068666 1275.7281888737 469.48749853082 1268.0344288513 557.5823395187 444.78695694726 517.6160864833 496.69973549156 361.35682704091 344.83351689716 336.82498197475 586.43008386268 447.65700078511 367.59830345024 371.02542521808 443.89487974346 395.97000660197 827.74162881955 658.14582175423 313.92551411149 339.30700545791 466.32921105553 447.16688296913 665.01545854513 403.03126423202 928.34073335189 302.02723207492 184.36499402945 432.90264560224 342.88971535917 216.30381707993 169.02922885681 319.66588793461 936.64173068631 151.31952357418 319.97812513743 599.59948626872 110.27706342174 672.09141273087 377.46669313024 207.68785819286 781.32879517642 196.71717939334 558.67946032903 330.32389091362 323.74576170865 248.85762888806 477.75181139208 585.82137906724 417.87803828634 344.51833850136 606.60179160598 946.03124468549 2133.3908780657 851.33057519131 388.15741861166 1278.7346327071 400.34609379543 1090.2989927164 494.81077359157 317.34709469402 417.4202357993 323.45613384244 422.40111875255 382.75226133626 399.60033922276 294.08831874995 512.04954649123 357.1290819806 443.21841254812 497.12549758953 464.40356566763 289.9212256427 801.31862807296 136.96397327698 216.79404340369 91.015098732956 353.3188849737 389.67344294494 672.30991509017 177.25140144595 179.45272970096 220.12370766885 484.44126824376 435.89064846035 379.35631578849 368.11769076907 424.77694320972 428.14632100339 1204.8465691168 352.47176371894 861.15522783769 1226.728392551 666.49226415054 1367.9026758853 371.34217760328 316.87407318421 448.89810546581 417.3870508691 537.44609947355 393.11215219456 767.39358507209 472.69775436724 711.44359386123 173.48389104572 119.20639745864 273.70552339211 118.6530559306 166.61832926025 195.13584818684 227.24960164595 505.73797910819 208.12562327463 636.2301909797 561.41604238288 321.55849164896 409.74226454894 1124.8052579935 818.2263683534 459.20960354167 556.93499292662 340.42513683407 708.52233156727 204.62899153385 199.13731645534 208.46821775339 225.15557103537 246.80591651864 388.87042063852 328.961032348 789.4480090015 990.54724576017 297.4255846492 799.4466177591 383.21769073485 157.87790523596 171.07859217579 168.32304159481 157.33196656076 530.8632391531 155.62262283723 131.54435871586 127.0655796123 216.7321380981 192.77835864938 1261.3750126982 90.65390990915 461.82665693376 1326.0174134867 218.35955650352 107.3900269624 128.14795772627 125.76260672345 178.98979274648 161.19887789831 132.03344584621 177.03340433409 160.72797792771 164.8817227599 837.91513905856 653.67154412316 277.42762654813 1301.1651600557 469.71923652185 642.19495567546 779.41821546905 1060.4044869243 126.50826477297 159.0902530623 134.97319839647 141.24099867005 259.64739275297 262.21693281687 128.97749409173 149.40579270502 594.79130205717 110.21024023345 172.88209443681 275.95156426761 400.08926657798 465.20112582948 470.27042949262 264.37388241219 510.3948975405 352.33302367446 575.0192839469 150.81992050001 187.86408791399 379.8188716022 492.0782405183 377.15839075249 307.8771089699 110.62394201578 322.81997392075 415.6612494044 428.81342037575 123.13612282807 301.93707646234 121.61482670167 192.28063443311 189.94681311403 179.84804271567 204.63279423595 202.44384791658 210.01533677406 261.91915844015 116.55351804396 120.02405663156 108.67731282649 165.1023339816 156.60398529974 161.42558136543 510.09106300017 143.17665676817 180.9101768986 137.71334961608 240.40728696082 578.62277839745 369.04923795071 98.20109866309 140.13659693799 119.68211263345 164.30556543951 145.54259386432 164.10458677896 193.10698716837 185.6571248142 248.31415579309 532.17614643838 945.52146561907 1150.9121270177 518.97511848738 513.57288985149 748.82218936571 860.52194165843 1196.4296750348 612.25773586294 727.32111119001 460.62767706002 399.23903037028 410.76865374689 384.0970938749 1048.5340644409 799.36364672424 451.29233105347 287.71955231067 468.33153004751 743.21587315825 434.90423954605 204.42621904854 174.35102352961 818.332453654 338.8266124368 675.84076850128 1015.4930326696 827.15153181911 162.19529420885 348.47721445321 96.221681610095 333.89317892403 730.77168235689 619.53993765445 504.66898635785 317.48471843315 455.80218357898 452.63402977053 262.89273176745 570.43676365993 282.2102115186 975.87000499969 691.44291522421 316.82762889754 400.24643029312 511.26112921413 319.71194863373 445.11418353322 361.72629044556 303.51985279967 127.99229342993 214.68652633888 161.19481272575 195.20001392318 228.2051356437 473.53537143378 261.73170597649 223.55697117331 286.64277237827 409.54414166536 97.302583692448 144.46387801057 144.50274950773 85.23189841976 175.53312724326 159.94934992652 105.0604274409 129.70848994996 118.7197161118 136.39673781496 131.15115573534 107.25647063415 51.669434784547 106.7597605636 683.60289927866 395.2767648077 797.86544854059 679.76663713655 703.35051826385 541.26359166281 438.77487385827 742.31322073217 590.34545031811 444.56681589857 342.05092323905 1139.3887384861 427.75573575137 802.04272076667 1288.7445501606 358.97275094762 202.54819582933 87.558390419292 734.14263103653 457.56594581902 635.32402883968 467.81832225677 349.09177205905 448.31287640316 624.67389291492 328.26946826146 216.07722321553 233.88035036502 285.04203000082 514.73222097265 96.712562030546 131.19782015545 116.22867486399 162.79508048705 131.10883220167 1039.2210416979 397.91043818745 317.57763726029 855.73135427775 226.52250318163 436.68525673236 948.16859193385 816.35106172507 374.00611319498 483.53747096354 432.70211521627 360.50827217284 491.36621164994 742.94293566106 1051.9542351956 640.05837341682 515.26384685998 324.05395936744 939.90791622387 908.38217633762 450.32532231049 298.61283103381 465.37163298006 530.26619849495 1019.9257152915 239.13223515243 250.13700007099 609.43434981497 733.03431330113 817.41748055496 484.50854385672 430.75981517642 961.89917487994 1053.1277822953 684.65848010594 990.08836021036 335.01261533608 807.39003048405 92.27740016967 225.96161668429 286.79252601897 116.25870194592 643.8997452542 115.11287049367 153.80406006728 144.47383129255 130.00840934297 132.32918383073 165.02482966839 136.36991653818 161.23289656856 155.09718140314 126.6510591967 146.45206900656 122.51585650765 121.830130349 127.01134819964 122.5592258383 200.57037458793 237.27609379249 179.2206807818 54.737550488963 630.51008392241 133.11264493163 128.8313121329 219.97179462536 80.474964823217 128.43075763116 1221.2227084602 326.48606186325 232.1335691211 89.843591111482 145.84199642156 342.71658320534 263.68308072474 686.4412950987 271.83730431068 204.70630419565 327.80242738784 469.14699977264 130.85089861835 177.46631541934 378.04286977072 390.02679178756 191.24379872694 676.58981274106 397.46696892252 659.29570368827 756.76781466487 361.64471015374 161.03551544727 218.68138511481 152.58514533847 251.64660923677 313.55775052488 354.08667555419 166.85629554096 94.777476705021 406.55166015986 473.98275489201 301.83860063458 333.75946566611 565.48127263607 639.73551922263 366.65470738411 599.74478329129 707.01992159479 727.25223211065 929.83005795984 1174.0424122084 431.88576368967 526.3405229217 244.60145807393 106.27440749439 153.02227529822 115.13664286188 102.7512863155 110.80875196095 944.18560963454 297.00015147488 674.84261409058 654.09262969182 136.18432325278 590.7136988366 755.36875246972 838.57294888765 140.76238860017 166.20219090141 103.7804577543 76.486935911417 657.27956057038 508.14962573596 108.14530764568 140.11418334472 141.05691760764 48.535922717258 141.53424024132 115.94158115878 148.35884449644 175.39640092643 183.221621481 146.07993986836 62.843973453883 189.61947220509 428.16681412096 388.10503432419 551.68843662521 228.12095361412 562.0695567671 74.051229856609 122.52090351513 111.16696059917 115.42654169947 102.2416186838 580.08787887934 200.22142915659 527.70210084012 746.87886594714 408.0031297335 628.85461921567 176.27818599137 450.08430003067 241.45784447102 719.60596080273 893.63038941204 677.41502371435 1004.3870852553 264.22335097835 505.5162946049 992.88132708751 199.50521218667 410.66993025973 392.87270314579 780.98664894124 1121.371089855 832.18113808157 601.60810417582 722.46049243757 104.3876434391 120.32358356898 390.42999020317 1191.4742306247 522.70754035574 661.91476341761 729.56536416228 532.2456051845 920.74907104899 1343.0707217691 139.46802193748 160.76330765462 119.97265141746 1067.3798593024 110.45031185381 105.30903862958 348.09647852734 412.35933266729 645.53977887157 559.40852626427 123.33675469108 1354.588227372 751.43310862852 1140.6584410107 328.52363055033 311.70158117235 263.45632040783 1082.6855218168 73.596504196427 114.39595604943 108.53625602294 107.83978552902 309.67167022714 390.47884884732 44.997129534717 101.82077092638 607.22324685369 1465.0930260398 205.11766497556 1024.6384018032 117.31673988437 112.41860517183 129.38163980119 107.00249456991 100.67113534712 103.45738901839 106.5158625317 104.25685331675 716.95761690847 547.47885441212 643.35707863096 137.14620762798 291.38364384133 105.18762547628 104.4347961617 472.7861698237 1113.7340791893 809.71602341646 166.64113681567 105.22877723558 102.12799805307 1045.2947793849 913.01813520517 994.97931709062 874.78693656255 109.76216375861 124.67893383708 693.94870570713 1000.1250131312 113.77952511592 230.39651259793 216.90386055924 125.16969645804 135.61759969415 272.3134559921 1318.7329802153 1185.2103948495 293.35285495689 243.63405420326 141.85700514883 110.48031641628 537.43609807705 300.89559025783 273.55574390444 839.63391524019 218.19207134621 243.73233200838 565.78908160578 679.5882014845 356.19045141379 290.95484091392 1107.613833705 195.82191354656 120.86710973691 112.17699681213 131.49444762479 119.2745047595 75.30591668653 97.522926286411 88.428079570521 101.69745595726 83.432916382214 107.13234506084 440.21863124936 668.42387539832 398.03764991673 856.39510769749 260.77173247084 60.162073366929 1063.6291625518 667.10444313526 527.7047135963 71.042662530293 1180.9742114634 553.84069396103 250.26363913632 203.00187344984 260.51501714165 250.73063429873 395.55273652285 675.18878970087 548.68939097869 387.93525424269 751.12697571316 456.48196733592 61.125225397866 874.38052479671 226.68232453316 265.48478489387 482.89894422477 318.2168055829 569.48521217751 296.30760527699 112.93434518847 454.95762891005 335.25845456751 880.5202372426 661.55399597799 462.20954360021 217.85362565908 87.092986347037 51.54129514384 191.05952683499 97.154262667798 981.49256254214 684.01160034147 60.513290958594 354.67291676628 130.05079646421 128.66618032937 116.55331376047 112.43125043818 115.32829629205 101.6319666066 143.20685685217 217.45503980788 478.28056588367 478.21544860523 76.730507225865 98.074666663609 555.97346185877 336.08219165049 853.73908119749 550.54246589512 412.38120072369 131.72817460701 182.93148587073 53.141701696621 880.46408636248 816.9308721878 957.05049789292 594.43998514073 574.02767051946 1038.9778549432 57.769287051302 301.48260872906 336.50355715433 712.21006790874 451.75907228865 639.18444651385 363.8888638773 57.354424902596 269.04179475612 286.02314009912 1037.7863994908 131.35170518345 827.22890027411 484.9681613792 886.0406566624 730.1983764983 1261.0933853743 1104.2833492502 904.00246884056 553.85128693075 867.51375394554 1087.4960493744 346.281525524 439.2189453528 786.80682219553 1018.2771335638 290.17774263792 211.39667956651 867.85925651918 209.48887573256 848.98904747441 325.99020056179 266.62168834079 246.64537953245 1028.5912996758 798.44853453849 283.81195359003 243.32491155418 459.99926179385 812.22860935931 397.65549845584 842.30999901626 581.62452695474 806.7640215747 1237.9901740633 630.99383726538 701.0787547386 789.36149128097 820.63434575266 494.58405031158 410.60599251078 889.60256339452 707.22720479155 1166.6526542019 417.04881014561 1189.3659107571 1131.4453638415 1039.3983628603 1116.5460780819 1036.5712855296 944.16342298623 1058.6536491072 836.97039044426 634.3404493344 1114.00585107 449.42984615049 200.95132504511 406.44848825588 188.25518535362 80.028815760554 1236.2395984194 361.14894366222 75.001755096213 300.99442042891 89.020835262832 120.05278369218 206.14877305398 107.09936548782 43.196409987591 436.23383020224 374.64716184091 132.94333118667 245.56029549603 201.96662151002 264.76036020993 830.36266398227 58.024625940479 50.925818782237 50.95861051387 955.77841301762 713.00556460204 542.46228129885 755.88386668477 662.14307419915 93.861463235682 1124.9924593735 68.616816339072 625.52599543964 67.039175185427 104.42994182354 98.458746028326 91.379709146003 65.361143943647 972.72683715289 653.53430961218 433.16436334355 590.3409422922 368.60390031636 1011.606563545 70.332442275249 127.07550163019 612.74531916098 1034.3036369996 38.069332914575 316.92435561192 703.96097849935 174.67944053222 89.146598029708 444.48554205222 134.88363594935 500.43517236865 967.43902617877 523.19256679881 168.75246791176 57.412642215711 543.18092546999 464.12711514312 1137.0597800251 1056.5276497789 956.81045439529 1185.8554122291 1160.074308937 332.043507193 77.153843107296 1004.8696579659 1035.5444122215 274.69666432408 856.49675547733 891.96470993213 476.87804146766 185.773871157 470.01301586062 1438.0270747834 392.09560109228 806.59252229635 475.98081464999 276.33945023613 615.0718028834 656.20256838455 522.46097513722 371.80786706053 452.10139569347 618.72564075364 578.83245375066 903.72899840402 588.73450096677 1073.881452515 711.24279740007 86.195788148734 63.123506538194 60.70525420432 114.28523545979 271.57329880477 57.403451315726 59.532523785292 58.818888037666 856.28984220184 555.33488669054 254.62570284169 448.26612158048 599.93426111557 589.00951323502 64.833840877997 183.85820330459 496.48740596524 365.60122196949 273.94620104754 364.74565721813 718.82763148957 627.39235171247 579.05297633831 564.08579272937 474.24941876732 702.58009143086 685.68058816132 373.72419909699 318.54951365474 270.9091423182 112.04836609784 106.88977520825 106.47070686448 93.681618985666 101.71278913352 87.523457426071 89.717094256522 100.52061430851 86.58002871841 93.30206993357 77.809592479358 1426.9340095451 1091.6549899937 87.524568990494 47.934237889533 46.229346431542 50.940338852118 51.666589396655 57.527759841187 63.808277980021 71.358622977377 55.569925013726 1186.5193758103 955.35629842643 74.811550881703 63.161683788335 121.05573984915 51.133676905598 89.35054600654 84.029124408466 1453.4936630666 1009.743391597 48.387073744402 52.317414553673 596.47964576661 1237.0578743849 67.292539525113 97.061187379573 75.314189166147 81.605778301934 82.69299229619 72.893149552035 62.464370783618 69.165040463601 299.73019270273 934.48113873646 414.65284978801 526.72550601312 64.502641139633 78.805268508258 53.821570398905 63.889388095592 53.430421118832 71.623755784221 61.520978212384 61.246877621484 108.99281885351 68.856463660467 55.778839369991 100.97041547946 113.87859507759 110.89398961665 65.514386216649 558.55268508642 524.44536242636 930.0483086696 241.5171672251 269.82458483542 65.471742940028 55.870154547742 53.254077366125 68.054150608035 60.796620492426 60.438019794457 65.90082602139 67.955225661621 572.7705121755 81.239548248165 61.170557049154 63.804280104561 59.999738323365 57.681315278657 97.601664522019 66.640473760847 422.39240726253 78.45745556888 416.97644708302 161.99123691388 195.41219136587 282.89655576924 1392.8433595542 1745.130129078 634.09799909667 119.78214752635 58.323118678342 996.13619150023 604.36823446129 438.91005247919 513.35898992899 409.85287589199 1024.243130222 144.37275002322 84.646173241561 783.91670293963 527.97840814764 1641.8904669312 62.270368337701 68.978384790305 62.514197218197 64.06589657063 1913.4517154642 402.88700495311 65.099880095716 1132.297177174 73.221231857433 63.30976454657 548.79044610252 352.18167962739 856.30222475974 2343.4413516529 1571.5088192941 1038.2623579635 71.390047565306 74.209086535553 399.06607067789 90.659978683085 263.68204979346 62.527350360183 70.356033426986 63.334709234914 61.963419529193 75.084899125731 65.278893861468 75.085430887801 64.306227151452 65.274979731913 68.139648102197 560.22374592637 320.6005751316 479.51901349087 725.82552819775 335.99531284564 718.75206534048 1756.4119317716 2329.4683071702 958.55456104126 517.6471969251 2461.5707636771 925.03108687638 615.87996628563 229.23179778224 780.47666464958 507.98731813496 609.13814361961 759.75449490196 802.10831633484 1412.5899106284 739.7538369035 671.78934691481 1762.1269109332 1120.1999859324 2046.3287953574 1023.4257604474 970.99345939024 505.70725932139 1477.6487689241 1433.7564372086 1294.2870110354 1592.7643757596 1260.8818108056 63.732100840152 63.138924213522 62.147010858088 1138.0841351224 1860.3855487284 2325.8642598383 1010.6678217397 1552.6858132839 2271.2425692817 1470.3999095179 1974.469265882 2389.4087748252 1544.8342619205 66.010148134183 63.079491697609 1238.7552364566 1708.123256411 1418.7770919925 2057.2918743988 1494.4694320675 1752.9753908405 1078.5271179816 1924.3298881156 937.26127636916 965.56142163235 880.661402805 1877.4214789823 2316.098264579 1218.0187168602 1555.7754659514 2335.9404952204 1142.7950450906 1352.1870001516 166.25522578004 68.047844682556 333.68067216612 124.89225280637 91.468485935983 97.78789086112 109.66669818605 817.6987105371 2346.6364091244 1898.2008712269 961.73759513268 890.90376683541 816.04019344722 1062.1977921056 682.91334682616 
POINT_DATA 1225
