x_m,y_m,gravity_disturbance_mGal
699.614,81912.855,25.082
1135.108,68148.035,24.538
1706.695,67087.235,26.527
3723.882,102668.500,17.955
6917.508,72275.590,12.700
8091.932,97480.144,14.165
11452.902,104893.510,10.693
11621.253,80802.017,14.806
12124.289,89510.804,20.198
17332.078,105264.901,14.951
18006.490,85620.094,7.101
18171.817,63937.083,9.692
23213.271,102855.307,11.644
23885.666,92848.876,15.863
28590.419,51335.362,27.402
29430.157,100074.322,-3.502
33966.559,105264.901,4.965
34133.902,70423.083,14.244
35311.350,96369.307,-1.066
36151.088,42808.935,30.830
42199.624,94516.800,9.975
43879.100,6858.503,40.809
44215.802,34657.235,40.836
44886.181,11675.467,44.698
46735.017,75056.575,29.279
47072.727,22794.960,37.113
50431.680,87473.713,27.889
51943.814,5745.442,44.135
52785.569,40400.453,37.414
55472.127,80802.017,33.948
60345.230,45404.224,45.334
60513.581,23721.214,40.206
60680.924,54855.793,38.875
60848.266,69126.550,36.526
61353.319,72091.007,36.890
62025.715,370.279,31.654
63032.796,60415.539,37.137
64040.885,87288.017,38.192
68410.952,49667.438,42.368
70762.824,926.254,35.468
72946.345,23165.239,28.930
73282.039,92477.485,34.131
77651.098,4077.518,33.470
79665.260,88769.134,12.268
80170.313,53187.869,28.896
83531.282,22794.960,27.609
84538.364,4077.518,33.710
86555.550,67458.626,11.187
90419.556,20571.061,34.269
92266.376,6301.416,33.373
92771.428,74314.905,23.237
96468.092,3335.848,39.482
96972.136,8526.427,40.329
97980.226,104336.424,30.041
98819.964,29466.656,41.301
99324.008,17422.021,44.742
99996.404,80244.931,21.301
100332.098,21497.315,39.511
101341.195,38175.442,24.235
104197.112,43736.300,25.656
105709.246,97110.977,28.459
106717.335,51891.336,28.175
108900.856,85248.702,12.597
110078.304,59120.119,37.353
110412.990,107672.271,28.787
111252.728,69126.550,38.066
112261.826,21868.706,39.111
114109.653,76355.332,31.780
114109.653,100074.322,24.679
114613.698,84137.865,23.112
115957.481,95997.916,24.148
116628.868,51705.641,36.219
119318.450,23165.239,49.006
120158.189,48369.793,46.501
120662.233,2223.899,46.792
120997.927,87842.880,17.067
126710.769,78392.423,23.152
127887.209,54671.210,41.243
128895.298,4262.102,36.438
128895.298,66902.652,37.614
128895.298,98963.485,18.423
132086.909,7227.670,38.982
132086.909,24462.884,45.393
132759.304,74869.768,29.944
132928.663,45220.753,50.313
134606.124,102299.333,16.307
136623.310,37620.580,51.797
137967.093,104893.510,16.226
140824.018,72832.677,33.352
142505.511,26872.478,32.687
146369.517,24462.884,22.853
147376.598,110268.673,38.319
149056.075,74500.601,32.378
151577.306,11489.772,33.234
152752.738,20757.869,23.315
157793.184,74687.408,27.179
159642.020,35396.681,15.731
160482.766,30577.493,13.108
160985.803,14083.949,26.945
161322.505,42254.072,15.703
161657.190,24276.076,19.073
163506.026,49111.463,14.106
164681.458,102855.307,48.089
166195.608,4446.685,24.010
166361.943,56895.108,11.121
166865.988,72832.677,29.387
166865.988,14083.949,23.692
167202.689,14455.340,22.324
167202.689,12416.026,22.877
167370.032,7413.366,20.971
167538.383,14455.340,22.224
168042.428,926.254,23.313
171571.748,98406.398,42.110
171906.434,62825.134,8.185
173755.269,73202.956,26.159
174258.306,17605.493,26.523
176107.142,91365.535,33.097
177450.925,87842.880,27.242
177619.275,68385.992,14.044
179803.805,73202.956,19.706
183163.766,75611.438,22.485
183836.162,19829.391,17.102
187364.474,80986.601,28.586
190723.427,69681.413,19.011
190892.786,75242.271,26.518
190892.786,88029.688,27.715
193075.300,23165.239,28.512
193747.695,63566.804,20.821
194252.748,94516.800,27.432
197445.366,102486.140,36.211
197445.366,78762.702,24.738
199460.537,26687.894,38.658
199460.537,57821.362,25.584
203324.543,109897.282,38.381
205845.774,55967.742,31.420
209038.393,19089.945,40.448
209542.437,32245.417,38.151
210046.482,79873.540,12.391
211726.967,41882.681,35.761
213573.786,47812.707,34.773
214078.839,72648.093,26.123
214246.182,51150.778,33.925
215254.271,54671.210,33.067
215590.973,79873.540,15.240
216600.070,83396.195,8.206
216934.756,37064.605,41.259
217607.151,81912.855,12.901
217774.494,58933.311,34.099
219959.023,78762.702,24.099
220967.113,27798.732,60.852
222647.597,65234.728,31.458
224662.768,74687.408,27.968
225924.896,17290.811,77.770
226679.954,47257.844,38.373
226764.634,27150.465,62.582
228325.156,11620.982,52.389
228561.049,5817.719,61.390
229367.520,84322.449,13.071
229587.284,20811.242,80.863
229871.565,69126.550,25.979
232390.780,41513.514,39.643
232390.780,67272.931,32.256
232728.490,26872.478,65.626
233232.534,26501.087,65.768
233399.877,64678.753,35.709
234206.349,12824.111,53.069
234543.050,370.279,30.589
235248.713,60415.539,48.294
235248.713,5967.832,39.562
235920.100,72091.007,23.394
236508.825,20238.589,59.569
237970.554,25445.847,77.859
238441.332,1297.645,33.922
238944.368,11120.605,26.553
238944.368,68940.855,35.605
239533.092,296.890,33.820
239785.115,75426.855,16.155
240758.929,12545.012,42.494
240793.204,79318.677,5.259
241127.889,31969.653,57.555
241465.599,6282.513,32.086
241465.599,5190.579,33.595
241632.942,89141.637,13.702
241632.942,43550.605,41.373
242305.338,6301.416,31.653
242809.382,20310.865,70.377
243479.762,70238.499,32.585
243479.762,85620.094,9.218
243564.441,25055.553,85.392
244657.210,67644.322,40.204
244657.210,9081.290,31.133
244690.477,313.570,40.256
245161.254,92104.982,12.847
245329.605,107303.104,31.525
245666.307,96553.891,19.519
245666.307,98221.815,23.267
245833.650,93589.434,12.051
245916.313,13564.669,34.236
246673.388,75242.271,23.568
246757.060,6264.722,38.922
246841.739,63010.829,48.304
246841.739,31190.177,71.563
247009.082,87288.017,8.235
247178.441,65050.144,52.629
247345.784,62083.463,45.357
247345.784,11120.605,26.333
248016.163,88029.688,10.025
248437.544,19089.945,65.932
249226.878,24555.176,53.536
249663.381,610.460,46.160
249697.656,87102.322,5.222
250033.350,71164.753,22.541
250537.394,78023.256,10.576
250571.669,18477.261,49.323
251377.133,76724.499,14.011
251377.133,80986.601,11.158
251377.133,84879.535,15.240
251545.484,27614.148,61.921
251830.773,6318.096,37.793
252049.528,41698.097,49.152
252554.581,13343.391,26.887
253561.662,75798.246,14.329
253578.800,30799.883,57.016
253898.364,63751.387,38.940
254234.058,93403.738,6.466
254704.835,25408.041,48.425
254738.102,741.670,41.046
255073.796,57635.666,31.088
255915.550,70052.804,28.931
256250.236,67828.905,30.300
256418.587,72275.590,26.538
256418.587,41882.681,48.250
256418.587,56339.133,37.822
256585.930,65974.174,36.800
256922.632,89882.195,18.229
257022.432,6486.000,27.342
257392.401,14121.756,46.578
257593.011,14083.949,36.898
257762.370,80244.931,27.544
257896.446,19403.515,43.956
259325.916,31042.288,48.309
259442.855,57080.804,40.105
259779.557,29096.376,52.716
259912.624,25073.344,44.804
259946.899,109156.724,32.169
260450.944,96369.307,15.793
260617.279,81543.688,22.394
260937.851,1279.854,28.049
261291.690,15010.203,48.917
261963.078,84693.840,31.447
262971.167,58748.728,38.966
264314.950,60230.956,40.602
264483.301,61712.072,42.974
264483.301,64123.890,44.569
264483.301,86918.850,35.346
264817.987,17605.493,37.567
265019.604,31653.860,48.539
265155.696,65974.174,47.498
265490.382,104708.927,34.808
265658.733,102113.637,30.842
266197.053,19773.794,48.596
266499.479,68013.489,47.478
267674.911,88399.967,34.273
267842.254,21868.706,49.502
268681.993,73202.956,35.521
268851.352,74687.408,33.179
269019.702,76537.692,30.703
269187.045,85434.398,33.166
269354.388,79504.373,25.689
269439.068,26353.198,44.654
269523.747,82654.525,26.395
269523.747,25574.833,45.402
269523.747,26872.478,45.037
269523.747,70607.666,44.342
271203.224,91180.952,38.056
271203.224,85990.373,33.077
271371.575,87842.880,40.266
272043.970,29466.656,40.165
273218.394,93772.906,39.784
273555.096,106748.242,19.570
274060.149,41327.818,43.524
275067.230,95443.053,40.090
276076.327,30392.909,39.611
276579.364,107488.800,28.579
277251.759,98221.815,45.641
278091.498,98963.485,46.772
280948.422,102486.140,41.145
281620.818,98221.815,46.935
283804.339,57449.971,59.357
284476.735,97110.977,45.090
284812.428,104523.231,11.143
286661.264,32616.808,48.484
288173.398,66160.981,55.137
288340.741,80430.626,45.617
288509.092,108785.333,2.715
288677.443,93033.459,45.440
289180.479,85064.119,47.847
291365.009,34284.732,42.440
291701.710,90623.865,42.917
291701.710,73388.652,51.175
293884.224,99148.068,15.861
294221.933,34839.594,43.724
294389.276,102486.140,11.384
296070.769,38362.250,43.583
296070.769,73758.931,48.180
296070.769,88769.134,39.863
298085.940,41327.818,45.061
299934.775,44849.362,46.503
300102.118,74314.905,43.961
300607.171,87842.880,45.456
303126.386,50037.717,48.733
303966.124,7413.366,28.230
304638.520,89882.195,45.890
304807.879,18532.858,42.264
304807.879,73388.652,41.541
305814.960,53003.286,50.758
306990.392,88955.941,42.924
307327.094,40214.757,47.827
307997.473,57080.804,49.561
307997.473,86918.850,42.553
308166.832,91922.622,40.212
308335.183,68940.855,42.384
308839.227,60970.402,45.717
309509.607,64863.337,44.471
309678.966,1667.924,30.800
310184.018,94516.800,20.958
310184.018,95443.053,25.963
310351.361,102668.500,9.605
310351.361,14083.949,34.476
310518.704,100818.216,11.162
311021.741,68570.575,42.615
311191.100,85064.119,40.734
311696.152,106191.155,6.593
313208.286,108971.028,9.639
313542.972,82469.941,28.885
313879.674,71349.337,41.423
314719.412,1297.645,30.168
315222.448,15751.873,38.509
315560.158,79134.093,31.615
315560.158,74687.408,37.756
316063.195,23536.630,45.156
316903.941,78023.256,33.275
318246.716,84322.449,38.866
318751.769,78762.702,29.976
318921.128,45220.753,47.095
319758.850,32060.833,43.760
321776.037,76910.195,31.769
322280.081,92662.068,43.644
323456.521,2778.761,19.720
324127.909,75056.575,34.372
324800.304,94516.800,34.495
325640.043,72648.093,34.374
326312.438,69681.413,29.196
326480.789,37064.605,41.501
328328.617,67272.931,31.614
329505.057,108229.358,26.053
329987.932,110772.386,25.655
330176.444,50779.387,35.581
330513.146,65050.144,29.915
331856.929,40956.427,36.365
333034.377,69126.550,27.957
333034.377,62825.134,32.396
334510.220,108784.221,26.957
335553.592,59489.286,31.142
337401.420,57635.666,22.716
337738.122,55782.047,22.005
338072.807,54486.626,22.057
338183.697,108866.505,31.886
338241.158,51891.336,26.756
338745.203,99148.068,31.004
339921.643,102113.637,35.129
340089.994,43366.021,40.052
340594.038,49111.463,31.906
340762.389,96184.723,26.988
340929.732,37251.412,48.541
341265.426,88955.941,26.326
341433.777,106748.242,33.086
341602.128,91922.622,30.584
342274.523,84879.535,26.513
342777.560,48184.098,36.091
343281.604,47999.514,36.832
344626.395,29096.376,43.131
345635.493,69312.246,17.898
345800.819,83952.170,26.397
346138.529,45220.753,41.678
347650.663,64493.057,13.614
348825.087,107859.079,48.421
349161.789,45033.945,34.889
349499.499,18346.051,15.838
352522.758,81728.271,19.834
352522.758,42995.742,36.408
353698.190,12973.112,16.070
354875.639,81728.271,20.037
355547.026,40400.453,44.353
355715.377,105821.988,52.071
355882.720,10933.797,28.339
356724.474,39288.503,46.453
358401.935,38732.529,43.040
358571.294,80244.931,20.294
360251.779,102855.307,46.643
360923.166,38175.442,44.165
361426.203,741.670,26.436
361426.203,37806.275,42.976
361762.904,41882.681,33.997
362435.300,78392.423,17.708
363947.434,100631.409,47.621
363947.434,46144.783,13.127
365964.620,36507.518,52.700
366467.657,97480.144,45.658
366804.359,50779.387,9.513
367308.403,75426.855,12.591
368651.178,53187.869,3.577
369156.231,34657.235,50.290
370668.365,94329.992,39.608
371677.462,56153.438,6.301
372180.499,32616.808,53.989
373020.237,72832.677,11.333
374364.020,80244.931,27.196
374869.073,83396.195,27.257
374869.073,30392.909,53.854
374869.073,93033.459,37.633
375204.766,85990.373,30.119
375373.117,87842.880,27.238
375541.468,60230.956,8.348
375541.468,53929.539,8.343
376044.505,29282.072,52.375
376381.206,97851.535,42.886
377220.945,77094.778,33.665
377724.989,63937.083,15.152
377724.989,108600.749,72.988
377893.340,28169.011,51.687
378060.683,75056.575,28.684
378228.026,52631.895,15.981
378228.026,100818.216,57.707
379068.772,85620.094,23.437
379572.817,26501.087,51.031
379740.160,72648.093,26.521
380077.870,68013.489,20.373
380414.571,90809.561,32.978
380414.571,69312.246,21.508
380580.906,25574.833,53.942
380749.257,102855.307,66.158
381084.951,71720.728,24.969
381421.653,108043.662,85.062
381421.653,50963.971,32.104
381588.995,96553.891,45.223
381757.346,109527.003,87.235
382933.787,104708.927,75.534
383438.839,85805.789,26.279
383604.166,69496.829,27.520
383941.876,74314.905,19.692
384278.578,24647.467,53.422
384613.263,23906.909,53.845
386462.099,92104.982,39.958
386462.099,78762.702,32.473
386462.099,51519.945,47.043
386797.793,21127.036,49.344
387470.188,82285.358,27.569
387637.531,68570.575,48.867
387974.233,86174.956,33.605
388309.926,19272.305,50.691
391501.537,16678.127,49.778
392006.590,19829.391,45.390
392006.590,69126.550,64.887
393015.687,84879.535,51.829
394022.768,77281.586,64.454
395534.902,70607.666,72.129
395702.245,15937.569,53.724
395870.596,23165.239,37.001
396205.281,53559.260,50.909
397552.089,15567.290,51.090
397886.774,52818.702,52.854
398559.170,56339.133,53.156
398559.170,63382.220,66.265
398726.513,27057.062,20.423
399063.214,15382.706,47.529
399398.908,71164.753,83.236
400071.304,30208.326,19.800
400238.646,34470.427,21.786
400911.042,81728.271,87.184
401583.437,14455.340,48.716
402927.220,13529.087,46.642
403430.257,69126.550,84.832
405280.101,11861.163,41.791
405447.443,40771.844,23.635
407463.622,3151.264,58.202
407463.622,67644.322,91.935
407966.658,105449.485,72.715
408806.397,100261.130,75.190
408806.397,47443.539,43.106
408975.756,109897.282,72.527
409144.107,10376.711,38.712
410487.890,79873.540,112.587
410487.890,64863.337,89.769
411327.628,97110.977,77.783
412505.076,9452.681,39.097
413008.113,90994.144,91.148
414017.210,63751.387,92.683
414856.948,49667.438,52.000
415024.291,4077.518,37.182
415191.634,8708.787,40.393
415696.687,63010.829,94.080
416536.425,88214.271,96.343
417881.216,60970.402,90.142
419560.693,7413.366,38.904
419560.693,78578.119,113.030
420064.737,109342.419,87.633
421072.827,53187.869,62.741
421576.871,83396.195,98.612
422249.267,6671.696,44.620
422249.267,59674.981,85.815
422584.961,74869.768,123.039
423089.005,68940.855,124.097
423424.699,63195.413,97.339
424265.445,78023.256,112.075
424265.445,101001.688,91.764
425106.192,55967.742,74.697
425273.535,5745.442,43.223
425273.535,80986.601,107.498
425777.579,55782.047,75.597
427625.407,16308.960,57.083
428297.802,3522.655,49.865
429304.883,23721.214,52.068
429473.234,79504.373,110.928
429641.585,55967.742,83.600
430144.622,95997.916,112.761
431656.756,2038.203,55.062
432161.808,32802.503,49.070
432665.853,76910.195,114.897
433001.547,55597.463,82.897
433168.889,14825.620,64.700
435355.435,56895.108,89.403
435520.762,91180.952,102.681
435690.121,85064.119,105.250
436025.814,68570.575,131.645
437369.597,38919.336,51.297
438041.993,59489.286,89.123
438547.046,72832.677,117.929
438547.046,18903.138,75.410
440226.522,64123.890,110.187
440730.567,78392.423,119.474
441905.999,48369.793,70.651
442242.701,60415.539,98.406
446947.453,60788.042,97.355
448291.236,21868.706,76.550
448626.930,71720.728,133.179
449299.325,87102.322,108.833
449467.676,80060.347,117.023
449634.011,93218.043,107.627
450643.108,98963.485,111.353
451148.161,107303.104,105.379
451315.504,62825.134,114.463
452827.638,21868.706,86.540
453331.682,51335.362,75.471
453834.719,59120.119,99.354
455179.510,69867.108,135.984
456187.599,46516.174,67.990
457028.346,58376.225,101.070
458707.822,75426.855,137.736
459210.859,40587.260,65.981
460052.613,27242.757,70.085
461900.441,58191.641,91.416
462740.179,35952.656,60.605
463580.926,81912.855,130.493
464252.313,31876.250,67.924
465261.410,25574.833,74.987
465596.096,58376.225,93.731
465764.447,45775.615,80.708
465764.447,87102.322,120.130
466940.887,37620.580,69.840
467613.283,110824.648,117.480
469125.416,59674.981,97.795
470469.199,44476.859,82.110
471646.648,91735.814,121.227
471981.333,102486.140,123.634
472821.072,58376.225,92.909
473324.108,17605.493,76.539
473493.467,12416.026,75.323
476350.392,94329.992,116.996
476517.735,7597.949,85.380
476853.429,56708.301,80.221
479036.950,37620.580,70.067
480549.084,94516.800,112.032
480718.443,54855.793,68.269
481054.136,5003.772,63.228
481558.181,84879.535,74.098
482735.629,2965.569,61.410
482900.956,53744.956,65.303
484750.800,95997.916,107.749
485254.844,53744.956,68.300
487774.059,81912.855,58.475
489454.544,54486.626,60.387
490126.940,10193.239,66.167
491807.424,45589.920,66.393
492982.856,73574.347,62.903
493655.252,53929.539,50.572
493655.252,96739.586,71.000
494831.692,17050.630,83.890
495671.430,25574.833,68.359
496848.879,65234.728,61.668
497183.564,54299.819,55.662
498361.012,33171.671,63.084
498526.339,99148.068,64.118
500207.832,44849.362,82.675
501047.570,40587.260,85.184
501047.570,76910.195,62.461
502559.704,86918.850,52.086
503399.443,82098.550,54.245
504239.181,54114.123,66.482
504576.891,51705.641,69.511
505079.927,63937.083,70.024
506089.025,57449.971,71.906
506425.726,109897.282,54.880
506928.763,94144.297,46.325
507768.501,80060.347,51.409
508272.546,49111.463,81.906
508608.240,101187.383,47.869
509449.994,108416.165,47.669
510289.732,98221.815,45.381
510457.075,53003.286,69.037
510792.769,67087.235,62.145
510962.128,46888.677,79.604
513481.343,104523.231,55.171
513817.037,71535.032,46.050
514153.739,81543.688,53.645
514993.477,44107.692,83.267
515833.215,103225.586,54.508
519529.878,38919.336,73.974
519864.564,77094.778,50.778
520033.923,49482.854,74.945
520369.617,35026.402,83.338
522216.436,104154.064,46.413
522216.436,31134.579,84.044
522385.795,9452.681,74.770
522385.795,87288.017,54.389
522721.489,96739.586,87.626
522890.848,79318.677,44.874
524402.982,90994.144,54.405
524570.325,48556.601,69.399
525074.369,30208.326,96.655
527761.935,80430.626,51.221
528098.637,13529.087,71.357
529274.069,49296.047,81.682
529610.771,30577.493,65.303
530618.860,103596.977,55.494
533140.091,31690.554,62.586
533810.471,77281.586,48.910
534264.111,34339.217,57.934
535155.262,93959.713,36.571
535826.649,19644.808,46.948
536164.359,28909.569,47.037
536834.738,48369.793,74.600
537171.440,105080.318,30.804
541035.446,26872.478,38.385
541539.491,91735.814,36.811
542380.237,75798.246,50.441
543219.976,21868.706,40.283
543219.976,35100.902,44.382
543892.371,51150.778,84.058
544395.408,23906.909,38.816
545066.795,107303.104,-13.100
545741.207,45589.920,59.259
546578.929,35212.097,39.028
546915.631,68385.992,74.087
547253.341,85990.373,41.772
547253.341,59303.590,84.805
547418.667,21684.123,39.270
548848.138,23017.350,36.570
548930.801,23165.239,38.781
549134.435,29596.754,31.583
549268.511,109342.419,-24.536
549605.213,29651.239,35.890
549687.876,36175.045,38.184
550612.294,49296.047,71.774
551620.383,19272.305,36.254
551788.734,38175.442,38.759
551788.734,42439.768,54.632
552796.823,85620.094,54.179
553787.775,33024.893,36.508
554476.300,40214.757,65.887
554576.101,25204.554,34.100
556493.487,17235.214,36.479
557667.911,39474.199,59.620
559046.977,27317.258,43.857
560104.462,40121.353,54.216
561366.590,87473.713,37.400
561366.590,15751.873,38.084
562877.716,88029.688,42.375
563213.409,80060.347,23.805
563968.468,29689.045,52.489
564892.886,14083.949,36.445
564892.886,54486.626,77.858
565733.633,40956.427,63.337
566910.073,91365.535,44.721
567244.758,46331.590,53.492
567414.117,63566.804,49.543
567414.117,71535.032,41.480
567582.468,12788.529,42.713
567749.811,36694.326,58.559
568253.856,35859.252,53.068
568892.984,41030.928,49.953
569162.144,30170.519,53.647
570943.438,27983.315,46.889
572286.213,12046.858,44.508
573967.705,91365.535,42.789
574521.146,32192.043,64.920
574807.444,20571.061,43.032
575142.129,107859.079,-40.713
575981.868,43440.522,36.487
577494.002,10193.239,47.046
577831.711,99148.068,6.495
578166.397,14455.340,34.353
578285.352,36285.128,66.261
579174.486,47647.026,51.826
580183.584,8153.924,51.034
581678.580,52261.616,27.183
582367.105,95257.358,32.288
583039.500,3706.127,46.954
588079.947,48245.255,40.293
588582.983,7413.366,62.614
589592.081,0.000,49.147
590179.797,24092.605,53.553
590852.192,36325.159,9.598
592279.646,14269.645,46.126
593119.385,93403.738,48.980
593876.460,42778.912,37.113
595892.638,29312.095,16.392
596060.989,50377.973,2.114
596060.989,18038.041,55.297
596816.048,73943.514,31.656
597320.093,57943.676,35.501
597992.488,90994.144,38.502
598552.986,66285.520,50.829
599224.373,15999.838,57.271
599672.973,15751.873,42.532
600989.537,18316.028,60.819
601016.756,17605.493,45.359
601381.684,79504.373,50.258
602446.226,11828.916,45.046
602472.437,3427.028,66.945
602864.583,26130.808,8.985
602864.583,87473.713,31.805
603116.606,46083.625,45.727
603173.059,26779.074,25.551
604740.638,87194.614,47.022
605385.815,57419.948,37.338
605441.260,36910.044,31.888
607822.366,26315.391,23.852
608354.637,74933.149,24.022
609949.435,68231.431,25.697
610985.750,19829.391,50.917
611181.320,81637.091,54.681
612133.964,90036.756,53.602
612441.431,44262.253,7.035
612693.454,97819.289,45.928
613477.747,54855.793,58.307
616754.037,74655.162,37.902
616782.264,84292.426,48.938
617116.949,33358.478,21.307
617931.485,94855.944,58.038
618938.566,19490.247,58.255
619693.625,39688.805,51.295
620198.678,49358.316,1.695
620394.247,107117.409,-38.935
620758.167,99735.178,-1.405
622354.981,50963.971,2.389
623642.311,71875.289,36.292
624875.204,86762.065,10.859
627703.902,31225.759,19.370
628096.049,15751.873,34.581
629243.255,44201.095,7.455
630811.841,71380.471,25.690
630895.513,3859.576,33.248
631120.317,54299.819,-1.184
631595.127,80030.325,11.936
633134.479,10902.663,-6.419
634199.021,60137.552,-5.662
635431.914,90315.855,-8.352
636216.208,31969.653,-28.457
637700.115,67798.883,31.619
637783.787,48493.219,-18.574
638260.613,40493.856,-20.987
638624.533,100415.690,-47.254
638960.227,90437.058,14.653
640249.573,33822.161,-33.031
640499.579,6177.990,52.465
641984.494,54332.065,-1.969
642264.743,26376.549,-23.736
642684.108,109217.881,4.410
642908.912,84106.731,-0.254
643216.380,14393.071,23.045
643523.847,88955.941,4.466
644784.966,62023.418,18.713
644925.091,72740.385,8.505
645233.566,78144.459,-8.786
647053.167,97480.144,-44.353
647137.847,43366.021,-30.062
647557.212,20170.760,1.939
649824.405,103781.561,-36.395
650581.480,79412.081,-7.595
651868.809,59674.981,-1.587
652345.636,51087.397,-7.945
652485.760,25789.439,31.729
652850.688,13188.830,-7.337
652933.352,36694.326,-32.539
653156.139,92322.924,-20.704
656685.460,66654.687,-15.778
658142.149,74809.723,-10.394
658169.367,100167.726,-38.654
659009.106,54607.828,-4.253
660634.145,36046.059,-38.579
663042.471,82253.111,-16.737
663097.916,92416.327,-38.559
663378.164,64863.337,-7.145
664302.582,29836.935,-33.203
664358.027,20819.026,-25.192
666206.863,108104.820,-31.102
666234.081,12818.551,-17.017
666262.308,49637.415,-14.990
667550.646,73419.786,-7.155
668754.304,34994.155,-35.221
669735.175,42533.171,-12.679
669903.526,0.000,-18.476
670098.087,87380.309,-17.734
670240.228,60137.552,-69.959
672255.398,5466.343,-12.129
672422.741,66037.555,-0.031
674354.240,105480.619,-16.825
674523.599,51150.778,-3.257
674776.629,97079.843,-22.573
675418.782,14547.632,-24.382
675643.586,80708.614,-2.275
676930.916,32710.212,-17.369
681131.624,61002.649,-0.625
681524.779,7907.071,-5.931
682139.713,48493.219,8.518
682224.393,74437.220,1.521
682783.882,86700.908,1.932
683288.935,94052.005,2.501
684379.687,40308.161,9.598
684631.710,31321.387,11.553
684883.732,104955.779,4.035
686760.794,79412.081,15.619
687852.555,51767.910,27.725
687992.679,63225.435,25.044
688496.724,6795.122,55.135
688888.871,52879.859,35.451
689812.280,27614.148,29.002
691157.071,69838.198,36.797
692640.979,35026.402,47.106
692696.424,42995.742,54.748
693565.397,104986.914,57.118
694992.851,13653.625,72.966
696337.642,87658.297,69.067
697149.154,48060.671,89.474
697709.651,20446.523,78.624
698466.726,96986.439,76.341
698885.084,32154.237,74.156
699361.910,64647.618,106.381
700088.742,7352.209,93.371
700341.772,40093.555,80.579
701600.876,56245.730,126.390
701743.016,16370.117,85.580
701909.351,73388.652,110.785
702525.294,105419.462,96.592
703255.150,23752.348,85.477
703281.361,84786.132,90.703
0.000,155271.484,33.580
699.614,142484.067,31.356
1372.009,137510.318,31.536
6971.945,158978.722,48.621
10109.119,140044.450,39.875
10948.857,136769.760,48.299
13665.658,149650.580,47.137
16715.128,175812.522,36.319
16799.807,158824.162,39.448
20693.048,134731.557,32.240
22008.604,159257.822,41.689
26069.188,169757.959,31.981
27133.730,159103.261,23.336
27581.322,179271.797,43.653
34638.954,134360.166,12.692
38558.405,165989.563,32.008
39790.290,160059.537,33.413
41358.877,114530.774,11.293
43627.078,189432.789,39.049
48162.471,154437.522,34.964
49619.160,206731.384,34.880
50431.680,169356.545,36.618
51104.076,121571.637,30.378
51271.419,132507.658,20.384
51916.596,187425.721,40.438
56480.216,148259.532,37.082
56535.661,159257.822,36.928
56955.026,199101.188,36.430
57152.611,151348.527,34.928
57452.014,150298.846,33.495
58329.051,173833.253,42.190
60176.879,172878.088,37.334
60792.822,192244.909,38.041
62584.196,183596.167,40.039
62752.547,153098.735,35.092
64209.236,126577.633,31.591
64544.930,126577.633,30.814
65621.569,158255.955,31.875
66973.417,169188.641,42.897
67346.410,199194.592,28.570
68576.279,213494.259,43.880
69058.145,163271.959,35.835
69064.194,153070.936,29.689
70292.046,180010.131,42.585
70565.239,210220.681,22.858
71181.181,191935.787,30.396
71662.040,191962.474,31.785
72085.437,185767.804,38.036
72991.709,167895.444,43.009
73617.733,122684.698,31.304
73796.165,174825.111,45.980
74344.565,219825.698,17.907
74683.283,153381.170,34.987
75207.490,159362.345,34.894
77023.058,182079.468,36.257
78335.591,170253.888,43.460
78591.645,191923.555,30.981
80002.970,120460.800,28.727
80469.715,177152.421,38.509
80769.118,197930.305,29.066
81114.893,158456.106,35.022
82276.211,183613.958,30.247
82849.814,164537.357,39.552
83806.491,170061.521,44.634
85210.759,134360.166,41.252
85391.207,202730.590,22.216
85678.513,190419.088,26.948
86891.244,111379.510,31.428
87193.671,159529.137,38.215
87273.310,174061.202,24.477
88156.396,184814.864,24.341
88740.080,126020.546,34.259
88740.080,137141.151,42.452
89680.627,179105.004,22.741
89975.997,194846.870,24.696
90556.656,211982.008,20.678
90653.433,205095.706,26.546
92382.306,219718.951,13.804
93166.599,161559.557,38.618
93174.664,167552.963,22.059
93411.565,183674.004,22.778
94283.562,140291.303,40.160
94775.510,199136.770,29.769
97139.479,139178.242,41.637
97279.603,211701.797,26.325
98822.988,206887.057,29.056
99258.483,217907.586,19.550
99590.144,161033.605,20.254
99666.759,181813.713,16.355
99767.568,171929.596,17.965
99826.037,190796.039,17.447
100332.098,136028.090,42.149
101172.844,125278.876,38.606
101844.232,155302.618,24.369
102515.619,163086.263,19.306
102515.619,141959.227,39.720
102684.978,133803.079,39.499
103177.934,157775.593,14.987
103693.067,153819.278,19.892
103868.475,114059.308,33.554
104169.893,151732.149,19.196
104532.806,147520.085,22.518
104702.165,131765.988,41.308
104867.491,128616.948,42.306
104867.491,126577.633,41.790
105419.924,216565.463,21.620
105539.887,158823.050,12.593
105709.246,121388.166,36.537
105709.246,133248.216,42.561
106012.681,180168.028,16.091
106024.778,211816.328,22.574
106138.692,162423.541,7.097
106464.305,206244.350,24.433
106490.515,199988.523,16.873
106548.984,134916.140,42.207
106621.566,193218.976,14.561
106717.335,130467.231,37.831
106812.095,186382.712,16.283
107557.073,136955.455,45.339
107557.073,118608.292,34.249
107923.010,169230.895,14.262
108543.993,174370.324,18.092
109069.207,115086.749,32.214
109237.558,162158.897,11.808
109403.893,161601.811,5.971
109547.041,157542.084,-14.909
110053.102,149224.704,22.328
111252.728,220440.606,14.451
111590.438,154931.227,16.407
112416.063,205711.726,28.508
112940.270,116103.071,30.909
114153.001,214436.080,27.900
114337.482,170082.648,3.613
114451.396,144937.027,25.680
114805.235,163616.663,-1.105
115162.099,186569.520,8.406
115191.333,199649.379,19.026
116461.526,164382.796,-0.521
117362.757,192910.966,8.869
117456.510,150541.251,30.608
117680.305,178986.026,14.192
118708.556,207078.312,33.771
119485.793,144739.100,25.821
120564.449,184980.544,9.024
121030.186,217563.993,19.567
121070.510,161158.143,1.390
122079.607,155305.954,17.203
122328.605,201360.669,22.928
122757.043,143600.464,24.420
123182.456,159751.527,2.378
124612.935,167502.926,-14.004
124818.585,191741.196,2.965
124934.516,214004.644,35.306
124940.564,221150.030,34.957
125002.058,174696.125,-8.114
126053.495,207826.654,29.867
127473.892,182878.960,-1.569
129191.676,201241.690,14.754
129566.686,138437.684,22.823
130128.191,188118.465,-4.165
130368.117,156588.032,-2.510
131247.170,156970.542,0.690
131285.478,169882.497,-12.896
131485.079,162982.852,-13.244
131526.411,213642.148,24.687
131974.003,192373.895,-2.445
133317.786,208202.493,10.350
135067.829,180368.179,-15.778
135069.845,200402.168,3.436
135568.849,168733.853,-14.265
135951.923,136399.481,29.960
137875.357,190513.604,-9.474
138135.444,135471.003,27.709
138495.332,214605.096,7.309
139311.884,165124.466,-7.733
140426.831,174770.626,-15.808
140705.064,201299.512,-0.194
141251.448,184814.864,-14.440
141336.128,163627.782,-10.441
141412.742,221750.482,-2.339
141655.692,207000.475,10.254
141801.865,156844.892,-11.998
142000.458,156044.288,-9.394
143679.935,132507.658,23.219
144158.777,214801.911,2.421
144863.432,171321.359,-8.564
145032.791,181010.885,-8.639
145954.184,191880.189,-8.389
147061.066,198276.121,-3.588
147543.941,131765.988,35.147
148216.337,153077.608,-10.037
148962.323,220079.223,-5.533
149844.401,209639.131,1.496
150564.176,174899.612,-6.147
151553.112,181555.740,-6.463
152038.003,214839.718,-2.383
152219.459,168957.355,-1.175
152718.463,189351.617,-8.031
152920.081,128616.948,45.581
153892.887,203274.333,-0.169
154499.757,221879.469,-7.039
154768.917,149741.760,8.251
158345.617,212268.891,-2.409
158801.274,184239.986,-5.716
158845.630,206123.147,3.307
160145.057,119903.713,51.374
160234.776,173077.127,-7.563
160541.236,178742.509,-4.886
160745.878,167123.751,2.083
160771.080,199085.621,2.073
160985.803,136214.897,35.036
161154.154,111936.597,50.245
161825.541,148815.506,10.930
161825.541,128986.115,46.822
162705.603,189177.041,-3.919
163337.675,146591.608,13.927
164455.646,215516.895,-2.617
164903.238,183979.790,-3.521
165012.111,210643.221,2.659
168165.415,194942.498,8.894
168776.317,168567.061,1.480
169124.107,201091.577,8.581
169219.876,150483.430,2.406
170618.096,220040.304,-14.355
171691.711,174249.122,4.254
172243.136,115457.028,61.119
172245.152,211870.813,0.330
172522.376,180403.761,4.701
174056.688,186655.140,9.868
174078.866,205539.374,13.809
174596.016,155671.785,2.923
175027.478,196249.038,15.996
176237.185,170168.268,-2.721
178859.225,176567.536,1.495
178963.058,150669.126,12.769
179136.450,218727.092,-7.590
179634.446,133620.719,51.736
180474.184,166792.390,-5.566
181140.531,202566.022,12.760
181344.165,192030.302,18.043
181607.276,196869.506,13.539
182277.656,208580.555,9.421
182828.073,117680.927,49.489
182878.477,187564.714,15.225
183115.378,180920.817,4.040
183855.315,169406.583,-6.543
185973.311,213530.953,-1.899
186934.020,174577.147,0.867
190339.345,179987.892,8.730
190723.427,125650.267,54.156
190885.730,169885.833,-2.804
192740.614,151966.770,9.476
194892.885,182354.120,20.430
194938.249,210488.660,3.657
195724.558,204713.196,7.314
197974.613,216555.455,-3.826
198453.456,131765.988,41.913
199340.574,170948.856,-3.187
200261.968,178056.436,10.443
200425.278,185388.629,1.429
200726.697,210638.773,15.840
201981.768,190513.604,7.332
203493.902,134731.557,38.248
203662.253,151409.684,-1.939
205006.036,193107.781,13.123
205006.036,214420.513,10.380
205511.088,116385.506,39.423
207023.222,186621.781,8.757
207188.549,182915.654,10.574
207862.961,123610.952,44.308
208197.646,138993.658,19.158
208700.683,175501.177,10.645
210382.176,190144.437,18.821
210887.228,207564.234,20.125
210887.228,146221.329,12.501
211390.265,167534.060,17.014
211558.616,191996.944,9.731
211726.967,195147.096,6.698
212061.652,194775.705,8.089
212734.048,197926.969,12.975
213910.488,151225.100,21.803
215254.271,201631.984,15.804
215590.973,158083.603,13.436
216263.368,194775.705,20.018
217270.449,127318.191,17.660
218446.890,204967.832,27.559
219119.285,152337.050,23.914
219624.338,194591.122,27.466
220798.762,151595.379,21.933
222143.553,193664.868,37.636
224495.425,191812.360,38.078
224831.119,133989.887,17.179
225167.821,207192.843,51.543
225503.514,212196.614,55.831
225503.514,216830.107,51.785
225671.865,134916.140,19.466
225840.216,147147.582,25.174
226007.559,221463.600,44.761
226007.559,198297.249,48.459
227014.640,203117.549,55.323
227687.036,151966.770,36.040
227687.036,192552.919,42.761
228192.088,140846.166,25.303
228359.431,136769.760,18.136
228696.133,180876.339,34.278
228864.484,188105.122,35.854
228864.484,185325.248,31.001
229201.186,144366.597,37.531
229535.871,155302.618,37.121
230038.908,176985.629,46.736
231048.005,126577.633,15.656
231383.699,191996.944,39.478
231720.401,172165.329,49.630
231887.743,160120.694,40.264
232056.094,163826.821,39.154
232560.139,197000.716,45.664
232728.490,140291.303,33.618
232728.490,126577.633,23.293
233232.534,167903.227,40.418
236256.802,172537.832,52.507
236760.847,201077.122,42.029
237263.883,162345.705,41.878
238104.630,216830.107,33.094
238776.017,174761.730,40.557
239615.756,164754.187,43.424
239785.115,178467.857,36.259
239953.465,207007.147,35.412
240456.502,181618.010,36.077
240624.853,119164.267,40.772
241127.889,115641.612,41.270
241127.889,185695.527,36.631
241465.599,138437.684,33.285
241465.599,192181.528,39.620
241465.599,122870.394,44.417
241632.942,197926.969,38.986
241632.942,209788.132,31.419
241968.636,204228.386,35.132
241968.636,202930.741,33.961
242136.987,206822.564,32.918
242640.023,131580.293,33.703
242640.023,211084.665,31.709
242809.382,169571.151,41.474
242976.725,113047.434,41.837
243145.076,166236.415,48.859
243649.121,174946.314,50.207
243817.471,214050.234,21.155
244321.516,129356.394,34.875
244321.516,158823.050,45.948
244488.859,112305.764,40.612
245329.605,132692.242,35.654
245329.605,217199.274,11.420
245833.650,126020.546,74.961
246169.344,120832.191,39.826
246338.703,221463.600,5.885
246504.029,153634.694,41.723
247849.828,149741.760,39.666
248352.865,217943.168,7.691
249193.611,168275.730,48.179
249361.962,192277.155,26.261
249697.656,172165.329,28.752
249714.794,190810.494,27.884
249864.999,134916.140,28.801
250033.350,138251.988,33.937
250033.350,142144.923,38.925
250202.709,189773.045,31.689
250537.394,146034.521,39.161
251377.133,188476.513,36.542
251545.484,216275.244,9.804
251684.600,194446.568,15.665
251900.331,217456.134,7.938
252049.528,219424.285,3.395
252721.924,187919.426,38.500
253057.617,116940.369,16.485
253394.319,215903.853,6.571
254076.796,197256.464,5.954
254234.058,212196.614,10.663
254234.058,174577.147,33.536
254362.085,221454.704,-2.121
254403.417,187363.451,25.720
255410.498,186251.502,20.009
255746.191,111379.510,24.745
255893.372,199305.787,7.715
256922.632,138067.405,25.897
256922.632,181618.010,23.776
258267.423,207379.650,7.032
258358.151,199995.195,0.167
258434.765,177540.492,25.688
258770.459,199781.701,3.374
259105.145,194591.122,1.494
259779.557,190884.995,4.133
260282.593,180321.477,20.150
260450.944,186993.172,3.027
260953.980,205154.640,1.236
261122.331,122684.698,19.088
261291.690,138809.075,24.474
262907.657,205622.770,4.409
263138.510,201449.625,-0.539
263643.563,208490.487,6.311
264314.950,175687.984,25.080
264650.644,199037.807,0.430
265176.866,211096.897,-0.787
265490.382,140104.496,28.230
265490.382,213123.980,-2.390
265827.084,221648.183,0.102
266499.479,194961.401,8.778
266664.806,217270.439,0.701
267170.867,217943.168,3.915
268516.666,189400.542,15.254
268516.666,147889.252,32.909
268851.352,127503.887,11.176
268851.352,171054.492,26.317
269019.702,181989.401,23.000
269354.388,144366.597,34.655
269691.090,152522.745,29.898
270363.485,141031.861,30.160
270699.179,167162.669,22.717
271203.224,160490.973,29.191
271371.575,157155.126,26.366
273387.753,160490.973,20.623
273892.806,177912.995,32.662
276579.364,142699.785,17.830
276916.065,154745.532,28.997
277756.812,168275.730,31.452
278091.498,134360.166,3.363
278428.199,158823.050,29.056
278596.550,163641.126,32.642
278596.550,172906.999,38.840
278931.236,164382.796,38.044
279605.648,176985.629,29.076
279940.333,187550.259,2.295
279940.333,152337.050,27.615
280108.684,179394.111,18.856
281117.781,183843.020,4.662
281788.161,179023.832,11.378
283300.295,142516.314,9.104
283300.295,149370.369,22.524
283636.996,140476.999,11.036
284142.049,186064.695,3.501
285484.824,151966.770,33.594
287333.660,147333.278,20.929
289013.136,214605.096,-14.579
289180.479,141959.227,14.033
291029.315,154560.948,40.307
291197.666,144923.684,17.126
291701.710,140476.999,7.708
292037.404,143811.734,19.993
294053.583,111565.206,0.773
294221.933,137510.318,11.702
296070.769,211826.335,-18.963
296238.112,152893.024,32.955
296743.165,136028.090,5.566
297246.201,193849.451,-9.754
297750.246,116567.866,-10.498
298420.625,200150.868,-18.631
298925.678,142144.923,15.955
300102.118,153634.694,41.391
302676.778,134278.993,10.593
302965.091,172723.527,25.660
303296.753,153284.430,40.830
303328.004,209977.164,-18.169
303393.529,114685.335,1.599
303422.764,202580.477,-19.752
303445.950,140555.947,16.418
303460.063,128158.825,12.524
303489.298,167227.162,31.759
303518.532,159675.915,55.538
304126.410,184748.147,8.470
304227.219,191806.801,-13.580
304266.535,122637.997,12.726
304486.298,179376.320,17.970
304834.089,215275.602,-13.675
305022.602,147058.626,45.360
307507.542,220895.393,-10.838
307909.769,198260.554,-18.437
308159.775,204913.347,-18.749
308497.485,173862.163,23.316
308821.082,142502.970,27.715
309102.339,117961.138,17.427
309195.083,167367.268,35.358
309256.576,152999.771,49.383
309315.046,113315.414,11.868
309814.050,185309.681,2.120
309825.139,192743.062,-10.162
309840.260,216011.712,-9.120
309992.482,134976.186,37.118
310372.531,210052.776,-13.246
310670.926,160055.089,62.317
310868.511,178953.779,12.912
311258.642,132289.716,22.386
311754.621,147749.147,37.671
312332.257,124303.697,14.217
312542.947,199141.218,-14.659
313538.939,204422.977,-17.533
314217.384,172922.566,20.860
314226.456,221931.730,-3.610
315310.152,215126.601,-6.341
315513.786,185588.780,-2.620
315756.736,116174.235,16.745
316049.082,142649.747,30.047
316131.745,152543.872,48.285
316514.819,134214.500,32.724
317122.697,178820.345,10.794
317287.015,192899.847,-5.585
317558.191,162352.377,48.341
317789.044,195251.619,-5.076
317857.594,169809.108,19.858
318313.250,147144.246,35.448
318697.332,208551.645,-13.458
319057.220,199230.174,-6.532
319729.615,203822.524,-10.407
319972.565,220688.571,-6.195
320042.123,129194.049,22.357
320767.947,138771.268,27.593
320802.222,214750.762,-8.220
320987.711,174361.429,15.380
321711.519,113025.195,16.232
322414.157,153245.512,49.483
322552.265,186601.766,-3.617
322990.784,180514.956,4.691
323713.584,190771.576,-3.156
323884.959,162023.240,32.629
324131.941,124829.649,19.990
324230.734,197889.163,4.519
324238.799,122738.072,20.704
324618.848,127905.300,26.916
324673.285,170419.568,18.368
325511.007,204073.825,0.157
325951.542,130575.090,33.422
326308.406,212020.926,-4.276
327823.564,216834.555,-2.081
328582.655,157794.497,37.913
328988.915,142932.183,30.223
329209.687,221937.290,4.300
329305.455,119079.759,31.547
329963.737,125378.951,28.597
330169.388,184665.862,0.018
330188.541,177691.717,6.856
330735.934,191138.519,0.789
330834.727,204201.699,6.775
330944.608,137067.762,25.651
331213.768,197198.643,12.608
331417.402,130334.909,35.761
331798.460,171310.240,10.641
332190.607,208325.919,1.508
333447.694,215123.265,8.672
334176.542,115818.412,31.593
334947.731,186590.647,6.540
335153.381,161601.811,7.008
335510.244,142591.926,30.599
335763.275,147670.198,32.453
336080.823,191186.333,2.764
336337.886,122798.117,37.415
336418.533,179881.145,9.073
336547.568,220799.766,11.269
337331.862,173428.503,12.632
337635.297,200947.024,-1.927
337654.450,131550.270,37.231
338988.152,209351.136,2.146
339311.749,214661.806,16.342
340997.274,195648.585,3.555
341412.607,162761.574,10.448
341529.545,125758.126,47.430
341832.980,149186.897,30.448
341907.579,113884.732,40.019
342269.483,186090.269,8.201
342433.801,155051.318,18.843
342851.150,221826.095,5.441
343785.649,111194.927,38.507
343795.730,201679.798,-4.479
343878.393,190813.830,5.954
344013.477,173303.965,8.480
344275.580,157432.001,17.194
344898.580,178533.462,8.216
346183.893,209888.208,-6.400
346368.374,140810.583,31.824
346445.996,162436.885,11.841
346630.477,127916.420,32.493
347786.755,198142.688,-5.325
347978.292,146410.360,39.161
348072.044,117659.800,52.930
348162.772,183786.311,13.474
348707.141,190860.532,-2.106
348759.561,215073.227,-6.582
348807.950,152214.735,28.584
349476.313,221074.417,-7.519
349963.220,203653.508,-5.608
350310.003,172165.329,9.387
350891.670,136054.776,49.347
351186.032,141216.445,39.851
351606.405,210406.376,-11.106
352140.693,113905.859,48.101
352377.594,163201.906,24.088
353211.283,157336.373,33.274
353624.600,131509.128,55.147
353730.449,196600.414,-8.320
354109.491,121047.909,50.143
354518.775,191286.408,13.092
354927.051,220440.606,-14.393
355280.891,203546.761,-12.991
355911.954,168906.206,22.294
356133.734,146116.805,51.729
356288.980,181140.983,3.052
356675.078,211745.163,-10.270
357227.511,120673.182,48.164
357347.474,136118.158,54.616
357675.103,186573.967,5.539
358138.824,151413.020,40.070
358157.977,210238.472,-18.754
358707.386,195875.423,-9.537
358954.368,216157.378,-21.497
359537.043,162220.055,16.543
360246.738,156799.302,25.311
360273.957,221797.184,-22.349
360433.235,129502.059,48.678
360614.691,126863.404,55.294
361461.486,202852.905,-23.504
361892.948,142327.282,52.135
362347.596,221499.182,-26.144
363002.854,169931.423,22.767
363476.656,177933.010,10.687
363784.123,150690.253,38.608
364543.215,184244.434,3.118
365202.505,196404.711,-19.775
365416.220,191331.998,-16.391
365458.560,210167.307,-27.172
365573.482,215952.779,-27.042
365748.889,163716.738,25.008
365993.855,137395.787,52.660
366032.162,219281.955,-29.610
366485.802,112820.596,54.067
366945.491,144717.973,53.803
367179.368,118286.939,51.305
367342.678,129394.200,49.447
368076.567,158756.333,32.512
368262.056,171160.127,20.825
369299.380,202741.710,-30.811
370227.830,195117.074,-21.246
370619.976,119621.278,51.762
370746.996,208061.275,-33.715
371512.135,148866.656,47.736
371610.928,177036.779,-0.655
371710.729,184979.432,0.261
371797.425,162794.932,23.579
373881.145,171607.130,15.317
374017.237,156425.687,47.772
374261.195,129456.469,46.177
374412.408,214211.466,-33.508
374474.910,123857.805,51.828
374530.355,139570.760,46.799
374845.887,221572.571,-34.003
374992.059,190948.376,-4.528
375073.715,199146.778,-32.968
375185.613,115211.287,59.513
377153.403,177768.441,8.368
378299.600,151757.724,49.349
378520.372,186363.809,-11.848
378657.472,204374.051,-42.801
378808.685,207751.041,-37.598
379022.400,190339.028,-14.406
379312.730,145573.062,50.590
379715.966,159222.239,35.168
379943.794,216097.332,-34.217
380236.140,169622.301,13.923
380637.359,112168.994,79.648
381106.121,210781.103,-38.245
381303.706,132734.496,36.277
381631.335,121252.508,59.492
382164.614,220838.684,-35.750
382547.688,182772.213,15.572
382699.910,191897.981,-21.718
383260.407,127836.359,44.483
384363.257,149611.662,46.211
384613.263,176388.512,8.974
384996.337,215295.617,-36.854
385080.008,140301.311,35.607
385556.835,203111.989,-42.444
385827.003,171131.216,5.367
385916.723,161995.441,18.846
385999.386,156151.035,34.226
387014.532,115737.239,58.133
387160.705,197950.320,-21.692
387459.099,132162.954,21.081
388591.183,142949.974,32.920
388648.644,219599.973,-36.350
388898.651,210168.419,-42.447
389398.663,166278.669,8.828
391027.735,123384.115,37.432
391269.676,137570.363,31.276
391638.637,130396.067,19.376
391731.381,183818.557,1.151
391734.406,152960.853,32.723
391899.732,202340.296,-30.230
392571.120,171711.654,-0.428
392658.823,214218.138,-40.593
393613.484,113262.040,69.044
393843.328,160403.129,7.268
393937.081,176896.673,-5.313
395187.111,147870.349,33.847
395393.770,209036.455,-41.119
396623.638,185585.445,6.629
396731.504,123042.746,42.785
396945.219,220395.016,-33.017
399144.870,143684.972,26.634
399272.897,190422.424,13.048
399548.105,213613.238,-38.133
399829.362,200570.073,-20.222
400773.942,161132.568,5.109
400786.039,154433.074,-1.070
401363.674,129405.320,34.146
401615.696,207648.742,-36.300
401669.125,183814.109,-2.235
401718.521,176210.600,-0.305
402002.803,116006.331,58.135
403991.763,199131.210,-19.111
404410.120,118082.340,48.954
404859.727,136276.054,32.629
405419.217,154315.207,-6.785
406259.963,214359.356,-35.578
406959.577,143966.295,36.832
407044.257,187919.426,-8.823
407323.498,130746.331,45.246
407521.083,163426.520,-4.649
408696.515,175378.862,13.068
408835.631,169973.677,26.060
409003.982,113604.521,70.959
409283.223,124198.061,54.938
409536.253,150298.846,41.506
409536.253,189926.494,-13.197
410040.298,199531.512,-13.011
410123.969,182575.398,-0.157
411412.308,209107.619,-31.169
411552.432,134422.435,48.293
412392.170,218097.729,-26.637
412897.223,157248.529,-12.070
413484.939,163826.821,0.923
413877.086,119287.693,69.510
414239.998,150915.978,35.155
415639.226,125124.315,58.443
416508.199,142792.077,34.903
417208.821,210312.972,-24.825
417433.625,198698.662,-11.724
418075.777,173587.512,36.202
418131.222,133648.518,54.819
418384.253,204784.361,-15.568
419028.422,215685.911,-21.120
419532.466,154931.227,-0.082
419952.840,146284.710,30.492
420820.804,191131.847,-15.508
421520.418,119255.447,71.041
423341.027,198853.223,-20.944
423396.472,125959.389,60.512
423509.378,218962.826,-17.437
423788.619,143379.186,45.579
423816.846,175007.471,35.042
423816.846,169201.984,26.162
424518.476,164754.187,-12.598
425021.512,133527.316,53.966
425385.432,114808.762,81.684
426757.442,188135.144,-0.950
428382.482,186930.903,2.518
428382.482,115798.397,71.273
430117.403,158390.501,45.646
430397.652,130839.734,51.001
431629.537,198883.246,-18.850
432189.027,210158.411,-15.472
432665.853,220165.955,-0.083
434346.338,181402.291,4.610
435605.441,204752.114,-13.555
435662.902,191748.979,8.937
436025.814,141496.656,63.633
436669.983,121388.166,71.418
436810.108,150701.372,55.763
437846.424,114376.213,84.465
438518.819,131673.696,68.820
438574.264,160645.534,55.835
439554.127,177448.200,-3.654
440954.363,131086.587,76.980
441262.838,120060.498,82.278
441429.173,212167.704,-8.290
442411.052,220813.109,-11.255
442438.270,123210.650,76.853
442544.119,127010.181,68.840
442578.394,157093.968,63.709
442774.972,169417.702,29.571
443783.061,162375.727,66.526
443838.506,189339.385,1.829
443894.959,144707.966,55.925
444958.493,204784.361,-7.085
447059.351,180600.576,8.618
447647.067,148537.519,68.471
448039.214,194097.416,17.461
448121.877,135966.932,72.944
448907.179,127194.765,84.239
449186.419,140846.166,72.657
449355.778,211148.046,7.099
449467.676,185882.335,15.428
449607.801,172970.380,11.536
449943.494,198883.246,6.592
450502.984,120060.498,93.410
450587.663,162158.897,52.413
450811.459,113356.556,95.347
452128.024,153295.550,78.664
452939.536,173742.073,20.408
453275.229,216336.401,41.317
453834.719,141496.656,82.651
454144.202,126792.239,86.302
455264.189,162993.971,63.473
456132.154,189031.375,24.711
456326.715,173865.499,20.734
456636.199,202899.607,22.179
457001.127,156415.679,84.269
457251.133,220999.917,56.832
458455.800,136802.006,79.111
458905.408,149866.298,85.004
458960.853,121047.909,99.766
459071.742,114808.762,104.896
460528.431,181927.131,38.918
460949.813,127533.909,92.009
462544.610,200583.416,31.237
462852.077,193664.868,25.065
464139.407,173679.804,35.542
465233.184,156197.737,83.689
465485.206,161726.349,77.742
465793.682,184551.332,42.187
465903.563,141742.397,98.581
466575.959,121449.323,103.463
466631.404,136028.090,99.225
467136.456,220999.917,80.720
467780.625,190051.033,34.113
468340.115,149309.212,103.936
469012.510,127997.592,104.225
469489.337,175318.817,82.854
470582.105,160707.804,100.768
470582.105,115117.884,118.283
470722.230,199718.320,52.718
471869.435,155983.131,106.933
472849.298,142516.314,110.500
472876.517,134886.118,96.347
473885.614,150637.991,111.331
474922.938,120923.371,112.741
475172.944,215963.898,114.180
476377.610,127997.592,99.863
476600.398,210158.411,114.472
476657.859,183935.312,68.623
476797.984,164876.501,113.064
477637.722,155271.484,127.161
478002.650,170035.946,120.496
478729.483,152460.476,120.051
479459.339,183131.372,74.275
479653.900,134792.714,103.087
480129.719,145265.052,117.635
480186.172,203456.693,119.087
480549.084,118453.731,120.209
481136.800,174699.461,118.508
481641.852,165866.136,129.045
482230.577,140445.864,116.880
482482.599,169449.949,126.453
483377.782,189896.472,88.988
483965.498,125435.661,113.307
484218.529,214946.465,48.617
485730.662,144275.417,114.764
486907.103,138747.918,97.262
487550.263,149835.164,107.844
487550.263,217725.226,43.373
487690.388,163765.664,116.644
487942.410,195949.924,91.832
488474.681,157217.395,110.554
488474.681,132446.501,101.178
488503.916,193880.586,83.492
488726.704,181681.391,71.349
488783.157,112091.158,106.917
489147.077,174390.339,72.754
489176.311,119596.815,107.248
489846.691,210249.591,49.864
492535.265,145265.052,78.150
492982.856,169386.568,77.619
493459.683,200027.442,76.593
493542.346,128986.115,95.321
494691.568,222205.270,32.773
494971.816,182514.241,71.069
495083.714,189741.911,76.903
495223.839,134453.569,97.952
495755.102,151409.684,72.415
496063.577,162313.458,65.636
497519.258,139671.947,91.121
497631.156,154158.422,64.480
497771.280,208552.757,69.198
498303.551,196350.225,74.708
498891.267,116818.054,91.247
499590.881,127255.922,89.590
499760.240,146685.011,88.264
501552.623,159410.159,100.420
502307.682,187764.865,92.221
502644.384,138128.562,95.170
502922.616,182915.654,100.676
503989.175,165465.834,104.400
503989.175,154808.913,89.745
504661.570,206452.284,93.146
504884.358,113727.947,71.539
505528.527,158731.870,99.028
506648.514,190607.007,95.049
506815.857,197711.251,92.795
508187.866,170745.370,93.238
508748.364,143905.138,97.066
508917.723,181033.124,127.541
509140.511,120923.371,80.066
509980.249,203764.703,100.051
510092.147,164228.235,102.835
510400.622,150637.991,99.517
511857.311,115241.310,49.472
512528.699,196629.325,99.299
513144.641,188444.266,122.956
513173.876,137667.103,88.126
513706.147,131734.853,86.777
516392.705,141278.714,86.217
516420.931,122870.394,49.413
516505.611,171518.174,96.169
517009.655,159966.133,96.128
518213.314,186467.220,122.151
519922.025,217076.960,56.540
520312.156,131889.414,69.640
520594.421,117279.513,46.384
520817.208,209788.132,76.041
520986.567,204660.934,83.814
521489.604,150267.712,72.117
521601.502,171518.174,73.578
522160.991,199194.592,94.069
524233.623,159997.268,86.877
525100.580,188105.122,96.289
525830.436,217910.922,47.428
526082.458,180259.208,69.281
526894.978,122654.676,32.397
526979.658,197308.726,91.903
527004.860,142516.314,57.202
527062.321,136214.897,69.813
527202.446,113017.411,56.457
527314.344,131611.427,55.070
527846.615,149620.557,54.244
527930.286,203145.347,78.603
528069.402,209788.132,68.278
529274.069,174112.352,23.359
529863.801,153480.133,60.178
529946.465,127503.887,75.196
530029.128,119781.399,30.012
530590.634,147765.826,53.377
531263.029,215781.539,39.747
531710.621,115024.480,63.209
531877.964,196135.619,55.712
532186.439,150669.126,42.541
532325.555,201108.256,79.465
532663.265,137016.613,79.959
532857.826,210775.543,70.116
532970.732,158238.164,70.733
533250.981,164660.783,69.866
533670.346,221031.051,-2.530
535182.480,141031.861,84.802
538039.405,197000.716,46.403
538291.427,136182.651,62.779
538376.107,173248.367,30.323
538486.997,188319.728,20.484
540363.051,181124.304,11.875
540783.424,213000.554,32.464
540923.548,193973.990,22.939
541594.936,219672.249,33.052
542857.063,185138.441,11.673
543275.420,141339.871,93.647
543387.318,163269.735,83.184
543667.567,188073.987,12.061
543694.786,180168.028,10.348
543724.020,170376.202,25.519
543919.589,221648.183,19.490
544031.487,116879.211,39.015
544199.838,197339.860,35.894
544563.758,131734.853,9.936
546188.798,203764.703,23.649
548260.422,209510.145,16.217
548427.765,119503.412,46.949
548765.474,125496.818,9.654
549547.752,197000.716,19.200
549716.103,189093.644,64.247
549799.774,190452.446,34.231
550302.811,113017.411,-18.561
550892.543,144800.257,93.362
551732.281,154776.666,-4.117
551928.858,165802.755,87.991
552936.948,176306.228,5.208
553021.627,130005.772,3.534
553803.904,153819.278,-13.790
554224.278,121571.637,79.245
554308.957,113233.130,-32.743
554981.353,177912.995,-2.307
555484.389,153819.278,-13.838
560189.142,116198.698,-38.002
560189.142,178653.553,-10.377
560524.835,129356.394,-27.307
562541.014,183101.350,18.600
565397.939,122500.115,-42.503
566573.371,114717.582,-49.592
567077.415,157155.126,-27.342
568422.207,183843.020,-28.969
569094.602,116385.506,-39.476
573798.346,179765.502,-32.161
573967.705,167162.669,-58.354
574302.391,128059.861,-26.674
575142.129,172722.415,-62.545
576486.920,184583.578,-38.136
577159.316,196815.020,-27.406
577999.054,175132.009,-44.248
580518.269,156599.151,47.272
580686.620,189957.629,-32.850
580854.971,127688.470,55.412
581023.322,200521.147,-8.457
581358.008,210342.995,-31.409
582032.419,130284.872,25.444
582870.141,173650.893,-70.566
585896.425,137510.318,24.017
586231.111,130839.734,24.201
586399.462,161788.618,-5.997
588415.640,183101.350,-41.020
590600.170,155671.785,-33.393
592279.646,128430.140,-19.691
592279.646,152337.050,-31.276
594296.833,136399.481,-42.399
595303.914,172906.999,-77.469
599335.263,126205.130,64.290
599504.622,135471.003,-44.164
600344.360,148259.532,-32.128
600512.711,174761.730,-74.417
601352.450,157526.517,-28.634
602528.890,170128.238,-73.114
602864.583,169757.959,-69.501
602864.583,128245.557,54.114
603201.285,140476.999,-49.352
603536.979,180691.756,-50.199
603705.330,131952.796,-29.021
606392.896,185882.335,-37.581
606560.239,149741.760,-42.519
608577.425,140476.999,-43.670
608746.784,134916.140,-28.943
609081.470,188661.096,-36.527
610258.918,126577.633,43.614
611771.052,196074.462,-49.638
612274.088,147147.582,-50.988
614290.267,169943.654,-74.483
615130.005,200705.731,-36.753
616306.445,117680.927,43.837
616642.139,218683.726,-63.878
617649.220,208120.208,-37.074
618154.273,115427.006,41.090
620842.847,167534.060,-68.689
621121.080,122436.734,49.122
621513.226,146407.024,-55.893
623363.070,162714.872,-25.789
624372.167,205154.640,-49.752
625042.547,117527.478,36.875
626359.111,111658.609,-8.019
627395.427,211084.665,-34.304
628907.561,114717.582,-12.693
629243.255,149741.760,-55.595
629578.948,114285.034,-0.707
631091.082,203856.995,-48.582
631652.588,127811.896,-0.137
634956.096,154931.227,-69.070
635571.031,113326.533,-11.408
637138.610,163086.263,-62.701
639352.373,132106.245,-40.937
639996.543,120460.800,-14.370
639996.543,198482.944,-52.830
645960.398,125865.985,-3.278
646267.866,132414.254,-45.924
646407.990,138251.988,-41.597
646550.131,164568.491,-47.159
648732.644,195517.375,-54.336
649069.346,121234.717,-16.681
651561.342,131580.293,-53.321
653100.695,116385.506,-40.491
655452.567,169757.959,-50.061
655621.926,192367.223,-49.681
657441.527,119503.412,-48.124
657750.002,130621.792,-35.043
658813.536,111597.452,-41.633
659151.246,169016.288,-29.245
660494.021,178467.857,-52.124
662845.893,125032.023,-49.909
662845.893,185509.832,-47.543
664919.533,117803.241,-44.136
666879.258,194775.705,-41.328
671723.127,123302.942,-30.675
672422.741,173833.253,-40.229
674607.270,117372.917,-26.892
678975.321,173650.893,-19.833
680767.704,118608.292,-8.623
680824.157,118792.876,-20.328
681832.246,200150.868,-20.858
683568.176,116818.054,5.810
687543.071,131208.901,7.294
688217.483,174020.060,17.698
689391.907,142329.506,7.418
690904.041,155116.923,10.968
696727.773,112121.180,102.893
697289.278,160306.390,55.269
700144.187,174020.060,73.445
702833.769,171982.969,73.739
704010.209,163641.126,84.296
55472.127,229835.466,16.128
62025.715,255654.928,11.598
64517.711,227332.468,12.041
68128.687,249385.758,12.709
72105.599,226251.653,11.402
75159.101,244010.595,6.836
76642.001,276503.976,-7.140
78630.961,230916.280,14.237
82858.887,270019.088,-2.696
83110.909,239318.169,5.383
83558.501,248026.956,2.759
87310.609,253926.958,-5.984
88178.574,236845.194,2.764
88756.209,242354.902,3.746
89184.647,236097.964,3.317
89580.826,228438.857,6.970
89914.504,281292.030,-13.467
91173.607,248482.855,6.770
93833.954,260597.542,-12.305
96607.208,270111.380,-5.054
96760.438,243512.442,9.336
96889.473,226487.386,16.323
98174.787,233089.029,11.928
98759.478,248121.471,8.253
99686.921,284937.000,-26.471
100387.543,259147.560,-12.552
101228.289,277709.329,-8.951
103304.953,224176.756,12.580
104419.900,237669.148,21.328
104826.160,244800.079,13.044
106978.430,232892.214,12.360
107136.700,284906.977,-24.342
109604.503,255088.945,-1.981
111403.942,226425.117,10.312
112122.709,239479.402,18.734
113620.730,247480.988,15.228
116523.019,234859.252,10.721
117218.601,288241.713,-26.374
117824.462,222498.824,14.847
118996.870,228815.808,10.355
120333.596,241537.620,17.102
122335.662,249784.947,7.473
125582.717,228614.545,29.207
125868.006,236451.564,11.340
126430.520,285772.073,-23.507
128766.263,254818.742,-9.357
129173.531,243461.292,15.450
130770.344,276536.223,-14.555
131789.522,260752.103,-12.602
132497.201,235425.235,4.827
132639.342,249131.121,13.767
134103.087,267765.167,-9.948
134464.991,222569.989,15.427
135082.950,228297.640,14.791
137784.629,243483.531,3.577
139142.525,254996.654,-6.662
139270.553,261688.364,-15.142
141234.311,235128.344,-8.117
141982.313,227717.202,-4.848
142700.072,301060.264,-9.832
145010.613,240603.582,-11.057
145243.481,249652.625,-13.416
145744.502,259652.385,-3.356
145919.909,310171.576,-25.108
147250.587,265874.853,-17.465
148533.885,228997.056,-12.041
149418.987,317894.064,-33.619
149559.111,271192.195,-18.994
149841.376,324998.308,-35.953
151415.004,254956.623,-6.933
152747.698,237780.343,-19.082
153597.517,246182.232,-17.483
156256.856,274697.059,-25.667
157620.801,226854.330,-13.912
157883.912,259493.376,-8.255
157935.325,251650.798,-7.487
158945.430,265978.265,-6.028
160061.385,239370.431,-20.285
160565.430,291147.236,-23.960
163078.596,274703.730,-21.824
164335.684,233876.289,-23.046
165347.805,263316.258,-12.015
166003.063,227662.717,-23.163
167341.806,297353.025,-29.965
168639.216,256051.893,-18.870
168831.762,241257.408,-24.887
169453.753,278164.117,-23.702
173278.443,230726.137,-24.044
173303.645,270320.426,-17.128
175984.155,237185.450,-19.284
176447.876,253944.750,-22.200
178177.757,243586.942,-22.732
179157.620,261105.703,-17.357
181019.560,270701.825,-18.067
181431.869,229316.185,-18.899
183157.718,250137.435,-10.288
184313.996,222660.057,-11.893
184338.190,321507.899,-40.367
185136.597,275480.983,-28.652
186992.489,244528.763,-8.858
187307.013,312489.990,-49.485
189604.448,330033.214,-39.896
190116.558,229434.052,-14.642
190496.607,309309.815,-50.233
190991.579,314252.430,-47.915
191491.591,269643.249,-26.519
192094.429,238647.664,8.568
192381.734,222776.812,-13.684
192677.104,329470.568,-39.672
192734.565,324015.345,-41.404
192884.771,278293.103,-33.889
193159.979,319320.695,-42.638
195648.951,256189.775,-17.109
195823.351,263519.745,-20.110
195893.917,313575.253,-46.191
196235.659,310092.628,-49.520
196615.709,248716.364,-12.017
197470.569,320878.536,-41.183
197496.779,326596.179,-40.642
197831.465,316714.286,-43.546
199811.352,331522.114,-37.102
200131.924,277097.757,-39.880
200242.814,222461.018,-11.766
200541.209,235905.597,-10.650
200694.438,229081.564,-16.031
201812.409,240181.042,0.455
201981.768,245741.900,-7.200
202642.067,318453.374,-39.617
203074.537,314642.724,-37.755
203324.543,253894.712,-8.094
203373.939,329806.376,-30.523
203892.097,309289.800,-45.729
203998.955,249632.610,-6.371
204501.991,238883.397,-7.130
204806.434,333400.196,-37.268
204943.534,229991.138,-16.376
205125.998,323645.065,-37.357
205511.088,258528.204,-16.591
207023.222,263161.697,-19.486
207191.573,306403.180,-44.756
208051.473,313091.555,-36.588
208535.356,272427.570,-16.941
208709.756,329553.964,-26.351
210016.239,323328.160,-31.770
210844.889,317597.173,-37.820
212230.003,288550.835,-50.835
212230.003,280581.494,-42.747
213070.750,300967.972,-47.955
213385.274,328445.350,-23.062
213910.488,289107.921,-50.447
214006.257,315381.058,-38.582
214137.308,321282.173,-30.448
214918.577,297259.621,-46.963
215383.306,325409.729,-13.290
216263.368,233510.458,-4.436
218277.531,286513.744,-46.987
218551.731,333261.203,-33.138
219271.507,329707.413,-22.962
219959.023,232583.092,14.094
220754.406,325330.781,-20.785
221249.378,322636.527,-17.256
221447.971,317547.136,-33.105
221522.570,314335.826,-38.406
221806.851,281323.164,-38.664
223592.177,310061.493,-40.448
223655.687,303376.454,-37.517
223991.380,229803.219,32.006
226515.636,225702.350,39.497
226682.979,318649.077,-25.390
226890.645,223744.207,41.236
227590.259,226607.477,39.165
227900.750,324088.733,-19.835
228192.088,275577.723,-36.381
229151.789,231319.918,17.090
229172.959,225279.809,43.223
229291.914,327474.619,-22.996
230385.690,308540.347,-31.448
230713.319,332110.335,-30.967
232225.453,242219.245,27.350
232345.416,225174.174,47.032
232535.945,317514.889,-29.933
233232.534,248336.077,19.107
233232.534,222389.853,40.159
233422.055,312342.101,-33.530
233737.587,304488.403,-27.591
233907.954,232469.673,28.681
234072.273,255561.524,-3.106
235216.454,225842.456,41.750
235248.713,266311.849,-16.584
235271.899,320739.542,-19.961
235437.226,235135.016,28.929
235891.874,329767.458,-29.702
236339.466,308311.285,-27.981
236624.755,326583.947,-28.233
237158.034,236344.817,27.478
238179.228,226504.066,25.993
239074.412,262338.855,-7.074
239541.157,314594.910,-24.356
239615.756,298927.545,-13.563
239764.953,237754.768,25.491
240624.853,267053.519,-7.297
241200.472,227577.097,16.141
241297.248,257416.255,1.875
241335.556,325712.179,-30.554
241377.896,238871.165,19.794
241446.446,310379.511,-21.593
241802.301,252782.763,15.062
241968.636,268906.027,-3.842
242276.103,320405.957,-22.592
242472.680,247594.407,18.205
242912.207,228196.452,13.973
243795.294,240595.799,12.852
244488.859,244628.839,25.693
244538.255,307803.124,-21.125
245316.500,331535.457,-17.415
245724.776,229137.161,11.346
245906.232,229229.453,11.080
246137.085,242287.073,4.745
246587.701,316698.718,-20.209
246673.388,272796.737,-4.026
247119.972,312394.363,-16.060
247351.832,241143.990,3.914
247681.478,225725.701,4.021
248016.163,252598.179,7.786
248307.501,230106.781,11.410
248310.525,320669.489,-20.062
248352.865,257229.448,11.874
248352.865,239067.980,12.089
249352.890,308564.809,-15.376
249508.135,242037.997,6.077
249984.961,329409.410,-9.714
250033.350,304302.708,-19.775
250202.709,247594.407,7.891
250206.741,331639.981,-4.334
250370.052,244258.560,7.006
250705.745,240181.042,5.864
250753.125,324993.860,-16.849
251178.539,314240.199,-8.146
252352.963,229524.120,15.657
252889.267,275763.418,-9.274
253262.260,322009.388,-11.048
253898.364,258715.012,23.484
254069.739,226148.242,10.136
254221.961,235020.485,0.493
254410.473,330600.308,1.929
254906.453,260010.433,20.876
255263.317,223300.540,-1.600
255477.032,229656.442,-0.436
255577.841,273353.824,-10.491
256281.487,326770.755,-5.995
256317.778,320066.813,-8.087
256696.820,225658.984,-4.144
257534.542,229035.974,-8.526
258605.133,230110.117,-6.834
258637.391,233378.136,-2.549
258654.529,317268.036,-2.478
259118.250,313199.414,0.100
259274.504,261309.190,20.855
259637.416,328474.261,1.374
259821.896,308590.384,-5.759
259926.738,331260.806,5.376
260617.279,268165.469,-8.481
261400.564,230232.431,-4.574
261658.635,319679.854,-1.621
262298.772,226095.980,-2.728
263138.510,259641.266,13.224
263978.248,223873.194,-2.256
264305.877,328411.992,-1.438
264495.398,231606.801,-3.442
264506.487,322756.618,1.342
266667.830,258342.509,14.469
267885.602,310883.224,15.922
268487.431,232372.934,3.765
269523.747,266866.712,-9.860
269691.090,254450.686,15.591
270314.089,322940.090,-0.929
270477.400,319839.975,3.445
270726.398,328403.096,-0.184
271003.622,223050.351,4.988
271410.890,233023.424,7.269
271895.781,331358.658,-6.669
272043.970,259454.458,13.562
272167.965,225518.879,1.570
272548.015,270573.951,-7.665
272734.511,311825.045,16.915
273059.116,228719.069,5.716
273104.480,232043.797,7.491
273269.807,306618.898,22.008
273926.073,315455.559,10.160
274856.539,231094.192,9.654
275027.914,318692.443,5.093
275554.137,228581.187,7.020
275628.736,326538.357,-2.378
275907.976,272241.875,5.310
275988.623,232963.379,9.200
276084.392,247253.039,15.370
277419.102,259641.266,0.081
278763.893,263903.367,9.893
278792.120,245778.594,15.724
279640.931,322424.145,-5.139
281429.281,316359.574,-2.497
281452.467,272796.737,10.867
282124.863,267794.078,-1.373
282460.556,256860.281,-3.981
282677.295,324969.397,2.201
283791.234,245287.113,21.017
283972.690,224242.361,3.562
284411.209,320170.224,-3.406
285307.400,327316.722,19.273
285335.627,317846.250,-4.149
286493.921,267423.799,2.415
286996.958,273540.631,10.515
288077.630,313070.428,-1.612
288509.092,258157.925,2.539
289926.465,307105.932,31.893
289974.853,325921.226,25.494
290860.964,265940.458,2.559
291240.005,322788.865,21.967
291886.191,311203.465,6.628
292447.696,229717.599,-7.950
292541.449,264272.534,2.359
292877.142,256860.281,1.886
293718.897,275208.555,7.624
293718.897,258157.925,3.925
294556.619,261864.052,6.886
294602.991,326303.736,41.227
294906.426,317951.885,7.995
295062.680,330075.468,36.562
295121.149,313557.462,-1.058
296238.112,250188.585,11.351
296405.455,243702.585,2.465
296545.579,308285.710,7.599
296743.165,246296.763,8.128
297864.160,322311.838,28.371
298085.940,276503.976,9.235
298264.371,306301.993,3.047
298588.976,311644.909,1.055
299678.721,318534.547,14.740
300941.856,242034.661,4.252
301217.065,330680.368,29.723
302280.599,314568.224,10.089
303770.555,320076.820,19.340
304078.022,325722.187,34.284
306790.790,317359.216,18.096
306928.898,329531.725,34.566
307209.147,310780.924,9.287
308971.287,325708.843,43.484
311640.707,309102.993,17.092
313382.686,329535.061,46.800
314528.883,313828.777,25.266
316455.342,319171.694,35.714
317250.724,322659.878,57.928
317944.289,308790.535,20.642
318856.610,328136.229,64.168
320154.021,315865.868,33.049
322563.354,307724.176,29.568
323621.848,323205.845,48.966
323716.608,332332.725,35.082
324964.623,312888.068,33.877
325909.203,328676.636,38.511
326597.727,318324.388,45.434
327985.866,323479.385,44.550
331236.954,330783.780,44.141
334325.740,326711.822,33.759
336662.490,320574.974,41.414
337226.012,329706.301,32.729
341106.148,317274.708,52.300
343205.998,329689.622,40.378
345920.782,325454.207,32.267
349797.893,323259.219,30.501
350012.616,331253.022,42.918
354748.619,329134.759,36.961
386501.414,244990.222,-22.779
390780.753,244639.958,-31.324
394127.609,243236.678,-29.713
397544.024,242102.490,-32.331
401059.231,241515.381,-32.324
303462.079,306712.302,15.358
304133.467,303747.845,8.312
308671.885,279098.154,13.653
310518.704,227393.625,-0.620
311358.442,224428.056,-3.371
312199.189,286513.744,17.555
312535.891,301523.947,14.081
314382.710,236659.498,17.906
314551.061,290034.175,20.368
315222.448,227949.600,3.063
316903.941,228875.853,5.143
318416.075,283360.255,25.362
319424.164,230174.610,7.070
323288.170,233879.625,9.658
327320.527,276319.393,46.562
327488.878,233695.041,7.009
329168.355,303747.845,30.410
331687.570,235362.965,2.398
332025.280,231842.534,15.350
332865.018,227023.346,11.085
334377.152,301708.530,43.414
335386.249,239254.788,2.580
336223.972,243147.722,16.603
336898.383,232766.564,8.352
336898.383,261493.773,26.031
337233.069,249818.306,6.632
337569.771,247037.321,20.019
339584.941,253339.849,12.693
341265.426,298372.683,58.908
341936.813,230359.194,5.609
342274.523,256118.610,8.702
343618.306,257601.951,16.035
346138.529,250930.255,7.489
346809.917,259269.875,17.772
348658.752,301152.556,54.996
349666.842,228504.462,-7.031
350506.580,259454.458,13.347
350506.580,244628.839,5.222
352088.272,319427.442,33.986
354330.262,326180.310,44.522
354370.586,300413.109,50.413
354537.929,258528.204,12.885
356219.422,227023.346,-16.399
356724.474,315696.852,50.162
357293.037,323214.741,47.869
357394.854,297632.124,29.970
358739.645,259454.458,10.942
359927.174,326815.233,36.981
360083.428,240922.712,-7.742
361091.517,290960.429,17.670
361259.868,261864.052,8.352
361905.045,329936.474,19.313
362142.954,319884.453,47.120
362267.957,265940.458,9.860
364955.523,268350.052,-1.546
365493.843,323438.243,44.463
366131.963,229803.219,-23.943
366636.008,286882.911,16.564
367644.097,284659.012,1.270
368148.142,270946.454,-5.083
369030.220,328647.725,29.995
370332.671,281693.444,-1.156
372180.499,274464.661,-4.107
372180.499,239995.346,-13.828
372349.858,298927.545,22.725
373189.596,302079.921,35.919
373189.596,318943.744,38.791
373653.317,325073.920,36.080
374701.730,307083.693,44.720
375202.750,317421.485,44.306
375956.801,323090.203,43.230
376044.505,310419.541,40.755
376548.549,293370.023,16.413
376716.900,229430.716,-30.486
376716.900,280581.494,0.571
376885.251,272241.875,-2.814
378060.683,239254.788,-21.960
378205.848,326851.927,50.081
378557.671,285289.487,4.231
378580.857,331871.266,45.687
378806.669,311454.766,48.699
379905.486,290909.279,8.406
380260.334,281042.953,3.837
381084.951,269278.530,-4.062
381635.368,313543.006,59.769
381997.272,318871.467,74.943
382008.361,323850.776,61.678
382735.193,295663.974,42.782
382942.859,310651.938,58.498
383195.890,331942.431,37.274
383410.613,298858.604,58.877
383890.463,306832.393,56.327
384477.171,329274.865,43.677
384781.614,266311.849,-10.436
385005.410,301730.769,52.770
385278.602,288262.840,14.876
385362.273,292987.512,22.061
386326.007,282680.854,9.037
386628.434,245184.813,-25.449
387133.486,263531.976,-11.885
387637.531,253154.154,-19.293
387786.728,313974.443,112.115
388181.899,326825.240,48.681
388753.486,297529.825,53.619
388976.273,304267.126,82.558
389894.643,332448.368,22.906
390158.762,290703.568,19.777
390298.886,285427.369,21.991
390421.873,309803.521,116.636
391569.079,323864.119,70.159
392041.873,328934.608,36.367
392173.932,254635.270,-24.077
392202.159,319697.646,91.090
392445.108,313996.682,137.738
392484.424,293405.605,35.229
392854.393,281390.993,14.929
393387.672,299413.467,71.891
393885.668,302704.837,93.730
394482.457,306115.185,117.798
395513.732,278683.397,11.250
395595.387,308293.494,136.354
395710.310,323287.018,73.247
396682.108,290490.074,22.053
396743.601,286082.307,17.659
397382.730,257601.951,-23.968
397515.797,329068.042,41.228
397717.415,242403.828,-32.249
398080.327,312741.291,96.136
398080.327,294286.269,51.658
398930.147,318891.482,87.198
399205.355,297048.351,71.271
399722.505,291808.846,36.250
400071.304,266126.154,-20.564
400155.983,303081.788,80.739
401104.595,284240.919,15.082
401340.488,305627.040,77.957
402217.526,314083.414,81.925
402607.656,308719.370,71.919
402678.222,322456.392,49.011
404061.321,239361.535,-34.826
405447.443,286141.241,8.464
405591.600,319152.790,63.979
406798.283,327387.887,22.661
407042.241,238486.431,-35.015
407992.869,315540.067,50.690
408114.848,323025.710,27.032
408414.250,312074.121,51.281
408471.711,280211.215,-12.383
409144.107,275393.139,-24.066
410656.241,267610.606,-27.392
411116.937,237307.765,-34.188
411160.285,236845.194,-32.694
411265.126,331155.171,30.619
411864.940,311073.367,52.247
412672.419,254635.270,-30.426
413679.500,291886.682,7.324
413847.851,257601.951,-25.512
414769.245,322682.117,34.705
414856.948,271685.900,-29.685
414976.911,326605.074,31.622
415029.332,317074.557,45.546
415884.191,235853.335,-32.567
416031.372,292442.657,5.719
416388.236,331077.334,29.990
416703.768,297446.429,11.459
417040.470,248890.940,-21.767
417624.153,312481.095,51.081
418217.918,288180.556,1.296
419895.378,250558.864,-23.599
419895.378,233323.650,-31.210
419931.670,233681.698,-31.453
420400.431,240366.737,-24.722
420421.601,329278.200,43.135
420567.774,284473.317,-10.023
420907.500,323801.850,65.402
421726.069,318431.135,61.690
421745.222,223131.523,-12.283
423257.356,252412.483,-25.304
423424.699,280766.078,-24.203
423592.042,308051.089,63.772
424080.965,230332.507,-21.981
424601.139,229430.716,-16.511
424936.833,300782.277,1.422
425087.038,312491.102,78.782
425106.192,236104.636,-16.455
425440.877,298188.099,-2.539
425609.228,228319.879,-9.989
425777.579,296520.175,-1.843
425849.154,322946.761,77.127
426388.481,327666.986,52.230
427365.320,227164.563,-2.696
427961.100,254635.270,-25.719
427961.100,300226.302,-1.180
428129.451,288180.556,-6.136
428632.488,226467.371,1.112
428970.198,282249.418,-23.512
429641.585,230916.280,-20.043
429977.279,222574.437,3.533
430420.838,320288.091,66.723
430819.033,293739.190,-0.835
431322.070,273909.799,-24.896
431489.413,296148.784,-8.067
431656.756,300226.302,-10.565
431656.756,301894.226,-11.388
431974.304,225082.994,8.985
432022.692,313070.428,25.835
432041.846,330541.375,48.034
432081.161,316409.612,46.695
432110.396,309267.561,6.478
432331.167,256490.001,-23.600
432665.853,228135.295,3.825
432665.853,297632.124,-12.008
433001.547,231285.447,-3.415
433168.889,225541.118,8.296
433703.177,326105.809,71.241
434346.338,235547.549,-9.150
435186.076,298558.378,-15.369
435861.496,322073.881,54.948
436025.814,258157.925,-17.661
436025.814,272796.737,-19.256
436195.173,294480.860,-8.834
436721.396,316727.629,26.404
436892.771,222656.721,-15.994
436935.111,329739.659,59.375
437032.896,304302.708,-13.080
437202.255,307269.389,-12.655
437292.983,307358.345,-14.346
437765.776,325882.307,57.739
438041.993,237400.056,-12.438
439554.127,290403.342,1.516
439722.478,260752.103,-14.441
439848.489,313543.006,-1.416
440730.567,271685.900,-13.327
441072.309,322308.502,36.017
441452.359,319608.690,30.478
441592.483,327030.951,39.982
441969.509,310816.507,-3.236
442067.293,224063.337,-10.637
442411.052,239995.346,-20.248
442915.096,284659.012,-4.802
443586.484,264272.534,-6.312
443754.835,228135.295,-7.828
443787.093,331646.652,39.603
445266.968,232027.118,-1.302
445585.525,314425.894,-0.541
445770.005,277431.342,-2.632
445770.005,236289.219,-10.249
446444.417,267979.773,-4.250
446779.102,274095.494,-2.759
446827.491,317661.666,15.018
447284.155,228504.462,-15.664
448291.236,250373.169,-19.244
448348.697,311070.031,-4.306
448459.587,270573.951,2.900
448749.917,329432.761,32.164
448820.483,325777.784,26.248
449384.005,322147.270,14.573
449467.676,257601.951,-14.689
449803.370,226651.955,15.091
449970.713,244443.143,-10.167
450308.423,273540.631,1.565
452958.689,333289.001,20.957
452994.981,222945.828,34.179
453727.861,326958.674,22.249
454675.465,307269.389,-11.476
455100.879,317894.064,9.874
456021.264,266497.545,-2.190
456858.987,305415.769,-7.018
457028.346,274836.052,-6.772
457195.688,248890.940,9.531
457364.039,279098.154,-3.057
457565.657,333240.076,22.398
457624.126,321656.900,6.312
457868.084,303562.150,-6.552
458203.778,281693.444,-2.619
458371.120,269833.393,-6.514
458792.502,330713.727,24.084
459045.532,301152.556,-4.740
459210.859,296148.784,12.925
459548.569,298927.545,-4.301
460219.956,263531.976,0.131
460388.307,289107.921,13.096
460892.352,293184.327,12.717
461209.900,327968.324,30.097
462600.055,324500.154,17.064
463076.881,275208.555,-6.195
463244.224,254822.078,19.195
464252.313,244815.646,41.957
465316.855,331667.779,22.339
466523.538,327874.920,9.115
467444.932,271128.814,18.087
469629.461,280396.911,12.699
469869.386,322792.200,-6.511
470972.236,242960.915,71.366
471393.617,314494.835,40.454
471729.311,319315.135,53.404
472317.027,251671.925,58.550
472821.072,269091.722,34.206
473282.776,330365.687,-1.434
477044.966,323524.975,-17.664
477190.130,262420.027,46.873
477301.020,327496.858,-2.730
477357.473,257601.951,50.916
477862.526,237215.473,97.352
478029.869,252782.763,63.599
478533.913,287624.581,-7.530
480046.047,296704.759,-7.232
481054.136,254080.407,62.204
481136.800,321723.617,61.051
483573.351,304675.211,-5.973
483910.053,253524.433,73.936
484918.142,285400.682,16.575
485087.501,243516.889,88.157
485254.844,308009.947,-24.753
486766.978,317182.416,66.171
488111.769,251114.839,93.325
488446.455,322095.008,65.916
488531.134,290496.746,35.689
490462.633,295592.809,80.205
490630.984,249077.748,98.338
490714.656,281104.110,15.687
490883.007,312087.465,-22.174
494494.990,309492.175,-26.189
495335.737,283917.342,24.238
495839.781,248520.661,81.372
496174.467,276689.672,3.339
498023.303,299578.036,44.814
499031.392,271872.708,-15.036
499703.787,287531.177,92.742
500543.526,245555.092,65.906
501552.623,236659.498,34.910
502728.055,313755.389,-17.927
504239.181,271685.900,17.725
506256.367,298927.545,-14.435
506256.367,331916.856,-15.598
506508.390,264513.827,81.862
506592.061,251023.659,61.457
508103.187,314125.668,-8.271
508775.582,303007.287,-22.979
509280.635,283360.255,4.853
509280.635,280396.911,12.944
509449.994,294110.581,-28.428
509532.657,325337.452,22.815
509700.000,271315.621,17.945
510457.075,243961.669,57.653
510792.769,286882.911,-10.203
511127.455,290034.175,-22.177
511801.866,307269.389,-35.355
512639.588,262420.027,69.741
512639.588,252598.179,26.060
513144.641,293739.190,-39.800
513314.000,313570.805,-35.257
514321.081,320333.681,-47.480
514488.424,281509.972,-3.679
514993.477,295592.809,-40.124
516000.558,325058.353,-6.156
518690.140,258990.775,35.178
519193.177,275393.139,-9.344
519361.528,243702.585,-16.811
519529.878,267794.078,-23.614
520454.296,312179.757,49.152
522133.773,230916.280,49.160
522637.818,238513.118,54.672
523981.600,322650.983,15.020
524485.645,316627.554,24.085
525327.400,332287.135,-37.668
527257.891,233231.359,69.196
527594.592,327654.754,9.244
528098.637,262790.306,-50.273
534147.172,294018.289,-81.146
535826.649,281230.873,0.163
536834.738,257786.534,-49.021
537338.783,286604.923,-19.906
539019.268,236289.219,51.408
539523.312,296983.858,-61.575
543554.661,261122.382,-30.037
544142.377,300688.873,-35.029
544732.109,238513.118,-4.487
545571.848,246296.763,8.952
547418.667,264272.534,25.227
547756.377,254359.507,20.288
549268.511,289848.479,4.790
549268.511,240922.712,9.435
549352.182,304581.807,-67.672
549605.213,234251.016,31.532
550024.578,284845.820,-81.667
552041.764,295685.101,-36.304
553300.868,257416.255,-0.739
554393.637,281323.164,-15.222
554476.300,269091.722,50.691
554643.643,237030.889,29.831
557164.874,231471.143,13.750
558507.649,243147.722,3.118
559012.702,249632.610,-13.751
559012.702,274188.898,38.206
561197.231,238698.813,-0.528
561197.231,280952.885,-5.780
562206.328,315051.922,-5.622
565230.596,233323.650,9.778
570269.026,233879.625,32.994
571446.474,332473.943,-54.958
573295.310,236659.498,59.851
576486.920,328766.704,-45.738
578838.793,234065.321,2.408
580686.620,328394.201,-44.559
586903.507,315979.287,-53.045
586903.507,223873.194,1.510
587239.200,312272.048,-57.479
587575.902,288180.556,-55.541
587743.245,324503.490,-52.044
588246.281,229987.803,27.389
588415.640,320611.668,-51.331
592446.989,292071.266,-50.202
593456.087,304675.211,-54.748
594799.870,277061.063,-34.722
595136.571,227393.625,-21.702
597152.750,322464.175,-50.718
599672.973,295222.530,-38.072
600681.062,276319.393,-41.234
601856.494,223873.194,-23.181
606057.202,252782.763,-36.973
606225.553,285028.179,-41.735
607234.650,274651.469,-41.309
607737.687,259641.266,-38.565
608409.074,328766.704,-41.987
609921.208,232766.564,-28.482
610929.297,267423.799,-33.558
611098.656,241292.991,-25.593
612105.738,246111.067,-50.472
612945.476,278543.291,-39.493
616306.445,227023.346,-37.156
616474.796,330806.019,-40.054
617649.220,265198.788,-37.308
618826.668,270946.454,-41.234
619330.713,244443.143,-41.857
622354.981,258342.509,-43.055
625883.293,248705.245,-43.449
626891.382,275393.139,-37.280
632771.567,223687.498,-53.435
635626.476,276134.809,-32.121
643020.810,280211.215,-32.802
651421.218,281693.444,-24.242
662006.155,287809.164,-21.881
664022.333,222760.132,-44.010
669231.130,290775.845,-12.557
670910.607,230729.473,-32.788
671414.652,332658.526,37.582
676119.404,290775.845,-19.318
678302.926,328211.841,41.699
680320.112,236473.803,-8.125
681663.895,272427.570,-8.820
681663.895,290034.175,-2.997
682504.641,265385.596,-10.609
685527.901,255748.331,7.906
689224.564,306342.023,29.270
689224.564,317647.211,41.568
690904.041,245926.483,24.579
702665.418,282434.002,51.442
169105.962,338402.856,-33.109
174903.483,353724.405,-24.788
177030.551,340689.024,-25.147
177702.947,379453.799,-13.415
179270.526,360952.075,-20.609
184030.723,368487.755,-16.712
186830.187,341585.255,-30.062
189072.177,376302.535,-16.544
190220.391,338866.539,-38.707
193188.206,335814.238,-40.169
195087.446,341834.332,-38.236
195596.531,343942.587,-38.978
196804.222,350577.589,-37.890
196806.238,356181.813,-33.878
198039.131,366728.652,-23.199
198632.896,337127.450,-39.545
199070.406,347016.015,-35.363
199626.872,352295.550,-33.179
200328.502,375406.304,-11.213
200566.411,359488.750,-34.134
201309.373,392051.072,-8.836
201650.107,352331.133,-32.365
201738.819,364387.999,-24.006
201832.571,407975.298,0.523
202700.536,355323.388,-32.521
204149.160,368034.080,-23.477
204453.603,337283.123,-38.416
204836.677,397021.486,-2.353
205329.632,350724.366,-33.321
207600.857,334843.507,-38.920
207795.419,346394.435,-37.254
208099.862,370230.180,-16.737
208749.071,402158.691,-8.947
210439.637,341867.690,-36.890
210481.977,366556.300,-16.249
210677.546,358149.963,-22.717
210966.867,413422.737,-12.654
211057.595,373962.994,-15.166
211634.223,348215.808,-29.374
212148.348,355484.621,-25.202
212172.542,379019.027,-16.204
212295.529,362890.203,-16.217
212298.553,338695.299,-39.418
212680.619,423095.584,-9.863
214069.766,352365.603,-23.403
214470.986,367265.723,-13.152
215100.033,398889.560,-5.827
215121.203,337133.010,-39.107
215129.268,351291.460,-19.878
215275.441,343002.990,-31.145
215296.611,346867.014,-19.877
215995.217,377850.368,-15.655
216098.042,356346.381,-19.164
216176.673,350230.660,-15.068
216963.990,372381.802,-10.951
217885.384,382965.335,-14.858
218612.216,344638.668,-22.830
218828.955,360401.660,-12.517
220017.493,354174.745,-15.858
220305.806,351354.841,-17.267
220408.631,356780.042,-15.364
221489.303,339154.534,-33.542
221551.804,413332.669,-12.864
221551.804,418626.660,-8.325
222157.666,334882.425,-37.155
222313.920,360472.825,-10.484
222495.376,365751.248,-7.340
222972.202,382939.760,-13.716
223140.553,368846.915,-8.463
223229.265,378347.410,-9.514
223699.035,376214.691,-7.194
225068.020,343435.538,-26.566
225376.495,363339.430,-3.306
226733.383,431047.133,1.492
227540.863,354213.663,-10.399
227903.775,350209.533,-16.442
228010.632,379264.768,-8.206
228228.379,341924.399,-26.813
228344.310,367011.087,-0.060
228628.591,427356.574,1.128
229142.716,388565.111,-13.322
229438.087,383906.044,-13.364
229607.446,417536.950,-10.061
229802.007,362286.414,5.780
230018.746,422572.968,-7.098
230979.455,370510.391,1.013
231151.838,334448.765,-27.222
231669.996,375396.296,-4.015
232050.046,357954.260,6.082
232352.473,338507.379,-23.747
232958.334,349316.638,-12.438
233314.190,393573.331,-12.683
233797.064,344215.015,-19.329
234052.111,387974.666,-11.584
234435.185,360915.381,6.522
234463.411,366491.807,2.290
234505.751,380103.177,-10.085
234633.779,355685.884,4.056
235402.951,434138.352,2.411
235564.245,384399.749,-11.923
236267.891,400009.293,-11.615
236967.505,351043.495,-2.617
237701.394,394190.463,-11.014
238536.092,375088.286,-9.859
238597.585,370542.638,-6.700
238816.341,341530.769,-14.507
238944.368,392066.640,-9.802
239216.552,358901.641,3.297
239382.887,334049.575,-23.056
239586.521,425520.745,-3.279
239791.163,337042.942,-18.953
240206.496,382184.747,-15.355
240278.070,348032.337,-4.195
240566.384,396773.521,-5.620
241127.889,442088.789,4.385
241380.920,433436.712,3.232
241620.845,366949.930,-4.931
242106.744,428101.580,-3.104
242106.744,424898.054,-4.862
242549.295,351640.612,0.101
242773.091,372210.562,-8.704
243698.517,388715.225,-10.668
243726.743,345624.967,2.920
243875.941,355275.574,0.830
244160.222,363164.854,0.389
244696.525,398003.337,-10.159
244803.383,384333.033,-7.453
244909.232,402603.471,-11.698
245679.412,337383.199,-2.224
245784.254,347335.145,8.015
246021.155,359250.793,-1.203
246418.342,375771.023,-9.512
247559.499,365687.867,-8.014
247788.335,379512.732,-7.648
247913.338,442799.325,3.329
248719.809,369836.550,-9.108
249060.544,334875.753,-8.479
249765.198,343967.050,17.522
250045.447,387366.430,-4.748
250229.927,340421.044,11.416
250811.595,382459.398,-4.676
251209.790,423684.917,-1.691
251215.838,355115.454,-2.281
251365.036,394057.029,-11.515
252187.636,373007.829,-9.490
252265.259,377356.663,-8.922
252269.292,359228.554,-6.510
252414.457,351388.200,0.767
252473.934,366164.893,-4.947
252505.185,336921.740,4.445
253073.747,399497.797,-12.395
253377.182,414112.146,-0.141
253910.461,434328.495,0.793
254163.491,417536.950,-3.771
254404.425,441866.400,2.577
254612.091,388553.992,0.381
255222.993,381216.239,-7.486
255254.244,362216.362,-7.924
255990.149,342709.436,22.607
256191.767,370281.330,-12.386
256441.773,348809.589,-2.166
256588.954,395661.572,-7.701
256966.988,404979.706,-14.399
257302.681,372386.250,-11.856
257307.722,366000.325,-8.348
257388.369,413532.820,-8.028
257469.016,385620.670,-6.109
257595.027,357251.508,-5.790
257768.418,398606.013,-11.507
258338.997,376214.691,-12.050
258607.149,410277.033,-11.681
258803.726,339686.046,12.743
260756.395,354169.185,-9.641
261139.469,421127.434,-7.792
261317.901,377911.525,-12.074
261663.675,438740.710,8.382
261729.201,404206.902,-14.694
261941.908,401151.265,-9.040
262066.911,390934.675,-9.654
262330.022,334760.110,6.023
262498.373,409018.306,-12.493
262615.312,395811.685,-8.677
262638.498,415015.049,-6.083
262903.625,368223.112,-13.399
263082.057,362528.819,-10.548
263829.051,379457.135,-12.839
263845.180,345413.696,0.014
264226.238,383880.469,-10.905
264522.616,341956.646,-1.354
264703.064,358429.062,-10.612
265723.251,388892.024,-11.674
265866.399,338302.781,2.186
265911.763,374728.015,-10.465
266589.199,348617.222,-16.987
266609.361,398091.181,-9.668
266618.434,405195.425,-10.372
266680.935,394363.927,-8.124
267636.604,419509.548,-7.338
267773.704,422562.960,-4.853
269097.325,371655.699,-12.811
269151.762,352692.516,-16.034
269439.068,367740.526,-10.840
269690.082,334852.402,5.510
269860.449,379080.184,-13.242
270357.437,357437.204,-13.799
270404.817,394267.187,-7.066
270716.317,404013.423,-7.105
271005.638,408623.564,-10.605
271643.759,399199.794,-7.123
271741.543,375666.500,-11.097
271837.312,362854.620,-15.458
271906.870,430324.366,1.789
271978.444,419013.618,-7.962
272140.747,390495.455,-7.900
272734.511,382939.760,-12.366
272753.665,415200.744,-9.595
273100.448,386965.016,-9.962
273256.702,380857.079,-9.460
274074.262,422907.665,-4.954
274574.274,379341.492,-9.914
274953.316,411238.869,-11.053
275229.532,378061.639,-11.040
275359.576,367629.331,-14.544
276057.173,371323.226,-14.527
276173.104,399518.924,-6.172
276227.541,405405.583,-8.360
276402.948,419054.760,-10.128
276614.647,343910.341,-18.407
276660.011,374715.783,-14.218
277837.459,358765.983,-15.447
278196.339,386497.998,-4.950
278208.436,354102.468,-15.918
279542.138,395127.836,4.355
280156.064,378734.368,-5.004
280624.826,424797.978,-6.995
280696.400,430470.031,-1.021
280741.764,404087.923,-6.549
281004.875,351419.334,-16.130
281045.199,381969.028,-11.551
281066.369,409430.839,-4.712
281556.300,413784.121,-5.856
281575.454,373599.386,-13.016
281635.939,348122.405,-17.013
281759.934,344486.331,1.972
282555.317,384830.074,-7.738
283042.224,429858.459,-2.229
283087.588,369726.467,-12.415
284813.437,399819.150,-4.573
285734.830,339209.019,-1.512
286070.524,394158.216,13.143
286093.710,383580.243,-9.535
286396.137,388847.547,0.275
286424.363,409904.530,-3.793
286562.471,387891.270,-4.778
286918.327,416209.282,-4.330
287016.112,421309.793,-4.691
287091.718,375963.390,-6.261
287658.264,405516.778,-3.020
287670.361,364573.694,-11.749
288285.296,378795.525,-1.578
288419.372,429850.676,0.550
288597.804,359370.883,-5.307
288807.486,400106.033,-5.402
289277.256,423557.043,-4.418
289326.652,343064.147,14.786
289871.020,372313.973,-3.013
290226.876,392170.051,7.632
290337.766,419042.529,-4.670
291323.677,382581.712,-8.193
291689.613,369913.274,-0.967
291982.967,408894.880,-3.280
292184.585,435487.147,0.385
293104.971,415949.086,-2.629
293713.856,379215.842,0.806
294085.841,404013.423,-7.117
294218.909,388382.752,11.848
294269.314,338142.660,33.379
294556.619,394806.483,10.157
294769.326,343538.950,30.466
295013.284,400657.560,-3.382
295295.548,375259.526,4.443
295325.791,365299.797,-2.202
295451.802,430866.997,3.199
295814.714,383919.387,-1.278
296726.027,410438.265,-5.990
297059.705,352009.779,7.275
297332.897,380858.191,-1.324
297475.037,420342.398,-1.990
297708.914,425317.259,4.511
298291.590,390704.502,8.960
298484.135,370362.502,4.663
298645.429,347930.037,8.311
298945.840,411814.859,-6.470
299211.975,385530.602,5.804
299463.997,336160.054,33.849
299762.392,364635.963,1.967
299957.961,397808.746,9.755
300028.527,343227.604,11.092
300029.536,373927.411,7.798
300064.819,355373.426,14.926
300483.176,378834.443,0.770
300528.540,429854.012,9.538
300602.130,359645.535,11.147
300892.460,423882.844,1.696
301129.361,401541.559,-3.815
301703.972,408751.438,-7.589
302195.919,415070.646,-1.755
302380.400,437480.872,6.387
302692.907,442351.209,1.068
303061.868,403623.128,-5.985
303331.028,389545.851,12.323
303542.727,431018.222,11.112
303763.498,421799.051,3.479
304509.484,400088.242,6.981
305369.384,425231.638,10.323
305483.298,394322.785,13.596
305677.860,418604.421,4.398
306333.118,412269.646,-0.570
306839.178,408337.793,-6.382
307092.209,391262.700,13.980
307339.191,439711.442,8.055
309303.957,432331.435,11.031
311126.582,442969.453,4.288
311277.795,400470.752,17.269
311293.925,418274.172,7.992
311772.767,422618.558,10.010
312772.792,405272.149,3.934
313458.292,412306.340,3.310
313908.908,394093.723,11.286
314068.186,428849.921,14.096
314395.815,437534.245,13.936
316215.416,407914.141,3.969
316446.269,403771.018,15.311
317013.823,443070.641,7.727
317260.805,434261.778,14.631
317509.803,416699.652,9.580
317924.128,424807.986,13.257
318187.239,410866.366,1.287
318529.989,391717.488,10.269
319205.409,397984.434,18.774
320314.307,438732.926,11.472
321897.007,408880.425,8.381
322931.307,426621.575,17.172
323236.758,399873.635,27.527
323286.154,414717.046,7.743
323461.562,419978.790,15.475
323909.153,430398.867,18.018
323935.364,391807.555,6.663
325517.056,436217.697,15.957
325601.735,410880.821,7.163
326108.804,395157.859,20.249
326785.232,441163.648,15.554
327032.214,401343.632,19.421
327381.013,416851.989,9.576
327852.799,424723.478,17.573
328379.021,390450.977,26.611
329468.766,406623.168,21.160
329743.974,399133.077,27.639
330432.499,395500.339,27.227
330955.697,415635.516,10.993
331303.488,432209.120,16.748
331415.386,420865.014,12.865
332206.736,390640.009,25.384
332515.211,439850.435,18.973
332855.945,402227.632,29.122
332898.285,415828.995,12.999
333530.357,429399.224,19.087
333767.258,435752.902,17.906
334219.890,412401.968,15.176
334369.087,425457.364,15.207
335079.790,419013.618,12.817
335960.860,406749.930,29.534
335996.143,397002.582,37.406
337281.457,439765.927,15.431
337501.221,390443.194,32.901
338259.304,430209.835,15.198
338405.477,399701.283,39.576
338705.887,415412.015,16.744
339242.191,434141.688,14.986
340912.595,404369.246,38.756
341155.544,412128.428,26.674
341699.912,408201.024,28.118
341946.894,389996.190,29.244
342524.529,437503.111,14.227
342530.578,421034.030,13.577
342778.568,433941.537,14.712
342901.555,417091.058,17.770
343188.860,427593.419,17.705
343315.879,398125.651,32.270
344058.841,402117.549,36.714
344338.082,440333.021,12.178
345647.590,411264.444,29.034
346350.228,392731.585,31.293
347182.910,427737.972,13.829
347760.545,406858.901,37.318
347789.779,418117.387,17.842
348301.889,432713.945,11.489
348794.844,396019.619,29.437
348798.877,400174.974,31.541
349268.646,389617.015,23.303
350264.639,444026.917,5.325
350323.108,421534.407,15.547
350570.090,441149.192,5.655
350700.133,411169.928,34.755
351939.075,437262.930,8.630
352878.614,424650.089,11.866
353287.898,429837.332,11.613
355634.730,434714.342,9.414
356078.289,441868.623,2.035
357801.114,421134.105,19.835
358103.540,430971.521,5.914
359688.257,427017.429,8.388
361318.337,432215.792,1.138
362302.232,423859.493,13.669
363285.119,436504.580,-0.170
363307.297,440916.795,-4.053
364167.197,417717.085,21.596
364833.544,429540.442,3.440
365818.447,420618.161,15.703
367814.464,426197.922,5.108
368174.352,440169.565,-6.862
368518.110,444119.209,-10.450
368545.329,431132.753,0.941
370448.601,436865.964,-3.293
372028.277,424358.758,6.516
372625.066,440676.614,-9.870
372637.163,433680.229,0.205
373096.852,430286.560,6.121
373787.393,420911.716,11.953
374001.108,427944.795,10.217
376434.635,417871.646,19.633
376822.750,433351.092,3.383
378583.881,437603.186,4.794
378985.101,440756.674,-4.901
384790.687,436403.393,9.928
392867.498,442612.517,6.479
302348.141,374589.021,6.567
302675.770,384738.894,0.763
302848.153,355856.012,28.347
303355.222,352033.130,30.329
303364.295,370514.839,4.480
305917.785,340027.414,37.652
305924.841,364875.032,6.705
306407.716,359174.068,13.905
306729.297,344667.578,24.083
307832.146,379754.025,-4.395
307867.429,335547.370,39.463
309645.699,385151.427,15.516
309818.082,369869.908,2.179
310161.841,374444.468,2.424
310774.759,341577.471,48.194
311021.741,345092.343,53.387
311173.962,388704.105,13.608
312042.935,365719.002,-0.528
312580.247,350162.832,32.616
312723.395,354504.993,24.705
314281.901,360254.883,17.021
314726.469,382186.970,4.000
314736.549,357509.480,31.395
315174.060,385527.266,15.476
315175.068,336205.644,49.673
315312.168,371017.440,3.312
315695.242,344713.168,27.599
315929.119,378698.786,-0.213
318126.754,375338.475,-2.169
318723.542,349454.520,31.501
318775.963,364999.571,4.408
318880.804,388665.187,9.101
318882.821,334459.884,38.675
319881.837,340208.662,55.032
320358.663,359624.408,0.013
321252.838,380987.177,9.951
322632.912,370330.255,-0.146
322846.627,345999.693,42.167
323012.962,385359.362,12.275
323226.677,376689.493,8.164
323298.251,354342.649,33.565
324952.526,351252.542,21.366
325464.635,367145.633,6.210
327149.152,334627.788,30.174
327204.597,380954.931,17.513
327427.385,363471.752,3.519
327729.812,344637.556,17.829
328060.465,338028.129,31.306
328545.356,349871.501,18.415
328588.704,375988.965,14.472
328667.335,372389.585,33.441
329196.582,357180.343,1.901
329572.599,385807.477,19.555
331133.121,343045.244,34.514
331306.512,369813.199,11.205
331421.434,360426.123,11.285
332842.840,378827.772,21.135
332981.957,336540.341,56.595
333492.050,354681.793,26.249
334070.693,343470.009,35.783
334128.154,338528.506,44.703
334131.178,346899.260,22.904
334833.817,384714.431,23.330
335111.041,364717.135,47.257
335123.138,350374.102,18.470
335516.293,360701.887,33.054
335607.021,334162.994,37.193
336099.977,374973.756,20.869
337436.703,371388.831,26.752
338008.290,353758.875,31.984
339334.935,356785.601,35.315
339403.485,340099.691,26.398
339507.318,344236.142,31.624
340449.882,381479.771,21.240
340889.409,360587.356,28.737
341204.941,385806.365,25.426
341663.621,375569.760,18.047
342523.521,335443.959,28.932
343118.294,369393.994,22.484
343732.220,350559.797,45.657
344062.874,354392.687,39.437
344496.352,379276.999,22.630
344811.884,363421.715,30.981
344980.235,359811.215,35.039
345489.320,386197.771,28.432
345859.289,340322.081,41.755
347391.584,346510.078,39.796
347488.361,381547.600,25.469
347691.995,375886.666,27.437
348464.191,366607.449,29.346
348490.401,336240.115,44.815
349307.962,350004.935,55.583
350280.768,369559.675,23.258
350497.507,360529.535,38.994
350602.348,384139.553,28.958
351111.433,355669.204,54.753
352185.049,405577.935,34.122
352308.035,338562.977,45.759
353308.060,414689.247,34.081
354946.205,360876.463,36.007
355096.410,390565.508,23.196
355141.774,398732.776,26.218
355154.879,379300.350,20.710
355782.919,350699.903,37.133
356180.106,375470.797,25.240
356988.594,369837.662,36.712
357416.024,356621.033,27.550
358242.657,385078.039,26.443
358271.891,408112.068,38.345
358466.453,401930.742,32.809
358541.051,395931.775,23.972
358643.876,336021.061,5.816
359118.686,411763.709,44.674
359623.739,372534.139,31.982
359781.001,416388.306,29.841
360027.983,359524.332,24.791
360372.749,391055.878,22.862
360773.969,340890.287,11.216
360832.438,366077.049,21.480
361604.634,382507.212,22.107
362015.935,347507.497,19.484
363077.453,377356.663,22.631
363142.979,350950.092,16.957
363467.583,353807.801,17.638
363667.185,387978.002,25.078
363917.191,405613.518,33.325
364370.831,336310.168,14.899
364643.015,399501.132,25.062
365059.356,345352.539,14.290
365134.963,359379.779,23.611
365756.954,409520.907,30.837
365970.669,369730.915,26.000
366162.206,393622.257,26.264
366529.150,375083.839,25.930
367814.464,379193.603,36.020
368105.802,412069.495,29.511
368196.530,341198.297,28.118
368463.674,404353.679,28.335
368501.981,365522.187,30.022
368521.135,416403.873,20.528
369030.220,407857.431,29.350
369089.697,388868.674,26.778
369572.572,355139.916,27.264
369771.165,398607.125,40.009
369996.977,334384.271,28.112
371634.114,385691.835,34.191
372096.827,401054.526,41.420
372181.507,376389.267,38.752
372643.212,396402.130,48.917
372715.794,350599.828,26.859
372839.789,390819.033,44.052
372985.962,361203.376,35.796
373727.916,368900.289,38.708
374055.545,344148.298,25.024
374147.281,365075.183,45.864
374353.939,338800.934,27.131
374778.345,408726.976,43.447
375729.981,358056.559,42.745
375860.024,414198.878,27.567
376079.788,334365.368,38.563
376493.104,401013.383,46.640
376550.565,354428.269,36.493
377217.921,396774.633,53.947
377562.687,382622.855,46.125
377742.127,423249.033,18.091
377758.256,371863.633,42.523
377955.842,428434.052,11.740
378442.749,368623.413,46.063
378554.647,349246.585,34.066
379168.573,364228.990,55.569
379327.851,340285.386,29.475
379332.892,420526.981,28.159
379511.324,408008.656,46.281
380184.727,425979.980,23.766
380423.644,404398.157,48.608
380424.652,344490.778,32.510
381239.188,401709.464,53.240
381286.569,430296.567,14.368
381398.467,411132.122,39.842
381836.985,372963.351,51.499
382155.542,358396.816,51.050
382322.884,398215.719,57.605
382351.111,377972.683,52.725
382478.130,419948.768,30.121
382737.209,339204.572,23.036
382834.994,353152.863,43.078
383378.354,424447.714,26.832
383442.872,385583.975,49.103
383709.007,343829.169,18.523
383931.795,362315.325,57.317
383977.159,414267.819,40.827
384045.709,335189.323,26.243
384071.919,369669.758,56.099
384235.230,366309.447,53.997
385145.534,394428.420,58.640
385375.379,391367.224,54.605
385379.411,406046.066,39.137
386008.459,375201.705,54.406
386083.057,380949.371,52.520
386548.795,348758.440,18.930
386572.989,338975.510,10.387
386712.105,418879.072,44.529
387422.808,424179.734,36.799
388126.454,360637.394,47.526
388259.522,429289.141,33.646
388480.293,438737.374,15.325
388737.356,353931.228,21.044
389375.477,342105.647,1.380
389645.645,402665.740,29.081
389751.494,337946.957,4.928
389824.076,414396.805,56.373
389827.101,379928.601,48.040
390131.544,369181.612,44.810
390202.110,385749.656,48.082
390625.507,419049.201,36.771
390714.219,366627.464,38.388
391302.943,426328.020,37.230
391491.456,359667.774,19.119
391552.949,434881.134,26.172
391637.629,395741.632,27.322
391640.653,374257.660,28.783
392139.657,391982.132,29.124
392214.256,335300.518,6.814
392255.588,350699.903,3.878
393240.491,348507.139,3.486
393489.489,405616.853,35.270
393730.422,369479.614,13.188
394361.486,389581.433,19.243
394453.222,437090.577,27.964
394507.659,366149.326,13.268
394695.164,428144.946,32.959
394836.296,343670.160,-4.543
394878.636,420635.952,36.131
395070.173,417639.249,37.844
395238.524,374366.631,14.997
395265.742,398449.228,18.302
395270.783,358816.021,9.161
396039.955,341027.056,2.676
396088.343,380294.433,20.267
396260.726,401832.890,21.903
396288.953,353395.268,6.200
397617.614,348974.158,4.012
397676.084,385819.709,22.233
397786.973,363847.591,16.551
397957.340,409357.451,26.838
398346.463,334591.094,1.212
398573.283,390008.422,20.703
398637.801,343141.984,-1.051
399488.628,377660.225,20.000
400077.352,401006.712,23.942
400296.107,338023.681,4.255
400483.612,406104.999,28.194
400523.936,385540.609,25.656
400582.405,382091.343,23.995
400923.139,369568.570,18.149
400929.188,429046.736,36.337
401256.817,417985.065,32.214
401344.520,353247.379,12.781
401347.545,411493.505,26.254
401393.917,395310.196,23.241
401650.979,374644.619,19.753
401785.055,367111.162,18.746
401905.018,440884.548,17.943
402538.098,443869.020,5.544
403193.356,361556.976,23.477
403797.201,334280.860,9.296
403810.307,347775.476,11.262
404014.949,340915.861,9.098
404260.922,426809.494,35.577
404488.751,433094.232,36.038
404633.915,390189.669,28.665
404753.878,372045.993,23.572
404835.533,383551.332,31.126
405065.378,402971.526,31.166
405277.076,398066.718,32.401
405533.131,417878.318,31.323
405538.172,393057.386,29.228
406029.111,364351.304,24.712
406067.418,413380.483,28.504
406143.025,342207.946,13.260
406249.883,436294.422,24.167
406526.099,380431.203,35.190
407466.646,408976.052,31.670
407631.973,368242.015,23.404
407719.677,375335.139,31.672
407951.537,421767.917,32.905
407965.650,357957.596,23.823
407988.836,433176.516,33.823
408003.958,335487.325,28.022
408276.142,353946.795,24.401
409141.082,405920.416,36.806
409157.212,401938.525,37.460
409238.867,348254.727,25.106
409501.978,395882.850,40.170
409510.043,439209.953,14.857
409571.537,387698.903,37.282
409665.289,344253.933,26.330
410034.250,414094.355,34.763
410220.746,362773.448,25.034
410240.908,418070.685,33.619
410600.796,340746.845,23.194
410612.893,443551.003,11.164
410788.300,379350.388,40.726
410966.732,369182.724,28.748
411438.518,428513.001,30.554
411842.762,382573.929,40.452
411859.899,372418.496,35.156
412534.311,354145.834,25.371
413218.803,338078.167,36.186
413672.444,435794.045,27.055
413684.541,442004.281,11.002
413722.848,365229.744,31.605
414100.882,424755.724,32.988
414110.962,390576.628,44.345
414182.537,413307.095,39.120
414185.561,357527.272,22.666
414236.974,432263.606,31.637
414276.289,373875.150,37.242
414318.629,406068.305,38.113
414387.179,421642.266,33.790
414432.543,393840.199,44.875
414653.314,401530.440,39.595
415431.559,350885.599,29.322
415512.206,369340.621,35.654
415921.491,345403.689,38.286
416326.743,396868.037,45.494
416599.935,418267.500,40.693
416645.299,336942.867,35.240
416768.286,378658.755,44.130
416800.544,353311.872,24.927
417119.101,427453.313,34.049
417692.703,439932.720,14.782
417724.962,382509.436,46.372
417951.782,364355.752,30.464
418382.237,392389.105,49.794
418446.754,407121.321,44.455
418519.337,386639.215,48.080
418964.912,375908.905,45.278
419231.048,349572.386,35.702
419409.479,360667.416,40.936
419431.657,334327.562,38.236
419652.429,344296.187,35.540
420019.373,404498.232,45.333
420223.007,417433.538,44.934
420366.156,399884.755,47.686
420629.267,339920.667,46.486
420710.923,422798.693,38.637
421061.738,426418.088,41.561
421178.676,370643.825,39.734
421254.283,367507.016,35.579
421306.703,413141.414,49.281
421375.253,435941.934,30.222
421675.664,408362.256,51.084
421792.602,433565.698,33.960
421846.031,440271.864,18.071
421866.193,373001.158,41.609
422322.857,364516.985,35.712
422494.233,379886.347,47.893
422507.338,402004.130,48.443
422584.961,355082.095,27.560
423012.390,396992.575,53.817
423334.979,349664.678,34.778
423568.856,385698.506,51.807
423753.336,394043.685,56.612
423986.205,346477.832,40.295
424360.206,360238.204,29.343
424560.815,443002.812,2.995
424765.458,427205.348,45.809
425138.451,389301.222,52.407
425162.645,422453.989,47.498
425335.028,357012.439,23.970
425527.573,408691.393,53.914
426007.424,337449.916,32.006
426200.977,378048.295,44.639
426202.993,416846.429,54.725
426244.324,369055.962,32.642
426277.591,419872.043,53.052
426283.640,399155.316,48.374
426530.622,411658.074,57.582
426534.654,334069.590,42.460
426647.560,342648.278,37.434
427019.545,403458.560,51.421
427125.394,384117.314,49.470
427356.247,374770.269,41.721
428000.416,353870.070,30.201
428406.676,364967.324,26.508
429015.562,345463.734,34.155
429084.112,427037.444,48.602
429473.234,440308.559,17.284
429574.043,350251.787,27.439
431082.145,360526.199,26.975
431597.278,417693.734,57.724
431604.335,335852.044,36.124
431752.524,338673.060,34.356
431832.163,356460.912,29.821
434005.604,351091.309,31.536
434271.739,406388.546,52.236
434280.812,402575.672,50.004
434346.338,412815.613,54.701
434504.608,439442.350,25.416
435379.629,342697.204,27.391
435780.849,397283.906,59.056
436942.167,347864.432,22.230
437055.073,337928.054,28.794
437971.427,423623.760,54.292
438111.551,390621.106,44.993
438378.695,384548.751,43.207
438769.833,334424.302,29.822
439219.441,381212.903,39.133
440317.250,429845.116,48.705
440351.525,376322.550,45.558
440911.015,372169.419,42.756
441925.153,434628.722,45.834
442083.423,368746.840,33.401
442100.560,346267.673,24.455
443586.484,365089.638,35.612
443778.021,362076.256,36.440
444594.573,357860.856,29.516
445029.059,338571.872,21.790
445435.319,353043.892,9.994
446635.954,342475.926,19.049
447282.139,424931.412,47.474
448676.326,335716.387,27.663
450318.504,357869.752,22.425
450417.296,350054.972,22.905
451505.025,339183.444,23.622
451833.662,346884.805,27.597
452155.242,353598.755,25.368
452378.030,360957.635,20.835
452491.944,365461.030,29.121
453331.682,368796.877,31.010
453682.497,381477.547,40.288
454052.466,342714.995,35.163
454126.057,384188.479,39.390
454172.429,439961.630,30.247
454339.772,376766.218,33.881
454401.265,337433.236,32.501
454507.114,397336.167,53.508
455684.563,390479.888,46.748
456187.599,423095.584,53.965
456355.950,414757.076,52.503
456996.087,340098.579,24.404
457536.423,359718.924,20.191
457625.134,384599.900,39.930
457698.725,404007.863,58.253
458063.653,380428.979,52.104
458203.778,427544.493,46.884
458223.939,363312.744,18.079
458707.822,425876.569,46.341
458707.822,356754.467,23.069
458707.822,406973.432,58.556
458876.173,412347.482,55.633
459516.310,335617.423,20.336
459535.464,352691.404,27.277
460395.364,346816.976,26.861
460869.166,341109.341,19.570
461670.597,350314.057,25.780
462635.338,366700.853,16.449
463117.205,378437.477,33.331
463146.439,359311.950,16.213
463244.224,440146.214,27.051
463996.258,335724.170,19.584
464103.116,355301.149,15.055
464355.138,375725.433,28.824
464589.015,372873.283,22.961
466656.606,349343.325,24.256
467257.427,338396.184,20.768
467266.500,380164.335,31.258
467940.912,345599.392,19.398
467947.968,427914.772,44.702
467983.251,341518.538,16.293
468186.885,354206.991,17.319
468246.363,362591.088,18.658
468622.380,440887.884,29.859
469292.759,435698.417,35.712
469629.461,433104.239,39.265
470334.115,334101.836,9.623
471477.289,441443.859,29.620
471899.678,337385.423,28.756
471948.066,357830.834,21.296
472149.684,427544.493,46.026
472317.027,384548.751,36.671
472975.309,341927.735,27.509
473044.867,363100.361,27.949
474410.828,345631.638,24.252
474669.907,388255.990,49.109
475877.598,352155.445,26.611
476517.735,393815.736,48.144
476540.921,337905.815,19.542
477862.526,397891.030,51.426
478240.559,344437.405,21.197
478529.881,335169.308,12.568
478869.607,440517.605,40.466
479206.309,428470.747,51.129
479374.660,401229.102,59.029
480043.023,350110.570,22.642
480293.029,354449.396,35.776
480402.911,358343.442,43.698
480886.794,404749.533,67.643
480905.947,362209.690,38.179
481558.181,365645.613,34.004
482798.131,340046.317,10.063
483406.009,408454.548,70.547
484183.245,350687.672,36.948
484582.449,412347.482,72.144
484953.426,365387.641,38.897
486437.333,340790.211,17.219
486570.401,360433.907,47.662
486599.635,416054.721,70.151
486766.978,434402.996,44.180
487511.956,367693.824,42.091
488614.806,441443.859,50.287
488893.038,347384.070,49.538
488951.508,419019.178,68.916
490630.984,424765.732,62.965
491294.307,352842.629,45.655
491638.065,428656.442,53.831
491975.775,396780.193,63.027
493150.199,433104.239,44.472
493990.946,393628.928,59.203
494494.990,437921.204,49.163
495336.745,427729.077,46.931
495943.614,443572.130,58.564
497463.813,357910.894,41.695
497494.056,374754.702,26.583
499620.116,433048.642,46.018
500712.885,414015.406,25.279
500748.168,392748.265,57.738
501215.921,421614.468,58.828
501552.623,399745.761,54.136
502225.019,410679.558,49.109
503399.443,433289.935,36.560
503736.144,377877.055,-1.594
504239.181,437366.341,29.602
504744.234,408085.381,56.908
505248.278,368055.207,-10.261
505248.278,424208.645,50.889
506592.061,405305.508,30.355
507432.808,410122.472,61.084
508440.897,429212.417,31.864
509449.994,371760.222,-7.723
510120.373,437921.204,23.737
510624.418,335808.678,50.897
511296.814,378248.446,-4.613
511632.507,414202.214,18.250
512808.947,378248.446,-7.695
514826.134,363051.435,-16.302
515497.521,357860.856,-21.624
515833.215,434957.859,10.378
516168.909,375653.157,-3.300
517512.692,367498.121,-9.868
519026.842,410866.366,8.010
519193.177,385476.116,-1.906
519193.177,353414.171,-42.586
519529.878,391406.142,2.375
520033.923,438108.011,2.622
520033.923,400487.431,-1.039
520538.976,372504.116,-3.408
523897.929,389182.243,-4.575
524906.018,350635.410,-52.826
526586.503,437366.341,-5.643
527594.592,348410.400,-60.865
529946.465,342293.567,-67.019
531291.256,438665.098,-3.555
531627.957,336736.044,-47.353
533474.777,430695.757,-1.213
534147.172,437738.844,-0.088
534817.552,392888.370,-6.093
540028.365,430510.062,-0.565
543219.976,442370.113,9.039
543724.020,397151.584,-12.852
545571.848,430324.366,7.054
548765.474,404379.254,-10.309
552964.166,431064.924,11.455
555316.038,432177.986,14.696
555988.434,334882.425,-42.058
556155.777,354525.009,-62.336
556996.523,359159.613,-66.464
557333.225,409940.112,-12.793
558342.322,347484.146,-38.782
558507.649,343406.628,-38.418
558677.008,428286.163,-7.544
560019.783,436440.087,9.533
560357.493,337662.298,-40.898
561366.590,365089.638,-61.400
561701.276,341369.537,-37.161
562541.014,366201.588,-61.394
564558.200,425876.569,-12.001
564725.543,368796.877,-60.644
565061.237,339144.526,-37.919
565397.939,440702.189,7.496
565733.633,401413.685,-21.230
568253.856,373244.674,-59.094
568422.207,444595.123,5.285
568589.549,341924.399,-38.998
568756.892,335437.287,-47.309
570605.728,387144.040,-48.745
571781.160,402897.026,-28.601
572790.257,394555.182,-17.381
572958.608,410309.279,-19.910
573462.653,420132.239,-14.688
574302.391,373244.674,-59.643
574470.742,345260.247,-42.553
580686.620,348781.791,-42.186
586734.148,351006.801,-42.305
591943.953,353414.171,-39.475
592784.699,383991.664,44.296
593119.385,377506.776,44.452
593959.123,373799.537,42.341
596480.354,390293.081,47.272
597488.444,354711.816,-37.540
603201.285,354897.512,-47.089
608241.731,354525.009,-46.182
612441.431,353598.755,-49.548
615802.401,352857.085,-47.019
616809.482,333955.059,-14.095
619666.407,350819.994,-47.114
620842.847,336363.541,-30.210
625883.293,349336.653,-44.050
632771.567,348040.120,-40.636
639155.796,348967.486,-29.283
644028.899,414202.214,2.763
645875.719,437738.844,11.108
645875.719,348040.120,-24.630
648227.591,433104.239,11.999
651251.859,429582.696,16.911
652260.956,356750.019,-18.138
652766.009,347854.425,-9.378
653941.441,350819.994,-10.924
654109.792,360641.841,-23.201
655957.619,348781.791,-4.784
656964.701,411421.229,48.013
659316.573,423282.391,49.162
661837.804,350449.714,5.117
641844.370,444779.707,5.187
