# vtk DataFile Version 3.0
d-3__ created by libgimli-v1.5.0-1-g5991b6ac
ASCII
DATASET UNSTRUCTURED_GRID
POINTS 14976 double
0	0	-25
2	0	-25
4	0	-25
6	0	-25
8	0	-25
10	0	-25
12	0	-25
14	0	-25
16	0	-25
18	0	-25
20	0	-25
22	0	-25
24	0	-25
26	0	-25
28	0	-25
30	0	-25
32	0	-25
34	0	-25
36	0	-25
38	0	-25
40	0	-25
42	0	-25
44	0	-25
46	0	-25
48	0	-25
50	0	-25
0	2	-25
2	2	-25
4	2	-25
6	2	-25
8	2	-25
10	2	-25
12	2	-25
14	2	-25
16	2	-25
18	2	-25
20	2	-25
22	2	-25
24	2	-25
26	2	-25
28	2	-25
30	2	-25
32	2	-25
34	2	-25
36	2	-25
38	2	-25
40	2	-25
42	2	-25
44	2	-25
46	2	-25
48	2	-25
50	2	-25
0	4	-25
2	4	-25
4	4	-25
6	4	-25
8	4	-25
10	4	-25
12	4	-25
14	4	-25
16	4	-25
18	4	-25
20	4	-25
22	4	-25
24	4	-25
26	4	-25
28	4	-25
30	4	-25
32	4	-25
34	4	-25
36	4	-25
38	4	-25
40	4	-25
42	4	-25
44	4	-25
46	4	-25
48	4	-25
50	4	-25
0	6	-25
2	6	-25
4	6	-25
6	6	-25
8	6	-25
10	6	-25
12	6	-25
14	6	-25
16	6	-25
18	6	-25
20	6	-25
22	6	-25
24	6	-25
26	6	-25
28	6	-25
30	6	-25
32	6	-25
34	6	-25
36	6	-25
38	6	-25
40	6	-25
42	6	-25
44	6	-25
46	6	-25
48	6	-25
50	6	-25
0	8	-25
2	8	-25
4	8	-25
6	8	-25
8	8	-25
10	8	-25
12	8	-25
14	8	-25
16	8	-25
18	8	-25
20	8	-25
22	8	-25
24	8	-25
26	8	-25
28	8	-25
30	8	-25
32	8	-25
34	8	-25
36	8	-25
38	8	-25
40	8	-25
42	8	-25
44	8	-25
46	8	-25
48	8	-25
50	8	-25
0	10	-25
2	10	-25
4	10	-25
6	10	-25
8	10	-25
10	10	-25
12	10	-25
14	10	-25
16	10	-25
18	10	-25
20	10	-25
22	10	-25
24	10	-25
26	10	-25
28	10	-25
30	10	-25
32	10	-25
34	10	-25
36	10	-25
38	10	-25
40	10	-25
42	10	-25
44	10	-25
46	10	-25
48	10	-25
50	10	-25
0	12	-25
2	12	-25
4	12	-25
6	12	-25
8	12	-25
10	12	-25
12	12	-25
14	12	-25
16	12	-25
18	12	-25
20	12	-25
22	12	-25
24	12	-25
26	12	-25
28	12	-25
30	12	-25
32	12	-25
34	12	-25
36	12	-25
38	12	-25
40	12	-25
42	12	-25
44	12	-25
46	12	-25
48	12	-25
50	12	-25
0	14	-25
2	14	-25
4	14	-25
6	14	-25
8	14	-25
10	14	-25
12	14	-25
14	14	-25
16	14	-25
18	14	-25
20	14	-25
22	14	-25
24	14	-25
26	14	-25
28	14	-25
30	14	-25
32	14	-25
34	14	-25
36	14	-25
38	14	-25
40	14	-25
42	14	-25
44	14	-25
46	14	-25
48	14	-25
50	14	-25
0	16	-25
2	16	-25
4	16	-25
6	16	-25
8	16	-25
10	16	-25
12	16	-25
14	16	-25
16	16	-25
18	16	-25
20	16	-25
22	16	-25
24	16	-25
26	16	-25
28	16	-25
30	16	-25
32	16	-25
34	16	-25
36	16	-25
38	16	-25
40	16	-25
42	16	-25
44	16	-25
46	16	-25
48	16	-25
50	16	-25
0	18	-25
2	18	-25
4	18	-25
6	18	-25
8	18	-25
10	18	-25
12	18	-25
14	18	-25
16	18	-25
18	18	-25
20	18	-25
22	18	-25
24	18	-25
26	18	-25
28	18	-25
30	18	-25
32	18	-25
34	18	-25
36	18	-25
38	18	-25
40	18	-25
42	18	-25
44	18	-25
46	18	-25
48	18	-25
50	18	-25
0	20	-25
2	20	-25
4	20	-25
6	20	-25
8	20	-25
10	20	-25
12	20	-25
14	20	-25
16	20	-25
18	20	-25
20	20	-25
22	20	-25
24	20	-25
26	20	-25
28	20	-25
30	20	-25
32	20	-25
34	20	-25
36	20	-25
38	20	-25
40	20	-25
42	20	-25
44	20	-25
46	20	-25
48	20	-25
50	20	-25
0	22	-25
2	22	-25
4	22	-25
6	22	-25
8	22	-25
10	22	-25
12	22	-25
14	22	-25
16	22	-25
18	22	-25
20	22	-25
22	22	-25
24	22	-25
26	22	-25
28	22	-25
30	22	-25
32	22	-25
34	22	-25
36	22	-25
38	22	-25
40	22	-25
42	22	-25
44	22	-25
46	22	-25
48	22	-25
50	22	-25
0	24	-25
2	24	-25
4	24	-25
6	24	-25
8	24	-25
10	24	-25
12	24	-25
14	24	-25
16	24	-25
18	24	-25
20	24	-25
22	24	-25
24	24	-25
26	24	-25
28	24	-25
30	24	-25
32	24	-25
34	24	-25
36	24	-25
38	24	-25
40	24	-25
42	24	-25
44	24	-25
46	24	-25
48	24	-25
50	24	-25
0	26	-25
2	26	-25
4	26	-25
6	26	-25
8	26	-25
10	26	-25
12	26	-25
14	26	-25
16	26	-25
18	26	-25
20	26	-25
22	26	-25
24	26	-25
26	26	-25
28	26	-25
30	26	-25
32	26	-25
34	26	-25
36	26	-25
38	26	-25
40	26	-25
42	26	-25
44	26	-25
46	26	-25
48	26	-25
50	26	-25
0	28	-25
2	28	-25
4	28	-25
6	28	-25
8	28	-25
10	28	-25
12	28	-25
14	28	-25
16	28	-25
18	28	-25
20	28	-25
22	28	-25
24	28	-25
26	28	-25
28	28	-25
30	28	-25
32	28	-25
34	28	-25
36	28	-25
38	28	-25
40	28	-25
42	28	-25
44	28	-25
46	28	-25
48	28	-25
50	28	-25
0	30	-25
2	30	-25
4	30	-25
6	30	-25
8	30	-25
10	30	-25
12	30	-25
14	30	-25
16	30	-25
18	30	-25
20	30	-25
22	30	-25
24	30	-25
26	30	-25
28	30	-25
30	30	-25
32	30	-25
34	30	-25
36	30	-25
38	30	-25
40	30	-25
42	30	-25
44	30	-25
46	30	-25
48	30	-25
50	30	-25
0	0	-24
2	0	-24
4	0	-24
6	0	-24
8	0	-24
10	0	-24
12	0	-24
14	0	-24
16	0	-24
18	0	-24
20	0	-24
22	0	-24
24	0	-24
26	0	-24
28	0	-24
30	0	-24
32	0	-24
34	0	-24
36	0	-24
38	0	-24
40	0	-24
42	0	-24
44	0	-24
46	0	-24
48	0	-24
50	0	-24
0	2	-24
2	2	-24
4	2	-24
6	2	-24
8	2	-24
10	2	-24
12	2	-24
14	2	-24
16	2	-24
18	2	-24
20	2	-24
22	2	-24
24	2	-24
26	2	-24
28	2	-24
30	2	-24
32	2	-24
34	2	-24
36	2	-24
38	2	-24
40	2	-24
42	2	-24
44	2	-24
46	2	-24
48	2	-24
50	2	-24
0	4	-24
2	4	-24
4	4	-24
6	4	-24
8	4	-24
10	4	-24
12	4	-24
14	4	-24
16	4	-24
18	4	-24
20	4	-24
22	4	-24
24	4	-24
26	4	-24
28	4	-24
30	4	-24
32	4	-24
34	4	-24
36	4	-24
38	4	-24
40	4	-24
42	4	-24
44	4	-24
46	4	-24
48	4	-24
50	4	-24
0	6	-24
2	6	-24
4	6	-24
6	6	-24
8	6	-24
10	6	-24
12	6	-24
14	6	-24
16	6	-24
18	6	-24
20	6	-24
22	6	-24
24	6	-24
26	6	-24
28	6	-24
30	6	-24
32	6	-24
34	6	-24
36	6	-24
38	6	-24
40	6	-24
42	6	-24
44	6	-24
46	6	-24
48	6	-24
50	6	-24
0	8	-24
2	8	-24
4	8	-24
6	8	-24
8	8	-24
10	8	-24
12	8	-24
14	8	-24
16	8	-24
18	8	-24
20	8	-24
22	8	-24
24	8	-24
26	8	-24
28	8	-24
30	8	-24
32	8	-24
34	8	-24
36	8	-24
38	8	-24
40	8	-24
42	8	-24
44	8	-24
46	8	-24
48	8	-24
50	8	-24
0	10	-24
2	10	-24
4	10	-24
6	10	-24
8	10	-24
10	10	-24
12	10	-24
14	10	-24
16	10	-24
18	10	-24
20	10	-24
22	10	-24
24	10	-24
26	10	-24
28	10	-24
30	10	-24
32	10	-24
34	10	-24
36	10	-24
38	10	-24
40	10	-24
42	10	-24
44	10	-24
46	10	-24
48	10	-24
50	10	-24
0	12	-24
2	12	-24
4	12	-24
6	12	-24
8	12	-24
10	12	-24
12	12	-24
14	12	-24
16	12	-24
18	12	-24
20	12	-24
22	12	-24
24	12	-24
26	12	-24
28	12	-24
30	12	-24
32	12	-24
34	12	-24
36	12	-24
38	12	-24
40	12	-24
42	12	-24
44	12	-24
46	12	-24
48	12	-24
50	12	-24
0	14	-24
2	14	-24
4	14	-24
6	14	-24
8	14	-24
10	14	-24
12	14	-24
14	14	-24
16	14	-24
18	14	-24
20	14	-24
22	14	-24
24	14	-24
26	14	-24
28	14	-24
30	14	-24
32	14	-24
34	14	-24
36	14	-24
38	14	-24
40	14	-24
42	14	-24
44	14	-24
46	14	-24
48	14	-24
50	14	-24
0	16	-24
2	16	-24
4	16	-24
6	16	-24
8	16	-24
10	16	-24
12	16	-24
14	16	-24
16	16	-24
18	16	-24
20	16	-24
22	16	-24
24	16	-24
26	16	-24
28	16	-24
30	16	-24
32	16	-24
34	16	-24
36	16	-24
38	16	-24
40	16	-24
42	16	-24
44	16	-24
46	16	-24
48	16	-24
50	16	-24
0	18	-24
2	18	-24
4	18	-24
6	18	-24
8	18	-24
10	18	-24
12	18	-24
14	18	-24
16	18	-24
18	18	-24
20	18	-24
22	18	-24
24	18	-24
26	18	-24
28	18	-24
30	18	-24
32	18	-24
34	18	-24
36	18	-24
38	18	-24
40	18	-24
42	18	-24
44	18	-24
46	18	-24
48	18	-24
50	18	-24
0	20	-24
2	20	-24
4	20	-24
6	20	-24
8	20	-24
10	20	-24
12	20	-24
14	20	-24
16	20	-24
18	20	-24
20	20	-24
22	20	-24
24	20	-24
26	20	-24
28	20	-24
30	20	-24
32	20	-24
34	20	-24
36	20	-24
38	20	-24
40	20	-24
42	20	-24
44	20	-24
46	20	-24
48	20	-24
50	20	-24
0	22	-24
2	22	-24
4	22	-24
6	22	-24
8	22	-24
10	22	-24
12	22	-24
14	22	-24
16	22	-24
18	22	-24
20	22	-24
22	22	-24
24	22	-24
26	22	-24
28	22	-24
30	22	-24
32	22	-24
34	22	-24
36	22	-24
38	22	-24
40	22	-24
42	22	-24
44	22	-24
46	22	-24
48	22	-24
50	22	-24
0	24	-24
2	24	-24
4	24	-24
6	24	-24
8	24	-24
10	24	-24
12	24	-24
14	24	-24
16	24	-24
18	24	-24
20	24	-24
22	24	-24
24	24	-24
26	24	-24
28	24	-24
30	24	-24
32	24	-24
34	24	-24
36	24	-24
38	24	-24
40	24	-24
42	24	-24
44	24	-24
46	24	-24
48	24	-24
50	24	-24
0	26	-24
2	26	-24
4	26	-24
6	26	-24
8	26	-24
10	26	-24
12	26	-24
14	26	-24
16	26	-24
18	26	-24
20	26	-24
22	26	-24
24	26	-24
26	26	-24
28	26	-24
30	26	-24
32	26	-24
34	26	-24
36	26	-24
38	26	-24
40	26	-24
42	26	-24
44	26	-24
46	26	-24
48	26	-24
50	26	-24
0	28	-24
2	28	-24
4	28	-24
6	28	-24
8	28	-24
10	28	-24
12	28	-24
14	28	-24
16	28	-24
18	28	-24
20	28	-24
22	28	-24
24	28	-24
26	28	-24
28	28	-24
30	28	-24
32	28	-24
34	28	-24
36	28	-24
38	28	-24
40	28	-24
42	28	-24
44	28	-24
46	28	-24
48	28	-24
50	28	-24
0	30	-24
2	30	-24
4	30	-24
6	30	-24
8	30	-24
10	30	-24
12	30	-24
14	30	-24
16	30	-24
18	30	-24
20	30	-24
22	30	-24
24	30	-24
26	30	-24
28	30	-24
30	30	-24
32	30	-24
34	30	-24
36	30	-24
38	30	-24
40	30	-24
42	30	-24
44	30	-24
46	30	-24
48	30	-24
50	30	-24
0	0	-23
2	0	-23
4	0	-23
6	0	-23
8	0	-23
10	0	-23
12	0	-23
14	0	-23
16	0	-23
18	0	-23
20	0	-23
22	0	-23
24	0	-23
26	0	-23
28	0	-23
30	0	-23
32	0	-23
34	0	-23
36	0	-23
38	0	-23
40	0	-23
42	0	-23
44	0	-23
46	0	-23
48	0	-23
50	0	-23
0	2	-23
2	2	-23
4	2	-23
6	2	-23
8	2	-23
10	2	-23
12	2	-23
14	2	-23
16	2	-23
18	2	-23
20	2	-23
22	2	-23
24	2	-23
26	2	-23
28	2	-23
30	2	-23
32	2	-23
34	2	-23
36	2	-23
38	2	-23
40	2	-23
42	2	-23
44	2	-23
46	2	-23
48	2	-23
50	2	-23
0	4	-23
2	4	-23
4	4	-23
6	4	-23
8	4	-23
10	4	-23
12	4	-23
14	4	-23
16	4	-23
18	4	-23
20	4	-23
22	4	-23
24	4	-23
26	4	-23
28	4	-23
30	4	-23
32	4	-23
34	4	-23
36	4	-23
38	4	-23
40	4	-23
42	4	-23
44	4	-23
46	4	-23
48	4	-23
50	4	-23
0	6	-23
2	6	-23
4	6	-23
6	6	-23
8	6	-23
10	6	-23
12	6	-23
14	6	-23
16	6	-23
18	6	-23
20	6	-23
22	6	-23
24	6	-23
26	6	-23
28	6	-23
30	6	-23
32	6	-23
34	6	-23
36	6	-23
38	6	-23
40	6	-23
42	6	-23
44	6	-23
46	6	-23
48	6	-23
50	6	-23
0	8	-23
2	8	-23
4	8	-23
6	8	-23
8	8	-23
10	8	-23
12	8	-23
14	8	-23
16	8	-23
18	8	-23
20	8	-23
22	8	-23
24	8	-23
26	8	-23
28	8	-23
30	8	-23
32	8	-23
34	8	-23
36	8	-23
38	8	-23
40	8	-23
42	8	-23
44	8	-23
46	8	-23
48	8	-23
50	8	-23
0	10	-23
2	10	-23
4	10	-23
6	10	-23
8	10	-23
10	10	-23
12	10	-23
14	10	-23
16	10	-23
18	10	-23
20	10	-23
22	10	-23
24	10	-23
26	10	-23
28	10	-23
30	10	-23
32	10	-23
34	10	-23
36	10	-23
38	10	-23
40	10	-23
42	10	-23
44	10	-23
46	10	-23
48	10	-23
50	10	-23
0	12	-23
2	12	-23
4	12	-23
6	12	-23
8	12	-23
10	12	-23
12	12	-23
14	12	-23
16	12	-23
18	12	-23
20	12	-23
22	12	-23
24	12	-23
26	12	-23
28	12	-23
30	12	-23
32	12	-23
34	12	-23
36	12	-23
38	12	-23
40	12	-23
42	12	-23
44	12	-23
46	12	-23
48	12	-23
50	12	-23
0	14	-23
2	14	-23
4	14	-23
6	14	-23
8	14	-23
10	14	-23
12	14	-23
14	14	-23
16	14	-23
18	14	-23
20	14	-23
22	14	-23
24	14	-23
26	14	-23
28	14	-23
30	14	-23
32	14	-23
34	14	-23
36	14	-23
38	14	-23
40	14	-23
42	14	-23
44	14	-23
46	14	-23
48	14	-23
50	14	-23
0	16	-23
2	16	-23
4	16	-23
6	16	-23
8	16	-23
10	16	-23
12	16	-23
14	16	-23
16	16	-23
18	16	-23
20	16	-23
22	16	-23
24	16	-23
26	16	-23
28	16	-23
30	16	-23
32	16	-23
34	16	-23
36	16	-23
38	16	-23
40	16	-23
42	16	-23
44	16	-23
46	16	-23
48	16	-23
50	16	-23
0	18	-23
2	18	-23
4	18	-23
6	18	-23
8	18	-23
10	18	-23
12	18	-23
14	18	-23
16	18	-23
18	18	-23
20	18	-23
22	18	-23
24	18	-23
26	18	-23
28	18	-23
30	18	-23
32	18	-23
34	18	-23
36	18	-23
38	18	-23
40	18	-23
42	18	-23
44	18	-23
46	18	-23
48	18	-23
50	18	-23
0	20	-23
2	20	-23
4	20	-23
6	20	-23
8	20	-23
10	20	-23
12	20	-23
14	20	-23
16	20	-23
18	20	-23
20	20	-23
22	20	-23
24	20	-23
26	20	-23
28	20	-23
30	20	-23
32	20	-23
34	20	-23
36	20	-23
38	20	-23
40	20	-23
42	20	-23
44	20	-23
46	20	-23
48	20	-23
50	20	-23
0	22	-23
2	22	-23
4	22	-23
6	22	-23
8	22	-23
10	22	-23
12	22	-23
14	22	-23
16	22	-23
18	22	-23
20	22	-23
22	22	-23
24	22	-23
26	22	-23
28	22	-23
30	22	-23
32	22	-23
34	22	-23
36	22	-23
38	22	-23
40	22	-23
42	22	-23
44	22	-23
46	22	-23
48	22	-23
50	22	-23
0	24	-23
2	24	-23
4	24	-23
6	24	-23
8	24	-23
10	24	-23
12	24	-23
14	24	-23
16	24	-23
18	24	-23
20	24	-23
22	24	-23
24	24	-23
26	24	-23
28	24	-23
30	24	-23
32	24	-23
34	24	-23
36	24	-23
38	24	-23
40	24	-23
42	24	-23
44	24	-23
46	24	-23
48	24	-23
50	24	-23
0	26	-23
2	26	-23
4	26	-23
6	26	-23
8	26	-23
10	26	-23
12	26	-23
14	26	-23
16	26	-23
18	26	-23
20	26	-23
22	26	-23
24	26	-23
26	26	-23
28	26	-23
30	26	-23
32	26	-23
34	26	-23
36	26	-23
38	26	-23
40	26	-23
42	26	-23
44	26	-23
46	26	-23
48	26	-23
50	26	-23
0	28	-23
2	28	-23
4	28	-23
6	28	-23
8	28	-23
10	28	-23
12	28	-23
14	28	-23
16	28	-23
18	28	-23
20	28	-23
22	28	-23
24	28	-23
26	28	-23
28	28	-23
30	28	-23
32	28	-23
34	28	-23
36	28	-23
38	28	-23
40	28	-23
42	28	-23
44	28	-23
46	28	-23
48	28	-23
50	28	-23
0	30	-23
2	30	-23
4	30	-23
6	30	-23
8	30	-23
10	30	-23
12	30	-23
14	30	-23
16	30	-23
18	30	-23
20	30	-23
22	30	-23
24	30	-23
26	30	-23
28	30	-23
30	30	-23
32	30	-23
34	30	-23
36	30	-23
38	30	-23
40	30	-23
42	30	-23
44	30	-23
46	30	-23
48	30	-23
50	30	-23
0	0	-22
2	0	-22
4	0	-22
6	0	-22
8	0	-22
10	0	-22
12	0	-22
14	0	-22
16	0	-22
18	0	-22
20	0	-22
22	0	-22
24	0	-22
26	0	-22
28	0	-22
30	0	-22
32	0	-22
34	0	-22
36	0	-22
38	0	-22
40	0	-22
42	0	-22
44	0	-22
46	0	-22
48	0	-22
50	0	-22
0	2	-22
2	2	-22
4	2	-22
6	2	-22
8	2	-22
10	2	-22
12	2	-22
14	2	-22
16	2	-22
18	2	-22
20	2	-22
22	2	-22
24	2	-22
26	2	-22
28	2	-22
30	2	-22
32	2	-22
34	2	-22
36	2	-22
38	2	-22
40	2	-22
42	2	-22
44	2	-22
46	2	-22
48	2	-22
50	2	-22
0	4	-22
2	4	-22
4	4	-22
6	4	-22
8	4	-22
10	4	-22
12	4	-22
14	4	-22
16	4	-22
18	4	-22
20	4	-22
22	4	-22
24	4	-22
26	4	-22
28	4	-22
30	4	-22
32	4	-22
34	4	-22
36	4	-22
38	4	-22
40	4	-22
42	4	-22
44	4	-22
46	4	-22
48	4	-22
50	4	-22
0	6	-22
2	6	-22
4	6	-22
6	6	-22
8	6	-22
10	6	-22
12	6	-22
14	6	-22
16	6	-22
18	6	-22
20	6	-22
22	6	-22
24	6	-22
26	6	-22
28	6	-22
30	6	-22
32	6	-22
34	6	-22
36	6	-22
38	6	-22
40	6	-22
42	6	-22
44	6	-22
46	6	-22
48	6	-22
50	6	-22
0	8	-22
2	8	-22
4	8	-22
6	8	-22
8	8	-22
10	8	-22
12	8	-22
14	8	-22
16	8	-22
18	8	-22
20	8	-22
22	8	-22
24	8	-22
26	8	-22
28	8	-22
30	8	-22
32	8	-22
34	8	-22
36	8	-22
38	8	-22
40	8	-22
42	8	-22
44	8	-22
46	8	-22
48	8	-22
50	8	-22
0	10	-22
2	10	-22
4	10	-22
6	10	-22
8	10	-22
10	10	-22
12	10	-22
14	10	-22
16	10	-22
18	10	-22
20	10	-22
22	10	-22
24	10	-22
26	10	-22
28	10	-22
30	10	-22
32	10	-22
34	10	-22
36	10	-22
38	10	-22
40	10	-22
42	10	-22
44	10	-22
46	10	-22
48	10	-22
50	10	-22
0	12	-22
2	12	-22
4	12	-22
6	12	-22
8	12	-22
10	12	-22
12	12	-22
14	12	-22
16	12	-22
18	12	-22
20	12	-22
22	12	-22
24	12	-22
26	12	-22
28	12	-22
30	12	-22
32	12	-22
34	12	-22
36	12	-22
38	12	-22
40	12	-22
42	12	-22
44	12	-22
46	12	-22
48	12	-22
50	12	-22
0	14	-22
2	14	-22
4	14	-22
6	14	-22
8	14	-22
10	14	-22
12	14	-22
14	14	-22
16	14	-22
18	14	-22
20	14	-22
22	14	-22
24	14	-22
26	14	-22
28	14	-22
30	14	-22
32	14	-22
34	14	-22
36	14	-22
38	14	-22
40	14	-22
42	14	-22
44	14	-22
46	14	-22
48	14	-22
50	14	-22
0	16	-22
2	16	-22
4	16	-22
6	16	-22
8	16	-22
10	16	-22
12	16	-22
14	16	-22
16	16	-22
18	16	-22
20	16	-22
22	16	-22
24	16	-22
26	16	-22
28	16	-22
30	16	-22
32	16	-22
34	16	-22
36	16	-22
38	16	-22
40	16	-22
42	16	-22
44	16	-22
46	16	-22
48	16	-22
50	16	-22
0	18	-22
2	18	-22
4	18	-22
6	18	-22
8	18	-22
10	18	-22
12	18	-22
14	18	-22
16	18	-22
18	18	-22
20	18	-22
22	18	-22
24	18	-22
26	18	-22
28	18	-22
30	18	-22
32	18	-22
34	18	-22
36	18	-22
38	18	-22
40	18	-22
42	18	-22
44	18	-22
46	18	-22
48	18	-22
50	18	-22
0	20	-22
2	20	-22
4	20	-22
6	20	-22
8	20	-22
10	20	-22
12	20	-22
14	20	-22
16	20	-22
18	20	-22
20	20	-22
22	20	-22
24	20	-22
26	20	-22
28	20	-22
30	20	-22
32	20	-22
34	20	-22
36	20	-22
38	20	-22
40	20	-22
42	20	-22
44	20	-22
46	20	-22
48	20	-22
50	20	-22
0	22	-22
2	22	-22
4	22	-22
6	22	-22
8	22	-22
10	22	-22
12	22	-22
14	22	-22
16	22	-22
18	22	-22
20	22	-22
22	22	-22
24	22	-22
26	22	-22
28	22	-22
30	22	-22
32	22	-22
34	22	-22
36	22	-22
38	22	-22
40	22	-22
42	22	-22
44	22	-22
46	22	-22
48	22	-22
50	22	-22
0	24	-22
2	24	-22
4	24	-22
6	24	-22
8	24	-22
10	24	-22
12	24	-22
14	24	-22
16	24	-22
18	24	-22
20	24	-22
22	24	-22
24	24	-22
26	24	-22
28	24	-22
30	24	-22
32	24	-22
34	24	-22
36	24	-22
38	24	-22
40	24	-22
42	24	-22
44	24	-22
46	24	-22
48	24	-22
50	24	-22
0	26	-22
2	26	-22
4	26	-22
6	26	-22
8	26	-22
10	26	-22
12	26	-22
14	26	-22
16	26	-22
18	26	-22
20	26	-22
22	26	-22
24	26	-22
26	26	-22
28	26	-22
30	26	-22
32	26	-22
34	26	-22
36	26	-22
38	26	-22
40	26	-22
42	26	-22
44	26	-22
46	26	-22
48	26	-22
50	26	-22
0	28	-22
2	28	-22
4	28	-22
6	28	-22
8	28	-22
10	28	-22
12	28	-22
14	28	-22
16	28	-22
18	28	-22
20	28	-22
22	28	-22
24	28	-22
26	28	-22
28	28	-22
30	28	-22
32	28	-22
34	28	-22
36	28	-22
38	28	-22
40	28	-22
42	28	-22
44	28	-22
46	28	-22
48	28	-22
50	28	-22
0	30	-22
2	30	-22
4	30	-22
6	30	-22
8	30	-22
10	30	-22
12	30	-22
14	30	-22
16	30	-22
18	30	-22
20	30	-22
22	30	-22
24	30	-22
26	30	-22
28	30	-22
30	30	-22
32	30	-22
34	30	-22
36	30	-22
38	30	-22
40	30	-22
42	30	-22
44	30	-22
46	30	-22
48	30	-22
50	30	-22
0	0	-21
2	0	-21
4	0	-21
6	0	-21
8	0	-21
10	0	-21
12	0	-21
14	0	-21
16	0	-21
18	0	-21
20	0	-21
22	0	-21
24	0	-21
26	0	-21
28	0	-21
30	0	-21
32	0	-21
34	0	-21
36	0	-21
38	0	-21
40	0	-21
42	0	-21
44	0	-21
46	0	-21
48	0	-21
50	0	-21
0	2	-21
2	2	-21
4	2	-21
6	2	-21
8	2	-21
10	2	-21
12	2	-21
14	2	-21
16	2	-21
18	2	-21
20	2	-21
22	2	-21
24	2	-21
26	2	-21
28	2	-21
30	2	-21
32	2	-21
34	2	-21
36	2	-21
38	2	-21
40	2	-21
42	2	-21
44	2	-21
46	2	-21
48	2	-21
50	2	-21
0	4	-21
2	4	-21
4	4	-21
6	4	-21
8	4	-21
10	4	-21
12	4	-21
14	4	-21
16	4	-21
18	4	-21
20	4	-21
22	4	-21
24	4	-21
26	4	-21
28	4	-21
30	4	-21
32	4	-21
34	4	-21
36	4	-21
38	4	-21
40	4	-21
42	4	-21
44	4	-21
46	4	-21
48	4	-21
50	4	-21
0	6	-21
2	6	-21
4	6	-21
6	6	-21
8	6	-21
10	6	-21
12	6	-21
14	6	-21
16	6	-21
18	6	-21
20	6	-21
22	6	-21
24	6	-21
26	6	-21
28	6	-21
30	6	-21
32	6	-21
34	6	-21
36	6	-21
38	6	-21
40	6	-21
42	6	-21
44	6	-21
46	6	-21
48	6	-21
50	6	-21
0	8	-21
2	8	-21
4	8	-21
6	8	-21
8	8	-21
10	8	-21
12	8	-21
14	8	-21
16	8	-21
18	8	-21
20	8	-21
22	8	-21
24	8	-21
26	8	-21
28	8	-21
30	8	-21
32	8	-21
34	8	-21
36	8	-21
38	8	-21
40	8	-21
42	8	-21
44	8	-21
46	8	-21
48	8	-21
50	8	-21
0	10	-21
2	10	-21
4	10	-21
6	10	-21
8	10	-21
10	10	-21
12	10	-21
14	10	-21
16	10	-21
18	10	-21
20	10	-21
22	10	-21
24	10	-21
26	10	-21
28	10	-21
30	10	-21
32	10	-21
34	10	-21
36	10	-21
38	10	-21
40	10	-21
42	10	-21
44	10	-21
46	10	-21
48	10	-21
50	10	-21
0	12	-21
2	12	-21
4	12	-21
6	12	-21
8	12	-21
10	12	-21
12	12	-21
14	12	-21
16	12	-21
18	12	-21
20	12	-21
22	12	-21
24	12	-21
26	12	-21
28	12	-21
30	12	-21
32	12	-21
34	12	-21
36	12	-21
38	12	-21
40	12	-21
42	12	-21
44	12	-21
46	12	-21
48	12	-21
50	12	-21
0	14	-21
2	14	-21
4	14	-21
6	14	-21
8	14	-21
10	14	-21
12	14	-21
14	14	-21
16	14	-21
18	14	-21
20	14	-21
22	14	-21
24	14	-21
26	14	-21
28	14	-21
30	14	-21
32	14	-21
34	14	-21
36	14	-21
38	14	-21
40	14	-21
42	14	-21
44	14	-21
46	14	-21
48	14	-21
50	14	-21
0	16	-21
2	16	-21
4	16	-21
6	16	-21
8	16	-21
10	16	-21
12	16	-21
14	16	-21
16	16	-21
18	16	-21
20	16	-21
22	16	-21
24	16	-21
26	16	-21
28	16	-21
30	16	-21
32	16	-21
34	16	-21
36	16	-21
38	16	-21
40	16	-21
42	16	-21
44	16	-21
46	16	-21
48	16	-21
50	16	-21
0	18	-21
2	18	-21
4	18	-21
6	18	-21
8	18	-21
10	18	-21
12	18	-21
14	18	-21
16	18	-21
18	18	-21
20	18	-21
22	18	-21
24	18	-21
26	18	-21
28	18	-21
30	18	-21
32	18	-21
34	18	-21
36	18	-21
38	18	-21
40	18	-21
42	18	-21
44	18	-21
46	18	-21
48	18	-21
50	18	-21
0	20	-21
2	20	-21
4	20	-21
6	20	-21
8	20	-21
10	20	-21
12	20	-21
14	20	-21
16	20	-21
18	20	-21
20	20	-21
22	20	-21
24	20	-21
26	20	-21
28	20	-21
30	20	-21
32	20	-21
34	20	-21
36	20	-21
38	20	-21
40	20	-21
42	20	-21
44	20	-21
46	20	-21
48	20	-21
50	20	-21
0	22	-21
2	22	-21
4	22	-21
6	22	-21
8	22	-21
10	22	-21
12	22	-21
14	22	-21
16	22	-21
18	22	-21
20	22	-21
22	22	-21
24	22	-21
26	22	-21
28	22	-21
30	22	-21
32	22	-21
34	22	-21
36	22	-21
38	22	-21
40	22	-21
42	22	-21
44	22	-21
46	22	-21
48	22	-21
50	22	-21
0	24	-21
2	24	-21
4	24	-21
6	24	-21
8	24	-21
10	24	-21
12	24	-21
14	24	-21
16	24	-21
18	24	-21
20	24	-21
22	24	-21
24	24	-21
26	24	-21
28	24	-21
30	24	-21
32	24	-21
34	24	-21
36	24	-21
38	24	-21
40	24	-21
42	24	-21
44	24	-21
46	24	-21
48	24	-21
50	24	-21
0	26	-21
2	26	-21
4	26	-21
6	26	-21
8	26	-21
10	26	-21
12	26	-21
14	26	-21
16	26	-21
18	26	-21
20	26	-21
22	26	-21
24	26	-21
26	26	-21
28	26	-21
30	26	-21
32	26	-21
34	26	-21
36	26	-21
38	26	-21
40	26	-21
42	26	-21
44	26	-21
46	26	-21
48	26	-21
50	26	-21
0	28	-21
2	28	-21
4	28	-21
6	28	-21
8	28	-21
10	28	-21
12	28	-21
14	28	-21
16	28	-21
18	28	-21
20	28	-21
22	28	-21
24	28	-21
26	28	-21
28	28	-21
30	28	-21
32	28	-21
34	28	-21
36	28	-21
38	28	-21
40	28	-21
42	28	-21
44	28	-21
46	28	-21
48	28	-21
50	28	-21
0	30	-21
2	30	-21
4	30	-21
6	30	-21
8	30	-21
10	30	-21
12	30	-21
14	30	-21
16	30	-21
18	30	-21
20	30	-21
22	30	-21
24	30	-21
26	30	-21
28	30	-21
30	30	-21
32	30	-21
34	30	-21
36	30	-21
38	30	-21
40	30	-21
42	30	-21
44	30	-21
46	30	-21
48	30	-21
50	30	-21
0	0	-20
2	0	-20
4	0	-20
6	0	-20
8	0	-20
10	0	-20
12	0	-20
14	0	-20
16	0	-20
18	0	-20
20	0	-20
22	0	-20
24	0	-20
26	0	-20
28	0	-20
30	0	-20
32	0	-20
34	0	-20
36	0	-20
38	0	-20
40	0	-20
42	0	-20
44	0	-20
46	0	-20
48	0	-20
50	0	-20
0	2	-20
2	2	-20
4	2	-20
6	2	-20
8	2	-20
10	2	-20
12	2	-20
14	2	-20
16	2	-20
18	2	-20
20	2	-20
22	2	-20
24	2	-20
26	2	-20
28	2	-20
30	2	-20
32	2	-20
34	2	-20
36	2	-20
38	2	-20
40	2	-20
42	2	-20
44	2	-20
46	2	-20
48	2	-20
50	2	-20
0	4	-20
2	4	-20
4	4	-20
6	4	-20
8	4	-20
10	4	-20
12	4	-20
14	4	-20
16	4	-20
18	4	-20
20	4	-20
22	4	-20
24	4	-20
26	4	-20
28	4	-20
30	4	-20
32	4	-20
34	4	-20
36	4	-20
38	4	-20
40	4	-20
42	4	-20
44	4	-20
46	4	-20
48	4	-20
50	4	-20
0	6	-20
2	6	-20
4	6	-20
6	6	-20
8	6	-20
10	6	-20
12	6	-20
14	6	-20
16	6	-20
18	6	-20
20	6	-20
22	6	-20
24	6	-20
26	6	-20
28	6	-20
30	6	-20
32	6	-20
34	6	-20
36	6	-20
38	6	-20
40	6	-20
42	6	-20
44	6	-20
46	6	-20
48	6	-20
50	6	-20
0	8	-20
2	8	-20
4	8	-20
6	8	-20
8	8	-20
10	8	-20
12	8	-20
14	8	-20
16	8	-20
18	8	-20
20	8	-20
22	8	-20
24	8	-20
26	8	-20
28	8	-20
30	8	-20
32	8	-20
34	8	-20
36	8	-20
38	8	-20
40	8	-20
42	8	-20
44	8	-20
46	8	-20
48	8	-20
50	8	-20
0	10	-20
2	10	-20
4	10	-20
6	10	-20
8	10	-20
10	10	-20
12	10	-20
14	10	-20
16	10	-20
18	10	-20
20	10	-20
22	10	-20
24	10	-20
26	10	-20
28	10	-20
30	10	-20
32	10	-20
34	10	-20
36	10	-20
38	10	-20
40	10	-20
42	10	-20
44	10	-20
46	10	-20
48	10	-20
50	10	-20
0	12	-20
2	12	-20
4	12	-20
6	12	-20
8	12	-20
10	12	-20
12	12	-20
14	12	-20
16	12	-20
18	12	-20
20	12	-20
22	12	-20
24	12	-20
26	12	-20
28	12	-20
30	12	-20
32	12	-20
34	12	-20
36	12	-20
38	12	-20
40	12	-20
42	12	-20
44	12	-20
46	12	-20
48	12	-20
50	12	-20
0	14	-20
2	14	-20
4	14	-20
6	14	-20
8	14	-20
10	14	-20
12	14	-20
14	14	-20
16	14	-20
18	14	-20
20	14	-20
22	14	-20
24	14	-20
26	14	-20
28	14	-20
30	14	-20
32	14	-20
34	14	-20
36	14	-20
38	14	-20
40	14	-20
42	14	-20
44	14	-20
46	14	-20
48	14	-20
50	14	-20
0	16	-20
2	16	-20
4	16	-20
6	16	-20
8	16	-20
10	16	-20
12	16	-20
14	16	-20
16	16	-20
18	16	-20
20	16	-20
22	16	-20
24	16	-20
26	16	-20
28	16	-20
30	16	-20
32	16	-20
34	16	-20
36	16	-20
38	16	-20
40	16	-20
42	16	-20
44	16	-20
46	16	-20
48	16	-20
50	16	-20
0	18	-20
2	18	-20
4	18	-20
6	18	-20
8	18	-20
10	18	-20
12	18	-20
14	18	-20
16	18	-20
18	18	-20
20	18	-20
22	18	-20
24	18	-20
26	18	-20
28	18	-20
30	18	-20
32	18	-20
34	18	-20
36	18	-20
38	18	-20
40	18	-20
42	18	-20
44	18	-20
46	18	-20
48	18	-20
50	18	-20
0	20	-20
2	20	-20
4	20	-20
6	20	-20
8	20	-20
10	20	-20
12	20	-20
14	20	-20
16	20	-20
18	20	-20
20	20	-20
22	20	-20
24	20	-20
26	20	-20
28	20	-20
30	20	-20
32	20	-20
34	20	-20
36	20	-20
38	20	-20
40	20	-20
42	20	-20
44	20	-20
46	20	-20
48	20	-20
50	20	-20
0	22	-20
2	22	-20
4	22	-20
6	22	-20
8	22	-20
10	22	-20
12	22	-20
14	22	-20
16	22	-20
18	22	-20
20	22	-20
22	22	-20
24	22	-20
26	22	-20
28	22	-20
30	22	-20
32	22	-20
34	22	-20
36	22	-20
38	22	-20
40	22	-20
42	22	-20
44	22	-20
46	22	-20
48	22	-20
50	22	-20
0	24	-20
2	24	-20
4	24	-20
6	24	-20
8	24	-20
10	24	-20
12	24	-20
14	24	-20
16	24	-20
18	24	-20
20	24	-20
22	24	-20
24	24	-20
26	24	-20
28	24	-20
30	24	-20
32	24	-20
34	24	-20
36	24	-20
38	24	-20
40	24	-20
42	24	-20
44	24	-20
46	24	-20
48	24	-20
50	24	-20
0	26	-20
2	26	-20
4	26	-20
6	26	-20
8	26	-20
10	26	-20
12	26	-20
14	26	-20
16	26	-20
18	26	-20
20	26	-20
22	26	-20
24	26	-20
26	26	-20
28	26	-20
30	26	-20
32	26	-20
34	26	-20
36	26	-20
38	26	-20
40	26	-20
42	26	-20
44	26	-20
46	26	-20
48	26	-20
50	26	-20
0	28	-20
2	28	-20
4	28	-20
6	28	-20
8	28	-20
10	28	-20
12	28	-20
14	28	-20
16	28	-20
18	28	-20
20	28	-20
22	28	-20
24	28	-20
26	28	-20
28	28	-20
30	28	-20
32	28	-20
34	28	-20
36	28	-20
38	28	-20
40	28	-20
42	28	-20
44	28	-20
46	28	-20
48	28	-20
50	28	-20
0	30	-20
2	30	-20
4	30	-20
6	30	-20
8	30	-20
10	30	-20
12	30	-20
14	30	-20
16	30	-20
18	30	-20
20	30	-20
22	30	-20
24	30	-20
26	30	-20
28	30	-20
30	30	-20
32	30	-20
34	30	-20
36	30	-20
38	30	-20
40	30	-20
42	30	-20
44	30	-20
46	30	-20
48	30	-20
50	30	-20
0	0	-19
2	0	-19
4	0	-19
6	0	-19
8	0	-19
10	0	-19
12	0	-19
14	0	-19
16	0	-19
18	0	-19
20	0	-19
22	0	-19
24	0	-19
26	0	-19
28	0	-19
30	0	-19
32	0	-19
34	0	-19
36	0	-19
38	0	-19
40	0	-19
42	0	-19
44	0	-19
46	0	-19
48	0	-19
50	0	-19
0	2	-19
2	2	-19
4	2	-19
6	2	-19
8	2	-19
10	2	-19
12	2	-19
14	2	-19
16	2	-19
18	2	-19
20	2	-19
22	2	-19
24	2	-19
26	2	-19
28	2	-19
30	2	-19
32	2	-19
34	2	-19
36	2	-19
38	2	-19
40	2	-19
42	2	-19
44	2	-19
46	2	-19
48	2	-19
50	2	-19
0	4	-19
2	4	-19
4	4	-19
6	4	-19
8	4	-19
10	4	-19
12	4	-19
14	4	-19
16	4	-19
18	4	-19
20	4	-19
22	4	-19
24	4	-19
26	4	-19
28	4	-19
30	4	-19
32	4	-19
34	4	-19
36	4	-19
38	4	-19
40	4	-19
42	4	-19
44	4	-19
46	4	-19
48	4	-19
50	4	-19
0	6	-19
2	6	-19
4	6	-19
6	6	-19
8	6	-19
10	6	-19
12	6	-19
14	6	-19
16	6	-19
18	6	-19
20	6	-19
22	6	-19
24	6	-19
26	6	-19
28	6	-19
30	6	-19
32	6	-19
34	6	-19
36	6	-19
38	6	-19
40	6	-19
42	6	-19
44	6	-19
46	6	-19
48	6	-19
50	6	-19
0	8	-19
2	8	-19
4	8	-19
6	8	-19
8	8	-19
10	8	-19
12	8	-19
14	8	-19
16	8	-19
18	8	-19
20	8	-19
22	8	-19
24	8	-19
26	8	-19
28	8	-19
30	8	-19
32	8	-19
34	8	-19
36	8	-19
38	8	-19
40	8	-19
42	8	-19
44	8	-19
46	8	-19
48	8	-19
50	8	-19
0	10	-19
2	10	-19
4	10	-19
6	10	-19
8	10	-19
10	10	-19
12	10	-19
14	10	-19
16	10	-19
18	10	-19
20	10	-19
22	10	-19
24	10	-19
26	10	-19
28	10	-19
30	10	-19
32	10	-19
34	10	-19
36	10	-19
38	10	-19
40	10	-19
42	10	-19
44	10	-19
46	10	-19
48	10	-19
50	10	-19
0	12	-19
2	12	-19
4	12	-19
6	12	-19
8	12	-19
10	12	-19
12	12	-19
14	12	-19
16	12	-19
18	12	-19
20	12	-19
22	12	-19
24	12	-19
26	12	-19
28	12	-19
30	12	-19
32	12	-19
34	12	-19
36	12	-19
38	12	-19
40	12	-19
42	12	-19
44	12	-19
46	12	-19
48	12	-19
50	12	-19
0	14	-19
2	14	-19
4	14	-19
6	14	-19
8	14	-19
10	14	-19
12	14	-19
14	14	-19
16	14	-19
18	14	-19
20	14	-19
22	14	-19
24	14	-19
26	14	-19
28	14	-19
30	14	-19
32	14	-19
34	14	-19
36	14	-19
38	14	-19
40	14	-19
42	14	-19
44	14	-19
46	14	-19
48	14	-19
50	14	-19
0	16	-19
2	16	-19
4	16	-19
6	16	-19
8	16	-19
10	16	-19
12	16	-19
14	16	-19
16	16	-19
18	16	-19
20	16	-19
22	16	-19
24	16	-19
26	16	-19
28	16	-19
30	16	-19
32	16	-19
34	16	-19
36	16	-19
38	16	-19
40	16	-19
42	16	-19
44	16	-19
46	16	-19
48	16	-19
50	16	-19
0	18	-19
2	18	-19
4	18	-19
6	18	-19
8	18	-19
10	18	-19
12	18	-19
14	18	-19
16	18	-19
18	18	-19
20	18	-19
22	18	-19
24	18	-19
26	18	-19
28	18	-19
30	18	-19
32	18	-19
34	18	-19
36	18	-19
38	18	-19
40	18	-19
42	18	-19
44	18	-19
46	18	-19
48	18	-19
50	18	-19
0	20	-19
2	20	-19
4	20	-19
6	20	-19
8	20	-19
10	20	-19
12	20	-19
14	20	-19
16	20	-19
18	20	-19
20	20	-19
22	20	-19
24	20	-19
26	20	-19
28	20	-19
30	20	-19
32	20	-19
34	20	-19
36	20	-19
38	20	-19
40	20	-19
42	20	-19
44	20	-19
46	20	-19
48	20	-19
50	20	-19
0	22	-19
2	22	-19
4	22	-19
6	22	-19
8	22	-19
10	22	-19
12	22	-19
14	22	-19
16	22	-19
18	22	-19
20	22	-19
22	22	-19
24	22	-19
26	22	-19
28	22	-19
30	22	-19
32	22	-19
34	22	-19
36	22	-19
38	22	-19
40	22	-19
42	22	-19
44	22	-19
46	22	-19
48	22	-19
50	22	-19
0	24	-19
2	24	-19
4	24	-19
6	24	-19
8	24	-19
10	24	-19
12	24	-19
14	24	-19
16	24	-19
18	24	-19
20	24	-19
22	24	-19
24	24	-19
26	24	-19
28	24	-19
30	24	-19
32	24	-19
34	24	-19
36	24	-19
38	24	-19
40	24	-19
42	24	-19
44	24	-19
46	24	-19
48	24	-19
50	24	-19
0	26	-19
2	26	-19
4	26	-19
6	26	-19
8	26	-19
10	26	-19
12	26	-19
14	26	-19
16	26	-19
18	26	-19
20	26	-19
22	26	-19
24	26	-19
26	26	-19
28	26	-19
30	26	-19
32	26	-19
34	26	-19
36	26	-19
38	26	-19
40	26	-19
42	26	-19
44	26	-19
46	26	-19
48	26	-19
50	26	-19
0	28	-19
2	28	-19
4	28	-19
6	28	-19
8	28	-19
10	28	-19
12	28	-19
14	28	-19
16	28	-19
18	28	-19
20	28	-19
22	28	-19
24	28	-19
26	28	-19
28	28	-19
30	28	-19
32	28	-19
34	28	-19
36	28	-19
38	28	-19
40	28	-19
42	28	-19
44	28	-19
46	28	-19
48	28	-19
50	28	-19
0	30	-19
2	30	-19
4	30	-19
6	30	-19
8	30	-19
10	30	-19
12	30	-19
14	30	-19
16	30	-19
18	30	-19
20	30	-19
22	30	-19
24	30	-19
26	30	-19
28	30	-19
30	30	-19
32	30	-19
34	30	-19
36	30	-19
38	30	-19
40	30	-19
42	30	-19
44	30	-19
46	30	-19
48	30	-19
50	30	-19
0	0	-18.181818
2	0	-18.181818
4	0	-18.181818
6	0	-18.181818
8	0	-18.181818
10	0	-18.181818
12	0	-18.181818
14	0	-18.181818
16	0	-18.181818
18	0	-18.181818
20	0	-18.181818
22	0	-18.181818
24	0	-18.181818
26	0	-18.181818
28	0	-18.181818
30	0	-18.181818
32	0	-18.181818
34	0	-18.181818
36	0	-18.181818
38	0	-18.181818
40	0	-18.181818
42	0	-18.181818
44	0	-18.181818
46	0	-18.181818
48	0	-18.181818
50	0	-18.181818
0	2	-18.181818
2	2	-18.181818
4	2	-18.181818
6	2	-18.181818
8	2	-18.181818
10	2	-18.181818
12	2	-18.181818
14	2	-18.181818
16	2	-18.181818
18	2	-18.181818
20	2	-18.181818
22	2	-18.181818
24	2	-18.181818
26	2	-18.181818
28	2	-18.181818
30	2	-18.181818
32	2	-18.181818
34	2	-18.181818
36	2	-18.181818
38	2	-18.181818
40	2	-18.181818
42	2	-18.181818
44	2	-18.181818
46	2	-18.181818
48	2	-18.181818
50	2	-18.181818
0	4	-18.181818
2	4	-18.181818
4	4	-18.181818
6	4	-18.181818
8	4	-18.181818
10	4	-18.181818
12	4	-18.181818
14	4	-18.181818
16	4	-18.181818
18	4	-18.181818
20	4	-18.181818
22	4	-18.181818
24	4	-18.181818
26	4	-18.181818
28	4	-18.181818
30	4	-18.181818
32	4	-18.181818
34	4	-18.181818
36	4	-18.181818
38	4	-18.181818
40	4	-18.181818
42	4	-18.181818
44	4	-18.181818
46	4	-18.181818
48	4	-18.181818
50	4	-18.181818
0	6	-18.181818
2	6	-18.181818
4	6	-18.181818
6	6	-18.181818
8	6	-18.181818
10	6	-18.181818
12	6	-18.181818
14	6	-18.181818
16	6	-18.181818
18	6	-18.181818
20	6	-18.181818
22	6	-18.181818
24	6	-18.181818
26	6	-18.181818
28	6	-18.181818
30	6	-18.181818
32	6	-18.181818
34	6	-18.181818
36	6	-18.181818
38	6	-18.181818
40	6	-18.181818
42	6	-18.181818
44	6	-18.181818
46	6	-18.181818
48	6	-18.181818
50	6	-18.181818
0	8	-18.181818
2	8	-18.181818
4	8	-18.181818
6	8	-18.181818
8	8	-18.181818
10	8	-18.181818
12	8	-18.181818
14	8	-18.181818
16	8	-18.181818
18	8	-18.181818
20	8	-18.181818
22	8	-18.181818
24	8	-18.181818
26	8	-18.181818
28	8	-18.181818
30	8	-18.181818
32	8	-18.181818
34	8	-18.181818
36	8	-18.181818
38	8	-18.181818
40	8	-18.181818
42	8	-18.181818
44	8	-18.181818
46	8	-18.181818
48	8	-18.181818
50	8	-18.181818
0	10	-18.181818
2	10	-18.181818
4	10	-18.181818
6	10	-18.181818
8	10	-18.181818
10	10	-18.181818
12	10	-18.181818
14	10	-18.181818
16	10	-18.181818
18	10	-18.181818
20	10	-18.181818
22	10	-18.181818
24	10	-18.181818
26	10	-18.181818
28	10	-18.181818
30	10	-18.181818
32	10	-18.181818
34	10	-18.181818
36	10	-18.181818
38	10	-18.181818
40	10	-18.181818
42	10	-18.181818
44	10	-18.181818
46	10	-18.181818
48	10	-18.181818
50	10	-18.181818
0	12	-18.181818
2	12	-18.181818
4	12	-18.181818
6	12	-18.181818
8	12	-18.181818
10	12	-18.181818
12	12	-18.181818
14	12	-18.181818
16	12	-18.181818
18	12	-18.181818
20	12	-18.181818
22	12	-18.181818
24	12	-18.181818
26	12	-18.181818
28	12	-18.181818
30	12	-18.181818
32	12	-18.181818
34	12	-18.181818
36	12	-18.181818
38	12	-18.181818
40	12	-18.181818
42	12	-18.181818
44	12	-18.181818
46	12	-18.181818
48	12	-18.181818
50	12	-18.181818
0	14	-18.181818
2	14	-18.181818
4	14	-18.181818
6	14	-18.181818
8	14	-18.181818
10	14	-18.181818
12	14	-18.181818
14	14	-18.181818
16	14	-18.181818
18	14	-18.181818
20	14	-18.181818
22	14	-18.181818
24	14	-18.181818
26	14	-18.181818
28	14	-18.181818
30	14	-18.181818
32	14	-18.181818
34	14	-18.181818
36	14	-18.181818
38	14	-18.181818
40	14	-18.181818
42	14	-18.181818
44	14	-18.181818
46	14	-18.181818
48	14	-18.181818
50	14	-18.181818
0	16	-18.181818
2	16	-18.181818
4	16	-18.181818
6	16	-18.181818
8	16	-18.181818
10	16	-18.181818
12	16	-18.181818
14	16	-18.181818
16	16	-18.181818
18	16	-18.181818
20	16	-18.181818
22	16	-18.181818
24	16	-18.181818
26	16	-18.181818
28	16	-18.181818
30	16	-18.181818
32	16	-18.181818
34	16	-18.181818
36	16	-18.181818
38	16	-18.181818
40	16	-18.181818
42	16	-18.181818
44	16	-18.181818
46	16	-18.181818
48	16	-18.181818
50	16	-18.181818
0	18	-18.181818
2	18	-18.181818
4	18	-18.181818
6	18	-18.181818
8	18	-18.181818
10	18	-18.181818
12	18	-18.181818
14	18	-18.181818
16	18	-18.181818
18	18	-18.181818
20	18	-18.181818
22	18	-18.181818
24	18	-18.181818
26	18	-18.181818
28	18	-18.181818
30	18	-18.181818
32	18	-18.181818
34	18	-18.181818
36	18	-18.181818
38	18	-18.181818
40	18	-18.181818
42	18	-18.181818
44	18	-18.181818
46	18	-18.181818
48	18	-18.181818
50	18	-18.181818
0	20	-18.181818
2	20	-18.181818
4	20	-18.181818
6	20	-18.181818
8	20	-18.181818
10	20	-18.181818
12	20	-18.181818
14	20	-18.181818
16	20	-18.181818
18	20	-18.181818
20	20	-18.181818
22	20	-18.181818
24	20	-18.181818
26	20	-18.181818
28	20	-18.181818
30	20	-18.181818
32	20	-18.181818
34	20	-18.181818
36	20	-18.181818
38	20	-18.181818
40	20	-18.181818
42	20	-18.181818
44	20	-18.181818
46	20	-18.181818
48	20	-18.181818
50	20	-18.181818
0	22	-18.181818
2	22	-18.181818
4	22	-18.181818
6	22	-18.181818
8	22	-18.181818
10	22	-18.181818
12	22	-18.181818
14	22	-18.181818
16	22	-18.181818
18	22	-18.181818
20	22	-18.181818
22	22	-18.181818
24	22	-18.181818
26	22	-18.181818
28	22	-18.181818
30	22	-18.181818
32	22	-18.181818
34	22	-18.181818
36	22	-18.181818
38	22	-18.181818
40	22	-18.181818
42	22	-18.181818
44	22	-18.181818
46	22	-18.181818
48	22	-18.181818
50	22	-18.181818
0	24	-18.181818
2	24	-18.181818
4	24	-18.181818
6	24	-18.181818
8	24	-18.181818
10	24	-18.181818
12	24	-18.181818
14	24	-18.181818
16	24	-18.181818
18	24	-18.181818
20	24	-18.181818
22	24	-18.181818
24	24	-18.181818
26	24	-18.181818
28	24	-18.181818
30	24	-18.181818
32	24	-18.181818
34	24	-18.181818
36	24	-18.181818
38	24	-18.181818
40	24	-18.181818
42	24	-18.181818
44	24	-18.181818
46	24	-18.181818
48	24	-18.181818
50	24	-18.181818
0	26	-18.181818
2	26	-18.181818
4	26	-18.181818
6	26	-18.181818
8	26	-18.181818
10	26	-18.181818
12	26	-18.181818
14	26	-18.181818
16	26	-18.181818
18	26	-18.181818
20	26	-18.181818
22	26	-18.181818
24	26	-18.181818
26	26	-18.181818
28	26	-18.181818
30	26	-18.181818
32	26	-18.181818
34	26	-18.181818
36	26	-18.181818
38	26	-18.181818
40	26	-18.181818
42	26	-18.181818
44	26	-18.181818
46	26	-18.181818
48	26	-18.181818
50	26	-18.181818
0	28	-18.181818
2	28	-18.181818
4	28	-18.181818
6	28	-18.181818
8	28	-18.181818
10	28	-18.181818
12	28	-18.181818
14	28	-18.181818
16	28	-18.181818
18	28	-18.181818
20	28	-18.181818
22	28	-18.181818
24	28	-18.181818
26	28	-18.181818
28	28	-18.181818
30	28	-18.181818
32	28	-18.181818
34	28	-18.181818
36	28	-18.181818
38	28	-18.181818
40	28	-18.181818
42	28	-18.181818
44	28	-18.181818
46	28	-18.181818
48	28	-18.181818
50	28	-18.181818
0	30	-18.181818
2	30	-18.181818
4	30	-18.181818
6	30	-18.181818
8	30	-18.181818
10	30	-18.181818
12	30	-18.181818
14	30	-18.181818
16	30	-18.181818
18	30	-18.181818
20	30	-18.181818
22	30	-18.181818
24	30	-18.181818
26	30	-18.181818
28	30	-18.181818
30	30	-18.181818
32	30	-18.181818
34	30	-18.181818
36	30	-18.181818
38	30	-18.181818
40	30	-18.181818
42	30	-18.181818
44	30	-18.181818
46	30	-18.181818
48	30	-18.181818
50	30	-18.181818
0	0	-18
2	0	-18
4	0	-18
6	0	-18
8	0	-18
10	0	-18
12	0	-18
14	0	-18
16	0	-18
18	0	-18
20	0	-18
22	0	-18
24	0	-18
26	0	-18
28	0	-18
30	0	-18
32	0	-18
34	0	-18
36	0	-18
38	0	-18
40	0	-18
42	0	-18
44	0	-18
46	0	-18
48	0	-18
50	0	-18
0	2	-18
2	2	-18
4	2	-18
6	2	-18
8	2	-18
10	2	-18
12	2	-18
14	2	-18
16	2	-18
18	2	-18
20	2	-18
22	2	-18
24	2	-18
26	2	-18
28	2	-18
30	2	-18
32	2	-18
34	2	-18
36	2	-18
38	2	-18
40	2	-18
42	2	-18
44	2	-18
46	2	-18
48	2	-18
50	2	-18
0	4	-18
2	4	-18
4	4	-18
6	4	-18
8	4	-18
10	4	-18
12	4	-18
14	4	-18
16	4	-18
18	4	-18
20	4	-18
22	4	-18
24	4	-18
26	4	-18
28	4	-18
30	4	-18
32	4	-18
34	4	-18
36	4	-18
38	4	-18
40	4	-18
42	4	-18
44	4	-18
46	4	-18
48	4	-18
50	4	-18
0	6	-18
2	6	-18
4	6	-18
6	6	-18
8	6	-18
10	6	-18
12	6	-18
14	6	-18
16	6	-18
18	6	-18
20	6	-18
22	6	-18
24	6	-18
26	6	-18
28	6	-18
30	6	-18
32	6	-18
34	6	-18
36	6	-18
38	6	-18
40	6	-18
42	6	-18
44	6	-18
46	6	-18
48	6	-18
50	6	-18
0	8	-18
2	8	-18
4	8	-18
6	8	-18
8	8	-18
10	8	-18
12	8	-18
14	8	-18
16	8	-18
18	8	-18
20	8	-18
22	8	-18
24	8	-18
26	8	-18
28	8	-18
30	8	-18
32	8	-18
34	8	-18
36	8	-18
38	8	-18
40	8	-18
42	8	-18
44	8	-18
46	8	-18
48	8	-18
50	8	-18
0	10	-18
2	10	-18
4	10	-18
6	10	-18
8	10	-18
10	10	-18
12	10	-18
14	10	-18
16	10	-18
18	10	-18
20	10	-18
22	10	-18
24	10	-18
26	10	-18
28	10	-18
30	10	-18
32	10	-18
34	10	-18
36	10	-18
38	10	-18
40	10	-18
42	10	-18
44	10	-18
46	10	-18
48	10	-18
50	10	-18
0	12	-18
2	12	-18
4	12	-18
6	12	-18
8	12	-18
10	12	-18
12	12	-18
14	12	-18
16	12	-18
18	12	-18
20	12	-18
22	12	-18
24	12	-18
26	12	-18
28	12	-18
30	12	-18
32	12	-18
34	12	-18
36	12	-18
38	12	-18
40	12	-18
42	12	-18
44	12	-18
46	12	-18
48	12	-18
50	12	-18
0	14	-18
2	14	-18
4	14	-18
6	14	-18
8	14	-18
10	14	-18
12	14	-18
14	14	-18
16	14	-18
18	14	-18
20	14	-18
22	14	-18
24	14	-18
26	14	-18
28	14	-18
30	14	-18
32	14	-18
34	14	-18
36	14	-18
38	14	-18
40	14	-18
42	14	-18
44	14	-18
46	14	-18
48	14	-18
50	14	-18
0	16	-18
2	16	-18
4	16	-18
6	16	-18
8	16	-18
10	16	-18
12	16	-18
14	16	-18
16	16	-18
18	16	-18
20	16	-18
22	16	-18
24	16	-18
26	16	-18
28	16	-18
30	16	-18
32	16	-18
34	16	-18
36	16	-18
38	16	-18
40	16	-18
42	16	-18
44	16	-18
46	16	-18
48	16	-18
50	16	-18
0	18	-18
2	18	-18
4	18	-18
6	18	-18
8	18	-18
10	18	-18
12	18	-18
14	18	-18
16	18	-18
18	18	-18
20	18	-18
22	18	-18
24	18	-18
26	18	-18
28	18	-18
30	18	-18
32	18	-18
34	18	-18
36	18	-18
38	18	-18
40	18	-18
42	18	-18
44	18	-18
46	18	-18
48	18	-18
50	18	-18
0	20	-18
2	20	-18
4	20	-18
6	20	-18
8	20	-18
10	20	-18
12	20	-18
14	20	-18
16	20	-18
18	20	-18
20	20	-18
22	20	-18
24	20	-18
26	20	-18
28	20	-18
30	20	-18
32	20	-18
34	20	-18
36	20	-18
38	20	-18
40	20	-18
42	20	-18
44	20	-18
46	20	-18
48	20	-18
50	20	-18
0	22	-18
2	22	-18
4	22	-18
6	22	-18
8	22	-18
10	22	-18
12	22	-18
14	22	-18
16	22	-18
18	22	-18
20	22	-18
22	22	-18
24	22	-18
26	22	-18
28	22	-18
30	22	-18
32	22	-18
34	22	-18
36	22	-18
38	22	-18
40	22	-18
42	22	-18
44	22	-18
46	22	-18
48	22	-18
50	22	-18
0	24	-18
2	24	-18
4	24	-18
6	24	-18
8	24	-18
10	24	-18
12	24	-18
14	24	-18
16	24	-18
18	24	-18
20	24	-18
22	24	-18
24	24	-18
26	24	-18
28	24	-18
30	24	-18
32	24	-18
34	24	-18
36	24	-18
38	24	-18
40	24	-18
42	24	-18
44	24	-18
46	24	-18
48	24	-18
50	24	-18
0	26	-18
2	26	-18
4	26	-18
6	26	-18
8	26	-18
10	26	-18
12	26	-18
14	26	-18
16	26	-18
18	26	-18
20	26	-18
22	26	-18
24	26	-18
26	26	-18
28	26	-18
30	26	-18
32	26	-18
34	26	-18
36	26	-18
38	26	-18
40	26	-18
42	26	-18
44	26	-18
46	26	-18
48	26	-18
50	26	-18
0	28	-18
2	28	-18
4	28	-18
6	28	-18
8	28	-18
10	28	-18
12	28	-18
14	28	-18
16	28	-18
18	28	-18
20	28	-18
22	28	-18
24	28	-18
26	28	-18
28	28	-18
30	28	-18
32	28	-18
34	28	-18
36	28	-18
38	28	-18
40	28	-18
42	28	-18
44	28	-18
46	28	-18
48	28	-18
50	28	-18
0	30	-18
2	30	-18
4	30	-18
6	30	-18
8	30	-18
10	30	-18
12	30	-18
14	30	-18
16	30	-18
18	30	-18
20	30	-18
22	30	-18
24	30	-18
26	30	-18
28	30	-18
30	30	-18
32	30	-18
34	30	-18
36	30	-18
38	30	-18
40	30	-18
42	30	-18
44	30	-18
46	30	-18
48	30	-18
50	30	-18
0	0	-17
2	0	-17
4	0	-17
6	0	-17
8	0	-17
10	0	-17
12	0	-17
14	0	-17
16	0	-17
18	0	-17
20	0	-17
22	0	-17
24	0	-17
26	0	-17
28	0	-17
30	0	-17
32	0	-17
34	0	-17
36	0	-17
38	0	-17
40	0	-17
42	0	-17
44	0	-17
46	0	-17
48	0	-17
50	0	-17
0	2	-17
2	2	-17
4	2	-17
6	2	-17
8	2	-17
10	2	-17
12	2	-17
14	2	-17
16	2	-17
18	2	-17
20	2	-17
22	2	-17
24	2	-17
26	2	-17
28	2	-17
30	2	-17
32	2	-17
34	2	-17
36	2	-17
38	2	-17
40	2	-17
42	2	-17
44	2	-17
46	2	-17
48	2	-17
50	2	-17
0	4	-17
2	4	-17
4	4	-17
6	4	-17
8	4	-17
10	4	-17
12	4	-17
14	4	-17
16	4	-17
18	4	-17
20	4	-17
22	4	-17
24	4	-17
26	4	-17
28	4	-17
30	4	-17
32	4	-17
34	4	-17
36	4	-17
38	4	-17
40	4	-17
42	4	-17
44	4	-17
46	4	-17
48	4	-17
50	4	-17
0	6	-17
2	6	-17
4	6	-17
6	6	-17
8	6	-17
10	6	-17
12	6	-17
14	6	-17
16	6	-17
18	6	-17
20	6	-17
22	6	-17
24	6	-17
26	6	-17
28	6	-17
30	6	-17
32	6	-17
34	6	-17
36	6	-17
38	6	-17
40	6	-17
42	6	-17
44	6	-17
46	6	-17
48	6	-17
50	6	-17
0	8	-17
2	8	-17
4	8	-17
6	8	-17
8	8	-17
10	8	-17
12	8	-17
14	8	-17
16	8	-17
18	8	-17
20	8	-17
22	8	-17
24	8	-17
26	8	-17
28	8	-17
30	8	-17
32	8	-17
34	8	-17
36	8	-17
38	8	-17
40	8	-17
42	8	-17
44	8	-17
46	8	-17
48	8	-17
50	8	-17
0	10	-17
2	10	-17
4	10	-17
6	10	-17
8	10	-17
10	10	-17
12	10	-17
14	10	-17
16	10	-17
18	10	-17
20	10	-17
22	10	-17
24	10	-17
26	10	-17
28	10	-17
30	10	-17
32	10	-17
34	10	-17
36	10	-17
38	10	-17
40	10	-17
42	10	-17
44	10	-17
46	10	-17
48	10	-17
50	10	-17
0	12	-17
2	12	-17
4	12	-17
6	12	-17
8	12	-17
10	12	-17
12	12	-17
14	12	-17
16	12	-17
18	12	-17
20	12	-17
22	12	-17
24	12	-17
26	12	-17
28	12	-17
30	12	-17
32	12	-17
34	12	-17
36	12	-17
38	12	-17
40	12	-17
42	12	-17
44	12	-17
46	12	-17
48	12	-17
50	12	-17
0	14	-17
2	14	-17
4	14	-17
6	14	-17
8	14	-17
10	14	-17
12	14	-17
14	14	-17
16	14	-17
18	14	-17
20	14	-17
22	14	-17
24	14	-17
26	14	-17
28	14	-17
30	14	-17
32	14	-17
34	14	-17
36	14	-17
38	14	-17
40	14	-17
42	14	-17
44	14	-17
46	14	-17
48	14	-17
50	14	-17
0	16	-17
2	16	-17
4	16	-17
6	16	-17
8	16	-17
10	16	-17
12	16	-17
14	16	-17
16	16	-17
18	16	-17
20	16	-17
22	16	-17
24	16	-17
26	16	-17
28	16	-17
30	16	-17
32	16	-17
34	16	-17
36	16	-17
38	16	-17
40	16	-17
42	16	-17
44	16	-17
46	16	-17
48	16	-17
50	16	-17
0	18	-17
2	18	-17
4	18	-17
6	18	-17
8	18	-17
10	18	-17
12	18	-17
14	18	-17
16	18	-17
18	18	-17
20	18	-17
22	18	-17
24	18	-17
26	18	-17
28	18	-17
30	18	-17
32	18	-17
34	18	-17
36	18	-17
38	18	-17
40	18	-17
42	18	-17
44	18	-17
46	18	-17
48	18	-17
50	18	-17
0	20	-17
2	20	-17
4	20	-17
6	20	-17
8	20	-17
10	20	-17
12	20	-17
14	20	-17
16	20	-17
18	20	-17
20	20	-17
22	20	-17
24	20	-17
26	20	-17
28	20	-17
30	20	-17
32	20	-17
34	20	-17
36	20	-17
38	20	-17
40	20	-17
42	20	-17
44	20	-17
46	20	-17
48	20	-17
50	20	-17
0	22	-17
2	22	-17
4	22	-17
6	22	-17
8	22	-17
10	22	-17
12	22	-17
14	22	-17
16	22	-17
18	22	-17
20	22	-17
22	22	-17
24	22	-17
26	22	-17
28	22	-17
30	22	-17
32	22	-17
34	22	-17
36	22	-17
38	22	-17
40	22	-17
42	22	-17
44	22	-17
46	22	-17
48	22	-17
50	22	-17
0	24	-17
2	24	-17
4	24	-17
6	24	-17
8	24	-17
10	24	-17
12	24	-17
14	24	-17
16	24	-17
18	24	-17
20	24	-17
22	24	-17
24	24	-17
26	24	-17
28	24	-17
30	24	-17
32	24	-17
34	24	-17
36	24	-17
38	24	-17
40	24	-17
42	24	-17
44	24	-17
46	24	-17
48	24	-17
50	24	-17
0	26	-17
2	26	-17
4	26	-17
6	26	-17
8	26	-17
10	26	-17
12	26	-17
14	26	-17
16	26	-17
18	26	-17
20	26	-17
22	26	-17
24	26	-17
26	26	-17
28	26	-17
30	26	-17
32	26	-17
34	26	-17
36	26	-17
38	26	-17
40	26	-17
42	26	-17
44	26	-17
46	26	-17
48	26	-17
50	26	-17
0	28	-17
2	28	-17
4	28	-17
6	28	-17
8	28	-17
10	28	-17
12	28	-17
14	28	-17
16	28	-17
18	28	-17
20	28	-17
22	28	-17
24	28	-17
26	28	-17
28	28	-17
30	28	-17
32	28	-17
34	28	-17
36	28	-17
38	28	-17
40	28	-17
42	28	-17
44	28	-17
46	28	-17
48	28	-17
50	28	-17
0	30	-17
2	30	-17
4	30	-17
6	30	-17
8	30	-17
10	30	-17
12	30	-17
14	30	-17
16	30	-17
18	30	-17
20	30	-17
22	30	-17
24	30	-17
26	30	-17
28	30	-17
30	30	-17
32	30	-17
34	30	-17
36	30	-17
38	30	-17
40	30	-17
42	30	-17
44	30	-17
46	30	-17
48	30	-17
50	30	-17
0	0	-16.363636
2	0	-16.363636
4	0	-16.363636
6	0	-16.363636
8	0	-16.363636
10	0	-16.363636
12	0	-16.363636
14	0	-16.363636
16	0	-16.363636
18	0	-16.363636
20	0	-16.363636
22	0	-16.363636
24	0	-16.363636
26	0	-16.363636
28	0	-16.363636
30	0	-16.363636
32	0	-16.363636
34	0	-16.363636
36	0	-16.363636
38	0	-16.363636
40	0	-16.363636
42	0	-16.363636
44	0	-16.363636
46	0	-16.363636
48	0	-16.363636
50	0	-16.363636
0	2	-16.363636
2	2	-16.363636
4	2	-16.363636
6	2	-16.363636
8	2	-16.363636
10	2	-16.363636
12	2	-16.363636
14	2	-16.363636
16	2	-16.363636
18	2	-16.363636
20	2	-16.363636
22	2	-16.363636
24	2	-16.363636
26	2	-16.363636
28	2	-16.363636
30	2	-16.363636
32	2	-16.363636
34	2	-16.363636
36	2	-16.363636
38	2	-16.363636
40	2	-16.363636
42	2	-16.363636
44	2	-16.363636
46	2	-16.363636
48	2	-16.363636
50	2	-16.363636
0	4	-16.363636
2	4	-16.363636
4	4	-16.363636
6	4	-16.363636
8	4	-16.363636
10	4	-16.363636
12	4	-16.363636
14	4	-16.363636
16	4	-16.363636
18	4	-16.363636
20	4	-16.363636
22	4	-16.363636
24	4	-16.363636
26	4	-16.363636
28	4	-16.363636
30	4	-16.363636
32	4	-16.363636
34	4	-16.363636
36	4	-16.363636
38	4	-16.363636
40	4	-16.363636
42	4	-16.363636
44	4	-16.363636
46	4	-16.363636
48	4	-16.363636
50	4	-16.363636
0	6	-16.363636
2	6	-16.363636
4	6	-16.363636
6	6	-16.363636
8	6	-16.363636
10	6	-16.363636
12	6	-16.363636
14	6	-16.363636
16	6	-16.363636
18	6	-16.363636
20	6	-16.363636
22	6	-16.363636
24	6	-16.363636
26	6	-16.363636
28	6	-16.363636
30	6	-16.363636
32	6	-16.363636
34	6	-16.363636
36	6	-16.363636
38	6	-16.363636
40	6	-16.363636
42	6	-16.363636
44	6	-16.363636
46	6	-16.363636
48	6	-16.363636
50	6	-16.363636
0	8	-16.363636
2	8	-16.363636
4	8	-16.363636
6	8	-16.363636
8	8	-16.363636
10	8	-16.363636
12	8	-16.363636
14	8	-16.363636
16	8	-16.363636
18	8	-16.363636
20	8	-16.363636
22	8	-16.363636
24	8	-16.363636
26	8	-16.363636
28	8	-16.363636
30	8	-16.363636
32	8	-16.363636
34	8	-16.363636
36	8	-16.363636
38	8	-16.363636
40	8	-16.363636
42	8	-16.363636
44	8	-16.363636
46	8	-16.363636
48	8	-16.363636
50	8	-16.363636
0	10	-16.363636
2	10	-16.363636
4	10	-16.363636
6	10	-16.363636
8	10	-16.363636
10	10	-16.363636
12	10	-16.363636
14	10	-16.363636
16	10	-16.363636
18	10	-16.363636
20	10	-16.363636
22	10	-16.363636
24	10	-16.363636
26	10	-16.363636
28	10	-16.363636
30	10	-16.363636
32	10	-16.363636
34	10	-16.363636
36	10	-16.363636
38	10	-16.363636
40	10	-16.363636
42	10	-16.363636
44	10	-16.363636
46	10	-16.363636
48	10	-16.363636
50	10	-16.363636
0	12	-16.363636
2	12	-16.363636
4	12	-16.363636
6	12	-16.363636
8	12	-16.363636
10	12	-16.363636
12	12	-16.363636
14	12	-16.363636
16	12	-16.363636
18	12	-16.363636
20	12	-16.363636
22	12	-16.363636
24	12	-16.363636
26	12	-16.363636
28	12	-16.363636
30	12	-16.363636
32	12	-16.363636
34	12	-16.363636
36	12	-16.363636
38	12	-16.363636
40	12	-16.363636
42	12	-16.363636
44	12	-16.363636
46	12	-16.363636
48	12	-16.363636
50	12	-16.363636
0	14	-16.363636
2	14	-16.363636
4	14	-16.363636
6	14	-16.363636
8	14	-16.363636
10	14	-16.363636
12	14	-16.363636
14	14	-16.363636
16	14	-16.363636
18	14	-16.363636
20	14	-16.363636
22	14	-16.363636
24	14	-16.363636
26	14	-16.363636
28	14	-16.363636
30	14	-16.363636
32	14	-16.363636
34	14	-16.363636
36	14	-16.363636
38	14	-16.363636
40	14	-16.363636
42	14	-16.363636
44	14	-16.363636
46	14	-16.363636
48	14	-16.363636
50	14	-16.363636
0	16	-16.363636
2	16	-16.363636
4	16	-16.363636
6	16	-16.363636
8	16	-16.363636
10	16	-16.363636
12	16	-16.363636
14	16	-16.363636
16	16	-16.363636
18	16	-16.363636
20	16	-16.363636
22	16	-16.363636
24	16	-16.363636
26	16	-16.363636
28	16	-16.363636
30	16	-16.363636
32	16	-16.363636
34	16	-16.363636
36	16	-16.363636
38	16	-16.363636
40	16	-16.363636
42	16	-16.363636
44	16	-16.363636
46	16	-16.363636
48	16	-16.363636
50	16	-16.363636
0	18	-16.363636
2	18	-16.363636
4	18	-16.363636
6	18	-16.363636
8	18	-16.363636
10	18	-16.363636
12	18	-16.363636
14	18	-16.363636
16	18	-16.363636
18	18	-16.363636
20	18	-16.363636
22	18	-16.363636
24	18	-16.363636
26	18	-16.363636
28	18	-16.363636
30	18	-16.363636
32	18	-16.363636
34	18	-16.363636
36	18	-16.363636
38	18	-16.363636
40	18	-16.363636
42	18	-16.363636
44	18	-16.363636
46	18	-16.363636
48	18	-16.363636
50	18	-16.363636
0	20	-16.363636
2	20	-16.363636
4	20	-16.363636
6	20	-16.363636
8	20	-16.363636
10	20	-16.363636
12	20	-16.363636
14	20	-16.363636
16	20	-16.363636
18	20	-16.363636
20	20	-16.363636
22	20	-16.363636
24	20	-16.363636
26	20	-16.363636
28	20	-16.363636
30	20	-16.363636
32	20	-16.363636
34	20	-16.363636
36	20	-16.363636
38	20	-16.363636
40	20	-16.363636
42	20	-16.363636
44	20	-16.363636
46	20	-16.363636
48	20	-16.363636
50	20	-16.363636
0	22	-16.363636
2	22	-16.363636
4	22	-16.363636
6	22	-16.363636
8	22	-16.363636
10	22	-16.363636
12	22	-16.363636
14	22	-16.363636
16	22	-16.363636
18	22	-16.363636
20	22	-16.363636
22	22	-16.363636
24	22	-16.363636
26	22	-16.363636
28	22	-16.363636
30	22	-16.363636
32	22	-16.363636
34	22	-16.363636
36	22	-16.363636
38	22	-16.363636
40	22	-16.363636
42	22	-16.363636
44	22	-16.363636
46	22	-16.363636
48	22	-16.363636
50	22	-16.363636
0	24	-16.363636
2	24	-16.363636
4	24	-16.363636
6	24	-16.363636
8	24	-16.363636
10	24	-16.363636
12	24	-16.363636
14	24	-16.363636
16	24	-16.363636
18	24	-16.363636
20	24	-16.363636
22	24	-16.363636
24	24	-16.363636
26	24	-16.363636
28	24	-16.363636
30	24	-16.363636
32	24	-16.363636
34	24	-16.363636
36	24	-16.363636
38	24	-16.363636
40	24	-16.363636
42	24	-16.363636
44	24	-16.363636
46	24	-16.363636
48	24	-16.363636
50	24	-16.363636
0	26	-16.363636
2	26	-16.363636
4	26	-16.363636
6	26	-16.363636
8	26	-16.363636
10	26	-16.363636
12	26	-16.363636
14	26	-16.363636
16	26	-16.363636
18	26	-16.363636
20	26	-16.363636
22	26	-16.363636
24	26	-16.363636
26	26	-16.363636
28	26	-16.363636
30	26	-16.363636
32	26	-16.363636
34	26	-16.363636
36	26	-16.363636
38	26	-16.363636
40	26	-16.363636
42	26	-16.363636
44	26	-16.363636
46	26	-16.363636
48	26	-16.363636
50	26	-16.363636
0	28	-16.363636
2	28	-16.363636
4	28	-16.363636
6	28	-16.363636
8	28	-16.363636
10	28	-16.363636
12	28	-16.363636
14	28	-16.363636
16	28	-16.363636
18	28	-16.363636
20	28	-16.363636
22	28	-16.363636
24	28	-16.363636
26	28	-16.363636
28	28	-16.363636
30	28	-16.363636
32	28	-16.363636
34	28	-16.363636
36	28	-16.363636
38	28	-16.363636
40	28	-16.363636
42	28	-16.363636
44	28	-16.363636
46	28	-16.363636
48	28	-16.363636
50	28	-16.363636
0	30	-16.363636
2	30	-16.363636
4	30	-16.363636
6	30	-16.363636
8	30	-16.363636
10	30	-16.363636
12	30	-16.363636
14	30	-16.363636
16	30	-16.363636
18	30	-16.363636
20	30	-16.363636
22	30	-16.363636
24	30	-16.363636
26	30	-16.363636
28	30	-16.363636
30	30	-16.363636
32	30	-16.363636
34	30	-16.363636
36	30	-16.363636
38	30	-16.363636
40	30	-16.363636
42	30	-16.363636
44	30	-16.363636
46	30	-16.363636
48	30	-16.363636
50	30	-16.363636
0	0	-16
2	0	-16
4	0	-16
6	0	-16
8	0	-16
10	0	-16
12	0	-16
14	0	-16
16	0	-16
18	0	-16
20	0	-16
22	0	-16
24	0	-16
26	0	-16
28	0	-16
30	0	-16
32	0	-16
34	0	-16
36	0	-16
38	0	-16
40	0	-16
42	0	-16
44	0	-16
46	0	-16
48	0	-16
50	0	-16
0	2	-16
2	2	-16
4	2	-16
6	2	-16
8	2	-16
10	2	-16
12	2	-16
14	2	-16
16	2	-16
18	2	-16
20	2	-16
22	2	-16
24	2	-16
26	2	-16
28	2	-16
30	2	-16
32	2	-16
34	2	-16
36	2	-16
38	2	-16
40	2	-16
42	2	-16
44	2	-16
46	2	-16
48	2	-16
50	2	-16
0	4	-16
2	4	-16
4	4	-16
6	4	-16
8	4	-16
10	4	-16
12	4	-16
14	4	-16
16	4	-16
18	4	-16
20	4	-16
22	4	-16
24	4	-16
26	4	-16
28	4	-16
30	4	-16
32	4	-16
34	4	-16
36	4	-16
38	4	-16
40	4	-16
42	4	-16
44	4	-16
46	4	-16
48	4	-16
50	4	-16
0	6	-16
2	6	-16
4	6	-16
6	6	-16
8	6	-16
10	6	-16
12	6	-16
14	6	-16
16	6	-16
18	6	-16
20	6	-16
22	6	-16
24	6	-16
26	6	-16
28	6	-16
30	6	-16
32	6	-16
34	6	-16
36	6	-16
38	6	-16
40	6	-16
42	6	-16
44	6	-16
46	6	-16
48	6	-16
50	6	-16
0	8	-16
2	8	-16
4	8	-16
6	8	-16
8	8	-16
10	8	-16
12	8	-16
14	8	-16
16	8	-16
18	8	-16
20	8	-16
22	8	-16
24	8	-16
26	8	-16
28	8	-16
30	8	-16
32	8	-16
34	8	-16
36	8	-16
38	8	-16
40	8	-16
42	8	-16
44	8	-16
46	8	-16
48	8	-16
50	8	-16
0	10	-16
2	10	-16
4	10	-16
6	10	-16
8	10	-16
10	10	-16
12	10	-16
14	10	-16
16	10	-16
18	10	-16
20	10	-16
22	10	-16
24	10	-16
26	10	-16
28	10	-16
30	10	-16
32	10	-16
34	10	-16
36	10	-16
38	10	-16
40	10	-16
42	10	-16
44	10	-16
46	10	-16
48	10	-16
50	10	-16
0	12	-16
2	12	-16
4	12	-16
6	12	-16
8	12	-16
10	12	-16
12	12	-16
14	12	-16
16	12	-16
18	12	-16
20	12	-16
22	12	-16
24	12	-16
26	12	-16
28	12	-16
30	12	-16
32	12	-16
34	12	-16
36	12	-16
38	12	-16
40	12	-16
42	12	-16
44	12	-16
46	12	-16
48	12	-16
50	12	-16
0	14	-16
2	14	-16
4	14	-16
6	14	-16
8	14	-16
10	14	-16
12	14	-16
14	14	-16
16	14	-16
18	14	-16
20	14	-16
22	14	-16
24	14	-16
26	14	-16
28	14	-16
30	14	-16
32	14	-16
34	14	-16
36	14	-16
38	14	-16
40	14	-16
42	14	-16
44	14	-16
46	14	-16
48	14	-16
50	14	-16
0	16	-16
2	16	-16
4	16	-16
6	16	-16
8	16	-16
10	16	-16
12	16	-16
14	16	-16
16	16	-16
18	16	-16
20	16	-16
22	16	-16
24	16	-16
26	16	-16
28	16	-16
30	16	-16
32	16	-16
34	16	-16
36	16	-16
38	16	-16
40	16	-16
42	16	-16
44	16	-16
46	16	-16
48	16	-16
50	16	-16
0	18	-16
2	18	-16
4	18	-16
6	18	-16
8	18	-16
10	18	-16
12	18	-16
14	18	-16
16	18	-16
18	18	-16
20	18	-16
22	18	-16
24	18	-16
26	18	-16
28	18	-16
30	18	-16
32	18	-16
34	18	-16
36	18	-16
38	18	-16
40	18	-16
42	18	-16
44	18	-16
46	18	-16
48	18	-16
50	18	-16
0	20	-16
2	20	-16
4	20	-16
6	20	-16
8	20	-16
10	20	-16
12	20	-16
14	20	-16
16	20	-16
18	20	-16
20	20	-16
22	20	-16
24	20	-16
26	20	-16
28	20	-16
30	20	-16
32	20	-16
34	20	-16
36	20	-16
38	20	-16
40	20	-16
42	20	-16
44	20	-16
46	20	-16
48	20	-16
50	20	-16
0	22	-16
2	22	-16
4	22	-16
6	22	-16
8	22	-16
10	22	-16
12	22	-16
14	22	-16
16	22	-16
18	22	-16
20	22	-16
22	22	-16
24	22	-16
26	22	-16
28	22	-16
30	22	-16
32	22	-16
34	22	-16
36	22	-16
38	22	-16
40	22	-16
42	22	-16
44	22	-16
46	22	-16
48	22	-16
50	22	-16
0	24	-16
2	24	-16
4	24	-16
6	24	-16
8	24	-16
10	24	-16
12	24	-16
14	24	-16
16	24	-16
18	24	-16
20	24	-16
22	24	-16
24	24	-16
26	24	-16
28	24	-16
30	24	-16
32	24	-16
34	24	-16
36	24	-16
38	24	-16
40	24	-16
42	24	-16
44	24	-16
46	24	-16
48	24	-16
50	24	-16
0	26	-16
2	26	-16
4	26	-16
6	26	-16
8	26	-16
10	26	-16
12	26	-16
14	26	-16
16	26	-16
18	26	-16
20	26	-16
22	26	-16
24	26	-16
26	26	-16
28	26	-16
30	26	-16
32	26	-16
34	26	-16
36	26	-16
38	26	-16
40	26	-16
42	26	-16
44	26	-16
46	26	-16
48	26	-16
50	26	-16
0	28	-16
2	28	-16
4	28	-16
6	28	-16
8	28	-16
10	28	-16
12	28	-16
14	28	-16
16	28	-16
18	28	-16
20	28	-16
22	28	-16
24	28	-16
26	28	-16
28	28	-16
30	28	-16
32	28	-16
34	28	-16
36	28	-16
38	28	-16
40	28	-16
42	28	-16
44	28	-16
46	28	-16
48	28	-16
50	28	-16
0	30	-16
2	30	-16
4	30	-16
6	30	-16
8	30	-16
10	30	-16
12	30	-16
14	30	-16
16	30	-16
18	30	-16
20	30	-16
22	30	-16
24	30	-16
26	30	-16
28	30	-16
30	30	-16
32	30	-16
34	30	-16
36	30	-16
38	30	-16
40	30	-16
42	30	-16
44	30	-16
46	30	-16
48	30	-16
50	30	-16
0	0	-15
2	0	-15
4	0	-15
6	0	-15
8	0	-15
10	0	-15
12	0	-15
14	0	-15
16	0	-15
18	0	-15
20	0	-15
22	0	-15
24	0	-15
26	0	-15
28	0	-15
30	0	-15
32	0	-15
34	0	-15
36	0	-15
38	0	-15
40	0	-15
42	0	-15
44	0	-15
46	0	-15
48	0	-15
50	0	-15
0	2	-15
2	2	-15
4	2	-15
6	2	-15
8	2	-15
10	2	-15
12	2	-15
14	2	-15
16	2	-15
18	2	-15
20	2	-15
22	2	-15
24	2	-15
26	2	-15
28	2	-15
30	2	-15
32	2	-15
34	2	-15
36	2	-15
38	2	-15
40	2	-15
42	2	-15
44	2	-15
46	2	-15
48	2	-15
50	2	-15
0	4	-15
2	4	-15
4	4	-15
6	4	-15
8	4	-15
10	4	-15
12	4	-15
14	4	-15
16	4	-15
18	4	-15
20	4	-15
22	4	-15
24	4	-15
26	4	-15
28	4	-15
30	4	-15
32	4	-15
34	4	-15
36	4	-15
38	4	-15
40	4	-15
42	4	-15
44	4	-15
46	4	-15
48	4	-15
50	4	-15
0	6	-15
2	6	-15
4	6	-15
6	6	-15
8	6	-15
10	6	-15
12	6	-15
14	6	-15
16	6	-15
18	6	-15
20	6	-15
22	6	-15
24	6	-15
26	6	-15
28	6	-15
30	6	-15
32	6	-15
34	6	-15
36	6	-15
38	6	-15
40	6	-15
42	6	-15
44	6	-15
46	6	-15
48	6	-15
50	6	-15
0	8	-15
2	8	-15
4	8	-15
6	8	-15
8	8	-15
10	8	-15
12	8	-15
14	8	-15
16	8	-15
18	8	-15
20	8	-15
22	8	-15
24	8	-15
26	8	-15
28	8	-15
30	8	-15
32	8	-15
34	8	-15
36	8	-15
38	8	-15
40	8	-15
42	8	-15
44	8	-15
46	8	-15
48	8	-15
50	8	-15
0	10	-15
2	10	-15
4	10	-15
6	10	-15
8	10	-15
10	10	-15
12	10	-15
14	10	-15
16	10	-15
18	10	-15
20	10	-15
22	10	-15
24	10	-15
26	10	-15
28	10	-15
30	10	-15
32	10	-15
34	10	-15
36	10	-15
38	10	-15
40	10	-15
42	10	-15
44	10	-15
46	10	-15
48	10	-15
50	10	-15
0	12	-15
2	12	-15
4	12	-15
6	12	-15
8	12	-15
10	12	-15
12	12	-15
14	12	-15
16	12	-15
18	12	-15
20	12	-15
22	12	-15
24	12	-15
26	12	-15
28	12	-15
30	12	-15
32	12	-15
34	12	-15
36	12	-15
38	12	-15
40	12	-15
42	12	-15
44	12	-15
46	12	-15
48	12	-15
50	12	-15
0	14	-15
2	14	-15
4	14	-15
6	14	-15
8	14	-15
10	14	-15
12	14	-15
14	14	-15
16	14	-15
18	14	-15
20	14	-15
22	14	-15
24	14	-15
26	14	-15
28	14	-15
30	14	-15
32	14	-15
34	14	-15
36	14	-15
38	14	-15
40	14	-15
42	14	-15
44	14	-15
46	14	-15
48	14	-15
50	14	-15
0	16	-15
2	16	-15
4	16	-15
6	16	-15
8	16	-15
10	16	-15
12	16	-15
14	16	-15
16	16	-15
18	16	-15
20	16	-15
22	16	-15
24	16	-15
26	16	-15
28	16	-15
30	16	-15
32	16	-15
34	16	-15
36	16	-15
38	16	-15
40	16	-15
42	16	-15
44	16	-15
46	16	-15
48	16	-15
50	16	-15
0	18	-15
2	18	-15
4	18	-15
6	18	-15
8	18	-15
10	18	-15
12	18	-15
14	18	-15
16	18	-15
18	18	-15
20	18	-15
22	18	-15
24	18	-15
26	18	-15
28	18	-15
30	18	-15
32	18	-15
34	18	-15
36	18	-15
38	18	-15
40	18	-15
42	18	-15
44	18	-15
46	18	-15
48	18	-15
50	18	-15
0	20	-15
2	20	-15
4	20	-15
6	20	-15
8	20	-15
10	20	-15
12	20	-15
14	20	-15
16	20	-15
18	20	-15
20	20	-15
22	20	-15
24	20	-15
26	20	-15
28	20	-15
30	20	-15
32	20	-15
34	20	-15
36	20	-15
38	20	-15
40	20	-15
42	20	-15
44	20	-15
46	20	-15
48	20	-15
50	20	-15
0	22	-15
2	22	-15
4	22	-15
6	22	-15
8	22	-15
10	22	-15
12	22	-15
14	22	-15
16	22	-15
18	22	-15
20	22	-15
22	22	-15
24	22	-15
26	22	-15
28	22	-15
30	22	-15
32	22	-15
34	22	-15
36	22	-15
38	22	-15
40	22	-15
42	22	-15
44	22	-15
46	22	-15
48	22	-15
50	22	-15
0	24	-15
2	24	-15
4	24	-15
6	24	-15
8	24	-15
10	24	-15
12	24	-15
14	24	-15
16	24	-15
18	24	-15
20	24	-15
22	24	-15
24	24	-15
26	24	-15
28	24	-15
30	24	-15
32	24	-15
34	24	-15
36	24	-15
38	24	-15
40	24	-15
42	24	-15
44	24	-15
46	24	-15
48	24	-15
50	24	-15
0	26	-15
2	26	-15
4	26	-15
6	26	-15
8	26	-15
10	26	-15
12	26	-15
14	26	-15
16	26	-15
18	26	-15
20	26	-15
22	26	-15
24	26	-15
26	26	-15
28	26	-15
30	26	-15
32	26	-15
34	26	-15
36	26	-15
38	26	-15
40	26	-15
42	26	-15
44	26	-15
46	26	-15
48	26	-15
50	26	-15
0	28	-15
2	28	-15
4	28	-15
6	28	-15
8	28	-15
10	28	-15
12	28	-15
14	28	-15
16	28	-15
18	28	-15
20	28	-15
22	28	-15
24	28	-15
26	28	-15
28	28	-15
30	28	-15
32	28	-15
34	28	-15
36	28	-15
38	28	-15
40	28	-15
42	28	-15
44	28	-15
46	28	-15
48	28	-15
50	28	-15
0	30	-15
2	30	-15
4	30	-15
6	30	-15
8	30	-15
10	30	-15
12	30	-15
14	30	-15
16	30	-15
18	30	-15
20	30	-15
22	30	-15
24	30	-15
26	30	-15
28	30	-15
30	30	-15
32	30	-15
34	30	-15
36	30	-15
38	30	-15
40	30	-15
42	30	-15
44	30	-15
46	30	-15
48	30	-15
50	30	-15
0	0	-14.545455
2	0	-14.545455
4	0	-14.545455
6	0	-14.545455
8	0	-14.545455
10	0	-14.545455
12	0	-14.545455
14	0	-14.545455
16	0	-14.545455
18	0	-14.545455
20	0	-14.545455
22	0	-14.545455
24	0	-14.545455
26	0	-14.545455
28	0	-14.545455
30	0	-14.545455
32	0	-14.545455
34	0	-14.545455
36	0	-14.545455
38	0	-14.545455
40	0	-14.545455
42	0	-14.545455
44	0	-14.545455
46	0	-14.545455
48	0	-14.545455
50	0	-14.545455
0	2	-14.545455
2	2	-14.545455
4	2	-14.545455
6	2	-14.545455
8	2	-14.545455
10	2	-14.545455
12	2	-14.545455
14	2	-14.545455
16	2	-14.545455
18	2	-14.545455
20	2	-14.545455
22	2	-14.545455
24	2	-14.545455
26	2	-14.545455
28	2	-14.545455
30	2	-14.545455
32	2	-14.545455
34	2	-14.545455
36	2	-14.545455
38	2	-14.545455
40	2	-14.545455
42	2	-14.545455
44	2	-14.545455
46	2	-14.545455
48	2	-14.545455
50	2	-14.545455
0	4	-14.545455
2	4	-14.545455
4	4	-14.545455
6	4	-14.545455
8	4	-14.545455
10	4	-14.545455
12	4	-14.545455
14	4	-14.545455
16	4	-14.545455
18	4	-14.545455
20	4	-14.545455
22	4	-14.545455
24	4	-14.545455
26	4	-14.545455
28	4	-14.545455
30	4	-14.545455
32	4	-14.545455
34	4	-14.545455
36	4	-14.545455
38	4	-14.545455
40	4	-14.545455
42	4	-14.545455
44	4	-14.545455
46	4	-14.545455
48	4	-14.545455
50	4	-14.545455
0	6	-14.545455
2	6	-14.545455
4	6	-14.545455
6	6	-14.545455
8	6	-14.545455
10	6	-14.545455
12	6	-14.545455
14	6	-14.545455
16	6	-14.545455
18	6	-14.545455
20	6	-14.545455
22	6	-14.545455
24	6	-14.545455
26	6	-14.545455
28	6	-14.545455
30	6	-14.545455
32	6	-14.545455
34	6	-14.545455
36	6	-14.545455
38	6	-14.545455
40	6	-14.545455
42	6	-14.545455
44	6	-14.545455
46	6	-14.545455
48	6	-14.545455
50	6	-14.545455
0	8	-14.545455
2	8	-14.545455
4	8	-14.545455
6	8	-14.545455
8	8	-14.545455
10	8	-14.545455
12	8	-14.545455
14	8	-14.545455
16	8	-14.545455
18	8	-14.545455
20	8	-14.545455
22	8	-14.545455
24	8	-14.545455
26	8	-14.545455
28	8	-14.545455
30	8	-14.545455
32	8	-14.545455
34	8	-14.545455
36	8	-14.545455
38	8	-14.545455
40	8	-14.545455
42	8	-14.545455
44	8	-14.545455
46	8	-14.545455
48	8	-14.545455
50	8	-14.545455
0	10	-14.545455
2	10	-14.545455
4	10	-14.545455
6	10	-14.545455
8	10	-14.545455
10	10	-14.545455
12	10	-14.545455
14	10	-14.545455
16	10	-14.545455
18	10	-14.545455
20	10	-14.545455
22	10	-14.545455
24	10	-14.545455
26	10	-14.545455
28	10	-14.545455
30	10	-14.545455
32	10	-14.545455
34	10	-14.545455
36	10	-14.545455
38	10	-14.545455
40	10	-14.545455
42	10	-14.545455
44	10	-14.545455
46	10	-14.545455
48	10	-14.545455
50	10	-14.545455
0	12	-14.545455
2	12	-14.545455
4	12	-14.545455
6	12	-14.545455
8	12	-14.545455
10	12	-14.545455
12	12	-14.545455
14	12	-14.545455
16	12	-14.545455
18	12	-14.545455
20	12	-14.545455
22	12	-14.545455
24	12	-14.545455
26	12	-14.545455
28	12	-14.545455
30	12	-14.545455
32	12	-14.545455
34	12	-14.545455
36	12	-14.545455
38	12	-14.545455
40	12	-14.545455
42	12	-14.545455
44	12	-14.545455
46	12	-14.545455
48	12	-14.545455
50	12	-14.545455
0	14	-14.545455
2	14	-14.545455
4	14	-14.545455
6	14	-14.545455
8	14	-14.545455
10	14	-14.545455
12	14	-14.545455
14	14	-14.545455
16	14	-14.545455
18	14	-14.545455
20	14	-14.545455
22	14	-14.545455
24	14	-14.545455
26	14	-14.545455
28	14	-14.545455
30	14	-14.545455
32	14	-14.545455
34	14	-14.545455
36	14	-14.545455
38	14	-14.545455
40	14	-14.545455
42	14	-14.545455
44	14	-14.545455
46	14	-14.545455
48	14	-14.545455
50	14	-14.545455
0	16	-14.545455
2	16	-14.545455
4	16	-14.545455
6	16	-14.545455
8	16	-14.545455
10	16	-14.545455
12	16	-14.545455
14	16	-14.545455
16	16	-14.545455
18	16	-14.545455
20	16	-14.545455
22	16	-14.545455
24	16	-14.545455
26	16	-14.545455
28	16	-14.545455
30	16	-14.545455
32	16	-14.545455
34	16	-14.545455
36	16	-14.545455
38	16	-14.545455
40	16	-14.545455
42	16	-14.545455
44	16	-14.545455
46	16	-14.545455
48	16	-14.545455
50	16	-14.545455
0	18	-14.545455
2	18	-14.545455
4	18	-14.545455
6	18	-14.545455
8	18	-14.545455
10	18	-14.545455
12	18	-14.545455
14	18	-14.545455
16	18	-14.545455
18	18	-14.545455
20	18	-14.545455
22	18	-14.545455
24	18	-14.545455
26	18	-14.545455
28	18	-14.545455
30	18	-14.545455
32	18	-14.545455
34	18	-14.545455
36	18	-14.545455
38	18	-14.545455
40	18	-14.545455
42	18	-14.545455
44	18	-14.545455
46	18	-14.545455
48	18	-14.545455
50	18	-14.545455
0	20	-14.545455
2	20	-14.545455
4	20	-14.545455
6	20	-14.545455
8	20	-14.545455
10	20	-14.545455
12	20	-14.545455
14	20	-14.545455
16	20	-14.545455
18	20	-14.545455
20	20	-14.545455
22	20	-14.545455
24	20	-14.545455
26	20	-14.545455
28	20	-14.545455
30	20	-14.545455
32	20	-14.545455
34	20	-14.545455
36	20	-14.545455
38	20	-14.545455
40	20	-14.545455
42	20	-14.545455
44	20	-14.545455
46	20	-14.545455
48	20	-14.545455
50	20	-14.545455
0	22	-14.545455
2	22	-14.545455
4	22	-14.545455
6	22	-14.545455
8	22	-14.545455
10	22	-14.545455
12	22	-14.545455
14	22	-14.545455
16	22	-14.545455
18	22	-14.545455
20	22	-14.545455
22	22	-14.545455
24	22	-14.545455
26	22	-14.545455
28	22	-14.545455
30	22	-14.545455
32	22	-14.545455
34	22	-14.545455
36	22	-14.545455
38	22	-14.545455
40	22	-14.545455
42	22	-14.545455
44	22	-14.545455
46	22	-14.545455
48	22	-14.545455
50	22	-14.545455
0	24	-14.545455
2	24	-14.545455
4	24	-14.545455
6	24	-14.545455
8	24	-14.545455
10	24	-14.545455
12	24	-14.545455
14	24	-14.545455
16	24	-14.545455
18	24	-14.545455
20	24	-14.545455
22	24	-14.545455
24	24	-14.545455
26	24	-14.545455
28	24	-14.545455
30	24	-14.545455
32	24	-14.545455
34	24	-14.545455
36	24	-14.545455
38	24	-14.545455
40	24	-14.545455
42	24	-14.545455
44	24	-14.545455
46	24	-14.545455
48	24	-14.545455
50	24	-14.545455
0	26	-14.545455
2	26	-14.545455
4	26	-14.545455
6	26	-14.545455
8	26	-14.545455
10	26	-14.545455
12	26	-14.545455
14	26	-14.545455
16	26	-14.545455
18	26	-14.545455
20	26	-14.545455
22	26	-14.545455
24	26	-14.545455
26	26	-14.545455
28	26	-14.545455
30	26	-14.545455
32	26	-14.545455
34	26	-14.545455
36	26	-14.545455
38	26	-14.545455
40	26	-14.545455
42	26	-14.545455
44	26	-14.545455
46	26	-14.545455
48	26	-14.545455
50	26	-14.545455
0	28	-14.545455
2	28	-14.545455
4	28	-14.545455
6	28	-14.545455
8	28	-14.545455
10	28	-14.545455
12	28	-14.545455
14	28	-14.545455
16	28	-14.545455
18	28	-14.545455
20	28	-14.545455
22	28	-14.545455
24	28	-14.545455
26	28	-14.545455
28	28	-14.545455
30	28	-14.545455
32	28	-14.545455
34	28	-14.545455
36	28	-14.545455
38	28	-14.545455
40	28	-14.545455
42	28	-14.545455
44	28	-14.545455
46	28	-14.545455
48	28	-14.545455
50	28	-14.545455
0	30	-14.545455
2	30	-14.545455
4	30	-14.545455
6	30	-14.545455
8	30	-14.545455
10	30	-14.545455
12	30	-14.545455
14	30	-14.545455
16	30	-14.545455
18	30	-14.545455
20	30	-14.545455
22	30	-14.545455
24	30	-14.545455
26	30	-14.545455
28	30	-14.545455
30	30	-14.545455
32	30	-14.545455
34	30	-14.545455
36	30	-14.545455
38	30	-14.545455
40	30	-14.545455
42	30	-14.545455
44	30	-14.545455
46	30	-14.545455
48	30	-14.545455
50	30	-14.545455
0	0	-14
2	0	-14
4	0	-14
6	0	-14
8	0	-14
10	0	-14
12	0	-14
14	0	-14
16	0	-14
18	0	-14
20	0	-14
22	0	-14
24	0	-14
26	0	-14
28	0	-14
30	0	-14
32	0	-14
34	0	-14
36	0	-14
38	0	-14
40	0	-14
42	0	-14
44	0	-14
46	0	-14
48	0	-14
50	0	-14
0	2	-14
2	2	-14
4	2	-14
6	2	-14
8	2	-14
10	2	-14
12	2	-14
14	2	-14
16	2	-14
18	2	-14
20	2	-14
22	2	-14
24	2	-14
26	2	-14
28	2	-14
30	2	-14
32	2	-14
34	2	-14
36	2	-14
38	2	-14
40	2	-14
42	2	-14
44	2	-14
46	2	-14
48	2	-14
50	2	-14
0	4	-14
2	4	-14
4	4	-14
6	4	-14
8	4	-14
10	4	-14
12	4	-14
14	4	-14
16	4	-14
18	4	-14
20	4	-14
22	4	-14
24	4	-14
26	4	-14
28	4	-14
30	4	-14
32	4	-14
34	4	-14
36	4	-14
38	4	-14
40	4	-14
42	4	-14
44	4	-14
46	4	-14
48	4	-14
50	4	-14
0	6	-14
2	6	-14
4	6	-14
6	6	-14
8	6	-14
10	6	-14
12	6	-14
14	6	-14
16	6	-14
18	6	-14
20	6	-14
22	6	-14
24	6	-14
26	6	-14
28	6	-14
30	6	-14
32	6	-14
34	6	-14
36	6	-14
38	6	-14
40	6	-14
42	6	-14
44	6	-14
46	6	-14
48	6	-14
50	6	-14
0	8	-14
2	8	-14
4	8	-14
6	8	-14
8	8	-14
10	8	-14
12	8	-14
14	8	-14
16	8	-14
18	8	-14
20	8	-14
22	8	-14
24	8	-14
26	8	-14
28	8	-14
30	8	-14
32	8	-14
34	8	-14
36	8	-14
38	8	-14
40	8	-14
42	8	-14
44	8	-14
46	8	-14
48	8	-14
50	8	-14
0	10	-14
2	10	-14
4	10	-14
6	10	-14
8	10	-14
10	10	-14
12	10	-14
14	10	-14
16	10	-14
18	10	-14
20	10	-14
22	10	-14
24	10	-14
26	10	-14
28	10	-14
30	10	-14
32	10	-14
34	10	-14
36	10	-14
38	10	-14
40	10	-14
42	10	-14
44	10	-14
46	10	-14
48	10	-14
50	10	-14
0	12	-14
2	12	-14
4	12	-14
6	12	-14
8	12	-14
10	12	-14
12	12	-14
14	12	-14
16	12	-14
18	12	-14
20	12	-14
22	12	-14
24	12	-14
26	12	-14
28	12	-14
30	12	-14
32	12	-14
34	12	-14
36	12	-14
38	12	-14
40	12	-14
42	12	-14
44	12	-14
46	12	-14
48	12	-14
50	12	-14
0	14	-14
2	14	-14
4	14	-14
6	14	-14
8	14	-14
10	14	-14
12	14	-14
14	14	-14
16	14	-14
18	14	-14
20	14	-14
22	14	-14
24	14	-14
26	14	-14
28	14	-14
30	14	-14
32	14	-14
34	14	-14
36	14	-14
38	14	-14
40	14	-14
42	14	-14
44	14	-14
46	14	-14
48	14	-14
50	14	-14
0	16	-14
2	16	-14
4	16	-14
6	16	-14
8	16	-14
10	16	-14
12	16	-14
14	16	-14
16	16	-14
18	16	-14
20	16	-14
22	16	-14
24	16	-14
26	16	-14
28	16	-14
30	16	-14
32	16	-14
34	16	-14
36	16	-14
38	16	-14
40	16	-14
42	16	-14
44	16	-14
46	16	-14
48	16	-14
50	16	-14
0	18	-14
2	18	-14
4	18	-14
6	18	-14
8	18	-14
10	18	-14
12	18	-14
14	18	-14
16	18	-14
18	18	-14
20	18	-14
22	18	-14
24	18	-14
26	18	-14
28	18	-14
30	18	-14
32	18	-14
34	18	-14
36	18	-14
38	18	-14
40	18	-14
42	18	-14
44	18	-14
46	18	-14
48	18	-14
50	18	-14
0	20	-14
2	20	-14
4	20	-14
6	20	-14
8	20	-14
10	20	-14
12	20	-14
14	20	-14
16	20	-14
18	20	-14
20	20	-14
22	20	-14
24	20	-14
26	20	-14
28	20	-14
30	20	-14
32	20	-14
34	20	-14
36	20	-14
38	20	-14
40	20	-14
42	20	-14
44	20	-14
46	20	-14
48	20	-14
50	20	-14
0	22	-14
2	22	-14
4	22	-14
6	22	-14
8	22	-14
10	22	-14
12	22	-14
14	22	-14
16	22	-14
18	22	-14
20	22	-14
22	22	-14
24	22	-14
26	22	-14
28	22	-14
30	22	-14
32	22	-14
34	22	-14
36	22	-14
38	22	-14
40	22	-14
42	22	-14
44	22	-14
46	22	-14
48	22	-14
50	22	-14
0	24	-14
2	24	-14
4	24	-14
6	24	-14
8	24	-14
10	24	-14
12	24	-14
14	24	-14
16	24	-14
18	24	-14
20	24	-14
22	24	-14
24	24	-14
26	24	-14
28	24	-14
30	24	-14
32	24	-14
34	24	-14
36	24	-14
38	24	-14
40	24	-14
42	24	-14
44	24	-14
46	24	-14
48	24	-14
50	24	-14
0	26	-14
2	26	-14
4	26	-14
6	26	-14
8	26	-14
10	26	-14
12	26	-14
14	26	-14
16	26	-14
18	26	-14
20	26	-14
22	26	-14
24	26	-14
26	26	-14
28	26	-14
30	26	-14
32	26	-14
34	26	-14
36	26	-14
38	26	-14
40	26	-14
42	26	-14
44	26	-14
46	26	-14
48	26	-14
50	26	-14
0	28	-14
2	28	-14
4	28	-14
6	28	-14
8	28	-14
10	28	-14
12	28	-14
14	28	-14
16	28	-14
18	28	-14
20	28	-14
22	28	-14
24	28	-14
26	28	-14
28	28	-14
30	28	-14
32	28	-14
34	28	-14
36	28	-14
38	28	-14
40	28	-14
42	28	-14
44	28	-14
46	28	-14
48	28	-14
50	28	-14
0	30	-14
2	30	-14
4	30	-14
6	30	-14
8	30	-14
10	30	-14
12	30	-14
14	30	-14
16	30	-14
18	30	-14
20	30	-14
22	30	-14
24	30	-14
26	30	-14
28	30	-14
30	30	-14
32	30	-14
34	30	-14
36	30	-14
38	30	-14
40	30	-14
42	30	-14
44	30	-14
46	30	-14
48	30	-14
50	30	-14
0	0	-13
2	0	-13
4	0	-13
6	0	-13
8	0	-13
10	0	-13
12	0	-13
14	0	-13
16	0	-13
18	0	-13
20	0	-13
22	0	-13
24	0	-13
26	0	-13
28	0	-13
30	0	-13
32	0	-13
34	0	-13
36	0	-13
38	0	-13
40	0	-13
42	0	-13
44	0	-13
46	0	-13
48	0	-13
50	0	-13
0	2	-13
2	2	-13
4	2	-13
6	2	-13
8	2	-13
10	2	-13
12	2	-13
14	2	-13
16	2	-13
18	2	-13
20	2	-13
22	2	-13
24	2	-13
26	2	-13
28	2	-13
30	2	-13
32	2	-13
34	2	-13
36	2	-13
38	2	-13
40	2	-13
42	2	-13
44	2	-13
46	2	-13
48	2	-13
50	2	-13
0	4	-13
2	4	-13
4	4	-13
6	4	-13
8	4	-13
10	4	-13
12	4	-13
14	4	-13
16	4	-13
18	4	-13
20	4	-13
22	4	-13
24	4	-13
26	4	-13
28	4	-13
30	4	-13
32	4	-13
34	4	-13
36	4	-13
38	4	-13
40	4	-13
42	4	-13
44	4	-13
46	4	-13
48	4	-13
50	4	-13
0	6	-13
2	6	-13
4	6	-13
6	6	-13
8	6	-13
10	6	-13
12	6	-13
14	6	-13
16	6	-13
18	6	-13
20	6	-13
22	6	-13
24	6	-13
26	6	-13
28	6	-13
30	6	-13
32	6	-13
34	6	-13
36	6	-13
38	6	-13
40	6	-13
42	6	-13
44	6	-13
46	6	-13
48	6	-13
50	6	-13
0	8	-13
2	8	-13
4	8	-13
6	8	-13
8	8	-13
10	8	-13
12	8	-13
14	8	-13
16	8	-13
18	8	-13
20	8	-13
22	8	-13
24	8	-13
26	8	-13
28	8	-13
30	8	-13
32	8	-13
34	8	-13
36	8	-13
38	8	-13
40	8	-13
42	8	-13
44	8	-13
46	8	-13
48	8	-13
50	8	-13
0	10	-13
2	10	-13
4	10	-13
6	10	-13
8	10	-13
10	10	-13
12	10	-13
14	10	-13
16	10	-13
18	10	-13
20	10	-13
22	10	-13
24	10	-13
26	10	-13
28	10	-13
30	10	-13
32	10	-13
34	10	-13
36	10	-13
38	10	-13
40	10	-13
42	10	-13
44	10	-13
46	10	-13
48	10	-13
50	10	-13
0	12	-13
2	12	-13
4	12	-13
6	12	-13
8	12	-13
10	12	-13
12	12	-13
14	12	-13
16	12	-13
18	12	-13
20	12	-13
22	12	-13
24	12	-13
26	12	-13
28	12	-13
30	12	-13
32	12	-13
34	12	-13
36	12	-13
38	12	-13
40	12	-13
42	12	-13
44	12	-13
46	12	-13
48	12	-13
50	12	-13
0	14	-13
2	14	-13
4	14	-13
6	14	-13
8	14	-13
10	14	-13
12	14	-13
14	14	-13
16	14	-13
18	14	-13
20	14	-13
22	14	-13
24	14	-13
26	14	-13
28	14	-13
30	14	-13
32	14	-13
34	14	-13
36	14	-13
38	14	-13
40	14	-13
42	14	-13
44	14	-13
46	14	-13
48	14	-13
50	14	-13
0	16	-13
2	16	-13
4	16	-13
6	16	-13
8	16	-13
10	16	-13
12	16	-13
14	16	-13
16	16	-13
18	16	-13
20	16	-13
22	16	-13
24	16	-13
26	16	-13
28	16	-13
30	16	-13
32	16	-13
34	16	-13
36	16	-13
38	16	-13
40	16	-13
42	16	-13
44	16	-13
46	16	-13
48	16	-13
50	16	-13
0	18	-13
2	18	-13
4	18	-13
6	18	-13
8	18	-13
10	18	-13
12	18	-13
14	18	-13
16	18	-13
18	18	-13
20	18	-13
22	18	-13
24	18	-13
26	18	-13
28	18	-13
30	18	-13
32	18	-13
34	18	-13
36	18	-13
38	18	-13
40	18	-13
42	18	-13
44	18	-13
46	18	-13
48	18	-13
50	18	-13
0	20	-13
2	20	-13
4	20	-13
6	20	-13
8	20	-13
10	20	-13
12	20	-13
14	20	-13
16	20	-13
18	20	-13
20	20	-13
22	20	-13
24	20	-13
26	20	-13
28	20	-13
30	20	-13
32	20	-13
34	20	-13
36	20	-13
38	20	-13
40	20	-13
42	20	-13
44	20	-13
46	20	-13
48	20	-13
50	20	-13
0	22	-13
2	22	-13
4	22	-13
6	22	-13
8	22	-13
10	22	-13
12	22	-13
14	22	-13
16	22	-13
18	22	-13
20	22	-13
22	22	-13
24	22	-13
26	22	-13
28	22	-13
30	22	-13
32	22	-13
34	22	-13
36	22	-13
38	22	-13
40	22	-13
42	22	-13
44	22	-13
46	22	-13
48	22	-13
50	22	-13
0	24	-13
2	24	-13
4	24	-13
6	24	-13
8	24	-13
10	24	-13
12	24	-13
14	24	-13
16	24	-13
18	24	-13
20	24	-13
22	24	-13
24	24	-13
26	24	-13
28	24	-13
30	24	-13
32	24	-13
34	24	-13
36	24	-13
38	24	-13
40	24	-13
42	24	-13
44	24	-13
46	24	-13
48	24	-13
50	24	-13
0	26	-13
2	26	-13
4	26	-13
6	26	-13
8	26	-13
10	26	-13
12	26	-13
14	26	-13
16	26	-13
18	26	-13
20	26	-13
22	26	-13
24	26	-13
26	26	-13
28	26	-13
30	26	-13
32	26	-13
34	26	-13
36	26	-13
38	26	-13
40	26	-13
42	26	-13
44	26	-13
46	26	-13
48	26	-13
50	26	-13
0	28	-13
2	28	-13
4	28	-13
6	28	-13
8	28	-13
10	28	-13
12	28	-13
14	28	-13
16	28	-13
18	28	-13
20	28	-13
22	28	-13
24	28	-13
26	28	-13
28	28	-13
30	28	-13
32	28	-13
34	28	-13
36	28	-13
38	28	-13
40	28	-13
42	28	-13
44	28	-13
46	28	-13
48	28	-13
50	28	-13
0	30	-13
2	30	-13
4	30	-13
6	30	-13
8	30	-13
10	30	-13
12	30	-13
14	30	-13
16	30	-13
18	30	-13
20	30	-13
22	30	-13
24	30	-13
26	30	-13
28	30	-13
30	30	-13
32	30	-13
34	30	-13
36	30	-13
38	30	-13
40	30	-13
42	30	-13
44	30	-13
46	30	-13
48	30	-13
50	30	-13
0	0	-12.727273
2	0	-12.727273
4	0	-12.727273
6	0	-12.727273
8	0	-12.727273
10	0	-12.727273
12	0	-12.727273
14	0	-12.727273
16	0	-12.727273
18	0	-12.727273
20	0	-12.727273
22	0	-12.727273
24	0	-12.727273
26	0	-12.727273
28	0	-12.727273
30	0	-12.727273
32	0	-12.727273
34	0	-12.727273
36	0	-12.727273
38	0	-12.727273
40	0	-12.727273
42	0	-12.727273
44	0	-12.727273
46	0	-12.727273
48	0	-12.727273
50	0	-12.727273
0	2	-12.727273
2	2	-12.727273
4	2	-12.727273
6	2	-12.727273
8	2	-12.727273
10	2	-12.727273
12	2	-12.727273
14	2	-12.727273
16	2	-12.727273
18	2	-12.727273
20	2	-12.727273
22	2	-12.727273
24	2	-12.727273
26	2	-12.727273
28	2	-12.727273
30	2	-12.727273
32	2	-12.727273
34	2	-12.727273
36	2	-12.727273
38	2	-12.727273
40	2	-12.727273
42	2	-12.727273
44	2	-12.727273
46	2	-12.727273
48	2	-12.727273
50	2	-12.727273
0	4	-12.727273
2	4	-12.727273
4	4	-12.727273
6	4	-12.727273
8	4	-12.727273
10	4	-12.727273
12	4	-12.727273
14	4	-12.727273
16	4	-12.727273
18	4	-12.727273
20	4	-12.727273
22	4	-12.727273
24	4	-12.727273
26	4	-12.727273
28	4	-12.727273
30	4	-12.727273
32	4	-12.727273
34	4	-12.727273
36	4	-12.727273
38	4	-12.727273
40	4	-12.727273
42	4	-12.727273
44	4	-12.727273
46	4	-12.727273
48	4	-12.727273
50	4	-12.727273
0	6	-12.727273
2	6	-12.727273
4	6	-12.727273
6	6	-12.727273
8	6	-12.727273
10	6	-12.727273
12	6	-12.727273
14	6	-12.727273
16	6	-12.727273
18	6	-12.727273
20	6	-12.727273
22	6	-12.727273
24	6	-12.727273
26	6	-12.727273
28	6	-12.727273
30	6	-12.727273
32	6	-12.727273
34	6	-12.727273
36	6	-12.727273
38	6	-12.727273
40	6	-12.727273
42	6	-12.727273
44	6	-12.727273
46	6	-12.727273
48	6	-12.727273
50	6	-12.727273
0	8	-12.727273
2	8	-12.727273
4	8	-12.727273
6	8	-12.727273
8	8	-12.727273
10	8	-12.727273
12	8	-12.727273
14	8	-12.727273
16	8	-12.727273
18	8	-12.727273
20	8	-12.727273
22	8	-12.727273
24	8	-12.727273
26	8	-12.727273
28	8	-12.727273
30	8	-12.727273
32	8	-12.727273
34	8	-12.727273
36	8	-12.727273
38	8	-12.727273
40	8	-12.727273
42	8	-12.727273
44	8	-12.727273
46	8	-12.727273
48	8	-12.727273
50	8	-12.727273
0	10	-12.727273
2	10	-12.727273
4	10	-12.727273
6	10	-12.727273
8	10	-12.727273
10	10	-12.727273
12	10	-12.727273
14	10	-12.727273
16	10	-12.727273
18	10	-12.727273
20	10	-12.727273
22	10	-12.727273
24	10	-12.727273
26	10	-12.727273
28	10	-12.727273
30	10	-12.727273
32	10	-12.727273
34	10	-12.727273
36	10	-12.727273
38	10	-12.727273
40	10	-12.727273
42	10	-12.727273
44	10	-12.727273
46	10	-12.727273
48	10	-12.727273
50	10	-12.727273
0	12	-12.727273
2	12	-12.727273
4	12	-12.727273
6	12	-12.727273
8	12	-12.727273
10	12	-12.727273
12	12	-12.727273
14	12	-12.727273
16	12	-12.727273
18	12	-12.727273
20	12	-12.727273
22	12	-12.727273
24	12	-12.727273
26	12	-12.727273
28	12	-12.727273
30	12	-12.727273
32	12	-12.727273
34	12	-12.727273
36	12	-12.727273
38	12	-12.727273
40	12	-12.727273
42	12	-12.727273
44	12	-12.727273
46	12	-12.727273
48	12	-12.727273
50	12	-12.727273
0	14	-12.727273
2	14	-12.727273
4	14	-12.727273
6	14	-12.727273
8	14	-12.727273
10	14	-12.727273
12	14	-12.727273
14	14	-12.727273
16	14	-12.727273
18	14	-12.727273
20	14	-12.727273
22	14	-12.727273
24	14	-12.727273
26	14	-12.727273
28	14	-12.727273
30	14	-12.727273
32	14	-12.727273
34	14	-12.727273
36	14	-12.727273
38	14	-12.727273
40	14	-12.727273
42	14	-12.727273
44	14	-12.727273
46	14	-12.727273
48	14	-12.727273
50	14	-12.727273
0	16	-12.727273
2	16	-12.727273
4	16	-12.727273
6	16	-12.727273
8	16	-12.727273
10	16	-12.727273
12	16	-12.727273
14	16	-12.727273
16	16	-12.727273
18	16	-12.727273
20	16	-12.727273
22	16	-12.727273
24	16	-12.727273
26	16	-12.727273
28	16	-12.727273
30	16	-12.727273
32	16	-12.727273
34	16	-12.727273
36	16	-12.727273
38	16	-12.727273
40	16	-12.727273
42	16	-12.727273
44	16	-12.727273
46	16	-12.727273
48	16	-12.727273
50	16	-12.727273
0	18	-12.727273
2	18	-12.727273
4	18	-12.727273
6	18	-12.727273
8	18	-12.727273
10	18	-12.727273
12	18	-12.727273
14	18	-12.727273
16	18	-12.727273
18	18	-12.727273
20	18	-12.727273
22	18	-12.727273
24	18	-12.727273
26	18	-12.727273
28	18	-12.727273
30	18	-12.727273
32	18	-12.727273
34	18	-12.727273
36	18	-12.727273
38	18	-12.727273
40	18	-12.727273
42	18	-12.727273
44	18	-12.727273
46	18	-12.727273
48	18	-12.727273
50	18	-12.727273
0	20	-12.727273
2	20	-12.727273
4	20	-12.727273
6	20	-12.727273
8	20	-12.727273
10	20	-12.727273
12	20	-12.727273
14	20	-12.727273
16	20	-12.727273
18	20	-12.727273
20	20	-12.727273
22	20	-12.727273
24	20	-12.727273
26	20	-12.727273
28	20	-12.727273
30	20	-12.727273
32	20	-12.727273
34	20	-12.727273
36	20	-12.727273
38	20	-12.727273
40	20	-12.727273
42	20	-12.727273
44	20	-12.727273
46	20	-12.727273
48	20	-12.727273
50	20	-12.727273
0	22	-12.727273
2	22	-12.727273
4	22	-12.727273
6	22	-12.727273
8	22	-12.727273
10	22	-12.727273
12	22	-12.727273
14	22	-12.727273
16	22	-12.727273
18	22	-12.727273
20	22	-12.727273
22	22	-12.727273
24	22	-12.727273
26	22	-12.727273
28	22	-12.727273
30	22	-12.727273
32	22	-12.727273
34	22	-12.727273
36	22	-12.727273
38	22	-12.727273
40	22	-12.727273
42	22	-12.727273
44	22	-12.727273
46	22	-12.727273
48	22	-12.727273
50	22	-12.727273
0	24	-12.727273
2	24	-12.727273
4	24	-12.727273
6	24	-12.727273
8	24	-12.727273
10	24	-12.727273
12	24	-12.727273
14	24	-12.727273
16	24	-12.727273
18	24	-12.727273
20	24	-12.727273
22	24	-12.727273
24	24	-12.727273
26	24	-12.727273
28	24	-12.727273
30	24	-12.727273
32	24	-12.727273
34	24	-12.727273
36	24	-12.727273
38	24	-12.727273
40	24	-12.727273
42	24	-12.727273
44	24	-12.727273
46	24	-12.727273
48	24	-12.727273
50	24	-12.727273
0	26	-12.727273
2	26	-12.727273
4	26	-12.727273
6	26	-12.727273
8	26	-12.727273
10	26	-12.727273
12	26	-12.727273
14	26	-12.727273
16	26	-12.727273
18	26	-12.727273
20	26	-12.727273
22	26	-12.727273
24	26	-12.727273
26	26	-12.727273
28	26	-12.727273
30	26	-12.727273
32	26	-12.727273
34	26	-12.727273
36	26	-12.727273
38	26	-12.727273
40	26	-12.727273
42	26	-12.727273
44	26	-12.727273
46	26	-12.727273
48	26	-12.727273
50	26	-12.727273
0	28	-12.727273
2	28	-12.727273
4	28	-12.727273
6	28	-12.727273
8	28	-12.727273
10	28	-12.727273
12	28	-12.727273
14	28	-12.727273
16	28	-12.727273
18	28	-12.727273
20	28	-12.727273
22	28	-12.727273
24	28	-12.727273
26	28	-12.727273
28	28	-12.727273
30	28	-12.727273
32	28	-12.727273
34	28	-12.727273
36	28	-12.727273
38	28	-12.727273
40	28	-12.727273
42	28	-12.727273
44	28	-12.727273
46	28	-12.727273
48	28	-12.727273
50	28	-12.727273
0	30	-12.727273
2	30	-12.727273
4	30	-12.727273
6	30	-12.727273
8	30	-12.727273
10	30	-12.727273
12	30	-12.727273
14	30	-12.727273
16	30	-12.727273
18	30	-12.727273
20	30	-12.727273
22	30	-12.727273
24	30	-12.727273
26	30	-12.727273
28	30	-12.727273
30	30	-12.727273
32	30	-12.727273
34	30	-12.727273
36	30	-12.727273
38	30	-12.727273
40	30	-12.727273
42	30	-12.727273
44	30	-12.727273
46	30	-12.727273
48	30	-12.727273
50	30	-12.727273
0	0	-12
2	0	-12
4	0	-12
6	0	-12
8	0	-12
10	0	-12
12	0	-12
14	0	-12
16	0	-12
18	0	-12
20	0	-12
22	0	-12
24	0	-12
26	0	-12
28	0	-12
30	0	-12
32	0	-12
34	0	-12
36	0	-12
38	0	-12
40	0	-12
42	0	-12
44	0	-12
46	0	-12
48	0	-12
50	0	-12
0	2	-12
2	2	-12
4	2	-12
6	2	-12
8	2	-12
10	2	-12
12	2	-12
14	2	-12
16	2	-12
18	2	-12
20	2	-12
22	2	-12
24	2	-12
26	2	-12
28	2	-12
30	2	-12
32	2	-12
34	2	-12
36	2	-12
38	2	-12
40	2	-12
42	2	-12
44	2	-12
46	2	-12
48	2	-12
50	2	-12
0	4	-12
2	4	-12
4	4	-12
6	4	-12
8	4	-12
10	4	-12
12	4	-12
14	4	-12
16	4	-12
18	4	-12
20	4	-12
22	4	-12
24	4	-12
26	4	-12
28	4	-12
30	4	-12
32	4	-12
34	4	-12
36	4	-12
38	4	-12
40	4	-12
42	4	-12
44	4	-12
46	4	-12
48	4	-12
50	4	-12
0	6	-12
2	6	-12
4	6	-12
6	6	-12
8	6	-12
10	6	-12
12	6	-12
14	6	-12
16	6	-12
18	6	-12
20	6	-12
22	6	-12
24	6	-12
26	6	-12
28	6	-12
30	6	-12
32	6	-12
34	6	-12
36	6	-12
38	6	-12
40	6	-12
42	6	-12
44	6	-12
46	6	-12
48	6	-12
50	6	-12
0	8	-12
2	8	-12
4	8	-12
6	8	-12
8	8	-12
10	8	-12
12	8	-12
14	8	-12
16	8	-12
18	8	-12
20	8	-12
22	8	-12
24	8	-12
26	8	-12
28	8	-12
30	8	-12
32	8	-12
34	8	-12
36	8	-12
38	8	-12
40	8	-12
42	8	-12
44	8	-12
46	8	-12
48	8	-12
50	8	-12
0	10	-12
2	10	-12
4	10	-12
6	10	-12
8	10	-12
10	10	-12
12	10	-12
14	10	-12
16	10	-12
18	10	-12
20	10	-12
22	10	-12
24	10	-12
26	10	-12
28	10	-12
30	10	-12
32	10	-12
34	10	-12
36	10	-12
38	10	-12
40	10	-12
42	10	-12
44	10	-12
46	10	-12
48	10	-12
50	10	-12
0	12	-12
2	12	-12
4	12	-12
6	12	-12
8	12	-12
10	12	-12
12	12	-12
14	12	-12
16	12	-12
18	12	-12
20	12	-12
22	12	-12
24	12	-12
26	12	-12
28	12	-12
30	12	-12
32	12	-12
34	12	-12
36	12	-12
38	12	-12
40	12	-12
42	12	-12
44	12	-12
46	12	-12
48	12	-12
50	12	-12
0	14	-12
2	14	-12
4	14	-12
6	14	-12
8	14	-12
10	14	-12
12	14	-12
14	14	-12
16	14	-12
18	14	-12
20	14	-12
22	14	-12
24	14	-12
26	14	-12
28	14	-12
30	14	-12
32	14	-12
34	14	-12
36	14	-12
38	14	-12
40	14	-12
42	14	-12
44	14	-12
46	14	-12
48	14	-12
50	14	-12
0	16	-12
2	16	-12
4	16	-12
6	16	-12
8	16	-12
10	16	-12
12	16	-12
14	16	-12
16	16	-12
18	16	-12
20	16	-12
22	16	-12
24	16	-12
26	16	-12
28	16	-12
30	16	-12
32	16	-12
34	16	-12
36	16	-12
38	16	-12
40	16	-12
42	16	-12
44	16	-12
46	16	-12
48	16	-12
50	16	-12
0	18	-12
2	18	-12
4	18	-12
6	18	-12
8	18	-12
10	18	-12
12	18	-12
14	18	-12
16	18	-12
18	18	-12
20	18	-12
22	18	-12
24	18	-12
26	18	-12
28	18	-12
30	18	-12
32	18	-12
34	18	-12
36	18	-12
38	18	-12
40	18	-12
42	18	-12
44	18	-12
46	18	-12
48	18	-12
50	18	-12
0	20	-12
2	20	-12
4	20	-12
6	20	-12
8	20	-12
10	20	-12
12	20	-12
14	20	-12
16	20	-12
18	20	-12
20	20	-12
22	20	-12
24	20	-12
26	20	-12
28	20	-12
30	20	-12
32	20	-12
34	20	-12
36	20	-12
38	20	-12
40	20	-12
42	20	-12
44	20	-12
46	20	-12
48	20	-12
50	20	-12
0	22	-12
2	22	-12
4	22	-12
6	22	-12
8	22	-12
10	22	-12
12	22	-12
14	22	-12
16	22	-12
18	22	-12
20	22	-12
22	22	-12
24	22	-12
26	22	-12
28	22	-12
30	22	-12
32	22	-12
34	22	-12
36	22	-12
38	22	-12
40	22	-12
42	22	-12
44	22	-12
46	22	-12
48	22	-12
50	22	-12
0	24	-12
2	24	-12
4	24	-12
6	24	-12
8	24	-12
10	24	-12
12	24	-12
14	24	-12
16	24	-12
18	24	-12
20	24	-12
22	24	-12
24	24	-12
26	24	-12
28	24	-12
30	24	-12
32	24	-12
34	24	-12
36	24	-12
38	24	-12
40	24	-12
42	24	-12
44	24	-12
46	24	-12
48	24	-12
50	24	-12
0	26	-12
2	26	-12
4	26	-12
6	26	-12
8	26	-12
10	26	-12
12	26	-12
14	26	-12
16	26	-12
18	26	-12
20	26	-12
22	26	-12
24	26	-12
26	26	-12
28	26	-12
30	26	-12
32	26	-12
34	26	-12
36	26	-12
38	26	-12
40	26	-12
42	26	-12
44	26	-12
46	26	-12
48	26	-12
50	26	-12
0	28	-12
2	28	-12
4	28	-12
6	28	-12
8	28	-12
10	28	-12
12	28	-12
14	28	-12
16	28	-12
18	28	-12
20	28	-12
22	28	-12
24	28	-12
26	28	-12
28	28	-12
30	28	-12
32	28	-12
34	28	-12
36	28	-12
38	28	-12
40	28	-12
42	28	-12
44	28	-12
46	28	-12
48	28	-12
50	28	-12
0	30	-12
2	30	-12
4	30	-12
6	30	-12
8	30	-12
10	30	-12
12	30	-12
14	30	-12
16	30	-12
18	30	-12
20	30	-12
22	30	-12
24	30	-12
26	30	-12
28	30	-12
30	30	-12
32	30	-12
34	30	-12
36	30	-12
38	30	-12
40	30	-12
42	30	-12
44	30	-12
46	30	-12
48	30	-12
50	30	-12
0	0	-11
2	0	-11
4	0	-11
6	0	-11
8	0	-11
10	0	-11
12	0	-11
14	0	-11
16	0	-11
18	0	-11
20	0	-11
22	0	-11
24	0	-11
26	0	-11
28	0	-11
30	0	-11
32	0	-11
34	0	-11
36	0	-11
38	0	-11
40	0	-11
42	0	-11
44	0	-11
46	0	-11
48	0	-11
50	0	-11
0	2	-11
2	2	-11
4	2	-11
6	2	-11
8	2	-11
10	2	-11
12	2	-11
14	2	-11
16	2	-11
18	2	-11
20	2	-11
22	2	-11
24	2	-11
26	2	-11
28	2	-11
30	2	-11
32	2	-11
34	2	-11
36	2	-11
38	2	-11
40	2	-11
42	2	-11
44	2	-11
46	2	-11
48	2	-11
50	2	-11
0	4	-11
2	4	-11
4	4	-11
6	4	-11
8	4	-11
10	4	-11
12	4	-11
14	4	-11
16	4	-11
18	4	-11
20	4	-11
22	4	-11
24	4	-11
26	4	-11
28	4	-11
30	4	-11
32	4	-11
34	4	-11
36	4	-11
38	4	-11
40	4	-11
42	4	-11
44	4	-11
46	4	-11
48	4	-11
50	4	-11
0	6	-11
2	6	-11
4	6	-11
6	6	-11
8	6	-11
10	6	-11
12	6	-11
14	6	-11
16	6	-11
18	6	-11
20	6	-11
22	6	-11
24	6	-11
26	6	-11
28	6	-11
30	6	-11
32	6	-11
34	6	-11
36	6	-11
38	6	-11
40	6	-11
42	6	-11
44	6	-11
46	6	-11
48	6	-11
50	6	-11
0	8	-11
2	8	-11
4	8	-11
6	8	-11
8	8	-11
10	8	-11
12	8	-11
14	8	-11
16	8	-11
18	8	-11
20	8	-11
22	8	-11
24	8	-11
26	8	-11
28	8	-11
30	8	-11
32	8	-11
34	8	-11
36	8	-11
38	8	-11
40	8	-11
42	8	-11
44	8	-11
46	8	-11
48	8	-11
50	8	-11
0	10	-11
2	10	-11
4	10	-11
6	10	-11
8	10	-11
10	10	-11
12	10	-11
14	10	-11
16	10	-11
18	10	-11
20	10	-11
22	10	-11
24	10	-11
26	10	-11
28	10	-11
30	10	-11
32	10	-11
34	10	-11
36	10	-11
38	10	-11
40	10	-11
42	10	-11
44	10	-11
46	10	-11
48	10	-11
50	10	-11
0	12	-11
2	12	-11
4	12	-11
6	12	-11
8	12	-11
10	12	-11
12	12	-11
14	12	-11
16	12	-11
18	12	-11
20	12	-11
22	12	-11
24	12	-11
26	12	-11
28	12	-11
30	12	-11
32	12	-11
34	12	-11
36	12	-11
38	12	-11
40	12	-11
42	12	-11
44	12	-11
46	12	-11
48	12	-11
50	12	-11
0	14	-11
2	14	-11
4	14	-11
6	14	-11
8	14	-11
10	14	-11
12	14	-11
14	14	-11
16	14	-11
18	14	-11
20	14	-11
22	14	-11
24	14	-11
26	14	-11
28	14	-11
30	14	-11
32	14	-11
34	14	-11
36	14	-11
38	14	-11
40	14	-11
42	14	-11
44	14	-11
46	14	-11
48	14	-11
50	14	-11
0	16	-11
2	16	-11
4	16	-11
6	16	-11
8	16	-11
10	16	-11
12	16	-11
14	16	-11
16	16	-11
18	16	-11
20	16	-11
22	16	-11
24	16	-11
26	16	-11
28	16	-11
30	16	-11
32	16	-11
34	16	-11
36	16	-11
38	16	-11
40	16	-11
42	16	-11
44	16	-11
46	16	-11
48	16	-11
50	16	-11
0	18	-11
2	18	-11
4	18	-11
6	18	-11
8	18	-11
10	18	-11
12	18	-11
14	18	-11
16	18	-11
18	18	-11
20	18	-11
22	18	-11
24	18	-11
26	18	-11
28	18	-11
30	18	-11
32	18	-11
34	18	-11
36	18	-11
38	18	-11
40	18	-11
42	18	-11
44	18	-11
46	18	-11
48	18	-11
50	18	-11
0	20	-11
2	20	-11
4	20	-11
6	20	-11
8	20	-11
10	20	-11
12	20	-11
14	20	-11
16	20	-11
18	20	-11
20	20	-11
22	20	-11
24	20	-11
26	20	-11
28	20	-11
30	20	-11
32	20	-11
34	20	-11
36	20	-11
38	20	-11
40	20	-11
42	20	-11
44	20	-11
46	20	-11
48	20	-11
50	20	-11
0	22	-11
2	22	-11
4	22	-11
6	22	-11
8	22	-11
10	22	-11
12	22	-11
14	22	-11
16	22	-11
18	22	-11
20	22	-11
22	22	-11
24	22	-11
26	22	-11
28	22	-11
30	22	-11
32	22	-11
34	22	-11
36	22	-11
38	22	-11
40	22	-11
42	22	-11
44	22	-11
46	22	-11
48	22	-11
50	22	-11
0	24	-11
2	24	-11
4	24	-11
6	24	-11
8	24	-11
10	24	-11
12	24	-11
14	24	-11
16	24	-11
18	24	-11
20	24	-11
22	24	-11
24	24	-11
26	24	-11
28	24	-11
30	24	-11
32	24	-11
34	24	-11
36	24	-11
38	24	-11
40	24	-11
42	24	-11
44	24	-11
46	24	-11
48	24	-11
50	24	-11
0	26	-11
2	26	-11
4	26	-11
6	26	-11
8	26	-11
10	26	-11
12	26	-11
14	26	-11
16	26	-11
18	26	-11
20	26	-11
22	26	-11
24	26	-11
26	26	-11
28	26	-11
30	26	-11
32	26	-11
34	26	-11
36	26	-11
38	26	-11
40	26	-11
42	26	-11
44	26	-11
46	26	-11
48	26	-11
50	26	-11
0	28	-11
2	28	-11
4	28	-11
6	28	-11
8	28	-11
10	28	-11
12	28	-11
14	28	-11
16	28	-11
18	28	-11
20	28	-11
22	28	-11
24	28	-11
26	28	-11
28	28	-11
30	28	-11
32	28	-11
34	28	-11
36	28	-11
38	28	-11
40	28	-11
42	28	-11
44	28	-11
46	28	-11
48	28	-11
50	28	-11
0	30	-11
2	30	-11
4	30	-11
6	30	-11
8	30	-11
10	30	-11
12	30	-11
14	30	-11
16	30	-11
18	30	-11
20	30	-11
22	30	-11
24	30	-11
26	30	-11
28	30	-11
30	30	-11
32	30	-11
34	30	-11
36	30	-11
38	30	-11
40	30	-11
42	30	-11
44	30	-11
46	30	-11
48	30	-11
50	30	-11
0	0	-10.909091
2	0	-10.909091
4	0	-10.909091
6	0	-10.909091
8	0	-10.909091
10	0	-10.909091
12	0	-10.909091
14	0	-10.909091
16	0	-10.909091
18	0	-10.909091
20	0	-10.909091
22	0	-10.909091
24	0	-10.909091
26	0	-10.909091
28	0	-10.909091
30	0	-10.909091
32	0	-10.909091
34	0	-10.909091
36	0	-10.909091
38	0	-10.909091
40	0	-10.909091
42	0	-10.909091
44	0	-10.909091
46	0	-10.909091
48	0	-10.909091
50	0	-10.909091
0	2	-10.909091
2	2	-10.909091
4	2	-10.909091
6	2	-10.909091
8	2	-10.909091
10	2	-10.909091
12	2	-10.909091
14	2	-10.909091
16	2	-10.909091
18	2	-10.909091
20	2	-10.909091
22	2	-10.909091
24	2	-10.909091
26	2	-10.909091
28	2	-10.909091
30	2	-10.909091
32	2	-10.909091
34	2	-10.909091
36	2	-10.909091
38	2	-10.909091
40	2	-10.909091
42	2	-10.909091
44	2	-10.909091
46	2	-10.909091
48	2	-10.909091
50	2	-10.909091
0	4	-10.909091
2	4	-10.909091
4	4	-10.909091
6	4	-10.909091
8	4	-10.909091
10	4	-10.909091
12	4	-10.909091
14	4	-10.909091
16	4	-10.909091
18	4	-10.909091
20	4	-10.909091
22	4	-10.909091
24	4	-10.909091
26	4	-10.909091
28	4	-10.909091
30	4	-10.909091
32	4	-10.909091
34	4	-10.909091
36	4	-10.909091
38	4	-10.909091
40	4	-10.909091
42	4	-10.909091
44	4	-10.909091
46	4	-10.909091
48	4	-10.909091
50	4	-10.909091
0	6	-10.909091
2	6	-10.909091
4	6	-10.909091
6	6	-10.909091
8	6	-10.909091
10	6	-10.909091
12	6	-10.909091
14	6	-10.909091
16	6	-10.909091
18	6	-10.909091
20	6	-10.909091
22	6	-10.909091
24	6	-10.909091
26	6	-10.909091
28	6	-10.909091
30	6	-10.909091
32	6	-10.909091
34	6	-10.909091
36	6	-10.909091
38	6	-10.909091
40	6	-10.909091
42	6	-10.909091
44	6	-10.909091
46	6	-10.909091
48	6	-10.909091
50	6	-10.909091
0	8	-10.909091
2	8	-10.909091
4	8	-10.909091
6	8	-10.909091
8	8	-10.909091
10	8	-10.909091
12	8	-10.909091
14	8	-10.909091
16	8	-10.909091
18	8	-10.909091
20	8	-10.909091
22	8	-10.909091
24	8	-10.909091
26	8	-10.909091
28	8	-10.909091
30	8	-10.909091
32	8	-10.909091
34	8	-10.909091
36	8	-10.909091
38	8	-10.909091
40	8	-10.909091
42	8	-10.909091
44	8	-10.909091
46	8	-10.909091
48	8	-10.909091
50	8	-10.909091
0	10	-10.909091
2	10	-10.909091
4	10	-10.909091
6	10	-10.909091
8	10	-10.909091
10	10	-10.909091
12	10	-10.909091
14	10	-10.909091
16	10	-10.909091
18	10	-10.909091
20	10	-10.909091
22	10	-10.909091
24	10	-10.909091
26	10	-10.909091
28	10	-10.909091
30	10	-10.909091
32	10	-10.909091
34	10	-10.909091
36	10	-10.909091
38	10	-10.909091
40	10	-10.909091
42	10	-10.909091
44	10	-10.909091
46	10	-10.909091
48	10	-10.909091
50	10	-10.909091
0	12	-10.909091
2	12	-10.909091
4	12	-10.909091
6	12	-10.909091
8	12	-10.909091
10	12	-10.909091
12	12	-10.909091
14	12	-10.909091
16	12	-10.909091
18	12	-10.909091
20	12	-10.909091
22	12	-10.909091
24	12	-10.909091
26	12	-10.909091
28	12	-10.909091
30	12	-10.909091
32	12	-10.909091
34	12	-10.909091
36	12	-10.909091
38	12	-10.909091
40	12	-10.909091
42	12	-10.909091
44	12	-10.909091
46	12	-10.909091
48	12	-10.909091
50	12	-10.909091
0	14	-10.909091
2	14	-10.909091
4	14	-10.909091
6	14	-10.909091
8	14	-10.909091
10	14	-10.909091
12	14	-10.909091
14	14	-10.909091
16	14	-10.909091
18	14	-10.909091
20	14	-10.909091
22	14	-10.909091
24	14	-10.909091
26	14	-10.909091
28	14	-10.909091
30	14	-10.909091
32	14	-10.909091
34	14	-10.909091
36	14	-10.909091
38	14	-10.909091
40	14	-10.909091
42	14	-10.909091
44	14	-10.909091
46	14	-10.909091
48	14	-10.909091
50	14	-10.909091
0	16	-10.909091
2	16	-10.909091
4	16	-10.909091
6	16	-10.909091
8	16	-10.909091
10	16	-10.909091
12	16	-10.909091
14	16	-10.909091
16	16	-10.909091
18	16	-10.909091
20	16	-10.909091
22	16	-10.909091
24	16	-10.909091
26	16	-10.909091
28	16	-10.909091
30	16	-10.909091
32	16	-10.909091
34	16	-10.909091
36	16	-10.909091
38	16	-10.909091
40	16	-10.909091
42	16	-10.909091
44	16	-10.909091
46	16	-10.909091
48	16	-10.909091
50	16	-10.909091
0	18	-10.909091
2	18	-10.909091
4	18	-10.909091
6	18	-10.909091
8	18	-10.909091
10	18	-10.909091
12	18	-10.909091
14	18	-10.909091
16	18	-10.909091
18	18	-10.909091
20	18	-10.909091
22	18	-10.909091
24	18	-10.909091
26	18	-10.909091
28	18	-10.909091
30	18	-10.909091
32	18	-10.909091
34	18	-10.909091
36	18	-10.909091
38	18	-10.909091
40	18	-10.909091
42	18	-10.909091
44	18	-10.909091
46	18	-10.909091
48	18	-10.909091
50	18	-10.909091
0	20	-10.909091
2	20	-10.909091
4	20	-10.909091
6	20	-10.909091
8	20	-10.909091
10	20	-10.909091
12	20	-10.909091
14	20	-10.909091
16	20	-10.909091
18	20	-10.909091
20	20	-10.909091
22	20	-10.909091
24	20	-10.909091
26	20	-10.909091
28	20	-10.909091
30	20	-10.909091
32	20	-10.909091
34	20	-10.909091
36	20	-10.909091
38	20	-10.909091
40	20	-10.909091
42	20	-10.909091
44	20	-10.909091
46	20	-10.909091
48	20	-10.909091
50	20	-10.909091
0	22	-10.909091
2	22	-10.909091
4	22	-10.909091
6	22	-10.909091
8	22	-10.909091
10	22	-10.909091
12	22	-10.909091
14	22	-10.909091
16	22	-10.909091
18	22	-10.909091
20	22	-10.909091
22	22	-10.909091
24	22	-10.909091
26	22	-10.909091
28	22	-10.909091
30	22	-10.909091
32	22	-10.909091
34	22	-10.909091
36	22	-10.909091
38	22	-10.909091
40	22	-10.909091
42	22	-10.909091
44	22	-10.909091
46	22	-10.909091
48	22	-10.909091
50	22	-10.909091
0	24	-10.909091
2	24	-10.909091
4	24	-10.909091
6	24	-10.909091
8	24	-10.909091
10	24	-10.909091
12	24	-10.909091
14	24	-10.909091
16	24	-10.909091
18	24	-10.909091
20	24	-10.909091
22	24	-10.909091
24	24	-10.909091
26	24	-10.909091
28	24	-10.909091
30	24	-10.909091
32	24	-10.909091
34	24	-10.909091
36	24	-10.909091
38	24	-10.909091
40	24	-10.909091
42	24	-10.909091
44	24	-10.909091
46	24	-10.909091
48	24	-10.909091
50	24	-10.909091
0	26	-10.909091
2	26	-10.909091
4	26	-10.909091
6	26	-10.909091
8	26	-10.909091
10	26	-10.909091
12	26	-10.909091
14	26	-10.909091
16	26	-10.909091
18	26	-10.909091
20	26	-10.909091
22	26	-10.909091
24	26	-10.909091
26	26	-10.909091
28	26	-10.909091
30	26	-10.909091
32	26	-10.909091
34	26	-10.909091
36	26	-10.909091
38	26	-10.909091
40	26	-10.909091
42	26	-10.909091
44	26	-10.909091
46	26	-10.909091
48	26	-10.909091
50	26	-10.909091
0	28	-10.909091
2	28	-10.909091
4	28	-10.909091
6	28	-10.909091
8	28	-10.909091
10	28	-10.909091
12	28	-10.909091
14	28	-10.909091
16	28	-10.909091
18	28	-10.909091
20	28	-10.909091
22	28	-10.909091
24	28	-10.909091
26	28	-10.909091
28	28	-10.909091
30	28	-10.909091
32	28	-10.909091
34	28	-10.909091
36	28	-10.909091
38	28	-10.909091
40	28	-10.909091
42	28	-10.909091
44	28	-10.909091
46	28	-10.909091
48	28	-10.909091
50	28	-10.909091
0	30	-10.909091
2	30	-10.909091
4	30	-10.909091
6	30	-10.909091
8	30	-10.909091
10	30	-10.909091
12	30	-10.909091
14	30	-10.909091
16	30	-10.909091
18	30	-10.909091
20	30	-10.909091
22	30	-10.909091
24	30	-10.909091
26	30	-10.909091
28	30	-10.909091
30	30	-10.909091
32	30	-10.909091
34	30	-10.909091
36	30	-10.909091
38	30	-10.909091
40	30	-10.909091
42	30	-10.909091
44	30	-10.909091
46	30	-10.909091
48	30	-10.909091
50	30	-10.909091
0	0	-10
2	0	-10
4	0	-10
6	0	-10
8	0	-10
10	0	-10
12	0	-10
14	0	-10
16	0	-10
18	0	-10
20	0	-10
22	0	-10
24	0	-10
26	0	-10
28	0	-10
30	0	-10
32	0	-10
34	0	-10
36	0	-10
38	0	-10
40	0	-10
42	0	-10
44	0	-10
46	0	-10
48	0	-10
50	0	-10
0	2	-10
2	2	-10
4	2	-10
6	2	-10
8	2	-10
10	2	-10
12	2	-10
14	2	-10
16	2	-10
18	2	-10
20	2	-10
22	2	-10
24	2	-10
26	2	-10
28	2	-10
30	2	-10
32	2	-10
34	2	-10
36	2	-10
38	2	-10
40	2	-10
42	2	-10
44	2	-10
46	2	-10
48	2	-10
50	2	-10
0	4	-10
2	4	-10
4	4	-10
6	4	-10
8	4	-10
10	4	-10
12	4	-10
14	4	-10
16	4	-10
18	4	-10
20	4	-10
22	4	-10
24	4	-10
26	4	-10
28	4	-10
30	4	-10
32	4	-10
34	4	-10
36	4	-10
38	4	-10
40	4	-10
42	4	-10
44	4	-10
46	4	-10
48	4	-10
50	4	-10
0	6	-10
2	6	-10
4	6	-10
6	6	-10
8	6	-10
10	6	-10
12	6	-10
14	6	-10
16	6	-10
18	6	-10
20	6	-10
22	6	-10
24	6	-10
26	6	-10
28	6	-10
30	6	-10
32	6	-10
34	6	-10
36	6	-10
38	6	-10
40	6	-10
42	6	-10
44	6	-10
46	6	-10
48	6	-10
50	6	-10
0	8	-10
2	8	-10
4	8	-10
6	8	-10
8	8	-10
10	8	-10
12	8	-10
14	8	-10
16	8	-10
18	8	-10
20	8	-10
22	8	-10
24	8	-10
26	8	-10
28	8	-10
30	8	-10
32	8	-10
34	8	-10
36	8	-10
38	8	-10
40	8	-10
42	8	-10
44	8	-10
46	8	-10
48	8	-10
50	8	-10
0	10	-10
2	10	-10
4	10	-10
6	10	-10
8	10	-10
10	10	-10
12	10	-10
14	10	-10
16	10	-10
18	10	-10
20	10	-10
22	10	-10
24	10	-10
26	10	-10
28	10	-10
30	10	-10
32	10	-10
34	10	-10
36	10	-10
38	10	-10
40	10	-10
42	10	-10
44	10	-10
46	10	-10
48	10	-10
50	10	-10
0	12	-10
2	12	-10
4	12	-10
6	12	-10
8	12	-10
10	12	-10
12	12	-10
14	12	-10
16	12	-10
18	12	-10
20	12	-10
22	12	-10
24	12	-10
26	12	-10
28	12	-10
30	12	-10
32	12	-10
34	12	-10
36	12	-10
38	12	-10
40	12	-10
42	12	-10
44	12	-10
46	12	-10
48	12	-10
50	12	-10
0	14	-10
2	14	-10
4	14	-10
6	14	-10
8	14	-10
10	14	-10
12	14	-10
14	14	-10
16	14	-10
18	14	-10
20	14	-10
22	14	-10
24	14	-10
26	14	-10
28	14	-10
30	14	-10
32	14	-10
34	14	-10
36	14	-10
38	14	-10
40	14	-10
42	14	-10
44	14	-10
46	14	-10
48	14	-10
50	14	-10
0	16	-10
2	16	-10
4	16	-10
6	16	-10
8	16	-10
10	16	-10
12	16	-10
14	16	-10
16	16	-10
18	16	-10
20	16	-10
22	16	-10
24	16	-10
26	16	-10
28	16	-10
30	16	-10
32	16	-10
34	16	-10
36	16	-10
38	16	-10
40	16	-10
42	16	-10
44	16	-10
46	16	-10
48	16	-10
50	16	-10
0	18	-10
2	18	-10
4	18	-10
6	18	-10
8	18	-10
10	18	-10
12	18	-10
14	18	-10
16	18	-10
18	18	-10
20	18	-10
22	18	-10
24	18	-10
26	18	-10
28	18	-10
30	18	-10
32	18	-10
34	18	-10
36	18	-10
38	18	-10
40	18	-10
42	18	-10
44	18	-10
46	18	-10
48	18	-10
50	18	-10
0	20	-10
2	20	-10
4	20	-10
6	20	-10
8	20	-10
10	20	-10
12	20	-10
14	20	-10
16	20	-10
18	20	-10
20	20	-10
22	20	-10
24	20	-10
26	20	-10
28	20	-10
30	20	-10
32	20	-10
34	20	-10
36	20	-10
38	20	-10
40	20	-10
42	20	-10
44	20	-10
46	20	-10
48	20	-10
50	20	-10
0	22	-10
2	22	-10
4	22	-10
6	22	-10
8	22	-10
10	22	-10
12	22	-10
14	22	-10
16	22	-10
18	22	-10
20	22	-10
22	22	-10
24	22	-10
26	22	-10
28	22	-10
30	22	-10
32	22	-10
34	22	-10
36	22	-10
38	22	-10
40	22	-10
42	22	-10
44	22	-10
46	22	-10
48	22	-10
50	22	-10
0	24	-10
2	24	-10
4	24	-10
6	24	-10
8	24	-10
10	24	-10
12	24	-10
14	24	-10
16	24	-10
18	24	-10
20	24	-10
22	24	-10
24	24	-10
26	24	-10
28	24	-10
30	24	-10
32	24	-10
34	24	-10
36	24	-10
38	24	-10
40	24	-10
42	24	-10
44	24	-10
46	24	-10
48	24	-10
50	24	-10
0	26	-10
2	26	-10
4	26	-10
6	26	-10
8	26	-10
10	26	-10
12	26	-10
14	26	-10
16	26	-10
18	26	-10
20	26	-10
22	26	-10
24	26	-10
26	26	-10
28	26	-10
30	26	-10
32	26	-10
34	26	-10
36	26	-10
38	26	-10
40	26	-10
42	26	-10
44	26	-10
46	26	-10
48	26	-10
50	26	-10
0	28	-10
2	28	-10
4	28	-10
6	28	-10
8	28	-10
10	28	-10
12	28	-10
14	28	-10
16	28	-10
18	28	-10
20	28	-10
22	28	-10
24	28	-10
26	28	-10
28	28	-10
30	28	-10
32	28	-10
34	28	-10
36	28	-10
38	28	-10
40	28	-10
42	28	-10
44	28	-10
46	28	-10
48	28	-10
50	28	-10
0	30	-10
2	30	-10
4	30	-10
6	30	-10
8	30	-10
10	30	-10
12	30	-10
14	30	-10
16	30	-10
18	30	-10
20	30	-10
22	30	-10
24	30	-10
26	30	-10
28	30	-10
30	30	-10
32	30	-10
34	30	-10
36	30	-10
38	30	-10
40	30	-10
42	30	-10
44	30	-10
46	30	-10
48	30	-10
50	30	-10
0	0	-9.090909
2	0	-9.090909
4	0	-9.090909
6	0	-9.090909
8	0	-9.090909
10	0	-9.090909
12	0	-9.090909
14	0	-9.090909
16	0	-9.090909
18	0	-9.090909
20	0	-9.090909
22	0	-9.090909
24	0	-9.090909
26	0	-9.090909
28	0	-9.090909
30	0	-9.090909
32	0	-9.090909
34	0	-9.090909
36	0	-9.090909
38	0	-9.090909
40	0	-9.090909
42	0	-9.090909
44	0	-9.090909
46	0	-9.090909
48	0	-9.090909
50	0	-9.090909
0	2	-9.090909
2	2	-9.090909
4	2	-9.090909
6	2	-9.090909
8	2	-9.090909
10	2	-9.090909
12	2	-9.090909
14	2	-9.090909
16	2	-9.090909
18	2	-9.090909
20	2	-9.090909
22	2	-9.090909
24	2	-9.090909
26	2	-9.090909
28	2	-9.090909
30	2	-9.090909
32	2	-9.090909
34	2	-9.090909
36	2	-9.090909
38	2	-9.090909
40	2	-9.090909
42	2	-9.090909
44	2	-9.090909
46	2	-9.090909
48	2	-9.090909
50	2	-9.090909
0	4	-9.090909
2	4	-9.090909
4	4	-9.090909
6	4	-9.090909
8	4	-9.090909
10	4	-9.090909
12	4	-9.090909
14	4	-9.090909
16	4	-9.090909
18	4	-9.090909
20	4	-9.090909
22	4	-9.090909
24	4	-9.090909
26	4	-9.090909
28	4	-9.090909
30	4	-9.090909
32	4	-9.090909
34	4	-9.090909
36	4	-9.090909
38	4	-9.090909
40	4	-9.090909
42	4	-9.090909
44	4	-9.090909
46	4	-9.090909
48	4	-9.090909
50	4	-9.090909
0	6	-9.090909
2	6	-9.090909
4	6	-9.090909
6	6	-9.090909
8	6	-9.090909
10	6	-9.090909
12	6	-9.090909
14	6	-9.090909
16	6	-9.090909
18	6	-9.090909
20	6	-9.090909
22	6	-9.090909
24	6	-9.090909
26	6	-9.090909
28	6	-9.090909
30	6	-9.090909
32	6	-9.090909
34	6	-9.090909
36	6	-9.090909
38	6	-9.090909
40	6	-9.090909
42	6	-9.090909
44	6	-9.090909
46	6	-9.090909
48	6	-9.090909
50	6	-9.090909
0	8	-9.090909
2	8	-9.090909
4	8	-9.090909
6	8	-9.090909
8	8	-9.090909
10	8	-9.090909
12	8	-9.090909
14	8	-9.090909
16	8	-9.090909
18	8	-9.090909
20	8	-9.090909
22	8	-9.090909
24	8	-9.090909
26	8	-9.090909
28	8	-9.090909
30	8	-9.090909
32	8	-9.090909
34	8	-9.090909
36	8	-9.090909
38	8	-9.090909
40	8	-9.090909
42	8	-9.090909
44	8	-9.090909
46	8	-9.090909
48	8	-9.090909
50	8	-9.090909
0	10	-9.090909
2	10	-9.090909
4	10	-9.090909
6	10	-9.090909
8	10	-9.090909
10	10	-9.090909
12	10	-9.090909
14	10	-9.090909
16	10	-9.090909
18	10	-9.090909
20	10	-9.090909
22	10	-9.090909
24	10	-9.090909
26	10	-9.090909
28	10	-9.090909
30	10	-9.090909
32	10	-9.090909
34	10	-9.090909
36	10	-9.090909
38	10	-9.090909
40	10	-9.090909
42	10	-9.090909
44	10	-9.090909
46	10	-9.090909
48	10	-9.090909
50	10	-9.090909
0	12	-9.090909
2	12	-9.090909
4	12	-9.090909
6	12	-9.090909
8	12	-9.090909
10	12	-9.090909
12	12	-9.090909
14	12	-9.090909
16	12	-9.090909
18	12	-9.090909
20	12	-9.090909
22	12	-9.090909
24	12	-9.090909
26	12	-9.090909
28	12	-9.090909
30	12	-9.090909
32	12	-9.090909
34	12	-9.090909
36	12	-9.090909
38	12	-9.090909
40	12	-9.090909
42	12	-9.090909
44	12	-9.090909
46	12	-9.090909
48	12	-9.090909
50	12	-9.090909
0	14	-9.090909
2	14	-9.090909
4	14	-9.090909
6	14	-9.090909
8	14	-9.090909
10	14	-9.090909
12	14	-9.090909
14	14	-9.090909
16	14	-9.090909
18	14	-9.090909
20	14	-9.090909
22	14	-9.090909
24	14	-9.090909
26	14	-9.090909
28	14	-9.090909
30	14	-9.090909
32	14	-9.090909
34	14	-9.090909
36	14	-9.090909
38	14	-9.090909
40	14	-9.090909
42	14	-9.090909
44	14	-9.090909
46	14	-9.090909
48	14	-9.090909
50	14	-9.090909
0	16	-9.090909
2	16	-9.090909
4	16	-9.090909
6	16	-9.090909
8	16	-9.090909
10	16	-9.090909
12	16	-9.090909
14	16	-9.090909
16	16	-9.090909
18	16	-9.090909
20	16	-9.090909
22	16	-9.090909
24	16	-9.090909
26	16	-9.090909
28	16	-9.090909
30	16	-9.090909
32	16	-9.090909
34	16	-9.090909
36	16	-9.090909
38	16	-9.090909
40	16	-9.090909
42	16	-9.090909
44	16	-9.090909
46	16	-9.090909
48	16	-9.090909
50	16	-9.090909
0	18	-9.090909
2	18	-9.090909
4	18	-9.090909
6	18	-9.090909
8	18	-9.090909
10	18	-9.090909
12	18	-9.090909
14	18	-9.090909
16	18	-9.090909
18	18	-9.090909
20	18	-9.090909
22	18	-9.090909
24	18	-9.090909
26	18	-9.090909
28	18	-9.090909
30	18	-9.090909
32	18	-9.090909
34	18	-9.090909
36	18	-9.090909
38	18	-9.090909
40	18	-9.090909
42	18	-9.090909
44	18	-9.090909
46	18	-9.090909
48	18	-9.090909
50	18	-9.090909
0	20	-9.090909
2	20	-9.090909
4	20	-9.090909
6	20	-9.090909
8	20	-9.090909
10	20	-9.090909
12	20	-9.090909
14	20	-9.090909
16	20	-9.090909
18	20	-9.090909
20	20	-9.090909
22	20	-9.090909
24	20	-9.090909
26	20	-9.090909
28	20	-9.090909
30	20	-9.090909
32	20	-9.090909
34	20	-9.090909
36	20	-9.090909
38	20	-9.090909
40	20	-9.090909
42	20	-9.090909
44	20	-9.090909
46	20	-9.090909
48	20	-9.090909
50	20	-9.090909
0	22	-9.090909
2	22	-9.090909
4	22	-9.090909
6	22	-9.090909
8	22	-9.090909
10	22	-9.090909
12	22	-9.090909
14	22	-9.090909
16	22	-9.090909
18	22	-9.090909
20	22	-9.090909
22	22	-9.090909
24	22	-9.090909
26	22	-9.090909
28	22	-9.090909
30	22	-9.090909
32	22	-9.090909
34	22	-9.090909
36	22	-9.090909
38	22	-9.090909
40	22	-9.090909
42	22	-9.090909
44	22	-9.090909
46	22	-9.090909
48	22	-9.090909
50	22	-9.090909
0	24	-9.090909
2	24	-9.090909
4	24	-9.090909
6	24	-9.090909
8	24	-9.090909
10	24	-9.090909
12	24	-9.090909
14	24	-9.090909
16	24	-9.090909
18	24	-9.090909
20	24	-9.090909
22	24	-9.090909
24	24	-9.090909
26	24	-9.090909
28	24	-9.090909
30	24	-9.090909
32	24	-9.090909
34	24	-9.090909
36	24	-9.090909
38	24	-9.090909
40	24	-9.090909
42	24	-9.090909
44	24	-9.090909
46	24	-9.090909
48	24	-9.090909
50	24	-9.090909
0	26	-9.090909
2	26	-9.090909
4	26	-9.090909
6	26	-9.090909
8	26	-9.090909
10	26	-9.090909
12	26	-9.090909
14	26	-9.090909
16	26	-9.090909
18	26	-9.090909
20	26	-9.090909
22	26	-9.090909
24	26	-9.090909
26	26	-9.090909
28	26	-9.090909
30	26	-9.090909
32	26	-9.090909
34	26	-9.090909
36	26	-9.090909
38	26	-9.090909
40	26	-9.090909
42	26	-9.090909
44	26	-9.090909
46	26	-9.090909
48	26	-9.090909
50	26	-9.090909
0	28	-9.090909
2	28	-9.090909
4	28	-9.090909
6	28	-9.090909
8	28	-9.090909
10	28	-9.090909
12	28	-9.090909
14	28	-9.090909
16	28	-9.090909
18	28	-9.090909
20	28	-9.090909
22	28	-9.090909
24	28	-9.090909
26	28	-9.090909
28	28	-9.090909
30	28	-9.090909
32	28	-9.090909
34	28	-9.090909
36	28	-9.090909
38	28	-9.090909
40	28	-9.090909
42	28	-9.090909
44	28	-9.090909
46	28	-9.090909
48	28	-9.090909
50	28	-9.090909
0	30	-9.090909
2	30	-9.090909
4	30	-9.090909
6	30	-9.090909
8	30	-9.090909
10	30	-9.090909
12	30	-9.090909
14	30	-9.090909
16	30	-9.090909
18	30	-9.090909
20	30	-9.090909
22	30	-9.090909
24	30	-9.090909
26	30	-9.090909
28	30	-9.090909
30	30	-9.090909
32	30	-9.090909
34	30	-9.090909
36	30	-9.090909
38	30	-9.090909
40	30	-9.090909
42	30	-9.090909
44	30	-9.090909
46	30	-9.090909
48	30	-9.090909
50	30	-9.090909
0	0	-9
2	0	-9
4	0	-9
6	0	-9
8	0	-9
10	0	-9
12	0	-9
14	0	-9
16	0	-9
18	0	-9
20	0	-9
22	0	-9
24	0	-9
26	0	-9
28	0	-9
30	0	-9
32	0	-9
34	0	-9
36	0	-9
38	0	-9
40	0	-9
42	0	-9
44	0	-9
46	0	-9
48	0	-9
50	0	-9
0	2	-9
2	2	-9
4	2	-9
6	2	-9
8	2	-9
10	2	-9
12	2	-9
14	2	-9
16	2	-9
18	2	-9
20	2	-9
22	2	-9
24	2	-9
26	2	-9
28	2	-9
30	2	-9
32	2	-9
34	2	-9
36	2	-9
38	2	-9
40	2	-9
42	2	-9
44	2	-9
46	2	-9
48	2	-9
50	2	-9
0	4	-9
2	4	-9
4	4	-9
6	4	-9
8	4	-9
10	4	-9
12	4	-9
14	4	-9
16	4	-9
18	4	-9
20	4	-9
22	4	-9
24	4	-9
26	4	-9
28	4	-9
30	4	-9
32	4	-9
34	4	-9
36	4	-9
38	4	-9
40	4	-9
42	4	-9
44	4	-9
46	4	-9
48	4	-9
50	4	-9
0	6	-9
2	6	-9
4	6	-9
6	6	-9
8	6	-9
10	6	-9
12	6	-9
14	6	-9
16	6	-9
18	6	-9
20	6	-9
22	6	-9
24	6	-9
26	6	-9
28	6	-9
30	6	-9
32	6	-9
34	6	-9
36	6	-9
38	6	-9
40	6	-9
42	6	-9
44	6	-9
46	6	-9
48	6	-9
50	6	-9
0	8	-9
2	8	-9
4	8	-9
6	8	-9
8	8	-9
10	8	-9
12	8	-9
14	8	-9
16	8	-9
18	8	-9
20	8	-9
22	8	-9
24	8	-9
26	8	-9
28	8	-9
30	8	-9
32	8	-9
34	8	-9
36	8	-9
38	8	-9
40	8	-9
42	8	-9
44	8	-9
46	8	-9
48	8	-9
50	8	-9
0	10	-9
2	10	-9
4	10	-9
6	10	-9
8	10	-9
10	10	-9
12	10	-9
14	10	-9
16	10	-9
18	10	-9
20	10	-9
22	10	-9
24	10	-9
26	10	-9
28	10	-9
30	10	-9
32	10	-9
34	10	-9
36	10	-9
38	10	-9
40	10	-9
42	10	-9
44	10	-9
46	10	-9
48	10	-9
50	10	-9
0	12	-9
2	12	-9
4	12	-9
6	12	-9
8	12	-9
10	12	-9
12	12	-9
14	12	-9
16	12	-9
18	12	-9
20	12	-9
22	12	-9
24	12	-9
26	12	-9
28	12	-9
30	12	-9
32	12	-9
34	12	-9
36	12	-9
38	12	-9
40	12	-9
42	12	-9
44	12	-9
46	12	-9
48	12	-9
50	12	-9
0	14	-9
2	14	-9
4	14	-9
6	14	-9
8	14	-9
10	14	-9
12	14	-9
14	14	-9
16	14	-9
18	14	-9
20	14	-9
22	14	-9
24	14	-9
26	14	-9
28	14	-9
30	14	-9
32	14	-9
34	14	-9
36	14	-9
38	14	-9
40	14	-9
42	14	-9
44	14	-9
46	14	-9
48	14	-9
50	14	-9
0	16	-9
2	16	-9
4	16	-9
6	16	-9
8	16	-9
10	16	-9
12	16	-9
14	16	-9
16	16	-9
18	16	-9
20	16	-9
22	16	-9
24	16	-9
26	16	-9
28	16	-9
30	16	-9
32	16	-9
34	16	-9
36	16	-9
38	16	-9
40	16	-9
42	16	-9
44	16	-9
46	16	-9
48	16	-9
50	16	-9
0	18	-9
2	18	-9
4	18	-9
6	18	-9
8	18	-9
10	18	-9
12	18	-9
14	18	-9
16	18	-9
18	18	-9
20	18	-9
22	18	-9
24	18	-9
26	18	-9
28	18	-9
30	18	-9
32	18	-9
34	18	-9
36	18	-9
38	18	-9
40	18	-9
42	18	-9
44	18	-9
46	18	-9
48	18	-9
50	18	-9
0	20	-9
2	20	-9
4	20	-9
6	20	-9
8	20	-9
10	20	-9
12	20	-9
14	20	-9
16	20	-9
18	20	-9
20	20	-9
22	20	-9
24	20	-9
26	20	-9
28	20	-9
30	20	-9
32	20	-9
34	20	-9
36	20	-9
38	20	-9
40	20	-9
42	20	-9
44	20	-9
46	20	-9
48	20	-9
50	20	-9
0	22	-9
2	22	-9
4	22	-9
6	22	-9
8	22	-9
10	22	-9
12	22	-9
14	22	-9
16	22	-9
18	22	-9
20	22	-9
22	22	-9
24	22	-9
26	22	-9
28	22	-9
30	22	-9
32	22	-9
34	22	-9
36	22	-9
38	22	-9
40	22	-9
42	22	-9
44	22	-9
46	22	-9
48	22	-9
50	22	-9
0	24	-9
2	24	-9
4	24	-9
6	24	-9
8	24	-9
10	24	-9
12	24	-9
14	24	-9
16	24	-9
18	24	-9
20	24	-9
22	24	-9
24	24	-9
26	24	-9
28	24	-9
30	24	-9
32	24	-9
34	24	-9
36	24	-9
38	24	-9
40	24	-9
42	24	-9
44	24	-9
46	24	-9
48	24	-9
50	24	-9
0	26	-9
2	26	-9
4	26	-9
6	26	-9
8	26	-9
10	26	-9
12	26	-9
14	26	-9
16	26	-9
18	26	-9
20	26	-9
22	26	-9
24	26	-9
26	26	-9
28	26	-9
30	26	-9
32	26	-9
34	26	-9
36	26	-9
38	26	-9
40	26	-9
42	26	-9
44	26	-9
46	26	-9
48	26	-9
50	26	-9
0	28	-9
2	28	-9
4	28	-9
6	28	-9
8	28	-9
10	28	-9
12	28	-9
14	28	-9
16	28	-9
18	28	-9
20	28	-9
22	28	-9
24	28	-9
26	28	-9
28	28	-9
30	28	-9
32	28	-9
34	28	-9
36	28	-9
38	28	-9
40	28	-9
42	28	-9
44	28	-9
46	28	-9
48	28	-9
50	28	-9
0	30	-9
2	30	-9
4	30	-9
6	30	-9
8	30	-9
10	30	-9
12	30	-9
14	30	-9
16	30	-9
18	30	-9
20	30	-9
22	30	-9
24	30	-9
26	30	-9
28	30	-9
30	30	-9
32	30	-9
34	30	-9
36	30	-9
38	30	-9
40	30	-9
42	30	-9
44	30	-9
46	30	-9
48	30	-9
50	30	-9
0	0	-8
2	0	-8
4	0	-8
6	0	-8
8	0	-8
10	0	-8
12	0	-8
14	0	-8
16	0	-8
18	0	-8
20	0	-8
22	0	-8
24	0	-8
26	0	-8
28	0	-8
30	0	-8
32	0	-8
34	0	-8
36	0	-8
38	0	-8
40	0	-8
42	0	-8
44	0	-8
46	0	-8
48	0	-8
50	0	-8
0	2	-8
2	2	-8
4	2	-8
6	2	-8
8	2	-8
10	2	-8
12	2	-8
14	2	-8
16	2	-8
18	2	-8
20	2	-8
22	2	-8
24	2	-8
26	2	-8
28	2	-8
30	2	-8
32	2	-8
34	2	-8
36	2	-8
38	2	-8
40	2	-8
42	2	-8
44	2	-8
46	2	-8
48	2	-8
50	2	-8
0	4	-8
2	4	-8
4	4	-8
6	4	-8
8	4	-8
10	4	-8
12	4	-8
14	4	-8
16	4	-8
18	4	-8
20	4	-8
22	4	-8
24	4	-8
26	4	-8
28	4	-8
30	4	-8
32	4	-8
34	4	-8
36	4	-8
38	4	-8
40	4	-8
42	4	-8
44	4	-8
46	4	-8
48	4	-8
50	4	-8
0	6	-8
2	6	-8
4	6	-8
6	6	-8
8	6	-8
10	6	-8
12	6	-8
14	6	-8
16	6	-8
18	6	-8
20	6	-8
22	6	-8
24	6	-8
26	6	-8
28	6	-8
30	6	-8
32	6	-8
34	6	-8
36	6	-8
38	6	-8
40	6	-8
42	6	-8
44	6	-8
46	6	-8
48	6	-8
50	6	-8
0	8	-8
2	8	-8
4	8	-8
6	8	-8
8	8	-8
10	8	-8
12	8	-8
14	8	-8
16	8	-8
18	8	-8
20	8	-8
22	8	-8
24	8	-8
26	8	-8
28	8	-8
30	8	-8
32	8	-8
34	8	-8
36	8	-8
38	8	-8
40	8	-8
42	8	-8
44	8	-8
46	8	-8
48	8	-8
50	8	-8
0	10	-8
2	10	-8
4	10	-8
6	10	-8
8	10	-8
10	10	-8
12	10	-8
14	10	-8
16	10	-8
18	10	-8
20	10	-8
22	10	-8
24	10	-8
26	10	-8
28	10	-8
30	10	-8
32	10	-8
34	10	-8
36	10	-8
38	10	-8
40	10	-8
42	10	-8
44	10	-8
46	10	-8
48	10	-8
50	10	-8
0	12	-8
2	12	-8
4	12	-8
6	12	-8
8	12	-8
10	12	-8
12	12	-8
14	12	-8
16	12	-8
18	12	-8
20	12	-8
22	12	-8
24	12	-8
26	12	-8
28	12	-8
30	12	-8
32	12	-8
34	12	-8
36	12	-8
38	12	-8
40	12	-8
42	12	-8
44	12	-8
46	12	-8
48	12	-8
50	12	-8
0	14	-8
2	14	-8
4	14	-8
6	14	-8
8	14	-8
10	14	-8
12	14	-8
14	14	-8
16	14	-8
18	14	-8
20	14	-8
22	14	-8
24	14	-8
26	14	-8
28	14	-8
30	14	-8
32	14	-8
34	14	-8
36	14	-8
38	14	-8
40	14	-8
42	14	-8
44	14	-8
46	14	-8
48	14	-8
50	14	-8
0	16	-8
2	16	-8
4	16	-8
6	16	-8
8	16	-8
10	16	-8
12	16	-8
14	16	-8
16	16	-8
18	16	-8
20	16	-8
22	16	-8
24	16	-8
26	16	-8
28	16	-8
30	16	-8
32	16	-8
34	16	-8
36	16	-8
38	16	-8
40	16	-8
42	16	-8
44	16	-8
46	16	-8
48	16	-8
50	16	-8
0	18	-8
2	18	-8
4	18	-8
6	18	-8
8	18	-8
10	18	-8
12	18	-8
14	18	-8
16	18	-8
18	18	-8
20	18	-8
22	18	-8
24	18	-8
26	18	-8
28	18	-8
30	18	-8
32	18	-8
34	18	-8
36	18	-8
38	18	-8
40	18	-8
42	18	-8
44	18	-8
46	18	-8
48	18	-8
50	18	-8
0	20	-8
2	20	-8
4	20	-8
6	20	-8
8	20	-8
10	20	-8
12	20	-8
14	20	-8
16	20	-8
18	20	-8
20	20	-8
22	20	-8
24	20	-8
26	20	-8
28	20	-8
30	20	-8
32	20	-8
34	20	-8
36	20	-8
38	20	-8
40	20	-8
42	20	-8
44	20	-8
46	20	-8
48	20	-8
50	20	-8
0	22	-8
2	22	-8
4	22	-8
6	22	-8
8	22	-8
10	22	-8
12	22	-8
14	22	-8
16	22	-8
18	22	-8
20	22	-8
22	22	-8
24	22	-8
26	22	-8
28	22	-8
30	22	-8
32	22	-8
34	22	-8
36	22	-8
38	22	-8
40	22	-8
42	22	-8
44	22	-8
46	22	-8
48	22	-8
50	22	-8
0	24	-8
2	24	-8
4	24	-8
6	24	-8
8	24	-8
10	24	-8
12	24	-8
14	24	-8
16	24	-8
18	24	-8
20	24	-8
22	24	-8
24	24	-8
26	24	-8
28	24	-8
30	24	-8
32	24	-8
34	24	-8
36	24	-8
38	24	-8
40	24	-8
42	24	-8
44	24	-8
46	24	-8
48	24	-8
50	24	-8
0	26	-8
2	26	-8
4	26	-8
6	26	-8
8	26	-8
10	26	-8
12	26	-8
14	26	-8
16	26	-8
18	26	-8
20	26	-8
22	26	-8
24	26	-8
26	26	-8
28	26	-8
30	26	-8
32	26	-8
34	26	-8
36	26	-8
38	26	-8
40	26	-8
42	26	-8
44	26	-8
46	26	-8
48	26	-8
50	26	-8
0	28	-8
2	28	-8
4	28	-8
6	28	-8
8	28	-8
10	28	-8
12	28	-8
14	28	-8
16	28	-8
18	28	-8
20	28	-8
22	28	-8
24	28	-8
26	28	-8
28	28	-8
30	28	-8
32	28	-8
34	28	-8
36	28	-8
38	28	-8
40	28	-8
42	28	-8
44	28	-8
46	28	-8
48	28	-8
50	28	-8
0	30	-8
2	30	-8
4	30	-8
6	30	-8
8	30	-8
10	30	-8
12	30	-8
14	30	-8
16	30	-8
18	30	-8
20	30	-8
22	30	-8
24	30	-8
26	30	-8
28	30	-8
30	30	-8
32	30	-8
34	30	-8
36	30	-8
38	30	-8
40	30	-8
42	30	-8
44	30	-8
46	30	-8
48	30	-8
50	30	-8
0	0	-7.272727
2	0	-7.272727
4	0	-7.272727
6	0	-7.272727
8	0	-7.272727
10	0	-7.272727
12	0	-7.272727
14	0	-7.272727
16	0	-7.272727
18	0	-7.272727
20	0	-7.272727
22	0	-7.272727
24	0	-7.272727
26	0	-7.272727
28	0	-7.272727
30	0	-7.272727
32	0	-7.272727
34	0	-7.272727
36	0	-7.272727
38	0	-7.272727
40	0	-7.272727
42	0	-7.272727
44	0	-7.272727
46	0	-7.272727
48	0	-7.272727
50	0	-7.272727
0	2	-7.272727
2	2	-7.272727
4	2	-7.272727
6	2	-7.272727
8	2	-7.272727
10	2	-7.272727
12	2	-7.272727
14	2	-7.272727
16	2	-7.272727
18	2	-7.272727
20	2	-7.272727
22	2	-7.272727
24	2	-7.272727
26	2	-7.272727
28	2	-7.272727
30	2	-7.272727
32	2	-7.272727
34	2	-7.272727
36	2	-7.272727
38	2	-7.272727
40	2	-7.272727
42	2	-7.272727
44	2	-7.272727
46	2	-7.272727
48	2	-7.272727
50	2	-7.272727
0	4	-7.272727
2	4	-7.272727
4	4	-7.272727
6	4	-7.272727
8	4	-7.272727
10	4	-7.272727
12	4	-7.272727
14	4	-7.272727
16	4	-7.272727
18	4	-7.272727
20	4	-7.272727
22	4	-7.272727
24	4	-7.272727
26	4	-7.272727
28	4	-7.272727
30	4	-7.272727
32	4	-7.272727
34	4	-7.272727
36	4	-7.272727
38	4	-7.272727
40	4	-7.272727
42	4	-7.272727
44	4	-7.272727
46	4	-7.272727
48	4	-7.272727
50	4	-7.272727
0	6	-7.272727
2	6	-7.272727
4	6	-7.272727
6	6	-7.272727
8	6	-7.272727
10	6	-7.272727
12	6	-7.272727
14	6	-7.272727
16	6	-7.272727
18	6	-7.272727
20	6	-7.272727
22	6	-7.272727
24	6	-7.272727
26	6	-7.272727
28	6	-7.272727
30	6	-7.272727
32	6	-7.272727
34	6	-7.272727
36	6	-7.272727
38	6	-7.272727
40	6	-7.272727
42	6	-7.272727
44	6	-7.272727
46	6	-7.272727
48	6	-7.272727
50	6	-7.272727
0	8	-7.272727
2	8	-7.272727
4	8	-7.272727
6	8	-7.272727
8	8	-7.272727
10	8	-7.272727
12	8	-7.272727
14	8	-7.272727
16	8	-7.272727
18	8	-7.272727
20	8	-7.272727
22	8	-7.272727
24	8	-7.272727
26	8	-7.272727
28	8	-7.272727
30	8	-7.272727
32	8	-7.272727
34	8	-7.272727
36	8	-7.272727
38	8	-7.272727
40	8	-7.272727
42	8	-7.272727
44	8	-7.272727
46	8	-7.272727
48	8	-7.272727
50	8	-7.272727
0	10	-7.272727
2	10	-7.272727
4	10	-7.272727
6	10	-7.272727
8	10	-7.272727
10	10	-7.272727
12	10	-7.272727
14	10	-7.272727
16	10	-7.272727
18	10	-7.272727
20	10	-7.272727
22	10	-7.272727
24	10	-7.272727
26	10	-7.272727
28	10	-7.272727
30	10	-7.272727
32	10	-7.272727
34	10	-7.272727
36	10	-7.272727
38	10	-7.272727
40	10	-7.272727
42	10	-7.272727
44	10	-7.272727
46	10	-7.272727
48	10	-7.272727
50	10	-7.272727
0	12	-7.272727
2	12	-7.272727
4	12	-7.272727
6	12	-7.272727
8	12	-7.272727
10	12	-7.272727
12	12	-7.272727
14	12	-7.272727
16	12	-7.272727
18	12	-7.272727
20	12	-7.272727
22	12	-7.272727
24	12	-7.272727
26	12	-7.272727
28	12	-7.272727
30	12	-7.272727
32	12	-7.272727
34	12	-7.272727
36	12	-7.272727
38	12	-7.272727
40	12	-7.272727
42	12	-7.272727
44	12	-7.272727
46	12	-7.272727
48	12	-7.272727
50	12	-7.272727
0	14	-7.272727
2	14	-7.272727
4	14	-7.272727
6	14	-7.272727
8	14	-7.272727
10	14	-7.272727
12	14	-7.272727
14	14	-7.272727
16	14	-7.272727
18	14	-7.272727
20	14	-7.272727
22	14	-7.272727
24	14	-7.272727
26	14	-7.272727
28	14	-7.272727
30	14	-7.272727
32	14	-7.272727
34	14	-7.272727
36	14	-7.272727
38	14	-7.272727
40	14	-7.272727
42	14	-7.272727
44	14	-7.272727
46	14	-7.272727
48	14	-7.272727
50	14	-7.272727
0	16	-7.272727
2	16	-7.272727
4	16	-7.272727
6	16	-7.272727
8	16	-7.272727
10	16	-7.272727
12	16	-7.272727
14	16	-7.272727
16	16	-7.272727
18	16	-7.272727
20	16	-7.272727
22	16	-7.272727
24	16	-7.272727
26	16	-7.272727
28	16	-7.272727
30	16	-7.272727
32	16	-7.272727
34	16	-7.272727
36	16	-7.272727
38	16	-7.272727
40	16	-7.272727
42	16	-7.272727
44	16	-7.272727
46	16	-7.272727
48	16	-7.272727
50	16	-7.272727
0	18	-7.272727
2	18	-7.272727
4	18	-7.272727
6	18	-7.272727
8	18	-7.272727
10	18	-7.272727
12	18	-7.272727
14	18	-7.272727
16	18	-7.272727
18	18	-7.272727
20	18	-7.272727
22	18	-7.272727
24	18	-7.272727
26	18	-7.272727
28	18	-7.272727
30	18	-7.272727
32	18	-7.272727
34	18	-7.272727
36	18	-7.272727
38	18	-7.272727
40	18	-7.272727
42	18	-7.272727
44	18	-7.272727
46	18	-7.272727
48	18	-7.272727
50	18	-7.272727
0	20	-7.272727
2	20	-7.272727
4	20	-7.272727
6	20	-7.272727
8	20	-7.272727
10	20	-7.272727
12	20	-7.272727
14	20	-7.272727
16	20	-7.272727
18	20	-7.272727
20	20	-7.272727
22	20	-7.272727
24	20	-7.272727
26	20	-7.272727
28	20	-7.272727
30	20	-7.272727
32	20	-7.272727
34	20	-7.272727
36	20	-7.272727
38	20	-7.272727
40	20	-7.272727
42	20	-7.272727
44	20	-7.272727
46	20	-7.272727
48	20	-7.272727
50	20	-7.272727
0	22	-7.272727
2	22	-7.272727
4	22	-7.272727
6	22	-7.272727
8	22	-7.272727
10	22	-7.272727
12	22	-7.272727
14	22	-7.272727
16	22	-7.272727
18	22	-7.272727
20	22	-7.272727
22	22	-7.272727
24	22	-7.272727
26	22	-7.272727
28	22	-7.272727
30	22	-7.272727
32	22	-7.272727
34	22	-7.272727
36	22	-7.272727
38	22	-7.272727
40	22	-7.272727
42	22	-7.272727
44	22	-7.272727
46	22	-7.272727
48	22	-7.272727
50	22	-7.272727
0	24	-7.272727
2	24	-7.272727
4	24	-7.272727
6	24	-7.272727
8	24	-7.272727
10	24	-7.272727
12	24	-7.272727
14	24	-7.272727
16	24	-7.272727
18	24	-7.272727
20	24	-7.272727
22	24	-7.272727
24	24	-7.272727
26	24	-7.272727
28	24	-7.272727
30	24	-7.272727
32	24	-7.272727
34	24	-7.272727
36	24	-7.272727
38	24	-7.272727
40	24	-7.272727
42	24	-7.272727
44	24	-7.272727
46	24	-7.272727
48	24	-7.272727
50	24	-7.272727
0	26	-7.272727
2	26	-7.272727
4	26	-7.272727
6	26	-7.272727
8	26	-7.272727
10	26	-7.272727
12	26	-7.272727
14	26	-7.272727
16	26	-7.272727
18	26	-7.272727
20	26	-7.272727
22	26	-7.272727
24	26	-7.272727
26	26	-7.272727
28	26	-7.272727
30	26	-7.272727
32	26	-7.272727
34	26	-7.272727
36	26	-7.272727
38	26	-7.272727
40	26	-7.272727
42	26	-7.272727
44	26	-7.272727
46	26	-7.272727
48	26	-7.272727
50	26	-7.272727
0	28	-7.272727
2	28	-7.272727
4	28	-7.272727
6	28	-7.272727
8	28	-7.272727
10	28	-7.272727
12	28	-7.272727
14	28	-7.272727
16	28	-7.272727
18	28	-7.272727
20	28	-7.272727
22	28	-7.272727
24	28	-7.272727
26	28	-7.272727
28	28	-7.272727
30	28	-7.272727
32	28	-7.272727
34	28	-7.272727
36	28	-7.272727
38	28	-7.272727
40	28	-7.272727
42	28	-7.272727
44	28	-7.272727
46	28	-7.272727
48	28	-7.272727
50	28	-7.272727
0	30	-7.272727
2	30	-7.272727
4	30	-7.272727
6	30	-7.272727
8	30	-7.272727
10	30	-7.272727
12	30	-7.272727
14	30	-7.272727
16	30	-7.272727
18	30	-7.272727
20	30	-7.272727
22	30	-7.272727
24	30	-7.272727
26	30	-7.272727
28	30	-7.272727
30	30	-7.272727
32	30	-7.272727
34	30	-7.272727
36	30	-7.272727
38	30	-7.272727
40	30	-7.272727
42	30	-7.272727
44	30	-7.272727
46	30	-7.272727
48	30	-7.272727
50	30	-7.272727
0	0	-7
2	0	-7
4	0	-7
6	0	-7
8	0	-7
10	0	-7
12	0	-7
14	0	-7
16	0	-7
18	0	-7
20	0	-7
22	0	-7
24	0	-7
26	0	-7
28	0	-7
30	0	-7
32	0	-7
34	0	-7
36	0	-7
38	0	-7
40	0	-7
42	0	-7
44	0	-7
46	0	-7
48	0	-7
50	0	-7
0	2	-7
2	2	-7
4	2	-7
6	2	-7
8	2	-7
10	2	-7
12	2	-7
14	2	-7
16	2	-7
18	2	-7
20	2	-7
22	2	-7
24	2	-7
26	2	-7
28	2	-7
30	2	-7
32	2	-7
34	2	-7
36	2	-7
38	2	-7
40	2	-7
42	2	-7
44	2	-7
46	2	-7
48	2	-7
50	2	-7
0	4	-7
2	4	-7
4	4	-7
6	4	-7
8	4	-7
10	4	-7
12	4	-7
14	4	-7
16	4	-7
18	4	-7
20	4	-7
22	4	-7
24	4	-7
26	4	-7
28	4	-7
30	4	-7
32	4	-7
34	4	-7
36	4	-7
38	4	-7
40	4	-7
42	4	-7
44	4	-7
46	4	-7
48	4	-7
50	4	-7
0	6	-7
2	6	-7
4	6	-7
6	6	-7
8	6	-7
10	6	-7
12	6	-7
14	6	-7
16	6	-7
18	6	-7
20	6	-7
22	6	-7
24	6	-7
26	6	-7
28	6	-7
30	6	-7
32	6	-7
34	6	-7
36	6	-7
38	6	-7
40	6	-7
42	6	-7
44	6	-7
46	6	-7
48	6	-7
50	6	-7
0	8	-7
2	8	-7
4	8	-7
6	8	-7
8	8	-7
10	8	-7
12	8	-7
14	8	-7
16	8	-7
18	8	-7
20	8	-7
22	8	-7
24	8	-7
26	8	-7
28	8	-7
30	8	-7
32	8	-7
34	8	-7
36	8	-7
38	8	-7
40	8	-7
42	8	-7
44	8	-7
46	8	-7
48	8	-7
50	8	-7
0	10	-7
2	10	-7
4	10	-7
6	10	-7
8	10	-7
10	10	-7
12	10	-7
14	10	-7
16	10	-7
18	10	-7
20	10	-7
22	10	-7
24	10	-7
26	10	-7
28	10	-7
30	10	-7
32	10	-7
34	10	-7
36	10	-7
38	10	-7
40	10	-7
42	10	-7
44	10	-7
46	10	-7
48	10	-7
50	10	-7
0	12	-7
2	12	-7
4	12	-7
6	12	-7
8	12	-7
10	12	-7
12	12	-7
14	12	-7
16	12	-7
18	12	-7
20	12	-7
22	12	-7
24	12	-7
26	12	-7
28	12	-7
30	12	-7
32	12	-7
34	12	-7
36	12	-7
38	12	-7
40	12	-7
42	12	-7
44	12	-7
46	12	-7
48	12	-7
50	12	-7
0	14	-7
2	14	-7
4	14	-7
6	14	-7
8	14	-7
10	14	-7
12	14	-7
14	14	-7
16	14	-7
18	14	-7
20	14	-7
22	14	-7
24	14	-7
26	14	-7
28	14	-7
30	14	-7
32	14	-7
34	14	-7
36	14	-7
38	14	-7
40	14	-7
42	14	-7
44	14	-7
46	14	-7
48	14	-7
50	14	-7
0	16	-7
2	16	-7
4	16	-7
6	16	-7
8	16	-7
10	16	-7
12	16	-7
14	16	-7
16	16	-7
18	16	-7
20	16	-7
22	16	-7
24	16	-7
26	16	-7
28	16	-7
30	16	-7
32	16	-7
34	16	-7
36	16	-7
38	16	-7
40	16	-7
42	16	-7
44	16	-7
46	16	-7
48	16	-7
50	16	-7
0	18	-7
2	18	-7
4	18	-7
6	18	-7
8	18	-7
10	18	-7
12	18	-7
14	18	-7
16	18	-7
18	18	-7
20	18	-7
22	18	-7
24	18	-7
26	18	-7
28	18	-7
30	18	-7
32	18	-7
34	18	-7
36	18	-7
38	18	-7
40	18	-7
42	18	-7
44	18	-7
46	18	-7
48	18	-7
50	18	-7
0	20	-7
2	20	-7
4	20	-7
6	20	-7
8	20	-7
10	20	-7
12	20	-7
14	20	-7
16	20	-7
18	20	-7
20	20	-7
22	20	-7
24	20	-7
26	20	-7
28	20	-7
30	20	-7
32	20	-7
34	20	-7
36	20	-7
38	20	-7
40	20	-7
42	20	-7
44	20	-7
46	20	-7
48	20	-7
50	20	-7
0	22	-7
2	22	-7
4	22	-7
6	22	-7
8	22	-7
10	22	-7
12	22	-7
14	22	-7
16	22	-7
18	22	-7
20	22	-7
22	22	-7
24	22	-7
26	22	-7
28	22	-7
30	22	-7
32	22	-7
34	22	-7
36	22	-7
38	22	-7
40	22	-7
42	22	-7
44	22	-7
46	22	-7
48	22	-7
50	22	-7
0	24	-7
2	24	-7
4	24	-7
6	24	-7
8	24	-7
10	24	-7
12	24	-7
14	24	-7
16	24	-7
18	24	-7
20	24	-7
22	24	-7
24	24	-7
26	24	-7
28	24	-7
30	24	-7
32	24	-7
34	24	-7
36	24	-7
38	24	-7
40	24	-7
42	24	-7
44	24	-7
46	24	-7
48	24	-7
50	24	-7
0	26	-7
2	26	-7
4	26	-7
6	26	-7
8	26	-7
10	26	-7
12	26	-7
14	26	-7
16	26	-7
18	26	-7
20	26	-7
22	26	-7
24	26	-7
26	26	-7
28	26	-7
30	26	-7
32	26	-7
34	26	-7
36	26	-7
38	26	-7
40	26	-7
42	26	-7
44	26	-7
46	26	-7
48	26	-7
50	26	-7
0	28	-7
2	28	-7
4	28	-7
6	28	-7
8	28	-7
10	28	-7
12	28	-7
14	28	-7
16	28	-7
18	28	-7
20	28	-7
22	28	-7
24	28	-7
26	28	-7
28	28	-7
30	28	-7
32	28	-7
34	28	-7
36	28	-7
38	28	-7
40	28	-7
42	28	-7
44	28	-7
46	28	-7
48	28	-7
50	28	-7
0	30	-7
2	30	-7
4	30	-7
6	30	-7
8	30	-7
10	30	-7
12	30	-7
14	30	-7
16	30	-7
18	30	-7
20	30	-7
22	30	-7
24	30	-7
26	30	-7
28	30	-7
30	30	-7
32	30	-7
34	30	-7
36	30	-7
38	30	-7
40	30	-7
42	30	-7
44	30	-7
46	30	-7
48	30	-7
50	30	-7
0	0	-6
2	0	-6
4	0	-6
6	0	-6
8	0	-6
10	0	-6
12	0	-6
14	0	-6
16	0	-6
18	0	-6
20	0	-6
22	0	-6
24	0	-6
26	0	-6
28	0	-6
30	0	-6
32	0	-6
34	0	-6
36	0	-6
38	0	-6
40	0	-6
42	0	-6
44	0	-6
46	0	-6
48	0	-6
50	0	-6
0	2	-6
2	2	-6
4	2	-6
6	2	-6
8	2	-6
10	2	-6
12	2	-6
14	2	-6
16	2	-6
18	2	-6
20	2	-6
22	2	-6
24	2	-6
26	2	-6
28	2	-6
30	2	-6
32	2	-6
34	2	-6
36	2	-6
38	2	-6
40	2	-6
42	2	-6
44	2	-6
46	2	-6
48	2	-6
50	2	-6
0	4	-6
2	4	-6
4	4	-6
6	4	-6
8	4	-6
10	4	-6
12	4	-6
14	4	-6
16	4	-6
18	4	-6
20	4	-6
22	4	-6
24	4	-6
26	4	-6
28	4	-6
30	4	-6
32	4	-6
34	4	-6
36	4	-6
38	4	-6
40	4	-6
42	4	-6
44	4	-6
46	4	-6
48	4	-6
50	4	-6
0	6	-6
2	6	-6
4	6	-6
6	6	-6
8	6	-6
10	6	-6
12	6	-6
14	6	-6
16	6	-6
18	6	-6
20	6	-6
22	6	-6
24	6	-6
26	6	-6
28	6	-6
30	6	-6
32	6	-6
34	6	-6
36	6	-6
38	6	-6
40	6	-6
42	6	-6
44	6	-6
46	6	-6
48	6	-6
50	6	-6
0	8	-6
2	8	-6
4	8	-6
6	8	-6
8	8	-6
10	8	-6
12	8	-6
14	8	-6
16	8	-6
18	8	-6
20	8	-6
22	8	-6
24	8	-6
26	8	-6
28	8	-6
30	8	-6
32	8	-6
34	8	-6
36	8	-6
38	8	-6
40	8	-6
42	8	-6
44	8	-6
46	8	-6
48	8	-6
50	8	-6
0	10	-6
2	10	-6
4	10	-6
6	10	-6
8	10	-6
10	10	-6
12	10	-6
14	10	-6
16	10	-6
18	10	-6
20	10	-6
22	10	-6
24	10	-6
26	10	-6
28	10	-6
30	10	-6
32	10	-6
34	10	-6
36	10	-6
38	10	-6
40	10	-6
42	10	-6
44	10	-6
46	10	-6
48	10	-6
50	10	-6
0	12	-6
2	12	-6
4	12	-6
6	12	-6
8	12	-6
10	12	-6
12	12	-6
14	12	-6
16	12	-6
18	12	-6
20	12	-6
22	12	-6
24	12	-6
26	12	-6
28	12	-6
30	12	-6
32	12	-6
34	12	-6
36	12	-6
38	12	-6
40	12	-6
42	12	-6
44	12	-6
46	12	-6
48	12	-6
50	12	-6
0	14	-6
2	14	-6
4	14	-6
6	14	-6
8	14	-6
10	14	-6
12	14	-6
14	14	-6
16	14	-6
18	14	-6
20	14	-6
22	14	-6
24	14	-6
26	14	-6
28	14	-6
30	14	-6
32	14	-6
34	14	-6
36	14	-6
38	14	-6
40	14	-6
42	14	-6
44	14	-6
46	14	-6
48	14	-6
50	14	-6
0	16	-6
2	16	-6
4	16	-6
6	16	-6
8	16	-6
10	16	-6
12	16	-6
14	16	-6
16	16	-6
18	16	-6
20	16	-6
22	16	-6
24	16	-6
26	16	-6
28	16	-6
30	16	-6
32	16	-6
34	16	-6
36	16	-6
38	16	-6
40	16	-6
42	16	-6
44	16	-6
46	16	-6
48	16	-6
50	16	-6
0	18	-6
2	18	-6
4	18	-6
6	18	-6
8	18	-6
10	18	-6
12	18	-6
14	18	-6
16	18	-6
18	18	-6
20	18	-6
22	18	-6
24	18	-6
26	18	-6
28	18	-6
30	18	-6
32	18	-6
34	18	-6
36	18	-6
38	18	-6
40	18	-6
42	18	-6
44	18	-6
46	18	-6
48	18	-6
50	18	-6
0	20	-6
2	20	-6
4	20	-6
6	20	-6
8	20	-6
10	20	-6
12	20	-6
14	20	-6
16	20	-6
18	20	-6
20	20	-6
22	20	-6
24	20	-6
26	20	-6
28	20	-6
30	20	-6
32	20	-6
34	20	-6
36	20	-6
38	20	-6
40	20	-6
42	20	-6
44	20	-6
46	20	-6
48	20	-6
50	20	-6
0	22	-6
2	22	-6
4	22	-6
6	22	-6
8	22	-6
10	22	-6
12	22	-6
14	22	-6
16	22	-6
18	22	-6
20	22	-6
22	22	-6
24	22	-6
26	22	-6
28	22	-6
30	22	-6
32	22	-6
34	22	-6
36	22	-6
38	22	-6
40	22	-6
42	22	-6
44	22	-6
46	22	-6
48	22	-6
50	22	-6
0	24	-6
2	24	-6
4	24	-6
6	24	-6
8	24	-6
10	24	-6
12	24	-6
14	24	-6
16	24	-6
18	24	-6
20	24	-6
22	24	-6
24	24	-6
26	24	-6
28	24	-6
30	24	-6
32	24	-6
34	24	-6
36	24	-6
38	24	-6
40	24	-6
42	24	-6
44	24	-6
46	24	-6
48	24	-6
50	24	-6
0	26	-6
2	26	-6
4	26	-6
6	26	-6
8	26	-6
10	26	-6
12	26	-6
14	26	-6
16	26	-6
18	26	-6
20	26	-6
22	26	-6
24	26	-6
26	26	-6
28	26	-6
30	26	-6
32	26	-6
34	26	-6
36	26	-6
38	26	-6
40	26	-6
42	26	-6
44	26	-6
46	26	-6
48	26	-6
50	26	-6
0	28	-6
2	28	-6
4	28	-6
6	28	-6
8	28	-6
10	28	-6
12	28	-6
14	28	-6
16	28	-6
18	28	-6
20	28	-6
22	28	-6
24	28	-6
26	28	-6
28	28	-6
30	28	-6
32	28	-6
34	28	-6
36	28	-6
38	28	-6
40	28	-6
42	28	-6
44	28	-6
46	28	-6
48	28	-6
50	28	-6
0	30	-6
2	30	-6
4	30	-6
6	30	-6
8	30	-6
10	30	-6
12	30	-6
14	30	-6
16	30	-6
18	30	-6
20	30	-6
22	30	-6
24	30	-6
26	30	-6
28	30	-6
30	30	-6
32	30	-6
34	30	-6
36	30	-6
38	30	-6
40	30	-6
42	30	-6
44	30	-6
46	30	-6
48	30	-6
50	30	-6
0	0	-5.454545
2	0	-5.454545
4	0	-5.454545
6	0	-5.454545
8	0	-5.454545
10	0	-5.454545
12	0	-5.454545
14	0	-5.454545
16	0	-5.454545
18	0	-5.454545
20	0	-5.454545
22	0	-5.454545
24	0	-5.454545
26	0	-5.454545
28	0	-5.454545
30	0	-5.454545
32	0	-5.454545
34	0	-5.454545
36	0	-5.454545
38	0	-5.454545
40	0	-5.454545
42	0	-5.454545
44	0	-5.454545
46	0	-5.454545
48	0	-5.454545
50	0	-5.454545
0	2	-5.454545
2	2	-5.454545
4	2	-5.454545
6	2	-5.454545
8	2	-5.454545
10	2	-5.454545
12	2	-5.454545
14	2	-5.454545
16	2	-5.454545
18	2	-5.454545
20	2	-5.454545
22	2	-5.454545
24	2	-5.454545
26	2	-5.454545
28	2	-5.454545
30	2	-5.454545
32	2	-5.454545
34	2	-5.454545
36	2	-5.454545
38	2	-5.454545
40	2	-5.454545
42	2	-5.454545
44	2	-5.454545
46	2	-5.454545
48	2	-5.454545
50	2	-5.454545
0	4	-5.454545
2	4	-5.454545
4	4	-5.454545
6	4	-5.454545
8	4	-5.454545
10	4	-5.454545
12	4	-5.454545
14	4	-5.454545
16	4	-5.454545
18	4	-5.454545
20	4	-5.454545
22	4	-5.454545
24	4	-5.454545
26	4	-5.454545
28	4	-5.454545
30	4	-5.454545
32	4	-5.454545
34	4	-5.454545
36	4	-5.454545
38	4	-5.454545
40	4	-5.454545
42	4	-5.454545
44	4	-5.454545
46	4	-5.454545
48	4	-5.454545
50	4	-5.454545
0	6	-5.454545
2	6	-5.454545
4	6	-5.454545
6	6	-5.454545
8	6	-5.454545
10	6	-5.454545
12	6	-5.454545
14	6	-5.454545
16	6	-5.454545
18	6	-5.454545
20	6	-5.454545
22	6	-5.454545
24	6	-5.454545
26	6	-5.454545
28	6	-5.454545
30	6	-5.454545
32	6	-5.454545
34	6	-5.454545
36	6	-5.454545
38	6	-5.454545
40	6	-5.454545
42	6	-5.454545
44	6	-5.454545
46	6	-5.454545
48	6	-5.454545
50	6	-5.454545
0	8	-5.454545
2	8	-5.454545
4	8	-5.454545
6	8	-5.454545
8	8	-5.454545
10	8	-5.454545
12	8	-5.454545
14	8	-5.454545
16	8	-5.454545
18	8	-5.454545
20	8	-5.454545
22	8	-5.454545
24	8	-5.454545
26	8	-5.454545
28	8	-5.454545
30	8	-5.454545
32	8	-5.454545
34	8	-5.454545
36	8	-5.454545
38	8	-5.454545
40	8	-5.454545
42	8	-5.454545
44	8	-5.454545
46	8	-5.454545
48	8	-5.454545
50	8	-5.454545
0	10	-5.454545
2	10	-5.454545
4	10	-5.454545
6	10	-5.454545
8	10	-5.454545
10	10	-5.454545
12	10	-5.454545
14	10	-5.454545
16	10	-5.454545
18	10	-5.454545
20	10	-5.454545
22	10	-5.454545
24	10	-5.454545
26	10	-5.454545
28	10	-5.454545
30	10	-5.454545
32	10	-5.454545
34	10	-5.454545
36	10	-5.454545
38	10	-5.454545
40	10	-5.454545
42	10	-5.454545
44	10	-5.454545
46	10	-5.454545
48	10	-5.454545
50	10	-5.454545
0	12	-5.454545
2	12	-5.454545
4	12	-5.454545
6	12	-5.454545
8	12	-5.454545
10	12	-5.454545
12	12	-5.454545
14	12	-5.454545
16	12	-5.454545
18	12	-5.454545
20	12	-5.454545
22	12	-5.454545
24	12	-5.454545
26	12	-5.454545
28	12	-5.454545
30	12	-5.454545
32	12	-5.454545
34	12	-5.454545
36	12	-5.454545
38	12	-5.454545
40	12	-5.454545
42	12	-5.454545
44	12	-5.454545
46	12	-5.454545
48	12	-5.454545
50	12	-5.454545
0	14	-5.454545
2	14	-5.454545
4	14	-5.454545
6	14	-5.454545
8	14	-5.454545
10	14	-5.454545
12	14	-5.454545
14	14	-5.454545
16	14	-5.454545
18	14	-5.454545
20	14	-5.454545
22	14	-5.454545
24	14	-5.454545
26	14	-5.454545
28	14	-5.454545
30	14	-5.454545
32	14	-5.454545
34	14	-5.454545
36	14	-5.454545
38	14	-5.454545
40	14	-5.454545
42	14	-5.454545
44	14	-5.454545
46	14	-5.454545
48	14	-5.454545
50	14	-5.454545
0	16	-5.454545
2	16	-5.454545
4	16	-5.454545
6	16	-5.454545
8	16	-5.454545
10	16	-5.454545
12	16	-5.454545
14	16	-5.454545
16	16	-5.454545
18	16	-5.454545
20	16	-5.454545
22	16	-5.454545
24	16	-5.454545
26	16	-5.454545
28	16	-5.454545
30	16	-5.454545
32	16	-5.454545
34	16	-5.454545
36	16	-5.454545
38	16	-5.454545
40	16	-5.454545
42	16	-5.454545
44	16	-5.454545
46	16	-5.454545
48	16	-5.454545
50	16	-5.454545
0	18	-5.454545
2	18	-5.454545
4	18	-5.454545
6	18	-5.454545
8	18	-5.454545
10	18	-5.454545
12	18	-5.454545
14	18	-5.454545
16	18	-5.454545
18	18	-5.454545
20	18	-5.454545
22	18	-5.454545
24	18	-5.454545
26	18	-5.454545
28	18	-5.454545
30	18	-5.454545
32	18	-5.454545
34	18	-5.454545
36	18	-5.454545
38	18	-5.454545
40	18	-5.454545
42	18	-5.454545
44	18	-5.454545
46	18	-5.454545
48	18	-5.454545
50	18	-5.454545
0	20	-5.454545
2	20	-5.454545
4	20	-5.454545
6	20	-5.454545
8	20	-5.454545
10	20	-5.454545
12	20	-5.454545
14	20	-5.454545
16	20	-5.454545
18	20	-5.454545
20	20	-5.454545
22	20	-5.454545
24	20	-5.454545
26	20	-5.454545
28	20	-5.454545
30	20	-5.454545
32	20	-5.454545
34	20	-5.454545
36	20	-5.454545
38	20	-5.454545
40	20	-5.454545
42	20	-5.454545
44	20	-5.454545
46	20	-5.454545
48	20	-5.454545
50	20	-5.454545
0	22	-5.454545
2	22	-5.454545
4	22	-5.454545
6	22	-5.454545
8	22	-5.454545
10	22	-5.454545
12	22	-5.454545
14	22	-5.454545
16	22	-5.454545
18	22	-5.454545
20	22	-5.454545
22	22	-5.454545
24	22	-5.454545
26	22	-5.454545
28	22	-5.454545
30	22	-5.454545
32	22	-5.454545
34	22	-5.454545
36	22	-5.454545
38	22	-5.454545
40	22	-5.454545
42	22	-5.454545
44	22	-5.454545
46	22	-5.454545
48	22	-5.454545
50	22	-5.454545
0	24	-5.454545
2	24	-5.454545
4	24	-5.454545
6	24	-5.454545
8	24	-5.454545
10	24	-5.454545
12	24	-5.454545
14	24	-5.454545
16	24	-5.454545
18	24	-5.454545
20	24	-5.454545
22	24	-5.454545
24	24	-5.454545
26	24	-5.454545
28	24	-5.454545
30	24	-5.454545
32	24	-5.454545
34	24	-5.454545
36	24	-5.454545
38	24	-5.454545
40	24	-5.454545
42	24	-5.454545
44	24	-5.454545
46	24	-5.454545
48	24	-5.454545
50	24	-5.454545
0	26	-5.454545
2	26	-5.454545
4	26	-5.454545
6	26	-5.454545
8	26	-5.454545
10	26	-5.454545
12	26	-5.454545
14	26	-5.454545
16	26	-5.454545
18	26	-5.454545
20	26	-5.454545
22	26	-5.454545
24	26	-5.454545
26	26	-5.454545
28	26	-5.454545
30	26	-5.454545
32	26	-5.454545
34	26	-5.454545
36	26	-5.454545
38	26	-5.454545
40	26	-5.454545
42	26	-5.454545
44	26	-5.454545
46	26	-5.454545
48	26	-5.454545
50	26	-5.454545
0	28	-5.454545
2	28	-5.454545
4	28	-5.454545
6	28	-5.454545
8	28	-5.454545
10	28	-5.454545
12	28	-5.454545
14	28	-5.454545
16	28	-5.454545
18	28	-5.454545
20	28	-5.454545
22	28	-5.454545
24	28	-5.454545
26	28	-5.454545
28	28	-5.454545
30	28	-5.454545
32	28	-5.454545
34	28	-5.454545
36	28	-5.454545
38	28	-5.454545
40	28	-5.454545
42	28	-5.454545
44	28	-5.454545
46	28	-5.454545
48	28	-5.454545
50	28	-5.454545
0	30	-5.454545
2	30	-5.454545
4	30	-5.454545
6	30	-5.454545
8	30	-5.454545
10	30	-5.454545
12	30	-5.454545
14	30	-5.454545
16	30	-5.454545
18	30	-5.454545
20	30	-5.454545
22	30	-5.454545
24	30	-5.454545
26	30	-5.454545
28	30	-5.454545
30	30	-5.454545
32	30	-5.454545
34	30	-5.454545
36	30	-5.454545
38	30	-5.454545
40	30	-5.454545
42	30	-5.454545
44	30	-5.454545
46	30	-5.454545
48	30	-5.454545
50	30	-5.454545
0	0	-5
2	0	-5
4	0	-5
6	0	-5
8	0	-5
10	0	-5
12	0	-5
14	0	-5
16	0	-5
18	0	-5
20	0	-5
22	0	-5
24	0	-5
26	0	-5
28	0	-5
30	0	-5
32	0	-5
34	0	-5
36	0	-5
38	0	-5
40	0	-5
42	0	-5
44	0	-5
46	0	-5
48	0	-5
50	0	-5
0	2	-5
2	2	-5
4	2	-5
6	2	-5
8	2	-5
10	2	-5
12	2	-5
14	2	-5
16	2	-5
18	2	-5
20	2	-5
22	2	-5
24	2	-5
26	2	-5
28	2	-5
30	2	-5
32	2	-5
34	2	-5
36	2	-5
38	2	-5
40	2	-5
42	2	-5
44	2	-5
46	2	-5
48	2	-5
50	2	-5
0	4	-5
2	4	-5
4	4	-5
6	4	-5
8	4	-5
10	4	-5
12	4	-5
14	4	-5
16	4	-5
18	4	-5
20	4	-5
22	4	-5
24	4	-5
26	4	-5
28	4	-5
30	4	-5
32	4	-5
34	4	-5
36	4	-5
38	4	-5
40	4	-5
42	4	-5
44	4	-5
46	4	-5
48	4	-5
50	4	-5
0	6	-5
2	6	-5
4	6	-5
6	6	-5
8	6	-5
10	6	-5
12	6	-5
14	6	-5
16	6	-5
18	6	-5
20	6	-5
22	6	-5
24	6	-5
26	6	-5
28	6	-5
30	6	-5
32	6	-5
34	6	-5
36	6	-5
38	6	-5
40	6	-5
42	6	-5
44	6	-5
46	6	-5
48	6	-5
50	6	-5
0	8	-5
2	8	-5
4	8	-5
6	8	-5
8	8	-5
10	8	-5
12	8	-5
14	8	-5
16	8	-5
18	8	-5
20	8	-5
22	8	-5
24	8	-5
26	8	-5
28	8	-5
30	8	-5
32	8	-5
34	8	-5
36	8	-5
38	8	-5
40	8	-5
42	8	-5
44	8	-5
46	8	-5
48	8	-5
50	8	-5
0	10	-5
2	10	-5
4	10	-5
6	10	-5
8	10	-5
10	10	-5
12	10	-5
14	10	-5
16	10	-5
18	10	-5
20	10	-5
22	10	-5
24	10	-5
26	10	-5
28	10	-5
30	10	-5
32	10	-5
34	10	-5
36	10	-5
38	10	-5
40	10	-5
42	10	-5
44	10	-5
46	10	-5
48	10	-5
50	10	-5
0	12	-5
2	12	-5
4	12	-5
6	12	-5
8	12	-5
10	12	-5
12	12	-5
14	12	-5
16	12	-5
18	12	-5
20	12	-5
22	12	-5
24	12	-5
26	12	-5
28	12	-5
30	12	-5
32	12	-5
34	12	-5
36	12	-5
38	12	-5
40	12	-5
42	12	-5
44	12	-5
46	12	-5
48	12	-5
50	12	-5
0	14	-5
2	14	-5
4	14	-5
6	14	-5
8	14	-5
10	14	-5
12	14	-5
14	14	-5
16	14	-5
18	14	-5
20	14	-5
22	14	-5
24	14	-5
26	14	-5
28	14	-5
30	14	-5
32	14	-5
34	14	-5
36	14	-5
38	14	-5
40	14	-5
42	14	-5
44	14	-5
46	14	-5
48	14	-5
50	14	-5
0	16	-5
2	16	-5
4	16	-5
6	16	-5
8	16	-5
10	16	-5
12	16	-5
14	16	-5
16	16	-5
18	16	-5
20	16	-5
22	16	-5
24	16	-5
26	16	-5
28	16	-5
30	16	-5
32	16	-5
34	16	-5
36	16	-5
38	16	-5
40	16	-5
42	16	-5
44	16	-5
46	16	-5
48	16	-5
50	16	-5
0	18	-5
2	18	-5
4	18	-5
6	18	-5
8	18	-5
10	18	-5
12	18	-5
14	18	-5
16	18	-5
18	18	-5
20	18	-5
22	18	-5
24	18	-5
26	18	-5
28	18	-5
30	18	-5
32	18	-5
34	18	-5
36	18	-5
38	18	-5
40	18	-5
42	18	-5
44	18	-5
46	18	-5
48	18	-5
50	18	-5
0	20	-5
2	20	-5
4	20	-5
6	20	-5
8	20	-5
10	20	-5
12	20	-5
14	20	-5
16	20	-5
18	20	-5
20	20	-5
22	20	-5
24	20	-5
26	20	-5
28	20	-5
30	20	-5
32	20	-5
34	20	-5
36	20	-5
38	20	-5
40	20	-5
42	20	-5
44	20	-5
46	20	-5
48	20	-5
50	20	-5
0	22	-5
2	22	-5
4	22	-5
6	22	-5
8	22	-5
10	22	-5
12	22	-5
14	22	-5
16	22	-5
18	22	-5
20	22	-5
22	22	-5
24	22	-5
26	22	-5
28	22	-5
30	22	-5
32	22	-5
34	22	-5
36	22	-5
38	22	-5
40	22	-5
42	22	-5
44	22	-5
46	22	-5
48	22	-5
50	22	-5
0	24	-5
2	24	-5
4	24	-5
6	24	-5
8	24	-5
10	24	-5
12	24	-5
14	24	-5
16	24	-5
18	24	-5
20	24	-5
22	24	-5
24	24	-5
26	24	-5
28	24	-5
30	24	-5
32	24	-5
34	24	-5
36	24	-5
38	24	-5
40	24	-5
42	24	-5
44	24	-5
46	24	-5
48	24	-5
50	24	-5
0	26	-5
2	26	-5
4	26	-5
6	26	-5
8	26	-5
10	26	-5
12	26	-5
14	26	-5
16	26	-5
18	26	-5
20	26	-5
22	26	-5
24	26	-5
26	26	-5
28	26	-5
30	26	-5
32	26	-5
34	26	-5
36	26	-5
38	26	-5
40	26	-5
42	26	-5
44	26	-5
46	26	-5
48	26	-5
50	26	-5
0	28	-5
2	28	-5
4	28	-5
6	28	-5
8	28	-5
10	28	-5
12	28	-5
14	28	-5
16	28	-5
18	28	-5
20	28	-5
22	28	-5
24	28	-5
26	28	-5
28	28	-5
30	28	-5
32	28	-5
34	28	-5
36	28	-5
38	28	-5
40	28	-5
42	28	-5
44	28	-5
46	28	-5
48	28	-5
50	28	-5
0	30	-5
2	30	-5
4	30	-5
6	30	-5
8	30	-5
10	30	-5
12	30	-5
14	30	-5
16	30	-5
18	30	-5
20	30	-5
22	30	-5
24	30	-5
26	30	-5
28	30	-5
30	30	-5
32	30	-5
34	30	-5
36	30	-5
38	30	-5
40	30	-5
42	30	-5
44	30	-5
46	30	-5
48	30	-5
50	30	-5
0	0	-4
2	0	-4
4	0	-4
6	0	-4
8	0	-4
10	0	-4
12	0	-4
14	0	-4
16	0	-4
18	0	-4
20	0	-4
22	0	-4
24	0	-4
26	0	-4
28	0	-4
30	0	-4
32	0	-4
34	0	-4
36	0	-4
38	0	-4
40	0	-4
42	0	-4
44	0	-4
46	0	-4
48	0	-4
50	0	-4
0	2	-4
2	2	-4
4	2	-4
6	2	-4
8	2	-4
10	2	-4
12	2	-4
14	2	-4
16	2	-4
18	2	-4
20	2	-4
22	2	-4
24	2	-4
26	2	-4
28	2	-4
30	2	-4
32	2	-4
34	2	-4
36	2	-4
38	2	-4
40	2	-4
42	2	-4
44	2	-4
46	2	-4
48	2	-4
50	2	-4
0	4	-4
2	4	-4
4	4	-4
6	4	-4
8	4	-4
10	4	-4
12	4	-4
14	4	-4
16	4	-4
18	4	-4
20	4	-4
22	4	-4
24	4	-4
26	4	-4
28	4	-4
30	4	-4
32	4	-4
34	4	-4
36	4	-4
38	4	-4
40	4	-4
42	4	-4
44	4	-4
46	4	-4
48	4	-4
50	4	-4
0	6	-4
2	6	-4
4	6	-4
6	6	-4
8	6	-4
10	6	-4
12	6	-4
14	6	-4
16	6	-4
18	6	-4
20	6	-4
22	6	-4
24	6	-4
26	6	-4
28	6	-4
30	6	-4
32	6	-4
34	6	-4
36	6	-4
38	6	-4
40	6	-4
42	6	-4
44	6	-4
46	6	-4
48	6	-4
50	6	-4
0	8	-4
2	8	-4
4	8	-4
6	8	-4
8	8	-4
10	8	-4
12	8	-4
14	8	-4
16	8	-4
18	8	-4
20	8	-4
22	8	-4
24	8	-4
26	8	-4
28	8	-4
30	8	-4
32	8	-4
34	8	-4
36	8	-4
38	8	-4
40	8	-4
42	8	-4
44	8	-4
46	8	-4
48	8	-4
50	8	-4
0	10	-4
2	10	-4
4	10	-4
6	10	-4
8	10	-4
10	10	-4
12	10	-4
14	10	-4
16	10	-4
18	10	-4
20	10	-4
22	10	-4
24	10	-4
26	10	-4
28	10	-4
30	10	-4
32	10	-4
34	10	-4
36	10	-4
38	10	-4
40	10	-4
42	10	-4
44	10	-4
46	10	-4
48	10	-4
50	10	-4
0	12	-4
2	12	-4
4	12	-4
6	12	-4
8	12	-4
10	12	-4
12	12	-4
14	12	-4
16	12	-4
18	12	-4
20	12	-4
22	12	-4
24	12	-4
26	12	-4
28	12	-4
30	12	-4
32	12	-4
34	12	-4
36	12	-4
38	12	-4
40	12	-4
42	12	-4
44	12	-4
46	12	-4
48	12	-4
50	12	-4
0	14	-4
2	14	-4
4	14	-4
6	14	-4
8	14	-4
10	14	-4
12	14	-4
14	14	-4
16	14	-4
18	14	-4
20	14	-4
22	14	-4
24	14	-4
26	14	-4
28	14	-4
30	14	-4
32	14	-4
34	14	-4
36	14	-4
38	14	-4
40	14	-4
42	14	-4
44	14	-4
46	14	-4
48	14	-4
50	14	-4
0	16	-4
2	16	-4
4	16	-4
6	16	-4
8	16	-4
10	16	-4
12	16	-4
14	16	-4
16	16	-4
18	16	-4
20	16	-4
22	16	-4
24	16	-4
26	16	-4
28	16	-4
30	16	-4
32	16	-4
34	16	-4
36	16	-4
38	16	-4
40	16	-4
42	16	-4
44	16	-4
46	16	-4
48	16	-4
50	16	-4
0	18	-4
2	18	-4
4	18	-4
6	18	-4
8	18	-4
10	18	-4
12	18	-4
14	18	-4
16	18	-4
18	18	-4
20	18	-4
22	18	-4
24	18	-4
26	18	-4
28	18	-4
30	18	-4
32	18	-4
34	18	-4
36	18	-4
38	18	-4
40	18	-4
42	18	-4
44	18	-4
46	18	-4
48	18	-4
50	18	-4
0	20	-4
2	20	-4
4	20	-4
6	20	-4
8	20	-4
10	20	-4
12	20	-4
14	20	-4
16	20	-4
18	20	-4
20	20	-4
22	20	-4
24	20	-4
26	20	-4
28	20	-4
30	20	-4
32	20	-4
34	20	-4
36	20	-4
38	20	-4
40	20	-4
42	20	-4
44	20	-4
46	20	-4
48	20	-4
50	20	-4
0	22	-4
2	22	-4
4	22	-4
6	22	-4
8	22	-4
10	22	-4
12	22	-4
14	22	-4
16	22	-4
18	22	-4
20	22	-4
22	22	-4
24	22	-4
26	22	-4
28	22	-4
30	22	-4
32	22	-4
34	22	-4
36	22	-4
38	22	-4
40	22	-4
42	22	-4
44	22	-4
46	22	-4
48	22	-4
50	22	-4
0	24	-4
2	24	-4
4	24	-4
6	24	-4
8	24	-4
10	24	-4
12	24	-4
14	24	-4
16	24	-4
18	24	-4
20	24	-4
22	24	-4
24	24	-4
26	24	-4
28	24	-4
30	24	-4
32	24	-4
34	24	-4
36	24	-4
38	24	-4
40	24	-4
42	24	-4
44	24	-4
46	24	-4
48	24	-4
50	24	-4
0	26	-4
2	26	-4
4	26	-4
6	26	-4
8	26	-4
10	26	-4
12	26	-4
14	26	-4
16	26	-4
18	26	-4
20	26	-4
22	26	-4
24	26	-4
26	26	-4
28	26	-4
30	26	-4
32	26	-4
34	26	-4
36	26	-4
38	26	-4
40	26	-4
42	26	-4
44	26	-4
46	26	-4
48	26	-4
50	26	-4
0	28	-4
2	28	-4
4	28	-4
6	28	-4
8	28	-4
10	28	-4
12	28	-4
14	28	-4
16	28	-4
18	28	-4
20	28	-4
22	28	-4
24	28	-4
26	28	-4
28	28	-4
30	28	-4
32	28	-4
34	28	-4
36	28	-4
38	28	-4
40	28	-4
42	28	-4
44	28	-4
46	28	-4
48	28	-4
50	28	-4
0	30	-4
2	30	-4
4	30	-4
6	30	-4
8	30	-4
10	30	-4
12	30	-4
14	30	-4
16	30	-4
18	30	-4
20	30	-4
22	30	-4
24	30	-4
26	30	-4
28	30	-4
30	30	-4
32	30	-4
34	30	-4
36	30	-4
38	30	-4
40	30	-4
42	30	-4
44	30	-4
46	30	-4
48	30	-4
50	30	-4
0	0	-3.636364
2	0	-3.636364
4	0	-3.636364
6	0	-3.636364
8	0	-3.636364
10	0	-3.636364
12	0	-3.636364
14	0	-3.636364
16	0	-3.636364
18	0	-3.636364
20	0	-3.636364
22	0	-3.636364
24	0	-3.636364
26	0	-3.636364
28	0	-3.636364
30	0	-3.636364
32	0	-3.636364
34	0	-3.636364
36	0	-3.636364
38	0	-3.636364
40	0	-3.636364
42	0	-3.636364
44	0	-3.636364
46	0	-3.636364
48	0	-3.636364
50	0	-3.636364
0	2	-3.636364
2	2	-3.636364
4	2	-3.636364
6	2	-3.636364
8	2	-3.636364
10	2	-3.636364
12	2	-3.636364
14	2	-3.636364
16	2	-3.636364
18	2	-3.636364
20	2	-3.636364
22	2	-3.636364
24	2	-3.636364
26	2	-3.636364
28	2	-3.636364
30	2	-3.636364
32	2	-3.636364
34	2	-3.636364
36	2	-3.636364
38	2	-3.636364
40	2	-3.636364
42	2	-3.636364
44	2	-3.636364
46	2	-3.636364
48	2	-3.636364
50	2	-3.636364
0	4	-3.636364
2	4	-3.636364
4	4	-3.636364
6	4	-3.636364
8	4	-3.636364
10	4	-3.636364
12	4	-3.636364
14	4	-3.636364
16	4	-3.636364
18	4	-3.636364
20	4	-3.636364
22	4	-3.636364
24	4	-3.636364
26	4	-3.636364
28	4	-3.636364
30	4	-3.636364
32	4	-3.636364
34	4	-3.636364
36	4	-3.636364
38	4	-3.636364
40	4	-3.636364
42	4	-3.636364
44	4	-3.636364
46	4	-3.636364
48	4	-3.636364
50	4	-3.636364
0	6	-3.636364
2	6	-3.636364
4	6	-3.636364
6	6	-3.636364
8	6	-3.636364
10	6	-3.636364
12	6	-3.636364
14	6	-3.636364
16	6	-3.636364
18	6	-3.636364
20	6	-3.636364
22	6	-3.636364
24	6	-3.636364
26	6	-3.636364
28	6	-3.636364
30	6	-3.636364
32	6	-3.636364
34	6	-3.636364
36	6	-3.636364
38	6	-3.636364
40	6	-3.636364
42	6	-3.636364
44	6	-3.636364
46	6	-3.636364
48	6	-3.636364
50	6	-3.636364
0	8	-3.636364
2	8	-3.636364
4	8	-3.636364
6	8	-3.636364
8	8	-3.636364
10	8	-3.636364
12	8	-3.636364
14	8	-3.636364
16	8	-3.636364
18	8	-3.636364
20	8	-3.636364
22	8	-3.636364
24	8	-3.636364
26	8	-3.636364
28	8	-3.636364
30	8	-3.636364
32	8	-3.636364
34	8	-3.636364
36	8	-3.636364
38	8	-3.636364
40	8	-3.636364
42	8	-3.636364
44	8	-3.636364
46	8	-3.636364
48	8	-3.636364
50	8	-3.636364
0	10	-3.636364
2	10	-3.636364
4	10	-3.636364
6	10	-3.636364
8	10	-3.636364
10	10	-3.636364
12	10	-3.636364
14	10	-3.636364
16	10	-3.636364
18	10	-3.636364
20	10	-3.636364
22	10	-3.636364
24	10	-3.636364
26	10	-3.636364
28	10	-3.636364
30	10	-3.636364
32	10	-3.636364
34	10	-3.636364
36	10	-3.636364
38	10	-3.636364
40	10	-3.636364
42	10	-3.636364
44	10	-3.636364
46	10	-3.636364
48	10	-3.636364
50	10	-3.636364
0	12	-3.636364
2	12	-3.636364
4	12	-3.636364
6	12	-3.636364
8	12	-3.636364
10	12	-3.636364
12	12	-3.636364
14	12	-3.636364
16	12	-3.636364
18	12	-3.636364
20	12	-3.636364
22	12	-3.636364
24	12	-3.636364
26	12	-3.636364
28	12	-3.636364
30	12	-3.636364
32	12	-3.636364
34	12	-3.636364
36	12	-3.636364
38	12	-3.636364
40	12	-3.636364
42	12	-3.636364
44	12	-3.636364
46	12	-3.636364
48	12	-3.636364
50	12	-3.636364
0	14	-3.636364
2	14	-3.636364
4	14	-3.636364
6	14	-3.636364
8	14	-3.636364
10	14	-3.636364
12	14	-3.636364
14	14	-3.636364
16	14	-3.636364
18	14	-3.636364
20	14	-3.636364
22	14	-3.636364
24	14	-3.636364
26	14	-3.636364
28	14	-3.636364
30	14	-3.636364
32	14	-3.636364
34	14	-3.636364
36	14	-3.636364
38	14	-3.636364
40	14	-3.636364
42	14	-3.636364
44	14	-3.636364
46	14	-3.636364
48	14	-3.636364
50	14	-3.636364
0	16	-3.636364
2	16	-3.636364
4	16	-3.636364
6	16	-3.636364
8	16	-3.636364
10	16	-3.636364
12	16	-3.636364
14	16	-3.636364
16	16	-3.636364
18	16	-3.636364
20	16	-3.636364
22	16	-3.636364
24	16	-3.636364
26	16	-3.636364
28	16	-3.636364
30	16	-3.636364
32	16	-3.636364
34	16	-3.636364
36	16	-3.636364
38	16	-3.636364
40	16	-3.636364
42	16	-3.636364
44	16	-3.636364
46	16	-3.636364
48	16	-3.636364
50	16	-3.636364
0	18	-3.636364
2	18	-3.636364
4	18	-3.636364
6	18	-3.636364
8	18	-3.636364
10	18	-3.636364
12	18	-3.636364
14	18	-3.636364
16	18	-3.636364
18	18	-3.636364
20	18	-3.636364
22	18	-3.636364
24	18	-3.636364
26	18	-3.636364
28	18	-3.636364
30	18	-3.636364
32	18	-3.636364
34	18	-3.636364
36	18	-3.636364
38	18	-3.636364
40	18	-3.636364
42	18	-3.636364
44	18	-3.636364
46	18	-3.636364
48	18	-3.636364
50	18	-3.636364
0	20	-3.636364
2	20	-3.636364
4	20	-3.636364
6	20	-3.636364
8	20	-3.636364
10	20	-3.636364
12	20	-3.636364
14	20	-3.636364
16	20	-3.636364
18	20	-3.636364
20	20	-3.636364
22	20	-3.636364
24	20	-3.636364
26	20	-3.636364
28	20	-3.636364
30	20	-3.636364
32	20	-3.636364
34	20	-3.636364
36	20	-3.636364
38	20	-3.636364
40	20	-3.636364
42	20	-3.636364
44	20	-3.636364
46	20	-3.636364
48	20	-3.636364
50	20	-3.636364
0	22	-3.636364
2	22	-3.636364
4	22	-3.636364
6	22	-3.636364
8	22	-3.636364
10	22	-3.636364
12	22	-3.636364
14	22	-3.636364
16	22	-3.636364
18	22	-3.636364
20	22	-3.636364
22	22	-3.636364
24	22	-3.636364
26	22	-3.636364
28	22	-3.636364
30	22	-3.636364
32	22	-3.636364
34	22	-3.636364
36	22	-3.636364
38	22	-3.636364
40	22	-3.636364
42	22	-3.636364
44	22	-3.636364
46	22	-3.636364
48	22	-3.636364
50	22	-3.636364
0	24	-3.636364
2	24	-3.636364
4	24	-3.636364
6	24	-3.636364
8	24	-3.636364
10	24	-3.636364
12	24	-3.636364
14	24	-3.636364
16	24	-3.636364
18	24	-3.636364
20	24	-3.636364
22	24	-3.636364
24	24	-3.636364
26	24	-3.636364
28	24	-3.636364
30	24	-3.636364
32	24	-3.636364
34	24	-3.636364
36	24	-3.636364
38	24	-3.636364
40	24	-3.636364
42	24	-3.636364
44	24	-3.636364
46	24	-3.636364
48	24	-3.636364
50	24	-3.636364
0	26	-3.636364
2	26	-3.636364
4	26	-3.636364
6	26	-3.636364
8	26	-3.636364
10	26	-3.636364
12	26	-3.636364
14	26	-3.636364
16	26	-3.636364
18	26	-3.636364
20	26	-3.636364
22	26	-3.636364
24	26	-3.636364
26	26	-3.636364
28	26	-3.636364
30	26	-3.636364
32	26	-3.636364
34	26	-3.636364
36	26	-3.636364
38	26	-3.636364
40	26	-3.636364
42	26	-3.636364
44	26	-3.636364
46	26	-3.636364
48	26	-3.636364
50	26	-3.636364
0	28	-3.636364
2	28	-3.636364
4	28	-3.636364
6	28	-3.636364
8	28	-3.636364
10	28	-3.636364
12	28	-3.636364
14	28	-3.636364
16	28	-3.636364
18	28	-3.636364
20	28	-3.636364
22	28	-3.636364
24	28	-3.636364
26	28	-3.636364
28	28	-3.636364
30	28	-3.636364
32	28	-3.636364
34	28	-3.636364
36	28	-3.636364
38	28	-3.636364
40	28	-3.636364
42	28	-3.636364
44	28	-3.636364
46	28	-3.636364
48	28	-3.636364
50	28	-3.636364
0	30	-3.636364
2	30	-3.636364
4	30	-3.636364
6	30	-3.636364
8	30	-3.636364
10	30	-3.636364
12	30	-3.636364
14	30	-3.636364
16	30	-3.636364
18	30	-3.636364
20	30	-3.636364
22	30	-3.636364
24	30	-3.636364
26	30	-3.636364
28	30	-3.636364
30	30	-3.636364
32	30	-3.636364
34	30	-3.636364
36	30	-3.636364
38	30	-3.636364
40	30	-3.636364
42	30	-3.636364
44	30	-3.636364
46	30	-3.636364
48	30	-3.636364
50	30	-3.636364
0	0	-3
2	0	-3
4	0	-3
6	0	-3
8	0	-3
10	0	-3
12	0	-3
14	0	-3
16	0	-3
18	0	-3
20	0	-3
22	0	-3
24	0	-3
26	0	-3
28	0	-3
30	0	-3
32	0	-3
34	0	-3
36	0	-3
38	0	-3
40	0	-3
42	0	-3
44	0	-3
46	0	-3
48	0	-3
50	0	-3
0	2	-3
2	2	-3
4	2	-3
6	2	-3
8	2	-3
10	2	-3
12	2	-3
14	2	-3
16	2	-3
18	2	-3
20	2	-3
22	2	-3
24	2	-3
26	2	-3
28	2	-3
30	2	-3
32	2	-3
34	2	-3
36	2	-3
38	2	-3
40	2	-3
42	2	-3
44	2	-3
46	2	-3
48	2	-3
50	2	-3
0	4	-3
2	4	-3
4	4	-3
6	4	-3
8	4	-3
10	4	-3
12	4	-3
14	4	-3
16	4	-3
18	4	-3
20	4	-3
22	4	-3
24	4	-3
26	4	-3
28	4	-3
30	4	-3
32	4	-3
34	4	-3
36	4	-3
38	4	-3
40	4	-3
42	4	-3
44	4	-3
46	4	-3
48	4	-3
50	4	-3
0	6	-3
2	6	-3
4	6	-3
6	6	-3
8	6	-3
10	6	-3
12	6	-3
14	6	-3
16	6	-3
18	6	-3
20	6	-3
22	6	-3
24	6	-3
26	6	-3
28	6	-3
30	6	-3
32	6	-3
34	6	-3
36	6	-3
38	6	-3
40	6	-3
42	6	-3
44	6	-3
46	6	-3
48	6	-3
50	6	-3
0	8	-3
2	8	-3
4	8	-3
6	8	-3
8	8	-3
10	8	-3
12	8	-3
14	8	-3
16	8	-3
18	8	-3
20	8	-3
22	8	-3
24	8	-3
26	8	-3
28	8	-3
30	8	-3
32	8	-3
34	8	-3
36	8	-3
38	8	-3
40	8	-3
42	8	-3
44	8	-3
46	8	-3
48	8	-3
50	8	-3
0	10	-3
2	10	-3
4	10	-3
6	10	-3
8	10	-3
10	10	-3
12	10	-3
14	10	-3
16	10	-3
18	10	-3
20	10	-3
22	10	-3
24	10	-3
26	10	-3
28	10	-3
30	10	-3
32	10	-3
34	10	-3
36	10	-3
38	10	-3
40	10	-3
42	10	-3
44	10	-3
46	10	-3
48	10	-3
50	10	-3
0	12	-3
2	12	-3
4	12	-3
6	12	-3
8	12	-3
10	12	-3
12	12	-3
14	12	-3
16	12	-3
18	12	-3
20	12	-3
22	12	-3
24	12	-3
26	12	-3
28	12	-3
30	12	-3
32	12	-3
34	12	-3
36	12	-3
38	12	-3
40	12	-3
42	12	-3
44	12	-3
46	12	-3
48	12	-3
50	12	-3
0	14	-3
2	14	-3
4	14	-3
6	14	-3
8	14	-3
10	14	-3
12	14	-3
14	14	-3
16	14	-3
18	14	-3
20	14	-3
22	14	-3
24	14	-3
26	14	-3
28	14	-3
30	14	-3
32	14	-3
34	14	-3
36	14	-3
38	14	-3
40	14	-3
42	14	-3
44	14	-3
46	14	-3
48	14	-3
50	14	-3
0	16	-3
2	16	-3
4	16	-3
6	16	-3
8	16	-3
10	16	-3
12	16	-3
14	16	-3
16	16	-3
18	16	-3
20	16	-3
22	16	-3
24	16	-3
26	16	-3
28	16	-3
30	16	-3
32	16	-3
34	16	-3
36	16	-3
38	16	-3
40	16	-3
42	16	-3
44	16	-3
46	16	-3
48	16	-3
50	16	-3
0	18	-3
2	18	-3
4	18	-3
6	18	-3
8	18	-3
10	18	-3
12	18	-3
14	18	-3
16	18	-3
18	18	-3
20	18	-3
22	18	-3
24	18	-3
26	18	-3
28	18	-3
30	18	-3
32	18	-3
34	18	-3
36	18	-3
38	18	-3
40	18	-3
42	18	-3
44	18	-3
46	18	-3
48	18	-3
50	18	-3
0	20	-3
2	20	-3
4	20	-3
6	20	-3
8	20	-3
10	20	-3
12	20	-3
14	20	-3
16	20	-3
18	20	-3
20	20	-3
22	20	-3
24	20	-3
26	20	-3
28	20	-3
30	20	-3
32	20	-3
34	20	-3
36	20	-3
38	20	-3
40	20	-3
42	20	-3
44	20	-3
46	20	-3
48	20	-3
50	20	-3
0	22	-3
2	22	-3
4	22	-3
6	22	-3
8	22	-3
10	22	-3
12	22	-3
14	22	-3
16	22	-3
18	22	-3
20	22	-3
22	22	-3
24	22	-3
26	22	-3
28	22	-3
30	22	-3
32	22	-3
34	22	-3
36	22	-3
38	22	-3
40	22	-3
42	22	-3
44	22	-3
46	22	-3
48	22	-3
50	22	-3
0	24	-3
2	24	-3
4	24	-3
6	24	-3
8	24	-3
10	24	-3
12	24	-3
14	24	-3
16	24	-3
18	24	-3
20	24	-3
22	24	-3
24	24	-3
26	24	-3
28	24	-3
30	24	-3
32	24	-3
34	24	-3
36	24	-3
38	24	-3
40	24	-3
42	24	-3
44	24	-3
46	24	-3
48	24	-3
50	24	-3
0	26	-3
2	26	-3
4	26	-3
6	26	-3
8	26	-3
10	26	-3
12	26	-3
14	26	-3
16	26	-3
18	26	-3
20	26	-3
22	26	-3
24	26	-3
26	26	-3
28	26	-3
30	26	-3
32	26	-3
34	26	-3
36	26	-3
38	26	-3
40	26	-3
42	26	-3
44	26	-3
46	26	-3
48	26	-3
50	26	-3
0	28	-3
2	28	-3
4	28	-3
6	28	-3
8	28	-3
10	28	-3
12	28	-3
14	28	-3
16	28	-3
18	28	-3
20	28	-3
22	28	-3
24	28	-3
26	28	-3
28	28	-3
30	28	-3
32	28	-3
34	28	-3
36	28	-3
38	28	-3
40	28	-3
42	28	-3
44	28	-3
46	28	-3
48	28	-3
50	28	-3
0	30	-3
2	30	-3
4	30	-3
6	30	-3
8	30	-3
10	30	-3
12	30	-3
14	30	-3
16	30	-3
18	30	-3
20	30	-3
22	30	-3
24	30	-3
26	30	-3
28	30	-3
30	30	-3
32	30	-3
34	30	-3
36	30	-3
38	30	-3
40	30	-3
42	30	-3
44	30	-3
46	30	-3
48	30	-3
50	30	-3
0	0	-2
2	0	-2
4	0	-2
6	0	-2
8	0	-2
10	0	-2
12	0	-2
14	0	-2
16	0	-2
18	0	-2
20	0	-2
22	0	-2
24	0	-2
26	0	-2
28	0	-2
30	0	-2
32	0	-2
34	0	-2
36	0	-2
38	0	-2
40	0	-2
42	0	-2
44	0	-2
46	0	-2
48	0	-2
50	0	-2
0	2	-2
2	2	-2
4	2	-2
6	2	-2
8	2	-2
10	2	-2
12	2	-2
14	2	-2
16	2	-2
18	2	-2
20	2	-2
22	2	-2
24	2	-2
26	2	-2
28	2	-2
30	2	-2
32	2	-2
34	2	-2
36	2	-2
38	2	-2
40	2	-2
42	2	-2
44	2	-2
46	2	-2
48	2	-2
50	2	-2
0	4	-2
2	4	-2
4	4	-2
6	4	-2
8	4	-2
10	4	-2
12	4	-2
14	4	-2
16	4	-2
18	4	-2
20	4	-2
22	4	-2
24	4	-2
26	4	-2
28	4	-2
30	4	-2
32	4	-2
34	4	-2
36	4	-2
38	4	-2
40	4	-2
42	4	-2
44	4	-2
46	4	-2
48	4	-2
50	4	-2
0	6	-2
2	6	-2
4	6	-2
6	6	-2
8	6	-2
10	6	-2
12	6	-2
14	6	-2
16	6	-2
18	6	-2
20	6	-2
22	6	-2
24	6	-2
26	6	-2
28	6	-2
30	6	-2
32	6	-2
34	6	-2
36	6	-2
38	6	-2
40	6	-2
42	6	-2
44	6	-2
46	6	-2
48	6	-2
50	6	-2
0	8	-2
2	8	-2
4	8	-2
6	8	-2
8	8	-2
10	8	-2
12	8	-2
14	8	-2
16	8	-2
18	8	-2
20	8	-2
22	8	-2
24	8	-2
26	8	-2
28	8	-2
30	8	-2
32	8	-2
34	8	-2
36	8	-2
38	8	-2
40	8	-2
42	8	-2
44	8	-2
46	8	-2
48	8	-2
50	8	-2
0	10	-2
2	10	-2
4	10	-2
6	10	-2
8	10	-2
10	10	-2
12	10	-2
14	10	-2
16	10	-2
18	10	-2
20	10	-2
22	10	-2
24	10	-2
26	10	-2
28	10	-2
30	10	-2
32	10	-2
34	10	-2
36	10	-2
38	10	-2
40	10	-2
42	10	-2
44	10	-2
46	10	-2
48	10	-2
50	10	-2
0	12	-2
2	12	-2
4	12	-2
6	12	-2
8	12	-2
10	12	-2
12	12	-2
14	12	-2
16	12	-2
18	12	-2
20	12	-2
22	12	-2
24	12	-2
26	12	-2
28	12	-2
30	12	-2
32	12	-2
34	12	-2
36	12	-2
38	12	-2
40	12	-2
42	12	-2
44	12	-2
46	12	-2
48	12	-2
50	12	-2
0	14	-2
2	14	-2
4	14	-2
6	14	-2
8	14	-2
10	14	-2
12	14	-2
14	14	-2
16	14	-2
18	14	-2
20	14	-2
22	14	-2
24	14	-2
26	14	-2
28	14	-2
30	14	-2
32	14	-2
34	14	-2
36	14	-2
38	14	-2
40	14	-2
42	14	-2
44	14	-2
46	14	-2
48	14	-2
50	14	-2
0	16	-2
2	16	-2
4	16	-2
6	16	-2
8	16	-2
10	16	-2
12	16	-2
14	16	-2
16	16	-2
18	16	-2
20	16	-2
22	16	-2
24	16	-2
26	16	-2
28	16	-2
30	16	-2
32	16	-2
34	16	-2
36	16	-2
38	16	-2
40	16	-2
42	16	-2
44	16	-2
46	16	-2
48	16	-2
50	16	-2
0	18	-2
2	18	-2
4	18	-2
6	18	-2
8	18	-2
10	18	-2
12	18	-2
14	18	-2
16	18	-2
18	18	-2
20	18	-2
22	18	-2
24	18	-2
26	18	-2
28	18	-2
30	18	-2
32	18	-2
34	18	-2
36	18	-2
38	18	-2
40	18	-2
42	18	-2
44	18	-2
46	18	-2
48	18	-2
50	18	-2
0	20	-2
2	20	-2
4	20	-2
6	20	-2
8	20	-2
10	20	-2
12	20	-2
14	20	-2
16	20	-2
18	20	-2
20	20	-2
22	20	-2
24	20	-2
26	20	-2
28	20	-2
30	20	-2
32	20	-2
34	20	-2
36	20	-2
38	20	-2
40	20	-2
42	20	-2
44	20	-2
46	20	-2
48	20	-2
50	20	-2
0	22	-2
2	22	-2
4	22	-2
6	22	-2
8	22	-2
10	22	-2
12	22	-2
14	22	-2
16	22	-2
18	22	-2
20	22	-2
22	22	-2
24	22	-2
26	22	-2
28	22	-2
30	22	-2
32	22	-2
34	22	-2
36	22	-2
38	22	-2
40	22	-2
42	22	-2
44	22	-2
46	22	-2
48	22	-2
50	22	-2
0	24	-2
2	24	-2
4	24	-2
6	24	-2
8	24	-2
10	24	-2
12	24	-2
14	24	-2
16	24	-2
18	24	-2
20	24	-2
22	24	-2
24	24	-2
26	24	-2
28	24	-2
30	24	-2
32	24	-2
34	24	-2
36	24	-2
38	24	-2
40	24	-2
42	24	-2
44	24	-2
46	24	-2
48	24	-2
50	24	-2
0	26	-2
2	26	-2
4	26	-2
6	26	-2
8	26	-2
10	26	-2
12	26	-2
14	26	-2
16	26	-2
18	26	-2
20	26	-2
22	26	-2
24	26	-2
26	26	-2
28	26	-2
30	26	-2
32	26	-2
34	26	-2
36	26	-2
38	26	-2
40	26	-2
42	26	-2
44	26	-2
46	26	-2
48	26	-2
50	26	-2
0	28	-2
2	28	-2
4	28	-2
6	28	-2
8	28	-2
10	28	-2
12	28	-2
14	28	-2
16	28	-2
18	28	-2
20	28	-2
22	28	-2
24	28	-2
26	28	-2
28	28	-2
30	28	-2
32	28	-2
34	28	-2
36	28	-2
38	28	-2
40	28	-2
42	28	-2
44	28	-2
46	28	-2
48	28	-2
50	28	-2
0	30	-2
2	30	-2
4	30	-2
6	30	-2
8	30	-2
10	30	-2
12	30	-2
14	30	-2
16	30	-2
18	30	-2
20	30	-2
22	30	-2
24	30	-2
26	30	-2
28	30	-2
30	30	-2
32	30	-2
34	30	-2
36	30	-2
38	30	-2
40	30	-2
42	30	-2
44	30	-2
46	30	-2
48	30	-2
50	30	-2
0	0	-1.818182
2	0	-1.818182
4	0	-1.818182
6	0	-1.818182
8	0	-1.818182
10	0	-1.818182
12	0	-1.818182
14	0	-1.818182
16	0	-1.818182
18	0	-1.818182
20	0	-1.818182
22	0	-1.818182
24	0	-1.818182
26	0	-1.818182
28	0	-1.818182
30	0	-1.818182
32	0	-1.818182
34	0	-1.818182
36	0	-1.818182
38	0	-1.818182
40	0	-1.818182
42	0	-1.818182
44	0	-1.818182
46	0	-1.818182
48	0	-1.818182
50	0	-1.818182
0	2	-1.818182
2	2	-1.818182
4	2	-1.818182
6	2	-1.818182
8	2	-1.818182
10	2	-1.818182
12	2	-1.818182
14	2	-1.818182
16	2	-1.818182
18	2	-1.818182
20	2	-1.818182
22	2	-1.818182
24	2	-1.818182
26	2	-1.818182
28	2	-1.818182
30	2	-1.818182
32	2	-1.818182
34	2	-1.818182
36	2	-1.818182
38	2	-1.818182
40	2	-1.818182
42	2	-1.818182
44	2	-1.818182
46	2	-1.818182
48	2	-1.818182
50	2	-1.818182
0	4	-1.818182
2	4	-1.818182
4	4	-1.818182
6	4	-1.818182
8	4	-1.818182
10	4	-1.818182
12	4	-1.818182
14	4	-1.818182
16	4	-1.818182
18	4	-1.818182
20	4	-1.818182
22	4	-1.818182
24	4	-1.818182
26	4	-1.818182
28	4	-1.818182
30	4	-1.818182
32	4	-1.818182
34	4	-1.818182
36	4	-1.818182
38	4	-1.818182
40	4	-1.818182
42	4	-1.818182
44	4	-1.818182
46	4	-1.818182
48	4	-1.818182
50	4	-1.818182
0	6	-1.818182
2	6	-1.818182
4	6	-1.818182
6	6	-1.818182
8	6	-1.818182
10	6	-1.818182
12	6	-1.818182
14	6	-1.818182
16	6	-1.818182
18	6	-1.818182
20	6	-1.818182
22	6	-1.818182
24	6	-1.818182
26	6	-1.818182
28	6	-1.818182
30	6	-1.818182
32	6	-1.818182
34	6	-1.818182
36	6	-1.818182
38	6	-1.818182
40	6	-1.818182
42	6	-1.818182
44	6	-1.818182
46	6	-1.818182
48	6	-1.818182
50	6	-1.818182
0	8	-1.818182
2	8	-1.818182
4	8	-1.818182
6	8	-1.818182
8	8	-1.818182
10	8	-1.818182
12	8	-1.818182
14	8	-1.818182
16	8	-1.818182
18	8	-1.818182
20	8	-1.818182
22	8	-1.818182
24	8	-1.818182
26	8	-1.818182
28	8	-1.818182
30	8	-1.818182
32	8	-1.818182
34	8	-1.818182
36	8	-1.818182
38	8	-1.818182
40	8	-1.818182
42	8	-1.818182
44	8	-1.818182
46	8	-1.818182
48	8	-1.818182
50	8	-1.818182
0	10	-1.818182
2	10	-1.818182
4	10	-1.818182
6	10	-1.818182
8	10	-1.818182
10	10	-1.818182
12	10	-1.818182
14	10	-1.818182
16	10	-1.818182
18	10	-1.818182
20	10	-1.818182
22	10	-1.818182
24	10	-1.818182
26	10	-1.818182
28	10	-1.818182
30	10	-1.818182
32	10	-1.818182
34	10	-1.818182
36	10	-1.818182
38	10	-1.818182
40	10	-1.818182
42	10	-1.818182
44	10	-1.818182
46	10	-1.818182
48	10	-1.818182
50	10	-1.818182
0	12	-1.818182
2	12	-1.818182
4	12	-1.818182
6	12	-1.818182
8	12	-1.818182
10	12	-1.818182
12	12	-1.818182
14	12	-1.818182
16	12	-1.818182
18	12	-1.818182
20	12	-1.818182
22	12	-1.818182
24	12	-1.818182
26	12	-1.818182
28	12	-1.818182
30	12	-1.818182
32	12	-1.818182
34	12	-1.818182
36	12	-1.818182
38	12	-1.818182
40	12	-1.818182
42	12	-1.818182
44	12	-1.818182
46	12	-1.818182
48	12	-1.818182
50	12	-1.818182
0	14	-1.818182
2	14	-1.818182
4	14	-1.818182
6	14	-1.818182
8	14	-1.818182
10	14	-1.818182
12	14	-1.818182
14	14	-1.818182
16	14	-1.818182
18	14	-1.818182
20	14	-1.818182
22	14	-1.818182
24	14	-1.818182
26	14	-1.818182
28	14	-1.818182
30	14	-1.818182
32	14	-1.818182
34	14	-1.818182
36	14	-1.818182
38	14	-1.818182
40	14	-1.818182
42	14	-1.818182
44	14	-1.818182
46	14	-1.818182
48	14	-1.818182
50	14	-1.818182
0	16	-1.818182
2	16	-1.818182
4	16	-1.818182
6	16	-1.818182
8	16	-1.818182
10	16	-1.818182
12	16	-1.818182
14	16	-1.818182
16	16	-1.818182
18	16	-1.818182
20	16	-1.818182
22	16	-1.818182
24	16	-1.818182
26	16	-1.818182
28	16	-1.818182
30	16	-1.818182
32	16	-1.818182
34	16	-1.818182
36	16	-1.818182
38	16	-1.818182
40	16	-1.818182
42	16	-1.818182
44	16	-1.818182
46	16	-1.818182
48	16	-1.818182
50	16	-1.818182
0	18	-1.818182
2	18	-1.818182
4	18	-1.818182
6	18	-1.818182
8	18	-1.818182
10	18	-1.818182
12	18	-1.818182
14	18	-1.818182
16	18	-1.818182
18	18	-1.818182
20	18	-1.818182
22	18	-1.818182
24	18	-1.818182
26	18	-1.818182
28	18	-1.818182
30	18	-1.818182
32	18	-1.818182
34	18	-1.818182
36	18	-1.818182
38	18	-1.818182
40	18	-1.818182
42	18	-1.818182
44	18	-1.818182
46	18	-1.818182
48	18	-1.818182
50	18	-1.818182
0	20	-1.818182
2	20	-1.818182
4	20	-1.818182
6	20	-1.818182
8	20	-1.818182
10	20	-1.818182
12	20	-1.818182
14	20	-1.818182
16	20	-1.818182
18	20	-1.818182
20	20	-1.818182
22	20	-1.818182
24	20	-1.818182
26	20	-1.818182
28	20	-1.818182
30	20	-1.818182
32	20	-1.818182
34	20	-1.818182
36	20	-1.818182
38	20	-1.818182
40	20	-1.818182
42	20	-1.818182
44	20	-1.818182
46	20	-1.818182
48	20	-1.818182
50	20	-1.818182
0	22	-1.818182
2	22	-1.818182
4	22	-1.818182
6	22	-1.818182
8	22	-1.818182
10	22	-1.818182
12	22	-1.818182
14	22	-1.818182
16	22	-1.818182
18	22	-1.818182
20	22	-1.818182
22	22	-1.818182
24	22	-1.818182
26	22	-1.818182
28	22	-1.818182
30	22	-1.818182
32	22	-1.818182
34	22	-1.818182
36	22	-1.818182
38	22	-1.818182
40	22	-1.818182
42	22	-1.818182
44	22	-1.818182
46	22	-1.818182
48	22	-1.818182
50	22	-1.818182
0	24	-1.818182
2	24	-1.818182
4	24	-1.818182
6	24	-1.818182
8	24	-1.818182
10	24	-1.818182
12	24	-1.818182
14	24	-1.818182
16	24	-1.818182
18	24	-1.818182
20	24	-1.818182
22	24	-1.818182
24	24	-1.818182
26	24	-1.818182
28	24	-1.818182
30	24	-1.818182
32	24	-1.818182
34	24	-1.818182
36	24	-1.818182
38	24	-1.818182
40	24	-1.818182
42	24	-1.818182
44	24	-1.818182
46	24	-1.818182
48	24	-1.818182
50	24	-1.818182
0	26	-1.818182
2	26	-1.818182
4	26	-1.818182
6	26	-1.818182
8	26	-1.818182
10	26	-1.818182
12	26	-1.818182
14	26	-1.818182
16	26	-1.818182
18	26	-1.818182
20	26	-1.818182
22	26	-1.818182
24	26	-1.818182
26	26	-1.818182
28	26	-1.818182
30	26	-1.818182
32	26	-1.818182
34	26	-1.818182
36	26	-1.818182
38	26	-1.818182
40	26	-1.818182
42	26	-1.818182
44	26	-1.818182
46	26	-1.818182
48	26	-1.818182
50	26	-1.818182
0	28	-1.818182
2	28	-1.818182
4	28	-1.818182
6	28	-1.818182
8	28	-1.818182
10	28	-1.818182
12	28	-1.818182
14	28	-1.818182
16	28	-1.818182
18	28	-1.818182
20	28	-1.818182
22	28	-1.818182
24	28	-1.818182
26	28	-1.818182
28	28	-1.818182
30	28	-1.818182
32	28	-1.818182
34	28	-1.818182
36	28	-1.818182
38	28	-1.818182
40	28	-1.818182
42	28	-1.818182
44	28	-1.818182
46	28	-1.818182
48	28	-1.818182
50	28	-1.818182
0	30	-1.818182
2	30	-1.818182
4	30	-1.818182
6	30	-1.818182
8	30	-1.818182
10	30	-1.818182
12	30	-1.818182
14	30	-1.818182
16	30	-1.818182
18	30	-1.818182
20	30	-1.818182
22	30	-1.818182
24	30	-1.818182
26	30	-1.818182
28	30	-1.818182
30	30	-1.818182
32	30	-1.818182
34	30	-1.818182
36	30	-1.818182
38	30	-1.818182
40	30	-1.818182
42	30	-1.818182
44	30	-1.818182
46	30	-1.818182
48	30	-1.818182
50	30	-1.818182
0	0	-1
2	0	-1
4	0	-1
6	0	-1
8	0	-1
10	0	-1
12	0	-1
14	0	-1
16	0	-1
18	0	-1
20	0	-1
22	0	-1
24	0	-1
26	0	-1
28	0	-1
30	0	-1
32	0	-1
34	0	-1
36	0	-1
38	0	-1
40	0	-1
42	0	-1
44	0	-1
46	0	-1
48	0	-1
50	0	-1
0	2	-1
2	2	-1
4	2	-1
6	2	-1
8	2	-1
10	2	-1
12	2	-1
14	2	-1
16	2	-1
18	2	-1
20	2	-1
22	2	-1
24	2	-1
26	2	-1
28	2	-1
30	2	-1
32	2	-1
34	2	-1
36	2	-1
38	2	-1
40	2	-1
42	2	-1
44	2	-1
46	2	-1
48	2	-1
50	2	-1
0	4	-1
2	4	-1
4	4	-1
6	4	-1
8	4	-1
10	4	-1
12	4	-1
14	4	-1
16	4	-1
18	4	-1
20	4	-1
22	4	-1
24	4	-1
26	4	-1
28	4	-1
30	4	-1
32	4	-1
34	4	-1
36	4	-1
38	4	-1
40	4	-1
42	4	-1
44	4	-1
46	4	-1
48	4	-1
50	4	-1
0	6	-1
2	6	-1
4	6	-1
6	6	-1
8	6	-1
10	6	-1
12	6	-1
14	6	-1
16	6	-1
18	6	-1
20	6	-1
22	6	-1
24	6	-1
26	6	-1
28	6	-1
30	6	-1
32	6	-1
34	6	-1
36	6	-1
38	6	-1
40	6	-1
42	6	-1
44	6	-1
46	6	-1
48	6	-1
50	6	-1
0	8	-1
2	8	-1
4	8	-1
6	8	-1
8	8	-1
10	8	-1
12	8	-1
14	8	-1
16	8	-1
18	8	-1
20	8	-1
22	8	-1
24	8	-1
26	8	-1
28	8	-1
30	8	-1
32	8	-1
34	8	-1
36	8	-1
38	8	-1
40	8	-1
42	8	-1
44	8	-1
46	8	-1
48	8	-1
50	8	-1
0	10	-1
2	10	-1
4	10	-1
6	10	-1
8	10	-1
10	10	-1
12	10	-1
14	10	-1
16	10	-1
18	10	-1
20	10	-1
22	10	-1
24	10	-1
26	10	-1
28	10	-1
30	10	-1
32	10	-1
34	10	-1
36	10	-1
38	10	-1
40	10	-1
42	10	-1
44	10	-1
46	10	-1
48	10	-1
50	10	-1
0	12	-1
2	12	-1
4	12	-1
6	12	-1
8	12	-1
10	12	-1
12	12	-1
14	12	-1
16	12	-1
18	12	-1
20	12	-1
22	12	-1
24	12	-1
26	12	-1
28	12	-1
30	12	-1
32	12	-1
34	12	-1
36	12	-1
38	12	-1
40	12	-1
42	12	-1
44	12	-1
46	12	-1
48	12	-1
50	12	-1
0	14	-1
2	14	-1
4	14	-1
6	14	-1
8	14	-1
10	14	-1
12	14	-1
14	14	-1
16	14	-1
18	14	-1
20	14	-1
22	14	-1
24	14	-1
26	14	-1
28	14	-1
30	14	-1
32	14	-1
34	14	-1
36	14	-1
38	14	-1
40	14	-1
42	14	-1
44	14	-1
46	14	-1
48	14	-1
50	14	-1
0	16	-1
2	16	-1
4	16	-1
6	16	-1
8	16	-1
10	16	-1
12	16	-1
14	16	-1
16	16	-1
18	16	-1
20	16	-1
22	16	-1
24	16	-1
26	16	-1
28	16	-1
30	16	-1
32	16	-1
34	16	-1
36	16	-1
38	16	-1
40	16	-1
42	16	-1
44	16	-1
46	16	-1
48	16	-1
50	16	-1
0	18	-1
2	18	-1
4	18	-1
6	18	-1
8	18	-1
10	18	-1
12	18	-1
14	18	-1
16	18	-1
18	18	-1
20	18	-1
22	18	-1
24	18	-1
26	18	-1
28	18	-1
30	18	-1
32	18	-1
34	18	-1
36	18	-1
38	18	-1
40	18	-1
42	18	-1
44	18	-1
46	18	-1
48	18	-1
50	18	-1
0	20	-1
2	20	-1
4	20	-1
6	20	-1
8	20	-1
10	20	-1
12	20	-1
14	20	-1
16	20	-1
18	20	-1
20	20	-1
22	20	-1
24	20	-1
26	20	-1
28	20	-1
30	20	-1
32	20	-1
34	20	-1
36	20	-1
38	20	-1
40	20	-1
42	20	-1
44	20	-1
46	20	-1
48	20	-1
50	20	-1
0	22	-1
2	22	-1
4	22	-1
6	22	-1
8	22	-1
10	22	-1
12	22	-1
14	22	-1
16	22	-1
18	22	-1
20	22	-1
22	22	-1
24	22	-1
26	22	-1
28	22	-1
30	22	-1
32	22	-1
34	22	-1
36	22	-1
38	22	-1
40	22	-1
42	22	-1
44	22	-1
46	22	-1
48	22	-1
50	22	-1
0	24	-1
2	24	-1
4	24	-1
6	24	-1
8	24	-1
10	24	-1
12	24	-1
14	24	-1
16	24	-1
18	24	-1
20	24	-1
22	24	-1
24	24	-1
26	24	-1
28	24	-1
30	24	-1
32	24	-1
34	24	-1
36	24	-1
38	24	-1
40	24	-1
42	24	-1
44	24	-1
46	24	-1
48	24	-1
50	24	-1
0	26	-1
2	26	-1
4	26	-1
6	26	-1
8	26	-1
10	26	-1
12	26	-1
14	26	-1
16	26	-1
18	26	-1
20	26	-1
22	26	-1
24	26	-1
26	26	-1
28	26	-1
30	26	-1
32	26	-1
34	26	-1
36	26	-1
38	26	-1
40	26	-1
42	26	-1
44	26	-1
46	26	-1
48	26	-1
50	26	-1
0	28	-1
2	28	-1
4	28	-1
6	28	-1
8	28	-1
10	28	-1
12	28	-1
14	28	-1
16	28	-1
18	28	-1
20	28	-1
22	28	-1
24	28	-1
26	28	-1
28	28	-1
30	28	-1
32	28	-1
34	28	-1
36	28	-1
38	28	-1
40	28	-1
42	28	-1
44	28	-1
46	28	-1
48	28	-1
50	28	-1
0	30	-1
2	30	-1
4	30	-1
6	30	-1
8	30	-1
10	30	-1
12	30	-1
14	30	-1
16	30	-1
18	30	-1
20	30	-1
22	30	-1
24	30	-1
26	30	-1
28	30	-1
30	30	-1
32	30	-1
34	30	-1
36	30	-1
38	30	-1
40	30	-1
42	30	-1
44	30	-1
46	30	-1
48	30	-1
50	30	-1
0	0	0
2	0	0
4	0	0
6	0	0
8	0	0
10	0	0
12	0	0
14	0	0
16	0	0
18	0	0
20	0	0
22	0	0
24	0	0
26	0	0
28	0	0
30	0	0
32	0	0
34	0	0
36	0	0
38	0	0
40	0	0
42	0	0
44	0	0
46	0	0
48	0	0
50	0	0
0	2	0
2	2	0
4	2	0
6	2	0
8	2	0
10	2	0
12	2	0
14	2	0
16	2	0
18	2	0
20	2	0
22	2	0
24	2	0
26	2	0
28	2	0
30	2	0
32	2	0
34	2	0
36	2	0
38	2	0
40	2	0
42	2	0
44	2	0
46	2	0
48	2	0
50	2	0
0	4	0
2	4	0
4	4	0
6	4	0
8	4	0
10	4	0
12	4	0
14	4	0
16	4	0
18	4	0
20	4	0
22	4	0
24	4	0
26	4	0
28	4	0
30	4	0
32	4	0
34	4	0
36	4	0
38	4	0
40	4	0
42	4	0
44	4	0
46	4	0
48	4	0
50	4	0
0	6	0
2	6	0
4	6	0
6	6	0
8	6	0
10	6	0
12	6	0
14	6	0
16	6	0
18	6	0
20	6	0
22	6	0
24	6	0
26	6	0
28	6	0
30	6	0
32	6	0
34	6	0
36	6	0
38	6	0
40	6	0
42	6	0
44	6	0
46	6	0
48	6	0
50	6	0
0	8	0
2	8	0
4	8	0
6	8	0
8	8	0
10	8	0
12	8	0
14	8	0
16	8	0
18	8	0
20	8	0
22	8	0
24	8	0
26	8	0
28	8	0
30	8	0
32	8	0
34	8	0
36	8	0
38	8	0
40	8	0
42	8	0
44	8	0
46	8	0
48	8	0
50	8	0
0	10	0
2	10	0
4	10	0
6	10	0
8	10	0
10	10	0
12	10	0
14	10	0
16	10	0
18	10	0
20	10	0
22	10	0
24	10	0
26	10	0
28	10	0
30	10	0
32	10	0
34	10	0
36	10	0
38	10	0
40	10	0
42	10	0
44	10	0
46	10	0
48	10	0
50	10	0
0	12	0
2	12	0
4	12	0
6	12	0
8	12	0
10	12	0
12	12	0
14	12	0
16	12	0
18	12	0
20	12	0
22	12	0
24	12	0
26	12	0
28	12	0
30	12	0
32	12	0
34	12	0
36	12	0
38	12	0
40	12	0
42	12	0
44	12	0
46	12	0
48	12	0
50	12	0
0	14	0
2	14	0
4	14	0
6	14	0
8	14	0
10	14	0
12	14	0
14	14	0
16	14	0
18	14	0
20	14	0
22	14	0
24	14	0
26	14	0
28	14	0
30	14	0
32	14	0
34	14	0
36	14	0
38	14	0
40	14	0
42	14	0
44	14	0
46	14	0
48	14	0
50	14	0
0	16	0
2	16	0
4	16	0
6	16	0
8	16	0
10	16	0
12	16	0
14	16	0
16	16	0
18	16	0
20	16	0
22	16	0
24	16	0
26	16	0
28	16	0
30	16	0
32	16	0
34	16	0
36	16	0
38	16	0
40	16	0
42	16	0
44	16	0
46	16	0
48	16	0
50	16	0
0	18	0
2	18	0
4	18	0
6	18	0
8	18	0
10	18	0
12	18	0
14	18	0
16	18	0
18	18	0
20	18	0
22	18	0
24	18	0
26	18	0
28	18	0
30	18	0
32	18	0
34	18	0
36	18	0
38	18	0
40	18	0
42	18	0
44	18	0
46	18	0
48	18	0
50	18	0
0	20	0
2	20	0
4	20	0
6	20	0
8	20	0
10	20	0
12	20	0
14	20	0
16	20	0
18	20	0
20	20	0
22	20	0
24	20	0
26	20	0
28	20	0
30	20	0
32	20	0
34	20	0
36	20	0
38	20	0
40	20	0
42	20	0
44	20	0
46	20	0
48	20	0
50	20	0
0	22	0
2	22	0
4	22	0
6	22	0
8	22	0
10	22	0
12	22	0
14	22	0
16	22	0
18	22	0
20	22	0
22	22	0
24	22	0
26	22	0
28	22	0
30	22	0
32	22	0
34	22	0
36	22	0
38	22	0
40	22	0
42	22	0
44	22	0
46	22	0
48	22	0
50	22	0
0	24	0
2	24	0
4	24	0
6	24	0
8	24	0
10	24	0
12	24	0
14	24	0
16	24	0
18	24	0
20	24	0
22	24	0
24	24	0
26	24	0
28	24	0
30	24	0
32	24	0
34	24	0
36	24	0
38	24	0
40	24	0
42	24	0
44	24	0
46	24	0
48	24	0
50	24	0
0	26	0
2	26	0
4	26	0
6	26	0
8	26	0
10	26	0
12	26	0
14	26	0
16	26	0
18	26	0
20	26	0
22	26	0
24	26	0
26	26	0
28	26	0
30	26	0
32	26	0
34	26	0
36	26	0
38	26	0
40	26	0
42	26	0
44	26	0
46	26	0
48	26	0
50	26	0
0	28	0
2	28	0
4	28	0
6	28	0
8	28	0
10	28	0
12	28	0
14	28	0
16	28	0
18	28	0
20	28	0
22	28	0
24	28	0
26	28	0
28	28	0
30	28	0
32	28	0
34	28	0
36	28	0
38	28	0
40	28	0
42	28	0
44	28	0
46	28	0
48	28	0
50	28	0
0	30	0
2	30	0
4	30	0
6	30	0
8	30	0
10	30	0
12	30	0
14	30	0
16	30	0
18	30	0
20	30	0
22	30	0
24	30	0
26	30	0
28	30	0
30	30	0
32	30	0
34	30	0
36	30	0
38	30	0
40	30	0
42	30	0
44	30	0
46	30	0
48	30	0
50	30	0
CELLS 13125 118125
8	0	1	27	26	416	417	443	442	
8	1	2	28	27	417	418	444	443	
8	2	3	29	28	418	419	445	444	
8	3	4	30	29	419	420	446	445	
8	4	5	31	30	420	421	447	446	
8	5	6	32	31	421	422	448	447	
8	6	7	33	32	422	423	449	448	
8	7	8	34	33	423	424	450	449	
8	8	9	35	34	424	425	451	450	
8	9	10	36	35	425	426	452	451	
8	10	11	37	36	426	427	453	452	
8	11	12	38	37	427	428	454	453	
8	12	13	39	38	428	429	455	454	
8	13	14	40	39	429	430	456	455	
8	14	15	41	40	430	431	457	456	
8	15	16	42	41	431	432	458	457	
8	16	17	43	42	432	433	459	458	
8	17	18	44	43	433	434	460	459	
8	18	19	45	44	434	435	461	460	
8	19	20	46	45	435	436	462	461	
8	20	21	47	46	436	437	463	462	
8	21	22	48	47	437	438	464	463	
8	22	23	49	48	438	439	465	464	
8	23	24	50	49	439	440	466	465	
8	24	25	51	50	440	441	467	466	
8	26	27	53	52	442	443	469	468	
8	27	28	54	53	443	444	470	469	
8	28	29	55	54	444	445	471	470	
8	29	30	56	55	445	446	472	471	
8	30	31	57	56	446	447	473	472	
8	31	32	58	57	447	448	474	473	
8	32	33	59	58	448	449	475	474	
8	33	34	60	59	449	450	476	475	
8	34	35	61	60	450	451	477	476	
8	35	36	62	61	451	452	478	477	
8	36	37	63	62	452	453	479	478	
8	37	38	64	63	453	454	480	479	
8	38	39	65	64	454	455	481	480	
8	39	40	66	65	455	456	482	481	
8	40	41	67	66	456	457	483	482	
8	41	42	68	67	457	458	484	483	
8	42	43	69	68	458	459	485	484	
8	43	44	70	69	459	460	486	485	
8	44	45	71	70	460	461	487	486	
8	45	46	72	71	461	462	488	487	
8	46	47	73	72	462	463	489	488	
8	47	48	74	73	463	464	490	489	
8	48	49	75	74	464	465	491	490	
8	49	50	76	75	465	466	492	491	
8	50	51	77	76	466	467	493	492	
8	52	53	79	78	468	469	495	494	
8	53	54	80	79	469	470	496	495	
8	54	55	81	80	470	471	497	496	
8	55	56	82	81	471	472	498	497	
8	56	57	83	82	472	473	499	498	
8	57	58	84	83	473	474	500	499	
8	58	59	85	84	474	475	501	500	
8	59	60	86	85	475	476	502	501	
8	60	61	87	86	476	477	503	502	
8	61	62	88	87	477	478	504	503	
8	62	63	89	88	478	479	505	504	
8	63	64	90	89	479	480	506	505	
8	64	65	91	90	480	481	507	506	
8	65	66	92	91	481	482	508	507	
8	66	67	93	92	482	483	509	508	
8	67	68	94	93	483	484	510	509	
8	68	69	95	94	484	485	511	510	
8	69	70	96	95	485	486	512	511	
8	70	71	97	96	486	487	513	512	
8	71	72	98	97	487	488	514	513	
8	72	73	99	98	488	489	515	514	
8	73	74	100	99	489	490	516	515	
8	74	75	101	100	490	491	517	516	
8	75	76	102	101	491	492	518	517	
8	76	77	103	102	492	493	519	518	
8	78	79	105	104	494	495	521	520	
8	79	80	106	105	495	496	522	521	
8	80	81	107	106	496	497	523	522	
8	81	82	108	107	497	498	524	523	
8	82	83	109	108	498	499	525	524	
8	83	84	110	109	499	500	526	525	
8	84	85	111	110	500	501	527	526	
8	85	86	112	111	501	502	528	527	
8	86	87	113	112	502	503	529	528	
8	87	88	114	113	503	504	530	529	
8	88	89	115	114	504	505	531	530	
8	89	90	116	115	505	506	532	531	
8	90	91	117	116	506	507	533	532	
8	91	92	118	117	507	508	534	533	
8	92	93	119	118	508	509	535	534	
8	93	94	120	119	509	510	536	535	
8	94	95	121	120	510	511	537	536	
8	95	96	122	121	511	512	538	537	
8	96	97	123	122	512	513	539	538	
8	97	98	124	123	513	514	540	539	
8	98	99	125	124	514	515	541	540	
8	99	100	126	125	515	516	542	541	
8	100	101	127	126	516	517	543	542	
8	101	102	128	127	517	518	544	543	
8	102	103	129	128	518	519	545	544	
8	104	105	131	130	520	521	547	546	
8	105	106	132	131	521	522	548	547	
8	106	107	133	132	522	523	549	548	
8	107	108	134	133	523	524	550	549	
8	108	109	135	134	524	525	551	550	
8	109	110	136	135	525	526	552	551	
8	110	111	137	136	526	527	553	552	
8	111	112	138	137	527	528	554	553	
8	112	113	139	138	528	529	555	554	
8	113	114	140	139	529	530	556	555	
8	114	115	141	140	530	531	557	556	
8	115	116	142	141	531	532	558	557	
8	116	117	143	142	532	533	559	558	
8	117	118	144	143	533	534	560	559	
8	118	119	145	144	534	535	561	560	
8	119	120	146	145	535	536	562	561	
8	120	121	147	146	536	537	563	562	
8	121	122	148	147	537	538	564	563	
8	122	123	149	148	538	539	565	564	
8	123	124	150	149	539	540	566	565	
8	124	125	151	150	540	541	567	566	
8	125	126	152	151	541	542	568	567	
8	126	127	153	152	542	543	569	568	
8	127	128	154	153	543	544	570	569	
8	128	129	155	154	544	545	571	570	
8	130	131	157	156	546	547	573	572	
8	131	132	158	157	547	548	574	573	
8	132	133	159	158	548	549	575	574	
8	133	134	160	159	549	550	576	575	
8	134	135	161	160	550	551	577	576	
8	135	136	162	161	551	552	578	577	
8	136	137	163	162	552	553	579	578	
8	137	138	164	163	553	554	580	579	
8	138	139	165	164	554	555	581	580	
8	139	140	166	165	555	556	582	581	
8	140	141	167	166	556	557	583	582	
8	141	142	168	167	557	558	584	583	
8	142	143	169	168	558	559	585	584	
8	143	144	170	169	559	560	586	585	
8	144	145	171	170	560	561	587	586	
8	145	146	172	171	561	562	588	587	
8	146	147	173	172	562	563	589	588	
8	147	148	174	173	563	564	590	589	
8	148	149	175	174	564	565	591	590	
8	149	150	176	175	565	566	592	591	
8	150	151	177	176	566	567	593	592	
8	151	152	178	177	567	568	594	593	
8	152	153	179	178	568	569	595	594	
8	153	154	180	179	569	570	596	595	
8	154	155	181	180	570	571	597	596	
8	156	157	183	182	572	573	599	598	
8	157	158	184	183	573	574	600	599	
8	158	159	185	184	574	575	601	600	
8	159	160	186	185	575	576	602	601	
8	160	161	187	186	576	577	603	602	
8	161	162	188	187	577	578	604	603	
8	162	163	189	188	578	579	605	604	
8	163	164	190	189	579	580	606	605	
8	164	165	191	190	580	581	607	606	
8	165	166	192	191	581	582	608	607	
8	166	167	193	192	582	583	609	608	
8	167	168	194	193	583	584	610	609	
8	168	169	195	194	584	585	611	610	
8	169	170	196	195	585	586	612	611	
8	170	171	197	196	586	587	613	612	
8	171	172	198	197	587	588	614	613	
8	172	173	199	198	588	589	615	614	
8	173	174	200	199	589	590	616	615	
8	174	175	201	200	590	591	617	616	
8	175	176	202	201	591	592	618	617	
8	176	177	203	202	592	593	619	618	
8	177	178	204	203	593	594	620	619	
8	178	179	205	204	594	595	621	620	
8	179	180	206	205	595	596	622	621	
8	180	181	207	206	596	597	623	622	
8	182	183	209	208	598	599	625	624	
8	183	184	210	209	599	600	626	625	
8	184	185	211	210	600	601	627	626	
8	185	186	212	211	601	602	628	627	
8	186	187	213	212	602	603	629	628	
8	187	188	214	213	603	604	630	629	
8	188	189	215	214	604	605	631	630	
8	189	190	216	215	605	606	632	631	
8	190	191	217	216	606	607	633	632	
8	191	192	218	217	607	608	634	633	
8	192	193	219	218	608	609	635	634	
8	193	194	220	219	609	610	636	635	
8	194	195	221	220	610	611	637	636	
8	195	196	222	221	611	612	638	637	
8	196	197	223	222	612	613	639	638	
8	197	198	224	223	613	614	640	639	
8	198	199	225	224	614	615	641	640	
8	199	200	226	225	615	616	642	641	
8	200	201	227	226	616	617	643	642	
8	201	202	228	227	617	618	644	643	
8	202	203	229	228	618	619	645	644	
8	203	204	230	229	619	620	646	645	
8	204	205	231	230	620	621	647	646	
8	205	206	232	231	621	622	648	647	
8	206	207	233	232	622	623	649	648	
8	208	209	235	234	624	625	651	650	
8	209	210	236	235	625	626	652	651	
8	210	211	237	236	626	627	653	652	
8	211	212	238	237	627	628	654	653	
8	212	213	239	238	628	629	655	654	
8	213	214	240	239	629	630	656	655	
8	214	215	241	240	630	631	657	656	
8	215	216	242	241	631	632	658	657	
8	216	217	243	242	632	633	659	658	
8	217	218	244	243	633	634	660	659	
8	218	219	245	244	634	635	661	660	
8	219	220	246	245	635	636	662	661	
8	220	221	247	246	636	637	663	662	
8	221	222	248	247	637	638	664	663	
8	222	223	249	248	638	639	665	664	
8	223	224	250	249	639	640	666	665	
8	224	225	251	250	640	641	667	666	
8	225	226	252	251	641	642	668	667	
8	226	227	253	252	642	643	669	668	
8	227	228	254	253	643	644	670	669	
8	228	229	255	254	644	645	671	670	
8	229	230	256	255	645	646	672	671	
8	230	231	257	256	646	647	673	672	
8	231	232	258	257	647	648	674	673	
8	232	233	259	258	648	649	675	674	
8	234	235	261	260	650	651	677	676	
8	235	236	262	261	651	652	678	677	
8	236	237	263	262	652	653	679	678	
8	237	238	264	263	653	654	680	679	
8	238	239	265	264	654	655	681	680	
8	239	240	266	265	655	656	682	681	
8	240	241	267	266	656	657	683	682	
8	241	242	268	267	657	658	684	683	
8	242	243	269	268	658	659	685	684	
8	243	244	270	269	659	660	686	685	
8	244	245	271	270	660	661	687	686	
8	245	246	272	271	661	662	688	687	
8	246	247	273	272	662	663	689	688	
8	247	248	274	273	663	664	690	689	
8	248	249	275	274	664	665	691	690	
8	249	250	276	275	665	666	692	691	
8	250	251	277	276	666	667	693	692	
8	251	252	278	277	667	668	694	693	
8	252	253	279	278	668	669	695	694	
8	253	254	280	279	669	670	696	695	
8	254	255	281	280	670	671	697	696	
8	255	256	282	281	671	672	698	697	
8	256	257	283	282	672	673	699	698	
8	257	258	284	283	673	674	700	699	
8	258	259	285	284	674	675	701	700	
8	260	261	287	286	676	677	703	702	
8	261	262	288	287	677	678	704	703	
8	262	263	289	288	678	679	705	704	
8	263	264	290	289	679	680	706	705	
8	264	265	291	290	680	681	707	706	
8	265	266	292	291	681	682	708	707	
8	266	267	293	292	682	683	709	708	
8	267	268	294	293	683	684	710	709	
8	268	269	295	294	684	685	711	710	
8	269	270	296	295	685	686	712	711	
8	270	271	297	296	686	687	713	712	
8	271	272	298	297	687	688	714	713	
8	272	273	299	298	688	689	715	714	
8	273	274	300	299	689	690	716	715	
8	274	275	301	300	690	691	717	716	
8	275	276	302	301	691	692	718	717	
8	276	277	303	302	692	693	719	718	
8	277	278	304	303	693	694	720	719	
8	278	279	305	304	694	695	721	720	
8	279	280	306	305	695	696	722	721	
8	280	281	307	306	696	697	723	722	
8	281	282	308	307	697	698	724	723	
8	282	283	309	308	698	699	725	724	
8	283	284	310	309	699	700	726	725	
8	284	285	311	310	700	701	727	726	
8	286	287	313	312	702	703	729	728	
8	287	288	314	313	703	704	730	729	
8	288	289	315	314	704	705	731	730	
8	289	290	316	315	705	706	732	731	
8	290	291	317	316	706	707	733	732	
8	291	292	318	317	707	708	734	733	
8	292	293	319	318	708	709	735	734	
8	293	294	320	319	709	710	736	735	
8	294	295	321	320	710	711	737	736	
8	295	296	322	321	711	712	738	737	
8	296	297	323	322	712	713	739	738	
8	297	298	324	323	713	714	740	739	
8	298	299	325	324	714	715	741	740	
8	299	300	326	325	715	716	742	741	
8	300	301	327	326	716	717	743	742	
8	301	302	328	327	717	718	744	743	
8	302	303	329	328	718	719	745	744	
8	303	304	330	329	719	720	746	745	
8	304	305	331	330	720	721	747	746	
8	305	306	332	331	721	722	748	747	
8	306	307	333	332	722	723	749	748	
8	307	308	334	333	723	724	750	749	
8	308	309	335	334	724	725	751	750	
8	309	310	336	335	725	726	752	751	
8	310	311	337	336	726	727	753	752	
8	312	313	339	338	728	729	755	754	
8	313	314	340	339	729	730	756	755	
8	314	315	341	340	730	731	757	756	
8	315	316	342	341	731	732	758	757	
8	316	317	343	342	732	733	759	758	
8	317	318	344	343	733	734	760	759	
8	318	319	345	344	734	735	761	760	
8	319	320	346	345	735	736	762	761	
8	320	321	347	346	736	737	763	762	
8	321	322	348	347	737	738	764	763	
8	322	323	349	348	738	739	765	764	
8	323	324	350	349	739	740	766	765	
8	324	325	351	350	740	741	767	766	
8	325	326	352	351	741	742	768	767	
8	326	327	353	352	742	743	769	768	
8	327	328	354	353	743	744	770	769	
8	328	329	355	354	744	745	771	770	
8	329	330	356	355	745	746	772	771	
8	330	331	357	356	746	747	773	772	
8	331	332	358	357	747	748	774	773	
8	332	333	359	358	748	749	775	774	
8	333	334	360	359	749	750	776	775	
8	334	335	361	360	750	751	777	776	
8	335	336	362	361	751	752	778	777	
8	336	337	363	362	752	753	779	778	
8	338	339	365	364	754	755	781	780	
8	339	340	366	365	755	756	782	781	
8	340	341	367	366	756	757	783	782	
8	341	342	368	367	757	758	784	783	
8	342	343	369	368	758	759	785	784	
8	343	344	370	369	759	760	786	785	
8	344	345	371	370	760	761	787	786	
8	345	346	372	371	761	762	788	787	
8	346	347	373	372	762	763	789	788	
8	347	348	374	373	763	764	790	789	
8	348	349	375	374	764	765	791	790	
8	349	350	376	375	765	766	792	791	
8	350	351	377	376	766	767	793	792	
8	351	352	378	377	767	768	794	793	
8	352	353	379	378	768	769	795	794	
8	353	354	380	379	769	770	796	795	
8	354	355	381	380	770	771	797	796	
8	355	356	382	381	771	772	798	797	
8	356	357	383	382	772	773	799	798	
8	357	358	384	383	773	774	800	799	
8	358	359	385	384	774	775	801	800	
8	359	360	386	385	775	776	802	801	
8	360	361	387	386	776	777	803	802	
8	361	362	388	387	777	778	804	803	
8	362	363	389	388	778	779	805	804	
8	364	365	391	390	780	781	807	806	
8	365	366	392	391	781	782	808	807	
8	366	367	393	392	782	783	809	808	
8	367	368	394	393	783	784	810	809	
8	368	369	395	394	784	785	811	810	
8	369	370	396	395	785	786	812	811	
8	370	371	397	396	786	787	813	812	
8	371	372	398	397	787	788	814	813	
8	372	373	399	398	788	789	815	814	
8	373	374	400	399	789	790	816	815	
8	374	375	401	400	790	791	817	816	
8	375	376	402	401	791	792	818	817	
8	376	377	403	402	792	793	819	818	
8	377	378	404	403	793	794	820	819	
8	378	379	405	404	794	795	821	820	
8	379	380	406	405	795	796	822	821	
8	380	381	407	406	796	797	823	822	
8	381	382	408	407	797	798	824	823	
8	382	383	409	408	798	799	825	824	
8	383	384	410	409	799	800	826	825	
8	384	385	411	410	800	801	827	826	
8	385	386	412	411	801	802	828	827	
8	386	387	413	412	802	803	829	828	
8	387	388	414	413	803	804	830	829	
8	388	389	415	414	804	805	831	830	
8	416	417	443	442	832	833	859	858	
8	417	418	444	443	833	834	860	859	
8	418	419	445	444	834	835	861	860	
8	419	420	446	445	835	836	862	861	
8	420	421	447	446	836	837	863	862	
8	421	422	448	447	837	838	864	863	
8	422	423	449	448	838	839	865	864	
8	423	424	450	449	839	840	866	865	
8	424	425	451	450	840	841	867	866	
8	425	426	452	451	841	842	868	867	
8	426	427	453	452	842	843	869	868	
8	427	428	454	453	843	844	870	869	
8	428	429	455	454	844	845	871	870	
8	429	430	456	455	845	846	872	871	
8	430	431	457	456	846	847	873	872	
8	431	432	458	457	847	848	874	873	
8	432	433	459	458	848	849	875	874	
8	433	434	460	459	849	850	876	875	
8	434	435	461	460	850	851	877	876	
8	435	436	462	461	851	852	878	877	
8	436	437	463	462	852	853	879	878	
8	437	438	464	463	853	854	880	879	
8	438	439	465	464	854	855	881	880	
8	439	440	466	465	855	856	882	881	
8	440	441	467	466	856	857	883	882	
8	442	443	469	468	858	859	885	884	
8	443	444	470	469	859	860	886	885	
8	444	445	471	470	860	861	887	886	
8	445	446	472	471	861	862	888	887	
8	446	447	473	472	862	863	889	888	
8	447	448	474	473	863	864	890	889	
8	448	449	475	474	864	865	891	890	
8	449	450	476	475	865	866	892	891	
8	450	451	477	476	866	867	893	892	
8	451	452	478	477	867	868	894	893	
8	452	453	479	478	868	869	895	894	
8	453	454	480	479	869	870	896	895	
8	454	455	481	480	870	871	897	896	
8	455	456	482	481	871	872	898	897	
8	456	457	483	482	872	873	899	898	
8	457	458	484	483	873	874	900	899	
8	458	459	485	484	874	875	901	900	
8	459	460	486	485	875	876	902	901	
8	460	461	487	486	876	877	903	902	
8	461	462	488	487	877	878	904	903	
8	462	463	489	488	878	879	905	904	
8	463	464	490	489	879	880	906	905	
8	464	465	491	490	880	881	907	906	
8	465	466	492	491	881	882	908	907	
8	466	467	493	492	882	883	909	908	
8	468	469	495	494	884	885	911	910	
8	469	470	496	495	885	886	912	911	
8	470	471	497	496	886	887	913	912	
8	471	472	498	497	887	888	914	913	
8	472	473	499	498	888	889	915	914	
8	473	474	500	499	889	890	916	915	
8	474	475	501	500	890	891	917	916	
8	475	476	502	501	891	892	918	917	
8	476	477	503	502	892	893	919	918	
8	477	478	504	503	893	894	920	919	
8	478	479	505	504	894	895	921	920	
8	479	480	506	505	895	896	922	921	
8	480	481	507	506	896	897	923	922	
8	481	482	508	507	897	898	924	923	
8	482	483	509	508	898	899	925	924	
8	483	484	510	509	899	900	926	925	
8	484	485	511	510	900	901	927	926	
8	485	486	512	511	901	902	928	927	
8	486	487	513	512	902	903	929	928	
8	487	488	514	513	903	904	930	929	
8	488	489	515	514	904	905	931	930	
8	489	490	516	515	905	906	932	931	
8	490	491	517	516	906	907	933	932	
8	491	492	518	517	907	908	934	933	
8	492	493	519	518	908	909	935	934	
8	494	495	521	520	910	911	937	936	
8	495	496	522	521	911	912	938	937	
8	496	497	523	522	912	913	939	938	
8	497	498	524	523	913	914	940	939	
8	498	499	525	524	914	915	941	940	
8	499	500	526	525	915	916	942	941	
8	500	501	527	526	916	917	943	942	
8	501	502	528	527	917	918	944	943	
8	502	503	529	528	918	919	945	944	
8	503	504	530	529	919	920	946	945	
8	504	505	531	530	920	921	947	946	
8	505	506	532	531	921	922	948	947	
8	506	507	533	532	922	923	949	948	
8	507	508	534	533	923	924	950	949	
8	508	509	535	534	924	925	951	950	
8	509	510	536	535	925	926	952	951	
8	510	511	537	536	926	927	953	952	
8	511	512	538	537	927	928	954	953	
8	512	513	539	538	928	929	955	954	
8	513	514	540	539	929	930	956	955	
8	514	515	541	540	930	931	957	956	
8	515	516	542	541	931	932	958	957	
8	516	517	543	542	932	933	959	958	
8	517	518	544	543	933	934	960	959	
8	518	519	545	544	934	935	961	960	
8	520	521	547	546	936	937	963	962	
8	521	522	548	547	937	938	964	963	
8	522	523	549	548	938	939	965	964	
8	523	524	550	549	939	940	966	965	
8	524	525	551	550	940	941	967	966	
8	525	526	552	551	941	942	968	967	
8	526	527	553	552	942	943	969	968	
8	527	528	554	553	943	944	970	969	
8	528	529	555	554	944	945	971	970	
8	529	530	556	555	945	946	972	971	
8	530	531	557	556	946	947	973	972	
8	531	532	558	557	947	948	974	973	
8	532	533	559	558	948	949	975	974	
8	533	534	560	559	949	950	976	975	
8	534	535	561	560	950	951	977	976	
8	535	536	562	561	951	952	978	977	
8	536	537	563	562	952	953	979	978	
8	537	538	564	563	953	954	980	979	
8	538	539	565	564	954	955	981	980	
8	539	540	566	565	955	956	982	981	
8	540	541	567	566	956	957	983	982	
8	541	542	568	567	957	958	984	983	
8	542	543	569	568	958	959	985	984	
8	543	544	570	569	959	960	986	985	
8	544	545	571	570	960	961	987	986	
8	546	547	573	572	962	963	989	988	
8	547	548	574	573	963	964	990	989	
8	548	549	575	574	964	965	991	990	
8	549	550	576	575	965	966	992	991	
8	550	551	577	576	966	967	993	992	
8	551	552	578	577	967	968	994	993	
8	552	553	579	578	968	969	995	994	
8	553	554	580	579	969	970	996	995	
8	554	555	581	580	970	971	997	996	
8	555	556	582	581	971	972	998	997	
8	556	557	583	582	972	973	999	998	
8	557	558	584	583	973	974	1000	999	
8	558	559	585	584	974	975	1001	1000	
8	559	560	586	585	975	976	1002	1001	
8	560	561	587	586	976	977	1003	1002	
8	561	562	588	587	977	978	1004	1003	
8	562	563	589	588	978	979	1005	1004	
8	563	564	590	589	979	980	1006	1005	
8	564	565	591	590	980	981	1007	1006	
8	565	566	592	591	981	982	1008	1007	
8	566	567	593	592	982	983	1009	1008	
8	567	568	594	593	983	984	1010	1009	
8	568	569	595	594	984	985	1011	1010	
8	569	570	596	595	985	986	1012	1011	
8	570	571	597	596	986	987	1013	1012	
8	572	573	599	598	988	989	1015	1014	
8	573	574	600	599	989	990	1016	1015	
8	574	575	601	600	990	991	1017	1016	
8	575	576	602	601	991	992	1018	1017	
8	576	577	603	602	992	993	1019	1018	
8	577	578	604	603	993	994	1020	1019	
8	578	579	605	604	994	995	1021	1020	
8	579	580	606	605	995	996	1022	1021	
8	580	581	607	606	996	997	1023	1022	
8	581	582	608	607	997	998	1024	1023	
8	582	583	609	608	998	999	1025	1024	
8	583	584	610	609	999	1000	1026	1025	
8	584	585	611	610	1000	1001	1027	1026	
8	585	586	612	611	1001	1002	1028	1027	
8	586	587	613	612	1002	1003	1029	1028	
8	587	588	614	613	1003	1004	1030	1029	
8	588	589	615	614	1004	1005	1031	1030	
8	589	590	616	615	1005	1006	1032	1031	
8	590	591	617	616	1006	1007	1033	1032	
8	591	592	618	617	1007	1008	1034	1033	
8	592	593	619	618	1008	1009	1035	1034	
8	593	594	620	619	1009	1010	1036	1035	
8	594	595	621	620	1010	1011	1037	1036	
8	595	596	622	621	1011	1012	1038	1037	
8	596	597	623	622	1012	1013	1039	1038	
8	598	599	625	624	1014	1015	1041	1040	
8	599	600	626	625	1015	1016	1042	1041	
8	600	601	627	626	1016	1017	1043	1042	
8	601	602	628	627	1017	1018	1044	1043	
8	602	603	629	628	1018	1019	1045	1044	
8	603	604	630	629	1019	1020	1046	1045	
8	604	605	631	630	1020	1021	1047	1046	
8	605	606	632	631	1021	1022	1048	1047	
8	606	607	633	632	1022	1023	1049	1048	
8	607	608	634	633	1023	1024	1050	1049	
8	608	609	635	634	1024	1025	1051	1050	
8	609	610	636	635	1025	1026	1052	1051	
8	610	611	637	636	1026	1027	1053	1052	
8	611	612	638	637	1027	1028	1054	1053	
8	612	613	639	638	1028	1029	1055	1054	
8	613	614	640	639	1029	1030	1056	1055	
8	614	615	641	640	1030	1031	1057	1056	
8	615	616	642	641	1031	1032	1058	1057	
8	616	617	643	642	1032	1033	1059	1058	
8	617	618	644	643	1033	1034	1060	1059	
8	618	619	645	644	1034	1035	1061	1060	
8	619	620	646	645	1035	1036	1062	1061	
8	620	621	647	646	1036	1037	1063	1062	
8	621	622	648	647	1037	1038	1064	1063	
8	622	623	649	648	1038	1039	1065	1064	
8	624	625	651	650	1040	1041	1067	1066	
8	625	626	652	651	1041	1042	1068	1067	
8	626	627	653	652	1042	1043	1069	1068	
8	627	628	654	653	1043	1044	1070	1069	
8	628	629	655	654	1044	1045	1071	1070	
8	629	630	656	655	1045	1046	1072	1071	
8	630	631	657	656	1046	1047	1073	1072	
8	631	632	658	657	1047	1048	1074	1073	
8	632	633	659	658	1048	1049	1075	1074	
8	633	634	660	659	1049	1050	1076	1075	
8	634	635	661	660	1050	1051	1077	1076	
8	635	636	662	661	1051	1052	1078	1077	
8	636	637	663	662	1052	1053	1079	1078	
8	637	638	664	663	1053	1054	1080	1079	
8	638	639	665	664	1054	1055	1081	1080	
8	639	640	666	665	1055	1056	1082	1081	
8	640	641	667	666	1056	1057	1083	1082	
8	641	642	668	667	1057	1058	1084	1083	
8	642	643	669	668	1058	1059	1085	1084	
8	643	644	670	669	1059	1060	1086	1085	
8	644	645	671	670	1060	1061	1087	1086	
8	645	646	672	671	1061	1062	1088	1087	
8	646	647	673	672	1062	1063	1089	1088	
8	647	648	674	673	1063	1064	1090	1089	
8	648	649	675	674	1064	1065	1091	1090	
8	650	651	677	676	1066	1067	1093	1092	
8	651	652	678	677	1067	1068	1094	1093	
8	652	653	679	678	1068	1069	1095	1094	
8	653	654	680	679	1069	1070	1096	1095	
8	654	655	681	680	1070	1071	1097	1096	
8	655	656	682	681	1071	1072	1098	1097	
8	656	657	683	682	1072	1073	1099	1098	
8	657	658	684	683	1073	1074	1100	1099	
8	658	659	685	684	1074	1075	1101	1100	
8	659	660	686	685	1075	1076	1102	1101	
8	660	661	687	686	1076	1077	1103	1102	
8	661	662	688	687	1077	1078	1104	1103	
8	662	663	689	688	1078	1079	1105	1104	
8	663	664	690	689	1079	1080	1106	1105	
8	664	665	691	690	1080	1081	1107	1106	
8	665	666	692	691	1081	1082	1108	1107	
8	666	667	693	692	1082	1083	1109	1108	
8	667	668	694	693	1083	1084	1110	1109	
8	668	669	695	694	1084	1085	1111	1110	
8	669	670	696	695	1085	1086	1112	1111	
8	670	671	697	696	1086	1087	1113	1112	
8	671	672	698	697	1087	1088	1114	1113	
8	672	673	699	698	1088	1089	1115	1114	
8	673	674	700	699	1089	1090	1116	1115	
8	674	675	701	700	1090	1091	1117	1116	
8	676	677	703	702	1092	1093	1119	1118	
8	677	678	704	703	1093	1094	1120	1119	
8	678	679	705	704	1094	1095	1121	1120	
8	679	680	706	705	1095	1096	1122	1121	
8	680	681	707	706	1096	1097	1123	1122	
8	681	682	708	707	1097	1098	1124	1123	
8	682	683	709	708	1098	1099	1125	1124	
8	683	684	710	709	1099	1100	1126	1125	
8	684	685	711	710	1100	1101	1127	1126	
8	685	686	712	711	1101	1102	1128	1127	
8	686	687	713	712	1102	1103	1129	1128	
8	687	688	714	713	1103	1104	1130	1129	
8	688	689	715	714	1104	1105	1131	1130	
8	689	690	716	715	1105	1106	1132	1131	
8	690	691	717	716	1106	1107	1133	1132	
8	691	692	718	717	1107	1108	1134	1133	
8	692	693	719	718	1108	1109	1135	1134	
8	693	694	720	719	1109	1110	1136	1135	
8	694	695	721	720	1110	1111	1137	1136	
8	695	696	722	721	1111	1112	1138	1137	
8	696	697	723	722	1112	1113	1139	1138	
8	697	698	724	723	1113	1114	1140	1139	
8	698	699	725	724	1114	1115	1141	1140	
8	699	700	726	725	1115	1116	1142	1141	
8	700	701	727	726	1116	1117	1143	1142	
8	702	703	729	728	1118	1119	1145	1144	
8	703	704	730	729	1119	1120	1146	1145	
8	704	705	731	730	1120	1121	1147	1146	
8	705	706	732	731	1121	1122	1148	1147	
8	706	707	733	732	1122	1123	1149	1148	
8	707	708	734	733	1123	1124	1150	1149	
8	708	709	735	734	1124	1125	1151	1150	
8	709	710	736	735	1125	1126	1152	1151	
8	710	711	737	736	1126	1127	1153	1152	
8	711	712	738	737	1127	1128	1154	1153	
8	712	713	739	738	1128	1129	1155	1154	
8	713	714	740	739	1129	1130	1156	1155	
8	714	715	741	740	1130	1131	1157	1156	
8	715	716	742	741	1131	1132	1158	1157	
8	716	717	743	742	1132	1133	1159	1158	
8	717	718	744	743	1133	1134	1160	1159	
8	718	719	745	744	1134	1135	1161	1160	
8	719	720	746	745	1135	1136	1162	1161	
8	720	721	747	746	1136	1137	1163	1162	
8	721	722	748	747	1137	1138	1164	1163	
8	722	723	749	748	1138	1139	1165	1164	
8	723	724	750	749	1139	1140	1166	1165	
8	724	725	751	750	1140	1141	1167	1166	
8	725	726	752	751	1141	1142	1168	1167	
8	726	727	753	752	1142	1143	1169	1168	
8	728	729	755	754	1144	1145	1171	1170	
8	729	730	756	755	1145	1146	1172	1171	
8	730	731	757	756	1146	1147	1173	1172	
8	731	732	758	757	1147	1148	1174	1173	
8	732	733	759	758	1148	1149	1175	1174	
8	733	734	760	759	1149	1150	1176	1175	
8	734	735	761	760	1150	1151	1177	1176	
8	735	736	762	761	1151	1152	1178	1177	
8	736	737	763	762	1152	1153	1179	1178	
8	737	738	764	763	1153	1154	1180	1179	
8	738	739	765	764	1154	1155	1181	1180	
8	739	740	766	765	1155	1156	1182	1181	
8	740	741	767	766	1156	1157	1183	1182	
8	741	742	768	767	1157	1158	1184	1183	
8	742	743	769	768	1158	1159	1185	1184	
8	743	744	770	769	1159	1160	1186	1185	
8	744	745	771	770	1160	1161	1187	1186	
8	745	746	772	771	1161	1162	1188	1187	
8	746	747	773	772	1162	1163	1189	1188	
8	747	748	774	773	1163	1164	1190	1189	
8	748	749	775	774	1164	1165	1191	1190	
8	749	750	776	775	1165	1166	1192	1191	
8	750	751	777	776	1166	1167	1193	1192	
8	751	752	778	777	1167	1168	1194	1193	
8	752	753	779	778	1168	1169	1195	1194	
8	754	755	781	780	1170	1171	1197	1196	
8	755	756	782	781	1171	1172	1198	1197	
8	756	757	783	782	1172	1173	1199	1198	
8	757	758	784	783	1173	1174	1200	1199	
8	758	759	785	784	1174	1175	1201	1200	
8	759	760	786	785	1175	1176	1202	1201	
8	760	761	787	786	1176	1177	1203	1202	
8	761	762	788	787	1177	1178	1204	1203	
8	762	763	789	788	1178	1179	1205	1204	
8	763	764	790	789	1179	1180	1206	1205	
8	764	765	791	790	1180	1181	1207	1206	
8	765	766	792	791	1181	1182	1208	1207	
8	766	767	793	792	1182	1183	1209	1208	
8	767	768	794	793	1183	1184	1210	1209	
8	768	769	795	794	1184	1185	1211	1210	
8	769	770	796	795	1185	1186	1212	1211	
8	770	771	797	796	1186	1187	1213	1212	
8	771	772	798	797	1187	1188	1214	1213	
8	772	773	799	798	1188	1189	1215	1214	
8	773	774	800	799	1189	1190	1216	1215	
8	774	775	801	800	1190	1191	1217	1216	
8	775	776	802	801	1191	1192	1218	1217	
8	776	777	803	802	1192	1193	1219	1218	
8	777	778	804	803	1193	1194	1220	1219	
8	778	779	805	804	1194	1195	1221	1220	
8	780	781	807	806	1196	1197	1223	1222	
8	781	782	808	807	1197	1198	1224	1223	
8	782	783	809	808	1198	1199	1225	1224	
8	783	784	810	809	1199	1200	1226	1225	
8	784	785	811	810	1200	1201	1227	1226	
8	785	786	812	811	1201	1202	1228	1227	
8	786	787	813	812	1202	1203	1229	1228	
8	787	788	814	813	1203	1204	1230	1229	
8	788	789	815	814	1204	1205	1231	1230	
8	789	790	816	815	1205	1206	1232	1231	
8	790	791	817	816	1206	1207	1233	1232	
8	791	792	818	817	1207	1208	1234	1233	
8	792	793	819	818	1208	1209	1235	1234	
8	793	794	820	819	1209	1210	1236	1235	
8	794	795	821	820	1210	1211	1237	1236	
8	795	796	822	821	1211	1212	1238	1237	
8	796	797	823	822	1212	1213	1239	1238	
8	797	798	824	823	1213	1214	1240	1239	
8	798	799	825	824	1214	1215	1241	1240	
8	799	800	826	825	1215	1216	1242	1241	
8	800	801	827	826	1216	1217	1243	1242	
8	801	802	828	827	1217	1218	1244	1243	
8	802	803	829	828	1218	1219	1245	1244	
8	803	804	830	829	1219	1220	1246	1245	
8	804	805	831	830	1220	1221	1247	1246	
8	832	833	859	858	1248	1249	1275	1274	
8	833	834	860	859	1249	1250	1276	1275	
8	834	835	861	860	1250	1251	1277	1276	
8	835	836	862	861	1251	1252	1278	1277	
8	836	837	863	862	1252	1253	1279	1278	
8	837	838	864	863	1253	1254	1280	1279	
8	838	839	865	864	1254	1255	1281	1280	
8	839	840	866	865	1255	1256	1282	1281	
8	840	841	867	866	1256	1257	1283	1282	
8	841	842	868	867	1257	1258	1284	1283	
8	842	843	869	868	1258	1259	1285	1284	
8	843	844	870	869	1259	1260	1286	1285	
8	844	845	871	870	1260	1261	1287	1286	
8	845	846	872	871	1261	1262	1288	1287	
8	846	847	873	872	1262	1263	1289	1288	
8	847	848	874	873	1263	1264	1290	1289	
8	848	849	875	874	1264	1265	1291	1290	
8	849	850	876	875	1265	1266	1292	1291	
8	850	851	877	876	1266	1267	1293	1292	
8	851	852	878	877	1267	1268	1294	1293	
8	852	853	879	878	1268	1269	1295	1294	
8	853	854	880	879	1269	1270	1296	1295	
8	854	855	881	880	1270	1271	1297	1296	
8	855	856	882	881	1271	1272	1298	1297	
8	856	857	883	882	1272	1273	1299	1298	
8	858	859	885	884	1274	1275	1301	1300	
8	859	860	886	885	1275	1276	1302	1301	
8	860	861	887	886	1276	1277	1303	1302	
8	861	862	888	887	1277	1278	1304	1303	
8	862	863	889	888	1278	1279	1305	1304	
8	863	864	890	889	1279	1280	1306	1305	
8	864	865	891	890	1280	1281	1307	1306	
8	865	866	892	891	1281	1282	1308	1307	
8	866	867	893	892	1282	1283	1309	1308	
8	867	868	894	893	1283	1284	1310	1309	
8	868	869	895	894	1284	1285	1311	1310	
8	869	870	896	895	1285	1286	1312	1311	
8	870	871	897	896	1286	1287	1313	1312	
8	871	872	898	897	1287	1288	1314	1313	
8	872	873	899	898	1288	1289	1315	1314	
8	873	874	900	899	1289	1290	1316	1315	
8	874	875	901	900	1290	1291	1317	1316	
8	875	876	902	901	1291	1292	1318	1317	
8	876	877	903	902	1292	1293	1319	1318	
8	877	878	904	903	1293	1294	1320	1319	
8	878	879	905	904	1294	1295	1321	1320	
8	879	880	906	905	1295	1296	1322	1321	
8	880	881	907	906	1296	1297	1323	1322	
8	881	882	908	907	1297	1298	1324	1323	
8	882	883	909	908	1298	1299	1325	1324	
8	884	885	911	910	1300	1301	1327	1326	
8	885	886	912	911	1301	1302	1328	1327	
8	886	887	913	912	1302	1303	1329	1328	
8	887	888	914	913	1303	1304	1330	1329	
8	888	889	915	914	1304	1305	1331	1330	
8	889	890	916	915	1305	1306	1332	1331	
8	890	891	917	916	1306	1307	1333	1332	
8	891	892	918	917	1307	1308	1334	1333	
8	892	893	919	918	1308	1309	1335	1334	
8	893	894	920	919	1309	1310	1336	1335	
8	894	895	921	920	1310	1311	1337	1336	
8	895	896	922	921	1311	1312	1338	1337	
8	896	897	923	922	1312	1313	1339	1338	
8	897	898	924	923	1313	1314	1340	1339	
8	898	899	925	924	1314	1315	1341	1340	
8	899	900	926	925	1315	1316	1342	1341	
8	900	901	927	926	1316	1317	1343	1342	
8	901	902	928	927	1317	1318	1344	1343	
8	902	903	929	928	1318	1319	1345	1344	
8	903	904	930	929	1319	1320	1346	1345	
8	904	905	931	930	1320	1321	1347	1346	
8	905	906	932	931	1321	1322	1348	1347	
8	906	907	933	932	1322	1323	1349	1348	
8	907	908	934	933	1323	1324	1350	1349	
8	908	909	935	934	1324	1325	1351	1350	
8	910	911	937	936	1326	1327	1353	1352	
8	911	912	938	937	1327	1328	1354	1353	
8	912	913	939	938	1328	1329	1355	1354	
8	913	914	940	939	1329	1330	1356	1355	
8	914	915	941	940	1330	1331	1357	1356	
8	915	916	942	941	1331	1332	1358	1357	
8	916	917	943	942	1332	1333	1359	1358	
8	917	918	944	943	1333	1334	1360	1359	
8	918	919	945	944	1334	1335	1361	1360	
8	919	920	946	945	1335	1336	1362	1361	
8	920	921	947	946	1336	1337	1363	1362	
8	921	922	948	947	1337	1338	1364	1363	
8	922	923	949	948	1338	1339	1365	1364	
8	923	924	950	949	1339	1340	1366	1365	
8	924	925	951	950	1340	1341	1367	1366	
8	925	926	952	951	1341	1342	1368	1367	
8	926	927	953	952	1342	1343	1369	1368	
8	927	928	954	953	1343	1344	1370	1369	
8	928	929	955	954	1344	1345	1371	1370	
8	929	930	956	955	1345	1346	1372	1371	
8	930	931	957	956	1346	1347	1373	1372	
8	931	932	958	957	1347	1348	1374	1373	
8	932	933	959	958	1348	1349	1375	1374	
8	933	934	960	959	1349	1350	1376	1375	
8	934	935	961	960	1350	1351	1377	1376	
8	936	937	963	962	1352	1353	1379	1378	
8	937	938	964	963	1353	1354	1380	1379	
8	938	939	965	964	1354	1355	1381	1380	
8	939	940	966	965	1355	1356	1382	1381	
8	940	941	967	966	1356	1357	1383	1382	
8	941	942	968	967	1357	1358	1384	1383	
8	942	943	969	968	1358	1359	1385	1384	
8	943	944	970	969	1359	1360	1386	1385	
8	944	945	971	970	1360	1361	1387	1386	
8	945	946	972	971	1361	1362	1388	1387	
8	946	947	973	972	1362	1363	1389	1388	
8	947	948	974	973	1363	1364	1390	1389	
8	948	949	975	974	1364	1365	1391	1390	
8	949	950	976	975	1365	1366	1392	1391	
8	950	951	977	976	1366	1367	1393	1392	
8	951	952	978	977	1367	1368	1394	1393	
8	952	953	979	978	1368	1369	1395	1394	
8	953	954	980	979	1369	1370	1396	1395	
8	954	955	981	980	1370	1371	1397	1396	
8	955	956	982	981	1371	1372	1398	1397	
8	956	957	983	982	1372	1373	1399	1398	
8	957	958	984	983	1373	1374	1400	1399	
8	958	959	985	984	1374	1375	1401	1400	
8	959	960	986	985	1375	1376	1402	1401	
8	960	961	987	986	1376	1377	1403	1402	
8	962	963	989	988	1378	1379	1405	1404	
8	963	964	990	989	1379	1380	1406	1405	
8	964	965	991	990	1380	1381	1407	1406	
8	965	966	992	991	1381	1382	1408	1407	
8	966	967	993	992	1382	1383	1409	1408	
8	967	968	994	993	1383	1384	1410	1409	
8	968	969	995	994	1384	1385	1411	1410	
8	969	970	996	995	1385	1386	1412	1411	
8	970	971	997	996	1386	1387	1413	1412	
8	971	972	998	997	1387	1388	1414	1413	
8	972	973	999	998	1388	1389	1415	1414	
8	973	974	1000	999	1389	1390	1416	1415	
8	974	975	1001	1000	1390	1391	1417	1416	
8	975	976	1002	1001	1391	1392	1418	1417	
8	976	977	1003	1002	1392	1393	1419	1418	
8	977	978	1004	1003	1393	1394	1420	1419	
8	978	979	1005	1004	1394	1395	1421	1420	
8	979	980	1006	1005	1395	1396	1422	1421	
8	980	981	1007	1006	1396	1397	1423	1422	
8	981	982	1008	1007	1397	1398	1424	1423	
8	982	983	1009	1008	1398	1399	1425	1424	
8	983	984	1010	1009	1399	1400	1426	1425	
8	984	985	1011	1010	1400	1401	1427	1426	
8	985	986	1012	1011	1401	1402	1428	1427	
8	986	987	1013	1012	1402	1403	1429	1428	
8	988	989	1015	1014	1404	1405	1431	1430	
8	989	990	1016	1015	1405	1406	1432	1431	
8	990	991	1017	1016	1406	1407	1433	1432	
8	991	992	1018	1017	1407	1408	1434	1433	
8	992	993	1019	1018	1408	1409	1435	1434	
8	993	994	1020	1019	1409	1410	1436	1435	
8	994	995	1021	1020	1410	1411	1437	1436	
8	995	996	1022	1021	1411	1412	1438	1437	
8	996	997	1023	1022	1412	1413	1439	1438	
8	997	998	1024	1023	1413	1414	1440	1439	
8	998	999	1025	1024	1414	1415	1441	1440	
8	999	1000	1026	1025	1415	1416	1442	1441	
8	1000	1001	1027	1026	1416	1417	1443	1442	
8	1001	1002	1028	1027	1417	1418	1444	1443	
8	1002	1003	1029	1028	1418	1419	1445	1444	
8	1003	1004	1030	1029	1419	1420	1446	1445	
8	1004	1005	1031	1030	1420	1421	1447	1446	
8	1005	1006	1032	1031	1421	1422	1448	1447	
8	1006	1007	1033	1032	1422	1423	1449	1448	
8	1007	1008	1034	1033	1423	1424	1450	1449	
8	1008	1009	1035	1034	1424	1425	1451	1450	
8	1009	1010	1036	1035	1425	1426	1452	1451	
8	1010	1011	1037	1036	1426	1427	1453	1452	
8	1011	1012	1038	1037	1427	1428	1454	1453	
8	1012	1013	1039	1038	1428	1429	1455	1454	
8	1014	1015	1041	1040	1430	1431	1457	1456	
8	1015	1016	1042	1041	1431	1432	1458	1457	
8	1016	1017	1043	1042	1432	1433	1459	1458	
8	1017	1018	1044	1043	1433	1434	1460	1459	
8	1018	1019	1045	1044	1434	1435	1461	1460	
8	1019	1020	1046	1045	1435	1436	1462	1461	
8	1020	1021	1047	1046	1436	1437	1463	1462	
8	1021	1022	1048	1047	1437	1438	1464	1463	
8	1022	1023	1049	1048	1438	1439	1465	1464	
8	1023	1024	1050	1049	1439	1440	1466	1465	
8	1024	1025	1051	1050	1440	1441	1467	1466	
8	1025	1026	1052	1051	1441	1442	1468	1467	
8	1026	1027	1053	1052	1442	1443	1469	1468	
8	1027	1028	1054	1053	1443	1444	1470	1469	
8	1028	1029	1055	1054	1444	1445	1471	1470	
8	1029	1030	1056	1055	1445	1446	1472	1471	
8	1030	1031	1057	1056	1446	1447	1473	1472	
8	1031	1032	1058	1057	1447	1448	1474	1473	
8	1032	1033	1059	1058	1448	1449	1475	1474	
8	1033	1034	1060	1059	1449	1450	1476	1475	
8	1034	1035	1061	1060	1450	1451	1477	1476	
8	1035	1036	1062	1061	1451	1452	1478	1477	
8	1036	1037	1063	1062	1452	1453	1479	1478	
8	1037	1038	1064	1063	1453	1454	1480	1479	
8	1038	1039	1065	1064	1454	1455	1481	1480	
8	1040	1041	1067	1066	1456	1457	1483	1482	
8	1041	1042	1068	1067	1457	1458	1484	1483	
8	1042	1043	1069	1068	1458	1459	1485	1484	
8	1043	1044	1070	1069	1459	1460	1486	1485	
8	1044	1045	1071	1070	1460	1461	1487	1486	
8	1045	1046	1072	1071	1461	1462	1488	1487	
8	1046	1047	1073	1072	1462	1463	1489	1488	
8	1047	1048	1074	1073	1463	1464	1490	1489	
8	1048	1049	1075	1074	1464	1465	1491	1490	
8	1049	1050	1076	1075	1465	1466	1492	1491	
8	1050	1051	1077	1076	1466	1467	1493	1492	
8	1051	1052	1078	1077	1467	1468	1494	1493	
8	1052	1053	1079	1078	1468	1469	1495	1494	
8	1053	1054	1080	1079	1469	1470	1496	1495	
8	1054	1055	1081	1080	1470	1471	1497	1496	
8	1055	1056	1082	1081	1471	1472	1498	1497	
8	1056	1057	1083	1082	1472	1473	1499	1498	
8	1057	1058	1084	1083	1473	1474	1500	1499	
8	1058	1059	1085	1084	1474	1475	1501	1500	
8	1059	1060	1086	1085	1475	1476	1502	1501	
8	1060	1061	1087	1086	1476	1477	1503	1502	
8	1061	1062	1088	1087	1477	1478	1504	1503	
8	1062	1063	1089	1088	1478	1479	1505	1504	
8	1063	1064	1090	1089	1479	1480	1506	1505	
8	1064	1065	1091	1090	1480	1481	1507	1506	
8	1066	1067	1093	1092	1482	1483	1509	1508	
8	1067	1068	1094	1093	1483	1484	1510	1509	
8	1068	1069	1095	1094	1484	1485	1511	1510	
8	1069	1070	1096	1095	1485	1486	1512	1511	
8	1070	1071	1097	1096	1486	1487	1513	1512	
8	1071	1072	1098	1097	1487	1488	1514	1513	
8	1072	1073	1099	1098	1488	1489	1515	1514	
8	1073	1074	1100	1099	1489	1490	1516	1515	
8	1074	1075	1101	1100	1490	1491	1517	1516	
8	1075	1076	1102	1101	1491	1492	1518	1517	
8	1076	1077	1103	1102	1492	1493	1519	1518	
8	1077	1078	1104	1103	1493	1494	1520	1519	
8	1078	1079	1105	1104	1494	1495	1521	1520	
8	1079	1080	1106	1105	1495	1496	1522	1521	
8	1080	1081	1107	1106	1496	1497	1523	1522	
8	1081	1082	1108	1107	1497	1498	1524	1523	
8	1082	1083	1109	1108	1498	1499	1525	1524	
8	1083	1084	1110	1109	1499	1500	1526	1525	
8	1084	1085	1111	1110	1500	1501	1527	1526	
8	1085	1086	1112	1111	1501	1502	1528	1527	
8	1086	1087	1113	1112	1502	1503	1529	1528	
8	1087	1088	1114	1113	1503	1504	1530	1529	
8	1088	1089	1115	1114	1504	1505	1531	1530	
8	1089	1090	1116	1115	1505	1506	1532	1531	
8	1090	1091	1117	1116	1506	1507	1533	1532	
8	1092	1093	1119	1118	1508	1509	1535	1534	
8	1093	1094	1120	1119	1509	1510	1536	1535	
8	1094	1095	1121	1120	1510	1511	1537	1536	
8	1095	1096	1122	1121	1511	1512	1538	1537	
8	1096	1097	1123	1122	1512	1513	1539	1538	
8	1097	1098	1124	1123	1513	1514	1540	1539	
8	1098	1099	1125	1124	1514	1515	1541	1540	
8	1099	1100	1126	1125	1515	1516	1542	1541	
8	1100	1101	1127	1126	1516	1517	1543	1542	
8	1101	1102	1128	1127	1517	1518	1544	1543	
8	1102	1103	1129	1128	1518	1519	1545	1544	
8	1103	1104	1130	1129	1519	1520	1546	1545	
8	1104	1105	1131	1130	1520	1521	1547	1546	
8	1105	1106	1132	1131	1521	1522	1548	1547	
8	1106	1107	1133	1132	1522	1523	1549	1548	
8	1107	1108	1134	1133	1523	1524	1550	1549	
8	1108	1109	1135	1134	1524	1525	1551	1550	
8	1109	1110	1136	1135	1525	1526	1552	1551	
8	1110	1111	1137	1136	1526	1527	1553	1552	
8	1111	1112	1138	1137	1527	1528	1554	1553	
8	1112	1113	1139	1138	1528	1529	1555	1554	
8	1113	1114	1140	1139	1529	1530	1556	1555	
8	1114	1115	1141	1140	1530	1531	1557	1556	
8	1115	1116	1142	1141	1531	1532	1558	1557	
8	1116	1117	1143	1142	1532	1533	1559	1558	
8	1118	1119	1145	1144	1534	1535	1561	1560	
8	1119	1120	1146	1145	1535	1536	1562	1561	
8	1120	1121	1147	1146	1536	1537	1563	1562	
8	1121	1122	1148	1147	1537	1538	1564	1563	
8	1122	1123	1149	1148	1538	1539	1565	1564	
8	1123	1124	1150	1149	1539	1540	1566	1565	
8	1124	1125	1151	1150	1540	1541	1567	1566	
8	1125	1126	1152	1151	1541	1542	1568	1567	
8	1126	1127	1153	1152	1542	1543	1569	1568	
8	1127	1128	1154	1153	1543	1544	1570	1569	
8	1128	1129	1155	1154	1544	1545	1571	1570	
8	1129	1130	1156	1155	1545	1546	1572	1571	
8	1130	1131	1157	1156	1546	1547	1573	1572	
8	1131	1132	1158	1157	1547	1548	1574	1573	
8	1132	1133	1159	1158	1548	1549	1575	1574	
8	1133	1134	1160	1159	1549	1550	1576	1575	
8	1134	1135	1161	1160	1550	1551	1577	1576	
8	1135	1136	1162	1161	1551	1552	1578	1577	
8	1136	1137	1163	1162	1552	1553	1579	1578	
8	1137	1138	1164	1163	1553	1554	1580	1579	
8	1138	1139	1165	1164	1554	1555	1581	1580	
8	1139	1140	1166	1165	1555	1556	1582	1581	
8	1140	1141	1167	1166	1556	1557	1583	1582	
8	1141	1142	1168	1167	1557	1558	1584	1583	
8	1142	1143	1169	1168	1558	1559	1585	1584	
8	1144	1145	1171	1170	1560	1561	1587	1586	
8	1145	1146	1172	1171	1561	1562	1588	1587	
8	1146	1147	1173	1172	1562	1563	1589	1588	
8	1147	1148	1174	1173	1563	1564	1590	1589	
8	1148	1149	1175	1174	1564	1565	1591	1590	
8	1149	1150	1176	1175	1565	1566	1592	1591	
8	1150	1151	1177	1176	1566	1567	1593	1592	
8	1151	1152	1178	1177	1567	1568	1594	1593	
8	1152	1153	1179	1178	1568	1569	1595	1594	
8	1153	1154	1180	1179	1569	1570	1596	1595	
8	1154	1155	1181	1180	1570	1571	1597	1596	
8	1155	1156	1182	1181	1571	1572	1598	1597	
8	1156	1157	1183	1182	1572	1573	1599	1598	
8	1157	1158	1184	1183	1573	1574	1600	1599	
8	1158	1159	1185	1184	1574	1575	1601	1600	
8	1159	1160	1186	1185	1575	1576	1602	1601	
8	1160	1161	1187	1186	1576	1577	1603	1602	
8	1161	1162	1188	1187	1577	1578	1604	1603	
8	1162	1163	1189	1188	1578	1579	1605	1604	
8	1163	1164	1190	1189	1579	1580	1606	1605	
8	1164	1165	1191	1190	1580	1581	1607	1606	
8	1165	1166	1192	1191	1581	1582	1608	1607	
8	1166	1167	1193	1192	1582	1583	1609	1608	
8	1167	1168	1194	1193	1583	1584	1610	1609	
8	1168	1169	1195	1194	1584	1585	1611	1610	
8	1170	1171	1197	1196	1586	1587	1613	1612	
8	1171	1172	1198	1197	1587	1588	1614	1613	
8	1172	1173	1199	1198	1588	1589	1615	1614	
8	1173	1174	1200	1199	1589	1590	1616	1615	
8	1174	1175	1201	1200	1590	1591	1617	1616	
8	1175	1176	1202	1201	1591	1592	1618	1617	
8	1176	1177	1203	1202	1592	1593	1619	1618	
8	1177	1178	1204	1203	1593	1594	1620	1619	
8	1178	1179	1205	1204	1594	1595	1621	1620	
8	1179	1180	1206	1205	1595	1596	1622	1621	
8	1180	1181	1207	1206	1596	1597	1623	1622	
8	1181	1182	1208	1207	1597	1598	1624	1623	
8	1182	1183	1209	1208	1598	1599	1625	1624	
8	1183	1184	1210	1209	1599	1600	1626	1625	
8	1184	1185	1211	1210	1600	1601	1627	1626	
8	1185	1186	1212	1211	1601	1602	1628	1627	
8	1186	1187	1213	1212	1602	1603	1629	1628	
8	1187	1188	1214	1213	1603	1604	1630	1629	
8	1188	1189	1215	1214	1604	1605	1631	1630	
8	1189	1190	1216	1215	1605	1606	1632	1631	
8	1190	1191	1217	1216	1606	1607	1633	1632	
8	1191	1192	1218	1217	1607	1608	1634	1633	
8	1192	1193	1219	1218	1608	1609	1635	1634	
8	1193	1194	1220	1219	1609	1610	1636	1635	
8	1194	1195	1221	1220	1610	1611	1637	1636	
8	1196	1197	1223	1222	1612	1613	1639	1638	
8	1197	1198	1224	1223	1613	1614	1640	1639	
8	1198	1199	1225	1224	1614	1615	1641	1640	
8	1199	1200	1226	1225	1615	1616	1642	1641	
8	1200	1201	1227	1226	1616	1617	1643	1642	
8	1201	1202	1228	1227	1617	1618	1644	1643	
8	1202	1203	1229	1228	1618	1619	1645	1644	
8	1203	1204	1230	1229	1619	1620	1646	1645	
8	1204	1205	1231	1230	1620	1621	1647	1646	
8	1205	1206	1232	1231	1621	1622	1648	1647	
8	1206	1207	1233	1232	1622	1623	1649	1648	
8	1207	1208	1234	1233	1623	1624	1650	1649	
8	1208	1209	1235	1234	1624	1625	1651	1650	
8	1209	1210	1236	1235	1625	1626	1652	1651	
8	1210	1211	1237	1236	1626	1627	1653	1652	
8	1211	1212	1238	1237	1627	1628	1654	1653	
8	1212	1213	1239	1238	1628	1629	1655	1654	
8	1213	1214	1240	1239	1629	1630	1656	1655	
8	1214	1215	1241	1240	1630	1631	1657	1656	
8	1215	1216	1242	1241	1631	1632	1658	1657	
8	1216	1217	1243	1242	1632	1633	1659	1658	
8	1217	1218	1244	1243	1633	1634	1660	1659	
8	1218	1219	1245	1244	1634	1635	1661	1660	
8	1219	1220	1246	1245	1635	1636	1662	1661	
8	1220	1221	1247	1246	1636	1637	1663	1662	
8	1248	1249	1275	1274	1664	1665	1691	1690	
8	1249	1250	1276	1275	1665	1666	1692	1691	
8	1250	1251	1277	1276	1666	1667	1693	1692	
8	1251	1252	1278	1277	1667	1668	1694	1693	
8	1252	1253	1279	1278	1668	1669	1695	1694	
8	1253	1254	1280	1279	1669	1670	1696	1695	
8	1254	1255	1281	1280	1670	1671	1697	1696	
8	1255	1256	1282	1281	1671	1672	1698	1697	
8	1256	1257	1283	1282	1672	1673	1699	1698	
8	1257	1258	1284	1283	1673	1674	1700	1699	
8	1258	1259	1285	1284	1674	1675	1701	1700	
8	1259	1260	1286	1285	1675	1676	1702	1701	
8	1260	1261	1287	1286	1676	1677	1703	1702	
8	1261	1262	1288	1287	1677	1678	1704	1703	
8	1262	1263	1289	1288	1678	1679	1705	1704	
8	1263	1264	1290	1289	1679	1680	1706	1705	
8	1264	1265	1291	1290	1680	1681	1707	1706	
8	1265	1266	1292	1291	1681	1682	1708	1707	
8	1266	1267	1293	1292	1682	1683	1709	1708	
8	1267	1268	1294	1293	1683	1684	1710	1709	
8	1268	1269	1295	1294	1684	1685	1711	1710	
8	1269	1270	1296	1295	1685	1686	1712	1711	
8	1270	1271	1297	1296	1686	1687	1713	1712	
8	1271	1272	1298	1297	1687	1688	1714	1713	
8	1272	1273	1299	1298	1688	1689	1715	1714	
8	1274	1275	1301	1300	1690	1691	1717	1716	
8	1275	1276	1302	1301	1691	1692	1718	1717	
8	1276	1277	1303	1302	1692	1693	1719	1718	
8	1277	1278	1304	1303	1693	1694	1720	1719	
8	1278	1279	1305	1304	1694	1695	1721	1720	
8	1279	1280	1306	1305	1695	1696	1722	1721	
8	1280	1281	1307	1306	1696	1697	1723	1722	
8	1281	1282	1308	1307	1697	1698	1724	1723	
8	1282	1283	1309	1308	1698	1699	1725	1724	
8	1283	1284	1310	1309	1699	1700	1726	1725	
8	1284	1285	1311	1310	1700	1701	1727	1726	
8	1285	1286	1312	1311	1701	1702	1728	1727	
8	1286	1287	1313	1312	1702	1703	1729	1728	
8	1287	1288	1314	1313	1703	1704	1730	1729	
8	1288	1289	1315	1314	1704	1705	1731	1730	
8	1289	1290	1316	1315	1705	1706	1732	1731	
8	1290	1291	1317	1316	1706	1707	1733	1732	
8	1291	1292	1318	1317	1707	1708	1734	1733	
8	1292	1293	1319	1318	1708	1709	1735	1734	
8	1293	1294	1320	1319	1709	1710	1736	1735	
8	1294	1295	1321	1320	1710	1711	1737	1736	
8	1295	1296	1322	1321	1711	1712	1738	1737	
8	1296	1297	1323	1322	1712	1713	1739	1738	
8	1297	1298	1324	1323	1713	1714	1740	1739	
8	1298	1299	1325	1324	1714	1715	1741	1740	
8	1300	1301	1327	1326	1716	1717	1743	1742	
8	1301	1302	1328	1327	1717	1718	1744	1743	
8	1302	1303	1329	1328	1718	1719	1745	1744	
8	1303	1304	1330	1329	1719	1720	1746	1745	
8	1304	1305	1331	1330	1720	1721	1747	1746	
8	1305	1306	1332	1331	1721	1722	1748	1747	
8	1306	1307	1333	1332	1722	1723	1749	1748	
8	1307	1308	1334	1333	1723	1724	1750	1749	
8	1308	1309	1335	1334	1724	1725	1751	1750	
8	1309	1310	1336	1335	1725	1726	1752	1751	
8	1310	1311	1337	1336	1726	1727	1753	1752	
8	1311	1312	1338	1337	1727	1728	1754	1753	
8	1312	1313	1339	1338	1728	1729	1755	1754	
8	1313	1314	1340	1339	1729	1730	1756	1755	
8	1314	1315	1341	1340	1730	1731	1757	1756	
8	1315	1316	1342	1341	1731	1732	1758	1757	
8	1316	1317	1343	1342	1732	1733	1759	1758	
8	1317	1318	1344	1343	1733	1734	1760	1759	
8	1318	1319	1345	1344	1734	1735	1761	1760	
8	1319	1320	1346	1345	1735	1736	1762	1761	
8	1320	1321	1347	1346	1736	1737	1763	1762	
8	1321	1322	1348	1347	1737	1738	1764	1763	
8	1322	1323	1349	1348	1738	1739	1765	1764	
8	1323	1324	1350	1349	1739	1740	1766	1765	
8	1324	1325	1351	1350	1740	1741	1767	1766	
8	1326	1327	1353	1352	1742	1743	1769	1768	
8	1327	1328	1354	1353	1743	1744	1770	1769	
8	1328	1329	1355	1354	1744	1745	1771	1770	
8	1329	1330	1356	1355	1745	1746	1772	1771	
8	1330	1331	1357	1356	1746	1747	1773	1772	
8	1331	1332	1358	1357	1747	1748	1774	1773	
8	1332	1333	1359	1358	1748	1749	1775	1774	
8	1333	1334	1360	1359	1749	1750	1776	1775	
8	1334	1335	1361	1360	1750	1751	1777	1776	
8	1335	1336	1362	1361	1751	1752	1778	1777	
8	1336	1337	1363	1362	1752	1753	1779	1778	
8	1337	1338	1364	1363	1753	1754	1780	1779	
8	1338	1339	1365	1364	1754	1755	1781	1780	
8	1339	1340	1366	1365	1755	1756	1782	1781	
8	1340	1341	1367	1366	1756	1757	1783	1782	
8	1341	1342	1368	1367	1757	1758	1784	1783	
8	1342	1343	1369	1368	1758	1759	1785	1784	
8	1343	1344	1370	1369	1759	1760	1786	1785	
8	1344	1345	1371	1370	1760	1761	1787	1786	
8	1345	1346	1372	1371	1761	1762	1788	1787	
8	1346	1347	1373	1372	1762	1763	1789	1788	
8	1347	1348	1374	1373	1763	1764	1790	1789	
8	1348	1349	1375	1374	1764	1765	1791	1790	
8	1349	1350	1376	1375	1765	1766	1792	1791	
8	1350	1351	1377	1376	1766	1767	1793	1792	
8	1352	1353	1379	1378	1768	1769	1795	1794	
8	1353	1354	1380	1379	1769	1770	1796	1795	
8	1354	1355	1381	1380	1770	1771	1797	1796	
8	1355	1356	1382	1381	1771	1772	1798	1797	
8	1356	1357	1383	1382	1772	1773	1799	1798	
8	1357	1358	1384	1383	1773	1774	1800	1799	
8	1358	1359	1385	1384	1774	1775	1801	1800	
8	1359	1360	1386	1385	1775	1776	1802	1801	
8	1360	1361	1387	1386	1776	1777	1803	1802	
8	1361	1362	1388	1387	1777	1778	1804	1803	
8	1362	1363	1389	1388	1778	1779	1805	1804	
8	1363	1364	1390	1389	1779	1780	1806	1805	
8	1364	1365	1391	1390	1780	1781	1807	1806	
8	1365	1366	1392	1391	1781	1782	1808	1807	
8	1366	1367	1393	1392	1782	1783	1809	1808	
8	1367	1368	1394	1393	1783	1784	1810	1809	
8	1368	1369	1395	1394	1784	1785	1811	1810	
8	1369	1370	1396	1395	1785	1786	1812	1811	
8	1370	1371	1397	1396	1786	1787	1813	1812	
8	1371	1372	1398	1397	1787	1788	1814	1813	
8	1372	1373	1399	1398	1788	1789	1815	1814	
8	1373	1374	1400	1399	1789	1790	1816	1815	
8	1374	1375	1401	1400	1790	1791	1817	1816	
8	1375	1376	1402	1401	1791	1792	1818	1817	
8	1376	1377	1403	1402	1792	1793	1819	1818	
8	1378	1379	1405	1404	1794	1795	1821	1820	
8	1379	1380	1406	1405	1795	1796	1822	1821	
8	1380	1381	1407	1406	1796	1797	1823	1822	
8	1381	1382	1408	1407	1797	1798	1824	1823	
8	1382	1383	1409	1408	1798	1799	1825	1824	
8	1383	1384	1410	1409	1799	1800	1826	1825	
8	1384	1385	1411	1410	1800	1801	1827	1826	
8	1385	1386	1412	1411	1801	1802	1828	1827	
8	1386	1387	1413	1412	1802	1803	1829	1828	
8	1387	1388	1414	1413	1803	1804	1830	1829	
8	1388	1389	1415	1414	1804	1805	1831	1830	
8	1389	1390	1416	1415	1805	1806	1832	1831	
8	1390	1391	1417	1416	1806	1807	1833	1832	
8	1391	1392	1418	1417	1807	1808	1834	1833	
8	1392	1393	1419	1418	1808	1809	1835	1834	
8	1393	1394	1420	1419	1809	1810	1836	1835	
8	1394	1395	1421	1420	1810	1811	1837	1836	
8	1395	1396	1422	1421	1811	1812	1838	1837	
8	1396	1397	1423	1422	1812	1813	1839	1838	
8	1397	1398	1424	1423	1813	1814	1840	1839	
8	1398	1399	1425	1424	1814	1815	1841	1840	
8	1399	1400	1426	1425	1815	1816	1842	1841	
8	1400	1401	1427	1426	1816	1817	1843	1842	
8	1401	1402	1428	1427	1817	1818	1844	1843	
8	1402	1403	1429	1428	1818	1819	1845	1844	
8	1404	1405	1431	1430	1820	1821	1847	1846	
8	1405	1406	1432	1431	1821	1822	1848	1847	
8	1406	1407	1433	1432	1822	1823	1849	1848	
8	1407	1408	1434	1433	1823	1824	1850	1849	
8	1408	1409	1435	1434	1824	1825	1851	1850	
8	1409	1410	1436	1435	1825	1826	1852	1851	
8	1410	1411	1437	1436	1826	1827	1853	1852	
8	1411	1412	1438	1437	1827	1828	1854	1853	
8	1412	1413	1439	1438	1828	1829	1855	1854	
8	1413	1414	1440	1439	1829	1830	1856	1855	
8	1414	1415	1441	1440	1830	1831	1857	1856	
8	1415	1416	1442	1441	1831	1832	1858	1857	
8	1416	1417	1443	1442	1832	1833	1859	1858	
8	1417	1418	1444	1443	1833	1834	1860	1859	
8	1418	1419	1445	1444	1834	1835	1861	1860	
8	1419	1420	1446	1445	1835	1836	1862	1861	
8	1420	1421	1447	1446	1836	1837	1863	1862	
8	1421	1422	1448	1447	1837	1838	1864	1863	
8	1422	1423	1449	1448	1838	1839	1865	1864	
8	1423	1424	1450	1449	1839	1840	1866	1865	
8	1424	1425	1451	1450	1840	1841	1867	1866	
8	1425	1426	1452	1451	1841	1842	1868	1867	
8	1426	1427	1453	1452	1842	1843	1869	1868	
8	1427	1428	1454	1453	1843	1844	1870	1869	
8	1428	1429	1455	1454	1844	1845	1871	1870	
8	1430	1431	1457	1456	1846	1847	1873	1872	
8	1431	1432	1458	1457	1847	1848	1874	1873	
8	1432	1433	1459	1458	1848	1849	1875	1874	
8	1433	1434	1460	1459	1849	1850	1876	1875	
8	1434	1435	1461	1460	1850	1851	1877	1876	
8	1435	1436	1462	1461	1851	1852	1878	1877	
8	1436	1437	1463	1462	1852	1853	1879	1878	
8	1437	1438	1464	1463	1853	1854	1880	1879	
8	1438	1439	1465	1464	1854	1855	1881	1880	
8	1439	1440	1466	1465	1855	1856	1882	1881	
8	1440	1441	1467	1466	1856	1857	1883	1882	
8	1441	1442	1468	1467	1857	1858	1884	1883	
8	1442	1443	1469	1468	1858	1859	1885	1884	
8	1443	1444	1470	1469	1859	1860	1886	1885	
8	1444	1445	1471	1470	1860	1861	1887	1886	
8	1445	1446	1472	1471	1861	1862	1888	1887	
8	1446	1447	1473	1472	1862	1863	1889	1888	
8	1447	1448	1474	1473	1863	1864	1890	1889	
8	1448	1449	1475	1474	1864	1865	1891	1890	
8	1449	1450	1476	1475	1865	1866	1892	1891	
8	1450	1451	1477	1476	1866	1867	1893	1892	
8	1451	1452	1478	1477	1867	1868	1894	1893	
8	1452	1453	1479	1478	1868	1869	1895	1894	
8	1453	1454	1480	1479	1869	1870	1896	1895	
8	1454	1455	1481	1480	1870	1871	1897	1896	
8	1456	1457	1483	1482	1872	1873	1899	1898	
8	1457	1458	1484	1483	1873	1874	1900	1899	
8	1458	1459	1485	1484	1874	1875	1901	1900	
8	1459	1460	1486	1485	1875	1876	1902	1901	
8	1460	1461	1487	1486	1876	1877	1903	1902	
8	1461	1462	1488	1487	1877	1878	1904	1903	
8	1462	1463	1489	1488	1878	1879	1905	1904	
8	1463	1464	1490	1489	1879	1880	1906	1905	
8	1464	1465	1491	1490	1880	1881	1907	1906	
8	1465	1466	1492	1491	1881	1882	1908	1907	
8	1466	1467	1493	1492	1882	1883	1909	1908	
8	1467	1468	1494	1493	1883	1884	1910	1909	
8	1468	1469	1495	1494	1884	1885	1911	1910	
8	1469	1470	1496	1495	1885	1886	1912	1911	
8	1470	1471	1497	1496	1886	1887	1913	1912	
8	1471	1472	1498	1497	1887	1888	1914	1913	
8	1472	1473	1499	1498	1888	1889	1915	1914	
8	1473	1474	1500	1499	1889	1890	1916	1915	
8	1474	1475	1501	1500	1890	1891	1917	1916	
8	1475	1476	1502	1501	1891	1892	1918	1917	
8	1476	1477	1503	1502	1892	1893	1919	1918	
8	1477	1478	1504	1503	1893	1894	1920	1919	
8	1478	1479	1505	1504	1894	1895	1921	1920	
8	1479	1480	1506	1505	1895	1896	1922	1921	
8	1480	1481	1507	1506	1896	1897	1923	1922	
8	1482	1483	1509	1508	1898	1899	1925	1924	
8	1483	1484	1510	1509	1899	1900	1926	1925	
8	1484	1485	1511	1510	1900	1901	1927	1926	
8	1485	1486	1512	1511	1901	1902	1928	1927	
8	1486	1487	1513	1512	1902	1903	1929	1928	
8	1487	1488	1514	1513	1903	1904	1930	1929	
8	1488	1489	1515	1514	1904	1905	1931	1930	
8	1489	1490	1516	1515	1905	1906	1932	1931	
8	1490	1491	1517	1516	1906	1907	1933	1932	
8	1491	1492	1518	1517	1907	1908	1934	1933	
8	1492	1493	1519	1518	1908	1909	1935	1934	
8	1493	1494	1520	1519	1909	1910	1936	1935	
8	1494	1495	1521	1520	1910	1911	1937	1936	
8	1495	1496	1522	1521	1911	1912	1938	1937	
8	1496	1497	1523	1522	1912	1913	1939	1938	
8	1497	1498	1524	1523	1913	1914	1940	1939	
8	1498	1499	1525	1524	1914	1915	1941	1940	
8	1499	1500	1526	1525	1915	1916	1942	1941	
8	1500	1501	1527	1526	1916	1917	1943	1942	
8	1501	1502	1528	1527	1917	1918	1944	1943	
8	1502	1503	1529	1528	1918	1919	1945	1944	
8	1503	1504	1530	1529	1919	1920	1946	1945	
8	1504	1505	1531	1530	1920	1921	1947	1946	
8	1505	1506	1532	1531	1921	1922	1948	1947	
8	1506	1507	1533	1532	1922	1923	1949	1948	
8	1508	1509	1535	1534	1924	1925	1951	1950	
8	1509	1510	1536	1535	1925	1926	1952	1951	
8	1510	1511	1537	1536	1926	1927	1953	1952	
8	1511	1512	1538	1537	1927	1928	1954	1953	
8	1512	1513	1539	1538	1928	1929	1955	1954	
8	1513	1514	1540	1539	1929	1930	1956	1955	
8	1514	1515	1541	1540	1930	1931	1957	1956	
8	1515	1516	1542	1541	1931	1932	1958	1957	
8	1516	1517	1543	1542	1932	1933	1959	1958	
8	1517	1518	1544	1543	1933	1934	1960	1959	
8	1518	1519	1545	1544	1934	1935	1961	1960	
8	1519	1520	1546	1545	1935	1936	1962	1961	
8	1520	1521	1547	1546	1936	1937	1963	1962	
8	1521	1522	1548	1547	1937	1938	1964	1963	
8	1522	1523	1549	1548	1938	1939	1965	1964	
8	1523	1524	1550	1549	1939	1940	1966	1965	
8	1524	1525	1551	1550	1940	1941	1967	1966	
8	1525	1526	1552	1551	1941	1942	1968	1967	
8	1526	1527	1553	1552	1942	1943	1969	1968	
8	1527	1528	1554	1553	1943	1944	1970	1969	
8	1528	1529	1555	1554	1944	1945	1971	1970	
8	1529	1530	1556	1555	1945	1946	1972	1971	
8	1530	1531	1557	1556	1946	1947	1973	1972	
8	1531	1532	1558	1557	1947	1948	1974	1973	
8	1532	1533	1559	1558	1948	1949	1975	1974	
8	1534	1535	1561	1560	1950	1951	1977	1976	
8	1535	1536	1562	1561	1951	1952	1978	1977	
8	1536	1537	1563	1562	1952	1953	1979	1978	
8	1537	1538	1564	1563	1953	1954	1980	1979	
8	1538	1539	1565	1564	1954	1955	1981	1980	
8	1539	1540	1566	1565	1955	1956	1982	1981	
8	1540	1541	1567	1566	1956	1957	1983	1982	
8	1541	1542	1568	1567	1957	1958	1984	1983	
8	1542	1543	1569	1568	1958	1959	1985	1984	
8	1543	1544	1570	1569	1959	1960	1986	1985	
8	1544	1545	1571	1570	1960	1961	1987	1986	
8	1545	1546	1572	1571	1961	1962	1988	1987	
8	1546	1547	1573	1572	1962	1963	1989	1988	
8	1547	1548	1574	1573	1963	1964	1990	1989	
8	1548	1549	1575	1574	1964	1965	1991	1990	
8	1549	1550	1576	1575	1965	1966	1992	1991	
8	1550	1551	1577	1576	1966	1967	1993	1992	
8	1551	1552	1578	1577	1967	1968	1994	1993	
8	1552	1553	1579	1578	1968	1969	1995	1994	
8	1553	1554	1580	1579	1969	1970	1996	1995	
8	1554	1555	1581	1580	1970	1971	1997	1996	
8	1555	1556	1582	1581	1971	1972	1998	1997	
8	1556	1557	1583	1582	1972	1973	1999	1998	
8	1557	1558	1584	1583	1973	1974	2000	1999	
8	1558	1559	1585	1584	1974	1975	2001	2000	
8	1560	1561	1587	1586	1976	1977	2003	2002	
8	1561	1562	1588	1587	1977	1978	2004	2003	
8	1562	1563	1589	1588	1978	1979	2005	2004	
8	1563	1564	1590	1589	1979	1980	2006	2005	
8	1564	1565	1591	1590	1980	1981	2007	2006	
8	1565	1566	1592	1591	1981	1982	2008	2007	
8	1566	1567	1593	1592	1982	1983	2009	2008	
8	1567	1568	1594	1593	1983	1984	2010	2009	
8	1568	1569	1595	1594	1984	1985	2011	2010	
8	1569	1570	1596	1595	1985	1986	2012	2011	
8	1570	1571	1597	1596	1986	1987	2013	2012	
8	1571	1572	1598	1597	1987	1988	2014	2013	
8	1572	1573	1599	1598	1988	1989	2015	2014	
8	1573	1574	1600	1599	1989	1990	2016	2015	
8	1574	1575	1601	1600	1990	1991	2017	2016	
8	1575	1576	1602	1601	1991	1992	2018	2017	
8	1576	1577	1603	1602	1992	1993	2019	2018	
8	1577	1578	1604	1603	1993	1994	2020	2019	
8	1578	1579	1605	1604	1994	1995	2021	2020	
8	1579	1580	1606	1605	1995	1996	2022	2021	
8	1580	1581	1607	1606	1996	1997	2023	2022	
8	1581	1582	1608	1607	1997	1998	2024	2023	
8	1582	1583	1609	1608	1998	1999	2025	2024	
8	1583	1584	1610	1609	1999	2000	2026	2025	
8	1584	1585	1611	1610	2000	2001	2027	2026	
8	1586	1587	1613	1612	2002	2003	2029	2028	
8	1587	1588	1614	1613	2003	2004	2030	2029	
8	1588	1589	1615	1614	2004	2005	2031	2030	
8	1589	1590	1616	1615	2005	2006	2032	2031	
8	1590	1591	1617	1616	2006	2007	2033	2032	
8	1591	1592	1618	1617	2007	2008	2034	2033	
8	1592	1593	1619	1618	2008	2009	2035	2034	
8	1593	1594	1620	1619	2009	2010	2036	2035	
8	1594	1595	1621	1620	2010	2011	2037	2036	
8	1595	1596	1622	1621	2011	2012	2038	2037	
8	1596	1597	1623	1622	2012	2013	2039	2038	
8	1597	1598	1624	1623	2013	2014	2040	2039	
8	1598	1599	1625	1624	2014	2015	2041	2040	
8	1599	1600	1626	1625	2015	2016	2042	2041	
8	1600	1601	1627	1626	2016	2017	2043	2042	
8	1601	1602	1628	1627	2017	2018	2044	2043	
8	1602	1603	1629	1628	2018	2019	2045	2044	
8	1603	1604	1630	1629	2019	2020	2046	2045	
8	1604	1605	1631	1630	2020	2021	2047	2046	
8	1605	1606	1632	1631	2021	2022	2048	2047	
8	1606	1607	1633	1632	2022	2023	2049	2048	
8	1607	1608	1634	1633	2023	2024	2050	2049	
8	1608	1609	1635	1634	2024	2025	2051	2050	
8	1609	1610	1636	1635	2025	2026	2052	2051	
8	1610	1611	1637	1636	2026	2027	2053	2052	
8	1612	1613	1639	1638	2028	2029	2055	2054	
8	1613	1614	1640	1639	2029	2030	2056	2055	
8	1614	1615	1641	1640	2030	2031	2057	2056	
8	1615	1616	1642	1641	2031	2032	2058	2057	
8	1616	1617	1643	1642	2032	2033	2059	2058	
8	1617	1618	1644	1643	2033	2034	2060	2059	
8	1618	1619	1645	1644	2034	2035	2061	2060	
8	1619	1620	1646	1645	2035	2036	2062	2061	
8	1620	1621	1647	1646	2036	2037	2063	2062	
8	1621	1622	1648	1647	2037	2038	2064	2063	
8	1622	1623	1649	1648	2038	2039	2065	2064	
8	1623	1624	1650	1649	2039	2040	2066	2065	
8	1624	1625	1651	1650	2040	2041	2067	2066	
8	1625	1626	1652	1651	2041	2042	2068	2067	
8	1626	1627	1653	1652	2042	2043	2069	2068	
8	1627	1628	1654	1653	2043	2044	2070	2069	
8	1628	1629	1655	1654	2044	2045	2071	2070	
8	1629	1630	1656	1655	2045	2046	2072	2071	
8	1630	1631	1657	1656	2046	2047	2073	2072	
8	1631	1632	1658	1657	2047	2048	2074	2073	
8	1632	1633	1659	1658	2048	2049	2075	2074	
8	1633	1634	1660	1659	2049	2050	2076	2075	
8	1634	1635	1661	1660	2050	2051	2077	2076	
8	1635	1636	1662	1661	2051	2052	2078	2077	
8	1636	1637	1663	1662	2052	2053	2079	2078	
8	1664	1665	1691	1690	2080	2081	2107	2106	
8	1665	1666	1692	1691	2081	2082	2108	2107	
8	1666	1667	1693	1692	2082	2083	2109	2108	
8	1667	1668	1694	1693	2083	2084	2110	2109	
8	1668	1669	1695	1694	2084	2085	2111	2110	
8	1669	1670	1696	1695	2085	2086	2112	2111	
8	1670	1671	1697	1696	2086	2087	2113	2112	
8	1671	1672	1698	1697	2087	2088	2114	2113	
8	1672	1673	1699	1698	2088	2089	2115	2114	
8	1673	1674	1700	1699	2089	2090	2116	2115	
8	1674	1675	1701	1700	2090	2091	2117	2116	
8	1675	1676	1702	1701	2091	2092	2118	2117	
8	1676	1677	1703	1702	2092	2093	2119	2118	
8	1677	1678	1704	1703	2093	2094	2120	2119	
8	1678	1679	1705	1704	2094	2095	2121	2120	
8	1679	1680	1706	1705	2095	2096	2122	2121	
8	1680	1681	1707	1706	2096	2097	2123	2122	
8	1681	1682	1708	1707	2097	2098	2124	2123	
8	1682	1683	1709	1708	2098	2099	2125	2124	
8	1683	1684	1710	1709	2099	2100	2126	2125	
8	1684	1685	1711	1710	2100	2101	2127	2126	
8	1685	1686	1712	1711	2101	2102	2128	2127	
8	1686	1687	1713	1712	2102	2103	2129	2128	
8	1687	1688	1714	1713	2103	2104	2130	2129	
8	1688	1689	1715	1714	2104	2105	2131	2130	
8	1690	1691	1717	1716	2106	2107	2133	2132	
8	1691	1692	1718	1717	2107	2108	2134	2133	
8	1692	1693	1719	1718	2108	2109	2135	2134	
8	1693	1694	1720	1719	2109	2110	2136	2135	
8	1694	1695	1721	1720	2110	2111	2137	2136	
8	1695	1696	1722	1721	2111	2112	2138	2137	
8	1696	1697	1723	1722	2112	2113	2139	2138	
8	1697	1698	1724	1723	2113	2114	2140	2139	
8	1698	1699	1725	1724	2114	2115	2141	2140	
8	1699	1700	1726	1725	2115	2116	2142	2141	
8	1700	1701	1727	1726	2116	2117	2143	2142	
8	1701	1702	1728	1727	2117	2118	2144	2143	
8	1702	1703	1729	1728	2118	2119	2145	2144	
8	1703	1704	1730	1729	2119	2120	2146	2145	
8	1704	1705	1731	1730	2120	2121	2147	2146	
8	1705	1706	1732	1731	2121	2122	2148	2147	
8	1706	1707	1733	1732	2122	2123	2149	2148	
8	1707	1708	1734	1733	2123	2124	2150	2149	
8	1708	1709	1735	1734	2124	2125	2151	2150	
8	1709	1710	1736	1735	2125	2126	2152	2151	
8	1710	1711	1737	1736	2126	2127	2153	2152	
8	1711	1712	1738	1737	2127	2128	2154	2153	
8	1712	1713	1739	1738	2128	2129	2155	2154	
8	1713	1714	1740	1739	2129	2130	2156	2155	
8	1714	1715	1741	1740	2130	2131	2157	2156	
8	1716	1717	1743	1742	2132	2133	2159	2158	
8	1717	1718	1744	1743	2133	2134	2160	2159	
8	1718	1719	1745	1744	2134	2135	2161	2160	
8	1719	1720	1746	1745	2135	2136	2162	2161	
8	1720	1721	1747	1746	2136	2137	2163	2162	
8	1721	1722	1748	1747	2137	2138	2164	2163	
8	1722	1723	1749	1748	2138	2139	2165	2164	
8	1723	1724	1750	1749	2139	2140	2166	2165	
8	1724	1725	1751	1750	2140	2141	2167	2166	
8	1725	1726	1752	1751	2141	2142	2168	2167	
8	1726	1727	1753	1752	2142	2143	2169	2168	
8	1727	1728	1754	1753	2143	2144	2170	2169	
8	1728	1729	1755	1754	2144	2145	2171	2170	
8	1729	1730	1756	1755	2145	2146	2172	2171	
8	1730	1731	1757	1756	2146	2147	2173	2172	
8	1731	1732	1758	1757	2147	2148	2174	2173	
8	1732	1733	1759	1758	2148	2149	2175	2174	
8	1733	1734	1760	1759	2149	2150	2176	2175	
8	1734	1735	1761	1760	2150	2151	2177	2176	
8	1735	1736	1762	1761	2151	2152	2178	2177	
8	1736	1737	1763	1762	2152	2153	2179	2178	
8	1737	1738	1764	1763	2153	2154	2180	2179	
8	1738	1739	1765	1764	2154	2155	2181	2180	
8	1739	1740	1766	1765	2155	2156	2182	2181	
8	1740	1741	1767	1766	2156	2157	2183	2182	
8	1742	1743	1769	1768	2158	2159	2185	2184	
8	1743	1744	1770	1769	2159	2160	2186	2185	
8	1744	1745	1771	1770	2160	2161	2187	2186	
8	1745	1746	1772	1771	2161	2162	2188	2187	
8	1746	1747	1773	1772	2162	2163	2189	2188	
8	1747	1748	1774	1773	2163	2164	2190	2189	
8	1748	1749	1775	1774	2164	2165	2191	2190	
8	1749	1750	1776	1775	2165	2166	2192	2191	
8	1750	1751	1777	1776	2166	2167	2193	2192	
8	1751	1752	1778	1777	2167	2168	2194	2193	
8	1752	1753	1779	1778	2168	2169	2195	2194	
8	1753	1754	1780	1779	2169	2170	2196	2195	
8	1754	1755	1781	1780	2170	2171	2197	2196	
8	1755	1756	1782	1781	2171	2172	2198	2197	
8	1756	1757	1783	1782	2172	2173	2199	2198	
8	1757	1758	1784	1783	2173	2174	2200	2199	
8	1758	1759	1785	1784	2174	2175	2201	2200	
8	1759	1760	1786	1785	2175	2176	2202	2201	
8	1760	1761	1787	1786	2176	2177	2203	2202	
8	1761	1762	1788	1787	2177	2178	2204	2203	
8	1762	1763	1789	1788	2178	2179	2205	2204	
8	1763	1764	1790	1789	2179	2180	2206	2205	
8	1764	1765	1791	1790	2180	2181	2207	2206	
8	1765	1766	1792	1791	2181	2182	2208	2207	
8	1766	1767	1793	1792	2182	2183	2209	2208	
8	1768	1769	1795	1794	2184	2185	2211	2210	
8	1769	1770	1796	1795	2185	2186	2212	2211	
8	1770	1771	1797	1796	2186	2187	2213	2212	
8	1771	1772	1798	1797	2187	2188	2214	2213	
8	1772	1773	1799	1798	2188	2189	2215	2214	
8	1773	1774	1800	1799	2189	2190	2216	2215	
8	1774	1775	1801	1800	2190	2191	2217	2216	
8	1775	1776	1802	1801	2191	2192	2218	2217	
8	1776	1777	1803	1802	2192	2193	2219	2218	
8	1777	1778	1804	1803	2193	2194	2220	2219	
8	1778	1779	1805	1804	2194	2195	2221	2220	
8	1779	1780	1806	1805	2195	2196	2222	2221	
8	1780	1781	1807	1806	2196	2197	2223	2222	
8	1781	1782	1808	1807	2197	2198	2224	2223	
8	1782	1783	1809	1808	2198	2199	2225	2224	
8	1783	1784	1810	1809	2199	2200	2226	2225	
8	1784	1785	1811	1810	2200	2201	2227	2226	
8	1785	1786	1812	1811	2201	2202	2228	2227	
8	1786	1787	1813	1812	2202	2203	2229	2228	
8	1787	1788	1814	1813	2203	2204	2230	2229	
8	1788	1789	1815	1814	2204	2205	2231	2230	
8	1789	1790	1816	1815	2205	2206	2232	2231	
8	1790	1791	1817	1816	2206	2207	2233	2232	
8	1791	1792	1818	1817	2207	2208	2234	2233	
8	1792	1793	1819	1818	2208	2209	2235	2234	
8	1794	1795	1821	1820	2210	2211	2237	2236	
8	1795	1796	1822	1821	2211	2212	2238	2237	
8	1796	1797	1823	1822	2212	2213	2239	2238	
8	1797	1798	1824	1823	2213	2214	2240	2239	
8	1798	1799	1825	1824	2214	2215	2241	2240	
8	1799	1800	1826	1825	2215	2216	2242	2241	
8	1800	1801	1827	1826	2216	2217	2243	2242	
8	1801	1802	1828	1827	2217	2218	2244	2243	
8	1802	1803	1829	1828	2218	2219	2245	2244	
8	1803	1804	1830	1829	2219	2220	2246	2245	
8	1804	1805	1831	1830	2220	2221	2247	2246	
8	1805	1806	1832	1831	2221	2222	2248	2247	
8	1806	1807	1833	1832	2222	2223	2249	2248	
8	1807	1808	1834	1833	2223	2224	2250	2249	
8	1808	1809	1835	1834	2224	2225	2251	2250	
8	1809	1810	1836	1835	2225	2226	2252	2251	
8	1810	1811	1837	1836	2226	2227	2253	2252	
8	1811	1812	1838	1837	2227	2228	2254	2253	
8	1812	1813	1839	1838	2228	2229	2255	2254	
8	1813	1814	1840	1839	2229	2230	2256	2255	
8	1814	1815	1841	1840	2230	2231	2257	2256	
8	1815	1816	1842	1841	2231	2232	2258	2257	
8	1816	1817	1843	1842	2232	2233	2259	2258	
8	1817	1818	1844	1843	2233	2234	2260	2259	
8	1818	1819	1845	1844	2234	2235	2261	2260	
8	1820	1821	1847	1846	2236	2237	2263	2262	
8	1821	1822	1848	1847	2237	2238	2264	2263	
8	1822	1823	1849	1848	2238	2239	2265	2264	
8	1823	1824	1850	1849	2239	2240	2266	2265	
8	1824	1825	1851	1850	2240	2241	2267	2266	
8	1825	1826	1852	1851	2241	2242	2268	2267	
8	1826	1827	1853	1852	2242	2243	2269	2268	
8	1827	1828	1854	1853	2243	2244	2270	2269	
8	1828	1829	1855	1854	2244	2245	2271	2270	
8	1829	1830	1856	1855	2245	2246	2272	2271	
8	1830	1831	1857	1856	2246	2247	2273	2272	
8	1831	1832	1858	1857	2247	2248	2274	2273	
8	1832	1833	1859	1858	2248	2249	2275	2274	
8	1833	1834	1860	1859	2249	2250	2276	2275	
8	1834	1835	1861	1860	2250	2251	2277	2276	
8	1835	1836	1862	1861	2251	2252	2278	2277	
8	1836	1837	1863	1862	2252	2253	2279	2278	
8	1837	1838	1864	1863	2253	2254	2280	2279	
8	1838	1839	1865	1864	2254	2255	2281	2280	
8	1839	1840	1866	1865	2255	2256	2282	2281	
8	1840	1841	1867	1866	2256	2257	2283	2282	
8	1841	1842	1868	1867	2257	2258	2284	2283	
8	1842	1843	1869	1868	2258	2259	2285	2284	
8	1843	1844	1870	1869	2259	2260	2286	2285	
8	1844	1845	1871	1870	2260	2261	2287	2286	
8	1846	1847	1873	1872	2262	2263	2289	2288	
8	1847	1848	1874	1873	2263	2264	2290	2289	
8	1848	1849	1875	1874	2264	2265	2291	2290	
8	1849	1850	1876	1875	2265	2266	2292	2291	
8	1850	1851	1877	1876	2266	2267	2293	2292	
8	1851	1852	1878	1877	2267	2268	2294	2293	
8	1852	1853	1879	1878	2268	2269	2295	2294	
8	1853	1854	1880	1879	2269	2270	2296	2295	
8	1854	1855	1881	1880	2270	2271	2297	2296	
8	1855	1856	1882	1881	2271	2272	2298	2297	
8	1856	1857	1883	1882	2272	2273	2299	2298	
8	1857	1858	1884	1883	2273	2274	2300	2299	
8	1858	1859	1885	1884	2274	2275	2301	2300	
8	1859	1860	1886	1885	2275	2276	2302	2301	
8	1860	1861	1887	1886	2276	2277	2303	2302	
8	1861	1862	1888	1887	2277	2278	2304	2303	
8	1862	1863	1889	1888	2278	2279	2305	2304	
8	1863	1864	1890	1889	2279	2280	2306	2305	
8	1864	1865	1891	1890	2280	2281	2307	2306	
8	1865	1866	1892	1891	2281	2282	2308	2307	
8	1866	1867	1893	1892	2282	2283	2309	2308	
8	1867	1868	1894	1893	2283	2284	2310	2309	
8	1868	1869	1895	1894	2284	2285	2311	2310	
8	1869	1870	1896	1895	2285	2286	2312	2311	
8	1870	1871	1897	1896	2286	2287	2313	2312	
8	1872	1873	1899	1898	2288	2289	2315	2314	
8	1873	1874	1900	1899	2289	2290	2316	2315	
8	1874	1875	1901	1900	2290	2291	2317	2316	
8	1875	1876	1902	1901	2291	2292	2318	2317	
8	1876	1877	1903	1902	2292	2293	2319	2318	
8	1877	1878	1904	1903	2293	2294	2320	2319	
8	1878	1879	1905	1904	2294	2295	2321	2320	
8	1879	1880	1906	1905	2295	2296	2322	2321	
8	1880	1881	1907	1906	2296	2297	2323	2322	
8	1881	1882	1908	1907	2297	2298	2324	2323	
8	1882	1883	1909	1908	2298	2299	2325	2324	
8	1883	1884	1910	1909	2299	2300	2326	2325	
8	1884	1885	1911	1910	2300	2301	2327	2326	
8	1885	1886	1912	1911	2301	2302	2328	2327	
8	1886	1887	1913	1912	2302	2303	2329	2328	
8	1887	1888	1914	1913	2303	2304	2330	2329	
8	1888	1889	1915	1914	2304	2305	2331	2330	
8	1889	1890	1916	1915	2305	2306	2332	2331	
8	1890	1891	1917	1916	2306	2307	2333	2332	
8	1891	1892	1918	1917	2307	2308	2334	2333	
8	1892	1893	1919	1918	2308	2309	2335	2334	
8	1893	1894	1920	1919	2309	2310	2336	2335	
8	1894	1895	1921	1920	2310	2311	2337	2336	
8	1895	1896	1922	1921	2311	2312	2338	2337	
8	1896	1897	1923	1922	2312	2313	2339	2338	
8	1898	1899	1925	1924	2314	2315	2341	2340	
8	1899	1900	1926	1925	2315	2316	2342	2341	
8	1900	1901	1927	1926	2316	2317	2343	2342	
8	1901	1902	1928	1927	2317	2318	2344	2343	
8	1902	1903	1929	1928	2318	2319	2345	2344	
8	1903	1904	1930	1929	2319	2320	2346	2345	
8	1904	1905	1931	1930	2320	2321	2347	2346	
8	1905	1906	1932	1931	2321	2322	2348	2347	
8	1906	1907	1933	1932	2322	2323	2349	2348	
8	1907	1908	1934	1933	2323	2324	2350	2349	
8	1908	1909	1935	1934	2324	2325	2351	2350	
8	1909	1910	1936	1935	2325	2326	2352	2351	
8	1910	1911	1937	1936	2326	2327	2353	2352	
8	1911	1912	1938	1937	2327	2328	2354	2353	
8	1912	1913	1939	1938	2328	2329	2355	2354	
8	1913	1914	1940	1939	2329	2330	2356	2355	
8	1914	1915	1941	1940	2330	2331	2357	2356	
8	1915	1916	1942	1941	2331	2332	2358	2357	
8	1916	1917	1943	1942	2332	2333	2359	2358	
8	1917	1918	1944	1943	2333	2334	2360	2359	
8	1918	1919	1945	1944	2334	2335	2361	2360	
8	1919	1920	1946	1945	2335	2336	2362	2361	
8	1920	1921	1947	1946	2336	2337	2363	2362	
8	1921	1922	1948	1947	2337	2338	2364	2363	
8	1922	1923	1949	1948	2338	2339	2365	2364	
8	1924	1925	1951	1950	2340	2341	2367	2366	
8	1925	1926	1952	1951	2341	2342	2368	2367	
8	1926	1927	1953	1952	2342	2343	2369	2368	
8	1927	1928	1954	1953	2343	2344	2370	2369	
8	1928	1929	1955	1954	2344	2345	2371	2370	
8	1929	1930	1956	1955	2345	2346	2372	2371	
8	1930	1931	1957	1956	2346	2347	2373	2372	
8	1931	1932	1958	1957	2347	2348	2374	2373	
8	1932	1933	1959	1958	2348	2349	2375	2374	
8	1933	1934	1960	1959	2349	2350	2376	2375	
8	1934	1935	1961	1960	2350	2351	2377	2376	
8	1935	1936	1962	1961	2351	2352	2378	2377	
8	1936	1937	1963	1962	2352	2353	2379	2378	
8	1937	1938	1964	1963	2353	2354	2380	2379	
8	1938	1939	1965	1964	2354	2355	2381	2380	
8	1939	1940	1966	1965	2355	2356	2382	2381	
8	1940	1941	1967	1966	2356	2357	2383	2382	
8	1941	1942	1968	1967	2357	2358	2384	2383	
8	1942	1943	1969	1968	2358	2359	2385	2384	
8	1943	1944	1970	1969	2359	2360	2386	2385	
8	1944	1945	1971	1970	2360	2361	2387	2386	
8	1945	1946	1972	1971	2361	2362	2388	2387	
8	1946	1947	1973	1972	2362	2363	2389	2388	
8	1947	1948	1974	1973	2363	2364	2390	2389	
8	1948	1949	1975	1974	2364	2365	2391	2390	
8	1950	1951	1977	1976	2366	2367	2393	2392	
8	1951	1952	1978	1977	2367	2368	2394	2393	
8	1952	1953	1979	1978	2368	2369	2395	2394	
8	1953	1954	1980	1979	2369	2370	2396	2395	
8	1954	1955	1981	1980	2370	2371	2397	2396	
8	1955	1956	1982	1981	2371	2372	2398	2397	
8	1956	1957	1983	1982	2372	2373	2399	2398	
8	1957	1958	1984	1983	2373	2374	2400	2399	
8	1958	1959	1985	1984	2374	2375	2401	2400	
8	1959	1960	1986	1985	2375	2376	2402	2401	
8	1960	1961	1987	1986	2376	2377	2403	2402	
8	1961	1962	1988	1987	2377	2378	2404	2403	
8	1962	1963	1989	1988	2378	2379	2405	2404	
8	1963	1964	1990	1989	2379	2380	2406	2405	
8	1964	1965	1991	1990	2380	2381	2407	2406	
8	1965	1966	1992	1991	2381	2382	2408	2407	
8	1966	1967	1993	1992	2382	2383	2409	2408	
8	1967	1968	1994	1993	2383	2384	2410	2409	
8	1968	1969	1995	1994	2384	2385	2411	2410	
8	1969	1970	1996	1995	2385	2386	2412	2411	
8	1970	1971	1997	1996	2386	2387	2413	2412	
8	1971	1972	1998	1997	2387	2388	2414	2413	
8	1972	1973	1999	1998	2388	2389	2415	2414	
8	1973	1974	2000	1999	2389	2390	2416	2415	
8	1974	1975	2001	2000	2390	2391	2417	2416	
8	1976	1977	2003	2002	2392	2393	2419	2418	
8	1977	1978	2004	2003	2393	2394	2420	2419	
8	1978	1979	2005	2004	2394	2395	2421	2420	
8	1979	1980	2006	2005	2395	2396	2422	2421	
8	1980	1981	2007	2006	2396	2397	2423	2422	
8	1981	1982	2008	2007	2397	2398	2424	2423	
8	1982	1983	2009	2008	2398	2399	2425	2424	
8	1983	1984	2010	2009	2399	2400	2426	2425	
8	1984	1985	2011	2010	2400	2401	2427	2426	
8	1985	1986	2012	2011	2401	2402	2428	2427	
8	1986	1987	2013	2012	2402	2403	2429	2428	
8	1987	1988	2014	2013	2403	2404	2430	2429	
8	1988	1989	2015	2014	2404	2405	2431	2430	
8	1989	1990	2016	2015	2405	2406	2432	2431	
8	1990	1991	2017	2016	2406	2407	2433	2432	
8	1991	1992	2018	2017	2407	2408	2434	2433	
8	1992	1993	2019	2018	2408	2409	2435	2434	
8	1993	1994	2020	2019	2409	2410	2436	2435	
8	1994	1995	2021	2020	2410	2411	2437	2436	
8	1995	1996	2022	2021	2411	2412	2438	2437	
8	1996	1997	2023	2022	2412	2413	2439	2438	
8	1997	1998	2024	2023	2413	2414	2440	2439	
8	1998	1999	2025	2024	2414	2415	2441	2440	
8	1999	2000	2026	2025	2415	2416	2442	2441	
8	2000	2001	2027	2026	2416	2417	2443	2442	
8	2002	2003	2029	2028	2418	2419	2445	2444	
8	2003	2004	2030	2029	2419	2420	2446	2445	
8	2004	2005	2031	2030	2420	2421	2447	2446	
8	2005	2006	2032	2031	2421	2422	2448	2447	
8	2006	2007	2033	2032	2422	2423	2449	2448	
8	2007	2008	2034	2033	2423	2424	2450	2449	
8	2008	2009	2035	2034	2424	2425	2451	2450	
8	2009	2010	2036	2035	2425	2426	2452	2451	
8	2010	2011	2037	2036	2426	2427	2453	2452	
8	2011	2012	2038	2037	2427	2428	2454	2453	
8	2012	2013	2039	2038	2428	2429	2455	2454	
8	2013	2014	2040	2039	2429	2430	2456	2455	
8	2014	2015	2041	2040	2430	2431	2457	2456	
8	2015	2016	2042	2041	2431	2432	2458	2457	
8	2016	2017	2043	2042	2432	2433	2459	2458	
8	2017	2018	2044	2043	2433	2434	2460	2459	
8	2018	2019	2045	2044	2434	2435	2461	2460	
8	2019	2020	2046	2045	2435	2436	2462	2461	
8	2020	2021	2047	2046	2436	2437	2463	2462	
8	2021	2022	2048	2047	2437	2438	2464	2463	
8	2022	2023	2049	2048	2438	2439	2465	2464	
8	2023	2024	2050	2049	2439	2440	2466	2465	
8	2024	2025	2051	2050	2440	2441	2467	2466	
8	2025	2026	2052	2051	2441	2442	2468	2467	
8	2026	2027	2053	2052	2442	2443	2469	2468	
8	2028	2029	2055	2054	2444	2445	2471	2470	
8	2029	2030	2056	2055	2445	2446	2472	2471	
8	2030	2031	2057	2056	2446	2447	2473	2472	
8	2031	2032	2058	2057	2447	2448	2474	2473	
8	2032	2033	2059	2058	2448	2449	2475	2474	
8	2033	2034	2060	2059	2449	2450	2476	2475	
8	2034	2035	2061	2060	2450	2451	2477	2476	
8	2035	2036	2062	2061	2451	2452	2478	2477	
8	2036	2037	2063	2062	2452	2453	2479	2478	
8	2037	2038	2064	2063	2453	2454	2480	2479	
8	2038	2039	2065	2064	2454	2455	2481	2480	
8	2039	2040	2066	2065	2455	2456	2482	2481	
8	2040	2041	2067	2066	2456	2457	2483	2482	
8	2041	2042	2068	2067	2457	2458	2484	2483	
8	2042	2043	2069	2068	2458	2459	2485	2484	
8	2043	2044	2070	2069	2459	2460	2486	2485	
8	2044	2045	2071	2070	2460	2461	2487	2486	
8	2045	2046	2072	2071	2461	2462	2488	2487	
8	2046	2047	2073	2072	2462	2463	2489	2488	
8	2047	2048	2074	2073	2463	2464	2490	2489	
8	2048	2049	2075	2074	2464	2465	2491	2490	
8	2049	2050	2076	2075	2465	2466	2492	2491	
8	2050	2051	2077	2076	2466	2467	2493	2492	
8	2051	2052	2078	2077	2467	2468	2494	2493	
8	2052	2053	2079	2078	2468	2469	2495	2494	
8	2080	2081	2107	2106	2496	2497	2523	2522	
8	2081	2082	2108	2107	2497	2498	2524	2523	
8	2082	2083	2109	2108	2498	2499	2525	2524	
8	2083	2084	2110	2109	2499	2500	2526	2525	
8	2084	2085	2111	2110	2500	2501	2527	2526	
8	2085	2086	2112	2111	2501	2502	2528	2527	
8	2086	2087	2113	2112	2502	2503	2529	2528	
8	2087	2088	2114	2113	2503	2504	2530	2529	
8	2088	2089	2115	2114	2504	2505	2531	2530	
8	2089	2090	2116	2115	2505	2506	2532	2531	
8	2090	2091	2117	2116	2506	2507	2533	2532	
8	2091	2092	2118	2117	2507	2508	2534	2533	
8	2092	2093	2119	2118	2508	2509	2535	2534	
8	2093	2094	2120	2119	2509	2510	2536	2535	
8	2094	2095	2121	2120	2510	2511	2537	2536	
8	2095	2096	2122	2121	2511	2512	2538	2537	
8	2096	2097	2123	2122	2512	2513	2539	2538	
8	2097	2098	2124	2123	2513	2514	2540	2539	
8	2098	2099	2125	2124	2514	2515	2541	2540	
8	2099	2100	2126	2125	2515	2516	2542	2541	
8	2100	2101	2127	2126	2516	2517	2543	2542	
8	2101	2102	2128	2127	2517	2518	2544	2543	
8	2102	2103	2129	2128	2518	2519	2545	2544	
8	2103	2104	2130	2129	2519	2520	2546	2545	
8	2104	2105	2131	2130	2520	2521	2547	2546	
8	2106	2107	2133	2132	2522	2523	2549	2548	
8	2107	2108	2134	2133	2523	2524	2550	2549	
8	2108	2109	2135	2134	2524	2525	2551	2550	
8	2109	2110	2136	2135	2525	2526	2552	2551	
8	2110	2111	2137	2136	2526	2527	2553	2552	
8	2111	2112	2138	2137	2527	2528	2554	2553	
8	2112	2113	2139	2138	2528	2529	2555	2554	
8	2113	2114	2140	2139	2529	2530	2556	2555	
8	2114	2115	2141	2140	2530	2531	2557	2556	
8	2115	2116	2142	2141	2531	2532	2558	2557	
8	2116	2117	2143	2142	2532	2533	2559	2558	
8	2117	2118	2144	2143	2533	2534	2560	2559	
8	2118	2119	2145	2144	2534	2535	2561	2560	
8	2119	2120	2146	2145	2535	2536	2562	2561	
8	2120	2121	2147	2146	2536	2537	2563	2562	
8	2121	2122	2148	2147	2537	2538	2564	2563	
8	2122	2123	2149	2148	2538	2539	2565	2564	
8	2123	2124	2150	2149	2539	2540	2566	2565	
8	2124	2125	2151	2150	2540	2541	2567	2566	
8	2125	2126	2152	2151	2541	2542	2568	2567	
8	2126	2127	2153	2152	2542	2543	2569	2568	
8	2127	2128	2154	2153	2543	2544	2570	2569	
8	2128	2129	2155	2154	2544	2545	2571	2570	
8	2129	2130	2156	2155	2545	2546	2572	2571	
8	2130	2131	2157	2156	2546	2547	2573	2572	
8	2132	2133	2159	2158	2548	2549	2575	2574	
8	2133	2134	2160	2159	2549	2550	2576	2575	
8	2134	2135	2161	2160	2550	2551	2577	2576	
8	2135	2136	2162	2161	2551	2552	2578	2577	
8	2136	2137	2163	2162	2552	2553	2579	2578	
8	2137	2138	2164	2163	2553	2554	2580	2579	
8	2138	2139	2165	2164	2554	2555	2581	2580	
8	2139	2140	2166	2165	2555	2556	2582	2581	
8	2140	2141	2167	2166	2556	2557	2583	2582	
8	2141	2142	2168	2167	2557	2558	2584	2583	
8	2142	2143	2169	2168	2558	2559	2585	2584	
8	2143	2144	2170	2169	2559	2560	2586	2585	
8	2144	2145	2171	2170	2560	2561	2587	2586	
8	2145	2146	2172	2171	2561	2562	2588	2587	
8	2146	2147	2173	2172	2562	2563	2589	2588	
8	2147	2148	2174	2173	2563	2564	2590	2589	
8	2148	2149	2175	2174	2564	2565	2591	2590	
8	2149	2150	2176	2175	2565	2566	2592	2591	
8	2150	2151	2177	2176	2566	2567	2593	2592	
8	2151	2152	2178	2177	2567	2568	2594	2593	
8	2152	2153	2179	2178	2568	2569	2595	2594	
8	2153	2154	2180	2179	2569	2570	2596	2595	
8	2154	2155	2181	2180	2570	2571	2597	2596	
8	2155	2156	2182	2181	2571	2572	2598	2597	
8	2156	2157	2183	2182	2572	2573	2599	2598	
8	2158	2159	2185	2184	2574	2575	2601	2600	
8	2159	2160	2186	2185	2575	2576	2602	2601	
8	2160	2161	2187	2186	2576	2577	2603	2602	
8	2161	2162	2188	2187	2577	2578	2604	2603	
8	2162	2163	2189	2188	2578	2579	2605	2604	
8	2163	2164	2190	2189	2579	2580	2606	2605	
8	2164	2165	2191	2190	2580	2581	2607	2606	
8	2165	2166	2192	2191	2581	2582	2608	2607	
8	2166	2167	2193	2192	2582	2583	2609	2608	
8	2167	2168	2194	2193	2583	2584	2610	2609	
8	2168	2169	2195	2194	2584	2585	2611	2610	
8	2169	2170	2196	2195	2585	2586	2612	2611	
8	2170	2171	2197	2196	2586	2587	2613	2612	
8	2171	2172	2198	2197	2587	2588	2614	2613	
8	2172	2173	2199	2198	2588	2589	2615	2614	
8	2173	2174	2200	2199	2589	2590	2616	2615	
8	2174	2175	2201	2200	2590	2591	2617	2616	
8	2175	2176	2202	2201	2591	2592	2618	2617	
8	2176	2177	2203	2202	2592	2593	2619	2618	
8	2177	2178	2204	2203	2593	2594	2620	2619	
8	2178	2179	2205	2204	2594	2595	2621	2620	
8	2179	2180	2206	2205	2595	2596	2622	2621	
8	2180	2181	2207	2206	2596	2597	2623	2622	
8	2181	2182	2208	2207	2597	2598	2624	2623	
8	2182	2183	2209	2208	2598	2599	2625	2624	
8	2184	2185	2211	2210	2600	2601	2627	2626	
8	2185	2186	2212	2211	2601	2602	2628	2627	
8	2186	2187	2213	2212	2602	2603	2629	2628	
8	2187	2188	2214	2213	2603	2604	2630	2629	
8	2188	2189	2215	2214	2604	2605	2631	2630	
8	2189	2190	2216	2215	2605	2606	2632	2631	
8	2190	2191	2217	2216	2606	2607	2633	2632	
8	2191	2192	2218	2217	2607	2608	2634	2633	
8	2192	2193	2219	2218	2608	2609	2635	2634	
8	2193	2194	2220	2219	2609	2610	2636	2635	
8	2194	2195	2221	2220	2610	2611	2637	2636	
8	2195	2196	2222	2221	2611	2612	2638	2637	
8	2196	2197	2223	2222	2612	2613	2639	2638	
8	2197	2198	2224	2223	2613	2614	2640	2639	
8	2198	2199	2225	2224	2614	2615	2641	2640	
8	2199	2200	2226	2225	2615	2616	2642	2641	
8	2200	2201	2227	2226	2616	2617	2643	2642	
8	2201	2202	2228	2227	2617	2618	2644	2643	
8	2202	2203	2229	2228	2618	2619	2645	2644	
8	2203	2204	2230	2229	2619	2620	2646	2645	
8	2204	2205	2231	2230	2620	2621	2647	2646	
8	2205	2206	2232	2231	2621	2622	2648	2647	
8	2206	2207	2233	2232	2622	2623	2649	2648	
8	2207	2208	2234	2233	2623	2624	2650	2649	
8	2208	2209	2235	2234	2624	2625	2651	2650	
8	2210	2211	2237	2236	2626	2627	2653	2652	
8	2211	2212	2238	2237	2627	2628	2654	2653	
8	2212	2213	2239	2238	2628	2629	2655	2654	
8	2213	2214	2240	2239	2629	2630	2656	2655	
8	2214	2215	2241	2240	2630	2631	2657	2656	
8	2215	2216	2242	2241	2631	2632	2658	2657	
8	2216	2217	2243	2242	2632	2633	2659	2658	
8	2217	2218	2244	2243	2633	2634	2660	2659	
8	2218	2219	2245	2244	2634	2635	2661	2660	
8	2219	2220	2246	2245	2635	2636	2662	2661	
8	2220	2221	2247	2246	2636	2637	2663	2662	
8	2221	2222	2248	2247	2637	2638	2664	2663	
8	2222	2223	2249	2248	2638	2639	2665	2664	
8	2223	2224	2250	2249	2639	2640	2666	2665	
8	2224	2225	2251	2250	2640	2641	2667	2666	
8	2225	2226	2252	2251	2641	2642	2668	2667	
8	2226	2227	2253	2252	2642	2643	2669	2668	
8	2227	2228	2254	2253	2643	2644	2670	2669	
8	2228	2229	2255	2254	2644	2645	2671	2670	
8	2229	2230	2256	2255	2645	2646	2672	2671	
8	2230	2231	2257	2256	2646	2647	2673	2672	
8	2231	2232	2258	2257	2647	2648	2674	2673	
8	2232	2233	2259	2258	2648	2649	2675	2674	
8	2233	2234	2260	2259	2649	2650	2676	2675	
8	2234	2235	2261	2260	2650	2651	2677	2676	
8	2236	2237	2263	2262	2652	2653	2679	2678	
8	2237	2238	2264	2263	2653	2654	2680	2679	
8	2238	2239	2265	2264	2654	2655	2681	2680	
8	2239	2240	2266	2265	2655	2656	2682	2681	
8	2240	2241	2267	2266	2656	2657	2683	2682	
8	2241	2242	2268	2267	2657	2658	2684	2683	
8	2242	2243	2269	2268	2658	2659	2685	2684	
8	2243	2244	2270	2269	2659	2660	2686	2685	
8	2244	2245	2271	2270	2660	2661	2687	2686	
8	2245	2246	2272	2271	2661	2662	2688	2687	
8	2246	2247	2273	2272	2662	2663	2689	2688	
8	2247	2248	2274	2273	2663	2664	2690	2689	
8	2248	2249	2275	2274	2664	2665	2691	2690	
8	2249	2250	2276	2275	2665	2666	2692	2691	
8	2250	2251	2277	2276	2666	2667	2693	2692	
8	2251	2252	2278	2277	2667	2668	2694	2693	
8	2252	2253	2279	2278	2668	2669	2695	2694	
8	2253	2254	2280	2279	2669	2670	2696	2695	
8	2254	2255	2281	2280	2670	2671	2697	2696	
8	2255	2256	2282	2281	2671	2672	2698	2697	
8	2256	2257	2283	2282	2672	2673	2699	2698	
8	2257	2258	2284	2283	2673	2674	2700	2699	
8	2258	2259	2285	2284	2674	2675	2701	2700	
8	2259	2260	2286	2285	2675	2676	2702	2701	
8	2260	2261	2287	2286	2676	2677	2703	2702	
8	2262	2263	2289	2288	2678	2679	2705	2704	
8	2263	2264	2290	2289	2679	2680	2706	2705	
8	2264	2265	2291	2290	2680	2681	2707	2706	
8	2265	2266	2292	2291	2681	2682	2708	2707	
8	2266	2267	2293	2292	2682	2683	2709	2708	
8	2267	2268	2294	2293	2683	2684	2710	2709	
8	2268	2269	2295	2294	2684	2685	2711	2710	
8	2269	2270	2296	2295	2685	2686	2712	2711	
8	2270	2271	2297	2296	2686	2687	2713	2712	
8	2271	2272	2298	2297	2687	2688	2714	2713	
8	2272	2273	2299	2298	2688	2689	2715	2714	
8	2273	2274	2300	2299	2689	2690	2716	2715	
8	2274	2275	2301	2300	2690	2691	2717	2716	
8	2275	2276	2302	2301	2691	2692	2718	2717	
8	2276	2277	2303	2302	2692	2693	2719	2718	
8	2277	2278	2304	2303	2693	2694	2720	2719	
8	2278	2279	2305	2304	2694	2695	2721	2720	
8	2279	2280	2306	2305	2695	2696	2722	2721	
8	2280	2281	2307	2306	2696	2697	2723	2722	
8	2281	2282	2308	2307	2697	2698	2724	2723	
8	2282	2283	2309	2308	2698	2699	2725	2724	
8	2283	2284	2310	2309	2699	2700	2726	2725	
8	2284	2285	2311	2310	2700	2701	2727	2726	
8	2285	2286	2312	2311	2701	2702	2728	2727	
8	2286	2287	2313	2312	2702	2703	2729	2728	
8	2288	2289	2315	2314	2704	2705	2731	2730	
8	2289	2290	2316	2315	2705	2706	2732	2731	
8	2290	2291	2317	2316	2706	2707	2733	2732	
8	2291	2292	2318	2317	2707	2708	2734	2733	
8	2292	2293	2319	2318	2708	2709	2735	2734	
8	2293	2294	2320	2319	2709	2710	2736	2735	
8	2294	2295	2321	2320	2710	2711	2737	2736	
8	2295	2296	2322	2321	2711	2712	2738	2737	
8	2296	2297	2323	2322	2712	2713	2739	2738	
8	2297	2298	2324	2323	2713	2714	2740	2739	
8	2298	2299	2325	2324	2714	2715	2741	2740	
8	2299	2300	2326	2325	2715	2716	2742	2741	
8	2300	2301	2327	2326	2716	2717	2743	2742	
8	2301	2302	2328	2327	2717	2718	2744	2743	
8	2302	2303	2329	2328	2718	2719	2745	2744	
8	2303	2304	2330	2329	2719	2720	2746	2745	
8	2304	2305	2331	2330	2720	2721	2747	2746	
8	2305	2306	2332	2331	2721	2722	2748	2747	
8	2306	2307	2333	2332	2722	2723	2749	2748	
8	2307	2308	2334	2333	2723	2724	2750	2749	
8	2308	2309	2335	2334	2724	2725	2751	2750	
8	2309	2310	2336	2335	2725	2726	2752	2751	
8	2310	2311	2337	2336	2726	2727	2753	2752	
8	2311	2312	2338	2337	2727	2728	2754	2753	
8	2312	2313	2339	2338	2728	2729	2755	2754	
8	2314	2315	2341	2340	2730	2731	2757	2756	
8	2315	2316	2342	2341	2731	2732	2758	2757	
8	2316	2317	2343	2342	2732	2733	2759	2758	
8	2317	2318	2344	2343	2733	2734	2760	2759	
8	2318	2319	2345	2344	2734	2735	2761	2760	
8	2319	2320	2346	2345	2735	2736	2762	2761	
8	2320	2321	2347	2346	2736	2737	2763	2762	
8	2321	2322	2348	2347	2737	2738	2764	2763	
8	2322	2323	2349	2348	2738	2739	2765	2764	
8	2323	2324	2350	2349	2739	2740	2766	2765	
8	2324	2325	2351	2350	2740	2741	2767	2766	
8	2325	2326	2352	2351	2741	2742	2768	2767	
8	2326	2327	2353	2352	2742	2743	2769	2768	
8	2327	2328	2354	2353	2743	2744	2770	2769	
8	2328	2329	2355	2354	2744	2745	2771	2770	
8	2329	2330	2356	2355	2745	2746	2772	2771	
8	2330	2331	2357	2356	2746	2747	2773	2772	
8	2331	2332	2358	2357	2747	2748	2774	2773	
8	2332	2333	2359	2358	2748	2749	2775	2774	
8	2333	2334	2360	2359	2749	2750	2776	2775	
8	2334	2335	2361	2360	2750	2751	2777	2776	
8	2335	2336	2362	2361	2751	2752	2778	2777	
8	2336	2337	2363	2362	2752	2753	2779	2778	
8	2337	2338	2364	2363	2753	2754	2780	2779	
8	2338	2339	2365	2364	2754	2755	2781	2780	
8	2340	2341	2367	2366	2756	2757	2783	2782	
8	2341	2342	2368	2367	2757	2758	2784	2783	
8	2342	2343	2369	2368	2758	2759	2785	2784	
8	2343	2344	2370	2369	2759	2760	2786	2785	
8	2344	2345	2371	2370	2760	2761	2787	2786	
8	2345	2346	2372	2371	2761	2762	2788	2787	
8	2346	2347	2373	2372	2762	2763	2789	2788	
8	2347	2348	2374	2373	2763	2764	2790	2789	
8	2348	2349	2375	2374	2764	2765	2791	2790	
8	2349	2350	2376	2375	2765	2766	2792	2791	
8	2350	2351	2377	2376	2766	2767	2793	2792	
8	2351	2352	2378	2377	2767	2768	2794	2793	
8	2352	2353	2379	2378	2768	2769	2795	2794	
8	2353	2354	2380	2379	2769	2770	2796	2795	
8	2354	2355	2381	2380	2770	2771	2797	2796	
8	2355	2356	2382	2381	2771	2772	2798	2797	
8	2356	2357	2383	2382	2772	2773	2799	2798	
8	2357	2358	2384	2383	2773	2774	2800	2799	
8	2358	2359	2385	2384	2774	2775	2801	2800	
8	2359	2360	2386	2385	2775	2776	2802	2801	
8	2360	2361	2387	2386	2776	2777	2803	2802	
8	2361	2362	2388	2387	2777	2778	2804	2803	
8	2362	2363	2389	2388	2778	2779	2805	2804	
8	2363	2364	2390	2389	2779	2780	2806	2805	
8	2364	2365	2391	2390	2780	2781	2807	2806	
8	2366	2367	2393	2392	2782	2783	2809	2808	
8	2367	2368	2394	2393	2783	2784	2810	2809	
8	2368	2369	2395	2394	2784	2785	2811	2810	
8	2369	2370	2396	2395	2785	2786	2812	2811	
8	2370	2371	2397	2396	2786	2787	2813	2812	
8	2371	2372	2398	2397	2787	2788	2814	2813	
8	2372	2373	2399	2398	2788	2789	2815	2814	
8	2373	2374	2400	2399	2789	2790	2816	2815	
8	2374	2375	2401	2400	2790	2791	2817	2816	
8	2375	2376	2402	2401	2791	2792	2818	2817	
8	2376	2377	2403	2402	2792	2793	2819	2818	
8	2377	2378	2404	2403	2793	2794	2820	2819	
8	2378	2379	2405	2404	2794	2795	2821	2820	
8	2379	2380	2406	2405	2795	2796	2822	2821	
8	2380	2381	2407	2406	2796	2797	2823	2822	
8	2381	2382	2408	2407	2797	2798	2824	2823	
8	2382	2383	2409	2408	2798	2799	2825	2824	
8	2383	2384	2410	2409	2799	2800	2826	2825	
8	2384	2385	2411	2410	2800	2801	2827	2826	
8	2385	2386	2412	2411	2801	2802	2828	2827	
8	2386	2387	2413	2412	2802	2803	2829	2828	
8	2387	2388	2414	2413	2803	2804	2830	2829	
8	2388	2389	2415	2414	2804	2805	2831	2830	
8	2389	2390	2416	2415	2805	2806	2832	2831	
8	2390	2391	2417	2416	2806	2807	2833	2832	
8	2392	2393	2419	2418	2808	2809	2835	2834	
8	2393	2394	2420	2419	2809	2810	2836	2835	
8	2394	2395	2421	2420	2810	2811	2837	2836	
8	2395	2396	2422	2421	2811	2812	2838	2837	
8	2396	2397	2423	2422	2812	2813	2839	2838	
8	2397	2398	2424	2423	2813	2814	2840	2839	
8	2398	2399	2425	2424	2814	2815	2841	2840	
8	2399	2400	2426	2425	2815	2816	2842	2841	
8	2400	2401	2427	2426	2816	2817	2843	2842	
8	2401	2402	2428	2427	2817	2818	2844	2843	
8	2402	2403	2429	2428	2818	2819	2845	2844	
8	2403	2404	2430	2429	2819	2820	2846	2845	
8	2404	2405	2431	2430	2820	2821	2847	2846	
8	2405	2406	2432	2431	2821	2822	2848	2847	
8	2406	2407	2433	2432	2822	2823	2849	2848	
8	2407	2408	2434	2433	2823	2824	2850	2849	
8	2408	2409	2435	2434	2824	2825	2851	2850	
8	2409	2410	2436	2435	2825	2826	2852	2851	
8	2410	2411	2437	2436	2826	2827	2853	2852	
8	2411	2412	2438	2437	2827	2828	2854	2853	
8	2412	2413	2439	2438	2828	2829	2855	2854	
8	2413	2414	2440	2439	2829	2830	2856	2855	
8	2414	2415	2441	2440	2830	2831	2857	2856	
8	2415	2416	2442	2441	2831	2832	2858	2857	
8	2416	2417	2443	2442	2832	2833	2859	2858	
8	2418	2419	2445	2444	2834	2835	2861	2860	
8	2419	2420	2446	2445	2835	2836	2862	2861	
8	2420	2421	2447	2446	2836	2837	2863	2862	
8	2421	2422	2448	2447	2837	2838	2864	2863	
8	2422	2423	2449	2448	2838	2839	2865	2864	
8	2423	2424	2450	2449	2839	2840	2866	2865	
8	2424	2425	2451	2450	2840	2841	2867	2866	
8	2425	2426	2452	2451	2841	2842	2868	2867	
8	2426	2427	2453	2452	2842	2843	2869	2868	
8	2427	2428	2454	2453	2843	2844	2870	2869	
8	2428	2429	2455	2454	2844	2845	2871	2870	
8	2429	2430	2456	2455	2845	2846	2872	2871	
8	2430	2431	2457	2456	2846	2847	2873	2872	
8	2431	2432	2458	2457	2847	2848	2874	2873	
8	2432	2433	2459	2458	2848	2849	2875	2874	
8	2433	2434	2460	2459	2849	2850	2876	2875	
8	2434	2435	2461	2460	2850	2851	2877	2876	
8	2435	2436	2462	2461	2851	2852	2878	2877	
8	2436	2437	2463	2462	2852	2853	2879	2878	
8	2437	2438	2464	2463	2853	2854	2880	2879	
8	2438	2439	2465	2464	2854	2855	2881	2880	
8	2439	2440	2466	2465	2855	2856	2882	2881	
8	2440	2441	2467	2466	2856	2857	2883	2882	
8	2441	2442	2468	2467	2857	2858	2884	2883	
8	2442	2443	2469	2468	2858	2859	2885	2884	
8	2444	2445	2471	2470	2860	2861	2887	2886	
8	2445	2446	2472	2471	2861	2862	2888	2887	
8	2446	2447	2473	2472	2862	2863	2889	2888	
8	2447	2448	2474	2473	2863	2864	2890	2889	
8	2448	2449	2475	2474	2864	2865	2891	2890	
8	2449	2450	2476	2475	2865	2866	2892	2891	
8	2450	2451	2477	2476	2866	2867	2893	2892	
8	2451	2452	2478	2477	2867	2868	2894	2893	
8	2452	2453	2479	2478	2868	2869	2895	2894	
8	2453	2454	2480	2479	2869	2870	2896	2895	
8	2454	2455	2481	2480	2870	2871	2897	2896	
8	2455	2456	2482	2481	2871	2872	2898	2897	
8	2456	2457	2483	2482	2872	2873	2899	2898	
8	2457	2458	2484	2483	2873	2874	2900	2899	
8	2458	2459	2485	2484	2874	2875	2901	2900	
8	2459	2460	2486	2485	2875	2876	2902	2901	
8	2460	2461	2487	2486	2876	2877	2903	2902	
8	2461	2462	2488	2487	2877	2878	2904	2903	
8	2462	2463	2489	2488	2878	2879	2905	2904	
8	2463	2464	2490	2489	2879	2880	2906	2905	
8	2464	2465	2491	2490	2880	2881	2907	2906	
8	2465	2466	2492	2491	2881	2882	2908	2907	
8	2466	2467	2493	2492	2882	2883	2909	2908	
8	2467	2468	2494	2493	2883	2884	2910	2909	
8	2468	2469	2495	2494	2884	2885	2911	2910	
8	2496	2497	2523	2522	2912	2913	2939	2938	
8	2497	2498	2524	2523	2913	2914	2940	2939	
8	2498	2499	2525	2524	2914	2915	2941	2940	
8	2499	2500	2526	2525	2915	2916	2942	2941	
8	2500	2501	2527	2526	2916	2917	2943	2942	
8	2501	2502	2528	2527	2917	2918	2944	2943	
8	2502	2503	2529	2528	2918	2919	2945	2944	
8	2503	2504	2530	2529	2919	2920	2946	2945	
8	2504	2505	2531	2530	2920	2921	2947	2946	
8	2505	2506	2532	2531	2921	2922	2948	2947	
8	2506	2507	2533	2532	2922	2923	2949	2948	
8	2507	2508	2534	2533	2923	2924	2950	2949	
8	2508	2509	2535	2534	2924	2925	2951	2950	
8	2509	2510	2536	2535	2925	2926	2952	2951	
8	2510	2511	2537	2536	2926	2927	2953	2952	
8	2511	2512	2538	2537	2927	2928	2954	2953	
8	2512	2513	2539	2538	2928	2929	2955	2954	
8	2513	2514	2540	2539	2929	2930	2956	2955	
8	2514	2515	2541	2540	2930	2931	2957	2956	
8	2515	2516	2542	2541	2931	2932	2958	2957	
8	2516	2517	2543	2542	2932	2933	2959	2958	
8	2517	2518	2544	2543	2933	2934	2960	2959	
8	2518	2519	2545	2544	2934	2935	2961	2960	
8	2519	2520	2546	2545	2935	2936	2962	2961	
8	2520	2521	2547	2546	2936	2937	2963	2962	
8	2522	2523	2549	2548	2938	2939	2965	2964	
8	2523	2524	2550	2549	2939	2940	2966	2965	
8	2524	2525	2551	2550	2940	2941	2967	2966	
8	2525	2526	2552	2551	2941	2942	2968	2967	
8	2526	2527	2553	2552	2942	2943	2969	2968	
8	2527	2528	2554	2553	2943	2944	2970	2969	
8	2528	2529	2555	2554	2944	2945	2971	2970	
8	2529	2530	2556	2555	2945	2946	2972	2971	
8	2530	2531	2557	2556	2946	2947	2973	2972	
8	2531	2532	2558	2557	2947	2948	2974	2973	
8	2532	2533	2559	2558	2948	2949	2975	2974	
8	2533	2534	2560	2559	2949	2950	2976	2975	
8	2534	2535	2561	2560	2950	2951	2977	2976	
8	2535	2536	2562	2561	2951	2952	2978	2977	
8	2536	2537	2563	2562	2952	2953	2979	2978	
8	2537	2538	2564	2563	2953	2954	2980	2979	
8	2538	2539	2565	2564	2954	2955	2981	2980	
8	2539	2540	2566	2565	2955	2956	2982	2981	
8	2540	2541	2567	2566	2956	2957	2983	2982	
8	2541	2542	2568	2567	2957	2958	2984	2983	
8	2542	2543	2569	2568	2958	2959	2985	2984	
8	2543	2544	2570	2569	2959	2960	2986	2985	
8	2544	2545	2571	2570	2960	2961	2987	2986	
8	2545	2546	2572	2571	2961	2962	2988	2987	
8	2546	2547	2573	2572	2962	2963	2989	2988	
8	2548	2549	2575	2574	2964	2965	2991	2990	
8	2549	2550	2576	2575	2965	2966	2992	2991	
8	2550	2551	2577	2576	2966	2967	2993	2992	
8	2551	2552	2578	2577	2967	2968	2994	2993	
8	2552	2553	2579	2578	2968	2969	2995	2994	
8	2553	2554	2580	2579	2969	2970	2996	2995	
8	2554	2555	2581	2580	2970	2971	2997	2996	
8	2555	2556	2582	2581	2971	2972	2998	2997	
8	2556	2557	2583	2582	2972	2973	2999	2998	
8	2557	2558	2584	2583	2973	2974	3000	2999	
8	2558	2559	2585	2584	2974	2975	3001	3000	
8	2559	2560	2586	2585	2975	2976	3002	3001	
8	2560	2561	2587	2586	2976	2977	3003	3002	
8	2561	2562	2588	2587	2977	2978	3004	3003	
8	2562	2563	2589	2588	2978	2979	3005	3004	
8	2563	2564	2590	2589	2979	2980	3006	3005	
8	2564	2565	2591	2590	2980	2981	3007	3006	
8	2565	2566	2592	2591	2981	2982	3008	3007	
8	2566	2567	2593	2592	2982	2983	3009	3008	
8	2567	2568	2594	2593	2983	2984	3010	3009	
8	2568	2569	2595	2594	2984	2985	3011	3010	
8	2569	2570	2596	2595	2985	2986	3012	3011	
8	2570	2571	2597	2596	2986	2987	3013	3012	
8	2571	2572	2598	2597	2987	2988	3014	3013	
8	2572	2573	2599	2598	2988	2989	3015	3014	
8	2574	2575	2601	2600	2990	2991	3017	3016	
8	2575	2576	2602	2601	2991	2992	3018	3017	
8	2576	2577	2603	2602	2992	2993	3019	3018	
8	2577	2578	2604	2603	2993	2994	3020	3019	
8	2578	2579	2605	2604	2994	2995	3021	3020	
8	2579	2580	2606	2605	2995	2996	3022	3021	
8	2580	2581	2607	2606	2996	2997	3023	3022	
8	2581	2582	2608	2607	2997	2998	3024	3023	
8	2582	2583	2609	2608	2998	2999	3025	3024	
8	2583	2584	2610	2609	2999	3000	3026	3025	
8	2584	2585	2611	2610	3000	3001	3027	3026	
8	2585	2586	2612	2611	3001	3002	3028	3027	
8	2586	2587	2613	2612	3002	3003	3029	3028	
8	2587	2588	2614	2613	3003	3004	3030	3029	
8	2588	2589	2615	2614	3004	3005	3031	3030	
8	2589	2590	2616	2615	3005	3006	3032	3031	
8	2590	2591	2617	2616	3006	3007	3033	3032	
8	2591	2592	2618	2617	3007	3008	3034	3033	
8	2592	2593	2619	2618	3008	3009	3035	3034	
8	2593	2594	2620	2619	3009	3010	3036	3035	
8	2594	2595	2621	2620	3010	3011	3037	3036	
8	2595	2596	2622	2621	3011	3012	3038	3037	
8	2596	2597	2623	2622	3012	3013	3039	3038	
8	2597	2598	2624	2623	3013	3014	3040	3039	
8	2598	2599	2625	2624	3014	3015	3041	3040	
8	2600	2601	2627	2626	3016	3017	3043	3042	
8	2601	2602	2628	2627	3017	3018	3044	3043	
8	2602	2603	2629	2628	3018	3019	3045	3044	
8	2603	2604	2630	2629	3019	3020	3046	3045	
8	2604	2605	2631	2630	3020	3021	3047	3046	
8	2605	2606	2632	2631	3021	3022	3048	3047	
8	2606	2607	2633	2632	3022	3023	3049	3048	
8	2607	2608	2634	2633	3023	3024	3050	3049	
8	2608	2609	2635	2634	3024	3025	3051	3050	
8	2609	2610	2636	2635	3025	3026	3052	3051	
8	2610	2611	2637	2636	3026	3027	3053	3052	
8	2611	2612	2638	2637	3027	3028	3054	3053	
8	2612	2613	2639	2638	3028	3029	3055	3054	
8	2613	2614	2640	2639	3029	3030	3056	3055	
8	2614	2615	2641	2640	3030	3031	3057	3056	
8	2615	2616	2642	2641	3031	3032	3058	3057	
8	2616	2617	2643	2642	3032	3033	3059	3058	
8	2617	2618	2644	2643	3033	3034	3060	3059	
8	2618	2619	2645	2644	3034	3035	3061	3060	
8	2619	2620	2646	2645	3035	3036	3062	3061	
8	2620	2621	2647	2646	3036	3037	3063	3062	
8	2621	2622	2648	2647	3037	3038	3064	3063	
8	2622	2623	2649	2648	3038	3039	3065	3064	
8	2623	2624	2650	2649	3039	3040	3066	3065	
8	2624	2625	2651	2650	3040	3041	3067	3066	
8	2626	2627	2653	2652	3042	3043	3069	3068	
8	2627	2628	2654	2653	3043	3044	3070	3069	
8	2628	2629	2655	2654	3044	3045	3071	3070	
8	2629	2630	2656	2655	3045	3046	3072	3071	
8	2630	2631	2657	2656	3046	3047	3073	3072	
8	2631	2632	2658	2657	3047	3048	3074	3073	
8	2632	2633	2659	2658	3048	3049	3075	3074	
8	2633	2634	2660	2659	3049	3050	3076	3075	
8	2634	2635	2661	2660	3050	3051	3077	3076	
8	2635	2636	2662	2661	3051	3052	3078	3077	
8	2636	2637	2663	2662	3052	3053	3079	3078	
8	2637	2638	2664	2663	3053	3054	3080	3079	
8	2638	2639	2665	2664	3054	3055	3081	3080	
8	2639	2640	2666	2665	3055	3056	3082	3081	
8	2640	2641	2667	2666	3056	3057	3083	3082	
8	2641	2642	2668	2667	3057	3058	3084	3083	
8	2642	2643	2669	2668	3058	3059	3085	3084	
8	2643	2644	2670	2669	3059	3060	3086	3085	
8	2644	2645	2671	2670	3060	3061	3087	3086	
8	2645	2646	2672	2671	3061	3062	3088	3087	
8	2646	2647	2673	2672	3062	3063	3089	3088	
8	2647	2648	2674	2673	3063	3064	3090	3089	
8	2648	2649	2675	2674	3064	3065	3091	3090	
8	2649	2650	2676	2675	3065	3066	3092	3091	
8	2650	2651	2677	2676	3066	3067	3093	3092	
8	2652	2653	2679	2678	3068	3069	3095	3094	
8	2653	2654	2680	2679	3069	3070	3096	3095	
8	2654	2655	2681	2680	3070	3071	3097	3096	
8	2655	2656	2682	2681	3071	3072	3098	3097	
8	2656	2657	2683	2682	3072	3073	3099	3098	
8	2657	2658	2684	2683	3073	3074	3100	3099	
8	2658	2659	2685	2684	3074	3075	3101	3100	
8	2659	2660	2686	2685	3075	3076	3102	3101	
8	2660	2661	2687	2686	3076	3077	3103	3102	
8	2661	2662	2688	2687	3077	3078	3104	3103	
8	2662	2663	2689	2688	3078	3079	3105	3104	
8	2663	2664	2690	2689	3079	3080	3106	3105	
8	2664	2665	2691	2690	3080	3081	3107	3106	
8	2665	2666	2692	2691	3081	3082	3108	3107	
8	2666	2667	2693	2692	3082	3083	3109	3108	
8	2667	2668	2694	2693	3083	3084	3110	3109	
8	2668	2669	2695	2694	3084	3085	3111	3110	
8	2669	2670	2696	2695	3085	3086	3112	3111	
8	2670	2671	2697	2696	3086	3087	3113	3112	
8	2671	2672	2698	2697	3087	3088	3114	3113	
8	2672	2673	2699	2698	3088	3089	3115	3114	
8	2673	2674	2700	2699	3089	3090	3116	3115	
8	2674	2675	2701	2700	3090	3091	3117	3116	
8	2675	2676	2702	2701	3091	3092	3118	3117	
8	2676	2677	2703	2702	3092	3093	3119	3118	
8	2678	2679	2705	2704	3094	3095	3121	3120	
8	2679	2680	2706	2705	3095	3096	3122	3121	
8	2680	2681	2707	2706	3096	3097	3123	3122	
8	2681	2682	2708	2707	3097	3098	3124	3123	
8	2682	2683	2709	2708	3098	3099	3125	3124	
8	2683	2684	2710	2709	3099	3100	3126	3125	
8	2684	2685	2711	2710	3100	3101	3127	3126	
8	2685	2686	2712	2711	3101	3102	3128	3127	
8	2686	2687	2713	2712	3102	3103	3129	3128	
8	2687	2688	2714	2713	3103	3104	3130	3129	
8	2688	2689	2715	2714	3104	3105	3131	3130	
8	2689	2690	2716	2715	3105	3106	3132	3131	
8	2690	2691	2717	2716	3106	3107	3133	3132	
8	2691	2692	2718	2717	3107	3108	3134	3133	
8	2692	2693	2719	2718	3108	3109	3135	3134	
8	2693	2694	2720	2719	3109	3110	3136	3135	
8	2694	2695	2721	2720	3110	3111	3137	3136	
8	2695	2696	2722	2721	3111	3112	3138	3137	
8	2696	2697	2723	2722	3112	3113	3139	3138	
8	2697	2698	2724	2723	3113	3114	3140	3139	
8	2698	2699	2725	2724	3114	3115	3141	3140	
8	2699	2700	2726	2725	3115	3116	3142	3141	
8	2700	2701	2727	2726	3116	3117	3143	3142	
8	2701	2702	2728	2727	3117	3118	3144	3143	
8	2702	2703	2729	2728	3118	3119	3145	3144	
8	2704	2705	2731	2730	3120	3121	3147	3146	
8	2705	2706	2732	2731	3121	3122	3148	3147	
8	2706	2707	2733	2732	3122	3123	3149	3148	
8	2707	2708	2734	2733	3123	3124	3150	3149	
8	2708	2709	2735	2734	3124	3125	3151	3150	
8	2709	2710	2736	2735	3125	3126	3152	3151	
8	2710	2711	2737	2736	3126	3127	3153	3152	
8	2711	2712	2738	2737	3127	3128	3154	3153	
8	2712	2713	2739	2738	3128	3129	3155	3154	
8	2713	2714	2740	2739	3129	3130	3156	3155	
8	2714	2715	2741	2740	3130	3131	3157	3156	
8	2715	2716	2742	2741	3131	3132	3158	3157	
8	2716	2717	2743	2742	3132	3133	3159	3158	
8	2717	2718	2744	2743	3133	3134	3160	3159	
8	2718	2719	2745	2744	3134	3135	3161	3160	
8	2719	2720	2746	2745	3135	3136	3162	3161	
8	2720	2721	2747	2746	3136	3137	3163	3162	
8	2721	2722	2748	2747	3137	3138	3164	3163	
8	2722	2723	2749	2748	3138	3139	3165	3164	
8	2723	2724	2750	2749	3139	3140	3166	3165	
8	2724	2725	2751	2750	3140	3141	3167	3166	
8	2725	2726	2752	2751	3141	3142	3168	3167	
8	2726	2727	2753	2752	3142	3143	3169	3168	
8	2727	2728	2754	2753	3143	3144	3170	3169	
8	2728	2729	2755	2754	3144	3145	3171	3170	
8	2730	2731	2757	2756	3146	3147	3173	3172	
8	2731	2732	2758	2757	3147	3148	3174	3173	
8	2732	2733	2759	2758	3148	3149	3175	3174	
8	2733	2734	2760	2759	3149	3150	3176	3175	
8	2734	2735	2761	2760	3150	3151	3177	3176	
8	2735	2736	2762	2761	3151	3152	3178	3177	
8	2736	2737	2763	2762	3152	3153	3179	3178	
8	2737	2738	2764	2763	3153	3154	3180	3179	
8	2738	2739	2765	2764	3154	3155	3181	3180	
8	2739	2740	2766	2765	3155	3156	3182	3181	
8	2740	2741	2767	2766	3156	3157	3183	3182	
8	2741	2742	2768	2767	3157	3158	3184	3183	
8	2742	2743	2769	2768	3158	3159	3185	3184	
8	2743	2744	2770	2769	3159	3160	3186	3185	
8	2744	2745	2771	2770	3160	3161	3187	3186	
8	2745	2746	2772	2771	3161	3162	3188	3187	
8	2746	2747	2773	2772	3162	3163	3189	3188	
8	2747	2748	2774	2773	3163	3164	3190	3189	
8	2748	2749	2775	2774	3164	3165	3191	3190	
8	2749	2750	2776	2775	3165	3166	3192	3191	
8	2750	2751	2777	2776	3166	3167	3193	3192	
8	2751	2752	2778	2777	3167	3168	3194	3193	
8	2752	2753	2779	2778	3168	3169	3195	3194	
8	2753	2754	2780	2779	3169	3170	3196	3195	
8	2754	2755	2781	2780	3170	3171	3197	3196	
8	2756	2757	2783	2782	3172	3173	3199	3198	
8	2757	2758	2784	2783	3173	3174	3200	3199	
8	2758	2759	2785	2784	3174	3175	3201	3200	
8	2759	2760	2786	2785	3175	3176	3202	3201	
8	2760	2761	2787	2786	3176	3177	3203	3202	
8	2761	2762	2788	2787	3177	3178	3204	3203	
8	2762	2763	2789	2788	3178	3179	3205	3204	
8	2763	2764	2790	2789	3179	3180	3206	3205	
8	2764	2765	2791	2790	3180	3181	3207	3206	
8	2765	2766	2792	2791	3181	3182	3208	3207	
8	2766	2767	2793	2792	3182	3183	3209	3208	
8	2767	2768	2794	2793	3183	3184	3210	3209	
8	2768	2769	2795	2794	3184	3185	3211	3210	
8	2769	2770	2796	2795	3185	3186	3212	3211	
8	2770	2771	2797	2796	3186	3187	3213	3212	
8	2771	2772	2798	2797	3187	3188	3214	3213	
8	2772	2773	2799	2798	3188	3189	3215	3214	
8	2773	2774	2800	2799	3189	3190	3216	3215	
8	2774	2775	2801	2800	3190	3191	3217	3216	
8	2775	2776	2802	2801	3191	3192	3218	3217	
8	2776	2777	2803	2802	3192	3193	3219	3218	
8	2777	2778	2804	2803	3193	3194	3220	3219	
8	2778	2779	2805	2804	3194	3195	3221	3220	
8	2779	2780	2806	2805	3195	3196	3222	3221	
8	2780	2781	2807	2806	3196	3197	3223	3222	
8	2782	2783	2809	2808	3198	3199	3225	3224	
8	2783	2784	2810	2809	3199	3200	3226	3225	
8	2784	2785	2811	2810	3200	3201	3227	3226	
8	2785	2786	2812	2811	3201	3202	3228	3227	
8	2786	2787	2813	2812	3202	3203	3229	3228	
8	2787	2788	2814	2813	3203	3204	3230	3229	
8	2788	2789	2815	2814	3204	3205	3231	3230	
8	2789	2790	2816	2815	3205	3206	3232	3231	
8	2790	2791	2817	2816	3206	3207	3233	3232	
8	2791	2792	2818	2817	3207	3208	3234	3233	
8	2792	2793	2819	2818	3208	3209	3235	3234	
8	2793	2794	2820	2819	3209	3210	3236	3235	
8	2794	2795	2821	2820	3210	3211	3237	3236	
8	2795	2796	2822	2821	3211	3212	3238	3237	
8	2796	2797	2823	2822	3212	3213	3239	3238	
8	2797	2798	2824	2823	3213	3214	3240	3239	
8	2798	2799	2825	2824	3214	3215	3241	3240	
8	2799	2800	2826	2825	3215	3216	3242	3241	
8	2800	2801	2827	2826	3216	3217	3243	3242	
8	2801	2802	2828	2827	3217	3218	3244	3243	
8	2802	2803	2829	2828	3218	3219	3245	3244	
8	2803	2804	2830	2829	3219	3220	3246	3245	
8	2804	2805	2831	2830	3220	3221	3247	3246	
8	2805	2806	2832	2831	3221	3222	3248	3247	
8	2806	2807	2833	2832	3222	3223	3249	3248	
8	2808	2809	2835	2834	3224	3225	3251	3250	
8	2809	2810	2836	2835	3225	3226	3252	3251	
8	2810	2811	2837	2836	3226	3227	3253	3252	
8	2811	2812	2838	2837	3227	3228	3254	3253	
8	2812	2813	2839	2838	3228	3229	3255	3254	
8	2813	2814	2840	2839	3229	3230	3256	3255	
8	2814	2815	2841	2840	3230	3231	3257	3256	
8	2815	2816	2842	2841	3231	3232	3258	3257	
8	2816	2817	2843	2842	3232	3233	3259	3258	
8	2817	2818	2844	2843	3233	3234	3260	3259	
8	2818	2819	2845	2844	3234	3235	3261	3260	
8	2819	2820	2846	2845	3235	3236	3262	3261	
8	2820	2821	2847	2846	3236	3237	3263	3262	
8	2821	2822	2848	2847	3237	3238	3264	3263	
8	2822	2823	2849	2848	3238	3239	3265	3264	
8	2823	2824	2850	2849	3239	3240	3266	3265	
8	2824	2825	2851	2850	3240	3241	3267	3266	
8	2825	2826	2852	2851	3241	3242	3268	3267	
8	2826	2827	2853	2852	3242	3243	3269	3268	
8	2827	2828	2854	2853	3243	3244	3270	3269	
8	2828	2829	2855	2854	3244	3245	3271	3270	
8	2829	2830	2856	2855	3245	3246	3272	3271	
8	2830	2831	2857	2856	3246	3247	3273	3272	
8	2831	2832	2858	2857	3247	3248	3274	3273	
8	2832	2833	2859	2858	3248	3249	3275	3274	
8	2834	2835	2861	2860	3250	3251	3277	3276	
8	2835	2836	2862	2861	3251	3252	3278	3277	
8	2836	2837	2863	2862	3252	3253	3279	3278	
8	2837	2838	2864	2863	3253	3254	3280	3279	
8	2838	2839	2865	2864	3254	3255	3281	3280	
8	2839	2840	2866	2865	3255	3256	3282	3281	
8	2840	2841	2867	2866	3256	3257	3283	3282	
8	2841	2842	2868	2867	3257	3258	3284	3283	
8	2842	2843	2869	2868	3258	3259	3285	3284	
8	2843	2844	2870	2869	3259	3260	3286	3285	
8	2844	2845	2871	2870	3260	3261	3287	3286	
8	2845	2846	2872	2871	3261	3262	3288	3287	
8	2846	2847	2873	2872	3262	3263	3289	3288	
8	2847	2848	2874	2873	3263	3264	3290	3289	
8	2848	2849	2875	2874	3264	3265	3291	3290	
8	2849	2850	2876	2875	3265	3266	3292	3291	
8	2850	2851	2877	2876	3266	3267	3293	3292	
8	2851	2852	2878	2877	3267	3268	3294	3293	
8	2852	2853	2879	2878	3268	3269	3295	3294	
8	2853	2854	2880	2879	3269	3270	3296	3295	
8	2854	2855	2881	2880	3270	3271	3297	3296	
8	2855	2856	2882	2881	3271	3272	3298	3297	
8	2856	2857	2883	2882	3272	3273	3299	3298	
8	2857	2858	2884	2883	3273	3274	3300	3299	
8	2858	2859	2885	2884	3274	3275	3301	3300	
8	2860	2861	2887	2886	3276	3277	3303	3302	
8	2861	2862	2888	2887	3277	3278	3304	3303	
8	2862	2863	2889	2888	3278	3279	3305	3304	
8	2863	2864	2890	2889	3279	3280	3306	3305	
8	2864	2865	2891	2890	3280	3281	3307	3306	
8	2865	2866	2892	2891	3281	3282	3308	3307	
8	2866	2867	2893	2892	3282	3283	3309	3308	
8	2867	2868	2894	2893	3283	3284	3310	3309	
8	2868	2869	2895	2894	3284	3285	3311	3310	
8	2869	2870	2896	2895	3285	3286	3312	3311	
8	2870	2871	2897	2896	3286	3287	3313	3312	
8	2871	2872	2898	2897	3287	3288	3314	3313	
8	2872	2873	2899	2898	3288	3289	3315	3314	
8	2873	2874	2900	2899	3289	3290	3316	3315	
8	2874	2875	2901	2900	3290	3291	3317	3316	
8	2875	2876	2902	2901	3291	3292	3318	3317	
8	2876	2877	2903	2902	3292	3293	3319	3318	
8	2877	2878	2904	2903	3293	3294	3320	3319	
8	2878	2879	2905	2904	3294	3295	3321	3320	
8	2879	2880	2906	2905	3295	3296	3322	3321	
8	2880	2881	2907	2906	3296	3297	3323	3322	
8	2881	2882	2908	2907	3297	3298	3324	3323	
8	2882	2883	2909	2908	3298	3299	3325	3324	
8	2883	2884	2910	2909	3299	3300	3326	3325	
8	2884	2885	2911	2910	3300	3301	3327	3326	
8	2912	2913	2939	2938	3328	3329	3355	3354	
8	2913	2914	2940	2939	3329	3330	3356	3355	
8	2914	2915	2941	2940	3330	3331	3357	3356	
8	2915	2916	2942	2941	3331	3332	3358	3357	
8	2916	2917	2943	2942	3332	3333	3359	3358	
8	2917	2918	2944	2943	3333	3334	3360	3359	
8	2918	2919	2945	2944	3334	3335	3361	3360	
8	2919	2920	2946	2945	3335	3336	3362	3361	
8	2920	2921	2947	2946	3336	3337	3363	3362	
8	2921	2922	2948	2947	3337	3338	3364	3363	
8	2922	2923	2949	2948	3338	3339	3365	3364	
8	2923	2924	2950	2949	3339	3340	3366	3365	
8	2924	2925	2951	2950	3340	3341	3367	3366	
8	2925	2926	2952	2951	3341	3342	3368	3367	
8	2926	2927	2953	2952	3342	3343	3369	3368	
8	2927	2928	2954	2953	3343	3344	3370	3369	
8	2928	2929	2955	2954	3344	3345	3371	3370	
8	2929	2930	2956	2955	3345	3346	3372	3371	
8	2930	2931	2957	2956	3346	3347	3373	3372	
8	2931	2932	2958	2957	3347	3348	3374	3373	
8	2932	2933	2959	2958	3348	3349	3375	3374	
8	2933	2934	2960	2959	3349	3350	3376	3375	
8	2934	2935	2961	2960	3350	3351	3377	3376	
8	2935	2936	2962	2961	3351	3352	3378	3377	
8	2936	2937	2963	2962	3352	3353	3379	3378	
8	2938	2939	2965	2964	3354	3355	3381	3380	
8	2939	2940	2966	2965	3355	3356	3382	3381	
8	2940	2941	2967	2966	3356	3357	3383	3382	
8	2941	2942	2968	2967	3357	3358	3384	3383	
8	2942	2943	2969	2968	3358	3359	3385	3384	
8	2943	2944	2970	2969	3359	3360	3386	3385	
8	2944	2945	2971	2970	3360	3361	3387	3386	
8	2945	2946	2972	2971	3361	3362	3388	3387	
8	2946	2947	2973	2972	3362	3363	3389	3388	
8	2947	2948	2974	2973	3363	3364	3390	3389	
8	2948	2949	2975	2974	3364	3365	3391	3390	
8	2949	2950	2976	2975	3365	3366	3392	3391	
8	2950	2951	2977	2976	3366	3367	3393	3392	
8	2951	2952	2978	2977	3367	3368	3394	3393	
8	2952	2953	2979	2978	3368	3369	3395	3394	
8	2953	2954	2980	2979	3369	3370	3396	3395	
8	2954	2955	2981	2980	3370	3371	3397	3396	
8	2955	2956	2982	2981	3371	3372	3398	3397	
8	2956	2957	2983	2982	3372	3373	3399	3398	
8	2957	2958	2984	2983	3373	3374	3400	3399	
8	2958	2959	2985	2984	3374	3375	3401	3400	
8	2959	2960	2986	2985	3375	3376	3402	3401	
8	2960	2961	2987	2986	3376	3377	3403	3402	
8	2961	2962	2988	2987	3377	3378	3404	3403	
8	2962	2963	2989	2988	3378	3379	3405	3404	
8	2964	2965	2991	2990	3380	3381	3407	3406	
8	2965	2966	2992	2991	3381	3382	3408	3407	
8	2966	2967	2993	2992	3382	3383	3409	3408	
8	2967	2968	2994	2993	3383	3384	3410	3409	
8	2968	2969	2995	2994	3384	3385	3411	3410	
8	2969	2970	2996	2995	3385	3386	3412	3411	
8	2970	2971	2997	2996	3386	3387	3413	3412	
8	2971	2972	2998	2997	3387	3388	3414	3413	
8	2972	2973	2999	2998	3388	3389	3415	3414	
8	2973	2974	3000	2999	3389	3390	3416	3415	
8	2974	2975	3001	3000	3390	3391	3417	3416	
8	2975	2976	3002	3001	3391	3392	3418	3417	
8	2976	2977	3003	3002	3392	3393	3419	3418	
8	2977	2978	3004	3003	3393	3394	3420	3419	
8	2978	2979	3005	3004	3394	3395	3421	3420	
8	2979	2980	3006	3005	3395	3396	3422	3421	
8	2980	2981	3007	3006	3396	3397	3423	3422	
8	2981	2982	3008	3007	3397	3398	3424	3423	
8	2982	2983	3009	3008	3398	3399	3425	3424	
8	2983	2984	3010	3009	3399	3400	3426	3425	
8	2984	2985	3011	3010	3400	3401	3427	3426	
8	2985	2986	3012	3011	3401	3402	3428	3427	
8	2986	2987	3013	3012	3402	3403	3429	3428	
8	2987	2988	3014	3013	3403	3404	3430	3429	
8	2988	2989	3015	3014	3404	3405	3431	3430	
8	2990	2991	3017	3016	3406	3407	3433	3432	
8	2991	2992	3018	3017	3407	3408	3434	3433	
8	2992	2993	3019	3018	3408	3409	3435	3434	
8	2993	2994	3020	3019	3409	3410	3436	3435	
8	2994	2995	3021	3020	3410	3411	3437	3436	
8	2995	2996	3022	3021	3411	3412	3438	3437	
8	2996	2997	3023	3022	3412	3413	3439	3438	
8	2997	2998	3024	3023	3413	3414	3440	3439	
8	2998	2999	3025	3024	3414	3415	3441	3440	
8	2999	3000	3026	3025	3415	3416	3442	3441	
8	3000	3001	3027	3026	3416	3417	3443	3442	
8	3001	3002	3028	3027	3417	3418	3444	3443	
8	3002	3003	3029	3028	3418	3419	3445	3444	
8	3003	3004	3030	3029	3419	3420	3446	3445	
8	3004	3005	3031	3030	3420	3421	3447	3446	
8	3005	3006	3032	3031	3421	3422	3448	3447	
8	3006	3007	3033	3032	3422	3423	3449	3448	
8	3007	3008	3034	3033	3423	3424	3450	3449	
8	3008	3009	3035	3034	3424	3425	3451	3450	
8	3009	3010	3036	3035	3425	3426	3452	3451	
8	3010	3011	3037	3036	3426	3427	3453	3452	
8	3011	3012	3038	3037	3427	3428	3454	3453	
8	3012	3013	3039	3038	3428	3429	3455	3454	
8	3013	3014	3040	3039	3429	3430	3456	3455	
8	3014	3015	3041	3040	3430	3431	3457	3456	
8	3016	3017	3043	3042	3432	3433	3459	3458	
8	3017	3018	3044	3043	3433	3434	3460	3459	
8	3018	3019	3045	3044	3434	3435	3461	3460	
8	3019	3020	3046	3045	3435	3436	3462	3461	
8	3020	3021	3047	3046	3436	3437	3463	3462	
8	3021	3022	3048	3047	3437	3438	3464	3463	
8	3022	3023	3049	3048	3438	3439	3465	3464	
8	3023	3024	3050	3049	3439	3440	3466	3465	
8	3024	3025	3051	3050	3440	3441	3467	3466	
8	3025	3026	3052	3051	3441	3442	3468	3467	
8	3026	3027	3053	3052	3442	3443	3469	3468	
8	3027	3028	3054	3053	3443	3444	3470	3469	
8	3028	3029	3055	3054	3444	3445	3471	3470	
8	3029	3030	3056	3055	3445	3446	3472	3471	
8	3030	3031	3057	3056	3446	3447	3473	3472	
8	3031	3032	3058	3057	3447	3448	3474	3473	
8	3032	3033	3059	3058	3448	3449	3475	3474	
8	3033	3034	3060	3059	3449	3450	3476	3475	
8	3034	3035	3061	3060	3450	3451	3477	3476	
8	3035	3036	3062	3061	3451	3452	3478	3477	
8	3036	3037	3063	3062	3452	3453	3479	3478	
8	3037	3038	3064	3063	3453	3454	3480	3479	
8	3038	3039	3065	3064	3454	3455	3481	3480	
8	3039	3040	3066	3065	3455	3456	3482	3481	
8	3040	3041	3067	3066	3456	3457	3483	3482	
8	3042	3043	3069	3068	3458	3459	3485	3484	
8	3043	3044	3070	3069	3459	3460	3486	3485	
8	3044	3045	3071	3070	3460	3461	3487	3486	
8	3045	3046	3072	3071	3461	3462	3488	3487	
8	3046	3047	3073	3072	3462	3463	3489	3488	
8	3047	3048	3074	3073	3463	3464	3490	3489	
8	3048	3049	3075	3074	3464	3465	3491	3490	
8	3049	3050	3076	3075	3465	3466	3492	3491	
8	3050	3051	3077	3076	3466	3467	3493	3492	
8	3051	3052	3078	3077	3467	3468	3494	3493	
8	3052	3053	3079	3078	3468	3469	3495	3494	
8	3053	3054	3080	3079	3469	3470	3496	3495	
8	3054	3055	3081	3080	3470	3471	3497	3496	
8	3055	3056	3082	3081	3471	3472	3498	3497	
8	3056	3057	3083	3082	3472	3473	3499	3498	
8	3057	3058	3084	3083	3473	3474	3500	3499	
8	3058	3059	3085	3084	3474	3475	3501	3500	
8	3059	3060	3086	3085	3475	3476	3502	3501	
8	3060	3061	3087	3086	3476	3477	3503	3502	
8	3061	3062	3088	3087	3477	3478	3504	3503	
8	3062	3063	3089	3088	3478	3479	3505	3504	
8	3063	3064	3090	3089	3479	3480	3506	3505	
8	3064	3065	3091	3090	3480	3481	3507	3506	
8	3065	3066	3092	3091	3481	3482	3508	3507	
8	3066	3067	3093	3092	3482	3483	3509	3508	
8	3068	3069	3095	3094	3484	3485	3511	3510	
8	3069	3070	3096	3095	3485	3486	3512	3511	
8	3070	3071	3097	3096	3486	3487	3513	3512	
8	3071	3072	3098	3097	3487	3488	3514	3513	
8	3072	3073	3099	3098	3488	3489	3515	3514	
8	3073	3074	3100	3099	3489	3490	3516	3515	
8	3074	3075	3101	3100	3490	3491	3517	3516	
8	3075	3076	3102	3101	3491	3492	3518	3517	
8	3076	3077	3103	3102	3492	3493	3519	3518	
8	3077	3078	3104	3103	3493	3494	3520	3519	
8	3078	3079	3105	3104	3494	3495	3521	3520	
8	3079	3080	3106	3105	3495	3496	3522	3521	
8	3080	3081	3107	3106	3496	3497	3523	3522	
8	3081	3082	3108	3107	3497	3498	3524	3523	
8	3082	3083	3109	3108	3498	3499	3525	3524	
8	3083	3084	3110	3109	3499	3500	3526	3525	
8	3084	3085	3111	3110	3500	3501	3527	3526	
8	3085	3086	3112	3111	3501	3502	3528	3527	
8	3086	3087	3113	3112	3502	3503	3529	3528	
8	3087	3088	3114	3113	3503	3504	3530	3529	
8	3088	3089	3115	3114	3504	3505	3531	3530	
8	3089	3090	3116	3115	3505	3506	3532	3531	
8	3090	3091	3117	3116	3506	3507	3533	3532	
8	3091	3092	3118	3117	3507	3508	3534	3533	
8	3092	3093	3119	3118	3508	3509	3535	3534	
8	3094	3095	3121	3120	3510	3511	3537	3536	
8	3095	3096	3122	3121	3511	3512	3538	3537	
8	3096	3097	3123	3122	3512	3513	3539	3538	
8	3097	3098	3124	3123	3513	3514	3540	3539	
8	3098	3099	3125	3124	3514	3515	3541	3540	
8	3099	3100	3126	3125	3515	3516	3542	3541	
8	3100	3101	3127	3126	3516	3517	3543	3542	
8	3101	3102	3128	3127	3517	3518	3544	3543	
8	3102	3103	3129	3128	3518	3519	3545	3544	
8	3103	3104	3130	3129	3519	3520	3546	3545	
8	3104	3105	3131	3130	3520	3521	3547	3546	
8	3105	3106	3132	3131	3521	3522	3548	3547	
8	3106	3107	3133	3132	3522	3523	3549	3548	
8	3107	3108	3134	3133	3523	3524	3550	3549	
8	3108	3109	3135	3134	3524	3525	3551	3550	
8	3109	3110	3136	3135	3525	3526	3552	3551	
8	3110	3111	3137	3136	3526	3527	3553	3552	
8	3111	3112	3138	3137	3527	3528	3554	3553	
8	3112	3113	3139	3138	3528	3529	3555	3554	
8	3113	3114	3140	3139	3529	3530	3556	3555	
8	3114	3115	3141	3140	3530	3531	3557	3556	
8	3115	3116	3142	3141	3531	3532	3558	3557	
8	3116	3117	3143	3142	3532	3533	3559	3558	
8	3117	3118	3144	3143	3533	3534	3560	3559	
8	3118	3119	3145	3144	3534	3535	3561	3560	
8	3120	3121	3147	3146	3536	3537	3563	3562	
8	3121	3122	3148	3147	3537	3538	3564	3563	
8	3122	3123	3149	3148	3538	3539	3565	3564	
8	3123	3124	3150	3149	3539	3540	3566	3565	
8	3124	3125	3151	3150	3540	3541	3567	3566	
8	3125	3126	3152	3151	3541	3542	3568	3567	
8	3126	3127	3153	3152	3542	3543	3569	3568	
8	3127	3128	3154	3153	3543	3544	3570	3569	
8	3128	3129	3155	3154	3544	3545	3571	3570	
8	3129	3130	3156	3155	3545	3546	3572	3571	
8	3130	3131	3157	3156	3546	3547	3573	3572	
8	3131	3132	3158	3157	3547	3548	3574	3573	
8	3132	3133	3159	3158	3548	3549	3575	3574	
8	3133	3134	3160	3159	3549	3550	3576	3575	
8	3134	3135	3161	3160	3550	3551	3577	3576	
8	3135	3136	3162	3161	3551	3552	3578	3577	
8	3136	3137	3163	3162	3552	3553	3579	3578	
8	3137	3138	3164	3163	3553	3554	3580	3579	
8	3138	3139	3165	3164	3554	3555	3581	3580	
8	3139	3140	3166	3165	3555	3556	3582	3581	
8	3140	3141	3167	3166	3556	3557	3583	3582	
8	3141	3142	3168	3167	3557	3558	3584	3583	
8	3142	3143	3169	3168	3558	3559	3585	3584	
8	3143	3144	3170	3169	3559	3560	3586	3585	
8	3144	3145	3171	3170	3560	3561	3587	3586	
8	3146	3147	3173	3172	3562	3563	3589	3588	
8	3147	3148	3174	3173	3563	3564	3590	3589	
8	3148	3149	3175	3174	3564	3565	3591	3590	
8	3149	3150	3176	3175	3565	3566	3592	3591	
8	3150	3151	3177	3176	3566	3567	3593	3592	
8	3151	3152	3178	3177	3567	3568	3594	3593	
8	3152	3153	3179	3178	3568	3569	3595	3594	
8	3153	3154	3180	3179	3569	3570	3596	3595	
8	3154	3155	3181	3180	3570	3571	3597	3596	
8	3155	3156	3182	3181	3571	3572	3598	3597	
8	3156	3157	3183	3182	3572	3573	3599	3598	
8	3157	3158	3184	3183	3573	3574	3600	3599	
8	3158	3159	3185	3184	3574	3575	3601	3600	
8	3159	3160	3186	3185	3575	3576	3602	3601	
8	3160	3161	3187	3186	3576	3577	3603	3602	
8	3161	3162	3188	3187	3577	3578	3604	3603	
8	3162	3163	3189	3188	3578	3579	3605	3604	
8	3163	3164	3190	3189	3579	3580	3606	3605	
8	3164	3165	3191	3190	3580	3581	3607	3606	
8	3165	3166	3192	3191	3581	3582	3608	3607	
8	3166	3167	3193	3192	3582	3583	3609	3608	
8	3167	3168	3194	3193	3583	3584	3610	3609	
8	3168	3169	3195	3194	3584	3585	3611	3610	
8	3169	3170	3196	3195	3585	3586	3612	3611	
8	3170	3171	3197	3196	3586	3587	3613	3612	
8	3172	3173	3199	3198	3588	3589	3615	3614	
8	3173	3174	3200	3199	3589	3590	3616	3615	
8	3174	3175	3201	3200	3590	3591	3617	3616	
8	3175	3176	3202	3201	3591	3592	3618	3617	
8	3176	3177	3203	3202	3592	3593	3619	3618	
8	3177	3178	3204	3203	3593	3594	3620	3619	
8	3178	3179	3205	3204	3594	3595	3621	3620	
8	3179	3180	3206	3205	3595	3596	3622	3621	
8	3180	3181	3207	3206	3596	3597	3623	3622	
8	3181	3182	3208	3207	3597	3598	3624	3623	
8	3182	3183	3209	3208	3598	3599	3625	3624	
8	3183	3184	3210	3209	3599	3600	3626	3625	
8	3184	3185	3211	3210	3600	3601	3627	3626	
8	3185	3186	3212	3211	3601	3602	3628	3627	
8	3186	3187	3213	3212	3602	3603	3629	3628	
8	3187	3188	3214	3213	3603	3604	3630	3629	
8	3188	3189	3215	3214	3604	3605	3631	3630	
8	3189	3190	3216	3215	3605	3606	3632	3631	
8	3190	3191	3217	3216	3606	3607	3633	3632	
8	3191	3192	3218	3217	3607	3608	3634	3633	
8	3192	3193	3219	3218	3608	3609	3635	3634	
8	3193	3194	3220	3219	3609	3610	3636	3635	
8	3194	3195	3221	3220	3610	3611	3637	3636	
8	3195	3196	3222	3221	3611	3612	3638	3637	
8	3196	3197	3223	3222	3612	3613	3639	3638	
8	3198	3199	3225	3224	3614	3615	3641	3640	
8	3199	3200	3226	3225	3615	3616	3642	3641	
8	3200	3201	3227	3226	3616	3617	3643	3642	
8	3201	3202	3228	3227	3617	3618	3644	3643	
8	3202	3203	3229	3228	3618	3619	3645	3644	
8	3203	3204	3230	3229	3619	3620	3646	3645	
8	3204	3205	3231	3230	3620	3621	3647	3646	
8	3205	3206	3232	3231	3621	3622	3648	3647	
8	3206	3207	3233	3232	3622	3623	3649	3648	
8	3207	3208	3234	3233	3623	3624	3650	3649	
8	3208	3209	3235	3234	3624	3625	3651	3650	
8	3209	3210	3236	3235	3625	3626	3652	3651	
8	3210	3211	3237	3236	3626	3627	3653	3652	
8	3211	3212	3238	3237	3627	3628	3654	3653	
8	3212	3213	3239	3238	3628	3629	3655	3654	
8	3213	3214	3240	3239	3629	3630	3656	3655	
8	3214	3215	3241	3240	3630	3631	3657	3656	
8	3215	3216	3242	3241	3631	3632	3658	3657	
8	3216	3217	3243	3242	3632	3633	3659	3658	
8	3217	3218	3244	3243	3633	3634	3660	3659	
8	3218	3219	3245	3244	3634	3635	3661	3660	
8	3219	3220	3246	3245	3635	3636	3662	3661	
8	3220	3221	3247	3246	3636	3637	3663	3662	
8	3221	3222	3248	3247	3637	3638	3664	3663	
8	3222	3223	3249	3248	3638	3639	3665	3664	
8	3224	3225	3251	3250	3640	3641	3667	3666	
8	3225	3226	3252	3251	3641	3642	3668	3667	
8	3226	3227	3253	3252	3642	3643	3669	3668	
8	3227	3228	3254	3253	3643	3644	3670	3669	
8	3228	3229	3255	3254	3644	3645	3671	3670	
8	3229	3230	3256	3255	3645	3646	3672	3671	
8	3230	3231	3257	3256	3646	3647	3673	3672	
8	3231	3232	3258	3257	3647	3648	3674	3673	
8	3232	3233	3259	3258	3648	3649	3675	3674	
8	3233	3234	3260	3259	3649	3650	3676	3675	
8	3234	3235	3261	3260	3650	3651	3677	3676	
8	3235	3236	3262	3261	3651	3652	3678	3677	
8	3236	3237	3263	3262	3652	3653	3679	3678	
8	3237	3238	3264	3263	3653	3654	3680	3679	
8	3238	3239	3265	3264	3654	3655	3681	3680	
8	3239	3240	3266	3265	3655	3656	3682	3681	
8	3240	3241	3267	3266	3656	3657	3683	3682	
8	3241	3242	3268	3267	3657	3658	3684	3683	
8	3242	3243	3269	3268	3658	3659	3685	3684	
8	3243	3244	3270	3269	3659	3660	3686	3685	
8	3244	3245	3271	3270	3660	3661	3687	3686	
8	3245	3246	3272	3271	3661	3662	3688	3687	
8	3246	3247	3273	3272	3662	3663	3689	3688	
8	3247	3248	3274	3273	3663	3664	3690	3689	
8	3248	3249	3275	3274	3664	3665	3691	3690	
8	3250	3251	3277	3276	3666	3667	3693	3692	
8	3251	3252	3278	3277	3667	3668	3694	3693	
8	3252	3253	3279	3278	3668	3669	3695	3694	
8	3253	3254	3280	3279	3669	3670	3696	3695	
8	3254	3255	3281	3280	3670	3671	3697	3696	
8	3255	3256	3282	3281	3671	3672	3698	3697	
8	3256	3257	3283	3282	3672	3673	3699	3698	
8	3257	3258	3284	3283	3673	3674	3700	3699	
8	3258	3259	3285	3284	3674	3675	3701	3700	
8	3259	3260	3286	3285	3675	3676	3702	3701	
8	3260	3261	3287	3286	3676	3677	3703	3702	
8	3261	3262	3288	3287	3677	3678	3704	3703	
8	3262	3263	3289	3288	3678	3679	3705	3704	
8	3263	3264	3290	3289	3679	3680	3706	3705	
8	3264	3265	3291	3290	3680	3681	3707	3706	
8	3265	3266	3292	3291	3681	3682	3708	3707	
8	3266	3267	3293	3292	3682	3683	3709	3708	
8	3267	3268	3294	3293	3683	3684	3710	3709	
8	3268	3269	3295	3294	3684	3685	3711	3710	
8	3269	3270	3296	3295	3685	3686	3712	3711	
8	3270	3271	3297	3296	3686	3687	3713	3712	
8	3271	3272	3298	3297	3687	3688	3714	3713	
8	3272	3273	3299	3298	3688	3689	3715	3714	
8	3273	3274	3300	3299	3689	3690	3716	3715	
8	3274	3275	3301	3300	3690	3691	3717	3716	
8	3276	3277	3303	3302	3692	3693	3719	3718	
8	3277	3278	3304	3303	3693	3694	3720	3719	
8	3278	3279	3305	3304	3694	3695	3721	3720	
8	3279	3280	3306	3305	3695	3696	3722	3721	
8	3280	3281	3307	3306	3696	3697	3723	3722	
8	3281	3282	3308	3307	3697	3698	3724	3723	
8	3282	3283	3309	3308	3698	3699	3725	3724	
8	3283	3284	3310	3309	3699	3700	3726	3725	
8	3284	3285	3311	3310	3700	3701	3727	3726	
8	3285	3286	3312	3311	3701	3702	3728	3727	
8	3286	3287	3313	3312	3702	3703	3729	3728	
8	3287	3288	3314	3313	3703	3704	3730	3729	
8	3288	3289	3315	3314	3704	3705	3731	3730	
8	3289	3290	3316	3315	3705	3706	3732	3731	
8	3290	3291	3317	3316	3706	3707	3733	3732	
8	3291	3292	3318	3317	3707	3708	3734	3733	
8	3292	3293	3319	3318	3708	3709	3735	3734	
8	3293	3294	3320	3319	3709	3710	3736	3735	
8	3294	3295	3321	3320	3710	3711	3737	3736	
8	3295	3296	3322	3321	3711	3712	3738	3737	
8	3296	3297	3323	3322	3712	3713	3739	3738	
8	3297	3298	3324	3323	3713	3714	3740	3739	
8	3298	3299	3325	3324	3714	3715	3741	3740	
8	3299	3300	3326	3325	3715	3716	3742	3741	
8	3300	3301	3327	3326	3716	3717	3743	3742	
8	3328	3329	3355	3354	3744	3745	3771	3770	
8	3329	3330	3356	3355	3745	3746	3772	3771	
8	3330	3331	3357	3356	3746	3747	3773	3772	
8	3331	3332	3358	3357	3747	3748	3774	3773	
8	3332	3333	3359	3358	3748	3749	3775	3774	
8	3333	3334	3360	3359	3749	3750	3776	3775	
8	3334	3335	3361	3360	3750	3751	3777	3776	
8	3335	3336	3362	3361	3751	3752	3778	3777	
8	3336	3337	3363	3362	3752	3753	3779	3778	
8	3337	3338	3364	3363	3753	3754	3780	3779	
8	3338	3339	3365	3364	3754	3755	3781	3780	
8	3339	3340	3366	3365	3755	3756	3782	3781	
8	3340	3341	3367	3366	3756	3757	3783	3782	
8	3341	3342	3368	3367	3757	3758	3784	3783	
8	3342	3343	3369	3368	3758	3759	3785	3784	
8	3343	3344	3370	3369	3759	3760	3786	3785	
8	3344	3345	3371	3370	3760	3761	3787	3786	
8	3345	3346	3372	3371	3761	3762	3788	3787	
8	3346	3347	3373	3372	3762	3763	3789	3788	
8	3347	3348	3374	3373	3763	3764	3790	3789	
8	3348	3349	3375	3374	3764	3765	3791	3790	
8	3349	3350	3376	3375	3765	3766	3792	3791	
8	3350	3351	3377	3376	3766	3767	3793	3792	
8	3351	3352	3378	3377	3767	3768	3794	3793	
8	3352	3353	3379	3378	3768	3769	3795	3794	
8	3354	3355	3381	3380	3770	3771	3797	3796	
8	3355	3356	3382	3381	3771	3772	3798	3797	
8	3356	3357	3383	3382	3772	3773	3799	3798	
8	3357	3358	3384	3383	3773	3774	3800	3799	
8	3358	3359	3385	3384	3774	3775	3801	3800	
8	3359	3360	3386	3385	3775	3776	3802	3801	
8	3360	3361	3387	3386	3776	3777	3803	3802	
8	3361	3362	3388	3387	3777	3778	3804	3803	
8	3362	3363	3389	3388	3778	3779	3805	3804	
8	3363	3364	3390	3389	3779	3780	3806	3805	
8	3364	3365	3391	3390	3780	3781	3807	3806	
8	3365	3366	3392	3391	3781	3782	3808	3807	
8	3366	3367	3393	3392	3782	3783	3809	3808	
8	3367	3368	3394	3393	3783	3784	3810	3809	
8	3368	3369	3395	3394	3784	3785	3811	3810	
8	3369	3370	3396	3395	3785	3786	3812	3811	
8	3370	3371	3397	3396	3786	3787	3813	3812	
8	3371	3372	3398	3397	3787	3788	3814	3813	
8	3372	3373	3399	3398	3788	3789	3815	3814	
8	3373	3374	3400	3399	3789	3790	3816	3815	
8	3374	3375	3401	3400	3790	3791	3817	3816	
8	3375	3376	3402	3401	3791	3792	3818	3817	
8	3376	3377	3403	3402	3792	3793	3819	3818	
8	3377	3378	3404	3403	3793	3794	3820	3819	
8	3378	3379	3405	3404	3794	3795	3821	3820	
8	3380	3381	3407	3406	3796	3797	3823	3822	
8	3381	3382	3408	3407	3797	3798	3824	3823	
8	3382	3383	3409	3408	3798	3799	3825	3824	
8	3383	3384	3410	3409	3799	3800	3826	3825	
8	3384	3385	3411	3410	3800	3801	3827	3826	
8	3385	3386	3412	3411	3801	3802	3828	3827	
8	3386	3387	3413	3412	3802	3803	3829	3828	
8	3387	3388	3414	3413	3803	3804	3830	3829	
8	3388	3389	3415	3414	3804	3805	3831	3830	
8	3389	3390	3416	3415	3805	3806	3832	3831	
8	3390	3391	3417	3416	3806	3807	3833	3832	
8	3391	3392	3418	3417	3807	3808	3834	3833	
8	3392	3393	3419	3418	3808	3809	3835	3834	
8	3393	3394	3420	3419	3809	3810	3836	3835	
8	3394	3395	3421	3420	3810	3811	3837	3836	
8	3395	3396	3422	3421	3811	3812	3838	3837	
8	3396	3397	3423	3422	3812	3813	3839	3838	
8	3397	3398	3424	3423	3813	3814	3840	3839	
8	3398	3399	3425	3424	3814	3815	3841	3840	
8	3399	3400	3426	3425	3815	3816	3842	3841	
8	3400	3401	3427	3426	3816	3817	3843	3842	
8	3401	3402	3428	3427	3817	3818	3844	3843	
8	3402	3403	3429	3428	3818	3819	3845	3844	
8	3403	3404	3430	3429	3819	3820	3846	3845	
8	3404	3405	3431	3430	3820	3821	3847	3846	
8	3406	3407	3433	3432	3822	3823	3849	3848	
8	3407	3408	3434	3433	3823	3824	3850	3849	
8	3408	3409	3435	3434	3824	3825	3851	3850	
8	3409	3410	3436	3435	3825	3826	3852	3851	
8	3410	3411	3437	3436	3826	3827	3853	3852	
8	3411	3412	3438	3437	3827	3828	3854	3853	
8	3412	3413	3439	3438	3828	3829	3855	3854	
8	3413	3414	3440	3439	3829	3830	3856	3855	
8	3414	3415	3441	3440	3830	3831	3857	3856	
8	3415	3416	3442	3441	3831	3832	3858	3857	
8	3416	3417	3443	3442	3832	3833	3859	3858	
8	3417	3418	3444	3443	3833	3834	3860	3859	
8	3418	3419	3445	3444	3834	3835	3861	3860	
8	3419	3420	3446	3445	3835	3836	3862	3861	
8	3420	3421	3447	3446	3836	3837	3863	3862	
8	3421	3422	3448	3447	3837	3838	3864	3863	
8	3422	3423	3449	3448	3838	3839	3865	3864	
8	3423	3424	3450	3449	3839	3840	3866	3865	
8	3424	3425	3451	3450	3840	3841	3867	3866	
8	3425	3426	3452	3451	3841	3842	3868	3867	
8	3426	3427	3453	3452	3842	3843	3869	3868	
8	3427	3428	3454	3453	3843	3844	3870	3869	
8	3428	3429	3455	3454	3844	3845	3871	3870	
8	3429	3430	3456	3455	3845	3846	3872	3871	
8	3430	3431	3457	3456	3846	3847	3873	3872	
8	3432	3433	3459	3458	3848	3849	3875	3874	
8	3433	3434	3460	3459	3849	3850	3876	3875	
8	3434	3435	3461	3460	3850	3851	3877	3876	
8	3435	3436	3462	3461	3851	3852	3878	3877	
8	3436	3437	3463	3462	3852	3853	3879	3878	
8	3437	3438	3464	3463	3853	3854	3880	3879	
8	3438	3439	3465	3464	3854	3855	3881	3880	
8	3439	3440	3466	3465	3855	3856	3882	3881	
8	3440	3441	3467	3466	3856	3857	3883	3882	
8	3441	3442	3468	3467	3857	3858	3884	3883	
8	3442	3443	3469	3468	3858	3859	3885	3884	
8	3443	3444	3470	3469	3859	3860	3886	3885	
8	3444	3445	3471	3470	3860	3861	3887	3886	
8	3445	3446	3472	3471	3861	3862	3888	3887	
8	3446	3447	3473	3472	3862	3863	3889	3888	
8	3447	3448	3474	3473	3863	3864	3890	3889	
8	3448	3449	3475	3474	3864	3865	3891	3890	
8	3449	3450	3476	3475	3865	3866	3892	3891	
8	3450	3451	3477	3476	3866	3867	3893	3892	
8	3451	3452	3478	3477	3867	3868	3894	3893	
8	3452	3453	3479	3478	3868	3869	3895	3894	
8	3453	3454	3480	3479	3869	3870	3896	3895	
8	3454	3455	3481	3480	3870	3871	3897	3896	
8	3455	3456	3482	3481	3871	3872	3898	3897	
8	3456	3457	3483	3482	3872	3873	3899	3898	
8	3458	3459	3485	3484	3874	3875	3901	3900	
8	3459	3460	3486	3485	3875	3876	3902	3901	
8	3460	3461	3487	3486	3876	3877	3903	3902	
8	3461	3462	3488	3487	3877	3878	3904	3903	
8	3462	3463	3489	3488	3878	3879	3905	3904	
8	3463	3464	3490	3489	3879	3880	3906	3905	
8	3464	3465	3491	3490	3880	3881	3907	3906	
8	3465	3466	3492	3491	3881	3882	3908	3907	
8	3466	3467	3493	3492	3882	3883	3909	3908	
8	3467	3468	3494	3493	3883	3884	3910	3909	
8	3468	3469	3495	3494	3884	3885	3911	3910	
8	3469	3470	3496	3495	3885	3886	3912	3911	
8	3470	3471	3497	3496	3886	3887	3913	3912	
8	3471	3472	3498	3497	3887	3888	3914	3913	
8	3472	3473	3499	3498	3888	3889	3915	3914	
8	3473	3474	3500	3499	3889	3890	3916	3915	
8	3474	3475	3501	3500	3890	3891	3917	3916	
8	3475	3476	3502	3501	3891	3892	3918	3917	
8	3476	3477	3503	3502	3892	3893	3919	3918	
8	3477	3478	3504	3503	3893	3894	3920	3919	
8	3478	3479	3505	3504	3894	3895	3921	3920	
8	3479	3480	3506	3505	3895	3896	3922	3921	
8	3480	3481	3507	3506	3896	3897	3923	3922	
8	3481	3482	3508	3507	3897	3898	3924	3923	
8	3482	3483	3509	3508	3898	3899	3925	3924	
8	3484	3485	3511	3510	3900	3901	3927	3926	
8	3485	3486	3512	3511	3901	3902	3928	3927	
8	3486	3487	3513	3512	3902	3903	3929	3928	
8	3487	3488	3514	3513	3903	3904	3930	3929	
8	3488	3489	3515	3514	3904	3905	3931	3930	
8	3489	3490	3516	3515	3905	3906	3932	3931	
8	3490	3491	3517	3516	3906	3907	3933	3932	
8	3491	3492	3518	3517	3907	3908	3934	3933	
8	3492	3493	3519	3518	3908	3909	3935	3934	
8	3493	3494	3520	3519	3909	3910	3936	3935	
8	3494	3495	3521	3520	3910	3911	3937	3936	
8	3495	3496	3522	3521	3911	3912	3938	3937	
8	3496	3497	3523	3522	3912	3913	3939	3938	
8	3497	3498	3524	3523	3913	3914	3940	3939	
8	3498	3499	3525	3524	3914	3915	3941	3940	
8	3499	3500	3526	3525	3915	3916	3942	3941	
8	3500	3501	3527	3526	3916	3917	3943	3942	
8	3501	3502	3528	3527	3917	3918	3944	3943	
8	3502	3503	3529	3528	3918	3919	3945	3944	
8	3503	3504	3530	3529	3919	3920	3946	3945	
8	3504	3505	3531	3530	3920	3921	3947	3946	
8	3505	3506	3532	3531	3921	3922	3948	3947	
8	3506	3507	3533	3532	3922	3923	3949	3948	
8	3507	3508	3534	3533	3923	3924	3950	3949	
8	3508	3509	3535	3534	3924	3925	3951	3950	
8	3510	3511	3537	3536	3926	3927	3953	3952	
8	3511	3512	3538	3537	3927	3928	3954	3953	
8	3512	3513	3539	3538	3928	3929	3955	3954	
8	3513	3514	3540	3539	3929	3930	3956	3955	
8	3514	3515	3541	3540	3930	3931	3957	3956	
8	3515	3516	3542	3541	3931	3932	3958	3957	
8	3516	3517	3543	3542	3932	3933	3959	3958	
8	3517	3518	3544	3543	3933	3934	3960	3959	
8	3518	3519	3545	3544	3934	3935	3961	3960	
8	3519	3520	3546	3545	3935	3936	3962	3961	
8	3520	3521	3547	3546	3936	3937	3963	3962	
8	3521	3522	3548	3547	3937	3938	3964	3963	
8	3522	3523	3549	3548	3938	3939	3965	3964	
8	3523	3524	3550	3549	3939	3940	3966	3965	
8	3524	3525	3551	3550	3940	3941	3967	3966	
8	3525	3526	3552	3551	3941	3942	3968	3967	
8	3526	3527	3553	3552	3942	3943	3969	3968	
8	3527	3528	3554	3553	3943	3944	3970	3969	
8	3528	3529	3555	3554	3944	3945	3971	3970	
8	3529	3530	3556	3555	3945	3946	3972	3971	
8	3530	3531	3557	3556	3946	3947	3973	3972	
8	3531	3532	3558	3557	3947	3948	3974	3973	
8	3532	3533	3559	3558	3948	3949	3975	3974	
8	3533	3534	3560	3559	3949	3950	3976	3975	
8	3534	3535	3561	3560	3950	3951	3977	3976	
8	3536	3537	3563	3562	3952	3953	3979	3978	
8	3537	3538	3564	3563	3953	3954	3980	3979	
8	3538	3539	3565	3564	3954	3955	3981	3980	
8	3539	3540	3566	3565	3955	3956	3982	3981	
8	3540	3541	3567	3566	3956	3957	3983	3982	
8	3541	3542	3568	3567	3957	3958	3984	3983	
8	3542	3543	3569	3568	3958	3959	3985	3984	
8	3543	3544	3570	3569	3959	3960	3986	3985	
8	3544	3545	3571	3570	3960	3961	3987	3986	
8	3545	3546	3572	3571	3961	3962	3988	3987	
8	3546	3547	3573	3572	3962	3963	3989	3988	
8	3547	3548	3574	3573	3963	3964	3990	3989	
8	3548	3549	3575	3574	3964	3965	3991	3990	
8	3549	3550	3576	3575	3965	3966	3992	3991	
8	3550	3551	3577	3576	3966	3967	3993	3992	
8	3551	3552	3578	3577	3967	3968	3994	3993	
8	3552	3553	3579	3578	3968	3969	3995	3994	
8	3553	3554	3580	3579	3969	3970	3996	3995	
8	3554	3555	3581	3580	3970	3971	3997	3996	
8	3555	3556	3582	3581	3971	3972	3998	3997	
8	3556	3557	3583	3582	3972	3973	3999	3998	
8	3557	3558	3584	3583	3973	3974	4000	3999	
8	3558	3559	3585	3584	3974	3975	4001	4000	
8	3559	3560	3586	3585	3975	3976	4002	4001	
8	3560	3561	3587	3586	3976	3977	4003	4002	
8	3562	3563	3589	3588	3978	3979	4005	4004	
8	3563	3564	3590	3589	3979	3980	4006	4005	
8	3564	3565	3591	3590	3980	3981	4007	4006	
8	3565	3566	3592	3591	3981	3982	4008	4007	
8	3566	3567	3593	3592	3982	3983	4009	4008	
8	3567	3568	3594	3593	3983	3984	4010	4009	
8	3568	3569	3595	3594	3984	3985	4011	4010	
8	3569	3570	3596	3595	3985	3986	4012	4011	
8	3570	3571	3597	3596	3986	3987	4013	4012	
8	3571	3572	3598	3597	3987	3988	4014	4013	
8	3572	3573	3599	3598	3988	3989	4015	4014	
8	3573	3574	3600	3599	3989	3990	4016	4015	
8	3574	3575	3601	3600	3990	3991	4017	4016	
8	3575	3576	3602	3601	3991	3992	4018	4017	
8	3576	3577	3603	3602	3992	3993	4019	4018	
8	3577	3578	3604	3603	3993	3994	4020	4019	
8	3578	3579	3605	3604	3994	3995	4021	4020	
8	3579	3580	3606	3605	3995	3996	4022	4021	
8	3580	3581	3607	3606	3996	3997	4023	4022	
8	3581	3582	3608	3607	3997	3998	4024	4023	
8	3582	3583	3609	3608	3998	3999	4025	4024	
8	3583	3584	3610	3609	3999	4000	4026	4025	
8	3584	3585	3611	3610	4000	4001	4027	4026	
8	3585	3586	3612	3611	4001	4002	4028	4027	
8	3586	3587	3613	3612	4002	4003	4029	4028	
8	3588	3589	3615	3614	4004	4005	4031	4030	
8	3589	3590	3616	3615	4005	4006	4032	4031	
8	3590	3591	3617	3616	4006	4007	4033	4032	
8	3591	3592	3618	3617	4007	4008	4034	4033	
8	3592	3593	3619	3618	4008	4009	4035	4034	
8	3593	3594	3620	3619	4009	4010	4036	4035	
8	3594	3595	3621	3620	4010	4011	4037	4036	
8	3595	3596	3622	3621	4011	4012	4038	4037	
8	3596	3597	3623	3622	4012	4013	4039	4038	
8	3597	3598	3624	3623	4013	4014	4040	4039	
8	3598	3599	3625	3624	4014	4015	4041	4040	
8	3599	3600	3626	3625	4015	4016	4042	4041	
8	3600	3601	3627	3626	4016	4017	4043	4042	
8	3601	3602	3628	3627	4017	4018	4044	4043	
8	3602	3603	3629	3628	4018	4019	4045	4044	
8	3603	3604	3630	3629	4019	4020	4046	4045	
8	3604	3605	3631	3630	4020	4021	4047	4046	
8	3605	3606	3632	3631	4021	4022	4048	4047	
8	3606	3607	3633	3632	4022	4023	4049	4048	
8	3607	3608	3634	3633	4023	4024	4050	4049	
8	3608	3609	3635	3634	4024	4025	4051	4050	
8	3609	3610	3636	3635	4025	4026	4052	4051	
8	3610	3611	3637	3636	4026	4027	4053	4052	
8	3611	3612	3638	3637	4027	4028	4054	4053	
8	3612	3613	3639	3638	4028	4029	4055	4054	
8	3614	3615	3641	3640	4030	4031	4057	4056	
8	3615	3616	3642	3641	4031	4032	4058	4057	
8	3616	3617	3643	3642	4032	4033	4059	4058	
8	3617	3618	3644	3643	4033	4034	4060	4059	
8	3618	3619	3645	3644	4034	4035	4061	4060	
8	3619	3620	3646	3645	4035	4036	4062	4061	
8	3620	3621	3647	3646	4036	4037	4063	4062	
8	3621	3622	3648	3647	4037	4038	4064	4063	
8	3622	3623	3649	3648	4038	4039	4065	4064	
8	3623	3624	3650	3649	4039	4040	4066	4065	
8	3624	3625	3651	3650	4040	4041	4067	4066	
8	3625	3626	3652	3651	4041	4042	4068	4067	
8	3626	3627	3653	3652	4042	4043	4069	4068	
8	3627	3628	3654	3653	4043	4044	4070	4069	
8	3628	3629	3655	3654	4044	4045	4071	4070	
8	3629	3630	3656	3655	4045	4046	4072	4071	
8	3630	3631	3657	3656	4046	4047	4073	4072	
8	3631	3632	3658	3657	4047	4048	4074	4073	
8	3632	3633	3659	3658	4048	4049	4075	4074	
8	3633	3634	3660	3659	4049	4050	4076	4075	
8	3634	3635	3661	3660	4050	4051	4077	4076	
8	3635	3636	3662	3661	4051	4052	4078	4077	
8	3636	3637	3663	3662	4052	4053	4079	4078	
8	3637	3638	3664	3663	4053	4054	4080	4079	
8	3638	3639	3665	3664	4054	4055	4081	4080	
8	3640	3641	3667	3666	4056	4057	4083	4082	
8	3641	3642	3668	3667	4057	4058	4084	4083	
8	3642	3643	3669	3668	4058	4059	4085	4084	
8	3643	3644	3670	3669	4059	4060	4086	4085	
8	3644	3645	3671	3670	4060	4061	4087	4086	
8	3645	3646	3672	3671	4061	4062	4088	4087	
8	3646	3647	3673	3672	4062	4063	4089	4088	
8	3647	3648	3674	3673	4063	4064	4090	4089	
8	3648	3649	3675	3674	4064	4065	4091	4090	
8	3649	3650	3676	3675	4065	4066	4092	4091	
8	3650	3651	3677	3676	4066	4067	4093	4092	
8	3651	3652	3678	3677	4067	4068	4094	4093	
8	3652	3653	3679	3678	4068	4069	4095	4094	
8	3653	3654	3680	3679	4069	4070	4096	4095	
8	3654	3655	3681	3680	4070	4071	4097	4096	
8	3655	3656	3682	3681	4071	4072	4098	4097	
8	3656	3657	3683	3682	4072	4073	4099	4098	
8	3657	3658	3684	3683	4073	4074	4100	4099	
8	3658	3659	3685	3684	4074	4075	4101	4100	
8	3659	3660	3686	3685	4075	4076	4102	4101	
8	3660	3661	3687	3686	4076	4077	4103	4102	
8	3661	3662	3688	3687	4077	4078	4104	4103	
8	3662	3663	3689	3688	4078	4079	4105	4104	
8	3663	3664	3690	3689	4079	4080	4106	4105	
8	3664	3665	3691	3690	4080	4081	4107	4106	
8	3666	3667	3693	3692	4082	4083	4109	4108	
8	3667	3668	3694	3693	4083	4084	4110	4109	
8	3668	3669	3695	3694	4084	4085	4111	4110	
8	3669	3670	3696	3695	4085	4086	4112	4111	
8	3670	3671	3697	3696	4086	4087	4113	4112	
8	3671	3672	3698	3697	4087	4088	4114	4113	
8	3672	3673	3699	3698	4088	4089	4115	4114	
8	3673	3674	3700	3699	4089	4090	4116	4115	
8	3674	3675	3701	3700	4090	4091	4117	4116	
8	3675	3676	3702	3701	4091	4092	4118	4117	
8	3676	3677	3703	3702	4092	4093	4119	4118	
8	3677	3678	3704	3703	4093	4094	4120	4119	
8	3678	3679	3705	3704	4094	4095	4121	4120	
8	3679	3680	3706	3705	4095	4096	4122	4121	
8	3680	3681	3707	3706	4096	4097	4123	4122	
8	3681	3682	3708	3707	4097	4098	4124	4123	
8	3682	3683	3709	3708	4098	4099	4125	4124	
8	3683	3684	3710	3709	4099	4100	4126	4125	
8	3684	3685	3711	3710	4100	4101	4127	4126	
8	3685	3686	3712	3711	4101	4102	4128	4127	
8	3686	3687	3713	3712	4102	4103	4129	4128	
8	3687	3688	3714	3713	4103	4104	4130	4129	
8	3688	3689	3715	3714	4104	4105	4131	4130	
8	3689	3690	3716	3715	4105	4106	4132	4131	
8	3690	3691	3717	3716	4106	4107	4133	4132	
8	3692	3693	3719	3718	4108	4109	4135	4134	
8	3693	3694	3720	3719	4109	4110	4136	4135	
8	3694	3695	3721	3720	4110	4111	4137	4136	
8	3695	3696	3722	3721	4111	4112	4138	4137	
8	3696	3697	3723	3722	4112	4113	4139	4138	
8	3697	3698	3724	3723	4113	4114	4140	4139	
8	3698	3699	3725	3724	4114	4115	4141	4140	
8	3699	3700	3726	3725	4115	4116	4142	4141	
8	3700	3701	3727	3726	4116	4117	4143	4142	
8	3701	3702	3728	3727	4117	4118	4144	4143	
8	3702	3703	3729	3728	4118	4119	4145	4144	
8	3703	3704	3730	3729	4119	4120	4146	4145	
8	3704	3705	3731	3730	4120	4121	4147	4146	
8	3705	3706	3732	3731	4121	4122	4148	4147	
8	3706	3707	3733	3732	4122	4123	4149	4148	
8	3707	3708	3734	3733	4123	4124	4150	4149	
8	3708	3709	3735	3734	4124	4125	4151	4150	
8	3709	3710	3736	3735	4125	4126	4152	4151	
8	3710	3711	3737	3736	4126	4127	4153	4152	
8	3711	3712	3738	3737	4127	4128	4154	4153	
8	3712	3713	3739	3738	4128	4129	4155	4154	
8	3713	3714	3740	3739	4129	4130	4156	4155	
8	3714	3715	3741	3740	4130	4131	4157	4156	
8	3715	3716	3742	3741	4131	4132	4158	4157	
8	3716	3717	3743	3742	4132	4133	4159	4158	
8	3744	3745	3771	3770	4160	4161	4187	4186	
8	3745	3746	3772	3771	4161	4162	4188	4187	
8	3746	3747	3773	3772	4162	4163	4189	4188	
8	3747	3748	3774	3773	4163	4164	4190	4189	
8	3748	3749	3775	3774	4164	4165	4191	4190	
8	3749	3750	3776	3775	4165	4166	4192	4191	
8	3750	3751	3777	3776	4166	4167	4193	4192	
8	3751	3752	3778	3777	4167	4168	4194	4193	
8	3752	3753	3779	3778	4168	4169	4195	4194	
8	3753	3754	3780	3779	4169	4170	4196	4195	
8	3754	3755	3781	3780	4170	4171	4197	4196	
8	3755	3756	3782	3781	4171	4172	4198	4197	
8	3756	3757	3783	3782	4172	4173	4199	4198	
8	3757	3758	3784	3783	4173	4174	4200	4199	
8	3758	3759	3785	3784	4174	4175	4201	4200	
8	3759	3760	3786	3785	4175	4176	4202	4201	
8	3760	3761	3787	3786	4176	4177	4203	4202	
8	3761	3762	3788	3787	4177	4178	4204	4203	
8	3762	3763	3789	3788	4178	4179	4205	4204	
8	3763	3764	3790	3789	4179	4180	4206	4205	
8	3764	3765	3791	3790	4180	4181	4207	4206	
8	3765	3766	3792	3791	4181	4182	4208	4207	
8	3766	3767	3793	3792	4182	4183	4209	4208	
8	3767	3768	3794	3793	4183	4184	4210	4209	
8	3768	3769	3795	3794	4184	4185	4211	4210	
8	3770	3771	3797	3796	4186	4187	4213	4212	
8	3771	3772	3798	3797	4187	4188	4214	4213	
8	3772	3773	3799	3798	4188	4189	4215	4214	
8	3773	3774	3800	3799	4189	4190	4216	4215	
8	3774	3775	3801	3800	4190	4191	4217	4216	
8	3775	3776	3802	3801	4191	4192	4218	4217	
8	3776	3777	3803	3802	4192	4193	4219	4218	
8	3777	3778	3804	3803	4193	4194	4220	4219	
8	3778	3779	3805	3804	4194	4195	4221	4220	
8	3779	3780	3806	3805	4195	4196	4222	4221	
8	3780	3781	3807	3806	4196	4197	4223	4222	
8	3781	3782	3808	3807	4197	4198	4224	4223	
8	3782	3783	3809	3808	4198	4199	4225	4224	
8	3783	3784	3810	3809	4199	4200	4226	4225	
8	3784	3785	3811	3810	4200	4201	4227	4226	
8	3785	3786	3812	3811	4201	4202	4228	4227	
8	3786	3787	3813	3812	4202	4203	4229	4228	
8	3787	3788	3814	3813	4203	4204	4230	4229	
8	3788	3789	3815	3814	4204	4205	4231	4230	
8	3789	3790	3816	3815	4205	4206	4232	4231	
8	3790	3791	3817	3816	4206	4207	4233	4232	
8	3791	3792	3818	3817	4207	4208	4234	4233	
8	3792	3793	3819	3818	4208	4209	4235	4234	
8	3793	3794	3820	3819	4209	4210	4236	4235	
8	3794	3795	3821	3820	4210	4211	4237	4236	
8	3796	3797	3823	3822	4212	4213	4239	4238	
8	3797	3798	3824	3823	4213	4214	4240	4239	
8	3798	3799	3825	3824	4214	4215	4241	4240	
8	3799	3800	3826	3825	4215	4216	4242	4241	
8	3800	3801	3827	3826	4216	4217	4243	4242	
8	3801	3802	3828	3827	4217	4218	4244	4243	
8	3802	3803	3829	3828	4218	4219	4245	4244	
8	3803	3804	3830	3829	4219	4220	4246	4245	
8	3804	3805	3831	3830	4220	4221	4247	4246	
8	3805	3806	3832	3831	4221	4222	4248	4247	
8	3806	3807	3833	3832	4222	4223	4249	4248	
8	3807	3808	3834	3833	4223	4224	4250	4249	
8	3808	3809	3835	3834	4224	4225	4251	4250	
8	3809	3810	3836	3835	4225	4226	4252	4251	
8	3810	3811	3837	3836	4226	4227	4253	4252	
8	3811	3812	3838	3837	4227	4228	4254	4253	
8	3812	3813	3839	3838	4228	4229	4255	4254	
8	3813	3814	3840	3839	4229	4230	4256	4255	
8	3814	3815	3841	3840	4230	4231	4257	4256	
8	3815	3816	3842	3841	4231	4232	4258	4257	
8	3816	3817	3843	3842	4232	4233	4259	4258	
8	3817	3818	3844	3843	4233	4234	4260	4259	
8	3818	3819	3845	3844	4234	4235	4261	4260	
8	3819	3820	3846	3845	4235	4236	4262	4261	
8	3820	3821	3847	3846	4236	4237	4263	4262	
8	3822	3823	3849	3848	4238	4239	4265	4264	
8	3823	3824	3850	3849	4239	4240	4266	4265	
8	3824	3825	3851	3850	4240	4241	4267	4266	
8	3825	3826	3852	3851	4241	4242	4268	4267	
8	3826	3827	3853	3852	4242	4243	4269	4268	
8	3827	3828	3854	3853	4243	4244	4270	4269	
8	3828	3829	3855	3854	4244	4245	4271	4270	
8	3829	3830	3856	3855	4245	4246	4272	4271	
8	3830	3831	3857	3856	4246	4247	4273	4272	
8	3831	3832	3858	3857	4247	4248	4274	4273	
8	3832	3833	3859	3858	4248	4249	4275	4274	
8	3833	3834	3860	3859	4249	4250	4276	4275	
8	3834	3835	3861	3860	4250	4251	4277	4276	
8	3835	3836	3862	3861	4251	4252	4278	4277	
8	3836	3837	3863	3862	4252	4253	4279	4278	
8	3837	3838	3864	3863	4253	4254	4280	4279	
8	3838	3839	3865	3864	4254	4255	4281	4280	
8	3839	3840	3866	3865	4255	4256	4282	4281	
8	3840	3841	3867	3866	4256	4257	4283	4282	
8	3841	3842	3868	3867	4257	4258	4284	4283	
8	3842	3843	3869	3868	4258	4259	4285	4284	
8	3843	3844	3870	3869	4259	4260	4286	4285	
8	3844	3845	3871	3870	4260	4261	4287	4286	
8	3845	3846	3872	3871	4261	4262	4288	4287	
8	3846	3847	3873	3872	4262	4263	4289	4288	
8	3848	3849	3875	3874	4264	4265	4291	4290	
8	3849	3850	3876	3875	4265	4266	4292	4291	
8	3850	3851	3877	3876	4266	4267	4293	4292	
8	3851	3852	3878	3877	4267	4268	4294	4293	
8	3852	3853	3879	3878	4268	4269	4295	4294	
8	3853	3854	3880	3879	4269	4270	4296	4295	
8	3854	3855	3881	3880	4270	4271	4297	4296	
8	3855	3856	3882	3881	4271	4272	4298	4297	
8	3856	3857	3883	3882	4272	4273	4299	4298	
8	3857	3858	3884	3883	4273	4274	4300	4299	
8	3858	3859	3885	3884	4274	4275	4301	4300	
8	3859	3860	3886	3885	4275	4276	4302	4301	
8	3860	3861	3887	3886	4276	4277	4303	4302	
8	3861	3862	3888	3887	4277	4278	4304	4303	
8	3862	3863	3889	3888	4278	4279	4305	4304	
8	3863	3864	3890	3889	4279	4280	4306	4305	
8	3864	3865	3891	3890	4280	4281	4307	4306	
8	3865	3866	3892	3891	4281	4282	4308	4307	
8	3866	3867	3893	3892	4282	4283	4309	4308	
8	3867	3868	3894	3893	4283	4284	4310	4309	
8	3868	3869	3895	3894	4284	4285	4311	4310	
8	3869	3870	3896	3895	4285	4286	4312	4311	
8	3870	3871	3897	3896	4286	4287	4313	4312	
8	3871	3872	3898	3897	4287	4288	4314	4313	
8	3872	3873	3899	3898	4288	4289	4315	4314	
8	3874	3875	3901	3900	4290	4291	4317	4316	
8	3875	3876	3902	3901	4291	4292	4318	4317	
8	3876	3877	3903	3902	4292	4293	4319	4318	
8	3877	3878	3904	3903	4293	4294	4320	4319	
8	3878	3879	3905	3904	4294	4295	4321	4320	
8	3879	3880	3906	3905	4295	4296	4322	4321	
8	3880	3881	3907	3906	4296	4297	4323	4322	
8	3881	3882	3908	3907	4297	4298	4324	4323	
8	3882	3883	3909	3908	4298	4299	4325	4324	
8	3883	3884	3910	3909	4299	4300	4326	4325	
8	3884	3885	3911	3910	4300	4301	4327	4326	
8	3885	3886	3912	3911	4301	4302	4328	4327	
8	3886	3887	3913	3912	4302	4303	4329	4328	
8	3887	3888	3914	3913	4303	4304	4330	4329	
8	3888	3889	3915	3914	4304	4305	4331	4330	
8	3889	3890	3916	3915	4305	4306	4332	4331	
8	3890	3891	3917	3916	4306	4307	4333	4332	
8	3891	3892	3918	3917	4307	4308	4334	4333	
8	3892	3893	3919	3918	4308	4309	4335	4334	
8	3893	3894	3920	3919	4309	4310	4336	4335	
8	3894	3895	3921	3920	4310	4311	4337	4336	
8	3895	3896	3922	3921	4311	4312	4338	4337	
8	3896	3897	3923	3922	4312	4313	4339	4338	
8	3897	3898	3924	3923	4313	4314	4340	4339	
8	3898	3899	3925	3924	4314	4315	4341	4340	
8	3900	3901	3927	3926	4316	4317	4343	4342	
8	3901	3902	3928	3927	4317	4318	4344	4343	
8	3902	3903	3929	3928	4318	4319	4345	4344	
8	3903	3904	3930	3929	4319	4320	4346	4345	
8	3904	3905	3931	3930	4320	4321	4347	4346	
8	3905	3906	3932	3931	4321	4322	4348	4347	
8	3906	3907	3933	3932	4322	4323	4349	4348	
8	3907	3908	3934	3933	4323	4324	4350	4349	
8	3908	3909	3935	3934	4324	4325	4351	4350	
8	3909	3910	3936	3935	4325	4326	4352	4351	
8	3910	3911	3937	3936	4326	4327	4353	4352	
8	3911	3912	3938	3937	4327	4328	4354	4353	
8	3912	3913	3939	3938	4328	4329	4355	4354	
8	3913	3914	3940	3939	4329	4330	4356	4355	
8	3914	3915	3941	3940	4330	4331	4357	4356	
8	3915	3916	3942	3941	4331	4332	4358	4357	
8	3916	3917	3943	3942	4332	4333	4359	4358	
8	3917	3918	3944	3943	4333	4334	4360	4359	
8	3918	3919	3945	3944	4334	4335	4361	4360	
8	3919	3920	3946	3945	4335	4336	4362	4361	
8	3920	3921	3947	3946	4336	4337	4363	4362	
8	3921	3922	3948	3947	4337	4338	4364	4363	
8	3922	3923	3949	3948	4338	4339	4365	4364	
8	3923	3924	3950	3949	4339	4340	4366	4365	
8	3924	3925	3951	3950	4340	4341	4367	4366	
8	3926	3927	3953	3952	4342	4343	4369	4368	
8	3927	3928	3954	3953	4343	4344	4370	4369	
8	3928	3929	3955	3954	4344	4345	4371	4370	
8	3929	3930	3956	3955	4345	4346	4372	4371	
8	3930	3931	3957	3956	4346	4347	4373	4372	
8	3931	3932	3958	3957	4347	4348	4374	4373	
8	3932	3933	3959	3958	4348	4349	4375	4374	
8	3933	3934	3960	3959	4349	4350	4376	4375	
8	3934	3935	3961	3960	4350	4351	4377	4376	
8	3935	3936	3962	3961	4351	4352	4378	4377	
8	3936	3937	3963	3962	4352	4353	4379	4378	
8	3937	3938	3964	3963	4353	4354	4380	4379	
8	3938	3939	3965	3964	4354	4355	4381	4380	
8	3939	3940	3966	3965	4355	4356	4382	4381	
8	3940	3941	3967	3966	4356	4357	4383	4382	
8	3941	3942	3968	3967	4357	4358	4384	4383	
8	3942	3943	3969	3968	4358	4359	4385	4384	
8	3943	3944	3970	3969	4359	4360	4386	4385	
8	3944	3945	3971	3970	4360	4361	4387	4386	
8	3945	3946	3972	3971	4361	4362	4388	4387	
8	3946	3947	3973	3972	4362	4363	4389	4388	
8	3947	3948	3974	3973	4363	4364	4390	4389	
8	3948	3949	3975	3974	4364	4365	4391	4390	
8	3949	3950	3976	3975	4365	4366	4392	4391	
8	3950	3951	3977	3976	4366	4367	4393	4392	
8	3952	3953	3979	3978	4368	4369	4395	4394	
8	3953	3954	3980	3979	4369	4370	4396	4395	
8	3954	3955	3981	3980	4370	4371	4397	4396	
8	3955	3956	3982	3981	4371	4372	4398	4397	
8	3956	3957	3983	3982	4372	4373	4399	4398	
8	3957	3958	3984	3983	4373	4374	4400	4399	
8	3958	3959	3985	3984	4374	4375	4401	4400	
8	3959	3960	3986	3985	4375	4376	4402	4401	
8	3960	3961	3987	3986	4376	4377	4403	4402	
8	3961	3962	3988	3987	4377	4378	4404	4403	
8	3962	3963	3989	3988	4378	4379	4405	4404	
8	3963	3964	3990	3989	4379	4380	4406	4405	
8	3964	3965	3991	3990	4380	4381	4407	4406	
8	3965	3966	3992	3991	4381	4382	4408	4407	
8	3966	3967	3993	3992	4382	4383	4409	4408	
8	3967	3968	3994	3993	4383	4384	4410	4409	
8	3968	3969	3995	3994	4384	4385	4411	4410	
8	3969	3970	3996	3995	4385	4386	4412	4411	
8	3970	3971	3997	3996	4386	4387	4413	4412	
8	3971	3972	3998	3997	4387	4388	4414	4413	
8	3972	3973	3999	3998	4388	4389	4415	4414	
8	3973	3974	4000	3999	4389	4390	4416	4415	
8	3974	3975	4001	4000	4390	4391	4417	4416	
8	3975	3976	4002	4001	4391	4392	4418	4417	
8	3976	3977	4003	4002	4392	4393	4419	4418	
8	3978	3979	4005	4004	4394	4395	4421	4420	
8	3979	3980	4006	4005	4395	4396	4422	4421	
8	3980	3981	4007	4006	4396	4397	4423	4422	
8	3981	3982	4008	4007	4397	4398	4424	4423	
8	3982	3983	4009	4008	4398	4399	4425	4424	
8	3983	3984	4010	4009	4399	4400	4426	4425	
8	3984	3985	4011	4010	4400	4401	4427	4426	
8	3985	3986	4012	4011	4401	4402	4428	4427	
8	3986	3987	4013	4012	4402	4403	4429	4428	
8	3987	3988	4014	4013	4403	4404	4430	4429	
8	3988	3989	4015	4014	4404	4405	4431	4430	
8	3989	3990	4016	4015	4405	4406	4432	4431	
8	3990	3991	4017	4016	4406	4407	4433	4432	
8	3991	3992	4018	4017	4407	4408	4434	4433	
8	3992	3993	4019	4018	4408	4409	4435	4434	
8	3993	3994	4020	4019	4409	4410	4436	4435	
8	3994	3995	4021	4020	4410	4411	4437	4436	
8	3995	3996	4022	4021	4411	4412	4438	4437	
8	3996	3997	4023	4022	4412	4413	4439	4438	
8	3997	3998	4024	4023	4413	4414	4440	4439	
8	3998	3999	4025	4024	4414	4415	4441	4440	
8	3999	4000	4026	4025	4415	4416	4442	4441	
8	4000	4001	4027	4026	4416	4417	4443	4442	
8	4001	4002	4028	4027	4417	4418	4444	4443	
8	4002	4003	4029	4028	4418	4419	4445	4444	
8	4004	4005	4031	4030	4420	4421	4447	4446	
8	4005	4006	4032	4031	4421	4422	4448	4447	
8	4006	4007	4033	4032	4422	4423	4449	4448	
8	4007	4008	4034	4033	4423	4424	4450	4449	
8	4008	4009	4035	4034	4424	4425	4451	4450	
8	4009	4010	4036	4035	4425	4426	4452	4451	
8	4010	4011	4037	4036	4426	4427	4453	4452	
8	4011	4012	4038	4037	4427	4428	4454	4453	
8	4012	4013	4039	4038	4428	4429	4455	4454	
8	4013	4014	4040	4039	4429	4430	4456	4455	
8	4014	4015	4041	4040	4430	4431	4457	4456	
8	4015	4016	4042	4041	4431	4432	4458	4457	
8	4016	4017	4043	4042	4432	4433	4459	4458	
8	4017	4018	4044	4043	4433	4434	4460	4459	
8	4018	4019	4045	4044	4434	4435	4461	4460	
8	4019	4020	4046	4045	4435	4436	4462	4461	
8	4020	4021	4047	4046	4436	4437	4463	4462	
8	4021	4022	4048	4047	4437	4438	4464	4463	
8	4022	4023	4049	4048	4438	4439	4465	4464	
8	4023	4024	4050	4049	4439	4440	4466	4465	
8	4024	4025	4051	4050	4440	4441	4467	4466	
8	4025	4026	4052	4051	4441	4442	4468	4467	
8	4026	4027	4053	4052	4442	4443	4469	4468	
8	4027	4028	4054	4053	4443	4444	4470	4469	
8	4028	4029	4055	4054	4444	4445	4471	4470	
8	4030	4031	4057	4056	4446	4447	4473	4472	
8	4031	4032	4058	4057	4447	4448	4474	4473	
8	4032	4033	4059	4058	4448	4449	4475	4474	
8	4033	4034	4060	4059	4449	4450	4476	4475	
8	4034	4035	4061	4060	4450	4451	4477	4476	
8	4035	4036	4062	4061	4451	4452	4478	4477	
8	4036	4037	4063	4062	4452	4453	4479	4478	
8	4037	4038	4064	4063	4453	4454	4480	4479	
8	4038	4039	4065	4064	4454	4455	4481	4480	
8	4039	4040	4066	4065	4455	4456	4482	4481	
8	4040	4041	4067	4066	4456	4457	4483	4482	
8	4041	4042	4068	4067	4457	4458	4484	4483	
8	4042	4043	4069	4068	4458	4459	4485	4484	
8	4043	4044	4070	4069	4459	4460	4486	4485	
8	4044	4045	4071	4070	4460	4461	4487	4486	
8	4045	4046	4072	4071	4461	4462	4488	4487	
8	4046	4047	4073	4072	4462	4463	4489	4488	
8	4047	4048	4074	4073	4463	4464	4490	4489	
8	4048	4049	4075	4074	4464	4465	4491	4490	
8	4049	4050	4076	4075	4465	4466	4492	4491	
8	4050	4051	4077	4076	4466	4467	4493	4492	
8	4051	4052	4078	4077	4467	4468	4494	4493	
8	4052	4053	4079	4078	4468	4469	4495	4494	
8	4053	4054	4080	4079	4469	4470	4496	4495	
8	4054	4055	4081	4080	4470	4471	4497	4496	
8	4056	4057	4083	4082	4472	4473	4499	4498	
8	4057	4058	4084	4083	4473	4474	4500	4499	
8	4058	4059	4085	4084	4474	4475	4501	4500	
8	4059	4060	4086	4085	4475	4476	4502	4501	
8	4060	4061	4087	4086	4476	4477	4503	4502	
8	4061	4062	4088	4087	4477	4478	4504	4503	
8	4062	4063	4089	4088	4478	4479	4505	4504	
8	4063	4064	4090	4089	4479	4480	4506	4505	
8	4064	4065	4091	4090	4480	4481	4507	4506	
8	4065	4066	4092	4091	4481	4482	4508	4507	
8	4066	4067	4093	4092	4482	4483	4509	4508	
8	4067	4068	4094	4093	4483	4484	4510	4509	
8	4068	4069	4095	4094	4484	4485	4511	4510	
8	4069	4070	4096	4095	4485	4486	4512	4511	
8	4070	4071	4097	4096	4486	4487	4513	4512	
8	4071	4072	4098	4097	4487	4488	4514	4513	
8	4072	4073	4099	4098	4488	4489	4515	4514	
8	4073	4074	4100	4099	4489	4490	4516	4515	
8	4074	4075	4101	4100	4490	4491	4517	4516	
8	4075	4076	4102	4101	4491	4492	4518	4517	
8	4076	4077	4103	4102	4492	4493	4519	4518	
8	4077	4078	4104	4103	4493	4494	4520	4519	
8	4078	4079	4105	4104	4494	4495	4521	4520	
8	4079	4080	4106	4105	4495	4496	4522	4521	
8	4080	4081	4107	4106	4496	4497	4523	4522	
8	4082	4083	4109	4108	4498	4499	4525	4524	
8	4083	4084	4110	4109	4499	4500	4526	4525	
8	4084	4085	4111	4110	4500	4501	4527	4526	
8	4085	4086	4112	4111	4501	4502	4528	4527	
8	4086	4087	4113	4112	4502	4503	4529	4528	
8	4087	4088	4114	4113	4503	4504	4530	4529	
8	4088	4089	4115	4114	4504	4505	4531	4530	
8	4089	4090	4116	4115	4505	4506	4532	4531	
8	4090	4091	4117	4116	4506	4507	4533	4532	
8	4091	4092	4118	4117	4507	4508	4534	4533	
8	4092	4093	4119	4118	4508	4509	4535	4534	
8	4093	4094	4120	4119	4509	4510	4536	4535	
8	4094	4095	4121	4120	4510	4511	4537	4536	
8	4095	4096	4122	4121	4511	4512	4538	4537	
8	4096	4097	4123	4122	4512	4513	4539	4538	
8	4097	4098	4124	4123	4513	4514	4540	4539	
8	4098	4099	4125	4124	4514	4515	4541	4540	
8	4099	4100	4126	4125	4515	4516	4542	4541	
8	4100	4101	4127	4126	4516	4517	4543	4542	
8	4101	4102	4128	4127	4517	4518	4544	4543	
8	4102	4103	4129	4128	4518	4519	4545	4544	
8	4103	4104	4130	4129	4519	4520	4546	4545	
8	4104	4105	4131	4130	4520	4521	4547	4546	
8	4105	4106	4132	4131	4521	4522	4548	4547	
8	4106	4107	4133	4132	4522	4523	4549	4548	
8	4108	4109	4135	4134	4524	4525	4551	4550	
8	4109	4110	4136	4135	4525	4526	4552	4551	
8	4110	4111	4137	4136	4526	4527	4553	4552	
8	4111	4112	4138	4137	4527	4528	4554	4553	
8	4112	4113	4139	4138	4528	4529	4555	4554	
8	4113	4114	4140	4139	4529	4530	4556	4555	
8	4114	4115	4141	4140	4530	4531	4557	4556	
8	4115	4116	4142	4141	4531	4532	4558	4557	
8	4116	4117	4143	4142	4532	4533	4559	4558	
8	4117	4118	4144	4143	4533	4534	4560	4559	
8	4118	4119	4145	4144	4534	4535	4561	4560	
8	4119	4120	4146	4145	4535	4536	4562	4561	
8	4120	4121	4147	4146	4536	4537	4563	4562	
8	4121	4122	4148	4147	4537	4538	4564	4563	
8	4122	4123	4149	4148	4538	4539	4565	4564	
8	4123	4124	4150	4149	4539	4540	4566	4565	
8	4124	4125	4151	4150	4540	4541	4567	4566	
8	4125	4126	4152	4151	4541	4542	4568	4567	
8	4126	4127	4153	4152	4542	4543	4569	4568	
8	4127	4128	4154	4153	4543	4544	4570	4569	
8	4128	4129	4155	4154	4544	4545	4571	4570	
8	4129	4130	4156	4155	4545	4546	4572	4571	
8	4130	4131	4157	4156	4546	4547	4573	4572	
8	4131	4132	4158	4157	4547	4548	4574	4573	
8	4132	4133	4159	4158	4548	4549	4575	4574	
8	4160	4161	4187	4186	4576	4577	4603	4602	
8	4161	4162	4188	4187	4577	4578	4604	4603	
8	4162	4163	4189	4188	4578	4579	4605	4604	
8	4163	4164	4190	4189	4579	4580	4606	4605	
8	4164	4165	4191	4190	4580	4581	4607	4606	
8	4165	4166	4192	4191	4581	4582	4608	4607	
8	4166	4167	4193	4192	4582	4583	4609	4608	
8	4167	4168	4194	4193	4583	4584	4610	4609	
8	4168	4169	4195	4194	4584	4585	4611	4610	
8	4169	4170	4196	4195	4585	4586	4612	4611	
8	4170	4171	4197	4196	4586	4587	4613	4612	
8	4171	4172	4198	4197	4587	4588	4614	4613	
8	4172	4173	4199	4198	4588	4589	4615	4614	
8	4173	4174	4200	4199	4589	4590	4616	4615	
8	4174	4175	4201	4200	4590	4591	4617	4616	
8	4175	4176	4202	4201	4591	4592	4618	4617	
8	4176	4177	4203	4202	4592	4593	4619	4618	
8	4177	4178	4204	4203	4593	4594	4620	4619	
8	4178	4179	4205	4204	4594	4595	4621	4620	
8	4179	4180	4206	4205	4595	4596	4622	4621	
8	4180	4181	4207	4206	4596	4597	4623	4622	
8	4181	4182	4208	4207	4597	4598	4624	4623	
8	4182	4183	4209	4208	4598	4599	4625	4624	
8	4183	4184	4210	4209	4599	4600	4626	4625	
8	4184	4185	4211	4210	4600	4601	4627	4626	
8	4186	4187	4213	4212	4602	4603	4629	4628	
8	4187	4188	4214	4213	4603	4604	4630	4629	
8	4188	4189	4215	4214	4604	4605	4631	4630	
8	4189	4190	4216	4215	4605	4606	4632	4631	
8	4190	4191	4217	4216	4606	4607	4633	4632	
8	4191	4192	4218	4217	4607	4608	4634	4633	
8	4192	4193	4219	4218	4608	4609	4635	4634	
8	4193	4194	4220	4219	4609	4610	4636	4635	
8	4194	4195	4221	4220	4610	4611	4637	4636	
8	4195	4196	4222	4221	4611	4612	4638	4637	
8	4196	4197	4223	4222	4612	4613	4639	4638	
8	4197	4198	4224	4223	4613	4614	4640	4639	
8	4198	4199	4225	4224	4614	4615	4641	4640	
8	4199	4200	4226	4225	4615	4616	4642	4641	
8	4200	4201	4227	4226	4616	4617	4643	4642	
8	4201	4202	4228	4227	4617	4618	4644	4643	
8	4202	4203	4229	4228	4618	4619	4645	4644	
8	4203	4204	4230	4229	4619	4620	4646	4645	
8	4204	4205	4231	4230	4620	4621	4647	4646	
8	4205	4206	4232	4231	4621	4622	4648	4647	
8	4206	4207	4233	4232	4622	4623	4649	4648	
8	4207	4208	4234	4233	4623	4624	4650	4649	
8	4208	4209	4235	4234	4624	4625	4651	4650	
8	4209	4210	4236	4235	4625	4626	4652	4651	
8	4210	4211	4237	4236	4626	4627	4653	4652	
8	4212	4213	4239	4238	4628	4629	4655	4654	
8	4213	4214	4240	4239	4629	4630	4656	4655	
8	4214	4215	4241	4240	4630	4631	4657	4656	
8	4215	4216	4242	4241	4631	4632	4658	4657	
8	4216	4217	4243	4242	4632	4633	4659	4658	
8	4217	4218	4244	4243	4633	4634	4660	4659	
8	4218	4219	4245	4244	4634	4635	4661	4660	
8	4219	4220	4246	4245	4635	4636	4662	4661	
8	4220	4221	4247	4246	4636	4637	4663	4662	
8	4221	4222	4248	4247	4637	4638	4664	4663	
8	4222	4223	4249	4248	4638	4639	4665	4664	
8	4223	4224	4250	4249	4639	4640	4666	4665	
8	4224	4225	4251	4250	4640	4641	4667	4666	
8	4225	4226	4252	4251	4641	4642	4668	4667	
8	4226	4227	4253	4252	4642	4643	4669	4668	
8	4227	4228	4254	4253	4643	4644	4670	4669	
8	4228	4229	4255	4254	4644	4645	4671	4670	
8	4229	4230	4256	4255	4645	4646	4672	4671	
8	4230	4231	4257	4256	4646	4647	4673	4672	
8	4231	4232	4258	4257	4647	4648	4674	4673	
8	4232	4233	4259	4258	4648	4649	4675	4674	
8	4233	4234	4260	4259	4649	4650	4676	4675	
8	4234	4235	4261	4260	4650	4651	4677	4676	
8	4235	4236	4262	4261	4651	4652	4678	4677	
8	4236	4237	4263	4262	4652	4653	4679	4678	
8	4238	4239	4265	4264	4654	4655	4681	4680	
8	4239	4240	4266	4265	4655	4656	4682	4681	
8	4240	4241	4267	4266	4656	4657	4683	4682	
8	4241	4242	4268	4267	4657	4658	4684	4683	
8	4242	4243	4269	4268	4658	4659	4685	4684	
8	4243	4244	4270	4269	4659	4660	4686	4685	
8	4244	4245	4271	4270	4660	4661	4687	4686	
8	4245	4246	4272	4271	4661	4662	4688	4687	
8	4246	4247	4273	4272	4662	4663	4689	4688	
8	4247	4248	4274	4273	4663	4664	4690	4689	
8	4248	4249	4275	4274	4664	4665	4691	4690	
8	4249	4250	4276	4275	4665	4666	4692	4691	
8	4250	4251	4277	4276	4666	4667	4693	4692	
8	4251	4252	4278	4277	4667	4668	4694	4693	
8	4252	4253	4279	4278	4668	4669	4695	4694	
8	4253	4254	4280	4279	4669	4670	4696	4695	
8	4254	4255	4281	4280	4670	4671	4697	4696	
8	4255	4256	4282	4281	4671	4672	4698	4697	
8	4256	4257	4283	4282	4672	4673	4699	4698	
8	4257	4258	4284	4283	4673	4674	4700	4699	
8	4258	4259	4285	4284	4674	4675	4701	4700	
8	4259	4260	4286	4285	4675	4676	4702	4701	
8	4260	4261	4287	4286	4676	4677	4703	4702	
8	4261	4262	4288	4287	4677	4678	4704	4703	
8	4262	4263	4289	4288	4678	4679	4705	4704	
8	4264	4265	4291	4290	4680	4681	4707	4706	
8	4265	4266	4292	4291	4681	4682	4708	4707	
8	4266	4267	4293	4292	4682	4683	4709	4708	
8	4267	4268	4294	4293	4683	4684	4710	4709	
8	4268	4269	4295	4294	4684	4685	4711	4710	
8	4269	4270	4296	4295	4685	4686	4712	4711	
8	4270	4271	4297	4296	4686	4687	4713	4712	
8	4271	4272	4298	4297	4687	4688	4714	4713	
8	4272	4273	4299	4298	4688	4689	4715	4714	
8	4273	4274	4300	4299	4689	4690	4716	4715	
8	4274	4275	4301	4300	4690	4691	4717	4716	
8	4275	4276	4302	4301	4691	4692	4718	4717	
8	4276	4277	4303	4302	4692	4693	4719	4718	
8	4277	4278	4304	4303	4693	4694	4720	4719	
8	4278	4279	4305	4304	4694	4695	4721	4720	
8	4279	4280	4306	4305	4695	4696	4722	4721	
8	4280	4281	4307	4306	4696	4697	4723	4722	
8	4281	4282	4308	4307	4697	4698	4724	4723	
8	4282	4283	4309	4308	4698	4699	4725	4724	
8	4283	4284	4310	4309	4699	4700	4726	4725	
8	4284	4285	4311	4310	4700	4701	4727	4726	
8	4285	4286	4312	4311	4701	4702	4728	4727	
8	4286	4287	4313	4312	4702	4703	4729	4728	
8	4287	4288	4314	4313	4703	4704	4730	4729	
8	4288	4289	4315	4314	4704	4705	4731	4730	
8	4290	4291	4317	4316	4706	4707	4733	4732	
8	4291	4292	4318	4317	4707	4708	4734	4733	
8	4292	4293	4319	4318	4708	4709	4735	4734	
8	4293	4294	4320	4319	4709	4710	4736	4735	
8	4294	4295	4321	4320	4710	4711	4737	4736	
8	4295	4296	4322	4321	4711	4712	4738	4737	
8	4296	4297	4323	4322	4712	4713	4739	4738	
8	4297	4298	4324	4323	4713	4714	4740	4739	
8	4298	4299	4325	4324	4714	4715	4741	4740	
8	4299	4300	4326	4325	4715	4716	4742	4741	
8	4300	4301	4327	4326	4716	4717	4743	4742	
8	4301	4302	4328	4327	4717	4718	4744	4743	
8	4302	4303	4329	4328	4718	4719	4745	4744	
8	4303	4304	4330	4329	4719	4720	4746	4745	
8	4304	4305	4331	4330	4720	4721	4747	4746	
8	4305	4306	4332	4331	4721	4722	4748	4747	
8	4306	4307	4333	4332	4722	4723	4749	4748	
8	4307	4308	4334	4333	4723	4724	4750	4749	
8	4308	4309	4335	4334	4724	4725	4751	4750	
8	4309	4310	4336	4335	4725	4726	4752	4751	
8	4310	4311	4337	4336	4726	4727	4753	4752	
8	4311	4312	4338	4337	4727	4728	4754	4753	
8	4312	4313	4339	4338	4728	4729	4755	4754	
8	4313	4314	4340	4339	4729	4730	4756	4755	
8	4314	4315	4341	4340	4730	4731	4757	4756	
8	4316	4317	4343	4342	4732	4733	4759	4758	
8	4317	4318	4344	4343	4733	4734	4760	4759	
8	4318	4319	4345	4344	4734	4735	4761	4760	
8	4319	4320	4346	4345	4735	4736	4762	4761	
8	4320	4321	4347	4346	4736	4737	4763	4762	
8	4321	4322	4348	4347	4737	4738	4764	4763	
8	4322	4323	4349	4348	4738	4739	4765	4764	
8	4323	4324	4350	4349	4739	4740	4766	4765	
8	4324	4325	4351	4350	4740	4741	4767	4766	
8	4325	4326	4352	4351	4741	4742	4768	4767	
8	4326	4327	4353	4352	4742	4743	4769	4768	
8	4327	4328	4354	4353	4743	4744	4770	4769	
8	4328	4329	4355	4354	4744	4745	4771	4770	
8	4329	4330	4356	4355	4745	4746	4772	4771	
8	4330	4331	4357	4356	4746	4747	4773	4772	
8	4331	4332	4358	4357	4747	4748	4774	4773	
8	4332	4333	4359	4358	4748	4749	4775	4774	
8	4333	4334	4360	4359	4749	4750	4776	4775	
8	4334	4335	4361	4360	4750	4751	4777	4776	
8	4335	4336	4362	4361	4751	4752	4778	4777	
8	4336	4337	4363	4362	4752	4753	4779	4778	
8	4337	4338	4364	4363	4753	4754	4780	4779	
8	4338	4339	4365	4364	4754	4755	4781	4780	
8	4339	4340	4366	4365	4755	4756	4782	4781	
8	4340	4341	4367	4366	4756	4757	4783	4782	
8	4342	4343	4369	4368	4758	4759	4785	4784	
8	4343	4344	4370	4369	4759	4760	4786	4785	
8	4344	4345	4371	4370	4760	4761	4787	4786	
8	4345	4346	4372	4371	4761	4762	4788	4787	
8	4346	4347	4373	4372	4762	4763	4789	4788	
8	4347	4348	4374	4373	4763	4764	4790	4789	
8	4348	4349	4375	4374	4764	4765	4791	4790	
8	4349	4350	4376	4375	4765	4766	4792	4791	
8	4350	4351	4377	4376	4766	4767	4793	4792	
8	4351	4352	4378	4377	4767	4768	4794	4793	
8	4352	4353	4379	4378	4768	4769	4795	4794	
8	4353	4354	4380	4379	4769	4770	4796	4795	
8	4354	4355	4381	4380	4770	4771	4797	4796	
8	4355	4356	4382	4381	4771	4772	4798	4797	
8	4356	4357	4383	4382	4772	4773	4799	4798	
8	4357	4358	4384	4383	4773	4774	4800	4799	
8	4358	4359	4385	4384	4774	4775	4801	4800	
8	4359	4360	4386	4385	4775	4776	4802	4801	
8	4360	4361	4387	4386	4776	4777	4803	4802	
8	4361	4362	4388	4387	4777	4778	4804	4803	
8	4362	4363	4389	4388	4778	4779	4805	4804	
8	4363	4364	4390	4389	4779	4780	4806	4805	
8	4364	4365	4391	4390	4780	4781	4807	4806	
8	4365	4366	4392	4391	4781	4782	4808	4807	
8	4366	4367	4393	4392	4782	4783	4809	4808	
8	4368	4369	4395	4394	4784	4785	4811	4810	
8	4369	4370	4396	4395	4785	4786	4812	4811	
8	4370	4371	4397	4396	4786	4787	4813	4812	
8	4371	4372	4398	4397	4787	4788	4814	4813	
8	4372	4373	4399	4398	4788	4789	4815	4814	
8	4373	4374	4400	4399	4789	4790	4816	4815	
8	4374	4375	4401	4400	4790	4791	4817	4816	
8	4375	4376	4402	4401	4791	4792	4818	4817	
8	4376	4377	4403	4402	4792	4793	4819	4818	
8	4377	4378	4404	4403	4793	4794	4820	4819	
8	4378	4379	4405	4404	4794	4795	4821	4820	
8	4379	4380	4406	4405	4795	4796	4822	4821	
8	4380	4381	4407	4406	4796	4797	4823	4822	
8	4381	4382	4408	4407	4797	4798	4824	4823	
8	4382	4383	4409	4408	4798	4799	4825	4824	
8	4383	4384	4410	4409	4799	4800	4826	4825	
8	4384	4385	4411	4410	4800	4801	4827	4826	
8	4385	4386	4412	4411	4801	4802	4828	4827	
8	4386	4387	4413	4412	4802	4803	4829	4828	
8	4387	4388	4414	4413	4803	4804	4830	4829	
8	4388	4389	4415	4414	4804	4805	4831	4830	
8	4389	4390	4416	4415	4805	4806	4832	4831	
8	4390	4391	4417	4416	4806	4807	4833	4832	
8	4391	4392	4418	4417	4807	4808	4834	4833	
8	4392	4393	4419	4418	4808	4809	4835	4834	
8	4394	4395	4421	4420	4810	4811	4837	4836	
8	4395	4396	4422	4421	4811	4812	4838	4837	
8	4396	4397	4423	4422	4812	4813	4839	4838	
8	4397	4398	4424	4423	4813	4814	4840	4839	
8	4398	4399	4425	4424	4814	4815	4841	4840	
8	4399	4400	4426	4425	4815	4816	4842	4841	
8	4400	4401	4427	4426	4816	4817	4843	4842	
8	4401	4402	4428	4427	4817	4818	4844	4843	
8	4402	4403	4429	4428	4818	4819	4845	4844	
8	4403	4404	4430	4429	4819	4820	4846	4845	
8	4404	4405	4431	4430	4820	4821	4847	4846	
8	4405	4406	4432	4431	4821	4822	4848	4847	
8	4406	4407	4433	4432	4822	4823	4849	4848	
8	4407	4408	4434	4433	4823	4824	4850	4849	
8	4408	4409	4435	4434	4824	4825	4851	4850	
8	4409	4410	4436	4435	4825	4826	4852	4851	
8	4410	4411	4437	4436	4826	4827	4853	4852	
8	4411	4412	4438	4437	4827	4828	4854	4853	
8	4412	4413	4439	4438	4828	4829	4855	4854	
8	4413	4414	4440	4439	4829	4830	4856	4855	
8	4414	4415	4441	4440	4830	4831	4857	4856	
8	4415	4416	4442	4441	4831	4832	4858	4857	
8	4416	4417	4443	4442	4832	4833	4859	4858	
8	4417	4418	4444	4443	4833	4834	4860	4859	
8	4418	4419	4445	4444	4834	4835	4861	4860	
8	4420	4421	4447	4446	4836	4837	4863	4862	
8	4421	4422	4448	4447	4837	4838	4864	4863	
8	4422	4423	4449	4448	4838	4839	4865	4864	
8	4423	4424	4450	4449	4839	4840	4866	4865	
8	4424	4425	4451	4450	4840	4841	4867	4866	
8	4425	4426	4452	4451	4841	4842	4868	4867	
8	4426	4427	4453	4452	4842	4843	4869	4868	
8	4427	4428	4454	4453	4843	4844	4870	4869	
8	4428	4429	4455	4454	4844	4845	4871	4870	
8	4429	4430	4456	4455	4845	4846	4872	4871	
8	4430	4431	4457	4456	4846	4847	4873	4872	
8	4431	4432	4458	4457	4847	4848	4874	4873	
8	4432	4433	4459	4458	4848	4849	4875	4874	
8	4433	4434	4460	4459	4849	4850	4876	4875	
8	4434	4435	4461	4460	4850	4851	4877	4876	
8	4435	4436	4462	4461	4851	4852	4878	4877	
8	4436	4437	4463	4462	4852	4853	4879	4878	
8	4437	4438	4464	4463	4853	4854	4880	4879	
8	4438	4439	4465	4464	4854	4855	4881	4880	
8	4439	4440	4466	4465	4855	4856	4882	4881	
8	4440	4441	4467	4466	4856	4857	4883	4882	
8	4441	4442	4468	4467	4857	4858	4884	4883	
8	4442	4443	4469	4468	4858	4859	4885	4884	
8	4443	4444	4470	4469	4859	4860	4886	4885	
8	4444	4445	4471	4470	4860	4861	4887	4886	
8	4446	4447	4473	4472	4862	4863	4889	4888	
8	4447	4448	4474	4473	4863	4864	4890	4889	
8	4448	4449	4475	4474	4864	4865	4891	4890	
8	4449	4450	4476	4475	4865	4866	4892	4891	
8	4450	4451	4477	4476	4866	4867	4893	4892	
8	4451	4452	4478	4477	4867	4868	4894	4893	
8	4452	4453	4479	4478	4868	4869	4895	4894	
8	4453	4454	4480	4479	4869	4870	4896	4895	
8	4454	4455	4481	4480	4870	4871	4897	4896	
8	4455	4456	4482	4481	4871	4872	4898	4897	
8	4456	4457	4483	4482	4872	4873	4899	4898	
8	4457	4458	4484	4483	4873	4874	4900	4899	
8	4458	4459	4485	4484	4874	4875	4901	4900	
8	4459	4460	4486	4485	4875	4876	4902	4901	
8	4460	4461	4487	4486	4876	4877	4903	4902	
8	4461	4462	4488	4487	4877	4878	4904	4903	
8	4462	4463	4489	4488	4878	4879	4905	4904	
8	4463	4464	4490	4489	4879	4880	4906	4905	
8	4464	4465	4491	4490	4880	4881	4907	4906	
8	4465	4466	4492	4491	4881	4882	4908	4907	
8	4466	4467	4493	4492	4882	4883	4909	4908	
8	4467	4468	4494	4493	4883	4884	4910	4909	
8	4468	4469	4495	4494	4884	4885	4911	4910	
8	4469	4470	4496	4495	4885	4886	4912	4911	
8	4470	4471	4497	4496	4886	4887	4913	4912	
8	4472	4473	4499	4498	4888	4889	4915	4914	
8	4473	4474	4500	4499	4889	4890	4916	4915	
8	4474	4475	4501	4500	4890	4891	4917	4916	
8	4475	4476	4502	4501	4891	4892	4918	4917	
8	4476	4477	4503	4502	4892	4893	4919	4918	
8	4477	4478	4504	4503	4893	4894	4920	4919	
8	4478	4479	4505	4504	4894	4895	4921	4920	
8	4479	4480	4506	4505	4895	4896	4922	4921	
8	4480	4481	4507	4506	4896	4897	4923	4922	
8	4481	4482	4508	4507	4897	4898	4924	4923	
8	4482	4483	4509	4508	4898	4899	4925	4924	
8	4483	4484	4510	4509	4899	4900	4926	4925	
8	4484	4485	4511	4510	4900	4901	4927	4926	
8	4485	4486	4512	4511	4901	4902	4928	4927	
8	4486	4487	4513	4512	4902	4903	4929	4928	
8	4487	4488	4514	4513	4903	4904	4930	4929	
8	4488	4489	4515	4514	4904	4905	4931	4930	
8	4489	4490	4516	4515	4905	4906	4932	4931	
8	4490	4491	4517	4516	4906	4907	4933	4932	
8	4491	4492	4518	4517	4907	4908	4934	4933	
8	4492	4493	4519	4518	4908	4909	4935	4934	
8	4493	4494	4520	4519	4909	4910	4936	4935	
8	4494	4495	4521	4520	4910	4911	4937	4936	
8	4495	4496	4522	4521	4911	4912	4938	4937	
8	4496	4497	4523	4522	4912	4913	4939	4938	
8	4498	4499	4525	4524	4914	4915	4941	4940	
8	4499	4500	4526	4525	4915	4916	4942	4941	
8	4500	4501	4527	4526	4916	4917	4943	4942	
8	4501	4502	4528	4527	4917	4918	4944	4943	
8	4502	4503	4529	4528	4918	4919	4945	4944	
8	4503	4504	4530	4529	4919	4920	4946	4945	
8	4504	4505	4531	4530	4920	4921	4947	4946	
8	4505	4506	4532	4531	4921	4922	4948	4947	
8	4506	4507	4533	4532	4922	4923	4949	4948	
8	4507	4508	4534	4533	4923	4924	4950	4949	
8	4508	4509	4535	4534	4924	4925	4951	4950	
8	4509	4510	4536	4535	4925	4926	4952	4951	
8	4510	4511	4537	4536	4926	4927	4953	4952	
8	4511	4512	4538	4537	4927	4928	4954	4953	
8	4512	4513	4539	4538	4928	4929	4955	4954	
8	4513	4514	4540	4539	4929	4930	4956	4955	
8	4514	4515	4541	4540	4930	4931	4957	4956	
8	4515	4516	4542	4541	4931	4932	4958	4957	
8	4516	4517	4543	4542	4932	4933	4959	4958	
8	4517	4518	4544	4543	4933	4934	4960	4959	
8	4518	4519	4545	4544	4934	4935	4961	4960	
8	4519	4520	4546	4545	4935	4936	4962	4961	
8	4520	4521	4547	4546	4936	4937	4963	4962	
8	4521	4522	4548	4547	4937	4938	4964	4963	
8	4522	4523	4549	4548	4938	4939	4965	4964	
8	4524	4525	4551	4550	4940	4941	4967	4966	
8	4525	4526	4552	4551	4941	4942	4968	4967	
8	4526	4527	4553	4552	4942	4943	4969	4968	
8	4527	4528	4554	4553	4943	4944	4970	4969	
8	4528	4529	4555	4554	4944	4945	4971	4970	
8	4529	4530	4556	4555	4945	4946	4972	4971	
8	4530	4531	4557	4556	4946	4947	4973	4972	
8	4531	4532	4558	4557	4947	4948	4974	4973	
8	4532	4533	4559	4558	4948	4949	4975	4974	
8	4533	4534	4560	4559	4949	4950	4976	4975	
8	4534	4535	4561	4560	4950	4951	4977	4976	
8	4535	4536	4562	4561	4951	4952	4978	4977	
8	4536	4537	4563	4562	4952	4953	4979	4978	
8	4537	4538	4564	4563	4953	4954	4980	4979	
8	4538	4539	4565	4564	4954	4955	4981	4980	
8	4539	4540	4566	4565	4955	4956	4982	4981	
8	4540	4541	4567	4566	4956	4957	4983	4982	
8	4541	4542	4568	4567	4957	4958	4984	4983	
8	4542	4543	4569	4568	4958	4959	4985	4984	
8	4543	4544	4570	4569	4959	4960	4986	4985	
8	4544	4545	4571	4570	4960	4961	4987	4986	
8	4545	4546	4572	4571	4961	4962	4988	4987	
8	4546	4547	4573	4572	4962	4963	4989	4988	
8	4547	4548	4574	4573	4963	4964	4990	4989	
8	4548	4549	4575	4574	4964	4965	4991	4990	
8	4576	4577	4603	4602	4992	4993	5019	5018	
8	4577	4578	4604	4603	4993	4994	5020	5019	
8	4578	4579	4605	4604	4994	4995	5021	5020	
8	4579	4580	4606	4605	4995	4996	5022	5021	
8	4580	4581	4607	4606	4996	4997	5023	5022	
8	4581	4582	4608	4607	4997	4998	5024	5023	
8	4582	4583	4609	4608	4998	4999	5025	5024	
8	4583	4584	4610	4609	4999	5000	5026	5025	
8	4584	4585	4611	4610	5000	5001	5027	5026	
8	4585	4586	4612	4611	5001	5002	5028	5027	
8	4586	4587	4613	4612	5002	5003	5029	5028	
8	4587	4588	4614	4613	5003	5004	5030	5029	
8	4588	4589	4615	4614	5004	5005	5031	5030	
8	4589	4590	4616	4615	5005	5006	5032	5031	
8	4590	4591	4617	4616	5006	5007	5033	5032	
8	4591	4592	4618	4617	5007	5008	5034	5033	
8	4592	4593	4619	4618	5008	5009	5035	5034	
8	4593	4594	4620	4619	5009	5010	5036	5035	
8	4594	4595	4621	4620	5010	5011	5037	5036	
8	4595	4596	4622	4621	5011	5012	5038	5037	
8	4596	4597	4623	4622	5012	5013	5039	5038	
8	4597	4598	4624	4623	5013	5014	5040	5039	
8	4598	4599	4625	4624	5014	5015	5041	5040	
8	4599	4600	4626	4625	5015	5016	5042	5041	
8	4600	4601	4627	4626	5016	5017	5043	5042	
8	4602	4603	4629	4628	5018	5019	5045	5044	
8	4603	4604	4630	4629	5019	5020	5046	5045	
8	4604	4605	4631	4630	5020	5021	5047	5046	
8	4605	4606	4632	4631	5021	5022	5048	5047	
8	4606	4607	4633	4632	5022	5023	5049	5048	
8	4607	4608	4634	4633	5023	5024	5050	5049	
8	4608	4609	4635	4634	5024	5025	5051	5050	
8	4609	4610	4636	4635	5025	5026	5052	5051	
8	4610	4611	4637	4636	5026	5027	5053	5052	
8	4611	4612	4638	4637	5027	5028	5054	5053	
8	4612	4613	4639	4638	5028	5029	5055	5054	
8	4613	4614	4640	4639	5029	5030	5056	5055	
8	4614	4615	4641	4640	5030	5031	5057	5056	
8	4615	4616	4642	4641	5031	5032	5058	5057	
8	4616	4617	4643	4642	5032	5033	5059	5058	
8	4617	4618	4644	4643	5033	5034	5060	5059	
8	4618	4619	4645	4644	5034	5035	5061	5060	
8	4619	4620	4646	4645	5035	5036	5062	5061	
8	4620	4621	4647	4646	5036	5037	5063	5062	
8	4621	4622	4648	4647	5037	5038	5064	5063	
8	4622	4623	4649	4648	5038	5039	5065	5064	
8	4623	4624	4650	4649	5039	5040	5066	5065	
8	4624	4625	4651	4650	5040	5041	5067	5066	
8	4625	4626	4652	4651	5041	5042	5068	5067	
8	4626	4627	4653	4652	5042	5043	5069	5068	
8	4628	4629	4655	4654	5044	5045	5071	5070	
8	4629	4630	4656	4655	5045	5046	5072	5071	
8	4630	4631	4657	4656	5046	5047	5073	5072	
8	4631	4632	4658	4657	5047	5048	5074	5073	
8	4632	4633	4659	4658	5048	5049	5075	5074	
8	4633	4634	4660	4659	5049	5050	5076	5075	
8	4634	4635	4661	4660	5050	5051	5077	5076	
8	4635	4636	4662	4661	5051	5052	5078	5077	
8	4636	4637	4663	4662	5052	5053	5079	5078	
8	4637	4638	4664	4663	5053	5054	5080	5079	
8	4638	4639	4665	4664	5054	5055	5081	5080	
8	4639	4640	4666	4665	5055	5056	5082	5081	
8	4640	4641	4667	4666	5056	5057	5083	5082	
8	4641	4642	4668	4667	5057	5058	5084	5083	
8	4642	4643	4669	4668	5058	5059	5085	5084	
8	4643	4644	4670	4669	5059	5060	5086	5085	
8	4644	4645	4671	4670	5060	5061	5087	5086	
8	4645	4646	4672	4671	5061	5062	5088	5087	
8	4646	4647	4673	4672	5062	5063	5089	5088	
8	4647	4648	4674	4673	5063	5064	5090	5089	
8	4648	4649	4675	4674	5064	5065	5091	5090	
8	4649	4650	4676	4675	5065	5066	5092	5091	
8	4650	4651	4677	4676	5066	5067	5093	5092	
8	4651	4652	4678	4677	5067	5068	5094	5093	
8	4652	4653	4679	4678	5068	5069	5095	5094	
8	4654	4655	4681	4680	5070	5071	5097	5096	
8	4655	4656	4682	4681	5071	5072	5098	5097	
8	4656	4657	4683	4682	5072	5073	5099	5098	
8	4657	4658	4684	4683	5073	5074	5100	5099	
8	4658	4659	4685	4684	5074	5075	5101	5100	
8	4659	4660	4686	4685	5075	5076	5102	5101	
8	4660	4661	4687	4686	5076	5077	5103	5102	
8	4661	4662	4688	4687	5077	5078	5104	5103	
8	4662	4663	4689	4688	5078	5079	5105	5104	
8	4663	4664	4690	4689	5079	5080	5106	5105	
8	4664	4665	4691	4690	5080	5081	5107	5106	
8	4665	4666	4692	4691	5081	5082	5108	5107	
8	4666	4667	4693	4692	5082	5083	5109	5108	
8	4667	4668	4694	4693	5083	5084	5110	5109	
8	4668	4669	4695	4694	5084	5085	5111	5110	
8	4669	4670	4696	4695	5085	5086	5112	5111	
8	4670	4671	4697	4696	5086	5087	5113	5112	
8	4671	4672	4698	4697	5087	5088	5114	5113	
8	4672	4673	4699	4698	5088	5089	5115	5114	
8	4673	4674	4700	4699	5089	5090	5116	5115	
8	4674	4675	4701	4700	5090	5091	5117	5116	
8	4675	4676	4702	4701	5091	5092	5118	5117	
8	4676	4677	4703	4702	5092	5093	5119	5118	
8	4677	4678	4704	4703	5093	5094	5120	5119	
8	4678	4679	4705	4704	5094	5095	5121	5120	
8	4680	4681	4707	4706	5096	5097	5123	5122	
8	4681	4682	4708	4707	5097	5098	5124	5123	
8	4682	4683	4709	4708	5098	5099	5125	5124	
8	4683	4684	4710	4709	5099	5100	5126	5125	
8	4684	4685	4711	4710	5100	5101	5127	5126	
8	4685	4686	4712	4711	5101	5102	5128	5127	
8	4686	4687	4713	4712	5102	5103	5129	5128	
8	4687	4688	4714	4713	5103	5104	5130	5129	
8	4688	4689	4715	4714	5104	5105	5131	5130	
8	4689	4690	4716	4715	5105	5106	5132	5131	
8	4690	4691	4717	4716	5106	5107	5133	5132	
8	4691	4692	4718	4717	5107	5108	5134	5133	
8	4692	4693	4719	4718	5108	5109	5135	5134	
8	4693	4694	4720	4719	5109	5110	5136	5135	
8	4694	4695	4721	4720	5110	5111	5137	5136	
8	4695	4696	4722	4721	5111	5112	5138	5137	
8	4696	4697	4723	4722	5112	5113	5139	5138	
8	4697	4698	4724	4723	5113	5114	5140	5139	
8	4698	4699	4725	4724	5114	5115	5141	5140	
8	4699	4700	4726	4725	5115	5116	5142	5141	
8	4700	4701	4727	4726	5116	5117	5143	5142	
8	4701	4702	4728	4727	5117	5118	5144	5143	
8	4702	4703	4729	4728	5118	5119	5145	5144	
8	4703	4704	4730	4729	5119	5120	5146	5145	
8	4704	4705	4731	4730	5120	5121	5147	5146	
8	4706	4707	4733	4732	5122	5123	5149	5148	
8	4707	4708	4734	4733	5123	5124	5150	5149	
8	4708	4709	4735	4734	5124	5125	5151	5150	
8	4709	4710	4736	4735	5125	5126	5152	5151	
8	4710	4711	4737	4736	5126	5127	5153	5152	
8	4711	4712	4738	4737	5127	5128	5154	5153	
8	4712	4713	4739	4738	5128	5129	5155	5154	
8	4713	4714	4740	4739	5129	5130	5156	5155	
8	4714	4715	4741	4740	5130	5131	5157	5156	
8	4715	4716	4742	4741	5131	5132	5158	5157	
8	4716	4717	4743	4742	5132	5133	5159	5158	
8	4717	4718	4744	4743	5133	5134	5160	5159	
8	4718	4719	4745	4744	5134	5135	5161	5160	
8	4719	4720	4746	4745	5135	5136	5162	5161	
8	4720	4721	4747	4746	5136	5137	5163	5162	
8	4721	4722	4748	4747	5137	5138	5164	5163	
8	4722	4723	4749	4748	5138	5139	5165	5164	
8	4723	4724	4750	4749	5139	5140	5166	5165	
8	4724	4725	4751	4750	5140	5141	5167	5166	
8	4725	4726	4752	4751	5141	5142	5168	5167	
8	4726	4727	4753	4752	5142	5143	5169	5168	
8	4727	4728	4754	4753	5143	5144	5170	5169	
8	4728	4729	4755	4754	5144	5145	5171	5170	
8	4729	4730	4756	4755	5145	5146	5172	5171	
8	4730	4731	4757	4756	5146	5147	5173	5172	
8	4732	4733	4759	4758	5148	5149	5175	5174	
8	4733	4734	4760	4759	5149	5150	5176	5175	
8	4734	4735	4761	4760	5150	5151	5177	5176	
8	4735	4736	4762	4761	5151	5152	5178	5177	
8	4736	4737	4763	4762	5152	5153	5179	5178	
8	4737	4738	4764	4763	5153	5154	5180	5179	
8	4738	4739	4765	4764	5154	5155	5181	5180	
8	4739	4740	4766	4765	5155	5156	5182	5181	
8	4740	4741	4767	4766	5156	5157	5183	5182	
8	4741	4742	4768	4767	5157	5158	5184	5183	
8	4742	4743	4769	4768	5158	5159	5185	5184	
8	4743	4744	4770	4769	5159	5160	5186	5185	
8	4744	4745	4771	4770	5160	5161	5187	5186	
8	4745	4746	4772	4771	5161	5162	5188	5187	
8	4746	4747	4773	4772	5162	5163	5189	5188	
8	4747	4748	4774	4773	5163	5164	5190	5189	
8	4748	4749	4775	4774	5164	5165	5191	5190	
8	4749	4750	4776	4775	5165	5166	5192	5191	
8	4750	4751	4777	4776	5166	5167	5193	5192	
8	4751	4752	4778	4777	5167	5168	5194	5193	
8	4752	4753	4779	4778	5168	5169	5195	5194	
8	4753	4754	4780	4779	5169	5170	5196	5195	
8	4754	4755	4781	4780	5170	5171	5197	5196	
8	4755	4756	4782	4781	5171	5172	5198	5197	
8	4756	4757	4783	4782	5172	5173	5199	5198	
8	4758	4759	4785	4784	5174	5175	5201	5200	
8	4759	4760	4786	4785	5175	5176	5202	5201	
8	4760	4761	4787	4786	5176	5177	5203	5202	
8	4761	4762	4788	4787	5177	5178	5204	5203	
8	4762	4763	4789	4788	5178	5179	5205	5204	
8	4763	4764	4790	4789	5179	5180	5206	5205	
8	4764	4765	4791	4790	5180	5181	5207	5206	
8	4765	4766	4792	4791	5181	5182	5208	5207	
8	4766	4767	4793	4792	5182	5183	5209	5208	
8	4767	4768	4794	4793	5183	5184	5210	5209	
8	4768	4769	4795	4794	5184	5185	5211	5210	
8	4769	4770	4796	4795	5185	5186	5212	5211	
8	4770	4771	4797	4796	5186	5187	5213	5212	
8	4771	4772	4798	4797	5187	5188	5214	5213	
8	4772	4773	4799	4798	5188	5189	5215	5214	
8	4773	4774	4800	4799	5189	5190	5216	5215	
8	4774	4775	4801	4800	5190	5191	5217	5216	
8	4775	4776	4802	4801	5191	5192	5218	5217	
8	4776	4777	4803	4802	5192	5193	5219	5218	
8	4777	4778	4804	4803	5193	5194	5220	5219	
8	4778	4779	4805	4804	5194	5195	5221	5220	
8	4779	4780	4806	4805	5195	5196	5222	5221	
8	4780	4781	4807	4806	5196	5197	5223	5222	
8	4781	4782	4808	4807	5197	5198	5224	5223	
8	4782	4783	4809	4808	5198	5199	5225	5224	
8	4784	4785	4811	4810	5200	5201	5227	5226	
8	4785	4786	4812	4811	5201	5202	5228	5227	
8	4786	4787	4813	4812	5202	5203	5229	5228	
8	4787	4788	4814	4813	5203	5204	5230	5229	
8	4788	4789	4815	4814	5204	5205	5231	5230	
8	4789	4790	4816	4815	5205	5206	5232	5231	
8	4790	4791	4817	4816	5206	5207	5233	5232	
8	4791	4792	4818	4817	5207	5208	5234	5233	
8	4792	4793	4819	4818	5208	5209	5235	5234	
8	4793	4794	4820	4819	5209	5210	5236	5235	
8	4794	4795	4821	4820	5210	5211	5237	5236	
8	4795	4796	4822	4821	5211	5212	5238	5237	
8	4796	4797	4823	4822	5212	5213	5239	5238	
8	4797	4798	4824	4823	5213	5214	5240	5239	
8	4798	4799	4825	4824	5214	5215	5241	5240	
8	4799	4800	4826	4825	5215	5216	5242	5241	
8	4800	4801	4827	4826	5216	5217	5243	5242	
8	4801	4802	4828	4827	5217	5218	5244	5243	
8	4802	4803	4829	4828	5218	5219	5245	5244	
8	4803	4804	4830	4829	5219	5220	5246	5245	
8	4804	4805	4831	4830	5220	5221	5247	5246	
8	4805	4806	4832	4831	5221	5222	5248	5247	
8	4806	4807	4833	4832	5222	5223	5249	5248	
8	4807	4808	4834	4833	5223	5224	5250	5249	
8	4808	4809	4835	4834	5224	5225	5251	5250	
8	4810	4811	4837	4836	5226	5227	5253	5252	
8	4811	4812	4838	4837	5227	5228	5254	5253	
8	4812	4813	4839	4838	5228	5229	5255	5254	
8	4813	4814	4840	4839	5229	5230	5256	5255	
8	4814	4815	4841	4840	5230	5231	5257	5256	
8	4815	4816	4842	4841	5231	5232	5258	5257	
8	4816	4817	4843	4842	5232	5233	5259	5258	
8	4817	4818	4844	4843	5233	5234	5260	5259	
8	4818	4819	4845	4844	5234	5235	5261	5260	
8	4819	4820	4846	4845	5235	5236	5262	5261	
8	4820	4821	4847	4846	5236	5237	5263	5262	
8	4821	4822	4848	4847	5237	5238	5264	5263	
8	4822	4823	4849	4848	5238	5239	5265	5264	
8	4823	4824	4850	4849	5239	5240	5266	5265	
8	4824	4825	4851	4850	5240	5241	5267	5266	
8	4825	4826	4852	4851	5241	5242	5268	5267	
8	4826	4827	4853	4852	5242	5243	5269	5268	
8	4827	4828	4854	4853	5243	5244	5270	5269	
8	4828	4829	4855	4854	5244	5245	5271	5270	
8	4829	4830	4856	4855	5245	5246	5272	5271	
8	4830	4831	4857	4856	5246	5247	5273	5272	
8	4831	4832	4858	4857	5247	5248	5274	5273	
8	4832	4833	4859	4858	5248	5249	5275	5274	
8	4833	4834	4860	4859	5249	5250	5276	5275	
8	4834	4835	4861	4860	5250	5251	5277	5276	
8	4836	4837	4863	4862	5252	5253	5279	5278	
8	4837	4838	4864	4863	5253	5254	5280	5279	
8	4838	4839	4865	4864	5254	5255	5281	5280	
8	4839	4840	4866	4865	5255	5256	5282	5281	
8	4840	4841	4867	4866	5256	5257	5283	5282	
8	4841	4842	4868	4867	5257	5258	5284	5283	
8	4842	4843	4869	4868	5258	5259	5285	5284	
8	4843	4844	4870	4869	5259	5260	5286	5285	
8	4844	4845	4871	4870	5260	5261	5287	5286	
8	4845	4846	4872	4871	5261	5262	5288	5287	
8	4846	4847	4873	4872	5262	5263	5289	5288	
8	4847	4848	4874	4873	5263	5264	5290	5289	
8	4848	4849	4875	4874	5264	5265	5291	5290	
8	4849	4850	4876	4875	5265	5266	5292	5291	
8	4850	4851	4877	4876	5266	5267	5293	5292	
8	4851	4852	4878	4877	5267	5268	5294	5293	
8	4852	4853	4879	4878	5268	5269	5295	5294	
8	4853	4854	4880	4879	5269	5270	5296	5295	
8	4854	4855	4881	4880	5270	5271	5297	5296	
8	4855	4856	4882	4881	5271	5272	5298	5297	
8	4856	4857	4883	4882	5272	5273	5299	5298	
8	4857	4858	4884	4883	5273	5274	5300	5299	
8	4858	4859	4885	4884	5274	5275	5301	5300	
8	4859	4860	4886	4885	5275	5276	5302	5301	
8	4860	4861	4887	4886	5276	5277	5303	5302	
8	4862	4863	4889	4888	5278	5279	5305	5304	
8	4863	4864	4890	4889	5279	5280	5306	5305	
8	4864	4865	4891	4890	5280	5281	5307	5306	
8	4865	4866	4892	4891	5281	5282	5308	5307	
8	4866	4867	4893	4892	5282	5283	5309	5308	
8	4867	4868	4894	4893	5283	5284	5310	5309	
8	4868	4869	4895	4894	5284	5285	5311	5310	
8	4869	4870	4896	4895	5285	5286	5312	5311	
8	4870	4871	4897	4896	5286	5287	5313	5312	
8	4871	4872	4898	4897	5287	5288	5314	5313	
8	4872	4873	4899	4898	5288	5289	5315	5314	
8	4873	4874	4900	4899	5289	5290	5316	5315	
8	4874	4875	4901	4900	5290	5291	5317	5316	
8	4875	4876	4902	4901	5291	5292	5318	5317	
8	4876	4877	4903	4902	5292	5293	5319	5318	
8	4877	4878	4904	4903	5293	5294	5320	5319	
8	4878	4879	4905	4904	5294	5295	5321	5320	
8	4879	4880	4906	4905	5295	5296	5322	5321	
8	4880	4881	4907	4906	5296	5297	5323	5322	
8	4881	4882	4908	4907	5297	5298	5324	5323	
8	4882	4883	4909	4908	5298	5299	5325	5324	
8	4883	4884	4910	4909	5299	5300	5326	5325	
8	4884	4885	4911	4910	5300	5301	5327	5326	
8	4885	4886	4912	4911	5301	5302	5328	5327	
8	4886	4887	4913	4912	5302	5303	5329	5328	
8	4888	4889	4915	4914	5304	5305	5331	5330	
8	4889	4890	4916	4915	5305	5306	5332	5331	
8	4890	4891	4917	4916	5306	5307	5333	5332	
8	4891	4892	4918	4917	5307	5308	5334	5333	
8	4892	4893	4919	4918	5308	5309	5335	5334	
8	4893	4894	4920	4919	5309	5310	5336	5335	
8	4894	4895	4921	4920	5310	5311	5337	5336	
8	4895	4896	4922	4921	5311	5312	5338	5337	
8	4896	4897	4923	4922	5312	5313	5339	5338	
8	4897	4898	4924	4923	5313	5314	5340	5339	
8	4898	4899	4925	4924	5314	5315	5341	5340	
8	4899	4900	4926	4925	5315	5316	5342	5341	
8	4900	4901	4927	4926	5316	5317	5343	5342	
8	4901	4902	4928	4927	5317	5318	5344	5343	
8	4902	4903	4929	4928	5318	5319	5345	5344	
8	4903	4904	4930	4929	5319	5320	5346	5345	
8	4904	4905	4931	4930	5320	5321	5347	5346	
8	4905	4906	4932	4931	5321	5322	5348	5347	
8	4906	4907	4933	4932	5322	5323	5349	5348	
8	4907	4908	4934	4933	5323	5324	5350	5349	
8	4908	4909	4935	4934	5324	5325	5351	5350	
8	4909	4910	4936	4935	5325	5326	5352	5351	
8	4910	4911	4937	4936	5326	5327	5353	5352	
8	4911	4912	4938	4937	5327	5328	5354	5353	
8	4912	4913	4939	4938	5328	5329	5355	5354	
8	4914	4915	4941	4940	5330	5331	5357	5356	
8	4915	4916	4942	4941	5331	5332	5358	5357	
8	4916	4917	4943	4942	5332	5333	5359	5358	
8	4917	4918	4944	4943	5333	5334	5360	5359	
8	4918	4919	4945	4944	5334	5335	5361	5360	
8	4919	4920	4946	4945	5335	5336	5362	5361	
8	4920	4921	4947	4946	5336	5337	5363	5362	
8	4921	4922	4948	4947	5337	5338	5364	5363	
8	4922	4923	4949	4948	5338	5339	5365	5364	
8	4923	4924	4950	4949	5339	5340	5366	5365	
8	4924	4925	4951	4950	5340	5341	5367	5366	
8	4925	4926	4952	4951	5341	5342	5368	5367	
8	4926	4927	4953	4952	5342	5343	5369	5368	
8	4927	4928	4954	4953	5343	5344	5370	5369	
8	4928	4929	4955	4954	5344	5345	5371	5370	
8	4929	4930	4956	4955	5345	5346	5372	5371	
8	4930	4931	4957	4956	5346	5347	5373	5372	
8	4931	4932	4958	4957	5347	5348	5374	5373	
8	4932	4933	4959	4958	5348	5349	5375	5374	
8	4933	4934	4960	4959	5349	5350	5376	5375	
8	4934	4935	4961	4960	5350	5351	5377	5376	
8	4935	4936	4962	4961	5351	5352	5378	5377	
8	4936	4937	4963	4962	5352	5353	5379	5378	
8	4937	4938	4964	4963	5353	5354	5380	5379	
8	4938	4939	4965	4964	5354	5355	5381	5380	
8	4940	4941	4967	4966	5356	5357	5383	5382	
8	4941	4942	4968	4967	5357	5358	5384	5383	
8	4942	4943	4969	4968	5358	5359	5385	5384	
8	4943	4944	4970	4969	5359	5360	5386	5385	
8	4944	4945	4971	4970	5360	5361	5387	5386	
8	4945	4946	4972	4971	5361	5362	5388	5387	
8	4946	4947	4973	4972	5362	5363	5389	5388	
8	4947	4948	4974	4973	5363	5364	5390	5389	
8	4948	4949	4975	4974	5364	5365	5391	5390	
8	4949	4950	4976	4975	5365	5366	5392	5391	
8	4950	4951	4977	4976	5366	5367	5393	5392	
8	4951	4952	4978	4977	5367	5368	5394	5393	
8	4952	4953	4979	4978	5368	5369	5395	5394	
8	4953	4954	4980	4979	5369	5370	5396	5395	
8	4954	4955	4981	4980	5370	5371	5397	5396	
8	4955	4956	4982	4981	5371	5372	5398	5397	
8	4956	4957	4983	4982	5372	5373	5399	5398	
8	4957	4958	4984	4983	5373	5374	5400	5399	
8	4958	4959	4985	4984	5374	5375	5401	5400	
8	4959	4960	4986	4985	5375	5376	5402	5401	
8	4960	4961	4987	4986	5376	5377	5403	5402	
8	4961	4962	4988	4987	5377	5378	5404	5403	
8	4962	4963	4989	4988	5378	5379	5405	5404	
8	4963	4964	4990	4989	5379	5380	5406	5405	
8	4964	4965	4991	4990	5380	5381	5407	5406	
8	4992	4993	5019	5018	5408	5409	5435	5434	
8	4993	4994	5020	5019	5409	5410	5436	5435	
8	4994	4995	5021	5020	5410	5411	5437	5436	
8	4995	4996	5022	5021	5411	5412	5438	5437	
8	4996	4997	5023	5022	5412	5413	5439	5438	
8	4997	4998	5024	5023	5413	5414	5440	5439	
8	4998	4999	5025	5024	5414	5415	5441	5440	
8	4999	5000	5026	5025	5415	5416	5442	5441	
8	5000	5001	5027	5026	5416	5417	5443	5442	
8	5001	5002	5028	5027	5417	5418	5444	5443	
8	5002	5003	5029	5028	5418	5419	5445	5444	
8	5003	5004	5030	5029	5419	5420	5446	5445	
8	5004	5005	5031	5030	5420	5421	5447	5446	
8	5005	5006	5032	5031	5421	5422	5448	5447	
8	5006	5007	5033	5032	5422	5423	5449	5448	
8	5007	5008	5034	5033	5423	5424	5450	5449	
8	5008	5009	5035	5034	5424	5425	5451	5450	
8	5009	5010	5036	5035	5425	5426	5452	5451	
8	5010	5011	5037	5036	5426	5427	5453	5452	
8	5011	5012	5038	5037	5427	5428	5454	5453	
8	5012	5013	5039	5038	5428	5429	5455	5454	
8	5013	5014	5040	5039	5429	5430	5456	5455	
8	5014	5015	5041	5040	5430	5431	5457	5456	
8	5015	5016	5042	5041	5431	5432	5458	5457	
8	5016	5017	5043	5042	5432	5433	5459	5458	
8	5018	5019	5045	5044	5434	5435	5461	5460	
8	5019	5020	5046	5045	5435	5436	5462	5461	
8	5020	5021	5047	5046	5436	5437	5463	5462	
8	5021	5022	5048	5047	5437	5438	5464	5463	
8	5022	5023	5049	5048	5438	5439	5465	5464	
8	5023	5024	5050	5049	5439	5440	5466	5465	
8	5024	5025	5051	5050	5440	5441	5467	5466	
8	5025	5026	5052	5051	5441	5442	5468	5467	
8	5026	5027	5053	5052	5442	5443	5469	5468	
8	5027	5028	5054	5053	5443	5444	5470	5469	
8	5028	5029	5055	5054	5444	5445	5471	5470	
8	5029	5030	5056	5055	5445	5446	5472	5471	
8	5030	5031	5057	5056	5446	5447	5473	5472	
8	5031	5032	5058	5057	5447	5448	5474	5473	
8	5032	5033	5059	5058	5448	5449	5475	5474	
8	5033	5034	5060	5059	5449	5450	5476	5475	
8	5034	5035	5061	5060	5450	5451	5477	5476	
8	5035	5036	5062	5061	5451	5452	5478	5477	
8	5036	5037	5063	5062	5452	5453	5479	5478	
8	5037	5038	5064	5063	5453	5454	5480	5479	
8	5038	5039	5065	5064	5454	5455	5481	5480	
8	5039	5040	5066	5065	5455	5456	5482	5481	
8	5040	5041	5067	5066	5456	5457	5483	5482	
8	5041	5042	5068	5067	5457	5458	5484	5483	
8	5042	5043	5069	5068	5458	5459	5485	5484	
8	5044	5045	5071	5070	5460	5461	5487	5486	
8	5045	5046	5072	5071	5461	5462	5488	5487	
8	5046	5047	5073	5072	5462	5463	5489	5488	
8	5047	5048	5074	5073	5463	5464	5490	5489	
8	5048	5049	5075	5074	5464	5465	5491	5490	
8	5049	5050	5076	5075	5465	5466	5492	5491	
8	5050	5051	5077	5076	5466	5467	5493	5492	
8	5051	5052	5078	5077	5467	5468	5494	5493	
8	5052	5053	5079	5078	5468	5469	5495	5494	
8	5053	5054	5080	5079	5469	5470	5496	5495	
8	5054	5055	5081	5080	5470	5471	5497	5496	
8	5055	5056	5082	5081	5471	5472	5498	5497	
8	5056	5057	5083	5082	5472	5473	5499	5498	
8	5057	5058	5084	5083	5473	5474	5500	5499	
8	5058	5059	5085	5084	5474	5475	5501	5500	
8	5059	5060	5086	5085	5475	5476	5502	5501	
8	5060	5061	5087	5086	5476	5477	5503	5502	
8	5061	5062	5088	5087	5477	5478	5504	5503	
8	5062	5063	5089	5088	5478	5479	5505	5504	
8	5063	5064	5090	5089	5479	5480	5506	5505	
8	5064	5065	5091	5090	5480	5481	5507	5506	
8	5065	5066	5092	5091	5481	5482	5508	5507	
8	5066	5067	5093	5092	5482	5483	5509	5508	
8	5067	5068	5094	5093	5483	5484	5510	5509	
8	5068	5069	5095	5094	5484	5485	5511	5510	
8	5070	5071	5097	5096	5486	5487	5513	5512	
8	5071	5072	5098	5097	5487	5488	5514	5513	
8	5072	5073	5099	5098	5488	5489	5515	5514	
8	5073	5074	5100	5099	5489	5490	5516	5515	
8	5074	5075	5101	5100	5490	5491	5517	5516	
8	5075	5076	5102	5101	5491	5492	5518	5517	
8	5076	5077	5103	5102	5492	5493	5519	5518	
8	5077	5078	5104	5103	5493	5494	5520	5519	
8	5078	5079	5105	5104	5494	5495	5521	5520	
8	5079	5080	5106	5105	5495	5496	5522	5521	
8	5080	5081	5107	5106	5496	5497	5523	5522	
8	5081	5082	5108	5107	5497	5498	5524	5523	
8	5082	5083	5109	5108	5498	5499	5525	5524	
8	5083	5084	5110	5109	5499	5500	5526	5525	
8	5084	5085	5111	5110	5500	5501	5527	5526	
8	5085	5086	5112	5111	5501	5502	5528	5527	
8	5086	5087	5113	5112	5502	5503	5529	5528	
8	5087	5088	5114	5113	5503	5504	5530	5529	
8	5088	5089	5115	5114	5504	5505	5531	5530	
8	5089	5090	5116	5115	5505	5506	5532	5531	
8	5090	5091	5117	5116	5506	5507	5533	5532	
8	5091	5092	5118	5117	5507	5508	5534	5533	
8	5092	5093	5119	5118	5508	5509	5535	5534	
8	5093	5094	5120	5119	5509	5510	5536	5535	
8	5094	5095	5121	5120	5510	5511	5537	5536	
8	5096	5097	5123	5122	5512	5513	5539	5538	
8	5097	5098	5124	5123	5513	5514	5540	5539	
8	5098	5099	5125	5124	5514	5515	5541	5540	
8	5099	5100	5126	5125	5515	5516	5542	5541	
8	5100	5101	5127	5126	5516	5517	5543	5542	
8	5101	5102	5128	5127	5517	5518	5544	5543	
8	5102	5103	5129	5128	5518	5519	5545	5544	
8	5103	5104	5130	5129	5519	5520	5546	5545	
8	5104	5105	5131	5130	5520	5521	5547	5546	
8	5105	5106	5132	5131	5521	5522	5548	5547	
8	5106	5107	5133	5132	5522	5523	5549	5548	
8	5107	5108	5134	5133	5523	5524	5550	5549	
8	5108	5109	5135	5134	5524	5525	5551	5550	
8	5109	5110	5136	5135	5525	5526	5552	5551	
8	5110	5111	5137	5136	5526	5527	5553	5552	
8	5111	5112	5138	5137	5527	5528	5554	5553	
8	5112	5113	5139	5138	5528	5529	5555	5554	
8	5113	5114	5140	5139	5529	5530	5556	5555	
8	5114	5115	5141	5140	5530	5531	5557	5556	
8	5115	5116	5142	5141	5531	5532	5558	5557	
8	5116	5117	5143	5142	5532	5533	5559	5558	
8	5117	5118	5144	5143	5533	5534	5560	5559	
8	5118	5119	5145	5144	5534	5535	5561	5560	
8	5119	5120	5146	5145	5535	5536	5562	5561	
8	5120	5121	5147	5146	5536	5537	5563	5562	
8	5122	5123	5149	5148	5538	5539	5565	5564	
8	5123	5124	5150	5149	5539	5540	5566	5565	
8	5124	5125	5151	5150	5540	5541	5567	5566	
8	5125	5126	5152	5151	5541	5542	5568	5567	
8	5126	5127	5153	5152	5542	5543	5569	5568	
8	5127	5128	5154	5153	5543	5544	5570	5569	
8	5128	5129	5155	5154	5544	5545	5571	5570	
8	5129	5130	5156	5155	5545	5546	5572	5571	
8	5130	5131	5157	5156	5546	5547	5573	5572	
8	5131	5132	5158	5157	5547	5548	5574	5573	
8	5132	5133	5159	5158	5548	5549	5575	5574	
8	5133	5134	5160	5159	5549	5550	5576	5575	
8	5134	5135	5161	5160	5550	5551	5577	5576	
8	5135	5136	5162	5161	5551	5552	5578	5577	
8	5136	5137	5163	5162	5552	5553	5579	5578	
8	5137	5138	5164	5163	5553	5554	5580	5579	
8	5138	5139	5165	5164	5554	5555	5581	5580	
8	5139	5140	5166	5165	5555	5556	5582	5581	
8	5140	5141	5167	5166	5556	5557	5583	5582	
8	5141	5142	5168	5167	5557	5558	5584	5583	
8	5142	5143	5169	5168	5558	5559	5585	5584	
8	5143	5144	5170	5169	5559	5560	5586	5585	
8	5144	5145	5171	5170	5560	5561	5587	5586	
8	5145	5146	5172	5171	5561	5562	5588	5587	
8	5146	5147	5173	5172	5562	5563	5589	5588	
8	5148	5149	5175	5174	5564	5565	5591	5590	
8	5149	5150	5176	5175	5565	5566	5592	5591	
8	5150	5151	5177	5176	5566	5567	5593	5592	
8	5151	5152	5178	5177	5567	5568	5594	5593	
8	5152	5153	5179	5178	5568	5569	5595	5594	
8	5153	5154	5180	5179	5569	5570	5596	5595	
8	5154	5155	5181	5180	5570	5571	5597	5596	
8	5155	5156	5182	5181	5571	5572	5598	5597	
8	5156	5157	5183	5182	5572	5573	5599	5598	
8	5157	5158	5184	5183	5573	5574	5600	5599	
8	5158	5159	5185	5184	5574	5575	5601	5600	
8	5159	5160	5186	5185	5575	5576	5602	5601	
8	5160	5161	5187	5186	5576	5577	5603	5602	
8	5161	5162	5188	5187	5577	5578	5604	5603	
8	5162	5163	5189	5188	5578	5579	5605	5604	
8	5163	5164	5190	5189	5579	5580	5606	5605	
8	5164	5165	5191	5190	5580	5581	5607	5606	
8	5165	5166	5192	5191	5581	5582	5608	5607	
8	5166	5167	5193	5192	5582	5583	5609	5608	
8	5167	5168	5194	5193	5583	5584	5610	5609	
8	5168	5169	5195	5194	5584	5585	5611	5610	
8	5169	5170	5196	5195	5585	5586	5612	5611	
8	5170	5171	5197	5196	5586	5587	5613	5612	
8	5171	5172	5198	5197	5587	5588	5614	5613	
8	5172	5173	5199	5198	5588	5589	5615	5614	
8	5174	5175	5201	5200	5590	5591	5617	5616	
8	5175	5176	5202	5201	5591	5592	5618	5617	
8	5176	5177	5203	5202	5592	5593	5619	5618	
8	5177	5178	5204	5203	5593	5594	5620	5619	
8	5178	5179	5205	5204	5594	5595	5621	5620	
8	5179	5180	5206	5205	5595	5596	5622	5621	
8	5180	5181	5207	5206	5596	5597	5623	5622	
8	5181	5182	5208	5207	5597	5598	5624	5623	
8	5182	5183	5209	5208	5598	5599	5625	5624	
8	5183	5184	5210	5209	5599	5600	5626	5625	
8	5184	5185	5211	5210	5600	5601	5627	5626	
8	5185	5186	5212	5211	5601	5602	5628	5627	
8	5186	5187	5213	5212	5602	5603	5629	5628	
8	5187	5188	5214	5213	5603	5604	5630	5629	
8	5188	5189	5215	5214	5604	5605	5631	5630	
8	5189	5190	5216	5215	5605	5606	5632	5631	
8	5190	5191	5217	5216	5606	5607	5633	5632	
8	5191	5192	5218	5217	5607	5608	5634	5633	
8	5192	5193	5219	5218	5608	5609	5635	5634	
8	5193	5194	5220	5219	5609	5610	5636	5635	
8	5194	5195	5221	5220	5610	5611	5637	5636	
8	5195	5196	5222	5221	5611	5612	5638	5637	
8	5196	5197	5223	5222	5612	5613	5639	5638	
8	5197	5198	5224	5223	5613	5614	5640	5639	
8	5198	5199	5225	5224	5614	5615	5641	5640	
8	5200	5201	5227	5226	5616	5617	5643	5642	
8	5201	5202	5228	5227	5617	5618	5644	5643	
8	5202	5203	5229	5228	5618	5619	5645	5644	
8	5203	5204	5230	5229	5619	5620	5646	5645	
8	5204	5205	5231	5230	5620	5621	5647	5646	
8	5205	5206	5232	5231	5621	5622	5648	5647	
8	5206	5207	5233	5232	5622	5623	5649	5648	
8	5207	5208	5234	5233	5623	5624	5650	5649	
8	5208	5209	5235	5234	5624	5625	5651	5650	
8	5209	5210	5236	5235	5625	5626	5652	5651	
8	5210	5211	5237	5236	5626	5627	5653	5652	
8	5211	5212	5238	5237	5627	5628	5654	5653	
8	5212	5213	5239	5238	5628	5629	5655	5654	
8	5213	5214	5240	5239	5629	5630	5656	5655	
8	5214	5215	5241	5240	5630	5631	5657	5656	
8	5215	5216	5242	5241	5631	5632	5658	5657	
8	5216	5217	5243	5242	5632	5633	5659	5658	
8	5217	5218	5244	5243	5633	5634	5660	5659	
8	5218	5219	5245	5244	5634	5635	5661	5660	
8	5219	5220	5246	5245	5635	5636	5662	5661	
8	5220	5221	5247	5246	5636	5637	5663	5662	
8	5221	5222	5248	5247	5637	5638	5664	5663	
8	5222	5223	5249	5248	5638	5639	5665	5664	
8	5223	5224	5250	5249	5639	5640	5666	5665	
8	5224	5225	5251	5250	5640	5641	5667	5666	
8	5226	5227	5253	5252	5642	5643	5669	5668	
8	5227	5228	5254	5253	5643	5644	5670	5669	
8	5228	5229	5255	5254	5644	5645	5671	5670	
8	5229	5230	5256	5255	5645	5646	5672	5671	
8	5230	5231	5257	5256	5646	5647	5673	5672	
8	5231	5232	5258	5257	5647	5648	5674	5673	
8	5232	5233	5259	5258	5648	5649	5675	5674	
8	5233	5234	5260	5259	5649	5650	5676	5675	
8	5234	5235	5261	5260	5650	5651	5677	5676	
8	5235	5236	5262	5261	5651	5652	5678	5677	
8	5236	5237	5263	5262	5652	5653	5679	5678	
8	5237	5238	5264	5263	5653	5654	5680	5679	
8	5238	5239	5265	5264	5654	5655	5681	5680	
8	5239	5240	5266	5265	5655	5656	5682	5681	
8	5240	5241	5267	5266	5656	5657	5683	5682	
8	5241	5242	5268	5267	5657	5658	5684	5683	
8	5242	5243	5269	5268	5658	5659	5685	5684	
8	5243	5244	5270	5269	5659	5660	5686	5685	
8	5244	5245	5271	5270	5660	5661	5687	5686	
8	5245	5246	5272	5271	5661	5662	5688	5687	
8	5246	5247	5273	5272	5662	5663	5689	5688	
8	5247	5248	5274	5273	5663	5664	5690	5689	
8	5248	5249	5275	5274	5664	5665	5691	5690	
8	5249	5250	5276	5275	5665	5666	5692	5691	
8	5250	5251	5277	5276	5666	5667	5693	5692	
8	5252	5253	5279	5278	5668	5669	5695	5694	
8	5253	5254	5280	5279	5669	5670	5696	5695	
8	5254	5255	5281	5280	5670	5671	5697	5696	
8	5255	5256	5282	5281	5671	5672	5698	5697	
8	5256	5257	5283	5282	5672	5673	5699	5698	
8	5257	5258	5284	5283	5673	5674	5700	5699	
8	5258	5259	5285	5284	5674	5675	5701	5700	
8	5259	5260	5286	5285	5675	5676	5702	5701	
8	5260	5261	5287	5286	5676	5677	5703	5702	
8	5261	5262	5288	5287	5677	5678	5704	5703	
8	5262	5263	5289	5288	5678	5679	5705	5704	
8	5263	5264	5290	5289	5679	5680	5706	5705	
8	5264	5265	5291	5290	5680	5681	5707	5706	
8	5265	5266	5292	5291	5681	5682	5708	5707	
8	5266	5267	5293	5292	5682	5683	5709	5708	
8	5267	5268	5294	5293	5683	5684	5710	5709	
8	5268	5269	5295	5294	5684	5685	5711	5710	
8	5269	5270	5296	5295	5685	5686	5712	5711	
8	5270	5271	5297	5296	5686	5687	5713	5712	
8	5271	5272	5298	5297	5687	5688	5714	5713	
8	5272	5273	5299	5298	5688	5689	5715	5714	
8	5273	5274	5300	5299	5689	5690	5716	5715	
8	5274	5275	5301	5300	5690	5691	5717	5716	
8	5275	5276	5302	5301	5691	5692	5718	5717	
8	5276	5277	5303	5302	5692	5693	5719	5718	
8	5278	5279	5305	5304	5694	5695	5721	5720	
8	5279	5280	5306	5305	5695	5696	5722	5721	
8	5280	5281	5307	5306	5696	5697	5723	5722	
8	5281	5282	5308	5307	5697	5698	5724	5723	
8	5282	5283	5309	5308	5698	5699	5725	5724	
8	5283	5284	5310	5309	5699	5700	5726	5725	
8	5284	5285	5311	5310	5700	5701	5727	5726	
8	5285	5286	5312	5311	5701	5702	5728	5727	
8	5286	5287	5313	5312	5702	5703	5729	5728	
8	5287	5288	5314	5313	5703	5704	5730	5729	
8	5288	5289	5315	5314	5704	5705	5731	5730	
8	5289	5290	5316	5315	5705	5706	5732	5731	
8	5290	5291	5317	5316	5706	5707	5733	5732	
8	5291	5292	5318	5317	5707	5708	5734	5733	
8	5292	5293	5319	5318	5708	5709	5735	5734	
8	5293	5294	5320	5319	5709	5710	5736	5735	
8	5294	5295	5321	5320	5710	5711	5737	5736	
8	5295	5296	5322	5321	5711	5712	5738	5737	
8	5296	5297	5323	5322	5712	5713	5739	5738	
8	5297	5298	5324	5323	5713	5714	5740	5739	
8	5298	5299	5325	5324	5714	5715	5741	5740	
8	5299	5300	5326	5325	5715	5716	5742	5741	
8	5300	5301	5327	5326	5716	5717	5743	5742	
8	5301	5302	5328	5327	5717	5718	5744	5743	
8	5302	5303	5329	5328	5718	5719	5745	5744	
8	5304	5305	5331	5330	5720	5721	5747	5746	
8	5305	5306	5332	5331	5721	5722	5748	5747	
8	5306	5307	5333	5332	5722	5723	5749	5748	
8	5307	5308	5334	5333	5723	5724	5750	5749	
8	5308	5309	5335	5334	5724	5725	5751	5750	
8	5309	5310	5336	5335	5725	5726	5752	5751	
8	5310	5311	5337	5336	5726	5727	5753	5752	
8	5311	5312	5338	5337	5727	5728	5754	5753	
8	5312	5313	5339	5338	5728	5729	5755	5754	
8	5313	5314	5340	5339	5729	5730	5756	5755	
8	5314	5315	5341	5340	5730	5731	5757	5756	
8	5315	5316	5342	5341	5731	5732	5758	5757	
8	5316	5317	5343	5342	5732	5733	5759	5758	
8	5317	5318	5344	5343	5733	5734	5760	5759	
8	5318	5319	5345	5344	5734	5735	5761	5760	
8	5319	5320	5346	5345	5735	5736	5762	5761	
8	5320	5321	5347	5346	5736	5737	5763	5762	
8	5321	5322	5348	5347	5737	5738	5764	5763	
8	5322	5323	5349	5348	5738	5739	5765	5764	
8	5323	5324	5350	5349	5739	5740	5766	5765	
8	5324	5325	5351	5350	5740	5741	5767	5766	
8	5325	5326	5352	5351	5741	5742	5768	5767	
8	5326	5327	5353	5352	5742	5743	5769	5768	
8	5327	5328	5354	5353	5743	5744	5770	5769	
8	5328	5329	5355	5354	5744	5745	5771	5770	
8	5330	5331	5357	5356	5746	5747	5773	5772	
8	5331	5332	5358	5357	5747	5748	5774	5773	
8	5332	5333	5359	5358	5748	5749	5775	5774	
8	5333	5334	5360	5359	5749	5750	5776	5775	
8	5334	5335	5361	5360	5750	5751	5777	5776	
8	5335	5336	5362	5361	5751	5752	5778	5777	
8	5336	5337	5363	5362	5752	5753	5779	5778	
8	5337	5338	5364	5363	5753	5754	5780	5779	
8	5338	5339	5365	5364	5754	5755	5781	5780	
8	5339	5340	5366	5365	5755	5756	5782	5781	
8	5340	5341	5367	5366	5756	5757	5783	5782	
8	5341	5342	5368	5367	5757	5758	5784	5783	
8	5342	5343	5369	5368	5758	5759	5785	5784	
8	5343	5344	5370	5369	5759	5760	5786	5785	
8	5344	5345	5371	5370	5760	5761	5787	5786	
8	5345	5346	5372	5371	5761	5762	5788	5787	
8	5346	5347	5373	5372	5762	5763	5789	5788	
8	5347	5348	5374	5373	5763	5764	5790	5789	
8	5348	5349	5375	5374	5764	5765	5791	5790	
8	5349	5350	5376	5375	5765	5766	5792	5791	
8	5350	5351	5377	5376	5766	5767	5793	5792	
8	5351	5352	5378	5377	5767	5768	5794	5793	
8	5352	5353	5379	5378	5768	5769	5795	5794	
8	5353	5354	5380	5379	5769	5770	5796	5795	
8	5354	5355	5381	5380	5770	5771	5797	5796	
8	5356	5357	5383	5382	5772	5773	5799	5798	
8	5357	5358	5384	5383	5773	5774	5800	5799	
8	5358	5359	5385	5384	5774	5775	5801	5800	
8	5359	5360	5386	5385	5775	5776	5802	5801	
8	5360	5361	5387	5386	5776	5777	5803	5802	
8	5361	5362	5388	5387	5777	5778	5804	5803	
8	5362	5363	5389	5388	5778	5779	5805	5804	
8	5363	5364	5390	5389	5779	5780	5806	5805	
8	5364	5365	5391	5390	5780	5781	5807	5806	
8	5365	5366	5392	5391	5781	5782	5808	5807	
8	5366	5367	5393	5392	5782	5783	5809	5808	
8	5367	5368	5394	5393	5783	5784	5810	5809	
8	5368	5369	5395	5394	5784	5785	5811	5810	
8	5369	5370	5396	5395	5785	5786	5812	5811	
8	5370	5371	5397	5396	5786	5787	5813	5812	
8	5371	5372	5398	5397	5787	5788	5814	5813	
8	5372	5373	5399	5398	5788	5789	5815	5814	
8	5373	5374	5400	5399	5789	5790	5816	5815	
8	5374	5375	5401	5400	5790	5791	5817	5816	
8	5375	5376	5402	5401	5791	5792	5818	5817	
8	5376	5377	5403	5402	5792	5793	5819	5818	
8	5377	5378	5404	5403	5793	5794	5820	5819	
8	5378	5379	5405	5404	5794	5795	5821	5820	
8	5379	5380	5406	5405	5795	5796	5822	5821	
8	5380	5381	5407	5406	5796	5797	5823	5822	
8	5408	5409	5435	5434	5824	5825	5851	5850	
8	5409	5410	5436	5435	5825	5826	5852	5851	
8	5410	5411	5437	5436	5826	5827	5853	5852	
8	5411	5412	5438	5437	5827	5828	5854	5853	
8	5412	5413	5439	5438	5828	5829	5855	5854	
8	5413	5414	5440	5439	5829	5830	5856	5855	
8	5414	5415	5441	5440	5830	5831	5857	5856	
8	5415	5416	5442	5441	5831	5832	5858	5857	
8	5416	5417	5443	5442	5832	5833	5859	5858	
8	5417	5418	5444	5443	5833	5834	5860	5859	
8	5418	5419	5445	5444	5834	5835	5861	5860	
8	5419	5420	5446	5445	5835	5836	5862	5861	
8	5420	5421	5447	5446	5836	5837	5863	5862	
8	5421	5422	5448	5447	5837	5838	5864	5863	
8	5422	5423	5449	5448	5838	5839	5865	5864	
8	5423	5424	5450	5449	5839	5840	5866	5865	
8	5424	5425	5451	5450	5840	5841	5867	5866	
8	5425	5426	5452	5451	5841	5842	5868	5867	
8	5426	5427	5453	5452	5842	5843	5869	5868	
8	5427	5428	5454	5453	5843	5844	5870	5869	
8	5428	5429	5455	5454	5844	5845	5871	5870	
8	5429	5430	5456	5455	5845	5846	5872	5871	
8	5430	5431	5457	5456	5846	5847	5873	5872	
8	5431	5432	5458	5457	5847	5848	5874	5873	
8	5432	5433	5459	5458	5848	5849	5875	5874	
8	5434	5435	5461	5460	5850	5851	5877	5876	
8	5435	5436	5462	5461	5851	5852	5878	5877	
8	5436	5437	5463	5462	5852	5853	5879	5878	
8	5437	5438	5464	5463	5853	5854	5880	5879	
8	5438	5439	5465	5464	5854	5855	5881	5880	
8	5439	5440	5466	5465	5855	5856	5882	5881	
8	5440	5441	5467	5466	5856	5857	5883	5882	
8	5441	5442	5468	5467	5857	5858	5884	5883	
8	5442	5443	5469	5468	5858	5859	5885	5884	
8	5443	5444	5470	5469	5859	5860	5886	5885	
8	5444	5445	5471	5470	5860	5861	5887	5886	
8	5445	5446	5472	5471	5861	5862	5888	5887	
8	5446	5447	5473	5472	5862	5863	5889	5888	
8	5447	5448	5474	5473	5863	5864	5890	5889	
8	5448	5449	5475	5474	5864	5865	5891	5890	
8	5449	5450	5476	5475	5865	5866	5892	5891	
8	5450	5451	5477	5476	5866	5867	5893	5892	
8	5451	5452	5478	5477	5867	5868	5894	5893	
8	5452	5453	5479	5478	5868	5869	5895	5894	
8	5453	5454	5480	5479	5869	5870	5896	5895	
8	5454	5455	5481	5480	5870	5871	5897	5896	
8	5455	5456	5482	5481	5871	5872	5898	5897	
8	5456	5457	5483	5482	5872	5873	5899	5898	
8	5457	5458	5484	5483	5873	5874	5900	5899	
8	5458	5459	5485	5484	5874	5875	5901	5900	
8	5460	5461	5487	5486	5876	5877	5903	5902	
8	5461	5462	5488	5487	5877	5878	5904	5903	
8	5462	5463	5489	5488	5878	5879	5905	5904	
8	5463	5464	5490	5489	5879	5880	5906	5905	
8	5464	5465	5491	5490	5880	5881	5907	5906	
8	5465	5466	5492	5491	5881	5882	5908	5907	
8	5466	5467	5493	5492	5882	5883	5909	5908	
8	5467	5468	5494	5493	5883	5884	5910	5909	
8	5468	5469	5495	5494	5884	5885	5911	5910	
8	5469	5470	5496	5495	5885	5886	5912	5911	
8	5470	5471	5497	5496	5886	5887	5913	5912	
8	5471	5472	5498	5497	5887	5888	5914	5913	
8	5472	5473	5499	5498	5888	5889	5915	5914	
8	5473	5474	5500	5499	5889	5890	5916	5915	
8	5474	5475	5501	5500	5890	5891	5917	5916	
8	5475	5476	5502	5501	5891	5892	5918	5917	
8	5476	5477	5503	5502	5892	5893	5919	5918	
8	5477	5478	5504	5503	5893	5894	5920	5919	
8	5478	5479	5505	5504	5894	5895	5921	5920	
8	5479	5480	5506	5505	5895	5896	5922	5921	
8	5480	5481	5507	5506	5896	5897	5923	5922	
8	5481	5482	5508	5507	5897	5898	5924	5923	
8	5482	5483	5509	5508	5898	5899	5925	5924	
8	5483	5484	5510	5509	5899	5900	5926	5925	
8	5484	5485	5511	5510	5900	5901	5927	5926	
8	5486	5487	5513	5512	5902	5903	5929	5928	
8	5487	5488	5514	5513	5903	5904	5930	5929	
8	5488	5489	5515	5514	5904	5905	5931	5930	
8	5489	5490	5516	5515	5905	5906	5932	5931	
8	5490	5491	5517	5516	5906	5907	5933	5932	
8	5491	5492	5518	5517	5907	5908	5934	5933	
8	5492	5493	5519	5518	5908	5909	5935	5934	
8	5493	5494	5520	5519	5909	5910	5936	5935	
8	5494	5495	5521	5520	5910	5911	5937	5936	
8	5495	5496	5522	5521	5911	5912	5938	5937	
8	5496	5497	5523	5522	5912	5913	5939	5938	
8	5497	5498	5524	5523	5913	5914	5940	5939	
8	5498	5499	5525	5524	5914	5915	5941	5940	
8	5499	5500	5526	5525	5915	5916	5942	5941	
8	5500	5501	5527	5526	5916	5917	5943	5942	
8	5501	5502	5528	5527	5917	5918	5944	5943	
8	5502	5503	5529	5528	5918	5919	5945	5944	
8	5503	5504	5530	5529	5919	5920	5946	5945	
8	5504	5505	5531	5530	5920	5921	5947	5946	
8	5505	5506	5532	5531	5921	5922	5948	5947	
8	5506	5507	5533	5532	5922	5923	5949	5948	
8	5507	5508	5534	5533	5923	5924	5950	5949	
8	5508	5509	5535	5534	5924	5925	5951	5950	
8	5509	5510	5536	5535	5925	5926	5952	5951	
8	5510	5511	5537	5536	5926	5927	5953	5952	
8	5512	5513	5539	5538	5928	5929	5955	5954	
8	5513	5514	5540	5539	5929	5930	5956	5955	
8	5514	5515	5541	5540	5930	5931	5957	5956	
8	5515	5516	5542	5541	5931	5932	5958	5957	
8	5516	5517	5543	5542	5932	5933	5959	5958	
8	5517	5518	5544	5543	5933	5934	5960	5959	
8	5518	5519	5545	5544	5934	5935	5961	5960	
8	5519	5520	5546	5545	5935	5936	5962	5961	
8	5520	5521	5547	5546	5936	5937	5963	5962	
8	5521	5522	5548	5547	5937	5938	5964	5963	
8	5522	5523	5549	5548	5938	5939	5965	5964	
8	5523	5524	5550	5549	5939	5940	5966	5965	
8	5524	5525	5551	5550	5940	5941	5967	5966	
8	5525	5526	5552	5551	5941	5942	5968	5967	
8	5526	5527	5553	5552	5942	5943	5969	5968	
8	5527	5528	5554	5553	5943	5944	5970	5969	
8	5528	5529	5555	5554	5944	5945	5971	5970	
8	5529	5530	5556	5555	5945	5946	5972	5971	
8	5530	5531	5557	5556	5946	5947	5973	5972	
8	5531	5532	5558	5557	5947	5948	5974	5973	
8	5532	5533	5559	5558	5948	5949	5975	5974	
8	5533	5534	5560	5559	5949	5950	5976	5975	
8	5534	5535	5561	5560	5950	5951	5977	5976	
8	5535	5536	5562	5561	5951	5952	5978	5977	
8	5536	5537	5563	5562	5952	5953	5979	5978	
8	5538	5539	5565	5564	5954	5955	5981	5980	
8	5539	5540	5566	5565	5955	5956	5982	5981	
8	5540	5541	5567	5566	5956	5957	5983	5982	
8	5541	5542	5568	5567	5957	5958	5984	5983	
8	5542	5543	5569	5568	5958	5959	5985	5984	
8	5543	5544	5570	5569	5959	5960	5986	5985	
8	5544	5545	5571	5570	5960	5961	5987	5986	
8	5545	5546	5572	5571	5961	5962	5988	5987	
8	5546	5547	5573	5572	5962	5963	5989	5988	
8	5547	5548	5574	5573	5963	5964	5990	5989	
8	5548	5549	5575	5574	5964	5965	5991	5990	
8	5549	5550	5576	5575	5965	5966	5992	5991	
8	5550	5551	5577	5576	5966	5967	5993	5992	
8	5551	5552	5578	5577	5967	5968	5994	5993	
8	5552	5553	5579	5578	5968	5969	5995	5994	
8	5553	5554	5580	5579	5969	5970	5996	5995	
8	5554	5555	5581	5580	5970	5971	5997	5996	
8	5555	5556	5582	5581	5971	5972	5998	5997	
8	5556	5557	5583	5582	5972	5973	5999	5998	
8	5557	5558	5584	5583	5973	5974	6000	5999	
8	5558	5559	5585	5584	5974	5975	6001	6000	
8	5559	5560	5586	5585	5975	5976	6002	6001	
8	5560	5561	5587	5586	5976	5977	6003	6002	
8	5561	5562	5588	5587	5977	5978	6004	6003	
8	5562	5563	5589	5588	5978	5979	6005	6004	
8	5564	5565	5591	5590	5980	5981	6007	6006	
8	5565	5566	5592	5591	5981	5982	6008	6007	
8	5566	5567	5593	5592	5982	5983	6009	6008	
8	5567	5568	5594	5593	5983	5984	6010	6009	
8	5568	5569	5595	5594	5984	5985	6011	6010	
8	5569	5570	5596	5595	5985	5986	6012	6011	
8	5570	5571	5597	5596	5986	5987	6013	6012	
8	5571	5572	5598	5597	5987	5988	6014	6013	
8	5572	5573	5599	5598	5988	5989	6015	6014	
8	5573	5574	5600	5599	5989	5990	6016	6015	
8	5574	5575	5601	5600	5990	5991	6017	6016	
8	5575	5576	5602	5601	5991	5992	6018	6017	
8	5576	5577	5603	5602	5992	5993	6019	6018	
8	5577	5578	5604	5603	5993	5994	6020	6019	
8	5578	5579	5605	5604	5994	5995	6021	6020	
8	5579	5580	5606	5605	5995	5996	6022	6021	
8	5580	5581	5607	5606	5996	5997	6023	6022	
8	5581	5582	5608	5607	5997	5998	6024	6023	
8	5582	5583	5609	5608	5998	5999	6025	6024	
8	5583	5584	5610	5609	5999	6000	6026	6025	
8	5584	5585	5611	5610	6000	6001	6027	6026	
8	5585	5586	5612	5611	6001	6002	6028	6027	
8	5586	5587	5613	5612	6002	6003	6029	6028	
8	5587	5588	5614	5613	6003	6004	6030	6029	
8	5588	5589	5615	5614	6004	6005	6031	6030	
8	5590	5591	5617	5616	6006	6007	6033	6032	
8	5591	5592	5618	5617	6007	6008	6034	6033	
8	5592	5593	5619	5618	6008	6009	6035	6034	
8	5593	5594	5620	5619	6009	6010	6036	6035	
8	5594	5595	5621	5620	6010	6011	6037	6036	
8	5595	5596	5622	5621	6011	6012	6038	6037	
8	5596	5597	5623	5622	6012	6013	6039	6038	
8	5597	5598	5624	5623	6013	6014	6040	6039	
8	5598	5599	5625	5624	6014	6015	6041	6040	
8	5599	5600	5626	5625	6015	6016	6042	6041	
8	5600	5601	5627	5626	6016	6017	6043	6042	
8	5601	5602	5628	5627	6017	6018	6044	6043	
8	5602	5603	5629	5628	6018	6019	6045	6044	
8	5603	5604	5630	5629	6019	6020	6046	6045	
8	5604	5605	5631	5630	6020	6021	6047	6046	
8	5605	5606	5632	5631	6021	6022	6048	6047	
8	5606	5607	5633	5632	6022	6023	6049	6048	
8	5607	5608	5634	5633	6023	6024	6050	6049	
8	5608	5609	5635	5634	6024	6025	6051	6050	
8	5609	5610	5636	5635	6025	6026	6052	6051	
8	5610	5611	5637	5636	6026	6027	6053	6052	
8	5611	5612	5638	5637	6027	6028	6054	6053	
8	5612	5613	5639	5638	6028	6029	6055	6054	
8	5613	5614	5640	5639	6029	6030	6056	6055	
8	5614	5615	5641	5640	6030	6031	6057	6056	
8	5616	5617	5643	5642	6032	6033	6059	6058	
8	5617	5618	5644	5643	6033	6034	6060	6059	
8	5618	5619	5645	5644	6034	6035	6061	6060	
8	5619	5620	5646	5645	6035	6036	6062	6061	
8	5620	5621	5647	5646	6036	6037	6063	6062	
8	5621	5622	5648	5647	6037	6038	6064	6063	
8	5622	5623	5649	5648	6038	6039	6065	6064	
8	5623	5624	5650	5649	6039	6040	6066	6065	
8	5624	5625	5651	5650	6040	6041	6067	6066	
8	5625	5626	5652	5651	6041	6042	6068	6067	
8	5626	5627	5653	5652	6042	6043	6069	6068	
8	5627	5628	5654	5653	6043	6044	6070	6069	
8	5628	5629	5655	5654	6044	6045	6071	6070	
8	5629	5630	5656	5655	6045	6046	6072	6071	
8	5630	5631	5657	5656	6046	6047	6073	6072	
8	5631	5632	5658	5657	6047	6048	6074	6073	
8	5632	5633	5659	5658	6048	6049	6075	6074	
8	5633	5634	5660	5659	6049	6050	6076	6075	
8	5634	5635	5661	5660	6050	6051	6077	6076	
8	5635	5636	5662	5661	6051	6052	6078	6077	
8	5636	5637	5663	5662	6052	6053	6079	6078	
8	5637	5638	5664	5663	6053	6054	6080	6079	
8	5638	5639	5665	5664	6054	6055	6081	6080	
8	5639	5640	5666	5665	6055	6056	6082	6081	
8	5640	5641	5667	5666	6056	6057	6083	6082	
8	5642	5643	5669	5668	6058	6059	6085	6084	
8	5643	5644	5670	5669	6059	6060	6086	6085	
8	5644	5645	5671	5670	6060	6061	6087	6086	
8	5645	5646	5672	5671	6061	6062	6088	6087	
8	5646	5647	5673	5672	6062	6063	6089	6088	
8	5647	5648	5674	5673	6063	6064	6090	6089	
8	5648	5649	5675	5674	6064	6065	6091	6090	
8	5649	5650	5676	5675	6065	6066	6092	6091	
8	5650	5651	5677	5676	6066	6067	6093	6092	
8	5651	5652	5678	5677	6067	6068	6094	6093	
8	5652	5653	5679	5678	6068	6069	6095	6094	
8	5653	5654	5680	5679	6069	6070	6096	6095	
8	5654	5655	5681	5680	6070	6071	6097	6096	
8	5655	5656	5682	5681	6071	6072	6098	6097	
8	5656	5657	5683	5682	6072	6073	6099	6098	
8	5657	5658	5684	5683	6073	6074	6100	6099	
8	5658	5659	5685	5684	6074	6075	6101	6100	
8	5659	5660	5686	5685	6075	6076	6102	6101	
8	5660	5661	5687	5686	6076	6077	6103	6102	
8	5661	5662	5688	5687	6077	6078	6104	6103	
8	5662	5663	5689	5688	6078	6079	6105	6104	
8	5663	5664	5690	5689	6079	6080	6106	6105	
8	5664	5665	5691	5690	6080	6081	6107	6106	
8	5665	5666	5692	5691	6081	6082	6108	6107	
8	5666	5667	5693	5692	6082	6083	6109	6108	
8	5668	5669	5695	5694	6084	6085	6111	6110	
8	5669	5670	5696	5695	6085	6086	6112	6111	
8	5670	5671	5697	5696	6086	6087	6113	6112	
8	5671	5672	5698	5697	6087	6088	6114	6113	
8	5672	5673	5699	5698	6088	6089	6115	6114	
8	5673	5674	5700	5699	6089	6090	6116	6115	
8	5674	5675	5701	5700	6090	6091	6117	6116	
8	5675	5676	5702	5701	6091	6092	6118	6117	
8	5676	5677	5703	5702	6092	6093	6119	6118	
8	5677	5678	5704	5703	6093	6094	6120	6119	
8	5678	5679	5705	5704	6094	6095	6121	6120	
8	5679	5680	5706	5705	6095	6096	6122	6121	
8	5680	5681	5707	5706	6096	6097	6123	6122	
8	5681	5682	5708	5707	6097	6098	6124	6123	
8	5682	5683	5709	5708	6098	6099	6125	6124	
8	5683	5684	5710	5709	6099	6100	6126	6125	
8	5684	5685	5711	5710	6100	6101	6127	6126	
8	5685	5686	5712	5711	6101	6102	6128	6127	
8	5686	5687	5713	5712	6102	6103	6129	6128	
8	5687	5688	5714	5713	6103	6104	6130	6129	
8	5688	5689	5715	5714	6104	6105	6131	6130	
8	5689	5690	5716	5715	6105	6106	6132	6131	
8	5690	5691	5717	5716	6106	6107	6133	6132	
8	5691	5692	5718	5717	6107	6108	6134	6133	
8	5692	5693	5719	5718	6108	6109	6135	6134	
8	5694	5695	5721	5720	6110	6111	6137	6136	
8	5695	5696	5722	5721	6111	6112	6138	6137	
8	5696	5697	5723	5722	6112	6113	6139	6138	
8	5697	5698	5724	5723	6113	6114	6140	6139	
8	5698	5699	5725	5724	6114	6115	6141	6140	
8	5699	5700	5726	5725	6115	6116	6142	6141	
8	5700	5701	5727	5726	6116	6117	6143	6142	
8	5701	5702	5728	5727	6117	6118	6144	6143	
8	5702	5703	5729	5728	6118	6119	6145	6144	
8	5703	5704	5730	5729	6119	6120	6146	6145	
8	5704	5705	5731	5730	6120	6121	6147	6146	
8	5705	5706	5732	5731	6121	6122	6148	6147	
8	5706	5707	5733	5732	6122	6123	6149	6148	
8	5707	5708	5734	5733	6123	6124	6150	6149	
8	5708	5709	5735	5734	6124	6125	6151	6150	
8	5709	5710	5736	5735	6125	6126	6152	6151	
8	5710	5711	5737	5736	6126	6127	6153	6152	
8	5711	5712	5738	5737	6127	6128	6154	6153	
8	5712	5713	5739	5738	6128	6129	6155	6154	
8	5713	5714	5740	5739	6129	6130	6156	6155	
8	5714	5715	5741	5740	6130	6131	6157	6156	
8	5715	5716	5742	5741	6131	6132	6158	6157	
8	5716	5717	5743	5742	6132	6133	6159	6158	
8	5717	5718	5744	5743	6133	6134	6160	6159	
8	5718	5719	5745	5744	6134	6135	6161	6160	
8	5720	5721	5747	5746	6136	6137	6163	6162	
8	5721	5722	5748	5747	6137	6138	6164	6163	
8	5722	5723	5749	5748	6138	6139	6165	6164	
8	5723	5724	5750	5749	6139	6140	6166	6165	
8	5724	5725	5751	5750	6140	6141	6167	6166	
8	5725	5726	5752	5751	6141	6142	6168	6167	
8	5726	5727	5753	5752	6142	6143	6169	6168	
8	5727	5728	5754	5753	6143	6144	6170	6169	
8	5728	5729	5755	5754	6144	6145	6171	6170	
8	5729	5730	5756	5755	6145	6146	6172	6171	
8	5730	5731	5757	5756	6146	6147	6173	6172	
8	5731	5732	5758	5757	6147	6148	6174	6173	
8	5732	5733	5759	5758	6148	6149	6175	6174	
8	5733	5734	5760	5759	6149	6150	6176	6175	
8	5734	5735	5761	5760	6150	6151	6177	6176	
8	5735	5736	5762	5761	6151	6152	6178	6177	
8	5736	5737	5763	5762	6152	6153	6179	6178	
8	5737	5738	5764	5763	6153	6154	6180	6179	
8	5738	5739	5765	5764	6154	6155	6181	6180	
8	5739	5740	5766	5765	6155	6156	6182	6181	
8	5740	5741	5767	5766	6156	6157	6183	6182	
8	5741	5742	5768	5767	6157	6158	6184	6183	
8	5742	5743	5769	5768	6158	6159	6185	6184	
8	5743	5744	5770	5769	6159	6160	6186	6185	
8	5744	5745	5771	5770	6160	6161	6187	6186	
8	5746	5747	5773	5772	6162	6163	6189	6188	
8	5747	5748	5774	5773	6163	6164	6190	6189	
8	5748	5749	5775	5774	6164	6165	6191	6190	
8	5749	5750	5776	5775	6165	6166	6192	6191	
8	5750	5751	5777	5776	6166	6167	6193	6192	
8	5751	5752	5778	5777	6167	6168	6194	6193	
8	5752	5753	5779	5778	6168	6169	6195	6194	
8	5753	5754	5780	5779	6169	6170	6196	6195	
8	5754	5755	5781	5780	6170	6171	6197	6196	
8	5755	5756	5782	5781	6171	6172	6198	6197	
8	5756	5757	5783	5782	6172	6173	6199	6198	
8	5757	5758	5784	5783	6173	6174	6200	6199	
8	5758	5759	5785	5784	6174	6175	6201	6200	
8	5759	5760	5786	5785	6175	6176	6202	6201	
8	5760	5761	5787	5786	6176	6177	6203	6202	
8	5761	5762	5788	5787	6177	6178	6204	6203	
8	5762	5763	5789	5788	6178	6179	6205	6204	
8	5763	5764	5790	5789	6179	6180	6206	6205	
8	5764	5765	5791	5790	6180	6181	6207	6206	
8	5765	5766	5792	5791	6181	6182	6208	6207	
8	5766	5767	5793	5792	6182	6183	6209	6208	
8	5767	5768	5794	5793	6183	6184	6210	6209	
8	5768	5769	5795	5794	6184	6185	6211	6210	
8	5769	5770	5796	5795	6185	6186	6212	6211	
8	5770	5771	5797	5796	6186	6187	6213	6212	
8	5772	5773	5799	5798	6188	6189	6215	6214	
8	5773	5774	5800	5799	6189	6190	6216	6215	
8	5774	5775	5801	5800	6190	6191	6217	6216	
8	5775	5776	5802	5801	6191	6192	6218	6217	
8	5776	5777	5803	5802	6192	6193	6219	6218	
8	5777	5778	5804	5803	6193	6194	6220	6219	
8	5778	5779	5805	5804	6194	6195	6221	6220	
8	5779	5780	5806	5805	6195	6196	6222	6221	
8	5780	5781	5807	5806	6196	6197	6223	6222	
8	5781	5782	5808	5807	6197	6198	6224	6223	
8	5782	5783	5809	5808	6198	6199	6225	6224	
8	5783	5784	5810	5809	6199	6200	6226	6225	
8	5784	5785	5811	5810	6200	6201	6227	6226	
8	5785	5786	5812	5811	6201	6202	6228	6227	
8	5786	5787	5813	5812	6202	6203	6229	6228	
8	5787	5788	5814	5813	6203	6204	6230	6229	
8	5788	5789	5815	5814	6204	6205	6231	6230	
8	5789	5790	5816	5815	6205	6206	6232	6231	
8	5790	5791	5817	5816	6206	6207	6233	6232	
8	5791	5792	5818	5817	6207	6208	6234	6233	
8	5792	5793	5819	5818	6208	6209	6235	6234	
8	5793	5794	5820	5819	6209	6210	6236	6235	
8	5794	5795	5821	5820	6210	6211	6237	6236	
8	5795	5796	5822	5821	6211	6212	6238	6237	
8	5796	5797	5823	5822	6212	6213	6239	6238	
8	5824	5825	5851	5850	6240	6241	6267	6266	
8	5825	5826	5852	5851	6241	6242	6268	6267	
8	5826	5827	5853	5852	6242	6243	6269	6268	
8	5827	5828	5854	5853	6243	6244	6270	6269	
8	5828	5829	5855	5854	6244	6245	6271	6270	
8	5829	5830	5856	5855	6245	6246	6272	6271	
8	5830	5831	5857	5856	6246	6247	6273	6272	
8	5831	5832	5858	5857	6247	6248	6274	6273	
8	5832	5833	5859	5858	6248	6249	6275	6274	
8	5833	5834	5860	5859	6249	6250	6276	6275	
8	5834	5835	5861	5860	6250	6251	6277	6276	
8	5835	5836	5862	5861	6251	6252	6278	6277	
8	5836	5837	5863	5862	6252	6253	6279	6278	
8	5837	5838	5864	5863	6253	6254	6280	6279	
8	5838	5839	5865	5864	6254	6255	6281	6280	
8	5839	5840	5866	5865	6255	6256	6282	6281	
8	5840	5841	5867	5866	6256	6257	6283	6282	
8	5841	5842	5868	5867	6257	6258	6284	6283	
8	5842	5843	5869	5868	6258	6259	6285	6284	
8	5843	5844	5870	5869	6259	6260	6286	6285	
8	5844	5845	5871	5870	6260	6261	6287	6286	
8	5845	5846	5872	5871	6261	6262	6288	6287	
8	5846	5847	5873	5872	6262	6263	6289	6288	
8	5847	5848	5874	5873	6263	6264	6290	6289	
8	5848	5849	5875	5874	6264	6265	6291	6290	
8	5850	5851	5877	5876	6266	6267	6293	6292	
8	5851	5852	5878	5877	6267	6268	6294	6293	
8	5852	5853	5879	5878	6268	6269	6295	6294	
8	5853	5854	5880	5879	6269	6270	6296	6295	
8	5854	5855	5881	5880	6270	6271	6297	6296	
8	5855	5856	5882	5881	6271	6272	6298	6297	
8	5856	5857	5883	5882	6272	6273	6299	6298	
8	5857	5858	5884	5883	6273	6274	6300	6299	
8	5858	5859	5885	5884	6274	6275	6301	6300	
8	5859	5860	5886	5885	6275	6276	6302	6301	
8	5860	5861	5887	5886	6276	6277	6303	6302	
8	5861	5862	5888	5887	6277	6278	6304	6303	
8	5862	5863	5889	5888	6278	6279	6305	6304	
8	5863	5864	5890	5889	6279	6280	6306	6305	
8	5864	5865	5891	5890	6280	6281	6307	6306	
8	5865	5866	5892	5891	6281	6282	6308	6307	
8	5866	5867	5893	5892	6282	6283	6309	6308	
8	5867	5868	5894	5893	6283	6284	6310	6309	
8	5868	5869	5895	5894	6284	6285	6311	6310	
8	5869	5870	5896	5895	6285	6286	6312	6311	
8	5870	5871	5897	5896	6286	6287	6313	6312	
8	5871	5872	5898	5897	6287	6288	6314	6313	
8	5872	5873	5899	5898	6288	6289	6315	6314	
8	5873	5874	5900	5899	6289	6290	6316	6315	
8	5874	5875	5901	5900	6290	6291	6317	6316	
8	5876	5877	5903	5902	6292	6293	6319	6318	
8	5877	5878	5904	5903	6293	6294	6320	6319	
8	5878	5879	5905	5904	6294	6295	6321	6320	
8	5879	5880	5906	5905	6295	6296	6322	6321	
8	5880	5881	5907	5906	6296	6297	6323	6322	
8	5881	5882	5908	5907	6297	6298	6324	6323	
8	5882	5883	5909	5908	6298	6299	6325	6324	
8	5883	5884	5910	5909	6299	6300	6326	6325	
8	5884	5885	5911	5910	6300	6301	6327	6326	
8	5885	5886	5912	5911	6301	6302	6328	6327	
8	5886	5887	5913	5912	6302	6303	6329	6328	
8	5887	5888	5914	5913	6303	6304	6330	6329	
8	5888	5889	5915	5914	6304	6305	6331	6330	
8	5889	5890	5916	5915	6305	6306	6332	6331	
8	5890	5891	5917	5916	6306	6307	6333	6332	
8	5891	5892	5918	5917	6307	6308	6334	6333	
8	5892	5893	5919	5918	6308	6309	6335	6334	
8	5893	5894	5920	5919	6309	6310	6336	6335	
8	5894	5895	5921	5920	6310	6311	6337	6336	
8	5895	5896	5922	5921	6311	6312	6338	6337	
8	5896	5897	5923	5922	6312	6313	6339	6338	
8	5897	5898	5924	5923	6313	6314	6340	6339	
8	5898	5899	5925	5924	6314	6315	6341	6340	
8	5899	5900	5926	5925	6315	6316	6342	6341	
8	5900	5901	5927	5926	6316	6317	6343	6342	
8	5902	5903	5929	5928	6318	6319	6345	6344	
8	5903	5904	5930	5929	6319	6320	6346	6345	
8	5904	5905	5931	5930	6320	6321	6347	6346	
8	5905	5906	5932	5931	6321	6322	6348	6347	
8	5906	5907	5933	5932	6322	6323	6349	6348	
8	5907	5908	5934	5933	6323	6324	6350	6349	
8	5908	5909	5935	5934	6324	6325	6351	6350	
8	5909	5910	5936	5935	6325	6326	6352	6351	
8	5910	5911	5937	5936	6326	6327	6353	6352	
8	5911	5912	5938	5937	6327	6328	6354	6353	
8	5912	5913	5939	5938	6328	6329	6355	6354	
8	5913	5914	5940	5939	6329	6330	6356	6355	
8	5914	5915	5941	5940	6330	6331	6357	6356	
8	5915	5916	5942	5941	6331	6332	6358	6357	
8	5916	5917	5943	5942	6332	6333	6359	6358	
8	5917	5918	5944	5943	6333	6334	6360	6359	
8	5918	5919	5945	5944	6334	6335	6361	6360	
8	5919	5920	5946	5945	6335	6336	6362	6361	
8	5920	5921	5947	5946	6336	6337	6363	6362	
8	5921	5922	5948	5947	6337	6338	6364	6363	
8	5922	5923	5949	5948	6338	6339	6365	6364	
8	5923	5924	5950	5949	6339	6340	6366	6365	
8	5924	5925	5951	5950	6340	6341	6367	6366	
8	5925	5926	5952	5951	6341	6342	6368	6367	
8	5926	5927	5953	5952	6342	6343	6369	6368	
8	5928	5929	5955	5954	6344	6345	6371	6370	
8	5929	5930	5956	5955	6345	6346	6372	6371	
8	5930	5931	5957	5956	6346	6347	6373	6372	
8	5931	5932	5958	5957	6347	6348	6374	6373	
8	5932	5933	5959	5958	6348	6349	6375	6374	
8	5933	5934	5960	5959	6349	6350	6376	6375	
8	5934	5935	5961	5960	6350	6351	6377	6376	
8	5935	5936	5962	5961	6351	6352	6378	6377	
8	5936	5937	5963	5962	6352	6353	6379	6378	
8	5937	5938	5964	5963	6353	6354	6380	6379	
8	5938	5939	5965	5964	6354	6355	6381	6380	
8	5939	5940	5966	5965	6355	6356	6382	6381	
8	5940	5941	5967	5966	6356	6357	6383	6382	
8	5941	5942	5968	5967	6357	6358	6384	6383	
8	5942	5943	5969	5968	6358	6359	6385	6384	
8	5943	5944	5970	5969	6359	6360	6386	6385	
8	5944	5945	5971	5970	6360	6361	6387	6386	
8	5945	5946	5972	5971	6361	6362	6388	6387	
8	5946	5947	5973	5972	6362	6363	6389	6388	
8	5947	5948	5974	5973	6363	6364	6390	6389	
8	5948	5949	5975	5974	6364	6365	6391	6390	
8	5949	5950	5976	5975	6365	6366	6392	6391	
8	5950	5951	5977	5976	6366	6367	6393	6392	
8	5951	5952	5978	5977	6367	6368	6394	6393	
8	5952	5953	5979	5978	6368	6369	6395	6394	
8	5954	5955	5981	5980	6370	6371	6397	6396	
8	5955	5956	5982	5981	6371	6372	6398	6397	
8	5956	5957	5983	5982	6372	6373	6399	6398	
8	5957	5958	5984	5983	6373	6374	6400	6399	
8	5958	5959	5985	5984	6374	6375	6401	6400	
8	5959	5960	5986	5985	6375	6376	6402	6401	
8	5960	5961	5987	5986	6376	6377	6403	6402	
8	5961	5962	5988	5987	6377	6378	6404	6403	
8	5962	5963	5989	5988	6378	6379	6405	6404	
8	5963	5964	5990	5989	6379	6380	6406	6405	
8	5964	5965	5991	5990	6380	6381	6407	6406	
8	5965	5966	5992	5991	6381	6382	6408	6407	
8	5966	5967	5993	5992	6382	6383	6409	6408	
8	5967	5968	5994	5993	6383	6384	6410	6409	
8	5968	5969	5995	5994	6384	6385	6411	6410	
8	5969	5970	5996	5995	6385	6386	6412	6411	
8	5970	5971	5997	5996	6386	6387	6413	6412	
8	5971	5972	5998	5997	6387	6388	6414	6413	
8	5972	5973	5999	5998	6388	6389	6415	6414	
8	5973	5974	6000	5999	6389	6390	6416	6415	
8	5974	5975	6001	6000	6390	6391	6417	6416	
8	5975	5976	6002	6001	6391	6392	6418	6417	
8	5976	5977	6003	6002	6392	6393	6419	6418	
8	5977	5978	6004	6003	6393	6394	6420	6419	
8	5978	5979	6005	6004	6394	6395	6421	6420	
8	5980	5981	6007	6006	6396	6397	6423	6422	
8	5981	5982	6008	6007	6397	6398	6424	6423	
8	5982	5983	6009	6008	6398	6399	6425	6424	
8	5983	5984	6010	6009	6399	6400	6426	6425	
8	5984	5985	6011	6010	6400	6401	6427	6426	
8	5985	5986	6012	6011	6401	6402	6428	6427	
8	5986	5987	6013	6012	6402	6403	6429	6428	
8	5987	5988	6014	6013	6403	6404	6430	6429	
8	5988	5989	6015	6014	6404	6405	6431	6430	
8	5989	5990	6016	6015	6405	6406	6432	6431	
8	5990	5991	6017	6016	6406	6407	6433	6432	
8	5991	5992	6018	6017	6407	6408	6434	6433	
8	5992	5993	6019	6018	6408	6409	6435	6434	
8	5993	5994	6020	6019	6409	6410	6436	6435	
8	5994	5995	6021	6020	6410	6411	6437	6436	
8	5995	5996	6022	6021	6411	6412	6438	6437	
8	5996	5997	6023	6022	6412	6413	6439	6438	
8	5997	5998	6024	6023	6413	6414	6440	6439	
8	5998	5999	6025	6024	6414	6415	6441	6440	
8	5999	6000	6026	6025	6415	6416	6442	6441	
8	6000	6001	6027	6026	6416	6417	6443	6442	
8	6001	6002	6028	6027	6417	6418	6444	6443	
8	6002	6003	6029	6028	6418	6419	6445	6444	
8	6003	6004	6030	6029	6419	6420	6446	6445	
8	6004	6005	6031	6030	6420	6421	6447	6446	
8	6006	6007	6033	6032	6422	6423	6449	6448	
8	6007	6008	6034	6033	6423	6424	6450	6449	
8	6008	6009	6035	6034	6424	6425	6451	6450	
8	6009	6010	6036	6035	6425	6426	6452	6451	
8	6010	6011	6037	6036	6426	6427	6453	6452	
8	6011	6012	6038	6037	6427	6428	6454	6453	
8	6012	6013	6039	6038	6428	6429	6455	6454	
8	6013	6014	6040	6039	6429	6430	6456	6455	
8	6014	6015	6041	6040	6430	6431	6457	6456	
8	6015	6016	6042	6041	6431	6432	6458	6457	
8	6016	6017	6043	6042	6432	6433	6459	6458	
8	6017	6018	6044	6043	6433	6434	6460	6459	
8	6018	6019	6045	6044	6434	6435	6461	6460	
8	6019	6020	6046	6045	6435	6436	6462	6461	
8	6020	6021	6047	6046	6436	6437	6463	6462	
8	6021	6022	6048	6047	6437	6438	6464	6463	
8	6022	6023	6049	6048	6438	6439	6465	6464	
8	6023	6024	6050	6049	6439	6440	6466	6465	
8	6024	6025	6051	6050	6440	6441	6467	6466	
8	6025	6026	6052	6051	6441	6442	6468	6467	
8	6026	6027	6053	6052	6442	6443	6469	6468	
8	6027	6028	6054	6053	6443	6444	6470	6469	
8	6028	6029	6055	6054	6444	6445	6471	6470	
8	6029	6030	6056	6055	6445	6446	6472	6471	
8	6030	6031	6057	6056	6446	6447	6473	6472	
8	6032	6033	6059	6058	6448	6449	6475	6474	
8	6033	6034	6060	6059	6449	6450	6476	6475	
8	6034	6035	6061	6060	6450	6451	6477	6476	
8	6035	6036	6062	6061	6451	6452	6478	6477	
8	6036	6037	6063	6062	6452	6453	6479	6478	
8	6037	6038	6064	6063	6453	6454	6480	6479	
8	6038	6039	6065	6064	6454	6455	6481	6480	
8	6039	6040	6066	6065	6455	6456	6482	6481	
8	6040	6041	6067	6066	6456	6457	6483	6482	
8	6041	6042	6068	6067	6457	6458	6484	6483	
8	6042	6043	6069	6068	6458	6459	6485	6484	
8	6043	6044	6070	6069	6459	6460	6486	6485	
8	6044	6045	6071	6070	6460	6461	6487	6486	
8	6045	6046	6072	6071	6461	6462	6488	6487	
8	6046	6047	6073	6072	6462	6463	6489	6488	
8	6047	6048	6074	6073	6463	6464	6490	6489	
8	6048	6049	6075	6074	6464	6465	6491	6490	
8	6049	6050	6076	6075	6465	6466	6492	6491	
8	6050	6051	6077	6076	6466	6467	6493	6492	
8	6051	6052	6078	6077	6467	6468	6494	6493	
8	6052	6053	6079	6078	6468	6469	6495	6494	
8	6053	6054	6080	6079	6469	6470	6496	6495	
8	6054	6055	6081	6080	6470	6471	6497	6496	
8	6055	6056	6082	6081	6471	6472	6498	6497	
8	6056	6057	6083	6082	6472	6473	6499	6498	
8	6058	6059	6085	6084	6474	6475	6501	6500	
8	6059	6060	6086	6085	6475	6476	6502	6501	
8	6060	6061	6087	6086	6476	6477	6503	6502	
8	6061	6062	6088	6087	6477	6478	6504	6503	
8	6062	6063	6089	6088	6478	6479	6505	6504	
8	6063	6064	6090	6089	6479	6480	6506	6505	
8	6064	6065	6091	6090	6480	6481	6507	6506	
8	6065	6066	6092	6091	6481	6482	6508	6507	
8	6066	6067	6093	6092	6482	6483	6509	6508	
8	6067	6068	6094	6093	6483	6484	6510	6509	
8	6068	6069	6095	6094	6484	6485	6511	6510	
8	6069	6070	6096	6095	6485	6486	6512	6511	
8	6070	6071	6097	6096	6486	6487	6513	6512	
8	6071	6072	6098	6097	6487	6488	6514	6513	
8	6072	6073	6099	6098	6488	6489	6515	6514	
8	6073	6074	6100	6099	6489	6490	6516	6515	
8	6074	6075	6101	6100	6490	6491	6517	6516	
8	6075	6076	6102	6101	6491	6492	6518	6517	
8	6076	6077	6103	6102	6492	6493	6519	6518	
8	6077	6078	6104	6103	6493	6494	6520	6519	
8	6078	6079	6105	6104	6494	6495	6521	6520	
8	6079	6080	6106	6105	6495	6496	6522	6521	
8	6080	6081	6107	6106	6496	6497	6523	6522	
8	6081	6082	6108	6107	6497	6498	6524	6523	
8	6082	6083	6109	6108	6498	6499	6525	6524	
8	6084	6085	6111	6110	6500	6501	6527	6526	
8	6085	6086	6112	6111	6501	6502	6528	6527	
8	6086	6087	6113	6112	6502	6503	6529	6528	
8	6087	6088	6114	6113	6503	6504	6530	6529	
8	6088	6089	6115	6114	6504	6505	6531	6530	
8	6089	6090	6116	6115	6505	6506	6532	6531	
8	6090	6091	6117	6116	6506	6507	6533	6532	
8	6091	6092	6118	6117	6507	6508	6534	6533	
8	6092	6093	6119	6118	6508	6509	6535	6534	
8	6093	6094	6120	6119	6509	6510	6536	6535	
8	6094	6095	6121	6120	6510	6511	6537	6536	
8	6095	6096	6122	6121	6511	6512	6538	6537	
8	6096	6097	6123	6122	6512	6513	6539	6538	
8	6097	6098	6124	6123	6513	6514	6540	6539	
8	6098	6099	6125	6124	6514	6515	6541	6540	
8	6099	6100	6126	6125	6515	6516	6542	6541	
8	6100	6101	6127	6126	6516	6517	6543	6542	
8	6101	6102	6128	6127	6517	6518	6544	6543	
8	6102	6103	6129	6128	6518	6519	6545	6544	
8	6103	6104	6130	6129	6519	6520	6546	6545	
8	6104	6105	6131	6130	6520	6521	6547	6546	
8	6105	6106	6132	6131	6521	6522	6548	6547	
8	6106	6107	6133	6132	6522	6523	6549	6548	
8	6107	6108	6134	6133	6523	6524	6550	6549	
8	6108	6109	6135	6134	6524	6525	6551	6550	
8	6110	6111	6137	6136	6526	6527	6553	6552	
8	6111	6112	6138	6137	6527	6528	6554	6553	
8	6112	6113	6139	6138	6528	6529	6555	6554	
8	6113	6114	6140	6139	6529	6530	6556	6555	
8	6114	6115	6141	6140	6530	6531	6557	6556	
8	6115	6116	6142	6141	6531	6532	6558	6557	
8	6116	6117	6143	6142	6532	6533	6559	6558	
8	6117	6118	6144	6143	6533	6534	6560	6559	
8	6118	6119	6145	6144	6534	6535	6561	6560	
8	6119	6120	6146	6145	6535	6536	6562	6561	
8	6120	6121	6147	6146	6536	6537	6563	6562	
8	6121	6122	6148	6147	6537	6538	6564	6563	
8	6122	6123	6149	6148	6538	6539	6565	6564	
8	6123	6124	6150	6149	6539	6540	6566	6565	
8	6124	6125	6151	6150	6540	6541	6567	6566	
8	6125	6126	6152	6151	6541	6542	6568	6567	
8	6126	6127	6153	6152	6542	6543	6569	6568	
8	6127	6128	6154	6153	6543	6544	6570	6569	
8	6128	6129	6155	6154	6544	6545	6571	6570	
8	6129	6130	6156	6155	6545	6546	6572	6571	
8	6130	6131	6157	6156	6546	6547	6573	6572	
8	6131	6132	6158	6157	6547	6548	6574	6573	
8	6132	6133	6159	6158	6548	6549	6575	6574	
8	6133	6134	6160	6159	6549	6550	6576	6575	
8	6134	6135	6161	6160	6550	6551	6577	6576	
8	6136	6137	6163	6162	6552	6553	6579	6578	
8	6137	6138	6164	6163	6553	6554	6580	6579	
8	6138	6139	6165	6164	6554	6555	6581	6580	
8	6139	6140	6166	6165	6555	6556	6582	6581	
8	6140	6141	6167	6166	6556	6557	6583	6582	
8	6141	6142	6168	6167	6557	6558	6584	6583	
8	6142	6143	6169	6168	6558	6559	6585	6584	
8	6143	6144	6170	6169	6559	6560	6586	6585	
8	6144	6145	6171	6170	6560	6561	6587	6586	
8	6145	6146	6172	6171	6561	6562	6588	6587	
8	6146	6147	6173	6172	6562	6563	6589	6588	
8	6147	6148	6174	6173	6563	6564	6590	6589	
8	6148	6149	6175	6174	6564	6565	6591	6590	
8	6149	6150	6176	6175	6565	6566	6592	6591	
8	6150	6151	6177	6176	6566	6567	6593	6592	
8	6151	6152	6178	6177	6567	6568	6594	6593	
8	6152	6153	6179	6178	6568	6569	6595	6594	
8	6153	6154	6180	6179	6569	6570	6596	6595	
8	6154	6155	6181	6180	6570	6571	6597	6596	
8	6155	6156	6182	6181	6571	6572	6598	6597	
8	6156	6157	6183	6182	6572	6573	6599	6598	
8	6157	6158	6184	6183	6573	6574	6600	6599	
8	6158	6159	6185	6184	6574	6575	6601	6600	
8	6159	6160	6186	6185	6575	6576	6602	6601	
8	6160	6161	6187	6186	6576	6577	6603	6602	
8	6162	6163	6189	6188	6578	6579	6605	6604	
8	6163	6164	6190	6189	6579	6580	6606	6605	
8	6164	6165	6191	6190	6580	6581	6607	6606	
8	6165	6166	6192	6191	6581	6582	6608	6607	
8	6166	6167	6193	6192	6582	6583	6609	6608	
8	6167	6168	6194	6193	6583	6584	6610	6609	
8	6168	6169	6195	6194	6584	6585	6611	6610	
8	6169	6170	6196	6195	6585	6586	6612	6611	
8	6170	6171	6197	6196	6586	6587	6613	6612	
8	6171	6172	6198	6197	6587	6588	6614	6613	
8	6172	6173	6199	6198	6588	6589	6615	6614	
8	6173	6174	6200	6199	6589	6590	6616	6615	
8	6174	6175	6201	6200	6590	6591	6617	6616	
8	6175	6176	6202	6201	6591	6592	6618	6617	
8	6176	6177	6203	6202	6592	6593	6619	6618	
8	6177	6178	6204	6203	6593	6594	6620	6619	
8	6178	6179	6205	6204	6594	6595	6621	6620	
8	6179	6180	6206	6205	6595	6596	6622	6621	
8	6180	6181	6207	6206	6596	6597	6623	6622	
8	6181	6182	6208	6207	6597	6598	6624	6623	
8	6182	6183	6209	6208	6598	6599	6625	6624	
8	6183	6184	6210	6209	6599	6600	6626	6625	
8	6184	6185	6211	6210	6600	6601	6627	6626	
8	6185	6186	6212	6211	6601	6602	6628	6627	
8	6186	6187	6213	6212	6602	6603	6629	6628	
8	6188	6189	6215	6214	6604	6605	6631	6630	
8	6189	6190	6216	6215	6605	6606	6632	6631	
8	6190	6191	6217	6216	6606	6607	6633	6632	
8	6191	6192	6218	6217	6607	6608	6634	6633	
8	6192	6193	6219	6218	6608	6609	6635	6634	
8	6193	6194	6220	6219	6609	6610	6636	6635	
8	6194	6195	6221	6220	6610	6611	6637	6636	
8	6195	6196	6222	6221	6611	6612	6638	6637	
8	6196	6197	6223	6222	6612	6613	6639	6638	
8	6197	6198	6224	6223	6613	6614	6640	6639	
8	6198	6199	6225	6224	6614	6615	6641	6640	
8	6199	6200	6226	6225	6615	6616	6642	6641	
8	6200	6201	6227	6226	6616	6617	6643	6642	
8	6201	6202	6228	6227	6617	6618	6644	6643	
8	6202	6203	6229	6228	6618	6619	6645	6644	
8	6203	6204	6230	6229	6619	6620	6646	6645	
8	6204	6205	6231	6230	6620	6621	6647	6646	
8	6205	6206	6232	6231	6621	6622	6648	6647	
8	6206	6207	6233	6232	6622	6623	6649	6648	
8	6207	6208	6234	6233	6623	6624	6650	6649	
8	6208	6209	6235	6234	6624	6625	6651	6650	
8	6209	6210	6236	6235	6625	6626	6652	6651	
8	6210	6211	6237	6236	6626	6627	6653	6652	
8	6211	6212	6238	6237	6627	6628	6654	6653	
8	6212	6213	6239	6238	6628	6629	6655	6654	
8	6240	6241	6267	6266	6656	6657	6683	6682	
8	6241	6242	6268	6267	6657	6658	6684	6683	
8	6242	6243	6269	6268	6658	6659	6685	6684	
8	6243	6244	6270	6269	6659	6660	6686	6685	
8	6244	6245	6271	6270	6660	6661	6687	6686	
8	6245	6246	6272	6271	6661	6662	6688	6687	
8	6246	6247	6273	6272	6662	6663	6689	6688	
8	6247	6248	6274	6273	6663	6664	6690	6689	
8	6248	6249	6275	6274	6664	6665	6691	6690	
8	6249	6250	6276	6275	6665	6666	6692	6691	
8	6250	6251	6277	6276	6666	6667	6693	6692	
8	6251	6252	6278	6277	6667	6668	6694	6693	
8	6252	6253	6279	6278	6668	6669	6695	6694	
8	6253	6254	6280	6279	6669	6670	6696	6695	
8	6254	6255	6281	6280	6670	6671	6697	6696	
8	6255	6256	6282	6281	6671	6672	6698	6697	
8	6256	6257	6283	6282	6672	6673	6699	6698	
8	6257	6258	6284	6283	6673	6674	6700	6699	
8	6258	6259	6285	6284	6674	6675	6701	6700	
8	6259	6260	6286	6285	6675	6676	6702	6701	
8	6260	6261	6287	6286	6676	6677	6703	6702	
8	6261	6262	6288	6287	6677	6678	6704	6703	
8	6262	6263	6289	6288	6678	6679	6705	6704	
8	6263	6264	6290	6289	6679	6680	6706	6705	
8	6264	6265	6291	6290	6680	6681	6707	6706	
8	6266	6267	6293	6292	6682	6683	6709	6708	
8	6267	6268	6294	6293	6683	6684	6710	6709	
8	6268	6269	6295	6294	6684	6685	6711	6710	
8	6269	6270	6296	6295	6685	6686	6712	6711	
8	6270	6271	6297	6296	6686	6687	6713	6712	
8	6271	6272	6298	6297	6687	6688	6714	6713	
8	6272	6273	6299	6298	6688	6689	6715	6714	
8	6273	6274	6300	6299	6689	6690	6716	6715	
8	6274	6275	6301	6300	6690	6691	6717	6716	
8	6275	6276	6302	6301	6691	6692	6718	6717	
8	6276	6277	6303	6302	6692	6693	6719	6718	
8	6277	6278	6304	6303	6693	6694	6720	6719	
8	6278	6279	6305	6304	6694	6695	6721	6720	
8	6279	6280	6306	6305	6695	6696	6722	6721	
8	6280	6281	6307	6306	6696	6697	6723	6722	
8	6281	6282	6308	6307	6697	6698	6724	6723	
8	6282	6283	6309	6308	6698	6699	6725	6724	
8	6283	6284	6310	6309	6699	6700	6726	6725	
8	6284	6285	6311	6310	6700	6701	6727	6726	
8	6285	6286	6312	6311	6701	6702	6728	6727	
8	6286	6287	6313	6312	6702	6703	6729	6728	
8	6287	6288	6314	6313	6703	6704	6730	6729	
8	6288	6289	6315	6314	6704	6705	6731	6730	
8	6289	6290	6316	6315	6705	6706	6732	6731	
8	6290	6291	6317	6316	6706	6707	6733	6732	
8	6292	6293	6319	6318	6708	6709	6735	6734	
8	6293	6294	6320	6319	6709	6710	6736	6735	
8	6294	6295	6321	6320	6710	6711	6737	6736	
8	6295	6296	6322	6321	6711	6712	6738	6737	
8	6296	6297	6323	6322	6712	6713	6739	6738	
8	6297	6298	6324	6323	6713	6714	6740	6739	
8	6298	6299	6325	6324	6714	6715	6741	6740	
8	6299	6300	6326	6325	6715	6716	6742	6741	
8	6300	6301	6327	6326	6716	6717	6743	6742	
8	6301	6302	6328	6327	6717	6718	6744	6743	
8	6302	6303	6329	6328	6718	6719	6745	6744	
8	6303	6304	6330	6329	6719	6720	6746	6745	
8	6304	6305	6331	6330	6720	6721	6747	6746	
8	6305	6306	6332	6331	6721	6722	6748	6747	
8	6306	6307	6333	6332	6722	6723	6749	6748	
8	6307	6308	6334	6333	6723	6724	6750	6749	
8	6308	6309	6335	6334	6724	6725	6751	6750	
8	6309	6310	6336	6335	6725	6726	6752	6751	
8	6310	6311	6337	6336	6726	6727	6753	6752	
8	6311	6312	6338	6337	6727	6728	6754	6753	
8	6312	6313	6339	6338	6728	6729	6755	6754	
8	6313	6314	6340	6339	6729	6730	6756	6755	
8	6314	6315	6341	6340	6730	6731	6757	6756	
8	6315	6316	6342	6341	6731	6732	6758	6757	
8	6316	6317	6343	6342	6732	6733	6759	6758	
8	6318	6319	6345	6344	6734	6735	6761	6760	
8	6319	6320	6346	6345	6735	6736	6762	6761	
8	6320	6321	6347	6346	6736	6737	6763	6762	
8	6321	6322	6348	6347	6737	6738	6764	6763	
8	6322	6323	6349	6348	6738	6739	6765	6764	
8	6323	6324	6350	6349	6739	6740	6766	6765	
8	6324	6325	6351	6350	6740	6741	6767	6766	
8	6325	6326	6352	6351	6741	6742	6768	6767	
8	6326	6327	6353	6352	6742	6743	6769	6768	
8	6327	6328	6354	6353	6743	6744	6770	6769	
8	6328	6329	6355	6354	6744	6745	6771	6770	
8	6329	6330	6356	6355	6745	6746	6772	6771	
8	6330	6331	6357	6356	6746	6747	6773	6772	
8	6331	6332	6358	6357	6747	6748	6774	6773	
8	6332	6333	6359	6358	6748	6749	6775	6774	
8	6333	6334	6360	6359	6749	6750	6776	6775	
8	6334	6335	6361	6360	6750	6751	6777	6776	
8	6335	6336	6362	6361	6751	6752	6778	6777	
8	6336	6337	6363	6362	6752	6753	6779	6778	
8	6337	6338	6364	6363	6753	6754	6780	6779	
8	6338	6339	6365	6364	6754	6755	6781	6780	
8	6339	6340	6366	6365	6755	6756	6782	6781	
8	6340	6341	6367	6366	6756	6757	6783	6782	
8	6341	6342	6368	6367	6757	6758	6784	6783	
8	6342	6343	6369	6368	6758	6759	6785	6784	
8	6344	6345	6371	6370	6760	6761	6787	6786	
8	6345	6346	6372	6371	6761	6762	6788	6787	
8	6346	6347	6373	6372	6762	6763	6789	6788	
8	6347	6348	6374	6373	6763	6764	6790	6789	
8	6348	6349	6375	6374	6764	6765	6791	6790	
8	6349	6350	6376	6375	6765	6766	6792	6791	
8	6350	6351	6377	6376	6766	6767	6793	6792	
8	6351	6352	6378	6377	6767	6768	6794	6793	
8	6352	6353	6379	6378	6768	6769	6795	6794	
8	6353	6354	6380	6379	6769	6770	6796	6795	
8	6354	6355	6381	6380	6770	6771	6797	6796	
8	6355	6356	6382	6381	6771	6772	6798	6797	
8	6356	6357	6383	6382	6772	6773	6799	6798	
8	6357	6358	6384	6383	6773	6774	6800	6799	
8	6358	6359	6385	6384	6774	6775	6801	6800	
8	6359	6360	6386	6385	6775	6776	6802	6801	
8	6360	6361	6387	6386	6776	6777	6803	6802	
8	6361	6362	6388	6387	6777	6778	6804	6803	
8	6362	6363	6389	6388	6778	6779	6805	6804	
8	6363	6364	6390	6389	6779	6780	6806	6805	
8	6364	6365	6391	6390	6780	6781	6807	6806	
8	6365	6366	6392	6391	6781	6782	6808	6807	
8	6366	6367	6393	6392	6782	6783	6809	6808	
8	6367	6368	6394	6393	6783	6784	6810	6809	
8	6368	6369	6395	6394	6784	6785	6811	6810	
8	6370	6371	6397	6396	6786	6787	6813	6812	
8	6371	6372	6398	6397	6787	6788	6814	6813	
8	6372	6373	6399	6398	6788	6789	6815	6814	
8	6373	6374	6400	6399	6789	6790	6816	6815	
8	6374	6375	6401	6400	6790	6791	6817	6816	
8	6375	6376	6402	6401	6791	6792	6818	6817	
8	6376	6377	6403	6402	6792	6793	6819	6818	
8	6377	6378	6404	6403	6793	6794	6820	6819	
8	6378	6379	6405	6404	6794	6795	6821	6820	
8	6379	6380	6406	6405	6795	6796	6822	6821	
8	6380	6381	6407	6406	6796	6797	6823	6822	
8	6381	6382	6408	6407	6797	6798	6824	6823	
8	6382	6383	6409	6408	6798	6799	6825	6824	
8	6383	6384	6410	6409	6799	6800	6826	6825	
8	6384	6385	6411	6410	6800	6801	6827	6826	
8	6385	6386	6412	6411	6801	6802	6828	6827	
8	6386	6387	6413	6412	6802	6803	6829	6828	
8	6387	6388	6414	6413	6803	6804	6830	6829	
8	6388	6389	6415	6414	6804	6805	6831	6830	
8	6389	6390	6416	6415	6805	6806	6832	6831	
8	6390	6391	6417	6416	6806	6807	6833	6832	
8	6391	6392	6418	6417	6807	6808	6834	6833	
8	6392	6393	6419	6418	6808	6809	6835	6834	
8	6393	6394	6420	6419	6809	6810	6836	6835	
8	6394	6395	6421	6420	6810	6811	6837	6836	
8	6396	6397	6423	6422	6812	6813	6839	6838	
8	6397	6398	6424	6423	6813	6814	6840	6839	
8	6398	6399	6425	6424	6814	6815	6841	6840	
8	6399	6400	6426	6425	6815	6816	6842	6841	
8	6400	6401	6427	6426	6816	6817	6843	6842	
8	6401	6402	6428	6427	6817	6818	6844	6843	
8	6402	6403	6429	6428	6818	6819	6845	6844	
8	6403	6404	6430	6429	6819	6820	6846	6845	
8	6404	6405	6431	6430	6820	6821	6847	6846	
8	6405	6406	6432	6431	6821	6822	6848	6847	
8	6406	6407	6433	6432	6822	6823	6849	6848	
8	6407	6408	6434	6433	6823	6824	6850	6849	
8	6408	6409	6435	6434	6824	6825	6851	6850	
8	6409	6410	6436	6435	6825	6826	6852	6851	
8	6410	6411	6437	6436	6826	6827	6853	6852	
8	6411	6412	6438	6437	6827	6828	6854	6853	
8	6412	6413	6439	6438	6828	6829	6855	6854	
8	6413	6414	6440	6439	6829	6830	6856	6855	
8	6414	6415	6441	6440	6830	6831	6857	6856	
8	6415	6416	6442	6441	6831	6832	6858	6857	
8	6416	6417	6443	6442	6832	6833	6859	6858	
8	6417	6418	6444	6443	6833	6834	6860	6859	
8	6418	6419	6445	6444	6834	6835	6861	6860	
8	6419	6420	6446	6445	6835	6836	6862	6861	
8	6420	6421	6447	6446	6836	6837	6863	6862	
8	6422	6423	6449	6448	6838	6839	6865	6864	
8	6423	6424	6450	6449	6839	6840	6866	6865	
8	6424	6425	6451	6450	6840	6841	6867	6866	
8	6425	6426	6452	6451	6841	6842	6868	6867	
8	6426	6427	6453	6452	6842	6843	6869	6868	
8	6427	6428	6454	6453	6843	6844	6870	6869	
8	6428	6429	6455	6454	6844	6845	6871	6870	
8	6429	6430	6456	6455	6845	6846	6872	6871	
8	6430	6431	6457	6456	6846	6847	6873	6872	
8	6431	6432	6458	6457	6847	6848	6874	6873	
8	6432	6433	6459	6458	6848	6849	6875	6874	
8	6433	6434	6460	6459	6849	6850	6876	6875	
8	6434	6435	6461	6460	6850	6851	6877	6876	
8	6435	6436	6462	6461	6851	6852	6878	6877	
8	6436	6437	6463	6462	6852	6853	6879	6878	
8	6437	6438	6464	6463	6853	6854	6880	6879	
8	6438	6439	6465	6464	6854	6855	6881	6880	
8	6439	6440	6466	6465	6855	6856	6882	6881	
8	6440	6441	6467	6466	6856	6857	6883	6882	
8	6441	6442	6468	6467	6857	6858	6884	6883	
8	6442	6443	6469	6468	6858	6859	6885	6884	
8	6443	6444	6470	6469	6859	6860	6886	6885	
8	6444	6445	6471	6470	6860	6861	6887	6886	
8	6445	6446	6472	6471	6861	6862	6888	6887	
8	6446	6447	6473	6472	6862	6863	6889	6888	
8	6448	6449	6475	6474	6864	6865	6891	6890	
8	6449	6450	6476	6475	6865	6866	6892	6891	
8	6450	6451	6477	6476	6866	6867	6893	6892	
8	6451	6452	6478	6477	6867	6868	6894	6893	
8	6452	6453	6479	6478	6868	6869	6895	6894	
8	6453	6454	6480	6479	6869	6870	6896	6895	
8	6454	6455	6481	6480	6870	6871	6897	6896	
8	6455	6456	6482	6481	6871	6872	6898	6897	
8	6456	6457	6483	6482	6872	6873	6899	6898	
8	6457	6458	6484	6483	6873	6874	6900	6899	
8	6458	6459	6485	6484	6874	6875	6901	6900	
8	6459	6460	6486	6485	6875	6876	6902	6901	
8	6460	6461	6487	6486	6876	6877	6903	6902	
8	6461	6462	6488	6487	6877	6878	6904	6903	
8	6462	6463	6489	6488	6878	6879	6905	6904	
8	6463	6464	6490	6489	6879	6880	6906	6905	
8	6464	6465	6491	6490	6880	6881	6907	6906	
8	6465	6466	6492	6491	6881	6882	6908	6907	
8	6466	6467	6493	6492	6882	6883	6909	6908	
8	6467	6468	6494	6493	6883	6884	6910	6909	
8	6468	6469	6495	6494	6884	6885	6911	6910	
8	6469	6470	6496	6495	6885	6886	6912	6911	
8	6470	6471	6497	6496	6886	6887	6913	6912	
8	6471	6472	6498	6497	6887	6888	6914	6913	
8	6472	6473	6499	6498	6888	6889	6915	6914	
8	6474	6475	6501	6500	6890	6891	6917	6916	
8	6475	6476	6502	6501	6891	6892	6918	6917	
8	6476	6477	6503	6502	6892	6893	6919	6918	
8	6477	6478	6504	6503	6893	6894	6920	6919	
8	6478	6479	6505	6504	6894	6895	6921	6920	
8	6479	6480	6506	6505	6895	6896	6922	6921	
8	6480	6481	6507	6506	6896	6897	6923	6922	
8	6481	6482	6508	6507	6897	6898	6924	6923	
8	6482	6483	6509	6508	6898	6899	6925	6924	
8	6483	6484	6510	6509	6899	6900	6926	6925	
8	6484	6485	6511	6510	6900	6901	6927	6926	
8	6485	6486	6512	6511	6901	6902	6928	6927	
8	6486	6487	6513	6512	6902	6903	6929	6928	
8	6487	6488	6514	6513	6903	6904	6930	6929	
8	6488	6489	6515	6514	6904	6905	6931	6930	
8	6489	6490	6516	6515	6905	6906	6932	6931	
8	6490	6491	6517	6516	6906	6907	6933	6932	
8	6491	6492	6518	6517	6907	6908	6934	6933	
8	6492	6493	6519	6518	6908	6909	6935	6934	
8	6493	6494	6520	6519	6909	6910	6936	6935	
8	6494	6495	6521	6520	6910	6911	6937	6936	
8	6495	6496	6522	6521	6911	6912	6938	6937	
8	6496	6497	6523	6522	6912	6913	6939	6938	
8	6497	6498	6524	6523	6913	6914	6940	6939	
8	6498	6499	6525	6524	6914	6915	6941	6940	
8	6500	6501	6527	6526	6916	6917	6943	6942	
8	6501	6502	6528	6527	6917	6918	6944	6943	
8	6502	6503	6529	6528	6918	6919	6945	6944	
8	6503	6504	6530	6529	6919	6920	6946	6945	
8	6504	6505	6531	6530	6920	6921	6947	6946	
8	6505	6506	6532	6531	6921	6922	6948	6947	
8	6506	6507	6533	6532	6922	6923	6949	6948	
8	6507	6508	6534	6533	6923	6924	6950	6949	
8	6508	6509	6535	6534	6924	6925	6951	6950	
8	6509	6510	6536	6535	6925	6926	6952	6951	
8	6510	6511	6537	6536	6926	6927	6953	6952	
8	6511	6512	6538	6537	6927	6928	6954	6953	
8	6512	6513	6539	6538	6928	6929	6955	6954	
8	6513	6514	6540	6539	6929	6930	6956	6955	
8	6514	6515	6541	6540	6930	6931	6957	6956	
8	6515	6516	6542	6541	6931	6932	6958	6957	
8	6516	6517	6543	6542	6932	6933	6959	6958	
8	6517	6518	6544	6543	6933	6934	6960	6959	
8	6518	6519	6545	6544	6934	6935	6961	6960	
8	6519	6520	6546	6545	6935	6936	6962	6961	
8	6520	6521	6547	6546	6936	6937	6963	6962	
8	6521	6522	6548	6547	6937	6938	6964	6963	
8	6522	6523	6549	6548	6938	6939	6965	6964	
8	6523	6524	6550	6549	6939	6940	6966	6965	
8	6524	6525	6551	6550	6940	6941	6967	6966	
8	6526	6527	6553	6552	6942	6943	6969	6968	
8	6527	6528	6554	6553	6943	6944	6970	6969	
8	6528	6529	6555	6554	6944	6945	6971	6970	
8	6529	6530	6556	6555	6945	6946	6972	6971	
8	6530	6531	6557	6556	6946	6947	6973	6972	
8	6531	6532	6558	6557	6947	6948	6974	6973	
8	6532	6533	6559	6558	6948	6949	6975	6974	
8	6533	6534	6560	6559	6949	6950	6976	6975	
8	6534	6535	6561	6560	6950	6951	6977	6976	
8	6535	6536	6562	6561	6951	6952	6978	6977	
8	6536	6537	6563	6562	6952	6953	6979	6978	
8	6537	6538	6564	6563	6953	6954	6980	6979	
8	6538	6539	6565	6564	6954	6955	6981	6980	
8	6539	6540	6566	6565	6955	6956	6982	6981	
8	6540	6541	6567	6566	6956	6957	6983	6982	
8	6541	6542	6568	6567	6957	6958	6984	6983	
8	6542	6543	6569	6568	6958	6959	6985	6984	
8	6543	6544	6570	6569	6959	6960	6986	6985	
8	6544	6545	6571	6570	6960	6961	6987	6986	
8	6545	6546	6572	6571	6961	6962	6988	6987	
8	6546	6547	6573	6572	6962	6963	6989	6988	
8	6547	6548	6574	6573	6963	6964	6990	6989	
8	6548	6549	6575	6574	6964	6965	6991	6990	
8	6549	6550	6576	6575	6965	6966	6992	6991	
8	6550	6551	6577	6576	6966	6967	6993	6992	
8	6552	6553	6579	6578	6968	6969	6995	6994	
8	6553	6554	6580	6579	6969	6970	6996	6995	
8	6554	6555	6581	6580	6970	6971	6997	6996	
8	6555	6556	6582	6581	6971	6972	6998	6997	
8	6556	6557	6583	6582	6972	6973	6999	6998	
8	6557	6558	6584	6583	6973	6974	7000	6999	
8	6558	6559	6585	6584	6974	6975	7001	7000	
8	6559	6560	6586	6585	6975	6976	7002	7001	
8	6560	6561	6587	6586	6976	6977	7003	7002	
8	6561	6562	6588	6587	6977	6978	7004	7003	
8	6562	6563	6589	6588	6978	6979	7005	7004	
8	6563	6564	6590	6589	6979	6980	7006	7005	
8	6564	6565	6591	6590	6980	6981	7007	7006	
8	6565	6566	6592	6591	6981	6982	7008	7007	
8	6566	6567	6593	6592	6982	6983	7009	7008	
8	6567	6568	6594	6593	6983	6984	7010	7009	
8	6568	6569	6595	6594	6984	6985	7011	7010	
8	6569	6570	6596	6595	6985	6986	7012	7011	
8	6570	6571	6597	6596	6986	6987	7013	7012	
8	6571	6572	6598	6597	6987	6988	7014	7013	
8	6572	6573	6599	6598	6988	6989	7015	7014	
8	6573	6574	6600	6599	6989	6990	7016	7015	
8	6574	6575	6601	6600	6990	6991	7017	7016	
8	6575	6576	6602	6601	6991	6992	7018	7017	
8	6576	6577	6603	6602	6992	6993	7019	7018	
8	6578	6579	6605	6604	6994	6995	7021	7020	
8	6579	6580	6606	6605	6995	6996	7022	7021	
8	6580	6581	6607	6606	6996	6997	7023	7022	
8	6581	6582	6608	6607	6997	6998	7024	7023	
8	6582	6583	6609	6608	6998	6999	7025	7024	
8	6583	6584	6610	6609	6999	7000	7026	7025	
8	6584	6585	6611	6610	7000	7001	7027	7026	
8	6585	6586	6612	6611	7001	7002	7028	7027	
8	6586	6587	6613	6612	7002	7003	7029	7028	
8	6587	6588	6614	6613	7003	7004	7030	7029	
8	6588	6589	6615	6614	7004	7005	7031	7030	
8	6589	6590	6616	6615	7005	7006	7032	7031	
8	6590	6591	6617	6616	7006	7007	7033	7032	
8	6591	6592	6618	6617	7007	7008	7034	7033	
8	6592	6593	6619	6618	7008	7009	7035	7034	
8	6593	6594	6620	6619	7009	7010	7036	7035	
8	6594	6595	6621	6620	7010	7011	7037	7036	
8	6595	6596	6622	6621	7011	7012	7038	7037	
8	6596	6597	6623	6622	7012	7013	7039	7038	
8	6597	6598	6624	6623	7013	7014	7040	7039	
8	6598	6599	6625	6624	7014	7015	7041	7040	
8	6599	6600	6626	6625	7015	7016	7042	7041	
8	6600	6601	6627	6626	7016	7017	7043	7042	
8	6601	6602	6628	6627	7017	7018	7044	7043	
8	6602	6603	6629	6628	7018	7019	7045	7044	
8	6604	6605	6631	6630	7020	7021	7047	7046	
8	6605	6606	6632	6631	7021	7022	7048	7047	
8	6606	6607	6633	6632	7022	7023	7049	7048	
8	6607	6608	6634	6633	7023	7024	7050	7049	
8	6608	6609	6635	6634	7024	7025	7051	7050	
8	6609	6610	6636	6635	7025	7026	7052	7051	
8	6610	6611	6637	6636	7026	7027	7053	7052	
8	6611	6612	6638	6637	7027	7028	7054	7053	
8	6612	6613	6639	6638	7028	7029	7055	7054	
8	6613	6614	6640	6639	7029	7030	7056	7055	
8	6614	6615	6641	6640	7030	7031	7057	7056	
8	6615	6616	6642	6641	7031	7032	7058	7057	
8	6616	6617	6643	6642	7032	7033	7059	7058	
8	6617	6618	6644	6643	7033	7034	7060	7059	
8	6618	6619	6645	6644	7034	7035	7061	7060	
8	6619	6620	6646	6645	7035	7036	7062	7061	
8	6620	6621	6647	6646	7036	7037	7063	7062	
8	6621	6622	6648	6647	7037	7038	7064	7063	
8	6622	6623	6649	6648	7038	7039	7065	7064	
8	6623	6624	6650	6649	7039	7040	7066	7065	
8	6624	6625	6651	6650	7040	7041	7067	7066	
8	6625	6626	6652	6651	7041	7042	7068	7067	
8	6626	6627	6653	6652	7042	7043	7069	7068	
8	6627	6628	6654	6653	7043	7044	7070	7069	
8	6628	6629	6655	6654	7044	7045	7071	7070	
8	6656	6657	6683	6682	7072	7073	7099	7098	
8	6657	6658	6684	6683	7073	7074	7100	7099	
8	6658	6659	6685	6684	7074	7075	7101	7100	
8	6659	6660	6686	6685	7075	7076	7102	7101	
8	6660	6661	6687	6686	7076	7077	7103	7102	
8	6661	6662	6688	6687	7077	7078	7104	7103	
8	6662	6663	6689	6688	7078	7079	7105	7104	
8	6663	6664	6690	6689	7079	7080	7106	7105	
8	6664	6665	6691	6690	7080	7081	7107	7106	
8	6665	6666	6692	6691	7081	7082	7108	7107	
8	6666	6667	6693	6692	7082	7083	7109	7108	
8	6667	6668	6694	6693	7083	7084	7110	7109	
8	6668	6669	6695	6694	7084	7085	7111	7110	
8	6669	6670	6696	6695	7085	7086	7112	7111	
8	6670	6671	6697	6696	7086	7087	7113	7112	
8	6671	6672	6698	6697	7087	7088	7114	7113	
8	6672	6673	6699	6698	7088	7089	7115	7114	
8	6673	6674	6700	6699	7089	7090	7116	7115	
8	6674	6675	6701	6700	7090	7091	7117	7116	
8	6675	6676	6702	6701	7091	7092	7118	7117	
8	6676	6677	6703	6702	7092	7093	7119	7118	
8	6677	6678	6704	6703	7093	7094	7120	7119	
8	6678	6679	6705	6704	7094	7095	7121	7120	
8	6679	6680	6706	6705	7095	7096	7122	7121	
8	6680	6681	6707	6706	7096	7097	7123	7122	
8	6682	6683	6709	6708	7098	7099	7125	7124	
8	6683	6684	6710	6709	7099	7100	7126	7125	
8	6684	6685	6711	6710	7100	7101	7127	7126	
8	6685	6686	6712	6711	7101	7102	7128	7127	
8	6686	6687	6713	6712	7102	7103	7129	7128	
8	6687	6688	6714	6713	7103	7104	7130	7129	
8	6688	6689	6715	6714	7104	7105	7131	7130	
8	6689	6690	6716	6715	7105	7106	7132	7131	
8	6690	6691	6717	6716	7106	7107	7133	7132	
8	6691	6692	6718	6717	7107	7108	7134	7133	
8	6692	6693	6719	6718	7108	7109	7135	7134	
8	6693	6694	6720	6719	7109	7110	7136	7135	
8	6694	6695	6721	6720	7110	7111	7137	7136	
8	6695	6696	6722	6721	7111	7112	7138	7137	
8	6696	6697	6723	6722	7112	7113	7139	7138	
8	6697	6698	6724	6723	7113	7114	7140	7139	
8	6698	6699	6725	6724	7114	7115	7141	7140	
8	6699	6700	6726	6725	7115	7116	7142	7141	
8	6700	6701	6727	6726	7116	7117	7143	7142	
8	6701	6702	6728	6727	7117	7118	7144	7143	
8	6702	6703	6729	6728	7118	7119	7145	7144	
8	6703	6704	6730	6729	7119	7120	7146	7145	
8	6704	6705	6731	6730	7120	7121	7147	7146	
8	6705	6706	6732	6731	7121	7122	7148	7147	
8	6706	6707	6733	6732	7122	7123	7149	7148	
8	6708	6709	6735	6734	7124	7125	7151	7150	
8	6709	6710	6736	6735	7125	7126	7152	7151	
8	6710	6711	6737	6736	7126	7127	7153	7152	
8	6711	6712	6738	6737	7127	7128	7154	7153	
8	6712	6713	6739	6738	7128	7129	7155	7154	
8	6713	6714	6740	6739	7129	7130	7156	7155	
8	6714	6715	6741	6740	7130	7131	7157	7156	
8	6715	6716	6742	6741	7131	7132	7158	7157	
8	6716	6717	6743	6742	7132	7133	7159	7158	
8	6717	6718	6744	6743	7133	7134	7160	7159	
8	6718	6719	6745	6744	7134	7135	7161	7160	
8	6719	6720	6746	6745	7135	7136	7162	7161	
8	6720	6721	6747	6746	7136	7137	7163	7162	
8	6721	6722	6748	6747	7137	7138	7164	7163	
8	6722	6723	6749	6748	7138	7139	7165	7164	
8	6723	6724	6750	6749	7139	7140	7166	7165	
8	6724	6725	6751	6750	7140	7141	7167	7166	
8	6725	6726	6752	6751	7141	7142	7168	7167	
8	6726	6727	6753	6752	7142	7143	7169	7168	
8	6727	6728	6754	6753	7143	7144	7170	7169	
8	6728	6729	6755	6754	7144	7145	7171	7170	
8	6729	6730	6756	6755	7145	7146	7172	7171	
8	6730	6731	6757	6756	7146	7147	7173	7172	
8	6731	6732	6758	6757	7147	7148	7174	7173	
8	6732	6733	6759	6758	7148	7149	7175	7174	
8	6734	6735	6761	6760	7150	7151	7177	7176	
8	6735	6736	6762	6761	7151	7152	7178	7177	
8	6736	6737	6763	6762	7152	7153	7179	7178	
8	6737	6738	6764	6763	7153	7154	7180	7179	
8	6738	6739	6765	6764	7154	7155	7181	7180	
8	6739	6740	6766	6765	7155	7156	7182	7181	
8	6740	6741	6767	6766	7156	7157	7183	7182	
8	6741	6742	6768	6767	7157	7158	7184	7183	
8	6742	6743	6769	6768	7158	7159	7185	7184	
8	6743	6744	6770	6769	7159	7160	7186	7185	
8	6744	6745	6771	6770	7160	7161	7187	7186	
8	6745	6746	6772	6771	7161	7162	7188	7187	
8	6746	6747	6773	6772	7162	7163	7189	7188	
8	6747	6748	6774	6773	7163	7164	7190	7189	
8	6748	6749	6775	6774	7164	7165	7191	7190	
8	6749	6750	6776	6775	7165	7166	7192	7191	
8	6750	6751	6777	6776	7166	7167	7193	7192	
8	6751	6752	6778	6777	7167	7168	7194	7193	
8	6752	6753	6779	6778	7168	7169	7195	7194	
8	6753	6754	6780	6779	7169	7170	7196	7195	
8	6754	6755	6781	6780	7170	7171	7197	7196	
8	6755	6756	6782	6781	7171	7172	7198	7197	
8	6756	6757	6783	6782	7172	7173	7199	7198	
8	6757	6758	6784	6783	7173	7174	7200	7199	
8	6758	6759	6785	6784	7174	7175	7201	7200	
8	6760	6761	6787	6786	7176	7177	7203	7202	
8	6761	6762	6788	6787	7177	7178	7204	7203	
8	6762	6763	6789	6788	7178	7179	7205	7204	
8	6763	6764	6790	6789	7179	7180	7206	7205	
8	6764	6765	6791	6790	7180	7181	7207	7206	
8	6765	6766	6792	6791	7181	7182	7208	7207	
8	6766	6767	6793	6792	7182	7183	7209	7208	
8	6767	6768	6794	6793	7183	7184	7210	7209	
8	6768	6769	6795	6794	7184	7185	7211	7210	
8	6769	6770	6796	6795	7185	7186	7212	7211	
8	6770	6771	6797	6796	7186	7187	7213	7212	
8	6771	6772	6798	6797	7187	7188	7214	7213	
8	6772	6773	6799	6798	7188	7189	7215	7214	
8	6773	6774	6800	6799	7189	7190	7216	7215	
8	6774	6775	6801	6800	7190	7191	7217	7216	
8	6775	6776	6802	6801	7191	7192	7218	7217	
8	6776	6777	6803	6802	7192	7193	7219	7218	
8	6777	6778	6804	6803	7193	7194	7220	7219	
8	6778	6779	6805	6804	7194	7195	7221	7220	
8	6779	6780	6806	6805	7195	7196	7222	7221	
8	6780	6781	6807	6806	7196	7197	7223	7222	
8	6781	6782	6808	6807	7197	7198	7224	7223	
8	6782	6783	6809	6808	7198	7199	7225	7224	
8	6783	6784	6810	6809	7199	7200	7226	7225	
8	6784	6785	6811	6810	7200	7201	7227	7226	
8	6786	6787	6813	6812	7202	7203	7229	7228	
8	6787	6788	6814	6813	7203	7204	7230	7229	
8	6788	6789	6815	6814	7204	7205	7231	7230	
8	6789	6790	6816	6815	7205	7206	7232	7231	
8	6790	6791	6817	6816	7206	7207	7233	7232	
8	6791	6792	6818	6817	7207	7208	7234	7233	
8	6792	6793	6819	6818	7208	7209	7235	7234	
8	6793	6794	6820	6819	7209	7210	7236	7235	
8	6794	6795	6821	6820	7210	7211	7237	7236	
8	6795	6796	6822	6821	7211	7212	7238	7237	
8	6796	6797	6823	6822	7212	7213	7239	7238	
8	6797	6798	6824	6823	7213	7214	7240	7239	
8	6798	6799	6825	6824	7214	7215	7241	7240	
8	6799	6800	6826	6825	7215	7216	7242	7241	
8	6800	6801	6827	6826	7216	7217	7243	7242	
8	6801	6802	6828	6827	7217	7218	7244	7243	
8	6802	6803	6829	6828	7218	7219	7245	7244	
8	6803	6804	6830	6829	7219	7220	7246	7245	
8	6804	6805	6831	6830	7220	7221	7247	7246	
8	6805	6806	6832	6831	7221	7222	7248	7247	
8	6806	6807	6833	6832	7222	7223	7249	7248	
8	6807	6808	6834	6833	7223	7224	7250	7249	
8	6808	6809	6835	6834	7224	7225	7251	7250	
8	6809	6810	6836	6835	7225	7226	7252	7251	
8	6810	6811	6837	6836	7226	7227	7253	7252	
8	6812	6813	6839	6838	7228	7229	7255	7254	
8	6813	6814	6840	6839	7229	7230	7256	7255	
8	6814	6815	6841	6840	7230	7231	7257	7256	
8	6815	6816	6842	6841	7231	7232	7258	7257	
8	6816	6817	6843	6842	7232	7233	7259	7258	
8	6817	6818	6844	6843	7233	7234	7260	7259	
8	6818	6819	6845	6844	7234	7235	7261	7260	
8	6819	6820	6846	6845	7235	7236	7262	7261	
8	6820	6821	6847	6846	7236	7237	7263	7262	
8	6821	6822	6848	6847	7237	7238	7264	7263	
8	6822	6823	6849	6848	7238	7239	7265	7264	
8	6823	6824	6850	6849	7239	7240	7266	7265	
8	6824	6825	6851	6850	7240	7241	7267	7266	
8	6825	6826	6852	6851	7241	7242	7268	7267	
8	6826	6827	6853	6852	7242	7243	7269	7268	
8	6827	6828	6854	6853	7243	7244	7270	7269	
8	6828	6829	6855	6854	7244	7245	7271	7270	
8	6829	6830	6856	6855	7245	7246	7272	7271	
8	6830	6831	6857	6856	7246	7247	7273	7272	
8	6831	6832	6858	6857	7247	7248	7274	7273	
8	6832	6833	6859	6858	7248	7249	7275	7274	
8	6833	6834	6860	6859	7249	7250	7276	7275	
8	6834	6835	6861	6860	7250	7251	7277	7276	
8	6835	6836	6862	6861	7251	7252	7278	7277	
8	6836	6837	6863	6862	7252	7253	7279	7278	
8	6838	6839	6865	6864	7254	7255	7281	7280	
8	6839	6840	6866	6865	7255	7256	7282	7281	
8	6840	6841	6867	6866	7256	7257	7283	7282	
8	6841	6842	6868	6867	7257	7258	7284	7283	
8	6842	6843	6869	6868	7258	7259	7285	7284	
8	6843	6844	6870	6869	7259	7260	7286	7285	
8	6844	6845	6871	6870	7260	7261	7287	7286	
8	6845	6846	6872	6871	7261	7262	7288	7287	
8	6846	6847	6873	6872	7262	7263	7289	7288	
8	6847	6848	6874	6873	7263	7264	7290	7289	
8	6848	6849	6875	6874	7264	7265	7291	7290	
8	6849	6850	6876	6875	7265	7266	7292	7291	
8	6850	6851	6877	6876	7266	7267	7293	7292	
8	6851	6852	6878	6877	7267	7268	7294	7293	
8	6852	6853	6879	6878	7268	7269	7295	7294	
8	6853	6854	6880	6879	7269	7270	7296	7295	
8	6854	6855	6881	6880	7270	7271	7297	7296	
8	6855	6856	6882	6881	7271	7272	7298	7297	
8	6856	6857	6883	6882	7272	7273	7299	7298	
8	6857	6858	6884	6883	7273	7274	7300	7299	
8	6858	6859	6885	6884	7274	7275	7301	7300	
8	6859	6860	6886	6885	7275	7276	7302	7301	
8	6860	6861	6887	6886	7276	7277	7303	7302	
8	6861	6862	6888	6887	7277	7278	7304	7303	
8	6862	6863	6889	6888	7278	7279	7305	7304	
8	6864	6865	6891	6890	7280	7281	7307	7306	
8	6865	6866	6892	6891	7281	7282	7308	7307	
8	6866	6867	6893	6892	7282	7283	7309	7308	
8	6867	6868	6894	6893	7283	7284	7310	7309	
8	6868	6869	6895	6894	7284	7285	7311	7310	
8	6869	6870	6896	6895	7285	7286	7312	7311	
8	6870	6871	6897	6896	7286	7287	7313	7312	
8	6871	6872	6898	6897	7287	7288	7314	7313	
8	6872	6873	6899	6898	7288	7289	7315	7314	
8	6873	6874	6900	6899	7289	7290	7316	7315	
8	6874	6875	6901	6900	7290	7291	7317	7316	
8	6875	6876	6902	6901	7291	7292	7318	7317	
8	6876	6877	6903	6902	7292	7293	7319	7318	
8	6877	6878	6904	6903	7293	7294	7320	7319	
8	6878	6879	6905	6904	7294	7295	7321	7320	
8	6879	6880	6906	6905	7295	7296	7322	7321	
8	6880	6881	6907	6906	7296	7297	7323	7322	
8	6881	6882	6908	6907	7297	7298	7324	7323	
8	6882	6883	6909	6908	7298	7299	7325	7324	
8	6883	6884	6910	6909	7299	7300	7326	7325	
8	6884	6885	6911	6910	7300	7301	7327	7326	
8	6885	6886	6912	6911	7301	7302	7328	7327	
8	6886	6887	6913	6912	7302	7303	7329	7328	
8	6887	6888	6914	6913	7303	7304	7330	7329	
8	6888	6889	6915	6914	7304	7305	7331	7330	
8	6890	6891	6917	6916	7306	7307	7333	7332	
8	6891	6892	6918	6917	7307	7308	7334	7333	
8	6892	6893	6919	6918	7308	7309	7335	7334	
8	6893	6894	6920	6919	7309	7310	7336	7335	
8	6894	6895	6921	6920	7310	7311	7337	7336	
8	6895	6896	6922	6921	7311	7312	7338	7337	
8	6896	6897	6923	6922	7312	7313	7339	7338	
8	6897	6898	6924	6923	7313	7314	7340	7339	
8	6898	6899	6925	6924	7314	7315	7341	7340	
8	6899	6900	6926	6925	7315	7316	7342	7341	
8	6900	6901	6927	6926	7316	7317	7343	7342	
8	6901	6902	6928	6927	7317	7318	7344	7343	
8	6902	6903	6929	6928	7318	7319	7345	7344	
8	6903	6904	6930	6929	7319	7320	7346	7345	
8	6904	6905	6931	6930	7320	7321	7347	7346	
8	6905	6906	6932	6931	7321	7322	7348	7347	
8	6906	6907	6933	6932	7322	7323	7349	7348	
8	6907	6908	6934	6933	7323	7324	7350	7349	
8	6908	6909	6935	6934	7324	7325	7351	7350	
8	6909	6910	6936	6935	7325	7326	7352	7351	
8	6910	6911	6937	6936	7326	7327	7353	7352	
8	6911	6912	6938	6937	7327	7328	7354	7353	
8	6912	6913	6939	6938	7328	7329	7355	7354	
8	6913	6914	6940	6939	7329	7330	7356	7355	
8	6914	6915	6941	6940	7330	7331	7357	7356	
8	6916	6917	6943	6942	7332	7333	7359	7358	
8	6917	6918	6944	6943	7333	7334	7360	7359	
8	6918	6919	6945	6944	7334	7335	7361	7360	
8	6919	6920	6946	6945	7335	7336	7362	7361	
8	6920	6921	6947	6946	7336	7337	7363	7362	
8	6921	6922	6948	6947	7337	7338	7364	7363	
8	6922	6923	6949	6948	7338	7339	7365	7364	
8	6923	6924	6950	6949	7339	7340	7366	7365	
8	6924	6925	6951	6950	7340	7341	7367	7366	
8	6925	6926	6952	6951	7341	7342	7368	7367	
8	6926	6927	6953	6952	7342	7343	7369	7368	
8	6927	6928	6954	6953	7343	7344	7370	7369	
8	6928	6929	6955	6954	7344	7345	7371	7370	
8	6929	6930	6956	6955	7345	7346	7372	7371	
8	6930	6931	6957	6956	7346	7347	7373	7372	
8	6931	6932	6958	6957	7347	7348	7374	7373	
8	6932	6933	6959	6958	7348	7349	7375	7374	
8	6933	6934	6960	6959	7349	7350	7376	7375	
8	6934	6935	6961	6960	7350	7351	7377	7376	
8	6935	6936	6962	6961	7351	7352	7378	7377	
8	6936	6937	6963	6962	7352	7353	7379	7378	
8	6937	6938	6964	6963	7353	7354	7380	7379	
8	6938	6939	6965	6964	7354	7355	7381	7380	
8	6939	6940	6966	6965	7355	7356	7382	7381	
8	6940	6941	6967	6966	7356	7357	7383	7382	
8	6942	6943	6969	6968	7358	7359	7385	7384	
8	6943	6944	6970	6969	7359	7360	7386	7385	
8	6944	6945	6971	6970	7360	7361	7387	7386	
8	6945	6946	6972	6971	7361	7362	7388	7387	
8	6946	6947	6973	6972	7362	7363	7389	7388	
8	6947	6948	6974	6973	7363	7364	7390	7389	
8	6948	6949	6975	6974	7364	7365	7391	7390	
8	6949	6950	6976	6975	7365	7366	7392	7391	
8	6950	6951	6977	6976	7366	7367	7393	7392	
8	6951	6952	6978	6977	7367	7368	7394	7393	
8	6952	6953	6979	6978	7368	7369	7395	7394	
8	6953	6954	6980	6979	7369	7370	7396	7395	
8	6954	6955	6981	6980	7370	7371	7397	7396	
8	6955	6956	6982	6981	7371	7372	7398	7397	
8	6956	6957	6983	6982	7372	7373	7399	7398	
8	6957	6958	6984	6983	7373	7374	7400	7399	
8	6958	6959	6985	6984	7374	7375	7401	7400	
8	6959	6960	6986	6985	7375	7376	7402	7401	
8	6960	6961	6987	6986	7376	7377	7403	7402	
8	6961	6962	6988	6987	7377	7378	7404	7403	
8	6962	6963	6989	6988	7378	7379	7405	7404	
8	6963	6964	6990	6989	7379	7380	7406	7405	
8	6964	6965	6991	6990	7380	7381	7407	7406	
8	6965	6966	6992	6991	7381	7382	7408	7407	
8	6966	6967	6993	6992	7382	7383	7409	7408	
8	6968	6969	6995	6994	7384	7385	7411	7410	
8	6969	6970	6996	6995	7385	7386	7412	7411	
8	6970	6971	6997	6996	7386	7387	7413	7412	
8	6971	6972	6998	6997	7387	7388	7414	7413	
8	6972	6973	6999	6998	7388	7389	7415	7414	
8	6973	6974	7000	6999	7389	7390	7416	7415	
8	6974	6975	7001	7000	7390	7391	7417	7416	
8	6975	6976	7002	7001	7391	7392	7418	7417	
8	6976	6977	7003	7002	7392	7393	7419	7418	
8	6977	6978	7004	7003	7393	7394	7420	7419	
8	6978	6979	7005	7004	7394	7395	7421	7420	
8	6979	6980	7006	7005	7395	7396	7422	7421	
8	6980	6981	7007	7006	7396	7397	7423	7422	
8	6981	6982	7008	7007	7397	7398	7424	7423	
8	6982	6983	7009	7008	7398	7399	7425	7424	
8	6983	6984	7010	7009	7399	7400	7426	7425	
8	6984	6985	7011	7010	7400	7401	7427	7426	
8	6985	6986	7012	7011	7401	7402	7428	7427	
8	6986	6987	7013	7012	7402	7403	7429	7428	
8	6987	6988	7014	7013	7403	7404	7430	7429	
8	6988	6989	7015	7014	7404	7405	7431	7430	
8	6989	6990	7016	7015	7405	7406	7432	7431	
8	6990	6991	7017	7016	7406	7407	7433	7432	
8	6991	6992	7018	7017	7407	7408	7434	7433	
8	6992	6993	7019	7018	7408	7409	7435	7434	
8	6994	6995	7021	7020	7410	7411	7437	7436	
8	6995	6996	7022	7021	7411	7412	7438	7437	
8	6996	6997	7023	7022	7412	7413	7439	7438	
8	6997	6998	7024	7023	7413	7414	7440	7439	
8	6998	6999	7025	7024	7414	7415	7441	7440	
8	6999	7000	7026	7025	7415	7416	7442	7441	
8	7000	7001	7027	7026	7416	7417	7443	7442	
8	7001	7002	7028	7027	7417	7418	7444	7443	
8	7002	7003	7029	7028	7418	7419	7445	7444	
8	7003	7004	7030	7029	7419	7420	7446	7445	
8	7004	7005	7031	7030	7420	7421	7447	7446	
8	7005	7006	7032	7031	7421	7422	7448	7447	
8	7006	7007	7033	7032	7422	7423	7449	7448	
8	7007	7008	7034	7033	7423	7424	7450	7449	
8	7008	7009	7035	7034	7424	7425	7451	7450	
8	7009	7010	7036	7035	7425	7426	7452	7451	
8	7010	7011	7037	7036	7426	7427	7453	7452	
8	7011	7012	7038	7037	7427	7428	7454	7453	
8	7012	7013	7039	7038	7428	7429	7455	7454	
8	7013	7014	7040	7039	7429	7430	7456	7455	
8	7014	7015	7041	7040	7430	7431	7457	7456	
8	7015	7016	7042	7041	7431	7432	7458	7457	
8	7016	7017	7043	7042	7432	7433	7459	7458	
8	7017	7018	7044	7043	7433	7434	7460	7459	
8	7018	7019	7045	7044	7434	7435	7461	7460	
8	7020	7021	7047	7046	7436	7437	7463	7462	
8	7021	7022	7048	7047	7437	7438	7464	7463	
8	7022	7023	7049	7048	7438	7439	7465	7464	
8	7023	7024	7050	7049	7439	7440	7466	7465	
8	7024	7025	7051	7050	7440	7441	7467	7466	
8	7025	7026	7052	7051	7441	7442	7468	7467	
8	7026	7027	7053	7052	7442	7443	7469	7468	
8	7027	7028	7054	7053	7443	7444	7470	7469	
8	7028	7029	7055	7054	7444	7445	7471	7470	
8	7029	7030	7056	7055	7445	7446	7472	7471	
8	7030	7031	7057	7056	7446	7447	7473	7472	
8	7031	7032	7058	7057	7447	7448	7474	7473	
8	7032	7033	7059	7058	7448	7449	7475	7474	
8	7033	7034	7060	7059	7449	7450	7476	7475	
8	7034	7035	7061	7060	7450	7451	7477	7476	
8	7035	7036	7062	7061	7451	7452	7478	7477	
8	7036	7037	7063	7062	7452	7453	7479	7478	
8	7037	7038	7064	7063	7453	7454	7480	7479	
8	7038	7039	7065	7064	7454	7455	7481	7480	
8	7039	7040	7066	7065	7455	7456	7482	7481	
8	7040	7041	7067	7066	7456	7457	7483	7482	
8	7041	7042	7068	7067	7457	7458	7484	7483	
8	7042	7043	7069	7068	7458	7459	7485	7484	
8	7043	7044	7070	7069	7459	7460	7486	7485	
8	7044	7045	7071	7070	7460	7461	7487	7486	
8	7072	7073	7099	7098	7488	7489	7515	7514	
8	7073	7074	7100	7099	7489	7490	7516	7515	
8	7074	7075	7101	7100	7490	7491	7517	7516	
8	7075	7076	7102	7101	7491	7492	7518	7517	
8	7076	7077	7103	7102	7492	7493	7519	7518	
8	7077	7078	7104	7103	7493	7494	7520	7519	
8	7078	7079	7105	7104	7494	7495	7521	7520	
8	7079	7080	7106	7105	7495	7496	7522	7521	
8	7080	7081	7107	7106	7496	7497	7523	7522	
8	7081	7082	7108	7107	7497	7498	7524	7523	
8	7082	7083	7109	7108	7498	7499	7525	7524	
8	7083	7084	7110	7109	7499	7500	7526	7525	
8	7084	7085	7111	7110	7500	7501	7527	7526	
8	7085	7086	7112	7111	7501	7502	7528	7527	
8	7086	7087	7113	7112	7502	7503	7529	7528	
8	7087	7088	7114	7113	7503	7504	7530	7529	
8	7088	7089	7115	7114	7504	7505	7531	7530	
8	7089	7090	7116	7115	7505	7506	7532	7531	
8	7090	7091	7117	7116	7506	7507	7533	7532	
8	7091	7092	7118	7117	7507	7508	7534	7533	
8	7092	7093	7119	7118	7508	7509	7535	7534	
8	7093	7094	7120	7119	7509	7510	7536	7535	
8	7094	7095	7121	7120	7510	7511	7537	7536	
8	7095	7096	7122	7121	7511	7512	7538	7537	
8	7096	7097	7123	7122	7512	7513	7539	7538	
8	7098	7099	7125	7124	7514	7515	7541	7540	
8	7099	7100	7126	7125	7515	7516	7542	7541	
8	7100	7101	7127	7126	7516	7517	7543	7542	
8	7101	7102	7128	7127	7517	7518	7544	7543	
8	7102	7103	7129	7128	7518	7519	7545	7544	
8	7103	7104	7130	7129	7519	7520	7546	7545	
8	7104	7105	7131	7130	7520	7521	7547	7546	
8	7105	7106	7132	7131	7521	7522	7548	7547	
8	7106	7107	7133	7132	7522	7523	7549	7548	
8	7107	7108	7134	7133	7523	7524	7550	7549	
8	7108	7109	7135	7134	7524	7525	7551	7550	
8	7109	7110	7136	7135	7525	7526	7552	7551	
8	7110	7111	7137	7136	7526	7527	7553	7552	
8	7111	7112	7138	7137	7527	7528	7554	7553	
8	7112	7113	7139	7138	7528	7529	7555	7554	
8	7113	7114	7140	7139	7529	7530	7556	7555	
8	7114	7115	7141	7140	7530	7531	7557	7556	
8	7115	7116	7142	7141	7531	7532	7558	7557	
8	7116	7117	7143	7142	7532	7533	7559	7558	
8	7117	7118	7144	7143	7533	7534	7560	7559	
8	7118	7119	7145	7144	7534	7535	7561	7560	
8	7119	7120	7146	7145	7535	7536	7562	7561	
8	7120	7121	7147	7146	7536	7537	7563	7562	
8	7121	7122	7148	7147	7537	7538	7564	7563	
8	7122	7123	7149	7148	7538	7539	7565	7564	
8	7124	7125	7151	7150	7540	7541	7567	7566	
8	7125	7126	7152	7151	7541	7542	7568	7567	
8	7126	7127	7153	7152	7542	7543	7569	7568	
8	7127	7128	7154	7153	7543	7544	7570	7569	
8	7128	7129	7155	7154	7544	7545	7571	7570	
8	7129	7130	7156	7155	7545	7546	7572	7571	
8	7130	7131	7157	7156	7546	7547	7573	7572	
8	7131	7132	7158	7157	7547	7548	7574	7573	
8	7132	7133	7159	7158	7548	7549	7575	7574	
8	7133	7134	7160	7159	7549	7550	7576	7575	
8	7134	7135	7161	7160	7550	7551	7577	7576	
8	7135	7136	7162	7161	7551	7552	7578	7577	
8	7136	7137	7163	7162	7552	7553	7579	7578	
8	7137	7138	7164	7163	7553	7554	7580	7579	
8	7138	7139	7165	7164	7554	7555	7581	7580	
8	7139	7140	7166	7165	7555	7556	7582	7581	
8	7140	7141	7167	7166	7556	7557	7583	7582	
8	7141	7142	7168	7167	7557	7558	7584	7583	
8	7142	7143	7169	7168	7558	7559	7585	7584	
8	7143	7144	7170	7169	7559	7560	7586	7585	
8	7144	7145	7171	7170	7560	7561	7587	7586	
8	7145	7146	7172	7171	7561	7562	7588	7587	
8	7146	7147	7173	7172	7562	7563	7589	7588	
8	7147	7148	7174	7173	7563	7564	7590	7589	
8	7148	7149	7175	7174	7564	7565	7591	7590	
8	7150	7151	7177	7176	7566	7567	7593	7592	
8	7151	7152	7178	7177	7567	7568	7594	7593	
8	7152	7153	7179	7178	7568	7569	7595	7594	
8	7153	7154	7180	7179	7569	7570	7596	7595	
8	7154	7155	7181	7180	7570	7571	7597	7596	
8	7155	7156	7182	7181	7571	7572	7598	7597	
8	7156	7157	7183	7182	7572	7573	7599	7598	
8	7157	7158	7184	7183	7573	7574	7600	7599	
8	7158	7159	7185	7184	7574	7575	7601	7600	
8	7159	7160	7186	7185	7575	7576	7602	7601	
8	7160	7161	7187	7186	7576	7577	7603	7602	
8	7161	7162	7188	7187	7577	7578	7604	7603	
8	7162	7163	7189	7188	7578	7579	7605	7604	
8	7163	7164	7190	7189	7579	7580	7606	7605	
8	7164	7165	7191	7190	7580	7581	7607	7606	
8	7165	7166	7192	7191	7581	7582	7608	7607	
8	7166	7167	7193	7192	7582	7583	7609	7608	
8	7167	7168	7194	7193	7583	7584	7610	7609	
8	7168	7169	7195	7194	7584	7585	7611	7610	
8	7169	7170	7196	7195	7585	7586	7612	7611	
8	7170	7171	7197	7196	7586	7587	7613	7612	
8	7171	7172	7198	7197	7587	7588	7614	7613	
8	7172	7173	7199	7198	7588	7589	7615	7614	
8	7173	7174	7200	7199	7589	7590	7616	7615	
8	7174	7175	7201	7200	7590	7591	7617	7616	
8	7176	7177	7203	7202	7592	7593	7619	7618	
8	7177	7178	7204	7203	7593	7594	7620	7619	
8	7178	7179	7205	7204	7594	7595	7621	7620	
8	7179	7180	7206	7205	7595	7596	7622	7621	
8	7180	7181	7207	7206	7596	7597	7623	7622	
8	7181	7182	7208	7207	7597	7598	7624	7623	
8	7182	7183	7209	7208	7598	7599	7625	7624	
8	7183	7184	7210	7209	7599	7600	7626	7625	
8	7184	7185	7211	7210	7600	7601	7627	7626	
8	7185	7186	7212	7211	7601	7602	7628	7627	
8	7186	7187	7213	7212	7602	7603	7629	7628	
8	7187	7188	7214	7213	7603	7604	7630	7629	
8	7188	7189	7215	7214	7604	7605	7631	7630	
8	7189	7190	7216	7215	7605	7606	7632	7631	
8	7190	7191	7217	7216	7606	7607	7633	7632	
8	7191	7192	7218	7217	7607	7608	7634	7633	
8	7192	7193	7219	7218	7608	7609	7635	7634	
8	7193	7194	7220	7219	7609	7610	7636	7635	
8	7194	7195	7221	7220	7610	7611	7637	7636	
8	7195	7196	7222	7221	7611	7612	7638	7637	
8	7196	7197	7223	7222	7612	7613	7639	7638	
8	7197	7198	7224	7223	7613	7614	7640	7639	
8	7198	7199	7225	7224	7614	7615	7641	7640	
8	7199	7200	7226	7225	7615	7616	7642	7641	
8	7200	7201	7227	7226	7616	7617	7643	7642	
8	7202	7203	7229	7228	7618	7619	7645	7644	
8	7203	7204	7230	7229	7619	7620	7646	7645	
8	7204	7205	7231	7230	7620	7621	7647	7646	
8	7205	7206	7232	7231	7621	7622	7648	7647	
8	7206	7207	7233	7232	7622	7623	7649	7648	
8	7207	7208	7234	7233	7623	7624	7650	7649	
8	7208	7209	7235	7234	7624	7625	7651	7650	
8	7209	7210	7236	7235	7625	7626	7652	7651	
8	7210	7211	7237	7236	7626	7627	7653	7652	
8	7211	7212	7238	7237	7627	7628	7654	7653	
8	7212	7213	7239	7238	7628	7629	7655	7654	
8	7213	7214	7240	7239	7629	7630	7656	7655	
8	7214	7215	7241	7240	7630	7631	7657	7656	
8	7215	7216	7242	7241	7631	7632	7658	7657	
8	7216	7217	7243	7242	7632	7633	7659	7658	
8	7217	7218	7244	7243	7633	7634	7660	7659	
8	7218	7219	7245	7244	7634	7635	7661	7660	
8	7219	7220	7246	7245	7635	7636	7662	7661	
8	7220	7221	7247	7246	7636	7637	7663	7662	
8	7221	7222	7248	7247	7637	7638	7664	7663	
8	7222	7223	7249	7248	7638	7639	7665	7664	
8	7223	7224	7250	7249	7639	7640	7666	7665	
8	7224	7225	7251	7250	7640	7641	7667	7666	
8	7225	7226	7252	7251	7641	7642	7668	7667	
8	7226	7227	7253	7252	7642	7643	7669	7668	
8	7228	7229	7255	7254	7644	7645	7671	7670	
8	7229	7230	7256	7255	7645	7646	7672	7671	
8	7230	7231	7257	7256	7646	7647	7673	7672	
8	7231	7232	7258	7257	7647	7648	7674	7673	
8	7232	7233	7259	7258	7648	7649	7675	7674	
8	7233	7234	7260	7259	7649	7650	7676	7675	
8	7234	7235	7261	7260	7650	7651	7677	7676	
8	7235	7236	7262	7261	7651	7652	7678	7677	
8	7236	7237	7263	7262	7652	7653	7679	7678	
8	7237	7238	7264	7263	7653	7654	7680	7679	
8	7238	7239	7265	7264	7654	7655	7681	7680	
8	7239	7240	7266	7265	7655	7656	7682	7681	
8	7240	7241	7267	7266	7656	7657	7683	7682	
8	7241	7242	7268	7267	7657	7658	7684	7683	
8	7242	7243	7269	7268	7658	7659	7685	7684	
8	7243	7244	7270	7269	7659	7660	7686	7685	
8	7244	7245	7271	7270	7660	7661	7687	7686	
8	7245	7246	7272	7271	7661	7662	7688	7687	
8	7246	7247	7273	7272	7662	7663	7689	7688	
8	7247	7248	7274	7273	7663	7664	7690	7689	
8	7248	7249	7275	7274	7664	7665	7691	7690	
8	7249	7250	7276	7275	7665	7666	7692	7691	
8	7250	7251	7277	7276	7666	7667	7693	7692	
8	7251	7252	7278	7277	7667	7668	7694	7693	
8	7252	7253	7279	7278	7668	7669	7695	7694	
8	7254	7255	7281	7280	7670	7671	7697	7696	
8	7255	7256	7282	7281	7671	7672	7698	7697	
8	7256	7257	7283	7282	7672	7673	7699	7698	
8	7257	7258	7284	7283	7673	7674	7700	7699	
8	7258	7259	7285	7284	7674	7675	7701	7700	
8	7259	7260	7286	7285	7675	7676	7702	7701	
8	7260	7261	7287	7286	7676	7677	7703	7702	
8	7261	7262	7288	7287	7677	7678	7704	7703	
8	7262	7263	7289	7288	7678	7679	7705	7704	
8	7263	7264	7290	7289	7679	7680	7706	7705	
8	7264	7265	7291	7290	7680	7681	7707	7706	
8	7265	7266	7292	7291	7681	7682	7708	7707	
8	7266	7267	7293	7292	7682	7683	7709	7708	
8	7267	7268	7294	7293	7683	7684	7710	7709	
8	7268	7269	7295	7294	7684	7685	7711	7710	
8	7269	7270	7296	7295	7685	7686	7712	7711	
8	7270	7271	7297	7296	7686	7687	7713	7712	
8	7271	7272	7298	7297	7687	7688	7714	7713	
8	7272	7273	7299	7298	7688	7689	7715	7714	
8	7273	7274	7300	7299	7689	7690	7716	7715	
8	7274	7275	7301	7300	7690	7691	7717	7716	
8	7275	7276	7302	7301	7691	7692	7718	7717	
8	7276	7277	7303	7302	7692	7693	7719	7718	
8	7277	7278	7304	7303	7693	7694	7720	7719	
8	7278	7279	7305	7304	7694	7695	7721	7720	
8	7280	7281	7307	7306	7696	7697	7723	7722	
8	7281	7282	7308	7307	7697	7698	7724	7723	
8	7282	7283	7309	7308	7698	7699	7725	7724	
8	7283	7284	7310	7309	7699	7700	7726	7725	
8	7284	7285	7311	7310	7700	7701	7727	7726	
8	7285	7286	7312	7311	7701	7702	7728	7727	
8	7286	7287	7313	7312	7702	7703	7729	7728	
8	7287	7288	7314	7313	7703	7704	7730	7729	
8	7288	7289	7315	7314	7704	7705	7731	7730	
8	7289	7290	7316	7315	7705	7706	7732	7731	
8	7290	7291	7317	7316	7706	7707	7733	7732	
8	7291	7292	7318	7317	7707	7708	7734	7733	
8	7292	7293	7319	7318	7708	7709	7735	7734	
8	7293	7294	7320	7319	7709	7710	7736	7735	
8	7294	7295	7321	7320	7710	7711	7737	7736	
8	7295	7296	7322	7321	7711	7712	7738	7737	
8	7296	7297	7323	7322	7712	7713	7739	7738	
8	7297	7298	7324	7323	7713	7714	7740	7739	
8	7298	7299	7325	7324	7714	7715	7741	7740	
8	7299	7300	7326	7325	7715	7716	7742	7741	
8	7300	7301	7327	7326	7716	7717	7743	7742	
8	7301	7302	7328	7327	7717	7718	7744	7743	
8	7302	7303	7329	7328	7718	7719	7745	7744	
8	7303	7304	7330	7329	7719	7720	7746	7745	
8	7304	7305	7331	7330	7720	7721	7747	7746	
8	7306	7307	7333	7332	7722	7723	7749	7748	
8	7307	7308	7334	7333	7723	7724	7750	7749	
8	7308	7309	7335	7334	7724	7725	7751	7750	
8	7309	7310	7336	7335	7725	7726	7752	7751	
8	7310	7311	7337	7336	7726	7727	7753	7752	
8	7311	7312	7338	7337	7727	7728	7754	7753	
8	7312	7313	7339	7338	7728	7729	7755	7754	
8	7313	7314	7340	7339	7729	7730	7756	7755	
8	7314	7315	7341	7340	7730	7731	7757	7756	
8	7315	7316	7342	7341	7731	7732	7758	7757	
8	7316	7317	7343	7342	7732	7733	7759	7758	
8	7317	7318	7344	7343	7733	7734	7760	7759	
8	7318	7319	7345	7344	7734	7735	7761	7760	
8	7319	7320	7346	7345	7735	7736	7762	7761	
8	7320	7321	7347	7346	7736	7737	7763	7762	
8	7321	7322	7348	7347	7737	7738	7764	7763	
8	7322	7323	7349	7348	7738	7739	7765	7764	
8	7323	7324	7350	7349	7739	7740	7766	7765	
8	7324	7325	7351	7350	7740	7741	7767	7766	
8	7325	7326	7352	7351	7741	7742	7768	7767	
8	7326	7327	7353	7352	7742	7743	7769	7768	
8	7327	7328	7354	7353	7743	7744	7770	7769	
8	7328	7329	7355	7354	7744	7745	7771	7770	
8	7329	7330	7356	7355	7745	7746	7772	7771	
8	7330	7331	7357	7356	7746	7747	7773	7772	
8	7332	7333	7359	7358	7748	7749	7775	7774	
8	7333	7334	7360	7359	7749	7750	7776	7775	
8	7334	7335	7361	7360	7750	7751	7777	7776	
8	7335	7336	7362	7361	7751	7752	7778	7777	
8	7336	7337	7363	7362	7752	7753	7779	7778	
8	7337	7338	7364	7363	7753	7754	7780	7779	
8	7338	7339	7365	7364	7754	7755	7781	7780	
8	7339	7340	7366	7365	7755	7756	7782	7781	
8	7340	7341	7367	7366	7756	7757	7783	7782	
8	7341	7342	7368	7367	7757	7758	7784	7783	
8	7342	7343	7369	7368	7758	7759	7785	7784	
8	7343	7344	7370	7369	7759	7760	7786	7785	
8	7344	7345	7371	7370	7760	7761	7787	7786	
8	7345	7346	7372	7371	7761	7762	7788	7787	
8	7346	7347	7373	7372	7762	7763	7789	7788	
8	7347	7348	7374	7373	7763	7764	7790	7789	
8	7348	7349	7375	7374	7764	7765	7791	7790	
8	7349	7350	7376	7375	7765	7766	7792	7791	
8	7350	7351	7377	7376	7766	7767	7793	7792	
8	7351	7352	7378	7377	7767	7768	7794	7793	
8	7352	7353	7379	7378	7768	7769	7795	7794	
8	7353	7354	7380	7379	7769	7770	7796	7795	
8	7354	7355	7381	7380	7770	7771	7797	7796	
8	7355	7356	7382	7381	7771	7772	7798	7797	
8	7356	7357	7383	7382	7772	7773	7799	7798	
8	7358	7359	7385	7384	7774	7775	7801	7800	
8	7359	7360	7386	7385	7775	7776	7802	7801	
8	7360	7361	7387	7386	7776	7777	7803	7802	
8	7361	7362	7388	7387	7777	7778	7804	7803	
8	7362	7363	7389	7388	7778	7779	7805	7804	
8	7363	7364	7390	7389	7779	7780	7806	7805	
8	7364	7365	7391	7390	7780	7781	7807	7806	
8	7365	7366	7392	7391	7781	7782	7808	7807	
8	7366	7367	7393	7392	7782	7783	7809	7808	
8	7367	7368	7394	7393	7783	7784	7810	7809	
8	7368	7369	7395	7394	7784	7785	7811	7810	
8	7369	7370	7396	7395	7785	7786	7812	7811	
8	7370	7371	7397	7396	7786	7787	7813	7812	
8	7371	7372	7398	7397	7787	7788	7814	7813	
8	7372	7373	7399	7398	7788	7789	7815	7814	
8	7373	7374	7400	7399	7789	7790	7816	7815	
8	7374	7375	7401	7400	7790	7791	7817	7816	
8	7375	7376	7402	7401	7791	7792	7818	7817	
8	7376	7377	7403	7402	7792	7793	7819	7818	
8	7377	7378	7404	7403	7793	7794	7820	7819	
8	7378	7379	7405	7404	7794	7795	7821	7820	
8	7379	7380	7406	7405	7795	7796	7822	7821	
8	7380	7381	7407	7406	7796	7797	7823	7822	
8	7381	7382	7408	7407	7797	7798	7824	7823	
8	7382	7383	7409	7408	7798	7799	7825	7824	
8	7384	7385	7411	7410	7800	7801	7827	7826	
8	7385	7386	7412	7411	7801	7802	7828	7827	
8	7386	7387	7413	7412	7802	7803	7829	7828	
8	7387	7388	7414	7413	7803	7804	7830	7829	
8	7388	7389	7415	7414	7804	7805	7831	7830	
8	7389	7390	7416	7415	7805	7806	7832	7831	
8	7390	7391	7417	7416	7806	7807	7833	7832	
8	7391	7392	7418	7417	7807	7808	7834	7833	
8	7392	7393	7419	7418	7808	7809	7835	7834	
8	7393	7394	7420	7419	7809	7810	7836	7835	
8	7394	7395	7421	7420	7810	7811	7837	7836	
8	7395	7396	7422	7421	7811	7812	7838	7837	
8	7396	7397	7423	7422	7812	7813	7839	7838	
8	7397	7398	7424	7423	7813	7814	7840	7839	
8	7398	7399	7425	7424	7814	7815	7841	7840	
8	7399	7400	7426	7425	7815	7816	7842	7841	
8	7400	7401	7427	7426	7816	7817	7843	7842	
8	7401	7402	7428	7427	7817	7818	7844	7843	
8	7402	7403	7429	7428	7818	7819	7845	7844	
8	7403	7404	7430	7429	7819	7820	7846	7845	
8	7404	7405	7431	7430	7820	7821	7847	7846	
8	7405	7406	7432	7431	7821	7822	7848	7847	
8	7406	7407	7433	7432	7822	7823	7849	7848	
8	7407	7408	7434	7433	7823	7824	7850	7849	
8	7408	7409	7435	7434	7824	7825	7851	7850	
8	7410	7411	7437	7436	7826	7827	7853	7852	
8	7411	7412	7438	7437	7827	7828	7854	7853	
8	7412	7413	7439	7438	7828	7829	7855	7854	
8	7413	7414	7440	7439	7829	7830	7856	7855	
8	7414	7415	7441	7440	7830	7831	7857	7856	
8	7415	7416	7442	7441	7831	7832	7858	7857	
8	7416	7417	7443	7442	7832	7833	7859	7858	
8	7417	7418	7444	7443	7833	7834	7860	7859	
8	7418	7419	7445	7444	7834	7835	7861	7860	
8	7419	7420	7446	7445	7835	7836	7862	7861	
8	7420	7421	7447	7446	7836	7837	7863	7862	
8	7421	7422	7448	7447	7837	7838	7864	7863	
8	7422	7423	7449	7448	7838	7839	7865	7864	
8	7423	7424	7450	7449	7839	7840	7866	7865	
8	7424	7425	7451	7450	7840	7841	7867	7866	
8	7425	7426	7452	7451	7841	7842	7868	7867	
8	7426	7427	7453	7452	7842	7843	7869	7868	
8	7427	7428	7454	7453	7843	7844	7870	7869	
8	7428	7429	7455	7454	7844	7845	7871	7870	
8	7429	7430	7456	7455	7845	7846	7872	7871	
8	7430	7431	7457	7456	7846	7847	7873	7872	
8	7431	7432	7458	7457	7847	7848	7874	7873	
8	7432	7433	7459	7458	7848	7849	7875	7874	
8	7433	7434	7460	7459	7849	7850	7876	7875	
8	7434	7435	7461	7460	7850	7851	7877	7876	
8	7436	7437	7463	7462	7852	7853	7879	7878	
8	7437	7438	7464	7463	7853	7854	7880	7879	
8	7438	7439	7465	7464	7854	7855	7881	7880	
8	7439	7440	7466	7465	7855	7856	7882	7881	
8	7440	7441	7467	7466	7856	7857	7883	7882	
8	7441	7442	7468	7467	7857	7858	7884	7883	
8	7442	7443	7469	7468	7858	7859	7885	7884	
8	7443	7444	7470	7469	7859	7860	7886	7885	
8	7444	7445	7471	7470	7860	7861	7887	7886	
8	7445	7446	7472	7471	7861	7862	7888	7887	
8	7446	7447	7473	7472	7862	7863	7889	7888	
8	7447	7448	7474	7473	7863	7864	7890	7889	
8	7448	7449	7475	7474	7864	7865	7891	7890	
8	7449	7450	7476	7475	7865	7866	7892	7891	
8	7450	7451	7477	7476	7866	7867	7893	7892	
8	7451	7452	7478	7477	7867	7868	7894	7893	
8	7452	7453	7479	7478	7868	7869	7895	7894	
8	7453	7454	7480	7479	7869	7870	7896	7895	
8	7454	7455	7481	7480	7870	7871	7897	7896	
8	7455	7456	7482	7481	7871	7872	7898	7897	
8	7456	7457	7483	7482	7872	7873	7899	7898	
8	7457	7458	7484	7483	7873	7874	7900	7899	
8	7458	7459	7485	7484	7874	7875	7901	7900	
8	7459	7460	7486	7485	7875	7876	7902	7901	
8	7460	7461	7487	7486	7876	7877	7903	7902	
8	7488	7489	7515	7514	7904	7905	7931	7930	
8	7489	7490	7516	7515	7905	7906	7932	7931	
8	7490	7491	7517	7516	7906	7907	7933	7932	
8	7491	7492	7518	7517	7907	7908	7934	7933	
8	7492	7493	7519	7518	7908	7909	7935	7934	
8	7493	7494	7520	7519	7909	7910	7936	7935	
8	7494	7495	7521	7520	7910	7911	7937	7936	
8	7495	7496	7522	7521	7911	7912	7938	7937	
8	7496	7497	7523	7522	7912	7913	7939	7938	
8	7497	7498	7524	7523	7913	7914	7940	7939	
8	7498	7499	7525	7524	7914	7915	7941	7940	
8	7499	7500	7526	7525	7915	7916	7942	7941	
8	7500	7501	7527	7526	7916	7917	7943	7942	
8	7501	7502	7528	7527	7917	7918	7944	7943	
8	7502	7503	7529	7528	7918	7919	7945	7944	
8	7503	7504	7530	7529	7919	7920	7946	7945	
8	7504	7505	7531	7530	7920	7921	7947	7946	
8	7505	7506	7532	7531	7921	7922	7948	7947	
8	7506	7507	7533	7532	7922	7923	7949	7948	
8	7507	7508	7534	7533	7923	7924	7950	7949	
8	7508	7509	7535	7534	7924	7925	7951	7950	
8	7509	7510	7536	7535	7925	7926	7952	7951	
8	7510	7511	7537	7536	7926	7927	7953	7952	
8	7511	7512	7538	7537	7927	7928	7954	7953	
8	7512	7513	7539	7538	7928	7929	7955	7954	
8	7514	7515	7541	7540	7930	7931	7957	7956	
8	7515	7516	7542	7541	7931	7932	7958	7957	
8	7516	7517	7543	7542	7932	7933	7959	7958	
8	7517	7518	7544	7543	7933	7934	7960	7959	
8	7518	7519	7545	7544	7934	7935	7961	7960	
8	7519	7520	7546	7545	7935	7936	7962	7961	
8	7520	7521	7547	7546	7936	7937	7963	7962	
8	7521	7522	7548	7547	7937	7938	7964	7963	
8	7522	7523	7549	7548	7938	7939	7965	7964	
8	7523	7524	7550	7549	7939	7940	7966	7965	
8	7524	7525	7551	7550	7940	7941	7967	7966	
8	7525	7526	7552	7551	7941	7942	7968	7967	
8	7526	7527	7553	7552	7942	7943	7969	7968	
8	7527	7528	7554	7553	7943	7944	7970	7969	
8	7528	7529	7555	7554	7944	7945	7971	7970	
8	7529	7530	7556	7555	7945	7946	7972	7971	
8	7530	7531	7557	7556	7946	7947	7973	7972	
8	7531	7532	7558	7557	7947	7948	7974	7973	
8	7532	7533	7559	7558	7948	7949	7975	7974	
8	7533	7534	7560	7559	7949	7950	7976	7975	
8	7534	7535	7561	7560	7950	7951	7977	7976	
8	7535	7536	7562	7561	7951	7952	7978	7977	
8	7536	7537	7563	7562	7952	7953	7979	7978	
8	7537	7538	7564	7563	7953	7954	7980	7979	
8	7538	7539	7565	7564	7954	7955	7981	7980	
8	7540	7541	7567	7566	7956	7957	7983	7982	
8	7541	7542	7568	7567	7957	7958	7984	7983	
8	7542	7543	7569	7568	7958	7959	7985	7984	
8	7543	7544	7570	7569	7959	7960	7986	7985	
8	7544	7545	7571	7570	7960	7961	7987	7986	
8	7545	7546	7572	7571	7961	7962	7988	7987	
8	7546	7547	7573	7572	7962	7963	7989	7988	
8	7547	7548	7574	7573	7963	7964	7990	7989	
8	7548	7549	7575	7574	7964	7965	7991	7990	
8	7549	7550	7576	7575	7965	7966	7992	7991	
8	7550	7551	7577	7576	7966	7967	7993	7992	
8	7551	7552	7578	7577	7967	7968	7994	7993	
8	7552	7553	7579	7578	7968	7969	7995	7994	
8	7553	7554	7580	7579	7969	7970	7996	7995	
8	7554	7555	7581	7580	7970	7971	7997	7996	
8	7555	7556	7582	7581	7971	7972	7998	7997	
8	7556	7557	7583	7582	7972	7973	7999	7998	
8	7557	7558	7584	7583	7973	7974	8000	7999	
8	7558	7559	7585	7584	7974	7975	8001	8000	
8	7559	7560	7586	7585	7975	7976	8002	8001	
8	7560	7561	7587	7586	7976	7977	8003	8002	
8	7561	7562	7588	7587	7977	7978	8004	8003	
8	7562	7563	7589	7588	7978	7979	8005	8004	
8	7563	7564	7590	7589	7979	7980	8006	8005	
8	7564	7565	7591	7590	7980	7981	8007	8006	
8	7566	7567	7593	7592	7982	7983	8009	8008	
8	7567	7568	7594	7593	7983	7984	8010	8009	
8	7568	7569	7595	7594	7984	7985	8011	8010	
8	7569	7570	7596	7595	7985	7986	8012	8011	
8	7570	7571	7597	7596	7986	7987	8013	8012	
8	7571	7572	7598	7597	7987	7988	8014	8013	
8	7572	7573	7599	7598	7988	7989	8015	8014	
8	7573	7574	7600	7599	7989	7990	8016	8015	
8	7574	7575	7601	7600	7990	7991	8017	8016	
8	7575	7576	7602	7601	7991	7992	8018	8017	
8	7576	7577	7603	7602	7992	7993	8019	8018	
8	7577	7578	7604	7603	7993	7994	8020	8019	
8	7578	7579	7605	7604	7994	7995	8021	8020	
8	7579	7580	7606	7605	7995	7996	8022	8021	
8	7580	7581	7607	7606	7996	7997	8023	8022	
8	7581	7582	7608	7607	7997	7998	8024	8023	
8	7582	7583	7609	7608	7998	7999	8025	8024	
8	7583	7584	7610	7609	7999	8000	8026	8025	
8	7584	7585	7611	7610	8000	8001	8027	8026	
8	7585	7586	7612	7611	8001	8002	8028	8027	
8	7586	7587	7613	7612	8002	8003	8029	8028	
8	7587	7588	7614	7613	8003	8004	8030	8029	
8	7588	7589	7615	7614	8004	8005	8031	8030	
8	7589	7590	7616	7615	8005	8006	8032	8031	
8	7590	7591	7617	7616	8006	8007	8033	8032	
8	7592	7593	7619	7618	8008	8009	8035	8034	
8	7593	7594	7620	7619	8009	8010	8036	8035	
8	7594	7595	7621	7620	8010	8011	8037	8036	
8	7595	7596	7622	7621	8011	8012	8038	8037	
8	7596	7597	7623	7622	8012	8013	8039	8038	
8	7597	7598	7624	7623	8013	8014	8040	8039	
8	7598	7599	7625	7624	8014	8015	8041	8040	
8	7599	7600	7626	7625	8015	8016	8042	8041	
8	7600	7601	7627	7626	8016	8017	8043	8042	
8	7601	7602	7628	7627	8017	8018	8044	8043	
8	7602	7603	7629	7628	8018	8019	8045	8044	
8	7603	7604	7630	7629	8019	8020	8046	8045	
8	7604	7605	7631	7630	8020	8021	8047	8046	
8	7605	7606	7632	7631	8021	8022	8048	8047	
8	7606	7607	7633	7632	8022	8023	8049	8048	
8	7607	7608	7634	7633	8023	8024	8050	8049	
8	7608	7609	7635	7634	8024	8025	8051	8050	
8	7609	7610	7636	7635	8025	8026	8052	8051	
8	7610	7611	7637	7636	8026	8027	8053	8052	
8	7611	7612	7638	7637	8027	8028	8054	8053	
8	7612	7613	7639	7638	8028	8029	8055	8054	
8	7613	7614	7640	7639	8029	8030	8056	8055	
8	7614	7615	7641	7640	8030	8031	8057	8056	
8	7615	7616	7642	7641	8031	8032	8058	8057	
8	7616	7617	7643	7642	8032	8033	8059	8058	
8	7618	7619	7645	7644	8034	8035	8061	8060	
8	7619	7620	7646	7645	8035	8036	8062	8061	
8	7620	7621	7647	7646	8036	8037	8063	8062	
8	7621	7622	7648	7647	8037	8038	8064	8063	
8	7622	7623	7649	7648	8038	8039	8065	8064	
8	7623	7624	7650	7649	8039	8040	8066	8065	
8	7624	7625	7651	7650	8040	8041	8067	8066	
8	7625	7626	7652	7651	8041	8042	8068	8067	
8	7626	7627	7653	7652	8042	8043	8069	8068	
8	7627	7628	7654	7653	8043	8044	8070	8069	
8	7628	7629	7655	7654	8044	8045	8071	8070	
8	7629	7630	7656	7655	8045	8046	8072	8071	
8	7630	7631	7657	7656	8046	8047	8073	8072	
8	7631	7632	7658	7657	8047	8048	8074	8073	
8	7632	7633	7659	7658	8048	8049	8075	8074	
8	7633	7634	7660	7659	8049	8050	8076	8075	
8	7634	7635	7661	7660	8050	8051	8077	8076	
8	7635	7636	7662	7661	8051	8052	8078	8077	
8	7636	7637	7663	7662	8052	8053	8079	8078	
8	7637	7638	7664	7663	8053	8054	8080	8079	
8	7638	7639	7665	7664	8054	8055	8081	8080	
8	7639	7640	7666	7665	8055	8056	8082	8081	
8	7640	7641	7667	7666	8056	8057	8083	8082	
8	7641	7642	7668	7667	8057	8058	8084	8083	
8	7642	7643	7669	7668	8058	8059	8085	8084	
8	7644	7645	7671	7670	8060	8061	8087	8086	
8	7645	7646	7672	7671	8061	8062	8088	8087	
8	7646	7647	7673	7672	8062	8063	8089	8088	
8	7647	7648	7674	7673	8063	8064	8090	8089	
8	7648	7649	7675	7674	8064	8065	8091	8090	
8	7649	7650	7676	7675	8065	8066	8092	8091	
8	7650	7651	7677	7676	8066	8067	8093	8092	
8	7651	7652	7678	7677	8067	8068	8094	8093	
8	7652	7653	7679	7678	8068	8069	8095	8094	
8	7653	7654	7680	7679	8069	8070	8096	8095	
8	7654	7655	7681	7680	8070	8071	8097	8096	
8	7655	7656	7682	7681	8071	8072	8098	8097	
8	7656	7657	7683	7682	8072	8073	8099	8098	
8	7657	7658	7684	7683	8073	8074	8100	8099	
8	7658	7659	7685	7684	8074	8075	8101	8100	
8	7659	7660	7686	7685	8075	8076	8102	8101	
8	7660	7661	7687	7686	8076	8077	8103	8102	
8	7661	7662	7688	7687	8077	8078	8104	8103	
8	7662	7663	7689	7688	8078	8079	8105	8104	
8	7663	7664	7690	7689	8079	8080	8106	8105	
8	7664	7665	7691	7690	8080	8081	8107	8106	
8	7665	7666	7692	7691	8081	8082	8108	8107	
8	7666	7667	7693	7692	8082	8083	8109	8108	
8	7667	7668	7694	7693	8083	8084	8110	8109	
8	7668	7669	7695	7694	8084	8085	8111	8110	
8	7670	7671	7697	7696	8086	8087	8113	8112	
8	7671	7672	7698	7697	8087	8088	8114	8113	
8	7672	7673	7699	7698	8088	8089	8115	8114	
8	7673	7674	7700	7699	8089	8090	8116	8115	
8	7674	7675	7701	7700	8090	8091	8117	8116	
8	7675	7676	7702	7701	8091	8092	8118	8117	
8	7676	7677	7703	7702	8092	8093	8119	8118	
8	7677	7678	7704	7703	8093	8094	8120	8119	
8	7678	7679	7705	7704	8094	8095	8121	8120	
8	7679	7680	7706	7705	8095	8096	8122	8121	
8	7680	7681	7707	7706	8096	8097	8123	8122	
8	7681	7682	7708	7707	8097	8098	8124	8123	
8	7682	7683	7709	7708	8098	8099	8125	8124	
8	7683	7684	7710	7709	8099	8100	8126	8125	
8	7684	7685	7711	7710	8100	8101	8127	8126	
8	7685	7686	7712	7711	8101	8102	8128	8127	
8	7686	7687	7713	7712	8102	8103	8129	8128	
8	7687	7688	7714	7713	8103	8104	8130	8129	
8	7688	7689	7715	7714	8104	8105	8131	8130	
8	7689	7690	7716	7715	8105	8106	8132	8131	
8	7690	7691	7717	7716	8106	8107	8133	8132	
8	7691	7692	7718	7717	8107	8108	8134	8133	
8	7692	7693	7719	7718	8108	8109	8135	8134	
8	7693	7694	7720	7719	8109	8110	8136	8135	
8	7694	7695	7721	7720	8110	8111	8137	8136	
8	7696	7697	7723	7722	8112	8113	8139	8138	
8	7697	7698	7724	7723	8113	8114	8140	8139	
8	7698	7699	7725	7724	8114	8115	8141	8140	
8	7699	7700	7726	7725	8115	8116	8142	8141	
8	7700	7701	7727	7726	8116	8117	8143	8142	
8	7701	7702	7728	7727	8117	8118	8144	8143	
8	7702	7703	7729	7728	8118	8119	8145	8144	
8	7703	7704	7730	7729	8119	8120	8146	8145	
8	7704	7705	7731	7730	8120	8121	8147	8146	
8	7705	7706	7732	7731	8121	8122	8148	8147	
8	7706	7707	7733	7732	8122	8123	8149	8148	
8	7707	7708	7734	7733	8123	8124	8150	8149	
8	7708	7709	7735	7734	8124	8125	8151	8150	
8	7709	7710	7736	7735	8125	8126	8152	8151	
8	7710	7711	7737	7736	8126	8127	8153	8152	
8	7711	7712	7738	7737	8127	8128	8154	8153	
8	7712	7713	7739	7738	8128	8129	8155	8154	
8	7713	7714	7740	7739	8129	8130	8156	8155	
8	7714	7715	7741	7740	8130	8131	8157	8156	
8	7715	7716	7742	7741	8131	8132	8158	8157	
8	7716	7717	7743	7742	8132	8133	8159	8158	
8	7717	7718	7744	7743	8133	8134	8160	8159	
8	7718	7719	7745	7744	8134	8135	8161	8160	
8	7719	7720	7746	7745	8135	8136	8162	8161	
8	7720	7721	7747	7746	8136	8137	8163	8162	
8	7722	7723	7749	7748	8138	8139	8165	8164	
8	7723	7724	7750	7749	8139	8140	8166	8165	
8	7724	7725	7751	7750	8140	8141	8167	8166	
8	7725	7726	7752	7751	8141	8142	8168	8167	
8	7726	7727	7753	7752	8142	8143	8169	8168	
8	7727	7728	7754	7753	8143	8144	8170	8169	
8	7728	7729	7755	7754	8144	8145	8171	8170	
8	7729	7730	7756	7755	8145	8146	8172	8171	
8	7730	7731	7757	7756	8146	8147	8173	8172	
8	7731	7732	7758	7757	8147	8148	8174	8173	
8	7732	7733	7759	7758	8148	8149	8175	8174	
8	7733	7734	7760	7759	8149	8150	8176	8175	
8	7734	7735	7761	7760	8150	8151	8177	8176	
8	7735	7736	7762	7761	8151	8152	8178	8177	
8	7736	7737	7763	7762	8152	8153	8179	8178	
8	7737	7738	7764	7763	8153	8154	8180	8179	
8	7738	7739	7765	7764	8154	8155	8181	8180	
8	7739	7740	7766	7765	8155	8156	8182	8181	
8	7740	7741	7767	7766	8156	8157	8183	8182	
8	7741	7742	7768	7767	8157	8158	8184	8183	
8	7742	7743	7769	7768	8158	8159	8185	8184	
8	7743	7744	7770	7769	8159	8160	8186	8185	
8	7744	7745	7771	7770	8160	8161	8187	8186	
8	7745	7746	7772	7771	8161	8162	8188	8187	
8	7746	7747	7773	7772	8162	8163	8189	8188	
8	7748	7749	7775	7774	8164	8165	8191	8190	
8	7749	7750	7776	7775	8165	8166	8192	8191	
8	7750	7751	7777	7776	8166	8167	8193	8192	
8	7751	7752	7778	7777	8167	8168	8194	8193	
8	7752	7753	7779	7778	8168	8169	8195	8194	
8	7753	7754	7780	7779	8169	8170	8196	8195	
8	7754	7755	7781	7780	8170	8171	8197	8196	
8	7755	7756	7782	7781	8171	8172	8198	8197	
8	7756	7757	7783	7782	8172	8173	8199	8198	
8	7757	7758	7784	7783	8173	8174	8200	8199	
8	7758	7759	7785	7784	8174	8175	8201	8200	
8	7759	7760	7786	7785	8175	8176	8202	8201	
8	7760	7761	7787	7786	8176	8177	8203	8202	
8	7761	7762	7788	7787	8177	8178	8204	8203	
8	7762	7763	7789	7788	8178	8179	8205	8204	
8	7763	7764	7790	7789	8179	8180	8206	8205	
8	7764	7765	7791	7790	8180	8181	8207	8206	
8	7765	7766	7792	7791	8181	8182	8208	8207	
8	7766	7767	7793	7792	8182	8183	8209	8208	
8	7767	7768	7794	7793	8183	8184	8210	8209	
8	7768	7769	7795	7794	8184	8185	8211	8210	
8	7769	7770	7796	7795	8185	8186	8212	8211	
8	7770	7771	7797	7796	8186	8187	8213	8212	
8	7771	7772	7798	7797	8187	8188	8214	8213	
8	7772	7773	7799	7798	8188	8189	8215	8214	
8	7774	7775	7801	7800	8190	8191	8217	8216	
8	7775	7776	7802	7801	8191	8192	8218	8217	
8	7776	7777	7803	7802	8192	8193	8219	8218	
8	7777	7778	7804	7803	8193	8194	8220	8219	
8	7778	7779	7805	7804	8194	8195	8221	8220	
8	7779	7780	7806	7805	8195	8196	8222	8221	
8	7780	7781	7807	7806	8196	8197	8223	8222	
8	7781	7782	7808	7807	8197	8198	8224	8223	
8	7782	7783	7809	7808	8198	8199	8225	8224	
8	7783	7784	7810	7809	8199	8200	8226	8225	
8	7784	7785	7811	7810	8200	8201	8227	8226	
8	7785	7786	7812	7811	8201	8202	8228	8227	
8	7786	7787	7813	7812	8202	8203	8229	8228	
8	7787	7788	7814	7813	8203	8204	8230	8229	
8	7788	7789	7815	7814	8204	8205	8231	8230	
8	7789	7790	7816	7815	8205	8206	8232	8231	
8	7790	7791	7817	7816	8206	8207	8233	8232	
8	7791	7792	7818	7817	8207	8208	8234	8233	
8	7792	7793	7819	7818	8208	8209	8235	8234	
8	7793	7794	7820	7819	8209	8210	8236	8235	
8	7794	7795	7821	7820	8210	8211	8237	8236	
8	7795	7796	7822	7821	8211	8212	8238	8237	
8	7796	7797	7823	7822	8212	8213	8239	8238	
8	7797	7798	7824	7823	8213	8214	8240	8239	
8	7798	7799	7825	7824	8214	8215	8241	8240	
8	7800	7801	7827	7826	8216	8217	8243	8242	
8	7801	7802	7828	7827	8217	8218	8244	8243	
8	7802	7803	7829	7828	8218	8219	8245	8244	
8	7803	7804	7830	7829	8219	8220	8246	8245	
8	7804	7805	7831	7830	8220	8221	8247	8246	
8	7805	7806	7832	7831	8221	8222	8248	8247	
8	7806	7807	7833	7832	8222	8223	8249	8248	
8	7807	7808	7834	7833	8223	8224	8250	8249	
8	7808	7809	7835	7834	8224	8225	8251	8250	
8	7809	7810	7836	7835	8225	8226	8252	8251	
8	7810	7811	7837	7836	8226	8227	8253	8252	
8	7811	7812	7838	7837	8227	8228	8254	8253	
8	7812	7813	7839	7838	8228	8229	8255	8254	
8	7813	7814	7840	7839	8229	8230	8256	8255	
8	7814	7815	7841	7840	8230	8231	8257	8256	
8	7815	7816	7842	7841	8231	8232	8258	8257	
8	7816	7817	7843	7842	8232	8233	8259	8258	
8	7817	7818	7844	7843	8233	8234	8260	8259	
8	7818	7819	7845	7844	8234	8235	8261	8260	
8	7819	7820	7846	7845	8235	8236	8262	8261	
8	7820	7821	7847	7846	8236	8237	8263	8262	
8	7821	7822	7848	7847	8237	8238	8264	8263	
8	7822	7823	7849	7848	8238	8239	8265	8264	
8	7823	7824	7850	7849	8239	8240	8266	8265	
8	7824	7825	7851	7850	8240	8241	8267	8266	
8	7826	7827	7853	7852	8242	8243	8269	8268	
8	7827	7828	7854	7853	8243	8244	8270	8269	
8	7828	7829	7855	7854	8244	8245	8271	8270	
8	7829	7830	7856	7855	8245	8246	8272	8271	
8	7830	7831	7857	7856	8246	8247	8273	8272	
8	7831	7832	7858	7857	8247	8248	8274	8273	
8	7832	7833	7859	7858	8248	8249	8275	8274	
8	7833	7834	7860	7859	8249	8250	8276	8275	
8	7834	7835	7861	7860	8250	8251	8277	8276	
8	7835	7836	7862	7861	8251	8252	8278	8277	
8	7836	7837	7863	7862	8252	8253	8279	8278	
8	7837	7838	7864	7863	8253	8254	8280	8279	
8	7838	7839	7865	7864	8254	8255	8281	8280	
8	7839	7840	7866	7865	8255	8256	8282	8281	
8	7840	7841	7867	7866	8256	8257	8283	8282	
8	7841	7842	7868	7867	8257	8258	8284	8283	
8	7842	7843	7869	7868	8258	8259	8285	8284	
8	7843	7844	7870	7869	8259	8260	8286	8285	
8	7844	7845	7871	7870	8260	8261	8287	8286	
8	7845	7846	7872	7871	8261	8262	8288	8287	
8	7846	7847	7873	7872	8262	8263	8289	8288	
8	7847	7848	7874	7873	8263	8264	8290	8289	
8	7848	7849	7875	7874	8264	8265	8291	8290	
8	7849	7850	7876	7875	8265	8266	8292	8291	
8	7850	7851	7877	7876	8266	8267	8293	8292	
8	7852	7853	7879	7878	8268	8269	8295	8294	
8	7853	7854	7880	7879	8269	8270	8296	8295	
8	7854	7855	7881	7880	8270	8271	8297	8296	
8	7855	7856	7882	7881	8271	8272	8298	8297	
8	7856	7857	7883	7882	8272	8273	8299	8298	
8	7857	7858	7884	7883	8273	8274	8300	8299	
8	7858	7859	7885	7884	8274	8275	8301	8300	
8	7859	7860	7886	7885	8275	8276	8302	8301	
8	7860	7861	7887	7886	8276	8277	8303	8302	
8	7861	7862	7888	7887	8277	8278	8304	8303	
8	7862	7863	7889	7888	8278	8279	8305	8304	
8	7863	7864	7890	7889	8279	8280	8306	8305	
8	7864	7865	7891	7890	8280	8281	8307	8306	
8	7865	7866	7892	7891	8281	8282	8308	8307	
8	7866	7867	7893	7892	8282	8283	8309	8308	
8	7867	7868	7894	7893	8283	8284	8310	8309	
8	7868	7869	7895	7894	8284	8285	8311	8310	
8	7869	7870	7896	7895	8285	8286	8312	8311	
8	7870	7871	7897	7896	8286	8287	8313	8312	
8	7871	7872	7898	7897	8287	8288	8314	8313	
8	7872	7873	7899	7898	8288	8289	8315	8314	
8	7873	7874	7900	7899	8289	8290	8316	8315	
8	7874	7875	7901	7900	8290	8291	8317	8316	
8	7875	7876	7902	7901	8291	8292	8318	8317	
8	7876	7877	7903	7902	8292	8293	8319	8318	
8	7904	7905	7931	7930	8320	8321	8347	8346	
8	7905	7906	7932	7931	8321	8322	8348	8347	
8	7906	7907	7933	7932	8322	8323	8349	8348	
8	7907	7908	7934	7933	8323	8324	8350	8349	
8	7908	7909	7935	7934	8324	8325	8351	8350	
8	7909	7910	7936	7935	8325	8326	8352	8351	
8	7910	7911	7937	7936	8326	8327	8353	8352	
8	7911	7912	7938	7937	8327	8328	8354	8353	
8	7912	7913	7939	7938	8328	8329	8355	8354	
8	7913	7914	7940	7939	8329	8330	8356	8355	
8	7914	7915	7941	7940	8330	8331	8357	8356	
8	7915	7916	7942	7941	8331	8332	8358	8357	
8	7916	7917	7943	7942	8332	8333	8359	8358	
8	7917	7918	7944	7943	8333	8334	8360	8359	
8	7918	7919	7945	7944	8334	8335	8361	8360	
8	7919	7920	7946	7945	8335	8336	8362	8361	
8	7920	7921	7947	7946	8336	8337	8363	8362	
8	7921	7922	7948	7947	8337	8338	8364	8363	
8	7922	7923	7949	7948	8338	8339	8365	8364	
8	7923	7924	7950	7949	8339	8340	8366	8365	
8	7924	7925	7951	7950	8340	8341	8367	8366	
8	7925	7926	7952	7951	8341	8342	8368	8367	
8	7926	7927	7953	7952	8342	8343	8369	8368	
8	7927	7928	7954	7953	8343	8344	8370	8369	
8	7928	7929	7955	7954	8344	8345	8371	8370	
8	7930	7931	7957	7956	8346	8347	8373	8372	
8	7931	7932	7958	7957	8347	8348	8374	8373	
8	7932	7933	7959	7958	8348	8349	8375	8374	
8	7933	7934	7960	7959	8349	8350	8376	8375	
8	7934	7935	7961	7960	8350	8351	8377	8376	
8	7935	7936	7962	7961	8351	8352	8378	8377	
8	7936	7937	7963	7962	8352	8353	8379	8378	
8	7937	7938	7964	7963	8353	8354	8380	8379	
8	7938	7939	7965	7964	8354	8355	8381	8380	
8	7939	7940	7966	7965	8355	8356	8382	8381	
8	7940	7941	7967	7966	8356	8357	8383	8382	
8	7941	7942	7968	7967	8357	8358	8384	8383	
8	7942	7943	7969	7968	8358	8359	8385	8384	
8	7943	7944	7970	7969	8359	8360	8386	8385	
8	7944	7945	7971	7970	8360	8361	8387	8386	
8	7945	7946	7972	7971	8361	8362	8388	8387	
8	7946	7947	7973	7972	8362	8363	8389	8388	
8	7947	7948	7974	7973	8363	8364	8390	8389	
8	7948	7949	7975	7974	8364	8365	8391	8390	
8	7949	7950	7976	7975	8365	8366	8392	8391	
8	7950	7951	7977	7976	8366	8367	8393	8392	
8	7951	7952	7978	7977	8367	8368	8394	8393	
8	7952	7953	7979	7978	8368	8369	8395	8394	
8	7953	7954	7980	7979	8369	8370	8396	8395	
8	7954	7955	7981	7980	8370	8371	8397	8396	
8	7956	7957	7983	7982	8372	8373	8399	8398	
8	7957	7958	7984	7983	8373	8374	8400	8399	
8	7958	7959	7985	7984	8374	8375	8401	8400	
8	7959	7960	7986	7985	8375	8376	8402	8401	
8	7960	7961	7987	7986	8376	8377	8403	8402	
8	7961	7962	7988	7987	8377	8378	8404	8403	
8	7962	7963	7989	7988	8378	8379	8405	8404	
8	7963	7964	7990	7989	8379	8380	8406	8405	
8	7964	7965	7991	7990	8380	8381	8407	8406	
8	7965	7966	7992	7991	8381	8382	8408	8407	
8	7966	7967	7993	7992	8382	8383	8409	8408	
8	7967	7968	7994	7993	8383	8384	8410	8409	
8	7968	7969	7995	7994	8384	8385	8411	8410	
8	7969	7970	7996	7995	8385	8386	8412	8411	
8	7970	7971	7997	7996	8386	8387	8413	8412	
8	7971	7972	7998	7997	8387	8388	8414	8413	
8	7972	7973	7999	7998	8388	8389	8415	8414	
8	7973	7974	8000	7999	8389	8390	8416	8415	
8	7974	7975	8001	8000	8390	8391	8417	8416	
8	7975	7976	8002	8001	8391	8392	8418	8417	
8	7976	7977	8003	8002	8392	8393	8419	8418	
8	7977	7978	8004	8003	8393	8394	8420	8419	
8	7978	7979	8005	8004	8394	8395	8421	8420	
8	7979	7980	8006	8005	8395	8396	8422	8421	
8	7980	7981	8007	8006	8396	8397	8423	8422	
8	7982	7983	8009	8008	8398	8399	8425	8424	
8	7983	7984	8010	8009	8399	8400	8426	8425	
8	7984	7985	8011	8010	8400	8401	8427	8426	
8	7985	7986	8012	8011	8401	8402	8428	8427	
8	7986	7987	8013	8012	8402	8403	8429	8428	
8	7987	7988	8014	8013	8403	8404	8430	8429	
8	7988	7989	8015	8014	8404	8405	8431	8430	
8	7989	7990	8016	8015	8405	8406	8432	8431	
8	7990	7991	8017	8016	8406	8407	8433	8432	
8	7991	7992	8018	8017	8407	8408	8434	8433	
8	7992	7993	8019	8018	8408	8409	8435	8434	
8	7993	7994	8020	8019	8409	8410	8436	8435	
8	7994	7995	8021	8020	8410	8411	8437	8436	
8	7995	7996	8022	8021	8411	8412	8438	8437	
8	7996	7997	8023	8022	8412	8413	8439	8438	
8	7997	7998	8024	8023	8413	8414	8440	8439	
8	7998	7999	8025	8024	8414	8415	8441	8440	
8	7999	8000	8026	8025	8415	8416	8442	8441	
8	8000	8001	8027	8026	8416	8417	8443	8442	
8	8001	8002	8028	8027	8417	8418	8444	8443	
8	8002	8003	8029	8028	8418	8419	8445	8444	
8	8003	8004	8030	8029	8419	8420	8446	8445	
8	8004	8005	8031	8030	8420	8421	8447	8446	
8	8005	8006	8032	8031	8421	8422	8448	8447	
8	8006	8007	8033	8032	8422	8423	8449	8448	
8	8008	8009	8035	8034	8424	8425	8451	8450	
8	8009	8010	8036	8035	8425	8426	8452	8451	
8	8010	8011	8037	8036	8426	8427	8453	8452	
8	8011	8012	8038	8037	8427	8428	8454	8453	
8	8012	8013	8039	8038	8428	8429	8455	8454	
8	8013	8014	8040	8039	8429	8430	8456	8455	
8	8014	8015	8041	8040	8430	8431	8457	8456	
8	8015	8016	8042	8041	8431	8432	8458	8457	
8	8016	8017	8043	8042	8432	8433	8459	8458	
8	8017	8018	8044	8043	8433	8434	8460	8459	
8	8018	8019	8045	8044	8434	8435	8461	8460	
8	8019	8020	8046	8045	8435	8436	8462	8461	
8	8020	8021	8047	8046	8436	8437	8463	8462	
8	8021	8022	8048	8047	8437	8438	8464	8463	
8	8022	8023	8049	8048	8438	8439	8465	8464	
8	8023	8024	8050	8049	8439	8440	8466	8465	
8	8024	8025	8051	8050	8440	8441	8467	8466	
8	8025	8026	8052	8051	8441	8442	8468	8467	
8	8026	8027	8053	8052	8442	8443	8469	8468	
8	8027	8028	8054	8053	8443	8444	8470	8469	
8	8028	8029	8055	8054	8444	8445	8471	8470	
8	8029	8030	8056	8055	8445	8446	8472	8471	
8	8030	8031	8057	8056	8446	8447	8473	8472	
8	8031	8032	8058	8057	8447	8448	8474	8473	
8	8032	8033	8059	8058	8448	8449	8475	8474	
8	8034	8035	8061	8060	8450	8451	8477	8476	
8	8035	8036	8062	8061	8451	8452	8478	8477	
8	8036	8037	8063	8062	8452	8453	8479	8478	
8	8037	8038	8064	8063	8453	8454	8480	8479	
8	8038	8039	8065	8064	8454	8455	8481	8480	
8	8039	8040	8066	8065	8455	8456	8482	8481	
8	8040	8041	8067	8066	8456	8457	8483	8482	
8	8041	8042	8068	8067	8457	8458	8484	8483	
8	8042	8043	8069	8068	8458	8459	8485	8484	
8	8043	8044	8070	8069	8459	8460	8486	8485	
8	8044	8045	8071	8070	8460	8461	8487	8486	
8	8045	8046	8072	8071	8461	8462	8488	8487	
8	8046	8047	8073	8072	8462	8463	8489	8488	
8	8047	8048	8074	8073	8463	8464	8490	8489	
8	8048	8049	8075	8074	8464	8465	8491	8490	
8	8049	8050	8076	8075	8465	8466	8492	8491	
8	8050	8051	8077	8076	8466	8467	8493	8492	
8	8051	8052	8078	8077	8467	8468	8494	8493	
8	8052	8053	8079	8078	8468	8469	8495	8494	
8	8053	8054	8080	8079	8469	8470	8496	8495	
8	8054	8055	8081	8080	8470	8471	8497	8496	
8	8055	8056	8082	8081	8471	8472	8498	8497	
8	8056	8057	8083	8082	8472	8473	8499	8498	
8	8057	8058	8084	8083	8473	8474	8500	8499	
8	8058	8059	8085	8084	8474	8475	8501	8500	
8	8060	8061	8087	8086	8476	8477	8503	8502	
8	8061	8062	8088	8087	8477	8478	8504	8503	
8	8062	8063	8089	8088	8478	8479	8505	8504	
8	8063	8064	8090	8089	8479	8480	8506	8505	
8	8064	8065	8091	8090	8480	8481	8507	8506	
8	8065	8066	8092	8091	8481	8482	8508	8507	
8	8066	8067	8093	8092	8482	8483	8509	8508	
8	8067	8068	8094	8093	8483	8484	8510	8509	
8	8068	8069	8095	8094	8484	8485	8511	8510	
8	8069	8070	8096	8095	8485	8486	8512	8511	
8	8070	8071	8097	8096	8486	8487	8513	8512	
8	8071	8072	8098	8097	8487	8488	8514	8513	
8	8072	8073	8099	8098	8488	8489	8515	8514	
8	8073	8074	8100	8099	8489	8490	8516	8515	
8	8074	8075	8101	8100	8490	8491	8517	8516	
8	8075	8076	8102	8101	8491	8492	8518	8517	
8	8076	8077	8103	8102	8492	8493	8519	8518	
8	8077	8078	8104	8103	8493	8494	8520	8519	
8	8078	8079	8105	8104	8494	8495	8521	8520	
8	8079	8080	8106	8105	8495	8496	8522	8521	
8	8080	8081	8107	8106	8496	8497	8523	8522	
8	8081	8082	8108	8107	8497	8498	8524	8523	
8	8082	8083	8109	8108	8498	8499	8525	8524	
8	8083	8084	8110	8109	8499	8500	8526	8525	
8	8084	8085	8111	8110	8500	8501	8527	8526	
8	8086	8087	8113	8112	8502	8503	8529	8528	
8	8087	8088	8114	8113	8503	8504	8530	8529	
8	8088	8089	8115	8114	8504	8505	8531	8530	
8	8089	8090	8116	8115	8505	8506	8532	8531	
8	8090	8091	8117	8116	8506	8507	8533	8532	
8	8091	8092	8118	8117	8507	8508	8534	8533	
8	8092	8093	8119	8118	8508	8509	8535	8534	
8	8093	8094	8120	8119	8509	8510	8536	8535	
8	8094	8095	8121	8120	8510	8511	8537	8536	
8	8095	8096	8122	8121	8511	8512	8538	8537	
8	8096	8097	8123	8122	8512	8513	8539	8538	
8	8097	8098	8124	8123	8513	8514	8540	8539	
8	8098	8099	8125	8124	8514	8515	8541	8540	
8	8099	8100	8126	8125	8515	8516	8542	8541	
8	8100	8101	8127	8126	8516	8517	8543	8542	
8	8101	8102	8128	8127	8517	8518	8544	8543	
8	8102	8103	8129	8128	8518	8519	8545	8544	
8	8103	8104	8130	8129	8519	8520	8546	8545	
8	8104	8105	8131	8130	8520	8521	8547	8546	
8	8105	8106	8132	8131	8521	8522	8548	8547	
8	8106	8107	8133	8132	8522	8523	8549	8548	
8	8107	8108	8134	8133	8523	8524	8550	8549	
8	8108	8109	8135	8134	8524	8525	8551	8550	
8	8109	8110	8136	8135	8525	8526	8552	8551	
8	8110	8111	8137	8136	8526	8527	8553	8552	
8	8112	8113	8139	8138	8528	8529	8555	8554	
8	8113	8114	8140	8139	8529	8530	8556	8555	
8	8114	8115	8141	8140	8530	8531	8557	8556	
8	8115	8116	8142	8141	8531	8532	8558	8557	
8	8116	8117	8143	8142	8532	8533	8559	8558	
8	8117	8118	8144	8143	8533	8534	8560	8559	
8	8118	8119	8145	8144	8534	8535	8561	8560	
8	8119	8120	8146	8145	8535	8536	8562	8561	
8	8120	8121	8147	8146	8536	8537	8563	8562	
8	8121	8122	8148	8147	8537	8538	8564	8563	
8	8122	8123	8149	8148	8538	8539	8565	8564	
8	8123	8124	8150	8149	8539	8540	8566	8565	
8	8124	8125	8151	8150	8540	8541	8567	8566	
8	8125	8126	8152	8151	8541	8542	8568	8567	
8	8126	8127	8153	8152	8542	8543	8569	8568	
8	8127	8128	8154	8153	8543	8544	8570	8569	
8	8128	8129	8155	8154	8544	8545	8571	8570	
8	8129	8130	8156	8155	8545	8546	8572	8571	
8	8130	8131	8157	8156	8546	8547	8573	8572	
8	8131	8132	8158	8157	8547	8548	8574	8573	
8	8132	8133	8159	8158	8548	8549	8575	8574	
8	8133	8134	8160	8159	8549	8550	8576	8575	
8	8134	8135	8161	8160	8550	8551	8577	8576	
8	8135	8136	8162	8161	8551	8552	8578	8577	
8	8136	8137	8163	8162	8552	8553	8579	8578	
8	8138	8139	8165	8164	8554	8555	8581	8580	
8	8139	8140	8166	8165	8555	8556	8582	8581	
8	8140	8141	8167	8166	8556	8557	8583	8582	
8	8141	8142	8168	8167	8557	8558	8584	8583	
8	8142	8143	8169	8168	8558	8559	8585	8584	
8	8143	8144	8170	8169	8559	8560	8586	8585	
8	8144	8145	8171	8170	8560	8561	8587	8586	
8	8145	8146	8172	8171	8561	8562	8588	8587	
8	8146	8147	8173	8172	8562	8563	8589	8588	
8	8147	8148	8174	8173	8563	8564	8590	8589	
8	8148	8149	8175	8174	8564	8565	8591	8590	
8	8149	8150	8176	8175	8565	8566	8592	8591	
8	8150	8151	8177	8176	8566	8567	8593	8592	
8	8151	8152	8178	8177	8567	8568	8594	8593	
8	8152	8153	8179	8178	8568	8569	8595	8594	
8	8153	8154	8180	8179	8569	8570	8596	8595	
8	8154	8155	8181	8180	8570	8571	8597	8596	
8	8155	8156	8182	8181	8571	8572	8598	8597	
8	8156	8157	8183	8182	8572	8573	8599	8598	
8	8157	8158	8184	8183	8573	8574	8600	8599	
8	8158	8159	8185	8184	8574	8575	8601	8600	
8	8159	8160	8186	8185	8575	8576	8602	8601	
8	8160	8161	8187	8186	8576	8577	8603	8602	
8	8161	8162	8188	8187	8577	8578	8604	8603	
8	8162	8163	8189	8188	8578	8579	8605	8604	
8	8164	8165	8191	8190	8580	8581	8607	8606	
8	8165	8166	8192	8191	8581	8582	8608	8607	
8	8166	8167	8193	8192	8582	8583	8609	8608	
8	8167	8168	8194	8193	8583	8584	8610	8609	
8	8168	8169	8195	8194	8584	8585	8611	8610	
8	8169	8170	8196	8195	8585	8586	8612	8611	
8	8170	8171	8197	8196	8586	8587	8613	8612	
8	8171	8172	8198	8197	8587	8588	8614	8613	
8	8172	8173	8199	8198	8588	8589	8615	8614	
8	8173	8174	8200	8199	8589	8590	8616	8615	
8	8174	8175	8201	8200	8590	8591	8617	8616	
8	8175	8176	8202	8201	8591	8592	8618	8617	
8	8176	8177	8203	8202	8592	8593	8619	8618	
8	8177	8178	8204	8203	8593	8594	8620	8619	
8	8178	8179	8205	8204	8594	8595	8621	8620	
8	8179	8180	8206	8205	8595	8596	8622	8621	
8	8180	8181	8207	8206	8596	8597	8623	8622	
8	8181	8182	8208	8207	8597	8598	8624	8623	
8	8182	8183	8209	8208	8598	8599	8625	8624	
8	8183	8184	8210	8209	8599	8600	8626	8625	
8	8184	8185	8211	8210	8600	8601	8627	8626	
8	8185	8186	8212	8211	8601	8602	8628	8627	
8	8186	8187	8213	8212	8602	8603	8629	8628	
8	8187	8188	8214	8213	8603	8604	8630	8629	
8	8188	8189	8215	8214	8604	8605	8631	8630	
8	8190	8191	8217	8216	8606	8607	8633	8632	
8	8191	8192	8218	8217	8607	8608	8634	8633	
8	8192	8193	8219	8218	8608	8609	8635	8634	
8	8193	8194	8220	8219	8609	8610	8636	8635	
8	8194	8195	8221	8220	8610	8611	8637	8636	
8	8195	8196	8222	8221	8611	8612	8638	8637	
8	8196	8197	8223	8222	8612	8613	8639	8638	
8	8197	8198	8224	8223	8613	8614	8640	8639	
8	8198	8199	8225	8224	8614	8615	8641	8640	
8	8199	8200	8226	8225	8615	8616	8642	8641	
8	8200	8201	8227	8226	8616	8617	8643	8642	
8	8201	8202	8228	8227	8617	8618	8644	8643	
8	8202	8203	8229	8228	8618	8619	8645	8644	
8	8203	8204	8230	8229	8619	8620	8646	8645	
8	8204	8205	8231	8230	8620	8621	8647	8646	
8	8205	8206	8232	8231	8621	8622	8648	8647	
8	8206	8207	8233	8232	8622	8623	8649	8648	
8	8207	8208	8234	8233	8623	8624	8650	8649	
8	8208	8209	8235	8234	8624	8625	8651	8650	
8	8209	8210	8236	8235	8625	8626	8652	8651	
8	8210	8211	8237	8236	8626	8627	8653	8652	
8	8211	8212	8238	8237	8627	8628	8654	8653	
8	8212	8213	8239	8238	8628	8629	8655	8654	
8	8213	8214	8240	8239	8629	8630	8656	8655	
8	8214	8215	8241	8240	8630	8631	8657	8656	
8	8216	8217	8243	8242	8632	8633	8659	8658	
8	8217	8218	8244	8243	8633	8634	8660	8659	
8	8218	8219	8245	8244	8634	8635	8661	8660	
8	8219	8220	8246	8245	8635	8636	8662	8661	
8	8220	8221	8247	8246	8636	8637	8663	8662	
8	8221	8222	8248	8247	8637	8638	8664	8663	
8	8222	8223	8249	8248	8638	8639	8665	8664	
8	8223	8224	8250	8249	8639	8640	8666	8665	
8	8224	8225	8251	8250	8640	8641	8667	8666	
8	8225	8226	8252	8251	8641	8642	8668	8667	
8	8226	8227	8253	8252	8642	8643	8669	8668	
8	8227	8228	8254	8253	8643	8644	8670	8669	
8	8228	8229	8255	8254	8644	8645	8671	8670	
8	8229	8230	8256	8255	8645	8646	8672	8671	
8	8230	8231	8257	8256	8646	8647	8673	8672	
8	8231	8232	8258	8257	8647	8648	8674	8673	
8	8232	8233	8259	8258	8648	8649	8675	8674	
8	8233	8234	8260	8259	8649	8650	8676	8675	
8	8234	8235	8261	8260	8650	8651	8677	8676	
8	8235	8236	8262	8261	8651	8652	8678	8677	
8	8236	8237	8263	8262	8652	8653	8679	8678	
8	8237	8238	8264	8263	8653	8654	8680	8679	
8	8238	8239	8265	8264	8654	8655	8681	8680	
8	8239	8240	8266	8265	8655	8656	8682	8681	
8	8240	8241	8267	8266	8656	8657	8683	8682	
8	8242	8243	8269	8268	8658	8659	8685	8684	
8	8243	8244	8270	8269	8659	8660	8686	8685	
8	8244	8245	8271	8270	8660	8661	8687	8686	
8	8245	8246	8272	8271	8661	8662	8688	8687	
8	8246	8247	8273	8272	8662	8663	8689	8688	
8	8247	8248	8274	8273	8663	8664	8690	8689	
8	8248	8249	8275	8274	8664	8665	8691	8690	
8	8249	8250	8276	8275	8665	8666	8692	8691	
8	8250	8251	8277	8276	8666	8667	8693	8692	
8	8251	8252	8278	8277	8667	8668	8694	8693	
8	8252	8253	8279	8278	8668	8669	8695	8694	
8	8253	8254	8280	8279	8669	8670	8696	8695	
8	8254	8255	8281	8280	8670	8671	8697	8696	
8	8255	8256	8282	8281	8671	8672	8698	8697	
8	8256	8257	8283	8282	8672	8673	8699	8698	
8	8257	8258	8284	8283	8673	8674	8700	8699	
8	8258	8259	8285	8284	8674	8675	8701	8700	
8	8259	8260	8286	8285	8675	8676	8702	8701	
8	8260	8261	8287	8286	8676	8677	8703	8702	
8	8261	8262	8288	8287	8677	8678	8704	8703	
8	8262	8263	8289	8288	8678	8679	8705	8704	
8	8263	8264	8290	8289	8679	8680	8706	8705	
8	8264	8265	8291	8290	8680	8681	8707	8706	
8	8265	8266	8292	8291	8681	8682	8708	8707	
8	8266	8267	8293	8292	8682	8683	8709	8708	
8	8268	8269	8295	8294	8684	8685	8711	8710	
8	8269	8270	8296	8295	8685	8686	8712	8711	
8	8270	8271	8297	8296	8686	8687	8713	8712	
8	8271	8272	8298	8297	8687	8688	8714	8713	
8	8272	8273	8299	8298	8688	8689	8715	8714	
8	8273	8274	8300	8299	8689	8690	8716	8715	
8	8274	8275	8301	8300	8690	8691	8717	8716	
8	8275	8276	8302	8301	8691	8692	8718	8717	
8	8276	8277	8303	8302	8692	8693	8719	8718	
8	8277	8278	8304	8303	8693	8694	8720	8719	
8	8278	8279	8305	8304	8694	8695	8721	8720	
8	8279	8280	8306	8305	8695	8696	8722	8721	
8	8280	8281	8307	8306	8696	8697	8723	8722	
8	8281	8282	8308	8307	8697	8698	8724	8723	
8	8282	8283	8309	8308	8698	8699	8725	8724	
8	8283	8284	8310	8309	8699	8700	8726	8725	
8	8284	8285	8311	8310	8700	8701	8727	8726	
8	8285	8286	8312	8311	8701	8702	8728	8727	
8	8286	8287	8313	8312	8702	8703	8729	8728	
8	8287	8288	8314	8313	8703	8704	8730	8729	
8	8288	8289	8315	8314	8704	8705	8731	8730	
8	8289	8290	8316	8315	8705	8706	8732	8731	
8	8290	8291	8317	8316	8706	8707	8733	8732	
8	8291	8292	8318	8317	8707	8708	8734	8733	
8	8292	8293	8319	8318	8708	8709	8735	8734	
8	8320	8321	8347	8346	8736	8737	8763	8762	
8	8321	8322	8348	8347	8737	8738	8764	8763	
8	8322	8323	8349	8348	8738	8739	8765	8764	
8	8323	8324	8350	8349	8739	8740	8766	8765	
8	8324	8325	8351	8350	8740	8741	8767	8766	
8	8325	8326	8352	8351	8741	8742	8768	8767	
8	8326	8327	8353	8352	8742	8743	8769	8768	
8	8327	8328	8354	8353	8743	8744	8770	8769	
8	8328	8329	8355	8354	8744	8745	8771	8770	
8	8329	8330	8356	8355	8745	8746	8772	8771	
8	8330	8331	8357	8356	8746	8747	8773	8772	
8	8331	8332	8358	8357	8747	8748	8774	8773	
8	8332	8333	8359	8358	8748	8749	8775	8774	
8	8333	8334	8360	8359	8749	8750	8776	8775	
8	8334	8335	8361	8360	8750	8751	8777	8776	
8	8335	8336	8362	8361	8751	8752	8778	8777	
8	8336	8337	8363	8362	8752	8753	8779	8778	
8	8337	8338	8364	8363	8753	8754	8780	8779	
8	8338	8339	8365	8364	8754	8755	8781	8780	
8	8339	8340	8366	8365	8755	8756	8782	8781	
8	8340	8341	8367	8366	8756	8757	8783	8782	
8	8341	8342	8368	8367	8757	8758	8784	8783	
8	8342	8343	8369	8368	8758	8759	8785	8784	
8	8343	8344	8370	8369	8759	8760	8786	8785	
8	8344	8345	8371	8370	8760	8761	8787	8786	
8	8346	8347	8373	8372	8762	8763	8789	8788	
8	8347	8348	8374	8373	8763	8764	8790	8789	
8	8348	8349	8375	8374	8764	8765	8791	8790	
8	8349	8350	8376	8375	8765	8766	8792	8791	
8	8350	8351	8377	8376	8766	8767	8793	8792	
8	8351	8352	8378	8377	8767	8768	8794	8793	
8	8352	8353	8379	8378	8768	8769	8795	8794	
8	8353	8354	8380	8379	8769	8770	8796	8795	
8	8354	8355	8381	8380	8770	8771	8797	8796	
8	8355	8356	8382	8381	8771	8772	8798	8797	
8	8356	8357	8383	8382	8772	8773	8799	8798	
8	8357	8358	8384	8383	8773	8774	8800	8799	
8	8358	8359	8385	8384	8774	8775	8801	8800	
8	8359	8360	8386	8385	8775	8776	8802	8801	
8	8360	8361	8387	8386	8776	8777	8803	8802	
8	8361	8362	8388	8387	8777	8778	8804	8803	
8	8362	8363	8389	8388	8778	8779	8805	8804	
8	8363	8364	8390	8389	8779	8780	8806	8805	
8	8364	8365	8391	8390	8780	8781	8807	8806	
8	8365	8366	8392	8391	8781	8782	8808	8807	
8	8366	8367	8393	8392	8782	8783	8809	8808	
8	8367	8368	8394	8393	8783	8784	8810	8809	
8	8368	8369	8395	8394	8784	8785	8811	8810	
8	8369	8370	8396	8395	8785	8786	8812	8811	
8	8370	8371	8397	8396	8786	8787	8813	8812	
8	8372	8373	8399	8398	8788	8789	8815	8814	
8	8373	8374	8400	8399	8789	8790	8816	8815	
8	8374	8375	8401	8400	8790	8791	8817	8816	
8	8375	8376	8402	8401	8791	8792	8818	8817	
8	8376	8377	8403	8402	8792	8793	8819	8818	
8	8377	8378	8404	8403	8793	8794	8820	8819	
8	8378	8379	8405	8404	8794	8795	8821	8820	
8	8379	8380	8406	8405	8795	8796	8822	8821	
8	8380	8381	8407	8406	8796	8797	8823	8822	
8	8381	8382	8408	8407	8797	8798	8824	8823	
8	8382	8383	8409	8408	8798	8799	8825	8824	
8	8383	8384	8410	8409	8799	8800	8826	8825	
8	8384	8385	8411	8410	8800	8801	8827	8826	
8	8385	8386	8412	8411	8801	8802	8828	8827	
8	8386	8387	8413	8412	8802	8803	8829	8828	
8	8387	8388	8414	8413	8803	8804	8830	8829	
8	8388	8389	8415	8414	8804	8805	8831	8830	
8	8389	8390	8416	8415	8805	8806	8832	8831	
8	8390	8391	8417	8416	8806	8807	8833	8832	
8	8391	8392	8418	8417	8807	8808	8834	8833	
8	8392	8393	8419	8418	8808	8809	8835	8834	
8	8393	8394	8420	8419	8809	8810	8836	8835	
8	8394	8395	8421	8420	8810	8811	8837	8836	
8	8395	8396	8422	8421	8811	8812	8838	8837	
8	8396	8397	8423	8422	8812	8813	8839	8838	
8	8398	8399	8425	8424	8814	8815	8841	8840	
8	8399	8400	8426	8425	8815	8816	8842	8841	
8	8400	8401	8427	8426	8816	8817	8843	8842	
8	8401	8402	8428	8427	8817	8818	8844	8843	
8	8402	8403	8429	8428	8818	8819	8845	8844	
8	8403	8404	8430	8429	8819	8820	8846	8845	
8	8404	8405	8431	8430	8820	8821	8847	8846	
8	8405	8406	8432	8431	8821	8822	8848	8847	
8	8406	8407	8433	8432	8822	8823	8849	8848	
8	8407	8408	8434	8433	8823	8824	8850	8849	
8	8408	8409	8435	8434	8824	8825	8851	8850	
8	8409	8410	8436	8435	8825	8826	8852	8851	
8	8410	8411	8437	8436	8826	8827	8853	8852	
8	8411	8412	8438	8437	8827	8828	8854	8853	
8	8412	8413	8439	8438	8828	8829	8855	8854	
8	8413	8414	8440	8439	8829	8830	8856	8855	
8	8414	8415	8441	8440	8830	8831	8857	8856	
8	8415	8416	8442	8441	8831	8832	8858	8857	
8	8416	8417	8443	8442	8832	8833	8859	8858	
8	8417	8418	8444	8443	8833	8834	8860	8859	
8	8418	8419	8445	8444	8834	8835	8861	8860	
8	8419	8420	8446	8445	8835	8836	8862	8861	
8	8420	8421	8447	8446	8836	8837	8863	8862	
8	8421	8422	8448	8447	8837	8838	8864	8863	
8	8422	8423	8449	8448	8838	8839	8865	8864	
8	8424	8425	8451	8450	8840	8841	8867	8866	
8	8425	8426	8452	8451	8841	8842	8868	8867	
8	8426	8427	8453	8452	8842	8843	8869	8868	
8	8427	8428	8454	8453	8843	8844	8870	8869	
8	8428	8429	8455	8454	8844	8845	8871	8870	
8	8429	8430	8456	8455	8845	8846	8872	8871	
8	8430	8431	8457	8456	8846	8847	8873	8872	
8	8431	8432	8458	8457	8847	8848	8874	8873	
8	8432	8433	8459	8458	8848	8849	8875	8874	
8	8433	8434	8460	8459	8849	8850	8876	8875	
8	8434	8435	8461	8460	8850	8851	8877	8876	
8	8435	8436	8462	8461	8851	8852	8878	8877	
8	8436	8437	8463	8462	8852	8853	8879	8878	
8	8437	8438	8464	8463	8853	8854	8880	8879	
8	8438	8439	8465	8464	8854	8855	8881	8880	
8	8439	8440	8466	8465	8855	8856	8882	8881	
8	8440	8441	8467	8466	8856	8857	8883	8882	
8	8441	8442	8468	8467	8857	8858	8884	8883	
8	8442	8443	8469	8468	8858	8859	8885	8884	
8	8443	8444	8470	8469	8859	8860	8886	8885	
8	8444	8445	8471	8470	8860	8861	8887	8886	
8	8445	8446	8472	8471	8861	8862	8888	8887	
8	8446	8447	8473	8472	8862	8863	8889	8888	
8	8447	8448	8474	8473	8863	8864	8890	8889	
8	8448	8449	8475	8474	8864	8865	8891	8890	
8	8450	8451	8477	8476	8866	8867	8893	8892	
8	8451	8452	8478	8477	8867	8868	8894	8893	
8	8452	8453	8479	8478	8868	8869	8895	8894	
8	8453	8454	8480	8479	8869	8870	8896	8895	
8	8454	8455	8481	8480	8870	8871	8897	8896	
8	8455	8456	8482	8481	8871	8872	8898	8897	
8	8456	8457	8483	8482	8872	8873	8899	8898	
8	8457	8458	8484	8483	8873	8874	8900	8899	
8	8458	8459	8485	8484	8874	8875	8901	8900	
8	8459	8460	8486	8485	8875	8876	8902	8901	
8	8460	8461	8487	8486	8876	8877	8903	8902	
8	8461	8462	8488	8487	8877	8878	8904	8903	
8	8462	8463	8489	8488	8878	8879	8905	8904	
8	8463	8464	8490	8489	8879	8880	8906	8905	
8	8464	8465	8491	8490	8880	8881	8907	8906	
8	8465	8466	8492	8491	8881	8882	8908	8907	
8	8466	8467	8493	8492	8882	8883	8909	8908	
8	8467	8468	8494	8493	8883	8884	8910	8909	
8	8468	8469	8495	8494	8884	8885	8911	8910	
8	8469	8470	8496	8495	8885	8886	8912	8911	
8	8470	8471	8497	8496	8886	8887	8913	8912	
8	8471	8472	8498	8497	8887	8888	8914	8913	
8	8472	8473	8499	8498	8888	8889	8915	8914	
8	8473	8474	8500	8499	8889	8890	8916	8915	
8	8474	8475	8501	8500	8890	8891	8917	8916	
8	8476	8477	8503	8502	8892	8893	8919	8918	
8	8477	8478	8504	8503	8893	8894	8920	8919	
8	8478	8479	8505	8504	8894	8895	8921	8920	
8	8479	8480	8506	8505	8895	8896	8922	8921	
8	8480	8481	8507	8506	8896	8897	8923	8922	
8	8481	8482	8508	8507	8897	8898	8924	8923	
8	8482	8483	8509	8508	8898	8899	8925	8924	
8	8483	8484	8510	8509	8899	8900	8926	8925	
8	8484	8485	8511	8510	8900	8901	8927	8926	
8	8485	8486	8512	8511	8901	8902	8928	8927	
8	8486	8487	8513	8512	8902	8903	8929	8928	
8	8487	8488	8514	8513	8903	8904	8930	8929	
8	8488	8489	8515	8514	8904	8905	8931	8930	
8	8489	8490	8516	8515	8905	8906	8932	8931	
8	8490	8491	8517	8516	8906	8907	8933	8932	
8	8491	8492	8518	8517	8907	8908	8934	8933	
8	8492	8493	8519	8518	8908	8909	8935	8934	
8	8493	8494	8520	8519	8909	8910	8936	8935	
8	8494	8495	8521	8520	8910	8911	8937	8936	
8	8495	8496	8522	8521	8911	8912	8938	8937	
8	8496	8497	8523	8522	8912	8913	8939	8938	
8	8497	8498	8524	8523	8913	8914	8940	8939	
8	8498	8499	8525	8524	8914	8915	8941	8940	
8	8499	8500	8526	8525	8915	8916	8942	8941	
8	8500	8501	8527	8526	8916	8917	8943	8942	
8	8502	8503	8529	8528	8918	8919	8945	8944	
8	8503	8504	8530	8529	8919	8920	8946	8945	
8	8504	8505	8531	8530	8920	8921	8947	8946	
8	8505	8506	8532	8531	8921	8922	8948	8947	
8	8506	8507	8533	8532	8922	8923	8949	8948	
8	8507	8508	8534	8533	8923	8924	8950	8949	
8	8508	8509	8535	8534	8924	8925	8951	8950	
8	8509	8510	8536	8535	8925	8926	8952	8951	
8	8510	8511	8537	8536	8926	8927	8953	8952	
8	8511	8512	8538	8537	8927	8928	8954	8953	
8	8512	8513	8539	8538	8928	8929	8955	8954	
8	8513	8514	8540	8539	8929	8930	8956	8955	
8	8514	8515	8541	8540	8930	8931	8957	8956	
8	8515	8516	8542	8541	8931	8932	8958	8957	
8	8516	8517	8543	8542	8932	8933	8959	8958	
8	8517	8518	8544	8543	8933	8934	8960	8959	
8	8518	8519	8545	8544	8934	8935	8961	8960	
8	8519	8520	8546	8545	8935	8936	8962	8961	
8	8520	8521	8547	8546	8936	8937	8963	8962	
8	8521	8522	8548	8547	8937	8938	8964	8963	
8	8522	8523	8549	8548	8938	8939	8965	8964	
8	8523	8524	8550	8549	8939	8940	8966	8965	
8	8524	8525	8551	8550	8940	8941	8967	8966	
8	8525	8526	8552	8551	8941	8942	8968	8967	
8	8526	8527	8553	8552	8942	8943	8969	8968	
8	8528	8529	8555	8554	8944	8945	8971	8970	
8	8529	8530	8556	8555	8945	8946	8972	8971	
8	8530	8531	8557	8556	8946	8947	8973	8972	
8	8531	8532	8558	8557	8947	8948	8974	8973	
8	8532	8533	8559	8558	8948	8949	8975	8974	
8	8533	8534	8560	8559	8949	8950	8976	8975	
8	8534	8535	8561	8560	8950	8951	8977	8976	
8	8535	8536	8562	8561	8951	8952	8978	8977	
8	8536	8537	8563	8562	8952	8953	8979	8978	
8	8537	8538	8564	8563	8953	8954	8980	8979	
8	8538	8539	8565	8564	8954	8955	8981	8980	
8	8539	8540	8566	8565	8955	8956	8982	8981	
8	8540	8541	8567	8566	8956	8957	8983	8982	
8	8541	8542	8568	8567	8957	8958	8984	8983	
8	8542	8543	8569	8568	8958	8959	8985	8984	
8	8543	8544	8570	8569	8959	8960	8986	8985	
8	8544	8545	8571	8570	8960	8961	8987	8986	
8	8545	8546	8572	8571	8961	8962	8988	8987	
8	8546	8547	8573	8572	8962	8963	8989	8988	
8	8547	8548	8574	8573	8963	8964	8990	8989	
8	8548	8549	8575	8574	8964	8965	8991	8990	
8	8549	8550	8576	8575	8965	8966	8992	8991	
8	8550	8551	8577	8576	8966	8967	8993	8992	
8	8551	8552	8578	8577	8967	8968	8994	8993	
8	8552	8553	8579	8578	8968	8969	8995	8994	
8	8554	8555	8581	8580	8970	8971	8997	8996	
8	8555	8556	8582	8581	8971	8972	8998	8997	
8	8556	8557	8583	8582	8972	8973	8999	8998	
8	8557	8558	8584	8583	8973	8974	9000	8999	
8	8558	8559	8585	8584	8974	8975	9001	9000	
8	8559	8560	8586	8585	8975	8976	9002	9001	
8	8560	8561	8587	8586	8976	8977	9003	9002	
8	8561	8562	8588	8587	8977	8978	9004	9003	
8	8562	8563	8589	8588	8978	8979	9005	9004	
8	8563	8564	8590	8589	8979	8980	9006	9005	
8	8564	8565	8591	8590	8980	8981	9007	9006	
8	8565	8566	8592	8591	8981	8982	9008	9007	
8	8566	8567	8593	8592	8982	8983	9009	9008	
8	8567	8568	8594	8593	8983	8984	9010	9009	
8	8568	8569	8595	8594	8984	8985	9011	9010	
8	8569	8570	8596	8595	8985	8986	9012	9011	
8	8570	8571	8597	8596	8986	8987	9013	9012	
8	8571	8572	8598	8597	8987	8988	9014	9013	
8	8572	8573	8599	8598	8988	8989	9015	9014	
8	8573	8574	8600	8599	8989	8990	9016	9015	
8	8574	8575	8601	8600	8990	8991	9017	9016	
8	8575	8576	8602	8601	8991	8992	9018	9017	
8	8576	8577	8603	8602	8992	8993	9019	9018	
8	8577	8578	8604	8603	8993	8994	9020	9019	
8	8578	8579	8605	8604	8994	8995	9021	9020	
8	8580	8581	8607	8606	8996	8997	9023	9022	
8	8581	8582	8608	8607	8997	8998	9024	9023	
8	8582	8583	8609	8608	8998	8999	9025	9024	
8	8583	8584	8610	8609	8999	9000	9026	9025	
8	8584	8585	8611	8610	9000	9001	9027	9026	
8	8585	8586	8612	8611	9001	9002	9028	9027	
8	8586	8587	8613	8612	9002	9003	9029	9028	
8	8587	8588	8614	8613	9003	9004	9030	9029	
8	8588	8589	8615	8614	9004	9005	9031	9030	
8	8589	8590	8616	8615	9005	9006	9032	9031	
8	8590	8591	8617	8616	9006	9007	9033	9032	
8	8591	8592	8618	8617	9007	9008	9034	9033	
8	8592	8593	8619	8618	9008	9009	9035	9034	
8	8593	8594	8620	8619	9009	9010	9036	9035	
8	8594	8595	8621	8620	9010	9011	9037	9036	
8	8595	8596	8622	8621	9011	9012	9038	9037	
8	8596	8597	8623	8622	9012	9013	9039	9038	
8	8597	8598	8624	8623	9013	9014	9040	9039	
8	8598	8599	8625	8624	9014	9015	9041	9040	
8	8599	8600	8626	8625	9015	9016	9042	9041	
8	8600	8601	8627	8626	9016	9017	9043	9042	
8	8601	8602	8628	8627	9017	9018	9044	9043	
8	8602	8603	8629	8628	9018	9019	9045	9044	
8	8603	8604	8630	8629	9019	9020	9046	9045	
8	8604	8605	8631	8630	9020	9021	9047	9046	
8	8606	8607	8633	8632	9022	9023	9049	9048	
8	8607	8608	8634	8633	9023	9024	9050	9049	
8	8608	8609	8635	8634	9024	9025	9051	9050	
8	8609	8610	8636	8635	9025	9026	9052	9051	
8	8610	8611	8637	8636	9026	9027	9053	9052	
8	8611	8612	8638	8637	9027	9028	9054	9053	
8	8612	8613	8639	8638	9028	9029	9055	9054	
8	8613	8614	8640	8639	9029	9030	9056	9055	
8	8614	8615	8641	8640	9030	9031	9057	9056	
8	8615	8616	8642	8641	9031	9032	9058	9057	
8	8616	8617	8643	8642	9032	9033	9059	9058	
8	8617	8618	8644	8643	9033	9034	9060	9059	
8	8618	8619	8645	8644	9034	9035	9061	9060	
8	8619	8620	8646	8645	9035	9036	9062	9061	
8	8620	8621	8647	8646	9036	9037	9063	9062	
8	8621	8622	8648	8647	9037	9038	9064	9063	
8	8622	8623	8649	8648	9038	9039	9065	9064	
8	8623	8624	8650	8649	9039	9040	9066	9065	
8	8624	8625	8651	8650	9040	9041	9067	9066	
8	8625	8626	8652	8651	9041	9042	9068	9067	
8	8626	8627	8653	8652	9042	9043	9069	9068	
8	8627	8628	8654	8653	9043	9044	9070	9069	
8	8628	8629	8655	8654	9044	9045	9071	9070	
8	8629	8630	8656	8655	9045	9046	9072	9071	
8	8630	8631	8657	8656	9046	9047	9073	9072	
8	8632	8633	8659	8658	9048	9049	9075	9074	
8	8633	8634	8660	8659	9049	9050	9076	9075	
8	8634	8635	8661	8660	9050	9051	9077	9076	
8	8635	8636	8662	8661	9051	9052	9078	9077	
8	8636	8637	8663	8662	9052	9053	9079	9078	
8	8637	8638	8664	8663	9053	9054	9080	9079	
8	8638	8639	8665	8664	9054	9055	9081	9080	
8	8639	8640	8666	8665	9055	9056	9082	9081	
8	8640	8641	8667	8666	9056	9057	9083	9082	
8	8641	8642	8668	8667	9057	9058	9084	9083	
8	8642	8643	8669	8668	9058	9059	9085	9084	
8	8643	8644	8670	8669	9059	9060	9086	9085	
8	8644	8645	8671	8670	9060	9061	9087	9086	
8	8645	8646	8672	8671	9061	9062	9088	9087	
8	8646	8647	8673	8672	9062	9063	9089	9088	
8	8647	8648	8674	8673	9063	9064	9090	9089	
8	8648	8649	8675	8674	9064	9065	9091	9090	
8	8649	8650	8676	8675	9065	9066	9092	9091	
8	8650	8651	8677	8676	9066	9067	9093	9092	
8	8651	8652	8678	8677	9067	9068	9094	9093	
8	8652	8653	8679	8678	9068	9069	9095	9094	
8	8653	8654	8680	8679	9069	9070	9096	9095	
8	8654	8655	8681	8680	9070	9071	9097	9096	
8	8655	8656	8682	8681	9071	9072	9098	9097	
8	8656	8657	8683	8682	9072	9073	9099	9098	
8	8658	8659	8685	8684	9074	9075	9101	9100	
8	8659	8660	8686	8685	9075	9076	9102	9101	
8	8660	8661	8687	8686	9076	9077	9103	9102	
8	8661	8662	8688	8687	9077	9078	9104	9103	
8	8662	8663	8689	8688	9078	9079	9105	9104	
8	8663	8664	8690	8689	9079	9080	9106	9105	
8	8664	8665	8691	8690	9080	9081	9107	9106	
8	8665	8666	8692	8691	9081	9082	9108	9107	
8	8666	8667	8693	8692	9082	9083	9109	9108	
8	8667	8668	8694	8693	9083	9084	9110	9109	
8	8668	8669	8695	8694	9084	9085	9111	9110	
8	8669	8670	8696	8695	9085	9086	9112	9111	
8	8670	8671	8697	8696	9086	9087	9113	9112	
8	8671	8672	8698	8697	9087	9088	9114	9113	
8	8672	8673	8699	8698	9088	9089	9115	9114	
8	8673	8674	8700	8699	9089	9090	9116	9115	
8	8674	8675	8701	8700	9090	9091	9117	9116	
8	8675	8676	8702	8701	9091	9092	9118	9117	
8	8676	8677	8703	8702	9092	9093	9119	9118	
8	8677	8678	8704	8703	9093	9094	9120	9119	
8	8678	8679	8705	8704	9094	9095	9121	9120	
8	8679	8680	8706	8705	9095	9096	9122	9121	
8	8680	8681	8707	8706	9096	9097	9123	9122	
8	8681	8682	8708	8707	9097	9098	9124	9123	
8	8682	8683	8709	8708	9098	9099	9125	9124	
8	8684	8685	8711	8710	9100	9101	9127	9126	
8	8685	8686	8712	8711	9101	9102	9128	9127	
8	8686	8687	8713	8712	9102	9103	9129	9128	
8	8687	8688	8714	8713	9103	9104	9130	9129	
8	8688	8689	8715	8714	9104	9105	9131	9130	
8	8689	8690	8716	8715	9105	9106	9132	9131	
8	8690	8691	8717	8716	9106	9107	9133	9132	
8	8691	8692	8718	8717	9107	9108	9134	9133	
8	8692	8693	8719	8718	9108	9109	9135	9134	
8	8693	8694	8720	8719	9109	9110	9136	9135	
8	8694	8695	8721	8720	9110	9111	9137	9136	
8	8695	8696	8722	8721	9111	9112	9138	9137	
8	8696	8697	8723	8722	9112	9113	9139	9138	
8	8697	8698	8724	8723	9113	9114	9140	9139	
8	8698	8699	8725	8724	9114	9115	9141	9140	
8	8699	8700	8726	8725	9115	9116	9142	9141	
8	8700	8701	8727	8726	9116	9117	9143	9142	
8	8701	8702	8728	8727	9117	9118	9144	9143	
8	8702	8703	8729	8728	9118	9119	9145	9144	
8	8703	8704	8730	8729	9119	9120	9146	9145	
8	8704	8705	8731	8730	9120	9121	9147	9146	
8	8705	8706	8732	8731	9121	9122	9148	9147	
8	8706	8707	8733	8732	9122	9123	9149	9148	
8	8707	8708	8734	8733	9123	9124	9150	9149	
8	8708	8709	8735	8734	9124	9125	9151	9150	
8	8736	8737	8763	8762	9152	9153	9179	9178	
8	8737	8738	8764	8763	9153	9154	9180	9179	
8	8738	8739	8765	8764	9154	9155	9181	9180	
8	8739	8740	8766	8765	9155	9156	9182	9181	
8	8740	8741	8767	8766	9156	9157	9183	9182	
8	8741	8742	8768	8767	9157	9158	9184	9183	
8	8742	8743	8769	8768	9158	9159	9185	9184	
8	8743	8744	8770	8769	9159	9160	9186	9185	
8	8744	8745	8771	8770	9160	9161	9187	9186	
8	8745	8746	8772	8771	9161	9162	9188	9187	
8	8746	8747	8773	8772	9162	9163	9189	9188	
8	8747	8748	8774	8773	9163	9164	9190	9189	
8	8748	8749	8775	8774	9164	9165	9191	9190	
8	8749	8750	8776	8775	9165	9166	9192	9191	
8	8750	8751	8777	8776	9166	9167	9193	9192	
8	8751	8752	8778	8777	9167	9168	9194	9193	
8	8752	8753	8779	8778	9168	9169	9195	9194	
8	8753	8754	8780	8779	9169	9170	9196	9195	
8	8754	8755	8781	8780	9170	9171	9197	9196	
8	8755	8756	8782	8781	9171	9172	9198	9197	
8	8756	8757	8783	8782	9172	9173	9199	9198	
8	8757	8758	8784	8783	9173	9174	9200	9199	
8	8758	8759	8785	8784	9174	9175	9201	9200	
8	8759	8760	8786	8785	9175	9176	9202	9201	
8	8760	8761	8787	8786	9176	9177	9203	9202	
8	8762	8763	8789	8788	9178	9179	9205	9204	
8	8763	8764	8790	8789	9179	9180	9206	9205	
8	8764	8765	8791	8790	9180	9181	9207	9206	
8	8765	8766	8792	8791	9181	9182	9208	9207	
8	8766	8767	8793	8792	9182	9183	9209	9208	
8	8767	8768	8794	8793	9183	9184	9210	9209	
8	8768	8769	8795	8794	9184	9185	9211	9210	
8	8769	8770	8796	8795	9185	9186	9212	9211	
8	8770	8771	8797	8796	9186	9187	9213	9212	
8	8771	8772	8798	8797	9187	9188	9214	9213	
8	8772	8773	8799	8798	9188	9189	9215	9214	
8	8773	8774	8800	8799	9189	9190	9216	9215	
8	8774	8775	8801	8800	9190	9191	9217	9216	
8	8775	8776	8802	8801	9191	9192	9218	9217	
8	8776	8777	8803	8802	9192	9193	9219	9218	
8	8777	8778	8804	8803	9193	9194	9220	9219	
8	8778	8779	8805	8804	9194	9195	9221	9220	
8	8779	8780	8806	8805	9195	9196	9222	9221	
8	8780	8781	8807	8806	9196	9197	9223	9222	
8	8781	8782	8808	8807	9197	9198	9224	9223	
8	8782	8783	8809	8808	9198	9199	9225	9224	
8	8783	8784	8810	8809	9199	9200	9226	9225	
8	8784	8785	8811	8810	9200	9201	9227	9226	
8	8785	8786	8812	8811	9201	9202	9228	9227	
8	8786	8787	8813	8812	9202	9203	9229	9228	
8	8788	8789	8815	8814	9204	9205	9231	9230	
8	8789	8790	8816	8815	9205	9206	9232	9231	
8	8790	8791	8817	8816	9206	9207	9233	9232	
8	8791	8792	8818	8817	9207	9208	9234	9233	
8	8792	8793	8819	8818	9208	9209	9235	9234	
8	8793	8794	8820	8819	9209	9210	9236	9235	
8	8794	8795	8821	8820	9210	9211	9237	9236	
8	8795	8796	8822	8821	9211	9212	9238	9237	
8	8796	8797	8823	8822	9212	9213	9239	9238	
8	8797	8798	8824	8823	9213	9214	9240	9239	
8	8798	8799	8825	8824	9214	9215	9241	9240	
8	8799	8800	8826	8825	9215	9216	9242	9241	
8	8800	8801	8827	8826	9216	9217	9243	9242	
8	8801	8802	8828	8827	9217	9218	9244	9243	
8	8802	8803	8829	8828	9218	9219	9245	9244	
8	8803	8804	8830	8829	9219	9220	9246	9245	
8	8804	8805	8831	8830	9220	9221	9247	9246	
8	8805	8806	8832	8831	9221	9222	9248	9247	
8	8806	8807	8833	8832	9222	9223	9249	9248	
8	8807	8808	8834	8833	9223	9224	9250	9249	
8	8808	8809	8835	8834	9224	9225	9251	9250	
8	8809	8810	8836	8835	9225	9226	9252	9251	
8	8810	8811	8837	8836	9226	9227	9253	9252	
8	8811	8812	8838	8837	9227	9228	9254	9253	
8	8812	8813	8839	8838	9228	9229	9255	9254	
8	8814	8815	8841	8840	9230	9231	9257	9256	
8	8815	8816	8842	8841	9231	9232	9258	9257	
8	8816	8817	8843	8842	9232	9233	9259	9258	
8	8817	8818	8844	8843	9233	9234	9260	9259	
8	8818	8819	8845	8844	9234	9235	9261	9260	
8	8819	8820	8846	8845	9235	9236	9262	9261	
8	8820	8821	8847	8846	9236	9237	9263	9262	
8	8821	8822	8848	8847	9237	9238	9264	9263	
8	8822	8823	8849	8848	9238	9239	9265	9264	
8	8823	8824	8850	8849	9239	9240	9266	9265	
8	8824	8825	8851	8850	9240	9241	9267	9266	
8	8825	8826	8852	8851	9241	9242	9268	9267	
8	8826	8827	8853	8852	9242	9243	9269	9268	
8	8827	8828	8854	8853	9243	9244	9270	9269	
8	8828	8829	8855	8854	9244	9245	9271	9270	
8	8829	8830	8856	8855	9245	9246	9272	9271	
8	8830	8831	8857	8856	9246	9247	9273	9272	
8	8831	8832	8858	8857	9247	9248	9274	9273	
8	8832	8833	8859	8858	9248	9249	9275	9274	
8	8833	8834	8860	8859	9249	9250	9276	9275	
8	8834	8835	8861	8860	9250	9251	9277	9276	
8	8835	8836	8862	8861	9251	9252	9278	9277	
8	8836	8837	8863	8862	9252	9253	9279	9278	
8	8837	8838	8864	8863	9253	9254	9280	9279	
8	8838	8839	8865	8864	9254	9255	9281	9280	
8	8840	8841	8867	8866	9256	9257	9283	9282	
8	8841	8842	8868	8867	9257	9258	9284	9283	
8	8842	8843	8869	8868	9258	9259	9285	9284	
8	8843	8844	8870	8869	9259	9260	9286	9285	
8	8844	8845	8871	8870	9260	9261	9287	9286	
8	8845	8846	8872	8871	9261	9262	9288	9287	
8	8846	8847	8873	8872	9262	9263	9289	9288	
8	8847	8848	8874	8873	9263	9264	9290	9289	
8	8848	8849	8875	8874	9264	9265	9291	9290	
8	8849	8850	8876	8875	9265	9266	9292	9291	
8	8850	8851	8877	8876	9266	9267	9293	9292	
8	8851	8852	8878	8877	9267	9268	9294	9293	
8	8852	8853	8879	8878	9268	9269	9295	9294	
8	8853	8854	8880	8879	9269	9270	9296	9295	
8	8854	8855	8881	8880	9270	9271	9297	9296	
8	8855	8856	8882	8881	9271	9272	9298	9297	
8	8856	8857	8883	8882	9272	9273	9299	9298	
8	8857	8858	8884	8883	9273	9274	9300	9299	
8	8858	8859	8885	8884	9274	9275	9301	9300	
8	8859	8860	8886	8885	9275	9276	9302	9301	
8	8860	8861	8887	8886	9276	9277	9303	9302	
8	8861	8862	8888	8887	9277	9278	9304	9303	
8	8862	8863	8889	8888	9278	9279	9305	9304	
8	8863	8864	8890	8889	9279	9280	9306	9305	
8	8864	8865	8891	8890	9280	9281	9307	9306	
8	8866	8867	8893	8892	9282	9283	9309	9308	
8	8867	8868	8894	8893	9283	9284	9310	9309	
8	8868	8869	8895	8894	9284	9285	9311	9310	
8	8869	8870	8896	8895	9285	9286	9312	9311	
8	8870	8871	8897	8896	9286	9287	9313	9312	
8	8871	8872	8898	8897	9287	9288	9314	9313	
8	8872	8873	8899	8898	9288	9289	9315	9314	
8	8873	8874	8900	8899	9289	9290	9316	9315	
8	8874	8875	8901	8900	9290	9291	9317	9316	
8	8875	8876	8902	8901	9291	9292	9318	9317	
8	8876	8877	8903	8902	9292	9293	9319	9318	
8	8877	8878	8904	8903	9293	9294	9320	9319	
8	8878	8879	8905	8904	9294	9295	9321	9320	
8	8879	8880	8906	8905	9295	9296	9322	9321	
8	8880	8881	8907	8906	9296	9297	9323	9322	
8	8881	8882	8908	8907	9297	9298	9324	9323	
8	8882	8883	8909	8908	9298	9299	9325	9324	
8	8883	8884	8910	8909	9299	9300	9326	9325	
8	8884	8885	8911	8910	9300	9301	9327	9326	
8	8885	8886	8912	8911	9301	9302	9328	9327	
8	8886	8887	8913	8912	9302	9303	9329	9328	
8	8887	8888	8914	8913	9303	9304	9330	9329	
8	8888	8889	8915	8914	9304	9305	9331	9330	
8	8889	8890	8916	8915	9305	9306	9332	9331	
8	8890	8891	8917	8916	9306	9307	9333	9332	
8	8892	8893	8919	8918	9308	9309	9335	9334	
8	8893	8894	8920	8919	9309	9310	9336	9335	
8	8894	8895	8921	8920	9310	9311	9337	9336	
8	8895	8896	8922	8921	9311	9312	9338	9337	
8	8896	8897	8923	8922	9312	9313	9339	9338	
8	8897	8898	8924	8923	9313	9314	9340	9339	
8	8898	8899	8925	8924	9314	9315	9341	9340	
8	8899	8900	8926	8925	9315	9316	9342	9341	
8	8900	8901	8927	8926	9316	9317	9343	9342	
8	8901	8902	8928	8927	9317	9318	9344	9343	
8	8902	8903	8929	8928	9318	9319	9345	9344	
8	8903	8904	8930	8929	9319	9320	9346	9345	
8	8904	8905	8931	8930	9320	9321	9347	9346	
8	8905	8906	8932	8931	9321	9322	9348	9347	
8	8906	8907	8933	8932	9322	9323	9349	9348	
8	8907	8908	8934	8933	9323	9324	9350	9349	
8	8908	8909	8935	8934	9324	9325	9351	9350	
8	8909	8910	8936	8935	9325	9326	9352	9351	
8	8910	8911	8937	8936	9326	9327	9353	9352	
8	8911	8912	8938	8937	9327	9328	9354	9353	
8	8912	8913	8939	8938	9328	9329	9355	9354	
8	8913	8914	8940	8939	9329	9330	9356	9355	
8	8914	8915	8941	8940	9330	9331	9357	9356	
8	8915	8916	8942	8941	9331	9332	9358	9357	
8	8916	8917	8943	8942	9332	9333	9359	9358	
8	8918	8919	8945	8944	9334	9335	9361	9360	
8	8919	8920	8946	8945	9335	9336	9362	9361	
8	8920	8921	8947	8946	9336	9337	9363	9362	
8	8921	8922	8948	8947	9337	9338	9364	9363	
8	8922	8923	8949	8948	9338	9339	9365	9364	
8	8923	8924	8950	8949	9339	9340	9366	9365	
8	8924	8925	8951	8950	9340	9341	9367	9366	
8	8925	8926	8952	8951	9341	9342	9368	9367	
8	8926	8927	8953	8952	9342	9343	9369	9368	
8	8927	8928	8954	8953	9343	9344	9370	9369	
8	8928	8929	8955	8954	9344	9345	9371	9370	
8	8929	8930	8956	8955	9345	9346	9372	9371	
8	8930	8931	8957	8956	9346	9347	9373	9372	
8	8931	8932	8958	8957	9347	9348	9374	9373	
8	8932	8933	8959	8958	9348	9349	9375	9374	
8	8933	8934	8960	8959	9349	9350	9376	9375	
8	8934	8935	8961	8960	9350	9351	9377	9376	
8	8935	8936	8962	8961	9351	9352	9378	9377	
8	8936	8937	8963	8962	9352	9353	9379	9378	
8	8937	8938	8964	8963	9353	9354	9380	9379	
8	8938	8939	8965	8964	9354	9355	9381	9380	
8	8939	8940	8966	8965	9355	9356	9382	9381	
8	8940	8941	8967	8966	9356	9357	9383	9382	
8	8941	8942	8968	8967	9357	9358	9384	9383	
8	8942	8943	8969	8968	9358	9359	9385	9384	
8	8944	8945	8971	8970	9360	9361	9387	9386	
8	8945	8946	8972	8971	9361	9362	9388	9387	
8	8946	8947	8973	8972	9362	9363	9389	9388	
8	8947	8948	8974	8973	9363	9364	9390	9389	
8	8948	8949	8975	8974	9364	9365	9391	9390	
8	8949	8950	8976	8975	9365	9366	9392	9391	
8	8950	8951	8977	8976	9366	9367	9393	9392	
8	8951	8952	8978	8977	9367	9368	9394	9393	
8	8952	8953	8979	8978	9368	9369	9395	9394	
8	8953	8954	8980	8979	9369	9370	9396	9395	
8	8954	8955	8981	8980	9370	9371	9397	9396	
8	8955	8956	8982	8981	9371	9372	9398	9397	
8	8956	8957	8983	8982	9372	9373	9399	9398	
8	8957	8958	8984	8983	9373	9374	9400	9399	
8	8958	8959	8985	8984	9374	9375	9401	9400	
8	8959	8960	8986	8985	9375	9376	9402	9401	
8	8960	8961	8987	8986	9376	9377	9403	9402	
8	8961	8962	8988	8987	9377	9378	9404	9403	
8	8962	8963	8989	8988	9378	9379	9405	9404	
8	8963	8964	8990	8989	9379	9380	9406	9405	
8	8964	8965	8991	8990	9380	9381	9407	9406	
8	8965	8966	8992	8991	9381	9382	9408	9407	
8	8966	8967	8993	8992	9382	9383	9409	9408	
8	8967	8968	8994	8993	9383	9384	9410	9409	
8	8968	8969	8995	8994	9384	9385	9411	9410	
8	8970	8971	8997	8996	9386	9387	9413	9412	
8	8971	8972	8998	8997	9387	9388	9414	9413	
8	8972	8973	8999	8998	9388	9389	9415	9414	
8	8973	8974	9000	8999	9389	9390	9416	9415	
8	8974	8975	9001	9000	9390	9391	9417	9416	
8	8975	8976	9002	9001	9391	9392	9418	9417	
8	8976	8977	9003	9002	9392	9393	9419	9418	
8	8977	8978	9004	9003	9393	9394	9420	9419	
8	8978	8979	9005	9004	9394	9395	9421	9420	
8	8979	8980	9006	9005	9395	9396	9422	9421	
8	8980	8981	9007	9006	9396	9397	9423	9422	
8	8981	8982	9008	9007	9397	9398	9424	9423	
8	8982	8983	9009	9008	9398	9399	9425	9424	
8	8983	8984	9010	9009	9399	9400	9426	9425	
8	8984	8985	9011	9010	9400	9401	9427	9426	
8	8985	8986	9012	9011	9401	9402	9428	9427	
8	8986	8987	9013	9012	9402	9403	9429	9428	
8	8987	8988	9014	9013	9403	9404	9430	9429	
8	8988	8989	9015	9014	9404	9405	9431	9430	
8	8989	8990	9016	9015	9405	9406	9432	9431	
8	8990	8991	9017	9016	9406	9407	9433	9432	
8	8991	8992	9018	9017	9407	9408	9434	9433	
8	8992	8993	9019	9018	9408	9409	9435	9434	
8	8993	8994	9020	9019	9409	9410	9436	9435	
8	8994	8995	9021	9020	9410	9411	9437	9436	
8	8996	8997	9023	9022	9412	9413	9439	9438	
8	8997	8998	9024	9023	9413	9414	9440	9439	
8	8998	8999	9025	9024	9414	9415	9441	9440	
8	8999	9000	9026	9025	9415	9416	9442	9441	
8	9000	9001	9027	9026	9416	9417	9443	9442	
8	9001	9002	9028	9027	9417	9418	9444	9443	
8	9002	9003	9029	9028	9418	9419	9445	9444	
8	9003	9004	9030	9029	9419	9420	9446	9445	
8	9004	9005	9031	9030	9420	9421	9447	9446	
8	9005	9006	9032	9031	9421	9422	9448	9447	
8	9006	9007	9033	9032	9422	9423	9449	9448	
8	9007	9008	9034	9033	9423	9424	9450	9449	
8	9008	9009	9035	9034	9424	9425	9451	9450	
8	9009	9010	9036	9035	9425	9426	9452	9451	
8	9010	9011	9037	9036	9426	9427	9453	9452	
8	9011	9012	9038	9037	9427	9428	9454	9453	
8	9012	9013	9039	9038	9428	9429	9455	9454	
8	9013	9014	9040	9039	9429	9430	9456	9455	
8	9014	9015	9041	9040	9430	9431	9457	9456	
8	9015	9016	9042	9041	9431	9432	9458	9457	
8	9016	9017	9043	9042	9432	9433	9459	9458	
8	9017	9018	9044	9043	9433	9434	9460	9459	
8	9018	9019	9045	9044	9434	9435	9461	9460	
8	9019	9020	9046	9045	9435	9436	9462	9461	
8	9020	9021	9047	9046	9436	9437	9463	9462	
8	9022	9023	9049	9048	9438	9439	9465	9464	
8	9023	9024	9050	9049	9439	9440	9466	9465	
8	9024	9025	9051	9050	9440	9441	9467	9466	
8	9025	9026	9052	9051	9441	9442	9468	9467	
8	9026	9027	9053	9052	9442	9443	9469	9468	
8	9027	9028	9054	9053	9443	9444	9470	9469	
8	9028	9029	9055	9054	9444	9445	9471	9470	
8	9029	9030	9056	9055	9445	9446	9472	9471	
8	9030	9031	9057	9056	9446	9447	9473	9472	
8	9031	9032	9058	9057	9447	9448	9474	9473	
8	9032	9033	9059	9058	9448	9449	9475	9474	
8	9033	9034	9060	9059	9449	9450	9476	9475	
8	9034	9035	9061	9060	9450	9451	9477	9476	
8	9035	9036	9062	9061	9451	9452	9478	9477	
8	9036	9037	9063	9062	9452	9453	9479	9478	
8	9037	9038	9064	9063	9453	9454	9480	9479	
8	9038	9039	9065	9064	9454	9455	9481	9480	
8	9039	9040	9066	9065	9455	9456	9482	9481	
8	9040	9041	9067	9066	9456	9457	9483	9482	
8	9041	9042	9068	9067	9457	9458	9484	9483	
8	9042	9043	9069	9068	9458	9459	9485	9484	
8	9043	9044	9070	9069	9459	9460	9486	9485	
8	9044	9045	9071	9070	9460	9461	9487	9486	
8	9045	9046	9072	9071	9461	9462	9488	9487	
8	9046	9047	9073	9072	9462	9463	9489	9488	
8	9048	9049	9075	9074	9464	9465	9491	9490	
8	9049	9050	9076	9075	9465	9466	9492	9491	
8	9050	9051	9077	9076	9466	9467	9493	9492	
8	9051	9052	9078	9077	9467	9468	9494	9493	
8	9052	9053	9079	9078	9468	9469	9495	9494	
8	9053	9054	9080	9079	9469	9470	9496	9495	
8	9054	9055	9081	9080	9470	9471	9497	9496	
8	9055	9056	9082	9081	9471	9472	9498	9497	
8	9056	9057	9083	9082	9472	9473	9499	9498	
8	9057	9058	9084	9083	9473	9474	9500	9499	
8	9058	9059	9085	9084	9474	9475	9501	9500	
8	9059	9060	9086	9085	9475	9476	9502	9501	
8	9060	9061	9087	9086	9476	9477	9503	9502	
8	9061	9062	9088	9087	9477	9478	9504	9503	
8	9062	9063	9089	9088	9478	9479	9505	9504	
8	9063	9064	9090	9089	9479	9480	9506	9505	
8	9064	9065	9091	9090	9480	9481	9507	9506	
8	9065	9066	9092	9091	9481	9482	9508	9507	
8	9066	9067	9093	9092	9482	9483	9509	9508	
8	9067	9068	9094	9093	9483	9484	9510	9509	
8	9068	9069	9095	9094	9484	9485	9511	9510	
8	9069	9070	9096	9095	9485	9486	9512	9511	
8	9070	9071	9097	9096	9486	9487	9513	9512	
8	9071	9072	9098	9097	9487	9488	9514	9513	
8	9072	9073	9099	9098	9488	9489	9515	9514	
8	9074	9075	9101	9100	9490	9491	9517	9516	
8	9075	9076	9102	9101	9491	9492	9518	9517	
8	9076	9077	9103	9102	9492	9493	9519	9518	
8	9077	9078	9104	9103	9493	9494	9520	9519	
8	9078	9079	9105	9104	9494	9495	9521	9520	
8	9079	9080	9106	9105	9495	9496	9522	9521	
8	9080	9081	9107	9106	9496	9497	9523	9522	
8	9081	9082	9108	9107	9497	9498	9524	9523	
8	9082	9083	9109	9108	9498	9499	9525	9524	
8	9083	9084	9110	9109	9499	9500	9526	9525	
8	9084	9085	9111	9110	9500	9501	9527	9526	
8	9085	9086	9112	9111	9501	9502	9528	9527	
8	9086	9087	9113	9112	9502	9503	9529	9528	
8	9087	9088	9114	9113	9503	9504	9530	9529	
8	9088	9089	9115	9114	9504	9505	9531	9530	
8	9089	9090	9116	9115	9505	9506	9532	9531	
8	9090	9091	9117	9116	9506	9507	9533	9532	
8	9091	9092	9118	9117	9507	9508	9534	9533	
8	9092	9093	9119	9118	9508	9509	9535	9534	
8	9093	9094	9120	9119	9509	9510	9536	9535	
8	9094	9095	9121	9120	9510	9511	9537	9536	
8	9095	9096	9122	9121	9511	9512	9538	9537	
8	9096	9097	9123	9122	9512	9513	9539	9538	
8	9097	9098	9124	9123	9513	9514	9540	9539	
8	9098	9099	9125	9124	9514	9515	9541	9540	
8	9100	9101	9127	9126	9516	9517	9543	9542	
8	9101	9102	9128	9127	9517	9518	9544	9543	
8	9102	9103	9129	9128	9518	9519	9545	9544	
8	9103	9104	9130	9129	9519	9520	9546	9545	
8	9104	9105	9131	9130	9520	9521	9547	9546	
8	9105	9106	9132	9131	9521	9522	9548	9547	
8	9106	9107	9133	9132	9522	9523	9549	9548	
8	9107	9108	9134	9133	9523	9524	9550	9549	
8	9108	9109	9135	9134	9524	9525	9551	9550	
8	9109	9110	9136	9135	9525	9526	9552	9551	
8	9110	9111	9137	9136	9526	9527	9553	9552	
8	9111	9112	9138	9137	9527	9528	9554	9553	
8	9112	9113	9139	9138	9528	9529	9555	9554	
8	9113	9114	9140	9139	9529	9530	9556	9555	
8	9114	9115	9141	9140	9530	9531	9557	9556	
8	9115	9116	9142	9141	9531	9532	9558	9557	
8	9116	9117	9143	9142	9532	9533	9559	9558	
8	9117	9118	9144	9143	9533	9534	9560	9559	
8	9118	9119	9145	9144	9534	9535	9561	9560	
8	9119	9120	9146	9145	9535	9536	9562	9561	
8	9120	9121	9147	9146	9536	9537	9563	9562	
8	9121	9122	9148	9147	9537	9538	9564	9563	
8	9122	9123	9149	9148	9538	9539	9565	9564	
8	9123	9124	9150	9149	9539	9540	9566	9565	
8	9124	9125	9151	9150	9540	9541	9567	9566	
8	9152	9153	9179	9178	9568	9569	9595	9594	
8	9153	9154	9180	9179	9569	9570	9596	9595	
8	9154	9155	9181	9180	9570	9571	9597	9596	
8	9155	9156	9182	9181	9571	9572	9598	9597	
8	9156	9157	9183	9182	9572	9573	9599	9598	
8	9157	9158	9184	9183	9573	9574	9600	9599	
8	9158	9159	9185	9184	9574	9575	9601	9600	
8	9159	9160	9186	9185	9575	9576	9602	9601	
8	9160	9161	9187	9186	9576	9577	9603	9602	
8	9161	9162	9188	9187	9577	9578	9604	9603	
8	9162	9163	9189	9188	9578	9579	9605	9604	
8	9163	9164	9190	9189	9579	9580	9606	9605	
8	9164	9165	9191	9190	9580	9581	9607	9606	
8	9165	9166	9192	9191	9581	9582	9608	9607	
8	9166	9167	9193	9192	9582	9583	9609	9608	
8	9167	9168	9194	9193	9583	9584	9610	9609	
8	9168	9169	9195	9194	9584	9585	9611	9610	
8	9169	9170	9196	9195	9585	9586	9612	9611	
8	9170	9171	9197	9196	9586	9587	9613	9612	
8	9171	9172	9198	9197	9587	9588	9614	9613	
8	9172	9173	9199	9198	9588	9589	9615	9614	
8	9173	9174	9200	9199	9589	9590	9616	9615	
8	9174	9175	9201	9200	9590	9591	9617	9616	
8	9175	9176	9202	9201	9591	9592	9618	9617	
8	9176	9177	9203	9202	9592	9593	9619	9618	
8	9178	9179	9205	9204	9594	9595	9621	9620	
8	9179	9180	9206	9205	9595	9596	9622	9621	
8	9180	9181	9207	9206	9596	9597	9623	9622	
8	9181	9182	9208	9207	9597	9598	9624	9623	
8	9182	9183	9209	9208	9598	9599	9625	9624	
8	9183	9184	9210	9209	9599	9600	9626	9625	
8	9184	9185	9211	9210	9600	9601	9627	9626	
8	9185	9186	9212	9211	9601	9602	9628	9627	
8	9186	9187	9213	9212	9602	9603	9629	9628	
8	9187	9188	9214	9213	9603	9604	9630	9629	
8	9188	9189	9215	9214	9604	9605	9631	9630	
8	9189	9190	9216	9215	9605	9606	9632	9631	
8	9190	9191	9217	9216	9606	9607	9633	9632	
8	9191	9192	9218	9217	9607	9608	9634	9633	
8	9192	9193	9219	9218	9608	9609	9635	9634	
8	9193	9194	9220	9219	9609	9610	9636	9635	
8	9194	9195	9221	9220	9610	9611	9637	9636	
8	9195	9196	9222	9221	9611	9612	9638	9637	
8	9196	9197	9223	9222	9612	9613	9639	9638	
8	9197	9198	9224	9223	9613	9614	9640	9639	
8	9198	9199	9225	9224	9614	9615	9641	9640	
8	9199	9200	9226	9225	9615	9616	9642	9641	
8	9200	9201	9227	9226	9616	9617	9643	9642	
8	9201	9202	9228	9227	9617	9618	9644	9643	
8	9202	9203	9229	9228	9618	9619	9645	9644	
8	9204	9205	9231	9230	9620	9621	9647	9646	
8	9205	9206	9232	9231	9621	9622	9648	9647	
8	9206	9207	9233	9232	9622	9623	9649	9648	
8	9207	9208	9234	9233	9623	9624	9650	9649	
8	9208	9209	9235	9234	9624	9625	9651	9650	
8	9209	9210	9236	9235	9625	9626	9652	9651	
8	9210	9211	9237	9236	9626	9627	9653	9652	
8	9211	9212	9238	9237	9627	9628	9654	9653	
8	9212	9213	9239	9238	9628	9629	9655	9654	
8	9213	9214	9240	9239	9629	9630	9656	9655	
8	9214	9215	9241	9240	9630	9631	9657	9656	
8	9215	9216	9242	9241	9631	9632	9658	9657	
8	9216	9217	9243	9242	9632	9633	9659	9658	
8	9217	9218	9244	9243	9633	9634	9660	9659	
8	9218	9219	9245	9244	9634	9635	9661	9660	
8	9219	9220	9246	9245	9635	9636	9662	9661	
8	9220	9221	9247	9246	9636	9637	9663	9662	
8	9221	9222	9248	9247	9637	9638	9664	9663	
8	9222	9223	9249	9248	9638	9639	9665	9664	
8	9223	9224	9250	9249	9639	9640	9666	9665	
8	9224	9225	9251	9250	9640	9641	9667	9666	
8	9225	9226	9252	9251	9641	9642	9668	9667	
8	9226	9227	9253	9252	9642	9643	9669	9668	
8	9227	9228	9254	9253	9643	9644	9670	9669	
8	9228	9229	9255	9254	9644	9645	9671	9670	
8	9230	9231	9257	9256	9646	9647	9673	9672	
8	9231	9232	9258	9257	9647	9648	9674	9673	
8	9232	9233	9259	9258	9648	9649	9675	9674	
8	9233	9234	9260	9259	9649	9650	9676	9675	
8	9234	9235	9261	9260	9650	9651	9677	9676	
8	9235	9236	9262	9261	9651	9652	9678	9677	
8	9236	9237	9263	9262	9652	9653	9679	9678	
8	9237	9238	9264	9263	9653	9654	9680	9679	
8	9238	9239	9265	9264	9654	9655	9681	9680	
8	9239	9240	9266	9265	9655	9656	9682	9681	
8	9240	9241	9267	9266	9656	9657	9683	9682	
8	9241	9242	9268	9267	9657	9658	9684	9683	
8	9242	9243	9269	9268	9658	9659	9685	9684	
8	9243	9244	9270	9269	9659	9660	9686	9685	
8	9244	9245	9271	9270	9660	9661	9687	9686	
8	9245	9246	9272	9271	9661	9662	9688	9687	
8	9246	9247	9273	9272	9662	9663	9689	9688	
8	9247	9248	9274	9273	9663	9664	9690	9689	
8	9248	9249	9275	9274	9664	9665	9691	9690	
8	9249	9250	9276	9275	9665	9666	9692	9691	
8	9250	9251	9277	9276	9666	9667	9693	9692	
8	9251	9252	9278	9277	9667	9668	9694	9693	
8	9252	9253	9279	9278	9668	9669	9695	9694	
8	9253	9254	9280	9279	9669	9670	9696	9695	
8	9254	9255	9281	9280	9670	9671	9697	9696	
8	9256	9257	9283	9282	9672	9673	9699	9698	
8	9257	9258	9284	9283	9673	9674	9700	9699	
8	9258	9259	9285	9284	9674	9675	9701	9700	
8	9259	9260	9286	9285	9675	9676	9702	9701	
8	9260	9261	9287	9286	9676	9677	9703	9702	
8	9261	9262	9288	9287	9677	9678	9704	9703	
8	9262	9263	9289	9288	9678	9679	9705	9704	
8	9263	9264	9290	9289	9679	9680	9706	9705	
8	9264	9265	9291	9290	9680	9681	9707	9706	
8	9265	9266	9292	9291	9681	9682	9708	9707	
8	9266	9267	9293	9292	9682	9683	9709	9708	
8	9267	9268	9294	9293	9683	9684	9710	9709	
8	9268	9269	9295	9294	9684	9685	9711	9710	
8	9269	9270	9296	9295	9685	9686	9712	9711	
8	9270	9271	9297	9296	9686	9687	9713	9712	
8	9271	9272	9298	9297	9687	9688	9714	9713	
8	9272	9273	9299	9298	9688	9689	9715	9714	
8	9273	9274	9300	9299	9689	9690	9716	9715	
8	9274	9275	9301	9300	9690	9691	9717	9716	
8	9275	9276	9302	9301	9691	9692	9718	9717	
8	9276	9277	9303	9302	9692	9693	9719	9718	
8	9277	9278	9304	9303	9693	9694	9720	9719	
8	9278	9279	9305	9304	9694	9695	9721	9720	
8	9279	9280	9306	9305	9695	9696	9722	9721	
8	9280	9281	9307	9306	9696	9697	9723	9722	
8	9282	9283	9309	9308	9698	9699	9725	9724	
8	9283	9284	9310	9309	9699	9700	9726	9725	
8	9284	9285	9311	9310	9700	9701	9727	9726	
8	9285	9286	9312	9311	9701	9702	9728	9727	
8	9286	9287	9313	9312	9702	9703	9729	9728	
8	9287	9288	9314	9313	9703	9704	9730	9729	
8	9288	9289	9315	9314	9704	9705	9731	9730	
8	9289	9290	9316	9315	9705	9706	9732	9731	
8	9290	9291	9317	9316	9706	9707	9733	9732	
8	9291	9292	9318	9317	9707	9708	9734	9733	
8	9292	9293	9319	9318	9708	9709	9735	9734	
8	9293	9294	9320	9319	9709	9710	9736	9735	
8	9294	9295	9321	9320	9710	9711	9737	9736	
8	9295	9296	9322	9321	9711	9712	9738	9737	
8	9296	9297	9323	9322	9712	9713	9739	9738	
8	9297	9298	9324	9323	9713	9714	9740	9739	
8	9298	9299	9325	9324	9714	9715	9741	9740	
8	9299	9300	9326	9325	9715	9716	9742	9741	
8	9300	9301	9327	9326	9716	9717	9743	9742	
8	9301	9302	9328	9327	9717	9718	9744	9743	
8	9302	9303	9329	9328	9718	9719	9745	9744	
8	9303	9304	9330	9329	9719	9720	9746	9745	
8	9304	9305	9331	9330	9720	9721	9747	9746	
8	9305	9306	9332	9331	9721	9722	9748	9747	
8	9306	9307	9333	9332	9722	9723	9749	9748	
8	9308	9309	9335	9334	9724	9725	9751	9750	
8	9309	9310	9336	9335	9725	9726	9752	9751	
8	9310	9311	9337	9336	9726	9727	9753	9752	
8	9311	9312	9338	9337	9727	9728	9754	9753	
8	9312	9313	9339	9338	9728	9729	9755	9754	
8	9313	9314	9340	9339	9729	9730	9756	9755	
8	9314	9315	9341	9340	9730	9731	9757	9756	
8	9315	9316	9342	9341	9731	9732	9758	9757	
8	9316	9317	9343	9342	9732	9733	9759	9758	
8	9317	9318	9344	9343	9733	9734	9760	9759	
8	9318	9319	9345	9344	9734	9735	9761	9760	
8	9319	9320	9346	9345	9735	9736	9762	9761	
8	9320	9321	9347	9346	9736	9737	9763	9762	
8	9321	9322	9348	9347	9737	9738	9764	9763	
8	9322	9323	9349	9348	9738	9739	9765	9764	
8	9323	9324	9350	9349	9739	9740	9766	9765	
8	9324	9325	9351	9350	9740	9741	9767	9766	
8	9325	9326	9352	9351	9741	9742	9768	9767	
8	9326	9327	9353	9352	9742	9743	9769	9768	
8	9327	9328	9354	9353	9743	9744	9770	9769	
8	9328	9329	9355	9354	9744	9745	9771	9770	
8	9329	9330	9356	9355	9745	9746	9772	9771	
8	9330	9331	9357	9356	9746	9747	9773	9772	
8	9331	9332	9358	9357	9747	9748	9774	9773	
8	9332	9333	9359	9358	9748	9749	9775	9774	
8	9334	9335	9361	9360	9750	9751	9777	9776	
8	9335	9336	9362	9361	9751	9752	9778	9777	
8	9336	9337	9363	9362	9752	9753	9779	9778	
8	9337	9338	9364	9363	9753	9754	9780	9779	
8	9338	9339	9365	9364	9754	9755	9781	9780	
8	9339	9340	9366	9365	9755	9756	9782	9781	
8	9340	9341	9367	9366	9756	9757	9783	9782	
8	9341	9342	9368	9367	9757	9758	9784	9783	
8	9342	9343	9369	9368	9758	9759	9785	9784	
8	9343	9344	9370	9369	9759	9760	9786	9785	
8	9344	9345	9371	9370	9760	9761	9787	9786	
8	9345	9346	9372	9371	9761	9762	9788	9787	
8	9346	9347	9373	9372	9762	9763	9789	9788	
8	9347	9348	9374	9373	9763	9764	9790	9789	
8	9348	9349	9375	9374	9764	9765	9791	9790	
8	9349	9350	9376	9375	9765	9766	9792	9791	
8	9350	9351	9377	9376	9766	9767	9793	9792	
8	9351	9352	9378	9377	9767	9768	9794	9793	
8	9352	9353	9379	9378	9768	9769	9795	9794	
8	9353	9354	9380	9379	9769	9770	9796	9795	
8	9354	9355	9381	9380	9770	9771	9797	9796	
8	9355	9356	9382	9381	9771	9772	9798	9797	
8	9356	9357	9383	9382	9772	9773	9799	9798	
8	9357	9358	9384	9383	9773	9774	9800	9799	
8	9358	9359	9385	9384	9774	9775	9801	9800	
8	9360	9361	9387	9386	9776	9777	9803	9802	
8	9361	9362	9388	9387	9777	9778	9804	9803	
8	9362	9363	9389	9388	9778	9779	9805	9804	
8	9363	9364	9390	9389	9779	9780	9806	9805	
8	9364	9365	9391	9390	9780	9781	9807	9806	
8	9365	9366	9392	9391	9781	9782	9808	9807	
8	9366	9367	9393	9392	9782	9783	9809	9808	
8	9367	9368	9394	9393	9783	9784	9810	9809	
8	9368	9369	9395	9394	9784	9785	9811	9810	
8	9369	9370	9396	9395	9785	9786	9812	9811	
8	9370	9371	9397	9396	9786	9787	9813	9812	
8	9371	9372	9398	9397	9787	9788	9814	9813	
8	9372	9373	9399	9398	9788	9789	9815	9814	
8	9373	9374	9400	9399	9789	9790	9816	9815	
8	9374	9375	9401	9400	9790	9791	9817	9816	
8	9375	9376	9402	9401	9791	9792	9818	9817	
8	9376	9377	9403	9402	9792	9793	9819	9818	
8	9377	9378	9404	9403	9793	9794	9820	9819	
8	9378	9379	9405	9404	9794	9795	9821	9820	
8	9379	9380	9406	9405	9795	9796	9822	9821	
8	9380	9381	9407	9406	9796	9797	9823	9822	
8	9381	9382	9408	9407	9797	9798	9824	9823	
8	9382	9383	9409	9408	9798	9799	9825	9824	
8	9383	9384	9410	9409	9799	9800	9826	9825	
8	9384	9385	9411	9410	9800	9801	9827	9826	
8	9386	9387	9413	9412	9802	9803	9829	9828	
8	9387	9388	9414	9413	9803	9804	9830	9829	
8	9388	9389	9415	9414	9804	9805	9831	9830	
8	9389	9390	9416	9415	9805	9806	9832	9831	
8	9390	9391	9417	9416	9806	9807	9833	9832	
8	9391	9392	9418	9417	9807	9808	9834	9833	
8	9392	9393	9419	9418	9808	9809	9835	9834	
8	9393	9394	9420	9419	9809	9810	9836	9835	
8	9394	9395	9421	9420	9810	9811	9837	9836	
8	9395	9396	9422	9421	9811	9812	9838	9837	
8	9396	9397	9423	9422	9812	9813	9839	9838	
8	9397	9398	9424	9423	9813	9814	9840	9839	
8	9398	9399	9425	9424	9814	9815	9841	9840	
8	9399	9400	9426	9425	9815	9816	9842	9841	
8	9400	9401	9427	9426	9816	9817	9843	9842	
8	9401	9402	9428	9427	9817	9818	9844	9843	
8	9402	9403	9429	9428	9818	9819	9845	9844	
8	9403	9404	9430	9429	9819	9820	9846	9845	
8	9404	9405	9431	9430	9820	9821	9847	9846	
8	9405	9406	9432	9431	9821	9822	9848	9847	
8	9406	9407	9433	9432	9822	9823	9849	9848	
8	9407	9408	9434	9433	9823	9824	9850	9849	
8	9408	9409	9435	9434	9824	9825	9851	9850	
8	9409	9410	9436	9435	9825	9826	9852	9851	
8	9410	9411	9437	9436	9826	9827	9853	9852	
8	9412	9413	9439	9438	9828	9829	9855	9854	
8	9413	9414	9440	9439	9829	9830	9856	9855	
8	9414	9415	9441	9440	9830	9831	9857	9856	
8	9415	9416	9442	9441	9831	9832	9858	9857	
8	9416	9417	9443	9442	9832	9833	9859	9858	
8	9417	9418	9444	9443	9833	9834	9860	9859	
8	9418	9419	9445	9444	9834	9835	9861	9860	
8	9419	9420	9446	9445	9835	9836	9862	9861	
8	9420	9421	9447	9446	9836	9837	9863	9862	
8	9421	9422	9448	9447	9837	9838	9864	9863	
8	9422	9423	9449	9448	9838	9839	9865	9864	
8	9423	9424	9450	9449	9839	9840	9866	9865	
8	9424	9425	9451	9450	9840	9841	9867	9866	
8	9425	9426	9452	9451	9841	9842	9868	9867	
8	9426	9427	9453	9452	9842	9843	9869	9868	
8	9427	9428	9454	9453	9843	9844	9870	9869	
8	9428	9429	9455	9454	9844	9845	9871	9870	
8	9429	9430	9456	9455	9845	9846	9872	9871	
8	9430	9431	9457	9456	9846	9847	9873	9872	
8	9431	9432	9458	9457	9847	9848	9874	9873	
8	9432	9433	9459	9458	9848	9849	9875	9874	
8	9433	9434	9460	9459	9849	9850	9876	9875	
8	9434	9435	9461	9460	9850	9851	9877	9876	
8	9435	9436	9462	9461	9851	9852	9878	9877	
8	9436	9437	9463	9462	9852	9853	9879	9878	
8	9438	9439	9465	9464	9854	9855	9881	9880	
8	9439	9440	9466	9465	9855	9856	9882	9881	
8	9440	9441	9467	9466	9856	9857	9883	9882	
8	9441	9442	9468	9467	9857	9858	9884	9883	
8	9442	9443	9469	9468	9858	9859	9885	9884	
8	9443	9444	9470	9469	9859	9860	9886	9885	
8	9444	9445	9471	9470	9860	9861	9887	9886	
8	9445	9446	9472	9471	9861	9862	9888	9887	
8	9446	9447	9473	9472	9862	9863	9889	9888	
8	9447	9448	9474	9473	9863	9864	9890	9889	
8	9448	9449	9475	9474	9864	9865	9891	9890	
8	9449	9450	9476	9475	9865	9866	9892	9891	
8	9450	9451	9477	9476	9866	9867	9893	9892	
8	9451	9452	9478	9477	9867	9868	9894	9893	
8	9452	9453	9479	9478	9868	9869	9895	9894	
8	9453	9454	9480	9479	9869	9870	9896	9895	
8	9454	9455	9481	9480	9870	9871	9897	9896	
8	9455	9456	9482	9481	9871	9872	9898	9897	
8	9456	9457	9483	9482	9872	9873	9899	9898	
8	9457	9458	9484	9483	9873	9874	9900	9899	
8	9458	9459	9485	9484	9874	9875	9901	9900	
8	9459	9460	9486	9485	9875	9876	9902	9901	
8	9460	9461	9487	9486	9876	9877	9903	9902	
8	9461	9462	9488	9487	9877	9878	9904	9903	
8	9462	9463	9489	9488	9878	9879	9905	9904	
8	9464	9465	9491	9490	9880	9881	9907	9906	
8	9465	9466	9492	9491	9881	9882	9908	9907	
8	9466	9467	9493	9492	9882	9883	9909	9908	
8	9467	9468	9494	9493	9883	9884	9910	9909	
8	9468	9469	9495	9494	9884	9885	9911	9910	
8	9469	9470	9496	9495	9885	9886	9912	9911	
8	9470	9471	9497	9496	9886	9887	9913	9912	
8	9471	9472	9498	9497	9887	9888	9914	9913	
8	9472	9473	9499	9498	9888	9889	9915	9914	
8	9473	9474	9500	9499	9889	9890	9916	9915	
8	9474	9475	9501	9500	9890	9891	9917	9916	
8	9475	9476	9502	9501	9891	9892	9918	9917	
8	9476	9477	9503	9502	9892	9893	9919	9918	
8	9477	9478	9504	9503	9893	9894	9920	9919	
8	9478	9479	9505	9504	9894	9895	9921	9920	
8	9479	9480	9506	9505	9895	9896	9922	9921	
8	9480	9481	9507	9506	9896	9897	9923	9922	
8	9481	9482	9508	9507	9897	9898	9924	9923	
8	9482	9483	9509	9508	9898	9899	9925	9924	
8	9483	9484	9510	9509	9899	9900	9926	9925	
8	9484	9485	9511	9510	9900	9901	9927	9926	
8	9485	9486	9512	9511	9901	9902	9928	9927	
8	9486	9487	9513	9512	9902	9903	9929	9928	
8	9487	9488	9514	9513	9903	9904	9930	9929	
8	9488	9489	9515	9514	9904	9905	9931	9930	
8	9490	9491	9517	9516	9906	9907	9933	9932	
8	9491	9492	9518	9517	9907	9908	9934	9933	
8	9492	9493	9519	9518	9908	9909	9935	9934	
8	9493	9494	9520	9519	9909	9910	9936	9935	
8	9494	9495	9521	9520	9910	9911	9937	9936	
8	9495	9496	9522	9521	9911	9912	9938	9937	
8	9496	9497	9523	9522	9912	9913	9939	9938	
8	9497	9498	9524	9523	9913	9914	9940	9939	
8	9498	9499	9525	9524	9914	9915	9941	9940	
8	9499	9500	9526	9525	9915	9916	9942	9941	
8	9500	9501	9527	9526	9916	9917	9943	9942	
8	9501	9502	9528	9527	9917	9918	9944	9943	
8	9502	9503	9529	9528	9918	9919	9945	9944	
8	9503	9504	9530	9529	9919	9920	9946	9945	
8	9504	9505	9531	9530	9920	9921	9947	9946	
8	9505	9506	9532	9531	9921	9922	9948	9947	
8	9506	9507	9533	9532	9922	9923	9949	9948	
8	9507	9508	9534	9533	9923	9924	9950	9949	
8	9508	9509	9535	9534	9924	9925	9951	9950	
8	9509	9510	9536	9535	9925	9926	9952	9951	
8	9510	9511	9537	9536	9926	9927	9953	9952	
8	9511	9512	9538	9537	9927	9928	9954	9953	
8	9512	9513	9539	9538	9928	9929	9955	9954	
8	9513	9514	9540	9539	9929	9930	9956	9955	
8	9514	9515	9541	9540	9930	9931	9957	9956	
8	9516	9517	9543	9542	9932	9933	9959	9958	
8	9517	9518	9544	9543	9933	9934	9960	9959	
8	9518	9519	9545	9544	9934	9935	9961	9960	
8	9519	9520	9546	9545	9935	9936	9962	9961	
8	9520	9521	9547	9546	9936	9937	9963	9962	
8	9521	9522	9548	9547	9937	9938	9964	9963	
8	9522	9523	9549	9548	9938	9939	9965	9964	
8	9523	9524	9550	9549	9939	9940	9966	9965	
8	9524	9525	9551	9550	9940	9941	9967	9966	
8	9525	9526	9552	9551	9941	9942	9968	9967	
8	9526	9527	9553	9552	9942	9943	9969	9968	
8	9527	9528	9554	9553	9943	9944	9970	9969	
8	9528	9529	9555	9554	9944	9945	9971	9970	
8	9529	9530	9556	9555	9945	9946	9972	9971	
8	9530	9531	9557	9556	9946	9947	9973	9972	
8	9531	9532	9558	9557	9947	9948	9974	9973	
8	9532	9533	9559	9558	9948	9949	9975	9974	
8	9533	9534	9560	9559	9949	9950	9976	9975	
8	9534	9535	9561	9560	9950	9951	9977	9976	
8	9535	9536	9562	9561	9951	9952	9978	9977	
8	9536	9537	9563	9562	9952	9953	9979	9978	
8	9537	9538	9564	9563	9953	9954	9980	9979	
8	9538	9539	9565	9564	9954	9955	9981	9980	
8	9539	9540	9566	9565	9955	9956	9982	9981	
8	9540	9541	9567	9566	9956	9957	9983	9982	
8	9568	9569	9595	9594	9984	9985	10011	10010	
8	9569	9570	9596	9595	9985	9986	10012	10011	
8	9570	9571	9597	9596	9986	9987	10013	10012	
8	9571	9572	9598	9597	9987	9988	10014	10013	
8	9572	9573	9599	9598	9988	9989	10015	10014	
8	9573	9574	9600	9599	9989	9990	10016	10015	
8	9574	9575	9601	9600	9990	9991	10017	10016	
8	9575	9576	9602	9601	9991	9992	10018	10017	
8	9576	9577	9603	9602	9992	9993	10019	10018	
8	9577	9578	9604	9603	9993	9994	10020	10019	
8	9578	9579	9605	9604	9994	9995	10021	10020	
8	9579	9580	9606	9605	9995	9996	10022	10021	
8	9580	9581	9607	9606	9996	9997	10023	10022	
8	9581	9582	9608	9607	9997	9998	10024	10023	
8	9582	9583	9609	9608	9998	9999	10025	10024	
8	9583	9584	9610	9609	9999	10000	10026	10025	
8	9584	9585	9611	9610	10000	10001	10027	10026	
8	9585	9586	9612	9611	10001	10002	10028	10027	
8	9586	9587	9613	9612	10002	10003	10029	10028	
8	9587	9588	9614	9613	10003	10004	10030	10029	
8	9588	9589	9615	9614	10004	10005	10031	10030	
8	9589	9590	9616	9615	10005	10006	10032	10031	
8	9590	9591	9617	9616	10006	10007	10033	10032	
8	9591	9592	9618	9617	10007	10008	10034	10033	
8	9592	9593	9619	9618	10008	10009	10035	10034	
8	9594	9595	9621	9620	10010	10011	10037	10036	
8	9595	9596	9622	9621	10011	10012	10038	10037	
8	9596	9597	9623	9622	10012	10013	10039	10038	
8	9597	9598	9624	9623	10013	10014	10040	10039	
8	9598	9599	9625	9624	10014	10015	10041	10040	
8	9599	9600	9626	9625	10015	10016	10042	10041	
8	9600	9601	9627	9626	10016	10017	10043	10042	
8	9601	9602	9628	9627	10017	10018	10044	10043	
8	9602	9603	9629	9628	10018	10019	10045	10044	
8	9603	9604	9630	9629	10019	10020	10046	10045	
8	9604	9605	9631	9630	10020	10021	10047	10046	
8	9605	9606	9632	9631	10021	10022	10048	10047	
8	9606	9607	9633	9632	10022	10023	10049	10048	
8	9607	9608	9634	9633	10023	10024	10050	10049	
8	9608	9609	9635	9634	10024	10025	10051	10050	
8	9609	9610	9636	9635	10025	10026	10052	10051	
8	9610	9611	9637	9636	10026	10027	10053	10052	
8	9611	9612	9638	9637	10027	10028	10054	10053	
8	9612	9613	9639	9638	10028	10029	10055	10054	
8	9613	9614	9640	9639	10029	10030	10056	10055	
8	9614	9615	9641	9640	10030	10031	10057	10056	
8	9615	9616	9642	9641	10031	10032	10058	10057	
8	9616	9617	9643	9642	10032	10033	10059	10058	
8	9617	9618	9644	9643	10033	10034	10060	10059	
8	9618	9619	9645	9644	10034	10035	10061	10060	
8	9620	9621	9647	9646	10036	10037	10063	10062	
8	9621	9622	9648	9647	10037	10038	10064	10063	
8	9622	9623	9649	9648	10038	10039	10065	10064	
8	9623	9624	9650	9649	10039	10040	10066	10065	
8	9624	9625	9651	9650	10040	10041	10067	10066	
8	9625	9626	9652	9651	10041	10042	10068	10067	
8	9626	9627	9653	9652	10042	10043	10069	10068	
8	9627	9628	9654	9653	10043	10044	10070	10069	
8	9628	9629	9655	9654	10044	10045	10071	10070	
8	9629	9630	9656	9655	10045	10046	10072	10071	
8	9630	9631	9657	9656	10046	10047	10073	10072	
8	9631	9632	9658	9657	10047	10048	10074	10073	
8	9632	9633	9659	9658	10048	10049	10075	10074	
8	9633	9634	9660	9659	10049	10050	10076	10075	
8	9634	9635	9661	9660	10050	10051	10077	10076	
8	9635	9636	9662	9661	10051	10052	10078	10077	
8	9636	9637	9663	9662	10052	10053	10079	10078	
8	9637	9638	9664	9663	10053	10054	10080	10079	
8	9638	9639	9665	9664	10054	10055	10081	10080	
8	9639	9640	9666	9665	10055	10056	10082	10081	
8	9640	9641	9667	9666	10056	10057	10083	10082	
8	9641	9642	9668	9667	10057	10058	10084	10083	
8	9642	9643	9669	9668	10058	10059	10085	10084	
8	9643	9644	9670	9669	10059	10060	10086	10085	
8	9644	9645	9671	9670	10060	10061	10087	10086	
8	9646	9647	9673	9672	10062	10063	10089	10088	
8	9647	9648	9674	9673	10063	10064	10090	10089	
8	9648	9649	9675	9674	10064	10065	10091	10090	
8	9649	9650	9676	9675	10065	10066	10092	10091	
8	9650	9651	9677	9676	10066	10067	10093	10092	
8	9651	9652	9678	9677	10067	10068	10094	10093	
8	9652	9653	9679	9678	10068	10069	10095	10094	
8	9653	9654	9680	9679	10069	10070	10096	10095	
8	9654	9655	9681	9680	10070	10071	10097	10096	
8	9655	9656	9682	9681	10071	10072	10098	10097	
8	9656	9657	9683	9682	10072	10073	10099	10098	
8	9657	9658	9684	9683	10073	10074	10100	10099	
8	9658	9659	9685	9684	10074	10075	10101	10100	
8	9659	9660	9686	9685	10075	10076	10102	10101	
8	9660	9661	9687	9686	10076	10077	10103	10102	
8	9661	9662	9688	9687	10077	10078	10104	10103	
8	9662	9663	9689	9688	10078	10079	10105	10104	
8	9663	9664	9690	9689	10079	10080	10106	10105	
8	9664	9665	9691	9690	10080	10081	10107	10106	
8	9665	9666	9692	9691	10081	10082	10108	10107	
8	9666	9667	9693	9692	10082	10083	10109	10108	
8	9667	9668	9694	9693	10083	10084	10110	10109	
8	9668	9669	9695	9694	10084	10085	10111	10110	
8	9669	9670	9696	9695	10085	10086	10112	10111	
8	9670	9671	9697	9696	10086	10087	10113	10112	
8	9672	9673	9699	9698	10088	10089	10115	10114	
8	9673	9674	9700	9699	10089	10090	10116	10115	
8	9674	9675	9701	9700	10090	10091	10117	10116	
8	9675	9676	9702	9701	10091	10092	10118	10117	
8	9676	9677	9703	9702	10092	10093	10119	10118	
8	9677	9678	9704	9703	10093	10094	10120	10119	
8	9678	9679	9705	9704	10094	10095	10121	10120	
8	9679	9680	9706	9705	10095	10096	10122	10121	
8	9680	9681	9707	9706	10096	10097	10123	10122	
8	9681	9682	9708	9707	10097	10098	10124	10123	
8	9682	9683	9709	9708	10098	10099	10125	10124	
8	9683	9684	9710	9709	10099	10100	10126	10125	
8	9684	9685	9711	9710	10100	10101	10127	10126	
8	9685	9686	9712	9711	10101	10102	10128	10127	
8	9686	9687	9713	9712	10102	10103	10129	10128	
8	9687	9688	9714	9713	10103	10104	10130	10129	
8	9688	9689	9715	9714	10104	10105	10131	10130	
8	9689	9690	9716	9715	10105	10106	10132	10131	
8	9690	9691	9717	9716	10106	10107	10133	10132	
8	9691	9692	9718	9717	10107	10108	10134	10133	
8	9692	9693	9719	9718	10108	10109	10135	10134	
8	9693	9694	9720	9719	10109	10110	10136	10135	
8	9694	9695	9721	9720	10110	10111	10137	10136	
8	9695	9696	9722	9721	10111	10112	10138	10137	
8	9696	9697	9723	9722	10112	10113	10139	10138	
8	9698	9699	9725	9724	10114	10115	10141	10140	
8	9699	9700	9726	9725	10115	10116	10142	10141	
8	9700	9701	9727	9726	10116	10117	10143	10142	
8	9701	9702	9728	9727	10117	10118	10144	10143	
8	9702	9703	9729	9728	10118	10119	10145	10144	
8	9703	9704	9730	9729	10119	10120	10146	10145	
8	9704	9705	9731	9730	10120	10121	10147	10146	
8	9705	9706	9732	9731	10121	10122	10148	10147	
8	9706	9707	9733	9732	10122	10123	10149	10148	
8	9707	9708	9734	9733	10123	10124	10150	10149	
8	9708	9709	9735	9734	10124	10125	10151	10150	
8	9709	9710	9736	9735	10125	10126	10152	10151	
8	9710	9711	9737	9736	10126	10127	10153	10152	
8	9711	9712	9738	9737	10127	10128	10154	10153	
8	9712	9713	9739	9738	10128	10129	10155	10154	
8	9713	9714	9740	9739	10129	10130	10156	10155	
8	9714	9715	9741	9740	10130	10131	10157	10156	
8	9715	9716	9742	9741	10131	10132	10158	10157	
8	9716	9717	9743	9742	10132	10133	10159	10158	
8	9717	9718	9744	9743	10133	10134	10160	10159	
8	9718	9719	9745	9744	10134	10135	10161	10160	
8	9719	9720	9746	9745	10135	10136	10162	10161	
8	9720	9721	9747	9746	10136	10137	10163	10162	
8	9721	9722	9748	9747	10137	10138	10164	10163	
8	9722	9723	9749	9748	10138	10139	10165	10164	
8	9724	9725	9751	9750	10140	10141	10167	10166	
8	9725	9726	9752	9751	10141	10142	10168	10167	
8	9726	9727	9753	9752	10142	10143	10169	10168	
8	9727	9728	9754	9753	10143	10144	10170	10169	
8	9728	9729	9755	9754	10144	10145	10171	10170	
8	9729	9730	9756	9755	10145	10146	10172	10171	
8	9730	9731	9757	9756	10146	10147	10173	10172	
8	9731	9732	9758	9757	10147	10148	10174	10173	
8	9732	9733	9759	9758	10148	10149	10175	10174	
8	9733	9734	9760	9759	10149	10150	10176	10175	
8	9734	9735	9761	9760	10150	10151	10177	10176	
8	9735	9736	9762	9761	10151	10152	10178	10177	
8	9736	9737	9763	9762	10152	10153	10179	10178	
8	9737	9738	9764	9763	10153	10154	10180	10179	
8	9738	9739	9765	9764	10154	10155	10181	10180	
8	9739	9740	9766	9765	10155	10156	10182	10181	
8	9740	9741	9767	9766	10156	10157	10183	10182	
8	9741	9742	9768	9767	10157	10158	10184	10183	
8	9742	9743	9769	9768	10158	10159	10185	10184	
8	9743	9744	9770	9769	10159	10160	10186	10185	
8	9744	9745	9771	9770	10160	10161	10187	10186	
8	9745	9746	9772	9771	10161	10162	10188	10187	
8	9746	9747	9773	9772	10162	10163	10189	10188	
8	9747	9748	9774	9773	10163	10164	10190	10189	
8	9748	9749	9775	9774	10164	10165	10191	10190	
8	9750	9751	9777	9776	10166	10167	10193	10192	
8	9751	9752	9778	9777	10167	10168	10194	10193	
8	9752	9753	9779	9778	10168	10169	10195	10194	
8	9753	9754	9780	9779	10169	10170	10196	10195	
8	9754	9755	9781	9780	10170	10171	10197	10196	
8	9755	9756	9782	9781	10171	10172	10198	10197	
8	9756	9757	9783	9782	10172	10173	10199	10198	
8	9757	9758	9784	9783	10173	10174	10200	10199	
8	9758	9759	9785	9784	10174	10175	10201	10200	
8	9759	9760	9786	9785	10175	10176	10202	10201	
8	9760	9761	9787	9786	10176	10177	10203	10202	
8	9761	9762	9788	9787	10177	10178	10204	10203	
8	9762	9763	9789	9788	10178	10179	10205	10204	
8	9763	9764	9790	9789	10179	10180	10206	10205	
8	9764	9765	9791	9790	10180	10181	10207	10206	
8	9765	9766	9792	9791	10181	10182	10208	10207	
8	9766	9767	9793	9792	10182	10183	10209	10208	
8	9767	9768	9794	9793	10183	10184	10210	10209	
8	9768	9769	9795	9794	10184	10185	10211	10210	
8	9769	9770	9796	9795	10185	10186	10212	10211	
8	9770	9771	9797	9796	10186	10187	10213	10212	
8	9771	9772	9798	9797	10187	10188	10214	10213	
8	9772	9773	9799	9798	10188	10189	10215	10214	
8	9773	9774	9800	9799	10189	10190	10216	10215	
8	9774	9775	9801	9800	10190	10191	10217	10216	
8	9776	9777	9803	9802	10192	10193	10219	10218	
8	9777	9778	9804	9803	10193	10194	10220	10219	
8	9778	9779	9805	9804	10194	10195	10221	10220	
8	9779	9780	9806	9805	10195	10196	10222	10221	
8	9780	9781	9807	9806	10196	10197	10223	10222	
8	9781	9782	9808	9807	10197	10198	10224	10223	
8	9782	9783	9809	9808	10198	10199	10225	10224	
8	9783	9784	9810	9809	10199	10200	10226	10225	
8	9784	9785	9811	9810	10200	10201	10227	10226	
8	9785	9786	9812	9811	10201	10202	10228	10227	
8	9786	9787	9813	9812	10202	10203	10229	10228	
8	9787	9788	9814	9813	10203	10204	10230	10229	
8	9788	9789	9815	9814	10204	10205	10231	10230	
8	9789	9790	9816	9815	10205	10206	10232	10231	
8	9790	9791	9817	9816	10206	10207	10233	10232	
8	9791	9792	9818	9817	10207	10208	10234	10233	
8	9792	9793	9819	9818	10208	10209	10235	10234	
8	9793	9794	9820	9819	10209	10210	10236	10235	
8	9794	9795	9821	9820	10210	10211	10237	10236	
8	9795	9796	9822	9821	10211	10212	10238	10237	
8	9796	9797	9823	9822	10212	10213	10239	10238	
8	9797	9798	9824	9823	10213	10214	10240	10239	
8	9798	9799	9825	9824	10214	10215	10241	10240	
8	9799	9800	9826	9825	10215	10216	10242	10241	
8	9800	9801	9827	9826	10216	10217	10243	10242	
8	9802	9803	9829	9828	10218	10219	10245	10244	
8	9803	9804	9830	9829	10219	10220	10246	10245	
8	9804	9805	9831	9830	10220	10221	10247	10246	
8	9805	9806	9832	9831	10221	10222	10248	10247	
8	9806	9807	9833	9832	10222	10223	10249	10248	
8	9807	9808	9834	9833	10223	10224	10250	10249	
8	9808	9809	9835	9834	10224	10225	10251	10250	
8	9809	9810	9836	9835	10225	10226	10252	10251	
8	9810	9811	9837	9836	10226	10227	10253	10252	
8	9811	9812	9838	9837	10227	10228	10254	10253	
8	9812	9813	9839	9838	10228	10229	10255	10254	
8	9813	9814	9840	9839	10229	10230	10256	10255	
8	9814	9815	9841	9840	10230	10231	10257	10256	
8	9815	9816	9842	9841	10231	10232	10258	10257	
8	9816	9817	9843	9842	10232	10233	10259	10258	
8	9817	9818	9844	9843	10233	10234	10260	10259	
8	9818	9819	9845	9844	10234	10235	10261	10260	
8	9819	9820	9846	9845	10235	10236	10262	10261	
8	9820	9821	9847	9846	10236	10237	10263	10262	
8	9821	9822	9848	9847	10237	10238	10264	10263	
8	9822	9823	9849	9848	10238	10239	10265	10264	
8	9823	9824	9850	9849	10239	10240	10266	10265	
8	9824	9825	9851	9850	10240	10241	10267	10266	
8	9825	9826	9852	9851	10241	10242	10268	10267	
8	9826	9827	9853	9852	10242	10243	10269	10268	
8	9828	9829	9855	9854	10244	10245	10271	10270	
8	9829	9830	9856	9855	10245	10246	10272	10271	
8	9830	9831	9857	9856	10246	10247	10273	10272	
8	9831	9832	9858	9857	10247	10248	10274	10273	
8	9832	9833	9859	9858	10248	10249	10275	10274	
8	9833	9834	9860	9859	10249	10250	10276	10275	
8	9834	9835	9861	9860	10250	10251	10277	10276	
8	9835	9836	9862	9861	10251	10252	10278	10277	
8	9836	9837	9863	9862	10252	10253	10279	10278	
8	9837	9838	9864	9863	10253	10254	10280	10279	
8	9838	9839	9865	9864	10254	10255	10281	10280	
8	9839	9840	9866	9865	10255	10256	10282	10281	
8	9840	9841	9867	9866	10256	10257	10283	10282	
8	9841	9842	9868	9867	10257	10258	10284	10283	
8	9842	9843	9869	9868	10258	10259	10285	10284	
8	9843	9844	9870	9869	10259	10260	10286	10285	
8	9844	9845	9871	9870	10260	10261	10287	10286	
8	9845	9846	9872	9871	10261	10262	10288	10287	
8	9846	9847	9873	9872	10262	10263	10289	10288	
8	9847	9848	9874	9873	10263	10264	10290	10289	
8	9848	9849	9875	9874	10264	10265	10291	10290	
8	9849	9850	9876	9875	10265	10266	10292	10291	
8	9850	9851	9877	9876	10266	10267	10293	10292	
8	9851	9852	9878	9877	10267	10268	10294	10293	
8	9852	9853	9879	9878	10268	10269	10295	10294	
8	9854	9855	9881	9880	10270	10271	10297	10296	
8	9855	9856	9882	9881	10271	10272	10298	10297	
8	9856	9857	9883	9882	10272	10273	10299	10298	
8	9857	9858	9884	9883	10273	10274	10300	10299	
8	9858	9859	9885	9884	10274	10275	10301	10300	
8	9859	9860	9886	9885	10275	10276	10302	10301	
8	9860	9861	9887	9886	10276	10277	10303	10302	
8	9861	9862	9888	9887	10277	10278	10304	10303	
8	9862	9863	9889	9888	10278	10279	10305	10304	
8	9863	9864	9890	9889	10279	10280	10306	10305	
8	9864	9865	9891	9890	10280	10281	10307	10306	
8	9865	9866	9892	9891	10281	10282	10308	10307	
8	9866	9867	9893	9892	10282	10283	10309	10308	
8	9867	9868	9894	9893	10283	10284	10310	10309	
8	9868	9869	9895	9894	10284	10285	10311	10310	
8	9869	9870	9896	9895	10285	10286	10312	10311	
8	9870	9871	9897	9896	10286	10287	10313	10312	
8	9871	9872	9898	9897	10287	10288	10314	10313	
8	9872	9873	9899	9898	10288	10289	10315	10314	
8	9873	9874	9900	9899	10289	10290	10316	10315	
8	9874	9875	9901	9900	10290	10291	10317	10316	
8	9875	9876	9902	9901	10291	10292	10318	10317	
8	9876	9877	9903	9902	10292	10293	10319	10318	
8	9877	9878	9904	9903	10293	10294	10320	10319	
8	9878	9879	9905	9904	10294	10295	10321	10320	
8	9880	9881	9907	9906	10296	10297	10323	10322	
8	9881	9882	9908	9907	10297	10298	10324	10323	
8	9882	9883	9909	9908	10298	10299	10325	10324	
8	9883	9884	9910	9909	10299	10300	10326	10325	
8	9884	9885	9911	9910	10300	10301	10327	10326	
8	9885	9886	9912	9911	10301	10302	10328	10327	
8	9886	9887	9913	9912	10302	10303	10329	10328	
8	9887	9888	9914	9913	10303	10304	10330	10329	
8	9888	9889	9915	9914	10304	10305	10331	10330	
8	9889	9890	9916	9915	10305	10306	10332	10331	
8	9890	9891	9917	9916	10306	10307	10333	10332	
8	9891	9892	9918	9917	10307	10308	10334	10333	
8	9892	9893	9919	9918	10308	10309	10335	10334	
8	9893	9894	9920	9919	10309	10310	10336	10335	
8	9894	9895	9921	9920	10310	10311	10337	10336	
8	9895	9896	9922	9921	10311	10312	10338	10337	
8	9896	9897	9923	9922	10312	10313	10339	10338	
8	9897	9898	9924	9923	10313	10314	10340	10339	
8	9898	9899	9925	9924	10314	10315	10341	10340	
8	9899	9900	9926	9925	10315	10316	10342	10341	
8	9900	9901	9927	9926	10316	10317	10343	10342	
8	9901	9902	9928	9927	10317	10318	10344	10343	
8	9902	9903	9929	9928	10318	10319	10345	10344	
8	9903	9904	9930	9929	10319	10320	10346	10345	
8	9904	9905	9931	9930	10320	10321	10347	10346	
8	9906	9907	9933	9932	10322	10323	10349	10348	
8	9907	9908	9934	9933	10323	10324	10350	10349	
8	9908	9909	9935	9934	10324	10325	10351	10350	
8	9909	9910	9936	9935	10325	10326	10352	10351	
8	9910	9911	9937	9936	10326	10327	10353	10352	
8	9911	9912	9938	9937	10327	10328	10354	10353	
8	9912	9913	9939	9938	10328	10329	10355	10354	
8	9913	9914	9940	9939	10329	10330	10356	10355	
8	9914	9915	9941	9940	10330	10331	10357	10356	
8	9915	9916	9942	9941	10331	10332	10358	10357	
8	9916	9917	9943	9942	10332	10333	10359	10358	
8	9917	9918	9944	9943	10333	10334	10360	10359	
8	9918	9919	9945	9944	10334	10335	10361	10360	
8	9919	9920	9946	9945	10335	10336	10362	10361	
8	9920	9921	9947	9946	10336	10337	10363	10362	
8	9921	9922	9948	9947	10337	10338	10364	10363	
8	9922	9923	9949	9948	10338	10339	10365	10364	
8	9923	9924	9950	9949	10339	10340	10366	10365	
8	9924	9925	9951	9950	10340	10341	10367	10366	
8	9925	9926	9952	9951	10341	10342	10368	10367	
8	9926	9927	9953	9952	10342	10343	10369	10368	
8	9927	9928	9954	9953	10343	10344	10370	10369	
8	9928	9929	9955	9954	10344	10345	10371	10370	
8	9929	9930	9956	9955	10345	10346	10372	10371	
8	9930	9931	9957	9956	10346	10347	10373	10372	
8	9932	9933	9959	9958	10348	10349	10375	10374	
8	9933	9934	9960	9959	10349	10350	10376	10375	
8	9934	9935	9961	9960	10350	10351	10377	10376	
8	9935	9936	9962	9961	10351	10352	10378	10377	
8	9936	9937	9963	9962	10352	10353	10379	10378	
8	9937	9938	9964	9963	10353	10354	10380	10379	
8	9938	9939	9965	9964	10354	10355	10381	10380	
8	9939	9940	9966	9965	10355	10356	10382	10381	
8	9940	9941	9967	9966	10356	10357	10383	10382	
8	9941	9942	9968	9967	10357	10358	10384	10383	
8	9942	9943	9969	9968	10358	10359	10385	10384	
8	9943	9944	9970	9969	10359	10360	10386	10385	
8	9944	9945	9971	9970	10360	10361	10387	10386	
8	9945	9946	9972	9971	10361	10362	10388	10387	
8	9946	9947	9973	9972	10362	10363	10389	10388	
8	9947	9948	9974	9973	10363	10364	10390	10389	
8	9948	9949	9975	9974	10364	10365	10391	10390	
8	9949	9950	9976	9975	10365	10366	10392	10391	
8	9950	9951	9977	9976	10366	10367	10393	10392	
8	9951	9952	9978	9977	10367	10368	10394	10393	
8	9952	9953	9979	9978	10368	10369	10395	10394	
8	9953	9954	9980	9979	10369	10370	10396	10395	
8	9954	9955	9981	9980	10370	10371	10397	10396	
8	9955	9956	9982	9981	10371	10372	10398	10397	
8	9956	9957	9983	9982	10372	10373	10399	10398	
8	9984	9985	10011	10010	10400	10401	10427	10426	
8	9985	9986	10012	10011	10401	10402	10428	10427	
8	9986	9987	10013	10012	10402	10403	10429	10428	
8	9987	9988	10014	10013	10403	10404	10430	10429	
8	9988	9989	10015	10014	10404	10405	10431	10430	
8	9989	9990	10016	10015	10405	10406	10432	10431	
8	9990	9991	10017	10016	10406	10407	10433	10432	
8	9991	9992	10018	10017	10407	10408	10434	10433	
8	9992	9993	10019	10018	10408	10409	10435	10434	
8	9993	9994	10020	10019	10409	10410	10436	10435	
8	9994	9995	10021	10020	10410	10411	10437	10436	
8	9995	9996	10022	10021	10411	10412	10438	10437	
8	9996	9997	10023	10022	10412	10413	10439	10438	
8	9997	9998	10024	10023	10413	10414	10440	10439	
8	9998	9999	10025	10024	10414	10415	10441	10440	
8	9999	10000	10026	10025	10415	10416	10442	10441	
8	10000	10001	10027	10026	10416	10417	10443	10442	
8	10001	10002	10028	10027	10417	10418	10444	10443	
8	10002	10003	10029	10028	10418	10419	10445	10444	
8	10003	10004	10030	10029	10419	10420	10446	10445	
8	10004	10005	10031	10030	10420	10421	10447	10446	
8	10005	10006	10032	10031	10421	10422	10448	10447	
8	10006	10007	10033	10032	10422	10423	10449	10448	
8	10007	10008	10034	10033	10423	10424	10450	10449	
8	10008	10009	10035	10034	10424	10425	10451	10450	
8	10010	10011	10037	10036	10426	10427	10453	10452	
8	10011	10012	10038	10037	10427	10428	10454	10453	
8	10012	10013	10039	10038	10428	10429	10455	10454	
8	10013	10014	10040	10039	10429	10430	10456	10455	
8	10014	10015	10041	10040	10430	10431	10457	10456	
8	10015	10016	10042	10041	10431	10432	10458	10457	
8	10016	10017	10043	10042	10432	10433	10459	10458	
8	10017	10018	10044	10043	10433	10434	10460	10459	
8	10018	10019	10045	10044	10434	10435	10461	10460	
8	10019	10020	10046	10045	10435	10436	10462	10461	
8	10020	10021	10047	10046	10436	10437	10463	10462	
8	10021	10022	10048	10047	10437	10438	10464	10463	
8	10022	10023	10049	10048	10438	10439	10465	10464	
8	10023	10024	10050	10049	10439	10440	10466	10465	
8	10024	10025	10051	10050	10440	10441	10467	10466	
8	10025	10026	10052	10051	10441	10442	10468	10467	
8	10026	10027	10053	10052	10442	10443	10469	10468	
8	10027	10028	10054	10053	10443	10444	10470	10469	
8	10028	10029	10055	10054	10444	10445	10471	10470	
8	10029	10030	10056	10055	10445	10446	10472	10471	
8	10030	10031	10057	10056	10446	10447	10473	10472	
8	10031	10032	10058	10057	10447	10448	10474	10473	
8	10032	10033	10059	10058	10448	10449	10475	10474	
8	10033	10034	10060	10059	10449	10450	10476	10475	
8	10034	10035	10061	10060	10450	10451	10477	10476	
8	10036	10037	10063	10062	10452	10453	10479	10478	
8	10037	10038	10064	10063	10453	10454	10480	10479	
8	10038	10039	10065	10064	10454	10455	10481	10480	
8	10039	10040	10066	10065	10455	10456	10482	10481	
8	10040	10041	10067	10066	10456	10457	10483	10482	
8	10041	10042	10068	10067	10457	10458	10484	10483	
8	10042	10043	10069	10068	10458	10459	10485	10484	
8	10043	10044	10070	10069	10459	10460	10486	10485	
8	10044	10045	10071	10070	10460	10461	10487	10486	
8	10045	10046	10072	10071	10461	10462	10488	10487	
8	10046	10047	10073	10072	10462	10463	10489	10488	
8	10047	10048	10074	10073	10463	10464	10490	10489	
8	10048	10049	10075	10074	10464	10465	10491	10490	
8	10049	10050	10076	10075	10465	10466	10492	10491	
8	10050	10051	10077	10076	10466	10467	10493	10492	
8	10051	10052	10078	10077	10467	10468	10494	10493	
8	10052	10053	10079	10078	10468	10469	10495	10494	
8	10053	10054	10080	10079	10469	10470	10496	10495	
8	10054	10055	10081	10080	10470	10471	10497	10496	
8	10055	10056	10082	10081	10471	10472	10498	10497	
8	10056	10057	10083	10082	10472	10473	10499	10498	
8	10057	10058	10084	10083	10473	10474	10500	10499	
8	10058	10059	10085	10084	10474	10475	10501	10500	
8	10059	10060	10086	10085	10475	10476	10502	10501	
8	10060	10061	10087	10086	10476	10477	10503	10502	
8	10062	10063	10089	10088	10478	10479	10505	10504	
8	10063	10064	10090	10089	10479	10480	10506	10505	
8	10064	10065	10091	10090	10480	10481	10507	10506	
8	10065	10066	10092	10091	10481	10482	10508	10507	
8	10066	10067	10093	10092	10482	10483	10509	10508	
8	10067	10068	10094	10093	10483	10484	10510	10509	
8	10068	10069	10095	10094	10484	10485	10511	10510	
8	10069	10070	10096	10095	10485	10486	10512	10511	
8	10070	10071	10097	10096	10486	10487	10513	10512	
8	10071	10072	10098	10097	10487	10488	10514	10513	
8	10072	10073	10099	10098	10488	10489	10515	10514	
8	10073	10074	10100	10099	10489	10490	10516	10515	
8	10074	10075	10101	10100	10490	10491	10517	10516	
8	10075	10076	10102	10101	10491	10492	10518	10517	
8	10076	10077	10103	10102	10492	10493	10519	10518	
8	10077	10078	10104	10103	10493	10494	10520	10519	
8	10078	10079	10105	10104	10494	10495	10521	10520	
8	10079	10080	10106	10105	10495	10496	10522	10521	
8	10080	10081	10107	10106	10496	10497	10523	10522	
8	10081	10082	10108	10107	10497	10498	10524	10523	
8	10082	10083	10109	10108	10498	10499	10525	10524	
8	10083	10084	10110	10109	10499	10500	10526	10525	
8	10084	10085	10111	10110	10500	10501	10527	10526	
8	10085	10086	10112	10111	10501	10502	10528	10527	
8	10086	10087	10113	10112	10502	10503	10529	10528	
8	10088	10089	10115	10114	10504	10505	10531	10530	
8	10089	10090	10116	10115	10505	10506	10532	10531	
8	10090	10091	10117	10116	10506	10507	10533	10532	
8	10091	10092	10118	10117	10507	10508	10534	10533	
8	10092	10093	10119	10118	10508	10509	10535	10534	
8	10093	10094	10120	10119	10509	10510	10536	10535	
8	10094	10095	10121	10120	10510	10511	10537	10536	
8	10095	10096	10122	10121	10511	10512	10538	10537	
8	10096	10097	10123	10122	10512	10513	10539	10538	
8	10097	10098	10124	10123	10513	10514	10540	10539	
8	10098	10099	10125	10124	10514	10515	10541	10540	
8	10099	10100	10126	10125	10515	10516	10542	10541	
8	10100	10101	10127	10126	10516	10517	10543	10542	
8	10101	10102	10128	10127	10517	10518	10544	10543	
8	10102	10103	10129	10128	10518	10519	10545	10544	
8	10103	10104	10130	10129	10519	10520	10546	10545	
8	10104	10105	10131	10130	10520	10521	10547	10546	
8	10105	10106	10132	10131	10521	10522	10548	10547	
8	10106	10107	10133	10132	10522	10523	10549	10548	
8	10107	10108	10134	10133	10523	10524	10550	10549	
8	10108	10109	10135	10134	10524	10525	10551	10550	
8	10109	10110	10136	10135	10525	10526	10552	10551	
8	10110	10111	10137	10136	10526	10527	10553	10552	
8	10111	10112	10138	10137	10527	10528	10554	10553	
8	10112	10113	10139	10138	10528	10529	10555	10554	
8	10114	10115	10141	10140	10530	10531	10557	10556	
8	10115	10116	10142	10141	10531	10532	10558	10557	
8	10116	10117	10143	10142	10532	10533	10559	10558	
8	10117	10118	10144	10143	10533	10534	10560	10559	
8	10118	10119	10145	10144	10534	10535	10561	10560	
8	10119	10120	10146	10145	10535	10536	10562	10561	
8	10120	10121	10147	10146	10536	10537	10563	10562	
8	10121	10122	10148	10147	10537	10538	10564	10563	
8	10122	10123	10149	10148	10538	10539	10565	10564	
8	10123	10124	10150	10149	10539	10540	10566	10565	
8	10124	10125	10151	10150	10540	10541	10567	10566	
8	10125	10126	10152	10151	10541	10542	10568	10567	
8	10126	10127	10153	10152	10542	10543	10569	10568	
8	10127	10128	10154	10153	10543	10544	10570	10569	
8	10128	10129	10155	10154	10544	10545	10571	10570	
8	10129	10130	10156	10155	10545	10546	10572	10571	
8	10130	10131	10157	10156	10546	10547	10573	10572	
8	10131	10132	10158	10157	10547	10548	10574	10573	
8	10132	10133	10159	10158	10548	10549	10575	10574	
8	10133	10134	10160	10159	10549	10550	10576	10575	
8	10134	10135	10161	10160	10550	10551	10577	10576	
8	10135	10136	10162	10161	10551	10552	10578	10577	
8	10136	10137	10163	10162	10552	10553	10579	10578	
8	10137	10138	10164	10163	10553	10554	10580	10579	
8	10138	10139	10165	10164	10554	10555	10581	10580	
8	10140	10141	10167	10166	10556	10557	10583	10582	
8	10141	10142	10168	10167	10557	10558	10584	10583	
8	10142	10143	10169	10168	10558	10559	10585	10584	
8	10143	10144	10170	10169	10559	10560	10586	10585	
8	10144	10145	10171	10170	10560	10561	10587	10586	
8	10145	10146	10172	10171	10561	10562	10588	10587	
8	10146	10147	10173	10172	10562	10563	10589	10588	
8	10147	10148	10174	10173	10563	10564	10590	10589	
8	10148	10149	10175	10174	10564	10565	10591	10590	
8	10149	10150	10176	10175	10565	10566	10592	10591	
8	10150	10151	10177	10176	10566	10567	10593	10592	
8	10151	10152	10178	10177	10567	10568	10594	10593	
8	10152	10153	10179	10178	10568	10569	10595	10594	
8	10153	10154	10180	10179	10569	10570	10596	10595	
8	10154	10155	10181	10180	10570	10571	10597	10596	
8	10155	10156	10182	10181	10571	10572	10598	10597	
8	10156	10157	10183	10182	10572	10573	10599	10598	
8	10157	10158	10184	10183	10573	10574	10600	10599	
8	10158	10159	10185	10184	10574	10575	10601	10600	
8	10159	10160	10186	10185	10575	10576	10602	10601	
8	10160	10161	10187	10186	10576	10577	10603	10602	
8	10161	10162	10188	10187	10577	10578	10604	10603	
8	10162	10163	10189	10188	10578	10579	10605	10604	
8	10163	10164	10190	10189	10579	10580	10606	10605	
8	10164	10165	10191	10190	10580	10581	10607	10606	
8	10166	10167	10193	10192	10582	10583	10609	10608	
8	10167	10168	10194	10193	10583	10584	10610	10609	
8	10168	10169	10195	10194	10584	10585	10611	10610	
8	10169	10170	10196	10195	10585	10586	10612	10611	
8	10170	10171	10197	10196	10586	10587	10613	10612	
8	10171	10172	10198	10197	10587	10588	10614	10613	
8	10172	10173	10199	10198	10588	10589	10615	10614	
8	10173	10174	10200	10199	10589	10590	10616	10615	
8	10174	10175	10201	10200	10590	10591	10617	10616	
8	10175	10176	10202	10201	10591	10592	10618	10617	
8	10176	10177	10203	10202	10592	10593	10619	10618	
8	10177	10178	10204	10203	10593	10594	10620	10619	
8	10178	10179	10205	10204	10594	10595	10621	10620	
8	10179	10180	10206	10205	10595	10596	10622	10621	
8	10180	10181	10207	10206	10596	10597	10623	10622	
8	10181	10182	10208	10207	10597	10598	10624	10623	
8	10182	10183	10209	10208	10598	10599	10625	10624	
8	10183	10184	10210	10209	10599	10600	10626	10625	
8	10184	10185	10211	10210	10600	10601	10627	10626	
8	10185	10186	10212	10211	10601	10602	10628	10627	
8	10186	10187	10213	10212	10602	10603	10629	10628	
8	10187	10188	10214	10213	10603	10604	10630	10629	
8	10188	10189	10215	10214	10604	10605	10631	10630	
8	10189	10190	10216	10215	10605	10606	10632	10631	
8	10190	10191	10217	10216	10606	10607	10633	10632	
8	10192	10193	10219	10218	10608	10609	10635	10634	
8	10193	10194	10220	10219	10609	10610	10636	10635	
8	10194	10195	10221	10220	10610	10611	10637	10636	
8	10195	10196	10222	10221	10611	10612	10638	10637	
8	10196	10197	10223	10222	10612	10613	10639	10638	
8	10197	10198	10224	10223	10613	10614	10640	10639	
8	10198	10199	10225	10224	10614	10615	10641	10640	
8	10199	10200	10226	10225	10615	10616	10642	10641	
8	10200	10201	10227	10226	10616	10617	10643	10642	
8	10201	10202	10228	10227	10617	10618	10644	10643	
8	10202	10203	10229	10228	10618	10619	10645	10644	
8	10203	10204	10230	10229	10619	10620	10646	10645	
8	10204	10205	10231	10230	10620	10621	10647	10646	
8	10205	10206	10232	10231	10621	10622	10648	10647	
8	10206	10207	10233	10232	10622	10623	10649	10648	
8	10207	10208	10234	10233	10623	10624	10650	10649	
8	10208	10209	10235	10234	10624	10625	10651	10650	
8	10209	10210	10236	10235	10625	10626	10652	10651	
8	10210	10211	10237	10236	10626	10627	10653	10652	
8	10211	10212	10238	10237	10627	10628	10654	10653	
8	10212	10213	10239	10238	10628	10629	10655	10654	
8	10213	10214	10240	10239	10629	10630	10656	10655	
8	10214	10215	10241	10240	10630	10631	10657	10656	
8	10215	10216	10242	10241	10631	10632	10658	10657	
8	10216	10217	10243	10242	10632	10633	10659	10658	
8	10218	10219	10245	10244	10634	10635	10661	10660	
8	10219	10220	10246	10245	10635	10636	10662	10661	
8	10220	10221	10247	10246	10636	10637	10663	10662	
8	10221	10222	10248	10247	10637	10638	10664	10663	
8	10222	10223	10249	10248	10638	10639	10665	10664	
8	10223	10224	10250	10249	10639	10640	10666	10665	
8	10224	10225	10251	10250	10640	10641	10667	10666	
8	10225	10226	10252	10251	10641	10642	10668	10667	
8	10226	10227	10253	10252	10642	10643	10669	10668	
8	10227	10228	10254	10253	10643	10644	10670	10669	
8	10228	10229	10255	10254	10644	10645	10671	10670	
8	10229	10230	10256	10255	10645	10646	10672	10671	
8	10230	10231	10257	10256	10646	10647	10673	10672	
8	10231	10232	10258	10257	10647	10648	10674	10673	
8	10232	10233	10259	10258	10648	10649	10675	10674	
8	10233	10234	10260	10259	10649	10650	10676	10675	
8	10234	10235	10261	10260	10650	10651	10677	10676	
8	10235	10236	10262	10261	10651	10652	10678	10677	
8	10236	10237	10263	10262	10652	10653	10679	10678	
8	10237	10238	10264	10263	10653	10654	10680	10679	
8	10238	10239	10265	10264	10654	10655	10681	10680	
8	10239	10240	10266	10265	10655	10656	10682	10681	
8	10240	10241	10267	10266	10656	10657	10683	10682	
8	10241	10242	10268	10267	10657	10658	10684	10683	
8	10242	10243	10269	10268	10658	10659	10685	10684	
8	10244	10245	10271	10270	10660	10661	10687	10686	
8	10245	10246	10272	10271	10661	10662	10688	10687	
8	10246	10247	10273	10272	10662	10663	10689	10688	
8	10247	10248	10274	10273	10663	10664	10690	10689	
8	10248	10249	10275	10274	10664	10665	10691	10690	
8	10249	10250	10276	10275	10665	10666	10692	10691	
8	10250	10251	10277	10276	10666	10667	10693	10692	
8	10251	10252	10278	10277	10667	10668	10694	10693	
8	10252	10253	10279	10278	10668	10669	10695	10694	
8	10253	10254	10280	10279	10669	10670	10696	10695	
8	10254	10255	10281	10280	10670	10671	10697	10696	
8	10255	10256	10282	10281	10671	10672	10698	10697	
8	10256	10257	10283	10282	10672	10673	10699	10698	
8	10257	10258	10284	10283	10673	10674	10700	10699	
8	10258	10259	10285	10284	10674	10675	10701	10700	
8	10259	10260	10286	10285	10675	10676	10702	10701	
8	10260	10261	10287	10286	10676	10677	10703	10702	
8	10261	10262	10288	10287	10677	10678	10704	10703	
8	10262	10263	10289	10288	10678	10679	10705	10704	
8	10263	10264	10290	10289	10679	10680	10706	10705	
8	10264	10265	10291	10290	10680	10681	10707	10706	
8	10265	10266	10292	10291	10681	10682	10708	10707	
8	10266	10267	10293	10292	10682	10683	10709	10708	
8	10267	10268	10294	10293	10683	10684	10710	10709	
8	10268	10269	10295	10294	10684	10685	10711	10710	
8	10270	10271	10297	10296	10686	10687	10713	10712	
8	10271	10272	10298	10297	10687	10688	10714	10713	
8	10272	10273	10299	10298	10688	10689	10715	10714	
8	10273	10274	10300	10299	10689	10690	10716	10715	
8	10274	10275	10301	10300	10690	10691	10717	10716	
8	10275	10276	10302	10301	10691	10692	10718	10717	
8	10276	10277	10303	10302	10692	10693	10719	10718	
8	10277	10278	10304	10303	10693	10694	10720	10719	
8	10278	10279	10305	10304	10694	10695	10721	10720	
8	10279	10280	10306	10305	10695	10696	10722	10721	
8	10280	10281	10307	10306	10696	10697	10723	10722	
8	10281	10282	10308	10307	10697	10698	10724	10723	
8	10282	10283	10309	10308	10698	10699	10725	10724	
8	10283	10284	10310	10309	10699	10700	10726	10725	
8	10284	10285	10311	10310	10700	10701	10727	10726	
8	10285	10286	10312	10311	10701	10702	10728	10727	
8	10286	10287	10313	10312	10702	10703	10729	10728	
8	10287	10288	10314	10313	10703	10704	10730	10729	
8	10288	10289	10315	10314	10704	10705	10731	10730	
8	10289	10290	10316	10315	10705	10706	10732	10731	
8	10290	10291	10317	10316	10706	10707	10733	10732	
8	10291	10292	10318	10317	10707	10708	10734	10733	
8	10292	10293	10319	10318	10708	10709	10735	10734	
8	10293	10294	10320	10319	10709	10710	10736	10735	
8	10294	10295	10321	10320	10710	10711	10737	10736	
8	10296	10297	10323	10322	10712	10713	10739	10738	
8	10297	10298	10324	10323	10713	10714	10740	10739	
8	10298	10299	10325	10324	10714	10715	10741	10740	
8	10299	10300	10326	10325	10715	10716	10742	10741	
8	10300	10301	10327	10326	10716	10717	10743	10742	
8	10301	10302	10328	10327	10717	10718	10744	10743	
8	10302	10303	10329	10328	10718	10719	10745	10744	
8	10303	10304	10330	10329	10719	10720	10746	10745	
8	10304	10305	10331	10330	10720	10721	10747	10746	
8	10305	10306	10332	10331	10721	10722	10748	10747	
8	10306	10307	10333	10332	10722	10723	10749	10748	
8	10307	10308	10334	10333	10723	10724	10750	10749	
8	10308	10309	10335	10334	10724	10725	10751	10750	
8	10309	10310	10336	10335	10725	10726	10752	10751	
8	10310	10311	10337	10336	10726	10727	10753	10752	
8	10311	10312	10338	10337	10727	10728	10754	10753	
8	10312	10313	10339	10338	10728	10729	10755	10754	
8	10313	10314	10340	10339	10729	10730	10756	10755	
8	10314	10315	10341	10340	10730	10731	10757	10756	
8	10315	10316	10342	10341	10731	10732	10758	10757	
8	10316	10317	10343	10342	10732	10733	10759	10758	
8	10317	10318	10344	10343	10733	10734	10760	10759	
8	10318	10319	10345	10344	10734	10735	10761	10760	
8	10319	10320	10346	10345	10735	10736	10762	10761	
8	10320	10321	10347	10346	10736	10737	10763	10762	
8	10322	10323	10349	10348	10738	10739	10765	10764	
8	10323	10324	10350	10349	10739	10740	10766	10765	
8	10324	10325	10351	10350	10740	10741	10767	10766	
8	10325	10326	10352	10351	10741	10742	10768	10767	
8	10326	10327	10353	10352	10742	10743	10769	10768	
8	10327	10328	10354	10353	10743	10744	10770	10769	
8	10328	10329	10355	10354	10744	10745	10771	10770	
8	10329	10330	10356	10355	10745	10746	10772	10771	
8	10330	10331	10357	10356	10746	10747	10773	10772	
8	10331	10332	10358	10357	10747	10748	10774	10773	
8	10332	10333	10359	10358	10748	10749	10775	10774	
8	10333	10334	10360	10359	10749	10750	10776	10775	
8	10334	10335	10361	10360	10750	10751	10777	10776	
8	10335	10336	10362	10361	10751	10752	10778	10777	
8	10336	10337	10363	10362	10752	10753	10779	10778	
8	10337	10338	10364	10363	10753	10754	10780	10779	
8	10338	10339	10365	10364	10754	10755	10781	10780	
8	10339	10340	10366	10365	10755	10756	10782	10781	
8	10340	10341	10367	10366	10756	10757	10783	10782	
8	10341	10342	10368	10367	10757	10758	10784	10783	
8	10342	10343	10369	10368	10758	10759	10785	10784	
8	10343	10344	10370	10369	10759	10760	10786	10785	
8	10344	10345	10371	10370	10760	10761	10787	10786	
8	10345	10346	10372	10371	10761	10762	10788	10787	
8	10346	10347	10373	10372	10762	10763	10789	10788	
8	10348	10349	10375	10374	10764	10765	10791	10790	
8	10349	10350	10376	10375	10765	10766	10792	10791	
8	10350	10351	10377	10376	10766	10767	10793	10792	
8	10351	10352	10378	10377	10767	10768	10794	10793	
8	10352	10353	10379	10378	10768	10769	10795	10794	
8	10353	10354	10380	10379	10769	10770	10796	10795	
8	10354	10355	10381	10380	10770	10771	10797	10796	
8	10355	10356	10382	10381	10771	10772	10798	10797	
8	10356	10357	10383	10382	10772	10773	10799	10798	
8	10357	10358	10384	10383	10773	10774	10800	10799	
8	10358	10359	10385	10384	10774	10775	10801	10800	
8	10359	10360	10386	10385	10775	10776	10802	10801	
8	10360	10361	10387	10386	10776	10777	10803	10802	
8	10361	10362	10388	10387	10777	10778	10804	10803	
8	10362	10363	10389	10388	10778	10779	10805	10804	
8	10363	10364	10390	10389	10779	10780	10806	10805	
8	10364	10365	10391	10390	10780	10781	10807	10806	
8	10365	10366	10392	10391	10781	10782	10808	10807	
8	10366	10367	10393	10392	10782	10783	10809	10808	
8	10367	10368	10394	10393	10783	10784	10810	10809	
8	10368	10369	10395	10394	10784	10785	10811	10810	
8	10369	10370	10396	10395	10785	10786	10812	10811	
8	10370	10371	10397	10396	10786	10787	10813	10812	
8	10371	10372	10398	10397	10787	10788	10814	10813	
8	10372	10373	10399	10398	10788	10789	10815	10814	
8	10400	10401	10427	10426	10816	10817	10843	10842	
8	10401	10402	10428	10427	10817	10818	10844	10843	
8	10402	10403	10429	10428	10818	10819	10845	10844	
8	10403	10404	10430	10429	10819	10820	10846	10845	
8	10404	10405	10431	10430	10820	10821	10847	10846	
8	10405	10406	10432	10431	10821	10822	10848	10847	
8	10406	10407	10433	10432	10822	10823	10849	10848	
8	10407	10408	10434	10433	10823	10824	10850	10849	
8	10408	10409	10435	10434	10824	10825	10851	10850	
8	10409	10410	10436	10435	10825	10826	10852	10851	
8	10410	10411	10437	10436	10826	10827	10853	10852	
8	10411	10412	10438	10437	10827	10828	10854	10853	
8	10412	10413	10439	10438	10828	10829	10855	10854	
8	10413	10414	10440	10439	10829	10830	10856	10855	
8	10414	10415	10441	10440	10830	10831	10857	10856	
8	10415	10416	10442	10441	10831	10832	10858	10857	
8	10416	10417	10443	10442	10832	10833	10859	10858	
8	10417	10418	10444	10443	10833	10834	10860	10859	
8	10418	10419	10445	10444	10834	10835	10861	10860	
8	10419	10420	10446	10445	10835	10836	10862	10861	
8	10420	10421	10447	10446	10836	10837	10863	10862	
8	10421	10422	10448	10447	10837	10838	10864	10863	
8	10422	10423	10449	10448	10838	10839	10865	10864	
8	10423	10424	10450	10449	10839	10840	10866	10865	
8	10424	10425	10451	10450	10840	10841	10867	10866	
8	10426	10427	10453	10452	10842	10843	10869	10868	
8	10427	10428	10454	10453	10843	10844	10870	10869	
8	10428	10429	10455	10454	10844	10845	10871	10870	
8	10429	10430	10456	10455	10845	10846	10872	10871	
8	10430	10431	10457	10456	10846	10847	10873	10872	
8	10431	10432	10458	10457	10847	10848	10874	10873	
8	10432	10433	10459	10458	10848	10849	10875	10874	
8	10433	10434	10460	10459	10849	10850	10876	10875	
8	10434	10435	10461	10460	10850	10851	10877	10876	
8	10435	10436	10462	10461	10851	10852	10878	10877	
8	10436	10437	10463	10462	10852	10853	10879	10878	
8	10437	10438	10464	10463	10853	10854	10880	10879	
8	10438	10439	10465	10464	10854	10855	10881	10880	
8	10439	10440	10466	10465	10855	10856	10882	10881	
8	10440	10441	10467	10466	10856	10857	10883	10882	
8	10441	10442	10468	10467	10857	10858	10884	10883	
8	10442	10443	10469	10468	10858	10859	10885	10884	
8	10443	10444	10470	10469	10859	10860	10886	10885	
8	10444	10445	10471	10470	10860	10861	10887	10886	
8	10445	10446	10472	10471	10861	10862	10888	10887	
8	10446	10447	10473	10472	10862	10863	10889	10888	
8	10447	10448	10474	10473	10863	10864	10890	10889	
8	10448	10449	10475	10474	10864	10865	10891	10890	
8	10449	10450	10476	10475	10865	10866	10892	10891	
8	10450	10451	10477	10476	10866	10867	10893	10892	
8	10452	10453	10479	10478	10868	10869	10895	10894	
8	10453	10454	10480	10479	10869	10870	10896	10895	
8	10454	10455	10481	10480	10870	10871	10897	10896	
8	10455	10456	10482	10481	10871	10872	10898	10897	
8	10456	10457	10483	10482	10872	10873	10899	10898	
8	10457	10458	10484	10483	10873	10874	10900	10899	
8	10458	10459	10485	10484	10874	10875	10901	10900	
8	10459	10460	10486	10485	10875	10876	10902	10901	
8	10460	10461	10487	10486	10876	10877	10903	10902	
8	10461	10462	10488	10487	10877	10878	10904	10903	
8	10462	10463	10489	10488	10878	10879	10905	10904	
8	10463	10464	10490	10489	10879	10880	10906	10905	
8	10464	10465	10491	10490	10880	10881	10907	10906	
8	10465	10466	10492	10491	10881	10882	10908	10907	
8	10466	10467	10493	10492	10882	10883	10909	10908	
8	10467	10468	10494	10493	10883	10884	10910	10909	
8	10468	10469	10495	10494	10884	10885	10911	10910	
8	10469	10470	10496	10495	10885	10886	10912	10911	
8	10470	10471	10497	10496	10886	10887	10913	10912	
8	10471	10472	10498	10497	10887	10888	10914	10913	
8	10472	10473	10499	10498	10888	10889	10915	10914	
8	10473	10474	10500	10499	10889	10890	10916	10915	
8	10474	10475	10501	10500	10890	10891	10917	10916	
8	10475	10476	10502	10501	10891	10892	10918	10917	
8	10476	10477	10503	10502	10892	10893	10919	10918	
8	10478	10479	10505	10504	10894	10895	10921	10920	
8	10479	10480	10506	10505	10895	10896	10922	10921	
8	10480	10481	10507	10506	10896	10897	10923	10922	
8	10481	10482	10508	10507	10897	10898	10924	10923	
8	10482	10483	10509	10508	10898	10899	10925	10924	
8	10483	10484	10510	10509	10899	10900	10926	10925	
8	10484	10485	10511	10510	10900	10901	10927	10926	
8	10485	10486	10512	10511	10901	10902	10928	10927	
8	10486	10487	10513	10512	10902	10903	10929	10928	
8	10487	10488	10514	10513	10903	10904	10930	10929	
8	10488	10489	10515	10514	10904	10905	10931	10930	
8	10489	10490	10516	10515	10905	10906	10932	10931	
8	10490	10491	10517	10516	10906	10907	10933	10932	
8	10491	10492	10518	10517	10907	10908	10934	10933	
8	10492	10493	10519	10518	10908	10909	10935	10934	
8	10493	10494	10520	10519	10909	10910	10936	10935	
8	10494	10495	10521	10520	10910	10911	10937	10936	
8	10495	10496	10522	10521	10911	10912	10938	10937	
8	10496	10497	10523	10522	10912	10913	10939	10938	
8	10497	10498	10524	10523	10913	10914	10940	10939	
8	10498	10499	10525	10524	10914	10915	10941	10940	
8	10499	10500	10526	10525	10915	10916	10942	10941	
8	10500	10501	10527	10526	10916	10917	10943	10942	
8	10501	10502	10528	10527	10917	10918	10944	10943	
8	10502	10503	10529	10528	10918	10919	10945	10944	
8	10504	10505	10531	10530	10920	10921	10947	10946	
8	10505	10506	10532	10531	10921	10922	10948	10947	
8	10506	10507	10533	10532	10922	10923	10949	10948	
8	10507	10508	10534	10533	10923	10924	10950	10949	
8	10508	10509	10535	10534	10924	10925	10951	10950	
8	10509	10510	10536	10535	10925	10926	10952	10951	
8	10510	10511	10537	10536	10926	10927	10953	10952	
8	10511	10512	10538	10537	10927	10928	10954	10953	
8	10512	10513	10539	10538	10928	10929	10955	10954	
8	10513	10514	10540	10539	10929	10930	10956	10955	
8	10514	10515	10541	10540	10930	10931	10957	10956	
8	10515	10516	10542	10541	10931	10932	10958	10957	
8	10516	10517	10543	10542	10932	10933	10959	10958	
8	10517	10518	10544	10543	10933	10934	10960	10959	
8	10518	10519	10545	10544	10934	10935	10961	10960	
8	10519	10520	10546	10545	10935	10936	10962	10961	
8	10520	10521	10547	10546	10936	10937	10963	10962	
8	10521	10522	10548	10547	10937	10938	10964	10963	
8	10522	10523	10549	10548	10938	10939	10965	10964	
8	10523	10524	10550	10549	10939	10940	10966	10965	
8	10524	10525	10551	10550	10940	10941	10967	10966	
8	10525	10526	10552	10551	10941	10942	10968	10967	
8	10526	10527	10553	10552	10942	10943	10969	10968	
8	10527	10528	10554	10553	10943	10944	10970	10969	
8	10528	10529	10555	10554	10944	10945	10971	10970	
8	10530	10531	10557	10556	10946	10947	10973	10972	
8	10531	10532	10558	10557	10947	10948	10974	10973	
8	10532	10533	10559	10558	10948	10949	10975	10974	
8	10533	10534	10560	10559	10949	10950	10976	10975	
8	10534	10535	10561	10560	10950	10951	10977	10976	
8	10535	10536	10562	10561	10951	10952	10978	10977	
8	10536	10537	10563	10562	10952	10953	10979	10978	
8	10537	10538	10564	10563	10953	10954	10980	10979	
8	10538	10539	10565	10564	10954	10955	10981	10980	
8	10539	10540	10566	10565	10955	10956	10982	10981	
8	10540	10541	10567	10566	10956	10957	10983	10982	
8	10541	10542	10568	10567	10957	10958	10984	10983	
8	10542	10543	10569	10568	10958	10959	10985	10984	
8	10543	10544	10570	10569	10959	10960	10986	10985	
8	10544	10545	10571	10570	10960	10961	10987	10986	
8	10545	10546	10572	10571	10961	10962	10988	10987	
8	10546	10547	10573	10572	10962	10963	10989	10988	
8	10547	10548	10574	10573	10963	10964	10990	10989	
8	10548	10549	10575	10574	10964	10965	10991	10990	
8	10549	10550	10576	10575	10965	10966	10992	10991	
8	10550	10551	10577	10576	10966	10967	10993	10992	
8	10551	10552	10578	10577	10967	10968	10994	10993	
8	10552	10553	10579	10578	10968	10969	10995	10994	
8	10553	10554	10580	10579	10969	10970	10996	10995	
8	10554	10555	10581	10580	10970	10971	10997	10996	
8	10556	10557	10583	10582	10972	10973	10999	10998	
8	10557	10558	10584	10583	10973	10974	11000	10999	
8	10558	10559	10585	10584	10974	10975	11001	11000	
8	10559	10560	10586	10585	10975	10976	11002	11001	
8	10560	10561	10587	10586	10976	10977	11003	11002	
8	10561	10562	10588	10587	10977	10978	11004	11003	
8	10562	10563	10589	10588	10978	10979	11005	11004	
8	10563	10564	10590	10589	10979	10980	11006	11005	
8	10564	10565	10591	10590	10980	10981	11007	11006	
8	10565	10566	10592	10591	10981	10982	11008	11007	
8	10566	10567	10593	10592	10982	10983	11009	11008	
8	10567	10568	10594	10593	10983	10984	11010	11009	
8	10568	10569	10595	10594	10984	10985	11011	11010	
8	10569	10570	10596	10595	10985	10986	11012	11011	
8	10570	10571	10597	10596	10986	10987	11013	11012	
8	10571	10572	10598	10597	10987	10988	11014	11013	
8	10572	10573	10599	10598	10988	10989	11015	11014	
8	10573	10574	10600	10599	10989	10990	11016	11015	
8	10574	10575	10601	10600	10990	10991	11017	11016	
8	10575	10576	10602	10601	10991	10992	11018	11017	
8	10576	10577	10603	10602	10992	10993	11019	11018	
8	10577	10578	10604	10603	10993	10994	11020	11019	
8	10578	10579	10605	10604	10994	10995	11021	11020	
8	10579	10580	10606	10605	10995	10996	11022	11021	
8	10580	10581	10607	10606	10996	10997	11023	11022	
8	10582	10583	10609	10608	10998	10999	11025	11024	
8	10583	10584	10610	10609	10999	11000	11026	11025	
8	10584	10585	10611	10610	11000	11001	11027	11026	
8	10585	10586	10612	10611	11001	11002	11028	11027	
8	10586	10587	10613	10612	11002	11003	11029	11028	
8	10587	10588	10614	10613	11003	11004	11030	11029	
8	10588	10589	10615	10614	11004	11005	11031	11030	
8	10589	10590	10616	10615	11005	11006	11032	11031	
8	10590	10591	10617	10616	11006	11007	11033	11032	
8	10591	10592	10618	10617	11007	11008	11034	11033	
8	10592	10593	10619	10618	11008	11009	11035	11034	
8	10593	10594	10620	10619	11009	11010	11036	11035	
8	10594	10595	10621	10620	11010	11011	11037	11036	
8	10595	10596	10622	10621	11011	11012	11038	11037	
8	10596	10597	10623	10622	11012	11013	11039	11038	
8	10597	10598	10624	10623	11013	11014	11040	11039	
8	10598	10599	10625	10624	11014	11015	11041	11040	
8	10599	10600	10626	10625	11015	11016	11042	11041	
8	10600	10601	10627	10626	11016	11017	11043	11042	
8	10601	10602	10628	10627	11017	11018	11044	11043	
8	10602	10603	10629	10628	11018	11019	11045	11044	
8	10603	10604	10630	10629	11019	11020	11046	11045	
8	10604	10605	10631	10630	11020	11021	11047	11046	
8	10605	10606	10632	10631	11021	11022	11048	11047	
8	10606	10607	10633	10632	11022	11023	11049	11048	
8	10608	10609	10635	10634	11024	11025	11051	11050	
8	10609	10610	10636	10635	11025	11026	11052	11051	
8	10610	10611	10637	10636	11026	11027	11053	11052	
8	10611	10612	10638	10637	11027	11028	11054	11053	
8	10612	10613	10639	10638	11028	11029	11055	11054	
8	10613	10614	10640	10639	11029	11030	11056	11055	
8	10614	10615	10641	10640	11030	11031	11057	11056	
8	10615	10616	10642	10641	11031	11032	11058	11057	
8	10616	10617	10643	10642	11032	11033	11059	11058	
8	10617	10618	10644	10643	11033	11034	11060	11059	
8	10618	10619	10645	10644	11034	11035	11061	11060	
8	10619	10620	10646	10645	11035	11036	11062	11061	
8	10620	10621	10647	10646	11036	11037	11063	11062	
8	10621	10622	10648	10647	11037	11038	11064	11063	
8	10622	10623	10649	10648	11038	11039	11065	11064	
8	10623	10624	10650	10649	11039	11040	11066	11065	
8	10624	10625	10651	10650	11040	11041	11067	11066	
8	10625	10626	10652	10651	11041	11042	11068	11067	
8	10626	10627	10653	10652	11042	11043	11069	11068	
8	10627	10628	10654	10653	11043	11044	11070	11069	
8	10628	10629	10655	10654	11044	11045	11071	11070	
8	10629	10630	10656	10655	11045	11046	11072	11071	
8	10630	10631	10657	10656	11046	11047	11073	11072	
8	10631	10632	10658	10657	11047	11048	11074	11073	
8	10632	10633	10659	10658	11048	11049	11075	11074	
8	10634	10635	10661	10660	11050	11051	11077	11076	
8	10635	10636	10662	10661	11051	11052	11078	11077	
8	10636	10637	10663	10662	11052	11053	11079	11078	
8	10637	10638	10664	10663	11053	11054	11080	11079	
8	10638	10639	10665	10664	11054	11055	11081	11080	
8	10639	10640	10666	10665	11055	11056	11082	11081	
8	10640	10641	10667	10666	11056	11057	11083	11082	
8	10641	10642	10668	10667	11057	11058	11084	11083	
8	10642	10643	10669	10668	11058	11059	11085	11084	
8	10643	10644	10670	10669	11059	11060	11086	11085	
8	10644	10645	10671	10670	11060	11061	11087	11086	
8	10645	10646	10672	10671	11061	11062	11088	11087	
8	10646	10647	10673	10672	11062	11063	11089	11088	
8	10647	10648	10674	10673	11063	11064	11090	11089	
8	10648	10649	10675	10674	11064	11065	11091	11090	
8	10649	10650	10676	10675	11065	11066	11092	11091	
8	10650	10651	10677	10676	11066	11067	11093	11092	
8	10651	10652	10678	10677	11067	11068	11094	11093	
8	10652	10653	10679	10678	11068	11069	11095	11094	
8	10653	10654	10680	10679	11069	11070	11096	11095	
8	10654	10655	10681	10680	11070	11071	11097	11096	
8	10655	10656	10682	10681	11071	11072	11098	11097	
8	10656	10657	10683	10682	11072	11073	11099	11098	
8	10657	10658	10684	10683	11073	11074	11100	11099	
8	10658	10659	10685	10684	11074	11075	11101	11100	
8	10660	10661	10687	10686	11076	11077	11103	11102	
8	10661	10662	10688	10687	11077	11078	11104	11103	
8	10662	10663	10689	10688	11078	11079	11105	11104	
8	10663	10664	10690	10689	11079	11080	11106	11105	
8	10664	10665	10691	10690	11080	11081	11107	11106	
8	10665	10666	10692	10691	11081	11082	11108	11107	
8	10666	10667	10693	10692	11082	11083	11109	11108	
8	10667	10668	10694	10693	11083	11084	11110	11109	
8	10668	10669	10695	10694	11084	11085	11111	11110	
8	10669	10670	10696	10695	11085	11086	11112	11111	
8	10670	10671	10697	10696	11086	11087	11113	11112	
8	10671	10672	10698	10697	11087	11088	11114	11113	
8	10672	10673	10699	10698	11088	11089	11115	11114	
8	10673	10674	10700	10699	11089	11090	11116	11115	
8	10674	10675	10701	10700	11090	11091	11117	11116	
8	10675	10676	10702	10701	11091	11092	11118	11117	
8	10676	10677	10703	10702	11092	11093	11119	11118	
8	10677	10678	10704	10703	11093	11094	11120	11119	
8	10678	10679	10705	10704	11094	11095	11121	11120	
8	10679	10680	10706	10705	11095	11096	11122	11121	
8	10680	10681	10707	10706	11096	11097	11123	11122	
8	10681	10682	10708	10707	11097	11098	11124	11123	
8	10682	10683	10709	10708	11098	11099	11125	11124	
8	10683	10684	10710	10709	11099	11100	11126	11125	
8	10684	10685	10711	10710	11100	11101	11127	11126	
8	10686	10687	10713	10712	11102	11103	11129	11128	
8	10687	10688	10714	10713	11103	11104	11130	11129	
8	10688	10689	10715	10714	11104	11105	11131	11130	
8	10689	10690	10716	10715	11105	11106	11132	11131	
8	10690	10691	10717	10716	11106	11107	11133	11132	
8	10691	10692	10718	10717	11107	11108	11134	11133	
8	10692	10693	10719	10718	11108	11109	11135	11134	
8	10693	10694	10720	10719	11109	11110	11136	11135	
8	10694	10695	10721	10720	11110	11111	11137	11136	
8	10695	10696	10722	10721	11111	11112	11138	11137	
8	10696	10697	10723	10722	11112	11113	11139	11138	
8	10697	10698	10724	10723	11113	11114	11140	11139	
8	10698	10699	10725	10724	11114	11115	11141	11140	
8	10699	10700	10726	10725	11115	11116	11142	11141	
8	10700	10701	10727	10726	11116	11117	11143	11142	
8	10701	10702	10728	10727	11117	11118	11144	11143	
8	10702	10703	10729	10728	11118	11119	11145	11144	
8	10703	10704	10730	10729	11119	11120	11146	11145	
8	10704	10705	10731	10730	11120	11121	11147	11146	
8	10705	10706	10732	10731	11121	11122	11148	11147	
8	10706	10707	10733	10732	11122	11123	11149	11148	
8	10707	10708	10734	10733	11123	11124	11150	11149	
8	10708	10709	10735	10734	11124	11125	11151	11150	
8	10709	10710	10736	10735	11125	11126	11152	11151	
8	10710	10711	10737	10736	11126	11127	11153	11152	
8	10712	10713	10739	10738	11128	11129	11155	11154	
8	10713	10714	10740	10739	11129	11130	11156	11155	
8	10714	10715	10741	10740	11130	11131	11157	11156	
8	10715	10716	10742	10741	11131	11132	11158	11157	
8	10716	10717	10743	10742	11132	11133	11159	11158	
8	10717	10718	10744	10743	11133	11134	11160	11159	
8	10718	10719	10745	10744	11134	11135	11161	11160	
8	10719	10720	10746	10745	11135	11136	11162	11161	
8	10720	10721	10747	10746	11136	11137	11163	11162	
8	10721	10722	10748	10747	11137	11138	11164	11163	
8	10722	10723	10749	10748	11138	11139	11165	11164	
8	10723	10724	10750	10749	11139	11140	11166	11165	
8	10724	10725	10751	10750	11140	11141	11167	11166	
8	10725	10726	10752	10751	11141	11142	11168	11167	
8	10726	10727	10753	10752	11142	11143	11169	11168	
8	10727	10728	10754	10753	11143	11144	11170	11169	
8	10728	10729	10755	10754	11144	11145	11171	11170	
8	10729	10730	10756	10755	11145	11146	11172	11171	
8	10730	10731	10757	10756	11146	11147	11173	11172	
8	10731	10732	10758	10757	11147	11148	11174	11173	
8	10732	10733	10759	10758	11148	11149	11175	11174	
8	10733	10734	10760	10759	11149	11150	11176	11175	
8	10734	10735	10761	10760	11150	11151	11177	11176	
8	10735	10736	10762	10761	11151	11152	11178	11177	
8	10736	10737	10763	10762	11152	11153	11179	11178	
8	10738	10739	10765	10764	11154	11155	11181	11180	
8	10739	10740	10766	10765	11155	11156	11182	11181	
8	10740	10741	10767	10766	11156	11157	11183	11182	
8	10741	10742	10768	10767	11157	11158	11184	11183	
8	10742	10743	10769	10768	11158	11159	11185	11184	
8	10743	10744	10770	10769	11159	11160	11186	11185	
8	10744	10745	10771	10770	11160	11161	11187	11186	
8	10745	10746	10772	10771	11161	11162	11188	11187	
8	10746	10747	10773	10772	11162	11163	11189	11188	
8	10747	10748	10774	10773	11163	11164	11190	11189	
8	10748	10749	10775	10774	11164	11165	11191	11190	
8	10749	10750	10776	10775	11165	11166	11192	11191	
8	10750	10751	10777	10776	11166	11167	11193	11192	
8	10751	10752	10778	10777	11167	11168	11194	11193	
8	10752	10753	10779	10778	11168	11169	11195	11194	
8	10753	10754	10780	10779	11169	11170	11196	11195	
8	10754	10755	10781	10780	11170	11171	11197	11196	
8	10755	10756	10782	10781	11171	11172	11198	11197	
8	10756	10757	10783	10782	11172	11173	11199	11198	
8	10757	10758	10784	10783	11173	11174	11200	11199	
8	10758	10759	10785	10784	11174	11175	11201	11200	
8	10759	10760	10786	10785	11175	11176	11202	11201	
8	10760	10761	10787	10786	11176	11177	11203	11202	
8	10761	10762	10788	10787	11177	11178	11204	11203	
8	10762	10763	10789	10788	11178	11179	11205	11204	
8	10764	10765	10791	10790	11180	11181	11207	11206	
8	10765	10766	10792	10791	11181	11182	11208	11207	
8	10766	10767	10793	10792	11182	11183	11209	11208	
8	10767	10768	10794	10793	11183	11184	11210	11209	
8	10768	10769	10795	10794	11184	11185	11211	11210	
8	10769	10770	10796	10795	11185	11186	11212	11211	
8	10770	10771	10797	10796	11186	11187	11213	11212	
8	10771	10772	10798	10797	11187	11188	11214	11213	
8	10772	10773	10799	10798	11188	11189	11215	11214	
8	10773	10774	10800	10799	11189	11190	11216	11215	
8	10774	10775	10801	10800	11190	11191	11217	11216	
8	10775	10776	10802	10801	11191	11192	11218	11217	
8	10776	10777	10803	10802	11192	11193	11219	11218	
8	10777	10778	10804	10803	11193	11194	11220	11219	
8	10778	10779	10805	10804	11194	11195	11221	11220	
8	10779	10780	10806	10805	11195	11196	11222	11221	
8	10780	10781	10807	10806	11196	11197	11223	11222	
8	10781	10782	10808	10807	11197	11198	11224	11223	
8	10782	10783	10809	10808	11198	11199	11225	11224	
8	10783	10784	10810	10809	11199	11200	11226	11225	
8	10784	10785	10811	10810	11200	11201	11227	11226	
8	10785	10786	10812	10811	11201	11202	11228	11227	
8	10786	10787	10813	10812	11202	11203	11229	11228	
8	10787	10788	10814	10813	11203	11204	11230	11229	
8	10788	10789	10815	10814	11204	11205	11231	11230	
8	10816	10817	10843	10842	11232	11233	11259	11258	
8	10817	10818	10844	10843	11233	11234	11260	11259	
8	10818	10819	10845	10844	11234	11235	11261	11260	
8	10819	10820	10846	10845	11235	11236	11262	11261	
8	10820	10821	10847	10846	11236	11237	11263	11262	
8	10821	10822	10848	10847	11237	11238	11264	11263	
8	10822	10823	10849	10848	11238	11239	11265	11264	
8	10823	10824	10850	10849	11239	11240	11266	11265	
8	10824	10825	10851	10850	11240	11241	11267	11266	
8	10825	10826	10852	10851	11241	11242	11268	11267	
8	10826	10827	10853	10852	11242	11243	11269	11268	
8	10827	10828	10854	10853	11243	11244	11270	11269	
8	10828	10829	10855	10854	11244	11245	11271	11270	
8	10829	10830	10856	10855	11245	11246	11272	11271	
8	10830	10831	10857	10856	11246	11247	11273	11272	
8	10831	10832	10858	10857	11247	11248	11274	11273	
8	10832	10833	10859	10858	11248	11249	11275	11274	
8	10833	10834	10860	10859	11249	11250	11276	11275	
8	10834	10835	10861	10860	11250	11251	11277	11276	
8	10835	10836	10862	10861	11251	11252	11278	11277	
8	10836	10837	10863	10862	11252	11253	11279	11278	
8	10837	10838	10864	10863	11253	11254	11280	11279	
8	10838	10839	10865	10864	11254	11255	11281	11280	
8	10839	10840	10866	10865	11255	11256	11282	11281	
8	10840	10841	10867	10866	11256	11257	11283	11282	
8	10842	10843	10869	10868	11258	11259	11285	11284	
8	10843	10844	10870	10869	11259	11260	11286	11285	
8	10844	10845	10871	10870	11260	11261	11287	11286	
8	10845	10846	10872	10871	11261	11262	11288	11287	
8	10846	10847	10873	10872	11262	11263	11289	11288	
8	10847	10848	10874	10873	11263	11264	11290	11289	
8	10848	10849	10875	10874	11264	11265	11291	11290	
8	10849	10850	10876	10875	11265	11266	11292	11291	
8	10850	10851	10877	10876	11266	11267	11293	11292	
8	10851	10852	10878	10877	11267	11268	11294	11293	
8	10852	10853	10879	10878	11268	11269	11295	11294	
8	10853	10854	10880	10879	11269	11270	11296	11295	
8	10854	10855	10881	10880	11270	11271	11297	11296	
8	10855	10856	10882	10881	11271	11272	11298	11297	
8	10856	10857	10883	10882	11272	11273	11299	11298	
8	10857	10858	10884	10883	11273	11274	11300	11299	
8	10858	10859	10885	10884	11274	11275	11301	11300	
8	10859	10860	10886	10885	11275	11276	11302	11301	
8	10860	10861	10887	10886	11276	11277	11303	11302	
8	10861	10862	10888	10887	11277	11278	11304	11303	
8	10862	10863	10889	10888	11278	11279	11305	11304	
8	10863	10864	10890	10889	11279	11280	11306	11305	
8	10864	10865	10891	10890	11280	11281	11307	11306	
8	10865	10866	10892	10891	11281	11282	11308	11307	
8	10866	10867	10893	10892	11282	11283	11309	11308	
8	10868	10869	10895	10894	11284	11285	11311	11310	
8	10869	10870	10896	10895	11285	11286	11312	11311	
8	10870	10871	10897	10896	11286	11287	11313	11312	
8	10871	10872	10898	10897	11287	11288	11314	11313	
8	10872	10873	10899	10898	11288	11289	11315	11314	
8	10873	10874	10900	10899	11289	11290	11316	11315	
8	10874	10875	10901	10900	11290	11291	11317	11316	
8	10875	10876	10902	10901	11291	11292	11318	11317	
8	10876	10877	10903	10902	11292	11293	11319	11318	
8	10877	10878	10904	10903	11293	11294	11320	11319	
8	10878	10879	10905	10904	11294	11295	11321	11320	
8	10879	10880	10906	10905	11295	11296	11322	11321	
8	10880	10881	10907	10906	11296	11297	11323	11322	
8	10881	10882	10908	10907	11297	11298	11324	11323	
8	10882	10883	10909	10908	11298	11299	11325	11324	
8	10883	10884	10910	10909	11299	11300	11326	11325	
8	10884	10885	10911	10910	11300	11301	11327	11326	
8	10885	10886	10912	10911	11301	11302	11328	11327	
8	10886	10887	10913	10912	11302	11303	11329	11328	
8	10887	10888	10914	10913	11303	11304	11330	11329	
8	10888	10889	10915	10914	11304	11305	11331	11330	
8	10889	10890	10916	10915	11305	11306	11332	11331	
8	10890	10891	10917	10916	11306	11307	11333	11332	
8	10891	10892	10918	10917	11307	11308	11334	11333	
8	10892	10893	10919	10918	11308	11309	11335	11334	
8	10894	10895	10921	10920	11310	11311	11337	11336	
8	10895	10896	10922	10921	11311	11312	11338	11337	
8	10896	10897	10923	10922	11312	11313	11339	11338	
8	10897	10898	10924	10923	11313	11314	11340	11339	
8	10898	10899	10925	10924	11314	11315	11341	11340	
8	10899	10900	10926	10925	11315	11316	11342	11341	
8	10900	10901	10927	10926	11316	11317	11343	11342	
8	10901	10902	10928	10927	11317	11318	11344	11343	
8	10902	10903	10929	10928	11318	11319	11345	11344	
8	10903	10904	10930	10929	11319	11320	11346	11345	
8	10904	10905	10931	10930	11320	11321	11347	11346	
8	10905	10906	10932	10931	11321	11322	11348	11347	
8	10906	10907	10933	10932	11322	11323	11349	11348	
8	10907	10908	10934	10933	11323	11324	11350	11349	
8	10908	10909	10935	10934	11324	11325	11351	11350	
8	10909	10910	10936	10935	11325	11326	11352	11351	
8	10910	10911	10937	10936	11326	11327	11353	11352	
8	10911	10912	10938	10937	11327	11328	11354	11353	
8	10912	10913	10939	10938	11328	11329	11355	11354	
8	10913	10914	10940	10939	11329	11330	11356	11355	
8	10914	10915	10941	10940	11330	11331	11357	11356	
8	10915	10916	10942	10941	11331	11332	11358	11357	
8	10916	10917	10943	10942	11332	11333	11359	11358	
8	10917	10918	10944	10943	11333	11334	11360	11359	
8	10918	10919	10945	10944	11334	11335	11361	11360	
8	10920	10921	10947	10946	11336	11337	11363	11362	
8	10921	10922	10948	10947	11337	11338	11364	11363	
8	10922	10923	10949	10948	11338	11339	11365	11364	
8	10923	10924	10950	10949	11339	11340	11366	11365	
8	10924	10925	10951	10950	11340	11341	11367	11366	
8	10925	10926	10952	10951	11341	11342	11368	11367	
8	10926	10927	10953	10952	11342	11343	11369	11368	
8	10927	10928	10954	10953	11343	11344	11370	11369	
8	10928	10929	10955	10954	11344	11345	11371	11370	
8	10929	10930	10956	10955	11345	11346	11372	11371	
8	10930	10931	10957	10956	11346	11347	11373	11372	
8	10931	10932	10958	10957	11347	11348	11374	11373	
8	10932	10933	10959	10958	11348	11349	11375	11374	
8	10933	10934	10960	10959	11349	11350	11376	11375	
8	10934	10935	10961	10960	11350	11351	11377	11376	
8	10935	10936	10962	10961	11351	11352	11378	11377	
8	10936	10937	10963	10962	11352	11353	11379	11378	
8	10937	10938	10964	10963	11353	11354	11380	11379	
8	10938	10939	10965	10964	11354	11355	11381	11380	
8	10939	10940	10966	10965	11355	11356	11382	11381	
8	10940	10941	10967	10966	11356	11357	11383	11382	
8	10941	10942	10968	10967	11357	11358	11384	11383	
8	10942	10943	10969	10968	11358	11359	11385	11384	
8	10943	10944	10970	10969	11359	11360	11386	11385	
8	10944	10945	10971	10970	11360	11361	11387	11386	
8	10946	10947	10973	10972	11362	11363	11389	11388	
8	10947	10948	10974	10973	11363	11364	11390	11389	
8	10948	10949	10975	10974	11364	11365	11391	11390	
8	10949	10950	10976	10975	11365	11366	11392	11391	
8	10950	10951	10977	10976	11366	11367	11393	11392	
8	10951	10952	10978	10977	11367	11368	11394	11393	
8	10952	10953	10979	10978	11368	11369	11395	11394	
8	10953	10954	10980	10979	11369	11370	11396	11395	
8	10954	10955	10981	10980	11370	11371	11397	11396	
8	10955	10956	10982	10981	11371	11372	11398	11397	
8	10956	10957	10983	10982	11372	11373	11399	11398	
8	10957	10958	10984	10983	11373	11374	11400	11399	
8	10958	10959	10985	10984	11374	11375	11401	11400	
8	10959	10960	10986	10985	11375	11376	11402	11401	
8	10960	10961	10987	10986	11376	11377	11403	11402	
8	10961	10962	10988	10987	11377	11378	11404	11403	
8	10962	10963	10989	10988	11378	11379	11405	11404	
8	10963	10964	10990	10989	11379	11380	11406	11405	
8	10964	10965	10991	10990	11380	11381	11407	11406	
8	10965	10966	10992	10991	11381	11382	11408	11407	
8	10966	10967	10993	10992	11382	11383	11409	11408	
8	10967	10968	10994	10993	11383	11384	11410	11409	
8	10968	10969	10995	10994	11384	11385	11411	11410	
8	10969	10970	10996	10995	11385	11386	11412	11411	
8	10970	10971	10997	10996	11386	11387	11413	11412	
8	10972	10973	10999	10998	11388	11389	11415	11414	
8	10973	10974	11000	10999	11389	11390	11416	11415	
8	10974	10975	11001	11000	11390	11391	11417	11416	
8	10975	10976	11002	11001	11391	11392	11418	11417	
8	10976	10977	11003	11002	11392	11393	11419	11418	
8	10977	10978	11004	11003	11393	11394	11420	11419	
8	10978	10979	11005	11004	11394	11395	11421	11420	
8	10979	10980	11006	11005	11395	11396	11422	11421	
8	10980	10981	11007	11006	11396	11397	11423	11422	
8	10981	10982	11008	11007	11397	11398	11424	11423	
8	10982	10983	11009	11008	11398	11399	11425	11424	
8	10983	10984	11010	11009	11399	11400	11426	11425	
8	10984	10985	11011	11010	11400	11401	11427	11426	
8	10985	10986	11012	11011	11401	11402	11428	11427	
8	10986	10987	11013	11012	11402	11403	11429	11428	
8	10987	10988	11014	11013	11403	11404	11430	11429	
8	10988	10989	11015	11014	11404	11405	11431	11430	
8	10989	10990	11016	11015	11405	11406	11432	11431	
8	10990	10991	11017	11016	11406	11407	11433	11432	
8	10991	10992	11018	11017	11407	11408	11434	11433	
8	10992	10993	11019	11018	11408	11409	11435	11434	
8	10993	10994	11020	11019	11409	11410	11436	11435	
8	10994	10995	11021	11020	11410	11411	11437	11436	
8	10995	10996	11022	11021	11411	11412	11438	11437	
8	10996	10997	11023	11022	11412	11413	11439	11438	
8	10998	10999	11025	11024	11414	11415	11441	11440	
8	10999	11000	11026	11025	11415	11416	11442	11441	
8	11000	11001	11027	11026	11416	11417	11443	11442	
8	11001	11002	11028	11027	11417	11418	11444	11443	
8	11002	11003	11029	11028	11418	11419	11445	11444	
8	11003	11004	11030	11029	11419	11420	11446	11445	
8	11004	11005	11031	11030	11420	11421	11447	11446	
8	11005	11006	11032	11031	11421	11422	11448	11447	
8	11006	11007	11033	11032	11422	11423	11449	11448	
8	11007	11008	11034	11033	11423	11424	11450	11449	
8	11008	11009	11035	11034	11424	11425	11451	11450	
8	11009	11010	11036	11035	11425	11426	11452	11451	
8	11010	11011	11037	11036	11426	11427	11453	11452	
8	11011	11012	11038	11037	11427	11428	11454	11453	
8	11012	11013	11039	11038	11428	11429	11455	11454	
8	11013	11014	11040	11039	11429	11430	11456	11455	
8	11014	11015	11041	11040	11430	11431	11457	11456	
8	11015	11016	11042	11041	11431	11432	11458	11457	
8	11016	11017	11043	11042	11432	11433	11459	11458	
8	11017	11018	11044	11043	11433	11434	11460	11459	
8	11018	11019	11045	11044	11434	11435	11461	11460	
8	11019	11020	11046	11045	11435	11436	11462	11461	
8	11020	11021	11047	11046	11436	11437	11463	11462	
8	11021	11022	11048	11047	11437	11438	11464	11463	
8	11022	11023	11049	11048	11438	11439	11465	11464	
8	11024	11025	11051	11050	11440	11441	11467	11466	
8	11025	11026	11052	11051	11441	11442	11468	11467	
8	11026	11027	11053	11052	11442	11443	11469	11468	
8	11027	11028	11054	11053	11443	11444	11470	11469	
8	11028	11029	11055	11054	11444	11445	11471	11470	
8	11029	11030	11056	11055	11445	11446	11472	11471	
8	11030	11031	11057	11056	11446	11447	11473	11472	
8	11031	11032	11058	11057	11447	11448	11474	11473	
8	11032	11033	11059	11058	11448	11449	11475	11474	
8	11033	11034	11060	11059	11449	11450	11476	11475	
8	11034	11035	11061	11060	11450	11451	11477	11476	
8	11035	11036	11062	11061	11451	11452	11478	11477	
8	11036	11037	11063	11062	11452	11453	11479	11478	
8	11037	11038	11064	11063	11453	11454	11480	11479	
8	11038	11039	11065	11064	11454	11455	11481	11480	
8	11039	11040	11066	11065	11455	11456	11482	11481	
8	11040	11041	11067	11066	11456	11457	11483	11482	
8	11041	11042	11068	11067	11457	11458	11484	11483	
8	11042	11043	11069	11068	11458	11459	11485	11484	
8	11043	11044	11070	11069	11459	11460	11486	11485	
8	11044	11045	11071	11070	11460	11461	11487	11486	
8	11045	11046	11072	11071	11461	11462	11488	11487	
8	11046	11047	11073	11072	11462	11463	11489	11488	
8	11047	11048	11074	11073	11463	11464	11490	11489	
8	11048	11049	11075	11074	11464	11465	11491	11490	
8	11050	11051	11077	11076	11466	11467	11493	11492	
8	11051	11052	11078	11077	11467	11468	11494	11493	
8	11052	11053	11079	11078	11468	11469	11495	11494	
8	11053	11054	11080	11079	11469	11470	11496	11495	
8	11054	11055	11081	11080	11470	11471	11497	11496	
8	11055	11056	11082	11081	11471	11472	11498	11497	
8	11056	11057	11083	11082	11472	11473	11499	11498	
8	11057	11058	11084	11083	11473	11474	11500	11499	
8	11058	11059	11085	11084	11474	11475	11501	11500	
8	11059	11060	11086	11085	11475	11476	11502	11501	
8	11060	11061	11087	11086	11476	11477	11503	11502	
8	11061	11062	11088	11087	11477	11478	11504	11503	
8	11062	11063	11089	11088	11478	11479	11505	11504	
8	11063	11064	11090	11089	11479	11480	11506	11505	
8	11064	11065	11091	11090	11480	11481	11507	11506	
8	11065	11066	11092	11091	11481	11482	11508	11507	
8	11066	11067	11093	11092	11482	11483	11509	11508	
8	11067	11068	11094	11093	11483	11484	11510	11509	
8	11068	11069	11095	11094	11484	11485	11511	11510	
8	11069	11070	11096	11095	11485	11486	11512	11511	
8	11070	11071	11097	11096	11486	11487	11513	11512	
8	11071	11072	11098	11097	11487	11488	11514	11513	
8	11072	11073	11099	11098	11488	11489	11515	11514	
8	11073	11074	11100	11099	11489	11490	11516	11515	
8	11074	11075	11101	11100	11490	11491	11517	11516	
8	11076	11077	11103	11102	11492	11493	11519	11518	
8	11077	11078	11104	11103	11493	11494	11520	11519	
8	11078	11079	11105	11104	11494	11495	11521	11520	
8	11079	11080	11106	11105	11495	11496	11522	11521	
8	11080	11081	11107	11106	11496	11497	11523	11522	
8	11081	11082	11108	11107	11497	11498	11524	11523	
8	11082	11083	11109	11108	11498	11499	11525	11524	
8	11083	11084	11110	11109	11499	11500	11526	11525	
8	11084	11085	11111	11110	11500	11501	11527	11526	
8	11085	11086	11112	11111	11501	11502	11528	11527	
8	11086	11087	11113	11112	11502	11503	11529	11528	
8	11087	11088	11114	11113	11503	11504	11530	11529	
8	11088	11089	11115	11114	11504	11505	11531	11530	
8	11089	11090	11116	11115	11505	11506	11532	11531	
8	11090	11091	11117	11116	11506	11507	11533	11532	
8	11091	11092	11118	11117	11507	11508	11534	11533	
8	11092	11093	11119	11118	11508	11509	11535	11534	
8	11093	11094	11120	11119	11509	11510	11536	11535	
8	11094	11095	11121	11120	11510	11511	11537	11536	
8	11095	11096	11122	11121	11511	11512	11538	11537	
8	11096	11097	11123	11122	11512	11513	11539	11538	
8	11097	11098	11124	11123	11513	11514	11540	11539	
8	11098	11099	11125	11124	11514	11515	11541	11540	
8	11099	11100	11126	11125	11515	11516	11542	11541	
8	11100	11101	11127	11126	11516	11517	11543	11542	
8	11102	11103	11129	11128	11518	11519	11545	11544	
8	11103	11104	11130	11129	11519	11520	11546	11545	
8	11104	11105	11131	11130	11520	11521	11547	11546	
8	11105	11106	11132	11131	11521	11522	11548	11547	
8	11106	11107	11133	11132	11522	11523	11549	11548	
8	11107	11108	11134	11133	11523	11524	11550	11549	
8	11108	11109	11135	11134	11524	11525	11551	11550	
8	11109	11110	11136	11135	11525	11526	11552	11551	
8	11110	11111	11137	11136	11526	11527	11553	11552	
8	11111	11112	11138	11137	11527	11528	11554	11553	
8	11112	11113	11139	11138	11528	11529	11555	11554	
8	11113	11114	11140	11139	11529	11530	11556	11555	
8	11114	11115	11141	11140	11530	11531	11557	11556	
8	11115	11116	11142	11141	11531	11532	11558	11557	
8	11116	11117	11143	11142	11532	11533	11559	11558	
8	11117	11118	11144	11143	11533	11534	11560	11559	
8	11118	11119	11145	11144	11534	11535	11561	11560	
8	11119	11120	11146	11145	11535	11536	11562	11561	
8	11120	11121	11147	11146	11536	11537	11563	11562	
8	11121	11122	11148	11147	11537	11538	11564	11563	
8	11122	11123	11149	11148	11538	11539	11565	11564	
8	11123	11124	11150	11149	11539	11540	11566	11565	
8	11124	11125	11151	11150	11540	11541	11567	11566	
8	11125	11126	11152	11151	11541	11542	11568	11567	
8	11126	11127	11153	11152	11542	11543	11569	11568	
8	11128	11129	11155	11154	11544	11545	11571	11570	
8	11129	11130	11156	11155	11545	11546	11572	11571	
8	11130	11131	11157	11156	11546	11547	11573	11572	
8	11131	11132	11158	11157	11547	11548	11574	11573	
8	11132	11133	11159	11158	11548	11549	11575	11574	
8	11133	11134	11160	11159	11549	11550	11576	11575	
8	11134	11135	11161	11160	11550	11551	11577	11576	
8	11135	11136	11162	11161	11551	11552	11578	11577	
8	11136	11137	11163	11162	11552	11553	11579	11578	
8	11137	11138	11164	11163	11553	11554	11580	11579	
8	11138	11139	11165	11164	11554	11555	11581	11580	
8	11139	11140	11166	11165	11555	11556	11582	11581	
8	11140	11141	11167	11166	11556	11557	11583	11582	
8	11141	11142	11168	11167	11557	11558	11584	11583	
8	11142	11143	11169	11168	11558	11559	11585	11584	
8	11143	11144	11170	11169	11559	11560	11586	11585	
8	11144	11145	11171	11170	11560	11561	11587	11586	
8	11145	11146	11172	11171	11561	11562	11588	11587	
8	11146	11147	11173	11172	11562	11563	11589	11588	
8	11147	11148	11174	11173	11563	11564	11590	11589	
8	11148	11149	11175	11174	11564	11565	11591	11590	
8	11149	11150	11176	11175	11565	11566	11592	11591	
8	11150	11151	11177	11176	11566	11567	11593	11592	
8	11151	11152	11178	11177	11567	11568	11594	11593	
8	11152	11153	11179	11178	11568	11569	11595	11594	
8	11154	11155	11181	11180	11570	11571	11597	11596	
8	11155	11156	11182	11181	11571	11572	11598	11597	
8	11156	11157	11183	11182	11572	11573	11599	11598	
8	11157	11158	11184	11183	11573	11574	11600	11599	
8	11158	11159	11185	11184	11574	11575	11601	11600	
8	11159	11160	11186	11185	11575	11576	11602	11601	
8	11160	11161	11187	11186	11576	11577	11603	11602	
8	11161	11162	11188	11187	11577	11578	11604	11603	
8	11162	11163	11189	11188	11578	11579	11605	11604	
8	11163	11164	11190	11189	11579	11580	11606	11605	
8	11164	11165	11191	11190	11580	11581	11607	11606	
8	11165	11166	11192	11191	11581	11582	11608	11607	
8	11166	11167	11193	11192	11582	11583	11609	11608	
8	11167	11168	11194	11193	11583	11584	11610	11609	
8	11168	11169	11195	11194	11584	11585	11611	11610	
8	11169	11170	11196	11195	11585	11586	11612	11611	
8	11170	11171	11197	11196	11586	11587	11613	11612	
8	11171	11172	11198	11197	11587	11588	11614	11613	
8	11172	11173	11199	11198	11588	11589	11615	11614	
8	11173	11174	11200	11199	11589	11590	11616	11615	
8	11174	11175	11201	11200	11590	11591	11617	11616	
8	11175	11176	11202	11201	11591	11592	11618	11617	
8	11176	11177	11203	11202	11592	11593	11619	11618	
8	11177	11178	11204	11203	11593	11594	11620	11619	
8	11178	11179	11205	11204	11594	11595	11621	11620	
8	11180	11181	11207	11206	11596	11597	11623	11622	
8	11181	11182	11208	11207	11597	11598	11624	11623	
8	11182	11183	11209	11208	11598	11599	11625	11624	
8	11183	11184	11210	11209	11599	11600	11626	11625	
8	11184	11185	11211	11210	11600	11601	11627	11626	
8	11185	11186	11212	11211	11601	11602	11628	11627	
8	11186	11187	11213	11212	11602	11603	11629	11628	
8	11187	11188	11214	11213	11603	11604	11630	11629	
8	11188	11189	11215	11214	11604	11605	11631	11630	
8	11189	11190	11216	11215	11605	11606	11632	11631	
8	11190	11191	11217	11216	11606	11607	11633	11632	
8	11191	11192	11218	11217	11607	11608	11634	11633	
8	11192	11193	11219	11218	11608	11609	11635	11634	
8	11193	11194	11220	11219	11609	11610	11636	11635	
8	11194	11195	11221	11220	11610	11611	11637	11636	
8	11195	11196	11222	11221	11611	11612	11638	11637	
8	11196	11197	11223	11222	11612	11613	11639	11638	
8	11197	11198	11224	11223	11613	11614	11640	11639	
8	11198	11199	11225	11224	11614	11615	11641	11640	
8	11199	11200	11226	11225	11615	11616	11642	11641	
8	11200	11201	11227	11226	11616	11617	11643	11642	
8	11201	11202	11228	11227	11617	11618	11644	11643	
8	11202	11203	11229	11228	11618	11619	11645	11644	
8	11203	11204	11230	11229	11619	11620	11646	11645	
8	11204	11205	11231	11230	11620	11621	11647	11646	
8	11232	11233	11259	11258	11648	11649	11675	11674	
8	11233	11234	11260	11259	11649	11650	11676	11675	
8	11234	11235	11261	11260	11650	11651	11677	11676	
8	11235	11236	11262	11261	11651	11652	11678	11677	
8	11236	11237	11263	11262	11652	11653	11679	11678	
8	11237	11238	11264	11263	11653	11654	11680	11679	
8	11238	11239	11265	11264	11654	11655	11681	11680	
8	11239	11240	11266	11265	11655	11656	11682	11681	
8	11240	11241	11267	11266	11656	11657	11683	11682	
8	11241	11242	11268	11267	11657	11658	11684	11683	
8	11242	11243	11269	11268	11658	11659	11685	11684	
8	11243	11244	11270	11269	11659	11660	11686	11685	
8	11244	11245	11271	11270	11660	11661	11687	11686	
8	11245	11246	11272	11271	11661	11662	11688	11687	
8	11246	11247	11273	11272	11662	11663	11689	11688	
8	11247	11248	11274	11273	11663	11664	11690	11689	
8	11248	11249	11275	11274	11664	11665	11691	11690	
8	11249	11250	11276	11275	11665	11666	11692	11691	
8	11250	11251	11277	11276	11666	11667	11693	11692	
8	11251	11252	11278	11277	11667	11668	11694	11693	
8	11252	11253	11279	11278	11668	11669	11695	11694	
8	11253	11254	11280	11279	11669	11670	11696	11695	
8	11254	11255	11281	11280	11670	11671	11697	11696	
8	11255	11256	11282	11281	11671	11672	11698	11697	
8	11256	11257	11283	11282	11672	11673	11699	11698	
8	11258	11259	11285	11284	11674	11675	11701	11700	
8	11259	11260	11286	11285	11675	11676	11702	11701	
8	11260	11261	11287	11286	11676	11677	11703	11702	
8	11261	11262	11288	11287	11677	11678	11704	11703	
8	11262	11263	11289	11288	11678	11679	11705	11704	
8	11263	11264	11290	11289	11679	11680	11706	11705	
8	11264	11265	11291	11290	11680	11681	11707	11706	
8	11265	11266	11292	11291	11681	11682	11708	11707	
8	11266	11267	11293	11292	11682	11683	11709	11708	
8	11267	11268	11294	11293	11683	11684	11710	11709	
8	11268	11269	11295	11294	11684	11685	11711	11710	
8	11269	11270	11296	11295	11685	11686	11712	11711	
8	11270	11271	11297	11296	11686	11687	11713	11712	
8	11271	11272	11298	11297	11687	11688	11714	11713	
8	11272	11273	11299	11298	11688	11689	11715	11714	
8	11273	11274	11300	11299	11689	11690	11716	11715	
8	11274	11275	11301	11300	11690	11691	11717	11716	
8	11275	11276	11302	11301	11691	11692	11718	11717	
8	11276	11277	11303	11302	11692	11693	11719	11718	
8	11277	11278	11304	11303	11693	11694	11720	11719	
8	11278	11279	11305	11304	11694	11695	11721	11720	
8	11279	11280	11306	11305	11695	11696	11722	11721	
8	11280	11281	11307	11306	11696	11697	11723	11722	
8	11281	11282	11308	11307	11697	11698	11724	11723	
8	11282	11283	11309	11308	11698	11699	11725	11724	
8	11284	11285	11311	11310	11700	11701	11727	11726	
8	11285	11286	11312	11311	11701	11702	11728	11727	
8	11286	11287	11313	11312	11702	11703	11729	11728	
8	11287	11288	11314	11313	11703	11704	11730	11729	
8	11288	11289	11315	11314	11704	11705	11731	11730	
8	11289	11290	11316	11315	11705	11706	11732	11731	
8	11290	11291	11317	11316	11706	11707	11733	11732	
8	11291	11292	11318	11317	11707	11708	11734	11733	
8	11292	11293	11319	11318	11708	11709	11735	11734	
8	11293	11294	11320	11319	11709	11710	11736	11735	
8	11294	11295	11321	11320	11710	11711	11737	11736	
8	11295	11296	11322	11321	11711	11712	11738	11737	
8	11296	11297	11323	11322	11712	11713	11739	11738	
8	11297	11298	11324	11323	11713	11714	11740	11739	
8	11298	11299	11325	11324	11714	11715	11741	11740	
8	11299	11300	11326	11325	11715	11716	11742	11741	
8	11300	11301	11327	11326	11716	11717	11743	11742	
8	11301	11302	11328	11327	11717	11718	11744	11743	
8	11302	11303	11329	11328	11718	11719	11745	11744	
8	11303	11304	11330	11329	11719	11720	11746	11745	
8	11304	11305	11331	11330	11720	11721	11747	11746	
8	11305	11306	11332	11331	11721	11722	11748	11747	
8	11306	11307	11333	11332	11722	11723	11749	11748	
8	11307	11308	11334	11333	11723	11724	11750	11749	
8	11308	11309	11335	11334	11724	11725	11751	11750	
8	11310	11311	11337	11336	11726	11727	11753	11752	
8	11311	11312	11338	11337	11727	11728	11754	11753	
8	11312	11313	11339	11338	11728	11729	11755	11754	
8	11313	11314	11340	11339	11729	11730	11756	11755	
8	11314	11315	11341	11340	11730	11731	11757	11756	
8	11315	11316	11342	11341	11731	11732	11758	11757	
8	11316	11317	11343	11342	11732	11733	11759	11758	
8	11317	11318	11344	11343	11733	11734	11760	11759	
8	11318	11319	11345	11344	11734	11735	11761	11760	
8	11319	11320	11346	11345	11735	11736	11762	11761	
8	11320	11321	11347	11346	11736	11737	11763	11762	
8	11321	11322	11348	11347	11737	11738	11764	11763	
8	11322	11323	11349	11348	11738	11739	11765	11764	
8	11323	11324	11350	11349	11739	11740	11766	11765	
8	11324	11325	11351	11350	11740	11741	11767	11766	
8	11325	11326	11352	11351	11741	11742	11768	11767	
8	11326	11327	11353	11352	11742	11743	11769	11768	
8	11327	11328	11354	11353	11743	11744	11770	11769	
8	11328	11329	11355	11354	11744	11745	11771	11770	
8	11329	11330	11356	11355	11745	11746	11772	11771	
8	11330	11331	11357	11356	11746	11747	11773	11772	
8	11331	11332	11358	11357	11747	11748	11774	11773	
8	11332	11333	11359	11358	11748	11749	11775	11774	
8	11333	11334	11360	11359	11749	11750	11776	11775	
8	11334	11335	11361	11360	11750	11751	11777	11776	
8	11336	11337	11363	11362	11752	11753	11779	11778	
8	11337	11338	11364	11363	11753	11754	11780	11779	
8	11338	11339	11365	11364	11754	11755	11781	11780	
8	11339	11340	11366	11365	11755	11756	11782	11781	
8	11340	11341	11367	11366	11756	11757	11783	11782	
8	11341	11342	11368	11367	11757	11758	11784	11783	
8	11342	11343	11369	11368	11758	11759	11785	11784	
8	11343	11344	11370	11369	11759	11760	11786	11785	
8	11344	11345	11371	11370	11760	11761	11787	11786	
8	11345	11346	11372	11371	11761	11762	11788	11787	
8	11346	11347	11373	11372	11762	11763	11789	11788	
8	11347	11348	11374	11373	11763	11764	11790	11789	
8	11348	11349	11375	11374	11764	11765	11791	11790	
8	11349	11350	11376	11375	11765	11766	11792	11791	
8	11350	11351	11377	11376	11766	11767	11793	11792	
8	11351	11352	11378	11377	11767	11768	11794	11793	
8	11352	11353	11379	11378	11768	11769	11795	11794	
8	11353	11354	11380	11379	11769	11770	11796	11795	
8	11354	11355	11381	11380	11770	11771	11797	11796	
8	11355	11356	11382	11381	11771	11772	11798	11797	
8	11356	11357	11383	11382	11772	11773	11799	11798	
8	11357	11358	11384	11383	11773	11774	11800	11799	
8	11358	11359	11385	11384	11774	11775	11801	11800	
8	11359	11360	11386	11385	11775	11776	11802	11801	
8	11360	11361	11387	11386	11776	11777	11803	11802	
8	11362	11363	11389	11388	11778	11779	11805	11804	
8	11363	11364	11390	11389	11779	11780	11806	11805	
8	11364	11365	11391	11390	11780	11781	11807	11806	
8	11365	11366	11392	11391	11781	11782	11808	11807	
8	11366	11367	11393	11392	11782	11783	11809	11808	
8	11367	11368	11394	11393	11783	11784	11810	11809	
8	11368	11369	11395	11394	11784	11785	11811	11810	
8	11369	11370	11396	11395	11785	11786	11812	11811	
8	11370	11371	11397	11396	11786	11787	11813	11812	
8	11371	11372	11398	11397	11787	11788	11814	11813	
8	11372	11373	11399	11398	11788	11789	11815	11814	
8	11373	11374	11400	11399	11789	11790	11816	11815	
8	11374	11375	11401	11400	11790	11791	11817	11816	
8	11375	11376	11402	11401	11791	11792	11818	11817	
8	11376	11377	11403	11402	11792	11793	11819	11818	
8	11377	11378	11404	11403	11793	11794	11820	11819	
8	11378	11379	11405	11404	11794	11795	11821	11820	
8	11379	11380	11406	11405	11795	11796	11822	11821	
8	11380	11381	11407	11406	11796	11797	11823	11822	
8	11381	11382	11408	11407	11797	11798	11824	11823	
8	11382	11383	11409	11408	11798	11799	11825	11824	
8	11383	11384	11410	11409	11799	11800	11826	11825	
8	11384	11385	11411	11410	11800	11801	11827	11826	
8	11385	11386	11412	11411	11801	11802	11828	11827	
8	11386	11387	11413	11412	11802	11803	11829	11828	
8	11388	11389	11415	11414	11804	11805	11831	11830	
8	11389	11390	11416	11415	11805	11806	11832	11831	
8	11390	11391	11417	11416	11806	11807	11833	11832	
8	11391	11392	11418	11417	11807	11808	11834	11833	
8	11392	11393	11419	11418	11808	11809	11835	11834	
8	11393	11394	11420	11419	11809	11810	11836	11835	
8	11394	11395	11421	11420	11810	11811	11837	11836	
8	11395	11396	11422	11421	11811	11812	11838	11837	
8	11396	11397	11423	11422	11812	11813	11839	11838	
8	11397	11398	11424	11423	11813	11814	11840	11839	
8	11398	11399	11425	11424	11814	11815	11841	11840	
8	11399	11400	11426	11425	11815	11816	11842	11841	
8	11400	11401	11427	11426	11816	11817	11843	11842	
8	11401	11402	11428	11427	11817	11818	11844	11843	
8	11402	11403	11429	11428	11818	11819	11845	11844	
8	11403	11404	11430	11429	11819	11820	11846	11845	
8	11404	11405	11431	11430	11820	11821	11847	11846	
8	11405	11406	11432	11431	11821	11822	11848	11847	
8	11406	11407	11433	11432	11822	11823	11849	11848	
8	11407	11408	11434	11433	11823	11824	11850	11849	
8	11408	11409	11435	11434	11824	11825	11851	11850	
8	11409	11410	11436	11435	11825	11826	11852	11851	
8	11410	11411	11437	11436	11826	11827	11853	11852	
8	11411	11412	11438	11437	11827	11828	11854	11853	
8	11412	11413	11439	11438	11828	11829	11855	11854	
8	11414	11415	11441	11440	11830	11831	11857	11856	
8	11415	11416	11442	11441	11831	11832	11858	11857	
8	11416	11417	11443	11442	11832	11833	11859	11858	
8	11417	11418	11444	11443	11833	11834	11860	11859	
8	11418	11419	11445	11444	11834	11835	11861	11860	
8	11419	11420	11446	11445	11835	11836	11862	11861	
8	11420	11421	11447	11446	11836	11837	11863	11862	
8	11421	11422	11448	11447	11837	11838	11864	11863	
8	11422	11423	11449	11448	11838	11839	11865	11864	
8	11423	11424	11450	11449	11839	11840	11866	11865	
8	11424	11425	11451	11450	11840	11841	11867	11866	
8	11425	11426	11452	11451	11841	11842	11868	11867	
8	11426	11427	11453	11452	11842	11843	11869	11868	
8	11427	11428	11454	11453	11843	11844	11870	11869	
8	11428	11429	11455	11454	11844	11845	11871	11870	
8	11429	11430	11456	11455	11845	11846	11872	11871	
8	11430	11431	11457	11456	11846	11847	11873	11872	
8	11431	11432	11458	11457	11847	11848	11874	11873	
8	11432	11433	11459	11458	11848	11849	11875	11874	
8	11433	11434	11460	11459	11849	11850	11876	11875	
8	11434	11435	11461	11460	11850	11851	11877	11876	
8	11435	11436	11462	11461	11851	11852	11878	11877	
8	11436	11437	11463	11462	11852	11853	11879	11878	
8	11437	11438	11464	11463	11853	11854	11880	11879	
8	11438	11439	11465	11464	11854	11855	11881	11880	
8	11440	11441	11467	11466	11856	11857	11883	11882	
8	11441	11442	11468	11467	11857	11858	11884	11883	
8	11442	11443	11469	11468	11858	11859	11885	11884	
8	11443	11444	11470	11469	11859	11860	11886	11885	
8	11444	11445	11471	11470	11860	11861	11887	11886	
8	11445	11446	11472	11471	11861	11862	11888	11887	
8	11446	11447	11473	11472	11862	11863	11889	11888	
8	11447	11448	11474	11473	11863	11864	11890	11889	
8	11448	11449	11475	11474	11864	11865	11891	11890	
8	11449	11450	11476	11475	11865	11866	11892	11891	
8	11450	11451	11477	11476	11866	11867	11893	11892	
8	11451	11452	11478	11477	11867	11868	11894	11893	
8	11452	11453	11479	11478	11868	11869	11895	11894	
8	11453	11454	11480	11479	11869	11870	11896	11895	
8	11454	11455	11481	11480	11870	11871	11897	11896	
8	11455	11456	11482	11481	11871	11872	11898	11897	
8	11456	11457	11483	11482	11872	11873	11899	11898	
8	11457	11458	11484	11483	11873	11874	11900	11899	
8	11458	11459	11485	11484	11874	11875	11901	11900	
8	11459	11460	11486	11485	11875	11876	11902	11901	
8	11460	11461	11487	11486	11876	11877	11903	11902	
8	11461	11462	11488	11487	11877	11878	11904	11903	
8	11462	11463	11489	11488	11878	11879	11905	11904	
8	11463	11464	11490	11489	11879	11880	11906	11905	
8	11464	11465	11491	11490	11880	11881	11907	11906	
8	11466	11467	11493	11492	11882	11883	11909	11908	
8	11467	11468	11494	11493	11883	11884	11910	11909	
8	11468	11469	11495	11494	11884	11885	11911	11910	
8	11469	11470	11496	11495	11885	11886	11912	11911	
8	11470	11471	11497	11496	11886	11887	11913	11912	
8	11471	11472	11498	11497	11887	11888	11914	11913	
8	11472	11473	11499	11498	11888	11889	11915	11914	
8	11473	11474	11500	11499	11889	11890	11916	11915	
8	11474	11475	11501	11500	11890	11891	11917	11916	
8	11475	11476	11502	11501	11891	11892	11918	11917	
8	11476	11477	11503	11502	11892	11893	11919	11918	
8	11477	11478	11504	11503	11893	11894	11920	11919	
8	11478	11479	11505	11504	11894	11895	11921	11920	
8	11479	11480	11506	11505	11895	11896	11922	11921	
8	11480	11481	11507	11506	11896	11897	11923	11922	
8	11481	11482	11508	11507	11897	11898	11924	11923	
8	11482	11483	11509	11508	11898	11899	11925	11924	
8	11483	11484	11510	11509	11899	11900	11926	11925	
8	11484	11485	11511	11510	11900	11901	11927	11926	
8	11485	11486	11512	11511	11901	11902	11928	11927	
8	11486	11487	11513	11512	11902	11903	11929	11928	
8	11487	11488	11514	11513	11903	11904	11930	11929	
8	11488	11489	11515	11514	11904	11905	11931	11930	
8	11489	11490	11516	11515	11905	11906	11932	11931	
8	11490	11491	11517	11516	11906	11907	11933	11932	
8	11492	11493	11519	11518	11908	11909	11935	11934	
8	11493	11494	11520	11519	11909	11910	11936	11935	
8	11494	11495	11521	11520	11910	11911	11937	11936	
8	11495	11496	11522	11521	11911	11912	11938	11937	
8	11496	11497	11523	11522	11912	11913	11939	11938	
8	11497	11498	11524	11523	11913	11914	11940	11939	
8	11498	11499	11525	11524	11914	11915	11941	11940	
8	11499	11500	11526	11525	11915	11916	11942	11941	
8	11500	11501	11527	11526	11916	11917	11943	11942	
8	11501	11502	11528	11527	11917	11918	11944	11943	
8	11502	11503	11529	11528	11918	11919	11945	11944	
8	11503	11504	11530	11529	11919	11920	11946	11945	
8	11504	11505	11531	11530	11920	11921	11947	11946	
8	11505	11506	11532	11531	11921	11922	11948	11947	
8	11506	11507	11533	11532	11922	11923	11949	11948	
8	11507	11508	11534	11533	11923	11924	11950	11949	
8	11508	11509	11535	11534	11924	11925	11951	11950	
8	11509	11510	11536	11535	11925	11926	11952	11951	
8	11510	11511	11537	11536	11926	11927	11953	11952	
8	11511	11512	11538	11537	11927	11928	11954	11953	
8	11512	11513	11539	11538	11928	11929	11955	11954	
8	11513	11514	11540	11539	11929	11930	11956	11955	
8	11514	11515	11541	11540	11930	11931	11957	11956	
8	11515	11516	11542	11541	11931	11932	11958	11957	
8	11516	11517	11543	11542	11932	11933	11959	11958	
8	11518	11519	11545	11544	11934	11935	11961	11960	
8	11519	11520	11546	11545	11935	11936	11962	11961	
8	11520	11521	11547	11546	11936	11937	11963	11962	
8	11521	11522	11548	11547	11937	11938	11964	11963	
8	11522	11523	11549	11548	11938	11939	11965	11964	
8	11523	11524	11550	11549	11939	11940	11966	11965	
8	11524	11525	11551	11550	11940	11941	11967	11966	
8	11525	11526	11552	11551	11941	11942	11968	11967	
8	11526	11527	11553	11552	11942	11943	11969	11968	
8	11527	11528	11554	11553	11943	11944	11970	11969	
8	11528	11529	11555	11554	11944	11945	11971	11970	
8	11529	11530	11556	11555	11945	11946	11972	11971	
8	11530	11531	11557	11556	11946	11947	11973	11972	
8	11531	11532	11558	11557	11947	11948	11974	11973	
8	11532	11533	11559	11558	11948	11949	11975	11974	
8	11533	11534	11560	11559	11949	11950	11976	11975	
8	11534	11535	11561	11560	11950	11951	11977	11976	
8	11535	11536	11562	11561	11951	11952	11978	11977	
8	11536	11537	11563	11562	11952	11953	11979	11978	
8	11537	11538	11564	11563	11953	11954	11980	11979	
8	11538	11539	11565	11564	11954	11955	11981	11980	
8	11539	11540	11566	11565	11955	11956	11982	11981	
8	11540	11541	11567	11566	11956	11957	11983	11982	
8	11541	11542	11568	11567	11957	11958	11984	11983	
8	11542	11543	11569	11568	11958	11959	11985	11984	
8	11544	11545	11571	11570	11960	11961	11987	11986	
8	11545	11546	11572	11571	11961	11962	11988	11987	
8	11546	11547	11573	11572	11962	11963	11989	11988	
8	11547	11548	11574	11573	11963	11964	11990	11989	
8	11548	11549	11575	11574	11964	11965	11991	11990	
8	11549	11550	11576	11575	11965	11966	11992	11991	
8	11550	11551	11577	11576	11966	11967	11993	11992	
8	11551	11552	11578	11577	11967	11968	11994	11993	
8	11552	11553	11579	11578	11968	11969	11995	11994	
8	11553	11554	11580	11579	11969	11970	11996	11995	
8	11554	11555	11581	11580	11970	11971	11997	11996	
8	11555	11556	11582	11581	11971	11972	11998	11997	
8	11556	11557	11583	11582	11972	11973	11999	11998	
8	11557	11558	11584	11583	11973	11974	12000	11999	
8	11558	11559	11585	11584	11974	11975	12001	12000	
8	11559	11560	11586	11585	11975	11976	12002	12001	
8	11560	11561	11587	11586	11976	11977	12003	12002	
8	11561	11562	11588	11587	11977	11978	12004	12003	
8	11562	11563	11589	11588	11978	11979	12005	12004	
8	11563	11564	11590	11589	11979	11980	12006	12005	
8	11564	11565	11591	11590	11980	11981	12007	12006	
8	11565	11566	11592	11591	11981	11982	12008	12007	
8	11566	11567	11593	11592	11982	11983	12009	12008	
8	11567	11568	11594	11593	11983	11984	12010	12009	
8	11568	11569	11595	11594	11984	11985	12011	12010	
8	11570	11571	11597	11596	11986	11987	12013	12012	
8	11571	11572	11598	11597	11987	11988	12014	12013	
8	11572	11573	11599	11598	11988	11989	12015	12014	
8	11573	11574	11600	11599	11989	11990	12016	12015	
8	11574	11575	11601	11600	11990	11991	12017	12016	
8	11575	11576	11602	11601	11991	11992	12018	12017	
8	11576	11577	11603	11602	11992	11993	12019	12018	
8	11577	11578	11604	11603	11993	11994	12020	12019	
8	11578	11579	11605	11604	11994	11995	12021	12020	
8	11579	11580	11606	11605	11995	11996	12022	12021	
8	11580	11581	11607	11606	11996	11997	12023	12022	
8	11581	11582	11608	11607	11997	11998	12024	12023	
8	11582	11583	11609	11608	11998	11999	12025	12024	
8	11583	11584	11610	11609	11999	12000	12026	12025	
8	11584	11585	11611	11610	12000	12001	12027	12026	
8	11585	11586	11612	11611	12001	12002	12028	12027	
8	11586	11587	11613	11612	12002	12003	12029	12028	
8	11587	11588	11614	11613	12003	12004	12030	12029	
8	11588	11589	11615	11614	12004	12005	12031	12030	
8	11589	11590	11616	11615	12005	12006	12032	12031	
8	11590	11591	11617	11616	12006	12007	12033	12032	
8	11591	11592	11618	11617	12007	12008	12034	12033	
8	11592	11593	11619	11618	12008	12009	12035	12034	
8	11593	11594	11620	11619	12009	12010	12036	12035	
8	11594	11595	11621	11620	12010	12011	12037	12036	
8	11596	11597	11623	11622	12012	12013	12039	12038	
8	11597	11598	11624	11623	12013	12014	12040	12039	
8	11598	11599	11625	11624	12014	12015	12041	12040	
8	11599	11600	11626	11625	12015	12016	12042	12041	
8	11600	11601	11627	11626	12016	12017	12043	12042	
8	11601	11602	11628	11627	12017	12018	12044	12043	
8	11602	11603	11629	11628	12018	12019	12045	12044	
8	11603	11604	11630	11629	12019	12020	12046	12045	
8	11604	11605	11631	11630	12020	12021	12047	12046	
8	11605	11606	11632	11631	12021	12022	12048	12047	
8	11606	11607	11633	11632	12022	12023	12049	12048	
8	11607	11608	11634	11633	12023	12024	12050	12049	
8	11608	11609	11635	11634	12024	12025	12051	12050	
8	11609	11610	11636	11635	12025	12026	12052	12051	
8	11610	11611	11637	11636	12026	12027	12053	12052	
8	11611	11612	11638	11637	12027	12028	12054	12053	
8	11612	11613	11639	11638	12028	12029	12055	12054	
8	11613	11614	11640	11639	12029	12030	12056	12055	
8	11614	11615	11641	11640	12030	12031	12057	12056	
8	11615	11616	11642	11641	12031	12032	12058	12057	
8	11616	11617	11643	11642	12032	12033	12059	12058	
8	11617	11618	11644	11643	12033	12034	12060	12059	
8	11618	11619	11645	11644	12034	12035	12061	12060	
8	11619	11620	11646	11645	12035	12036	12062	12061	
8	11620	11621	11647	11646	12036	12037	12063	12062	
8	11648	11649	11675	11674	12064	12065	12091	12090	
8	11649	11650	11676	11675	12065	12066	12092	12091	
8	11650	11651	11677	11676	12066	12067	12093	12092	
8	11651	11652	11678	11677	12067	12068	12094	12093	
8	11652	11653	11679	11678	12068	12069	12095	12094	
8	11653	11654	11680	11679	12069	12070	12096	12095	
8	11654	11655	11681	11680	12070	12071	12097	12096	
8	11655	11656	11682	11681	12071	12072	12098	12097	
8	11656	11657	11683	11682	12072	12073	12099	12098	
8	11657	11658	11684	11683	12073	12074	12100	12099	
8	11658	11659	11685	11684	12074	12075	12101	12100	
8	11659	11660	11686	11685	12075	12076	12102	12101	
8	11660	11661	11687	11686	12076	12077	12103	12102	
8	11661	11662	11688	11687	12077	12078	12104	12103	
8	11662	11663	11689	11688	12078	12079	12105	12104	
8	11663	11664	11690	11689	12079	12080	12106	12105	
8	11664	11665	11691	11690	12080	12081	12107	12106	
8	11665	11666	11692	11691	12081	12082	12108	12107	
8	11666	11667	11693	11692	12082	12083	12109	12108	
8	11667	11668	11694	11693	12083	12084	12110	12109	
8	11668	11669	11695	11694	12084	12085	12111	12110	
8	11669	11670	11696	11695	12085	12086	12112	12111	
8	11670	11671	11697	11696	12086	12087	12113	12112	
8	11671	11672	11698	11697	12087	12088	12114	12113	
8	11672	11673	11699	11698	12088	12089	12115	12114	
8	11674	11675	11701	11700	12090	12091	12117	12116	
8	11675	11676	11702	11701	12091	12092	12118	12117	
8	11676	11677	11703	11702	12092	12093	12119	12118	
8	11677	11678	11704	11703	12093	12094	12120	12119	
8	11678	11679	11705	11704	12094	12095	12121	12120	
8	11679	11680	11706	11705	12095	12096	12122	12121	
8	11680	11681	11707	11706	12096	12097	12123	12122	
8	11681	11682	11708	11707	12097	12098	12124	12123	
8	11682	11683	11709	11708	12098	12099	12125	12124	
8	11683	11684	11710	11709	12099	12100	12126	12125	
8	11684	11685	11711	11710	12100	12101	12127	12126	
8	11685	11686	11712	11711	12101	12102	12128	12127	
8	11686	11687	11713	11712	12102	12103	12129	12128	
8	11687	11688	11714	11713	12103	12104	12130	12129	
8	11688	11689	11715	11714	12104	12105	12131	12130	
8	11689	11690	11716	11715	12105	12106	12132	12131	
8	11690	11691	11717	11716	12106	12107	12133	12132	
8	11691	11692	11718	11717	12107	12108	12134	12133	
8	11692	11693	11719	11718	12108	12109	12135	12134	
8	11693	11694	11720	11719	12109	12110	12136	12135	
8	11694	11695	11721	11720	12110	12111	12137	12136	
8	11695	11696	11722	11721	12111	12112	12138	12137	
8	11696	11697	11723	11722	12112	12113	12139	12138	
8	11697	11698	11724	11723	12113	12114	12140	12139	
8	11698	11699	11725	11724	12114	12115	12141	12140	
8	11700	11701	11727	11726	12116	12117	12143	12142	
8	11701	11702	11728	11727	12117	12118	12144	12143	
8	11702	11703	11729	11728	12118	12119	12145	12144	
8	11703	11704	11730	11729	12119	12120	12146	12145	
8	11704	11705	11731	11730	12120	12121	12147	12146	
8	11705	11706	11732	11731	12121	12122	12148	12147	
8	11706	11707	11733	11732	12122	12123	12149	12148	
8	11707	11708	11734	11733	12123	12124	12150	12149	
8	11708	11709	11735	11734	12124	12125	12151	12150	
8	11709	11710	11736	11735	12125	12126	12152	12151	
8	11710	11711	11737	11736	12126	12127	12153	12152	
8	11711	11712	11738	11737	12127	12128	12154	12153	
8	11712	11713	11739	11738	12128	12129	12155	12154	
8	11713	11714	11740	11739	12129	12130	12156	12155	
8	11714	11715	11741	11740	12130	12131	12157	12156	
8	11715	11716	11742	11741	12131	12132	12158	12157	
8	11716	11717	11743	11742	12132	12133	12159	12158	
8	11717	11718	11744	11743	12133	12134	12160	12159	
8	11718	11719	11745	11744	12134	12135	12161	12160	
8	11719	11720	11746	11745	12135	12136	12162	12161	
8	11720	11721	11747	11746	12136	12137	12163	12162	
8	11721	11722	11748	11747	12137	12138	12164	12163	
8	11722	11723	11749	11748	12138	12139	12165	12164	
8	11723	11724	11750	11749	12139	12140	12166	12165	
8	11724	11725	11751	11750	12140	12141	12167	12166	
8	11726	11727	11753	11752	12142	12143	12169	12168	
8	11727	11728	11754	11753	12143	12144	12170	12169	
8	11728	11729	11755	11754	12144	12145	12171	12170	
8	11729	11730	11756	11755	12145	12146	12172	12171	
8	11730	11731	11757	11756	12146	12147	12173	12172	
8	11731	11732	11758	11757	12147	12148	12174	12173	
8	11732	11733	11759	11758	12148	12149	12175	12174	
8	11733	11734	11760	11759	12149	12150	12176	12175	
8	11734	11735	11761	11760	12150	12151	12177	12176	
8	11735	11736	11762	11761	12151	12152	12178	12177	
8	11736	11737	11763	11762	12152	12153	12179	12178	
8	11737	11738	11764	11763	12153	12154	12180	12179	
8	11738	11739	11765	11764	12154	12155	12181	12180	
8	11739	11740	11766	11765	12155	12156	12182	12181	
8	11740	11741	11767	11766	12156	12157	12183	12182	
8	11741	11742	11768	11767	12157	12158	12184	12183	
8	11742	11743	11769	11768	12158	12159	12185	12184	
8	11743	11744	11770	11769	12159	12160	12186	12185	
8	11744	11745	11771	11770	12160	12161	12187	12186	
8	11745	11746	11772	11771	12161	12162	12188	12187	
8	11746	11747	11773	11772	12162	12163	12189	12188	
8	11747	11748	11774	11773	12163	12164	12190	12189	
8	11748	11749	11775	11774	12164	12165	12191	12190	
8	11749	11750	11776	11775	12165	12166	12192	12191	
8	11750	11751	11777	11776	12166	12167	12193	12192	
8	11752	11753	11779	11778	12168	12169	12195	12194	
8	11753	11754	11780	11779	12169	12170	12196	12195	
8	11754	11755	11781	11780	12170	12171	12197	12196	
8	11755	11756	11782	11781	12171	12172	12198	12197	
8	11756	11757	11783	11782	12172	12173	12199	12198	
8	11757	11758	11784	11783	12173	12174	12200	12199	
8	11758	11759	11785	11784	12174	12175	12201	12200	
8	11759	11760	11786	11785	12175	12176	12202	12201	
8	11760	11761	11787	11786	12176	12177	12203	12202	
8	11761	11762	11788	11787	12177	12178	12204	12203	
8	11762	11763	11789	11788	12178	12179	12205	12204	
8	11763	11764	11790	11789	12179	12180	12206	12205	
8	11764	11765	11791	11790	12180	12181	12207	12206	
8	11765	11766	11792	11791	12181	12182	12208	12207	
8	11766	11767	11793	11792	12182	12183	12209	12208	
8	11767	11768	11794	11793	12183	12184	12210	12209	
8	11768	11769	11795	11794	12184	12185	12211	12210	
8	11769	11770	11796	11795	12185	12186	12212	12211	
8	11770	11771	11797	11796	12186	12187	12213	12212	
8	11771	11772	11798	11797	12187	12188	12214	12213	
8	11772	11773	11799	11798	12188	12189	12215	12214	
8	11773	11774	11800	11799	12189	12190	12216	12215	
8	11774	11775	11801	11800	12190	12191	12217	12216	
8	11775	11776	11802	11801	12191	12192	12218	12217	
8	11776	11777	11803	11802	12192	12193	12219	12218	
8	11778	11779	11805	11804	12194	12195	12221	12220	
8	11779	11780	11806	11805	12195	12196	12222	12221	
8	11780	11781	11807	11806	12196	12197	12223	12222	
8	11781	11782	11808	11807	12197	12198	12224	12223	
8	11782	11783	11809	11808	12198	12199	12225	12224	
8	11783	11784	11810	11809	12199	12200	12226	12225	
8	11784	11785	11811	11810	12200	12201	12227	12226	
8	11785	11786	11812	11811	12201	12202	12228	12227	
8	11786	11787	11813	11812	12202	12203	12229	12228	
8	11787	11788	11814	11813	12203	12204	12230	12229	
8	11788	11789	11815	11814	12204	12205	12231	12230	
8	11789	11790	11816	11815	12205	12206	12232	12231	
8	11790	11791	11817	11816	12206	12207	12233	12232	
8	11791	11792	11818	11817	12207	12208	12234	12233	
8	11792	11793	11819	11818	12208	12209	12235	12234	
8	11793	11794	11820	11819	12209	12210	12236	12235	
8	11794	11795	11821	11820	12210	12211	12237	12236	
8	11795	11796	11822	11821	12211	12212	12238	12237	
8	11796	11797	11823	11822	12212	12213	12239	12238	
8	11797	11798	11824	11823	12213	12214	12240	12239	
8	11798	11799	11825	11824	12214	12215	12241	12240	
8	11799	11800	11826	11825	12215	12216	12242	12241	
8	11800	11801	11827	11826	12216	12217	12243	12242	
8	11801	11802	11828	11827	12217	12218	12244	12243	
8	11802	11803	11829	11828	12218	12219	12245	12244	
8	11804	11805	11831	11830	12220	12221	12247	12246	
8	11805	11806	11832	11831	12221	12222	12248	12247	
8	11806	11807	11833	11832	12222	12223	12249	12248	
8	11807	11808	11834	11833	12223	12224	12250	12249	
8	11808	11809	11835	11834	12224	12225	12251	12250	
8	11809	11810	11836	11835	12225	12226	12252	12251	
8	11810	11811	11837	11836	12226	12227	12253	12252	
8	11811	11812	11838	11837	12227	12228	12254	12253	
8	11812	11813	11839	11838	12228	12229	12255	12254	
8	11813	11814	11840	11839	12229	12230	12256	12255	
8	11814	11815	11841	11840	12230	12231	12257	12256	
8	11815	11816	11842	11841	12231	12232	12258	12257	
8	11816	11817	11843	11842	12232	12233	12259	12258	
8	11817	11818	11844	11843	12233	12234	12260	12259	
8	11818	11819	11845	11844	12234	12235	12261	12260	
8	11819	11820	11846	11845	12235	12236	12262	12261	
8	11820	11821	11847	11846	12236	12237	12263	12262	
8	11821	11822	11848	11847	12237	12238	12264	12263	
8	11822	11823	11849	11848	12238	12239	12265	12264	
8	11823	11824	11850	11849	12239	12240	12266	12265	
8	11824	11825	11851	11850	12240	12241	12267	12266	
8	11825	11826	11852	11851	12241	12242	12268	12267	
8	11826	11827	11853	11852	12242	12243	12269	12268	
8	11827	11828	11854	11853	12243	12244	12270	12269	
8	11828	11829	11855	11854	12244	12245	12271	12270	
8	11830	11831	11857	11856	12246	12247	12273	12272	
8	11831	11832	11858	11857	12247	12248	12274	12273	
8	11832	11833	11859	11858	12248	12249	12275	12274	
8	11833	11834	11860	11859	12249	12250	12276	12275	
8	11834	11835	11861	11860	12250	12251	12277	12276	
8	11835	11836	11862	11861	12251	12252	12278	12277	
8	11836	11837	11863	11862	12252	12253	12279	12278	
8	11837	11838	11864	11863	12253	12254	12280	12279	
8	11838	11839	11865	11864	12254	12255	12281	12280	
8	11839	11840	11866	11865	12255	12256	12282	12281	
8	11840	11841	11867	11866	12256	12257	12283	12282	
8	11841	11842	11868	11867	12257	12258	12284	12283	
8	11842	11843	11869	11868	12258	12259	12285	12284	
8	11843	11844	11870	11869	12259	12260	12286	12285	
8	11844	11845	11871	11870	12260	12261	12287	12286	
8	11845	11846	11872	11871	12261	12262	12288	12287	
8	11846	11847	11873	11872	12262	12263	12289	12288	
8	11847	11848	11874	11873	12263	12264	12290	12289	
8	11848	11849	11875	11874	12264	12265	12291	12290	
8	11849	11850	11876	11875	12265	12266	12292	12291	
8	11850	11851	11877	11876	12266	12267	12293	12292	
8	11851	11852	11878	11877	12267	12268	12294	12293	
8	11852	11853	11879	11878	12268	12269	12295	12294	
8	11853	11854	11880	11879	12269	12270	12296	12295	
8	11854	11855	11881	11880	12270	12271	12297	12296	
8	11856	11857	11883	11882	12272	12273	12299	12298	
8	11857	11858	11884	11883	12273	12274	12300	12299	
8	11858	11859	11885	11884	12274	12275	12301	12300	
8	11859	11860	11886	11885	12275	12276	12302	12301	
8	11860	11861	11887	11886	12276	12277	12303	12302	
8	11861	11862	11888	11887	12277	12278	12304	12303	
8	11862	11863	11889	11888	12278	12279	12305	12304	
8	11863	11864	11890	11889	12279	12280	12306	12305	
8	11864	11865	11891	11890	12280	12281	12307	12306	
8	11865	11866	11892	11891	12281	12282	12308	12307	
8	11866	11867	11893	11892	12282	12283	12309	12308	
8	11867	11868	11894	11893	12283	12284	12310	12309	
8	11868	11869	11895	11894	12284	12285	12311	12310	
8	11869	11870	11896	11895	12285	12286	12312	12311	
8	11870	11871	11897	11896	12286	12287	12313	12312	
8	11871	11872	11898	11897	12287	12288	12314	12313	
8	11872	11873	11899	11898	12288	12289	12315	12314	
8	11873	11874	11900	11899	12289	12290	12316	12315	
8	11874	11875	11901	11900	12290	12291	12317	12316	
8	11875	11876	11902	11901	12291	12292	12318	12317	
8	11876	11877	11903	11902	12292	12293	12319	12318	
8	11877	11878	11904	11903	12293	12294	12320	12319	
8	11878	11879	11905	11904	12294	12295	12321	12320	
8	11879	11880	11906	11905	12295	12296	12322	12321	
8	11880	11881	11907	11906	12296	12297	12323	12322	
8	11882	11883	11909	11908	12298	12299	12325	12324	
8	11883	11884	11910	11909	12299	12300	12326	12325	
8	11884	11885	11911	11910	12300	12301	12327	12326	
8	11885	11886	11912	11911	12301	12302	12328	12327	
8	11886	11887	11913	11912	12302	12303	12329	12328	
8	11887	11888	11914	11913	12303	12304	12330	12329	
8	11888	11889	11915	11914	12304	12305	12331	12330	
8	11889	11890	11916	11915	12305	12306	12332	12331	
8	11890	11891	11917	11916	12306	12307	12333	12332	
8	11891	11892	11918	11917	12307	12308	12334	12333	
8	11892	11893	11919	11918	12308	12309	12335	12334	
8	11893	11894	11920	11919	12309	12310	12336	12335	
8	11894	11895	11921	11920	12310	12311	12337	12336	
8	11895	11896	11922	11921	12311	12312	12338	12337	
8	11896	11897	11923	11922	12312	12313	12339	12338	
8	11897	11898	11924	11923	12313	12314	12340	12339	
8	11898	11899	11925	11924	12314	12315	12341	12340	
8	11899	11900	11926	11925	12315	12316	12342	12341	
8	11900	11901	11927	11926	12316	12317	12343	12342	
8	11901	11902	11928	11927	12317	12318	12344	12343	
8	11902	11903	11929	11928	12318	12319	12345	12344	
8	11903	11904	11930	11929	12319	12320	12346	12345	
8	11904	11905	11931	11930	12320	12321	12347	12346	
8	11905	11906	11932	11931	12321	12322	12348	12347	
8	11906	11907	11933	11932	12322	12323	12349	12348	
8	11908	11909	11935	11934	12324	12325	12351	12350	
8	11909	11910	11936	11935	12325	12326	12352	12351	
8	11910	11911	11937	11936	12326	12327	12353	12352	
8	11911	11912	11938	11937	12327	12328	12354	12353	
8	11912	11913	11939	11938	12328	12329	12355	12354	
8	11913	11914	11940	11939	12329	12330	12356	12355	
8	11914	11915	11941	11940	12330	12331	12357	12356	
8	11915	11916	11942	11941	12331	12332	12358	12357	
8	11916	11917	11943	11942	12332	12333	12359	12358	
8	11917	11918	11944	11943	12333	12334	12360	12359	
8	11918	11919	11945	11944	12334	12335	12361	12360	
8	11919	11920	11946	11945	12335	12336	12362	12361	
8	11920	11921	11947	11946	12336	12337	12363	12362	
8	11921	11922	11948	11947	12337	12338	12364	12363	
8	11922	11923	11949	11948	12338	12339	12365	12364	
8	11923	11924	11950	11949	12339	12340	12366	12365	
8	11924	11925	11951	11950	12340	12341	12367	12366	
8	11925	11926	11952	11951	12341	12342	12368	12367	
8	11926	11927	11953	11952	12342	12343	12369	12368	
8	11927	11928	11954	11953	12343	12344	12370	12369	
8	11928	11929	11955	11954	12344	12345	12371	12370	
8	11929	11930	11956	11955	12345	12346	12372	12371	
8	11930	11931	11957	11956	12346	12347	12373	12372	
8	11931	11932	11958	11957	12347	12348	12374	12373	
8	11932	11933	11959	11958	12348	12349	12375	12374	
8	11934	11935	11961	11960	12350	12351	12377	12376	
8	11935	11936	11962	11961	12351	12352	12378	12377	
8	11936	11937	11963	11962	12352	12353	12379	12378	
8	11937	11938	11964	11963	12353	12354	12380	12379	
8	11938	11939	11965	11964	12354	12355	12381	12380	
8	11939	11940	11966	11965	12355	12356	12382	12381	
8	11940	11941	11967	11966	12356	12357	12383	12382	
8	11941	11942	11968	11967	12357	12358	12384	12383	
8	11942	11943	11969	11968	12358	12359	12385	12384	
8	11943	11944	11970	11969	12359	12360	12386	12385	
8	11944	11945	11971	11970	12360	12361	12387	12386	
8	11945	11946	11972	11971	12361	12362	12388	12387	
8	11946	11947	11973	11972	12362	12363	12389	12388	
8	11947	11948	11974	11973	12363	12364	12390	12389	
8	11948	11949	11975	11974	12364	12365	12391	12390	
8	11949	11950	11976	11975	12365	12366	12392	12391	
8	11950	11951	11977	11976	12366	12367	12393	12392	
8	11951	11952	11978	11977	12367	12368	12394	12393	
8	11952	11953	11979	11978	12368	12369	12395	12394	
8	11953	11954	11980	11979	12369	12370	12396	12395	
8	11954	11955	11981	11980	12370	12371	12397	12396	
8	11955	11956	11982	11981	12371	12372	12398	12397	
8	11956	11957	11983	11982	12372	12373	12399	12398	
8	11957	11958	11984	11983	12373	12374	12400	12399	
8	11958	11959	11985	11984	12374	12375	12401	12400	
8	11960	11961	11987	11986	12376	12377	12403	12402	
8	11961	11962	11988	11987	12377	12378	12404	12403	
8	11962	11963	11989	11988	12378	12379	12405	12404	
8	11963	11964	11990	11989	12379	12380	12406	12405	
8	11964	11965	11991	11990	12380	12381	12407	12406	
8	11965	11966	11992	11991	12381	12382	12408	12407	
8	11966	11967	11993	11992	12382	12383	12409	12408	
8	11967	11968	11994	11993	12383	12384	12410	12409	
8	11968	11969	11995	11994	12384	12385	12411	12410	
8	11969	11970	11996	11995	12385	12386	12412	12411	
8	11970	11971	11997	11996	12386	12387	12413	12412	
8	11971	11972	11998	11997	12387	12388	12414	12413	
8	11972	11973	11999	11998	12388	12389	12415	12414	
8	11973	11974	12000	11999	12389	12390	12416	12415	
8	11974	11975	12001	12000	12390	12391	12417	12416	
8	11975	11976	12002	12001	12391	12392	12418	12417	
8	11976	11977	12003	12002	12392	12393	12419	12418	
8	11977	11978	12004	12003	12393	12394	12420	12419	
8	11978	11979	12005	12004	12394	12395	12421	12420	
8	11979	11980	12006	12005	12395	12396	12422	12421	
8	11980	11981	12007	12006	12396	12397	12423	12422	
8	11981	11982	12008	12007	12397	12398	12424	12423	
8	11982	11983	12009	12008	12398	12399	12425	12424	
8	11983	11984	12010	12009	12399	12400	12426	12425	
8	11984	11985	12011	12010	12400	12401	12427	12426	
8	11986	11987	12013	12012	12402	12403	12429	12428	
8	11987	11988	12014	12013	12403	12404	12430	12429	
8	11988	11989	12015	12014	12404	12405	12431	12430	
8	11989	11990	12016	12015	12405	12406	12432	12431	
8	11990	11991	12017	12016	12406	12407	12433	12432	
8	11991	11992	12018	12017	12407	12408	12434	12433	
8	11992	11993	12019	12018	12408	12409	12435	12434	
8	11993	11994	12020	12019	12409	12410	12436	12435	
8	11994	11995	12021	12020	12410	12411	12437	12436	
8	11995	11996	12022	12021	12411	12412	12438	12437	
8	11996	11997	12023	12022	12412	12413	12439	12438	
8	11997	11998	12024	12023	12413	12414	12440	12439	
8	11998	11999	12025	12024	12414	12415	12441	12440	
8	11999	12000	12026	12025	12415	12416	12442	12441	
8	12000	12001	12027	12026	12416	12417	12443	12442	
8	12001	12002	12028	12027	12417	12418	12444	12443	
8	12002	12003	12029	12028	12418	12419	12445	12444	
8	12003	12004	12030	12029	12419	12420	12446	12445	
8	12004	12005	12031	12030	12420	12421	12447	12446	
8	12005	12006	12032	12031	12421	12422	12448	12447	
8	12006	12007	12033	12032	12422	12423	12449	12448	
8	12007	12008	12034	12033	12423	12424	12450	12449	
8	12008	12009	12035	12034	12424	12425	12451	12450	
8	12009	12010	12036	12035	12425	12426	12452	12451	
8	12010	12011	12037	12036	12426	12427	12453	12452	
8	12012	12013	12039	12038	12428	12429	12455	12454	
8	12013	12014	12040	12039	12429	12430	12456	12455	
8	12014	12015	12041	12040	12430	12431	12457	12456	
8	12015	12016	12042	12041	12431	12432	12458	12457	
8	12016	12017	12043	12042	12432	12433	12459	12458	
8	12017	12018	12044	12043	12433	12434	12460	12459	
8	12018	12019	12045	12044	12434	12435	12461	12460	
8	12019	12020	12046	12045	12435	12436	12462	12461	
8	12020	12021	12047	12046	12436	12437	12463	12462	
8	12021	12022	12048	12047	12437	12438	12464	12463	
8	12022	12023	12049	12048	12438	12439	12465	12464	
8	12023	12024	12050	12049	12439	12440	12466	12465	
8	12024	12025	12051	12050	12440	12441	12467	12466	
8	12025	12026	12052	12051	12441	12442	12468	12467	
8	12026	12027	12053	12052	12442	12443	12469	12468	
8	12027	12028	12054	12053	12443	12444	12470	12469	
8	12028	12029	12055	12054	12444	12445	12471	12470	
8	12029	12030	12056	12055	12445	12446	12472	12471	
8	12030	12031	12057	12056	12446	12447	12473	12472	
8	12031	12032	12058	12057	12447	12448	12474	12473	
8	12032	12033	12059	12058	12448	12449	12475	12474	
8	12033	12034	12060	12059	12449	12450	12476	12475	
8	12034	12035	12061	12060	12450	12451	12477	12476	
8	12035	12036	12062	12061	12451	12452	12478	12477	
8	12036	12037	12063	12062	12452	12453	12479	12478	
8	12064	12065	12091	12090	12480	12481	12507	12506	
8	12065	12066	12092	12091	12481	12482	12508	12507	
8	12066	12067	12093	12092	12482	12483	12509	12508	
8	12067	12068	12094	12093	12483	12484	12510	12509	
8	12068	12069	12095	12094	12484	12485	12511	12510	
8	12069	12070	12096	12095	12485	12486	12512	12511	
8	12070	12071	12097	12096	12486	12487	12513	12512	
8	12071	12072	12098	12097	12487	12488	12514	12513	
8	12072	12073	12099	12098	12488	12489	12515	12514	
8	12073	12074	12100	12099	12489	12490	12516	12515	
8	12074	12075	12101	12100	12490	12491	12517	12516	
8	12075	12076	12102	12101	12491	12492	12518	12517	
8	12076	12077	12103	12102	12492	12493	12519	12518	
8	12077	12078	12104	12103	12493	12494	12520	12519	
8	12078	12079	12105	12104	12494	12495	12521	12520	
8	12079	12080	12106	12105	12495	12496	12522	12521	
8	12080	12081	12107	12106	12496	12497	12523	12522	
8	12081	12082	12108	12107	12497	12498	12524	12523	
8	12082	12083	12109	12108	12498	12499	12525	12524	
8	12083	12084	12110	12109	12499	12500	12526	12525	
8	12084	12085	12111	12110	12500	12501	12527	12526	
8	12085	12086	12112	12111	12501	12502	12528	12527	
8	12086	12087	12113	12112	12502	12503	12529	12528	
8	12087	12088	12114	12113	12503	12504	12530	12529	
8	12088	12089	12115	12114	12504	12505	12531	12530	
8	12090	12091	12117	12116	12506	12507	12533	12532	
8	12091	12092	12118	12117	12507	12508	12534	12533	
8	12092	12093	12119	12118	12508	12509	12535	12534	
8	12093	12094	12120	12119	12509	12510	12536	12535	
8	12094	12095	12121	12120	12510	12511	12537	12536	
8	12095	12096	12122	12121	12511	12512	12538	12537	
8	12096	12097	12123	12122	12512	12513	12539	12538	
8	12097	12098	12124	12123	12513	12514	12540	12539	
8	12098	12099	12125	12124	12514	12515	12541	12540	
8	12099	12100	12126	12125	12515	12516	12542	12541	
8	12100	12101	12127	12126	12516	12517	12543	12542	
8	12101	12102	12128	12127	12517	12518	12544	12543	
8	12102	12103	12129	12128	12518	12519	12545	12544	
8	12103	12104	12130	12129	12519	12520	12546	12545	
8	12104	12105	12131	12130	12520	12521	12547	12546	
8	12105	12106	12132	12131	12521	12522	12548	12547	
8	12106	12107	12133	12132	12522	12523	12549	12548	
8	12107	12108	12134	12133	12523	12524	12550	12549	
8	12108	12109	12135	12134	12524	12525	12551	12550	
8	12109	12110	12136	12135	12525	12526	12552	12551	
8	12110	12111	12137	12136	12526	12527	12553	12552	
8	12111	12112	12138	12137	12527	12528	12554	12553	
8	12112	12113	12139	12138	12528	12529	12555	12554	
8	12113	12114	12140	12139	12529	12530	12556	12555	
8	12114	12115	12141	12140	12530	12531	12557	12556	
8	12116	12117	12143	12142	12532	12533	12559	12558	
8	12117	12118	12144	12143	12533	12534	12560	12559	
8	12118	12119	12145	12144	12534	12535	12561	12560	
8	12119	12120	12146	12145	12535	12536	12562	12561	
8	12120	12121	12147	12146	12536	12537	12563	12562	
8	12121	12122	12148	12147	12537	12538	12564	12563	
8	12122	12123	12149	12148	12538	12539	12565	12564	
8	12123	12124	12150	12149	12539	12540	12566	12565	
8	12124	12125	12151	12150	12540	12541	12567	12566	
8	12125	12126	12152	12151	12541	12542	12568	12567	
8	12126	12127	12153	12152	12542	12543	12569	12568	
8	12127	12128	12154	12153	12543	12544	12570	12569	
8	12128	12129	12155	12154	12544	12545	12571	12570	
8	12129	12130	12156	12155	12545	12546	12572	12571	
8	12130	12131	12157	12156	12546	12547	12573	12572	
8	12131	12132	12158	12157	12547	12548	12574	12573	
8	12132	12133	12159	12158	12548	12549	12575	12574	
8	12133	12134	12160	12159	12549	12550	12576	12575	
8	12134	12135	12161	12160	12550	12551	12577	12576	
8	12135	12136	12162	12161	12551	12552	12578	12577	
8	12136	12137	12163	12162	12552	12553	12579	12578	
8	12137	12138	12164	12163	12553	12554	12580	12579	
8	12138	12139	12165	12164	12554	12555	12581	12580	
8	12139	12140	12166	12165	12555	12556	12582	12581	
8	12140	12141	12167	12166	12556	12557	12583	12582	
8	12142	12143	12169	12168	12558	12559	12585	12584	
8	12143	12144	12170	12169	12559	12560	12586	12585	
8	12144	12145	12171	12170	12560	12561	12587	12586	
8	12145	12146	12172	12171	12561	12562	12588	12587	
8	12146	12147	12173	12172	12562	12563	12589	12588	
8	12147	12148	12174	12173	12563	12564	12590	12589	
8	12148	12149	12175	12174	12564	12565	12591	12590	
8	12149	12150	12176	12175	12565	12566	12592	12591	
8	12150	12151	12177	12176	12566	12567	12593	12592	
8	12151	12152	12178	12177	12567	12568	12594	12593	
8	12152	12153	12179	12178	12568	12569	12595	12594	
8	12153	12154	12180	12179	12569	12570	12596	12595	
8	12154	12155	12181	12180	12570	12571	12597	12596	
8	12155	12156	12182	12181	12571	12572	12598	12597	
8	12156	12157	12183	12182	12572	12573	12599	12598	
8	12157	12158	12184	12183	12573	12574	12600	12599	
8	12158	12159	12185	12184	12574	12575	12601	12600	
8	12159	12160	12186	12185	12575	12576	12602	12601	
8	12160	12161	12187	12186	12576	12577	12603	12602	
8	12161	12162	12188	12187	12577	12578	12604	12603	
8	12162	12163	12189	12188	12578	12579	12605	12604	
8	12163	12164	12190	12189	12579	12580	12606	12605	
8	12164	12165	12191	12190	12580	12581	12607	12606	
8	12165	12166	12192	12191	12581	12582	12608	12607	
8	12166	12167	12193	12192	12582	12583	12609	12608	
8	12168	12169	12195	12194	12584	12585	12611	12610	
8	12169	12170	12196	12195	12585	12586	12612	12611	
8	12170	12171	12197	12196	12586	12587	12613	12612	
8	12171	12172	12198	12197	12587	12588	12614	12613	
8	12172	12173	12199	12198	12588	12589	12615	12614	
8	12173	12174	12200	12199	12589	12590	12616	12615	
8	12174	12175	12201	12200	12590	12591	12617	12616	
8	12175	12176	12202	12201	12591	12592	12618	12617	
8	12176	12177	12203	12202	12592	12593	12619	12618	
8	12177	12178	12204	12203	12593	12594	12620	12619	
8	12178	12179	12205	12204	12594	12595	12621	12620	
8	12179	12180	12206	12205	12595	12596	12622	12621	
8	12180	12181	12207	12206	12596	12597	12623	12622	
8	12181	12182	12208	12207	12597	12598	12624	12623	
8	12182	12183	12209	12208	12598	12599	12625	12624	
8	12183	12184	12210	12209	12599	12600	12626	12625	
8	12184	12185	12211	12210	12600	12601	12627	12626	
8	12185	12186	12212	12211	12601	12602	12628	12627	
8	12186	12187	12213	12212	12602	12603	12629	12628	
8	12187	12188	12214	12213	12603	12604	12630	12629	
8	12188	12189	12215	12214	12604	12605	12631	12630	
8	12189	12190	12216	12215	12605	12606	12632	12631	
8	12190	12191	12217	12216	12606	12607	12633	12632	
8	12191	12192	12218	12217	12607	12608	12634	12633	
8	12192	12193	12219	12218	12608	12609	12635	12634	
8	12194	12195	12221	12220	12610	12611	12637	12636	
8	12195	12196	12222	12221	12611	12612	12638	12637	
8	12196	12197	12223	12222	12612	12613	12639	12638	
8	12197	12198	12224	12223	12613	12614	12640	12639	
8	12198	12199	12225	12224	12614	12615	12641	12640	
8	12199	12200	12226	12225	12615	12616	12642	12641	
8	12200	12201	12227	12226	12616	12617	12643	12642	
8	12201	12202	12228	12227	12617	12618	12644	12643	
8	12202	12203	12229	12228	12618	12619	12645	12644	
8	12203	12204	12230	12229	12619	12620	12646	12645	
8	12204	12205	12231	12230	12620	12621	12647	12646	
8	12205	12206	12232	12231	12621	12622	12648	12647	
8	12206	12207	12233	12232	12622	12623	12649	12648	
8	12207	12208	12234	12233	12623	12624	12650	12649	
8	12208	12209	12235	12234	12624	12625	12651	12650	
8	12209	12210	12236	12235	12625	12626	12652	12651	
8	12210	12211	12237	12236	12626	12627	12653	12652	
8	12211	12212	12238	12237	12627	12628	12654	12653	
8	12212	12213	12239	12238	12628	12629	12655	12654	
8	12213	12214	12240	12239	12629	12630	12656	12655	
8	12214	12215	12241	12240	12630	12631	12657	12656	
8	12215	12216	12242	12241	12631	12632	12658	12657	
8	12216	12217	12243	12242	12632	12633	12659	12658	
8	12217	12218	12244	12243	12633	12634	12660	12659	
8	12218	12219	12245	12244	12634	12635	12661	12660	
8	12220	12221	12247	12246	12636	12637	12663	12662	
8	12221	12222	12248	12247	12637	12638	12664	12663	
8	12222	12223	12249	12248	12638	12639	12665	12664	
8	12223	12224	12250	12249	12639	12640	12666	12665	
8	12224	12225	12251	12250	12640	12641	12667	12666	
8	12225	12226	12252	12251	12641	12642	12668	12667	
8	12226	12227	12253	12252	12642	12643	12669	12668	
8	12227	12228	12254	12253	12643	12644	12670	12669	
8	12228	12229	12255	12254	12644	12645	12671	12670	
8	12229	12230	12256	12255	12645	12646	12672	12671	
8	12230	12231	12257	12256	12646	12647	12673	12672	
8	12231	12232	12258	12257	12647	12648	12674	12673	
8	12232	12233	12259	12258	12648	12649	12675	12674	
8	12233	12234	12260	12259	12649	12650	12676	12675	
8	12234	12235	12261	12260	12650	12651	12677	12676	
8	12235	12236	12262	12261	12651	12652	12678	12677	
8	12236	12237	12263	12262	12652	12653	12679	12678	
8	12237	12238	12264	12263	12653	12654	12680	12679	
8	12238	12239	12265	12264	12654	12655	12681	12680	
8	12239	12240	12266	12265	12655	12656	12682	12681	
8	12240	12241	12267	12266	12656	12657	12683	12682	
8	12241	12242	12268	12267	12657	12658	12684	12683	
8	12242	12243	12269	12268	12658	12659	12685	12684	
8	12243	12244	12270	12269	12659	12660	12686	12685	
8	12244	12245	12271	12270	12660	12661	12687	12686	
8	12246	12247	12273	12272	12662	12663	12689	12688	
8	12247	12248	12274	12273	12663	12664	12690	12689	
8	12248	12249	12275	12274	12664	12665	12691	12690	
8	12249	12250	12276	12275	12665	12666	12692	12691	
8	12250	12251	12277	12276	12666	12667	12693	12692	
8	12251	12252	12278	12277	12667	12668	12694	12693	
8	12252	12253	12279	12278	12668	12669	12695	12694	
8	12253	12254	12280	12279	12669	12670	12696	12695	
8	12254	12255	12281	12280	12670	12671	12697	12696	
8	12255	12256	12282	12281	12671	12672	12698	12697	
8	12256	12257	12283	12282	12672	12673	12699	12698	
8	12257	12258	12284	12283	12673	12674	12700	12699	
8	12258	12259	12285	12284	12674	12675	12701	12700	
8	12259	12260	12286	12285	12675	12676	12702	12701	
8	12260	12261	12287	12286	12676	12677	12703	12702	
8	12261	12262	12288	12287	12677	12678	12704	12703	
8	12262	12263	12289	12288	12678	12679	12705	12704	
8	12263	12264	12290	12289	12679	12680	12706	12705	
8	12264	12265	12291	12290	12680	12681	12707	12706	
8	12265	12266	12292	12291	12681	12682	12708	12707	
8	12266	12267	12293	12292	12682	12683	12709	12708	
8	12267	12268	12294	12293	12683	12684	12710	12709	
8	12268	12269	12295	12294	12684	12685	12711	12710	
8	12269	12270	12296	12295	12685	12686	12712	12711	
8	12270	12271	12297	12296	12686	12687	12713	12712	
8	12272	12273	12299	12298	12688	12689	12715	12714	
8	12273	12274	12300	12299	12689	12690	12716	12715	
8	12274	12275	12301	12300	12690	12691	12717	12716	
8	12275	12276	12302	12301	12691	12692	12718	12717	
8	12276	12277	12303	12302	12692	12693	12719	12718	
8	12277	12278	12304	12303	12693	12694	12720	12719	
8	12278	12279	12305	12304	12694	12695	12721	12720	
8	12279	12280	12306	12305	12695	12696	12722	12721	
8	12280	12281	12307	12306	12696	12697	12723	12722	
8	12281	12282	12308	12307	12697	12698	12724	12723	
8	12282	12283	12309	12308	12698	12699	12725	12724	
8	12283	12284	12310	12309	12699	12700	12726	12725	
8	12284	12285	12311	12310	12700	12701	12727	12726	
8	12285	12286	12312	12311	12701	12702	12728	12727	
8	12286	12287	12313	12312	12702	12703	12729	12728	
8	12287	12288	12314	12313	12703	12704	12730	12729	
8	12288	12289	12315	12314	12704	12705	12731	12730	
8	12289	12290	12316	12315	12705	12706	12732	12731	
8	12290	12291	12317	12316	12706	12707	12733	12732	
8	12291	12292	12318	12317	12707	12708	12734	12733	
8	12292	12293	12319	12318	12708	12709	12735	12734	
8	12293	12294	12320	12319	12709	12710	12736	12735	
8	12294	12295	12321	12320	12710	12711	12737	12736	
8	12295	12296	12322	12321	12711	12712	12738	12737	
8	12296	12297	12323	12322	12712	12713	12739	12738	
8	12298	12299	12325	12324	12714	12715	12741	12740	
8	12299	12300	12326	12325	12715	12716	12742	12741	
8	12300	12301	12327	12326	12716	12717	12743	12742	
8	12301	12302	12328	12327	12717	12718	12744	12743	
8	12302	12303	12329	12328	12718	12719	12745	12744	
8	12303	12304	12330	12329	12719	12720	12746	12745	
8	12304	12305	12331	12330	12720	12721	12747	12746	
8	12305	12306	12332	12331	12721	12722	12748	12747	
8	12306	12307	12333	12332	12722	12723	12749	12748	
8	12307	12308	12334	12333	12723	12724	12750	12749	
8	12308	12309	12335	12334	12724	12725	12751	12750	
8	12309	12310	12336	12335	12725	12726	12752	12751	
8	12310	12311	12337	12336	12726	12727	12753	12752	
8	12311	12312	12338	12337	12727	12728	12754	12753	
8	12312	12313	12339	12338	12728	12729	12755	12754	
8	12313	12314	12340	12339	12729	12730	12756	12755	
8	12314	12315	12341	12340	12730	12731	12757	12756	
8	12315	12316	12342	12341	12731	12732	12758	12757	
8	12316	12317	12343	12342	12732	12733	12759	12758	
8	12317	12318	12344	12343	12733	12734	12760	12759	
8	12318	12319	12345	12344	12734	12735	12761	12760	
8	12319	12320	12346	12345	12735	12736	12762	12761	
8	12320	12321	12347	12346	12736	12737	12763	12762	
8	12321	12322	12348	12347	12737	12738	12764	12763	
8	12322	12323	12349	12348	12738	12739	12765	12764	
8	12324	12325	12351	12350	12740	12741	12767	12766	
8	12325	12326	12352	12351	12741	12742	12768	12767	
8	12326	12327	12353	12352	12742	12743	12769	12768	
8	12327	12328	12354	12353	12743	12744	12770	12769	
8	12328	12329	12355	12354	12744	12745	12771	12770	
8	12329	12330	12356	12355	12745	12746	12772	12771	
8	12330	12331	12357	12356	12746	12747	12773	12772	
8	12331	12332	12358	12357	12747	12748	12774	12773	
8	12332	12333	12359	12358	12748	12749	12775	12774	
8	12333	12334	12360	12359	12749	12750	12776	12775	
8	12334	12335	12361	12360	12750	12751	12777	12776	
8	12335	12336	12362	12361	12751	12752	12778	12777	
8	12336	12337	12363	12362	12752	12753	12779	12778	
8	12337	12338	12364	12363	12753	12754	12780	12779	
8	12338	12339	12365	12364	12754	12755	12781	12780	
8	12339	12340	12366	12365	12755	12756	12782	12781	
8	12340	12341	12367	12366	12756	12757	12783	12782	
8	12341	12342	12368	12367	12757	12758	12784	12783	
8	12342	12343	12369	12368	12758	12759	12785	12784	
8	12343	12344	12370	12369	12759	12760	12786	12785	
8	12344	12345	12371	12370	12760	12761	12787	12786	
8	12345	12346	12372	12371	12761	12762	12788	12787	
8	12346	12347	12373	12372	12762	12763	12789	12788	
8	12347	12348	12374	12373	12763	12764	12790	12789	
8	12348	12349	12375	12374	12764	12765	12791	12790	
8	12350	12351	12377	12376	12766	12767	12793	12792	
8	12351	12352	12378	12377	12767	12768	12794	12793	
8	12352	12353	12379	12378	12768	12769	12795	12794	
8	12353	12354	12380	12379	12769	12770	12796	12795	
8	12354	12355	12381	12380	12770	12771	12797	12796	
8	12355	12356	12382	12381	12771	12772	12798	12797	
8	12356	12357	12383	12382	12772	12773	12799	12798	
8	12357	12358	12384	12383	12773	12774	12800	12799	
8	12358	12359	12385	12384	12774	12775	12801	12800	
8	12359	12360	12386	12385	12775	12776	12802	12801	
8	12360	12361	12387	12386	12776	12777	12803	12802	
8	12361	12362	12388	12387	12777	12778	12804	12803	
8	12362	12363	12389	12388	12778	12779	12805	12804	
8	12363	12364	12390	12389	12779	12780	12806	12805	
8	12364	12365	12391	12390	12780	12781	12807	12806	
8	12365	12366	12392	12391	12781	12782	12808	12807	
8	12366	12367	12393	12392	12782	12783	12809	12808	
8	12367	12368	12394	12393	12783	12784	12810	12809	
8	12368	12369	12395	12394	12784	12785	12811	12810	
8	12369	12370	12396	12395	12785	12786	12812	12811	
8	12370	12371	12397	12396	12786	12787	12813	12812	
8	12371	12372	12398	12397	12787	12788	12814	12813	
8	12372	12373	12399	12398	12788	12789	12815	12814	
8	12373	12374	12400	12399	12789	12790	12816	12815	
8	12374	12375	12401	12400	12790	12791	12817	12816	
8	12376	12377	12403	12402	12792	12793	12819	12818	
8	12377	12378	12404	12403	12793	12794	12820	12819	
8	12378	12379	12405	12404	12794	12795	12821	12820	
8	12379	12380	12406	12405	12795	12796	12822	12821	
8	12380	12381	12407	12406	12796	12797	12823	12822	
8	12381	12382	12408	12407	12797	12798	12824	12823	
8	12382	12383	12409	12408	12798	12799	12825	12824	
8	12383	12384	12410	12409	12799	12800	12826	12825	
8	12384	12385	12411	12410	12800	12801	12827	12826	
8	12385	12386	12412	12411	12801	12802	12828	12827	
8	12386	12387	12413	12412	12802	12803	12829	12828	
8	12387	12388	12414	12413	12803	12804	12830	12829	
8	12388	12389	12415	12414	12804	12805	12831	12830	
8	12389	12390	12416	12415	12805	12806	12832	12831	
8	12390	12391	12417	12416	12806	12807	12833	12832	
8	12391	12392	12418	12417	12807	12808	12834	12833	
8	12392	12393	12419	12418	12808	12809	12835	12834	
8	12393	12394	12420	12419	12809	12810	12836	12835	
8	12394	12395	12421	12420	12810	12811	12837	12836	
8	12395	12396	12422	12421	12811	12812	12838	12837	
8	12396	12397	12423	12422	12812	12813	12839	12838	
8	12397	12398	12424	12423	12813	12814	12840	12839	
8	12398	12399	12425	12424	12814	12815	12841	12840	
8	12399	12400	12426	12425	12815	12816	12842	12841	
8	12400	12401	12427	12426	12816	12817	12843	12842	
8	12402	12403	12429	12428	12818	12819	12845	12844	
8	12403	12404	12430	12429	12819	12820	12846	12845	
8	12404	12405	12431	12430	12820	12821	12847	12846	
8	12405	12406	12432	12431	12821	12822	12848	12847	
8	12406	12407	12433	12432	12822	12823	12849	12848	
8	12407	12408	12434	12433	12823	12824	12850	12849	
8	12408	12409	12435	12434	12824	12825	12851	12850	
8	12409	12410	12436	12435	12825	12826	12852	12851	
8	12410	12411	12437	12436	12826	12827	12853	12852	
8	12411	12412	12438	12437	12827	12828	12854	12853	
8	12412	12413	12439	12438	12828	12829	12855	12854	
8	12413	12414	12440	12439	12829	12830	12856	12855	
8	12414	12415	12441	12440	12830	12831	12857	12856	
8	12415	12416	12442	12441	12831	12832	12858	12857	
8	12416	12417	12443	12442	12832	12833	12859	12858	
8	12417	12418	12444	12443	12833	12834	12860	12859	
8	12418	12419	12445	12444	12834	12835	12861	12860	
8	12419	12420	12446	12445	12835	12836	12862	12861	
8	12420	12421	12447	12446	12836	12837	12863	12862	
8	12421	12422	12448	12447	12837	12838	12864	12863	
8	12422	12423	12449	12448	12838	12839	12865	12864	
8	12423	12424	12450	12449	12839	12840	12866	12865	
8	12424	12425	12451	12450	12840	12841	12867	12866	
8	12425	12426	12452	12451	12841	12842	12868	12867	
8	12426	12427	12453	12452	12842	12843	12869	12868	
8	12428	12429	12455	12454	12844	12845	12871	12870	
8	12429	12430	12456	12455	12845	12846	12872	12871	
8	12430	12431	12457	12456	12846	12847	12873	12872	
8	12431	12432	12458	12457	12847	12848	12874	12873	
8	12432	12433	12459	12458	12848	12849	12875	12874	
8	12433	12434	12460	12459	12849	12850	12876	12875	
8	12434	12435	12461	12460	12850	12851	12877	12876	
8	12435	12436	12462	12461	12851	12852	12878	12877	
8	12436	12437	12463	12462	12852	12853	12879	12878	
8	12437	12438	12464	12463	12853	12854	12880	12879	
8	12438	12439	12465	12464	12854	12855	12881	12880	
8	12439	12440	12466	12465	12855	12856	12882	12881	
8	12440	12441	12467	12466	12856	12857	12883	12882	
8	12441	12442	12468	12467	12857	12858	12884	12883	
8	12442	12443	12469	12468	12858	12859	12885	12884	
8	12443	12444	12470	12469	12859	12860	12886	12885	
8	12444	12445	12471	12470	12860	12861	12887	12886	
8	12445	12446	12472	12471	12861	12862	12888	12887	
8	12446	12447	12473	12472	12862	12863	12889	12888	
8	12447	12448	12474	12473	12863	12864	12890	12889	
8	12448	12449	12475	12474	12864	12865	12891	12890	
8	12449	12450	12476	12475	12865	12866	12892	12891	
8	12450	12451	12477	12476	12866	12867	12893	12892	
8	12451	12452	12478	12477	12867	12868	12894	12893	
8	12452	12453	12479	12478	12868	12869	12895	12894	
8	12480	12481	12507	12506	12896	12897	12923	12922	
8	12481	12482	12508	12507	12897	12898	12924	12923	
8	12482	12483	12509	12508	12898	12899	12925	12924	
8	12483	12484	12510	12509	12899	12900	12926	12925	
8	12484	12485	12511	12510	12900	12901	12927	12926	
8	12485	12486	12512	12511	12901	12902	12928	12927	
8	12486	12487	12513	12512	12902	12903	12929	12928	
8	12487	12488	12514	12513	12903	12904	12930	12929	
8	12488	12489	12515	12514	12904	12905	12931	12930	
8	12489	12490	12516	12515	12905	12906	12932	12931	
8	12490	12491	12517	12516	12906	12907	12933	12932	
8	12491	12492	12518	12517	12907	12908	12934	12933	
8	12492	12493	12519	12518	12908	12909	12935	12934	
8	12493	12494	12520	12519	12909	12910	12936	12935	
8	12494	12495	12521	12520	12910	12911	12937	12936	
8	12495	12496	12522	12521	12911	12912	12938	12937	
8	12496	12497	12523	12522	12912	12913	12939	12938	
8	12497	12498	12524	12523	12913	12914	12940	12939	
8	12498	12499	12525	12524	12914	12915	12941	12940	
8	12499	12500	12526	12525	12915	12916	12942	12941	
8	12500	12501	12527	12526	12916	12917	12943	12942	
8	12501	12502	12528	12527	12917	12918	12944	12943	
8	12502	12503	12529	12528	12918	12919	12945	12944	
8	12503	12504	12530	12529	12919	12920	12946	12945	
8	12504	12505	12531	12530	12920	12921	12947	12946	
8	12506	12507	12533	12532	12922	12923	12949	12948	
8	12507	12508	12534	12533	12923	12924	12950	12949	
8	12508	12509	12535	12534	12924	12925	12951	12950	
8	12509	12510	12536	12535	12925	12926	12952	12951	
8	12510	12511	12537	12536	12926	12927	12953	12952	
8	12511	12512	12538	12537	12927	12928	12954	12953	
8	12512	12513	12539	12538	12928	12929	12955	12954	
8	12513	12514	12540	12539	12929	12930	12956	12955	
8	12514	12515	12541	12540	12930	12931	12957	12956	
8	12515	12516	12542	12541	12931	12932	12958	12957	
8	12516	12517	12543	12542	12932	12933	12959	12958	
8	12517	12518	12544	12543	12933	12934	12960	12959	
8	12518	12519	12545	12544	12934	12935	12961	12960	
8	12519	12520	12546	12545	12935	12936	12962	12961	
8	12520	12521	12547	12546	12936	12937	12963	12962	
8	12521	12522	12548	12547	12937	12938	12964	12963	
8	12522	12523	12549	12548	12938	12939	12965	12964	
8	12523	12524	12550	12549	12939	12940	12966	12965	
8	12524	12525	12551	12550	12940	12941	12967	12966	
8	12525	12526	12552	12551	12941	12942	12968	12967	
8	12526	12527	12553	12552	12942	12943	12969	12968	
8	12527	12528	12554	12553	12943	12944	12970	12969	
8	12528	12529	12555	12554	12944	12945	12971	12970	
8	12529	12530	12556	12555	12945	12946	12972	12971	
8	12530	12531	12557	12556	12946	12947	12973	12972	
8	12532	12533	12559	12558	12948	12949	12975	12974	
8	12533	12534	12560	12559	12949	12950	12976	12975	
8	12534	12535	12561	12560	12950	12951	12977	12976	
8	12535	12536	12562	12561	12951	12952	12978	12977	
8	12536	12537	12563	12562	12952	12953	12979	12978	
8	12537	12538	12564	12563	12953	12954	12980	12979	
8	12538	12539	12565	12564	12954	12955	12981	12980	
8	12539	12540	12566	12565	12955	12956	12982	12981	
8	12540	12541	12567	12566	12956	12957	12983	12982	
8	12541	12542	12568	12567	12957	12958	12984	12983	
8	12542	12543	12569	12568	12958	12959	12985	12984	
8	12543	12544	12570	12569	12959	12960	12986	12985	
8	12544	12545	12571	12570	12960	12961	12987	12986	
8	12545	12546	12572	12571	12961	12962	12988	12987	
8	12546	12547	12573	12572	12962	12963	12989	12988	
8	12547	12548	12574	12573	12963	12964	12990	12989	
8	12548	12549	12575	12574	12964	12965	12991	12990	
8	12549	12550	12576	12575	12965	12966	12992	12991	
8	12550	12551	12577	12576	12966	12967	12993	12992	
8	12551	12552	12578	12577	12967	12968	12994	12993	
8	12552	12553	12579	12578	12968	12969	12995	12994	
8	12553	12554	12580	12579	12969	12970	12996	12995	
8	12554	12555	12581	12580	12970	12971	12997	12996	
8	12555	12556	12582	12581	12971	12972	12998	12997	
8	12556	12557	12583	12582	12972	12973	12999	12998	
8	12558	12559	12585	12584	12974	12975	13001	13000	
8	12559	12560	12586	12585	12975	12976	13002	13001	
8	12560	12561	12587	12586	12976	12977	13003	13002	
8	12561	12562	12588	12587	12977	12978	13004	13003	
8	12562	12563	12589	12588	12978	12979	13005	13004	
8	12563	12564	12590	12589	12979	12980	13006	13005	
8	12564	12565	12591	12590	12980	12981	13007	13006	
8	12565	12566	12592	12591	12981	12982	13008	13007	
8	12566	12567	12593	12592	12982	12983	13009	13008	
8	12567	12568	12594	12593	12983	12984	13010	13009	
8	12568	12569	12595	12594	12984	12985	13011	13010	
8	12569	12570	12596	12595	12985	12986	13012	13011	
8	12570	12571	12597	12596	12986	12987	13013	13012	
8	12571	12572	12598	12597	12987	12988	13014	13013	
8	12572	12573	12599	12598	12988	12989	13015	13014	
8	12573	12574	12600	12599	12989	12990	13016	13015	
8	12574	12575	12601	12600	12990	12991	13017	13016	
8	12575	12576	12602	12601	12991	12992	13018	13017	
8	12576	12577	12603	12602	12992	12993	13019	13018	
8	12577	12578	12604	12603	12993	12994	13020	13019	
8	12578	12579	12605	12604	12994	12995	13021	13020	
8	12579	12580	12606	12605	12995	12996	13022	13021	
8	12580	12581	12607	12606	12996	12997	13023	13022	
8	12581	12582	12608	12607	12997	12998	13024	13023	
8	12582	12583	12609	12608	12998	12999	13025	13024	
8	12584	12585	12611	12610	13000	13001	13027	13026	
8	12585	12586	12612	12611	13001	13002	13028	13027	
8	12586	12587	12613	12612	13002	13003	13029	13028	
8	12587	12588	12614	12613	13003	13004	13030	13029	
8	12588	12589	12615	12614	13004	13005	13031	13030	
8	12589	12590	12616	12615	13005	13006	13032	13031	
8	12590	12591	12617	12616	13006	13007	13033	13032	
8	12591	12592	12618	12617	13007	13008	13034	13033	
8	12592	12593	12619	12618	13008	13009	13035	13034	
8	12593	12594	12620	12619	13009	13010	13036	13035	
8	12594	12595	12621	12620	13010	13011	13037	13036	
8	12595	12596	12622	12621	13011	13012	13038	13037	
8	12596	12597	12623	12622	13012	13013	13039	13038	
8	12597	12598	12624	12623	13013	13014	13040	13039	
8	12598	12599	12625	12624	13014	13015	13041	13040	
8	12599	12600	12626	12625	13015	13016	13042	13041	
8	12600	12601	12627	12626	13016	13017	13043	13042	
8	12601	12602	12628	12627	13017	13018	13044	13043	
8	12602	12603	12629	12628	13018	13019	13045	13044	
8	12603	12604	12630	12629	13019	13020	13046	13045	
8	12604	12605	12631	12630	13020	13021	13047	13046	
8	12605	12606	12632	12631	13021	13022	13048	13047	
8	12606	12607	12633	12632	13022	13023	13049	13048	
8	12607	12608	12634	12633	13023	13024	13050	13049	
8	12608	12609	12635	12634	13024	13025	13051	13050	
8	12610	12611	12637	12636	13026	13027	13053	13052	
8	12611	12612	12638	12637	13027	13028	13054	13053	
8	12612	12613	12639	12638	13028	13029	13055	13054	
8	12613	12614	12640	12639	13029	13030	13056	13055	
8	12614	12615	12641	12640	13030	13031	13057	13056	
8	12615	12616	12642	12641	13031	13032	13058	13057	
8	12616	12617	12643	12642	13032	13033	13059	13058	
8	12617	12618	12644	12643	13033	13034	13060	13059	
8	12618	12619	12645	12644	13034	13035	13061	13060	
8	12619	12620	12646	12645	13035	13036	13062	13061	
8	12620	12621	12647	12646	13036	13037	13063	13062	
8	12621	12622	12648	12647	13037	13038	13064	13063	
8	12622	12623	12649	12648	13038	13039	13065	13064	
8	12623	12624	12650	12649	13039	13040	13066	13065	
8	12624	12625	12651	12650	13040	13041	13067	13066	
8	12625	12626	12652	12651	13041	13042	13068	13067	
8	12626	12627	12653	12652	13042	13043	13069	13068	
8	12627	12628	12654	12653	13043	13044	13070	13069	
8	12628	12629	12655	12654	13044	13045	13071	13070	
8	12629	12630	12656	12655	13045	13046	13072	13071	
8	12630	12631	12657	12656	13046	13047	13073	13072	
8	12631	12632	12658	12657	13047	13048	13074	13073	
8	12632	12633	12659	12658	13048	13049	13075	13074	
8	12633	12634	12660	12659	13049	13050	13076	13075	
8	12634	12635	12661	12660	13050	13051	13077	13076	
8	12636	12637	12663	12662	13052	13053	13079	13078	
8	12637	12638	12664	12663	13053	13054	13080	13079	
8	12638	12639	12665	12664	13054	13055	13081	13080	
8	12639	12640	12666	12665	13055	13056	13082	13081	
8	12640	12641	12667	12666	13056	13057	13083	13082	
8	12641	12642	12668	12667	13057	13058	13084	13083	
8	12642	12643	12669	12668	13058	13059	13085	13084	
8	12643	12644	12670	12669	13059	13060	13086	13085	
8	12644	12645	12671	12670	13060	13061	13087	13086	
8	12645	12646	12672	12671	13061	13062	13088	13087	
8	12646	12647	12673	12672	13062	13063	13089	13088	
8	12647	12648	12674	12673	13063	13064	13090	13089	
8	12648	12649	12675	12674	13064	13065	13091	13090	
8	12649	12650	12676	12675	13065	13066	13092	13091	
8	12650	12651	12677	12676	13066	13067	13093	13092	
8	12651	12652	12678	12677	13067	13068	13094	13093	
8	12652	12653	12679	12678	13068	13069	13095	13094	
8	12653	12654	12680	12679	13069	13070	13096	13095	
8	12654	12655	12681	12680	13070	13071	13097	13096	
8	12655	12656	12682	12681	13071	13072	13098	13097	
8	12656	12657	12683	12682	13072	13073	13099	13098	
8	12657	12658	12684	12683	13073	13074	13100	13099	
8	12658	12659	12685	12684	13074	13075	13101	13100	
8	12659	12660	12686	12685	13075	13076	13102	13101	
8	12660	12661	12687	12686	13076	13077	13103	13102	
8	12662	12663	12689	12688	13078	13079	13105	13104	
8	12663	12664	12690	12689	13079	13080	13106	13105	
8	12664	12665	12691	12690	13080	13081	13107	13106	
8	12665	12666	12692	12691	13081	13082	13108	13107	
8	12666	12667	12693	12692	13082	13083	13109	13108	
8	12667	12668	12694	12693	13083	13084	13110	13109	
8	12668	12669	12695	12694	13084	13085	13111	13110	
8	12669	12670	12696	12695	13085	13086	13112	13111	
8	12670	12671	12697	12696	13086	13087	13113	13112	
8	12671	12672	12698	12697	13087	13088	13114	13113	
8	12672	12673	12699	12698	13088	13089	13115	13114	
8	12673	12674	12700	12699	13089	13090	13116	13115	
8	12674	12675	12701	12700	13090	13091	13117	13116	
8	12675	12676	12702	12701	13091	13092	13118	13117	
8	12676	12677	12703	12702	13092	13093	13119	13118	
8	12677	12678	12704	12703	13093	13094	13120	13119	
8	12678	12679	12705	12704	13094	13095	13121	13120	
8	12679	12680	12706	12705	13095	13096	13122	13121	
8	12680	12681	12707	12706	13096	13097	13123	13122	
8	12681	12682	12708	12707	13097	13098	13124	13123	
8	12682	12683	12709	12708	13098	13099	13125	13124	
8	12683	12684	12710	12709	13099	13100	13126	13125	
8	12684	12685	12711	12710	13100	13101	13127	13126	
8	12685	12686	12712	12711	13101	13102	13128	13127	
8	12686	12687	12713	12712	13102	13103	13129	13128	
8	12688	12689	12715	12714	13104	13105	13131	13130	
8	12689	12690	12716	12715	13105	13106	13132	13131	
8	12690	12691	12717	12716	13106	13107	13133	13132	
8	12691	12692	12718	12717	13107	13108	13134	13133	
8	12692	12693	12719	12718	13108	13109	13135	13134	
8	12693	12694	12720	12719	13109	13110	13136	13135	
8	12694	12695	12721	12720	13110	13111	13137	13136	
8	12695	12696	12722	12721	13111	13112	13138	13137	
8	12696	12697	12723	12722	13112	13113	13139	13138	
8	12697	12698	12724	12723	13113	13114	13140	13139	
8	12698	12699	12725	12724	13114	13115	13141	13140	
8	12699	12700	12726	12725	13115	13116	13142	13141	
8	12700	12701	12727	12726	13116	13117	13143	13142	
8	12701	12702	12728	12727	13117	13118	13144	13143	
8	12702	12703	12729	12728	13118	13119	13145	13144	
8	12703	12704	12730	12729	13119	13120	13146	13145	
8	12704	12705	12731	12730	13120	13121	13147	13146	
8	12705	12706	12732	12731	13121	13122	13148	13147	
8	12706	12707	12733	12732	13122	13123	13149	13148	
8	12707	12708	12734	12733	13123	13124	13150	13149	
8	12708	12709	12735	12734	13124	13125	13151	13150	
8	12709	12710	12736	12735	13125	13126	13152	13151	
8	12710	12711	12737	12736	13126	13127	13153	13152	
8	12711	12712	12738	12737	13127	13128	13154	13153	
8	12712	12713	12739	12738	13128	13129	13155	13154	
8	12714	12715	12741	12740	13130	13131	13157	13156	
8	12715	12716	12742	12741	13131	13132	13158	13157	
8	12716	12717	12743	12742	13132	13133	13159	13158	
8	12717	12718	12744	12743	13133	13134	13160	13159	
8	12718	12719	12745	12744	13134	13135	13161	13160	
8	12719	12720	12746	12745	13135	13136	13162	13161	
8	12720	12721	12747	12746	13136	13137	13163	13162	
8	12721	12722	12748	12747	13137	13138	13164	13163	
8	12722	12723	12749	12748	13138	13139	13165	13164	
8	12723	12724	12750	12749	13139	13140	13166	13165	
8	12724	12725	12751	12750	13140	13141	13167	13166	
8	12725	12726	12752	12751	13141	13142	13168	13167	
8	12726	12727	12753	12752	13142	13143	13169	13168	
8	12727	12728	12754	12753	13143	13144	13170	13169	
8	12728	12729	12755	12754	13144	13145	13171	13170	
8	12729	12730	12756	12755	13145	13146	13172	13171	
8	12730	12731	12757	12756	13146	13147	13173	13172	
8	12731	12732	12758	12757	13147	13148	13174	13173	
8	12732	12733	12759	12758	13148	13149	13175	13174	
8	12733	12734	12760	12759	13149	13150	13176	13175	
8	12734	12735	12761	12760	13150	13151	13177	13176	
8	12735	12736	12762	12761	13151	13152	13178	13177	
8	12736	12737	12763	12762	13152	13153	13179	13178	
8	12737	12738	12764	12763	13153	13154	13180	13179	
8	12738	12739	12765	12764	13154	13155	13181	13180	
8	12740	12741	12767	12766	13156	13157	13183	13182	
8	12741	12742	12768	12767	13157	13158	13184	13183	
8	12742	12743	12769	12768	13158	13159	13185	13184	
8	12743	12744	12770	12769	13159	13160	13186	13185	
8	12744	12745	12771	12770	13160	13161	13187	13186	
8	12745	12746	12772	12771	13161	13162	13188	13187	
8	12746	12747	12773	12772	13162	13163	13189	13188	
8	12747	12748	12774	12773	13163	13164	13190	13189	
8	12748	12749	12775	12774	13164	13165	13191	13190	
8	12749	12750	12776	12775	13165	13166	13192	13191	
8	12750	12751	12777	12776	13166	13167	13193	13192	
8	12751	12752	12778	12777	13167	13168	13194	13193	
8	12752	12753	12779	12778	13168	13169	13195	13194	
8	12753	12754	12780	12779	13169	13170	13196	13195	
8	12754	12755	12781	12780	13170	13171	13197	13196	
8	12755	12756	12782	12781	13171	13172	13198	13197	
8	12756	12757	12783	12782	13172	13173	13199	13198	
8	12757	12758	12784	12783	13173	13174	13200	13199	
8	12758	12759	12785	12784	13174	13175	13201	13200	
8	12759	12760	12786	12785	13175	13176	13202	13201	
8	12760	12761	12787	12786	13176	13177	13203	13202	
8	12761	12762	12788	12787	13177	13178	13204	13203	
8	12762	12763	12789	12788	13178	13179	13205	13204	
8	12763	12764	12790	12789	13179	13180	13206	13205	
8	12764	12765	12791	12790	13180	13181	13207	13206	
8	12766	12767	12793	12792	13182	13183	13209	13208	
8	12767	12768	12794	12793	13183	13184	13210	13209	
8	12768	12769	12795	12794	13184	13185	13211	13210	
8	12769	12770	12796	12795	13185	13186	13212	13211	
8	12770	12771	12797	12796	13186	13187	13213	13212	
8	12771	12772	12798	12797	13187	13188	13214	13213	
8	12772	12773	12799	12798	13188	13189	13215	13214	
8	12773	12774	12800	12799	13189	13190	13216	13215	
8	12774	12775	12801	12800	13190	13191	13217	13216	
8	12775	12776	12802	12801	13191	13192	13218	13217	
8	12776	12777	12803	12802	13192	13193	13219	13218	
8	12777	12778	12804	12803	13193	13194	13220	13219	
8	12778	12779	12805	12804	13194	13195	13221	13220	
8	12779	12780	12806	12805	13195	13196	13222	13221	
8	12780	12781	12807	12806	13196	13197	13223	13222	
8	12781	12782	12808	12807	13197	13198	13224	13223	
8	12782	12783	12809	12808	13198	13199	13225	13224	
8	12783	12784	12810	12809	13199	13200	13226	13225	
8	12784	12785	12811	12810	13200	13201	13227	13226	
8	12785	12786	12812	12811	13201	13202	13228	13227	
8	12786	12787	12813	12812	13202	13203	13229	13228	
8	12787	12788	12814	12813	13203	13204	13230	13229	
8	12788	12789	12815	12814	13204	13205	13231	13230	
8	12789	12790	12816	12815	13205	13206	13232	13231	
8	12790	12791	12817	12816	13206	13207	13233	13232	
8	12792	12793	12819	12818	13208	13209	13235	13234	
8	12793	12794	12820	12819	13209	13210	13236	13235	
8	12794	12795	12821	12820	13210	13211	13237	13236	
8	12795	12796	12822	12821	13211	13212	13238	13237	
8	12796	12797	12823	12822	13212	13213	13239	13238	
8	12797	12798	12824	12823	13213	13214	13240	13239	
8	12798	12799	12825	12824	13214	13215	13241	13240	
8	12799	12800	12826	12825	13215	13216	13242	13241	
8	12800	12801	12827	12826	13216	13217	13243	13242	
8	12801	12802	12828	12827	13217	13218	13244	13243	
8	12802	12803	12829	12828	13218	13219	13245	13244	
8	12803	12804	12830	12829	13219	13220	13246	13245	
8	12804	12805	12831	12830	13220	13221	13247	13246	
8	12805	12806	12832	12831	13221	13222	13248	13247	
8	12806	12807	12833	12832	13222	13223	13249	13248	
8	12807	12808	12834	12833	13223	13224	13250	13249	
8	12808	12809	12835	12834	13224	13225	13251	13250	
8	12809	12810	12836	12835	13225	13226	13252	13251	
8	12810	12811	12837	12836	13226	13227	13253	13252	
8	12811	12812	12838	12837	13227	13228	13254	13253	
8	12812	12813	12839	12838	13228	13229	13255	13254	
8	12813	12814	12840	12839	13229	13230	13256	13255	
8	12814	12815	12841	12840	13230	13231	13257	13256	
8	12815	12816	12842	12841	13231	13232	13258	13257	
8	12816	12817	12843	12842	13232	13233	13259	13258	
8	12818	12819	12845	12844	13234	13235	13261	13260	
8	12819	12820	12846	12845	13235	13236	13262	13261	
8	12820	12821	12847	12846	13236	13237	13263	13262	
8	12821	12822	12848	12847	13237	13238	13264	13263	
8	12822	12823	12849	12848	13238	13239	13265	13264	
8	12823	12824	12850	12849	13239	13240	13266	13265	
8	12824	12825	12851	12850	13240	13241	13267	13266	
8	12825	12826	12852	12851	13241	13242	13268	13267	
8	12826	12827	12853	12852	13242	13243	13269	13268	
8	12827	12828	12854	12853	13243	13244	13270	13269	
8	12828	12829	12855	12854	13244	13245	13271	13270	
8	12829	12830	12856	12855	13245	13246	13272	13271	
8	12830	12831	12857	12856	13246	13247	13273	13272	
8	12831	12832	12858	12857	13247	13248	13274	13273	
8	12832	12833	12859	12858	13248	13249	13275	13274	
8	12833	12834	12860	12859	13249	13250	13276	13275	
8	12834	12835	12861	12860	13250	13251	13277	13276	
8	12835	12836	12862	12861	13251	13252	13278	13277	
8	12836	12837	12863	12862	13252	13253	13279	13278	
8	12837	12838	12864	12863	13253	13254	13280	13279	
8	12838	12839	12865	12864	13254	13255	13281	13280	
8	12839	12840	12866	12865	13255	13256	13282	13281	
8	12840	12841	12867	12866	13256	13257	13283	13282	
8	12841	12842	12868	12867	13257	13258	13284	13283	
8	12842	12843	12869	12868	13258	13259	13285	13284	
8	12844	12845	12871	12870	13260	13261	13287	13286	
8	12845	12846	12872	12871	13261	13262	13288	13287	
8	12846	12847	12873	12872	13262	13263	13289	13288	
8	12847	12848	12874	12873	13263	13264	13290	13289	
8	12848	12849	12875	12874	13264	13265	13291	13290	
8	12849	12850	12876	12875	13265	13266	13292	13291	
8	12850	12851	12877	12876	13266	13267	13293	13292	
8	12851	12852	12878	12877	13267	13268	13294	13293	
8	12852	12853	12879	12878	13268	13269	13295	13294	
8	12853	12854	12880	12879	13269	13270	13296	13295	
8	12854	12855	12881	12880	13270	13271	13297	13296	
8	12855	12856	12882	12881	13271	13272	13298	13297	
8	12856	12857	12883	12882	13272	13273	13299	13298	
8	12857	12858	12884	12883	13273	13274	13300	13299	
8	12858	12859	12885	12884	13274	13275	13301	13300	
8	12859	12860	12886	12885	13275	13276	13302	13301	
8	12860	12861	12887	12886	13276	13277	13303	13302	
8	12861	12862	12888	12887	13277	13278	13304	13303	
8	12862	12863	12889	12888	13278	13279	13305	13304	
8	12863	12864	12890	12889	13279	13280	13306	13305	
8	12864	12865	12891	12890	13280	13281	13307	13306	
8	12865	12866	12892	12891	13281	13282	13308	13307	
8	12866	12867	12893	12892	13282	13283	13309	13308	
8	12867	12868	12894	12893	13283	13284	13310	13309	
8	12868	12869	12895	12894	13284	13285	13311	13310	
8	12896	12897	12923	12922	13312	13313	13339	13338	
8	12897	12898	12924	12923	13313	13314	13340	13339	
8	12898	12899	12925	12924	13314	13315	13341	13340	
8	12899	12900	12926	12925	13315	13316	13342	13341	
8	12900	12901	12927	12926	13316	13317	13343	13342	
8	12901	12902	12928	12927	13317	13318	13344	13343	
8	12902	12903	12929	12928	13318	13319	13345	13344	
8	12903	12904	12930	12929	13319	13320	13346	13345	
8	12904	12905	12931	12930	13320	13321	13347	13346	
8	12905	12906	12932	12931	13321	13322	13348	13347	
8	12906	12907	12933	12932	13322	13323	13349	13348	
8	12907	12908	12934	12933	13323	13324	13350	13349	
8	12908	12909	12935	12934	13324	13325	13351	13350	
8	12909	12910	12936	12935	13325	13326	13352	13351	
8	12910	12911	12937	12936	13326	13327	13353	13352	
8	12911	12912	12938	12937	13327	13328	13354	13353	
8	12912	12913	12939	12938	13328	13329	13355	13354	
8	12913	12914	12940	12939	13329	13330	13356	13355	
8	12914	12915	12941	12940	13330	13331	13357	13356	
8	12915	12916	12942	12941	13331	13332	13358	13357	
8	12916	12917	12943	12942	13332	13333	13359	13358	
8	12917	12918	12944	12943	13333	13334	13360	13359	
8	12918	12919	12945	12944	13334	13335	13361	13360	
8	12919	12920	12946	12945	13335	13336	13362	13361	
8	12920	12921	12947	12946	13336	13337	13363	13362	
8	12922	12923	12949	12948	13338	13339	13365	13364	
8	12923	12924	12950	12949	13339	13340	13366	13365	
8	12924	12925	12951	12950	13340	13341	13367	13366	
8	12925	12926	12952	12951	13341	13342	13368	13367	
8	12926	12927	12953	12952	13342	13343	13369	13368	
8	12927	12928	12954	12953	13343	13344	13370	13369	
8	12928	12929	12955	12954	13344	13345	13371	13370	
8	12929	12930	12956	12955	13345	13346	13372	13371	
8	12930	12931	12957	12956	13346	13347	13373	13372	
8	12931	12932	12958	12957	13347	13348	13374	13373	
8	12932	12933	12959	12958	13348	13349	13375	13374	
8	12933	12934	12960	12959	13349	13350	13376	13375	
8	12934	12935	12961	12960	13350	13351	13377	13376	
8	12935	12936	12962	12961	13351	13352	13378	13377	
8	12936	12937	12963	12962	13352	13353	13379	13378	
8	12937	12938	12964	12963	13353	13354	13380	13379	
8	12938	12939	12965	12964	13354	13355	13381	13380	
8	12939	12940	12966	12965	13355	13356	13382	13381	
8	12940	12941	12967	12966	13356	13357	13383	13382	
8	12941	12942	12968	12967	13357	13358	13384	13383	
8	12942	12943	12969	12968	13358	13359	13385	13384	
8	12943	12944	12970	12969	13359	13360	13386	13385	
8	12944	12945	12971	12970	13360	13361	13387	13386	
8	12945	12946	12972	12971	13361	13362	13388	13387	
8	12946	12947	12973	12972	13362	13363	13389	13388	
8	12948	12949	12975	12974	13364	13365	13391	13390	
8	12949	12950	12976	12975	13365	13366	13392	13391	
8	12950	12951	12977	12976	13366	13367	13393	13392	
8	12951	12952	12978	12977	13367	13368	13394	13393	
8	12952	12953	12979	12978	13368	13369	13395	13394	
8	12953	12954	12980	12979	13369	13370	13396	13395	
8	12954	12955	12981	12980	13370	13371	13397	13396	
8	12955	12956	12982	12981	13371	13372	13398	13397	
8	12956	12957	12983	12982	13372	13373	13399	13398	
8	12957	12958	12984	12983	13373	13374	13400	13399	
8	12958	12959	12985	12984	13374	13375	13401	13400	
8	12959	12960	12986	12985	13375	13376	13402	13401	
8	12960	12961	12987	12986	13376	13377	13403	13402	
8	12961	12962	12988	12987	13377	13378	13404	13403	
8	12962	12963	12989	12988	13378	13379	13405	13404	
8	12963	12964	12990	12989	13379	13380	13406	13405	
8	12964	12965	12991	12990	13380	13381	13407	13406	
8	12965	12966	12992	12991	13381	13382	13408	13407	
8	12966	12967	12993	12992	13382	13383	13409	13408	
8	12967	12968	12994	12993	13383	13384	13410	13409	
8	12968	12969	12995	12994	13384	13385	13411	13410	
8	12969	12970	12996	12995	13385	13386	13412	13411	
8	12970	12971	12997	12996	13386	13387	13413	13412	
8	12971	12972	12998	12997	13387	13388	13414	13413	
8	12972	12973	12999	12998	13388	13389	13415	13414	
8	12974	12975	13001	13000	13390	13391	13417	13416	
8	12975	12976	13002	13001	13391	13392	13418	13417	
8	12976	12977	13003	13002	13392	13393	13419	13418	
8	12977	12978	13004	13003	13393	13394	13420	13419	
8	12978	12979	13005	13004	13394	13395	13421	13420	
8	12979	12980	13006	13005	13395	13396	13422	13421	
8	12980	12981	13007	13006	13396	13397	13423	13422	
8	12981	12982	13008	13007	13397	13398	13424	13423	
8	12982	12983	13009	13008	13398	13399	13425	13424	
8	12983	12984	13010	13009	13399	13400	13426	13425	
8	12984	12985	13011	13010	13400	13401	13427	13426	
8	12985	12986	13012	13011	13401	13402	13428	13427	
8	12986	12987	13013	13012	13402	13403	13429	13428	
8	12987	12988	13014	13013	13403	13404	13430	13429	
8	12988	12989	13015	13014	13404	13405	13431	13430	
8	12989	12990	13016	13015	13405	13406	13432	13431	
8	12990	12991	13017	13016	13406	13407	13433	13432	
8	12991	12992	13018	13017	13407	13408	13434	13433	
8	12992	12993	13019	13018	13408	13409	13435	13434	
8	12993	12994	13020	13019	13409	13410	13436	13435	
8	12994	12995	13021	13020	13410	13411	13437	13436	
8	12995	12996	13022	13021	13411	13412	13438	13437	
8	12996	12997	13023	13022	13412	13413	13439	13438	
8	12997	12998	13024	13023	13413	13414	13440	13439	
8	12998	12999	13025	13024	13414	13415	13441	13440	
8	13000	13001	13027	13026	13416	13417	13443	13442	
8	13001	13002	13028	13027	13417	13418	13444	13443	
8	13002	13003	13029	13028	13418	13419	13445	13444	
8	13003	13004	13030	13029	13419	13420	13446	13445	
8	13004	13005	13031	13030	13420	13421	13447	13446	
8	13005	13006	13032	13031	13421	13422	13448	13447	
8	13006	13007	13033	13032	13422	13423	13449	13448	
8	13007	13008	13034	13033	13423	13424	13450	13449	
8	13008	13009	13035	13034	13424	13425	13451	13450	
8	13009	13010	13036	13035	13425	13426	13452	13451	
8	13010	13011	13037	13036	13426	13427	13453	13452	
8	13011	13012	13038	13037	13427	13428	13454	13453	
8	13012	13013	13039	13038	13428	13429	13455	13454	
8	13013	13014	13040	13039	13429	13430	13456	13455	
8	13014	13015	13041	13040	13430	13431	13457	13456	
8	13015	13016	13042	13041	13431	13432	13458	13457	
8	13016	13017	13043	13042	13432	13433	13459	13458	
8	13017	13018	13044	13043	13433	13434	13460	13459	
8	13018	13019	13045	13044	13434	13435	13461	13460	
8	13019	13020	13046	13045	13435	13436	13462	13461	
8	13020	13021	13047	13046	13436	13437	13463	13462	
8	13021	13022	13048	13047	13437	13438	13464	13463	
8	13022	13023	13049	13048	13438	13439	13465	13464	
8	13023	13024	13050	13049	13439	13440	13466	13465	
8	13024	13025	13051	13050	13440	13441	13467	13466	
8	13026	13027	13053	13052	13442	13443	13469	13468	
8	13027	13028	13054	13053	13443	13444	13470	13469	
8	13028	13029	13055	13054	13444	13445	13471	13470	
8	13029	13030	13056	13055	13445	13446	13472	13471	
8	13030	13031	13057	13056	13446	13447	13473	13472	
8	13031	13032	13058	13057	13447	13448	13474	13473	
8	13032	13033	13059	13058	13448	13449	13475	13474	
8	13033	13034	13060	13059	13449	13450	13476	13475	
8	13034	13035	13061	13060	13450	13451	13477	13476	
8	13035	13036	13062	13061	13451	13452	13478	13477	
8	13036	13037	13063	13062	13452	13453	13479	13478	
8	13037	13038	13064	13063	13453	13454	13480	13479	
8	13038	13039	13065	13064	13454	13455	13481	13480	
8	13039	13040	13066	13065	13455	13456	13482	13481	
8	13040	13041	13067	13066	13456	13457	13483	13482	
8	13041	13042	13068	13067	13457	13458	13484	13483	
8	13042	13043	13069	13068	13458	13459	13485	13484	
8	13043	13044	13070	13069	13459	13460	13486	13485	
8	13044	13045	13071	13070	13460	13461	13487	13486	
8	13045	13046	13072	13071	13461	13462	13488	13487	
8	13046	13047	13073	13072	13462	13463	13489	13488	
8	13047	13048	13074	13073	13463	13464	13490	13489	
8	13048	13049	13075	13074	13464	13465	13491	13490	
8	13049	13050	13076	13075	13465	13466	13492	13491	
8	13050	13051	13077	13076	13466	13467	13493	13492	
8	13052	13053	13079	13078	13468	13469	13495	13494	
8	13053	13054	13080	13079	13469	13470	13496	13495	
8	13054	13055	13081	13080	13470	13471	13497	13496	
8	13055	13056	13082	13081	13471	13472	13498	13497	
8	13056	13057	13083	13082	13472	13473	13499	13498	
8	13057	13058	13084	13083	13473	13474	13500	13499	
8	13058	13059	13085	13084	13474	13475	13501	13500	
8	13059	13060	13086	13085	13475	13476	13502	13501	
8	13060	13061	13087	13086	13476	13477	13503	13502	
8	13061	13062	13088	13087	13477	13478	13504	13503	
8	13062	13063	13089	13088	13478	13479	13505	13504	
8	13063	13064	13090	13089	13479	13480	13506	13505	
8	13064	13065	13091	13090	13480	13481	13507	13506	
8	13065	13066	13092	13091	13481	13482	13508	13507	
8	13066	13067	13093	13092	13482	13483	13509	13508	
8	13067	13068	13094	13093	13483	13484	13510	13509	
8	13068	13069	13095	13094	13484	13485	13511	13510	
8	13069	13070	13096	13095	13485	13486	13512	13511	
8	13070	13071	13097	13096	13486	13487	13513	13512	
8	13071	13072	13098	13097	13487	13488	13514	13513	
8	13072	13073	13099	13098	13488	13489	13515	13514	
8	13073	13074	13100	13099	13489	13490	13516	13515	
8	13074	13075	13101	13100	13490	13491	13517	13516	
8	13075	13076	13102	13101	13491	13492	13518	13517	
8	13076	13077	13103	13102	13492	13493	13519	13518	
8	13078	13079	13105	13104	13494	13495	13521	13520	
8	13079	13080	13106	13105	13495	13496	13522	13521	
8	13080	13081	13107	13106	13496	13497	13523	13522	
8	13081	13082	13108	13107	13497	13498	13524	13523	
8	13082	13083	13109	13108	13498	13499	13525	13524	
8	13083	13084	13110	13109	13499	13500	13526	13525	
8	13084	13085	13111	13110	13500	13501	13527	13526	
8	13085	13086	13112	13111	13501	13502	13528	13527	
8	13086	13087	13113	13112	13502	13503	13529	13528	
8	13087	13088	13114	13113	13503	13504	13530	13529	
8	13088	13089	13115	13114	13504	13505	13531	13530	
8	13089	13090	13116	13115	13505	13506	13532	13531	
8	13090	13091	13117	13116	13506	13507	13533	13532	
8	13091	13092	13118	13117	13507	13508	13534	13533	
8	13092	13093	13119	13118	13508	13509	13535	13534	
8	13093	13094	13120	13119	13509	13510	13536	13535	
8	13094	13095	13121	13120	13510	13511	13537	13536	
8	13095	13096	13122	13121	13511	13512	13538	13537	
8	13096	13097	13123	13122	13512	13513	13539	13538	
8	13097	13098	13124	13123	13513	13514	13540	13539	
8	13098	13099	13125	13124	13514	13515	13541	13540	
8	13099	13100	13126	13125	13515	13516	13542	13541	
8	13100	13101	13127	13126	13516	13517	13543	13542	
8	13101	13102	13128	13127	13517	13518	13544	13543	
8	13102	13103	13129	13128	13518	13519	13545	13544	
8	13104	13105	13131	13130	13520	13521	13547	13546	
8	13105	13106	13132	13131	13521	13522	13548	13547	
8	13106	13107	13133	13132	13522	13523	13549	13548	
8	13107	13108	13134	13133	13523	13524	13550	13549	
8	13108	13109	13135	13134	13524	13525	13551	13550	
8	13109	13110	13136	13135	13525	13526	13552	13551	
8	13110	13111	13137	13136	13526	13527	13553	13552	
8	13111	13112	13138	13137	13527	13528	13554	13553	
8	13112	13113	13139	13138	13528	13529	13555	13554	
8	13113	13114	13140	13139	13529	13530	13556	13555	
8	13114	13115	13141	13140	13530	13531	13557	13556	
8	13115	13116	13142	13141	13531	13532	13558	13557	
8	13116	13117	13143	13142	13532	13533	13559	13558	
8	13117	13118	13144	13143	13533	13534	13560	13559	
8	13118	13119	13145	13144	13534	13535	13561	13560	
8	13119	13120	13146	13145	13535	13536	13562	13561	
8	13120	13121	13147	13146	13536	13537	13563	13562	
8	13121	13122	13148	13147	13537	13538	13564	13563	
8	13122	13123	13149	13148	13538	13539	13565	13564	
8	13123	13124	13150	13149	13539	13540	13566	13565	
8	13124	13125	13151	13150	13540	13541	13567	13566	
8	13125	13126	13152	13151	13541	13542	13568	13567	
8	13126	13127	13153	13152	13542	13543	13569	13568	
8	13127	13128	13154	13153	13543	13544	13570	13569	
8	13128	13129	13155	13154	13544	13545	13571	13570	
8	13130	13131	13157	13156	13546	13547	13573	13572	
8	13131	13132	13158	13157	13547	13548	13574	13573	
8	13132	13133	13159	13158	13548	13549	13575	13574	
8	13133	13134	13160	13159	13549	13550	13576	13575	
8	13134	13135	13161	13160	13550	13551	13577	13576	
8	13135	13136	13162	13161	13551	13552	13578	13577	
8	13136	13137	13163	13162	13552	13553	13579	13578	
8	13137	13138	13164	13163	13553	13554	13580	13579	
8	13138	13139	13165	13164	13554	13555	13581	13580	
8	13139	13140	13166	13165	13555	13556	13582	13581	
8	13140	13141	13167	13166	13556	13557	13583	13582	
8	13141	13142	13168	13167	13557	13558	13584	13583	
8	13142	13143	13169	13168	13558	13559	13585	13584	
8	13143	13144	13170	13169	13559	13560	13586	13585	
8	13144	13145	13171	13170	13560	13561	13587	13586	
8	13145	13146	13172	13171	13561	13562	13588	13587	
8	13146	13147	13173	13172	13562	13563	13589	13588	
8	13147	13148	13174	13173	13563	13564	13590	13589	
8	13148	13149	13175	13174	13564	13565	13591	13590	
8	13149	13150	13176	13175	13565	13566	13592	13591	
8	13150	13151	13177	13176	13566	13567	13593	13592	
8	13151	13152	13178	13177	13567	13568	13594	13593	
8	13152	13153	13179	13178	13568	13569	13595	13594	
8	13153	13154	13180	13179	13569	13570	13596	13595	
8	13154	13155	13181	13180	13570	13571	13597	13596	
8	13156	13157	13183	13182	13572	13573	13599	13598	
8	13157	13158	13184	13183	13573	13574	13600	13599	
8	13158	13159	13185	13184	13574	13575	13601	13600	
8	13159	13160	13186	13185	13575	13576	13602	13601	
8	13160	13161	13187	13186	13576	13577	13603	13602	
8	13161	13162	13188	13187	13577	13578	13604	13603	
8	13162	13163	13189	13188	13578	13579	13605	13604	
8	13163	13164	13190	13189	13579	13580	13606	13605	
8	13164	13165	13191	13190	13580	13581	13607	13606	
8	13165	13166	13192	13191	13581	13582	13608	13607	
8	13166	13167	13193	13192	13582	13583	13609	13608	
8	13167	13168	13194	13193	13583	13584	13610	13609	
8	13168	13169	13195	13194	13584	13585	13611	13610	
8	13169	13170	13196	13195	13585	13586	13612	13611	
8	13170	13171	13197	13196	13586	13587	13613	13612	
8	13171	13172	13198	13197	13587	13588	13614	13613	
8	13172	13173	13199	13198	13588	13589	13615	13614	
8	13173	13174	13200	13199	13589	13590	13616	13615	
8	13174	13175	13201	13200	13590	13591	13617	13616	
8	13175	13176	13202	13201	13591	13592	13618	13617	
8	13176	13177	13203	13202	13592	13593	13619	13618	
8	13177	13178	13204	13203	13593	13594	13620	13619	
8	13178	13179	13205	13204	13594	13595	13621	13620	
8	13179	13180	13206	13205	13595	13596	13622	13621	
8	13180	13181	13207	13206	13596	13597	13623	13622	
8	13182	13183	13209	13208	13598	13599	13625	13624	
8	13183	13184	13210	13209	13599	13600	13626	13625	
8	13184	13185	13211	13210	13600	13601	13627	13626	
8	13185	13186	13212	13211	13601	13602	13628	13627	
8	13186	13187	13213	13212	13602	13603	13629	13628	
8	13187	13188	13214	13213	13603	13604	13630	13629	
8	13188	13189	13215	13214	13604	13605	13631	13630	
8	13189	13190	13216	13215	13605	13606	13632	13631	
8	13190	13191	13217	13216	13606	13607	13633	13632	
8	13191	13192	13218	13217	13607	13608	13634	13633	
8	13192	13193	13219	13218	13608	13609	13635	13634	
8	13193	13194	13220	13219	13609	13610	13636	13635	
8	13194	13195	13221	13220	13610	13611	13637	13636	
8	13195	13196	13222	13221	13611	13612	13638	13637	
8	13196	13197	13223	13222	13612	13613	13639	13638	
8	13197	13198	13224	13223	13613	13614	13640	13639	
8	13198	13199	13225	13224	13614	13615	13641	13640	
8	13199	13200	13226	13225	13615	13616	13642	13641	
8	13200	13201	13227	13226	13616	13617	13643	13642	
8	13201	13202	13228	13227	13617	13618	13644	13643	
8	13202	13203	13229	13228	13618	13619	13645	13644	
8	13203	13204	13230	13229	13619	13620	13646	13645	
8	13204	13205	13231	13230	13620	13621	13647	13646	
8	13205	13206	13232	13231	13621	13622	13648	13647	
8	13206	13207	13233	13232	13622	13623	13649	13648	
8	13208	13209	13235	13234	13624	13625	13651	13650	
8	13209	13210	13236	13235	13625	13626	13652	13651	
8	13210	13211	13237	13236	13626	13627	13653	13652	
8	13211	13212	13238	13237	13627	13628	13654	13653	
8	13212	13213	13239	13238	13628	13629	13655	13654	
8	13213	13214	13240	13239	13629	13630	13656	13655	
8	13214	13215	13241	13240	13630	13631	13657	13656	
8	13215	13216	13242	13241	13631	13632	13658	13657	
8	13216	13217	13243	13242	13632	13633	13659	13658	
8	13217	13218	13244	13243	13633	13634	13660	13659	
8	13218	13219	13245	13244	13634	13635	13661	13660	
8	13219	13220	13246	13245	13635	13636	13662	13661	
8	13220	13221	13247	13246	13636	13637	13663	13662	
8	13221	13222	13248	13247	13637	13638	13664	13663	
8	13222	13223	13249	13248	13638	13639	13665	13664	
8	13223	13224	13250	13249	13639	13640	13666	13665	
8	13224	13225	13251	13250	13640	13641	13667	13666	
8	13225	13226	13252	13251	13641	13642	13668	13667	
8	13226	13227	13253	13252	13642	13643	13669	13668	
8	13227	13228	13254	13253	13643	13644	13670	13669	
8	13228	13229	13255	13254	13644	13645	13671	13670	
8	13229	13230	13256	13255	13645	13646	13672	13671	
8	13230	13231	13257	13256	13646	13647	13673	13672	
8	13231	13232	13258	13257	13647	13648	13674	13673	
8	13232	13233	13259	13258	13648	13649	13675	13674	
8	13234	13235	13261	13260	13650	13651	13677	13676	
8	13235	13236	13262	13261	13651	13652	13678	13677	
8	13236	13237	13263	13262	13652	13653	13679	13678	
8	13237	13238	13264	13263	13653	13654	13680	13679	
8	13238	13239	13265	13264	13654	13655	13681	13680	
8	13239	13240	13266	13265	13655	13656	13682	13681	
8	13240	13241	13267	13266	13656	13657	13683	13682	
8	13241	13242	13268	13267	13657	13658	13684	13683	
8	13242	13243	13269	13268	13658	13659	13685	13684	
8	13243	13244	13270	13269	13659	13660	13686	13685	
8	13244	13245	13271	13270	13660	13661	13687	13686	
8	13245	13246	13272	13271	13661	13662	13688	13687	
8	13246	13247	13273	13272	13662	13663	13689	13688	
8	13247	13248	13274	13273	13663	13664	13690	13689	
8	13248	13249	13275	13274	13664	13665	13691	13690	
8	13249	13250	13276	13275	13665	13666	13692	13691	
8	13250	13251	13277	13276	13666	13667	13693	13692	
8	13251	13252	13278	13277	13667	13668	13694	13693	
8	13252	13253	13279	13278	13668	13669	13695	13694	
8	13253	13254	13280	13279	13669	13670	13696	13695	
8	13254	13255	13281	13280	13670	13671	13697	13696	
8	13255	13256	13282	13281	13671	13672	13698	13697	
8	13256	13257	13283	13282	13672	13673	13699	13698	
8	13257	13258	13284	13283	13673	13674	13700	13699	
8	13258	13259	13285	13284	13674	13675	13701	13700	
8	13260	13261	13287	13286	13676	13677	13703	13702	
8	13261	13262	13288	13287	13677	13678	13704	13703	
8	13262	13263	13289	13288	13678	13679	13705	13704	
8	13263	13264	13290	13289	13679	13680	13706	13705	
8	13264	13265	13291	13290	13680	13681	13707	13706	
8	13265	13266	13292	13291	13681	13682	13708	13707	
8	13266	13267	13293	13292	13682	13683	13709	13708	
8	13267	13268	13294	13293	13683	13684	13710	13709	
8	13268	13269	13295	13294	13684	13685	13711	13710	
8	13269	13270	13296	13295	13685	13686	13712	13711	
8	13270	13271	13297	13296	13686	13687	13713	13712	
8	13271	13272	13298	13297	13687	13688	13714	13713	
8	13272	13273	13299	13298	13688	13689	13715	13714	
8	13273	13274	13300	13299	13689	13690	13716	13715	
8	13274	13275	13301	13300	13690	13691	13717	13716	
8	13275	13276	13302	13301	13691	13692	13718	13717	
8	13276	13277	13303	13302	13692	13693	13719	13718	
8	13277	13278	13304	13303	13693	13694	13720	13719	
8	13278	13279	13305	13304	13694	13695	13721	13720	
8	13279	13280	13306	13305	13695	13696	13722	13721	
8	13280	13281	13307	13306	13696	13697	13723	13722	
8	13281	13282	13308	13307	13697	13698	13724	13723	
8	13282	13283	13309	13308	13698	13699	13725	13724	
8	13283	13284	13310	13309	13699	13700	13726	13725	
8	13284	13285	13311	13310	13700	13701	13727	13726	
8	13312	13313	13339	13338	13728	13729	13755	13754	
8	13313	13314	13340	13339	13729	13730	13756	13755	
8	13314	13315	13341	13340	13730	13731	13757	13756	
8	13315	13316	13342	13341	13731	13732	13758	13757	
8	13316	13317	13343	13342	13732	13733	13759	13758	
8	13317	13318	13344	13343	13733	13734	13760	13759	
8	13318	13319	13345	13344	13734	13735	13761	13760	
8	13319	13320	13346	13345	13735	13736	13762	13761	
8	13320	13321	13347	13346	13736	13737	13763	13762	
8	13321	13322	13348	13347	13737	13738	13764	13763	
8	13322	13323	13349	13348	13738	13739	13765	13764	
8	13323	13324	13350	13349	13739	13740	13766	13765	
8	13324	13325	13351	13350	13740	13741	13767	13766	
8	13325	13326	13352	13351	13741	13742	13768	13767	
8	13326	13327	13353	13352	13742	13743	13769	13768	
8	13327	13328	13354	13353	13743	13744	13770	13769	
8	13328	13329	13355	13354	13744	13745	13771	13770	
8	13329	13330	13356	13355	13745	13746	13772	13771	
8	13330	13331	13357	13356	13746	13747	13773	13772	
8	13331	13332	13358	13357	13747	13748	13774	13773	
8	13332	13333	13359	13358	13748	13749	13775	13774	
8	13333	13334	13360	13359	13749	13750	13776	13775	
8	13334	13335	13361	13360	13750	13751	13777	13776	
8	13335	13336	13362	13361	13751	13752	13778	13777	
8	13336	13337	13363	13362	13752	13753	13779	13778	
8	13338	13339	13365	13364	13754	13755	13781	13780	
8	13339	13340	13366	13365	13755	13756	13782	13781	
8	13340	13341	13367	13366	13756	13757	13783	13782	
8	13341	13342	13368	13367	13757	13758	13784	13783	
8	13342	13343	13369	13368	13758	13759	13785	13784	
8	13343	13344	13370	13369	13759	13760	13786	13785	
8	13344	13345	13371	13370	13760	13761	13787	13786	
8	13345	13346	13372	13371	13761	13762	13788	13787	
8	13346	13347	13373	13372	13762	13763	13789	13788	
8	13347	13348	13374	13373	13763	13764	13790	13789	
8	13348	13349	13375	13374	13764	13765	13791	13790	
8	13349	13350	13376	13375	13765	13766	13792	13791	
8	13350	13351	13377	13376	13766	13767	13793	13792	
8	13351	13352	13378	13377	13767	13768	13794	13793	
8	13352	13353	13379	13378	13768	13769	13795	13794	
8	13353	13354	13380	13379	13769	13770	13796	13795	
8	13354	13355	13381	13380	13770	13771	13797	13796	
8	13355	13356	13382	13381	13771	13772	13798	13797	
8	13356	13357	13383	13382	13772	13773	13799	13798	
8	13357	13358	13384	13383	13773	13774	13800	13799	
8	13358	13359	13385	13384	13774	13775	13801	13800	
8	13359	13360	13386	13385	13775	13776	13802	13801	
8	13360	13361	13387	13386	13776	13777	13803	13802	
8	13361	13362	13388	13387	13777	13778	13804	13803	
8	13362	13363	13389	13388	13778	13779	13805	13804	
8	13364	13365	13391	13390	13780	13781	13807	13806	
8	13365	13366	13392	13391	13781	13782	13808	13807	
8	13366	13367	13393	13392	13782	13783	13809	13808	
8	13367	13368	13394	13393	13783	13784	13810	13809	
8	13368	13369	13395	13394	13784	13785	13811	13810	
8	13369	13370	13396	13395	13785	13786	13812	13811	
8	13370	13371	13397	13396	13786	13787	13813	13812	
8	13371	13372	13398	13397	13787	13788	13814	13813	
8	13372	13373	13399	13398	13788	13789	13815	13814	
8	13373	13374	13400	13399	13789	13790	13816	13815	
8	13374	13375	13401	13400	13790	13791	13817	13816	
8	13375	13376	13402	13401	13791	13792	13818	13817	
8	13376	13377	13403	13402	13792	13793	13819	13818	
8	13377	13378	13404	13403	13793	13794	13820	13819	
8	13378	13379	13405	13404	13794	13795	13821	13820	
8	13379	13380	13406	13405	13795	13796	13822	13821	
8	13380	13381	13407	13406	13796	13797	13823	13822	
8	13381	13382	13408	13407	13797	13798	13824	13823	
8	13382	13383	13409	13408	13798	13799	13825	13824	
8	13383	13384	13410	13409	13799	13800	13826	13825	
8	13384	13385	13411	13410	13800	13801	13827	13826	
8	13385	13386	13412	13411	13801	13802	13828	13827	
8	13386	13387	13413	13412	13802	13803	13829	13828	
8	13387	13388	13414	13413	13803	13804	13830	13829	
8	13388	13389	13415	13414	13804	13805	13831	13830	
8	13390	13391	13417	13416	13806	13807	13833	13832	
8	13391	13392	13418	13417	13807	13808	13834	13833	
8	13392	13393	13419	13418	13808	13809	13835	13834	
8	13393	13394	13420	13419	13809	13810	13836	13835	
8	13394	13395	13421	13420	13810	13811	13837	13836	
8	13395	13396	13422	13421	13811	13812	13838	13837	
8	13396	13397	13423	13422	13812	13813	13839	13838	
8	13397	13398	13424	13423	13813	13814	13840	13839	
8	13398	13399	13425	13424	13814	13815	13841	13840	
8	13399	13400	13426	13425	13815	13816	13842	13841	
8	13400	13401	13427	13426	13816	13817	13843	13842	
8	13401	13402	13428	13427	13817	13818	13844	13843	
8	13402	13403	13429	13428	13818	13819	13845	13844	
8	13403	13404	13430	13429	13819	13820	13846	13845	
8	13404	13405	13431	13430	13820	13821	13847	13846	
8	13405	13406	13432	13431	13821	13822	13848	13847	
8	13406	13407	13433	13432	13822	13823	13849	13848	
8	13407	13408	13434	13433	13823	13824	13850	13849	
8	13408	13409	13435	13434	13824	13825	13851	13850	
8	13409	13410	13436	13435	13825	13826	13852	13851	
8	13410	13411	13437	13436	13826	13827	13853	13852	
8	13411	13412	13438	13437	13827	13828	13854	13853	
8	13412	13413	13439	13438	13828	13829	13855	13854	
8	13413	13414	13440	13439	13829	13830	13856	13855	
8	13414	13415	13441	13440	13830	13831	13857	13856	
8	13416	13417	13443	13442	13832	13833	13859	13858	
8	13417	13418	13444	13443	13833	13834	13860	13859	
8	13418	13419	13445	13444	13834	13835	13861	13860	
8	13419	13420	13446	13445	13835	13836	13862	13861	
8	13420	13421	13447	13446	13836	13837	13863	13862	
8	13421	13422	13448	13447	13837	13838	13864	13863	
8	13422	13423	13449	13448	13838	13839	13865	13864	
8	13423	13424	13450	13449	13839	13840	13866	13865	
8	13424	13425	13451	13450	13840	13841	13867	13866	
8	13425	13426	13452	13451	13841	13842	13868	13867	
8	13426	13427	13453	13452	13842	13843	13869	13868	
8	13427	13428	13454	13453	13843	13844	13870	13869	
8	13428	13429	13455	13454	13844	13845	13871	13870	
8	13429	13430	13456	13455	13845	13846	13872	13871	
8	13430	13431	13457	13456	13846	13847	13873	13872	
8	13431	13432	13458	13457	13847	13848	13874	13873	
8	13432	13433	13459	13458	13848	13849	13875	13874	
8	13433	13434	13460	13459	13849	13850	13876	13875	
8	13434	13435	13461	13460	13850	13851	13877	13876	
8	13435	13436	13462	13461	13851	13852	13878	13877	
8	13436	13437	13463	13462	13852	13853	13879	13878	
8	13437	13438	13464	13463	13853	13854	13880	13879	
8	13438	13439	13465	13464	13854	13855	13881	13880	
8	13439	13440	13466	13465	13855	13856	13882	13881	
8	13440	13441	13467	13466	13856	13857	13883	13882	
8	13442	13443	13469	13468	13858	13859	13885	13884	
8	13443	13444	13470	13469	13859	13860	13886	13885	
8	13444	13445	13471	13470	13860	13861	13887	13886	
8	13445	13446	13472	13471	13861	13862	13888	13887	
8	13446	13447	13473	13472	13862	13863	13889	13888	
8	13447	13448	13474	13473	13863	13864	13890	13889	
8	13448	13449	13475	13474	13864	13865	13891	13890	
8	13449	13450	13476	13475	13865	13866	13892	13891	
8	13450	13451	13477	13476	13866	13867	13893	13892	
8	13451	13452	13478	13477	13867	13868	13894	13893	
8	13452	13453	13479	13478	13868	13869	13895	13894	
8	13453	13454	13480	13479	13869	13870	13896	13895	
8	13454	13455	13481	13480	13870	13871	13897	13896	
8	13455	13456	13482	13481	13871	13872	13898	13897	
8	13456	13457	13483	13482	13872	13873	13899	13898	
8	13457	13458	13484	13483	13873	13874	13900	13899	
8	13458	13459	13485	13484	13874	13875	13901	13900	
8	13459	13460	13486	13485	13875	13876	13902	13901	
8	13460	13461	13487	13486	13876	13877	13903	13902	
8	13461	13462	13488	13487	13877	13878	13904	13903	
8	13462	13463	13489	13488	13878	13879	13905	13904	
8	13463	13464	13490	13489	13879	13880	13906	13905	
8	13464	13465	13491	13490	13880	13881	13907	13906	
8	13465	13466	13492	13491	13881	13882	13908	13907	
8	13466	13467	13493	13492	13882	13883	13909	13908	
8	13468	13469	13495	13494	13884	13885	13911	13910	
8	13469	13470	13496	13495	13885	13886	13912	13911	
8	13470	13471	13497	13496	13886	13887	13913	13912	
8	13471	13472	13498	13497	13887	13888	13914	13913	
8	13472	13473	13499	13498	13888	13889	13915	13914	
8	13473	13474	13500	13499	13889	13890	13916	13915	
8	13474	13475	13501	13500	13890	13891	13917	13916	
8	13475	13476	13502	13501	13891	13892	13918	13917	
8	13476	13477	13503	13502	13892	13893	13919	13918	
8	13477	13478	13504	13503	13893	13894	13920	13919	
8	13478	13479	13505	13504	13894	13895	13921	13920	
8	13479	13480	13506	13505	13895	13896	13922	13921	
8	13480	13481	13507	13506	13896	13897	13923	13922	
8	13481	13482	13508	13507	13897	13898	13924	13923	
8	13482	13483	13509	13508	13898	13899	13925	13924	
8	13483	13484	13510	13509	13899	13900	13926	13925	
8	13484	13485	13511	13510	13900	13901	13927	13926	
8	13485	13486	13512	13511	13901	13902	13928	13927	
8	13486	13487	13513	13512	13902	13903	13929	13928	
8	13487	13488	13514	13513	13903	13904	13930	13929	
8	13488	13489	13515	13514	13904	13905	13931	13930	
8	13489	13490	13516	13515	13905	13906	13932	13931	
8	13490	13491	13517	13516	13906	13907	13933	13932	
8	13491	13492	13518	13517	13907	13908	13934	13933	
8	13492	13493	13519	13518	13908	13909	13935	13934	
8	13494	13495	13521	13520	13910	13911	13937	13936	
8	13495	13496	13522	13521	13911	13912	13938	13937	
8	13496	13497	13523	13522	13912	13913	13939	13938	
8	13497	13498	13524	13523	13913	13914	13940	13939	
8	13498	13499	13525	13524	13914	13915	13941	13940	
8	13499	13500	13526	13525	13915	13916	13942	13941	
8	13500	13501	13527	13526	13916	13917	13943	13942	
8	13501	13502	13528	13527	13917	13918	13944	13943	
8	13502	13503	13529	13528	13918	13919	13945	13944	
8	13503	13504	13530	13529	13919	13920	13946	13945	
8	13504	13505	13531	13530	13920	13921	13947	13946	
8	13505	13506	13532	13531	13921	13922	13948	13947	
8	13506	13507	13533	13532	13922	13923	13949	13948	
8	13507	13508	13534	13533	13923	13924	13950	13949	
8	13508	13509	13535	13534	13924	13925	13951	13950	
8	13509	13510	13536	13535	13925	13926	13952	13951	
8	13510	13511	13537	13536	13926	13927	13953	13952	
8	13511	13512	13538	13537	13927	13928	13954	13953	
8	13512	13513	13539	13538	13928	13929	13955	13954	
8	13513	13514	13540	13539	13929	13930	13956	13955	
8	13514	13515	13541	13540	13930	13931	13957	13956	
8	13515	13516	13542	13541	13931	13932	13958	13957	
8	13516	13517	13543	13542	13932	13933	13959	13958	
8	13517	13518	13544	13543	13933	13934	13960	13959	
8	13518	13519	13545	13544	13934	13935	13961	13960	
8	13520	13521	13547	13546	13936	13937	13963	13962	
8	13521	13522	13548	13547	13937	13938	13964	13963	
8	13522	13523	13549	13548	13938	13939	13965	13964	
8	13523	13524	13550	13549	13939	13940	13966	13965	
8	13524	13525	13551	13550	13940	13941	13967	13966	
8	13525	13526	13552	13551	13941	13942	13968	13967	
8	13526	13527	13553	13552	13942	13943	13969	13968	
8	13527	13528	13554	13553	13943	13944	13970	13969	
8	13528	13529	13555	13554	13944	13945	13971	13970	
8	13529	13530	13556	13555	13945	13946	13972	13971	
8	13530	13531	13557	13556	13946	13947	13973	13972	
8	13531	13532	13558	13557	13947	13948	13974	13973	
8	13532	13533	13559	13558	13948	13949	13975	13974	
8	13533	13534	13560	13559	13949	13950	13976	13975	
8	13534	13535	13561	13560	13950	13951	13977	13976	
8	13535	13536	13562	13561	13951	13952	13978	13977	
8	13536	13537	13563	13562	13952	13953	13979	13978	
8	13537	13538	13564	13563	13953	13954	13980	13979	
8	13538	13539	13565	13564	13954	13955	13981	13980	
8	13539	13540	13566	13565	13955	13956	13982	13981	
8	13540	13541	13567	13566	13956	13957	13983	13982	
8	13541	13542	13568	13567	13957	13958	13984	13983	
8	13542	13543	13569	13568	13958	13959	13985	13984	
8	13543	13544	13570	13569	13959	13960	13986	13985	
8	13544	13545	13571	13570	13960	13961	13987	13986	
8	13546	13547	13573	13572	13962	13963	13989	13988	
8	13547	13548	13574	13573	13963	13964	13990	13989	
8	13548	13549	13575	13574	13964	13965	13991	13990	
8	13549	13550	13576	13575	13965	13966	13992	13991	
8	13550	13551	13577	13576	13966	13967	13993	13992	
8	13551	13552	13578	13577	13967	13968	13994	13993	
8	13552	13553	13579	13578	13968	13969	13995	13994	
8	13553	13554	13580	13579	13969	13970	13996	13995	
8	13554	13555	13581	13580	13970	13971	13997	13996	
8	13555	13556	13582	13581	13971	13972	13998	13997	
8	13556	13557	13583	13582	13972	13973	13999	13998	
8	13557	13558	13584	13583	13973	13974	14000	13999	
8	13558	13559	13585	13584	13974	13975	14001	14000	
8	13559	13560	13586	13585	13975	13976	14002	14001	
8	13560	13561	13587	13586	13976	13977	14003	14002	
8	13561	13562	13588	13587	13977	13978	14004	14003	
8	13562	13563	13589	13588	13978	13979	14005	14004	
8	13563	13564	13590	13589	13979	13980	14006	14005	
8	13564	13565	13591	13590	13980	13981	14007	14006	
8	13565	13566	13592	13591	13981	13982	14008	14007	
8	13566	13567	13593	13592	13982	13983	14009	14008	
8	13567	13568	13594	13593	13983	13984	14010	14009	
8	13568	13569	13595	13594	13984	13985	14011	14010	
8	13569	13570	13596	13595	13985	13986	14012	14011	
8	13570	13571	13597	13596	13986	13987	14013	14012	
8	13572	13573	13599	13598	13988	13989	14015	14014	
8	13573	13574	13600	13599	13989	13990	14016	14015	
8	13574	13575	13601	13600	13990	13991	14017	14016	
8	13575	13576	13602	13601	13991	13992	14018	14017	
8	13576	13577	13603	13602	13992	13993	14019	14018	
8	13577	13578	13604	13603	13993	13994	14020	14019	
8	13578	13579	13605	13604	13994	13995	14021	14020	
8	13579	13580	13606	13605	13995	13996	14022	14021	
8	13580	13581	13607	13606	13996	13997	14023	14022	
8	13581	13582	13608	13607	13997	13998	14024	14023	
8	13582	13583	13609	13608	13998	13999	14025	14024	
8	13583	13584	13610	13609	13999	14000	14026	14025	
8	13584	13585	13611	13610	14000	14001	14027	14026	
8	13585	13586	13612	13611	14001	14002	14028	14027	
8	13586	13587	13613	13612	14002	14003	14029	14028	
8	13587	13588	13614	13613	14003	14004	14030	14029	
8	13588	13589	13615	13614	14004	14005	14031	14030	
8	13589	13590	13616	13615	14005	14006	14032	14031	
8	13590	13591	13617	13616	14006	14007	14033	14032	
8	13591	13592	13618	13617	14007	14008	14034	14033	
8	13592	13593	13619	13618	14008	14009	14035	14034	
8	13593	13594	13620	13619	14009	14010	14036	14035	
8	13594	13595	13621	13620	14010	14011	14037	14036	
8	13595	13596	13622	13621	14011	14012	14038	14037	
8	13596	13597	13623	13622	14012	14013	14039	14038	
8	13598	13599	13625	13624	14014	14015	14041	14040	
8	13599	13600	13626	13625	14015	14016	14042	14041	
8	13600	13601	13627	13626	14016	14017	14043	14042	
8	13601	13602	13628	13627	14017	14018	14044	14043	
8	13602	13603	13629	13628	14018	14019	14045	14044	
8	13603	13604	13630	13629	14019	14020	14046	14045	
8	13604	13605	13631	13630	14020	14021	14047	14046	
8	13605	13606	13632	13631	14021	14022	14048	14047	
8	13606	13607	13633	13632	14022	14023	14049	14048	
8	13607	13608	13634	13633	14023	14024	14050	14049	
8	13608	13609	13635	13634	14024	14025	14051	14050	
8	13609	13610	13636	13635	14025	14026	14052	14051	
8	13610	13611	13637	13636	14026	14027	14053	14052	
8	13611	13612	13638	13637	14027	14028	14054	14053	
8	13612	13613	13639	13638	14028	14029	14055	14054	
8	13613	13614	13640	13639	14029	14030	14056	14055	
8	13614	13615	13641	13640	14030	14031	14057	14056	
8	13615	13616	13642	13641	14031	14032	14058	14057	
8	13616	13617	13643	13642	14032	14033	14059	14058	
8	13617	13618	13644	13643	14033	14034	14060	14059	
8	13618	13619	13645	13644	14034	14035	14061	14060	
8	13619	13620	13646	13645	14035	14036	14062	14061	
8	13620	13621	13647	13646	14036	14037	14063	14062	
8	13621	13622	13648	13647	14037	14038	14064	14063	
8	13622	13623	13649	13648	14038	14039	14065	14064	
8	13624	13625	13651	13650	14040	14041	14067	14066	
8	13625	13626	13652	13651	14041	14042	14068	14067	
8	13626	13627	13653	13652	14042	14043	14069	14068	
8	13627	13628	13654	13653	14043	14044	14070	14069	
8	13628	13629	13655	13654	14044	14045	14071	14070	
8	13629	13630	13656	13655	14045	14046	14072	14071	
8	13630	13631	13657	13656	14046	14047	14073	14072	
8	13631	13632	13658	13657	14047	14048	14074	14073	
8	13632	13633	13659	13658	14048	14049	14075	14074	
8	13633	13634	13660	13659	14049	14050	14076	14075	
8	13634	13635	13661	13660	14050	14051	14077	14076	
8	13635	13636	13662	13661	14051	14052	14078	14077	
8	13636	13637	13663	13662	14052	14053	14079	14078	
8	13637	13638	13664	13663	14053	14054	14080	14079	
8	13638	13639	13665	13664	14054	14055	14081	14080	
8	13639	13640	13666	13665	14055	14056	14082	14081	
8	13640	13641	13667	13666	14056	14057	14083	14082	
8	13641	13642	13668	13667	14057	14058	14084	14083	
8	13642	13643	13669	13668	14058	14059	14085	14084	
8	13643	13644	13670	13669	14059	14060	14086	14085	
8	13644	13645	13671	13670	14060	14061	14087	14086	
8	13645	13646	13672	13671	14061	14062	14088	14087	
8	13646	13647	13673	13672	14062	14063	14089	14088	
8	13647	13648	13674	13673	14063	14064	14090	14089	
8	13648	13649	13675	13674	14064	14065	14091	14090	
8	13650	13651	13677	13676	14066	14067	14093	14092	
8	13651	13652	13678	13677	14067	14068	14094	14093	
8	13652	13653	13679	13678	14068	14069	14095	14094	
8	13653	13654	13680	13679	14069	14070	14096	14095	
8	13654	13655	13681	13680	14070	14071	14097	14096	
8	13655	13656	13682	13681	14071	14072	14098	14097	
8	13656	13657	13683	13682	14072	14073	14099	14098	
8	13657	13658	13684	13683	14073	14074	14100	14099	
8	13658	13659	13685	13684	14074	14075	14101	14100	
8	13659	13660	13686	13685	14075	14076	14102	14101	
8	13660	13661	13687	13686	14076	14077	14103	14102	
8	13661	13662	13688	13687	14077	14078	14104	14103	
8	13662	13663	13689	13688	14078	14079	14105	14104	
8	13663	13664	13690	13689	14079	14080	14106	14105	
8	13664	13665	13691	13690	14080	14081	14107	14106	
8	13665	13666	13692	13691	14081	14082	14108	14107	
8	13666	13667	13693	13692	14082	14083	14109	14108	
8	13667	13668	13694	13693	14083	14084	14110	14109	
8	13668	13669	13695	13694	14084	14085	14111	14110	
8	13669	13670	13696	13695	14085	14086	14112	14111	
8	13670	13671	13697	13696	14086	14087	14113	14112	
8	13671	13672	13698	13697	14087	14088	14114	14113	
8	13672	13673	13699	13698	14088	14089	14115	14114	
8	13673	13674	13700	13699	14089	14090	14116	14115	
8	13674	13675	13701	13700	14090	14091	14117	14116	
8	13676	13677	13703	13702	14092	14093	14119	14118	
8	13677	13678	13704	13703	14093	14094	14120	14119	
8	13678	13679	13705	13704	14094	14095	14121	14120	
8	13679	13680	13706	13705	14095	14096	14122	14121	
8	13680	13681	13707	13706	14096	14097	14123	14122	
8	13681	13682	13708	13707	14097	14098	14124	14123	
8	13682	13683	13709	13708	14098	14099	14125	14124	
8	13683	13684	13710	13709	14099	14100	14126	14125	
8	13684	13685	13711	13710	14100	14101	14127	14126	
8	13685	13686	13712	13711	14101	14102	14128	14127	
8	13686	13687	13713	13712	14102	14103	14129	14128	
8	13687	13688	13714	13713	14103	14104	14130	14129	
8	13688	13689	13715	13714	14104	14105	14131	14130	
8	13689	13690	13716	13715	14105	14106	14132	14131	
8	13690	13691	13717	13716	14106	14107	14133	14132	
8	13691	13692	13718	13717	14107	14108	14134	14133	
8	13692	13693	13719	13718	14108	14109	14135	14134	
8	13693	13694	13720	13719	14109	14110	14136	14135	
8	13694	13695	13721	13720	14110	14111	14137	14136	
8	13695	13696	13722	13721	14111	14112	14138	14137	
8	13696	13697	13723	13722	14112	14113	14139	14138	
8	13697	13698	13724	13723	14113	14114	14140	14139	
8	13698	13699	13725	13724	14114	14115	14141	14140	
8	13699	13700	13726	13725	14115	14116	14142	14141	
8	13700	13701	13727	13726	14116	14117	14143	14142	
8	13728	13729	13755	13754	14144	14145	14171	14170	
8	13729	13730	13756	13755	14145	14146	14172	14171	
8	13730	13731	13757	13756	14146	14147	14173	14172	
8	13731	13732	13758	13757	14147	14148	14174	14173	
8	13732	13733	13759	13758	14148	14149	14175	14174	
8	13733	13734	13760	13759	14149	14150	14176	14175	
8	13734	13735	13761	13760	14150	14151	14177	14176	
8	13735	13736	13762	13761	14151	14152	14178	14177	
8	13736	13737	13763	13762	14152	14153	14179	14178	
8	13737	13738	13764	13763	14153	14154	14180	14179	
8	13738	13739	13765	13764	14154	14155	14181	14180	
8	13739	13740	13766	13765	14155	14156	14182	14181	
8	13740	13741	13767	13766	14156	14157	14183	14182	
8	13741	13742	13768	13767	14157	14158	14184	14183	
8	13742	13743	13769	13768	14158	14159	14185	14184	
8	13743	13744	13770	13769	14159	14160	14186	14185	
8	13744	13745	13771	13770	14160	14161	14187	14186	
8	13745	13746	13772	13771	14161	14162	14188	14187	
8	13746	13747	13773	13772	14162	14163	14189	14188	
8	13747	13748	13774	13773	14163	14164	14190	14189	
8	13748	13749	13775	13774	14164	14165	14191	14190	
8	13749	13750	13776	13775	14165	14166	14192	14191	
8	13750	13751	13777	13776	14166	14167	14193	14192	
8	13751	13752	13778	13777	14167	14168	14194	14193	
8	13752	13753	13779	13778	14168	14169	14195	14194	
8	13754	13755	13781	13780	14170	14171	14197	14196	
8	13755	13756	13782	13781	14171	14172	14198	14197	
8	13756	13757	13783	13782	14172	14173	14199	14198	
8	13757	13758	13784	13783	14173	14174	14200	14199	
8	13758	13759	13785	13784	14174	14175	14201	14200	
8	13759	13760	13786	13785	14175	14176	14202	14201	
8	13760	13761	13787	13786	14176	14177	14203	14202	
8	13761	13762	13788	13787	14177	14178	14204	14203	
8	13762	13763	13789	13788	14178	14179	14205	14204	
8	13763	13764	13790	13789	14179	14180	14206	14205	
8	13764	13765	13791	13790	14180	14181	14207	14206	
8	13765	13766	13792	13791	14181	14182	14208	14207	
8	13766	13767	13793	13792	14182	14183	14209	14208	
8	13767	13768	13794	13793	14183	14184	14210	14209	
8	13768	13769	13795	13794	14184	14185	14211	14210	
8	13769	13770	13796	13795	14185	14186	14212	14211	
8	13770	13771	13797	13796	14186	14187	14213	14212	
8	13771	13772	13798	13797	14187	14188	14214	14213	
8	13772	13773	13799	13798	14188	14189	14215	14214	
8	13773	13774	13800	13799	14189	14190	14216	14215	
8	13774	13775	13801	13800	14190	14191	14217	14216	
8	13775	13776	13802	13801	14191	14192	14218	14217	
8	13776	13777	13803	13802	14192	14193	14219	14218	
8	13777	13778	13804	13803	14193	14194	14220	14219	
8	13778	13779	13805	13804	14194	14195	14221	14220	
8	13780	13781	13807	13806	14196	14197	14223	14222	
8	13781	13782	13808	13807	14197	14198	14224	14223	
8	13782	13783	13809	13808	14198	14199	14225	14224	
8	13783	13784	13810	13809	14199	14200	14226	14225	
8	13784	13785	13811	13810	14200	14201	14227	14226	
8	13785	13786	13812	13811	14201	14202	14228	14227	
8	13786	13787	13813	13812	14202	14203	14229	14228	
8	13787	13788	13814	13813	14203	14204	14230	14229	
8	13788	13789	13815	13814	14204	14205	14231	14230	
8	13789	13790	13816	13815	14205	14206	14232	14231	
8	13790	13791	13817	13816	14206	14207	14233	14232	
8	13791	13792	13818	13817	14207	14208	14234	14233	
8	13792	13793	13819	13818	14208	14209	14235	14234	
8	13793	13794	13820	13819	14209	14210	14236	14235	
8	13794	13795	13821	13820	14210	14211	14237	14236	
8	13795	13796	13822	13821	14211	14212	14238	14237	
8	13796	13797	13823	13822	14212	14213	14239	14238	
8	13797	13798	13824	13823	14213	14214	14240	14239	
8	13798	13799	13825	13824	14214	14215	14241	14240	
8	13799	13800	13826	13825	14215	14216	14242	14241	
8	13800	13801	13827	13826	14216	14217	14243	14242	
8	13801	13802	13828	13827	14217	14218	14244	14243	
8	13802	13803	13829	13828	14218	14219	14245	14244	
8	13803	13804	13830	13829	14219	14220	14246	14245	
8	13804	13805	13831	13830	14220	14221	14247	14246	
8	13806	13807	13833	13832	14222	14223	14249	14248	
8	13807	13808	13834	13833	14223	14224	14250	14249	
8	13808	13809	13835	13834	14224	14225	14251	14250	
8	13809	13810	13836	13835	14225	14226	14252	14251	
8	13810	13811	13837	13836	14226	14227	14253	14252	
8	13811	13812	13838	13837	14227	14228	14254	14253	
8	13812	13813	13839	13838	14228	14229	14255	14254	
8	13813	13814	13840	13839	14229	14230	14256	14255	
8	13814	13815	13841	13840	14230	14231	14257	14256	
8	13815	13816	13842	13841	14231	14232	14258	14257	
8	13816	13817	13843	13842	14232	14233	14259	14258	
8	13817	13818	13844	13843	14233	14234	14260	14259	
8	13818	13819	13845	13844	14234	14235	14261	14260	
8	13819	13820	13846	13845	14235	14236	14262	14261	
8	13820	13821	13847	13846	14236	14237	14263	14262	
8	13821	13822	13848	13847	14237	14238	14264	14263	
8	13822	13823	13849	13848	14238	14239	14265	14264	
8	13823	13824	13850	13849	14239	14240	14266	14265	
8	13824	13825	13851	13850	14240	14241	14267	14266	
8	13825	13826	13852	13851	14241	14242	14268	14267	
8	13826	13827	13853	13852	14242	14243	14269	14268	
8	13827	13828	13854	13853	14243	14244	14270	14269	
8	13828	13829	13855	13854	14244	14245	14271	14270	
8	13829	13830	13856	13855	14245	14246	14272	14271	
8	13830	13831	13857	13856	14246	14247	14273	14272	
8	13832	13833	13859	13858	14248	14249	14275	14274	
8	13833	13834	13860	13859	14249	14250	14276	14275	
8	13834	13835	13861	13860	14250	14251	14277	14276	
8	13835	13836	13862	13861	14251	14252	14278	14277	
8	13836	13837	13863	13862	14252	14253	14279	14278	
8	13837	13838	13864	13863	14253	14254	14280	14279	
8	13838	13839	13865	13864	14254	14255	14281	14280	
8	13839	13840	13866	13865	14255	14256	14282	14281	
8	13840	13841	13867	13866	14256	14257	14283	14282	
8	13841	13842	13868	13867	14257	14258	14284	14283	
8	13842	13843	13869	13868	14258	14259	14285	14284	
8	13843	13844	13870	13869	14259	14260	14286	14285	
8	13844	13845	13871	13870	14260	14261	14287	14286	
8	13845	13846	13872	13871	14261	14262	14288	14287	
8	13846	13847	13873	13872	14262	14263	14289	14288	
8	13847	13848	13874	13873	14263	14264	14290	14289	
8	13848	13849	13875	13874	14264	14265	14291	14290	
8	13849	13850	13876	13875	14265	14266	14292	14291	
8	13850	13851	13877	13876	14266	14267	14293	14292	
8	13851	13852	13878	13877	14267	14268	14294	14293	
8	13852	13853	13879	13878	14268	14269	14295	14294	
8	13853	13854	13880	13879	14269	14270	14296	14295	
8	13854	13855	13881	13880	14270	14271	14297	14296	
8	13855	13856	13882	13881	14271	14272	14298	14297	
8	13856	13857	13883	13882	14272	14273	14299	14298	
8	13858	13859	13885	13884	14274	14275	14301	14300	
8	13859	13860	13886	13885	14275	14276	14302	14301	
8	13860	13861	13887	13886	14276	14277	14303	14302	
8	13861	13862	13888	13887	14277	14278	14304	14303	
8	13862	13863	13889	13888	14278	14279	14305	14304	
8	13863	13864	13890	13889	14279	14280	14306	14305	
8	13864	13865	13891	13890	14280	14281	14307	14306	
8	13865	13866	13892	13891	14281	14282	14308	14307	
8	13866	13867	13893	13892	14282	14283	14309	14308	
8	13867	13868	13894	13893	14283	14284	14310	14309	
8	13868	13869	13895	13894	14284	14285	14311	14310	
8	13869	13870	13896	13895	14285	14286	14312	14311	
8	13870	13871	13897	13896	14286	14287	14313	14312	
8	13871	13872	13898	13897	14287	14288	14314	14313	
8	13872	13873	13899	13898	14288	14289	14315	14314	
8	13873	13874	13900	13899	14289	14290	14316	14315	
8	13874	13875	13901	13900	14290	14291	14317	14316	
8	13875	13876	13902	13901	14291	14292	14318	14317	
8	13876	13877	13903	13902	14292	14293	14319	14318	
8	13877	13878	13904	13903	14293	14294	14320	14319	
8	13878	13879	13905	13904	14294	14295	14321	14320	
8	13879	13880	13906	13905	14295	14296	14322	14321	
8	13880	13881	13907	13906	14296	14297	14323	14322	
8	13881	13882	13908	13907	14297	14298	14324	14323	
8	13882	13883	13909	13908	14298	14299	14325	14324	
8	13884	13885	13911	13910	14300	14301	14327	14326	
8	13885	13886	13912	13911	14301	14302	14328	14327	
8	13886	13887	13913	13912	14302	14303	14329	14328	
8	13887	13888	13914	13913	14303	14304	14330	14329	
8	13888	13889	13915	13914	14304	14305	14331	14330	
8	13889	13890	13916	13915	14305	14306	14332	14331	
8	13890	13891	13917	13916	14306	14307	14333	14332	
8	13891	13892	13918	13917	14307	14308	14334	14333	
8	13892	13893	13919	13918	14308	14309	14335	14334	
8	13893	13894	13920	13919	14309	14310	14336	14335	
8	13894	13895	13921	13920	14310	14311	14337	14336	
8	13895	13896	13922	13921	14311	14312	14338	14337	
8	13896	13897	13923	13922	14312	14313	14339	14338	
8	13897	13898	13924	13923	14313	14314	14340	14339	
8	13898	13899	13925	13924	14314	14315	14341	14340	
8	13899	13900	13926	13925	14315	14316	14342	14341	
8	13900	13901	13927	13926	14316	14317	14343	14342	
8	13901	13902	13928	13927	14317	14318	14344	14343	
8	13902	13903	13929	13928	14318	14319	14345	14344	
8	13903	13904	13930	13929	14319	14320	14346	14345	
8	13904	13905	13931	13930	14320	14321	14347	14346	
8	13905	13906	13932	13931	14321	14322	14348	14347	
8	13906	13907	13933	13932	14322	14323	14349	14348	
8	13907	13908	13934	13933	14323	14324	14350	14349	
8	13908	13909	13935	13934	14324	14325	14351	14350	
8	13910	13911	13937	13936	14326	14327	14353	14352	
8	13911	13912	13938	13937	14327	14328	14354	14353	
8	13912	13913	13939	13938	14328	14329	14355	14354	
8	13913	13914	13940	13939	14329	14330	14356	14355	
8	13914	13915	13941	13940	14330	14331	14357	14356	
8	13915	13916	13942	13941	14331	14332	14358	14357	
8	13916	13917	13943	13942	14332	14333	14359	14358	
8	13917	13918	13944	13943	14333	14334	14360	14359	
8	13918	13919	13945	13944	14334	14335	14361	14360	
8	13919	13920	13946	13945	14335	14336	14362	14361	
8	13920	13921	13947	13946	14336	14337	14363	14362	
8	13921	13922	13948	13947	14337	14338	14364	14363	
8	13922	13923	13949	13948	14338	14339	14365	14364	
8	13923	13924	13950	13949	14339	14340	14366	14365	
8	13924	13925	13951	13950	14340	14341	14367	14366	
8	13925	13926	13952	13951	14341	14342	14368	14367	
8	13926	13927	13953	13952	14342	14343	14369	14368	
8	13927	13928	13954	13953	14343	14344	14370	14369	
8	13928	13929	13955	13954	14344	14345	14371	14370	
8	13929	13930	13956	13955	14345	14346	14372	14371	
8	13930	13931	13957	13956	14346	14347	14373	14372	
8	13931	13932	13958	13957	14347	14348	14374	14373	
8	13932	13933	13959	13958	14348	14349	14375	14374	
8	13933	13934	13960	13959	14349	14350	14376	14375	
8	13934	13935	13961	13960	14350	14351	14377	14376	
8	13936	13937	13963	13962	14352	14353	14379	14378	
8	13937	13938	13964	13963	14353	14354	14380	14379	
8	13938	13939	13965	13964	14354	14355	14381	14380	
8	13939	13940	13966	13965	14355	14356	14382	14381	
8	13940	13941	13967	13966	14356	14357	14383	14382	
8	13941	13942	13968	13967	14357	14358	14384	14383	
8	13942	13943	13969	13968	14358	14359	14385	14384	
8	13943	13944	13970	13969	14359	14360	14386	14385	
8	13944	13945	13971	13970	14360	14361	14387	14386	
8	13945	13946	13972	13971	14361	14362	14388	14387	
8	13946	13947	13973	13972	14362	14363	14389	14388	
8	13947	13948	13974	13973	14363	14364	14390	14389	
8	13948	13949	13975	13974	14364	14365	14391	14390	
8	13949	13950	13976	13975	14365	14366	14392	14391	
8	13950	13951	13977	13976	14366	14367	14393	14392	
8	13951	13952	13978	13977	14367	14368	14394	14393	
8	13952	13953	13979	13978	14368	14369	14395	14394	
8	13953	13954	13980	13979	14369	14370	14396	14395	
8	13954	13955	13981	13980	14370	14371	14397	14396	
8	13955	13956	13982	13981	14371	14372	14398	14397	
8	13956	13957	13983	13982	14372	14373	14399	14398	
8	13957	13958	13984	13983	14373	14374	14400	14399	
8	13958	13959	13985	13984	14374	14375	14401	14400	
8	13959	13960	13986	13985	14375	14376	14402	14401	
8	13960	13961	13987	13986	14376	14377	14403	14402	
8	13962	13963	13989	13988	14378	14379	14405	14404	
8	13963	13964	13990	13989	14379	14380	14406	14405	
8	13964	13965	13991	13990	14380	14381	14407	14406	
8	13965	13966	13992	13991	14381	14382	14408	14407	
8	13966	13967	13993	13992	14382	14383	14409	14408	
8	13967	13968	13994	13993	14383	14384	14410	14409	
8	13968	13969	13995	13994	14384	14385	14411	14410	
8	13969	13970	13996	13995	14385	14386	14412	14411	
8	13970	13971	13997	13996	14386	14387	14413	14412	
8	13971	13972	13998	13997	14387	14388	14414	14413	
8	13972	13973	13999	13998	14388	14389	14415	14414	
8	13973	13974	14000	13999	14389	14390	14416	14415	
8	13974	13975	14001	14000	14390	14391	14417	14416	
8	13975	13976	14002	14001	14391	14392	14418	14417	
8	13976	13977	14003	14002	14392	14393	14419	14418	
8	13977	13978	14004	14003	14393	14394	14420	14419	
8	13978	13979	14005	14004	14394	14395	14421	14420	
8	13979	13980	14006	14005	14395	14396	14422	14421	
8	13980	13981	14007	14006	14396	14397	14423	14422	
8	13981	13982	14008	14007	14397	14398	14424	14423	
8	13982	13983	14009	14008	14398	14399	14425	14424	
8	13983	13984	14010	14009	14399	14400	14426	14425	
8	13984	13985	14011	14010	14400	14401	14427	14426	
8	13985	13986	14012	14011	14401	14402	14428	14427	
8	13986	13987	14013	14012	14402	14403	14429	14428	
8	13988	13989	14015	14014	14404	14405	14431	14430	
8	13989	13990	14016	14015	14405	14406	14432	14431	
8	13990	13991	14017	14016	14406	14407	14433	14432	
8	13991	13992	14018	14017	14407	14408	14434	14433	
8	13992	13993	14019	14018	14408	14409	14435	14434	
8	13993	13994	14020	14019	14409	14410	14436	14435	
8	13994	13995	14021	14020	14410	14411	14437	14436	
8	13995	13996	14022	14021	14411	14412	14438	14437	
8	13996	13997	14023	14022	14412	14413	14439	14438	
8	13997	13998	14024	14023	14413	14414	14440	14439	
8	13998	13999	14025	14024	14414	14415	14441	14440	
8	13999	14000	14026	14025	14415	14416	14442	14441	
8	14000	14001	14027	14026	14416	14417	14443	14442	
8	14001	14002	14028	14027	14417	14418	14444	14443	
8	14002	14003	14029	14028	14418	14419	14445	14444	
8	14003	14004	14030	14029	14419	14420	14446	14445	
8	14004	14005	14031	14030	14420	14421	14447	14446	
8	14005	14006	14032	14031	14421	14422	14448	14447	
8	14006	14007	14033	14032	14422	14423	14449	14448	
8	14007	14008	14034	14033	14423	14424	14450	14449	
8	14008	14009	14035	14034	14424	14425	14451	14450	
8	14009	14010	14036	14035	14425	14426	14452	14451	
8	14010	14011	14037	14036	14426	14427	14453	14452	
8	14011	14012	14038	14037	14427	14428	14454	14453	
8	14012	14013	14039	14038	14428	14429	14455	14454	
8	14014	14015	14041	14040	14430	14431	14457	14456	
8	14015	14016	14042	14041	14431	14432	14458	14457	
8	14016	14017	14043	14042	14432	14433	14459	14458	
8	14017	14018	14044	14043	14433	14434	14460	14459	
8	14018	14019	14045	14044	14434	14435	14461	14460	
8	14019	14020	14046	14045	14435	14436	14462	14461	
8	14020	14021	14047	14046	14436	14437	14463	14462	
8	14021	14022	14048	14047	14437	14438	14464	14463	
8	14022	14023	14049	14048	14438	14439	14465	14464	
8	14023	14024	14050	14049	14439	14440	14466	14465	
8	14024	14025	14051	14050	14440	14441	14467	14466	
8	14025	14026	14052	14051	14441	14442	14468	14467	
8	14026	14027	14053	14052	14442	14443	14469	14468	
8	14027	14028	14054	14053	14443	14444	14470	14469	
8	14028	14029	14055	14054	14444	14445	14471	14470	
8	14029	14030	14056	14055	14445	14446	14472	14471	
8	14030	14031	14057	14056	14446	14447	14473	14472	
8	14031	14032	14058	14057	14447	14448	14474	14473	
8	14032	14033	14059	14058	14448	14449	14475	14474	
8	14033	14034	14060	14059	14449	14450	14476	14475	
8	14034	14035	14061	14060	14450	14451	14477	14476	
8	14035	14036	14062	14061	14451	14452	14478	14477	
8	14036	14037	14063	14062	14452	14453	14479	14478	
8	14037	14038	14064	14063	14453	14454	14480	14479	
8	14038	14039	14065	14064	14454	14455	14481	14480	
8	14040	14041	14067	14066	14456	14457	14483	14482	
8	14041	14042	14068	14067	14457	14458	14484	14483	
8	14042	14043	14069	14068	14458	14459	14485	14484	
8	14043	14044	14070	14069	14459	14460	14486	14485	
8	14044	14045	14071	14070	14460	14461	14487	14486	
8	14045	14046	14072	14071	14461	14462	14488	14487	
8	14046	14047	14073	14072	14462	14463	14489	14488	
8	14047	14048	14074	14073	14463	14464	14490	14489	
8	14048	14049	14075	14074	14464	14465	14491	14490	
8	14049	14050	14076	14075	14465	14466	14492	14491	
8	14050	14051	14077	14076	14466	14467	14493	14492	
8	14051	14052	14078	14077	14467	14468	14494	14493	
8	14052	14053	14079	14078	14468	14469	14495	14494	
8	14053	14054	14080	14079	14469	14470	14496	14495	
8	14054	14055	14081	14080	14470	14471	14497	14496	
8	14055	14056	14082	14081	14471	14472	14498	14497	
8	14056	14057	14083	14082	14472	14473	14499	14498	
8	14057	14058	14084	14083	14473	14474	14500	14499	
8	14058	14059	14085	14084	14474	14475	14501	14500	
8	14059	14060	14086	14085	14475	14476	14502	14501	
8	14060	14061	14087	14086	14476	14477	14503	14502	
8	14061	14062	14088	14087	14477	14478	14504	14503	
8	14062	14063	14089	14088	14478	14479	14505	14504	
8	14063	14064	14090	14089	14479	14480	14506	14505	
8	14064	14065	14091	14090	14480	14481	14507	14506	
8	14066	14067	14093	14092	14482	14483	14509	14508	
8	14067	14068	14094	14093	14483	14484	14510	14509	
8	14068	14069	14095	14094	14484	14485	14511	14510	
8	14069	14070	14096	14095	14485	14486	14512	14511	
8	14070	14071	14097	14096	14486	14487	14513	14512	
8	14071	14072	14098	14097	14487	14488	14514	14513	
8	14072	14073	14099	14098	14488	14489	14515	14514	
8	14073	14074	14100	14099	14489	14490	14516	14515	
8	14074	14075	14101	14100	14490	14491	14517	14516	
8	14075	14076	14102	14101	14491	14492	14518	14517	
8	14076	14077	14103	14102	14492	14493	14519	14518	
8	14077	14078	14104	14103	14493	14494	14520	14519	
8	14078	14079	14105	14104	14494	14495	14521	14520	
8	14079	14080	14106	14105	14495	14496	14522	14521	
8	14080	14081	14107	14106	14496	14497	14523	14522	
8	14081	14082	14108	14107	14497	14498	14524	14523	
8	14082	14083	14109	14108	14498	14499	14525	14524	
8	14083	14084	14110	14109	14499	14500	14526	14525	
8	14084	14085	14111	14110	14500	14501	14527	14526	
8	14085	14086	14112	14111	14501	14502	14528	14527	
8	14086	14087	14113	14112	14502	14503	14529	14528	
8	14087	14088	14114	14113	14503	14504	14530	14529	
8	14088	14089	14115	14114	14504	14505	14531	14530	
8	14089	14090	14116	14115	14505	14506	14532	14531	
8	14090	14091	14117	14116	14506	14507	14533	14532	
8	14092	14093	14119	14118	14508	14509	14535	14534	
8	14093	14094	14120	14119	14509	14510	14536	14535	
8	14094	14095	14121	14120	14510	14511	14537	14536	
8	14095	14096	14122	14121	14511	14512	14538	14537	
8	14096	14097	14123	14122	14512	14513	14539	14538	
8	14097	14098	14124	14123	14513	14514	14540	14539	
8	14098	14099	14125	14124	14514	14515	14541	14540	
8	14099	14100	14126	14125	14515	14516	14542	14541	
8	14100	14101	14127	14126	14516	14517	14543	14542	
8	14101	14102	14128	14127	14517	14518	14544	14543	
8	14102	14103	14129	14128	14518	14519	14545	14544	
8	14103	14104	14130	14129	14519	14520	14546	14545	
8	14104	14105	14131	14130	14520	14521	14547	14546	
8	14105	14106	14132	14131	14521	14522	14548	14547	
8	14106	14107	14133	14132	14522	14523	14549	14548	
8	14107	14108	14134	14133	14523	14524	14550	14549	
8	14108	14109	14135	14134	14524	14525	14551	14550	
8	14109	14110	14136	14135	14525	14526	14552	14551	
8	14110	14111	14137	14136	14526	14527	14553	14552	
8	14111	14112	14138	14137	14527	14528	14554	14553	
8	14112	14113	14139	14138	14528	14529	14555	14554	
8	14113	14114	14140	14139	14529	14530	14556	14555	
8	14114	14115	14141	14140	14530	14531	14557	14556	
8	14115	14116	14142	14141	14531	14532	14558	14557	
8	14116	14117	14143	14142	14532	14533	14559	14558	
8	14144	14145	14171	14170	14560	14561	14587	14586	
8	14145	14146	14172	14171	14561	14562	14588	14587	
8	14146	14147	14173	14172	14562	14563	14589	14588	
8	14147	14148	14174	14173	14563	14564	14590	14589	
8	14148	14149	14175	14174	14564	14565	14591	14590	
8	14149	14150	14176	14175	14565	14566	14592	14591	
8	14150	14151	14177	14176	14566	14567	14593	14592	
8	14151	14152	14178	14177	14567	14568	14594	14593	
8	14152	14153	14179	14178	14568	14569	14595	14594	
8	14153	14154	14180	14179	14569	14570	14596	14595	
8	14154	14155	14181	14180	14570	14571	14597	14596	
8	14155	14156	14182	14181	14571	14572	14598	14597	
8	14156	14157	14183	14182	14572	14573	14599	14598	
8	14157	14158	14184	14183	14573	14574	14600	14599	
8	14158	14159	14185	14184	14574	14575	14601	14600	
8	14159	14160	14186	14185	14575	14576	14602	14601	
8	14160	14161	14187	14186	14576	14577	14603	14602	
8	14161	14162	14188	14187	14577	14578	14604	14603	
8	14162	14163	14189	14188	14578	14579	14605	14604	
8	14163	14164	14190	14189	14579	14580	14606	14605	
8	14164	14165	14191	14190	14580	14581	14607	14606	
8	14165	14166	14192	14191	14581	14582	14608	14607	
8	14166	14167	14193	14192	14582	14583	14609	14608	
8	14167	14168	14194	14193	14583	14584	14610	14609	
8	14168	14169	14195	14194	14584	14585	14611	14610	
8	14170	14171	14197	14196	14586	14587	14613	14612	
8	14171	14172	14198	14197	14587	14588	14614	14613	
8	14172	14173	14199	14198	14588	14589	14615	14614	
8	14173	14174	14200	14199	14589	14590	14616	14615	
8	14174	14175	14201	14200	14590	14591	14617	14616	
8	14175	14176	14202	14201	14591	14592	14618	14617	
8	14176	14177	14203	14202	14592	14593	14619	14618	
8	14177	14178	14204	14203	14593	14594	14620	14619	
8	14178	14179	14205	14204	14594	14595	14621	14620	
8	14179	14180	14206	14205	14595	14596	14622	14621	
8	14180	14181	14207	14206	14596	14597	14623	14622	
8	14181	14182	14208	14207	14597	14598	14624	14623	
8	14182	14183	14209	14208	14598	14599	14625	14624	
8	14183	14184	14210	14209	14599	14600	14626	14625	
8	14184	14185	14211	14210	14600	14601	14627	14626	
8	14185	14186	14212	14211	14601	14602	14628	14627	
8	14186	14187	14213	14212	14602	14603	14629	14628	
8	14187	14188	14214	14213	14603	14604	14630	14629	
8	14188	14189	14215	14214	14604	14605	14631	14630	
8	14189	14190	14216	14215	14605	14606	14632	14631	
8	14190	14191	14217	14216	14606	14607	14633	14632	
8	14191	14192	14218	14217	14607	14608	14634	14633	
8	14192	14193	14219	14218	14608	14609	14635	14634	
8	14193	14194	14220	14219	14609	14610	14636	14635	
8	14194	14195	14221	14220	14610	14611	14637	14636	
8	14196	14197	14223	14222	14612	14613	14639	14638	
8	14197	14198	14224	14223	14613	14614	14640	14639	
8	14198	14199	14225	14224	14614	14615	14641	14640	
8	14199	14200	14226	14225	14615	14616	14642	14641	
8	14200	14201	14227	14226	14616	14617	14643	14642	
8	14201	14202	14228	14227	14617	14618	14644	14643	
8	14202	14203	14229	14228	14618	14619	14645	14644	
8	14203	14204	14230	14229	14619	14620	14646	14645	
8	14204	14205	14231	14230	14620	14621	14647	14646	
8	14205	14206	14232	14231	14621	14622	14648	14647	
8	14206	14207	14233	14232	14622	14623	14649	14648	
8	14207	14208	14234	14233	14623	14624	14650	14649	
8	14208	14209	14235	14234	14624	14625	14651	14650	
8	14209	14210	14236	14235	14625	14626	14652	14651	
8	14210	14211	14237	14236	14626	14627	14653	14652	
8	14211	14212	14238	14237	14627	14628	14654	14653	
8	14212	14213	14239	14238	14628	14629	14655	14654	
8	14213	14214	14240	14239	14629	14630	14656	14655	
8	14214	14215	14241	14240	14630	14631	14657	14656	
8	14215	14216	14242	14241	14631	14632	14658	14657	
8	14216	14217	14243	14242	14632	14633	14659	14658	
8	14217	14218	14244	14243	14633	14634	14660	14659	
8	14218	14219	14245	14244	14634	14635	14661	14660	
8	14219	14220	14246	14245	14635	14636	14662	14661	
8	14220	14221	14247	14246	14636	14637	14663	14662	
8	14222	14223	14249	14248	14638	14639	14665	14664	
8	14223	14224	14250	14249	14639	14640	14666	14665	
8	14224	14225	14251	14250	14640	14641	14667	14666	
8	14225	14226	14252	14251	14641	14642	14668	14667	
8	14226	14227	14253	14252	14642	14643	14669	14668	
8	14227	14228	14254	14253	14643	14644	14670	14669	
8	14228	14229	14255	14254	14644	14645	14671	14670	
8	14229	14230	14256	14255	14645	14646	14672	14671	
8	14230	14231	14257	14256	14646	14647	14673	14672	
8	14231	14232	14258	14257	14647	14648	14674	14673	
8	14232	14233	14259	14258	14648	14649	14675	14674	
8	14233	14234	14260	14259	14649	14650	14676	14675	
8	14234	14235	14261	14260	14650	14651	14677	14676	
8	14235	14236	14262	14261	14651	14652	14678	14677	
8	14236	14237	14263	14262	14652	14653	14679	14678	
8	14237	14238	14264	14263	14653	14654	14680	14679	
8	14238	14239	14265	14264	14654	14655	14681	14680	
8	14239	14240	14266	14265	14655	14656	14682	14681	
8	14240	14241	14267	14266	14656	14657	14683	14682	
8	14241	14242	14268	14267	14657	14658	14684	14683	
8	14242	14243	14269	14268	14658	14659	14685	14684	
8	14243	14244	14270	14269	14659	14660	14686	14685	
8	14244	14245	14271	14270	14660	14661	14687	14686	
8	14245	14246	14272	14271	14661	14662	14688	14687	
8	14246	14247	14273	14272	14662	14663	14689	14688	
8	14248	14249	14275	14274	14664	14665	14691	14690	
8	14249	14250	14276	14275	14665	14666	14692	14691	
8	14250	14251	14277	14276	14666	14667	14693	14692	
8	14251	14252	14278	14277	14667	14668	14694	14693	
8	14252	14253	14279	14278	14668	14669	14695	14694	
8	14253	14254	14280	14279	14669	14670	14696	14695	
8	14254	14255	14281	14280	14670	14671	14697	14696	
8	14255	14256	14282	14281	14671	14672	14698	14697	
8	14256	14257	14283	14282	14672	14673	14699	14698	
8	14257	14258	14284	14283	14673	14674	14700	14699	
8	14258	14259	14285	14284	14674	14675	14701	14700	
8	14259	14260	14286	14285	14675	14676	14702	14701	
8	14260	14261	14287	14286	14676	14677	14703	14702	
8	14261	14262	14288	14287	14677	14678	14704	14703	
8	14262	14263	14289	14288	14678	14679	14705	14704	
8	14263	14264	14290	14289	14679	14680	14706	14705	
8	14264	14265	14291	14290	14680	14681	14707	14706	
8	14265	14266	14292	14291	14681	14682	14708	14707	
8	14266	14267	14293	14292	14682	14683	14709	14708	
8	14267	14268	14294	14293	14683	14684	14710	14709	
8	14268	14269	14295	14294	14684	14685	14711	14710	
8	14269	14270	14296	14295	14685	14686	14712	14711	
8	14270	14271	14297	14296	14686	14687	14713	14712	
8	14271	14272	14298	14297	14687	14688	14714	14713	
8	14272	14273	14299	14298	14688	14689	14715	14714	
8	14274	14275	14301	14300	14690	14691	14717	14716	
8	14275	14276	14302	14301	14691	14692	14718	14717	
8	14276	14277	14303	14302	14692	14693	14719	14718	
8	14277	14278	14304	14303	14693	14694	14720	14719	
8	14278	14279	14305	14304	14694	14695	14721	14720	
8	14279	14280	14306	14305	14695	14696	14722	14721	
8	14280	14281	14307	14306	14696	14697	14723	14722	
8	14281	14282	14308	14307	14697	14698	14724	14723	
8	14282	14283	14309	14308	14698	14699	14725	14724	
8	14283	14284	14310	14309	14699	14700	14726	14725	
8	14284	14285	14311	14310	14700	14701	14727	14726	
8	14285	14286	14312	14311	14701	14702	14728	14727	
8	14286	14287	14313	14312	14702	14703	14729	14728	
8	14287	14288	14314	14313	14703	14704	14730	14729	
8	14288	14289	14315	14314	14704	14705	14731	14730	
8	14289	14290	14316	14315	14705	14706	14732	14731	
8	14290	14291	14317	14316	14706	14707	14733	14732	
8	14291	14292	14318	14317	14707	14708	14734	14733	
8	14292	14293	14319	14318	14708	14709	14735	14734	
8	14293	14294	14320	14319	14709	14710	14736	14735	
8	14294	14295	14321	14320	14710	14711	14737	14736	
8	14295	14296	14322	14321	14711	14712	14738	14737	
8	14296	14297	14323	14322	14712	14713	14739	14738	
8	14297	14298	14324	14323	14713	14714	14740	14739	
8	14298	14299	14325	14324	14714	14715	14741	14740	
8	14300	14301	14327	14326	14716	14717	14743	14742	
8	14301	14302	14328	14327	14717	14718	14744	14743	
8	14302	14303	14329	14328	14718	14719	14745	14744	
8	14303	14304	14330	14329	14719	14720	14746	14745	
8	14304	14305	14331	14330	14720	14721	14747	14746	
8	14305	14306	14332	14331	14721	14722	14748	14747	
8	14306	14307	14333	14332	14722	14723	14749	14748	
8	14307	14308	14334	14333	14723	14724	14750	14749	
8	14308	14309	14335	14334	14724	14725	14751	14750	
8	14309	14310	14336	14335	14725	14726	14752	14751	
8	14310	14311	14337	14336	14726	14727	14753	14752	
8	14311	14312	14338	14337	14727	14728	14754	14753	
8	14312	14313	14339	14338	14728	14729	14755	14754	
8	14313	14314	14340	14339	14729	14730	14756	14755	
8	14314	14315	14341	14340	14730	14731	14757	14756	
8	14315	14316	14342	14341	14731	14732	14758	14757	
8	14316	14317	14343	14342	14732	14733	14759	14758	
8	14317	14318	14344	14343	14733	14734	14760	14759	
8	14318	14319	14345	14344	14734	14735	14761	14760	
8	14319	14320	14346	14345	14735	14736	14762	14761	
8	14320	14321	14347	14346	14736	14737	14763	14762	
8	14321	14322	14348	14347	14737	14738	14764	14763	
8	14322	14323	14349	14348	14738	14739	14765	14764	
8	14323	14324	14350	14349	14739	14740	14766	14765	
8	14324	14325	14351	14350	14740	14741	14767	14766	
8	14326	14327	14353	14352	14742	14743	14769	14768	
8	14327	14328	14354	14353	14743	14744	14770	14769	
8	14328	14329	14355	14354	14744	14745	14771	14770	
8	14329	14330	14356	14355	14745	14746	14772	14771	
8	14330	14331	14357	14356	14746	14747	14773	14772	
8	14331	14332	14358	14357	14747	14748	14774	14773	
8	14332	14333	14359	14358	14748	14749	14775	14774	
8	14333	14334	14360	14359	14749	14750	14776	14775	
8	14334	14335	14361	14360	14750	14751	14777	14776	
8	14335	14336	14362	14361	14751	14752	14778	14777	
8	14336	14337	14363	14362	14752	14753	14779	14778	
8	14337	14338	14364	14363	14753	14754	14780	14779	
8	14338	14339	14365	14364	14754	14755	14781	14780	
8	14339	14340	14366	14365	14755	14756	14782	14781	
8	14340	14341	14367	14366	14756	14757	14783	14782	
8	14341	14342	14368	14367	14757	14758	14784	14783	
8	14342	14343	14369	14368	14758	14759	14785	14784	
8	14343	14344	14370	14369	14759	14760	14786	14785	
8	14344	14345	14371	14370	14760	14761	14787	14786	
8	14345	14346	14372	14371	14761	14762	14788	14787	
8	14346	14347	14373	14372	14762	14763	14789	14788	
8	14347	14348	14374	14373	14763	14764	14790	14789	
8	14348	14349	14375	14374	14764	14765	14791	14790	
8	14349	14350	14376	14375	14765	14766	14792	14791	
8	14350	14351	14377	14376	14766	14767	14793	14792	
8	14352	14353	14379	14378	14768	14769	14795	14794	
8	14353	14354	14380	14379	14769	14770	14796	14795	
8	14354	14355	14381	14380	14770	14771	14797	14796	
8	14355	14356	14382	14381	14771	14772	14798	14797	
8	14356	14357	14383	14382	14772	14773	14799	14798	
8	14357	14358	14384	14383	14773	14774	14800	14799	
8	14358	14359	14385	14384	14774	14775	14801	14800	
8	14359	14360	14386	14385	14775	14776	14802	14801	
8	14360	14361	14387	14386	14776	14777	14803	14802	
8	14361	14362	14388	14387	14777	14778	14804	14803	
8	14362	14363	14389	14388	14778	14779	14805	14804	
8	14363	14364	14390	14389	14779	14780	14806	14805	
8	14364	14365	14391	14390	14780	14781	14807	14806	
8	14365	14366	14392	14391	14781	14782	14808	14807	
8	14366	14367	14393	14392	14782	14783	14809	14808	
8	14367	14368	14394	14393	14783	14784	14810	14809	
8	14368	14369	14395	14394	14784	14785	14811	14810	
8	14369	14370	14396	14395	14785	14786	14812	14811	
8	14370	14371	14397	14396	14786	14787	14813	14812	
8	14371	14372	14398	14397	14787	14788	14814	14813	
8	14372	14373	14399	14398	14788	14789	14815	14814	
8	14373	14374	14400	14399	14789	14790	14816	14815	
8	14374	14375	14401	14400	14790	14791	14817	14816	
8	14375	14376	14402	14401	14791	14792	14818	14817	
8	14376	14377	14403	14402	14792	14793	14819	14818	
8	14378	14379	14405	14404	14794	14795	14821	14820	
8	14379	14380	14406	14405	14795	14796	14822	14821	
8	14380	14381	14407	14406	14796	14797	14823	14822	
8	14381	14382	14408	14407	14797	14798	14824	14823	
8	14382	14383	14409	14408	14798	14799	14825	14824	
8	14383	14384	14410	14409	14799	14800	14826	14825	
8	14384	14385	14411	14410	14800	14801	14827	14826	
8	14385	14386	14412	14411	14801	14802	14828	14827	
8	14386	14387	14413	14412	14802	14803	14829	14828	
8	14387	14388	14414	14413	14803	14804	14830	14829	
8	14388	14389	14415	14414	14804	14805	14831	14830	
8	14389	14390	14416	14415	14805	14806	14832	14831	
8	14390	14391	14417	14416	14806	14807	14833	14832	
8	14391	14392	14418	14417	14807	14808	14834	14833	
8	14392	14393	14419	14418	14808	14809	14835	14834	
8	14393	14394	14420	14419	14809	14810	14836	14835	
8	14394	14395	14421	14420	14810	14811	14837	14836	
8	14395	14396	14422	14421	14811	14812	14838	14837	
8	14396	14397	14423	14422	14812	14813	14839	14838	
8	14397	14398	14424	14423	14813	14814	14840	14839	
8	14398	14399	14425	14424	14814	14815	14841	14840	
8	14399	14400	14426	14425	14815	14816	14842	14841	
8	14400	14401	14427	14426	14816	14817	14843	14842	
8	14401	14402	14428	14427	14817	14818	14844	14843	
8	14402	14403	14429	14428	14818	14819	14845	14844	
8	14404	14405	14431	14430	14820	14821	14847	14846	
8	14405	14406	14432	14431	14821	14822	14848	14847	
8	14406	14407	14433	14432	14822	14823	14849	14848	
8	14407	14408	14434	14433	14823	14824	14850	14849	
8	14408	14409	14435	14434	14824	14825	14851	14850	
8	14409	14410	14436	14435	14825	14826	14852	14851	
8	14410	14411	14437	14436	14826	14827	14853	14852	
8	14411	14412	14438	14437	14827	14828	14854	14853	
8	14412	14413	14439	14438	14828	14829	14855	14854	
8	14413	14414	14440	14439	14829	14830	14856	14855	
8	14414	14415	14441	14440	14830	14831	14857	14856	
8	14415	14416	14442	14441	14831	14832	14858	14857	
8	14416	14417	14443	14442	14832	14833	14859	14858	
8	14417	14418	14444	14443	14833	14834	14860	14859	
8	14418	14419	14445	14444	14834	14835	14861	14860	
8	14419	14420	14446	14445	14835	14836	14862	14861	
8	14420	14421	14447	14446	14836	14837	14863	14862	
8	14421	14422	14448	14447	14837	14838	14864	14863	
8	14422	14423	14449	14448	14838	14839	14865	14864	
8	14423	14424	14450	14449	14839	14840	14866	14865	
8	14424	14425	14451	14450	14840	14841	14867	14866	
8	14425	14426	14452	14451	14841	14842	14868	14867	
8	14426	14427	14453	14452	14842	14843	14869	14868	
8	14427	14428	14454	14453	14843	14844	14870	14869	
8	14428	14429	14455	14454	14844	14845	14871	14870	
8	14430	14431	14457	14456	14846	14847	14873	14872	
8	14431	14432	14458	14457	14847	14848	14874	14873	
8	14432	14433	14459	14458	14848	14849	14875	14874	
8	14433	14434	14460	14459	14849	14850	14876	14875	
8	14434	14435	14461	14460	14850	14851	14877	14876	
8	14435	14436	14462	14461	14851	14852	14878	14877	
8	14436	14437	14463	14462	14852	14853	14879	14878	
8	14437	14438	14464	14463	14853	14854	14880	14879	
8	14438	14439	14465	14464	14854	14855	14881	14880	
8	14439	14440	14466	14465	14855	14856	14882	14881	
8	14440	14441	14467	14466	14856	14857	14883	14882	
8	14441	14442	14468	14467	14857	14858	14884	14883	
8	14442	14443	14469	14468	14858	14859	14885	14884	
8	14443	14444	14470	14469	14859	14860	14886	14885	
8	14444	14445	14471	14470	14860	14861	14887	14886	
8	14445	14446	14472	14471	14861	14862	14888	14887	
8	14446	14447	14473	14472	14862	14863	14889	14888	
8	14447	14448	14474	14473	14863	14864	14890	14889	
8	14448	14449	14475	14474	14864	14865	14891	14890	
8	14449	14450	14476	14475	14865	14866	14892	14891	
8	14450	14451	14477	14476	14866	14867	14893	14892	
8	14451	14452	14478	14477	14867	14868	14894	14893	
8	14452	14453	14479	14478	14868	14869	14895	14894	
8	14453	14454	14480	14479	14869	14870	14896	14895	
8	14454	14455	14481	14480	14870	14871	14897	14896	
8	14456	14457	14483	14482	14872	14873	14899	14898	
8	14457	14458	14484	14483	14873	14874	14900	14899	
8	14458	14459	14485	14484	14874	14875	14901	14900	
8	14459	14460	14486	14485	14875	14876	14902	14901	
8	14460	14461	14487	14486	14876	14877	14903	14902	
8	14461	14462	14488	14487	14877	14878	14904	14903	
8	14462	14463	14489	14488	14878	14879	14905	14904	
8	14463	14464	14490	14489	14879	14880	14906	14905	
8	14464	14465	14491	14490	14880	14881	14907	14906	
8	14465	14466	14492	14491	14881	14882	14908	14907	
8	14466	14467	14493	14492	14882	14883	14909	14908	
8	14467	14468	14494	14493	14883	14884	14910	14909	
8	14468	14469	14495	14494	14884	14885	14911	14910	
8	14469	14470	14496	14495	14885	14886	14912	14911	
8	14470	14471	14497	14496	14886	14887	14913	14912	
8	14471	14472	14498	14497	14887	14888	14914	14913	
8	14472	14473	14499	14498	14888	14889	14915	14914	
8	14473	14474	14500	14499	14889	14890	14916	14915	
8	14474	14475	14501	14500	14890	14891	14917	14916	
8	14475	14476	14502	14501	14891	14892	14918	14917	
8	14476	14477	14503	14502	14892	14893	14919	14918	
8	14477	14478	14504	14503	14893	14894	14920	14919	
8	14478	14479	14505	14504	14894	14895	14921	14920	
8	14479	14480	14506	14505	14895	14896	14922	14921	
8	14480	14481	14507	14506	14896	14897	14923	14922	
8	14482	14483	14509	14508	14898	14899	14925	14924	
8	14483	14484	14510	14509	14899	14900	14926	14925	
8	14484	14485	14511	14510	14900	14901	14927	14926	
8	14485	14486	14512	14511	14901	14902	14928	14927	
8	14486	14487	14513	14512	14902	14903	14929	14928	
8	14487	14488	14514	14513	14903	14904	14930	14929	
8	14488	14489	14515	14514	14904	14905	14931	14930	
8	14489	14490	14516	14515	14905	14906	14932	14931	
8	14490	14491	14517	14516	14906	14907	14933	14932	
8	14491	14492	14518	14517	14907	14908	14934	14933	
8	14492	14493	14519	14518	14908	14909	14935	14934	
8	14493	14494	14520	14519	14909	14910	14936	14935	
8	14494	14495	14521	14520	14910	14911	14937	14936	
8	14495	14496	14522	14521	14911	14912	14938	14937	
8	14496	14497	14523	14522	14912	14913	14939	14938	
8	14497	14498	14524	14523	14913	14914	14940	14939	
8	14498	14499	14525	14524	14914	14915	14941	14940	
8	14499	14500	14526	14525	14915	14916	14942	14941	
8	14500	14501	14527	14526	14916	14917	14943	14942	
8	14501	14502	14528	14527	14917	14918	14944	14943	
8	14502	14503	14529	14528	14918	14919	14945	14944	
8	14503	14504	14530	14529	14919	14920	14946	14945	
8	14504	14505	14531	14530	14920	14921	14947	14946	
8	14505	14506	14532	14531	14921	14922	14948	14947	
8	14506	14507	14533	14532	14922	14923	14949	14948	
8	14508	14509	14535	14534	14924	14925	14951	14950	
8	14509	14510	14536	14535	14925	14926	14952	14951	
8	14510	14511	14537	14536	14926	14927	14953	14952	
8	14511	14512	14538	14537	14927	14928	14954	14953	
8	14512	14513	14539	14538	14928	14929	14955	14954	
8	14513	14514	14540	14539	14929	14930	14956	14955	
8	14514	14515	14541	14540	14930	14931	14957	14956	
8	14515	14516	14542	14541	14931	14932	14958	14957	
8	14516	14517	14543	14542	14932	14933	14959	14958	
8	14517	14518	14544	14543	14933	14934	14960	14959	
8	14518	14519	14545	14544	14934	14935	14961	14960	
8	14519	14520	14546	14545	14935	14936	14962	14961	
8	14520	14521	14547	14546	14936	14937	14963	14962	
8	14521	14522	14548	14547	14937	14938	14964	14963	
8	14522	14523	14549	14548	14938	14939	14965	14964	
8	14523	14524	14550	14549	14939	14940	14966	14965	
8	14524	14525	14551	14550	14940	14941	14967	14966	
8	14525	14526	14552	14551	14941	14942	14968	14967	
8	14526	14527	14553	14552	14942	14943	14969	14968	
8	14527	14528	14554	14553	14943	14944	14970	14969	
8	14528	14529	14555	14554	14944	14945	14971	14970	
8	14529	14530	14556	14555	14945	14946	14972	14971	
8	14530	14531	14557	14556	14946	14947	14973	14972	
8	14531	14532	14558	14557	14947	14948	14974	14973	
8	14532	14533	14559	14558	14948	14949	14975	14974	
CELL_TYPES 13125
12 12 12 12 12 12 12 12 12 12 12 12 12 12 12 12 12 12 12 12 12 12 12 12 12 12 12 12 12 12 12 12 12 12 12 12 12 12 12 12 12 12 12 12 12 12 12 12 12 12 12 12 12 12 12 12 12 12 12 12 12 12 12 12 12 12 12 12 12 12 12 12 12 12 12 12 12 12 12 12 12 12 12 12 12 12 12 12 12 12 12 12 12 12 12 12 12 12 12 12 12 12 12 12 12 12 12 12 12 12 12 12 12 12 12 12 12 12 12 12 12 12 12 12 12 12 12 12 12 12 12 12 12 12 12 12 12 12 12 12 12 12 12 12 12 12 12 12 12 12 12 12 12 12 12 12 12 12 12 12 12 12 12 12 12 12 12 12 12 12 12 12 12 12 12 12 12 12 12 12 12 12 12 12 12 12 12 12 12 12 12 12 12 12 12 12 12 12 12 12 12 12 12 12 12 12 12 12 12 12 12 12 12 12 12 12 12 12 12 12 12 12 12 12 12 12 12 12 12 12 12 12 12 12 12 12 12 12 12 12 12 12 12 12 12 12 12 12 12 12 12 12 12 12 12 12 12 12 12 12 12 12 12 12 12 12 12 12 12 12 12 12 12 12 12 12 12 12 12 12 12 12 12 12 12 12 12 12 12 12 12 12 12 12 12 12 12 12 12 12 12 12 12 12 12 12 12 12 12 12 12 12 12 12 12 12 12 12 12 12 12 12 12 12 12 12 12 12 12 12 12 12 12 12 12 12 12 12 12 12 12 12 12 12 12 12 12 12 12 12 12 12 12 12 12 12 12 12 12 12 12 12 12 12 12 12 12 12 12 12 12 12 12 12 12 12 12 12 12 12 12 12 12 12 12 12 12 12 12 12 12 12 12 12 12 12 12 12 12 12 12 12 12 12 12 12 12 12 12 12 12 12 12 12 12 12 12 12 12 12 12 12 12 12 12 12 12 12 12 12 12 12 12 12 12 12 12 12 12 12 12 12 12 12 12 12 12 12 12 12 12 12 12 12 12 12 12 12 12 12 12 12 12 12 12 12 12 12 12 12 12 12 12 12 12 12 12 12 12 12 12 12 12 12 12 12 12 12 12 12 12 12 12 12 12 12 12 12 12 12 12 12 12 12 12 12 12 12 12 12 12 12 12 12 12 12 12 12 12 12 12 12 12 12 12 12 12 12 12 12 12 12 12 12 12 12 12 12 12 12 12 12 12 12 12 12 12 12 12 12 12 12 12 12 12 12 12 12 12 12 12 12 12 12 12 12 12 12 12 12 12 12 12 12 12 12 12 12 12 12 12 12 12 12 12 12 12 12 12 12 12 12 12 12 12 12 12 12 12 12 12 12 12 12 12 12 12 12 12 12 12 12 12 12 12 12 12 12 12 12 12 12 12 12 12 12 12 12 12 12 12 12 12 12 12 12 12 12 12 12 12 12 12 12 12 12 12 12 12 12 12 12 12 12 12 12 12 12 12 12 12 12 12 12 12 12 12 12 12 12 12 12 12 12 12 12 12 12 12 12 12 12 12 12 12 12 12 12 12 12 12 12 12 12 12 12 12 12 12 12 12 12 12 12 12 12 12 12 12 12 12 12 12 12 12 12 12 12 12 12 12 12 12 12 12 12 12 12 12 12 12 12 12 12 12 12 12 12 12 12 12 12 12 12 12 12 12 12 12 12 12 12 12 12 12 12 12 12 12 12 12 12 12 12 12 12 12 12 12 12 12 12 12 12 12 12 12 12 12 12 12 12 12 12 12 12 12 12 12 12 12 12 12 12 12 12 12 12 12 12 12 12 12 12 12 12 12 12 12 12 12 12 12 12 12 12 12 12 12 12 12 12 12 12 12 12 12 12 12 12 12 12 12 12 12 12 12 12 12 12 12 12 12 12 12 12 12 12 12 12 12 12 12 12 12 12 12 12 12 12 12 12 12 12 12 12 12 12 12 12 12 12 12 12 12 12 12 12 12 12 12 12 12 12 12 12 12 12 12 12 12 12 12 12 12 12 12 12 12 12 12 12 12 12 12 12 12 12 12 12 12 12 12 12 12 12 12 12 12 12 12 12 12 12 12 12 12 12 12 12 12 12 12 12 12 12 12 12 12 12 12 12 12 12 12 12 12 12 12 12 12 12 12 12 12 12 12 12 12 12 12 12 12 12 12 12 12 12 12 12 12 12 12 12 12 12 12 12 12 12 12 12 12 12 12 12 12 12 12 12 12 12 12 12 12 12 12 12 12 12 12 12 12 12 12 12 12 12 12 12 12 12 12 12 12 12 12 12 12 12 12 12 12 12 12 12 12 12 12 12 12 12 12 12 12 12 12 12 12 12 12 12 12 12 12 12 12 12 12 12 12 12 12 12 12 12 12 12 12 12 12 12 12 12 12 12 12 12 12 12 12 12 12 12 12 12 12 12 12 12 12 12 12 12 12 12 12 12 12 12 12 12 12 12 12 12 12 12 12 12 12 12 12 12 12 12 12 12 12 12 12 12 12 12 12 12 12 12 12 12 12 12 12 12 12 12 12 12 12 12 12 12 12 12 12 12 12 12 12 12 12 12 12 12 12 12 12 12 12 12 12 12 12 12 12 12 12 12 12 12 12 12 12 12 12 12 12 12 12 12 12 12 12 12 12 12 12 12 12 12 12 12 12 12 12 12 12 12 12 12 12 12 12 12 12 12 12 12 12 12 12 12 12 12 12 12 12 12 12 12 12 12 12 12 12 12 12 12 12 12 12 12 12 12 12 12 12 12 12 12 12 12 12 12 12 12 12 12 12 12 12 12 12 12 12 12 12 12 12 12 12 12 12 12 12 12 12 12 12 12 12 12 12 12 12 12 12 12 12 12 12 12 12 12 12 12 12 12 12 12 12 12 12 12 12 12 12 12 12 12 12 12 12 12 12 12 12 12 12 12 12 12 12 12 12 12 12 12 12 12 12 12 12 12 12 12 12 12 12 12 12 12 12 12 12 12 12 12 12 12 12 12 12 12 12 12 12 12 12 12 12 12 12 12 12 12 12 12 12 12 12 12 12 12 12 12 12 12 12 12 12 12 12 12 12 12 12 12 12 12 12 12 12 12 12 12 12 12 12 12 12 12 12 12 12 12 12 12 12 12 12 12 12 12 12 12 12 12 12 12 12 12 12 12 12 12 12 12 12 12 12 12 12 12 12 12 12 12 12 12 12 12 12 12 12 12 12 12 12 12 12 12 12 12 12 12 12 12 12 12 12 12 12 12 12 12 12 12 12 12 12 12 12 12 12 12 12 12 12 12 12 12 12 12 12 12 12 12 12 12 12 12 12 12 12 12 12 12 12 12 12 12 12 12 12 12 12 12 12 12 12 12 12 12 12 12 12 12 12 12 12 12 12 12 12 12 12 12 12 12 12 12 12 12 12 12 12 12 12 12 12 12 12 12 12 12 12 12 12 12 12 12 12 12 12 12 12 12 12 12 12 12 12 12 12 12 12 12 12 12 12 12 12 12 12 12 12 12 12 12 12 12 12 12 12 12 12 12 12 12 12 12 12 12 12 12 12 12 12 12 12 12 12 12 12 12 12 12 12 12 12 12 12 12 12 12 12 12 12 12 12 12 12 12 12 12 12 12 12 12 12 12 12 12 12 12 12 12 12 12 12 12 12 12 12 12 12 12 12 12 12 12 12 12 12 12 12 12 12 12 12 12 12 12 12 12 12 12 12 12 12 12 12 12 12 12 12 12 12 12 12 12 12 12 12 12 12 12 12 12 12 12 12 12 12 12 12 12 12 12 12 12 12 12 12 12 12 12 12 12 12 12 12 12 12 12 12 12 12 12 12 12 12 12 12 12 12 12 12 12 12 12 12 12 12 12 12 12 12 12 12 12 12 12 12 12 12 12 12 12 12 12 12 12 12 12 12 12 12 12 12 12 12 12 12 12 12 12 12 12 12 12 12 12 12 12 12 12 12 12 12 12 12 12 12 12 12 12 12 12 12 12 12 12 12 12 12 12 12 12 12 12 12 12 12 12 12 12 12 12 12 12 12 12 12 12 12 12 12 12 12 12 12 12 12 12 12 12 12 12 12 12 12 12 12 12 12 12 12 12 12 12 12 12 12 12 12 12 12 12 12 12 12 12 12 12 12 12 12 12 12 12 12 12 12 12 12 12 12 12 12 12 12 12 12 12 12 12 12 12 12 12 12 12 12 12 12 12 12 12 12 12 12 12 12 12 12 12 12 12 12 12 12 12 12 12 12 12 12 12 12 12 12 12 12 12 12 12 12 12 12 12 12 12 12 12 12 12 12 12 12 12 12 12 12 12 12 12 12 12 12 12 12 12 12 12 12 12 12 12 12 12 12 12 12 12 12 12 12 12 12 12 12 12 12 12 12 12 12 12 12 12 12 12 12 12 12 12 12 12 12 12 12 12 12 12 12 12 12 12 12 12 12 12 12 12 12 12 12 12 12 12 12 12 12 12 12 12 12 12 12 12 12 12 12 12 12 12 12 12 12 12 12 12 12 12 12 12 12 12 12 12 12 12 12 12 12 12 12 12 12 12 12 12 12 12 12 12 12 12 12 12 12 12 12 12 12 12 12 12 12 12 12 12 12 12 12 12 12 12 12 12 12 12 12 12 12 12 12 12 12 12 12 12 12 12 12 12 12 12 12 12 12 12 12 12 12 12 12 12 12 12 12 12 12 12 12 12 12 12 12 12 12 12 12 12 12 12 12 12 12 12 12 12 12 12 12 12 12 12 12 12 12 12 12 12 12 12 12 12 12 12 12 12 12 12 12 12 12 12 12 12 12 12 12 12 12 12 12 12 12 12 12 12 12 12 12 12 12 12 12 12 12 12 12 12 12 12 12 12 12 12 12 12 12 12 12 12 12 12 12 12 12 12 12 12 12 12 12 12 12 12 12 12 12 12 12 12 12 12 12 12 12 12 12 12 12 12 12 12 12 12 12 12 12 12 12 12 12 12 12 12 12 12 12 12 12 12 12 12 12 12 12 12 12 12 12 12 12 12 12 12 12 12 12 12 12 12 12 12 12 12 12 12 12 12 12 12 12 12 12 12 12 12 12 12 12 12 12 12 12 12 12 12 12 12 12 12 12 12 12 12 12 12 12 12 12 12 12 12 12 12 12 12 12 12 12 12 12 12 12 12 12 12 12 12 12 12 12 12 12 12 12 12 12 12 12 12 12 12 12 12 12 12 12 12 12 12 12 12 12 12 12 12 12 12 12 12 12 12 12 12 12 12 12 12 12 12 12 12 12 12 12 12 12 12 12 12 12 12 12 12 12 12 12 12 12 12 12 12 12 12 12 12 12 12 12 12 12 12 12 12 12 12 12 12 12 12 12 12 12 12 12 12 12 12 12 12 12 12 12 12 12 12 12 12 12 12 12 12 12 12 12 12 12 12 12 12 12 12 12 12 12 12 12 12 12 12 12 12 12 12 12 12 12 12 12 12 12 12 12 12 12 12 12 12 12 12 12 12 12 12 12 12 12 12 12 12 12 12 12 12 12 12 12 12 12 12 12 12 12 12 12 12 12 12 12 12 12 12 12 12 12 12 12 12 12 12 12 12 12 12 12 12 12 12 12 12 12 12 12 12 12 12 12 12 12 12 12 12 12 12 12 12 12 12 12 12 12 12 12 12 12 12 12 12 12 12 12 12 12 12 12 12 12 12 12 12 12 12 12 12 12 12 12 12 12 12 12 12 12 12 12 12 12 12 12 12 12 12 12 12 12 12 12 12 12 12 12 12 12 12 12 12 12 12 12 12 12 12 12 12 12 12 12 12 12 12 12 12 12 12 12 12 12 12 12 12 12 12 12 12 12 12 12 12 12 12 12 12 12 12 12 12 12 12 12 12 12 12 12 12 12 12 12 12 12 12 12 12 12 12 12 12 12 12 12 12 12 12 12 12 12 12 12 12 12 12 12 12 12 12 12 12 12 12 12 12 12 12 12 12 12 12 12 12 12 12 12 12 12 12 12 12 12 12 12 12 12 12 12 12 12 12 12 12 12 12 12 12 12 12 12 12 12 12 12 12 12 12 12 12 12 12 12 12 12 12 12 12 12 12 12 12 12 12 12 12 12 12 12 12 12 12 12 12 12 12 12 12 12 12 12 12 12 12 12 12 12 12 12 12 12 12 12 12 12 12 12 12 12 12 12 12 12 12 12 12 12 12 12 12 12 12 12 12 12 12 12 12 12 12 12 12 12 12 12 12 12 12 12 12 12 12 12 12 12 12 12 12 12 12 12 12 12 12 12 12 12 12 12 12 12 12 12 12 12 12 12 12 12 12 12 12 12 12 12 12 12 12 12 12 12 12 12 12 12 12 12 12 12 12 12 12 12 12 12 12 12 12 12 12 12 12 12 12 12 12 12 12 12 12 12 12 12 12 12 12 12 12 12 12 12 12 12 12 12 12 12 12 12 12 12 12 12 12 12 12 12 12 12 12 12 12 12 12 12 12 12 12 12 12 12 12 12 12 12 12 12 12 12 12 12 12 12 12 12 12 12 12 12 12 12 12 12 12 12 12 12 12 12 12 12 12 12 12 12 12 12 12 12 12 12 12 12 12 12 12 12 12 12 12 12 12 12 12 12 12 12 12 12 12 12 12 12 12 12 12 12 12 12 12 12 12 12 12 12 12 12 12 12 12 12 12 12 12 12 12 12 12 12 12 12 12 12 12 12 12 12 12 12 12 12 12 12 12 12 12 12 12 12 12 12 12 12 12 12 12 12 12 12 12 12 12 12 12 12 12 12 12 12 12 12 12 12 12 12 12 12 12 12 12 12 12 12 12 12 12 12 12 12 12 12 12 12 12 12 12 12 12 12 12 12 12 12 12 12 12 12 12 12 12 12 12 12 12 12 12 12 12 12 12 12 12 12 12 12 12 12 12 12 12 12 12 12 12 12 12 12 12 12 12 12 12 12 12 12 12 12 12 12 12 12 12 12 12 12 12 12 12 12 12 12 12 12 12 12 12 12 12 12 12 12 12 12 12 12 12 12 12 12 12 12 12 12 12 12 12 12 12 12 12 12 12 12 12 12 12 12 12 12 12 12 12 12 12 12 12 12 12 12 12 12 12 12 12 12 12 12 12 12 12 12 12 12 12 12 12 12 12 12 12 12 12 12 12 12 12 12 12 12 12 12 12 12 12 12 12 12 12 12 12 12 12 12 12 12 12 12 12 12 12 12 12 12 12 12 12 12 12 12 12 12 12 12 12 12 12 12 12 12 12 12 12 12 12 12 12 12 12 12 12 12 12 12 12 12 12 12 12 12 12 12 12 12 12 12 12 12 12 12 12 12 12 12 12 12 12 12 12 12 12 12 12 12 12 12 12 12 12 12 12 12 12 12 12 12 12 12 12 12 12 12 12 12 12 12 12 12 12 12 12 12 12 12 12 12 12 12 12 12 12 12 12 12 12 12 12 12 12 12 12 12 12 12 12 12 12 12 12 12 12 12 12 12 12 12 12 12 12 12 12 12 12 12 12 12 12 12 12 12 12 12 12 12 12 12 12 12 12 12 12 12 12 12 12 12 12 12 12 12 12 12 12 12 12 12 12 12 12 12 12 12 12 12 12 12 12 12 12 12 12 12 12 12 12 12 12 12 12 12 12 12 12 12 12 12 12 12 12 12 12 12 12 12 12 12 12 12 12 12 12 12 12 12 12 12 12 12 12 12 12 12 12 12 12 12 12 12 12 12 12 12 12 12 12 12 12 12 12 12 12 12 12 12 12 12 12 12 12 12 12 12 12 12 12 12 12 12 12 12 12 12 12 12 12 12 12 12 12 12 12 12 12 12 12 12 12 12 12 12 12 12 12 12 12 12 12 12 12 12 12 12 12 12 12 12 12 12 12 12 12 12 12 12 12 12 12 12 12 12 12 12 12 12 12 12 12 12 12 12 12 12 12 12 12 12 12 12 12 12 12 12 12 12 12 12 12 12 12 12 12 12 12 12 12 12 12 12 12 12 12 12 12 12 12 12 12 12 12 12 12 12 12 12 12 12 12 12 12 12 12 12 12 12 12 12 12 12 12 12 12 12 12 12 12 12 12 12 12 12 12 12 12 12 12 12 12 12 12 12 12 12 12 12 12 12 12 12 12 12 12 12 12 12 12 12 12 12 12 12 12 12 12 12 12 12 12 12 12 12 12 12 12 12 12 12 12 12 12 12 12 12 12 12 12 12 12 12 12 12 12 12 12 12 12 12 12 12 12 12 12 12 12 12 12 12 12 12 12 12 12 12 12 12 12 12 12 12 12 12 12 12 12 12 12 12 12 12 12 12 12 12 12 12 12 12 12 12 12 12 12 12 12 12 12 12 12 12 12 12 12 12 12 12 12 12 12 12 12 12 12 12 12 12 12 12 12 12 12 12 12 12 12 12 12 12 12 12 12 12 12 12 12 12 12 12 12 12 12 12 12 12 12 12 12 12 12 12 12 12 12 12 12 12 12 12 12 12 12 12 12 12 12 12 12 12 12 12 12 12 12 12 12 12 12 12 12 12 12 12 12 12 12 12 12 12 12 12 12 12 12 12 12 12 12 12 12 12 12 12 12 12 12 12 12 12 12 12 12 12 12 12 12 12 12 12 12 12 12 12 12 12 12 12 12 12 12 12 12 12 12 12 12 12 12 12 12 12 12 12 12 12 12 12 12 12 12 12 12 12 12 12 12 12 12 12 12 12 12 12 12 12 12 12 12 12 12 12 12 12 12 12 12 12 12 12 12 12 12 12 12 12 12 12 12 12 12 12 12 12 12 12 12 12 12 12 12 12 12 12 12 12 12 12 12 12 12 12 12 12 12 12 12 12 12 12 12 12 12 12 12 12 12 12 12 12 12 12 12 12 12 12 12 12 12 12 12 12 12 12 12 12 12 12 12 12 12 12 12 12 12 12 12 12 12 12 12 12 12 12 12 12 12 12 12 12 12 12 12 12 12 12 12 12 12 12 12 12 12 12 12 12 12 12 12 12 12 12 12 12 12 12 12 12 12 12 12 12 12 12 12 12 12 12 12 12 12 12 12 12 12 12 12 12 12 12 12 12 12 12 12 12 12 12 12 12 12 12 12 12 12 12 12 12 12 12 12 12 12 12 12 12 12 12 12 12 12 12 12 12 12 12 12 12 12 12 12 12 12 12 12 12 12 12 12 12 12 12 12 12 12 12 12 12 12 12 12 12 12 12 12 12 12 12 12 12 12 12 12 12 12 12 12 12 12 12 12 12 12 12 12 12 12 12 12 12 12 12 12 12 12 12 12 12 12 12 12 12 12 12 12 12 12 12 12 12 12 12 12 12 12 12 12 12 12 12 12 12 12 12 12 12 12 12 12 12 12 12 12 12 12 12 12 12 12 12 12 12 12 12 12 12 12 12 12 12 12 12 12 12 12 12 12 12 12 12 12 12 12 12 12 12 12 12 12 12 12 12 12 12 12 12 12 12 12 12 12 12 12 12 12 12 12 12 12 12 12 12 12 12 12 12 12 12 12 12 12 12 12 12 12 12 12 12 12 12 12 12 12 12 12 12 12 12 12 12 12 12 12 12 12 12 12 12 12 12 12 12 12 12 12 12 12 12 12 12 12 12 12 12 12 12 12 12 12 12 12 12 12 12 12 12 12 12 12 12 12 12 12 12 12 12 12 12 12 12 12 12 12 12 12 12 12 12 12 12 12 12 12 12 12 12 12 12 12 12 12 12 12 12 12 12 12 12 12 12 12 12 12 12 12 12 12 12 12 12 12 12 12 12 12 12 12 12 12 12 12 12 12 12 12 12 12 12 12 12 12 12 12 12 12 12 12 12 12 12 12 12 12 12 12 12 12 12 12 12 12 12 12 12 12 12 12 12 12 12 12 12 12 12 12 12 12 12 12 12 12 12 12 12 12 12 12 12 12 12 12 12 12 12 12 12 12 12 12 12 12 12 12 12 12 12 12 12 12 12 12 12 12 12 12 12 12 12 12 12 12 12 12 12 12 12 12 12 12 12 12 12 12 12 12 12 12 12 12 12 12 12 12 12 12 12 12 12 12 12 12 12 12 12 12 12 12 12 12 12 12 12 12 12 12 12 12 12 12 12 12 12 12 12 12 12 12 12 12 12 12 12 12 12 12 12 12 12 12 12 12 12 12 12 12 12 12 12 12 12 12 12 12 12 12 12 12 12 12 12 12 12 12 12 12 12 12 12 12 12 12 12 12 12 12 12 12 12 12 12 12 12 12 12 12 12 12 12 12 12 12 12 12 12 12 12 12 12 12 12 12 12 12 12 12 12 12 12 12 12 12 12 12 12 12 12 12 12 12 12 12 12 12 12 12 12 12 12 12 12 12 12 12 12 12 12 12 12 12 12 12 12 12 12 12 12 12 12 12 12 12 12 12 12 12 12 12 12 12 12 12 12 12 12 12 12 12 12 12 12 12 12 12 12 12 12 12 12 12 12 12 12 12 12 12 12 12 12 12 12 12 12 12 12 12 12 12 12 12 12 12 12 12 12 12 12 12 12 12 12 12 12 12 12 12 12 12 12 12 12 12 12 12 12 12 12 12 12 12 12 12 12 12 12 12 12 12 12 12 12 12 12 12 12 12 12 12 12 12 12 12 12 12 12 12 12 12 12 12 12 12 12 12 12 12 12 12 12 12 12 12 12 12 12 12 12 12 12 12 12 12 12 12 12 12 12 12 12 12 12 12 12 12 12 12 12 12 12 12 12 12 12 12 12 12 12 12 12 12 12 12 12 12 12 12 12 12 12 12 12 12 12 12 12 12 12 12 12 12 12 12 12 12 12 12 12 12 12 12 12 12 12 12 12 12 12 12 12 12 12 12 12 12 12 12 12 12 12 12 12 12 12 12 12 12 12 12 12 12 12 12 12 12 12 12 12 12 12 12 12 12 12 12 12 12 12 12 12 12 12 12 12 12 12 12 12 12 12 12 12 12 12 12 12 12 12 12 12 12 12 12 12 12 12 12 12 12 12 12 12 12 12 12 12 12 12 12 12 12 12 12 12 12 12 12 12 12 12 12 12 12 12 12 12 12 12 12 12 12 12 12 12 12 12 12 12 12 12 12 12 12 12 12 12 12 12 12 12 12 12 12 12 12 12 12 12 12 12 12 12 12 12 12 12 12 12 12 12 12 12 12 12 12 12 12 12 12 12 12 12 12 12 12 12 12 12 12 12 12 12 12 12 12 12 12 12 12 12 12 12 12 12 12 12 12 12 12 12 12 12 12 12 12 12 12 12 12 12 12 12 12 12 12 12 12 12 12 12 12 12 12 12 12 12 12 12 12 12 12 12 12 12 12 12 12 12 12 12 12 12 12 12 12 12 12 12 12 12 12 12 12 12 12 12 12 12 12 12 12 12 12 12 12 12 12 12 12 12 12 12 12 12 12 12 12 12 12 12 12 12 12 12 12 12 12 12 12 12 12 12 12 12 12 12 12 12 12 12 12 12 12 12 12 12 12 12 12 12 12 12 12 12 12 12 12 12 12 12 12 12 12 12 12 12 12 12 12 12 12 12 12 12 12 12 12 12 12 12 12 12 12 12 12 12 12 12 12 12 12 12 12 12 12 12 12 12 12 12 12 12 12 12 12 12 12 12 12 12 12 12 12 12 12 12 12 12 12 12 12 12 12 12 12 12 12 12 12 12 12 12 12 12 12 12 12 12 12 12 12 12 12 12 12 12 12 12 12 12 12 12 12 12 12 12 12 12 12 12 12 12 12 12 12 12 12 12 12 12 12 12 12 12 12 12 12 12 12 12 12 12 12 12 12 12 12 12 12 12 12 12 12 12 12 12 12 12 12 12 12 12 12 12 12 12 12 12 12 12 12 12 12 12 12 12 12 12 12 12 12 12 12 12 12 12 12 12 12 12 12 12 12 12 12 12 12 12 12 12 12 12 12 12 12 12 12 12 12 12 12 12 12 12 12 12 12 12 12 12 12 12 12 12 12 12 12 12 12 12 12 12 12 12 12 12 12 12 12 12 12 12 12 12 12 12 12 12 12 12 12 12 12 12 12 12 12 12 12 12 12 12 12 12 12 12 12 12 12 12 12 12 12 12 12 12 12 12 12 12 12 12 12 12 12 12 12 12 12 12 12 12 12 12 12 12 12 12 12 12 12 12 12 12 12 12 12 12 12 12 12 12 12 12 12 12 12 12 12 12 12 12 12 12 12 12 12 12 12 12 12 12 12 12 12 12 12 12 12 12 12 12 12 12 12 12 12 12 12 12 12 12 12 12 12 12 12 12 12 12 12 12 12 12 12 12 12 12 12 12 12 12 12 12 12 12 12 12 12 12 12 12 12 12 12 12 12 12 12 12 12 12 12 12 12 12 12 12 12 12 12 12 12 12 12 12 12 12 12 12 12 12 12 12 12 12 12 12 12 12 12 12 12 12 12 12 12 12 12 12 12 12 12 12 12 12 12 12 12 12 12 12 12 12 12 12 12 12 12 12 12 12 12 12 12 12 12 12 12 12 12 12 12 12 12 12 12 12 12 12 12 12 12 12 12 12 12 12 12 12 12 12 12 12 12 12 12 12 12 12 12 12 12 12 12 12 12 12 12 12 12 12 12 12 12 12 12 12 12 12 12 12 12 12 12 12 12 12 12 12 12 12 12 12 12 12 12 12 12 12 12 12 12 12 12 12 12 12 12 12 12 12 12 12 12 12 12 12 12 12 12 12 12 12 12 12 12 12 12 12 12 12 12 12 12 12 12 12 12 12 12 12 12 12 12 12 12 12 12 12 12 12 12 12 12 12 12 12 12 12 12 12 12 12 12 12 12 12 12 12 12 12 12 12 12 12 12 12 12 12 12 12 12 12 12 12 12 12 12 12 12 12 12 12 12 12 12 12 12 12 12 12 12 12 12 12 12 12 12 12 12 12 12 12 12 12 12 12 12 12 12 12 12 12 12 12 12 12 12 12 12 12 12 12 12 12 12 12 12 12 12 12 12 12 12 12 12 12 12 12 12 12 12 12 12 12 12 12 12 12 12 12 12 12 12 12 12 12 12 12 12 12 12 12 12 12 12 12 12 12 12 12 12 12 12 12 12 12 12 12 12 12 12 12 12 12 12 12 12 12 12 12 12 12 12 12 12 12 12 12 12 12 12 12 12 12 12 12 12 12 12 12 12 12 12 12 12 12 12 12 12 12 12 12 12 12 12 12 12 12 12 12 12 12 12 12 12 12 12 12 12 12 12 12 12 12 12 12 12 12 12 12 12 12 12 12 12 12 12 12 12 12 12 12 12 12 12 12 12 12 12 12 12 12 12 12 12 12 12 12 12 12 12 12 12 12 12 12 12 12 12 12 12 12 12 12 12 12 12 12 12 12 12 12 12 12 12 12 12 12 12 12 12 12 12 12 12 12 12 12 12 12 12 12 12 12 12 12 12 12 12 12 12 12 12 12 12 12 12 12 12 12 12 12 12 12 12 12 12 12 12 12 12 12 12 12 12 12 12 12 12 12 12 12 12 12 12 12 12 12 12 12 12 12 12 12 12 12 12 12 12 12 12 12 12 12 12 12 12 12 12 12 12 12 12 12 12 12 12 12 12 12 12 12 12 12 12 12 12 12 12 12 12 12 12 12 12 12 12 12 12 12 12 12 12 12 12 12 12 12 12 12 12 12 12 12 12 12 12 12 12 12 12 12 12 12 12 12 12 12 12 12 12 12 12 12 12 12 12 12 12 12 12 12 12 12 12 12 12 12 12 12 12 12 12 12 12 12 12 12 12 12 12 12 12 12 12 12 12 12 12 12 12 12 12 12 12 12 12 12 12 12 12 12 12 12 12 12 12 12 12 12 12 12 12 12 12 12 12 12 12 12 12 12 12 12 12 12 12 12 12 12 12 12 12 12 12 12 12 12 12 12 12 12 12 12 12 12 12 12 12 12 12 12 12 12 12 12 12 12 12 12 12 12 12 12 12 12 12 12 12 12 12 12 12 12 12 12 12 12 12 12 12 12 12 12 12 12 12 12 12 12 12 12 12 12 12 12 12 12 12 12 12 12 12 12 12 12 12 12 12 12 12 12 12 12 12 12 12 12 12 12 12 12 12 12 12 12 12 12 12 12 12 12 12 12 12 12 12 12 12 12 12 12 12 12 12 12 12 12 12 12 12 12 12 12 12 12 12 12 12 12 12 12 12 12 12 12 12 12 12 12 12 12 12 12 12 12 12 12 12 12 12 12 12 12 12 12 12 12 12 12 12 12 12 12 12 12 12 12 12 12 12 12 12 12 12 12 12 12 12 12 12 12 12 12 12 12 12 12 12 12 12 12 12 12 12 12 12 12 12 12 12 12 12 12 12 12 12 12 12 12 12 12 12 12 12 12 12 12 12 12 12 12 12 12 12 12 12 12 12 12 12 12 12 12 12 12 12 12 12 12 12 12 12 12 12 12 12 12 12 12 12 12 12 12 12 12 12 12 12 12 12 12 12 12 12 12 12 12 12 12 12 12 12 12 12 12 12 12 12 12 12 12 12 12 12 12 12 12 12 12 12 12 12 12 12 12 12 12 12 12 12 12 12 12 12 12 12 12 12 12 12 12 12 12 12 12 12 12 12 12 12 12 12 12 12 12 12 12 12 12 12 12 12 12 12 12 12 12 12 12 12 12 12 12 12 12 12 12 12 12 12 12 12 12 12 12 12 12 12 12 12 12 12 12 12 12 12 12 12 12 12 12 12 12 12 12 12 12 12 12 12 12 12 12 12 12 12 12 12 12 12 12 12 12 12 12 12 12 12 12 12 12 12 12 12 12 12 12 12 12 12 12 12 12 12 12 12 12 12 12 12 12 12 12 12 12 12 12 12 12 12 12 12 12 12 12 12 12 12 12 12 12 12 12 12 12 12 12 12 12 12 12 12 12 12 12 12 12 12 12 12 12 12 12 12 12 12 12 12 12 12 12 12 12 12 12 12 12 12 12 12 12 12 12 12 12 12 12 12 12 12 12 12 12 12 12 12 12 12 12 12 12 12 12 12 12 12 12 12 12 12 12 12 12 12 12 12 12 12 12 12 12 12 12 12 12 12 12 12 12 12 12 12 12 12 12 12 12 12 12 12 12 12 12 12 12 12 12 12 12 12 12 12 12 12 12 12 12 12 12 12 12 12 12 12 12 12 12 12 12 12 12 12 12 12 12 12 12 12 12 12 12 12 12 12 12 12 12 12 12 12 12 12 12 12 12 12 12 12 12 12 12 12 12 12 12 12 12 12 12 12 12 12 12 12 12 12 12 12 12 12 12 12 12 12 12 12 12 12 12 12 12 12 12 12 12 12 12 12 12 12 12 12 12 12 12 12 12 12 12 12 12 12 12 12 12 12 12 12 12 12 12 12 12 12 12 12 12 12 12 12 12 12 12 12 12 12 12 12 12 12 12 12 12 12 12 12 12 12 12 12 12 12 12 12 12 12 12 12 12 12 12 12 12 12 12 12 12 12 12 12 12 12 12 12 12 12 12 12 12 12 12 12 12 12 12 12 12 12 12 12 12 12 12 12 12 12 12 12 12 12 12 12 12 12 12 12 12 12 12 12 12 12 12 12 12 12 12 12 12 12 12 12 12 12 12 12 12 12 12 12 12 12 12 12 12 12 12 12 12 12 12 12 12 12 12 12 12 12 12 12 12 12 12 12 12 12 12 12 12 12 12 12 12 12 12 12 12 12 12 12 12 12 12 12 12 12 12 12 12 12 12 12 12 12 12 12 12 12 12 12 12 12 12 12 12 12 12 12 12 12 12 12 12 12 12 12 12 12 12 12 12 12 12 12 12 12 12 12 12 12 12 12 12 12 12 12 12 12 12 12 12 12 12 12 12 12 12 12 12 12 12 12 12 12 12 12 12 12 12 12 12 12 12 12 12 12 12 12 12 12 12 12 12 12 12 12 12 12 12 12 12 12 12 12 12 12 12 12 12 12 12 12 12 12 12 12 12 12 12 12 12 12 12 12 12 12 12 12 12 12 12 12 12 12 12 12 12 12 12 12 12 12 12 12 12 12 12 12 12 12 12 12 12 12 12 12 12 12 12 12 12 12 12 12 12 12 12 12 12 12 12 12 12 12 12 12 12 12 12 12 12 12 12 12 12 12 12 12 12 12 12 12 12 12 12 12 12 12 12 12 12 12 12 12 12 12 12 12 12 12 12 12 12 12 12 12 12 12 12 12 12 12 12 12 12 12 12 12 12 12 12 12 12 12 12 12 12 12 12 12 12 12 12 12 12 12 12 12 12 12 12 12 12 12 12 12 12 12 12 12 12 12 12 12 12 12 12 12 12 12 12 12 12 12 12 12 12 12 12 12 12 12 12 12 12 12 12 12 12 12 12 12 12 12 12 12 12 12 12 12 12 12 12 12 12 12 12 12 12 12 12 12 12 12 12 12 12 12 12 12 12 12 12 12 12 12 12 12 12 12 12 12 12 12 12 12 12 12 12 12 12 12 12 12 12 12 12 12 12 12 12 12 12 12 12 12 12 12 12 12 12 12 12 12 12 12 12 12 12 12 12 12 12 12 12 12 12 12 12 12 12 12 12 12 12 12 12 12 12 12 12 12 12 12 12 12 12 12 12 12 12 12 12 12 12 12 12 12 12 12 12 12 12 12 12 12 12 12 12 12 12 12 12 12 12 12 12 12 12 12 12 12 12 12 12 12 12 12 12 12 12 12 12 12 12 12 12 12 12 12 12 12 12 12 12 12 12 12 12 12 12 12 12 12 12 12 12 12 12 12 12 12 12 12 12 12 12 12 12 12 12 12 12 12 12 12 12 12 12 12 12 12 12 12 12 12 12 12 12 12 12 12 12 12 12 12 12 12 12 12 12 12 12 12 12 12 12 12 12 12 12 12 12 12 12 12 12 12 12 12 12 12 12 12 12 12 12 12 12 12 12 12 12 12 12 12 12 12 12 12 12 12 12 12 12 12 12 12 12 12 12 12 12 12 12 12 12 12 12 12 12 12 12 12 12 12 12 12 12 12 12 12 12 12 12 12 12 12 12 12 12 12 12 12 12 12 12 12 12 12 12 12 12 12 12 12 12 12 12 12 12 12 12 12 12 12 12 12 12 12 12 12 12 12 12 12 12 12 12 12 12 12 12 12 12 12 12 12 12 12 12 12 12 12 12 12 12 12 12 12 12 12 12 12 12 12 12 12 12 12 12 12 12 12 12 12 12 12 12 12 12 12 12 12 12 12 12 12 12 12 12 12 12 12 12 12 12 12 12 12 12 12 12 12 12 12 12 12 12 12 12 12 12 12 12 12 12 12 12 12 12 12 12 12 12 12 12 12 12 12 12 12 12 12 12 12 12 12 12 12 12 12 12 12 12 12 12 12 12 12 12 12 12 12 12 12 12 12 12 12 12 12 12 12 12 12 12 12 12 12 12 12 12 12 12 12 12 12 12 12 12 12 12 12 12 12 12 12 12 12 12 12 12 12 12 12 12 12 12 12 12 12 12 12 12 12 12 12 12 12 12 12 12 12 12 12 12 12 12 12 12 12 12 12 12 12 12 12 12 12 12 12 12 12 12 12 12 12 12 12 12 12 12 12 12 12 12 12 12 12 12 12 12 12 12 12 12 12 12 12 12 12 12 12 12 12 12 12 12 12 12 12 12 12 12 12 12 12 12 12 12 12 12 12 12 12 12 12 12 12 12 12 12 12 12 12 12 12 12 12 12 12 12 12 12 12 12 12 12 12 12 12 12 12 12 12 12 12 12 12 12 12 12 12 12 12 12 12 12 12 12 12 12 12 12 12 12 12 12 12 12 12 12 12 12 12 12 12 12 12 12 12 12 12 12 12 12 12 12 12 12 12 12 12 12 12 12 12 12 12 12 12 12 12 12 12 12 12 12 12 12 12 12 12 12 12 12 12 12 12 12 12 12 12 12 12 12 12 12 12 12 12 12 12 12 12 12 12 12 12 12 12 12 12 12 12 12 12 12 12 12 12 12 12 12 12 12 12 12 12 12 12 12 12 12 12 12 12 12 12 12 12 12 12 12 12 12 12 12 12 12 12 12 12 12 12 12 12 12 12 12 12 12 12 12 12 12 12 12 12 12 12 12 12 12 12 12 12 12 12 12 12 12 12 12 12 12 12 12 12 12 12 12 12 12 12 12 12 12 12 12 12 12 12 12 12 12 12 12 12 12 12 12 12 12 12 12 12 12 12 12 12 12 12 12 12 12 12 12 12 12 12 12 12 12 12 12 12 12 12 12 12 12 12 12 12 12 12 12 12 12 12 12 12 12 12 12 12 12 12 12 12 12 12 12 12 12 12 12 12 12 12 12 12 12 12 12 12 12 12 12 12 12 12 12 12 12 12 12 12 12 12 12 12 12 12 12 12 12 12 12 12 12 12 12 12 12 12 12 12 12 12 12 12 12 12 12 12 12 12 12 12 12 12 12 12 12 12 12 12 12 12 12 12 12 12 12 12 12 12 12 12 12 12 12 12 12 12 12 12 12 12 12 12 12 12 12 12 12 12 12 12 12 12 12 12 12 12 12 12 12 12 12 12 12 12 12 12 12 12 12 12 12 12 12 12 12 12 12 12 12 12 12 12 12 12 12 12 12 12 12 12 12 12 12 12 12 12 12 12 12 12 12 12 12 12 12 12 12 12 12 12 12 12 12 12 12 12 12 12 12 12 12 12 12 12 12 12 12 12 12 12 12 12 12 12 12 12 12 12 12 12 12 12 12 12 12 12 12 12 12 12 12 12 12 12 12 12 12 12 12 12 12 12 12 12 12 12 12 12 12 12 12 12 12 12 12 12 12 12 12 12 12 12 12 12 12 12 12 12 12 12 12 12 12 12 12 12 12 12 12 12 12 12 12 12 12 12 12 12 12 12 12 12 12 12 12 12 12 12 12 12 12 12 12 12 12 12 12 12 12 12 12 12 12 12 12 12 12 12 12 12 12 12 12 12 12 12 12 12 12 12 12 12 12 12 12 12 12 12 12 12 12 12 12 12 12 12 12 12 12 12 12 12 12 12 12 12 12 12 12 12 12 12 12 12 12 12 12 12 12 12 12 12 12 12 12 12 12 12 12 12 12 12 12 12 12 12 12 12 12 12 12 12 12 12 12 12 12 12 12 12 12 12 12 12 12 12 12 12 12 12 12 12 12 12 12 12 12 12 12 12 12 12 12 12 12 12 12 12 12 12 12 12 12 12 12 12 12 12 12 12 12 12 12 12 12 12 12 12 12 12 12 12 12 12 12 12 12 12 12 12 12 12 12 12 12 12 12 12 12 12 12 12 12 12 12 12 12 12 12 12 12 12 12 12 12 12 12 12 12 12 12 12 12 12 12 12 12 12 12 12 12 12 12 12 12 12 12 12 12 12 12 12 12 12 12 12 12 12 12 12 12 12 12 12 12 12 12 12 12 12 12 12 12 12 12 12 12 12 12 12 12 12 12 12 12 12 12 12 12 12 12 12 12 12 12 12 12 12 12 12 12 12 12 12 12 12 12 12 12 12 12 12 12 12 12 12 12 12 12 12 12 12 12 12 12 12 12 12 12 12 12 12 12 12 12 12 12 12 12 12 12 12 12 12 12 12 12 12 12 12 12 12 12 12 12 12 12 12 12 12 12 12 12 12 12 12 12 12 12 12 12 12 12 12 12 12 12 12 12 12 12 12 12 12 12 12 12 12 12 12 12 12 12 12 12 12 12 12 12 12 12 12 12 12 12 12 12 12 12 12 12 12 12 12 12 12 12 12 12 12 12 12 12 12 12 12 12 12 12 12 12 12 12 12 12 12 12 12 12 12 12 12 12 12 12 12 12 12 12 12 12 12 12 12 12 12 12 12 12 12 12 12 12 12 12 12 12 12 12 12 12 12 12 12 12 12 12 12 12 12 12 12 12 12 12 12 12 12 12 12 12 12 12 12 12 12 12 12 12 12 12 12 12 12 12 12 12 12 12 12 12 12 12 12 12 12 12 12 12 12 12 12 12 12 12 12 12 12 12 12 12 12 12 12 12 12 12 12 12 12 12 12 12 12 12 12 12 12 12 12 12 12 12 12 12 12 12 12 12 12 12 12 12 12 12 12 12 12 12 12 12 12 12 12 12 12 12 12 12 12 12 12 12 12 12 12 12 12 12 12 12 12 12 12 12 12 12 12 12 12 12 12 12 12 12 12 12 12 12 12 12 12 12 12 12 12 12 12 12 12 12 12 12 12 12 12 12 12 12 12 12 12 12 12 12 12 12 12 12 12 12 12 12 12 12 12 12 12 12 12 12 12 12 12 12 12 12 12 12 12 12 12 12 12 12 12 12 12 12 12 12 12 12 12 12 12 12 12 12 12 12 12 12 12 12 12 12 12 12 12 12 12 12 12 12 12 12 12 12 12 12 12 12 12 12 12 12 12 12 12 12 12 12 12 12 12 12 12 12 12 12 12 12 12 12 12 12 12 12 12 12 12 12 12 12 12 12 12 12 12 12 12 12 12 12 12 12 12 12 12 12 12 12 12 12 12 12 12 12 12 12 12 12 12 12 12 12 12 12 12 12 12 12 12 12 12 12 12 12 12 12 12 12 12 12 12 12 12 12 12 12 12 12 12 12 12 12 12 12 12 12 12 12 12 12 12 12 12 12 12 12 12 12 12 12 12 12 12 12 12 12 12 12 12 12 12 12 12 12 12 12 12 12 12 12 12 12 12 12 12 12 12 12 12 12 12 12 12 12 12 12 12 12 12 12 12 12 12 12 12 12 12 12 12 12 12 12 12 12 12 12 12 12 12 12 12 12 12 12 12 12 12 12 12 12 12 12 12 12 12 12 12 12 12 12 12 12 12 12 12 12 12 12 12 12 12 12 12 12 12 12 12 12 12 12 12 12 12 12 12 12 12 12 12 12 12 12 12 12 12 12 12 12 12 12 12 12 12 12 12 12 12 12 12 12 12 12 12 12 12 12 12 12 12 12 12 12 12 12 12 12 12 12 12 12 12 12 12 12 12 12 12 12 12 12 12 12 12 12 12 12 12 12 12 12 12 12 12 12 12 12 12 12 12 12 12 12 12 12 12 12 12 12 12 12 12 12 12 12 12 12 12 12 12 12 12 12 12 12 12 12 12 12 12 12 12 12 12 12 12 12 12 12 12 12 12 12 12 12 12 12 12 12 12 12 12 12 12 12 12 12 12 12 12 12 12 12 12 12 12 12 12 12 12 12 12 12 12 12 12 12 12 12 12 12 12 12 12 12 12 12 12 12 12 12 12 12 12 12 12 12 12 12 12 12 12 12 12 12 12 12 12 12 12 12 12 12 12 12 12 12 12 12 12 12 12 12 12 12 12 12 12 12 12 12 12 12 12 12 12 12 12 12 12 12 12 12 12 12 12 12 12 12 12 12 12 12 12 12 12 12 12 12 12 12 12 12 12 12 12 12 12 12 12 12 12 12 12 12 12 12 12 12 12 12 12 12 12 12 12 12 12 12 12 12 12 12 12 12 12 12 12 12 12 12 12 12 12 12 12 12 12 12 12 12 12 12 12 12 12 12 12 12 12 12 12 12 12 12 12 12 12 12 12 12 12 12 12 12 12 12 12 12 12 12 12 12 12 12 12 12 12 12 12 12 12 12 12 12 12 12 12 12 12 12 12 12 12 12 12 12 12 12 12 12 12 12 12 12 12 12 12 12 12 12 12 12 12 12 12 12 12 12 12 12 12 12 12 12 12 12 12 12 12 12 12 12 12 12 12 12 12 12 12 12 12 12 12 12 12 12 12 12 12 12 12 12 12 12 12 12 12 12 12 12 12 12 12 12 12 12 12 12 12 12 12 12 12 12 12 12 12 12 12 12 12 12 12 12 12 12 12 12 12 12 12 12 12 12 12 12 12 12 12 12 12 12 12 12 12 12 12 12 12 12 12 12 12 12 12 12 12 12 12 12 12 12 12 12 12 12 12 12 12 12 12 12 12 12 12 12 12 12 12 12 12 12 12 12 12 12 12 12 12 12 12 12 12 12 12 12 12 12 12 12 12 12 12 12 12 12 12 12 12 12 12 12 12 12 12 12 12 12 12 12 12 12 12 12 12 12 12 12 12 12 12 12 12 12 12 12 12 12 12 12 12 12 12 12 12 12 12 12 12 12 12 12 12 12 12 12 12 12 12 12 12 12 12 12 12 12 12 12 12 12 12 12 12 12 12 12 12 12 12 12 12 12 12 12 12 12 12 12 12 12 12 12 12 12 12 12 12 12 12 12 12 12 12 12 12 12 12 12 12 12 12 12 12 12 12 12 12 12 12 12 12 12 12 12 12 12 12 12 12 12 12 12 12 12 12 12 12 12 12 12 12 12 12 12 12 12 12 12 12 12 12 12 12 12 12 12 12 12 12 12 12 12 12 12 12 12 12 12 12 12 12 12 12 12 12 12 12 12 12 12 12 12 12 12 12 12 12 12 12 12 12 12 12 12 12 12 12 12 12 12 12 12 12 12 12 12 12 12 12 12 12 12 12 12 12 12 12 12 12 12 12 12 12 12 12 12 12 12 12 12 12 12 12 12 12 12 12 12 12 12 12 12 12 12 12 12 12 12 12 12 12 12 12 12 12 12 12 12 12 12 12 12 12 12 12 12 12 12 12 12 12 12 12 12 12 12 12 12 12 12 12 12 12 12 12 12 12 12 12 12 12 12 12 12 12 12 12 12 12 12 12 12 12 12 12 12 12 12 12 12 12 12 12 12 12 12 12 12 12 12 12 12 12 12 12 12 12 12 12 12 12 12 12 12 12 12 12 12 12 12 12 12 12 12 12 12 12 12 12 12 12 12 12 12 12 12 12 12 12 12 12 12 12 12 12 12 12 12 12 12 12 12 12 12 12 12 12 12 12 12 12 12 12 12 12 12 12 12 12 12 12 12 12 12 12 12 12 12 12 12 12 12 12 12 12 12 12 12 12 12 12 12 12 12 12 12 12 12 12 12 12 12 12 12 12 12 12 12 12 12 12 12 12 12 12 12 12 12 12 12 12 12 12 12 12 12 12 12 12 12 12 12 12 12 12 12 12 12 12 12 12 12 12 12 12 12 12 12 12 12 12 12 12 12 12 12 12 12 12 12 12 12 12 12 12 12 12 12 12 12 12 12 12 12 12 12 12 12 12 12 12 12 12 12 12 12 12 12 12 12 12 12 12 12 12 12 12 12 12 12 12 12 12 12 12 12 12 12 12 12 12 12 12 12 12 12 12 12 12 12 12 12 12 12 12 12 12 12 12 12 12 12 12 12 12 12 12 12 12 12 12 12 12 12 12 12 12 12 12 12 12 12 12 12 12 12 12 12 12 12 12 12 12 12 12 12 12 12 12 12 12 12 12 12 12 12 12 12 12 12 12 12 12 12 12 12 12 12 12 12 12 12 12 12 12 12 12 12 12 12 12 12 12 12 12 12 12 12 12 12 12 12 12 12 12 12 12 12 12 12 12 12 12 12 12 12 12 12 12 12 12 12 12 12 12 12 12 12 12 12 12 12 12 12 12 12 12 12 12 12 12 12 12 12 12 12 12 12 12 12 12 12 12 12 12 12 12 12 12 12 12 12 12 12 12 12 12 12 12 12 12 12 12 12 12 12 12 12 12 12 12 12 12 12 12 12 12 12 12 12 12 12 12 12 12 12 12 12 12 12 12 12 12 12 12 12 12 12 12 12 12 12 12 12 12 12 12 12 12 12 12 12 12 12 12 12 12 12 12 12 12 12 12 12 12 12 12 12 12 12 12 12 12 12 12 12 12 12 12 12 12 12 12 12 12 12 12 12 12 12 12 12 12 12 12 12 12 12 12 12 12 12 12 12 12 12 12 12 12 12 12 12 12 12 12 12 12 12 12 12 12 12 12 12 12 12 12 12 12 12 12 12 12 12 12 12 12 12 12 12 12 12 12 12 12 12 12 12 12 12 12 12 12 12 12 12 12 12 12 12 12 12 12 12 12 12 12 12 12 12 12 12 12 12 12 12 12 12 12 12 12 12 12 12 12 12 12 12 12 12 12 12 12 12 12 12 12 12 12 12 12 12 12 12 12 12 12 12 12 12 12 12 12 12 12 12 12 12 12 12 12 12 12 12 12 12 12 12 12 12 12 12 12 12 12 12 12 12 12 12 12 12 12 12 12 12 12 12 12 12 12 12 12 12 12 12 12 12 12 12 12 12 12 12 12 12 12 12 12 12 12 12 12 12 12 12 12 12 12 12 12 12 12 12 12 12 12 12 12 12 12 12 12 12 12 12 12 12 12 12 12 12 12 12 12 12 12 12 12 12 12 12 12 12 12 12 12 12 12 12 12 12 12 12 12 12 12 12 12 12 12 12 12 12 12 12 12 12 12 12 12 12 12 12 12 12 12 12 12 12 12 12 12 12 12 12 12 12 12 12 12 12 12 12 12 12 12 12 12 12 12 12 12 12 12 12 12 12 12 12 12 12 12 12 12 12 12 12 12 12 12 12 12 12 12 12 12 12 12 12 12 12 12 12 12 12 12 12 12 12 12 12 12 12 12 12 12 12 12 12 12 12 12 12 12 12 12 12 12 12 12 12 12 12 12 12 12 12 12 12 12 12 12 12 12 12 12 12 12 12 12 12 12 12 12 12 12 12 12 12 12 12 12 12 12 12 12 12 12 12 12 12 12 12 12 12 12 12 12 12 12 12 12 12 12 12 12 12 12 12 12 12 12 12 12 12 12 12 12 12 12 12 12 12 12 12 12 12 12 12 12 12 12 12 12 12 12 12 12 12 12 12 12 12 12 12 12 12 12 12 12 12 12 12 12 12 12 12 12 12 12 12 12 12 12 12 12 12 12 12 12 12 12 12 12 12 12 12 12 12 12 12 12 12 12 12 12 12 12 12 12 12 12 12 12 12 12 12 12 12 12 12 12 12 12 12 12 12 12 12 12 12 12 12 12 12 12 12 12 12 12 12 12 12 12 12 12 12 12 12 12 12 12 12 12 12 12 12 12 12 12 12 12 12 12 12 12 12 12 12 12 12 12 12 12 12 12 12 12 12 12 12 12 12 12 12 12 12 12 12 12 12 12 12 12 12 12 12 12 12 12 12 12 12 12 12 12 12 12 12 12 12 12 12 12 12 12 12 12 12 12 12 12 12 12 12 12 12 12 12 12 12 12 12 12 12 12 12 12 12 12 12 12 12 12 12 12 12 12 12 12 12 12 12 12 12 12 12 12 12 12 12 12 12 12 12 12 12 12 12 12 12 12 12 12 12 12 12 12 12 12 12 12 12 12 12 12 12 12 12 12 12 12 12 12 12 12 12 12 12 12 12 12 12 12 12 12 12 12 12 12 12 12 12 12 12 12 12 12 12 12 12 12 12 12 12 12 12 12 12 12 12 12 12 12 12 12 12 12 12 12 12 12 12 12 12 12 12 12 12 12 12 12 12 12 12 12 12 12 12 12 12 12 12 12 12 12 12 12 12 12 12 12 12 12 12 12 12 12 12 12 12 12 12 12 12 12 12 12 12 12 12 12 12 12 12 12 12 12 12 12 12 12 12 12 12 12 12 12 12 12 12 12 12 12 12 12 12 12 12 12 12 12 12 12 12 12 12 12 12 12 12 12 12 12 12 12 12 12 12 12 12 12 12 12 12 12 12 12 12 12 12 12 12 12 12 12 12 12 12 12 12 12 12 12 12 12 12 12 12 12 12 12 12 12 12 12 12 12 12 12 12 12 12 12 12 12 12 12 12 12 12 12 12 12 12 12 12 12 12 12 12 12 12 12 12 12 12 12 12 12 12 12 12 12 12 12 12 12 12 12 12 12 12 12 12 12 12 12 12 12 12 12 12 12 12 12 12 12 12 12 12 12 12 12 12 12 12 12 12 12 12 12 12 12 12 12 12 12 12 12 12 12 12 12 12 12 12 12 12 12 12 12 12 12 12 12 12 12 12 12 12 12 12 12 12 12 12 12 12 12 12 12 12 12 12 12 12 12 12 12 12 12 12 12 12 12 12 12 12 12 12 12 12 12 12 12 12 12 12 12 12 12 12 12 12 12 12 12 12 12 12 12 12 12 12 12 12 12 12 12 12 12 12 12 12 12 12 12 12 12 12 12 12 12 12 12 12 12 12 12 12 12 12 12 12 12 12 12 12 12 12 12 12 12 12 12 12 12 12 12 12 12 12 12 12 12 12 12 12 12 12 12 12 12 12 12 12 12 12 12 12 12 12 12 12 12 12 12 12 12 12 12 12 12 12 12 12 12 12 12 12 12 12 12 12 12 12 12 12 12 12 12 12 12 12 12 12 12 12 12 12 12 12 12 12 12 12 12 12 12 12 12 12 12 12 12 12 12 12 12 12 12 12 12 12 12 12 12 12 12 12 12 12 12 12 12 12 12 12 12 12 12 12 12 12 12 12 12 12 12 12 12 12 12 12 12 12 12 12 12 12 12 12 12 12 12 12 12 12 12 12 12 12 12 12 12 12 12 12 12 12 12 12 12 12 12 12 12 12 12 12 12 12 12 12 12 12 12 12 12 12 12 12 12 12 12 12 12 12 12 12 12 12 12 12 12 12 12 12 12 12 12 12 12 12 12 12 12 12 12 12 12 12 12 12 12 12 12 12 12 12 12 12 12 12 12 12 12 12 12 12 12 12 12 12 12 12 12 12 12 12 12 12 12 12 12 12 12 12 12 12 12 12 12 12 12 12 12 12 12 12 12 12 12 12 12 12 12 12 12 12 12 12 12 12 12 12 12 12 12 12 12 12 12 12 12 12 12 12 12 12 12 12 12 12 12 12 12 12 12 12 12 12 12 12 12 12 12 12 12 12 12 12 12 12 12 12 12 12 12 12 12 12 12 12 12 12 12 12 12 12 12 12 12 12 12 12 12 12 12 12 12 12 12 12 12 12 12 12 12 12 12 12 12 12 12 12 12 12 12 12 12 12 12 12 12 12 12 12 12 12 12 12 12 12 12 12 12 12 12 12 12 12 12 12 12 12 12 12 12 12 12 12 12 12 12 12 12 12 12 12 12 12 12 12 12 12 12 12 12 12 12 12 12 12 12 12 12 12 12 12 12 12 12 12 12 12 12 12 12 12 12 12 12 12 12 12 12 12 12 12 12 12 12 12 12 12 12 12 12 12 12 12 12 12 12 12 12 12 12 12 12 12 12 12 12 12 12 12 12 12 12 12 12 12 12 12 12 12 12 12 12 12 12 12 12 12 12 12 12 12 12 12 12 12 12 12 12 12 12 12 12 12 12 12 12 12 12 12 12 12 12 12 12 12 12 12 12 12 12 12 12 12 12 12 12 12 12 12 12 12 12 12 12 12 12 12 12 12 12 12 12 12 12 12 12 12 12 12 12 12 12 12 12 12 12 12 12 12 12 12 12 12 12 12 12 12 12 12 12 12 12 12 12 12 12 12 12 12 12 12 12 12 12 12 12 12 12 12 12 12 12 12 12 12 12 12 12 12 12 12 12 12 12 12 12 12 12 12 12 12 12 12 12 12 12 12 12 12 12 12 12 12 12 12 12 12 12 12 12 12 12 12 12 12 12 12 12 12 12 12 12 12 12 12 12 12 12 12 12 12 12 12 12 12 12 12 12 12 12 12 12 12 12 12 12 12 12 12 12 12 12 12 12 12 12 12 12 12 12 12 12 12 12 12 12 12 12 12 12 12 12 12 12 12 12 12 12 12 12 12 12 12 12 12 12 12 12 12 12 12 12 12 12 12 12 12 12 12 12 12 12 12 12 12 12 12 12 12 12 12 12 12 12 12 12 12 12 12 12 12 12 12 12 12 12 12 12 12 12 12 12 12 12 12 12 12 12 12 12 12 12 12 12 12 12 12 12 12 12 12 12 12 12 12 12 12 12 12 12 12 12 12 12 12 12 12 12 12 12 12 12 12 12 12 12 12 12 12 12 12 12 12 12 12 12 12 12 12 12 12 12 12 12 12 12 12 12 12 12 12 12 12 12 12 12 12 12 12 12 12 12 12 12 12 12 12 12 12 12 12 12 12 12 12 12 12 12 12 12 12 12 12 12 12 12 12 12 12 12 12 12 12 12 12 12 12 12 12 12 12 12 12 12 12 12 12 12 12 12 12 12 12 12 12 12 12 12 12 12 12 12 12 12 12 12 12 12 12 12 12 12 12 12 12 12 12 12 12 12 12 12 12 12 12 12 12 12 12 12 12 12 12 12 12 12 12 12 12 12 12 12 12 12 12 12 12 12 12 12 12 12 12 12 12 12 12 12 12 12 12 12 12 12 12 12 12 12 12 12 12 12 12 12 12 12 12 12 12 12 12 12 12 12 12 12 12 12 12 12 12 12 12 12 12 12 12 12 12 12 12 12 12 12 12 12 12 12 12 12 12 12 12 12 12 12 12 12 12 12 12 12 12 12 12 12 12 12 12 12 12 12 12 12 12 12 12 12 12 12 12 12 12 12 12 12 12 12 12 12 12 12 12 12 12 12 12 12 12 12 12 12 12 12 12 12 12 12 12 12 12 12 12 12 12 12 12 12 12 12 12 12 12 12 12 12 12 12 12 12 12 12 12 12 12 12 12 12 12 12 12 12 12 12 12 12 12 12 12 12 12 12 12 12 12 12 12 12 12 12 12 12 12 12 12 12 12 12 12 12 12 12 12 12 12 12 12 12 12 12 12 12 12 12 12 12 12 12 12 12 12 12 12 12 12 12 12 12 12 12 12 12 12 12 12 12 12 12 12 12 12 12 12 12 12 12 12 12 12 12 12 12 12 12 12 12 12 12 12 12 12 12 12 12 12 12 12 12 12 12 12 12 12 12 12 12 12 12 12 12 12 12 12 12 12 12 12 12 12 12 12 12 12 12 12 12 12 12 12 12 12 12 12 12 12 12 12 12 12 12 12 12 12 12 12 12 12 12 12 12 12 12 12 12 12 12 12 12 12 12 12 12 12 12 12 12 12 12 12 12 12 12 12 12 12 12 12 12 12 12 12 12 12 12 12 12 12 12 12 12 12 12 12 12 12 12 12 12 12 12 12 12 12 12 12 12 12 12 12 12 12 12 12 12 12 12 12 12 12 12 12 12 12 12 12 12 12 12 12 12 12 12 12 12 12 12 12 12 12 12 12 12 12 12 12 12 12 12 12 12 12 12 12 12 12 12 12 12 12 12 12 12 12 12 12 12 12 12 12 12 12 12 12 12 12 12 12 12 12 12 12 12 12 12 12 12 12 12 12 12 12 12 12 12 12 12 12 12 12 12 12 12 12 12 12 12 12 12 12 12 12 12 12 12 12 12 12 12 12 12 12 12 12 12 12 12 12 12 12 12 12 12 12 12 12 12 12 12 12 12 12 12 12 12 12 12 12 12 12 12 12 12 12 12 12 12 12 12 12 12 12 12 12 12 12 12 12 12 12 12 12 12 12 12 12 12 12 12 12 12 12 12 12 12 12 12 12 12 12 12 12 12 12 12 12 12 12 12 12 12 12 12 12 12 12 12 12 12 12 12 12 12 12 12 12 12 12 12 12 12 12 12 12 12 12 12 12 12 12 
CELL_DATA 13125
SCALARS Marker double 1
LOOKUP_TABLE default
1 1 1 1 1 1 1 1 1 1 1 1 1 1 1 1 1 1 1 1 1 1 1 1 1 1 1 1 1 1 1 1 1 1 1 1 1 1 1 1 1 1 1 1 1 1 1 1 1 1 1 1 1 1 1 1 1 1 1 1 1 1 1 1 1 1 1 1 1 1 1 1 1 1 1 1 1 1 1 1 1 1 1 1 1 1 1 1 1 1 1 1 1 1 1 1 1 1 1 1 1 1 1 1 1 1 1 1 1 1 1 1 1 1 1 1 1 1 1 1 1 1 1 1 1 1 1 1 1 1 1 1 1 1 1 1 1 1 1 1 1 1 1 1 1 1 1 1 1 1 1 1 1 1 1 1 1 1 1 1 1 1 1 1 1 1 1 1 1 1 1 1 1 1 1 1 1 1 1 1 1 1 1 1 1 1 1 1 1 1 1 1 1 1 1 1 1 1 1 1 1 1 1 1 1 1 1 1 1 1 1 1 1 1 1 1 1 1 1 1 1 1 1 1 1 1 1 1 1 1 1 1 1 1 1 1 1 1 1 1 1 1 1 1 1 1 1 1 1 1 1 1 1 1 1 1 1 1 1 1 1 1 1 1 1 1 1 1 1 1 1 1 1 1 1 1 1 1 1 1 1 1 1 1 1 1 1 1 1 1 1 1 1 1 1 1 1 1 1 1 1 1 1 1 1 1 1 1 1 1 1 1 1 1 1 1 1 1 1 1 1 1 1 1 1 1 1 1 1 1 1 1 1 1 1 1 1 1 1 1 1 1 1 1 1 1 1 1 1 1 1 1 1 1 1 1 1 1 1 1 1 1 1 1 1 1 1 1 1 1 1 1 1 1 1 1 1 1 1 1 1 1 1 1 1 1 1 1 1 1 1 1 1 1 1 1 1 1 1 1 1 1 1 1 1 1 1 1 1 1 1 1 1 1 1 1 1 1 1 1 1 1 1 1 1 1 1 1 1 1 1 1 1 1 1 1 1 1 1 1 1 1 1 1 1 1 1 1 1 1 1 1 1 1 1 1 1 1 1 1 1 1 1 1 1 1 1 1 1 1 1 1 1 1 1 1 1 1 1 1 1 1 1 1 1 1 1 1 1 1 1 1 1 1 1 1 1 1 1 1 1 1 1 1 1 1 1 1 1 1 1 1 1 1 1 1 1 1 1 1 1 1 1 1 1 1 1 1 1 1 1 1 1 1 1 1 1 1 1 1 1 1 1 1 1 1 1 1 1 1 1 1 1 1 1 1 1 1 1 1 1 1 1 1 1 1 1 1 1 1 1 1 1 1 1 1 1 1 1 1 1 1 1 1 1 1 1 1 1 1 1 1 1 1 1 1 1 1 1 1 1 1 1 1 1 1 1 1 1 1 1 1 1 1 1 1 1 1 1 1 1 1 1 1 1 1 1 1 1 1 1 1 1 1 1 1 1 1 1 1 1 1 1 1 1 1 1 1 1 1 1 1 1 1 1 1 1 1 1 1 1 1 1 1 1 1 1 1 1 1 1 1 1 1 1 1 1 1 1 1 1 1 1 1 1 1 1 1 1 1 1 1 1 1 1 1 1 1 1 1 1 1 1 1 1 1 1 1 1 1 1 1 1 1 1 1 1 1 1 1 1 1 1 1 1 1 1 1 1 1 1 1 1 1 1 1 1 1 1 1 1 1 1 1 1 1 1 1 1 1 1 1 1 1 1 1 1 1 1 1 1 1 1 1 1 1 1 1 1 1 1 1 1 1 1 1 1 1 1 1 1 1 1 1 1 1 1 1 1 1 1 1 1 1 1 1 1 1 1 1 1 1 1 1 1 1 1 1 1 1 1 1 1 1 1 1 1 1 1 1 1 1 1 1 1 1 1 1 1 1 1 1 1 1 1 1 1 1 1 1 1 1 1 1 1 1 1 1 1 1 1 1 1 1 1 1 1 1 1 1 1 1 1 1 1 1 1 1 1 1 1 1 1 1 1 1 1 1 1 1 1 1 1 1 1 1 1 1 1 1 1 1 1 1 1 1 1 1 1 1 1 1 1 1 1 1 1 1 1 1 1 1 1 1 1 1 1 1 1 1 1 1 1 1 1 1 1 1 1 1 1 1 1 1 1 1 1 1 1 1 1 1 1 1 1 1 1 1 1 1 1 1 1 1 1 1 1 1 1 1 1 1 1 1 1 1 1 1 1 1 1 1 1 1 1 1 1 1 1 1 1 1 1 1 1 1 1 1 1 1 1 1 1 1 1 1 1 1 1 1 1 1 1 1 1 1 1 1 1 1 1 1 1 1 1 1 1 1 1 1 1 1 1 1 1 1 1 1 1 1 1 1 1 1 1 1 1 1 1 1 1 1 1 1 1 1 1 1 1 1 1 1 1 1 1 1 1 1 1 1 1 1 1 1 1 1 1 1 1 1 1 1 1 1 1 1 1 1 1 1 1 1 1 1 1 1 1 1 1 1 1 1 1 1 1 1 1 1 1 1 1 1 1 1 1 1 1 1 1 1 1 1 1 1 1 1 1 1 1 1 1 1 1 1 1 1 1 1 1 1 1 1 1 1 1 1 1 1 1 1 1 1 1 1 1 1 1 1 1 1 1 1 1 1 1 1 1 1 1 1 1 1 1 1 1 1 1 1 1 1 1 1 1 1 1 1 1 1 1 1 1 1 1 1 1 1 1 1 1 1 1 1 1 1 1 1 1 1 1 1 1 1 1 1 1 1 1 1 1 1 1 1 1 1 1 1 1 1 1 1 1 1 1 1 1 1 1 1 1 1 1 1 1 1 1 1 1 1 1 1 1 1 1 1 1 1 1 1 1 1 1 1 1 1 1 1 1 1 1 1 1 1 1 1 1 1 1 1 1 1 1 1 1 1 1 1 1 1 1 1 1 1 1 1 1 1 1 1 1 1 1 1 1 1 1 1 1 1 1 1 1 1 1 1 1 1 1 1 1 1 1 1 1 1 1 1 1 1 1 1 1 1 1 1 1 1 1 1 1 1 1 1 1 1 1 1 1 1 1 1 1 1 1 1 1 1 1 1 1 1 1 1 1 1 1 1 1 1 1 1 1 1 1 1 1 1 1 1 1 1 1 1 1 1 1 1 1 1 1 1 1 1 1 1 1 1 1 1 1 1 1 1 1 1 1 1 1 1 1 1 1 1 1 1 1 1 1 1 1 1 1 1 1 1 1 1 1 1 1 1 1 1 1 1 1 1 1 1 1 1 1 1 1 1 1 1 1 1 1 1 1 1 1 1 1 1 1 1 1 1 1 1 1 1 1 1 1 1 1 1 1 1 1 1 1 1 1 1 1 1 1 1 1 1 1 1 1 1 1 1 1 1 1 1 1 1 1 1 1 1 1 1 1 1 1 1 1 1 1 1 1 1 1 1 1 1 1 1 1 1 1 1 1 1 1 1 1 1 1 1 1 1 1 1 1 1 1 1 1 1 1 1 1 1 1 1 1 1 1 1 1 1 1 1 1 1 1 1 1 1 1 1 1 1 1 1 1 1 1 1 1 1 1 1 1 1 1 1 1 1 1 1 1 1 1 1 1 1 1 1 1 1 1 1 1 1 1 1 1 1 1 1 1 1 1 1 1 1 1 1 1 1 1 1 1 1 1 1 1 1 1 1 1 1 1 1 1 1 1 1 1 1 1 1 1 1 1 1 1 1 1 1 1 1 1 1 1 1 1 1 1 1 1 1 1 1 1 1 1 1 1 1 1 1 1 1 1 1 1 1 1 1 1 1 1 1 1 1 1 1 1 1 1 1 1 1 1 1 1 1 1 1 1 1 1 1 1 1 1 1 1 1 1 1 1 1 1 1 1 1 1 1 1 1 1 1 1 1 1 1 1 1 1 1 1 1 1 1 1 1 1 1 1 1 1 1 1 1 1 1 1 1 1 1 1 1 1 1 1 1 1 1 1 1 1 1 1 1 1 1 1 1 1 1 1 1 1 1 1 1 1 1 1 1 1 1 1 1 1 1 1 1 1 1 1 1 1 1 1 1 1 1 1 1 1 1 1 1 1 1 1 1 1 1 1 1 1 1 1 1 1 1 1 1 1 1 1 1 1 1 1 1 1 1 1 1 1 1 1 1 1 1 1 1 1 1 1 1 1 1 1 1 1 1 1 1 1 1 1 1 1 1 1 1 1 1 1 1 1 1 1 1 1 1 1 1 1 1 1 1 1 1 1 1 1 1 1 1 1 1 1 1 1 1 1 2 2 2 2 2 2 2 2 2 2 2 2 2 2 2 2 2 2 2 2 2 2 2 2 2 2 2 2 2 2 2 2 2 2 2 2 2 2 2 2 2 2 2 2 2 2 2 2 2 2 2 2 2 2 2 2 2 2 2 2 2 2 2 2 2 2 2 2 2 2 2 2 2 2 2 2 2 2 2 2 2 2 2 2 2 2 2 2 2 2 2 2 2 2 2 2 2 2 2 2 2 2 2 2 2 2 2 2 2 2 2 2 2 2 2 2 2 2 2 2 2 2 2 2 2 2 2 2 2 2 2 2 2 2 2 2 2 2 2 2 2 2 2 2 2 2 2 2 2 2 2 2 2 2 2 2 2 2 2 2 2 2 2 2 2 2 2 2 2 2 2 2 2 2 2 2 2 2 2 2 2 2 2 2 2 2 2 2 2 2 2 2 2 2 2 2 2 2 2 2 2 2 2 2 2 2 2 2 2 2 2 2 2 2 2 2 2 2 2 2 2 2 2 2 2 2 2 2 2 2 2 2 2 2 2 2 2 2 2 2 2 2 2 2 2 2 2 2 2 2 2 2 2 2 2 2 2 2 2 2 2 2 2 2 2 2 2 2 2 2 2 2 2 2 2 2 2 2 2 2 2 2 2 2 2 2 2 2 2 2 2 2 2 2 2 2 2 2 2 2 2 2 2 2 2 2 2 2 2 2 2 2 2 2 2 2 2 2 2 2 2 2 2 2 2 2 2 2 2 2 2 2 2 2 2 2 2 2 2 2 2 2 2 2 2 2 2 2 2 2 2 2 2 2 2 2 2 2 2 2 2 2 2 2 2 2 2 2 2 2 2 2 2 2 2 2 2 2 2 2 2 2 2 2 2 2 2 2 2 2 2 2 2 2 2 2 2 2 2 2 2 2 2 2 2 2 2 2 2 2 2 2 2 2 2 2 2 2 2 2 2 2 2 2 2 2 2 2 2 2 2 2 2 2 2 2 2 2 2 2 2 2 2 2 2 2 2 2 2 2 2 2 2 2 2 2 2 2 2 2 2 2 2 2 2 2 2 2 2 2 2 2 2 2 2 2 2 2 2 2 2 2 2 2 2 2 2 2 2 2 2 2 2 2 2 2 2 2 2 2 2 2 2 2 2 2 2 2 2 2 2 2 2 2 2 2 2 2 2 2 2 2 2 2 2 2 2 2 2 2 2 2 2 2 2 2 2 2 2 2 2 2 2 2 2 2 2 2 2 2 2 2 2 2 2 2 2 2 2 2 2 2 2 2 2 2 2 2 2 2 2 2 2 2 2 2 2 2 2 2 2 2 2 2 2 2 2 2 2 2 2 2 2 2 2 2 2 2 2 2 2 2 2 2 2 2 2 2 2 2 2 2 2 2 2 2 2 2 2 2 2 2 2 2 2 2 2 2 2 2 2 2 2 2 2 2 2 2 2 2 2 2 2 2 2 2 2 2 2 2 2 2 2 2 2 2 2 2 2 2 2 2 2 2 2 2 2 2 2 2 2 2 2 2 2 2 2 2 2 2 2 2 2 2 2 2 2 2 2 2 2 2 2 2 2 2 2 2 2 2 2 2 2 2 2 2 2 2 2 2 2 2 2 2 2 2 2 2 2 2 2 2 2 2 2 2 2 2 2 2 2 2 2 2 2 2 2 2 2 2 2 2 2 2 2 2 2 2 2 2 2 2 2 2 2 2 2 2 2 2 2 2 2 2 2 2 2 2 2 2 2 2 2 2 2 2 2 2 2 2 2 2 2 2 2 2 2 2 2 2 2 2 2 2 2 2 2 2 2 2 2 2 2 2 2 2 2 2 2 2 2 2 2 2 2 2 2 2 2 2 2 2 2 2 2 2 2 2 2 2 2 2 2 2 2 2 2 2 2 2 2 2 2 2 2 2 2 2 2 2 2 2 2 2 2 2 2 2 2 2 2 2 2 2 2 2 2 2 2 2 2 2 2 2 2 2 2 2 2 2 2 2 2 2 2 2 2 2 2 2 2 2 2 2 2 2 2 2 2 2 2 2 2 2 2 2 2 2 2 2 2 2 2 2 2 2 2 2 2 2 2 2 2 2 2 2 2 2 2 2 2 2 2 2 2 2 2 2 2 2 2 2 2 2 2 2 2 2 2 2 2 2 2 2 2 2 2 2 2 2 2 2 2 2 2 2 2 2 2 2 2 2 2 2 2 2 2 2 2 2 2 2 2 2 2 2 2 2 2 2 2 2 2 2 2 2 2 2 2 2 2 2 2 2 2 2 2 2 2 2 2 2 2 2 2 2 2 2 2 2 2 2 2 2 2 2 2 2 2 2 2 2 2 2 2 2 2 2 2 2 2 2 2 2 2 2 2 2 2 2 2 2 2 2 2 2 2 2 2 2 2 2 2 2 2 2 2 2 2 2 2 2 2 2 2 2 2 2 2 2 2 2 2 2 2 2 2 2 2 2 2 2 2 2 2 2 2 2 2 2 2 2 2 2 2 2 2 2 2 2 2 2 2 2 2 2 2 2 2 2 2 2 2 2 2 2 2 2 2 2 2 2 2 2 2 2 2 2 2 2 2 2 2 2 2 2 2 2 2 2 2 2 2 2 2 2 2 2 2 2 2 2 2 2 2 2 2 2 2 2 2 2 2 2 2 2 2 2 2 2 2 2 2 2 2 2 2 2 2 2 2 2 2 2 2 2 2 2 2 2 2 2 2 2 2 2 2 2 2 2 2 2 2 2 2 2 2 2 2 2 2 2 2 2 2 2 2 2 2 2 2 2 2 2 2 2 2 2 2 2 2 2 2 2 2 2 2 2 2 2 2 2 2 2 2 2 2 2 2 2 2 2 2 2 2 2 2 2 2 2 2 2 2 2 2 2 2 2 2 2 2 2 2 2 2 2 2 2 2 2 2 2 2 2 2 2 2 2 2 2 2 2 2 2 2 2 2 2 2 2 2 2 2 2 2 2 2 2 2 2 2 2 2 2 2 2 2 2 2 2 2 2 2 2 2 2 2 2 2 2 2 2 2 2 2 2 2 2 2 2 2 2 2 2 2 2 2 2 2 2 2 2 2 2 2 2 2 2 2 2 2 2 2 2 2 2 2 2 2 2 2 2 2 2 2 2 2 2 2 2 2 2 2 2 2 2 2 2 2 2 2 2 2 2 2 2 2 2 2 2 2 2 2 2 2 2 2 2 2 2 2 2 2 2 2 2 2 2 2 2 2 2 2 2 2 2 2 2 2 2 2 2 2 2 2 2 2 2 2 2 2 2 2 2 2 2 2 2 2 2 2 2 2 2 2 2 2 2 2 2 2 2 2 2 2 2 2 2 2 2 2 2 2 2 2 2 2 2 2 2 2 2 2 2 2 2 2 2 2 2 2 2 2 2 2 2 2 2 2 2 2 2 2 2 2 2 2 2 2 2 2 2 2 2 2 2 2 2 2 2 2 2 2 2 2 2 2 2 2 2 2 2 2 2 2 2 2 2 2 2 2 2 2 2 2 2 2 2 2 2 2 2 2 2 2 2 2 2 2 2 2 2 2 2 2 2 2 2 2 2 2 2 2 2 2 2 2 2 2 2 2 2 2 2 2 2 2 2 2 2 2 2 2 2 2 2 2 2 2 2 2 2 2 2 2 2 2 2 2 2 2 2 2 2 2 2 2 2 2 2 2 2 2 2 2 2 2 2 2 2 2 2 2 2 2 2 2 2 2 2 2 2 2 2 2 2 2 2 2 2 2 2 2 2 2 2 2 2 2 2 2 2 2 2 2 2 2 2 2 2 2 2 2 2 2 2 2 2 2 2 2 2 2 2 2 2 2 2 2 2 2 2 2 2 2 2 2 2 2 2 2 2 2 2 2 2 2 2 2 2 2 2 2 2 2 2 2 2 2 2 2 2 2 2 2 2 2 2 2 2 2 2 2 2 2 2 2 2 2 2 2 2 2 2 2 2 2 2 2 2 2 2 2 2 2 2 2 2 2 2 2 2 2 2 2 2 2 2 2 2 2 2 2 2 2 2 2 2 2 2 2 2 2 2 2 2 2 2 2 2 2 2 2 2 2 2 2 2 2 2 2 2 2 2 2 2 2 2 2 2 2 2 2 2 2 2 2 2 2 2 2 2 2 2 2 2 2 2 2 2 2 2 2 2 2 2 2 2 2 2 2 2 2 2 2 2 2 2 2 2 2 2 2 2 2 2 2 2 2 2 2 2 2 2 2 2 2 2 2 2 2 2 2 2 2 2 2 2 2 2 2 2 2 2 2 2 2 2 2 2 2 2 2 2 2 2 2 2 2 2 2 2 2 2 2 2 2 2 2 2 2 2 2 2 2 2 2 2 2 2 2 2 2 2 2 2 2 2 2 2 2 2 2 2 2 2 2 2 2 2 2 2 2 2 2 2 2 2 2 2 2 2 2 2 2 2 2 2 2 2 2 2 2 2 2 2 2 2 2 2 2 2 2 2 2 2 2 2 2 2 2 2 2 2 2 2 2 2 2 2 2 2 2 2 2 2 2 2 2 2 2 2 2 2 2 2 2 2 2 2 2 2 2 2 2 2 2 2 2 2 2 2 2 2 2 2 2 2 2 2 2 2 2 2 2 2 2 2 2 2 2 2 2 2 2 2 2 2 2 2 2 2 2 2 2 2 2 2 2 2 2 2 2 2 2 2 2 2 2 2 2 2 2 2 2 2 2 2 2 2 2 2 2 2 2 2 2 2 2 2 2 2 2 2 2 2 2 2 2 2 2 2 2 2 2 2 2 2 2 2 2 2 2 2 2 2 2 2 2 2 2 2 2 2 2 2 2 2 2 2 2 2 2 2 2 2 2 2 2 2 2 2 2 2 2 2 2 2 2 2 2 2 2 2 2 2 2 2 2 2 2 2 2 2 2 2 2 2 2 2 2 2 2 2 2 2 2 2 2 2 2 2 2 2 2 2 2 2 2 2 2 2 2 2 2 2 2 2 2 2 2 2 2 2 2 2 2 2 2 2 2 2 2 2 2 2 2 2 2 2 2 2 2 2 2 2 2 2 2 2 2 2 2 2 2 2 2 2 2 2 2 2 2 2 2 2 2 2 2 2 2 2 2 2 2 2 2 2 2 2 2 2 2 2 2 2 2 2 2 2 2 2 2 2 2 2 2 2 2 2 2 2 2 2 2 2 2 2 2 2 2 2 2 2 2 2 2 2 2 2 2 2 2 2 2 2 2 2 2 2 2 2 2 2 2 2 2 2 2 2 2 2 2 2 2 2 2 2 2 2 2 2 2 2 2 2 2 2 2 2 2 2 2 2 2 2 2 2 2 2 2 2 2 2 2 2 2 2 2 2 2 2 2 2 2 2 2 2 2 2 2 2 2 2 2 2 2 2 2 2 2 2 2 2 2 2 2 2 2 2 2 2 2 2 2 2 2 2 2 2 2 2 2 2 2 2 2 2 2 2 2 2 2 2 2 2 2 2 2 2 2 2 2 2 2 2 2 2 2 2 2 2 2 2 2 2 2 2 2 2 2 2 2 2 2 2 2 2 2 2 2 2 2 2 2 2 2 2 2 2 2 2 2 2 2 2 2 2 2 2 2 2 2 2 2 2 2 2 2 2 2 2 2 2 2 2 2 2 2 2 2 2 2 2 2 2 2 2 2 2 2 2 2 2 2 2 2 2 2 2 2 2 2 2 2 2 2 2 2 2 2 2 2 2 2 2 2 2 2 2 2 2 2 2 2 2 2 2 2 2 2 2 2 2 2 2 2 2 2 2 2 2 2 2 2 2 2 2 2 2 2 2 2 2 2 2 2 2 2 2 2 2 2 2 2 2 2 2 2 2 2 2 2 2 2 2 2 2 2 2 2 2 2 2 2 2 2 2 2 2 2 2 2 2 2 2 2 2 2 2 2 2 2 2 2 2 2 2 2 2 2 2 2 2 2 2 2 2 2 2 2 2 2 2 2 2 2 2 2 2 2 2 2 2 2 2 2 2 2 2 2 2 2 2 2 2 2 2 2 2 2 2 2 2 2 2 2 2 2 2 2 2 2 2 2 2 2 2 2 2 2 2 2 2 2 2 2 2 2 2 2 2 2 2 2 2 2 2 2 2 2 2 2 2 2 2 2 2 2 2 2 2 2 2 2 2 2 2 2 2 2 2 2 2 2 2 2 2 2 2 2 2 2 2 2 2 2 2 2 2 2 2 2 2 2 2 2 2 2 2 2 2 2 2 2 2 2 2 2 2 2 2 2 2 2 2 2 2 2 2 2 2 2 2 2 2 2 2 2 2 2 2 2 2 2 2 2 2 2 2 2 2 2 2 2 2 2 2 2 2 2 2 2 2 2 2 2 2 2 2 2 2 2 2 2 2 2 2 2 2 2 2 2 2 2 2 2 2 2 2 2 2 2 2 2 2 2 2 2 2 2 2 2 2 2 2 2 2 2 2 2 2 2 2 2 2 2 2 2 2 2 2 2 2 2 2 2 2 2 2 2 2 2 2 2 2 2 2 2 2 2 2 2 2 2 2 2 2 2 2 2 2 2 2 2 2 2 2 2 2 2 2 2 2 2 2 2 2 2 2 2 2 2 2 2 2 2 2 2 2 2 2 2 2 2 2 2 2 2 2 2 2 2 2 2 2 2 2 2 2 2 2 2 2 2 2 2 2 2 2 2 2 2 2 2 2 2 2 2 2 2 2 2 2 2 2 2 2 2 2 2 2 2 2 2 2 2 2 2 2 2 2 2 2 2 2 2 2 2 2 2 2 2 2 2 2 2 2 2 2 2 2 2 2 2 2 2 2 2 2 2 2 2 2 2 2 2 2 2 2 2 2 2 2 2 2 2 2 2 2 2 2 2 2 2 2 2 2 2 2 2 2 2 2 2 2 2 2 2 2 2 2 2 2 2 2 2 2 2 2 2 2 2 2 2 2 2 2 2 2 2 2 2 2 2 2 2 2 2 2 2 2 2 2 2 2 2 2 2 2 2 2 2 2 2 2 2 2 2 2 2 2 2 2 2 2 2 2 2 2 2 2 2 2 2 2 2 2 2 2 2 2 2 2 2 2 2 2 2 2 2 2 2 2 2 2 2 2 2 2 2 2 2 2 2 2 2 2 2 2 2 2 2 2 2 2 2 2 2 2 2 2 2 2 2 2 2 2 2 2 2 2 2 2 2 2 2 2 2 2 2 2 2 2 2 2 2 2 2 2 2 2 2 2 2 2 2 2 2 2 2 2 2 2 2 2 2 2 2 2 2 2 2 2 2 2 2 2 2 2 2 2 2 2 2 2 2 2 2 2 2 2 2 2 2 2 2 2 2 2 2 2 2 2 2 2 2 2 2 2 2 2 2 2 2 2 2 2 2 2 2 2 2 2 2 2 2 2 2 2 2 2 2 2 2 2 2 2 2 2 2 2 2 2 2 2 2 2 2 2 2 2 2 2 2 2 2 2 2 2 2 2 2 2 2 2 2 2 2 2 2 2 2 2 2 2 2 2 2 2 2 2 2 2 2 2 2 2 2 2 2 2 2 2 2 2 2 2 2 2 2 2 2 2 2 2 2 2 2 2 2 2 2 2 2 2 2 2 2 2 2 2 2 2 2 2 2 2 2 2 2 2 2 2 2 2 2 2 2 2 2 2 2 2 2 2 2 2 2 2 2 2 2 2 2 2 2 2 2 2 2 2 2 2 2 2 2 2 2 2 2 2 2 2 2 2 2 2 2 2 2 2 2 2 2 2 2 2 2 2 2 2 2 2 2 2 2 2 2 2 2 2 2 2 2 2 2 2 2 2 2 2 2 2 2 2 2 2 2 2 2 2 2 2 2 2 2 2 2 2 2 2 2 2 2 2 2 2 2 2 2 2 2 2 2 2 2 2 2 2 2 2 2 2 2 2 2 2 2 2 2 2 2 2 2 2 2 2 2 2 2 2 2 2 2 2 2 2 2 2 2 2 2 2 2 2 2 2 2 2 2 2 2 2 2 2 2 2 2 2 2 2 2 2 2 2 2 2 2 2 2 2 2 2 2 2 2 2 2 2 2 2 2 2 2 2 2 2 2 2 2 2 2 2 2 2 2 2 2 2 2 2 2 2 2 2 2 2 2 2 2 2 2 2 2 2 2 2 2 2 2 2 2 2 2 2 2 2 2 2 2 2 2 2 2 2 2 2 2 2 2 2 2 2 2 2 2 2 2 2 2 2 2 2 2 2 2 2 2 2 2 2 2 2 2 2 2 2 2 2 2 2 2 2 2 2 2 2 2 2 2 2 2 2 2 2 2 2 2 2 2 2 2 2 2 2 2 2 2 2 2 2 2 2 2 2 2 2 2 2 2 2 2 2 2 2 2 2 2 2 2 2 2 2 2 2 2 2 2 2 2 2 2 2 2 2 2 2 2 2 2 2 2 2 2 2 2 2 2 2 2 2 2 2 2 2 2 2 2 2 2 2 2 2 2 2 2 2 2 2 2 2 2 2 2 2 2 2 2 2 2 2 2 2 2 2 2 2 2 2 2 2 2 2 2 2 2 2 2 2 2 2 2 2 2 2 2 2 2 2 2 2 2 2 2 2 2 2 2 2 2 2 2 2 2 2 2 2 2 2 2 2 2 2 2 2 2 2 2 2 2 2 2 2 2 2 2 2 2 2 2 2 2 2 2 2 2 2 2 2 2 2 2 2 2 2 2 2 2 2 2 2 2 2 2 2 2 2 2 2 2 2 2 2 2 2 2 2 2 2 2 2 2 2 2 2 2 2 2 2 2 2 2 2 2 2 2 2 2 2 2 2 2 2 2 2 2 2 2 2 2 2 2 2 2 2 2 2 2 2 2 2 2 2 2 2 2 2 2 2 2 2 2 2 2 2 2 2 2 2 2 2 2 2 2 2 2 2 2 2 2 2 2 2 2 2 2 2 2 2 2 2 2 2 2 2 2 2 2 2 2 2 2 2 2 2 2 2 2 2 2 2 2 2 2 2 2 2 2 2 2 2 2 2 2 2 2 2 2 2 2 2 2 2 2 2 2 2 2 2 2 2 2 2 2 2 2 2 2 2 2 2 2 2 2 2 2 2 2 2 2 2 2 2 2 2 2 2 2 2 2 2 2 2 2 2 2 2 2 2 2 2 2 2 2 2 2 2 2 2 2 2 2 2 2 2 2 2 2 2 2 2 2 2 2 2 2 2 2 2 2 2 2 2 2 2 2 2 2 2 2 2 2 2 2 2 2 2 2 2 2 2 2 2 2 2 2 2 2 2 2 2 2 2 2 2 2 2 2 2 2 2 2 2 2 2 2 2 2 2 2 2 2 2 2 2 2 2 2 2 2 2 2 2 2 2 2 2 2 2 2 2 2 2 2 2 2 2 2 2 2 2 2 2 2 2 2 2 2 2 2 2 2 2 2 2 2 2 2 2 2 2 2 2 2 2 2 2 2 2 2 2 2 2 2 2 2 2 2 2 2 2 2 2 2 2 2 2 2 2 2 2 2 2 2 2 2 2 2 2 2 2 2 2 2 2 2 2 2 2 2 2 2 2 2 2 2 2 2 2 2 2 2 2 2 2 2 2 2 2 2 2 2 2 2 2 2 2 2 2 2 2 2 2 2 2 2 2 2 2 2 2 2 2 2 2 2 2 2 2 2 2 2 2 2 2 2 2 2 2 2 2 2 2 2 2 2 2 2 2 2 2 2 2 2 2 2 2 2 2 2 2 2 2 2 2 2 2 2 2 2 2 2 2 2 2 2 2 2 2 2 2 2 2 2 2 2 2 2 2 2 2 2 2 2 2 2 2 2 2 2 2 2 2 2 2 2 2 2 2 2 2 2 2 2 2 2 2 2 2 2 2 2 2 2 2 2 2 2 2 2 2 2 2 2 2 2 2 2 2 2 2 2 2 2 2 2 2 2 2 2 2 2 2 2 2 2 2 2 2 2 2 2 2 2 2 2 2 2 2 2 2 2 2 2 2 2 2 2 2 2 2 2 2 2 2 2 2 2 2 2 2 2 2 2 2 2 2 2 2 2 2 2 2 2 2 2 2 2 2 2 2 2 2 2 2 2 2 2 2 2 2 2 2 2 2 2 2 2 2 2 2 2 2 2 2 2 2 2 2 2 2 2 2 2 2 2 2 2 2 2 2 2 2 2 2 2 2 2 2 2 2 2 2 2 2 2 2 2 2 2 2 2 2 2 2 2 2 2 2 2 2 2 2 2 2 2 2 2 2 2 2 2 2 2 2 2 2 2 2 2 2 2 2 2 2 2 2 2 2 2 2 2 2 2 2 2 2 2 2 2 2 2 2 2 2 2 2 2 2 2 2 2 2 2 2 2 2 2 2 2 2 2 2 2 2 2 2 2 2 2 2 2 2 2 2 2 2 2 2 2 2 2 2 2 2 2 2 2 2 2 2 2 2 2 2 2 2 2 2 2 2 2 2 2 2 2 2 2 2 2 2 2 2 2 2 2 2 2 2 2 2 2 2 2 2 2 2 2 2 2 2 2 2 2 2 2 2 2 2 2 2 2 2 2 2 2 2 2 2 2 2 2 2 2 2 2 2 2 2 2 2 2 2 2 2 2 2 2 2 2 2 2 2 2 2 2 2 2 2 2 2 2 2 2 2 2 2 2 2 2 2 2 2 2 2 2 2 2 2 2 2 2 2 2 2 2 2 2 2 2 2 2 2 2 2 2 2 2 2 2 2 2 2 2 2 2 2 2 2 2 2 2 2 2 2 2 2 2 2 2 2 2 2 2 2 2 2 2 2 2 2 2 2 2 2 2 2 2 2 2 2 2 2 2 2 2 2 2 2 2 2 2 2 2 2 2 2 2 2 2 2 2 2 2 2 2 2 2 2 2 2 2 2 2 2 2 2 2 2 2 2 2 2 2 2 2 2 2 2 2 2 2 2 2 2 2 2 2 2 2 2 2 2 2 2 2 2 2 2 2 2 2 2 2 2 2 2 2 2 2 2 2 2 2 2 2 2 2 2 2 2 2 2 2 2 2 2 2 2 2 2 2 2 2 2 2 2 2 2 2 2 2 2 2 2 2 2 2 2 2 2 2 2 2 2 2 2 2 2 2 2 2 2 2 2 2 2 2 2 2 2 2 2 2 2 2 2 2 2 2 2 2 2 2 2 2 2 2 2 2 2 2 2 2 2 2 2 2 2 2 2 2 2 2 2 2 2 2 2 2 2 2 2 2 2 2 2 2 2 2 2 2 2 2 2 2 2 2 2 2 2 2 2 2 2 2 2 2 2 2 2 2 2 2 2 2 2 2 2 2 2 2 2 2 2 2 2 2 2 2 2 2 2 2 2 2 2 2 2 2 2 2 2 2 2 2 2 2 2 2 2 2 2 2 2 2 2 2 2 2 2 2 2 2 2 2 2 2 2 2 2 2 2 2 2 2 2 2 2 2 2 2 2 2 2 2 2 2 2 2 2 2 2 2 2 2 2 2 2 2 2 2 2 2 2 2 2 2 2 2 2 2 2 2 2 2 2 2 2 2 2 2 2 2 2 2 2 2 2 2 2 2 2 2 2 2 2 2 2 2 2 2 2 2 2 2 2 2 2 2 2 2 2 2 2 2 2 2 2 2 2 2 2 2 2 2 2 2 2 2 2 2 2 2 2 2 2 2 2 2 2 2 2 2 2 2 2 2 2 2 2 2 2 2 2 2 2 2 2 2 2 2 2 2 2 2 2 2 2 2 2 2 2 2 2 2 2 2 2 2 2 2 2 2 2 2 2 2 2 2 2 2 2 2 2 2 2 2 2 2 2 2 2 2 2 2 2 2 2 2 2 2 2 2 2 2 2 2 2 2 2 2 2 2 2 2 2 2 2 2 2 2 2 2 2 2 2 2 2 2 2 2 2 2 2 2 2 2 2 2 2 2 2 2 2 2 2 2 2 2 2 2 2 2 2 2 2 2 2 2 2 2 2 2 2 2 2 2 2 2 2 2 2 2 2 2 2 2 2 2 2 2 2 2 2 2 2 2 2 2 2 2 2 2 2 2 2 2 2 2 2 2 2 2 2 2 2 2 2 2 2 2 2 2 2 2 2 2 2 2 2 2 2 2 2 2 2 2 2 2 2 2 2 2 2 2 2 2 2 2 2 2 2 2 2 2 2 2 2 2 2 2 2 2 2 2 2 2 2 2 2 2 2 2 2 2 2 2 2 2 2 2 2 2 2 2 2 2 2 2 2 2 2 2 2 2 2 2 2 2 2 2 2 2 2 2 2 2 2 2 2 2 2 2 2 2 2 2 2 2 2 2 2 2 2 2 2 2 2 2 2 2 2 2 2 2 2 2 2 2 2 2 2 2 2 2 2 2 2 2 2 2 2 2 2 2 2 2 2 2 2 2 2 2 2 2 2 2 2 2 2 2 2 2 2 2 2 2 2 2 2 2 2 2 2 2 2 2 2 2 2 2 2 2 2 2 2 2 2 2 2 2 2 2 2 2 2 2 2 2 2 2 2 2 2 2 2 2 2 2 2 2 2 2 2 2 2 2 2 2 2 2 2 2 2 2 2 2 2 2 2 2 2 2 2 2 2 2 2 2 2 2 2 2 2 2 2 2 2 2 2 2 2 2 2 2 2 2 2 2 2 2 2 2 2 2 2 2 2 2 2 2 2 2 2 2 2 2 2 2 2 2 2 2 2 2 2 2 2 2 2 2 2 2 2 2 2 2 2 2 2 2 2 2 2 2 2 2 2 2 2 2 2 2 2 2 2 2 2 2 2 2 2 2 2 2 2 2 2 2 2 2 2 2 2 2 2 2 2 2 2 2 2 2 2 2 2 2 2 2 2 2 2 2 2 2 2 2 2 2 2 2 2 2 2 2 2 2 2 2 2 2 2 2 2 2 2 2 2 2 2 2 2 2 2 2 2 2 2 2 2 2 2 2 2 2 2 2 2 2 2 2 2 2 2 2 2 2 2 2 2 2 2 2 2 2 2 2 2 2 2 2 2 2 2 2 2 2 2 2 2 2 2 2 2 2 2 2 2 2 2 2 2 2 2 2 2 2 2 2 2 2 2 2 2 2 2 2 2 2 2 2 2 2 2 2 2 2 2 2 2 2 2 2 2 2 2 2 2 2 2 2 2 2 2 2 2 2 2 2 2 2 2 2 2 2 2 2 2 2 2 2 2 2 2 2 2 2 2 2 2 2 2 2 2 2 2 2 2 2 2 2 2 2 2 2 2 2 2 2 2 2 2 2 2 2 2 2 2 2 2 2 2 2 2 2 2 2 2 2 2 2 2 2 2 2 2 2 2 2 2 2 2 2 2 2 2 2 2 2 2 2 2 2 2 2 2 2 2 2 2 2 2 2 2 2 2 2 2 2 2 2 2 2 2 2 2 2 2 2 2 2 2 2 2 2 2 2 2 2 2 2 2 2 2 2 2 2 2 2 2 2 2 2 2 2 2 2 2 2 2 2 2 2 2 2 2 2 2 2 2 2 2 2 2 2 2 2 2 2 2 2 2 2 2 2 2 2 2 2 2 2 2 2 2 2 2 2 2 2 2 2 2 2 2 2 2 2 2 2 2 2 2 2 2 2 2 2 2 2 2 2 2 2 2 2 2 2 2 2 2 2 2 2 2 2 2 2 2 2 2 2 2 2 2 2 2 2 2 2 2 2 2 2 2 2 2 2 2 2 2 2 2 2 2 2 2 2 2 2 2 2 2 2 2 2 2 2 2 2 2 2 2 2 2 2 2 2 2 2 2 2 2 2 2 2 2 2 2 2 2 2 2 2 2 2 2 2 2 2 2 2 2 2 2 2 2 2 2 2 2 2 2 2 2 2 2 2 2 2 2 2 2 2 2 2 2 2 2 2 2 2 2 2 2 2 2 2 2 2 2 2 2 2 2 2 2 2 2 2 2 2 2 2 2 2 2 2 2 2 2 2 2 2 2 2 2 2 2 2 2 2 2 2 2 2 2 2 2 2 2 2 2 2 2 2 2 2 2 2 2 2 2 2 2 2 2 2 2 2 2 2 2 2 2 2 2 2 2 2 2 2 2 2 2 2 2 2 2 2 2 2 2 2 2 2 2 2 2 2 2 2 2 2 2 2 2 2 2 2 2 2 2 2 2 2 2 2 2 2 2 2 2 2 2 2 2 2 2 2 2 2 2 2 2 2 2 2 2 2 2 2 2 2 2 2 2 2 2 2 2 2 2 2 2 2 2 2 2 2 2 2 2 2 2 2 2 2 2 2 2 2 2 2 2 2 2 2 2 2 2 2 2 2 2 2 2 2 2 2 2 2 2 2 2 2 2 2 2 2 2 2 2 2 2 2 2 2 2 2 2 2 2 2 2 2 2 2 2 2 2 2 2 2 2 2 2 2 2 2 2 2 2 2 2 2 2 2 2 2 2 2 2 2 2 2 2 2 2 2 2 2 2 2 2 2 2 2 2 2 2 2 2 2 2 2 2 2 2 2 2 2 2 2 2 2 2 2 2 2 2 2 2 2 2 2 2 2 2 2 2 2 2 2 2 2 2 2 2 2 2 2 2 2 2 2 2 2 2 2 2 2 2 2 2 2 2 2 2 2 2 2 2 2 2 2 2 2 2 2 2 2 2 2 2 2 2 2 2 2 2 2 2 2 2 2 2 2 2 2 2 2 2 2 2 2 2 2 2 2 2 2 2 2 2 2 2 2 2 2 2 2 2 2 2 2 2 2 2 2 2 2 2 2 2 2 2 2 2 2 2 2 2 2 2 2 2 2 2 2 2 2 2 2 2 2 2 2 2 2 2 2 2 2 2 2 2 2 2 2 2 2 2 2 2 2 2 2 2 2 2 2 2 2 2 2 2 2 2 2 2 2 2 2 2 2 2 2 2 2 2 2 2 2 2 2 2 2 2 2 2 2 2 2 2 2 2 2 2 2 2 2 2 2 2 2 2 2 2 2 2 2 2 2 2 2 2 2 2 2 2 2 2 2 2 2 2 2 2 2 2 2 2 2 2 2 2 2 2 2 2 2 2 2 2 2 2 2 2 2 2 2 2 2 2 2 2 2 2 2 2 2 2 2 2 2 2 2 2 2 2 2 2 2 2 2 2 2 2 2 2 2 2 2 2 2 2 2 2 2 2 2 2 2 2 2 2 2 2 2 2 2 2 2 2 2 2 2 2 2 2 2 2 2 2 2 2 2 2 2 2 2 2 2 2 2 2 2 2 2 2 2 2 2 2 2 2 2 2 2 2 2 2 2 2 2 2 2 2 2 2 2 2 2 2 2 2 2 2 2 2 2 2 2 2 2 2 2 2 2 2 2 2 2 2 2 2 2 2 2 2 2 2 2 2 2 2 2 2 2 2 2 2 2 2 2 2 2 2 2 2 2 2 2 2 2 2 2 2 2 2 2 2 2 2 2 2 2 2 2 2 2 2 2 2 2 2 2 2 2 2 2 2 2 2 2 2 2 2 2 2 2 2 2 2 2 2 2 2 2 2 2 2 2 2 2 2 2 2 2 2 2 2 2 2 2 2 2 2 2 2 2 2 2 2 2 2 2 2 2 2 2 2 2 2 2 2 2 2 2 2 2 2 2 2 2 2 2 2 2 2 2 2 2 2 2 2 2 2 2 2 2 2 2 2 2 2 2 2 2 2 2 2 2 2 2 2 2 2 2 2 2 2 2 2 2 2 2 2 2 2 2 2 2 2 2 2 2 2 2 2 2 2 2 2 2 2 2 2 2 2 2 2 2 2 2 2 2 2 2 2 2 2 2 2 2 2 2 2 2 2 2 2 2 2 2 2 2 2 2 2 2 2 2 2 2 2 2 2 2 2 2 2 2 2 2 2 2 2 2 2 2 2 2 2 2 2 2 2 2 2 2 2 2 2 2 2 2 2 2 2 2 2 2 2 2 2 2 2 2 2 2 2 2 2 2 2 2 2 2 2 2 2 2 2 2 2 2 2 2 2 2 2 2 2 2 2 2 2 2 2 2 2 2 2 2 2 2 2 2 2 2 2 2 2 2 2 2 2 2 2 2 2 2 2 2 2 2 2 2 2 2 2 2 2 2 2 2 2 2 2 2 2 2 2 2 2 2 2 2 2 2 2 2 2 2 2 2 2 2 2 2 2 2 2 2 2 2 2 2 2 2 2 2 2 2 2 2 2 2 2 2 2 2 2 2 2 2 2 2 2 2 2 2 2 2 2 2 2 2 2 2 2 2 2 2 2 2 2 2 2 2 2 2 2 2 2 2 2 2 2 2 2 2 2 2 2 2 2 2 2 2 2 2 2 2 2 2 2 2 2 2 2 2 2 2 2 2 2 2 2 2 2 2 2 2 2 2 2 2 2 2 2 2 2 2 2 2 2 2 2 2 2 2 2 2 2 2 2 2 2 2 2 2 2 2 2 2 2 2 2 2 2 2 2 2 2 2 2 2 2 2 2 2 2 2 2 2 2 2 2 2 2 2 2 2 2 2 2 2 2 2 2 2 2 2 2 2 2 2 2 2 2 2 2 2 2 2 2 2 2 2 2 2 2 2 2 2 2 2 2 2 2 2 2 2 2 2 2 2 2 2 2 2 2 2 2 2 2 2 2 2 2 2 2 2 2 2 2 2 2 2 2 2 2 2 2 2 2 2 2 2 2 2 2 2 2 2 2 2 2 2 2 2 2 2 2 2 2 2 2 2 2 2 2 2 2 2 2 2 2 2 2 2 2 2 2 2 2 2 2 2 2 2 2 2 2 2 2 2 2 2 2 2 2 2 2 2 2 2 2 2 2 2 2 2 2 2 2 2 2 2 2 2 2 2 2 2 2 2 2 2 2 2 2 2 2 2 2 2 2 2 2 2 2 2 2 2 2 2 2 2 2 2 2 2 2 2 2 2 2 2 2 2 2 2 2 2 2 2 2 2 2 2 2 2 2 2 2 2 2 2 2 2 2 2 2 2 2 2 2 2 2 2 2 2 2 2 2 2 2 2 2 2 2 2 2 2 2 2 2 2 2 2 2 2 2 2 2 2 2 2 2 2 2 2 2 2 2 2 2 2 2 2 2 2 2 2 2 2 2 2 2 2 2 2 2 2 2 2 2 2 2 2 2 2 2 2 2 2 2 2 2 2 2 2 2 2 2 2 2 2 2 2 2 2 2 2 2 2 2 2 2 2 2 2 2 2 2 2 2 2 2 2 2 2 2 2 2 2 2 2 2 2 2 2 2 2 2 2 2 2 2 2 2 2 2 2 2 2 2 2 2 2 2 2 2 2 2 2 2 2 2 2 2 2 2 2 2 2 2 2 2 2 2 2 2 2 2 2 2 2 2 2 2 2 2 2 2 2 2 2 2 2 2 2 2 2 2 2 2 2 2 2 2 2 2 2 2 2 2 2 2 2 2 2 2 2 2 2 2 2 2 2 2 2 2 2 2 2 2 2 2 2 2 2 2 2 2 2 2 2 2 2 2 2 2 2 2 2 2 2 2 2 2 2 2 2 2 2 2 2 2 2 2 2 2 2 2 2 2 2 2 2 2 2 2 2 2 2 2 2 2 2 2 2 2 2 2 2 2 2 2 2 2 2 2 2 2 2 2 2 2 2 2 2 2 2 2 2 2 2 2 2 2 2 2 2 2 2 2 2 2 2 2 2 2 2 2 2 2 2 2 2 2 2 2 2 2 2 2 2 2 2 2 2 2 2 2 2 2 2 2 2 2 2 2 2 2 2 2 2 2 2 2 2 2 2 2 2 2 2 2 2 2 2 2 2 2 2 2 2 2 2 2 2 2 2 2 2 2 2 2 2 2 2 2 2 2 2 2 2 2 2 2 2 2 2 2 2 2 2 2 2 2 2 2 2 2 2 2 2 2 2 2 2 2 2 2 2 2 2 2 2 2 2 2 2 2 2 2 2 2 2 2 2 2 2 2 2 2 2 2 2 2 2 2 2 2 2 2 2 2 2 2 2 2 2 2 2 2 2 2 2 2 2 2 2 2 2 2 2 2 2 2 2 2 2 2 2 2 2 2 2 2 2 2 2 2 2 2 2 2 2 2 2 2 2 2 2 2 2 2 2 2 2 2 2 2 2 2 2 2 2 2 2 2 2 2 2 2 2 2 2 2 2 2 2 2 2 2 2 2 2 2 2 2 2 2 2 2 2 2 2 2 2 2 2 2 2 2 2 2 2 2 2 2 2 2 2 2 2 2 2 2 2 2 2 2 2 2 2 2 2 2 2 2 2 2 2 2 2 2 2 2 2 2 2 2 2 2 2 2 2 2 2 2 2 2 2 2 2 2 2 2 2 2 2 2 2 2 2 2 2 2 2 2 2 2 2 2 2 2 2 2 2 2 2 2 2 2 2 2 2 2 2 2 2 2 2 2 2 2 2 2 2 2 2 2 2 2 2 2 2 2 2 2 2 2 2 2 2 2 2 2 2 2 2 2 2 2 2 2 2 2 2 2 2 2 2 2 2 2 2 2 2 2 2 2 2 2 2 2 2 2 2 2 2 2 2 2 2 2 2 2 2 2 2 2 2 2 2 2 2 2 2 2 2 2 2 2 2 2 2 2 2 2 2 2 2 2 2 2 2 2 2 2 2 2 2 2 2 2 2 2 2 2 2 2 2 2 2 2 2 2 2 2 2 2 2 2 2 2 2 2 2 2 2 2 2 2 2 2 2 2 2 2 2 2 2 2 2 2 2 2 2 2 2 2 2 2 2 2 2 2 2 2 2 2 2 2 2 2 2 2 2 2 2 2 2 2 2 2 2 2 2 2 2 2 2 2 2 2 2 2 2 2 2 2 2 2 2 2 2 2 2 2 2 2 2 2 2 2 2 2 2 2 2 2 2 2 2 2 2 2 2 2 2 2 2 2 2 2 2 2 2 2 2 2 2 2 2 2 2 2 2 2 2 2 2 2 2 2 2 2 2 2 2 2 2 2 2 2 2 2 2 2 2 2 2 2 2 2 2 2 2 2 2 2 2 2 2 2 2 2 2 2 2 2 2 2 2 2 2 2 2 2 2 2 2 2 2 2 2 2 2 2 2 2 2 2 2 2 2 2 2 2 2 2 2 2 2 2 2 2 2 2 2 2 2 2 2 2 2 2 2 2 2 2 2 2 2 2 2 2 2 2 2 2 2 2 2 2 2 2 2 2 2 2 2 2 2 2 2 2 2 2 2 2 2 2 2 2 2 2 2 2 2 2 2 2 2 2 2 2 2 2 2 2 2 2 2 2 2 2 2 2 2 2 2 2 2 2 2 2 2 2 2 2 2 2 2 2 2 2 2 2 2 2 2 2 2 2 2 2 2 2 2 2 2 2 2 2 2 2 2 2 2 2 2 2 2 2 2 2 2 2 2 2 2 2 2 2 2 2 2 2 2 2 2 2 2 2 2 2 2 2 2 2 2 2 2 2 2 2 2 2 2 2 2 2 2 2 2 2 2 2 2 2 2 2 2 2 2 2 2 2 2 2 2 2 2 2 2 2 2 2 2 2 2 2 2 2 2 2 2 2 2 2 2 2 2 2 2 2 2 2 2 2 2 2 2 2 2 2 2 2 2 2 2 2 2 2 2 2 2 2 2 2 2 2 2 2 2 2 2 2 2 2 2 2 2 2 2 2 2 2 2 2 2 2 2 2 2 2 2 2 2 2 2 2 2 2 2 2 2 2 2 2 2 2 2 2 2 2 2 2 2 2 2 2 2 2 2 2 2 2 2 2 2 2 2 2 2 2 2 2 2 2 2 2 2 2 2 2 2 2 2 2 2 2 2 2 2 2 2 2 2 2 2 2 2 2 2 2 2 2 2 2 2 2 2 2 2 2 2 2 2 2 2 2 2 2 2 2 2 2 2 2 2 2 2 2 2 2 2 2 2 2 2 2 2 2 2 2 2 2 2 2 2 2 2 2 2 2 2 2 2 2 2 2 2 2 2 2 2 2 2 2 2 2 2 2 2 2 2 2 2 2 2 2 2 2 2 2 2 2 2 2 2 2 2 2 2 2 2 2 2 2 2 2 2 2 2 2 2 2 2 2 2 2 2 2 2 2 2 2 2 2 2 2 2 2 2 2 2 2 2 2 2 2 2 2 2 2 2 2 2 2 2 2 2 2 2 2 2 2 2 2 2 2 2 2 2 2 2 2 2 2 2 2 2 2 2 2 2 2 2 2 2 2 2 2 2 2 2 2 2 2 2 2 2 2 2 2 2 2 2 2 2 2 2 2 2 2 2 2 2 2 2 2 2 2 2 2 2 2 2 2 2 2 2 2 2 2 2 2 2 2 2 2 2 2 2 2 2 2 2 2 2 2 2 2 2 2 2 2 2 2 2 2 2 2 2 2 2 2 2 2 2 2 2 2 2 2 2 2 2 2 2 2 2 2 2 2 2 2 2 2 2 2 2 2 2 2 2 2 2 2 2 2 2 2 2 2 2 2 2 2 2 2 2 2 2 2 2 2 2 2 2 2 2 2 2 2 2 2 2 2 2 2 2 2 2 2 2 2 2 2 2 2 2 2 2 2 2 2 2 2 2 2 2 2 2 2 2 2 2 2 2 2 2 2 2 2 2 2 2 2 2 2 2 2 2 2 2 2 2 2 2 2 2 2 2 2 2 2 2 2 2 2 2 2 2 2 2 2 2 2 2 2 2 2 2 2 2 2 2 2 2 2 2 2 2 2 2 2 2 2 2 2 2 2 2 2 2 2 2 2 2 2 2 2 2 2 2 2 2 2 2 2 2 2 2 2 2 2 2 2 2 2 2 2 2 2 2 2 2 2 2 2 2 2 2 2 2 2 2 2 2 2 2 2 2 2 2 2 2 2 2 2 2 2 2 2 2 2 2 2 2 2 2 2 2 2 2 2 2 2 2 2 2 2 2 2 2 2 2 2 2 2 2 2 2 2 2 2 2 2 2 2 2 2 2 2 2 2 2 2 2 2 2 2 2 2 2 2 2 2 2 2 2 2 2 2 2 2 2 2 2 2 2 2 2 2 2 2 2 2 2 2 2 2 2 2 2 2 2 2 2 2 2 2 2 2 2 2 2 2 2 2 2 2 2 2 2 2 2 2 2 2 2 2 2 2 2 2 2 2 2 2 2 2 2 2 2 2 2 2 2 2 2 2 2 2 2 2 2 2 2 2 2 2 2 2 2 2 2 2 2 2 2 2 2 2 2 2 2 2 2 2 2 2 2 2 2 2 2 2 2 2 2 2 2 2 2 2 2 2 2 2 2 2 2 2 2 2 2 2 2 2 2 2 2 2 2 2 2 2 2 2 2 2 2 2 2 2 2 2 2 2 2 2 2 2 2 2 2 2 2 2 2 2 2 2 2 2 2 2 2 2 2 2 2 2 2 2 2 2 2 2 2 2 2 2 2 2 2 2 2 2 2 2 2 2 2 2 2 2 2 2 2 2 2 2 2 2 2 2 2 2 2 2 2 2 2 2 2 2 2 2 2 2 2 2 2 2 2 2 2 2 2 2 2 2 2 2 2 2 2 2 2 2 2 2 2 2 2 2 2 2 2 2 2 2 2 2 2 2 2 2 2 2 2 2 2 2 2 2 2 2 2 2 2 2 2 2 2 2 2 2 2 2 2 2 2 2 2 2 2 2 2 2 2 2 2 2 2 2 2 2 2 2 2 2 2 2 2 2 2 2 2 2 2 2 2 2 2 2 2 2 2 2 2 2 2 2 2 2 2 2 2 2 2 2 2 2 2 2 2 2 2 2 2 2 2 2 2 2 2 2 2 2 2 2 2 2 2 2 2 2 2 2 2 2 2 2 2 2 2 2 2 2 2 2 2 2 2 2 2 2 2 2 2 2 2 2 2 2 2 2 2 2 2 2 2 2 2 2 2 2 2 2 2 2 2 2 2 2 2 2 2 2 2 2 2 2 2 2 2 2 2 2 2 2 2 2 2 2 2 2 2 2 2 2 2 2 2 2 2 2 2 2 2 2 2 2 2 2 2 2 2 2 2 2 2 2 2 2 2 2 2 2 2 2 2 2 2 2 2 2 2 2 2 2 2 2 2 2 2 2 2 2 2 2 2 2 2 2 2 2 2 2 2 2 2 2 2 2 2 2 2 2 2 2 2 2 2 2 2 2 2 2 2 2 2 2 2 2 2 2 2 2 2 2 2 2 2 2 2 2 2 2 2 2 2 2 2 2 2 2 2 2 2 2 2 2 2 2 2 2 2 2 2 2 2 2 2 2 2 2 2 2 2 2 2 2 2 2 2 2 2 2 2 2 2 2 2 2 2 2 2 2 2 2 2 2 2 2 2 2 2 2 2 2 2 2 2 2 2 2 2 2 2 2 2 2 2 2 2 2 2 2 2 2 2 2 2 2 2 2 2 2 2 2 2 2 2 2 2 2 2 2 2 2 2 2 2 2 2 2 2 2 2 2 2 2 2 2 2 2 2 2 2 2 2 2 2 2 2 2 2 2 2 2 2 2 2 2 2 2 2 2 2 2 2 2 2 2 2 2 2 2 2 2 2 2 2 2 2 2 2 2 2 2 2 2 2 2 2 2 2 2 2 2 2 2 2 2 2 2 2 2 2 2 2 2 2 2 2 2 2 2 2 2 2 2 2 2 2 2 2 2 2 2 2 2 2 2 2 2 2 2 2 2 2 2 2 2 2 2 2 2 2 2 2 2 2 2 2 2 2 2 2 2 2 2 2 2 2 2 2 2 2 2 2 2 2 2 2 2 2 2 2 2 2 2 2 2 2 2 2 2 2 2 2 2 2 2 2 2 2 2 2 2 2 2 2 2 2 2 2 2 2 2 2 2 2 2 2 2 2 2 2 2 2 2 2 2 2 2 2 2 2 2 2 2 2 2 2 2 2 2 2 2 2 2 2 2 2 2 2 2 2 2 2 2 2 2 2 2 2 2 2 2 2 2 2 2 2 2 2 2 2 2 2 2 2 2 2 2 2 2 2 2 2 2 2 2 2 2 2 2 2 2 2 2 2 2 2 2 2 2 2 2 2 2 2 2 2 2 2 2 2 2 2 2 2 2 2 2 2 2 2 2 2 2 2 2 2 2 2 2 2 2 2 2 2 2 2 2 2 2 2 2 2 2 2 2 2 2 2 2 2 2 2 2 2 2 2 2 2 2 2 2 2 2 2 2 2 2 2 2 2 2 2 2 2 2 2 2 2 2 2 2 2 2 2 2 2 2 2 2 2 2 2 2 2 2 2 2 2 2 2 2 2 2 2 2 2 2 2 2 2 2 2 2 2 2 2 2 2 2 2 2 2 2 2 2 2 2 2 2 2 2 2 2 2 2 2 2 2 2 2 2 2 2 2 2 2 2 2 2 2 2 2 2 2 2 2 2 2 2 2 2 2 2 2 2 2 2 2 2 2 2 2 2 2 2 2 2 2 2 2 2 2 2 2 2 2 2 2 2 2 2 2 2 2 2 2 2 2 2 2 2 2 2 2 2 2 2 2 2 2 2 2 2 2 2 2 2 2 2 2 2 2 2 2 2 2 2 2 2 2 2 2 2 2 2 2 2 2 2 2 2 2 2 2 2 2 2 2 2 2 2 2 2 2 2 2 2 2 2 2 2 2 2 2 2 2 2 2 2 2 2 2 2 2 2 2 2 2 2 2 2 2 2 2 2 2 2 2 2 2 2 2 2 2 2 2 2 2 2 2 2 2 2 2 2 2 2 2 2 2 2 2 2 2 2 2 2 2 2 2 2 2 2 2 2 2 2 2 2 2 2 2 2 2 2 2 2 2 2 2 2 2 2 2 2 2 2 2 2 2 2 2 2 2 2 2 2 2 2 2 2 2 2 2 2 2 2 2 2 2 2 2 2 2 2 2 2 2 2 2 2 2 2 2 2 2 2 2 2 2 2 2 2 2 2 2 2 2 2 2 2 2 2 2 2 2 2 2 2 2 2 2 2 2 2 2 2 2 2 2 2 2 2 2 2 2 2 2 2 2 2 2 2 2 2 2 2 2 2 2 2 2 2 2 2 2 2 2 2 2 2 2 2 2 2 2 2 2 2 2 2 2 2 2 2 2 2 2 2 2 2 2 2 2 2 2 2 2 2 2 2 2 2 2 2 2 2 2 2 2 2 2 2 2 2 2 2 2 2 2 2 2 2 2 2 2 2 2 2 2 2 2 2 2 2 2 2 2 2 2 2 2 2 2 2 2 2 2 2 2 2 2 2 2 2 2 2 2 2 2 2 2 2 2 2 2 2 2 2 2 2 2 2 2 2 2 2 2 2 2 2 2 2 2 2 2 2 2 2 2 2 2 2 2 2 2 2 2 2 2 2 2 2 2 2 2 2 2 2 2 2 2 2 2 2 2 2 2 2 2 2 2 2 2 2 2 2 2 2 2 2 2 2 2 2 2 2 2 2 2 2 2 2 2 2 2 2 2 2 2 2 2 2 2 2 2 2 2 2 2 2 2 2 2 2 2 2 2 2 2 2 2 2 2 2 2 2 2 2 2 2 2 2 2 2 2 2 2 2 2 2 2 2 2 2 2 2 2 2 2 2 2 2 2 2 2 2 2 2 2 2 2 2 2 2 2 2 2 2 2 2 2 2 2 2 2 2 2 2 2 2 2 2 2 2 2 2 2 2 2 2 2 2 2 2 2 2 2 2 2 2 2 2 2 2 2 2 2 2 2 2 2 2 2 2 2 2 2 2 2 2 2 2 2 2 2 2 2 2 2 2 2 2 2 2 2 2 2 2 2 2 2 2 2 2 2 2 2 2 2 2 2 2 2 2 2 2 2 2 2 2 2 2 2 2 2 2 2 2 2 2 2 2 2 2 2 2 2 2 2 2 2 2 2 2 2 2 2 2 2 2 2 2 2 2 2 2 2 2 2 2 2 2 2 2 2 2 2 2 2 2 2 2 2 2 2 2 2 2 2 2 2 2 2 2 2 2 2 2 2 2 2 2 2 2 2 2 2 2 2 2 2 2 2 2 2 2 2 2 2 2 2 2 2 2 2 2 2 2 2 2 2 2 2 2 2 2 2 2 2 2 2 2 2 2 2 2 2 2 2 2 2 2 2 2 2 2 2 2 2 2 2 2 2 2 2 2 2 2 2 2 2 2 2 2 2 2 2 2 2 2 2 2 2 2 2 2 2 2 2 2 2 2 2 2 2 2 2 2 2 2 2 2 2 2 2 2 2 2 2 2 2 2 2 2 2 2 2 2 2 2 2 2 2 2 2 2 2 2 2 2 2 2 2 2 2 2 2 2 2 2 2 2 2 2 2 2 2 2 2 2 2 2 2 2 2 2 2 2 2 2 2 2 2 2 2 2 2 2 2 2 2 2 2 2 2 2 2 2 2 2 2 2 2 2 
