112
# x y z
0.0 0.0 3213.46
3.0 0.0 3211.65
6.0 0.0 3209.94
9.0 0.0 3208.51
12.0 0.0 3206.97
15.0 0.0 3205.47
18.0 0.0 3204.07
21.0 0.0 3202.63
24.0 0.0 3201.23
27.0 0.0 3199.57
30.0 0.0 3198.16
33.0 0.0 3196.75
36.0 0.0 3195.34
39.0 0.0 3193.92
42.0 0.0 3192.51
45.0 0.0 3191.1
48.0 0.0 3189.71
51.0 0.0 3188.43
54.0 0.0 3187.14
57.0 0.0 3185.86
60.0 0.0 3184.58
63.0 0.0 3183.3
66.0 0.0 3182.01
69.0 0.0 3180.73
72.0 0.0 3179.45
75.0 0.0 3178.18
78.0 0.0 3176.94
81.0 0.0 3175.68
84.0 0.0 3174.42
87.0 0.0 3173.17
90.0 0.0 3171.91
93.0 0.0 3170.65
96.0 0.0 3169.39
99.0 0.0 3168.14
102.0 0.0 3166.88
105.0 0.0 3165.62
108.0 0.0 3164.28
111.0 0.0 3162.83
114.0 0.0 3161.28
117.0 0.0 3159.7
120.0 0.0 3158.23
123.0 0.0 3156.73
126.0 0.0 3155.36
129.0 0.0 3154.09
132.0 0.0 3153.02
135.0 0.0 3151.93
138.0 0.0 3151.02
141.0 0.0 3150.14
144.0 0.0 3149.41
145.5 0.0 3148.98
147.0 0.0 3148.54
148.5 0.0 3148.11
150.0 0.0 3147.67
151.5 0.0 3147.18
153.0 0.0 3146.61
154.5 0.0 3146.18
156.0 0.0 3145.83
157.5 0.0 3145.52
159.0 0.0 3145.26
160.5 0.0 3144.98
162.0 0.0 3144.75
163.5 0.0 3144.48
165.0 0.0 3144.23
166.5 0.0 3143.94
168.0 0.0 3143.69
169.5 0.0 3143.43
171.0 0.0 3143.15
172.5 0.0 3142.94
174.0 0.0 3142.78
175.5 0.0 3142.45
177.0 0.0 3142.2
178.5 0.0 3141.97
180.0 0.0 3141.71
181.5 0.0 3141.55
183.0 0.0 3141.35
184.5 0.0 3141.26
186.0 0.0 3141.07
187.5 0.0 3140.9
189.0 0.0 3140.78
190.5 0.0 3140.68
192.0 0.0 3140.62
193.5 0.0 3140.61
195.0 0.0 3140.62
196.5 0.0 3140.51
198.0 0.0 3140.46
199.5 0.0 3140.4
201.0 0.0 3140.28
202.5 0.0 3140.12
204.0 0.0 3139.91
205.5 0.0 3139.84
207.0 0.0 3139.71
208.5 0.0 3139.57
210.0 0.0 3139.5
211.5 0.0 3139.38
213.0 0.0 3139.26
214.5 0.0 3139.06
216.0 0.0 3138.87
217.5 0.0 3138.69
219.0 0.0 3138.41
220.5 0.0 3138.08
222.0 0.0 3137.98
223.5 0.0 3137.8
225.0 0.0 3137.57
226.5 0.0 3137.32
228.0 0.0 3137.1
229.5 0.0 3136.86
231.0 0.0 3136.42
232.5 0.0 3136.18
234.0 0.0 3135.79
235.5 0.0 3135.14
237.0 0.0 3134.49
238.5 0.0 3133.84
3647
# a b m n r rhoa k
1 0 3 4 1.78964 525.0703487242957 293.394397043146
1 0 4 5 0.598308 443.7493882915162 741.6738340311616
1 0 5 6 0.35369 544.8858466469792 1540.5746462918917
1 0 6 7 0.149992 412.2852178233038 2748.7147169402624
1 0 7 8 0.0788973 358.28292861525557 4541.130414035151
1 0 8 9 0.0494838 323.7937808775985 6543.4299887558855
2 1 3 4 14.8585 925.6002956281183 62.294329550635545
2 1 4 5 3.22729 802.2465216772837 248.58209881271398
2 1 5 6 1.52322 968.8834735090572 636.0758613391744
2 1 6 7 0.549715 704.0442209192862 1280.7440599570436
2 1 7 8 0.187648 429.91430218836604 2291.0678621054635
2 1 8 9 0.155067 542.5321935903488 3498.6953612976895
2 1 9 10 0.157063 839.1370286577519 5342.677961440644
2 0 4 6 5.69547 750.1575244430659 131.71125902569338
2 0 6 8 0.970464 538.7606454758629 555.1577858383855
2 0 8 10 0.41268 565.03022033864 1369.1727739135408
2 0 10 12 0.210267 606.0626876928189 2882.348098811601
2 0 16 18 0.0605396 780.322822587088 12889.461155790392
3 2 4 5 11.0932 702.3117731943511 63.31011549366739
3 2 5 6 3.67273 950.7804204685408 258.8756648238615
3 2 6 7 1.17439 759.4482576241139 646.6746631222285
3 2 7 8 0.462316 607.0759671574257 1313.1190942070482
3 2 8 9 0.233173 509.82871204642527 2186.4826203995544
3 2 9 10 0.212499 755.1913214479686 3553.858236735084
3 2 10 11 0.136584 747.0330581956528 5469.403870114015
3 1 5 7 6.92157 891.7059389618016 128.83001096020146
3 1 7 9 1.03947 535.4781572837358 515.1453695476886
3 1 9 11 0.600971 771.6964053896311 1284.0826019718606
3 1 11 13 0.202377 533.9269014782478 2638.2785666268787
3 1 13 15 0.105763 491.85273741753053 4650.518020645505
3 1 17 19 0.0673574 783.8324534995751 11636.916708477096
3 0 6 9 3.043 607.9665817868182 199.79184416260867
3 0 9 12 0.844166 686.418925867115 813.1326372622387
3 0 12 15 0.207406 436.6813483656669 2105.442216549506
3 0 15 18 0.137038 591.6169229475626 4317.174235960555
3 0 18 21 0.0859364 675.5119517844037 7860.603327395652
3 0 24 27 0.0412087 801.3801110693408 19446.86707101512
4 3 5 6 14.0186 900.3617704181246 64.22622590116877
4 3 6 7 2.78239 712.2250066391285 255.97597987310496
4 3 7 8 0.899114 581.1390815741304 646.3463827436013
4 3 8 9 0.364711 448.0091651156616 1228.394989774538
4 3 9 10 0.273106 596.2770978041262 2183.3174584378453
4 3 10 11 0.172585 617.7710096126929 3579.5173949804034
4 3 11 12 0.108581 586.8304462345554 5404.540815009582
4 2 6 8 5.31338 684.564586570384 128.83787468059577
4 2 8 10 1.08618 540.1653048856958 497.30735687058854
4 2 10 12 0.491555 634.9505055943524 1291.7181304113526
4 2 12 14 0.148505 386.5270027928188 2602.787803729294
4 2 14 16 0.108593 494.9588498980468 4557.925924304945
4 2 16 18 0.0747964 559.9734888711251 7486.636908609575
4 2 18 20 0.0575424 657.9553177997738 11434.269648116411
4 1 7 10 2.94567 563.3330059963876 191.2410439717917
4 1 10 13 0.754454 588.0224492952345 779.401327708826
4 1 13 16 0.228817 450.17811329039347 1967.4155036137765
4 1 16 19 0.161911 657.8519770090078 4063.0468406038367
4 1 19 22 0.0857325 623.0334708496094 7267.179550924206
4 1 25 28 0.038347 684.3888145161702 17847.258312675574
4 0 8 12 2.1956 568.4697170629465 258.9131522421873
4 0 12 16 0.382643 416.6141857979315 1088.7803665503654
4 0 16 20 0.228383 649.567777110671 2844.203715296984
4 0 20 24 0.100382 586.9424694728617 5847.088815453584
4 0 24 28 0.0589896 614.8362319348571 10422.790321257597
4 0 32 36 0.0288014 749.916152279333 26037.489576177995
5 4 6 7 13.2429 821.6251315714404 62.042689408773036
5 4 7 8 2.87315 722.8157476365157 251.57605681447737
5 4 8 9 0.8217 492.06645828182224 598.8395500569821
5 4 9 10 0.504491 614.864771239505 1218.7824386153668
5 4 10 11 0.269396 588.6379917070656 2185.028700155405
5 4 11 12 0.135376 475.8880892222055 3515.3061785117416
5 4 12 13 0.0602382 317.6272816650671 5272.854794218072
5 3 7 9 4.95749 619.2167375212008 124.9052922993694
5 3 9 11 1.22751 609.0238768028869 496.1457558821409
5 3 11 13 0.34902 442.6127424993321 1268.1586800164234
5 3 13 15 0.139586 354.73381120751554 2541.328007160572
5 3 15 17 0.0934931 417.72890721822023 4468.018572688468
5 3 17 19 0.073372 539.4501177967296 7352.2613230759625
5 3 19 21 0.0507492 565.2054196712468 11137.228166576946
5 2 8 11 2.99273 552.0543355551811 184.46513235580258
5 2 11 14 0.565215 433.81912959534174 767.5293996007567
5 2 17 20 0.143042 571.5317904868868 3995.55228874657
5 2 20 23 0.0717786 507.725721738102 7073.4971389536995
5 2 26 29 0.033989 588.1210312469992 17303.275508164385
5 1 9 13 2.37139 598.5512858469384 252.4052500208479
5 1 13 17 0.417871 432.8018164819856 1035.73068358892
5 1 17 21 0.230987 622.5277134320428 2695.076837363327
5 1 21 25 0.0994576 543.4422496421477 5464.059555450239
5 1 25 29 0.0579877 564.116830908126 9728.215309593688
5 1 33 37 0.0284837 685.5513720358509 24068.19942759722
5 0 10 15 1.55483 509.6580318548425 327.79019690566975
5 0 15 20 0.397785 542.9654107487106 1364.9720596521
5 0 20 25 0.160273 568.5392973574076 3547.317997151158
5 0 25 30 0.081538 592.2920418006995 7264.0001201979385
5 0 40 45 0.0250331 717.0140788065952 28642.64029651123
6 5 7 8 20.7778 1315.6853684090013 63.32168797509849
6 5 8 9 3.81542 925.8677449999727 242.66469877496388
6 5 9 10 1.55494 964.0658188480581 620.0019414562994
6 5 10 11 0.740871 940.6125410651914 1269.6036706325278
6 5 11 12 0.387428 864.3345513355109 2230.955303528684
6 5 12 13 0.131176 467.71576982549965 3565.5590186123964
6 4 8 10 6.68447 812.7807639791206 121.5924020870945
6 4 10 12 1.53944 778.2748026501624 505.5570874150097
6 4 16 18 0.114366 516.4726739198653 4515.9634324875
6 4 18 20 0.0842249 617.0350754366934 7326.041057177787
6 4 20 22 0.0516542 570.0437099350472 11035.76688701107
6 3 9 12 4.14378 776.8877710305087 187.48287096093634
6 3 12 15 0.523326 399.17989962901703 762.7748279829725
6 3 15 18 0.268925 517.9171809597957 1925.8796354366298
6 3 18 21 0.151838 600.9814274181884 3958.0436216111148
6 3 24 27 0.0524604 588.5600547062172 11219.130138279868
6 2 10 14 2.48758 633.6154269321573 254.71157789182956
6 2 14 18 0.487804 502.59640006149255 1030.3244747101141
6 2 18 22 0.225942 602.0229096137859 2664.501994378141
6 2 22 26 0.101228 543.9767927236869 5373.777934204833
6 1 11 16 1.60403 514.0729837076302 320.48838469831
6 1 16 21 0.459236 609.9795689501638 1328.2485888522758
6 1 21 26 0.168624 571.2249792576173 3387.566296954273
6 1 26 31 0.0877349 605.1320934571211 6897.279115347725
6 1 41 46 0.051634 1403.549852405584 27182.667475027774
6 0 12 18 1.12702 444.26158639762616 394.1913953591118
6 0 18 24 0.355027 589.771032256012 1661.2005065981234
6 0 24 30 0.145771 620.3861985554862 4255.895881591579
6 0 30 36 0.0799325 698.1940105977449 8734.79511585081
7 6 8 9 10.0986 609.6815898360412 60.37288236350002
7 6 9 10 2.90826 728.4399909687334 250.47278818562762
7 6 10 11 1.11614 714.9327049179562 640.5403488074581
7 6 12 13 0.160202 358.7434405789352 2239.319362922655
7 5 9 11 6.3216 794.7522293867398 125.7201071543185
7 5 11 13 1.07516 550.0478342634319 511.59625940644366
7 5 13 15 0.309363 394.5916676886072 1275.4972885852774
7 5 15 17 0.189955 485.07012329376226 2553.605450205376
7 5 17 19 0.122586 561.2314251229569 4578.266891186244
7 5 19 21 0.0773907 570.3024496505739 7369.1341420942545
7 5 21 23 0.0438572 484.47961340782035 11046.752036332013
7 4 10 13 3.40422 650.2464749811782 191.01188377401525
7 4 13 16 0.521262 396.9668052631406 761.5494804208644
7 4 16 19 0.270128 525.5733178782756 1945.6454639218282
7 4 19 22 0.135443 533.6665731521009 3940.156177521916
7 4 22 25 0.0731061 504.26533443282517 6897.7189924346285
7 4 25 28 0.0446019 496.85362437862386 11139.741230275478
7 4 28 31 0.0329694 553.5015837988874 16788.34263889811
7 3 11 15 1.87069 477.1299055196181 255.0555706822713
7 3 15 19 0.481999 496.98207985404713 1031.0852924052688
7 3 19 23 0.199229 526.0788176255958 2640.5734989664948
7 3 23 27 0.0976765 518.7710971079466 5311.114721636694
7 3 27 31 0.0505503 474.536922834672 9387.420506597824
7 3 35 39 0.0277504 618.554502283905 22289.931038251878
7 2 12 17 1.27769 408.5925723176146 319.7900682619529
7 2 17 22 0.420867 556.8014056901758 1322.9866102359554
7 2 22 27 0.158974 531.590269719826 3343.881827970775
7 2 27 32 0.0889082 602.677883717712 6778.65352934501
7 2 32 37 0.0454598 548.8819246653788 12074.006587476822
7 2 42 47 0.0388534 1048.5894300621137 26988.357005104153
7 1 13 19 1.17826 456.4276846360363 387.3743355762194
7 1 19 25 0.34683 557.8587194172925 1608.4500170610745
7 1 25 31 0.142595 583.8987150435842 4094.8049724294974
7 1 31 37 0.0740027 617.9218385461346 8349.990453674454
7 1 37 43 0.0452707 608.5089137420117 13441.561843355896
7 0 14 21 1.09553 507.5312070661109 463.2745858772566
7 0 21 28 0.277583 537.3339360587685 1935.7595243900687
7 0 28 35 0.124126 617.5072481163918 4974.842080759807
7 0 35 42 0.0687181 657.8725490690463 9573.497361962078
7 0 42 49 0.0222772 396.98357938965574 17820.173962152145
8 7 9 10 8.15292 541.6366516279736 66.43468249755593
8 7 10 11 2.05779 553.224793341231 268.8441450980086
8 7 11 12 0.612356 408.5482262599093 667.1743663161777
8 7 12 13 0.199361 263.9491073012689 1323.9756386719012
8 6 10 12 4.18195 553.236019614106 132.29139985272565
8 6 12 14 0.558449 291.71507905032223 522.3665528102338
8 6 16 18 0.233939 616.1835706269462 2633.9497502637278
8 6 20 22 0.0539214 401.62207363879224 7448.2872039448575
8 6 22 24 0.0238444 265.74504069913445 11144.966562343125
8 5 11 14 2.16937 424.6802277002481 195.76200818682298
8 5 17 20 0.309661 614.4970403440079 1984.4185749707194
8 5 20 23 0.114357 454.99175419940923 3978.696137529047
8 5 23 26 0.0675958 470.5947580008802 6961.8934608493455
8 5 26 29 0.0377202 423.07429716070845 11216.120199805633
8 5 29 32 0.0255752 431.42824564624186 16869.00769676256
8 4 12 16 1.24845 322.35960430276987 258.2078611900916
8 4 16 20 0.529364 555.7507910401798 1049.8462136453932
8 4 20 24 0.162553 430.0376564774553 2645.5227309090283
8 4 24 28 0.093716 498.0419112837731 5314.3744001426985
8 4 28 32 0.0518434 485.41663996950217 9363.132818632694
8 4 32 36 0.0304053 462.27024126315285 15203.607307382359
8 4 36 40 0.0241049 520.2445070306165 21582.520858025404
8 3 13 18 1.17697 380.2082889455277 323.03991515971325
8 3 18 23 0.368929 488.95503836254454 1325.3364153063178
8 3 23 28 0.139131 463.41525385515854 3330.7836057755535
8 3 28 33 0.0751593 505.9476948403808 6731.6711949204
8 3 33 38 0.0394766 468.64871967156677 11871.557319312371
8 2 14 20 1.14478 446.86489620330656 390.350020268791
8 2 20 26 0.303944 486.9994756892217 1602.267113972382
8 2 26 32 0.12698 515.3451803097947 4058.4751953834834
8 2 32 38 0.0614954 504.97032601497574 8211.513804528075
8 2 38 44 0.048906 641.7148059067823 13121.392179012439
8 2 50 56 0.00351011 206.41277230478673 58805.214738223796
8 1 15 22 1.06644 490.8648743723919 460.2836299954914
8 1 22 29 0.266588 503.75855258819394 1889.652019551495
8 1 29 36 0.113996 550.3377977251126 4827.6939342179785
8 1 36 43 0.0661591 598.2939181703393 9043.259629746162
9 8 10 11 10.8838 685.4646416051114 62.9802680686076
9 8 11 12 2.42014 606.0253776216202 250.4092232770089
9 8 12 13 0.596692 370.320483107271 620.6225039170477
9 8 13 14 0.261767 323.57190051930127 1236.106539477097
9 8 15 16 0.126793 433.9617496392674 3422.6002195647034
9 8 16 17 0.0814132 424.9654662019585 5219.8595092928235
9 7 11 13 3.8489 489.7499746746281 127.24414109865887
9 7 13 15 0.624612 315.69884408579486 505.43192267486836
9 7 15 17 0.260275 328.61890703323087 1262.5834484035381
9 7 17 19 0.217993 562.4203599199591 2579.992751693674
9 7 19 21 0.0989455 448.0294632080243 4528.04284386884
9 7 21 23 0.0523149 377.84597008854473 7222.530676509842
9 7 23 25 0.0318411 344.23354540527254 10810.981574294625
9 6 12 15 1.74308 331.5313618146809 190.1985920409166
9 6 15 18 0.53198 405.99687505390506 763.1807117822193
9 6 18 21 0.232862 453.3795520431078 1946.988139082838
9 6 21 24 0.095379 370.6990670781225 3886.589994423536
9 6 27 30 0.0378811 415.18746468730126 10960.280052250364
9 5 13 17 1.38333 350.5523554600529 253.41195192763325
9 5 17 21 0.518929 539.108716630124 1038.8872401236472
9 5 21 25 0.161337 419.2155632083448 2598.38451941182
9 5 25 29 0.0904936 473.8499250601585 5236.281074685487
9 5 29 33 0.0511895 471.0383163968513 9201.85421613517
9 5 33 37 0.0295962 441.4439385097621 14915.561406861763
9 5 37 41 0.0244995 505.13878108404543 20618.330214251124
9 4 14 19 1.30426 414.81398026800906 318.0454666002247
9 4 19 24 0.348301 453.4341801037532 1301.8457601435343
9 4 24 29 0.143584 469.6769600734394 3271.0953871840834
9 4 29 34 0.0682908 450.68762395635247 6599.536452294489
9 4 34 39 0.0446079 510.3174166554475 11440.068164057207
9 4 44 49 0.0104062 308.3011739968687 29626.681593364407
9 3 15 21 1.18318 455.8032872802932 385.23579445248674
9 3 21 27 0.285259 447.98645335276973 1570.4551069476151
9 3 27 33 0.121512 482.5515631192928 3971.2255836402396
9 3 33 39 0.0629634 499.2816017517244 7929.7115745293995
9 2 16 23 1.12506 512.7615195412509 455.7637099721356
9 2 23 30 0.261746 484.7162555331188 1851.8573561128683
9 2 30 37 0.107527 507.1307970709423 4716.311224817417
9 2 37 44 0.06588 572.6875123926995 8692.888773416813
10 9 11 12 11.1887 694.8084038661772 62.09911820552674
10 9 12 13 1.77796 440.51081168689643 247.76193597544176
10 9 15 16 0.269065 575.45645975271 2138.7265521443146
10 9 16 17 0.155024 539.3481797654895 3479.126972375177
10 9 17 18 0.0785629 413.5660028568535 5264.138707416013
10 8 12 14 3.30786 409.58541698030604 123.82187183868304
10 8 14 16 0.938367 460.5827077480823 490.83429803912793
10 8 16 18 0.360323 449.36838456469684 1247.1265630134542
10 8 18 20 0.23555 591.4921973498905 2511.111005518533
10 8 20 22 0.114869 503.883902383903 4386.596056237131
10 8 22 24 0.079071 552.6156117225763 6988.853204367926
10 8 24 26 0.0442168 463.7048970251412 10487.074981118967
10 7 13 16 2.05456 383.75683612040615 186.7829784092001
10 7 16 19 0.674638 512.9976157903053 760.4042698310876
10 7 19 22 0.269515 515.739930872715 1913.5852582331781
10 7 22 25 0.119102 453.8858634213248 3810.9004334211418
10 7 28 31 0.0460581 495.01622471541197 10747.647530302205
10 7 31 34 0.0325364 526.6983864834826 16187.973668982511
10 6 14 18 1.71954 430.795721846791 250.52963109133316
10 6 18 22 0.502539 515.2223364225721 1025.2385116828189
10 6 22 26 0.181639 464.7170245978766 2558.465002548333
10 6 26 30 0.0910409 468.8144121029893 5149.49228426992
10 6 34 38 0.0354553 514.1586551900266 14501.602163570089
10 6 38 42 0.0264662 525.3156777406816 19848.5493852794
10 5 15 20 1.54532 488.4655546048072 316.09346582248804
10 5 20 25 0.37992 488.06693538378784 1284.65712619443
10 5 25 30 0.154221 498.61575868881266 3233.124922603359
10 5 35 40 0.0520307 574.6147002071743 11043.762628739847
10 5 45 50 0.0133516 438.45553141653977 32839.17518623534
10 4 16 22 1.34383 515.7796120253669 383.81314007379416
10 4 22 28 0.305734 473.0868574335708 1547.380590426877
10 4 28 34 0.13027 509.2679315149176 3909.326257119196
10 4 34 40 0.0712932 547.5952720497767 7680.890632623821
10 3 17 24 1.14977 518.6956335894154 451.129907363573
10 3 24 31 0.269884 491.74376125732465 1822.055999085995
10 3 31 38 0.119157 549.1960614870941 4609.012156122545
10 3 38 45 0.0655674 553.8232577136504 8446.625269778127
11 10 12 13 7.73992 482.12217990636236 62.2903311541156
11 10 13 14 1.61068 403.000337199768 250.2050917623414
11 10 15 16 0.321893 399.25691862281883 1240.3404815352271
11 10 16 17 0.213973 472.2015449586648 2206.827707040911
11 10 17 18 0.151284 538.5070837065052 3559.5772435056265
11 10 18 19 0.105626 564.1711836433427 5341.215076243943
11 9 13 15 3.30719 411.68399818384836 124.48150792178508
11 9 15 17 0.966886 479.9952525763614 496.434173807834
11 9 17 19 0.41677 526.9160000022334 1264.2848573607348
11 9 19 21 0.236239 597.0496833012808 2527.312100463009
11 9 21 23 0.105222 462.82660957505254 4398.572632862449
11 9 23 25 0.0835482 585.7205388998098 7010.570412047295
11 9 25 27 0.0519037 548.7324165008463 10572.125233862833
11 8 14 17 2.36591 439.81275476865494 185.89580954839997
11 8 17 20 0.683392 517.5874040260243 757.3799576612314
11 8 20 23 0.270991 511.37393195729516 1887.051348411184
11 8 23 26 0.133452 501.5381214660043 3758.1911208974343
11 8 26 29 0.0709932 468.6131765406702 6600.817776078134
11 8 29 32 0.0616893 651.4762251383861 10560.603299735709
11 8 32 35 0.0284949 455.51664243337376 15985.900720247264
11 7 15 19 1.85213 464.78105404472933 250.9440773837308
11 7 19 23 0.498256 507.22094778336833 1017.9926539436923
11 7 23 27 0.191963 487.1753347106154 2537.8606018379346
11 7 27 31 0.0896243 456.6239972133083 5094.868213345134
11 7 31 35 0.0517319 464.7042454081129 8982.934038922076
11 7 35 39 0.0404318 566.248986438441 14005.040251446659
11 7 39 43 0.0280572 545.5785432208285 19445.224157108638
11 6 16 21 1.61824 514.5555285503648 317.97232088587896
11 6 21 26 0.365185 465.30333150552286 1274.1578419308648
11 6 26 31 0.149822 479.8556866493423 3202.838612816157
11 6 31 36 0.0778069 503.5321617003249 6471.561798507907
11 5 17 23 1.37482 527.6540146181262 383.7986169957712
11 5 23 29 0.315478 485.06845150199626 1537.5666496617714
11 5 29 35 0.132274 513.5855283102607 3882.7398302785177
11 5 35 41 0.0786726 586.4934294274642 7454.862676808243
11 5 41 47 0.0301146 379.52543698865446 12602.705564365939
11 5 53 59 0.00453407 223.21184003049348 49229.90602934967
11 4 18 25 1.15086 516.177526798737 448.51461237573375
11 4 25 32 0.28137 508.2707932235186 1806.414305802035
12 11 13 14 8.13723 510.2405081976969 62.704447115012954
12 11 15 16 0.698569 435.6963925965779 623.6984357974343
12 11 16 17 0.377912 478.7036371521846 1266.7066331637645
12 11 17 18 0.248882 555.3802296236278 2231.500187332261
12 11 18 19 0.146034 520.9592435367363 3567.3832363472634
12 11 19 20 0.0985907 526.8582336643098 5343.893832423441
12 10 14 16 3.60504 450.6374470951353 125.00206574549391
12 10 16 18 0.989104 501.6632847277967 507.1896228584625
12 10 18 20 0.426666 542.9791236764805 1272.6093095687975
12 10 20 22 0.192639 488.359637082075 2535.10263800204
12 10 22 24 0.105787 466.66554549776816 4411.369501902579
12 10 24 26 0.0703909 496.46342507865427 7052.948961849532
12 10 26 28 0.0398918 423.06213863506963 10605.240641812845
12 9 15 18 2.51605 472.3930297545807 187.75184505656912
12 9 18 21 0.74079 563.5910655523209 760.7973454721593
12 9 21 24 0.255159 481.60419963130715 1887.4670289165074
12 9 24 27 0.131974 497.7374206682478 3771.480902816068
12 9 30 33 0.0514111 543.7923270374323 10577.333047482593
12 9 33 36 0.0293573 471.7536676977994 16069.38198328182
12 8 16 20 2.00885 507.6045764655513 252.68416082114211
12 8 20 24 0.489456 493.30351768381786 1007.8608040024392
12 8 24 28 0.1881 472.66820050376487 2512.855930376209
12 8 28 32 0.106471 535.9149603527796 5033.435962400838
12 8 36 40 0.042249 568.5913003927079 13458.100792745578
12 8 40 44 0.0240341 460.54076751885657 19161.97267710697
12 7 17 22 1.66575 530.1066150695275 318.2390004919871
12 7 22 27 0.367763 465.6380301032995 1266.1361531837067
12 7 27 32 0.152657 484.7444537926917 3175.3830731161474
12 7 32 37 0.0721601 462.88698065269995 6414.721995295183
12 7 37 42 0.0538172 554.3721819709364 10301.022386354853
12 7 42 47 0.0244127 406.9602384840662 16670.021688877765
12 7 47 52 0.00623098 266.9206389154298 42837.665811064995
12 6 18 24 1.33043 508.7433859056617 382.3901940768486
12 6 24 30 0.315197 481.7134741473064 1528.2933344775058
12 6 30 36 0.117272 452.38489715229673 3857.569557543972
12 6 36 42 0.0733179 529.2353782762387 7218.365205171434
12 5 19 26 1.13025 504.8615078024216 446.6812721100833
12 5 26 33 0.267648 480.3473379798935 1794.6980286790617
12 5 33 40 0.114125 505.92054649231443 4433.038742539447
12 5 40 47 0.0559971 465.8427393764204 8319.051154013698
13 12 14 15 8.66404 541.2416088094573 62.46988804408305
13 12 15 16 1.64889 411.8319490034978 249.7631430862567
13 12 16 17 0.718236 454.83213983112336 633.2627991789932
13 12 17 18 0.385995 490.90219716486797 1271.783824051783
13 12 18 19 0.21797 483.91067823813887 2220.079268881676
13 12 19 20 0.141766 502.37648327164334 3543.7021801535157
13 12 20 21 0.0898229 476.2754539870465 5302.383400970649
13 11 15 17 3.44378 431.7838127420272 125.38077715243924
13 11 17 19 0.996845 507.25428990242244 508.85974238966185
13 11 19 21 0.392311 497.1394613264676 1267.207550454786
13 11 21 23 0.163233 410.7286788949626 2516.2110534938565
13 11 23 25 0.0961391 421.29108395158937 4382.099311846994
13 11 25 27 0.0588981 414.7891053661491 7042.487030416076
13 11 27 29 0.0381904 402.57233312848945 10541.191847388072
13 10 16 19 2.56124 487.38690503281583 190.2933364436038
13 10 19 22 0.649043 493.12240041494016 759.7684597398634
13 10 22 25 0.226984 427.4236973817211 1883.0565034615706
13 10 25 28 0.116281 439.07180173302874 3775.9548140541337
13 10 28 31 0.0722029 476.6713962745666 6601.831730783204
13 10 31 34 0.040594 429.67664639968865 10584.73287677215
13 9 17 21 2.04153 518.029516197378 253.74572805561422
13 9 21 25 0.449967 451.9500242527162 1004.4070437447996
13 9 25 29 0.1831 460.3417033465901 2514.1545786269257
13 9 29 33 0.100344 504.25077671915176 5025.221006927686
13 9 33 37 0.0513345 455.6814770126427 8876.710146444257
13 9 37 41 0.0446968 584.7374333229739 13082.310888541771
13 9 41 45 0.0225143 433.9404436587377 19273.992247537684
13 8 18 23 1.60558 507.4832165639998 316.074699836819
13 8 23 28 0.360539 452.143225681168 1254.0757745519015
13 8 28 33 0.156025 490.1755218320028 3141.6473118538875
13 8 33 38 0.0740439 466.1531916718057 6295.632613514493
13 8 38 43 0.0489197 489.7989568965532 10012.304999755786
13 8 43 48 0.0268104 452.29939609451725 16870.29645564845
13 7 19 25 1.26116 479.1229158663323 379.90652721806293
13 7 25 31 0.300108 455.7763691286424 1518.7078289437216
13 7 31 37 0.122318 467.7369214745668 3823.941868527664
13 7 37 43 0.0721548 505.71415669069006 7008.738943087501
13 7 43 49 0.0280095 385.30930570049304 13756.379289187349
13 6 20 27 1.02883 456.4960795727252 443.70409063958596
13 6 27 34 0.251472 447.7836768203191 1780.6502386759526
13 6 34 41 0.114365 495.2250474781199 4330.215078722686
13 6 41 48 0.0458039 382.98229488610343 8361.346847890756
14 13 16 17 1.71372 435.0026607086549 253.83531773490122
14 13 20 21 0.146909 516.1274705904588 3513.2460951368444
14 11 17 20 2.63638 501.7040807207382 190.30036668490058
14 11 23 26 0.221756 415.1231603854829 1871.9816392137434
14 11 26 29 0.106928 401.10380091293587 3751.1577969562313
14 10 22 26 0.420637 420.9549167207657 1000.7557982791949
14 9 24 29 0.357683 447.4620138067865 1251.0016238031624
14 9 29 34 0.156291 489.57821743300184 3132.478629178915
14 9 34 39 0.0847323 523.860418106119 6182.535091176789
14 9 44 49 0.0259033 482.60968143209226 18631.204573629315
14 8 20 26 1.20633 454.04374302453107 376.3843583634089
14 8 26 32 0.311535 468.2307881414582 1502.979723438645
14 8 32 38 0.122448 461.10411709753834 3765.713748673219
14 8 38 44 0.0704486 483.6002077519588 6864.582230902513
14 8 56 62 0.00860189 389.9529476027815 45333.4031942726
14 7 21 28 0.96729 425.7001017196817 440.0956297694401
14 7 42 49 0.0457294 406.4043555593912 8887.156961591256
14 7 56 63 0.00962862 341.0750017186837 35423.041071169464
15 14 16 17 6.80329 430.0058440207774 63.205573188968486
15 13 17 19 3.77938 476.74256697608973 126.14306234781623
15 13 19 21 1.15981 579.2492470893619 499.43460315858795
15 13 21 23 0.354838 439.20738239474747 1237.7687350135766
15 13 23 25 0.177546 437.23431919458807 2462.653730270398
15 13 25 27 0.0929059 401.9907603882302 4326.859331734909
15 13 27 29 0.0596839 412.11693513292516 6904.9933924044035
15 13 29 31 0.0432901 448.08118594845035 10350.661836042198
15 12 18 21 2.87607 541.3667181487186 188.23141236086698
15 12 21 24 0.562514 418.6392387214804 744.2290124716549
15 12 24 27 0.24326 451.60966241014927 1856.4896095130694
15 12 27 30 0.104108 386.5401181985184 3712.876226596596
15 12 30 33 0.0650697 422.5968726236987 6494.526217635838
15 12 33 36 0.0433645 455.9160483637817 10513.577888913322
15 11 19 23 2.06368 516.3422174644392 250.20459444508793
15 11 23 27 0.431346 428.1872818169843 992.6770662460862
15 11 27 31 0.169898 421.87017049501935 2483.079085657391
15 11 31 35 0.0902429 450.242320063625 4989.22707563282
15 11 35 39 0.0531739 452.1016119404241 8502.32185227008
15 11 39 43 0.0400972 505.8303857962797 12615.104939903029
15 11 43 47 0.018636 369.04090010931435 19802.581031837002
15 10 20 25 1.46658 457.4410915672607 311.91008439175545
15 10 25 30 0.344574 429.26560207070236 1245.7863973216272
15 10 30 35 0.148855 464.7204558946068 3121.9673903772587
15 10 35 40 0.0837639 505.3576293611458 6033.119629830342
15 10 40 45 0.0379313 376.8919668235022 9936.173208498052
15 9 21 27 1.18141 441.27218125082635 373.51315906486855
15 9 27 33 0.307624 459.6888204987142 1494.3204057508979
15 9 33 39 0.132181 489.9307124708476 3706.5138898241626
15 9 39 45 0.0740225 505.7715423143228 6832.673069868253
15 8 22 29 1.00256 436.7232937464795 435.6081369159746
15 8 29 36 0.269771 472.6254424190841 1751.9505151372243
15 8 36 43 0.126925 518.3226027479818 4083.6919657118915
15 8 43 50 0.041595 395.4595533816538 9507.38197816213
16 15 17 18 6.30333 386.56725887331635 61.327466414310585
16 15 18 19 1.67148 409.5910257908224 245.04691996962117
16 15 19 20 0.623362 380.2239828458109 609.956947721887
16 15 20 21 0.422007 512.9836012915147 1215.5807872654118
16 15 21 22 0.228572 483.8005281689043 2116.6220191839084
16 15 22 23 0.110988 375.0464380937833 3379.1620544003254
16 14 20 22 1.02094 499.1678954343761 488.9297073622114
16 14 28 30 0.0682733 464.78216494884714 6807.671006804229
16 13 19 22 2.63779 486.9300425490203 184.59772860956343
16 13 22 25 0.533081 390.2859768386164 732.1325968072701
16 13 25 28 0.274666 504.1131634977777 1835.3679141130597
16 13 28 31 0.118423 434.1069302507787 3665.7315745317946
16 13 31 34 0.0683037 438.8320943612028 6424.719222548747
16 13 34 37 0.0451051 467.4119792595147 10362.73014048333
16 13 37 40 0.0397633 573.8802315021014 14432.409571190054
16 12 20 24 1.81332 445.9440180941478 245.92681826381875
16 12 24 28 0.504247 494.5433297381223 980.7561170182912
16 12 28 32 0.186273 457.003100399988 2453.404950797958
16 12 32 36 0.0890711 441.01112266703836 4951.225736148294
16 12 36 40 0.0495946 406.59491515534506 8198.370692683176
16 12 40 44 0.0421325 526.2034124215413 12489.252060085239
16 12 44 48 0.02369105 474.85065576907004 20043.46180389092
16 11 21 26 1.40915 433.14325383103295 307.37909649862183
16 11 26 31 0.337951 416.2333804734109 1231.6382566508485
16 11 31 36 0.142465 441.3940519788109 3098.2630960503343
16 11 36 41 0.0834241 486.3499674666617 5829.84973726611
16 10 22 28 1.14197 421.9192631227623 369.4661533339425
16 10 28 34 0.304716 451.8364411945362 1482.811671177543
16 10 34 40 0.134207 487.34059722367857 3631.2606438090306
16 10 40 46 0.0697828 475.4594384736016 6813.41875753913
16 9 23 30 1.01873 439.6633390078107 431.57984844640947
16 9 30 37 0.272863 474.2456775272073 1738.0358550892106
16 9 37 44 0.134307 537.0975298062652 3999.0285674333077
16 9 44 51 0.0328741 337.0945246642525 10254.106566088576
17 16 18 19 6.05511 372.1765779480668 61.464874783128096
17 16 19 20 1.81262 445.828386085305 245.9579978623788
17 16 20 21 0.777566 476.6767461236536 613.0370233827786
17 16 21 22 0.346131 422.34945682245205 1220.2011863209364
17 16 22 23 0.197549 421.1498330435485 2131.87529698226
17 15 19 21 3.65129 447.51303044144083 122.56299292618249
17 15 21 23 0.882298 428.92676692112707 486.14727328082694
17 15 23 25 0.310468 375.91567276544674 1210.8032800979383
17 15 25 27 0.226524 551.1115713482935 2432.905879060468
17 15 27 29 0.0999381 424.49503493843946 4247.579601157511
17 15 29 31 0.0678731 461.04670453488023 6792.775113187407
17 15 31 33 0.039786 405.5467286441697 10193.201845980237
17 14 20 23 2.54286 466.18353278917607 183.33039679305037
17 14 23 26 0.60436 440.6991257110506 729.1996917583073
17 14 26 29 0.226408 413.6977179411447 1827.22217386817
17 13 21 25 1.71626 418.92091241182925 244.0894225885526
17 13 25 29 0.482527 471.95679577384146 978.0940668062958
17 13 29 33 0.186756 456.01735554177276 2441.7815520881404
17 13 33 37 0.0920425 453.30242890036527 4924.925212813268
17 13 37 41 0.0626847 498.8592656134178 7958.230088257866
17 13 41 45 0.0413565 519.0205144795617 12549.91390663044
17 13 45 49 0.0187962 429.13063963170737 22830.712571248838
17 12 22 27 1.37604 420.65308118108914 305.69829451257897
17 12 27 32 0.346795 424.5854732696392 1224.3125571869236
17 12 32 37 0.145267 447.9196273690891 3083.423126856678
17 12 37 42 0.0951008 539.587540777976 5673.848598308069
17 12 52 57 0.0076083 296.9251137763084 39026.47290147713
17 11 23 29 1.1591 426.23013621452304 367.72507653741957
17 11 29 35 0.294661 435.3603720331586 1477.495739283986
17 11 35 41 0.139668 495.2093595614479 3545.6178907226276
17 11 41 47 0.0671646 461.13794774898605 6865.788640876087
17 11 53 59 0.00572805 172.0185475753356 30030.90887393364
17 10 24 31 1.08776 467.9429712866859 430.18953747764755
17 10 31 38 0.268035 462.72455460882253 1726.3587016950119
17 10 38 45 0.12671 501.587660982275 3958.548346478376
18 17 19 20 7.06724 435.0748964394953 61.562207656665876
18 17 20 21 1.91879 473.0106611728173 246.5150752155355
18 17 21 22 0.679671 417.089190551217 613.6633614663815
18 17 22 23 0.319435 391.459541894736 1225.4747973601388
18 17 23 24 0.305022 653.605821122112 2142.815341588843
18 16 20 22 3.71383 456.42026568871364 122.89745779659101
18 16 22 24 0.939265 459.22723191658497 488.921903740249
18 16 26 28 0.169705 416.06333700451535 2451.6857900740424
18 16 28 30 0.0986055 422.876013321995 4288.564160437248
18 16 30 32 0.0857846 587.6459639717842 6850.250091179352
18 15 21 24 2.32217 425.2694935343739 183.13452225047
18 15 24 27 0.607064 444.23900512093877 731.7828188147192
18 15 27 30 0.232272 425.030475060055 1829.8825302234234
18 15 30 33 0.132004 482.8118979246739 3657.5550583669724
18 15 33 36 0.0672454 435.2759006749724 6472.946858446413
18 15 36 39 0.0549688 542.3339113843338 9866.213404410024
18 15 39 42 0.0415372 582.1355194196657 14014.799250302516
18 14 22 26 1.77943 434.21004432357927 244.01636722072757
18 14 26 30 0.435879 426.1472067355041 977.6731770411147
18 14 42 46 0.0391061 499.314149245315 12768.19087675107
18 13 23 28 1.44916 442.7342962534062 305.5109830891042
18 13 28 33 0.378529 463.1229838757612 1223.4808531863112
18 13 33 38 0.157979 483.6764487546469 3061.6502747494724
18 13 38 43 0.0929565 519.4672164158212 5588.2828679632
18 13 43 48 0.0332997 344.0270497405884 10331.23570904808
18 12 24 30 1.17365 431.3315328603051 367.5129151453202
18 12 30 36 0.311958 460.8037052900107 1477.133797786916
18 12 36 42 0.15479 536.0555316362041 3463.11474666454
18 12 42 48 0.0671749 470.032767030728 6997.148742026085
18 12 54 60 0.01239483 362.2938871972157 29229.43575645779
18 11 25 32 1.01943 438.4781570332725 430.1209077948192
18 11 32 39 0.261477 447.30477995487155 1710.6849931537822
18 11 39 46 0.127259 504.4107552513983 3963.654871179235
18 11 46 53 0.0241314 299.1640913460729 12397.295281089075
19 18 20 21 7.3569 452.87668521676477 61.55808631580757
19 18 21 22 1.57999 388.7484146545286 246.04485766019314
19 18 22 23 0.66811 410.3788416167767 614.2384362107688
19 18 23 24 0.283963 348.4936764773023 1227.2502983744441
19 18 24 25 0.200722 430.67133992491574 2145.611043756617
19 18 25 26 0.124412 429.761424699044 3454.3406158493076
19 18 26 27 0.0713283 369.649331538726 5182.365646436632
19 17 21 23 3.25113 399.5047863415314 122.88182457838704
19 17 23 25 0.903668 443.06952728496793 490.3012248801196
19 17 25 27 0.301765 371.95551327994866 1232.599914767944
19 17 27 29 0.170787 420.1905261729564 2460.3191470835395
19 17 29 31 0.106786 459.6790689124841 4304.675415433522
19 17 31 33 0.0670108 461.7793403514802 6891.118153364536
19 17 33 35 0.0338765 353.4402105545529 10433.19736556471
19 16 22 25 2.26516 416.217872486218 183.7476701364222
19 16 25 28 0.526773 388.58533118761585 737.6713141858368
19 16 28 31 0.246063 453.1462878941906 1841.586455071224
19 16 31 34 0.113299 417.82937195094377 3687.8469532029744
19 16 34 37 0.0825073 536.6895887133852 6504.752775977219
19 16 37 40 0.053843 521.3656037401915 9683.07122077506
19 16 40 43 0.037276 522.9782639364637 14029.892261413877
19 15 23 27 1.74768 427.5371755086709 244.63126860104305
19 15 27 31 0.444631 435.31511754408496 979.0480590514043
19 15 31 35 0.171907 422.27329770730825 2456.4054849849526
19 15 35 39 0.112895 540.7515899001978 4789.863057710243
19 15 39 43 0.0746448 582.6560929573766 7805.715776013554
19 14 24 29 1.42098 434.90260033435516 306.05821358101815
19 14 29 34 0.364008 445.75435056307595 1224.572950493055
19 14 34 39 0.164853 498.33214651105726 3022.887945691357
19 14 39 44 0.0970511 543.3333871019303 5598.425850937601
19 13 25 31 1.17217 431.53597609081805 368.15135696257204
19 13 31 37 0.310935 459.254323594895 1477.0107051148793
19 13 37 43 0.158687 539.3474320120577 3398.812958919493
19 13 43 49 0.0583687 444.9976192945425 7623.90834975839
19 13 61 67 0.0059467 228.15876407867367 38367.2901068952
19 12 26 33 0.992004 426.34820062229113 429.78475955973073
19 12 33 40 0.281926 477.51602598993367 1693.7637039149765
19 12 40 47 0.124037 494.4098333080577 3985.986708063382
19 12 47 54 0.0230362 316.47208856908384 13738.033554539545
19 12 61 68 0.00822377 246.07190250843485 29922.031198396216
20 19 21 22 6.62552 406.90871831633837 61.415363370171455
20 19 22 23 1.54322 380.14758647804047 246.33402008659846
20 19 23 24 0.590599 363.421788218837 615.3444015632214
20 19 24 25 0.357559 439.41598219168304 1228.9327976409013
20 19 25 26 0.171926 371.93964474335445 2163.370547464342
20 19 26 27 0.153274 530.4999369134993 3461.1215007992173
20 19 27 28 0.0847674 438.85600917749906 5177.179070934098
20 18 22 24 3.09854 381.2416151568976 123.03911363316195
20 18 24 26 0.860611 423.63028237215605 492.24362966794064
20 18 26 28 0.356611 439.9998637630668 1233.8370486694655
20 18 28 30 0.174298 429.900096751956 2466.4660337580235
20 18 30 32 0.105961 456.6005498916028 4309.1377949585485
20 18 32 34 0.0576686 399.3991350720392 6925.764368686585
20 18 34 36 0.0425576 447.0929222826701 10505.595293970291
20 17 23 26 2.19356 404.44946072250735 184.3803956684601
20 17 26 29 0.592254 438.09167145512635 739.7023430067612
20 17 29 32 0.255587 471.8986264149981 1846.3326633005515
20 17 32 35 0.101997 379.27071771087947 3718.449735883207
20 17 35 38 0.0800639 514.1645175441304 6421.926955146208
20 17 38 41 0.0611151 582.8525349996298 9536.964432679155
20 17 41 44 0.0357651 509.64409636507924 14249.760139495744
20 16 24 28 1.69082 415.6677802981197 245.8379841131047
20 16 28 32 0.466713 459.0642023087066 983.6113463921224
20 16 32 36 0.16842 417.41534968790677 2478.419128891502
20 16 36 40 0.113788 535.0327391421106 4702.013737319494
20 16 40 44 0.0683654 538.2188142644676 7872.678493279752
20 16 44 48 0.032098 433.4983636045233 13505.463381036927
20 16 48 52 0.00929405 368.5186681353398 39651.03137333453
20 15 25 30 1.39894 429.91325109632527 307.3135739176271
20 15 30 35 0.358743 441.024077397581 1229.3593948804046
20 15 35 40 0.17731 527.6822352719004 2976.0432873041586
20 15 40 45 0.093749 527.9889035900316 5631.941712338602
20 15 50 55 0.00849933 242.41141343688355 28521.23796074321
20 14 26 32 1.19667 440.7779373761962 368.3370832194308
20 14 32 38 0.307506 453.07795998734593 1473.3955109407489
20 14 38 44 0.160959 543.6034929715672 3377.2792634867715
20 14 44 50 0.049568 413.6322138997777 8344.742856273759
20 13 27 34 0.998331 429.1036530101477 429.82102429970394
20 13 34 41 0.307326 514.1965329166795 1673.1305939513074
20 13 41 48 0.117003 474.2035906469985 4052.9182213020053
20 13 48 55 0.0163823 249.18278720734904 15210.48858874206
21 20 22 23 6.72857 413.83709507325364 61.504464555359256
21 20 23 24 1.56677 387.13205401512556 247.08926901531532
21 20 24 25 0.663105 408.8133038318967 616.5136800836921
21 20 25 26 0.351216 435.1429325159888 1238.9610169126372
21 20 26 27 0.160951 348.7119461258639 2166.5721003651042
21 20 27 28 0.0925422 319.8174668396806 3455.9094860472364
21 20 28 29 0.0757168 392.9913078050222 5190.2788787299805
21 19 23 25 3.1825 392.51527678577395 123.33551509372315
21 19 25 27 0.838615 415.18638934069503 495.0858133239866
21 19 27 29 0.310789 383.5955351717683 1234.2635523514934
21 19 29 31 0.165712 408.8730585843051 2467.3714552012234
21 19 31 33 0.09068036 391.6631314897397 4319.161629814214
21 19 33 35 0.054599 380.6846806729673 6972.374597940756
21 19 35 37 0.0448462 467.40555759907465 10422.411655816426
21 18 24 27 2.26228 418.6220729475833 185.04432384478636
21 18 27 30 0.531827 393.6441975101296 740.1733975712582
21 18 30 33 0.217258 401.8010569854472 1849.418925818369
21 18 33 36 0.109525 409.5191683239275 3739.047416790025
21 18 36 39 0.0886294 553.4940988574546 6245.039443541924
21 18 39 42 0.0531567 504.9410630254725 9499.104779368781
21 18 42 45 0.0302082 438.76429892327354 14524.675383613507
21 17 25 29 1.62263 400.86751577188693 247.0480120371785
21 17 29 33 0.430896 424.8479075057018 985.9639159001287
21 17 33 37 0.172743 429.1317837688652 2484.2209743310304
21 17 37 41 0.117464 541.078873277431 4606.337884606611
21 17 45 49 0.0246454 381.3982233658873 15475.432468772562
21 16 26 31 1.33386 411.01727655414317 308.14124162516543
21 16 31 36 0.337457 417.47922045462315 1237.1330879330496
21 16 36 41 0.182275 532.551330810144 2921.691569387706
21 16 41 46 0.0820507 470.4210798000985 5733.297580643412
21 16 51 56 0.00798955 215.580893311448 26982.85802222253
21 16 56 61 0.00501865 176.37958553859914 35144.82690337025
21 15 27 33 1.11886 412.6145294927431 368.7811964792227
21 15 33 39 0.315804 462.0935623543667 1463.2289722561043
21 15 39 45 0.149755 508.29536875041725 3394.179618379468
21 15 45 51 0.0443048 410.49003915435827 9265.136941242445
21 15 51 57 0.01298069 257.92154080494896 19869.632569990423
21 15 57 63 0.00506878 139.4486058767263 27511.276061838606
21 14 28 35 0.991345 426.9858965474646 430.7137238271889
21 14 42 49 0.103958 451.61278272011384 4344.1849854759985
21 14 49 56 0.0173901 249.91362985501445 14371.028910415378
22 21 23 24 5.60412 345.6999604900019 61.686751977117176
22 21 24 25 1.57421 388.2329688605156 246.6208249601486
22 21 25 26 0.606901 375.54786755902137 618.7959280986872
22 21 26 27 0.334504 413.1031529372132 1234.9722363176918
22 21 27 28 0.177089 381.38041700822873 2153.6087335081725
22 21 28 29 0.110361 380.6661694302587 3449.281625123537
22 21 29 30 0.0665353 343.92922616232005 5169.12415157548
22 20 24 26 3.20176 395.2789537244426 123.4567718143904
22 20 26 28 0.758779 374.70757787165985 493.8296630134201
22 20 28 30 0.301477 371.7281400001757 1233.0232157019464
22 20 30 32 0.160307 394.56721896179266 2461.3224560486606
22 20 32 34 0.0786045 339.99611415574685 4325.4026697675945
22 20 34 36 0.0501523 350.83490213261723 6995.390084455095
22 20 36 38 0.0404789 410.39670126790713 10138.533934170819
22 19 25 28 2.13566 396.0441182583824 185.44343119147354
22 19 28 31 0.530478 392.3844303275999 739.6808733398932
22 19 31 34 0.195668 362.1417568278023 1850.7970482030903
22 19 34 37 0.109497 408.41284972257586 3729.899903399873
22 19 37 40 0.0795178 484.2422939034468 6089.734548785892
22 19 40 43 0.0529585 500.6497529065341 9453.624119008924
22 19 43 46 0.0263915 393.09294378547224 14894.679869862352
22 18 26 30 1.60353 395.7454612184709 246.79641866286937
22 18 30 34 0.39423 388.8132938770449 986.2600357076957
22 18 34 38 0.170691 420.6539099652247 2464.41763165735
22 18 38 42 0.111021 503.98954309668693 4539.587493327271
22 18 42 46 0.0653235 532.0778224181065 8145.274249207505
22 17 27 32 1.3017 400.8641583783851 307.95433539093887
22 17 32 37 0.31229 386.974289289431 1239.150434818377
22 17 37 42 0.173365 497.1628600430721 2867.7233584810783
22 17 42 47 0.0758524 444.20011112558774 5856.11148922892
22 16 28 34 1.09682 405.2670251267651 369.492738212984
22 16 34 40 0.320962 465.6203522448859 1450.7024265953162
22 16 40 46 0.139356 477.5545549903302 3426.8675549695035
22 16 46 52 0.0431108 449.09986273259943 10417.34003388013
22 15 29 36 0.947311 408.52428646069626 431.2462184654208
22 15 36 43 0.314861 509.9954122406258 1619.7478005870075
22 15 43 50 0.0837449 393.55389253917144 4699.437130370583
22 15 50 57 0.0163618 223.21936610295774 13642.714499807951
23 22 24 25 6.76404 416.20744250932455 61.53237451424364
23 22 25 26 1.59743 395.68547316957563 247.70129092954036
23 22 26 27 0.713092 440.1057338851335 617.179457748977
23 22 27 28 0.317331 389.98996823130034 1228.9690204590802
23 22 28 29 0.175252 377.17356055359824 2152.178352050751
23 22 29 30 0.109859 377.90010699779583 3439.8647994046537
23 22 30 31 0.077013 396.86992985487177 5153.284898067493
23 21 25 27 3.2444 401.3771126735924 123.71381847910011
23 21 27 29 0.783041 385.24334385313523 491.9836175285014
23 21 29 31 0.302459 371.6605179817036 1228.7963591154623
23 21 31 33 0.157935 388.15942127107013 2457.716283731093
23 21 33 35 0.0681591 295.627811621704 4337.3197653974885
23 21 35 37 0.062953 435.34037543300076 6915.323740457179
23 21 37 39 0.0464924 454.40356682245357 9773.717141348985
23 20 26 29 2.14824 397.367236925986 184.97339074125145
23 20 29 32 0.52241 385.43001734364384 737.7921887859035
23 20 32 35 0.171906 319.04653897813233 1855.9360288653818
23 20 35 38 0.1188 435.4724781857263 3665.5932507216016
23 20 38 41 0.077219 461.5494442978352 5977.14868488112
23 20 41 44 0.0466393 446.22628982773375 9567.602640428431
23 20 44 47 0.0259373 393.37330421596323 15166.316625707504
23 19 27 31 1.55406 382.5960632077765 246.19130741913216
23 19 31 35 0.374004 369.42735152343516 987.7631028636997
23 19 35 39 0.187186 451.8516650201674 2413.918054876793
23 19 39 43 0.105708 478.4230266782014 4525.8923324459965
23 19 43 47 0.0503458 420.2965551122475 8348.194985723685
23 19 47 51 0.0187213 403.0840182151986 21530.77073788672
23 18 28 33 1.27202 391.50654499115757 307.7833249407695
23 18 33 38 0.326476 402.41779154770165 1232.6106407445009
23 18 38 43 0.170494 483.28462691665106 2834.6136926616246
23 18 43 48 0.0713048 429.5406189187043 6024.007064302884
23 18 48 53 0.0166063 335.81429615065485 20222.102223292055
23 18 53 58 0.00757952 183.35976546871944 24191.474587931614
23 17 29 35 1.04499 386.3535842446907 369.7198865488576
23 17 35 41 0.344279 491.3479676300301 1427.1796061625312
23 17 41 47 0.130154 453.1898445993608 3481.950955017601
23 17 47 53 0.02909735 344.6925284773827 11846.182847488953
23 16 30 37 0.936176 404.01162044039677 431.55519949282694
23 16 37 44 0.304734 488.5745796443375 1603.2821399789243
23 16 44 51 0.0777003 396.4509682656928 5102.309363872376
23 16 51 58 0.0173016 224.99661746987945 13004.382107428182
24 23 25 26 7.52186 464.06581766745484 61.6956201880193
24 23 26 27 1.81416 447.07443154077873 246.43605389865212
24 23 27 28 0.579725 355.50832502749864 613.2361464961812
24 23 28 29 0.357276 438.1867018848188 1226.4655389245816
24 23 29 30 0.241045 516.7133987966762 2143.6387346623087
24 23 30 31 0.0884818 303.1087574205889 3425.662197430307
24 22 26 28 3.39174 417.57312862063065 123.11472241994689
24 22 28 30 0.893825 438.75124417180166 490.86929116079955
24 22 30 32 0.344685 422.09764210142083 1224.5895298647195
24 22 32 34 0.196976 484.339246372583 2458.8744129872825
24 22 34 36 0.0784262 340.94128588868926 4347.288098730899
24 22 36 38 0.0763165 513.3140976357698 6726.12210512497
24 22 38 40 0.0491858 471.54506902868667 9587.016354896874
24 21 27 30 2.12417 391.24237940378174 184.18600178129893
24 21 30 33 0.54042 397.6533717246475 735.8228261808362
24 21 33 36 0.250472 465.3815631818753 1858.0183141503855
24 21 36 39 0.127217 452.24567016683665 3554.915382117458
24 21 39 42 0.0713217 423.9539499292408 5944.249084489585
24 21 42 45 0.0501936 488.46614149713474 9731.641912457659
24 21 45 48 0.0297574 464.81451763458176 15620.132055709899
24 20 28 32 1.69503 416.3564778153372 245.63369251006603
24 20 32 36 0.409484 405.08387986724205 989.254476041169
24 20 36 40 0.193161 455.0826030460713 2355.975600903243
24 20 40 44 0.108591 493.19038321348546 4541.724297717909
24 20 44 48 0.0430709 368.1640563131306 8547.860767087072
24 20 52 56 0.00859602 262.5868441532738 30547.491066013547
24 19 29 34 1.36578 419.57672142342284 307.2066668302529
24 19 34 39 0.35076 426.9036366847504 1217.0818698960838
24 19 39 44 0.173055 492.0078307468439 2843.072033439334
24 19 44 49 0.0599545 398.1442774012494 6640.773876877455
24 19 54 59 0.01135752 265.47742322076226 23374.59438510892
24 18 30 36 1.11072 410.5583635522199 369.6326378855336
24 18 36 42 0.3441 481.30542792179523 1398.7370762039966
24 18 42 48 0.123794 441.0272989151214 3562.590262170391
24 18 48 54 0.0209922 281.2942337552315 13399.94063296041
24 17 31 38 1.01739 437.93702939743065 430.4514781916774
24 17 38 45 0.30523 487.35953939851686 1596.6960632916714
24 17 52 59 0.0170508 210.85369689168385 12366.205508931183
25 24 26 27 7.96119 485.2663077751321 60.95399152326877
25 24 27 28 1.99203 486.73678734770147 244.34209693011726
25 24 28 29 0.870735 532.0290418963599 611.0114350478158
25 24 29 30 0.360904 440.30786628425983 1220.0138160958588
25 24 30 31 0.267699 570.9213187422577 2132.6987353044187
25 24 31 32 0.134271 458.00486827202894 3411.048314766621
25 23 27 29 3.79985 464.7965418560363 122.31970784531923
25 23 29 31 0.961633 469.78519038370047 488.5285658704521
25 23 31 33 0.378934 462.9251712571163 1221.651187956521
25 23 33 35 0.188246 463.6834267997042 2463.17811161833
25 23 35 37 0.111836 480.4278425761943 4295.824623343058
25 23 37 39 0.0841942 546.4532881923137 6490.391121862477
25 23 39 41 0.0537494 512.2457438583575 9530.259758403954
25 22 28 31 2.55598 469.1291466248034 183.54179086878747
25 22 31 34 0.618472 454.3115815311459 734.5709773945238
25 22 34 37 0.232725 430.5578700998415 1850.0714151889206
25 22 37 40 0.146521 507.76848883983865 3465.499749795856
25 22 40 43 0.0854304 505.7118607220697 5919.577348602718
25 22 43 46 0.0502083 501.0256065912535 9978.939868333593
25 22 46 49 0.0246959 461.0505899081816 18669.114707630888
25 21 29 33 1.79495 439.2697272855898 244.72532788411365
25 21 33 37 0.431871 425.9388342663576 986.2640331635085
25 21 37 41 0.220679 507.6379491778445 2300.3455207692828
25 21 41 45 0.105402 484.26649389971567 4594.471584027966
25 21 49 53 0.0121948 303.3106626059143 24872.13095794226
25 20 30 35 1.38845 425.8508223494792 306.709512297511
25 20 35 40 0.392478 469.0459802913867 1195.0885916952968
25 20 40 45 0.173983 496.85816022868664 2855.785681524555
25 20 45 50 0.0513927 381.4413856145429 7422.092741080794
25 20 50 55 0.0181354 318.11214377530075 17540.949952871222
25 19 31 37 1.15468 426.03873770419125 368.96693257369253
25 19 37 43 0.367557 505.2469081796265 1374.6083143012552
25 19 43 49 0.117751 455.568677927312 3868.9155754712237
25 19 49 55 0.0213828 266.7872415014227 12476.721547291409
25 19 61 67 0.00761221 181.0880887252431 23789.160930300543
25 19 67 73 0.00504292 156.42145232352968 31018.031680758308
25 18 32 39 0.983705 420.839008381575 427.8101751862347
25 18 39 46 0.306924 492.90402791479374 1605.948143236742
25 18 46 53 0.0536083 330.58380478640237 6166.65338737476
25 18 53 60 0.0162518 191.526826244584 11784.960819391328
26 25 27 28 7.17061 440.7958272851441 61.47257029529484
26 25 28 29 1.88513 464.318509086625 246.30582988262083
26 25 29 30 0.807032 495.7216791791653 614.2528167150315
26 25 30 31 0.344426 422.3970526002368 1226.3796943327065
26 25 31 32 0.333968 716.36513815388 2145.011312921837
26 25 32 33 0.105949 364.7588875172254 3442.778011281139
26 25 33 34 0.0432251 223.72340654264573 5175.775337538738
26 24 28 30 3.91832 481.1130766469794 122.78555009467817
26 24 30 32 1.0868 531.7908346059872 489.3180296337755
26 24 32 34 0.252379 309.85006836201427 1227.7173154740062
26 24 34 36 0.18814 466.3935814587369 2478.9708805077967
26 24 36 38 0.112291 471.5553801736437 4199.404940499628
26 24 38 40 0.0901762 577.5433088184545 6404.609074439315
26 24 40 42 0.0614163 584.0160472982383 9509.137595365371
26 23 29 32 2.68698 493.52686206666493 183.67344083940517
26 23 32 35 0.511092 377.3411371782896 738.3037440975198
26 23 35 38 0.279131 509.2358845480437 1824.361624284095
26 23 38 41 0.159663 545.7747834478774 3418.2921744416517
26 23 41 44 0.0743325 447.4207960755791 6019.181328161694
26 23 44 47 0.0531683 542.2004921158496 10197.815091245151
26 22 30 34 1.85665 454.89729989852526 245.0097217561335
26 22 34 38 0.464641 455.4300552584421 980.1762118677475
26 22 38 42 0.234593 533.6084720852873 2274.6137867936695
26 22 42 46 0.112894 530.3688227646727 4697.936318712002
26 22 50 54 0.0174609 403.9134661879607 23132.454007981298
26 21 31 36 1.47086 452.1614379162205 307.4129678665682
26 21 36 41 0.43023 503.76857829272114 1170.9285226337568
26 21 41 46 0.17498 507.8587741312747 2902.381838674561
26 21 46 51 0.0419019 353.1773265704674 8428.67093307147
26 21 51 56 0.01229189 201.46223246529752 16389.849930750886
26 20 32 38 1.06967 394.09967360389294 368.4310802433395
26 20 38 44 0.369602 505.95580431375953 1368.9206343952671
26 20 44 50 0.108798 458.9830270027938 4218.671547296768
26 20 50 56 0.0224486 262.55422670342364 11695.795136597544
26 20 68 74 0.00530833 156.55290545245887 29491.93163432923
26 19 33 40 1.00204 426.24285413472563 425.37508895326096
26 19 40 47 0.311728 505.80365558737066 1622.5801198075587
26 19 47 54 0.0476452 325.1882005070569 6825.203808716447
26 19 54 61 0.0206789 235.73977753533308 11400.015355523412
27 26 28 29 8.01174 492.61089750570784 61.486131290544606
27 26 29 30 1.33021 327.331020911677 246.07469565833742
27 26 30 31 0.662825 407.0393254098827 614.0977262624111
27 26 31 32 0.230665 282.9746849956842 1226.7777295891626
27 26 32 33 0.150913 324.91723234035373 2153.010226689243
27 26 33 34 0.084497 291.6540329643785 3451.6495611013224
27 26 34 35 0.053874 281.16435923070634 5218.924884558532
27 25 29 31 3.1627 388.7475325054232 122.91634758447628
27 25 31 33 0.819194 402.30113205986686 491.0938459752719
27 25 33 35 0.244791 302.71271654354916 1236.6170183689317
27 25 35 37 0.189335 466.59311640179413 2464.378569212212
27 25 37 39 0.114244 466.49998677831655 4083.365312649387
27 25 39 41 0.0838979 538.7090871880932 6421.0080012502485
27 25 41 43 0.0493473 474.4753341496907 9615.021169338357
27 24 30 33 2.3122 425.2751801019929 183.92664133811647
27 24 33 36 0.46717 346.5157411261822 741.7337181886298
27 24 36 39 0.266945 475.03263283547375 1779.5150043472393
27 24 39 42 0.156378 535.5344376701673 3424.614956516693
27 24 42 45 0.0908138 559.5615445102815 6161.635616065856
27 23 31 35 1.63302 401.2854427355996 245.7321053848695
27 23 35 39 0.495098 477.1863570185832 963.8220251719522
27 23 39 43 0.228082 520.1567433529057 2280.5690205842884
27 23 43 47 0.0978158 472.86721344837935 4834.262086987781
27 23 47 51 0.0379685 511.1582935349683 13462.693905078375
27 23 51 55 0.012384 264.58135130857755 21364.77319998204
27 22 32 37 1.20754 371.8451108326938 307.93606077868543
27 22 37 42 0.437731 504.1887576418845 1151.823283344987
27 22 42 47 0.162374 482.3134357948867 2970.3858733226175
27 22 47 52 0.0429612 420.0107590613479 9776.513669575057
27 22 52 57 0.0132264 202.87009387427986 15338.269965695872
27 22 57 62 0.0107338 231.3628485856996 21554.607742430417
27 22 62 67 0.00742937 208.9210430641593 28120.963562746143
27 21 33 39 1.10909 406.31185737504376 366.34705693410257
27 21 39 45 0.363967 501.82575620095685 1378.7671854892253
27 21 45 51 0.0914956 426.28098660723055 4659.03263771406
27 21 51 57 0.0227768 250.19790585073883 10984.769846981966
27 20 34 41 1.06473 449.10336465267545 421.80023541430734
27 20 41 48 0.28268 467.9848570299246 1655.5287145532923
27 20 48 55 0.0375847 283.1435007381985 7533.4777379678035
27 20 55 62 0.0168017 186.32841335372493 11089.854797652912
28 27 29 30 6.94625 424.3493873578327 61.09042826817819
28 27 30 31 1.25642 308.25102001139254 245.34074593797658
28 27 31 32 0.964272 590.6004062337566 612.4832062257917
28 27 32 33 0.218149 267.7774641663451 1227.4980135886258
28 27 33 34 0.11882 255.61174316211006 2151.2518360722947
28 27 34 35 0.0945535 327.89327190660254 3467.8068173743177
28 27 35 36 0.082402 428.1686179815973 5196.094973199647
28 26 30 32 3.10977 381.4634065205857 122.66611566790652
28 26 32 34 0.573686 282.09069986550355 491.71619991685964
28 26 34 36 0.280041 347.1624803042949 1239.6844758599452
28 26 36 38 0.163924 393.9645524658076 2403.336622250602
28 26 38 40 0.106537 428.8797264492785 4025.641105430775
28 26 40 42 0.0736821 471.8468304885774 6403.8189803029145
28 26 42 44 0.0431531 425.6307572032099 9863.271866985451
28 25 31 34 2.24221 412.8232988482298 184.1144669090896
28 25 34 37 0.518761 384.4134786208719 741.0223178320496
28 25 37 40 0.25559 445.8555991542938 1744.4172274122377
28 25 40 43 0.1413 485.1499116961295 3433.4742512111075
28 25 43 46 0.0684956 435.2003725443456 6353.698230898709
28 25 46 49 0.033051 417.12068669657236 12620.516374589948
28 24 32 36 1.29138 318.2100133263864 246.41082665550528
28 24 36 40 0.473308 447.03893462447365 944.4990040829093
28 24 40 44 0.220248 506.8037716578478 2301.0595858207466
28 24 44 48 0.0887335 440.7694498946488 4967.339842276579
28 24 48 52 0.0205015 338.1963608936646 16496.17642092845
28 24 56 60 0.00833976 217.41286339779978 26069.43885648985
28 23 33 38 1.21798 373.75627397075505 306.86569070982694
28 23 38 43 0.422245 482.7909194947568 1143.3904948424654
28 23 43 48 0.154399 473.06366785833796 3063.9037031220278
28 23 48 53 0.0289977 332.76715825782566 11475.639732041702
28 23 58 63 0.0119211 247.24509123809963 20740.123917935394
28 23 63 68 0.00825869 223.9112066580776 27112.19414435916
28 22 34 40 1.13907 413.93291531669263 363.3955027493417
28 22 40 46 0.352591 491.2237425673777 1393.1828735486095
28 22 46 52 0.0830219 431.88253640632126 5202.031468881359
28 22 52 58 0.0229473 237.12166076291393 10333.314192210584
28 22 64 70 0.0114376 241.0968873088114 21079.324972792492
28 21 35 42 1.09282 454.72212153438653 416.09974335607563
28 21 42 49 0.25951 458.5542381958789 1767.0002627870945
28 21 49 56 0.0422491 296.9657479273008 7028.924827447231
28 21 56 63 0.0216586 232.36530981014246 10728.547081073682
28 21 63 70 0.00783098 122.91278161661413 15695.708789527509
28 21 70 77 0.00922616 195.9637861528394 21240.0160145542
28 21 77 83 0.00633113 213.09870474804856 33658.87365257838
29 28 30 31 7.60321 468.0030746778449 61.55335373846637
29 28 31 32 1.83689 451.8925320564902 246.0095770876265
29 28 32 33 0.499462 307.54667762543903 615.7559086085408
29 28 33 34 0.237931 293.05939409634055 1231.6990812308634
29 28 34 35 0.139641 302.9833467209865 2169.730571400853
29 28 35 36 0.123002 426.33050163873503 3466.0452808794576
29 28 36 37 0.0796763 406.98271420725064 5107.951978282759
29 27 31 33 3.50329 430.57714122410715 122.90650823200683
29 27 33 35 0.600339 296.3194722771297 493.5869105241034
29 27 35 37 0.328532 403.6557898819798 1228.665061187281
29 27 37 39 0.17936 418.78714442767546 2334.8971031873075
29 27 39 41 0.101952 411.5083775992569 4036.295291894783
29 27 41 43 0.0711869 460.72096697099045 6471.9908715085285
29 27 43 45 0.052165 530.8773533155503 10176.887823551237
29 26 32 35 1.59624 295.02830390748784 184.82703347083634
29 26 35 38 0.554446 405.30121416076474 731.0021429693148
29 26 38 41 0.25973 448.22322183310865 1725.7275702964948
29 26 41 44 0.131528 460.3533336874533 3500.0405517262734
29 26 44 47 0.0647471 420.8003389828986 6499.13801518367
29 26 47 50 0.03050125 478.2988158604739 15681.285713224011
29 25 33 37 1.34733 332.3198680589218 246.650685473434
29 25 37 41 0.488905 454.08943227421935 928.7886854792226
29 25 41 45 0.203825 478.08132277475966 2345.5480082166546
29 25 45 49 0.0914698 516.5908300486121 5647.665459513545
29 25 53 57 0.018466 340.18372612212295 18422.166474716938
29 24 34 39 1.299 395.7215407583904 304.6355202143113
29 24 39 44 0.425883 491.717421590876 1154.583351744202
29 24 44 49 0.134916 454.8294384543681 3371.2045899253467
29 24 49 54 0.0302131 320.7476898584254 10616.179400936197
29 24 54 59 0.0127445 176.6469031206533 13860.638167103714
29 24 59 64 0.0147712 293.94917217134036 19900.155178410714
29 24 64 69 0.00880246 229.27625484438065 26046.838593345572
29 23 35 41 1.24209 445.4919047933516 358.6631442112501
29 23 41 47 0.330583 469.729382711943 1420.912093821954
29 23 47 53 0.0733073 431.64448347733224 5888.151432085648
29 23 53 59 0.0240711 234.70873094616024 9750.644172728302
29 23 65 71 0.012936 260.58791116962055 20144.396348919337
29 22 36 43 1.10395 452.73947552343645 410.10867840340273
29 22 43 50 0.240121 457.1972311824824 1904.02851555042
29 22 50 57 0.0465525 306.67190296224015 6587.6570100905465
29 22 57 64 0.0239124 247.3587443663023 10344.371303855
30 29 31 32 8.6516 529.7147678098177 61.22737618588673
30 29 32 33 1.18787 292.84262934082574 246.52750666388218
30 29 34 35 0.275179 340.68600183704086 1238.0523289823745
30 29 35 36 0.231018 499.3573776856468 2161.551817112289
30 29 36 37 0.107232 364.4830886661579 3399.014181085478
30 29 37 38 0.080435 399.3572977890724 4964.9692023257585
30 28 32 34 2.21218 272.5676584369887 123.21224242014154
30 28 34 36 0.778769 385.5767627082197 495.11056899827764
30 28 36 38 0.325743 391.36851980851276 1201.4640984104424
30 28 38 40 0.177405 410.2792763228825 2312.6703098722273
30 28 40 42 0.104559 423.0495668995021 4046.03684904697
30 28 42 44 0.0688129 458.725078983876 6666.265758075536
30 28 44 46 0.0459822 478.83317717600943 10413.446446146758
30 27 33 36 1.60161 296.53242583772465 185.1464625206665
30 27 36 39 0.546004 389.5988653867233 713.5458080650018
30 27 39 42 0.261396 453.380501883737 1734.4584533953732
30 27 42 45 0.121927 437.48897190080794 3588.1221706497163
30 27 45 48 0.053148 357.24142280687124 6721.634357019479
30 26 34 38 1.5326 376.1153482817722 245.40998843910492
30 26 38 42 0.466278 430.0979536878897 922.4067052013813
30 26 42 46 0.182293 438.61178448863774 2406.081333285632
30 26 46 50 0.0629953 411.1234386225196 6526.255746421075
30 25 35 40 1.4137 425.2360512801638 300.7965277499921
30 25 40 45 0.402014 469.7688116930589 1168.5384381963288
30 25 45 50 0.128047 481.8408894701216 3763.0002223411843
30 25 50 55 0.0276212 270.5671764282681 9795.63438330949
30 25 65 70 0.0119598 296.48349916437104 24790.004779709616
30 24 36 42 1.21443 428.83095868050424 353.11294902176684
30 24 42 48 0.320188 467.76181560862864 1460.8973965564876
30 24 48 54 0.053149 352.8190357430551 6638.300546445937
30 24 54 60 0.0259569 242.95981316532243 9360.124404891278
30 24 66 72 0.01236148 237.89464056160563 19244.834806318147
30 23 37 44 1.10607 449.75528910210824 406.6246160750298
30 23 44 51 0.211006 433.55361065025943 2054.6980211475475
30 23 51 58 0.0456918 282.7281845142394 6187.722622313838
30 23 58 65 0.0231688 229.94194971645427 9924.637862835118
31 30 32 33 6.52014 401.1582352850167 61.52601558939175
31 30 33 34 1.06866 263.1560270056232 246.24859824979242
31 30 34 35 0.54205 334.97757159173767 617.9827905022372
31 30 35 36 0.400336 492.9350345426415 1231.3032915916667
31 30 36 37 0.166295 352.27279762626364 2118.3607301858965
31 30 37 38 0.131972 436.3784235434118 3306.5985477480967
31 30 38 39 0.0879042 426.0897332013722 4847.2056306908225
31 29 33 35 2.18052 268.84643272670496 123.29464197838357
31 29 35 37 0.903345 442.58961732109003 489.9452781839608
31 29 37 39 0.347393 406.41769206255265 1169.907545812819
31 29 39 41 0.191726 446.26798618575907 2327.6341559608977
31 29 41 43 0.0840841 344.8735635609003 4101.5312474165785
31 29 43 45 0.0707945 487.8184016364632 6890.625707314314
31 29 45 47 0.0419794 449.69328841116436 10712.23715467978
31 28 34 37 2.02079 373.3833172783744 184.77096446358823
31 28 37 40 0.602558 422.5269065621555 701.2219679469121
31 28 40 43 0.273446 477.38633879963464 1745.8157691084698
31 28 43 46 0.126199 467.8020409614512 3706.8601253690695
31 28 46 49 0.04227425 338.0329506558943 7996.19036779823
31 28 49 52 0.0245995 466.0931606595992 18947.26155651941
31 28 52 55 0.0121467 269.06246359152925 22151.075073191012
31 27 35 39 1.72879 417.7851125397115 241.6633093317936
31 27 39 43 0.469395 436.36396517897697 929.6306206478062
31 27 43 47 0.185109 459.2579271644525 2481.01349564015
31 27 47 51 0.0568667 440.50997093687977 7746.360716146352
31 27 55 59 0.0272478 462.6779309317616 16980.37753256269
31 26 36 41 1.37761 407.2259662310964 295.60323039982023
31 26 41 46 0.365926 436.66380102022106 1193.3117652755504
31 26 46 51 0.0939104 399.3781541320891 4252.75745957944
31 26 51 56 0.0274868 248.74998038689247 9049.797735163515
31 25 37 43 1.22114 426.46688522010743 349.2366847536789
31 25 43 49 0.283085 448.30635158805904 1583.6457303921404
31 25 49 55 0.0525557 321.1359611247863 6110.392614403126
31 25 55 61 0.0335031 303.09647288946564 9046.818738847021
31 24 38 45 1.09487 445.69364901717836 407.0744919645057
31 24 45 52 0.183462 411.1374093382779 2240.994916322061
31 24 52 59 0.0485164 281.5894851329377 5804.006173849207
31 24 59 66 0.0252998 239.65237444441493 9472.500748797023
31 24 66 73 0.00840703 114.93783317463202 13671.633522734192
31 24 73 80 0.00936072 177.4767796574143 18959.735966615208
31 24 80 86 0.00443611 141.08790082322574 31804.418921808916
32 31 33 34 5.86806 358.47437965644895 61.08907878522867
32 31 34 35 1.0197 251.4060787488868 246.54906222309188
32 31 35 36 0.45694 280.32185886310407 613.4762963695541
32 31 36 37 0.294874 355.786830666134 1206.5724026741386
32 31 37 38 0.238498 492.4871268833521 2064.9528586543793
32 31 38 39 0.120313 389.7239111033426 3239.250214884032
32 31 39 40 0.0769756 379.70515105525527 4932.79884866445
32 30 34 36 2.37616 292.76184106205295 123.20796624051114
32 30 36 38 0.83175 398.4325589599555 479.02922628188213
32 30 38 40 0.346194 402.386387879095 1162.3147364746212
32 30 40 42 0.207783 486.4366397742828 2341.0800680242505
32 30 42 44 0.117731 498.2658330643293 4232.239877893921
32 30 44 46 0.0506566 357.28462510493966 7053.0715662902685
32 30 46 48 0.0352409 391.5353966671784 11110.25531888171
32 29 35 38 2.09784 382.25930936402165 182.21566438051596
32 29 38 41 0.605527 422.1457352237702 697.1542725985302
32 29 41 44 0.246606 440.5856193571624 1786.597322681372
32 29 44 47 0.10567 401.18667907177854 3796.5995937520443
32 29 47 50 0.0497419 491.65606855878923 9884.143318988403
32 29 50 53 0.0130894 230.33263115706455 17596.882298429613
32 29 53 56 0.00897381 181.0517800601029 20175.57537546515
32 28 36 40 1.69031 401.2485429418699 237.38162996247428
32 28 40 44 0.493662 465.4557418297545 942.8632178084489
32 28 44 48 0.166453 424.93686348674856 2552.893991016975
32 28 48 52 0.0357669 337.50181149237324 9436.149386510244
32 28 56 60 0.01030625 168.4807478977409 16347.434604996086
32 28 60 64 0.00773292 170.19201994373026 22008.76511637651
32 27 37 42 1.482 432.691231012103 291.9643933954811
32 27 42 47 0.349519 428.4964037449233 1225.9602589413546
32 27 47 52 0.0827175 405.4472462704308 4901.589703151459
32 27 52 57 0.028997 242.3890832305075 8359.10898474006
32 26 38 44 1.25689 439.5792066788305 349.73562259134087
32 26 44 50 0.246151 422.7927004983039 1717.6152057001752
32 26 50 56 0.0437413 246.9528832762291 5645.760031737263
32 26 56 62 0.021868 190.27201312134014 8700.933469971655
32 26 62 68 0.01429048 183.08685941201992 12811.806140312987
32 26 68 74 0.00858078 148.82143072135685 17343.578406783166
32 25 39 46 1.09863 453.76087941488424 413.02429336071674
32 25 46 53 0.156124 384.2056362782278 2460.9005423780313
32 25 53 60 0.0421334 230.0238119681319 5459.417278646677
32 25 60 67 0.0222038 199.79702958343177 8998.32594346156
33 32 34 35 3.59404 221.86500098653593 61.731366647710075
33 32 35 36 1.11708 274.45039254828396 245.68553062294905
33 32 36 37 0.482513 291.66021933178087 604.4608525195815
33 32 37 38 0.264516 313.60335126785014 1185.574223365884
33 32 38 39 0.162165 331.13839976070824 2041.984397130751
33 32 39 40 0.100318 333.70768339140966 3326.4985684663734
33 32 40 41 0.0814787 405.97263909725814 4982.561566363456
33 31 35 37 2.47989 303.0368764988733 122.19770897050807
33 31 37 39 0.783178 368.3500168582966 470.32732898306205
33 31 39 41 0.333466 393.95679692138924 1181.4001934871599
33 31 41 43 0.162814 389.4905905136271 2392.2426235681646
33 31 43 45 0.106995 470.8473146431185 4400.647830675438
33 30 36 39 1.92218 343.8522939474742 178.8866255748547
33 30 39 42 0.56647 400.9074825723641 707.7294165134324
33 30 42 45 0.203399 374.8755526760067 1843.0550429255145
33 30 45 48 0.0888263 349.7347376414951 3937.2881414794388
33 29 37 41 1.64968 387.5197982561809 234.9060413269124
33 29 41 45 0.415685 401.94135738911416 966.9373621591208
33 29 45 49 0.133235 384.46938350797035 2885.6485421095836
33 29 49 53 0.0333711 290.6273752402459 8708.954012311428
33 28 38 43 1.37272 401.73052222299486 292.6529242838998
33 28 43 48 0.323747 411.5057258954118 1271.0719354786663
33 28 48 53 0.0531074 303.912297233142 5722.5979285964295
33 28 53 58 0.0280324 217.9607963281514 7775.3170020458965
33 27 39 45 1.16964 416.12457088722925 355.77149455151095
33 27 45 51 0.202 381.23771606165644 1887.315426047804
33 27 51 57 0.0486499 254.21884229068922 5225.4751251428925
33 27 57 63 0.0247332 205.95977287384358 8327.259427564713
33 27 63 69 0.0128701 157.06133169331764 12203.582854314856
33 27 69 75 0.00892394 147.10426282589677 16484.22813531879
33 26 40 47 1.0272 431.9967602719915 420.5575937227332
33 26 47 54 0.127109 344.4717684075436 2710.0501806130455
33 26 54 61 0.0334967 174.42932118717437 5207.358372232918
33 26 61 68 0.0189461 162.5890363107703 8581.662522142831
34 33 35 36 4.21062 257.1633297963265 61.07493190939256
34 33 36 37 1.04559 253.10234108415685 242.0665280694697
34 33 37 38 0.479524 286.1022872397911 596.6380978632792
34 33 38 39 0.247969 292.58808289568793 1179.9381491060897
34 33 39 40 0.201027 424.01096363444316 2109.223953172674
34 33 40 41 0.12517 422.7173179407365 3377.1456254752457
34 33 41 42 0.059087 302.5715581690948 5120.780512957077
34 32 36 38 2.26307 272.49509202377675 120.40948447187968
34 32 38 40 0.716668 339.3400879244017 473.4969161793211
34 32 40 42 0.305693 367.7482397475533 1202.9985630928852
34 32 42 44 0.133495 332.6643220259835 2491.9609125883626
34 32 44 46 0.0702892 318.87494612489365 4536.613677846578
34 32 46 48 0.0529095 401.96842293795737 7597.282585130409
34 32 48 50 0.016258 349.70323703751427 21509.609855917963
34 31 37 40 1.89144 336.1252639771172 177.7086579416303
34 31 40 43 0.539576 388.9021062321325 720.755011772452
34 31 43 46 0.177304 340.06398630558573 1917.9713165274657
34 31 46 49 0.093185 435.2644552497344 4670.9712426864235
34 31 49 52 0.03137669 369.56013108221237 11778.174532820778
34 31 52 55 0.0137329 196.26074201671096 14291.281667871388
34 30 38 42 1.58473 374.5779849074642 236.36706877983266
34 30 42 46 0.371377 371.45766649761646 1000.217209190705
34 30 46 50 0.108735 361.1357924927192 3321.2469995191905
34 30 50 54 0.0330317 261.87758237512526 7928.068563686558
34 29 39 44 1.33924 400.75985841873865 299.2442418227791
34 29 44 49 0.274283 381.6896276023483 1391.5905382482629
34 29 49 54 0.0505185 263.2707376277732 5211.372816448888
34 29 54 59 0.0272615 200.91823343207773 7370.035890617821
34 29 69 74 0.00528121 105.4746349765059 19971.67978105508
34 28 40 46 1.10609 402.01186761580806 363.4531255284905
34 28 46 52 0.178142 373.59750441935245 2097.1893456868816
34 28 52 58 0.0455373 220.59310994534647 4844.22901545209
34 28 58 64 0.0244703 193.76774605341896 7918.486739166212
34 27 41 48 0.89677 388.23540836155684 432.9264007064876
34 27 48 55 0.0969886 288.54591908437885 2975.0498417791255
34 27 55 62 0.0451488 225.56440331041824 4996.022115990198
34 27 62 69 0.0218437 177.98000436324514 8147.8872335385095
35 34 36 37 3.43913 210.319897743945 61.154971677123285
35 34 37 38 0.948904 231.54449403780785 244.01255979299052
35 34 38 39 0.462661 280.514457632648 606.3066859593698
35 34 39 40 0.214648 266.4610989292962 1241.3863578011265
35 34 40 41 0.176662 384.5013809436815 2176.4804029371426
35 34 41 42 0.0869185 306.13303426774524 3522.0699191512194
35 34 42 43 0.0559862 299.6461570229985 5352.143153544955
35 33 37 39 2.13798 258.48986408716775 120.90378024451479
35 33 39 41 0.716008 351.80788184971607 491.3463003901019
35 33 41 43 0.245105 306.01366409490674 1248.5002920989239
35 33 43 45 0.126997 332.8805355168843 2621.168496239158
35 33 45 47 0.0702854 332.19603078989076 4726.387425978806
35 33 47 49 0.0386221 389.9389779022204 10096.265555270698
35 33 49 51 0.0135688 266.2542546104081 19622.535125464896
35 32 38 41 1.77497 321.37246930810085 181.05797242099916
35 32 41 44 0.423937 318.1705333447803 750.5137162945916
35 32 44 47 0.166058 329.9247675047461 1986.8044147511478
35 32 47 50 0.0626039 362.11139509506603 5784.166722761138
35 32 50 53 0.0255424 277.85415873858875 10878.153922050738
35 32 56 59 0.0106203 185.76827848295613 17491.81082294814
35 31 39 43 1.45884 355.7576755813314 243.86339528757878
35 31 43 47 0.336062 350.9447722432532 1044.2857932264083
35 31 47 51 0.0715273 281.7939148008957 3939.6693961731494
35 31 51 55 0.039132 281.02710133256124 7181.516440063407
35 30 40 45 1.22053 375.8215550731512 307.9166878922691
35 30 45 50 0.233096 361.135633397044 1549.3000025613653
35 30 50 55 0.0507704 240.85133086337675 4743.932111296675
35 30 55 60 0.0232288 164.24540411615754 7070.765778523107
35 29 41 47 0.957365 360.0661985180317 376.1012764390088
35 29 47 53 0.143365 339.07384083234103 2365.108923602979
35 29 53 59 0.0418035 188.45256376561244 4508.057070953687
35 29 59 65 0.0220705 166.14461881886567 7527.904615612047
35 28 42 49 0.805426 372.74229450140143 462.7890017225685
35 28 49 56 0.0970623 264.80862832663195 2728.233601785986
35 28 56 63 0.037558 179.42117601836142 4777.1759949507805
35 28 63 70 0.0204141 157.59272992845973 7719.79807723386
36 35 37 38 3.40395 212.97791234516004 62.567873307528025
36 35 38 39 1.03016 257.3938329939947 249.8581123262354
36 35 39 40 0.447741 286.37420764986575 639.5979096170906
36 35 40 41 0.307504 393.62219365541654 1280.0555233604002
36 35 41 42 0.156778 354.8523662079033 2263.4066400126503
36 35 42 43 0.0860107 315.1386314862599 3663.9468285487724
36 35 43 44 0.0675437 384.757893082742 5696.429024213095
36 34 38 40 2.16329 269.71554986391425 124.67840643830196
36 34 40 42 0.723008 367.6792923865453 508.54111211292997
36 34 42 44 0.251114 329.8764698661027 1313.6522450604216
36 34 44 46 0.122946 334.22793462026766 2718.4937665338252
36 34 46 48 0.0837291 414.1803646456015 4946.671642781321
36 34 48 50 0.0194217 285.2435246011357 14686.846393525577
36 34 50 52 0.0135068 243.43760199927036 18023.336541539844
36 33 39 42 1.77588 335.0121909539576 188.64573673556637
36 33 42 45 0.426603 334.824371948155 784.8617378409316
36 33 45 48 0.172209 357.28744170193687 2074.7315279801687
36 33 48 51 0.0403845 301.9874439858582 7477.805692427992
36 33 51 54 0.0313226 306.14124692789864 9773.813378451938
36 33 54 57 0.0156777 190.16048263846636 12129.360980148005
36 33 57 60 0.0102729 171.68252010445 16712.176708081457
36 32 40 44 1.42134 358.90680301460776 252.5129828293074
36 32 44 48 0.324401 351.82138365902574 1084.52619954632
36 32 48 52 0.0620647 297.1044881101104 4787.012393681278
36 32 52 56 0.0340738 221.6719839057175 6505.643160014953
36 31 41 46 1.07924 345.42078918142437 320.0592909653315
36 31 46 51 0.20349 355.2739898638106 1745.9039258136054
36 31 51 56 0.0518469 224.1455278576934 4323.219476144059
36 31 56 61 0.023582 159.2419904685932 6752.692327563108
36 30 42 48 0.923108 361.62603298824695 391.748346876256
36 30 48 54 0.111478 295.84646719442696 2653.855174962118
36 30 54 60 0.0411552 175.53489374734875 4265.193553848571
36 30 60 66 0.0247404 175.53356022991213 7095.01706641413
36 29 43 50 0.756061 376.8793812759536 498.4774790340378
36 29 50 57 0.0991391 248.56726361149163 2507.2576169391455
36 29 57 64 0.0353253 160.52072068126702 4544.072398005595
36 29 64 71 0.0206289 150.87520197615265 7313.778338939675
37 36 38 39 3.09115 196.00807440208743 63.4094348064919
37 36 39 40 0.89436 232.74742261397674 260.23907891003256
37 36 40 41 0.509154 330.24743044230235 648.6199272563946
37 36 41 42 0.220121 287.65994696258497 1306.8264589138926
37 36 42 43 0.112108 258.7132927086778 2307.714817039621
37 36 43 44 0.0845222 322.4373439080884 3814.8243172573407
37 36 44 45 0.0539351 309.02602400497756 5729.590266912967
37 35 39 41 2.15771 279.1687144081305 129.38194400921833
37 35 41 43 0.576768 301.4545758096018 522.6617562167143
37 35 43 45 0.246487 335.546227621225 1361.3140961641993
37 35 45 47 0.122924 341.8952863875939 2781.3550355308475
37 35 47 49 0.0609347 390.05859393177656 6401.25567093588
37 35 49 51 0.0219856 284.81362971799246 12954.5534221487
37 35 51 53 0.0186706 301.0724509859934 16125.483433097674
37 34 40 43 1.71243 331.4515339711981 193.55625279351455
37 34 43 46 0.405436 330.5725268133968 815.3507010068095
37 34 46 49 0.150016 363.3438569150298 2422.0340291370903
37 34 49 52 0.0436341 292.32269114696766 6699.409203970465
37 34 52 55 0.0322489 276.26182996330755 8566.550485855567
37 34 55 58 0.0155362 177.43404759948936 11420.685083835775
37 33 41 45 1.19714 312.5416237224447 261.0735784640432
37 33 45 49 0.289897 350.80310468999966 1210.0956708417116
37 33 49 53 0.0652128 280.81910266691796 4306.196063762298
37 33 53 57 0.0374009 219.44769056557905 5867.444114060866
37 33 57 61 0.0226696 203.03061890836764 8956.074165771237
37 33 61 65 0.0148738 185.8957381585817 12498.200739460106
37 33 65 69 0.0104447 173.25617960514535 16587.951746354167
37 32 42 47 0.973969 322.7467993218532 331.37276373462936
37 32 47 52 0.173323 344.8312137599827 1989.5294551789589
37 32 52 57 0.0559646 218.67354264457563 3907.3546964433876
37 32 57 62 0.0310318 197.88072304626087 6376.707862459183
37 31 43 49 0.835226 351.7015468549956 421.0854868682196
37 31 49 55 0.117937 280.21824277498183 2375.9994130339232
37 31 55 61 0.0348972 140.88579429538578 4037.1661421370704
37 31 61 67 0.0234246 155.1526660621112 6623.492655674428
37 30 44 51 0.658338 350.36577424314885 532.1974035269859
37 30 51 58 0.106078 243.16905925572078 2292.3608972239367
37 30 65 72 0.0203209 139.3368904722774 6856.826738593143
37 30 85 92 0.00478776 99.99417902424462 20885.37834483028
38 37 39 40 3.40195 220.700313695373 64.87464944969004
38 37 40 41 1.24403 321.07339926349755 258.09136376413556
38 37 41 42 0.395671 256.2073228632776 647.5261590141245
38 37 42 43 0.192011 249.9956791934654 1301.986236171185
38 37 43 44 0.136234 319.43489565693824 2344.7516453817566
38 37 44 45 0.0733432 274.5790805918625 3743.756484471124
38 37 45 46 0.0498134 282.7794670420018 5676.7750653840485
38 36 40 42 2.37054 306.83092596461256 129.43503419668622
38 36 42 44 0.524181 277.3435564930339 529.0988351219023
38 36 44 46 0.214952 291.1515737680309 1354.4957654175394
38 36 46 48 0.124439 347.0754501326548 2789.1211769031797
38 36 48 50 0.0337547 298.87460703735786 8854.31086744536
38 36 50 52 0.0256887 288.65434751406445 11236.627291924638
38 36 52 54 0.0176926 238.50925812062118 13480.73534249467
38 35 41 44 1.45323 285.51540498691594 196.46952305341614
38 35 44 47 0.383586 313.8775065477628 818.2715389710855
38 35 47 50 0.12041 345.9031881172578 2872.7114701209016
38 35 50 53 0.0470825 276.4683776786242 5871.998676336732
38 35 53 56 0.0328403 243.347911266746 7410.039228227086
38 35 56 59 0.0194791 203.93371648060935 10469.360313392783
38 35 59 62 0.0125482 179.68673121144317 14319.721650232157
38 34 42 46 1.12045 298.2001745488858 266.1432233021427
38 34 46 50 0.259821 350.295505832831 1348.218603703438
38 34 50 54 0.0679619 255.20432647800868 3755.108766500181
38 34 54 58 0.0384501 205.59583802953728 5347.082010958028
38 34 62 66 0.0125387 142.80539668288083 11389.17086164282
38 34 66 70 0.00845803 129.39443257486593 15298.412582464938
38 33 43 48 0.972409 329.98213391032584 339.3450018565499
38 33 48 53 0.129915 293.29051358598406 2257.5569686793983
38 33 53 58 0.0606542 212.24977311308544 3499.341729230382
38 33 58 63 0.0334675 196.9840949121648 5885.832372067373
38 33 63 68 0.0227676 197.69874621167543 8683.33711992812
38 33 68 73 0.0113331 135.73380754522466 11976.759010793574
38 33 73 78 0.00641094 104.41762878232325 16287.413200298746
38 32 44 50 0.736045 327.65565924537384 445.15710214100204
38 32 50 56 0.118037 248.87715364721245 2108.4672911647403
38 32 56 62 0.0511521 192.35293635944052 3760.4113293381997
38 32 62 68 0.0282687 173.84116910512202 6149.598994828981
38 32 68 74 0.0197353 177.9201269142537 9015.324160983298
38 31 45 52 0.596281 337.6712188905438 566.2954527991733
38 31 52 59 0.106976 221.18216639595488 2067.586808218244
38 31 59 66 0.0352405 139.50360560373895 3958.615956179366
38 31 66 73 0.0213621 136.50027415410545 6389.834059109613
39 38 40 41 4.13046 258.7791629314886 62.65141483793297
39 38 41 42 0.872872 220.5245953973592 252.64253567230844
39 38 42 43 0.315638 200.0105856509148 633.6708053241841
39 38 43 44 0.185201 240.60362772580464 1299.1486424252819
39 38 44 45 0.0939661 212.51121340504318 2261.5731993244713
39 38 45 46 0.0662073 241.49553279900337 3647.566549292954
39 38 46 47 0.0492534 270.8699036070198 5499.516857861991
39 37 41 43 1.77449 226.08814336851734 127.41020990172802
39 37 43 45 0.490278 257.2961489772988 524.796439932648
39 37 45 47 0.200748 266.05740728060175 1325.3303010769807
39 37 47 49 0.0943954 322.73714434856737 3418.992285096174
39 37 49 51 0.0314694 230.8199600661775 7334.742958752867
39 37 51 53 0.0277905 263.40541115830575 9478.253761476251
39 37 53 55 0.0192093 210.38908305431582 10952.459644771847
39 36 42 45 1.24486 243.0578481266708 195.2491429772591
39 36 45 48 0.362487 293.4921307332173 809.6625002640573
39 36 48 51 0.0797239 277.7021600773602 3483.298735728686
39 36 51 54 0.050889 249.85520800474038 4909.807777805428
39 36 54 57 0.0270853 175.4920709139437 6479.236741477617
39 36 57 60 0.0223232 209.475023045448 9383.736339120198
39 36 60 63 0.0176012 223.4259957103286 12693.793361266766
39 35 43 47 1.05919 282.13836344459264 266.37181567480116
39 35 47 51 0.209302 316.0546576632314 1510.041268899635
39 35 51 55 0.0774908 246.5520392523141 3181.694333421698
39 35 55 59 0.043609 210.49226239446548 4826.8078239461
39 35 59 63 0.0253172 187.75817868279685 7416.230020807863
39 35 63 67 0.0175501 178.98086902863696 10198.282005722871
39 35 67 71 0.0119776 166.29858256016652 13884.132260232978
39 34 44 49 0.835691 295.08493640715835 353.1029248934814
39 34 49 54 0.13405 258.36305286276433 1927.3633186330796
39 34 54 59 0.0625431 196.51894421937172 3142.1362903241397
39 34 59 64 0.0348529 185.71620235155663 5328.572438780034
39 34 69 74 0.0112949 122.61649882341142 10855.917168227379
39 33 45 51 0.656942 307.28581664328783 467.7518207745704
39 33 51 57 0.12714 234.24203977233708 1842.3945239290315
39 33 57 63 0.0572236 196.4835336283497 3433.6101473579033
39 33 69 75 0.016639 137.38824732996648 8257.001462225282
39 33 81 86 0.0059202 125.56555582213898 21209.681399638353
39 32 46 53 0.522494 311.89080948908656 596.9270642133432
39 32 53 60 0.111042 204.71166680795733 1843.5516904230592
39 32 60 67 0.0511361 184.2954995025208 3604.019459882956
39 32 67 74 0.0247173 145.44285269843553 5884.253243616233
40 39 41 42 3.72673 238.1841197881656 63.91236279209001
40 39 42 43 0.695121 177.96814731042542 256.0247026207314
40 39 43 44 0.224895 146.75401797998575 652.5446007247193
40 39 46 47 0.0531984 193.83770085339088 3643.675389737114
40 39 47 48 0.0467839 261.898279248982 5598.042900420486
40 38 42 44 1.42079 182.47595033066955 128.4327383573009
40 38 44 46 0.374231 193.8641309869288 518.0333296464719
40 38 46 48 0.187706 247.36072343402373 1317.8093584329947
40 38 48 50 0.048546 225.32903122536098 4641.557105124232
40 38 50 52 0.0345744 213.8744184728189 6185.918438868611
40 38 52 54 0.0230642 178.55378825203576 7741.599025851136
40 38 54 56 0.0172809 163.17263239421322 9442.368880915534
40 37 43 46 1.04639 205.08093533784728 195.98900537834584
40 37 46 49 0.29744 266.2999240631927 895.306361159201
40 37 49 52 0.0773408 225.44644947981124 2914.9743664380408
40 37 52 55 0.0465006 188.55073210555355 4054.802133855338
40 37 55 58 0.03261073 188.42863651427953 5778.117708934438
40 37 58 61 0.0192117 160.45840679027307 8352.119114408046
40 37 61 64 0.0141601 158.7125712781854 11208.435765155995
40 36 44 48 0.902482 238.37154092485133 264.128858996469
40 36 48 52 0.143493 247.81342059481491 1727.0070358471487
40 36 52 56 0.0717174 192.61829539909846 2685.7958514823245
40 36 56 60 0.04192 181.5198995274395 4330.1502749866295
40 36 60 64 0.0272315 179.5912908589974 6594.983414758549
40 36 64 68 0.0173593 160.00863555835247 9217.458973481214
40 36 68 72 0.0117666 144.45424829710527 12276.634567088646
40 35 45 50 0.719996 267.1784723687656 371.08327319702556
40 35 50 55 0.136039 222.01419614581437 1631.9893276620262
40 35 55 60 0.0637295 180.7070992572222 2835.532983268694
40 35 60 65 0.0372908 178.2315512368218 4779.504629474878
40 35 70 75 0.0120974 120.05027672010922 9923.642825740179
40 34 46 52 0.5765 285.0946714597395 494.52675014698957
40 34 52 58 0.122338 196.06032451372207 1602.6118173725422
40 34 58 64 0.0540515 167.5892634311381 3100.5478743631184
40 34 64 70 0.0305402 155.4971138056773 5091.555189739337
40 33 47 54 0.442849 278.7853673656623 629.5269208368142
40 33 54 61 0.112601 187.0983151493824 1661.604383170508
40 33 61 68 0.0509427 167.1531751009167 3281.1997617110346
40 33 68 75 0.0254875 136.56325374917827 5358.048209874577
40 33 82 88 0.00596609 89.78901666164549 15049.893089384419
41 40 42 43 5.54169 346.14246056266313 62.46153439883197
41 40 43 44 0.920983 234.93286830965795 255.08925605538641
41 40 44 45 0.311118 195.6910557004475 628.9930370484751
41 40 45 46 0.147383 185.65749032852693 1259.6940646378955
41 40 46 47 0.0886546 195.4929001463915 2205.1072380495934
41 40 47 48 0.069601 250.8955012938263 3604.7686282356044
41 40 48 49 0.0220345 219.37413289099712 9955.938772878764
41 39 43 45 1.58803 203.1675689982113 127.93685824462466
41 39 45 47 0.376947 192.1255800742966 509.68857710579107
41 39 47 49 0.147484 236.48906502083008 1603.4896329149608
41 39 49 51 0.0472454 178.12249667929174 3770.1553310860263
41 39 51 53 0.0389632 200.71843758465326 5151.487495499683
41 39 53 55 0.0245029 153.02234837871083 6245.070925429676
41 39 55 57 0.0182466 151.60745453749786 8308.805724765043
41 38 44 47 1.02278 195.7908739559564 191.4300963608561
41 38 47 50 0.239362 243.9762281866371 1019.2771959903289
41 38 50 53 0.0816542 197.58500696685755 2419.777635037237
41 38 53 56 0.0493238 165.4205369966986 3353.767086005105
41 38 56 59 0.0304197 155.09441851757856 5098.486129632394
41 38 59 62 0.0222115 163.98970645283 7383.099135710331
41 38 62 65 0.0164161 161.75169730118648 9853.235378755398
41 37 45 49 0.818344 225.27559659043774 275.282273213267
41 37 49 53 0.144569 206.17315951047587 1426.1228860300332
41 37 53 57 0.0764029 172.37091893869425 2256.078223977025
41 37 57 61 0.0425798 163.46810735960182 3839.0999337620615
41 37 61 65 0.0285109 165.60712476151411 5808.5547899755575
41 37 65 69 0.0174158 143.05453720676655 8214.066376897217
41 37 69 73 0.0117327 127.51924332605967 10868.703991925104
41 36 46 51 0.635545 247.46759053142625 389.3785499554339
41 36 51 56 0.145543 198.8776293516161 1366.4527277273114
41 36 56 61 0.0697081 175.78086276168173 2521.6705484969716
41 36 61 66 0.0386381 162.93818320335924 4217.034046792136
41 36 66 71 0.0213983 136.63532852640776 6385.335682105951
41 36 71 76 0.0152471 137.10861532165148 8992.438911114343
41 36 76 81 0.0108823 136.2118610403923 12516.8265017866
41 35 47 53 0.490223 256.29205558217524 522.8070808227586
41 35 53 59 0.131999 182.1234313245727 1379.7334171059833
41 35 59 65 0.0608026 168.15743315006435 2765.6289887285143
41 35 65 71 0.0328496 149.94446300338495 4564.575002538386
41 34 48 55 0.346378 226.48566429450065 653.8685028913518
41 34 55 62 0.117466 175.2371166488823 1491.8113892435454
41 34 62 69 0.0515641 152.04042689008344 2948.5713294730913
41 34 69 76 0.0254957 124.04778230288557 4865.439360475906
42 41 43 44 5.60162 351.1437534909494 62.68610749942863
42 41 44 45 0.922052 227.53488631900376 246.77012393986865
42 41 45 46 0.295754 182.28779933910232 616.3493962519605
42 41 46 47 0.136446 167.89130395314677 1230.4596979988182
42 41 47 48 0.0792309 173.8868113876373 2194.6842884232956
42 41 48 49 0.0259018 165.1718142347697 6376.846946342328
42 41 49 50 0.0185158 142.92119476711616 7718.877648663097
42 40 44 46 1.67286 207.58957813636144 124.09261871068794
42 40 46 48 0.374431 187.28537687929716 500.18662151183304
42 40 48 50 0.0821882 174.10940630232486 2118.4234026578615
42 40 50 52 0.0553641 169.02670234441266 3053.0018973380343
42 40 52 54 0.0332139 135.3810465480244 4076.035832829761
42 40 54 56 0.0261472 137.1841144984597 5246.608221853954
42 40 56 58 0.0197025 142.98339137655267 7257.119217183234
42 39 45 48 1.0024 188.81736698147856 188.36529028479507
42 39 48 51 0.141533 171.37087921041808 1210.8192379898546
42 39 51 54 0.0845044 165.47574939889464 1958.1909273232475
42 39 54 57 0.0478236 137.16400036948738 2868.1236956123626
42 39 57 60 0.0317455 142.8542069970755 4499.982895121371
42 39 60 63 0.0218823 141.71212032169808 6476.107188078862
42 39 63 66 0.0132905 115.13776463065093 8663.162757657796
42 38 46 50 0.689029 199.97457598388374 290.22664646028505
42 38 50 54 0.147189 170.41431646813763 1157.7924740852757
42 38 54 58 0.0756296 147.03610840301053 1944.1608629823577
42 38 58 62 0.042941 144.9458614156782 3375.4654389902007
42 38 62 66 0.0254689 129.47175291018263 5083.523548727375
42 38 66 70 0.0189627 138.6249534464888 7310.401654115121
42 38 70 74 0.0122864 119.69485169327362 9742.060464682383
42 37 47 52 0.51636 213.90406776714931 414.2537527444986
42 37 52 57 0.138176 157.0135013900894 1136.3297634183173
42 37 57 62 0.0674726 150.1919201469639 2225.9690622113853
42 37 62 67 0.0385347 142.65670016444506 3702.032198627343
42 37 67 72 0.0234181 133.32781640998977 5693.36608905034
42 37 72 77 0.013033 106.09362289221124 8140.383863439825
42 37 77 82 0.00765561 88.44520408169687 11552.992391422351
42 36 48 54 0.353797 193.61516619452044 547.249315835127
42 36 54 60 0.129349 155.5068752277348 1202.227116001939
42 36 60 66 0.0633187 154.22709516620813 2435.7274417543017
42 36 66 72 0.0336678 137.25962358491816 4076.881280776236
42 36 72 78 0.0163195 102.16889560714051 6260.540801319925
42 36 78 83 0.0113591 126.67073578478448 11151.476418447279
42 36 83 89 0.00670713 89.05767760566032 13278.060452929987
42 35 49 56 0.344663 186.11624858797234 539.9948604520135
42 35 56 63 0.121683 161.0797405233294 1323.7653618281058
42 35 63 70 0.0535376 140.63538440979656 2626.8526121790396
42 35 70 77 0.0267778 118.09597655607533 4410.219530957559
42 35 77 83 0.0148016 120.38492663613995 8133.237395696408
42 35 83 90 0.00766249 81.18182287733701 10594.705229936615
43 42 44 45 7.99432 477.03498807365514 59.67174044492279
43 42 45 46 1.18142 283.75716806591765 240.18314237605395
43 42 46 47 0.341989 205.15283092370635 599.8813731544183
43 42 47 48 0.168087 205.16184086054835 1220.5693531358663
43 42 48 49 0.0417568 159.1829475659399 3812.1443110089835
43 42 49 50 0.0315464 151.0019109848973 4786.660632747233
43 42 50 51 0.0239013 143.4243828828896 6000.693806733926
43 41 45 47 1.95441 236.44974294151254 120.98267146684296
43 41 47 49 0.316039 186.5557093540946 590.29331618596
43 41 49 51 0.0868177 141.9066628174875 1634.5360775220663
43 41 51 53 0.0619208 151.4697012396119 2446.184500839975
43 41 55 57 0.0282791 127.7129702505724 4516.161060662199
43 41 57 59 0.0192639 121.68472842738471 6316.7234271037905
43 40 46 49 0.970109 193.82335373344932 199.79543920677915
43 40 49 52 0.164704 156.56356035079128 950.575337276516
43 40 52 55 0.0858211 133.14636935054912 1551.44095508621
43 40 55 58 0.0525588 130.60146276540164 2484.8638622914077
43 40 58 61 0.0274302 107.51913039082389 3919.7355611998414
43 40 61 64 0.0242323 136.3854285463468 5628.249425203006
43 40 64 67 0.0165088 125.35616591196447 7593.293632000174
43 39 47 51 0.598285 187.27140234104198 313.01370139823325
43 39 51 55 0.161261 149.86348375373595 929.3225501127735
43 39 55 59 0.0776625 131.53494915485436 1693.6738986622163
43 39 59 63 0.0431477 127.60648074812869 2957.4341331780997
43 39 63 67 0.0253734 113.38510922656424 4468.6604564845165
43 39 67 71 0.016957 111.03384519695325 6547.96515875174
43 39 71 75 0.0115931 101.94467439334147 8793.564654263439
43 38 48 53 0.380345 168.733510407575 443.63278183642484
43 38 53 58 0.145818 137.9942331517219 946.3456716710001
43 38 58 63 0.0712849 138.74847197595474 1946.3935837176562
43 38 63 68 0.0379396 124.7588852423586 3288.3553132441725
43 38 68 73 0.0183657 92.15168148166352 5017.5970140895
43 38 73 78 0.0155955 115.00469704239556 7374.2231440092055
43 37 49 55 0.373326 163.29300377679462 437.4005661989645
43 37 55 61 0.134565 141.59481158352816 1052.2410105415834
43 37 61 67 0.0639265 136.46407031915962 2134.7026713359814
43 37 67 73 0.0329367 119.95922554408301 3642.1142841900682
43 37 73 79 0.0168216 95.50302140080458 5677.404135207387
43 37 79 84 0.0105559 109.03263987059235 10329.070933846697
43 36 50 57 0.363213 161.06776090829393 443.4526322248761
43 36 57 64 0.124082 144.5162284418966 1164.6832614069453
43 36 64 71 0.0557685 130.26597318297007 2335.834264557413
43 36 71 78 0.0273949 109.00468637437652 3979.0138447074646
44 43 45 46 8.32738 505.9738211628908 60.76026567334393
44 43 46 47 1.25098 304.57425124589804 243.46852167572467
44 43 47 48 0.457368 282.2979346944606 617.2227499397871
44 43 48 49 0.0975753 209.63612789474027 2148.4548640356757
44 43 49 50 0.0634038 180.10060052130163 2840.5332254738933
44 43 50 51 0.0428333 159.31670119222306 3719.458953482993
44 43 51 52 0.0431072 206.78104504897286 4796.9027227231845
44 42 46 48 2.21822 270.0616612058813 121.74701391470698
44 42 48 50 0.235628 182.837249468394 775.9572269356528
44 42 50 52 0.1327 170.55043669164075 1285.2331325669988
44 42 52 54 0.0729097 139.21526276431507 1909.4203208121153
44 42 54 56 0.0459623 122.91128967713576 2674.176220013702
44 42 56 58 0.0313526 123.99332815549663 3954.8020947384466
44 42 58 60 0.0208926 116.01054340024982 5552.709734559117
44 41 47 50 0.980572 219.35764729257122 223.70376401995082
44 41 50 53 0.209081 157.55258890954187 753.5480933683208
44 41 53 56 0.103293 129.52684144542891 1253.9750171398732
44 41 56 59 0.0564056 122.52718473734731 2172.2521298833326
44 41 59 62 0.032714 113.1402408773996 3458.4655156018707
44 41 62 65 0.0230172 114.30786335544113 4966.193253542617
44 41 65 68 0.0156316 107.20094007962668 6857.963361372264
44 40 48 52 0.502385 175.26716528323607 348.8702196188901
44 40 52 56 0.18022 135.13778703272806 749.8490014023308
44 40 56 60 0.085218 126.39421554862946 1483.1868331647006
44 40 60 64 0.048694 126.38295199815067 2595.4522528063144
44 40 64 68 0.0255584 102.59384164614362 4014.0948434230477
44 40 68 72 0.0185496 107.34452033808162 5786.891379764611
44 40 72 76 0.0120943 97.94475278481528 8098.422627586158
44 39 49 54 0.464171 161.45650098846488 347.83840651067146
44 39 54 59 0.160153 130.13507383492563 812.5671940889376
44 39 59 64 0.071178 122.09403528480361 1715.333885256731
44 39 64 69 0.0382247 112.6470131035426 2946.9691875552353
44 39 69 74 0.0232113 104.4485388156347 4499.9004284824505
44 39 74 79 0.0125015 84.70424892112364 6775.526850467834
44 39 79 83 0.00706484 85.69385205936914 12129.623892313079
44 38 50 56 0.441226 155.582992772765 352.61519668551944
44 38 56 62 0.142933 132.21335021003165 925.0022752620573
44 38 62 68 0.0655767 124.5247617529685 1898.9177825808329
44 38 68 74 0.0321761 104.40910556456656 3244.927308299221
44 38 80 85 0.010575 102.74443126411107 9715.785462327289
44 37 51 58 0.428557 156.74585541252276 365.75264296819967
44 37 58 65 0.129258 132.62486728016512 1026.0476510557576
44 37 65 72 0.0561069 116.87865443285497 2083.142259380842
44 37 72 79 0.0263749 95.88571106581318 3635.490980660142
44 37 79 85 0.0136474 96.13830255151449 7044.440886287094
44 37 85 92 0.00776044 69.26785626280005 8925.764036936056
44 37 92 99 0.00522917 67.3334313307744 12876.504556320488
45 44 46 47 6.80674 403.47337905012853 59.27556790036472
45 44 47 48 1.20408 290.2411925533257 241.0480969315375
45 44 48 49 0.217405 220.23973267739746 1013.0389488622501
45 44 49 50 0.12769 185.2496323343383 1450.7763515885213
45 44 50 51 0.0831836 168.54483362648782 2026.1786413005427
45 44 51 52 0.0795246 219.11449322508858 2755.3045626773173
45 44 52 53 0.0436441 156.4144255417562 3583.861863155758
45 43 47 49 1.97684 273.7516446348724 138.47941393075433
45 43 49 51 0.317142 175.82575728620884 554.4070393899542
45 43 51 53 0.1907 187.3214646162407 982.2835061155778
45 43 53 55 0.100206 145.92037736848914 1456.2039934583672
45 43 55 57 0.0611558 138.69323558525554 2267.8672437488435
45 43 57 59 0.0365935 124.97975400926202 3415.353929229563
45 43 59 61 0.0234929 113.77610410952788 4842.999549205414
45 42 48 51 0.729712 187.38482394744327 256.7928497098078
45 42 51 54 0.298895 171.6905978592852 574.4177649652393
45 42 54 57 0.127139 131.9826091018247 1038.0969576748653
45 42 57 60 0.0630826 118.79870021194523 1883.2245375419723
45 42 60 63 0.039481 118.71562713075053 3006.905274201528
45 42 63 66 0.022837 99.49783178548468 4356.869631978136
45 42 66 69 0.0166342 103.0593477210594 6195.6299504069575
45 41 49 53 0.655169 170.5121674599774 260.25676956629115
45 41 53 57 0.224755 135.22394611226431 601.6504465407413
45 41 57 61 0.0929752 119.8273215221986 1288.809505354101
45 41 61 65 0.0494581 112.22244747942095 2269.04081392979
45 41 69 73 0.0179148 92.43742569343797 5159.835761126999
45 40 50 55 0.601966 160.95336613776885 267.37949674527937
45 40 55 60 0.182966 128.03812342464562 699.7918926174569
45 40 60 65 0.0810551 121.42041068789402 1497.9984071069434
45 40 65 70 0.0404473 105.63461576790571 2611.660500649134
45 40 80 84 0.00816632 93.05725190466327 11395.249256049638
45 39 51 57 0.559688 157.06000180842364 280.62063472581804
45 39 57 63 0.154938 124.92896495445301 806.3158486262441
45 39 63 69 0.0637422 107.51703214570662 1686.7480593030461
45 39 69 75 0.0326327 95.22783449015316 2918.1720939472725
45 39 86 92 0.00580165 59.72038675022835 10293.690027876268
45 38 52 59 0.473176 140.84375556606489 297.65616930289127
45 38 59 66 0.135449 121.5830314411279 897.6295981596608
45 38 66 73 0.058692 109.51534391479528 1865.9330729025298
45 38 73 80 0.0273348 90.87663679898394 3324.5766129250605
46 45 47 48 6.53843 390.80615078741624 59.7706407788133
46 45 48 49 0.678589 258.20645614494117 380.50492440187094
46 45 49 50 0.336327 211.08737844679635 627.625431341511
46 45 50 51 0.199213 193.93333426757846 973.4973835421306
46 45 51 52 0.176134 252.84005618473583 1435.4982921226783
46 45 52 53 0.0911454 181.66211213237565 1993.1023631732994
46 45 53 54 0.0737739 186.42361640720705 2526.95894357228
46 44 48 50 1.35951 230.51102976577556 169.55449372625105
46 44 50 52 0.539182 208.95914944619975 387.5484519998808
46 44 52 54 0.243795 173.01033084138012 709.6549594593002
46 44 54 56 0.134447 155.10432072140728 1153.6465724144628
46 44 56 58 0.0764919 145.6156693537952 1903.6743675316627
46 44 58 60 0.0443005 128.50460281057974 2900.748361995457
46 44 60 62 0.03151 130.95801291791432 4156.077845697058
46 43 49 52 1.15205 202.3879195880738 175.67633313491064
46 43 52 55 0.382544 163.82523144954595 428.2519957169527
46 43 55 58 0.165772 144.97727658195558 874.5582883837776
46 43 58 61 0.0780995 126.51380018160403 1619.9053794403808
46 43 61 64 0.0476896 124.34698171878708 2607.423457499897
46 43 64 67 0.0262309 100.69044285026806 3838.6194469220673
46 43 67 70 0.0166964 92.96214667752794 5567.795852850191
46 42 50 54 0.988907 186.89491541599335 188.9913969827227
46 42 54 58 0.288983 143.1373766086407 495.3141762963243
46 42 58 62 0.112406 124.97051731297901 1111.7779950623544
46 42 62 66 0.0555792 109.87161530061172 1976.847729017541
46 42 66 70 0.0315079 100.91822437233118 3202.949875184674
46 42 70 74 0.0187952 87.88973129674626 4676.1796254759865
46 42 74 78 0.0121659 83.02036586552664 6824.021721823016
46 41 51 56 0.867959 176.4917105793101 203.3410686211101
46 41 56 61 0.216914 130.21030446089375 600.2853871160632
46 41 61 66 0.0871565 113.68173357385686 1304.3402795414784
46 41 66 71 0.0432776 101.35742279054328 2342.029659466867
46 41 71 76 0.0226473 84.41855008909681 3727.5326457942806
46 41 76 81 0.0133064 75.71473203596689 5690.098902480528
46 41 81 85 0.00785846 84.74272243687389 10783.629672591564
46 40 52 58 0.684704 151.29885774611344 220.96972961471445
46 40 58 64 0.178705 124.65169271673294 697.5277284728068
46 40 64 70 0.0705274 105.40739464249951 1494.5594852851445
46 40 70 76 0.0336711 89.51848631664191 2658.614845272115
46 40 76 82 0.0161032 71.2174065501145 4422.562382018139
46 40 82 87 0.0097716 82.94270336018808 8488.13944084777
46 40 87 93 0.00643795 61.67872723166807 9580.491807433744
46 39 53 60 0.599636 144.80529470271904 241.4886609588468
46 39 60 67 0.154592 121.15421999684274 783.7030376529364
46 39 67 74 0.0573011 96.25203768236905 1679.7589868670766
46 39 74 81 0.0261645 80.26376519687223 3067.6590493558915
46 39 81 87 0.0147537 91.58448828191226 6207.56069880181
46 39 87 94 0.00709968 54.549472796401105 7683.370630282084
47 46 48 49 5.10503 422.5569439764607 82.77266616973077
47 46 49 50 1.55863 295.31706547179357 189.4722066634118
47 46 50 51 0.71425 258.78940155412454 362.3232783396913
47 46 51 52 0.543992 335.847508026791 617.3758217525092
47 46 52 53 0.243816 232.58219780338555 953.9250820429568
47 46 53 54 0.183779 242.08527777634333 1317.2630048936132
47 46 54 55 0.118499 217.5411848652039 1835.8060816142238
47 45 49 51 2.80569 263.2395145108976 93.82344967223665
47 45 51 53 1.05715 273.41887890747256 258.63773249536257
47 45 53 55 0.424575 211.8781299616079 499.0358121924463
47 45 55 57 0.212202 196.90167661104053 927.8973648271012
47 45 57 59 0.110284 174.36041166932677 1581.0127640394508
47 45 59 61 0.063638 156.2495034488847 2455.2862039800857
47 45 61 63 0.045031 158.99295027593215 3530.744382224071
47 44 50 53 2.17518 247.48589388895854 113.77720183569109
47 44 53 56 0.630918 198.02554014035363 313.8689023618816
47 44 56 59 0.237569 171.72633534408317 722.8482476420878
47 44 59 62 0.106196 146.1806201077866 1376.5171956362444
47 44 62 65 0.057455 128.813474178037 2241.988933566043
47 44 65 68 0.0352702 120.06026126924633 3404.014189577783
47 44 68 71 0.0212091 103.4293027627701 4876.647418455762
47 43 51 55 1.77358 234.13507476387844 132.01269452963973
47 43 55 59 0.420774 172.16966431939295 409.1737234700646
47 43 59 63 0.149218 141.95796929790654 951.3461465634613
47 43 63 67 0.0685061 118.16151101125448 1724.8319640331952
47 43 67 71 0.0365677 105.20749922334583 2877.060882236122
47 43 71 75 0.0212555 90.50185127266305 4257.808627068902
47 43 75 79 0.0127699 79.94891239548876 6260.731281802423
47 42 52 57 1.25189 188.8136715508189 150.8228930263992
47 42 57 62 0.289856 147.93625487764038 510.3784461168317
47 42 62 67 0.109129 123.57866448783886 1132.4090249872982
47 42 67 72 0.0487981 102.32022004054704 2096.8074584983237
47 42 72 77 0.0239176 81.69790736668364 3415.8070779126515
47 42 77 82 0.0146708 78.36217324105624 5341.37015302889
47 42 82 86 0.00890142 89.94261238412402 10104.299357195147
47 41 53 59 1.02734 176.2985096231616 171.60678025109664
47 41 59 65 0.220311 132.4771985365513 601.3190377990718
47 41 65 71 0.0812405 107.6937791332632 1325.6168922306388
47 41 71 77 0.0372223 89.8988924599637 2415.189079126322
47 40 54 61 0.821942 162.39297374936072 197.572302850275
47 40 61 68 0.184201 126.16927253227982 684.9543299562968
47 40 68 75 0.0660935 99.13202101516748 1499.8754947940038
47 40 75 82 0.0295531 83.90816368038 2839.233910499406
48 47 49 50 21.7887 505.4759574135749 23.198995691049717
48 47 50 51 5.14912 428.4972136461256 83.21756215549951
48 47 51 52 2.68191 526.0274489827087 196.13911316289835
48 47 52 53 0.883609 329.15993816974736 372.517638649841
48 47 53 54 0.561329 334.6438311675808 596.1634463346466
48 47 54 55 0.315545 292.5925465417669 927.2609185433674
48 47 55 56 0.221606 314.38563424372256 1418.669324132571
48 46 50 52 9.08933 422.8609915930153 46.522790083869246
48 46 52 54 1.8722 303.4714340399184 162.09349110133445
48 46 54 56 0.741759 273.20455274281335 368.31983534114636
48 46 56 58 0.337278 252.38628107401527 748.303420543336
48 46 58 60 0.170269 223.2466684564337 1311.1410089707092
48 46 60 62 0.100204 208.39198904654953 2079.6773486742
48 46 62 64 0.0736042 222.06647868152413 3017.035422999287
48 45 51 54 5.44143 375.749261085923 69.05340344099308
48 45 54 57 1.06036 252.60733280617217 238.2278969464825
48 45 57 60 0.352442 211.56665739319146 600.2878697578367
48 45 60 63 0.164153 192.05060718181372 1169.9488110592783
48 45 63 66 0.0862125 167.84310047083878 1946.8534199894304
48 45 66 69 0.0489798 150.23965223557965 3067.379863445332
48 45 69 72 0.0280747 121.77007562091515 4337.359815809791
48 44 52 56 2.99395 268.26876969278345 89.60362387240384
48 44 56 60 0.627246 211.25871591793728 336.8036080229085
48 44 60 64 0.227003 184.20621628594324 811.4704047344891
48 44 64 68 0.0921436 141.07550265977366 1531.0396235850744
48 44 68 72 0.0469773 119.31632221120182 2539.8718574971704
48 44 72 76 0.0256508 101.13911546028018 3942.9224609088283
48 44 76 80 0.015557 89.62199010933242 5760.8787111481915
48 43 53 58 2.2136 245.4625583032811 110.88839822157621
48 43 58 63 0.419491 181.3190124320243 432.23576294133676
48 43 63 68 0.14806 148.28690350544824 1001.5325105055265
48 43 68 73 0.0608194 113.61670899668836 1868.0998003381874
48 43 73 78 0.0314972 99.43093656889658 3156.8182749227417
48 42 54 60 1.60399 217.9975822691849 135.90956444191355
48 42 60 66 0.312662 161.96092065702896 518.0064115787303
48 42 66 72 0.105075 124.84028120455348 1188.1064116540897
48 42 72 78 0.0430936 95.92829802256979 2226.045120912845
48 42 78 83 0.0205188 92.50458872556035 4508.284535428989
48 42 83 89 0.00976454 57.482656972720484 5886.878129714301
48 42 89 95 0.0074208 64.3366741628325 8669.776056871562
48 41 55 62 1.24391 203.09243702898198 163.2693981308792
48 41 62 69 0.241921 145.39344892179355 600.9955684781129
48 41 69 76 0.0765442 104.01916528047684 1358.942483956679
48 41 89 96 0.00945209 65.05986232262704 6883.11921729766
49 48 50 51 15.2682 455.04931073543133 29.803730022886217
49 48 51 52 5.03862 601.7396734111463 119.42549218062611
49 48 52 53 1.14657 340.4493230505656 296.92851116858594
49 48 53 54 0.583177 330.1344984878015 566.0965684308565
49 48 54 55 0.29738 295.7085730785892 994.3794911513527
49 48 55 56 0.184398 306.0438965465836 1659.692060361737
49 48 56 57 0.113129 289.51812089502505 2559.185716262188
49 47 51 53 9.74967 499.36605395009406 51.21876473255957
49 47 53 55 1.75673 317.7891908777493 180.8981407944017
49 47 55 57 0.66014 302.0130455920759 457.49847849255605
49 47 57 59 0.281606 263.99268411600127 937.4540461353852
49 47 59 61 0.146648 241.78425514956868 1648.7388518736614
49 47 61 63 0.0870645 226.1724618181454 2597.7575454765765
49 47 63 65 0.060129 229.3775027409542 3814.756652213644
49 46 52 55 4.33595 311.21357619067896 71.77517641824258
49 46 55 58 1.01445 275.144183042562 271.22498205191187
49 46 58 61 0.336085 228.7801852898106 680.7212023440813
49 46 61 64 0.16452 217.2110562297305 1320.2714334411044
49 46 64 67 0.0750173 166.0435938925916 2213.404026705728
49 46 67 70 0.0442154 156.3013060360533 3534.996992813664
49 46 70 73 0.0266306 133.51994834866628 5013.7791994422305
49 45 53 57 3.0536 282.8627381111697 92.63254457400107
49 45 57 61 0.602213 221.97034318303187 368.5910851858593
49 45 61 65 0.219158 192.70124440301075 879.2799916179686
49 45 65 69 0.0898673 150.78493428964143 1677.862073186147
49 45 69 73 0.0463993 128.2924821010981 2764.9658960608913
49 44 54 59 2.1347 250.59430865967403 117.39087865258539
49 44 59 64 0.420784 192.96840177109968 458.5925362444857
49 44 64 69 0.135681 144.98547431614705 1068.5761036264994
49 44 69 74 0.0570398 113.0236565695019 1981.4876028580375
49 44 74 79 0.0314614 107.46685152341624 3415.831829588519
49 44 79 83 0.0141147 94.44254247046119 6691.07685395093
49 44 83 88 0.00852642 67.10358282935495 7870.077104969606
49 43 55 61 1.59658 230.8277096742593 144.5763504955964
49 43 61 67 0.311869 168.28279729078642 539.594500546019
49 43 67 73 0.0987932 123.74108774549767 1252.5263656354655
49 43 73 79 0.040876 96.81266327471114 2368.447579868655
49 43 79 84 0.021256 103.69670072555921 4878.467290438427
49 43 84 90 0.00854769 53.73427073778149 6286.408460973841
49 42 56 63 1.21423 207.89132510020096 171.21247630201935
49 42 63 70 0.234791 145.95022207769844 621.6176177012682
49 42 70 77 0.0740888 105.2281173370184 1420.2972289606312
49 42 77 83 0.0297876 93.65295062056134 3144.024715672338
49 42 83 90 0.0135831 62.900811264226675 4630.814119326713
49 42 90 97 0.00754061 54.85396013883309 7274.472508037558
49 42 97 104 0.00675907 69.6046699850983 10297.965546310113
50 49 51 52 23.3863 690.5977520081631 29.530013384253305
50 49 52 53 3.06996 358.7442167407662 116.85631628450085
50 49 53 54 1.15757 323.90032730243615 279.8105749997289
50 49 54 55 0.512362 289.7464450039032 565.5111913137649
50 49 55 56 0.277668 287.41187677642233 1035.0918246842355
50 49 56 57 0.159592 271.51059741357824 1701.279496551069
50 49 57 58 0.101759 267.0125517672776 2623.9698873542156
50 48 52 54 5.95803 345.0797479048421 57.91843074050351
50 48 54 56 1.27184 292.8763723551903 230.27768615170956
50 48 56 58 0.447197 275.176743291665 615.3367381526821
50 48 58 60 0.185132 234.8679308670758 1268.6511833020538
50 48 60 62 0.109427 245.92823097088655 2247.418196339903
50 48 62 64 0.0546537 193.30787573238868 3536.9586273644545
50 48 64 66 0.031637 166.19811526886096 5253.283031540948
50 47 53 56 4.11134 312.8008132792578 76.08244836945079
50 47 56 59 0.866828 272.6682903745029 314.5587018122429
50 47 59 62 0.287845 228.4628127851428 793.7008208763147
50 47 62 65 0.137925 212.20196010616 1538.5315215237267
50 47 65 68 0.069925 184.33027642336504 2636.1140711242765
50 47 68 71 0.0349321 144.39494276684272 4133.5889559128345
50 47 71 74 0.0187844 112.42316479333272 5984.921785808049
50 46 54 58 2.79938 279.4044068211792 99.80938880079844
50 46 58 62 0.563991 227.7157927685483 403.7578485623854
50 46 62 66 0.195836 187.90003779777967 959.4764895002944
50 46 66 70 0.0895637 167.01585175137853 1864.7716848609264
50 46 70 74 0.0397755 123.03511164942636 3093.238592837962
50 46 74 78 0.0257929 127.95284962269095 4960.7779514010035
50 46 78 82 0.011858 88.64609792034375 7475.636525581358
50 45 55 60 2.02332 255.5314448669486 126.29314437011871
50 45 60 65 0.413451 201.48001019961038 487.3129105978952
50 45 65 70 0.132063 150.72485578381003 1141.3102518026246
50 45 70 75 0.0529971 114.09675037240099 2152.8866744105053
50 44 56 62 1.5017 229.30691719877865 152.69822014968278
50 44 62 68 0.299259 169.15697930187818 565.2527720198162
50 44 68 74 0.089636 117.02725399252037 1305.5831807813868
50 44 74 80 0.0426392 107.92526361862294 2531.127779569573
50 44 80 85 0.0186122 99.09233766068724 5324.052914791762
50 44 85 91 0.00949476 63.374467693888704 6674.678211338539
50 44 91 97 0.00285913 28.723317617228417 10046.174051976795
50 43 57 64 1.17006 208.98344262916075 178.60916758897898
50 43 64 71 0.218352 140.96322474850672 645.5778960051052
50 43 71 78 0.0710158 105.60696702198676 1487.0911405910622
50 43 78 84 0.0275139 92.46821280151674 3360.781743101368
51 50 52 53 11.6848 340.84892877659746 29.170283511621722
51 50 53 54 2.56605 289.1295365326487 112.67494262880639
51 50 54 55 0.879495 251.95492636204412 286.4768149472642
51 50 55 56 0.417295 250.92490261145542 601.3129862841764
51 50 56 57 0.218285 235.81912359514394 1080.326745287784
51 50 57 58 0.127765 226.49844294510248 1772.7737873838885
51 50 58 59 0.0820611 219.0487750581383 2669.337543100669
51 49 53 55 5.11293 288.736748508458 56.471875912335584
51 49 55 57 1.07418 259.30317030113514 241.39638636088472
51 49 57 59 0.379151 239.23232597306776 630.968468955819
51 49 59 61 0.160343 205.48363513313578 1281.5254493999473
51 49 61 63 0.098621 219.62340048100944 2226.9435564535893
51 49 63 65 0.0426136 149.72587799428985 3513.5702685126307
51 49 65 67 0.0322261 165.98755173216725 5150.717950113953
51 48 54 57 3.0607 268.47109225025616 87.71558540538314
51 48 57 60 0.616783 234.2476992869803 379.7894872053547
51 48 60 63 0.239414 229.80904282939014 959.8813888468934
51 48 63 66 0.0850489 159.69909705668314 1877.7326579965543
51 48 66 69 0.0520563 172.2291211989899 3308.5163793621505
51 48 69 72 0.0280268 142.53541888276342 5085.682949275815
51 48 72 75 0.0147129 112.31252979558816 7633.609267757422
51 47 55 59 2.39836 267.07950034633876 111.35922061172585
51 47 59 63 0.491332 221.23724933451695 450.28056250054334
51 47 63 67 0.167563 180.19194242019236 1075.3683236764225
51 47 67 71 0.0729932 155.70861327741466 2133.1934108576506
51 47 71 75 0.0352154 125.3660326295354 3559.9775277161525
51 47 75 79 0.0223721 128.05841626139735 5724.023058246537
51 46 56 61 1.77834 242.27266011490323 136.2352869051493
51 46 61 66 0.372343 193.890298851963 520.7303450097437
51 46 66 71 0.127772 158.93134860382986 1243.86679870261
51 46 71 76 0.0522205 123.77289790389462 2370.197487651298
51 46 76 81 0.0259235 106.287405574676 4100.0407188333365
51 46 81 85 0.0122098 103.0833126014674 8442.6700356654
51 46 85 90 0.00560658 53.25270849737651 9498.25178582603
51 45 57 63 1.37355 221.7034302716051 161.40907158210848
51 45 63 69 0.271994 162.4360745094493 597.2046240337996
51 45 69 75 0.0860741 119.21357193483895 1385.0109607284764
51 45 75 81 0.0391052 106.64506572756245 2727.1325994385006
51 44 58 65 1.08749 201.74542784508165 185.51474298161972
51 44 65 72 0.21179 141.96684217752247 670.3189110794772
51 44 72 79 0.0662926 104.23594726293048 1572.361730614435
51 44 79 85 0.0254751 92.28104788681124 3622.401791820689
51 44 85 92 0.0130395 67.2568405728551 5157.9309461908115
51 44 92 99 0.00749185 61.287320613283775 8180.532260160544
52 51 53 54 17.3705 506.32855256107507 29.148760977581247
52 51 54 55 3.20107 379.5517289959175 118.5702683777354
52 51 55 56 1.12877 350.38031591749143 310.4089548069947
52 51 56 57 0.482896 306.9507513217803 635.6456697131065
52 51 57 58 0.250883 285.15481717379413 1136.6047806100617
52 51 58 59 0.15119 274.97391771620613 1818.7308533382243
52 51 59 60 0.0863561 237.2231273646393 2747.0338211734816
52 50 54 56 5.62634 334.72017591160284 59.49163682102448
52 50 56 58 1.0819 274.4023526816676 253.6300514665566
52 50 58 60 0.367629 237.4879943601803 645.9990761343101
52 50 60 62 0.193366 250.60074608087223 1295.9917776696639
52 50 62 64 0.0979041 217.22861028225415 2218.7897164904653
52 50 64 66 0.0524995 183.98509378398646 3504.5113531364386
52 50 66 68 0.0366756 194.12603485388124 5293.056823988734
52 49 55 58 3.16807 294.36663280508213 92.9167072713299
52 49 58 61 0.617077 238.35371194754717 386.2625117247072
52 49 61 64 0.234383 224.1087919445266 956.1648752022398
52 49 64 67 0.0987329 184.1760246741784 1865.3966881776835
52 49 67 70 0.049848 164.83587328352604 3306.770046612222
52 49 70 73 0.0286976 145.32554530536547 5064.031323363816
52 49 73 76 0.01578 121.64273860656317 7708.665310935563
52 48 56 60 2.08135 263.32518124346655 126.51653073412282
52 48 60 64 0.456273 233.98737918767483 512.823198365178
52 48 64 68 0.146105 183.40200249472863 1255.2753327725172
52 48 68 72 0.0617295 151.5581703103093 2455.198410975454
52 48 72 76 0.0298547 127.4814851481004 4270.064182460396
52 48 76 80 0.0168941 114.61536015285724 6784.342471801235
52 48 80 83 0.00864227 119.67403582758863 13847.523373788208
52 47 57 62 1.68287 249.82137938625647 148.44960061457894
52 47 62 67 0.358917 202.90490430966244 565.3254215031956
52 47 67 72 0.115757 159.6293720434406 1379.0040519661068
52 47 72 77 0.0478731 127.72546240529668 2668.0006601890555
52 47 77 82 0.0232169 109.05387951043194 4697.176604560986
52 47 82 86 0.0118467 113.91806709684639 9616.01687363117
52 47 86 91 0.0065145 69.39657489756995 10652.632573116884
52 46 58 64 1.35329 230.88927015046397 170.61329807392647
52 46 64 70 0.267959 170.33089048530033 635.6602707328373
52 46 70 76 0.0871462 130.9234884846248 1502.343056663685
52 46 76 82 0.0342168 102.08545489665617 2983.489247874032
52 46 82 87 0.0177106 113.49096280680305 6408.0811946971335
52 46 87 93 0.00858043 67.27086839802952 7840.034636729105
52 46 93 99 0.00540789 64.06097164972739 11845.834817225828
52 45 59 66 1.07301 207.4281037774786 193.31423171962854
52 45 66 73 0.218631 154.28593232334697 705.6910151046602
52 45 73 80 0.0649837 109.01540608397069 1677.5807792411124
52 45 80 86 0.0245182 96.78885370912519 3947.63293019574
53 52 54 55 14.4709 447.8377941764128 30.94747349345326
53 52 55 56 2.78935 355.6547829970559 127.5045379737415
53 52 56 57 0.868397 280.3187614664116 322.8002416710463
53 52 57 58 0.371499 243.53811401900433 655.5552343855685
53 52 58 59 0.191726 218.9646838170837 1142.0708918826017
53 52 59 60 0.103982 190.49097621861299 1831.9610722876362
53 52 60 61 0.0808216 221.13254397591479 2736.0574892839886
53 51 55 57 5.26423 334.5446216886276 63.55053287729214
53 51 57 59 0.968497 252.82677865912157 261.05065752307087
53 51 59 61 0.340004 222.16154840829242 653.4086316875462
53 51 61 63 0.18865 242.65585103897456 1286.2753831909597
53 51 63 65 0.0829172 183.1530611779693 2208.866932047504
53 51 65 67 0.0559446 192.7587376045904 3445.5289269132395
53 51 67 69 0.0330255 177.27791803970695 5367.910191812598
53 50 56 59 2.74592 264.89352796804457 96.46804275727064
53 50 59 62 0.565888 220.67225530444398 389.9574744550936
53 50 62 65 0.216894 205.7993076076013 948.8473983033247
53 50 65 68 0.0966325 180.6535994723604 1869.4911077780293
53 50 68 71 0.043973 141.93811494242198 3227.846972970277
53 50 71 74 0.028065 140.7220185386127 5014.1463936794125
53 50 74 77 0.0178065 137.40272389655635 7716.4363517005795
53 49 57 61 1.84586 238.90621988007953 129.4281364134222
53 49 61 65 0.416068 211.86709542100806 509.2126657685957
53 49 65 69 0.140137 174.89498585124383 1248.0286137939574
53 49 69 73 0.0604828 145.6205749863083 2407.636137650841
53 49 73 77 0.0262863 111.91698678836514 4257.616583100898
53 49 77 81 0.0168501 114.40287759575541 6789.447991154677
53 49 81 84 0.00899662 125.60240070122683 13961.065455829725
53 48 58 63 1.42665 230.19871228980787 161.35612258774603
53 48 63 68 0.283819 178.0463037434527 627.3234129619677
53 48 68 73 0.0972342 148.35818397013097 1525.7819159321614
53 48 73 78 0.0397402 120.90924953865975 3042.492225470927
53 48 87 92 0.00569661 69.50185729140699 12200.564421894247
53 47 59 65 1.20903 218.70294479392007 180.8912473585602
53 47 65 71 0.247035 168.51233936518415 682.1395323139803
53 47 71 77 0.0801707 131.28456554834347 1637.5629194748637
53 47 88 94 0.00794325 69.85869654232319 8794.724645746159
53 47 94 100 0.00533811 69.35410251833571 12992.25803108885
53 46 60 67 1.05394 211.5530946217521 200.72593755028947
53 46 67 74 0.193427 144.48824832173736 746.9911042498584
53 46 74 81 0.0662865 119.7056660265799 1805.883038425319
53 46 81 87 0.0233142 100.29089674496684 4301.708690195968
53 46 87 94 0.0108567 64.48315487003998 5939.480216828317
53 46 101 108 0.00480356 66.78596988383168 13903.432013721424
54 53 55 56 14.2238 428.4143077510668 30.11953962731948
54 53 56 57 2.67407 322.3377552835402 120.54200349412702
54 53 57 58 0.860296 261.25127414847356 303.67603028315085
54 53 58 59 0.370009 223.19624118663756 603.2184114079322
54 53 59 60 0.174723 184.53191106719206 1056.1397816383194
54 53 60 61 0.129092 216.80054390125787 1679.4266407001041
54 53 61 62 0.0851905 212.5318664748367 2494.783649289964
54 52 56 58 4.77178 294.3333526942531 61.682087752212624
54 52 58 60 0.842061 209.15136283123172 248.38029885154606
54 52 60 62 0.351682 217.1337864427737 617.4151262867412
54 52 62 64 0.16996 204.30484814515955 1202.076065810541
54 52 64 66 0.0802993 166.43569179205326 2072.6916896168864
54 52 66 68 0.0553589 184.5800352514098 3334.2431885642563
54 52 68 70 0.0305304 150.02314523828454 4913.893864419875
54 51 57 60 2.56286 240.91178228567495 94.00114804775717
54 51 60 63 0.617641 230.44595890701657 373.10664108602987
54 51 63 66 0.200395 181.32728595761162 904.8493523172316
54 51 66 69 0.100831 183.06462604154316 1815.5589654128507
54 51 69 72 0.048896 149.12944370941537 3049.9313585858836
54 51 72 75 0.0272555 133.0816134190813 4882.743424963082
54 51 75 78 0.0164164 121.39052318709884 7394.466703241808
54 50 58 62 1.75322 220.1061182257101 125.54392388046571
54 50 62 66 0.40168 195.9031258763841 487.70943506369275
54 50 66 70 0.144208 174.38963079819786 1209.292347152709
54 50 70 74 0.0588778 137.3680645145223 2333.104574466476
54 50 74 78 0.0280677 116.44308064595188 4148.650607137452
54 50 78 82 0.0157147 105.75297199200875 6729.5571657116425
54 50 82 85 0.0092216 125.54783545610108 13614.539283432494
54 49 59 64 1.34751 210.89425349464463 156.50663334197492
54 49 64 69 0.2878 175.26361968921245 608.9771358207521
54 49 69 74 0.0958087 140.43721715040542 1465.8086076776474
54 49 74 79 0.0406218 120.70451943313103 2971.422227304822
54 49 79 83 0.0179016 115.23759931130394 6437.279310860702
54 49 83 88 0.00991736 80.66237516531451 8133.452366891442
54 48 60 66 1.14192 213.05639180415338 186.57733624435457
54 48 66 72 0.229954 166.92951285497443 725.9256758089637
54 48 72 78 0.0694477 123.6031453206459 1779.8018555063147
54 48 78 83 0.0267831 112.89575593788757 4215.1862905297585
54 48 83 89 0.0117051 71.5101914089282 6109.31913515717
54 48 89 95 0.00791828 77.54684599965628 9793.395282770536
54 48 95 101 0.00398182 57.00048620771958 14315.184063498498
54 47 61 68 0.997432 204.5417820421322 205.06839768739343
54 47 68 75 0.181293 140.53603379524762 775.1873144315975
54 47 75 82 0.0575132 111.23299088474047 1934.0428090375856
54 47 82 88 0.0224689 102.93184209060607 4581.080608779516
54 47 88 95 0.0125437 80.87207380968138 6447.226401275651
55 54 56 57 15.0082 437.3992707350831 29.14401931844479
55 54 57 58 2.62709 306.5457891084553 116.68644359670029
55 54 58 59 0.74198 214.4118691030974 288.97257217593113
55 54 59 60 0.284679 164.68290456495077 578.4863111256916
55 54 60 61 0.175886 177.07904109259465 1006.7830361290532
55 54 61 62 0.118771 189.43423341745932 1594.9535948797209
55 54 62 63 0.083784 196.7218600889199 2347.964528894776
55 53 57 59 4.58984 270.28839559674395 58.888413451611385
55 53 59 61 0.769089 180.35960144844006 234.51070220538853
55 53 61 63 0.347661 199.84495210321495 574.8270645922751
55 53 63 65 0.14767 166.28256374101846 1126.041604530497
55 53 65 67 0.0799106 153.56471247910127 1921.7064129051876
55 53 67 69 0.0516007 164.79805209073285 3193.717373809519
55 53 69 71 0.0326337 148.30802606644707 4544.627978637024
55 52 58 61 2.25234 201.65159245521443 89.5298189683682
55 52 61 64 0.556297 195.5426491397307 351.50764634670094
55 52 64 67 0.194153 166.01736942458697 855.0852648405483
55 52 67 70 0.0899286 155.76012001907515 1732.0420869342472
55 52 70 73 0.0398096 115.56220235713458 2902.872733138102
55 52 73 76 0.0275829 130.12374589283374 4717.551305077919
55 52 76 79 0.018293 127.63258345348582 6977.126958589943
55 51 59 63 1.6384 197.11911292721703 120.31195857374085
55 51 63 67 0.372727 173.2494275800421 464.8158775190477
55 51 67 71 0.13713 160.0200145304167 1166.9220048889133
55 51 71 75 0.0561468 126.16499497112535 2247.0558423832767
55 51 75 79 0.0265156 105.64988318708045 3984.4424861998386
55 50 60 65 1.34425 201.6781632042141 150.0302497334678
55 50 65 70 0.283607 165.68287300099917 584.1988138550853
55 50 70 75 0.0926267 131.7756233834003 1422.652684197972
55 50 75 80 0.044178 126.93128431435447 2873.178602796742
55 49 61 67 1.07636 192.3346990970684 178.68993561361293
55 49 67 73 0.214505 150.87704848859477 703.3731077997938
55 49 73 79 0.0692811 120.03321001705159 1732.5534672089732
55 49 79 84 0.0274356 114.02604801541665 4156.1346577226905
55 49 90 96 0.0123202 117.09365051101048 9504.20046030182
55 48 62 69 0.8709 181.5404354468431 208.4515276688978
55 48 69 76 0.16806 135.88888069096046 808.5736087763921
56 55 57 58 16.549 481.5804888088948 29.10027728617408
56 55 58 59 2.67936 308.45473805616666 115.12254346417303
56 55 59 60 0.701287 202.01826585363582 288.0678892573737
56 55 60 61 0.361446 207.71413267622714 574.6754222656417
56 55 61 62 0.209302 208.85217375859776 997.8508268368089
56 55 62 63 0.13151 206.41253117971638 1569.5576851928856
56 55 63 64 0.0726387 169.35356644061608 2331.4509543895483
56 54 58 60 4.41142 254.30470584542266 57.64690413640567
56 54 60 62 0.86657 198.64038472669682 229.22601143207916
56 54 62 64 0.339949 189.56286064759408 557.6214686543984
56 54 64 66 0.143566 157.8510918479335 1099.5019144361027
56 54 66 68 0.0896951 173.56117416110274 1935.01288432816
56 54 68 70 0.0485128 147.76564026843224 3045.910363212023
56 54 70 72 0.031457 140.51457535731276 4466.8778128020085
56 53 59 62 2.2453 195.14705891480335 86.91357899381079
56 53 62 65 0.552145 186.19175146490898 337.21531747078933
56 53 65 68 0.202854 168.40045557630646 830.1559524402105
56 53 68 71 0.0881189 144.63211218442714 1641.3290699773504
56 53 71 74 0.0475761 132.93828194966105 2794.2240315969793
56 53 74 77 0.0253482 116.44148749123836 4593.678742129159
56 53 77 80 0.0153309 103.93600446390244 6779.510952644818
56 52 60 64 1.72667 200.60325339697258 116.17926610004956
56 52 64 68 0.369544 167.3145868020279 452.7595815438159
56 52 68 72 0.13019 144.40220197081342 1109.1650815793334
56 52 72 76 0.0558844 123.4059159833524 2208.2355001279857
56 52 76 80 0.0274332 105.42555058315341 3842.9913602187644
56 52 80 83 0.0145167 120.68781413112143 8313.722411506846
56 52 83 87 0.00904579 82.52053111872459 9122.534473907153
56 51 61 66 1.34155 194.38991324631914 144.89949181642066
56 51 66 71 0.292037 166.67419360708692 570.7297144097731
56 51 71 76 0.0945808 131.6292482515502 1391.7121471963674
56 51 76 81 0.0389247 108.94540665808096 2798.875949155188
56 51 81 85 0.0160337 101.37539742684915 6322.645267583224
56 51 90 95 0.00713488 81.96122313271364 11487.400367310122
56 50 62 68 1.06606 185.11609823095588 173.64510274370662
56 50 68 74 0.20921 141.70440039725807 677.330913423154
56 50 74 80 0.068761 117.13010530876483 1703.4380725813298
56 50 80 85 0.0253052 105.06517440995857 4151.920332973404
56 50 85 91 0.0108986 62.57384034052777 5741.456732105754
56 49 63 70 0.830689 168.4116023555099 202.73724866407272
56 49 70 77 0.164387 130.23330013297164 792.2360048724755
56 49 77 83 0.0478331 108.34357501486288 2265.033523122333
56 49 83 90 0.0190672 74.07683062745167 3885.0397870401357
56 49 90 97 0.00948918 64.90682981978868 6840.088376423325
57 56 58 59 12.6741 361.5695515065375 28.528223030158948
57 56 59 60 2.14348 245.0184447632014 114.30871515628856
57 56 60 61 0.797135 227.44477669120454 285.3278010515214
57 56 61 62 0.378214 214.84536140719888 568.0523761870235
57 56 62 63 0.226703 222.305295771605 980.6014731679995
57 56 63 64 0.115648 180.04515460950026 1556.837598657134
57 56 64 65 0.0739723 173.39494318740086 2344.0523437476036
57 55 59 61 4.00842 229.5182072245218 57.25902156573458
57 55 61 63 0.941888 213.12290407707704 226.27202393180193
57 55 63 65 0.313691 174.5272861358935 556.3668901431456
57 55 65 67 0.165621 180.3467269869844 1088.9121970461742
57 55 67 69 0.0868682 172.2936121660735 1983.3910702198673
57 55 69 71 0.0486234 146.6487223401608 3016.0112690630604
57 55 71 73 0.0305599 136.56345595667722 4468.714097777715
57 54 60 63 2.4854 212.23771853936418 85.39378713260007
57 54 63 66 0.510525 169.3860765549076 331.7880153859411
57 54 66 69 0.209145 174.1738880161693 832.7901122004795
57 54 69 72 0.0918884 147.29526599647573 1602.9799843775247
57 54 72 75 0.0475954 133.92992382901488 2813.925795959586
57 54 75 78 0.0245592 111.81847948162468 4553.017992508904
57 54 78 81 0.0146897 100.48428214367385 6840.458426222037
57 53 61 65 1.7565 198.59677029812303 113.06391704988502
57 53 65 69 0.383231 169.8703695754572 443.2584252721132
57 53 69 73 0.135023 144.91836938252436 1073.2865466070548
57 53 73 77 0.0557206 121.24548438007486 2175.9543935290512
57 53 77 81 0.0294596 111.93924217335697 3799.7543134786956
57 53 81 84 0.013817 114.42659484270808 8281.580288246949
57 53 84 88 0.00759426 67.44299856358025 8880.78608891192
57 52 62 67 1.33517 188.01803135297413 140.81954459205505
57 52 67 72 0.274483 153.87643554735283 560.6046113870543
57 52 72 77 0.090957 124.92879139097593 1373.4928745558443
57 52 77 82 0.0366979 102.3111538510598 2787.929386996526
57 52 82 86 0.018001 112.11774972951403 6228.417850647966
57 51 63 69 1.021 173.91433840926254 170.3372560325784
57 51 69 75 0.216397 143.12987250063804 661.4226283203466
57 51 75 81 0.0654298 109.85287578739963 1678.9425580912616
57 51 81 86 0.025883 107.48961101674293 4152.903875777264
57 51 86 92 0.0135696 75.83329592710434 5588.469514731779
57 51 92 98 0.0073355 67.61166120945569 9217.048764154548
57 50 64 71 0.843573 167.96220582754293 199.10808646974587
57 50 71 78 0.165165 128.73683022205162 779.4437696972822
57 50 78 84 0.0487941 110.37297939260246 2262.0148623010255
57 50 84 91 0.0195966 74.74604062593727 3814.2351543603113
57 50 91 98 0.0103139 69.73727880152269 6761.484870080443
58 57 59 60 12.085 350.3873990022927 28.99357873415744
58 57 60 61 2.41149 278.03250788447696 115.2949039326213
58 57 61 62 0.841027 241.15191446158948 286.7350447269701
58 57 62 63 0.415641 235.98450730492183 567.7604165732491
58 57 63 64 0.190448 188.30434424173475 988.7441414020349
58 57 64 65 0.113667 180.79198295861607 1590.540640279202
58 57 65 66 0.0754044 176.22859940335437 2337.1129457081333
58 56 60 62 4.42629 254.0035889880221 57.38521176606641
58 56 62 64 0.94945 214.09081132176084 225.4892951938078
58 56 64 66 0.314086 175.62114774959022 559.1498753513058
58 56 66 68 0.174571 196.7791677854497 1127.215676059882
58 56 68 70 0.0858871 167.18239893274847 1946.5367783141878
58 56 70 72 0.0511568 156.1845566974736 3053.0556386926783
58 56 72 74 0.0328023 149.81913636445245 4567.336325942158
58 55 61 64 2.58408 219.9042030279218 85.09961109095762
58 55 64 67 0.541912 180.57856638054264 333.2248896140751
58 55 67 70 0.197053 166.7126725517356 846.0296090480003
58 55 70 73 0.0933546 151.68376134020684 1624.8129319841428
58 55 73 76 0.0501791 145.2772170254124 2895.173827856865
58 55 76 79 0.0242642 111.00371058375863 4574.79375309133
58 55 79 82 0.0124417 88.76588593223362 7134.546398983548
58 54 62 66 1.74664 195.6786423033615 112.03146744799244
58 54 66 70 0.399398 177.82825220131082 445.2407177835413
58 54 70 74 0.134853 145.33728432189162 1077.7460221269946
58 54 74 78 0.0555166 121.92768393086585 2196.2383130607036
58 54 78 82 0.0264844 103.19130063630072 3896.3050186638443
58 54 82 85 0.0147067 122.80392389308783 8350.202553468
58 53 63 68 1.27531 178.35560576983585 139.85274621059654
58 53 68 73 0.279702 152.95940564734443 546.8656128570565
58 53 73 78 0.0897181 122.71570321512677 1367.7920421311505
58 53 87 92 0.0100581 72.47015313557581 7205.153372463568
58 52 64 70 1.02386 172.66363503727274 168.63988732568197
58 52 70 76 0.210304 138.60240159994325 659.0573721847576
58 52 76 82 0.0660841 110.39682791557284 1670.5505244918647
58 52 82 87 0.0257955 106.10695745183948 4113.390221233916
58 52 87 93 0.012169 66.99259395909873 5505.184810510209
58 52 93 99 0.00719911 64.53318460763595 8964.05036284151
58 51 65 72 0.867514 170.60583304580123 196.66061071729243
58 51 72 79 0.163756 127.31510838124726 777.4683576861138
58 51 79 85 0.0478879 109.299728057278 2282.40804164054
58 51 85 92 0.0207092 77.68874228971978 3751.4120434260994
58 51 92 99 0.01038759 68.88919343137994 6631.874518668905
59 58 60 61 13.361 380.763263584303 28.4981111881074
59 58 61 62 2.59958 294.95342134357384 113.46195206286163
59 58 62 63 0.977487 275.1191259675206 281.45553441377797
59 58 63 64 0.364936 205.287907571936 562.5312591027906
59 58 64 65 0.191332 189.9640884394806 992.8505866215825
59 58 65 66 0.119404 186.1816045482386 1559.257684401181
59 58 66 67 0.0972197 227.34421442363794 2338.458300361325
59 57 61 63 4.83331 274.38085067406905 56.76872591951873
59 57 63 65 0.863117 195.05553041761388 225.98967511659933
59 57 65 67 0.354504 197.3034937933633 556.5621087304045
59 57 67 69 0.162233 188.37846657190394 1161.1599771433923
59 57 69 71 0.0882724 170.80216112398787 1934.9441175722861
59 57 71 73 0.0556627 170.73723125406713 3067.3544627563365
59 57 73 75 0.0322284 151.1548467544168 4690.113277556963
59 56 62 65 2.67153 225.86550839800074 84.54537601973428
59 56 65 68 0.574995 193.41648111609697 336.379413935942
59 56 68 71 0.20535 171.7406236353579 836.3312570506837
59 56 71 74 0.09742 159.29466571602384 1635.133090905603
59 56 74 77 0.0460415 135.82653763999525 2950.0893246309365
59 56 77 80 0.027152 126.31418926441927 4652.113629361346
59 55 63 67 1.70025 190.2388609490439 111.88875809383555
59 55 67 71 0.384802 173.8220857365915 451.7182492206161
59 55 71 75 0.140843 153.59405571197092 1090.5338264022416
59 55 75 79 0.0529051 117.30392557379692 2217.2517502811056
59 55 86 90 0.00843827 74.09769167939807 8781.14728248777
59 54 64 69 1.30092 182.30407355849613 140.13473046651302
59 54 69 74 0.288727 156.6934962377625 542.7046872573833
59 54 74 79 0.0931028 128.61457430009943 1381.4254168521188
59 54 79 83 0.0369676 125.26071521024453 3388.39186775026
59 54 83 88 0.0170699 79.20485974236097 4640.030682216121
59 54 88 93 0.0108174 78.99476890104407 7302.565209851172
59 54 93 98 0.00712961 80.24840278423882 11255.651120361257
59 53 65 71 1.07221 179.22778145828627 167.15734926766794
59 53 71 77 0.216518 141.87525099707202 655.2584588674938
59 53 88 94 0.0142371 78.547276088542 5517.08396292377
59 53 94 100 0.00686221 60.05741662846153 8751.905964472311
59 52 66 73 0.903746 177.09790979155426 195.95982697744083
59 52 73 80 0.163055 126.6085219090018 776.4773966391818
59 52 80 86 0.0459621 106.15339585709633 2309.5854161819484
59 52 86 93 0.0210892 77.9689303500393 3697.1023248885353
59 52 93 100 0.0108188 70.32295142529995 6500.069455512621
60 59 61 62 11.5295 331.109131832298 28.718429405637533
60 59 62 63 2.59849 295.78474139640673 113.8294707296956
60 59 63 64 0.700737 199.32142315215137 284.44540983586046
60 59 64 65 0.301137 173.25407466925284 575.3330698959372
60 59 65 66 0.169108 167.53109503185388 990.6751604409837
60 59 66 67 0.126733 201.05885736027705 1586.4759562251113
60 59 67 68 0.0719696 180.6547772327893 2510.153971020949
60 58 62 64 4.64343 263.36254987717734 56.717243476735376
60 58 64 66 0.7824 177.9772310320367 227.47601103276676
60 58 66 68 0.353791 203.33163745304452 574.7224701958063
60 58 68 70 0.15311 174.03273695983734 1136.651668472584
60 58 70 72 0.0857407 167.54647506713027 1954.1066852396852
60 58 72 74 0.0492264 153.82329102444703 3124.8129260812702
60 58 74 76 0.0295652 143.4520734496967 4852.058279656377
60 57 63 66 2.22808 189.50545950751211 85.0532563945245
60 57 66 69 0.569183 196.01496407592762 344.3795125222075
60 57 69 72 0.203975 169.9108090352344 832.9982058351975
60 57 72 75 0.0902711 151.60458966581643 1679.436604470494
60 57 75 78 0.0441569 131.64524329697807 2981.3062804902083
60 57 78 81 0.0253567 121.28543513481337 4783.171119854452
60 57 81 83 0.0144691 157.69313358033926 10898.613844699343
60 56 64 68 1.62647 184.58263140126638 113.4866498621348
60 56 68 72 0.375237 168.05719647887838 447.8694704383587
60 56 72 76 0.130117 145.66213470532284 1119.4704358794227
60 56 76 80 0.0565187 126.22510071544852 2233.3334049694795
60 56 80 83 0.0264561 138.70755767168694 5242.9329217718005
60 56 83 87 0.0143129 87.10118003077552 6085.501892053709
60 56 87 91 0.00833898 73.2891333449946 8788.7407506667
60 55 65 70 1.30149 183.34429897428745 140.87261444520314
60 55 70 75 0.281868 155.5944188626272 552.0116468085316
60 55 75 80 0.0817243 114.32425556149076 1398.9016187534278
60 55 80 84 0.0349365 122.34521377062813 3501.9310397615136
60 55 84 89 0.0250029 117.05569154772567 4681.684586496993
60 55 89 94 0.0062986 47.14097306407428 7484.357327671909
60 54 66 72 1.07461 181.2501810379257 168.66601002961605
60 54 72 78 0.20673 137.28266188064362 664.0674400456809
60 54 78 83 0.0628315 122.25125384258068 1945.7000683189274
60 54 83 89 0.0261798 83.44047203358666 3187.208154133594
60 54 89 95 0.0138683 77.66374203000271 5600.0910010601665
60 54 95 101 0.00722291 63.23050741294102 8754.159668740303
60 54 101 107 0.00408796 53.721035550172566 13141.28209428971
60 53 67 74 0.837134 164.81458067219342 196.87956847075068
60 53 74 81 0.156672 122.51144036751677 781.9612972804124
60 53 81 87 0.0495267 115.60837739306788 2334.2636879313154
60 53 87 94 0.0190692 70.12244083703591 3677.261806317827
60 53 94 101 0.00912982 58.71880001473146 6431.539725288281
61 60 62 63 15.1968 434.25253117154125 28.575261316299567
61 60 63 64 2.45072 279.47137902790456 114.03643787454486
61 60 64 65 0.760142 219.19794329418974 288.36446781547363
61 60 65 66 0.361392 205.74472873196933 569.3117964204225
61 60 66 67 0.246736 246.58666875132576 999.3947731637286
61 60 67 68 0.133052 224.3331321887584 1686.0560697228032
61 60 68 69 0.081924 201.7469594970554 2462.611194485809
61 59 63 65 4.2118 240.80229251814433 57.173249565065845
61 59 65 67 0.904415 205.69599264074984 227.4354059151494
61 59 67 69 0.332732 197.5989705011077 593.8682498260091
61 59 69 71 0.163832 185.27683475388255 1130.8952753667327
61 59 71 73 0.0923455 181.48286894621089 1965.259476056883
61 59 73 75 0.0490359 157.38065058671793 3209.4985630266383
61 59 75 77 0.0299933 146.50825559462825 4884.6994360283215
61 58 64 67 2.37342 203.22161981363251 85.6239602824753
61 58 67 70 0.557816 195.27633092808233 350.0730185725801
61 58 70 73 0.211315 178.09403711336032 842.7893765864246
61 58 73 76 0.0893112 153.7788089257315 1721.8311804760378
61 58 76 79 0.0476334 142.0371514517652 2981.881441420625
61 58 79 82 0.0250396 124.24490998932541 4961.936691853121
61 58 82 84 0.0154058 168.37619607642753 10929.402957095868
61 57 65 69 1.75271 200.569184234669 114.43375357855493
61 57 69 73 0.401266 179.46361027853123 447.24350001876866
61 57 73 77 0.132123 150.7022972932866 1140.6212188134284
61 57 77 81 0.0573618 130.903252879181 2282.063200233971
61 57 81 84 0.0261231 140.99251913637974 5397.235363964451
61 57 84 88 0.0154271 94.47479830021896 6123.950599932519
61 57 88 92 0.00973919 87.23255457805745 8956.85930534854
61 56 66 71 1.40804 201.34518820605982 142.99678148778432
61 56 71 76 0.288181 161.46052020097676 560.2746891744312
61 56 76 81 0.0920333 130.08299553013532 1413.4340019333797
61 56 81 85 0.0366093 132.26993654686913 3613.0146314425338
61 56 85 90 0.0196422 92.3096085010089 4699.555472452623
61 56 90 95 0.00950674 72.24674077771564 7599.5284164409295
61 56 95 100 0.00594634 65.96598591339034 11093.54424963765
61 55 67 73 1.06586 182.49370635165369 171.21733281261487
61 55 73 79 0.207802 140.39468445712177 675.6175804714188
61 55 79 84 0.061046 122.19986877904005 2001.7670081420574
61 55 84 90 0.0281942 90.92353184731448 3224.9019957053038
61 55 96 102 0.00613667 54.20781122899505 8833.424516715913
61 54 68 75 0.861134 168.63004831150155 195.82323809244735
61 54 75 82 0.159328 126.36271873914194 793.0980037353255
61 54 82 88 0.0485445 113.3717737450459 2335.419537641667
61 54 88 95 0.0208287 77.67867135028695 3729.4056446291393
62 61 63 64 11.3855 329.2608757332543 28.919316299965242
62 61 64 65 1.99209 231.60135347745432 116.26048696467245
62 61 65 66 0.723651 207.39168909422935 286.59075865884154
62 61 66 67 0.42432 244.40326734266463 575.9880923422527
62 61 67 68 0.206297 219.1427279766951 1062.26812787726
62 61 68 69 0.119734 198.0313456411893 1653.9274194563725
62 61 69 70 0.0857775 204.5613733430046 2384.790572621079
62 60 64 66 3.83562 221.51992850150046 57.753356302631765
62 60 66 68 1.01182 236.89169443694547 234.12434468279486
62 60 68 70 0.348548 201.98595938748758 579.5068667371139
62 60 70 72 0.171893 195.83857589221884 1139.3051252361577
62 60 72 74 0.0890979 177.76383825689692 1995.1518302552242
62 60 74 76 0.0523687 173.10815447654159 3305.565241767346
62 60 76 78 0.032884 159.00164047576044 4835.228088911338
62 59 65 68 2.46496 213.32115249952062 86.54142562131662
62 59 68 71 0.552955 191.33707416329665 346.0264834630244
62 59 71 74 0.211712 179.55618968871957 848.1153155641606
62 59 74 77 0.0906079 158.81812477143498 1752.8065960190554
62 59 77 80 0.0482159 145.86764536987008 3025.301723495156
62 58 66 70 1.86701 216.67627951470268 116.05523243833866
62 58 70 74 0.396367 179.29439417715724 452.3444034875689
62 58 74 78 0.134089 155.3013059740831 1158.195720559353
62 58 78 82 0.0560484 131.69594531050512 2349.6825120878584
62 58 82 85 0.0279161 152.4267976621866 5460.175227276969
62 58 85 89 0.0145795 88.60367614280086 6077.278105751285
62 58 89 93 0.00970298 88.53920879270461 9124.950148583694
62 57 67 72 1.34426 195.2672060392362 145.25999883894204
62 57 72 77 0.283557 161.78678461397521 570.5617728145495
62 57 77 82 0.0918683 133.25166406146116 1450.464023623613
62 57 82 86 0.0377775 138.4732675049216 3665.495797893498
62 57 86 91 0.0183336 85.81546465485093 4680.775442621794
62 57 91 96 0.0108762 83.97695050418996 7721.166446386601
62 57 96 101 0.0065869 73.64639639378802 11180.736976997985
62 56 68 74 1.06878 181.87954905375472 170.17491818124844
62 56 74 80 0.212031 145.72697653180543 687.2908986506947
62 56 80 85 0.0629083 129.95340753147647 2065.759327965888
62 56 85 91 0.0270618 87.28783875134468 3225.5001053641918
62 56 91 97 0.0153621 88.58761507665595 5766.634449499479
62 56 97 103 0.00669487 59.194607628284125 8841.785968702025
62 55 69 76 0.879128 172.75831950467915 196.51099669749928
62 55 89 96 0.0162942 61.71993224520035 3787.8467335125597
63 62 64 65 9.30523 267.4358828608162 28.740383941161713
63 62 65 66 2.03916 231.23539188082808 113.39737533142475
63 62 66 67 0.939208 267.58315912625596 284.90298115673625
63 62 67 68 0.400851 240.6698852003351 600.3973676012661
63 62 68 69 0.211023 215.8591502397398 1022.9176451843629
63 62 69 70 0.142454 224.1898338852981 1573.7700161827545
63 62 70 71 0.0877025 210.12182082346695 2395.8475621956836
63 61 65 67 4.12766 235.14129691113692 56.96721554370683
63 61 67 69 0.93875 224.09012298090738 238.71118293572025
63 61 69 71 0.370872 210.54470734402764 567.7018144913276
63 61 71 73 0.182959 206.64361393128922 1129.4531230018158
63 61 73 75 0.0888137 179.30649572834494 2018.9058189034456
63 61 75 77 0.0519428 170.28339843312472 3278.286854638655
63 61 77 79 0.0330349 159.82440551767777 4838.047202131012
63 60 66 69 2.76496 241.79681999410954 87.45038626023869
63 60 69 72 0.613646 208.51035836680663 339.789322128404
63 60 72 75 0.218179 187.44260735307427 859.1230473742855
63 60 75 78 0.0951053 166.05636723660132 1746.0264279341038
63 60 78 81 0.0481892 147.62179862020304 3063.37931777666
63 60 81 83 0.0256659 189.36871117119014 7378.22212239548
63 60 83 86 0.0168294 116.58060502015165 6927.199128914379
63 59 67 71 1.8072 212.1430227099601 117.3876841024569
63 59 71 75 0.412465 187.38904529853758 454.3150213922092
63 59 75 79 0.135037 156.6399287595186 1159.9778487341885
63 59 86 90 0.0152844 91.91396709425129 6013.580323352653
63 59 90 94 0.0093196 85.72005040069185 9197.825056943628
63 58 68 73 1.3922 198.9692157774893 142.91712094346306
63 58 73 78 0.28339 163.19138752963622 575.8544321593431
63 58 87 92 0.0192062 89.39804947624474 4654.645347660898
63 58 92 97 0.0109132 84.88802379583795 7778.472290055891
63 58 97 102 0.00635847 70.73132243346166 11123.953157514568
63 57 69 75 1.12506 190.59451010227696 169.40830720341756
63 57 75 81 0.213599 147.957027160003 692.6859543350063
63 57 81 86 0.0655316 138.43973535986942 2112.5645545030097
63 57 86 92 0.0276826 88.84687338412083 3209.4844192424416
63 57 92 98 0.013613 79.091812445941 5810.02074825101
63 57 98 104 0.00796958 70.45708516245743 8840.75260709566
63 57 104 110 0.00460688 59.54877416260191 12926.052808538949
63 56 70 77 0.897694 177.92528765507765 198.2026031755561
63 56 77 83 0.162366 145.35055945596895 895.2031795817409
63 56 83 90 0.0528099 99.81481906648601 1890.0777897039382
63 56 90 97 0.0214876 82.0203683703642 3817.1023460211563
64 63 65 66 10.0463 286.32830105242124 28.50087107217794
64 63 66 67 2.44729 279.26233725919315 114.11084802340267
64 63 67 68 0.794093 237.5112809941824 299.09756287258847
64 63 68 69 0.358781 208.91609830536186 582.2942081809289
64 63 69 70 0.226738 222.41762556295103 980.9455210990263
64 63 70 71 0.127607 203.46692982832778 1594.480944057362
64 63 71 72 0.089332 209.90744549589039 2349.745281599991
64 62 66 68 4.58283 265.17431754236856 57.86256909865052
64 62 68 70 0.939121 215.90069553416308 229.89656874264668
64 62 70 72 0.369014 208.75540047535694 565.7113293136763
64 62 72 74 0.174243 197.42681414772244 1133.0544937112104
64 62 74 76 0.0853347 175.15800408694454 2052.599986722219
64 62 76 78 0.0522155 167.19999880921785 3202.1142919098324
64 62 78 80 0.0331185 160.38513427715006 4842.76565294775
64 61 67 70 2.54675 224.89717769984983 88.30752044757037
64 61 70 73 0.601305 204.5454351835966 340.16919064966464
64 61 73 76 0.203947 177.38539839841502 869.7622342982002
64 61 76 79 0.0948508 163.389652319261 1722.596460116952
64 61 79 82 0.0465158 145.70192113854435 3132.3103362415427
64 61 82 84 0.0252098 183.78298474865406 7290.140530613256
64 61 84 87 0.015418 107.0290894105295 6941.827046992444
64 60 68 72 1.82767 209.5759256124826 114.6683622385237
64 60 72 76 0.40221 185.05242568329396 460.08907208496544
64 60 76 80 0.140399 161.5304881989228 1150.5102472163107
64 60 80 83 0.0539157 164.49397903561754 3050.9476652555295
64 60 83 87 0.0285805 109.41036154946194 3828.1472174896153
64 60 87 91 0.0165047 97.6725629129184 5917.863572977297
64 60 91 95 0.00988659 91.68632679630161 9273.806923954731
64 59 69 74 1.43037 202.11187300036107 141.30041387917888
64 59 74 79 0.280815 163.07116276451222 580.7067384737718
64 59 79 83 0.0888136 156.10005867331603 1757.6143594372486
64 59 83 88 0.0385782 104.81440481748852 2716.933522494272
64 59 88 93 0.0209501 98.43858786069121 4698.716849117246
64 59 93 98 0.0128289 99.45968232672229 7752.783350616365
64 59 98 103 0.00321475 35.48686139721144 11038.762391231492
64 58 70 76 1.10676 188.97117589362773 170.74268666524605
64 58 76 82 0.213308 148.4744043118446 696.0564269124675
64 58 82 87 0.0664043 140.47110994150415 2115.391773446963
64 58 87 93 0.0285479 91.29222757585303 3197.8614040210673
64 58 93 99 0.0141249 80.85808868024822 5724.506982721876
64 57 71 78 0.902583 179.4410538204671 198.80836867132118
64 57 78 84 0.161309 146.9699251832549 911.1080298263265
64 57 84 91 0.0510168 96.48362084389981 1891.2127151036484
64 57 91 98 0.0242607 93.3486897647057 3847.7327432722755
64 57 98 105 0.010511 68.11348484384274 6480.20976537368
65 64 66 67 9.72828 282.6728388001094 29.0568156755469
65 64 67 68 1.85352 223.3425483075391 120.4964328993154
65 64 68 69 0.66738 194.81480092367318 291.9098578376235
65 64 69 70 0.359452 202.3936305757439 563.0616343092928
65 64 70 71 0.190878 191.5661793853941 1003.6053363163596
65 64 71 72 0.12826 202.61682394398522 1579.7351001402246
65 64 72 73 0.0808543 193.64151827835693 2394.943970553909
65 63 67 69 3.67306 218.8240212878593 59.57540069801726
65 63 69 71 0.905356 204.87802345299187 226.29553838820513
65 63 71 73 0.356929 201.5429147420283 564.6582786549378
65 63 73 75 0.156186 180.15285677837446 1153.4507368033912
65 63 75 77 0.077429 158.53580478976323 2047.4990609430995
65 63 77 79 0.0484857 156.16732079972334 3220.894424535963
65 63 79 81 0.0297008 146.32270226814182 4926.557610170158
65 62 68 71 2.37277 204.6821539285514 86.2629559243211
65 62 71 74 0.585686 198.72250243977433 339.2987068835081
65 62 74 77 0.19719 172.9179981176147 876.9105842974527
65 62 77 80 0.0916239 158.36132189427795 1728.3844269265767
65 62 85 88 0.0151655 102.6789471936141 6770.561286710897
65 61 69 73 1.81567 205.46563100314222 113.16243095008578
65 61 73 77 0.375522 174.19797537511215 463.8822102968991
65 61 77 81 0.131518 152.58247253199826 1160.1641792910345
65 61 81 84 0.0538829 166.82487826009984 3096.0634683749363
65 61 84 88 0.0271053 102.89882203850449 3796.26206087018
65 61 88 92 0.0168686 100.20089397261957 5940.083585633636
65 61 92 96 0.00943928 87.47725854349183 9267.365576981701
65 60 70 75 1.37356 195.71490471492197 142.48733562052038
65 60 75 80 0.275874 160.31307389943643 581.1097598883418
65 60 80 84 0.0863322 154.7039619331577 1791.9613068259316
65 60 84 89 0.0394628 106.6351034212852 2702.1676977124075
65 60 89 94 0.0179935 85.36297826867202 4744.100829114515
65 60 94 99 0.0112211 84.93200967662916 7568.955777653631
65 60 99 104 0.00638364 71.4548967655704 11193.440852800344
65 59 71 77 1.0854 185.94464009609186 171.31439109645464
65 59 88 94 0.0286728 92.6462788606994 3231.1556199847732
65 59 94 100 0.0140577 79.27278979742373 5639.100976505668
65 58 72 79 0.860567 172.95526439131413 200.97826710914333
65 58 79 85 0.156844 145.74547162408066 929.2384255953727
65 58 85 92 0.0509279 95.72191689460705 1879.557509628456
65 58 92 99 0.0216467 82.69287388940464 3820.114562007356
65 58 99 106 0.0144591 94.60426584352264 6542.887582458288
66 65 67 68 8.29846 243.20916102560025 29.30774638012357
66 65 68 69 1.75743 198.5139834086907 112.9569788888836
66 65 69 70 0.736684 200.94360004941387 272.76769965061527
66 65 70 71 0.347792 194.2209342540655 558.4399130919213
66 65 71 72 0.213544 206.0312888191079 964.8189076682459
66 65 72 73 0.123504 192.95785355139506 1562.361166856094
66 65 73 74 0.0701749 165.30764111867998 2355.6519655700254
66 64 68 70 3.52061 198.67138060617648 56.43095389894833
66 64 70 72 0.880752 197.62903932568477 224.3867051402492
66 64 72 74 0.323888 182.66744711552565 563.9833742390136
66 64 74 76 0.149543 174.55549706218483 1167.259564554575
66 64 76 78 0.0801284 159.55825877906145 1991.2822267643112
66 64 78 80 0.0477509 153.39928977149034 3212.490021580543
66 64 80 82 0.0255731 129.40289668928867 5060.117728757509
66 63 69 72 2.42029 202.18136322739963 83.53600734928443
66 63 72 75 0.54245 184.8971492253841 340.85565347107405
66 63 75 78 0.186044 161.20268909779884 866.4761513287118
66 63 78 81 0.0843654 146.38587290204984 1735.1410993375227
66 63 81 83 0.0413216 186.5285053273397 4514.067832013758
66 63 83 86 0.0246858 110.28477889967628 4467.539188508223
66 63 86 89 0.0155567 101.74485803561856 6540.259697469165
66 62 70 74 1.74905 196.96619857158265 112.61324637465061
66 62 74 78 0.367785 170.3988602430432 463.31106554928346
66 62 78 82 0.125399 147.02709279602806 1172.4742047068003
66 62 82 85 0.0536036 164.66837895323485 3071.9649231252165
66 62 85 89 0.0285792 105.66467849716705 3697.258093199496
66 62 89 93 0.0147209 87.4439784691293 5940.124480781019
66 62 93 97 0.0115733 105.95544519520308 9155.16276215108
66 61 71 76 1.35028 191.3978579041646 141.74679170554597
66 61 76 81 0.270008 155.29541934341057 575.1511782740162
66 61 81 85 0.0854526 154.75099958476736 1810.9571807618183
66 61 85 90 0.0383024 101.71497051340147 2655.5769485306787
66 61 90 95 0.0183205 86.41614007038568 4716.909476836641
66 61 95 100 0.0102167 75.35559071106093 7375.727065594657
66 61 100 105 0.00783756 88.55816161613974 11299.200467510263
66 60 72 78 1.04137 178.78825228941628 171.68561826192064
66 60 78 83 0.199918 158.6874245494864 793.7625653992455
66 60 83 89 0.0670463 107.28507547191352 1600.1639981910039
66 60 89 95 0.0278208 90.03511008069688 3236.251656339749
66 60 95 101 0.0144444 80.40013760478769 5566.1804993483765
66 59 73 80 0.823176 165.86723707404914 201.4966873111572
66 59 80 86 0.14901 140.53740277802441 943.1407474533548
66 59 86 93 0.0519302 96.45809459269566 1857.4566358823124
66 59 93 100 0.0208341 78.39124637280095 3762.641360692372
66 59 100 107 0.00984877 64.5857164949856 6557.744418337073
67 66 68 69 8.44601 232.0821524705645 27.47831845694766
67 66 69 70 2.23707 239.78531757173047 107.1872214869139
67 66 70 71 0.864841 238.76227309335007 276.0764962500044
67 66 71 72 0.465094 254.96432304077905 548.1995532962778
67 66 72 73 0.249345 242.86067147773085 973.9945516362102
67 66 73 74 0.135903 213.2148348673669 1568.8751158353157
67 66 74 75 0.0940315 226.76919145693617 2411.630054364082
67 65 69 71 4.18556 227.37128651785463 54.32278751656998
67 65 71 73 1.05114 232.17433221672775 220.87860058291736
67 65 73 75 0.352427 199.51233430833062 566.1096746512912
67 65 75 77 0.16573 190.31423863114046 1148.3390975148764
67 65 77 79 0.0906094 178.94497280719588 1974.9051732733674
67 65 79 81 0.0495732 159.67243809365726 3220.942729007957
67 64 70 73 2.66511 222.329044762956 83.42208943081374
67 64 73 76 0.558983 192.0521380082167 343.57420173460855
67 64 76 79 0.20706 176.12115585519723 850.5802948671749
67 64 79 82 0.0872482 153.9864701964547 1764.9243216072618
67 64 82 84 0.0461648 204.7985521427907 4436.249093308987
67 64 84 87 0.0254525 113.3728162806247 4454.290002185432
67 64 87 90 0.0157576 100.88272221025707 6402.162906169536
67 63 71 75 1.91826 214.76836396472655 111.95998663618411
67 63 75 79 0.381168 175.16510731853663 459.5483023720161
67 63 86 90 0.0305506 110.41517837696905 3614.1738092531423
67 63 90 94 0.0151404 89.57721785611628 5916.436676449518
67 63 94 98 0.0118159 106.29461408401345 8995.896553289504
67 62 72 77 1.39463 198.2277556933548 142.13644887414927
67 62 77 82 0.277803 160.7942016920468 578.8065704547712
67 62 82 86 0.0904865 162.81959226451033 1799.3799325259606
67 62 86 91 0.0391196 101.36767376288114 2591.2246997127054
67 62 91 96 0.0211996 99.59141449203857 4697.796868433299
67 62 96 101 0.0113249 82.50876049082679 7285.606097257087
67 61 73 79 1.06447 183.0084966701952 171.9245226922273
67 61 79 84 0.204002 163.4059327416992 801.0016212669444
67 61 84 90 0.0701208 111.25139387868884 1586.5676643547827
67 61 90 96 0.0278499 89.365227846265 3208.8168304469673
67 60 74 81 0.869653 175.89334261128212 202.25692616627796
67 60 81 87 0.158135 150.0995213191318 949.1859570565139
67 60 87 94 0.0543138 99.87663284546824 1838.8813311804408
67 60 94 101 0.0223987 83.1280025804975 3711.286930960167
67 60 101 108 0.0103273 67.34929534280025 6521.481446534936
68 67 69 70 7.1799 206.285579412646 28.730982243853813
68 67 70 71 1.7941 212.42710383906805 118.40315692495851
68 67 71 72 0.790556 231.9966447993287 293.46010250928293
68 67 72 73 0.36889 220.00396262495565 596.3944878553381
68 67 73 74 0.186283 195.8645027694548 1051.43519682126
68 67 74 75 0.120563 207.53252118100383 1721.361621567179
68 67 75 76 0.0710428 185.6987691705807 2613.8999190710488
68 66 70 72 3.91627 226.37821846147557 57.80454832314309
68 66 72 74 0.941189 219.29309512779125 232.99581181653338
68 66 74 76 0.345059 207.30746085668454 600.7884473573637
68 66 76 78 0.164661 192.27056915893186 1167.6752185334224
68 66 78 80 0.0907675 186.71796837989055 2057.1015879019533
68 66 80 82 0.0449681 155.02966903275524 3447.5476845309286
68 66 82 83 0.0300904 291.1811206069166 9676.877695441623
68 65 71 74 2.60618 224.1928134884301 86.0235338650554
68 65 74 77 0.55699 197.781312742849 355.0895217918616
68 65 77 80 0.202084 176.0275030696517 871.0610591123082
68 65 85 88 0.0242209 106.95601340037973 4415.8562811613
68 65 88 91 0.015537 101.03487636619516 6502.856173405108
68 64 72 76 1.76077 205.06948979020586 116.46580177434069
68 64 76 80 0.382755 177.5303639886616 463.8224555882003
68 64 80 83 0.118214 178.00619271744168 1505.7962061806695
68 64 83 87 0.0560709 118.83111684757623 2119.301042922019
68 64 87 91 0.0298176 107.37688872276138 3601.124460813794
68 64 91 95 0.015967 96.42072080237983 6038.74997196592
68 64 95 99 0.0096637 85.47212949357946 8844.658825665061
68 63 73 78 1.29858 189.7174263202408 146.09606363892928
68 63 87 92 0.0405901 105.01793880123284 2587.2796273286554
68 63 92 97 0.02214465 105.2123783249183 4751.142073815496
68 62 74 80 1.04795 184.39570192307355 175.9584922210731
68 62 80 85 0.195302 161.0298603450174 824.517211011753
68 62 85 91 0.0682434 107.72250659704798 1578.5043915902195
68 62 91 97 0.0315845 102.51406688388549 3245.708080985467
68 61 75 82 0.829758 170.81575012514415 205.86213103717486
68 61 82 88 0.157426 149.3855893888287 948.9257771195906
68 61 88 95 0.0552999 102.91751397468563 1861.0795674980538
68 61 95 102 0.0219898 81.37660212012928 3700.6522169428226
69 68 70 71 6.98461 204.90328187374192 29.33639557165567
69 68 71 72 1.96597 227.23713020587712 115.58524809934899
69 68 72 73 0.727056 212.8945815093265 292.8173091334457
69 68 73 74 0.318349 188.00357131736953 590.5580709139012
69 68 74 75 0.190881 201.65065725205005 1056.4207922844603
69 68 75 76 0.108223 184.97343041252194 1709.1877919898907
69 68 76 77 0.0746745 184.64470755159047 2472.66078181428
69 67 71 73 3.85253 224.62313953158431 58.30535765628933
69 67 73 75 0.816686 195.75771125718833 239.69764543188975
69 67 75 77 0.306184 185.6339185364316 606.2822307384827
69 67 77 79 0.146912 174.5679112579945 1188.248143500834
69 67 79 81 0.0765438 161.96758524100034 2116.0118159929393
69 66 72 75 2.39241 210.9240249764533 88.16382851453275
69 66 75 78 0.526438 188.1147531083173 357.3350577054037
69 66 78 81 0.192788 171.49780668871983 889.566812709919
69 66 81 83 0.0818874 212.5663216651117 2595.836742467238
69 66 83 86 0.0463241 128.01611239375276 2763.4883871192915
69 66 86 89 0.0247824 107.41090360667735 4334.160678815504
69 66 89 92 0.016929 111.60711830590124 6592.658651184432
69 65 73 77 1.64265 194.19916110819943 118.22309141216903
69 65 77 81 0.362942 170.3166439732914 469.26683594979755
69 65 81 84 0.120188 184.09482505211278 1531.7238414160547
69 65 84 88 0.0544149 114.63696908166311 2106.720201298966
69 65 88 92 0.0307987 111.56632376582914 3622.4361341819344
69 65 92 96 0.0154179 93.25155430599806 6048.265607248592
69 65 96 100 0.00936586 81.4911912851424 8700.876511622255
69 64 74 79 1.27596 188.97934091672388 148.10757462359626
69 64 79 83 0.253891 176.42510550476476 694.8852283254025
69 64 83 88 0.0882279 115.7111596469822 1311.503046621105
69 64 88 93 0.0391866 102.29954035135374 2610.574542097394
69 64 93 98 0.0208579 98.71861075343824 4732.912266020944
69 64 98 103 0.0106768 77.01063911337083 7212.895166470368
69 63 75 81 0.989656 175.06558693811115 176.89539288208343
69 63 81 86 0.193418 162.20079157899892 838.6023616157695
69 63 86 92 0.0688223 107.3389345497531 1559.6534052153604
69 63 92 98 0.0299309 97.25417124489574 3249.2899059131446
69 62 89 96 0.0530613 99.07156985573585 1867.115390232351
69 62 96 103 0.0218471 80.27214212999344 3674.2699090494134
69 62 103 110 0.0109513 68.71724647828916 6274.802669846425
70 69 71 72 8.80537 248.63631141512997 28.236895373519793
70 69 72 73 1.93633 220.80109323292004 114.03071440969258
70 69 73 74 0.684977 196.4034612919733 286.73000887909126
70 69 74 75 0.367767 215.2259732770306 585.2237239258296
70 69 75 76 0.193326 200.02795256743832 1034.666586840044
70 69 76 77 0.123835 197.47314769364638 1594.6472943323486
70 69 77 78 0.0780202 186.07853348884572 2385.004569186515
70 68 72 74 3.66592 211.1026428464874 57.58517448457343
70 68 74 76 0.86055 204.5563685417415 237.70422234819767
70 68 76 78 0.325196 187.4851659293939 576.5297418461295
70 68 78 80 0.154572 179.23088596253157 1159.5300957646377
70 68 80 82 0.070658 149.81676985429414 2120.3086678690897
70 68 82 83 0.0452372 283.1407682421332 6259.025055532466
70 68 83 85 0.0301521 127.36778746688505 4224.176341511372
70 67 73 76 2.24193 198.35857229279824 88.47670190095063
70 67 76 79 0.52901 184.84809689696925 349.42268935742095
70 67 79 82 0.180798 163.15767300545244 902.4307404144539
70 67 82 84 0.0832541 211.92017831547736 2545.462365402753
70 67 84 87 0.0437331 120.3399328223607 2751.689974466953
70 67 87 90 0.0250121 106.02078016001708 4238.779637056348
70 67 90 93 0.0159068 104.18208610346747 6549.531401882684
70 66 74 78 1.69661 200.49025198970145 118.17108940163116
70 66 78 82 0.360869 171.00933071013455 473.88202009630794
70 66 82 85 0.126177 191.5754155809517 1518.306946439935
70 66 85 89 0.0549779 112.8760980255084 2053.1176713826535
70 66 89 93 0.0306978 111.36940496148475 3627.9278958584896
70 66 93 97 0.0166149 99.45753169051886 5986.044555821514
70 66 97 101 0.0100026 85.59290000786734 8557.065163844134
70 65 75 80 1.2739 186.5904629166064 146.47182896350296
70 65 80 84 0.247879 173.6373017478662 700.4921826692305
70 65 84 89 0.0877509 113.21271474669786 1290.1601550149098
70 65 89 94 0.0408222 106.4626516989242 2607.9596812255145
70 65 94 99 0.0226026 103.43992858672863 4576.461494992993
70 65 99 104 0.0105185 76.23580830248953 7247.783267812856
70 65 104 109 0.018463 201.03559323336455 10888.565955335782
70 64 76 82 1.00352 175.67870373261295 175.0624837896733
70 64 82 87 0.197518 163.7540046410932 829.0586409395255
70 64 87 93 0.0685489 105.24398851383042 1535.3125799805748
70 64 93 99 0.0294625 93.3813816471156 3169.4995892105426
70 63 77 83 0.802009 176.87019344523316 220.53392598491183
70 63 83 90 0.160042 115.8723197448453 724.0119452696499
70 63 90 97 0.0555897 102.93602699941272 1851.71042476237
70 63 97 104 0.0196029 70.83742969038295 3613.619907788284
71 70 72 73 7.61656 221.92274101882404 29.136872947738095
71 70 73 74 1.57979 184.1953596161967 116.59483831154564
71 70 74 75 0.690489 204.34974739344023 295.94931619973704
71 70 75 76 0.316985 189.4827623499868 597.7657061059256
71 70 76 77 0.186674 188.12725811584846 1007.7850054954008
71 70 77 78 0.112044 180.19160185105113 1608.221786539673
71 70 78 79 0.0737029 178.58200300185413 2422.9983216651467
71 69 73 75 3.3221 193.685690745187 58.302185588991
71 69 75 77 0.822058 193.02735719380823 234.8099005104363
71 69 77 79 0.316631 181.35133837240198 572.7529470342512
71 69 79 81 0.145271 168.78229618004352 1161.8443886256962
71 69 84 86 0.0302099 127.4368407125383 4218.38009104758
71 68 74 77 2.25294 199.68344508334533 88.63238483197303
71 68 77 80 0.517842 179.30881629167934 346.2616324895998
71 68 85 88 0.0410999 108.44850385908455 2638.6561490194513
71 68 88 91 0.0267453 111.44977179564452 4167.07876881712
71 68 91 94 0.0162456 105.88269337433786 6517.622825524319
71 67 75 79 1.59066 187.23141693080893 117.70674872745208
71 67 86 90 0.0540551 108.72292287668736 2011.3351538834886
71 67 90 94 0.0280966 101.82979558145843 3624.2746660257267
71 67 94 98 0.0165886 97.92667061625336 5903.251064963491
71 66 76 81 1.25455 181.95850738600888 145.03886444223735
71 66 81 85 0.251617 178.45306197458027 709.2249807230047
71 66 85 90 0.088484 112.36551092610547 1269.896375910961
71 66 90 95 0.0404963 105.25547832724416 2599.1381515655544
71 66 95 100 0.0194047 86.82049481910524 4474.199282601908
71 66 100 105 0.0123072 90.37896270120098 7343.584462851093
71 66 105 110 0.0111753 114.9775526019078 10288.542822287347
71 65 88 94 0.0690855 106.1538298117318 1536.5573066957872
71 65 94 100 0.0292205 90.42617976853334 3094.6143895050855
71 65 100 106 0.0149933 82.12786831993891 5477.637899591078
71 64 78 84 0.783856 174.32609768993242 222.395564606168
71 64 84 91 0.156904 112.48387313029436 716.8961475188291
71 64 91 98 0.0526416 97.25911303618443 1847.5713700986375
71 64 98 105 0.0224087 80.36212956256936 3586.2022144332054
72 71 73 74 6.35491 180.23377647663045 28.361342092434107
72 71 74 75 1.81103 207.8663278304907 114.77795941010955
72 71 75 76 0.676794 195.7104386323951 289.17283343586837
72 71 76 77 0.36065 201.28059852839712 558.105083955073
72 71 77 78 0.200317 195.62882956431017 976.5962427767497
72 71 78 79 0.120867 189.90396224255656 1571.181234270368
72 71 79 80 0.0804996 190.2878650385546 2363.836156186547
72 70 74 76 3.49556 202.965117507535 58.063691513673064
72 70 76 78 0.860477 194.2464142003819 225.74271502943355
72 70 78 80 0.327073 185.80777728730243 568.0926804942702
72 70 80 82 0.132299 156.55328746698996 1183.3293333055424
72 70 82 83 0.0762325 285.8248895357446 3749.3836557340323
72 70 83 85 0.0488825 129.84343383036898 2656.235540947557
72 70 85 87 0.0290015 119.24335660321513 4111.627212496427
72 69 75 78 2.24921 194.3374072347107 86.40251787725943
72 69 78 81 0.520023 178.3664862262826 342.9973024775493
72 69 81 83 0.177665 216.5198004965964 1218.6969886955585
72 69 83 86 0.0877001 127.14061164261045 1449.7202585015348
72 69 86 89 0.0431187 108.26282985997436 2510.8092280141645
72 69 89 92 0.027589 113.09034313983602 4099.109903941282
72 69 92 95 0.0171478 110.08098850791428 6419.540028919994
72 68 76 80 1.66585 189.58050541471593 113.80406724177803
72 68 80 83 0.325781 186.88863417055194 573.663394030198
72 68 83 87 0.125745 123.54172082895413 982.4781965800162
72 68 87 91 0.0567199 109.65870741888607 1933.3374603778582
72 68 91 95 0.0280456 100.22326016425095 3573.5823146679318
72 68 95 99 0.0168773 94.73388372406848 5613.094732218333
72 68 99 103 0.0100933 84.83235756159954 8404.818796785941
72 67 77 82 1.22992 177.9334030793055 144.6707127937634
72 67 82 86 0.256957 179.7054456484411 699.3599927164511
72 67 86 91 0.089138 109.88780247866141 1232.7829037970498
72 67 91 96 0.040007 103.25908190283555 2581.0253681314657
72 67 96 101 0.0201102 88.66863157652462 4409.137232674196
72 66 78 83 0.972314 185.36514431288253 190.64329456624355
72 66 83 89 0.201921 120.14438109353749 595.0068645338399
72 66 89 95 0.0715965 109.55972105557966 1530.2385040550819
72 66 95 101 0.0294846 89.60196383093538 3038.9411364215684
72 66 101 107 0.0150939 81.32191153100077 5387.733556668639
72 65 79 85 0.779419 173.74451797095094 222.91542542708214
72 65 85 92 0.159067 111.44172798476832 700.5961512115545
72 65 92 99 0.0552471 99.97051060760892 1809.5159855921652
72 65 99 106 0.0224771 80.35346129900122 3574.903403864432
73 72 74 75 7.9024 228.87581985870952 28.96282393433761
73 72 75 76 1.7872 206.98691058684358 115.81631075808168
73 72 76 77 0.758037 211.3687007948318 278.836917980035
73 72 77 78 0.363275 203.25243701109366 559.500205109335
73 72 78 79 0.205519 202.79473002831432 986.7444373917463
73 72 79 80 0.12795 202.71071680916484 1584.296340829737
73 72 80 81 0.0699367 169.3711926681158 2421.7784463395583
73 71 75 77 3.58233 205.0489967657001 57.239002762364194
73 71 77 79 0.88952 199.39157197405984 224.15636744992787
73 71 79 81 0.324174 184.4451667442432 568.9696482267029
73 71 84 86 0.0493591 130.91909470179615 2652.38010218574
73 71 86 88 0.0301608 117.5393619649449 3897.0903280067137
73 70 76 79 2.38134 200.68487447375986 84.27392748358483
73 70 79 82 0.511076 177.6253624327585 347.55175831531614
73 70 82 84 0.190246 226.90305811878412 1192.682411818299
73 70 84 87 0.0876006 126.26479238597994 1441.3690361250945
73 70 87 90 0.0460092 112.78653378160871 2451.3908909872093
73 70 90 93 0.0278462 113.24952701080069 4066.96522364993
73 70 93 96 0.0175239 110.6239532479101 6312.747347788455
73 69 77 81 1.67596 189.90212279407118 113.30946012677582
73 69 81 84 0.348168 199.7316804595606 573.6646689516573
73 69 84 88 0.127937 122.88040656516648 960.4759105275759
73 69 88 92 0.0596025 114.00379717411023 1912.735156647963
73 69 92 96 0.0302 106.35221543614522 3521.5965376207023
73 69 96 100 0.0173099 94.09101604321606 5435.676465098935
73 69 100 104 0.0104453 87.5424912520676 8381.04135372537
73 68 87 92 0.0923781 110.63554783319444 1197.6382696028002
73 68 92 97 0.0415121 105.62064657853617 2544.3339792141605
73 68 97 102 0.0206368 88.56650315322851 4291.6781261255865
73 67 79 84 0.964441 184.87605366424256 191.69244532764841
73 67 84 90 0.202923 119.29303382816222 587.8733994084565
73 67 90 96 0.0711872 107.74827086930873 1513.5905172462003
73 67 96 102 0.0298563 89.5824815192332 3000.454896260863
73 66 80 86 0.766664 172.35872536566762 224.81651070829938
73 66 86 93 0.163366 112.20417864064339 686.8269936256221
73 66 93 100 0.0561906 99.64536294469414 1773.3457721521775
73 66 100 107 0.0233051 83.1771373283244 3569.053011071586
74 73 75 76 6.55845 185.31089522874493 28.25528825084356
74 73 76 77 1.70077 185.58334141386732 109.117247725364
74 73 77 78 0.661925 182.1107554171881 275.1229450726111
74 73 78 79 0.328355 183.02178631785407 557.3899782791615
74 73 79 80 0.18521 181.81817809601085 981.6866157119531
74 73 80 81 0.0967591 154.9783716800178 1601.6929847427043
74 73 81 82 0.0633973 158.7903445443707 2504.6862333943354
74 72 76 78 3.48198 191.60364253134213 55.027209384126884
74 72 78 80 0.847924 190.23010288503806 224.34805818096677
74 72 80 82 0.277559 161.98447183851044 583.603744928143
74 72 82 83 0.144949 298.6530535468479 2060.400924096392
74 72 83 85 0.0814928 127.40628495370116 1563.4054168429745
74 72 85 87 0.0470735 122.65712859929523 2605.6513452217328
74 72 87 89 0.0299621 112.54603344731626 3756.2798818279184
74 71 77 80 2.27335 190.03371191654514 83.59192905471886
74 71 85 88 0.085318 118.51783012971846 1389.1304312069956
74 71 88 91 0.0469055 113.77577132431024 2425.638173014044
74 71 91 94 0.0273821 111.58207459403117 4075.0006242775817
74 71 94 97 0.0173816 107.45166347579486 6181.920161308214
74 70 78 82 1.58278 180.34911435845157 113.94452441808184
74 70 82 85 0.353799 200.09502214850306 565.5612993493568
74 70 85 89 0.124372 116.06215832421168 933.185591002892
74 70 89 93 0.0598025 114.32509498040076 1911.7109649329168
74 70 93 97 0.028705 99.85031566250451 3478.499065058509
74 70 97 101 0.0177458 94.70460195977331 5336.7333092773115
74 69 79 83 1.18681 190.09090964166649 160.1696224683534
74 69 83 88 0.265471 123.72436331840098 466.0560412188185
74 69 88 93 0.092286 109.74389006368615 1189.171597682055
74 69 93 98 0.0426637 106.47774366609805 2495.7456494888643
74 69 98 103 0.0213139 89.37994198821946 4193.504801477883
74 68 80 85 0.910242 175.2200436699708 192.49830668104835
74 68 85 91 0.201787 115.23478563015522 571.0714051457984
74 68 91 97 0.0678371 101.66371730720743 1498.6448021393521
74 68 97 103 0.0308265 90.08667729272395 2922.3777364515577
74 68 103 109 0.0164558 85.8463353808609 5216.782859591202
74 67 81 87 0.763942 171.85748777642314 224.96143395234606
74 67 87 94 0.163163 110.24753891007174 675.689579807136
74 67 94 101 0.053185 92.68303527043263 1742.6536668314866
74 67 101 108 0.0239683 84.86190267207297 3540.589139491452
75 74 76 77 6.71831 187.73516538640627 27.94380809852571
75 74 77 78 1.66052 187.84025683479243 113.12134562353505
75 74 78 79 0.662978 189.91883692301178 286.4632565831925
75 74 79 80 0.331216 191.23230798636774 577.364342261146
75 74 80 81 0.159285 164.117104259512 1030.3362165898357
75 74 81 82 0.098555 169.03632333221597 1715.1471090479017
75 73 77 79 3.31467 186.63967916623753 56.30716758115816
75 73 79 81 0.772799 177.8364599774141 230.11994060216705
75 73 84 86 0.0794942 126.63924881508424 1593.0627494217722
75 73 86 88 0.0454815 114.71547779117925 2522.2448202275486
75 73 88 90 0.0305772 117.0927657182158 3829.4142602401726
75 72 78 81 2.16784 185.4751707241768 85.5575922227548
75 72 81 83 0.475085 222.23028461640064 467.7695246459068
75 72 83 86 0.192693 129.4662615033157 671.8783842864852
75 72 86 89 0.0842753 114.38569709785779 1357.2861455000195
75 72 89 92 0.0488764 119.88442511196517 2452.8080036984143
75 72 92 95 0.0277979 114.68109894483551 4125.531027337875
75 72 95 98 0.0166114 102.28682347941516 6157.628103556303
75 71 86 90 0.126734 115.95509267857501 914.9485747989885
75 71 90 94 0.0599352 114.6178560182633 1912.3629522928645
75 71 94 98 0.0315434 108.38047214714724 3435.915980748659
75 71 98 102 0.0168588 89.11751592651035 5286.112648973257
75 71 102 106 0.0106871 87.98888949109478 8233.186691534165
75 70 80 84 1.12108 183.18766058559606 163.40284420879513
75 70 84 89 0.261717 121.12277545065471 462.800564925682
75 70 89 94 0.0961736 115.27164907606297 1198.5789143388931
75 70 94 99 0.0424431 103.40776097387779 2436.385678093207
75 70 99 104 0.020736 88.24293479923584 4255.542766166852
75 69 81 86 0.933161 181.67231697774244 194.68485821604466
75 69 86 92 0.204567 114.49472399449736 559.6930296406427
75 69 92 98 0.0714549 106.54394895251889 1491.0656785261597
75 69 98 104 0.0306704 88.44841015489885 2883.836211946986
75 69 104 110 0.0157312 78.8844201287649 5014.520197363513
75 68 82 88 0.785558 174.07579634045024 221.5950908022708
75 68 88 95 0.16721 112.79678264030525 674.5815599563738
75 68 95 102 0.0535829 91.86971378622506 1714.5341850893672
75 68 102 109 0.0243533 84.46151544503884 3468.175378492395
76 75 77 78 6.89328 198.8977322031185 28.853859440370695
76 75 78 79 1.63813 190.90249670767048 116.53684183042279
76 75 79 80 0.644841 188.8113303895517 292.80292411548226
76 75 80 81 0.264665 158.0129608895781 597.0300602254855
76 75 81 82 0.153484 166.55694976705433 1085.1746746700264
76 74 78 80 3.27832 190.3885638488169 58.07503960834113
76 74 80 82 0.67527 162.71309411338567 240.96005170285318
76 74 82 83 0.28888 295.7267900229287 1023.701156268792
76 74 83 85 0.149322 128.55489828934662 860.9240318864375
76 74 85 87 0.077412 123.42162041036593 1594.3473933029238
76 74 87 89 0.0451311 111.83626421591205 2478.0309856376657
76 74 89 91 0.0316039 123.12520448171757 3895.886409010204
76 73 79 82 1.99774 176.1739718243993 88.18663681179697
76 73 82 84 0.483933 224.67656034302865 464.2720383669406
76 73 84 87 0.182931 124.05345123991583 678.14340510857
76 73 87 90 0.0854411 114.9398725039159 1345.2527238520559
76 73 90 93 0.0464011 114.71131599057384 2472.1680302961317
76 73 93 96 0.0276373 113.95788250322146 4123.336306485129
76 73 96 99 0.0167856 101.38409296701622 6039.944533827579
76 72 80 83 1.38754 189.40594222596533 136.50485191487476
76 72 83 87 0.35508 126.26552197980054 355.59739208009614
76 72 87 91 0.128502 116.22081649369429 904.4280750003446
76 72 91 95 0.0589319 114.43250593876056 1941.7752683819892
76 72 95 99 0.0304571 102.56740715707146 3367.6025346166066
76 72 99 103 0.0166661 90.2346727740861 5414.264451436516
76 72 103 107 0.0105356 87.18921160435237 8275.675956220088
76 71 81 85 1.13736 189.18387421220547 166.3359659318118
76 71 85 90 0.258938 118.3498440493918 457.05861653906265
76 71 90 95 0.0969292 116.26358741994494 1199.4691735817994
76 71 95 100 0.0410946 98.36889391950632 2393.718248127645
76 71 100 105 0.0208468 90.35410933559328 4334.195624057087
76 70 82 87 0.946652 183.4328513642147 193.77009858344428
76 70 87 93 0.206567 114.65286422352503 555.0395959835067
76 70 93 99 0.0722218 106.10329042225185 1469.1310715359052
76 70 99 105 0.0306424 90.16286786336468 2942.4218685013147
76 69 89 96 0.170589 115.2406313126102 675.5455000768526
76 69 96 103 0.0550869 93.59348496081859 1699.0152824141235
76 69 103 110 0.0241721 81.43352571226855 3368.905709982523
77 76 78 79 7.43264 212.15277264431526 28.543394089356575
77 76 79 80 1.78486 203.43303853516574 113.97702818997891
77 76 80 81 0.576564 166.72651917209848 289.172614266757
77 76 81 82 0.293012 175.5193027206459 599.017455669549
77 76 83 84 0.080294 128.4966662745323 1600.3271262427115
77 75 79 81 3.27099 188.8337336754859 57.729841324946236
77 75 84 86 0.150916 128.550994141408 851.8049387832173
77 75 86 88 0.0790415 118.71252741261503 1501.901246972983
77 75 88 90 0.0494728 121.76674158740273 2461.286638059757
77 75 90 92 0.0320755 121.81823484998074 3797.859264858872
77 74 85 88 0.184114 120.65899573192578 655.3493799055248
77 74 88 91 0.0910147 121.76225786455645 1337.8306786107787
77 74 91 94 0.0494325 123.11271386969158 2490.521698673779
77 74 94 97 0.027989 113.69354123456971 4062.079432440234
77 74 97 100 0.0168459 98.34942350090797 5838.181605073518
77 73 81 84 1.46635 200.31197515668103 136.60584114071062
77 73 84 88 0.354834 123.89479891280418 349.1627040047013
77 73 88 92 0.132774 119.62323309001175 900.9537491527841
77 73 92 96 0.060163 116.10399262135482 1929.8238555483406
77 73 96 100 0.0311498 102.59483214464001 3293.5952123172547
77 73 100 104 0.0173926 94.9295954513096 5458.045114089302
77 73 104 108 0.0104666 86.88816069490255 8301.469502503445
77 72 82 86 1.20204 196.45136449293528 163.43163662851094
77 72 86 91 0.266891 118.6274724050945 444.4791034733075
77 72 91 96 0.0978301 117.1360903193243 1197.3420278556835
77 72 96 101 0.0424714 100.75356868926197 2372.2686016769394
77 72 101 106 0.0214483 91.66730127521986 4273.872580820851
77 71 88 94 0.213974 118.43607149124907 553.5068349016659
77 71 94 100 0.0751717 107.66579857384666 1432.2650488660847
77 71 100 106 0.0308996 90.76251049492669 2937.3360980377315
77 70 83 90 0.811002 124.35883968445962 153.33974476568446
77 70 90 97 0.171472 114.79624237948737 669.4751468431426
77 70 97 104 0.0570859 95.47615442456765 1672.4997665722647
78 77 79 80 6.68661 190.09238300892565 28.428812658271628
78 77 80 81 1.3738 157.72249895601436 114.80746757607685
78 77 81 82 0.562501 166.2317250019061 295.52254129664857
78 77 83 84 0.119345 117.63159404169588 985.6432531039916
78 77 84 85 0.0771457 123.77304583313594 1604.406283605385
78 76 80 82 2.80684 162.98356242845819 58.06656682548994
78 76 82 83 0.777069 289.13141414778556 372.07946031534595
78 76 83 85 0.331307 123.98636636598575 374.2340679973129
78 76 85 87 0.148308 121.49655476950205 819.2178086785747
78 76 87 89 0.0817703 116.09983234149716 1419.8288662447999
78 76 89 91 0.0530128 127.89452537889332 2412.521605704534
78 76 91 93 0.0317211 119.6350894170085 3771.46723843147
78 75 81 83 1.95723 211.6838926354733 108.15483751806038
78 75 83 86 0.528963 124.30098514140674 234.98994285310457
78 75 86 89 0.184714 115.56056569972438 625.618879455398
78 75 89 92 0.0949702 125.87499448042986 1325.4157038779517
78 75 92 95 0.050333 124.37662731177953 2471.0751855001595
78 75 95 98 0.0280797 111.39389600074625 3967.0614714810436
78 75 98 101 0.0171752 98.17943187177227 5716.348681341251
78 74 82 85 1.54859 206.53063913723102 133.36689448932967
78 74 85 89 0.351254 118.83756412409936 338.3237318979979
78 74 89 93 0.136728 123.16905776944901 900.8327319162792
78 74 93 97 0.0621796 118.64258032717387 1908.0627782612605
78 74 97 101 0.0339669 110.03140135775753 3239.371310239013
78 74 101 105 0.0174291 94.85849337187466 5442.5353788706625
78 74 105 109 0.00985941 78.90589038358233 8003.104687154943
78 73 87 92 0.271799 117.94277821514264 433.93381953260547
78 73 92 97 0.0985647 117.41158105952907 1191.213295018694
78 73 97 102 0.0428435 99.96218819585832 2333.1937912602452
78 73 102 107 0.0214986 90.815943989072 4224.272463745174
78 72 83 89 1.00745 124.69910719609895 123.77696877869766
78 72 89 95 0.224907 124.3094210887556 552.7147713888656
78 72 95 101 0.0761581 107.4797449523562 1411.2713546209293
78 72 101 107 0.0317082 92.06917760202404 2903.639361490846
78 71 84 91 0.810645 122.19196461282266 150.73424817623334
78 71 91 98 0.173149 115.26619744808362 665.7052448936097
78 71 98 105 0.0592949 98.11990924276404 1654.7782227942714
79 78 80 81 5.02254 143.71421603009838 28.613851961377787
79 78 81 82 1.3681 159.81927071676577 116.8184129206679
79 78 83 84 0.199974 110.98092403207895 554.9767671401229
79 78 84 85 0.121619 120.39101605210037 989.9030254491515
79 78 85 86 0.0757292 119.35599307188276 1576.089448612725
79 77 84 86 0.324778 120.92629451208798 372.3352398009963
79 77 86 88 0.147463 114.75703238337861 778.2089906171623
79 77 88 90 0.0855771 121.85514464871827 1423.9223419433267
79 77 90 92 0.0521443 123.84346500302891 2375.01443116561
79 77 92 94 0.0321648 122.17645836601774 3798.4522946207576
79 76 82 84 2.10162 218.41717880336572 103.92800734831498
79 76 84 87 0.527746 121.829561120214 230.84885744319044
79 76 87 90 0.196002 118.45499577194774 604.356056427729
79 76 90 93 0.094831 123.66661802876321 1304.07375255732
79 76 93 96 0.052741 127.26430459339115 2413.005149568479
79 76 96 99 0.029714 113.10871222795555 3806.5798017081356
79 76 99 102 0.0172886 100.1219706979302 5791.213325424279
79 75 86 90 0.36053 117.843304333497 326.8612995686822
79 75 90 94 0.137545 122.60124680635838 891.3537155575148
79 75 94 98 0.0636315 118.83160083395566 1867.496457477125
79 75 98 102 0.0332693 105.86988949363408 3182.2097096612815
79 75 102 106 0.0183289 97.8448786495113 5338.284275079864
79 75 106 110 0.00997699 75.87021830136737 7604.51983026618
79 74 83 88 1.27618 121.43781114123192 95.15727494650591
79 74 88 93 0.284104 123.07114444387703 433.19046702572655
79 74 93 98 0.105105 123.69725224519739 1176.8921768250548
79 74 98 103 0.0435682 100.17941940875396 2299.3701692691907
79 74 103 108 0.0217526 92.22894111366516 4239.90424655743
79 73 84 90 0.992076 120.91908825030184 121.8849042314317
79 73 90 96 0.220555 120.63563135745869 546.9639380538129
79 73 96 102 0.0760749 106.25120284482081 1396.6656919012817
79 73 102 108 0.0319256 92.44568248936208 2895.6599872629517
79 72 85 92 0.811061 119.39184951415606 147.2045253244282
79 72 92 99 0.176543 115.925805993739 656.6434579322828
79 72 99 106 0.0590998 98.31929325235836 1663.6146527121641
80 79 81 82 5.01895 144.10761946195709 28.71270274897281
80 79 83 84 0.366967 99.60060360232359 271.41569569559005
80 79 84 85 0.207827 115.436138143028 555.4434127568987
80 79 85 86 0.120919 117.24697717308452 969.6323751692001
80 79 86 87 0.0761256 115.36285257606627 1515.4278268554372
80 78 82 83 3.05228 245.74554667348994 80.51212427218012
80 78 83 85 0.896638 108.07000285896976 120.52802006938113
80 78 85 87 0.322677 116.93423710338469 362.3878897578219
80 78 87 89 0.153148 114.4967706886854 747.6217168274179
80 78 89 91 0.0929888 132.28437053126754 1422.5839082907569
80 78 91 93 0.051884 124.70917126726125 2403.615204441856
80 78 93 95 0.0353423 133.47824777920127 3776.7278241427766
80 77 85 88 0.522941 116.42659842393837 222.63811486178818
80 77 88 91 0.205123 123.42287499262625 601.7017837718162
80 77 91 94 0.0957154 125.82084581262794 1314.5308467877471
80 77 94 97 0.0530496 126.16999505781757 2378.3401770761243
80 77 97 100 0.0303699 111.90056694155743 3684.5879288887168
80 77 100 103 0.0182462 106.98194818069004 5863.245397983692
80 76 83 87 1.69918 113.66435974690044 66.89365443737594
80 76 87 91 0.380236 120.35316153951503 316.5222691683981
80 76 91 95 0.143531 127.62053424202067 889.1496209322075
80 76 95 99 0.0647134 116.51112458369757 1800.4172950841335
80 76 99 103 0.032372 103.84114398146366 3207.745705593218
80 75 84 89 1.26904 118.36870230890679 93.27420909420255
80 75 89 94 0.294626 127.50453354335201 432.76741884067263
80 75 94 99 0.106393 121.41591085566263 1141.2020608091004
80 75 99 104 0.0443087 102.8251531773786 2320.653803369961
80 75 104 109 0.0219584 91.20673561325978 4153.614817712574
80 74 85 91 1.00392 119.1323651294472 118.66718974564428
80 74 91 97 0.224419 122.70772175364125 546.7795585651894
80 74 97 103 0.0801336 110.2102346759425 1375.3311304614108
80 74 103 109 0.03222 92.14584541937758 2859.895885145176
80 73 86 93 0.826471 118.62203462966212 143.52836896837533
80 73 93 100 0.181594 117.20904359907074 645.4455741878627
80 73 100 107 0.0609204 101.70007853422116 1669.3928229988833
81 80 83 84 0.620947 66.97466905010118 107.85891396544501
81 80 84 85 0.308832 85.54803973262348 277.0051022323577
81 80 85 86 0.165675 91.90338734181637 554.7209134861408
81 80 86 87 0.0982712 93.51715184125158 951.6231799474472
81 80 87 88 0.0651299 94.56827723938805 1451.9948171176072
81 79 84 86 0.803101 97.4113167991684 121.29398020817855
81 79 86 88 0.292154 102.06078768639856 349.3390050671856
81 79 88 90 0.147003 112.01753228191545 762.0084779352493
81 79 90 92 0.0824303 117.27763292925232 1422.7490732079384
81 79 92 94 0.0492448 121.10815467918192 2459.3084890015175
81 79 94 96 0.0324475 121.39317632196337 3741.218162322625
81 78 83 86 2.18858 88.79792383449569 40.57330498976309
81 78 86 89 0.486238 105.11705375869936 216.184366007386
81 78 89 92 0.200345 121.9449114813677 608.6745937326497
81 78 92 95 0.0927787 123.4697257151784 1330.7981866007865
81 78 95 98 0.0498092 118.03376235627445 2369.718091362127
81 78 98 101 0.0288571 106.21440030676528 3680.7025067233117
81 78 101 104 0.0181321 106.32666054179327 5864.00144174107
81 77 84 88 1.56758 103.96654593074513 66.32296018751524
81 77 88 92 0.366661 116.82602593496934 318.6213585163662
81 77 92 96 0.137363 122.59669194978895 892.5015611903419
81 77 96 100 0.0627126 111.55595955292836 1778.844435614667
81 77 100 104 0.03243 105.94895349983247 3267.004424910036
81 76 85 90 1.196 109.19877941220184 91.3033272677273
81 76 90 95 0.282953 121.99557291659141 431.15136760024245
81 76 95 100 0.101916 113.95254404705054 1118.1025947549995
81 76 100 105 0.0445417 105.04826104874736 2358.4250499811947
81 76 105 110 0.0216504 85.43778547717878 3946.2451260567373
81 75 86 92 0.966673 112.12362092431502 115.989192751132
81 75 92 98 0.220515 120.48829659495172 546.3950143752204
81 75 98 104 0.0778477 106.15115154369045 1363.5746662225145
81 75 104 110 0.0311612 86.37934201420725 2772.0159048498535
81 74 87 94 0.812943 115.20901416530907 141.71844048759763
81 74 94 101 0.178138 113.92213425569977 639.5161855174066
81 74 101 108 0.0608356 101.70531481353319 1671.8058967698717
82 81 83 84 1.5523 43.637375609114464 28.11143181673289
82 81 84 85 0.635621 73.4350003862076 115.53268439244079
82 81 85 86 0.301815 87.09537081451205 288.5720418617764
82 81 86 87 0.162382 92.08535092227386 567.0908778206566
82 81 87 88 0.100176 95.23576200141034 950.6844154429238
82 81 88 89 0.0641071 98.68619637296729 1539.3957357760262
82 80 83 85 3.11757 54.58916112378507 17.510163724883505
82 80 85 87 0.728108 90.08707396513859 123.72762552415107
82 80 87 89 0.273135 96.00270449272554 351.484447224726
82 80 89 91 0.144043 114.83645212131518 797.2372980381912
82 80 91 93 0.0736553 110.72186938339107 1503.243750054525
82 80 93 95 0.0473234 120.64878609835863 2549.4530422234798
82 80 95 97 0.0287776 111.06825535848243 3859.5385076754987
82 79 84 87 2.07748 87.14469275637141 41.94730767871239
82 79 87 90 0.478661 104.41298011132656 218.13554919102782
82 79 90 93 0.185116 115.74285689715931 625.2450187836779
82 79 93 96 0.0899858 122.03780907795331 1356.1896330082448
82 79 96 99 0.0484927 115.16497432217054 2374.893011157773
82 79 99 102 0.0272425 106.00979831991962 3891.3388389435486
82 79 102 105 0.0177392 107.70470209169405 6071.564788248289
82 78 85 89 1.47709 98.31278099205133 66.55842297493811
82 78 89 93 0.36245 119.28402613535864 329.1047762046038
82 78 93 97 0.134284 121.94341698064419 908.1008681648163
82 78 97 101 0.0615513 110.688496098413 1798.3128885728327
82 78 101 105 0.0317737 106.3314375013425 3346.5236186324696
82 77 86 91 1.15899 105.52014848693008 91.04491711484144
82 77 91 96 0.270998 119.57078483038518 441.2238644948862
82 77 96 101 0.0995439 112.75615912528247 1132.7279634943222
82 77 101 106 0.0435378 103.45393348463477 2376.1865203256657
82 76 87 93 0.954573 110.93030193312748 116.20934379364122
82 76 93 99 0.22024 119.98546771512993 544.7941687029147
82 76 99 105 0.0759756 106.80362945352316 1405.7622375278793
82 75 88 95 0.806312 116.60232263065689 144.61191527678724
82 75 95 102 0.173009 110.86667200073306 640.8144778637704
82 75 102 109 0.0600179 100.26332435721218 1670.557023108309
83 82 85 87 3.29776 267.90609472732706 81.23880898771502
83 82 87 89 0.782293 270.54673983971026 345.83811927207614
83 82 89 91 0.323276 306.69103126437886 948.6971852670129
83 82 91 93 0.142283 283.6180961839256 1993.33789830075
83 82 93 95 0.08321 302.1794367730474 3631.5279025723758
83 82 95 97 0.0484016 280.10601510447646 5787.123051809784
83 82 97 99 0.0332184 279.74137726963204 8421.2778842338
83 81 86 89 2.07546 209.18421904339803 100.78932816985055
83 81 89 92 0.512755 225.0648811085021 438.9325918001816
83 81 92 95 0.187425 219.4456287396674 1170.845024621408
83 81 95 98 0.0883979 207.36636762050045 2345.829116081948
83 81 98 101 0.0477845 188.74351381613278 3949.889897689267
83 81 101 104 0.0283629 189.25855252255792 6672.750407136009
83 81 104 107 0.0178476 180.40066757105959 10107.839013147963
83 80 87 91 1.52231 189.22410063560773 124.30063563637349
83 80 91 95 0.347173 189.24600224383806 545.1057606548841
83 80 95 99 0.130109 176.7903621151093 1358.7865721441967
83 80 99 103 0.0590035 161.85761064693676 2743.1866015903593
83 80 103 107 0.0320512 157.48149083321167 4913.43509239004
83 79 88 93 1.19346 181.47162518950964 152.05505437091284
83 79 93 98 0.275178 178.1240558749316 647.3048567651906
83 79 98 103 0.0974829 152.39264256202875 1563.2756366709316
83 79 103 108 0.0443025 145.34825109323765 3280.813748507142
83 78 89 95 0.994208 179.89242071894924 180.94042767604893
83 78 95 101 0.215327 156.81375027892037 728.258649769515
83 78 101 107 0.0759843 141.5106298071428 1862.3666968984749
83 77 90 97 0.809196 168.16783297340868 207.8208900852311
83 77 97 104 0.176703 145.31007961139264 822.3407616814238
84 83 85 86 6.2158 174.12473418755735 28.01324595185774
84 83 86 87 1.62459 178.22801040232775 109.70645541479865
84 83 87 88 0.661358 175.5047037886106 265.370198574162
84 83 88 89 0.319672 173.23217036129972 541.9059860147267
84 83 89 90 0.199592 196.67664791362415 985.3934421901888
84 83 90 91 0.115827 179.33917269495015 1548.3365078517975
84 83 91 92 0.0707181 167.0804678708561 2362.626652453277
84 82 87 90 2.15979 212.8346640303507 98.54414736171141
84 82 90 93 0.502867 219.89825831856217 437.2891009323781
84 82 93 96 0.19464 225.19219511417748 1156.9677102043643
84 82 96 99 0.0921639 210.31811062145985 2282.0009854342084
84 82 99 102 0.0477675 193.47072941021224 4050.258636315743
84 82 102 105 0.0299144 200.2479496170959 6694.031958424568
84 82 105 108 0.0182287 182.44176227766343 10008.490033719543
84 81 88 92 1.56521 198.17854593832004 126.61466891875214
84 81 92 96 0.35563 196.46597419799252 552.444884284207
84 81 96 100 0.132781 180.03087804105527 1355.84818642016
84 81 100 104 0.0617945 174.3911880215086 2822.1150429489453
84 81 104 108 0.0323728 162.58161621207037 5022.167258070675
84 80 89 94 1.22741 190.86779461474555 155.5045132553471
84 80 94 99 0.273398 175.54395151635384 642.0820617427847
84 80 99 104 0.0962164 155.40174382780484 1615.1273985287835
84 80 104 109 0.0436416 143.61076643941354 3290.6851820147185
84 79 90 96 0.972599 177.22678899064232 182.21979355381026
84 79 96 102 0.215819 158.32230909646333 733.5883731110946
84 79 102 108 0.0759738 143.594266403383 1890.0498119533709
84 78 91 98 0.80353 169.4069258115799 210.82837705073848
84 78 98 105 0.176047 145.78197837807218 828.0855588454912
85 84 86 87 6.49999 181.90503206511934 27.985432602991594
85 84 87 88 1.73471 189.48847930341555 109.23351989866637
85 84 88 89 0.683516 191.23238892412817 279.77748717532313
85 84 89 90 0.375966 219.2451738211402 583.1515983390525
85 84 90 91 0.196654 197.3202669283483 1003.3880161519638
85 84 91 92 0.111061 181.34804175728829 1632.868799644234
85 84 92 93 0.0728783 182.40359528402672 2502.8519502242334
85 83 87 89 3.39903 185.30769645418374 54.51781727557089
85 83 89 91 0.888162 203.14214141619752 228.72194646494393
85 83 91 93 0.303336 175.8566555510756 579.7421194684297
85 83 93 95 0.154405 181.6652281885111 1176.550164751861
85 83 95 97 0.0805741 162.2561727275076 2013.750978633427
85 83 97 99 0.0522875 161.51176932364953 3088.9174147482577
85 83 99 101 0.0318621 149.4297046754683 4689.888760485602
85 82 89 93 1.65686 216.50449986245386 130.6715714438479
85 82 93 97 0.367089 204.54151934670912 557.1987156975805
85 82 97 101 0.136956 185.8168770626613 1356.7633186035025
85 82 101 105 0.0638108 182.4689269043829 2859.530469832425
85 82 105 109 0.0326138 160.60213021353556 4924.3611665471535
85 81 90 95 1.22415 194.2089007277323 158.64796040332664
85 81 95 100 0.273645 176.14899771776226 643.7135621617871
85 81 100 105 0.100156 168.19931605628204 1679.3733381552981
85 81 105 110 0.0433828 138.91041687713837 3201.9698331398245
85 80 91 97 0.962411 180.29986951367027 187.34186279424307
85 80 97 103 0.218089 161.35097623283883 739.8400480209402
85 80 103 109 0.0758071 145.08956563694622 1913.9310913746365
85 79 92 99 0.816218 174.4983803850059 213.78893921110034
85 79 99 106 0.175638 149.87777620621796 853.3334256039011
86 85 87 88 6.44008 180.76013861994008 28.067995835446155
86 85 88 89 1.6592 190.24817454880835 114.6625931465817
86 85 89 90 0.752461 224.00709810400488 297.6992802337993
86 85 90 91 0.34235 200.23016936320312 584.8697805263711
86 85 91 92 0.176489 183.59035138669347 1040.2367931525107
86 85 92 93 0.107721 182.9174467938238 1698.0667353053148
86 85 93 94 0.0740996 189.5539106740065 2558.0962741230246
86 84 88 90 3.4711 199.83967844214942 57.57243480226713
86 84 90 92 0.827363 193.3025911636434 233.63697816272108
86 84 92 94 0.306494 184.9452115757612 603.4219644618205
86 84 94 96 0.150503 178.0431591511373 1182.987443115003
86 84 96 98 0.0817127 168.6454947519422 2063.883518130501
86 84 98 100 0.0498069 152.1428518050361 3054.6541102746023
86 84 100 102 0.0320556 158.88879359933878 4956.6625987140715
86 83 89 92 2.3406 204.63378398132954 87.42791761998187
86 83 92 95 0.508675 181.90542595388783 357.60638119405877
86 83 95 98 0.190952 166.4770849501192 871.826872460719
86 83 98 101 0.0913948 151.14326038266572 1653.7402607442186
86 83 101 104 0.0495963 150.12652833822062 3026.9703251698334
86 83 104 107 0.0300338 145.76152573557022 4853.249530048486
86 83 107 110 0.0173987 117.50246995243249 6753.520087847512
86 82 91 96 1.20102 195.12243276108538 162.46393295789028
86 82 96 101 0.276778 179.7514644998176 649.4427465326636
86 82 101 106 0.100862 169.85984801905394 1684.0816959712672
86 81 92 98 0.975509 186.74460859705803 191.43299405444546
86 81 98 104 0.217906 162.8487732385996 747.3349666305636
86 81 104 110 0.0743179 140.9080300185906 1896.0173796432703
86 80 93 100 0.817938 176.33225022817 215.58143799184046
86 80 100 107 0.176538 154.94517115852875 877.6873599934788
87 86 88 89 6.34371 185.36309382400523 29.219982285445777
87 86 89 90 1.91858 230.20525244867818 119.9873095980768
87 86 90 91 0.694792 203.18589655769543 292.4413300062399
87 86 91 92 0.303452 179.98863112955036 593.1370731764838
87 86 92 93 0.18601 196.62876916172726 1057.0870875852227
87 86 93 94 0.112071 189.84182487232175 1693.9424549823036
87 86 94 95 0.0744824 186.33712102757147 2501.7604296796485
87 85 89 91 3.70739 220.38176262551536 59.44391138388876
87 85 91 93 0.774309 185.1452108261273 239.11024000254073
87 85 93 95 0.312255 188.2922996874225 603.0081173637652
87 85 95 97 0.141496 166.2029530307824 1174.6123779526092
87 85 97 99 0.0825986 162.8387875144764 1971.4473067882072
87 85 99 101 0.0476059 151.99239188797216 3192.7217401198627
87 85 101 103 0.0312254 152.82987355052558 4894.408832249565
87 84 90 93 2.1923 193.66556991115223 88.33899097347637
87 84 93 96 0.510994 183.0873866916008 358.29654886672023
87 84 96 99 0.190619 164.24305017739076 861.6300063340525
87 84 99 102 0.0886598 152.60656476197684 1721.2599708320665
87 84 102 105 0.050759 156.25119273239574 3078.2953315155096
87 83 91 95 1.54345 183.40842745943868 118.83017101910569
87 83 95 99 0.357342 164.00034995068788 458.9450720897288
87 83 99 103 0.131366 149.81784853373662 1140.4613715400988
87 83 103 107 0.0642473 148.62043360228884 2313.2557103923255
87 82 93 99 0.988716 188.17934576329426 190.32699558143517
87 82 99 105 0.217047 166.68874674324914 767.9845689792954
87 81 94 101 0.813319 175.2801671260183 215.51220016502543
87 81 101 108 0.176813 156.89442122203687 887.3466386636552
88 87 89 90 7.91996 226.1993419775048 28.560667222751732
88 87 90 91 1.79995 199.4767299319875 110.8234839478805
88 87 91 92 0.652567 183.01689874306115 280.45687070149296
88 87 92 93 0.319236 182.42974796417587 571.4573167317466
88 87 93 94 0.187289 187.453330471664 1000.8774165683195
88 87 94 95 0.116505 183.6148241315613 1576.0252704309798
88 87 95 96 0.0710078 163.6813011686085 2305.1172007667965
88 86 90 92 3.4503 194.99379573577727 56.515026442853454
88 86 92 94 0.80537 187.9347639879497 233.35207915361846
88 86 94 96 0.309644 176.4466928615398 569.837273971205
88 86 96 98 0.145517 165.01642131832435 1134.0009848905925
88 86 98 100 0.0800634 147.18105091171913 1838.3062786706425
88 86 100 102 0.0485358 154.61360878366133 3185.5580578389836
88 86 102 104 0.0326214 153.221498319118 4696.9626784600905
88 85 91 94 2.11996 184.6965262932347 87.12264679203132
88 85 94 97 0.50305 173.70257631697143 345.29882977233166
88 85 97 100 0.191224 156.7149949209893 819.5362241193016
88 85 100 103 0.0899791 154.38068076029126 1715.7393301365678
88 85 103 106 0.0508688 152.66861692537313 3001.2230861623066
88 84 92 96 1.57236 184.05697394359353 117.05778189701692
88 84 96 100 0.357581 159.7980811006402 446.88638686238977
88 84 100 104 0.134411 154.10258772061002 1146.5027990314038
88 84 104 108 0.063122 145.73067639278202 2308.714495624062
88 83 93 98 1.22533 177.80471803803127 145.10761838690905
88 83 98 103 0.273483 150.46364470801788 550.1754943013566
88 83 103 108 0.1018 146.04543927665878 1434.6310341518545
88 82 95 102 0.804452 169.57433131762002 210.79484085765222
88 82 102 109 0.179144 156.0897485796196 871.308827421625
89 88 90 91 7.1451 199.38928821604588 27.905737948530582
89 88 91 92 1.64062 184.76078309683015 112.61643957578852
89 88 92 93 0.651618 186.38743155492597 286.0378804068119
89 88 93 94 0.337171 192.89950759804753 572.1117996448316
89 88 94 95 0.190946 188.27685260216688 986.0214542444821
89 88 95 96 0.108502 166.9762443979495 1538.923194023608
89 88 96 97 0.0691511 161.97835916897267 2342.382972490281
89 87 91 93 3.26268 184.42325543423854 56.52508227415454
89 87 93 95 0.83274 189.4434636143264 227.49413215928908
89 87 95 97 0.296511 163.8351843034254 552.5433602916094
89 87 97 99 0.151695 161.0388493888551 1061.5962911688264
89 87 99 101 0.0779759 146.73788794202105 1881.8364128149985
89 87 101 103 0.0489415 150.71276011361184 3079.4470973225552
89 87 103 105 0.0333441 156.9291907287549 4706.355569013855
89 86 92 95 2.17649 187.98946256204013 86.37276650112803
89 86 95 98 0.492598 165.18144025815621 335.3270623473019
89 86 98 101 0.187674 149.58113968904306 797.0264378072778
89 86 101 104 0.091194 152.53535196729118 1672.6467965797221
89 86 104 107 0.0502635 147.5935673749069 2936.396537744226
89 85 93 97 1.5827 181.6016821962534 114.74169596022834
89 85 97 101 0.3608 157.29169294252637 435.9525857608824
89 85 101 105 0.134071 152.03582495394605 1133.99486058839
89 85 105 109 0.0617963 136.81788498530895 2214.014188314008
89 84 94 99 1.21992 171.99061612444572 140.98515978461353
89 84 99 104 0.271018 151.17471433278848 557.8032246300559
89 84 104 109 0.0990272 139.7369101581131 1411.0962458608653
89 83 95 101 0.963616 160.91018614369773 166.9857973961596
89 83 101 107 0.220522 149.52477343091823 678.0492351371665
90 89 91 92 6.696 193.71708354924453 28.930269347258744
90 89 92 93 1.75922 205.4063793028268 116.75991593025704
90 89 93 94 0.760218 220.95878453488663 290.65187161430885
90 89 94 95 0.379916 217.87616564918392 573.4851010465048
90 89 95 96 0.196369 192.668456113985 981.1551523610398
90 89 96 97 0.117732 187.76249406010038 1594.8297324440287
90 89 97 98 0.0828012 195.57463509251434 2361.978269548199
90 88 92 94 3.50801 203.37379542530908 57.97412077653971
90 88 94 96 0.876922 198.0888269162813 225.89104494616547
90 88 96 98 0.320673 180.12666202036004 561.7144630834528
90 88 98 100 0.154382 161.02764388107028 1043.046753384917
90 88 100 102 0.0837837 165.9148877308852 1980.2764467418508
90 88 102 104 0.0538464 167.64699883676025 3113.4300312882615
90 88 104 106 0.0348693 165.19329910594607 4737.499723422784
90 87 93 96 2.34889 201.0551643007165 85.59581942990796
90 87 96 99 0.52492 172.72232743034562 329.0450495891671
90 87 99 102 0.19182 157.6577592115738 821.9046982148567
90 87 102 105 0.0978368 164.40498001614887 1680.4002176701288
90 87 105 108 0.051911 151.06186684349836 2910.0165060102554
90 86 94 98 1.65231 186.83052721330208 113.07232130369125
90 86 98 102 0.367453 158.27538118112372 430.73639671229716
90 86 102 106 0.142078 159.2558173782748 1120.90413278815
90 86 106 110 0.0616937 131.4810095405413 2131.1902113269475
90 85 95 100 1.2325 170.88045697018896 138.6454011928511
90 85 100 105 0.283792 161.475816152832 568.9935451063878
90 85 105 110 0.0993691 133.89160343622424 1347.4168875055148
90 84 96 102 0.997365 166.30110653057147 166.74046766286313
90 84 102 108 0.22847 155.54080897905408 680.7931412397867
90 83 97 104 0.842592 162.48807467928782 192.84312535519896
91 90 92 93 6.60232 187.56997046793362 28.409706053013732
91 90 93 94 1.89056 212.44622828109507 112.37211634705858
91 90 94 95 0.78196 216.61998374588757 277.02182176311777
91 90 95 96 0.355518 193.20938114351037 543.4587873005315
91 90 96 97 0.194967 188.87409684233293 968.7490541595907
91 90 97 98 0.127264 195.09634645255855 1533.0049853262396
91 90 98 99 0.0807792 172.1660650332803 2131.316787406663
91 89 93 95 3.81286 215.49988533247733 56.5192231900666
91 89 95 97 0.864901 191.41084456080821 221.30954243411466
91 89 97 99 0.346206 185.5923931039057 536.075033661767
91 89 99 101 0.156465 170.51278935268112 1089.7823113966774
91 89 101 103 0.0890229 174.0322163366462 1954.9151548269735
91 89 103 105 0.0568818 181.33060688483812 3187.849310057665
91 89 105 107 0.0351856 161.74988697927293 4597.04785421516
91 88 94 97 2.39586 200.27244379603317 83.59104613626555
91 88 97 100 0.548386 175.52936648044167 320.0836025727164
91 88 100 103 0.202697 170.30403067545598 840.1901886828912
91 88 103 106 0.101641 170.67491038714832 1679.1935379143094
91 88 106 109 0.0517531 149.81008806869667 2894.7075260940246
91 87 95 99 1.65924 181.62038013278524 109.45998175838652
91 87 99 103 0.372408 162.95981586805263 437.58409021302606
91 87 103 107 0.147516 164.15922702428296 1112.8231990040601
91 86 96 101 1.26987 173.748414242782 136.82378057815524
91 86 101 106 0.293034 163.97734625552502 559.5847111786517
91 85 97 103 1.03258 168.7930510859376 163.46728687940654
91 85 103 109 0.232154 156.23371269934395 672.974459623112
91 84 98 105 0.850338 162.29277530543345 190.85678319142912
92 91 93 94 6.53981 184.19100396813295 28.16458031168076
92 91 94 95 1.78864 198.94126592533084 111.22487807794236
92 91 95 96 0.665442 181.83438281584512 273.2535409785453
92 91 96 97 0.320278 178.95042345752864 558.7346725579922
92 91 97 98 0.189403 183.73420402271844 970.0701890821077
92 91 98 99 0.117055 168.9991591361679 1443.7585676491212
92 91 99 100 0.0728494 163.47249727055322 2243.9786363450244
92 90 94 96 3.66701 202.59400202179503 55.247736445167874
92 90 96 98 0.855042 189.79068675303307 221.96650778912974
92 90 98 100 0.329755 171.2931183176531 519.4557120215102
92 90 100 102 0.156821 177.43344048293253 1131.4392873590434
92 90 102 104 0.0855399 166.4488521108191 1945.8621311320107
92 90 104 106 0.057717 182.44847492260965 3161.0872866332215
92 90 106 108 0.0378028 180.32640269487513 4770.1864066914395
92 89 95 98 2.27364 188.30155863072068 82.81942551622978
92 89 98 101 0.536245 170.94492670375297 318.7813904162332
92 89 101 104 0.20129 169.28400521505583 840.9956044267268
92 89 104 107 0.104548 176.60404800964398 1689.2149826839727
92 89 107 110 0.0523019 144.75744497983223 2767.728227460804
92 88 96 100 1.65109 180.06777291632915 109.05993792968836
92 88 100 104 0.384199 172.758324171852 449.65844307729066
92 88 104 108 0.144492 163.45723983765834 1131.2546012073908
92 87 97 102 1.29443 175.049388716457 135.2327964559358
92 87 102 107 0.302362 168.41029491091217 556.9823420631963
92 86 98 104 1.01314 163.97748361544734 161.85076456901055
92 86 104 110 0.22821 149.90799619448572 656.8861846303217
92 85 99 106 0.839473 163.23366265106515 194.44778170478997
93 92 94 95 6.90833 194.31510078118222 28.12765180313943
93 92 95 96 1.58152 175.1010907580875 110.71696264232352
93 92 96 97 0.612387 173.55389162843042 283.40557789180764
93 92 97 98 0.329597 186.04198905817574 564.452919954295
93 92 98 99 0.18755 173.26662102809465 923.8422875398275
93 92 99 100 0.101611 156.0874662544109 1536.1276461644006
93 92 100 101 0.0687864 169.80586245758607 2468.5964443201865
93 91 95 97 3.18126 176.6393685914953 55.52497079506085
93 91 97 99 0.824036 180.0167188456551 218.4573475499312
93 91 99 101 0.296476 165.34749680327621 557.7095508684555
93 91 101 103 0.145531 166.52429936068825 1144.2531100637545
93 91 103 105 0.0840787 171.35613124187543 2038.044489768222
93 91 105 107 0.0522155 163.7551322167368 3136.1402690146947
93 91 107 109 0.0320747 153.16670556696423 4775.3121795983825
93 90 96 99 2.16227 179.4476126664262 82.9903817129342
93 90 99 102 0.497086 166.29938316578338 334.5485150774381
93 90 102 105 0.201567 172.54401834529884 856.0132280844525
93 90 105 108 0.0967566 164.0820900116477 1695.8232307837159
93 89 97 101 1.62283 177.2882217152206 109.24633000081376
93 89 101 105 0.377161 172.23369616006624 456.6582869386449
93 89 105 109 0.140371 156.65270766139554 1115.9905369442088
93 88 98 103 1.23155 166.92627950910568 135.54161788730113
93 88 103 108 0.295813 168.42556668818852 569.36499304692
93 87 99 105 0.990303 165.9051399280344 167.5296751883357
93 86 100 107 0.840913 167.06257968593584 198.66809014242358
94 93 95 96 7.62802 215.92142037975955 28.30635215688469
94 93 96 97 1.60697 185.6996252423628 115.55886248179046
94 93 97 98 0.688443 197.64597069258156 287.09126346346983
94 93 98 99 0.328945 177.51950115860134 539.6631690969656
94 93 99 100 0.173087 170.4171804227773 984.575273837881
94 93 100 101 0.1104 186.29932473859662 1687.493883501781
94 93 101 102 0.0704208 176.48011032020696 2506.079316341293
94 92 96 98 3.28033 188.1252121275416 57.34947768289824
94 92 98 100 0.798536 173.51566450952697 217.29222540940793
94 92 100 102 0.300934 178.84547820872692 594.301335870081
94 92 102 104 0.153712 179.0863923954084 1165.0774981485404
94 92 104 106 0.0910121 188.28959969455667 2068.8413924583288
94 92 106 108 0.0484956 161.34956910129952 3327.0970789370485
94 92 108 110 0.0287589 125.04559673860234 4348.066050460982
94 91 97 100 2.19016 182.11777049821566 83.15272422937852
94 91 100 103 0.498596 175.16307639113217 351.3126386716543
94 91 103 106 0.200878 175.6751025052183 874.536298177094
94 91 106 109 0.0930305 160.4127765701097 1724.3030680272568
94 90 98 102 1.56161 171.72499457335223 109.96663352139922
94 90 102 106 0.381141 175.48475911637232 460.4195274619427
94 90 106 110 0.134313 147.7150551936511 1099.7822637693382
94 89 99 104 1.21012 171.61737752265057 141.81847876462712
94 89 104 109 0.291271 167.25037624366408 574.2088166815923
94 88 100 106 1.00619 174.21208636380356 173.14034761208478
94 87 101 108 0.844258 169.40632179350925 200.65705245731667
95 94 96 97 7.26266 209.63097816346496 28.864214786795053
95 94 97 98 1.81707 207.59108684944934 114.24495855935618
95 94 98 99 0.669936 180.45096095272612 269.3555219494491
95 94 99 100 0.313858 177.0518400162111 564.1144722014767
95 94 100 101 0.185786 196.57018991572255 1058.046300128764
95 94 101 102 0.108491 181.50620853974294 1673.0070562511446
95 94 102 103 0.0739464 181.9550207937137 2460.6339293557726
95 93 97 99 3.50404 196.83508614499343 56.17375547796071
95 93 99 101 0.784089 181.24660990795576 231.1556595079841
95 93 101 103 0.302343 179.1511186460305 592.5426374879872
95 93 103 105 0.158376 190.2297110321429 1201.1271343646947
95 93 105 107 0.0865837 174.87581198888515 2019.731334984358
95 92 98 101 2.12965 177.0256992320054 83.12431584157275
95 92 101 104 0.50285 177.7015562658728 353.3887963923094
95 92 104 107 0.202978 179.5118433345907 884.3906400427176
95 92 107 110 0.0876891 145.82753728072055 1663.0064315943548
95 91 99 103 1.5298 176.2297842473205 115.19792407329095
95 91 103 107 0.382592 179.0158355505087 467.90271503457654
95 90 100 105 1.23226 181.18842042401712 147.0374924318059
95 90 105 110 0.283102 157.59133623524593 556.6592119986645
95 89 101 107 1.01236 176.32251231729185 174.16977391174274
95 88 102 109 0.857526 172.76041429612653 201.46376237703174
96 95 97 98 7.95528 223.80080309103604 28.132360280346642
96 95 98 99 1.65055 175.99389185670907 106.62742228754601
96 95 99 100 0.598691 167.75196235319186 280.1979023456038
96 95 100 101 0.304572 182.9473194807678 600.6701846550825
96 95 101 102 0.1659 172.00130844223503 1036.7770249682642
96 95 102 103 0.10527 170.9758070467486 1624.1645962453556
96 95 103 104 0.0726158 177.98237235553603 2451.0144122289644
96 94 98 100 3.23346 175.42060914162846 54.25167131853447
96 94 100 102 0.765752 183.53678722900432 239.6817601899888
96 94 102 104 0.304372 177.7420120997257 583.9630849740637
96 94 104 106 0.152549 180.24888725194535 1181.580261109187
96 94 106 108 0.0827819 171.60978997717993 2073.035168040114
96 93 99 102 2.0319 176.363586590473 86.79737516141199
96 93 102 105 0.510195 180.77941999029804 354.33397032565597
96 93 105 108 0.196036 171.4816964586281 874.7459469619259
96 92 100 104 1.5267 181.1978622917471 118.68596468968829
96 92 104 108 0.371018 175.61873609692444 473.3429000666394
96 91 101 106 1.20237 176.25077771509058 146.58614046848356
96 90 102 108 1.0059 175.75599367421108 174.72511549280355
96 89 103 110 0.843765 168.94627770595056 200.22906580143828
97 96 98 99 6.97685 193.78039933923705 27.77476932128927
97 96 99 100 1.5246 178.71453256084902 117.22060380483342
97 96 100 101 0.617511 192.61898603317547 311.92802400795364
97 96 101 102 0.295091 180.73559405231924 612.474097997971
97 96 102 103 0.170615 178.71843839983433 1047.4954628833007
97 96 103 104 0.110043 185.20578562517218 1683.0310480918567
97 96 104 105 0.0710346 185.74880514509488 2614.9060478287324
97 95 99 101 3.04537 179.4507646254933 58.92576751773784
97 95 101 103 0.737941 177.06580029385006 239.94574131786968
97 95 103 105 0.303321 182.76243590350748 602.5380237553861
97 95 105 107 0.1468 169.3177306252663 1153.390535594457
97 95 107 109 0.0790675 162.17307867987543 2051.0712831425735
97 94 100 103 2.02627 184.41513102551173 91.0121212994871
97 94 103 106 0.50824 181.44669210415825 357.0098616877031
97 94 106 109 0.18868 165.38848142309214 876.5554453206072
97 93 101 105 1.50213 179.95078991363684 119.7970814201413
97 93 105 109 0.362693 168.37004785795327 464.22193937559666
97 92 102 107 1.20146 177.34276317258048 147.6060486179985
97 91 103 109 0.994268 175.50201178696017 176.5137888245022
98 97 99 100 6.48984 197.45676268310135 30.425520919329497
98 97 100 101 1.57769 199.72070551164015 126.59058846265118
98 97 101 102 0.607695 186.2817783790377 306.53827722630217
98 97 102 103 0.307806 183.83117498720782 597.2306419862115
98 97 103 104 0.181602 190.29781321473175 1047.8839066460266
98 97 104 105 0.112083 194.15240081931103 1732.2198800827157
98 97 105 106 0.0738993 178.45710095195025 2414.868624627706
98 96 100 102 3.09872 193.6662885527037 62.49880226438778
98 96 102 104 0.771764 184.74199496290615 239.37627948816757
98 96 104 106 0.30523 183.69518427227058 601.8254571053651
98 96 106 108 0.147214 176.68098058327638 1200.164254644778
98 96 108 110 0.0758019 139.8207835748304 1844.5551308717904
98 95 101 104 2.01876 182.51641399285296 90.41015969845498
98 95 104 107 0.50248 179.368063911326 356.96557855302893
98 95 107 110 0.182328 153.11186598671037 839.7605742766355
98 94 102 106 1.53546 182.83865533179687 119.07744606293674
98 94 106 110 0.351674 159.6775309672075 454.0498614262286
98 93 103 108 1.22221 182.36228324280864 149.2069965413543
98 92 104 110 0.971172 169.65929219578788 174.69541151905932
99 98 100 101 7.04423 202.93305014746852 28.80840775322051
99 98 101 102 1.59189 176.2345793660674 110.70776207279863
99 98 102 103 0.642125 173.11721774179856 269.60049482857477
99 98 103 104 0.327553 177.6287408705591 542.2900747987627
99 98 104 105 0.18239 178.9967092515248 981.3954123116663
99 98 105 106 0.112683 164.74469044080627 1462.0190307393862
99 98 106 107 0.0711797 158.58491151414722 2227.95138942911
99 97 101 103 3.14939 178.14689778338123 56.565524683631196
99 97 103 105 0.805245 183.23565204281672 227.55267284219923
99 97 105 107 0.30498 166.4347150913073 545.7233756026865
99 97 107 109 0.146958 163.52291603892238 1112.7187090115704
99 96 102 105 2.10807 180.03195858537907 85.40131901947234
99 96 105 108 0.503313 169.77711223168495 337.3191477901126
99 95 103 107 1.56194 178.43253889034852 114.2377677057688
99 94 104 109 1.21112 173.39487813830615 143.16903208460445
100 99 101 102 6.47328 179.70771996711983 27.761462499246107
100 99 102 103 1.51609 164.46073415336596 108.47689395310698
100 99 103 104 0.623989 170.80122287447477 273.72473372843876
100 99 104 105 0.303453 172.17925787280655 567.40008460225
100 99 105 106 0.170064 157.83628467688834 928.0993312922685
100 99 106 107 0.10011 151.3120460478711 1511.457856836191
100 99 107 108 0.066631 160.11658913338673 2403.034460437135
100 98 102 104 3.11 168.79165223628215 54.27384316279169
100 98 104 106 0.769228 169.32760881955187 220.12668392147955
100 98 106 108 0.287201 157.52530001315827 548.484510893619
100 98 108 110 0.132207 128.461981329288 971.6730682133928
100 97 103 106 2.08928 174.31185083290455 83.43154140799919
100 97 106 109 0.478076 157.47220547903044 329.3873891996888
100 96 104 108 1.50934 170.33758387883316 112.85567458546993
100 95 105 110 1.1542 156.58150004310818 135.66236357919615
101 100 102 103 7.67423 217.8706026001999 28.38989743599031
101 100 103 104 1.74333 200.62158903997417 115.0795254139917
101 100 104 105 0.676617 201.45194184714407 297.73408271909227
101 100 105 106 0.316448 176.98488642009522 559.2858429192007
101 100 106 107 0.180459 180.34350333657218 999.3599839108726
101 100 107 108 0.107976 183.19885352487358 1696.6627169451876
101 100 108 109 0.0692382 158.2638024305383 2285.787360597738
101 99 103 105 3.34658 191.62652554461198 57.26040481465017
101 99 105 107 0.767766 169.57016448765552 220.8617788332064
101 99 107 109 0.287189 162.42240035929547 565.5592671003953
101 98 104 107 2.1133 179.0836433165433 84.74123092629692
101 98 107 110 0.468243 150.75773900719224 321.9647469523137
101 97 105 109 1.50873 167.1350776996836 110.77865337050605
102 101 103 104 8.37699 242.72329849779047 28.97500158144996
102 101 104 105 1.75652 208.13993677628056 118.49562588315564
102 101 105 106 0.647779 180.01944291780913 277.90256077737797
102 101 106 107 0.297887 169.36747623607772 568.5628316646169
102 101 107 108 0.167131 176.5282148539856 1056.226641700137
102 101 108 109 0.101043 153.6926254743228 1521.0615824383956
102 101 109 110 0.0605383 126.103082112272 2083.0297863050664
102 100 104 106 3.39771 197.72279441226138 58.19295773101924
102 100 106 108 0.755623 175.90546441320635 232.7952754392155
102 100 108 110 0.271917 142.20553740491013 522.9740597495196
102 99 105 108 2.05584 173.67588260556013 84.4792798104717
102 98 106 110 1.44841 159.86655655266398 110.37382823417677
103 102 104 105 10.5209 304.08386348820983 28.902837541294932
103 102 105 106 1.98003 215.08561569312855 108.62745296441395
103 102 106 107 0.674836 187.83194906702408 278.3371797992758
103 102 107 108 0.312614 184.96745977018708 591.6800263909712
103 102 108 109 0.177959 166.5109528117446 935.6703106431514
103 102 109 110 0.0964683 132.819389935116 1376.819016558973
103 101 105 107 3.60052 198.31298766130723 55.07898516361726
103 101 107 109 0.761483 174.5296821988218 229.19708279609893
103 100 106 109 2.09259 178.21165458571875 85.16319708386199
104 103 105 106 12.6286 344.5149869373751 27.280536792469086
104 103 106 107 2.27396 255.57072277363432 112.39015759891744
104 103 107 108 0.760322 226.49406637166607 297.89229612146704
104 103 108 109 0.330578 178.79613660484353 540.8591515613366
104 103 109 110 0.165827 145.8344409508815 879.4372505736791
104 102 106 108 4.02319 229.40679913889875 57.02111984243816
104 102 108 110 0.772874 161.65309164471006 209.15840310931674
104 101 107 110 2.17594 182.66240746022885 83.94643577498866
105 104 106 107 12.401 378.3362298839074 30.50852591596705
105 104 107 108 2.33517 296.17927307124404 126.83413758794606
105 104 108 109 0.719009 206.1621867936603 286.7310239422042
105 104 109 110 0.299954 161.5058740393486 538.4354735704428
105 103 107 109 4.14316 249.9232408875647 60.32188978643468
106 105 107 108 13.044 378.57787925583733 29.02314315055484
106 105 108 109 2.24357 236.48934342989125 105.40760637283046
106 105 109 110 0.67897 171.20061270552253 252.1475362763046
106 104 108 110 3.93946 209.57098975315566 53.19789761874868
107 106 108 109 9.37403 253.53427676573418 27.04645459484706
107 106 109 110 1.7738 188.69330245767492 106.37800341508338
108 107 109 110 6.8205 210.07721610260313 30.80085273845072
