72
# x y z
15	1614.4582953194	0
16	1614.221672952	0
17	1614.0202545554	0
18	1613.8801431529	0
19	1613.6787421144	0
20	1613.4542377262	0
21	1613.2052591604	0
22	1613.0361189408	0
23	1612.7683380917	0
24	1612.5039143283	0
25	1612.2874436409	0
26	1612.0614212705	0
27	1611.8076447815	0
28	1611.4985788422	0
29	1611.2313061998	0
30	1610.9324996639	0
31	1610.6562145269	0
32	1610.4024589268	0
33	1610.0487721373	0
34	1609.6566854357	0
35	1609.2763191672	0
36	1608.9288407351	0
37	1608.6153842534	0
38	1608.3121530915	0
39	1607.9620378985	0
40	1607.5890831679	0
41	1607.1527478659	0
42	1606.7231100411	0
43	1606.3294891917	0
44	1605.8916579979	0
45	1605.5571378559	0
46	1605.1945204779	0
47	1605.2024529938	0
48	1605.5722532911	0
49	1606.2333053366	0
50	1606.7488769915	0
51	1607.2628802481	0
52	1607.9528666056	0
53	1608.5281401438	0
54	1609.1086700508	0
55	1609.592007773	0
56	1610.1910500321	0
57	1610.7497515258	0
58	1611.3402200292	0
59	1611.9598302022	0
60	1612.5343344745	0
61	1613.0866762593	0
62	1613.627535108	0
63	1614.1387613712	0
64	1614.6111832059	0
65	1615.1967728583	0
66	1615.7322957147	0
67	1616.2654610451	0
68	1616.7196386914	0
69	1617.1973320166	0
70	1617.640512002	0
71	1618.0278917818	0
72	1618.4828743829	0
73	1618.8794827024	0
74	1619.3779372478	0
75	1619.7549039896	0
76	1620.1210898045	0
77	1620.5274783772	0
78	1620.8623704894	0
79	1621.1725356163	0
80	1621.50325467	0
81	1621.9084970396	0
82	1622.2205904936	0
83	1622.6075481285	0
84	1622.9342915078	0
85	1623.2004372901	0
86	1623.4848707608	0
828
# a b m n err i ip iperr k r rhoa u valid 
1	4	2	3	5.00000000000000e-02	0.00000000000000e+00	0.00000000000000e+00	0.00000000000000e+00	6.39726849106542e+00	0.00000000000000e+00	4.66756380925122e+02	0.00000000000000e+00	1
2	5	3	4	5.00000000000000e-02	0.00000000000000e+00	0.00000000000000e+00	0.00000000000000e+00	6.44497798233697e+00	0.00000000000000e+00	4.61042429618783e+02	0.00000000000000e+00	1
3	6	4	5	5.00000000000000e-02	0.00000000000000e+00	0.00000000000000e+00	0.00000000000000e+00	6.38444758328385e+00	0.00000000000000e+00	4.42443249551523e+02	0.00000000000000e+00	1
4	7	5	6	5.00000000000000e-02	0.00000000000000e+00	0.00000000000000e+00	0.00000000000000e+00	6.44359578462814e+00	0.00000000000000e+00	4.54904966286016e+02	0.00000000000000e+00	1
5	8	6	7	5.00000000000000e-02	0.00000000000000e+00	0.00000000000000e+00	0.00000000000000e+00	6.37408926992179e+00	0.00000000000000e+00	5.22766355679903e+02	0.00000000000000e+00	1
6	9	7	8	5.00000000000000e-02	0.00000000000000e+00	0.00000000000000e+00	0.00000000000000e+00	6.55561648120753e+00	0.00000000000000e+00	4.97467704006240e+02	0.00000000000000e+00	1
7	10	8	9	5.00000000000000e-02	0.00000000000000e+00	0.00000000000000e+00	0.00000000000000e+00	6.40420275256411e+00	0.00000000000000e+00	4.40053779652488e+02	0.00000000000000e+00	1
8	11	9	10	5.00000000000000e-02	0.00000000000000e+00	0.00000000000000e+00	0.00000000000000e+00	6.45091113325859e+00	0.00000000000000e+00	5.01607791352024e+02	0.00000000000000e+00	1
9	12	10	11	5.00000000000000e-02	0.00000000000000e+00	0.00000000000000e+00	0.00000000000000e+00	6.49203445600108e+00	0.00000000000000e+00	4.75180236975841e+02	0.00000000000000e+00	1
10	13	11	12	5.00000000000000e-02	0.00000000000000e+00	0.00000000000000e+00	0.00000000000000e+00	6.46259383687139e+00	0.00000000000000e+00	4.79474010805667e+02	0.00000000000000e+00	1
11	14	12	13	5.00000000000000e-02	0.00000000000000e+00	0.00000000000000e+00	0.00000000000000e+00	6.52258794517546e+00	0.00000000000000e+00	4.77577160263193e+02	0.00000000000000e+00	1
12	15	13	14	5.00000000000000e-02	0.00000000000000e+00	0.00000000000000e+00	0.00000000000000e+00	6.45348649895477e+00	0.00000000000000e+00	4.69468368618195e+02	0.00000000000000e+00	1
13	16	14	15	5.00000000000000e-02	0.00000000000000e+00	0.00000000000000e+00	0.00000000000000e+00	6.59998298323761e+00	0.00000000000000e+00	4.91754875927579e+02	0.00000000000000e+00	1
14	17	15	16	5.00000000000000e-02	0.00000000000000e+00	0.00000000000000e+00	0.00000000000000e+00	6.48856240247028e+00	0.00000000000000e+00	4.61286406760408e+02	0.00000000000000e+00	1
15	18	16	17	5.00000000000000e-02	0.00000000000000e+00	0.00000000000000e+00	0.00000000000000e+00	6.52069126602257e+00	0.00000000000000e+00	5.61567545279916e+02	0.00000000000000e+00	1
16	19	17	18	5.00000000000000e-02	0.00000000000000e+00	0.00000000000000e+00	0.00000000000000e+00	6.64942109205084e+00	0.00000000000000e+00	5.21192411973974e+02	0.00000000000000e+00	1
17	20	18	19	5.00000000000000e-02	0.00000000000000e+00	0.00000000000000e+00	0.00000000000000e+00	6.59053019765254e+00	0.00000000000000e+00	4.52776795621786e+02	0.00000000000000e+00	1
18	21	19	20	5.00000000000000e-02	0.00000000000000e+00	0.00000000000000e+00	0.00000000000000e+00	6.66630078684180e+00	0.00000000000000e+00	4.90819737831816e+02	0.00000000000000e+00	1
19	22	20	21	5.00000000000000e-02	0.00000000000000e+00	0.00000000000000e+00	0.00000000000000e+00	6.68907905578470e+00	0.00000000000000e+00	4.89976777424662e+02	0.00000000000000e+00	1
20	23	21	22	5.00000000000000e-02	0.00000000000000e+00	0.00000000000000e+00	0.00000000000000e+00	6.65388768195115e+00	0.00000000000000e+00	4.57234465362269e+02	0.00000000000000e+00	1
21	24	22	23	5.00000000000000e-02	0.00000000000000e+00	0.00000000000000e+00	0.00000000000000e+00	6.62071235256689e+00	0.00000000000000e+00	4.98903041813534e+02	0.00000000000000e+00	1
22	25	23	24	5.00000000000000e-02	0.00000000000000e+00	0.00000000000000e+00	0.00000000000000e+00	6.64915778250829e+00	0.00000000000000e+00	4.94253536916497e+02	0.00000000000000e+00	1
23	26	24	25	5.00000000000000e-02	0.00000000000000e+00	0.00000000000000e+00	0.00000000000000e+00	6.62480841705792e+00	0.00000000000000e+00	4.81502802618572e+02	0.00000000000000e+00	1
24	27	25	26	5.00000000000000e-02	0.00000000000000e+00	0.00000000000000e+00	0.00000000000000e+00	6.78040711479886e+00	0.00000000000000e+00	5.30770022620479e+02	0.00000000000000e+00	1
25	28	26	27	5.00000000000000e-02	0.00000000000000e+00	0.00000000000000e+00	0.00000000000000e+00	6.73136270689433e+00	0.00000000000000e+00	4.80611414839240e+02	0.00000000000000e+00	1
26	29	27	28	5.00000000000000e-02	0.00000000000000e+00	0.00000000000000e+00	0.00000000000000e+00	6.78631296222665e+00	0.00000000000000e+00	5.08950024851803e+02	0.00000000000000e+00	1
27	30	28	29	5.00000000000000e-02	0.00000000000000e+00	0.00000000000000e+00	0.00000000000000e+00	6.89866930247331e+00	0.00000000000000e+00	5.26200912035547e+02	0.00000000000000e+00	1
28	31	29	30	5.00000000000000e-02	0.00000000000000e+00	0.00000000000000e+00	0.00000000000000e+00	6.60877652796372e+00	0.00000000000000e+00	5.94184825204887e+02	0.00000000000000e+00	1
29	32	30	31	5.00000000000000e-02	0.00000000000000e+00	0.00000000000000e+00	0.00000000000000e+00	6.84757200468992e+00	0.00000000000000e+00	5.05375718311964e+02	0.00000000000000e+00	1
30	33	31	32	5.00000000000000e-02	0.00000000000000e+00	0.00000000000000e+00	0.00000000000000e+00	6.38628546617792e+00	0.00000000000000e+00	5.23262123542508e+02	0.00000000000000e+00	1
31	34	32	33	5.00000000000000e-02	0.00000000000000e+00	0.00000000000000e+00	0.00000000000000e+00	7.02509678402836e+00	0.00000000000000e+00	6.73623739413075e+02	0.00000000000000e+00	1
32	35	33	34	5.00000000000000e-02	0.00000000000000e+00	0.00000000000000e+00	0.00000000000000e+00	6.99357435463374e+00	0.00000000000000e+00	5.23326017380208e+02	0.00000000000000e+00	1
33	36	34	35	5.00000000000000e-02	0.00000000000000e+00	0.00000000000000e+00	0.00000000000000e+00	6.60445919412797e+00	0.00000000000000e+00	5.97791970956806e+02	0.00000000000000e+00	1
34	37	35	36	5.00000000000000e-02	0.00000000000000e+00	0.00000000000000e+00	0.00000000000000e+00	7.40863189757844e+00	0.00000000000000e+00	5.17049672286280e+02	0.00000000000000e+00	1
35	38	36	37	5.00000000000000e-02	0.00000000000000e+00	0.00000000000000e+00	0.00000000000000e+00	7.48902564262131e+00	0.00000000000000e+00	5.69275397483850e+02	0.00000000000000e+00	1
36	39	37	38	5.00000000000000e-02	0.00000000000000e+00	0.00000000000000e+00	0.00000000000000e+00	6.94059164760356e+00	0.00000000000000e+00	5.17006597329174e+02	0.00000000000000e+00	1
37	40	38	39	5.00000000000000e-02	0.00000000000000e+00	0.00000000000000e+00	0.00000000000000e+00	7.54769187757234e+00	0.00000000000000e+00	4.96232051737896e+02	0.00000000000000e+00	1
38	41	39	40	5.00000000000000e-02	0.00000000000000e+00	0.00000000000000e+00	0.00000000000000e+00	7.03754538081026e+00	0.00000000000000e+00	4.97698434042165e+02	0.00000000000000e+00	1
39	42	40	41	5.00000000000000e-02	0.00000000000000e+00	0.00000000000000e+00	0.00000000000000e+00	7.46646338056281e+00	0.00000000000000e+00	4.88817334879788e+02	0.00000000000000e+00	1
40	43	41	42	5.00000000000000e-02	0.00000000000000e+00	0.00000000000000e+00	0.00000000000000e+00	6.97453460899969e+00	0.00000000000000e+00	4.50037164683954e+02	0.00000000000000e+00	1
41	44	42	43	5.00000000000000e-02	0.00000000000000e+00	0.00000000000000e+00	0.00000000000000e+00	7.36866612020103e+00	0.00000000000000e+00	4.75212489684030e+02	0.00000000000000e+00	1
42	45	43	44	5.00000000000000e-02	0.00000000000000e+00	0.00000000000000e+00	0.00000000000000e+00	7.29147545000920e+00	0.00000000000000e+00	4.14320408667306e+02	0.00000000000000e+00	1
43	46	44	45	5.00000000000000e-02	0.00000000000000e+00	0.00000000000000e+00	0.00000000000000e+00	7.21302027460930e+00	0.00000000000000e+00	4.14457236751742e+02	0.00000000000000e+00	1
44	47	45	46	5.00000000000000e-02	0.00000000000000e+00	0.00000000000000e+00	0.00000000000000e+00	7.30194286844733e+00	0.00000000000000e+00	4.81917091078264e+02	0.00000000000000e+00	1
45	48	46	47	5.00000000000000e-02	0.00000000000000e+00	0.00000000000000e+00	0.00000000000000e+00	7.20276842195772e+00	0.00000000000000e+00	4.79252319105160e+02	0.00000000000000e+00	1
46	49	47	48	5.00000000000000e-02	0.00000000000000e+00	0.00000000000000e+00	0.00000000000000e+00	7.10368343524594e+00	0.00000000000000e+00	4.38664788505298e+02	0.00000000000000e+00	1
47	50	48	49	5.00000000000000e-02	0.00000000000000e+00	0.00000000000000e+00	0.00000000000000e+00	7.03928878241472e+00	0.00000000000000e+00	4.34405295738506e+02	0.00000000000000e+00	1
48	51	49	50	5.00000000000000e-02	0.00000000000000e+00	0.00000000000000e+00	0.00000000000000e+00	7.28329913297748e+00	0.00000000000000e+00	5.01523111460346e+02	0.00000000000000e+00	1
49	52	50	51	5.00000000000000e-02	0.00000000000000e+00	0.00000000000000e+00	0.00000000000000e+00	6.92276984710977e+00	0.00000000000000e+00	4.97700797895149e+02	0.00000000000000e+00	1
50	53	51	52	5.00000000000000e-02	0.00000000000000e+00	0.00000000000000e+00	0.00000000000000e+00	7.23699226475957e+00	0.00000000000000e+00	4.53802438580975e+02	0.00000000000000e+00	1
51	54	52	53	5.00000000000000e-02	0.00000000000000e+00	0.00000000000000e+00	0.00000000000000e+00	6.96036807219751e+00	0.00000000000000e+00	4.58206462034866e+02	0.00000000000000e+00	1
52	55	53	54	5.00000000000000e-02	0.00000000000000e+00	0.00000000000000e+00	0.00000000000000e+00	7.11422096951640e+00	0.00000000000000e+00	4.74936550229354e+02	0.00000000000000e+00	1
53	56	54	55	5.00000000000000e-02	0.00000000000000e+00	0.00000000000000e+00	0.00000000000000e+00	6.84932081320734e+00	0.00000000000000e+00	4.45178971236299e+02	0.00000000000000e+00	1
54	57	55	56	5.00000000000000e-02	0.00000000000000e+00	0.00000000000000e+00	0.00000000000000e+00	6.83789376585201e+00	0.00000000000000e+00	4.38291884923999e+02	0.00000000000000e+00	1
55	58	56	57	5.00000000000000e-02	0.00000000000000e+00	0.00000000000000e+00	0.00000000000000e+00	6.96665132086196e+00	0.00000000000000e+00	4.82055658097936e+02	0.00000000000000e+00	1
56	59	57	58	5.00000000000000e-02	0.00000000000000e+00	0.00000000000000e+00	0.00000000000000e+00	6.67565379663517e+00	0.00000000000000e+00	4.81840931008692e+02	0.00000000000000e+00	1
57	60	58	59	5.00000000000000e-02	0.00000000000000e+00	0.00000000000000e+00	0.00000000000000e+00	7.06943932178374e+00	0.00000000000000e+00	4.79199017069983e+02	0.00000000000000e+00	1
58	61	59	60	5.00000000000000e-02	0.00000000000000e+00	0.00000000000000e+00	0.00000000000000e+00	6.60791125512152e+00	0.00000000000000e+00	5.22144575916677e+02	0.00000000000000e+00	1
59	62	60	61	5.00000000000000e-02	0.00000000000000e+00	0.00000000000000e+00	0.00000000000000e+00	6.92538549705742e+00	0.00000000000000e+00	4.25718433057219e+02	0.00000000000000e+00	1
60	63	61	62	5.00000000000000e-02	0.00000000000000e+00	0.00000000000000e+00	0.00000000000000e+00	6.77765987693043e+00	0.00000000000000e+00	5.34573514307140e+02	0.00000000000000e+00	1
61	64	62	63	5.00000000000000e-02	0.00000000000000e+00	0.00000000000000e+00	0.00000000000000e+00	6.59986731458188e+00	0.00000000000000e+00	4.64811532649515e+02	0.00000000000000e+00	1
62	65	63	64	5.00000000000000e-02	0.00000000000000e+00	0.00000000000000e+00	0.00000000000000e+00	6.70678711820262e+00	0.00000000000000e+00	4.67771778242995e+02	0.00000000000000e+00	1
63	66	64	65	5.00000000000000e-02	0.00000000000000e+00	0.00000000000000e+00	0.00000000000000e+00	6.64429088727521e+00	0.00000000000000e+00	4.83850025186053e+02	0.00000000000000e+00	1
64	67	65	66	5.00000000000000e-02	0.00000000000000e+00	0.00000000000000e+00	0.00000000000000e+00	6.70911267019022e+00	0.00000000000000e+00	5.48822994162089e+02	0.00000000000000e+00	1
65	68	66	67	5.00000000000000e-02	0.00000000000000e+00	0.00000000000000e+00	0.00000000000000e+00	6.51692151217652e+00	0.00000000000000e+00	5.09966816436586e+02	0.00000000000000e+00	1
66	69	67	68	5.00000000000000e-02	0.00000000000000e+00	0.00000000000000e+00	0.00000000000000e+00	6.85367491500674e+00	0.00000000000000e+00	4.48714361822410e+02	0.00000000000000e+00	1
67	70	68	69	5.00000000000000e-02	0.00000000000000e+00	0.00000000000000e+00	0.00000000000000e+00	6.52986633134489e+00	0.00000000000000e+00	5.10654956566650e+02	0.00000000000000e+00	1
68	71	69	70	5.00000000000000e-02	0.00000000000000e+00	0.00000000000000e+00	0.00000000000000e+00	6.62309803822740e+00	0.00000000000000e+00	4.44204367330875e+02	0.00000000000000e+00	1
69	72	70	71	5.00000000000000e-02	0.00000000000000e+00	0.00000000000000e+00	0.00000000000000e+00	6.60728739743136e+00	0.00000000000000e+00	5.40062112975401e+02	0.00000000000000e+00	1
1	7	3	5	5.00000000000000e-02	0.00000000000000e+00	0.00000000000000e+00	0.00000000000000e+00	1.29650951980995e+01	0.00000000000000e+00	4.27524114161755e+02	0.00000000000000e+00	1
2	8	4	6	5.00000000000000e-02	0.00000000000000e+00	0.00000000000000e+00	0.00000000000000e+00	1.27668394142279e+01	0.00000000000000e+00	3.61602238658427e+02	0.00000000000000e+00	1
3	9	5	7	5.00000000000000e-02	0.00000000000000e+00	0.00000000000000e+00	0.00000000000000e+00	1.27548144658428e+01	0.00000000000000e+00	4.34845160903560e+02	0.00000000000000e+00	1
4	10	6	8	5.00000000000000e-02	0.00000000000000e+00	0.00000000000000e+00	0.00000000000000e+00	1.29717058255016e+01	0.00000000000000e+00	4.07635503297699e+02	0.00000000000000e+00	1
5	11	7	9	5.00000000000000e-02	0.00000000000000e+00	0.00000000000000e+00	0.00000000000000e+00	1.29480359818184e+01	0.00000000000000e+00	4.07467273184739e+02	0.00000000000000e+00	1
6	12	8	10	5.00000000000000e-02	0.00000000000000e+00	0.00000000000000e+00	0.00000000000000e+00	1.27839331201232e+01	0.00000000000000e+00	4.32151204230582e+02	0.00000000000000e+00	1
7	13	9	11	5.00000000000000e-02	0.00000000000000e+00	0.00000000000000e+00	0.00000000000000e+00	1.28772490413887e+01	0.00000000000000e+00	4.57438301102552e+02	0.00000000000000e+00	1
8	14	10	12	5.00000000000000e-02	0.00000000000000e+00	0.00000000000000e+00	0.00000000000000e+00	1.31135433874903e+01	0.00000000000000e+00	4.24872745707964e+02	0.00000000000000e+00	1
9	15	11	13	5.00000000000000e-02	0.00000000000000e+00	0.00000000000000e+00	0.00000000000000e+00	1.30413424093198e+01	0.00000000000000e+00	4.14952446859218e+02	0.00000000000000e+00	1
10	16	12	14	5.00000000000000e-02	0.00000000000000e+00	0.00000000000000e+00	0.00000000000000e+00	1.29221402558060e+01	0.00000000000000e+00	4.34828103909997e+02	0.00000000000000e+00	1
11	17	13	15	5.00000000000000e-02	0.00000000000000e+00	0.00000000000000e+00	0.00000000000000e+00	1.29610973622290e+01	0.00000000000000e+00	4.45281504827373e+02	0.00000000000000e+00	1
12	18	14	16	5.00000000000000e-02	0.00000000000000e+00	0.00000000000000e+00	0.00000000000000e+00	1.30111764760119e+01	0.00000000000000e+00	3.90086354783263e+02	0.00000000000000e+00	1
13	19	15	17	5.00000000000000e-02	0.00000000000000e+00	0.00000000000000e+00	0.00000000000000e+00	1.31205218456607e+01	0.00000000000000e+00	4.47885834369845e+02	0.00000000000000e+00	1
14	20	16	18	5.00000000000000e-02	0.00000000000000e+00	0.00000000000000e+00	0.00000000000000e+00	1.33599414417380e+01	0.00000000000000e+00	4.53087844700110e+02	0.00000000000000e+00	1
15	21	17	19	5.00000000000000e-02	0.00000000000000e+00	0.00000000000000e+00	0.00000000000000e+00	1.33436653766671e+01	0.00000000000000e+00	3.84879301407902e+02	0.00000000000000e+00	1
16	22	18	20	5.00000000000000e-02	0.00000000000000e+00	0.00000000000000e+00	0.00000000000000e+00	1.30789824636027e+01	0.00000000000000e+00	4.11081181352792e+02	0.00000000000000e+00	1
17	23	19	21	5.00000000000000e-02	0.00000000000000e+00	0.00000000000000e+00	0.00000000000000e+00	1.30494499868844e+01	0.00000000000000e+00	4.38983496801993e+02	0.00000000000000e+00	1
18	24	20	22	5.00000000000000e-02	0.00000000000000e+00	0.00000000000000e+00	0.00000000000000e+00	1.32351945866672e+01	0.00000000000000e+00	5.13332033973643e+02	0.00000000000000e+00	1
19	25	21	23	5.00000000000000e-02	0.00000000000000e+00	0.00000000000000e+00	0.00000000000000e+00	1.34012782898314e+01	0.00000000000000e+00	4.29505781194693e+02	0.00000000000000e+00	1
20	26	22	24	5.00000000000000e-02	0.00000000000000e+00	0.00000000000000e+00	0.00000000000000e+00	1.34820904701420e+01	0.00000000000000e+00	4.65723123918536e+02	0.00000000000000e+00	1
21	27	23	25	5.00000000000000e-02	0.00000000000000e+00	0.00000000000000e+00	0.00000000000000e+00	1.34850527700653e+01	0.00000000000000e+00	4.72707121497768e+02	0.00000000000000e+00	1
22	28	24	26	5.00000000000000e-02	0.00000000000000e+00	0.00000000000000e+00	0.00000000000000e+00	1.34473489380743e+01	0.00000000000000e+00	4.69439681757149e+02	0.00000000000000e+00	1
23	29	25	27	5.00000000000000e-02	0.00000000000000e+00	0.00000000000000e+00	0.00000000000000e+00	1.33292194515400e+01	0.00000000000000e+00	4.95877713080713e+02	0.00000000000000e+00	1
24	30	26	28	5.00000000000000e-02	0.00000000000000e+00	0.00000000000000e+00	0.00000000000000e+00	1.33846622085385e+01	0.00000000000000e+00	4.96666348686225e+02	0.00000000000000e+00	1
25	31	27	29	5.00000000000000e-02	0.00000000000000e+00	0.00000000000000e+00	0.00000000000000e+00	1.34760061277258e+01	0.00000000000000e+00	5.27906929172738e+02	0.00000000000000e+00	1
26	32	28	30	5.00000000000000e-02	0.00000000000000e+00	0.00000000000000e+00	0.00000000000000e+00	1.34454231096462e+01	0.00000000000000e+00	4.97077914125324e+02	0.00000000000000e+00	1
27	33	29	31	5.00000000000000e-02	0.00000000000000e+00	0.00000000000000e+00	0.00000000000000e+00	1.30399422416787e+01	0.00000000000000e+00	4.28505446226182e+02	0.00000000000000e+00	1
28	34	30	32	5.00000000000000e-02	0.00000000000000e+00	0.00000000000000e+00	0.00000000000000e+00	1.33607804098871e+01	0.00000000000000e+00	4.77785368118383e+02	0.00000000000000e+00	1
29	35	31	33	5.00000000000000e-02	0.00000000000000e+00	0.00000000000000e+00	0.00000000000000e+00	1.48281901620120e+01	0.00000000000000e+00	5.83599365339495e+02	0.00000000000000e+00	1
30	36	32	34	5.00000000000000e-02	0.00000000000000e+00	0.00000000000000e+00	0.00000000000000e+00	1.49293718218489e+01	0.00000000000000e+00	6.05628065250605e+02	0.00000000000000e+00	1
31	37	33	35	5.00000000000000e-02	0.00000000000000e+00	0.00000000000000e+00	0.00000000000000e+00	1.34221470465321e+01	0.00000000000000e+00	4.79263378442387e+02	0.00000000000000e+00	1
32	38	34	36	5.00000000000000e-02	0.00000000000000e+00	0.00000000000000e+00	0.00000000000000e+00	1.33167114818661e+01	0.00000000000000e+00	4.53293989388712e+02	0.00000000000000e+00	1
33	39	35	37	5.00000000000000e-02	0.00000000000000e+00	0.00000000000000e+00	0.00000000000000e+00	1.46842423588405e+01	0.00000000000000e+00	5.24389207240771e+02	0.00000000000000e+00	1
34	40	36	38	5.00000000000000e-02	0.00000000000000e+00	0.00000000000000e+00	0.00000000000000e+00	1.44871136711880e+01	0.00000000000000e+00	5.56165904598242e+02	0.00000000000000e+00	1
35	41	37	39	5.00000000000000e-02	0.00000000000000e+00	0.00000000000000e+00	0.00000000000000e+00	1.38672618261508e+01	0.00000000000000e+00	5.34393734620744e+02	0.00000000000000e+00	1
36	42	38	40	5.00000000000000e-02	0.00000000000000e+00	0.00000000000000e+00	0.00000000000000e+00	1.44570048348431e+01	0.00000000000000e+00	4.80407780208409e+02	0.00000000000000e+00	1
37	43	39	41	5.00000000000000e-02	0.00000000000000e+00	0.00000000000000e+00	0.00000000000000e+00	1.49359918529153e+01	0.00000000000000e+00	4.99467974409523e+02	0.00000000000000e+00	1
38	44	40	42	5.00000000000000e-02	0.00000000000000e+00	0.00000000000000e+00	0.00000000000000e+00	1.46138056879462e+01	0.00000000000000e+00	5.13055498141085e+02	0.00000000000000e+00	1
39	45	41	43	5.00000000000000e-02	0.00000000000000e+00	0.00000000000000e+00	0.00000000000000e+00	1.44262377432604e+01	0.00000000000000e+00	4.74879730082809e+02	0.00000000000000e+00	1
40	46	42	44	5.00000000000000e-02	0.00000000000000e+00	0.00000000000000e+00	0.00000000000000e+00	1.44440071618860e+01	0.00000000000000e+00	4.44976937587543e+02	0.00000000000000e+00	1
41	47	43	45	5.00000000000000e-02	0.00000000000000e+00	0.00000000000000e+00	0.00000000000000e+00	1.43664962638167e+01	0.00000000000000e+00	4.50780696026555e+02	0.00000000000000e+00	1
42	48	44	46	5.00000000000000e-02	0.00000000000000e+00	0.00000000000000e+00	0.00000000000000e+00	1.42951383815774e+01	0.00000000000000e+00	4.48327735007847e+02	0.00000000000000e+00	1
43	49	45	47	5.00000000000000e-02	0.00000000000000e+00	0.00000000000000e+00	0.00000000000000e+00	1.44474059072065e+01	0.00000000000000e+00	4.72990863103050e+02	0.00000000000000e+00	1
44	50	46	48	5.00000000000000e-02	0.00000000000000e+00	0.00000000000000e+00	0.00000000000000e+00	1.43100489962893e+01	0.00000000000000e+00	4.22968488855381e+02	0.00000000000000e+00	1
45	51	47	49	5.00000000000000e-02	0.00000000000000e+00	0.00000000000000e+00	0.00000000000000e+00	1.43804932518674e+01	0.00000000000000e+00	4.55476772483916e+02	0.00000000000000e+00	1
46	52	48	50	5.00000000000000e-02	0.00000000000000e+00	0.00000000000000e+00	0.00000000000000e+00	1.45521878204286e+01	0.00000000000000e+00	4.44006599830679e+02	0.00000000000000e+00	1
47	53	49	51	5.00000000000000e-02	0.00000000000000e+00	0.00000000000000e+00	0.00000000000000e+00	1.42269132822179e+01	0.00000000000000e+00	4.72179285415936e+02	0.00000000000000e+00	1
48	54	50	52	5.00000000000000e-02	0.00000000000000e+00	0.00000000000000e+00	0.00000000000000e+00	1.38208539859435e+01	0.00000000000000e+00	4.09704102973284e+02	0.00000000000000e+00	1
49	55	51	53	5.00000000000000e-02	0.00000000000000e+00	0.00000000000000e+00	0.00000000000000e+00	1.39362397367705e+01	0.00000000000000e+00	3.98505664015745e+02	0.00000000000000e+00	1
50	56	52	54	5.00000000000000e-02	0.00000000000000e+00	0.00000000000000e+00	0.00000000000000e+00	1.41665299481556e+01	0.00000000000000e+00	4.53251617828725e+02	0.00000000000000e+00	1
51	57	53	55	5.00000000000000e-02	0.00000000000000e+00	0.00000000000000e+00	0.00000000000000e+00	1.39506993836826e+01	0.00000000000000e+00	4.11332759280839e+02	0.00000000000000e+00	1
52	58	54	56	5.00000000000000e-02	0.00000000000000e+00	0.00000000000000e+00	0.00000000000000e+00	1.38171138557151e+01	0.00000000000000e+00	3.69531543565646e+02	0.00000000000000e+00	1
53	59	55	57	5.00000000000000e-02	0.00000000000000e+00	0.00000000000000e+00	0.00000000000000e+00	1.38389031770051e+01	0.00000000000000e+00	3.81627927715492e+02	0.00000000000000e+00	1
54	60	56	58	5.00000000000000e-02	0.00000000000000e+00	0.00000000000000e+00	0.00000000000000e+00	1.38858741326251e+01	0.00000000000000e+00	4.27538603444457e+02	0.00000000000000e+00	1
55	61	57	59	5.00000000000000e-02	0.00000000000000e+00	0.00000000000000e+00	0.00000000000000e+00	1.36639573498165e+01	0.00000000000000e+00	4.05275089997738e+02	0.00000000000000e+00	1
56	62	58	60	5.00000000000000e-02	0.00000000000000e+00	0.00000000000000e+00	0.00000000000000e+00	1.34017241179099e+01	0.00000000000000e+00	4.00594149487449e+02	0.00000000000000e+00	1
57	63	59	61	5.00000000000000e-02	0.00000000000000e+00	0.00000000000000e+00	0.00000000000000e+00	1.34897960150626e+01	0.00000000000000e+00	3.93698445122122e+02	0.00000000000000e+00	1
58	64	60	62	5.00000000000000e-02	0.00000000000000e+00	0.00000000000000e+00	0.00000000000000e+00	1.36744216811901e+01	0.00000000000000e+00	4.00550273524770e+02	0.00000000000000e+00	1
59	65	61	63	5.00000000000000e-02	0.00000000000000e+00	0.00000000000000e+00	0.00000000000000e+00	1.34510343695479e+01	0.00000000000000e+00	4.57685865156217e+02	0.00000000000000e+00	1
60	66	62	64	5.00000000000000e-02	0.00000000000000e+00	0.00000000000000e+00	0.00000000000000e+00	1.32509427183326e+01	0.00000000000000e+00	3.96787791248480e+02	0.00000000000000e+00	1
61	67	63	65	5.00000000000000e-02	0.00000000000000e+00	0.00000000000000e+00	0.00000000000000e+00	1.35501504135114e+01	0.00000000000000e+00	4.21085167730773e+02	0.00000000000000e+00	1
62	68	64	66	5.00000000000000e-02	0.00000000000000e+00	0.00000000000000e+00	0.00000000000000e+00	1.34699388925930e+01	0.00000000000000e+00	4.24702920047441e+02	0.00000000000000e+00	1
63	69	65	67	5.00000000000000e-02	0.00000000000000e+00	0.00000000000000e+00	0.00000000000000e+00	1.31935065020225e+01	0.00000000000000e+00	4.19882652513611e+02	0.00000000000000e+00	1
64	70	66	68	5.00000000000000e-02	0.00000000000000e+00	0.00000000000000e+00	0.00000000000000e+00	1.32291311164160e+01	0.00000000000000e+00	3.93157144399913e+02	0.00000000000000e+00	1
65	71	67	69	5.00000000000000e-02	0.00000000000000e+00	0.00000000000000e+00	0.00000000000000e+00	1.32165177072019e+01	0.00000000000000e+00	4.20371361157464e+02	0.00000000000000e+00	1
66	72	68	70	5.00000000000000e-02	0.00000000000000e+00	0.00000000000000e+00	0.00000000000000e+00	1.31188246746701e+01	0.00000000000000e+00	4.23715669369691e+02	0.00000000000000e+00	1
1	10	4	7	5.00000000000000e-02	0.00000000000000e+00	0.00000000000000e+00	0.00000000000000e+00	1.92560280443362e+01	0.00000000000000e+00	4.11217160958835e+02	0.00000000000000e+00	1
2	11	5	8	5.00000000000000e-02	0.00000000000000e+00	0.00000000000000e+00	0.00000000000000e+00	1.92999017050571e+01	0.00000000000000e+00	4.46746172888980e+02	0.00000000000000e+00	1
3	12	6	9	5.00000000000000e-02	0.00000000000000e+00	0.00000000000000e+00	0.00000000000000e+00	1.92441202402832e+01	0.00000000000000e+00	3.72565224468555e+02	0.00000000000000e+00	1
4	13	7	10	5.00000000000000e-02	0.00000000000000e+00	0.00000000000000e+00	0.00000000000000e+00	1.93245816886243e+01	0.00000000000000e+00	4.30398746947076e+02	0.00000000000000e+00	1
5	14	8	11	5.00000000000000e-02	0.00000000000000e+00	0.00000000000000e+00	0.00000000000000e+00	1.93623765217808e+01	0.00000000000000e+00	4.17235165299586e+02	0.00000000000000e+00	1
6	15	9	12	5.00000000000000e-02	0.00000000000000e+00	0.00000000000000e+00	0.00000000000000e+00	1.94883759070861e+01	0.00000000000000e+00	4.14408347491081e+02	0.00000000000000e+00	1
7	16	10	13	5.00000000000000e-02	0.00000000000000e+00	0.00000000000000e+00	0.00000000000000e+00	1.95721144672130e+01	0.00000000000000e+00	4.17574827792839e+02	0.00000000000000e+00	1
8	17	11	14	5.00000000000000e-02	0.00000000000000e+00	0.00000000000000e+00	0.00000000000000e+00	1.95094920854098e+01	0.00000000000000e+00	4.12167636563250e+02	0.00000000000000e+00	1
9	18	12	15	5.00000000000000e-02	0.00000000000000e+00	0.00000000000000e+00	0.00000000000000e+00	1.94134569482644e+01	0.00000000000000e+00	4.08388831433546e+02	0.00000000000000e+00	1
10	19	13	16	5.00000000000000e-02	0.00000000000000e+00	0.00000000000000e+00	0.00000000000000e+00	1.94353411741464e+01	0.00000000000000e+00	4.00665291821957e+02	0.00000000000000e+00	1
11	20	14	17	5.00000000000000e-02	0.00000000000000e+00	0.00000000000000e+00	0.00000000000000e+00	1.97299161764409e+01	0.00000000000000e+00	4.30777041483007e+02	0.00000000000000e+00	1
12	21	15	18	5.00000000000000e-02	0.00000000000000e+00	0.00000000000000e+00	0.00000000000000e+00	1.99957672182483e+01	0.00000000000000e+00	4.41407368444871e+02	0.00000000000000e+00	1
13	22	16	19	5.00000000000000e-02	0.00000000000000e+00	0.00000000000000e+00	0.00000000000000e+00	1.99937502028238e+01	0.00000000000000e+00	4.37189243109269e+02	0.00000000000000e+00	1
14	23	17	20	5.00000000000000e-02	0.00000000000000e+00	0.00000000000000e+00	0.00000000000000e+00	1.97145337027654e+01	0.00000000000000e+00	4.17335900611251e+02	0.00000000000000e+00	1
15	24	18	21	5.00000000000000e-02	0.00000000000000e+00	0.00000000000000e+00	0.00000000000000e+00	1.94654225636512e+01	0.00000000000000e+00	4.56640986631821e+02	0.00000000000000e+00	1
16	25	19	22	5.00000000000000e-02	0.00000000000000e+00	0.00000000000000e+00	0.00000000000000e+00	1.95426673398622e+01	0.00000000000000e+00	4.65568327169514e+02	0.00000000000000e+00	1
17	26	20	23	5.00000000000000e-02	0.00000000000000e+00	0.00000000000000e+00	0.00000000000000e+00	1.98665780354377e+01	0.00000000000000e+00	4.72499831426026e+02	0.00000000000000e+00	1
18	27	21	24	5.00000000000000e-02	0.00000000000000e+00	0.00000000000000e+00	0.00000000000000e+00	2.03677257584667e+01	0.00000000000000e+00	5.13009577654663e+02	0.00000000000000e+00	1
19	28	22	25	5.00000000000000e-02	0.00000000000000e+00	0.00000000000000e+00	0.00000000000000e+00	2.04978932768664e+01	0.00000000000000e+00	4.65915279429498e+02	0.00000000000000e+00	1
20	29	23	26	5.00000000000000e-02	0.00000000000000e+00	0.00000000000000e+00	0.00000000000000e+00	2.03388212082057e+01	0.00000000000000e+00	4.40963750458855e+02	0.00000000000000e+00	1
21	30	24	27	5.00000000000000e-02	0.00000000000000e+00	0.00000000000000e+00	0.00000000000000e+00	2.00770031144626e+01	0.00000000000000e+00	4.60932272651193e+02	0.00000000000000e+00	1
22	31	25	28	5.00000000000000e-02	0.00000000000000e+00	0.00000000000000e+00	0.00000000000000e+00	1.98317736707781e+01	0.00000000000000e+00	5.30878918210955e+02	0.00000000000000e+00	1
23	32	26	29	5.00000000000000e-02	0.00000000000000e+00	0.00000000000000e+00	0.00000000000000e+00	1.98448478210394e+01	0.00000000000000e+00	4.72438348356488e+02	0.00000000000000e+00	1
24	33	27	30	5.00000000000000e-02	0.00000000000000e+00	0.00000000000000e+00	0.00000000000000e+00	1.94691314591043e+01	0.00000000000000e+00	4.44292528849649e+02	0.00000000000000e+00	1
25	34	28	31	5.00000000000000e-02	0.00000000000000e+00	0.00000000000000e+00	0.00000000000000e+00	1.94502841006312e+01	0.00000000000000e+00	4.53675897507857e+02	0.00000000000000e+00	1
26	35	29	32	5.00000000000000e-02	0.00000000000000e+00	0.00000000000000e+00	0.00000000000000e+00	2.08821825796190e+01	0.00000000000000e+00	4.92893528908559e+02	0.00000000000000e+00	1
27	36	30	33	5.00000000000000e-02	0.00000000000000e+00	0.00000000000000e+00	0.00000000000000e+00	2.24336433274237e+01	0.00000000000000e+00	5.68727556028208e+02	0.00000000000000e+00	1
28	37	31	34	5.00000000000000e-02	0.00000000000000e+00	0.00000000000000e+00	0.00000000000000e+00	2.26755081304330e+01	0.00000000000000e+00	6.71432542335055e+02	0.00000000000000e+00	1
29	38	32	35	5.00000000000000e-02	0.00000000000000e+00	0.00000000000000e+00	0.00000000000000e+00	2.22109610729958e+01	0.00000000000000e+00	6.77845809301414e+02	0.00000000000000e+00	1
30	39	33	36	5.00000000000000e-02	0.00000000000000e+00	0.00000000000000e+00	0.00000000000000e+00	2.08876150464472e+01	0.00000000000000e+00	5.40030757290886e+02	0.00000000000000e+00	1
31	40	34	37	5.00000000000000e-02	0.00000000000000e+00	0.00000000000000e+00	0.00000000000000e+00	2.00526735854889e+01	0.00000000000000e+00	4.40867557895152e+02	0.00000000000000e+00	1
32	41	35	38	5.00000000000000e-02	0.00000000000000e+00	0.00000000000000e+00	0.00000000000000e+00	2.02265294214896e+01	0.00000000000000e+00	4.18600723734442e+02	0.00000000000000e+00	1
33	42	36	39	5.00000000000000e-02	0.00000000000000e+00	0.00000000000000e+00	0.00000000000000e+00	2.11207317572883e+01	0.00000000000000e+00	4.99928807728408e+02	0.00000000000000e+00	1
34	43	37	40	5.00000000000000e-02	0.00000000000000e+00	0.00000000000000e+00	0.00000000000000e+00	2.12880018591844e+01	0.00000000000000e+00	5.50035136255202e+02	0.00000000000000e+00	1
35	44	38	41	5.00000000000000e-02	0.00000000000000e+00	0.00000000000000e+00	0.00000000000000e+00	2.19208750634098e+01	0.00000000000000e+00	4.85175975330123e+02	0.00000000000000e+00	1
36	45	39	42	5.00000000000000e-02	0.00000000000000e+00	0.00000000000000e+00	0.00000000000000e+00	2.20771093247524e+01	0.00000000000000e+00	5.35485347482286e+02	0.00000000000000e+00	1
37	46	40	43	5.00000000000000e-02	0.00000000000000e+00	0.00000000000000e+00	0.00000000000000e+00	2.23170177769060e+01	0.00000000000000e+00	5.01701981521158e+02	0.00000000000000e+00	1
38	47	41	44	5.00000000000000e-02	0.00000000000000e+00	0.00000000000000e+00	0.00000000000000e+00	2.15592015671019e+01	0.00000000000000e+00	4.73616100238736e+02	0.00000000000000e+00	1
39	48	42	45	5.00000000000000e-02	0.00000000000000e+00	0.00000000000000e+00	0.00000000000000e+00	2.14016741319978e+01	0.00000000000000e+00	5.18804169660939e+02	0.00000000000000e+00	1
40	49	43	46	5.00000000000000e-02	0.00000000000000e+00	0.00000000000000e+00	0.00000000000000e+00	2.11897018906032e+01	0.00000000000000e+00	4.53847875091454e+02	0.00000000000000e+00	1
41	50	44	47	5.00000000000000e-02	0.00000000000000e+00	0.00000000000000e+00	0.00000000000000e+00	2.13124288950645e+01	0.00000000000000e+00	4.62888530432156e+02	0.00000000000000e+00	1
42	51	45	48	5.00000000000000e-02	0.00000000000000e+00	0.00000000000000e+00	0.00000000000000e+00	2.15769067113076e+01	0.00000000000000e+00	4.22055097844315e+02	0.00000000000000e+00	1
43	52	46	49	5.00000000000000e-02	0.00000000000000e+00	0.00000000000000e+00	0.00000000000000e+00	2.17665854463196e+01	0.00000000000000e+00	4.58674340681742e+02	0.00000000000000e+00	1
44	53	47	50	5.00000000000000e-02	0.00000000000000e+00	0.00000000000000e+00	0.00000000000000e+00	2.19414205947618e+01	0.00000000000000e+00	3.97715031074832e+02	0.00000000000000e+00	1
45	54	48	51	5.00000000000000e-02	0.00000000000000e+00	0.00000000000000e+00	0.00000000000000e+00	2.13902159429905e+01	0.00000000000000e+00	4.84273229436249e+02	0.00000000000000e+00	1
46	55	49	52	5.00000000000000e-02	0.00000000000000e+00	0.00000000000000e+00	0.00000000000000e+00	2.10918367148350e+01	0.00000000000000e+00	4.37343294384046e+02	0.00000000000000e+00	1
47	56	50	53	5.00000000000000e-02	0.00000000000000e+00	0.00000000000000e+00	0.00000000000000e+00	2.06594658315826e+01	0.00000000000000e+00	4.05684405349309e+02	0.00000000000000e+00	1
48	57	51	54	5.00000000000000e-02	0.00000000000000e+00	0.00000000000000e+00	0.00000000000000e+00	2.08031698707046e+01	0.00000000000000e+00	4.12662381876400e+02	0.00000000000000e+00	1
49	58	52	55	5.00000000000000e-02	0.00000000000000e+00	0.00000000000000e+00	0.00000000000000e+00	2.08898776943894e+01	0.00000000000000e+00	4.13983674563159e+02	0.00000000000000e+00	1
50	59	53	56	5.00000000000000e-02	0.00000000000000e+00	0.00000000000000e+00	0.00000000000000e+00	2.10552326859847e+01	0.00000000000000e+00	3.86664152958162e+02	0.00000000000000e+00	1
51	60	54	57	5.00000000000000e-02	0.00000000000000e+00	0.00000000000000e+00	0.00000000000000e+00	2.10779694941047e+01	0.00000000000000e+00	4.34298527633517e+02	0.00000000000000e+00	1
52	61	55	58	5.00000000000000e-02	0.00000000000000e+00	0.00000000000000e+00	0.00000000000000e+00	2.08336794115088e+01	0.00000000000000e+00	3.96900267788859e+02	0.00000000000000e+00	1
53	62	56	59	5.00000000000000e-02	0.00000000000000e+00	0.00000000000000e+00	0.00000000000000e+00	2.06548480467425e+01	0.00000000000000e+00	3.81851920815691e+02	0.00000000000000e+00	1
54	63	57	60	5.00000000000000e-02	0.00000000000000e+00	0.00000000000000e+00	0.00000000000000e+00	2.02305933847769e+01	0.00000000000000e+00	4.00608195070226e+02	0.00000000000000e+00	1
55	64	58	61	5.00000000000000e-02	0.00000000000000e+00	0.00000000000000e+00	0.00000000000000e+00	2.02130634103031e+01	0.00000000000000e+00	3.98035167333350e+02	0.00000000000000e+00	1
56	65	59	62	5.00000000000000e-02	0.00000000000000e+00	0.00000000000000e+00	0.00000000000000e+00	2.00767693735614e+01	0.00000000000000e+00	4.29765391426374e+02	0.00000000000000e+00	1
57	66	60	63	5.00000000000000e-02	0.00000000000000e+00	0.00000000000000e+00	0.00000000000000e+00	2.02678487999678e+01	0.00000000000000e+00	3.85073229846572e+02	0.00000000000000e+00	1
58	67	61	64	5.00000000000000e-02	0.00000000000000e+00	0.00000000000000e+00	0.00000000000000e+00	2.02790474480539e+01	0.00000000000000e+00	4.00048886367989e+02	0.00000000000000e+00	1
59	68	62	65	5.00000000000000e-02	0.00000000000000e+00	0.00000000000000e+00	0.00000000000000e+00	2.02891499565105e+01	0.00000000000000e+00	4.40032410010308e+02	0.00000000000000e+00	1
60	69	63	66	5.00000000000000e-02	0.00000000000000e+00	0.00000000000000e+00	0.00000000000000e+00	2.03007956830228e+01	0.00000000000000e+00	3.62048078691034e+02	0.00000000000000e+00	1
61	70	64	67	5.00000000000000e-02	0.00000000000000e+00	0.00000000000000e+00	0.00000000000000e+00	2.00289527945410e+01	0.00000000000000e+00	3.60634142167281e+02	0.00000000000000e+00	1
62	71	65	68	5.00000000000000e-02	0.00000000000000e+00	0.00000000000000e+00	0.00000000000000e+00	1.98692463865885e+01	0.00000000000000e+00	4.10530387406991e+02	0.00000000000000e+00	1
63	72	66	69	5.00000000000000e-02	0.00000000000000e+00	0.00000000000000e+00	0.00000000000000e+00	1.95622260393555e+01	0.00000000000000e+00	4.09640000674868e+02	0.00000000000000e+00	1
1	13	5	9	5.00000000000000e-02	0.00000000000000e+00	0.00000000000000e+00	0.00000000000000e+00	2.57028848649601e+01	0.00000000000000e+00	3.83757777208712e+02	0.00000000000000e+00	1
2	14	6	10	5.00000000000000e-02	0.00000000000000e+00	0.00000000000000e+00	0.00000000000000e+00	2.57146714929069e+01	0.00000000000000e+00	4.11544591347939e+02	0.00000000000000e+00	1
3	15	7	11	5.00000000000000e-02	0.00000000000000e+00	0.00000000000000e+00	0.00000000000000e+00	2.58401273268568e+01	0.00000000000000e+00	4.07519692320328e+02	0.00000000000000e+00	1
4	16	8	12	5.00000000000000e-02	0.00000000000000e+00	0.00000000000000e+00	0.00000000000000e+00	2.59170254052903e+01	0.00000000000000e+00	4.03651636507531e+02	0.00000000000000e+00	1
5	17	9	13	5.00000000000000e-02	0.00000000000000e+00	0.00000000000000e+00	0.00000000000000e+00	2.60241817048011e+01	0.00000000000000e+00	4.29361101645400e+02	0.00000000000000e+00	1
6	18	10	14	5.00000000000000e-02	0.00000000000000e+00	0.00000000000000e+00	0.00000000000000e+00	2.59616682016832e+01	0.00000000000000e+00	3.98026503441526e+02	0.00000000000000e+00	1
7	19	11	15	5.00000000000000e-02	0.00000000000000e+00	0.00000000000000e+00	0.00000000000000e+00	2.59985242329789e+01	0.00000000000000e+00	4.37192643980858e+02	0.00000000000000e+00	1
8	20	12	16	5.00000000000000e-02	0.00000000000000e+00	0.00000000000000e+00	0.00000000000000e+00	2.61285619349381e+01	0.00000000000000e+00	4.17657331486501e+02	0.00000000000000e+00	1
9	21	13	17	5.00000000000000e-02	0.00000000000000e+00	0.00000000000000e+00	0.00000000000000e+00	2.62472302732400e+01	0.00000000000000e+00	4.45931017078251e+02	0.00000000000000e+00	1
10	22	14	18	5.00000000000000e-02	0.00000000000000e+00	0.00000000000000e+00	0.00000000000000e+00	2.64960129277653e+01	0.00000000000000e+00	4.31030219590198e+02	0.00000000000000e+00	1
11	23	15	19	5.00000000000000e-02	0.00000000000000e+00	0.00000000000000e+00	0.00000000000000e+00	2.64136170688702e+01	0.00000000000000e+00	4.50091369866106e+02	0.00000000000000e+00	1
12	24	16	20	5.00000000000000e-02	0.00000000000000e+00	0.00000000000000e+00	0.00000000000000e+00	2.62814188438782e+01	0.00000000000000e+00	4.55439962198181e+02	0.00000000000000e+00	1
13	25	17	21	5.00000000000000e-02	0.00000000000000e+00	0.00000000000000e+00	0.00000000000000e+00	2.61675640125724e+01	0.00000000000000e+00	4.83464062683129e+02	0.00000000000000e+00	1
14	26	18	22	5.00000000000000e-02	0.00000000000000e+00	0.00000000000000e+00	0.00000000000000e+00	2.60458221098701e+01	0.00000000000000e+00	4.77352775535493e+02	0.00000000000000e+00	1
15	27	19	23	5.00000000000000e-02	0.00000000000000e+00	0.00000000000000e+00	0.00000000000000e+00	2.63785534566162e+01	0.00000000000000e+00	5.32253782829906e+02	0.00000000000000e+00	1
16	28	20	24	5.00000000000000e-02	0.00000000000000e+00	0.00000000000000e+00	0.00000000000000e+00	2.68090885347595e+01	0.00000000000000e+00	5.08066889465005e+02	0.00000000000000e+00	1
17	29	21	25	5.00000000000000e-02	0.00000000000000e+00	0.00000000000000e+00	0.00000000000000e+00	2.70781984642987e+01	0.00000000000000e+00	4.89819563569841e+02	0.00000000000000e+00	1
18	30	22	26	5.00000000000000e-02	0.00000000000000e+00	0.00000000000000e+00	0.00000000000000e+00	2.73252347642697e+01	0.00000000000000e+00	4.72799782018100e+02	0.00000000000000e+00	1
19	31	23	27	5.00000000000000e-02	0.00000000000000e+00	0.00000000000000e+00	0.00000000000000e+00	2.69366879067699e+01	0.00000000000000e+00	5.02477736976193e+02	0.00000000000000e+00	1
20	32	24	28	5.00000000000000e-02	0.00000000000000e+00	0.00000000000000e+00	0.00000000000000e+00	2.65479455039714e+01	0.00000000000000e+00	4.50727928950556e+02	0.00000000000000e+00	1
21	33	25	29	5.00000000000000e-02	0.00000000000000e+00	0.00000000000000e+00	0.00000000000000e+00	2.58912390671761e+01	0.00000000000000e+00	4.51781717255165e+02	0.00000000000000e+00	1
22	34	26	30	5.00000000000000e-02	0.00000000000000e+00	0.00000000000000e+00	0.00000000000000e+00	2.53156274790468e+01	0.00000000000000e+00	4.21320754714003e+02	0.00000000000000e+00	1
23	35	27	31	5.00000000000000e-02	0.00000000000000e+00	0.00000000000000e+00	0.00000000000000e+00	2.61411072497541e+01	0.00000000000000e+00	4.37940326941444e+02	0.00000000000000e+00	1
24	36	28	32	5.00000000000000e-02	0.00000000000000e+00	0.00000000000000e+00	0.00000000000000e+00	2.80631009774191e+01	0.00000000000000e+00	5.45865289015733e+02	0.00000000000000e+00	1
25	37	29	33	5.00000000000000e-02	0.00000000000000e+00	0.00000000000000e+00	0.00000000000000e+00	2.97236569266476e+01	0.00000000000000e+00	5.95183582331588e+02	0.00000000000000e+00	1
26	38	30	34	5.00000000000000e-02	0.00000000000000e+00	0.00000000000000e+00	0.00000000000000e+00	3.09954875426203e+01	0.00000000000000e+00	6.64083025353943e+02	0.00000000000000e+00	1
27	39	31	35	5.00000000000000e-02	0.00000000000000e+00	0.00000000000000e+00	0.00000000000000e+00	3.02524626265542e+01	0.00000000000000e+00	6.99789114231390e+02	0.00000000000000e+00	1
28	40	32	36	5.00000000000000e-02	0.00000000000000e+00	0.00000000000000e+00	0.00000000000000e+00	2.96978196530836e+01	0.00000000000000e+00	6.90975743712130e+02	0.00000000000000e+00	1
29	41	33	37	5.00000000000000e-02	0.00000000000000e+00	0.00000000000000e+00	0.00000000000000e+00	2.81846713763089e+01	0.00000000000000e+00	5.37651349655437e+02	0.00000000000000e+00	1
30	42	34	38	5.00000000000000e-02	0.00000000000000e+00	0.00000000000000e+00	0.00000000000000e+00	2.63915636516799e+01	0.00000000000000e+00	4.63688889476570e+02	0.00000000000000e+00	1
31	43	35	39	5.00000000000000e-02	0.00000000000000e+00	0.00000000000000e+00	0.00000000000000e+00	2.62867312442873e+01	0.00000000000000e+00	4.32624893441123e+02	0.00000000000000e+00	1
32	44	36	40	5.00000000000000e-02	0.00000000000000e+00	0.00000000000000e+00	0.00000000000000e+00	2.72409234949161e+01	0.00000000000000e+00	4.50152736509383e+02	0.00000000000000e+00	1
33	45	37	41	5.00000000000000e-02	0.00000000000000e+00	0.00000000000000e+00	0.00000000000000e+00	2.85600690525518e+01	0.00000000000000e+00	4.52860452616698e+02	0.00000000000000e+00	1
34	46	38	42	5.00000000000000e-02	0.00000000000000e+00	0.00000000000000e+00	0.00000000000000e+00	2.93857941479190e+01	0.00000000000000e+00	5.44365933104187e+02	0.00000000000000e+00	1
35	47	39	43	5.00000000000000e-02	0.00000000000000e+00	0.00000000000000e+00	0.00000000000000e+00	2.91900534489510e+01	0.00000000000000e+00	4.86780639670897e+02	0.00000000000000e+00	1
36	48	40	44	5.00000000000000e-02	0.00000000000000e+00	0.00000000000000e+00	0.00000000000000e+00	2.92112778257675e+01	0.00000000000000e+00	5.00352508527360e+02	0.00000000000000e+00	1
37	49	41	45	5.00000000000000e-02	0.00000000000000e+00	0.00000000000000e+00	0.00000000000000e+00	2.86752639531238e+01	0.00000000000000e+00	5.33728822794379e+02	0.00000000000000e+00	1
38	50	42	46	5.00000000000000e-02	0.00000000000000e+00	0.00000000000000e+00	0.00000000000000e+00	2.82819711217554e+01	0.00000000000000e+00	5.60895997764751e+02	0.00000000000000e+00	1
39	51	43	47	5.00000000000000e-02	0.00000000000000e+00	0.00000000000000e+00	0.00000000000000e+00	2.83265741666677e+01	0.00000000000000e+00	5.05223688451161e+02	0.00000000000000e+00	1
40	52	44	48	5.00000000000000e-02	0.00000000000000e+00	0.00000000000000e+00	0.00000000000000e+00	2.84109100732540e+01	0.00000000000000e+00	4.61224765602904e+02	0.00000000000000e+00	1
41	53	45	49	5.00000000000000e-02	0.00000000000000e+00	0.00000000000000e+00	0.00000000000000e+00	2.89377280603687e+01	0.00000000000000e+00	4.99280528169189e+02	0.00000000000000e+00	1
42	54	46	50	5.00000000000000e-02	0.00000000000000e+00	0.00000000000000e+00	0.00000000000000e+00	2.89950321794611e+01	0.00000000000000e+00	4.79749715360030e+02	0.00000000000000e+00	1
43	55	47	51	5.00000000000000e-02	0.00000000000000e+00	0.00000000000000e+00	0.00000000000000e+00	2.86879314767796e+01	0.00000000000000e+00	4.37838150027797e+02	0.00000000000000e+00	1
44	56	48	52	5.00000000000000e-02	0.00000000000000e+00	0.00000000000000e+00	0.00000000000000e+00	2.83845681863791e+01	0.00000000000000e+00	4.57851274697223e+02	0.00000000000000e+00	1
45	57	49	53	5.00000000000000e-02	0.00000000000000e+00	0.00000000000000e+00	0.00000000000000e+00	2.78229318603158e+01	0.00000000000000e+00	4.23151247738888e+02	0.00000000000000e+00	1
46	58	50	54	5.00000000000000e-02	0.00000000000000e+00	0.00000000000000e+00	0.00000000000000e+00	2.76351700404922e+01	0.00000000000000e+00	4.50555325079335e+02	0.00000000000000e+00	1
47	59	51	55	5.00000000000000e-02	0.00000000000000e+00	0.00000000000000e+00	0.00000000000000e+00	2.76984590901448e+01	0.00000000000000e+00	3.87900188668889e+02	0.00000000000000e+00	1
48	60	52	56	5.00000000000000e-02	0.00000000000000e+00	0.00000000000000e+00	0.00000000000000e+00	2.79169076184558e+01	0.00000000000000e+00	3.95086260747616e+02	0.00000000000000e+00	1
49	61	53	57	5.00000000000000e-02	0.00000000000000e+00	0.00000000000000e+00	0.00000000000000e+00	2.81421099331674e+01	0.00000000000000e+00	4.34174539440565e+02	0.00000000000000e+00	1
50	62	54	58	5.00000000000000e-02	0.00000000000000e+00	0.00000000000000e+00	0.00000000000000e+00	2.79307068819472e+01	0.00000000000000e+00	4.24182532970698e+02	0.00000000000000e+00	1
51	63	55	59	5.00000000000000e-02	0.00000000000000e+00	0.00000000000000e+00	0.00000000000000e+00	2.78266844757274e+01	0.00000000000000e+00	4.31870975616559e+02	0.00000000000000e+00	1
52	64	56	60	5.00000000000000e-02	0.00000000000000e+00	0.00000000000000e+00	0.00000000000000e+00	2.72797490157797e+01	0.00000000000000e+00	4.00913035699311e+02	0.00000000000000e+00	1
53	65	57	61	5.00000000000000e-02	0.00000000000000e+00	0.00000000000000e+00	0.00000000000000e+00	2.69080041945566e+01	0.00000000000000e+00	4.04398446196688e+02	0.00000000000000e+00	1
54	66	58	62	5.00000000000000e-02	0.00000000000000e+00	0.00000000000000e+00	0.00000000000000e+00	2.69577880560336e+01	0.00000000000000e+00	4.01422833152732e+02	0.00000000000000e+00	1
55	67	59	63	5.00000000000000e-02	0.00000000000000e+00	0.00000000000000e+00	0.00000000000000e+00	2.67983906800337e+01	0.00000000000000e+00	4.17714060975613e+02	0.00000000000000e+00	1
56	68	60	64	5.00000000000000e-02	0.00000000000000e+00	0.00000000000000e+00	0.00000000000000e+00	2.70484955531757e+01	0.00000000000000e+00	3.68751052311555e+02	0.00000000000000e+00	1
57	69	61	65	5.00000000000000e-02	0.00000000000000e+00	0.00000000000000e+00	0.00000000000000e+00	2.72279353380296e+01	0.00000000000000e+00	3.79941076128129e+02	0.00000000000000e+00	1
58	70	62	66	5.00000000000000e-02	0.00000000000000e+00	0.00000000000000e+00	0.00000000000000e+00	2.70973799228981e+01	0.00000000000000e+00	3.88897159086300e+02	0.00000000000000e+00	1
59	71	63	67	5.00000000000000e-02	0.00000000000000e+00	0.00000000000000e+00	0.00000000000000e+00	2.68982438248560e+01	0.00000000000000e+00	4.41630554429829e+02	0.00000000000000e+00	1
60	72	64	68	5.00000000000000e-02	0.00000000000000e+00	0.00000000000000e+00	0.00000000000000e+00	2.66020884586167e+01	0.00000000000000e+00	4.20302102313690e+02	0.00000000000000e+00	1
1	16	6	11	5.00000000000000e-02	0.00000000000000e+00	0.00000000000000e+00	0.00000000000000e+00	3.23151139124051e+01	0.00000000000000e+00	3.99359924417003e+02	0.00000000000000e+00	1
2	17	7	12	5.00000000000000e-02	0.00000000000000e+00	0.00000000000000e+00	0.00000000000000e+00	3.24066935545114e+01	0.00000000000000e+00	4.07721866056075e+02	0.00000000000000e+00	1
3	18	8	13	5.00000000000000e-02	0.00000000000000e+00	0.00000000000000e+00	0.00000000000000e+00	3.23151300517363e+01	0.00000000000000e+00	4.40004890629692e+02	0.00000000000000e+00	1
4	19	9	14	5.00000000000000e-02	0.00000000000000e+00	0.00000000000000e+00	0.00000000000000e+00	3.24636969984720e+01	0.00000000000000e+00	4.26904058813349e+02	0.00000000000000e+00	1
5	20	10	15	5.00000000000000e-02	0.00000000000000e+00	0.00000000000000e+00	0.00000000000000e+00	3.26992365599261e+01	0.00000000000000e+00	4.91263366007289e+02	0.00000000000000e+00	1
6	21	11	16	5.00000000000000e-02	0.00000000000000e+00	0.00000000000000e+00	0.00000000000000e+00	3.27410887368090e+01	0.00000000000000e+00	4.49672962483256e+02	0.00000000000000e+00	1
7	22	12	17	5.00000000000000e-02	0.00000000000000e+00	0.00000000000000e+00	0.00000000000000e+00	3.27810136786295e+01	0.00000000000000e+00	4.45360052527227e+02	0.00000000000000e+00	1
8	23	13	18	5.00000000000000e-02	0.00000000000000e+00	0.00000000000000e+00	0.00000000000000e+00	3.29671109456062e+01	0.00000000000000e+00	4.26712442925713e+02	0.00000000000000e+00	1
9	24	14	19	5.00000000000000e-02	0.00000000000000e+00	0.00000000000000e+00	0.00000000000000e+00	3.28961587629052e+01	0.00000000000000e+00	4.87962552276635e+02	0.00000000000000e+00	1
10	25	15	20	5.00000000000000e-02	0.00000000000000e+00	0.00000000000000e+00	0.00000000000000e+00	3.27232481476538e+01	0.00000000000000e+00	4.80794650007857e+02	0.00000000000000e+00	1
11	26	16	21	5.00000000000000e-02	0.00000000000000e+00	0.00000000000000e+00	0.00000000000000e+00	3.27340747146718e+01	0.00000000000000e+00	4.99453354902314e+02	0.00000000000000e+00	1
12	27	17	22	5.00000000000000e-02	0.00000000000000e+00	0.00000000000000e+00	0.00000000000000e+00	3.28617410994613e+01	0.00000000000000e+00	4.81420384408612e+02	0.00000000000000e+00	1
13	28	18	23	5.00000000000000e-02	0.00000000000000e+00	0.00000000000000e+00	0.00000000000000e+00	3.29859791818637e+01	0.00000000000000e+00	4.97025991199001e+02	0.00000000000000e+00	1
14	29	19	24	5.00000000000000e-02	0.00000000000000e+00	0.00000000000000e+00	0.00000000000000e+00	3.32448089398682e+01	0.00000000000000e+00	4.98463800529641e+02	0.00000000000000e+00	1
15	30	20	25	5.00000000000000e-02	0.00000000000000e+00	0.00000000000000e+00	0.00000000000000e+00	3.36156072223007e+01	0.00000000000000e+00	4.98020262731917e+02	0.00000000000000e+00	1
16	31	21	26	5.00000000000000e-02	0.00000000000000e+00	0.00000000000000e+00	0.00000000000000e+00	3.36768273569369e+01	0.00000000000000e+00	4.75559776095534e+02	0.00000000000000e+00	1
17	32	22	27	5.00000000000000e-02	0.00000000000000e+00	0.00000000000000e+00	0.00000000000000e+00	3.35627510714695e+01	0.00000000000000e+00	4.42613565001625e+02	0.00000000000000e+00	1
18	33	23	28	5.00000000000000e-02	0.00000000000000e+00	0.00000000000000e+00	0.00000000000000e+00	3.28636634015919e+01	0.00000000000000e+00	4.10849400194547e+02	0.00000000000000e+00	1
19	34	24	29	5.00000000000000e-02	0.00000000000000e+00	0.00000000000000e+00	0.00000000000000e+00	3.19752952851855e+01	0.00000000000000e+00	3.80860775649326e+02	0.00000000000000e+00	1
20	35	25	30	5.00000000000000e-02	0.00000000000000e+00	0.00000000000000e+00	0.00000000000000e+00	3.19225412120631e+01	0.00000000000000e+00	4.17440800835928e+02	0.00000000000000e+00	1
21	36	26	31	5.00000000000000e-02	0.00000000000000e+00	0.00000000000000e+00	0.00000000000000e+00	3.29522898787699e+01	0.00000000000000e+00	4.09947935525004e+02	0.00000000000000e+00	1
22	37	27	32	5.00000000000000e-02	0.00000000000000e+00	0.00000000000000e+00	0.00000000000000e+00	3.49844849309440e+01	0.00000000000000e+00	5.14194487514978e+02	0.00000000000000e+00	1
23	38	28	33	5.00000000000000e-02	0.00000000000000e+00	0.00000000000000e+00	0.00000000000000e+00	3.73116648810422e+01	0.00000000000000e+00	5.58347129475881e+02	0.00000000000000e+00	1
24	39	29	34	5.00000000000000e-02	0.00000000000000e+00	0.00000000000000e+00	0.00000000000000e+00	3.83192908737801e+01	0.00000000000000e+00	6.64690070586192e+02	0.00000000000000e+00	1
25	40	30	35	5.00000000000000e-02	0.00000000000000e+00	0.00000000000000e+00	0.00000000000000e+00	3.82126185682576e+01	0.00000000000000e+00	7.27603094729632e+02	0.00000000000000e+00	1
26	41	31	36	5.00000000000000e-02	0.00000000000000e+00	0.00000000000000e+00	0.00000000000000e+00	3.76785044641915e+01	0.00000000000000e+00	6.85225497542917e+02	0.00000000000000e+00	1
27	42	32	37	5.00000000000000e-02	0.00000000000000e+00	0.00000000000000e+00	0.00000000000000e+00	3.70994427725036e+01	0.00000000000000e+00	6.43808858879848e+02	0.00000000000000e+00	1
28	43	33	38	5.00000000000000e-02	0.00000000000000e+00	0.00000000000000e+00	0.00000000000000e+00	3.50633635168172e+01	0.00000000000000e+00	4.88496716495252e+02	0.00000000000000e+00	1
29	44	34	39	5.00000000000000e-02	0.00000000000000e+00	0.00000000000000e+00	0.00000000000000e+00	3.34610761212019e+01	0.00000000000000e+00	4.21860224169618e+02	0.00000000000000e+00	1
30	45	35	40	5.00000000000000e-02	0.00000000000000e+00	0.00000000000000e+00	0.00000000000000e+00	3.28448366655687e+01	0.00000000000000e+00	3.86775441590730e+02	0.00000000000000e+00	1
31	46	36	41	5.00000000000000e-02	0.00000000000000e+00	0.00000000000000e+00	0.00000000000000e+00	3.34877761017547e+01	0.00000000000000e+00	4.34884014459484e+02	0.00000000000000e+00	1
32	47	37	42	5.00000000000000e-02	0.00000000000000e+00	0.00000000000000e+00	0.00000000000000e+00	3.45202818677772e+01	0.00000000000000e+00	4.53825253565374e+02	0.00000000000000e+00	1
33	48	38	43	5.00000000000000e-02	0.00000000000000e+00	0.00000000000000e+00	0.00000000000000e+00	3.60775231087222e+01	0.00000000000000e+00	4.76285553352793e+02	0.00000000000000e+00	1
34	49	39	44	5.00000000000000e-02	0.00000000000000e+00	0.00000000000000e+00	0.00000000000000e+00	3.63497521066591e+01	0.00000000000000e+00	5.20286517692658e+02	0.00000000000000e+00	1
35	50	40	45	5.00000000000000e-02	0.00000000000000e+00	0.00000000000000e+00	0.00000000000000e+00	3.57649904383664e+01	0.00000000000000e+00	4.95531882150151e+02	0.00000000000000e+00	1
36	51	41	46	5.00000000000000e-02	0.00000000000000e+00	0.00000000000000e+00	0.00000000000000e+00	3.55786088307713e+01	0.00000000000000e+00	5.08641967837166e+02	0.00000000000000e+00	1
37	52	42	47	5.00000000000000e-02	0.00000000000000e+00	0.00000000000000e+00	0.00000000000000e+00	3.58059530109755e+01	0.00000000000000e+00	5.36718863992163e+02	0.00000000000000e+00	1
38	53	43	48	5.00000000000000e-02	0.00000000000000e+00	0.00000000000000e+00	0.00000000000000e+00	3.55177344663882e+01	0.00000000000000e+00	5.21018523804127e+02	0.00000000000000e+00	1
39	54	44	49	5.00000000000000e-02	0.00000000000000e+00	0.00000000000000e+00	0.00000000000000e+00	3.55454468072466e+01	0.00000000000000e+00	4.85846885922109e+02	0.00000000000000e+00	1
40	55	45	50	5.00000000000000e-02	0.00000000000000e+00	0.00000000000000e+00	0.00000000000000e+00	3.58660265546722e+01	0.00000000000000e+00	4.69511118519541e+02	0.00000000000000e+00	1
41	56	46	51	5.00000000000000e-02	0.00000000000000e+00	0.00000000000000e+00	0.00000000000000e+00	3.57482089355455e+01	0.00000000000000e+00	5.84013167718114e+02	0.00000000000000e+00	1
42	57	47	52	5.00000000000000e-02	0.00000000000000e+00	0.00000000000000e+00	0.00000000000000e+00	3.53565193151337e+01	0.00000000000000e+00	4.22283443947397e+02	0.00000000000000e+00	1
43	58	48	53	5.00000000000000e-02	0.00000000000000e+00	0.00000000000000e+00	0.00000000000000e+00	3.51710669838562e+01	0.00000000000000e+00	5.03530851933705e+02	0.00000000000000e+00	1
44	59	49	54	5.00000000000000e-02	0.00000000000000e+00	0.00000000000000e+00	0.00000000000000e+00	3.49650770921207e+01	0.00000000000000e+00	4.88071405740973e+02	0.00000000000000e+00	1
45	60	50	55	5.00000000000000e-02	0.00000000000000e+00	0.00000000000000e+00	0.00000000000000e+00	3.46821914908662e+01	0.00000000000000e+00	4.65296255846897e+02	0.00000000000000e+00	1
46	61	51	56	5.00000000000000e-02	0.00000000000000e+00	0.00000000000000e+00	0.00000000000000e+00	3.47743082784991e+01	0.00000000000000e+00	4.37605961088341e+02	0.00000000000000e+00	1
47	62	52	57	5.00000000000000e-02	0.00000000000000e+00	0.00000000000000e+00	0.00000000000000e+00	3.48983060384499e+01	0.00000000000000e+00	4.59163428010676e+02	0.00000000000000e+00	1
48	63	53	58	5.00000000000000e-02	0.00000000000000e+00	0.00000000000000e+00	0.00000000000000e+00	3.48947601235571e+01	0.00000000000000e+00	4.72347916301826e+02	0.00000000000000e+00	1
49	64	54	59	5.00000000000000e-02	0.00000000000000e+00	0.00000000000000e+00	0.00000000000000e+00	3.47351326205462e+01	0.00000000000000e+00	4.31486139390802e+02	0.00000000000000e+00	1
50	65	55	60	5.00000000000000e-02	0.00000000000000e+00	0.00000000000000e+00	0.00000000000000e+00	3.43924915217217e+01	0.00000000000000e+00	4.46092150957694e+02	0.00000000000000e+00	1
51	66	56	61	5.00000000000000e-02	0.00000000000000e+00	0.00000000000000e+00	0.00000000000000e+00	3.41102633360481e+01	0.00000000000000e+00	4.45045328964746e+02	0.00000000000000e+00	1
52	67	57	62	5.00000000000000e-02	0.00000000000000e+00	0.00000000000000e+00	0.00000000000000e+00	3.39097915121739e+01	0.00000000000000e+00	4.44116145630671e+02	0.00000000000000e+00	1
53	68	58	63	5.00000000000000e-02	0.00000000000000e+00	0.00000000000000e+00	0.00000000000000e+00	3.36723968914143e+01	0.00000000000000e+00	4.50055561363820e+02	0.00000000000000e+00	1
54	69	59	64	5.00000000000000e-02	0.00000000000000e+00	0.00000000000000e+00	0.00000000000000e+00	3.37181204530906e+01	0.00000000000000e+00	3.85781119941514e+02	0.00000000000000e+00	1
55	70	60	65	5.00000000000000e-02	0.00000000000000e+00	0.00000000000000e+00	0.00000000000000e+00	3.39978716754822e+01	0.00000000000000e+00	4.10133505932392e+02	0.00000000000000e+00	1
56	71	61	66	5.00000000000000e-02	0.00000000000000e+00	0.00000000000000e+00	0.00000000000000e+00	3.38231694413796e+01	0.00000000000000e+00	4.64586663689360e+02	0.00000000000000e+00	1
57	72	62	67	5.00000000000000e-02	0.00000000000000e+00	0.00000000000000e+00	0.00000000000000e+00	3.35599585086863e+01	0.00000000000000e+00	3.74092673351524e+02	0.00000000000000e+00	1
1	19	7	13	5.00000000000000e-02	0.00000000000000e+00	0.00000000000000e+00	0.00000000000000e+00	3.89970622240606e+01	0.00000000000000e+00	3.95934507608190e+02	0.00000000000000e+00	1
2	20	8	14	5.00000000000000e-02	0.00000000000000e+00	0.00000000000000e+00	0.00000000000000e+00	3.89405485791504e+01	0.00000000000000e+00	4.68932329494655e+02	0.00000000000000e+00	1
3	21	9	15	5.00000000000000e-02	0.00000000000000e+00	0.00000000000000e+00	0.00000000000000e+00	3.91632686779961e+01	0.00000000000000e+00	4.91396227597815e+02	0.00000000000000e+00	1
4	22	10	16	5.00000000000000e-02	0.00000000000000e+00	0.00000000000000e+00	0.00000000000000e+00	3.93335545150175e+01	0.00000000000000e+00	4.76314490297676e+02	0.00000000000000e+00	1
5	23	11	17	5.00000000000000e-02	0.00000000000000e+00	0.00000000000000e+00	0.00000000000000e+00	3.93554365160074e+01	0.00000000000000e+00	4.68153489507692e+02	0.00000000000000e+00	1
6	24	12	18	5.00000000000000e-02	0.00000000000000e+00	0.00000000000000e+00	0.00000000000000e+00	3.94091451414979e+01	0.00000000000000e+00	4.74385173879617e+02	0.00000000000000e+00	1
7	25	13	19	5.00000000000000e-02	0.00000000000000e+00	0.00000000000000e+00	0.00000000000000e+00	3.93216896867124e+01	0.00000000000000e+00	4.35569048380200e+02	0.00000000000000e+00	1
8	26	14	20	5.00000000000000e-02	0.00000000000000e+00	0.00000000000000e+00	0.00000000000000e+00	3.93743575534098e+01	0.00000000000000e+00	4.91002979600650e+02	0.00000000000000e+00	1
9	27	15	21	5.00000000000000e-02	0.00000000000000e+00	0.00000000000000e+00	0.00000000000000e+00	3.93548581452452e+01	0.00000000000000e+00	4.86624561400833e+02	0.00000000000000e+00	1
10	28	16	22	5.00000000000000e-02	0.00000000000000e+00	0.00000000000000e+00	0.00000000000000e+00	3.94772115673394e+01	0.00000000000000e+00	4.95355459371761e+02	0.00000000000000e+00	1
11	29	17	23	5.00000000000000e-02	0.00000000000000e+00	0.00000000000000e+00	0.00000000000000e+00	3.96425410819391e+01	0.00000000000000e+00	4.77275963430025e+02	0.00000000000000e+00	1
12	30	18	24	5.00000000000000e-02	0.00000000000000e+00	0.00000000000000e+00	0.00000000000000e+00	3.98534922852493e+01	0.00000000000000e+00	4.71063928039120e+02	0.00000000000000e+00	1
13	31	19	25	5.00000000000000e-02	0.00000000000000e+00	0.00000000000000e+00	0.00000000000000e+00	3.99603289385125e+01	0.00000000000000e+00	4.74738406244249e+02	0.00000000000000e+00	1
14	32	20	26	5.00000000000000e-02	0.00000000000000e+00	0.00000000000000e+00	0.00000000000000e+00	4.00763901025435e+01	0.00000000000000e+00	4.69369288868691e+02	0.00000000000000e+00	1
15	33	21	27	5.00000000000000e-02	0.00000000000000e+00	0.00000000000000e+00	0.00000000000000e+00	3.94772442039454e+01	0.00000000000000e+00	4.15402625714283e+02	0.00000000000000e+00	1
16	34	22	28	5.00000000000000e-02	0.00000000000000e+00	0.00000000000000e+00	0.00000000000000e+00	3.85757375194481e+01	0.00000000000000e+00	4.50936594265886e+02	0.00000000000000e+00	1
17	35	23	29	5.00000000000000e-02	0.00000000000000e+00	0.00000000000000e+00	0.00000000000000e+00	3.82416062736866e+01	0.00000000000000e+00	3.85113886929903e+02	0.00000000000000e+00	1
18	36	24	30	5.00000000000000e-02	0.00000000000000e+00	0.00000000000000e+00	0.00000000000000e+00	3.88472654842764e+01	0.00000000000000e+00	4.38069485207673e+02	0.00000000000000e+00	1
19	37	25	31	5.00000000000000e-02	0.00000000000000e+00	0.00000000000000e+00	0.00000000000000e+00	4.01495506032724e+01	0.00000000000000e+00	4.61490839774478e+02	0.00000000000000e+00	1
20	38	26	32	5.00000000000000e-02	0.00000000000000e+00	0.00000000000000e+00	0.00000000000000e+00	4.25687327616522e+01	0.00000000000000e+00	4.54096452584507e+02	0.00000000000000e+00	1
21	39	27	33	5.00000000000000e-02	0.00000000000000e+00	0.00000000000000e+00	0.00000000000000e+00	4.45026816591854e+01	0.00000000000000e+00	5.70282821152950e+02	0.00000000000000e+00	1
22	40	28	34	5.00000000000000e-02	0.00000000000000e+00	0.00000000000000e+00	0.00000000000000e+00	4.55215573319911e+01	0.00000000000000e+00	6.54243999623997e+02	0.00000000000000e+00	1
23	41	29	35	5.00000000000000e-02	0.00000000000000e+00	0.00000000000000e+00	0.00000000000000e+00	4.51947418776405e+01	0.00000000000000e+00	6.47941065100339e+02	0.00000000000000e+00	1
24	42	30	36	5.00000000000000e-02	0.00000000000000e+00	0.00000000000000e+00	0.00000000000000e+00	4.55158209719533e+01	0.00000000000000e+00	7.13384760051874e+02	0.00000000000000e+00	1
25	43	31	37	5.00000000000000e-02	0.00000000000000e+00	0.00000000000000e+00	0.00000000000000e+00	4.51604324754285e+01	0.00000000000000e+00	7.14277509010267e+02	0.00000000000000e+00	1
26	44	32	38	5.00000000000000e-02	0.00000000000000e+00	0.00000000000000e+00	0.00000000000000e+00	4.41042249017332e+01	0.00000000000000e+00	6.25165209669753e+02	0.00000000000000e+00	1
27	45	33	39	5.00000000000000e-02	0.00000000000000e+00	0.00000000000000e+00	0.00000000000000e+00	4.25186917249692e+01	0.00000000000000e+00	5.14760371476424e+02	0.00000000000000e+00	1
28	46	34	40	5.00000000000000e-02	0.00000000000000e+00	0.00000000000000e+00	0.00000000000000e+00	4.06400328593264e+01	0.00000000000000e+00	4.27251969721498e+02	0.00000000000000e+00	1
29	47	35	41	5.00000000000000e-02	0.00000000000000e+00	0.00000000000000e+00	0.00000000000000e+00	3.97956194178577e+01	0.00000000000000e+00	3.93031506440928e+02	0.00000000000000e+00	1
30	48	36	42	5.00000000000000e-02	0.00000000000000e+00	0.00000000000000e+00	0.00000000000000e+00	3.95496185295944e+01	0.00000000000000e+00	4.12318010421444e+02	0.00000000000000e+00	1
31	49	37	43	5.00000000000000e-02	0.00000000000000e+00	0.00000000000000e+00	0.00000000000000e+00	4.01105549994827e+01	0.00000000000000e+00	4.06495042477595e+02	0.00000000000000e+00	1
32	50	38	44	5.00000000000000e-02	0.00000000000000e+00	0.00000000000000e+00	0.00000000000000e+00	4.16863939286509e+01	0.00000000000000e+00	4.57621969225528e+02	0.00000000000000e+00	1
33	51	39	45	5.00000000000000e-02	0.00000000000000e+00	0.00000000000000e+00	0.00000000000000e+00	4.27426916835632e+01	0.00000000000000e+00	4.76216780867278e+02	0.00000000000000e+00	1
34	52	40	46	5.00000000000000e-02	0.00000000000000e+00	0.00000000000000e+00	0.00000000000000e+00	4.31465744276110e+01	0.00000000000000e+00	4.91559944212417e+02	0.00000000000000e+00	1
35	53	41	47	5.00000000000000e-02	0.00000000000000e+00	0.00000000000000e+00	0.00000000000000e+00	4.25940469087871e+01	0.00000000000000e+00	5.17658440282920e+02	0.00000000000000e+00	1
36	54	42	48	5.00000000000000e-02	0.00000000000000e+00	0.00000000000000e+00	0.00000000000000e+00	4.26796489167894e+01	0.00000000000000e+00	5.01242681291681e+02	0.00000000000000e+00	1
37	55	43	49	5.00000000000000e-02	0.00000000000000e+00	0.00000000000000e+00	0.00000000000000e+00	4.27794347475646e+01	0.00000000000000e+00	5.13085279392676e+02	0.00000000000000e+00	1
38	56	44	50	5.00000000000000e-02	0.00000000000000e+00	0.00000000000000e+00	0.00000000000000e+00	4.26662728647145e+01	0.00000000000000e+00	4.91365406999130e+02	0.00000000000000e+00	1
39	57	45	51	5.00000000000000e-02	0.00000000000000e+00	0.00000000000000e+00	0.00000000000000e+00	4.23975561185862e+01	0.00000000000000e+00	4.61850646856842e+02	0.00000000000000e+00	1
40	58	46	52	5.00000000000000e-02	0.00000000000000e+00	0.00000000000000e+00	0.00000000000000e+00	4.22762317379946e+01	0.00000000000000e+00	5.00475160510617e+02	0.00000000000000e+00	1
41	59	47	53	5.00000000000000e-02	0.00000000000000e+00	0.00000000000000e+00	0.00000000000000e+00	4.21864288786103e+01	0.00000000000000e+00	4.69323653004922e+02	0.00000000000000e+00	1
42	60	48	54	5.00000000000000e-02	0.00000000000000e+00	0.00000000000000e+00	0.00000000000000e+00	4.22671457958788e+01	0.00000000000000e+00	4.23243672593511e+02	0.00000000000000e+00	1
43	61	49	55	5.00000000000000e-02	0.00000000000000e+00	0.00000000000000e+00	0.00000000000000e+00	4.20134358584761e+01	0.00000000000000e+00	4.93184159517007e+02	0.00000000000000e+00	1
44	62	50	56	5.00000000000000e-02	0.00000000000000e+00	0.00000000000000e+00	0.00000000000000e+00	4.16539553932862e+01	0.00000000000000e+00	4.56363079511258e+02	0.00000000000000e+00	1
45	63	51	57	5.00000000000000e-02	0.00000000000000e+00	0.00000000000000e+00	0.00000000000000e+00	4.18854492326589e+01	0.00000000000000e+00	4.52404594814785e+02	0.00000000000000e+00	1
46	64	52	58	5.00000000000000e-02	0.00000000000000e+00	0.00000000000000e+00	0.00000000000000e+00	4.16879652690418e+01	0.00000000000000e+00	4.60179854746762e+02	0.00000000000000e+00	1
47	65	53	59	5.00000000000000e-02	0.00000000000000e+00	0.00000000000000e+00	0.00000000000000e+00	4.16715270502066e+01	0.00000000000000e+00	4.38792075354947e+02	0.00000000000000e+00	1
48	66	54	60	5.00000000000000e-02	0.00000000000000e+00	0.00000000000000e+00	0.00000000000000e+00	4.11492629825832e+01	0.00000000000000e+00	4.30177149459201e+02	0.00000000000000e+00	1
49	67	55	61	5.00000000000000e-02	0.00000000000000e+00	0.00000000000000e+00	0.00000000000000e+00	4.12528887573187e+01	0.00000000000000e+00	4.45902316577322e+02	0.00000000000000e+00	1
50	68	56	62	5.00000000000000e-02	0.00000000000000e+00	0.00000000000000e+00	0.00000000000000e+00	4.11996013745599e+01	0.00000000000000e+00	5.14700584908729e+02	0.00000000000000e+00	1
51	69	57	63	5.00000000000000e-02	0.00000000000000e+00	0.00000000000000e+00	0.00000000000000e+00	4.07500630376890e+01	0.00000000000000e+00	4.46499074375118e+02	0.00000000000000e+00	1
52	70	58	64	5.00000000000000e-02	0.00000000000000e+00	0.00000000000000e+00	0.00000000000000e+00	4.07238441733709e+01	0.00000000000000e+00	4.22515919866663e+02	0.00000000000000e+00	1
53	71	59	65	5.00000000000000e-02	0.00000000000000e+00	0.00000000000000e+00	0.00000000000000e+00	4.04977883311851e+01	0.00000000000000e+00	4.39553474911142e+02	0.00000000000000e+00	1
54	72	60	66	5.00000000000000e-02	0.00000000000000e+00	0.00000000000000e+00	0.00000000000000e+00	4.06978002370976e+01	0.00000000000000e+00	3.99282609903794e+02	0.00000000000000e+00	1
1	22	8	15	5.00000000000000e-02	0.00000000000000e+00	0.00000000000000e+00	0.00000000000000e+00	4.56765152198758e+01	0.00000000000000e+00	4.85718957603792e+02	0.00000000000000e+00	1
2	23	9	16	5.00000000000000e-02	0.00000000000000e+00	0.00000000000000e+00	0.00000000000000e+00	4.57025517529349e+01	0.00000000000000e+00	4.83265671687208e+02	0.00000000000000e+00	1
3	24	10	17	5.00000000000000e-02	0.00000000000000e+00	0.00000000000000e+00	0.00000000000000e+00	4.57945459259978e+01	0.00000000000000e+00	4.76448449123522e+02	0.00000000000000e+00	1
4	25	11	18	5.00000000000000e-02	0.00000000000000e+00	0.00000000000000e+00	0.00000000000000e+00	4.59889086876917e+01	0.00000000000000e+00	4.58457987339992e+02	0.00000000000000e+00	1
5	26	12	19	5.00000000000000e-02	0.00000000000000e+00	0.00000000000000e+00	0.00000000000000e+00	4.59345471342849e+01	0.00000000000000e+00	4.71149998873026e+02	0.00000000000000e+00	1
6	27	13	20	5.00000000000000e-02	0.00000000000000e+00	0.00000000000000e+00	0.00000000000000e+00	4.59113781223384e+01	0.00000000000000e+00	4.80310084333101e+02	0.00000000000000e+00	1
7	28	14	21	5.00000000000000e-02	0.00000000000000e+00	0.00000000000000e+00	0.00000000000000e+00	4.59887633403720e+01	0.00000000000000e+00	4.93488731232600e+02	0.00000000000000e+00	1
8	29	15	22	5.00000000000000e-02	0.00000000000000e+00	0.00000000000000e+00	0.00000000000000e+00	4.60983564785359e+01	0.00000000000000e+00	4.64662993269786e+02	0.00000000000000e+00	1
9	30	16	23	5.00000000000000e-02	0.00000000000000e+00	0.00000000000000e+00	0.00000000000000e+00	4.63246846071611e+01	0.00000000000000e+00	5.11925727520512e+02	0.00000000000000e+00	1
10	31	17	24	5.00000000000000e-02	0.00000000000000e+00	0.00000000000000e+00	0.00000000000000e+00	4.63650320159295e+01	0.00000000000000e+00	4.67955411464762e+02	0.00000000000000e+00	1
11	32	18	25	5.00000000000000e-02	0.00000000000000e+00	0.00000000000000e+00	0.00000000000000e+00	4.63354367535622e+01	0.00000000000000e+00	4.34231720247589e+02	0.00000000000000e+00	1
12	33	19	26	5.00000000000000e-02	0.00000000000000e+00	0.00000000000000e+00	0.00000000000000e+00	4.58729959765868e+01	0.00000000000000e+00	4.62526422540851e+02	0.00000000000000e+00	1
13	34	20	27	5.00000000000000e-02	0.00000000000000e+00	0.00000000000000e+00	0.00000000000000e+00	4.50230404173343e+01	0.00000000000000e+00	3.65925714411546e+02	0.00000000000000e+00	1
14	35	21	28	5.00000000000000e-02	0.00000000000000e+00	0.00000000000000e+00	0.00000000000000e+00	4.44775380256270e+01	0.00000000000000e+00	4.19669672984185e+02	0.00000000000000e+00	1
15	36	22	29	5.00000000000000e-02	0.00000000000000e+00	0.00000000000000e+00	0.00000000000000e+00	4.47800104281487e+01	0.00000000000000e+00	3.95492805945904e+02	0.00000000000000e+00	1
16	37	23	30	5.00000000000000e-02	0.00000000000000e+00	0.00000000000000e+00	0.00000000000000e+00	4.56924617669413e+01	0.00000000000000e+00	4.25202330835602e+02	0.00000000000000e+00	1
17	38	24	31	5.00000000000000e-02	0.00000000000000e+00	0.00000000000000e+00	0.00000000000000e+00	4.75625550764715e+01	0.00000000000000e+00	4.58979897926813e+02	0.00000000000000e+00	1
18	39	25	32	5.00000000000000e-02	0.00000000000000e+00	0.00000000000000e+00	0.00000000000000e+00	5.00430537295197e+01	0.00000000000000e+00	4.97274044251636e+02	0.00000000000000e+00	1
19	40	26	33	5.00000000000000e-02	0.00000000000000e+00	0.00000000000000e+00	0.00000000000000e+00	5.19199948145582e+01	0.00000000000000e+00	5.75313687978527e+02	0.00000000000000e+00	1
20	41	27	34	5.00000000000000e-02	0.00000000000000e+00	0.00000000000000e+00	0.00000000000000e+00	5.25983310179222e+01	0.00000000000000e+00	6.74927054591376e+02	0.00000000000000e+00	1
21	42	28	35	5.00000000000000e-02	0.00000000000000e+00	0.00000000000000e+00	0.00000000000000e+00	5.26083120369949e+01	0.00000000000000e+00	6.73794997938438e+02	0.00000000000000e+00	1
22	43	29	36	5.00000000000000e-02	0.00000000000000e+00	0.00000000000000e+00	0.00000000000000e+00	5.26857480053584e+01	0.00000000000000e+00	6.55703796399185e+02	0.00000000000000e+00	1
23	44	30	37	5.00000000000000e-02	0.00000000000000e+00	0.00000000000000e+00	0.00000000000000e+00	5.28380133126104e+01	0.00000000000000e+00	6.14966371771535e+02	0.00000000000000e+00	1
24	45	31	38	5.00000000000000e-02	0.00000000000000e+00	0.00000000000000e+00	0.00000000000000e+00	5.21206306285880e+01	0.00000000000000e+00	7.05872620561981e+02	0.00000000000000e+00	1
25	46	32	39	5.00000000000000e-02	0.00000000000000e+00	0.00000000000000e+00	0.00000000000000e+00	5.14144526355134e+01	0.00000000000000e+00	5.87764967600695e+02	0.00000000000000e+00	1
26	47	33	40	5.00000000000000e-02	0.00000000000000e+00	0.00000000000000e+00	0.00000000000000e+00	4.98004261757780e+01	0.00000000000000e+00	5.02552223673598e+02	0.00000000000000e+00	1
27	48	34	41	5.00000000000000e-02	0.00000000000000e+00	0.00000000000000e+00	0.00000000000000e+00	4.80247045620027e+01	0.00000000000000e+00	4.44128230452402e+02	0.00000000000000e+00	1
28	49	35	42	5.00000000000000e-02	0.00000000000000e+00	0.00000000000000e+00	0.00000000000000e+00	4.64007566371423e+01	0.00000000000000e+00	4.49199065063673e+02	0.00000000000000e+00	1
29	50	36	43	5.00000000000000e-02	0.00000000000000e+00	0.00000000000000e+00	0.00000000000000e+00	4.57640837148411e+01	0.00000000000000e+00	3.86540392148994e+02	0.00000000000000e+00	1
30	51	37	44	5.00000000000000e-02	0.00000000000000e+00	0.00000000000000e+00	0.00000000000000e+00	4.59941431243564e+01	0.00000000000000e+00	3.86290612027628e+02	0.00000000000000e+00	1
31	52	38	45	5.00000000000000e-02	0.00000000000000e+00	0.00000000000000e+00	0.00000000000000e+00	4.70568387676671e+01	0.00000000000000e+00	4.22858980806415e+02	0.00000000000000e+00	1
32	53	39	46	5.00000000000000e-02	0.00000000000000e+00	0.00000000000000e+00	0.00000000000000e+00	4.86062753184868e+01	0.00000000000000e+00	4.27731766762390e+02	0.00000000000000e+00	1
33	54	40	47	5.00000000000000e-02	0.00000000000000e+00	0.00000000000000e+00	0.00000000000000e+00	4.96485687512199e+01	0.00000000000000e+00	4.25757943611719e+02	0.00000000000000e+00	1
34	55	41	48	5.00000000000000e-02	0.00000000000000e+00	0.00000000000000e+00	0.00000000000000e+00	4.96810192322338e+01	0.00000000000000e+00	5.33865986411287e+02	0.00000000000000e+00	1
35	56	42	49	5.00000000000000e-02	0.00000000000000e+00	0.00000000000000e+00	0.00000000000000e+00	4.95267456380668e+01	0.00000000000000e+00	4.84983380078911e+02	0.00000000000000e+00	1
36	57	43	50	5.00000000000000e-02	0.00000000000000e+00	0.00000000000000e+00	0.00000000000000e+00	4.95703193136789e+01	0.00000000000000e+00	4.83355689406207e+02	0.00000000000000e+00	1
37	58	44	51	5.00000000000000e-02	0.00000000000000e+00	0.00000000000000e+00	0.00000000000000e+00	4.94777273077788e+01	0.00000000000000e+00	5.11383025714524e+02	0.00000000000000e+00	1
38	59	45	52	5.00000000000000e-02	0.00000000000000e+00	0.00000000000000e+00	0.00000000000000e+00	4.91622809845384e+01	0.00000000000000e+00	5.08112688476173e+02	0.00000000000000e+00	1
39	60	46	53	5.00000000000000e-02	0.00000000000000e+00	0.00000000000000e+00	0.00000000000000e+00	4.91510047291690e+01	0.00000000000000e+00	4.94096284332954e+02	0.00000000000000e+00	1
40	61	47	54	5.00000000000000e-02	0.00000000000000e+00	0.00000000000000e+00	0.00000000000000e+00	4.90771097855473e+01	0.00000000000000e+00	5.25174942949765e+02	0.00000000000000e+00	1
41	62	48	55	5.00000000000000e-02	0.00000000000000e+00	0.00000000000000e+00	0.00000000000000e+00	4.90793552053792e+01	0.00000000000000e+00	5.50908686562739e+02	0.00000000000000e+00	1
42	63	49	56	5.00000000000000e-02	0.00000000000000e+00	0.00000000000000e+00	0.00000000000000e+00	4.89117044979955e+01	0.00000000000000e+00	5.07750821876043e+02	0.00000000000000e+00	1
43	64	50	57	5.00000000000000e-02	0.00000000000000e+00	0.00000000000000e+00	0.00000000000000e+00	4.87436548432814e+01	0.00000000000000e+00	4.53969629799110e+02	0.00000000000000e+00	1
44	65	51	58	5.00000000000000e-02	0.00000000000000e+00	0.00000000000000e+00	0.00000000000000e+00	4.86481705471232e+01	0.00000000000000e+00	4.93069313887303e+02	0.00000000000000e+00	1
45	66	52	59	5.00000000000000e-02	0.00000000000000e+00	0.00000000000000e+00	0.00000000000000e+00	4.85359265218865e+01	0.00000000000000e+00	4.65242221473003e+02	0.00000000000000e+00	1
46	67	53	60	5.00000000000000e-02	0.00000000000000e+00	0.00000000000000e+00	0.00000000000000e+00	4.83345907666920e+01	0.00000000000000e+00	4.73125996142119e+02	0.00000000000000e+00	1
47	68	54	61	5.00000000000000e-02	0.00000000000000e+00	0.00000000000000e+00	0.00000000000000e+00	4.81204900388364e+01	0.00000000000000e+00	4.84010940668723e+02	0.00000000000000e+00	1
48	69	55	62	5.00000000000000e-02	0.00000000000000e+00	0.00000000000000e+00	0.00000000000000e+00	4.81631912738734e+01	0.00000000000000e+00	5.16550125908431e+02	0.00000000000000e+00	1
49	70	56	63	5.00000000000000e-02	0.00000000000000e+00	0.00000000000000e+00	0.00000000000000e+00	4.79400792126385e+01	0.00000000000000e+00	4.66117536855963e+02	0.00000000000000e+00	1
50	71	57	64	5.00000000000000e-02	0.00000000000000e+00	0.00000000000000e+00	0.00000000000000e+00	4.77244931348432e+01	0.00000000000000e+00	4.42397598875329e+02	0.00000000000000e+00	1
51	72	58	65	5.00000000000000e-02	0.00000000000000e+00	0.00000000000000e+00	0.00000000000000e+00	4.75977218990804e+01	0.00000000000000e+00	4.65417995342887e+02	0.00000000000000e+00	1
1	25	9	17	5.00000000000000e-02	0.00000000000000e+00	0.00000000000000e+00	0.00000000000000e+00	5.23166237507510e+01	0.00000000000000e+00	4.73701470636430e+02	0.00000000000000e+00	1
2	26	10	18	5.00000000000000e-02	0.00000000000000e+00	0.00000000000000e+00	0.00000000000000e+00	5.25357885928472e+01	0.00000000000000e+00	4.77770864710746e+02	0.00000000000000e+00	1
3	27	11	19	5.00000000000000e-02	0.00000000000000e+00	0.00000000000000e+00	0.00000000000000e+00	5.25644967671907e+01	0.00000000000000e+00	4.61952072433023e+02	0.00000000000000e+00	1
4	28	12	20	5.00000000000000e-02	0.00000000000000e+00	0.00000000000000e+00	0.00000000000000e+00	5.25653515981622e+01	0.00000000000000e+00	4.68245674311033e+02	0.00000000000000e+00	1
5	29	13	21	5.00000000000000e-02	0.00000000000000e+00	0.00000000000000e+00	0.00000000000000e+00	5.25262201372655e+01	0.00000000000000e+00	4.83108842384875e+02	0.00000000000000e+00	1
6	30	14	22	5.00000000000000e-02	0.00000000000000e+00	0.00000000000000e+00	0.00000000000000e+00	5.27280089520539e+01	0.00000000000000e+00	4.55223470130352e+02	0.00000000000000e+00	1
7	31	15	23	5.00000000000000e-02	0.00000000000000e+00	0.00000000000000e+00	0.00000000000000e+00	5.27391237481305e+01	0.00000000000000e+00	4.70673270176048e+02	0.00000000000000e+00	1
8	32	16	24	5.00000000000000e-02	0.00000000000000e+00	0.00000000000000e+00	0.00000000000000e+00	5.29843355241461e+01	0.00000000000000e+00	4.64737967071016e+02	0.00000000000000e+00	1
9	33	17	25	5.00000000000000e-02	0.00000000000000e+00	0.00000000000000e+00	0.00000000000000e+00	5.23552618280949e+01	0.00000000000000e+00	4.50757458406595e+02	0.00000000000000e+00	1
10	34	18	26	5.00000000000000e-02	0.00000000000000e+00	0.00000000000000e+00	0.00000000000000e+00	5.12794850564589e+01	0.00000000000000e+00	4.14051726823274e+02	0.00000000000000e+00	1
11	35	19	27	5.00000000000000e-02	0.00000000000000e+00	0.00000000000000e+00	0.00000000000000e+00	5.05679593215476e+01	0.00000000000000e+00	3.96418541661271e+02	0.00000000000000e+00	1
12	36	20	28	5.00000000000000e-02	0.00000000000000e+00	0.00000000000000e+00	0.00000000000000e+00	5.07002027937502e+01	0.00000000000000e+00	4.06107147985089e+02	0.00000000000000e+00	1
13	37	21	29	5.00000000000000e-02	0.00000000000000e+00	0.00000000000000e+00	0.00000000000000e+00	5.14201526870752e+01	0.00000000000000e+00	3.78544764287125e+02	0.00000000000000e+00	1
14	38	22	30	5.00000000000000e-02	0.00000000000000e+00	0.00000000000000e+00	0.00000000000000e+00	5.29375929406271e+01	0.00000000000000e+00	3.99933374752271e+02	0.00000000000000e+00	1
15	39	23	31	5.00000000000000e-02	0.00000000000000e+00	0.00000000000000e+00	0.00000000000000e+00	5.48341883805895e+01	0.00000000000000e+00	4.19146513390391e+02	0.00000000000000e+00	1
16	40	24	32	5.00000000000000e-02	0.00000000000000e+00	0.00000000000000e+00	0.00000000000000e+00	5.72148291792209e+01	0.00000000000000e+00	5.17302738529453e+02	0.00000000000000e+00	1
17	41	25	33	5.00000000000000e-02	0.00000000000000e+00	0.00000000000000e+00	0.00000000000000e+00	5.88787176740342e+01	0.00000000000000e+00	6.27269096341742e+02	0.00000000000000e+00	1
18	42	26	34	5.00000000000000e-02	0.00000000000000e+00	0.00000000000000e+00	0.00000000000000e+00	6.00392266008970e+01	0.00000000000000e+00	7.00782430939538e+02	0.00000000000000e+00	1
19	43	27	35	5.00000000000000e-02	0.00000000000000e+00	0.00000000000000e+00	0.00000000000000e+00	6.00609116958927e+01	0.00000000000000e+00	6.55409310147925e+02	0.00000000000000e+00	1
20	44	28	36	5.00000000000000e-02	0.00000000000000e+00	0.00000000000000e+00	0.00000000000000e+00	6.02820124104506e+01	0.00000000000000e+00	6.22230174436051e+02	0.00000000000000e+00	1
21	45	29	37	5.00000000000000e-02	0.00000000000000e+00	0.00000000000000e+00	0.00000000000000e+00	6.03440783345940e+01	0.00000000000000e+00	7.13941577649786e+02	0.00000000000000e+00	1
22	46	30	38	5.00000000000000e-02	0.00000000000000e+00	0.00000000000000e+00	0.00000000000000e+00	5.97111809628457e+01	0.00000000000000e+00	6.59838449333558e+02	0.00000000000000e+00	1
23	47	31	39	5.00000000000000e-02	0.00000000000000e+00	0.00000000000000e+00	0.00000000000000e+00	5.90997459036389e+01	0.00000000000000e+00	6.40564934365695e+02	0.00000000000000e+00	1
24	48	32	40	5.00000000000000e-02	0.00000000000000e+00	0.00000000000000e+00	0.00000000000000e+00	5.83979628058417e+01	0.00000000000000e+00	6.30991103953009e+02	0.00000000000000e+00	1
25	49	33	41	5.00000000000000e-02	0.00000000000000e+00	0.00000000000000e+00	0.00000000000000e+00	5.70692823253731e+01	0.00000000000000e+00	5.13323596840135e+02	0.00000000000000e+00	1
26	50	34	42	5.00000000000000e-02	0.00000000000000e+00	0.00000000000000e+00	0.00000000000000e+00	5.48693764143188e+01	0.00000000000000e+00	4.32211013834591e+02	0.00000000000000e+00	1
27	51	35	43	5.00000000000000e-02	0.00000000000000e+00	0.00000000000000e+00	0.00000000000000e+00	5.32777634045689e+01	0.00000000000000e+00	3.98602482238517e+02	0.00000000000000e+00	1
28	52	36	44	5.00000000000000e-02	0.00000000000000e+00	0.00000000000000e+00	0.00000000000000e+00	5.23490575188401e+01	0.00000000000000e+00	4.12546411061797e+02	0.00000000000000e+00	1
29	53	37	45	5.00000000000000e-02	0.00000000000000e+00	0.00000000000000e+00	0.00000000000000e+00	5.20120064339172e+01	0.00000000000000e+00	3.96807787849130e+02	0.00000000000000e+00	1
30	54	38	46	5.00000000000000e-02	0.00000000000000e+00	0.00000000000000e+00	0.00000000000000e+00	5.26800644742943e+01	0.00000000000000e+00	4.13037527002718e+02	0.00000000000000e+00	1
31	55	39	47	5.00000000000000e-02	0.00000000000000e+00	0.00000000000000e+00	0.00000000000000e+00	5.37674322639688e+01	0.00000000000000e+00	4.18672484080385e+02	0.00000000000000e+00	1
32	56	40	48	5.00000000000000e-02	0.00000000000000e+00	0.00000000000000e+00	0.00000000000000e+00	5.53231291501886e+01	0.00000000000000e+00	4.26629173962492e+02	0.00000000000000e+00	1
33	57	41	49	5.00000000000000e-02	0.00000000000000e+00	0.00000000000000e+00	0.00000000000000e+00	5.60224821814436e+01	0.00000000000000e+00	4.49702075193064e+02	0.00000000000000e+00	1
34	58	42	50	5.00000000000000e-02	0.00000000000000e+00	0.00000000000000e+00	0.00000000000000e+00	5.66760790219990e+01	0.00000000000000e+00	4.88261604003790e+02	0.00000000000000e+00	1
35	59	43	51	5.00000000000000e-02	0.00000000000000e+00	0.00000000000000e+00	0.00000000000000e+00	5.60240926205618e+01	0.00000000000000e+00	5.29049796589089e+02	0.00000000000000e+00	1
36	60	44	52	5.00000000000000e-02	0.00000000000000e+00	0.00000000000000e+00	0.00000000000000e+00	5.61934482946289e+01	0.00000000000000e+00	5.41982284738892e+02	0.00000000000000e+00	1
37	61	45	53	5.00000000000000e-02	0.00000000000000e+00	0.00000000000000e+00	0.00000000000000e+00	5.62439173126350e+01	0.00000000000000e+00	4.93701493215599e+02	0.00000000000000e+00	1
38	62	46	54	5.00000000000000e-02	0.00000000000000e+00	0.00000000000000e+00	0.00000000000000e+00	5.59893300308111e+01	0.00000000000000e+00	4.85478448019347e+02	0.00000000000000e+00	1
39	63	47	55	5.00000000000000e-02	0.00000000000000e+00	0.00000000000000e+00	0.00000000000000e+00	5.59086712834160e+01	0.00000000000000e+00	5.34252203697994e+02	0.00000000000000e+00	1
40	64	48	56	5.00000000000000e-02	0.00000000000000e+00	0.00000000000000e+00	0.00000000000000e+00	5.57567036163258e+01	0.00000000000000e+00	4.95653471862947e+02	0.00000000000000e+00	1
41	65	49	57	5.00000000000000e-02	0.00000000000000e+00	0.00000000000000e+00	0.00000000000000e+00	5.58465968232918e+01	0.00000000000000e+00	5.00759404374809e+02	0.00000000000000e+00	1
42	66	50	58	5.00000000000000e-02	0.00000000000000e+00	0.00000000000000e+00	0.00000000000000e+00	5.53773260314802e+01	0.00000000000000e+00	4.92755795822896e+02	0.00000000000000e+00	1
43	67	51	59	5.00000000000000e-02	0.00000000000000e+00	0.00000000000000e+00	0.00000000000000e+00	5.57012327771336e+01	0.00000000000000e+00	4.85372182146448e+02	0.00000000000000e+00	1
44	68	52	60	5.00000000000000e-02	0.00000000000000e+00	0.00000000000000e+00	0.00000000000000e+00	5.53145587223704e+01	0.00000000000000e+00	4.84593790418363e+02	0.00000000000000e+00	1
45	69	53	61	5.00000000000000e-02	0.00000000000000e+00	0.00000000000000e+00	0.00000000000000e+00	5.53483154884298e+01	0.00000000000000e+00	4.97236910437550e+02	0.00000000000000e+00	1
46	70	54	62	5.00000000000000e-02	0.00000000000000e+00	0.00000000000000e+00	0.00000000000000e+00	5.51411488831318e+01	0.00000000000000e+00	4.59840653766815e+02	0.00000000000000e+00	1
47	71	55	63	5.00000000000000e-02	0.00000000000000e+00	0.00000000000000e+00	0.00000000000000e+00	5.48507640886253e+01	0.00000000000000e+00	4.89467535334052e+02	0.00000000000000e+00	1
48	72	56	64	5.00000000000000e-02	0.00000000000000e+00	0.00000000000000e+00	0.00000000000000e+00	5.47045607715130e+01	0.00000000000000e+00	4.75415170750743e+02	0.00000000000000e+00	1
1	28	10	19	5.00000000000000e-02	0.00000000000000e+00	0.00000000000000e+00	0.00000000000000e+00	5.93038529548500e+01	0.00000000000000e+00	4.32481309061694e+02	0.00000000000000e+00	1
2	29	11	20	5.00000000000000e-02	0.00000000000000e+00	0.00000000000000e+00	0.00000000000000e+00	5.91325686084397e+01	0.00000000000000e+00	4.74983038000357e+02	0.00000000000000e+00	1
3	30	12	21	5.00000000000000e-02	0.00000000000000e+00	0.00000000000000e+00	0.00000000000000e+00	5.91113869508278e+01	0.00000000000000e+00	4.98887946231124e+02	0.00000000000000e+00	1
4	31	13	22	5.00000000000000e-02	0.00000000000000e+00	0.00000000000000e+00	0.00000000000000e+00	5.91196952454324e+01	0.00000000000000e+00	4.78000978159277e+02	0.00000000000000e+00	1
5	32	14	23	5.00000000000000e-02	0.00000000000000e+00	0.00000000000000e+00	0.00000000000000e+00	5.93108130779979e+01	0.00000000000000e+00	4.39507592125716e+02	0.00000000000000e+00	1
6	33	15	24	5.00000000000000e-02	0.00000000000000e+00	0.00000000000000e+00	0.00000000000000e+00	5.88364949358945e+01	0.00000000000000e+00	4.02698665105458e+02	0.00000000000000e+00	1
7	34	16	25	5.00000000000000e-02	0.00000000000000e+00	0.00000000000000e+00	0.00000000000000e+00	5.78906688296969e+01	0.00000000000000e+00	4.28368559937322e+02	0.00000000000000e+00	1
8	35	17	26	5.00000000000000e-02	0.00000000000000e+00	0.00000000000000e+00	0.00000000000000e+00	5.70340790635166e+01	0.00000000000000e+00	3.88016502431598e+02	0.00000000000000e+00	1
9	36	18	27	5.00000000000000e-02	0.00000000000000e+00	0.00000000000000e+00	0.00000000000000e+00	5.66156106719146e+01	0.00000000000000e+00	3.90256882662902e+02	0.00000000000000e+00	1
10	37	19	28	5.00000000000000e-02	0.00000000000000e+00	0.00000000000000e+00	0.00000000000000e+00	5.69596347579376e+01	0.00000000000000e+00	3.86326274485220e+02	0.00000000000000e+00	1
11	38	20	29	5.00000000000000e-02	0.00000000000000e+00	0.00000000000000e+00	0.00000000000000e+00	5.82072586770082e+01	0.00000000000000e+00	4.01133996505544e+02	0.00000000000000e+00	1
12	39	21	30	5.00000000000000e-02	0.00000000000000e+00	0.00000000000000e+00	0.00000000000000e+00	6.00037149957338e+01	0.00000000000000e+00	4.51348688745891e+02	0.00000000000000e+00	1
13	40	22	31	5.00000000000000e-02	0.00000000000000e+00	0.00000000000000e+00	0.00000000000000e+00	6.21176968001477e+01	0.00000000000000e+00	4.23232977319632e+02	0.00000000000000e+00	1
14	41	23	32	5.00000000000000e-02	0.00000000000000e+00	0.00000000000000e+00	0.00000000000000e+00	6.42855910445906e+01	0.00000000000000e+00	5.45232238365162e+02	0.00000000000000e+00	1
15	42	24	33	5.00000000000000e-02	0.00000000000000e+00	0.00000000000000e+00	0.00000000000000e+00	6.61827905501261e+01	0.00000000000000e+00	5.55620067106686e+02	0.00000000000000e+00	1
16	43	25	34	5.00000000000000e-02	0.00000000000000e+00	0.00000000000000e+00	0.00000000000000e+00	6.70720221183521e+01	0.00000000000000e+00	6.12978258840449e+02	0.00000000000000e+00	1
17	44	26	35	5.00000000000000e-02	0.00000000000000e+00	0.00000000000000e+00	0.00000000000000e+00	6.72207160495343e+01	0.00000000000000e+00	6.86947821097430e+02	0.00000000000000e+00	1
18	45	27	36	5.00000000000000e-02	0.00000000000000e+00	0.00000000000000e+00	0.00000000000000e+00	6.78941877167948e+01	0.00000000000000e+00	6.91205061099597e+02	0.00000000000000e+00	1
19	46	28	37	5.00000000000000e-02	0.00000000000000e+00	0.00000000000000e+00	0.00000000000000e+00	6.80524726503856e+01	0.00000000000000e+00	6.52980405728963e+02	0.00000000000000e+00	1
20	47	29	38	5.00000000000000e-02	0.00000000000000e+00	0.00000000000000e+00	0.00000000000000e+00	6.72639606725761e+01	0.00000000000000e+00	6.45714390023787e+02	0.00000000000000e+00	1
21	48	30	39	5.00000000000000e-02	0.00000000000000e+00	0.00000000000000e+00	0.00000000000000e+00	6.67552600620891e+01	0.00000000000000e+00	6.20107858690200e+02	0.00000000000000e+00	1
22	49	31	40	5.00000000000000e-02	0.00000000000000e+00	0.00000000000000e+00	0.00000000000000e+00	6.59035980591026e+01	0.00000000000000e+00	6.38910776009005e+02	0.00000000000000e+00	1
23	50	32	41	5.00000000000000e-02	0.00000000000000e+00	0.00000000000000e+00	0.00000000000000e+00	6.53124118131235e+01	0.00000000000000e+00	6.26889192808576e+02	0.00000000000000e+00	1
24	51	33	42	5.00000000000000e-02	0.00000000000000e+00	0.00000000000000e+00	0.00000000000000e+00	6.39216145649156e+01	0.00000000000000e+00	5.35417375296768e+02	0.00000000000000e+00	1
25	52	34	43	5.00000000000000e-02	0.00000000000000e+00	0.00000000000000e+00	0.00000000000000e+00	6.20153339093350e+01	0.00000000000000e+00	4.51806795634740e+02	0.00000000000000e+00	1
26	53	35	44	5.00000000000000e-02	0.00000000000000e+00	0.00000000000000e+00	0.00000000000000e+00	6.01680801544069e+01	0.00000000000000e+00	4.04152827054351e+02	0.00000000000000e+00	1
27	54	36	45	5.00000000000000e-02	0.00000000000000e+00	0.00000000000000e+00	0.00000000000000e+00	5.87499474748003e+01	0.00000000000000e+00	4.67280152924530e+02	0.00000000000000e+00	1
28	55	37	46	5.00000000000000e-02	0.00000000000000e+00	0.00000000000000e+00	0.00000000000000e+00	5.81454786900309e+01	0.00000000000000e+00	4.10569057306697e+02	0.00000000000000e+00	1
29	56	38	47	5.00000000000000e-02	0.00000000000000e+00	0.00000000000000e+00	0.00000000000000e+00	5.84171612045619e+01	0.00000000000000e+00	4.69143968232960e+02	0.00000000000000e+00	1
30	57	39	48	5.00000000000000e-02	0.00000000000000e+00	0.00000000000000e+00	0.00000000000000e+00	5.91220815850320e+01	0.00000000000000e+00	3.72718132647648e+02	0.00000000000000e+00	1
31	58	40	49	5.00000000000000e-02	0.00000000000000e+00	0.00000000000000e+00	0.00000000000000e+00	6.04166896055581e+01	0.00000000000000e+00	4.74886989213005e+02	0.00000000000000e+00	1
32	59	41	50	5.00000000000000e-02	0.00000000000000e+00	0.00000000000000e+00	0.00000000000000e+00	6.18257287609290e+01	0.00000000000000e+00	4.51245594685986e+02	0.00000000000000e+00	1
33	60	42	51	5.00000000000000e-02	0.00000000000000e+00	0.00000000000000e+00	0.00000000000000e+00	6.28982091509686e+01	0.00000000000000e+00	4.79938081501687e+02	0.00000000000000e+00	1
34	61	43	52	5.00000000000000e-02	0.00000000000000e+00	0.00000000000000e+00	0.00000000000000e+00	6.30298198910368e+01	0.00000000000000e+00	5.09222946612238e+02	0.00000000000000e+00	1
35	62	44	53	5.00000000000000e-02	0.00000000000000e+00	0.00000000000000e+00	0.00000000000000e+00	6.26363609495281e+01	0.00000000000000e+00	5.05318249367274e+02	0.00000000000000e+00	1
36	63	45	54	5.00000000000000e-02	0.00000000000000e+00	0.00000000000000e+00	0.00000000000000e+00	6.30052325335965e+01	0.00000000000000e+00	4.81522255983571e+02	0.00000000000000e+00	1
37	64	46	55	5.00000000000000e-02	0.00000000000000e+00	0.00000000000000e+00	0.00000000000000e+00	6.30072132732510e+01	0.00000000000000e+00	5.42782110658517e+02	0.00000000000000e+00	1
38	65	47	56	5.00000000000000e-02	0.00000000000000e+00	0.00000000000000e+00	0.00000000000000e+00	6.26146147317154e+01	0.00000000000000e+00	4.76222041632270e+02	0.00000000000000e+00	1
39	66	48	57	5.00000000000000e-02	0.00000000000000e+00	0.00000000000000e+00	0.00000000000000e+00	6.26477311808450e+01	0.00000000000000e+00	5.00003954809803e+02	0.00000000000000e+00	1
40	67	49	58	5.00000000000000e-02	0.00000000000000e+00	0.00000000000000e+00	0.00000000000000e+00	6.24860300678605e+01	0.00000000000000e+00	5.27551779127929e+02	0.00000000000000e+00	1
41	68	50	59	5.00000000000000e-02	0.00000000000000e+00	0.00000000000000e+00	0.00000000000000e+00	6.24175784178385e+01	0.00000000000000e+00	5.04168622642788e+02	0.00000000000000e+00	1
42	69	51	60	5.00000000000000e-02	0.00000000000000e+00	0.00000000000000e+00	0.00000000000000e+00	6.23154853544292e+01	0.00000000000000e+00	4.97527672431111e+02	0.00000000000000e+00	1
43	70	52	61	5.00000000000000e-02	0.00000000000000e+00	0.00000000000000e+00	0.00000000000000e+00	6.23890239040851e+01	0.00000000000000e+00	5.11167541677762e+02	0.00000000000000e+00	1
44	71	53	62	5.00000000000000e-02	0.00000000000000e+00	0.00000000000000e+00	0.00000000000000e+00	6.23170971989819e+01	0.00000000000000e+00	5.13582386109424e+02	0.00000000000000e+00	1
45	72	54	63	5.00000000000000e-02	0.00000000000000e+00	0.00000000000000e+00	0.00000000000000e+00	6.18349784892620e+01	0.00000000000000e+00	5.16941059832425e+02	0.00000000000000e+00	1
1	31	11	21	5.00000000000000e-02	0.00000000000000e+00	0.00000000000000e+00	0.00000000000000e+00	6.56818414187681e+01	0.00000000000000e+00	4.34860618681760e+02	0.00000000000000e+00	1
2	32	12	22	5.00000000000000e-02	0.00000000000000e+00	0.00000000000000e+00	0.00000000000000e+00	6.55863828678365e+01	0.00000000000000e+00	4.61381246769191e+02	0.00000000000000e+00	1
3	33	13	23	5.00000000000000e-02	0.00000000000000e+00	0.00000000000000e+00	0.00000000000000e+00	6.50890133066040e+01	0.00000000000000e+00	4.27452313016407e+02	0.00000000000000e+00	1
4	34	14	24	5.00000000000000e-02	0.00000000000000e+00	0.00000000000000e+00	0.00000000000000e+00	6.43657716602569e+01	0.00000000000000e+00	4.24161057713771e+02	0.00000000000000e+00	1
5	35	15	25	5.00000000000000e-02	0.00000000000000e+00	0.00000000000000e+00	0.00000000000000e+00	6.34097131380657e+01	0.00000000000000e+00	4.11324027192932e+02	0.00000000000000e+00	1
6	36	16	26	5.00000000000000e-02	0.00000000000000e+00	0.00000000000000e+00	0.00000000000000e+00	6.30252225437080e+01	0.00000000000000e+00	3.81798818365568e+02	0.00000000000000e+00	1
7	37	17	27	5.00000000000000e-02	0.00000000000000e+00	0.00000000000000e+00	0.00000000000000e+00	6.29935989877430e+01	0.00000000000000e+00	3.27114753814379e+02	0.00000000000000e+00	1
8	38	18	28	5.00000000000000e-02	0.00000000000000e+00	0.00000000000000e+00	0.00000000000000e+00	6.36951479616186e+01	0.00000000000000e+00	4.12600336107124e+02	0.00000000000000e+00	1
9	39	19	29	5.00000000000000e-02	0.00000000000000e+00	0.00000000000000e+00	0.00000000000000e+00	6.49679710473940e+01	0.00000000000000e+00	4.21038283763964e+02	0.00000000000000e+00	1
10	40	20	30	5.00000000000000e-02	0.00000000000000e+00	0.00000000000000e+00	0.00000000000000e+00	6.69001692771550e+01	0.00000000000000e+00	4.39782401525356e+02	0.00000000000000e+00	1
11	41	21	31	5.00000000000000e-02	0.00000000000000e+00	0.00000000000000e+00	0.00000000000000e+00	6.89652812768055e+01	0.00000000000000e+00	4.40640513676318e+02	0.00000000000000e+00	1
12	42	22	32	5.00000000000000e-02	0.00000000000000e+00	0.00000000000000e+00	0.00000000000000e+00	7.16509562035797e+01	0.00000000000000e+00	5.37901016509901e+02	0.00000000000000e+00	1
13	43	23	33	5.00000000000000e-02	0.00000000000000e+00	0.00000000000000e+00	0.00000000000000e+00	7.34749116181710e+01	0.00000000000000e+00	5.19542346805035e+02	0.00000000000000e+00	1
14	44	24	34	5.00000000000000e-02	0.00000000000000e+00	0.00000000000000e+00	0.00000000000000e+00	7.43335196094675e+01	0.00000000000000e+00	6.24077193797671e+02	0.00000000000000e+00	1
15	45	25	35	5.00000000000000e-02	0.00000000000000e+00	0.00000000000000e+00	0.00000000000000e+00	7.45428186104296e+01	0.00000000000000e+00	6.04678115633767e+02	0.00000000000000e+00	1
16	46	26	36	5.00000000000000e-02	0.00000000000000e+00	0.00000000000000e+00	0.00000000000000e+00	7.48726003793156e+01	0.00000000000000e+00	7.27134381147419e+02	0.00000000000000e+00	1
17	47	27	37	5.00000000000000e-02	0.00000000000000e+00	0.00000000000000e+00	0.00000000000000e+00	7.51944296653000e+01	0.00000000000000e+00	6.88367154566642e+02	0.00000000000000e+00	1
18	48	28	38	5.00000000000000e-02	0.00000000000000e+00	0.00000000000000e+00	0.00000000000000e+00	7.48627390062574e+01	0.00000000000000e+00	6.75016129821553e+02	0.00000000000000e+00	1
19	49	29	39	5.00000000000000e-02	0.00000000000000e+00	0.00000000000000e+00	0.00000000000000e+00	7.43512419957467e+01	0.00000000000000e+00	6.99135330178740e+02	0.00000000000000e+00	1
20	50	30	40	5.00000000000000e-02	0.00000000000000e+00	0.00000000000000e+00	0.00000000000000e+00	7.35872334103040e+01	0.00000000000000e+00	6.35349390809318e+02	0.00000000000000e+00	1
21	51	31	41	5.00000000000000e-02	0.00000000000000e+00	0.00000000000000e+00	0.00000000000000e+00	7.31237485791699e+01	0.00000000000000e+00	6.35103294128884e+02	0.00000000000000e+00	1
22	52	32	42	5.00000000000000e-02	0.00000000000000e+00	0.00000000000000e+00	0.00000000000000e+00	7.22091083396233e+01	0.00000000000000e+00	6.07135064688557e+02	0.00000000000000e+00	1
23	53	33	43	5.00000000000000e-02	0.00000000000000e+00	0.00000000000000e+00	0.00000000000000e+00	7.08098567061262e+01	0.00000000000000e+00	5.57428875465606e+02	0.00000000000000e+00	1
24	54	34	44	5.00000000000000e-02	0.00000000000000e+00	0.00000000000000e+00	0.00000000000000e+00	6.87432043604071e+01	0.00000000000000e+00	4.98485004302705e+02	0.00000000000000e+00	1
25	55	35	45	5.00000000000000e-02	0.00000000000000e+00	0.00000000000000e+00	0.00000000000000e+00	6.66653739132519e+01	0.00000000000000e+00	4.34262260692038e+02	0.00000000000000e+00	1
26	56	36	46	5.00000000000000e-02	0.00000000000000e+00	0.00000000000000e+00	0.00000000000000e+00	6.52723571489202e+01	0.00000000000000e+00	4.28126140851762e+02	0.00000000000000e+00	1
27	57	37	47	5.00000000000000e-02	0.00000000000000e+00	0.00000000000000e+00	0.00000000000000e+00	6.43213036964029e+01	0.00000000000000e+00	4.36191702551931e+02	0.00000000000000e+00	1
28	58	38	48	5.00000000000000e-02	0.00000000000000e+00	0.00000000000000e+00	0.00000000000000e+00	6.43083380751113e+01	0.00000000000000e+00	3.89127431166537e+02	0.00000000000000e+00	1
29	59	39	49	5.00000000000000e-02	0.00000000000000e+00	0.00000000000000e+00	0.00000000000000e+00	6.47437113575904e+01	0.00000000000000e+00	3.91628110868155e+02	0.00000000000000e+00	1
30	60	40	50	5.00000000000000e-02	0.00000000000000e+00	0.00000000000000e+00	0.00000000000000e+00	6.60334081523909e+01	0.00000000000000e+00	4.26521054053687e+02	0.00000000000000e+00	1
31	61	41	51	5.00000000000000e-02	0.00000000000000e+00	0.00000000000000e+00	0.00000000000000e+00	6.67625500338204e+01	0.00000000000000e+00	4.01084760765309e+02	0.00000000000000e+00	1
32	62	42	52	5.00000000000000e-02	0.00000000000000e+00	0.00000000000000e+00	0.00000000000000e+00	6.82916946247513e+01	0.00000000000000e+00	4.63027933262829e+02	0.00000000000000e+00	1
33	63	43	53	5.00000000000000e-02	0.00000000000000e+00	0.00000000000000e+00	0.00000000000000e+00	6.92225597496508e+01	0.00000000000000e+00	4.44387912941753e+02	0.00000000000000e+00	1
34	64	44	54	5.00000000000000e-02	0.00000000000000e+00	0.00000000000000e+00	0.00000000000000e+00	6.96656104889455e+01	0.00000000000000e+00	5.13179545451673e+02	0.00000000000000e+00	1
35	65	45	55	5.00000000000000e-02	0.00000000000000e+00	0.00000000000000e+00	0.00000000000000e+00	6.94675134768376e+01	0.00000000000000e+00	4.68888285850062e+02	0.00000000000000e+00	1
36	66	46	56	5.00000000000000e-02	0.00000000000000e+00	0.00000000000000e+00	0.00000000000000e+00	6.95759424570701e+01	0.00000000000000e+00	4.67504544314432e+02	0.00000000000000e+00	1
37	67	47	57	5.00000000000000e-02	0.00000000000000e+00	0.00000000000000e+00	0.00000000000000e+00	6.99176556099412e+01	0.00000000000000e+00	4.96189552210271e+02	0.00000000000000e+00	1
38	68	48	58	5.00000000000000e-02	0.00000000000000e+00	0.00000000000000e+00	0.00000000000000e+00	6.94571992250121e+01	0.00000000000000e+00	5.03940101789163e+02	0.00000000000000e+00	1
39	69	49	59	5.00000000000000e-02	0.00000000000000e+00	0.00000000000000e+00	0.00000000000000e+00	6.94550528212695e+01	0.00000000000000e+00	5.23273124373797e+02	0.00000000000000e+00	1
40	70	50	60	5.00000000000000e-02	0.00000000000000e+00	0.00000000000000e+00	0.00000000000000e+00	6.89022010196612e+01	0.00000000000000e+00	5.24314742897603e+02	0.00000000000000e+00	1
41	71	51	61	5.00000000000000e-02	0.00000000000000e+00	0.00000000000000e+00	0.00000000000000e+00	6.92117454833001e+01	0.00000000000000e+00	4.77952563376233e+02	0.00000000000000e+00	1
42	72	52	62	5.00000000000000e-02	0.00000000000000e+00	0.00000000000000e+00	0.00000000000000e+00	6.91627985166803e+01	0.00000000000000e+00	4.84107742045289e+02	0.00000000000000e+00	1
1	34	12	23	5.00000000000000e-02	0.00000000000000e+00	0.00000000000000e+00	0.00000000000000e+00	7.06660477353118e+01	0.00000000000000e+00	3.99707398277627e+02	0.00000000000000e+00	1
2	35	13	24	5.00000000000000e-02	0.00000000000000e+00	0.00000000000000e+00	0.00000000000000e+00	6.96867249055218e+01	0.00000000000000e+00	3.85117324803921e+02	0.00000000000000e+00	1
3	36	14	25	5.00000000000000e-02	0.00000000000000e+00	0.00000000000000e+00	0.00000000000000e+00	6.92609527881976e+01	0.00000000000000e+00	3.93478045131173e+02	0.00000000000000e+00	1
4	37	15	26	5.00000000000000e-02	0.00000000000000e+00	0.00000000000000e+00	0.00000000000000e+00	6.91855736261322e+01	0.00000000000000e+00	4.11307602118282e+02	0.00000000000000e+00	1
5	38	16	27	5.00000000000000e-02	0.00000000000000e+00	0.00000000000000e+00	0.00000000000000e+00	6.96194649812164e+01	0.00000000000000e+00	3.90518365459088e+02	0.00000000000000e+00	1
6	39	17	28	5.00000000000000e-02	0.00000000000000e+00	0.00000000000000e+00	0.00000000000000e+00	7.05152875112981e+01	0.00000000000000e+00	3.63440953949163e+02	0.00000000000000e+00	1
7	40	18	29	5.00000000000000e-02	0.00000000000000e+00	0.00000000000000e+00	0.00000000000000e+00	7.18302487723668e+01	0.00000000000000e+00	4.12794850194311e+02	0.00000000000000e+00	1
8	41	19	30	5.00000000000000e-02	0.00000000000000e+00	0.00000000000000e+00	0.00000000000000e+00	7.37298181368409e+01	0.00000000000000e+00	4.37492474079472e+02	0.00000000000000e+00	1
9	42	20	31	5.00000000000000e-02	0.00000000000000e+00	0.00000000000000e+00	0.00000000000000e+00	7.60485735393288e+01	0.00000000000000e+00	4.20163593564213e+02	0.00000000000000e+00	1
10	43	21	32	5.00000000000000e-02	0.00000000000000e+00	0.00000000000000e+00	0.00000000000000e+00	7.86474506665622e+01	0.00000000000000e+00	5.26465286222098e+02	0.00000000000000e+00	1
11	44	22	33	5.00000000000000e-02	0.00000000000000e+00	0.00000000000000e+00	0.00000000000000e+00	8.06742106533645e+01	0.00000000000000e+00	5.46740335527985e+02	0.00000000000000e+00	1
12	45	23	34	5.00000000000000e-02	0.00000000000000e+00	0.00000000000000e+00	0.00000000000000e+00	8.17786436697032e+01	0.00000000000000e+00	5.53548374276385e+02	0.00000000000000e+00	1
13	46	24	35	5.00000000000000e-02	0.00000000000000e+00	0.00000000000000e+00	0.00000000000000e+00	8.17892040634879e+01	0.00000000000000e+00	6.13713577355804e+02	0.00000000000000e+00	1
14	47	25	36	5.00000000000000e-02	0.00000000000000e+00	0.00000000000000e+00	0.00000000000000e+00	8.20088440592094e+01	0.00000000000000e+00	6.65387311891128e+02	0.00000000000000e+00	1
15	48	26	37	5.00000000000000e-02	0.00000000000000e+00	0.00000000000000e+00	0.00000000000000e+00	8.22168829418374e+01	0.00000000000000e+00	7.25074483253333e+02	0.00000000000000e+00	1
16	49	27	38	5.00000000000000e-02	0.00000000000000e+00	0.00000000000000e+00	0.00000000000000e+00	8.17610686500796e+01	0.00000000000000e+00	7.06586066765985e+02	0.00000000000000e+00	1
17	50	28	39	5.00000000000000e-02	0.00000000000000e+00	0.00000000000000e+00	0.00000000000000e+00	8.14666520230557e+01	0.00000000000000e+00	6.96160568284423e+02	0.00000000000000e+00	1
18	51	29	40	5.00000000000000e-02	0.00000000000000e+00	0.00000000000000e+00	0.00000000000000e+00	8.13283431201196e+01	0.00000000000000e+00	6.63238392321828e+02	0.00000000000000e+00	1
19	52	30	41	5.00000000000000e-02	0.00000000000000e+00	0.00000000000000e+00	0.00000000000000e+00	8.10935454604587e+01	0.00000000000000e+00	6.89068287846487e+02	0.00000000000000e+00	1
20	53	31	42	5.00000000000000e-02	0.00000000000000e+00	0.00000000000000e+00	0.00000000000000e+00	8.00860718000160e+01	0.00000000000000e+00	6.16517103725283e+02	0.00000000000000e+00	1
21	54	32	43	5.00000000000000e-02	0.00000000000000e+00	0.00000000000000e+00	0.00000000000000e+00	7.90200507939549e+01	0.00000000000000e+00	5.87069817880502e+02	0.00000000000000e+00	1
22	55	33	44	5.00000000000000e-02	0.00000000000000e+00	0.00000000000000e+00	0.00000000000000e+00	7.73283610143339e+01	0.00000000000000e+00	5.58526752561184e+02	0.00000000000000e+00	1
23	56	34	45	5.00000000000000e-02	0.00000000000000e+00	0.00000000000000e+00	0.00000000000000e+00	7.51564214975752e+01	0.00000000000000e+00	4.82851213329689e+02	0.00000000000000e+00	1
24	57	35	46	5.00000000000000e-02	0.00000000000000e+00	0.00000000000000e+00	0.00000000000000e+00	7.30959437916372e+01	0.00000000000000e+00	5.34810577907366e+02	0.00000000000000e+00	1
25	58	36	47	5.00000000000000e-02	0.00000000000000e+00	0.00000000000000e+00	0.00000000000000e+00	7.17236642258671e+01	0.00000000000000e+00	4.35790559527980e+02	0.00000000000000e+00	1
26	59	37	48	5.00000000000000e-02	0.00000000000000e+00	0.00000000000000e+00	0.00000000000000e+00	7.06939634956488e+01	0.00000000000000e+00	4.26980005295294e+02	0.00000000000000e+00	1
27	60	38	49	5.00000000000000e-02	0.00000000000000e+00	0.00000000000000e+00	0.00000000000000e+00	7.05320852881797e+01	0.00000000000000e+00	4.14508168038716e+02	0.00000000000000e+00	1
28	61	39	50	5.00000000000000e-02	0.00000000000000e+00	0.00000000000000e+00	0.00000000000000e+00	7.07685932988066e+01	0.00000000000000e+00	4.04833476851296e+02	0.00000000000000e+00	1
29	62	40	51	5.00000000000000e-02	0.00000000000000e+00	0.00000000000000e+00	0.00000000000000e+00	7.11505624216676e+01	0.00000000000000e+00	4.19029223825081e+02	0.00000000000000e+00	1
30	63	41	52	5.00000000000000e-02	0.00000000000000e+00	0.00000000000000e+00	0.00000000000000e+00	7.19695417182466e+01	0.00000000000000e+00	4.14433521371275e+02	0.00000000000000e+00	1
31	64	42	53	5.00000000000000e-02	0.00000000000000e+00	0.00000000000000e+00	0.00000000000000e+00	7.31534350504980e+01	0.00000000000000e+00	4.36421202318647e+02	0.00000000000000e+00	1
32	65	43	54	5.00000000000000e-02	0.00000000000000e+00	0.00000000000000e+00	0.00000000000000e+00	7.47352128410741e+01	0.00000000000000e+00	4.37523389745598e+02	0.00000000000000e+00	1
33	66	44	55	5.00000000000000e-02	0.00000000000000e+00	0.00000000000000e+00	0.00000000000000e+00	7.58208891809050e+01	0.00000000000000e+00	5.16305876802740e+02	0.00000000000000e+00	1
34	67	45	56	5.00000000000000e-02	0.00000000000000e+00	0.00000000000000e+00	0.00000000000000e+00	7.65309051398718e+01	0.00000000000000e+00	4.89807348336556e+02	0.00000000000000e+00	1
35	68	46	57	5.00000000000000e-02	0.00000000000000e+00	0.00000000000000e+00	0.00000000000000e+00	7.64655456592342e+01	0.00000000000000e+00	5.18812053674124e+02	0.00000000000000e+00	1
36	69	47	58	5.00000000000000e-02	0.00000000000000e+00	0.00000000000000e+00	0.00000000000000e+00	7.65592730371188e+01	0.00000000000000e+00	5.23689328268636e+02	0.00000000000000e+00	1
37	70	48	59	5.00000000000000e-02	0.00000000000000e+00	0.00000000000000e+00	0.00000000000000e+00	7.66922180108629e+01	0.00000000000000e+00	5.23754388566369e+02	0.00000000000000e+00	1
38	71	49	60	5.00000000000000e-02	0.00000000000000e+00	0.00000000000000e+00	0.00000000000000e+00	7.59361822111385e+01	0.00000000000000e+00	5.03874594625986e+02	0.00000000000000e+00	1
39	72	50	61	5.00000000000000e-02	0.00000000000000e+00	0.00000000000000e+00	0.00000000000000e+00	7.56947183900090e+01	0.00000000000000e+00	5.18177716875399e+02	0.00000000000000e+00	1
1	37	13	25	5.00000000000000e-02	0.00000000000000e+00	0.00000000000000e+00	0.00000000000000e+00	7.53328518671322e+01	0.00000000000000e+00	3.71085500906445e+02	0.00000000000000e+00	1
2	38	14	26	5.00000000000000e-02	0.00000000000000e+00	0.00000000000000e+00	0.00000000000000e+00	7.55356306522477e+01	0.00000000000000e+00	3.74664661798024e+02	0.00000000000000e+00	1
3	39	15	27	5.00000000000000e-02	0.00000000000000e+00	0.00000000000000e+00	0.00000000000000e+00	7.61621706643504e+01	0.00000000000000e+00	4.25545635773281e+02	0.00000000000000e+00	1
4	40	16	28	5.00000000000000e-02	0.00000000000000e+00	0.00000000000000e+00	0.00000000000000e+00	7.73928567108673e+01	0.00000000000000e+00	4.50488897234487e+02	0.00000000000000e+00	1
5	41	17	29	5.00000000000000e-02	0.00000000000000e+00	0.00000000000000e+00	0.00000000000000e+00	7.87787530594498e+01	0.00000000000000e+00	4.19908895512645e+02	0.00000000000000e+00	1
6	42	18	30	5.00000000000000e-02	0.00000000000000e+00	0.00000000000000e+00	0.00000000000000e+00	8.07532207228571e+01	0.00000000000000e+00	4.23642374629134e+02	0.00000000000000e+00	1
7	43	19	31	5.00000000000000e-02	0.00000000000000e+00	0.00000000000000e+00	0.00000000000000e+00	8.29753892530783e+01	0.00000000000000e+00	4.74024637205447e+02	0.00000000000000e+00	1
8	44	20	32	5.00000000000000e-02	0.00000000000000e+00	0.00000000000000e+00	0.00000000000000e+00	8.58190393591838e+01	0.00000000000000e+00	4.92277511137147e+02	0.00000000000000e+00	1
9	45	21	33	5.00000000000000e-02	0.00000000000000e+00	0.00000000000000e+00	0.00000000000000e+00	8.79024581260445e+01	0.00000000000000e+00	5.66427863366567e+02	0.00000000000000e+00	1
10	46	22	34	5.00000000000000e-02	0.00000000000000e+00	0.00000000000000e+00	0.00000000000000e+00	8.88584111550509e+01	0.00000000000000e+00	5.84528793812017e+02	0.00000000000000e+00	1
11	47	23	35	5.00000000000000e-02	0.00000000000000e+00	0.00000000000000e+00	0.00000000000000e+00	8.88881576547713e+01	0.00000000000000e+00	5.55041936921702e+02	0.00000000000000e+00	1
12	48	24	36	5.00000000000000e-02	0.00000000000000e+00	0.00000000000000e+00	0.00000000000000e+00	8.91532092699722e+01	0.00000000000000e+00	7.20816918330665e+02	0.00000000000000e+00	1
13	49	25	37	5.00000000000000e-02	0.00000000000000e+00	0.00000000000000e+00	0.00000000000000e+00	8.92853240029191e+01	0.00000000000000e+00	7.34751747155855e+02	0.00000000000000e+00	1
14	50	26	38	5.00000000000000e-02	0.00000000000000e+00	0.00000000000000e+00	0.00000000000000e+00	8.86291385290321e+01	0.00000000000000e+00	7.04470748006604e+02	0.00000000000000e+00	1
15	51	27	39	5.00000000000000e-02	0.00000000000000e+00	0.00000000000000e+00	0.00000000000000e+00	8.87074039381169e+01	0.00000000000000e+00	6.72561839059217e+02	0.00000000000000e+00	1
16	52	28	40	5.00000000000000e-02	0.00000000000000e+00	0.00000000000000e+00	0.00000000000000e+00	8.84491819760462e+01	0.00000000000000e+00	6.11910166750824e+02	0.00000000000000e+00	1
17	53	29	41	5.00000000000000e-02	0.00000000000000e+00	0.00000000000000e+00	0.00000000000000e+00	8.83728999360486e+01	0.00000000000000e+00	7.41365811637778e+02	0.00000000000000e+00	1
18	54	30	42	5.00000000000000e-02	0.00000000000000e+00	0.00000000000000e+00	0.00000000000000e+00	8.78026626353657e+01	0.00000000000000e+00	7.42069837224152e+02	0.00000000000000e+00	1
19	55	31	43	5.00000000000000e-02	0.00000000000000e+00	0.00000000000000e+00	0.00000000000000e+00	8.68866972803218e+01	0.00000000000000e+00	6.76932614765190e+02	0.00000000000000e+00	1
20	56	32	44	5.00000000000000e-02	0.00000000000000e+00	0.00000000000000e+00	0.00000000000000e+00	8.56752943161772e+01	0.00000000000000e+00	5.94833614746817e+02	0.00000000000000e+00	1
21	57	33	45	5.00000000000000e-02	0.00000000000000e+00	0.00000000000000e+00	0.00000000000000e+00	8.36431007914086e+01	0.00000000000000e+00	5.24385204285904e+02	0.00000000000000e+00	1
22	58	34	46	5.00000000000000e-02	0.00000000000000e+00	0.00000000000000e+00	0.00000000000000e+00	8.15811439720038e+01	0.00000000000000e+00	5.05300427051251e+02	0.00000000000000e+00	1
23	59	35	47	5.00000000000000e-02	0.00000000000000e+00	0.00000000000000e+00	0.00000000000000e+00	7.95733333437573e+01	0.00000000000000e+00	4.76311055082806e+02	0.00000000000000e+00	1
24	60	36	48	5.00000000000000e-02	0.00000000000000e+00	0.00000000000000e+00	0.00000000000000e+00	7.83133401383310e+01	0.00000000000000e+00	4.60466586352732e+02	0.00000000000000e+00	1
25	61	37	49	5.00000000000000e-02	0.00000000000000e+00	0.00000000000000e+00	0.00000000000000e+00	7.72297586874596e+01	0.00000000000000e+00	4.33012990390895e+02	0.00000000000000e+00	1
26	62	38	50	5.00000000000000e-02	0.00000000000000e+00	0.00000000000000e+00	0.00000000000000e+00	7.67424491505811e+01	0.00000000000000e+00	4.17074067864496e+02	0.00000000000000e+00	1
27	63	39	51	5.00000000000000e-02	0.00000000000000e+00	0.00000000000000e+00	0.00000000000000e+00	7.64623682455769e+01	0.00000000000000e+00	4.34129146855154e+02	0.00000000000000e+00	1
28	64	40	52	5.00000000000000e-02	0.00000000000000e+00	0.00000000000000e+00	0.00000000000000e+00	7.66897636589306e+01	0.00000000000000e+00	4.26460659002333e+02	0.00000000000000e+00	1
29	65	41	53	5.00000000000000e-02	0.00000000000000e+00	0.00000000000000e+00	0.00000000000000e+00	7.70721540415408e+01	0.00000000000000e+00	4.48374445608557e+02	0.00000000000000e+00	1
30	66	42	54	5.00000000000000e-02	0.00000000000000e+00	0.00000000000000e+00	0.00000000000000e+00	7.83541087083297e+01	0.00000000000000e+00	4.35194619450296e+02	0.00000000000000e+00	1
31	67	43	55	5.00000000000000e-02	0.00000000000000e+00	0.00000000000000e+00	0.00000000000000e+00	7.97588967133016e+01	0.00000000000000e+00	4.62701809885886e+02	0.00000000000000e+00	1
32	68	44	56	5.00000000000000e-02	0.00000000000000e+00	0.00000000000000e+00	0.00000000000000e+00	8.15052210535858e+01	0.00000000000000e+00	4.25626667892915e+02	0.00000000000000e+00	1
33	69	45	57	5.00000000000000e-02	0.00000000000000e+00	0.00000000000000e+00	0.00000000000000e+00	8.30743632455877e+01	0.00000000000000e+00	5.07883512921690e+02	0.00000000000000e+00	1
34	70	46	58	5.00000000000000e-02	0.00000000000000e+00	0.00000000000000e+00	0.00000000000000e+00	8.34578980414748e+01	0.00000000000000e+00	4.83722659964505e+02	0.00000000000000e+00	1
35	71	47	59	5.00000000000000e-02	0.00000000000000e+00	0.00000000000000e+00	0.00000000000000e+00	8.32102730284269e+01	0.00000000000000e+00	5.15634568746016e+02	0.00000000000000e+00	1
36	72	48	60	5.00000000000000e-02	0.00000000000000e+00	0.00000000000000e+00	0.00000000000000e+00	8.29728957173502e+01	0.00000000000000e+00	5.64620983749264e+02	0.00000000000000e+00	1
1	40	14	27	5.00000000000000e-02	0.00000000000000e+00	0.00000000000000e+00	0.00000000000000e+00	8.29539942545039e+01	0.00000000000000e+00	4.06080283018778e+02	0.00000000000000e+00	1
2	41	15	28	5.00000000000000e-02	0.00000000000000e+00	0.00000000000000e+00	0.00000000000000e+00	8.40667879405032e+01	0.00000000000000e+00	4.08161892678716e+02	0.00000000000000e+00	1
3	42	16	29	5.00000000000000e-02	0.00000000000000e+00	0.00000000000000e+00	0.00000000000000e+00	8.57750821372377e+01	0.00000000000000e+00	4.09762462131430e+02	0.00000000000000e+00	1
4	43	17	30	5.00000000000000e-02	0.00000000000000e+00	0.00000000000000e+00	0.00000000000000e+00	8.78878629596371e+01	0.00000000000000e+00	4.66278751162573e+02	0.00000000000000e+00	1
5	44	18	31	5.00000000000000e-02	0.00000000000000e+00	0.00000000000000e+00	0.00000000000000e+00	9.01143293981385e+01	0.00000000000000e+00	4.70197071495943e+02	0.00000000000000e+00	1
6	45	19	32	5.00000000000000e-02	0.00000000000000e+00	0.00000000000000e+00	0.00000000000000e+00	9.28998772680653e+01	0.00000000000000e+00	5.14912243978266e+02	0.00000000000000e+00	1
7	46	20	33	5.00000000000000e-02	0.00000000000000e+00	0.00000000000000e+00	0.00000000000000e+00	9.48807739260951e+01	0.00000000000000e+00	5.55154132435126e+02	0.00000000000000e+00	1
8	47	21	34	5.00000000000000e-02	0.00000000000000e+00	0.00000000000000e+00	0.00000000000000e+00	9.59721203719339e+01	0.00000000000000e+00	5.87301942446516e+02	0.00000000000000e+00	1
9	48	22	35	5.00000000000000e-02	0.00000000000000e+00	0.00000000000000e+00	0.00000000000000e+00	9.59456963976373e+01	0.00000000000000e+00	6.64484887487266e+02	0.00000000000000e+00	1
10	49	23	36	5.00000000000000e-02	0.00000000000000e+00	0.00000000000000e+00	0.00000000000000e+00	9.60794280608865e+01	0.00000000000000e+00	6.13389547048935e+02	0.00000000000000e+00	1
11	50	24	37	5.00000000000000e-02	0.00000000000000e+00	0.00000000000000e+00	0.00000000000000e+00	9.60982111594211e+01	0.00000000000000e+00	6.28720661685300e+02	0.00000000000000e+00	1
12	51	25	38	5.00000000000000e-02	0.00000000000000e+00	0.00000000000000e+00	0.00000000000000e+00	9.59069536939008e+01	0.00000000000000e+00	6.98226286823837e+02	0.00000000000000e+00	1
13	52	26	39	5.00000000000000e-02	0.00000000000000e+00	0.00000000000000e+00	0.00000000000000e+00	9.57992268013529e+01	0.00000000000000e+00	6.67308839337643e+02	0.00000000000000e+00	1
14	53	27	40	5.00000000000000e-02	0.00000000000000e+00	0.00000000000000e+00	0.00000000000000e+00	9.55702699853288e+01	0.00000000000000e+00	6.74080137009796e+02	0.00000000000000e+00	1
15	54	28	41	5.00000000000000e-02	0.00000000000000e+00	0.00000000000000e+00	0.00000000000000e+00	9.54276424179965e+01	0.00000000000000e+00	6.50851223892737e+02	0.00000000000000e+00	1
16	55	29	42	5.00000000000000e-02	0.00000000000000e+00	0.00000000000000e+00	0.00000000000000e+00	9.47767637069187e+01	0.00000000000000e+00	6.85434886985018e+02	0.00000000000000e+00	1
17	56	30	43	5.00000000000000e-02	0.00000000000000e+00	0.00000000000000e+00	0.00000000000000e+00	9.42288789429359e+01	0.00000000000000e+00	6.38581865292417e+02	0.00000000000000e+00	1
18	57	31	44	5.00000000000000e-02	0.00000000000000e+00	0.00000000000000e+00	0.00000000000000e+00	9.32686598010326e+01	0.00000000000000e+00	5.91092735296152e+02	0.00000000000000e+00	1
19	58	32	45	5.00000000000000e-02	0.00000000000000e+00	0.00000000000000e+00	0.00000000000000e+00	9.21146329111688e+01	0.00000000000000e+00	6.24316028528279e+02	0.00000000000000e+00	1
20	59	33	46	5.00000000000000e-02	0.00000000000000e+00	0.00000000000000e+00	0.00000000000000e+00	9.02353522450655e+01	0.00000000000000e+00	5.69537664062197e+02	0.00000000000000e+00	1
21	60	34	47	5.00000000000000e-02	0.00000000000000e+00	0.00000000000000e+00	0.00000000000000e+00	8.82531079689629e+01	0.00000000000000e+00	5.47743947098155e+02	0.00000000000000e+00	1
22	61	35	48	5.00000000000000e-02	0.00000000000000e+00	0.00000000000000e+00	0.00000000000000e+00	8.61524387751753e+01	0.00000000000000e+00	4.99356560084265e+02	0.00000000000000e+00	1
23	62	36	49	5.00000000000000e-02	0.00000000000000e+00	0.00000000000000e+00	0.00000000000000e+00	8.46830844516137e+01	0.00000000000000e+00	5.02829025670314e+02	0.00000000000000e+00	1
24	63	37	50	5.00000000000000e-02	0.00000000000000e+00	0.00000000000000e+00	0.00000000000000e+00	8.37236919157854e+01	0.00000000000000e+00	4.71629227485694e+02	0.00000000000000e+00	1
25	64	38	51	5.00000000000000e-02	0.00000000000000e+00	0.00000000000000e+00	0.00000000000000e+00	8.27414219375952e+01	0.00000000000000e+00	4.47300083288325e+02	0.00000000000000e+00	1
26	65	39	52	5.00000000000000e-02	0.00000000000000e+00	0.00000000000000e+00	0.00000000000000e+00	8.22495943113038e+01	0.00000000000000e+00	4.19590451118615e+02	0.00000000000000e+00	1
27	66	40	53	5.00000000000000e-02	0.00000000000000e+00	0.00000000000000e+00	0.00000000000000e+00	8.22391094228554e+01	0.00000000000000e+00	4.20364758147080e+02	0.00000000000000e+00	1
28	67	41	54	5.00000000000000e-02	0.00000000000000e+00	0.00000000000000e+00	0.00000000000000e+00	8.27826641323735e+01	0.00000000000000e+00	4.68014701004481e+02	0.00000000000000e+00	1
29	68	42	55	5.00000000000000e-02	0.00000000000000e+00	0.00000000000000e+00	0.00000000000000e+00	8.36656145856144e+01	0.00000000000000e+00	4.68869352610514e+02	0.00000000000000e+00	1
30	69	43	56	5.00000000000000e-02	0.00000000000000e+00	0.00000000000000e+00	0.00000000000000e+00	8.50578253313632e+01	0.00000000000000e+00	4.36105269642623e+02	0.00000000000000e+00	1
31	70	44	57	5.00000000000000e-02	0.00000000000000e+00	0.00000000000000e+00	0.00000000000000e+00	8.67309857263712e+01	0.00000000000000e+00	3.99000461853616e+02	0.00000000000000e+00	1
32	71	45	58	5.00000000000000e-02	0.00000000000000e+00	0.00000000000000e+00	0.00000000000000e+00	8.85031768269992e+01	0.00000000000000e+00	4.66216163805805e+02	0.00000000000000e+00	1
33	72	46	59	5.00000000000000e-02	0.00000000000000e+00	0.00000000000000e+00	0.00000000000000e+00	8.97289895891734e+01	0.00000000000000e+00	5.35324501894601e+02	0.00000000000000e+00	1
1	43	15	29	5.00000000000000e-02	0.00000000000000e+00	0.00000000000000e+00	0.00000000000000e+00	9.27948726617038e+01	0.00000000000000e+00	4.29975704243467e+02	0.00000000000000e+00	1
2	44	16	30	5.00000000000000e-02	0.00000000000000e+00	0.00000000000000e+00	0.00000000000000e+00	9.49718802703504e+01	0.00000000000000e+00	4.70066444437982e+02	0.00000000000000e+00	1
3	45	17	31	5.00000000000000e-02	0.00000000000000e+00	0.00000000000000e+00	0.00000000000000e+00	9.73428182838046e+01	0.00000000000000e+00	4.60699427732310e+02	0.00000000000000e+00	1
4	46	18	32	5.00000000000000e-02	0.00000000000000e+00	0.00000000000000e+00	0.00000000000000e+00	9.99529712877763e+01	0.00000000000000e+00	5.05336527610342e+02	0.00000000000000e+00	1
5	47	19	33	5.00000000000000e-02	0.00000000000000e+00	0.00000000000000e+00	0.00000000000000e+00	1.01847924245174e+02	0.00000000000000e+00	4.79939913735475e+02	0.00000000000000e+00	1
6	48	20	34	5.00000000000000e-02	0.00000000000000e+00	0.00000000000000e+00	0.00000000000000e+00	1.02816659208530e+02	0.00000000000000e+00	6.33968327318566e+02	0.00000000000000e+00	1
7	49	21	35	5.00000000000000e-02	0.00000000000000e+00	0.00000000000000e+00	0.00000000000000e+00	1.02791588590410e+02	0.00000000000000e+00	6.20606717355542e+02	0.00000000000000e+00	1
8	50	22	36	5.00000000000000e-02	0.00000000000000e+00	0.00000000000000e+00	0.00000000000000e+00	1.03050448134324e+02	0.00000000000000e+00	6.63102966520705e+02	0.00000000000000e+00	1
9	51	23	37	5.00000000000000e-02	0.00000000000000e+00	0.00000000000000e+00	0.00000000000000e+00	1.03320708732577e+02	0.00000000000000e+00	6.53621576356826e+02	0.00000000000000e+00	1
10	52	24	38	5.00000000000000e-02	0.00000000000000e+00	0.00000000000000e+00	0.00000000000000e+00	1.02851946017976e+02	0.00000000000000e+00	6.61263432068790e+02	0.00000000000000e+00	1
11	53	25	39	5.00000000000000e-02	0.00000000000000e+00	0.00000000000000e+00	0.00000000000000e+00	1.02792625264310e+02	0.00000000000000e+00	6.05011461844746e+02	0.00000000000000e+00	1
12	54	26	40	5.00000000000000e-02	0.00000000000000e+00	0.00000000000000e+00	0.00000000000000e+00	1.02459196216586e+02	0.00000000000000e+00	6.61733363887462e+02	0.00000000000000e+00	1
13	55	27	41	5.00000000000000e-02	0.00000000000000e+00	0.00000000000000e+00	0.00000000000000e+00	1.02455897517032e+02	0.00000000000000e+00	6.37131787616402e+02	0.00000000000000e+00	1
14	56	28	42	5.00000000000000e-02	0.00000000000000e+00	0.00000000000000e+00	0.00000000000000e+00	1.01815711486003e+02	0.00000000000000e+00	7.27130355389643e+02	0.00000000000000e+00	1
15	57	29	43	5.00000000000000e-02	0.00000000000000e+00	0.00000000000000e+00	0.00000000000000e+00	1.01131218900804e+02	0.00000000000000e+00	7.69908763070858e+02	0.00000000000000e+00	1
16	58	30	44	5.00000000000000e-02	0.00000000000000e+00	0.00000000000000e+00	0.00000000000000e+00	1.00453448471173e+02	0.00000000000000e+00	5.87728653867521e+02	0.00000000000000e+00	1
17	59	31	45	5.00000000000000e-02	0.00000000000000e+00	0.00000000000000e+00	0.00000000000000e+00	9.93798664282093e+01	0.00000000000000e+00	6.79606334108948e+02	0.00000000000000e+00	1
18	60	32	46	5.00000000000000e-02	0.00000000000000e+00	0.00000000000000e+00	0.00000000000000e+00	9.87188703471608e+01	0.00000000000000e+00	5.97288015624875e+02	0.00000000000000e+00	1
19	61	33	47	5.00000000000000e-02	0.00000000000000e+00	0.00000000000000e+00	0.00000000000000e+00	9.69772892580428e+01	0.00000000000000e+00	5.65677324457806e+02	0.00000000000000e+00	1
20	62	34	48	5.00000000000000e-02	0.00000000000000e+00	0.00000000000000e+00	0.00000000000000e+00	9.47464771995947e+01	0.00000000000000e+00	5.31083154350492e+02	0.00000000000000e+00	1
21	63	35	49	5.00000000000000e-02	0.00000000000000e+00	0.00000000000000e+00	0.00000000000000e+00	9.26937237135273e+01	0.00000000000000e+00	4.83294104588369e+02	0.00000000000000e+00	1
22	64	36	50	5.00000000000000e-02	0.00000000000000e+00	0.00000000000000e+00	0.00000000000000e+00	9.11830387525749e+01	0.00000000000000e+00	4.54734404788877e+02	0.00000000000000e+00	1
23	65	37	51	5.00000000000000e-02	0.00000000000000e+00	0.00000000000000e+00	0.00000000000000e+00	8.97084071843543e+01	0.00000000000000e+00	4.42349427238930e+02	0.00000000000000e+00	1
24	66	38	52	5.00000000000000e-02	0.00000000000000e+00	0.00000000000000e+00	0.00000000000000e+00	8.87796205084262e+01	0.00000000000000e+00	4.28754131872578e+02	0.00000000000000e+00	1
25	67	39	53	5.00000000000000e-02	0.00000000000000e+00	0.00000000000000e+00	0.00000000000000e+00	8.83025974051518e+01	0.00000000000000e+00	4.45706061107236e+02	0.00000000000000e+00	1
26	68	40	54	5.00000000000000e-02	0.00000000000000e+00	0.00000000000000e+00	0.00000000000000e+00	8.82544406108054e+01	0.00000000000000e+00	4.62756140903270e+02	0.00000000000000e+00	1
27	69	41	55	5.00000000000000e-02	0.00000000000000e+00	0.00000000000000e+00	0.00000000000000e+00	8.85053613893593e+01	0.00000000000000e+00	4.29086195021225e+02	0.00000000000000e+00	1
28	70	42	56	5.00000000000000e-02	0.00000000000000e+00	0.00000000000000e+00	0.00000000000000e+00	8.92950943669280e+01	0.00000000000000e+00	4.55127976714993e+02	0.00000000000000e+00	1
29	71	43	57	5.00000000000000e-02	0.00000000000000e+00	0.00000000000000e+00	0.00000000000000e+00	9.03682226786855e+01	0.00000000000000e+00	4.32936517362552e+02	0.00000000000000e+00	1
30	72	44	58	5.00000000000000e-02	0.00000000000000e+00	0.00000000000000e+00	0.00000000000000e+00	9.17361413894740e+01	0.00000000000000e+00	4.47496396397531e+02	0.00000000000000e+00	1
1	46	16	31	5.00000000000000e-02	0.00000000000000e+00	0.00000000000000e+00	0.00000000000000e+00	1.04540211518870e+02	0.00000000000000e+00	4.74421633429635e+02	0.00000000000000e+00	1
2	47	17	32	5.00000000000000e-02	0.00000000000000e+00	0.00000000000000e+00	0.00000000000000e+00	1.07012983511938e+02	0.00000000000000e+00	5.62504849874818e+02	0.00000000000000e+00	1
3	48	18	33	5.00000000000000e-02	0.00000000000000e+00	0.00000000000000e+00	0.00000000000000e+00	1.08684866574050e+02	0.00000000000000e+00	6.10062744496294e+02	0.00000000000000e+00	1
4	49	19	34	5.00000000000000e-02	0.00000000000000e+00	0.00000000000000e+00	0.00000000000000e+00	1.09593283954065e+02	0.00000000000000e+00	6.28484135905637e+02	0.00000000000000e+00	1
5	50	20	35	5.00000000000000e-02	0.00000000000000e+00	0.00000000000000e+00	0.00000000000000e+00	1.09547279944473e+02	0.00000000000000e+00	6.77166406245845e+02	0.00000000000000e+00	1
6	51	21	36	5.00000000000000e-02	0.00000000000000e+00	0.00000000000000e+00	0.00000000000000e+00	1.10083262251642e+02	0.00000000000000e+00	6.17152179835938e+02	0.00000000000000e+00	1
7	52	22	37	5.00000000000000e-02	0.00000000000000e+00	0.00000000000000e+00	0.00000000000000e+00	1.10311937341428e+02	0.00000000000000e+00	6.68908277197928e+02	0.00000000000000e+00	1
8	53	23	38	5.00000000000000e-02	0.00000000000000e+00	0.00000000000000e+00	0.00000000000000e+00	1.10049663973648e+02	0.00000000000000e+00	6.81194324161101e+02	0.00000000000000e+00	1
9	54	24	39	5.00000000000000e-02	0.00000000000000e+00	0.00000000000000e+00	0.00000000000000e+00	1.09626045531147e+02	0.00000000000000e+00	7.16644604135131e+02	0.00000000000000e+00	1
10	55	25	40	5.00000000000000e-02	0.00000000000000e+00	0.00000000000000e+00	0.00000000000000e+00	1.09263463521975e+02	0.00000000000000e+00	7.38128947122457e+02	0.00000000000000e+00	1
11	56	26	41	5.00000000000000e-02	0.00000000000000e+00	0.00000000000000e+00	0.00000000000000e+00	1.09164085405518e+02	0.00000000000000e+00	7.50417192711229e+02	0.00000000000000e+00	1
12	57	27	42	5.00000000000000e-02	0.00000000000000e+00	0.00000000000000e+00	0.00000000000000e+00	1.08626613468263e+02	0.00000000000000e+00	6.95388843765919e+02	0.00000000000000e+00	1
13	58	28	43	5.00000000000000e-02	0.00000000000000e+00	0.00000000000000e+00	0.00000000000000e+00	1.08243533914263e+02	0.00000000000000e+00	7.16915688354386e+02	0.00000000000000e+00	1
14	59	29	44	5.00000000000000e-02	0.00000000000000e+00	0.00000000000000e+00	0.00000000000000e+00	1.07384177210779e+02	0.00000000000000e+00	6.92561766511877e+02	0.00000000000000e+00	1
15	60	30	45	5.00000000000000e-02	0.00000000000000e+00	0.00000000000000e+00	0.00000000000000e+00	1.06787376323100e+02	0.00000000000000e+00	6.25087905525052e+02	0.00000000000000e+00	1
16	61	31	46	5.00000000000000e-02	0.00000000000000e+00	0.00000000000000e+00	0.00000000000000e+00	1.05755259435187e+02	0.00000000000000e+00	6.31659959269614e+02	0.00000000000000e+00	1
17	62	32	47	5.00000000000000e-02	0.00000000000000e+00	0.00000000000000e+00	0.00000000000000e+00	1.04834271845571e+02	0.00000000000000e+00	6.28518683696192e+02	0.00000000000000e+00	1
18	63	33	48	5.00000000000000e-02	0.00000000000000e+00	0.00000000000000e+00	0.00000000000000e+00	1.03463826741071e+02	0.00000000000000e+00	6.07352851060510e+02	0.00000000000000e+00	1
19	64	34	49	5.00000000000000e-02	0.00000000000000e+00	0.00000000000000e+00	0.00000000000000e+00	1.01356383478519e+02	0.00000000000000e+00	5.58755014960306e+02	0.00000000000000e+00	1
20	65	35	50	5.00000000000000e-02	0.00000000000000e+00	0.00000000000000e+00	0.00000000000000e+00	9.91850738811767e+01	0.00000000000000e+00	5.23844458207890e+02	0.00000000000000e+00	1
21	66	36	51	5.00000000000000e-02	0.00000000000000e+00	0.00000000000000e+00	0.00000000000000e+00	9.72902966560132e+01	0.00000000000000e+00	4.87195243570679e+02	0.00000000000000e+00	1
22	67	37	52	5.00000000000000e-02	0.00000000000000e+00	0.00000000000000e+00	0.00000000000000e+00	9.60107090629471e+01	0.00000000000000e+00	4.60003356457994e+02	0.00000000000000e+00	1
23	68	38	53	5.00000000000000e-02	0.00000000000000e+00	0.00000000000000e+00	0.00000000000000e+00	9.49669236345207e+01	0.00000000000000e+00	4.88305620589085e+02	0.00000000000000e+00	1
24	69	39	54	5.00000000000000e-02	0.00000000000000e+00	0.00000000000000e+00	0.00000000000000e+00	9.45626626735044e+01	0.00000000000000e+00	4.45746076141542e+02	0.00000000000000e+00	1
25	70	40	55	5.00000000000000e-02	0.00000000000000e+00	0.00000000000000e+00	0.00000000000000e+00	9.43287922423674e+01	0.00000000000000e+00	4.52261144394065e+02	0.00000000000000e+00	1
26	71	41	56	5.00000000000000e-02	0.00000000000000e+00	0.00000000000000e+00	0.00000000000000e+00	9.43022633514786e+01	0.00000000000000e+00	4.61782720660313e+02	0.00000000000000e+00	1
27	72	42	57	5.00000000000000e-02	0.00000000000000e+00	0.00000000000000e+00	0.00000000000000e+00	9.49461433897105e+01	0.00000000000000e+00	4.49997260968341e+02	0.00000000000000e+00	1
1	49	17	33	5.00000000000000e-02	0.00000000000000e+00	0.00000000000000e+00	0.00000000000000e+00	1.15740659195462e+02	0.00000000000000e+00	5.48075717329395e+02	0.00000000000000e+00	1
2	50	18	34	5.00000000000000e-02	0.00000000000000e+00	0.00000000000000e+00	0.00000000000000e+00	1.16229820157441e+02	0.00000000000000e+00	5.89230889263880e+02	0.00000000000000e+00	1
3	51	19	35	5.00000000000000e-02	0.00000000000000e+00	0.00000000000000e+00	0.00000000000000e+00	1.16422920794352e+02	0.00000000000000e+00	6.44398998697450e+02	0.00000000000000e+00	1
4	52	20	36	5.00000000000000e-02	0.00000000000000e+00	0.00000000000000e+00	0.00000000000000e+00	1.16952172725785e+02	0.00000000000000e+00	6.25484854153089e+02	0.00000000000000e+00	1
5	53	21	37	5.00000000000000e-02	0.00000000000000e+00	0.00000000000000e+00	0.00000000000000e+00	1.17311784388753e+02	0.00000000000000e+00	7.14090304300402e+02	0.00000000000000e+00	1
6	54	22	38	5.00000000000000e-02	0.00000000000000e+00	0.00000000000000e+00	0.00000000000000e+00	1.16807451965316e+02	0.00000000000000e+00	6.89676643977502e+02	0.00000000000000e+00	1
7	55	23	39	5.00000000000000e-02	0.00000000000000e+00	0.00000000000000e+00	0.00000000000000e+00	1.16518895387352e+02	0.00000000000000e+00	7.08974251193443e+02	0.00000000000000e+00	1
8	56	24	40	5.00000000000000e-02	0.00000000000000e+00	0.00000000000000e+00	0.00000000000000e+00	1.16198951758280e+02	0.00000000000000e+00	6.60242305590824e+02	0.00000000000000e+00	1
9	57	25	41	5.00000000000000e-02	0.00000000000000e+00	0.00000000000000e+00	0.00000000000000e+00	1.15847396716452e+02	0.00000000000000e+00	6.51067246044300e+02	0.00000000000000e+00	1
10	58	26	42	5.00000000000000e-02	0.00000000000000e+00	0.00000000000000e+00	0.00000000000000e+00	1.15320863055240e+02	0.00000000000000e+00	6.85052589327013e+02	0.00000000000000e+00	1
11	59	27	43	5.00000000000000e-02	0.00000000000000e+00	0.00000000000000e+00	0.00000000000000e+00	1.14919607039110e+02	0.00000000000000e+00	7.09271674003801e+02	0.00000000000000e+00	1
12	60	28	44	5.00000000000000e-02	0.00000000000000e+00	0.00000000000000e+00	0.00000000000000e+00	1.14585765757464e+02	0.00000000000000e+00	6.99997361696260e+02	0.00000000000000e+00	1
13	61	29	45	5.00000000000000e-02	0.00000000000000e+00	0.00000000000000e+00	0.00000000000000e+00	1.13721783027718e+02	0.00000000000000e+00	6.89156807536738e+02	0.00000000000000e+00	1
14	62	30	46	5.00000000000000e-02	0.00000000000000e+00	0.00000000000000e+00	0.00000000000000e+00	1.12868341114230e+02	0.00000000000000e+00	6.65344786929456e+02	0.00000000000000e+00	1
15	63	31	47	5.00000000000000e-02	0.00000000000000e+00	0.00000000000000e+00	0.00000000000000e+00	1.12052195259513e+02	0.00000000000000e+00	6.75741304849520e+02	0.00000000000000e+00	1
16	64	32	48	5.00000000000000e-02	0.00000000000000e+00	0.00000000000000e+00	0.00000000000000e+00	1.11062023617712e+02	0.00000000000000e+00	6.38185952612234e+02	0.00000000000000e+00	1
17	65	33	49	5.00000000000000e-02	0.00000000000000e+00	0.00000000000000e+00	0.00000000000000e+00	1.09567573119648e+02	0.00000000000000e+00	5.72996699200865e+02	0.00000000000000e+00	1
18	66	34	50	5.00000000000000e-02	0.00000000000000e+00	0.00000000000000e+00	0.00000000000000e+00	1.07817805465209e+02	0.00000000000000e+00	5.73789217599339e+02	0.00000000000000e+00	1
19	67	35	51	5.00000000000000e-02	0.00000000000000e+00	0.00000000000000e+00	0.00000000000000e+00	1.05577296215898e+02	0.00000000000000e+00	4.89618329879037e+02	0.00000000000000e+00	1
20	68	36	52	5.00000000000000e-02	0.00000000000000e+00	0.00000000000000e+00	0.00000000000000e+00	1.03724074383382e+02	0.00000000000000e+00	5.25960378958617e+02	0.00000000000000e+00	1
21	69	37	53	5.00000000000000e-02	0.00000000000000e+00	0.00000000000000e+00	0.00000000000000e+00	1.02323980317869e+02	0.00000000000000e+00	5.05100605019724e+02	0.00000000000000e+00	1
22	70	38	54	5.00000000000000e-02	0.00000000000000e+00	0.00000000000000e+00	0.00000000000000e+00	1.01376591232922e+02	0.00000000000000e+00	4.63265050733839e+02	0.00000000000000e+00	1
23	71	39	55	5.00000000000000e-02	0.00000000000000e+00	0.00000000000000e+00	0.00000000000000e+00	1.00649921609156e+02	0.00000000000000e+00	4.59497026431361e+02	0.00000000000000e+00	1
24	72	40	56	5.00000000000000e-02	0.00000000000000e+00	0.00000000000000e+00	0.00000000000000e+00	1.00334871152548e+02	0.00000000000000e+00	4.80884571744598e+02	0.00000000000000e+00	1
1	52	18	35	5.00000000000000e-02	0.00000000000000e+00	0.00000000000000e+00	0.00000000000000e+00	1.23382417706511e+02	0.00000000000000e+00	6.48041173370898e+02	0.00000000000000e+00	1
2	53	19	36	5.00000000000000e-02	0.00000000000000e+00	0.00000000000000e+00	0.00000000000000e+00	1.23690353082857e+02	0.00000000000000e+00	7.14845362617862e+02	0.00000000000000e+00	1
3	54	20	37	5.00000000000000e-02	0.00000000000000e+00	0.00000000000000e+00	0.00000000000000e+00	1.23837851467443e+02	0.00000000000000e+00	6.61482856142130e+02	0.00000000000000e+00	1
4	55	21	38	5.00000000000000e-02	0.00000000000000e+00	0.00000000000000e+00	0.00000000000000e+00	1.23597527277242e+02	0.00000000000000e+00	6.95051176779591e+02	0.00000000000000e+00	1
5	56	22	39	5.00000000000000e-02	0.00000000000000e+00	0.00000000000000e+00	0.00000000000000e+00	1.23375260295617e+02	0.00000000000000e+00	6.82763427470859e+02	0.00000000000000e+00	1
6	57	23	40	5.00000000000000e-02	0.00000000000000e+00	0.00000000000000e+00	0.00000000000000e+00	1.22848652679538e+02	0.00000000000000e+00	7.41006494472845e+02	0.00000000000000e+00	1
7	58	24	41	5.00000000000000e-02	0.00000000000000e+00	0.00000000000000e+00	0.00000000000000e+00	1.22649784361232e+02	0.00000000000000e+00	7.23541534006630e+02	0.00000000000000e+00	1
8	59	25	42	5.00000000000000e-02	0.00000000000000e+00	0.00000000000000e+00	0.00000000000000e+00	1.22163569283422e+02	0.00000000000000e+00	7.40665800249823e+02	0.00000000000000e+00	1
9	60	26	43	5.00000000000000e-02	0.00000000000000e+00	0.00000000000000e+00	0.00000000000000e+00	1.21825241238723e+02	0.00000000000000e+00	6.94767733226531e+02	0.00000000000000e+00	1
10	61	27	44	5.00000000000000e-02	0.00000000000000e+00	0.00000000000000e+00	0.00000000000000e+00	1.21167602881079e+02	0.00000000000000e+00	7.85479984192847e+02	0.00000000000000e+00	1
11	62	28	45	5.00000000000000e-02	0.00000000000000e+00	0.00000000000000e+00	0.00000000000000e+00	1.20459777030695e+02	0.00000000000000e+00	6.77962905314717e+02	0.00000000000000e+00	1
12	63	29	46	5.00000000000000e-02	0.00000000000000e+00	0.00000000000000e+00	0.00000000000000e+00	1.19853425843788e+02	0.00000000000000e+00	7.21645665771796e+02	0.00000000000000e+00	1
13	64	30	47	5.00000000000000e-02	0.00000000000000e+00	0.00000000000000e+00	0.00000000000000e+00	1.19134665977417e+02	0.00000000000000e+00	6.53690796816068e+02	0.00000000000000e+00	1
14	65	31	48	5.00000000000000e-02	0.00000000000000e+00	0.00000000000000e+00	0.00000000000000e+00	1.18074194316092e+02	0.00000000000000e+00	6.78423800649213e+02	0.00000000000000e+00	1
15	66	32	49	5.00000000000000e-02	0.00000000000000e+00	0.00000000000000e+00	0.00000000000000e+00	1.17256366502820e+02	0.00000000000000e+00	6.61616704845376e+02	0.00000000000000e+00	1
16	67	33	50	5.00000000000000e-02	0.00000000000000e+00	0.00000000000000e+00	0.00000000000000e+00	1.16016287395666e+02	0.00000000000000e+00	6.17499702381354e+02	0.00000000000000e+00	1
17	68	34	51	5.00000000000000e-02	0.00000000000000e+00	0.00000000000000e+00	0.00000000000000e+00	1.13918067759518e+02	0.00000000000000e+00	5.72963151865427e+02	0.00000000000000e+00	1
18	69	35	52	5.00000000000000e-02	0.00000000000000e+00	0.00000000000000e+00	0.00000000000000e+00	1.11984931386093e+02	0.00000000000000e+00	5.74458202959118e+02	0.00000000000000e+00	1
19	70	36	53	5.00000000000000e-02	0.00000000000000e+00	0.00000000000000e+00	0.00000000000000e+00	1.10196383110690e+02	0.00000000000000e+00	5.24374063608096e+02	0.00000000000000e+00	1
20	71	37	54	5.00000000000000e-02	0.00000000000000e+00	0.00000000000000e+00	0.00000000000000e+00	1.08732565717343e+02	0.00000000000000e+00	4.96607531890159e+02	0.00000000000000e+00	1
21	72	38	55	5.00000000000000e-02	0.00000000000000e+00	0.00000000000000e+00	0.00000000000000e+00	1.07552208878330e+02	0.00000000000000e+00	4.73192264171514e+02	0.00000000000000e+00	1
1	55	19	37	5.00000000000000e-02	0.00000000000000e+00	0.00000000000000e+00	0.00000000000000e+00	1.30588224960661e+02	0.00000000000000e+00	6.46118054159078e+02	0.00000000000000e+00	1
2	56	20	38	5.00000000000000e-02	0.00000000000000e+00	0.00000000000000e+00	0.00000000000000e+00	1.30123726088010e+02	0.00000000000000e+00	7.01646502239889e+02	0.00000000000000e+00	1
3	57	21	39	5.00000000000000e-02	0.00000000000000e+00	0.00000000000000e+00	0.00000000000000e+00	1.29811989781112e+02	0.00000000000000e+00	7.23663235980712e+02	0.00000000000000e+00	1
4	58	22	40	5.00000000000000e-02	0.00000000000000e+00	0.00000000000000e+00	0.00000000000000e+00	1.29671760305283e+02	0.00000000000000e+00	7.74217338861717e+02	0.00000000000000e+00	1
5	59	23	41	5.00000000000000e-02	0.00000000000000e+00	0.00000000000000e+00	0.00000000000000e+00	1.29450910504134e+02	0.00000000000000e+00	6.78686616727674e+02	0.00000000000000e+00	1
6	60	24	42	5.00000000000000e-02	0.00000000000000e+00	0.00000000000000e+00	0.00000000000000e+00	1.29056045289006e+02	0.00000000000000e+00	6.60181776586538e+02	0.00000000000000e+00	1
7	61	25	43	5.00000000000000e-02	0.00000000000000e+00	0.00000000000000e+00	0.00000000000000e+00	1.28457584669213e+02	0.00000000000000e+00	7.65085329100638e+02	0.00000000000000e+00	1
8	62	26	44	5.00000000000000e-02	0.00000000000000e+00	0.00000000000000e+00	0.00000000000000e+00	1.27902949128911e+02	0.00000000000000e+00	7.14557826866296e+02	0.00000000000000e+00	1
9	63	27	45	5.00000000000000e-02	0.00000000000000e+00	0.00000000000000e+00	0.00000000000000e+00	1.27220960120576e+02	0.00000000000000e+00	7.10581790445450e+02	0.00000000000000e+00	1
10	64	28	46	5.00000000000000e-02	0.00000000000000e+00	0.00000000000000e+00	0.00000000000000e+00	1.26467263277782e+02	0.00000000000000e+00	6.77422534551805e+02	0.00000000000000e+00	1
11	65	29	47	5.00000000000000e-02	0.00000000000000e+00	0.00000000000000e+00	0.00000000000000e+00	1.25746370797357e+02	0.00000000000000e+00	6.79351880663151e+02	0.00000000000000e+00	1
12	66	30	48	5.00000000000000e-02	0.00000000000000e+00	0.00000000000000e+00	0.00000000000000e+00	1.25126322866963e+02	0.00000000000000e+00	6.58570715681566e+02	0.00000000000000e+00	1
13	67	31	49	5.00000000000000e-02	0.00000000000000e+00	0.00000000000000e+00	0.00000000000000e+00	1.24476127079825e+02	0.00000000000000e+00	7.08505399630155e+02	0.00000000000000e+00	1
14	68	32	50	5.00000000000000e-02	0.00000000000000e+00	0.00000000000000e+00	0.00000000000000e+00	1.23640186774983e+02	0.00000000000000e+00	6.58962102657447e+02	0.00000000000000e+00	1
15	69	33	51	5.00000000000000e-02	0.00000000000000e+00	0.00000000000000e+00	0.00000000000000e+00	1.22164529374713e+02	0.00000000000000e+00	6.56335283654113e+02	0.00000000000000e+00	1
16	70	34	52	5.00000000000000e-02	0.00000000000000e+00	0.00000000000000e+00	0.00000000000000e+00	1.20204629154622e+02	0.00000000000000e+00	5.92481612324410e+02	0.00000000000000e+00	1
17	71	35	53	5.00000000000000e-02	0.00000000000000e+00	0.00000000000000e+00	0.00000000000000e+00	1.18064375000968e+02	0.00000000000000e+00	5.57437849345519e+02	0.00000000000000e+00	1
18	72	36	54	5.00000000000000e-02	0.00000000000000e+00	0.00000000000000e+00	0.00000000000000e+00	1.16570090816783e+02	0.00000000000000e+00	5.23331561326898e+02	0.00000000000000e+00	1
1	58	20	39	5.00000000000000e-02	0.00000000000000e+00	0.00000000000000e+00	0.00000000000000e+00	1.36551864576275e+02	0.00000000000000e+00	6.94791522912957e+02	0.00000000000000e+00	1
2	59	21	40	5.00000000000000e-02	0.00000000000000e+00	0.00000000000000e+00	0.00000000000000e+00	1.36160825639822e+02	0.00000000000000e+00	7.37307607520111e+02	0.00000000000000e+00	1
3	60	22	41	5.00000000000000e-02	0.00000000000000e+00	0.00000000000000e+00	0.00000000000000e+00	1.36249916015829e+02	0.00000000000000e+00	7.07483279169291e+02	0.00000000000000e+00	1
4	61	23	42	5.00000000000000e-02	0.00000000000000e+00	0.00000000000000e+00	0.00000000000000e+00	1.35745753589682e+02	0.00000000000000e+00	7.68228313657774e+02	0.00000000000000e+00	1
5	62	24	43	5.00000000000000e-02	0.00000000000000e+00	0.00000000000000e+00	0.00000000000000e+00	1.35168916765406e+02	0.00000000000000e+00	7.22145332955729e+02	0.00000000000000e+00	1
6	63	25	44	5.00000000000000e-02	0.00000000000000e+00	0.00000000000000e+00	0.00000000000000e+00	1.34589408090363e+02	0.00000000000000e+00	7.15736406245119e+02	0.00000000000000e+00	1
7	64	26	45	5.00000000000000e-02	0.00000000000000e+00	0.00000000000000e+00	0.00000000000000e+00	1.33722901660432e+02	0.00000000000000e+00	7.19728360248565e+02	0.00000000000000e+00	1
8	65	27	46	5.00000000000000e-02	0.00000000000000e+00	0.00000000000000e+00	0.00000000000000e+00	1.33157507746334e+02	0.00000000000000e+00	7.23223626240697e+02	0.00000000000000e+00	1
9	66	28	47	5.00000000000000e-02	0.00000000000000e+00	0.00000000000000e+00	0.00000000000000e+00	1.32459195814933e+02	0.00000000000000e+00	7.04976774019132e+02	0.00000000000000e+00	1
10	67	29	48	5.00000000000000e-02	0.00000000000000e+00	0.00000000000000e+00	0.00000000000000e+00	1.31861765976678e+02	0.00000000000000e+00	7.67433699042626e+02	0.00000000000000e+00	1
11	68	30	49	5.00000000000000e-02	0.00000000000000e+00	0.00000000000000e+00	0.00000000000000e+00	1.31307784443332e+02	0.00000000000000e+00	6.17686983804850e+02	0.00000000000000e+00	1
12	69	31	50	5.00000000000000e-02	0.00000000000000e+00	0.00000000000000e+00	0.00000000000000e+00	1.30794199175089e+02	0.00000000000000e+00	7.81274592743132e+02	0.00000000000000e+00	1
13	70	32	51	5.00000000000000e-02	0.00000000000000e+00	0.00000000000000e+00	0.00000000000000e+00	1.29833356550400e+02	0.00000000000000e+00	6.78216494168564e+02	0.00000000000000e+00	1
14	71	33	52	5.00000000000000e-02	0.00000000000000e+00	0.00000000000000e+00	0.00000000000000e+00	1.28211312396699e+02	0.00000000000000e+00	6.43409636292100e+02	0.00000000000000e+00	1
15	72	34	53	5.00000000000000e-02	0.00000000000000e+00	0.00000000000000e+00	0.00000000000000e+00	1.26295677281724e+02	0.00000000000000e+00	5.85676840043931e+02	0.00000000000000e+00	1
1	61	21	41	5.00000000000000e-02	0.00000000000000e+00	0.00000000000000e+00	0.00000000000000e+00	1.42877757558134e+02	0.00000000000000e+00	7.58117294593338e+02	0.00000000000000e+00	1
2	62	22	42	5.00000000000000e-02	0.00000000000000e+00	0.00000000000000e+00	0.00000000000000e+00	1.42248366506869e+02	0.00000000000000e+00	7.56155647026649e+02	0.00000000000000e+00	1
3	63	23	43	5.00000000000000e-02	0.00000000000000e+00	0.00000000000000e+00	0.00000000000000e+00	1.41798041500506e+02	0.00000000000000e+00	7.55583919265569e+02	0.00000000000000e+00	1
4	64	24	44	5.00000000000000e-02	0.00000000000000e+00	0.00000000000000e+00	0.00000000000000e+00	1.41165247984668e+02	0.00000000000000e+00	7.52476333422295e+02	0.00000000000000e+00	1
5	65	25	45	5.00000000000000e-02	0.00000000000000e+00	0.00000000000000e+00	0.00000000000000e+00	1.40336083938562e+02	0.00000000000000e+00	7.00706337710757e+02	0.00000000000000e+00	1
6	66	26	46	5.00000000000000e-02	0.00000000000000e+00	0.00000000000000e+00	0.00000000000000e+00	1.39637535446154e+02	0.00000000000000e+00	8.27833830698559e+02	0.00000000000000e+00	1
7	67	27	47	5.00000000000000e-02	0.00000000000000e+00	0.00000000000000e+00	0.00000000000000e+00	1.39165373625702e+02	0.00000000000000e+00	6.72838452228216e+02	0.00000000000000e+00	1
8	68	28	48	5.00000000000000e-02	0.00000000000000e+00	0.00000000000000e+00	0.00000000000000e+00	1.38666510639103e+02	0.00000000000000e+00	7.18081136874075e+02	0.00000000000000e+00	1
9	69	29	49	5.00000000000000e-02	0.00000000000000e+00	0.00000000000000e+00	0.00000000000000e+00	1.38106148960516e+02	0.00000000000000e+00	7.21901559715960e+02	0.00000000000000e+00	1
10	70	30	50	5.00000000000000e-02	0.00000000000000e+00	0.00000000000000e+00	0.00000000000000e+00	1.37577447872079e+02	0.00000000000000e+00	7.45778551265892e+02	0.00000000000000e+00	1
11	71	31	51	5.00000000000000e-02	0.00000000000000e+00	0.00000000000000e+00	0.00000000000000e+00	1.36585754139047e+02	0.00000000000000e+00	7.42117308212541e+02	0.00000000000000e+00	1
12	72	32	52	5.00000000000000e-02	0.00000000000000e+00	0.00000000000000e+00	0.00000000000000e+00	1.35767481103714e+02	0.00000000000000e+00	6.91988376118396e+02	0.00000000000000e+00	1
1	64	22	43	5.00000000000000e-02	0.00000000000000e+00	0.00000000000000e+00	0.00000000000000e+00	1.48423261240022e+02	0.00000000000000e+00	7.53160184462592e+02	0.00000000000000e+00	1
2	65	23	44	5.00000000000000e-02	0.00000000000000e+00	0.00000000000000e+00	0.00000000000000e+00	1.47602111625722e+02	0.00000000000000e+00	7.13922178979270e+02	0.00000000000000e+00	1
3	66	24	45	5.00000000000000e-02	0.00000000000000e+00	0.00000000000000e+00	0.00000000000000e+00	1.46777013160336e+02	0.00000000000000e+00	7.55637487636702e+02	0.00000000000000e+00	1
4	67	25	46	5.00000000000000e-02	0.00000000000000e+00	0.00000000000000e+00	0.00000000000000e+00	1.46380879663895e+02	0.00000000000000e+00	7.35073738093712e+02	0.00000000000000e+00	1
5	68	26	47	5.00000000000000e-02	0.00000000000000e+00	0.00000000000000e+00	0.00000000000000e+00	1.45744734356657e+02	0.00000000000000e+00	7.30422505561371e+02	0.00000000000000e+00	1
6	69	27	48	5.00000000000000e-02	0.00000000000000e+00	0.00000000000000e+00	0.00000000000000e+00	1.45310605366425e+02	0.00000000000000e+00	8.03649573044945e+02	0.00000000000000e+00	1
7	70	28	49	5.00000000000000e-02	0.00000000000000e+00	0.00000000000000e+00	0.00000000000000e+00	1.44750868515419e+02	0.00000000000000e+00	7.05339988259900e+02	0.00000000000000e+00	1
8	71	29	50	5.00000000000000e-02	0.00000000000000e+00	0.00000000000000e+00	0.00000000000000e+00	1.44274232416666e+02	0.00000000000000e+00	7.12784830415653e+02	0.00000000000000e+00	1
9	72	30	51	5.00000000000000e-02	0.00000000000000e+00	0.00000000000000e+00	0.00000000000000e+00	1.43392525864660e+02	0.00000000000000e+00	7.51307838915498e+02	0.00000000000000e+00	1
1	67	23	45	5.00000000000000e-02	0.00000000000000e+00	0.00000000000000e+00	0.00000000000000e+00	1.53617883871433e+02	0.00000000000000e+00	7.61329722947369e+02	0.00000000000000e+00	1
2	68	24	46	5.00000000000000e-02	0.00000000000000e+00	0.00000000000000e+00	0.00000000000000e+00	1.52807511712781e+02	0.00000000000000e+00	7.74899060746158e+02	0.00000000000000e+00	1
3	69	25	47	5.00000000000000e-02	0.00000000000000e+00	0.00000000000000e+00	0.00000000000000e+00	1.52309419604286e+02	0.00000000000000e+00	7.18018730092167e+02	0.00000000000000e+00	1
4	70	26	48	5.00000000000000e-02	0.00000000000000e+00	0.00000000000000e+00	0.00000000000000e+00	1.51844523050114e+02	0.00000000000000e+00	7.15394284911333e+02	0.00000000000000e+00	1
5	71	27	49	5.00000000000000e-02	0.00000000000000e+00	0.00000000000000e+00	0.00000000000000e+00	1.51296072663187e+02	0.00000000000000e+00	7.65753205958240e+02	0.00000000000000e+00	1
6	72	28	50	5.00000000000000e-02	0.00000000000000e+00	0.00000000000000e+00	0.00000000000000e+00	1.50811789768216e+02	0.00000000000000e+00	8.02329398451255e+02	0.00000000000000e+00	1
1	70	24	47	5.00000000000000e-02	0.00000000000000e+00	0.00000000000000e+00	0.00000000000000e+00	1.58962930059755e+02	0.00000000000000e+00	7.62574913812408e+02	0.00000000000000e+00	1
2	71	25	48	5.00000000000000e-02	0.00000000000000e+00	0.00000000000000e+00	0.00000000000000e+00	1.58191161668771e+02	0.00000000000000e+00	7.69267658778605e+02	0.00000000000000e+00	1
3	72	26	49	5.00000000000000e-02	0.00000000000000e+00	0.00000000000000e+00	0.00000000000000e+00	1.57608064554449e+02	0.00000000000000e+00	7.67503890903246e+02	0.00000000000000e+00	1
0
