72
# x y z
15	1614.4582953194	0
16	1614.221672952	0
17	1614.0202545554	0
18	1613.8801431529	0
19	1613.6787421144	0
20	1613.4542377262	0
21	1613.2052591604	0
22	1613.0361189408	0
23	1612.7683380917	0
24	1612.5039143283	0
25	1612.2874436409	0
26	1612.0614212705	0
27	1611.8076447815	0
28	1611.4985788422	0
29	1611.2313061998	0
30	1610.9324996639	0
31	1610.6562145269	0
32	1610.4024589268	0
33	1610.0487721373	0
34	1609.6566854357	0
35	1609.2763191672	0
36	1608.9288407351	0
37	1608.6153842534	0
38	1608.3121530915	0
39	1607.9620378985	0
40	1607.5890831679	0
41	1607.1527478659	0
42	1606.7231100411	0
43	1606.3294891917	0
44	1605.8916579979	0
45	1605.5571378559	0
46	1605.1945204779	0
47	1605.2024529938	0
48	1605.5722532911	0
49	1606.2333053366	0
50	1606.7488769915	0
51	1607.2628802481	0
52	1607.9528666056	0
53	1608.5281401438	0
54	1609.1086700508	0
55	1609.592007773	0
56	1610.1910500321	0
57	1610.7497515258	0
58	1611.3402200292	0
59	1611.9598302022	0
60	1612.5343344745	0
61	1613.0866762593	0
62	1613.627535108	0
63	1614.1387613712	0
64	1614.6111832059	0
65	1615.1967728583	0
66	1615.7322957147	0
67	1616.2654610451	0
68	1616.7196386914	0
69	1617.1973320166	0
70	1617.640512002	0
71	1618.0278917818	0
72	1618.4828743829	0
73	1618.8794827024	0
74	1619.3779372478	0
75	1619.7549039896	0
76	1620.1210898045	0
77	1620.5274783772	0
78	1620.8623704894	0
79	1621.1725356163	0
80	1621.50325467	0
81	1621.9084970396	0
82	1622.2205904936	0
83	1622.6075481285	0
84	1622.9342915078	0
85	1623.2004372901	0
86	1623.4848707608	0
828
# a b m n err i ip iperr k r rhoa u valid 
1	4	2	3	5.00000000000000e-02	0.00000000000000e+00	0.00000000000000e+00	0.00000000000000e+00	6.39726849106542e+00	0.00000000000000e+00	3.81315487925739e+02	0.00000000000000e+00	1
2	5	3	4	5.00000000000000e-02	0.00000000000000e+00	0.00000000000000e+00	0.00000000000000e+00	6.44497798233697e+00	0.00000000000000e+00	3.79217703784624e+02	0.00000000000000e+00	1
3	6	4	5	5.00000000000000e-02	0.00000000000000e+00	0.00000000000000e+00	0.00000000000000e+00	6.38444758328385e+00	0.00000000000000e+00	3.75570727999518e+02	0.00000000000000e+00	1
4	7	5	6	5.00000000000000e-02	0.00000000000000e+00	0.00000000000000e+00	0.00000000000000e+00	6.44359578462814e+00	0.00000000000000e+00	3.50548016721134e+02	0.00000000000000e+00	1
5	8	6	7	5.00000000000000e-02	0.00000000000000e+00	0.00000000000000e+00	0.00000000000000e+00	6.37408926992179e+00	0.00000000000000e+00	3.41634659169830e+02	0.00000000000000e+00	1
6	9	7	8	5.00000000000000e-02	0.00000000000000e+00	0.00000000000000e+00	0.00000000000000e+00	6.55561648120753e+00	0.00000000000000e+00	3.62728246067854e+02	0.00000000000000e+00	1
7	10	8	9	5.00000000000000e-02	0.00000000000000e+00	0.00000000000000e+00	0.00000000000000e+00	6.40420275256411e+00	0.00000000000000e+00	3.11364991091335e+02	0.00000000000000e+00	1
8	11	9	10	5.00000000000000e-02	0.00000000000000e+00	0.00000000000000e+00	0.00000000000000e+00	6.45091113325859e+00	0.00000000000000e+00	3.81861077404844e+02	0.00000000000000e+00	1
9	12	10	11	5.00000000000000e-02	0.00000000000000e+00	0.00000000000000e+00	0.00000000000000e+00	6.49203445600108e+00	0.00000000000000e+00	3.67224595006595e+02	0.00000000000000e+00	1
10	13	11	12	5.00000000000000e-02	0.00000000000000e+00	0.00000000000000e+00	0.00000000000000e+00	6.46259383687139e+00	0.00000000000000e+00	3.29445434085873e+02	0.00000000000000e+00	1
11	14	12	13	5.00000000000000e-02	0.00000000000000e+00	0.00000000000000e+00	0.00000000000000e+00	6.52258794517546e+00	0.00000000000000e+00	3.53528827116312e+02	0.00000000000000e+00	1
12	15	13	14	5.00000000000000e-02	0.00000000000000e+00	0.00000000000000e+00	0.00000000000000e+00	6.45348649895477e+00	0.00000000000000e+00	3.87147042308251e+02	0.00000000000000e+00	1
13	16	14	15	5.00000000000000e-02	0.00000000000000e+00	0.00000000000000e+00	0.00000000000000e+00	6.59998298323761e+00	0.00000000000000e+00	3.54426088413839e+02	0.00000000000000e+00	1
14	17	15	16	5.00000000000000e-02	0.00000000000000e+00	0.00000000000000e+00	0.00000000000000e+00	6.48856240247028e+00	0.00000000000000e+00	3.62969732229838e+02	0.00000000000000e+00	1
15	18	16	17	5.00000000000000e-02	0.00000000000000e+00	0.00000000000000e+00	0.00000000000000e+00	6.52069126602257e+00	0.00000000000000e+00	3.80886087414682e+02	0.00000000000000e+00	1
16	19	17	18	5.00000000000000e-02	0.00000000000000e+00	0.00000000000000e+00	0.00000000000000e+00	6.64942109205084e+00	0.00000000000000e+00	3.64034008010375e+02	0.00000000000000e+00	1
17	20	18	19	5.00000000000000e-02	0.00000000000000e+00	0.00000000000000e+00	0.00000000000000e+00	6.59053019765254e+00	0.00000000000000e+00	3.60034903008290e+02	0.00000000000000e+00	1
18	21	19	20	5.00000000000000e-02	0.00000000000000e+00	0.00000000000000e+00	0.00000000000000e+00	6.66630078684180e+00	0.00000000000000e+00	3.68834716218453e+02	0.00000000000000e+00	1
19	22	20	21	5.00000000000000e-02	0.00000000000000e+00	0.00000000000000e+00	0.00000000000000e+00	6.68907905578470e+00	0.00000000000000e+00	3.90711959721719e+02	0.00000000000000e+00	1
20	23	21	22	5.00000000000000e-02	0.00000000000000e+00	0.00000000000000e+00	0.00000000000000e+00	6.65388768195115e+00	0.00000000000000e+00	3.48939292716252e+02	0.00000000000000e+00	1
21	24	22	23	5.00000000000000e-02	0.00000000000000e+00	0.00000000000000e+00	0.00000000000000e+00	6.62071235256689e+00	0.00000000000000e+00	3.83144796469599e+02	0.00000000000000e+00	1
22	25	23	24	5.00000000000000e-02	0.00000000000000e+00	0.00000000000000e+00	0.00000000000000e+00	6.64915778250829e+00	0.00000000000000e+00	3.96802818929383e+02	0.00000000000000e+00	1
23	26	24	25	5.00000000000000e-02	0.00000000000000e+00	0.00000000000000e+00	0.00000000000000e+00	6.62480841705792e+00	0.00000000000000e+00	3.68215660016267e+02	0.00000000000000e+00	1
24	27	25	26	5.00000000000000e-02	0.00000000000000e+00	0.00000000000000e+00	0.00000000000000e+00	6.78040711479886e+00	0.00000000000000e+00	4.05640924418906e+02	0.00000000000000e+00	1
25	28	26	27	5.00000000000000e-02	0.00000000000000e+00	0.00000000000000e+00	0.00000000000000e+00	6.73136270689433e+00	0.00000000000000e+00	4.15843386519854e+02	0.00000000000000e+00	1
26	29	27	28	5.00000000000000e-02	0.00000000000000e+00	0.00000000000000e+00	0.00000000000000e+00	6.78631296222665e+00	0.00000000000000e+00	4.25975116431118e+02	0.00000000000000e+00	1
27	30	28	29	5.00000000000000e-02	0.00000000000000e+00	0.00000000000000e+00	0.00000000000000e+00	6.89866930247331e+00	0.00000000000000e+00	4.10235948566111e+02	0.00000000000000e+00	1
28	31	29	30	5.00000000000000e-02	0.00000000000000e+00	0.00000000000000e+00	0.00000000000000e+00	6.60877652796372e+00	0.00000000000000e+00	4.81487109788184e+02	0.00000000000000e+00	1
29	32	30	31	5.00000000000000e-02	0.00000000000000e+00	0.00000000000000e+00	0.00000000000000e+00	6.84757200468992e+00	0.00000000000000e+00	4.15562873695606e+02	0.00000000000000e+00	1
30	33	31	32	5.00000000000000e-02	0.00000000000000e+00	0.00000000000000e+00	0.00000000000000e+00	6.38628546617792e+00	0.00000000000000e+00	3.93912431875174e+02	0.00000000000000e+00	1
31	34	32	33	5.00000000000000e-02	0.00000000000000e+00	0.00000000000000e+00	0.00000000000000e+00	7.02509678402836e+00	0.00000000000000e+00	4.47126966302001e+02	0.00000000000000e+00	1
32	35	33	34	5.00000000000000e-02	0.00000000000000e+00	0.00000000000000e+00	0.00000000000000e+00	6.99357435463374e+00	0.00000000000000e+00	4.47969248217937e+02	0.00000000000000e+00	1
33	36	34	35	5.00000000000000e-02	0.00000000000000e+00	0.00000000000000e+00	0.00000000000000e+00	6.60445919412797e+00	0.00000000000000e+00	4.04581932416269e+02	0.00000000000000e+00	1
34	37	35	36	5.00000000000000e-02	0.00000000000000e+00	0.00000000000000e+00	0.00000000000000e+00	7.40863189757844e+00	0.00000000000000e+00	3.92807675426768e+02	0.00000000000000e+00	1
35	38	36	37	5.00000000000000e-02	0.00000000000000e+00	0.00000000000000e+00	0.00000000000000e+00	7.48902564262131e+00	0.00000000000000e+00	4.87207725264325e+02	0.00000000000000e+00	1
36	39	37	38	5.00000000000000e-02	0.00000000000000e+00	0.00000000000000e+00	0.00000000000000e+00	6.94059164760356e+00	0.00000000000000e+00	4.36862932120511e+02	0.00000000000000e+00	1
37	40	38	39	5.00000000000000e-02	0.00000000000000e+00	0.00000000000000e+00	0.00000000000000e+00	7.54769187757234e+00	0.00000000000000e+00	4.62299667546182e+02	0.00000000000000e+00	1
38	41	39	40	5.00000000000000e-02	0.00000000000000e+00	0.00000000000000e+00	0.00000000000000e+00	7.03754538081026e+00	0.00000000000000e+00	3.77449227502750e+02	0.00000000000000e+00	1
39	42	40	41	5.00000000000000e-02	0.00000000000000e+00	0.00000000000000e+00	0.00000000000000e+00	7.46646338056281e+00	0.00000000000000e+00	4.09242224245698e+02	0.00000000000000e+00	1
40	43	41	42	5.00000000000000e-02	0.00000000000000e+00	0.00000000000000e+00	0.00000000000000e+00	6.97453460899969e+00	0.00000000000000e+00	4.59932658879691e+02	0.00000000000000e+00	1
41	44	42	43	5.00000000000000e-02	0.00000000000000e+00	0.00000000000000e+00	0.00000000000000e+00	7.36866612020103e+00	0.00000000000000e+00	3.54563786191340e+02	0.00000000000000e+00	1
42	45	43	44	5.00000000000000e-02	0.00000000000000e+00	0.00000000000000e+00	0.00000000000000e+00	7.29147545000920e+00	0.00000000000000e+00	4.83437037280081e+02	0.00000000000000e+00	1
43	46	44	45	5.00000000000000e-02	0.00000000000000e+00	0.00000000000000e+00	0.00000000000000e+00	7.21302027460930e+00	0.00000000000000e+00	3.86290095120224e+02	0.00000000000000e+00	1
44	47	45	46	5.00000000000000e-02	0.00000000000000e+00	0.00000000000000e+00	0.00000000000000e+00	7.30194286844733e+00	0.00000000000000e+00	4.19802928252365e+02	0.00000000000000e+00	1
45	48	46	47	5.00000000000000e-02	0.00000000000000e+00	0.00000000000000e+00	0.00000000000000e+00	7.20276842195772e+00	0.00000000000000e+00	3.65959881598635e+02	0.00000000000000e+00	1
46	49	47	48	5.00000000000000e-02	0.00000000000000e+00	0.00000000000000e+00	0.00000000000000e+00	7.10368343524594e+00	0.00000000000000e+00	3.73407494227933e+02	0.00000000000000e+00	1
47	50	48	49	5.00000000000000e-02	0.00000000000000e+00	0.00000000000000e+00	0.00000000000000e+00	7.03928878241472e+00	0.00000000000000e+00	3.82140383554523e+02	0.00000000000000e+00	1
48	51	49	50	5.00000000000000e-02	0.00000000000000e+00	0.00000000000000e+00	0.00000000000000e+00	7.28329913297748e+00	0.00000000000000e+00	3.87733413196264e+02	0.00000000000000e+00	1
49	52	50	51	5.00000000000000e-02	0.00000000000000e+00	0.00000000000000e+00	0.00000000000000e+00	6.92276984710977e+00	0.00000000000000e+00	3.90207898472057e+02	0.00000000000000e+00	1
50	53	51	52	5.00000000000000e-02	0.00000000000000e+00	0.00000000000000e+00	0.00000000000000e+00	7.23699226475957e+00	0.00000000000000e+00	3.60626047267417e+02	0.00000000000000e+00	1
51	54	52	53	5.00000000000000e-02	0.00000000000000e+00	0.00000000000000e+00	0.00000000000000e+00	6.96036807219751e+00	0.00000000000000e+00	3.69910573748047e+02	0.00000000000000e+00	1
52	55	53	54	5.00000000000000e-02	0.00000000000000e+00	0.00000000000000e+00	0.00000000000000e+00	7.11422096951640e+00	0.00000000000000e+00	3.86521232529860e+02	0.00000000000000e+00	1
53	56	54	55	5.00000000000000e-02	0.00000000000000e+00	0.00000000000000e+00	0.00000000000000e+00	6.84932081320734e+00	0.00000000000000e+00	3.79727236095938e+02	0.00000000000000e+00	1
54	57	55	56	5.00000000000000e-02	0.00000000000000e+00	0.00000000000000e+00	0.00000000000000e+00	6.83789376585201e+00	0.00000000000000e+00	3.53560587409486e+02	0.00000000000000e+00	1
55	58	56	57	5.00000000000000e-02	0.00000000000000e+00	0.00000000000000e+00	0.00000000000000e+00	6.96665132086196e+00	0.00000000000000e+00	3.84555113556361e+02	0.00000000000000e+00	1
56	59	57	58	5.00000000000000e-02	0.00000000000000e+00	0.00000000000000e+00	0.00000000000000e+00	6.67565379663517e+00	0.00000000000000e+00	3.58943175383712e+02	0.00000000000000e+00	1
57	60	58	59	5.00000000000000e-02	0.00000000000000e+00	0.00000000000000e+00	0.00000000000000e+00	7.06943932178374e+00	0.00000000000000e+00	3.40928422467995e+02	0.00000000000000e+00	1
58	61	59	60	5.00000000000000e-02	0.00000000000000e+00	0.00000000000000e+00	0.00000000000000e+00	6.60791125512152e+00	0.00000000000000e+00	3.38755338800245e+02	0.00000000000000e+00	1
59	62	60	61	5.00000000000000e-02	0.00000000000000e+00	0.00000000000000e+00	0.00000000000000e+00	6.92538549705742e+00	0.00000000000000e+00	3.14464906457711e+02	0.00000000000000e+00	1
60	63	61	62	5.00000000000000e-02	0.00000000000000e+00	0.00000000000000e+00	0.00000000000000e+00	6.77765987693043e+00	0.00000000000000e+00	4.02882697742416e+02	0.00000000000000e+00	1
61	64	62	63	5.00000000000000e-02	0.00000000000000e+00	0.00000000000000e+00	0.00000000000000e+00	6.59986731458188e+00	0.00000000000000e+00	3.32651565010647e+02	0.00000000000000e+00	1
62	65	63	64	5.00000000000000e-02	0.00000000000000e+00	0.00000000000000e+00	0.00000000000000e+00	6.70678711820262e+00	0.00000000000000e+00	3.85549783391521e+02	0.00000000000000e+00	1
63	66	64	65	5.00000000000000e-02	0.00000000000000e+00	0.00000000000000e+00	0.00000000000000e+00	6.64429088727521e+00	0.00000000000000e+00	3.65665523581225e+02	0.00000000000000e+00	1
64	67	65	66	5.00000000000000e-02	0.00000000000000e+00	0.00000000000000e+00	0.00000000000000e+00	6.70911267019022e+00	0.00000000000000e+00	4.12500465926710e+02	0.00000000000000e+00	1
65	68	66	67	5.00000000000000e-02	0.00000000000000e+00	0.00000000000000e+00	0.00000000000000e+00	6.51692151217652e+00	0.00000000000000e+00	3.78762054871387e+02	0.00000000000000e+00	1
66	69	67	68	5.00000000000000e-02	0.00000000000000e+00	0.00000000000000e+00	0.00000000000000e+00	6.85367491500674e+00	0.00000000000000e+00	3.37129053505356e+02	0.00000000000000e+00	1
67	70	68	69	5.00000000000000e-02	0.00000000000000e+00	0.00000000000000e+00	0.00000000000000e+00	6.52986633134489e+00	0.00000000000000e+00	4.36243338590876e+02	0.00000000000000e+00	1
68	71	69	70	5.00000000000000e-02	0.00000000000000e+00	0.00000000000000e+00	0.00000000000000e+00	6.62309803822740e+00	0.00000000000000e+00	3.20883143581812e+02	0.00000000000000e+00	1
69	72	70	71	5.00000000000000e-02	0.00000000000000e+00	0.00000000000000e+00	0.00000000000000e+00	6.60728739743136e+00	0.00000000000000e+00	3.77731794775732e+02	0.00000000000000e+00	1
1	7	3	5	5.00000000000000e-02	0.00000000000000e+00	0.00000000000000e+00	0.00000000000000e+00	1.29650951980995e+01	0.00000000000000e+00	3.28831378147308e+02	0.00000000000000e+00	1
2	8	4	6	5.00000000000000e-02	0.00000000000000e+00	0.00000000000000e+00	0.00000000000000e+00	1.27668394142279e+01	0.00000000000000e+00	3.50912964029321e+02	0.00000000000000e+00	1
3	9	5	7	5.00000000000000e-02	0.00000000000000e+00	0.00000000000000e+00	0.00000000000000e+00	1.27548144658428e+01	0.00000000000000e+00	3.39495722477777e+02	0.00000000000000e+00	1
4	10	6	8	5.00000000000000e-02	0.00000000000000e+00	0.00000000000000e+00	0.00000000000000e+00	1.29717058255016e+01	0.00000000000000e+00	3.59157143572075e+02	0.00000000000000e+00	1
5	11	7	9	5.00000000000000e-02	0.00000000000000e+00	0.00000000000000e+00	0.00000000000000e+00	1.29480359818184e+01	0.00000000000000e+00	3.42281245922925e+02	0.00000000000000e+00	1
6	12	8	10	5.00000000000000e-02	0.00000000000000e+00	0.00000000000000e+00	0.00000000000000e+00	1.27839331201232e+01	0.00000000000000e+00	3.37320161362487e+02	0.00000000000000e+00	1
7	13	9	11	5.00000000000000e-02	0.00000000000000e+00	0.00000000000000e+00	0.00000000000000e+00	1.28772490413887e+01	0.00000000000000e+00	3.75405119140602e+02	0.00000000000000e+00	1
8	14	10	12	5.00000000000000e-02	0.00000000000000e+00	0.00000000000000e+00	0.00000000000000e+00	1.31135433874903e+01	0.00000000000000e+00	4.03976657255056e+02	0.00000000000000e+00	1
9	15	11	13	5.00000000000000e-02	0.00000000000000e+00	0.00000000000000e+00	0.00000000000000e+00	1.30413424093198e+01	0.00000000000000e+00	3.57173351187740e+02	0.00000000000000e+00	1
10	16	12	14	5.00000000000000e-02	0.00000000000000e+00	0.00000000000000e+00	0.00000000000000e+00	1.29221402558060e+01	0.00000000000000e+00	3.51724658396801e+02	0.00000000000000e+00	1
11	17	13	15	5.00000000000000e-02	0.00000000000000e+00	0.00000000000000e+00	0.00000000000000e+00	1.29610973622290e+01	0.00000000000000e+00	3.43905081966592e+02	0.00000000000000e+00	1
12	18	14	16	5.00000000000000e-02	0.00000000000000e+00	0.00000000000000e+00	0.00000000000000e+00	1.30111764760119e+01	0.00000000000000e+00	3.40449641194229e+02	0.00000000000000e+00	1
13	19	15	17	5.00000000000000e-02	0.00000000000000e+00	0.00000000000000e+00	0.00000000000000e+00	1.31205218456607e+01	0.00000000000000e+00	3.82625153960275e+02	0.00000000000000e+00	1
14	20	16	18	5.00000000000000e-02	0.00000000000000e+00	0.00000000000000e+00	0.00000000000000e+00	1.33599414417380e+01	0.00000000000000e+00	3.75110001661378e+02	0.00000000000000e+00	1
15	21	17	19	5.00000000000000e-02	0.00000000000000e+00	0.00000000000000e+00	0.00000000000000e+00	1.33436653766671e+01	0.00000000000000e+00	3.74522137787199e+02	0.00000000000000e+00	1
16	22	18	20	5.00000000000000e-02	0.00000000000000e+00	0.00000000000000e+00	0.00000000000000e+00	1.30789824636027e+01	0.00000000000000e+00	3.58128511398277e+02	0.00000000000000e+00	1
17	23	19	21	5.00000000000000e-02	0.00000000000000e+00	0.00000000000000e+00	0.00000000000000e+00	1.30494499868844e+01	0.00000000000000e+00	3.99129083373895e+02	0.00000000000000e+00	1
18	24	20	22	5.00000000000000e-02	0.00000000000000e+00	0.00000000000000e+00	0.00000000000000e+00	1.32351945866672e+01	0.00000000000000e+00	4.11956222873642e+02	0.00000000000000e+00	1
19	25	21	23	5.00000000000000e-02	0.00000000000000e+00	0.00000000000000e+00	0.00000000000000e+00	1.34012782898314e+01	0.00000000000000e+00	4.24407969801484e+02	0.00000000000000e+00	1
20	26	22	24	5.00000000000000e-02	0.00000000000000e+00	0.00000000000000e+00	0.00000000000000e+00	1.34820904701420e+01	0.00000000000000e+00	3.87915313942614e+02	0.00000000000000e+00	1
21	27	23	25	5.00000000000000e-02	0.00000000000000e+00	0.00000000000000e+00	0.00000000000000e+00	1.34850527700653e+01	0.00000000000000e+00	4.39184567630737e+02	0.00000000000000e+00	1
22	28	24	26	5.00000000000000e-02	0.00000000000000e+00	0.00000000000000e+00	0.00000000000000e+00	1.34473489380743e+01	0.00000000000000e+00	4.29422486988942e+02	0.00000000000000e+00	1
23	29	25	27	5.00000000000000e-02	0.00000000000000e+00	0.00000000000000e+00	0.00000000000000e+00	1.33292194515400e+01	0.00000000000000e+00	4.44714739852698e+02	0.00000000000000e+00	1
24	30	26	28	5.00000000000000e-02	0.00000000000000e+00	0.00000000000000e+00	0.00000000000000e+00	1.33846622085385e+01	0.00000000000000e+00	4.81454513387487e+02	0.00000000000000e+00	1
25	31	27	29	5.00000000000000e-02	0.00000000000000e+00	0.00000000000000e+00	0.00000000000000e+00	1.34760061277258e+01	0.00000000000000e+00	4.39384494229467e+02	0.00000000000000e+00	1
26	32	28	30	5.00000000000000e-02	0.00000000000000e+00	0.00000000000000e+00	0.00000000000000e+00	1.34454231096462e+01	0.00000000000000e+00	5.13460324903327e+02	0.00000000000000e+00	1
27	33	29	31	5.00000000000000e-02	0.00000000000000e+00	0.00000000000000e+00	0.00000000000000e+00	1.30399422416787e+01	0.00000000000000e+00	4.22667030715919e+02	0.00000000000000e+00	1
28	34	30	32	5.00000000000000e-02	0.00000000000000e+00	0.00000000000000e+00	0.00000000000000e+00	1.33607804098871e+01	0.00000000000000e+00	4.52360869914378e+02	0.00000000000000e+00	1
29	35	31	33	5.00000000000000e-02	0.00000000000000e+00	0.00000000000000e+00	0.00000000000000e+00	1.48281901620120e+01	0.00000000000000e+00	5.27547193770746e+02	0.00000000000000e+00	1
30	36	32	34	5.00000000000000e-02	0.00000000000000e+00	0.00000000000000e+00	0.00000000000000e+00	1.49293718218489e+01	0.00000000000000e+00	5.64144471690065e+02	0.00000000000000e+00	1
31	37	33	35	5.00000000000000e-02	0.00000000000000e+00	0.00000000000000e+00	0.00000000000000e+00	1.34221470465321e+01	0.00000000000000e+00	4.89778220134659e+02	0.00000000000000e+00	1
32	38	34	36	5.00000000000000e-02	0.00000000000000e+00	0.00000000000000e+00	0.00000000000000e+00	1.33167114818661e+01	0.00000000000000e+00	3.98670922103088e+02	0.00000000000000e+00	1
33	39	35	37	5.00000000000000e-02	0.00000000000000e+00	0.00000000000000e+00	0.00000000000000e+00	1.46842423588405e+01	0.00000000000000e+00	4.38788174210323e+02	0.00000000000000e+00	1
34	40	36	38	5.00000000000000e-02	0.00000000000000e+00	0.00000000000000e+00	0.00000000000000e+00	1.44871136711880e+01	0.00000000000000e+00	4.97308159105481e+02	0.00000000000000e+00	1
35	41	37	39	5.00000000000000e-02	0.00000000000000e+00	0.00000000000000e+00	0.00000000000000e+00	1.38672618261508e+01	0.00000000000000e+00	4.52160626277160e+02	0.00000000000000e+00	1
36	42	38	40	5.00000000000000e-02	0.00000000000000e+00	0.00000000000000e+00	0.00000000000000e+00	1.44570048348431e+01	0.00000000000000e+00	4.43221936770967e+02	0.00000000000000e+00	1
37	43	39	41	5.00000000000000e-02	0.00000000000000e+00	0.00000000000000e+00	0.00000000000000e+00	1.49359918529153e+01	0.00000000000000e+00	4.17777605367512e+02	0.00000000000000e+00	1
38	44	40	42	5.00000000000000e-02	0.00000000000000e+00	0.00000000000000e+00	0.00000000000000e+00	1.46138056879462e+01	0.00000000000000e+00	3.99858380740137e+02	0.00000000000000e+00	1
39	45	41	43	5.00000000000000e-02	0.00000000000000e+00	0.00000000000000e+00	0.00000000000000e+00	1.44262377432604e+01	0.00000000000000e+00	4.22550044482644e+02	0.00000000000000e+00	1
40	46	42	44	5.00000000000000e-02	0.00000000000000e+00	0.00000000000000e+00	0.00000000000000e+00	1.44440071618860e+01	0.00000000000000e+00	3.94012255545500e+02	0.00000000000000e+00	1
41	47	43	45	5.00000000000000e-02	0.00000000000000e+00	0.00000000000000e+00	0.00000000000000e+00	1.43664962638167e+01	0.00000000000000e+00	3.92993190840242e+02	0.00000000000000e+00	1
42	48	44	46	5.00000000000000e-02	0.00000000000000e+00	0.00000000000000e+00	0.00000000000000e+00	1.42951383815774e+01	0.00000000000000e+00	3.98561258010317e+02	0.00000000000000e+00	1
43	49	45	47	5.00000000000000e-02	0.00000000000000e+00	0.00000000000000e+00	0.00000000000000e+00	1.44474059072065e+01	0.00000000000000e+00	4.01526259048418e+02	0.00000000000000e+00	1
44	50	46	48	5.00000000000000e-02	0.00000000000000e+00	0.00000000000000e+00	0.00000000000000e+00	1.43100489962893e+01	0.00000000000000e+00	3.73292452834376e+02	0.00000000000000e+00	1
45	51	47	49	5.00000000000000e-02	0.00000000000000e+00	0.00000000000000e+00	0.00000000000000e+00	1.43804932518674e+01	0.00000000000000e+00	3.64965225295915e+02	0.00000000000000e+00	1
46	52	48	50	5.00000000000000e-02	0.00000000000000e+00	0.00000000000000e+00	0.00000000000000e+00	1.45521878204286e+01	0.00000000000000e+00	3.55814511367563e+02	0.00000000000000e+00	1
47	53	49	51	5.00000000000000e-02	0.00000000000000e+00	0.00000000000000e+00	0.00000000000000e+00	1.42269132822179e+01	0.00000000000000e+00	3.91055315648655e+02	0.00000000000000e+00	1
48	54	50	52	5.00000000000000e-02	0.00000000000000e+00	0.00000000000000e+00	0.00000000000000e+00	1.38208539859435e+01	0.00000000000000e+00	3.72490089384800e+02	0.00000000000000e+00	1
49	55	51	53	5.00000000000000e-02	0.00000000000000e+00	0.00000000000000e+00	0.00000000000000e+00	1.39362397367705e+01	0.00000000000000e+00	3.54715812638833e+02	0.00000000000000e+00	1
50	56	52	54	5.00000000000000e-02	0.00000000000000e+00	0.00000000000000e+00	0.00000000000000e+00	1.41665299481556e+01	0.00000000000000e+00	3.80924708072112e+02	0.00000000000000e+00	1
51	57	53	55	5.00000000000000e-02	0.00000000000000e+00	0.00000000000000e+00	0.00000000000000e+00	1.39506993836826e+01	0.00000000000000e+00	3.68341607976109e+02	0.00000000000000e+00	1
52	58	54	56	5.00000000000000e-02	0.00000000000000e+00	0.00000000000000e+00	0.00000000000000e+00	1.38171138557151e+01	0.00000000000000e+00	3.35966371424429e+02	0.00000000000000e+00	1
53	59	55	57	5.00000000000000e-02	0.00000000000000e+00	0.00000000000000e+00	0.00000000000000e+00	1.38389031770051e+01	0.00000000000000e+00	3.53437967023441e+02	0.00000000000000e+00	1
54	60	56	58	5.00000000000000e-02	0.00000000000000e+00	0.00000000000000e+00	0.00000000000000e+00	1.38858741326251e+01	0.00000000000000e+00	3.37798922971599e+02	0.00000000000000e+00	1
55	61	57	59	5.00000000000000e-02	0.00000000000000e+00	0.00000000000000e+00	0.00000000000000e+00	1.36639573498165e+01	0.00000000000000e+00	3.64828914137062e+02	0.00000000000000e+00	1
56	62	58	60	5.00000000000000e-02	0.00000000000000e+00	0.00000000000000e+00	0.00000000000000e+00	1.34017241179099e+01	0.00000000000000e+00	3.50568933443730e+02	0.00000000000000e+00	1
57	63	59	61	5.00000000000000e-02	0.00000000000000e+00	0.00000000000000e+00	0.00000000000000e+00	1.34897960150626e+01	0.00000000000000e+00	3.41692124955097e+02	0.00000000000000e+00	1
58	64	60	62	5.00000000000000e-02	0.00000000000000e+00	0.00000000000000e+00	0.00000000000000e+00	1.36744216811901e+01	0.00000000000000e+00	3.66308632535699e+02	0.00000000000000e+00	1
59	65	61	63	5.00000000000000e-02	0.00000000000000e+00	0.00000000000000e+00	0.00000000000000e+00	1.34510343695479e+01	0.00000000000000e+00	3.89527787893003e+02	0.00000000000000e+00	1
60	66	62	64	5.00000000000000e-02	0.00000000000000e+00	0.00000000000000e+00	0.00000000000000e+00	1.32509427183326e+01	0.00000000000000e+00	3.17927118606956e+02	0.00000000000000e+00	1
61	67	63	65	5.00000000000000e-02	0.00000000000000e+00	0.00000000000000e+00	0.00000000000000e+00	1.35501504135114e+01	0.00000000000000e+00	3.46360513298193e+02	0.00000000000000e+00	1
62	68	64	66	5.00000000000000e-02	0.00000000000000e+00	0.00000000000000e+00	0.00000000000000e+00	1.34699388925930e+01	0.00000000000000e+00	3.62707669137929e+02	0.00000000000000e+00	1
63	69	65	67	5.00000000000000e-02	0.00000000000000e+00	0.00000000000000e+00	0.00000000000000e+00	1.31935065020225e+01	0.00000000000000e+00	3.36340313571697e+02	0.00000000000000e+00	1
64	70	66	68	5.00000000000000e-02	0.00000000000000e+00	0.00000000000000e+00	0.00000000000000e+00	1.32291311164160e+01	0.00000000000000e+00	3.29154036039691e+02	0.00000000000000e+00	1
65	71	67	69	5.00000000000000e-02	0.00000000000000e+00	0.00000000000000e+00	0.00000000000000e+00	1.32165177072019e+01	0.00000000000000e+00	3.51283995632858e+02	0.00000000000000e+00	1
66	72	68	70	5.00000000000000e-02	0.00000000000000e+00	0.00000000000000e+00	0.00000000000000e+00	1.31188246746701e+01	0.00000000000000e+00	3.65300397993659e+02	0.00000000000000e+00	1
1	10	4	7	5.00000000000000e-02	0.00000000000000e+00	0.00000000000000e+00	0.00000000000000e+00	1.92560280443362e+01	0.00000000000000e+00	3.68694329029901e+02	0.00000000000000e+00	1
2	11	5	8	5.00000000000000e-02	0.00000000000000e+00	0.00000000000000e+00	0.00000000000000e+00	1.92999017050571e+01	0.00000000000000e+00	3.77517214682665e+02	0.00000000000000e+00	1
3	12	6	9	5.00000000000000e-02	0.00000000000000e+00	0.00000000000000e+00	0.00000000000000e+00	1.92441202402832e+01	0.00000000000000e+00	3.52276070286185e+02	0.00000000000000e+00	1
4	13	7	10	5.00000000000000e-02	0.00000000000000e+00	0.00000000000000e+00	0.00000000000000e+00	1.93245816886243e+01	0.00000000000000e+00	3.31944307092374e+02	0.00000000000000e+00	1
5	14	8	11	5.00000000000000e-02	0.00000000000000e+00	0.00000000000000e+00	0.00000000000000e+00	1.93623765217808e+01	0.00000000000000e+00	3.59422412113630e+02	0.00000000000000e+00	1
6	15	9	12	5.00000000000000e-02	0.00000000000000e+00	0.00000000000000e+00	0.00000000000000e+00	1.94883759070861e+01	0.00000000000000e+00	3.32840505608527e+02	0.00000000000000e+00	1
7	16	10	13	5.00000000000000e-02	0.00000000000000e+00	0.00000000000000e+00	0.00000000000000e+00	1.95721144672130e+01	0.00000000000000e+00	3.45916124504113e+02	0.00000000000000e+00	1
8	17	11	14	5.00000000000000e-02	0.00000000000000e+00	0.00000000000000e+00	0.00000000000000e+00	1.95094920854098e+01	0.00000000000000e+00	3.49505549525825e+02	0.00000000000000e+00	1
9	18	12	15	5.00000000000000e-02	0.00000000000000e+00	0.00000000000000e+00	0.00000000000000e+00	1.94134569482644e+01	0.00000000000000e+00	3.53334037313228e+02	0.00000000000000e+00	1
10	19	13	16	5.00000000000000e-02	0.00000000000000e+00	0.00000000000000e+00	0.00000000000000e+00	1.94353411741464e+01	0.00000000000000e+00	3.81732570480227e+02	0.00000000000000e+00	1
11	20	14	17	5.00000000000000e-02	0.00000000000000e+00	0.00000000000000e+00	0.00000000000000e+00	1.97299161764409e+01	0.00000000000000e+00	3.85336471332173e+02	0.00000000000000e+00	1
12	21	15	18	5.00000000000000e-02	0.00000000000000e+00	0.00000000000000e+00	0.00000000000000e+00	1.99957672182483e+01	0.00000000000000e+00	4.17002633508654e+02	0.00000000000000e+00	1
13	22	16	19	5.00000000000000e-02	0.00000000000000e+00	0.00000000000000e+00	0.00000000000000e+00	1.99937502028238e+01	0.00000000000000e+00	3.72724709208928e+02	0.00000000000000e+00	1
14	23	17	20	5.00000000000000e-02	0.00000000000000e+00	0.00000000000000e+00	0.00000000000000e+00	1.97145337027654e+01	0.00000000000000e+00	3.83655675910813e+02	0.00000000000000e+00	1
15	24	18	21	5.00000000000000e-02	0.00000000000000e+00	0.00000000000000e+00	0.00000000000000e+00	1.94654225636512e+01	0.00000000000000e+00	3.99428700242191e+02	0.00000000000000e+00	1
16	25	19	22	5.00000000000000e-02	0.00000000000000e+00	0.00000000000000e+00	0.00000000000000e+00	1.95426673398622e+01	0.00000000000000e+00	4.29365042080865e+02	0.00000000000000e+00	1
17	26	20	23	5.00000000000000e-02	0.00000000000000e+00	0.00000000000000e+00	0.00000000000000e+00	1.98665780354377e+01	0.00000000000000e+00	4.21130494246744e+02	0.00000000000000e+00	1
18	27	21	24	5.00000000000000e-02	0.00000000000000e+00	0.00000000000000e+00	0.00000000000000e+00	2.03677257584667e+01	0.00000000000000e+00	4.72966750052604e+02	0.00000000000000e+00	1
19	28	22	25	5.00000000000000e-02	0.00000000000000e+00	0.00000000000000e+00	0.00000000000000e+00	2.04978932768664e+01	0.00000000000000e+00	4.57010713886579e+02	0.00000000000000e+00	1
20	29	23	26	5.00000000000000e-02	0.00000000000000e+00	0.00000000000000e+00	0.00000000000000e+00	2.03388212082057e+01	0.00000000000000e+00	4.33395484758586e+02	0.00000000000000e+00	1
21	30	24	27	5.00000000000000e-02	0.00000000000000e+00	0.00000000000000e+00	0.00000000000000e+00	2.00770031144626e+01	0.00000000000000e+00	4.58702847763820e+02	0.00000000000000e+00	1
22	31	25	28	5.00000000000000e-02	0.00000000000000e+00	0.00000000000000e+00	0.00000000000000e+00	1.98317736707781e+01	0.00000000000000e+00	4.70662641378140e+02	0.00000000000000e+00	1
23	32	26	29	5.00000000000000e-02	0.00000000000000e+00	0.00000000000000e+00	0.00000000000000e+00	1.98448478210394e+01	0.00000000000000e+00	4.38620986640121e+02	0.00000000000000e+00	1
24	33	27	30	5.00000000000000e-02	0.00000000000000e+00	0.00000000000000e+00	0.00000000000000e+00	1.94691314591043e+01	0.00000000000000e+00	4.25363578494169e+02	0.00000000000000e+00	1
25	34	28	31	5.00000000000000e-02	0.00000000000000e+00	0.00000000000000e+00	0.00000000000000e+00	1.94502841006312e+01	0.00000000000000e+00	4.02233454238950e+02	0.00000000000000e+00	1
26	35	29	32	5.00000000000000e-02	0.00000000000000e+00	0.00000000000000e+00	0.00000000000000e+00	2.08821825796190e+01	0.00000000000000e+00	5.13374471256528e+02	0.00000000000000e+00	1
27	36	30	33	5.00000000000000e-02	0.00000000000000e+00	0.00000000000000e+00	0.00000000000000e+00	2.24336433274237e+01	0.00000000000000e+00	5.19124644045673e+02	0.00000000000000e+00	1
28	37	31	34	5.00000000000000e-02	0.00000000000000e+00	0.00000000000000e+00	0.00000000000000e+00	2.26755081304330e+01	0.00000000000000e+00	5.89548750761710e+02	0.00000000000000e+00	1
29	38	32	35	5.00000000000000e-02	0.00000000000000e+00	0.00000000000000e+00	0.00000000000000e+00	2.22109610729958e+01	0.00000000000000e+00	5.83118505620160e+02	0.00000000000000e+00	1
30	39	33	36	5.00000000000000e-02	0.00000000000000e+00	0.00000000000000e+00	0.00000000000000e+00	2.08876150464472e+01	0.00000000000000e+00	4.79976277632110e+02	0.00000000000000e+00	1
31	40	34	37	5.00000000000000e-02	0.00000000000000e+00	0.00000000000000e+00	0.00000000000000e+00	2.00526735854889e+01	0.00000000000000e+00	3.88551338167468e+02	0.00000000000000e+00	1
32	41	35	38	5.00000000000000e-02	0.00000000000000e+00	0.00000000000000e+00	0.00000000000000e+00	2.02265294214896e+01	0.00000000000000e+00	3.96660736369082e+02	0.00000000000000e+00	1
33	42	36	39	5.00000000000000e-02	0.00000000000000e+00	0.00000000000000e+00	0.00000000000000e+00	2.11207317572883e+01	0.00000000000000e+00	4.39890459057616e+02	0.00000000000000e+00	1
34	43	37	40	5.00000000000000e-02	0.00000000000000e+00	0.00000000000000e+00	0.00000000000000e+00	2.12880018591844e+01	0.00000000000000e+00	5.20146471621107e+02	0.00000000000000e+00	1
35	44	38	41	5.00000000000000e-02	0.00000000000000e+00	0.00000000000000e+00	0.00000000000000e+00	2.19208750634098e+01	0.00000000000000e+00	4.37408310137602e+02	0.00000000000000e+00	1
36	45	39	42	5.00000000000000e-02	0.00000000000000e+00	0.00000000000000e+00	0.00000000000000e+00	2.20771093247524e+01	0.00000000000000e+00	4.32126059899608e+02	0.00000000000000e+00	1
37	46	40	43	5.00000000000000e-02	0.00000000000000e+00	0.00000000000000e+00	0.00000000000000e+00	2.23170177769060e+01	0.00000000000000e+00	4.57054287783500e+02	0.00000000000000e+00	1
38	47	41	44	5.00000000000000e-02	0.00000000000000e+00	0.00000000000000e+00	0.00000000000000e+00	2.15592015671019e+01	0.00000000000000e+00	4.54405165206902e+02	0.00000000000000e+00	1
39	48	42	45	5.00000000000000e-02	0.00000000000000e+00	0.00000000000000e+00	0.00000000000000e+00	2.14016741319978e+01	0.00000000000000e+00	4.34173568802596e+02	0.00000000000000e+00	1
40	49	43	46	5.00000000000000e-02	0.00000000000000e+00	0.00000000000000e+00	0.00000000000000e+00	2.11897018906032e+01	0.00000000000000e+00	4.27042746170508e+02	0.00000000000000e+00	1
41	50	44	47	5.00000000000000e-02	0.00000000000000e+00	0.00000000000000e+00	0.00000000000000e+00	2.13124288950645e+01	0.00000000000000e+00	4.11211158778149e+02	0.00000000000000e+00	1
42	51	45	48	5.00000000000000e-02	0.00000000000000e+00	0.00000000000000e+00	0.00000000000000e+00	2.15769067113076e+01	0.00000000000000e+00	3.82774218113238e+02	0.00000000000000e+00	1
43	52	46	49	5.00000000000000e-02	0.00000000000000e+00	0.00000000000000e+00	0.00000000000000e+00	2.17665854463196e+01	0.00000000000000e+00	3.84502222928548e+02	0.00000000000000e+00	1
44	53	47	50	5.00000000000000e-02	0.00000000000000e+00	0.00000000000000e+00	0.00000000000000e+00	2.19414205947618e+01	0.00000000000000e+00	3.87545738806600e+02	0.00000000000000e+00	1
45	54	48	51	5.00000000000000e-02	0.00000000000000e+00	0.00000000000000e+00	0.00000000000000e+00	2.13902159429905e+01	0.00000000000000e+00	3.97223124621416e+02	0.00000000000000e+00	1
46	55	49	52	5.00000000000000e-02	0.00000000000000e+00	0.00000000000000e+00	0.00000000000000e+00	2.10918367148350e+01	0.00000000000000e+00	3.88217786856723e+02	0.00000000000000e+00	1
47	56	50	53	5.00000000000000e-02	0.00000000000000e+00	0.00000000000000e+00	0.00000000000000e+00	2.06594658315826e+01	0.00000000000000e+00	4.23073231989335e+02	0.00000000000000e+00	1
48	57	51	54	5.00000000000000e-02	0.00000000000000e+00	0.00000000000000e+00	0.00000000000000e+00	2.08031698707046e+01	0.00000000000000e+00	3.77232635282451e+02	0.00000000000000e+00	1
49	58	52	55	5.00000000000000e-02	0.00000000000000e+00	0.00000000000000e+00	0.00000000000000e+00	2.08898776943894e+01	0.00000000000000e+00	3.58586828295217e+02	0.00000000000000e+00	1
50	59	53	56	5.00000000000000e-02	0.00000000000000e+00	0.00000000000000e+00	0.00000000000000e+00	2.10552326859847e+01	0.00000000000000e+00	3.70015680956075e+02	0.00000000000000e+00	1
51	60	54	57	5.00000000000000e-02	0.00000000000000e+00	0.00000000000000e+00	0.00000000000000e+00	2.10779694941047e+01	0.00000000000000e+00	3.61270846385285e+02	0.00000000000000e+00	1
52	61	55	58	5.00000000000000e-02	0.00000000000000e+00	0.00000000000000e+00	0.00000000000000e+00	2.08336794115088e+01	0.00000000000000e+00	3.58514634862621e+02	0.00000000000000e+00	1
53	62	56	59	5.00000000000000e-02	0.00000000000000e+00	0.00000000000000e+00	0.00000000000000e+00	2.06548480467425e+01	0.00000000000000e+00	3.54402983697048e+02	0.00000000000000e+00	1
54	63	57	60	5.00000000000000e-02	0.00000000000000e+00	0.00000000000000e+00	0.00000000000000e+00	2.02305933847769e+01	0.00000000000000e+00	3.57784117187981e+02	0.00000000000000e+00	1
55	64	58	61	5.00000000000000e-02	0.00000000000000e+00	0.00000000000000e+00	0.00000000000000e+00	2.02130634103031e+01	0.00000000000000e+00	3.51864204920124e+02	0.00000000000000e+00	1
56	65	59	62	5.00000000000000e-02	0.00000000000000e+00	0.00000000000000e+00	0.00000000000000e+00	2.00767693735614e+01	0.00000000000000e+00	3.58062278310420e+02	0.00000000000000e+00	1
57	66	60	63	5.00000000000000e-02	0.00000000000000e+00	0.00000000000000e+00	0.00000000000000e+00	2.02678487999678e+01	0.00000000000000e+00	3.17180553733390e+02	0.00000000000000e+00	1
58	67	61	64	5.00000000000000e-02	0.00000000000000e+00	0.00000000000000e+00	0.00000000000000e+00	2.02790474480539e+01	0.00000000000000e+00	3.35203434000301e+02	0.00000000000000e+00	1
59	68	62	65	5.00000000000000e-02	0.00000000000000e+00	0.00000000000000e+00	0.00000000000000e+00	2.02891499565105e+01	0.00000000000000e+00	3.59297692101036e+02	0.00000000000000e+00	1
60	69	63	66	5.00000000000000e-02	0.00000000000000e+00	0.00000000000000e+00	0.00000000000000e+00	2.03007956830228e+01	0.00000000000000e+00	3.83609109765789e+02	0.00000000000000e+00	1
61	70	64	67	5.00000000000000e-02	0.00000000000000e+00	0.00000000000000e+00	0.00000000000000e+00	2.00289527945410e+01	0.00000000000000e+00	3.58092644060019e+02	0.00000000000000e+00	1
62	71	65	68	5.00000000000000e-02	0.00000000000000e+00	0.00000000000000e+00	0.00000000000000e+00	1.98692463865885e+01	0.00000000000000e+00	3.79894952599846e+02	0.00000000000000e+00	1
63	72	66	69	5.00000000000000e-02	0.00000000000000e+00	0.00000000000000e+00	0.00000000000000e+00	1.95622260393555e+01	0.00000000000000e+00	3.46342301503308e+02	0.00000000000000e+00	1
1	13	5	9	5.00000000000000e-02	0.00000000000000e+00	0.00000000000000e+00	0.00000000000000e+00	2.57028848649601e+01	0.00000000000000e+00	3.39778999078363e+02	0.00000000000000e+00	1
2	14	6	10	5.00000000000000e-02	0.00000000000000e+00	0.00000000000000e+00	0.00000000000000e+00	2.57146714929069e+01	0.00000000000000e+00	3.22692257580132e+02	0.00000000000000e+00	1
3	15	7	11	5.00000000000000e-02	0.00000000000000e+00	0.00000000000000e+00	0.00000000000000e+00	2.58401273268568e+01	0.00000000000000e+00	3.60379735487723e+02	0.00000000000000e+00	1
4	16	8	12	5.00000000000000e-02	0.00000000000000e+00	0.00000000000000e+00	0.00000000000000e+00	2.59170254052903e+01	0.00000000000000e+00	3.95100198521991e+02	0.00000000000000e+00	1
5	17	9	13	5.00000000000000e-02	0.00000000000000e+00	0.00000000000000e+00	0.00000000000000e+00	2.60241817048011e+01	0.00000000000000e+00	3.98047393446580e+02	0.00000000000000e+00	1
6	18	10	14	5.00000000000000e-02	0.00000000000000e+00	0.00000000000000e+00	0.00000000000000e+00	2.59616682016832e+01	0.00000000000000e+00	3.90445776781318e+02	0.00000000000000e+00	1
7	19	11	15	5.00000000000000e-02	0.00000000000000e+00	0.00000000000000e+00	0.00000000000000e+00	2.59985242329789e+01	0.00000000000000e+00	3.99077693578452e+02	0.00000000000000e+00	1
8	20	12	16	5.00000000000000e-02	0.00000000000000e+00	0.00000000000000e+00	0.00000000000000e+00	2.61285619349381e+01	0.00000000000000e+00	3.95330254868907e+02	0.00000000000000e+00	1
9	21	13	17	5.00000000000000e-02	0.00000000000000e+00	0.00000000000000e+00	0.00000000000000e+00	2.62472302732400e+01	0.00000000000000e+00	3.86510244256036e+02	0.00000000000000e+00	1
10	22	14	18	5.00000000000000e-02	0.00000000000000e+00	0.00000000000000e+00	0.00000000000000e+00	2.64960129277653e+01	0.00000000000000e+00	3.85202347453546e+02	0.00000000000000e+00	1
11	23	15	19	5.00000000000000e-02	0.00000000000000e+00	0.00000000000000e+00	0.00000000000000e+00	2.64136170688702e+01	0.00000000000000e+00	3.64027120108248e+02	0.00000000000000e+00	1
12	24	16	20	5.00000000000000e-02	0.00000000000000e+00	0.00000000000000e+00	0.00000000000000e+00	2.62814188438782e+01	0.00000000000000e+00	4.22669010313359e+02	0.00000000000000e+00	1
13	25	17	21	5.00000000000000e-02	0.00000000000000e+00	0.00000000000000e+00	0.00000000000000e+00	2.61675640125724e+01	0.00000000000000e+00	3.96287547486912e+02	0.00000000000000e+00	1
14	26	18	22	5.00000000000000e-02	0.00000000000000e+00	0.00000000000000e+00	0.00000000000000e+00	2.60458221098701e+01	0.00000000000000e+00	4.42140159387346e+02	0.00000000000000e+00	1
15	27	19	23	5.00000000000000e-02	0.00000000000000e+00	0.00000000000000e+00	0.00000000000000e+00	2.63785534566162e+01	0.00000000000000e+00	4.62496874591174e+02	0.00000000000000e+00	1
16	28	20	24	5.00000000000000e-02	0.00000000000000e+00	0.00000000000000e+00	0.00000000000000e+00	2.68090885347595e+01	0.00000000000000e+00	4.43320717493525e+02	0.00000000000000e+00	1
17	29	21	25	5.00000000000000e-02	0.00000000000000e+00	0.00000000000000e+00	0.00000000000000e+00	2.70781984642987e+01	0.00000000000000e+00	4.53596638015292e+02	0.00000000000000e+00	1
18	30	22	26	5.00000000000000e-02	0.00000000000000e+00	0.00000000000000e+00	0.00000000000000e+00	2.73252347642697e+01	0.00000000000000e+00	4.52870291861827e+02	0.00000000000000e+00	1
19	31	23	27	5.00000000000000e-02	0.00000000000000e+00	0.00000000000000e+00	0.00000000000000e+00	2.69366879067699e+01	0.00000000000000e+00	4.24729273064445e+02	0.00000000000000e+00	1
20	32	24	28	5.00000000000000e-02	0.00000000000000e+00	0.00000000000000e+00	0.00000000000000e+00	2.65479455039714e+01	0.00000000000000e+00	3.73614924811575e+02	0.00000000000000e+00	1
21	33	25	29	5.00000000000000e-02	0.00000000000000e+00	0.00000000000000e+00	0.00000000000000e+00	2.58912390671761e+01	0.00000000000000e+00	4.29111605930862e+02	0.00000000000000e+00	1
22	34	26	30	5.00000000000000e-02	0.00000000000000e+00	0.00000000000000e+00	0.00000000000000e+00	2.53156274790468e+01	0.00000000000000e+00	4.30209411475581e+02	0.00000000000000e+00	1
23	35	27	31	5.00000000000000e-02	0.00000000000000e+00	0.00000000000000e+00	0.00000000000000e+00	2.61411072497541e+01	0.00000000000000e+00	4.15074219380389e+02	0.00000000000000e+00	1
24	36	28	32	5.00000000000000e-02	0.00000000000000e+00	0.00000000000000e+00	0.00000000000000e+00	2.80631009774191e+01	0.00000000000000e+00	4.56816783118601e+02	0.00000000000000e+00	1
25	37	29	33	5.00000000000000e-02	0.00000000000000e+00	0.00000000000000e+00	0.00000000000000e+00	2.97236569266476e+01	0.00000000000000e+00	5.57454806942826e+02	0.00000000000000e+00	1
26	38	30	34	5.00000000000000e-02	0.00000000000000e+00	0.00000000000000e+00	0.00000000000000e+00	3.09954875426203e+01	0.00000000000000e+00	6.23228334941542e+02	0.00000000000000e+00	1
27	39	31	35	5.00000000000000e-02	0.00000000000000e+00	0.00000000000000e+00	0.00000000000000e+00	3.02524626265542e+01	0.00000000000000e+00	5.57137982742257e+02	0.00000000000000e+00	1
28	40	32	36	5.00000000000000e-02	0.00000000000000e+00	0.00000000000000e+00	0.00000000000000e+00	2.96978196530836e+01	0.00000000000000e+00	5.59978339780573e+02	0.00000000000000e+00	1
29	41	33	37	5.00000000000000e-02	0.00000000000000e+00	0.00000000000000e+00	0.00000000000000e+00	2.81846713763089e+01	0.00000000000000e+00	4.49019509171292e+02	0.00000000000000e+00	1
30	42	34	38	5.00000000000000e-02	0.00000000000000e+00	0.00000000000000e+00	0.00000000000000e+00	2.63915636516799e+01	0.00000000000000e+00	4.22853662139934e+02	0.00000000000000e+00	1
31	43	35	39	5.00000000000000e-02	0.00000000000000e+00	0.00000000000000e+00	0.00000000000000e+00	2.62867312442873e+01	0.00000000000000e+00	3.60448105911415e+02	0.00000000000000e+00	1
32	44	36	40	5.00000000000000e-02	0.00000000000000e+00	0.00000000000000e+00	0.00000000000000e+00	2.72409234949161e+01	0.00000000000000e+00	4.07518775026592e+02	0.00000000000000e+00	1
33	45	37	41	5.00000000000000e-02	0.00000000000000e+00	0.00000000000000e+00	0.00000000000000e+00	2.85600690525518e+01	0.00000000000000e+00	4.82251204172865e+02	0.00000000000000e+00	1
34	46	38	42	5.00000000000000e-02	0.00000000000000e+00	0.00000000000000e+00	0.00000000000000e+00	2.93857941479190e+01	0.00000000000000e+00	4.54876091286665e+02	0.00000000000000e+00	1
35	47	39	43	5.00000000000000e-02	0.00000000000000e+00	0.00000000000000e+00	0.00000000000000e+00	2.91900534489510e+01	0.00000000000000e+00	4.51938339793305e+02	0.00000000000000e+00	1
36	48	40	44	5.00000000000000e-02	0.00000000000000e+00	0.00000000000000e+00	0.00000000000000e+00	2.92112778257675e+01	0.00000000000000e+00	4.64243421019792e+02	0.00000000000000e+00	1
37	49	41	45	5.00000000000000e-02	0.00000000000000e+00	0.00000000000000e+00	0.00000000000000e+00	2.86752639531238e+01	0.00000000000000e+00	4.78051979212900e+02	0.00000000000000e+00	1
38	50	42	46	5.00000000000000e-02	0.00000000000000e+00	0.00000000000000e+00	0.00000000000000e+00	2.82819711217554e+01	0.00000000000000e+00	4.40373043328814e+02	0.00000000000000e+00	1
39	51	43	47	5.00000000000000e-02	0.00000000000000e+00	0.00000000000000e+00	0.00000000000000e+00	2.83265741666677e+01	0.00000000000000e+00	4.46045320928161e+02	0.00000000000000e+00	1
40	52	44	48	5.00000000000000e-02	0.00000000000000e+00	0.00000000000000e+00	0.00000000000000e+00	2.84109100732540e+01	0.00000000000000e+00	4.04773991557692e+02	0.00000000000000e+00	1
41	53	45	49	5.00000000000000e-02	0.00000000000000e+00	0.00000000000000e+00	0.00000000000000e+00	2.89377280603687e+01	0.00000000000000e+00	4.11740892572772e+02	0.00000000000000e+00	1
42	54	46	50	5.00000000000000e-02	0.00000000000000e+00	0.00000000000000e+00	0.00000000000000e+00	2.89950321794611e+01	0.00000000000000e+00	4.18025618297951e+02	0.00000000000000e+00	1
43	55	47	51	5.00000000000000e-02	0.00000000000000e+00	0.00000000000000e+00	0.00000000000000e+00	2.86879314767796e+01	0.00000000000000e+00	4.14049196237951e+02	0.00000000000000e+00	1
44	56	48	52	5.00000000000000e-02	0.00000000000000e+00	0.00000000000000e+00	0.00000000000000e+00	2.83845681863791e+01	0.00000000000000e+00	4.35541426522094e+02	0.00000000000000e+00	1
45	57	49	53	5.00000000000000e-02	0.00000000000000e+00	0.00000000000000e+00	0.00000000000000e+00	2.78229318603158e+01	0.00000000000000e+00	4.49914117132509e+02	0.00000000000000e+00	1
46	58	50	54	5.00000000000000e-02	0.00000000000000e+00	0.00000000000000e+00	0.00000000000000e+00	2.76351700404922e+01	0.00000000000000e+00	3.90573324764561e+02	0.00000000000000e+00	1
47	59	51	55	5.00000000000000e-02	0.00000000000000e+00	0.00000000000000e+00	0.00000000000000e+00	2.76984590901448e+01	0.00000000000000e+00	3.58246666568871e+02	0.00000000000000e+00	1
48	60	52	56	5.00000000000000e-02	0.00000000000000e+00	0.00000000000000e+00	0.00000000000000e+00	2.79169076184558e+01	0.00000000000000e+00	3.90716920669132e+02	0.00000000000000e+00	1
49	61	53	57	5.00000000000000e-02	0.00000000000000e+00	0.00000000000000e+00	0.00000000000000e+00	2.81421099331674e+01	0.00000000000000e+00	3.83228343341008e+02	0.00000000000000e+00	1
50	62	54	58	5.00000000000000e-02	0.00000000000000e+00	0.00000000000000e+00	0.00000000000000e+00	2.79307068819472e+01	0.00000000000000e+00	3.64499689058801e+02	0.00000000000000e+00	1
51	63	55	59	5.00000000000000e-02	0.00000000000000e+00	0.00000000000000e+00	0.00000000000000e+00	2.78266844757274e+01	0.00000000000000e+00	3.97582578674011e+02	0.00000000000000e+00	1
52	64	56	60	5.00000000000000e-02	0.00000000000000e+00	0.00000000000000e+00	0.00000000000000e+00	2.72797490157797e+01	0.00000000000000e+00	3.62000896448011e+02	0.00000000000000e+00	1
53	65	57	61	5.00000000000000e-02	0.00000000000000e+00	0.00000000000000e+00	0.00000000000000e+00	2.69080041945566e+01	0.00000000000000e+00	3.55006066076534e+02	0.00000000000000e+00	1
54	66	58	62	5.00000000000000e-02	0.00000000000000e+00	0.00000000000000e+00	0.00000000000000e+00	2.69577880560336e+01	0.00000000000000e+00	3.49308925061544e+02	0.00000000000000e+00	1
55	67	59	63	5.00000000000000e-02	0.00000000000000e+00	0.00000000000000e+00	0.00000000000000e+00	2.67983906800337e+01	0.00000000000000e+00	3.89607619408003e+02	0.00000000000000e+00	1
56	68	60	64	5.00000000000000e-02	0.00000000000000e+00	0.00000000000000e+00	0.00000000000000e+00	2.70484955531757e+01	0.00000000000000e+00	3.50922588507639e+02	0.00000000000000e+00	1
57	69	61	65	5.00000000000000e-02	0.00000000000000e+00	0.00000000000000e+00	0.00000000000000e+00	2.72279353380296e+01	0.00000000000000e+00	3.27174101926188e+02	0.00000000000000e+00	1
58	70	62	66	5.00000000000000e-02	0.00000000000000e+00	0.00000000000000e+00	0.00000000000000e+00	2.70973799228981e+01	0.00000000000000e+00	3.57996211075786e+02	0.00000000000000e+00	1
59	71	63	67	5.00000000000000e-02	0.00000000000000e+00	0.00000000000000e+00	0.00000000000000e+00	2.68982438248560e+01	0.00000000000000e+00	3.63576118792665e+02	0.00000000000000e+00	1
60	72	64	68	5.00000000000000e-02	0.00000000000000e+00	0.00000000000000e+00	0.00000000000000e+00	2.66020884586167e+01	0.00000000000000e+00	3.41105978665761e+02	0.00000000000000e+00	1
1	16	6	11	5.00000000000000e-02	0.00000000000000e+00	0.00000000000000e+00	0.00000000000000e+00	3.23151139124051e+01	0.00000000000000e+00	3.71911577067119e+02	0.00000000000000e+00	1
2	17	7	12	5.00000000000000e-02	0.00000000000000e+00	0.00000000000000e+00	0.00000000000000e+00	3.24066935545114e+01	0.00000000000000e+00	3.87463068751169e+02	0.00000000000000e+00	1
3	18	8	13	5.00000000000000e-02	0.00000000000000e+00	0.00000000000000e+00	0.00000000000000e+00	3.23151300517363e+01	0.00000000000000e+00	3.60279332914205e+02	0.00000000000000e+00	1
4	19	9	14	5.00000000000000e-02	0.00000000000000e+00	0.00000000000000e+00	0.00000000000000e+00	3.24636969984720e+01	0.00000000000000e+00	4.00370832126548e+02	0.00000000000000e+00	1
5	20	10	15	5.00000000000000e-02	0.00000000000000e+00	0.00000000000000e+00	0.00000000000000e+00	3.26992365599261e+01	0.00000000000000e+00	4.26478788672173e+02	0.00000000000000e+00	1
6	21	11	16	5.00000000000000e-02	0.00000000000000e+00	0.00000000000000e+00	0.00000000000000e+00	3.27410887368090e+01	0.00000000000000e+00	4.13476421995882e+02	0.00000000000000e+00	1
7	22	12	17	5.00000000000000e-02	0.00000000000000e+00	0.00000000000000e+00	0.00000000000000e+00	3.27810136786295e+01	0.00000000000000e+00	4.17011646062141e+02	0.00000000000000e+00	1
8	23	13	18	5.00000000000000e-02	0.00000000000000e+00	0.00000000000000e+00	0.00000000000000e+00	3.29671109456062e+01	0.00000000000000e+00	4.04018857496228e+02	0.00000000000000e+00	1
9	24	14	19	5.00000000000000e-02	0.00000000000000e+00	0.00000000000000e+00	0.00000000000000e+00	3.28961587629052e+01	0.00000000000000e+00	4.11263325198873e+02	0.00000000000000e+00	1
10	25	15	20	5.00000000000000e-02	0.00000000000000e+00	0.00000000000000e+00	0.00000000000000e+00	3.27232481476538e+01	0.00000000000000e+00	4.23887977560146e+02	0.00000000000000e+00	1
11	26	16	21	5.00000000000000e-02	0.00000000000000e+00	0.00000000000000e+00	0.00000000000000e+00	3.27340747146718e+01	0.00000000000000e+00	4.66539771417803e+02	0.00000000000000e+00	1
12	27	17	22	5.00000000000000e-02	0.00000000000000e+00	0.00000000000000e+00	0.00000000000000e+00	3.28617410994613e+01	0.00000000000000e+00	3.72958729364687e+02	0.00000000000000e+00	1
13	28	18	23	5.00000000000000e-02	0.00000000000000e+00	0.00000000000000e+00	0.00000000000000e+00	3.29859791818637e+01	0.00000000000000e+00	4.36706920031269e+02	0.00000000000000e+00	1
14	29	19	24	5.00000000000000e-02	0.00000000000000e+00	0.00000000000000e+00	0.00000000000000e+00	3.32448089398682e+01	0.00000000000000e+00	4.66666402181308e+02	0.00000000000000e+00	1
15	30	20	25	5.00000000000000e-02	0.00000000000000e+00	0.00000000000000e+00	0.00000000000000e+00	3.36156072223007e+01	0.00000000000000e+00	4.29874332906511e+02	0.00000000000000e+00	1
16	31	21	26	5.00000000000000e-02	0.00000000000000e+00	0.00000000000000e+00	0.00000000000000e+00	3.36768273569369e+01	0.00000000000000e+00	4.57210292568713e+02	0.00000000000000e+00	1
17	32	22	27	5.00000000000000e-02	0.00000000000000e+00	0.00000000000000e+00	0.00000000000000e+00	3.35627510714695e+01	0.00000000000000e+00	4.29513763118833e+02	0.00000000000000e+00	1
18	33	23	28	5.00000000000000e-02	0.00000000000000e+00	0.00000000000000e+00	0.00000000000000e+00	3.28636634015919e+01	0.00000000000000e+00	4.05755947240703e+02	0.00000000000000e+00	1
19	34	24	29	5.00000000000000e-02	0.00000000000000e+00	0.00000000000000e+00	0.00000000000000e+00	3.19752952851855e+01	0.00000000000000e+00	3.60473779879477e+02	0.00000000000000e+00	1
20	35	25	30	5.00000000000000e-02	0.00000000000000e+00	0.00000000000000e+00	0.00000000000000e+00	3.19225412120631e+01	0.00000000000000e+00	3.55426947532330e+02	0.00000000000000e+00	1
21	36	26	31	5.00000000000000e-02	0.00000000000000e+00	0.00000000000000e+00	0.00000000000000e+00	3.29522898787699e+01	0.00000000000000e+00	3.82854386829299e+02	0.00000000000000e+00	1
22	37	27	32	5.00000000000000e-02	0.00000000000000e+00	0.00000000000000e+00	0.00000000000000e+00	3.49844849309440e+01	0.00000000000000e+00	4.70638815952261e+02	0.00000000000000e+00	1
23	38	28	33	5.00000000000000e-02	0.00000000000000e+00	0.00000000000000e+00	0.00000000000000e+00	3.73116648810422e+01	0.00000000000000e+00	5.27688814631416e+02	0.00000000000000e+00	1
24	39	29	34	5.00000000000000e-02	0.00000000000000e+00	0.00000000000000e+00	0.00000000000000e+00	3.83192908737801e+01	0.00000000000000e+00	5.36973925447753e+02	0.00000000000000e+00	1
25	40	30	35	5.00000000000000e-02	0.00000000000000e+00	0.00000000000000e+00	0.00000000000000e+00	3.82126185682576e+01	0.00000000000000e+00	6.00806838858077e+02	0.00000000000000e+00	1
26	41	31	36	5.00000000000000e-02	0.00000000000000e+00	0.00000000000000e+00	0.00000000000000e+00	3.76785044641915e+01	0.00000000000000e+00	5.76729891663025e+02	0.00000000000000e+00	1
27	42	32	37	5.00000000000000e-02	0.00000000000000e+00	0.00000000000000e+00	0.00000000000000e+00	3.70994427725036e+01	0.00000000000000e+00	5.03053209330874e+02	0.00000000000000e+00	1
28	43	33	38	5.00000000000000e-02	0.00000000000000e+00	0.00000000000000e+00	0.00000000000000e+00	3.50633635168172e+01	0.00000000000000e+00	4.42859807423510e+02	0.00000000000000e+00	1
29	44	34	39	5.00000000000000e-02	0.00000000000000e+00	0.00000000000000e+00	0.00000000000000e+00	3.34610761212019e+01	0.00000000000000e+00	4.35080043763835e+02	0.00000000000000e+00	1
30	45	35	40	5.00000000000000e-02	0.00000000000000e+00	0.00000000000000e+00	0.00000000000000e+00	3.28448366655687e+01	0.00000000000000e+00	3.87869034095205e+02	0.00000000000000e+00	1
31	46	36	41	5.00000000000000e-02	0.00000000000000e+00	0.00000000000000e+00	0.00000000000000e+00	3.34877761017547e+01	0.00000000000000e+00	4.17061501978339e+02	0.00000000000000e+00	1
32	47	37	42	5.00000000000000e-02	0.00000000000000e+00	0.00000000000000e+00	0.00000000000000e+00	3.45202818677772e+01	0.00000000000000e+00	4.02576948994432e+02	0.00000000000000e+00	1
33	48	38	43	5.00000000000000e-02	0.00000000000000e+00	0.00000000000000e+00	0.00000000000000e+00	3.60775231087222e+01	0.00000000000000e+00	4.20257257872361e+02	0.00000000000000e+00	1
34	49	39	44	5.00000000000000e-02	0.00000000000000e+00	0.00000000000000e+00	0.00000000000000e+00	3.63497521066591e+01	0.00000000000000e+00	4.45961663578279e+02	0.00000000000000e+00	1
35	50	40	45	5.00000000000000e-02	0.00000000000000e+00	0.00000000000000e+00	0.00000000000000e+00	3.57649904383664e+01	0.00000000000000e+00	4.67187061665704e+02	0.00000000000000e+00	1
36	51	41	46	5.00000000000000e-02	0.00000000000000e+00	0.00000000000000e+00	0.00000000000000e+00	3.55786088307713e+01	0.00000000000000e+00	4.22257674169024e+02	0.00000000000000e+00	1
37	52	42	47	5.00000000000000e-02	0.00000000000000e+00	0.00000000000000e+00	0.00000000000000e+00	3.58059530109755e+01	0.00000000000000e+00	4.74777928659179e+02	0.00000000000000e+00	1
38	53	43	48	5.00000000000000e-02	0.00000000000000e+00	0.00000000000000e+00	0.00000000000000e+00	3.55177344663882e+01	0.00000000000000e+00	4.42669726901912e+02	0.00000000000000e+00	1
39	54	44	49	5.00000000000000e-02	0.00000000000000e+00	0.00000000000000e+00	0.00000000000000e+00	3.55454468072466e+01	0.00000000000000e+00	4.08718562965884e+02	0.00000000000000e+00	1
40	55	45	50	5.00000000000000e-02	0.00000000000000e+00	0.00000000000000e+00	0.00000000000000e+00	3.58660265546722e+01	0.00000000000000e+00	3.90702204546166e+02	0.00000000000000e+00	1
41	56	46	51	5.00000000000000e-02	0.00000000000000e+00	0.00000000000000e+00	0.00000000000000e+00	3.57482089355455e+01	0.00000000000000e+00	4.69769988715085e+02	0.00000000000000e+00	1
42	57	47	52	5.00000000000000e-02	0.00000000000000e+00	0.00000000000000e+00	0.00000000000000e+00	3.53565193151337e+01	0.00000000000000e+00	4.18630598856928e+02	0.00000000000000e+00	1
43	58	48	53	5.00000000000000e-02	0.00000000000000e+00	0.00000000000000e+00	0.00000000000000e+00	3.51710669838562e+01	0.00000000000000e+00	4.42484573067653e+02	0.00000000000000e+00	1
44	59	49	54	5.00000000000000e-02	0.00000000000000e+00	0.00000000000000e+00	0.00000000000000e+00	3.49650770921207e+01	0.00000000000000e+00	3.87281301652136e+02	0.00000000000000e+00	1
45	60	50	55	5.00000000000000e-02	0.00000000000000e+00	0.00000000000000e+00	0.00000000000000e+00	3.46821914908662e+01	0.00000000000000e+00	3.88757543361097e+02	0.00000000000000e+00	1
46	61	51	56	5.00000000000000e-02	0.00000000000000e+00	0.00000000000000e+00	0.00000000000000e+00	3.47743082784991e+01	0.00000000000000e+00	3.80103899811838e+02	0.00000000000000e+00	1
47	62	52	57	5.00000000000000e-02	0.00000000000000e+00	0.00000000000000e+00	0.00000000000000e+00	3.48983060384499e+01	0.00000000000000e+00	4.08629340964036e+02	0.00000000000000e+00	1
48	63	53	58	5.00000000000000e-02	0.00000000000000e+00	0.00000000000000e+00	0.00000000000000e+00	3.48947601235571e+01	0.00000000000000e+00	4.08796098642600e+02	0.00000000000000e+00	1
49	64	54	59	5.00000000000000e-02	0.00000000000000e+00	0.00000000000000e+00	0.00000000000000e+00	3.47351326205462e+01	0.00000000000000e+00	4.12181728865396e+02	0.00000000000000e+00	1
50	65	55	60	5.00000000000000e-02	0.00000000000000e+00	0.00000000000000e+00	0.00000000000000e+00	3.43924915217217e+01	0.00000000000000e+00	4.03975217559300e+02	0.00000000000000e+00	1
51	66	56	61	5.00000000000000e-02	0.00000000000000e+00	0.00000000000000e+00	0.00000000000000e+00	3.41102633360481e+01	0.00000000000000e+00	3.92375593712321e+02	0.00000000000000e+00	1
52	67	57	62	5.00000000000000e-02	0.00000000000000e+00	0.00000000000000e+00	0.00000000000000e+00	3.39097915121739e+01	0.00000000000000e+00	3.90450745334827e+02	0.00000000000000e+00	1
53	68	58	63	5.00000000000000e-02	0.00000000000000e+00	0.00000000000000e+00	0.00000000000000e+00	3.36723968914143e+01	0.00000000000000e+00	4.13915562596256e+02	0.00000000000000e+00	1
54	69	59	64	5.00000000000000e-02	0.00000000000000e+00	0.00000000000000e+00	0.00000000000000e+00	3.37181204530906e+01	0.00000000000000e+00	3.65359138043296e+02	0.00000000000000e+00	1
55	70	60	65	5.00000000000000e-02	0.00000000000000e+00	0.00000000000000e+00	0.00000000000000e+00	3.39978716754822e+01	0.00000000000000e+00	3.34523322714028e+02	0.00000000000000e+00	1
56	71	61	66	5.00000000000000e-02	0.00000000000000e+00	0.00000000000000e+00	0.00000000000000e+00	3.38231694413796e+01	0.00000000000000e+00	4.05715391285865e+02	0.00000000000000e+00	1
57	72	62	67	5.00000000000000e-02	0.00000000000000e+00	0.00000000000000e+00	0.00000000000000e+00	3.35599585086863e+01	0.00000000000000e+00	3.52317185478937e+02	0.00000000000000e+00	1
1	19	7	13	5.00000000000000e-02	0.00000000000000e+00	0.00000000000000e+00	0.00000000000000e+00	3.89970622240606e+01	0.00000000000000e+00	4.40004157623299e+02	0.00000000000000e+00	1
2	20	8	14	5.00000000000000e-02	0.00000000000000e+00	0.00000000000000e+00	0.00000000000000e+00	3.89405485791504e+01	0.00000000000000e+00	4.16379275532179e+02	0.00000000000000e+00	1
3	21	9	15	5.00000000000000e-02	0.00000000000000e+00	0.00000000000000e+00	0.00000000000000e+00	3.91632686779961e+01	0.00000000000000e+00	4.39830688623510e+02	0.00000000000000e+00	1
4	22	10	16	5.00000000000000e-02	0.00000000000000e+00	0.00000000000000e+00	0.00000000000000e+00	3.93335545150175e+01	0.00000000000000e+00	3.95489556823123e+02	0.00000000000000e+00	1
5	23	11	17	5.00000000000000e-02	0.00000000000000e+00	0.00000000000000e+00	0.00000000000000e+00	3.93554365160074e+01	0.00000000000000e+00	3.75415236652881e+02	0.00000000000000e+00	1
6	24	12	18	5.00000000000000e-02	0.00000000000000e+00	0.00000000000000e+00	0.00000000000000e+00	3.94091451414979e+01	0.00000000000000e+00	4.05501127279064e+02	0.00000000000000e+00	1
7	25	13	19	5.00000000000000e-02	0.00000000000000e+00	0.00000000000000e+00	0.00000000000000e+00	3.93216896867124e+01	0.00000000000000e+00	4.44480415689442e+02	0.00000000000000e+00	1
8	26	14	20	5.00000000000000e-02	0.00000000000000e+00	0.00000000000000e+00	0.00000000000000e+00	3.93743575534098e+01	0.00000000000000e+00	4.29498925725635e+02	0.00000000000000e+00	1
9	27	15	21	5.00000000000000e-02	0.00000000000000e+00	0.00000000000000e+00	0.00000000000000e+00	3.93548581452452e+01	0.00000000000000e+00	4.15563794500005e+02	0.00000000000000e+00	1
10	28	16	22	5.00000000000000e-02	0.00000000000000e+00	0.00000000000000e+00	0.00000000000000e+00	3.94772115673394e+01	0.00000000000000e+00	4.64516092497768e+02	0.00000000000000e+00	1
11	29	17	23	5.00000000000000e-02	0.00000000000000e+00	0.00000000000000e+00	0.00000000000000e+00	3.96425410819391e+01	0.00000000000000e+00	4.42692003425609e+02	0.00000000000000e+00	1
12	30	18	24	5.00000000000000e-02	0.00000000000000e+00	0.00000000000000e+00	0.00000000000000e+00	3.98534922852493e+01	0.00000000000000e+00	4.16377329444525e+02	0.00000000000000e+00	1
13	31	19	25	5.00000000000000e-02	0.00000000000000e+00	0.00000000000000e+00	0.00000000000000e+00	3.99603289385125e+01	0.00000000000000e+00	3.89576379781636e+02	0.00000000000000e+00	1
14	32	20	26	5.00000000000000e-02	0.00000000000000e+00	0.00000000000000e+00	0.00000000000000e+00	4.00763901025435e+01	0.00000000000000e+00	4.41912240525735e+02	0.00000000000000e+00	1
15	33	21	27	5.00000000000000e-02	0.00000000000000e+00	0.00000000000000e+00	0.00000000000000e+00	3.94772442039454e+01	0.00000000000000e+00	3.95529933212878e+02	0.00000000000000e+00	1
16	34	22	28	5.00000000000000e-02	0.00000000000000e+00	0.00000000000000e+00	0.00000000000000e+00	3.85757375194481e+01	0.00000000000000e+00	3.58754091855546e+02	0.00000000000000e+00	1
17	35	23	29	5.00000000000000e-02	0.00000000000000e+00	0.00000000000000e+00	0.00000000000000e+00	3.82416062736866e+01	0.00000000000000e+00	3.58580456952069e+02	0.00000000000000e+00	1
18	36	24	30	5.00000000000000e-02	0.00000000000000e+00	0.00000000000000e+00	0.00000000000000e+00	3.88472654842764e+01	0.00000000000000e+00	3.78487179982178e+02	0.00000000000000e+00	1
19	37	25	31	5.00000000000000e-02	0.00000000000000e+00	0.00000000000000e+00	0.00000000000000e+00	4.01495506032724e+01	0.00000000000000e+00	3.83286470890540e+02	0.00000000000000e+00	1
20	38	26	32	5.00000000000000e-02	0.00000000000000e+00	0.00000000000000e+00	0.00000000000000e+00	4.25687327616522e+01	0.00000000000000e+00	4.25598614024146e+02	0.00000000000000e+00	1
21	39	27	33	5.00000000000000e-02	0.00000000000000e+00	0.00000000000000e+00	0.00000000000000e+00	4.45026816591854e+01	0.00000000000000e+00	4.94500278820496e+02	0.00000000000000e+00	1
22	40	28	34	5.00000000000000e-02	0.00000000000000e+00	0.00000000000000e+00	0.00000000000000e+00	4.55215573319911e+01	0.00000000000000e+00	5.85755573016399e+02	0.00000000000000e+00	1
23	41	29	35	5.00000000000000e-02	0.00000000000000e+00	0.00000000000000e+00	0.00000000000000e+00	4.51947418776405e+01	0.00000000000000e+00	5.69842764886209e+02	0.00000000000000e+00	1
24	42	30	36	5.00000000000000e-02	0.00000000000000e+00	0.00000000000000e+00	0.00000000000000e+00	4.55158209719533e+01	0.00000000000000e+00	5.89867373347721e+02	0.00000000000000e+00	1
25	43	31	37	5.00000000000000e-02	0.00000000000000e+00	0.00000000000000e+00	0.00000000000000e+00	4.51604324754285e+01	0.00000000000000e+00	5.63435405682856e+02	0.00000000000000e+00	1
26	44	32	38	5.00000000000000e-02	0.00000000000000e+00	0.00000000000000e+00	0.00000000000000e+00	4.41042249017332e+01	0.00000000000000e+00	5.52298636284416e+02	0.00000000000000e+00	1
27	45	33	39	5.00000000000000e-02	0.00000000000000e+00	0.00000000000000e+00	0.00000000000000e+00	4.25186917249692e+01	0.00000000000000e+00	4.75991688813057e+02	0.00000000000000e+00	1
28	46	34	40	5.00000000000000e-02	0.00000000000000e+00	0.00000000000000e+00	0.00000000000000e+00	4.06400328593264e+01	0.00000000000000e+00	4.32633087059480e+02	0.00000000000000e+00	1
29	47	35	41	5.00000000000000e-02	0.00000000000000e+00	0.00000000000000e+00	0.00000000000000e+00	3.97956194178577e+01	0.00000000000000e+00	4.03770899252137e+02	0.00000000000000e+00	1
30	48	36	42	5.00000000000000e-02	0.00000000000000e+00	0.00000000000000e+00	0.00000000000000e+00	3.95496185295944e+01	0.00000000000000e+00	3.81520984813658e+02	0.00000000000000e+00	1
31	49	37	43	5.00000000000000e-02	0.00000000000000e+00	0.00000000000000e+00	0.00000000000000e+00	4.01105549994827e+01	0.00000000000000e+00	4.14016423389402e+02	0.00000000000000e+00	1
32	50	38	44	5.00000000000000e-02	0.00000000000000e+00	0.00000000000000e+00	0.00000000000000e+00	4.16863939286509e+01	0.00000000000000e+00	4.04376818039962e+02	0.00000000000000e+00	1
33	51	39	45	5.00000000000000e-02	0.00000000000000e+00	0.00000000000000e+00	0.00000000000000e+00	4.27426916835632e+01	0.00000000000000e+00	4.02259978224580e+02	0.00000000000000e+00	1
34	52	40	46	5.00000000000000e-02	0.00000000000000e+00	0.00000000000000e+00	0.00000000000000e+00	4.31465744276110e+01	0.00000000000000e+00	4.44601276040612e+02	0.00000000000000e+00	1
35	53	41	47	5.00000000000000e-02	0.00000000000000e+00	0.00000000000000e+00	0.00000000000000e+00	4.25940469087871e+01	0.00000000000000e+00	4.75446210543757e+02	0.00000000000000e+00	1
36	54	42	48	5.00000000000000e-02	0.00000000000000e+00	0.00000000000000e+00	0.00000000000000e+00	4.26796489167894e+01	0.00000000000000e+00	4.58010632787866e+02	0.00000000000000e+00	1
37	55	43	49	5.00000000000000e-02	0.00000000000000e+00	0.00000000000000e+00	0.00000000000000e+00	4.27794347475646e+01	0.00000000000000e+00	4.61105808415644e+02	0.00000000000000e+00	1
38	56	44	50	5.00000000000000e-02	0.00000000000000e+00	0.00000000000000e+00	0.00000000000000e+00	4.26662728647145e+01	0.00000000000000e+00	4.50596254047071e+02	0.00000000000000e+00	1
39	57	45	51	5.00000000000000e-02	0.00000000000000e+00	0.00000000000000e+00	0.00000000000000e+00	4.23975561185862e+01	0.00000000000000e+00	4.48940033754725e+02	0.00000000000000e+00	1
40	58	46	52	5.00000000000000e-02	0.00000000000000e+00	0.00000000000000e+00	0.00000000000000e+00	4.22762317379946e+01	0.00000000000000e+00	4.17077523935247e+02	0.00000000000000e+00	1
41	59	47	53	5.00000000000000e-02	0.00000000000000e+00	0.00000000000000e+00	0.00000000000000e+00	4.21864288786103e+01	0.00000000000000e+00	4.45932734612876e+02	0.00000000000000e+00	1
42	60	48	54	5.00000000000000e-02	0.00000000000000e+00	0.00000000000000e+00	0.00000000000000e+00	4.22671457958788e+01	0.00000000000000e+00	4.43491676273348e+02	0.00000000000000e+00	1
43	61	49	55	5.00000000000000e-02	0.00000000000000e+00	0.00000000000000e+00	0.00000000000000e+00	4.20134358584761e+01	0.00000000000000e+00	3.82028893951453e+02	0.00000000000000e+00	1
44	62	50	56	5.00000000000000e-02	0.00000000000000e+00	0.00000000000000e+00	0.00000000000000e+00	4.16539553932862e+01	0.00000000000000e+00	3.90858869703376e+02	0.00000000000000e+00	1
45	63	51	57	5.00000000000000e-02	0.00000000000000e+00	0.00000000000000e+00	0.00000000000000e+00	4.18854492326589e+01	0.00000000000000e+00	4.23563811312176e+02	0.00000000000000e+00	1
46	64	52	58	5.00000000000000e-02	0.00000000000000e+00	0.00000000000000e+00	0.00000000000000e+00	4.16879652690418e+01	0.00000000000000e+00	4.10136415042403e+02	0.00000000000000e+00	1
47	65	53	59	5.00000000000000e-02	0.00000000000000e+00	0.00000000000000e+00	0.00000000000000e+00	4.16715270502066e+01	0.00000000000000e+00	4.08183859278037e+02	0.00000000000000e+00	1
48	66	54	60	5.00000000000000e-02	0.00000000000000e+00	0.00000000000000e+00	0.00000000000000e+00	4.11492629825832e+01	0.00000000000000e+00	3.94061449893358e+02	0.00000000000000e+00	1
49	67	55	61	5.00000000000000e-02	0.00000000000000e+00	0.00000000000000e+00	0.00000000000000e+00	4.12528887573187e+01	0.00000000000000e+00	3.82212657667812e+02	0.00000000000000e+00	1
50	68	56	62	5.00000000000000e-02	0.00000000000000e+00	0.00000000000000e+00	0.00000000000000e+00	4.11996013745599e+01	0.00000000000000e+00	4.03588071285620e+02	0.00000000000000e+00	1
51	69	57	63	5.00000000000000e-02	0.00000000000000e+00	0.00000000000000e+00	0.00000000000000e+00	4.07500630376890e+01	0.00000000000000e+00	4.00524366572959e+02	0.00000000000000e+00	1
52	70	58	64	5.00000000000000e-02	0.00000000000000e+00	0.00000000000000e+00	0.00000000000000e+00	4.07238441733709e+01	0.00000000000000e+00	3.84179996230466e+02	0.00000000000000e+00	1
53	71	59	65	5.00000000000000e-02	0.00000000000000e+00	0.00000000000000e+00	0.00000000000000e+00	4.04977883311851e+01	0.00000000000000e+00	3.94289753460121e+02	0.00000000000000e+00	1
54	72	60	66	5.00000000000000e-02	0.00000000000000e+00	0.00000000000000e+00	0.00000000000000e+00	4.06978002370976e+01	0.00000000000000e+00	3.90104379719858e+02	0.00000000000000e+00	1
1	22	8	15	5.00000000000000e-02	0.00000000000000e+00	0.00000000000000e+00	0.00000000000000e+00	4.56765152198758e+01	0.00000000000000e+00	3.70276769714126e+02	0.00000000000000e+00	1
2	23	9	16	5.00000000000000e-02	0.00000000000000e+00	0.00000000000000e+00	0.00000000000000e+00	4.57025517529349e+01	0.00000000000000e+00	3.78616974112419e+02	0.00000000000000e+00	1
3	24	10	17	5.00000000000000e-02	0.00000000000000e+00	0.00000000000000e+00	0.00000000000000e+00	4.57945459259978e+01	0.00000000000000e+00	4.18813624151029e+02	0.00000000000000e+00	1
4	25	11	18	5.00000000000000e-02	0.00000000000000e+00	0.00000000000000e+00	0.00000000000000e+00	4.59889086876917e+01	0.00000000000000e+00	4.29362733766703e+02	0.00000000000000e+00	1
5	26	12	19	5.00000000000000e-02	0.00000000000000e+00	0.00000000000000e+00	0.00000000000000e+00	4.59345471342849e+01	0.00000000000000e+00	4.41426798561127e+02	0.00000000000000e+00	1
6	27	13	20	5.00000000000000e-02	0.00000000000000e+00	0.00000000000000e+00	0.00000000000000e+00	4.59113781223384e+01	0.00000000000000e+00	4.04538840733872e+02	0.00000000000000e+00	1
7	28	14	21	5.00000000000000e-02	0.00000000000000e+00	0.00000000000000e+00	0.00000000000000e+00	4.59887633403720e+01	0.00000000000000e+00	4.63998971512068e+02	0.00000000000000e+00	1
8	29	15	22	5.00000000000000e-02	0.00000000000000e+00	0.00000000000000e+00	0.00000000000000e+00	4.60983564785359e+01	0.00000000000000e+00	3.88765341197220e+02	0.00000000000000e+00	1
9	30	16	23	5.00000000000000e-02	0.00000000000000e+00	0.00000000000000e+00	0.00000000000000e+00	4.63246846071611e+01	0.00000000000000e+00	4.37688543692357e+02	0.00000000000000e+00	1
10	31	17	24	5.00000000000000e-02	0.00000000000000e+00	0.00000000000000e+00	0.00000000000000e+00	4.63650320159295e+01	0.00000000000000e+00	4.24983239081800e+02	0.00000000000000e+00	1
11	32	18	25	5.00000000000000e-02	0.00000000000000e+00	0.00000000000000e+00	0.00000000000000e+00	4.63354367535622e+01	0.00000000000000e+00	4.27783245400238e+02	0.00000000000000e+00	1
12	33	19	26	5.00000000000000e-02	0.00000000000000e+00	0.00000000000000e+00	0.00000000000000e+00	4.58729959765868e+01	0.00000000000000e+00	3.67285043421744e+02	0.00000000000000e+00	1
13	34	20	27	5.00000000000000e-02	0.00000000000000e+00	0.00000000000000e+00	0.00000000000000e+00	4.50230404173343e+01	0.00000000000000e+00	3.80301940284078e+02	0.00000000000000e+00	1
14	35	21	28	5.00000000000000e-02	0.00000000000000e+00	0.00000000000000e+00	0.00000000000000e+00	4.44775380256270e+01	0.00000000000000e+00	3.61092536772978e+02	0.00000000000000e+00	1
15	36	22	29	5.00000000000000e-02	0.00000000000000e+00	0.00000000000000e+00	0.00000000000000e+00	4.47800104281487e+01	0.00000000000000e+00	3.84689961166247e+02	0.00000000000000e+00	1
16	37	23	30	5.00000000000000e-02	0.00000000000000e+00	0.00000000000000e+00	0.00000000000000e+00	4.56924617669413e+01	0.00000000000000e+00	4.27775811272165e+02	0.00000000000000e+00	1
17	38	24	31	5.00000000000000e-02	0.00000000000000e+00	0.00000000000000e+00	0.00000000000000e+00	4.75625550764715e+01	0.00000000000000e+00	4.18682689087396e+02	0.00000000000000e+00	1
18	39	25	32	5.00000000000000e-02	0.00000000000000e+00	0.00000000000000e+00	0.00000000000000e+00	5.00430537295197e+01	0.00000000000000e+00	4.41658480000284e+02	0.00000000000000e+00	1
19	40	26	33	5.00000000000000e-02	0.00000000000000e+00	0.00000000000000e+00	0.00000000000000e+00	5.19199948145582e+01	0.00000000000000e+00	5.16650651849092e+02	0.00000000000000e+00	1
20	41	27	34	5.00000000000000e-02	0.00000000000000e+00	0.00000000000000e+00	0.00000000000000e+00	5.25983310179222e+01	0.00000000000000e+00	5.52879152929477e+02	0.00000000000000e+00	1
21	42	28	35	5.00000000000000e-02	0.00000000000000e+00	0.00000000000000e+00	0.00000000000000e+00	5.26083120369949e+01	0.00000000000000e+00	6.03629561301317e+02	0.00000000000000e+00	1
22	43	29	36	5.00000000000000e-02	0.00000000000000e+00	0.00000000000000e+00	0.00000000000000e+00	5.26857480053584e+01	0.00000000000000e+00	5.72863780224787e+02	0.00000000000000e+00	1
23	44	30	37	5.00000000000000e-02	0.00000000000000e+00	0.00000000000000e+00	0.00000000000000e+00	5.28380133126104e+01	0.00000000000000e+00	5.54540711027179e+02	0.00000000000000e+00	1
24	45	31	38	5.00000000000000e-02	0.00000000000000e+00	0.00000000000000e+00	0.00000000000000e+00	5.21206306285880e+01	0.00000000000000e+00	5.61966340087388e+02	0.00000000000000e+00	1
25	46	32	39	5.00000000000000e-02	0.00000000000000e+00	0.00000000000000e+00	0.00000000000000e+00	5.14144526355134e+01	0.00000000000000e+00	5.01195641268996e+02	0.00000000000000e+00	1
26	47	33	40	5.00000000000000e-02	0.00000000000000e+00	0.00000000000000e+00	0.00000000000000e+00	4.98004261757780e+01	0.00000000000000e+00	4.16426530054865e+02	0.00000000000000e+00	1
27	48	34	41	5.00000000000000e-02	0.00000000000000e+00	0.00000000000000e+00	0.00000000000000e+00	4.80247045620027e+01	0.00000000000000e+00	4.42972369572715e+02	0.00000000000000e+00	1
28	49	35	42	5.00000000000000e-02	0.00000000000000e+00	0.00000000000000e+00	0.00000000000000e+00	4.64007566371423e+01	0.00000000000000e+00	3.98263646903668e+02	0.00000000000000e+00	1
29	50	36	43	5.00000000000000e-02	0.00000000000000e+00	0.00000000000000e+00	0.00000000000000e+00	4.57640837148411e+01	0.00000000000000e+00	3.69959650180707e+02	0.00000000000000e+00	1
30	51	37	44	5.00000000000000e-02	0.00000000000000e+00	0.00000000000000e+00	0.00000000000000e+00	4.59941431243564e+01	0.00000000000000e+00	3.86291105377145e+02	0.00000000000000e+00	1
31	52	38	45	5.00000000000000e-02	0.00000000000000e+00	0.00000000000000e+00	0.00000000000000e+00	4.70568387676671e+01	0.00000000000000e+00	4.48956989484759e+02	0.00000000000000e+00	1
32	53	39	46	5.00000000000000e-02	0.00000000000000e+00	0.00000000000000e+00	0.00000000000000e+00	4.86062753184868e+01	0.00000000000000e+00	3.94775504027346e+02	0.00000000000000e+00	1
33	54	40	47	5.00000000000000e-02	0.00000000000000e+00	0.00000000000000e+00	0.00000000000000e+00	4.96485687512199e+01	0.00000000000000e+00	4.33103815435630e+02	0.00000000000000e+00	1
34	55	41	48	5.00000000000000e-02	0.00000000000000e+00	0.00000000000000e+00	0.00000000000000e+00	4.96810192322338e+01	0.00000000000000e+00	4.50869152975099e+02	0.00000000000000e+00	1
35	56	42	49	5.00000000000000e-02	0.00000000000000e+00	0.00000000000000e+00	0.00000000000000e+00	4.95267456380668e+01	0.00000000000000e+00	4.60840145455219e+02	0.00000000000000e+00	1
36	57	43	50	5.00000000000000e-02	0.00000000000000e+00	0.00000000000000e+00	0.00000000000000e+00	4.95703193136789e+01	0.00000000000000e+00	4.57540613002925e+02	0.00000000000000e+00	1
37	58	44	51	5.00000000000000e-02	0.00000000000000e+00	0.00000000000000e+00	0.00000000000000e+00	4.94777273077788e+01	0.00000000000000e+00	4.25769837774542e+02	0.00000000000000e+00	1
38	59	45	52	5.00000000000000e-02	0.00000000000000e+00	0.00000000000000e+00	0.00000000000000e+00	4.91622809845384e+01	0.00000000000000e+00	4.38062649623968e+02	0.00000000000000e+00	1
39	60	46	53	5.00000000000000e-02	0.00000000000000e+00	0.00000000000000e+00	0.00000000000000e+00	4.91510047291690e+01	0.00000000000000e+00	4.33288766208068e+02	0.00000000000000e+00	1
40	61	47	54	5.00000000000000e-02	0.00000000000000e+00	0.00000000000000e+00	0.00000000000000e+00	4.90771097855473e+01	0.00000000000000e+00	3.98857079499707e+02	0.00000000000000e+00	1
41	62	48	55	5.00000000000000e-02	0.00000000000000e+00	0.00000000000000e+00	0.00000000000000e+00	4.90793552053792e+01	0.00000000000000e+00	4.83607408973356e+02	0.00000000000000e+00	1
42	63	49	56	5.00000000000000e-02	0.00000000000000e+00	0.00000000000000e+00	0.00000000000000e+00	4.89117044979955e+01	0.00000000000000e+00	4.51037763281907e+02	0.00000000000000e+00	1
43	64	50	57	5.00000000000000e-02	0.00000000000000e+00	0.00000000000000e+00	0.00000000000000e+00	4.87436548432814e+01	0.00000000000000e+00	4.28983618930689e+02	0.00000000000000e+00	1
44	65	51	58	5.00000000000000e-02	0.00000000000000e+00	0.00000000000000e+00	0.00000000000000e+00	4.86481705471232e+01	0.00000000000000e+00	4.01590241490604e+02	0.00000000000000e+00	1
45	66	52	59	5.00000000000000e-02	0.00000000000000e+00	0.00000000000000e+00	0.00000000000000e+00	4.85359265218865e+01	0.00000000000000e+00	4.12687822686943e+02	0.00000000000000e+00	1
46	67	53	60	5.00000000000000e-02	0.00000000000000e+00	0.00000000000000e+00	0.00000000000000e+00	4.83345907666920e+01	0.00000000000000e+00	4.20027655670613e+02	0.00000000000000e+00	1
47	68	54	61	5.00000000000000e-02	0.00000000000000e+00	0.00000000000000e+00	0.00000000000000e+00	4.81204900388364e+01	0.00000000000000e+00	3.98966011563446e+02	0.00000000000000e+00	1
48	69	55	62	5.00000000000000e-02	0.00000000000000e+00	0.00000000000000e+00	0.00000000000000e+00	4.81631912738734e+01	0.00000000000000e+00	4.55696058900232e+02	0.00000000000000e+00	1
49	70	56	63	5.00000000000000e-02	0.00000000000000e+00	0.00000000000000e+00	0.00000000000000e+00	4.79400792126385e+01	0.00000000000000e+00	4.10772126864624e+02	0.00000000000000e+00	1
50	71	57	64	5.00000000000000e-02	0.00000000000000e+00	0.00000000000000e+00	0.00000000000000e+00	4.77244931348432e+01	0.00000000000000e+00	4.16009294923355e+02	0.00000000000000e+00	1
51	72	58	65	5.00000000000000e-02	0.00000000000000e+00	0.00000000000000e+00	0.00000000000000e+00	4.75977218990804e+01	0.00000000000000e+00	4.18820388095940e+02	0.00000000000000e+00	1
1	25	9	17	5.00000000000000e-02	0.00000000000000e+00	0.00000000000000e+00	0.00000000000000e+00	5.23166237507510e+01	0.00000000000000e+00	4.83952737933417e+02	0.00000000000000e+00	1
2	26	10	18	5.00000000000000e-02	0.00000000000000e+00	0.00000000000000e+00	0.00000000000000e+00	5.25357885928472e+01	0.00000000000000e+00	4.68261295074191e+02	0.00000000000000e+00	1
3	27	11	19	5.00000000000000e-02	0.00000000000000e+00	0.00000000000000e+00	0.00000000000000e+00	5.25644967671907e+01	0.00000000000000e+00	4.44738853227442e+02	0.00000000000000e+00	1
4	28	12	20	5.00000000000000e-02	0.00000000000000e+00	0.00000000000000e+00	0.00000000000000e+00	5.25653515981622e+01	0.00000000000000e+00	3.89875007826909e+02	0.00000000000000e+00	1
5	29	13	21	5.00000000000000e-02	0.00000000000000e+00	0.00000000000000e+00	0.00000000000000e+00	5.25262201372655e+01	0.00000000000000e+00	4.44629074446321e+02	0.00000000000000e+00	1
6	30	14	22	5.00000000000000e-02	0.00000000000000e+00	0.00000000000000e+00	0.00000000000000e+00	5.27280089520539e+01	0.00000000000000e+00	4.33732512961061e+02	0.00000000000000e+00	1
7	31	15	23	5.00000000000000e-02	0.00000000000000e+00	0.00000000000000e+00	0.00000000000000e+00	5.27391237481305e+01	0.00000000000000e+00	4.25814360317036e+02	0.00000000000000e+00	1
8	32	16	24	5.00000000000000e-02	0.00000000000000e+00	0.00000000000000e+00	0.00000000000000e+00	5.29843355241461e+01	0.00000000000000e+00	4.13748476405372e+02	0.00000000000000e+00	1
9	33	17	25	5.00000000000000e-02	0.00000000000000e+00	0.00000000000000e+00	0.00000000000000e+00	5.23552618280949e+01	0.00000000000000e+00	3.66068856272623e+02	0.00000000000000e+00	1
10	34	18	26	5.00000000000000e-02	0.00000000000000e+00	0.00000000000000e+00	0.00000000000000e+00	5.12794850564589e+01	0.00000000000000e+00	3.58155536526978e+02	0.00000000000000e+00	1
11	35	19	27	5.00000000000000e-02	0.00000000000000e+00	0.00000000000000e+00	0.00000000000000e+00	5.05679593215476e+01	0.00000000000000e+00	3.63732599407101e+02	0.00000000000000e+00	1
12	36	20	28	5.00000000000000e-02	0.00000000000000e+00	0.00000000000000e+00	0.00000000000000e+00	5.07002027937502e+01	0.00000000000000e+00	3.92497114418823e+02	0.00000000000000e+00	1
13	37	21	29	5.00000000000000e-02	0.00000000000000e+00	0.00000000000000e+00	0.00000000000000e+00	5.14201526870752e+01	0.00000000000000e+00	3.56201091994049e+02	0.00000000000000e+00	1
14	38	22	30	5.00000000000000e-02	0.00000000000000e+00	0.00000000000000e+00	0.00000000000000e+00	5.29375929406271e+01	0.00000000000000e+00	4.17812849863686e+02	0.00000000000000e+00	1
15	39	23	31	5.00000000000000e-02	0.00000000000000e+00	0.00000000000000e+00	0.00000000000000e+00	5.48341883805895e+01	0.00000000000000e+00	3.72090747400222e+02	0.00000000000000e+00	1
16	40	24	32	5.00000000000000e-02	0.00000000000000e+00	0.00000000000000e+00	0.00000000000000e+00	5.72148291792209e+01	0.00000000000000e+00	4.86952862045921e+02	0.00000000000000e+00	1
17	41	25	33	5.00000000000000e-02	0.00000000000000e+00	0.00000000000000e+00	0.00000000000000e+00	5.88787176740342e+01	0.00000000000000e+00	5.35776638343670e+02	0.00000000000000e+00	1
18	42	26	34	5.00000000000000e-02	0.00000000000000e+00	0.00000000000000e+00	0.00000000000000e+00	6.00392266008970e+01	0.00000000000000e+00	5.73607571523297e+02	0.00000000000000e+00	1
19	43	27	35	5.00000000000000e-02	0.00000000000000e+00	0.00000000000000e+00	0.00000000000000e+00	6.00609116958927e+01	0.00000000000000e+00	5.89308615843726e+02	0.00000000000000e+00	1
20	44	28	36	5.00000000000000e-02	0.00000000000000e+00	0.00000000000000e+00	0.00000000000000e+00	6.02820124104506e+01	0.00000000000000e+00	6.02362924104903e+02	0.00000000000000e+00	1
21	45	29	37	5.00000000000000e-02	0.00000000000000e+00	0.00000000000000e+00	0.00000000000000e+00	6.03440783345940e+01	0.00000000000000e+00	6.03182096935391e+02	0.00000000000000e+00	1
22	46	30	38	5.00000000000000e-02	0.00000000000000e+00	0.00000000000000e+00	0.00000000000000e+00	5.97111809628457e+01	0.00000000000000e+00	5.38773222122391e+02	0.00000000000000e+00	1
23	47	31	39	5.00000000000000e-02	0.00000000000000e+00	0.00000000000000e+00	0.00000000000000e+00	5.90997459036389e+01	0.00000000000000e+00	5.59127876466155e+02	0.00000000000000e+00	1
24	48	32	40	5.00000000000000e-02	0.00000000000000e+00	0.00000000000000e+00	0.00000000000000e+00	5.83979628058417e+01	0.00000000000000e+00	5.41579963929191e+02	0.00000000000000e+00	1
25	49	33	41	5.00000000000000e-02	0.00000000000000e+00	0.00000000000000e+00	0.00000000000000e+00	5.70692823253731e+01	0.00000000000000e+00	4.52934907543534e+02	0.00000000000000e+00	1
26	50	34	42	5.00000000000000e-02	0.00000000000000e+00	0.00000000000000e+00	0.00000000000000e+00	5.48693764143188e+01	0.00000000000000e+00	4.02058752776426e+02	0.00000000000000e+00	1
27	51	35	43	5.00000000000000e-02	0.00000000000000e+00	0.00000000000000e+00	0.00000000000000e+00	5.32777634045689e+01	0.00000000000000e+00	4.14361254526298e+02	0.00000000000000e+00	1
28	52	36	44	5.00000000000000e-02	0.00000000000000e+00	0.00000000000000e+00	0.00000000000000e+00	5.23490575188401e+01	0.00000000000000e+00	4.11427197738481e+02	0.00000000000000e+00	1
29	53	37	45	5.00000000000000e-02	0.00000000000000e+00	0.00000000000000e+00	0.00000000000000e+00	5.20120064339172e+01	0.00000000000000e+00	3.94434999136237e+02	0.00000000000000e+00	1
30	54	38	46	5.00000000000000e-02	0.00000000000000e+00	0.00000000000000e+00	0.00000000000000e+00	5.26800644742943e+01	0.00000000000000e+00	3.88788136061032e+02	0.00000000000000e+00	1
31	55	39	47	5.00000000000000e-02	0.00000000000000e+00	0.00000000000000e+00	0.00000000000000e+00	5.37674322639688e+01	0.00000000000000e+00	4.22197573112904e+02	0.00000000000000e+00	1
32	56	40	48	5.00000000000000e-02	0.00000000000000e+00	0.00000000000000e+00	0.00000000000000e+00	5.53231291501886e+01	0.00000000000000e+00	3.75819139758035e+02	0.00000000000000e+00	1
33	57	41	49	5.00000000000000e-02	0.00000000000000e+00	0.00000000000000e+00	0.00000000000000e+00	5.60224821814436e+01	0.00000000000000e+00	4.20799983076389e+02	0.00000000000000e+00	1
34	58	42	50	5.00000000000000e-02	0.00000000000000e+00	0.00000000000000e+00	0.00000000000000e+00	5.66760790219990e+01	0.00000000000000e+00	4.55019447006715e+02	0.00000000000000e+00	1
35	59	43	51	5.00000000000000e-02	0.00000000000000e+00	0.00000000000000e+00	0.00000000000000e+00	5.60240926205618e+01	0.00000000000000e+00	4.58524369719458e+02	0.00000000000000e+00	1
36	60	44	52	5.00000000000000e-02	0.00000000000000e+00	0.00000000000000e+00	0.00000000000000e+00	5.61934482946289e+01	0.00000000000000e+00	4.01328247968102e+02	0.00000000000000e+00	1
37	61	45	53	5.00000000000000e-02	0.00000000000000e+00	0.00000000000000e+00	0.00000000000000e+00	5.62439173126350e+01	0.00000000000000e+00	4.57258729248317e+02	0.00000000000000e+00	1
38	62	46	54	5.00000000000000e-02	0.00000000000000e+00	0.00000000000000e+00	0.00000000000000e+00	5.59893300308111e+01	0.00000000000000e+00	4.34121790630904e+02	0.00000000000000e+00	1
39	63	47	55	5.00000000000000e-02	0.00000000000000e+00	0.00000000000000e+00	0.00000000000000e+00	5.59086712834160e+01	0.00000000000000e+00	4.35779933789791e+02	0.00000000000000e+00	1
40	64	48	56	5.00000000000000e-02	0.00000000000000e+00	0.00000000000000e+00	0.00000000000000e+00	5.57567036163258e+01	0.00000000000000e+00	4.49420511080203e+02	0.00000000000000e+00	1
41	65	49	57	5.00000000000000e-02	0.00000000000000e+00	0.00000000000000e+00	0.00000000000000e+00	5.58465968232918e+01	0.00000000000000e+00	4.16629527072652e+02	0.00000000000000e+00	1
42	66	50	58	5.00000000000000e-02	0.00000000000000e+00	0.00000000000000e+00	0.00000000000000e+00	5.53773260314802e+01	0.00000000000000e+00	4.56973109039023e+02	0.00000000000000e+00	1
43	67	51	59	5.00000000000000e-02	0.00000000000000e+00	0.00000000000000e+00	0.00000000000000e+00	5.57012327771336e+01	0.00000000000000e+00	4.43710430371115e+02	0.00000000000000e+00	1
44	68	52	60	5.00000000000000e-02	0.00000000000000e+00	0.00000000000000e+00	0.00000000000000e+00	5.53145587223704e+01	0.00000000000000e+00	4.77457844706539e+02	0.00000000000000e+00	1
45	69	53	61	5.00000000000000e-02	0.00000000000000e+00	0.00000000000000e+00	0.00000000000000e+00	5.53483154884298e+01	0.00000000000000e+00	4.10413973157122e+02	0.00000000000000e+00	1
46	70	54	62	5.00000000000000e-02	0.00000000000000e+00	0.00000000000000e+00	0.00000000000000e+00	5.51411488831318e+01	0.00000000000000e+00	3.96392695337973e+02	0.00000000000000e+00	1
47	71	55	63	5.00000000000000e-02	0.00000000000000e+00	0.00000000000000e+00	0.00000000000000e+00	5.48507640886253e+01	0.00000000000000e+00	4.35883840333758e+02	0.00000000000000e+00	1
48	72	56	64	5.00000000000000e-02	0.00000000000000e+00	0.00000000000000e+00	0.00000000000000e+00	5.47045607715130e+01	0.00000000000000e+00	4.21796557972191e+02	0.00000000000000e+00	1
1	28	10	19	5.00000000000000e-02	0.00000000000000e+00	0.00000000000000e+00	0.00000000000000e+00	5.93038529548500e+01	0.00000000000000e+00	4.26829142735210e+02	0.00000000000000e+00	1
2	29	11	20	5.00000000000000e-02	0.00000000000000e+00	0.00000000000000e+00	0.00000000000000e+00	5.91325686084397e+01	0.00000000000000e+00	3.88580230298713e+02	0.00000000000000e+00	1
3	30	12	21	5.00000000000000e-02	0.00000000000000e+00	0.00000000000000e+00	0.00000000000000e+00	5.91113869508278e+01	0.00000000000000e+00	4.16692605730991e+02	0.00000000000000e+00	1
4	31	13	22	5.00000000000000e-02	0.00000000000000e+00	0.00000000000000e+00	0.00000000000000e+00	5.91196952454324e+01	0.00000000000000e+00	4.34838538282668e+02	0.00000000000000e+00	1
5	32	14	23	5.00000000000000e-02	0.00000000000000e+00	0.00000000000000e+00	0.00000000000000e+00	5.93108130779979e+01	0.00000000000000e+00	3.78415449605540e+02	0.00000000000000e+00	1
6	33	15	24	5.00000000000000e-02	0.00000000000000e+00	0.00000000000000e+00	0.00000000000000e+00	5.88364949358945e+01	0.00000000000000e+00	3.83654218505780e+02	0.00000000000000e+00	1
7	34	16	25	5.00000000000000e-02	0.00000000000000e+00	0.00000000000000e+00	0.00000000000000e+00	5.78906688296969e+01	0.00000000000000e+00	3.42931873923208e+02	0.00000000000000e+00	1
8	35	17	26	5.00000000000000e-02	0.00000000000000e+00	0.00000000000000e+00	0.00000000000000e+00	5.70340790635166e+01	0.00000000000000e+00	3.11420612339540e+02	0.00000000000000e+00	1
9	36	18	27	5.00000000000000e-02	0.00000000000000e+00	0.00000000000000e+00	0.00000000000000e+00	5.66156106719146e+01	0.00000000000000e+00	3.38376894096441e+02	0.00000000000000e+00	1
10	37	19	28	5.00000000000000e-02	0.00000000000000e+00	0.00000000000000e+00	0.00000000000000e+00	5.69596347579376e+01	0.00000000000000e+00	3.54994391381121e+02	0.00000000000000e+00	1
11	38	20	29	5.00000000000000e-02	0.00000000000000e+00	0.00000000000000e+00	0.00000000000000e+00	5.82072586770082e+01	0.00000000000000e+00	3.95642700666511e+02	0.00000000000000e+00	1
12	39	21	30	5.00000000000000e-02	0.00000000000000e+00	0.00000000000000e+00	0.00000000000000e+00	6.00037149957338e+01	0.00000000000000e+00	4.02740557964848e+02	0.00000000000000e+00	1
13	40	22	31	5.00000000000000e-02	0.00000000000000e+00	0.00000000000000e+00	0.00000000000000e+00	6.21176968001477e+01	0.00000000000000e+00	4.39462541919012e+02	0.00000000000000e+00	1
14	41	23	32	5.00000000000000e-02	0.00000000000000e+00	0.00000000000000e+00	0.00000000000000e+00	6.42855910445906e+01	0.00000000000000e+00	4.34770416400701e+02	0.00000000000000e+00	1
15	42	24	33	5.00000000000000e-02	0.00000000000000e+00	0.00000000000000e+00	0.00000000000000e+00	6.61827905501261e+01	0.00000000000000e+00	4.87132161303155e+02	0.00000000000000e+00	1
16	43	25	34	5.00000000000000e-02	0.00000000000000e+00	0.00000000000000e+00	0.00000000000000e+00	6.70720221183521e+01	0.00000000000000e+00	5.48068081763978e+02	0.00000000000000e+00	1
17	44	26	35	5.00000000000000e-02	0.00000000000000e+00	0.00000000000000e+00	0.00000000000000e+00	6.72207160495343e+01	0.00000000000000e+00	6.29012175274934e+02	0.00000000000000e+00	1
18	45	27	36	5.00000000000000e-02	0.00000000000000e+00	0.00000000000000e+00	0.00000000000000e+00	6.78941877167948e+01	0.00000000000000e+00	5.67232270311177e+02	0.00000000000000e+00	1
19	46	28	37	5.00000000000000e-02	0.00000000000000e+00	0.00000000000000e+00	0.00000000000000e+00	6.80524726503856e+01	0.00000000000000e+00	5.74745497121453e+02	0.00000000000000e+00	1
20	47	29	38	5.00000000000000e-02	0.00000000000000e+00	0.00000000000000e+00	0.00000000000000e+00	6.72639606725761e+01	0.00000000000000e+00	5.85723987575754e+02	0.00000000000000e+00	1
21	48	30	39	5.00000000000000e-02	0.00000000000000e+00	0.00000000000000e+00	0.00000000000000e+00	6.67552600620891e+01	0.00000000000000e+00	5.94547758513834e+02	0.00000000000000e+00	1
22	49	31	40	5.00000000000000e-02	0.00000000000000e+00	0.00000000000000e+00	0.00000000000000e+00	6.59035980591026e+01	0.00000000000000e+00	5.17667143510911e+02	0.00000000000000e+00	1
23	50	32	41	5.00000000000000e-02	0.00000000000000e+00	0.00000000000000e+00	0.00000000000000e+00	6.53124118131235e+01	0.00000000000000e+00	5.54249819347163e+02	0.00000000000000e+00	1
24	51	33	42	5.00000000000000e-02	0.00000000000000e+00	0.00000000000000e+00	0.00000000000000e+00	6.39216145649156e+01	0.00000000000000e+00	4.60005178331492e+02	0.00000000000000e+00	1
25	52	34	43	5.00000000000000e-02	0.00000000000000e+00	0.00000000000000e+00	0.00000000000000e+00	6.20153339093350e+01	0.00000000000000e+00	4.82926673375597e+02	0.00000000000000e+00	1
26	53	35	44	5.00000000000000e-02	0.00000000000000e+00	0.00000000000000e+00	0.00000000000000e+00	6.01680801544069e+01	0.00000000000000e+00	4.25905788588186e+02	0.00000000000000e+00	1
27	54	36	45	5.00000000000000e-02	0.00000000000000e+00	0.00000000000000e+00	0.00000000000000e+00	5.87499474748003e+01	0.00000000000000e+00	3.98672325834997e+02	0.00000000000000e+00	1
28	55	37	46	5.00000000000000e-02	0.00000000000000e+00	0.00000000000000e+00	0.00000000000000e+00	5.81454786900309e+01	0.00000000000000e+00	3.58405113092720e+02	0.00000000000000e+00	1
29	56	38	47	5.00000000000000e-02	0.00000000000000e+00	0.00000000000000e+00	0.00000000000000e+00	5.84171612045619e+01	0.00000000000000e+00	3.69212584125811e+02	0.00000000000000e+00	1
30	57	39	48	5.00000000000000e-02	0.00000000000000e+00	0.00000000000000e+00	0.00000000000000e+00	5.91220815850320e+01	0.00000000000000e+00	3.80201620949820e+02	0.00000000000000e+00	1
31	58	40	49	5.00000000000000e-02	0.00000000000000e+00	0.00000000000000e+00	0.00000000000000e+00	6.04166896055581e+01	0.00000000000000e+00	3.92144987924754e+02	0.00000000000000e+00	1
32	59	41	50	5.00000000000000e-02	0.00000000000000e+00	0.00000000000000e+00	0.00000000000000e+00	6.18257287609290e+01	0.00000000000000e+00	4.19754683513521e+02	0.00000000000000e+00	1
33	60	42	51	5.00000000000000e-02	0.00000000000000e+00	0.00000000000000e+00	0.00000000000000e+00	6.28982091509686e+01	0.00000000000000e+00	4.36507444088315e+02	0.00000000000000e+00	1
34	61	43	52	5.00000000000000e-02	0.00000000000000e+00	0.00000000000000e+00	0.00000000000000e+00	6.30298198910368e+01	0.00000000000000e+00	4.10399623815839e+02	0.00000000000000e+00	1
35	62	44	53	5.00000000000000e-02	0.00000000000000e+00	0.00000000000000e+00	0.00000000000000e+00	6.26363609495281e+01	0.00000000000000e+00	4.81683197956002e+02	0.00000000000000e+00	1
36	63	45	54	5.00000000000000e-02	0.00000000000000e+00	0.00000000000000e+00	0.00000000000000e+00	6.30052325335965e+01	0.00000000000000e+00	4.14760850344330e+02	0.00000000000000e+00	1
37	64	46	55	5.00000000000000e-02	0.00000000000000e+00	0.00000000000000e+00	0.00000000000000e+00	6.30072132732510e+01	0.00000000000000e+00	4.23558640508575e+02	0.00000000000000e+00	1
38	65	47	56	5.00000000000000e-02	0.00000000000000e+00	0.00000000000000e+00	0.00000000000000e+00	6.26146147317154e+01	0.00000000000000e+00	4.49620125694285e+02	0.00000000000000e+00	1
39	66	48	57	5.00000000000000e-02	0.00000000000000e+00	0.00000000000000e+00	0.00000000000000e+00	6.26477311808450e+01	0.00000000000000e+00	4.59234270836549e+02	0.00000000000000e+00	1
40	67	49	58	5.00000000000000e-02	0.00000000000000e+00	0.00000000000000e+00	0.00000000000000e+00	6.24860300678605e+01	0.00000000000000e+00	4.77119490610425e+02	0.00000000000000e+00	1
41	68	50	59	5.00000000000000e-02	0.00000000000000e+00	0.00000000000000e+00	0.00000000000000e+00	6.24175784178385e+01	0.00000000000000e+00	4.75049624150807e+02	0.00000000000000e+00	1
42	69	51	60	5.00000000000000e-02	0.00000000000000e+00	0.00000000000000e+00	0.00000000000000e+00	6.23154853544292e+01	0.00000000000000e+00	4.21745365512589e+02	0.00000000000000e+00	1
43	70	52	61	5.00000000000000e-02	0.00000000000000e+00	0.00000000000000e+00	0.00000000000000e+00	6.23890239040851e+01	0.00000000000000e+00	4.51643547517052e+02	0.00000000000000e+00	1
44	71	53	62	5.00000000000000e-02	0.00000000000000e+00	0.00000000000000e+00	0.00000000000000e+00	6.23170971989819e+01	0.00000000000000e+00	4.69054888658435e+02	0.00000000000000e+00	1
45	72	54	63	5.00000000000000e-02	0.00000000000000e+00	0.00000000000000e+00	0.00000000000000e+00	6.18349784892620e+01	0.00000000000000e+00	4.33819161305404e+02	0.00000000000000e+00	1
1	31	11	21	5.00000000000000e-02	0.00000000000000e+00	0.00000000000000e+00	0.00000000000000e+00	6.56818414187681e+01	0.00000000000000e+00	4.09377980568079e+02	0.00000000000000e+00	1
2	32	12	22	5.00000000000000e-02	0.00000000000000e+00	0.00000000000000e+00	0.00000000000000e+00	6.55863828678365e+01	0.00000000000000e+00	4.00497838091186e+02	0.00000000000000e+00	1
3	33	13	23	5.00000000000000e-02	0.00000000000000e+00	0.00000000000000e+00	0.00000000000000e+00	6.50890133066040e+01	0.00000000000000e+00	3.74718270519704e+02	0.00000000000000e+00	1
4	34	14	24	5.00000000000000e-02	0.00000000000000e+00	0.00000000000000e+00	0.00000000000000e+00	6.43657716602569e+01	0.00000000000000e+00	3.48447636763875e+02	0.00000000000000e+00	1
5	35	15	25	5.00000000000000e-02	0.00000000000000e+00	0.00000000000000e+00	0.00000000000000e+00	6.34097131380657e+01	0.00000000000000e+00	3.52246307224678e+02	0.00000000000000e+00	1
6	36	16	26	5.00000000000000e-02	0.00000000000000e+00	0.00000000000000e+00	0.00000000000000e+00	6.30252225437080e+01	0.00000000000000e+00	3.45090321211211e+02	0.00000000000000e+00	1
7	37	17	27	5.00000000000000e-02	0.00000000000000e+00	0.00000000000000e+00	0.00000000000000e+00	6.29935989877430e+01	0.00000000000000e+00	3.70335992912516e+02	0.00000000000000e+00	1
8	38	18	28	5.00000000000000e-02	0.00000000000000e+00	0.00000000000000e+00	0.00000000000000e+00	6.36951479616186e+01	0.00000000000000e+00	3.90273332224210e+02	0.00000000000000e+00	1
9	39	19	29	5.00000000000000e-02	0.00000000000000e+00	0.00000000000000e+00	0.00000000000000e+00	6.49679710473940e+01	0.00000000000000e+00	3.97619463594330e+02	0.00000000000000e+00	1
10	40	20	30	5.00000000000000e-02	0.00000000000000e+00	0.00000000000000e+00	0.00000000000000e+00	6.69001692771550e+01	0.00000000000000e+00	3.66109050853577e+02	0.00000000000000e+00	1
11	41	21	31	5.00000000000000e-02	0.00000000000000e+00	0.00000000000000e+00	0.00000000000000e+00	6.89652812768055e+01	0.00000000000000e+00	4.40762253604425e+02	0.00000000000000e+00	1
12	42	22	32	5.00000000000000e-02	0.00000000000000e+00	0.00000000000000e+00	0.00000000000000e+00	7.16509562035797e+01	0.00000000000000e+00	4.68286179242609e+02	0.00000000000000e+00	1
13	43	23	33	5.00000000000000e-02	0.00000000000000e+00	0.00000000000000e+00	0.00000000000000e+00	7.34749116181710e+01	0.00000000000000e+00	4.87909078122919e+02	0.00000000000000e+00	1
14	44	24	34	5.00000000000000e-02	0.00000000000000e+00	0.00000000000000e+00	0.00000000000000e+00	7.43335196094675e+01	0.00000000000000e+00	5.20372729352839e+02	0.00000000000000e+00	1
15	45	25	35	5.00000000000000e-02	0.00000000000000e+00	0.00000000000000e+00	0.00000000000000e+00	7.45428186104296e+01	0.00000000000000e+00	5.77688605349709e+02	0.00000000000000e+00	1
16	46	26	36	5.00000000000000e-02	0.00000000000000e+00	0.00000000000000e+00	0.00000000000000e+00	7.48726003793156e+01	0.00000000000000e+00	5.76166936116664e+02	0.00000000000000e+00	1
17	47	27	37	5.00000000000000e-02	0.00000000000000e+00	0.00000000000000e+00	0.00000000000000e+00	7.51944296653000e+01	0.00000000000000e+00	5.72104786709352e+02	0.00000000000000e+00	1
18	48	28	38	5.00000000000000e-02	0.00000000000000e+00	0.00000000000000e+00	0.00000000000000e+00	7.48627390062574e+01	0.00000000000000e+00	5.64463412986049e+02	0.00000000000000e+00	1
19	49	29	39	5.00000000000000e-02	0.00000000000000e+00	0.00000000000000e+00	0.00000000000000e+00	7.43512419957467e+01	0.00000000000000e+00	5.82201244097889e+02	0.00000000000000e+00	1
20	50	30	40	5.00000000000000e-02	0.00000000000000e+00	0.00000000000000e+00	0.00000000000000e+00	7.35872334103040e+01	0.00000000000000e+00	5.85484751355625e+02	0.00000000000000e+00	1
21	51	31	41	5.00000000000000e-02	0.00000000000000e+00	0.00000000000000e+00	0.00000000000000e+00	7.31237485791699e+01	0.00000000000000e+00	5.56852395739444e+02	0.00000000000000e+00	1
22	52	32	42	5.00000000000000e-02	0.00000000000000e+00	0.00000000000000e+00	0.00000000000000e+00	7.22091083396233e+01	0.00000000000000e+00	4.89276915882903e+02	0.00000000000000e+00	1
23	53	33	43	5.00000000000000e-02	0.00000000000000e+00	0.00000000000000e+00	0.00000000000000e+00	7.08098567061262e+01	0.00000000000000e+00	5.08045313245093e+02	0.00000000000000e+00	1
24	54	34	44	5.00000000000000e-02	0.00000000000000e+00	0.00000000000000e+00	0.00000000000000e+00	6.87432043604071e+01	0.00000000000000e+00	4.14905341137068e+02	0.00000000000000e+00	1
25	55	35	45	5.00000000000000e-02	0.00000000000000e+00	0.00000000000000e+00	0.00000000000000e+00	6.66653739132519e+01	0.00000000000000e+00	4.61208731604077e+02	0.00000000000000e+00	1
26	56	36	46	5.00000000000000e-02	0.00000000000000e+00	0.00000000000000e+00	0.00000000000000e+00	6.52723571489202e+01	0.00000000000000e+00	4.08966868639672e+02	0.00000000000000e+00	1
27	57	37	47	5.00000000000000e-02	0.00000000000000e+00	0.00000000000000e+00	0.00000000000000e+00	6.43213036964029e+01	0.00000000000000e+00	3.66796264553567e+02	0.00000000000000e+00	1
28	58	38	48	5.00000000000000e-02	0.00000000000000e+00	0.00000000000000e+00	0.00000000000000e+00	6.43083380751113e+01	0.00000000000000e+00	3.50993203703348e+02	0.00000000000000e+00	1
29	59	39	49	5.00000000000000e-02	0.00000000000000e+00	0.00000000000000e+00	0.00000000000000e+00	6.47437113575904e+01	0.00000000000000e+00	3.76807577941443e+02	0.00000000000000e+00	1
30	60	40	50	5.00000000000000e-02	0.00000000000000e+00	0.00000000000000e+00	0.00000000000000e+00	6.60334081523909e+01	0.00000000000000e+00	4.10176661770782e+02	0.00000000000000e+00	1
31	61	41	51	5.00000000000000e-02	0.00000000000000e+00	0.00000000000000e+00	0.00000000000000e+00	6.67625500338204e+01	0.00000000000000e+00	3.71514922226207e+02	0.00000000000000e+00	1
32	62	42	52	5.00000000000000e-02	0.00000000000000e+00	0.00000000000000e+00	0.00000000000000e+00	6.82916946247513e+01	0.00000000000000e+00	4.11036624287239e+02	0.00000000000000e+00	1
33	63	43	53	5.00000000000000e-02	0.00000000000000e+00	0.00000000000000e+00	0.00000000000000e+00	6.92225597496508e+01	0.00000000000000e+00	3.95422887650907e+02	0.00000000000000e+00	1
34	64	44	54	5.00000000000000e-02	0.00000000000000e+00	0.00000000000000e+00	0.00000000000000e+00	6.96656104889455e+01	0.00000000000000e+00	4.50908168233979e+02	0.00000000000000e+00	1
35	65	45	55	5.00000000000000e-02	0.00000000000000e+00	0.00000000000000e+00	0.00000000000000e+00	6.94675134768376e+01	0.00000000000000e+00	4.60537381206470e+02	0.00000000000000e+00	1
36	66	46	56	5.00000000000000e-02	0.00000000000000e+00	0.00000000000000e+00	0.00000000000000e+00	6.95759424570701e+01	0.00000000000000e+00	4.51436039795311e+02	0.00000000000000e+00	1
37	67	47	57	5.00000000000000e-02	0.00000000000000e+00	0.00000000000000e+00	0.00000000000000e+00	6.99176556099412e+01	0.00000000000000e+00	4.10265819595394e+02	0.00000000000000e+00	1
38	68	48	58	5.00000000000000e-02	0.00000000000000e+00	0.00000000000000e+00	0.00000000000000e+00	6.94571992250121e+01	0.00000000000000e+00	4.48512146852875e+02	0.00000000000000e+00	1
39	69	49	59	5.00000000000000e-02	0.00000000000000e+00	0.00000000000000e+00	0.00000000000000e+00	6.94550528212695e+01	0.00000000000000e+00	4.47051555594243e+02	0.00000000000000e+00	1
40	70	50	60	5.00000000000000e-02	0.00000000000000e+00	0.00000000000000e+00	0.00000000000000e+00	6.89022010196612e+01	0.00000000000000e+00	4.66074590547581e+02	0.00000000000000e+00	1
41	71	51	61	5.00000000000000e-02	0.00000000000000e+00	0.00000000000000e+00	0.00000000000000e+00	6.92117454833001e+01	0.00000000000000e+00	4.66138069450470e+02	0.00000000000000e+00	1
42	72	52	62	5.00000000000000e-02	0.00000000000000e+00	0.00000000000000e+00	0.00000000000000e+00	6.91627985166803e+01	0.00000000000000e+00	4.77944455474309e+02	0.00000000000000e+00	1
1	34	12	23	5.00000000000000e-02	0.00000000000000e+00	0.00000000000000e+00	0.00000000000000e+00	7.06660477353118e+01	0.00000000000000e+00	3.93565711683948e+02	0.00000000000000e+00	1
2	35	13	24	5.00000000000000e-02	0.00000000000000e+00	0.00000000000000e+00	0.00000000000000e+00	6.96867249055218e+01	0.00000000000000e+00	3.37351074580722e+02	0.00000000000000e+00	1
3	36	14	25	5.00000000000000e-02	0.00000000000000e+00	0.00000000000000e+00	0.00000000000000e+00	6.92609527881976e+01	0.00000000000000e+00	3.01154127174500e+02	0.00000000000000e+00	1
4	37	15	26	5.00000000000000e-02	0.00000000000000e+00	0.00000000000000e+00	0.00000000000000e+00	6.91855736261322e+01	0.00000000000000e+00	3.79775225807943e+02	0.00000000000000e+00	1
5	38	16	27	5.00000000000000e-02	0.00000000000000e+00	0.00000000000000e+00	0.00000000000000e+00	6.96194649812164e+01	0.00000000000000e+00	3.72258933754366e+02	0.00000000000000e+00	1
6	39	17	28	5.00000000000000e-02	0.00000000000000e+00	0.00000000000000e+00	0.00000000000000e+00	7.05152875112981e+01	0.00000000000000e+00	3.72553413625316e+02	0.00000000000000e+00	1
7	40	18	29	5.00000000000000e-02	0.00000000000000e+00	0.00000000000000e+00	0.00000000000000e+00	7.18302487723668e+01	0.00000000000000e+00	3.66124103312185e+02	0.00000000000000e+00	1
8	41	19	30	5.00000000000000e-02	0.00000000000000e+00	0.00000000000000e+00	0.00000000000000e+00	7.37298181368409e+01	0.00000000000000e+00	4.03740599613717e+02	0.00000000000000e+00	1
9	42	20	31	5.00000000000000e-02	0.00000000000000e+00	0.00000000000000e+00	0.00000000000000e+00	7.60485735393288e+01	0.00000000000000e+00	4.45453192288362e+02	0.00000000000000e+00	1
10	43	21	32	5.00000000000000e-02	0.00000000000000e+00	0.00000000000000e+00	0.00000000000000e+00	7.86474506665622e+01	0.00000000000000e+00	4.50609518341760e+02	0.00000000000000e+00	1
11	44	22	33	5.00000000000000e-02	0.00000000000000e+00	0.00000000000000e+00	0.00000000000000e+00	8.06742106533645e+01	0.00000000000000e+00	5.47139677478334e+02	0.00000000000000e+00	1
12	45	23	34	5.00000000000000e-02	0.00000000000000e+00	0.00000000000000e+00	0.00000000000000e+00	8.17786436697032e+01	0.00000000000000e+00	5.34000064490271e+02	0.00000000000000e+00	1
13	46	24	35	5.00000000000000e-02	0.00000000000000e+00	0.00000000000000e+00	0.00000000000000e+00	8.17892040634879e+01	0.00000000000000e+00	5.70794392121443e+02	0.00000000000000e+00	1
14	47	25	36	5.00000000000000e-02	0.00000000000000e+00	0.00000000000000e+00	0.00000000000000e+00	8.20088440592094e+01	0.00000000000000e+00	6.12485412285973e+02	0.00000000000000e+00	1
15	48	26	37	5.00000000000000e-02	0.00000000000000e+00	0.00000000000000e+00	0.00000000000000e+00	8.22168829418374e+01	0.00000000000000e+00	5.87150527076706e+02	0.00000000000000e+00	1
16	49	27	38	5.00000000000000e-02	0.00000000000000e+00	0.00000000000000e+00	0.00000000000000e+00	8.17610686500796e+01	0.00000000000000e+00	5.85555243715085e+02	0.00000000000000e+00	1
17	50	28	39	5.00000000000000e-02	0.00000000000000e+00	0.00000000000000e+00	0.00000000000000e+00	8.14666520230557e+01	0.00000000000000e+00	5.67343767301331e+02	0.00000000000000e+00	1
18	51	29	40	5.00000000000000e-02	0.00000000000000e+00	0.00000000000000e+00	0.00000000000000e+00	8.13283431201196e+01	0.00000000000000e+00	6.38924639777131e+02	0.00000000000000e+00	1
19	52	30	41	5.00000000000000e-02	0.00000000000000e+00	0.00000000000000e+00	0.00000000000000e+00	8.10935454604587e+01	0.00000000000000e+00	6.09964018452927e+02	0.00000000000000e+00	1
20	53	31	42	5.00000000000000e-02	0.00000000000000e+00	0.00000000000000e+00	0.00000000000000e+00	8.00860718000160e+01	0.00000000000000e+00	5.54753784113421e+02	0.00000000000000e+00	1
21	54	32	43	5.00000000000000e-02	0.00000000000000e+00	0.00000000000000e+00	0.00000000000000e+00	7.90200507939549e+01	0.00000000000000e+00	5.64413018558576e+02	0.00000000000000e+00	1
22	55	33	44	5.00000000000000e-02	0.00000000000000e+00	0.00000000000000e+00	0.00000000000000e+00	7.73283610143339e+01	0.00000000000000e+00	4.92361075966024e+02	0.00000000000000e+00	1
23	56	34	45	5.00000000000000e-02	0.00000000000000e+00	0.00000000000000e+00	0.00000000000000e+00	7.51564214975752e+01	0.00000000000000e+00	4.51348692684779e+02	0.00000000000000e+00	1
24	57	35	46	5.00000000000000e-02	0.00000000000000e+00	0.00000000000000e+00	0.00000000000000e+00	7.30959437916372e+01	0.00000000000000e+00	4.27958058037931e+02	0.00000000000000e+00	1
25	58	36	47	5.00000000000000e-02	0.00000000000000e+00	0.00000000000000e+00	0.00000000000000e+00	7.17236642258671e+01	0.00000000000000e+00	4.01004151166518e+02	0.00000000000000e+00	1
26	59	37	48	5.00000000000000e-02	0.00000000000000e+00	0.00000000000000e+00	0.00000000000000e+00	7.06939634956488e+01	0.00000000000000e+00	4.15705269552551e+02	0.00000000000000e+00	1
27	60	38	49	5.00000000000000e-02	0.00000000000000e+00	0.00000000000000e+00	0.00000000000000e+00	7.05320852881797e+01	0.00000000000000e+00	3.89743908235658e+02	0.00000000000000e+00	1
28	61	39	50	5.00000000000000e-02	0.00000000000000e+00	0.00000000000000e+00	0.00000000000000e+00	7.07685932988066e+01	0.00000000000000e+00	3.72983456783341e+02	0.00000000000000e+00	1
29	62	40	51	5.00000000000000e-02	0.00000000000000e+00	0.00000000000000e+00	0.00000000000000e+00	7.11505624216676e+01	0.00000000000000e+00	3.67736730966716e+02	0.00000000000000e+00	1
30	63	41	52	5.00000000000000e-02	0.00000000000000e+00	0.00000000000000e+00	0.00000000000000e+00	7.19695417182466e+01	0.00000000000000e+00	3.73654630188000e+02	0.00000000000000e+00	1
31	64	42	53	5.00000000000000e-02	0.00000000000000e+00	0.00000000000000e+00	0.00000000000000e+00	7.31534350504980e+01	0.00000000000000e+00	4.21164970235125e+02	0.00000000000000e+00	1
32	65	43	54	5.00000000000000e-02	0.00000000000000e+00	0.00000000000000e+00	0.00000000000000e+00	7.47352128410741e+01	0.00000000000000e+00	4.05403700089033e+02	0.00000000000000e+00	1
33	66	44	55	5.00000000000000e-02	0.00000000000000e+00	0.00000000000000e+00	0.00000000000000e+00	7.58208891809050e+01	0.00000000000000e+00	4.35497223478661e+02	0.00000000000000e+00	1
34	67	45	56	5.00000000000000e-02	0.00000000000000e+00	0.00000000000000e+00	0.00000000000000e+00	7.65309051398718e+01	0.00000000000000e+00	4.56971267448737e+02	0.00000000000000e+00	1
35	68	46	57	5.00000000000000e-02	0.00000000000000e+00	0.00000000000000e+00	0.00000000000000e+00	7.64655456592342e+01	0.00000000000000e+00	4.29828190416559e+02	0.00000000000000e+00	1
36	69	47	58	5.00000000000000e-02	0.00000000000000e+00	0.00000000000000e+00	0.00000000000000e+00	7.65592730371188e+01	0.00000000000000e+00	4.81999682028104e+02	0.00000000000000e+00	1
37	70	48	59	5.00000000000000e-02	0.00000000000000e+00	0.00000000000000e+00	0.00000000000000e+00	7.66922180108629e+01	0.00000000000000e+00	4.71039441671165e+02	0.00000000000000e+00	1
38	71	49	60	5.00000000000000e-02	0.00000000000000e+00	0.00000000000000e+00	0.00000000000000e+00	7.59361822111385e+01	0.00000000000000e+00	4.29428219813489e+02	0.00000000000000e+00	1
39	72	50	61	5.00000000000000e-02	0.00000000000000e+00	0.00000000000000e+00	0.00000000000000e+00	7.56947183900090e+01	0.00000000000000e+00	4.87490945218144e+02	0.00000000000000e+00	1
1	37	13	25	5.00000000000000e-02	0.00000000000000e+00	0.00000000000000e+00	0.00000000000000e+00	7.53328518671322e+01	0.00000000000000e+00	3.18089067775291e+02	0.00000000000000e+00	1
2	38	14	26	5.00000000000000e-02	0.00000000000000e+00	0.00000000000000e+00	0.00000000000000e+00	7.55356306522477e+01	0.00000000000000e+00	3.70204204439775e+02	0.00000000000000e+00	1
3	39	15	27	5.00000000000000e-02	0.00000000000000e+00	0.00000000000000e+00	0.00000000000000e+00	7.61621706643504e+01	0.00000000000000e+00	3.50375102410407e+02	0.00000000000000e+00	1
4	40	16	28	5.00000000000000e-02	0.00000000000000e+00	0.00000000000000e+00	0.00000000000000e+00	7.73928567108673e+01	0.00000000000000e+00	3.78670838608719e+02	0.00000000000000e+00	1
5	41	17	29	5.00000000000000e-02	0.00000000000000e+00	0.00000000000000e+00	0.00000000000000e+00	7.87787530594498e+01	0.00000000000000e+00	3.95894680400769e+02	0.00000000000000e+00	1
6	42	18	30	5.00000000000000e-02	0.00000000000000e+00	0.00000000000000e+00	0.00000000000000e+00	8.07532207228571e+01	0.00000000000000e+00	3.96842081377226e+02	0.00000000000000e+00	1
7	43	19	31	5.00000000000000e-02	0.00000000000000e+00	0.00000000000000e+00	0.00000000000000e+00	8.29753892530783e+01	0.00000000000000e+00	4.37758680691776e+02	0.00000000000000e+00	1
8	44	20	32	5.00000000000000e-02	0.00000000000000e+00	0.00000000000000e+00	0.00000000000000e+00	8.58190393591838e+01	0.00000000000000e+00	4.61689466778586e+02	0.00000000000000e+00	1
9	45	21	33	5.00000000000000e-02	0.00000000000000e+00	0.00000000000000e+00	0.00000000000000e+00	8.79024581260445e+01	0.00000000000000e+00	5.60342240808112e+02	0.00000000000000e+00	1
10	46	22	34	5.00000000000000e-02	0.00000000000000e+00	0.00000000000000e+00	0.00000000000000e+00	8.88584111550509e+01	0.00000000000000e+00	5.56517731712410e+02	0.00000000000000e+00	1
11	47	23	35	5.00000000000000e-02	0.00000000000000e+00	0.00000000000000e+00	0.00000000000000e+00	8.88881576547713e+01	0.00000000000000e+00	5.77178763893260e+02	0.00000000000000e+00	1
12	48	24	36	5.00000000000000e-02	0.00000000000000e+00	0.00000000000000e+00	0.00000000000000e+00	8.91532092699722e+01	0.00000000000000e+00	5.92424712209541e+02	0.00000000000000e+00	1
13	49	25	37	5.00000000000000e-02	0.00000000000000e+00	0.00000000000000e+00	0.00000000000000e+00	8.92853240029191e+01	0.00000000000000e+00	5.68638785990570e+02	0.00000000000000e+00	1
14	50	26	38	5.00000000000000e-02	0.00000000000000e+00	0.00000000000000e+00	0.00000000000000e+00	8.86291385290321e+01	0.00000000000000e+00	6.38291774619167e+02	0.00000000000000e+00	1
15	51	27	39	5.00000000000000e-02	0.00000000000000e+00	0.00000000000000e+00	0.00000000000000e+00	8.87074039381169e+01	0.00000000000000e+00	6.47118079321966e+02	0.00000000000000e+00	1
16	52	28	40	5.00000000000000e-02	0.00000000000000e+00	0.00000000000000e+00	0.00000000000000e+00	8.84491819760462e+01	0.00000000000000e+00	6.11276833503940e+02	0.00000000000000e+00	1
17	53	29	41	5.00000000000000e-02	0.00000000000000e+00	0.00000000000000e+00	0.00000000000000e+00	8.83728999360486e+01	0.00000000000000e+00	5.98136948990338e+02	0.00000000000000e+00	1
18	54	30	42	5.00000000000000e-02	0.00000000000000e+00	0.00000000000000e+00	0.00000000000000e+00	8.78026626353657e+01	0.00000000000000e+00	5.10358969381994e+02	0.00000000000000e+00	1
19	55	31	43	5.00000000000000e-02	0.00000000000000e+00	0.00000000000000e+00	0.00000000000000e+00	8.68866972803218e+01	0.00000000000000e+00	5.99665252561515e+02	0.00000000000000e+00	1
20	56	32	44	5.00000000000000e-02	0.00000000000000e+00	0.00000000000000e+00	0.00000000000000e+00	8.56752943161772e+01	0.00000000000000e+00	5.43082491345529e+02	0.00000000000000e+00	1
21	57	33	45	5.00000000000000e-02	0.00000000000000e+00	0.00000000000000e+00	0.00000000000000e+00	8.36431007914086e+01	0.00000000000000e+00	4.96617593455863e+02	0.00000000000000e+00	1
22	58	34	46	5.00000000000000e-02	0.00000000000000e+00	0.00000000000000e+00	0.00000000000000e+00	8.15811439720038e+01	0.00000000000000e+00	4.44341018680410e+02	0.00000000000000e+00	1
23	59	35	47	5.00000000000000e-02	0.00000000000000e+00	0.00000000000000e+00	0.00000000000000e+00	7.95733333437573e+01	0.00000000000000e+00	4.60401957708545e+02	0.00000000000000e+00	1
24	60	36	48	5.00000000000000e-02	0.00000000000000e+00	0.00000000000000e+00	0.00000000000000e+00	7.83133401383310e+01	0.00000000000000e+00	4.30923739324493e+02	0.00000000000000e+00	1
25	61	37	49	5.00000000000000e-02	0.00000000000000e+00	0.00000000000000e+00	0.00000000000000e+00	7.72297586874596e+01	0.00000000000000e+00	3.73018139575818e+02	0.00000000000000e+00	1
26	62	38	50	5.00000000000000e-02	0.00000000000000e+00	0.00000000000000e+00	0.00000000000000e+00	7.67424491505811e+01	0.00000000000000e+00	3.84359502265615e+02	0.00000000000000e+00	1
27	63	39	51	5.00000000000000e-02	0.00000000000000e+00	0.00000000000000e+00	0.00000000000000e+00	7.64623682455769e+01	0.00000000000000e+00	3.88310760042785e+02	0.00000000000000e+00	1
28	64	40	52	5.00000000000000e-02	0.00000000000000e+00	0.00000000000000e+00	0.00000000000000e+00	7.66897636589306e+01	0.00000000000000e+00	3.95202464999634e+02	0.00000000000000e+00	1
29	65	41	53	5.00000000000000e-02	0.00000000000000e+00	0.00000000000000e+00	0.00000000000000e+00	7.70721540415408e+01	0.00000000000000e+00	3.85674846762038e+02	0.00000000000000e+00	1
30	66	42	54	5.00000000000000e-02	0.00000000000000e+00	0.00000000000000e+00	0.00000000000000e+00	7.83541087083297e+01	0.00000000000000e+00	3.93828363378801e+02	0.00000000000000e+00	1
31	67	43	55	5.00000000000000e-02	0.00000000000000e+00	0.00000000000000e+00	0.00000000000000e+00	7.97588967133016e+01	0.00000000000000e+00	3.92216571167063e+02	0.00000000000000e+00	1
32	68	44	56	5.00000000000000e-02	0.00000000000000e+00	0.00000000000000e+00	0.00000000000000e+00	8.15052210535858e+01	0.00000000000000e+00	4.23648198906318e+02	0.00000000000000e+00	1
33	69	45	57	5.00000000000000e-02	0.00000000000000e+00	0.00000000000000e+00	0.00000000000000e+00	8.30743632455877e+01	0.00000000000000e+00	4.43256151717360e+02	0.00000000000000e+00	1
34	70	46	58	5.00000000000000e-02	0.00000000000000e+00	0.00000000000000e+00	0.00000000000000e+00	8.34578980414748e+01	0.00000000000000e+00	4.84874945445240e+02	0.00000000000000e+00	1
35	71	47	59	5.00000000000000e-02	0.00000000000000e+00	0.00000000000000e+00	0.00000000000000e+00	8.32102730284269e+01	0.00000000000000e+00	4.54651338300437e+02	0.00000000000000e+00	1
36	72	48	60	5.00000000000000e-02	0.00000000000000e+00	0.00000000000000e+00	0.00000000000000e+00	8.29728957173502e+01	0.00000000000000e+00	4.35856146051525e+02	0.00000000000000e+00	1
1	40	14	27	5.00000000000000e-02	0.00000000000000e+00	0.00000000000000e+00	0.00000000000000e+00	8.29539942545039e+01	0.00000000000000e+00	3.90263213973401e+02	0.00000000000000e+00	1
2	41	15	28	5.00000000000000e-02	0.00000000000000e+00	0.00000000000000e+00	0.00000000000000e+00	8.40667879405032e+01	0.00000000000000e+00	3.67229227751844e+02	0.00000000000000e+00	1
3	42	16	29	5.00000000000000e-02	0.00000000000000e+00	0.00000000000000e+00	0.00000000000000e+00	8.57750821372377e+01	0.00000000000000e+00	4.11401222364358e+02	0.00000000000000e+00	1
4	43	17	30	5.00000000000000e-02	0.00000000000000e+00	0.00000000000000e+00	0.00000000000000e+00	8.78878629596371e+01	0.00000000000000e+00	4.20497720267812e+02	0.00000000000000e+00	1
5	44	18	31	5.00000000000000e-02	0.00000000000000e+00	0.00000000000000e+00	0.00000000000000e+00	9.01143293981385e+01	0.00000000000000e+00	4.30130312012814e+02	0.00000000000000e+00	1
6	45	19	32	5.00000000000000e-02	0.00000000000000e+00	0.00000000000000e+00	0.00000000000000e+00	9.28998772680653e+01	0.00000000000000e+00	5.09858829720787e+02	0.00000000000000e+00	1
7	46	20	33	5.00000000000000e-02	0.00000000000000e+00	0.00000000000000e+00	0.00000000000000e+00	9.48807739260951e+01	0.00000000000000e+00	4.71867774736809e+02	0.00000000000000e+00	1
8	47	21	34	5.00000000000000e-02	0.00000000000000e+00	0.00000000000000e+00	0.00000000000000e+00	9.59721203719339e+01	0.00000000000000e+00	5.55719186063309e+02	0.00000000000000e+00	1
9	48	22	35	5.00000000000000e-02	0.00000000000000e+00	0.00000000000000e+00	0.00000000000000e+00	9.59456963976373e+01	0.00000000000000e+00	5.60926006918293e+02	0.00000000000000e+00	1
10	49	23	36	5.00000000000000e-02	0.00000000000000e+00	0.00000000000000e+00	0.00000000000000e+00	9.60794280608865e+01	0.00000000000000e+00	6.08770255061943e+02	0.00000000000000e+00	1
11	50	24	37	5.00000000000000e-02	0.00000000000000e+00	0.00000000000000e+00	0.00000000000000e+00	9.60982111594211e+01	0.00000000000000e+00	5.89657748544734e+02	0.00000000000000e+00	1
12	51	25	38	5.00000000000000e-02	0.00000000000000e+00	0.00000000000000e+00	0.00000000000000e+00	9.59069536939008e+01	0.00000000000000e+00	5.99639866998856e+02	0.00000000000000e+00	1
13	52	26	39	5.00000000000000e-02	0.00000000000000e+00	0.00000000000000e+00	0.00000000000000e+00	9.57992268013529e+01	0.00000000000000e+00	6.30577349458011e+02	0.00000000000000e+00	1
14	53	27	40	5.00000000000000e-02	0.00000000000000e+00	0.00000000000000e+00	0.00000000000000e+00	9.55702699853288e+01	0.00000000000000e+00	6.20158553465355e+02	0.00000000000000e+00	1
15	54	28	41	5.00000000000000e-02	0.00000000000000e+00	0.00000000000000e+00	0.00000000000000e+00	9.54276424179965e+01	0.00000000000000e+00	5.97149166026905e+02	0.00000000000000e+00	1
16	55	29	42	5.00000000000000e-02	0.00000000000000e+00	0.00000000000000e+00	0.00000000000000e+00	9.47767637069187e+01	0.00000000000000e+00	6.31148195326100e+02	0.00000000000000e+00	1
17	56	30	43	5.00000000000000e-02	0.00000000000000e+00	0.00000000000000e+00	0.00000000000000e+00	9.42288789429359e+01	0.00000000000000e+00	6.00757394110211e+02	0.00000000000000e+00	1
18	57	31	44	5.00000000000000e-02	0.00000000000000e+00	0.00000000000000e+00	0.00000000000000e+00	9.32686598010326e+01	0.00000000000000e+00	6.07093317038947e+02	0.00000000000000e+00	1
19	58	32	45	5.00000000000000e-02	0.00000000000000e+00	0.00000000000000e+00	0.00000000000000e+00	9.21146329111688e+01	0.00000000000000e+00	5.30316094288147e+02	0.00000000000000e+00	1
20	59	33	46	5.00000000000000e-02	0.00000000000000e+00	0.00000000000000e+00	0.00000000000000e+00	9.02353522450655e+01	0.00000000000000e+00	5.19684647705329e+02	0.00000000000000e+00	1
21	60	34	47	5.00000000000000e-02	0.00000000000000e+00	0.00000000000000e+00	0.00000000000000e+00	8.82531079689629e+01	0.00000000000000e+00	4.60964670789345e+02	0.00000000000000e+00	1
22	61	35	48	5.00000000000000e-02	0.00000000000000e+00	0.00000000000000e+00	0.00000000000000e+00	8.61524387751753e+01	0.00000000000000e+00	4.61915843187328e+02	0.00000000000000e+00	1
23	62	36	49	5.00000000000000e-02	0.00000000000000e+00	0.00000000000000e+00	0.00000000000000e+00	8.46830844516137e+01	0.00000000000000e+00	4.57732408423040e+02	0.00000000000000e+00	1
24	63	37	50	5.00000000000000e-02	0.00000000000000e+00	0.00000000000000e+00	0.00000000000000e+00	8.37236919157854e+01	0.00000000000000e+00	4.35786364464385e+02	0.00000000000000e+00	1
25	64	38	51	5.00000000000000e-02	0.00000000000000e+00	0.00000000000000e+00	0.00000000000000e+00	8.27414219375952e+01	0.00000000000000e+00	4.02972223705766e+02	0.00000000000000e+00	1
26	65	39	52	5.00000000000000e-02	0.00000000000000e+00	0.00000000000000e+00	0.00000000000000e+00	8.22495943113038e+01	0.00000000000000e+00	4.02547442587302e+02	0.00000000000000e+00	1
27	66	40	53	5.00000000000000e-02	0.00000000000000e+00	0.00000000000000e+00	0.00000000000000e+00	8.22391094228554e+01	0.00000000000000e+00	4.07301657493857e+02	0.00000000000000e+00	1
28	67	41	54	5.00000000000000e-02	0.00000000000000e+00	0.00000000000000e+00	0.00000000000000e+00	8.27826641323735e+01	0.00000000000000e+00	4.16595014160599e+02	0.00000000000000e+00	1
29	68	42	55	5.00000000000000e-02	0.00000000000000e+00	0.00000000000000e+00	0.00000000000000e+00	8.36656145856144e+01	0.00000000000000e+00	3.84751658806584e+02	0.00000000000000e+00	1
30	69	43	56	5.00000000000000e-02	0.00000000000000e+00	0.00000000000000e+00	0.00000000000000e+00	8.50578253313632e+01	0.00000000000000e+00	4.01959375060396e+02	0.00000000000000e+00	1
31	70	44	57	5.00000000000000e-02	0.00000000000000e+00	0.00000000000000e+00	0.00000000000000e+00	8.67309857263712e+01	0.00000000000000e+00	3.95505627732347e+02	0.00000000000000e+00	1
32	71	45	58	5.00000000000000e-02	0.00000000000000e+00	0.00000000000000e+00	0.00000000000000e+00	8.85031768269992e+01	0.00000000000000e+00	3.81464262957402e+02	0.00000000000000e+00	1
33	72	46	59	5.00000000000000e-02	0.00000000000000e+00	0.00000000000000e+00	0.00000000000000e+00	8.97289895891734e+01	0.00000000000000e+00	4.26032899767822e+02	0.00000000000000e+00	1
1	43	15	29	5.00000000000000e-02	0.00000000000000e+00	0.00000000000000e+00	0.00000000000000e+00	9.27948726617038e+01	0.00000000000000e+00	4.08580442348957e+02	0.00000000000000e+00	1
2	44	16	30	5.00000000000000e-02	0.00000000000000e+00	0.00000000000000e+00	0.00000000000000e+00	9.49718802703504e+01	0.00000000000000e+00	4.38893471447632e+02	0.00000000000000e+00	1
3	45	17	31	5.00000000000000e-02	0.00000000000000e+00	0.00000000000000e+00	0.00000000000000e+00	9.73428182838046e+01	0.00000000000000e+00	4.32414664716862e+02	0.00000000000000e+00	1
4	46	18	32	5.00000000000000e-02	0.00000000000000e+00	0.00000000000000e+00	0.00000000000000e+00	9.99529712877763e+01	0.00000000000000e+00	4.83814868652193e+02	0.00000000000000e+00	1
5	47	19	33	5.00000000000000e-02	0.00000000000000e+00	0.00000000000000e+00	0.00000000000000e+00	1.01847924245174e+02	0.00000000000000e+00	5.36955855113543e+02	0.00000000000000e+00	1
6	48	20	34	5.00000000000000e-02	0.00000000000000e+00	0.00000000000000e+00	0.00000000000000e+00	1.02816659208530e+02	0.00000000000000e+00	5.53073078911384e+02	0.00000000000000e+00	1
7	49	21	35	5.00000000000000e-02	0.00000000000000e+00	0.00000000000000e+00	0.00000000000000e+00	1.02791588590410e+02	0.00000000000000e+00	5.58448531325919e+02	0.00000000000000e+00	1
8	50	22	36	5.00000000000000e-02	0.00000000000000e+00	0.00000000000000e+00	0.00000000000000e+00	1.03050448134324e+02	0.00000000000000e+00	5.77953116277724e+02	0.00000000000000e+00	1
9	51	23	37	5.00000000000000e-02	0.00000000000000e+00	0.00000000000000e+00	0.00000000000000e+00	1.03320708732577e+02	0.00000000000000e+00	6.04913728798098e+02	0.00000000000000e+00	1
10	52	24	38	5.00000000000000e-02	0.00000000000000e+00	0.00000000000000e+00	0.00000000000000e+00	1.02851946017976e+02	0.00000000000000e+00	5.84641755678337e+02	0.00000000000000e+00	1
11	53	25	39	5.00000000000000e-02	0.00000000000000e+00	0.00000000000000e+00	0.00000000000000e+00	1.02792625264310e+02	0.00000000000000e+00	6.16194709345850e+02	0.00000000000000e+00	1
12	54	26	40	5.00000000000000e-02	0.00000000000000e+00	0.00000000000000e+00	0.00000000000000e+00	1.02459196216586e+02	0.00000000000000e+00	6.19247393020450e+02	0.00000000000000e+00	1
13	55	27	41	5.00000000000000e-02	0.00000000000000e+00	0.00000000000000e+00	0.00000000000000e+00	1.02455897517032e+02	0.00000000000000e+00	6.68740810151572e+02	0.00000000000000e+00	1
14	56	28	42	5.00000000000000e-02	0.00000000000000e+00	0.00000000000000e+00	0.00000000000000e+00	1.01815711486003e+02	0.00000000000000e+00	6.33032289194718e+02	0.00000000000000e+00	1
15	57	29	43	5.00000000000000e-02	0.00000000000000e+00	0.00000000000000e+00	0.00000000000000e+00	1.01131218900804e+02	0.00000000000000e+00	6.32260378653585e+02	0.00000000000000e+00	1
16	58	30	44	5.00000000000000e-02	0.00000000000000e+00	0.00000000000000e+00	0.00000000000000e+00	1.00453448471173e+02	0.00000000000000e+00	6.47131622968243e+02	0.00000000000000e+00	1
17	59	31	45	5.00000000000000e-02	0.00000000000000e+00	0.00000000000000e+00	0.00000000000000e+00	9.93798664282093e+01	0.00000000000000e+00	5.98860793268235e+02	0.00000000000000e+00	1
18	60	32	46	5.00000000000000e-02	0.00000000000000e+00	0.00000000000000e+00	0.00000000000000e+00	9.87188703471608e+01	0.00000000000000e+00	5.69297519484157e+02	0.00000000000000e+00	1
19	61	33	47	5.00000000000000e-02	0.00000000000000e+00	0.00000000000000e+00	0.00000000000000e+00	9.69772892580428e+01	0.00000000000000e+00	4.78572963276216e+02	0.00000000000000e+00	1
20	62	34	48	5.00000000000000e-02	0.00000000000000e+00	0.00000000000000e+00	0.00000000000000e+00	9.47464771995947e+01	0.00000000000000e+00	4.59357874107088e+02	0.00000000000000e+00	1
21	63	35	49	5.00000000000000e-02	0.00000000000000e+00	0.00000000000000e+00	0.00000000000000e+00	9.26937237135273e+01	0.00000000000000e+00	4.76927087794108e+02	0.00000000000000e+00	1
22	64	36	50	5.00000000000000e-02	0.00000000000000e+00	0.00000000000000e+00	0.00000000000000e+00	9.11830387525749e+01	0.00000000000000e+00	4.10074727349717e+02	0.00000000000000e+00	1
23	65	37	51	5.00000000000000e-02	0.00000000000000e+00	0.00000000000000e+00	0.00000000000000e+00	8.97084071843543e+01	0.00000000000000e+00	4.35028920678920e+02	0.00000000000000e+00	1
24	66	38	52	5.00000000000000e-02	0.00000000000000e+00	0.00000000000000e+00	0.00000000000000e+00	8.87796205084262e+01	0.00000000000000e+00	4.28559962651302e+02	0.00000000000000e+00	1
25	67	39	53	5.00000000000000e-02	0.00000000000000e+00	0.00000000000000e+00	0.00000000000000e+00	8.83025974051518e+01	0.00000000000000e+00	4.41381999243461e+02	0.00000000000000e+00	1
26	68	40	54	5.00000000000000e-02	0.00000000000000e+00	0.00000000000000e+00	0.00000000000000e+00	8.82544406108054e+01	0.00000000000000e+00	4.04838542104186e+02	0.00000000000000e+00	1
27	69	41	55	5.00000000000000e-02	0.00000000000000e+00	0.00000000000000e+00	0.00000000000000e+00	8.85053613893593e+01	0.00000000000000e+00	3.93798939224562e+02	0.00000000000000e+00	1
28	70	42	56	5.00000000000000e-02	0.00000000000000e+00	0.00000000000000e+00	0.00000000000000e+00	8.92950943669280e+01	0.00000000000000e+00	4.15543045328481e+02	0.00000000000000e+00	1
29	71	43	57	5.00000000000000e-02	0.00000000000000e+00	0.00000000000000e+00	0.00000000000000e+00	9.03682226786855e+01	0.00000000000000e+00	3.82819491302734e+02	0.00000000000000e+00	1
30	72	44	58	5.00000000000000e-02	0.00000000000000e+00	0.00000000000000e+00	0.00000000000000e+00	9.17361413894740e+01	0.00000000000000e+00	3.95820064453073e+02	0.00000000000000e+00	1
1	46	16	31	5.00000000000000e-02	0.00000000000000e+00	0.00000000000000e+00	0.00000000000000e+00	1.04540211518870e+02	0.00000000000000e+00	4.30771057816039e+02	0.00000000000000e+00	1
2	47	17	32	5.00000000000000e-02	0.00000000000000e+00	0.00000000000000e+00	0.00000000000000e+00	1.07012983511938e+02	0.00000000000000e+00	4.62577755171442e+02	0.00000000000000e+00	1
3	48	18	33	5.00000000000000e-02	0.00000000000000e+00	0.00000000000000e+00	0.00000000000000e+00	1.08684866574050e+02	0.00000000000000e+00	4.87056856798091e+02	0.00000000000000e+00	1
4	49	19	34	5.00000000000000e-02	0.00000000000000e+00	0.00000000000000e+00	0.00000000000000e+00	1.09593283954065e+02	0.00000000000000e+00	5.83449812094494e+02	0.00000000000000e+00	1
5	50	20	35	5.00000000000000e-02	0.00000000000000e+00	0.00000000000000e+00	0.00000000000000e+00	1.09547279944473e+02	0.00000000000000e+00	5.66614046830512e+02	0.00000000000000e+00	1
6	51	21	36	5.00000000000000e-02	0.00000000000000e+00	0.00000000000000e+00	0.00000000000000e+00	1.10083262251642e+02	0.00000000000000e+00	6.48466999359613e+02	0.00000000000000e+00	1
7	52	22	37	5.00000000000000e-02	0.00000000000000e+00	0.00000000000000e+00	0.00000000000000e+00	1.10311937341428e+02	0.00000000000000e+00	6.60454521284663e+02	0.00000000000000e+00	1
8	53	23	38	5.00000000000000e-02	0.00000000000000e+00	0.00000000000000e+00	0.00000000000000e+00	1.10049663973648e+02	0.00000000000000e+00	6.11022638327675e+02	0.00000000000000e+00	1
9	54	24	39	5.00000000000000e-02	0.00000000000000e+00	0.00000000000000e+00	0.00000000000000e+00	1.09626045531147e+02	0.00000000000000e+00	6.58469981914754e+02	0.00000000000000e+00	1
10	55	25	40	5.00000000000000e-02	0.00000000000000e+00	0.00000000000000e+00	0.00000000000000e+00	1.09263463521975e+02	0.00000000000000e+00	6.25067333059679e+02	0.00000000000000e+00	1
11	56	26	41	5.00000000000000e-02	0.00000000000000e+00	0.00000000000000e+00	0.00000000000000e+00	1.09164085405518e+02	0.00000000000000e+00	6.46256076885168e+02	0.00000000000000e+00	1
12	57	27	42	5.00000000000000e-02	0.00000000000000e+00	0.00000000000000e+00	0.00000000000000e+00	1.08626613468263e+02	0.00000000000000e+00	6.01266987022537e+02	0.00000000000000e+00	1
13	58	28	43	5.00000000000000e-02	0.00000000000000e+00	0.00000000000000e+00	0.00000000000000e+00	1.08243533914263e+02	0.00000000000000e+00	6.45080878179560e+02	0.00000000000000e+00	1
14	59	29	44	5.00000000000000e-02	0.00000000000000e+00	0.00000000000000e+00	0.00000000000000e+00	1.07384177210779e+02	0.00000000000000e+00	6.08794068702990e+02	0.00000000000000e+00	1
15	60	30	45	5.00000000000000e-02	0.00000000000000e+00	0.00000000000000e+00	0.00000000000000e+00	1.06787376323100e+02	0.00000000000000e+00	5.93248826766552e+02	0.00000000000000e+00	1
16	61	31	46	5.00000000000000e-02	0.00000000000000e+00	0.00000000000000e+00	0.00000000000000e+00	1.05755259435187e+02	0.00000000000000e+00	5.89281714644760e+02	0.00000000000000e+00	1
17	62	32	47	5.00000000000000e-02	0.00000000000000e+00	0.00000000000000e+00	0.00000000000000e+00	1.04834271845571e+02	0.00000000000000e+00	5.85616677854262e+02	0.00000000000000e+00	1
18	63	33	48	5.00000000000000e-02	0.00000000000000e+00	0.00000000000000e+00	0.00000000000000e+00	1.03463826741071e+02	0.00000000000000e+00	5.46141239992046e+02	0.00000000000000e+00	1
19	64	34	49	5.00000000000000e-02	0.00000000000000e+00	0.00000000000000e+00	0.00000000000000e+00	1.01356383478519e+02	0.00000000000000e+00	5.04282922598715e+02	0.00000000000000e+00	1
20	65	35	50	5.00000000000000e-02	0.00000000000000e+00	0.00000000000000e+00	0.00000000000000e+00	9.91850738811767e+01	0.00000000000000e+00	4.70566690793531e+02	0.00000000000000e+00	1
21	66	36	51	5.00000000000000e-02	0.00000000000000e+00	0.00000000000000e+00	0.00000000000000e+00	9.72902966560132e+01	0.00000000000000e+00	4.48052526353814e+02	0.00000000000000e+00	1
22	67	37	52	5.00000000000000e-02	0.00000000000000e+00	0.00000000000000e+00	0.00000000000000e+00	9.60107090629471e+01	0.00000000000000e+00	4.94223261121433e+02	0.00000000000000e+00	1
23	68	38	53	5.00000000000000e-02	0.00000000000000e+00	0.00000000000000e+00	0.00000000000000e+00	9.49669236345207e+01	0.00000000000000e+00	4.52841815498517e+02	0.00000000000000e+00	1
24	69	39	54	5.00000000000000e-02	0.00000000000000e+00	0.00000000000000e+00	0.00000000000000e+00	9.45626626735044e+01	0.00000000000000e+00	3.96249386646159e+02	0.00000000000000e+00	1
25	70	40	55	5.00000000000000e-02	0.00000000000000e+00	0.00000000000000e+00	0.00000000000000e+00	9.43287922423674e+01	0.00000000000000e+00	4.01454920326698e+02	0.00000000000000e+00	1
26	71	41	56	5.00000000000000e-02	0.00000000000000e+00	0.00000000000000e+00	0.00000000000000e+00	9.43022633514786e+01	0.00000000000000e+00	3.93933571853092e+02	0.00000000000000e+00	1
27	72	42	57	5.00000000000000e-02	0.00000000000000e+00	0.00000000000000e+00	0.00000000000000e+00	9.49461433897105e+01	0.00000000000000e+00	3.71255237075008e+02	0.00000000000000e+00	1
1	49	17	33	5.00000000000000e-02	0.00000000000000e+00	0.00000000000000e+00	0.00000000000000e+00	1.15740659195462e+02	0.00000000000000e+00	5.25499029748410e+02	0.00000000000000e+00	1
2	50	18	34	5.00000000000000e-02	0.00000000000000e+00	0.00000000000000e+00	0.00000000000000e+00	1.16229820157441e+02	0.00000000000000e+00	5.78509987641512e+02	0.00000000000000e+00	1
3	51	19	35	5.00000000000000e-02	0.00000000000000e+00	0.00000000000000e+00	0.00000000000000e+00	1.16422920794352e+02	0.00000000000000e+00	6.00759184713921e+02	0.00000000000000e+00	1
4	52	20	36	5.00000000000000e-02	0.00000000000000e+00	0.00000000000000e+00	0.00000000000000e+00	1.16952172725785e+02	0.00000000000000e+00	6.21752339588887e+02	0.00000000000000e+00	1
5	53	21	37	5.00000000000000e-02	0.00000000000000e+00	0.00000000000000e+00	0.00000000000000e+00	1.17311784388753e+02	0.00000000000000e+00	6.11341547983773e+02	0.00000000000000e+00	1
6	54	22	38	5.00000000000000e-02	0.00000000000000e+00	0.00000000000000e+00	0.00000000000000e+00	1.16807451965316e+02	0.00000000000000e+00	5.93479627906309e+02	0.00000000000000e+00	1
7	55	23	39	5.00000000000000e-02	0.00000000000000e+00	0.00000000000000e+00	0.00000000000000e+00	1.16518895387352e+02	0.00000000000000e+00	6.59161016324715e+02	0.00000000000000e+00	1
8	56	24	40	5.00000000000000e-02	0.00000000000000e+00	0.00000000000000e+00	0.00000000000000e+00	1.16198951758280e+02	0.00000000000000e+00	6.17608889876339e+02	0.00000000000000e+00	1
9	57	25	41	5.00000000000000e-02	0.00000000000000e+00	0.00000000000000e+00	0.00000000000000e+00	1.15847396716452e+02	0.00000000000000e+00	7.04196543254296e+02	0.00000000000000e+00	1
10	58	26	42	5.00000000000000e-02	0.00000000000000e+00	0.00000000000000e+00	0.00000000000000e+00	1.15320863055240e+02	0.00000000000000e+00	6.70657825300609e+02	0.00000000000000e+00	1
11	59	27	43	5.00000000000000e-02	0.00000000000000e+00	0.00000000000000e+00	0.00000000000000e+00	1.14919607039110e+02	0.00000000000000e+00	6.48465928368936e+02	0.00000000000000e+00	1
12	60	28	44	5.00000000000000e-02	0.00000000000000e+00	0.00000000000000e+00	0.00000000000000e+00	1.14585765757464e+02	0.00000000000000e+00	6.08999446264358e+02	0.00000000000000e+00	1
13	61	29	45	5.00000000000000e-02	0.00000000000000e+00	0.00000000000000e+00	0.00000000000000e+00	1.13721783027718e+02	0.00000000000000e+00	6.25112568798138e+02	0.00000000000000e+00	1
14	62	30	46	5.00000000000000e-02	0.00000000000000e+00	0.00000000000000e+00	0.00000000000000e+00	1.12868341114230e+02	0.00000000000000e+00	6.08538407740843e+02	0.00000000000000e+00	1
15	63	31	47	5.00000000000000e-02	0.00000000000000e+00	0.00000000000000e+00	0.00000000000000e+00	1.12052195259513e+02	0.00000000000000e+00	6.30597165087876e+02	0.00000000000000e+00	1
16	64	32	48	5.00000000000000e-02	0.00000000000000e+00	0.00000000000000e+00	0.00000000000000e+00	1.11062023617712e+02	0.00000000000000e+00	5.60261384559173e+02	0.00000000000000e+00	1
17	65	33	49	5.00000000000000e-02	0.00000000000000e+00	0.00000000000000e+00	0.00000000000000e+00	1.09567573119648e+02	0.00000000000000e+00	6.00068145991750e+02	0.00000000000000e+00	1
18	66	34	50	5.00000000000000e-02	0.00000000000000e+00	0.00000000000000e+00	0.00000000000000e+00	1.07817805465209e+02	0.00000000000000e+00	5.07097996295226e+02	0.00000000000000e+00	1
19	67	35	51	5.00000000000000e-02	0.00000000000000e+00	0.00000000000000e+00	0.00000000000000e+00	1.05577296215898e+02	0.00000000000000e+00	4.79721557214483e+02	0.00000000000000e+00	1
20	68	36	52	5.00000000000000e-02	0.00000000000000e+00	0.00000000000000e+00	0.00000000000000e+00	1.03724074383382e+02	0.00000000000000e+00	4.88392415231499e+02	0.00000000000000e+00	1
21	69	37	53	5.00000000000000e-02	0.00000000000000e+00	0.00000000000000e+00	0.00000000000000e+00	1.02323980317869e+02	0.00000000000000e+00	4.56066792979875e+02	0.00000000000000e+00	1
22	70	38	54	5.00000000000000e-02	0.00000000000000e+00	0.00000000000000e+00	0.00000000000000e+00	1.01376591232922e+02	0.00000000000000e+00	4.44254125957924e+02	0.00000000000000e+00	1
23	71	39	55	5.00000000000000e-02	0.00000000000000e+00	0.00000000000000e+00	0.00000000000000e+00	1.00649921609156e+02	0.00000000000000e+00	4.22155448979763e+02	0.00000000000000e+00	1
24	72	40	56	5.00000000000000e-02	0.00000000000000e+00	0.00000000000000e+00	0.00000000000000e+00	1.00334871152548e+02	0.00000000000000e+00	4.25225085581452e+02	0.00000000000000e+00	1
1	52	18	35	5.00000000000000e-02	0.00000000000000e+00	0.00000000000000e+00	0.00000000000000e+00	1.23382417706511e+02	0.00000000000000e+00	6.22656641253256e+02	0.00000000000000e+00	1
2	53	19	36	5.00000000000000e-02	0.00000000000000e+00	0.00000000000000e+00	0.00000000000000e+00	1.23690353082857e+02	0.00000000000000e+00	5.93651940020065e+02	0.00000000000000e+00	1
3	54	20	37	5.00000000000000e-02	0.00000000000000e+00	0.00000000000000e+00	0.00000000000000e+00	1.23837851467443e+02	0.00000000000000e+00	6.39566325358060e+02	0.00000000000000e+00	1
4	55	21	38	5.00000000000000e-02	0.00000000000000e+00	0.00000000000000e+00	0.00000000000000e+00	1.23597527277242e+02	0.00000000000000e+00	6.38466074636211e+02	0.00000000000000e+00	1
5	56	22	39	5.00000000000000e-02	0.00000000000000e+00	0.00000000000000e+00	0.00000000000000e+00	1.23375260295617e+02	0.00000000000000e+00	5.86711336036432e+02	0.00000000000000e+00	1
6	57	23	40	5.00000000000000e-02	0.00000000000000e+00	0.00000000000000e+00	0.00000000000000e+00	1.22848652679538e+02	0.00000000000000e+00	5.84520110094567e+02	0.00000000000000e+00	1
7	58	24	41	5.00000000000000e-02	0.00000000000000e+00	0.00000000000000e+00	0.00000000000000e+00	1.22649784361232e+02	0.00000000000000e+00	6.90822156672601e+02	0.00000000000000e+00	1
8	59	25	42	5.00000000000000e-02	0.00000000000000e+00	0.00000000000000e+00	0.00000000000000e+00	1.22163569283422e+02	0.00000000000000e+00	7.18066467752564e+02	0.00000000000000e+00	1
9	60	26	43	5.00000000000000e-02	0.00000000000000e+00	0.00000000000000e+00	0.00000000000000e+00	1.21825241238723e+02	0.00000000000000e+00	6.99205372950341e+02	0.00000000000000e+00	1
10	61	27	44	5.00000000000000e-02	0.00000000000000e+00	0.00000000000000e+00	0.00000000000000e+00	1.21167602881079e+02	0.00000000000000e+00	6.61025997568313e+02	0.00000000000000e+00	1
11	62	28	45	5.00000000000000e-02	0.00000000000000e+00	0.00000000000000e+00	0.00000000000000e+00	1.20459777030695e+02	0.00000000000000e+00	6.63874330168228e+02	0.00000000000000e+00	1
12	63	29	46	5.00000000000000e-02	0.00000000000000e+00	0.00000000000000e+00	0.00000000000000e+00	1.19853425843788e+02	0.00000000000000e+00	7.13193133095417e+02	0.00000000000000e+00	1
13	64	30	47	5.00000000000000e-02	0.00000000000000e+00	0.00000000000000e+00	0.00000000000000e+00	1.19134665977417e+02	0.00000000000000e+00	5.79472910277437e+02	0.00000000000000e+00	1
14	65	31	48	5.00000000000000e-02	0.00000000000000e+00	0.00000000000000e+00	0.00000000000000e+00	1.18074194316092e+02	0.00000000000000e+00	6.03049877382963e+02	0.00000000000000e+00	1
15	66	32	49	5.00000000000000e-02	0.00000000000000e+00	0.00000000000000e+00	0.00000000000000e+00	1.17256366502820e+02	0.00000000000000e+00	6.00839106286347e+02	0.00000000000000e+00	1
16	67	33	50	5.00000000000000e-02	0.00000000000000e+00	0.00000000000000e+00	0.00000000000000e+00	1.16016287395666e+02	0.00000000000000e+00	4.91739387998183e+02	0.00000000000000e+00	1
17	68	34	51	5.00000000000000e-02	0.00000000000000e+00	0.00000000000000e+00	0.00000000000000e+00	1.13918067759518e+02	0.00000000000000e+00	4.86278691218912e+02	0.00000000000000e+00	1
18	69	35	52	5.00000000000000e-02	0.00000000000000e+00	0.00000000000000e+00	0.00000000000000e+00	1.11984931386093e+02	0.00000000000000e+00	4.68318393089225e+02	0.00000000000000e+00	1
19	70	36	53	5.00000000000000e-02	0.00000000000000e+00	0.00000000000000e+00	0.00000000000000e+00	1.10196383110690e+02	0.00000000000000e+00	4.59175332797687e+02	0.00000000000000e+00	1
20	71	37	54	5.00000000000000e-02	0.00000000000000e+00	0.00000000000000e+00	0.00000000000000e+00	1.08732565717343e+02	0.00000000000000e+00	4.50108462035861e+02	0.00000000000000e+00	1
21	72	38	55	5.00000000000000e-02	0.00000000000000e+00	0.00000000000000e+00	0.00000000000000e+00	1.07552208878330e+02	0.00000000000000e+00	4.56403793849566e+02	0.00000000000000e+00	1
1	55	19	37	5.00000000000000e-02	0.00000000000000e+00	0.00000000000000e+00	0.00000000000000e+00	1.30588224960661e+02	0.00000000000000e+00	6.34919518063787e+02	0.00000000000000e+00	1
2	56	20	38	5.00000000000000e-02	0.00000000000000e+00	0.00000000000000e+00	0.00000000000000e+00	1.30123726088010e+02	0.00000000000000e+00	6.03867561423251e+02	0.00000000000000e+00	1
3	57	21	39	5.00000000000000e-02	0.00000000000000e+00	0.00000000000000e+00	0.00000000000000e+00	1.29811989781112e+02	0.00000000000000e+00	6.33505249824330e+02	0.00000000000000e+00	1
4	58	22	40	5.00000000000000e-02	0.00000000000000e+00	0.00000000000000e+00	0.00000000000000e+00	1.29671760305283e+02	0.00000000000000e+00	6.83803491974963e+02	0.00000000000000e+00	1
5	59	23	41	5.00000000000000e-02	0.00000000000000e+00	0.00000000000000e+00	0.00000000000000e+00	1.29450910504134e+02	0.00000000000000e+00	6.30517041134667e+02	0.00000000000000e+00	1
6	60	24	42	5.00000000000000e-02	0.00000000000000e+00	0.00000000000000e+00	0.00000000000000e+00	1.29056045289006e+02	0.00000000000000e+00	6.74203483201501e+02	0.00000000000000e+00	1
7	61	25	43	5.00000000000000e-02	0.00000000000000e+00	0.00000000000000e+00	0.00000000000000e+00	1.28457584669213e+02	0.00000000000000e+00	6.11768219025698e+02	0.00000000000000e+00	1
8	62	26	44	5.00000000000000e-02	0.00000000000000e+00	0.00000000000000e+00	0.00000000000000e+00	1.27902949128911e+02	0.00000000000000e+00	6.00735660963143e+02	0.00000000000000e+00	1
9	63	27	45	5.00000000000000e-02	0.00000000000000e+00	0.00000000000000e+00	0.00000000000000e+00	1.27220960120576e+02	0.00000000000000e+00	6.96845047676779e+02	0.00000000000000e+00	1
10	64	28	46	5.00000000000000e-02	0.00000000000000e+00	0.00000000000000e+00	0.00000000000000e+00	1.26467263277782e+02	0.00000000000000e+00	6.50799657978672e+02	0.00000000000000e+00	1
11	65	29	47	5.00000000000000e-02	0.00000000000000e+00	0.00000000000000e+00	0.00000000000000e+00	1.25746370797357e+02	0.00000000000000e+00	6.75868667740105e+02	0.00000000000000e+00	1
12	66	30	48	5.00000000000000e-02	0.00000000000000e+00	0.00000000000000e+00	0.00000000000000e+00	1.25126322866963e+02	0.00000000000000e+00	6.13863329926081e+02	0.00000000000000e+00	1
13	67	31	49	5.00000000000000e-02	0.00000000000000e+00	0.00000000000000e+00	0.00000000000000e+00	1.24476127079825e+02	0.00000000000000e+00	6.44259407726668e+02	0.00000000000000e+00	1
14	68	32	50	5.00000000000000e-02	0.00000000000000e+00	0.00000000000000e+00	0.00000000000000e+00	1.23640186774983e+02	0.00000000000000e+00	6.38318665262459e+02	0.00000000000000e+00	1
15	69	33	51	5.00000000000000e-02	0.00000000000000e+00	0.00000000000000e+00	0.00000000000000e+00	1.22164529374713e+02	0.00000000000000e+00	5.59764008563857e+02	0.00000000000000e+00	1
16	70	34	52	5.00000000000000e-02	0.00000000000000e+00	0.00000000000000e+00	0.00000000000000e+00	1.20204629154622e+02	0.00000000000000e+00	5.17413117288227e+02	0.00000000000000e+00	1
17	71	35	53	5.00000000000000e-02	0.00000000000000e+00	0.00000000000000e+00	0.00000000000000e+00	1.18064375000968e+02	0.00000000000000e+00	5.38900012669592e+02	0.00000000000000e+00	1
18	72	36	54	5.00000000000000e-02	0.00000000000000e+00	0.00000000000000e+00	0.00000000000000e+00	1.16570090816783e+02	0.00000000000000e+00	5.36076093018691e+02	0.00000000000000e+00	1
1	58	20	39	5.00000000000000e-02	0.00000000000000e+00	0.00000000000000e+00	0.00000000000000e+00	1.36551864576275e+02	0.00000000000000e+00	6.48184851675328e+02	0.00000000000000e+00	1
2	59	21	40	5.00000000000000e-02	0.00000000000000e+00	0.00000000000000e+00	0.00000000000000e+00	1.36160825639822e+02	0.00000000000000e+00	6.65889845273602e+02	0.00000000000000e+00	1
3	60	22	41	5.00000000000000e-02	0.00000000000000e+00	0.00000000000000e+00	0.00000000000000e+00	1.36249916015829e+02	0.00000000000000e+00	6.70044468327819e+02	0.00000000000000e+00	1
4	61	23	42	5.00000000000000e-02	0.00000000000000e+00	0.00000000000000e+00	0.00000000000000e+00	1.35745753589682e+02	0.00000000000000e+00	6.55692236162345e+02	0.00000000000000e+00	1
5	62	24	43	5.00000000000000e-02	0.00000000000000e+00	0.00000000000000e+00	0.00000000000000e+00	1.35168916765406e+02	0.00000000000000e+00	6.67577647350766e+02	0.00000000000000e+00	1
6	63	25	44	5.00000000000000e-02	0.00000000000000e+00	0.00000000000000e+00	0.00000000000000e+00	1.34589408090363e+02	0.00000000000000e+00	6.67350358754185e+02	0.00000000000000e+00	1
7	64	26	45	5.00000000000000e-02	0.00000000000000e+00	0.00000000000000e+00	0.00000000000000e+00	1.33722901660432e+02	0.00000000000000e+00	7.02402566179294e+02	0.00000000000000e+00	1
8	65	27	46	5.00000000000000e-02	0.00000000000000e+00	0.00000000000000e+00	0.00000000000000e+00	1.33157507746334e+02	0.00000000000000e+00	6.49389841699366e+02	0.00000000000000e+00	1
9	66	28	47	5.00000000000000e-02	0.00000000000000e+00	0.00000000000000e+00	0.00000000000000e+00	1.32459195814933e+02	0.00000000000000e+00	6.59170301432802e+02	0.00000000000000e+00	1
10	67	29	48	5.00000000000000e-02	0.00000000000000e+00	0.00000000000000e+00	0.00000000000000e+00	1.31861765976678e+02	0.00000000000000e+00	6.24477392988261e+02	0.00000000000000e+00	1
11	68	30	49	5.00000000000000e-02	0.00000000000000e+00	0.00000000000000e+00	0.00000000000000e+00	1.31307784443332e+02	0.00000000000000e+00	6.18819906998134e+02	0.00000000000000e+00	1
12	69	31	50	5.00000000000000e-02	0.00000000000000e+00	0.00000000000000e+00	0.00000000000000e+00	1.30794199175089e+02	0.00000000000000e+00	6.14481892011110e+02	0.00000000000000e+00	1
13	70	32	51	5.00000000000000e-02	0.00000000000000e+00	0.00000000000000e+00	0.00000000000000e+00	1.29833356550400e+02	0.00000000000000e+00	6.05340749993374e+02	0.00000000000000e+00	1
14	71	33	52	5.00000000000000e-02	0.00000000000000e+00	0.00000000000000e+00	0.00000000000000e+00	1.28211312396699e+02	0.00000000000000e+00	5.69733729090269e+02	0.00000000000000e+00	1
15	72	34	53	5.00000000000000e-02	0.00000000000000e+00	0.00000000000000e+00	0.00000000000000e+00	1.26295677281724e+02	0.00000000000000e+00	5.86061434785242e+02	0.00000000000000e+00	1
1	61	21	41	5.00000000000000e-02	0.00000000000000e+00	0.00000000000000e+00	0.00000000000000e+00	1.42877757558134e+02	0.00000000000000e+00	6.52861132334013e+02	0.00000000000000e+00	1
2	62	22	42	5.00000000000000e-02	0.00000000000000e+00	0.00000000000000e+00	0.00000000000000e+00	1.42248366506869e+02	0.00000000000000e+00	6.77843959646289e+02	0.00000000000000e+00	1
3	63	23	43	5.00000000000000e-02	0.00000000000000e+00	0.00000000000000e+00	0.00000000000000e+00	1.41798041500506e+02	0.00000000000000e+00	7.06623332877029e+02	0.00000000000000e+00	1
4	64	24	44	5.00000000000000e-02	0.00000000000000e+00	0.00000000000000e+00	0.00000000000000e+00	1.41165247984668e+02	0.00000000000000e+00	6.94614630122272e+02	0.00000000000000e+00	1
5	65	25	45	5.00000000000000e-02	0.00000000000000e+00	0.00000000000000e+00	0.00000000000000e+00	1.40336083938562e+02	0.00000000000000e+00	6.70180540190122e+02	0.00000000000000e+00	1
6	66	26	46	5.00000000000000e-02	0.00000000000000e+00	0.00000000000000e+00	0.00000000000000e+00	1.39637535446154e+02	0.00000000000000e+00	7.32590397447426e+02	0.00000000000000e+00	1
7	67	27	47	5.00000000000000e-02	0.00000000000000e+00	0.00000000000000e+00	0.00000000000000e+00	1.39165373625702e+02	0.00000000000000e+00	6.80077478522614e+02	0.00000000000000e+00	1
8	68	28	48	5.00000000000000e-02	0.00000000000000e+00	0.00000000000000e+00	0.00000000000000e+00	1.38666510639103e+02	0.00000000000000e+00	6.74787510114710e+02	0.00000000000000e+00	1
9	69	29	49	5.00000000000000e-02	0.00000000000000e+00	0.00000000000000e+00	0.00000000000000e+00	1.38106148960516e+02	0.00000000000000e+00	7.31130553272872e+02	0.00000000000000e+00	1
10	70	30	50	5.00000000000000e-02	0.00000000000000e+00	0.00000000000000e+00	0.00000000000000e+00	1.37577447872079e+02	0.00000000000000e+00	6.51254825659316e+02	0.00000000000000e+00	1
11	71	31	51	5.00000000000000e-02	0.00000000000000e+00	0.00000000000000e+00	0.00000000000000e+00	1.36585754139047e+02	0.00000000000000e+00	6.46402163432544e+02	0.00000000000000e+00	1
12	72	32	52	5.00000000000000e-02	0.00000000000000e+00	0.00000000000000e+00	0.00000000000000e+00	1.35767481103714e+02	0.00000000000000e+00	6.02135227306011e+02	0.00000000000000e+00	1
1	64	22	43	5.00000000000000e-02	0.00000000000000e+00	0.00000000000000e+00	0.00000000000000e+00	1.48423261240022e+02	0.00000000000000e+00	6.88542912810239e+02	0.00000000000000e+00	1
2	65	23	44	5.00000000000000e-02	0.00000000000000e+00	0.00000000000000e+00	0.00000000000000e+00	1.47602111625722e+02	0.00000000000000e+00	7.56833773224836e+02	0.00000000000000e+00	1
3	66	24	45	5.00000000000000e-02	0.00000000000000e+00	0.00000000000000e+00	0.00000000000000e+00	1.46777013160336e+02	0.00000000000000e+00	7.28666587798030e+02	0.00000000000000e+00	1
4	67	25	46	5.00000000000000e-02	0.00000000000000e+00	0.00000000000000e+00	0.00000000000000e+00	1.46380879663895e+02	0.00000000000000e+00	7.09998519031366e+02	0.00000000000000e+00	1
5	68	26	47	5.00000000000000e-02	0.00000000000000e+00	0.00000000000000e+00	0.00000000000000e+00	1.45744734356657e+02	0.00000000000000e+00	7.13728515248085e+02	0.00000000000000e+00	1
6	69	27	48	5.00000000000000e-02	0.00000000000000e+00	0.00000000000000e+00	0.00000000000000e+00	1.45310605366425e+02	0.00000000000000e+00	7.05641025779512e+02	0.00000000000000e+00	1
7	70	28	49	5.00000000000000e-02	0.00000000000000e+00	0.00000000000000e+00	0.00000000000000e+00	1.44750868515419e+02	0.00000000000000e+00	6.73289500432589e+02	0.00000000000000e+00	1
8	71	29	50	5.00000000000000e-02	0.00000000000000e+00	0.00000000000000e+00	0.00000000000000e+00	1.44274232416666e+02	0.00000000000000e+00	6.92683635008445e+02	0.00000000000000e+00	1
9	72	30	51	5.00000000000000e-02	0.00000000000000e+00	0.00000000000000e+00	0.00000000000000e+00	1.43392525864660e+02	0.00000000000000e+00	6.59109432497594e+02	0.00000000000000e+00	1
1	67	23	45	5.00000000000000e-02	0.00000000000000e+00	0.00000000000000e+00	0.00000000000000e+00	1.53617883871433e+02	0.00000000000000e+00	7.32863593067988e+02	0.00000000000000e+00	1
2	68	24	46	5.00000000000000e-02	0.00000000000000e+00	0.00000000000000e+00	0.00000000000000e+00	1.52807511712781e+02	0.00000000000000e+00	7.35140737512987e+02	0.00000000000000e+00	1
3	69	25	47	5.00000000000000e-02	0.00000000000000e+00	0.00000000000000e+00	0.00000000000000e+00	1.52309419604286e+02	0.00000000000000e+00	6.67954443425042e+02	0.00000000000000e+00	1
4	70	26	48	5.00000000000000e-02	0.00000000000000e+00	0.00000000000000e+00	0.00000000000000e+00	1.51844523050114e+02	0.00000000000000e+00	7.38550917539090e+02	0.00000000000000e+00	1
5	71	27	49	5.00000000000000e-02	0.00000000000000e+00	0.00000000000000e+00	0.00000000000000e+00	1.51296072663187e+02	0.00000000000000e+00	6.91611896707618e+02	0.00000000000000e+00	1
6	72	28	50	5.00000000000000e-02	0.00000000000000e+00	0.00000000000000e+00	0.00000000000000e+00	1.50811789768216e+02	0.00000000000000e+00	6.45557323755154e+02	0.00000000000000e+00	1
1	70	24	47	5.00000000000000e-02	0.00000000000000e+00	0.00000000000000e+00	0.00000000000000e+00	1.58962930059755e+02	0.00000000000000e+00	7.19144664345890e+02	0.00000000000000e+00	1
2	71	25	48	5.00000000000000e-02	0.00000000000000e+00	0.00000000000000e+00	0.00000000000000e+00	1.58191161668771e+02	0.00000000000000e+00	7.59436963833272e+02	0.00000000000000e+00	1
3	72	26	49	5.00000000000000e-02	0.00000000000000e+00	0.00000000000000e+00	0.00000000000000e+00	1.57608064554449e+02	0.00000000000000e+00	6.68238244897493e+02	0.00000000000000e+00	1
0
