72
# x y z
15	1614.4582953194	0
16	1614.221672952	0
17	1614.0202545554	0
18	1613.8801431529	0
19	1613.6787421144	0
20	1613.4542377262	0
21	1613.2052591604	0
22	1613.0361189408	0
23	1612.7683380917	0
24	1612.5039143283	0
25	1612.2874436409	0
26	1612.0614212705	0
27	1611.8076447815	0
28	1611.4985788422	0
29	1611.2313061998	0
30	1610.9324996639	0
31	1610.6562145269	0
32	1610.4024589268	0
33	1610.0487721373	0
34	1609.6566854357	0
35	1609.2763191672	0
36	1608.9288407351	0
37	1608.6153842534	0
38	1608.3121530915	0
39	1607.9620378985	0
40	1607.5890831679	0
41	1607.1527478659	0
42	1606.7231100411	0
43	1606.3294891917	0
44	1605.8916579979	0
45	1605.5571378559	0
46	1605.1945204779	0
47	1605.2024529938	0
48	1605.5722532911	0
49	1606.2333053366	0
50	1606.7488769915	0
51	1607.2628802481	0
52	1607.9528666056	0
53	1608.5281401438	0
54	1609.1086700508	0
55	1609.592007773	0
56	1610.1910500321	0
57	1610.7497515258	0
58	1611.3402200292	0
59	1611.9598302022	0
60	1612.5343344745	0
61	1613.0866762593	0
62	1613.627535108	0
63	1614.1387613712	0
64	1614.6111832059	0
65	1615.1967728583	0
66	1615.7322957147	0
67	1616.2654610451	0
68	1616.7196386914	0
69	1617.1973320166	0
70	1617.640512002	0
71	1618.0278917818	0
72	1618.4828743829	0
73	1618.8794827024	0
74	1619.3779372478	0
75	1619.7549039896	0
76	1620.1210898045	0
77	1620.5274783772	0
78	1620.8623704894	0
79	1621.1725356163	0
80	1621.50325467	0
81	1621.9084970396	0
82	1622.2205904936	0
83	1622.6075481285	0
84	1622.9342915078	0
85	1623.2004372901	0
86	1623.4848707608	0
828
# a b m n err i ip iperr k r rhoa u valid 
1	4	2	3	5.00000000000000e-02	0.00000000000000e+00	0.00000000000000e+00	0.00000000000000e+00	6.39726849106542e+00	0.00000000000000e+00	3.42696690939045e+02	0.00000000000000e+00	1
2	5	3	4	5.00000000000000e-02	0.00000000000000e+00	0.00000000000000e+00	0.00000000000000e+00	6.44497798233697e+00	0.00000000000000e+00	3.50222516958301e+02	0.00000000000000e+00	1
3	6	4	5	5.00000000000000e-02	0.00000000000000e+00	0.00000000000000e+00	0.00000000000000e+00	6.38444758328385e+00	0.00000000000000e+00	3.52303801984688e+02	0.00000000000000e+00	1
4	7	5	6	5.00000000000000e-02	0.00000000000000e+00	0.00000000000000e+00	0.00000000000000e+00	6.44359578462814e+00	0.00000000000000e+00	3.37890116754109e+02	0.00000000000000e+00	1
5	8	6	7	5.00000000000000e-02	0.00000000000000e+00	0.00000000000000e+00	0.00000000000000e+00	6.37408926992179e+00	0.00000000000000e+00	3.77118299715076e+02	0.00000000000000e+00	1
6	9	7	8	5.00000000000000e-02	0.00000000000000e+00	0.00000000000000e+00	0.00000000000000e+00	6.55561648120753e+00	0.00000000000000e+00	3.74236112229553e+02	0.00000000000000e+00	1
7	10	8	9	5.00000000000000e-02	0.00000000000000e+00	0.00000000000000e+00	0.00000000000000e+00	6.40420275256411e+00	0.00000000000000e+00	2.98666567782902e+02	0.00000000000000e+00	1
8	11	9	10	5.00000000000000e-02	0.00000000000000e+00	0.00000000000000e+00	0.00000000000000e+00	6.45091113325859e+00	0.00000000000000e+00	3.63834355627281e+02	0.00000000000000e+00	1
9	12	10	11	5.00000000000000e-02	0.00000000000000e+00	0.00000000000000e+00	0.00000000000000e+00	6.49203445600108e+00	0.00000000000000e+00	3.27440200823611e+02	0.00000000000000e+00	1
10	13	11	12	5.00000000000000e-02	0.00000000000000e+00	0.00000000000000e+00	0.00000000000000e+00	6.46259383687139e+00	0.00000000000000e+00	3.42357597660519e+02	0.00000000000000e+00	1
11	14	12	13	5.00000000000000e-02	0.00000000000000e+00	0.00000000000000e+00	0.00000000000000e+00	6.52258794517546e+00	0.00000000000000e+00	3.22683427788759e+02	0.00000000000000e+00	1
12	15	13	14	5.00000000000000e-02	0.00000000000000e+00	0.00000000000000e+00	0.00000000000000e+00	6.45348649895477e+00	0.00000000000000e+00	3.29041009102153e+02	0.00000000000000e+00	1
13	16	14	15	5.00000000000000e-02	0.00000000000000e+00	0.00000000000000e+00	0.00000000000000e+00	6.59998298323761e+00	0.00000000000000e+00	3.43048466119882e+02	0.00000000000000e+00	1
14	17	15	16	5.00000000000000e-02	0.00000000000000e+00	0.00000000000000e+00	0.00000000000000e+00	6.48856240247028e+00	0.00000000000000e+00	3.20385696802584e+02	0.00000000000000e+00	1
15	18	16	17	5.00000000000000e-02	0.00000000000000e+00	0.00000000000000e+00	0.00000000000000e+00	6.52069126602257e+00	0.00000000000000e+00	3.72907783694473e+02	0.00000000000000e+00	1
16	19	17	18	5.00000000000000e-02	0.00000000000000e+00	0.00000000000000e+00	0.00000000000000e+00	6.64942109205084e+00	0.00000000000000e+00	3.01258968846463e+02	0.00000000000000e+00	1
17	20	18	19	5.00000000000000e-02	0.00000000000000e+00	0.00000000000000e+00	0.00000000000000e+00	6.59053019765254e+00	0.00000000000000e+00	3.65293875588401e+02	0.00000000000000e+00	1
18	21	19	20	5.00000000000000e-02	0.00000000000000e+00	0.00000000000000e+00	0.00000000000000e+00	6.66630078684180e+00	0.00000000000000e+00	3.85241574997355e+02	0.00000000000000e+00	1
19	22	20	21	5.00000000000000e-02	0.00000000000000e+00	0.00000000000000e+00	0.00000000000000e+00	6.68907905578470e+00	0.00000000000000e+00	4.03714068352190e+02	0.00000000000000e+00	1
20	23	21	22	5.00000000000000e-02	0.00000000000000e+00	0.00000000000000e+00	0.00000000000000e+00	6.65388768195115e+00	0.00000000000000e+00	3.56149917391196e+02	0.00000000000000e+00	1
21	24	22	23	5.00000000000000e-02	0.00000000000000e+00	0.00000000000000e+00	0.00000000000000e+00	6.62071235256689e+00	0.00000000000000e+00	3.48907262606127e+02	0.00000000000000e+00	1
22	25	23	24	5.00000000000000e-02	0.00000000000000e+00	0.00000000000000e+00	0.00000000000000e+00	6.64915778250829e+00	0.00000000000000e+00	3.78471848740041e+02	0.00000000000000e+00	1
23	26	24	25	5.00000000000000e-02	0.00000000000000e+00	0.00000000000000e+00	0.00000000000000e+00	6.62480841705792e+00	0.00000000000000e+00	3.48219969886662e+02	0.00000000000000e+00	1
24	27	25	26	5.00000000000000e-02	0.00000000000000e+00	0.00000000000000e+00	0.00000000000000e+00	6.78040711479886e+00	0.00000000000000e+00	3.82156726381391e+02	0.00000000000000e+00	1
25	28	26	27	5.00000000000000e-02	0.00000000000000e+00	0.00000000000000e+00	0.00000000000000e+00	6.73136270689433e+00	0.00000000000000e+00	3.53957364522785e+02	0.00000000000000e+00	1
26	29	27	28	5.00000000000000e-02	0.00000000000000e+00	0.00000000000000e+00	0.00000000000000e+00	6.78631296222665e+00	0.00000000000000e+00	3.70983350834968e+02	0.00000000000000e+00	1
27	30	28	29	5.00000000000000e-02	0.00000000000000e+00	0.00000000000000e+00	0.00000000000000e+00	6.89866930247331e+00	0.00000000000000e+00	3.86466000131893e+02	0.00000000000000e+00	1
28	31	29	30	5.00000000000000e-02	0.00000000000000e+00	0.00000000000000e+00	0.00000000000000e+00	6.60877652796372e+00	0.00000000000000e+00	4.06729007151346e+02	0.00000000000000e+00	1
29	32	30	31	5.00000000000000e-02	0.00000000000000e+00	0.00000000000000e+00	0.00000000000000e+00	6.84757200468992e+00	0.00000000000000e+00	3.82779399907114e+02	0.00000000000000e+00	1
30	33	31	32	5.00000000000000e-02	0.00000000000000e+00	0.00000000000000e+00	0.00000000000000e+00	6.38628546617792e+00	0.00000000000000e+00	4.05655077751285e+02	0.00000000000000e+00	1
31	34	32	33	5.00000000000000e-02	0.00000000000000e+00	0.00000000000000e+00	0.00000000000000e+00	7.02509678402836e+00	0.00000000000000e+00	5.01774848733380e+02	0.00000000000000e+00	1
32	35	33	34	5.00000000000000e-02	0.00000000000000e+00	0.00000000000000e+00	0.00000000000000e+00	6.99357435463374e+00	0.00000000000000e+00	3.75860336461894e+02	0.00000000000000e+00	1
33	36	34	35	5.00000000000000e-02	0.00000000000000e+00	0.00000000000000e+00	0.00000000000000e+00	6.60445919412797e+00	0.00000000000000e+00	3.66343894401278e+02	0.00000000000000e+00	1
34	37	35	36	5.00000000000000e-02	0.00000000000000e+00	0.00000000000000e+00	0.00000000000000e+00	7.40863189757844e+00	0.00000000000000e+00	3.72390192529149e+02	0.00000000000000e+00	1
35	38	36	37	5.00000000000000e-02	0.00000000000000e+00	0.00000000000000e+00	0.00000000000000e+00	7.48902564262131e+00	0.00000000000000e+00	4.22481536272538e+02	0.00000000000000e+00	1
36	39	37	38	5.00000000000000e-02	0.00000000000000e+00	0.00000000000000e+00	0.00000000000000e+00	6.94059164760356e+00	0.00000000000000e+00	3.64063168110393e+02	0.00000000000000e+00	1
37	40	38	39	5.00000000000000e-02	0.00000000000000e+00	0.00000000000000e+00	0.00000000000000e+00	7.54769187757234e+00	0.00000000000000e+00	3.86417828699178e+02	0.00000000000000e+00	1
38	41	39	40	5.00000000000000e-02	0.00000000000000e+00	0.00000000000000e+00	0.00000000000000e+00	7.03754538081026e+00	0.00000000000000e+00	3.67007925523519e+02	0.00000000000000e+00	1
39	42	40	41	5.00000000000000e-02	0.00000000000000e+00	0.00000000000000e+00	0.00000000000000e+00	7.46646338056281e+00	0.00000000000000e+00	3.66610312522836e+02	0.00000000000000e+00	1
40	43	41	42	5.00000000000000e-02	0.00000000000000e+00	0.00000000000000e+00	0.00000000000000e+00	6.97453460899969e+00	0.00000000000000e+00	3.23292687434031e+02	0.00000000000000e+00	1
41	44	42	43	5.00000000000000e-02	0.00000000000000e+00	0.00000000000000e+00	0.00000000000000e+00	7.36866612020103e+00	0.00000000000000e+00	3.31647284820147e+02	0.00000000000000e+00	1
42	45	43	44	5.00000000000000e-02	0.00000000000000e+00	0.00000000000000e+00	0.00000000000000e+00	7.29147545000920e+00	0.00000000000000e+00	3.64734125418218e+02	0.00000000000000e+00	1
43	46	44	45	5.00000000000000e-02	0.00000000000000e+00	0.00000000000000e+00	0.00000000000000e+00	7.21302027460930e+00	0.00000000000000e+00	3.86169388383549e+02	0.00000000000000e+00	1
44	47	45	46	5.00000000000000e-02	0.00000000000000e+00	0.00000000000000e+00	0.00000000000000e+00	7.30194286844733e+00	0.00000000000000e+00	3.13365431483971e+02	0.00000000000000e+00	1
45	48	46	47	5.00000000000000e-02	0.00000000000000e+00	0.00000000000000e+00	0.00000000000000e+00	7.20276842195772e+00	0.00000000000000e+00	3.42578555816910e+02	0.00000000000000e+00	1
46	49	47	48	5.00000000000000e-02	0.00000000000000e+00	0.00000000000000e+00	0.00000000000000e+00	7.10368343524594e+00	0.00000000000000e+00	3.23046363768591e+02	0.00000000000000e+00	1
47	50	48	49	5.00000000000000e-02	0.00000000000000e+00	0.00000000000000e+00	0.00000000000000e+00	7.03928878241472e+00	0.00000000000000e+00	3.42491763958276e+02	0.00000000000000e+00	1
48	51	49	50	5.00000000000000e-02	0.00000000000000e+00	0.00000000000000e+00	0.00000000000000e+00	7.28329913297748e+00	0.00000000000000e+00	3.59709666335083e+02	0.00000000000000e+00	1
49	52	50	51	5.00000000000000e-02	0.00000000000000e+00	0.00000000000000e+00	0.00000000000000e+00	6.92276984710977e+00	0.00000000000000e+00	3.40888338768110e+02	0.00000000000000e+00	1
50	53	51	52	5.00000000000000e-02	0.00000000000000e+00	0.00000000000000e+00	0.00000000000000e+00	7.23699226475957e+00	0.00000000000000e+00	3.51989471738458e+02	0.00000000000000e+00	1
51	54	52	53	5.00000000000000e-02	0.00000000000000e+00	0.00000000000000e+00	0.00000000000000e+00	6.96036807219751e+00	0.00000000000000e+00	3.55320223751587e+02	0.00000000000000e+00	1
52	55	53	54	5.00000000000000e-02	0.00000000000000e+00	0.00000000000000e+00	0.00000000000000e+00	7.11422096951640e+00	0.00000000000000e+00	3.21192433504263e+02	0.00000000000000e+00	1
53	56	54	55	5.00000000000000e-02	0.00000000000000e+00	0.00000000000000e+00	0.00000000000000e+00	6.84932081320734e+00	0.00000000000000e+00	3.76086856688977e+02	0.00000000000000e+00	1
54	57	55	56	5.00000000000000e-02	0.00000000000000e+00	0.00000000000000e+00	0.00000000000000e+00	6.83789376585201e+00	0.00000000000000e+00	3.15680500909079e+02	0.00000000000000e+00	1
55	58	56	57	5.00000000000000e-02	0.00000000000000e+00	0.00000000000000e+00	0.00000000000000e+00	6.96665132086196e+00	0.00000000000000e+00	3.42052971728167e+02	0.00000000000000e+00	1
56	59	57	58	5.00000000000000e-02	0.00000000000000e+00	0.00000000000000e+00	0.00000000000000e+00	6.67565379663517e+00	0.00000000000000e+00	3.47490242967423e+02	0.00000000000000e+00	1
57	60	58	59	5.00000000000000e-02	0.00000000000000e+00	0.00000000000000e+00	0.00000000000000e+00	7.06943932178374e+00	0.00000000000000e+00	3.17805873942303e+02	0.00000000000000e+00	1
58	61	59	60	5.00000000000000e-02	0.00000000000000e+00	0.00000000000000e+00	0.00000000000000e+00	6.60791125512152e+00	0.00000000000000e+00	3.39896584494466e+02	0.00000000000000e+00	1
59	62	60	61	5.00000000000000e-02	0.00000000000000e+00	0.00000000000000e+00	0.00000000000000e+00	6.92538549705742e+00	0.00000000000000e+00	3.00209780417483e+02	0.00000000000000e+00	1
60	63	61	62	5.00000000000000e-02	0.00000000000000e+00	0.00000000000000e+00	0.00000000000000e+00	6.77765987693043e+00	0.00000000000000e+00	3.52914504615619e+02	0.00000000000000e+00	1
61	64	62	63	5.00000000000000e-02	0.00000000000000e+00	0.00000000000000e+00	0.00000000000000e+00	6.59986731458188e+00	0.00000000000000e+00	3.25827716009802e+02	0.00000000000000e+00	1
62	65	63	64	5.00000000000000e-02	0.00000000000000e+00	0.00000000000000e+00	0.00000000000000e+00	6.70678711820262e+00	0.00000000000000e+00	3.43127496790423e+02	0.00000000000000e+00	1
63	66	64	65	5.00000000000000e-02	0.00000000000000e+00	0.00000000000000e+00	0.00000000000000e+00	6.64429088727521e+00	0.00000000000000e+00	3.33372020318240e+02	0.00000000000000e+00	1
64	67	65	66	5.00000000000000e-02	0.00000000000000e+00	0.00000000000000e+00	0.00000000000000e+00	6.70911267019022e+00	0.00000000000000e+00	3.14181152933492e+02	0.00000000000000e+00	1
65	68	66	67	5.00000000000000e-02	0.00000000000000e+00	0.00000000000000e+00	0.00000000000000e+00	6.51692151217652e+00	0.00000000000000e+00	3.36037722414439e+02	0.00000000000000e+00	1
66	69	67	68	5.00000000000000e-02	0.00000000000000e+00	0.00000000000000e+00	0.00000000000000e+00	6.85367491500674e+00	0.00000000000000e+00	3.23274991602038e+02	0.00000000000000e+00	1
67	70	68	69	5.00000000000000e-02	0.00000000000000e+00	0.00000000000000e+00	0.00000000000000e+00	6.52986633134489e+00	0.00000000000000e+00	3.55411057928198e+02	0.00000000000000e+00	1
68	71	69	70	5.00000000000000e-02	0.00000000000000e+00	0.00000000000000e+00	0.00000000000000e+00	6.62309803822740e+00	0.00000000000000e+00	2.89064664251495e+02	0.00000000000000e+00	1
69	72	70	71	5.00000000000000e-02	0.00000000000000e+00	0.00000000000000e+00	0.00000000000000e+00	6.60728739743136e+00	0.00000000000000e+00	3.57257513481017e+02	0.00000000000000e+00	1
1	7	3	5	5.00000000000000e-02	0.00000000000000e+00	0.00000000000000e+00	0.00000000000000e+00	1.29650951980995e+01	0.00000000000000e+00	2.76242390449685e+02	0.00000000000000e+00	1
2	8	4	6	5.00000000000000e-02	0.00000000000000e+00	0.00000000000000e+00	0.00000000000000e+00	1.27668394142279e+01	0.00000000000000e+00	3.20127987750738e+02	0.00000000000000e+00	1
3	9	5	7	5.00000000000000e-02	0.00000000000000e+00	0.00000000000000e+00	0.00000000000000e+00	1.27548144658428e+01	0.00000000000000e+00	3.16433805735854e+02	0.00000000000000e+00	1
4	10	6	8	5.00000000000000e-02	0.00000000000000e+00	0.00000000000000e+00	0.00000000000000e+00	1.29717058255016e+01	0.00000000000000e+00	3.15363941313870e+02	0.00000000000000e+00	1
5	11	7	9	5.00000000000000e-02	0.00000000000000e+00	0.00000000000000e+00	0.00000000000000e+00	1.29480359818184e+01	0.00000000000000e+00	2.97373031167256e+02	0.00000000000000e+00	1
6	12	8	10	5.00000000000000e-02	0.00000000000000e+00	0.00000000000000e+00	0.00000000000000e+00	1.27839331201232e+01	0.00000000000000e+00	3.13762198417023e+02	0.00000000000000e+00	1
7	13	9	11	5.00000000000000e-02	0.00000000000000e+00	0.00000000000000e+00	0.00000000000000e+00	1.28772490413887e+01	0.00000000000000e+00	3.19681436737263e+02	0.00000000000000e+00	1
8	14	10	12	5.00000000000000e-02	0.00000000000000e+00	0.00000000000000e+00	0.00000000000000e+00	1.31135433874903e+01	0.00000000000000e+00	3.31041481319781e+02	0.00000000000000e+00	1
9	15	11	13	5.00000000000000e-02	0.00000000000000e+00	0.00000000000000e+00	0.00000000000000e+00	1.30413424093198e+01	0.00000000000000e+00	3.06882611077845e+02	0.00000000000000e+00	1
10	16	12	14	5.00000000000000e-02	0.00000000000000e+00	0.00000000000000e+00	0.00000000000000e+00	1.29221402558060e+01	0.00000000000000e+00	3.17670350223176e+02	0.00000000000000e+00	1
11	17	13	15	5.00000000000000e-02	0.00000000000000e+00	0.00000000000000e+00	0.00000000000000e+00	1.29610973622290e+01	0.00000000000000e+00	3.20232157076063e+02	0.00000000000000e+00	1
12	18	14	16	5.00000000000000e-02	0.00000000000000e+00	0.00000000000000e+00	0.00000000000000e+00	1.30111764760119e+01	0.00000000000000e+00	3.12730374407284e+02	0.00000000000000e+00	1
13	19	15	17	5.00000000000000e-02	0.00000000000000e+00	0.00000000000000e+00	0.00000000000000e+00	1.31205218456607e+01	0.00000000000000e+00	3.30871816014143e+02	0.00000000000000e+00	1
14	20	16	18	5.00000000000000e-02	0.00000000000000e+00	0.00000000000000e+00	0.00000000000000e+00	1.33599414417380e+01	0.00000000000000e+00	3.48677865467371e+02	0.00000000000000e+00	1
15	21	17	19	5.00000000000000e-02	0.00000000000000e+00	0.00000000000000e+00	0.00000000000000e+00	1.33436653766671e+01	0.00000000000000e+00	3.24645620742593e+02	0.00000000000000e+00	1
16	22	18	20	5.00000000000000e-02	0.00000000000000e+00	0.00000000000000e+00	0.00000000000000e+00	1.30789824636027e+01	0.00000000000000e+00	3.32553272335901e+02	0.00000000000000e+00	1
17	23	19	21	5.00000000000000e-02	0.00000000000000e+00	0.00000000000000e+00	0.00000000000000e+00	1.30494499868844e+01	0.00000000000000e+00	3.60503869176248e+02	0.00000000000000e+00	1
18	24	20	22	5.00000000000000e-02	0.00000000000000e+00	0.00000000000000e+00	0.00000000000000e+00	1.32351945866672e+01	0.00000000000000e+00	3.42724623274070e+02	0.00000000000000e+00	1
19	25	21	23	5.00000000000000e-02	0.00000000000000e+00	0.00000000000000e+00	0.00000000000000e+00	1.34012782898314e+01	0.00000000000000e+00	3.56876003169169e+02	0.00000000000000e+00	1
20	26	22	24	5.00000000000000e-02	0.00000000000000e+00	0.00000000000000e+00	0.00000000000000e+00	1.34820904701420e+01	0.00000000000000e+00	3.46389217074644e+02	0.00000000000000e+00	1
21	27	23	25	5.00000000000000e-02	0.00000000000000e+00	0.00000000000000e+00	0.00000000000000e+00	1.34850527700653e+01	0.00000000000000e+00	3.83661681573124e+02	0.00000000000000e+00	1
22	28	24	26	5.00000000000000e-02	0.00000000000000e+00	0.00000000000000e+00	0.00000000000000e+00	1.34473489380743e+01	0.00000000000000e+00	3.69480669201416e+02	0.00000000000000e+00	1
23	29	25	27	5.00000000000000e-02	0.00000000000000e+00	0.00000000000000e+00	0.00000000000000e+00	1.33292194515400e+01	0.00000000000000e+00	3.91514171621823e+02	0.00000000000000e+00	1
24	30	26	28	5.00000000000000e-02	0.00000000000000e+00	0.00000000000000e+00	0.00000000000000e+00	1.33846622085385e+01	0.00000000000000e+00	3.89749881222641e+02	0.00000000000000e+00	1
25	31	27	29	5.00000000000000e-02	0.00000000000000e+00	0.00000000000000e+00	0.00000000000000e+00	1.34760061277258e+01	0.00000000000000e+00	4.20971524609821e+02	0.00000000000000e+00	1
26	32	28	30	5.00000000000000e-02	0.00000000000000e+00	0.00000000000000e+00	0.00000000000000e+00	1.34454231096462e+01	0.00000000000000e+00	4.14316249848211e+02	0.00000000000000e+00	1
27	33	29	31	5.00000000000000e-02	0.00000000000000e+00	0.00000000000000e+00	0.00000000000000e+00	1.30399422416787e+01	0.00000000000000e+00	3.55430967675755e+02	0.00000000000000e+00	1
28	34	30	32	5.00000000000000e-02	0.00000000000000e+00	0.00000000000000e+00	0.00000000000000e+00	1.33607804098871e+01	0.00000000000000e+00	3.62640493273049e+02	0.00000000000000e+00	1
29	35	31	33	5.00000000000000e-02	0.00000000000000e+00	0.00000000000000e+00	0.00000000000000e+00	1.48281901620120e+01	0.00000000000000e+00	5.38156539719362e+02	0.00000000000000e+00	1
30	36	32	34	5.00000000000000e-02	0.00000000000000e+00	0.00000000000000e+00	0.00000000000000e+00	1.49293718218489e+01	0.00000000000000e+00	5.42297752872314e+02	0.00000000000000e+00	1
31	37	33	35	5.00000000000000e-02	0.00000000000000e+00	0.00000000000000e+00	0.00000000000000e+00	1.34221470465321e+01	0.00000000000000e+00	3.81003935655829e+02	0.00000000000000e+00	1
32	38	34	36	5.00000000000000e-02	0.00000000000000e+00	0.00000000000000e+00	0.00000000000000e+00	1.33167114818661e+01	0.00000000000000e+00	3.83332345786681e+02	0.00000000000000e+00	1
33	39	35	37	5.00000000000000e-02	0.00000000000000e+00	0.00000000000000e+00	0.00000000000000e+00	1.46842423588405e+01	0.00000000000000e+00	3.98144312441940e+02	0.00000000000000e+00	1
34	40	36	38	5.00000000000000e-02	0.00000000000000e+00	0.00000000000000e+00	0.00000000000000e+00	1.44871136711880e+01	0.00000000000000e+00	4.31468870397708e+02	0.00000000000000e+00	1
35	41	37	39	5.00000000000000e-02	0.00000000000000e+00	0.00000000000000e+00	0.00000000000000e+00	1.38672618261508e+01	0.00000000000000e+00	3.89449808503528e+02	0.00000000000000e+00	1
36	42	38	40	5.00000000000000e-02	0.00000000000000e+00	0.00000000000000e+00	0.00000000000000e+00	1.44570048348431e+01	0.00000000000000e+00	3.97321203833197e+02	0.00000000000000e+00	1
37	43	39	41	5.00000000000000e-02	0.00000000000000e+00	0.00000000000000e+00	0.00000000000000e+00	1.49359918529153e+01	0.00000000000000e+00	4.06114138646879e+02	0.00000000000000e+00	1
38	44	40	42	5.00000000000000e-02	0.00000000000000e+00	0.00000000000000e+00	0.00000000000000e+00	1.46138056879462e+01	0.00000000000000e+00	3.68512404114877e+02	0.00000000000000e+00	1
39	45	41	43	5.00000000000000e-02	0.00000000000000e+00	0.00000000000000e+00	0.00000000000000e+00	1.44262377432604e+01	0.00000000000000e+00	3.67741144394385e+02	0.00000000000000e+00	1
40	46	42	44	5.00000000000000e-02	0.00000000000000e+00	0.00000000000000e+00	0.00000000000000e+00	1.44440071618860e+01	0.00000000000000e+00	3.51628727098474e+02	0.00000000000000e+00	1
41	47	43	45	5.00000000000000e-02	0.00000000000000e+00	0.00000000000000e+00	0.00000000000000e+00	1.43664962638167e+01	0.00000000000000e+00	3.37574610956281e+02	0.00000000000000e+00	1
42	48	44	46	5.00000000000000e-02	0.00000000000000e+00	0.00000000000000e+00	0.00000000000000e+00	1.42951383815774e+01	0.00000000000000e+00	3.71035693316347e+02	0.00000000000000e+00	1
43	49	45	47	5.00000000000000e-02	0.00000000000000e+00	0.00000000000000e+00	0.00000000000000e+00	1.44474059072065e+01	0.00000000000000e+00	3.69900291116462e+02	0.00000000000000e+00	1
44	50	46	48	5.00000000000000e-02	0.00000000000000e+00	0.00000000000000e+00	0.00000000000000e+00	1.43100489962893e+01	0.00000000000000e+00	3.47998868311097e+02	0.00000000000000e+00	1
45	51	47	49	5.00000000000000e-02	0.00000000000000e+00	0.00000000000000e+00	0.00000000000000e+00	1.43804932518674e+01	0.00000000000000e+00	3.13825234418589e+02	0.00000000000000e+00	1
46	52	48	50	5.00000000000000e-02	0.00000000000000e+00	0.00000000000000e+00	0.00000000000000e+00	1.45521878204286e+01	0.00000000000000e+00	3.06083759177972e+02	0.00000000000000e+00	1
47	53	49	51	5.00000000000000e-02	0.00000000000000e+00	0.00000000000000e+00	0.00000000000000e+00	1.42269132822179e+01	0.00000000000000e+00	3.35771601157628e+02	0.00000000000000e+00	1
48	54	50	52	5.00000000000000e-02	0.00000000000000e+00	0.00000000000000e+00	0.00000000000000e+00	1.38208539859435e+01	0.00000000000000e+00	3.41886397453481e+02	0.00000000000000e+00	1
49	55	51	53	5.00000000000000e-02	0.00000000000000e+00	0.00000000000000e+00	0.00000000000000e+00	1.39362397367705e+01	0.00000000000000e+00	3.43639361575500e+02	0.00000000000000e+00	1
50	56	52	54	5.00000000000000e-02	0.00000000000000e+00	0.00000000000000e+00	0.00000000000000e+00	1.41665299481556e+01	0.00000000000000e+00	2.98464028603466e+02	0.00000000000000e+00	1
51	57	53	55	5.00000000000000e-02	0.00000000000000e+00	0.00000000000000e+00	0.00000000000000e+00	1.39506993836826e+01	0.00000000000000e+00	3.12411090373033e+02	0.00000000000000e+00	1
52	58	54	56	5.00000000000000e-02	0.00000000000000e+00	0.00000000000000e+00	0.00000000000000e+00	1.38171138557151e+01	0.00000000000000e+00	3.26691757099530e+02	0.00000000000000e+00	1
53	59	55	57	5.00000000000000e-02	0.00000000000000e+00	0.00000000000000e+00	0.00000000000000e+00	1.38389031770051e+01	0.00000000000000e+00	3.11383454649078e+02	0.00000000000000e+00	1
54	60	56	58	5.00000000000000e-02	0.00000000000000e+00	0.00000000000000e+00	0.00000000000000e+00	1.38858741326251e+01	0.00000000000000e+00	2.98828244249468e+02	0.00000000000000e+00	1
55	61	57	59	5.00000000000000e-02	0.00000000000000e+00	0.00000000000000e+00	0.00000000000000e+00	1.36639573498165e+01	0.00000000000000e+00	3.13045062519075e+02	0.00000000000000e+00	1
56	62	58	60	5.00000000000000e-02	0.00000000000000e+00	0.00000000000000e+00	0.00000000000000e+00	1.34017241179099e+01	0.00000000000000e+00	3.32750709878881e+02	0.00000000000000e+00	1
57	63	59	61	5.00000000000000e-02	0.00000000000000e+00	0.00000000000000e+00	0.00000000000000e+00	1.34897960150626e+01	0.00000000000000e+00	3.01507816089811e+02	0.00000000000000e+00	1
58	64	60	62	5.00000000000000e-02	0.00000000000000e+00	0.00000000000000e+00	0.00000000000000e+00	1.36744216811901e+01	0.00000000000000e+00	3.11473619387190e+02	0.00000000000000e+00	1
59	65	61	63	5.00000000000000e-02	0.00000000000000e+00	0.00000000000000e+00	0.00000000000000e+00	1.34510343695479e+01	0.00000000000000e+00	3.52091434617215e+02	0.00000000000000e+00	1
60	66	62	64	5.00000000000000e-02	0.00000000000000e+00	0.00000000000000e+00	0.00000000000000e+00	1.32509427183326e+01	0.00000000000000e+00	2.91174686719771e+02	0.00000000000000e+00	1
61	67	63	65	5.00000000000000e-02	0.00000000000000e+00	0.00000000000000e+00	0.00000000000000e+00	1.35501504135114e+01	0.00000000000000e+00	2.77689169679493e+02	0.00000000000000e+00	1
62	68	64	66	5.00000000000000e-02	0.00000000000000e+00	0.00000000000000e+00	0.00000000000000e+00	1.34699388925930e+01	0.00000000000000e+00	3.21192592552757e+02	0.00000000000000e+00	1
63	69	65	67	5.00000000000000e-02	0.00000000000000e+00	0.00000000000000e+00	0.00000000000000e+00	1.31935065020225e+01	0.00000000000000e+00	3.01537750337276e+02	0.00000000000000e+00	1
64	70	66	68	5.00000000000000e-02	0.00000000000000e+00	0.00000000000000e+00	0.00000000000000e+00	1.32291311164160e+01	0.00000000000000e+00	2.70237335337178e+02	0.00000000000000e+00	1
65	71	67	69	5.00000000000000e-02	0.00000000000000e+00	0.00000000000000e+00	0.00000000000000e+00	1.32165177072019e+01	0.00000000000000e+00	3.30802199432815e+02	0.00000000000000e+00	1
66	72	68	70	5.00000000000000e-02	0.00000000000000e+00	0.00000000000000e+00	0.00000000000000e+00	1.31188246746701e+01	0.00000000000000e+00	3.10621687467376e+02	0.00000000000000e+00	1
1	10	4	7	5.00000000000000e-02	0.00000000000000e+00	0.00000000000000e+00	0.00000000000000e+00	1.92560280443362e+01	0.00000000000000e+00	2.83067066320552e+02	0.00000000000000e+00	1
2	11	5	8	5.00000000000000e-02	0.00000000000000e+00	0.00000000000000e+00	0.00000000000000e+00	1.92999017050571e+01	0.00000000000000e+00	2.84210152592750e+02	0.00000000000000e+00	1
3	12	6	9	5.00000000000000e-02	0.00000000000000e+00	0.00000000000000e+00	0.00000000000000e+00	1.92441202402832e+01	0.00000000000000e+00	3.12003696651387e+02	0.00000000000000e+00	1
4	13	7	10	5.00000000000000e-02	0.00000000000000e+00	0.00000000000000e+00	0.00000000000000e+00	1.93245816886243e+01	0.00000000000000e+00	2.90417816509053e+02	0.00000000000000e+00	1
5	14	8	11	5.00000000000000e-02	0.00000000000000e+00	0.00000000000000e+00	0.00000000000000e+00	1.93623765217808e+01	0.00000000000000e+00	3.10493382595072e+02	0.00000000000000e+00	1
6	15	9	12	5.00000000000000e-02	0.00000000000000e+00	0.00000000000000e+00	0.00000000000000e+00	1.94883759070861e+01	0.00000000000000e+00	2.99848162351093e+02	0.00000000000000e+00	1
7	16	10	13	5.00000000000000e-02	0.00000000000000e+00	0.00000000000000e+00	0.00000000000000e+00	1.95721144672130e+01	0.00000000000000e+00	2.90992128791338e+02	0.00000000000000e+00	1
8	17	11	14	5.00000000000000e-02	0.00000000000000e+00	0.00000000000000e+00	0.00000000000000e+00	1.95094920854098e+01	0.00000000000000e+00	3.11610749718416e+02	0.00000000000000e+00	1
9	18	12	15	5.00000000000000e-02	0.00000000000000e+00	0.00000000000000e+00	0.00000000000000e+00	1.94134569482644e+01	0.00000000000000e+00	3.09438003591001e+02	0.00000000000000e+00	1
10	19	13	16	5.00000000000000e-02	0.00000000000000e+00	0.00000000000000e+00	0.00000000000000e+00	1.94353411741464e+01	0.00000000000000e+00	3.63585532876848e+02	0.00000000000000e+00	1
11	20	14	17	5.00000000000000e-02	0.00000000000000e+00	0.00000000000000e+00	0.00000000000000e+00	1.97299161764409e+01	0.00000000000000e+00	3.62664146258912e+02	0.00000000000000e+00	1
12	21	15	18	5.00000000000000e-02	0.00000000000000e+00	0.00000000000000e+00	0.00000000000000e+00	1.99957672182483e+01	0.00000000000000e+00	3.24707941791436e+02	0.00000000000000e+00	1
13	22	16	19	5.00000000000000e-02	0.00000000000000e+00	0.00000000000000e+00	0.00000000000000e+00	1.99937502028238e+01	0.00000000000000e+00	3.08977753054435e+02	0.00000000000000e+00	1
14	23	17	20	5.00000000000000e-02	0.00000000000000e+00	0.00000000000000e+00	0.00000000000000e+00	1.97145337027654e+01	0.00000000000000e+00	3.12373181834731e+02	0.00000000000000e+00	1
15	24	18	21	5.00000000000000e-02	0.00000000000000e+00	0.00000000000000e+00	0.00000000000000e+00	1.94654225636512e+01	0.00000000000000e+00	3.47571708023456e+02	0.00000000000000e+00	1
16	25	19	22	5.00000000000000e-02	0.00000000000000e+00	0.00000000000000e+00	0.00000000000000e+00	1.95426673398622e+01	0.00000000000000e+00	3.59645847051732e+02	0.00000000000000e+00	1
17	26	20	23	5.00000000000000e-02	0.00000000000000e+00	0.00000000000000e+00	0.00000000000000e+00	1.98665780354377e+01	0.00000000000000e+00	3.92142203551675e+02	0.00000000000000e+00	1
18	27	21	24	5.00000000000000e-02	0.00000000000000e+00	0.00000000000000e+00	0.00000000000000e+00	2.03677257584667e+01	0.00000000000000e+00	3.89094214851111e+02	0.00000000000000e+00	1
19	28	22	25	5.00000000000000e-02	0.00000000000000e+00	0.00000000000000e+00	0.00000000000000e+00	2.04978932768664e+01	0.00000000000000e+00	3.86073415823938e+02	0.00000000000000e+00	1
20	29	23	26	5.00000000000000e-02	0.00000000000000e+00	0.00000000000000e+00	0.00000000000000e+00	2.03388212082057e+01	0.00000000000000e+00	3.68336282804689e+02	0.00000000000000e+00	1
21	30	24	27	5.00000000000000e-02	0.00000000000000e+00	0.00000000000000e+00	0.00000000000000e+00	2.00770031144626e+01	0.00000000000000e+00	3.99995650235461e+02	0.00000000000000e+00	1
22	31	25	28	5.00000000000000e-02	0.00000000000000e+00	0.00000000000000e+00	0.00000000000000e+00	1.98317736707781e+01	0.00000000000000e+00	3.88022974796222e+02	0.00000000000000e+00	1
23	32	26	29	5.00000000000000e-02	0.00000000000000e+00	0.00000000000000e+00	0.00000000000000e+00	1.98448478210394e+01	0.00000000000000e+00	4.28401593491790e+02	0.00000000000000e+00	1
24	33	27	30	5.00000000000000e-02	0.00000000000000e+00	0.00000000000000e+00	0.00000000000000e+00	1.94691314591043e+01	0.00000000000000e+00	3.60719470280836e+02	0.00000000000000e+00	1
25	34	28	31	5.00000000000000e-02	0.00000000000000e+00	0.00000000000000e+00	0.00000000000000e+00	1.94502841006312e+01	0.00000000000000e+00	3.26644372903874e+02	0.00000000000000e+00	1
26	35	29	32	5.00000000000000e-02	0.00000000000000e+00	0.00000000000000e+00	0.00000000000000e+00	2.08821825796190e+01	0.00000000000000e+00	3.96988121654102e+02	0.00000000000000e+00	1
27	36	30	33	5.00000000000000e-02	0.00000000000000e+00	0.00000000000000e+00	0.00000000000000e+00	2.24336433274237e+01	0.00000000000000e+00	4.56650776310362e+02	0.00000000000000e+00	1
28	37	31	34	5.00000000000000e-02	0.00000000000000e+00	0.00000000000000e+00	0.00000000000000e+00	2.26755081304330e+01	0.00000000000000e+00	5.84275592558881e+02	0.00000000000000e+00	1
29	38	32	35	5.00000000000000e-02	0.00000000000000e+00	0.00000000000000e+00	0.00000000000000e+00	2.22109610729958e+01	0.00000000000000e+00	4.94612519802521e+02	0.00000000000000e+00	1
30	39	33	36	5.00000000000000e-02	0.00000000000000e+00	0.00000000000000e+00	0.00000000000000e+00	2.08876150464472e+01	0.00000000000000e+00	3.83874083626388e+02	0.00000000000000e+00	1
31	40	34	37	5.00000000000000e-02	0.00000000000000e+00	0.00000000000000e+00	0.00000000000000e+00	2.00526735854889e+01	0.00000000000000e+00	4.04854841038838e+02	0.00000000000000e+00	1
32	41	35	38	5.00000000000000e-02	0.00000000000000e+00	0.00000000000000e+00	0.00000000000000e+00	2.02265294214896e+01	0.00000000000000e+00	3.30458201038087e+02	0.00000000000000e+00	1
33	42	36	39	5.00000000000000e-02	0.00000000000000e+00	0.00000000000000e+00	0.00000000000000e+00	2.11207317572883e+01	0.00000000000000e+00	3.99907919362600e+02	0.00000000000000e+00	1
34	43	37	40	5.00000000000000e-02	0.00000000000000e+00	0.00000000000000e+00	0.00000000000000e+00	2.12880018591844e+01	0.00000000000000e+00	4.05261870930476e+02	0.00000000000000e+00	1
35	44	38	41	5.00000000000000e-02	0.00000000000000e+00	0.00000000000000e+00	0.00000000000000e+00	2.19208750634098e+01	0.00000000000000e+00	3.71766729271091e+02	0.00000000000000e+00	1
36	45	39	42	5.00000000000000e-02	0.00000000000000e+00	0.00000000000000e+00	0.00000000000000e+00	2.20771093247524e+01	0.00000000000000e+00	4.03174765983110e+02	0.00000000000000e+00	1
37	46	40	43	5.00000000000000e-02	0.00000000000000e+00	0.00000000000000e+00	0.00000000000000e+00	2.23170177769060e+01	0.00000000000000e+00	4.10052234548034e+02	0.00000000000000e+00	1
38	47	41	44	5.00000000000000e-02	0.00000000000000e+00	0.00000000000000e+00	0.00000000000000e+00	2.15592015671019e+01	0.00000000000000e+00	4.00796950142844e+02	0.00000000000000e+00	1
39	48	42	45	5.00000000000000e-02	0.00000000000000e+00	0.00000000000000e+00	0.00000000000000e+00	2.14016741319978e+01	0.00000000000000e+00	3.85213083709482e+02	0.00000000000000e+00	1
40	49	43	46	5.00000000000000e-02	0.00000000000000e+00	0.00000000000000e+00	0.00000000000000e+00	2.11897018906032e+01	0.00000000000000e+00	3.69517318876055e+02	0.00000000000000e+00	1
41	50	44	47	5.00000000000000e-02	0.00000000000000e+00	0.00000000000000e+00	0.00000000000000e+00	2.13124288950645e+01	0.00000000000000e+00	3.69031917983138e+02	0.00000000000000e+00	1
42	51	45	48	5.00000000000000e-02	0.00000000000000e+00	0.00000000000000e+00	0.00000000000000e+00	2.15769067113076e+01	0.00000000000000e+00	3.21560368451747e+02	0.00000000000000e+00	1
43	52	46	49	5.00000000000000e-02	0.00000000000000e+00	0.00000000000000e+00	0.00000000000000e+00	2.17665854463196e+01	0.00000000000000e+00	3.61804500145220e+02	0.00000000000000e+00	1
44	53	47	50	5.00000000000000e-02	0.00000000000000e+00	0.00000000000000e+00	0.00000000000000e+00	2.19414205947618e+01	0.00000000000000e+00	3.68911816463160e+02	0.00000000000000e+00	1
45	54	48	51	5.00000000000000e-02	0.00000000000000e+00	0.00000000000000e+00	0.00000000000000e+00	2.13902159429905e+01	0.00000000000000e+00	3.44510133307206e+02	0.00000000000000e+00	1
46	55	49	52	5.00000000000000e-02	0.00000000000000e+00	0.00000000000000e+00	0.00000000000000e+00	2.10918367148350e+01	0.00000000000000e+00	3.42410283877149e+02	0.00000000000000e+00	1
47	56	50	53	5.00000000000000e-02	0.00000000000000e+00	0.00000000000000e+00	0.00000000000000e+00	2.06594658315826e+01	0.00000000000000e+00	3.44231206623952e+02	0.00000000000000e+00	1
48	57	51	54	5.00000000000000e-02	0.00000000000000e+00	0.00000000000000e+00	0.00000000000000e+00	2.08031698707046e+01	0.00000000000000e+00	3.10626300793082e+02	0.00000000000000e+00	1
49	58	52	55	5.00000000000000e-02	0.00000000000000e+00	0.00000000000000e+00	0.00000000000000e+00	2.08898776943894e+01	0.00000000000000e+00	3.12407856759291e+02	0.00000000000000e+00	1
50	59	53	56	5.00000000000000e-02	0.00000000000000e+00	0.00000000000000e+00	0.00000000000000e+00	2.10552326859847e+01	0.00000000000000e+00	3.04748861872063e+02	0.00000000000000e+00	1
51	60	54	57	5.00000000000000e-02	0.00000000000000e+00	0.00000000000000e+00	0.00000000000000e+00	2.10779694941047e+01	0.00000000000000e+00	3.18018840306302e+02	0.00000000000000e+00	1
52	61	55	58	5.00000000000000e-02	0.00000000000000e+00	0.00000000000000e+00	0.00000000000000e+00	2.08336794115088e+01	0.00000000000000e+00	3.14801848206629e+02	0.00000000000000e+00	1
53	62	56	59	5.00000000000000e-02	0.00000000000000e+00	0.00000000000000e+00	0.00000000000000e+00	2.06548480467425e+01	0.00000000000000e+00	3.28906773302949e+02	0.00000000000000e+00	1
54	63	57	60	5.00000000000000e-02	0.00000000000000e+00	0.00000000000000e+00	0.00000000000000e+00	2.02305933847769e+01	0.00000000000000e+00	3.17365781941015e+02	0.00000000000000e+00	1
55	64	58	61	5.00000000000000e-02	0.00000000000000e+00	0.00000000000000e+00	0.00000000000000e+00	2.02130634103031e+01	0.00000000000000e+00	3.00654920511285e+02	0.00000000000000e+00	1
56	65	59	62	5.00000000000000e-02	0.00000000000000e+00	0.00000000000000e+00	0.00000000000000e+00	2.00767693735614e+01	0.00000000000000e+00	3.18446434082331e+02	0.00000000000000e+00	1
57	66	60	63	5.00000000000000e-02	0.00000000000000e+00	0.00000000000000e+00	0.00000000000000e+00	2.02678487999678e+01	0.00000000000000e+00	2.82655645749793e+02	0.00000000000000e+00	1
58	67	61	64	5.00000000000000e-02	0.00000000000000e+00	0.00000000000000e+00	0.00000000000000e+00	2.02790474480539e+01	0.00000000000000e+00	3.00792929335764e+02	0.00000000000000e+00	1
59	68	62	65	5.00000000000000e-02	0.00000000000000e+00	0.00000000000000e+00	0.00000000000000e+00	2.02891499565105e+01	0.00000000000000e+00	2.84079253667160e+02	0.00000000000000e+00	1
60	69	63	66	5.00000000000000e-02	0.00000000000000e+00	0.00000000000000e+00	0.00000000000000e+00	2.03007956830228e+01	0.00000000000000e+00	3.04720169723276e+02	0.00000000000000e+00	1
61	70	64	67	5.00000000000000e-02	0.00000000000000e+00	0.00000000000000e+00	0.00000000000000e+00	2.00289527945410e+01	0.00000000000000e+00	3.06436247858380e+02	0.00000000000000e+00	1
62	71	65	68	5.00000000000000e-02	0.00000000000000e+00	0.00000000000000e+00	0.00000000000000e+00	1.98692463865885e+01	0.00000000000000e+00	3.24203991090705e+02	0.00000000000000e+00	1
63	72	66	69	5.00000000000000e-02	0.00000000000000e+00	0.00000000000000e+00	0.00000000000000e+00	1.95622260393555e+01	0.00000000000000e+00	2.98327227801820e+02	0.00000000000000e+00	1
1	13	5	9	5.00000000000000e-02	0.00000000000000e+00	0.00000000000000e+00	0.00000000000000e+00	2.57028848649601e+01	0.00000000000000e+00	2.99385131066025e+02	0.00000000000000e+00	1
2	14	6	10	5.00000000000000e-02	0.00000000000000e+00	0.00000000000000e+00	0.00000000000000e+00	2.57146714929069e+01	0.00000000000000e+00	3.14838160481740e+02	0.00000000000000e+00	1
3	15	7	11	5.00000000000000e-02	0.00000000000000e+00	0.00000000000000e+00	0.00000000000000e+00	2.58401273268568e+01	0.00000000000000e+00	3.26633602078495e+02	0.00000000000000e+00	1
4	16	8	12	5.00000000000000e-02	0.00000000000000e+00	0.00000000000000e+00	0.00000000000000e+00	2.59170254052903e+01	0.00000000000000e+00	3.08897152099229e+02	0.00000000000000e+00	1
5	17	9	13	5.00000000000000e-02	0.00000000000000e+00	0.00000000000000e+00	0.00000000000000e+00	2.60241817048011e+01	0.00000000000000e+00	3.07589279044471e+02	0.00000000000000e+00	1
6	18	10	14	5.00000000000000e-02	0.00000000000000e+00	0.00000000000000e+00	0.00000000000000e+00	2.59616682016832e+01	0.00000000000000e+00	3.42491475218874e+02	0.00000000000000e+00	1
7	19	11	15	5.00000000000000e-02	0.00000000000000e+00	0.00000000000000e+00	0.00000000000000e+00	2.59985242329789e+01	0.00000000000000e+00	3.24721989385846e+02	0.00000000000000e+00	1
8	20	12	16	5.00000000000000e-02	0.00000000000000e+00	0.00000000000000e+00	0.00000000000000e+00	2.61285619349381e+01	0.00000000000000e+00	3.14983612295619e+02	0.00000000000000e+00	1
9	21	13	17	5.00000000000000e-02	0.00000000000000e+00	0.00000000000000e+00	0.00000000000000e+00	2.62472302732400e+01	0.00000000000000e+00	3.04184386431656e+02	0.00000000000000e+00	1
10	22	14	18	5.00000000000000e-02	0.00000000000000e+00	0.00000000000000e+00	0.00000000000000e+00	2.64960129277653e+01	0.00000000000000e+00	3.52817886716004e+02	0.00000000000000e+00	1
11	23	15	19	5.00000000000000e-02	0.00000000000000e+00	0.00000000000000e+00	0.00000000000000e+00	2.64136170688702e+01	0.00000000000000e+00	3.11999305409657e+02	0.00000000000000e+00	1
12	24	16	20	5.00000000000000e-02	0.00000000000000e+00	0.00000000000000e+00	0.00000000000000e+00	2.62814188438782e+01	0.00000000000000e+00	3.54079835030420e+02	0.00000000000000e+00	1
13	25	17	21	5.00000000000000e-02	0.00000000000000e+00	0.00000000000000e+00	0.00000000000000e+00	2.61675640125724e+01	0.00000000000000e+00	3.47835060409037e+02	0.00000000000000e+00	1
14	26	18	22	5.00000000000000e-02	0.00000000000000e+00	0.00000000000000e+00	0.00000000000000e+00	2.60458221098701e+01	0.00000000000000e+00	3.74563546965534e+02	0.00000000000000e+00	1
15	27	19	23	5.00000000000000e-02	0.00000000000000e+00	0.00000000000000e+00	0.00000000000000e+00	2.63785534566162e+01	0.00000000000000e+00	4.13675531453913e+02	0.00000000000000e+00	1
16	28	20	24	5.00000000000000e-02	0.00000000000000e+00	0.00000000000000e+00	0.00000000000000e+00	2.68090885347595e+01	0.00000000000000e+00	3.86633189446699e+02	0.00000000000000e+00	1
17	29	21	25	5.00000000000000e-02	0.00000000000000e+00	0.00000000000000e+00	0.00000000000000e+00	2.70781984642987e+01	0.00000000000000e+00	3.95840230902751e+02	0.00000000000000e+00	1
18	30	22	26	5.00000000000000e-02	0.00000000000000e+00	0.00000000000000e+00	0.00000000000000e+00	2.73252347642697e+01	0.00000000000000e+00	3.97598534628767e+02	0.00000000000000e+00	1
19	31	23	27	5.00000000000000e-02	0.00000000000000e+00	0.00000000000000e+00	0.00000000000000e+00	2.69366879067699e+01	0.00000000000000e+00	3.83790675654970e+02	0.00000000000000e+00	1
20	32	24	28	5.00000000000000e-02	0.00000000000000e+00	0.00000000000000e+00	0.00000000000000e+00	2.65479455039714e+01	0.00000000000000e+00	3.51151335363164e+02	0.00000000000000e+00	1
21	33	25	29	5.00000000000000e-02	0.00000000000000e+00	0.00000000000000e+00	0.00000000000000e+00	2.58912390671761e+01	0.00000000000000e+00	3.36227597179775e+02	0.00000000000000e+00	1
22	34	26	30	5.00000000000000e-02	0.00000000000000e+00	0.00000000000000e+00	0.00000000000000e+00	2.53156274790468e+01	0.00000000000000e+00	3.40630388386632e+02	0.00000000000000e+00	1
23	35	27	31	5.00000000000000e-02	0.00000000000000e+00	0.00000000000000e+00	0.00000000000000e+00	2.61411072497541e+01	0.00000000000000e+00	3.95406271439496e+02	0.00000000000000e+00	1
24	36	28	32	5.00000000000000e-02	0.00000000000000e+00	0.00000000000000e+00	0.00000000000000e+00	2.80631009774191e+01	0.00000000000000e+00	4.24325637229164e+02	0.00000000000000e+00	1
25	37	29	33	5.00000000000000e-02	0.00000000000000e+00	0.00000000000000e+00	0.00000000000000e+00	2.97236569266476e+01	0.00000000000000e+00	4.68807903559085e+02	0.00000000000000e+00	1
26	38	30	34	5.00000000000000e-02	0.00000000000000e+00	0.00000000000000e+00	0.00000000000000e+00	3.09954875426203e+01	0.00000000000000e+00	4.84937664693027e+02	0.00000000000000e+00	1
27	39	31	35	5.00000000000000e-02	0.00000000000000e+00	0.00000000000000e+00	0.00000000000000e+00	3.02524626265542e+01	0.00000000000000e+00	5.07263515992782e+02	0.00000000000000e+00	1
28	40	32	36	5.00000000000000e-02	0.00000000000000e+00	0.00000000000000e+00	0.00000000000000e+00	2.96978196530836e+01	0.00000000000000e+00	5.06272273866679e+02	0.00000000000000e+00	1
29	41	33	37	5.00000000000000e-02	0.00000000000000e+00	0.00000000000000e+00	0.00000000000000e+00	2.81846713763089e+01	0.00000000000000e+00	4.15607975824706e+02	0.00000000000000e+00	1
30	42	34	38	5.00000000000000e-02	0.00000000000000e+00	0.00000000000000e+00	0.00000000000000e+00	2.63915636516799e+01	0.00000000000000e+00	3.74535300086920e+02	0.00000000000000e+00	1
31	43	35	39	5.00000000000000e-02	0.00000000000000e+00	0.00000000000000e+00	0.00000000000000e+00	2.62867312442873e+01	0.00000000000000e+00	3.53843383464528e+02	0.00000000000000e+00	1
32	44	36	40	5.00000000000000e-02	0.00000000000000e+00	0.00000000000000e+00	0.00000000000000e+00	2.72409234949161e+01	0.00000000000000e+00	3.64277634668604e+02	0.00000000000000e+00	1
33	45	37	41	5.00000000000000e-02	0.00000000000000e+00	0.00000000000000e+00	0.00000000000000e+00	2.85600690525518e+01	0.00000000000000e+00	3.82467625532322e+02	0.00000000000000e+00	1
34	46	38	42	5.00000000000000e-02	0.00000000000000e+00	0.00000000000000e+00	0.00000000000000e+00	2.93857941479190e+01	0.00000000000000e+00	4.20143034253980e+02	0.00000000000000e+00	1
35	47	39	43	5.00000000000000e-02	0.00000000000000e+00	0.00000000000000e+00	0.00000000000000e+00	2.91900534489510e+01	0.00000000000000e+00	4.00840839467127e+02	0.00000000000000e+00	1
36	48	40	44	5.00000000000000e-02	0.00000000000000e+00	0.00000000000000e+00	0.00000000000000e+00	2.92112778257675e+01	0.00000000000000e+00	3.71816763253427e+02	0.00000000000000e+00	1
37	49	41	45	5.00000000000000e-02	0.00000000000000e+00	0.00000000000000e+00	0.00000000000000e+00	2.86752639531238e+01	0.00000000000000e+00	4.02003072171986e+02	0.00000000000000e+00	1
38	50	42	46	5.00000000000000e-02	0.00000000000000e+00	0.00000000000000e+00	0.00000000000000e+00	2.82819711217554e+01	0.00000000000000e+00	4.30359709179184e+02	0.00000000000000e+00	1
39	51	43	47	5.00000000000000e-02	0.00000000000000e+00	0.00000000000000e+00	0.00000000000000e+00	2.83265741666677e+01	0.00000000000000e+00	3.77097954136582e+02	0.00000000000000e+00	1
40	52	44	48	5.00000000000000e-02	0.00000000000000e+00	0.00000000000000e+00	0.00000000000000e+00	2.84109100732540e+01	0.00000000000000e+00	4.09385171738647e+02	0.00000000000000e+00	1
41	53	45	49	5.00000000000000e-02	0.00000000000000e+00	0.00000000000000e+00	0.00000000000000e+00	2.89377280603687e+01	0.00000000000000e+00	3.74042498211538e+02	0.00000000000000e+00	1
42	54	46	50	5.00000000000000e-02	0.00000000000000e+00	0.00000000000000e+00	0.00000000000000e+00	2.89950321794611e+01	0.00000000000000e+00	3.71727277831689e+02	0.00000000000000e+00	1
43	55	47	51	5.00000000000000e-02	0.00000000000000e+00	0.00000000000000e+00	0.00000000000000e+00	2.86879314767796e+01	0.00000000000000e+00	3.78962917814651e+02	0.00000000000000e+00	1
44	56	48	52	5.00000000000000e-02	0.00000000000000e+00	0.00000000000000e+00	0.00000000000000e+00	2.83845681863791e+01	0.00000000000000e+00	3.44413796460655e+02	0.00000000000000e+00	1
45	57	49	53	5.00000000000000e-02	0.00000000000000e+00	0.00000000000000e+00	0.00000000000000e+00	2.78229318603158e+01	0.00000000000000e+00	3.63530245788305e+02	0.00000000000000e+00	1
46	58	50	54	5.00000000000000e-02	0.00000000000000e+00	0.00000000000000e+00	0.00000000000000e+00	2.76351700404922e+01	0.00000000000000e+00	3.60117291346855e+02	0.00000000000000e+00	1
47	59	51	55	5.00000000000000e-02	0.00000000000000e+00	0.00000000000000e+00	0.00000000000000e+00	2.76984590901448e+01	0.00000000000000e+00	3.39758977542759e+02	0.00000000000000e+00	1
48	60	52	56	5.00000000000000e-02	0.00000000000000e+00	0.00000000000000e+00	0.00000000000000e+00	2.79169076184558e+01	0.00000000000000e+00	3.41351259436800e+02	0.00000000000000e+00	1
49	61	53	57	5.00000000000000e-02	0.00000000000000e+00	0.00000000000000e+00	0.00000000000000e+00	2.81421099331674e+01	0.00000000000000e+00	3.26244998237501e+02	0.00000000000000e+00	1
50	62	54	58	5.00000000000000e-02	0.00000000000000e+00	0.00000000000000e+00	0.00000000000000e+00	2.79307068819472e+01	0.00000000000000e+00	3.52180022186213e+02	0.00000000000000e+00	1
51	63	55	59	5.00000000000000e-02	0.00000000000000e+00	0.00000000000000e+00	0.00000000000000e+00	2.78266844757274e+01	0.00000000000000e+00	2.84896375087184e+02	0.00000000000000e+00	1
52	64	56	60	5.00000000000000e-02	0.00000000000000e+00	0.00000000000000e+00	0.00000000000000e+00	2.72797490157797e+01	0.00000000000000e+00	2.96325343575210e+02	0.00000000000000e+00	1
53	65	57	61	5.00000000000000e-02	0.00000000000000e+00	0.00000000000000e+00	0.00000000000000e+00	2.69080041945566e+01	0.00000000000000e+00	3.10167339130109e+02	0.00000000000000e+00	1
54	66	58	62	5.00000000000000e-02	0.00000000000000e+00	0.00000000000000e+00	0.00000000000000e+00	2.69577880560336e+01	0.00000000000000e+00	3.11766261323173e+02	0.00000000000000e+00	1
55	67	59	63	5.00000000000000e-02	0.00000000000000e+00	0.00000000000000e+00	0.00000000000000e+00	2.67983906800337e+01	0.00000000000000e+00	3.31182551011137e+02	0.00000000000000e+00	1
56	68	60	64	5.00000000000000e-02	0.00000000000000e+00	0.00000000000000e+00	0.00000000000000e+00	2.70484955531757e+01	0.00000000000000e+00	2.96185211577617e+02	0.00000000000000e+00	1
57	69	61	65	5.00000000000000e-02	0.00000000000000e+00	0.00000000000000e+00	0.00000000000000e+00	2.72279353380296e+01	0.00000000000000e+00	3.12159417080352e+02	0.00000000000000e+00	1
58	70	62	66	5.00000000000000e-02	0.00000000000000e+00	0.00000000000000e+00	0.00000000000000e+00	2.70973799228981e+01	0.00000000000000e+00	2.90936927615748e+02	0.00000000000000e+00	1
59	71	63	67	5.00000000000000e-02	0.00000000000000e+00	0.00000000000000e+00	0.00000000000000e+00	2.68982438248560e+01	0.00000000000000e+00	3.19963750414636e+02	0.00000000000000e+00	1
60	72	64	68	5.00000000000000e-02	0.00000000000000e+00	0.00000000000000e+00	0.00000000000000e+00	2.66020884586167e+01	0.00000000000000e+00	3.02071453665744e+02	0.00000000000000e+00	1
1	16	6	11	5.00000000000000e-02	0.00000000000000e+00	0.00000000000000e+00	0.00000000000000e+00	3.23151139124051e+01	0.00000000000000e+00	2.86848367543049e+02	0.00000000000000e+00	1
2	17	7	12	5.00000000000000e-02	0.00000000000000e+00	0.00000000000000e+00	0.00000000000000e+00	3.24066935545114e+01	0.00000000000000e+00	3.10555697184182e+02	0.00000000000000e+00	1
3	18	8	13	5.00000000000000e-02	0.00000000000000e+00	0.00000000000000e+00	0.00000000000000e+00	3.23151300517363e+01	0.00000000000000e+00	3.40687348656458e+02	0.00000000000000e+00	1
4	19	9	14	5.00000000000000e-02	0.00000000000000e+00	0.00000000000000e+00	0.00000000000000e+00	3.24636969984720e+01	0.00000000000000e+00	3.59691945275832e+02	0.00000000000000e+00	1
5	20	10	15	5.00000000000000e-02	0.00000000000000e+00	0.00000000000000e+00	0.00000000000000e+00	3.26992365599261e+01	0.00000000000000e+00	3.47330799290050e+02	0.00000000000000e+00	1
6	21	11	16	5.00000000000000e-02	0.00000000000000e+00	0.00000000000000e+00	0.00000000000000e+00	3.27410887368090e+01	0.00000000000000e+00	3.14114525489593e+02	0.00000000000000e+00	1
7	22	12	17	5.00000000000000e-02	0.00000000000000e+00	0.00000000000000e+00	0.00000000000000e+00	3.27810136786295e+01	0.00000000000000e+00	3.36633978271074e+02	0.00000000000000e+00	1
8	23	13	18	5.00000000000000e-02	0.00000000000000e+00	0.00000000000000e+00	0.00000000000000e+00	3.29671109456062e+01	0.00000000000000e+00	3.30059627826027e+02	0.00000000000000e+00	1
9	24	14	19	5.00000000000000e-02	0.00000000000000e+00	0.00000000000000e+00	0.00000000000000e+00	3.28961587629052e+01	0.00000000000000e+00	3.36434155210614e+02	0.00000000000000e+00	1
10	25	15	20	5.00000000000000e-02	0.00000000000000e+00	0.00000000000000e+00	0.00000000000000e+00	3.27232481476538e+01	0.00000000000000e+00	3.68277044580767e+02	0.00000000000000e+00	1
11	26	16	21	5.00000000000000e-02	0.00000000000000e+00	0.00000000000000e+00	0.00000000000000e+00	3.27340747146718e+01	0.00000000000000e+00	3.73038070113099e+02	0.00000000000000e+00	1
12	27	17	22	5.00000000000000e-02	0.00000000000000e+00	0.00000000000000e+00	0.00000000000000e+00	3.28617410994613e+01	0.00000000000000e+00	4.03599375551882e+02	0.00000000000000e+00	1
13	28	18	23	5.00000000000000e-02	0.00000000000000e+00	0.00000000000000e+00	0.00000000000000e+00	3.29859791818637e+01	0.00000000000000e+00	3.61089193588226e+02	0.00000000000000e+00	1
14	29	19	24	5.00000000000000e-02	0.00000000000000e+00	0.00000000000000e+00	0.00000000000000e+00	3.32448089398682e+01	0.00000000000000e+00	3.97115871686285e+02	0.00000000000000e+00	1
15	30	20	25	5.00000000000000e-02	0.00000000000000e+00	0.00000000000000e+00	0.00000000000000e+00	3.36156072223007e+01	0.00000000000000e+00	4.01536002908690e+02	0.00000000000000e+00	1
16	31	21	26	5.00000000000000e-02	0.00000000000000e+00	0.00000000000000e+00	0.00000000000000e+00	3.36768273569369e+01	0.00000000000000e+00	3.44062230441694e+02	0.00000000000000e+00	1
17	32	22	27	5.00000000000000e-02	0.00000000000000e+00	0.00000000000000e+00	0.00000000000000e+00	3.35627510714695e+01	0.00000000000000e+00	3.91161718116274e+02	0.00000000000000e+00	1
18	33	23	28	5.00000000000000e-02	0.00000000000000e+00	0.00000000000000e+00	0.00000000000000e+00	3.28636634015919e+01	0.00000000000000e+00	3.41037412347704e+02	0.00000000000000e+00	1
19	34	24	29	5.00000000000000e-02	0.00000000000000e+00	0.00000000000000e+00	0.00000000000000e+00	3.19752952851855e+01	0.00000000000000e+00	3.15424039747353e+02	0.00000000000000e+00	1
20	35	25	30	5.00000000000000e-02	0.00000000000000e+00	0.00000000000000e+00	0.00000000000000e+00	3.19225412120631e+01	0.00000000000000e+00	3.19205393243245e+02	0.00000000000000e+00	1
21	36	26	31	5.00000000000000e-02	0.00000000000000e+00	0.00000000000000e+00	0.00000000000000e+00	3.29522898787699e+01	0.00000000000000e+00	3.26044413898346e+02	0.00000000000000e+00	1
22	37	27	32	5.00000000000000e-02	0.00000000000000e+00	0.00000000000000e+00	0.00000000000000e+00	3.49844849309440e+01	0.00000000000000e+00	4.19262841272008e+02	0.00000000000000e+00	1
23	38	28	33	5.00000000000000e-02	0.00000000000000e+00	0.00000000000000e+00	0.00000000000000e+00	3.73116648810422e+01	0.00000000000000e+00	5.31958932939008e+02	0.00000000000000e+00	1
24	39	29	34	5.00000000000000e-02	0.00000000000000e+00	0.00000000000000e+00	0.00000000000000e+00	3.83192908737801e+01	0.00000000000000e+00	4.92082290633296e+02	0.00000000000000e+00	1
25	40	30	35	5.00000000000000e-02	0.00000000000000e+00	0.00000000000000e+00	0.00000000000000e+00	3.82126185682576e+01	0.00000000000000e+00	5.42330780614178e+02	0.00000000000000e+00	1
26	41	31	36	5.00000000000000e-02	0.00000000000000e+00	0.00000000000000e+00	0.00000000000000e+00	3.76785044641915e+01	0.00000000000000e+00	5.01275556328953e+02	0.00000000000000e+00	1
27	42	32	37	5.00000000000000e-02	0.00000000000000e+00	0.00000000000000e+00	0.00000000000000e+00	3.70994427725036e+01	0.00000000000000e+00	5.37305014000346e+02	0.00000000000000e+00	1
28	43	33	38	5.00000000000000e-02	0.00000000000000e+00	0.00000000000000e+00	0.00000000000000e+00	3.50633635168172e+01	0.00000000000000e+00	4.04692993528687e+02	0.00000000000000e+00	1
29	44	34	39	5.00000000000000e-02	0.00000000000000e+00	0.00000000000000e+00	0.00000000000000e+00	3.34610761212019e+01	0.00000000000000e+00	3.66714499435739e+02	0.00000000000000e+00	1
30	45	35	40	5.00000000000000e-02	0.00000000000000e+00	0.00000000000000e+00	0.00000000000000e+00	3.28448366655687e+01	0.00000000000000e+00	3.44349824546808e+02	0.00000000000000e+00	1
31	46	36	41	5.00000000000000e-02	0.00000000000000e+00	0.00000000000000e+00	0.00000000000000e+00	3.34877761017547e+01	0.00000000000000e+00	3.41887728058579e+02	0.00000000000000e+00	1
32	47	37	42	5.00000000000000e-02	0.00000000000000e+00	0.00000000000000e+00	0.00000000000000e+00	3.45202818677772e+01	0.00000000000000e+00	3.21238482286615e+02	0.00000000000000e+00	1
33	48	38	43	5.00000000000000e-02	0.00000000000000e+00	0.00000000000000e+00	0.00000000000000e+00	3.60775231087222e+01	0.00000000000000e+00	3.94719041309247e+02	0.00000000000000e+00	1
34	49	39	44	5.00000000000000e-02	0.00000000000000e+00	0.00000000000000e+00	0.00000000000000e+00	3.63497521066591e+01	0.00000000000000e+00	3.97812911696058e+02	0.00000000000000e+00	1
35	50	40	45	5.00000000000000e-02	0.00000000000000e+00	0.00000000000000e+00	0.00000000000000e+00	3.57649904383664e+01	0.00000000000000e+00	3.89971480888181e+02	0.00000000000000e+00	1
36	51	41	46	5.00000000000000e-02	0.00000000000000e+00	0.00000000000000e+00	0.00000000000000e+00	3.55786088307713e+01	0.00000000000000e+00	3.62955930527595e+02	0.00000000000000e+00	1
37	52	42	47	5.00000000000000e-02	0.00000000000000e+00	0.00000000000000e+00	0.00000000000000e+00	3.58059530109755e+01	0.00000000000000e+00	4.20026599482274e+02	0.00000000000000e+00	1
38	53	43	48	5.00000000000000e-02	0.00000000000000e+00	0.00000000000000e+00	0.00000000000000e+00	3.55177344663882e+01	0.00000000000000e+00	3.86967306870630e+02	0.00000000000000e+00	1
39	54	44	49	5.00000000000000e-02	0.00000000000000e+00	0.00000000000000e+00	0.00000000000000e+00	3.55454468072466e+01	0.00000000000000e+00	3.95980554305516e+02	0.00000000000000e+00	1
40	55	45	50	5.00000000000000e-02	0.00000000000000e+00	0.00000000000000e+00	0.00000000000000e+00	3.58660265546722e+01	0.00000000000000e+00	3.73384489216256e+02	0.00000000000000e+00	1
41	56	46	51	5.00000000000000e-02	0.00000000000000e+00	0.00000000000000e+00	0.00000000000000e+00	3.57482089355455e+01	0.00000000000000e+00	3.72375807653122e+02	0.00000000000000e+00	1
42	57	47	52	5.00000000000000e-02	0.00000000000000e+00	0.00000000000000e+00	0.00000000000000e+00	3.53565193151337e+01	0.00000000000000e+00	4.14906858564527e+02	0.00000000000000e+00	1
43	58	48	53	5.00000000000000e-02	0.00000000000000e+00	0.00000000000000e+00	0.00000000000000e+00	3.51710669838562e+01	0.00000000000000e+00	3.52405193470894e+02	0.00000000000000e+00	1
44	59	49	54	5.00000000000000e-02	0.00000000000000e+00	0.00000000000000e+00	0.00000000000000e+00	3.49650770921207e+01	0.00000000000000e+00	3.60947185838718e+02	0.00000000000000e+00	1
45	60	50	55	5.00000000000000e-02	0.00000000000000e+00	0.00000000000000e+00	0.00000000000000e+00	3.46821914908662e+01	0.00000000000000e+00	3.70512438013409e+02	0.00000000000000e+00	1
46	61	51	56	5.00000000000000e-02	0.00000000000000e+00	0.00000000000000e+00	0.00000000000000e+00	3.47743082784991e+01	0.00000000000000e+00	3.62210361847776e+02	0.00000000000000e+00	1
47	62	52	57	5.00000000000000e-02	0.00000000000000e+00	0.00000000000000e+00	0.00000000000000e+00	3.48983060384499e+01	0.00000000000000e+00	3.46117332418002e+02	0.00000000000000e+00	1
48	63	53	58	5.00000000000000e-02	0.00000000000000e+00	0.00000000000000e+00	0.00000000000000e+00	3.48947601235571e+01	0.00000000000000e+00	3.68459114654902e+02	0.00000000000000e+00	1
49	64	54	59	5.00000000000000e-02	0.00000000000000e+00	0.00000000000000e+00	0.00000000000000e+00	3.47351326205462e+01	0.00000000000000e+00	3.53343481126890e+02	0.00000000000000e+00	1
50	65	55	60	5.00000000000000e-02	0.00000000000000e+00	0.00000000000000e+00	0.00000000000000e+00	3.43924915217217e+01	0.00000000000000e+00	3.51864550375741e+02	0.00000000000000e+00	1
51	66	56	61	5.00000000000000e-02	0.00000000000000e+00	0.00000000000000e+00	0.00000000000000e+00	3.41102633360481e+01	0.00000000000000e+00	3.22824843205600e+02	0.00000000000000e+00	1
52	67	57	62	5.00000000000000e-02	0.00000000000000e+00	0.00000000000000e+00	0.00000000000000e+00	3.39097915121739e+01	0.00000000000000e+00	3.47044397894241e+02	0.00000000000000e+00	1
53	68	58	63	5.00000000000000e-02	0.00000000000000e+00	0.00000000000000e+00	0.00000000000000e+00	3.36723968914143e+01	0.00000000000000e+00	3.34875663811409e+02	0.00000000000000e+00	1
54	69	59	64	5.00000000000000e-02	0.00000000000000e+00	0.00000000000000e+00	0.00000000000000e+00	3.37181204530906e+01	0.00000000000000e+00	3.27672986056711e+02	0.00000000000000e+00	1
55	70	60	65	5.00000000000000e-02	0.00000000000000e+00	0.00000000000000e+00	0.00000000000000e+00	3.39978716754822e+01	0.00000000000000e+00	3.49770689334843e+02	0.00000000000000e+00	1
56	71	61	66	5.00000000000000e-02	0.00000000000000e+00	0.00000000000000e+00	0.00000000000000e+00	3.38231694413796e+01	0.00000000000000e+00	3.16420184619702e+02	0.00000000000000e+00	1
57	72	62	67	5.00000000000000e-02	0.00000000000000e+00	0.00000000000000e+00	0.00000000000000e+00	3.35599585086863e+01	0.00000000000000e+00	3.25978061071751e+02	0.00000000000000e+00	1
1	19	7	13	5.00000000000000e-02	0.00000000000000e+00	0.00000000000000e+00	0.00000000000000e+00	3.89970622240606e+01	0.00000000000000e+00	3.51452723381930e+02	0.00000000000000e+00	1
2	20	8	14	5.00000000000000e-02	0.00000000000000e+00	0.00000000000000e+00	0.00000000000000e+00	3.89405485791504e+01	0.00000000000000e+00	3.09063037661305e+02	0.00000000000000e+00	1
3	21	9	15	5.00000000000000e-02	0.00000000000000e+00	0.00000000000000e+00	0.00000000000000e+00	3.91632686779961e+01	0.00000000000000e+00	3.53220360476484e+02	0.00000000000000e+00	1
4	22	10	16	5.00000000000000e-02	0.00000000000000e+00	0.00000000000000e+00	0.00000000000000e+00	3.93335545150175e+01	0.00000000000000e+00	3.71192536930660e+02	0.00000000000000e+00	1
5	23	11	17	5.00000000000000e-02	0.00000000000000e+00	0.00000000000000e+00	0.00000000000000e+00	3.93554365160074e+01	0.00000000000000e+00	3.88131305655972e+02	0.00000000000000e+00	1
6	24	12	18	5.00000000000000e-02	0.00000000000000e+00	0.00000000000000e+00	0.00000000000000e+00	3.94091451414979e+01	0.00000000000000e+00	3.31312407222116e+02	0.00000000000000e+00	1
7	25	13	19	5.00000000000000e-02	0.00000000000000e+00	0.00000000000000e+00	0.00000000000000e+00	3.93216896867124e+01	0.00000000000000e+00	3.63285367310978e+02	0.00000000000000e+00	1
8	26	14	20	5.00000000000000e-02	0.00000000000000e+00	0.00000000000000e+00	0.00000000000000e+00	3.93743575534098e+01	0.00000000000000e+00	3.57869837802059e+02	0.00000000000000e+00	1
9	27	15	21	5.00000000000000e-02	0.00000000000000e+00	0.00000000000000e+00	0.00000000000000e+00	3.93548581452452e+01	0.00000000000000e+00	4.08772513168620e+02	0.00000000000000e+00	1
10	28	16	22	5.00000000000000e-02	0.00000000000000e+00	0.00000000000000e+00	0.00000000000000e+00	3.94772115673394e+01	0.00000000000000e+00	3.93009781422675e+02	0.00000000000000e+00	1
11	29	17	23	5.00000000000000e-02	0.00000000000000e+00	0.00000000000000e+00	0.00000000000000e+00	3.96425410819391e+01	0.00000000000000e+00	3.88340058831508e+02	0.00000000000000e+00	1
12	30	18	24	5.00000000000000e-02	0.00000000000000e+00	0.00000000000000e+00	0.00000000000000e+00	3.98534922852493e+01	0.00000000000000e+00	3.87992308720610e+02	0.00000000000000e+00	1
13	31	19	25	5.00000000000000e-02	0.00000000000000e+00	0.00000000000000e+00	0.00000000000000e+00	3.99603289385125e+01	0.00000000000000e+00	3.60362572305328e+02	0.00000000000000e+00	1
14	32	20	26	5.00000000000000e-02	0.00000000000000e+00	0.00000000000000e+00	0.00000000000000e+00	4.00763901025435e+01	0.00000000000000e+00	3.58887977389049e+02	0.00000000000000e+00	1
15	33	21	27	5.00000000000000e-02	0.00000000000000e+00	0.00000000000000e+00	0.00000000000000e+00	3.94772442039454e+01	0.00000000000000e+00	3.37959497804959e+02	0.00000000000000e+00	1
16	34	22	28	5.00000000000000e-02	0.00000000000000e+00	0.00000000000000e+00	0.00000000000000e+00	3.85757375194481e+01	0.00000000000000e+00	2.97388331175834e+02	0.00000000000000e+00	1
17	35	23	29	5.00000000000000e-02	0.00000000000000e+00	0.00000000000000e+00	0.00000000000000e+00	3.82416062736866e+01	0.00000000000000e+00	3.20073772814965e+02	0.00000000000000e+00	1
18	36	24	30	5.00000000000000e-02	0.00000000000000e+00	0.00000000000000e+00	0.00000000000000e+00	3.88472654842764e+01	0.00000000000000e+00	3.06776689139390e+02	0.00000000000000e+00	1
19	37	25	31	5.00000000000000e-02	0.00000000000000e+00	0.00000000000000e+00	0.00000000000000e+00	4.01495506032724e+01	0.00000000000000e+00	3.44635057736299e+02	0.00000000000000e+00	1
20	38	26	32	5.00000000000000e-02	0.00000000000000e+00	0.00000000000000e+00	0.00000000000000e+00	4.25687327616522e+01	0.00000000000000e+00	3.99698657744344e+02	0.00000000000000e+00	1
21	39	27	33	5.00000000000000e-02	0.00000000000000e+00	0.00000000000000e+00	0.00000000000000e+00	4.45026816591854e+01	0.00000000000000e+00	4.84661847787116e+02	0.00000000000000e+00	1
22	40	28	34	5.00000000000000e-02	0.00000000000000e+00	0.00000000000000e+00	0.00000000000000e+00	4.55215573319911e+01	0.00000000000000e+00	4.79054683293145e+02	0.00000000000000e+00	1
23	41	29	35	5.00000000000000e-02	0.00000000000000e+00	0.00000000000000e+00	0.00000000000000e+00	4.51947418776405e+01	0.00000000000000e+00	5.26118936822448e+02	0.00000000000000e+00	1
24	42	30	36	5.00000000000000e-02	0.00000000000000e+00	0.00000000000000e+00	0.00000000000000e+00	4.55158209719533e+01	0.00000000000000e+00	5.21760902329485e+02	0.00000000000000e+00	1
25	43	31	37	5.00000000000000e-02	0.00000000000000e+00	0.00000000000000e+00	0.00000000000000e+00	4.51604324754285e+01	0.00000000000000e+00	5.47708487592080e+02	0.00000000000000e+00	1
26	44	32	38	5.00000000000000e-02	0.00000000000000e+00	0.00000000000000e+00	0.00000000000000e+00	4.41042249017332e+01	0.00000000000000e+00	5.30700006920352e+02	0.00000000000000e+00	1
27	45	33	39	5.00000000000000e-02	0.00000000000000e+00	0.00000000000000e+00	0.00000000000000e+00	4.25186917249692e+01	0.00000000000000e+00	4.18972520868271e+02	0.00000000000000e+00	1
28	46	34	40	5.00000000000000e-02	0.00000000000000e+00	0.00000000000000e+00	0.00000000000000e+00	4.06400328593264e+01	0.00000000000000e+00	3.69280367644204e+02	0.00000000000000e+00	1
29	47	35	41	5.00000000000000e-02	0.00000000000000e+00	0.00000000000000e+00	0.00000000000000e+00	3.97956194178577e+01	0.00000000000000e+00	3.64048722193374e+02	0.00000000000000e+00	1
30	48	36	42	5.00000000000000e-02	0.00000000000000e+00	0.00000000000000e+00	0.00000000000000e+00	3.95496185295944e+01	0.00000000000000e+00	3.47666447076425e+02	0.00000000000000e+00	1
31	49	37	43	5.00000000000000e-02	0.00000000000000e+00	0.00000000000000e+00	0.00000000000000e+00	4.01105549994827e+01	0.00000000000000e+00	3.42807012429583e+02	0.00000000000000e+00	1
32	50	38	44	5.00000000000000e-02	0.00000000000000e+00	0.00000000000000e+00	0.00000000000000e+00	4.16863939286509e+01	0.00000000000000e+00	3.88340532870984e+02	0.00000000000000e+00	1
33	51	39	45	5.00000000000000e-02	0.00000000000000e+00	0.00000000000000e+00	0.00000000000000e+00	4.27426916835632e+01	0.00000000000000e+00	3.93222852407872e+02	0.00000000000000e+00	1
34	52	40	46	5.00000000000000e-02	0.00000000000000e+00	0.00000000000000e+00	0.00000000000000e+00	4.31465744276110e+01	0.00000000000000e+00	4.32743294976609e+02	0.00000000000000e+00	1
35	53	41	47	5.00000000000000e-02	0.00000000000000e+00	0.00000000000000e+00	0.00000000000000e+00	4.25940469087871e+01	0.00000000000000e+00	4.12461645102590e+02	0.00000000000000e+00	1
36	54	42	48	5.00000000000000e-02	0.00000000000000e+00	0.00000000000000e+00	0.00000000000000e+00	4.26796489167894e+01	0.00000000000000e+00	4.11607113094661e+02	0.00000000000000e+00	1
37	55	43	49	5.00000000000000e-02	0.00000000000000e+00	0.00000000000000e+00	0.00000000000000e+00	4.27794347475646e+01	0.00000000000000e+00	4.15400828462677e+02	0.00000000000000e+00	1
38	56	44	50	5.00000000000000e-02	0.00000000000000e+00	0.00000000000000e+00	0.00000000000000e+00	4.26662728647145e+01	0.00000000000000e+00	4.50586238288488e+02	0.00000000000000e+00	1
39	57	45	51	5.00000000000000e-02	0.00000000000000e+00	0.00000000000000e+00	0.00000000000000e+00	4.23975561185862e+01	0.00000000000000e+00	3.66638282698890e+02	0.00000000000000e+00	1
40	58	46	52	5.00000000000000e-02	0.00000000000000e+00	0.00000000000000e+00	0.00000000000000e+00	4.22762317379946e+01	0.00000000000000e+00	4.26627111304386e+02	0.00000000000000e+00	1
41	59	47	53	5.00000000000000e-02	0.00000000000000e+00	0.00000000000000e+00	0.00000000000000e+00	4.21864288786103e+01	0.00000000000000e+00	3.74687508786171e+02	0.00000000000000e+00	1
42	60	48	54	5.00000000000000e-02	0.00000000000000e+00	0.00000000000000e+00	0.00000000000000e+00	4.22671457958788e+01	0.00000000000000e+00	3.60571149860408e+02	0.00000000000000e+00	1
43	61	49	55	5.00000000000000e-02	0.00000000000000e+00	0.00000000000000e+00	0.00000000000000e+00	4.20134358584761e+01	0.00000000000000e+00	3.79279532322555e+02	0.00000000000000e+00	1
44	62	50	56	5.00000000000000e-02	0.00000000000000e+00	0.00000000000000e+00	0.00000000000000e+00	4.16539553932862e+01	0.00000000000000e+00	3.77351341767195e+02	0.00000000000000e+00	1
45	63	51	57	5.00000000000000e-02	0.00000000000000e+00	0.00000000000000e+00	0.00000000000000e+00	4.18854492326589e+01	0.00000000000000e+00	3.36759218991425e+02	0.00000000000000e+00	1
46	64	52	58	5.00000000000000e-02	0.00000000000000e+00	0.00000000000000e+00	0.00000000000000e+00	4.16879652690418e+01	0.00000000000000e+00	3.85540108185576e+02	0.00000000000000e+00	1
47	65	53	59	5.00000000000000e-02	0.00000000000000e+00	0.00000000000000e+00	0.00000000000000e+00	4.16715270502066e+01	0.00000000000000e+00	3.79561154658052e+02	0.00000000000000e+00	1
48	66	54	60	5.00000000000000e-02	0.00000000000000e+00	0.00000000000000e+00	0.00000000000000e+00	4.11492629825832e+01	0.00000000000000e+00	3.74222545221798e+02	0.00000000000000e+00	1
49	67	55	61	5.00000000000000e-02	0.00000000000000e+00	0.00000000000000e+00	0.00000000000000e+00	4.12528887573187e+01	0.00000000000000e+00	3.56178522991090e+02	0.00000000000000e+00	1
50	68	56	62	5.00000000000000e-02	0.00000000000000e+00	0.00000000000000e+00	0.00000000000000e+00	4.11996013745599e+01	0.00000000000000e+00	3.32796698870322e+02	0.00000000000000e+00	1
51	69	57	63	5.00000000000000e-02	0.00000000000000e+00	0.00000000000000e+00	0.00000000000000e+00	4.07500630376890e+01	0.00000000000000e+00	3.46503962361173e+02	0.00000000000000e+00	1
52	70	58	64	5.00000000000000e-02	0.00000000000000e+00	0.00000000000000e+00	0.00000000000000e+00	4.07238441733709e+01	0.00000000000000e+00	3.38053518405815e+02	0.00000000000000e+00	1
53	71	59	65	5.00000000000000e-02	0.00000000000000e+00	0.00000000000000e+00	0.00000000000000e+00	4.04977883311851e+01	0.00000000000000e+00	3.46341192361227e+02	0.00000000000000e+00	1
54	72	60	66	5.00000000000000e-02	0.00000000000000e+00	0.00000000000000e+00	0.00000000000000e+00	4.06978002370976e+01	0.00000000000000e+00	3.44904792565389e+02	0.00000000000000e+00	1
1	22	8	15	5.00000000000000e-02	0.00000000000000e+00	0.00000000000000e+00	0.00000000000000e+00	4.56765152198758e+01	0.00000000000000e+00	3.51614462857364e+02	0.00000000000000e+00	1
2	23	9	16	5.00000000000000e-02	0.00000000000000e+00	0.00000000000000e+00	0.00000000000000e+00	4.57025517529349e+01	0.00000000000000e+00	3.60324694518453e+02	0.00000000000000e+00	1
3	24	10	17	5.00000000000000e-02	0.00000000000000e+00	0.00000000000000e+00	0.00000000000000e+00	4.57945459259978e+01	0.00000000000000e+00	3.69651072752775e+02	0.00000000000000e+00	1
4	25	11	18	5.00000000000000e-02	0.00000000000000e+00	0.00000000000000e+00	0.00000000000000e+00	4.59889086876917e+01	0.00000000000000e+00	3.73313736053559e+02	0.00000000000000e+00	1
5	26	12	19	5.00000000000000e-02	0.00000000000000e+00	0.00000000000000e+00	0.00000000000000e+00	4.59345471342849e+01	0.00000000000000e+00	3.91914343971472e+02	0.00000000000000e+00	1
6	27	13	20	5.00000000000000e-02	0.00000000000000e+00	0.00000000000000e+00	0.00000000000000e+00	4.59113781223384e+01	0.00000000000000e+00	4.09157958454867e+02	0.00000000000000e+00	1
7	28	14	21	5.00000000000000e-02	0.00000000000000e+00	0.00000000000000e+00	0.00000000000000e+00	4.59887633403720e+01	0.00000000000000e+00	3.77318914675782e+02	0.00000000000000e+00	1
8	29	15	22	5.00000000000000e-02	0.00000000000000e+00	0.00000000000000e+00	0.00000000000000e+00	4.60983564785359e+01	0.00000000000000e+00	3.96481916233296e+02	0.00000000000000e+00	1
9	30	16	23	5.00000000000000e-02	0.00000000000000e+00	0.00000000000000e+00	0.00000000000000e+00	4.63246846071611e+01	0.00000000000000e+00	3.81946515716386e+02	0.00000000000000e+00	1
10	31	17	24	5.00000000000000e-02	0.00000000000000e+00	0.00000000000000e+00	0.00000000000000e+00	4.63650320159295e+01	0.00000000000000e+00	3.64715112053830e+02	0.00000000000000e+00	1
11	32	18	25	5.00000000000000e-02	0.00000000000000e+00	0.00000000000000e+00	0.00000000000000e+00	4.63354367535622e+01	0.00000000000000e+00	3.59294440454545e+02	0.00000000000000e+00	1
12	33	19	26	5.00000000000000e-02	0.00000000000000e+00	0.00000000000000e+00	0.00000000000000e+00	4.58729959765868e+01	0.00000000000000e+00	3.54386477136177e+02	0.00000000000000e+00	1
13	34	20	27	5.00000000000000e-02	0.00000000000000e+00	0.00000000000000e+00	0.00000000000000e+00	4.50230404173343e+01	0.00000000000000e+00	3.25681678698221e+02	0.00000000000000e+00	1
14	35	21	28	5.00000000000000e-02	0.00000000000000e+00	0.00000000000000e+00	0.00000000000000e+00	4.44775380256270e+01	0.00000000000000e+00	3.16841115080146e+02	0.00000000000000e+00	1
15	36	22	29	5.00000000000000e-02	0.00000000000000e+00	0.00000000000000e+00	0.00000000000000e+00	4.47800104281487e+01	0.00000000000000e+00	3.06177166571777e+02	0.00000000000000e+00	1
16	37	23	30	5.00000000000000e-02	0.00000000000000e+00	0.00000000000000e+00	0.00000000000000e+00	4.56924617669413e+01	0.00000000000000e+00	3.51184919972529e+02	0.00000000000000e+00	1
17	38	24	31	5.00000000000000e-02	0.00000000000000e+00	0.00000000000000e+00	0.00000000000000e+00	4.75625550764715e+01	0.00000000000000e+00	4.07705861060706e+02	0.00000000000000e+00	1
18	39	25	32	5.00000000000000e-02	0.00000000000000e+00	0.00000000000000e+00	0.00000000000000e+00	5.00430537295197e+01	0.00000000000000e+00	4.09766161222371e+02	0.00000000000000e+00	1
19	40	26	33	5.00000000000000e-02	0.00000000000000e+00	0.00000000000000e+00	0.00000000000000e+00	5.19199948145582e+01	0.00000000000000e+00	4.54901643856778e+02	0.00000000000000e+00	1
20	41	27	34	5.00000000000000e-02	0.00000000000000e+00	0.00000000000000e+00	0.00000000000000e+00	5.25983310179222e+01	0.00000000000000e+00	5.03587522749298e+02	0.00000000000000e+00	1
21	42	28	35	5.00000000000000e-02	0.00000000000000e+00	0.00000000000000e+00	0.00000000000000e+00	5.26083120369949e+01	0.00000000000000e+00	5.25667417927978e+02	0.00000000000000e+00	1
22	43	29	36	5.00000000000000e-02	0.00000000000000e+00	0.00000000000000e+00	0.00000000000000e+00	5.26857480053584e+01	0.00000000000000e+00	5.64140723293356e+02	0.00000000000000e+00	1
23	44	30	37	5.00000000000000e-02	0.00000000000000e+00	0.00000000000000e+00	0.00000000000000e+00	5.28380133126104e+01	0.00000000000000e+00	5.49271463540459e+02	0.00000000000000e+00	1
24	45	31	38	5.00000000000000e-02	0.00000000000000e+00	0.00000000000000e+00	0.00000000000000e+00	5.21206306285880e+01	0.00000000000000e+00	5.37361718927273e+02	0.00000000000000e+00	1
25	46	32	39	5.00000000000000e-02	0.00000000000000e+00	0.00000000000000e+00	0.00000000000000e+00	5.14144526355134e+01	0.00000000000000e+00	4.89853048514457e+02	0.00000000000000e+00	1
26	47	33	40	5.00000000000000e-02	0.00000000000000e+00	0.00000000000000e+00	0.00000000000000e+00	4.98004261757780e+01	0.00000000000000e+00	4.56239541252931e+02	0.00000000000000e+00	1
27	48	34	41	5.00000000000000e-02	0.00000000000000e+00	0.00000000000000e+00	0.00000000000000e+00	4.80247045620027e+01	0.00000000000000e+00	3.56931932493348e+02	0.00000000000000e+00	1
28	49	35	42	5.00000000000000e-02	0.00000000000000e+00	0.00000000000000e+00	0.00000000000000e+00	4.64007566371423e+01	0.00000000000000e+00	3.65456892946678e+02	0.00000000000000e+00	1
29	50	36	43	5.00000000000000e-02	0.00000000000000e+00	0.00000000000000e+00	0.00000000000000e+00	4.57640837148411e+01	0.00000000000000e+00	3.44041101983359e+02	0.00000000000000e+00	1
30	51	37	44	5.00000000000000e-02	0.00000000000000e+00	0.00000000000000e+00	0.00000000000000e+00	4.59941431243564e+01	0.00000000000000e+00	3.53916233439648e+02	0.00000000000000e+00	1
31	52	38	45	5.00000000000000e-02	0.00000000000000e+00	0.00000000000000e+00	0.00000000000000e+00	4.70568387676671e+01	0.00000000000000e+00	3.23259509440308e+02	0.00000000000000e+00	1
32	53	39	46	5.00000000000000e-02	0.00000000000000e+00	0.00000000000000e+00	0.00000000000000e+00	4.86062753184868e+01	0.00000000000000e+00	3.77512320999195e+02	0.00000000000000e+00	1
33	54	40	47	5.00000000000000e-02	0.00000000000000e+00	0.00000000000000e+00	0.00000000000000e+00	4.96485687512199e+01	0.00000000000000e+00	4.04334788514684e+02	0.00000000000000e+00	1
34	55	41	48	5.00000000000000e-02	0.00000000000000e+00	0.00000000000000e+00	0.00000000000000e+00	4.96810192322338e+01	0.00000000000000e+00	3.91541325139260e+02	0.00000000000000e+00	1
35	56	42	49	5.00000000000000e-02	0.00000000000000e+00	0.00000000000000e+00	0.00000000000000e+00	4.95267456380668e+01	0.00000000000000e+00	4.54090242890302e+02	0.00000000000000e+00	1
36	57	43	50	5.00000000000000e-02	0.00000000000000e+00	0.00000000000000e+00	0.00000000000000e+00	4.95703193136789e+01	0.00000000000000e+00	4.40577890736022e+02	0.00000000000000e+00	1
37	58	44	51	5.00000000000000e-02	0.00000000000000e+00	0.00000000000000e+00	0.00000000000000e+00	4.94777273077788e+01	0.00000000000000e+00	4.17141296559502e+02	0.00000000000000e+00	1
38	59	45	52	5.00000000000000e-02	0.00000000000000e+00	0.00000000000000e+00	0.00000000000000e+00	4.91622809845384e+01	0.00000000000000e+00	4.13886677037158e+02	0.00000000000000e+00	1
39	60	46	53	5.00000000000000e-02	0.00000000000000e+00	0.00000000000000e+00	0.00000000000000e+00	4.91510047291690e+01	0.00000000000000e+00	4.03954412626531e+02	0.00000000000000e+00	1
40	61	47	54	5.00000000000000e-02	0.00000000000000e+00	0.00000000000000e+00	0.00000000000000e+00	4.90771097855473e+01	0.00000000000000e+00	3.98486859755079e+02	0.00000000000000e+00	1
41	62	48	55	5.00000000000000e-02	0.00000000000000e+00	0.00000000000000e+00	0.00000000000000e+00	4.90793552053792e+01	0.00000000000000e+00	3.84653032657498e+02	0.00000000000000e+00	1
42	63	49	56	5.00000000000000e-02	0.00000000000000e+00	0.00000000000000e+00	0.00000000000000e+00	4.89117044979955e+01	0.00000000000000e+00	3.99162816986737e+02	0.00000000000000e+00	1
43	64	50	57	5.00000000000000e-02	0.00000000000000e+00	0.00000000000000e+00	0.00000000000000e+00	4.87436548432814e+01	0.00000000000000e+00	3.64444850291960e+02	0.00000000000000e+00	1
44	65	51	58	5.00000000000000e-02	0.00000000000000e+00	0.00000000000000e+00	0.00000000000000e+00	4.86481705471232e+01	0.00000000000000e+00	3.81190353033777e+02	0.00000000000000e+00	1
45	66	52	59	5.00000000000000e-02	0.00000000000000e+00	0.00000000000000e+00	0.00000000000000e+00	4.85359265218865e+01	0.00000000000000e+00	3.84504848100698e+02	0.00000000000000e+00	1
46	67	53	60	5.00000000000000e-02	0.00000000000000e+00	0.00000000000000e+00	0.00000000000000e+00	4.83345907666920e+01	0.00000000000000e+00	4.07142664753017e+02	0.00000000000000e+00	1
47	68	54	61	5.00000000000000e-02	0.00000000000000e+00	0.00000000000000e+00	0.00000000000000e+00	4.81204900388364e+01	0.00000000000000e+00	3.92805599848513e+02	0.00000000000000e+00	1
48	69	55	62	5.00000000000000e-02	0.00000000000000e+00	0.00000000000000e+00	0.00000000000000e+00	4.81631912738734e+01	0.00000000000000e+00	3.68442443612846e+02	0.00000000000000e+00	1
49	70	56	63	5.00000000000000e-02	0.00000000000000e+00	0.00000000000000e+00	0.00000000000000e+00	4.79400792126385e+01	0.00000000000000e+00	3.96466322888736e+02	0.00000000000000e+00	1
50	71	57	64	5.00000000000000e-02	0.00000000000000e+00	0.00000000000000e+00	0.00000000000000e+00	4.77244931348432e+01	0.00000000000000e+00	3.32560255604365e+02	0.00000000000000e+00	1
51	72	58	65	5.00000000000000e-02	0.00000000000000e+00	0.00000000000000e+00	0.00000000000000e+00	4.75977218990804e+01	0.00000000000000e+00	3.34655118255343e+02	0.00000000000000e+00	1
1	25	9	17	5.00000000000000e-02	0.00000000000000e+00	0.00000000000000e+00	0.00000000000000e+00	5.23166237507510e+01	0.00000000000000e+00	3.58810242646037e+02	0.00000000000000e+00	1
2	26	10	18	5.00000000000000e-02	0.00000000000000e+00	0.00000000000000e+00	0.00000000000000e+00	5.25357885928472e+01	0.00000000000000e+00	3.84455380836332e+02	0.00000000000000e+00	1
3	27	11	19	5.00000000000000e-02	0.00000000000000e+00	0.00000000000000e+00	0.00000000000000e+00	5.25644967671907e+01	0.00000000000000e+00	3.57978709674131e+02	0.00000000000000e+00	1
4	28	12	20	5.00000000000000e-02	0.00000000000000e+00	0.00000000000000e+00	0.00000000000000e+00	5.25653515981622e+01	0.00000000000000e+00	3.86983777407829e+02	0.00000000000000e+00	1
5	29	13	21	5.00000000000000e-02	0.00000000000000e+00	0.00000000000000e+00	0.00000000000000e+00	5.25262201372655e+01	0.00000000000000e+00	3.72079897884329e+02	0.00000000000000e+00	1
6	30	14	22	5.00000000000000e-02	0.00000000000000e+00	0.00000000000000e+00	0.00000000000000e+00	5.27280089520539e+01	0.00000000000000e+00	3.93876470308825e+02	0.00000000000000e+00	1
7	31	15	23	5.00000000000000e-02	0.00000000000000e+00	0.00000000000000e+00	0.00000000000000e+00	5.27391237481305e+01	0.00000000000000e+00	3.71023909717128e+02	0.00000000000000e+00	1
8	32	16	24	5.00000000000000e-02	0.00000000000000e+00	0.00000000000000e+00	0.00000000000000e+00	5.29843355241461e+01	0.00000000000000e+00	3.63265523636845e+02	0.00000000000000e+00	1
9	33	17	25	5.00000000000000e-02	0.00000000000000e+00	0.00000000000000e+00	0.00000000000000e+00	5.23552618280949e+01	0.00000000000000e+00	2.85013988922076e+02	0.00000000000000e+00	1
10	34	18	26	5.00000000000000e-02	0.00000000000000e+00	0.00000000000000e+00	0.00000000000000e+00	5.12794850564589e+01	0.00000000000000e+00	3.36454207399477e+02	0.00000000000000e+00	1
11	35	19	27	5.00000000000000e-02	0.00000000000000e+00	0.00000000000000e+00	0.00000000000000e+00	5.05679593215476e+01	0.00000000000000e+00	3.06173213293192e+02	0.00000000000000e+00	1
12	36	20	28	5.00000000000000e-02	0.00000000000000e+00	0.00000000000000e+00	0.00000000000000e+00	5.07002027937502e+01	0.00000000000000e+00	3.16566858075451e+02	0.00000000000000e+00	1
13	37	21	29	5.00000000000000e-02	0.00000000000000e+00	0.00000000000000e+00	0.00000000000000e+00	5.14201526870752e+01	0.00000000000000e+00	3.43989014225523e+02	0.00000000000000e+00	1
14	38	22	30	5.00000000000000e-02	0.00000000000000e+00	0.00000000000000e+00	0.00000000000000e+00	5.29375929406271e+01	0.00000000000000e+00	3.49293794803786e+02	0.00000000000000e+00	1
15	39	23	31	5.00000000000000e-02	0.00000000000000e+00	0.00000000000000e+00	0.00000000000000e+00	5.48341883805895e+01	0.00000000000000e+00	4.00839710215927e+02	0.00000000000000e+00	1
16	40	24	32	5.00000000000000e-02	0.00000000000000e+00	0.00000000000000e+00	0.00000000000000e+00	5.72148291792209e+01	0.00000000000000e+00	3.92965686422669e+02	0.00000000000000e+00	1
17	41	25	33	5.00000000000000e-02	0.00000000000000e+00	0.00000000000000e+00	0.00000000000000e+00	5.88787176740342e+01	0.00000000000000e+00	5.20231782541476e+02	0.00000000000000e+00	1
18	42	26	34	5.00000000000000e-02	0.00000000000000e+00	0.00000000000000e+00	0.00000000000000e+00	6.00392266008970e+01	0.00000000000000e+00	5.27949344033574e+02	0.00000000000000e+00	1
19	43	27	35	5.00000000000000e-02	0.00000000000000e+00	0.00000000000000e+00	0.00000000000000e+00	6.00609116958927e+01	0.00000000000000e+00	5.34112654937630e+02	0.00000000000000e+00	1
20	44	28	36	5.00000000000000e-02	0.00000000000000e+00	0.00000000000000e+00	0.00000000000000e+00	6.02820124104506e+01	0.00000000000000e+00	5.37887555952329e+02	0.00000000000000e+00	1
21	45	29	37	5.00000000000000e-02	0.00000000000000e+00	0.00000000000000e+00	0.00000000000000e+00	6.03440783345940e+01	0.00000000000000e+00	5.88878378553075e+02	0.00000000000000e+00	1
22	46	30	38	5.00000000000000e-02	0.00000000000000e+00	0.00000000000000e+00	0.00000000000000e+00	5.97111809628457e+01	0.00000000000000e+00	5.40973437008291e+02	0.00000000000000e+00	1
23	47	31	39	5.00000000000000e-02	0.00000000000000e+00	0.00000000000000e+00	0.00000000000000e+00	5.90997459036389e+01	0.00000000000000e+00	5.13882094861290e+02	0.00000000000000e+00	1
24	48	32	40	5.00000000000000e-02	0.00000000000000e+00	0.00000000000000e+00	0.00000000000000e+00	5.83979628058417e+01	0.00000000000000e+00	5.16016527404705e+02	0.00000000000000e+00	1
25	49	33	41	5.00000000000000e-02	0.00000000000000e+00	0.00000000000000e+00	0.00000000000000e+00	5.70692823253731e+01	0.00000000000000e+00	4.33134658816780e+02	0.00000000000000e+00	1
26	50	34	42	5.00000000000000e-02	0.00000000000000e+00	0.00000000000000e+00	0.00000000000000e+00	5.48693764143188e+01	0.00000000000000e+00	4.12845610568440e+02	0.00000000000000e+00	1
27	51	35	43	5.00000000000000e-02	0.00000000000000e+00	0.00000000000000e+00	0.00000000000000e+00	5.32777634045689e+01	0.00000000000000e+00	3.61036252453312e+02	0.00000000000000e+00	1
28	52	36	44	5.00000000000000e-02	0.00000000000000e+00	0.00000000000000e+00	0.00000000000000e+00	5.23490575188401e+01	0.00000000000000e+00	3.73239988216334e+02	0.00000000000000e+00	1
29	53	37	45	5.00000000000000e-02	0.00000000000000e+00	0.00000000000000e+00	0.00000000000000e+00	5.20120064339172e+01	0.00000000000000e+00	3.42504378055067e+02	0.00000000000000e+00	1
30	54	38	46	5.00000000000000e-02	0.00000000000000e+00	0.00000000000000e+00	0.00000000000000e+00	5.26800644742943e+01	0.00000000000000e+00	3.80933800418036e+02	0.00000000000000e+00	1
31	55	39	47	5.00000000000000e-02	0.00000000000000e+00	0.00000000000000e+00	0.00000000000000e+00	5.37674322639688e+01	0.00000000000000e+00	3.52147181976120e+02	0.00000000000000e+00	1
32	56	40	48	5.00000000000000e-02	0.00000000000000e+00	0.00000000000000e+00	0.00000000000000e+00	5.53231291501886e+01	0.00000000000000e+00	3.76511662946084e+02	0.00000000000000e+00	1
33	57	41	49	5.00000000000000e-02	0.00000000000000e+00	0.00000000000000e+00	0.00000000000000e+00	5.60224821814436e+01	0.00000000000000e+00	4.06923473866990e+02	0.00000000000000e+00	1
34	58	42	50	5.00000000000000e-02	0.00000000000000e+00	0.00000000000000e+00	0.00000000000000e+00	5.66760790219990e+01	0.00000000000000e+00	3.68034507604285e+02	0.00000000000000e+00	1
35	59	43	51	5.00000000000000e-02	0.00000000000000e+00	0.00000000000000e+00	0.00000000000000e+00	5.60240926205618e+01	0.00000000000000e+00	4.23419656088392e+02	0.00000000000000e+00	1
36	60	44	52	5.00000000000000e-02	0.00000000000000e+00	0.00000000000000e+00	0.00000000000000e+00	5.61934482946289e+01	0.00000000000000e+00	4.40822824632029e+02	0.00000000000000e+00	1
37	61	45	53	5.00000000000000e-02	0.00000000000000e+00	0.00000000000000e+00	0.00000000000000e+00	5.62439173126350e+01	0.00000000000000e+00	4.29083698615082e+02	0.00000000000000e+00	1
38	62	46	54	5.00000000000000e-02	0.00000000000000e+00	0.00000000000000e+00	0.00000000000000e+00	5.59893300308111e+01	0.00000000000000e+00	4.19636949946666e+02	0.00000000000000e+00	1
39	63	47	55	5.00000000000000e-02	0.00000000000000e+00	0.00000000000000e+00	0.00000000000000e+00	5.59086712834160e+01	0.00000000000000e+00	4.01876324379094e+02	0.00000000000000e+00	1
40	64	48	56	5.00000000000000e-02	0.00000000000000e+00	0.00000000000000e+00	0.00000000000000e+00	5.57567036163258e+01	0.00000000000000e+00	4.07445231268642e+02	0.00000000000000e+00	1
41	65	49	57	5.00000000000000e-02	0.00000000000000e+00	0.00000000000000e+00	0.00000000000000e+00	5.58465968232918e+01	0.00000000000000e+00	3.85604452091681e+02	0.00000000000000e+00	1
42	66	50	58	5.00000000000000e-02	0.00000000000000e+00	0.00000000000000e+00	0.00000000000000e+00	5.53773260314802e+01	0.00000000000000e+00	3.82821412903984e+02	0.00000000000000e+00	1
43	67	51	59	5.00000000000000e-02	0.00000000000000e+00	0.00000000000000e+00	0.00000000000000e+00	5.57012327771336e+01	0.00000000000000e+00	4.33331648289453e+02	0.00000000000000e+00	1
44	68	52	60	5.00000000000000e-02	0.00000000000000e+00	0.00000000000000e+00	0.00000000000000e+00	5.53145587223704e+01	0.00000000000000e+00	4.08642916201080e+02	0.00000000000000e+00	1
45	69	53	61	5.00000000000000e-02	0.00000000000000e+00	0.00000000000000e+00	0.00000000000000e+00	5.53483154884298e+01	0.00000000000000e+00	3.70957919058929e+02	0.00000000000000e+00	1
46	70	54	62	5.00000000000000e-02	0.00000000000000e+00	0.00000000000000e+00	0.00000000000000e+00	5.51411488831318e+01	0.00000000000000e+00	3.88970691413645e+02	0.00000000000000e+00	1
47	71	55	63	5.00000000000000e-02	0.00000000000000e+00	0.00000000000000e+00	0.00000000000000e+00	5.48507640886253e+01	0.00000000000000e+00	3.93003057491482e+02	0.00000000000000e+00	1
48	72	56	64	5.00000000000000e-02	0.00000000000000e+00	0.00000000000000e+00	0.00000000000000e+00	5.47045607715130e+01	0.00000000000000e+00	3.99290428584649e+02	0.00000000000000e+00	1
1	28	10	19	5.00000000000000e-02	0.00000000000000e+00	0.00000000000000e+00	0.00000000000000e+00	5.93038529548500e+01	0.00000000000000e+00	4.07166282272389e+02	0.00000000000000e+00	1
2	29	11	20	5.00000000000000e-02	0.00000000000000e+00	0.00000000000000e+00	0.00000000000000e+00	5.91325686084397e+01	0.00000000000000e+00	4.14523772955407e+02	0.00000000000000e+00	1
3	30	12	21	5.00000000000000e-02	0.00000000000000e+00	0.00000000000000e+00	0.00000000000000e+00	5.91113869508278e+01	0.00000000000000e+00	3.85318503914700e+02	0.00000000000000e+00	1
4	31	13	22	5.00000000000000e-02	0.00000000000000e+00	0.00000000000000e+00	0.00000000000000e+00	5.91196952454324e+01	0.00000000000000e+00	3.90936742914397e+02	0.00000000000000e+00	1
5	32	14	23	5.00000000000000e-02	0.00000000000000e+00	0.00000000000000e+00	0.00000000000000e+00	5.93108130779979e+01	0.00000000000000e+00	3.73734634145813e+02	0.00000000000000e+00	1
6	33	15	24	5.00000000000000e-02	0.00000000000000e+00	0.00000000000000e+00	0.00000000000000e+00	5.88364949358945e+01	0.00000000000000e+00	3.34069180295552e+02	0.00000000000000e+00	1
7	34	16	25	5.00000000000000e-02	0.00000000000000e+00	0.00000000000000e+00	0.00000000000000e+00	5.78906688296969e+01	0.00000000000000e+00	3.49488485962514e+02	0.00000000000000e+00	1
8	35	17	26	5.00000000000000e-02	0.00000000000000e+00	0.00000000000000e+00	0.00000000000000e+00	5.70340790635166e+01	0.00000000000000e+00	3.09485705359015e+02	0.00000000000000e+00	1
9	36	18	27	5.00000000000000e-02	0.00000000000000e+00	0.00000000000000e+00	0.00000000000000e+00	5.66156106719146e+01	0.00000000000000e+00	2.95341374586712e+02	0.00000000000000e+00	1
10	37	19	28	5.00000000000000e-02	0.00000000000000e+00	0.00000000000000e+00	0.00000000000000e+00	5.69596347579376e+01	0.00000000000000e+00	3.26098457003701e+02	0.00000000000000e+00	1
11	38	20	29	5.00000000000000e-02	0.00000000000000e+00	0.00000000000000e+00	0.00000000000000e+00	5.82072586770082e+01	0.00000000000000e+00	3.54318142338831e+02	0.00000000000000e+00	1
12	39	21	30	5.00000000000000e-02	0.00000000000000e+00	0.00000000000000e+00	0.00000000000000e+00	6.00037149957338e+01	0.00000000000000e+00	3.45173507842901e+02	0.00000000000000e+00	1
13	40	22	31	5.00000000000000e-02	0.00000000000000e+00	0.00000000000000e+00	0.00000000000000e+00	6.21176968001477e+01	0.00000000000000e+00	3.55736037401475e+02	0.00000000000000e+00	1
14	41	23	32	5.00000000000000e-02	0.00000000000000e+00	0.00000000000000e+00	0.00000000000000e+00	6.42855910445906e+01	0.00000000000000e+00	4.27220899404412e+02	0.00000000000000e+00	1
15	42	24	33	5.00000000000000e-02	0.00000000000000e+00	0.00000000000000e+00	0.00000000000000e+00	6.61827905501261e+01	0.00000000000000e+00	4.27986738079245e+02	0.00000000000000e+00	1
16	43	25	34	5.00000000000000e-02	0.00000000000000e+00	0.00000000000000e+00	0.00000000000000e+00	6.70720221183521e+01	0.00000000000000e+00	4.54817521386577e+02	0.00000000000000e+00	1
17	44	26	35	5.00000000000000e-02	0.00000000000000e+00	0.00000000000000e+00	0.00000000000000e+00	6.72207160495343e+01	0.00000000000000e+00	5.73397140337090e+02	0.00000000000000e+00	1
18	45	27	36	5.00000000000000e-02	0.00000000000000e+00	0.00000000000000e+00	0.00000000000000e+00	6.78941877167948e+01	0.00000000000000e+00	5.38834372830513e+02	0.00000000000000e+00	1
19	46	28	37	5.00000000000000e-02	0.00000000000000e+00	0.00000000000000e+00	0.00000000000000e+00	6.80524726503856e+01	0.00000000000000e+00	5.39578145527220e+02	0.00000000000000e+00	1
20	47	29	38	5.00000000000000e-02	0.00000000000000e+00	0.00000000000000e+00	0.00000000000000e+00	6.72639606725761e+01	0.00000000000000e+00	5.78741224223793e+02	0.00000000000000e+00	1
21	48	30	39	5.00000000000000e-02	0.00000000000000e+00	0.00000000000000e+00	0.00000000000000e+00	6.67552600620891e+01	0.00000000000000e+00	5.46268170153792e+02	0.00000000000000e+00	1
22	49	31	40	5.00000000000000e-02	0.00000000000000e+00	0.00000000000000e+00	0.00000000000000e+00	6.59035980591026e+01	0.00000000000000e+00	5.27664782407069e+02	0.00000000000000e+00	1
23	50	32	41	5.00000000000000e-02	0.00000000000000e+00	0.00000000000000e+00	0.00000000000000e+00	6.53124118131235e+01	0.00000000000000e+00	5.07480176562742e+02	0.00000000000000e+00	1
24	51	33	42	5.00000000000000e-02	0.00000000000000e+00	0.00000000000000e+00	0.00000000000000e+00	6.39216145649156e+01	0.00000000000000e+00	4.20707835843110e+02	0.00000000000000e+00	1
25	52	34	43	5.00000000000000e-02	0.00000000000000e+00	0.00000000000000e+00	0.00000000000000e+00	6.20153339093350e+01	0.00000000000000e+00	3.88920126790673e+02	0.00000000000000e+00	1
26	53	35	44	5.00000000000000e-02	0.00000000000000e+00	0.00000000000000e+00	0.00000000000000e+00	6.01680801544069e+01	0.00000000000000e+00	3.69744895376864e+02	0.00000000000000e+00	1
27	54	36	45	5.00000000000000e-02	0.00000000000000e+00	0.00000000000000e+00	0.00000000000000e+00	5.87499474748003e+01	0.00000000000000e+00	4.04862979487823e+02	0.00000000000000e+00	1
28	55	37	46	5.00000000000000e-02	0.00000000000000e+00	0.00000000000000e+00	0.00000000000000e+00	5.81454786900309e+01	0.00000000000000e+00	3.79365977019744e+02	0.00000000000000e+00	1
29	56	38	47	5.00000000000000e-02	0.00000000000000e+00	0.00000000000000e+00	0.00000000000000e+00	5.84171612045619e+01	0.00000000000000e+00	3.71449610897426e+02	0.00000000000000e+00	1
30	57	39	48	5.00000000000000e-02	0.00000000000000e+00	0.00000000000000e+00	0.00000000000000e+00	5.91220815850320e+01	0.00000000000000e+00	3.60300619153756e+02	0.00000000000000e+00	1
31	58	40	49	5.00000000000000e-02	0.00000000000000e+00	0.00000000000000e+00	0.00000000000000e+00	6.04166896055581e+01	0.00000000000000e+00	3.55138474084923e+02	0.00000000000000e+00	1
32	59	41	50	5.00000000000000e-02	0.00000000000000e+00	0.00000000000000e+00	0.00000000000000e+00	6.18257287609290e+01	0.00000000000000e+00	4.04195252392918e+02	0.00000000000000e+00	1
33	60	42	51	5.00000000000000e-02	0.00000000000000e+00	0.00000000000000e+00	0.00000000000000e+00	6.28982091509686e+01	0.00000000000000e+00	3.99520083515113e+02	0.00000000000000e+00	1
34	61	43	52	5.00000000000000e-02	0.00000000000000e+00	0.00000000000000e+00	0.00000000000000e+00	6.30298198910368e+01	0.00000000000000e+00	4.07872541388810e+02	0.00000000000000e+00	1
35	62	44	53	5.00000000000000e-02	0.00000000000000e+00	0.00000000000000e+00	0.00000000000000e+00	6.26363609495281e+01	0.00000000000000e+00	4.68016966689966e+02	0.00000000000000e+00	1
36	63	45	54	5.00000000000000e-02	0.00000000000000e+00	0.00000000000000e+00	0.00000000000000e+00	6.30052325335965e+01	0.00000000000000e+00	4.14630370563679e+02	0.00000000000000e+00	1
37	64	46	55	5.00000000000000e-02	0.00000000000000e+00	0.00000000000000e+00	0.00000000000000e+00	6.30072132732510e+01	0.00000000000000e+00	3.96808956073165e+02	0.00000000000000e+00	1
38	65	47	56	5.00000000000000e-02	0.00000000000000e+00	0.00000000000000e+00	0.00000000000000e+00	6.26146147317154e+01	0.00000000000000e+00	4.26907326595773e+02	0.00000000000000e+00	1
39	66	48	57	5.00000000000000e-02	0.00000000000000e+00	0.00000000000000e+00	0.00000000000000e+00	6.26477311808450e+01	0.00000000000000e+00	4.36731938219093e+02	0.00000000000000e+00	1
40	67	49	58	5.00000000000000e-02	0.00000000000000e+00	0.00000000000000e+00	0.00000000000000e+00	6.24860300678605e+01	0.00000000000000e+00	4.26859390822401e+02	0.00000000000000e+00	1
41	68	50	59	5.00000000000000e-02	0.00000000000000e+00	0.00000000000000e+00	0.00000000000000e+00	6.24175784178385e+01	0.00000000000000e+00	4.09660137832446e+02	0.00000000000000e+00	1
42	69	51	60	5.00000000000000e-02	0.00000000000000e+00	0.00000000000000e+00	0.00000000000000e+00	6.23154853544292e+01	0.00000000000000e+00	4.26631560522685e+02	0.00000000000000e+00	1
43	70	52	61	5.00000000000000e-02	0.00000000000000e+00	0.00000000000000e+00	0.00000000000000e+00	6.23890239040851e+01	0.00000000000000e+00	3.45332972871065e+02	0.00000000000000e+00	1
44	71	53	62	5.00000000000000e-02	0.00000000000000e+00	0.00000000000000e+00	0.00000000000000e+00	6.23170971989819e+01	0.00000000000000e+00	3.75373668757685e+02	0.00000000000000e+00	1
45	72	54	63	5.00000000000000e-02	0.00000000000000e+00	0.00000000000000e+00	0.00000000000000e+00	6.18349784892620e+01	0.00000000000000e+00	3.91540603692602e+02	0.00000000000000e+00	1
1	31	11	21	5.00000000000000e-02	0.00000000000000e+00	0.00000000000000e+00	0.00000000000000e+00	6.56818414187681e+01	0.00000000000000e+00	3.78570343437427e+02	0.00000000000000e+00	1
2	32	12	22	5.00000000000000e-02	0.00000000000000e+00	0.00000000000000e+00	0.00000000000000e+00	6.55863828678365e+01	0.00000000000000e+00	3.75952251657521e+02	0.00000000000000e+00	1
3	33	13	23	5.00000000000000e-02	0.00000000000000e+00	0.00000000000000e+00	0.00000000000000e+00	6.50890133066040e+01	0.00000000000000e+00	3.46987731178728e+02	0.00000000000000e+00	1
4	34	14	24	5.00000000000000e-02	0.00000000000000e+00	0.00000000000000e+00	0.00000000000000e+00	6.43657716602569e+01	0.00000000000000e+00	3.36911742821560e+02	0.00000000000000e+00	1
5	35	15	25	5.00000000000000e-02	0.00000000000000e+00	0.00000000000000e+00	0.00000000000000e+00	6.34097131380657e+01	0.00000000000000e+00	3.54230258496669e+02	0.00000000000000e+00	1
6	36	16	26	5.00000000000000e-02	0.00000000000000e+00	0.00000000000000e+00	0.00000000000000e+00	6.30252225437080e+01	0.00000000000000e+00	3.22665162654861e+02	0.00000000000000e+00	1
7	37	17	27	5.00000000000000e-02	0.00000000000000e+00	0.00000000000000e+00	0.00000000000000e+00	6.29935989877430e+01	0.00000000000000e+00	3.27561172969558e+02	0.00000000000000e+00	1
8	38	18	28	5.00000000000000e-02	0.00000000000000e+00	0.00000000000000e+00	0.00000000000000e+00	6.36951479616186e+01	0.00000000000000e+00	3.36882282184553e+02	0.00000000000000e+00	1
9	39	19	29	5.00000000000000e-02	0.00000000000000e+00	0.00000000000000e+00	0.00000000000000e+00	6.49679710473940e+01	0.00000000000000e+00	3.52223379494979e+02	0.00000000000000e+00	1
10	40	20	30	5.00000000000000e-02	0.00000000000000e+00	0.00000000000000e+00	0.00000000000000e+00	6.69001692771550e+01	0.00000000000000e+00	3.86027446568153e+02	0.00000000000000e+00	1
11	41	21	31	5.00000000000000e-02	0.00000000000000e+00	0.00000000000000e+00	0.00000000000000e+00	6.89652812768055e+01	0.00000000000000e+00	4.10696846810698e+02	0.00000000000000e+00	1
12	42	22	32	5.00000000000000e-02	0.00000000000000e+00	0.00000000000000e+00	0.00000000000000e+00	7.16509562035797e+01	0.00000000000000e+00	4.22308628267380e+02	0.00000000000000e+00	1
13	43	23	33	5.00000000000000e-02	0.00000000000000e+00	0.00000000000000e+00	0.00000000000000e+00	7.34749116181710e+01	0.00000000000000e+00	4.64780363208129e+02	0.00000000000000e+00	1
14	44	24	34	5.00000000000000e-02	0.00000000000000e+00	0.00000000000000e+00	0.00000000000000e+00	7.43335196094675e+01	0.00000000000000e+00	5.29182200848312e+02	0.00000000000000e+00	1
15	45	25	35	5.00000000000000e-02	0.00000000000000e+00	0.00000000000000e+00	0.00000000000000e+00	7.45428186104296e+01	0.00000000000000e+00	5.58563414912192e+02	0.00000000000000e+00	1
16	46	26	36	5.00000000000000e-02	0.00000000000000e+00	0.00000000000000e+00	0.00000000000000e+00	7.48726003793156e+01	0.00000000000000e+00	5.66912318464239e+02	0.00000000000000e+00	1
17	47	27	37	5.00000000000000e-02	0.00000000000000e+00	0.00000000000000e+00	0.00000000000000e+00	7.51944296653000e+01	0.00000000000000e+00	5.71686039580992e+02	0.00000000000000e+00	1
18	48	28	38	5.00000000000000e-02	0.00000000000000e+00	0.00000000000000e+00	0.00000000000000e+00	7.48627390062574e+01	0.00000000000000e+00	5.91754513822505e+02	0.00000000000000e+00	1
19	49	29	39	5.00000000000000e-02	0.00000000000000e+00	0.00000000000000e+00	0.00000000000000e+00	7.43512419957467e+01	0.00000000000000e+00	5.71809267013099e+02	0.00000000000000e+00	1
20	50	30	40	5.00000000000000e-02	0.00000000000000e+00	0.00000000000000e+00	0.00000000000000e+00	7.35872334103040e+01	0.00000000000000e+00	5.55144501628479e+02	0.00000000000000e+00	1
21	51	31	41	5.00000000000000e-02	0.00000000000000e+00	0.00000000000000e+00	0.00000000000000e+00	7.31237485791699e+01	0.00000000000000e+00	4.96980622764982e+02	0.00000000000000e+00	1
22	52	32	42	5.00000000000000e-02	0.00000000000000e+00	0.00000000000000e+00	0.00000000000000e+00	7.22091083396233e+01	0.00000000000000e+00	5.01656596828437e+02	0.00000000000000e+00	1
23	53	33	43	5.00000000000000e-02	0.00000000000000e+00	0.00000000000000e+00	0.00000000000000e+00	7.08098567061262e+01	0.00000000000000e+00	4.40398465334738e+02	0.00000000000000e+00	1
24	54	34	44	5.00000000000000e-02	0.00000000000000e+00	0.00000000000000e+00	0.00000000000000e+00	6.87432043604071e+01	0.00000000000000e+00	4.55536194440639e+02	0.00000000000000e+00	1
25	55	35	45	5.00000000000000e-02	0.00000000000000e+00	0.00000000000000e+00	0.00000000000000e+00	6.66653739132519e+01	0.00000000000000e+00	3.85996451442057e+02	0.00000000000000e+00	1
26	56	36	46	5.00000000000000e-02	0.00000000000000e+00	0.00000000000000e+00	0.00000000000000e+00	6.52723571489202e+01	0.00000000000000e+00	3.89714261397320e+02	0.00000000000000e+00	1
27	57	37	47	5.00000000000000e-02	0.00000000000000e+00	0.00000000000000e+00	0.00000000000000e+00	6.43213036964029e+01	0.00000000000000e+00	3.79552918753135e+02	0.00000000000000e+00	1
28	58	38	48	5.00000000000000e-02	0.00000000000000e+00	0.00000000000000e+00	0.00000000000000e+00	6.43083380751113e+01	0.00000000000000e+00	3.86091881070903e+02	0.00000000000000e+00	1
29	59	39	49	5.00000000000000e-02	0.00000000000000e+00	0.00000000000000e+00	0.00000000000000e+00	6.47437113575904e+01	0.00000000000000e+00	3.36454711550171e+02	0.00000000000000e+00	1
30	60	40	50	5.00000000000000e-02	0.00000000000000e+00	0.00000000000000e+00	0.00000000000000e+00	6.60334081523909e+01	0.00000000000000e+00	3.51865154857615e+02	0.00000000000000e+00	1
31	61	41	51	5.00000000000000e-02	0.00000000000000e+00	0.00000000000000e+00	0.00000000000000e+00	6.67625500338204e+01	0.00000000000000e+00	3.74778458386620e+02	0.00000000000000e+00	1
32	62	42	52	5.00000000000000e-02	0.00000000000000e+00	0.00000000000000e+00	0.00000000000000e+00	6.82916946247513e+01	0.00000000000000e+00	3.91143207680088e+02	0.00000000000000e+00	1
33	63	43	53	5.00000000000000e-02	0.00000000000000e+00	0.00000000000000e+00	0.00000000000000e+00	6.92225597496508e+01	0.00000000000000e+00	3.80832237845916e+02	0.00000000000000e+00	1
34	64	44	54	5.00000000000000e-02	0.00000000000000e+00	0.00000000000000e+00	0.00000000000000e+00	6.96656104889455e+01	0.00000000000000e+00	4.38130760235935e+02	0.00000000000000e+00	1
35	65	45	55	5.00000000000000e-02	0.00000000000000e+00	0.00000000000000e+00	0.00000000000000e+00	6.94675134768376e+01	0.00000000000000e+00	4.04582287824722e+02	0.00000000000000e+00	1
36	66	46	56	5.00000000000000e-02	0.00000000000000e+00	0.00000000000000e+00	0.00000000000000e+00	6.95759424570701e+01	0.00000000000000e+00	4.22130521063356e+02	0.00000000000000e+00	1
37	67	47	57	5.00000000000000e-02	0.00000000000000e+00	0.00000000000000e+00	0.00000000000000e+00	6.99176556099412e+01	0.00000000000000e+00	4.16035698850359e+02	0.00000000000000e+00	1
38	68	48	58	5.00000000000000e-02	0.00000000000000e+00	0.00000000000000e+00	0.00000000000000e+00	6.94571992250121e+01	0.00000000000000e+00	4.30487170478591e+02	0.00000000000000e+00	1
39	69	49	59	5.00000000000000e-02	0.00000000000000e+00	0.00000000000000e+00	0.00000000000000e+00	6.94550528212695e+01	0.00000000000000e+00	4.12254123213517e+02	0.00000000000000e+00	1
40	70	50	60	5.00000000000000e-02	0.00000000000000e+00	0.00000000000000e+00	0.00000000000000e+00	6.89022010196612e+01	0.00000000000000e+00	4.13543511569992e+02	0.00000000000000e+00	1
41	71	51	61	5.00000000000000e-02	0.00000000000000e+00	0.00000000000000e+00	0.00000000000000e+00	6.92117454833001e+01	0.00000000000000e+00	4.04915101206084e+02	0.00000000000000e+00	1
42	72	52	62	5.00000000000000e-02	0.00000000000000e+00	0.00000000000000e+00	0.00000000000000e+00	6.91627985166803e+01	0.00000000000000e+00	4.66676913154598e+02	0.00000000000000e+00	1
1	34	12	23	5.00000000000000e-02	0.00000000000000e+00	0.00000000000000e+00	0.00000000000000e+00	7.06660477353118e+01	0.00000000000000e+00	3.54262491921730e+02	0.00000000000000e+00	1
2	35	13	24	5.00000000000000e-02	0.00000000000000e+00	0.00000000000000e+00	0.00000000000000e+00	6.96867249055218e+01	0.00000000000000e+00	3.45878934123303e+02	0.00000000000000e+00	1
3	36	14	25	5.00000000000000e-02	0.00000000000000e+00	0.00000000000000e+00	0.00000000000000e+00	6.92609527881976e+01	0.00000000000000e+00	3.15397870415989e+02	0.00000000000000e+00	1
4	37	15	26	5.00000000000000e-02	0.00000000000000e+00	0.00000000000000e+00	0.00000000000000e+00	6.91855736261322e+01	0.00000000000000e+00	3.25266673310286e+02	0.00000000000000e+00	1
5	38	16	27	5.00000000000000e-02	0.00000000000000e+00	0.00000000000000e+00	0.00000000000000e+00	6.96194649812164e+01	0.00000000000000e+00	3.33988216059446e+02	0.00000000000000e+00	1
6	39	17	28	5.00000000000000e-02	0.00000000000000e+00	0.00000000000000e+00	0.00000000000000e+00	7.05152875112981e+01	0.00000000000000e+00	3.34957711850799e+02	0.00000000000000e+00	1
7	40	18	29	5.00000000000000e-02	0.00000000000000e+00	0.00000000000000e+00	0.00000000000000e+00	7.18302487723668e+01	0.00000000000000e+00	3.37999367090407e+02	0.00000000000000e+00	1
8	41	19	30	5.00000000000000e-02	0.00000000000000e+00	0.00000000000000e+00	0.00000000000000e+00	7.37298181368409e+01	0.00000000000000e+00	3.64522716704452e+02	0.00000000000000e+00	1
9	42	20	31	5.00000000000000e-02	0.00000000000000e+00	0.00000000000000e+00	0.00000000000000e+00	7.60485735393288e+01	0.00000000000000e+00	3.82530177566138e+02	0.00000000000000e+00	1
10	43	21	32	5.00000000000000e-02	0.00000000000000e+00	0.00000000000000e+00	0.00000000000000e+00	7.86474506665622e+01	0.00000000000000e+00	4.54047892954822e+02	0.00000000000000e+00	1
11	44	22	33	5.00000000000000e-02	0.00000000000000e+00	0.00000000000000e+00	0.00000000000000e+00	8.06742106533645e+01	0.00000000000000e+00	4.75660325864617e+02	0.00000000000000e+00	1
12	45	23	34	5.00000000000000e-02	0.00000000000000e+00	0.00000000000000e+00	0.00000000000000e+00	8.17786436697032e+01	0.00000000000000e+00	4.90526048625989e+02	0.00000000000000e+00	1
13	46	24	35	5.00000000000000e-02	0.00000000000000e+00	0.00000000000000e+00	0.00000000000000e+00	8.17892040634879e+01	0.00000000000000e+00	5.41455661077974e+02	0.00000000000000e+00	1
14	47	25	36	5.00000000000000e-02	0.00000000000000e+00	0.00000000000000e+00	0.00000000000000e+00	8.20088440592094e+01	0.00000000000000e+00	5.56633782696974e+02	0.00000000000000e+00	1
15	48	26	37	5.00000000000000e-02	0.00000000000000e+00	0.00000000000000e+00	0.00000000000000e+00	8.22168829418374e+01	0.00000000000000e+00	5.59985240363376e+02	0.00000000000000e+00	1
16	49	27	38	5.00000000000000e-02	0.00000000000000e+00	0.00000000000000e+00	0.00000000000000e+00	8.17610686500796e+01	0.00000000000000e+00	5.93519014783204e+02	0.00000000000000e+00	1
17	50	28	39	5.00000000000000e-02	0.00000000000000e+00	0.00000000000000e+00	0.00000000000000e+00	8.14666520230557e+01	0.00000000000000e+00	5.60594976382930e+02	0.00000000000000e+00	1
18	51	29	40	5.00000000000000e-02	0.00000000000000e+00	0.00000000000000e+00	0.00000000000000e+00	8.13283431201196e+01	0.00000000000000e+00	5.86830910222578e+02	0.00000000000000e+00	1
19	52	30	41	5.00000000000000e-02	0.00000000000000e+00	0.00000000000000e+00	0.00000000000000e+00	8.10935454604587e+01	0.00000000000000e+00	5.29501759232238e+02	0.00000000000000e+00	1
20	53	31	42	5.00000000000000e-02	0.00000000000000e+00	0.00000000000000e+00	0.00000000000000e+00	8.00860718000160e+01	0.00000000000000e+00	5.45129697860159e+02	0.00000000000000e+00	1
21	54	32	43	5.00000000000000e-02	0.00000000000000e+00	0.00000000000000e+00	0.00000000000000e+00	7.90200507939549e+01	0.00000000000000e+00	5.26383944396749e+02	0.00000000000000e+00	1
22	55	33	44	5.00000000000000e-02	0.00000000000000e+00	0.00000000000000e+00	0.00000000000000e+00	7.73283610143339e+01	0.00000000000000e+00	4.99644457799533e+02	0.00000000000000e+00	1
23	56	34	45	5.00000000000000e-02	0.00000000000000e+00	0.00000000000000e+00	0.00000000000000e+00	7.51564214975752e+01	0.00000000000000e+00	4.42398289594187e+02	0.00000000000000e+00	1
24	57	35	46	5.00000000000000e-02	0.00000000000000e+00	0.00000000000000e+00	0.00000000000000e+00	7.30959437916372e+01	0.00000000000000e+00	3.99377252397201e+02	0.00000000000000e+00	1
25	58	36	47	5.00000000000000e-02	0.00000000000000e+00	0.00000000000000e+00	0.00000000000000e+00	7.17236642258671e+01	0.00000000000000e+00	3.53093247652543e+02	0.00000000000000e+00	1
26	59	37	48	5.00000000000000e-02	0.00000000000000e+00	0.00000000000000e+00	0.00000000000000e+00	7.06939634956488e+01	0.00000000000000e+00	3.89759327455106e+02	0.00000000000000e+00	1
27	60	38	49	5.00000000000000e-02	0.00000000000000e+00	0.00000000000000e+00	0.00000000000000e+00	7.05320852881797e+01	0.00000000000000e+00	3.81173005672667e+02	0.00000000000000e+00	1
28	61	39	50	5.00000000000000e-02	0.00000000000000e+00	0.00000000000000e+00	0.00000000000000e+00	7.07685932988066e+01	0.00000000000000e+00	3.76307519206582e+02	0.00000000000000e+00	1
29	62	40	51	5.00000000000000e-02	0.00000000000000e+00	0.00000000000000e+00	0.00000000000000e+00	7.11505624216676e+01	0.00000000000000e+00	3.65161947504426e+02	0.00000000000000e+00	1
30	63	41	52	5.00000000000000e-02	0.00000000000000e+00	0.00000000000000e+00	0.00000000000000e+00	7.19695417182466e+01	0.00000000000000e+00	3.93436461315751e+02	0.00000000000000e+00	1
31	64	42	53	5.00000000000000e-02	0.00000000000000e+00	0.00000000000000e+00	0.00000000000000e+00	7.31534350504980e+01	0.00000000000000e+00	3.94454582534737e+02	0.00000000000000e+00	1
32	65	43	54	5.00000000000000e-02	0.00000000000000e+00	0.00000000000000e+00	0.00000000000000e+00	7.47352128410741e+01	0.00000000000000e+00	4.02647231772060e+02	0.00000000000000e+00	1
33	66	44	55	5.00000000000000e-02	0.00000000000000e+00	0.00000000000000e+00	0.00000000000000e+00	7.58208891809050e+01	0.00000000000000e+00	4.17811497224183e+02	0.00000000000000e+00	1
34	67	45	56	5.00000000000000e-02	0.00000000000000e+00	0.00000000000000e+00	0.00000000000000e+00	7.65309051398718e+01	0.00000000000000e+00	3.97056732127158e+02	0.00000000000000e+00	1
35	68	46	57	5.00000000000000e-02	0.00000000000000e+00	0.00000000000000e+00	0.00000000000000e+00	7.64655456592342e+01	0.00000000000000e+00	4.51411295416911e+02	0.00000000000000e+00	1
36	69	47	58	5.00000000000000e-02	0.00000000000000e+00	0.00000000000000e+00	0.00000000000000e+00	7.65592730371188e+01	0.00000000000000e+00	4.22669929686503e+02	0.00000000000000e+00	1
37	70	48	59	5.00000000000000e-02	0.00000000000000e+00	0.00000000000000e+00	0.00000000000000e+00	7.66922180108629e+01	0.00000000000000e+00	4.43508034584412e+02	0.00000000000000e+00	1
38	71	49	60	5.00000000000000e-02	0.00000000000000e+00	0.00000000000000e+00	0.00000000000000e+00	7.59361822111385e+01	0.00000000000000e+00	4.45188617743671e+02	0.00000000000000e+00	1
39	72	50	61	5.00000000000000e-02	0.00000000000000e+00	0.00000000000000e+00	0.00000000000000e+00	7.56947183900090e+01	0.00000000000000e+00	3.95277724580574e+02	0.00000000000000e+00	1
1	37	13	25	5.00000000000000e-02	0.00000000000000e+00	0.00000000000000e+00	0.00000000000000e+00	7.53328518671322e+01	0.00000000000000e+00	3.36887913474351e+02	0.00000000000000e+00	1
2	38	14	26	5.00000000000000e-02	0.00000000000000e+00	0.00000000000000e+00	0.00000000000000e+00	7.55356306522477e+01	0.00000000000000e+00	3.19863426164380e+02	0.00000000000000e+00	1
3	39	15	27	5.00000000000000e-02	0.00000000000000e+00	0.00000000000000e+00	0.00000000000000e+00	7.61621706643504e+01	0.00000000000000e+00	3.46472850092844e+02	0.00000000000000e+00	1
4	40	16	28	5.00000000000000e-02	0.00000000000000e+00	0.00000000000000e+00	0.00000000000000e+00	7.73928567108673e+01	0.00000000000000e+00	3.57531747597263e+02	0.00000000000000e+00	1
5	41	17	29	5.00000000000000e-02	0.00000000000000e+00	0.00000000000000e+00	0.00000000000000e+00	7.87787530594498e+01	0.00000000000000e+00	3.53506450544373e+02	0.00000000000000e+00	1
6	42	18	30	5.00000000000000e-02	0.00000000000000e+00	0.00000000000000e+00	0.00000000000000e+00	8.07532207228571e+01	0.00000000000000e+00	3.81857242773210e+02	0.00000000000000e+00	1
7	43	19	31	5.00000000000000e-02	0.00000000000000e+00	0.00000000000000e+00	0.00000000000000e+00	8.29753892530783e+01	0.00000000000000e+00	4.11017310585338e+02	0.00000000000000e+00	1
8	44	20	32	5.00000000000000e-02	0.00000000000000e+00	0.00000000000000e+00	0.00000000000000e+00	8.58190393591838e+01	0.00000000000000e+00	4.60531872384960e+02	0.00000000000000e+00	1
9	45	21	33	5.00000000000000e-02	0.00000000000000e+00	0.00000000000000e+00	0.00000000000000e+00	8.79024581260445e+01	0.00000000000000e+00	4.60133270769848e+02	0.00000000000000e+00	1
10	46	22	34	5.00000000000000e-02	0.00000000000000e+00	0.00000000000000e+00	0.00000000000000e+00	8.88584111550509e+01	0.00000000000000e+00	4.78632805972352e+02	0.00000000000000e+00	1
11	47	23	35	5.00000000000000e-02	0.00000000000000e+00	0.00000000000000e+00	0.00000000000000e+00	8.88881576547713e+01	0.00000000000000e+00	5.32036445270561e+02	0.00000000000000e+00	1
12	48	24	36	5.00000000000000e-02	0.00000000000000e+00	0.00000000000000e+00	0.00000000000000e+00	8.91532092699722e+01	0.00000000000000e+00	5.62719175101143e+02	0.00000000000000e+00	1
13	49	25	37	5.00000000000000e-02	0.00000000000000e+00	0.00000000000000e+00	0.00000000000000e+00	8.92853240029191e+01	0.00000000000000e+00	6.08566924222033e+02	0.00000000000000e+00	1
14	50	26	38	5.00000000000000e-02	0.00000000000000e+00	0.00000000000000e+00	0.00000000000000e+00	8.86291385290321e+01	0.00000000000000e+00	6.09664728243058e+02	0.00000000000000e+00	1
15	51	27	39	5.00000000000000e-02	0.00000000000000e+00	0.00000000000000e+00	0.00000000000000e+00	8.87074039381169e+01	0.00000000000000e+00	5.61410867047015e+02	0.00000000000000e+00	1
16	52	28	40	5.00000000000000e-02	0.00000000000000e+00	0.00000000000000e+00	0.00000000000000e+00	8.84491819760462e+01	0.00000000000000e+00	5.42039738566643e+02	0.00000000000000e+00	1
17	53	29	41	5.00000000000000e-02	0.00000000000000e+00	0.00000000000000e+00	0.00000000000000e+00	8.83728999360486e+01	0.00000000000000e+00	6.32808110777445e+02	0.00000000000000e+00	1
18	54	30	42	5.00000000000000e-02	0.00000000000000e+00	0.00000000000000e+00	0.00000000000000e+00	8.78026626353657e+01	0.00000000000000e+00	5.69478441979080e+02	0.00000000000000e+00	1
19	55	31	43	5.00000000000000e-02	0.00000000000000e+00	0.00000000000000e+00	0.00000000000000e+00	8.68866972803218e+01	0.00000000000000e+00	6.48024593638953e+02	0.00000000000000e+00	1
20	56	32	44	5.00000000000000e-02	0.00000000000000e+00	0.00000000000000e+00	0.00000000000000e+00	8.56752943161772e+01	0.00000000000000e+00	5.52208647710613e+02	0.00000000000000e+00	1
21	57	33	45	5.00000000000000e-02	0.00000000000000e+00	0.00000000000000e+00	0.00000000000000e+00	8.36431007914086e+01	0.00000000000000e+00	4.68158956063423e+02	0.00000000000000e+00	1
22	58	34	46	5.00000000000000e-02	0.00000000000000e+00	0.00000000000000e+00	0.00000000000000e+00	8.15811439720038e+01	0.00000000000000e+00	4.62860574550304e+02	0.00000000000000e+00	1
23	59	35	47	5.00000000000000e-02	0.00000000000000e+00	0.00000000000000e+00	0.00000000000000e+00	7.95733333437573e+01	0.00000000000000e+00	4.09681202989539e+02	0.00000000000000e+00	1
24	60	36	48	5.00000000000000e-02	0.00000000000000e+00	0.00000000000000e+00	0.00000000000000e+00	7.83133401383310e+01	0.00000000000000e+00	3.61213234205217e+02	0.00000000000000e+00	1
25	61	37	49	5.00000000000000e-02	0.00000000000000e+00	0.00000000000000e+00	0.00000000000000e+00	7.72297586874596e+01	0.00000000000000e+00	4.18812713424250e+02	0.00000000000000e+00	1
26	62	38	50	5.00000000000000e-02	0.00000000000000e+00	0.00000000000000e+00	0.00000000000000e+00	7.67424491505811e+01	0.00000000000000e+00	3.56048809117753e+02	0.00000000000000e+00	1
27	63	39	51	5.00000000000000e-02	0.00000000000000e+00	0.00000000000000e+00	0.00000000000000e+00	7.64623682455769e+01	0.00000000000000e+00	3.65806565223885e+02	0.00000000000000e+00	1
28	64	40	52	5.00000000000000e-02	0.00000000000000e+00	0.00000000000000e+00	0.00000000000000e+00	7.66897636589306e+01	0.00000000000000e+00	3.79920792403048e+02	0.00000000000000e+00	1
29	65	41	53	5.00000000000000e-02	0.00000000000000e+00	0.00000000000000e+00	0.00000000000000e+00	7.70721540415408e+01	0.00000000000000e+00	3.86045466994359e+02	0.00000000000000e+00	1
30	66	42	54	5.00000000000000e-02	0.00000000000000e+00	0.00000000000000e+00	0.00000000000000e+00	7.83541087083297e+01	0.00000000000000e+00	4.00131004385639e+02	0.00000000000000e+00	1
31	67	43	55	5.00000000000000e-02	0.00000000000000e+00	0.00000000000000e+00	0.00000000000000e+00	7.97588967133016e+01	0.00000000000000e+00	3.91606404546077e+02	0.00000000000000e+00	1
32	68	44	56	5.00000000000000e-02	0.00000000000000e+00	0.00000000000000e+00	0.00000000000000e+00	8.15052210535858e+01	0.00000000000000e+00	4.09027780643971e+02	0.00000000000000e+00	1
33	69	45	57	5.00000000000000e-02	0.00000000000000e+00	0.00000000000000e+00	0.00000000000000e+00	8.30743632455877e+01	0.00000000000000e+00	4.20994432289792e+02	0.00000000000000e+00	1
34	70	46	58	5.00000000000000e-02	0.00000000000000e+00	0.00000000000000e+00	0.00000000000000e+00	8.34578980414748e+01	0.00000000000000e+00	4.33299235551496e+02	0.00000000000000e+00	1
35	71	47	59	5.00000000000000e-02	0.00000000000000e+00	0.00000000000000e+00	0.00000000000000e+00	8.32102730284269e+01	0.00000000000000e+00	4.49326356827572e+02	0.00000000000000e+00	1
36	72	48	60	5.00000000000000e-02	0.00000000000000e+00	0.00000000000000e+00	0.00000000000000e+00	8.29728957173502e+01	0.00000000000000e+00	4.84762280990874e+02	0.00000000000000e+00	1
1	40	14	27	5.00000000000000e-02	0.00000000000000e+00	0.00000000000000e+00	0.00000000000000e+00	8.29539942545039e+01	0.00000000000000e+00	3.49089903084380e+02	0.00000000000000e+00	1
2	41	15	28	5.00000000000000e-02	0.00000000000000e+00	0.00000000000000e+00	0.00000000000000e+00	8.40667879405032e+01	0.00000000000000e+00	3.66594828115023e+02	0.00000000000000e+00	1
3	42	16	29	5.00000000000000e-02	0.00000000000000e+00	0.00000000000000e+00	0.00000000000000e+00	8.57750821372377e+01	0.00000000000000e+00	3.30737841446809e+02	0.00000000000000e+00	1
4	43	17	30	5.00000000000000e-02	0.00000000000000e+00	0.00000000000000e+00	0.00000000000000e+00	8.78878629596371e+01	0.00000000000000e+00	4.07576592474600e+02	0.00000000000000e+00	1
5	44	18	31	5.00000000000000e-02	0.00000000000000e+00	0.00000000000000e+00	0.00000000000000e+00	9.01143293981385e+01	0.00000000000000e+00	4.30479704407621e+02	0.00000000000000e+00	1
6	45	19	32	5.00000000000000e-02	0.00000000000000e+00	0.00000000000000e+00	0.00000000000000e+00	9.28998772680653e+01	0.00000000000000e+00	4.38038854455535e+02	0.00000000000000e+00	1
7	46	20	33	5.00000000000000e-02	0.00000000000000e+00	0.00000000000000e+00	0.00000000000000e+00	9.48807739260951e+01	0.00000000000000e+00	5.09497976834732e+02	0.00000000000000e+00	1
8	47	21	34	5.00000000000000e-02	0.00000000000000e+00	0.00000000000000e+00	0.00000000000000e+00	9.59721203719339e+01	0.00000000000000e+00	5.20487073123971e+02	0.00000000000000e+00	1
9	48	22	35	5.00000000000000e-02	0.00000000000000e+00	0.00000000000000e+00	0.00000000000000e+00	9.59456963976373e+01	0.00000000000000e+00	5.40003780644990e+02	0.00000000000000e+00	1
10	49	23	36	5.00000000000000e-02	0.00000000000000e+00	0.00000000000000e+00	0.00000000000000e+00	9.60794280608865e+01	0.00000000000000e+00	6.05742707634453e+02	0.00000000000000e+00	1
11	50	24	37	5.00000000000000e-02	0.00000000000000e+00	0.00000000000000e+00	0.00000000000000e+00	9.60982111594211e+01	0.00000000000000e+00	5.74754130901511e+02	0.00000000000000e+00	1
12	51	25	38	5.00000000000000e-02	0.00000000000000e+00	0.00000000000000e+00	0.00000000000000e+00	9.59069536939008e+01	0.00000000000000e+00	5.81970914938706e+02	0.00000000000000e+00	1
13	52	26	39	5.00000000000000e-02	0.00000000000000e+00	0.00000000000000e+00	0.00000000000000e+00	9.57992268013529e+01	0.00000000000000e+00	6.08210364491993e+02	0.00000000000000e+00	1
14	53	27	40	5.00000000000000e-02	0.00000000000000e+00	0.00000000000000e+00	0.00000000000000e+00	9.55702699853288e+01	0.00000000000000e+00	6.06547237071344e+02	0.00000000000000e+00	1
15	54	28	41	5.00000000000000e-02	0.00000000000000e+00	0.00000000000000e+00	0.00000000000000e+00	9.54276424179965e+01	0.00000000000000e+00	6.41261056243586e+02	0.00000000000000e+00	1
16	55	29	42	5.00000000000000e-02	0.00000000000000e+00	0.00000000000000e+00	0.00000000000000e+00	9.47767637069187e+01	0.00000000000000e+00	6.04005940981008e+02	0.00000000000000e+00	1
17	56	30	43	5.00000000000000e-02	0.00000000000000e+00	0.00000000000000e+00	0.00000000000000e+00	9.42288789429359e+01	0.00000000000000e+00	5.41325711462376e+02	0.00000000000000e+00	1
18	57	31	44	5.00000000000000e-02	0.00000000000000e+00	0.00000000000000e+00	0.00000000000000e+00	9.32686598010326e+01	0.00000000000000e+00	6.03472365559996e+02	0.00000000000000e+00	1
19	58	32	45	5.00000000000000e-02	0.00000000000000e+00	0.00000000000000e+00	0.00000000000000e+00	9.21146329111688e+01	0.00000000000000e+00	5.43460907829458e+02	0.00000000000000e+00	1
20	59	33	46	5.00000000000000e-02	0.00000000000000e+00	0.00000000000000e+00	0.00000000000000e+00	9.02353522450655e+01	0.00000000000000e+00	5.06580328924860e+02	0.00000000000000e+00	1
21	60	34	47	5.00000000000000e-02	0.00000000000000e+00	0.00000000000000e+00	0.00000000000000e+00	8.82531079689629e+01	0.00000000000000e+00	4.61916493985339e+02	0.00000000000000e+00	1
22	61	35	48	5.00000000000000e-02	0.00000000000000e+00	0.00000000000000e+00	0.00000000000000e+00	8.61524387751753e+01	0.00000000000000e+00	4.50405505478375e+02	0.00000000000000e+00	1
23	62	36	49	5.00000000000000e-02	0.00000000000000e+00	0.00000000000000e+00	0.00000000000000e+00	8.46830844516137e+01	0.00000000000000e+00	4.38811198675071e+02	0.00000000000000e+00	1
24	63	37	50	5.00000000000000e-02	0.00000000000000e+00	0.00000000000000e+00	0.00000000000000e+00	8.37236919157854e+01	0.00000000000000e+00	4.26608354721954e+02	0.00000000000000e+00	1
25	64	38	51	5.00000000000000e-02	0.00000000000000e+00	0.00000000000000e+00	0.00000000000000e+00	8.27414219375952e+01	0.00000000000000e+00	4.11908007483071e+02	0.00000000000000e+00	1
26	65	39	52	5.00000000000000e-02	0.00000000000000e+00	0.00000000000000e+00	0.00000000000000e+00	8.22495943113038e+01	0.00000000000000e+00	3.94401307969066e+02	0.00000000000000e+00	1
27	66	40	53	5.00000000000000e-02	0.00000000000000e+00	0.00000000000000e+00	0.00000000000000e+00	8.22391094228554e+01	0.00000000000000e+00	3.95735788177708e+02	0.00000000000000e+00	1
28	67	41	54	5.00000000000000e-02	0.00000000000000e+00	0.00000000000000e+00	0.00000000000000e+00	8.27826641323735e+01	0.00000000000000e+00	3.93213153153514e+02	0.00000000000000e+00	1
29	68	42	55	5.00000000000000e-02	0.00000000000000e+00	0.00000000000000e+00	0.00000000000000e+00	8.36656145856144e+01	0.00000000000000e+00	3.88714087143897e+02	0.00000000000000e+00	1
30	69	43	56	5.00000000000000e-02	0.00000000000000e+00	0.00000000000000e+00	0.00000000000000e+00	8.50578253313632e+01	0.00000000000000e+00	3.72180144719701e+02	0.00000000000000e+00	1
31	70	44	57	5.00000000000000e-02	0.00000000000000e+00	0.00000000000000e+00	0.00000000000000e+00	8.67309857263712e+01	0.00000000000000e+00	4.26609138695899e+02	0.00000000000000e+00	1
32	71	45	58	5.00000000000000e-02	0.00000000000000e+00	0.00000000000000e+00	0.00000000000000e+00	8.85031768269992e+01	0.00000000000000e+00	4.39056771156735e+02	0.00000000000000e+00	1
33	72	46	59	5.00000000000000e-02	0.00000000000000e+00	0.00000000000000e+00	0.00000000000000e+00	8.97289895891734e+01	0.00000000000000e+00	4.24519330820177e+02	0.00000000000000e+00	1
1	43	15	29	5.00000000000000e-02	0.00000000000000e+00	0.00000000000000e+00	0.00000000000000e+00	9.27948726617038e+01	0.00000000000000e+00	4.06164569951116e+02	0.00000000000000e+00	1
2	44	16	30	5.00000000000000e-02	0.00000000000000e+00	0.00000000000000e+00	0.00000000000000e+00	9.49718802703504e+01	0.00000000000000e+00	4.36197987709652e+02	0.00000000000000e+00	1
3	45	17	31	5.00000000000000e-02	0.00000000000000e+00	0.00000000000000e+00	0.00000000000000e+00	9.73428182838046e+01	0.00000000000000e+00	4.33080737253941e+02	0.00000000000000e+00	1
4	46	18	32	5.00000000000000e-02	0.00000000000000e+00	0.00000000000000e+00	0.00000000000000e+00	9.99529712877763e+01	0.00000000000000e+00	4.92553870398818e+02	0.00000000000000e+00	1
5	47	19	33	5.00000000000000e-02	0.00000000000000e+00	0.00000000000000e+00	0.00000000000000e+00	1.01847924245174e+02	0.00000000000000e+00	4.69434929657087e+02	0.00000000000000e+00	1
6	48	20	34	5.00000000000000e-02	0.00000000000000e+00	0.00000000000000e+00	0.00000000000000e+00	1.02816659208530e+02	0.00000000000000e+00	5.10224494668820e+02	0.00000000000000e+00	1
7	49	21	35	5.00000000000000e-02	0.00000000000000e+00	0.00000000000000e+00	0.00000000000000e+00	1.02791588590410e+02	0.00000000000000e+00	5.61577723412750e+02	0.00000000000000e+00	1
8	50	22	36	5.00000000000000e-02	0.00000000000000e+00	0.00000000000000e+00	0.00000000000000e+00	1.03050448134324e+02	0.00000000000000e+00	6.37743720020549e+02	0.00000000000000e+00	1
9	51	23	37	5.00000000000000e-02	0.00000000000000e+00	0.00000000000000e+00	0.00000000000000e+00	1.03320708732577e+02	0.00000000000000e+00	6.03874327206011e+02	0.00000000000000e+00	1
10	52	24	38	5.00000000000000e-02	0.00000000000000e+00	0.00000000000000e+00	0.00000000000000e+00	1.02851946017976e+02	0.00000000000000e+00	5.72719063227737e+02	0.00000000000000e+00	1
11	53	25	39	5.00000000000000e-02	0.00000000000000e+00	0.00000000000000e+00	0.00000000000000e+00	1.02792625264310e+02	0.00000000000000e+00	6.00341284753907e+02	0.00000000000000e+00	1
12	54	26	40	5.00000000000000e-02	0.00000000000000e+00	0.00000000000000e+00	0.00000000000000e+00	1.02459196216586e+02	0.00000000000000e+00	6.02825556407054e+02	0.00000000000000e+00	1
13	55	27	41	5.00000000000000e-02	0.00000000000000e+00	0.00000000000000e+00	0.00000000000000e+00	1.02455897517032e+02	0.00000000000000e+00	5.82399178750260e+02	0.00000000000000e+00	1
14	56	28	42	5.00000000000000e-02	0.00000000000000e+00	0.00000000000000e+00	0.00000000000000e+00	1.01815711486003e+02	0.00000000000000e+00	5.29443973244041e+02	0.00000000000000e+00	1
15	57	29	43	5.00000000000000e-02	0.00000000000000e+00	0.00000000000000e+00	0.00000000000000e+00	1.01131218900804e+02	0.00000000000000e+00	5.98426695859680e+02	0.00000000000000e+00	1
16	58	30	44	5.00000000000000e-02	0.00000000000000e+00	0.00000000000000e+00	0.00000000000000e+00	1.00453448471173e+02	0.00000000000000e+00	6.07005724368272e+02	0.00000000000000e+00	1
17	59	31	45	5.00000000000000e-02	0.00000000000000e+00	0.00000000000000e+00	0.00000000000000e+00	9.93798664282093e+01	0.00000000000000e+00	6.13366975280961e+02	0.00000000000000e+00	1
18	60	32	46	5.00000000000000e-02	0.00000000000000e+00	0.00000000000000e+00	0.00000000000000e+00	9.87188703471608e+01	0.00000000000000e+00	5.80208246338197e+02	0.00000000000000e+00	1
19	61	33	47	5.00000000000000e-02	0.00000000000000e+00	0.00000000000000e+00	0.00000000000000e+00	9.69772892580428e+01	0.00000000000000e+00	4.79979643747295e+02	0.00000000000000e+00	1
20	62	34	48	5.00000000000000e-02	0.00000000000000e+00	0.00000000000000e+00	0.00000000000000e+00	9.47464771995947e+01	0.00000000000000e+00	4.80452237323409e+02	0.00000000000000e+00	1
21	63	35	49	5.00000000000000e-02	0.00000000000000e+00	0.00000000000000e+00	0.00000000000000e+00	9.26937237135273e+01	0.00000000000000e+00	4.41974937850843e+02	0.00000000000000e+00	1
22	64	36	50	5.00000000000000e-02	0.00000000000000e+00	0.00000000000000e+00	0.00000000000000e+00	9.11830387525749e+01	0.00000000000000e+00	4.84083356575750e+02	0.00000000000000e+00	1
23	65	37	51	5.00000000000000e-02	0.00000000000000e+00	0.00000000000000e+00	0.00000000000000e+00	8.97084071843543e+01	0.00000000000000e+00	3.87182312624044e+02	0.00000000000000e+00	1
24	66	38	52	5.00000000000000e-02	0.00000000000000e+00	0.00000000000000e+00	0.00000000000000e+00	8.87796205084262e+01	0.00000000000000e+00	4.35648310543649e+02	0.00000000000000e+00	1
25	67	39	53	5.00000000000000e-02	0.00000000000000e+00	0.00000000000000e+00	0.00000000000000e+00	8.83025974051518e+01	0.00000000000000e+00	4.11406526816012e+02	0.00000000000000e+00	1
26	68	40	54	5.00000000000000e-02	0.00000000000000e+00	0.00000000000000e+00	0.00000000000000e+00	8.82544406108054e+01	0.00000000000000e+00	3.63498357494600e+02	0.00000000000000e+00	1
27	69	41	55	5.00000000000000e-02	0.00000000000000e+00	0.00000000000000e+00	0.00000000000000e+00	8.85053613893593e+01	0.00000000000000e+00	3.94652563232819e+02	0.00000000000000e+00	1
28	70	42	56	5.00000000000000e-02	0.00000000000000e+00	0.00000000000000e+00	0.00000000000000e+00	8.92950943669280e+01	0.00000000000000e+00	4.06021655419724e+02	0.00000000000000e+00	1
29	71	43	57	5.00000000000000e-02	0.00000000000000e+00	0.00000000000000e+00	0.00000000000000e+00	9.03682226786855e+01	0.00000000000000e+00	4.31401043651388e+02	0.00000000000000e+00	1
30	72	44	58	5.00000000000000e-02	0.00000000000000e+00	0.00000000000000e+00	0.00000000000000e+00	9.17361413894740e+01	0.00000000000000e+00	4.21087663763555e+02	0.00000000000000e+00	1
1	46	16	31	5.00000000000000e-02	0.00000000000000e+00	0.00000000000000e+00	0.00000000000000e+00	1.04540211518870e+02	0.00000000000000e+00	4.29219161072687e+02	0.00000000000000e+00	1
2	47	17	32	5.00000000000000e-02	0.00000000000000e+00	0.00000000000000e+00	0.00000000000000e+00	1.07012983511938e+02	0.00000000000000e+00	4.65172324076074e+02	0.00000000000000e+00	1
3	48	18	33	5.00000000000000e-02	0.00000000000000e+00	0.00000000000000e+00	0.00000000000000e+00	1.08684866574050e+02	0.00000000000000e+00	5.35723467655356e+02	0.00000000000000e+00	1
4	49	19	34	5.00000000000000e-02	0.00000000000000e+00	0.00000000000000e+00	0.00000000000000e+00	1.09593283954065e+02	0.00000000000000e+00	5.19812897403208e+02	0.00000000000000e+00	1
5	50	20	35	5.00000000000000e-02	0.00000000000000e+00	0.00000000000000e+00	0.00000000000000e+00	1.09547279944473e+02	0.00000000000000e+00	5.58053061995858e+02	0.00000000000000e+00	1
6	51	21	36	5.00000000000000e-02	0.00000000000000e+00	0.00000000000000e+00	0.00000000000000e+00	1.10083262251642e+02	0.00000000000000e+00	5.76079929747954e+02	0.00000000000000e+00	1
7	52	22	37	5.00000000000000e-02	0.00000000000000e+00	0.00000000000000e+00	0.00000000000000e+00	1.10311937341428e+02	0.00000000000000e+00	6.03944177774305e+02	0.00000000000000e+00	1
8	53	23	38	5.00000000000000e-02	0.00000000000000e+00	0.00000000000000e+00	0.00000000000000e+00	1.10049663973648e+02	0.00000000000000e+00	5.52153652517691e+02	0.00000000000000e+00	1
9	54	24	39	5.00000000000000e-02	0.00000000000000e+00	0.00000000000000e+00	0.00000000000000e+00	1.09626045531147e+02	0.00000000000000e+00	5.80500584825136e+02	0.00000000000000e+00	1
10	55	25	40	5.00000000000000e-02	0.00000000000000e+00	0.00000000000000e+00	0.00000000000000e+00	1.09263463521975e+02	0.00000000000000e+00	6.28985606272967e+02	0.00000000000000e+00	1
11	56	26	41	5.00000000000000e-02	0.00000000000000e+00	0.00000000000000e+00	0.00000000000000e+00	1.09164085405518e+02	0.00000000000000e+00	6.12276321476798e+02	0.00000000000000e+00	1
12	57	27	42	5.00000000000000e-02	0.00000000000000e+00	0.00000000000000e+00	0.00000000000000e+00	1.08626613468263e+02	0.00000000000000e+00	6.76882504807844e+02	0.00000000000000e+00	1
13	58	28	43	5.00000000000000e-02	0.00000000000000e+00	0.00000000000000e+00	0.00000000000000e+00	1.08243533914263e+02	0.00000000000000e+00	5.91353014585206e+02	0.00000000000000e+00	1
14	59	29	44	5.00000000000000e-02	0.00000000000000e+00	0.00000000000000e+00	0.00000000000000e+00	1.07384177210779e+02	0.00000000000000e+00	6.46287435804296e+02	0.00000000000000e+00	1
15	60	30	45	5.00000000000000e-02	0.00000000000000e+00	0.00000000000000e+00	0.00000000000000e+00	1.06787376323100e+02	0.00000000000000e+00	5.90457639523280e+02	0.00000000000000e+00	1
16	61	31	46	5.00000000000000e-02	0.00000000000000e+00	0.00000000000000e+00	0.00000000000000e+00	1.05755259435187e+02	0.00000000000000e+00	5.87799673448599e+02	0.00000000000000e+00	1
17	62	32	47	5.00000000000000e-02	0.00000000000000e+00	0.00000000000000e+00	0.00000000000000e+00	1.04834271845571e+02	0.00000000000000e+00	5.23623335075148e+02	0.00000000000000e+00	1
18	63	33	48	5.00000000000000e-02	0.00000000000000e+00	0.00000000000000e+00	0.00000000000000e+00	1.03463826741071e+02	0.00000000000000e+00	5.16870336009930e+02	0.00000000000000e+00	1
19	64	34	49	5.00000000000000e-02	0.00000000000000e+00	0.00000000000000e+00	0.00000000000000e+00	1.01356383478519e+02	0.00000000000000e+00	5.00595742223901e+02	0.00000000000000e+00	1
20	65	35	50	5.00000000000000e-02	0.00000000000000e+00	0.00000000000000e+00	0.00000000000000e+00	9.91850738811767e+01	0.00000000000000e+00	4.52508298931826e+02	0.00000000000000e+00	1
21	66	36	51	5.00000000000000e-02	0.00000000000000e+00	0.00000000000000e+00	0.00000000000000e+00	9.72902966560132e+01	0.00000000000000e+00	4.21813255362997e+02	0.00000000000000e+00	1
22	67	37	52	5.00000000000000e-02	0.00000000000000e+00	0.00000000000000e+00	0.00000000000000e+00	9.60107090629471e+01	0.00000000000000e+00	4.39816732466416e+02	0.00000000000000e+00	1
23	68	38	53	5.00000000000000e-02	0.00000000000000e+00	0.00000000000000e+00	0.00000000000000e+00	9.49669236345207e+01	0.00000000000000e+00	4.35080447755763e+02	0.00000000000000e+00	1
24	69	39	54	5.00000000000000e-02	0.00000000000000e+00	0.00000000000000e+00	0.00000000000000e+00	9.45626626735044e+01	0.00000000000000e+00	4.14705727044476e+02	0.00000000000000e+00	1
25	70	40	55	5.00000000000000e-02	0.00000000000000e+00	0.00000000000000e+00	0.00000000000000e+00	9.43287922423674e+01	0.00000000000000e+00	4.05112034194919e+02	0.00000000000000e+00	1
26	71	41	56	5.00000000000000e-02	0.00000000000000e+00	0.00000000000000e+00	0.00000000000000e+00	9.43022633514786e+01	0.00000000000000e+00	4.05227155920222e+02	0.00000000000000e+00	1
27	72	42	57	5.00000000000000e-02	0.00000000000000e+00	0.00000000000000e+00	0.00000000000000e+00	9.49461433897105e+01	0.00000000000000e+00	4.38381591496389e+02	0.00000000000000e+00	1
1	49	17	33	5.00000000000000e-02	0.00000000000000e+00	0.00000000000000e+00	0.00000000000000e+00	1.15740659195462e+02	0.00000000000000e+00	5.20064083645249e+02	0.00000000000000e+00	1
2	50	18	34	5.00000000000000e-02	0.00000000000000e+00	0.00000000000000e+00	0.00000000000000e+00	1.16229820157441e+02	0.00000000000000e+00	5.89687687700728e+02	0.00000000000000e+00	1
3	51	19	35	5.00000000000000e-02	0.00000000000000e+00	0.00000000000000e+00	0.00000000000000e+00	1.16422920794352e+02	0.00000000000000e+00	5.73560048877625e+02	0.00000000000000e+00	1
4	52	20	36	5.00000000000000e-02	0.00000000000000e+00	0.00000000000000e+00	0.00000000000000e+00	1.16952172725785e+02	0.00000000000000e+00	5.86090924447867e+02	0.00000000000000e+00	1
5	53	21	37	5.00000000000000e-02	0.00000000000000e+00	0.00000000000000e+00	0.00000000000000e+00	1.17311784388753e+02	0.00000000000000e+00	6.23816136004742e+02	0.00000000000000e+00	1
6	54	22	38	5.00000000000000e-02	0.00000000000000e+00	0.00000000000000e+00	0.00000000000000e+00	1.16807451965316e+02	0.00000000000000e+00	6.12482493078020e+02	0.00000000000000e+00	1
7	55	23	39	5.00000000000000e-02	0.00000000000000e+00	0.00000000000000e+00	0.00000000000000e+00	1.16518895387352e+02	0.00000000000000e+00	5.96471728712068e+02	0.00000000000000e+00	1
8	56	24	40	5.00000000000000e-02	0.00000000000000e+00	0.00000000000000e+00	0.00000000000000e+00	1.16198951758280e+02	0.00000000000000e+00	6.82692992591217e+02	0.00000000000000e+00	1
9	57	25	41	5.00000000000000e-02	0.00000000000000e+00	0.00000000000000e+00	0.00000000000000e+00	1.15847396716452e+02	0.00000000000000e+00	6.59384485429912e+02	0.00000000000000e+00	1
10	58	26	42	5.00000000000000e-02	0.00000000000000e+00	0.00000000000000e+00	0.00000000000000e+00	1.15320863055240e+02	0.00000000000000e+00	6.67831977773832e+02	0.00000000000000e+00	1
11	59	27	43	5.00000000000000e-02	0.00000000000000e+00	0.00000000000000e+00	0.00000000000000e+00	1.14919607039110e+02	0.00000000000000e+00	6.51127873311203e+02	0.00000000000000e+00	1
12	60	28	44	5.00000000000000e-02	0.00000000000000e+00	0.00000000000000e+00	0.00000000000000e+00	1.14585765757464e+02	0.00000000000000e+00	6.70697036181353e+02	0.00000000000000e+00	1
13	61	29	45	5.00000000000000e-02	0.00000000000000e+00	0.00000000000000e+00	0.00000000000000e+00	1.13721783027718e+02	0.00000000000000e+00	6.31839229325152e+02	0.00000000000000e+00	1
14	62	30	46	5.00000000000000e-02	0.00000000000000e+00	0.00000000000000e+00	0.00000000000000e+00	1.12868341114230e+02	0.00000000000000e+00	6.02147555045934e+02	0.00000000000000e+00	1
15	63	31	47	5.00000000000000e-02	0.00000000000000e+00	0.00000000000000e+00	0.00000000000000e+00	1.12052195259513e+02	0.00000000000000e+00	5.80552776945237e+02	0.00000000000000e+00	1
16	64	32	48	5.00000000000000e-02	0.00000000000000e+00	0.00000000000000e+00	0.00000000000000e+00	1.11062023617712e+02	0.00000000000000e+00	5.73705001008572e+02	0.00000000000000e+00	1
17	65	33	49	5.00000000000000e-02	0.00000000000000e+00	0.00000000000000e+00	0.00000000000000e+00	1.09567573119648e+02	0.00000000000000e+00	5.66087100952690e+02	0.00000000000000e+00	1
18	66	34	50	5.00000000000000e-02	0.00000000000000e+00	0.00000000000000e+00	0.00000000000000e+00	1.07817805465209e+02	0.00000000000000e+00	5.65508074388770e+02	0.00000000000000e+00	1
19	67	35	51	5.00000000000000e-02	0.00000000000000e+00	0.00000000000000e+00	0.00000000000000e+00	1.05577296215898e+02	0.00000000000000e+00	4.73272653768360e+02	0.00000000000000e+00	1
20	68	36	52	5.00000000000000e-02	0.00000000000000e+00	0.00000000000000e+00	0.00000000000000e+00	1.03724074383382e+02	0.00000000000000e+00	4.67957703976755e+02	0.00000000000000e+00	1
21	69	37	53	5.00000000000000e-02	0.00000000000000e+00	0.00000000000000e+00	0.00000000000000e+00	1.02323980317869e+02	0.00000000000000e+00	4.52345184371008e+02	0.00000000000000e+00	1
22	70	38	54	5.00000000000000e-02	0.00000000000000e+00	0.00000000000000e+00	0.00000000000000e+00	1.01376591232922e+02	0.00000000000000e+00	4.57960723991518e+02	0.00000000000000e+00	1
23	71	39	55	5.00000000000000e-02	0.00000000000000e+00	0.00000000000000e+00	0.00000000000000e+00	1.00649921609156e+02	0.00000000000000e+00	4.29167012664128e+02	0.00000000000000e+00	1
24	72	40	56	5.00000000000000e-02	0.00000000000000e+00	0.00000000000000e+00	0.00000000000000e+00	1.00334871152548e+02	0.00000000000000e+00	4.47411824259511e+02	0.00000000000000e+00	1
1	52	18	35	5.00000000000000e-02	0.00000000000000e+00	0.00000000000000e+00	0.00000000000000e+00	1.23382417706511e+02	0.00000000000000e+00	5.68716984373551e+02	0.00000000000000e+00	1
2	53	19	36	5.00000000000000e-02	0.00000000000000e+00	0.00000000000000e+00	0.00000000000000e+00	1.23690353082857e+02	0.00000000000000e+00	5.74984299948874e+02	0.00000000000000e+00	1
3	54	20	37	5.00000000000000e-02	0.00000000000000e+00	0.00000000000000e+00	0.00000000000000e+00	1.23837851467443e+02	0.00000000000000e+00	6.39930070108421e+02	0.00000000000000e+00	1
4	55	21	38	5.00000000000000e-02	0.00000000000000e+00	0.00000000000000e+00	0.00000000000000e+00	1.23597527277242e+02	0.00000000000000e+00	6.37719573401801e+02	0.00000000000000e+00	1
5	56	22	39	5.00000000000000e-02	0.00000000000000e+00	0.00000000000000e+00	0.00000000000000e+00	1.23375260295617e+02	0.00000000000000e+00	6.55330294034845e+02	0.00000000000000e+00	1
6	57	23	40	5.00000000000000e-02	0.00000000000000e+00	0.00000000000000e+00	0.00000000000000e+00	1.22848652679538e+02	0.00000000000000e+00	6.21695388541554e+02	0.00000000000000e+00	1
7	58	24	41	5.00000000000000e-02	0.00000000000000e+00	0.00000000000000e+00	0.00000000000000e+00	1.22649784361232e+02	0.00000000000000e+00	5.94268822432026e+02	0.00000000000000e+00	1
8	59	25	42	5.00000000000000e-02	0.00000000000000e+00	0.00000000000000e+00	0.00000000000000e+00	1.22163569283422e+02	0.00000000000000e+00	6.39254920481848e+02	0.00000000000000e+00	1
9	60	26	43	5.00000000000000e-02	0.00000000000000e+00	0.00000000000000e+00	0.00000000000000e+00	1.21825241238723e+02	0.00000000000000e+00	6.57238737153162e+02	0.00000000000000e+00	1
10	61	27	44	5.00000000000000e-02	0.00000000000000e+00	0.00000000000000e+00	0.00000000000000e+00	1.21167602881079e+02	0.00000000000000e+00	5.87559012514328e+02	0.00000000000000e+00	1
11	62	28	45	5.00000000000000e-02	0.00000000000000e+00	0.00000000000000e+00	0.00000000000000e+00	1.20459777030695e+02	0.00000000000000e+00	6.82520183683463e+02	0.00000000000000e+00	1
12	63	29	46	5.00000000000000e-02	0.00000000000000e+00	0.00000000000000e+00	0.00000000000000e+00	1.19853425843788e+02	0.00000000000000e+00	6.36172300209638e+02	0.00000000000000e+00	1
13	64	30	47	5.00000000000000e-02	0.00000000000000e+00	0.00000000000000e+00	0.00000000000000e+00	1.19134665977417e+02	0.00000000000000e+00	6.48815606937201e+02	0.00000000000000e+00	1
14	65	31	48	5.00000000000000e-02	0.00000000000000e+00	0.00000000000000e+00	0.00000000000000e+00	1.18074194316092e+02	0.00000000000000e+00	6.12220680891365e+02	0.00000000000000e+00	1
15	66	32	49	5.00000000000000e-02	0.00000000000000e+00	0.00000000000000e+00	0.00000000000000e+00	1.17256366502820e+02	0.00000000000000e+00	5.91850416999696e+02	0.00000000000000e+00	1
16	67	33	50	5.00000000000000e-02	0.00000000000000e+00	0.00000000000000e+00	0.00000000000000e+00	1.16016287395666e+02	0.00000000000000e+00	5.49948172865816e+02	0.00000000000000e+00	1
17	68	34	51	5.00000000000000e-02	0.00000000000000e+00	0.00000000000000e+00	0.00000000000000e+00	1.13918067759518e+02	0.00000000000000e+00	5.58413048203125e+02	0.00000000000000e+00	1
18	69	35	52	5.00000000000000e-02	0.00000000000000e+00	0.00000000000000e+00	0.00000000000000e+00	1.11984931386093e+02	0.00000000000000e+00	4.62715191471783e+02	0.00000000000000e+00	1
19	70	36	53	5.00000000000000e-02	0.00000000000000e+00	0.00000000000000e+00	0.00000000000000e+00	1.10196383110690e+02	0.00000000000000e+00	5.02931166432368e+02	0.00000000000000e+00	1
20	71	37	54	5.00000000000000e-02	0.00000000000000e+00	0.00000000000000e+00	0.00000000000000e+00	1.08732565717343e+02	0.00000000000000e+00	4.48144536367878e+02	0.00000000000000e+00	1
21	72	38	55	5.00000000000000e-02	0.00000000000000e+00	0.00000000000000e+00	0.00000000000000e+00	1.07552208878330e+02	0.00000000000000e+00	4.76950130068876e+02	0.00000000000000e+00	1
1	55	19	37	5.00000000000000e-02	0.00000000000000e+00	0.00000000000000e+00	0.00000000000000e+00	1.30588224960661e+02	0.00000000000000e+00	6.02854217690376e+02	0.00000000000000e+00	1
2	56	20	38	5.00000000000000e-02	0.00000000000000e+00	0.00000000000000e+00	0.00000000000000e+00	1.30123726088010e+02	0.00000000000000e+00	6.81690747943802e+02	0.00000000000000e+00	1
3	57	21	39	5.00000000000000e-02	0.00000000000000e+00	0.00000000000000e+00	0.00000000000000e+00	1.29811989781112e+02	0.00000000000000e+00	5.94223503130884e+02	0.00000000000000e+00	1
4	58	22	40	5.00000000000000e-02	0.00000000000000e+00	0.00000000000000e+00	0.00000000000000e+00	1.29671760305283e+02	0.00000000000000e+00	6.06041288886201e+02	0.00000000000000e+00	1
5	59	23	41	5.00000000000000e-02	0.00000000000000e+00	0.00000000000000e+00	0.00000000000000e+00	1.29450910504134e+02	0.00000000000000e+00	6.36143027973019e+02	0.00000000000000e+00	1
6	60	24	42	5.00000000000000e-02	0.00000000000000e+00	0.00000000000000e+00	0.00000000000000e+00	1.29056045289006e+02	0.00000000000000e+00	6.98909760136709e+02	0.00000000000000e+00	1
7	61	25	43	5.00000000000000e-02	0.00000000000000e+00	0.00000000000000e+00	0.00000000000000e+00	1.28457584669213e+02	0.00000000000000e+00	6.77996341771409e+02	0.00000000000000e+00	1
8	62	26	44	5.00000000000000e-02	0.00000000000000e+00	0.00000000000000e+00	0.00000000000000e+00	1.27902949128911e+02	0.00000000000000e+00	6.76752206030448e+02	0.00000000000000e+00	1
9	63	27	45	5.00000000000000e-02	0.00000000000000e+00	0.00000000000000e+00	0.00000000000000e+00	1.27220960120576e+02	0.00000000000000e+00	6.61779156195920e+02	0.00000000000000e+00	1
10	64	28	46	5.00000000000000e-02	0.00000000000000e+00	0.00000000000000e+00	0.00000000000000e+00	1.26467263277782e+02	0.00000000000000e+00	6.71897169219343e+02	0.00000000000000e+00	1
11	65	29	47	5.00000000000000e-02	0.00000000000000e+00	0.00000000000000e+00	0.00000000000000e+00	1.25746370797357e+02	0.00000000000000e+00	6.50116172351242e+02	0.00000000000000e+00	1
12	66	30	48	5.00000000000000e-02	0.00000000000000e+00	0.00000000000000e+00	0.00000000000000e+00	1.25126322866963e+02	0.00000000000000e+00	6.21258108550869e+02	0.00000000000000e+00	1
13	67	31	49	5.00000000000000e-02	0.00000000000000e+00	0.00000000000000e+00	0.00000000000000e+00	1.24476127079825e+02	0.00000000000000e+00	6.48612012450034e+02	0.00000000000000e+00	1
14	68	32	50	5.00000000000000e-02	0.00000000000000e+00	0.00000000000000e+00	0.00000000000000e+00	1.23640186774983e+02	0.00000000000000e+00	5.90896180287588e+02	0.00000000000000e+00	1
15	69	33	51	5.00000000000000e-02	0.00000000000000e+00	0.00000000000000e+00	0.00000000000000e+00	1.22164529374713e+02	0.00000000000000e+00	5.24685626730844e+02	0.00000000000000e+00	1
16	70	34	52	5.00000000000000e-02	0.00000000000000e+00	0.00000000000000e+00	0.00000000000000e+00	1.20204629154622e+02	0.00000000000000e+00	5.48804487952180e+02	0.00000000000000e+00	1
17	71	35	53	5.00000000000000e-02	0.00000000000000e+00	0.00000000000000e+00	0.00000000000000e+00	1.18064375000968e+02	0.00000000000000e+00	4.72457202830894e+02	0.00000000000000e+00	1
18	72	36	54	5.00000000000000e-02	0.00000000000000e+00	0.00000000000000e+00	0.00000000000000e+00	1.16570090816783e+02	0.00000000000000e+00	5.16960979570853e+02	0.00000000000000e+00	1
1	58	20	39	5.00000000000000e-02	0.00000000000000e+00	0.00000000000000e+00	0.00000000000000e+00	1.36551864576275e+02	0.00000000000000e+00	6.50217331038803e+02	0.00000000000000e+00	1
2	59	21	40	5.00000000000000e-02	0.00000000000000e+00	0.00000000000000e+00	0.00000000000000e+00	1.36160825639822e+02	0.00000000000000e+00	6.12888353725427e+02	0.00000000000000e+00	1
3	60	22	41	5.00000000000000e-02	0.00000000000000e+00	0.00000000000000e+00	0.00000000000000e+00	1.36249916015829e+02	0.00000000000000e+00	6.61603478763867e+02	0.00000000000000e+00	1
4	61	23	42	5.00000000000000e-02	0.00000000000000e+00	0.00000000000000e+00	0.00000000000000e+00	1.35745753589682e+02	0.00000000000000e+00	6.77423023370060e+02	0.00000000000000e+00	1
5	62	24	43	5.00000000000000e-02	0.00000000000000e+00	0.00000000000000e+00	0.00000000000000e+00	1.35168916765406e+02	0.00000000000000e+00	6.76905596079867e+02	0.00000000000000e+00	1
6	63	25	44	5.00000000000000e-02	0.00000000000000e+00	0.00000000000000e+00	0.00000000000000e+00	1.34589408090363e+02	0.00000000000000e+00	7.21919402384254e+02	0.00000000000000e+00	1
7	64	26	45	5.00000000000000e-02	0.00000000000000e+00	0.00000000000000e+00	0.00000000000000e+00	1.33722901660432e+02	0.00000000000000e+00	7.08321606786699e+02	0.00000000000000e+00	1
8	65	27	46	5.00000000000000e-02	0.00000000000000e+00	0.00000000000000e+00	0.00000000000000e+00	1.33157507746334e+02	0.00000000000000e+00	7.14621060770695e+02	0.00000000000000e+00	1
9	66	28	47	5.00000000000000e-02	0.00000000000000e+00	0.00000000000000e+00	0.00000000000000e+00	1.32459195814933e+02	0.00000000000000e+00	6.85192451140336e+02	0.00000000000000e+00	1
10	67	29	48	5.00000000000000e-02	0.00000000000000e+00	0.00000000000000e+00	0.00000000000000e+00	1.31861765976678e+02	0.00000000000000e+00	6.55363451848271e+02	0.00000000000000e+00	1
11	68	30	49	5.00000000000000e-02	0.00000000000000e+00	0.00000000000000e+00	0.00000000000000e+00	1.31307784443332e+02	0.00000000000000e+00	6.99009215120386e+02	0.00000000000000e+00	1
12	69	31	50	5.00000000000000e-02	0.00000000000000e+00	0.00000000000000e+00	0.00000000000000e+00	1.30794199175089e+02	0.00000000000000e+00	6.70568700445275e+02	0.00000000000000e+00	1
13	70	32	51	5.00000000000000e-02	0.00000000000000e+00	0.00000000000000e+00	0.00000000000000e+00	1.29833356550400e+02	0.00000000000000e+00	6.04630210860616e+02	0.00000000000000e+00	1
14	71	33	52	5.00000000000000e-02	0.00000000000000e+00	0.00000000000000e+00	0.00000000000000e+00	1.28211312396699e+02	0.00000000000000e+00	5.48708233870036e+02	0.00000000000000e+00	1
15	72	34	53	5.00000000000000e-02	0.00000000000000e+00	0.00000000000000e+00	0.00000000000000e+00	1.26295677281724e+02	0.00000000000000e+00	5.00803920231413e+02	0.00000000000000e+00	1
1	61	21	41	5.00000000000000e-02	0.00000000000000e+00	0.00000000000000e+00	0.00000000000000e+00	1.42877757558134e+02	0.00000000000000e+00	6.74384538593186e+02	0.00000000000000e+00	1
2	62	22	42	5.00000000000000e-02	0.00000000000000e+00	0.00000000000000e+00	0.00000000000000e+00	1.42248366506869e+02	0.00000000000000e+00	6.68254734292398e+02	0.00000000000000e+00	1
3	63	23	43	5.00000000000000e-02	0.00000000000000e+00	0.00000000000000e+00	0.00000000000000e+00	1.41798041500506e+02	0.00000000000000e+00	7.18830123894016e+02	0.00000000000000e+00	1
4	64	24	44	5.00000000000000e-02	0.00000000000000e+00	0.00000000000000e+00	0.00000000000000e+00	1.41165247984668e+02	0.00000000000000e+00	6.73258878476465e+02	0.00000000000000e+00	1
5	65	25	45	5.00000000000000e-02	0.00000000000000e+00	0.00000000000000e+00	0.00000000000000e+00	1.40336083938562e+02	0.00000000000000e+00	6.82103733154122e+02	0.00000000000000e+00	1
6	66	26	46	5.00000000000000e-02	0.00000000000000e+00	0.00000000000000e+00	0.00000000000000e+00	1.39637535446154e+02	0.00000000000000e+00	7.40620711645019e+02	0.00000000000000e+00	1
7	67	27	47	5.00000000000000e-02	0.00000000000000e+00	0.00000000000000e+00	0.00000000000000e+00	1.39165373625702e+02	0.00000000000000e+00	7.12006607498378e+02	0.00000000000000e+00	1
8	68	28	48	5.00000000000000e-02	0.00000000000000e+00	0.00000000000000e+00	0.00000000000000e+00	1.38666510639103e+02	0.00000000000000e+00	7.50947372804577e+02	0.00000000000000e+00	1
9	69	29	49	5.00000000000000e-02	0.00000000000000e+00	0.00000000000000e+00	0.00000000000000e+00	1.38106148960516e+02	0.00000000000000e+00	7.45232915798622e+02	0.00000000000000e+00	1
10	70	30	50	5.00000000000000e-02	0.00000000000000e+00	0.00000000000000e+00	0.00000000000000e+00	1.37577447872079e+02	0.00000000000000e+00	5.91221989547054e+02	0.00000000000000e+00	1
11	71	31	51	5.00000000000000e-02	0.00000000000000e+00	0.00000000000000e+00	0.00000000000000e+00	1.36585754139047e+02	0.00000000000000e+00	6.98108379949081e+02	0.00000000000000e+00	1
12	72	32	52	5.00000000000000e-02	0.00000000000000e+00	0.00000000000000e+00	0.00000000000000e+00	1.35767481103714e+02	0.00000000000000e+00	5.89384449886107e+02	0.00000000000000e+00	1
1	64	22	43	5.00000000000000e-02	0.00000000000000e+00	0.00000000000000e+00	0.00000000000000e+00	1.48423261240022e+02	0.00000000000000e+00	6.49003767979606e+02	0.00000000000000e+00	1
2	65	23	44	5.00000000000000e-02	0.00000000000000e+00	0.00000000000000e+00	0.00000000000000e+00	1.47602111625722e+02	0.00000000000000e+00	6.65546002022349e+02	0.00000000000000e+00	1
3	66	24	45	5.00000000000000e-02	0.00000000000000e+00	0.00000000000000e+00	0.00000000000000e+00	1.46777013160336e+02	0.00000000000000e+00	7.07272317741779e+02	0.00000000000000e+00	1
4	67	25	46	5.00000000000000e-02	0.00000000000000e+00	0.00000000000000e+00	0.00000000000000e+00	1.46380879663895e+02	0.00000000000000e+00	7.00416160568509e+02	0.00000000000000e+00	1
5	68	26	47	5.00000000000000e-02	0.00000000000000e+00	0.00000000000000e+00	0.00000000000000e+00	1.45744734356657e+02	0.00000000000000e+00	7.00257247876256e+02	0.00000000000000e+00	1
6	69	27	48	5.00000000000000e-02	0.00000000000000e+00	0.00000000000000e+00	0.00000000000000e+00	1.45310605366425e+02	0.00000000000000e+00	6.96310256805212e+02	0.00000000000000e+00	1
7	70	28	49	5.00000000000000e-02	0.00000000000000e+00	0.00000000000000e+00	0.00000000000000e+00	1.44750868515419e+02	0.00000000000000e+00	7.03199198109167e+02	0.00000000000000e+00	1
8	71	29	50	5.00000000000000e-02	0.00000000000000e+00	0.00000000000000e+00	0.00000000000000e+00	1.44274232416666e+02	0.00000000000000e+00	7.06440523475276e+02	0.00000000000000e+00	1
9	72	30	51	5.00000000000000e-02	0.00000000000000e+00	0.00000000000000e+00	0.00000000000000e+00	1.43392525864660e+02	0.00000000000000e+00	7.50779641584908e+02	0.00000000000000e+00	1
1	67	23	45	5.00000000000000e-02	0.00000000000000e+00	0.00000000000000e+00	0.00000000000000e+00	1.53617883871433e+02	0.00000000000000e+00	7.61094180147056e+02	0.00000000000000e+00	1
2	68	24	46	5.00000000000000e-02	0.00000000000000e+00	0.00000000000000e+00	0.00000000000000e+00	1.52807511712781e+02	0.00000000000000e+00	7.41312062726648e+02	0.00000000000000e+00	1
3	69	25	47	5.00000000000000e-02	0.00000000000000e+00	0.00000000000000e+00	0.00000000000000e+00	1.52309419604286e+02	0.00000000000000e+00	7.00124823061405e+02	0.00000000000000e+00	1
4	70	26	48	5.00000000000000e-02	0.00000000000000e+00	0.00000000000000e+00	0.00000000000000e+00	1.51844523050114e+02	0.00000000000000e+00	7.24471898445204e+02	0.00000000000000e+00	1
5	71	27	49	5.00000000000000e-02	0.00000000000000e+00	0.00000000000000e+00	0.00000000000000e+00	1.51296072663187e+02	0.00000000000000e+00	7.15145411298591e+02	0.00000000000000e+00	1
6	72	28	50	5.00000000000000e-02	0.00000000000000e+00	0.00000000000000e+00	0.00000000000000e+00	1.50811789768216e+02	0.00000000000000e+00	7.09678739992295e+02	0.00000000000000e+00	1
1	70	24	47	5.00000000000000e-02	0.00000000000000e+00	0.00000000000000e+00	0.00000000000000e+00	1.58962930059755e+02	0.00000000000000e+00	7.40783454061013e+02	0.00000000000000e+00	1
2	71	25	48	5.00000000000000e-02	0.00000000000000e+00	0.00000000000000e+00	0.00000000000000e+00	1.58191161668771e+02	0.00000000000000e+00	7.39609521318874e+02	0.00000000000000e+00	1
3	72	26	49	5.00000000000000e-02	0.00000000000000e+00	0.00000000000000e+00	0.00000000000000e+00	1.57608064554449e+02	0.00000000000000e+00	6.98999331327483e+02	0.00000000000000e+00	1
0
