112
# x y z
0.0 0.0 3213.46
3.0 0.0 3211.65
6.0 0.0 3209.94
9.0 0.0 3208.51
12.0 0.0 3206.97
15.0 0.0 3205.47
18.0 0.0 3204.07
21.0 0.0 3202.63
24.0 0.0 3201.23
27.0 0.0 3199.57
30.0 0.0 3198.16
33.0 0.0 3196.75
36.0 0.0 3195.34
39.0 0.0 3193.92
42.0 0.0 3192.51
45.0 0.0 3191.1
48.0 0.0 3189.71
51.0 0.0 3188.43
54.0 0.0 3187.14
57.0 0.0 3185.86
60.0 0.0 3184.58
63.0 0.0 3183.3
66.0 0.0 3182.01
69.0 0.0 3180.73
72.0 0.0 3179.45
75.0 0.0 3178.18
78.0 0.0 3176.94
81.0 0.0 3175.68
84.0 0.0 3174.42
87.0 0.0 3173.17
90.0 0.0 3171.91
93.0 0.0 3170.65
96.0 0.0 3169.39
99.0 0.0 3168.14
102.0 0.0 3166.88
105.0 0.0 3165.62
108.0 0.0 3164.28
111.0 0.0 3162.83
114.0 0.0 3161.28
117.0 0.0 3159.7
120.0 0.0 3158.23
123.0 0.0 3156.73
126.0 0.0 3155.36
129.0 0.0 3154.09
132.0 0.0 3153.02
135.0 0.0 3151.93
138.0 0.0 3151.02
141.0 0.0 3150.14
144.0 0.0 3149.41
145.5 0.0 3148.98
147.0 0.0 3148.54
148.5 0.0 3148.11
150.0 0.0 3147.67
151.5 0.0 3147.18
153.0 0.0 3146.61
154.5 0.0 3146.18
156.0 0.0 3145.83
157.5 0.0 3145.52
159.0 0.0 3145.26
160.5 0.0 3144.98
162.0 0.0 3144.75
163.5 0.0 3144.48
165.0 0.0 3144.23
166.5 0.0 3143.94
168.0 0.0 3143.69
169.5 0.0 3143.43
171.0 0.0 3143.15
172.5 0.0 3142.94
174.0 0.0 3142.78
175.5 0.0 3142.45
177.0 0.0 3142.2
178.5 0.0 3141.97
180.0 0.0 3141.71
181.5 0.0 3141.55
183.0 0.0 3141.35
184.5 0.0 3141.26
186.0 0.0 3141.07
187.5 0.0 3140.9
189.0 0.0 3140.78
190.5 0.0 3140.68
192.0 0.0 3140.62
193.5 0.0 3140.61
195.0 0.0 3140.62
196.5 0.0 3140.51
198.0 0.0 3140.46
199.5 0.0 3140.4
201.0 0.0 3140.28
202.5 0.0 3140.12
204.0 0.0 3139.91
205.5 0.0 3139.84
207.0 0.0 3139.71
208.5 0.0 3139.57
210.0 0.0 3139.5
211.5 0.0 3139.38
213.0 0.0 3139.26
214.5 0.0 3139.06
216.0 0.0 3138.87
217.5 0.0 3138.69
219.0 0.0 3138.41
220.5 0.0 3138.08
222.0 0.0 3137.98
223.5 0.0 3137.8
225.0 0.0 3137.57
226.5 0.0 3137.32
228.0 0.0 3137.1
229.5 0.0 3136.86
231.0 0.0 3136.42
232.5 0.0 3136.18
234.0 0.0 3135.79
235.5 0.0 3135.14
237.0 0.0 3134.49
238.5 0.0 3133.84
3647
# a b m n r rhoa k err
2 1 4 5 1.78964 525.0703487242973 293.39439704314685 0.022989187769607296
2 1 5 6 0.598308 443.7493882915168 741.6738340311626 0.024981848813654506
2 1 6 7 0.35369 544.8858466469865 1540.5746462919121 0.027116768921937286
2 1 7 8 0.149992 412.2852178233068 2748.7147169402824 0.03389347431863033
2 1 8 9 0.1 454.11304140352587 4541.130414035259 0.04493765946363183
2 1 9 10 0.1 654.3429988755848 6543.429988755848 0.05908438721359313
3 2 4 5 14.8585 925.600295628124 62.29432955063593 0.022421707440185755
3 2 5 6 3.22729 802.2465216772869 248.58209881271495 0.02253876782067927
3 2 6 7 1.52322 968.8834735090679 636.0758613391814 0.02317321201139691
3 2 7 8 0.549715 704.0442209192955 1280.7440599570607 0.0252645825564156
3 2 8 9 0.187648 429.91430218836774 2291.0678621054726 0.032329734396316506
3 2 9 10 0.155067 542.5321935903538 3498.6953612977213 0.03309382395996569
3 2 10 11 0.157063 839.1370286577753 5342.677961440793 0.033648854281403004
3 1 5 7 5.69547 750.1575244430703 131.71125902569415 0.022422941390262786
3 1 7 9 0.970464 538.760645475869 555.1577858383916 0.023906461239159824
3 1 9 11 0.41268 565.0302203386447 1369.1727739135522 0.02624379664631191
3 1 11 13 0.210267 606.0626876928084 2882.3480988115507 0.030697399021244416
3 1 17 19 0.1 1288.9461155790968 12889.461155790968 0.049817805205188005
4 3 5 6 11.0932 702.3117731943503 63.31011549366732 0.022411814444885155
4 3 6 7 3.67273 950.7804204685448 258.87566482386256 0.022463736784353875
4 3 7 8 1.17439 759.4482576241243 646.6746631222372 0.023598634184555385
4 3 8 9 0.462316 607.0759671574326 1313.1190942070632 0.025880847731854402
4 3 9 10 0.233173 509.8287120464273 2186.482620399563 0.029623884412003105
4 3 10 11 0.212499 755.1913214479663 3553.858236735073 0.030504802375540593
4 3 11 12 0.136584 747.0330581956492 5469.40387011399 0.03527192057634862
4 2 6 8 6.92157 891.7059389618089 128.83001096020251 0.022422558754733393
4 2 8 10 1.03947 535.4781572837398 515.1453695476924 0.023723638007830915
4 2 10 12 0.600971 771.6964053896311 1284.0826019718606 0.025139416045033783
4 2 12 14 0.202377 533.9269014782429 2638.2785666268546 0.03119381154973144
4 2 14 16 0.105763 491.8527374175445 4650.518020645637 0.038558285979028585
4 2 18 20 0.1 1163.6916708477097 11636.916708477096 0.049384477429354465
4 1 7 10 3.043 607.9665817868246 199.79184416261077 0.022596033519553072
4 1 10 13 0.844166 686.4189258671126 813.1326372622359 0.024190656813944177
4 1 13 16 0.207406 436.6813483656725 2105.442216549533 0.03140998813920523
4 1 16 19 0.137038 591.616922947577 4317.174235960661 0.035149374626016146
4 1 19 22 0.1 786.0603327395734 7860.603327395733 0.04499164498396489
4 1 25 28 0.1 1944.6867071015122 19446.86707101512 0.06939335625729517
5 4 6 7 14.0186 900.361770418126 64.22622590116887 0.022411518981924016
5 4 7 8 2.78239 712.2250066391323 255.97597987310633 0.02263368902274663
5 4 8 9 0.899114 581.139081574129 646.3463827435999 0.02404598304553149
5 4 9 10 0.364711 448.00916511565964 1228.3949897745329 0.026831655749346744
5 4 10 11 0.273106 596.2770978041342 2183.3174584378744 0.029176620066933712
5 4 11 12 0.172585 617.7710096126814 3579.517394980337 0.032116406408436424
5 4 12 13 0.108581 586.8304462345388 5404.54081500943 0.039142667685875064
5 3 7 9 5.31338 684.5645865703881 128.83787468059654 0.02243368816083171
5 3 9 11 1.08618 540.1653048856967 497.3073568705894 0.024101990461986043
5 3 11 13 0.491555 634.9505055943425 1291.7181304113324 0.02547725076542808
5 3 13 15 0.148505 386.5270027928188 2602.787803729294 0.033613548365374904
5 3 15 17 0.108593 494.9588498980468 4557.925924304945 0.03906043667639719
5 3 17 19 0.1 748.6636908609598 7486.636908609598 0.046523629479493664
5 3 19 21 0.1 1143.4269648116185 11434.269648116184 0.0548633703147592
5 2 8 11 2.94567 563.3330059963895 191.24104397179235 0.022618711532520614
5 2 11 14 0.754454 588.0224492952267 779.4013277088155 0.02436935850297036
5 2 14 17 0.228817 450.17811329039773 1967.4155036137952 0.03021598045599759
5 2 17 20 0.161911 657.8519770090159 4063.0468406038867 0.03351483222264084
5 2 20 23 0.1 726.7179550923954 7267.179550923954 0.04493558452162249
5 2 26 29 0.1 1784.7258312675851 17847.25831267585 0.0677445432497979
5 1 9 13 2.1956 568.4697170629452 258.9131522421867 0.02278941519402441
5 1 13 17 0.382643 416.61418579793417 1088.7803665503725 0.02668335759441568
5 1 17 21 0.228383 649.5677771106766 2844.2037152970083 0.029538231829864744
5 1 21 25 0.100382 586.9424694728452 5847.0888154534205 0.03981560439122552
5 1 25 29 0.1 1042.2790321257714 10422.790321257715 0.0559220608378426
5 1 33 37 0.1 2603.7489576179614 26037.48957617961 0.08570104231044325
6 5 7 8 13.2429 821.6251315714438 62.04268940877329 0.02243068436671726
6 5 8 9 2.87315 722.8157476365194 251.57605681447868 0.022626382193759464
6 5 9 10 0.8217 492.06645828182576 598.8395500569865 0.024212851405622487
6 5 10 11 0.504491 614.8647712395077 1218.782438615372 0.025633063820761914
6 5 11 12 0.269396 588.6379917070578 2185.0287001553766 0.02896490668012888
6 5 12 13 0.135376 475.88808922220255 3515.3061785117197 0.035839292045857465
6 5 13 14 0.1 527.2854794217952 5272.854794217952 0.051762502863631384
6 4 8 10 4.95749 619.2167375212028 124.9052922993698 0.022438498110939207
6 4 10 12 1.22751 609.0238768028863 496.1457558821405 0.023458016635302358
6 4 12 14 0.34902 442.6127424993262 1268.1586800164066 0.026804423815254143
6 4 14 16 0.139586 354.73381120751554 2541.328007160572 0.034642442651841875
6 4 16 18 0.1 446.80185726884605 4468.01857268846 0.04256089486817744
6 4 18 20 0.1 735.2261323075917 7352.261323075916 0.04615916153300987
6 4 20 22 0.1 1113.7228166576463 11137.228166576462 0.05633172542621361
6 3 9 12 2.99273 552.0543355551818 184.4651323558028 0.022574706037631193
6 3 12 15 0.565215 433.819129595338 767.5293996007501 0.02518027653193917
6 3 18 21 0.143042 571.531790486877 3995.552288746501 0.03447945358705835
6 3 21 24 0.1 707.3497138953375 7073.497138953374 0.04775490187883297
6 3 27 30 0.1 1730.327550816406 17303.27550816406 0.07315366736297038
6 2 10 14 2.37139 598.5512858469361 252.4052500208469 0.02278694352257537
6 2 14 18 0.417871 432.8018164819901 1035.7306835889308 0.02627363468630271
6 2 18 22 0.230987 622.5277134320369 2695.0768373633014 0.029522354071874174
6 2 22 26 0.1 546.4059555450084 5464.059555450083 0.04046508260806615
6 2 26 30 0.1 972.8215309593587 9728.215309593586 0.054617962085062866
6 2 34 38 0.1 2406.8199427596464 24068.199427596464 0.08544220027594729
6 1 11 16 1.55483 509.65803185483855 327.79019690566724 0.023123248200767933
6 1 16 21 0.397785 542.9654107487128 1364.9720596521056 0.026522920673228
6 1 21 26 0.160273 568.5392973573936 3547.317997151071 0.032318918345572864
6 1 26 31 0.1 726.4000120197836 7264.000120197836 0.04252728789030882
6 1 41 46 0.1 2864.264029651372 28642.640296513717 0.090798183205436
7 6 8 9 20.7778 1315.6853684090083 63.321687975098826 0.022417383457343898
7 6 9 10 3.81542 925.8677449999778 242.66469877496522 0.02249095512420651
7 6 10 11 1.55494 964.0658188480654 620.001941456304 0.023164462937476687
7 6 11 12 0.740871 940.6125410651812 1269.603670632514 0.024324518033503807
7 6 12 13 0.387428 864.3345513354909 2230.955303528632 0.026630238392681995
7 6 13 14 0.131176 467.7157698254954 3565.5590186123636 0.03564981399036409
7 5 9 11 6.68447 812.7807639791255 121.59240208709524 0.02285355009447271
7 5 11 13 1.53944 778.2748026501519 505.5570874150028 0.02313540638154134
7 5 17 19 0.114366 516.4726739198572 4515.963432487429 0.03909492331637025
7 5 19 21 0.1 732.6041057177811 7326.04105717781 0.04354104308820788
7 5 21 23 0.1 1103.5766887010755 11035.766887010754 0.05815209605414468
7 4 10 13 4.14378 776.8877710305063 187.48287096093577 0.022465697985896937
7 4 13 16 0.523326 399.17989962901595 762.7748279829705 0.025400935554510957
7 4 16 19 0.268925 517.917180959794 1925.8796354366234 0.028450422980384863
7 4 19 22 0.151838 600.9814274181792 3958.043621611054 0.03432138199923603
7 4 25 28 0.1 1121.913013827965 11219.13013827965 0.05771419966298389
7 3 11 15 2.48758 633.615426932151 254.71157789182698 0.022662925413454042
7 3 15 19 0.487804 502.5964000614914 1030.3244747101119 0.025744499840099713
7 3 19 23 0.225942 602.0229096137728 2664.5019943780826 0.029409760026909558
7 3 23 27 0.101228 543.9767927236577 5373.777934204545 0.03826322756549572
7 2 12 17 1.60403 514.0729837076278 320.4883846983085 0.023090241454336885
7 2 17 22 0.459236 609.9795689501613 1328.2485888522706 0.025962054368559955
7 2 22 27 0.168624 571.224979257593 3387.5662969541286 0.03344274836322232
7 2 27 32 0.1 689.7279115347528 6897.279115347528 0.04146650876675074
7 2 42 47 0.1 2718.266747503002 27182.66747503002 0.05443157609327187
7 1 13 19 1.12702 444.26158639762724 394.1913953591128 0.023586954978616178
7 1 19 25 0.355027 589.7710322559984 1661.2005065980852 0.027177848445329514
7 1 25 31 0.145771 620.3861985554763 4255.895881591512 0.03422409121155785
7 1 31 37 0.1 873.4795115850908 8734.795115850908 0.0468684202295687
8 7 9 10 10.0986 609.6815898360437 60.37288236350027 0.022442017705424516
8 7 10 11 2.90826 728.4399909687362 250.4727881856286 0.02261539889831033
8 7 11 12 1.11614 714.9327049179492 640.5403488074518 0.023644238178006344
8 7 13 14 0.160202 358.7434405789345 2239.3193629226507 0.03328460318847455
8 6 10 12 6.3216 794.7522293867402 125.72010715431855 0.02241517970134143
8 6 12 14 1.07516 550.0478342634251 511.59625940643735 0.023681517169537557
8 6 14 16 0.309363 394.591667688608 1275.49728858528 0.028253120121022875
8 6 16 18 0.189955 485.07012329376226 2553.605450205376 0.03161475086204627
8 6 18 20 0.122586 561.2314251229491 4578.26689118618 0.036157717847062475
8 6 20 22 0.1 736.913414209416 7369.13414209416 0.04597800510914102
8 6 22 24 0.1 1104.675203633138 11046.752036331378 0.06329314228906542
8 5 11 14 3.40422 650.2464749811706 191.01188377401303 0.022494421629624405
8 5 14 17 0.521262 396.9668052631424 761.5494804208679 0.02542838342330728
8 5 17 20 0.270128 525.5733178782693 1945.6454639218052 0.028403201445240774
8 5 20 23 0.135443 533.6665731520918 3940.156177521849 0.03560405484225836
8 5 23 26 0.1 689.7718992434278 6897.718992434277 0.046065376213476034
8 5 26 29 0.1 1113.974123027494 11139.74123027494 0.06098798481679032
8 5 29 32 0.1 1678.8342638896706 16788.342638896705 0.07233010003215103
8 4 12 16 1.87069 477.12990551961406 255.05557068226915 0.022912679278768798
8 4 16 20 0.481999 496.98207985404497 1031.0852924052642 0.025725447563169218
8 4 20 24 0.199229 526.0788176255747 2640.5734989663893 0.031173975676231876
8 4 24 28 0.1 531.1114721636511 5311.114721636511 0.04132734076261946
8 4 28 32 0.1 938.7420506597078 9387.420506597078 0.055010949489914
8 4 36 40 0.1 2228.993103824897 22289.931038248968 0.08700559271217712
8 3 13 18 1.27769 408.5925723176143 319.7900682619527 0.02335298076998333
8 3 18 23 0.420867 556.8014056901643 1322.986610235928 0.02629970988459537
8 3 23 28 0.158974 531.5902697198036 3343.881827970634 0.033493338533345074
8 3 28 33 0.1 677.8653529344651 6778.65352934465 0.042859601251628084
8 3 33 38 0.1 1207.4006587476317 12074.006587476317 0.06203150915754139
8 3 43 48 0.1 2698.8357005103994 26988.357005103993 0.06680342003531221
8 2 14 20 1.17826 456.42768463603767 387.3743355762206 0.023529102235499803
8 2 20 26 0.34683 557.8587194172769 1608.4500170610295 0.027226105008217278
8 2 26 32 0.142595 583.8987150435598 4094.8049724293264 0.036858725761772855
8 2 32 38 0.1 834.9990453674363 8349.990453674363 0.05013911654574765
8 2 38 44 0.1 1344.156184335578 13441.56184335578 0.06385410431029341
8 1 15 22 1.09553 507.5312070661089 463.27458587725476 0.023667758984235943
8 1 22 29 0.277583 537.3339360587515 1935.7595243900078 0.02849490062431777
8 1 29 36 0.124126 617.5072481163844 4974.842080759748 0.034767091503794534
8 1 36 43 0.1 957.349736196168 9573.49736196168 0.049138436598217934
8 1 43 50 0.1 1782.0173962152626 17820.173962152625 0.11501220979297219
9 8 10 11 8.15292 541.6366516279774 66.43468249755638 0.022454821094773404
9 8 11 12 2.05779 553.2247933412287 268.84414509800746 0.0228648501547777
9 8 12 13 0.612356 408.54822625990886 667.1743663161769 0.025045888339462665
9 8 13 14 0.199361 263.9491073012665 1323.975638671889 0.03095911437041347
9 7 11 13 4.18195 553.2360196141027 132.29139985272488 0.02245098339291479
9 7 13 15 0.558449 291.7150790503221 522.3665528102335 0.02525768691500925
9 7 17 19 0.233939 616.1835706269476 2633.9497502637337 0.029729886850845735
9 7 21 23 0.1 744.8287203944617 7448.2872039446165 0.058502190225031246
9 7 23 25 0.1 1114.4966562343016 11144.966562343016 0.08900412675512909
9 6 12 15 2.16937 424.6802277002464 195.7620081868222 0.022822349345662567
9 6 18 21 0.309661 614.4970403440075 1984.4185749707176 0.02863240769744979
9 6 21 24 0.114357 454.9917541993889 3978.696137528869 0.038349204683578615
9 6 24 27 0.1 696.1893460849072 6961.893460849072 0.047889365907349275
9 6 27 30 0.1 1121.6120199805252 11216.120199805251 0.07276949751061765
9 6 30 33 0.1 1686.9007696762442 16869.00769676244 0.10208248615846602
9 5 13 17 1.24845 322.3596043027694 258.20786119009125 0.023400849052825502
9 5 17 21 0.529364 555.7507910401775 1049.8462136453888 0.025436599390967277
9 5 21 25 0.162553 430.03765647743944 2645.522730908931 0.03318314641993688
9 5 25 29 0.1 531.4374400142478 5314.374400142478 0.04224913568654232
9 5 29 33 0.1 936.3132818632503 9363.132818632503 0.058472631038859336
9 5 33 37 0.1 1520.3607307381608 15203.607307381606 0.08786922016885214
9 5 37 41 0.1 2158.2520858023886 21582.520858023887 0.0969848454048762
9 4 14 19 1.17697 380.20828894552824 323.0399151597137 0.02353513683441379
9 4 19 24 0.368929 488.95503836253135 1325.336415306282 0.026954535967625204
9 4 24 29 0.139131 463.4152538551439 3330.783605775448 0.03508614183754878
9 4 29 34 0.1 673.1671194920175 6731.6711949201745 0.047791291297284565
9 4 34 39 0.1 1187.1557319311423 11871.557319311423 0.07375001899859664
9 3 15 21 1.14478 446.864896203305 390.3500202687897 0.02353881968587851
9 3 21 27 0.303944 486.999475689201 1602.267113972314 0.028067538757139476
9 3 27 33 0.12698 515.3451803097821 4058.4751953833834 0.03459095920617419
9 3 33 39 0.1 821.151380452762 8211.51380452762 0.05422665760365816
9 3 39 45 0.1 1312.1392179012216 13121.392179012215 0.059249580828528194
9 3 51 57 0.1 5880.521473822006 58805.21473822005 0.5
9 2 16 23 1.06644 490.86487437238975 460.28362999548943 0.023808850005626193
9 2 23 30 0.266588 503.758552588178 1889.6520195514354 0.028709319249178508
9 2 30 37 0.113996 550.3377977251034 4827.693934217898 0.03595134917014632
9 2 37 44 0.1 904.3259629745861 9043.25962974586 0.04891964975339749
10 9 11 12 10.8838 685.4646416051073 62.980268068607224 0.022395494220768482
10 9 12 13 2.42014 606.0253776216156 250.40922327700693 0.022699124844017288
10 9 13 14 0.596692 370.3204831072682 620.622503917043 0.02508392939741106
10 9 14 15 0.261767 323.571900519304 1236.1065394771074 0.028763251288359493
10 9 16 17 0.126793 433.9617496392751 3422.6002195647643 0.037994841986545
10 9 17 18 0.1 521.9859509292824 5219.8595092928235 0.04476104612028516
10 8 12 14 3.8489 489.7499746746249 127.24414109865803 0.022378185975213696
10 8 14 16 0.624612 315.6988440857964 505.4319226748708 0.024836906751711466
10 8 16 18 0.260275 328.618907033233 1262.5834484035463 0.02837237537220248
10 8 18 20 0.217993 562.4203599199602 2579.9927516936796 0.030192116260613876
10 8 20 22 0.1 452.80428438688136 4528.042843868813 0.03948971908778064
10 8 22 24 0.1 722.2530676509595 7222.530676509594 0.0563690267973369
10 8 24 26 0.1 1081.0981574294574 10810.981574294574 0.08211399731793186
10 7 13 16 1.74308 331.53136181468017 190.19859204091617 0.022965876494481036
10 7 16 19 0.53198 405.99687505390636 763.1807117822218 0.025255272754614835
10 7 19 22 0.232862 453.3795520431044 1946.9881390828232 0.029202660803394283
10 7 22 25 0.1 388.6589994423438 3886.589994423438 0.040532087776135206
10 7 28 31 0.1 1096.0280052249948 10960.280052249947 0.06379487396089342
10 6 14 18 1.38333 350.55235546005434 253.4119519276343 0.023226121026797657
10 6 18 22 0.518929 539.1087166301211 1038.8872401236415 0.02544375049380551
10 6 22 26 0.161337 419.2155632083306 2598.3845194117316 0.0333874436738008
10 6 26 30 0.1 523.6281074685332 5236.281074685332 0.04076343520425754
10 6 30 34 0.1 920.1854216134969 9201.854216134969 0.06114222643315524
10 6 34 38 0.1 1491.5561406860993 14915.561406860992 0.08575864469087248
10 6 38 42 0.1 2061.833021424983 20618.330214249832 0.10126247474438253
10 5 15 20 1.30426 414.81398026800855 318.0454666002243 0.02336744207443301
10 5 20 25 0.348301 453.43418010374273 1301.8457601435043 0.027145572364133317
10 5 25 30 0.143584 469.6769600734287 3271.095387184009 0.03499505515934923
10 5 30 35 0.1 659.9536452294367 6599.536452294366 0.05121187627030288
10 5 35 40 0.1 1144.0068164056072 11440.068164056072 0.06340401588059515
10 5 45 50 0.1 2962.6681593363455 29626.681593363453 0.2133987430570237
10 4 16 22 1.18318 455.80328728029235 385.235794452486 0.023487423722510524
10 4 22 28 0.285259 447.98645335275353 1570.4551069475583 0.02832937786362569
10 4 28 34 0.121512 482.5515631192782 3971.22558364012 0.03651968529857134
10 4 34 40 0.1 792.9711574528773 7929.711574528772 0.050744718360190205
10 3 17 24 1.12506 512.7615195412446 455.7637099721301 0.023410920306472547
10 3 24 31 0.261746 484.7162555331032 1851.8573561128087 0.028623092616506078
10 3 31 38 0.107527 507.1307970709309 4716.31122481731 0.03753699070931022
10 3 38 45 0.1 869.2888773416566 8692.888773416566 0.05022207043108683
11 10 12 13 11.1887 694.8084038661763 62.099118205526665 0.022423903581291836
11 10 13 14 1.77796 440.51081168689507 247.761935975441 0.022992935724088278
11 10 16 17 0.269065 575.4564597527079 2138.726552144307 0.02816193113188263
11 10 17 18 0.155024 539.3481797654845 3479.126972375145 0.03500432191144597
11 10 18 19 0.1 526.4138707415966 5264.138707415966 0.04460158675405312
11 9 13 15 3.30786 409.585416980306 123.82187183868301 0.0225311893490051
11 9 15 17 0.938367 460.5827077480833 490.83429803912895 0.023869541448068826
11 9 17 19 0.360323 449.3683845646935 1247.1265630134449 0.026888208635030234
11 9 19 21 0.23555 591.4921973498945 2511.11100551855 0.029619443854807893
11 9 21 23 0.114869 503.88390238389246 4386.596056237039 0.036729665967319296
11 9 23 25 0.1 698.8853204367566 6988.853204367566 0.04389523339783233
11 9 25 27 0.1 1048.707498111892 10487.07498111892 0.058181053355285776
11 8 14 17 2.05456 383.7568361204083 186.78297840920115 0.02287658184720816
11 8 17 20 0.674638 512.9976157903036 760.4042698310851 0.024683978667077753
11 8 20 23 0.269515 515.7399308727107 1913.5852582331622 0.028418306958796356
11 8 23 26 0.119102 453.8858634213121 3810.900433421035 0.03708837802891639
11 8 29 32 0.1 1074.7647530302006 10747.647530302005 0.05568987865326621
11 8 32 35 0.1 1618.797366898274 16187.973668982739 0.08636757600717965
11 7 15 19 1.71954 430.7957218467905 250.52963109133285 0.023015928678600087
11 7 19 23 0.502539 515.2223364225678 1025.2385116828102 0.025613116593935996
11 7 23 27 0.181639 464.71702459786115 2558.465002548248 0.032959056149835665
11 7 27 31 0.1 514.949228426977 5149.49228426977 0.04165754073169312
11 7 35 39 0.1 1450.1602163568723 14501.602163568721 0.07664242017413475
11 7 39 43 0.1 1984.8549385278716 19848.549385278715 0.09069643545352185
11 6 16 21 1.54532 488.46555460480715 316.093465822488 0.023097753216162347
11 6 21 26 0.37992 488.0669353837724 1284.6571261943893 0.026665929669404086
11 6 26 31 0.154221 498.6157586887945 3233.1249226032414 0.03435219587475117
11 6 36 41 0.1 1104.3762628738816 11043.762628738816 0.05847144089931521
11 6 46 51 0.1 3283.917518623511 32839.17518623511 0.14718910093172352
11 5 17 23 1.34383 515.7796120253631 383.8131400737914 0.023393859342327523
11 5 23 29 0.305734 473.08685743355335 1547.38059042682 0.027906971419600045
11 5 29 35 0.13027 509.2679315149086 3909.3262571191262 0.035162124817686345
11 5 35 41 0.1 768.0890632623195 7680.8906326231945 0.04961875746915554
11 4 18 25 1.14977 518.695633589407 451.12990736356574 0.023579602877097157
11 4 25 32 0.269884 491.74376125730817 1822.0559990859338 0.028378414429903215
11 4 32 39 0.119157 549.1960614870732 4609.01215612237 0.03435878714636992
11 4 39 46 0.1 844.662526977788 8446.62526977788 0.04973081134832249
12 11 13 14 7.73992 482.1221799063639 62.29033115411579 0.022435946366370713
12 11 14 15 1.61068 403.0003371997724 250.20509176234413 0.023062768520128146
12 11 16 17 0.321893 399.25691862282486 1240.3404815352458 0.02748059137663758
12 11 17 18 0.213973 472.201544958672 2206.8277070409445 0.030449215555233604
12 11 18 19 0.151284 538.5070837065235 3559.5772435057474 0.03356495068877079
12 11 19 20 0.105626 564.1711836433453 5341.215076243968 0.03944161475394316
12 10 14 16 3.30719 411.683998183852 124.48150792178618 0.022520853050474878
12 10 16 18 0.966886 479.9952525763649 496.4341738078376 0.023804564343676504
12 10 18 20 0.41677 526.9160000022387 1264.2848573607473 0.02625179355519831
12 10 20 22 0.236239 597.0496833012847 2527.3121004630257 0.029733490236582446
12 10 22 24 0.105222 462.8266095750419 4398.572632862348 0.04168776491608219
12 10 24 26 0.1 701.0570412047189 7010.570412047188 0.04335210094292875
12 10 26 28 0.1 1057.2125233862737 10572.125233862736 0.05620003968888538
12 9 15 18 2.36591 439.8127547686575 185.89580954840105 0.022644132701582057
12 9 18 21 0.683392 517.5874040260283 757.3799576612373 0.024335549728413564
12 9 21 24 0.270991 511.3739319572868 1887.0513484111532 0.028332195534169036
12 9 24 27 0.133452 501.53812146599535 3758.191120897367 0.035279351377274226
12 9 27 30 0.1 660.0817776078172 6600.817776078172 0.04885186186846064
12 9 30 33 0.1 1056.0603299735176 10560.603299735176 0.052447831309481545
12 9 33 36 0.1 1598.5900720247985 15985.900720247984 0.08176515797563774
12 8 16 20 1.85213 464.7810540447327 250.9440773837326 0.022980255165674115
12 8 20 24 0.498256 507.22094778336384 1017.9926539436833 0.02564238062361517
12 8 24 28 0.191963 487.175334710609 2537.860601837901 0.03082198131931674
12 8 28 32 0.1 509.4868213345055 5094.868213345055 0.04066921582651133
12 8 32 36 0.1 898.2934038922285 8982.934038922285 0.06638998374310628
12 8 36 40 0.1 1400.504025144564 14005.040251445638 0.06640985560870405
12 8 40 44 0.1 1944.5224157108803 19445.2241571088 0.08421403418730307
12 7 17 22 1.61824 514.5555285503664 317.97232088588 0.023125222463911414
12 7 22 27 0.365185 465.30333150551155 1274.157841930834 0.02687739091145584
12 7 27 32 0.149822 479.8556866493336 3202.838612816099 0.035228337627317745
12 7 32 37 0.1 647.1561798507889 6471.561798507889 0.04617443954199435
12 6 18 24 1.37482 527.6540146181242 383.79861699576975 0.023285942887068853
12 6 24 30 0.315478 485.0684515019869 1537.5666496617416 0.027686019310379808
12 6 30 36 0.132274 513.5855283102546 3882.7398302784723 0.03405809153726356
12 6 36 42 0.1 745.4862676807774 7454.862676807773 0.045662022101722835
12 6 42 48 0.1 1260.2705564366318 12602.705564366317 0.08701061943376302
12 6 54 60 0.1 4922.990602935072 49229.90602935072 0.4334692671264449
12 5 19 26 1.15086 516.1775267987315 448.514612375729 0.02364980101836887
12 5 26 33 0.28137 508.27079322350545 1806.4143058019883 0.02836866048263852
13 12 14 15 8.13723 510.2405081977011 62.70444711501347 0.022405116974695317
13 12 16 17 0.698569 435.69639259658254 623.698435797441 0.02454938595901049
13 12 17 18 0.377912 478.70363715218565 1266.7066331637673 0.026713705836279345
13 12 18 19 0.248882 555.3802296236363 2231.5001873322954 0.02906469732644386
13 12 19 20 0.146034 520.9592435367395 3567.3832363472857 0.03501527041647835
13 12 20 21 0.1 534.389383242354 5343.8938324235405 0.04091663818189748
13 11 15 17 3.60504 450.6374470951389 125.00206574549489 0.022447038035638994
13 11 17 19 0.989104 501.6632847278031 507.18962285846897 0.023736280512463806
13 11 19 21 0.426666 542.9791236764853 1272.6093095688086 0.026256673838552874
13 11 21 23 0.192639 488.3596370820782 2535.1026380020567 0.031341576731606785
13 11 23 25 0.105787 466.6655454977629 4411.369501902529 0.04013971470974694
13 11 25 27 0.1 705.2948961849661 7052.948961849661 0.04750074228344856
13 11 27 29 0.1 1060.5240641813236 10605.240641813236 0.07060222902952487
13 10 16 19 2.51605 472.39302975458503 187.75184505657083 0.022592845929134957
13 10 19 22 0.74079 563.5910655523254 760.7973454721654 0.024449830586266014
13 10 22 25 0.255159 481.60419963129846 1887.4670289164733 0.02959480167268252
13 10 25 28 0.131974 497.73742066825105 3771.4809028160926 0.035881916134996285
13 10 31 34 0.1 1057.7333047482834 10577.333047482834 0.05857878940540078
13 10 34 37 0.1 1606.9381983282155 16069.381983282155 0.08951572521996233
13 9 17 21 2.00885 507.60457646555494 252.68416082114393 0.022839694352490236
13 9 21 25 0.489456 493.3035176838119 1007.8608040024269 0.025705048053349024
13 9 25 29 0.1881 472.66820050377004 2512.8559303762363 0.031117703349282298
13 9 29 33 0.106471 535.9149603527726 5033.435962400772 0.04045927999173484
13 9 37 41 0.1 1345.8100792745067 13458.100792745066 0.06652725508296055
13 9 41 45 0.1 1916.1972677108083 19161.972677108082 0.09664185469811643
13 8 18 23 1.66575 530.1066150695308 318.2390004919891 0.023045523037670716
13 8 23 28 0.367763 465.63803010329366 1266.1361531836908 0.026885657339101542
13 8 28 33 0.152657 484.744453792693 3175.383073116156 0.033940729871542084
13 8 33 38 0.1 641.4721995295183 6414.721995295183 0.047507556114805824
13 8 38 43 0.1 1030.1022386354714 10301.022386354714 0.05595887560110894
13 8 43 48 0.1 1667.002168887897 16670.02168887897 0.10108836793963798
13 8 48 53 0.1 4283.7665811061015 42837.665811061015 0.3629172297134641
13 7 19 25 1.33043 508.7433859056598 382.3901940768472 0.02328590004735311
13 7 25 31 0.315197 481.71347414730224 1528.2933344774926 0.027453592515157183
13 7 31 37 0.117272 452.38489715229974 3857.569557543998 0.03562845350978921
13 7 37 43 0.1 721.8365205171265 7218.365205171264 0.04686372632058474
13 6 20 27 1.13025 504.8615078024173 446.6812721100795 0.02343966379119664
13 6 27 34 0.267648 480.34733797989145 1794.698028679054 0.02910210425633668
13 6 34 41 0.114125 505.9205464922994 4433.0387425393155 0.03781861993428259
13 6 41 48 0.1 831.9051154014014 8319.051154014014 0.054617292681228134
14 13 15 16 8.66404 541.2416088094581 62.46988804408314 0.022336014145825735
14 13 16 17 1.64889 411.83194900349883 249.76314308625732 0.02301910376071175
14 13 17 18 0.718236 454.8321398311249 633.2627991789954 0.024432971892247118
14 13 18 19 0.385995 490.90219716486473 1271.7838240517747 0.026668946488944162
14 13 19 20 0.21797 483.91067823814734 2220.0792688817146 0.02990787723081158
14 13 20 21 0.141766 502.3764832716449 3543.7021801535266 0.03425553376691167
14 13 21 22 0.1 530.2383400970601 5302.383400970601 0.04226416648761062
14 12 16 18 3.44378 431.78381274202906 125.38077715243978 0.022428979203084985
14 12 18 20 0.996845 507.2542899024254 508.8597423896648 0.023671965049731906
14 12 20 22 0.392311 497.1394613264709 1267.2075504547945 0.026797770136447865
14 12 22 24 0.163233 410.7286788949591 2516.2110534938347 0.03324401315910386
14 12 24 26 0.1 438.2099311847019 4382.099311847019 0.03923377689202416
14 12 26 28 0.1 704.2487030416077 7042.487030416076 0.053986631147694066
14 12 28 30 0.1 1054.1191847388025 10541.191847388023 0.06706161757928694
14 11 17 20 2.56124 487.38690503281913 190.29333644360509 0.022658333463478626
14 11 20 23 0.649043 493.1224004149428 759.7684597398674 0.024786000311227453
14 11 23 26 0.226984 427.42369738171834 1883.0565034615583 0.03021878194057731
14 11 26 29 0.116281 439.07180173303306 3775.954814054171 0.037410410987177616
14 11 29 32 0.1 660.1831730783148 6601.831730783148 0.052528499547802095
14 11 32 35 0.1 1058.4732876772732 10584.732876772732 0.07072227422771839
14 10 18 22 2.04153 518.0295161973816 253.74572805561596 0.02285906158616332
14 10 22 26 0.449967 451.9500242527119 1004.4070437447899 0.026036598239426445
14 10 26 30 0.1831 460.3417033465876 2514.154578626912 0.03251747678864009
14 10 30 34 0.100344 504.25077671915835 5025.221006927752 0.040143406681017305
14 10 34 38 0.1 887.6710146444257 8876.710146444257 0.05807965403383689
14 10 38 42 0.1 1308.2310888541735 13082.310888541735 0.0631975890891518
14 10 42 46 0.1 1927.3992247538813 19273.992247538812 0.10231897060979021
14 9 19 24 1.60558 507.48321656400094 316.07469983681966 0.023108471704929058
14 9 24 29 0.360539 452.14322568116705 1254.0757745518988 0.02704564554736103
14 9 29 34 0.156025 490.1755218320021 3141.6473118538834 0.032723730171446884
14 9 34 39 0.1 629.5632613514364 6295.632613514364 0.047108134498588
14 9 39 44 0.1 1001.2304999756178 10012.304999756177 0.06024689440041538
14 9 44 49 0.1 1687.0296455649318 16870.296455649317 0.08811058395249605
14 8 20 26 1.26116 479.12291586633074 379.90652721806174 0.02342150084049605
14 8 26 32 0.300108 455.77636912863875 1518.7078289437095 0.027832946805816574
14 8 32 38 0.122318 467.7369214745715 3823.9418685277024 0.03358262888536438
14 8 38 44 0.1 700.8738943087512 7008.738943087512 0.04712091226086136
14 8 44 50 0.1 1375.6379289188008 13756.379289188006 0.08838858244524178
14 7 21 28 1.02883 456.4960795727204 443.70409063958135 0.023765675573223958
14 7 28 35 0.251472 447.7836768203196 1780.6502386759546 0.029581345040402118
14 7 35 42 0.114365 495.2250474781041 4330.215078722547 0.0366625278712893
14 7 42 49 0.1 836.134684789106 8361.34684789106 0.06408340774475535
15 14 17 18 1.71372 435.0026607086528 253.8353177349 0.02292391989356488
15 14 21 22 0.146909 516.1274705904555 3513.2460951368225 0.034227174645528866
15 12 18 21 2.63638 501.7040807207373 190.30036668490024 0.022676973729128577
15 12 24 27 0.221756 415.12316038547476 1871.9816392137068 0.03067980122296578
15 12 27 30 0.106928 401.1038009129313 3751.1577969561886 0.03941343707915607
15 11 23 27 0.420637 420.95491672075656 1000.7557982791732 0.026276195389373737
15 10 25 30 0.357683 447.4620138067793 1251.0016238031421 0.02700326825708798
15 10 30 35 0.156291 489.57821743300315 3132.4786291789233 0.031880850464838024
15 10 35 40 0.1 618.25350911766 6182.535091176599 0.04381717479638816
15 10 45 50 0.1 1863.1204573630146 18631.204573630144 0.08465986959190527
15 9 21 27 1.20633 454.0437430245242 376.38435836340324 0.02348396375784404
15 9 27 33 0.311535 468.2307881414543 1502.9797234386322 0.027849872405989694
15 9 33 39 0.122448 461.1041170975311 3765.7137486731604 0.034938586175356064
15 9 39 45 0.1 686.4582230902708 6864.582230902708 0.04845220486993354
15 9 57 63 0.1 4533.340319427483 45333.40319427483 0.5
15 8 22 29 0.96729 425.7001017196741 440.0956297694322 0.02397319314786672
15 8 43 50 0.1 888.7156961591581 8887.156961591581 0.060880746303253484
15 8 57 64 0.1 3542.304107117164 35423.04107117164 0.5
16 15 17 18 6.80329 430.0058440207775 63.2055731889685 0.022420699396909438
16 14 18 20 3.77938 476.7425669760888 126.143062347816 0.022392376527366923
16 14 20 22 1.15981 579.2492470893626 499.4346031585886 0.02365515903466947
16 14 22 24 0.354838 439.2073823947371 1237.7687350135475 0.027018216763706256
16 14 24 26 0.177546 437.23431919458153 2462.653730270361 0.03230819055343404
16 14 26 28 0.1 432.6859331734787 4326.859331734787 0.04300652595798545
16 14 28 30 0.1 690.4993392404239 6904.993392404238 0.04937881070104334
16 14 30 32 0.1 1035.0661836041872 10350.661836041872 0.05994557647129482
16 13 19 22 2.87607 541.3667181487193 188.23141236086718 0.02273304196351271
16 13 22 25 0.562514 418.63923872147285 744.2290124716413 0.025289219468315458
16 13 25 28 0.24326 451.6096624101409 1856.489609513035 0.029342431965797913
16 13 28 31 0.104108 386.54011819850973 3712.8762265965124 0.03984391209128981
16 13 31 34 0.1 649.4526217635857 6494.5262176358565 0.04628774990510176
16 13 34 37 0.1 1051.3577888912985 10513.577888912985 0.06329924246791731
16 12 20 24 2.06368 516.3422174644372 250.20459444508703 0.022948901961544425
16 12 24 28 0.431346 428.18728181697946 992.677066246075 0.026257389659345397
16 12 28 32 0.169898 421.87017049501304 2483.0790856573535 0.03476850816372176
16 12 32 36 0.1 498.92270756329276 4989.227075632927 0.04375989690047638
16 12 36 40 0.1 850.2321852269705 8502.321852269704 0.05818907396297807
16 12 40 44 0.1 1261.5104939903306 12615.104939903305 0.06491126562453238
16 12 44 48 0.1 1980.2581031838363 19802.581031838363 0.12438237819274521
16 11 21 26 1.46658 457.4410915672566 311.91008439175266 0.023274557132921488
16 11 26 31 0.344574 429.2656020706968 1245.786397321611 0.027156053561789344
16 11 31 36 0.148855 464.7204558946131 3121.967390377301 0.03177824056968191
16 11 36 41 0.1 603.3119629830121 6033.119629830121 0.0441704600669262
16 11 41 46 0.1 993.6173208498653 9936.173208498652 0.07922902721499131
16 10 22 28 1.18141 441.2721812508195 373.5131590648627 0.02365173817726276
16 10 28 34 0.307624 459.68882049871155 1494.3204057508892 0.027771045172028188
16 10 34 40 0.132181 489.930712470837 3706.5138898240825 0.03489419810714097
16 10 40 46 0.1 683.2673069868436 6832.673069868435 0.04676510520449863
16 9 23 30 1.00256 436.7232937464726 435.6081369159678 0.02382291334184488
16 9 30 37 0.269771 472.6254424190816 1751.950515137215 0.028629207735449698
16 9 37 44 0.126925 518.3226027479764 4083.691965711848 0.035533031317707305
16 9 44 51 0.1 950.7381978162423 9507.381978162422 0.06781993028008174
17 16 18 19 6.30333 386.56725887331515 61.3274664143104 0.022511502650186487
17 16 19 20 1.67148 409.5910257908207 245.04691996962015 0.02298846531217843
17 16 20 21 0.623362 380.2239828458129 609.9569477218902 0.024426833846143976
17 16 21 22 0.422007 512.9836012915114 1215.580787265404 0.026611596490105614
17 16 22 23 0.228572 483.8005281689024 2116.6220191839 0.030558729853175367
17 16 23 24 0.110988 375.0464380937712 3379.162054400216 0.03740098028615706
17 15 21 23 1.02094 499.16789543437335 488.9297073622087 0.02408656728113307
17 15 29 31 0.1 680.7671006803969 6807.671006803968 0.04769477965764069
17 14 20 23 2.63779 486.9300425490197 184.5977286095632 0.022757603903267507
17 14 23 26 0.533081 390.28597683860795 732.1325968072543 0.02517502968592015
17 14 26 29 0.274666 504.11316349776445 1835.3679141130115 0.028964961080002617
17 14 29 32 0.118423 434.1069302507636 3665.731574531667 0.03770162890654687
17 14 32 35 0.1 642.4719222548747 6424.719222548747 0.04214793634898256
17 14 35 38 0.1 1036.2730140482772 10362.730140482772 0.060088327040622905
17 14 38 41 0.1 1443.2409571189014 14432.409571189013 0.06641853166110459
17 13 21 25 1.81332 445.94401809414285 245.92681826381602 0.022951161405598573
17 13 25 29 0.504247 494.54332973811114 980.7561170182692 0.026155455560469373
17 13 29 33 0.186273 457.0031003999754 2453.4049507978903 0.030261068431817816
17 13 33 37 0.1 495.12257361482625 4951.2257361482625 0.042919532822655156
17 13 37 41 0.1 819.8370692682697 8198.370692682696 0.06367911022571004
17 13 41 45 0.1 1248.9252060085578 12489.252060085577 0.06393188156411321
17 13 45 49 0.1 2004.346180389101 20043.46180389101 0.5
17 12 22 27 1.40915 433.1432538310256 307.37909649861666 0.0233763971188305
17 12 27 32 0.337951 416.23338047340445 1231.6382566508294 0.02757284340037461
17 12 32 37 0.142465 441.3940519788115 3098.2630960503384 0.03174842943880953
17 12 37 42 0.1 582.9849737265889 5829.849737265889 0.04377643870296473
17 11 23 29 1.14197 421.91926312275535 369.4661533339364 0.023637433557799244
17 11 29 35 0.304716 451.8364411945325 1482.8116711775308 0.02789732078394308
17 11 35 41 0.134207 487.3405972236601 3631.2606438088933 0.033665382580640356
17 11 41 47 0.1 681.3418757539503 6813.418757539503 0.04841981118556435
17 10 24 31 1.01873 439.66333900780364 431.57984844640254 0.023822072580566
17 10 31 38 0.272863 474.24567752720446 1738.0358550892001 0.028034251620776725
17 10 38 45 0.134307 537.0975298062625 3999.028567433287 0.03475783093956383
17 10 45 52 0.1 1025.4106566088712 10254.106566088712 0.08160649264922841
18 17 19 20 6.05511 372.17657794806684 61.46487478312811 0.022387586682983462
18 17 20 21 1.81262 445.82838608530653 245.9579978623796 0.023094813033068158
18 17 21 22 0.777566 476.6767461236582 613.0370233827845 0.024278517836428034
18 17 22 23 0.346131 422.3494568224503 1220.2011863209314 0.02678202761382251
18 17 23 24 0.197549 421.1498330435422 2131.875296982228 0.0320367604999266
18 16 20 22 3.65129 447.51303044144265 122.56299292618299 0.022418493190078027
18 16 22 24 0.882298 428.9267669211225 486.1472732808218 0.024086000421626255
18 16 24 26 0.310468 375.9156727654452 1210.8032800979333 0.027919205844080548
18 16 26 28 0.226524 551.1115713482831 2432.905879060422 0.03017742049407568
18 16 28 30 0.1 424.757960115744 4247.57960115744 0.041837397348959006
18 16 30 32 0.1 679.2775113187228 6792.775113187227 0.047709475477029924
18 16 32 34 0.1 1019.3201845980102 10193.201845980102 0.07413462021816719
18 15 21 24 2.54286 466.1835327891746 183.33039679304977 0.02270243348041182
18 15 24 27 0.60436 440.6991257110464 729.1996917583003 0.025004533721622875
18 15 27 30 0.226408 413.69771794114166 1827.222173868157 0.030102602381541287
18 14 22 26 1.71626 418.92091241182413 244.0894225885496 0.02310940650018063
18 14 26 30 0.482527 471.95679577383146 978.094066806275 0.025746600708354144
18 14 30 34 0.186756 456.017355541765 2441.781552088099 0.03010832315963075
18 14 34 38 0.1 492.4925212813121 4924.925212813121 0.04213423146915827
18 14 38 42 0.1 795.8230088257468 7958.230088257467 0.05220205249446835
18 14 42 46 0.1 1254.991390663085 12549.913906630849 0.065842370606797
18 14 46 50 0.1 2283.0712571248837 22830.712571248838 0.11331811749183344
18 13 23 28 1.37604 420.6530811810823 305.698294512574 0.02338430568878812
18 13 28 33 0.346795 424.5854732696306 1224.3125571868989 0.027209388832018913
18 13 33 38 0.145267 447.9196273690825 3083.4231268566327 0.03373002815505242
18 13 38 43 0.1 567.384859830793 5673.848598307929 0.0412620083111814
18 13 53 58 0.1 3902.647290147779 39026.47290147779 0.5
18 12 24 30 1.1591 426.2301362145182 367.7250765374154 0.02354711414028125
18 12 30 36 0.294661 435.360372033158 1477.495739283984 0.028371043334543763
18 12 36 42 0.139668 495.20935956142426 3545.6178907224585 0.034724059913509187
18 12 42 48 0.1 686.5788640876384 6865.788640876383 0.04834228149948038
18 12 54 60 0.1 3003.0908873935205 30030.908873935205 0.36279711245537316
18 11 25 32 1.08776 467.94297128667955 430.1895374776417 0.023477476649260864
18 11 32 39 0.268035 462.724554608817 1726.3587016949912 0.028691588785046726
18 11 39 46 0.12671 501.5876609822875 3958.5483464784747 0.03613069213163918
19 18 20 21 7.06724 435.07489643949737 61.56220765666616 0.022435012819714627
19 18 21 22 1.91879 473.01066117282153 246.51507521553768 0.02296455578776208
19 18 22 23 0.679671 417.08919055121436 613.6633614663776 0.024719165596295854
19 18 23 24 0.319435 391.4595418947343 1225.4747973601336 0.027550550190179535
19 18 24 25 0.305022 653.6058211221059 2142.815341588823 0.0287353371232239
19 17 21 23 3.71383 456.4202656887158 122.8974577965916 0.022444129106609617
19 17 23 25 0.939265 459.22723191658184 488.9219037402456 0.024359600325786653
19 17 27 29 0.169705 416.0633370045189 2451.6857900740633 0.032827848325034624
19 17 29 31 0.1 428.85641604371443 4288.564160437144 0.043298193305647256
19 17 31 33 0.1 685.0250091179414 6850.250091179413 0.044664310377387086
19 16 22 25 2.32217 425.26949353437084 183.13452225046868 0.02282193810100036
19 16 25 28 0.607064 444.2390051209342 731.7828188147117 0.025033406691880918
19 16 28 31 0.232272 425.0304750600452 1829.882530223381 0.02938068299235379
19 16 31 34 0.132004 482.8118979246762 3657.55505836699 0.03555369534256537
19 16 34 37 0.1 647.2946858446322 6472.946858446322 0.04830322966329295
19 16 37 40 0.1 986.6213404409348 9866.213404409347 0.05444051898531531
19 16 40 43 0.1 1401.4799250302942 14014.799250302942 0.06591729822905731
19 15 23 27 1.77943 434.2100443235745 244.01636722072487 0.02299905025766678
19 15 27 31 0.435879 426.1472067354994 977.673177041104 0.02606133812365358
19 15 43 47 0.1 1276.8190876751603 12768.190876751602 0.06680927016501263
19 14 24 29 1.44916 442.7342962534015 305.51098308910093 0.02332297330867537
19 14 29 34 0.378529 463.1229838757538 1223.4808531862916 0.02678851554306275
19 14 34 39 0.157979 483.676448754627 3061.6502747493464 0.03261199273321137
19 14 39 44 0.1 558.8282867963247 5588.282867963248 0.041803531759478894
19 14 44 49 0.1 1033.1235709048358 10331.235709048358 0.08501728243797992
19 13 25 31 1.17365 431.33153286029835 367.5129151453145 0.023493673582413836
19 13 31 37 0.311958 460.8037052900084 1477.1337977869084 0.02782826534341161
19 13 37 43 0.15479 536.0555316361913 3463.1147466644566 0.033289553588733124
19 13 43 49 0.1 699.7148742026276 6997.148742026276 0.04768239327486904
19 13 55 61 0.1 2922.943575645983 29229.43575645983 0.5
19 12 26 33 1.01943 438.4781570332666 430.1209077948134 0.023853653512256847
19 12 33 40 0.261477 447.3047799548629 1710.6849931537492 0.029063932965423343
19 12 40 47 0.127259 504.4107552514157 3963.6548711793716 0.03515279862328008
19 12 47 54 0.1 1239.729528108894 12397.29528108894 0.10039989391415335
20 19 21 22 7.3569 452.87668521676426 61.55808631580751 0.022432273104160717
20 19 22 23 1.57999 388.74841465452846 246.04485766019306 0.023190418926702067
20 19 23 24 0.66811 410.3788416167746 614.2384362107656 0.02475852778734041
20 19 24 25 0.283963 348.4936764773038 1227.2502983744494 0.02850934804886552
20 19 25 26 0.200722 430.6713399249141 2145.611043756609 0.02996951006865216
20 19 26 27 0.124412 429.76142469903374 3454.340615849225 0.03654052663730187
20 19 27 28 0.1 518.2365646436609 5182.3656464366095 0.05075208577801518
20 18 22 24 3.25113 399.50478634153023 122.88182457838667 0.02258388621802266
20 18 24 26 0.903668 443.069527284967 490.3012248801186 0.024060329678598776
20 18 26 28 0.301765 371.9555132799447 1232.5999147679308 0.028152105114907296
20 18 28 30 0.170787 420.19052617295466 2460.319147083529 0.03258274927248561
20 18 30 32 0.106786 459.6790689124696 4304.675415433386 0.040471784690877075
20 18 32 34 0.1 689.1118153364824 6891.118153364824 0.05315561073737368
20 18 34 36 0.1 1043.3197365564758 10433.197365564758 0.07719894322022643
20 17 23 26 2.26516 416.2178724862164 183.74767013642145 0.023041431951826806
20 17 26 29 0.526773 388.58533118761284 737.6713141858311 0.02532159013465003
20 17 29 32 0.246063 453.1462878941805 1841.5864550711829 0.02958067649341835
20 17 32 35 0.113299 417.82937195095514 3687.8469532030745 0.038694251493834896
20 17 35 38 0.1 650.4752775977017 6504.752775977017 0.04114532895877092
20 17 38 41 0.1 968.3071220774897 9683.071220774897 0.05796593800494029
20 17 41 44 0.1 1402.9892261414304 14029.892261414303 0.07016418070608435
20 16 24 28 1.74768 427.5371755086683 244.6312686010416 0.02306972100155635
20 16 28 32 0.444631 435.3151175440777 979.048059051388 0.025938699730788002
20 16 32 36 0.171907 422.2732977073159 2456.405484984997 0.030957087262298802
20 16 36 40 0.112895 540.751589900163 4789.863057709935 0.038187873687940126
20 16 40 44 0.1 780.5715776013792 7805.715776013792 0.04450008573939511
20 15 25 30 1.42098 434.9026003343513 306.0582135810154 0.023214675787132825
20 15 30 35 0.364008 445.75435056307407 1224.5729504930498 0.02710825036812378
20 15 35 40 0.164853 498.3321465110351 3022.8879456912223 0.03263604544654935
20 15 40 45 0.1 559.8425850937745 5598.425850937744 0.0409222564195563
20 14 26 32 1.17217 431.5359760908107 368.1513569625658 0.023452059001680646
20 14 32 38 0.310935 459.25432359489326 1477.0107051148736 0.027750365832087093
20 14 38 44 0.158687 539.347432012051 3398.812958919451 0.03329554405842949
20 14 44 50 0.1 762.3908349758567 7623.908349758566 0.05374815611791936
20 14 62 68 0.1 3836.729010689648 38367.29010689648 0.3121815460675669
20 13 27 34 0.992004 426.3482006222884 429.784759559728 0.02389742380071048
20 13 34 41 0.281926 477.5160259899209 1693.763703914931 0.028530465441286013
20 13 41 48 0.124037 494.4098333080744 3985.9867080635167 0.03656465409514903
20 13 48 55 0.1 1373.8033554539097 13738.033554539095 0.10408574330835815
20 13 62 69 0.1 2992.20311983968 29922.0311983968 0.21839010575441675
21 20 22 23 6.62552 406.90871831633757 61.415363370171335 0.022472281420929982
21 20 23 24 1.54322 380.14758647803757 246.33402008659658 0.023217707131841212
21 20 24 25 0.590599 363.4217882188366 615.3444015632207 0.02487054668226665
21 20 25 26 0.357559 439.4159821916821 1228.9327976408986 0.027340970301404803
21 20 26 27 0.171926 371.939644743344 2163.370547464281 0.03468975024138292
21 20 27 28 0.153274 530.4999369135023 3461.1215007992378 0.03381362788209351
21 20 28 29 0.1 517.7179070934028 5177.179070934028 0.042648470992386216
21 19 23 25 3.09854 381.2416151568958 123.03911363316138 0.022582716376099713
21 19 25 27 0.860611 423.63028237215116 492.24362966793495 0.02417781088087417
21 19 27 29 0.356611 439.9998637630668 1233.8370486694655 0.027181046013723637
21 19 29 31 0.174298 429.9000967519478 2466.466033757976 0.03225148882947595
21 19 31 33 0.105961 456.6005498916002 4309.137794958525 0.03573456271647116
21 19 33 35 0.1 692.5764368686752 6925.764368686751 0.053162899740933536
21 19 35 37 0.1 1050.5595293970007 10505.595293970006 0.06709447901197435
21 18 24 27 2.19356 404.4494607225051 184.38039566845904 0.02284029613960867
21 18 27 30 0.592254 438.0916714551257 739.7023430067602 0.02495506995309445
21 18 30 33 0.255587 471.8986264149909 1846.3326633005233 0.029190256155438264
21 18 33 36 0.101997 379.2707177108849 3718.4497358832605 0.03970597174426698
21 18 36 39 0.1 642.1926955145868 6421.926955145867 0.04483219028800746
21 18 39 42 0.1 953.6964432679115 9536.964432679115 0.052536443530322295
21 18 42 45 0.1 1424.9760139496582 14249.76013949658 0.07123005387934048
21 17 25 29 1.69082 415.6677802981168 245.83798411310298 0.02294662353177748
21 17 29 33 0.466713 459.0642023087005 983.6113463921093 0.025926982963834305
21 17 33 37 0.16842 417.41534968790677 2478.419128891502 0.03274124213276333
21 17 37 41 0.113788 535.0327391420942 4702.01373731935 0.038210971279924066
21 17 41 45 0.1 787.2678493280062 7872.678493280061 0.04901660781623452
21 17 45 49 0.1 1350.5463381037482 13505.463381037482 0.08121129042307931
21 17 49 53 0.1 3965.103137332976 39651.03137332976 0.21037760717878642
21 16 26 31 1.39894 429.91325109631873 307.3135739176224 0.023076750968590503
21 16 31 36 0.358743 441.02407739758354 1229.3593948804119 0.02719088595456915
21 16 36 41 0.17731 527.6822352718758 2976.0432873040204 0.032037956122046136
21 16 41 46 0.1 563.1941712338767 5631.941712338767 0.04200492805256589
21 16 51 56 0.1 2852.123796074321 28521.23796074321 0.5
21 15 27 33 1.19667 440.77793737619294 368.33708321942805 0.023552967819031146
21 15 33 39 0.307506 453.0779599873393 1473.3955109407273 0.02787506585237361
21 15 39 45 0.160959 543.6034929715763 3377.2792634868283 0.03326741592579477
21 15 45 51 0.1 834.4742856273836 8344.742856273835 0.05980027437056165
21 14 28 35 0.998331 429.10365301014355 429.8210242996998 0.02391302083176822
21 14 35 42 0.307326 514.1965329166603 1673.130593951245 0.027859666933484316
21 14 42 49 0.117003 474.2035906470172 4052.9182213021654 0.03714007333145304
21 14 49 56 0.1 1521.048858874146 15210.488588741458 0.130542109471808
22 21 23 24 6.72857 413.83709507325364 61.504464555359256 0.02243710476371651
22 21 24 25 1.56677 387.1320540151266 247.08926901531595 0.023141884258697832
22 21 25 26 0.663105 408.81330383189754 616.5136800836934 0.02479077974076504
22 21 26 27 0.351216 435.1429325159878 1238.9610169126345 0.02707903398478429
22 21 27 28 0.160951 348.71194612586334 2166.5721003651006 0.03142012165193133
22 21 28 29 0.1 345.5909486047278 3455.909486047278 0.041151280172721204
22 21 29 30 0.1 519.0278878729933 5190.278878729933 0.04616756122815544
22 20 24 26 3.1825 392.5152767857744 123.3355150937233 0.02252910290652003
22 20 26 28 0.838615 415.1863893406922 495.08581332398325 0.024139098394376442
22 20 28 30 0.310789 383.59553517176744 1234.2635523514907 0.027631994697367025
22 20 30 32 0.165712 408.8730585843034 2467.371455201213 0.0328955658009076
22 20 32 34 0.1 431.9161629814304 4319.1616298143035 0.5
22 20 34 36 0.1 697.237459794082 6972.3745979408195 0.05557958936976868
22 20 36 38 0.1 1042.2411655816145 10422.411655816144 0.06283207941810008
22 19 25 28 2.26228 418.6220729475816 185.04432384478562 0.02274827607546369
22 19 28 31 0.531827 393.64419751012736 740.173397571254 0.025373664744362357
22 19 31 34 0.217258 401.80105698545333 1849.4189258183972 0.031200600208047574
22 19 34 37 0.109525 409.5191683239288 3739.047416790037 0.038619949783154535
22 19 37 40 0.1 624.5039443541687 6245.0394435416865 0.0416291885085536
22 19 40 43 0.1 949.9104779369054 9499.104779369054 0.05842894686840981
22 19 43 46 0.1 1452.4675383614376 14524.675383614376 0.08772717341648956
22 18 26 30 1.62263 400.86751577188437 247.0480120371769 0.023059132396171647
22 18 30 34 0.430896 424.84790750570255 985.9639159001304 0.02619532323344844
22 18 34 38 0.172743 429.13178376886106 2484.2209743310063 0.03267269874900864
22 18 38 42 0.117464 541.0788732774266 4606.337884606574 0.03775241776203773
22 18 46 50 0.1 1547.5432468772874 15475.432468772873 0.1020433833494283
22 17 27 32 1.33386 411.0172765541418 308.1412416251644 0.02334728532229769
22 17 32 37 0.337457 417.47922045462826 1237.1330879330649 0.027321258708516937
22 17 37 42 0.182275 532.5513308101333 2921.6915693876467 0.03235303799204499
22 17 42 47 0.1 573.3297580643762 5733.297580643762 0.04407981894121561
22 17 52 57 0.1 2698.285802222395 26982.858022223947 0.2742056811710296
22 17 57 62 0.1 3514.4826903374 35144.826903374 0.5
22 16 28 34 1.11886 412.61452949274144 368.7811964792212 0.02360896805677207
22 16 34 40 0.315804 462.093562354357 1463.2289722560736 0.0277723524717863
22 16 40 46 0.149755 508.2953687504359 3394.1796183795927 0.0342505425528363
22 16 46 52 0.1 926.513694124252 9265.13694124252 0.062018788031996536
22 16 52 58 0.1 1986.9632569991795 19869.632569991794 0.5
22 16 58 64 0.1 2751.1276061838607 27511.276061838606 0.5
22 15 29 36 0.991345 426.98589654746337 430.71372382718766 0.02382713384341475
22 15 43 50 0.103958 451.61278272012913 4344.184985476146 0.03949210257988803
22 15 50 57 0.1 1437.102891041556 14371.028910415558 0.12810449623636438
23 22 24 25 5.60412 345.6999604900027 61.68675197711732 0.022395132509653613
23 22 25 26 1.57421 388.2329688605179 246.6208249601501 0.02310088869972875
23 22 26 27 0.606901 375.5478675590178 618.7959280986813 0.02492862921629722
23 22 27 28 0.334504 413.1031529372203 1234.972236317713 0.02740804295314854
23 22 28 29 0.177089 381.38041700823726 2153.6087335082207 0.032757991744264185
23 22 29 30 0.110361 380.66616943026213 3449.281625123568 0.03827058471742736
23 22 30 31 0.1 516.9124151575434 5169.124151575434 0.04984932810102306
23 21 25 27 3.20176 395.2789537244431 123.45677181439055 0.022498572660036978
23 21 27 29 0.758779 374.70757787166485 493.8296630134266 0.024355510629577255
23 21 29 31 0.301477 371.72814000017485 1233.0232157019436 0.02820022754637999
23 21 31 33 0.160307 394.5672189618019 2461.3224560487183 0.03377743953788668
23 21 33 35 0.1 432.5402669767774 4325.402669767774 0.043901048922135505
23 21 35 37 0.1 699.539008445518 6995.39008445518 0.06261048845217468
23 21 37 39 0.1 1013.8533934170551 10138.533934170551 0.06938775510204082
23 20 26 29 2.13566 396.04411825838207 185.4434311914734 0.022821652322935298
23 20 29 32 0.530478 392.38443032759886 739.6808733398913 0.02561467205049031
23 20 32 35 0.195668 362.14175682781365 1850.7970482031483 0.03208194492712145
23 20 35 38 0.109497 408.4128497225739 3729.8999033998552 0.03828360594354183
23 20 38 41 0.1 608.9734548785796 6089.734548785796 0.04311085065230678
23 20 41 44 0.1 945.3624119009428 9453.624119009428 0.05635563696101665
23 20 44 47 0.1 1489.4679869863794 14894.679869863794 0.09696947880946517
23 19 27 31 1.60353 395.7454612184726 246.79641866287042 0.02293113318740529
23 19 31 35 0.39423 388.81329387705307 986.2600357077164 0.026691753544884962
23 19 35 39 0.170691 420.65390996521796 2464.4176316573103 0.033574529412798565
23 19 39 43 0.111021 503.98954309669983 4539.587493327387 0.03857297268084417
23 19 43 47 0.1 814.5274249208095 8145.274249208094 0.04566779183601613
23 18 28 33 1.3017 400.8641583783862 307.95433539093966 0.02341215333794269
23 18 33 38 0.31229 386.9742892894356 1239.150434818392 0.027778635242883216
23 18 38 43 0.173365 497.1628600430758 2867.7233584810997 0.032528076601390135
23 18 43 48 0.1 585.6111489229291 5856.111489229292 0.04700602749550443
23 17 29 35 1.09682 405.2670251267664 369.4927382129852 0.023617065699020806
23 17 35 41 0.320962 465.6203522448788 1450.7024265952941 0.02783282756214131
23 17 41 47 0.139356 477.5545549903575 3426.8675549696995 0.035757556187031775
23 17 47 53 0.1 1041.7340033880107 10417.340033880106 0.05765910166362025
23 16 30 37 0.947311 408.5242864606971 431.2462184654217 0.02393722863980256
23 16 37 44 0.314861 509.9954122406233 1619.7478005869996 0.02761078698219214
23 16 44 51 0.1 469.9437130370799 4699.4371303707985 0.04456450482357732
23 16 51 58 0.1 1364.2714499808476 13642.714499808475 0.1364837609553961
24 23 25 26 6.76404 416.20744250932603 61.53237451424386 0.022417241766754782
24 23 26 27 1.59743 395.6854731695731 247.70129092953877 0.023237074550997543
24 23 27 28 0.713092 440.1057338851372 617.1794577489823 0.024382618231588635
24 23 28 29 0.317331 389.98996823130784 1228.9690204591038 0.027620402671028044
24 23 29 30 0.175252 377.17356055359954 2152.178352050759 0.03361593590943327
24 23 30 31 0.109859 377.9001069977981 3439.864799404674 0.03831165402925568
24 23 31 32 0.1 515.3284898067653 5153.284898067654 0.0441891628686066
24 22 26 28 3.2444 401.37711267359174 123.7138184790999 0.02255475280483294
24 22 28 30 0.783041 385.24334385314097 491.9836175285087 0.02434603041220064
24 22 30 32 0.302459 371.66051798170633 1228.7963591154714 0.027663551092875403
24 22 32 34 0.157935 388.1594212710859 2457.7162837311926 0.033362775825497834
24 22 34 36 0.1 433.7319765397595 4337.319765397595 0.05055876618089147
24 22 36 38 0.1 691.5323740457179 6915.323740457179 0.050508792273600944
24 22 38 40 0.1 977.3717141348943 9773.717141348943 0.059778372379141534
24 21 27 30 2.14824 397.3672369259903 184.97339074125347 0.022671065616504674
24 21 30 33 0.52241 385.430017343649 737.7921887859134 0.025461821174939222
24 21 33 36 0.171906 319.04653897814285 1855.936028865443 0.03270566472374437
24 21 36 39 0.1188 435.47247818572424 3665.5932507215844 0.037510606060606064
24 21 39 42 0.1 597.7148684881275 5977.148684881275 0.04635659617451664
24 21 42 45 0.1 956.7602640429146 9567.602640429146 0.06155452590411948
24 21 45 48 0.1 1516.6316625708803 15166.316625708801 0.0925913645599195
24 20 28 32 1.55406 382.5960632077796 246.19130741913415 0.023092609036974118
24 20 32 36 0.374004 369.42735152344545 987.7631028637272 0.02715083261141592
24 20 36 40 0.187186 451.85166502016165 2413.9180548767627 0.031749115852681295
24 20 40 44 0.105708 478.42302667822486 4525.8923324462185 0.03926164528701707
24 20 44 48 0.1 834.819498572429 8348.194985724289 0.057225031680894926
24 20 48 52 0.1 2153.077073788652 21530.770737886516 0.5
24 19 29 34 1.27202 391.50654499116064 307.7833249407719 0.023469190735994717
24 19 34 39 0.326476 402.41779154770234 1232.610640744503 0.02760579644445534
24 19 39 44 0.170494 483.28462691666584 2834.6136926617114 0.03313823360352857
24 19 44 49 0.1 602.4007064303222 6024.007064303222 0.04776368491321763
24 19 49 54 0.1 2022.210222329259 20222.10222329259 0.1259118527305902
24 19 54 59 0.1 2419.1474587934026 24191.474587934026 0.2904999261166934
24 18 30 36 1.04499 386.35358424469524 369.7198865488619 0.023852591890831488
24 18 36 42 0.344279 491.34796763002606 1427.1796061625196 0.027273577534499636
24 18 42 48 0.130154 453.189844599393 3481.950955017848 0.03548565545430797
24 18 48 54 0.1 1184.6182847489044 11846.182847489044 0.5
24 17 31 38 0.936176 404.0116204404027 431.55519949283325 0.02402747987557895
24 17 38 45 0.304734 488.5745796443472 1603.282139978956 0.028138277973576955
24 17 45 52 0.1 510.23093638725453 5102.309363872545 0.044955296182897626
24 17 52 59 0.1 1300.4382107429394 13004.382107429394 0.13249005872289268
25 24 26 27 7.52186 464.06581766745 61.69562018801865 0.022378478195552696
25 24 27 28 1.81416 447.07443154077913 246.43605389865235 0.022960345283767693
25 24 28 29 0.579725 355.50832502749677 613.2361464961779 0.02497102936737246
25 24 29 30 0.357276 438.1867018848169 1226.4655389245763 0.026961956582586013
25 24 30 31 0.241045 516.7133987966647 2143.638734662261 0.029256819266112136
25 24 31 32 0.1 342.56621974303073 3425.662197430307 0.043439215748323386
25 23 27 29 3.39174 417.5731286206319 123.11472241994726 0.022491983465713763
25 23 29 31 0.893825 438.7512441717994 490.86929116079705 0.02392454898889604
25 23 31 33 0.344685 422.09764210142805 1224.5895298647404 0.027121429711185575
25 23 33 35 0.196976 484.3392463725974 2458.8744129873558 0.031128360815530828
25 23 35 37 0.1 434.7288098730849 4347.288098730849 0.04665570944403784
25 23 37 39 0.1 672.6122105124892 6726.122105124892 0.043946066709034094
25 23 39 41 0.1 958.7016354896995 9587.016354896994 0.05708029553245042
25 22 28 31 2.12417 391.2423794037823 184.1860017812992 0.022912973067127397
25 22 31 34 0.54042 397.65337172465587 735.8228261808516 0.025254820324932457
25 22 34 37 0.250472 465.38156318188055 1858.0183141504065 0.029041010572039994
25 22 37 40 0.127217 452.2456701668332 3554.915382117431 0.03624759269594473
25 22 40 43 0.1 594.424908448986 5944.24908448986 0.04979213899836936
25 22 43 46 0.1 973.1641912458234 9731.641912458233 0.05588262248573524
25 22 46 49 0.1 1562.0132055710906 15620.132055710905 0.07876024115010048
25 21 29 33 1.69503 416.3564778153384 245.6336925100667 0.023042341433484954
25 21 33 37 0.409484 405.0838798672504 989.2544760411894 0.02655283234509773
25 21 37 41 0.193161 455.08260304606995 2355.9756009032358 0.03129156506748257
25 21 41 45 0.108591 493.1903832135156 4541.724297718187 0.03877632584652504
25 21 45 49 0.1 854.7860767087564 8547.860767087563 0.06618203938157781
25 21 53 57 0.1 3054.7491066016178 30547.491066016177 0.20496462316281258
25 20 30 35 1.36578 419.57672142342676 307.2066668302558 0.023277079763944414
25 20 35 40 0.35076 426.9036366847456 1217.0818698960702 0.02723335043904664
25 20 40 45 0.173055 492.00783074686876 2843.0720334394778 0.03190742827424807
25 20 45 50 0.1 664.0773876877752 6640.773876877752 0.052973671701039955
25 20 55 60 0.1 2337.4594385110936 23374.594385110937 0.5
25 19 31 37 1.11072 410.5583635522265 369.6326378855396 0.023681188778450015
25 19 37 43 0.3441 481.305427921797 1398.7370762040016 0.027350363266492296
25 19 43 49 0.123794 441.02729891514656 3562.5902621705945 0.03650895843094173
25 19 49 55 0.1 1339.9940632960645 13399.940632960645 0.11157572812759024
25 18 32 39 1.01739 437.9370293974362 430.45147819168284 0.023635351241903302
25 18 39 46 0.30523 487.35953939853493 1596.6960632917305 0.02804809487927137
25 18 53 60 0.1 1236.6205508932444 12366.205508932442 0.12984200154831443
26 25 27 28 7.96119 485.2663077751329 60.95399152326887 0.022395249956350748
26 25 28 29 1.99203 486.73678734770294 244.342096930118 0.022874595262119546
26 25 29 30 0.870735 532.0290418963571 611.0114350478125 0.024046833996566118
26 25 30 31 0.360904 440.307866284258 1220.0138160958538 0.027566278012989606
26 25 31 32 0.267699 570.9213187422524 2132.698735304399 0.028876387285720152
26 25 32 33 0.134271 458.00486827203173 3411.0483147666414 0.036587051559904965
26 24 28 30 3.79985 464.7965418560358 122.3197078453191 0.022459960261589272
26 24 30 32 0.961633 469.78519038369626 488.5285658704477 0.023775172025086493
26 24 32 34 0.378934 462.92517125712124 1221.651187956534 0.027083054041073116
26 24 34 36 0.188246 463.68342679970914 2463.1781116183565 0.03186638759920529
26 24 36 38 0.111836 480.42784257617996 4295.82462334293 0.037626971637039944
26 24 38 40 0.1 649.0391121862222 6490.391121862221 0.04368614465129427
26 24 40 42 0.1 953.0259758404231 9530.25975840423 0.05709180009451268
26 23 29 32 2.55598 469.12914662480165 183.5417908687868 0.02291283969358133
26 23 32 35 0.618472 454.311581531154 734.5709773945368 0.024495369232560245
26 23 35 38 0.232725 430.557870099835 1850.0714151888924 0.029824213127081323
26 23 38 41 0.146521 507.7684888398341 3465.4997497958248 0.034406808580340016
26 23 41 44 0.1 591.9577348602916 5919.577348602916 0.04529745851593812
26 23 44 47 0.1 997.8939868334069 9978.939868334068 0.05761178928583521
26 23 47 50 0.1 1866.9114707631038 18669.114707631037 0.09315675881421612
26 22 30 34 1.79495 439.2697272855912 244.72532788411442 0.023016674559179922
26 22 34 38 0.431871 425.93883426635887 986.2640331635115 0.026317928270247364
26 22 38 42 0.220679 507.63794917784304 2300.345520769276 0.030234684768373973
26 22 42 46 0.105402 484.2664938997379 4594.471584028177 0.03957647862469403
26 22 50 54 0.1 2487.213095794146 24872.130957941456 0.17128120182372814
26 21 31 36 1.38845 425.8508223494851 306.7095122975153 0.023312355504339372
26 21 36 41 0.392478 469.0459802913809 1195.088591695282 0.026708401490019826
26 21 41 46 0.173983 496.85816022870824 2855.785681524679 0.032762856141117236
26 21 46 51 0.1 742.2092741081105 7422.092741081105 0.05930200203530852
26 21 51 56 0.1 1754.0949952871888 17540.949952871888 0.12842176075520806
26 20 32 38 1.15468 426.03873770419625 368.96693257369685 0.023432067759032806
26 20 38 44 0.367557 505.24690817963074 1374.6083143012668 0.026934434659114093
26 20 44 50 0.117751 455.5686779273334 3868.915575471405 0.036393576275360724
26 20 50 56 0.1 1247.672154729161 12476.72154729161 0.10720064724919094
26 20 62 68 0.1 2378.9160930300786 23789.160930300786 0.2715282421267936
26 20 68 74 0.1 3101.803168076603 31018.031680766027 0.4069309051105312
26 19 33 40 0.983705 420.83900838157626 427.81017518623594 0.023873203856847325
26 19 40 47 0.306924 492.90402791481625 1605.9481432368152 0.027961905878979815
26 19 47 54 0.1 616.6653387374761 6166.65338737476 0.05887129418392301
26 19 54 61 0.1 1178.4960819392081 11784.960819392081 0.13993219212641061
27 26 28 29 7.17061 440.7958272851437 61.47257029529477 0.022500214068259188
27 26 29 30 1.88513 464.31850908662534 246.30582988262103 0.022921936418178055
27 26 30 31 0.807032 495.7216791791647 614.2528167150308 0.023957501065633085
27 26 31 32 0.344426 422.3970526002439 1226.3796943327272 0.027689402077659644
27 26 32 33 0.333968 716.3651381538947 2145.0113129218807 0.026290063718679632
27 26 33 34 0.105949 364.75888751723846 3442.7780112812625 0.03835260361117141
27 26 34 35 0.1 517.5775337538878 5175.7753375388775 0.05933288760465562
27 25 29 31 3.91832 481.11307664697875 122.78555009467802 0.0225259932828355
27 25 31 33 1.0868 531.7908346059926 489.31802963378044 0.023653965771071036
27 25 33 35 0.252379 309.85006836202115 1227.7173154740335 0.02887787811188728
27 25 35 37 0.18814 466.39358145873484 2478.9708805077858 0.03167433825874349
27 25 37 39 0.112291 471.55538017363085 4199.404940499513 0.03955935916502658
27 25 39 41 0.1 640.4609074439351 6404.6090744393505 0.041477573905309824
27 25 41 43 0.1 950.9137595365803 9509.137595365803 0.05108236738455427
27 24 30 33 2.68698 493.52686206666584 183.67344083940552 0.022706160819954
27 24 33 36 0.511092 377.3411371782963 738.303744097533 0.025591067752968155
27 24 36 39 0.279131 509.2358845480304 1824.3616242840471 0.028485334842779913
27 24 39 42 0.159663 545.7747834478872 3418.2921744417126 0.03333208069496377
27 24 42 45 0.1 601.9181328161961 6019.181328161961 0.05100904718662765
27 24 45 48 0.1 1019.7815091245602 10197.815091245602 0.05326181201956805
27 23 31 35 1.85665 454.8972998985325 245.0097217561374 0.023008854657582206
27 23 35 39 0.464641 455.4300552584365 980.1762118677354 0.026019808841664854
27 23 39 43 0.234593 533.6084720852994 2274.613786793721 0.029529781366025413
27 23 43 47 0.112894 530.3688227647018 4697.93631871226 0.03680124718762733
27 23 51 55 0.1 2313.2454007981646 23132.454007981647 0.11003499246888762
27 22 32 37 1.47086 452.1614379162283 307.41296786657347 0.023183831227989067
27 22 37 42 0.43023 503.7685782927202 1170.9285226337545 0.026104014131975918
27 22 42 47 0.17498 507.8587741313054 2902.3818386747366 0.031784375357183675
27 22 47 52 0.1 842.867093307147 8428.67093307147 0.07180175600629088
27 22 52 57 0.1 1638.9849930751648 16389.849930751647 0.5
27 21 33 39 1.06967 394.0996736038968 368.4310802433431 0.023850851197098174
27 21 39 45 0.369602 505.95580431377664 1368.9206343953135 0.027061163088944323
27 21 45 51 0.108798 458.9830270028115 4218.671547296931 0.037355649920035296
27 21 51 57 0.1 1169.579513659796 11695.79513659796 0.1022518108033463
27 21 69 75 0.1 2949.1931634337343 29491.93163433734 0.5
27 20 34 41 1.00204 426.24285413472603 425.37508895326135 0.024047363378707436
27 20 41 48 0.311728 505.80365558739766 1622.5801198076454 0.027716085818405792
27 20 48 55 0.1 682.5203808716448 6825.203808716447 0.06193341616784063
27 20 55 62 0.1 1140.0015355524372 11400.01535552437 0.10690752409460852
28 27 29 30 8.01174 492.6108975057071 61.48613129054451 0.022413802744472487
28 27 30 31 1.33021 327.33102091167365 246.07469565833492 0.023690635313221225
28 27 31 32 0.662825 407.0393254098783 614.0977262624045 0.024855866933202582
28 27 32 33 0.230665 282.9746849956842 1226.7777295891626 0.030848806711031147
28 27 33 34 0.150913 324.91723234035135 2153.0102266892272 0.03241556393418725
28 27 34 35 0.1 345.16495611013124 3451.649561101312 0.04467661573783684
28 27 35 36 0.1 521.8924884558461 5218.924884558461 0.06021253294724729
28 26 30 32 3.1627 388.7475325054209 122.91634758447557 0.02244948619850128
28 26 32 34 0.819194 402.30113205987016 491.0938459752759 0.024042961740442438
28 26 34 36 0.244791 302.71271654355047 1236.617018368937 0.02937787745464498
28 26 36 38 0.189335 466.5931164017802 2464.3785692121382 0.031539546306810676
28 26 38 40 0.114244 466.4999867783091 4083.365312649322 0.03772390672595498
28 26 40 42 0.1 642.100800125023 6421.00800125023 0.044263444019456984
28 26 42 44 0.1 961.502116933876 9615.02116933876 0.05868811464862313
28 25 31 34 2.3122 425.2751801019937 183.92664133811684 0.022654303260963588
28 25 34 37 0.46717 346.51574112618107 741.7337181886274 0.025904253269687694
28 25 37 40 0.266945 475.0326328354605 1779.5150043471897 0.028936447582835416
28 25 40 43 0.156378 535.5344376701753 3424.614956516744 0.033717338756091016
28 25 43 46 0.1 616.1635616065939 6161.635616065939 0.04006230330632569
28 24 32 36 1.63302 401.2854427356028 245.7321053848715 0.02333961004764179
28 24 36 40 0.495098 477.1863570185698 963.8220251719252 0.025706506590614384
28 24 40 44 0.228082 520.1567433529149 2280.569020584329 0.030068527985549057
28 24 44 48 0.1 483.4262086987944 4834.262086987944 0.04116696893548895
28 24 48 52 0.1 1346.2693905077708 13462.693905077707 0.060755626374494644
28 24 52 56 0.1 2136.477319998224 21364.77319998224 0.1643653100775194
28 23 33 38 1.20754 371.8451108326944 307.9360607786859 0.023519999337496066
28 23 38 43 0.437731 504.1887576418842 1151.8232833449863 0.026179297331009228
28 23 43 48 0.162374 482.3134357949041 2970.385873322725 0.0332015593629522
28 23 48 53 0.1 977.651366957456 9776.51366957456 0.06323193951751814
28 23 53 58 0.1 1533.8269965696995 15338.269965696994 0.16636272908728
28 23 58 63 0.1 2155.4607742431026 21554.607742431024 0.18251970411224355
28 23 63 68 0.1 2812.0963562745974 28120.963562745972 0.26898108453341263
28 22 34 40 1.10909 406.31185737504137 366.3470569341004 0.02364132757485867
28 22 40 46 0.363967 501.825756200971 1378.7671854892642 0.027079130800319814
28 22 46 52 0.1 465.90326377141446 4659.032637714145 0.041078696680496116
28 22 52 58 0.1 1098.4769846982438 10984.769846982437 0.10343024481050893
28 21 35 42 1.06473 449.10336465267096 421.80023541430313 0.02370421609234266
28 21 42 49 0.28268 467.9848570299444 1655.5287145533623 0.028551790009905195
28 21 49 56 0.1 753.3477737967792 7533.477737967792 0.07792559206272766
28 21 56 63 0.1 1108.9854797653604 11089.854797653605 0.14377116601296297
29 28 30 31 6.94625 424.3493873578308 61.0904282681779 0.022557526723052005
29 28 31 32 1.25642 308.25102001139203 245.34074593797618 0.023856664172808455
29 28 32 33 0.964272 590.6004062337529 612.4832062257879 0.023134115685200855
29 28 33 34 0.218149 267.77746416634795 1227.4980135886387 0.030403027288688007
29 28 34 35 0.11882 255.61174316210816 2151.251836072279 0.039530045446894466
29 28 35 36 0.1 346.7806817374235 3467.8068173742345 0.04093069003262703
29 28 36 37 0.1 519.609497319953 5196.09497319953 0.04355197689376471
29 27 31 33 3.10977 381.46340652058404 122.666115667906 0.02246888033520164
29 27 33 35 0.573686 282.09069986550367 491.7161999168598 0.025208947054660563
29 27 35 37 0.280041 347.1624803042863 1239.6844758599145 0.02888287786431273
29 27 37 39 0.163924 393.96455246579205 2403.336622250507 0.0332800566116005
29 27 39 41 0.106537 428.8797264492725 4025.6411054307187 0.03827703051522006
29 27 41 43 0.1 640.3818980302843 6403.818980302843 0.04709189884653125
29 27 43 45 0.1 986.3271866985579 9863.271866985579 0.06640287719769843
29 26 32 35 2.24221 412.82329884823093 184.1144669090901 0.022281842467922273
29 26 35 38 0.518761 384.4134786208637 741.0223178320338 0.025510090388444772
29 26 38 41 0.25559 445.85559915428536 1744.4172274122047 0.029092100629915102
29 26 41 44 0.1413 485.1499116961367 3433.4742512111584 0.03505562632696391
29 26 44 47 0.1 635.3698230898972 6353.698230898971 0.04926842016129503
29 26 47 50 0.1 1262.0516374589533 12620.516374589533 0.08003509727391003
29 25 33 37 1.29138 318.21001332638616 246.4108266555051 0.02340298750174232
29 25 37 41 0.473308 447.03893462446285 944.4990040828865 0.025896667708975973
29 25 41 45 0.220248 506.8037716578559 2301.0595858207835 0.030286722240383566
29 25 45 49 0.1 496.7339842276637 4967.339842276637 0.043381811829804974
29 25 49 53 0.1 1649.617642092786 16496.17642092786 0.1104367973075141
29 25 57 61 0.1 2606.943885649118 26069.43885649118 0.2564174508618953
29 24 34 39 1.21798 373.75627397075004 306.86569070982284 0.023612489531847813
29 24 39 44 0.422245 482.79091949475935 1143.3904948424715 0.026390792075690655
29 24 44 49 0.154399 473.0636678583493 3063.903703122101 0.03384918296102954
29 24 49 54 0.1 1147.5639732041332 11475.63973204133 0.08406528793662946
29 24 59 64 0.1 2074.012391793428 20740.123917934277 0.16757513987803138
29 24 64 69 0.1 2711.2194144359482 27112.19414435948 0.24506186816553227
29 23 35 41 1.13907 413.93291531668507 363.39550274933504 0.023755967587593387
29 23 41 47 0.352591 491.2237425673923 1393.1828735486508 0.027204778340910576
29 23 47 53 0.1 520.2031468881218 5202.031468881218 0.04183462435815129
29 23 53 59 0.1 1033.3314192211349 10333.314192211348 0.10036562035620748
29 23 65 71 0.1 2107.9324972795 21079.324972795 0.16443572078058336
29 22 36 43 1.09282 454.72212153438034 416.09974335606995 0.023782690653538555
29 22 43 50 0.25951 458.55423819589276 1767.000262787148 0.028881545990520594
29 22 50 57 0.1 702.8924827447286 7028.924827447285 0.062080849059506595
29 22 57 64 0.1 1072.8547081074057 10728.547081074057 0.1016921684688761
29 22 64 71 0.1 1569.5708789528687 15695.708789528686 0.5
29 22 71 78 0.1 2124.0016014558405 21240.016014558405 0.5
29 22 78 84 0.1 3365.887365257519 33658.87365257519 0.5
30 29 31 32 7.60321 468.0030746778435 61.553353738466186 0.022620445838007895
30 29 32 33 1.83689 451.8925320564918 246.00957708762735 0.02280323263777363
30 29 33 34 0.499462 307.5466776254407 615.7559086085441 0.025650900368796827
30 29 34 35 0.237931 293.05939409634306 1231.6990812308738 0.029674275315112367
30 29 35 36 0.139641 302.9833467209836 2169.7305714008326 0.03502245042645069
30 29 36 37 0.123002 426.33050163873247 3466.0452808794366 0.036394530170241135
30 29 37 38 0.1 510.79519782826924 5107.951978282692 0.04415704544513236
30 28 32 34 3.50329 430.5771412241083 122.90650823200714 0.02211815179445607
30 28 34 36 0.600339 296.3194722771285 493.5869105241015 0.025096154006319763
30 28 36 38 0.328532 403.6557898819733 1228.6650611872612 0.027349725445314308
30 28 38 40 0.17936 418.78714442766443 2334.897103187246 0.032173450044603036
30 28 40 42 0.101952 411.50837759925764 4036.29529189479 0.04193904974890144
30 28 42 44 0.1 647.1990871508801 6471.990871508801 0.04636316513291069
30 28 44 46 0.1 1017.6887823551597 10176.887823551597 0.054645260231956296
30 27 33 36 1.59624 295.028303907488 184.82703347083645 0.0232016676690222
30 27 36 39 0.554446 405.3012141607541 731.0021429692957 0.025382201332501273
30 27 39 42 0.25973 448.2232218331043 1725.727570296478 0.029015785623532128
30 27 42 45 0.131528 460.35333368747075 3500.040551726406 0.035835563530198886
30 27 45 48 0.1 649.9138015183744 6499.138015183744 0.05053971529226792
30 27 48 51 0.1 1568.1285713224013 15681.285713224011 0.5
30 26 34 38 1.34733 332.3198680589194 246.65068547343222 0.023441680954183464
30 26 38 42 0.488905 454.0894322742129 928.7886854792096 0.025835673597120096
30 26 42 46 0.203825 478.08132277477716 2345.5480082167405 0.030537323684533296
30 26 46 50 0.1 564.7665459513628 5647.665459513628 0.038825820106745616
30 26 54 58 0.1 1842.2166474717674 18422.166474717673 0.11256038124120003
30 25 35 40 1.299 395.72154075838296 304.6355202143056 0.023524634334103157
30 25 40 45 0.425883 491.71742159088586 1154.5833517442252 0.026320515258885655
30 25 45 50 0.134916 454.8294384543731 3371.2045899253835 0.035610676272643714
30 25 50 55 0.1 1061.6179400936098 10616.179400936098 0.08131803754000748
30 25 55 60 0.1 1386.0638167104548 13860.638167104547 0.5
30 25 60 65 0.1 1990.0155178409682 19900.15517840968 0.13252274696707106
30 25 65 70 0.1 2604.683859334837 26046.83859334837 0.21299386762336894
30 24 36 42 1.24209 445.49190479334356 358.6631442112436 0.023584538962555048
30 24 42 48 0.330583 469.72938271195926 1420.912093822003 0.027511063787309088
30 24 48 54 0.1 588.8151432085505 5888.151432085505 0.04413230333131898
30 24 54 60 0.1 975.0644172728879 9750.644172728878 0.0983428260445098
30 24 66 72 0.1 2014.4396348922944 20144.396348922943 0.14164502164502163
30 23 37 44 1.10395 452.7394755234334 410.10867840339995 0.023707785678699217
30 23 44 51 0.240121 457.197231182493 1904.0285155504641 0.02959528737594796
30 23 51 58 0.1 658.7657010090642 6587.657010090641 0.056313194780087006
30 23 58 65 0.1 1034.437130385507 10344.37130385507 0.09106154129238388
31 30 32 33 8.6516 529.7147678098187 61.227376185886854 0.022380387442785147
31 30 33 34 1.18787 292.8426293408275 246.52750666388366 0.023505509862190306
31 30 35 36 0.275179 340.68600183704154 1238.052328982377 0.029640306854810866
31 30 36 37 0.231018 499.357377685643 2161.5518171122726 0.03171536417075726
31 30 37 38 0.107232 364.48308866615474 3399.014181085448 0.03813740301402566
31 30 38 39 0.1 496.49692023256733 4964.969202325673 0.044600982159507675
31 29 33 35 2.21218 272.56765843699014 123.21224242014219 0.02275725302642642
31 29 35 37 0.778769 385.57676270821827 495.11056899827577 0.025011229260538104
31 29 37 39 0.325743 391.3685198085067 1201.4640984104237 0.027473806037274784
31 29 39 41 0.177405 410.2792763228825 2312.6703098722273 0.03237665229277642
31 29 41 43 0.104559 423.0495668995222 4046.0368490471615 0.041604739907611966
31 29 43 45 0.1 666.6265758075864 6666.265758075863 0.04787503505883345
31 29 45 47 0.1 1041.3446446147088 10413.446446147087 0.058505030207341095
31 28 34 37 1.60161 296.53242583772396 185.14646252066606 0.023354418366518692
31 28 37 40 0.546004 389.598865386716 713.5458080649885 0.025260181244093446
31 28 40 43 0.261396 453.38050188374757 1734.4584533954137 0.028796347304472905
31 28 43 46 0.121927 437.4889719008256 3588.1221706498613 0.03690970826806204
31 28 46 49 0.1 672.1634357019616 6721.634357019615 0.061775419583051105
31 27 35 39 1.5326 376.1153482817669 245.40998843910148 0.023597063813128018
31 27 39 43 0.466278 430.09795368789224 922.4067052013868 0.02605179742557015
31 27 43 47 0.182293 438.6117844886524 2406.0813332857124 0.03186046639201725
31 27 47 51 0.1 652.6255746421057 6526.255746421056 0.05118651708937015
31 26 36 41 1.4137 425.2360512801575 300.7965277499876 0.023658711183419397
31 26 41 46 0.402014 469.7688116930743 1168.5384381963672 0.02653352868308069
31 26 46 51 0.128047 481.84088947012947 3763.0002223412457 0.03427780424375425
31 26 51 56 0.1 979.5634383309575 9795.634383309574 0.08240626764948664
31 26 66 71 0.1 2479.0004779713486 24790.004779713483 0.15241642836836738
31 25 37 43 1.21443 428.83095868050066 353.1129490217639 0.0235997710860239
31 25 43 49 0.320188 467.76181560864205 1460.8973965565297 0.027375822954014518
31 25 49 55 0.1 663.8300546445918 6638.3005464459175 0.05455850533406085
31 25 55 61 0.1 936.012440489183 9360.124404891829 0.08865234292230582
31 25 67 73 0.1 1924.4834806322165 19244.834806322164 0.5
31 24 38 45 1.10607 449.75528910210943 406.6246160750309 0.023819505094614262
31 24 45 52 0.211006 433.5536106502666 2054.6980211475816 0.030381079211017695
31 24 52 59 0.1 618.7722622314162 6187.7226223141615 0.05938089547796323
31 24 59 66 0.1 992.4637862834757 9924.637862834756 0.09511541383239529
32 31 33 34 6.52014 401.15823528501744 61.52601558939186 0.022462473198428257
32 31 34 35 1.06866 263.1560270056232 246.24859824979242 0.023563546871783355
32 31 35 36 0.54205 334.97757159173375 617.9827905022299 0.02555454293884328
32 31 36 37 0.400336 492.93503454263094 1231.3032915916403 0.02697271791694976
32 31 37 38 0.166295 352.27279762625585 2118.3607301858497 0.0347735049159626
32 31 38 39 0.131972 436.3784235433968 3306.598547747983 0.03542910617403691
32 31 39 40 0.1 484.7205630690823 4847.2056306908225 0.041469577107805994
32 30 34 36 2.18052 268.84643272670445 123.29464197838335 0.022769775099517546
32 30 36 38 0.903345 442.5896173210827 489.94527818395267 0.024817627816614913
32 30 38 40 0.347393 406.41769206254526 1169.9075458127977 0.02716197505418935
32 30 40 42 0.191726 446.26798618576356 2327.634155960921 0.03150532530799161
32 30 42 44 0.1 410.1531247416674 4101.531247416674 0.04823087837058374
32 30 44 46 0.1 689.0625707314603 6890.625707314603 0.046283538975485386
32 30 46 48 0.1 1071.223715468003 10712.23715468003 0.06290513918731569
32 29 35 38 2.02079 373.38331727837027 184.77096446358618 0.023551036970689682
32 29 38 41 0.602558 422.52690656214986 701.2219679469027 0.02478264333060054
32 29 41 44 0.273446 477.38633879964766 1745.8157691085173 0.027808817828748635
32 29 44 47 0.126199 467.80204096147156 3706.8601253692304 0.03565170880910308
32 29 47 50 0.1 799.6190367798231 7996.19036779823 0.5
32 29 50 53 0.1 1894.7261556518633 18947.26155651863 0.5
32 29 53 56 0.1 2215.1075073192505 22151.075073192504 0.5
32 28 36 40 1.72879 417.7851125397041 241.66330933178932 0.02358700594057115
32 28 40 44 0.469395 436.3639651789838 929.6306206478207 0.025992202729044834
32 28 44 48 0.185109 459.2579271644683 2481.0134956402353 0.03114348843114057
32 28 48 52 0.1 774.63607161463 7746.360716146301 0.05276884362904829
32 28 56 60 0.1 1698.037753256425 16980.37753256425 0.07999948619705077
32 27 37 42 1.37761 407.22596623108996 295.6032303998156 0.02338884735157265
32 27 42 47 0.365926 436.6638010202355 1193.31176527559 0.026890655487721564
32 27 47 52 0.1 425.275745957937 4252.757459579369 0.04212760248066241
32 27 52 57 0.1 904.979773516378 9049.79773516378 0.09211657959456904
32 26 38 44 1.22114 426.46688522010595 349.2366847536777 0.023737008041665984
32 26 44 50 0.283085 448.30635158807013 1583.6457303921795 0.02857685854072099
32 26 50 56 0.1 611.0392614403142 6110.392614403142 0.05087878193992279
32 26 56 62 0.1 904.6818738847678 9046.818738847678 0.07465339028328721
32 25 39 46 1.09487 445.6936490171833 407.07449196451023 0.023871025783883018
32 25 46 53 0.183462 411.1374093382793 2240.9949163220685 0.03227578463114978
32 25 53 60 0.1 580.4006173849624 5804.006173849623 0.05491029837333355
32 25 60 67 0.1 947.2500748796907 9472.500748796907 0.08889200705143914
32 25 67 74 0.1 1367.1633522736909 13671.633522736907 0.5
32 25 74 81 0.1 1895.973596661669 18959.73596661669 0.5
32 25 81 87 0.1 3180.441892180453 31804.41892180453 0.5
33 32 34 35 5.86806 358.4743796564476 61.08907878522844 0.022521739723179383
33 32 35 36 1.0197 251.406078748884 246.54906222308912 0.02325968422084927
33 32 36 37 0.45694 280.32185886310106 613.4762963695475 0.02431686873550138
33 32 37 38 0.294874 355.78683066612507 1206.5724026741084 0.029027516837700166
33 32 38 39 0.238498 492.48712688334075 2064.9528586543315 0.027934238442251087
33 32 39 40 0.120313 389.7239111033349 3239.2502148839685 0.03855210991330945
33 32 40 41 0.1 493.2798848664344 4932.7988486643435 0.04665673278285586
33 31 35 37 2.37616 292.76184106204937 123.20796624050963 0.022519758770453167
33 31 37 39 0.83175 398.43255895994537 479.02922628186997 0.024267015329125338
33 31 39 41 0.346194 402.38638787908974 1162.314736474606 0.027615672137587595
33 31 41 43 0.207783 486.4366397742809 2341.080068024241 0.03083524638685552
33 31 43 45 0.117731 498.2658330643329 4232.239877893952 0.03514996050318098
33 31 45 47 0.1 705.307156629042 7053.0715662904195 0.06298507993035458
33 31 47 49 0.1 1111.0255318881389 11110.255318881389 0.0790331688464256
33 30 36 39 2.09784 382.2593093640149 182.21566438051275 0.022817598100903787
33 30 39 42 0.605527 422.1457352237669 697.1542725985247 0.025107716088630234
33 30 42 45 0.246606 440.58561935717023 1786.5973226814037 0.02951043364719431
33 30 45 48 0.10567 401.18667907178707 3796.599593752125 0.04018936311157377
33 30 48 51 0.1 988.414331898798 9884.143318987979 0.5
33 30 51 54 0.1 1759.688229842948 17596.88229842948 0.5
33 30 54 57 0.1 2017.5575375465855 20175.575375465854 0.25267082766405796
33 29 37 41 1.69031 401.2485429418625 237.38162996246993 0.023092787713496342
33 29 41 45 0.493662 465.4557418297629 942.863217808466 0.02571212692084868
33 29 45 49 0.166453 424.93686348675556 2552.8939910170175 0.033213579809315545
33 29 49 53 0.1 943.6149386509704 9436.149386509704 0.0737771515004096
33 29 57 61 0.1 1634.743460499736 16347.434604997361 0.5
33 29 61 65 0.1 2200.876511637525 22008.76511637525 0.5
33 28 38 43 1.482 432.6912310120983 291.96439339547794 0.023192638326585694
33 28 43 48 0.349519 428.496403744933 1225.960258941382 0.027275512919183217
33 28 48 53 0.1 490.15897031513236 4901.589703151323 0.04351074440112431
33 28 53 58 0.1 835.9108984740395 8359.108984740395 0.08434079387522847
33 27 39 45 1.25689 439.57920667883104 349.7356225913413 0.02336626116843956
33 27 45 51 0.246151 422.79270049830603 1717.615205700184 0.029220965992419287
33 27 51 57 0.1 564.5760031737298 5645.760031737297 0.066906561990613
33 27 57 63 0.1 870.0933469971983 8700.933469971982 0.1091462410828608
33 27 63 69 0.1 1281.1806140313024 12811.806140313023 0.5
33 27 69 75 0.1 1734.3578406786692 17343.57840678669 0.5
33 26 40 47 1.09863 453.7608794148903 413.0242933607223 0.02361612189727206
33 26 47 54 0.156124 384.20563627822065 2460.9005423779854 0.034123901514181036
33 26 54 61 0.1 545.9417278647 5459.417278647001 0.06079974557002283
33 26 61 68 0.1 899.8325943461455 8998.325943461454 0.10391779785442132
34 33 35 36 3.59404 221.8650009865339 61.73136664770951 0.02247072375377013
34 33 36 37 1.11708 274.45039254828174 245.68553062294706 0.023641807211658965
34 33 37 38 0.482513 291.66021933177564 604.4608525195707 0.02573252948625218
34 33 38 39 0.264516 313.6033512678437 1185.5742233658598 0.028973748279877212
34 33 39 40 0.162165 331.1383997607006 2041.9843971307039 0.03352591496315481
34 33 40 41 0.100318 333.7076833914048 3326.498568466325 0.04047299587312347
34 33 41 42 0.1 498.2561566363392 4982.561566363392 0.04431317632706462
34 32 36 38 2.47989 303.03687649886956 122.19770897050658 0.02186710297634169
34 32 38 40 0.783178 368.3500168582886 470.32732898305187 0.02415899067644903
34 32 40 42 0.333466 393.9567969213824 1181.4001934871394 0.02734854527897897
34 32 42 44 0.162814 389.49059051362633 2392.2426235681596 0.03335855638949968
34 32 44 46 0.106995 470.84731464311403 4400.647830675396 0.034439179400906586
34 31 37 40 1.92218 343.85229394746705 178.88662557485097 0.023205246126793536
34 31 40 43 0.56647 400.90748257235987 707.729416513425 0.025417056507846838
34 31 43 46 0.203399 374.87555267600584 1843.0550429255102 0.03185266397573243
34 31 46 49 0.1 393.72881414794256 3937.2881414794256 0.045512871750821554
34 30 38 42 1.64968 387.5197982561743 234.90604132690842 0.023034018718781822
34 30 42 46 0.415685 401.9413573891175 966.9373621591288 0.026386711091331175
34 30 46 50 0.133235 384.4693835079689 2885.648542109573 0.036390062671220025
34 30 50 54 0.1 870.8954012311099 8708.954012311098 0.07850025920631924
34 29 39 44 1.37272 401.73052222299276 292.65292428389824 0.023291618101287954
34 29 44 49 0.323747 411.5057258954165 1271.0719354786809 0.027701322328855558
34 29 49 54 0.1 572.2597928596189 5722.5979285961885 0.05761023887443181
34 29 54 59 0.1 777.5317002046343 7775.317002046342 0.08712989255290307
34 28 40 46 1.16964 416.12457088723056 355.77149455151203 0.023529282514277897
34 28 46 52 0.202 381.23771606165457 1887.3154260477947 0.03134019801980198
34 28 52 58 0.1 522.5475125142999 5225.475125142999 0.0596864536206652
34 28 58 64 0.1 832.7259427564819 8327.259427564819 0.09554445037439555
34 28 64 70 0.1 1220.3582854315343 12203.582854315342 0.15620624548371806
34 28 70 76 0.1 1648.4228135321734 16484.228135321733 0.22541164552876866
34 27 41 48 1.0272 431.9967602719953 420.5575937227369 0.02367132982866044
34 27 48 55 0.127109 344.4717684075353 2710.05018061298 0.03639451179696167
34 27 55 62 0.1 520.7358372233028 5207.358372233029 0.08245677932453048
34 27 62 69 0.1 858.1662522142832 8581.662522142831 0.12253286956154565
35 34 36 37 4.21062 257.1633297963257 61.07493190939237 0.022438550617248768
35 34 37 38 1.04559 253.10234108415534 242.0665280694683 0.023742566397918878
35 34 38 39 0.479524 286.10228723978844 596.6380978632736 0.02578409005597217
35 34 39 40 0.247969 292.5880828956861 1179.9381491060824 0.029945436727978093
35 34 40 41 0.201027 424.01096363443924 2109.2239531726545 0.030143214593064613
35 34 41 42 0.12517 422.7173179407365 3377.1456254752457 0.03588839178716945
35 34 42 43 0.1 512.0780512957123 5120.7805129571225 0.051844906663056176
35 33 37 39 2.26307 272.49509202377385 120.40948447187841 0.022848528768442868
35 33 39 41 0.716668 339.34008792439766 473.49691617931546 0.02452833111008166
35 33 41 43 0.305693 367.7482397475526 1202.9985630928827 0.027858832227103662
35 33 43 45 0.133495 332.6643220259849 2491.9609125883735 0.035886362785123034
35 33 45 47 0.1 453.66136778465517 4536.613677846552 0.048848614011825435
35 33 47 49 0.1 759.7282585130209 7597.282585130209 0.05427324015535962
35 33 49 51 0.1 2150.960985591656 21509.60985591656 0.12783183663427233
35 32 38 41 1.89144 336.1252639771124 177.70865794162776 0.022887704606014463
35 32 41 44 0.539576 388.90210623213034 720.7550117724479 0.025332613014663368
35 32 44 47 0.177304 340.06398630558857 1917.9713165274816 0.03348740017145694
35 32 47 50 0.1 467.09712426862626 4670.9712426862625 0.03856908300692172
35 32 50 53 0.1 1177.8174532819937 11778.174532819936 0.5
35 32 53 56 0.1 1429.1281667871478 14291.281667871477 0.5
35 31 39 43 1.58473 374.57798490746063 236.36706877983042 0.023136313441406424
35 31 43 47 0.371377 371.4576664976184 1000.2172091907102 0.026893184015165182
35 31 47 51 0.108735 361.13579249270566 3321.2469995190663 0.03982995355681244
35 31 51 55 0.1 792.8068563686313 7928.068563686313 0.07876131110418175
35 30 40 45 1.33924 400.7598584187384 299.2442418227789 0.023207229473432695
35 30 45 50 0.274283 381.68962760234643 1391.590538248256 0.028678809842389068
35 30 50 55 0.1 521.137281644877 5211.37281644877 0.059779288775399106
35 30 55 60 0.1 737.0035890618069 7370.035890618068 0.09051666269280853
35 30 70 75 0.1 1997.1679781058283 19971.679781058283 0.5
35 29 41 47 1.10609 402.0118676158116 363.4531255284937 0.02365428672169534
35 29 47 53 0.178142 373.5975044193402 2097.189345686813 0.03216933682118759
35 29 53 59 0.1 484.42290154523135 4844.229015452313 0.062768323989345
35 29 59 65 0.1 791.84867391659 7918.486739165899 0.09714388462748719
35 28 42 49 0.89677 388.23540836156087 432.9264007064921 0.02401149681635202
35 28 49 56 0.1 297.50498417790584 2975.049841779058 0.04072200237966112
35 28 56 63 0.1 499.6022115990317 4996.022115990317 0.054926376780778226
35 28 63 70 0.1 814.7887233538668 8147.887233538668 0.10486730727852883
36 35 37 38 3.43913 210.31989774394492 61.15497167712326 0.02252124229092823
36 35 38 39 0.948904 231.54449403780757 244.0125597929902 0.02395457285457749
36 35 39 40 0.462661 280.514457632648 606.3066859593698 0.02580807545913747
36 35 40 41 0.214648 266.46109892929906 1241.3863578011396 0.030899612388654914
36 35 41 42 0.176662 384.50138094368447 2176.4804029371594 0.0320059209111184
36 35 42 43 0.1 352.20699191513165 3522.0699191513163 0.04361200434890156
36 35 43 44 0.1 535.2143153545079 5352.143153545079 0.05475402867135115
36 34 38 40 2.13798 258.48986408716695 120.90378024451441 0.022881444166923916
36 34 40 42 0.716008 351.8078818497174 491.34630039010375 0.024410593177729856
36 34 42 44 0.245105 306.013664094911 1248.5002920989414 0.02947234858530018
36 34 44 46 0.126997 332.8805355168919 2621.1684962392173 0.036545981401135456
36 34 46 48 0.1 472.63874259788446 4726.3874259788445 0.04821413835590321
36 34 48 50 0.1 1009.6265555270434 10096.265555270433 0.06796057179697634
36 34 50 52 0.1 1962.2535125463726 19622.535125463724 0.1579196391722186
36 33 39 42 1.77497 321.3724693081 181.05797242099865 0.023009707206318984
36 33 42 45 0.423937 318.1705333447844 750.5137162946014 0.026312871959748737
36 33 45 48 0.166058 329.92476750474725 1986.8044147511546 0.0332183935733298
36 33 48 51 0.1 578.4166722760891 5784.1667227608905 0.050246709869512914
36 33 51 54 0.1 1087.8153922050483 10878.153922050482 0.0933663242295164
36 33 57 60 0.1 1749.181082294947 17491.81082294947 0.20223440015818764
36 32 40 44 1.45884 355.7576755813317 243.86339528757898 0.023152888596419074
36 32 44 48 0.336062 350.94477224325703 1044.2857932264196 0.027410210020769977
36 32 48 52 0.1 393.9669396172934 3939.669396172934 0.05218510974131555
36 32 52 56 0.1 718.1516440063407 7181.516440063407 0.0693999795563733
36 31 41 46 1.22053 375.82155507315315 307.9166878922707 0.023471467313380255
36 31 46 51 0.233096 361.13563339704064 1549.3000025613508 0.029849847273226482
36 31 51 56 0.1 474.3932111296588 4743.932111296588 0.06036607944786726
36 31 56 61 0.1 707.0765778523313 7070.765778523312 0.10224764085962253
36 30 42 48 0.957365 360.0661985180364 376.10127643901376 0.023801851958239542
36 30 48 54 0.143365 339.07384083232955 2365.108923602899 0.034749415826735956
36 30 54 60 0.1 450.8057070953868 4508.057070953868 0.06961857260755679
36 30 60 66 0.1 752.7904615611568 7527.904615611567 0.10904102761604857
36 29 43 50 0.805426 372.7422945014045 462.7890017225723 0.024173741597614182
36 29 50 57 0.1 272.82336017859507 2728.2336017859507 0.04056106232800995
36 29 57 64 0.1 477.717599495086 4777.17599495086 0.07474226529634165
36 29 64 71 0.1 771.9798077234286 7719.798077234286 0.11155622829318952
37 36 38 39 3.40395 212.97791234516131 62.56787330752841 0.02247795061619589
37 36 39 40 1.03016 257.39383299399566 249.85811232623638 0.023717917605032227
37 36 40 41 0.447741 286.3742076498693 639.5979096170985 0.026316285531144123
37 36 41 42 0.307504 393.62219365542177 1280.0555233604173 0.027931896820854365
37 36 42 43 0.156778 354.85236620791727 2263.4066400127394 0.033115233004630755
37 36 43 44 0.1 366.3946828548878 3663.9468285488774 0.04337169677726144
37 36 44 45 0.1 569.6429024213236 5696.429024213236 0.0495834548595946
37 35 39 41 2.16329 269.71554986391567 124.67840643830263 0.022819557248450275
37 35 41 43 0.723008 367.67929238655256 508.54111211294 0.02451627091263167
37 35 43 45 0.251114 329.876469866111 1313.6522450604546 0.029433285280788805
37 35 45 47 0.122946 334.227934620283 2718.49376653395 0.037141102597888505
37 35 47 49 0.1 494.6671642781364 4946.6716427813635 0.04171572368507485
37 35 49 51 0.1 1468.6846393525577 14686.846393525577 0.12561052842954015
37 35 51 53 0.1 1802.3336541539702 18023.336541539702 0.17574555038943349
37 34 40 43 1.77588 335.0121909539616 188.64573673556862 0.02295023312385972
37 34 43 46 0.426603 334.8243719481627 784.8617378409498 0.026280499668309882
37 34 46 49 0.172209 357.2874417019439 2074.7315279802096 0.03295594306917757
37 34 49 52 0.1 747.7805692427797 7477.805692427797 0.06795453701296289
37 34 52 55 0.1 977.381337845198 9773.81337845198 0.07480860464967788
37 34 55 58 0.1 1212.9360980148642 12129.360980148642 0.14934014555706515
37 34 58 61 0.1 1671.2176708082789 16712.17670808279 0.21503178265144215
37 33 41 45 1.42134 358.9068030146131 252.51298282931114 0.023240554687829797
37 33 45 49 0.324401 351.821383659031 1084.5261995463363 0.02764624646656453
37 33 49 53 0.1 478.7012393681119 4787.012393681119 0.05249086840023395
37 33 53 57 0.1 650.5643160015118 6505.643160015117 0.0754298023701495
37 32 42 47 1.07924 345.4207891814314 320.05929096533805 0.023628386642452096
37 32 47 52 0.20349 355.27398986380416 1745.9039258135738 0.030970317951742102
37 32 52 57 0.1 432.32194761440996 4323.2194761441 0.060874420650029216
37 32 57 62 0.1 675.2692327563386 6752.692327563385 0.10829191756424393
37 31 43 49 0.923108 361.6260329882521 391.7483468762616 0.02387831109685974
37 31 49 55 0.111478 295.84646719442014 2653.855174962057 0.03836595561456072
37 31 55 61 0.1 426.51935538487726 4265.193553848772 0.07206452647539072
37 31 61 67 0.1 709.5017066413901 7095.0170664139005 0.09713747554607041
37 30 44 51 0.756061 376.87938127595885 498.4774790340447 0.024207173759789227
37 30 51 58 0.1 250.72576169391812 2507.257616939181 0.040429154591881504
37 30 58 65 0.1 454.4072398005572 4544.072398005572 0.08295244484830987
37 30 65 72 0.1 731.3778338940605 7313.778338940604 0.1128688393467417
38 37 39 40 3.09115 196.00807440208777 63.40943480649201 0.022588130630994938
38 37 40 41 0.89436 232.74742261397822 260.2390789100342 0.02400356679636835
38 37 41 42 0.509154 330.24743044230644 648.6199272564027 0.02548069935618693
38 37 42 43 0.220121 287.65994696258923 1306.826458913912 0.03039864438195356
38 37 43 44 0.112108 258.71329270868455 2307.714817039681 0.03919122631747957
38 37 44 45 0.1 381.48243172575303 3814.82431725753 0.043865162052099914
38 37 45 46 0.1 572.9590266913025 5729.590266913025 0.05522581769571207
38 36 40 42 2.15771 279.1687144081331 129.38194400921955 0.02281822395039185
38 36 42 44 0.576768 301.45457580960937 522.6617562167273 0.025162006213936976
38 36 44 46 0.246487 335.54622762123694 1361.3140961642478 0.029527885851992192
38 36 46 48 0.122924 341.89528638761533 2781.3550355310217 0.03683641925091927
38 36 48 50 0.1 640.1255670935809 6401.255670935809 0.051088460269764185
38 36 50 52 0.1 1295.4553422148774 12954.553422148772 0.10703505931154937
38 36 52 54 0.1 1612.5483433097788 16125.483433097786 0.11615909504782922
38 35 41 44 1.71243 331.45153397120407 193.55625279351804 0.02305792937521534
38 35 44 47 0.405436 330.57252681340975 815.3507010068414 0.02654929507986464
38 35 47 50 0.150016 363.34385691503326 2422.0340291371135 0.03440393024744027
38 35 50 53 0.1 669.9409203970426 6699.4092039704265 0.06392614950233876
38 35 53 56 0.1 856.6550485855983 8566.550485855982 0.07909417065388277
38 35 56 59 0.1 1142.0685083837304 11420.685083837303 0.16226104195363086
38 34 42 46 1.19714 312.5416237224523 261.07357846404955 0.02353127453764806
38 34 46 50 0.289897 350.8031046900082 1210.095670841741 0.02836048665560527
38 34 50 54 0.1 430.61960637622815 4306.1960637622815 0.05029028043574267
38 34 54 58 0.1 586.7444114061165 5867.444114061164 0.07141780010641455
38 34 58 62 0.1 895.6074165771829 8956.074165771828 0.1008615061580266
38 34 62 66 0.1 1249.8200739459464 12498.200739459464 0.14637214430743992
38 34 66 70 0.1 1658.7951746356016 16587.951746356015 0.2013260313843385
38 33 43 48 0.973969 322.7467993218616 331.37276373463794 0.0238889020081748
38 33 48 53 0.173323 344.83121375997376 1989.5294551789073 0.032424894561021905
38 33 53 58 0.1 390.73546964435735 3907.354696443573 0.055158082073310626
38 33 58 63 0.1 637.6707862459378 6376.707862459378 0.08069754252089792
38 32 44 50 0.835226 351.70154685500285 421.0854868682283 0.02411730477738959
38 32 50 56 0.117937 280.2182427749812 2375.9994130339182 0.03712032695422132
38 32 56 62 0.1 403.71661421372687 4037.1661421372687 0.08737721077908829
38 32 62 68 0.1 662.3492655674371 6623.49265567437 0.10573627724699676
38 31 45 52 0.658338 350.365774243152 532.1974035269907 0.024649815140550906
38 31 52 59 0.106078 243.16905925573235 2292.360897224046 0.03922462716114557
38 31 66 73 0.1 685.6826738594183 6856.826738594183 0.1140963244738176
38 31 86 93 0.1 2088.5378344829332 20885.378344829332 0.5
39 38 40 41 3.40195 220.7003136953736 64.87464944969021 0.022445853113655406
39 38 41 42 1.24403 321.0733992634995 258.0913637641371 0.023441556875638047
39 38 42 43 0.395671 256.20732286328143 647.526159014134 0.026670061743215956
39 38 43 44 0.192011 249.9956791934688 1301.9862361712028 0.03157944076120639
39 38 44 45 0.136234 319.43489565694864 2344.751645381833 0.03445285317908892
39 38 45 46 0.1 374.37564844712335 3743.7564844712333 0.04755573795525693
39 38 46 47 0.1 567.6775065384217 5676.775065384217 0.058948997659264375
39 37 41 43 2.37054 306.8309259646155 129.43503419668747 0.022740181562006967
39 37 43 45 0.524181 277.34355649304104 529.098835121916 0.025475322455411394
39 37 45 47 0.214952 291.1515737680405 1354.495765417584 0.03044684394655551
39 37 47 49 0.124439 347.075450132664 2789.121176903254 0.036625816665193385
39 37 49 51 0.1 885.4310867445395 8854.310867445394 0.07578855685282346
39 37 51 53 0.1 1123.6627291924694 11236.627291924693 0.09337179382374351
39 37 53 55 0.1 1348.0735342495773 13480.735342495773 0.12465098402722043
39 36 42 45 1.45323 285.5154049869222 196.46952305342043 0.023225394466120295
39 36 45 48 0.383586 313.87750654777506 818.2715389711175 0.02670303400019813
39 36 48 51 0.12041 345.90318811726075 2872.7114701209266 0.038081554688148826
39 36 51 54 0.1 587.1998676336867 5871.998676336867 0.060937715711782504
39 36 54 57 0.1 741.0039228227633 7410.039228227633 0.07165464383699295
39 36 57 60 0.1 1046.9360313393925 10469.360313393923 0.12089983623473366
39 36 60 63 0.1 1431.9721650232425 14319.721650232425 0.1810753733603226
39 35 43 47 1.12045 298.20017454889444 266.14322330215043 0.023569208800035702
39 35 47 51 0.259821 350.2955058328365 1348.2186037034592 0.028950200330227344
39 35 51 55 0.1 375.5108766500279 3755.1087665002788 0.050101306761582594
39 35 55 59 0.1 534.70820109585 5347.082010958499 0.07082738406402064
39 35 63 67 0.1 1138.9170861643104 11389.170861643102 0.19317074337850015
39 35 67 71 0.1 1529.8412582467172 15298.412582467172 0.27846082361968444
39 34 44 49 0.972409 329.98213391033596 339.3450018565603 0.023805188968839243
39 34 49 54 0.129915 293.2905135859852 2257.5569686794074 0.0360171650694685
39 34 54 59 0.1 349.9341729230616 3499.341729230616 0.05313119289348471
39 34 59 64 0.1 588.5832372067479 5885.832372067479 0.07757107641741989
39 34 64 69 0.1 868.3337119928512 8683.337119928512 0.09309632987227463
39 34 69 74 0.1 1197.6759010796002 11976.759010796 0.19177365416346806
39 34 74 79 0.1 1628.7413200300703 16287.413200300702 0.5
39 33 45 51 0.736045 327.6556592453804 445.15710214101097 0.02446547425768805
39 33 51 57 0.118037 248.87715364721794 2108.4672911647867 0.037394799935613406
39 33 57 63 0.1 376.041132933839 3760.41132933839 0.05941124606809887
39 33 63 69 0.1 614.9598994829146 6149.598994829145 0.08759723651954282
39 33 69 75 0.1 901.5324160984973 9015.324160984972 0.10919469174524835
39 32 46 53 0.596281 337.6712188905483 566.2954527991808 0.02496442113701426
39 32 53 60 0.106976 221.18216639596818 2067.5868082183683 0.03899416691594376
39 32 60 67 0.1 395.86159561793255 3958.615956179325 0.0845135568451072
39 32 67 74 0.1 638.9834059110605 6389.834059110604 0.11290275768768053
40 39 41 42 4.13046 258.7791629314878 62.651414837932776 0.022434266401320915
40 39 42 43 0.872872 220.5245953973601 252.64253567230944 0.02400731149584361
40 39 43 44 0.315638 200.01058565091657 633.6708053241897 0.027490923146135764
40 39 44 45 0.185201 240.60362772580652 1299.148642425292 0.032599014044200625
40 39 45 46 0.1 226.15731993244805 2261.5731993244804 0.04193469772609484
40 39 46 47 0.1 364.75665492930466 3647.566549293046 0.04867031279028143
40 39 47 48 0.1 549.9516857862044 5499.516857862044 0.05766992735526887
40 38 42 44 1.77449 226.08814336851913 127.41020990172903 0.022970842326527623
40 38 44 46 0.490278 257.29614897730283 524.7964399326562 0.025916480037856075
40 38 46 48 0.200748 266.05740728060783 1325.3303010770112 0.0310216291071393
40 38 48 50 0.1 341.8992285096174 3418.992285096174 0.04147183019511544
40 38 50 52 0.1 733.4742958752868 7334.742958752867 0.08088937189778007
40 38 52 54 0.1 947.8253761476252 9478.253761476251 0.08520717511379788
40 38 54 56 0.1 1095.2459644772264 10952.459644772263 0.1106802434237583
40 37 43 46 1.24486 243.05784812667457 195.24914297726215 0.0235343492440917
40 37 46 49 0.362487 293.4921307332243 809.6625002640766 0.026979836518275138
40 37 49 52 0.1 348.32987357286754 3483.298735728675 0.044526923544884286
40 37 52 55 0.1 490.9807777805595 4909.807777805595 0.05791605258503803
40 37 55 58 0.1 647.923674147789 6479.23674147789 0.09369325796649842
40 37 58 61 0.1 938.3736339120733 9383.736339120733 0.10006853856077981
40 37 61 64 0.1 1269.3793361266626 12693.793361266626 0.11951628298070585
40 36 44 48 1.05919 282.1383634445998 266.3718156748079 0.023787214758447493
40 36 48 52 0.209302 316.0546576632308 1510.041268899632 0.030812987931314564
40 36 52 56 0.1 318.16943334217774 3181.694333421777 0.04433674707191047
40 36 56 60 0.1 482.6807823946534 4826.807823946534 0.06415395904515123
40 36 60 64 0.1 741.6230020807889 7416.230020807888 0.09395035785947893
40 36 64 68 0.1 1019.8282005723277 10198.282005723277 0.1276459963191093
40 36 68 72 0.1 1388.413226023532 13884.132260235318 0.1654513425060112
40 35 45 50 0.835691 295.08493640716443 353.1029248934887 0.02411238125096477
40 35 50 55 0.13405 258.3630528627678 1927.3633186331056 0.035501976874300636
40 35 55 60 0.1 314.2136290324363 3142.1362903243626 0.05219840398061496
40 35 60 65 0.1 532.8572438779911 5328.572438779911 0.07596068045987565
40 35 70 75 0.1 1085.5917168229655 10855.917168229655 0.19484634658120034
40 34 46 52 0.656942 307.28581664329283 467.751820774578 0.024744163107245386
40 34 52 58 0.12714 234.24203977234492 1842.3945239290933 0.03633632216454302
40 34 58 64 0.1 343.3610147358011 3433.610147358011 0.05409411501548312
40 34 70 76 0.1 825.700146222679 8257.00146222679 0.13325500330548712
40 34 82 87 0.1 2120.9681399636893 21209.68139963689 0.3198456133238742
40 33 47 54 0.522494 311.89080948908673 596.9270642133436 0.025511967601541837
40 33 54 61 0.111042 204.71166680796782 1843.5516904231536 0.03830118333603501
40 33 61 68 0.1 360.4019459882965 3604.019459882965 0.05810220177135136
40 33 68 75 0.1 588.4253243617187 5884.253243617187 0.09641182491615184
41 40 42 43 3.72673 238.18411978816613 63.91236279209015 0.02246554754436195
41 40 43 44 0.695121 177.96814731042556 256.0247026207316 0.02460429191464508
41 40 44 45 0.224895 146.75401797998725 652.5446007247259 0.029731030036239132
41 40 47 48 0.1 364.3675389737103 3643.6753897371027 0.056926524105988155
41 40 48 49 0.1 559.8042900420431 5598.042900420432 0.060758936300735936
41 39 43 45 1.42079 182.47595033067043 128.43273835730153 0.023268843389945032
41 39 45 47 0.374231 193.86413098693035 518.033329646476 0.026892961833733714
41 39 47 49 0.187706 247.3607234340223 1317.8093584329872 0.031645179163159405
41 39 49 51 0.1 464.15571051240835 4641.557105124083 0.0595190128949862
41 39 51 53 0.1 618.5918438868462 6185.918438868461 0.07442876810588181
41 39 53 55 0.1 774.1599025851369 7741.599025851369 0.10077609455346381
41 39 55 57 0.1 944.2368880915379 9442.36888091538 0.12874618798789417
41 38 44 47 1.04639 205.08093533784984 195.98900537834828 0.02365869322145663
41 38 47 50 0.29744 266.2999240631927 895.306361159201 0.02806798009682625
41 38 50 53 0.1 291.4974366437986 2914.9743664379857 0.046013100459266
41 38 53 56 0.1 405.48021338554526 4054.802133855452 0.06075426983737844
41 38 56 59 0.1 577.8117708934728 5778.117708934728 0.5
41 38 59 62 0.1 835.2119114408166 8352.119114408166 0.12152334254646907
41 38 62 65 0.1 1120.843576515545 11208.43576515545 0.15923757600581914
41 37 45 49 0.902482 238.37154092485414 264.1288589964721 0.023959059571271226
41 37 49 53 0.143493 247.81342059481065 1727.007035847119 0.034689915187500434
41 37 53 57 0.1 268.5795851482412 2685.795851482412 0.04740565051159133
41 37 57 61 0.1 433.015027498689 4330.15027498689 0.0652986641221374
41 37 61 65 0.1 659.4983414758324 6594.983414758323 0.08797385380900795
41 37 65 69 0.1 921.7458973481766 9217.458973481765 0.1302506437471557
41 37 69 73 0.1 1227.6634567090607 12276.634567090607 0.17227236414937194
41 36 46 51 0.719996 267.1784723687699 371.0832731970316 0.024448010822282346
41 36 51 56 0.136039 222.01419614581735 1631.989327662048 0.035322591315725634
41 36 56 61 0.1 283.5532983268868 2835.532983268868 0.05281792576436345
41 36 61 66 0.1 477.9504629474759 4779.504629474759 0.07160506076565802
41 36 71 76 0.1 992.3642825741695 9923.642825741694 0.18386016830062657
41 35 47 53 0.5765 285.094671459739 494.5267501469887 0.02502745880312229
41 35 53 59 0.122338 196.0603245137324 1602.6118173726268 0.0369548300609786
41 35 59 65 0.1 310.05478743630727 3100.5478743630724 0.058371738064623556
41 35 65 71 0.1 509.1555189739832 5091.555189739832 0.08155873242480402
41 34 48 55 0.442849 278.78536736566105 629.5269208368113 0.02605237902761438
41 34 55 62 0.112601 187.09831514939006 1661.6043831705763 0.03826928712888873
41 34 62 69 0.1 328.11997617110444 3281.199761711044 0.058963502130825414
41 34 69 76 0.1 535.8048209875436 5358.048209875436 0.09441608631682198
41 34 83 89 0.1 1504.9893089383486 15049.893089383486 0.3611896568774524
42 41 43 44 5.54169 346.1424605626635 62.46153439883203 0.02241998018654959
42 41 44 45 0.920983 234.9328683096587 255.0892560553872 0.023951386724836397
42 41 45 46 0.311118 195.6910557004477 628.9930370484758 0.02781153774452137
42 41 46 47 0.147383 185.65749032852816 1259.6940646379037 0.034388633695880806
42 41 47 48 0.1 220.5107238049598 2205.107238049598 0.04316775440868269
42 41 48 49 0.1 360.4768628235492 3604.7686282354916 0.0475836554072499
42 41 49 50 0.1 995.5938772878421 9955.93877287842 0.10270076470988677
42 40 44 46 1.58803 203.16756899821186 127.93685824462501 0.02304618300661826
42 40 46 48 0.376947 192.12558007429848 509.688577105796 0.02673686221139842
42 40 48 50 0.147484 236.48906502082386 1603.4896329149185 0.034561850777033436
42 40 50 52 0.1 377.01553310859157 3770.1553310859153 0.06070686246703383
42 40 52 54 0.1 515.1487495499659 5151.487495499659 0.06957205773653087
42 40 54 56 0.1 624.5070925429558 6245.070925429557 0.09409661713511461
42 40 56 58 0.1 830.8805724765284 8308.805724765283 0.12897142481338988
42 39 45 48 1.02278 195.79087395595735 191.43009636085702 0.023785183519427443
42 39 48 51 0.239362 243.97622818663086 1019.2771959903029 0.02944761490963478
42 39 51 54 0.1 241.97776350371916 2419.7776350371914 0.043870615351078085
42 39 54 57 0.1 335.3767086005096 3353.7670860050953 0.05902120274593604
42 39 57 60 0.1 509.84861296326653 5098.486129632665 0.08220462397722529
42 39 60 63 0.1 738.309913571 7383.09913571 0.10372239605609708
42 39 63 66 0.1 985.3235378754725 9853.235378754725 0.12985422847083045
42 38 46 50 0.818344 225.275596590439 275.2822732132685 0.02420439326249108
42 38 50 54 0.144569 206.1731595104733 1426.1228860300155 0.034620354294489133
42 38 54 58 0.1 225.6078223977067 2256.078223977067 0.04641067289330641
42 38 58 62 0.1 383.9099933762145 3839.0999337621447 0.06557146816095895
42 38 62 66 0.1 580.855478997525 5808.55478997525 0.0847328565566152
42 38 66 70 0.1 821.4066376897804 8214.066376897803 0.13109303046658782
42 38 70 74 0.1 1086.870399192664 10868.70399192664 0.18032251740861013
42 37 47 52 0.635545 247.4675905314246 389.3785499554313 0.02471584230856981
42 37 52 57 0.145543 198.87762935161763 1366.4527277273219 0.034487883305964556
42 37 57 62 0.1 252.16705484970709 2521.6705484970707 0.048063711390785295
42 37 62 67 0.1 421.70340467920437 4217.034046792043 0.06891487935483369
42 37 67 72 0.1 638.5335682106694 6385.335682106694 0.11075459265455667
42 37 72 77 0.1 899.2438911114974 8992.438911114974 0.13787211994412052
42 37 77 82 0.1 1251.6826501786907 12516.826501786905 0.17582863916635272
42 36 48 54 0.490223 256.29205558217177 522.8070808227516 0.025685718540337764
42 36 54 60 0.131999 182.12343132458022 1379.7334171060404 0.03584799884847612
42 36 60 66 0.1 276.5628988728428 2765.628988728428 0.052492821030679614
42 36 66 72 0.1 456.45750025389464 4564.575002538946 0.07729439627879792
42 35 49 56 0.346378 226.48566429449917 653.8685028913475 0.026971747628313576
42 35 56 63 0.117466 175.2371166488882 1491.8113892435956 0.03784516370694498
42 35 63 70 0.1 294.8571329473148 2948.571329473148 0.05930443855317944
42 35 70 77 0.1 486.5439360476523 4865.439360476523 0.09633271492839969
43 42 44 45 5.60162 351.1437534909485 62.686107499428466 0.022406407432135705
43 42 45 46 0.922052 227.53488631900166 246.77012393986635 0.02397578444599654
43 42 46 47 0.295754 182.2877993391033 616.3493962519638 0.028074548442286493
43 42 47 48 0.136446 167.8913039531459 1230.4596979988119 0.03536644533368512
43 42 48 49 0.1 219.4684288423233 2194.684288423233 0.04470023690252161
43 42 49 50 0.1 637.6846946342012 6376.846946342011 0.09421545992942576
43 42 50 51 0.1 771.8877648662735 7718.877648662735 0.12413722334438697
43 41 45 47 1.67286 207.58957813636087 124.0926187106876 0.02307588800019129
43 41 47 49 0.374431 187.2853768792948 500.18662151182673 0.026845827402111472
43 41 49 51 0.1 211.84234026577798 2118.4234026577797 0.044099152919762206
43 41 51 53 0.1 305.3001897337889 3053.0018973378887 0.05456947733278424
43 41 53 55 0.1 407.60358328297616 4076.035832829761 0.07919154329964263
43 41 55 57 0.1 524.6608221853907 5246.608221853906 0.08962565781422102
43 41 57 59 0.1 725.7119217183417 7257.119217183416 0.11314706255551327
43 40 46 49 1.0024 188.81736698147856 188.36529028479507 0.023739425379090184
43 40 49 52 0.141533 171.37087921041157 1210.8192379898087 0.034860209279814605
43 40 52 55 0.1 195.81909273232145 1958.1909273232143 0.04365417658725464
43 40 55 58 0.1 286.8123695612359 2868.123695612359 0.06013997273312757
43 40 58 61 0.1 449.99828951214414 4499.982895121441 0.07607062418295506
43 40 61 64 0.1 647.6107188078427 6476.107188078426 0.10688455966694543
43 40 64 67 0.1 866.3162757657342 8663.162757657341 0.16550618863097702
43 39 47 51 0.689029 199.97457598388058 290.22664646028045 0.02462574144194221
43 39 51 55 0.147189 170.41431646813456 1157.7924740852548 0.03445474865648927
43 39 55 59 0.1 194.41608629823855 1944.1608629823854 0.045978426436210154
43 39 59 63 0.1 337.54654389900725 3375.465438990072 0.06467129316969795
43 39 63 67 0.1 508.35235487271177 5083.5235487271175 0.09356430784211332
43 39 67 71 0.1 731.0401654115469 7310.401654115469 0.11699968886287292
43 39 71 75 0.1 974.2060464683393 9742.060464683393 0.16068254329990886
43 38 48 53 0.51636 213.90406776714346 414.25375274448726 0.02548195057711674
43 38 53 58 0.138176 157.01350139009125 1136.3297634183307 0.03527363652153775
43 38 58 63 0.1 222.59690622113854 2225.9690622113853 0.04924206270397169
43 38 63 68 0.1 370.20321986272717 3702.0321986272716 0.06976932479038374
43 38 68 73 0.1 569.3366089050832 5693.366089050832 0.09609660903318373
43 38 73 78 0.1 814.0383863440185 8140.3838634401845 0.1701549911762449
43 38 78 83 0.1 1155.2992391421687 11552.992391421687 0.28395516490521333
43 37 49 55 0.353797 193.6151661945168 547.2493158351168 0.027180812725941715
43 37 55 61 0.129349 155.5068752277377 1202.2271160019616 0.036137272031480726
43 37 61 67 0.1 243.5727441754209 2435.727441754209 0.05065959977068385
43 37 67 73 0.1 407.68812807766255 4076.8812807766253 0.07582764540599624
43 37 73 79 0.1 626.0540801320291 6260.5408013202905 0.13416526241612795
43 37 79 84 0.1 1115.1476418446148 11151.476418446147 0.17476560643008687
43 37 84 90 0.1 1327.8060452928842 13278.060452928841 0.26962501099576125
43 36 50 57 0.344663 186.1162485879708 539.9948604520091 0.02726608310146433
43 36 57 64 0.121683 161.07974052333134 1323.7653618281217 0.03710148500612246
43 36 64 71 0.1 262.68526121791103 2626.85261217911 0.05695287050596217
43 36 71 78 0.1 441.0219530957973 4410.219530957973 0.09100784978601677
43 36 78 84 0.1 813.3237395695965 8133.237395695964 0.13570695059993515
43 36 84 91 0.1 1059.4705229936058 10594.705229936057 0.26171779669533013
44 43 45 46 7.99432 477.034988073655 59.67174044492277 0.022432608401965395
44 43 46 47 1.18142 283.7571680659202 240.18314237605614 0.023534018384655755
44 43 47 48 0.341989 205.15283092370677 599.8813731544195 0.027258537555301488
44 43 48 49 0.168087 205.1618408605444 1220.569353135843 0.03266522693605098
44 43 49 50 0.1 381.21443110088074 3812.144311008807 0.06786583263085294
44 43 50 51 0.1 478.66606327470936 4786.660632747094 0.07918462962493342
44 43 51 52 0.1 600.0693806733769 6000.69380673377 0.09557346253132676
44 42 46 48 1.95441 236.44974294151382 120.98267146684361 0.0229110422071111
44 42 48 50 0.316039 186.55570935408926 590.293316185943 0.02778527333651859
44 42 50 52 0.1 163.4536077522013 1634.5360775220129 0.04275222679246283
44 42 52 54 0.1 244.6184500839923 2446.1845008399227 0.050883386519554014
44 42 56 58 0.1 451.6161060662129 4516.161060662129 0.09030167155248929
44 42 58 60 0.1 631.6723427104051 6316.723427104051 0.1123308364349898
44 41 47 50 0.970109 193.82335373344696 199.79543920677673 0.02388587261843772
44 41 50 53 0.164704 156.5635603507864 950.5753372764863 0.03306513503011463
44 41 53 56 0.1 155.14409550861996 1551.4409550861994 0.04179193694790675
44 41 56 59 0.1 248.48638622914666 2484.8638622914664 0.05710784873322831
44 41 59 62 0.1 391.9735561199682 3919.735561199682 0.09397197249746629
44 41 62 65 0.1 562.8249425202592 5628.249425202593 0.09484943649591661
44 41 65 68 0.1 759.3293632000124 7593.293632000124 0.12793055824772243
44 40 48 52 0.598285 187.27140234103652 313.01370139822416 0.0249909157007112
44 40 52 56 0.161261 149.8634837537342 929.3225501127625 0.03327797793638884
44 40 56 60 0.1 169.3673898662245 1693.673898662245 0.04654138097537422
44 40 60 64 0.1 295.7434133177944 2957.434133177944 0.06463704901999412
44 40 64 68 0.1 446.866045648437 4468.66045648437 0.09371034232700387
44 40 68 72 0.1 654.7965158752206 6547.965158752206 0.12686854986141416
44 40 72 76 0.1 879.3564654263706 8793.564654263706 0.18237054799837832
44 39 49 54 0.380345 168.73351040756995 443.63278183641154 0.026897869039950572
44 39 54 59 0.145818 137.99423315172388 946.3456716710137 0.03459195709720336
44 39 59 64 0.1 194.6393583717571 1946.393583717571 0.04733470903375049
44 39 64 69 0.1 328.8355313244088 3288.355313244088 0.0707485055192991
44 39 69 74 0.1 501.75970140899483 5017.597014089948 0.13260262336856204
44 39 74 79 0.1 737.4223144009371 7374.223144009371 0.1333378218075727
44 38 50 56 0.373326 163.29300377679198 437.40056619895745 0.0269401541816
44 38 56 62 0.134565 141.59481158352958 1052.2410105415938 0.035667149704603725
44 38 62 68 0.1 213.47026713359142 2134.702671335914 0.05081226095594159
44 38 68 74 0.1 364.21142841903674 3642.114284190367 0.07754389480427608
44 38 74 80 0.1 567.7404135207597 5677.4041352075965 0.12910484139439768
44 38 80 85 0.1 1032.9070933845194 10329.070933845194 0.1876277721463826
44 37 51 58 0.363213 161.06776090829314 443.4526322248739 0.02714696335208266
44 37 58 65 0.124082 144.5162284418949 1164.6832614069317 0.03664641124417724
44 37 65 72 0.1 233.5834264557546 2335.834264557546 0.05410635035907368
44 37 72 79 0.1 397.9013844707681 3979.013844707681 0.08942649909289685
45 44 46 47 8.32738 505.973821162895 60.760265673344435 0.022423930455917708
45 44 47 48 1.25098 304.5742512458962 243.46852167572322 0.023465027418503894
45 44 48 49 0.457368 282.2979346944554 617.2227499397759 0.025818268877577794
45 44 49 50 0.1 214.84548640356357 2148.4548640356356 0.040706920706367285
45 44 50 51 0.1 284.05332254738096 2840.5332254738096 0.049672574829899785
45 44 51 52 0.1 371.9458953482909 3719.458953482909 0.06529289127851462
45 44 52 53 0.1 479.69027227229657 4796.902722722965 0.06489171182540272
45 43 47 49 2.21822 270.06166120587915 121.747013914706 0.02277217318390421
45 43 49 51 0.235628 182.8372494683887 775.9572269356303 0.029747058923387713
45 43 51 53 0.1327 170.55043669163638 1285.2331325669659 0.035709269027882434
45 43 53 55 0.1 190.94203208120996 1909.4203208120996 0.04710456907654263
45 43 55 57 0.1 267.4176220013646 2674.176220013646 0.06252472134771324
45 43 57 59 0.1 395.48020947386095 3954.8020947386094 0.08088898528351715
45 43 59 61 0.1 555.270973455897 5552.70973455897 0.11073825182121898
45 42 48 51 0.980572 219.35764729256587 223.70376401994537 0.023782445348225323
45 42 51 54 0.209081 157.55258890953806 753.5480933683026 0.030695902544946696
45 42 54 57 0.103293 129.52684144542724 1253.9750171398568 0.03982089783431598
45 42 57 60 0.1 217.22521298833837 2172.2521298833835 0.054589969790233596
45 42 60 63 0.1 345.84655156016265 3458.4655156016265 0.0764253836278046
45 42 63 66 0.1 496.61932535422534 4966.193253542253 0.09972759501590114
45 42 66 69 0.1 685.7963361372224 6857.9633613722235 0.14385219683205816
45 41 49 53 0.502385 175.26716528323053 348.870219618879 0.02562691959353882
45 41 53 57 0.18022 135.13778703272664 749.849001402323 0.0321277882587948
45 41 57 61 0.1 148.31868331647158 1483.1868331647158 0.04340221549437912
45 41 61 65 0.1 259.545225280611 2595.45225280611 0.059237277693350306
45 41 65 69 0.1 401.4094843422992 4014.0948434229917 0.09475358394891699
45 41 69 73 0.1 578.6891379765076 5786.891379765076 0.11581435718290423
45 41 73 77 0.1 809.8422627586017 8098.4226275860165 0.17017520650223658
45 40 50 55 0.464171 161.45650098846113 347.8384065106634 0.025853726320687852
45 40 55 60 0.160153 130.13507383492646 812.5671940889429 0.03336984009041354
45 40 60 65 0.1 171.53338852566085 1715.3338852566085 0.048328556576470255
45 40 65 70 0.1 294.69691875552394 2946.9691875552394 0.0697564663686046
45 40 70 75 0.1 449.9900428482749 4499.900428482749 0.09977166294003352
45 40 75 80 0.1 677.5526850467865 6775.526850467864 0.18223733152021757
45 40 80 84 0.1 1212.9623892310972 12129.623892310972 0.29795154596565526
45 39 51 57 0.441226 155.58299277276222 352.6151966855131 0.026169491371768664
45 39 57 63 0.142933 132.213350210031 925.0022752620529 0.03478301022157235
45 39 63 69 0.1 189.89177825807627 1898.9177825807626 0.05007251051059294
45 39 69 75 0.1 324.4927308299461 3244.9273082994605 0.07837836157893592
45 39 81 86 0.1 971.5785462325938 9715.785462325937 0.18492576832151303
45 38 52 59 0.428557 156.74585541252245 365.7526429681989 0.026279468075425205
45 38 59 66 0.129258 132.6248672801592 1026.0476510557119 0.03611737764780516
45 38 66 73 0.1 208.31422593809646 2083.1422593809643 0.05489716951034543
45 38 73 80 0.1 363.549098066024 3635.4909806602395 0.09338196542925281
45 38 80 86 0.1 704.444088628619 7044.44088628619 0.15510133798379178
45 38 86 93 0.1 892.576403693552 8925.76403693552 0.5
45 38 93 100 0.1 1287.6504556319157 12876.504556319156 0.5
46 45 47 48 6.80674 403.47337905013006 59.27556790036495 0.022417305494260104
46 45 48 49 1.20408 290.24119255332397 241.0480969315361 0.023545487010829844
46 45 49 50 0.217405 220.23973267739592 1013.0389488622429 0.03042252938064902
46 45 50 51 0.12769 185.24963233433547 1450.7763515884992 0.036197509593546874
46 45 51 52 0.1 202.61786413005285 2026.1786413005284 0.04403776705985315
46 45 52 53 0.1 275.5304562677331 2755.3045626773305 0.04500305565824915
46 45 53 54 0.1 358.3861863155858 3583.861863155858 0.06331531638869858
46 44 48 50 1.97684 273.75164463486976 138.479413930753 0.022883420003642175
46 44 50 52 0.317142 175.82575728620589 554.4070393899449 0.02772653890055559
46 44 52 54 0.1907 187.3214646162407 982.2835061155778 0.03163272155217619
46 44 54 56 0.100206 145.92037736848638 1456.2039934583395 0.04002654531664771
46 44 56 58 0.1 226.78672437488842 2267.867243748884 0.04807311816704221
46 44 58 60 0.1 341.5353929229675 3415.3539292296746 0.0721991610531925
46 44 60 62 0.1 484.29995492052115 4842.999549205211 0.10250799177623877
46 43 49 52 0.729712 187.38482394743997 256.79284970980325 0.024476930624684805
46 43 52 55 0.298895 171.69059785928434 574.4177649652364 0.028115090583649773
46 43 55 58 0.127139 131.9826091018247 1038.0969576748653 0.036376642886919046
46 43 58 61 0.1 188.32245375419984 1883.2245375419984 0.050921965803565485
46 43 61 64 0.1 300.69052742013474 3006.9052742013473 0.0685942605303817
46 43 64 67 0.1 435.6869631978004 4356.869631978004 0.10229408416166746
46 43 67 70 0.1 619.5629950407008 6195.6299504070075 0.13284257734065963
46 42 50 54 0.655169 170.51216745997476 260.2567695662871 0.02479929605948999
46 42 54 58 0.224755 135.2239461122636 601.6504465407381 0.030108785121576827
46 42 58 62 0.1 128.88095053541016 1288.8095053541017 0.0414823522831895
46 42 62 66 0.1 226.90408139296406 2269.0408139296405 0.059029764588611366
46 42 70 74 0.1 515.9835761127334 5159.835761127334 0.12412028043852011
46 41 51 56 0.601966 160.95336613776684 267.379496745276 0.025072562237734356
46 41 56 61 0.182966 128.03812342464704 699.7918926174647 0.03203119705300439
46 41 61 66 0.1 149.79984071068492 1497.998407106849 0.044116779820147035
46 41 66 71 0.1 261.1660500649196 2611.660500649196 0.06711424495578197
46 41 81 85 0.1 1139.5249256047834 11395.249256047835 0.23683127773587123
46 40 52 58 0.559688 157.06000180842287 280.62063472581667 0.025205507354097285
46 40 58 64 0.154938 124.92896495445103 806.3158486262314 0.03383856768513857
46 40 64 70 0.1 168.67480593030203 1686.7480593030202 0.05117896777958715
46 40 70 76 0.1 291.8172093947439 2918.1720939474385 0.0781311383979873
46 40 87 93 0.1 1029.3690027875602 10293.690027875602 0.3029431282479984
46 39 53 60 0.473176 140.8437555660659 297.65616930289343 0.02586352646795273
46 39 60 67 0.135449 121.58303144112195 897.6295981596168 0.035438578357905925
46 39 67 74 0.1 186.59330729026223 1865.9330729026221 0.052965821577046275
46 39 74 81 0.1 332.4576612925063 3324.576612925063 0.08848391061943017
47 46 48 49 6.53843 390.8061507874131 59.770640778812826 0.02241784648608305
47 46 49 50 0.678589 258.20645614493816 380.50492440186645 0.024642279789386507
47 46 50 51 0.336327 211.0873784467929 627.6254313415008 0.02739982219685009
47 46 51 52 0.199213 193.93333426757485 973.4973835421125 0.03115700280604177
47 46 52 53 0.176134 252.84005618472955 1435.4982921226426 0.032266342670921
47 46 53 54 0.1 199.31023631732995 1993.1023631732994 0.04142721409966932
47 46 54 55 0.1 252.69589435722912 2526.958943572291 0.046907917298665246
47 45 49 51 1.35951 230.51102976577266 169.55449372624892 0.023309015748321088
47 45 51 53 0.539182 208.95914944619665 387.54845199987506 0.025375606010586402
47 45 53 55 0.243795 173.01033084138075 709.6549594593029 0.029467831579810904
47 45 55 57 0.134447 155.1043207214057 1153.6465724144512 0.03559023258235587
47 45 57 59 0.1 190.367436753171 1903.67436753171 0.045274597702501834
47 45 59 61 0.1 290.07483619954206 2900.7483619954205 0.06349792891728084
47 45 61 63 0.1 415.6077845696804 4156.077845696804 0.07967248492542049
47 44 50 53 1.15205 202.38791958807022 175.67633313490754 0.023551937849919706
47 44 53 56 0.382544 163.8252314495452 428.2519957169508 0.026781677401815217
47 44 56 59 0.165772 144.97727658195745 874.558288383789 0.03330876143136356
47 44 59 62 0.1 161.9905379440331 1619.9053794403308 0.0452972170116326
47 44 62 65 0.1 260.7423457499723 2607.4234574997226 0.05857839025699524
47 44 65 68 0.1 383.8619446922048 3838.6194469220477 0.09457128806102726
47 44 68 71 0.1 556.7795852850259 5567.795852850259 0.13410375889413284
47 43 51 55 0.988907 186.89491541599133 188.99139698272066 0.02382498050878394
47 43 55 59 0.288983 143.13737660864118 495.314176296326 0.028296854832291173
47 43 59 63 0.112406 124.97051731297427 1111.7779950623121 0.03812047399605003
47 43 63 67 0.1 197.68477290174496 1976.8477290174494 0.05460999798485765
47 43 67 71 0.1 320.2949875184741 3202.949875184741 0.07898146179212198
47 43 71 75 0.1 467.61796254761475 4676.1796254761475 0.117517238443858
47 43 75 79 0.1 682.4021721823017 6824.021721823016 0.17285280990308977
47 42 52 57 0.867959 176.4917105793084 203.34106862110812 0.024083395644264302
47 42 57 62 0.216914 130.21030446089338 600.2853871160615 0.03041850687369188
47 42 62 67 0.1 130.434027954141 1304.34027954141 0.04298164795511522
47 42 67 72 0.1 234.20296594669432 2342.029659466943 0.06393607778619886
47 42 72 77 0.1 372.7532645794299 3727.532645794299 0.1000423891589726
47 42 77 82 0.1 569.0098902480177 5690.098902480177 0.16165754824745987
47 42 82 86 0.1 1078.3629672590328 10783.629672590327 0.2510351901008595
47 41 53 59 0.684704 151.29885774611375 220.9697296147149 0.02465022841987195
47 41 59 65 0.178705 124.65169271672703 697.5277284727737 0.032177163481715676
47 41 65 71 0.1 149.45594852851534 1494.5594852851532 0.047912017173467325
47 41 71 77 0.1 265.8614845272179 2658.614845272179 0.07600167502695189
47 41 77 83 0.1 442.2562382017821 4422.562382017821 0.13473905807541356
47 41 83 88 0.1 848.8139440846943 8488.139440846942 0.20415387449342992
47 41 88 94 0.1 958.0491807433148 9580.491807433147 0.27873158381161706
47 40 54 61 0.599636 144.80529470271887 241.4886609588465 0.025032786557178024
47 40 61 68 0.154592 121.15421999683682 783.703037652898 0.03380750620989443
47 40 68 75 0.1 167.97589868671403 1679.7589868671403 0.05387400939947052
47 40 75 82 0.1 306.7659049355755 3067.659049355755 0.09325536509392497
47 40 82 88 0.1 620.7560698801125 6207.560698801124 0.13729776259514562
47 40 88 95 0.1 768.3370630281624 7683.370630281624 0.28415506050976946
48 47 49 50 5.10503 422.5569439764604 82.77266616973071 0.022417025952834752
48 47 50 51 1.55863 295.3170654717928 189.47220666341133 0.023154398413991775
48 47 51 52 0.71425 258.78940155412454 362.3232783396913 0.024529338466923345
48 47 52 53 0.543992 335.847508026791 617.3758217525092 0.02533412256062589
48 47 53 54 0.243816 232.5821978033898 953.9250820429742 0.029689150835055942
48 47 54 55 0.183779 242.08527777634333 1317.2630048936132 0.032001371212162434
48 47 55 56 0.118499 217.54118486520596 1835.8060816142413 0.036921914952868805
48 46 50 52 2.80569 263.2395145108962 93.82344967223614 0.02263387259462022
48 46 52 54 1.05715 273.4188789074727 258.6377324953627 0.023728865345504422
48 46 54 56 0.424575 211.8781299616079 499.0358121924463 0.026195536713183774
48 46 56 58 0.212202 196.90167661104243 927.8973648271102 0.030550607440080677
48 46 58 60 0.110284 174.3604116693318 1581.0127640394962 0.03907284828261579
48 46 60 62 0.1 245.5286203979997 2455.286203979997 0.05063939784405544
48 46 62 64 0.1 353.0744382223974 3530.744382223974 0.062326175301458994
48 45 51 54 2.17518 247.4858938889582 113.77720183569093 0.022836114712345645
48 45 54 57 0.630918 198.02554014035377 313.86890236188185 0.02487570492520423
48 45 57 60 0.237569 171.72633534408726 722.8482476421051 0.029663297820843627
48 45 60 63 0.106196 146.18062010778138 1376.517195636195 0.039156088741572184
48 45 63 66 0.1 224.19889335659474 2241.9889335659473 0.05437855713166826
48 45 66 69 0.1 340.40141895778737 3404.0141895778734 0.0738133041491117
48 45 69 72 0.1 487.66474184561133 4876.647418456113 0.10607899439391581
48 44 52 56 1.77358 234.13507476387807 132.01269452963953 0.02302361889511609
48 44 56 60 0.420774 172.1696643193962 409.1737234700723 0.02625326184602661
48 44 60 64 0.149218 141.95796929790063 951.3461465634216 0.03427267487836588
48 44 64 68 0.1 172.4831964033163 1724.8319640331629 0.04850546155743795
48 44 68 72 0.1 287.70608822362584 2877.0608822362583 0.07234389912409038
48 44 72 76 0.1 425.78086270689414 4257.808627068941 0.10979981651807769
48 44 76 80 0.1 626.0731281802441 6260.73128180244 0.16568493097048526
48 43 53 58 1.25189 188.81367155081972 150.82289302639987 0.023439583349974837
48 43 58 63 0.289856 147.93625487763967 510.3784461168293 0.028298361945241775
48 43 63 68 0.109129 123.57866448783577 1132.4090249872697 0.038656818994034586
48 43 68 73 0.1 209.6807458498423 2096.807458498423 0.059134064645959585
48 43 73 78 0.1 341.5807077912647 3415.8070779126465 0.09858932334347928
48 43 78 83 0.1 534.1370153028544 5341.370153028543 0.14358385364124657
48 43 83 87 0.1 1010.429935719435 10104.29935719435 0.21950879747276275
48 42 54 60 1.02734 176.2985096231627 171.6067802510977 0.023743969863920418
48 42 60 66 0.220311 132.47719853654493 601.3190377990428 0.030245788907498947
48 42 66 72 0.1 132.5616892230689 1325.616892230689 0.044479785328746135
48 42 72 78 0.1 241.51890791263324 2415.189079126332 0.0710840007199985
48 41 55 62 0.821942 162.39297374936106 197.5723028502754 0.024233997046020278
48 41 62 69 0.184201 126.16927253227578 684.9543299562748 0.03186377924115504
48 41 69 76 0.1 149.98754947940702 1499.8754947940702 0.04909166559495261
48 41 76 83 0.1 283.9233910499261 2839.233910499261 0.08282109152677723
49 48 50 51 21.7887 505.4759574135751 23.198995691049724 0.022414759485421345
49 48 51 52 5.14912 428.4972136461252 83.21756215549942 0.022423470418246227
49 48 52 53 2.68191 526.0274489827083 196.1391131628982 0.022672207493912924
49 48 53 54 0.883609 329.15993816975157 372.51763864984576 0.02409956213664641
49 48 54 55 0.561329 334.64383116758495 596.1634463346539 0.02509959399924109
49 48 55 56 0.315545 292.59254654177016 927.2609185433778 0.02784664627866073
49 48 56 57 0.221606 314.3856342437287 1418.6693241325988 0.030304730016335296
49 47 51 53 9.08933 422.860991593015 46.52279008386922 0.0224193609429958
49 47 53 55 1.8722 303.47143403992203 162.0934911013364 0.022964923619271445
49 47 55 57 0.741759 273.2045527428174 368.3198353411518 0.02444554093715075
49 47 57 59 0.337278 252.38628107402428 748.3034205433627 0.02744080550762279
49 47 59 61 0.170269 223.24666845643748 1311.1410089707315 0.03223599128437942
49 47 61 63 0.100204 208.39198904654694 2079.677348674174 0.04033022633826992
49 47 63 65 0.1 301.7035422999256 3017.0354229992554 0.04688074865293014
49 46 52 55 5.44143 375.74926108592445 69.05340344099335 0.0224181952170661
49 46 55 58 1.06036 252.6073328061751 238.22789694648526 0.023717624203100834
49 46 58 61 0.352442 211.56665739319686 600.287869757852 0.02717579062654281
49 46 61 64 0.164153 192.05060718180883 1169.9488110592486 0.03321815623229549
49 46 64 67 0.1 194.6853419989414 1946.8534199894139 0.042385616934899235
49 46 67 70 0.1 306.73798634454215 3067.3798634454215 0.0595516927386392
49 46 70 73 0.1 433.73598158101015 4337.359815810101 0.08673752524514955
49 45 53 57 2.99395 268.2687696927862 89.60362387240474 0.022589275037993285
49 45 57 61 0.627246 211.2587159179422 336.80360802291636 0.024860086792103896
49 45 61 65 0.227003 184.20621628593784 811.4704047344653 0.03007528534865178
49 45 65 69 0.1 153.1039623585096 1531.0396235850958 0.04146473547810157
49 45 69 73 0.1 253.9871857497322 2539.871857497322 0.0608938785328233
49 45 73 77 0.1 394.29224609089164 3942.922460908916 0.09336979743321845
49 45 77 81 0.1 576.0878711148292 5760.8787111482925 0.1427447451308093
49 44 54 59 2.2136 245.46255830328394 110.88839822157749 0.022795825804119985
49 44 59 64 0.419491 181.31901243202196 432.2357629413312 0.026355821698200915
49 44 64 69 0.14806 148.28690350544767 1001.5325105055226 0.03448838308793732
49 44 69 74 0.1 186.8099800338298 1868.0998003382979 0.05223119596707629
49 44 74 79 0.1 315.6818274922781 3156.818274922781 0.07592198671627953
49 43 55 61 1.60399 217.99758226918777 135.90956444191534 0.023100206360388783
49 43 61 67 0.312662 161.96092065702453 518.0064115787161 0.027831076370009786
49 43 67 73 0.105075 124.8402812045588 1188.1064116541404 0.039565833928146554
49 43 73 79 0.1 222.60451209128902 2226.04512091289 0.06399256502125605
49 43 79 84 0.1 450.82845354285746 4508.284535428575 0.1099801157962454
49 43 84 90 0.1 588.6878129713933 5886.878129713933 0.21293373779000338
49 43 90 96 0.1 866.9776056871384 8669.776056871384 0.2682042367399741
49 42 56 63 1.24391 203.09243702898388 163.26939813088075 0.023429026215723
49 42 63 70 0.241921 145.39344892179216 600.9955684781071 0.029583459063082577
49 42 70 77 0.1 135.89424839567377 1358.9424839567378 0.0461471933863049
49 42 90 97 0.1 688.3119217297444 6883.119217297444 0.20913575727696204
50 49 51 52 15.2682 455.0493107354296 29.8037300228861 0.022434132379717323
50 49 52 53 5.03862 601.7396734111453 119.42549218062591 0.022425090600204027
50 49 53 54 1.14657 340.44932305056807 296.9285111685881 0.023563908003872418
50 49 54 55 0.583177 330.1344984878022 566.0965684308576 0.025111895702333943
50 49 55 56 0.29738 295.7085730785933 994.3794911513663 0.028400665814782435
50 49 56 57 0.184398 306.04389654658536 1659.6920603617466 0.032033048080781786
50 49 57 58 0.113129 289.5181208950289 2559.1857162622223 0.03816669465831043
50 48 52 54 9.74967 499.3660539500952 51.218764732559684 0.022426448279787934
50 48 54 56 1.75673 317.7891908777522 180.89814079440336 0.023043882668366794
50 48 56 58 0.66014 302.01304559208097 457.49847849256366 0.024771790832247703
50 48 58 60 0.281606 263.9926841160121 937.4540461354234 0.028529967401262755
50 48 60 62 0.146648 241.78425514956973 1648.7388518736684 0.0335364955539796
50 48 62 64 0.1 259.7757545476571 2597.7575454765706 0.04333166790138345
50 48 64 66 0.1 381.4756652213682 3814.7566522136817 0.0508950755874869
50 47 53 56 4.33595 311.213576190682 71.77517641824328 0.02242174148687139
50 47 56 59 1.01445 275.1441830425691 271.22498205191886 0.02373756222583666
50 47 59 62 0.336085 228.7801852898129 680.7212023440882 0.027500394245503365
50 47 62 65 0.16452 217.21105622972775 1320.2714334410878 0.03292809384877218
50 47 65 68 0.1 221.34040267057964 2213.4040267057962 0.04569812563235414
50 47 68 71 0.1 353.4996992813865 3534.9969928138644 0.06291314790774255
50 47 71 74 0.1 501.377919944258 5013.77919944258 0.09102235773884178
50 46 54 58 3.0536 282.8627381111722 92.6325445740019 0.02256518208016767
50 46 58 62 0.602213 221.97034318303594 368.591085185866 0.025031442363416267
50 46 62 66 0.219158 192.7012444030075 879.2799916179538 0.03018032652241762
50 46 66 70 0.1 167.78620731862057 1677.8620731862056 0.04232818833991897
50 46 70 74 0.1 276.4965896061077 2764.965896061077 0.06052505102447667
50 45 55 60 2.1347 250.59430865967823 117.39087865258736 0.0228456879186771
50 45 60 65 0.420784 192.96840177109618 458.5925362444774 0.026271626297577858
50 45 65 70 0.135681 144.98547431615052 1068.5761036265249 0.03530221622776955
50 45 70 75 0.1 198.14876028581514 1981.4876028581514 0.05412150813993036
50 45 75 80 0.1 341.58318295886056 3415.831829588605 0.07489050074059005
50 45 80 84 0.1 669.1076853950271 6691.076853950271 0.15902782205785457
50 45 84 89 0.1 787.0077104969271 7870.07710496927 0.24109884335981574
50 44 56 62 1.59658 230.8277096742628 144.57635049559858 0.023039860201180023
50 44 62 68 0.311869 168.2827972907844 539.5945005460126 0.027853233248575523
50 44 68 74 0.1 125.2526365635527 1252.5263656355269 0.041455687233534294
50 44 74 80 0.1 236.84475798686964 2368.4475798686963 0.06736422350523534
50 44 80 85 0.1 487.8467290437952 4878.467290437952 0.10276580730146782
50 44 85 91 0.1 628.6408460973526 6286.408460973525 0.26179119738783224
50 43 57 64 1.21423 207.891325100203 171.21247630202106 0.023463165957026265
50 43 64 71 0.234791 145.9502220777 621.6176177012748 0.029717280474975617
50 43 71 78 0.1 142.02972289606828 1420.2972289606828 0.04670503503903424
50 43 78 84 0.1 314.40247156721716 3144.024715672171 0.08324369872027286
50 43 84 91 0.1 463.08141193264805 4630.81411932648 0.1599193114973754
50 43 91 98 0.1 727.447250803734 7274.47250803734 0.2576542216080662
50 43 98 105 0.1 1029.7965546309217 10297.965546309217 0.27908721170220163
51 50 52 53 23.3863 690.5977520081633 29.530013384253316 0.022420170356148687
51 50 53 54 3.06996 358.74421674076774 116.85631628450133 0.022569580711149333
51 50 54 55 1.15757 323.9003273024374 279.81057499972997 0.023580949748179376
51 50 55 56 0.512362 289.74644500390207 565.5111913137627 0.02544267529598214
51 50 56 57 0.277668 287.41187677642336 1035.091824684239 0.02823966031375599
51 50 57 58 0.159592 271.5105974135822 1701.279496551094 0.03360675973733019
51 50 58 59 0.101759 267.01255176728495 2623.9698873542875 0.03973063807623896
51 49 53 55 5.95803 345.07974790484366 57.918430740503766 0.022416735061756992
51 49 55 57 1.27184 292.8763723551912 230.2776861517103 0.02341568121776324
51 49 57 59 0.447197 275.1767432916717 615.3367381526971 0.026072267926663194
51 49 59 61 0.185132 234.86793086707837 1268.6511833020677 0.03191150098308234
51 49 61 63 0.109427 245.92823097088893 2247.4181963399246 0.03849890794776426
51 49 63 65 0.1 353.6958627364422 3536.958627364422 0.055938573234748976
51 49 65 67 0.1 525.3283031541188 5253.2830315411875 0.08080475392736353
51 48 54 57 4.11134 312.80081327925967 76.08244836945124 0.022414954734952593
51 48 57 60 0.866828 272.66829037451015 314.5587018122513 0.024098183261269824
51 48 60 63 0.287845 228.46281278514454 793.7008208763207 0.028407406764057046
51 48 63 66 0.137925 212.20196010616 1538.5315215237267 0.03520674279499728
51 48 66 69 0.1 263.6114071124373 2636.114071124373 0.046610940293171255
51 48 69 72 0.1 413.3588955913183 4133.588955913183 0.07575353328314072
51 48 72 75 0.1 598.4921785808314 5984.921785808313 0.12228604586784779
51 47 55 59 2.79938 279.40440682118304 99.80938880079984 0.022633279511891917
51 47 59 63 0.563991 227.71579276855016 403.7578485623887 0.025262424400389366
51 47 63 67 0.195836 187.9000377977811 959.4764895003017 0.03146357155987663
51 47 67 71 0.1 186.47716848610125 1864.7716848610123 0.04202573140680879
51 47 71 75 0.1 309.32385928381615 3093.2385928381614 0.06717150004399693
51 47 75 79 0.1 496.07779514012066 4960.777951401206 0.0954235467900081
51 47 79 83 0.1 747.563652558114 7475.63652558114 0.17555911620846687
51 46 56 61 2.02332 255.53144486695302 126.2931443701209 0.022830239408496926
51 46 61 66 0.413451 201.48001019960765 487.3129105978886 0.026365494339111527
51 46 66 71 0.132063 150.72485578381668 1141.3102518026749 0.03590331887053906
51 46 71 76 0.1 215.28866744106142 2152.886674410614 0.05749371192008619
51 45 57 63 1.5017 229.30691719878217 152.69822014968514 0.023173889591795966
51 45 63 69 0.299259 169.15697930187844 565.252772019817 0.02806558867068325
51 45 69 75 0.1 130.55831807814636 1305.5831807814636 0.042705944040340935
51 45 75 81 0.1 253.11277795696142 2531.127779569614 0.0645059006735586
51 45 81 86 0.1 532.4052914791331 5324.052914791331 0.11559460998699778
51 45 86 92 0.1 667.4678211338385 6674.678211338384 0.22769190585122745
51 45 92 98 0.1 1004.6174051976532 10046.174051976532 0.5
51 44 58 65 1.17006 208.98344262916203 178.60916758898006 0.023534511050715346
51 44 65 72 0.218352 140.96322474851183 645.5778960051287 0.030324934051439878
51 44 72 79 0.1 148.70911405911016 1487.0911405911015 0.048202231052807964
51 44 79 85 0.1 336.07817431011335 3360.781743101133 0.08817325061150909
52 51 53 54 11.6848 340.84892877659837 29.170283511621797 0.02240395813364371
52 51 54 55 2.56605 289.12953653264736 112.6749426288059 0.022680232263595796
52 51 55 56 0.879495 251.95492636204386 286.4768149472639 0.023998737912097282
52 51 56 57 0.417295 250.92490261145645 601.3129862841789 0.026336260918534846
52 51 57 58 0.218285 235.81912359514655 1080.326745287796 0.030239411778179903
52 51 58 59 0.127765 226.49844294510666 1772.773787383921 0.03623629319453685
52 51 59 60 0.1 266.93375431007183 2669.337543100718 0.04420242965302683
52 50 54 56 5.11293 288.7367485084574 56.47187591233547 0.02240429264629087
52 50 56 58 1.07418 259.303170301137 241.39638636088645 0.023681989983056848
52 50 58 60 0.379151 239.23232597307245 630.9684689558314 0.026736339875142092
52 50 60 62 0.160343 205.48363513313578 1281.5254493999473 0.03349687856657291
52 50 62 64 0.1 222.69435564535502 2226.94355645355 0.04037578203425234
52 50 64 66 0.1 351.3570268512631 3513.5702685126307 0.06546525053034712
52 50 66 68 0.1 515.0717950114114 5150.717950114114 0.07913616602691607
52 49 55 58 3.0607 268.47109225025713 87.71558540538345 0.022573251217041852
52 49 58 61 0.616783 234.24769928698475 379.789487205362 0.024956346073092158
52 49 61 64 0.239414 229.8090428293886 959.881388846887 0.029554746171903064
52 49 64 67 0.1 187.77326579965847 1877.7326579965847 0.04371249951498491
52 49 67 70 0.1 330.8516379362236 3308.516379362236 0.056214521585283624
52 49 70 73 0.1 508.5682949276309 5085.682949276309 0.08625315769192345
52 49 73 76 0.1 763.3609267757599 7633.609267757599 0.1506637032807944
52 48 56 60 2.39836 267.079500346343 111.35922061172761 0.022693544755582985
52 48 60 64 0.491332 221.23724933451635 450.2805625005421 0.025739459265832473
52 48 64 68 0.167563 180.19194242019537 1075.3683236764405 0.03306732393189427
52 48 68 72 0.1 213.3193410857791 2133.1934108577907 0.046051550007397954
52 48 72 76 0.1 355.9977527716312 3559.9775277163117 0.07176831727028515
52 48 76 80 0.1 572.4023058246822 5724.023058246822 0.1038999468087484
52 47 57 62 1.77834 242.27266011490764 136.23528690515178 0.022992791029836816
52 47 62 67 0.372343 193.89029885196285 520.7303450097434 0.02689974029322426
52 47 67 72 0.127772 158.93134860383853 1243.8667987026777 0.03620214131421595
52 47 72 77 0.1 237.01974876513714 2370.1974876513714 0.057035646920270765
52 47 77 82 0.1 410.00407188334543 4100.040718833454 0.08983933496634329
52 47 82 86 0.1 844.2670035665092 8442.67003566509 0.17461547281691756
52 47 86 91 0.1 949.825178582564 9498.25178582564 0.38117354965058914
52 46 58 64 1.37355 221.7034302716074 161.40907158211016 0.02331521968621455
52 46 64 70 0.271994 162.4360745094514 597.2046240338074 0.028664161709449472
52 46 70 76 0.1 138.50109607285566 1385.0109607285565 0.04380098078283711
52 46 76 82 0.1 272.713259943852 2727.1325994385197 0.06860136247864734
52 45 59 66 1.08749 201.7454278450807 185.51474298161887 0.023636401254264406
52 45 66 73 0.21179 141.96684217752934 670.3189110795096 0.03055012040228528
52 45 73 80 0.1 157.2361730614481 1572.361730614481 0.04995082407387854
52 45 80 86 0.1 362.2401791820439 3622.401791820439 0.09417745170774598
52 45 86 93 0.1 515.7930946190651 5157.9309461906505 0.19060470110050232
52 45 93 100 0.1 818.0532260160312 8180.532260160312 0.2858065764797747
53 52 54 55 17.3705 506.32855256107257 29.148760977581105 0.0224195952908667
53 52 55 56 3.20107 379.55172899591696 118.57026837773525 0.022560743751308156
53 52 56 57 1.12877 350.3803159174907 310.4089548069941 0.02354833136954384
53 52 57 58 0.482896 306.9507513217809 635.6456697131078 0.02577176037904642
53 52 58 59 0.250883 285.1548171737969 1136.6047806100728 0.029335108397141294
53 52 59 60 0.15119 274.97391771620613 1818.7308533382243 0.03406104901117799
53 52 60 61 0.1 274.7033821173508 2747.033821173508 0.043124226314064665
53 51 55 57 5.62634 334.72017591160255 59.49163682102443 0.022419596042898227
53 51 57 59 1.0819 274.4023526816699 253.63005146655874 0.023664035493113963
53 51 59 61 0.367629 237.48799436018163 645.9990761343138 0.026925541782612365
53 51 61 63 0.193366 250.60074608086714 1295.9917776696375 0.031368803202217556
53 51 63 65 0.1 221.8789716490444 2218.789716490444 0.040703402615416516
53 51 65 67 0.1 350.4511353136524 3504.5113531365237 0.05675730245049953
53 51 67 69 0.1 529.3056823988808 5293.056823988807 0.07257195519637033
53 50 56 59 3.16807 294.36663280508367 92.91670727133038 0.022503846190267258
53 50 59 62 0.617077 238.35371194754796 386.26251172470853 0.024946465351973902
53 50 62 65 0.234383 224.10879194452417 956.1648752022295 0.029842394712927132
53 50 65 68 0.1 186.5396688177732 1865.396688177732 0.040538260296213324
53 50 68 71 0.1 330.6770046612355 3306.7700466123547 0.058157398491413895
53 50 71 74 0.1 506.40313233641723 5064.031323364172 0.08532420829616413
53 50 74 77 0.1 770.8665310935744 7708.665310935743 0.13923510773130546
53 49 57 61 2.08135 263.32518124346956 126.51653073412426 0.02284749321353929
53 49 61 65 0.456273 233.98737918767267 512.8231983651732 0.025979884849640457
53 49 65 69 0.146105 183.40200249473344 1255.27533277255 0.03460607097635262
53 49 69 73 0.1 245.51984109756373 2455.198410975637 0.05157534080139966
53 49 73 77 0.1 427.00641824604827 4270.064182460483 0.0822764924785712
53 49 77 81 0.1 678.4342471801555 6784.342471801554 0.13261138503974762
53 49 81 84 0.1 1384.7523373787378 13847.523373787377 0.23352313686103304
53 48 58 63 1.68287 249.82137938625945 148.4496006145807 0.023054187192118224
53 48 63 68 0.358917 202.90490430966435 565.3254215032009 0.027080801410911157
53 48 68 73 0.115757 159.6293720434498 1379.004051966186 0.03797696899539553
53 48 73 78 0.1 266.80006601891574 2668.0006601891573 0.06052543077427616
53 48 78 83 0.1 469.71766045609667 4697.176604560967 0.09681955816668031
53 48 83 87 0.1 961.601687363113 9616.01687363113 0.1737420547494239
53 48 87 92 0.1 1065.2632573116884 10652.632573116884 0.31687312917338245
53 47 59 65 1.35329 230.88927015046409 170.61329807392656 0.02330689652624345
53 47 65 71 0.267959 170.33089048530638 635.6602707328598 0.02884773416828694
53 47 71 77 0.1 150.23430566637603 1502.3430566637603 0.0431401483943075
53 47 77 83 0.1 298.3489247874071 2983.4892478740708 0.07562600827663604
53 47 83 88 0.1 640.808119469701 6408.081194697009 0.12372421035989747
53 47 88 94 0.1 784.0034636729212 7840.034636729211 0.2303474301404475
53 47 94 100 0.1 1184.5834817225616 11845.834817225616 0.3759691857637637
53 46 60 67 1.07301 207.42810377747762 193.3142317196276 0.023628381841734932
53 46 67 74 0.218631 154.28593232335413 705.6910151046931 0.030347251762101443
53 46 74 81 0.1 167.75807792411504 1677.5807792411504 0.050916768358834595
53 46 81 87 0.1 394.7632930195497 3947.6329301954966 0.09648424435725299
54 53 55 56 14.4709 447.83779417640943 30.94747349345303 0.02241750409442398
54 53 56 57 2.78935 355.6547829970548 127.50453797374111 0.022605807804685674
54 53 57 58 0.868397 280.3187614664106 322.80024167104517 0.02406691870193011
54 53 58 59 0.371499 243.53811401900543 655.5552343855715 0.026891539411949963
54 53 59 60 0.191726 218.96468381708283 1142.0708918825972 0.03180617130696932
54 53 60 61 0.103982 190.49097621860875 1831.9610722875955 0.03938566290319478
54 53 61 62 0.1 273.60574892839503 2736.05748928395 0.04433196076296436
54 52 56 58 5.26423 334.5446216886268 63.550532877291985 0.022389314296677763
54 52 58 60 0.968497 252.8267786591224 261.0506575230717 0.02387055406470025
54 52 60 62 0.340004 222.1615484082897 653.4086316875381 0.02731911977506147
54 52 62 64 0.18865 242.65585103896916 1286.275383190931 0.0316188179167771
54 52 64 66 0.1 220.88669320474708 2208.8669320474705 0.04488176156454873
54 52 66 68 0.1 344.5528926913312 3445.528926913312 0.054473711493155726
54 52 68 70 0.1 536.7910191812598 5367.910191812598 0.07713372999651785
54 51 57 60 2.74592 264.8935279680454 96.46804275727095 0.02264883172124461
54 51 60 63 0.565888 220.67225530444037 389.9574744550872 0.025172224892558246
54 51 63 66 0.216894 205.79930760759842 948.8473983033114 0.03032259997971359
54 51 66 69 0.1 186.94911077780418 1869.4911077780416 0.04091221897394769
54 51 69 72 0.1 322.7846972970467 3227.846972970467 0.06631955972983422
54 51 72 75 0.1 501.41463936795003 5014.1463936795 0.0847849634776412
54 51 75 78 0.1 771.6436351700736 7716.436351700735 0.12219189621767332
54 50 58 62 1.84586 238.90621988008027 129.4281364134226 0.022977912734443565
54 50 62 66 0.416068 211.86709542100462 509.2126657685874 0.0263949162156186
54 50 66 70 0.140137 174.8949858512476 1248.0286137939845 0.03508994769404225
54 50 70 74 0.1 240.76361376509672 2407.636137650967 0.05214060856970907
54 50 74 78 0.1 425.7616583100946 4257.616583100946 0.0941475217128314
54 50 78 82 0.1 678.9447991154757 6789.447991154757 0.12725443765912367
54 50 82 85 0.1 1396.106545582888 13961.065455828879 0.21753836440796656
54 49 59 64 1.42665 230.19871228980665 161.35612258774518 0.023259832474678444
54 49 64 69 0.283819 178.04630374345328 627.3234129619698 0.02849890246953164
54 49 69 74 0.1 152.57819159322474 1525.7819159322473 0.040610813890585816
54 49 74 79 0.1 304.24922254710077 3042.4922254710077 0.06752960478306601
54 49 88 93 0.1 1220.0564421894312 12200.56442189431 0.5
54 48 60 66 1.20903 218.7029447939182 180.89124735855867 0.023459541946849953
54 48 66 72 0.247035 168.51233936519057 682.1395323140064 0.02946384115611148
54 48 72 78 0.1 163.75629194749126 1637.5629194749126 0.044695007028752405
54 48 89 95 0.1 879.4724645746327 8794.724645746326 0.2552569791961728
54 48 95 101 0.1 1299.2258031088156 12992.258031088155 0.36102478217946055
54 47 61 68 1.05394 211.55309462175092 200.72593755028834 0.02371591361937112
54 47 68 75 0.193427 144.48824832174367 746.991104249891 0.031607686620792344
54 47 75 82 0.1 180.5883038425353 1805.8830384253529 0.04937687161035807
54 47 82 88 0.1 430.170869019576 4301.70869019576 0.10082739274776746
54 47 88 95 0.1 593.9480216828355 5939.480216828355 0.2034743522433152
54 47 102 109 0.1 1390.3432013721801 13903.4320137218 0.4365678788232061
55 54 56 57 14.2238 428.41430775106716 30.1195396273195 0.022383185224764127
55 54 57 58 2.67407 322.3377552835397 120.54200349412682 0.022652769000063574
55 54 58 59 0.860296 261.25127414847736 303.6760302831553 0.0240870932795224
55 54 59 60 0.370009 223.19624118663666 603.2184114079297 0.02692318294960393
55 54 60 61 0.174723 184.53191106719305 1056.139781638325 0.032136524670478415
55 54 61 62 0.129092 216.80054390125218 1679.42664070006 0.03616126483438168
55 54 62 63 0.1 249.47836492899643 2494.783649289964 0.04365005487701094
55 53 57 59 4.77178 294.33335269425373 61.682087752212745 0.02241177296522472
55 53 59 61 0.842061 209.15136283123084 248.380298851545 0.024130401479227754
55 53 61 63 0.351682 217.1337864427695 617.4151262867292 0.027145830608333664
55 53 63 65 0.16996 204.30484814515572 1202.0760658105185 0.03266309719934102
55 53 65 67 0.1 207.26916896168757 2072.6916896168755 0.04466925614544585
55 53 67 69 0.1 333.4243188564237 3334.243188564237 0.055251459114975185
55 53 69 71 0.1 491.38938644201266 4913.893864420126 0.08178667819615859
55 52 58 61 2.56286 240.91178228567608 94.00114804775761 0.022684567241285127
55 52 61 64 0.617641 230.4459589070127 373.1066410860236 0.024926000702673562
55 52 64 67 0.200395 181.3272859576102 904.8493523172245 0.031148980762993092
55 52 67 70 0.100831 183.0646260415443 1815.558965412862 0.04014648272852595
55 52 70 73 0.1 304.9931358586005 3049.931358586005 0.05992432918848167
55 52 73 76 0.1 488.27434249632074 4882.743424963207 0.08943442607914
55 52 76 79 0.1 739.4466703241785 7394.466703241785 0.1352842279671548
55 51 59 63 1.75322 220.10611822570857 125.54392388046485 0.023014430590570494
55 51 63 67 0.40168 195.90312587638257 487.709435063689 0.0265338826926907
55 51 67 71 0.144208 174.38963079820186 1209.2923471527367 0.03473850271829579
55 51 71 75 0.1 233.31045744665326 2333.1045744665325 0.05284266735509818
55 51 75 79 0.1 414.8650607137483 4148.650607137482 0.08509639193806402
55 51 79 83 0.1 672.9557165711309 6729.557165711309 0.13657149038798067
55 51 83 86 0.1 1361.4539283432175 13614.539283432174 0.21351175500997657
55 50 60 65 1.34751 210.89425349464244 156.5066333419733 0.023338691364071507
55 50 65 70 0.2878 175.26361968921418 608.9771358207581 0.028314697706740794
55 50 70 75 0.1 146.58086076777155 1465.8086076777154 0.04083710560731959
55 50 75 80 0.1 297.1422227304857 2971.4222273048567 0.06691062434456377
55 50 80 84 0.1 643.7279310860235 6437.279310860235 0.12324429101309381
55 50 84 89 0.1 813.3452366891155 8133.452366891154 0.20328091346890703
55 49 61 67 1.14192 213.0563918041513 186.57733624435275 0.023576397646069776
55 49 67 73 0.229954 166.9295128549797 725.9256758089865 0.029920853735964585
55 49 73 79 0.1 177.9801855506348 1779.8018555063477 0.04849001478810674
55 49 79 84 0.1 421.5186290529566 4215.186290529566 0.09034241741994019
55 49 84 90 0.1 610.9319135156992 6109.319135156992 0.18647512622702925
55 49 90 96 0.1 979.3395282770704 9793.395282770703 0.24210560879382897
55 49 96 102 0.1 1431.5184063497345 14315.184063497343 0.47967010060726006
55 48 62 69 0.997432 204.54178204213153 205.06839768739275 0.023801983493611595
55 48 69 76 0.181293 140.53603379525424 775.187314431634 0.03213582432857308
55 48 76 83 0.1 193.40428090375644 1934.0428090375644 0.05380434404623634
55 48 83 89 0.1 458.1080608779371 4581.080608779371 0.10403535553587402
55 48 89 96 0.1 644.7226401275706 6447.226401275705 0.17196361520125641
56 55 57 58 15.0082 437.3992707350835 29.14401931844482 0.022427811463066855
56 55 58 59 2.62709 306.5457891084578 116.68644359670124 0.02269469260664842
56 55 59 60 0.74198 214.4118691030989 288.9725721759332 0.02442490363621661
56 55 60 61 0.284679 164.6829045649501 578.4863111256892 0.028438311220708237
56 55 61 62 0.175886 177.07904109259496 1006.7830361290551 0.033013997703057664
56 55 62 63 0.118771 189.43423341745932 1594.9535948797209 0.037007350279108536
56 55 63 64 0.1 234.79645288947188 2347.9645288947186 0.043171607944237564
56 54 58 60 4.58984 270.2883955967461 58.888413451611854 0.022449366426716404
56 54 60 62 0.769089 180.3596014484394 234.51070220538767 0.024393808778957964
56 54 62 64 0.347661 199.84495210321356 574.8270645922711 0.02721214056221434
56 54 64 66 0.14767 166.28256374101784 1126.0416045304926 0.03427791697704341
56 54 66 68 0.1 192.17064129052324 1921.7064129052324 0.04536945036077817
56 54 68 70 0.1 319.37173738095544 3193.7173738095544 0.05750774698792846
56 54 70 72 0.1 454.4627978637239 4544.627978637239 0.07456586289633109
56 53 59 62 2.25234 201.65159245521406 89.52981896836805 0.022829190974719627
56 53 62 65 0.556297 195.54264913972847 351.5076463466969 0.025284892782093015
56 53 65 68 0.194153 166.01736942458794 855.0852648405534 0.0311418314422131
56 53 68 71 0.1 173.20420869342837 1732.0420869342836 0.04259868384473905
56 53 71 74 0.1 290.2872733138168 2902.872733138168 0.07366891403078654
56 53 74 77 0.1 471.75513050778613 4717.551305077861 0.08335127923459824
56 53 77 80 0.1 697.7126958590092 6977.126958590091 0.11497950035532718
56 52 60 64 1.6384 197.1191129272155 120.31195857373993 0.023136370849609372
56 52 64 68 0.372727 173.24942758004272 464.8158775190494 0.026871705028076853
56 52 68 72 0.13713 160.0200145304204 1166.9220048889406 0.0350252315321228
56 52 72 76 0.1 224.7055842383316 2247.055842383316 0.05456766903901915
56 52 76 80 0.1 398.4442486199853 3984.4424861998523 0.0980057023035496
56 51 61 66 1.34425 201.67816320421178 150.0302497334661 0.02340000743909243
56 51 66 71 0.283607 165.68287300100303 584.1988138550989 0.028409277627138962
56 51 71 76 0.1 142.26526841980078 1422.6526841980078 0.04107800450626007
56 51 76 81 0.1 287.317860279676 2873.1786027967596 0.06201978360269817
56 50 62 68 1.07636 192.33469909706758 178.68993561361216 0.023731465309004423
56 50 68 74 0.214505 150.87704848859966 703.3731077998166 0.030656581431668262
56 50 74 80 0.1 173.25534672089952 1732.5534672089952 0.047570116525286116
56 50 80 85 0.1 415.6134657722459 4156.1346577224585 0.0860742976278995
56 50 91 97 0.1 950.4200460301898 9504.200460301898 0.149672894920537
56 49 63 70 0.8709 181.5404354468434 208.45152766889814 0.0241572051900333
56 49 70 77 0.16806 135.88888069096518 808.5736087764202 0.03273896227537784
57 56 58 59 16.549 481.5804888088965 29.100277286174183 0.022432803794791227
57 56 59 60 2.67936 308.45473805616695 115.12254346417313 0.022677419234444045
57 56 60 61 0.701287 202.01826585363563 288.0678892573734 0.024625538474262323
57 56 61 62 0.361446 207.7141326762263 574.6754222656394 0.027110993066737494
57 56 62 63 0.209302 208.85217375859702 997.8508268368054 0.030322118278850656
57 56 63 64 0.13151 206.412531179713 1569.55768519286 0.03625549387879249
57 56 64 65 0.1 233.1450954389567 2331.450954389567 0.048310748953381596
57 55 59 61 4.41142 254.30470584542297 57.64690413640574 0.022417511821590328
57 55 61 63 0.86657 198.64038472669642 229.2260114320787 0.024110423854968442
57 55 63 65 0.339949 189.56286064759263 557.6214686543941 0.02734389570200236
57 55 65 67 0.143566 157.851091847935 1099.501914436113 0.03465730047504284
57 55 67 69 0.1 193.50128843281666 1935.0128843281666 0.042414468571861784
57 55 69 71 0.1 304.59103632120554 3045.9103632120555 0.05923529460266157
57 55 71 73 0.1 446.68778128021813 4466.877812802181 0.0787268334551928
57 54 60 63 2.2453 195.14705891480287 86.91357899381057 0.022790259653498422
57 54 63 66 0.552145 186.19175146490755 337.2153174707868 0.025291816461255646
57 54 66 69 0.202854 168.40045557630867 830.1559524402213 0.03109684797933489
57 54 69 72 0.1 164.13290699773927 1641.3290699773925 0.04260504840618755
57 54 72 75 0.1 279.422403159702 2794.2240315970203 0.05956709356168328
57 54 75 78 0.1 459.36787421290865 4593.6787421290865 0.09736430989182664
57 54 78 81 0.1 677.9510952644819 6779.510952644818 0.14475666790599376
57 53 61 65 1.72667 200.60325339697096 116.17926610004862 0.02304424701882815
57 53 65 69 0.369544 167.31458680202834 452.75958154381715 0.026973702725521184
57 53 69 73 0.13019 144.4022019708169 1109.16508157936 0.03590137491358784
57 53 73 77 0.1 220.8235500127977 2208.235500127977 0.05466283971913449
57 53 77 81 0.1 384.299136021879 3842.99136021879 0.08763432629077175
57 53 81 84 0.1 831.3722411505917 8313.722411505916 0.14281138275227842
57 53 84 88 0.1 912.2534473906649 9122.534473906648 0.21531231655831057
57 52 62 67 1.34155 194.38991324631812 144.8994918164199 0.023343505646453728
57 52 67 72 0.292037 166.6741936070897 570.7297144097827 0.028251214743337315
57 52 72 77 0.1 139.17121471963716 1391.7121471963717 0.04134538933906247
57 52 77 82 0.1 279.88759491551644 2798.8759491551646 0.06904947244294754
57 52 82 86 0.1 632.2645267582792 6322.645267582791 0.14263644698354092
57 52 91 96 0.1 1148.7400367309892 11487.400367309892 0.2530189715874689
57 51 63 69 1.06606 185.1160982309553 173.64510274370608 0.023693272423690976
57 51 69 75 0.20921 141.70440039726213 677.3309134231735 0.030638736198078487
57 51 75 81 0.1 170.3438072581335 1703.4380725813348 0.04872776719361266
57 51 81 86 0.1 415.192033297309 4151.92033297309 0.0938641069819642
57 51 86 92 0.1 574.1456732105539 5741.456732105539 0.20188005798909955
57 50 64 71 0.830689 168.41160235551138 202.73724866407449 0.024181480674476247
57 50 71 78 0.164387 130.23330013297422 792.2360048724913 0.0330690991380097
57 50 78 84 0.1 226.5033523122264 2265.033523122264 0.06112503684686963
57 50 84 91 0.1 388.50397870400116 3885.0397870400116 0.11602647478392213
57 50 91 98 0.1 684.0088376423264 6840.088376423264 0.21971550755702812
58 57 59 60 12.6741 361.56955150653675 28.528223030158887 0.022413669609676425
58 57 60 61 2.14348 245.0184447631999 114.30871515628787 0.022845438259279302
58 57 61 62 0.797135 227.44477669120295 285.32780105151943 0.024278146110759152
58 57 62 63 0.378214 214.8453614071951 568.0523761870135 0.026816114686394478
58 57 63 64 0.226703 222.30529577160573 980.6014731680028 0.029905956251130336
58 57 64 65 0.115648 180.04515460949537 1556.837598657092 0.03795093732706143
58 57 65 66 0.1 234.4052343747556 2344.052343747556 0.04670329298940279
58 56 60 62 4.00842 229.51820722452067 57.259021565734294 0.022434505366204137
58 56 62 64 0.941888 213.12290407707502 226.2720239317998 0.02394336693959367
58 56 64 66 0.313691 174.52728613589127 556.3668901431386 0.027959616310318115
58 56 66 68 0.165621 180.34672698698543 1088.9121970461804 0.033192771448065164
58 56 68 70 0.1 198.33910702198503 1983.3910702198502 0.041168344687699296
58 56 70 72 0.1 301.60112690631314 3016.0112690631313 0.061204276130422806
58 56 72 74 0.1 446.8714097777595 4468.714097777594 0.08451696504242487
58 55 61 64 2.4854 212.2377185393627 85.39378713259947 0.022715377806389315
58 55 64 67 0.510525 169.38607655490736 331.7880153859407 0.025543019440771753
58 55 67 70 0.209145 174.17388801616903 832.7901122004782 0.030820531210404265
58 55 70 73 0.1 160.29799843775425 1602.9799843775425 0.04187982378624506
58 55 73 76 0.1 281.39257959595653 2813.925795959565 0.05906600217668093
58 55 76 79 0.1 455.30179925089215 4553.017992508921 0.09892748949477183
58 55 79 82 0.1 684.0458426221813 6840.458426221813 0.149971068163407
58 54 62 66 1.7565 198.59677029812127 113.06391704988401 0.023011289496157133
58 54 66 70 0.383231 169.87036957545845 443.2584252721164 0.026749584454284752
58 54 70 74 0.135023 144.91836938252706 1073.2865466070748 0.03567273723735956
58 54 74 78 0.1 217.59543935290228 2175.9543935290226 0.055078373168989565
58 54 78 82 0.1 379.9754313478602 3799.754313478602 0.07987311436679384
58 54 82 85 0.1 828.1580288246116 8281.580288246116 0.1572128537309112
58 54 85 89 0.1 888.0786088911509 8880.786088911509 0.2799166739089786
58 53 63 68 1.33517 188.01803135297308 140.81954459205426 0.023330010410659317
58 53 68 73 0.274483 153.876435547354 560.6046113870586 0.028669352928960994
58 53 73 78 0.1 137.3492874555836 1373.4928745558361 0.04224270809283508
58 53 78 83 0.1 278.79293869964084 2787.929386996408 0.07190792933655606
58 53 83 87 0.1 622.8417850647612 6228.417850647612 0.12386867396255763
58 52 64 70 1.021 173.91433840926226 170.33725603257813 0.023758197845249757
58 52 70 76 0.216397 143.12987250064015 661.4226283203564 0.03035832289726752
58 52 76 82 0.1 167.8942558091236 1678.942558091236 0.05070518326511773
58 52 82 87 0.1 415.2903875776958 4152.903875776958 0.09230035158211954
58 52 87 93 0.1 558.8469514731603 5588.469514731602 0.1741768364579649
58 52 93 99 0.1 921.7048764153959 9217.048764153958 0.3004744052893463
58 51 65 72 0.843573 167.9622058275444 199.1080864697476 0.024127087993570207
58 51 72 79 0.165165 128.7368302220518 779.4437696972832 0.033075167256985435
58 51 79 85 0.1 226.2014862300901 2262.014862300901 0.05934938855312425
58 51 85 92 0.1 381.42351543601603 3814.23515436016 0.1151592623210149
58 51 92 99 0.1 676.1484870080185 6761.484870080185 0.20658625738081618
59 58 60 61 12.085 350.3873990022924 28.993578734157417 0.022424604054613155
59 58 61 62 2.41149 278.0325078844743 115.2949039326202 0.02274397571625841
59 58 62 63 0.841027 241.15191446158468 286.7350447269644 0.024137144229614507
59 58 63 64 0.415641 235.9845073049172 567.760416573238 0.026374347092803646
59 58 64 65 0.190448 188.30434424173086 988.7441414020145 0.03162049483323532
59 58 65 66 0.113667 180.79198295861158 1590.5406402791625 0.03789622317823115
59 58 66 67 0.1 233.71129457081335 2337.1129457081333 0.04599028703895264
59 57 61 63 4.42629 254.00358898801906 57.38521176606573 0.022425977511640674
59 57 63 65 0.94945 214.09081132175749 225.48929519380428 0.023906703881194376
59 57 65 67 0.314086 175.62114774958852 559.1498753513004 0.02779569926707972
59 57 67 69 0.174571 196.77916778544468 1127.2156760598534 0.032477043724329926
59 57 69 71 0.1 194.6536778314188 1946.5367783141878 0.04311869885000192
59 57 71 73 0.1 305.3055638692614 3053.0556386926137 0.057739538047727766
59 57 73 75 0.1 456.73363259420677 4567.336325942068 0.07764242141557147
59 56 62 65 2.58408 219.9042030279184 85.09961109095632 0.022685365778149284
59 56 65 68 0.541912 180.57856638054142 333.2248896140728 0.025389712720884576
59 56 68 71 0.197053 166.71267255173305 846.0296090479874 0.031411143194977995
59 56 71 74 0.1 162.48129319841314 1624.8129319841314 0.041599771194992
59 56 74 77 0.1 289.5173827856749 2895.1738278567486 0.05549621256658649
59 56 77 80 0.1 457.47937530912577 4574.793753091258 0.10217274832881364
59 56 80 83 0.1 713.4546398982643 7134.546398982643 0.19401769854601864
59 55 63 67 1.74664 195.6786423033595 112.03146744799129 0.023017685384509688
59 55 67 71 0.399398 177.82825220130945 445.2407177835379 0.026581655391364003
59 55 71 75 0.134853 145.33728432189145 1077.7460221269935 0.035270924636455994
59 55 75 79 0.1 219.62383130606537 2196.2383130606536 0.05526238998785949
59 55 79 83 0.1 389.63050186635286 3896.3050186635282 0.0908814245367084
59 55 83 86 0.1 835.0202553467396 8350.202553467396 0.14587364942509198
59 54 64 69 1.27531 178.3556057698343 139.8527462105953 0.023395942947204994
59 54 69 74 0.279702 152.95940564734542 546.8656128570601 0.02851012863690642
59 54 74 79 0.1 136.77920421311222 1367.7920421311221 0.04266196007271666
59 54 88 93 0.1 720.5153372463119 7205.153372463118 0.19057476064067766
59 53 65 71 1.02386 172.66363503727214 168.6398873256814 0.02375675385306585
59 53 71 77 0.210304 138.60240159994206 659.0573721847519 0.030657381695069996
59 53 77 83 0.1 167.055052449179 1670.5505244917897 0.04970469447264924
59 53 83 88 0.1 411.33902212336153 4113.390221233615 0.09274369560582273
59 53 88 94 0.1 550.5184810509934 5505.184810509933 0.1872536773769414
59 53 94 100 0.1 896.405036284071 8964.05036284071 0.2750951159240517
59 52 66 73 0.867514 170.60583304580197 196.66061071729328 0.024056995045613098
59 52 73 80 0.163756 127.31510838124616 777.4683576861071 0.033312428246903926
59 52 80 86 0.1 228.240804164035 2282.40804164035 0.06049315171473379
59 52 86 93 0.1 375.1412043425886 3751.4120434258857 0.10682402024221119
59 52 93 100 0.1 663.1874518668428 6631.874518668428 0.5
60 59 61 62 13.361 380.7632635843047 28.49811118810753 0.022425468153581315
60 59 62 63 2.59958 294.95342134357475 113.46195206286198 0.022692542641503628
60 59 63 64 0.977487 275.11912596751955 281.4555344137769 0.023850721288364962
60 59 64 65 0.364936 205.2879075719384 562.5312591027972 0.026988485652278755
60 59 65 66 0.191332 189.9640884394783 992.8505866215704 0.03168957623398073
60 59 66 67 0.119404 186.18160454824414 1559.2576844012274 0.03735410874007571
60 59 67 68 0.1 233.84583003613344 2338.4583003613343 0.04074750282093032
60 58 62 64 4.83331 274.3808506740677 56.76872591951844 0.02242249514308
60 58 64 66 0.863117 195.05553041761263 225.9896751165979 0.02410026682361719
60 58 66 68 0.354504 197.3034937933654 556.5621087304104 0.027124150926364724
60 58 68 70 0.162233 188.3784665719028 1161.1599771433853 0.033244222815333506
60 58 70 72 0.1 193.49441175723155 1934.9441175723152 0.043418667669622664
60 58 72 74 0.1 306.7354462756304 3067.3544627563037 0.054671620313064224
60 58 74 76 0.1 469.01132775567925 4690.113277556792 0.07780218689106504
60 57 63 66 2.67153 225.86550839799884 84.54537601973357 0.02267273060755447
60 57 66 69 0.574995 193.41648111609723 336.3794139359424 0.025165436221184532
60 57 69 72 0.20535 171.740623635361 836.3312570506988 0.030808765522279034
60 57 72 75 0.1 163.51330909055616 1635.1330909055614 0.04058950934099775
60 57 75 78 0.1 295.0089324630846 2950.089324630846 0.06075583984014422
60 57 78 81 0.1 465.2113629361253 4652.113629361253 0.08935805833824396
60 56 64 68 1.70025 190.23886094904333 111.88875809383522 0.023063302455521247
60 56 68 72 0.384802 173.822085736592 451.71824922061734 0.0267537850634872
60 56 72 76 0.140843 153.59405571196746 1090.533826402217 0.035192803334209016
60 56 76 80 0.1 221.72517502810803 2217.25175028108 0.0574625130658481
60 56 87 91 0.1 878.11472824869 8781.1472824869 0.27119895428802354
60 55 65 70 1.30092 182.3040735584959 140.13473046651285 0.023388256003443714
60 55 70 75 0.288727 156.69349623776304 542.7046872573851 0.028267948615820482
60 55 75 80 0.1 138.1425416852105 1381.4254168521047 0.04189014723509927
60 55 80 84 0.1 338.83918677499173 3388.391867749917 0.07092048171912702
60 55 84 89 0.1 464.0030682215841 4640.030682215841 0.13374887960679324
60 55 89 94 0.1 730.2565209850849 7302.565209850848 0.18090391406437778
60 55 94 99 0.1 1125.565112036027 11255.651120360268 0.2571977990380961
60 54 66 72 1.07221 179.22778145828798 167.15734926766953 0.023669803489987967
60 54 72 78 0.216518 141.87525099706977 655.2584588674835 0.030436268578132076
60 54 89 95 0.1 551.7083962923572 5517.083962923572 0.1510679843507456
60 54 95 101 0.1 875.1905964471184 8751.905964471183 0.29195113527566197
60 53 67 74 0.903746 177.0979097915548 195.95982697744142 0.0239901476742359
60 53 74 81 0.163055 126.60852190899934 776.4773966391667 0.03311913158136825
60 53 81 87 0.1 230.9585416181747 2309.585416181747 0.062285665798560125
60 53 87 94 0.1 369.7102324888334 3697.102324888334 0.10512679475750622
60 53 94 101 0.1 650.0069455511889 6500.069455511888 0.17774706991533257
61 60 62 63 11.5295 331.10913183229826 28.71842940563756 0.02241317836853289
61 60 63 64 2.59849 295.78474139640576 113.82947072969523 0.022682781153670017
61 60 64 65 0.700737 199.32142315215117 284.4454098358602 0.024577152341035222
61 60 65 66 0.301137 173.25407466925424 575.3330698959419 0.028047433560140403
61 60 66 67 0.169108 167.53109503185706 990.6751604410025 0.032558601603708874
61 60 67 68 0.126733 201.0588573602787 1586.4759562251243 0.03651582460763968
61 60 68 69 0.1 251.01539710209929 2510.1539710209927 0.04738195015673285
61 59 63 65 4.64343 263.362549877177 56.7172434767353 0.022414066756686325
61 59 65 67 0.7824 177.9772310320383 227.4760110327688 0.024313522494887524
61 59 67 69 0.353791 203.33163745304591 574.7224701958103 0.027169006560370385
61 59 69 71 0.15311 174.0327369598425 1136.6516684726178 0.03388060871269022
61 59 71 73 0.1 195.4106685239725 1954.106685239725 0.043152668452671836
61 59 73 75 0.1 312.4812926081347 3124.8129260813466 0.059142248874587626
61 59 75 77 0.1 485.2058279656336 4852.058279656336 0.08447871145806556
61 58 64 67 2.22808 189.50545950751248 85.05325639452465 0.022792633119098057
61 58 67 70 0.569183 196.01496407592848 344.379512522209 0.02517302870957144
61 58 70 73 0.203975 169.9108090352366 832.9982058352083 0.03089785512930506
61 58 73 76 0.1 167.94366044704967 1679.4366044704966 0.042310329662538726
61 58 76 79 0.1 298.1306280490185 2981.306280490185 0.062338388790879794
61 58 79 82 0.1 478.31711198542735 4783.1711198542735 0.09398699357566244
61 58 82 84 0.1 1089.8613844698416 10898.613844698415 0.14694072195229835
61 57 65 69 1.62647 184.58263140126664 113.48664986213495 0.02309212589226976
61 57 69 73 0.375237 168.05719647888063 447.86947043836466 0.02685478777412675
61 57 73 77 0.130117 145.66213470532188 1119.4704358794152 0.03617790142717708
61 57 77 81 0.1 223.33334049694668 2233.3334049694668 0.054508507803611904
61 57 81 84 0.1 524.2932921771311 5242.932921771311 0.088952264317114
61 57 84 88 0.1 608.5501892053452 6085.501892053451 0.15117970502134437
61 57 88 92 0.1 878.8740750666399 8788.740750666399 0.25365812125703624
61 56 66 71 1.30149 183.34429897428902 140.87261444520436 0.02334136259210597
61 56 71 76 0.281868 155.59441886262755 552.0116468085329 0.028481062057416944
61 56 76 81 0.1 139.89016187534142 1398.9016187534141 0.04589087945690572
61 56 81 85 0.1 350.19310397611946 3501.9310397611944 0.07443447397421035
61 56 85 90 0.1 468.1684586496756 4681.684586496755 0.08751104871834867
61 56 90 95 0.1 748.4357327671667 7484.357327671666 0.35817959546565903
61 55 67 73 1.07461 181.25018103792672 168.66601002961698 0.023669014805371247
61 55 73 79 0.20673 137.28266188064327 664.0674400456793 0.030784598268272626
61 55 79 84 0.1 194.57000683188193 1945.7000683188191 0.05132473361291709
61 55 84 90 0.1 318.720815413344 3187.2081541334396 0.09142697805178038
61 55 90 96 0.1 560.0091001060003 5600.091001060003 0.1559405262360924
61 55 96 102 0.1 875.4159668739505 8754.159668739505 0.2780209084704087
61 55 102 108 0.1 1314.1282094289074 13141.282094289074 0.5
61 54 68 75 0.837134 164.8145806721948 196.87956847075236 0.024189329306897104
61 54 75 82 0.156672 122.51144036751424 781.9612972803963 0.03378804125816993
61 54 82 88 0.1 233.42636879311618 2334.2636879311617 0.057257600445820137
61 54 88 95 0.1 367.726180631771 3677.2618063177097 0.12115086107440268
61 54 95 102 0.1 643.1539725287636 6431.5397252876355 0.24503111780955156
62 61 63 64 15.1968 434.25253117154006 28.57526131629949 0.022413030374815752
62 61 64 65 2.45072 279.47137902790513 114.03643787454509 0.022728459391525756
62 61 65 66 0.760142 219.19794329419065 288.3644678154748 0.024365842171594255
62 61 66 67 0.361392 205.74472873197257 569.3117964204315 0.02700712799397884
62 61 67 68 0.246736 246.5866687513283 999.3947731637389 0.029394372933013422
62 61 68 69 0.133052 224.33313218875907 1686.0560697228082 0.03572264979105913
62 61 69 70 0.1 246.2611194485862 2462.6111944858617 0.04417496704262487
62 60 64 66 4.2118 240.8022925181449 57.17324956506598 0.022418638111971128
62 60 66 68 0.904415 205.69599264075276 227.43540591515264 0.023999447156449197
62 60 68 70 0.332732 197.59897050111033 593.8682498260171 0.027485754300758565
62 60 70 72 0.163832 185.2768347538895 1130.895275366775 0.03310891645099858
62 60 72 74 0.1 196.52594760569602 1965.25947605696 0.04122366547368307
62 60 74 76 0.1 320.9498563026674 3209.4985630266738 0.05943053966583666
62 60 76 78 0.1 488.46994360284253 4884.699436028425 0.08357033070719128
62 59 65 68 2.37342 203.22161981363422 85.62396028247602 0.02275494012859081
62 59 68 71 0.557816 195.2763309280859 350.07301857258653 0.02526958710399128
62 59 71 74 0.211315 178.09403711336668 842.7893765864548 0.030629108203393037
62 59 74 77 0.1 172.1831180476048 1721.831180476048 0.04251583228083376
62 59 77 80 0.1 298.18814414207253 2981.881441420725 0.05930124660427347
62 59 80 83 0.1 496.1936691852993 4961.936691852993 0.0947523123372578
62 59 83 85 0.1 1092.9402957096179 10929.40295709618 0.13891456464448454
62 58 66 70 1.75271 200.5691842346713 114.43375357855624 0.023021218570100015
62 58 70 74 0.401266 179.4636102785358 447.2435000187801 0.02653915357892271
62 58 74 78 0.132123 150.70229729328557 1140.6212188134207 0.03597488703707909
62 58 78 82 0.1 228.20632002339713 2282.063200233971 0.05360640705138263
62 58 82 85 0.1 539.7235363964286 5397.235363964286 0.09271908770398612
62 58 85 89 0.1 612.3950599932308 6123.950599932307 0.13813937810735655
62 58 89 93 0.1 895.685930534847 8956.85930534847 0.19183936241104238
62 57 67 72 1.40804 201.34518820606183 142.99678148778574 0.02326895542740263
62 57 72 77 0.288181 161.46052020097704 560.2746891744322 0.028299714415592977
62 57 77 82 0.1 141.34340019333737 1413.4340019333738 0.04210160887417924
62 57 82 86 0.1 361.3014631442353 3613.0146314423528 0.07194701892688471
62 57 86 91 0.1 469.9555472452431 4699.555472452431 0.11330146317622264
62 57 91 96 0.1 759.9528416440955 7599.528416440955 0.21654846982246279
62 57 96 101 0.1 1109.354424963669 11093.54424963669 0.3444219469455161
62 56 68 74 1.06586 182.49370635165596 171.217332812617 0.02364676411536224
62 56 74 80 0.207802 140.3946844571215 675.6175804714176 0.03083435193116525
62 56 80 85 0.1 200.17670081419462 2001.767008141946 0.053356976706090485
62 56 85 91 0.1 322.4901995705173 3224.901995705173 0.08816813387150549
62 56 97 103 0.1 883.3424516714933 8833.424516714933 0.3705283158455644
62 55 69 76 0.861134 168.63004831150437 195.82323809245062 0.024100047147133898
62 55 76 83 0.159328 126.36271873914029 793.0980037353152 0.03346034595300261
62 55 83 89 0.1 233.54195376415865 2335.4195376415864 0.05950725622882098
62 55 89 96 0.1 372.94056446290733 3729.405644629073 0.11002414937082008
63 62 64 65 11.3855 329.2608757332587 28.919316299965626 0.022418512142637563
63 62 65 66 1.99209 231.60135347745498 116.26048696467278 0.02290085287311316
63 62 66 67 0.723651 207.39168909423165 286.5907586588447 0.024514773005219367
63 62 67 68 0.42432 244.4032673426676 575.9880923422596 0.026281815610859727
63 62 68 69 0.206297 219.14272797669793 1062.2681278772736 0.030783966805140162
63 62 69 70 0.119734 198.03134564119156 1653.9274194563914 0.037196201580169376
63 62 70 71 0.1 238.4790572621148 2384.790572621148 0.04329585264200985
63 61 65 67 3.83562 221.5199285015018 57.75335630263211 0.022461818428311457
63 61 67 69 1.01182 236.89169443694797 234.12434468279733 0.023785663457927302
63 61 69 71 0.348548 201.98595938749207 579.5068667371268 0.027203484168608055
63 61 71 73 0.171893 195.8385758922273 1139.305125236207 0.03259853513522948
63 61 73 75 0.1 199.51518302552867 1995.1518302552865 0.042914142757573416
63 61 75 77 0.1 330.55652417673934 3305.565241767393 0.05707856028505577
63 61 77 79 0.1 483.52280889116423 4835.228088911642 0.07767728986741274
63 60 66 69 2.46496 213.32115249952324 86.54142562131769 0.022709305627677527
63 60 69 72 0.552955 191.33707416330216 346.02648346303437 0.025288965648199224
63 60 72 75 0.211712 179.556189688725 848.1153155641862 0.030625661275695285
63 60 75 78 0.1 175.2806596019093 1752.8065960190927 0.04202933739773242
63 60 78 81 0.1 302.5301723495275 3025.301723495275 0.0585441731876829
63 59 67 71 1.86701 216.67627951470575 116.05523243834031 0.022951103636295468
63 59 71 75 0.396367 179.29439417716307 452.34440348758363 0.02659139131158749
63 59 75 79 0.134089 155.30130597408652 1158.1957205593785 0.03564893466279858
63 59 79 83 0.1 234.9682512087868 2349.682512087868 0.05462689389884457
63 59 83 86 0.1 546.0175227276969 5460.175227276969 0.08756129975175615
63 59 86 90 0.1 607.727810575135 6077.278105751349 0.14826022840289446
63 59 90 94 0.1 912.495014858402 9124.95014858402 0.20463197904149036
63 58 68 73 1.34426 195.26720603923943 145.25999883894443 0.02333868448068082
63 58 73 78 0.283557 161.78678461397746 570.5617728145575 0.028402084942357266
63 58 78 83 0.1 145.04640236236102 1450.4640236236103 0.04181246414704528
63 58 83 87 0.1 366.54957978934516 3665.4957978934513 0.06982277810866257
63 58 87 92 0.1 468.07754426217565 4680.775442621756 0.12136896190600865
63 58 92 97 0.1 772.1166446386627 7721.166446386626 0.18234953384454128
63 58 97 102 0.1 1118.0736976996902 11180.736976996901 0.2888961423431356
63 57 69 75 1.06878 181.87954905375858 170.17491818125205 0.02369912423510919
63 57 75 81 0.212031 145.72697653180649 687.2908986506995 0.030525206219845214
63 57 81 86 0.1 206.57593279658013 2065.7593279658013 0.051067665157061945
63 57 86 92 0.1 322.5500105364142 3225.500105364142 0.0897674951407519
63 57 92 98 0.1 576.6634449499378 5766.634449499378 0.1440519199848979
63 57 98 104 0.1 884.1785968701279 8841.785968701279 0.2837471078601974
63 56 70 77 0.879128 172.7583195046822 196.51099669750275 0.024125053462066958
63 56 90 97 0.1 378.7846733512541 3787.846733512541 0.14497796762038026
64 63 65 66 9.30523 267.4358828608144 28.740383941161518 0.02243482213765807
64 63 66 67 2.03916 231.23539188082984 113.39737533142561 0.022883849232036724
64 63 67 68 0.939208 267.5831591262588 284.9029811567393 0.02394178925222102
64 63 68 69 0.400851 240.6698852003341 600.3973676012636 0.02655477970617511
64 63 69 70 0.211023 215.85915023974323 1022.9176451843791 0.030654241480786455
64 63 70 71 0.142454 224.18983388530484 1573.7700161828018 0.03479242422115209
64 63 71 72 0.1 239.58475621957632 2395.847562195763 0.04269809868589835
64 62 66 68 4.12766 235.14129691113908 56.967215543707354 0.022419411967070934
64 62 68 70 0.93875 224.09012298090886 238.71118293572184 0.023931888149134488
64 62 70 72 0.370872 210.5447073440351 567.7018144913477 0.026889843396104316
64 62 72 74 0.182959 206.6436139312929 1129.4531230018358 0.03194540853415246
64 62 74 76 0.1 201.89058189035023 2018.9058189035022 0.042666840813973525
64 62 76 78 0.1 327.8286854638776 3278.286854638776 0.05732998606159083
64 62 78 80 0.1 483.8047202131256 4838.047202131256 0.07760762103109137
64 61 67 70 2.76496 241.79681999411181 87.45038626023951 0.022643065360800883
64 61 70 73 0.613646 208.51035836681353 339.7893221284153 0.024952057049178192
64 61 73 76 0.218179 187.4426073530793 859.1230473743086 0.030334816824717316
64 61 76 79 0.1 174.60264279341806 1746.0264279341804 0.04117520264380639
64 61 79 82 0.1 306.33793177767006 3063.3793177767006 0.05995430511400895
64 61 82 84 0.1 737.8222122395291 7378.222122395291 0.09314031458082515
64 61 84 87 0.1 692.7199128914671 6927.19912891467 0.12819233008901088
64 60 68 72 1.8072 212.14302270996373 117.3876841024589 0.022992850818946437
64 60 72 76 0.412465 187.38904529854207 454.3150213922201 0.02642546640320997
64 60 76 80 0.135037 156.63992875952442 1159.9778487342317 0.03553685286254878
64 60 87 91 0.1 601.3580323352762 6013.580323352762 0.14386236947475858
64 60 91 95 0.1 919.7825056944325 9197.825056944324 0.21608974634104466
64 59 69 74 1.3922 198.96921577749467 142.91712094346693 0.0232985059617871
64 59 74 79 0.28339 163.19138752964022 575.8544321593572 0.028430855005469498
64 59 88 93 0.1 465.46453476611043 4654.645347661104 0.1320026866324416
64 59 93 98 0.1 777.8472290055944 7778.472290055944 0.20285709049591322
64 59 98 103 0.1 1112.3953157514031 11123.953157514032 0.30232272858093223
64 58 70 76 1.12506 190.59451010228162 169.4083072034217 0.023613513945922884
64 58 76 82 0.213599 147.95702716000494 692.6859543350154 0.03050075140801221
64 58 82 87 0.1 211.25645545029766 2112.5645545029765 0.049739667580220845
64 58 87 93 0.1 320.94844192424557 3209.4844192424553 0.08793357560344764
64 58 93 99 0.1 581.0020748250981 5810.020748250981 0.5
64 58 99 105 0.1 884.0752607095287 8840.752607095286 0.23523573387807137
64 58 105 111 0.1 1292.6052808538914 12926.052808538912 0.4321601604556663
64 57 71 78 0.897694 177.9252876550811 198.20260317555991 0.024022127807471143
64 57 78 84 0.162366 145.35055945596798 895.203179581735 0.03324556865353584
64 57 84 91 0.1 189.00777897039197 1890.0777897039195 0.05571303865373727
64 57 91 98 0.1 381.7102346021214 3817.1023460212136 0.10874550903777062
65 64 66 67 10.0463 286.32830105242346 28.50087107217816 0.022424951474672265
65 64 67 68 2.44729 279.2623372591939 114.11084802340298 0.022733497051841012
65 64 68 69 0.794093 237.5112809941819 299.09756287258784 0.024286626377514973
65 64 69 70 0.358781 208.91609830536478 582.2942081809371 0.027104027247819698
65 64 70 71 0.226738 222.4176255629548 980.945521099043 0.029949457082624
65 64 71 72 0.127607 203.46692982832835 1594.4809440573663 0.03625741534555314
65 64 72 73 0.1 234.974528160001 2349.74528160001 0.04245298437290109
65 63 67 69 4.58283 265.17431754236935 57.86256909865068 0.022421918334304347
65 63 69 71 0.939121 215.90069553416689 229.89656874265071 0.02393188950092693
65 63 71 73 0.369014 208.75540047535958 565.7113293136834 0.02693629509991491
65 63 73 75 0.174243 197.42681414772866 1133.054493711246 0.03242465981416757
65 63 75 77 0.1 205.25999867222487 2052.5999867222486 0.042991069283656
65 63 77 79 0.1 320.2114291909984 3202.114291909984 0.05735997931648648
65 63 79 81 0.1 484.2765652947954 4842.765652947954 0.07730181016652324
65 62 68 71 2.54675 224.89717769985168 88.3075204475711 0.02269672720133504
65 62 71 74 0.601305 204.54543518360154 340.1691906496729 0.025034699528525457
65 62 74 77 0.203947 177.3853983984173 869.7622342982113 0.030963632708497797
65 62 77 80 0.1 172.25964601170497 1722.5964601170497 0.04119828193331
65 62 80 83 0.1 313.23103362415094 3132.310336241509 0.06068024198229418
65 62 83 85 0.1 729.0140530613348 7290.140530613347 0.09461955271362724
65 62 85 88 0.1 694.1827046992653 6941.827046992653 0.14206447009988327
65 61 69 73 1.82767 209.5759256124868 114.668362238526 0.02299256430318384
65 61 73 77 0.40221 185.0524256832986 460.089072084977 0.02651592451704333
65 61 77 81 0.140399 161.53048819893056 1150.510247216366 0.03500103277088868
65 61 81 84 0.1 305.0947665255465 3050.947665255465 0.05586851325309697
65 61 84 88 0.1 382.8147217489736 3828.147217489736 0.08655411906719618
65 61 88 92 0.1 591.786357297757 5917.863572977571 0.13307845643968083
65 61 92 96 0.1 927.3806923955514 9273.806923955513 0.2012685870456851
65 60 70 75 1.43037 202.11187300036636 141.30041387918257 0.023257297062997687
65 60 75 80 0.280815 163.0711627645169 580.7067384737885 0.028473835087157028
65 60 80 84 0.1 175.7614359437238 1757.614359437238 0.04276191934568579
65 60 84 89 0.1 271.6933522494368 2716.933522494368 0.06923106832356098
65 60 89 94 0.1 469.8716849117466 4698.716849117466 0.1113789432986
65 60 94 99 0.1 775.2783350616678 7752.783350616678 0.1669480625774618
65 60 99 104 0.1 1103.876239123144 11038.76239123144 0.5
65 59 71 77 1.10676 188.971175893632 170.74268666524992 0.02364251508908887
65 59 77 83 0.213308 148.4744043118483 696.0564269124848 0.030536923134622238
65 59 83 88 0.1 211.5391773446994 2115.3917734469937 0.049138685295982344
65 59 88 94 0.1 319.78614040212005 3197.8614040212 0.08630126909509982
65 59 94 100 0.1 572.4506982721975 5724.506982721975 0.15233240589313907
65 58 72 79 0.902583 179.44105382047042 198.80836867132487 0.023983888462335318
65 58 79 85 0.161309 146.96992518325428 911.1080298263226 0.03328295383394603
65 58 85 92 0.1 189.12127151036688 1891.2127151036686 0.05792582051402675
65 58 92 99 0.1 384.7732743272346 3847.732743272346 0.09656811221440437
65 58 99 106 0.1 648.0209765373608 6480.209765373607 0.21910379602321378
66 65 67 68 9.72828 282.6728388001073 29.056815675546684 0.02242384779220993
66 65 68 69 1.85352 223.34254830753824 120.49643289931494 0.022969004920367735
66 65 69 70 0.66738 194.81480092367394 291.90985783762466 0.024718496209056313
66 65 70 71 0.359452 202.3936305757451 563.0616343092961 0.027052485450074
66 65 71 72 0.190878 191.5661793853984 1003.6053363163824 0.031694328314420726
66 65 72 73 0.12826 202.61682394398025 1579.7351001401858 0.036180258849212533
66 65 73 74 0.1 239.49439705539785 2394.9439705539785 0.04461951930818769
66 64 68 70 3.67306 218.8240212878593 59.57540069801726 0.022484233854061734
66 64 70 72 0.905356 204.87802345299428 226.2955383882078 0.023994428710915925
66 64 72 74 0.356929 201.5429147420305 564.658278654944 0.02712178052217668
66 64 74 76 0.156186 180.15285677837446 1153.4507368033912 0.0335378330964363
66 64 76 78 0.1 204.74990609431177 2047.4990609431177 0.045750816877397356
66 64 78 80 0.1 322.0894424536062 3220.8944245360617 0.05978133759025857
66 64 80 82 0.1 492.6557610170243 4926.557610170243 0.08258969455368206
66 63 69 72 2.37277 204.68215392855384 86.26295592432214 0.0227565587899375
66 63 72 75 0.585686 198.7225024397762 339.2987068835113 0.025075791465051237
66 63 75 78 0.19719 172.9179981176172 876.9105842974653 0.0313256757442061
66 63 78 81 0.1 172.83844269266442 1728.384426926644 0.041867132920558936
66 63 86 89 0.1 677.0561286710897 6770.561286710897 0.14070554877847746
66 62 70 74 1.81567 205.4656310031457 113.16243095008768 0.02298695798245276
66 62 74 78 0.375522 174.19797537511454 463.88221029690544 0.027003557714328323
66 62 78 82 0.131518 152.58247253200224 1160.1641792910648 0.03586923462948038
66 62 82 85 0.1 309.6063468374878 3096.063468374878 0.05583441128818234
66 62 85 89 0.1 379.62620608702554 3796.262060870255 0.09044319745584813
66 62 89 93 0.1 594.0083585633928 5940.083585633927 0.12379924830750624
66 62 93 97 0.1 926.7365576982111 9267.36557698211 0.23408671000330533
66 61 71 76 1.37356 195.71490471492558 142.48733562052303 0.02331309152858266
66 61 76 81 0.275874 160.31307389944118 581.1097598883591 0.0286720386843269
66 61 81 85 0.1 179.19613068259036 1791.9613068259036 0.04303597035636761
66 61 85 90 0.1 270.2167697712455 2702.167697712455 0.06792016785428302
66 61 90 95 0.1 474.41008291147983 4744.100829114798 0.12872870758885155
66 61 95 100 0.1 756.8955777653656 7568.955777653656 0.17975332186684015
66 61 100 105 0.1 1119.3440852800454 11193.440852800453 0.2924632341422762
66 60 72 78 1.0854 185.9446400960948 171.31439109645734 0.023653648424543948
66 60 89 95 0.1 323.1155619984918 3231.155619984918 0.08628246979715967
66 60 95 101 0.1 563.9100976505682 5639.1009765056815 0.1515838295026925
66 59 73 80 0.860567 172.95526439131828 200.97826710914813 0.02417540993321845
66 59 80 86 0.156844 145.74547162408018 929.2384255953698 0.03359388946979164
66 59 86 93 0.1 187.95575096285006 1879.5575096285006 0.05729531357075395
66 59 93 100 0.1 382.01145620073885 3820.114562007388 0.10669155113712481
66 59 100 107 0.1 654.2887582458344 6542.887582458344 0.15429591053385064
67 66 68 69 8.29846 243.20916102560014 29.307746380123557 0.02242594409083131
67 66 69 70 1.75743 198.5139834086904 112.95697888888341 0.023023898533654257
67 66 70 71 0.736684 200.9436000494133 272.76769965061453 0.02448534242633205
67 66 71 72 0.347792 194.22093425406624 558.4399130919235 0.02721747481253163
67 66 72 73 0.213544 206.03128881910652 964.8189076682394 0.03040572434720713
67 66 73 74 0.123504 192.95785355138878 1562.3611668560434 0.03688374465604353
67 66 74 75 0.1 235.56519655700356 2355.6519655700354 0.04780199188028768
67 65 69 71 3.52061 198.67138060617648 56.43095389894833 0.02250661675107439
67 65 71 73 0.880752 197.62903932568506 224.38670514024955 0.024051378821734155
67 65 73 75 0.323888 182.6674471155246 563.9833742390103 0.027607259299510942
67 65 75 77 0.149543 174.55549706218272 1167.259564554561 0.03422366810883826
67 65 77 79 0.1 199.1282226764339 1991.2822267643387 0.0444682534532076
67 65 79 81 0.1 321.24900215804985 3212.4900215804983 0.06033687323170872
67 65 81 83 0.1 506.01177287571767 5060.117728757176 0.09343724460468225
67 64 70 73 2.42029 202.18136322740014 83.53600734928465 0.022740431931710662
67 64 73 76 0.54245 184.89714922538442 340.8556534710746 0.02533387408977786
67 64 76 79 0.186044 161.20268909779983 866.476151328717 0.031913525832598745
67 64 79 82 0.1 173.51410993375177 1735.1410993375175 0.043723493280420654
67 64 82 84 0.1 451.4067832013529 4514.0678320135285 0.06561846588709053
67 64 84 87 0.1 446.7539188508171 4467.539188508171 0.09595718996346077
67 64 87 90 0.1 654.0259697469018 6540.259697469017 0.13894656321713475
67 63 71 75 1.74905 196.9661985715837 112.61324637465121 0.02302232640576313
67 63 75 79 0.367785 170.39886024304465 463.3110655492874 0.026966434193890457
67 63 79 83 0.125399 147.0270927960255 1172.4742047067798 0.03657102528728299
67 63 83 86 0.1 307.1964923125233 3071.964923125233 0.05603896006984605
67 63 86 90 0.1 369.7258093199431 3697.2580931994307 0.08557762288657486
67 63 90 94 0.1 594.0124480781187 5940.124480781187 0.1465188949045235
67 63 94 98 0.1 915.5162762151263 9155.162762151262 0.17962206112344792
67 62 72 77 1.35028 191.39785790416488 141.74679170554617 0.023323251473768406
67 62 77 82 0.270008 155.2954193434134 575.1511782740267 0.028792517258747888
67 62 82 86 0.1 181.09571807617814 1810.9571807617813 0.043434488827724375
67 62 86 91 0.1 265.55769485306485 2655.576948530648 0.06974602113705669
67 62 91 96 0.1 471.6909476836805 4716.909476836805 0.12457684015174258
67 62 96 101 0.1 737.5727065594422 7375.727065594421 0.20791645051729032
67 62 101 106 0.1 1129.9200467510486 11299.200467510485 0.25842481588657695
67 61 73 79 1.04137 178.78825228941838 171.68561826192266 0.023726994247961822
67 61 79 84 0.199918 158.68742454948486 793.7625653992379 0.03113016336698046
67 61 84 90 0.1 160.0163998191005 1600.163998191005 0.048831180840702613
67 61 90 96 0.1 323.62516563398765 3236.2516563398763 0.08763191568898092
67 61 96 102 0.1 556.6180499348109 5566.180499348108 0.14846168757442332
67 60 74 81 0.823176 165.86723707405108 201.49668731115955 0.02420799440216916
67 60 81 87 0.14901 140.53740277802177 943.1407474533371 0.03426313670223475
67 60 87 94 0.1 185.74566358823395 1857.4566358823395 0.055935082090960556
67 60 94 101 0.1 376.26413606923416 3762.6413606923416 0.1106157693396883
67 60 101 108 0.1 655.7744418337129 6557.744418337129 0.19863597180155493
68 67 69 70 8.44601 232.0821524705633 27.47831845694752 0.022422183966156802
68 67 70 71 2.23707 239.78531757173272 107.1872214869149 0.022795679169628127
68 67 71 72 0.864841 238.7622730933505 276.07649625000494 0.024076807181898176
68 67 72 73 0.465094 254.96432304077956 548.199553296279 0.025894808361320507
68 67 73 74 0.249345 242.86067147773332 973.9945516362201 0.029266317752511577
68 67 74 75 0.135903 213.21483486736633 1568.8751158353116 0.035396422448363905
68 67 75 76 0.1 241.16300543640818 2411.630054364082 0.04155075692719993
68 66 70 72 4.18556 227.37128651785576 54.32278751657025 0.022423773640803144
68 66 72 74 1.05114 232.17433221672704 220.87860058291668 0.02372273912133493
68 66 74 76 0.352427 199.51233430832986 566.1096746512891 0.02720560569990381
68 66 76 78 0.16573 190.31423863113895 1148.3390975148673 0.03297019248174742
68 66 78 80 0.1 197.49051732733813 1974.905173273381 0.04158475831425878
68 66 80 82 0.1 322.0942729007795 3220.942729007795 0.059505539283322445
68 65 71 74 2.66511 222.32904476295633 83.42208943081387 0.02266127101695615
68 65 74 77 0.558983 192.05213800821522 343.57420173460594 0.0252537197016725
68 65 77 80 0.20706 176.1211558551993 850.580294867185 0.030840432724814067
68 65 80 83 0.1 176.49243216071918 1764.9243216071916 0.043000428662138594
68 65 83 85 0.1 443.62490933088156 4436.249093308816 0.061139222957751364
68 65 85 88 0.1 445.42900021853114 4454.290002185311 0.09411177683921029
68 65 88 91 0.1 640.2162906169306 6402.162906169305 0.1385077676803574
68 64 72 76 1.91826 214.7683639647265 111.95998663618408 0.022915996788756474
68 64 76 80 0.381168 175.16510731853748 459.5483023720183 0.02681116987784914
68 64 87 91 0.1 361.4173809253075 3614.1738092530745 0.08062689439814602
68 64 91 95 0.1 591.6436676449518 5916.436676449518 0.1436659533433727
68 64 95 99 0.1 899.5896553289539 8995.896553289538 0.17574877918736614
68 63 73 78 1.39463 198.2277556933556 142.13644887414983 0.023257523500856858
68 63 78 83 0.277803 160.79420169204624 578.8065704547691 0.02856085067475873
68 63 83 87 0.1 179.93799325259408 1799.3799325259408 0.04222806717024087
68 63 87 92 0.1 259.1224699712691 2591.224699712691 0.068840683442571
68 63 92 97 0.1 469.77968684333376 4697.796868433337 0.10881809090737563
68 63 97 102 0.1 728.5606097256605 7285.606097256604 0.18390802567793094
68 62 74 80 1.06447 183.00849667019642 171.92452269222844 0.023695350737925915
68 62 80 85 0.204002 163.40593274169487 801.0016212669233 0.030964451328908543
68 62 85 91 0.1 158.6567664354774 1586.567664354774 0.04761568607317658
68 62 91 97 0.1 320.8816830447026 3208.8168304470255 0.08826135820954474
68 61 75 82 0.869653 175.89334261128323 202.25692616627924 0.02407107202527905
68 61 82 88 0.158135 150.09952131912905 949.1859570564964 0.033563980143548236
68 61 88 95 0.1 183.8881331180466 1838.8813311804658 0.055060039989836836
68 61 95 102 0.1 371.128693096 3711.2869309599996 0.1044596338180341
68 61 102 109 0.1 652.1481446535029 6521.481446535028 0.196024130217966
69 68 70 71 7.1799 206.2855794126473 28.730982243853997 0.02242215629744147
69 68 71 72 1.7941 212.42710383907027 118.40315692495973 0.02299148319491667
69 68 72 73 0.790556 231.99664479932963 293.4601025092841 0.02427691396940887
69 68 73 74 0.36889 220.00396262496156 596.3944878553541 0.026936078505787633
69 68 74 75 0.186283 195.864502769458 1051.4351968212773 0.0317830934653189
69 68 75 76 0.120563 207.5325211810032 1721.361621567174 0.03727113625241575
69 68 76 77 0.1 261.3899919071061 2613.8999190710606 0.04798346912002342
69 67 71 73 3.91627 226.37821846147705 57.804548323143464 0.022434576778414154
69 67 73 75 0.941189 219.2930951277948 232.99581181653716 0.02390740860762291
69 67 75 77 0.345059 207.3074608566835 600.7884473573606 0.02731738630205269
69 67 77 79 0.164661 192.27056915893496 1167.6752185334412 0.0331289740740066
69 67 79 81 0.1 205.71015879019757 2057.1015879019756 0.041778389842179194
69 67 81 83 0.1 344.75476845308157 3447.5476845308153 0.06292282751550543
69 67 83 84 0.1 967.6877695441216 9676.877695441215 0.08309128492808338
69 66 72 75 2.60618 224.19281348843123 86.02353386505584 0.022656435856310768
69 66 75 78 0.55699 197.7813127428484 355.08952179186053 0.025262123197903014
69 66 78 81 0.202084 176.02750306965208 871.0610591123101 0.031166989964569188
69 66 86 89 0.1 441.5856281161165 4415.856281161165 0.09976796898546297
69 66 89 92 0.1 650.2856173404998 6502.856173404998 0.14480723434382442
69 65 73 77 1.76077 205.0694897902068 116.46580177434123 0.023010773695599084
69 65 77 81 0.382755 177.5303639886634 463.82245558820495 0.026775326253086176
69 65 81 84 0.118214 178.006192717434 1505.7962061806047 0.03754910585886613
69 65 84 88 0.1 211.93010429219763 2119.301042921976 0.054487443575901226
69 65 88 92 0.1 360.11244608137383 3601.124460813738 0.08115508961150461
69 65 92 96 0.1 603.8749971965793 6038.7499719657935 0.13425314711592662
69 65 96 100 0.1 884.4658825664724 8844.658825664723 0.21397704812856355
69 64 74 79 1.29858 189.71742632024134 146.0960636389297 0.023373800612977252
69 64 88 93 0.1 258.7279627328638 2587.2796273286376 0.0665327259602711
69 64 93 98 0.1 475.1142073815515 4751.142073815515 0.5
69 63 75 81 1.04795 184.39570192307463 175.95849222107412 0.023714556992222913
69 63 81 86 0.195302 161.02986034501313 824.5172110117312 0.03132062139660628
69 63 86 92 0.1 157.85043915902077 1578.5043915902074 0.048368047313000234
69 63 92 98 0.1 324.5708080985485 3245.708080985485 0.07921575456315598
69 62 76 83 0.829758 170.8157501251447 205.86213103717552 0.024201478021302597
69 62 83 89 0.157426 149.3855893888272 948.9257771195812 0.0336466022131033
69 62 89 96 0.1 186.1079567498075 1861.0795674980748 0.05405054982016242
69 62 96 103 0.1 370.0652216942633 3700.6522169426325 0.10571037481013924
70 69 71 72 6.98461 204.90328187374138 29.336395571655594 0.02240856969823655
70 69 72 73 1.96597 227.23713020587613 115.58524809934848 0.022900563080820155
70 69 73 74 0.727056 212.89458150932455 292.817309133443 0.02448588554389208
70 69 74 75 0.318349 188.00357131736763 590.5580709138952 0.027683454322143308
70 69 75 76 0.190881 201.65065725204818 1056.4207922844505 0.031450589634379536
70 69 76 77 0.108223 184.97343041251975 1709.1877919898704 0.03879027563456936
70 69 77 78 0.1 247.2660781814238 2472.660781814238 0.046434994542983214
70 68 72 74 3.85253 224.6231395315842 58.305357656289296 0.022445208732962494
70 68 74 76 0.816686 195.75771125718776 239.69764543188907 0.02420482290623324
70 68 76 78 0.306184 185.63391853643083 606.2822307384802 0.027979221644501343
70 68 78 80 0.146912 174.56791125799631 1188.2481435008463 0.03443524014375954
70 68 80 82 0.1 211.6011815992881 2116.011815992881 0.04571630883232868
70 67 73 76 2.39241 210.9240249764535 88.16382851453284 0.022737674562470483
70 67 76 79 0.526438 188.1147531083171 357.3350577054033 0.025460851990167885
70 67 79 82 0.192788 171.4978066887176 889.5668127099073 0.03152307197543416
70 67 82 84 0.1 259.5836742467115 2595.836742467115 0.04431890620535028
70 67 84 87 0.1 276.3488387119232 2763.488387119232 0.061011654840568946
70 67 87 90 0.1 433.41606788153086 4334.1606788153085 0.09560413842081478
70 67 90 93 0.1 659.2658651184394 6592.658651184393 0.12203792309055467
70 66 74 78 1.64265 194.19916110819867 118.22309141216856 0.023221331385261623
70 66 78 82 0.362942 170.3166439732901 469.2668359497939 0.027042254685321624
70 66 82 85 0.120188 184.09482505210423 1531.7238414159835 0.037225846174326886
70 66 85 89 0.1 210.6720201298893 2106.720201298893 0.05567353794640806
70 66 89 93 0.1 362.2436134181827 3622.4361341818267 0.0849032589037849
70 66 93 97 0.1 604.8265607248386 6048.265607248386 0.15553090887864107
70 66 97 101 0.1 870.0876511621402 8700.876511621402 0.22236292235843796
70 65 75 80 1.27596 188.97934091672352 148.10757462359598 0.023393233330198437
70 65 80 84 0.253891 176.42510550475794 694.8852283253757 0.029199341449677226
70 65 84 89 0.1 131.15030466210632 1311.5030466210633 0.0426494340225711
70 65 89 94 0.1 261.0574542097367 2610.574542097367 0.06833764603206198
70 65 94 99 0.1 473.29122660207116 4732.912266020711 0.10557103064066853
70 65 99 104 0.1 721.2895166469557 7212.895166469556 0.18420219541435637
70 64 76 82 0.989656 175.06558693811075 176.89539288208303 0.02383974835700486
70 64 82 87 0.193418 162.2007915789935 838.6023616157414 0.031408865772575456
70 64 87 93 0.1 155.96534052153268 1559.6534052153268 0.04720432185498014
70 64 93 99 0.1 324.9289905913099 3249.289905913099 0.08282844819233634
70 63 90 97 0.1 186.71153902323587 1867.1153902323585 0.055629243912229814
70 63 97 104 0.1 367.42699090491675 3674.2699090491674 0.1052162529580585
70 63 104 111 0.1 627.4802669846254 6274.802669846254 0.1791759882388392
71 70 72 73 8.80537 248.63631141513056 28.23689537351986 0.022413471552018824
71 70 73 74 1.93633 220.80109323292152 114.03071440969335 0.022920509417299735
71 70 74 75 0.684977 196.4034612919729 286.7300088790907 0.024623191727605454
71 70 75 76 0.367767 215.22597327703014 585.2237239258284 0.026980126003692553
71 70 76 77 0.193326 200.02795256743258 1034.6665868400141 0.03127561735100297
71 70 77 78 0.123835 197.47314769364527 1594.6472943323397 0.03675721726490895
71 70 78 79 0.1 238.50045691864955 2385.0045691864952 0.045445794806985886
71 69 73 75 3.66592 211.10264284648747 57.58517448457344 0.02247464210893855
71 69 75 77 0.86055 204.55636854173923 237.70422234819503 0.024094706873511125
71 69 77 79 0.325196 187.48516592939276 576.529741846126 0.027618390140100126
71 69 79 81 0.154572 179.23088596252867 1159.530095764619 0.033776557203115704
71 69 81 83 0.1 212.03086678689493 2120.308667868949 0.0479086586090747
71 69 83 84 0.1 625.9025055532093 6259.025055532092 0.062082091729815284
71 69 84 86 0.1 422.4176341511279 4224.176341511279 0.08212661804650422
71 68 74 77 2.24193 198.35857229279728 88.4767019009502 0.02279330309153274
71 68 77 80 0.52901 184.84809689696937 349.4226893574212 0.025448082266875862
71 68 80 83 0.180798 163.15767300544513 902.4307404144135 0.03211556543767077
71 68 83 85 0.1 254.54623654026742 2545.462365402674 0.04388780852834876
71 68 85 88 0.1 275.1689974466855 2751.689974466855 0.0635955374761908
71 68 88 91 0.1 423.877963705613 4238.77963705613 0.09574246064904586
71 68 91 94 0.1 654.9531401882609 6549.531401882609 0.13430293962330578
71 67 75 79 1.69661 200.49025198970023 118.17108940163044 0.02304002687712556
71 67 79 83 0.360869 171.00933071013054 473.8820200962968 0.027057852018322438
71 67 83 86 0.126177 191.5754155809459 1518.306946439889 0.03645410811796127
71 67 86 90 0.1 205.31176713825622 2053.117671382562 0.05504466340111208
71 67 90 94 0.1 362.792789585841 3627.9278958584096 0.08199805849279101
71 67 94 98 0.1 598.6044555821142 5986.044555821141 0.1333188884675803
71 67 98 102 0.1 855.7065163843054 8557.065163843054 0.20237738188071103
71 66 76 81 1.2739 186.59046291660488 146.47182896350174 0.023391137451919303
71 66 81 85 0.247879 173.63730174785775 700.4921826691965 0.029352708377877918
71 66 85 90 0.1 129.01601550148564 1290.1601550148564 0.04294804953567428
71 66 90 95 0.1 260.79596812254493 2607.9596812254495 0.06662698237723591
71 66 95 100 0.1 457.646149499263 4576.46149499263 0.09924654685744118
71 66 100 105 0.1 724.7783267812106 7247.783267812105 0.19936397775348194
71 66 105 110 0.1 1088.85659553346 10888.5659553346 0.12872230948383254
71 65 77 83 1.00352 175.6787037326112 175.06248378967157 0.023803172831632653
71 65 83 88 0.197518 163.75400464108776 829.058640939498 0.03125021517026296
71 65 88 94 0.1 153.5312579980527 1535.3125799805268 0.04798005511394056
71 65 94 100 0.1 316.9499589210334 3169.499589210334 0.08431463725074247
71 64 78 84 0.802009 176.8701934452305 220.53392598490856 0.02425900457476163
71 64 84 91 0.160042 115.87231974484217 724.0119452696304 0.033372739655840346
71 64 91 98 0.1 185.17104247623377 1851.7104247623374 0.05384918429133454
71 64 98 105 0.1 361.3619907787995 3613.6199077879946 0.11717092879114827
72 71 73 74 7.61656 221.92274101882546 29.13687294773828 0.022426821294652708
72 71 74 75 1.57979 184.19535961619624 116.59483831154536 0.02313484703663145
72 71 75 76 0.690489 204.34974739343855 295.9493161997346 0.02463752500039827
72 71 76 77 0.316985 189.4827623499833 597.7657061059144 0.027686956796062905
72 71 77 78 0.186674 188.12725811584846 1007.7850054954008 0.03183442793318834
72 71 78 79 0.112044 180.19160185105014 1608.2217865396642 0.038222751776087964
72 71 79 80 0.1 242.29983216650655 2422.9983216650653 0.04665569468772599
72 70 74 76 3.3221 193.68569074518635 58.3021855889908 0.02253812046597032
72 70 76 78 0.822058 193.02735719380541 234.80990051043287 0.024176773415014514
72 70 78 80 0.316631 181.3513383724 572.7529470342449 0.02774365112702168
72 70 80 82 0.145271 168.78229618003738 1161.844388625654 0.034497525314756555
72 70 85 87 0.1 421.8380091047395 4218.380091047395 0.08094565026696547
72 69 75 78 2.25294 199.68344508334326 88.6323848319721 0.022782399886370697
72 69 78 81 0.517842 179.3088162916773 346.2616324895958 0.025497082121573762
72 69 86 89 0.1 263.86561490193066 2638.656149019306 0.06730648979681216
72 69 89 92 0.1 416.7078768816835 4167.078768816835 0.08916183404186903
72 69 92 95 0.1 651.762282552395 6517.62282552395 0.13027589008716206
72 68 76 80 1.59066 187.23141693080717 117.70674872745097 0.023119057498145423
72 68 87 91 0.1 201.13351538833695 2011.3351538833692 0.05568521749104155
72 68 91 95 0.1 362.4274666025601 3624.274666025601 0.08881038986923685
72 68 95 99 0.1 590.3251064962948 5903.251064962948 0.13053181100273684
72 67 77 82 1.25455 181.95850738600734 145.03886444223613 0.023436387549320474
72 67 82 86 0.251617 178.45306197457157 709.2249807229701 0.02926789525350036
72 67 86 91 0.1 126.98963759109009 1269.8963759109008 0.04258769947109082
72 67 91 96 0.1 259.91381515654575 2599.1381515654575 0.06691870615340167
72 67 96 101 0.1 447.41992826013603 4474.19928260136 0.11594665209974903
72 67 101 106 0.1 734.3584462850439 7343.584462850438 0.16623521190847632
72 67 106 111 0.1 1028.854282228597 10288.54282228597 0.18315302497472102
72 66 89 95 0.1 153.6557306695722 1536.5573066957218 0.048381064043829754
72 66 95 101 0.1 309.4614389504753 3094.614389504753 0.08494550059033897
72 66 101 107 0.1 547.7637899590571 5477.637899590571 0.15436895146498772
72 65 79 85 0.783856 174.32609768992705 222.39556460616114 0.024312807454430405
72 65 85 92 0.156904 112.48387313028974 716.8961475187997 0.033622660990159585
72 65 92 99 0.1 184.7571370098543 1847.5713700985427 0.056407290051974104
72 65 99 106 0.1 358.62022144327926 3586.2022144327925 0.10358744594733295
73 72 74 75 6.35491 180.23377647663068 28.361342092434146 0.022427832966949963
73 72 75 76 1.81103 207.86632783049117 114.77795941010982 0.022998222006261632
73 72 76 77 0.676794 195.7104386323949 289.1728334358681 0.024663693827072935
73 72 77 78 0.36065 201.28059852839866 558.1050839550774 0.027047386662969637
73 72 78 79 0.200317 195.62882956431216 976.5962427767596 0.03101549044764049
73 72 79 80 0.120867 189.90396224255915 1571.1812342703893 0.037141072418443416
73 72 80 81 0.1 236.38361561865474 2363.836156186547 0.044772396384578306
73 71 75 77 3.49556 202.9651175075345 58.06369151367292 0.022496632871414027
73 71 77 79 0.860477 194.24641420038282 225.7427150294346 0.024112114559715132
73 71 79 81 0.327073 185.8077772873017 568.0926804942679 0.02754562437131772
73 71 81 83 0.132299 156.55328746698353 1183.329333305494 0.03580064853097907
73 71 83 84 0.1 374.9383655733923 3749.3836557339228 0.04626294559407077
73 71 84 86 0.1 265.62355409474657 2656.2355409474653 0.05901150718559812
73 71 86 88 0.1 411.1627212496281 4111.627212496281 0.08442977087392031
73 70 76 79 2.24921 194.33740723470987 86.40251787725906 0.02277728624717123
73 70 79 82 0.520023 178.36648622627987 342.997302477544 0.02548877645796436
73 70 82 84 0.177665 216.5198004965872 1218.696988695507 0.03222643739622323
73 70 84 87 0.1 144.9720258501491 1449.720258501491 0.04272115995306733
73 70 87 90 0.1 251.0809228014066 2510.809228014066 0.06509959715854141
73 70 90 93 0.1 409.9109903941137 4099.1099039411365 0.0857301823190402
73 70 93 96 0.1 641.9540028919602 6419.540028919601 0.1322706119735476
73 69 77 81 1.66585 189.58050541471573 113.8040672417779 0.023082984662484617
73 69 81 84 0.325781 186.88863417054299 573.6633940301706 0.027582639871570166
73 69 84 88 0.125745 123.54172082894969 982.4781965799809 0.03645751322120164
73 69 88 92 0.1 193.33374603777773 1933.3374603777772 0.054165292957145554
73 69 92 96 0.1 357.3582314667777 3573.5823146677767 0.09152665658784265
73 69 96 100 0.1 561.3094732217704 5613.094732217704 0.1298086779283416
73 69 100 104 0.1 840.4818796784962 8404.81879678496 0.19319449535830702
73 68 78 83 1.22992 177.9334030793035 144.6707127937618 0.023464835111226746
73 68 83 87 0.256957 179.70544564843556 699.3599927164295 0.0290677817689341
73 68 87 92 0.1 123.27829037970024 1232.7829037970023 0.04255053961273531
73 68 92 97 0.1 258.10253681313674 2581.0253681313675 0.06718299297622915
73 68 97 102 0.1 440.91372326736393 4409.137232673639 0.11429771956519576
73 67 79 84 0.972314 185.36514431287856 190.64329456623946 0.023866826971533885
73 67 84 90 0.201921 120.14438109353358 595.0068645338206 0.031018814288756497
73 67 90 96 0.1 153.02385040550345 1530.2385040550344 0.04735580649892104
73 67 96 102 0.1 303.894113642124 3038.94113642124 0.08459229563907938
73 67 102 108 0.1 538.7733556668173 5387.733556668173 0.1334015728208084
73 66 80 86 0.779419 173.74451797094503 222.91542542707455 0.024353550529304522
73 66 86 93 0.159067 111.44172798476421 700.5961512115286 0.03362828242187255
73 66 93 100 0.1 180.95159855920488 1809.5159855920488 0.0554249906329925
73 66 100 107 0.1 357.49034038640445 3574.9034038640443 0.10344305982533335
74 73 75 76 7.9024 228.87581985870827 28.96282393433745 0.02241395019234663
74 73 76 77 1.7872 206.98691058684193 115.81631075808076 0.022993638093106537
74 73 77 78 0.758037 211.3687007948314 278.8369179800345 0.02440814894259779
74 73 78 79 0.363275 203.25243701109287 559.5002051093328 0.027024485582547653
74 73 79 80 0.205519 202.794730028315 986.7444373917497 0.030804791771077127
74 73 80 81 0.12795 202.7107168091598 1584.2963408296976 0.036276357952325124
74 73 81 82 0.1 242.1778446339518 2421.778446339518 0.04806432102172393
74 72 76 78 3.58233 205.04899676569934 57.23900276236398 0.022486739077639414
74 72 78 80 0.88952 199.39157197406055 224.15636744992867 0.024047564978865007
74 72 80 82 0.324174 184.44516674423977 568.9696482266924 0.027638582983212714
74 72 85 87 0.1 265.23801021857093 2652.3801021857093 0.05926039980469659
74 72 87 89 0.1 389.70903280065954 3897.090328006595 0.0826745311795443
74 71 77 80 2.38134 200.68487447375995 84.27392748358486 0.022753294363677595
74 71 80 83 0.511076 177.6253624327536 347.55175831530653 0.025549037716504006
74 71 83 85 0.190246 226.90305811877943 1192.6824118182744 0.03155183289004762
74 71 85 88 0.1 144.13690361250477 1441.3690361250476 0.04284399878539645
74 71 88 91 0.1 245.13908909871367 2451.3908909871366 0.06211083870182486
74 71 91 94 0.1 406.6965223649873 4066.9652236498728 0.08631662488957201
74 71 94 97 0.1 631.2747347788179 6312.747347788179 0.12531228778981848
74 70 78 82 1.67596 189.90212279406973 113.30946012677495 0.023071093582185734
74 70 82 85 0.348168 199.73168045955316 573.6646689516359 0.02722099676018474
74 70 85 89 0.127937 122.88040656516249 960.4759105275448 0.0362380703002259
74 70 89 93 0.1 191.27351566478998 1912.7351566478997 0.05240249989513863
74 70 93 97 0.1 352.15965376205463 3521.5965376205463 0.07769569536423841
74 70 97 101 0.1 543.5676465098295 5435.676465098295 0.12699553434739658
74 70 101 105 0.1 838.1041353724546 8381.041353724546 0.19297578815352362
74 69 88 93 0.1 119.76382696027594 1197.6382696027592 0.04154859214467498
74 69 93 98 0.1 254.43339792140227 2544.3339792140227 0.06663334304937596
74 69 98 103 0.1 429.16781261250355 4291.678126125035 0.11214965498526902
74 68 80 85 0.964441 184.87605366423693 191.6924453276426 0.02388334797048238
74 68 85 91 0.202923 119.29303382815802 587.8733994084358 0.030969628874006394
74 68 91 97 0.1 151.35905172461588 1513.5905172461587 0.047403044367526743
74 68 97 103 0.1 300.0454896260515 3000.454896260515 0.08293525989489656
74 67 81 87 0.766664 172.35872536566157 224.81651070829145 0.024375215218139887
74 67 87 94 0.163366 112.20417864063958 686.8269936255988 0.03315065558316908
74 67 94 101 0.1 177.33457721520344 1773.3457721520342 0.05437902424960758
74 67 101 108 0.1 356.9053011071277 3569.0530110712766 0.10148079175802721
75 74 76 77 6.55845 185.3108952287444 28.25528825084348 0.022406057833786946
75 74 77 78 1.70077 185.5833414138677 109.11724772536424 0.023073713670866726
75 74 78 79 0.661925 182.11075541718878 275.12294507261214 0.024750205839030103
75 74 79 80 0.328355 183.02178631785546 557.3899782791657 0.02752362534452041
75 74 80 81 0.18521 181.8181780960127 981.6866157119631 0.03194519734355596
75 74 81 82 0.1 160.16929847426732 1601.6929847426732 0.04066356549409823
75 74 82 83 0.1 250.468623339427 2504.68623339427 0.05065972841114685
75 73 77 79 3.48198 191.60364253134236 55.02720938412695 0.022521571060143943
75 73 79 81 0.847924 190.2301028850386 224.3480581809674 0.024141538628461984
75 73 81 83 0.277559 161.98447183850567 583.6037449281258 0.02854733588174046
75 73 83 84 0.144949 298.65305354684364 2060.4009240963624 0.03459872092943035
75 73 84 86 0.1 156.3405416842981 1563.405416842981 0.044889241748964324
75 73 86 88 0.1 260.5651345221709 2605.651345221709 0.06026469244904246
75 73 88 90 0.1 375.6279881827845 3756.279881827845 0.08164547878820243
75 72 78 81 2.27335 190.0337119165457 83.59192905471912 0.022795997096795476
75 72 86 89 0.1 138.91304312069823 1389.1304312069822 0.04329754565273447
75 72 89 92 0.1 242.56381730140285 2425.6381730140283 0.06098112161686795
75 72 92 95 0.1 407.5000624277611 4075.0006242776108 0.08759189397453081
75 72 95 98 0.1 618.1920161307917 6181.920161307916 0.12458634418005246
75 71 79 83 1.58278 180.34911435844995 113.9445244180808 0.02314797381821858
75 71 83 86 0.353799 200.09502214850022 565.5612993493487 0.0271429257855449
75 71 86 90 0.124372 116.06215832420924 933.1855910028723 0.0364632714758949
75 71 90 94 0.1 191.1710964932901 1911.7109649329009 0.052383094352242796
75 71 94 98 0.1 347.84990650583677 3478.4990650583673 0.08729106427451663
75 71 98 102 0.1 533.6733309276768 5336.7333092767685 0.12135547566184676
75 70 80 84 1.18681 190.09090964166225 160.16962246834984 0.023517825094159974
75 70 84 89 0.265471 123.72436331839907 466.05604121881134 0.02884522226533218
75 70 89 94 0.1 118.91715976820258 1189.1715976820258 0.04204353856489608
75 70 94 99 0.1 249.57456494887424 2495.7456494887424 0.06411750504527268
75 70 99 104 0.1 419.35048014774566 4193.504801477457 0.10970821858036306
75 69 81 86 0.910242 175.22004366996552 192.49830668104255 0.023982841925553864
75 69 86 92 0.201787 115.23478563015215 571.0714051457832 0.03096745578258263
75 69 92 98 0.1 149.86448021392968 1498.6448021392966 0.04940099149285568
75 69 98 104 0.1 292.2377736451273 2922.3777364512725 0.07943522618526269
75 69 104 110 0.1 521.6782859590706 5216.782859590707 0.1207240000486151
75 68 82 88 0.763942 171.85748777641834 224.96143395233975 0.024379298428414724
75 68 88 95 0.163163 110.24753891006954 675.6895798071225 0.03311780244295581
75 68 95 102 0.1 174.26536668313338 1742.6536668313338 0.05663401334962865
75 68 102 109 0.1 354.0589139491202 3540.589139491202 0.09786175907344283
76 75 77 78 6.71831 187.7351653864053 27.94380809852557 0.02244750986483208
76 75 78 79 1.66052 187.84025683479175 113.12134562353465 0.02310003492881748
76 75 79 80 0.662978 189.9188369230114 286.46325658319194 0.024763234979139584
76 75 80 81 0.331216 191.23230798636737 577.3643422611449 0.02751859813535578
76 75 81 82 0.159285 164.11710425950875 1030.3362165898154 0.03332416737294786
76 75 82 83 0.1 171.51471090478813 1715.1471090478813 0.04064776013393536
76 74 78 80 3.31467 186.6396791662374 56.307167581158126 0.022538153119315046
76 74 80 82 0.772799 177.8364599774131 230.11994060216577 0.02434652477552378
76 74 85 87 0.1 159.3062749421781 1593.062749421781 0.04499221326838939
76 74 87 89 0.1 252.22448202275433 2522.244820227543 0.06194606598287215
76 74 89 91 0.1 382.9414260240122 3829.4142602401216 0.08105254895804719
76 73 79 82 2.16784 185.4751707241762 85.55759222275454 0.02282729352719758
76 73 82 84 0.475085 222.23028461639558 467.7695246458962 0.02582988307355526
76 73 84 87 0.192693 129.4662615033157 671.8783842864852 0.03145402272007805
76 73 87 90 0.1 135.72861454999926 1357.2861454999925 0.04359236929444333
76 73 90 93 0.1 245.2808003698425 2452.8080036984247 0.06175311602327504
76 73 93 96 0.1 412.55310273379195 4125.531027337919 0.0911482522061019
76 73 96 99 0.1 615.7628103556041 6157.6281035560405 0.1345244831862456
76 72 87 91 0.126734 115.95509267857328 914.9485747989747 0.036417141414300816
76 72 91 95 0.1 191.2362952292893 1912.362952292893 0.052390748675235924
76 72 95 99 0.1 343.59159807485366 3435.915980748536 0.07933355313631377
76 72 99 103 0.1 528.6112648972834 5286.112648972833 0.12905900775855933
76 72 103 107 0.1 823.3186691533901 8233.186691533901 0.18658943960475713
76 71 81 85 1.12108 183.18766058559189 163.4028442087914 0.023617377885610302
76 71 85 90 0.261717 121.12277545065291 462.80056492567513 0.02894374457906823
76 71 90 95 0.1 119.85789143388907 1198.5789143388906 0.04108726303268257
76 71 95 100 0.1 243.63856780930783 2436.3856780930782 0.06458411378999178
76 71 100 105 0.1 425.5542766166483 4255.542766166483 0.11125578703703703
76 70 82 87 0.933161 181.67231697773877 194.6848582160407 0.023942224332135612
76 70 87 93 0.204567 114.49472399449498 559.693029640631 0.03086436228717242
76 70 93 99 0.1 149.10656785261088 1491.0656785261087 0.04852697295776777
76 70 99 105 0.1 288.38362119467405 2883.8362119467406 0.08071919505451511
76 70 105 111 0.1 501.4520197363055 5014.520197363055 0.13271841944670465
76 69 83 89 0.785558 174.0757963404472 221.59509080226692 0.024310604691187666
76 69 89 96 0.16721 112.79678264030302 674.5815599563604 0.03301554930925184
76 69 96 103 0.1 171.45341850892157 1714.5341850892155 0.056395790448072046
76 69 103 110 0.1 346.8175378492155 3468.175378492155 0.09606500967014736
77 76 78 79 6.89328 198.89773220311895 28.85385944037076 0.022421237785205304
77 76 79 80 1.63813 190.90249670767125 116.53684183042326 0.023101658598523925
77 76 80 81 0.644841 188.81133038955227 292.80292411548317 0.024812876352465183
77 76 81 82 0.264665 158.01296088957778 597.0300602254842 0.028887234806264525
77 76 82 83 0.153484 166.5569497670512 1085.174674670006 0.033833298584868776
77 75 79 81 3.27832 190.38856384881728 58.07503960834125 0.022541432807047512
77 75 81 83 0.67527 162.71309411338385 240.96005170285045 0.024700623454321974
77 75 83 84 0.28888 295.7267900229297 1023.7011562687957 0.028340037385765716
77 75 84 86 0.149322 128.55489828934643 860.9240318864362 0.034202260885870805
77 75 86 88 0.1 159.43473933029327 1594.3473933029327 0.04526042474035033
77 75 88 90 0.1 247.80309856376127 2478.0309856376125 0.06273877658643374
77 75 90 92 0.1 389.5886409010336 3895.8864090103357 0.08100202823069305
77 74 80 83 1.99774 176.17397182439848 88.18663681179656 0.022898995865327818
77 74 83 85 0.483933 224.67656034302865 464.2720383669406 0.025761851330659412
77 74 85 88 0.182931 124.0534512399165 678.1434051085737 0.031953796786766596
77 74 88 91 0.1 134.52527238520483 1345.2527238520481 0.043301876965535314
77 74 91 94 0.1 247.21680302961795 2472.1680302961795 0.062270722030296696
77 74 94 97 0.1 412.33363064852176 4123.336306485217 0.08781718908865917
77 74 97 100 0.1 603.9944533827295 6039.944533827294 0.1296807978267086
77 73 81 84 1.38754 189.40594222596272 136.5048519148729 0.02330047422056301
77 73 84 88 0.35508 126.26552197980058 355.59739208009626 0.02713351920693928
77 73 88 92 0.128502 116.22081649369392 904.4280750003418 0.03628418234735646
77 73 92 96 0.1 194.17752683820058 1941.7752683820056 0.05293720378945868
77 73 96 100 0.1 336.76025346165034 3367.602534616503 0.0818544772811594
77 73 100 104 0.1 541.4264451436211 5414.264451436211 0.129284595676253
77 73 104 108 0.1 827.5675956220028 8275.675956220028 0.20884999430502296
77 72 82 86 1.13736 189.18387421220353 166.3359659318101 0.023599432018006614
77 72 86 91 0.258938 118.3498440493911 457.0586165390599 0.029059079779715606
77 72 91 96 0.1 119.94691735818131 1199.469173581813 0.040510393152940506
77 72 96 101 0.1 239.3718248127543 2393.718248127543 0.06686401619677525
77 72 101 106 0.1 433.4195624056974 4334.195624056973 0.11238127674271352
77 71 83 88 0.946652 183.43285136421358 193.7700985834431 0.02388752149681192
77 71 88 94 0.206567 114.65286422352426 555.039595983503 0.03075050709939148
77 71 94 100 0.1 146.91310715358603 1469.1310715358602 0.04737060001273854
77 71 100 106 0.1 294.2421868501146 2942.421868501146 0.08086997102054669
77 70 90 97 0.170589 115.2406313126099 675.5455000768509 0.032612419323637516
77 70 97 104 0.1 169.9015282413992 1699.015282413992 0.054582305411994506
77 70 104 111 0.1 336.89057099823367 3368.9057099823362 0.09744705673069365
78 77 79 80 7.43264 212.1527726443161 28.54339408935669 0.02241828340939424
78 77 80 81 1.78486 203.433038535165 113.9770281899785 0.02300336721087368
78 77 81 82 0.576564 166.72651917209515 289.1726142667512 0.025151587681506306
78 77 82 83 0.293012 175.51930272064297 599.017455669539 0.028195637038756095
78 77 84 85 0.1 160.03271262426983 1600.3271262426981 0.044705706528507735
78 76 80 82 3.27099 188.83373367548486 57.72984132494592 0.022534373385427655
78 76 85 87 0.150916 128.5509941414063 851.8049387832059 0.03411772111638262
78 76 87 89 0.1 150.19012469729634 1501.9012469729635 0.04490716901880658
78 76 89 91 0.1 246.1286638059746 2461.286638059746 0.058900648437121006
78 76 91 93 0.1 379.7859264858897 3797.859264858897 0.07742856697479385
78 75 86 89 0.184114 120.65899573192462 655.3493799055184 0.03200462756770262
78 75 89 92 0.1 133.78306786107774 1337.8306786107773 0.042186921453347646
78 75 92 95 0.1 249.052169867379 2490.52169867379 0.0586868962726951
78 75 95 98 0.1 406.20794324402345 4062.079432440234 0.08744220943942263
78 75 98 101 0.1 583.8181605073016 5838.181605073016 0.13309707406549962
78 74 82 85 1.46635 200.31197515667853 136.60584114070892 0.023224741705595523
78 74 85 89 0.354834 123.89479891280325 349.1627040046987 0.0271158908109144
78 74 89 93 0.132774 119.62323309001175 900.9537491527841 0.03566240378387335
78 74 93 97 0.1 192.98238555483505 1929.8238555483504 0.0530596878480129
78 74 97 101 0.1 329.3595212317048 3293.5952123170478 0.08012860435701032
78 74 101 105 0.1 545.804511408929 5458.045114089289 0.1258224762255212
78 74 105 109 0.1 830.1469502503028 8301.469502503027 0.20184109452926455
78 73 83 87 1.20204 196.45136449293383 163.43163662850972 0.02350978336827393
78 73 87 92 0.266891 118.62747240509336 444.4791034733032 0.028830908498225866
78 73 92 97 0.1 119.73420278556848 1197.3420278556848 0.04032623906139317
78 73 97 102 0.1 237.22686016767858 2372.2686016767857 0.06518951576825817
78 73 102 107 0.1 427.3872580820804 4273.872580820804 0.1107146020896761
78 72 89 95 0.213974 118.43607149124907 553.5068349016659 0.030748595623767375
78 72 95 101 0.1 143.22650488660219 1432.2650488660217 0.045817242393081443
78 72 101 107 0.1 293.7336098037642 2937.336098037642 0.08092014136105322
78 71 84 91 0.811002 124.35883968445825 153.33974476568275 0.024247461781845173
78 71 91 98 0.171472 114.79624237948666 669.4751468431385 0.03262946720164225
78 71 98 105 0.1 167.2499766572153 1672.499766572153 0.05364459525031575
79 78 80 81 6.68661 190.09238300892648 28.428812658271752 0.022422278254601358
79 78 81 82 1.3738 157.7224989560133 114.80746757607608 0.023318015722812637
79 78 82 83 0.562501 166.2317250019027 295.5225412966425 0.02523291514148419
79 78 84 85 0.119345 117.63159404169447 985.6432531039798 0.037329842054547736
79 78 85 86 0.1 160.4406283605385 1604.406283605385 0.045710389561569864
79 77 81 83 2.80684 162.98356242845605 58.06656682548918 0.022632640264496733
79 77 83 84 0.777069 289.13141414778113 372.0794603153402 0.02433853364373048
79 77 84 86 0.331307 123.98636636598437 374.2340679973087 0.027508745664896906
79 77 86 88 0.148308 121.49655476949928 819.217808678556 0.03427866332227527
79 77 88 90 0.1 141.9828866244779 1419.828866244779 0.04416114408287605
79 77 90 92 0.1 241.25216057044938 2412.5216057044936 0.05688324329218604
79 77 92 94 0.1 377.14672384314457 3771.4672384314454 0.07940456037148774
79 76 82 84 1.95723 211.68389263546993 108.15483751805864 0.022906204176310396
79 76 84 87 0.528963 124.30098514140568 234.98994285310255 0.025437998498949836
79 76 87 90 0.184714 115.56056569972223 625.6188794553864 0.03187408642550105
79 76 90 93 0.1 132.5415703877953 1325.415703877953 0.04119355334620754
79 76 93 96 0.1 247.1075185500133 2471.075185500133 0.0547314882880019
79 76 96 99 0.1 396.7061471480921 3967.0614714809208 0.08792828983215632
79 76 99 102 0.1 571.6348681340769 5716.348681340769 0.12802878569099632
79 75 83 86 1.54859 206.53063913722912 133.36689448932844 0.02315917705783971
79 75 86 90 0.351254 118.8375641240976 338.3237318979929 0.02717865134631919
79 75 90 94 0.136728 123.16905776944928 900.8327319162812 0.03541900707974958
79 75 94 98 0.1 190.8062778261235 1908.062778261235 0.05134368828361713
79 75 98 102 0.1 323.9371310238754 3239.3713102387537 0.07395464407997196
79 75 102 106 0.1 544.253537887056 5442.53537887056 0.12957525058666253
79 75 106 110 0.1 800.3104687154499 8003.104687154499 0.21703022797510194
79 74 88 93 0.271799 117.9427782151418 433.9338195326024 0.028752791584958
79 74 93 98 0.1 119.12132950186843 1191.2132950186842 0.04093159112745232
79 74 98 103 0.1 233.31937912600802 2333.19379126008 0.06465041371503262
79 74 103 108 0.1 422.42724637450965 4224.2724637450965 0.10342022271217662
79 73 84 90 1.00745 124.69910719609773 123.77696877869644 0.023595563055238473
79 73 90 96 0.224907 124.30942108875566 552.7147713888659 0.029838644417470334
79 73 96 102 0.1 141.12713546208488 1411.2713546208488 0.04522421121325243
79 73 102 108 0.1 290.36393614907735 2903.6393614907734 0.07993736635949061
79 72 85 92 0.810645 122.1919646128215 150.7342481762319 0.024254723090872086
79 72 92 99 0.173149 115.26619744808208 665.7052448936008 0.032501371651005785
79 72 99 106 0.1 165.4778222794174 1654.778222794174 0.051496840369070526
80 79 81 82 5.02254 143.71421603009773 28.61385196137765 0.022415309783496
80 79 82 83 1.3681 159.81927071676472 116.81841292066714 0.023313610116219574
80 79 84 85 0.199974 110.9809240320785 554.9767671401207 0.03108344084731015
80 79 85 86 0.121619 120.39101605210037 989.9030254491515 0.036970128022759605
80 79 86 87 0.1 157.6089448612695 1576.0894486126947 0.046066378622776946
80 78 85 87 0.324778 120.92629451208714 372.3352398009937 0.027617295506469033
80 78 87 89 0.147463 114.75703238337753 778.208990617155 0.034374114184575116
80 78 89 91 0.1 142.39223419433023 1423.9223419433022 0.04320186124559024
80 78 91 93 0.1 237.5014431165586 2375.014431165586 0.055694678037676214
80 78 93 95 0.1 379.8452294620745 3798.452294620745 0.08327830423319903
80 77 83 85 2.10162 218.41717880336415 103.92800734831422 0.022847041805845014
80 77 85 88 0.527746 121.82956112021263 230.84885744318785 0.025439093806490242
80 77 88 91 0.196002 118.45499577194593 604.3560564277197 0.03131631309884593
80 77 91 94 0.1 130.40737525573124 1304.0737525573124 0.04119486243949763
80 77 94 97 0.1 241.30051495684285 2413.0051495684284 0.05562844845566068
80 77 97 100 0.1 380.657980170791 3806.5798017079096 0.08334051288954701
80 77 100 103 0.1 579.1213325423727 5791.213325423727 0.12959580301470333
80 76 87 91 0.36053 117.84330433349568 326.86129956867853 0.027033894544143344
80 76 91 95 0.137545 122.60124680635799 891.353715557512 0.035301755789014504
80 76 95 99 0.1 186.74964574770738 1867.4964574770736 0.05065714308164982
80 76 99 103 0.1 318.2209709661031 3182.209709661031 0.07580892895251778
80 76 103 107 0.1 533.828427507984 5338.284275079839 0.11962310886087
80 76 107 111 0.1 760.451983026588 7604.519830265879 0.22466294944667678
80 75 84 89 1.27618 121.43781114123095 95.15727494650515 0.023270102963531786
80 75 89 94 0.284104 123.07114444387629 433.190467025724 0.028213963900543464
80 75 94 99 0.105105 123.69725224519473 1176.8921768250295 0.03871680700252129
80 75 99 104 0.1 229.9370169269037 2299.370169269037 0.0636445848118582
80 75 104 109 0.1 423.9904246557321 4239.904246557321 0.10214135321754642
80 74 85 91 0.992076 120.91908825030079 121.88490423143065 0.02382828533297852
80 74 91 97 0.220555 120.63563135745869 546.9639380538129 0.030232776404978352
80 74 97 103 0.1 139.66656919011888 1396.6656919011887 0.045400256852128625
80 74 103 109 0.1 289.5659987262901 2895.659987262901 0.07987038614779363
80 73 86 93 0.811061 119.39184951415484 147.2045253244267 0.02439606885302092
80 73 93 100 0.176543 115.92580599373686 656.6434579322706 0.03240893153509343
80 73 100 107 0.1 166.36146527120803 1663.6146527120802 0.05182487927201107
81 80 82 83 5.01895 144.10761946195643 28.712702748972678 0.022417941999820678
81 80 84 85 0.366967 99.60060360232407 271.41569569559135 0.026954794300304934
81 80 85 86 0.207827 115.43613814302776 555.4434127568976 0.030731425656916566
81 80 86 87 0.120919 117.24697717308491 969.6323751692034 0.0370476930837999
81 80 87 88 0.1 151.54278268554134 1515.4278268554133 0.045926994335676825
81 79 83 84 3.05228 245.74554667349003 80.51212427218015 0.022578187453313588
81 79 84 86 0.896638 108.07000285896986 120.52802006938123 0.024011039014630205
81 79 86 88 0.322677 116.93423710338402 362.38788975781983 0.027631656424226082
81 79 88 90 0.153148 114.4967706886854 747.6217168274179 0.03388891790947319
81 79 90 92 0.1 142.25839082907711 1422.583908290771 0.04123700918820331
81 79 92 94 0.1 240.3615204441861 2403.615204441861 0.057107007940790995
81 79 94 96 0.1 377.6727824142764 3776.727824142764 0.07371817906587856
81 78 86 89 0.522941 116.42659842393762 222.63811486178673 0.025482568779269556
81 78 89 92 0.205123 123.42287499262585 601.7017837718142 0.030934902473150255
81 78 92 95 0.1 131.45308467877442 1314.5308467877442 0.04096697083227986
81 78 95 98 0.1 237.83401770760656 2378.3401770760656 0.05599175111593678
81 78 98 101 0.1 368.45879288885874 3684.587928888587 0.08282312421180182
81 78 101 104 0.1 586.3245397983395 5863.2453979833945 0.12058346395413838
81 77 84 88 1.69918 113.66435974689996 66.89365443737566 0.02305875186854836
81 77 88 92 0.380236 120.35316153951464 316.5222691683971 0.026780736174375912
81 77 92 96 0.143531 127.62053424201989 889.1496209322021 0.03444050414196237
81 77 96 100 0.1 180.04172950840746 1800.4172950840743 0.05047826261639784
81 77 100 104 0.1 320.7745705593022 3207.7457055930217 0.08093846534041765
81 76 85 90 1.26904 118.36870230890602 93.27420909420194 0.02342765397465801
81 76 90 95 0.294626 127.50453354335238 432.7674188406739 0.02817884368657213
81 76 95 100 0.106393 121.4159108556595 1141.202060809071 0.038773227561963663
81 76 100 105 0.1 232.06538033698817 2320.6538033698816 0.06348008404669964
81 76 105 110 0.1 415.36148177124255 4153.614817712425 0.10298746721072574
81 75 86 92 1.00392 119.13236512944651 118.6671897456436 0.023817206550322736
81 75 92 98 0.224419 122.70772175364053 546.7795585651862 0.03010195215200139
81 75 98 104 0.1 137.53311304613413 1375.3311304613412 0.04395384707538411
81 75 104 110 0.1 285.98958851451334 2859.8958851451334 0.07962073246430788
81 74 87 94 0.826471 118.62203462966166 143.52836896837476 0.024212960890339773
81 74 94 101 0.181594 117.20904359906778 645.4455741878464 0.031975120323358704
81 74 101 108 0.1 166.93928229988484 1669.3928229988483 0.051608164096099175
82 81 84 85 0.620947 66.97466905010154 107.85891396544558 0.0249040578342435
82 81 85 86 0.308832 85.5480397326244 277.0051022323606 0.02788969407315304
82 81 86 87 0.165675 91.90338734181744 554.7209134861472 0.032978663045118456
82 81 87 88 0.1 95.16231799474473 951.6231799474472 0.040523775022590545
82 81 88 89 0.1 145.19948171176327 1451.9948171176327 0.0499501764934385
82 80 85 87 0.803101 97.4113167991691 121.29398020817942 0.024244671591742508
82 80 87 89 0.292154 102.06078768639892 349.33900506718686 0.028224395353135676
82 80 89 91 0.147003 112.01753228191708 762.0084779352604 0.03439909389604294
82 80 91 93 0.1 142.2749073207984 1422.7490732079839 0.04543426385685846
82 80 93 95 0.1 245.93084890015908 2459.3084890015907 0.060906329196179096
82 80 95 97 0.1 374.12181623226616 3741.2181623226616 0.07836474304645967
82 79 84 87 2.18858 88.79792383449606 40.57330498976325 0.022810475285344838
82 79 87 90 0.486238 105.11705375869958 216.18436600738647 0.025734023256100923
82 79 90 93 0.200345 121.94491148137013 608.6745937326618 0.03106411440265542
82 79 93 96 0.1 133.07981866008112 1330.798186600811 0.041545850502324344
82 79 96 99 0.1 236.9718091362137 2369.718091362137 0.05801357982059539
82 79 99 102 0.1 368.0702506723206 3680.7025067232057 0.08513398782275419
82 79 102 105 0.1 586.4001441741219 5864.001441741219 0.12237854412892053
82 78 85 89 1.56758 103.96654593074535 66.32296018751538 0.023146250909044513
82 78 89 93 0.366661 116.82602593497027 318.62135851636873 0.027109809878879947
82 78 93 97 0.137363 122.59669194979018 892.5015611903509 0.035867082110903226
82 78 97 101 0.1 177.88444356146204 1778.8444356146204 0.05117233219480615
82 78 101 105 0.1 326.70044249099897 3267.0044249099897 0.0801890225100216
82 77 86 91 1.196 109.19877941220177 91.30332726772724 0.023514958193979932
82 77 91 96 0.282953 121.99557291659272 431.1513676002471 0.02844589030687075
82 77 96 101 0.101916 113.95254404704757 1118.1025947549704 0.03964509988618077
82 77 101 106 0.1 235.8425049981173 2358.425049981173 0.0632616177649259
82 77 106 111 0.1 394.6245126056684 3946.2451260566836 0.10227570853194398
82 76 87 93 0.966673 112.1236209243152 115.98919275113218 0.023887457289072933
82 76 93 99 0.220515 120.48829659495195 546.3950143752214 0.03026510668208512
82 76 99 105 0.1 136.35746662224741 1363.5746662224742 0.04477383403748601
82 76 105 111 0.1 277.201590484984 2772.0159048498404 0.08139192328921865
82 75 88 95 0.812943 115.20901416530982 141.71844048759854 0.024262402161037123
82 75 95 102 0.178138 113.9221342556972 639.5161855173922 0.0322311354118717
82 75 102 109 0.1 167.18058967698596 1671.8058967698596 0.051443233895942506
83 82 84 85 1.5523 43.63737560911509 28.11143181673329 0.02314794176383431
83 82 85 86 0.635621 73.43500038620807 115.53268439244152 0.024850012822106256
83 82 86 87 0.301815 87.0953708145124 288.5720418617776 0.0280246839951626
83 82 87 88 0.162382 92.0853509222753 567.0908778206655 0.03318625217080711
83 82 88 89 0.100176 95.2357620014116 950.6844154429364 0.040203741415109406
83 82 89 90 0.1 153.93957357760468 1539.3957357760466 0.050257927749032476
83 81 84 86 3.11757 54.5891611237857 17.510163724883707 0.022561475764778332
83 81 86 88 0.728108 90.08707396513927 123.72762552415202 0.024476931993605344
83 81 88 90 0.273135 96.00270449272689 351.48444722473096 0.02864360114961466
83 81 90 92 0.144043 114.83645212131835 797.2372980382132 0.03463021458869921
83 81 92 94 0.1 150.32437500545916 1503.2437500545916 0.047310376850002646
83 81 94 96 0.1 254.94530422235985 2549.4530422235985 0.06037816386819206
83 81 96 98 0.1 385.9538507675667 3859.5385076756666 0.08587998999221617
83 80 85 88 2.07748 87.14469275637195 41.94730767871265 0.022852099659202495
83 80 88 91 0.478661 104.41298011132807 218.13554919103095 0.025785451499077634
83 80 91 94 0.185116 115.7428568971634 625.2450187837 0.03181151278117505
83 80 94 97 0.1 135.6189633008296 1356.189633008296 0.04220510347188112
83 80 97 100 0.1 237.48930111578022 2374.893011157802 0.05969702656276099
83 80 100 103 0.1 389.1338838943536 3891.3388389435354 0.08908984124070846
83 80 103 106 0.1 607.1564788248737 6071.564788248737 0.12490360331920268
83 79 86 90 1.47709 98.3127809920519 66.5584229749385 0.023211165196433528
83 79 90 94 0.36245 119.28402613536147 329.1047762046116 0.02701012553455649
83 79 94 98 0.134284 121.94341698064687 908.1008681648364 0.035526421613892946
83 79 98 102 0.1 179.8312888572816 1798.3128885728158 0.051621817898240975
83 79 102 106 0.1 334.65236186326445 3346.5236186326442 0.08010052338884045
83 78 87 92 1.15899 105.52014848693088 91.04491711484214 0.023553102270079982
83 78 92 97 0.270998 119.57078483038792 441.2238644948963 0.028703311463553233
83 78 97 102 0.1 113.2727963494298 1132.727963494298 0.04007990444416985
83 78 102 107 0.1 237.61865203257196 2376.1865203257194 0.06428896269448617
83 77 88 94 0.954573 110.93030193312869 116.20934379364249 0.02391337278552819
83 77 94 100 0.22024 119.98546771513048 544.7941687029172 0.030234244460588453
83 77 100 106 0.1 140.57622375278663 1405.7622375278663 0.04554738626611701
83 76 89 96 0.806312 116.60232263065832 144.61191527678903 0.024367800553631844
83 76 96 103 0.173009 110.86667200073143 640.814477863761 0.032547381928107785
83 76 103 110 0.1 167.0557023108343 1670.557023108343 0.05180721084876345
84 83 86 88 3.29776 267.90609472732643 81.23880898771483 0.02253005676580467
84 83 88 90 0.782293 270.54673983971185 345.8381192720782 0.024306890129401647
84 83 90 92 0.323276 306.6910312643829 948.6971852670254 0.02762648634603249
84 83 92 94 0.142283 283.61809618392755 1993.3378983007638 0.03488477189825911
84 83 94 96 0.1 363.1527902572422 3631.5279025724217 0.043998437687777905
84 83 96 98 0.1 578.7123051809813 5787.123051809813 0.05968790287924366
84 83 98 100 0.1 842.1277884233677 8421.277884233677 0.07650127640103076
84 82 87 90 2.07546 209.1842190433988 100.78932816985092 0.022862343769573974
84 82 90 93 0.512755 225.06488110850623 438.93259180018964 0.025587190763620055
84 82 93 96 0.187425 219.44562873967297 1170.8450246214377 0.03194152327597705
84 82 96 99 0.1 234.58291160819908 2345.829116081991 0.04270972500477953
84 82 99 102 0.1 394.98898976891996 3949.889897689199 0.060580313700049175
84 82 102 105 0.1 667.2750407136358 6672.750407136357 0.0859383208346114
84 82 105 108 0.1 1010.7839013148407 10107.839013148407 0.12718068535825544
84 81 88 92 1.52231 189.22410063561023 124.30063563637512 0.02317458336344109
84 81 92 96 0.347173 189.2460022438437 545.1057606549002 0.027228269479481412
84 81 96 100 0.130109 176.79036211511263 1358.7865721442224 0.03608705008877172
84 81 100 104 0.1 274.3186601590386 2743.1866015903856 0.052922284271272046
84 81 104 108 0.1 491.34350923902286 4913.435092390228 0.07445306259984025
84 80 89 94 1.19346 181.47162518951234 152.05505437091512 0.023515987129857724
84 80 94 99 0.275178 178.1240558749357 647.3048567652055 0.028586914651607325
84 80 99 104 0.1 156.32756366709359 1563.2756366709357 0.040631536402794745
84 80 104 109 0.1 328.0813748507264 3280.8137485072634 0.0628352801760623
84 79 90 96 0.994208 179.89242071895285 180.94042767605254 0.023822489861276514
84 79 96 102 0.215327 156.81375027892005 728.2586497695137 0.03044731965800852
84 79 102 108 0.1 186.23666968985424 1862.3666968985424 0.04614150554785659
84 78 91 98 0.809196 168.16783297341155 207.82089008523465 0.024246301266936564
84 78 98 105 0.176703 145.3100796113913 822.3407616814162 0.0322619310368245
85 84 86 87 6.2158 174.12473418755692 28.013245951857673 0.022414402007786608
85 84 87 88 1.62459 178.22801040232747 109.70645541479848 0.02309696600373017
85 84 88 89 0.661358 175.5047037886108 265.37019857416226 0.024735120766664957
85 84 89 90 0.319672 173.23217036129907 541.9059860147247 0.02768259340824345
85 84 90 91 0.199592 196.6766479136248 985.3934421901921 0.031111166780231677
85 84 91 92 0.115827 179.3391726949535 1548.3365078518266 0.0377906705690383
85 84 92 93 0.1 236.2626652453229 2362.626652453229 0.04698811195436529
85 83 88 91 2.15979 212.8346640303513 98.54414736171168 0.02282700632931905
85 83 91 94 0.502867 219.8982583185635 437.2891009323808 0.025599989659293613
85 83 94 97 0.19464 225.19219511417748 1156.9677102043643 0.031333898479243734
85 83 97 100 0.1 228.20009854341862 2282.000985434186 0.04174356770926577
85 83 100 103 0.1 405.0258636315573 4050.2586363155724 0.060437745328937045
85 83 103 106 0.1 669.4031958424607 6694.031958424607 0.08258965581793384
85 83 106 109 0.1 1000.8490033719717 10008.490033719716 0.12412404614700992
85 82 89 93 1.56521 198.17854593832112 126.61466891875284 0.0232714268372934
85 82 93 97 0.35563 196.46597419799573 552.444884284216 0.027519725557461405
85 82 97 101 0.132781 180.03087804105272 1355.8481864201408 0.035751575903178914
85 82 101 105 0.1 282.2115042948987 2822.115042948987 0.051297121912144285
85 82 105 109 0.1 502.2167258070741 5022.167258070741 0.07607961004299905
85 81 90 95 1.22741 190.86779461474862 155.5045132553496 0.02346176094377592
85 81 95 100 0.273398 175.54395151635572 642.0820617427916 0.028637700348941836
85 81 100 105 0.1 161.5127398528779 1615.127398528779 0.04103105083956582
85 81 105 110 0.1 329.06851820148177 3290.685182014817 0.06335835533069364
85 80 91 97 0.972599 177.22678899064545 182.2197935538135 0.023852389319750485
85 80 97 103 0.215819 158.32230909646213 733.588373111089 0.030390512420129828
85 80 103 109 0.1 189.004981195343 1890.0498119534298 0.04619711005636154
85 79 92 99 0.80353 169.40692581158177 210.82837705074084 0.024264358518039153
85 79 99 106 0.176047 145.78197837807178 828.0855588454889 0.032335058251489655
86 85 87 88 6.49999 181.90503206511892 27.98543260299153 0.0224097990919986
86 85 88 89 1.73471 189.48847930341591 109.23351989866659 0.023023381429749065
86 85 89 90 0.683516 191.2323889241271 279.77748717532154 0.024642305373978077
86 85 90 91 0.375966 219.2451738211433 583.1515983390607 0.02681965922450434
86 85 91 92 0.196654 197.3202669283483 1003.3880161519638 0.03117943189561362
86 85 92 93 0.111061 181.34804175729187 1632.8687996442663 0.038165602686811746
86 85 93 94 0.1 250.28519502242335 2502.8519502242334 0.047560522130730275
86 84 88 90 3.39903 185.30769645418366 54.51781727557087 0.022508609809269112
86 84 90 92 0.888162 203.14214141619937 228.721946464946 0.02403470312848332
86 84 92 94 0.303336 175.8566555510763 579.7421194684321 0.028009830682807182
86 84 94 96 0.154405 181.66522818851 1176.550164751854 0.033784333408892205
86 84 96 98 0.1 201.37509786334306 2013.7509786334306 0.04449854233556441
86 84 98 100 0.1 308.89174147481754 3088.917414748175 0.0566950035859431
86 84 100 102 0.1 468.9888760485411 4689.888760485411 0.07902492302767239
86 83 90 94 1.65686 216.50449986245565 130.671571443849 0.023079898120541266
86 83 94 98 0.367089 204.54151934670912 557.1987156975805 0.026944283266455822
86 83 98 102 0.136956 185.81687706265558 1356.763318603461 0.0353303980840562
86 83 102 106 0.1 285.95304698324105 2859.5304698324103 0.0503975816006068
86 83 106 110 0.1 492.4361166547091 4924.361166547091 0.07544168419503401
86 82 91 96 1.22415 194.20890072773426 158.64796040332823 0.023473610260180532
86 82 96 101 0.273645 176.14899771776138 643.7135621617839 0.028632388678762624
86 82 101 106 0.100156 168.19931605628275 1679.3733381553054 0.040078777107711974
86 82 106 111 0.1 320.19698331398604 3201.96983313986 0.06387600615912298
86 81 92 98 0.962411 180.2998695136726 187.3418627942455 0.023881065366044237
86 81 98 104 0.218089 161.35097623283676 739.8400480209307 0.030297126402523737
86 81 104 110 0.1 191.39310913746763 1913.9310913746763 0.046341701502893524
86 80 93 100 0.816218 174.49838038500735 213.78893921110213 0.024170478965178422
86 80 100 107 0.175638 149.87777620621787 853.3334256039005 0.032319771347885995
87 86 88 89 6.44008 180.76013861994159 28.06799583544639 0.022418289834908883
87 86 89 90 1.6592 190.24817454880835 114.6625931465817 0.02307751325940212
87 86 90 91 0.752461 224.00709810400582 297.69928023380055 0.024398367490142348
87 86 91 92 0.34235 200.23016936320516 584.869780526377 0.02730357820943479
87 86 92 93 0.176489 183.59035138669316 1040.2367931525089 0.03270203808735955
87 86 93 94 0.107721 182.9174467938238 1698.0667353053148 0.039154203915671044
87 86 94 95 0.1 255.80962741230928 2558.096274123093 0.046735070094845316
87 85 89 91 3.4711 199.83967844214962 57.57243480226719 0.02250584829016738
87 85 91 93 0.827363 193.30259116364465 233.6369781627226 0.024195534487280675
87 85 93 95 0.306494 184.94521157576256 603.4219644618249 0.02840646146417222
87 85 95 97 0.150503 178.0431591511366 1182.9874431149983 0.034115133917596324
87 85 97 99 0.1 206.38835181304677 2063.8835181304676 0.04431844743840309
87 85 99 101 0.1 305.46541102744726 3054.6541102744727 0.05852020503183294
87 85 101 103 0.1 495.6662598713965 4956.662598713965 0.07830113927051749
87 84 90 93 2.3406 204.63378398133085 87.42791761998242 0.022819148936170215
87 84 93 96 0.508675 181.9054259538883 357.6063811940597 0.025564161792893305
87 84 96 99 0.190952 166.47708495011796 871.8268724607124 0.03152703297163685
87 84 99 102 0.1 165.37402607441618 1653.7402607441618 0.041976567594655276
87 84 102 105 0.1 302.6970325169857 3026.970325169857 0.05925522670037885
87 84 105 108 0.1 485.32495300484044 4853.249530048404 0.08374997502813497
87 84 108 111 0.1 675.3520087847472 6753.520087847472 0.12344485507537921
87 83 92 97 1.20102 195.12243276108592 162.46393295789073 0.023502281394148308
87 83 97 102 0.276778 179.75146449981344 649.4427465326486 0.02855414808980482
87 83 102 107 0.100862 169.85984801905468 1684.0816959712745 0.04005185302690806
87 82 93 99 0.975509 186.74460859705903 191.43299405444648 0.023889784717516703
87 82 99 105 0.217906 162.84877323859777 747.3349666305553 0.030330371811698623
87 82 105 111 0.1 189.60173796432858 1896.0173796432857 0.04700226997802682
87 81 94 101 0.817938 176.33225022817024 215.58143799184074 0.024192933938758196
87 81 101 108 0.176538 154.94517115853066 877.6873599934895 0.03228800598171498
88 87 89 90 6.34371 185.363093824005 29.21998228544574 0.022419842647283687
88 87 90 91 1.91858 230.20525244867878 119.9873095980771 0.02292635699319288
88 87 91 92 0.694792 203.18589655769645 292.4413300062414 0.02460647215281696
88 87 92 93 0.303452 179.98863112955183 593.1370731764887 0.027878906713417605
88 87 93 94 0.18601 196.62876916172837 1057.0870875852286 0.031605397559271005
88 87 94 95 0.112071 189.84182487232118 1693.9424549822986 0.03834899304904926
88 87 95 96 0.1 250.17604296797026 2501.7604296797026 0.04631913042544279
88 86 90 92 3.70739 220.38176262551627 59.44391138388901 0.02246656542743008
88 86 92 94 0.774309 185.14521082612808 239.11024000254173 0.024399729307033755
88 86 94 96 0.312255 188.29229968742428 603.0081173637709 0.027815695505276135
88 86 96 98 0.141496 166.2029530307824 1174.6123779526092 0.0348883360660372
88 86 98 100 0.1 197.14473067881906 1971.4473067881904 0.04414324213727593
88 86 100 102 0.1 319.27217401197123 3192.721740119712 0.0603544938757591
88 86 102 104 0.1 489.44088322496486 4894.408832249648 0.07974149250289828
88 85 91 94 2.1923 193.66556991115337 88.33899097347688 0.022809350910003193
88 85 94 97 0.510994 183.0873866916024 358.29654886672336 0.025533489630015227
88 85 97 100 0.190619 164.24305017738806 861.6300063340383 0.03156059994019484
88 85 100 103 0.1 172.12599708320025 1721.2599708320024 0.0423547086729273
88 85 103 106 0.1 307.8295331515584 3078.2953315155837 0.05800606788943833
88 84 92 96 1.54345 183.40842745943942 118.83017101910617 0.023176792251125726
88 84 96 100 0.357342 164.00034995068694 458.94507208972624 0.027075658612757528
88 84 100 104 0.131366 149.81784853373233 1140.461371540066 0.03581695415861029
88 84 104 108 0.1 231.32557103923398 2313.2557103923396 0.05045815154878104
88 83 94 100 0.988716 188.17934576329432 190.32699558143523 0.023813046415755382
88 83 100 106 0.217047 166.68874674324616 767.9845689792817 0.030350477085608188
88 82 95 102 0.813319 175.2801671260174 215.5122001650243 0.024219586656650097
88 82 102 109 0.176813 156.89442122203806 887.346638663662 0.03232511184132388
89 88 90 91 7.91996 226.1993419775062 28.56066722275191 0.02241624073858959
89 88 91 92 1.79995 199.4767299319875 110.8234839478805 0.02299450540292786
89 88 92 93 0.652567 183.01689874306047 280.4568707014919 0.02476355684550399
89 88 93 94 0.319236 182.4297479641755 571.4573167317454 0.027565907353807213
89 88 94 95 0.187289 187.4533304716666 1000.8774165683334 0.03160981157462531
89 88 95 96 0.116505 183.61482413155778 1576.0252704309496 0.037574696364962884
89 88 96 97 0.1 230.5117200766806 2305.117200766806 0.04768095899323736
89 87 91 93 3.4503 194.99379573577747 56.51502644285351 0.022527936701156423
89 87 93 95 0.80537 187.93476398795033 233.35207915361923 0.024556141897512946
89 87 95 97 0.309644 176.4466928615405 569.8372739712073 0.02785783028251799
89 87 97 99 0.145517 165.0164213183211 1134.0009848905702 0.03450462832521286
89 87 99 101 0.1 183.83062786706105 1838.3062786706105 0.04466984914455294
89 87 101 103 0.1 318.5558057838905 3185.5580578389045 0.05932899014747877
89 87 103 105 0.1 469.696267846011 4696.96267846011 0.07775631947126732
89 86 92 95 2.11996 184.69652629323505 87.12264679203149 0.022839591313043642
89 86 95 98 0.50305 173.702576316971 345.2988297723308 0.025593499652122056
89 86 98 101 0.191224 156.71499492098553 819.5362241192818 0.03157459314730369
89 86 101 104 0.1 171.57393301365653 1715.739330136565 0.04207854935201619
89 86 104 107 0.1 300.12230861623146 3001.2230861623143 0.05790209322806907
89 85 93 97 1.57236 184.05697394359416 117.05778189701732 0.02337668218474141
89 85 97 101 0.357581 159.79808110063672 446.8863868623801 0.027074564923751543
89 85 101 105 0.134411 154.1025877206091 1146.502799031397 0.03555929202223033
89 85 105 109 0.1 230.87144956240434 2308.714495624043 0.050756154747948416
89 84 94 99 1.22533 177.80471803803118 145.10761838690897 0.023452229195400423
89 84 99 104 0.273483 150.46364470801473 550.175494301345 0.028628909292350898
89 84 104 109 0.1018 146.04543927665824 1434.631034151849 0.040205795677799604
89 83 96 103 0.804452 169.57433131761778 210.7948408576494 0.024237766827604385
89 83 103 110 0.179144 156.0897485796203 871.308827421629 0.032124826954851964
90 89 91 92 7.1451 199.3892882160447 27.90573794853042 0.02241405718604358
90 89 92 93 1.64062 184.76078309682936 112.61643957578804 0.02306755982494423
90 89 93 94 0.651618 186.38743155492688 286.0378804068133 0.024840596791371627
90 89 94 95 0.337171 192.89950759804867 572.1117996448351 0.027392954910119793
90 89 95 96 0.190946 188.27685260216944 986.0214542444955 0.031617211148701724
90 89 96 97 0.108502 166.9762443979504 1538.9231940236161 0.03884343145748465
90 89 97 98 0.1 234.238297249031 2342.38297249031 0.04831014980238926
90 88 92 94 3.26268 184.42325543423814 56.52508227415442 0.022607604791153285
90 88 94 96 0.83274 189.4434636143275 227.49413215929042 0.024162295554434755
90 88 96 98 0.296511 163.835184303426 552.5433602916114 0.028127556819139928
90 88 98 100 0.151695 161.03884938885216 1061.5962911688068 0.03398806816309041
90 88 100 102 0.1 188.18364128149494 1881.8364128149494 0.0455226550767609
90 88 102 104 0.1 307.9447097322572 3079.4470973225716 0.05879447912303464
90 88 104 106 0.1 470.6355569013931 4706.355569013931 0.07675870693765913
90 87 93 96 2.17649 187.98946256204098 86.37276650112842 0.022802732840490884
90 87 96 99 0.492598 165.18144025815602 335.3270623473015 0.025677834664371353
90 87 99 102 0.187674 149.58113968903987 797.0264378072608 0.03175010923196607
90 87 102 105 0.1 167.2646796579737 1672.6467965797367 0.04188323793232011
90 87 105 108 0.1 293.6396537744256 2936.396537744256 0.05660449431496015
90 86 94 98 1.5827 181.60168219625442 114.74169596022898 0.02311638339546345
90 86 98 102 0.3608 157.2916929425229 435.9525857608728 0.027022921286031044
90 86 102 106 0.134071 152.03582495394784 1133.9948605884035 0.03564879802492709
90 86 106 110 0.1 221.40141883140083 2214.014188314008 0.05134886716518627
90 85 95 100 1.21992 171.99061612444538 140.98515978461324 0.02347117024067152
90 85 100 105 0.271018 151.1747143327864 557.8032246300482 0.02868547476551373
90 85 105 110 0.1 141.10962458608637 1411.0962458608635 0.040619143023330966
90 84 96 102 0.963616 160.9101861436961 166.98579739615792 0.023866540198585327
90 84 102 108 0.220522 149.52477343091903 678.0492351371702 0.030239840015962124
91 90 92 93 6.696 193.71708354924326 28.93026934725855 0.02240809438470729
91 90 93 94 1.75922 205.40637930282602 116.75991593025661 0.023030223621832404
91 90 94 95 0.760218 220.95878453488712 290.65187161430947 0.024382848077788212
91 90 95 96 0.379916 217.87616564918306 573.4851010465026 0.026774444877288667
91 90 96 97 0.196369 192.66845611398404 981.1551523610348 0.03122921642418101
91 90 97 98 0.117732 187.76249406009623 1594.8297324439934 0.0375007644480685
91 90 98 99 0.1 236.19782695481504 2361.9782695481504 0.04399791307372357
91 89 93 95 3.50801 203.3737954253091 57.97412077653972 0.022850490734062902
91 89 95 97 0.876922 198.08882691628153 225.89104494616572 0.02404403128214368
91 89 97 99 0.320673 180.12666202035777 561.7144630834457 0.02765995266205761
91 89 99 101 0.154382 161.02764388106618 1043.0467533848907 0.033786192690857746
91 89 101 103 0.1 198.02764467418032 1980.276446741803 0.044016914984656916
91 89 103 105 0.1 311.34300312883283 3113.4300312883283 0.055782559279729
91 89 105 107 0.1 473.7499723422746 4737.499723422746 0.07338690481311641
91 88 94 97 2.34889 201.05516430071694 85.59581942990815 0.022750086210933676
91 88 97 100 0.52492 172.72232743034303 329.0450495891622 0.02544107673550255
91 88 100 103 0.19182 157.6577592115694 821.9046982148338 0.031522729642373064
91 88 103 106 0.1 168.0400217670151 1680.4002176701508 0.04054527539739648
91 88 106 109 0.1 291.00165060102404 2910.0165060102404 0.05598485870046811
91 87 95 99 1.65231 186.8305272133015 113.0723213036909 0.023074889094661415
91 87 99 103 0.367453 158.27538118112005 430.7363967122872 0.026927171638277552
91 87 103 107 0.142078 159.25581737827633 1120.904132788161 0.03479680175678148
91 87 107 111 0.1 213.1190211326928 2131.190211326928 0.051679669074800184
91 86 96 101 1.2325 170.88045697018708 138.64540119284956 0.02344615010141988
91 86 101 106 0.283792 161.47581615283153 568.9935451063861 0.02837225855556182
91 86 106 111 0.1 134.74168875055054 1347.4168875055054 0.040629732985404926
91 85 97 103 0.997365 166.30110653056812 166.74046766285977 0.02380136660099362
91 85 103 109 0.22847 155.5408089790549 680.7931412397903 0.029926642447586114
91 84 98 105 0.842592 162.4880746792849 192.8431253551955 0.024133424005924574
92 91 93 94 6.60232 187.56997046793356 28.40970605301372 0.022402888681554364
92 91 94 95 1.89056 212.4462282810959 112.37211634705902 0.022935643407244414
92 91 95 96 0.78196 216.6199837458867 277.0218217631167 0.02428954166453527
92 91 96 97 0.355518 193.20938114351108 543.4587873005336 0.027097277774964977
92 91 97 98 0.194967 188.8740968423288 968.7490541595696 0.03125354547179779
92 91 98 99 0.127264 195.09634645255593 1533.0049853262192 0.03633124842846367
92 91 99 100 0.1 213.13167874066394 2131.3167874066394 0.04461977835878543
92 90 94 96 3.81286 215.49988533247762 56.51922319006667 0.022448065231873184
92 90 96 98 0.864901 191.41084456080677 221.30954243411298 0.024077657442874965
92 90 98 100 0.346206 185.5923931039028 536.0750336617585 0.027254033725585342
92 90 100 102 0.156465 170.51278935267501 1089.7823113966383 0.03363352826510722
92 90 102 104 0.1 195.49151548269438 1954.9151548269438 0.042641163116456555
92 90 104 106 0.1 318.78493100576304 3187.84931005763 0.05428397132298907
92 90 106 108 0.1 459.7047854214978 4597.047854214978 0.07556841435132555
92 89 95 98 2.39586 200.2724437960326 83.59104613626532 0.0227253387092735
92 89 98 101 0.548386 175.52936648043797 320.08360257270965 0.02528711528011291
92 89 101 104 0.202697 170.30403067545328 840.1901886828778 0.03091205099236792
92 89 104 107 0.101641 170.67491038714707 1679.1935379142972 0.03983176080518688
92 89 107 110 0.1 289.4707526093981 2894.707526093981 0.05586621864197507
92 88 96 100 1.65924 181.62038013278377 109.45998175838562 0.023069405269882597
92 88 100 104 0.372408 162.95981586804885 437.58409021301594 0.02683860174861979
92 88 104 108 0.147516 164.15922702428168 1112.8231990040515 0.03442826540849806
92 87 97 102 1.26987 173.7484142427786 136.82378057815257 0.023409207241686155
92 87 102 107 0.293034 163.97734625552422 559.584711178649 0.028182702348532936
92 86 98 104 1.03258 168.79305108593442 163.46728687940345 0.023738877375118633
92 86 104 110 0.232154 156.23371269934285 672.9744596231072 0.029793929891365215
92 85 99 106 0.850338 162.29277530543067 190.85678319142582 0.024127264687688894
93 92 94 95 6.53981 184.19100396813312 28.164580311680787 0.022362687906835214
93 92 95 96 1.78864 198.9412659253309 111.2248780779424 0.0229063366580195
93 92 96 97 0.665442 181.83438281584634 273.2535409785471 0.02462721018511005
93 92 97 98 0.320278 178.95042345752827 558.7346725579911 0.027574138716989615
93 92 98 99 0.189403 183.73420402271503 970.0701890820898 0.03185345533069698
93 92 99 100 0.117055 168.99915913616576 1443.758567649103 0.037276493955832726
93 92 100 101 0.1 224.3978636344981 2243.9786363449807 0.046344925284216486
93 91 95 97 3.66701 202.59400202179526 55.24773644516794 0.022158736954630612
93 91 97 99 0.855042 189.7906867530308 221.9665077891271 0.023760552113229527
93 91 99 101 0.329755 171.29311831764988 519.4557120215004 0.026996285120771478
93 91 101 103 0.156821 177.43344048292764 1131.4392873590123 0.03303753961523011
93 91 103 105 0.1 194.58621311319814 1945.8621311319812 0.043887823109449504
93 91 105 107 0.1 316.1087286633161 3161.087286633161 0.051610097544917445
93 91 107 109 0.1 477.01864066911634 4770.186406691163 0.06794787687684511
93 90 96 99 2.27364 188.3015586307199 82.81942551622944 0.022619605566404535
93 90 99 102 0.536245 170.944926703749 318.7813904162258 0.02519605777210044
93 90 102 105 0.20129 169.28400521505299 840.9956044267127 0.031231457101694074
93 90 105 108 0.104548 176.60404800964037 1689.2149826839382 0.038710448789072954
93 90 108 111 0.1 276.77282274607114 2767.7282274607114 0.05600484877222434
93 89 97 101 1.65109 180.06777291632645 109.05993792968673 0.022886523448146377
93 89 101 105 0.384199 172.7583241718491 449.6584430772831 0.026516128360563145
93 89 105 109 0.144492 163.45723983765447 1131.2546012073642 0.03479362179220995
93 88 98 103 1.29443 175.0493887164533 135.23279645593297 0.023177228587100116
93 88 103 108 0.302362 168.41029491091115 556.982342063193 0.027781864123137167
93 87 99 105 1.01314 163.97748361544433 161.85076456900757 0.023771354403142708
93 87 105 111 0.22821 149.90799619448376 656.8861846303131 0.029900092020507425
93 86 100 107 0.839473 163.23366265106205 194.44778170478628 0.024110781406906475
94 93 95 96 6.90833 194.3151007811827 28.1276518031395 0.022443869936728558
94 93 96 97 1.58152 175.1010907580883 110.71696264232403 0.023170026303808995
94 93 97 98 0.612387 173.55389162842872 283.40557789180485 0.02504568189723165
94 93 98 99 0.329597 186.04198905817537 564.4529199542939 0.027582987709232794
94 93 99 100 0.18755 173.26662102809323 923.84228753982 0.0314236736870168
94 93 100 101 0.101611 156.087466254408 1536.127646164372 0.040433712885415946
94 93 101 102 0.1 246.8596444320123 2468.596444320123 0.04910869008990149
94 92 96 98 3.18126 176.63936859149555 55.52497079506094 0.022549134619616128
94 92 98 100 0.824036 180.01671884565354 218.4573475499293 0.024184865709750546
94 92 100 102 0.296476 165.34749680327238 557.7095508684425 0.028089390034943804
94 92 102 104 0.145531 166.52429936068694 1144.2531100637455 0.03445286571245989
94 92 104 106 0.1 203.8044489768215 2038.0444897682148 0.0440394535120072
94 92 106 108 0.1 313.6140269014661 3136.1402690146606 0.057195851806455936
94 92 108 110 0.1 477.5312179598125 4775.312179598125 0.07722971687965906
94 91 97 100 2.16227 179.44761266642453 82.99038171293341 0.022815541074888892
94 91 100 103 0.497086 166.29938316577943 334.5485150774301 0.02563371328100168
94 91 103 106 0.201567 172.54401834529796 856.0132280844481 0.03114061329483497
94 91 106 109 0.1 169.58232307836684 1695.8232307836684 0.040643015566896736
94 90 98 102 1.62283 177.2882217152178 109.24633000081204 0.023097249865974872
94 90 102 106 0.377161 172.23369616006468 456.65828693864074 0.02680308939683583
94 90 106 110 0.140371 156.65270766139082 1115.9905369441753 0.035142158992954385
94 89 99 104 1.23155 166.92627950910278 135.54161788729877 0.023440769761682433
94 89 104 109 0.295813 168.42556668818662 569.3649930469135 0.028110191235679302
94 88 100 106 0.990303 165.90513992803153 167.5296751883328 0.02381377214852424
94 87 101 108 0.840913 167.06257968593374 198.66809014242108 0.024131925656994242
95 94 96 97 7.62802 215.9214203797612 28.306352156884905 0.02241800886730764
95 94 97 98 1.60697 185.69962524236252 115.55886248179027 0.023106871939115228
95 94 98 99 0.688443 197.6459706925798 287.09126346346727 0.024628952578499598
95 94 99 100 0.328945 177.519501158599 539.6631690969585 0.027530012616090838
95 94 100 101 0.173087 170.4171804227738 984.5752738378608 0.032354942889991745
95 94 101 102 0.1104 186.299324738595 1687.4938835017663 0.038425905797101444
95 94 102 103 0.1 250.60793163412495 2506.0793163412495 0.047996756640083606
95 93 97 99 3.28033 188.1252121275407 57.34947768289796 0.022391091749915402
95 93 99 101 0.798536 173.51566450952447 217.2922254094048 0.02412491108728974
95 93 101 103 0.300934 178.84547820872433 594.3013358700723 0.02795792432892262
95 93 103 105 0.153712 179.08639239540773 1165.0774981485358 0.03370940460081191
95 93 105 107 0.1 206.8841392458288 2068.841392458288 0.041003229240947084
95 93 107 109 0.1 332.7097078936982 3327.0970789369817 0.06115585743861299
95 93 109 111 0.1 434.8066050460835 4348.066050460835 0.0869424769375741
95 92 98 101 2.19016 182.1177704982136 83.15272422937757 0.02280082277093911
95 92 101 104 0.498596 175.1630763911295 351.312638671649 0.025614044236215296
95 92 104 107 0.200878 175.67510250521588 874.536298177082 0.031167773474447175
95 92 107 110 0.1 172.4303068027208 1724.303068027208 0.041467798195215545
95 91 99 103 1.56161 171.72499457334936 109.96663352139738 0.02314314713660901
95 91 103 107 0.381141 175.48475911637016 460.41952746193704 0.026743436156173174
95 91 107 111 0.134313 147.71505519364717 1099.7822637693089 0.035736079158383775
95 90 100 105 1.21012 171.6173775226474 141.81847876462447 0.02348556341519849
95 90 105 110 0.291271 167.25037624366018 574.2088166815789 0.02822714928709003
95 89 101 107 1.00619 174.2120863638011 173.1403476120823 0.02379269322891303
95 88 102 109 0.844258 169.40632179350712 200.65705245731414 0.02412237728277375
96 95 97 98 7.26266 209.6309781634645 28.86421478679499 0.022413175062580375
96 95 98 99 1.81707 207.59108684944874 114.24495855935585 0.022982609365627082
96 95 99 100 0.669936 180.45096095272592 269.3555219494488 0.02473036230326479
96 95 100 101 0.313858 177.05184001620762 564.1144722014657 0.027656806581320213
96 95 101 102 0.185786 196.57018991572184 1058.04630012876 0.03192344956024674
96 95 102 103 0.108491 181.5062085397382 1673.007056251101 0.03871436340341595
96 95 103 104 0.1 246.06339293558358 2460.633929355836 0.046476772364848054
96 94 98 100 3.50404 196.83508614499254 56.173755477960455 0.02251253124964327
96 94 100 102 0.784089 181.24660990795306 231.15565950798066 0.024257067756338884
96 94 102 104 0.302343 179.15111864602886 592.5426374879818 0.02802714135931707
96 94 104 106 0.158376 190.2297110321429 1201.1271343646947 0.03346390867303127
96 94 106 108 0.1 201.97313349843228 2019.7313349843225 0.042267308973859975
96 93 99 102 2.12965 177.02569923200357 83.1243158415719 0.022899664264080955
96 93 102 105 0.50285 177.70155626587191 353.38879639230765 0.025668211196181765
96 93 105 108 0.202978 179.5118433345891 884.3906400427095 0.030853442244972364
96 93 108 111 0.1 166.30064315943093 1663.0064315943093 0.043237757030235226
96 92 100 104 1.5298 176.2297842473179 115.19792407328924 0.02312336253104981
96 92 104 108 0.382592 179.01583555050755 467.90271503457353 0.026737203077952493
96 91 101 106 1.23226 181.18842042401533 147.03749243180445 0.023464187752584683
96 91 106 111 0.283102 157.5913362352423 556.6592119986517 0.028374684742601606
96 90 102 108 1.01236 176.32251231729012 174.169773911741 0.023750217313998973
96 89 103 110 0.857526 172.76041429612533 201.46376237703035 0.024070605439368602
97 96 98 99 7.95528 223.80080309103582 28.132360280346614 0.022421102714172223
97 96 99 100 1.65055 175.99389185670796 106.62742228754534 0.023080227802853594
97 96 100 101 0.598691 167.7519623531899 280.1979023456005 0.0250515374375095
97 96 101 102 0.304572 182.94731948076665 600.6701846550787 0.027995876180344874
97 96 102 103 0.1659 172.00130844223412 1036.7770249682587 0.032934297769740814
97 96 103 104 0.10527 170.97580704674328 1624.1645962453051 0.039352997055191415
97 96 104 105 0.1 245.10144122290058 2451.0144122290058 0.04742686853274357
97 95 99 101 3.23346 175.42060914162715 54.251671318534065 0.022537928411051938
97 95 101 103 0.765752 183.53678722900278 239.68176018998682 0.024364010802453012
97 95 103 105 0.304372 177.74201209972588 583.9630849740643 0.02799738477915183
97 95 105 107 0.152549 180.2488872519439 1181.5802611091774 0.03383424342342461
97 95 107 109 0.1 207.3035168040081 2073.035168040081 0.04310942367836447
97 94 100 103 2.0319 176.36358659047082 86.79737516141091 0.022868610659973424
97 94 103 106 0.510195 180.77941999029713 354.3339703256542 0.02554323346955576
97 94 106 109 0.196036 171.48169645862484 874.7459469619093 0.03138755126609399
97 93 101 105 1.5267 181.1978622917458 118.68596468968744 0.023150638632344272
97 93 105 109 0.371018 175.6187360969219 473.3429000666326 0.02685610940709076
97 92 102 107 1.20237 176.25077771508907 146.5861404684823 0.02348626462736096
97 91 103 109 1.0059 175.75599367420932 174.7251154928018 0.023775922059846903
97 90 104 111 0.843765 168.9462777059484 200.22906580143572 0.024095962738440207
98 97 99 100 6.97685 193.78039933923847 27.774769321289476 0.022413136300766103
98 97 100 101 1.5246 178.71453256084902 117.22060380483342 0.023192922733831823
98 97 101 102 0.617511 192.6189860331742 311.9280240079516 0.024929078186461454
98 97 102 103 0.295091 180.73559405232191 612.47409799798 0.028165955586581765
98 97 103 104 0.170615 178.7184383998376 1047.4954628833198 0.032810069454620054
98 97 104 105 0.110043 185.20578562517437 1683.0310480918765 0.03863553338240506
98 97 105 106 0.1 261.4906047828768 2614.906047828768 0.047572309832109985
98 96 100 102 3.04537 179.45076462549252 58.92576751773759 0.02259192479074792
98 96 102 104 0.737941 177.0658002938508 239.94574131787067 0.02444822824588958
98 96 104 106 0.303321 182.76243590350865 602.53802375539 0.02801672155900844
98 96 106 108 0.1468 169.3177306252653 1153.3905355944503 0.0344642370572207
98 96 108 110 0.1 205.10712831425846 2051.0712831425844 0.04543130869194043
98 95 101 104 2.02627 184.41513102551136 91.01212129948692 0.02290279182932186
98 95 104 107 0.50824 181.44669210415935 357.0098616877053 0.02557067527152526
98 95 107 110 0.18868 165.38848142309052 876.5554453205986 0.03182101971592114
98 94 102 106 1.50213 179.95078991363712 119.79708142014148 0.023199856204190048
98 94 106 110 0.362693 168.37004785795173 464.2219393755924 0.02701976602801819
98 93 103 108 1.20146 177.3427631725806 147.6060486179986 0.023547001148602534
98 92 104 110 0.994268 175.50201178695937 176.5137888245014 0.023775470999770686
99 98 100 101 6.48984 197.45676268310106 30.425520919329454 0.0224287332199253
99 98 101 102 1.57769 199.72070551164006 126.59058846265113 0.023140281043804552
99 98 102 103 0.607695 186.28177837903633 306.5382772262999 0.024994462682760267
99 98 103 104 0.307806 183.83117498720932 597.2306419862164 0.027901015574745128
99 98 104 105 0.181602 190.29781321473283 1047.8839066460325 0.0319478860364974
99 98 105 106 0.112083 194.15240081931452 1732.2198800827468 0.03815128074730333
99 98 106 107 0.1 241.48686246276858 2414.8686246276857 0.04639475610729736
99 97 101 103 3.09872 193.6662885527034 62.498802264387685 0.022569451257293333
99 97 103 105 0.771764 184.74199496290805 239.37627948817004 0.024343231868809635
99 97 105 107 0.30523 183.69518427227212 601.8254571053701 0.027952396553418735
99 97 107 109 0.147214 176.68098058327564 1200.164254644773 0.03431351637751844
99 97 109 111 0.1 184.4555130871817 1844.555130871817 0.04583302001664866
99 96 102 105 2.01876 182.5164139928534 90.41015969845519 0.022883507697794687
99 96 105 108 0.50248 179.36806391132643 356.9655785530298 0.02561339754816112
99 96 108 111 0.182328 153.11186598670983 839.7605742766324 0.03188089596770655
99 95 103 107 1.53546 182.83865533179798 119.07744606293747 0.02317057429044065
99 95 107 111 0.351674 159.67753096720693 454.049861426227 0.027127140476691482
99 94 104 109 1.22221 182.36228324280862 149.20699654135427 0.023450266320845025
99 93 105 111 0.971172 169.65929219578717 174.69541151905858 0.023890330446100175
100 99 101 102 7.04423 202.9330501474687 28.808407753220536 0.0224314027225119
100 99 102 103 1.59189 176.23457936606715 110.70776207279846 0.023125511184818048
100 99 103 104 0.642125 173.11721774180035 269.60049482857755 0.02488610473038739
100 99 104 105 0.327553 177.62874087056244 542.2900747987728 0.02755514374772938
100 99 105 106 0.18239 178.99670925152634 981.3954123116747 0.0320653544602226
100 99 106 107 0.112683 164.74469044080627 1462.0190307393862 0.03796535413505143
100 99 107 108 0.1 222.79513894291267 2227.9513894291267 0.04797379028009391
100 98 102 104 3.14939 178.14689778338138 56.56552468363124 0.022573558689142976
100 98 104 106 0.805245 183.23565204281917 227.55267284220227 0.0242513396543909
100 98 106 108 0.30498 166.4347150913081 545.7233756026891 0.028126762410649882
100 98 108 110 0.146958 163.52291603892112 1112.718709011562 0.03427421440139359
100 97 103 106 2.10807 180.03195858538123 85.40131901947336 0.02286658412671306
100 97 106 109 0.503313 169.77711223168455 337.3191477901118 0.025604802578117394
100 96 104 108 1.56194 178.43253889035003 114.23776770576976 0.023135824679565153
100 95 105 110 1.21112 173.39487813830638 143.16903208460465 0.02346350485501024
101 100 102 103 6.47328 179.70771996712023 27.761462499246168 0.022420755783775767
101 100 103 104 1.51609 164.46073415336758 108.47689395310805 0.02314629738340072
101 100 104 105 0.623989 170.80122287447736 273.7247337284429 0.02489620810623264
101 100 105 106 0.303453 172.17925787280893 567.4000846022578 0.027965088498054066
101 100 106 107 0.170064 157.83628467689115 928.099331292285 0.032697984288267944
101 100 107 108 0.10011 151.31204604787467 1511.4578568362267 0.040374488063130556
101 100 108 109 0.1 240.3034460437165 2403.034460437165 0.049217181191937694
101 99 103 105 3.11 168.79165223628416 54.27384316279234 0.022562813504823153
101 99 105 107 0.769228 169.32760881955383 220.12668392148208 0.024326987577155276
101 99 107 109 0.287201 157.5253000131599 548.4845108936247 0.02840397491652188
101 99 109 111 0.132207 128.46198132929084 971.6730682134141 0.03578396000211789
101 98 104 107 2.08928 174.3118508329068 83.43154140800027 0.022840279905039056
101 98 107 110 0.478076 157.47220547903197 329.38738919969205 0.025773182506547077
101 97 105 109 1.50934 170.33758387883472 112.85567458547096 0.023172346853591635
101 96 106 111 1.1542 156.58150004310937 135.66236357919718 0.02353695200138624
102 101 103 104 7.67423 217.8706026002011 28.389897435990466 0.022415972677389134
102 101 104 105 1.74333 200.62158903997445 115.07952541399187 0.02302223904825822
102 101 105 106 0.676617 201.4519418471451 297.7340827190938 0.024573532737131934
102 101 106 107 0.316448 176.9848864200959 559.2858429192029 0.027876459955506118
102 101 107 108 0.180459 180.34350333657406 999.3599839108831 0.03156578502596158
102 101 108 109 0.107976 183.19885352487034 1696.6627169451576 0.03859431725568645
102 101 109 110 0.1 228.57873605977647 2285.7873605977647 0.04817124073127262
102 100 104 106 3.34658 191.62652554461317 57.260404814650535 0.02250141637134029
102 100 106 108 0.767766 169.57016448765748 220.86177883320892 0.024354985763891602
102 100 108 110 0.287189 162.42240035929578 565.5592671003965 0.028318424452190016
102 99 105 108 2.1133 179.08364331654488 84.74123092629767 0.022810121610750956
102 99 108 111 0.468243 150.75773900719298 321.9647469523153 0.025877888190533545
102 98 106 110 1.50873 167.13507769968464 110.77865337050675 0.023173994021461763
103 102 104 105 8.37699 242.72329849778902 28.975001581449785 0.02241143298487882
103 102 105 106 1.75652 208.13993677628056 118.49562588315564 0.022995411381595426
103 102 106 107 0.647779 180.01944291781103 277.9025607773809 0.024773757716752165
103 102 107 108 0.297887 169.36747623607704 568.5628316646146 0.0280735983779084
103 102 108 109 0.167131 176.5282148539843 1056.2266417001292 0.03310397233308004
103 102 109 110 0.101043 153.6926254743248 1521.0615824384156 0.039884999455677285
103 102 110 111 0.1 208.30297863050893 2083.029786305089 0.05203928752541779
103 101 105 107 3.39771 197.72279441226212 58.192957731019455 0.022498220860520765
103 101 107 109 0.755623 175.90546441320578 232.79527543921475 0.024316027966327123
103 101 109 111 0.271917 142.20553740491144 522.9740597495244 0.028740424467760383
103 100 106 109 2.05584 173.67588260556118 84.4792798104722 0.022844905245544403
103 99 107 111 1.44841 159.86655655266478 110.37382823417732 0.02317514377835005
104 103 105 106 10.5209 304.08386348820824 28.902837541294783 0.022398818542139935
104 103 106 107 1.98003 215.0856156931272 108.62745296441328 0.022924748614919974
104 103 107 108 0.674836 187.83194906702263 278.33717979927366 0.024682693276588685
104 103 108 109 0.312614 184.967459770184 591.6800263909614 0.027716576992713057
104 103 109 110 0.177959 166.5109528117424 935.6703106431393 0.0327455200355138
104 103 110 111 0.1 137.68190165589402 1376.8190165589401 0.04073244786111085
104 102 106 108 3.60052 198.31298766130666 55.078985163617105 0.022487235177141077
104 102 108 110 0.761483 174.5296821988202 229.19708279609682 0.0243892903715513
104 101 107 110 2.09259 178.2116545857177 85.16319708386148 0.022804156571521416
105 104 106 107 12.6286 344.5149869373767 27.280536792469213 0.02242234689514277
105 104 107 108 2.27396 255.57072277363304 112.39015759891687 0.022794525849179403
105 104 108 109 0.760322 226.49406637166396 297.89229612146426 0.024374909577784147
105 104 109 110 0.330578 178.7961366048425 540.8591515613335 0.02754324244202579
105 104 110 111 0.165827 145.83444095087793 879.4372505736577 0.03289946751735242
105 103 107 109 4.02319 229.40679913889704 57.021119842437734 0.022411993964987983
105 103 109 111 0.772874 161.6530916447077 209.1584031093137 0.024399889244559915
105 102 108 111 2.17594 182.66240746022697 83.9464357749878 0.02282909455223949
106 105 107 108 12.401 378.3362298839085 30.50852591596714 0.022400612853802113
106 105 108 109 2.33517 296.1792730712397 126.83413758794421 0.022774847227396717
106 105 109 110 0.719009 206.1621867936601 286.73102394220393 0.024448901195951653
106 105 110 111 0.299954 161.50587403934802 538.4354735704409 0.02807887209372104
106 104 108 110 4.14316 249.92324088756232 60.321889786434106 0.022430782301431758
107 106 108 109 13.044 378.5778792558391 29.023143150554976 0.022427501533272002
107 106 109 110 2.24357 236.4893434298925 105.40760637283103 0.02280849717191797
107 106 110 111 0.67897 171.20061270552208 252.14753627630395 0.024658423788974478
107 105 109 111 3.93946 209.57098975315603 53.19789761874877 0.022441725515679814
108 107 109 110 9.37403 253.53427676573946 27.046454594847624 0.02241496773532835
108 107 110 111 1.7738 188.69330245767478 106.37800341508331 0.023002987935505693
109 108 110 111 6.8205 210.07721610260475 30.800852738450956 0.022412806978960486
