96
# x y z
10	-3.1475728392062	0
11	-3.5010068782312	0
12	-3.9057622748418	0
13	-4.2288421761734	0
14	-4.6271223231956	0
15	-5.0311009417524	0
16	-5.3909272338575	0
17	-5.7347306247798	0
18	-6.0837642543941	0
19	-6.4388587247775	0
20	-6.7947828810809	0
21	-7.1212807657506	0
22	-7.5100512078929	0
23	-7.8934111970058	0
24	-8.2735719560191	0
25	-8.6960513763935	0
26	-9.0969626944767	0
27	-9.4573576381466	0
28	-9.7938334341109	0
29	-10.141723291542	0
30	-10.516683096053	0
31	-10.88314470352	0
32	-11.212862429865	0
33	-11.575464665823	0
34	-11.929749264984	0
35	-12.256877871166	0
36	-12.573983451574	0
37	-12.954610666685	0
38	-13.322131914647	0
39	-13.694539719761	0
40	-14.037132411784	0
41	-14.381878139675	0
42	-14.711343305752	0
43	-15.020524772497	0
44	-15.337070145625	0
45	-15.637935613022	0
46	-15.969767680675	0
47	-16.351998339304	0
48	-16.517719667716	0
49	-16.630389952466	0
50	-16.769467712333	0
51	-16.870076326845	0
52	-16.888916766174	0
53	-16.897263851982	0
54	-16.876823982299	0
55	-16.84588354948	0
56	-16.789050543957	0
57	-16.832496080166	0
58	-16.903060507684	0
59	-17.094308400378	0
60	-17.109043171305	0
61	-17.261601015943	0
62	-17.385208973099	0
63	-17.544376909743	0
64	-17.736941407452	0
65	-17.895989658292	0
66	-18.08930966041	0
67	-18.263841601321	0
68	-18.439310679008	0
69	-18.722019325698	0
70	-18.99172174349	0
71	-19.318601155086	0
72	-19.543781465213	0
73	-19.704709856813	0
74	-19.91124615724	0
75	-20.169823162554	0
76	-20.440629748261	0
77	-20.64571126569	0
78	-20.66751422703	0
79	-20.578857410106	0
80	-20.533301783602	0
81	-20.503013915995	0
82	-20.414860380895	0
83	-20.261221285139	0
84	-20.143236144993	0
85	-20.096291178188	0
86	-20.08853309823	0
87	-20.053950333814	0
88	-20.133133798148	0
89	-20.149845755592	0
90	-19.931440073157	0
91	-19.737658783655	0
92	-19.531050582599	0
93	-19.375666664726	0
94	-19.111405604843	0
95	-18.817156263196	0
96	-18.600566028621	0
97	-18.384061022341	0
98	-18.192904263094	0
99	-18.071974903593	0
100	-18.083563746985	0
101	-18.134493010851	0
102	-18.249165056822	0
103	-18.293431757352	0
104	-18.321351929833	0
105	-18.372570506574	0
1488
# a b m n err i ip iperr k r rhoa u valid 
1	4	2	3	7.01114849914704e-02	1.00000000000000e+00	0.00000000000000e+00	0.00000000000000e+00	6.56531199683009e+00	6.58511248528026e+01	4.48490862676344e+02	6.58511248528026e+01	1
2	5	3	4	7.01269351677724e-02	1.00000000000000e+00	0.00000000000000e+00	0.00000000000000e+00	6.86102341587815e+00	6.78662155971423e+01	3.93901870360028e+02	6.78662155971423e+01	1
3	6	4	5	7.01102084302022e-02	1.00000000000000e+00	0.00000000000000e+00	0.00000000000000e+00	6.65331022097244e+00	6.51127239260085e+01	4.53685801605671e+02	6.51127239260085e+01	1
4	7	5	6	7.01123653648026e-02	1.00000000000000e+00	0.00000000000000e+00	0.00000000000000e+00	6.69269351465154e+00	6.86519075577779e+01	4.44976973890979e+02	6.86519075577779e+01	1
5	8	6	7	7.01124900196862e-02	1.00000000000000e+00	0.00000000000000e+00	0.00000000000000e+00	6.72636874779498e+00	6.56014092636002e+01	4.44483876343004e+02	6.56014092636002e+01	1
6	9	7	8	7.01355568939590e-02	1.00000000000000e+00	0.00000000000000e+00	0.00000000000000e+00	6.67737795022556e+00	6.44170740749711e+01	3.68848817199404e+02	6.44170740749711e+01	1
7	10	8	9	7.01177343665890e-02	1.00000000000000e+00	0.00000000000000e+00	0.00000000000000e+00	6.65631422212063e+00	6.68073455133238e+01	4.24684834586747e+02	6.68073455133238e+01	1
8	11	9	10	7.01281167585774e-02	1.00000000000000e+00	0.00000000000000e+00	0.00000000000000e+00	6.65938427683278e+00	6.85071687325027e+01	3.90269005828845e+02	6.85071687325027e+01	1
9	12	10	11	7.01106647716954e-02	1.00000000000000e+00	0.00000000000000e+00	0.00000000000000e+00	6.62335598527585e+00	6.93375687048635e+01	4.51814965449076e+02	6.93375687048635e+01	1
10	13	11	12	7.01300200128932e-02	1.00000000000000e+00	0.00000000000000e+00	0.00000000000000e+00	6.75511159869438e+00	6.56748445272617e+01	3.84556183985936e+02	6.56748445272617e+01	1
11	14	12	13	7.01184381840562e-02	1.00000000000000e+00	0.00000000000000e+00	0.00000000000000e+00	6.63406819994369e+00	6.62152586722618e+01	4.22161150126113e+02	6.62152586722618e+01	1
12	15	13	14	7.01253740905905e-02	1.00000000000000e+00	0.00000000000000e+00	0.00000000000000e+00	6.73286244162683e+00	6.51907799343018e+01	0.00000000000000e+00	6.51907799343018e+01	1
13	16	14	15	7.01204413294802e-02	1.00000000000000e+00	0.00000000000000e+00	0.00000000000000e+00	6.80176971193762e+00	6.70185057151213e+01	4.15139887742774e+02	6.70185057151213e+01	1
14	17	15	16	7.01156078164082e-02	1.00000000000000e+00	0.00000000000000e+00	0.00000000000000e+00	6.70892534994176e+00	6.60791785589802e+01	4.32496707865055e+02	6.60791785589802e+01	1
15	18	16	17	7.01277729911268e-02	1.00000000000000e+00	0.00000000000000e+00	0.00000000000000e+00	6.73949728093865e+00	6.65474619379601e+01	0.00000000000000e+00	6.65474619379601e+01	1
16	19	17	18	7.01167514860932e-02	1.00000000000000e+00	0.00000000000000e+00	0.00000000000000e+00	6.70906835272766e+00	6.43181931372881e+01	4.28260073367291e+02	6.43181931372881e+01	1
17	20	18	19	7.01300403594234e-02	1.00000000000000e+00	0.00000000000000e+00	0.00000000000000e+00	6.68411717377891e+00	6.39843101564504e+01	0.00000000000000e+00	6.39843101564504e+01	1
18	21	19	20	7.01196368903388e-02	1.00000000000000e+00	0.00000000000000e+00	0.00000000000000e+00	6.67836423626349e+00	6.57022517566159e+01	4.17931290744873e+02	6.57022517566159e+01	1
19	22	20	21	7.01208668238836e-02	1.00000000000000e+00	0.00000000000000e+00	0.00000000000000e+00	6.65334805573075e+00	6.70254898819317e+01	4.13678447016754e+02	6.70254898819317e+01	1
20	23	21	22	7.01244234144599e-02	1.00000000000000e+00	0.00000000000000e+00	0.00000000000000e+00	6.64874818471505e+00	6.66102258461058e+01	4.01853623910410e+02	6.66102258461058e+01	1
21	24	22	23	7.01323867354160e-02	1.00000000000000e+00	0.00000000000000e+00	0.00000000000000e+00	6.72471753621008e+00	6.45723173313123e+01	3.77681342793882e+02	6.45723173313123e+01	1
22	25	23	24	7.01170992960430e-02	1.00000000000000e+00	0.00000000000000e+00	0.00000000000000e+00	6.61992959204048e+00	6.39189376357278e+01	4.26988049369973e+02	6.39189376357278e+01	1
23	26	24	25	7.01173688667574e-02	1.00000000000000e+00	0.00000000000000e+00	0.00000000000000e+00	6.63776282503246e+00	6.56575501912541e+01	0.00000000000000e+00	6.56575501912541e+01	1
24	27	25	26	7.01144285805021e-02	1.00000000000000e+00	0.00000000000000e+00	0.00000000000000e+00	6.63755862830879e+00	6.84277929617691e+01	4.36953773092513e+02	6.84277929617691e+01	1
25	28	26	27	7.01182156373555e-02	1.00000000000000e+00	0.00000000000000e+00	0.00000000000000e+00	6.70555566234654e+00	6.77141952752350e+01	4.22955889072857e+02	6.77141952752350e+01	1
26	29	27	28	7.01163446489323e-02	1.00000000000000e+00	0.00000000000000e+00	0.00000000000000e+00	6.60389865975862e+00	6.61065728072908e+01	4.29757624943284e+02	6.61065728072908e+01	1
27	30	28	29	7.01109671682770e-02	1.00000000000000e+00	0.00000000000000e+00	0.00000000000000e+00	6.72378921998755e+00	6.86072962005357e+01	4.50583724684853e+02	6.86072962005357e+01	1
28	31	29	30	7.01135934381224e-02	1.00000000000000e+00	0.00000000000000e+00	0.00000000000000e+00	6.64967907865087e+00	6.43010580119149e+01	4.40166270397863e+02	6.43010580119149e+01	1
29	32	30	31	7.00976747112325e-02	1.00000000000000e+00	0.00000000000000e+00	0.00000000000000e+00	6.69243042890706e+00	6.98776388804589e+01	5.11903228267363e+02	6.98776388804589e+01	1
30	33	31	32	7.01153214838376e-02	1.00000000000000e+00	0.00000000000000e+00	0.00000000000000e+00	6.61984000631044e+00	6.88090145384031e+01	4.33570557160169e+02	6.88090145384031e+01	1
31	34	32	33	7.01050121773718e-02	1.00000000000000e+00	0.00000000000000e+00	0.00000000000000e+00	6.60924052574712e+00	6.99943475578101e+01	4.76135256418809e+02	6.99943475578101e+01	1
32	35	33	34	7.01142151142965e-02	1.00000000000000e+00	0.00000000000000e+00	0.00000000000000e+00	6.61625362649040e+00	6.83429043551994e+01	4.37770432643396e+02	6.83429043551994e+01	1
33	36	34	35	7.01059055114616e-02	1.00000000000000e+00	0.00000000000000e+00	0.00000000000000e+00	6.55842764191720e+00	6.98030977207899e+01	4.72118960665630e+02	6.98030977207899e+01	1
34	37	35	36	7.01024903658327e-02	1.00000000000000e+00	0.00000000000000e+00	0.00000000000000e+00	6.62771073390696e+00	7.04730559781810e+01	4.87850732054514e+02	7.04730559781810e+01	1
35	38	36	37	7.01101600593576e-02	1.00000000000000e+00	0.00000000000000e+00	0.00000000000000e+00	6.65531369546515e+00	7.05397833827165e+01	4.53885013239659e+02	7.05397833827165e+01	1
36	39	37	38	7.00996813138555e-02	1.00000000000000e+00	0.00000000000000e+00	0.00000000000000e+00	6.39485011101121e+00	7.45505053447268e+01	5.01598525000127e+02	7.45505053447268e+01	1
37	40	38	39	7.00896475830270e-02	1.00000000000000e+00	0.00000000000000e+00	0.00000000000000e+00	6.61145526171729e+00	7.59001447788935e+01	5.57739520818177e+02	7.59001447788935e+01	1
38	41	39	40	7.01127052722236e-02	1.00000000000000e+00	0.00000000000000e+00	0.00000000000000e+00	6.37433372484556e+00	6.85717908549638e+01	4.43634969451993e+02	6.85717908549638e+01	1
39	42	40	41	7.01143439908047e-02	1.00000000000000e+00	0.00000000000000e+00	0.00000000000000e+00	6.30742762505121e+00	7.21712902692018e+01	4.37277023900477e+02	7.21712902692018e+01	1
40	43	41	42	7.00984786866045e-02	1.00000000000000e+00	0.00000000000000e+00	0.00000000000000e+00	6.31646622710784e+00	7.65220095189354e+01	5.07724074355240e+02	7.65220095189354e+01	1
41	44	42	43	7.01233218451900e-02	1.00000000000000e+00	0.00000000000000e+00	0.00000000000000e+00	6.30919315371927e+00	7.16836461268724e+01	4.05443171264416e+02	7.16836461268724e+01	1
42	45	43	44	7.01081953084238e-02	1.00000000000000e+00	0.00000000000000e+00	0.00000000000000e+00	6.28526530189824e+00	7.44567332896480e+01	4.62127246813479e+02	7.44567332896480e+01	1
43	46	44	45	7.01131704602956e-02	1.00000000000000e+00	0.00000000000000e+00	0.00000000000000e+00	6.28531661464162e+00	6.84502822879412e+01	0.00000000000000e+00	6.84502822879412e+01	1
44	47	45	46	7.01127776941937e-02	1.00000000000000e+00	0.00000000000000e+00	0.00000000000000e+00	6.29057164117744e+00	7.24345016334149e+01	4.43350082278818e+02	7.24345016334149e+01	1
45	48	46	47	7.01143707987436e-02	1.00000000000000e+00	0.00000000000000e+00	0.00000000000000e+00	6.28902603545493e+00	6.94560680397386e+01	0.00000000000000e+00	6.94560680397386e+01	1
46	49	47	48	7.01145476921019e-02	1.00000000000000e+00	0.00000000000000e+00	0.00000000000000e+00	6.30379800079745e+00	7.23266779146053e+01	4.36499409831005e+02	7.23266779146053e+01	1
47	50	48	49	7.01116041410142e-02	1.00000000000000e+00	0.00000000000000e+00	0.00000000000000e+00	6.37048136273228e+00	6.96488897522216e+01	4.48012049961839e+02	6.96488897522216e+01	1
48	51	49	50	7.01121722706932e-02	1.00000000000000e+00	0.00000000000000e+00	0.00000000000000e+00	6.25645919721903e+00	7.02316410401228e+01	0.00000000000000e+00	7.02316410401228e+01	1
49	52	50	51	7.01111984194473e-02	1.00000000000000e+00	0.00000000000000e+00	0.00000000000000e+00	6.44341872328909e+00	6.79428436272656e+01	4.49646678869339e+02	6.79428436272656e+01	1
50	53	51	52	7.01356922800099e-02	1.00000000000000e+00	0.00000000000000e+00	0.00000000000000e+00	6.29087204571442e+00	6.76816253401720e+01	3.68480800796945e+02	6.76816253401720e+01	1
51	54	52	53	7.01154045325248e-02	1.00000000000000e+00	0.00000000000000e+00	0.00000000000000e+00	6.37398672008046e+00	7.16871031056019e+01	4.33258546316355e+02	7.16871031056019e+01	1
52	55	53	54	7.01270934040125e-02	1.00000000000000e+00	0.00000000000000e+00	0.00000000000000e+00	6.36666542961392e+00	7.03164160933482e+01	3.93411447183280e+02	7.03164160933482e+01	1
53	56	54	55	7.01260853132311e-02	1.00000000000000e+00	0.00000000000000e+00	0.00000000000000e+00	6.34495306166647e+00	6.91943219667466e+01	0.00000000000000e+00	6.91943219667466e+01	1
54	57	55	56	7.01142757865306e-02	1.00000000000000e+00	0.00000000000000e+00	0.00000000000000e+00	6.41850173820188e+00	6.79164077329331e+01	4.37538007989353e+02	6.79164077329331e+01	1
55	58	56	57	7.01139180038381e-02	1.00000000000000e+00	0.00000000000000e+00	0.00000000000000e+00	6.35610191608045e+00	6.59887858645019e+01	4.38912185215791e+02	6.59887858645019e+01	1
56	59	57	58	7.01101121906745e-02	1.00000000000000e+00	0.00000000000000e+00	0.00000000000000e+00	6.39505478858897e+00	7.03384211761664e+01	0.00000000000000e+00	7.03384211761664e+01	1
57	60	58	59	7.01182758002692e-02	1.00000000000000e+00	0.00000000000000e+00	0.00000000000000e+00	6.49422635745143e+00	6.70112548806999e+01	4.22740745665523e+02	6.70112548806999e+01	1
58	61	59	60	7.01148454305542e-02	1.00000000000000e+00	0.00000000000000e+00	0.00000000000000e+00	6.40406197459231e+00	6.87223430345322e+01	0.00000000000000e+00	6.87223430345322e+01	1
59	62	60	61	7.01117702070837e-02	1.00000000000000e+00	0.00000000000000e+00	0.00000000000000e+00	6.60206486926886e+00	6.63476608021565e+01	4.47346402092462e+02	6.63476608021565e+01	1
60	63	61	62	7.01292706356643e-02	1.00000000000000e+00	0.00000000000000e+00	0.00000000000000e+00	6.41167584839645e+00	6.41945526717170e+01	0.00000000000000e+00	6.41945526717170e+01	1
61	64	62	63	7.01090940017905e-02	1.00000000000000e+00	0.00000000000000e+00	0.00000000000000e+00	6.51178729094710e+00	6.92203496912692e+01	4.58320340067990e+02	6.92203496912692e+01	1
62	65	63	64	7.01123736455540e-02	1.00000000000000e+00	0.00000000000000e+00	0.00000000000000e+00	6.46286009919197e+00	6.90557601788909e+01	4.44944183785260e+02	6.90557601788909e+01	1
63	66	64	65	7.01184476340674e-02	1.00000000000000e+00	0.00000000000000e+00	0.00000000000000e+00	6.43319595821664e+00	6.68607085590605e+01	4.22127469186624e+02	6.68607085590605e+01	1
64	67	65	66	7.01097191244220e-02	1.00000000000000e+00	0.00000000000000e+00	0.00000000000000e+00	6.44955298762496e+00	7.12366009156252e+01	4.55709068618505e+02	7.12366009156252e+01	1
65	68	66	67	7.01225417063054e-02	1.00000000000000e+00	0.00000000000000e+00	0.00000000000000e+00	6.42455839067689e+00	6.49856532605097e+01	4.08024349484681e+02	6.49856532605097e+01	1
66	69	67	68	7.01079661424722e-02	1.00000000000000e+00	0.00000000000000e+00	0.00000000000000e+00	6.39990566274721e+00	7.15688016346704e+01	4.63108145341646e+02	7.15688016346704e+01	1
67	70	68	69	7.01156720610260e-02	1.00000000000000e+00	0.00000000000000e+00	0.00000000000000e+00	6.41684582029124e+00	7.09267383561132e+01	0.00000000000000e+00	7.09267383561132e+01	1
68	71	69	70	7.01138388353817e-02	1.00000000000000e+00	0.00000000000000e+00	0.00000000000000e+00	6.28238440360072e+00	7.18101214829784e+01	4.39217423758509e+02	7.18101214829784e+01	1
69	72	70	71	7.01334449485387e-02	1.00000000000000e+00	0.00000000000000e+00	0.00000000000000e+00	6.30135975421458e+00	6.87981222243585e+01	0.00000000000000e+00	6.87981222243585e+01	1
70	73	71	72	7.01104258471676e-02	1.00000000000000e+00	0.00000000000000e+00	0.00000000000000e+00	6.30630084491643e+00	6.94512017996426e+01	4.52792541623881e+02	6.94512017996426e+01	1
71	74	72	73	7.01142839282415e-02	1.00000000000000e+00	0.00000000000000e+00	0.00000000000000e+00	6.33109298453972e+00	7.07895466876500e+01	4.37506837307322e+02	7.07895466876500e+01	1
72	75	73	74	7.01147735938305e-02	1.00000000000000e+00	0.00000000000000e+00	0.00000000000000e+00	6.29949230134297e+00	6.81817077578033e+01	4.35640275182363e+02	6.81817077578033e+01	1
73	76	74	75	7.01043029562767e-02	1.00000000000000e+00	0.00000000000000e+00	0.00000000000000e+00	6.32402431073613e+00	7.29975813481885e+01	0.00000000000000e+00	7.29975813481885e+01	1
74	77	75	76	7.01213552640349e-02	1.00000000000000e+00	0.00000000000000e+00	0.00000000000000e+00	6.31501350579468e+00	6.99962777883286e+01	0.00000000000000e+00	6.99962777883286e+01	1
75	78	76	77	7.01134416108713e-02	1.00000000000000e+00	0.00000000000000e+00	0.00000000000000e+00	6.29198536783454e+00	7.12799805473803e+01	4.40755377290185e+02	7.12799805473803e+01	1
76	79	77	78	7.01138044341593e-02	1.00000000000000e+00	0.00000000000000e+00	0.00000000000000e+00	6.30154895430676e+00	7.16170356542760e+01	4.39350192014537e+02	7.16170356542760e+01	1
77	80	78	79	7.01366837746391e-02	1.00000000000000e+00	0.00000000000000e+00	0.00000000000000e+00	6.28343052923592e+00	6.33628566314025e+01	3.65807866603260e+02	6.33628566314025e+01	1
78	81	79	80	7.01085574229222e-02	1.00000000000000e+00	0.00000000000000e+00	0.00000000000000e+00	6.43145021591926e+00	7.50555117779907e+01	4.60585731073031e+02	7.50555117779907e+01	1
79	82	80	81	7.01385641089393e-02	1.00000000000000e+00	0.00000000000000e+00	0.00000000000000e+00	6.31848824622502e+00	6.90431198349578e+01	3.60843802790930e+02	6.90431198349578e+01	1
80	83	81	82	7.01166209233382e-02	1.00000000000000e+00	0.00000000000000e+00	0.00000000000000e+00	6.43566856677585e+00	6.78952993680848e+01	4.28739531198813e+02	6.78952993680848e+01	1
81	84	82	83	7.01316342526735e-02	1.00000000000000e+00	0.00000000000000e+00	0.00000000000000e+00	6.36206585035623e+00	6.87239017727359e+01	0.00000000000000e+00	6.87239017727359e+01	1
82	85	83	84	7.01222092614903e-02	1.00000000000000e+00	0.00000000000000e+00	0.00000000000000e+00	6.51257286569039e+00	6.54880642428552e+01	0.00000000000000e+00	6.54880642428552e+01	1
83	86	84	85	7.01172787029445e-02	1.00000000000000e+00	0.00000000000000e+00	0.00000000000000e+00	6.43403595442488e+00	7.22564880855766e+01	4.26334865109037e+02	7.22564880855766e+01	1
84	87	85	86	7.01369411141066e-02	1.00000000000000e+00	0.00000000000000e+00	0.00000000000000e+00	6.42368454826433e+00	6.97430368063164e+01	3.65120441192649e+02	6.97430368063164e+01	1
85	88	86	87	7.01170217954249e-02	1.00000000000000e+00	0.00000000000000e+00	0.00000000000000e+00	6.52076042343293e+00	6.77299971517920e+01	4.27270832911373e+02	6.77299971517920e+01	1
86	89	87	88	7.01157957166827e-02	1.00000000000000e+00	0.00000000000000e+00	0.00000000000000e+00	6.40517577218658e+00	7.00478465339691e+01	4.31794900816737e+02	7.00478465339691e+01	1
87	90	88	89	7.01106160407002e-02	1.00000000000000e+00	0.00000000000000e+00	0.00000000000000e+00	6.37126537691864e+00	7.09070245631465e+01	4.52014008849966e+02	7.09070245631465e+01	1
88	91	89	90	7.01143453599782e-02	1.00000000000000e+00	0.00000000000000e+00	0.00000000000000e+00	6.35388960964386e+00	6.75826490077559e+01	4.37271787937347e+02	6.75826490077559e+01	1
89	92	90	91	7.01156413661042e-02	1.00000000000000e+00	0.00000000000000e+00	0.00000000000000e+00	6.33090423664009e+00	7.22176093630781e+01	4.32371232582464e+02	7.22176093630781e+01	1
90	93	91	92	7.01080191395188e-02	1.00000000000000e+00	0.00000000000000e+00	0.00000000000000e+00	6.31240235940978e+00	7.19513932175291e+01	0.00000000000000e+00	7.19513932175291e+01	1
91	94	92	93	7.01156406024029e-02	1.00000000000000e+00	0.00000000000000e+00	0.00000000000000e+00	6.27688381917175e+00	6.95104233493158e+01	4.32374088002399e+02	6.95104233493158e+01	1
92	95	93	94	7.01174706378784e-02	1.00000000000000e+00	0.00000000000000e+00	0.00000000000000e+00	6.31478110401360e+00	7.14726836793436e+01	4.25638277811541e+02	7.14726836793436e+01	1
93	96	94	95	7.01252627593884e-02	1.00000000000000e+00	0.00000000000000e+00	0.00000000000000e+00	6.29307227786179e+00	6.97862415986682e+01	3.99160933737397e+02	6.97862415986682e+01	1
1	7	3	5	7.01175530879394e-02	1.00000000000000e+00	0.00000000000000e+00	0.00000000000000e+00	1.34893849391873e+01	3.06229365329191e+01	0.00000000000000e+00	3.06229365329191e+01	1
2	8	4	6	7.01075115950316e-02	1.00000000000000e+00	0.00000000000000e+00	0.00000000000000e+00	1.32543403672311e+01	3.11543018810366e+01	4.65066116685400e+02	3.11543018810366e+01	1
3	9	5	7	7.01133274401255e-02	1.00000000000000e+00	0.00000000000000e+00	0.00000000000000e+00	1.32690897005981e+01	3.24545035693599e+01	4.41199412469232e+02	3.24545035693599e+01	1
4	10	6	8	7.01043231281637e-02	1.00000000000000e+00	0.00000000000000e+00	0.00000000000000e+00	1.34863627273850e+01	3.18135593696486e+01	4.79280106723469e+02	3.18135593696486e+01	1
5	11	7	9	7.01170086510607e-02	1.00000000000000e+00	0.00000000000000e+00	0.00000000000000e+00	1.34426167455861e+01	3.07337676168389e+01	4.27318831101478e+02	3.07337676168389e+01	1
6	12	8	10	7.01278128870745e-02	1.00000000000000e+00	0.00000000000000e+00	0.00000000000000e+00	1.32881766030163e+01	3.12876845505988e+01	0.00000000000000e+00	3.12876845505988e+01	1
7	13	9	11	7.01040627596630e-02	1.00000000000000e+00	0.00000000000000e+00	0.00000000000000e+00	1.33152080881439e+01	3.21308761380175e+01	4.80479281559958e+02	3.21308761380175e+01	1
8	14	10	12	7.01132908522813e-02	1.00000000000000e+00	0.00000000000000e+00	0.00000000000000e+00	1.34569142766469e+01	3.14930527919977e+01	4.41341900013664e+02	3.14930527919977e+01	1
9	15	11	13	7.01167300007278e-02	1.00000000000000e+00	0.00000000000000e+00	0.00000000000000e+00	1.34179885467851e+01	3.10145457849447e+01	4.28338899068336e+02	3.10145457849447e+01	1
10	16	12	14	7.01194302426182e-02	1.00000000000000e+00	0.00000000000000e+00	0.00000000000000e+00	1.33779188102538e+01	3.16903641031862e+01	0.00000000000000e+00	3.16903641031862e+01	1
11	17	13	15	7.01235405342931e-02	1.00000000000000e+00	0.00000000000000e+00	0.00000000000000e+00	1.34751630931413e+01	3.14265293549228e+01	4.04725463477230e+02	3.14265293549228e+01	1
12	18	14	16	7.01153518280057e-02	1.00000000000000e+00	0.00000000000000e+00	0.00000000000000e+00	1.34176175255753e+01	3.07871297052351e+01	4.33456503155940e+02	3.07871297052351e+01	1
13	19	15	17	7.01150046963621e-02	1.00000000000000e+00	0.00000000000000e+00	0.00000000000000e+00	1.32779074423220e+01	3.18161301398904e+01	4.34764853798429e+02	3.18161301398904e+01	1
14	20	16	18	7.01087957396198e-02	1.00000000000000e+00	0.00000000000000e+00	0.00000000000000e+00	1.33928040335119e+01	3.25845921143177e+01	0.00000000000000e+00	3.25845921143177e+01	1
15	21	17	19	7.01378553818834e-02	1.00000000000000e+00	0.00000000000000e+00	0.00000000000000e+00	1.35621243276356e+01	3.15498655396506e+01	3.62698933598983e+02	3.15498655396506e+01	1
16	22	18	20	7.01126230322126e-02	1.00000000000000e+00	0.00000000000000e+00	0.00000000000000e+00	1.34974230541884e+01	3.08435481372808e+01	4.43958922235461e+02	3.08435481372808e+01	1
17	23	19	21	7.01178527946019e-02	1.00000000000000e+00	0.00000000000000e+00	0.00000000000000e+00	1.32793187271626e+01	3.13020075421012e+01	4.24258076941726e+02	3.13020075421012e+01	1
18	24	20	22	7.01171257822184e-02	1.00000000000000e+00	0.00000000000000e+00	0.00000000000000e+00	1.32350988209799e+01	3.23543430441253e+01	4.26891492658519e+02	3.23543430441253e+01	1
19	25	21	23	7.01179511021545e-02	1.00000000000000e+00	0.00000000000000e+00	0.00000000000000e+00	1.33807193284915e+01	3.21658908466952e+01	4.23904474707749e+02	3.21658908466952e+01	1
20	26	22	24	7.01145512577045e-02	1.00000000000000e+00	0.00000000000000e+00	0.00000000000000e+00	1.33592953549285e+01	3.17898877708481e+01	4.36485823045033e+02	3.17898877708481e+01	1
21	27	23	25	7.01198627095035e-02	1.00000000000000e+00	0.00000000000000e+00	0.00000000000000e+00	1.32074045675453e+01	3.24071468146386e+01	0.00000000000000e+00	3.24071468146386e+01	1
22	28	24	26	7.01156922308733e-02	1.00000000000000e+00	0.00000000000000e+00	0.00000000000000e+00	1.33175596442397e+01	3.32374026062315e+01	0.00000000000000e+00	3.32374026062315e+01	1
23	29	25	27	7.01267675185475e-02	1.00000000000000e+00	0.00000000000000e+00	0.00000000000000e+00	1.34772634416306e+01	3.20538736340925e+01	3.94422803040555e+02	3.20538736340925e+01	1
24	30	26	28	7.01231164471517e-02	1.00000000000000e+00	0.00000000000000e+00	0.00000000000000e+00	1.33511852370007e+01	3.18968457610810e+01	4.06119581556684e+02	3.18968457610810e+01	1
25	31	27	29	7.01117641177307e-02	1.00000000000000e+00	0.00000000000000e+00	0.00000000000000e+00	1.32042363023982e+01	3.29496952285031e+01	4.47370775300919e+02	3.29496952285031e+01	1
26	32	28	30	7.01142098709142e-02	1.00000000000000e+00	0.00000000000000e+00	0.00000000000000e+00	1.32493642586862e+01	3.38656014327063e+01	4.37790530711286e+02	3.38656014327063e+01	1
27	33	29	31	7.01135656339594e-02	1.00000000000000e+00	0.00000000000000e+00	0.00000000000000e+00	1.33355247380936e+01	3.35794634446848e+01	4.40274035874997e+02	3.35794634446848e+01	1
28	34	30	32	7.01090776288236e-02	1.00000000000000e+00	0.00000000000000e+00	0.00000000000000e+00	1.32982866372569e+01	3.39016721943268e+01	4.58389135693949e+02	3.39016721943268e+01	1
29	35	31	33	7.01099247754121e-02	1.00000000000000e+00	0.00000000000000e+00	0.00000000000000e+00	1.32532576663908e+01	3.44504728229754e+01	4.54856512670371e+02	3.44504728229754e+01	1
30	36	32	34	7.01244454289141e-02	1.00000000000000e+00	0.00000000000000e+00	0.00000000000000e+00	1.32336070076419e+01	3.49381836245811e+01	0.00000000000000e+00	3.49381836245811e+01	1
31	37	33	35	7.01023451074990e-02	1.00000000000000e+00	0.00000000000000e+00	0.00000000000000e+00	1.32478034736255e+01	3.56980917313839e+01	4.88543138229722e+02	3.56980917313839e+01	1
32	38	34	36	7.01075366108484e-02	1.00000000000000e+00	0.00000000000000e+00	0.00000000000000e+00	1.33267326436246e+01	3.50753718298226e+01	0.00000000000000e+00	3.50753718298226e+01	1
33	39	35	37	7.01113056051015e-02	1.00000000000000e+00	0.00000000000000e+00	0.00000000000000e+00	1.30581592354686e+01	3.38728779562075e+01	0.00000000000000e+00	3.38728779562075e+01	1
34	40	36	38	7.01086100648650e-02	1.00000000000000e+00	0.00000000000000e+00	0.00000000000000e+00	1.27413908705915e+01	3.69822057986528e+01	0.00000000000000e+00	3.69822057986528e+01	1
35	41	37	39	7.01008439278167e-02	1.00000000000000e+00	0.00000000000000e+00	0.00000000000000e+00	1.28786009397993e+01	4.04717517305569e+01	4.95815673611039e+02	4.04717517305569e+01	1
36	42	38	40	7.01057195232138e-02	1.00000000000000e+00	0.00000000000000e+00	0.00000000000000e+00	1.31788398902978e+01	3.72120841206178e+01	4.72949541201474e+02	3.72120841206178e+01	1
37	43	39	41	7.01154602955774e-02	1.00000000000000e+00	0.00000000000000e+00	0.00000000000000e+00	1.28949280453240e+01	3.41941985121860e+01	4.33049298462119e+02	3.41941985121860e+01	1
38	44	40	42	7.00976703001656e-02	1.00000000000000e+00	0.00000000000000e+00	0.00000000000000e+00	1.26217884800322e+01	3.67486179417383e+01	5.11926347264370e+02	3.67486179417383e+01	1
39	45	41	43	7.01022784664246e-02	1.00000000000000e+00	0.00000000000000e+00	0.00000000000000e+00	1.26362286470106e+01	3.78136338759307e+01	0.00000000000000e+00	3.78136338759307e+01	1
40	46	42	44	7.01112216024717e-02	1.00000000000000e+00	0.00000000000000e+00	0.00000000000000e+00	1.26462481280001e+01	3.61698958184317e+01	4.49552954541601e+02	3.61698958184317e+01	1
41	47	43	45	7.01055140587036e-02	1.00000000000000e+00	0.00000000000000e+00	0.00000000000000e+00	1.25966610423684e+01	3.58243823545470e+01	4.73870502322975e+02	3.58243823545470e+01	1
42	48	44	46	7.01029095936018e-02	1.00000000000000e+00	0.00000000000000e+00	0.00000000000000e+00	1.25668746452433e+01	3.67412098589021e+01	0.00000000000000e+00	3.67412098589021e+01	1
43	49	45	47	7.01165079137976e-02	1.00000000000000e+00	0.00000000000000e+00	0.00000000000000e+00	1.25849031313683e+01	3.57637464923858e+01	4.29155397004659e+02	3.57637464923858e+01	1
44	50	46	48	7.01045261463398e-02	1.00000000000000e+00	0.00000000000000e+00	0.00000000000000e+00	1.26646791913707e+01	3.39488215563763e+01	4.78349214534885e+02	3.39488215563763e+01	1
45	51	47	49	7.01164193465031e-02	1.00000000000000e+00	0.00000000000000e+00	0.00000000000000e+00	1.26247014646329e+01	3.29452861744331e+01	4.29481881679002e+02	3.29452861744331e+01	1
46	52	48	50	7.01172371587477e-02	1.00000000000000e+00	0.00000000000000e+00	0.00000000000000e+00	1.25624578793583e+01	3.56270203965371e+01	4.26485941267213e+02	3.56270203965371e+01	1
47	53	49	51	7.00982610227964e-02	1.00000000000000e+00	0.00000000000000e+00	0.00000000000000e+00	1.26401206637401e+01	3.56143374691840e+01	5.08848764006952e+02	3.56143374691840e+01	1
48	54	50	52	7.01194094559261e-02	1.00000000000000e+00	0.00000000000000e+00	0.00000000000000e+00	1.27231165066245e+01	3.46009909240585e+01	0.00000000000000e+00	3.46009909240585e+01	1
49	55	51	53	7.01282436091950e-02	1.00000000000000e+00	0.00000000000000e+00	0.00000000000000e+00	1.27027298284276e+01	3.32550753983226e+01	3.89882975953834e+02	3.32550753983226e+01	1
50	56	52	54	7.01119919600375e-02	1.00000000000000e+00	0.00000000000000e+00	0.00000000000000e+00	1.26840459758945e+01	3.37061126275479e+01	4.46460620773553e+02	3.37061126275479e+01	1
51	57	53	55	7.01180132797380e-02	1.00000000000000e+00	0.00000000000000e+00	0.00000000000000e+00	1.27054703266758e+01	3.34623970198397e+01	4.23681132420205e+02	3.34623970198397e+01	1
52	58	54	56	7.01102115864881e-02	1.00000000000000e+00	0.00000000000000e+00	0.00000000000000e+00	1.27225517360656e+01	3.39848322682973e+01	4.53672808760418e+02	3.39848322682973e+01	1
53	59	55	57	7.01067125956810e-02	1.00000000000000e+00	0.00000000000000e+00	0.00000000000000e+00	1.27574679447508e+01	3.41877965854787e+01	4.68548250381631e+02	3.41877965854787e+01	1
54	60	56	58	7.01139041674006e-02	1.00000000000000e+00	0.00000000000000e+00	0.00000000000000e+00	1.28507182072158e+01	3.42865581755195e+01	4.38965501799128e+02	3.42865581755195e+01	1
55	61	57	59	7.01299849955670e-02	1.00000000000000e+00	0.00000000000000e+00	0.00000000000000e+00	1.29746561959087e+01	3.25897060138090e+01	3.84659781553137e+02	3.25897060138090e+01	1
56	62	58	60	7.01119196980768e-02	1.00000000000000e+00	0.00000000000000e+00	0.00000000000000e+00	1.29732507389141e+01	3.22135772787556e+01	4.46748882092927e+02	3.22135772787556e+01	1
57	63	59	61	7.01218009423034e-02	1.00000000000000e+00	0.00000000000000e+00	0.00000000000000e+00	1.28323204121951e+01	3.25921593261712e+01	0.00000000000000e+00	3.25921593261712e+01	1
58	64	60	62	7.01191888715642e-02	1.00000000000000e+00	0.00000000000000e+00	0.00000000000000e+00	1.27243621798805e+01	3.40817575542057e+01	4.19502251710290e+02	3.40817575542057e+01	1
59	65	61	63	7.01052830271699e-02	1.00000000000000e+00	0.00000000000000e+00	0.00000000000000e+00	1.28465589921313e+01	3.55875061386180e+01	0.00000000000000e+00	3.55875061386180e+01	1
60	66	62	64	7.01062483782325e-02	1.00000000000000e+00	0.00000000000000e+00	0.00000000000000e+00	1.31217682209691e+01	3.53048645509837e+01	4.70595418318504e+02	3.53048645509837e+01	1
61	67	63	65	7.01123658212673e-02	1.00000000000000e+00	0.00000000000000e+00	0.00000000000000e+00	1.31518594975780e+01	3.22820431986225e+01	4.44975166256783e+02	3.22820431986225e+01	1
62	68	64	66	7.01150054337912e-02	1.00000000000000e+00	0.00000000000000e+00	0.00000000000000e+00	1.28366170880872e+01	3.16907048441696e+01	4.34762066032097e+02	3.16907048441696e+01	1
63	69	65	67	7.01135301211905e-02	1.00000000000000e+00	0.00000000000000e+00	0.00000000000000e+00	1.25917984730438e+01	3.33575820114840e+01	4.40411755714613e+02	3.33575820114840e+01	1
64	70	66	68	7.01021251635718e-02	1.00000000000000e+00	0.00000000000000e+00	0.00000000000000e+00	1.27018911574400e+01	3.58768457682321e+01	4.89595299055358e+02	3.58768457682321e+01	1
65	71	67	69	7.00939718706510e-02	1.00000000000000e+00	0.00000000000000e+00	0.00000000000000e+00	1.29110623751853e+01	3.80571550103047e+01	5.32074115941498e+02	3.80571550103047e+01	1
66	72	68	70	7.01074253897843e-02	1.00000000000000e+00	0.00000000000000e+00	0.00000000000000e+00	1.28881512823328e+01	3.53846058299371e+01	4.65439316537559e+02	3.53846058299371e+01	1
67	73	69	71	7.01182190534859e-02	1.00000000000000e+00	0.00000000000000e+00	0.00000000000000e+00	1.26548725208173e+01	3.17449200833633e+01	4.22943667079434e+02	3.17449200833633e+01	1
68	74	70	72	7.01115069051917e-02	1.00000000000000e+00	0.00000000000000e+00	0.00000000000000e+00	1.26409539157316e+01	3.28240883018451e+01	4.48402723705989e+02	3.28240883018451e+01	1
69	75	71	73	7.01065588225176e-02	1.00000000000000e+00	0.00000000000000e+00	0.00000000000000e+00	1.26675321273444e+01	3.64765931298403e+01	0.00000000000000e+00	3.64765931298403e+01	1
70	76	72	74	7.01007941213641e-02	1.00000000000000e+00	0.00000000000000e+00	0.00000000000000e+00	1.25659603581644e+01	3.64126331175792e+01	4.96060676191330e+02	3.64126331175792e+01	1
71	77	73	75	7.01248862572619e-02	1.00000000000000e+00	0.00000000000000e+00	0.00000000000000e+00	1.25426225537200e+01	3.38005382240266e+01	4.00364308261137e+02	3.38005382240266e+01	1
72	78	74	76	7.01245106443017e-02	1.00000000000000e+00	0.00000000000000e+00	0.00000000000000e+00	1.26196006204348e+01	3.24467912656677e+01	4.01572092734940e+02	3.24467912656677e+01	1
73	79	75	77	7.01092071387198e-02	1.00000000000000e+00	0.00000000000000e+00	0.00000000000000e+00	1.26637311745013e+01	3.39260365376023e+01	4.57845527189248e+02	3.39260365376023e+01	1
74	80	76	78	7.01151658803540e-02	1.00000000000000e+00	0.00000000000000e+00	0.00000000000000e+00	1.26145048199386e+01	3.32781711810070e+01	4.34156365117121e+02	3.32781711810070e+01	1
75	81	77	79	7.01312280833273e-02	1.00000000000000e+00	0.00000000000000e+00	0.00000000000000e+00	1.26299457320725e+01	3.16500910447423e+01	3.81016004594692e+02	3.16500910447423e+01	1
76	82	78	80	7.01146733802589e-02	1.00000000000000e+00	0.00000000000000e+00	0.00000000000000e+00	1.28124620241626e+01	3.39744554793692e+01	4.36020983136055e+02	3.39744554793692e+01	1
77	83	79	81	7.01170257511946e-02	1.00000000000000e+00	0.00000000000000e+00	0.00000000000000e+00	1.27415646997334e+01	3.60556487304608e+01	4.27256390064675e+02	3.60556487304608e+01	1
78	84	80	82	7.01177522222328e-02	1.00000000000000e+00	0.00000000000000e+00	0.00000000000000e+00	1.26482038954512e+01	3.33112942202099e+01	4.24620436471612e+02	3.33112942202099e+01	1
79	85	81	83	7.01264548490970e-02	1.00000000000000e+00	0.00000000000000e+00	0.00000000000000e+00	1.27010188687423e+01	2.99740913020419e+01	3.95398044100815e+02	2.99740913020419e+01	1
80	86	82	84	7.01317466893697e-02	1.00000000000000e+00	0.00000000000000e+00	0.00000000000000e+00	1.30300886278984e+01	3.13260165057355e+01	3.79516177895735e+02	3.13260165057355e+01	1
81	87	83	85	7.01054209734373e-02	1.00000000000000e+00	0.00000000000000e+00	0.00000000000000e+00	1.29200153502781e+01	3.42327280099320e+01	4.74288923443937e+02	3.42327280099320e+01	1
82	88	84	86	7.01204303759298e-02	1.00000000000000e+00	0.00000000000000e+00	0.00000000000000e+00	1.27089005375633e+01	3.44014164956545e+01	4.15177646120917e+02	3.44014164956545e+01	1
83	89	85	87	7.01352465928127e-02	1.00000000000000e+00	0.00000000000000e+00	0.00000000000000e+00	1.27677706750208e+01	3.18451217573194e+01	3.69695080372631e+02	3.18451217573194e+01	1
84	90	86	88	7.01134794641564e-02	1.00000000000000e+00	0.00000000000000e+00	0.00000000000000e+00	1.28973119255651e+01	3.25803480254330e+01	4.40608354751342e+02	3.25803480254330e+01	1
85	91	87	89	7.01065249360115e-02	1.00000000000000e+00	0.00000000000000e+00	0.00000000000000e+00	1.27679688135847e+01	3.53210189964828e+01	4.69373668477218e+02	3.53210189964828e+01	1
86	92	88	90	7.01193471270350e-02	1.00000000000000e+00	0.00000000000000e+00	0.00000000000000e+00	1.27410975949993e+01	3.34400215445707e+01	4.18945987575704e+02	3.34400215445707e+01	1
87	93	89	91	7.01228692532871e-02	1.00000000000000e+00	0.00000000000000e+00	0.00000000000000e+00	1.28147723142524e+01	3.17788983899469e+01	4.06936631112915e+02	3.17788983899469e+01	1
88	94	90	92	7.01238025065901e-02	1.00000000000000e+00	0.00000000000000e+00	0.00000000000000e+00	1.27365914925382e+01	3.27091485514671e+01	0.00000000000000e+00	3.27091485514671e+01	1
89	95	91	93	7.01088481744478e-02	1.00000000000000e+00	0.00000000000000e+00	0.00000000000000e+00	1.25816095372079e+01	3.48226759757263e+01	4.59355430200299e+02	3.48226759757263e+01	1
90	96	92	94	7.01157177764693e-02	1.00000000000000e+00	0.00000000000000e+00	0.00000000000000e+00	1.25616263561811e+01	3.53730731322430e+01	4.32085730693844e+02	3.53730731322430e+01	1
1	10	4	7	7.01163022420221e-02	1.00000000000000e+00	0.00000000000000e+00	0.00000000000000e+00	1.98981436300320e+01	2.18239494208557e+01	4.29914326075680e+02	2.18239494208557e+01	1
2	11	5	8	7.01108991813443e-02	1.00000000000000e+00	0.00000000000000e+00	0.00000000000000e+00	2.00473760377520e+01	2.18083848474215e+01	4.50859955807872e+02	2.18083848474215e+01	1
3	12	6	9	7.01104315841006e-02	1.00000000000000e+00	0.00000000000000e+00	0.00000000000000e+00	2.00695817198351e+01	2.16989136748573e+01	4.52769019001430e+02	2.16989136748573e+01	1
4	13	7	10	7.01145804114120e-02	1.00000000000000e+00	0.00000000000000e+00	0.00000000000000e+00	2.01900311588619e+01	2.14367916900058e+01	4.36374764096496e+02	2.14367916900058e+01	1
5	14	8	11	7.01123039246589e-02	1.00000000000000e+00	0.00000000000000e+00	0.00000000000000e+00	2.01299992335603e+01	2.14393908848227e+01	4.45220415509819e+02	2.14393908848227e+01	1
6	15	9	12	7.01189363835354e-02	1.00000000000000e+00	0.00000000000000e+00	0.00000000000000e+00	2.01547936937618e+01	2.14023061403520e+01	4.20392805916512e+02	2.14023061403520e+01	1
7	16	10	13	7.01102263095509e-02	1.00000000000000e+00	0.00000000000000e+00	0.00000000000000e+00	2.01688368729679e+01	2.14163166686555e+01	4.53612211129250e+02	2.14163166686555e+01	1
8	17	11	14	7.01045491189540e-02	1.00000000000000e+00	0.00000000000000e+00	0.00000000000000e+00	2.01885971176863e+01	2.11201553098931e+01	4.78244106695864e+02	2.11201553098931e+01	1
9	18	12	15	7.01037837038505e-02	1.00000000000000e+00	0.00000000000000e+00	0.00000000000000e+00	2.00601366448810e+01	2.11708164685724e+01	4.81771204388801e+02	2.11708164685724e+01	1
10	19	13	16	7.01110185711840e-02	1.00000000000000e+00	0.00000000000000e+00	0.00000000000000e+00	1.99341299673480e+01	2.14570270117832e+01	4.50375099109692e+02	2.14570270117832e+01	1
11	20	14	17	7.01149264030799e-02	1.00000000000000e+00	0.00000000000000e+00	0.00000000000000e+00	1.98759027492687e+01	2.21064720098082e+01	4.35061036106961e+02	2.21064720098082e+01	1
12	21	15	18	7.01098818625263e-02	1.00000000000000e+00	0.00000000000000e+00	0.00000000000000e+00	2.00063857583850e+01	2.21783307208426e+01	4.55034150772991e+02	2.21783307208426e+01	1
13	22	16	19	7.01166145007620e-02	1.00000000000000e+00	0.00000000000000e+00	0.00000000000000e+00	2.02061589375972e+01	2.21217947406491e+01	4.28763144148320e+02	2.21217947406491e+01	1
14	23	17	20	7.01153245990241e-02	1.00000000000000e+00	0.00000000000000e+00	0.00000000000000e+00	2.02656833283705e+01	2.16336574922335e+01	0.00000000000000e+00	2.16336574922335e+01	1
15	24	18	21	7.01141792356584e-02	1.00000000000000e+00	0.00000000000000e+00	0.00000000000000e+00	2.01951655125357e+01	2.14203833746251e+01	4.37907993618111e+02	2.14203833746251e+01	1
16	25	19	22	7.01089937726541e-02	1.00000000000000e+00	0.00000000000000e+00	0.00000000000000e+00	1.99998605728784e+01	2.17241023281600e+01	0.00000000000000e+00	2.17241023281600e+01	1
17	26	20	23	7.01163948556473e-02	1.00000000000000e+00	0.00000000000000e+00	0.00000000000000e+00	1.99314146988030e+01	2.20730145342158e+01	4.29572249752307e+02	2.20730145342158e+01	1
18	27	21	24	7.01117675437596e-02	1.00000000000000e+00	0.00000000000000e+00	0.00000000000000e+00	1.98979475461225e+01	2.23801875349239e+01	0.00000000000000e+00	2.23801875349239e+01	1
19	28	22	25	7.01044620416103e-02	1.00000000000000e+00	0.00000000000000e+00	0.00000000000000e+00	1.99976313227219e+01	2.26364983990028e+01	0.00000000000000e+00	2.26364983990028e+01	1
20	29	23	26	7.00998168959761e-02	1.00000000000000e+00	0.00000000000000e+00	0.00000000000000e+00	2.00342356297012e+01	2.26050522905352e+01	0.00000000000000e+00	2.26050522905352e+01	1
21	30	24	27	7.01083285333533e-02	1.00000000000000e+00	0.00000000000000e+00	0.00000000000000e+00	2.01524101401354e+01	2.25214128064026e+01	4.61558912063690e+02	2.25214128064026e+01	1
22	31	25	28	7.01091603686479e-02	1.00000000000000e+00	0.00000000000000e+00	0.00000000000000e+00	2.00430685870511e+01	2.23744335103547e+01	4.58041692413637e+02	2.23744335103547e+01	1
23	32	26	29	7.01065027920021e-02	1.00000000000000e+00	0.00000000000000e+00	0.00000000000000e+00	1.99608042485631e+01	2.25844195340766e+01	4.69471260425065e+02	2.25844195340766e+01	1
24	33	27	30	7.01082531968323e-02	1.00000000000000e+00	0.00000000000000e+00	0.00000000000000e+00	1.97701288950949e+01	2.29549445684553e+01	0.00000000000000e+00	2.29549445684553e+01	1
25	34	28	31	7.01037447326037e-02	1.00000000000000e+00	0.00000000000000e+00	0.00000000000000e+00	1.97990055450967e+01	2.37116136939706e+01	0.00000000000000e+00	2.37116136939706e+01	1
26	35	29	32	7.01070225414372e-02	1.00000000000000e+00	0.00000000000000e+00	0.00000000000000e+00	1.98432867007328e+01	2.38373966081968e+01	4.67191297539354e+02	2.38373966081968e+01	1
27	36	30	33	7.01038007550283e-02	1.00000000000000e+00	0.00000000000000e+00	0.00000000000000e+00	1.99345926383362e+01	2.41665374976277e+01	4.81692064632774e+02	2.41665374976277e+01	1
28	37	31	34	7.01006917987939e-02	1.00000000000000e+00	0.00000000000000e+00	0.00000000000000e+00	1.99389020645812e+01	2.41214501047061e+01	4.96564770904050e+02	2.41214501047061e+01	1
29	38	32	35	7.01161711677398e-02	1.00000000000000e+00	0.00000000000000e+00	0.00000000000000e+00	2.00287274679399e+01	2.39083322754844e+01	4.30399392317244e+02	2.39083322754844e+01	1
30	39	33	36	7.01105061805264e-02	1.00000000000000e+00	0.00000000000000e+00	0.00000000000000e+00	1.97952978834665e+01	2.30271635120425e+01	4.52463380435437e+02	2.30271635120425e+01	1
31	40	34	37	7.01020976354977e-02	1.00000000000000e+00	0.00000000000000e+00	0.00000000000000e+00	1.94724391311849e+01	2.33947533483179e+01	4.89727306183540e+02	2.33947533483179e+01	1
32	41	35	38	7.01094312509067e-02	1.00000000000000e+00	0.00000000000000e+00	0.00000000000000e+00	1.91961846908749e+01	2.48791448372756e+01	4.56907872163763e+02	2.48791448372756e+01	1
33	42	36	39	7.00969050220017e-02	1.00000000000000e+00	0.00000000000000e+00	0.00000000000000e+00	1.92325799836792e+01	2.63073924638779e+01	0.00000000000000e+00	2.63073924638779e+01	1
34	43	37	40	7.00886818946240e-02	1.00000000000000e+00	0.00000000000000e+00	0.00000000000000e+00	1.93812755897058e+01	2.61702353513158e+01	5.63812943013859e+02	2.61702353513158e+01	1
35	44	38	41	7.01123758750145e-02	1.00000000000000e+00	0.00000000000000e+00	0.00000000000000e+00	1.95926568916753e+01	2.52201500792426e+01	0.00000000000000e+00	2.52201500792426e+01	1
36	45	39	42	7.00982101773470e-02	1.00000000000000e+00	0.00000000000000e+00	0.00000000000000e+00	1.94185398458513e+01	2.42793934515476e+01	5.09112205584707e+02	2.42793934515476e+01	1
37	46	40	43	7.00952003081021e-02	1.00000000000000e+00	0.00000000000000e+00	0.00000000000000e+00	1.91836024427380e+01	2.43520104139348e+01	0.00000000000000e+00	2.43520104139348e+01	1
38	47	41	44	7.00945266046318e-02	1.00000000000000e+00	0.00000000000000e+00	0.00000000000000e+00	1.90042343206110e+01	2.54390827433221e+01	5.28951613090785e+02	2.54390827433221e+01	1
39	48	42	45	7.01003898129489e-02	1.00000000000000e+00	0.00000000000000e+00	0.00000000000000e+00	1.89639687730881e+01	2.56490604046578e+01	0.00000000000000e+00	2.56490604046578e+01	1
40	49	43	46	7.00929336833979e-02	1.00000000000000e+00	0.00000000000000e+00	0.00000000000000e+00	1.89167211890950e+01	2.55155161170781e+01	0.00000000000000e+00	2.55155161170781e+01	1
41	50	44	47	7.01007229901680e-02	1.00000000000000e+00	0.00000000000000e+00	0.00000000000000e+00	1.89589673781028e+01	2.43693224117009e+01	4.96410997296832e+02	2.43693224117009e+01	1
42	51	45	48	7.01038278021224e-02	1.00000000000000e+00	0.00000000000000e+00	0.00000000000000e+00	1.89222279520185e+01	2.37110388861238e+01	4.81566584073862e+02	2.37110388861238e+01	1
43	52	46	49	7.01148173449801e-02	1.00000000000000e+00	0.00000000000000e+00	0.00000000000000e+00	1.89627972958641e+01	2.30309573287534e+01	4.35474274454643e+02	2.30309573287534e+01	1
44	53	47	50	7.01116189051903e-02	1.00000000000000e+00	0.00000000000000e+00	0.00000000000000e+00	1.88986725002146e+01	2.36750553616079e+01	4.47952790029179e+02	2.36750553616079e+01	1
45	54	48	51	7.00946781678511e-02	1.00000000000000e+00	0.00000000000000e+00	0.00000000000000e+00	1.89751288694842e+01	2.42538649890069e+01	5.28104853894735e+02	2.42538649890069e+01	1
46	55	49	52	7.01129023429683e-02	1.00000000000000e+00	0.00000000000000e+00	0.00000000000000e+00	1.89737750309305e+01	2.45791515343136e+01	4.42860605772052e+02	2.45791515343136e+01	1
47	56	50	53	7.01035036662611e-02	1.00000000000000e+00	0.00000000000000e+00	0.00000000000000e+00	1.90875642681289e+01	2.39068034422124e+01	4.83074675576107e+02	2.39068034422124e+01	1
48	57	51	54	7.01193186072395e-02	1.00000000000000e+00	0.00000000000000e+00	0.00000000000000e+00	1.90456684771088e+01	2.32136884309911e+01	4.19046124965760e+02	2.32136884309911e+01	1
49	58	52	55	7.01068275188885e-02	1.00000000000000e+00	0.00000000000000e+00	0.00000000000000e+00	1.90505164069030e+01	2.31450733685461e+01	4.68044194232273e+02	2.31450733685461e+01	1
50	59	53	56	7.01002036274707e-02	1.00000000000000e+00	0.00000000000000e+00	0.00000000000000e+00	1.90155474009495e+01	2.35635006641425e+01	4.98983931640956e+02	2.35635006641425e+01	1
51	60	54	57	7.01359805671592e-02	1.00000000000000e+00	0.00000000000000e+00	0.00000000000000e+00	1.91557847893369e+01	2.38228394928722e+01	3.67699598880563e+02	2.38228394928722e+01	1
52	61	55	58	7.01235733079611e-02	1.00000000000000e+00	0.00000000000000e+00	0.00000000000000e+00	1.92951863235652e+01	2.35697609280518e+01	0.00000000000000e+00	2.35697609280518e+01	1
53	62	56	59	7.01174633876639e-02	1.00000000000000e+00	0.00000000000000e+00	0.00000000000000e+00	1.95034289625882e+01	2.27865710230598e+01	4.25664549562326e+02	2.27865710230598e+01	1
54	63	57	60	7.01166092496967e-02	1.00000000000000e+00	0.00000000000000e+00	0.00000000000000e+00	1.93964212690212e+01	2.20857294519148e+01	4.28782451907059e+02	2.20857294519148e+01	1
55	64	58	61	7.01013860223645e-02	1.00000000000000e+00	0.00000000000000e+00	0.00000000000000e+00	1.91904666886353e+01	2.21341844106828e+01	4.93164627962669e+02	2.21341844106828e+01	1
56	65	59	62	7.01109283914735e-02	1.00000000000000e+00	0.00000000000000e+00	0.00000000000000e+00	1.89839515758395e+01	2.34023225935044e+01	4.50741233473664e+02	2.34023225935044e+01	1
57	66	60	63	7.01096889816494e-02	1.00000000000000e+00	0.00000000000000e+00	0.00000000000000e+00	1.91286111961086e+01	2.47295241206290e+01	4.55834298469442e+02	2.47295241206290e+01	1
58	67	61	64	7.01076005731031e-02	1.00000000000000e+00	0.00000000000000e+00	0.00000000000000e+00	1.94164488396599e+01	2.47677583362686e+01	0.00000000000000e+00	2.47677583362686e+01	1
59	68	62	65	7.01069887437383e-02	1.00000000000000e+00	0.00000000000000e+00	0.00000000000000e+00	1.96935591855418e+01	2.30581574844692e+01	4.67338883072786e+02	2.30581574844692e+01	1
60	69	63	66	7.01097622724964e-02	1.00000000000000e+00	0.00000000000000e+00	0.00000000000000e+00	1.93630026839747e+01	2.17347143035548e+01	4.55529927203862e+02	2.17347143035548e+01	1
61	70	64	67	7.01119104242649e-02	1.00000000000000e+00	0.00000000000000e+00	0.00000000000000e+00	1.90200670355855e+01	2.17501697707490e+01	4.46785903354611e+02	2.17501697707490e+01	1
62	71	65	68	7.01107217485081e-02	1.00000000000000e+00	0.00000000000000e+00	0.00000000000000e+00	1.89480019486354e+01	2.43906659708366e+01	4.51582463912615e+02	2.43906659708366e+01	1
63	72	66	69	7.00973829397397e-02	1.00000000000000e+00	0.00000000000000e+00	0.00000000000000e+00	1.91031152500618e+01	2.61373721783474e+01	5.13436954497974e+02	2.61373721783474e+01	1
64	73	67	70	7.00950602742485e-02	1.00000000000000e+00	0.00000000000000e+00	0.00000000000000e+00	1.93340121594527e+01	2.59765319533256e+01	0.00000000000000e+00	2.59765319533256e+01	1
65	74	68	71	7.01019586937825e-02	1.00000000000000e+00	0.00000000000000e+00	0.00000000000000e+00	1.94141958045873e+01	2.38270925530856e+01	4.90394670087182e+02	2.38270925530856e+01	1
66	75	69	72	7.01031313023990e-02	1.00000000000000e+00	0.00000000000000e+00	0.00000000000000e+00	1.91937103707518e+01	2.28865767920531e+01	4.84818855545435e+02	2.28865767920531e+01	1
67	76	70	73	7.01088256031925e-02	1.00000000000000e+00	0.00000000000000e+00	0.00000000000000e+00	1.89449767562464e+01	2.35478866985596e+01	4.59450703999672e+02	2.35478866985596e+01	1
68	77	71	74	7.01166684732963e-02	1.00000000000000e+00	0.00000000000000e+00	0.00000000000000e+00	1.88488455320357e+01	2.44989660524732e+01	4.28564792075465e+02	2.44989660524732e+01	1
69	78	72	75	7.01044644387011e-02	1.00000000000000e+00	0.00000000000000e+00	0.00000000000000e+00	1.88241447502799e+01	2.44452604126251e+01	4.78631777681263e+02	2.44452604126251e+01	1
70	79	73	76	7.01174811223855e-02	1.00000000000000e+00	0.00000000000000e+00	0.00000000000000e+00	1.88383773912824e+01	2.32289318628780e+01	4.25600292070095e+02	2.32289318628780e+01	1
71	80	74	77	7.01129927064527e-02	1.00000000000000e+00	0.00000000000000e+00	0.00000000000000e+00	1.89032792259720e+01	2.18420677039351e+01	4.42506437536488e+02	2.18420677039351e+01	1
72	81	75	78	7.01159790740059e-02	1.00000000000000e+00	0.00000000000000e+00	0.00000000000000e+00	1.89679438645479e+01	2.14044505943518e+01	4.31112253900520e+02	2.14044505943518e+01	1
73	82	76	79	7.01200003291918e-02	1.00000000000000e+00	0.00000000000000e+00	0.00000000000000e+00	1.90925490374604e+01	2.21443180388093e+01	4.16665523642851e+02	2.21443180388093e+01	1
74	83	77	80	7.01052625811867e-02	1.00000000000000e+00	0.00000000000000e+00	0.00000000000000e+00	1.92350100047657e+01	2.38858903044264e+01	4.75002602409213e+02	2.38858903044264e+01	1
75	84	78	81	7.01046204627569e-02	1.00000000000000e+00	0.00000000000000e+00	0.00000000000000e+00	1.91113340374549e+01	2.46385682927989e+01	4.77917977826161e+02	2.46385682927989e+01	1
76	85	79	82	7.01074963668935e-02	1.00000000000000e+00	0.00000000000000e+00	0.00000000000000e+00	1.91015118196502e+01	2.42950287736534e+01	4.65131998828881e+02	2.42950287736534e+01	1
77	86	80	83	7.01052415546443e-02	1.00000000000000e+00	0.00000000000000e+00	0.00000000000000e+00	1.91042969745153e+01	2.24665321853443e+01	4.75097504678607e+02	2.24665321853443e+01	1
78	87	81	84	7.01116805653463e-02	1.00000000000000e+00	0.00000000000000e+00	0.00000000000000e+00	1.91872040028286e+01	2.16804881746598e+01	4.47705470015925e+02	2.16804881746598e+01	1
79	88	82	85	7.01207168921609e-02	1.00000000000000e+00	0.00000000000000e+00	0.00000000000000e+00	1.91829385439648e+01	2.22361364199543e+01	4.14192240248861e+02	2.22361364199543e+01	1
80	89	83	86	7.01236118788857e-02	1.00000000000000e+00	0.00000000000000e+00	0.00000000000000e+00	1.91892640249400e+01	2.31362613793781e+01	4.04491869638331e+02	2.31362613793781e+01	1
81	90	84	87	7.01144409866395e-02	1.00000000000000e+00	0.00000000000000e+00	0.00000000000000e+00	1.90137641978876e+01	2.36876196636627e+01	4.36906404499142e+02	2.36876196636627e+01	1
82	91	85	88	7.01171618096347e-02	1.00000000000000e+00	0.00000000000000e+00	0.00000000000000e+00	1.89756247894512e+01	2.30210640616224e+01	0.00000000000000e+00	2.30210640616224e+01	1
83	92	86	89	7.01202294821717e-02	1.00000000000000e+00	0.00000000000000e+00	0.00000000000000e+00	1.90815870899005e+01	2.27957754979928e+01	0.00000000000000e+00	2.27957754979928e+01	1
84	93	87	90	7.01251403897809e-02	1.00000000000000e+00	0.00000000000000e+00	0.00000000000000e+00	1.92593405387895e+01	2.19997267594394e+01	3.99551256692932e+02	2.19997267594394e+01	1
85	94	88	91	7.01269935344210e-02	1.00000000000000e+00	0.00000000000000e+00	0.00000000000000e+00	1.93003597272981e+01	2.15956160411521e+01	3.93720831756923e+02	2.15956160411521e+01	1
86	95	89	92	7.01355460234270e-02	1.00000000000000e+00	0.00000000000000e+00	0.00000000000000e+00	1.92261043970940e+01	2.14942622243211e+01	0.00000000000000e+00	2.14942622243211e+01	1
87	96	90	93	7.01090457893363e-02	1.00000000000000e+00	0.00000000000000e+00	0.00000000000000e+00	1.91275504818304e+01	2.28454089329083e+01	0.00000000000000e+00	2.28454089329083e+01	1
1	13	5	9	7.01087808649052e-02	1.00000000000000e+00	0.00000000000000e+00	0.00000000000000e+00	2.67359443513363e+01	1.72599580296110e+01	4.59639662210585e+02	1.72599580296110e+01	1
2	14	6	10	7.01176270893493e-02	1.00000000000000e+00	0.00000000000000e+00	0.00000000000000e+00	2.69183831106787e+01	1.69506835689361e+01	0.00000000000000e+00	1.69506835689361e+01	1
3	15	7	11	7.01040296041597e-02	1.00000000000000e+00	0.00000000000000e+00	0.00000000000000e+00	2.68870426809159e+01	1.69050711010655e+01	0.00000000000000e+00	1.69050711010655e+01	1
4	16	8	12	7.01013367840595e-02	1.00000000000000e+00	0.00000000000000e+00	0.00000000000000e+00	2.71047140321641e+01	1.66397037561545e+01	4.93404250628790e+02	1.66397037561545e+01	1
5	17	9	13	7.01195790087953e-02	1.00000000000000e+00	0.00000000000000e+00	0.00000000000000e+00	2.69995483397728e+01	1.64108831021783e+01	0.00000000000000e+00	1.64108831021783e+01	1
6	18	10	14	7.01092971310719e-02	1.00000000000000e+00	0.00000000000000e+00	0.00000000000000e+00	2.68498672004219e+01	1.64538158005043e+01	4.57468549353797e+02	1.64538158005043e+01	1
7	19	11	15	7.01180309803761e-02	1.00000000000000e+00	0.00000000000000e+00	0.00000000000000e+00	2.67437663257988e+01	1.64605983934545e+01	0.00000000000000e+00	1.64605983934545e+01	1
8	20	12	16	7.01226022493784e-02	1.00000000000000e+00	0.00000000000000e+00	0.00000000000000e+00	2.64937175317884e+01	1.67442604963395e+01	4.07822860131158e+02	1.67442604963395e+01	1
9	21	13	17	7.01062882412253e-02	1.00000000000000e+00	0.00000000000000e+00	0.00000000000000e+00	2.65011109898565e+01	1.71283322096931e+01	4.70418923331255e+02	1.71283322096931e+01	1
10	22	14	18	7.01051268181032e-02	1.00000000000000e+00	0.00000000000000e+00	0.00000000000000e+00	2.65793932207086e+01	1.72650906344161e+01	4.75616031210252e+02	1.72650906344161e+01	1
11	23	15	19	7.01006636640864e-02	1.00000000000000e+00	0.00000000000000e+00	0.00000000000000e+00	2.66547768844652e+01	1.73800124589981e+01	4.96703556877316e+02	1.73800124589981e+01	1
12	24	16	20	7.01067206346523e-02	1.00000000000000e+00	0.00000000000000e+00	0.00000000000000e+00	2.69197426280900e+01	1.72431059723201e+01	4.68512955933261e+02	1.72431059723201e+01	1
13	25	17	21	7.01148500721891e-02	1.00000000000000e+00	0.00000000000000e+00	0.00000000000000e+00	2.69359655716049e+01	1.69511691215611e+01	0.00000000000000e+00	1.69511691215611e+01	1
14	26	18	22	7.01059301781099e-02	1.00000000000000e+00	0.00000000000000e+00	0.00000000000000e+00	2.68276617008958e+01	1.69760459113156e+01	4.72009024171825e+02	1.69760459113156e+01	1
15	27	19	23	7.01076195237315e-02	1.00000000000000e+00	0.00000000000000e+00	0.00000000000000e+00	2.67416065593230e+01	1.70534677169293e+01	4.64599714497491e+02	1.70534677169293e+01	1
16	28	20	24	7.00989174862196e-02	1.00000000000000e+00	0.00000000000000e+00	0.00000000000000e+00	2.66321257424586e+01	1.73036197552721e+01	5.05471801911883e+02	1.73036197552721e+01	1
17	29	21	25	7.01018275665793e-02	1.00000000000000e+00	0.00000000000000e+00	0.00000000000000e+00	2.66330972062628e+01	1.75754936005202e+01	4.91026169824479e+02	1.75754936005202e+01	1
18	30	22	26	7.01116049619627e-02	1.00000000000000e+00	0.00000000000000e+00	0.00000000000000e+00	2.67553256272979e+01	1.76345522865937e+01	4.48008754455779e+02	1.76345522865937e+01	1
19	31	23	27	7.01059654372837e-02	1.00000000000000e+00	0.00000000000000e+00	0.00000000000000e+00	2.67991090475160e+01	1.75140040616717e+01	4.71851966845870e+02	1.75140040616717e+01	1
20	32	24	28	7.01024388109453e-02	1.00000000000000e+00	0.00000000000000e+00	0.00000000000000e+00	2.67457179180682e+01	1.74423043049057e+01	4.88096255106749e+02	1.74423043049057e+01	1
21	33	25	29	7.00967399916727e-02	1.00000000000000e+00	0.00000000000000e+00	0.00000000000000e+00	2.66392380241007e+01	1.75331652185054e+01	5.16849331237712e+02	1.75331652185054e+01	1
22	34	26	30	7.01057103815414e-02	1.00000000000000e+00	0.00000000000000e+00	0.00000000000000e+00	2.64368841878462e+01	1.77200545249690e+01	4.72990441155582e+02	1.77200545249690e+01	1
23	35	27	31	7.01135537105316e-02	1.00000000000000e+00	0.00000000000000e+00	0.00000000000000e+00	2.63544357597828e+01	1.80962390231241e+01	4.40320265766233e+02	1.80962390231241e+01	1
24	36	28	32	7.00987887554885e-02	1.00000000000000e+00	0.00000000000000e+00	0.00000000000000e+00	2.63557293038054e+01	1.84481103062051e+01	5.06130477631540e+02	1.84481103062051e+01	1
25	37	29	33	7.01050418930292e-02	1.00000000000000e+00	0.00000000000000e+00	0.00000000000000e+00	2.64172056319060e+01	1.86834736928065e+01	4.76000560900966e+02	1.86834736928065e+01	1
26	38	30	34	7.00941766582962e-02	1.00000000000000e+00	0.00000000000000e+00	0.00000000000000e+00	2.66581752688934e+01	1.84665391184523e+01	5.30917117941917e+02	1.84665391184523e+01	1
27	39	31	35	7.01018742301662e-02	1.00000000000000e+00	0.00000000000000e+00	0.00000000000000e+00	2.65095708370885e+01	1.78546331604868e+01	4.90801254825997e+02	1.78546331604868e+01	1
28	40	32	36	7.00993490957704e-02	1.00000000000000e+00	0.00000000000000e+00	0.00000000000000e+00	2.62615300043783e+01	1.78491121327066e+01	5.03275843753803e+02	1.78491121327066e+01	1
29	41	33	37	7.01040449082181e-02	1.00000000000000e+00	0.00000000000000e+00	0.00000000000000e+00	2.60083534392255e+01	1.79201458960685e+01	4.80561719514178e+02	1.79201458960685e+01	1
30	42	34	38	7.01030236043553e-02	1.00000000000000e+00	0.00000000000000e+00	0.00000000000000e+00	2.56648745894968e+01	1.86097988052970e+01	4.85325671848520e+02	1.86097988052970e+01	1
31	43	35	39	7.00937040987798e-02	1.00000000000000e+00	0.00000000000000e+00	0.00000000000000e+00	2.56891384206893e+01	1.96211360895816e+01	0.00000000000000e+00	1.96211360895816e+01	1
32	44	36	40	7.00976680227547e-02	1.00000000000000e+00	0.00000000000000e+00	0.00000000000000e+00	2.57353918414062e+01	1.96071351840154e+01	5.11938284299838e+02	1.96071351840154e+01	1
33	45	37	41	7.00988368904103e-02	1.00000000000000e+00	0.00000000000000e+00	0.00000000000000e+00	2.58435056590846e+01	1.99245402309630e+01	5.05883985144159e+02	1.99245402309630e+01	1
34	46	38	42	7.00947621002078e-02	1.00000000000000e+00	0.00000000000000e+00	0.00000000000000e+00	2.61093036057645e+01	1.97018713693021e+01	5.27637102706372e+02	1.97018713693021e+01	1
35	47	39	43	7.00917643141871e-02	1.00000000000000e+00	0.00000000000000e+00	0.00000000000000e+00	2.59576936761554e+01	1.89923837455117e+01	5.44874120652947e+02	1.89923837455117e+01	1
36	48	40	44	7.01042466538913e-02	1.00000000000000e+00	0.00000000000000e+00	0.00000000000000e+00	2.57327693366147e+01	1.94099926600181e+01	4.79631701676773e+02	1.94099926600181e+01	1
37	49	41	45	7.00868018063941e-02	1.00000000000000e+00	0.00000000000000e+00	0.00000000000000e+00	2.55459152985143e+01	1.93972156820757e+01	0.00000000000000e+00	1.93972156820757e+01	1
38	50	42	46	7.00968675566949e-02	1.00000000000000e+00	0.00000000000000e+00	0.00000000000000e+00	2.53625309861895e+01	1.93199672189100e+01	5.16168691623667e+02	1.93199672189100e+01	1
39	51	43	47	7.00922557308921e-02	1.00000000000000e+00	0.00000000000000e+00	0.00000000000000e+00	2.53095617040736e+01	1.90882305934832e+01	5.41971750876961e+02	1.90882305934832e+01	1
40	52	44	48	7.01024284833841e-02	1.00000000000000e+00	0.00000000000000e+00	0.00000000000000e+00	2.53161817343334e+01	1.82707270686285e+01	0.00000000000000e+00	1.82707270686285e+01	1
41	53	45	49	7.01124930811170e-02	1.00000000000000e+00	0.00000000000000e+00	0.00000000000000e+00	2.52964118598934e+01	1.78196520329289e+01	4.44471779984279e+02	1.78196520329289e+01	1
42	54	46	50	7.01075578062400e-02	1.00000000000000e+00	0.00000000000000e+00	0.00000000000000e+00	2.52386823601809e+01	1.80080668349421e+01	4.64866305365285e+02	1.80080668349421e+01	1
43	55	47	51	7.00978884876282e-02	1.00000000000000e+00	0.00000000000000e+00	0.00000000000000e+00	2.53545046783115e+01	1.82097044742887e+01	5.10785294690945e+02	1.82097044742887e+01	1
44	56	48	52	7.01070602817313e-02	1.00000000000000e+00	0.00000000000000e+00	0.00000000000000e+00	2.53251402672900e+01	1.85215997859327e+01	0.00000000000000e+00	1.85215997859327e+01	1
45	57	49	53	7.00924924817382e-02	1.00000000000000e+00	0.00000000000000e+00	0.00000000000000e+00	2.53545585391609e+01	1.87818706044178e+01	5.40584478439242e+02	1.87818706044178e+01	1
46	58	50	54	7.01038060268408e-02	1.00000000000000e+00	0.00000000000000e+00	0.00000000000000e+00	2.54010497560379e+01	1.86155895353326e+01	4.81667601792206e+02	1.86155895353326e+01	1
47	59	51	55	7.01092468901168e-02	1.00000000000000e+00	0.00000000000000e+00	0.00000000000000e+00	2.53356208732317e+01	1.85163227757788e+01	4.57678932064120e+02	1.85163227757788e+01	1
48	60	52	56	7.01002819551231e-02	1.00000000000000e+00	0.00000000000000e+00	0.00000000000000e+00	2.54864908411946e+01	1.85759113600555e+01	4.98594188142835e+02	1.85759113600555e+01	1
49	61	53	57	7.00984054219351e-02	1.00000000000000e+00	0.00000000000000e+00	0.00000000000000e+00	2.55546067978303e+01	1.83208483321875e+01	5.08102084384731e+02	1.83208483321875e+01	1
50	62	54	58	7.01185057267393e-02	1.00000000000000e+00	0.00000000000000e+00	0.00000000000000e+00	2.57034427216748e+01	1.84363911486687e+01	0.00000000000000e+00	1.84363911486687e+01	1
51	63	55	59	7.01084355126480e-02	1.00000000000000e+00	0.00000000000000e+00	0.00000000000000e+00	2.58863167283218e+01	1.77398419286696e+01	0.00000000000000e+00	1.77398419286696e+01	1
52	64	56	60	7.01018134757797e-02	1.00000000000000e+00	0.00000000000000e+00	0.00000000000000e+00	2.56661598158379e+01	1.73999637847693e+01	4.91094126952125e+02	1.73999637847693e+01	1
53	65	57	61	7.01019594075998e-02	1.00000000000000e+00	0.00000000000000e+00	0.00000000000000e+00	2.56010181217628e+01	1.76896242744027e+01	0.00000000000000e+00	1.76896242744027e+01	1
54	66	58	62	7.01040617826361e-02	1.00000000000000e+00	0.00000000000000e+00	0.00000000000000e+00	2.54437004308757e+01	1.78025283505402e+01	4.80483792737423e+02	1.78025283505402e+01	1
55	67	59	63	7.01081419272923e-02	1.00000000000000e+00	0.00000000000000e+00	0.00000000000000e+00	2.54396054206591e+01	1.87529130100803e+01	4.62355362549361e+02	1.87529130100803e+01	1
56	68	60	64	7.00956782018817e-02	1.00000000000000e+00	0.00000000000000e+00	0.00000000000000e+00	2.56737077045409e+01	1.85806657047319e+01	5.22585071799350e+02	1.85806657047319e+01	1
57	69	61	65	7.01049305235901e-02	1.00000000000000e+00	0.00000000000000e+00	0.00000000000000e+00	2.56148015571674e+01	1.78196477520208e+01	0.00000000000000e+00	1.78196477520208e+01	1
58	70	62	66	7.00994806105054e-02	1.00000000000000e+00	0.00000000000000e+00	0.00000000000000e+00	2.56073839713562e+01	1.78302569743668e+01	5.02610506167689e+02	1.78302569743668e+01	1
59	71	63	67	7.01067197821328e-02	1.00000000000000e+00	0.00000000000000e+00	0.00000000000000e+00	2.55832573112907e+01	1.74018115763345e+01	4.68516698598624e+02	1.74018115763345e+01	1
60	72	64	68	7.01092231999789e-02	1.00000000000000e+00	0.00000000000000e+00	0.00000000000000e+00	2.54685234161229e+01	1.82968840992503e+01	0.00000000000000e+00	1.82968840992503e+01	1
61	73	65	69	7.00928604868356e-02	1.00000000000000e+00	0.00000000000000e+00	0.00000000000000e+00	2.55361881545209e+01	1.94044537402916e+01	0.00000000000000e+00	1.94044537402916e+01	1
62	74	66	70	7.00884085119568e-02	1.00000000000000e+00	0.00000000000000e+00	0.00000000000000e+00	2.56173296520065e+01	1.96312908788034e+01	5.65556402809518e+02	1.96312908788034e+01	1
63	75	67	71	7.00964738844067e-02	1.00000000000000e+00	0.00000000000000e+00	0.00000000000000e+00	2.57724217931762e+01	1.98863461219446e+01	0.00000000000000e+00	1.98863461219446e+01	1
64	76	68	72	7.00943760260986e-02	1.00000000000000e+00	0.00000000000000e+00	0.00000000000000e+00	2.58582487972349e+01	1.92670684909955e+01	5.29795564264918e+02	1.92670684909955e+01	1
65	77	69	73	7.00968010904950e-02	1.00000000000000e+00	0.00000000000000e+00	0.00000000000000e+00	2.56045560478203e+01	1.86231369576139e+01	0.00000000000000e+00	1.86231369576139e+01	1
66	78	70	74	7.01068411979142e-02	1.00000000000000e+00	0.00000000000000e+00	0.00000000000000e+00	2.52697577311060e+01	1.82821745709761e+01	4.67984269889717e+02	1.82821745709761e+01	1
67	79	71	75	7.00998820429005e-02	1.00000000000000e+00	0.00000000000000e+00	0.00000000000000e+00	2.51152103925747e+01	1.81251974730925e+01	5.00590482012780e+02	1.81251974730925e+01	1
68	80	72	76	7.01010479181313e-02	1.00000000000000e+00	0.00000000000000e+00	0.00000000000000e+00	2.51092348731168e+01	1.74299173884102e+01	0.00000000000000e+00	1.74299173884102e+01	1
69	81	73	77	7.01168613247944e-02	1.00000000000000e+00	0.00000000000000e+00	0.00000000000000e+00	2.51464324067251e+01	1.68522719160257e+01	4.27857549005057e+02	1.68522719160257e+01	1
70	82	74	78	7.01116837801069e-02	1.00000000000000e+00	0.00000000000000e+00	0.00000000000000e+00	2.52364524295024e+01	1.66101396528167e+01	4.47692583042521e+02	1.66101396528167e+01	1
71	83	75	79	7.01167100022101e-02	1.00000000000000e+00	0.00000000000000e+00	0.00000000000000e+00	2.54838707693252e+01	1.66214937779126e+01	4.28412295888822e+02	1.66214937779126e+01	1
72	84	76	80	7.01087736039148e-02	1.00000000000000e+00	0.00000000000000e+00	0.00000000000000e+00	2.56678246551878e+01	1.80718647633539e+01	4.59670344646944e+02	1.80718647633539e+01	1
73	85	77	81	7.01021807657890e-02	1.00000000000000e+00	0.00000000000000e+00	0.00000000000000e+00	2.56217779085706e+01	1.88123296336496e+01	4.89328883121208e+02	1.88123296336496e+01	1
74	86	78	82	7.01019728009642e-02	1.00000000000000e+00	0.00000000000000e+00	0.00000000000000e+00	2.56423534872275e+01	1.90184891307674e+01	4.90326827617164e+02	1.90184891307674e+01	1
75	87	79	83	7.00999334743510e-02	1.00000000000000e+00	0.00000000000000e+00	0.00000000000000e+00	2.55315787483028e+01	1.91964651407713e+01	5.00332849675323e+02	1.91964651407713e+01	1
76	88	80	84	7.00992032799179e-02	1.00000000000000e+00	0.00000000000000e+00	0.00000000000000e+00	2.55336582537066e+01	1.82224804983514e+01	0.00000000000000e+00	1.82224804983514e+01	1
77	89	81	85	7.00992000967119e-02	1.00000000000000e+00	0.00000000000000e+00	0.00000000000000e+00	2.54133746703951e+01	1.80504417310865e+01	5.04031766674728e+02	1.80504417310865e+01	1
78	90	82	86	7.01040029391810e-02	1.00000000000000e+00	0.00000000000000e+00	0.00000000000000e+00	2.52250053351969e+01	1.81737652027341e+01	0.00000000000000e+00	1.81737652027341e+01	1
79	91	83	87	7.01090583136757e-02	1.00000000000000e+00	0.00000000000000e+00	0.00000000000000e+00	2.51949812243098e+01	1.81446069675311e+01	4.58470320279107e+02	1.81446069675311e+01	1
80	92	84	88	7.01059540142453e-02	1.00000000000000e+00	0.00000000000000e+00	0.00000000000000e+00	2.51956576247236e+01	1.84167720715632e+01	4.71902837812670e+02	1.84167720715632e+01	1
81	93	85	89	7.01183372915822e-02	1.00000000000000e+00	0.00000000000000e+00	0.00000000000000e+00	2.52892764984715e+01	1.78615318998445e+01	0.00000000000000e+00	1.78615318998445e+01	1
82	94	86	90	7.01227423188024e-02	1.00000000000000e+00	0.00000000000000e+00	0.00000000000000e+00	2.55267428875658e+01	1.68442010469630e+01	0.00000000000000e+00	1.68442010469630e+01	1
83	95	87	91	7.01252307220472e-02	1.00000000000000e+00	0.00000000000000e+00	0.00000000000000e+00	2.56319162094452e+01	1.64879550678984e+01	3.99263049694454e+02	1.64879550678984e+01	1
84	96	88	92	7.01152182989294e-02	1.00000000000000e+00	0.00000000000000e+00	0.00000000000000e+00	2.57833865833410e+01	1.66525317744592e+01	4.33958845640035e+02	1.66525317744592e+01	1
1	16	6	11	7.01043281849736e-02	1.00000000000000e+00	0.00000000000000e+00	0.00000000000000e+00	3.37330085324880e+01	1.43975824451905e+01	4.79256875911974e+02	1.43975824451905e+01	1
2	17	7	12	7.01140796964689e-02	1.00000000000000e+00	0.00000000000000e+00	0.00000000000000e+00	3.39096929051280e+01	1.39579834895512e+01	4.38290086208385e+02	1.39579834895512e+01	1
3	18	8	13	7.01036069553263e-02	1.00000000000000e+00	0.00000000000000e+00	0.00000000000000e+00	3.37080358993307e+01	1.38372022731998e+01	0.00000000000000e+00	1.38372022731998e+01	1
4	19	9	14	7.00965098648079e-02	1.00000000000000e+00	0.00000000000000e+00	0.00000000000000e+00	3.36333249813174e+01	1.38213500831463e+01	5.18081753606555e+02	1.38213500831463e+01	1
5	20	10	15	7.01110774791529e-02	1.00000000000000e+00	0.00000000000000e+00	0.00000000000000e+00	3.34817202916743e+01	1.38070859791618e+01	4.50136250672322e+02	1.38070859791618e+01	1
6	21	11	16	7.00989429156866e-02	1.00000000000000e+00	0.00000000000000e+00	0.00000000000000e+00	3.32571721198277e+01	1.38977997918719e+01	5.05341889846911e+02	1.38977997918719e+01	1
7	22	12	17	7.00972651541060e-02	1.00000000000000e+00	0.00000000000000e+00	0.00000000000000e+00	3.30727454960612e+01	1.41947804462944e+01	0.00000000000000e+00	1.41947804462944e+01	1
8	23	13	18	7.01018210889155e-02	1.00000000000000e+00	0.00000000000000e+00	0.00000000000000e+00	3.31244232074517e+01	1.43689958915948e+01	0.00000000000000e+00	1.43689958915948e+01	1
9	24	14	19	7.01043802432792e-02	1.00000000000000e+00	0.00000000000000e+00	0.00000000000000e+00	3.32685993765982e+01	1.44388113371082e+01	4.79017852700782e+02	1.44388113371082e+01	1
10	25	15	20	7.01025238109600e-02	1.00000000000000e+00	0.00000000000000e+00	0.00000000000000e+00	3.33533516243204e+01	1.44236215229395e+01	0.00000000000000e+00	1.44236215229395e+01	1
11	26	16	21	7.00976160784910e-02	1.00000000000000e+00	0.00000000000000e+00	0.00000000000000e+00	3.34384788848380e+01	1.44436403968378e+01	5.12210701074226e+02	1.44436403968378e+01	1
12	27	17	22	7.01074135789894e-02	1.00000000000000e+00	0.00000000000000e+00	0.00000000000000e+00	3.35253287130879e+01	1.43539952034923e+01	4.65490494501968e+02	1.43539952034923e+01	1
13	28	18	23	7.01104640855818e-02	1.00000000000000e+00	0.00000000000000e+00	0.00000000000000e+00	3.35887826669600e+01	1.42915689082645e+01	4.52635802275909e+02	1.42915689082645e+01	1
14	29	19	24	7.01043822041199e-02	1.00000000000000e+00	0.00000000000000e+00	0.00000000000000e+00	3.34890407702786e+01	1.42840517883345e+01	4.79008854254420e+02	1.42840517883345e+01	1
15	30	20	25	7.00947667319089e-02	1.00000000000000e+00	0.00000000000000e+00	0.00000000000000e+00	3.34571314571460e+01	1.44397424295620e+01	5.27611314570688e+02	1.44397424295620e+01	1
16	31	21	26	7.01027601352892e-02	1.00000000000000e+00	0.00000000000000e+00	0.00000000000000e+00	3.34547897712417e+01	1.44859923798422e+01	0.00000000000000e+00	1.44859923798422e+01	1
17	32	22	27	7.00947178200311e-02	1.00000000000000e+00	0.00000000000000e+00	0.00000000000000e+00	3.34955692968667e+01	1.44426761000630e+01	5.27883770800573e+02	1.44426761000630e+01	1
18	33	23	28	7.00961607776383e-02	1.00000000000000e+00	0.00000000000000e+00	0.00000000000000e+00	3.33122444247443e+01	1.44107125306038e+01	5.19962517234060e+02	1.44107125306038e+01	1
19	34	24	29	7.01042619165064e-02	1.00000000000000e+00	0.00000000000000e+00	0.00000000000000e+00	3.32582396048099e+01	1.45475998377543e+01	4.79561489711855e+02	1.45475998377543e+01	1
20	35	25	30	7.00875492525609e-02	1.00000000000000e+00	0.00000000000000e+00	0.00000000000000e+00	3.31662642110483e+01	1.45700274058574e+01	5.71107103001779e+02	1.45700274058574e+01	1
21	36	26	31	7.00875554216892e-02	1.00000000000000e+00	0.00000000000000e+00	0.00000000000000e+00	3.30163159715595e+01	1.47546994051771e+01	5.71066862969256e+02	1.47546994051771e+01	1
22	37	27	32	7.01030437061825e-02	1.00000000000000e+00	0.00000000000000e+00	0.00000000000000e+00	3.28963474118946e+01	1.50340918178912e+01	4.85230994229150e+02	1.50340918178912e+01	1
23	38	28	33	7.00896457401577e-02	1.00000000000000e+00	0.00000000000000e+00	0.00000000000000e+00	3.30999362771776e+01	1.50162684705953e+01	5.57750986405411e+02	1.50162684705953e+01	1
24	39	29	34	7.00975666849507e-02	1.00000000000000e+00	0.00000000000000e+00	0.00000000000000e+00	3.29645303505995e+01	1.46454870808898e+01	5.12470009873563e+02	1.46454870808898e+01	1
25	40	30	35	7.00983281962364e-02	1.00000000000000e+00	0.00000000000000e+00	0.00000000000000e+00	3.27901777925980e+01	1.47914778161223e+01	5.08501141216642e+02	1.47914778161223e+01	1
26	41	31	36	7.00949614054954e-02	1.00000000000000e+00	0.00000000000000e+00	0.00000000000000e+00	3.26764393104599e+01	1.47521110623337e+01	5.26529696345007e+02	1.47521110623337e+01	1
27	42	32	37	7.01106604877542e-02	1.00000000000000e+00	0.00000000000000e+00	0.00000000000000e+00	3.25239138541560e+01	1.46468713599209e+01	4.51832456324195e+02	1.46468713599209e+01	1
28	43	33	38	7.00882550004590e-02	1.00000000000000e+00	0.00000000000000e+00	0.00000000000000e+00	3.21960284972459e+01	1.51019714979506e+01	5.66540136422705e+02	1.51019714979506e+01	1
29	44	34	39	7.00787828933948e-02	1.00000000000000e+00	0.00000000000000e+00	0.00000000000000e+00	3.21784550161456e+01	1.57547465728247e+01	6.34655543170321e+02	1.57547465728247e+01	1
30	45	35	40	7.01013613503615e-02	1.00000000000000e+00	0.00000000000000e+00	0.00000000000000e+00	3.22244489296656e+01	1.58113375548437e+01	0.00000000000000e+00	1.58113375548437e+01	1
31	46	36	41	7.00896006309579e-02	1.00000000000000e+00	0.00000000000000e+00	0.00000000000000e+00	3.22694041435384e+01	1.60881122885312e+01	5.58031784658690e+02	1.60881122885312e+01	1
32	47	37	42	7.00845323234144e-02	1.00000000000000e+00	0.00000000000000e+00	0.00000000000000e+00	3.24067755199460e+01	1.66304476587199e+01	0.00000000000000e+00	1.66304476587199e+01	1
33	48	38	43	7.00896774252825e-02	1.00000000000000e+00	0.00000000000000e+00	0.00000000000000e+00	3.26529074579742e+01	1.64867732130556e+01	5.57553919980210e+02	1.64867732130556e+01	1
34	49	39	44	7.00909337112960e-02	1.00000000000000e+00	0.00000000000000e+00	0.00000000000000e+00	3.24905983721390e+01	1.60720592339146e+01	5.49851086988681e+02	1.60720592339146e+01	1
35	50	40	45	7.00866843978780e-02	1.00000000000000e+00	0.00000000000000e+00	0.00000000000000e+00	3.22693527117734e+01	1.59760308263326e+01	0.00000000000000e+00	1.59760308263326e+01	1
36	51	41	46	7.00943403472170e-02	1.00000000000000e+00	0.00000000000000e+00	0.00000000000000e+00	3.21275397323378e+01	1.57798559544185e+01	5.29995929365946e+02	1.57798559544185e+01	1
37	52	42	47	7.00921473487434e-02	1.00000000000000e+00	0.00000000000000e+00	0.00000000000000e+00	3.19986606044320e+01	1.51975722065810e+01	5.42609208857882e+02	1.51975722065810e+01	1
38	53	43	48	7.00980648600483e-02	1.00000000000000e+00	0.00000000000000e+00	0.00000000000000e+00	3.17518551691013e+01	1.49517936175227e+01	5.09866632913834e+02	1.49517936175227e+01	1
39	54	44	49	7.00983172343700e-02	1.00000000000000e+00	0.00000000000000e+00	0.00000000000000e+00	3.17197983580526e+01	1.47703131717769e+01	5.08557836481229e+02	1.47703131717769e+01	1
40	55	45	50	7.01002160251798e-02	1.00000000000000e+00	0.00000000000000e+00	0.00000000000000e+00	3.16372129806047e+01	1.46181445784392e+01	0.00000000000000e+00	1.46181445784392e+01	1
41	56	46	51	7.01063507196076e-02	1.00000000000000e+00	0.00000000000000e+00	0.00000000000000e+00	3.17093893075905e+01	1.45059972714273e+01	4.70142564004245e+02	1.45059972714273e+01	1
42	57	47	52	7.01017724971640e-02	1.00000000000000e+00	0.00000000000000e+00	0.00000000000000e+00	3.17012808304155e+01	1.47621306104519e+01	0.00000000000000e+00	1.47621306104519e+01	1
43	58	48	53	7.01038472392139e-02	1.00000000000000e+00	0.00000000000000e+00	0.00000000000000e+00	3.17171063310530e+01	1.50653308858639e+01	4.81476449239438e+02	1.50653308858639e+01	1
44	59	49	54	7.01052358200282e-02	1.00000000000000e+00	0.00000000000000e+00	0.00000000000000e+00	3.16949234863994e+01	1.54186925422204e+01	4.75123394169628e+02	1.54186925422204e+01	1
45	60	50	55	7.00926716313550e-02	1.00000000000000e+00	0.00000000000000e+00	0.00000000000000e+00	3.17804732634883e+01	1.54605787931206e+01	0.00000000000000e+00	1.54605787931206e+01	1
46	61	51	56	7.00951604592378e-02	1.00000000000000e+00	0.00000000000000e+00	0.00000000000000e+00	3.18360503891659e+01	1.54871752410616e+01	5.25428317606810e+02	1.54871752410616e+01	1
47	62	52	57	7.00986200401593e-02	1.00000000000000e+00	0.00000000000000e+00	0.00000000000000e+00	3.20220151433752e+01	1.54172653796603e+01	5.06996345968049e+02	1.54172653796603e+01	1
48	63	53	58	7.00960593475733e-02	1.00000000000000e+00	0.00000000000000e+00	0.00000000000000e+00	3.20895170979848e+01	1.50441298559539e+01	5.20511551068738e+02	1.50441298559539e+01	1
49	64	54	59	7.00965025202578e-02	1.00000000000000e+00	0.00000000000000e+00	0.00000000000000e+00	3.21100659968681e+01	1.47201890202070e+01	5.18121183430397e+02	1.47201890202070e+01	1
50	65	55	60	7.01004173362828e-02	1.00000000000000e+00	0.00000000000000e+00	0.00000000000000e+00	3.19718212051028e+01	1.47593417202686e+01	4.97921990871853e+02	1.47593417202686e+01	1
51	66	56	61	7.00945716370044e-02	1.00000000000000e+00	0.00000000000000e+00	0.00000000000000e+00	3.19831894046576e+01	1.46916005487684e+01	5.28699741103994e+02	1.46916005487684e+01	1
52	67	57	62	7.01044759742796e-02	1.00000000000000e+00	0.00000000000000e+00	0.00000000000000e+00	3.18673347890672e+01	1.47851040672042e+01	4.78578930177760e+02	1.47851040672042e+01	1
53	68	58	63	7.00937842405970e-02	1.00000000000000e+00	0.00000000000000e+00	0.00000000000000e+00	3.18510862169862e+01	1.48691095818134e+01	5.33138613499744e+02	1.48691095818134e+01	1
54	69	59	64	7.00988307244212e-02	1.00000000000000e+00	0.00000000000000e+00	0.00000000000000e+00	3.17473728341934e+01	1.48060315387250e+01	5.05915546939507e+02	1.48060315387250e+01	1
55	70	60	65	7.00990582493222e-02	1.00000000000000e+00	0.00000000000000e+00	0.00000000000000e+00	3.16641155296122e+01	1.46747566568365e+01	5.04753519693237e+02	1.46747566568365e+01	1
56	71	61	66	7.00947875887496e-02	1.00000000000000e+00	0.00000000000000e+00	0.00000000000000e+00	3.16542907049273e+01	1.48659336863949e+01	5.27495220203507e+02	1.48659336863949e+01	1
57	72	62	67	7.01026184106053e-02	1.00000000000000e+00	0.00000000000000e+00	0.00000000000000e+00	3.18056067235081e+01	1.49667020766483e+01	4.87242003701806e+02	1.49667020766483e+01	1
58	73	63	68	7.00949788967640e-02	1.00000000000000e+00	0.00000000000000e+00	0.00000000000000e+00	3.19530171620041e+01	1.52588629135490e+01	5.26432730885926e+02	1.52588629135490e+01	1
59	74	64	69	7.01000379247511e-02	1.00000000000000e+00	0.00000000000000e+00	0.00000000000000e+00	3.20933685527042e+01	1.57390134610496e+01	0.00000000000000e+00	1.57390134610496e+01	1
60	75	65	70	7.00961153657403e-02	1.00000000000000e+00	0.00000000000000e+00	0.00000000000000e+00	3.21349607163462e+01	1.62033576089092e+01	5.20208185391545e+02	1.62033576089092e+01	1
61	76	66	71	7.00868696589645e-02	1.00000000000000e+00	0.00000000000000e+00	0.00000000000000e+00	3.22082702065974e+01	1.62674438456593e+01	5.75574954431829e+02	1.62674438456593e+01	1
62	77	67	72	7.00877141945607e-02	1.00000000000000e+00	0.00000000000000e+00	0.00000000000000e+00	3.21852916152965e+01	1.63904500391778e+01	5.70033165674299e+02	1.63904500391778e+01	1
63	78	68	73	7.00945496189178e-02	1.00000000000000e+00	0.00000000000000e+00	0.00000000000000e+00	3.21644017902482e+01	1.61840372091840e+01	5.28822861184318e+02	1.61840372091840e+01	1
64	79	69	74	7.00931359558979e-02	1.00000000000000e+00	0.00000000000000e+00	0.00000000000000e+00	3.19554237228146e+01	1.55092698841995e+01	5.36849592812503e+02	1.55092698841995e+01	1
65	80	70	75	7.01059433570714e-02	1.00000000000000e+00	0.00000000000000e+00	0.00000000000000e+00	3.16757798725837e+01	1.44776717685038e+01	4.71950307996269e+02	1.44776717685038e+01	1
66	81	71	76	7.01142037037185e-02	1.00000000000000e+00	0.00000000000000e+00	0.00000000000000e+00	3.14870344760640e+01	1.38614477205200e+01	4.37814172150170e+02	1.38614477205200e+01	1
67	82	72	77	7.01151024662802e-02	1.00000000000000e+00	0.00000000000000e+00	0.00000000000000e+00	3.14399266532218e+01	1.35242032069472e+01	4.34395557418170e+02	1.35242032069472e+01	1
68	83	73	78	7.01124567813758e-02	1.00000000000000e+00	0.00000000000000e+00	0.00000000000000e+00	3.15317609848414e+01	1.35058193110010e+01	4.44615250305759e+02	1.35058193110010e+01	1
69	84	74	79	7.01129008199623e-02	1.00000000000000e+00	0.00000000000000e+00	0.00000000000000e+00	3.17944422724070e+01	1.37197774854786e+01	4.42866579859239e+02	1.37197774854786e+01	1
70	85	75	80	7.00959279579694e-02	1.00000000000000e+00	0.00000000000000e+00	0.00000000000000e+00	3.21084200187186e+01	1.44482612491431e+01	5.21224479895384e+02	1.44482612491431e+01	1
71	86	76	81	7.00979986982230e-02	1.00000000000000e+00	0.00000000000000e+00	0.00000000000000e+00	3.21488564474965e+01	1.51457545073592e+01	5.10210858987368e+02	1.51457545073592e+01	1
72	87	77	82	7.01016359068615e-02	1.00000000000000e+00	0.00000000000000e+00	0.00000000000000e+00	3.21033648027409e+01	1.56124480158025e+01	4.91952121489523e+02	1.56124480158025e+01	1
73	88	78	83	7.00932076544665e-02	1.00000000000000e+00	0.00000000000000e+00	0.00000000000000e+00	3.20290097288670e+01	1.60286052102507e+01	0.00000000000000e+00	1.60286052102507e+01	1
74	89	79	84	7.00925437800593e-02	1.00000000000000e+00	0.00000000000000e+00	0.00000000000000e+00	3.19294109702398e+01	1.63836782328853e+01	5.40284824846582e+02	1.63836782328853e+01	1
75	90	80	85	7.00831168574141e-02	1.00000000000000e+00	0.00000000000000e+00	0.00000000000000e+00	3.16640472968618e+01	1.62808458444557e+01	6.01562686024967e+02	1.62808458444557e+01	1
76	91	81	86	7.00922060598786e-02	1.00000000000000e+00	0.00000000000000e+00	0.00000000000000e+00	3.13773494965042e+01	1.58826346618605e+01	5.42263708760850e+02	1.58826346618605e+01	1
77	92	82	87	7.00964080029294e-02	1.00000000000000e+00	0.00000000000000e+00	0.00000000000000e+00	3.12602696272572e+01	1.55667905703590e+01	5.18629143647283e+02	1.55667905703590e+01	1
78	93	83	88	7.01108827688586e-02	1.00000000000000e+00	0.00000000000000e+00	0.00000000000000e+00	3.12565433421722e+01	1.52815610744693e+01	4.50926690546344e+02	1.52815610744693e+01	1
79	94	84	89	7.01163010284260e-02	1.00000000000000e+00	0.00000000000000e+00	0.00000000000000e+00	3.13979410789010e+01	1.48596055101021e+01	4.29918812212566e+02	1.48596055101021e+01	1
80	95	85	90	7.01102238559756e-02	1.00000000000000e+00	0.00000000000000e+00	0.00000000000000e+00	3.17372797465916e+01	1.42221647372652e+01	4.53622308505284e+02	1.42221647372652e+01	1
81	96	86	91	7.01196913090948e-02	1.00000000000000e+00	0.00000000000000e+00	0.00000000000000e+00	3.19525098743274e+01	1.40311727076182e+01	4.17741274434437e+02	1.40311727076182e+01	1
1	19	7	13	7.01067143969573e-02	1.00000000000000e+00	0.00000000000000e+00	0.00000000000000e+00	4.04520799947463e+01	1.23023375130590e+01	4.68540341562594e+02	1.23023375130590e+01	1
2	20	8	14	7.00979252709377e-02	1.00000000000000e+00	0.00000000000000e+00	0.00000000000000e+00	4.03330949739655e+01	1.21989065647216e+01	5.10593430288227e+02	1.21989065647216e+01	1
3	21	9	15	7.01057903639335e-02	1.00000000000000e+00	0.00000000000000e+00	0.00000000000000e+00	4.01994183144705e+01	1.22076625610825e+01	4.72632838577345e+02	1.22076625610825e+01	1
4	22	10	16	7.01028324644433e-02	1.00000000000000e+00	0.00000000000000e+00	0.00000000000000e+00	4.00868353493787e+01	1.21707423587530e+01	0.00000000000000e+00	1.21707423587530e+01	1
5	23	11	17	7.00883191156889e-02	1.00000000000000e+00	0.00000000000000e+00	0.00000000000000e+00	3.98586220367880e+01	1.22457288800769e+01	5.66128856816740e+02	1.22457288800769e+01	1
6	24	12	18	7.00943168977758e-02	1.00000000000000e+00	0.00000000000000e+00	0.00000000000000e+00	3.97062201225932e+01	1.24355474046472e+01	5.30127699055980e+02	1.24355474046472e+01	1
7	25	13	19	7.00955567952102e-02	1.00000000000000e+00	0.00000000000000e+00	0.00000000000000e+00	3.98336390371293e+01	1.25143140475555e+01	5.23249025776146e+02	1.25143140475555e+01	1
8	26	14	20	7.01038886125686e-02	1.00000000000000e+00	0.00000000000000e+00	0.00000000000000e+00	3.99009236474692e+01	1.25164023714853e+01	4.81284702565505e+02	1.25164023714853e+01	1
9	27	15	21	7.00898170697785e-02	1.00000000000000e+00	0.00000000000000e+00	0.00000000000000e+00	3.98670692579671e+01	1.25651349774665e+01	5.56687054290668e+02	1.25651349774665e+01	1
10	28	16	22	7.00852873570791e-02	1.00000000000000e+00	0.00000000000000e+00	0.00000000000000e+00	4.00574054169848e+01	1.26660620747532e+01	5.86253364067221e+02	1.26660620747532e+01	1
11	29	17	23	7.00996213679362e-02	1.00000000000000e+00	0.00000000000000e+00	0.00000000000000e+00	4.02679431435617e+01	1.25178354671704e+01	5.01900355675108e+02	1.25178354671704e+01	1
12	30	18	24	7.01069671135660e-02	1.00000000000000e+00	0.00000000000000e+00	0.00000000000000e+00	4.03389617415425e+01	1.24087753027865e+01	4.67433385207405e+02	1.24087753027865e+01	1
13	31	19	25	7.00952812853601e-02	1.00000000000000e+00	0.00000000000000e+00	0.00000000000000e+00	4.02124515171235e+01	1.24031631004985e+01	0.00000000000000e+00	1.24031631004985e+01	1
14	32	20	26	7.00915298085378e-02	1.00000000000000e+00	0.00000000000000e+00	0.00000000000000e+00	4.02034267892774e+01	1.24542276881322e+01	0.00000000000000e+00	1.24542276881322e+01	1
15	33	21	27	7.00872469875247e-02	1.00000000000000e+00	0.00000000000000e+00	0.00000000000000e+00	4.02762032320042e+01	1.23771001760677e+01	0.00000000000000e+00	1.23771001760677e+01	1
16	34	22	28	7.00964855370482e-02	1.00000000000000e+00	0.00000000000000e+00	0.00000000000000e+00	4.00565181748447e+01	1.22939989870915e+01	5.18212382183663e+02	1.22939989870915e+01	1
17	35	23	29	7.00827009759273e-02	1.00000000000000e+00	0.00000000000000e+00	0.00000000000000e+00	3.98267968092191e+01	1.24392443203577e+01	6.04587786774878e+02	1.24392443203577e+01	1
18	36	24	30	7.00961556644192e-02	1.00000000000000e+00	0.00000000000000e+00	0.00000000000000e+00	3.97150328002385e+01	1.25367681220730e+01	5.19990167006960e+02	1.25367681220730e+01	1
19	37	25	31	7.00881616182916e-02	1.00000000000000e+00	0.00000000000000e+00	0.00000000000000e+00	3.97391041640450e+01	1.26431995409305e+01	5.67140224611150e+02	1.26431995409305e+01	1
20	38	26	32	7.01021893709903e-02	1.00000000000000e+00	0.00000000000000e+00	0.00000000000000e+00	3.97432316575000e+01	1.25144522085234e+01	0.00000000000000e+00	1.25144522085234e+01	1
21	39	27	33	7.00983498038187e-02	1.00000000000000e+00	0.00000000000000e+00	0.00000000000000e+00	3.94142670830488e+01	1.24108428694497e+01	5.08389422841902e+02	1.24108428694497e+01	1
22	40	28	34	7.00999774018180e-02	1.00000000000000e+00	0.00000000000000e+00	0.00000000000000e+00	3.92567176879922e+01	1.25562059754104e+01	0.00000000000000e+00	1.25562059754104e+01	1
23	41	29	35	7.01002964911341e-02	1.00000000000000e+00	0.00000000000000e+00	0.00000000000000e+00	3.91616659323424e+01	1.25498411764813e+01	0.00000000000000e+00	1.25498411764813e+01	1
24	42	30	36	7.00995104137727e-02	1.00000000000000e+00	0.00000000000000e+00	0.00000000000000e+00	3.90454070100063e+01	1.25109209727257e+01	5.02459974834493e+02	1.25109209727257e+01	1
25	43	31	37	7.00984337967961e-02	1.00000000000000e+00	0.00000000000000e+00	0.00000000000000e+00	3.87991814966286e+01	1.25506070383273e+01	5.07955617150335e+02	1.25506070383273e+01	1
26	44	32	38	7.01005335700153e-02	1.00000000000000e+00	0.00000000000000e+00	0.00000000000000e+00	3.86279465405190e+01	1.29475752490199e+01	4.97346309221626e+02	1.29475752490199e+01	1
27	45	33	39	7.00913223945493e-02	1.00000000000000e+00	0.00000000000000e+00	0.00000000000000e+00	3.87384356308913e+01	1.33923009634322e+01	5.47510829591826e+02	1.33923009634322e+01	1
28	46	34	40	7.00965369989901e-02	1.00000000000000e+00	0.00000000000000e+00	0.00000000000000e+00	3.87656062600185e+01	1.34218689551317e+01	5.17936133534906e+02	1.34218689551317e+01	1
29	47	35	41	7.00872013931144e-02	1.00000000000000e+00	0.00000000000000e+00	0.00000000000000e+00	3.88240378399304e+01	1.37011005648647e+01	5.73385334961264e+02	1.37011005648647e+01	1
30	48	36	42	7.00815318968455e-02	1.00000000000000e+00	0.00000000000000e+00	0.00000000000000e+00	3.88482831734469e+01	1.41771383422449e+01	6.13256920720757e+02	1.41771383422449e+01	1
31	49	37	43	7.00878190365768e-02	1.00000000000000e+00	0.00000000000000e+00	0.00000000000000e+00	3.89900261146535e+01	1.44370239409377e+01	5.69352636387613e+02	1.44370239409377e+01	1
32	50	38	44	7.00786559833233e-02	1.00000000000000e+00	0.00000000000000e+00	0.00000000000000e+00	3.92231799140382e+01	1.42056152358157e+01	6.35679548935413e+02	1.42056152358157e+01	1
33	51	39	45	7.00853834890171e-02	1.00000000000000e+00	0.00000000000000e+00	0.00000000000000e+00	3.90522267667326e+01	1.36695141349982e+01	5.85593310551870e+02	1.36695141349982e+01	1
34	52	40	46	7.01018818399333e-02	1.00000000000000e+00	0.00000000000000e+00	0.00000000000000e+00	3.88721504569372e+01	1.36164186824515e+01	4.90764595856731e+02	1.36164186824515e+01	1
35	53	41	47	7.00935544690167e-02	1.00000000000000e+00	0.00000000000000e+00	0.00000000000000e+00	3.87833498667199e+01	1.32466313305962e+01	5.34448012217269e+02	1.32466313305962e+01	1
36	54	42	48	7.00948918616068e-02	1.00000000000000e+00	0.00000000000000e+00	0.00000000000000e+00	3.86324661306965e+01	1.26950483691416e+01	5.26915576882681e+02	1.26950483691416e+01	1
37	55	43	49	7.01011313477864e-02	1.00000000000000e+00	0.00000000000000e+00	0.00000000000000e+00	3.84019463037884e+01	1.23267380079719e+01	4.94406542525105e+02	1.23267380079719e+01	1
38	56	44	50	7.01035168910566e-02	1.00000000000000e+00	0.00000000000000e+00	0.00000000000000e+00	3.80889845833345e+01	1.22930603113499e+01	0.00000000000000e+00	1.22930603113499e+01	1
39	57	45	51	7.01007439293327e-02	1.00000000000000e+00	0.00000000000000e+00	0.00000000000000e+00	3.81466545508459e+01	1.24078232777509e+01	4.96307820542323e+02	1.24078232777509e+01	1
40	58	46	52	7.01283472947376e-02	1.00000000000000e+00	0.00000000000000e+00	0.00000000000000e+00	3.80862751852530e+01	1.22410642233364e+01	3.89568008443173e+02	1.22410642233364e+01	1
41	59	47	53	7.01044451570293e-02	1.00000000000000e+00	0.00000000000000e+00	0.00000000000000e+00	3.80710833112367e+01	1.24861118808175e+01	4.78720138129316e+02	1.24861118808175e+01	1
42	60	48	54	7.00974201417643e-02	1.00000000000000e+00	0.00000000000000e+00	0.00000000000000e+00	3.81519392191110e+01	1.28334652902534e+01	5.13240887300222e+02	1.28334652902534e+01	1
43	61	49	55	7.01043182822332e-02	1.00000000000000e+00	0.00000000000000e+00	0.00000000000000e+00	3.81774197369476e+01	1.30537557363968e+01	4.79302370875305e+02	1.30537557363968e+01	1
44	62	50	56	7.00953544131467e-02	1.00000000000000e+00	0.00000000000000e+00	0.00000000000000e+00	3.83674076481714e+01	1.31397436105962e+01	5.24359579698566e+02	1.31397436105962e+01	1
45	63	51	57	7.00895179635951e-02	1.00000000000000e+00	0.00000000000000e+00	0.00000000000000e+00	3.83268295010864e+01	1.29823503631270e+01	5.58547111573966e+02	1.29823503631270e+01	1
46	64	52	58	7.01051359153482e-02	1.00000000000000e+00	0.00000000000000e+00	0.00000000000000e+00	3.83327818235194e+01	1.30590213451438e+01	4.75574876904770e+02	1.30590213451438e+01	1
47	65	53	59	7.01017598449104e-02	1.00000000000000e+00	0.00000000000000e+00	0.00000000000000e+00	3.84023795014790e+01	1.28974988926083e+01	4.91352950115145e+02	1.28974988926083e+01	1
48	66	54	60	7.00979695995759e-02	1.00000000000000e+00	0.00000000000000e+00	0.00000000000000e+00	3.83599051572563e+01	1.27307646775998e+01	5.10362400340847e+02	1.27307646775998e+01	1
49	67	55	61	7.00927189316703e-02	1.00000000000000e+00	0.00000000000000e+00	0.00000000000000e+00	3.83834118213624e+01	1.26342343061599e+01	5.39264194477774e+02	1.26342343061599e+01	1
50	68	56	62	7.00907419998061e-02	1.00000000000000e+00	0.00000000000000e+00	0.00000000000000e+00	3.81339111893802e+01	1.24728197353582e+01	5.51012762633174e+02	1.24728197353582e+01	1
51	69	57	63	7.00945923381209e-02	1.00000000000000e+00	0.00000000000000e+00	0.00000000000000e+00	3.80428377538594e+01	1.25562052995402e+01	0.00000000000000e+00	1.25562052995402e+01	1
52	70	58	64	7.01005628696919e-02	1.00000000000000e+00	0.00000000000000e+00	0.00000000000000e+00	3.78889100467867e+01	1.25184158201578e+01	4.97201403989057e+02	1.25184158201578e+01	1
53	71	59	65	7.01096011124718e-02	1.00000000000000e+00	0.00000000000000e+00	0.00000000000000e+00	3.77841156618813e+01	1.25905470701246e+01	4.56199749002195e+02	1.25905470701246e+01	1
54	72	60	66	7.01029816303947e-02	1.00000000000000e+00	0.00000000000000e+00	0.00000000000000e+00	3.78235322820998e+01	1.27645922677193e+01	4.85523484220944e+02	1.27645922677193e+01	1
55	73	61	67	7.01077951991008e-02	1.00000000000000e+00	0.00000000000000e+00	0.00000000000000e+00	3.79067660094694e+01	1.28449399487799e+01	0.00000000000000e+00	1.28449399487799e+01	1
56	74	62	68	7.00963069409284e-02	1.00000000000000e+00	0.00000000000000e+00	0.00000000000000e+00	3.82676347820132e+01	1.34122344136462e+01	5.19173379592316e+02	1.34122344136462e+01	1
57	75	63	69	7.00836052054658e-02	1.00000000000000e+00	0.00000000000000e+00	0.00000000000000e+00	3.84749565508275e+01	1.37229117331677e+01	5.98048886088510e+02	1.37229117331677e+01	1
58	76	64	70	7.00809457032196e-02	1.00000000000000e+00	0.00000000000000e+00	0.00000000000000e+00	3.85292207052196e+01	1.39830866136454e+01	6.17698012510286e+02	1.39830866136454e+01	1
59	77	65	71	7.00869346890217e-02	1.00000000000000e+00	0.00000000000000e+00	0.00000000000000e+00	3.86275940685194e+01	1.40910953435888e+01	0.00000000000000e+00	1.40910953435888e+01	1
60	78	66	72	7.00846171277046e-02	1.00000000000000e+00	0.00000000000000e+00	0.00000000000000e+00	3.86756182792321e+01	1.40678969681421e+01	0.00000000000000e+00	1.40678969681421e+01	1
61	79	67	73	7.00861420084722e-02	1.00000000000000e+00	0.00000000000000e+00	0.00000000000000e+00	3.86815495108119e+01	1.41988584991409e+01	0.00000000000000e+00	1.41988584991409e+01	1
62	80	68	74	7.00975900607795e-02	1.00000000000000e+00	0.00000000000000e+00	0.00000000000000e+00	3.85396372246661e+01	1.33433693922979e+01	5.12347257503697e+02	1.33433693922979e+01	1
63	81	69	75	7.01010616907651e-02	1.00000000000000e+00	0.00000000000000e+00	0.00000000000000e+00	3.83180239619828e+01	1.25716635991989e+01	0.00000000000000e+00	1.25716635991989e+01	1
64	82	70	76	7.01114035367031e-02	1.00000000000000e+00	0.00000000000000e+00	0.00000000000000e+00	3.81083399731113e+01	1.20222823671098e+01	4.48818785109675e+02	1.20222823671098e+01	1
65	83	71	77	7.01224204967552e-02	1.00000000000000e+00	0.00000000000000e+00	0.00000000000000e+00	3.79966529832753e+01	1.17557321624486e+01	4.08428337780576e+02	1.17557321624486e+01	1
66	84	72	78	7.01128403036515e-02	1.00000000000000e+00	0.00000000000000e+00	0.00000000000000e+00	3.79134106701620e+01	1.15894410501096e+01	4.43104089425698e+02	1.15894410501096e+01	1
67	85	73	79	7.01106427903910e-02	1.00000000000000e+00	0.00000000000000e+00	0.00000000000000e+00	3.81227493249318e+01	1.12940558762105e+01	0.00000000000000e+00	1.12940558762105e+01	1
68	86	74	80	7.01060691945545e-02	1.00000000000000e+00	0.00000000000000e+00	0.00000000000000e+00	3.85404441249241e+01	1.20531155060413e+01	4.71390399540716e+02	1.20531155060413e+01	1
69	87	75	81	7.01007282115515e-02	1.00000000000000e+00	0.00000000000000e+00	0.00000000000000e+00	3.85670649525707e+01	1.28517429176644e+01	0.00000000000000e+00	1.28517429176644e+01	1
70	88	76	82	7.00945144924383e-02	1.00000000000000e+00	0.00000000000000e+00	0.00000000000000e+00	3.85273336082276e+01	1.33986396548092e+01	5.29019399142946e+02	1.33986396548092e+01	1
71	89	77	83	7.00935480962489e-02	1.00000000000000e+00	0.00000000000000e+00	0.00000000000000e+00	3.84236355788030e+01	1.36792252741660e+01	0.00000000000000e+00	1.36792252741660e+01	1
72	90	78	84	7.00846376602943e-02	1.00000000000000e+00	0.00000000000000e+00	0.00000000000000e+00	3.83399723453570e+01	1.42001658186145e+01	5.90753570291787e+02	1.42001658186145e+01	1
73	91	79	85	7.00874175617734e-02	1.00000000000000e+00	0.00000000000000e+00	0.00000000000000e+00	3.79036920543972e+01	1.49802461640527e+01	5.71967451226979e+02	1.49802461640527e+01	1
74	92	80	86	7.00848521901618e-02	1.00000000000000e+00	0.00000000000000e+00	0.00000000000000e+00	3.75524870816822e+01	1.46049039805123e+01	5.89259981441111e+02	1.46049039805123e+01	1
75	93	81	87	7.01097831126221e-02	1.00000000000000e+00	0.00000000000000e+00	0.00000000000000e+00	3.74522981163197e+01	1.40408993576494e+01	4.55443453968494e+02	1.40408993576494e+01	1
76	94	82	88	7.01041309764712e-02	1.00000000000000e+00	0.00000000000000e+00	0.00000000000000e+00	3.74482070051980e+01	1.35881081174767e+01	4.80164516788329e+02	1.35881081174767e+01	1
77	95	83	89	7.01047002188081e-02	1.00000000000000e+00	0.00000000000000e+00	0.00000000000000e+00	3.75441393247159e+01	1.33495237843058e+01	4.77553920795958e+02	1.33495237843058e+01	1
78	96	84	90	7.01089379886738e-02	1.00000000000000e+00	0.00000000000000e+00	0.00000000000000e+00	3.76674964730769e+01	1.28968835069164e+01	0.00000000000000e+00	1.28968835069164e+01	1
1	22	8	15	7.00981412899082e-02	1.00000000000000e+00	0.00000000000000e+00	0.00000000000000e+00	4.69795997883093e+01	1.11031284138399e+01	5.09469562166718e+02	1.11031284138399e+01	1
2	23	9	16	7.01032555885621e-02	1.00000000000000e+00	0.00000000000000e+00	0.00000000000000e+00	4.67424129894425e+01	1.10372948092488e+01	4.84235291244723e+02	1.10372948092488e+01	1
3	24	10	17	7.00986674966846e-02	1.00000000000000e+00	0.00000000000000e+00	0.00000000000000e+00	4.65534728392011e+01	1.11160729189619e+01	0.00000000000000e+00	1.11160729189619e+01	1
4	25	11	18	7.01129917347750e-02	1.00000000000000e+00	0.00000000000000e+00	0.00000000000000e+00	4.65913715899953e+01	1.10984304949003e+01	0.00000000000000e+00	1.10984304949003e+01	1
5	26	12	19	7.01103626140921e-02	1.00000000000000e+00	0.00000000000000e+00	0.00000000000000e+00	4.64531242212823e+01	1.11266926654684e+01	4.53051972457629e+02	1.11266926654684e+01	1
6	27	13	20	7.00838752088628e-02	1.00000000000000e+00	0.00000000000000e+00	0.00000000000000e+00	4.64257882152543e+01	1.11873057152303e+01	5.96123701841256e+02	1.11873057152303e+01	1
7	28	14	21	7.01016091068220e-02	1.00000000000000e+00	0.00000000000000e+00	0.00000000000000e+00	4.64799191186556e+01	1.12365827676491e+01	4.92081876948197e+02	1.12365827676491e+01	1
8	29	15	22	7.00860980910043e-02	1.00000000000000e+00	0.00000000000000e+00	0.00000000000000e+00	4.65533230354969e+01	1.12722992963194e+01	0.00000000000000e+00	1.12722992963194e+01	1
9	30	16	23	7.00965498085918e-02	1.00000000000000e+00	0.00000000000000e+00	0.00000000000000e+00	4.68376574404090e+01	1.12491422427855e+01	5.17867417131566e+02	1.12491422427855e+01	1
10	31	17	24	7.00931111908906e-02	1.00000000000000e+00	0.00000000000000e+00	0.00000000000000e+00	4.69231504723372e+01	1.11169441900666e+01	5.36992379989424e+02	1.11169441900666e+01	1
11	32	18	25	7.00942106423254e-02	1.00000000000000e+00	0.00000000000000e+00	0.00000000000000e+00	4.69221216901434e+01	1.10824289987464e+01	0.00000000000000e+00	1.10824289987464e+01	1
12	33	19	26	7.00976193893921e-02	1.00000000000000e+00	0.00000000000000e+00	0.00000000000000e+00	4.69526075266851e+01	1.10121406416112e+01	0.00000000000000e+00	1.10121406416112e+01	1
13	34	20	27	7.00952990403135e-02	1.00000000000000e+00	0.00000000000000e+00	0.00000000000000e+00	4.69044163880798e+01	1.09540176178271e+01	5.24664255122996e+02	1.09540176178271e+01	1
14	35	21	28	7.00902328945918e-02	1.00000000000000e+00	0.00000000000000e+00	0.00000000000000e+00	4.67847625209623e+01	1.09115134121415e+01	5.54121645173578e+02	1.09115134121415e+01	1
15	36	22	29	7.00910230863757e-02	1.00000000000000e+00	0.00000000000000e+00	0.00000000000000e+00	4.66601972398424e+01	1.09273690333031e+01	5.49311191158981e+02	1.09273690333031e+01	1
16	37	23	30	7.00861416422474e-02	1.00000000000000e+00	0.00000000000000e+00	0.00000000000000e+00	4.64073793395900e+01	1.09715832038372e+01	5.80439363535708e+02	1.09715832038372e+01	1
17	38	24	31	7.00825307997994e-02	1.00000000000000e+00	0.00000000000000e+00	0.00000000000000e+00	4.64258838396573e+01	1.09608278643747e+01	0.00000000000000e+00	1.09608278643747e+01	1
18	39	25	32	7.00934503126390e-02	1.00000000000000e+00	0.00000000000000e+00	0.00000000000000e+00	4.61720477894644e+01	1.08018099608258e+01	5.35043688865457e+02	1.08018099608258e+01	1
19	40	26	33	7.00974506182095e-02	1.00000000000000e+00	0.00000000000000e+00	0.00000000000000e+00	4.58758503642106e+01	1.08640417611365e+01	5.13080377720445e+02	1.08640417611365e+01	1
20	41	27	34	7.00876508050473e-02	1.00000000000000e+00	0.00000000000000e+00	0.00000000000000e+00	4.56403175984290e+01	1.09210046438582e+01	5.70445416594176e+02	1.09210046438582e+01	1
21	42	28	35	7.00923649709277e-02	1.00000000000000e+00	0.00000000000000e+00	0.00000000000000e+00	4.54865343243902e+01	1.09564311514079e+01	5.41330760977734e+02	1.09564311514079e+01	1
22	43	29	36	7.00915322162155e-02	1.00000000000000e+00	0.00000000000000e+00	0.00000000000000e+00	4.53069924747145e+01	1.09820713058842e+01	5.46255756358844e+02	1.09820713058842e+01	1
23	44	30	37	7.01070498130652e-02	1.00000000000000e+00	0.00000000000000e+00	0.00000000000000e+00	4.52013895046716e+01	1.10325184617346e+01	4.67072277553350e+02	1.10325184617346e+01	1
24	45	31	38	7.00889655689479e-02	1.00000000000000e+00	0.00000000000000e+00	0.00000000000000e+00	4.50024553831040e+01	1.13554945369448e+01	5.62015177234023e+02	1.13554945369448e+01	1
25	46	32	39	7.00934728189491e-02	1.00000000000000e+00	0.00000000000000e+00	0.00000000000000e+00	4.51052564611316e+01	1.18031272558901e+01	5.34914861476559e+02	1.18031272558901e+01	1
26	47	33	40	7.00845669892106e-02	1.00000000000000e+00	0.00000000000000e+00	0.00000000000000e+00	4.52690147493785e+01	1.19296599832674e+01	0.00000000000000e+00	1.19296599832674e+01	1
27	48	34	41	7.00797661021099e-02	1.00000000000000e+00	0.00000000000000e+00	0.00000000000000e+00	4.53826495601294e+01	1.21474042092906e+01	0.00000000000000e+00	1.21474042092906e+01	1
28	49	35	42	7.00807095281497e-02	1.00000000000000e+00	0.00000000000000e+00	0.00000000000000e+00	4.54251516488149e+01	1.24502039163755e+01	0.00000000000000e+00	1.24502039163755e+01	1
29	50	36	43	7.00846079519451e-02	1.00000000000000e+00	0.00000000000000e+00	0.00000000000000e+00	4.54773634812030e+01	1.25796030150169e+01	5.90961001307003e+02	1.25796030150169e+01	1
30	51	37	44	7.00792509743112e-02	1.00000000000000e+00	0.00000000000000e+00	0.00000000000000e+00	4.55866582162365e+01	1.26773895981687e+01	0.00000000000000e+00	1.26773895981687e+01	1
31	52	38	45	7.00867496769067e-02	1.00000000000000e+00	0.00000000000000e+00	0.00000000000000e+00	4.58648009119460e+01	1.24332514579492e+01	5.76371022727710e+02	1.24332514579492e+01	1
32	53	39	46	7.00895050456181e-02	1.00000000000000e+00	0.00000000000000e+00	0.00000000000000e+00	4.57178049996067e+01	1.19956537295255e+01	5.58627724891832e+02	1.19956537295255e+01	1
33	54	40	47	7.00960267780288e-02	1.00000000000000e+00	0.00000000000000e+00	0.00000000000000e+00	4.55717225480909e+01	1.17630586718214e+01	5.20688093742263e+02	1.17630586718214e+01	1
34	55	41	48	7.00993370199980e-02	1.00000000000000e+00	0.00000000000000e+00	0.00000000000000e+00	4.54710922336783e+01	1.13848488316191e+01	5.03337023810352e+02	1.13848488316191e+01	1
35	56	42	49	7.00939619822419e-02	1.00000000000000e+00	0.00000000000000e+00	0.00000000000000e+00	4.52784443413834e+01	1.09361901792561e+01	0.00000000000000e+00	1.09361901792561e+01	1
36	57	43	50	7.00983801733322e-02	1.00000000000000e+00	0.00000000000000e+00	0.00000000000000e+00	4.49274168534838e+01	1.07719733907606e+01	5.08232485331986e+02	1.07719733907606e+01	1
37	58	44	51	7.00984287956451e-02	1.00000000000000e+00	0.00000000000000e+00	0.00000000000000e+00	4.47879308984547e+01	1.05846042862487e+01	5.07981426292250e+02	1.05846042862487e+01	1
38	59	45	52	7.00982557081860e-02	1.00000000000000e+00	0.00000000000000e+00	0.00000000000000e+00	4.45399894984648e+01	1.06555423672785e+01	5.08876287424980e+02	1.06555423672785e+01	1
39	60	46	53	7.00974107427871e-02	1.00000000000000e+00	0.00000000000000e+00	0.00000000000000e+00	4.45824268583066e+01	1.07922105699564e+01	0.00000000000000e+00	1.07922105699564e+01	1
40	61	47	54	7.00942298980575e-02	1.00000000000000e+00	0.00000000000000e+00	0.00000000000000e+00	4.45992152106076e+01	1.08248720884832e+01	0.00000000000000e+00	1.08248720884832e+01	1
41	62	48	55	7.01021719257706e-02	1.00000000000000e+00	0.00000000000000e+00	0.00000000000000e+00	4.46855768724170e+01	1.10257091319567e+01	4.89371220351537e+02	1.10257091319567e+01	1
42	63	49	56	7.01039761743541e-02	1.00000000000000e+00	0.00000000000000e+00	0.00000000000000e+00	4.47254298735107e+01	1.11964239623605e+01	4.80879396752191e+02	1.11964239623605e+01	1
43	64	50	57	7.00951475916847e-02	1.00000000000000e+00	0.00000000000000e+00	0.00000000000000e+00	4.46856622120106e+01	1.12159613959990e+01	5.25499375387996e+02	1.12159613959990e+01	1
44	65	51	58	7.01086120405340e-02	1.00000000000000e+00	0.00000000000000e+00	0.00000000000000e+00	4.46503204441310e+01	1.13580835437302e+01	4.60354116856583e+02	1.13580835437302e+01	1
45	66	52	59	7.01010713561800e-02	1.00000000000000e+00	0.00000000000000e+00	0.00000000000000e+00	4.47518573636079e+01	1.12948034941568e+01	4.94700000967327e+02	1.12948034941568e+01	1
46	67	53	60	7.00983623983183e-02	1.00000000000000e+00	0.00000000000000e+00	0.00000000000000e+00	4.46914547961911e+01	1.12570222118588e+01	5.08324327739479e+02	1.12570222118588e+01	1
47	68	54	61	7.00891845737176e-02	1.00000000000000e+00	0.00000000000000e+00	0.00000000000000e+00	4.46366284484921e+01	1.10792388813215e+01	5.60635073037531e+02	1.10792388813215e+01	1
48	69	55	62	7.00960669255244e-02	1.00000000000000e+00	0.00000000000000e+00	0.00000000000000e+00	4.43370164180320e+01	1.08972370042166e+01	5.20470492076834e+02	1.08972370042166e+01	1
49	70	56	63	7.01066794655751e-02	1.00000000000000e+00	0.00000000000000e+00	0.00000000000000e+00	4.41176397988038e+01	1.09751361154901e+01	0.00000000000000e+00	1.09751361154901e+01	1
50	71	57	64	7.00947336183328e-02	1.00000000000000e+00	0.00000000000000e+00	0.00000000000000e+00	4.40247599873844e+01	1.10862862048763e+01	5.27795737985824e+02	1.10862862048763e+01	1
51	72	58	65	7.00989522227800e-02	1.00000000000000e+00	0.00000000000000e+00	0.00000000000000e+00	4.40215127804533e+01	1.10135929443550e+01	5.05294359189594e+02	1.10135929443550e+01	1
52	73	59	66	7.00917602165164e-02	1.00000000000000e+00	0.00000000000000e+00	0.00000000000000e+00	4.39434422999747e+01	1.11899891156534e+01	0.00000000000000e+00	1.11899891156534e+01	1
53	74	60	67	7.00906449467589e-02	1.00000000000000e+00	0.00000000000000e+00	0.00000000000000e+00	4.41405977912118e+01	1.14222804286355e+01	5.51602728975127e+02	1.14222804286355e+01	1
54	75	61	68	7.00863963812591e-02	1.00000000000000e+00	0.00000000000000e+00	0.00000000000000e+00	4.44159303831365e+01	1.19178687875756e+01	5.78727942898980e+02	1.19178687875756e+01	1
55	76	62	69	7.00871391870097e-02	1.00000000000000e+00	0.00000000000000e+00	0.00000000000000e+00	4.47213474332446e+01	1.24117385811203e+01	5.73794657901072e+02	1.24117385811203e+01	1
56	77	63	70	7.00898344665182e-02	1.00000000000000e+00	0.00000000000000e+00	0.00000000000000e+00	4.48678198949237e+01	1.24184922041584e+01	5.56579250012603e+02	1.24184922041584e+01	1
57	78	64	71	7.00871449617566e-02	1.00000000000000e+00	0.00000000000000e+00	0.00000000000000e+00	4.48955314530139e+01	1.24092175337782e+01	5.73756634831662e+02	1.24092175337782e+01	1
58	79	65	72	7.00877211813117e-02	1.00000000000000e+00	0.00000000000000e+00	0.00000000000000e+00	4.49555281702419e+01	1.26168723064350e+01	0.00000000000000e+00	1.26168723064350e+01	1
59	80	66	73	7.00854122582236e-02	1.00000000000000e+00	0.00000000000000e+00	0.00000000000000e+00	4.51116858577019e+01	1.23655742507666e+01	0.00000000000000e+00	1.23655742507666e+01	1
60	81	67	74	7.01073153281794e-02	1.00000000000000e+00	0.00000000000000e+00	0.00000000000000e+00	4.51853230365110e+01	1.19962694173502e+01	4.65916666782494e+02	1.19962694173502e+01	1
61	82	68	75	7.00871401201746e-02	1.00000000000000e+00	0.00000000000000e+00	0.00000000000000e+00	4.51443660498443e+01	1.13625909348433e+01	5.73788513256746e+02	1.13625909348433e+01	1
62	83	69	76	7.00947309481714e-02	1.00000000000000e+00	0.00000000000000e+00	0.00000000000000e+00	4.48296118296069e+01	1.07723786304962e+01	0.00000000000000e+00	1.07723786304962e+01	1
63	84	70	77	7.01150357352821e-02	1.00000000000000e+00	0.00000000000000e+00	0.00000000000000e+00	4.45926579250523e+01	1.05801432616875e+01	4.34647545629109e+02	1.05801432616875e+01	1
64	85	71	78	7.01083397405653e-02	1.00000000000000e+00	0.00000000000000e+00	0.00000000000000e+00	4.45689237546185e+01	1.04023996172312e+01	4.61511166069937e+02	1.04023996172312e+01	1
65	86	72	79	7.01155755216800e-02	1.00000000000000e+00	0.00000000000000e+00	0.00000000000000e+00	4.47484669595799e+01	1.02248144695995e+01	4.32617558399843e+02	1.02248144695995e+01	1
66	87	73	80	7.00983779030093e-02	1.00000000000000e+00	0.00000000000000e+00	0.00000000000000e+00	4.48841610058844e+01	1.05627797496484e+01	5.08244214102307e+02	1.05627797496484e+01	1
67	88	74	81	7.01014027859485e-02	1.00000000000000e+00	0.00000000000000e+00	0.00000000000000e+00	4.48403200791914e+01	1.09650218586680e+01	4.93083099565086e+02	1.09650218586680e+01	1
68	89	75	82	7.00902530961570e-02	1.00000000000000e+00	0.00000000000000e+00	0.00000000000000e+00	4.48904596545564e+01	1.15157660900154e+01	5.53997614807994e+02	1.15157660900154e+01	1
69	90	76	83	7.00862150789741e-02	1.00000000000000e+00	0.00000000000000e+00	0.00000000000000e+00	4.47687834348749e+01	1.22001657560557e+01	0.00000000000000e+00	1.22001657560557e+01	1
70	91	77	84	7.00890640962615e-02	1.00000000000000e+00	0.00000000000000e+00	0.00000000000000e+00	4.45241881125530e+01	1.26912505798336e+01	5.61393446953199e+02	1.26912505798336e+01	1
71	92	78	85	7.00915017869201e-02	1.00000000000000e+00	0.00000000000000e+00	0.00000000000000e+00	4.41918389704019e+01	1.31795658003127e+01	5.46437415956147e+02	1.31795658003127e+01	1
72	93	79	86	7.00839294273937e-02	1.00000000000000e+00	0.00000000000000e+00	0.00000000000000e+00	4.38339670824787e+01	1.34253753582258e+01	5.95738605072102e+02	1.34253753582258e+01	1
73	94	80	87	7.00947523172517e-02	1.00000000000000e+00	0.00000000000000e+00	0.00000000000000e+00	4.36848924941239e+01	1.30299565570205e+01	0.00000000000000e+00	1.30299565570205e+01	1
74	95	81	88	7.01013359635868e-02	1.00000000000000e+00	0.00000000000000e+00	0.00000000000000e+00	4.36956110504495e+01	1.26586859767659e+01	0.00000000000000e+00	1.26586859767659e+01	1
75	96	82	89	7.00928334936332e-02	1.00000000000000e+00	0.00000000000000e+00	0.00000000000000e+00	4.37574352795814e+01	1.24724871437235e+01	5.38598710908619e+02	1.24724871437235e+01	1
1	25	9	17	7.00890240909133e-02	1.00000000000000e+00	0.00000000000000e+00	0.00000000000000e+00	5.32963862827923e+01	1.03147534025941e+01	0.00000000000000e+00	1.03147534025941e+01	1
2	26	10	18	7.01021250865831e-02	1.00000000000000e+00	0.00000000000000e+00	0.00000000000000e+00	5.32417454366564e+01	1.02586648518415e+01	4.89595668144684e+02	1.02586648518415e+01	1
3	27	11	19	7.00849129582418e-02	1.00000000000000e+00	0.00000000000000e+00	0.00000000000000e+00	5.31551415210627e+01	1.02402577099731e+01	5.88838276693208e+02	1.02402577099731e+01	1
4	28	12	20	7.00869316206346e-02	1.00000000000000e+00	0.00000000000000e+00	0.00000000000000e+00	5.31880852790572e+01	1.02382674723338e+01	5.75164705719352e+02	1.02382674723338e+01	1
5	29	13	21	7.00953186478979e-02	1.00000000000000e+00	0.00000000000000e+00	0.00000000000000e+00	5.31763363715622e+01	1.01937164169640e+01	0.00000000000000e+00	1.01937164169640e+01	1
6	30	14	22	7.00975271198115e-02	1.00000000000000e+00	0.00000000000000e+00	0.00000000000000e+00	5.31710917120149e+01	1.02420671222064e+01	5.12677910478963e+02	1.02420671222064e+01	1
7	31	15	23	7.00929552952908e-02	1.00000000000000e+00	0.00000000000000e+00	0.00000000000000e+00	5.32767059038608e+01	1.02170821396297e+01	5.37892971493175e+02	1.02170821396297e+01	1
8	32	16	24	7.00896502049727e-02	1.00000000000000e+00	0.00000000000000e+00	0.00000000000000e+00	5.34390025851737e+01	1.01859508915525e+01	5.57723208945833e+02	1.01859508915525e+01	1
9	33	17	25	7.00981183301191e-02	1.00000000000000e+00	0.00000000000000e+00	0.00000000000000e+00	5.35352151377297e+01	1.00850141083757e+01	5.09588778562452e+02	1.00850141083757e+01	1
10	34	18	26	7.00875010378212e-02	1.00000000000000e+00	0.00000000000000e+00	0.00000000000000e+00	5.35513746706347e+01	1.00119394675314e+01	5.71421793901259e+02	1.00119394675314e+01	1
11	35	19	27	7.00889763505692e-02	1.00000000000000e+00	0.00000000000000e+00	0.00000000000000e+00	5.35386804424887e+01	9.93607997823987e+00	5.61947075601018e+02	9.93607997823987e+00	1
12	36	20	28	7.01027100768196e-02	1.00000000000000e+00	0.00000000000000e+00	0.00000000000000e+00	5.34171565061223e+01	9.87995962008808e+00	4.86807152211670e+02	9.87995962008808e+00	1
13	37	21	29	7.00835730511481e-02	1.00000000000000e+00	0.00000000000000e+00	0.00000000000000e+00	5.33484963632480e+01	9.89920152031127e+00	0.00000000000000e+00	9.89920152031127e+00	1
14	38	22	30	7.00910729543747e-02	1.00000000000000e+00	0.00000000000000e+00	0.00000000000000e+00	5.33291826350225e+01	9.76535406663827e+00	0.00000000000000e+00	9.76535406663827e+00	1
15	39	23	31	7.00990412292641e-02	1.00000000000000e+00	0.00000000000000e+00	0.00000000000000e+00	5.29789073078779e+01	9.65005461972680e+00	5.04840260682358e+02	9.65005461972680e+00	1
16	40	24	32	7.00972874872851e-02	1.00000000000000e+00	0.00000000000000e+00	0.00000000000000e+00	5.25954888549460e+01	9.67363459859969e+00	5.13940707025015e+02	9.67363459859969e+00	1
17	41	25	33	7.00803429953568e-02	1.00000000000000e+00	0.00000000000000e+00	0.00000000000000e+00	5.23200904463036e+01	9.72309407423244e+00	0.00000000000000e+00	9.72309407423244e+00	1
18	42	26	34	7.00998189194518e-02	1.00000000000000e+00	0.00000000000000e+00	0.00000000000000e+00	5.20626857525460e+01	9.71039923936987e+00	5.00907045223285e+02	9.71039923936987e+00	1
19	43	27	35	7.00906569634961e-02	1.00000000000000e+00	0.00000000000000e+00	0.00000000000000e+00	5.17621871859096e+01	9.79891655413719e+00	5.51529613079636e+02	9.79891655413719e+00	1
20	44	28	36	7.00913999332536e-02	1.00000000000000e+00	0.00000000000000e+00	0.00000000000000e+00	5.16675523225791e+01	9.85556922973486e+00	5.47046351349831e+02	9.85556922973486e+00	1
21	45	29	37	7.00928359928680e-02	1.00000000000000e+00	0.00000000000000e+00	0.00000000000000e+00	5.15055320085093e+01	9.91197392447859e+00	5.38584211310317e+02	9.91197392447859e+00	1
22	46	30	38	7.00971532472014e-02	1.00000000000000e+00	0.00000000000000e+00	0.00000000000000e+00	5.14047388995309e+01	1.02442261642216e+01	0.00000000000000e+00	1.02442261642216e+01	1
23	47	31	39	7.00914630184398e-02	1.00000000000000e+00	0.00000000000000e+00	0.00000000000000e+00	5.15527943014420e+01	1.06350085694505e+01	5.46669034686350e+02	1.06350085694505e+01	1
24	48	32	40	7.00749287571921e-02	1.00000000000000e+00	0.00000000000000e+00	0.00000000000000e+00	5.16977618089133e+01	1.08016419755848e+01	6.67300538187247e+02	1.08016419755848e+01	1
25	49	33	41	7.00916292372006e-02	1.00000000000000e+00	0.00000000000000e+00	0.00000000000000e+00	5.17968202235930e+01	1.09979637260568e+01	0.00000000000000e+00	1.09979637260568e+01	1
26	50	34	42	7.00720105529631e-02	1.00000000000000e+00	0.00000000000000e+00	0.00000000000000e+00	5.18995091120274e+01	1.12155022163225e+01	6.94342675380436e+02	1.12155022163225e+01	1
27	51	35	43	7.00774294194499e-02	1.00000000000000e+00	0.00000000000000e+00	0.00000000000000e+00	5.20822527369985e+01	1.12633086088629e+01	6.45749385120189e+02	1.12633086088629e+01	1
28	52	36	44	7.00837601576338e-02	1.00000000000000e+00	0.00000000000000e+00	0.00000000000000e+00	5.21355413986020e+01	1.13584966579901e+01	5.96942525091754e+02	1.13584966579901e+01	1
29	53	37	45	7.00930387639583e-02	1.00000000000000e+00	0.00000000000000e+00	0.00000000000000e+00	5.22949690254914e+01	1.13455789313457e+01	5.37410406939661e+02	1.13455789313457e+01	1
30	54	38	46	7.00771252425648e-02	1.00000000000000e+00	0.00000000000000e+00	0.00000000000000e+00	5.25774149573706e+01	1.10892316788417e+01	6.48296178231954e+02	1.10892316788417e+01	1
31	55	39	47	7.00800339943589e-02	1.00000000000000e+00	0.00000000000000e+00	0.00000000000000e+00	5.25310504154794e+01	1.05918765041265e+01	0.00000000000000e+00	1.05918765041265e+01	1
32	56	40	48	7.00866757911798e-02	1.00000000000000e+00	0.00000000000000e+00	0.00000000000000e+00	5.22892109858976e+01	1.03041855930520e+01	5.76862343215369e+02	1.03041855930520e+01	1
33	57	41	49	7.00839690147580e-02	1.00000000000000e+00	0.00000000000000e+00	0.00000000000000e+00	5.21443904009973e+01	1.00313846664175e+01	5.95457742884445e+02	1.00313846664175e+01	1
34	58	42	50	7.00867572278748e-02	1.00000000000000e+00	0.00000000000000e+00	0.00000000000000e+00	5.18298809774318e+01	9.77023934650495e+00	5.76320857924788e+02	9.77023934650495e+00	1
35	59	43	51	7.01073343696166e-02	1.00000000000000e+00	0.00000000000000e+00	0.00000000000000e+00	5.16324472649253e+01	9.65603546406659e+00	4.65834011776390e+02	9.65603546406659e+00	1
36	60	44	52	7.00904767768533e-02	1.00000000000000e+00	0.00000000000000e+00	0.00000000000000e+00	5.14302035397280e+01	9.47283520657870e+00	5.52627997359950e+02	9.47283520657870e+00	1
37	61	45	53	7.01012351444004e-02	1.00000000000000e+00	0.00000000000000e+00	0.00000000000000e+00	5.12747170788639e+01	9.37604832295238e+00	4.93899626420512e+02	9.37604832295238e+00	1
38	62	46	54	7.00930982737681e-02	1.00000000000000e+00	0.00000000000000e+00	0.00000000000000e+00	5.12062732485521e+01	9.38059335778945e+00	0.00000000000000e+00	9.38059335778945e+00	1
39	63	47	55	7.01022144440730e-02	1.00000000000000e+00	0.00000000000000e+00	0.00000000000000e+00	5.11061048238154e+01	9.50284311704251e+00	4.89167655838331e+02	9.50284311704251e+00	1
40	64	48	56	7.00977564559746e-02	1.00000000000000e+00	0.00000000000000e+00	0.00000000000000e+00	5.10575840201624e+01	9.63141859464671e+00	5.11475170632258e+02	9.63141859464671e+00	1
41	65	49	57	7.00841571967913e-02	1.00000000000000e+00	0.00000000000000e+00	0.00000000000000e+00	5.10207690764822e+01	9.83152599435704e+00	5.94126253087840e+02	9.83152599435704e+00	1
42	66	50	58	7.01022416738904e-02	1.00000000000000e+00	0.00000000000000e+00	0.00000000000000e+00	5.11214969052811e+01	9.92169642735238e+00	0.00000000000000e+00	9.92169642735238e+00	1
43	67	51	59	7.00853183596463e-02	1.00000000000000e+00	0.00000000000000e+00	0.00000000000000e+00	5.11578486794542e+01	9.86889247413536e+00	0.00000000000000e+00	9.86889247413536e+00	1
44	68	52	60	7.00887406406589e-02	1.00000000000000e+00	0.00000000000000e+00	0.00000000000000e+00	5.10158083870986e+01	9.81119853829167e+00	5.63439700556242e+02	9.81119853829167e+00	1
45	69	53	61	7.00892688129521e-02	1.00000000000000e+00	0.00000000000000e+00	0.00000000000000e+00	5.07089041436574e+01	9.74766874330237e+00	5.60106025234249e+02	9.74766874330237e+00	1
46	70	54	62	7.01006000019058e-02	1.00000000000000e+00	0.00000000000000e+00	0.00000000000000e+00	5.03333837332141e+01	9.83987349770868e+00	0.00000000000000e+00	9.83987349770868e+00	1
47	71	55	63	7.00929250329870e-02	1.00000000000000e+00	0.00000000000000e+00	0.00000000000000e+00	5.02551169689466e+01	9.99441722188939e+00	5.38068143672477e+02	9.99441722188939e+00	1
48	72	56	64	7.00877435653824e-02	1.00000000000000e+00	0.00000000000000e+00	0.00000000000000e+00	5.02297187837958e+01	9.96536984609735e+00	5.69842355756717e+02	9.96536984609735e+00	1
49	73	57	65	7.01053303283438e-02	1.00000000000000e+00	0.00000000000000e+00	0.00000000000000e+00	5.02143898403017e+01	9.86544795361435e+00	4.74697086643248e+02	9.86544795361435e+00	1
50	74	58	66	7.01007014851509e-02	1.00000000000000e+00	0.00000000000000e+00	0.00000000000000e+00	5.01522954119062e+01	1.00264102414572e+01	4.96517006924493e+02	1.00264102414572e+01	1
51	75	59	67	7.00874708665538e-02	1.00000000000000e+00	0.00000000000000e+00	0.00000000000000e+00	5.03119979586028e+01	1.03227225661951e+01	5.71618894037641e+02	1.03227225661951e+01	1
52	76	60	68	7.00885657952257e-02	1.00000000000000e+00	0.00000000000000e+00	0.00000000000000e+00	5.05664129696733e+01	1.08494383757229e+01	5.64552035834753e+02	1.08494383757229e+01	1
53	77	61	69	7.00884528417469e-02	1.00000000000000e+00	0.00000000000000e+00	0.00000000000000e+00	5.08148374919872e+01	1.12417944854145e+01	0.00000000000000e+00	1.12417944854145e+01	1
54	78	62	70	7.00831742146978e-02	1.00000000000000e+00	0.00000000000000e+00	0.00000000000000e+00	5.11130842045044e+01	1.13629351642002e+01	6.01147845899799e+02	1.13629351642002e+01	1
55	79	63	71	7.00842594697748e-02	1.00000000000000e+00	0.00000000000000e+00	0.00000000000000e+00	5.11875377785821e+01	1.12503659406428e+01	0.00000000000000e+00	1.12503659406428e+01	1
56	80	64	72	7.00831711140391e-02	1.00000000000000e+00	0.00000000000000e+00	0.00000000000000e+00	5.12332846182640e+01	1.11095549782838e+01	0.00000000000000e+00	1.11095549782838e+01	1
57	81	65	73	7.00822466967020e-02	1.00000000000000e+00	0.00000000000000e+00	0.00000000000000e+00	5.13745196215556e+01	1.11461405005094e+01	6.07927150936506e+02	1.11461405005094e+01	1
58	82	66	74	7.00977044467737e-02	1.00000000000000e+00	0.00000000000000e+00	0.00000000000000e+00	5.15717190698624e+01	1.09629677258956e+01	0.00000000000000e+00	1.09629677258956e+01	1
59	83	67	75	7.00934448934111e-02	1.00000000000000e+00	0.00000000000000e+00	0.00000000000000e+00	5.17770000021186e+01	1.06698875323459e+01	5.35074718101992e+02	1.06698875323459e+01	1
60	84	68	76	7.00913303248737e-02	1.00000000000000e+00	0.00000000000000e+00	0.00000000000000e+00	5.17318262606611e+01	1.01048419643815e+01	5.47463288553288e+02	1.01048419643815e+01	1
61	85	69	77	7.01026481795456e-02	1.00000000000000e+00	0.00000000000000e+00	0.00000000000000e+00	5.15596878236017e+01	9.63479690142619e+00	0.00000000000000e+00	9.63479690142619e+00	1
62	86	70	78	7.01171247128157e-02	1.00000000000000e+00	0.00000000000000e+00	0.00000000000000e+00	5.13118086278456e+01	9.47337676937341e+00	0.00000000000000e+00	9.47337676937341e+00	1
63	87	71	79	7.01205121367888e-02	1.00000000000000e+00	0.00000000000000e+00	0.00000000000000e+00	5.13686358982308e+01	9.54834431162947e+00	4.14895970914713e+02	9.54834431162947e+00	1
64	88	72	80	7.00898864279461e-02	1.00000000000000e+00	0.00000000000000e+00	0.00000000000000e+00	5.14975410966127e+01	9.85534044849807e+00	5.56257503413076e+02	9.85534044849807e+00	1
65	89	73	81	7.01110604436465e-02	1.00000000000000e+00	0.00000000000000e+00	0.00000000000000e+00	5.12929319584292e+01	1.00072727320211e+01	4.50205296848687e+02	1.00072727320211e+01	1
66	90	74	82	7.00864858439661e-02	1.00000000000000e+00	0.00000000000000e+00	0.00000000000000e+00	5.10964530143503e+01	1.03377662099695e+01	5.78129295004761e+02	1.03377662099695e+01	1
67	91	75	83	7.01058865843910e-02	1.00000000000000e+00	0.00000000000000e+00	0.00000000000000e+00	5.08641463672455e+01	1.07151887160654e+01	0.00000000000000e+00	1.07151887160654e+01	1
68	92	76	84	7.00893448930738e-02	1.00000000000000e+00	0.00000000000000e+00	0.00000000000000e+00	5.07162402619299e+01	1.13108424769275e+01	0.00000000000000e+00	1.13108424769275e+01	1
69	93	77	85	7.00852225704387e-02	1.00000000000000e+00	0.00000000000000e+00	0.00000000000000e+00	5.04039494480242e+01	1.19004560447137e+01	5.86699036917413e+02	1.19004560447137e+01	1
70	94	78	86	7.00873170415210e-02	1.00000000000000e+00	0.00000000000000e+00	0.00000000000000e+00	5.01790990625016e+01	1.21178511850262e+01	5.72625905883183e+02	1.21178511850262e+01	1
71	95	79	87	7.00901903779049e-02	1.00000000000000e+00	0.00000000000000e+00	0.00000000000000e+00	5.00190698415964e+01	1.22100713200795e+01	5.54382863909444e+02	1.22100713200795e+01	1
72	96	80	88	7.00882760215340e-02	1.00000000000000e+00	0.00000000000000e+00	0.00000000000000e+00	4.99453201985728e+01	1.19896680192399e+01	5.66405226823193e+02	1.19896680192399e+01	1
1	28	10	19	7.00927690031992e-02	1.00000000000000e+00	0.00000000000000e+00	0.00000000000000e+00	5.99360933166571e+01	9.66952272538397e+00	5.38973129771144e+02	9.66952272538397e+00	1
2	29	11	20	7.00911507719049e-02	1.00000000000000e+00	0.00000000000000e+00	0.00000000000000e+00	5.99792284610870e+01	9.53126156775489e+00	5.48541706834530e+02	9.53126156775489e+00	1
3	30	12	21	7.01057606072012e-02	1.00000000000000e+00	0.00000000000000e+00	0.00000000000000e+00	5.97995842043611e+01	9.51306108483920e+00	4.72765818230124e+02	9.51306108483920e+00	1
4	31	13	22	7.00841534751640e-02	1.00000000000000e+00	0.00000000000000e+00	0.00000000000000e+00	5.98901294021287e+01	9.48431687511687e+00	5.94152527897179e+02	9.48431687511687e+00	1
5	32	14	23	7.00934054025350e-02	1.00000000000000e+00	0.00000000000000e+00	0.00000000000000e+00	5.99468720498996e+01	9.42130207363831e+00	5.35300942376081e+02	9.42130207363831e+00	1
6	33	15	24	7.00986747179927e-02	1.00000000000000e+00	0.00000000000000e+00	0.00000000000000e+00	5.98763598826160e+01	9.39220973587288e+00	5.06715408132466e+02	9.39220973587288e+00	1
7	34	16	25	7.00895764662933e-02	1.00000000000000e+00	0.00000000000000e+00	0.00000000000000e+00	5.99791793575329e+01	9.37450967358816e+00	0.00000000000000e+00	9.37450967358816e+00	1
8	35	17	26	7.01002206554325e-02	1.00000000000000e+00	0.00000000000000e+00	0.00000000000000e+00	6.01338388233082e+01	9.27229141621350e+00	4.98899151918376e+02	9.27229141621350e+00	1
9	36	18	27	7.00916019525779e-02	1.00000000000000e+00	0.00000000000000e+00	0.00000000000000e+00	6.01731658522477e+01	9.16292866319715e+00	0.00000000000000e+00	9.16292866319715e+00	1
10	37	19	28	7.00940022090686e-02	1.00000000000000e+00	0.00000000000000e+00	0.00000000000000e+00	6.00218971958050e+01	9.09617076771058e+00	0.00000000000000e+00	9.09617076771058e+00	1
11	38	20	29	7.00973152364287e-02	1.00000000000000e+00	0.00000000000000e+00	0.00000000000000e+00	6.00104014388640e+01	9.02886311706597e+00	0.00000000000000e+00	9.02886311706597e+00	1
12	39	21	30	7.00967841022816e-02	1.00000000000000e+00	0.00000000000000e+00	0.00000000000000e+00	5.97898544171041e+01	8.87271533659171e+00	5.16613770457081e+02	8.87271533659171e+00	1
13	40	22	31	7.00935280073891e-02	1.00000000000000e+00	0.00000000000000e+00	0.00000000000000e+00	5.94660914801764e+01	8.85117586852702e+00	5.34599222155608e+02	8.85117586852702e+00	1
14	41	23	32	7.00987026385465e-02	1.00000000000000e+00	0.00000000000000e+00	0.00000000000000e+00	5.91106350412996e+01	8.84317433561080e+00	5.06572070780615e+02	8.84317433561080e+00	1
15	42	24	33	7.01031653531263e-02	1.00000000000000e+00	0.00000000000000e+00	0.00000000000000e+00	5.88584519202678e+01	8.82587410560120e+00	4.84658836370906e+02	8.82587410560120e+00	1
16	43	25	34	7.00971099029686e-02	1.00000000000000e+00	0.00000000000000e+00	0.00000000000000e+00	5.85116007473910e+01	8.83099895338725e+00	5.14880547416028e+02	8.83099895338725e+00	1
17	44	26	35	7.01045496928985e-02	1.00000000000000e+00	0.00000000000000e+00	0.00000000000000e+00	5.81626051010268e+01	8.89111508356405e+00	0.00000000000000e+00	8.89111508356405e+00	1
18	45	27	36	7.01001039212670e-02	1.00000000000000e+00	0.00000000000000e+00	0.00000000000000e+00	5.79151078934690e+01	8.99576210330860e+00	4.99480933085785e+02	8.99576210330860e+00	1
19	46	28	37	7.01060119925386e-02	1.00000000000000e+00	0.00000000000000e+00	0.00000000000000e+00	5.78708067506789e+01	9.11583977984646e+00	4.71644752661218e+02	9.11583977984646e+00	1
20	47	29	38	7.00906307966258e-02	1.00000000000000e+00	0.00000000000000e+00	0.00000000000000e+00	5.78178487781377e+01	9.39772394327547e+00	5.51688850385698e+02	9.39772394327547e+00	1
21	48	30	39	7.00816173873533e-02	1.00000000000000e+00	0.00000000000000e+00	0.00000000000000e+00	5.79731175018866e+01	9.78787342398356e+00	6.12614561938690e+02	9.78787342398356e+00	1
22	49	31	40	7.00799696518608e-02	1.00000000000000e+00	0.00000000000000e+00	0.00000000000000e+00	5.81071639706840e+01	9.92508973895711e+00	6.25237184813659e+02	9.92508973895711e+00	1
23	50	32	41	7.00722892839488e-02	1.00000000000000e+00	0.00000000000000e+00	0.00000000000000e+00	5.82728064776711e+01	1.00522727075926e+01	0.00000000000000e+00	1.00522727075926e+01	1
24	51	33	42	7.00726115724007e-02	1.00000000000000e+00	0.00000000000000e+00	0.00000000000000e+00	5.83778995106036e+01	1.02209116899657e+01	6.88595472414176e+02	1.02209116899657e+01	1
25	52	34	43	7.00819000079980e-02	1.00000000000000e+00	0.00000000000000e+00	0.00000000000000e+00	5.84955544282521e+01	1.03275187889376e+01	0.00000000000000e+00	1.03275187889376e+01	1
26	53	35	44	7.00693572910222e-02	1.00000000000000e+00	0.00000000000000e+00	0.00000000000000e+00	5.86791066452464e+01	1.03882745575104e+01	0.00000000000000e+00	1.03882745575104e+01	1
27	54	36	45	7.00689173463814e-02	1.00000000000000e+00	0.00000000000000e+00	0.00000000000000e+00	5.88810108221724e+01	1.03621778473069e+01	0.00000000000000e+00	1.03621778473069e+01	1
28	55	37	46	7.00779770775476e-02	1.00000000000000e+00	0.00000000000000e+00	0.00000000000000e+00	5.90883092055752e+01	1.02826793578784e+01	0.00000000000000e+00	1.02826793578784e+01	1
29	56	38	47	7.00802187061209e-02	1.00000000000000e+00	0.00000000000000e+00	0.00000000000000e+00	5.94554446346916e+01	9.92294603675655e+00	6.23296016824626e+02	9.92294603675655e+00	1
30	57	39	48	7.00920960777625e-02	1.00000000000000e+00	0.00000000000000e+00	0.00000000000000e+00	5.92833638874740e+01	9.46085323593213e+00	5.42911285852270e+02	9.46085323593213e+00	1
31	58	40	49	7.00793644683728e-02	1.00000000000000e+00	0.00000000000000e+00	0.00000000000000e+00	5.90319308692651e+01	9.24837269615448e+00	6.30004850093957e+02	9.24837269615448e+00	1
32	59	41	50	7.00903909805364e-02	1.00000000000000e+00	0.00000000000000e+00	0.00000000000000e+00	5.87029181863367e+01	9.12360235796417e+00	5.53152534725125e+02	9.12360235796417e+00	1
33	60	42	51	7.00943218014964e-02	1.00000000000000e+00	0.00000000000000e+00	0.00000000000000e+00	5.86763524732659e+01	8.90937870001369e+00	5.30100138109739e+02	8.90937870001369e+00	1
34	61	43	52	7.00939898058992e-02	1.00000000000000e+00	0.00000000000000e+00	0.00000000000000e+00	5.83968417308370e+01	8.70815800725109e+00	5.31972584916589e+02	8.70815800725109e+00	1
35	62	44	53	7.00993389304534e-02	1.00000000000000e+00	0.00000000000000e+00	0.00000000000000e+00	5.82574476516209e+01	8.53386506913336e+00	5.03327343789489e+02	8.53386506913336e+00	1
36	63	45	54	7.00900269614811e-02	1.00000000000000e+00	0.00000000000000e+00	0.00000000000000e+00	5.79962896911648e+01	8.33950203658551e+00	5.55389176502244e+02	8.33950203658551e+00	1
37	64	46	55	7.00950120292700e-02	1.00000000000000e+00	0.00000000000000e+00	0.00000000000000e+00	5.76556987610259e+01	8.27211228384209e+00	5.26249153756224e+02	8.27211228384209e+00	1
38	65	47	56	7.00909304872967e-02	1.00000000000000e+00	0.00000000000000e+00	0.00000000000000e+00	5.74772754022124e+01	8.46577191943435e+00	5.49870582314724e+02	8.46577191943435e+00	1
39	66	48	57	7.01029079376213e-02	1.00000000000000e+00	0.00000000000000e+00	0.00000000000000e+00	5.74700045302104e+01	8.65697427319550e+00	4.85871169472012e+02	8.65697427319550e+00	1
40	67	49	58	7.01073218560463e-02	1.00000000000000e+00	0.00000000000000e+00	0.00000000000000e+00	5.75297211510176e+01	8.73540893060336e+00	0.00000000000000e+00	8.73540893060336e+00	1
41	68	50	59	7.01036120361800e-02	1.00000000000000e+00	0.00000000000000e+00	0.00000000000000e+00	5.75744665661679e+01	8.60191332062374e+00	4.82569418027402e+02	8.60191332062374e+00	1
42	69	51	60	7.00917398716231e-02	1.00000000000000e+00	0.00000000000000e+00	0.00000000000000e+00	5.71665958625145e+01	8.58487451231269e+00	5.45019293305872e+02	8.58487451231269e+00	1
43	70	52	61	7.01017379185122e-02	1.00000000000000e+00	0.00000000000000e+00	0.00000000000000e+00	5.67982524367894e+01	8.68512514971139e+00	4.91458845740114e+02	8.68512514971139e+00	1
44	71	53	62	7.00874914348678e-02	1.00000000000000e+00	0.00000000000000e+00	0.00000000000000e+00	5.64646850318272e+01	8.84336888441453e+00	5.71484512461483e+02	8.84336888441453e+00	1
45	72	54	63	7.00936821155990e-02	1.00000000000000e+00	0.00000000000000e+00	0.00000000000000e+00	5.63430998400935e+01	9.06813357119616e+00	5.33719799988434e+02	9.06813357119616e+00	1
46	73	55	64	7.01019013380538e-02	1.00000000000000e+00	0.00000000000000e+00	0.00000000000000e+00	5.63419724587885e+01	9.14030448471098e+00	4.90670691425192e+02	9.14030448471098e+00	1
47	74	56	65	7.00954977944338e-02	1.00000000000000e+00	0.00000000000000e+00	0.00000000000000e+00	5.63579820558541e+01	9.10524381828855e+00	5.23572301291700e+02	9.10524381828855e+00	1
48	75	57	66	7.00973536222408e-02	1.00000000000000e+00	0.00000000000000e+00	0.00000000000000e+00	5.64364908580448e+01	9.23631200048182e+00	5.13591573165224e+02	9.23631200048182e+00	1
49	76	58	67	7.01098184896617e-02	1.00000000000000e+00	0.00000000000000e+00	0.00000000000000e+00	5.65494056661207e+01	9.41689557076342e+00	4.55296736952402e+02	9.41689557076342e+00	1
50	77	59	68	7.00859037605059e-02	1.00000000000000e+00	0.00000000000000e+00	0.00000000000000e+00	5.66252170305231e+01	9.91058508922662e+00	5.82046696274393e+02	9.91058508922662e+00	1
51	78	60	69	7.00906621749527e-02	1.00000000000000e+00	0.00000000000000e+00	0.00000000000000e+00	5.69554598149085e+01	1.03073986396260e+01	5.51497909972679e+02	1.03073986396260e+01	1
52	79	61	70	7.00760284330236e-02	1.00000000000000e+00	0.00000000000000e+00	0.00000000000000e+00	5.71153518942423e+01	1.04544728188032e+01	0.00000000000000e+00	1.04544728188032e+01	1
53	80	62	71	7.00661533408232e-02	1.00000000000000e+00	0.00000000000000e+00	0.00000000000000e+00	5.74216612079013e+01	1.03262125039659e+01	7.55819726983127e+02	1.03262125039659e+01	1
54	81	63	72	7.00822985356350e-02	1.00000000000000e+00	0.00000000000000e+00	0.00000000000000e+00	5.76482208800217e+01	1.01210952187559e+01	6.07544224380283e+02	1.01210952187559e+01	1
55	82	64	73	7.00903877286976e-02	1.00000000000000e+00	0.00000000000000e+00	0.00000000000000e+00	5.77293861644544e+01	1.01346872322282e+01	5.53172435245753e+02	1.01346872322282e+01	1
56	83	65	74	7.00865011176360e-02	1.00000000000000e+00	0.00000000000000e+00	0.00000000000000e+00	5.78838399020237e+01	1.01481913395288e+01	5.78027213594933e+02	1.01481913395288e+01	1
57	84	66	75	7.00908968973704e-02	1.00000000000000e+00	0.00000000000000e+00	0.00000000000000e+00	5.80344385541258e+01	9.95699926271285e+00	5.50073780805159e+02	9.95699926271285e+00	1
58	85	67	76	7.00959311127573e-02	1.00000000000000e+00	0.00000000000000e+00	0.00000000000000e+00	5.82994780230902e+01	9.66946932695427e+00	0.00000000000000e+00	9.66946932695427e+00	1
59	86	68	77	7.00832604230284e-02	1.00000000000000e+00	0.00000000000000e+00	0.00000000000000e+00	5.85357014210702e+01	9.26609526696267e+00	6.00525413892479e+02	9.26609526696267e+00	1
60	87	69	78	7.01038088694463e-02	1.00000000000000e+00	0.00000000000000e+00	0.00000000000000e+00	5.83419617360323e+01	8.98482939064746e+00	4.81654412255023e+02	8.98482939064746e+00	1
61	88	70	79	7.01014726314508e-02	1.00000000000000e+00	0.00000000000000e+00	0.00000000000000e+00	5.82305583352699e+01	8.89990292096784e+00	4.92743701283122e+02	8.89990292096784e+00	1
62	89	71	80	7.00981322269117e-02	1.00000000000000e+00	0.00000000000000e+00	0.00000000000000e+00	5.81245784701964e+01	9.21978243404410e+00	5.09516614200347e+02	9.21978243404410e+00	1
63	90	72	81	7.00835067365249e-02	1.00000000000000e+00	0.00000000000000e+00	0.00000000000000e+00	5.78030312702333e+01	9.56580789143509e+00	5.98754089558856e+02	9.56580789143509e+00	1
64	91	73	82	7.00916749875609e-02	1.00000000000000e+00	0.00000000000000e+00	0.00000000000000e+00	5.74348335500590e+01	9.72455472003757e+00	5.45405037189714e+02	9.72455472003757e+00	1
65	92	74	83	7.01003542413207e-02	1.00000000000000e+00	0.00000000000000e+00	0.00000000000000e+00	5.70631535290339e+01	9.89496175618745e+00	4.98235045594472e+02	9.89496175618745e+00	1
66	93	75	84	7.00932070567755e-02	1.00000000000000e+00	0.00000000000000e+00	0.00000000000000e+00	5.68051764653252e+01	1.02071285675538e+01	0.00000000000000e+00	1.02071285675538e+01	1
67	94	76	85	7.01000676552019e-02	1.00000000000000e+00	0.00000000000000e+00	0.00000000000000e+00	5.66046406098086e+01	1.06557402653392e+01	4.99661952697147e+02	1.06557402653392e+01	1
68	95	77	86	7.00865564500295e-02	1.00000000000000e+00	0.00000000000000e+00	0.00000000000000e+00	5.64624094962296e+01	1.10382514032228e+01	5.77657701799951e+02	1.10382514032228e+01	1
69	96	78	87	7.00948728004499e-02	1.00000000000000e+00	0.00000000000000e+00	0.00000000000000e+00	5.63910568925710e+01	1.13381437763370e+01	5.27021440949514e+02	1.13381437763370e+01	1
1	31	11	21	7.00851106100864e-02	1.00000000000000e+00	0.00000000000000e+00	0.00000000000000e+00	6.65994402853633e+01	9.00675757603826e+00	5.87470821196616e+02	9.00675757603826e+00	1
2	32	12	22	7.00907735762867e-02	1.00000000000000e+00	0.00000000000000e+00	0.00000000000000e+00	6.64803840936375e+01	8.95382226958527e+00	5.50821087428713e+02	8.95382226958527e+00	1
3	33	13	23	7.00923543001832e-02	1.00000000000000e+00	0.00000000000000e+00	0.00000000000000e+00	6.65175331130492e+01	8.88755287890724e+00	5.41393307088108e+02	8.88755287890724e+00	1
4	34	14	24	7.00936070221265e-02	1.00000000000000e+00	0.00000000000000e+00	0.00000000000000e+00	6.65534525931044e+01	8.81476781812589e+00	5.34147960955743e+02	8.81476781812589e+00	1
5	35	15	25	7.01033429072712e-02	1.00000000000000e+00	0.00000000000000e+00	0.00000000000000e+00	6.64944538657872e+01	8.75859364973007e+00	0.00000000000000e+00	8.75859364973007e+00	1
6	36	16	26	7.00997141510771e-02	1.00000000000000e+00	0.00000000000000e+00	0.00000000000000e+00	6.65844991930533e+01	8.72238437692814e+00	5.01433341806835e+02	8.72238437692814e+00	1
7	37	17	27	7.00882926876910e-02	1.00000000000000e+00	0.00000000000000e+00	0.00000000000000e+00	6.67612897239241e+01	8.59939529504321e+00	0.00000000000000e+00	8.59939529504321e+00	1
8	38	18	28	7.00914222958469e-02	1.00000000000000e+00	0.00000000000000e+00	0.00000000000000e+00	6.67697301257084e+01	8.42921359693901e+00	5.46912539625266e+02	8.42921359693901e+00	1
9	39	19	29	7.01065694887803e-02	1.00000000000000e+00	0.00000000000000e+00	0.00000000000000e+00	6.64176474220628e+01	8.30043807156664e+00	4.69177440675031e+02	8.30043807156664e+00	1
10	40	20	30	7.00883951911549e-02	1.00000000000000e+00	0.00000000000000e+00	0.00000000000000e+00	6.60236556323595e+01	8.28200457051283e+00	5.65641629897994e+02	8.28200457051283e+00	1
11	41	21	31	7.00885102528708e-02	1.00000000000000e+00	0.00000000000000e+00	0.00000000000000e+00	6.58280020906346e+01	8.27859097019461e+00	5.64906306086085e+02	8.27859097019461e+00	1
12	42	22	32	7.00989679265792e-02	1.00000000000000e+00	0.00000000000000e+00	0.00000000000000e+00	6.56284393995969e+01	8.19618520099209e+00	5.05214181282944e+02	8.19618520099209e+00	1
13	43	23	33	7.00955186660087e-02	1.00000000000000e+00	0.00000000000000e+00	0.00000000000000e+00	6.52161586762602e+01	8.20147500671251e+00	5.23457896653005e+02	8.20147500671251e+00	1
14	44	24	34	7.00871073855053e-02	1.00000000000000e+00	0.00000000000000e+00	0.00000000000000e+00	6.49710289045346e+01	8.20582229238502e+00	0.00000000000000e+00	8.20582229238502e+00	1
15	45	25	35	7.01009142032122e-02	1.00000000000000e+00	0.00000000000000e+00	0.00000000000000e+00	6.47274421777667e+01	8.23807439191946e+00	4.95470393744907e+02	8.23807439191946e+00	1
16	46	26	36	7.01002166867049e-02	1.00000000000000e+00	0.00000000000000e+00	0.00000000000000e+00	6.44330512540339e+01	8.29364290826182e+00	4.98918909056050e+02	8.29364290826182e+00	1
17	47	27	37	7.01094488512160e-02	1.00000000000000e+00	0.00000000000000e+00	0.00000000000000e+00	6.41742451132313e+01	8.46298143642220e+00	4.56834397478860e+02	8.46298143642220e+00	1
18	48	28	38	7.00953063418637e-02	1.00000000000000e+00	0.00000000000000e+00	0.00000000000000e+00	6.41646720138254e+01	8.79236527611635e+00	0.00000000000000e+00	8.79236527611635e+00	1
19	49	29	39	7.00856545534793e-02	1.00000000000000e+00	0.00000000000000e+00	0.00000000000000e+00	6.43653523118780e+01	9.10999235986069e+00	5.83740127862576e+02	9.10999235986069e+00	1
20	50	30	40	7.00769593748729e-02	1.00000000000000e+00	0.00000000000000e+00	0.00000000000000e+00	6.45955235159281e+01	9.20060955499131e+00	0.00000000000000e+00	9.20060955499131e+00	1
21	51	31	41	7.00876214170698e-02	1.00000000000000e+00	0.00000000000000e+00	0.00000000000000e+00	6.46914888799619e+01	9.30032046142092e+00	5.70636742386454e+02	9.30032046142092e+00	1
22	52	32	42	7.00801049413785e-02	1.00000000000000e+00	0.00000000000000e+00	0.00000000000000e+00	6.48262569537765e+01	9.49525182539668e+00	6.24181219529976e+02	9.49525182539668e+00	1
23	53	33	43	7.00815822021881e-02	1.00000000000000e+00	0.00000000000000e+00	0.00000000000000e+00	6.50379974560343e+01	9.54598065226786e+00	6.12878773298245e+02	9.54598065226786e+00	1
24	54	34	44	7.00789334710913e-02	1.00000000000000e+00	0.00000000000000e+00	0.00000000000000e+00	6.51696945930043e+01	9.61047664140838e+00	6.33444840430078e+02	9.61047664140838e+00	1
25	55	35	45	7.00831252962121e-02	1.00000000000000e+00	0.00000000000000e+00	0.00000000000000e+00	6.53768443767964e+01	9.58544889435685e+00	6.01501615974967e+02	9.58544889435685e+00	1
26	56	36	46	7.00861830184383e-02	1.00000000000000e+00	0.00000000000000e+00	0.00000000000000e+00	6.56090583814223e+01	9.53061869506487e+00	5.80160696457777e+02	9.53061869506487e+00	1
27	57	37	47	7.00728158655358e-02	1.00000000000000e+00	0.00000000000000e+00	0.00000000000000e+00	6.59944014057097e+01	9.35798207857914e+00	6.86663540041412e+02	9.35798207857914e+00	1
28	58	38	48	7.00740357877581e-02	1.00000000000000e+00	0.00000000000000e+00	0.00000000000000e+00	6.62664555420277e+01	8.99665718307925e+00	6.75349064473434e+02	8.99665718307925e+00	1
29	59	39	49	7.00893197186162e-02	1.00000000000000e+00	0.00000000000000e+00	0.00000000000000e+00	6.60644334528657e+01	8.64620283646892e+00	5.59786806033993e+02	8.64620283646892e+00	1
30	60	40	50	7.00908728392692e-02	1.00000000000000e+00	0.00000000000000e+00	0.00000000000000e+00	6.57032633329209e+01	8.52706369606498e+00	5.50219409915124e+02	8.52706369606498e+00	1
31	61	41	51	7.01012466382150e-02	1.00000000000000e+00	0.00000000000000e+00	0.00000000000000e+00	6.57079730259819e+01	8.35346118289270e+00	4.93843557489933e+02	8.35346118289270e+00	1
32	62	42	52	7.01043409274917e-02	1.00000000000000e+00	0.00000000000000e+00	0.00000000000000e+00	6.55377151442244e+01	8.08929084959862e+00	4.79198347206207e+02	8.08929084959862e+00	1
33	63	43	53	7.00885907502818e-02	1.00000000000000e+00	0.00000000000000e+00	0.00000000000000e+00	6.52225251136139e+01	7.87439683466690e+00	5.64393007633139e+02	7.87439683466690e+00	1
34	64	44	54	7.00905533066894e-02	1.00000000000000e+00	0.00000000000000e+00	0.00000000000000e+00	6.48365348752537e+01	7.68860649477001e+00	5.52160951686970e+02	7.68860649477001e+00	1
35	65	45	55	7.00953025192003e-02	1.00000000000000e+00	0.00000000000000e+00	0.00000000000000e+00	6.44601517844818e+01	7.63889891642001e+00	5.24645102979207e+02	7.63889891642001e+00	1
36	66	46	56	7.00871439604136e-02	1.00000000000000e+00	0.00000000000000e+00	0.00000000000000e+00	6.42574127184877e+01	7.56749823279153e+00	5.73763227683355e+02	7.56749823279153e+00	1
37	67	47	57	7.01020709664717e-02	1.00000000000000e+00	0.00000000000000e+00	0.00000000000000e+00	6.40469249664318e+01	7.57601888368775e+00	4.89855261768746e+02	7.57601888368775e+00	1
38	68	48	58	7.01106302908906e-02	1.00000000000000e+00	0.00000000000000e+00	0.00000000000000e+00	6.39347255461525e+01	7.62855038263343e+00	4.51955785323437e+02	7.62855038263343e+00	1
39	69	49	59	7.01167649658226e-02	1.00000000000000e+00	0.00000000000000e+00	0.00000000000000e+00	6.37083545493170e+01	7.66929476434755e+00	4.28210633624094e+02	7.66929476434755e+00	1
40	70	50	60	7.01126660379170e-02	1.00000000000000e+00	0.00000000000000e+00	0.00000000000000e+00	6.33224673183191e+01	7.65958768474073e+00	4.43789458868156e+02	7.65958768474073e+00	1
41	71	51	61	7.01003975227392e-02	1.00000000000000e+00	0.00000000000000e+00	0.00000000000000e+00	6.29591138069117e+01	7.77015092647798e+00	4.98020256235557e+02	7.77015092647798e+00	1
42	72	52	62	7.00860367372182e-02	1.00000000000000e+00	0.00000000000000e+00	0.00000000000000e+00	6.26789934114051e+01	7.96819150749724e+00	5.81147096189518e+02	7.96819150749724e+00	1
43	73	53	63	7.00890051731282e-02	1.00000000000000e+00	0.00000000000000e+00	0.00000000000000e+00	6.25201288459970e+01	8.17220871550366e+00	5.61765100192658e+02	8.17220871550366e+00	1
44	74	54	64	7.00878657397798e-02	1.00000000000000e+00	0.00000000000000e+00	0.00000000000000e+00	6.24712249867183e+01	8.35801736969491e+00	0.00000000000000e+00	8.35801736969491e+00	1
45	75	55	65	7.00958746502453e-02	1.00000000000000e+00	0.00000000000000e+00	0.00000000000000e+00	6.25012324486962e+01	8.44514057350988e+00	5.21514288418061e+02	8.44514057350988e+00	1
46	76	56	66	7.00908379668238e-02	1.00000000000000e+00	0.00000000000000e+00	0.00000000000000e+00	6.25647830516344e+01	8.64384032272934e+00	5.50430637631851e+02	8.64384032272934e+00	1
47	77	57	67	7.00822424762156e-02	1.00000000000000e+00	0.00000000000000e+00	0.00000000000000e+00	6.27287534518925e+01	8.80630560566048e+00	0.00000000000000e+00	8.80630560566048e+00	1
48	78	58	68	7.00801526385903e-02	1.00000000000000e+00	0.00000000000000e+00	0.00000000000000e+00	6.28945633159032e+01	9.12428090238776e+00	6.23809781928719e+02	9.12428090238776e+00	1
49	79	59	69	7.00784137485204e-02	1.00000000000000e+00	0.00000000000000e+00	0.00000000000000e+00	6.29961679374521e+01	9.48466182860122e+00	6.37643282504299e+02	9.48466182860122e+00	1
50	80	60	70	7.00966001742951e-02	1.00000000000000e+00	0.00000000000000e+00	0.00000000000000e+00	6.31614947537219e+01	9.57214961294710e+00	0.00000000000000e+00	9.57214961294710e+00	1
51	81	61	71	7.00853357580505e-02	1.00000000000000e+00	0.00000000000000e+00	0.00000000000000e+00	6.35531081111149e+01	9.53382758521228e+00	5.85920851261592e+02	9.53382758521228e+00	1
52	82	62	72	7.00797733119567e-02	1.00000000000000e+00	0.00000000000000e+00	0.00000000000000e+00	6.39102678001326e+01	9.52778093391436e+00	6.26776032906062e+02	9.52778093391436e+00	1
53	83	63	73	7.00896449757727e-02	1.00000000000000e+00	0.00000000000000e+00	0.00000000000000e+00	6.41636541308082e+01	9.47892901293901e+00	5.57755742237663e+02	9.47892901293901e+00	1
54	84	64	74	7.00960463571213e-02	1.00000000000000e+00	0.00000000000000e+00	0.00000000000000e+00	6.42340167236841e+01	9.40160330395513e+00	5.20581951243220e+02	9.40160330395513e+00	1
55	85	65	75	7.00911473385585e-02	1.00000000000000e+00	0.00000000000000e+00	0.00000000000000e+00	6.43856969624881e+01	9.32368754924672e+00	0.00000000000000e+00	9.32368754924672e+00	1
56	86	66	76	7.00870608345391e-02	1.00000000000000e+00	0.00000000000000e+00	0.00000000000000e+00	6.46973396982002e+01	9.16213557553732e+00	5.74311058063345e+02	9.16213557553732e+00	1
57	87	67	77	7.00833208055068e-02	1.00000000000000e+00	0.00000000000000e+00	0.00000000000000e+00	6.49663278520295e+01	9.07059513591315e+00	6.00090213913578e+02	9.07059513591315e+00	1
58	88	68	78	7.00818373829390e-02	1.00000000000000e+00	0.00000000000000e+00	0.00000000000000e+00	6.51589486966203e+01	8.82526754279870e+00	6.10967728981204e+02	8.82526754279870e+00	1
59	89	69	79	7.00837443883440e-02	1.00000000000000e+00	0.00000000000000e+00	0.00000000000000e+00	6.52240372244354e+01	8.59877522754569e+00	5.97054930947623e+02	8.59877522754569e+00	1
60	90	70	80	7.01010244211235e-02	1.00000000000000e+00	0.00000000000000e+00	0.00000000000000e+00	6.49470069024999e+01	8.82718747730143e+00	4.94929834231789e+02	8.82718747730143e+00	1
61	91	71	81	7.00800678002744e-02	1.00000000000000e+00	0.00000000000000e+00	0.00000000000000e+00	6.43810318293550e+01	9.10394768299212e+00	6.24470758889819e+02	9.10394768299212e+00	1
62	92	72	82	7.01036647948056e-02	1.00000000000000e+00	0.00000000000000e+00	0.00000000000000e+00	6.38515596205242e+01	9.26796715002397e+00	0.00000000000000e+00	9.26796715002397e+00	1
63	93	73	83	7.00924901545817e-02	1.00000000000000e+00	0.00000000000000e+00	0.00000000000000e+00	6.34013704813720e+01	9.39656030898477e+00	5.40598080154098e+02	9.39656030898477e+00	1
64	94	74	84	7.00880017850805e-02	1.00000000000000e+00	0.00000000000000e+00	0.00000000000000e+00	6.31399639560635e+01	9.58485982139549e+00	5.68170292844057e+02	9.58485982139549e+00	1
65	95	75	85	7.00869266141936e-02	1.00000000000000e+00	0.00000000000000e+00	0.00000000000000e+00	6.28893527868214e+01	9.92015720848212e+00	5.75197831686197e+02	9.92015720848212e+00	1
66	96	76	86	7.00923239106621e-02	1.00000000000000e+00	0.00000000000000e+00	0.00000000000000e+00	6.27081592348076e+01	1.02625802587929e+01	0.00000000000000e+00	1.02625802587929e+01	1
1	34	12	23	7.00874948272636e-02	1.00000000000000e+00	0.00000000000000e+00	0.00000000000000e+00	7.31014434295199e+01	8.51325373486215e+00	5.71462354561240e+02	8.51325373486215e+00	1
2	35	13	24	7.00833167867611e-02	1.00000000000000e+00	0.00000000000000e+00	0.00000000000000e+00	7.31151211226051e+01	8.41097254667019e+00	0.00000000000000e+00	8.41097254667019e+00	1
3	36	14	25	7.00798687267895e-02	1.00000000000000e+00	0.00000000000000e+00	0.00000000000000e+00	7.30314214505578e+01	8.35224612128513e+00	6.26027257599342e+02	8.35224612128513e+00	1
4	37	15	26	7.00977799089308e-02	1.00000000000000e+00	0.00000000000000e+00	0.00000000000000e+00	7.31852391894761e+01	8.27609798821871e+00	5.11352490984401e+02	8.27609798821871e+00	1
5	38	16	27	7.00876936419294e-02	1.00000000000000e+00	0.00000000000000e+00	0.00000000000000e+00	7.34344587668266e+01	8.10635166124991e+00	0.00000000000000e+00	8.10635166124991e+00	1
6	39	17	28	7.00940054519178e-02	1.00000000000000e+00	0.00000000000000e+00	0.00000000000000e+00	7.31284024739231e+01	7.90892146080565e+00	5.31884044807637e+02	7.90892146080565e+00	1
7	40	18	29	7.00919584823699e-02	1.00000000000000e+00	0.00000000000000e+00	0.00000000000000e+00	7.27640681404535e+01	7.85389054658052e+00	5.43723631702438e+02	7.85389054658052e+00	1
8	41	19	30	7.00928270119164e-02	1.00000000000000e+00	0.00000000000000e+00	0.00000000000000e+00	7.24130124518543e+01	7.80212774160768e+00	5.38636318974209e+02	7.80212774160768e+00	1
9	42	20	31	7.00972703224231e-02	1.00000000000000e+00	0.00000000000000e+00	0.00000000000000e+00	7.21269793900496e+01	7.76980805767915e+00	0.00000000000000e+00	7.76980805767915e+00	1
10	43	21	32	7.00873618663355e-02	1.00000000000000e+00	0.00000000000000e+00	0.00000000000000e+00	7.18379947357842e+01	7.75498365241418e+00	5.72332095195841e+02	7.75498365241418e+00	1
11	44	22	33	7.01050332262868e-02	1.00000000000000e+00	0.00000000000000e+00	0.00000000000000e+00	7.15919349465064e+01	7.74021499571967e+00	4.76039837750526e+02	7.74021499571967e+00	1
12	45	23	34	7.00920905577055e-02	1.00000000000000e+00	0.00000000000000e+00	0.00000000000000e+00	7.13611480182158e+01	7.74361380518346e+00	5.42943828832920e+02	7.74361380518346e+00	1
13	46	24	35	7.00834841793851e-02	1.00000000000000e+00	0.00000000000000e+00	0.00000000000000e+00	7.11502136685933e+01	7.77772252770319e+00	5.98915870866359e+02	7.77772252770319e+00	1
14	47	25	36	7.00871397274452e-02	1.00000000000000e+00	0.00000000000000e+00	0.00000000000000e+00	7.09964791626638e+01	7.84170505375423e+00	5.73791099260062e+02	7.84170505375423e+00	1
15	48	26	37	7.00927810698700e-02	1.00000000000000e+00	0.00000000000000e+00	0.00000000000000e+00	7.08356148122207e+01	7.95123209338983e+00	5.38903033453730e+02	7.95123209338983e+00	1
16	49	27	38	7.00850664151901e-02	1.00000000000000e+00	0.00000000000000e+00	0.00000000000000e+00	7.05946047792781e+01	8.22755401311832e+00	0.00000000000000e+00	8.22755401311832e+00	1
17	50	28	39	7.00810384973760e-02	1.00000000000000e+00	0.00000000000000e+00	0.00000000000000e+00	7.07325285733906e+01	8.53479285257755e+00	6.16990709588415e+02	8.53479285257755e+00	1
18	51	29	40	7.00898930632928e-02	1.00000000000000e+00	0.00000000000000e+00	0.00000000000000e+00	7.09313497382350e+01	8.62026003878890e+00	0.00000000000000e+00	8.62026003878890e+00	1
19	52	30	41	7.00747512571691e-02	1.00000000000000e+00	0.00000000000000e+00	0.00000000000000e+00	7.11552914790793e+01	8.75037298465817e+00	0.00000000000000e+00	8.75037298465817e+00	1
20	53	31	42	7.00897350290556e-02	1.00000000000000e+00	0.00000000000000e+00	0.00000000000000e+00	7.13190233876973e+01	8.87541046895678e+00	5.57196008361621e+02	8.87541046895678e+00	1
21	54	32	43	7.00755743971611e-02	1.00000000000000e+00	0.00000000000000e+00	0.00000000000000e+00	7.15100470945596e+01	8.94224992966578e+00	6.61599719987257e+02	8.94224992966578e+00	1
22	55	33	44	7.00839141168410e-02	1.00000000000000e+00	0.00000000000000e+00	0.00000000000000e+00	7.17036193302251e+01	8.98385807011801e+00	5.95847300577081e+02	8.98385807011801e+00	1
23	56	34	45	7.00685680696544e-02	1.00000000000000e+00	0.00000000000000e+00	0.00000000000000e+00	7.19402186493267e+01	8.94998336404838e+00	7.29202386066631e+02	8.94998336404838e+00	1
24	57	35	46	7.00697644599003e-02	1.00000000000000e+00	0.00000000000000e+00	0.00000000000000e+00	7.21826423070268e+01	8.90082697366510e+00	0.00000000000000e+00	8.90082697366510e+00	1
25	58	36	47	7.00784214518603e-02	1.00000000000000e+00	0.00000000000000e+00	0.00000000000000e+00	7.24454705052564e+01	8.77565659514877e+00	6.37580646799333e+02	8.77565659514877e+00	1
26	59	37	48	7.00732682735020e-02	1.00000000000000e+00	0.00000000000000e+00	0.00000000000000e+00	7.27084919022051e+01	8.63011364118320e+00	6.82423614071396e+02	8.63011364118320e+00	1
27	60	38	49	7.00747459037286e-02	1.00000000000000e+00	0.00000000000000e+00	0.00000000000000e+00	7.31640480127580e+01	8.32697278818703e+00	6.68932978341393e+02	8.32697278818703e+00	1
28	61	39	50	7.00859407916253e-02	1.00000000000000e+00	0.00000000000000e+00	0.00000000000000e+00	7.28647756240542e+01	8.00970188858256e+00	5.81795897552461e+02	8.00970188858256e+00	1
29	62	40	51	7.00884872037102e-02	1.00000000000000e+00	0.00000000000000e+00	0.00000000000000e+00	7.28306516061797e+01	7.85278239732916e+00	5.65053452968546e+02	7.85278239732916e+00	1
30	63	41	52	7.00833109607658e-02	1.00000000000000e+00	0.00000000000000e+00	0.00000000000000e+00	7.25539342466320e+01	7.60290072424299e+00	6.00161125743642e+02	7.60290072424299e+00	1
31	64	42	53	7.00848331756323e-02	1.00000000000000e+00	0.00000000000000e+00	0.00000000000000e+00	7.22451284566735e+01	7.38529374507511e+00	0.00000000000000e+00	7.38529374507511e+00	1
32	65	43	54	7.00991030676594e-02	1.00000000000000e+00	0.00000000000000e+00	0.00000000000000e+00	7.18180856481406e+01	7.24933323492377e+00	5.04525250134808e+02	7.24933323492377e+00	1
33	66	44	55	7.00907848406614e-02	1.00000000000000e+00	0.00000000000000e+00	0.00000000000000e+00	7.14493333366817e+01	7.10196623802777e+00	0.00000000000000e+00	7.10196623802777e+00	1
34	67	45	56	7.00974541141001e-02	1.00000000000000e+00	0.00000000000000e+00	0.00000000000000e+00	7.11807023286681e+01	7.00774350249480e+00	5.13061972413475e+02	7.00774350249480e+00	1
35	68	46	57	7.00961877203731e-02	1.00000000000000e+00	0.00000000000000e+00	0.00000000000000e+00	7.08198113381556e+01	6.85506473887627e+00	0.00000000000000e+00	6.85506473887627e+00	1
36	69	47	58	7.01118125074039e-02	1.00000000000000e+00	0.00000000000000e+00	0.00000000000000e+00	7.03364841173832e+01	6.79600425253355e+00	4.47177164352416e+02	6.79600425253355e+00	1
37	70	48	59	7.00992679171044e-02	1.00000000000000e+00	0.00000000000000e+00	0.00000000000000e+00	6.99007794555337e+01	6.79741261742032e+00	0.00000000000000e+00	6.79741261742032e+00	1
38	71	49	60	7.00987601592913e-02	1.00000000000000e+00	0.00000000000000e+00	0.00000000000000e+00	6.94617999909614e+01	6.93589799246813e+00	0.00000000000000e+00	6.93589799246813e+00	1
39	72	50	61	7.01119891682090e-02	1.00000000000000e+00	0.00000000000000e+00	0.00000000000000e+00	6.92292566172972e+01	7.08393563603416e+00	4.46471750791969e+02	7.08393563603416e+00	1
40	73	51	62	7.01065976131812e-02	1.00000000000000e+00	0.00000000000000e+00	0.00000000000000e+00	6.88830629894537e+01	7.17725453826402e+00	0.00000000000000e+00	7.17725453826402e+00	1
41	74	52	63	7.01016310203548e-02	1.00000000000000e+00	0.00000000000000e+00	0.00000000000000e+00	6.87442924241452e+01	7.42825145273794e+00	4.91975774969668e+02	7.42825145273794e+00	1
42	75	53	64	7.01011659426819e-02	1.00000000000000e+00	0.00000000000000e+00	0.00000000000000e+00	6.86963788111233e+01	7.64765261087935e+00	4.94237474336811e+02	7.64765261087935e+00	1
43	76	54	65	7.00939157807504e-02	1.00000000000000e+00	0.00000000000000e+00	0.00000000000000e+00	6.86980002157114e+01	7.80958464477748e+00	5.32391889845566e+02	7.80958464477748e+00	1
44	77	55	66	7.00825751049982e-02	1.00000000000000e+00	0.00000000000000e+00	0.00000000000000e+00	6.87475312868608e+01	8.02514557832060e+00	6.05509372359846e+02	8.02514557832060e+00	1
45	78	56	67	7.00939680530717e-02	1.00000000000000e+00	0.00000000000000e+00	0.00000000000000e+00	6.88437874198898e+01	8.21040561034862e+00	5.32095732172241e+02	8.21040561034862e+00	1
46	79	57	68	7.00831044004412e-02	1.00000000000000e+00	0.00000000000000e+00	0.00000000000000e+00	6.89752428222057e+01	8.56976801366743e+00	6.01652857544607e+02	8.56976801366743e+00	1
47	80	58	69	7.00818681078037e-02	1.00000000000000e+00	0.00000000000000e+00	0.00000000000000e+00	6.91532951937929e+01	8.74782422356015e+00	6.10738434554657e+02	8.74782422356015e+00	1
48	81	59	70	7.00751497171961e-02	1.00000000000000e+00	0.00000000000000e+00	0.00000000000000e+00	6.93916944730409e+01	8.85252592419108e+00	6.65338498474119e+02	8.85252592419108e+00	1
49	82	60	71	7.00792584655308e-02	1.00000000000000e+00	0.00000000000000e+00	0.00000000000000e+00	6.97286714999756e+01	8.89969157134491e+00	6.30847439010672e+02	8.89969157134491e+00	1
50	83	61	72	7.00865327109433e-02	1.00000000000000e+00	0.00000000000000e+00	0.00000000000000e+00	6.99819712812974e+01	8.97078168796840e+00	5.77816174426104e+02	8.97078168796840e+00	1
51	84	62	73	7.00838169746531e-02	1.00000000000000e+00	0.00000000000000e+00	0.00000000000000e+00	7.04151580613361e+01	9.03202134543725e+00	5.96537875614486e+02	9.03202134543725e+00	1
52	85	63	74	7.00869833829666e-02	1.00000000000000e+00	0.00000000000000e+00	0.00000000000000e+00	7.06401426114134e+01	8.87439470241016e+00	0.00000000000000e+00	8.87439470241016e+00	1
53	86	64	75	7.00944233785810e-02	1.00000000000000e+00	0.00000000000000e+00	0.00000000000000e+00	7.08447316156194e+01	8.80058535718922e+00	5.29529876513780e+02	8.80058535718922e+00	1
54	87	65	76	7.00880841263253e-02	1.00000000000000e+00	0.00000000000000e+00	0.00000000000000e+00	7.10532432705211e+01	8.78004838647683e+00	5.67639165941827e+02	8.78004838647683e+00	1
55	88	66	77	7.00834665529826e-02	1.00000000000000e+00	0.00000000000000e+00	0.00000000000000e+00	7.13201109587183e+01	8.72985963885897e+00	5.99042349459950e+02	8.72985963885897e+00	1
56	89	67	78	7.00930303832523e-02	1.00000000000000e+00	0.00000000000000e+00	0.00000000000000e+00	7.16042274867291e+01	8.69788637629861e+00	0.00000000000000e+00	8.69788637629861e+00	1
57	90	68	79	7.01146640768203e-02	1.00000000000000e+00	0.00000000000000e+00	0.00000000000000e+00	7.18103340602247e+01	8.55848070173014e+00	4.36056360339890e+02	8.55848070173014e+00	1
58	91	69	80	7.00765984749897e-02	1.00000000000000e+00	0.00000000000000e+00	0.00000000000000e+00	7.16218441931849e+01	8.65959680146540e+00	6.52754509886870e+02	8.65959680146540e+00	1
59	92	70	81	7.01008448610978e-02	1.00000000000000e+00	0.00000000000000e+00	0.00000000000000e+00	7.10528926025916e+01	8.79435705033862e+00	0.00000000000000e+00	8.79435705033862e+00	1
60	93	71	82	7.00907393447614e-02	1.00000000000000e+00	0.00000000000000e+00	0.00000000000000e+00	7.04618128763849e+01	8.92825747768430e+00	0.00000000000000e+00	8.92825747768430e+00	1
61	94	72	83	7.00798776824200e-02	1.00000000000000e+00	0.00000000000000e+00	0.00000000000000e+00	7.00199254356258e+01	9.01977940815761e+00	0.00000000000000e+00	9.01977940815761e+00	1
62	95	73	84	7.00981919189210e-02	1.00000000000000e+00	0.00000000000000e+00	0.00000000000000e+00	6.96191509785816e+01	9.15446232767075e+00	0.00000000000000e+00	9.15446232767075e+00	1
63	96	74	85	7.00795093951501e-02	1.00000000000000e+00	0.00000000000000e+00	0.00000000000000e+00	6.92840494218345e+01	9.51663028796632e+00	6.28856500613354e+02	9.51663028796632e+00	1
1	37	13	25	7.00800683454190e-02	1.00000000000000e+00	0.00000000000000e+00	0.00000000000000e+00	7.96650453842438e+01	8.07140922290584e+00	6.24466507186486e+02	8.07140922290584e+00	1
2	38	14	26	7.00988375615017e-02	1.00000000000000e+00	0.00000000000000e+00	0.00000000000000e+00	7.98548279892099e+01	7.90832277651267e+00	5.05880550271845e+02	7.90832277651267e+00	1
3	39	15	27	7.00906736711499e-02	1.00000000000000e+00	0.00000000000000e+00	0.00000000000000e+00	7.96555269369994e+01	7.73157401928907e+00	5.51427987484214e+02	7.73157401928907e+00	1
4	40	16	28	7.00900187209864e-02	1.00000000000000e+00	0.00000000000000e+00	0.00000000000000e+00	7.94769135762283e+01	7.62297803821835e+00	0.00000000000000e+00	7.62297803821835e+00	1
5	41	17	29	7.00931192977760e-02	1.00000000000000e+00	0.00000000000000e+00	0.00000000000000e+00	7.92104152451953e+01	7.51285013376876e+00	5.36945629898379e+02	7.51285013376876e+00	1
6	42	18	30	7.01057801251423e-02	1.00000000000000e+00	0.00000000000000e+00	0.00000000000000e+00	7.87937821947733e+01	7.42547392224346e+00	4.72678586196792e+02	7.42547392224346e+00	1
7	43	19	31	7.01036817813087e-02	1.00000000000000e+00	0.00000000000000e+00	0.00000000000000e+00	7.83915496683063e+01	7.40356689915465e+00	4.82244801052720e+02	7.40356689915465e+00	1
8	44	20	32	7.00899450149932e-02	1.00000000000000e+00	0.00000000000000e+00	0.00000000000000e+00	7.80735726713564e+01	7.38859218100095e+00	0.00000000000000e+00	7.38859218100095e+00	1
9	45	21	33	7.00906312666015e-02	1.00000000000000e+00	0.00000000000000e+00	0.00000000000000e+00	7.78658924294844e+01	7.39886596792144e+00	5.51685989558543e+02	7.39886596792144e+00	1
10	46	22	34	7.00913305877083e-02	1.00000000000000e+00	0.00000000000000e+00	0.00000000000000e+00	7.77040730078078e+01	7.39621311616863e+00	5.47461713042846e+02	7.39621311616863e+00	1
11	47	23	35	7.00942486309023e-02	1.00000000000000e+00	0.00000000000000e+00	0.00000000000000e+00	7.74826255287263e+01	7.45670427783237e+00	0.00000000000000e+00	7.45670427783237e+00	1
12	48	24	36	7.00859775992979e-02	1.00000000000000e+00	0.00000000000000e+00	0.00000000000000e+00	7.74943117584406e+01	7.51764725612749e+00	5.81546826246918e+02	7.51764725612749e+00	1
13	49	25	37	7.00887032562045e-02	1.00000000000000e+00	0.00000000000000e+00	0.00000000000000e+00	7.73945474765789e+01	7.59375227231412e+00	5.63677165184669e+02	7.59375227231412e+00	1
14	50	26	38	7.00837289209116e-02	1.00000000000000e+00	0.00000000000000e+00	0.00000000000000e+00	7.72381936118811e+01	7.78308222488765e+00	0.00000000000000e+00	7.78308222488765e+00	1
15	51	27	39	7.00786465451446e-02	1.00000000000000e+00	0.00000000000000e+00	0.00000000000000e+00	7.72538678240527e+01	8.03337792247112e+00	6.35755835276470e+02	8.03337792247112e+00	1
16	52	28	40	7.00846501373650e-02	1.00000000000000e+00	0.00000000000000e+00	0.00000000000000e+00	7.73976386974930e+01	8.14963972290810e+00	0.00000000000000e+00	8.14963972290810e+00	1
17	53	29	41	7.00881767288315e-02	1.00000000000000e+00	0.00000000000000e+00	0.00000000000000e+00	7.75155199551641e+01	8.25696101954165e+00	5.67043035760245e+02	8.25696101954165e+00	1
18	54	30	42	7.00817942442103e-02	1.00000000000000e+00	0.00000000000000e+00	0.00000000000000e+00	7.77342915727258e+01	8.40602800241042e+00	6.11289956679806e+02	8.40602800241042e+00	1
19	55	31	43	7.00707431600367e-02	1.00000000000000e+00	0.00000000000000e+00	0.00000000000000e+00	7.79990015771780e+01	8.44462766191935e+00	7.06782111148053e+02	8.44462766191935e+00	1
20	56	32	44	7.00811839062123e-02	1.00000000000000e+00	0.00000000000000e+00	0.00000000000000e+00	7.82623479767037e+01	8.47141846948020e+00	0.00000000000000e+00	8.47141846948020e+00	1
21	57	33	45	7.00724349558284e-02	1.00000000000000e+00	0.00000000000000e+00	0.00000000000000e+00	7.85000062348846e+01	8.44098818326514e+00	6.90274459730121e+02	8.44098818326514e+00	1
22	58	34	46	7.00885305045060e-02	1.00000000000000e+00	0.00000000000000e+00	0.00000000000000e+00	7.87256952485516e+01	8.40594262472172e+00	5.64777081967584e+02	8.40594262472172e+00	1
23	59	35	47	7.00766864371175e-02	1.00000000000000e+00	0.00000000000000e+00	0.00000000000000e+00	7.90768941306178e+01	8.30401195407224e+00	0.00000000000000e+00	8.30401195407224e+00	1
24	60	36	48	7.01018091301268e-02	1.00000000000000e+00	0.00000000000000e+00	0.00000000000000e+00	7.93097534489047e+01	8.16390536898353e+00	4.91115088968217e+02	8.16390536898353e+00	1
25	61	37	49	7.00695815846658e-02	1.00000000000000e+00	0.00000000000000e+00	0.00000000000000e+00	7.95980172313782e+01	8.00041812447301e+00	7.18580932586868e+02	8.00041812447301e+00	1
26	62	38	50	7.00819218845041e-02	1.00000000000000e+00	0.00000000000000e+00	0.00000000000000e+00	7.99307719845993e+01	7.75473590478243e+00	6.10337522172991e+02	7.75473590478243e+00	1
27	63	39	51	7.00810636481077e-02	1.00000000000000e+00	0.00000000000000e+00	0.00000000000000e+00	7.99841599608419e+01	7.40418870044328e+00	0.00000000000000e+00	7.40418870044328e+00	1
28	64	40	52	7.00796399010241e-02	1.00000000000000e+00	0.00000000000000e+00	0.00000000000000e+00	7.95372985819970e+01	7.21495841699941e+00	6.27825993717113e+02	7.21495841699941e+00	1
29	65	41	53	7.00832993874830e-02	1.00000000000000e+00	0.00000000000000e+00	0.00000000000000e+00	7.92893507900771e+01	7.07467664644869e+00	6.00244509723502e+02	7.07467664644869e+00	1
30	66	42	54	7.00863812702583e-02	1.00000000000000e+00	0.00000000000000e+00	0.00000000000000e+00	7.89851413178864e+01	6.84710923515742e+00	5.78829181957100e+02	6.84710923515742e+00	1
31	67	43	55	7.01026543748738e-02	1.00000000000000e+00	0.00000000000000e+00	0.00000000000000e+00	7.85665208735700e+01	6.70302944679822e+00	4.87071301748845e+02	6.70302944679822e+00	1
32	68	44	56	7.01022844272312e-02	1.00000000000000e+00	0.00000000000000e+00	0.00000000000000e+00	7.81546923734668e+01	6.50570585053182e+00	4.88832966596254e+02	6.50570585053182e+00	1
33	69	45	57	7.01104810594388e-02	1.00000000000000e+00	0.00000000000000e+00	0.00000000000000e+00	7.75066721081869e+01	6.36101836222696e+00	4.52566261167012e+02	6.36101836222696e+00	1
34	70	46	58	7.01187837667207e-02	1.00000000000000e+00	0.00000000000000e+00	0.00000000000000e+00	7.68610795686455e+01	6.28644984686352e+00	0.00000000000000e+00	6.28644984686352e+00	1
35	71	47	59	7.01013921948718e-02	1.00000000000000e+00	0.00000000000000e+00	0.00000000000000e+00	7.63159549581921e+01	6.27781533623117e+00	4.93134605313687e+02	6.27781533623117e+00	1
36	72	48	60	7.00949817841086e-02	1.00000000000000e+00	0.00000000000000e+00	0.00000000000000e+00	7.58478882240699e+01	6.32345212159036e+00	5.26416727894100e+02	6.32345212159036e+00	1
37	73	49	61	7.01303765225600e-02	1.00000000000000e+00	0.00000000000000e+00	0.00000000000000e+00	7.54574134559576e+01	6.40825593170101e+00	3.83504629654364e+02	6.40825593170101e+00	1
38	74	50	62	7.01104464460658e-02	1.00000000000000e+00	0.00000000000000e+00	0.00000000000000e+00	7.51656061127773e+01	6.57144476848152e+00	0.00000000000000e+00	6.57144476848152e+00	1
39	75	51	63	7.01044301412655e-02	1.00000000000000e+00	0.00000000000000e+00	0.00000000000000e+00	7.49918521585696e+01	6.85005482985232e+00	4.78788972169111e+02	6.85005482985232e+00	1
40	76	52	64	7.00973209689470e-02	1.00000000000000e+00	0.00000000000000e+00	0.00000000000000e+00	7.49789880693687e+01	7.04478617994176e+00	5.13763894266793e+02	7.04478617994176e+00	1
41	77	53	65	7.00977655844082e-02	1.00000000000000e+00	0.00000000000000e+00	0.00000000000000e+00	7.49523381222671e+01	7.18218770191198e+00	5.11427413876325e+02	7.18218770191198e+00	1
42	78	54	66	7.01038079121541e-02	1.00000000000000e+00	0.00000000000000e+00	0.00000000000000e+00	7.49671991495206e+01	7.43257631637593e+00	4.81658853958781e+02	7.43257631637593e+00	1
43	79	55	67	7.00823323167958e-02	1.00000000000000e+00	0.00000000000000e+00	0.00000000000000e+00	7.50197848297222e+01	7.64746989925010e+00	6.07294947426179e+02	7.64746989925010e+00	1
44	80	56	68	7.00930845523067e-02	1.00000000000000e+00	0.00000000000000e+00	0.00000000000000e+00	7.51067135914967e+01	7.90997775664489e+00	5.37146054430855e+02	7.90997775664489e+00	1
45	81	57	69	7.00774043986794e-02	1.00000000000000e+00	0.00000000000000e+00	0.00000000000000e+00	7.53494771696482e+01	8.14873665226161e+00	6.45958121928825e+02	8.14873665226161e+00	1
46	82	58	70	7.00821925330063e-02	1.00000000000000e+00	0.00000000000000e+00	0.00000000000000e+00	7.55853903428922e+01	8.30244617463713e+00	6.08327766175064e+02	8.30244617463713e+00	1
47	83	59	71	7.00835570743838e-02	1.00000000000000e+00	0.00000000000000e+00	0.00000000000000e+00	7.58763453626270e+01	8.41168239727134e+00	5.98393378044415e+02	8.41168239727134e+00	1
48	84	60	72	7.00817384928395e-02	1.00000000000000e+00	0.00000000000000e+00	0.00000000000000e+00	7.62077523643123e+01	8.49478972975118e+00	6.11706899198149e+02	8.49478972975118e+00	1
49	85	61	73	7.00804082271959e-02	1.00000000000000e+00	0.00000000000000e+00	0.00000000000000e+00	7.65763472644324e+01	8.53759491132602e+00	0.00000000000000e+00	8.53759491132602e+00	1
50	86	62	74	7.00819795772114e-02	1.00000000000000e+00	0.00000000000000e+00	0.00000000000000e+00	7.68981459337842e+01	8.55358303046607e+00	0.00000000000000e+00	8.55358303046607e+00	1
51	87	63	75	7.00801982267722e-02	1.00000000000000e+00	0.00000000000000e+00	0.00000000000000e+00	7.72361945043700e+01	8.47033037405227e+00	6.23455181148054e+02	8.47033037405227e+00	1
52	88	64	76	7.00806563350926e-02	1.00000000000000e+00	0.00000000000000e+00	0.00000000000000e+00	7.74047149574337e+01	8.41346602445366e+00	6.19914107708922e+02	8.41346602445366e+00	1
53	89	65	77	7.00778908897407e-02	1.00000000000000e+00	0.00000000000000e+00	0.00000000000000e+00	7.76721012162177e+01	8.47052607298025e+00	6.41923595512445e+02	8.47052607298025e+00	1
54	90	66	78	7.00852600668035e-02	1.00000000000000e+00	0.00000000000000e+00	0.00000000000000e+00	7.78797720436624e+01	8.49230500589957e+00	5.86441013648893e+02	8.49230500589957e+00	1
55	91	67	79	7.00855896969197e-02	1.00000000000000e+00	0.00000000000000e+00	0.00000000000000e+00	7.80407773423191e+01	8.51996452720070e+00	0.00000000000000e+00	8.51996452720070e+00	1
56	92	68	80	7.00760558442420e-02	1.00000000000000e+00	0.00000000000000e+00	0.00000000000000e+00	7.80656548254412e+01	8.59731881561477e+00	0.00000000000000e+00	8.59731881561477e+00	1
57	93	69	81	7.00878743212263e-02	1.00000000000000e+00	0.00000000000000e+00	0.00000000000000e+00	7.75709316677181e+01	8.63575199030009e+00	0.00000000000000e+00	8.63575199030009e+00	1
58	94	70	82	7.00854144949530e-02	1.00000000000000e+00	0.00000000000000e+00	0.00000000000000e+00	7.71004187208673e+01	8.70055732759123e+00	5.85380736929030e+02	8.70055732759123e+00	1
59	95	71	83	7.00829264876523e-02	1.00000000000000e+00	0.00000000000000e+00	0.00000000000000e+00	7.67257305522406e+01	8.81261718754485e+00	6.02943660288885e+02	8.81261718754485e+00	1
60	96	72	84	7.00960563710416e-02	1.00000000000000e+00	0.00000000000000e+00	0.00000000000000e+00	7.63268800813572e+01	8.97618719349279e+00	0.00000000000000e+00	8.97618719349279e+00	1
1	40	14	27	7.00730139875406e-02	1.00000000000000e+00	0.00000000000000e+00	0.00000000000000e+00	8.59846382401467e+01	7.53487781955790e+00	6.84800292165713e+02	7.53487781955790e+00	1
2	41	15	28	7.01115848641375e-02	1.00000000000000e+00	0.00000000000000e+00	0.00000000000000e+00	8.57003094734212e+01	7.40175721417682e+00	4.48089446418173e+02	7.40175721417682e+00	1
3	42	16	29	7.01019431213276e-02	1.00000000000000e+00	0.00000000000000e+00	0.00000000000000e+00	8.54461954249515e+01	7.30815949914372e+00	4.90469580966822e+02	7.30815949914372e+00	1
4	43	17	30	7.00799271005185e-02	1.00000000000000e+00	0.00000000000000e+00	0.00000000000000e+00	8.51896533633203e+01	7.19874310294841e+00	6.25570046650882e+02	7.19874310294841e+00	1
5	44	18	31	7.01018275742950e-02	1.00000000000000e+00	0.00000000000000e+00	0.00000000000000e+00	8.48050236446941e+01	7.12983373857725e+00	4.91026132618595e+02	7.12983373857725e+00	1
6	45	19	32	7.00871684537196e-02	1.00000000000000e+00	0.00000000000000e+00	0.00000000000000e+00	8.43703553720243e+01	7.11332118188723e+00	5.73602006992884e+02	7.11332118188723e+00	1
7	46	20	33	7.00872660126881e-02	1.00000000000000e+00	0.00000000000000e+00	0.00000000000000e+00	8.41037878794508e+01	7.13119206622070e+00	0.00000000000000e+00	7.13119206622070e+00	1
8	47	21	34	7.00847780700256e-02	1.00000000000000e+00	0.00000000000000e+00	0.00000000000000e+00	8.39941349854380e+01	7.16284771040073e+00	5.89775162195601e+02	7.16284771040073e+00	1
9	48	22	35	7.01023084982321e-02	1.00000000000000e+00	0.00000000000000e+00	0.00000000000000e+00	8.39393577399838e+01	7.20127678750568e+00	4.88717954656865e+02	7.20127678750568e+00	1
10	49	23	36	7.00991318743985e-02	1.00000000000000e+00	0.00000000000000e+00	0.00000000000000e+00	8.38448421014613e+01	7.25824311174894e+00	5.04378640103359e+02	7.25824311174894e+00	1
11	50	24	37	7.01048731411642e-02	1.00000000000000e+00	0.00000000000000e+00	0.00000000000000e+00	8.38427283668151e+01	7.31650890615599e+00	4.76766495643471e+02	7.31650890615599e+00	1
12	51	25	38	7.00872708913340e-02	1.00000000000000e+00	0.00000000000000e+00	0.00000000000000e+00	8.38054261419693e+01	7.46269791311409e+00	5.72928719252310e+02	7.46269791311409e+00	1
13	52	26	39	7.00918261797396e-02	1.00000000000000e+00	0.00000000000000e+00	0.00000000000000e+00	8.38386577768556e+01	7.66698164366414e+00	5.44507025575532e+02	7.66698164366414e+00	1
14	53	27	40	7.00751958259624e-02	1.00000000000000e+00	0.00000000000000e+00	0.00000000000000e+00	8.38976556522449e+01	7.75687255578501e+00	6.64930524534381e+02	7.75687255578501e+00	1
15	54	28	41	7.00754128400862e-02	1.00000000000000e+00	0.00000000000000e+00	0.00000000000000e+00	8.40832506014875e+01	7.86647307250487e+00	6.63017066362165e+02	7.86647307250487e+00	1
16	55	29	42	7.00708174719504e-02	1.00000000000000e+00	0.00000000000000e+00	0.00000000000000e+00	8.42091020479265e+01	7.96921487412178e+00	0.00000000000000e+00	7.96921487412178e+00	1
17	56	30	43	7.00692334161089e-02	1.00000000000000e+00	0.00000000000000e+00	0.00000000000000e+00	8.44479663731151e+01	8.02850505286910e+00	7.22194610784288e+02	8.02850505286910e+00	1
18	57	31	44	7.00645115235259e-02	1.00000000000000e+00	0.00000000000000e+00	0.00000000000000e+00	8.47086756812220e+01	8.06078465836043e+00	7.75055327595260e+02	8.06078465836043e+00	1
19	58	32	45	7.00791290550537e-02	1.00000000000000e+00	0.00000000000000e+00	0.00000000000000e+00	8.50481713678371e+01	8.04225365148760e+00	6.31879149398420e+02	8.04225365148760e+00	1
20	59	33	46	7.00654105271664e-02	1.00000000000000e+00	0.00000000000000e+00	0.00000000000000e+00	8.53619114341260e+01	8.01020432045415e+00	7.64402951115792e+02	8.01020432045415e+00	1
21	60	34	47	7.00750882944617e-02	1.00000000000000e+00	0.00000000000000e+00	0.00000000000000e+00	8.57133133623585e+01	7.90708619185061e+00	6.65882749880518e+02	7.90708619185061e+00	1
22	61	35	48	7.00764349304020e-02	1.00000000000000e+00	0.00000000000000e+00	0.00000000000000e+00	8.59833441336907e+01	7.76027506041114e+00	6.54151181103556e+02	7.76027506041114e+00	1
23	62	36	49	7.00814065139699e-02	1.00000000000000e+00	0.00000000000000e+00	0.00000000000000e+00	8.63140211787060e+01	7.60347061913615e+00	6.14201463269898e+02	7.60347061913615e+00	1
24	63	37	50	7.00747510253681e-02	1.00000000000000e+00	0.00000000000000e+00	0.00000000000000e+00	8.63800599142865e+01	7.44045746341289e+00	6.68887145745648e+02	7.44045746341289e+00	1
25	64	38	51	7.00750636425910e-02	1.00000000000000e+00	0.00000000000000e+00	0.00000000000000e+00	8.67929101572552e+01	7.20384936450533e+00	6.66101434384792e+02	7.20384936450533e+00	1
26	65	39	52	7.00766235212055e-02	1.00000000000000e+00	0.00000000000000e+00	0.00000000000000e+00	8.65880035447543e+01	6.93707275415697e+00	0.00000000000000e+00	6.93707275415697e+00	1
27	66	40	53	7.00978232355267e-02	1.00000000000000e+00	0.00000000000000e+00	0.00000000000000e+00	8.64039863382218e+01	6.76372656841805e+00	5.11126009386374e+02	6.76372656841805e+00	1
28	67	41	54	7.01047637381132e-02	1.00000000000000e+00	0.00000000000000e+00	0.00000000000000e+00	8.61497772885695e+01	6.56875528560872e+00	4.77264375064561e+02	6.56875528560872e+00	1
29	68	42	55	7.00808231125622e-02	1.00000000000000e+00	0.00000000000000e+00	0.00000000000000e+00	8.57248129309694e+01	6.32415789849116e+00	6.18634922795231e+02	6.32415789849116e+00	1
30	69	43	56	7.01000165231054e-02	1.00000000000000e+00	0.00000000000000e+00	0.00000000000000e+00	8.50197984797727e+01	6.14614898266196e+00	4.99917398121672e+02	6.14614898266196e+00	1
31	70	44	57	7.00927467165103e-02	1.00000000000000e+00	0.00000000000000e+00	0.00000000000000e+00	8.42339005473432e+01	6.01675220816884e+00	5.39102642997073e+02	6.01675220816884e+00	1
32	71	45	58	7.01088374324077e-02	1.00000000000000e+00	0.00000000000000e+00	0.00000000000000e+00	8.35587425774161e+01	5.95692541184347e+00	4.59400767675987e+02	5.95692541184347e+00	1
33	72	46	59	7.01221543893284e-02	1.00000000000000e+00	0.00000000000000e+00	0.00000000000000e+00	8.29795941474885e+01	5.88517284155904e+00	4.09318079152848e+02	5.88517284155904e+00	1
34	73	47	60	7.01135941316709e-02	1.00000000000000e+00	0.00000000000000e+00	0.00000000000000e+00	8.23165483382994e+01	5.88801333083018e+00	4.40163582964485e+02	5.88801333083018e+00	1
35	74	48	61	7.00995602480616e-02	1.00000000000000e+00	0.00000000000000e+00	0.00000000000000e+00	8.18554593993368e+01	5.98273927364016e+00	0.00000000000000e+00	5.98273927364016e+00	1
36	75	49	62	7.01226487439748e-02	1.00000000000000e+00	0.00000000000000e+00	0.00000000000000e+00	8.15129833857351e+01	6.11953084582017e+00	4.07668259613784e+02	6.11953084582017e+00	1
37	76	50	63	7.01052087859066e-02	1.00000000000000e+00	0.00000000000000e+00	0.00000000000000e+00	8.14098722649209e+01	6.30787714475236e+00	4.75245480395687e+02	6.30787714475236e+00	1
38	77	51	64	7.01040548900978e-02	1.00000000000000e+00	0.00000000000000e+00	0.00000000000000e+00	8.12564301116922e+01	6.50052375596717e+00	4.80515619717731e+02	6.50052375596717e+00	1
39	78	52	65	7.01043389437220e-02	1.00000000000000e+00	0.00000000000000e+00	0.00000000000000e+00	8.12450648979545e+01	6.69187704325275e+00	4.79207458082089e+02	6.69187704325275e+00	1
40	79	53	66	7.01084338902898e-02	1.00000000000000e+00	0.00000000000000e+00	0.00000000000000e+00	8.12222140311912e+01	6.88127664351952e+00	4.61110450490712e+02	6.88127664351952e+00	1
41	80	54	67	7.00865824534643e-02	1.00000000000000e+00	0.00000000000000e+00	0.00000000000000e+00	8.12442505798197e+01	7.04352829856296e+00	5.77484213018333e+02	7.04352829856296e+00	1
42	81	55	68	7.00866060997952e-02	1.00000000000000e+00	0.00000000000000e+00	0.00000000000000e+00	8.14176394267114e+01	7.33934513151820e+00	5.77326540719923e+02	7.33934513151820e+00	1
43	82	56	69	7.00794540648235e-02	1.00000000000000e+00	0.00000000000000e+00	0.00000000000000e+00	8.16069631309676e+01	7.60570043737492e+00	6.29294424534169e+02	7.60570043737492e+00	1
44	83	57	70	7.00958136821202e-02	1.00000000000000e+00	0.00000000000000e+00	0.00000000000000e+00	8.18208960248204e+01	7.80497144079262e+00	5.21846138188129e+02	7.80497144079262e+00	1
45	84	58	71	7.00800391945114e-02	1.00000000000000e+00	0.00000000000000e+00	0.00000000000000e+00	8.20305485848051e+01	7.91987134417996e+00	6.24693942826619e+02	7.91987134417996e+00	1
46	85	59	72	7.00826343310976e-02	1.00000000000000e+00	0.00000000000000e+00	0.00000000000000e+00	8.23457753861201e+01	8.06220129443258e+00	0.00000000000000e+00	8.06220129443258e+00	1
47	86	60	73	7.00727212540107e-02	1.00000000000000e+00	0.00000000000000e+00	0.00000000000000e+00	8.28031160966631e+01	8.19715134194967e+00	6.87556900388727e+02	8.19715134194967e+00	1
48	87	61	74	7.00758461391766e-02	1.00000000000000e+00	0.00000000000000e+00	0.00000000000000e+00	8.31131899022581e+01	8.24228434882600e+00	0.00000000000000e+00	8.24228434882600e+00	1
49	88	62	75	7.00780641278011e-02	1.00000000000000e+00	0.00000000000000e+00	0.00000000000000e+00	8.34931825583540e+01	8.23806995524963e+00	0.00000000000000e+00	8.23806995524963e+00	1
50	89	63	76	7.00790647415178e-02	1.00000000000000e+00	0.00000000000000e+00	0.00000000000000e+00	8.36786557208071e+01	8.16977116520580e+00	6.32393138080682e+02	8.16977116520580e+00	1
51	90	64	77	7.00816841509082e-02	1.00000000000000e+00	0.00000000000000e+00	0.00000000000000e+00	8.39428896269689e+01	8.22394658097144e+00	6.12113848820291e+02	8.22394658097144e+00	1
52	91	65	78	7.00659888553859e-02	1.00000000000000e+00	0.00000000000000e+00	0.00000000000000e+00	8.39780499570199e+01	8.32955955422449e+00	7.57703701748429e+02	8.32955955422449e+00	1
53	92	66	79	7.00853886506587e-02	1.00000000000000e+00	0.00000000000000e+00	0.00000000000000e+00	8.41641694773858e+01	8.36602083652063e+00	5.85557912137855e+02	8.36602083652063e+00	1
54	93	67	80	7.00786532492079e-02	1.00000000000000e+00	0.00000000000000e+00	0.00000000000000e+00	8.42242649727931e+01	8.55608104992828e+00	0.00000000000000e+00	8.55608104992828e+00	1
55	94	68	81	7.00887183445958e-02	1.00000000000000e+00	0.00000000000000e+00	0.00000000000000e+00	8.40490225797714e+01	8.58488932324562e+00	5.63581300212253e+02	8.58488932324562e+00	1
56	95	69	82	7.00799099254953e-02	1.00000000000000e+00	0.00000000000000e+00	0.00000000000000e+00	8.37404877312082e+01	8.59301367348443e+00	6.25704500286674e+02	8.59301367348443e+00	1
57	96	70	83	7.00907231142174e-02	1.00000000000000e+00	0.00000000000000e+00	0.00000000000000e+00	8.32835409448426e+01	8.69586680298067e+00	5.51127465490149e+02	8.69586680298067e+00	1
1	43	15	29	7.00893013762137e-02	1.00000000000000e+00	0.00000000000000e+00	0.00000000000000e+00	9.16054772189068e+01	7.17894633698906e+00	5.59901785616054e+02	7.17894633698906e+00	1
2	44	16	30	7.00837164475869e-02	1.00000000000000e+00	0.00000000000000e+00	0.00000000000000e+00	9.13750087370476e+01	7.07671633280759e+00	5.97254200831663e+02	7.07671633280759e+00	1
3	45	17	31	7.00890512340557e-02	1.00000000000000e+00	0.00000000000000e+00	0.00000000000000e+00	9.10849554235996e+01	7.00067153792407e+00	5.61474532388268e+02	7.00067153792407e+00	1
4	46	18	32	7.00993371536874e-02	1.00000000000000e+00	0.00000000000000e+00	0.00000000000000e+00	9.08574730128133e+01	6.94246069287707e+00	0.00000000000000e+00	6.94246069287707e+00	1
5	47	19	33	7.00847607573509e-02	1.00000000000000e+00	0.00000000000000e+00	0.00000000000000e+00	9.05166477295398e+01	6.93906588404534e+00	5.89895625790746e+02	6.93906588404534e+00	1
6	48	20	34	7.00855302405021e-02	1.00000000000000e+00	0.00000000000000e+00	0.00000000000000e+00	9.03256924691556e+01	6.97781432380288e+00	0.00000000000000e+00	6.97781432380288e+00	1
7	49	21	35	7.00905625936366e-02	1.00000000000000e+00	0.00000000000000e+00	0.00000000000000e+00	9.02937569399035e+01	7.02282447446631e+00	5.52104329085871e+02	7.02282447446631e+00	1
8	50	22	36	7.00884750405939e-02	1.00000000000000e+00	0.00000000000000e+00	0.00000000000000e+00	9.03440146283102e+01	7.03744650249255e+00	0.00000000000000e+00	7.03744650249255e+00	1
9	51	23	37	7.00830481494059e-02	1.00000000000000e+00	0.00000000000000e+00	0.00000000000000e+00	9.02267897699823e+01	7.08101411844623e+00	0.00000000000000e+00	7.08101411844623e+00	1
10	52	24	38	7.00893489290338e-02	1.00000000000000e+00	0.00000000000000e+00	0.00000000000000e+00	9.01858019617142e+01	7.23155537956587e+00	5.59603797613227e+02	7.23155537956587e+00	1
11	53	25	39	7.00769251508169e-02	1.00000000000000e+00	0.00000000000000e+00	0.00000000000000e+00	9.03292233207920e+01	7.40077072413272e+00	6.49982476069944e+02	7.40077072413272e+00	1
12	54	26	40	7.00775229265578e-02	1.00000000000000e+00	0.00000000000000e+00	0.00000000000000e+00	9.05037668534427e+01	7.45282316060454e+00	0.00000000000000e+00	7.45282316060454e+00	1
13	55	27	41	7.00827544644053e-02	1.00000000000000e+00	0.00000000000000e+00	0.00000000000000e+00	9.05388154849552e+01	7.53638441883834e+00	6.04197010509743e+02	7.53638441883834e+00	1
14	56	28	42	7.00718881234591e-02	1.00000000000000e+00	0.00000000000000e+00	0.00000000000000e+00	9.07564783006040e+01	7.64357545190841e+00	6.95525179878531e+02	7.64357545190841e+00	1
15	57	29	43	7.00701715788482e-02	1.00000000000000e+00	0.00000000000000e+00	0.00000000000000e+00	9.10369538192998e+01	7.67302857145356e+00	7.12539190662770e+02	7.67302857145356e+00	1
16	58	30	44	7.00744362651972e-02	1.00000000000000e+00	0.00000000000000e+00	0.00000000000000e+00	9.12750661938086e+01	7.70551457515424e+00	6.71715592762663e+02	7.70551457515424e+00	1
17	59	31	45	7.00890947996904e-02	1.00000000000000e+00	0.00000000000000e+00	0.00000000000000e+00	9.15193095712897e+01	7.70953432503482e+00	5.61199982195690e+02	7.70953432503482e+00	1
18	60	32	46	7.00796577291316e-02	1.00000000000000e+00	0.00000000000000e+00	0.00000000000000e+00	9.19236833904584e+01	7.68528210681969e+00	0.00000000000000e+00	7.68528210681969e+00	1
19	61	33	47	7.00864697528517e-02	1.00000000000000e+00	0.00000000000000e+00	0.00000000000000e+00	9.24008311335116e+01	7.56688142235582e+00	0.00000000000000e+00	7.56688142235582e+00	1
20	62	34	48	7.00621263693158e-02	1.00000000000000e+00	0.00000000000000e+00	0.00000000000000e+00	9.27525143635652e+01	7.41714776618669e+00	8.04811234757335e+02	7.41714776618669e+00	1
21	63	35	49	7.00762384845521e-02	1.00000000000000e+00	0.00000000000000e+00	0.00000000000000e+00	9.29599886623138e+01	7.23440797021725e+00	6.55836750871096e+02	7.23440797021725e+00	1
22	64	36	50	7.00777605274905e-02	1.00000000000000e+00	0.00000000000000e+00	0.00000000000000e+00	9.28881379073975e+01	7.12506511286888e+00	6.42999753392149e+02	7.12506511286888e+00	1
23	65	37	51	7.00773276441922e-02	1.00000000000000e+00	0.00000000000000e+00	0.00000000000000e+00	9.32817355000188e+01	7.01348874672349e+00	6.46599292172269e+02	7.01348874672349e+00	1
24	66	38	52	7.00837806442608e-02	1.00000000000000e+00	0.00000000000000e+00	0.00000000000000e+00	9.35678586861669e+01	6.76562047108773e+00	5.96796556545568e+02	6.76562047108773e+00	1
25	67	39	53	7.00897744444631e-02	1.00000000000000e+00	0.00000000000000e+00	0.00000000000000e+00	9.34460104783135e+01	6.50103834298605e+00	0.00000000000000e+00	6.50103834298605e+00	1
26	68	40	54	7.00878758656655e-02	1.00000000000000e+00	0.00000000000000e+00	0.00000000000000e+00	9.31249431906689e+01	6.28615897004937e+00	5.68984437551271e+02	6.28615897004937e+00	1
27	69	41	55	7.01020093515103e-02	1.00000000000000e+00	0.00000000000000e+00	0.00000000000000e+00	9.26174786689013e+01	6.07972039769371e+00	4.90151140652399e+02	6.07972039769371e+00	1
28	70	42	56	7.00865815764821e-02	1.00000000000000e+00	0.00000000000000e+00	0.00000000000000e+00	9.19062573124265e+01	5.89947863001847e+00	0.00000000000000e+00	5.89947863001847e+00	1
29	71	43	57	7.01066871028287e-02	1.00000000000000e+00	0.00000000000000e+00	0.00000000000000e+00	9.11151454928754e+01	5.79467992235585e+00	4.68660209850192e+02	5.79467992235585e+00	1
30	72	44	58	7.00850857545275e-02	1.00000000000000e+00	0.00000000000000e+00	0.00000000000000e+00	9.04158002592294e+01	5.69554010331338e+00	5.87642435301746e+02	5.69554010331338e+00	1
31	73	45	59	7.01124832755462e-02	1.00000000000000e+00	0.00000000000000e+00	0.00000000000000e+00	8.97373901388799e+01	5.61023266607302e+00	4.44510526184692e+02	5.61023266607302e+00	1
32	74	46	60	7.01127693586544e-02	1.00000000000000e+00	0.00000000000000e+00	0.00000000000000e+00	8.89922495769975e+01	5.58497998931290e+00	4.43382853255807e+02	5.58497998931290e+00	1
33	75	47	61	7.01335493379252e-02	1.00000000000000e+00	0.00000000000000e+00	0.00000000000000e+00	8.83984558022118e+01	5.65933715059120e+00	3.74393469685507e+02	5.65933715059120e+00	1
34	76	48	62	7.00887997251068e-02	1.00000000000000e+00	0.00000000000000e+00	0.00000000000000e+00	8.80226797681741e+01	5.79033585664600e+00	5.63064806111251e+02	5.79033585664600e+00	1
35	77	49	63	7.00957493846587e-02	1.00000000000000e+00	0.00000000000000e+00	0.00000000000000e+00	8.78065536883396e+01	5.97254486598452e+00	0.00000000000000e+00	5.97254486598452e+00	1
36	78	50	64	7.01018945440345e-02	1.00000000000000e+00	0.00000000000000e+00	0.00000000000000e+00	8.77641786144455e+01	6.08625204935505e+00	4.90703407859491e+02	6.08625204935505e+00	1
37	79	51	65	7.01093262437065e-02	1.00000000000000e+00	0.00000000000000e+00	0.00000000000000e+00	8.75834301312307e+01	6.18498017243048e+00	4.57346729429813e+02	6.18498017243048e+00	1
38	80	52	66	7.00958841960469e-02	1.00000000000000e+00	0.00000000000000e+00	0.00000000000000e+00	8.75166771892166e+01	6.35809957469542e+00	5.21462368788564e+02	6.35809957469542e+00	1
39	81	53	67	7.01064300359261e-02	1.00000000000000e+00	0.00000000000000e+00	0.00000000000000e+00	8.75865836525889e+01	6.56073478298637e+00	4.69792193199289e+02	6.56073478298637e+00	1
40	82	54	68	7.00842899257374e-02	1.00000000000000e+00	0.00000000000000e+00	0.00000000000000e+00	8.77566938692338e+01	6.84461333245365e+00	5.93190699393618e+02	6.84461333245365e+00	1
41	83	55	69	7.00837320762002e-02	1.00000000000000e+00	0.00000000000000e+00	0.00000000000000e+00	8.79521582915836e+01	7.12283181122550e+00	5.97142723183807e+02	7.12283181122550e+00	1
42	84	56	70	7.00820848538398e-02	1.00000000000000e+00	0.00000000000000e+00	0.00000000000000e+00	8.80809383893392e+01	7.33182116685044e+00	0.00000000000000e+00	7.33182116685044e+00	1
43	85	57	71	7.00941383409964e-02	1.00000000000000e+00	0.00000000000000e+00	0.00000000000000e+00	8.83408270067905e+01	7.46026632696912e+00	5.31133218099644e+02	7.46026632696912e+00	1
44	86	58	72	7.00869485269497e-02	1.00000000000000e+00	0.00000000000000e+00	0.00000000000000e+00	8.86480823285880e+01	7.62810966978954e+00	5.75052870406276e+02	7.62810966978954e+00	1
45	87	59	73	7.00792725070866e-02	1.00000000000000e+00	0.00000000000000e+00	0.00000000000000e+00	8.88989621290963e+01	7.84669757099678e+00	0.00000000000000e+00	7.84669757099678e+00	1
46	88	60	74	7.00895673032844e-02	1.00000000000000e+00	0.00000000000000e+00	0.00000000000000e+00	8.92149284455285e+01	7.98213516702354e+00	5.58239426291900e+02	7.98213516702354e+00	1
47	89	61	75	7.00779086277895e-02	1.00000000000000e+00	0.00000000000000e+00	0.00000000000000e+00	8.95736606827748e+01	8.02674550798590e+00	6.41777443893866e+02	8.02674550798590e+00	1
48	90	62	76	7.00768405834717e-02	1.00000000000000e+00	0.00000000000000e+00	0.00000000000000e+00	8.99285415324280e+01	8.04873252406536e+00	6.50697818014862e+02	8.04873252406536e+00	1
49	91	63	77	7.00808073217192e-02	1.00000000000000e+00	0.00000000000000e+00	0.00000000000000e+00	9.00856457894608e+01	8.04520884923894e+00	6.18755812422121e+02	8.04520884923894e+00	1
50	92	64	78	7.00729770609662e-02	1.00000000000000e+00	0.00000000000000e+00	0.00000000000000e+00	9.00037700071938e+01	8.11725734458176e+00	6.85146802817357e+02	8.11725734458176e+00	1
51	93	65	79	7.00899587491314e-02	1.00000000000000e+00	0.00000000000000e+00	0.00000000000000e+00	9.01842823874799e+01	8.22900064245422e+00	0.00000000000000e+00	8.22900064245422e+00	1
52	94	66	80	7.00833683361152e-02	1.00000000000000e+00	0.00000000000000e+00	0.00000000000000e+00	9.02961402227174e+01	8.42286507296197e+00	5.99748085782710e+02	8.42286507296197e+00	1
53	95	67	81	7.00934459551246e-02	1.00000000000000e+00	0.00000000000000e+00	0.00000000000000e+00	9.03187149578386e+01	8.59807089824977e+00	5.35068638694542e+02	8.59807089824977e+00	1
54	96	68	82	7.00758117438648e-02	1.00000000000000e+00	0.00000000000000e+00	0.00000000000000e+00	9.02406766895706e+01	8.62275654993421e+00	6.59528424635029e+02	8.62275654993421e+00	1
1	46	16	31	7.00855546123580e-02	1.00000000000000e+00	0.00000000000000e+00	0.00000000000000e+00	9.73330141840207e+01	6.95839659894986e+00	5.84422027310387e+02	6.95839659894986e+00	1
2	47	17	32	7.00948749359086e-02	1.00000000000000e+00	0.00000000000000e+00	0.00000000000000e+00	9.71706944392839e+01	6.88045628918087e+00	5.27009578674717e+02	6.88045628918087e+00	1
3	48	18	33	7.00993294001551e-02	1.00000000000000e+00	0.00000000000000e+00	0.00000000000000e+00	9.69607782953291e+01	6.85982168055750e+00	5.03375636236089e+02	6.85982168055750e+00	1
4	49	19	34	7.00944648557517e-02	1.00000000000000e+00	0.00000000000000e+00	0.00000000000000e+00	9.68867864604278e+01	6.85301739186089e+00	5.29297373103884e+02	6.85301739186089e+00	1
5	50	20	35	7.00887773301826e-02	1.00000000000000e+00	0.00000000000000e+00	0.00000000000000e+00	9.67829499423245e+01	6.85927183707237e+00	5.63206844553015e+02	6.85927183707237e+00	1
6	51	21	36	7.01012040850581e-02	1.00000000000000e+00	0.00000000000000e+00	0.00000000000000e+00	9.66999708927215e+01	6.88206735613337e+00	4.94051203281942e+02	6.88206735613337e+00	1
7	52	22	37	7.00953906361430e-02	1.00000000000000e+00	0.00000000000000e+00	0.00000000000000e+00	9.66905491071577e+01	6.91314327979708e+00	5.24160462930790e+02	6.91314327979708e+00	1
8	53	23	38	7.00738287465857e-02	1.00000000000000e+00	0.00000000000000e+00	0.00000000000000e+00	9.65791384450064e+01	7.03684669975817e+00	0.00000000000000e+00	7.03684669975817e+00	1
9	54	24	39	7.00870729925434e-02	1.00000000000000e+00	0.00000000000000e+00	0.00000000000000e+00	9.67567001714016e+01	7.18982265702833e+00	5.74230866994798e+02	7.18982265702833e+00	1
10	55	25	40	7.00835229671976e-02	1.00000000000000e+00	0.00000000000000e+00	0.00000000000000e+00	9.69591655534485e+01	7.22510129400517e+00	5.98637736153342e+02	7.22510129400517e+00	1
11	56	26	41	7.00758289768725e-02	1.00000000000000e+00	0.00000000000000e+00	0.00000000000000e+00	9.70648536048045e+01	7.27923529530388e+00	6.59378539210304e+02	7.27923529530388e+00	1
12	57	27	42	7.00735205645371e-02	1.00000000000000e+00	0.00000000000000e+00	0.00000000000000e+00	9.72366319140056e+01	7.36880056736582e+00	6.80081829007241e+02	7.36880056736582e+00	1
13	58	28	43	7.00737742874896e-02	1.00000000000000e+00	0.00000000000000e+00	0.00000000000000e+00	9.75399630764463e+01	7.40885689687311e+00	6.77742906118005e+02	7.40885689687311e+00	1
14	59	29	44	7.00669353685132e-02	1.00000000000000e+00	0.00000000000000e+00	0.00000000000000e+00	9.78392508972815e+01	7.43793152351623e+00	7.46989239181711e+02	7.43793152351623e+00	1
15	60	30	45	7.00624075314835e-02	1.00000000000000e+00	0.00000000000000e+00	0.00000000000000e+00	9.82529803610971e+01	7.42477578167572e+00	8.01185350732837e+02	7.42477578167572e+00	1
16	61	31	46	7.00732359422148e-02	1.00000000000000e+00	0.00000000000000e+00	0.00000000000000e+00	9.85697529426267e+01	7.37001857824534e+00	6.82724881907988e+02	7.37001857824534e+00	1
17	62	32	47	7.00888347885747e-02	1.00000000000000e+00	0.00000000000000e+00	0.00000000000000e+00	9.90464383195241e+01	7.27169533391683e+00	5.62842562043640e+02	7.27169533391683e+00	1
18	63	33	48	7.00722849220842e-02	1.00000000000000e+00	0.00000000000000e+00	0.00000000000000e+00	9.93489164060337e+01	7.10679457348217e+00	6.91707185376633e+02	7.10679457348217e+00	1
19	64	34	49	7.00813709143711e-02	1.00000000000000e+00	0.00000000000000e+00	0.00000000000000e+00	9.95460515589723e+01	6.96873341455865e+00	6.14470175079514e+02	6.96873341455865e+00	1
20	65	35	50	7.00797733723551e-02	1.00000000000000e+00	0.00000000000000e+00	0.00000000000000e+00	9.95888807460256e+01	6.87192237454367e+00	6.26775558358760e+02	6.87192237454367e+00	1
21	66	36	51	7.00682689735060e-02	1.00000000000000e+00	0.00000000000000e+00	0.00000000000000e+00	9.98986520227836e+01	6.74330629035005e+00	7.32397126135251e+02	6.74330629035005e+00	1
22	67	37	52	7.00753909163705e-02	1.00000000000000e+00	0.00000000000000e+00	0.00000000000000e+00	1.00083180196244e+02	6.59592686911812e+00	6.63209872052827e+02	6.59592686911812e+00	1
23	68	38	53	7.00774936171340e-02	1.00000000000000e+00	0.00000000000000e+00	0.00000000000000e+00	1.00423719340545e+02	6.32840895100403e+00	0.00000000000000e+00	6.32840895100403e+00	1
24	69	39	54	7.00795530452785e-02	1.00000000000000e+00	0.00000000000000e+00	0.00000000000000e+00	9.99332482729200e+01	6.03788159855908e+00	6.28511452012484e+02	6.03788159855908e+00	1
25	70	40	55	7.00923191342523e-02	1.00000000000000e+00	0.00000000000000e+00	0.00000000000000e+00	9.91924606421985e+01	5.89952328478852e+00	5.41599533021706e+02	5.89952328478852e+00	1
26	71	41	56	7.01078011778540e-02	1.00000000000000e+00	0.00000000000000e+00	0.00000000000000e+00	9.86895214842601e+01	5.77822419931079e+00	4.63816824596525e+02	5.77822419931079e+00	1
27	72	42	57	7.00918328704268e-02	1.00000000000000e+00	0.00000000000000e+00	0.00000000000000e+00	9.81221063966646e+01	5.62266682411218e+00	0.00000000000000e+00	5.62266682411218e+00	1
28	73	43	58	7.01183336973464e-02	1.00000000000000e+00	0.00000000000000e+00	0.00000000000000e+00	9.73408591871288e+01	5.51391702473004e+00	4.22533911482658e+02	5.51391702473004e+00	1
29	74	44	59	7.01090247179504e-02	1.00000000000000e+00	0.00000000000000e+00	0.00000000000000e+00	9.65961093581025e+01	5.42247178664229e+00	0.00000000000000e+00	5.42247178664229e+00	1
30	75	45	60	7.00919270990715e-02	1.00000000000000e+00	0.00000000000000e+00	0.00000000000000e+00	9.58208217933160e+01	5.39677792850907e+00	0.00000000000000e+00	5.39677792850907e+00	1
31	76	46	61	7.01160923547595e-02	1.00000000000000e+00	0.00000000000000e+00	0.00000000000000e+00	9.52182426130734e+01	5.42904063537364e+00	4.30691582607426e+02	5.42904063537364e+00	1
32	77	47	62	7.01121072666468e-02	1.00000000000000e+00	0.00000000000000e+00	0.00000000000000e+00	9.46562816552951e+01	5.51565077715883e+00	4.46001418958451e+02	5.51565077715883e+00	1
33	78	48	63	7.00960978051341e-02	1.00000000000000e+00	0.00000000000000e+00	0.00000000000000e+00	9.43617267894031e+01	5.67702931325536e+00	5.20303246574745e+02	5.67702931325536e+00	1
34	79	49	64	7.01076273061588e-02	1.00000000000000e+00	0.00000000000000e+00	0.00000000000000e+00	9.41848985441684e+01	5.80502073383906e+00	0.00000000000000e+00	5.80502073383906e+00	1
35	80	50	65	7.00813957943693e-02	1.00000000000000e+00	0.00000000000000e+00	0.00000000000000e+00	9.41190862864403e+01	5.83784000191023e+00	0.00000000000000e+00	5.83784000191023e+00	1
36	81	51	66	7.00916774782347e-02	1.00000000000000e+00	0.00000000000000e+00	0.00000000000000e+00	9.39746631585026e+01	5.94616322473379e+00	5.45390219744285e+02	5.94616322473379e+00	1
37	82	52	67	7.00955434010241e-02	1.00000000000000e+00	0.00000000000000e+00	0.00000000000000e+00	9.40247916317227e+01	6.10984517334693e+00	5.23322379819607e+02	6.10984517334693e+00	1
38	83	53	68	7.01045551585370e-02	1.00000000000000e+00	0.00000000000000e+00	0.00000000000000e+00	9.41344043511343e+01	6.41134187402362e+00	4.78216481134238e+02	6.41134187402362e+00	1
39	84	54	69	7.00760750902139e-02	1.00000000000000e+00	0.00000000000000e+00	0.00000000000000e+00	9.42833458396734e+01	6.72617716923021e+00	6.57245359281235e+02	6.72617716923021e+00	1
40	85	55	70	7.00754528105789e-02	1.00000000000000e+00	0.00000000000000e+00	0.00000000000000e+00	9.44993467934470e+01	6.89440266058819e+00	6.62665838639886e+02	6.89440266058819e+00	1
41	86	56	71	7.00734779862832e-02	1.00000000000000e+00	0.00000000000000e+00	0.00000000000000e+00	9.47370644922336e+01	7.05220140683589e+00	0.00000000000000e+00	7.05220140683589e+00	1
42	87	57	72	7.00773277786841e-02	1.00000000000000e+00	0.00000000000000e+00	0.00000000000000e+00	9.49633614288002e+01	7.26681786457729e+00	6.46598167577477e+02	7.26681786457729e+00	1
43	88	58	73	7.00766143044085e-02	1.00000000000000e+00	0.00000000000000e+00	0.00000000000000e+00	9.51799012549663e+01	7.47414229844003e+00	6.52619643107230e+02	7.47414229844003e+00	1
44	89	59	74	7.00777312627814e-02	1.00000000000000e+00	0.00000000000000e+00	0.00000000000000e+00	9.53427795608218e+01	7.66432631846574e+00	6.43241833605711e+02	7.66432631846574e+00	1
45	90	60	75	7.00753481714499e-02	1.00000000000000e+00	0.00000000000000e+00	0.00000000000000e+00	9.55690917755867e+01	7.81086226101284e+00	6.63586110158162e+02	7.81086226101284e+00	1
46	91	61	76	7.00669490751604e-02	1.00000000000000e+00	0.00000000000000e+00	0.00000000000000e+00	9.57629958480983e+01	7.89841817297315e+00	7.46836306254968e+02	7.89841817297315e+00	1
47	92	62	77	7.00813921694082e-02	1.00000000000000e+00	0.00000000000000e+00	0.00000000000000e+00	9.60649005028252e+01	7.96696523871549e+00	6.14309710178926e+02	7.96696523871549e+00	1
48	93	63	78	7.00692659422858e-02	1.00000000000000e+00	0.00000000000000e+00	0.00000000000000e+00	9.61499882788517e+01	7.97671201462364e+00	0.00000000000000e+00	7.97671201462364e+00	1
49	94	64	79	7.00729402190839e-02	1.00000000000000e+00	0.00000000000000e+00	0.00000000000000e+00	9.62705228811726e+01	8.03777425529857e+00	6.85492868378423e+02	8.03777425529857e+00	1
50	95	65	80	7.00821867395504e-02	1.00000000000000e+00	0.00000000000000e+00	0.00000000000000e+00	9.62944596338229e+01	8.32465296663011e+00	6.08370648033271e+02	8.32465296663011e+00	1
51	96	66	81	7.00890064722301e-02	1.00000000000000e+00	0.00000000000000e+00	0.00000000000000e+00	9.64126330563263e+01	8.53752153704999e+00	5.61756900899689e+02	8.53752153704999e+00	1
1	49	17	33	7.00736588004876e-02	1.00000000000000e+00	0.00000000000000e+00	0.00000000000000e+00	1.03421178847660e+02	6.84894449880406e+00	6.78805515010052e+02	6.84894449880406e+00	1
2	50	18	34	7.00771014835217e-02	1.00000000000000e+00	0.00000000000000e+00	0.00000000000000e+00	1.03417965478392e+02	6.79064057609547e+00	0.00000000000000e+00	6.79064057609547e+00	1
3	51	19	35	7.00703037046476e-02	1.00000000000000e+00	0.00000000000000e+00	0.00000000000000e+00	1.03203021969796e+02	6.77564925563375e+00	7.11200074741612e+02	6.77564925563375e+00	1
4	52	20	36	7.00767065119125e-02	1.00000000000000e+00	0.00000000000000e+00	0.00000000000000e+00	1.03229260568426e+02	6.78060991988450e+00	6.51835140894428e+02	6.78060991988450e+00	1
5	53	21	37	7.00728218428498e-02	1.00000000000000e+00	0.00000000000000e+00	0.00000000000000e+00	1.03170546871687e+02	6.79209986229796e+00	6.86607177781976e+02	6.79209986229796e+00	1
6	54	22	38	7.01074326798911e-02	1.00000000000000e+00	0.00000000000000e+00	0.00000000000000e+00	1.03054773956109e+02	6.89044347151482e+00	0.00000000000000e+00	6.89044347151482e+00	1
7	55	23	39	7.00891657453292e-02	1.00000000000000e+00	0.00000000000000e+00	0.00000000000000e+00	1.03146219738886e+02	7.02032136992685e+00	5.60753457680375e+02	7.02032136992685e+00	1
8	56	24	40	7.00845055400278e-02	1.00000000000000e+00	0.00000000000000e+00	0.00000000000000e+00	1.03382811002104e+02	7.04801005917493e+00	5.91677184520295e+02	7.04801005917493e+00	1
9	57	25	41	7.00709562164855e-02	1.00000000000000e+00	0.00000000000000e+00	0.00000000000000e+00	1.03571921780929e+02	7.08485973648170e+00	7.04659894178828e+02	7.08485973648170e+00	1
10	58	26	42	7.00716245478191e-02	1.00000000000000e+00	0.00000000000000e+00	0.00000000000000e+00	1.03722869741322e+02	7.14896746267646e+00	6.98084686360050e+02	7.14896746267646e+00	1
11	59	27	43	7.00752769344845e-02	1.00000000000000e+00	0.00000000000000e+00	0.00000000000000e+00	1.03938123574715e+02	7.19954663233868e+00	0.00000000000000e+00	7.19954663233868e+00	1
12	60	28	44	7.00789750808885e-02	1.00000000000000e+00	0.00000000000000e+00	0.00000000000000e+00	1.04413938393847e+02	7.22463964755385e+00	6.33111095772283e+02	7.22463964755385e+00	1
13	61	29	45	7.00639822782117e-02	1.00000000000000e+00	0.00000000000000e+00	0.00000000000000e+00	1.04819326726712e+02	7.18144909681107e+00	7.81466390343309e+02	7.18144909681107e+00	1
14	62	30	46	7.00800161962077e-02	1.00000000000000e+00	0.00000000000000e+00	0.00000000000000e+00	1.05332121557156e+02	7.12840676112533e+00	6.24873492738965e+02	7.12840676112533e+00	1
15	63	31	47	7.00757067553882e-02	1.00000000000000e+00	0.00000000000000e+00	0.00000000000000e+00	1.05779866797899e+02	6.98815933602982e+00	6.60443044264607e+02	6.98815933602982e+00	1
16	64	32	48	7.00911638651581e-02	1.00000000000000e+00	0.00000000000000e+00	0.00000000000000e+00	1.05963283479291e+02	6.86021711531068e+00	5.48462923476391e+02	6.86021711531068e+00	1
17	65	33	49	7.00798020116526e-02	1.00000000000000e+00	0.00000000000000e+00	0.00000000000000e+00	1.06146978692458e+02	6.75328545364259e+00	6.26550621526499e+02	6.75328545364259e+00	1
18	66	34	50	7.01043098330550e-02	1.00000000000000e+00	0.00000000000000e+00	0.00000000000000e+00	1.06206033326809e+02	6.64583809609606e+00	0.00000000000000e+00	6.64583809609606e+00	1
19	67	35	51	7.00899261794044e-02	1.00000000000000e+00	0.00000000000000e+00	0.00000000000000e+00	1.06639872844724e+02	6.51908591397350e+00	5.56011612315620e+02	6.51908591397350e+00	1
20	68	36	52	7.00922476139763e-02	1.00000000000000e+00	0.00000000000000e+00	0.00000000000000e+00	1.06714145784309e+02	6.33772502482120e+00	5.42019439254478e+02	6.33772502482120e+00	1
21	69	37	53	7.01120727882646e-02	1.00000000000000e+00	0.00000000000000e+00	0.00000000000000e+00	1.06655891538112e+02	6.16883273661888e+00	0.00000000000000e+00	6.16883273661888e+00	1
22	70	38	54	7.01013928572190e-02	1.00000000000000e+00	0.00000000000000e+00	0.00000000000000e+00	1.06546943098652e+02	5.96042522127832e+00	4.93131383920150e+02	5.96042522127832e+00	1
23	71	39	55	7.00923648558149e-02	1.00000000000000e+00	0.00000000000000e+00	0.00000000000000e+00	1.06019979384689e+02	5.75531302698107e+00	0.00000000000000e+00	5.75531302698107e+00	1
24	72	40	56	7.00786653692938e-02	1.00000000000000e+00	0.00000000000000e+00	0.00000000000000e+00	1.05419706262921e+02	5.64448304079575e+00	6.35603702733047e+02	5.64448304079575e+00	1
25	73	41	57	7.01230006734815e-02	1.00000000000000e+00	0.00000000000000e+00	0.00000000000000e+00	1.04829214008215e+02	5.52276897187860e+00	0.00000000000000e+00	5.52276897187860e+00	1
26	74	42	58	7.01359124285479e-02	1.00000000000000e+00	0.00000000000000e+00	0.00000000000000e+00	1.04228593752810e+02	5.40797364081707e+00	0.00000000000000e+00	5.40797364081707e+00	1
27	75	43	59	7.01069273730181e-02	1.00000000000000e+00	0.00000000000000e+00	0.00000000000000e+00	1.03571629466952e+02	5.32030423934786e+00	4.67607111151222e+02	5.32030423934786e+00	1
28	76	44	60	7.01233323139610e-02	1.00000000000000e+00	0.00000000000000e+00	0.00000000000000e+00	1.02824411813029e+02	5.27015758729188e+00	0.00000000000000e+00	5.27015758729188e+00	1
29	77	45	61	7.00959655578786e-02	1.00000000000000e+00	0.00000000000000e+00	0.00000000000000e+00	1.02163124366924e+02	5.27661368650524e+00	5.21020260865623e+02	5.27661368650524e+00	1
30	78	46	62	7.01424665566564e-02	1.00000000000000e+00	0.00000000000000e+00	0.00000000000000e+00	1.01532336217324e+02	5.31141789004745e+00	3.50959559727389e+02	5.31141789004745e+00	1
31	79	47	63	7.01183549124554e-02	1.00000000000000e+00	0.00000000000000e+00	0.00000000000000e+00	1.01056239681631e+02	5.43961874357837e+00	4.22458172311536e+02	5.43961874357837e+00	1
32	80	48	64	7.01112638588908e-02	1.00000000000000e+00	0.00000000000000e+00	0.00000000000000e+00	1.00780076534524e+02	5.51350040524684e+00	4.49382220771807e+02	5.51350040524684e+00	1
33	81	49	65	7.00960435781737e-02	1.00000000000000e+00	0.00000000000000e+00	0.00000000000000e+00	1.00586827863257e+02	5.57727483182367e+00	5.20597013884299e+02	5.57727483182367e+00	1
34	82	50	66	7.01018463773690e-02	1.00000000000000e+00	0.00000000000000e+00	0.00000000000000e+00	1.00592545834289e+02	5.68774670251077e+00	4.90935478429930e+02	5.68774670251077e+00	1
35	83	51	67	7.00874449759906e-02	1.00000000000000e+00	0.00000000000000e+00	0.00000000000000e+00	1.00533229706706e+02	5.82938540845138e+00	5.71788138009944e+02	5.82938540845138e+00	1
36	84	52	68	7.00964975957514e-02	1.00000000000000e+00	0.00000000000000e+00	0.00000000000000e+00	1.00646235185199e+02	6.07428802578685e+00	0.00000000000000e+00	6.07428802578685e+00	1
37	85	53	69	7.01074126512111e-02	1.00000000000000e+00	0.00000000000000e+00	0.00000000000000e+00	1.00788795781952e+02	6.29823566025839e+00	4.65494515182954e+02	6.29823566025839e+00	1
38	86	54	70	7.00927595528250e-02	1.00000000000000e+00	0.00000000000000e+00	0.00000000000000e+00	1.00941984662198e+02	6.53023719028156e+00	0.00000000000000e+00	6.53023719028156e+00	1
39	87	55	71	7.00885517197890e-02	1.00000000000000e+00	0.00000000000000e+00	0.00000000000000e+00	1.01141337403798e+02	6.74560872560748e+00	5.64641772278984e+02	6.74560872560748e+00	1
40	88	56	72	7.00902639856906e-02	1.00000000000000e+00	0.00000000000000e+00	0.00000000000000e+00	1.01350864717480e+02	6.92801306071278e+00	5.53930780005748e+02	6.92801306071278e+00	1
41	89	57	73	7.00779830036562e-02	1.00000000000000e+00	0.00000000000000e+00	0.00000000000000e+00	1.01513082586835e+02	7.15087319439135e+00	6.41165352137920e+02	7.15087319439135e+00	1
42	90	58	74	7.00858154930117e-02	1.00000000000000e+00	0.00000000000000e+00	0.00000000000000e+00	1.01568078452454e+02	7.35931567817053e+00	5.82645373757668e+02	7.35931567817053e+00	1
43	91	59	75	7.00736298352437e-02	1.00000000000000e+00	0.00000000000000e+00	0.00000000000000e+00	1.01572020045234e+02	7.54384886913351e+00	6.79072550339771e+02	7.54384886913351e+00	1
44	92	60	76	7.00668275483134e-02	1.00000000000000e+00	0.00000000000000e+00	0.00000000000000e+00	1.01680941071291e+02	7.68223682860735e+00	7.48194438699344e+02	7.68223682860735e+00	1
45	93	61	77	7.00824619978546e-02	1.00000000000000e+00	0.00000000000000e+00	0.00000000000000e+00	1.01806832600272e+02	7.80207384898806e+00	6.06339905663841e+02	7.80207384898806e+00	1
46	94	62	78	7.00640618397359e-02	1.00000000000000e+00	0.00000000000000e+00	0.00000000000000e+00	1.02059948228469e+02	7.90902498106054e+00	7.80495849106783e+02	7.90902498106054e+00	1
47	95	63	79	7.00805630332272e-02	1.00000000000000e+00	0.00000000000000e+00	0.00000000000000e+00	1.02350507450452e+02	7.96113916526926e+00	6.20632044215701e+02	7.96113916526926e+00	1
48	96	64	80	7.00679089852751e-02	1.00000000000000e+00	0.00000000000000e+00	0.00000000000000e+00	1.02451747468724e+02	8.20905023162475e+00	7.36279592420342e+02	8.20905023162475e+00	1
1	52	18	35	7.00733813424014e-02	1.00000000000000e+00	0.00000000000000e+00	0.00000000000000e+00	1.09759408916674e+02	6.76244623636746e+00	6.81372108546652e+02	6.76244623636746e+00	1
2	53	19	36	7.00692694141349e-02	1.00000000000000e+00	0.00000000000000e+00	0.00000000000000e+00	1.09700451047549e+02	6.72759001760153e+00	7.21819299678357e+02	6.72759001760153e+00	1
3	54	20	37	7.00786942781459e-02	1.00000000000000e+00	0.00000000000000e+00	0.00000000000000e+00	1.09575812202796e+02	6.73328140882755e+00	6.35370209601195e+02	6.73328140882755e+00	1
4	55	21	38	7.00812658430294e-02	1.00000000000000e+00	0.00000000000000e+00	0.00000000000000e+00	1.09603790747665e+02	6.80483156717623e+00	6.15264644235750e+02	6.80483156717623e+00	1
5	56	22	39	7.00650453317549e-02	1.00000000000000e+00	0.00000000000000e+00	0.00000000000000e+00	1.09717428934560e+02	6.88796219882972e+00	7.68694672638130e+02	6.88796219882972e+00	1
6	57	23	40	7.00765374395207e-02	1.00000000000000e+00	0.00000000000000e+00	0.00000000000000e+00	1.09796727247952e+02	6.91056298373911e+00	6.53275054837707e+02	6.91056298373911e+00	1
7	58	24	41	7.00883752811805e-02	1.00000000000000e+00	0.00000000000000e+00	0.00000000000000e+00	1.09986831567455e+02	6.94297094436955e+00	0.00000000000000e+00	6.94297094436955e+00	1
8	59	25	42	7.00755689876208e-02	1.00000000000000e+00	0.00000000000000e+00	0.00000000000000e+00	1.10222235077532e+02	7.00045734518407e+00	6.61647080028819e+02	7.00045734518407e+00	1
9	60	26	43	7.00693946347774e-02	1.00000000000000e+00	0.00000000000000e+00	0.00000000000000e+00	1.10519849559797e+02	7.01327820970137e+00	7.20516797305488e+02	7.01327820970137e+00	1
10	61	27	44	7.00777179725799e-02	1.00000000000000e+00	0.00000000000000e+00	0.00000000000000e+00	1.10815653324586e+02	7.02432225983399e+00	6.43351831503503e+02	7.02432225983399e+00	1
11	62	28	45	7.00670961022450e-02	1.00000000000000e+00	0.00000000000000e+00	0.00000000000000e+00	1.11358510519503e+02	6.99604718174949e+00	0.00000000000000e+00	6.99604718174949e+00	1
12	63	29	46	7.00598902787874e-02	1.00000000000000e+00	0.00000000000000e+00	0.00000000000000e+00	1.11901334178539e+02	6.90305743382986e+00	0.00000000000000e+00	6.90305743382986e+00	1
13	64	30	47	7.00721919515857e-02	1.00000000000000e+00	0.00000000000000e+00	0.00000000000000e+00	1.12361537548237e+02	6.79753501617089e+00	6.92597982209299e+02	6.79753501617089e+00	1
14	65	31	48	7.00700380284822e-02	1.00000000000000e+00	0.00000000000000e+00	0.00000000000000e+00	1.12649987894386e+02	6.68327890713672e+00	7.13897879245362e+02	6.68327890713672e+00	1
15	66	32	49	7.00928614680341e-02	1.00000000000000e+00	0.00000000000000e+00	0.00000000000000e+00	1.12961074843885e+02	6.55231870376686e+00	5.38436458721973e+02	6.55231870376686e+00	1
16	67	33	50	7.00912273382515e-02	1.00000000000000e+00	0.00000000000000e+00	0.00000000000000e+00	1.12978743431121e+02	6.43785529551945e+00	5.48081320340091e+02	6.43785529551945e+00	1
17	68	34	51	7.00955270756676e-02	1.00000000000000e+00	0.00000000000000e+00	0.00000000000000e+00	1.13223866030315e+02	6.29201724835429e+00	5.23411814405182e+02	6.29201724835429e+00	1
18	69	35	52	7.00774364403502e-02	1.00000000000000e+00	0.00000000000000e+00	0.00000000000000e+00	1.13115562560108e+02	6.13321758498849e+00	6.45690837206816e+02	6.13321758498849e+00	1
19	70	36	53	7.00820564406594e-02	1.00000000000000e+00	0.00000000000000e+00	0.00000000000000e+00	1.12947027824498e+02	6.01100828407978e+00	6.09336690675697e+02	6.01100828407978e+00	1
20	71	37	54	7.01042877539844e-02	1.00000000000000e+00	0.00000000000000e+00	0.00000000000000e+00	1.12823381351319e+02	5.89123336682095e+00	4.79442677492681e+02	5.89123336682095e+00	1
21	72	38	55	7.00902106403705e-02	1.00000000000000e+00	0.00000000000000e+00	0.00000000000000e+00	1.12739439068940e+02	5.71754599455406e+00	5.54258342415929e+02	5.71754599455406e+00	1
22	73	39	56	7.00857451199472e-02	1.00000000000000e+00	0.00000000000000e+00	0.00000000000000e+00	1.12202028933869e+02	5.53161677483032e+00	5.83123564708977e+02	5.53161677483032e+00	1
23	74	40	57	7.01049716547448e-02	1.00000000000000e+00	0.00000000000000e+00	0.00000000000000e+00	1.11558052948383e+02	5.43894006496540e+00	4.76319060812664e+02	5.43894006496540e+00	1
24	75	41	58	7.00908348072315e-02	1.00000000000000e+00	0.00000000000000e+00	0.00000000000000e+00	1.11016233289201e+02	5.35863981778802e+00	5.50449783776937e+02	5.35863981778802e+00	1
25	76	42	59	7.01087643352175e-02	1.00000000000000e+00	0.00000000000000e+00	0.00000000000000e+00	1.10492239591094e+02	5.25863734195089e+00	4.59709516911106e+02	5.25863734195089e+00	1
26	77	43	60	7.00932444528116e-02	1.00000000000000e+00	0.00000000000000e+00	0.00000000000000e+00	1.09821981989012e+02	5.20388894984828e+00	5.36224928050592e+02	5.20388894984828e+00	1
27	78	44	61	7.01076283155507e-02	1.00000000000000e+00	0.00000000000000e+00	0.00000000000000e+00	1.09214418678928e+02	5.17245491700499e+00	4.64561762805386e+02	5.17245491700499e+00	1
28	79	45	62	7.00980530996464e-02	1.00000000000000e+00	0.00000000000000e+00	0.00000000000000e+00	1.08543381188356e+02	5.18869257387646e+00	5.09927785866347e+02	5.18869257387646e+00	1
29	80	46	63	7.00921906668558e-02	1.00000000000000e+00	0.00000000000000e+00	0.00000000000000e+00	1.07995402569496e+02	5.23110786305782e+00	0.00000000000000e+00	5.23110786305782e+00	1
30	81	47	64	7.01124771536730e-02	1.00000000000000e+00	0.00000000000000e+00	0.00000000000000e+00	1.07513022309459e+02	5.28919023077795e+00	4.44534719871622e+02	5.28919023077795e+00	1
31	82	48	65	7.01055730819076e-02	1.00000000000000e+00	0.00000000000000e+00	0.00000000000000e+00	1.07263436960433e+02	5.36361185294255e+00	4.73605573471588e+02	5.36361185294255e+00	1
32	83	49	66	7.01112906995664e-02	1.00000000000000e+00	0.00000000000000e+00	0.00000000000000e+00	1.07129771966721e+02	5.49279281919889e+00	4.49273840444996e+02	5.49279281919889e+00	1
33	84	50	67	7.00838781964145e-02	1.00000000000000e+00	0.00000000000000e+00	0.00000000000000e+00	1.07196365230237e+02	5.61890993895934e+00	5.96102469262610e+02	5.61890993895934e+00	1
34	85	51	68	7.01051510663225e-02	1.00000000000000e+00	0.00000000000000e+00	0.00000000000000e+00	1.07236626297366e+02	5.82215618758781e+00	0.00000000000000e+00	5.82215618758781e+00	1
35	86	52	69	7.01023699310043e-02	1.00000000000000e+00	0.00000000000000e+00	0.00000000000000e+00	1.07422398061000e+02	6.05671034794491e+00	4.88424672259294e+02	6.05671034794491e+00	1
36	87	53	70	7.00989056800582e-02	1.00000000000000e+00	0.00000000000000e+00	0.00000000000000e+00	1.07505078236911e+02	6.24518789480402e+00	5.05532139009529e+02	6.24518789480402e+00	1
37	88	54	71	7.00968227997223e-02	1.00000000000000e+00	0.00000000000000e+00	0.00000000000000e+00	1.07628153034108e+02	6.41896789318741e+00	0.00000000000000e+00	6.41896789318741e+00	1
38	89	55	72	7.00892553985564e-02	1.00000000000000e+00	0.00000000000000e+00	0.00000000000000e+00	1.07749280221142e+02	6.63907659708234e+00	5.60190204835712e+02	6.63907659708234e+00	1
39	90	56	73	7.00717624487973e-02	1.00000000000000e+00	0.00000000000000e+00	0.00000000000000e+00	1.07824985373308e+02	6.90522272676703e+00	6.96743224875557e+02	6.90522272676703e+00	1
40	91	57	74	7.00735102391386e-02	1.00000000000000e+00	0.00000000000000e+00	0.00000000000000e+00	1.07777710963044e+02	7.09403833849424e+00	6.80177354691160e+02	7.09403833849424e+00	1
41	92	58	75	7.00700001539165e-02	1.00000000000000e+00	0.00000000000000e+00	0.00000000000000e+00	1.07708450192579e+02	7.25665370901428e+00	7.14284143713042e+02	7.25665370901428e+00	1
42	93	59	76	7.00747776500156e-02	1.00000000000000e+00	0.00000000000000e+00	0.00000000000000e+00	1.07658275513215e+02	7.43206585502247e+00	0.00000000000000e+00	7.43206585502247e+00	1
43	94	60	77	7.00771921671776e-02	1.00000000000000e+00	0.00000000000000e+00	0.00000000000000e+00	1.07789988774036e+02	7.59701676072009e+00	6.47734113811904e+02	7.59701676072009e+00	1
44	95	61	78	7.00773790913603e-02	1.00000000000000e+00	0.00000000000000e+00	0.00000000000000e+00	1.07938805811970e+02	7.76073729365733e+00	0.00000000000000e+00	7.76073729365733e+00	1
45	96	62	79	7.00853664524419e-02	1.00000000000000e+00	0.00000000000000e+00	0.00000000000000e+00	1.08221829478045e+02	7.91667770453839e+00	5.85710177356121e+02	7.91667770453839e+00	1
1	55	19	37	7.00782236197100e-02	1.00000000000000e+00	0.00000000000000e+00	0.00000000000000e+00	1.16111837444215e+02	6.71410599948529e+00	6.39193125878789e+02	6.71410599948529e+00	1
2	56	20	38	7.00921779725541e-02	1.00000000000000e+00	0.00000000000000e+00	0.00000000000000e+00	1.16015867595278e+02	6.75832746509315e+00	5.42428940608920e+02	6.75832746509315e+00	1
3	57	21	39	7.00698505214229e-02	1.00000000000000e+00	0.00000000000000e+00	0.00000000000000e+00	1.16148593466360e+02	6.83709846143362e+00	7.15814269979829e+02	6.83709846143362e+00	1
4	58	22	40	7.00993910735605e-02	1.00000000000000e+00	0.00000000000000e+00	0.00000000000000e+00	1.16436947353018e+02	6.82228020342353e+00	5.03063285351718e+02	6.82228020342353e+00	1
5	59	23	41	7.00815424504708e-02	1.00000000000000e+00	0.00000000000000e+00	0.00000000000000e+00	1.16493893124928e+02	6.84139371659076e+00	6.13177549991517e+02	6.84139371659076e+00	1
6	60	24	42	7.00715064827876e-02	1.00000000000000e+00	0.00000000000000e+00	0.00000000000000e+00	1.16696774704815e+02	6.88434859950355e+00	0.00000000000000e+00	6.88434859950355e+00	1
7	61	25	43	7.00779226525627e-02	1.00000000000000e+00	0.00000000000000e+00	0.00000000000000e+00	1.17053193231527e+02	6.87409810605181e+00	0.00000000000000e+00	6.87409810605181e+00	1
8	62	26	44	7.00869590812507e-02	1.00000000000000e+00	0.00000000000000e+00	0.00000000000000e+00	1.17438014857439e+02	6.85720205656764e+00	5.74983075728173e+02	6.85720205656764e+00	1
9	63	27	45	7.00598787812476e-02	1.00000000000000e+00	0.00000000000000e+00	0.00000000000000e+00	1.17798068862109e+02	6.80110687960330e+00	8.35020335388495e+02	6.80110687960330e+00	1
10	64	28	46	7.00910448591963e-02	1.00000000000000e+00	0.00000000000000e+00	0.00000000000000e+00	1.18284830758291e+02	6.75084051578700e+00	5.49179826750856e+02	6.75084051578700e+00	1
11	65	29	47	7.00743147733263e-02	1.00000000000000e+00	0.00000000000000e+00	0.00000000000000e+00	1.18827660266411e+02	6.65927081267831e+00	6.72813732209783e+02	6.65927081267831e+00	1
12	66	30	48	7.00750444309451e-02	1.00000000000000e+00	0.00000000000000e+00	0.00000000000000e+00	1.19335932183210e+02	6.53026576431280e+00	6.66271958762017e+02	6.53026576431280e+00	1
13	67	31	49	7.00637677155441e-02	1.00000000000000e+00	0.00000000000000e+00	0.00000000000000e+00	1.19647450081412e+02	6.39357556053276e+00	7.84095832403361e+02	6.39357556053276e+00	1
14	68	32	50	7.00705960372283e-02	1.00000000000000e+00	0.00000000000000e+00	0.00000000000000e+00	1.19704354660279e+02	6.25332264682266e+00	7.08255051743372e+02	6.25332264682266e+00	1
15	69	33	51	7.00892725548355e-02	1.00000000000000e+00	0.00000000000000e+00	0.00000000000000e+00	1.19842050185385e+02	6.10683173030754e+00	0.00000000000000e+00	6.10683173030754e+00	1
16	70	34	52	7.00812348636557e-02	1.00000000000000e+00	0.00000000000000e+00	0.00000000000000e+00	1.19511415473306e+02	5.98303987953750e+00	6.15499278880314e+02	5.98303987953750e+00	1
17	71	35	53	7.00906144472208e-02	1.00000000000000e+00	0.00000000000000e+00	0.00000000000000e+00	1.19331457789460e+02	5.88695145401817e+00	5.51788390632340e+02	5.88695145401817e+00	1
18	72	36	54	7.00746751767965e-02	1.00000000000000e+00	0.00000000000000e+00	0.00000000000000e+00	1.19147757112136e+02	5.78230788311014e+00	6.69566543327932e+02	5.78230788311014e+00	1
19	73	37	55	7.00980167610432e-02	1.00000000000000e+00	0.00000000000000e+00	0.00000000000000e+00	1.18987324765563e+02	5.67696275966720e+00	5.10116835813098e+02	5.67696275966720e+00	1
20	74	38	56	7.00856928134564e-02	1.00000000000000e+00	0.00000000000000e+00	0.00000000000000e+00	1.18933687737856e+02	5.53236295281757e+00	5.83479500593574e+02	5.53236295281757e+00	1
21	75	39	57	7.00946584997543e-02	1.00000000000000e+00	0.00000000000000e+00	0.00000000000000e+00	1.18371517190660e+02	5.37900216859472e+00	5.28214583262950e+02	5.37900216859472e+00	1
22	76	40	58	7.01082731827877e-02	1.00000000000000e+00	0.00000000000000e+00	0.00000000000000e+00	1.17813735144485e+02	5.32096276943700e+00	4.61794866583531e+02	5.32096276943700e+00	1
23	77	41	59	7.01084441663557e-02	1.00000000000000e+00	0.00000000000000e+00	0.00000000000000e+00	1.17414998765736e+02	5.23268293199896e+00	4.61066756103992e+02	5.23268293199896e+00	1
24	78	42	60	7.01102001055827e-02	1.00000000000000e+00	0.00000000000000e+00	0.00000000000000e+00	1.16818465437143e+02	5.14802791812399e+00	4.53720073457410e+02	5.14802791812399e+00	1
25	79	43	61	7.01307699711899e-02	1.00000000000000e+00	0.00000000000000e+00	0.00000000000000e+00	1.16182624538009e+02	5.12200088394991e+00	3.82350776290853e+02	5.12200088394991e+00	1
26	80	44	62	7.00946205756407e-02	1.00000000000000e+00	0.00000000000000e+00	0.00000000000000e+00	1.15564194047780e+02	5.08429020741479e+00	5.28426292710830e+02	5.08429020741479e+00	1
27	81	45	63	7.01219162327629e-02	1.00000000000000e+00	0.00000000000000e+00	0.00000000000000e+00	1.15021527950016e+02	5.11357553023595e+00	4.10117659206507e+02	5.11357553023595e+00	1
28	82	46	64	7.01311949871711e-02	1.00000000000000e+00	0.00000000000000e+00	0.00000000000000e+00	1.14518634300631e+02	5.14349333761229e+00	3.81112122331303e+02	5.14349333761229e+00	1
29	83	47	65	7.01082617586004e-02	1.00000000000000e+00	0.00000000000000e+00	0.00000000000000e+00	1.14084922434889e+02	5.20121007919601e+00	4.61843596911703e+02	5.20121007919601e+00	1
30	84	48	66	7.00934533993434e-02	1.00000000000000e+00	0.00000000000000e+00	0.00000000000000e+00	1.13859006257076e+02	5.31964992814156e+00	5.35026016723575e+02	5.31964992814156e+00	1
31	85	49	67	7.00911150910495e-02	1.00000000000000e+00	0.00000000000000e+00	0.00000000000000e+00	1.13836089420724e+02	5.44802643786210e+00	5.48756516885526e+02	5.44802643786210e+00	1
32	86	50	68	7.00863448957476e-02	1.00000000000000e+00	0.00000000000000e+00	0.00000000000000e+00	1.14045255779841e+02	5.65013295220607e+00	5.79073025302987e+02	5.65013295220607e+00	1
33	87	51	69	7.00954845880192e-02	1.00000000000000e+00	0.00000000000000e+00	0.00000000000000e+00	1.14026590467803e+02	5.87116659299902e+00	5.23644716254559e+02	5.87116659299902e+00	1
34	88	52	70	7.00968248482889e-02	1.00000000000000e+00	0.00000000000000e+00	0.00000000000000e+00	1.14114734519171e+02	6.05815537883062e+00	5.16396368118576e+02	6.05815537883062e+00	1
35	89	53	71	7.01029161378468e-02	1.00000000000000e+00	0.00000000000000e+00	0.00000000000000e+00	1.14182557501161e+02	6.22023242884170e+00	4.85832455881934e+02	6.22023242884170e+00	1
36	90	54	72	7.01069087307822e-02	1.00000000000000e+00	0.00000000000000e+00	0.00000000000000e+00	1.14239917790665e+02	6.42382761907737e+00	4.67688650255074e+02	6.42382761907737e+00	1
37	91	55	73	7.00920780692686e-02	1.00000000000000e+00	0.00000000000000e+00	0.00000000000000e+00	1.14156281457015e+02	6.64278890323383e+00	5.43017467646241e+02	6.64278890323383e+00	1
38	92	56	74	7.00666945235558e-02	1.00000000000000e+00	0.00000000000000e+00	0.00000000000000e+00	1.13967279256965e+02	6.84636402385559e+00	7.49686740893765e+02	6.84636402385559e+00	1
39	93	57	75	7.00884059692326e-02	1.00000000000000e+00	0.00000000000000e+00	0.00000000000000e+00	1.13866992306781e+02	7.04113592269983e+00	5.65572669289696e+02	7.04113592269983e+00	1
40	94	58	76	7.00925757182269e-02	1.00000000000000e+00	0.00000000000000e+00	0.00000000000000e+00	1.13868148588516e+02	7.17586168363635e+00	5.40098429238864e+02	7.17586168363635e+00	1
41	95	59	77	7.00796261612543e-02	1.00000000000000e+00	0.00000000000000e+00	0.00000000000000e+00	1.13888401663575e+02	7.37858729329068e+00	6.27934327266346e+02	7.37858729329068e+00	1
42	96	60	78	7.00956864876133e-02	1.00000000000000e+00	0.00000000000000e+00	0.00000000000000e+00	1.13965507145872e+02	7.60182561072432e+00	5.22539819855112e+02	7.60182561072432e+00	1
1	58	20	39	7.00784311142339e-02	1.00000000000000e+00	0.00000000000000e+00	0.00000000000000e+00	1.22614152880894e+02	6.81939274383583e+00	6.37502099624778e+02	6.81939274383583e+00	1
2	59	21	40	7.00785220785568e-02	1.00000000000000e+00	0.00000000000000e+00	0.00000000000000e+00	1.22879088204417e+02	6.80209693581185e+00	6.36763581899580e+02	6.80209693581185e+00	1
3	60	22	41	7.00673455249498e-02	1.00000000000000e+00	0.00000000000000e+00	0.00000000000000e+00	1.23050258310652e+02	6.79131839123426e+00	7.42439828589277e+02	6.79131839123426e+00	1
4	61	23	42	7.00690770370732e-02	1.00000000000000e+00	0.00000000000000e+00	0.00000000000000e+00	1.23308732822181e+02	6.79883863745826e+00	7.23829540445449e+02	6.79883863745826e+00	1
5	62	24	43	7.00604947890822e-02	1.00000000000000e+00	0.00000000000000e+00	0.00000000000000e+00	1.23669584111954e+02	6.76817432051785e+00	8.26517469663216e+02	6.76817432051785e+00	1
6	63	25	44	7.00674337890522e-02	1.00000000000000e+00	0.00000000000000e+00	0.00000000000000e+00	1.23984026532637e+02	6.72068849929177e+00	7.41468048923199e+02	6.72068849929177e+00	1
7	64	26	45	7.00781144301521e-02	1.00000000000000e+00	0.00000000000000e+00	0.00000000000000e+00	1.24315466040341e+02	6.66696949866908e+00	6.40086599910691e+02	6.66696949866908e+00	1
8	65	27	46	7.00792470598625e-02	1.00000000000000e+00	0.00000000000000e+00	0.00000000000000e+00	1.24706000955802e+02	6.62809290251946e+00	6.30938234008243e+02	6.62809290251946e+00	1
9	66	28	47	7.00660443989711e-02	1.00000000000000e+00	0.00000000000000e+00	0.00000000000000e+00	1.25341072524677e+02	6.53130242946250e+00	7.57066470116048e+02	6.53130242946250e+00	1
10	67	29	48	7.00643493323755e-02	1.00000000000000e+00	0.00000000000000e+00	0.00000000000000e+00	1.25808218428751e+02	6.40200553228000e+00	7.77008838385712e+02	6.40200553228000e+00	1
11	68	30	49	7.00624456549753e-02	1.00000000000000e+00	0.00000000000000e+00	0.00000000000000e+00	1.26188093113778e+02	6.25123633027247e+00	8.00696221695520e+02	6.25123633027247e+00	1
12	69	31	50	7.00796749461726e-02	1.00000000000000e+00	0.00000000000000e+00	0.00000000000000e+00	1.26158015797347e+02	6.11149507356875e+00	6.27549843481382e+02	6.11149507356875e+00	1
13	70	32	51	7.00883763619901e-02	1.00000000000000e+00	0.00000000000000e+00	0.00000000000000e+00	1.26213588146029e+02	5.99908548563809e+00	5.65762143565186e+02	5.99908548563809e+00	1
14	71	33	52	7.00670601482441e-02	1.00000000000000e+00	0.00000000000000e+00	0.00000000000000e+00	1.26057320165116e+02	5.88857368545120e+00	7.45599306133719e+02	5.88857368545120e+00	1
15	72	34	53	7.00863807157585e-02	1.00000000000000e+00	0.00000000000000e+00	0.00000000000000e+00	1.25921146816307e+02	5.78717943386116e+00	5.78832897608866e+02	5.78717943386116e+00	1
16	73	35	54	7.00978607252634e-02	1.00000000000000e+00	0.00000000000000e+00	0.00000000000000e+00	1.25636021011859e+02	5.67857817735059e+00	5.10930200705217e+02	5.67857817735059e+00	1
17	74	36	55	7.00841632993337e-02	1.00000000000000e+00	0.00000000000000e+00	0.00000000000000e+00	1.25277185960697e+02	5.60518854311704e+00	5.94083173970810e+02	5.60518854311704e+00	1
18	75	37	56	7.01006028413309e-02	1.00000000000000e+00	0.00000000000000e+00	0.00000000000000e+00	1.25145771004693e+02	5.53880865042168e+00	4.97003855343603e+02	5.53880865042168e+00	1
19	76	38	57	7.01018300239171e-02	1.00000000000000e+00	0.00000000000000e+00	0.00000000000000e+00	1.25182007734299e+02	5.42040494811547e+00	4.91014320498331e+02	5.42040494811547e+00	1
20	77	39	58	7.00930984727158e-02	1.00000000000000e+00	0.00000000000000e+00	0.00000000000000e+00	1.24783639368880e+02	5.28294636693421e+00	5.37065738474917e+02	5.28294636693421e+00	1
21	78	40	59	7.01039757994133e-02	1.00000000000000e+00	0.00000000000000e+00	0.00000000000000e+00	1.24240390803655e+02	5.20441429404102e+00	4.80881130822168e+02	5.20441429404102e+00	1
22	79	41	60	7.00847394236939e-02	1.00000000000000e+00	0.00000000000000e+00	0.00000000000000e+00	1.23746165729334e+02	5.14274157077378e+00	5.90044135544720e+02	5.14274157077378e+00	1
23	80	42	61	7.01063265967509e-02	1.00000000000000e+00	0.00000000000000e+00	0.00000000000000e+00	1.23253670345928e+02	5.05779671655355e+00	4.70249227642935e+02	5.05779671655355e+00	1
24	81	43	62	7.01062859357722e-02	1.00000000000000e+00	0.00000000000000e+00	0.00000000000000e+00	1.22542971587587e+02	5.02614532078210e+00	4.70429127209765e+02	5.02614532078210e+00	1
25	82	44	63	7.00949892425881e-02	1.00000000000000e+00	0.00000000000000e+00	0.00000000000000e+00	1.21995641009071e+02	5.04975356808304e+00	5.26375394072727e+02	5.04975356808304e+00	1
26	83	45	64	7.00958443245291e-02	1.00000000000000e+00	0.00000000000000e+00	0.00000000000000e+00	1.21544473649711e+02	5.07774797026198e+00	5.21679298650998e+02	5.07774797026198e+00	1
27	84	46	65	7.00909338439139e-02	1.00000000000000e+00	0.00000000000000e+00	0.00000000000000e+00	1.21146980855982e+02	5.09423913862282e+00	5.49850285085921e+02	5.09423913862282e+00	1
28	85	47	66	7.01018549613238e-02	1.00000000000000e+00	0.00000000000000e+00	0.00000000000000e+00	1.20781944475056e+02	5.17953849879519e+00	4.90894104226007e+02	5.17953849879519e+00	1
29	86	48	67	7.00749909154070e-02	1.00000000000000e+00	0.00000000000000e+00	0.00000000000000e+00	1.20713673883561e+02	5.31370489458362e+00	6.66747428387110e+02	5.31370489458362e+00	1
30	87	49	68	7.00979930602419e-02	1.00000000000000e+00	0.00000000000000e+00	0.00000000000000e+00	1.20713743027885e+02	5.53089644795786e+00	5.10240213710607e+02	5.53089644795786e+00	1
31	88	50	69	7.00910578659783e-02	1.00000000000000e+00	0.00000000000000e+00	0.00000000000000e+00	1.20844444673458e+02	5.73737356795377e+00	5.49101381444007e+02	5.73737356795377e+00	1
32	89	51	70	7.00831639065827e-02	1.00000000000000e+00	0.00000000000000e+00	0.00000000000000e+00	1.20734581171497e+02	5.90830968820158e+00	6.01222357806216e+02	5.90830968820158e+00	1
33	90	52	71	7.00745367456219e-02	1.00000000000000e+00	0.00000000000000e+00	0.00000000000000e+00	1.20744222409466e+02	6.08572987469358e+00	6.70810076061372e+02	6.08572987469358e+00	1
34	91	53	72	7.01199259444305e-02	1.00000000000000e+00	0.00000000000000e+00	0.00000000000000e+00	1.20642183275285e+02	6.27321837037049e+00	4.16923962845812e+02	6.27321837037049e+00	1
35	92	54	73	7.00734083973041e-02	1.00000000000000e+00	0.00000000000000e+00	0.00000000000000e+00	1.20506136552938e+02	6.48599599732466e+00	6.81120986648310e+02	6.48599599732466e+00	1
36	93	55	74	7.00950759861591e-02	1.00000000000000e+00	0.00000000000000e+00	0.00000000000000e+00	1.20331372225429e+02	6.65347660849247e+00	5.25895149973286e+02	6.65347660849247e+00	1
37	94	56	75	7.00831738821952e-02	1.00000000000000e+00	0.00000000000000e+00	0.00000000000000e+00	1.20196616247398e+02	6.80000740509511e+00	6.01150249096709e+02	6.80000740509511e+00	1
38	95	57	76	7.00776190837943e-02	1.00000000000000e+00	0.00000000000000e+00	0.00000000000000e+00	1.20109638859371e+02	6.97684964872896e+00	6.44171478917672e+02	6.97684964872896e+00	1
39	96	58	77	7.00959394799694e-02	1.00000000000000e+00	0.00000000000000e+00	0.00000000000000e+00	1.20107748601964e+02	7.20004809898312e+00	5.21161882636599e+02	7.20004809898312e+00	1
1	61	21	41	7.00854562170840e-02	1.00000000000000e+00	0.00000000000000e+00	0.00000000000000e+00	1.29581281109490e+02	6.78318467307294e+00	0.00000000000000e+00	6.78318467307294e+00	1
2	62	22	42	7.01059377252422e-02	1.00000000000000e+00	0.00000000000000e+00	0.00000000000000e+00	1.29915906149347e+02	6.75455184292627e+00	0.00000000000000e+00	6.75455184292627e+00	1
3	63	23	43	7.00601437356073e-02	1.00000000000000e+00	0.00000000000000e+00	0.00000000000000e+00	1.30153174105790e+02	6.69720513653128e+00	0.00000000000000e+00	6.69720513653128e+00	1
4	64	24	44	7.00622134769982e-02	1.00000000000000e+00	0.00000000000000e+00	0.00000000000000e+00	1.30584520687019e+02	6.65042241386349e+00	0.00000000000000e+00	6.65042241386349e+00	1
5	65	25	45	7.00791935383786e-02	1.00000000000000e+00	0.00000000000000e+00	0.00000000000000e+00	1.30953016348639e+02	6.58901543696911e+00	0.00000000000000e+00	6.58901543696911e+00	1
6	66	26	46	7.00621574078168e-02	1.00000000000000e+00	0.00000000000000e+00	0.00000000000000e+00	1.31316217071751e+02	6.51585452226142e+00	0.00000000000000e+00	6.51585452226142e+00	1
7	67	27	47	7.00727856818370e-02	1.00000000000000e+00	0.00000000000000e+00	0.00000000000000e+00	1.31803331857558e+02	6.42019090001722e+00	0.00000000000000e+00	6.42019090001722e+00	1
8	68	28	48	7.00741515344097e-02	1.00000000000000e+00	0.00000000000000e+00	0.00000000000000e+00	1.32265340098697e+02	6.28136587557872e+00	0.00000000000000e+00	6.28136587557872e+00	1
9	69	29	49	7.00649040407669e-02	1.00000000000000e+00	0.00000000000000e+00	0.00000000000000e+00	1.32469793440693e+02	6.13299970670379e+00	0.00000000000000e+00	6.13299970670379e+00	1
10	70	30	50	7.00967406253743e-02	1.00000000000000e+00	0.00000000000000e+00	0.00000000000000e+00	1.32374643901978e+02	6.03261173399537e+00	0.00000000000000e+00	6.03261173399537e+00	1
11	71	31	51	7.00768823575708e-02	1.00000000000000e+00	0.00000000000000e+00	0.00000000000000e+00	1.32527013735454e+02	5.93410866215784e+00	0.00000000000000e+00	5.93410866215784e+00	1
12	72	32	52	7.00844362874606e-02	1.00000000000000e+00	0.00000000000000e+00	0.00000000000000e+00	1.32531328701349e+02	5.82515076124602e+00	0.00000000000000e+00	5.82515076124602e+00	1
13	73	33	53	7.00963039730905e-02	1.00000000000000e+00	0.00000000000000e+00	0.00000000000000e+00	1.32393353912396e+02	5.71850399772667e+00	0.00000000000000e+00	5.71850399772667e+00	1
14	74	34	54	7.00832786727797e-02	1.00000000000000e+00	0.00000000000000e+00	0.00000000000000e+00	1.32130167833192e+02	5.62891193498187e+00	0.00000000000000e+00	5.62891193498187e+00	1
15	75	35	55	7.00931460259994e-02	1.00000000000000e+00	0.00000000000000e+00	0.00000000000000e+00	1.31893935034109e+02	5.55557649743543e+00	0.00000000000000e+00	5.55557649743543e+00	1
16	76	36	56	7.01150573987507e-02	1.00000000000000e+00	0.00000000000000e+00	0.00000000000000e+00	1.31652136561551e+02	5.50013293965206e+00	0.00000000000000e+00	5.50013293965206e+00	1
17	77	37	57	7.00831864259864e-02	1.00000000000000e+00	0.00000000000000e+00	0.00000000000000e+00	1.31507308740963e+02	5.43929845774218e+00	0.00000000000000e+00	5.43929845774218e+00	1
18	78	38	58	7.00779179313838e-02	1.00000000000000e+00	0.00000000000000e+00	0.00000000000000e+00	1.31551812947653e+02	5.32972652036051e+00	0.00000000000000e+00	5.32972652036051e+00	1
19	79	39	59	7.00959922233554e-02	1.00000000000000e+00	0.00000000000000e+00	0.00000000000000e+00	1.31225795992546e+02	5.19095316104312e+00	0.00000000000000e+00	5.19095316104312e+00	1
20	80	40	60	7.00910607848004e-02	1.00000000000000e+00	0.00000000000000e+00	0.00000000000000e+00	1.30668442031677e+02	5.10751903281967e+00	0.00000000000000e+00	5.10751903281967e+00	1
21	81	41	61	7.00968384846320e-02	1.00000000000000e+00	0.00000000000000e+00	0.00000000000000e+00	1.30119837047108e+02	5.04748667930454e+00	0.00000000000000e+00	5.04748667930454e+00	1
22	82	42	62	7.00936531663616e-02	1.00000000000000e+00	0.00000000000000e+00	0.00000000000000e+00	1.29574320205275e+02	5.00475354698346e+00	0.00000000000000e+00	5.00475354698346e+00	1
23	83	43	63	7.01387041858398e-02	1.00000000000000e+00	0.00000000000000e+00	0.00000000000000e+00	1.29071305073296e+02	5.02639651906697e+00	0.00000000000000e+00	5.02639651906697e+00	1
24	84	44	64	7.01069767385708e-02	1.00000000000000e+00	0.00000000000000e+00	0.00000000000000e+00	1.28594143461035e+02	5.03232005594332e+00	0.00000000000000e+00	5.03232005594332e+00	1
25	85	45	65	7.01020664237300e-02	1.00000000000000e+00	0.00000000000000e+00	0.00000000000000e+00	1.28177304023338e+02	5.03960501893296e+00	0.00000000000000e+00	5.03960501893296e+00	1
26	86	46	66	7.01121022726545e-02	1.00000000000000e+00	0.00000000000000e+00	0.00000000000000e+00	1.27901431717414e+02	5.10849960102050e+00	0.00000000000000e+00	5.10849960102050e+00	1
27	87	47	67	7.01148703841712e-02	1.00000000000000e+00	0.00000000000000e+00	0.00000000000000e+00	1.27679903026814e+02	5.22517940344722e+00	0.00000000000000e+00	5.22517940344722e+00	1
28	88	48	68	7.00799552224415e-02	1.00000000000000e+00	0.00000000000000e+00	0.00000000000000e+00	1.27609359684101e+02	5.42924847402658e+00	0.00000000000000e+00	5.42924847402658e+00	1
29	89	49	69	7.00854949181525e-02	1.00000000000000e+00	0.00000000000000e+00	0.00000000000000e+00	1.27543507400462e+02	5.64439603303264e+00	0.00000000000000e+00	5.64439603303264e+00	1
30	90	50	70	7.01299720609190e-02	1.00000000000000e+00	0.00000000000000e+00	0.00000000000000e+00	1.27514252047034e+02	5.81624179620553e+00	0.00000000000000e+00	5.81624179620553e+00	1
31	91	51	71	7.00920792144768e-02	1.00000000000000e+00	0.00000000000000e+00	0.00000000000000e+00	1.27240828417000e+02	5.97511823477907e+00	0.00000000000000e+00	5.97511823477907e+00	1
32	92	52	72	7.00925798868591e-02	1.00000000000000e+00	0.00000000000000e+00	0.00000000000000e+00	1.27096649445399e+02	6.15727959513150e+00	0.00000000000000e+00	6.15727959513150e+00	1
33	93	53	73	7.00893716916863e-02	1.00000000000000e+00	0.00000000000000e+00	0.00000000000000e+00	1.26869913544729e+02	6.35434928468208e+00	0.00000000000000e+00	6.35434928468208e+00	1
34	94	54	74	7.00905813776834e-02	1.00000000000000e+00	0.00000000000000e+00	0.00000000000000e+00	1.26721737740320e+02	6.52260251334117e+00	0.00000000000000e+00	6.52260251334117e+00	1
35	95	55	75	7.00895987893045e-02	1.00000000000000e+00	0.00000000000000e+00	0.00000000000000e+00	1.26628851321297e+02	6.67831008520372e+00	0.00000000000000e+00	6.67831008520372e+00	1
36	96	56	76	7.00799463714268e-02	1.00000000000000e+00	0.00000000000000e+00	0.00000000000000e+00	1.26536052681375e+02	6.82950026370883e+00	0.00000000000000e+00	6.82950026370883e+00	1
1	64	22	43	7.00791983123813e-02	1.00000000000000e+00	0.00000000000000e+00	0.00000000000000e+00	1.36738748043998e+02	6.68198218066837e+00	0.00000000000000e+00	6.68198218066837e+00	1
2	65	23	44	7.00691251176167e-02	1.00000000000000e+00	0.00000000000000e+00	0.00000000000000e+00	1.37074001717077e+02	6.62930317819323e+00	0.00000000000000e+00	6.62930317819323e+00	1
3	66	24	45	7.00713330482479e-02	1.00000000000000e+00	0.00000000000000e+00	0.00000000000000e+00	1.37493982064903e+02	6.54820575246845e+00	0.00000000000000e+00	6.54820575246845e+00	1
4	67	25	46	7.00766324581047e-02	1.00000000000000e+00	0.00000000000000e+00	0.00000000000000e+00	1.38073647619796e+02	6.45400825491783e+00	0.00000000000000e+00	6.45400825491783e+00	1
5	68	26	47	7.00740103228091e-02	1.00000000000000e+00	0.00000000000000e+00	0.00000000000000e+00	1.38475404388621e+02	6.31071197064487e+00	0.00000000000000e+00	6.31071197064487e+00	1
6	69	27	48	7.00742536676616e-02	1.00000000000000e+00	0.00000000000000e+00	0.00000000000000e+00	1.38521591151764e+02	6.18197123272430e+00	0.00000000000000e+00	6.18197123272430e+00	1
7	70	28	49	7.00831158361509e-02	1.00000000000000e+00	0.00000000000000e+00	0.00000000000000e+00	1.38645502837656e+02	6.07513149501878e+00	0.00000000000000e+00	6.07513149501878e+00	1
8	71	29	50	7.00720223740105e-02	1.00000000000000e+00	0.00000000000000e+00	0.00000000000000e+00	1.38613740525820e+02	5.98243797112735e+00	0.00000000000000e+00	5.98243797112735e+00	1
9	72	30	51	7.00835168528215e-02	1.00000000000000e+00	0.00000000000000e+00	0.00000000000000e+00	1.38865255467380e+02	5.88898855167514e+00	0.00000000000000e+00	5.88898855167514e+00	1
10	73	31	52	7.00722291222299e-02	1.00000000000000e+00	0.00000000000000e+00	0.00000000000000e+00	1.38783725323176e+02	5.77954043040920e+00	0.00000000000000e+00	5.77954043040920e+00	1
11	74	32	53	7.01147758853825e-02	1.00000000000000e+00	0.00000000000000e+00	0.00000000000000e+00	1.38708177647174e+02	5.69626678753729e+00	0.00000000000000e+00	5.69626678753729e+00	1
12	75	33	54	7.00947572381326e-02	1.00000000000000e+00	0.00000000000000e+00	0.00000000000000e+00	1.38637970173642e+02	5.60879197701840e+00	0.00000000000000e+00	5.60879197701840e+00	1
13	76	34	55	7.00787201879982e-02	1.00000000000000e+00	0.00000000000000e+00	0.00000000000000e+00	1.38432848594868e+02	5.54378577944948e+00	0.00000000000000e+00	5.54378577944948e+00	1
14	77	35	56	7.00885601029779e-02	1.00000000000000e+00	0.00000000000000e+00	0.00000000000000e+00	1.38322623136245e+02	5.47958087180460e+00	0.00000000000000e+00	5.47958087180460e+00	1
15	78	36	57	7.01137713553778e-02	1.00000000000000e+00	0.00000000000000e+00	0.00000000000000e+00	1.38139678574632e+02	5.41685939943892e+00	0.00000000000000e+00	5.41685939943892e+00	1
16	79	37	58	7.00759503297487e-02	1.00000000000000e+00	0.00000000000000e+00	0.00000000000000e+00	1.38032235679534e+02	5.35883210681767e+00	0.00000000000000e+00	5.35883210681767e+00	1
17	80	38	59	7.01211949765268e-02	1.00000000000000e+00	0.00000000000000e+00	0.00000000000000e+00	1.38042458235567e+02	5.22412626204811e+00	0.00000000000000e+00	5.22412626204811e+00	1
18	81	39	60	7.01484182840581e-02	1.00000000000000e+00	0.00000000000000e+00	0.00000000000000e+00	1.37503413042516e+02	5.09400324110322e+00	0.00000000000000e+00	5.09400324110322e+00	1
19	82	40	61	7.00996282968521e-02	1.00000000000000e+00	0.00000000000000e+00	0.00000000000000e+00	1.36989779259463e+02	5.05372195796353e+00	0.00000000000000e+00	5.05372195796353e+00	1
20	83	41	62	7.01000031386563e-02	1.00000000000000e+00	0.00000000000000e+00	0.00000000000000e+00	1.36565108445432e+02	5.02572814890544e+00	0.00000000000000e+00	5.02572814890544e+00	1
21	84	42	63	7.00892035340852e-02	1.00000000000000e+00	0.00000000000000e+00	0.00000000000000e+00	1.36143836105149e+02	5.02079295928540e+00	0.00000000000000e+00	5.02079295928540e+00	1
22	85	43	64	7.01110745525788e-02	1.00000000000000e+00	0.00000000000000e+00	0.00000000000000e+00	1.35687701736230e+02	5.02105508820527e+00	0.00000000000000e+00	5.02105508820527e+00	1
23	86	44	65	7.01203974483908e-02	1.00000000000000e+00	0.00000000000000e+00	0.00000000000000e+00	1.35355211715594e+02	5.01956438371504e+00	0.00000000000000e+00	5.01956438371504e+00	1
24	87	45	66	7.01058486952344e-02	1.00000000000000e+00	0.00000000000000e+00	0.00000000000000e+00	1.35001627560299e+02	5.08601024408973e+00	0.00000000000000e+00	5.08601024408973e+00	1
25	88	46	67	7.00996408112621e-02	1.00000000000000e+00	0.00000000000000e+00	0.00000000000000e+00	1.34748402431625e+02	5.17763681423993e+00	0.00000000000000e+00	5.17763681423993e+00	1
26	89	47	68	7.00961076795877e-02	1.00000000000000e+00	0.00000000000000e+00	0.00000000000000e+00	1.34542748009019e+02	5.36648118209750e+00	0.00000000000000e+00	5.36648118209750e+00	1
27	90	48	69	7.00917931734999e-02	1.00000000000000e+00	0.00000000000000e+00	0.00000000000000e+00	1.34399588255614e+02	5.57887913707890e+00	0.00000000000000e+00	5.57887913707890e+00	1
28	91	49	70	7.01203402324704e-02	1.00000000000000e+00	0.00000000000000e+00	0.00000000000000e+00	1.34088133116092e+02	5.75516816743530e+00	0.00000000000000e+00	5.75516816743530e+00	1
29	92	50	71	7.00865287068050e-02	1.00000000000000e+00	0.00000000000000e+00	0.00000000000000e+00	1.33935810602288e+02	5.89943874369807e+00	0.00000000000000e+00	5.89943874369807e+00	1
30	93	51	72	7.01296167139822e-02	1.00000000000000e+00	0.00000000000000e+00	0.00000000000000e+00	1.33555608703043e+02	6.06225634269934e+00	0.00000000000000e+00	6.06225634269934e+00	1
31	94	52	73	7.00909784224845e-02	1.00000000000000e+00	0.00000000000000e+00	0.00000000000000e+00	1.33391515076888e+02	6.25647177540034e+00	0.00000000000000e+00	6.25647177540034e+00	1
32	95	53	74	7.00826621858594e-02	1.00000000000000e+00	0.00000000000000e+00	0.00000000000000e+00	1.33193545068153e+02	6.42333275651030e+00	0.00000000000000e+00	6.42333275651030e+00	1
33	96	54	75	7.01181582189991e-02	1.00000000000000e+00	0.00000000000000e+00	0.00000000000000e+00	1.33049381297363e+02	6.59285415507186e+00	0.00000000000000e+00	6.59285415507186e+00	1
1	67	23	45	7.00746388809355e-02	1.00000000000000e+00	0.00000000000000e+00	0.00000000000000e+00	1.44084319971996e+02	6.53874561204453e+00	0.00000000000000e+00	6.53874561204453e+00	1
2	68	24	46	7.00674029111650e-02	1.00000000000000e+00	0.00000000000000e+00	0.00000000000000e+00	1.44592476383288e+02	6.41184934082625e+00	0.00000000000000e+00	6.41184934082625e+00	1
3	69	25	47	7.00911160286269e-02	1.00000000000000e+00	0.00000000000000e+00	0.00000000000000e+00	1.44895141310583e+02	6.26821036913975e+00	0.00000000000000e+00	6.26821036913975e+00	1
4	70	26	48	7.00757642913369e-02	1.00000000000000e+00	0.00000000000000e+00	0.00000000000000e+00	1.45007999836398e+02	6.13936431998621e+00	0.00000000000000e+00	6.13936431998621e+00	1
5	71	27	49	7.00641863261718e-02	1.00000000000000e+00	0.00000000000000e+00	0.00000000000000e+00	1.44962634775514e+02	6.03706539536899e+00	0.00000000000000e+00	6.03706539536899e+00	1
6	72	28	50	7.00813515386828e-02	1.00000000000000e+00	0.00000000000000e+00	0.00000000000000e+00	1.44888932349766e+02	5.95735956473856e+00	0.00000000000000e+00	5.95735956473856e+00	1
7	73	29	51	7.01060259837756e-02	1.00000000000000e+00	0.00000000000000e+00	0.00000000000000e+00	1.45070766465408e+02	5.85912504180665e+00	0.00000000000000e+00	5.85912504180665e+00	1
8	74	30	52	7.00745559983168e-02	1.00000000000000e+00	0.00000000000000e+00	0.00000000000000e+00	1.45051022266314e+02	5.77126063654461e+00	0.00000000000000e+00	5.77126063654461e+00	1
9	75	31	53	7.00921734243001e-02	1.00000000000000e+00	0.00000000000000e+00	0.00000000000000e+00	1.45027381966346e+02	5.68982574185663e+00	0.00000000000000e+00	5.68982574185663e+00	1
10	76	32	54	7.00789490241164e-02	1.00000000000000e+00	0.00000000000000e+00	0.00000000000000e+00	1.45004599387087e+02	5.61773822882082e+00	0.00000000000000e+00	5.61773822882082e+00	1
11	77	33	55	7.00907073827557e-02	1.00000000000000e+00	0.00000000000000e+00	0.00000000000000e+00	1.44934536103108e+02	5.54687702903195e+00	0.00000000000000e+00	5.54687702903195e+00	1
12	78	34	56	7.00898409185973e-02	1.00000000000000e+00	0.00000000000000e+00	0.00000000000000e+00	1.44897852619890e+02	5.48125238406842e+00	0.00000000000000e+00	5.48125238406842e+00	1
13	79	35	57	7.00900837966818e-02	1.00000000000000e+00	0.00000000000000e+00	0.00000000000000e+00	1.44794925945112e+02	5.41602794366018e+00	0.00000000000000e+00	5.41602794366018e+00	1
14	80	36	58	7.00871599062992e-02	1.00000000000000e+00	0.00000000000000e+00	0.00000000000000e+00	1.44660233647494e+02	5.34014277761917e+00	0.00000000000000e+00	5.34014277761917e+00	1
15	81	37	59	7.00785982362688e-02	1.00000000000000e+00	0.00000000000000e+00	0.00000000000000e+00	1.44521860416415e+02	5.25691384232697e+00	0.00000000000000e+00	5.25691384232697e+00	1
16	82	38	60	7.00903597065428e-02	1.00000000000000e+00	0.00000000000000e+00	0.00000000000000e+00	1.44387919187482e+02	5.15500945994137e+00	0.00000000000000e+00	5.15500945994137e+00	1
17	83	39	61	7.00731650770876e-02	1.00000000000000e+00	0.00000000000000e+00	0.00000000000000e+00	1.43899966533609e+02	5.06654189235986e+00	0.00000000000000e+00	5.06654189235986e+00	1
18	84	40	62	7.00734631734706e-02	1.00000000000000e+00	0.00000000000000e+00	0.00000000000000e+00	1.43420265440879e+02	5.04892129562781e+00	0.00000000000000e+00	5.04892129562781e+00	1
19	85	41	63	7.00878002003723e-02	1.00000000000000e+00	0.00000000000000e+00	0.00000000000000e+00	1.43156792002445e+02	5.05193433825927e+00	0.00000000000000e+00	5.05193433825927e+00	1
20	86	42	64	7.00853609278053e-02	1.00000000000000e+00	0.00000000000000e+00	0.00000000000000e+00	1.42894174074385e+02	5.03583478809969e+00	0.00000000000000e+00	5.03583478809969e+00	1
21	87	43	65	7.01092528644142e-02	1.00000000000000e+00	0.00000000000000e+00	0.00000000000000e+00	1.42483314714313e+02	5.03966438499457e+00	0.00000000000000e+00	5.03966438499457e+00	1
22	88	44	66	7.01371182974102e-02	1.00000000000000e+00	0.00000000000000e+00	0.00000000000000e+00	1.42154766776265e+02	5.08964020134332e+00	0.00000000000000e+00	5.08964020134332e+00	1
23	89	45	67	7.00891121954719e-02	1.00000000000000e+00	0.00000000000000e+00	0.00000000000000e+00	1.41903804478870e+02	5.17205563076250e+00	0.00000000000000e+00	5.17205563076250e+00	1
24	90	46	68	7.01233260925995e-02	1.00000000000000e+00	0.00000000000000e+00	0.00000000000000e+00	1.41600117557164e+02	5.33874500091890e+00	0.00000000000000e+00	5.33874500091890e+00	1
25	91	47	69	7.00901557753581e-02	1.00000000000000e+00	0.00000000000000e+00	0.00000000000000e+00	1.41133134473206e+02	5.53586879968577e+00	0.00000000000000e+00	5.53586879968577e+00	1
26	92	48	70	7.00795422982841e-02	1.00000000000000e+00	0.00000000000000e+00	0.00000000000000e+00	1.40783623302083e+02	5.70632538546548e+00	0.00000000000000e+00	5.70632538546548e+00	1
27	93	49	71	7.00947767484565e-02	1.00000000000000e+00	0.00000000000000e+00	0.00000000000000e+00	1.40469628332741e+02	5.85341715482244e+00	0.00000000000000e+00	5.85341715482244e+00	1
28	94	50	72	7.00896304154022e-02	1.00000000000000e+00	0.00000000000000e+00	0.00000000000000e+00	1.40316293135863e+02	6.00267497654741e+00	0.00000000000000e+00	6.00267497654741e+00	1
29	95	51	73	7.00942325083558e-02	1.00000000000000e+00	0.00000000000000e+00	0.00000000000000e+00	1.39969709483652e+02	6.18833190979049e+00	0.00000000000000e+00	6.18833190979049e+00	1
30	96	52	74	7.01026243139170e-02	1.00000000000000e+00	0.00000000000000e+00	0.00000000000000e+00	1.39756112679014e+02	6.36354632131108e+00	0.00000000000000e+00	6.36354632131108e+00	1
1	70	24	47	7.00773433211625e-02	1.00000000000000e+00	0.00000000000000e+00	0.00000000000000e+00	1.51229638187838e+02	6.28377629283530e+00	0.00000000000000e+00	6.28377629283530e+00	1
2	71	25	48	7.01015286722832e-02	1.00000000000000e+00	0.00000000000000e+00	0.00000000000000e+00	1.51398579744530e+02	6.15275578701081e+00	0.00000000000000e+00	6.15275578701081e+00	1
3	72	26	49	7.00761894671282e-02	1.00000000000000e+00	0.00000000000000e+00	0.00000000000000e+00	1.51384259353095e+02	6.03608526611933e+00	0.00000000000000e+00	6.03608526611933e+00	1
4	73	27	50	7.00707812614134e-02	1.00000000000000e+00	0.00000000000000e+00	0.00000000000000e+00	1.51265436503008e+02	5.94577905517041e+00	0.00000000000000e+00	5.94577905517041e+00	1
5	74	28	51	7.00748050963386e-02	1.00000000000000e+00	0.00000000000000e+00	0.00000000000000e+00	1.51378937639873e+02	5.86517929305524e+00	0.00000000000000e+00	5.86517929305524e+00	1
6	75	29	52	7.00809856362182e-02	1.00000000000000e+00	0.00000000000000e+00	0.00000000000000e+00	1.51293908051108e+02	5.78004900682807e+00	0.00000000000000e+00	5.78004900682807e+00	1
7	76	30	53	7.00734746581716e-02	1.00000000000000e+00	0.00000000000000e+00	0.00000000000000e+00	1.51377753546797e+02	5.71290687842505e+00	0.00000000000000e+00	5.71290687842505e+00	1
8	77	31	54	7.00748427481740e-02	1.00000000000000e+00	0.00000000000000e+00	0.00000000000000e+00	1.51400560280249e+02	5.63202235172964e+00	0.00000000000000e+00	5.63202235172964e+00	1
9	78	32	55	7.00832316209270e-02	1.00000000000000e+00	0.00000000000000e+00	0.00000000000000e+00	1.51372822461145e+02	5.56370122094332e+00	0.00000000000000e+00	5.56370122094332e+00	1
10	79	33	56	7.00893626528800e-02	1.00000000000000e+00	0.00000000000000e+00	0.00000000000000e+00	1.51394436837368e+02	5.49868313257306e+00	0.00000000000000e+00	5.49868313257306e+00	1
11	80	34	57	7.00997966874060e-02	1.00000000000000e+00	0.00000000000000e+00	0.00000000000000e+00	1.51305887259278e+02	5.41822759842315e+00	0.00000000000000e+00	5.41822759842315e+00	1
12	81	35	58	7.00861560647440e-02	1.00000000000000e+00	0.00000000000000e+00	0.00000000000000e+00	1.51222558216444e+02	5.34401844592541e+00	0.00000000000000e+00	5.34401844592541e+00	1
13	82	36	59	7.00948643773597e-02	1.00000000000000e+00	0.00000000000000e+00	0.00000000000000e+00	1.51040485532362e+02	5.27497641532098e+00	0.00000000000000e+00	5.27497641532098e+00	1
14	83	37	60	7.00852376208735e-02	1.00000000000000e+00	0.00000000000000e+00	0.00000000000000e+00	1.50896518077820e+02	5.22226347380296e+00	0.00000000000000e+00	5.22226347380296e+00	1
15	84	38	61	7.00909805187197e-02	1.00000000000000e+00	0.00000000000000e+00	0.00000000000000e+00	1.50931562822307e+02	5.14533786616840e+00	0.00000000000000e+00	5.14533786616840e+00	1
16	85	39	62	7.00946486706628e-02	1.00000000000000e+00	0.00000000000000e+00	0.00000000000000e+00	1.50483673863635e+02	5.06652079532184e+00	0.00000000000000e+00	5.06652079532184e+00	1
17	86	40	63	7.00979972441780e-02	1.00000000000000e+00	0.00000000000000e+00	0.00000000000000e+00	1.50096372788913e+02	5.08825698262908e+00	0.00000000000000e+00	5.08825698262908e+00	1
18	87	41	64	7.00926681358821e-02	1.00000000000000e+00	0.00000000000000e+00	0.00000000000000e+00	1.49877871487742e+02	5.09458750025661e+00	0.00000000000000e+00	5.09458750025661e+00	1
19	88	42	65	7.00922887393972e-02	1.00000000000000e+00	0.00000000000000e+00	0.00000000000000e+00	1.49672104102842e+02	5.07821205271690e+00	0.00000000000000e+00	5.07821205271690e+00	1
20	89	43	66	7.01006441782963e-02	1.00000000000000e+00	0.00000000000000e+00	0.00000000000000e+00	1.49357824599543e+02	5.12353522164542e+00	0.00000000000000e+00	5.12353522164542e+00	1
21	90	44	67	7.00947879853148e-02	1.00000000000000e+00	0.00000000000000e+00	0.00000000000000e+00	1.49020518930638e+02	5.19548320648211e+00	0.00000000000000e+00	5.19548320648211e+00	1
22	91	45	68	7.01050606227783e-02	1.00000000000000e+00	0.00000000000000e+00	0.00000000000000e+00	1.48584431353669e+02	5.35182259175775e+00	0.00000000000000e+00	5.35182259175775e+00	1
23	92	46	69	7.01025316888882e-02	1.00000000000000e+00	0.00000000000000e+00	0.00000000000000e+00	1.48109669932616e+02	5.51445211931873e+00	0.00000000000000e+00	5.51445211931873e+00	1
24	93	47	70	7.00796701220485e-02	1.00000000000000e+00	0.00000000000000e+00	0.00000000000000e+00	1.47503223816968e+02	5.66693140640543e+00	0.00000000000000e+00	5.66693140640543e+00	1
25	94	48	71	7.00943593089737e-02	1.00000000000000e+00	0.00000000000000e+00	0.00000000000000e+00	1.47148284309209e+02	5.81367188376474e+00	0.00000000000000e+00	5.81367188376474e+00	1
26	95	49	72	7.01242284255891e-02	1.00000000000000e+00	0.00000000000000e+00	0.00000000000000e+00	1.46890755712832e+02	5.98268562467779e+00	0.00000000000000e+00	5.98268562467779e+00	1
27	96	50	73	7.00731248887609e-02	1.00000000000000e+00	0.00000000000000e+00	0.00000000000000e+00	1.46771817697662e+02	6.16233421410605e+00	0.00000000000000e+00	6.16233421410605e+00	1
1	73	25	49	7.00734044806641e-02	1.00000000000000e+00	0.00000000000000e+00	0.00000000000000e+00	1.57811842371644e+02	6.07247868301379e+00	0.00000000000000e+00	6.07247868301379e+00	1
2	74	26	50	7.01190708245345e-02	1.00000000000000e+00	0.00000000000000e+00	0.00000000000000e+00	1.57643085936322e+02	5.97394370186318e+00	0.00000000000000e+00	5.97394370186318e+00	1
3	75	27	51	7.00811126666571e-02	1.00000000000000e+00	0.00000000000000e+00	0.00000000000000e+00	1.57630310421793e+02	5.89819339742745e+00	0.00000000000000e+00	5.89819339742745e+00	1
4	76	28	52	7.00899698536522e-02	1.00000000000000e+00	0.00000000000000e+00	0.00000000000000e+00	1.57766033252327e+02	5.82261863075906e+00	0.00000000000000e+00	5.82261863075906e+00	1
5	77	29	53	7.00655242596462e-02	1.00000000000000e+00	0.00000000000000e+00	0.00000000000000e+00	1.57804974718225e+02	5.73868923724830e+00	0.00000000000000e+00	5.73868923724830e+00	1
6	78	30	54	7.00777967515053e-02	1.00000000000000e+00	0.00000000000000e+00	0.00000000000000e+00	1.57790742909845e+02	5.66465167630765e+00	0.00000000000000e+00	5.66465167630765e+00	1
7	79	31	55	7.01062864312014e-02	1.00000000000000e+00	0.00000000000000e+00	0.00000000000000e+00	1.57801572998111e+02	5.59401187938428e+00	0.00000000000000e+00	5.59401187938428e+00	1
8	80	32	56	7.00746314381148e-02	1.00000000000000e+00	0.00000000000000e+00	0.00000000000000e+00	1.57851943610124e+02	5.51475005478513e+00	0.00000000000000e+00	5.51475005478513e+00	1
9	81	33	57	7.00832321788876e-02	1.00000000000000e+00	0.00000000000000e+00	0.00000000000000e+00	1.57739757449527e+02	5.43601040274493e+00	0.00000000000000e+00	5.43601040274493e+00	1
10	82	34	58	7.00702203644644e-02	1.00000000000000e+00	0.00000000000000e+00	0.00000000000000e+00	1.57630257966951e+02	5.37635121142932e+00	0.00000000000000e+00	5.37635121142932e+00	1
11	83	35	59	7.00822726407059e-02	1.00000000000000e+00	0.00000000000000e+00	0.00000000000000e+00	1.57561794414480e+02	5.31129303034018e+00	0.00000000000000e+00	5.31129303034018e+00	1
12	84	36	60	7.00860343492288e-02	1.00000000000000e+00	0.00000000000000e+00	0.00000000000000e+00	1.57481194881309e+02	5.26031198624008e+00	0.00000000000000e+00	5.26031198624008e+00	1
13	85	37	61	7.00802329826616e-02	1.00000000000000e+00	0.00000000000000e+00	0.00000000000000e+00	1.57424359569681e+02	5.22150240152166e+00	0.00000000000000e+00	5.22150240152166e+00	1
14	86	38	62	7.00947658712574e-02	1.00000000000000e+00	0.00000000000000e+00	0.00000000000000e+00	1.57544499928270e+02	5.16603674625973e+00	0.00000000000000e+00	5.16603674625973e+00	1
15	87	39	63	7.01487621497514e-02	1.00000000000000e+00	0.00000000000000e+00	0.00000000000000e+00	1.57293686501074e+02	5.13462256259899e+00	0.00000000000000e+00	5.13462256259899e+00	1
16	88	40	64	7.01032845668155e-02	1.00000000000000e+00	0.00000000000000e+00	0.00000000000000e+00	1.56926711051119e+02	5.14509671543239e+00	0.00000000000000e+00	5.14509671543239e+00	1
17	89	41	65	7.00870761734658e-02	1.00000000000000e+00	0.00000000000000e+00	0.00000000000000e+00	1.56687408979798e+02	5.14640302574838e+00	0.00000000000000e+00	5.14640302574838e+00	1
18	90	42	66	7.00963735376243e-02	1.00000000000000e+00	0.00000000000000e+00	0.00000000000000e+00	1.56455863341694e+02	5.18032935283576e+00	0.00000000000000e+00	5.18032935283576e+00	1
19	91	43	67	7.00762943246463e-02	1.00000000000000e+00	0.00000000000000e+00	0.00000000000000e+00	1.56071221124959e+02	5.24842978799356e+00	0.00000000000000e+00	5.24842978799356e+00	1
20	92	44	68	7.01006794141485e-02	1.00000000000000e+00	0.00000000000000e+00	0.00000000000000e+00	1.55638698220011e+02	5.37868527981690e+00	0.00000000000000e+00	5.37868527981690e+00	1
21	93	45	69	7.00842054586632e-02	1.00000000000000e+00	0.00000000000000e+00	0.00000000000000e+00	1.55041769836612e+02	5.52898446107637e+00	0.00000000000000e+00	5.52898446107637e+00	1
22	94	46	70	7.00850484109369e-02	1.00000000000000e+00	0.00000000000000e+00	0.00000000000000e+00	1.54485831221242e+02	5.65559216435832e+00	0.00000000000000e+00	5.65559216435832e+00	1
23	95	47	71	7.00811056531851e-02	1.00000000000000e+00	0.00000000000000e+00	0.00000000000000e+00	1.53990748585180e+02	5.79283466312656e+00	0.00000000000000e+00	5.79283466312656e+00	1
24	96	48	72	7.00977731129815e-02	1.00000000000000e+00	0.00000000000000e+00	0.00000000000000e+00	1.53621447257693e+02	5.96484506084917e+00	0.00000000000000e+00	5.96484506084917e+00	1
1	76	26	51	7.00884269922664e-02	1.00000000000000e+00	0.00000000000000e+00	0.00000000000000e+00	1.64143692598240e+02	5.95884824676547e+00	0.00000000000000e+00	5.95884824676547e+00	1
2	77	27	52	7.00720545038770e-02	1.00000000000000e+00	0.00000000000000e+00	0.00000000000000e+00	1.64111207954852e+02	5.87213408261554e+00	0.00000000000000e+00	5.87213408261554e+00	1
3	78	28	53	7.00604552882264e-02	1.00000000000000e+00	0.00000000000000e+00	0.00000000000000e+00	1.64162998421781e+02	5.79820069499356e+00	0.00000000000000e+00	5.79820069499356e+00	1
4	79	29	54	7.00856648340671e-02	1.00000000000000e+00	0.00000000000000e+00	0.00000000000000e+00	1.64333095456270e+02	5.71221747876798e+00	0.00000000000000e+00	5.71221747876798e+00	1
5	80	30	55	7.00733438983177e-02	1.00000000000000e+00	0.00000000000000e+00	0.00000000000000e+00	1.64323746013159e+02	5.62429059294036e+00	0.00000000000000e+00	5.62429059294036e+00	1
6	81	31	56	7.00901132051638e-02	1.00000000000000e+00	0.00000000000000e+00	0.00000000000000e+00	1.64184363866319e+02	5.54702731838373e+00	0.00000000000000e+00	5.54702731838373e+00	1
7	82	32	57	7.00844330928193e-02	1.00000000000000e+00	0.00000000000000e+00	0.00000000000000e+00	1.64127623187216e+02	5.48235893099890e+00	0.00000000000000e+00	5.48235893099890e+00	1
8	83	33	58	7.00742326912249e-02	1.00000000000000e+00	0.00000000000000e+00	0.00000000000000e+00	1.64105367215286e+02	5.42268827972443e+00	0.00000000000000e+00	5.42268827972443e+00	1
9	84	34	59	7.00976040763460e-02	1.00000000000000e+00	0.00000000000000e+00	0.00000000000000e+00	1.64063815943421e+02	5.35902080607126e+00	0.00000000000000e+00	5.35902080607126e+00	1
10	85	35	60	7.00743228241067e-02	1.00000000000000e+00	0.00000000000000e+00	0.00000000000000e+00	1.63993895145835e+02	5.30498291829524e+00	0.00000000000000e+00	5.30498291829524e+00	1
11	86	36	61	7.00804079917055e-02	1.00000000000000e+00	0.00000000000000e+00	0.00000000000000e+00	1.63968770054398e+02	5.27995235511739e+00	0.00000000000000e+00	5.27995235511739e+00	1
12	87	37	62	7.01733245000439e-02	1.00000000000000e+00	0.00000000000000e+00	0.00000000000000e+00	1.64100196216024e+02	5.26774461784406e+00	0.00000000000000e+00	5.26774461784406e+00	1
13	88	38	63	7.01062064929859e-02	1.00000000000000e+00	0.00000000000000e+00	0.00000000000000e+00	1.64310750687379e+02	5.24924381606012e+00	0.00000000000000e+00	5.24924381606012e+00	1
14	89	39	64	7.00986962360907e-02	1.00000000000000e+00	0.00000000000000e+00	0.00000000000000e+00	1.64106604068599e+02	5.20917955311358e+00	0.00000000000000e+00	5.20917955311358e+00	1
15	90	40	65	7.01251168165066e-02	1.00000000000000e+00	0.00000000000000e+00	0.00000000000000e+00	1.63804639921568e+02	5.21777071095583e+00	0.00000000000000e+00	5.21777071095583e+00	1
16	91	41	66	7.00798575075390e-02	1.00000000000000e+00	0.00000000000000e+00	0.00000000000000e+00	1.63456920281798e+02	5.25921576971127e+00	0.00000000000000e+00	5.25921576971127e+00	1
17	92	42	67	7.00696970698953e-02	1.00000000000000e+00	0.00000000000000e+00	0.00000000000000e+00	1.63075771545202e+02	5.30627605232812e+00	0.00000000000000e+00	5.30627605232812e+00	1
18	93	43	68	7.00787703151876e-02	1.00000000000000e+00	0.00000000000000e+00	0.00000000000000e+00	1.62568980724212e+02	5.43271872534360e+00	0.00000000000000e+00	5.43271872534360e+00	1
19	94	44	69	7.01150675946831e-02	1.00000000000000e+00	0.00000000000000e+00	0.00000000000000e+00	1.62094866572502e+02	5.56345936266467e+00	0.00000000000000e+00	5.56345936266467e+00	1
20	95	45	70	7.00998630365228e-02	1.00000000000000e+00	0.00000000000000e+00	0.00000000000000e+00	1.61558051270759e+02	5.68376759633287e+00	0.00000000000000e+00	5.68376759633287e+00	1
21	96	46	71	7.01359180977215e-02	1.00000000000000e+00	0.00000000000000e+00	0.00000000000000e+00	1.60995806972030e+02	5.80203639744971e+00	0.00000000000000e+00	5.80203639744971e+00	1
1	79	27	53	7.00690345528585e-02	1.00000000000000e+00	0.00000000000000e+00	0.00000000000000e+00	1.70608315634580e+02	5.86677021053830e+00	0.00000000000000e+00	5.86677021053830e+00	1
2	80	28	54	7.00926614076972e-02	1.00000000000000e+00	0.00000000000000e+00	0.00000000000000e+00	1.70732836075131e+02	5.77022558011186e+00	0.00000000000000e+00	5.77022558011186e+00	1
3	81	29	55	7.00897220991044e-02	1.00000000000000e+00	0.00000000000000e+00	0.00000000000000e+00	1.70616774408231e+02	5.68139425193258e+00	0.00000000000000e+00	5.68139425193258e+00	1
4	82	30	56	7.01271787340454e-02	1.00000000000000e+00	0.00000000000000e+00	0.00000000000000e+00	1.70715372245123e+02	5.61119204768464e+00	0.00000000000000e+00	5.61119204768464e+00	1
5	83	31	57	7.00831523143066e-02	1.00000000000000e+00	0.00000000000000e+00	0.00000000000000e+00	1.70613706167296e+02	5.53965084006998e+00	0.00000000000000e+00	5.53965084006998e+00	1
6	84	32	58	7.00696625986348e-02	1.00000000000000e+00	0.00000000000000e+00	0.00000000000000e+00	1.70558003778060e+02	5.48439273045301e+00	0.00000000000000e+00	5.48439273045301e+00	1
7	85	33	59	7.01170174006348e-02	1.00000000000000e+00	0.00000000000000e+00	0.00000000000000e+00	1.70556034893195e+02	5.41569321699250e+00	0.00000000000000e+00	5.41569321699250e+00	1
8	86	34	60	7.00764591680766e-02	1.00000000000000e+00	0.00000000000000e+00	0.00000000000000e+00	1.70531528461099e+02	5.37138603435000e+00	0.00000000000000e+00	5.37138603435000e+00	1
9	87	35	61	7.00698136809168e-02	1.00000000000000e+00	0.00000000000000e+00	0.00000000000000e+00	1.70576631449565e+02	5.34709586679944e+00	0.00000000000000e+00	5.34709586679944e+00	1
10	88	36	62	7.01107595969112e-02	1.00000000000000e+00	0.00000000000000e+00	0.00000000000000e+00	1.70622993621021e+02	5.34105647702253e+00	0.00000000000000e+00	5.34105647702253e+00	1
11	89	37	63	7.00898230633164e-02	1.00000000000000e+00	0.00000000000000e+00	0.00000000000000e+00	1.70792503170933e+02	5.36364391174017e+00	0.00000000000000e+00	5.36364391174017e+00	1
12	90	38	64	7.00916172862444e-02	1.00000000000000e+00	0.00000000000000e+00	0.00000000000000e+00	1.71113304070650e+02	5.34034771546683e+00	0.00000000000000e+00	5.34034771546683e+00	1
13	91	39	65	7.00689257317534e-02	1.00000000000000e+00	0.00000000000000e+00	0.00000000000000e+00	1.70827214497752e+02	5.29772005503087e+00	0.00000000000000e+00	5.29772005503087e+00	1
14	92	40	66	7.00957442171719e-02	1.00000000000000e+00	0.00000000000000e+00	0.00000000000000e+00	1.70445188228948e+02	5.33953529915913e+00	0.00000000000000e+00	5.33953529915913e+00	1
15	93	41	67	7.01184113963417e-02	1.00000000000000e+00	0.00000000000000e+00	0.00000000000000e+00	1.70106174298046e+02	5.39008724916434e+00	0.00000000000000e+00	5.39008724916434e+00	1
16	94	42	68	7.01190331067107e-02	1.00000000000000e+00	0.00000000000000e+00	0.00000000000000e+00	1.69676963762093e+02	5.49119308930481e+00	0.00000000000000e+00	5.49119308930481e+00	1
17	95	43	69	7.01500614902080e-02	1.00000000000000e+00	0.00000000000000e+00	0.00000000000000e+00	1.69114912647786e+02	5.62463779852676e+00	0.00000000000000e+00	5.62463779852676e+00	1
18	96	44	70	7.00739387321068e-02	1.00000000000000e+00	0.00000000000000e+00	0.00000000000000e+00	1.68573264005079e+02	5.73552912821432e+00	0.00000000000000e+00	5.73552912821432e+00	1
1	82	28	55	7.00711444156599e-02	1.00000000000000e+00	0.00000000000000e+00	0.00000000000000e+00	1.77011668243776e+02	5.77001199365717e+00	0.00000000000000e+00	5.77001199365717e+00	1
2	83	29	56	7.00788082720225e-02	1.00000000000000e+00	0.00000000000000e+00	0.00000000000000e+00	1.77069470334751e+02	5.69184937412176e+00	0.00000000000000e+00	5.69184937412176e+00	1
3	84	30	57	7.00971438192815e-02	1.00000000000000e+00	0.00000000000000e+00	0.00000000000000e+00	1.77058290166193e+02	5.62504694086518e+00	0.00000000000000e+00	5.62504694086518e+00	1
4	85	31	58	7.00767329249591e-02	1.00000000000000e+00	0.00000000000000e+00	0.00000000000000e+00	1.77142229741161e+02	5.55637725942198e+00	0.00000000000000e+00	5.55637725942198e+00	1
5	86	32	59	7.00895600283852e-02	1.00000000000000e+00	0.00000000000000e+00	0.00000000000000e+00	1.77143430179976e+02	5.49366228368769e+00	0.00000000000000e+00	5.49366228368769e+00	1
6	87	33	60	7.00765077013066e-02	1.00000000000000e+00	0.00000000000000e+00	0.00000000000000e+00	1.77093741871719e+02	5.45070097896017e+00	0.00000000000000e+00	5.45070097896017e+00	1
7	88	34	61	7.00890070293264e-02	1.00000000000000e+00	0.00000000000000e+00	0.00000000000000e+00	1.77130707262083e+02	5.42948617877535e+00	0.00000000000000e+00	5.42948617877535e+00	1
8	89	35	62	7.01170317323824e-02	1.00000000000000e+00	0.00000000000000e+00	0.00000000000000e+00	1.77245371356575e+02	5.42158656843776e+00	0.00000000000000e+00	5.42158656843776e+00	1
9	90	36	63	7.00747148358836e-02	1.00000000000000e+00	0.00000000000000e+00	0.00000000000000e+00	1.77344943021306e+02	5.45083155841165e+00	0.00000000000000e+00	5.45083155841165e+00	1
10	91	37	64	7.01291752008492e-02	1.00000000000000e+00	0.00000000000000e+00	0.00000000000000e+00	1.77454672032233e+02	5.46588387502058e+00	0.00000000000000e+00	5.46588387502058e+00	1
11	92	38	65	7.00803943767326e-02	1.00000000000000e+00	0.00000000000000e+00	0.00000000000000e+00	1.77653390985900e+02	5.43491432436267e+00	0.00000000000000e+00	5.43491432436267e+00	1
12	93	39	66	7.00776801163711e-02	1.00000000000000e+00	0.00000000000000e+00	0.00000000000000e+00	1.77423340373435e+02	5.42447213179767e+00	0.00000000000000e+00	5.42447213179767e+00	1
13	94	40	67	7.00733454933910e-02	1.00000000000000e+00	0.00000000000000e+00	0.00000000000000e+00	1.77038255550066e+02	5.47623896137772e+00	0.00000000000000e+00	5.47623896137772e+00	1
14	95	41	68	7.00844263654033e-02	1.00000000000000e+00	0.00000000000000e+00	0.00000000000000e+00	1.76734914243739e+02	5.58762889181354e+00	0.00000000000000e+00	5.58762889181354e+00	1
15	96	42	69	7.00971052646969e-02	1.00000000000000e+00	0.00000000000000e+00	0.00000000000000e+00	1.76321470326900e+02	5.69962420982744e+00	0.00000000000000e+00	5.69962420982744e+00	1
1	85	29	57	7.00773132880500e-02	1.00000000000000e+00	0.00000000000000e+00	0.00000000000000e+00	1.83497108903075e+02	5.71867002554794e+00	0.00000000000000e+00	5.71867002554794e+00	1
2	86	30	58	7.00804858510849e-02	1.00000000000000e+00	0.00000000000000e+00	0.00000000000000e+00	1.83628971379183e+02	5.65699527958130e+00	0.00000000000000e+00	5.65699527958130e+00	1
3	87	31	59	7.00880138448298e-02	1.00000000000000e+00	0.00000000000000e+00	0.00000000000000e+00	1.83641234140376e+02	5.59331921418166e+00	0.00000000000000e+00	5.59331921418166e+00	1
4	88	32	60	7.01466832359395e-02	1.00000000000000e+00	0.00000000000000e+00	0.00000000000000e+00	1.83785853410659e+02	5.54880065449028e+00	0.00000000000000e+00	5.54880065449028e+00	1
5	89	33	61	7.00832289247346e-02	1.00000000000000e+00	0.00000000000000e+00	0.00000000000000e+00	1.83818922020379e+02	5.52013203924418e+00	0.00000000000000e+00	5.52013203924418e+00	1
6	90	34	62	7.01266540544716e-02	1.00000000000000e+00	0.00000000000000e+00	0.00000000000000e+00	1.83810009287634e+02	5.51861533957287e+00	0.00000000000000e+00	5.51861533957287e+00	1
7	91	35	63	7.01249581543892e-02	1.00000000000000e+00	0.00000000000000e+00	0.00000000000000e+00	1.83872575363321e+02	5.54426686903637e+00	0.00000000000000e+00	5.54426686903637e+00	1
8	92	36	64	7.00715337280417e-02	1.00000000000000e+00	0.00000000000000e+00	0.00000000000000e+00	1.83917691629999e+02	5.55972288473770e+00	0.00000000000000e+00	5.55972288473770e+00	1
9	93	37	65	7.01039756310107e-02	1.00000000000000e+00	0.00000000000000e+00	0.00000000000000e+00	1.83990322357524e+02	5.56245098028903e+00	0.00000000000000e+00	5.56245098028903e+00	1
10	94	38	66	7.01002264435969e-02	1.00000000000000e+00	0.00000000000000e+00	0.00000000000000e+00	1.84197507156831e+02	5.56409602749914e+00	0.00000000000000e+00	5.56409602749914e+00	1
11	95	39	67	7.01016089624621e-02	1.00000000000000e+00	0.00000000000000e+00	0.00000000000000e+00	1.83970983150248e+02	5.57285248069867e+00	0.00000000000000e+00	5.57285248069867e+00	1
12	96	40	68	7.00806799545421e-02	1.00000000000000e+00	0.00000000000000e+00	0.00000000000000e+00	1.83676543188650e+02	5.68775827547921e+00	0.00000000000000e+00	5.68775827547921e+00	1
1	88	30	59	7.00646847620841e-02	1.00000000000000e+00	0.00000000000000e+00	0.00000000000000e+00	1.90215967719175e+02	5.71222335004875e+00	0.00000000000000e+00	5.71222335004875e+00	1
2	89	31	60	7.01060655638912e-02	1.00000000000000e+00	0.00000000000000e+00	0.00000000000000e+00	1.90324182004241e+02	5.65973000497579e+00	0.00000000000000e+00	5.65973000497579e+00	1
3	90	32	61	7.01053545058168e-02	1.00000000000000e+00	0.00000000000000e+00	0.00000000000000e+00	1.90375534839922e+02	5.63764442911432e+00	0.00000000000000e+00	5.63764442911432e+00	1
4	91	33	62	7.01287065067539e-02	1.00000000000000e+00	0.00000000000000e+00	0.00000000000000e+00	1.90500416152717e+02	5.62616591223325e+00	0.00000000000000e+00	5.62616591223325e+00	1
5	92	34	63	7.00846901973004e-02	1.00000000000000e+00	0.00000000000000e+00	0.00000000000000e+00	1.90465789040516e+02	5.64595544926273e+00	0.00000000000000e+00	5.64595544926273e+00	1
6	93	35	64	7.01395868346445e-02	1.00000000000000e+00	0.00000000000000e+00	0.00000000000000e+00	1.90417201623882e+02	5.65714830308989e+00	0.00000000000000e+00	5.65714830308989e+00	1
7	94	36	65	7.00864549123030e-02	1.00000000000000e+00	0.00000000000000e+00	0.00000000000000e+00	1.90437309339541e+02	5.66251563321567e+00	0.00000000000000e+00	5.66251563321567e+00	1
8	95	37	66	7.00792162734372e-02	1.00000000000000e+00	0.00000000000000e+00	0.00000000000000e+00	1.90562951990533e+02	5.70132482515932e+00	0.00000000000000e+00	5.70132482515932e+00	1
9	96	38	67	7.00938867085115e-02	1.00000000000000e+00	0.00000000000000e+00	0.00000000000000e+00	1.90783892118202e+02	5.72269951625931e+00	0.00000000000000e+00	5.72269951625931e+00	1
1	91	31	61	7.00861915818028e-02	1.00000000000000e+00	0.00000000000000e+00	0.00000000000000e+00	1.96916403061695e+02	5.76379706547911e+00	0.00000000000000e+00	5.76379706547911e+00	1
2	92	32	62	7.00898256612834e-02	1.00000000000000e+00	0.00000000000000e+00	0.00000000000000e+00	1.97007736871201e+02	5.74885585794060e+00	0.00000000000000e+00	5.74885585794060e+00	1
3	93	33	63	7.00657207108920e-02	1.00000000000000e+00	0.00000000000000e+00	0.00000000000000e+00	1.96979011020936e+02	5.76211450035801e+00	0.00000000000000e+00	5.76211450035801e+00	1
4	94	34	64	7.00555638590889e-02	1.00000000000000e+00	0.00000000000000e+00	0.00000000000000e+00	1.97077537190834e+02	5.76851801140998e+00	0.00000000000000e+00	5.76851801140998e+00	1
5	95	35	65	7.00571119853427e-02	1.00000000000000e+00	0.00000000000000e+00	0.00000000000000e+00	1.97073288423148e+02	5.76946920793138e+00	0.00000000000000e+00	5.76946920793138e+00	1
6	96	36	66	7.00676397235416e-02	1.00000000000000e+00	0.00000000000000e+00	0.00000000000000e+00	1.97020807779924e+02	5.81329634938642e+00	0.00000000000000e+00	5.81329634938642e+00	1
1	94	32	63	7.00573017989947e-02	1.00000000000000e+00	0.00000000000000e+00	0.00000000000000e+00	2.03538173608650e+02	5.89289853887736e+00	0.00000000000000e+00	5.89289853887736e+00	1
2	95	33	64	7.00641740770659e-02	1.00000000000000e+00	0.00000000000000e+00	0.00000000000000e+00	2.03637119798772e+02	5.89358084774803e+00	0.00000000000000e+00	5.89358084774803e+00	1
3	96	34	65	7.00777772568097e-02	1.00000000000000e+00	0.00000000000000e+00	0.00000000000000e+00	2.03595288008244e+02	5.89704576536395e+00	0.00000000000000e+00	5.89704576536395e+00	1
0
