! Dc data
COMMON_CURRENT
1
10.0 -3.147572839206 13.0 -4.228842176173  1
11.0 -3.5010068782309998 12.0 -3.905762274842  500.824143573137  0.0700998354425234
11.0 -3.5010068782309998 14.0 -4.627122323196  1
12.0 -3.905762274842 13.0 -4.228842176173  441.571415494495  0.0701132319671191
12.0 -3.905762274842 15.0 -5.031100941752  1
13.0 -4.228842176173 14.0 -4.627122323196  510.338321466394  0.0700979742219952
13.0 -4.228842176173 16.0 -5.390927233858  1
14.0 -4.627122323196 15.0 -5.031100941752  503.045539446994  0.070099394579773
14.0 -4.627122323196 17.0 -5.73473062478  1
15.0 -5.031100941752 16.0 -5.390927233858  505.08572790964  0.0700989930960966
15.0 -5.031100941752 18.0 -6.083764254394  1
16.0 -5.390927233858 17.0 -5.73473062478  419.24520511459  0.0701192619483539
16.0 -5.390927233858 19.0 -6.438858724778  1
17.0 -5.73473062478 18.0 -6.083764254394  483.089776835955  0.0701035004307636
17.0 -5.73473062478 20.0 -6.794782881081  1
18.0 -6.083764254394 19.0 -6.438858724778  443.400227094055  0.0701127649399904
18.0 -6.083764254394 21.0 -7.121280765751  1
19.0 -6.438858724778 20.0 -6.794782881081  513.07692503207  0.0700974512739915
19.0 -6.438858724778 22.0 -7.5100512078929995  1
20.0 -6.794782881081 21.0 -7.121280765751  436.429461856662  0.0701145660510344
20.0 -6.794782881081 23.0 -7.8934111970059995  1
21.0 -7.121280765751 22.0 -7.5100512078929995  478.968421542281  0.0701043910156728
22.0 -7.5100512078929995 25.0 -8.696051376394  1
23.0 -7.8934111970059995 24.0 -8.273571956019  469.323452302086  0.0701065363338541
23.0 -7.8934111970059995 26.0 -9.096962694477  1
24.0 -8.273571956019 25.0 -8.696051376394  488.372612118184  0.0701023808435595
25.0 -8.696051376394 28.0 -9.793833434110999  1
26.0 -9.096962694477 27.0 -9.457357638147  481.752317065101  0.0701037877727389
27.0 -9.457357638147 30.0 -10.516683096053  1
28.0 -9.793833434110999 29.0 -10.141723291542  467.965303104776  0.0701068455282224
28.0 -9.793833434110999 31.0 -10.88314470352  1
29.0 -10.141723291542 30.0 -10.516683096053  461.283413712402  0.070108393231826
29.0 -10.141723291542 32.0 -11.212862429865  1
30.0 -10.516683096053 31.0 -10.88314470352  447.133167424682  0.0701118235095106
30.0 -10.516683096053 33.0 -11.575464665823  1
31.0 -10.88314470352 32.0 -11.212862429865  419.054719064531  0.070119316160218
31.0 -10.88314470352 34.0 -11.929749264984  1
32.0 -11.212862429865 33.0 -11.575464665823  473.145938352843  0.0701056756403195
33.0 -11.575464665823 36.0 -12.573983451574  1
34.0 -11.929749264984 35.0 -12.256877871166  481.491157115776  0.0701038440670427
34.0 -11.929749264984 37.0 -12.954610666685  1
35.0 -12.256877871166 36.0 -12.573983451574  465.863958581636  0.0701073274699168
35.0 -12.256877871166 38.0 -13.322131914647  1
36.0 -12.573983451574 37.0 -12.954610666685  469.832855623847  0.070106420824771
36.0 -12.573983451574 39.0 -13.694539719761  1
37.0 -12.954610666685 38.0 -13.322131914647  495.875201643586  0.0701008318218662
37.0 -12.954610666685 40.0 -14.037132411784  1
38.0 -13.322131914647 39.0 -13.694539719761  480.315315010433  0.0701040982838511
38.0 -13.322131914647 41.0 -14.381878139674999  1
39.0 -13.694539719761 40.0 -14.037132411784  561.430330530153  0.0700890582451304
39.0 -13.694539719761 42.0 -14.711343305751999  1
40.0 -14.037132411784 41.0 -14.381878139674999  476.415180268677  0.07010495047612
40.0 -14.037132411784 43.0 -15.020524772497  1
41.0 -14.381878139674999 42.0 -14.711343305751999  522.207902150639  0.0700957473063776
41.0 -14.381878139674999 44.0 -15.337070145624999  1
42.0 -14.711343305751999 43.0 -15.020524772497  483.575471350624  0.0701033964767906
42.0 -14.711343305751999 45.0 -15.637935613022  1
43.0 -15.020524772497 44.0 -15.337070145624999  524.834322066672  0.0700952681596796
43.0 -15.020524772497 46.0 -15.969767680675  1
44.0 -15.337070145624999 45.0 -15.637935613022  549.098249583438  0.0700910583853398
44.0 -15.337070145624999 47.0 -16.351998339304  1
45.0 -15.637935613022 46.0 -15.969767680675  516.706939733725  0.0700967666507939
45.0 -15.637935613022 48.0 -16.517719667716  1
46.0 -15.969767680675 47.0 -16.351998339304  582.427440465849  0.0700858476035401
46.0 -15.969767680675 49.0 -16.630389952466  1
47.0 -16.351998339304 48.0 -16.517719667716  642.383953795405  0.0700778350699836
47.0 -16.351998339304 50.0 -16.769467712333  1
48.0 -16.517719667716 49.0 -16.630389952466  508.380960786862  0.0700983514408616
48.0 -16.517719667716 51.0 -16.870076326845  1
49.0 -16.630389952466 50.0 -16.769467712333  494.809792186028  0.070101048929891
49.0 -16.630389952466 52.0 -16.888916766174  1
50.0 -16.769467712333 51.0 -16.870076326845  568.722338011574  0.0700879163638531
50.0 -16.769467712333 53.0 -16.897263851982  1
51.0 -16.870076326845 52.0 -16.888916766174  450.456886655899  0.0701109984140129
51.0 -16.870076326845 54.0 -16.876823982299  1
52.0 -16.888916766174 53.0 -16.897263851982  511.355363872568  0.0700977793595854
53.0 -16.897263851982 56.0 -16.789050543957  1
54.0 -16.876823982299 55.0 -16.84588354948  488.862797276379  0.0701022781857784
55.0 -16.84588354948 58.0 -16.903060507684  1
56.0 -16.789050543957 57.0 -16.832496080166  480.397902905822  0.0701040803877318
56.0 -16.789050543957 59.0 -17.094308400378  1
57.0 -16.832496080166 58.0 -16.903060507684  493.343357676935  0.0701013492919727
58.0 -16.903060507684 61.0 -17.261601015943  1
59.0 -17.094308400378 60.0 -17.109043171305  497.120459893609  0.0701005792439336
59.0 -17.094308400378 62.0 -17.385208973099  1
60.0 -17.109043171305 61.0 -17.261601015943  408.158397897076  0.0701225014608486
60.0 -17.109043171305 63.0 -17.544376909743  1
61.0 -17.261601015943 62.0 -17.385208973099  482.711290469593  0.0701035815838311
61.0 -17.261601015943 64.0 -17.736941407452  1
62.0 -17.385208973099 63.0 -17.544376909743  439.108046208097  0.0701138671915301
63.0 -17.544376909743 66.0 -18.08930966041  1
64.0 -17.736941407452 65.0 -17.895989658292  490.73521196842  0.0701018879403405
64.0 -17.736941407452 67.0 -18.263841601321  1
65.0 -17.895989658292 66.0 -18.08930966041  491.86204289417  0.0701016545202508
66.0 -18.08930966041 69.0 -18.722019325698  1
67.0 -18.263841601321 68.0 -18.439310679008  471.084726149586  0.070106138019818
68.0 -18.439310679008 71.0 -19.318601155086  1
69.0 -18.722019325698 70.0 -18.99172174349  493.251734804024  0.0701013681178838
70.0 -18.99172174349 73.0 -19.704709856813  1
71.0 -19.318601155086 72.0 -19.543781465212998  503.225478090128  0.0700993590391921
71.0 -19.318601155086 74.0 -19.91124615724  1
72.0 -19.543781465212998 73.0 -19.704709856813  487.914279611886  0.070102477017151
72.0 -19.543781465212998 75.0 -20.169823162554  1
73.0 -19.704709856813 74.0 -19.91124615724  463.535663643085  0.0701078665654484
73.0 -19.704709856813 76.0 -20.440629748261  1
74.0 -19.91124615724 75.0 -20.169823162554  498.965363462918  0.0701002073563844
74.0 -19.91124615724 77.0 -20.64571126569  1
75.0 -20.169823162554 76.0 -20.440629748261  449.735138281176  0.0701111765475811
75.0 -20.169823162554 78.0 -20.66751422703  1
76.0 -20.440629748261 77.0 -20.64571126569  505.961712993178  0.0700988217066944
77.0 -20.64571126569 80.0 -20.533301783602  1
78.0 -20.66751422703 79.0 -20.578857410106  482.684475996726  0.0701035873380779
79.0 -20.578857410106 82.0 -20.414860380895  1
80.0 -20.533301783602 81.0 -20.503013915995  496.58546523123  0.07010068760264
80.0 -20.533301783602 83.0 -20.261221285139  1
81.0 -20.503013915995 82.0 -20.414860380895  480.424915404275  0.0701040745356804
81.0 -20.503013915995 84.0 -20.143236144993  1
82.0 -20.414860380895 83.0 -20.261221285139  479.126050170743  0.0701043566718658
84.0 -20.143236144993 87.0 -20.053950333814  1
85.0 -20.096291178188 86.0 -20.08853309823  487.663368372871  0.070102529743349
85.0 -20.096291178188 88.0 -20.133133798148  1
86.0 -20.08853309823 87.0 -20.053950333814  488.463374398443  0.0701023618199862
86.0 -20.08853309823 89.0 -20.149845755592  1
87.0 -20.053950333814 88.0 -20.133133798148  406.727931705378  0.070122932299708
87.0 -20.053950333814 90.0 -19.931440073157  1
88.0 -20.133133798148 89.0 -20.149845755592  515.354992143873  0.0700970205019107
88.0 -20.133133798148 91.0 -19.737658783655  1
89.0 -20.149845755592 90.0 -19.931440073157  404.840623532808  0.0701235053922299
89.0 -20.149845755592 92.0 -19.531050582599  1
90.0 -19.931440073157 91.0 -19.737658783655  483.391335613553  0.0701034358630705
92.0 -19.531050582599 95.0 -18.817156263196  1
93.0 -19.375666664726 94.0 -19.111405604843  483.825999048171  0.0701033429375403
93.0 -19.375666664726 96.0 -18.600566028621  1
94.0 -19.111405604843 95.0 -18.817156263196  414.51924585111  0.0701206216611182
94.0 -19.111405604843 97.0 -18.384061022341  1
95.0 -18.817156263196 96.0 -18.600566028621  486.650444321718  0.070102743150825
95.0 -18.817156263196 98.0 -18.192904263094  1
96.0 -18.600566028621 97.0 -18.384061022341  492.591764698377  0.0701015039299949
96.0 -18.600566028621 99.0 -18.071974903593  1
97.0 -18.384061022341 98.0 -18.192904263094  517.300669398222  0.070096655587278
97.0 -18.384061022341 100.0 -18.083563746985  1
98.0 -18.192904263094 99.0 -18.071974903593  500.694075185897  0.0700998613773919
98.0 -18.192904263094 101.0 -18.134493010851  1
99.0 -18.071974903593 100.0 -18.083563746985  494.284118652552  0.0701011563959132
100.0 -18.083563746985 103.0 -18.293431757352  1
101.0 -18.134493010851 102.0 -18.249165056822  488.154712219001  0.0701024265437749
101.0 -18.134493010851 104.0 -18.321351929833  1
102.0 -18.249165056822 103.0 -18.293431757352  478.52225141904  0.070104488348978
102.0 -18.249165056822 105.0 -18.372570506574  1
103.0 -18.293431757352 104.0 -18.321351929833  446.508777357943  0.0701119798815509
11.0 -3.5010068782309998 17.0 -5.73473062478  1
13.0 -4.228842176173 15.0 -5.031100941752  496.002249041707  0.0701008059945224
12.0 -3.905762274842 18.0 -6.083764254394  1
14.0 -4.627122323196 16.0 -5.390927233858  473.233014333687  0.0701056561957547
13.0 -4.228842176173 19.0 -6.438858724778  1
15.0 -5.031100941752 17.0 -5.73473062478  515.965691288141  0.07009690566804
14.0 -4.627122323196 20.0 -6.794782881081  1
16.0 -5.390927233858 18.0 -6.083764254394  460.144696833497  0.0701086614718024
16.0 -5.390927233858 22.0 -7.5100512078929995  1
18.0 -6.083764254394 20.0 -6.794782881081  519.336933878306  0.0700962766110752
17.0 -5.73473062478 23.0 -7.8934111970059995  1
19.0 -6.438858724778 21.0 -7.121280765751  478.211634193558  0.0701045562182617
18.0 -6.083764254394 24.0 -8.273571956019  1
20.0 -6.794782881081 22.0 -7.5100512078929995  464.498437494399  0.0701076429885743
20.0 -6.794782881081 26.0 -9.096962694477  1
22.0 -7.5100512078929995 24.0 -8.273571956019  439.254090119184  0.0701138293327819
21.0 -7.121280765751 27.0 -9.457357638147  1
23.0 -7.8934111970059995 25.0 -8.696051376394  470.769874055544  0.0701062090051967
22.0 -7.5100512078929995 28.0 -9.793833434110999  1
24.0 -8.273571956019 26.0 -9.096962694477  471.929309083645  0.0701059480711149
24.0 -8.273571956019 30.0 -10.516683096053  1
26.0 -9.096962694477 28.0 -9.793833434110999  393.355842390634  0.0701271113699396
25.0 -8.696051376394 31.0 -10.88314470352  1
27.0 -9.457357638147 29.0 -10.141723291542  481.312622322216  0.0701038825862467
26.0 -9.096962694477 32.0 -11.212862429865  1
28.0 -9.793833434110999 30.0 -10.516683096053  459.107117061431  0.0701089070461814
27.0 -9.457357638147 33.0 -11.575464665823  1
29.0 -10.141723291542 31.0 -10.88314470352  460.879115486561  0.0701084883179122
28.0 -9.793833434110999 34.0 -11.929749264984  1
30.0 -10.516683096053 32.0 -11.212862429865  458.372229634307  0.070109081651914
29.0 -10.141723291542 35.0 -12.256877871166  1
31.0 -10.88314470352 33.0 -11.575464665823  471.971166084595  0.0701059386750568
32.0 -11.212862429865 38.0 -13.322131914647  1
34.0 -11.929749264984 36.0 -12.573983451574  426.745957938102  0.0701171657260483
33.0 -11.575464665823 39.0 -13.694539719761  1
35.0 -12.256877871166 37.0 -12.954610666685  439.445002957057  0.0701137798806757
34.0 -11.929749264984 40.0 -14.037132411784  1
36.0 -12.573983451574 38.0 -13.322131914647  486.080353884528  0.070102863651247
35.0 -12.256877871166 41.0 -14.381878139674999  1
37.0 -12.954610666685 39.0 -13.694539719761  476.821478115145  0.0701048610482012
36.0 -12.573983451574 42.0 -14.711343305751999  1
38.0 -13.322131914647 40.0 -14.037132411784  482.522397373883  0.0701036221329251
37.0 -12.954610666685 43.0 -15.020524772497  1
39.0 -13.694539719761 41.0 -14.381878139674999  506.38308815377  0.0700987394744605
38.0 -13.322131914647 44.0 -15.337070145624999  1
40.0 -14.037132411784 42.0 -14.711343305751999  505.558337980367  0.0700989005545824
40.0 -14.037132411784 46.0 -15.969767680675  1
42.0 -14.711343305751999 44.0 -15.337070145624999  554.113247475513  0.0700902342620896
44.0 -15.337070145624999 50.0 -16.769467712333  1
46.0 -15.969767680675 48.0 -16.517719667716  580.378204874025  0.0700861507196171
45.0 -15.637935613022 51.0 -16.870076326845  1
47.0 -16.351998339304 49.0 -16.630389952466  549.419183342054  0.0700910051951515
46.0 -15.969767680675 52.0 -16.888916766174  1
48.0 -16.517719667716 50.0 -16.769467712333  499.838265772738  0.070100032357312
47.0 -16.351998339304 53.0 -16.897263851982  1
49.0 -16.630389952466 51.0 -16.870076326845  590.389568138709  0.0700846898432803
49.0 -16.630389952466 55.0 -16.84588354948  1
51.0 -16.870076326845 53.0 -16.897263851982  507.18271472519  0.0700985838013567
50.0 -16.769467712333 56.0 -16.789050543957  1
52.0 -16.888916766174 54.0 -16.876823982299  531.545041016566  0.0700940654058297
52.0 -16.888916766174 58.0 -16.903060507684  1
54.0 -16.876823982299 56.0 -16.789050543957  472.421592301163  0.0701058376687578
53.0 -16.897263851982 59.0 -17.094308400378  1
55.0 -16.84588354948 57.0 -16.832496080166  523.691459690972  0.0700954760652952
54.0 -16.876823982299 60.0 -17.109043171305  1
56.0 -16.789050543957 58.0 -16.903060507684  469.667249110433  0.070106458349171
55.0 -16.84588354948 61.0 -17.261601015943  1
57.0 -16.832496080166 59.0 -17.094308400378  464.347819193032  0.0701076779042204
56.0 -16.789050543957 62.0 -17.385208973099  1
58.0 -16.903060507684 60.0 -17.109043171305  552.959317273728  0.0700904225653463
58.0 -16.903060507684 64.0 -17.736941407452  1
60.0 -17.109043171305 62.0 -17.385208973099  424.126918338276  0.0701178892398434
59.0 -17.094308400378 65.0 -17.895989658292  1
61.0 -17.261601015943 63.0 -17.544376909743  484.494632290757  0.0701032003177488
60.0 -17.109043171305 66.0 -18.08930966041  1
62.0 -17.385208973099 64.0 -17.736941407452  460.745940841827  0.0701085196755258
61.0 -17.261601015943 67.0 -18.263841601321  1
63.0 -17.544376909743 65.0 -17.895989658292  494.1112298222  0.070101191790395
62.0 -17.385208973099 68.0 -18.439310679008  1
64.0 -17.736941407452 66.0 -18.08930966041  510.812888275539  0.0700978831997932
63.0 -17.544376909743 69.0 -18.722019325698  1
65.0 -17.895989658292 67.0 -18.263841601321  477.293274835232  0.0701047573947428
64.0 -17.736941407452 70.0 -18.99172174349  1
66.0 -18.08930966041 68.0 -18.439310679008  418.100219327307  0.07011958855243
65.0 -17.895989658292 71.0 -19.318601155086  1
67.0 -18.263841601321 69.0 -18.722019325698  484.990847938286  0.0701030947289264
67.0 -18.263841601321 73.0 -19.704709856813  1
69.0 -18.722019325698 71.0 -19.318601155086  455.037327650619  0.0701098810953777
69.0 -18.722019325698 75.0 -20.169823162554  1
71.0 -19.318601155086 73.0 -19.704709856813  512.266291036614  0.0700976054854182
70.0 -18.99172174349 76.0 -20.440629748261  1
72.0 -19.543781465212998 74.0 -19.91124615724  485.099357052994  0.0701030716682532
71.0 -19.318601155086 77.0 -20.64571126569  1
73.0 -19.704709856813 75.0 -20.169823162554  477.166091842713  0.0701047853165905
72.0 -19.543781465212998 78.0 -20.66751422703  1
74.0 -19.91124615724 76.0 -20.440629748261  484.954160207602  0.0701031025282443
73.0 -19.704709856813 79.0 -20.578857410106  1
75.0 -20.169823162554 77.0 -20.64571126569  538.338658970617  0.0700928783381368
74.0 -19.91124615724 80.0 -20.533301783602  1
76.0 -20.440629748261 78.0 -20.66751422703  584.349791657946  0.0700855651883748
75.0 -20.169823162554 81.0 -20.503013915995  1
77.0 -20.64571126569 79.0 -20.578857410106  513.536189129196  0.0700973641216694
76.0 -20.440629748261 82.0 -20.414860380895  1
78.0 -20.66751422703 80.0 -20.533301783602  466.620406635937  0.0701071534791212
77.0 -20.64571126569 83.0 -20.261221285139  1
79.0 -20.578857410106 81.0 -20.503013915995  492.450984107528  0.0701015329476712
79.0 -20.578857410106 85.0 -20.096291178188  1
81.0 -20.503013915995 83.0 -20.261221285139  542.059233460673  0.0700922408418002
80.0 -20.533301783602 86.0 -20.08853309823  1
82.0 -20.414860380895 84.0 -20.143236144993  436.746851626068  0.0701144827943552
81.0 -20.503013915995 87.0 -20.053950333814  1
83.0 -20.261221285139 85.0 -20.096291178188  436.283387297182  0.0701146044095554
82.0 -20.414860380895 88.0 -20.133133798148  1
84.0 -20.143236144993 86.0 -20.08853309823  498.159644527994  0.0701003694308626
83.0 -20.261221285139 89.0 -20.149845755592  1
85.0 -20.096291178188 87.0 -20.053950333814  471.974320128567  0.0701059379671046
84.0 -20.143236144993 90.0 -19.931440073157  1
86.0 -20.08853309823 88.0 -20.133133798148  413.392464941282  0.0701209504387244
85.0 -20.096291178188 91.0 -19.737658783655  1
87.0 -20.053950333814 89.0 -20.149845755592  473.561985784218  0.0701055827990864
86.0 -20.08853309823 92.0 -19.531050582599  1
88.0 -20.133133798148 90.0 -19.931440073157  465.742406614878  0.0701073554808191
87.0 -20.053950333814 93.0 -19.375666664726  1
89.0 -20.149845755592 91.0 -19.737658783655  462.845624274924  0.0701080273797086
88.0 -20.133133798148 94.0 -19.111405604843  1
90.0 -19.931440073157 92.0 -19.531050582599  429.334476692326  0.070116459317186
89.0 -20.149845755592 95.0 -18.817156263196  1
91.0 -19.737658783655 93.0 -19.375666664726  413.408902712961  0.0701209456295495
90.0 -19.931440073157 96.0 -18.600566028621  1
92.0 -19.531050582599 94.0 -19.111405604843  518.23890638247  0.0700964805987822
91.0 -19.737658783655 97.0 -18.384061022341  1
93.0 -19.375666664726 95.0 -18.817156263196  453.235018407148  0.070110318042449
92.0 -19.531050582599 98.0 -18.192904263094  1
94.0 -19.111405604843 96.0 -18.600566028621  402.381692162423  0.0701242601265761
93.0 -19.375666664726 99.0 -18.071974903593  1
95.0 -18.817156263196 97.0 -18.384061022341  480.003059628817  0.070104166002689
94.0 -19.111405604843 100.0 -18.083563746985  1
96.0 -18.600566028621 98.0 -18.192904263094  511.829930153438  0.0700976886990275
95.0 -18.817156263196 101.0 -18.134493010851  1
97.0 -18.384061022341 99.0 -18.071974903593  456.061389817394  0.0701096343630844
96.0 -18.600566028621 102.0 -18.249165056822  1
98.0 -18.192904263094 100.0 -18.083563746985  441.565295013739  0.0701132335366131
98.0 -18.192904263094 104.0 -18.321351929833  1
100.0 -18.083563746985 102.0 -18.249165056822  495.285752133768  0.0701009518238403
99.0 -18.071974903593 105.0 -18.372570506574  1
101.0 -18.134493010851 103.0 -18.293431757352  463.647915316143  0.0701078404503683
10.0 -3.147572839206 19.0 -6.438858724778  1
13.0 -4.228842176173 16.0 -5.390927233858  443.374333227889  0.0701127715256677
11.0 -3.5010068782309998 20.0 -6.794782881081  1
14.0 -4.627122323196 17.0 -5.73473062478  466.600856962627  0.0701071579686447
12.0 -3.905762274842 21.0 -7.121280765751  1
15.0 -5.031100941752 18.0 -6.083764254394  469.467257769893  0.0701065037000397
13.0 -4.228842176173 22.0 -7.5100512078929995  1
16.0 -5.390927233858 19.0 -6.438858724778  452.835139754442  0.0701104154594255
14.0 -4.627122323196 23.0 -7.8934111970059995  1
17.0 -5.73473062478 20.0 -6.794782881081  462.38299112448  0.0701081354655335
15.0 -5.031100941752 24.0 -8.273571956019  1
18.0 -6.083764254394 21.0 -7.121280765751  437.195879308054  0.0701143652133207
16.0 -5.390927233858 25.0 -8.696051376394  1
19.0 -6.438858724778 22.0 -7.5100512078929995  473.004757008154  0.0701057071821355
17.0 -5.73473062478 26.0 -9.096962694477  1
20.0 -6.794782881081 23.0 -7.8934111970059995  499.326276294606  0.0701001349265475
18.0 -6.083764254394 27.0 -9.457357638147  1
21.0 -7.121280765751 24.0 -8.273571956019  503.487944951903  0.070099307243602
19.0 -6.438858724778 28.0 -9.793833434110999  1
22.0 -7.5100512078929995 25.0 -8.696051376394  471.173936896147  0.0701061179239441
20.0 -6.794782881081 29.0 -10.141723291542  1
23.0 -7.8934111970059995 26.0 -9.096962694477  455.919266508033  0.0701096685393073
21.0 -7.121280765751 30.0 -10.516683096053  1
24.0 -8.273571956019 27.0 -9.457357638147  477.068757373019  0.0701048066955282
22.0 -7.5100512078929995 31.0 -10.88314470352  1
25.0 -8.696051376394 28.0 -9.793833434110999  449.938361894306  0.0701111263324814
24.0 -8.273571956019 33.0 -11.575464665823  1
27.0 -9.457357638147 30.0 -10.516683096053  459.372950548561  0.0701088440230107
26.0 -9.096962694477 35.0 -12.256877871166  1
29.0 -10.141723291542 32.0 -11.212862429865  451.604881275694  0.0701107162523548
30.0 -10.516683096053 39.0 -13.694539719761  1
33.0 -11.575464665823 36.0 -12.573983451574  489.292423085698  0.0701021883798745
31.0 -10.88314470352 40.0 -14.037132411784  1
34.0 -11.929749264984 37.0 -12.954610666685  486.448922469343  0.0701027857143689
32.0 -11.212862429865 41.0 -14.381878139674999  1
35.0 -12.256877871166 38.0 -13.322131914647  501.226568325281  0.0700997552866502
35.0 -12.256877871166 44.0 -15.337070145624999  1
38.0 -13.322131914647 41.0 -14.381878139674999  507.888465579053  0.0700984468114333
36.0 -12.573983451574 45.0 -15.637935613022  1
39.0 -13.694539719761 42.0 -14.711343305751999  527.40427207073  0.0700948039343779
37.0 -12.954610666685 46.0 -15.969767680675  1
40.0 -14.037132411784 43.0 -15.020524772497  547.396284987727  0.0700913415040826
38.0 -13.322131914647 47.0 -16.351998339304  1
41.0 -14.381878139674999 44.0 -15.337070145624999  474.918839952274  0.0701052811465745
39.0 -13.694539719761 48.0 -16.517719667716  1
42.0 -14.711343305751999 45.0 -15.637935613022  499.799792484777  0.0701000400575427
40.0 -14.037132411784 49.0 -16.630389952466  1
43.0 -15.020524772497 46.0 -15.969767680675  545.333270587475  0.0700916870521143
41.0 -14.381878139674999 50.0 -16.769467712333  1
44.0 -15.337070145624999 47.0 -16.351998339304  516.136866462973  0.0700968735295788
43.0 -15.020524772497 52.0 -16.888916766174  1
46.0 -15.969767680675 49.0 -16.630389952466  641.077777769723  0.0700779936565169
45.0 -15.637935613022 54.0 -16.876823982299  1
48.0 -16.517719667716 51.0 -16.870076326845  568.905770461516  0.0700878880169548
47.0 -16.351998339304 56.0 -16.789050543957  1
50.0 -16.769467712333 53.0 -16.897263851982  589.244088937642  0.0700848544787104
50.0 -16.769467712333 59.0 -17.094308400378  1
53.0 -16.897263851982 56.0 -16.789050543957  544.465159059025  0.0700918332406915
51.0 -16.870076326845 60.0 -17.109043171305  1
54.0 -16.876823982299 57.0 -16.832496080166  524.839814871203  0.0700952671626338
52.0 -16.888916766174 61.0 -17.261601015943  1
55.0 -16.84588354948 58.0 -16.903060507684  471.507912400911  0.0701060427591669
53.0 -16.897263851982 62.0 -17.385208973099  1
56.0 -16.789050543957 59.0 -17.094308400378  482.649428943804  0.0701035948599575
54.0 -16.876823982299 63.0 -17.544376909743  1
57.0 -16.832496080166 60.0 -17.109043171305  567.264798388616  0.070088142257623
55.0 -16.84588354948 64.0 -17.736941407452  1
58.0 -16.903060507684 61.0 -17.261601015943  473.896121710598  0.0701055083544882
56.0 -16.789050543957 65.0 -17.895989658292  1
59.0 -17.094308400378 62.0 -17.385208973099  515.324338792661  0.0700970262730403
57.0 -16.832496080166 66.0 -18.08930966041  1
60.0 -17.109043171305 63.0 -17.544376909743  445.780967821497  0.0701121627068207
58.0 -16.903060507684 67.0 -18.263841601321  1
61.0 -17.261601015943 64.0 -17.736941407452  497.503709676169  0.0701005017631578
59.0 -17.094308400378 68.0 -18.439310679008  1
62.0 -17.385208973099 65.0 -17.895989658292  530.77458157089  0.0700942019488801
60.0 -17.109043171305 69.0 -18.722019325698  1
63.0 -17.544376909743 66.0 -18.08930966041  391.422691690555  0.0701277391450763
62.0 -17.385208973099 71.0 -19.318601155086  1
65.0 -17.895989658292 68.0 -18.439310679008  452.381055311389  0.0701105262906414
63.0 -17.544376909743 72.0 -19.543781465212998  1
66.0 -18.08930966041 69.0 -18.722019325698  455.066979787337  0.0701098739355322
64.0 -17.736941407452 73.0 -19.704709856813  1
67.0 -18.263841601321 70.0 -18.99172174349  523.427894909287  0.07009552414093
65.0 -17.895989658292 74.0 -19.91124615724  1
68.0 -18.439310679008 71.0 -19.318601155086  480.195851662033  0.0701041241814708
66.0 -18.08930966041 75.0 -20.169823162554  1
69.0 -18.722019325698 72.0 -19.543781465212998  487.111029496435  0.0701026460025996
68.0 -18.439310679008 77.0 -20.64571126569  1
71.0 -19.318601155086 74.0 -19.91124615724  502.364354790956  0.0700995293545873
69.0 -18.722019325698 78.0 -20.66751422703  1
72.0 -19.543781465212998 75.0 -20.169823162554  490.970673203495  0.0701018390766067
70.0 -18.99172174349 79.0 -20.578857410106  1
73.0 -19.704709856813 76.0 -20.440629748261  483.329180312344  0.0701034491647446
71.0 -19.318601155086 80.0 -20.533301783602  1
74.0 -19.91124615724 77.0 -20.64571126569  488.805269625785  0.0701022902229313
72.0 -19.543781465212998 81.0 -20.503013915995  1
75.0 -20.169823162554 78.0 -20.66751422703  556.559711801738  0.0700898376201866
74.0 -19.91124615724 83.0 -20.261221285139  1
77.0 -20.64571126569 80.0 -20.533301783602  532.390221775992  0.0700939160750046
75.0 -20.169823162554 84.0 -20.143236144993  1
78.0 -20.66751422703 81.0 -20.503013915995  525.733217214119  0.0700951052708158
76.0 -20.440629748261 85.0 -20.096291178188  1
79.0 -20.578857410106 82.0 -20.414860380895  497.014546767699  0.070100600677234
77.0 -20.64571126569 86.0 -20.08853309823  1
80.0 -20.533301783602 83.0 -20.261221285139  462.757530501985  0.0701080479445591
78.0 -20.66751422703 87.0 -20.053950333814  1
81.0 -20.503013915995 84.0 -20.143236144993  515.176862578925  0.0700970540480986
79.0 -20.578857410106 88.0 -20.133133798148  1
82.0 -20.414860380895 85.0 -20.096291178188  457.035072936463  0.0701094007942952
80.0 -20.533301783602 89.0 -20.149845755592  1
83.0 -20.261221285139 86.0 -20.08853309823  472.903630078667  0.0701057297868314
81.0 -20.503013915995 90.0 -19.931440073157  1
84.0 -20.143236144993 87.0 -20.053950333814  459.330592647795  0.0701088540602353
82.0 -20.414860380895 91.0 -19.737658783655  1
85.0 -20.096291178188 88.0 -20.133133798148  442.935056915158  0.0701128833656749
83.0 -20.261221285139 92.0 -19.531050582599  1
86.0 -20.08853309823 89.0 -20.149845755592  505.339989459669  0.0700989432877724
84.0 -20.143236144993 93.0 -19.375666664726  1
87.0 -20.053950333814 90.0 -19.931440073157  507.528587880202  0.0700985166179679
85.0 -20.096291178188 94.0 -19.111405604843  1
88.0 -20.133133798148 91.0 -19.737658783655  492.728428511703  0.0701014757767296
86.0 -20.08853309823 95.0 -18.817156263196  1
89.0 -20.149845755592 92.0 -19.531050582599  501.633716961725  0.0700996743207431
87.0 -20.053950333814 96.0 -18.600566028621  1
90.0 -19.931440073157 93.0 -19.375666664726  472.171767314299  0.0701058936672228
88.0 -20.133133798148 97.0 -18.384061022341  1
91.0 -19.737658783655 94.0 -19.111405604843  436.321020349962  0.0701145945248292
89.0 -20.149845755592 98.0 -18.192904263094  1
92.0 -19.531050582599 95.0 -18.817156263196  426.40531411816  0.0701172593266184
90.0 -19.931440073157 99.0 -18.071974903593  1
93.0 -19.375666664726 96.0 -18.600566028621  460.430146307234  0.0701085941057531
93.0 -19.375666664726 102.0 -18.249165056822  1
96.0 -18.600566028621 99.0 -18.071974903593  418.788603626342  0.070119391978595
94.0 -19.111405604843 103.0 -18.293431757352  1
97.0 -18.384061022341 100.0 -18.083563746985  412.145046783316  0.0701213165131796
10.0 -3.147572839206 22.0 -7.5100512078929995  1
14.0 -4.627122323196 18.0 -6.083764254394  464.29586088399  0.0701076899542133
13.0 -4.228842176173 25.0 -8.696051376394  1
17.0 -5.73473062478 21.0 -7.121280765751  498.671789960075  0.0701002663495443
15.0 -5.031100941752 27.0 -9.457357638147  1
19.0 -6.438858724778 23.0 -7.8934111970059995  463.032163867081  0.0701079838592257
17.0 -5.73473062478 29.0 -10.141723291542  1
21.0 -7.121280765751 25.0 -8.696051376394  414.452159946999  0.0701206411857195
18.0 -6.083764254394 30.0 -10.516683096053  1
22.0 -7.5100512078929995 26.0 -9.096962694477  478.831626184754  0.0701044208386952
19.0 -6.438858724778 31.0 -10.88314470352  1
23.0 -7.8934111970059995 27.0 -9.457357638147  485.144261590021  0.0701030621280279
20.0 -6.794782881081 32.0 -11.212862429865  1
24.0 -8.273571956019 28.0 -9.793833434110999  507.241619909682  0.0700985723529723
21.0 -7.121280765751 33.0 -11.575464665823  1
25.0 -8.696051376394 29.0 -10.141723291542  478.968621266417  0.070104390972143
23.0 -7.8934111970059995 35.0 -12.256877871166  1
27.0 -9.457357638147 31.0 -10.88314470352  483.310656092666  0.0701034531297204
24.0 -8.273571956019 36.0 -12.573983451574  1
28.0 -9.793833434110999 32.0 -11.212862429865  476.912136156167  0.0701048411147659
25.0 -8.696051376394 37.0 -12.954610666685  1
29.0 -10.141723291542 33.0 -11.575464665823  519.967193060567  0.0700961599129085
26.0 -9.096962694477 38.0 -13.322131914647  1
30.0 -10.516683096053 34.0 -11.929749264984  506.285303187984  0.070098758545202
27.0 -9.457357638147 39.0 -13.694539719761  1
31.0 -10.88314470352 35.0 -12.256877871166  463.7834003097  0.0701078089469494
28.0 -9.793833434110999 40.0 -14.037132411784  1
32.0 -11.212862429865 36.0 -12.573983451574  489.680702334721  0.0701021073523249
29.0 -10.141723291542 41.0 -14.381878139674999  1
33.0 -11.575464665823 37.0 -12.954610666685  507.370858434576  0.0700985472444245
30.0 -10.516683096053 42.0 -14.711343305751999  1
34.0 -11.929749264984 38.0 -13.322131914647  540.467478068318  0.0700925125045057
31.0 -10.88314470352 43.0 -15.020524772497  1
35.0 -12.256877871166 39.0 -13.694539719761  496.519870720644  0.0701007009043313
32.0 -11.212862429865 44.0 -15.337070145624999  1
36.0 -12.573983451574 40.0 -14.037132411784  464.815959443719  0.0701075694562206
33.0 -11.575464665823 45.0 -15.637935613022  1
37.0 -12.954610666685 41.0 -14.381878139674999  538.074723662734  0.0700929238966284
34.0 -11.929749264984 46.0 -15.969767680675  1
38.0 -13.322131914647 42.0 -14.711343305751999  508.105288566899  0.070098404801377
35.0 -12.256877871166 47.0 -16.351998339304  1
39.0 -13.694539719761 43.0 -15.020524772497  567.113660140904  0.0700881657479165
36.0 -12.573983451574 48.0 -16.517719667716  1
40.0 -14.037132411784 44.0 -15.337070145624999  523.452874286356  0.0700955195824804
37.0 -12.954610666685 49.0 -16.630389952466  1
41.0 -14.381878139674999 45.0 -15.637935613022  537.41396548853  0.0700930381478914
38.0 -13.322131914647 50.0 -16.769467712333  1
42.0 -14.711343305751999 46.0 -15.969767680675  516.983390076277  0.0700967149060488
39.0 -13.694539719761 51.0 -16.870076326845  1
43.0 -15.020524772497 47.0 -16.351998339304  527.762556219398  0.0700947395744749
41.0 -14.381878139674999 53.0 -16.897263851982  1
45.0 -15.637935613022 49.0 -16.630389952466  561.83077626959  0.0700889947687309
42.0 -14.711343305751999 54.0 -16.876823982299  1
46.0 -15.969767680675 50.0 -16.769467712333  555.266595052976  0.0700900468359622
43.0 -15.020524772497 55.0 -16.84588354948  1
47.0 -16.351998339304 51.0 -16.870076326845  574.865198029351  0.0700869769124508
44.0 -15.337070145624999 56.0 -16.789050543957  1
48.0 -16.517719667716 52.0 -16.888916766174  589.024338970691  0.0700848861357535
45.0 -15.637935613022 57.0 -16.832496080166  1
49.0 -16.630389952466 53.0 -16.897263851982  516.527023137591  0.0700968003565356
47.0 -16.351998339304 59.0 -17.094308400378  1
51.0 -16.870076326845 55.0 -16.84588354948  555.745321831847  0.0700899692683605
48.0 -16.517719667716 60.0 -17.109043171305  1
52.0 -16.888916766174 56.0 -16.789050543957  583.116592473505  0.0700857461451884
50.0 -16.769467712333 62.0 -17.385208973099  1
54.0 -16.876823982299 58.0 -16.903060507684  473.817826742678  0.0701055257889804
51.0 -16.870076326845 63.0 -17.544376909743  1
55.0 -16.84588354948 59.0 -17.094308400378  493.118330944927  0.0701013955411152
52.0 -16.888916766174 64.0 -17.736941407452  1
56.0 -16.789050543957 60.0 -17.109043171305  539.945014217328  0.0700926020218419
54.0 -16.876823982299 66.0 -18.08930966041  1
58.0 -16.903060507684 62.0 -17.385208973099  567.498078256949  0.0700881060252285
55.0 -16.84588354948 67.0 -18.263841601321  1
59.0 -17.094308400378 63.0 -17.544376909743  504.392831208325  0.0700991290853207
56.0 -16.789050543957 68.0 -18.439310679008  1
60.0 -17.109043171305 64.0 -17.736941407452  478.451000454598  0.070104503909392
57.0 -16.832496080166 69.0 -18.722019325698  1
61.0 -17.261601015943 65.0 -17.895989658292  521.283558932088  0.0700959170860912
58.0 -16.903060507684 70.0 -18.99172174349  1
62.0 -17.385208973099 66.0 -18.08930966041  531.16719821247  0.070094132318728
61.0 -17.261601015943 73.0 -19.704709856813  1
65.0 -17.895989658292 69.0 -18.722019325698  511.953989974758  0.0700976650265046
63.0 -17.544376909743 75.0 -20.169823162554  1
67.0 -18.263841601321 71.0 -19.318601155086  501.049958226625  0.0700997904483955
64.0 -17.736941407452 76.0 -20.440629748261  1
68.0 -18.439310679008 72.0 -19.543781465212998  483.298435775621  0.0701034557455576
65.0 -17.895989658292 77.0 -20.64571126569  1
69.0 -18.722019325698 73.0 -19.704709856813  547.562829021627  0.0700913137220971
67.0 -18.263841601321 79.0 -20.578857410106  1
71.0 -19.318601155086 75.0 -20.169823162554  529.118336341032  0.0700944968196449
68.0 -18.439310679008 80.0 -20.533301783602  1
72.0 -19.543781465212998 76.0 -20.440629748261  495.01864391254  0.0701010062966615
71.0 -19.318601155086 83.0 -20.261221285139  1
75.0 -20.169823162554 79.0 -20.578857410106  599.838995011625  0.0700833557011395
73.0 -19.704709856813 85.0 -20.096291178188  1
77.0 -20.64571126569 81.0 -20.503013915995  562.925274663169  0.0700888217357622
75.0 -20.169823162554 87.0 -20.053950333814  1
79.0 -20.578857410106 83.0 -20.261221285139  494.660375448361  0.0701010794526541
76.0 -20.440629748261 88.0 -20.133133798148  1
80.0 -20.533301783602 84.0 -20.143236144993  528.120489424039  0.0700946753648103
78.0 -20.66751422703 90.0 -19.931440073157  1
82.0 -20.414860380895 86.0 -20.08853309823  448.298678370896  0.0701115327847535
79.0 -20.578857410106 91.0 -19.737658783655  1
83.0 -20.261221285139 87.0 -20.053950333814  467.948825146246  0.0701068492905915
80.0 -20.533301783602 92.0 -19.531050582599  1
84.0 -20.143236144993 88.0 -20.133133798148  446.54013806113  0.0701119720171564
81.0 -20.503013915995 93.0 -19.375666664726  1
85.0 -20.096291178188 89.0 -20.149845755592  478.913102504276  0.0701044030738323
82.0 -20.414860380895 94.0 -19.111405604843  1
86.0 -20.08853309823 90.0 -19.931440073157  508.997112078207  0.0700982323844547
83.0 -20.261221285139 95.0 -18.817156263196  1
87.0 -20.053950333814 91.0 -19.737658783655  508.798485488353  0.0700982707327676
84.0 -20.143236144993 96.0 -18.600566028621  1
88.0 -20.133133798148 92.0 -19.531050582599  518.561768149779  0.070096420528992
86.0 -20.08853309823 98.0 -18.192904263094  1
90.0 -19.931440073157 94.0 -19.111405604843  518.924067404415  0.0700963532106924
88.0 -20.133133798148 100.0 -18.083563746985  1
92.0 -19.531050582599 96.0 -18.600566028621  469.775193561536  0.0701064338872833
89.0 -20.149845755592 101.0 -18.134493010851  1
93.0 -19.375666664726 97.0 -18.384061022341  483.480612383408  0.0701034167631945
92.0 -19.531050582599 104.0 -18.321351929833  1
96.0 -18.600566028621 100.0 -18.083563746985  406.443478810041  0.0701230183349143
93.0 -19.375666664726 105.0 -18.372570506574  1
97.0 -18.384061022341 101.0 -18.134493010851  441.189881986249  0.0701133298881989
10.0 -3.147572839206 25.0 -8.696051376394  1
15.0 -5.031100941752 20.0 -6.794782881081  475.435555581684  0.0701051667243078
11.0 -3.5010068782309998 26.0 -9.096962694477  1
16.0 -5.390927233858 21.0 -7.121280765751  434.371453766462  0.0701151088534167
13.0 -4.228842176173 28.0 -9.793833434110999  1
18.0 -6.083764254394 23.0 -7.8934111970059995  513.329801152762  0.0700974032676219
14.0 -4.627122323196 29.0 -10.141723291542  1
19.0 -6.438858724778 24.0 -8.273571956019  446.509389525592  0.0701119797280257
15.0 -5.031100941752 30.0 -10.516683096053  1
20.0 -6.794782881081 25.0 -8.696051376394  502.320531002972  0.0700995380377946
18.0 -6.083764254394 33.0 -11.575464665823  1
23.0 -7.8934111970059995 28.0 -9.793833434110999  479.315799604885  0.0701043153596047
20.0 -6.794782881081 35.0 -12.256877871166  1
25.0 -8.696051376394 30.0 -10.516683096053  513.825428553383  0.0700973093140617
21.0 -7.121280765751 36.0 -12.573983451574  1
26.0 -9.096962694477 31.0 -10.88314470352  467.699070151716  0.0701069063489559
22.0 -7.5100512078929995 37.0 -12.954610666685  1
27.0 -9.457357638147 32.0 -11.212862429865  456.084854244429  0.0701096287226701
23.0 -7.8934111970059995 38.0 -13.322131914647  1
28.0 -9.793833434110999 33.0 -11.575464665823  483.112717950798  0.0701034955159369
24.0 -8.273571956019 39.0 -13.694539719761  1
29.0 -10.141723291542 34.0 -11.929749264984  533.327247099648  0.070093751069858
26.0 -9.096962694477 41.0 -14.381878139674999  1
31.0 -10.88314470352 36.0 -12.573983451574  536.615632749811  0.0700931765624191
27.0 -9.457357638147 42.0 -14.711343305751999  1
32.0 -11.212862429865 37.0 -12.954610666685  529.799012824596  0.0700943754117876
28.0 -9.793833434110999 43.0 -15.020524772497  1
33.0 -11.575464665823 38.0 -13.322131914647  490.913831433282  0.0701018508683164
29.0 -10.141723291542 44.0 -15.337070145624999  1
34.0 -11.929749264984 39.0 -13.694539719761  586.441455513031  0.0700852600025628
30.0 -10.516683096053 45.0 -15.637935613022  1
35.0 -12.256877871166 40.0 -14.037132411784  589.088563108622  0.0700848768812217
31.0 -10.88314470352 46.0 -15.969767680675  1
36.0 -12.573983451574 41.0 -14.381878139674999  502.906664858195  0.0700994220269761
32.0 -11.212862429865 47.0 -16.351998339304  1
37.0 -12.954610666685 42.0 -14.711343305751999  577.837052584872  0.0700865295843808
33.0 -11.575464665823 48.0 -16.517719667716  1
38.0 -13.322131914647 43.0 -15.020524772497  529.577369249607  0.0700944149106501
34.0 -11.929749264984 49.0 -16.630389952466  1
39.0 -13.694539719761 44.0 -15.337070145624999  526.980276528335  0.0700948802113229
35.0 -12.256877871166 50.0 -16.769467712333  1
40.0 -14.037132411784 45.0 -15.637935613022  546.747411025661  0.0700914499071998
36.0 -12.573983451574 51.0 -16.870076326845  1
41.0 -14.381878139674999 46.0 -15.969767680675  470.584257090778  0.0701062508982113
37.0 -12.954610666685 52.0 -16.888916766174  1
42.0 -14.711343305751999 47.0 -16.351998339304  596.680361522501  0.0700837969593509
38.0 -13.322131914647 53.0 -16.897263851982  1
43.0 -15.020524772497 48.0 -16.517719667716  672.853378668308  0.0700743103944859
40.0 -14.037132411784 55.0 -16.84588354948  1
45.0 -15.637935613022 50.0 -16.769467712333  593.480780129122  0.0700842487266212
42.0 -14.711343305751999 57.0 -16.832496080166  1
47.0 -16.351998339304 52.0 -16.888916766174  590.133145995089  0.0700847266423507
43.0 -15.020524772497 58.0 -16.903060507684  1
48.0 -16.517719667716 53.0 -16.897263851982  578.086575687433  0.0700864922350784
45.0 -15.637935613022 60.0 -17.109043171305  1
50.0 -16.769467712333 55.0 -16.84588354948  553.402485477949  0.0700903501543851
46.0 -15.969767680675 61.0 -17.261601015943  1
51.0 -16.870076326845 56.0 -16.789050543957  564.848606310241  0.0700885192942701
47.0 -16.351998339304 62.0 -17.385208973099  1
52.0 -16.888916766174 57.0 -16.832496080166  532.268316742202  0.0700939375845364
48.0 -16.517719667716 63.0 -17.544376909743  1
53.0 -16.897263851982 58.0 -16.903060507684  531.226729360971  0.070094121769927
50.0 -16.769467712333 65.0 -17.895989658292  1
55.0 -16.84588354948 60.0 -17.109043171305  486.878200220373  0.0701026950887868
52.0 -16.888916766174 67.0 -18.263841601321  1
57.0 -16.832496080166 62.0 -17.385208973099  497.068617921571  0.0701005897338864
53.0 -16.897263851982 68.0 -18.439310679008  1
58.0 -16.903060507684 63.0 -17.544376909743  489.894422819101  0.0701020628071499
55.0 -16.84588354948 70.0 -18.99172174349  1
60.0 -17.109043171305 65.0 -17.895989658292  542.174552937186  0.070092221222352
56.0 -16.789050543957 71.0 -19.318601155086  1
61.0 -17.261601015943 66.0 -18.08930966041  522.74577687446  0.0700956487880188
57.0 -16.832496080166 72.0 -19.543781465212998  1
62.0 -17.385208973099 67.0 -18.263841601321  536.088615195993  0.0700932681623573
58.0 -16.903060507684 73.0 -19.704709856813  1
63.0 -17.544376909743 68.0 -18.439310679008  533.311687421449  0.0700937538050999
59.0 -17.094308400378 74.0 -19.91124615724  1
64.0 -17.736941407452 69.0 -18.722019325698  512.003618029954  0.0700976555599204
60.0 -17.109043171305 75.0 -20.169823162554  1
65.0 -17.895989658292 70.0 -18.99172174349  542.360790049093  0.0700921895552137
61.0 -17.261601015943 76.0 -20.440629748261  1
66.0 -18.08930966041 71.0 -19.318601155086  490.291028391644  0.0701019802466385
62.0 -17.385208973099 77.0 -20.64571126569  1
67.0 -18.263841601321 72.0 -19.543781465212998  546.143663914886  0.0700915510026091
63.0 -17.544376909743 78.0 -20.66751422703  1
68.0 -18.439310679008 73.0 -19.704709856813  517.645333048483  0.0700965912311148
64.0 -17.736941407452 79.0 -20.578857410106  1
69.0 -18.722019325698 74.0 -19.91124615724  516.958807092561  0.0700967195051405
65.0 -17.895989658292 80.0 -20.533301783602  1
70.0 -18.99172174349 75.0 -20.169823162554  542.44190942154  0.0700921757687442
66.0 -18.08930966041 81.0 -20.503013915995  1
71.0 -19.318601155086 76.0 -20.440629748261  502.693393780015  0.0700994642074447
67.0 -18.263841601321 82.0 -20.414860380895  1
72.0 -19.543781465212998 77.0 -20.64571126569  544.164388363801  0.0700918839987864
69.0 -18.722019325698 84.0 -20.143236144993  1
74.0 -19.91124615724 79.0 -20.578857410106  540.266167854552  0.0700925469758703
70.0 -18.99172174349 85.0 -20.096291178188  1
75.0 -20.169823162554 80.0 -20.533301783602  598.279261736919  0.0700835730121329
71.0 -19.318601155086 86.0 -20.08853309823  1
76.0 -20.440629748261 81.0 -20.503013915995  591.944289246814  0.0700844674083496
72.0 -19.543781465212998 87.0 -20.053950333814  1
77.0 -20.64571126569 82.0 -20.414860380895  549.305218800857  0.0700910240760304
73.0 -19.704709856813 88.0 -20.133133798148  1
78.0 -20.66751422703 83.0 -20.261221285139  556.369793980351  0.0700898682864185
74.0 -19.91124615724 89.0 -20.149845755592  1
79.0 -20.578857410106 84.0 -20.143236144993  486.104650250042  0.0701028585099408
75.0 -20.169823162554 90.0 -19.931440073157  1
80.0 -20.533301783602 85.0 -20.096291178188  449.130335762659  0.0701113262588133
76.0 -20.440629748261 91.0 -19.737658783655  1
81.0 -20.503013915995 86.0 -20.08853309823  444.439895770439  0.0701125011513949
77.0 -20.64571126569 92.0 -19.531050582599  1
82.0 -20.414860380895 87.0 -20.053950333814  454.5006240662  0.0701100108500461
78.0 -20.66751422703 93.0 -19.375666664726  1
83.0 -20.261221285139 88.0 -20.133133798148  452.161729622175  0.0701105799025534
79.0 -20.578857410106 94.0 -19.111405604843  1
84.0 -20.143236144993 89.0 -20.149845755592  532.178118982516  0.0700939535058217
80.0 -20.533301783602 95.0 -18.817156263196  1
85.0 -20.096291178188 90.0 -19.931440073157  520.868165818481  0.0700959935801057
81.0 -20.503013915995 96.0 -18.600566028621  1
86.0 -20.08853309823 91.0 -19.737658783655  502.006355782113  0.0700996003325936
83.0 -20.261221285139 98.0 -18.192904263094  1
88.0 -20.133133798148 93.0 -19.375666664726  550.594700283052  0.0700908108995134
84.0 -20.143236144993 99.0 -18.071974903593  1
89.0 -20.149845755592 94.0 -19.111405604843  610.997256486555  0.0700818334280051
85.0 -20.096291178188 100.0 -18.083563746985  1
90.0 -19.931440073157 95.0 -18.817156263196  548.439029310551  0.0700911678369478
86.0 -20.08853309823 101.0 -18.134493010851  1
91.0 -19.737658783655 96.0 -18.600566028621  522.890263307343  0.0700956223580905
87.0 -20.053950333814 102.0 -18.249165056822  1
92.0 -19.531050582599 97.0 -18.384061022341  453.429528989811  0.0701102707186085
88.0 -20.133133798148 103.0 -18.293431757352  1
93.0 -19.375666664726 98.0 -18.192904263094  430.40021593856  0.0701161709454327
89.0 -20.149845755592 104.0 -18.321351929833  1
94.0 -19.111405604843 99.0 -18.071974903593  453.348793763331  0.0701102903563169
90.0 -19.931440073157 105.0 -18.372570506574  1
95.0 -18.817156263196 100.0 -18.083563746985  416.96884195377  0.070119913036585
10.0 -3.147572839206 28.0 -9.793833434110999  1
16.0 -5.390927233858 22.0 -7.5100512078929995  458.033353833264  0.0701091623559323
11.0 -3.5010068782309998 29.0 -10.141723291542  1
17.0 -5.73473062478 23.0 -7.8934111970059995  498.838445810012  0.0701002328517779
12.0 -3.905762274842 30.0 -10.516683096053  1
18.0 -6.083764254394 24.0 -8.273571956019  462.145010055349  0.0701081911497736
14.0 -4.627122323196 32.0 -11.212862429865  1
20.0 -6.794782881081 26.0 -9.096962694477  555.163663594687  0.070090063531313
15.0 -5.031100941752 33.0 -11.575464665823  1
21.0 -7.121280765751 27.0 -9.457357638147  521.052271037706  0.0700959596623587
16.0 -5.390927233858 34.0 -11.929749264984  1
22.0 -7.5100512078929995 28.0 -9.793833434110999  515.569012623228  0.0700969802272359
17.0 -5.73473062478 35.0 -12.256877871166  1
23.0 -7.8934111970059995 29.0 -10.141723291542  475.293330272607  0.0701051981940738
18.0 -6.083764254394 36.0 -12.573983451574  1
24.0 -8.273571956019 30.0 -10.516683096053  550.250365855776  0.0700908677269523
19.0 -6.438858724778 37.0 -12.954610666685  1
25.0 -8.696051376394 31.0 -10.88314470352  580.512682548937  0.0700861307625192
20.0 -6.794782881081 38.0 -13.322131914647  1
26.0 -9.096962694477 32.0 -11.212862429865  497.872831778033  0.0701004272513152
21.0 -7.121280765751 39.0 -13.694539719761  1
27.0 -9.457357638147 33.0 -11.575464665823  464.457123600677  0.0701076525635184
25.0 -8.696051376394 43.0 -15.020524772497  1
31.0 -10.88314470352 37.0 -12.954610666685  518.456042840477  0.0700964401913922
26.0 -9.096962694477 44.0 -15.337070145624999  1
32.0 -11.212862429865 38.0 -13.322131914647  606.67845245245  0.0700824159813125
27.0 -9.457357638147 45.0 -15.637935613022  1
33.0 -11.575464665823 39.0 -13.694539719761  523.196550822361  0.0700955663792535
28.0 -9.793833434110999 46.0 -15.969767680675  1
34.0 -11.929749264984 40.0 -14.037132411784  572.894758260226  0.0700872760647206
30.0 -10.516683096053 48.0 -16.517719667716  1
36.0 -12.573983451574 42.0 -14.711343305751999  511.676497953782  0.0700977179921297
33.0 -11.575464665823 51.0 -16.870076326845  1
39.0 -13.694539719761 45.0 -15.637935613022  508.563331520123  0.0700983161720499
34.0 -11.929749264984 52.0 -16.888916766174  1
40.0 -14.037132411784 46.0 -15.969767680675  516.302036087705  0.0700968425388729
35.0 -12.256877871166 53.0 -16.897263851982  1
41.0 -14.381878139674999 47.0 -16.351998339304  509.983906478758  0.070098042309502
36.0 -12.573983451574 54.0 -16.876823982299  1
42.0 -14.711343305751999 48.0 -16.517719667716  565.123318852493  0.0700884762640861
37.0 -12.954610666685 55.0 -16.84588354948  1
43.0 -15.020524772497 49.0 -16.630389952466  535.39157239804  0.070093389591054
38.0 -13.322131914647 56.0 -16.789050543957  1
44.0 -15.337070145624999 50.0 -16.769467712333  594.621382314749  0.0700840871207917
39.0 -13.694539719761 57.0 -16.832496080166  1
45.0 -15.637935613022 51.0 -16.870076326845  637.176795176283  0.0700784711564805
40.0 -14.037132411784 58.0 -16.903060507684  1
46.0 -15.969767680675 52.0 -16.888916766174  591.617301293426  0.0700845140936391
41.0 -14.381878139674999 59.0 -17.094308400378  1
47.0 -16.351998339304 53.0 -16.897263851982  656.995268686351  0.070076104048816
42.0 -14.711343305751999 60.0 -17.109043171305  1
48.0 -16.517719667716 54.0 -16.876823982299  601.488915685819  0.0700831270513821
43.0 -15.020524772497 61.0 -17.261601015943  1
49.0 -16.630389952466 55.0 -16.84588354948  502.28951620264  0.0700995441839559
44.0 -15.337070145624999 62.0 -17.385208973099  1
50.0 -16.769467712333 56.0 -16.789050543957  544.58643950249  0.0700918127892528
45.0 -15.637935613022 63.0 -17.544376909743  1
51.0 -16.870076326845 57.0 -16.832496080166  534.917479975752  0.070093472361386
46.0 -15.969767680675 64.0 -17.736941407452  1
52.0 -16.888916766174 58.0 -16.903060507684  501.208956280674  0.0700997587919638
48.0 -16.517719667716 66.0 -18.08930966041  1
54.0 -16.876823982299 60.0 -17.109043171305  503.907215480198  0.070099224616088
49.0 -16.630389952466 67.0 -18.263841601321  1
55.0 -16.84588354948 61.0 -17.261601015943  394.7406309452  0.0701266654508817
50.0 -16.769467712333 68.0 -18.439310679008  1
56.0 -16.789050543957 62.0 -17.385208973099  485.600669016195  0.0701029652617681
51.0 -16.870076326845 69.0 -18.722019325698  1
57.0 -16.832496080166 63.0 -17.544376909743  521.238452822133  0.0700959253864125
52.0 -16.888916766174 70.0 -18.99172174349  1
58.0 -16.903060507684 64.0 -17.736941407452  487.11076360448  0.0701026460586295
53.0 -16.897263851982 71.0 -19.318601155086  1
59.0 -17.094308400378 65.0 -17.895989658292  533.890584759129  0.0700936521478882
54.0 -16.876823982299 72.0 -19.543781465212998  1
60.0 -17.109043171305 66.0 -18.08930966041  568.747128597536  0.070087912531749
55.0 -16.84588354948 73.0 -19.704709856813  1
61.0 -17.261601015943 67.0 -18.263841601321  484.332181712054  0.0701032349323212
56.0 -16.789050543957 74.0 -19.91124615724  1
62.0 -17.385208973099 68.0 -18.439310679008  499.70461025547  0.0701000591128716
57.0 -16.832496080166 75.0 -20.169823162554  1
63.0 -17.544376909743 69.0 -18.722019325698  518.142233415983  0.0700964985997578
58.0 -16.903060507684 76.0 -20.440629748261  1
64.0 -17.736941407452 70.0 -18.99172174349  545.909640289021  0.0700915902492096
59.0 -17.094308400378 77.0 -20.64571126569  1
65.0 -17.895989658292 71.0 -19.318601155086  556.050168467135  0.0700899199439825
61.0 -17.261601015943 79.0 -20.578857410106  1
67.0 -18.263841601321 73.0 -19.704709856813  499.634205440143  0.0701000732124734
62.0 -17.385208973099 80.0 -20.533301783602  1
68.0 -18.439310679008 74.0 -19.91124615724  458.4952236658  0.0701090523901214
63.0 -17.544376909743 81.0 -20.503013915995  1
69.0 -18.722019325698 75.0 -20.169823162554  488.604726296055  0.0701023322070153
65.0 -17.895989658292 83.0 -20.261221285139  1
71.0 -19.318601155086 77.0 -20.64571126569  525.786541798609  0.0700950956253634
66.0 -18.08930966041 84.0 -20.143236144993  1
72.0 -19.543781465212998 78.0 -20.66751422703  607.878200222997  0.0700822533197961
67.0 -18.263841601321 85.0 -20.096291178188  1
73.0 -19.704709856813 79.0 -20.578857410106  630.101139267803  0.0700793523402578
71.0 -19.318601155086 89.0 -20.149845755592  1
77.0 -20.64571126569 83.0 -20.261221285139  520.101962049168  0.0700961349959208
73.0 -19.704709856813 91.0 -19.737658783655  1
79.0 -20.578857410106 85.0 -20.096291178188  451.619373414904  0.0701107126995504
74.0 -19.91124615724 92.0 -19.531050582599  1
80.0 -20.533301783602 86.0 -20.08853309823  409.473072520438  0.0701221081515623
75.0 -20.169823162554 93.0 -19.375666664726  1
81.0 -20.503013915995 87.0 -20.053950333814  443.303185964946  0.0701127896247602
77.0 -20.64571126569 95.0 -18.817156263196  1
83.0 -20.261221285139 89.0 -20.149845755592  471.313546363616  0.0701060864903752
79.0 -20.578857410106 97.0 -18.384061022341  1
85.0 -20.096291178188 91.0 -19.737658783655  531.436293993666  0.0700940846542946
81.0 -20.503013915995 99.0 -18.071974903593  1
87.0 -20.053950333814 93.0 -19.375666664726  593.77098613206  0.0700842075499945
82.0 -20.414860380895 100.0 -18.083563746985  1
88.0 -20.133133798148 94.0 -19.111405604843  575.257525489022  0.0700869175939202
83.0 -20.261221285139 101.0 -18.134493010851  1
89.0 -20.149845755592 95.0 -18.817156263196  590.580752280877  0.0700846624272919
84.0 -20.143236144993 102.0 -18.249165056822  1
90.0 -19.931440073157 96.0 -18.600566028621  454.553618031247  0.0701099980244719
85.0 -20.096291178188 103.0 -18.293431757352  1
91.0 -19.737658783655 97.0 -18.384061022341  477.112589047606  0.0701047970670818
86.0 -20.08853309823 104.0 -18.321351929833  1
92.0 -19.531050582599 98.0 -18.192904263094  473.020825166658  0.0701057035913427
10.0 -3.147572839206 31.0 -10.88314470352  1
17.0 -5.73473062478 24.0 -8.273571956019  493.657433680392  0.0701012848112652
11.0 -3.5010068782309998 32.0 -11.212862429865  1
18.0 -6.083764254394 25.0 -8.696051376394  469.431113124945  0.0701065119004728
14.0 -4.627122323196 35.0 -12.256877871166  1
21.0 -7.121280765751 28.0 -9.793833434110999  441.319088283385  0.0701132967082718
15.0 -5.031100941752 36.0 -12.573983451574  1
22.0 -7.5100512078929995 29.0 -10.141723291542  581.790884022293  0.0700859415322123
16.0 -5.390927233858 37.0 -12.954610666685  1
23.0 -7.8934111970059995 30.0 -10.516683096053  481.210897034514  0.0701039045464434
18.0 -6.083764254394 39.0 -13.694539719761  1
25.0 -8.696051376394 32.0 -11.212862429865  507.731525348291  0.0700984772414234
19.0 -6.438858724778 40.0 -14.037132411784  1
26.0 -9.096962694477 33.0 -11.575464665823  526.971583258554  0.0700948817765293
22.0 -7.5100512078929995 43.0 -15.020524772497  1
29.0 -10.141723291542 36.0 -12.573983451574  516.385361984833  0.0700968269119942
23.0 -7.8934111970059995 44.0 -15.337070145624999  1
30.0 -10.516683096053 37.0 -12.954610666685  545.680741232246  0.0700916286689669
24.0 -8.273571956019 45.0 -15.637935613022  1
31.0 -10.88314470352 38.0 -13.322131914647  542.58933629965  0.070092150723678
25.0 -8.696051376394 46.0 -15.969767680675  1
32.0 -11.212862429865 39.0 -13.694539719761  573.844332995293  0.0700871316437666
27.0 -9.457357638147 48.0 -16.517719667716  1
34.0 -11.929749264984 41.0 -14.381878139674999  527.591248606303  0.0700947703361875
28.0 -9.793833434110999 49.0 -16.630389952466  1
35.0 -12.256877871166 42.0 -14.711343305751999  506.287457297083  0.0700987581250125
29.0 -10.141723291542 50.0 -16.769467712333  1
36.0 -12.573983451574 43.0 -15.020524772497  563.577244947984  0.0700887189829757
30.0 -10.516683096053 51.0 -16.870076326845  1
37.0 -12.954610666685 44.0 -15.337070145624999  535.628053255578  0.0700933483593626
31.0 -10.88314470352 52.0 -16.888916766174  1
38.0 -13.322131914647 45.0 -15.637935613022  541.451668808476  0.0700923443455443
32.0 -11.212862429865 53.0 -16.897263851982  1
39.0 -13.694539719761 46.0 -15.969767680675  465.098973928282  0.0701075039997996
33.0 -11.575464665823 54.0 -16.876823982299  1
40.0 -14.037132411784 47.0 -16.351998339304  564.304331611082  0.0700886046716268
34.0 -11.929749264984 55.0 -16.84588354948  1
41.0 -14.381878139674999 48.0 -16.517719667716  540.20077109783  0.0700925581796161
38.0 -13.322131914647 59.0 -17.094308400378  1
45.0 -15.637935613022 52.0 -16.888916766174  602.403113983615  0.0700830008989651
40.0 -14.037132411784 61.0 -17.261601015943  1
47.0 -16.351998339304 54.0 -16.876823982299  584.057066652326  0.0700856080730032
41.0 -14.381878139674999 62.0 -17.385208973099  1
48.0 -16.517719667716 55.0 -16.84588354948  562.634178674576  0.0700888676904019
42.0 -14.711343305751999 63.0 -17.544376909743  1
49.0 -16.630389952466 56.0 -16.789050543957  522.130614106902  0.0700957614793102
43.0 -15.020524772497 64.0 -17.736941407452  1
50.0 -16.769467712333 57.0 -16.832496080166  502.689744366487  0.0700994649295323
45.0 -15.637935613022 66.0 -18.08930966041  1
52.0 -16.888916766174 59.0 -17.094308400378  503.913669326528  0.0700992233452743
46.0 -15.969767680675 67.0 -18.263841601321  1
53.0 -16.897263851982 60.0 -17.109043171305  503.162028912261  0.070099371568455
47.0 -16.351998339304 68.0 -18.439310679008  1
54.0 -16.876823982299 61.0 -17.261601015943  505.611741368393  0.0700988901085736
50.0 -16.769467712333 71.0 -19.318601155086  1
57.0 -16.832496080166 64.0 -17.736941407452  489.853845317109  0.0701020712616181
51.0 -16.870076326845 72.0 -19.543781465212998  1
58.0 -16.903060507684 65.0 -17.895989658292  482.652281814601  0.0701035942476269
52.0 -16.888916766174 73.0 -19.704709856813  1
59.0 -17.094308400378 66.0 -18.08930966041  528.161342850542  0.0700946680416445
53.0 -16.897263851982 74.0 -19.91124615724  1
60.0 -17.109043171305 67.0 -18.263841601321  463.075673508094  0.0701079737132837
54.0 -16.876823982299 75.0 -20.169823162554  1
61.0 -17.261601015943 68.0 -18.439310679008  497.337098331283  0.070100535431939
55.0 -16.84588354948 76.0 -20.440629748261  1
62.0 -17.385208973099 69.0 -18.722019325698  510.004062467158  0.0700980384347492
56.0 -16.789050543957 77.0 -20.64571126569  1
63.0 -17.544376909743 70.0 -18.99172174349  560.830549524367  0.0700891534885937
57.0 -16.832496080166 78.0 -20.66751422703  1
64.0 -17.736941407452 71.0 -19.318601155086  518.809745144445  0.0700963744425928
59.0 -17.094308400378 80.0 -20.533301783602  1
66.0 -18.08930966041 73.0 -19.704709856813  523.396785937768  0.0700955298185686
60.0 -17.109043171305 81.0 -20.503013915995  1
67.0 -18.263841601321 74.0 -19.91124615724  500.449181699614  0.0700999102442933
62.0 -17.385208973099 83.0 -20.261221285139  1
69.0 -18.722019325698 76.0 -20.440629748261  547.904773607654  0.070091256733667
63.0 -17.544376909743 84.0 -20.143236144993  1
70.0 -18.99172174349 77.0 -20.64571126569  576.455467257477  0.0700867369690115
64.0 -17.736941407452 85.0 -20.096291178188  1
71.0 -19.318601155086 78.0 -20.66751422703  573.781378286096  0.0700871412037619
65.0 -17.895989658292 86.0 -20.08853309823  1
72.0 -19.543781465212998 79.0 -20.578857410106  558.372096615486  0.0700895460219146
66.0 -18.08930966041 87.0 -20.053950333814  1
73.0 -19.704709856813 80.0 -20.533301783602  576.415739220185  0.0700867429471438
69.0 -18.722019325698 90.0 -19.931440073157  1
76.0 -20.440629748261 83.0 -20.261221285139  465.045749817831  0.0701075163035456
70.0 -18.99172174349 91.0 -19.737658783655  1
77.0 -20.64571126569 84.0 -20.143236144993  570.938749556462  0.0700875750683219
72.0 -19.543781465212998 93.0 -19.375666664726  1
79.0 -20.578857410106 86.0 -20.08853309823  429.242950933135  0.0701164841493409
73.0 -19.704709856813 94.0 -19.111405604843  1
80.0 -20.533301783602 87.0 -20.053950333814  454.301598375121  0.0701100590448698
74.0 -19.91124615724 95.0 -18.817156263196  1
81.0 -20.503013915995 88.0 -20.133133798148  424.671946233319  0.070117737939705
75.0 -20.169823162554 96.0 -18.600566028621  1
82.0 -20.414860380895 89.0 -20.149845755592  499.396121178777  0.0701001209218085
76.0 -20.440629748261 97.0 -18.384061022341  1
83.0 -20.261221285139 90.0 -19.931440073157  485.357610153197  0.0701030168250256
77.0 -20.64571126569 98.0 -18.192904263094  1
84.0 -20.143236144993 91.0 -19.737658783655  546.948938546799  0.0700914162117818
79.0 -20.578857410106 100.0 -18.083563746985  1
86.0 -20.08853309823 93.0 -19.375666664726  557.641182896723  0.0700896633920405
80.0 -20.533301783602 101.0 -18.134493010851  1
87.0 -20.053950333814 94.0 -19.111405604843  543.183421436899  0.0700920499375105
81.0 -20.503013915995 102.0 -18.249165056822  1
88.0 -20.133133798148 95.0 -18.817156263196  592.166029880068  0.0700844357789489
84.0 -20.143236144993 105.0 -18.372570506574  1
91.0 -19.737658783655 98.0 -18.192904263094  529.780019174644  0.0700943787953307
11.0 -3.5010068782309998 35.0 -12.256877871166  1
19.0 -6.438858724778 27.0 -9.457357638147  472.785968121526  0.0701057560997393
12.0 -3.905762274842 36.0 -12.573983451574  1
20.0 -6.794782881081 28.0 -9.793833434110999  569.372665934257  0.0700878159472548
13.0 -4.228842176173 37.0 -12.954610666685  1
21.0 -7.121280765751 29.0 -10.141723291542  557.122005357344  0.0700897469486382
15.0 -5.031100941752 39.0 -13.694539719761  1
23.0 -7.8934111970059995 31.0 -10.88314470352  497.327649311752  0.0701005373420706
16.0 -5.390927233858 40.0 -14.037132411784  1
24.0 -8.273571956019 32.0 -11.212862429865  522.377655537939  0.0700957161920498
17.0 -5.73473062478 41.0 -14.381878139674999  1
25.0 -8.696051376394 33.0 -11.575464665823  541.936980195653  0.0700922616500206
18.0 -6.083764254394 42.0 -14.711343305751999  1
26.0 -9.096962694477 34.0 -11.929749264984  495.646776013316  0.0701008782915974
19.0 -6.438858724778 43.0 -15.020524772497  1
27.0 -9.457357638147 35.0 -12.256877871166  555.975660680546  0.0700899319943949
20.0 -6.794782881081 44.0 -15.337070145624999  1
28.0 -9.793833434110999 36.0 -12.573983451574  546.87189980923  0.0700914290897328
21.0 -7.121280765751 45.0 -15.637935613022  1
29.0 -10.141723291542 37.0 -12.954610666685  473.639145705584  0.0701055655987334
24.0 -8.273571956019 48.0 -16.517719667716  1
32.0 -11.212862429865 40.0 -14.037132411784  489.349108660662  0.0701021765425033
25.0 -8.696051376394 49.0 -16.630389952466  1
33.0 -11.575464665823 41.0 -14.381878139674999  498.505092032858  0.070100299878174
27.0 -9.457357638147 51.0 -16.870076326845  1
35.0 -12.256877871166 43.0 -15.020524772497  486.580106799931  0.0701027580028473
28.0 -9.793833434110999 52.0 -16.888916766174  1
36.0 -12.573983451574 44.0 -15.337070145624999  536.841830612674  0.0700931373025514
29.0 -10.141723291542 53.0 -16.897263851982  1
37.0 -12.954610666685 45.0 -15.637935613022  533.848215638518  0.070093659580636
30.0 -10.516683096053 54.0 -16.876823982299  1
38.0 -13.322131914647 46.0 -15.969767680675  527.106691830641  0.070094857456327
32.0 -11.212862429865 56.0 -16.789050543957  1
40.0 -14.037132411784 48.0 -16.517719667716  543.551441562019  0.0700919876136402
33.0 -11.575464665823 57.0 -16.832496080166  1
41.0 -14.381878139674999 49.0 -16.630389952466  665.61399381794  0.0700751186129865
35.0 -12.256877871166 59.0 -17.094308400378  1
43.0 -15.020524772497 51.0 -16.870076326845  696.563482080296  0.0700717809665397
36.0 -12.573983451574 60.0 -17.109043171305  1
44.0 -15.337070145624999 52.0 -16.888916766174  647.961511952168  0.0700771650770574
37.0 -12.954610666685 61.0 -17.261601015943  1
45.0 -15.637935613022 53.0 -16.897263851982  598.911163971442  0.0700834848354945
38.0 -13.322131914647 62.0 -17.385208973099  1
46.0 -15.969767680675 54.0 -16.876823982299  538.834591199558  0.0700927928548327
39.0 -13.694539719761 63.0 -17.544376909743  1
47.0 -16.351998339304 55.0 -16.84588354948  646.141288457755  0.0700773824562726
41.0 -14.381878139674999 65.0 -17.895989658292  1
49.0 -16.630389952466 57.0 -16.832496080166  568.825257031082  0.0700879004569188
42.0 -14.711343305751999 66.0 -18.08930966041  1
50.0 -16.769467712333 58.0 -16.903060507684  584.919859384758  0.0700854817958354
43.0 -15.020524772497 67.0 -18.263841601321  1
51.0 -16.870076326845 59.0 -17.094308400378  563.870866491807  0.070088672784801
44.0 -15.337070145624999 68.0 -18.439310679008  1
52.0 -16.888916766174 60.0 -17.109043171305  455.132072240552  0.0701098582214913
45.0 -15.637935613022 69.0 -18.722019325698  1
53.0 -16.897263851982 61.0 -17.261601015943  539.328952125726  0.0700927077988358
46.0 -15.969767680675 70.0 -18.99172174349  1
54.0 -16.876823982299 62.0 -17.385208973099  482.290754032729  0.0701036719024404
48.0 -16.517719667716 72.0 -19.543781465212998  1
56.0 -16.789050543957 64.0 -17.736941407452  482.04506036445  0.0701037247429985
49.0 -16.630389952466 73.0 -19.704709856813  1
57.0 -16.832496080166 65.0 -17.895989658292  505.506198115856  0.0700989107555681
50.0 -16.769467712333 74.0 -19.91124615724  1
58.0 -16.903060507684 66.0 -18.08930966041  588.626233962175  0.0700849435467112
53.0 -16.897263851982 77.0 -20.64571126569  1
61.0 -17.261601015943 69.0 -18.722019325698  558.396295754763  0.0700895421412716
54.0 -16.876823982299 78.0 -20.66751422703  1
62.0 -17.385208973099 70.0 -18.99172174349  553.70624959161  0.0700903005881492
56.0 -16.789050543957 80.0 -20.533301783602  1
64.0 -17.736941407452 72.0 -19.543781465212998  529.601398362953  0.0700944106268498
57.0 -16.832496080166 81.0 -20.503013915995  1
65.0 -17.895989658292 73.0 -19.704709856813  559.243966217563  0.070089406418344
58.0 -16.903060507684 82.0 -20.414860380895  1
66.0 -18.08930966041 74.0 -19.91124615724  465.19312323202  0.0701074822423268
59.0 -17.094308400378 83.0 -20.261221285139  1
67.0 -18.263841601321 75.0 -20.169823162554  486.579907168836  0.0701027580450063
60.0 -17.109043171305 84.0 -20.143236144993  1
68.0 -18.439310679008 76.0 -20.440629748261  561.447170193799  0.0700890555739781
61.0 -17.261601015943 85.0 -20.096291178188  1
69.0 -18.722019325698 77.0 -20.64571126569  555.724586051022  0.0700899726253886
63.0 -17.544376909743 87.0 -20.053950333814  1
71.0 -19.318601155086 79.0 -20.578857410106  594.773185443022  0.0700840656593534
66.0 -18.08930966041 90.0 -19.931440073157  1
74.0 -19.91124615724 82.0 -20.414860380895  601.124029282704  0.0700831775100717
68.0 -18.439310679008 92.0 -19.531050582599  1
76.0 -20.440629748261 84.0 -20.143236144993  526.175388356054  0.0700950253491639
69.0 -18.722019325698 93.0 -19.375666664726  1
77.0 -20.64571126569 85.0 -20.096291178188  536.596690120427  0.0700931798516849
72.0 -19.543781465212998 96.0 -18.600566028621  1
80.0 -20.533301783602 88.0 -20.133133798148  402.971682703871  0.070124078197417
73.0 -19.704709856813 97.0 -18.384061022341  1
81.0 -20.503013915995 89.0 -20.149845755592  540.163941225928  0.0700925644904888
74.0 -19.91124615724 98.0 -18.192904263094  1
82.0 -20.414860380895 90.0 -19.931440073157  437.342992567741  0.0701143267431963
75.0 -20.169823162554 99.0 -18.071974903593  1
83.0 -20.261221285139 91.0 -19.737658783655  562.778665602011  0.070088844874648
78.0 -20.66751422703 102.0 -18.249165056822  1
86.0 -20.08853309823 94.0 -19.111405604843  576.843024254977  0.0700866786940253
79.0 -20.578857410106 103.0 -18.293431757352  1
87.0 -20.053950333814 95.0 -18.817156263196  563.370994583655  0.0700887514630336
80.0 -20.533301783602 104.0 -18.321351929833  1
88.0 -20.133133798148 96.0 -18.600566028621  545.563510861883  0.0700916483580821
81.0 -20.503013915995 105.0 -18.372570506574  1
89.0 -20.149845755592 97.0 -18.384061022341  555.947234600138  0.0700899365926983
10.0 -3.147572839206 37.0 -12.954610666685  1
19.0 -6.438858724778 28.0 -9.793833434110999  518.651876461519  0.0700964037773104
11.0 -3.5010068782309998 38.0 -13.322131914647  1
20.0 -6.794782881081 29.0 -10.141723291542  528.16338590021  0.0700946676754482
12.0 -3.905762274842 39.0 -13.694539719761  1
21.0 -7.121280765751 30.0 -10.516683096053  455.392987762012  0.0701097952786795
13.0 -4.228842176173 40.0 -14.037132411784  1
22.0 -7.5100512078929995 31.0 -10.88314470352  572.487550777125  0.0700873381437415
14.0 -4.627122323196 41.0 -14.381878139674999  1
23.0 -7.8934111970059995 32.0 -11.212862429865  516.017050906489  0.070096896022936
15.0 -5.031100941752 42.0 -14.711343305751999  1
24.0 -8.273571956019 33.0 -11.575464665823  488.675771463232  0.0701023173296484
17.0 -5.73473062478 44.0 -15.337070145624999  1
26.0 -9.096962694477 35.0 -12.256877871166  481.362220450261  0.0701038718824947
21.0 -7.121280765751 48.0 -16.517719667716  1
30.0 -10.516683096053 39.0 -13.694539719761  494.980239436236  0.0701010141335277
22.0 -7.5100512078929995 49.0 -16.630389952466  1
31.0 -10.88314470352 40.0 -14.037132411784  512.222074610151  0.0700976139109937
23.0 -7.8934111970059995 50.0 -16.769467712333  1
32.0 -11.212862429865 41.0 -14.381878139674999  485.296009534912  0.0701030299013749
24.0 -8.273571956019 51.0 -16.870076326845  1
33.0 -11.575464665823 42.0 -14.711343305751999  464.206121720991  0.0701077107725651
25.0 -8.696051376394 52.0 -16.888916766174  1
34.0 -11.929749264984 43.0 -15.020524772497  493.860772878051  0.0701012431088799
27.0 -9.457357638147 54.0 -16.876823982299  1
36.0 -12.573983451574 45.0 -15.637935613022  480.890173101755  0.0701039738443344
28.0 -9.793833434110999 55.0 -16.84588354948  1
37.0 -12.954610666685 46.0 -15.969767680675  456.088750729897  0.0701096277860833
29.0 -10.141723291542 56.0 -16.789050543957  1
38.0 -13.322131914647 47.0 -16.351998339304  537.824626749194  0.0700929671077024
30.0 -10.516683096053 57.0 -16.832496080166  1
39.0 -13.694539719761 48.0 -16.517719667716  601.373304019748  0.0700831430322327
31.0 -10.88314470352 58.0 -16.903060507684  1
40.0 -14.037132411784 49.0 -16.630389952466  615.862730471717  0.0700811869228744
33.0 -11.575464665823 60.0 -17.109043171305  1
42.0 -14.711343305751999 51.0 -16.870076326845  682.11830514906  0.0700733010676045
38.0 -13.322131914647 65.0 -17.895989658292  1
47.0 -16.351998339304 56.0 -16.789050543957  612.647264151408  0.0700816130307368
39.0 -13.694539719761 66.0 -18.08930966041  1
48.0 -16.517719667716 57.0 -16.832496080166  530.335778478054  0.0700942798921534
40.0 -14.037132411784 67.0 -18.263841601321  1
49.0 -16.630389952466 58.0 -16.903060507684  613.344436074745  0.0700815202634265
41.0 -14.381878139674999 68.0 -18.439310679008  1
50.0 -16.769467712333 59.0 -17.094308400378  536.85250484803  0.0700931354507029
42.0 -14.711343305751999 69.0 -18.722019325698  1
51.0 -16.870076326845 60.0 -17.109043171305  513.107819569916  0.0700974454063902
43.0 -15.020524772497 70.0 -18.99172174349  1
52.0 -16.888916766174 61.0 -17.261601015943  514.301649760671  0.0700972192098222
44.0 -15.337070145624999 71.0 -19.318601155086  1
53.0 -16.897263851982 62.0 -17.385208973099  486.18113548108  0.0701028423284061
45.0 -15.637935613022 72.0 -19.543781465212998  1
54.0 -16.876823982299 63.0 -17.544376909743  535.878998323641  0.070093304645557
46.0 -15.969767680675 73.0 -19.704709856813  1
55.0 -16.84588354948 64.0 -17.736941407452  508.615531762779  0.0700983060816619
47.0 -16.351998339304 74.0 -19.91124615724  1
56.0 -16.789050543957 65.0 -17.895989658292  534.686896634172  0.070093512671275
48.0 -16.517719667716 75.0 -20.169823162554  1
57.0 -16.832496080166 66.0 -18.08930966041  474.321823056867  0.0701054136612939
50.0 -16.769467712333 77.0 -20.64571126569  1
59.0 -17.094308400378 68.0 -18.439310679008  472.00558960964  0.0701059309489139
51.0 -16.870076326845 78.0 -20.66751422703  1
60.0 -17.109043171305 69.0 -18.722019325698  532.939689604727  0.0700938192462961
52.0 -16.888916766174 79.0 -20.578857410106  1
61.0 -17.261601015943 70.0 -18.99172174349  479.951338350676  0.0701041772279911
53.0 -16.897263851982 80.0 -20.533301783602  1
62.0 -17.385208973099 71.0 -19.318601155086  557.656870647175  0.0700896608696706
54.0 -16.876823982299 81.0 -20.503013915995  1
63.0 -17.544376909743 72.0 -19.543781465212998  520.541488126717  0.0700960538230679
55.0 -16.84588354948 82.0 -20.414860380895  1
64.0 -17.736941407452 73.0 -19.704709856813  477.898720216239  0.0701046246785875
56.0 -16.789050543957 83.0 -20.261221285139  1
65.0 -17.895989658292 74.0 -19.91124615724  509.090573050628  0.0700982143505435
57.0 -16.832496080166 84.0 -20.143236144993  1
66.0 -18.08930966041 75.0 -20.169823162554  499.573708989061  0.0701000853309538
58.0 -16.903060507684 85.0 -20.096291178188  1
67.0 -18.263841601321 76.0 -20.440629748261  443.589844979804  0.0701127167372424
59.0 -17.094308400378 86.0 -20.08853309823  1
68.0 -18.439310679008 77.0 -20.64571126569  567.866609092319  0.0700880488466824
60.0 -17.109043171305 87.0 -20.053950333814  1
69.0 -18.722019325698 78.0 -20.66751422703  539.21469444516  0.0700927274432895
62.0 -17.385208973099 89.0 -20.149845755592  1
71.0 -19.318601155086 80.0 -20.533301783602  740.370242299254  0.0700675337785656
63.0 -17.544376909743 90.0 -19.931440073157  1
72.0 -19.543781465212998 81.0 -20.503013915995  594.587260507213  0.0700840919463316
64.0 -17.736941407452 91.0 -19.737658783655  1
73.0 -19.704709856813 82.0 -20.414860380895  541.006070536193  0.0700924204047294
65.0 -17.895989658292 92.0 -19.531050582599  1
74.0 -19.91124615724 83.0 -20.261221285139  564.852724387248  0.0700885186489173
66.0 -18.08930966041 93.0 -19.375666664726  1
75.0 -20.169823162554 84.0 -20.143236144993  536.298024028188  0.0700932317438436
68.0 -18.439310679008 95.0 -18.817156263196  1
77.0 -20.64571126569 86.0 -20.08853309823  582.011637346897  0.0700859089351339
69.0 -18.722019325698 96.0 -18.600566028621  1
78.0 -20.66751422703 87.0 -20.053950333814  465.389103476738  0.0701074369804245
70.0 -18.99172174349 97.0 -18.384061022341  1
79.0 -20.578857410106 88.0 -20.133133798148  474.668880909392  0.0701053365872737
71.0 -19.318601155086 98.0 -18.192904263094  1
80.0 -20.533301783602 89.0 -20.149845755592  490.653157042285  0.0701019049796834
72.0 -19.543781465212998 99.0 -18.071974903593  1
81.0 -20.503013915995 90.0 -19.931440073157  577.068904383223  0.0700866447656774
73.0 -19.704709856813 100.0 -18.083563746985  1
82.0 -20.414860380895 91.0 -19.737658783655  526.09731720499  0.0700950394506204
74.0 -19.91124615724 101.0 -18.134493010851  1
83.0 -20.261221285139 92.0 -19.531050582599  481.242330753486  0.0701038977596209
76.0 -20.440629748261 103.0 -18.293431757352  1
85.0 -20.096291178188 94.0 -19.111405604843  485.405410592304  0.0701030066804138
77.0 -20.64571126569 104.0 -18.321351929833  1
86.0 -20.08853309823 95.0 -18.817156263196  562.394479418569  0.0700889055668749
78.0 -20.66751422703 105.0 -18.372570506574  1
87.0 -20.053950333814 96.0 -18.600566028621  513.814062097326  0.0700973114667121
10.0 -3.147572839206 40.0 -14.037132411784  1
20.0 -6.794782881081 30.0 -10.516683096053  563.449025809598  0.0700887391719742
11.0 -3.5010068782309998 41.0 -14.381878139674999  1
21.0 -7.121280765751 31.0 -10.88314470352  528.18620609393  0.0700946635853476
12.0 -3.905762274842 42.0 -14.711343305751999  1
22.0 -7.5100512078929995 32.0 -11.212862429865  519.343227637344  0.0700962754443289
13.0 -4.228842176173 43.0 -15.020524772497  1
23.0 -7.8934111970059995 33.0 -11.575464665823  512.348114135606  0.0700975898976116
15.0 -5.031100941752 45.0 -15.637935613022  1
25.0 -8.696051376394 35.0 -12.256877871166  480.481441211407  0.0701040622919252
17.0 -5.73473062478 47.0 -16.351998339304  1
27.0 -9.457357638147 37.0 -12.954610666685  521.962971736393  0.0700957922356708
18.0 -6.083764254394 48.0 -16.517719667716  1
28.0 -9.793833434110999 38.0 -13.322131914647  446.427100915073  0.0701120003689236
19.0 -6.438858724778 49.0 -16.630389952466  1
29.0 -10.141723291542 39.0 -13.694539719761  537.210990265314  0.0700930733006324
20.0 -6.794782881081 50.0 -16.769467712333  1
30.0 -10.516683096053 40.0 -14.037132411784  536.304291223356  0.0700932306543473
21.0 -7.121280765751 51.0 -16.870076326845  1
31.0 -10.88314470352 41.0 -14.381878139674999  479.617208280793  0.070104249804087
22.0 -7.5100512078929995 52.0 -16.888916766174  1
32.0 -11.212862429865 42.0 -14.711343305751999  496.889911391349  0.0701006259109991
24.0 -8.273571956019 54.0 -16.876823982299  1
34.0 -11.929749264984 44.0 -15.337070145624999  471.507023404477  0.0701060429591037
25.0 -8.696051376394 55.0 -16.84588354948  1
35.0 -12.256877871166 45.0 -15.637935613022  475.758458884174  0.0701050953463177
26.0 -9.096962694477 56.0 -16.789050543957  1
36.0 -12.573983451574 46.0 -15.969767680675  437.435901080479  0.0701143024609469
28.0 -9.793833434110999 58.0 -16.903060507684  1
38.0 -13.322131914647 48.0 -16.517719667716  567.153239360947  0.0700881595952028
30.0 -10.516683096053 60.0 -17.109043171305  1
40.0 -14.037132411784 50.0 -16.769467712333  558.12452831335  0.0700895857420047
31.0 -10.88314470352 61.0 -17.261601015943  1
41.0 -14.381878139674999 51.0 -16.870076326845  611.788646608031  0.070081727570914
32.0 -11.212862429865 62.0 -17.385208973099  1
42.0 -14.711343305751999 52.0 -16.888916766174  601.624129212767  0.0700831083687841
33.0 -11.575464665823 63.0 -17.544376909743  1
43.0 -15.020524772497 53.0 -16.897263851982  622.077693699715  0.0700803758123887
34.0 -11.929749264984 64.0 -17.736941407452  1
44.0 -15.337070145624999 54.0 -16.876823982299  590.539920440581  0.070084668281126
35.0 -12.256877871166 65.0 -17.895989658292  1
45.0 -15.637935613022 55.0 -16.84588354948  568.901079163732  0.0700878887417009
36.0 -12.573983451574 66.0 -18.08930966041  1
46.0 -15.969767680675 56.0 -16.789050543957  671.834223593408  0.0700744231214251
37.0 -12.954610666685 67.0 -18.263841601321  1
47.0 -16.351998339304 57.0 -16.832496080166  656.91802087463  0.0700761129979863
38.0 -13.322131914647 68.0 -18.439310679008  1
48.0 -16.517719667716 58.0 -16.903060507684  541.950371205233  0.0700922593703346
39.0 -13.694539719761 69.0 -18.722019325698  1
49.0 -16.630389952466 59.0 -17.094308400378  530.839714066925  0.0700941903905737
40.0 -14.037132411784 70.0 -18.99172174349  1
50.0 -16.769467712333 60.0 -17.109043171305  475.340408280508  0.0701051877751796
41.0 -14.381878139674999 71.0 -19.318601155086  1
51.0 -16.870076326845 61.0 -17.261601015943  460.130947321343  0.070108664718796
42.0 -14.711343305751999 72.0 -19.543781465212998  1
52.0 -16.888916766174 62.0 -17.385208973099  540.922895155593  0.0700924346158164
43.0 -15.020524772497 73.0 -19.704709856813  1
53.0 -16.897263851982 63.0 -17.544376909743  528.512638223231  0.0700946051170471
44.0 -15.337070145624999 74.0 -19.91124615724  1
54.0 -16.876823982299 64.0 -17.736941407452  501.902596961242  0.070099620923069
45.0 -15.637935613022 75.0 -20.169823162554  1
55.0 -16.84588354948 65.0 -17.895989658292  549.026270035731  0.0700910703234597
46.0 -15.969767680675 76.0 -20.440629748261  1
56.0 -16.789050543957 66.0 -18.08930966041  469.275934066301  0.0701065471215767
47.0 -16.351998339304 77.0 -20.64571126569  1
57.0 -16.832496080166 67.0 -18.263841601321  434.573687481289  0.0701150552862273
48.0 -16.517719667716 78.0 -20.66751422703  1
58.0 -16.903060507684 68.0 -18.439310679008  412.576243448166  0.0701211897214006
49.0 -16.630389952466 79.0 -20.578857410106  1
59.0 -17.094308400378 69.0 -18.722019325698  427.788039762609  0.0701168803130348
50.0 -16.769467712333 80.0 -20.533301783602  1
60.0 -17.109043171305 70.0 -18.99172174349  480.248298014776  0.0701041128104081
51.0 -16.870076326845 81.0 -20.503013915995  1
61.0 -17.261601015943 71.0 -19.318601155086  560.956485162359  0.0700891334734913
52.0 -16.888916766174 82.0 -20.414860380895  1
62.0 -17.385208973099 72.0 -19.543781465212998  542.367396444804  0.0700921884322836
54.0 -16.876823982299 84.0 -20.143236144993  1
64.0 -17.736941407452 74.0 -19.91124615724  504.093955596444  0.0700991878586222
55.0 -16.84588354948 85.0 -20.096291178188  1
65.0 -17.895989658292 75.0 -20.169823162554  532.402203982166  0.070093913961336
57.0 -16.832496080166 87.0 -20.053950333814  1
67.0 -18.263841601321 77.0 -20.64571126569  604.485003433907  0.0700827150379513
58.0 -16.903060507684 88.0 -20.133133798148  1
68.0 -18.439310679008 78.0 -20.66751422703  619.17024366853  0.07008075323469
60.0 -17.109043171305 90.0 -19.931440073157  1
70.0 -18.99172174349 80.0 -20.533301783602  569.208530657789  0.0700878412695998
61.0 -17.261601015943 91.0 -19.737658783655  1
71.0 -19.318601155086 81.0 -20.503013915995  608.673309007838  0.070082145872441
62.0 -17.385208973099 92.0 -19.531050582599  1
72.0 -19.543781465212998 82.0 -20.414860380895  541.24794874189  0.0700923791029901
63.0 -17.544376909743 93.0 -19.375666664726  1
73.0 -19.704709856813 83.0 -20.261221285139  504.558985143054  0.0700990964415901
65.0 -17.895989658292 95.0 -18.817156263196  1
75.0 -20.169823162554 85.0 -20.096291178188  554.853564369071  0.0700901138664521
66.0 -18.08930966041 96.0 -18.600566028621  1
76.0 -20.440629748261 86.0 -20.08853309823  578.546262566417  0.0700864235122325
67.0 -18.263841601321 97.0 -18.384061022341  1
77.0 -20.64571126569 87.0 -20.053950333814  588.201291837172  0.0700850049136136
68.0 -18.439310679008 98.0 -18.192904263094  1
78.0 -20.66751422703 88.0 -20.133133798148  573.122258552396  0.0700872414205763
69.0 -18.722019325698 99.0 -18.071974903593  1
79.0 -20.578857410106 89.0 -20.149845755592  474.503501115314  0.0701053733004761
70.0 -18.99172174349 100.0 -18.083563746985  1
80.0 -20.533301783602 90.0 -19.931440073157  598.467386497695  0.07008354674144
72.0 -19.543781465212998 102.0 -18.249165056822  1
82.0 -20.414860380895 92.0 -19.531050582599  518.804332135226  0.0700963754481275
73.0 -19.704709856813 103.0 -18.293431757352  1
83.0 -20.261221285139 93.0 -19.375666664726  545.940950327208  0.0700915849964543
74.0 -19.91124615724 104.0 -18.321351929833  1
84.0 -20.143236144993 94.0 -19.111405604843  553.785507994822  0.0700902876642277
10.0 -3.147572839206 43.0 -15.020524772497  1
21.0 -7.121280765751 32.0 -11.212862429865  546.19578374992  0.0700915422665051
12.0 -3.905762274842 45.0 -15.637935613022  1
23.0 -7.8934111970059995 34.0 -11.929749264984  597.517911303571  0.0700836794999014
13.0 -4.228842176173 46.0 -15.969767680675  1
24.0 -8.273571956019 35.0 -12.256877871166  487.541251172002  0.0701025554245509
15.0 -5.031100941752 48.0 -16.517719667716  1
26.0 -9.096962694477 37.0 -12.954610666685  503.489675990885  0.0700993069021755
16.0 -5.390927233858 49.0 -16.630389952466  1
27.0 -9.457357638147 38.0 -13.322131914647  514.156734105312  0.0700972466111662
17.0 -5.73473062478 50.0 -16.769467712333  1
28.0 -9.793833434110999 39.0 -13.694539719761  508.487398861806  0.0700983308536493
19.0 -6.438858724778 52.0 -16.888916766174  1
30.0 -10.516683096053 41.0 -14.381878139674999  539.819860521898  0.0700926234910136
20.0 -6.794782881081 53.0 -16.897263851982  1
31.0 -10.88314470352 42.0 -14.711343305751999  449.061724822237  0.0701113432680547
21.0 -7.121280765751 54.0 -16.876823982299  1
32.0 -11.212862429865 43.0 -15.020524772497  512.428136718041  0.0700975746576295
22.0 -7.5100512078929995 55.0 -16.84588354948  1
33.0 -11.575464665823 44.0 -15.337070145624999  566.127778925998  0.0700883192838459
23.0 -7.8934111970059995 56.0 -16.789050543957  1
34.0 -11.929749264984 45.0 -15.637935613022  543.674951572526  0.0700919667162436
24.0 -8.273571956019 57.0 -16.832496080166  1
35.0 -12.256877871166 46.0 -15.969767680675  512.56442372078  0.0700975487132662
26.0 -9.096962694477 59.0 -17.094308400378  1
37.0 -12.954610666685 48.0 -16.517719667716  594.888840431904  0.0700840493157742
29.0 -10.141723291542 62.0 -17.385208973099  1
40.0 -14.037132411784 51.0 -16.870076326845  541.993831393029  0.0700922519724468
30.0 -10.516683096053 63.0 -17.544376909743  1
41.0 -14.381878139674999 52.0 -16.888916766174  644.069570621045  0.0700776313651207
31.0 -10.88314470352 64.0 -17.736941407452  1
42.0 -14.711343305751999 53.0 -16.897263851982  580.564457514831  0.070086123081344
32.0 -11.212862429865 65.0 -17.895989658292  1
43.0 -15.020524772497 54.0 -16.876823982299  710.463152168351  0.0700703766266377
34.0 -11.929749264984 67.0 -18.263841601321  1
45.0 -15.637935613022 56.0 -16.789050543957  619.96834726664  0.0700806492786615
35.0 -12.256877871166 68.0 -18.439310679008  1
46.0 -15.969767680675 57.0 -16.832496080166  662.647331763396  0.0700754549178776
36.0 -12.573983451574 69.0 -18.722019325698  1
47.0 -16.351998339304 58.0 -16.903060507684  646.507319419909  0.0700773386448971
37.0 -12.954610666685 70.0 -18.99172174349  1
48.0 -16.517719667716 59.0 -17.094308400378  559.362578688712  0.0700893874597711
38.0 -13.322131914647 71.0 -19.318601155086  1
49.0 -16.630389952466 60.0 -17.109043171305  541.847770860468  0.0700922768398966
39.0 -13.694539719761 72.0 -19.543781465212998  1
50.0 -16.769467712333 61.0 -17.261601015943  573.597843260846  0.0700871690864731
41.0 -14.381878139674999 74.0 -19.91124615724  1
52.0 -16.888916766174 63.0 -17.544376909743  480.157550237764  0.0701041324872956
43.0 -15.020524772497 76.0 -20.440629748261  1
54.0 -16.876823982299 65.0 -17.895989658292  486.545014946704  0.0701027654142248
45.0 -15.637935613022 78.0 -20.66751422703  1
56.0 -16.789050543957 67.0 -18.263841601321  423.176363131988  0.0701181540472392
48.0 -16.517719667716 81.0 -20.503013915995  1
59.0 -17.094308400378 70.0 -18.99172174349  425.244801579983  0.0701175793326908
50.0 -16.769467712333 83.0 -20.261221285139  1
61.0 -17.261601015943 72.0 -19.543781465212998  470.248047300095  0.0701063268636352
51.0 -16.870076326845 84.0 -20.143236144993  1
62.0 -17.385208973099 73.0 -19.704709856813  473.420953829337  0.0701056142521694
52.0 -16.888916766174 85.0 -20.096291178188  1
63.0 -17.544376909743 74.0 -19.91124615724  510.933945731674  0.0700978600079672
53.0 -16.897263851982 86.0 -20.08853309823  1
64.0 -17.736941407452 75.0 -20.169823162554  582.228700019695  0.07008587690713
54.0 -16.876823982299 87.0 -20.053950333814  1
65.0 -17.895989658292 76.0 -20.440629748261  512.45740772041  0.0700975690842726
55.0 -16.84588354948 88.0 -20.133133798148  1
66.0 -18.08930966041 77.0 -20.64571126569  580.239254703083  0.070086171350171
56.0 -16.789050543957 89.0 -20.149845755592  1
67.0 -18.263841601321 78.0 -20.66751422703  589.162771027139  0.0700848661905654
57.0 -16.832496080166 90.0 -19.931440073157  1
68.0 -18.439310679008 79.0 -20.578857410106  642.226959971773  0.0700778540969414
58.0 -16.903060507684 91.0 -19.737658783655  1
69.0 -18.722019325698 80.0 -20.533301783602  609.12336149188  0.0700820851787355
59.0 -17.094308400378 92.0 -19.531050582599  1
70.0 -18.99172174349 81.0 -20.503013915995  557.948222399521  0.0700896140501801
60.0 -17.109043171305 93.0 -19.375666664726  1
71.0 -19.318601155086 82.0 -20.414860380895  575.656780692233  0.0700868573109482
62.0 -17.385208973099 95.0 -18.817156263196  1
73.0 -19.704709856813 84.0 -20.143236144993  509.906259575118  0.0700980572390731
63.0 -17.544376909743 96.0 -18.600566028621  1
74.0 -19.91124615724 85.0 -20.096291178188  545.98422842093  0.0700915777368599
64.0 -17.736941407452 97.0 -18.384061022341  1
75.0 -20.169823162554 86.0 -20.08853309823  575.475406625469  0.0700868846859907
66.0 -18.08930966041 99.0 -18.071974903593  1
77.0 -20.64571126569 88.0 -20.133133798148  417.831903567408  0.0701196653476508
67.0 -18.263841601321 100.0 -18.083563746985  1
78.0 -20.66751422703 89.0 -20.149845755592  624.774422885345  0.0700800288842957
72.0 -19.543781465212998 105.0 -18.372570506574  1
83.0 -20.261221285139 94.0 -19.111405604843  602.053202219737  0.0700830491388729
10.0 -3.147572839206 46.0 -15.969767680675  1
22.0 -7.5100512078929995 34.0 -11.929749264984  594.005527230001  0.0700841743009247
11.0 -3.5010068782309998 47.0 -16.351998339304  1
23.0 -7.8934111970059995 35.0 -12.256877871166  479.635386311413  0.0701042458530521
12.0 -3.905762274842 48.0 -16.517719667716  1
24.0 -8.273571956019 36.0 -12.573983451574  520.916920715834  0.0700959845956459
14.0 -4.627122323196 50.0 -16.769467712333  1
26.0 -9.096962694477 38.0 -13.322131914647  505.364701691635  0.0700989384494656
15.0 -5.031100941752 51.0 -16.870076326845  1
27.0 -9.457357638147 39.0 -13.694539719761  444.077616934998  0.0701125929299141
16.0 -5.390927233858 52.0 -16.888916766174  1
28.0 -9.793833434110999 40.0 -14.037132411784  452.861264755689  0.0701104090896954
18.0 -6.083764254394 54.0 -16.876823982299  1
30.0 -10.516683096053 42.0 -14.711343305751999  517.992785238136  0.0700965264409562
19.0 -6.438858724778 55.0 -16.84588354948  1
31.0 -10.88314470352 43.0 -15.020524772497  514.562265892687  0.0700971699701168
21.0 -7.121280765751 57.0 -16.832496080166  1
33.0 -11.575464665823 45.0 -15.637935613022  548.545232728452  0.0700911501860135
22.0 -7.5100512078929995 58.0 -16.903060507684  1
34.0 -11.929749264984 46.0 -15.969767680675  533.521687372458  0.0700937169025804
24.0 -8.273571956019 60.0 -17.109043171305  1
36.0 -12.573983451574 48.0 -16.517719667716  609.165747260369  0.0700820794672466
26.0 -9.096962694477 62.0 -17.385208973099  1
38.0 -13.322131914647 50.0 -16.769467712333  546.602871555337  0.0700914740895117
27.0 -9.457357638147 63.0 -17.544376909743  1
39.0 -13.694539719761 51.0 -16.870076326845  590.878656617695  0.0700846197428863
28.0 -9.793833434110999 64.0 -17.736941407452  1
40.0 -14.037132411784 52.0 -16.888916766174  683.96825733461  0.0700731028077163
30.0 -10.516683096053 66.0 -18.08930966041  1
42.0 -14.711343305751999 54.0 -16.876823982299  668.624557911497  0.0700747803822166
31.0 -10.88314470352 67.0 -18.263841601321  1
43.0 -15.020524772497 55.0 -16.84588354948  546.820638402897  0.0700914376607036
33.0 -11.575464665823 69.0 -18.722019325698  1
45.0 -15.637935613022 57.0 -16.832496080166  474.968515024164  0.0701052701356372
34.0 -11.929749264984 70.0 -18.99172174349  1
46.0 -15.969767680675 58.0 -16.903060507684  694.133588255457  0.0700720322440032
35.0 -12.256877871166 71.0 -19.318601155086  1
47.0 -16.351998339304 59.0 -17.094308400378  586.644059148446  0.070085230557133
37.0 -12.954610666685 73.0 -19.704709856813  1
49.0 -16.630389952466 61.0 -17.261601015943  598.490484363719  0.0700835435170756
38.0 -13.322131914647 74.0 -19.91124615724  1
50.0 -16.769467712333 62.0 -17.385208973099  570.579979048897  0.0700876301339619
39.0 -13.694539719761 75.0 -20.169823162554  1
51.0 -16.870076326845 63.0 -17.544376909743  548.173245099802  0.0700912120400748
40.0 -14.037132411784 76.0 -20.440629748261  1
52.0 -16.888916766174 64.0 -17.736941407452  460.048263110754  0.0701086842490436
41.0 -14.381878139674999 77.0 -20.64571126569  1
53.0 -16.897263851982 65.0 -17.895989658292  460.722503919878  0.0701085251959142
42.0 -14.711343305751999 78.0 -20.66751422703  1
54.0 -16.876823982299 66.0 -18.08930966041  425.175098753144  0.0701175986085418
44.0 -15.337070145624999 80.0 -20.533301783602  1
56.0 -16.789050543957 68.0 -18.439310679008  462.068971206763  0.0701082089538915
45.0 -15.637935613022 81.0 -20.503013915995  1
57.0 -16.832496080166 69.0 -18.722019325698  493.116003790709  0.0701013960196295
46.0 -15.969767680675 82.0 -20.414860380895  1
58.0 -16.903060507684 70.0 -18.99172174349  359.594817342918  0.0701390453854965
48.0 -16.517719667716 84.0 -20.143236144993  1
60.0 -17.109043171305 72.0 -19.543781465212998  453.132209301908  0.0701103430720077
49.0 -16.630389952466 85.0 -20.096291178188  1
61.0 -17.261601015943 73.0 -19.704709856813  487.625241652522  0.0701025377600031
50.0 -16.769467712333 86.0 -20.08853309823  1
62.0 -17.385208973099 74.0 -19.91124615724  486.831961697832  0.0701027048426024
51.0 -16.870076326845 87.0 -20.053950333814  1
63.0 -17.544376909743 75.0 -20.169823162554  460.034063090566  0.0701086876038355
52.0 -16.888916766174 88.0 -20.133133798148  1
64.0 -17.736941407452 76.0 -20.440629748261  581.645946512939  0.0700859629475624
53.0 -16.897263851982 89.0 -20.149845755592  1
65.0 -17.895989658292 77.0 -20.64571126569  514.879350961497  0.0700971101286284
54.0 -16.876823982299 90.0 -19.931440073157  1
66.0 -18.08930966041 78.0 -20.66751422703  620.078960624317  0.0700806348919655
55.0 -16.84588354948 91.0 -19.737658783655  1
67.0 -18.263841601321 79.0 -20.578857410106  584.544060934416  0.0700855367513615
56.0 -16.789050543957 92.0 -19.531050582599  1
68.0 -18.439310679008 80.0 -20.533301783602  575.230893093594  0.0700869216180847
57.0 -16.832496080166 93.0 -19.375666664726  1
69.0 -18.722019325698 81.0 -20.503013915995  587.991294520783  0.0700850352725728
60.0 -17.109043171305 96.0 -18.600566028621  1
72.0 -19.543781465212998 84.0 -20.143236144993  598.510955406408  0.0700835406596126
61.0 -17.261601015943 97.0 -18.384061022341  1
73.0 -19.704709856813 85.0 -20.096291178188  594.714482371278  0.0700840739573058
62.0 -17.385208973099 98.0 -18.192904263094  1
74.0 -19.91124615724 86.0 -20.08853309823  615.410403281897  0.0700812465953344
63.0 -17.544376909743 99.0 -18.071974903593  1
75.0 -20.169823162554 87.0 -20.053950333814  561.655965921365  0.0700890224675491
67.0 -18.263841601321 103.0 -18.293431757352  1
79.0 -20.578857410106 91.0 -19.737658783655  558.732456028893  0.0700894882684199
68.0 -18.439310679008 104.0 -18.321351929833  1
80.0 -20.533301783602 92.0 -19.531050582599  575.130198142787  0.0700869368364963
10.0 -3.147572839206 49.0 -16.630389952466  1
23.0 -7.8934111970059995 36.0 -12.573983451574  645.227004906208  0.0700774921068396
11.0 -3.5010068782309998 50.0 -16.769467712333  1
24.0 -8.273571956019 37.0 -12.954610666685  421.154185149391  0.0701187213656259
12.0 -3.905762274842 51.0 -16.870076326845  1
25.0 -8.696051376394 38.0 -13.322131914647  460.257053932086  0.0701086349455654
13.0 -4.228842176173 52.0 -16.888916766174  1
26.0 -9.096962694477 39.0 -13.694539719761  586.274240338715  0.0700852843201351
14.0 -4.627122323196 53.0 -16.897263851982  1
27.0 -9.457357638147 40.0 -14.037132411784  459.772006785157  0.0701087495525219
15.0 -5.031100941752 54.0 -16.876823982299  1
28.0 -9.793833434110999 41.0 -14.381878139674999  536.973163701113  0.0700931145229966
17.0 -5.73473062478 56.0 -16.789050543957  1
30.0 -10.516683096053 43.0 -15.020524772497  552.901683174178  0.0700904319909336
18.0 -6.083764254394 57.0 -16.832496080166  1
31.0 -10.88314470352 44.0 -15.337070145624999  458.913384516706  0.0701089530218271
19.0 -6.438858724778 58.0 -16.903060507684  1
32.0 -11.212862429865 45.0 -15.637935613022  474.325006998503  0.0701054129536969
20.0 -6.794782881081 59.0 -17.094308400378  1
33.0 -11.575464665823 46.0 -15.969767680675  449.774218007411  0.0701111668877365
21.0 -7.121280765751 60.0 -17.109043171305  1
34.0 -11.929749264984 47.0 -16.351998339304  543.87373681895  0.070091933102511
22.0 -7.5100512078929995 61.0 -17.261601015943  1
35.0 -12.256877871166 48.0 -16.517719667716  519.591202509101  0.0700962294968786
23.0 -7.8934111970059995 62.0 -17.385208973099  1
36.0 -12.573983451574 49.0 -16.630389952466  636.245070974636  0.0700785860704955
24.0 -8.273571956019 63.0 -17.544376909743  1
37.0 -12.954610666685 50.0 -16.769467712333  636.36742212867  0.0700785709611481
26.0 -9.096962694477 65.0 -17.895989658292  1
39.0 -13.694539719761 52.0 -16.888916766174  695.287050931135  0.0700719127444313
27.0 -9.457357638147 66.0 -18.08930966041  1
40.0 -14.037132411784 53.0 -16.897263851982  746.859298766562  0.070066947014093
28.0 -9.793833434110999 67.0 -18.263841601321  1
41.0 -14.381878139674999 54.0 -16.876823982299  609.196122718423  0.0700820753746378
29.0 -10.141723291542 68.0 -18.439310679008  1
42.0 -14.711343305751999 55.0 -16.84588354948  737.3921866231  0.0700678065226443
30.0 -10.516683096053 69.0 -18.722019325698  1
43.0 -15.020524772497 56.0 -16.789050543957  641.993149555465  0.0700778824509804
31.0 -10.88314470352 70.0 -18.99172174349  1
44.0 -15.337070145624999 57.0 -16.832496080166  630.397029440839  0.0700793150945593
32.0 -11.212862429865 71.0 -19.318601155086  1
45.0 -15.637935613022 58.0 -16.903060507684  591.610398467615  0.0700845150797375
33.0 -11.575464665823 72.0 -19.543781465212998  1
46.0 -15.969767680675 59.0 -17.094308400378  642.952536248531  0.0700777662380675
34.0 -11.929749264984 73.0 -19.704709856813  1
47.0 -16.351998339304 60.0 -17.109043171305  637.248324175183  0.0700784623483549
36.0 -12.573983451574 75.0 -20.169823162554  1
49.0 -16.630389952466 62.0 -17.385208973099  484.801794151926  0.0701031349318487
37.0 -12.954610666685 76.0 -20.440629748261  1
50.0 -16.769467712333 63.0 -17.544376909743  450.68892159329  0.0701109412670346
38.0 -13.322131914647 77.0 -20.64571126569  1
51.0 -16.870076326845 64.0 -17.736941407452  582.058640756674  0.0700859019976664
39.0 -13.694539719761 78.0 -20.66751422703  1
52.0 -16.888916766174 65.0 -17.895989658292  468.738172271529  0.0701066693581999
40.0 -14.037132411784 79.0 -20.578857410106  1
53.0 -16.897263851982 66.0 -18.08930966041  503.90124935281  0.070099225790895
41.0 -14.381878139674999 80.0 -20.533301783602  1
54.0 -16.876823982299 67.0 -18.263841601321  428.357635537551  0.0701167248949287
42.0 -14.711343305751999 81.0 -20.503013915995  1
55.0 -16.84588354948 68.0 -18.439310679008  380.891360353242  0.0701312710268714
43.0 -15.020524772497 82.0 -20.414860380895  1
56.0 -16.789050543957 69.0 -18.722019325698  409.409940758754  0.0701221269808626
45.0 -15.637935613022 84.0 -20.143236144993  1
58.0 -16.903060507684 71.0 -19.318601155086  379.779284042761  0.0701316554169773
46.0 -15.969767680675 85.0 -20.096291178188  1
59.0 -17.094308400378 72.0 -19.543781465212998  444.233233308632  0.0701125534882377
47.0 -16.351998339304 86.0 -20.08853309823  1
60.0 -17.109043171305 73.0 -19.704709856813  451.473814724027  0.0701107483941911
48.0 -16.517719667716 87.0 -20.053950333814  1
61.0 -17.261601015943 74.0 -19.91124615724  452.412623465347  0.0701105185784097
49.0 -16.630389952466 88.0 -20.133133798148  1
62.0 -17.385208973099 75.0 -20.169823162554  436.961317695004  0.0701144266047708
50.0 -16.769467712333 89.0 -20.149845755592  1
63.0 -17.544376909743 76.0 -20.440629748261  549.097660794386  0.0700910584829804
51.0 -16.870076326845 90.0 -19.931440073157  1
64.0 -17.736941407452 77.0 -20.64571126569  550.304065891436  0.0700908588598542
52.0 -16.888916766174 91.0 -19.737658783655  1
65.0 -17.895989658292 78.0 -20.66751422703  600.936632676263  0.0700832034482194
53.0 -16.897263851982 92.0 -19.531050582599  1
66.0 -18.08930966041 79.0 -20.578857410106  499.25752306211  0.0701001487162243
54.0 -16.876823982299 93.0 -19.375666664726  1
67.0 -18.263841601321 80.0 -20.533301783602  598.212573645347  0.070083582328762
56.0 -16.789050543957 95.0 -18.817156263196  1
69.0 -18.722019325698 82.0 -20.414860380895  658.676613321929  0.0700759097848455
59.0 -17.094308400378 98.0 -18.192904263094  1
72.0 -19.543781465212998 85.0 -20.096291178188  605.656046143357  0.0700825551075043
60.0 -17.109043171305 99.0 -18.071974903593  1
73.0 -19.704709856813 86.0 -20.08853309823  586.097180299241  0.07008531008454
61.0 -17.261601015943 100.0 -18.083563746985  1
74.0 -19.91124615724 87.0 -20.053950333814  725.19338259732  0.070068947126656
62.0 -17.385208973099 101.0 -18.134493010851  1
75.0 -20.169823162554 88.0 -20.133133798148  559.935620483544  0.0700892959800572
64.0 -17.736941407452 103.0 -18.293431757352  1
77.0 -20.64571126569 90.0 -19.931440073157  538.40127784873  0.0700928675359015
65.0 -17.895989658292 104.0 -18.321351929833  1
78.0 -20.66751422703 91.0 -19.737658783655  597.314480278622  0.0700837079991375
66.0 -18.08930966041 105.0 -18.372570506574  1
79.0 -20.578857410106 92.0 -19.531050582599  525.549999466412  0.070095138426507
10.0 -3.147572839206 52.0 -16.888916766174  1
24.0 -8.273571956019 38.0 -13.322131914647  524.772254748442  0.0700952794274994
11.0 -3.5010068782309998 53.0 -16.897263851982  1
25.0 -8.696051376394 39.0 -13.694539719761  558.965993450269  0.0700894508799925
12.0 -3.905762274842 54.0 -16.876823982299  1
26.0 -9.096962694477 40.0 -14.037132411784  525.036101791225  0.0700952315466107
14.0 -4.627122323196 56.0 -16.789050543957  1
28.0 -9.793833434110999 42.0 -14.711343305751999  551.54349730919  0.0700906546813514
16.0 -5.390927233858 58.0 -16.903060507684  1
30.0 -10.516683096053 44.0 -15.337070145624999  517.43700905355  0.0700966301194641
19.0 -6.438858724778 61.0 -17.261601015943  1
33.0 -11.575464665823 47.0 -16.351998339304  529.819908634786  0.0700943716896725
20.0 -6.794782881081 62.0 -17.385208973099  1
34.0 -11.929749264984 48.0 -16.517719667716  618.354579092546  0.0700808597553743
22.0 -7.5100512078929995 64.0 -17.736941407452  1
36.0 -12.573983451574 50.0 -16.769467712333  577.767740724265  0.0700865399648955
23.0 -7.8934111970059995 65.0 -17.895989658292  1
37.0 -12.954610666685 51.0 -16.870076326845  666.457595896982  0.0700750235278401
24.0 -8.273571956019 66.0 -18.08930966041  1
38.0 -13.322131914647 52.0 -16.888916766174  683.457025911696  0.070073157489212
25.0 -8.696051376394 67.0 -18.263841601321  1
39.0 -13.694539719761 53.0 -16.897263851982  645.048364700142  0.0700775135675652
26.0 -9.096962694477 68.0 -18.439310679008  1
40.0 -14.037132411784 54.0 -16.876823982299  539.431770215492  0.0700926901283179
29.0 -10.141723291542 71.0 -19.318601155086  1
43.0 -15.020524772497 57.0 -16.832496080166  773.670662237002  0.0700646269820487
30.0 -10.516683096053 72.0 -19.543781465212998  1
44.0 -15.337070145624999 58.0 -16.903060507684  629.846207122156  0.070079384458356
31.0 -10.88314470352 73.0 -19.704709856813  1
45.0 -15.637935613022 59.0 -17.094308400378  616.690128783033  0.0700810779963329
32.0 -11.212862429865 74.0 -19.91124615724  1
46.0 -15.969767680675 60.0 -17.109043171305  619.008444389038  0.0700807743423425
33.0 -11.575464665823 75.0 -20.169823162554  1
47.0 -16.351998339304 61.0 -17.261601015943  568.306283684639  0.0700879807270049
35.0 -12.256877871166 77.0 -20.64571126569  1
49.0 -16.630389952466 63.0 -17.544376909743  536.49560330926  0.0700931974086863
36.0 -12.573983451574 78.0 -20.66751422703  1
50.0 -16.769467712333 64.0 -17.736941407452  460.09976525517  0.070108672083265
38.0 -13.322131914647 80.0 -20.533301783602  1
52.0 -16.888916766174 66.0 -18.08930966041  436.755963629774  0.0701144804059101
39.0 -13.694539719761 81.0 -20.503013915995  1
53.0 -16.897263851982 67.0 -18.263841601321  546.008538154204  0.0700915736595787
40.0 -14.037132411784 82.0 -20.414860380895  1
54.0 -16.876823982299 68.0 -18.439310679008  412.014146721834  0.0701213550563684
41.0 -14.381878139674999 83.0 -20.261221285139  1
55.0 -16.84588354948 69.0 -18.722019325698  410.529619664774  0.0701217938916096
42.0 -14.711343305751999 84.0 -20.143236144993  1
56.0 -16.789050543957 70.0 -18.99172174349  346.645889939209  0.0701442394139125
43.0 -15.020524772497 85.0 -20.096291178188  1
57.0 -16.832496080166 71.0 -19.318601155086  521.93098331075  0.070095798106644
45.0 -15.637935613022 87.0 -20.053950333814  1
59.0 -17.094308400378 73.0 -19.704709856813  456.765754627986  0.0701094652992117
46.0 -15.969767680675 88.0 -20.133133798148  1
60.0 -17.109043171305 74.0 -19.91124615724  427.148923265281  0.0701170551938134
47.0 -16.351998339304 89.0 -20.149845755592  1
61.0 -17.261601015943 75.0 -20.169823162554  489.62103242502  0.0701021197961051
48.0 -16.517719667716 90.0 -19.931440073157  1
62.0 -17.385208973099 76.0 -20.440629748261  443.35092208902  0.0701127774805664
49.0 -16.630389952466 91.0 -19.737658783655  1
63.0 -17.544376909743 77.0 -20.64571126569  561.646739665672  0.0700890239299346
50.0 -16.769467712333 92.0 -19.531050582599  1
64.0 -17.736941407452 78.0 -20.66751422703  567.283847040673  0.0700881392979208
52.0 -16.888916766174 94.0 -19.111405604843  1
66.0 -18.08930966041 80.0 -20.533301783602  506.508862254397  0.0700987149558992
53.0 -16.897263851982 95.0 -18.817156263196  1
67.0 -18.263841601321 81.0 -20.503013915995  549.053919834658  0.0700910657372505
55.0 -16.84588354948 97.0 -18.384061022341  1
69.0 -18.722019325698 83.0 -20.261221285139  533.944226257714  0.0700936427393371
56.0 -16.789050543957 98.0 -18.192904263094  1
70.0 -18.99172174349 84.0 -20.143236144993  614.062968693991  0.0700814248742378
57.0 -16.832496080166 99.0 -18.071974903593  1
71.0 -19.318601155086 85.0 -20.096291178188  622.616794707017  0.0700803062179258
58.0 -16.903060507684 100.0 -18.083563746985  1
72.0 -19.543781465212998 86.0 -20.08853309823  592.009012415607  0.0700844581736957
59.0 -17.094308400378 101.0 -18.134493010851  1
73.0 -19.704709856813 87.0 -20.053950333814  655.543869430844  0.0700762725460974
61.0 -17.261601015943 103.0 -18.293431757352  1
75.0 -20.169823162554 89.0 -20.149845755592  573.47978422231  0.0700871870314798
62.0 -17.385208973099 104.0 -18.321351929833  1
76.0 -20.440629748261 90.0 -19.931440073157  511.347434502447  0.0700977808758318
63.0 -17.544376909743 105.0 -18.372570506574  1
77.0 -20.64571126569 91.0 -19.737658783655  630.021929451626  0.0700793623168697
10.0 -3.147572839206 55.0 -16.84588354948  1
25.0 -8.696051376394 40.0 -14.037132411784  546.404083818279  0.0700915073687784
11.0 -3.5010068782309998 56.0 -16.789050543957  1
26.0 -9.096962694477 41.0 -14.381878139674999  492.804804480367  0.0701014600497914
12.0 -3.905762274842 57.0 -16.832496080166  1
27.0 -9.457357638147 42.0 -14.711343305751999  470.602050376842  0.0701062468809049
13.0 -4.228842176173 58.0 -16.903060507684  1
28.0 -9.793833434110999 43.0 -15.020524772497  495.137025021178  0.0701009821473114
14.0 -4.627122323196 59.0 -17.094308400378  1
29.0 -10.141723291542 44.0 -15.337070145624999  527.361477970931  0.0700948116274863
15.0 -5.031100941752 60.0 -17.109043171305  1
30.0 -10.516683096053 45.0 -15.637935613022  463.327800083751  0.0701079149578138
16.0 -5.390927233858 61.0 -17.261601015943  1
31.0 -10.88314470352 46.0 -15.969767680675  492.940292137577  0.0701014321628755
18.0 -6.083764254394 63.0 -17.544376909743  1
33.0 -11.575464665823 48.0 -16.517719667716  545.23052197148  0.0700917043305265
19.0 -6.438858724778 64.0 -17.736941407452  1
34.0 -11.929749264984 49.0 -16.630389952466  569.82600804851  0.0700877460826529
20.0 -6.794782881081 65.0 -17.895989658292  1
35.0 -12.256877871166 50.0 -16.769467712333  628.985941395842  0.0700794930326885
21.0 -7.121280765751 66.0 -18.08930966041  1
36.0 -12.573983451574 51.0 -16.870076326845  649.962331408739  0.0700769275350029
22.0 -7.5100512078929995 67.0 -18.263841601321  1
37.0 -12.954610666685 52.0 -16.888916766174  648.657623381911  0.0700770822668195
23.0 -7.8934111970059995 68.0 -18.439310679008  1
38.0 -13.322131914647 53.0 -16.897263851982  715.591373695959  0.0700698722788423
24.0 -8.273571956019 69.0 -18.722019325698  1
39.0 -13.694539719761 54.0 -16.876823982299  768.484080742711  0.0700650631564829
25.0 -8.696051376394 70.0 -18.99172174349  1
40.0 -14.037132411784 55.0 -16.84588354948  655.14140724785  0.0700763194013489
26.0 -9.096962694477 71.0 -19.318601155086  1
41.0 -14.381878139674999 56.0 -16.789050543957  539.874805455024  0.0700926140643994
27.0 -9.457357638147 72.0 -19.543781465212998  1
42.0 -14.711343305751999 57.0 -16.832496080166  663.405544616444  0.0700753686796949
28.0 -9.793833434110999 73.0 -19.704709856813  1
43.0 -15.020524772497 58.0 -16.903060507684  588.948641794894  0.0700848970461119
29.0 -10.141723291542 74.0 -19.91124615724  1
44.0 -15.337070145624999 59.0 -17.094308400378  599.86884644651  0.0700833515530873
30.0 -10.516683096053 75.0 -20.169823162554  1
45.0 -15.637935613022 60.0 -17.109043171305  699.713172887711  0.0700714578514989
31.0 -10.88314470352 76.0 -20.440629748261  1
46.0 -15.969767680675 61.0 -17.261601015943  631.777219662797  0.070079141821585
33.0 -11.575464665823 78.0 -20.66751422703  1
48.0 -16.517719667716 63.0 -17.544376909743  591.859722558908  0.0700844794773056
34.0 -11.929749264984 79.0 -20.578857410106  1
49.0 -16.630389952466 64.0 -17.736941407452  507.783647859732  0.0700984671330216
35.0 -12.256877871166 80.0 -20.533301783602  1
50.0 -16.769467712333 65.0 -17.895989658292  433.205489846087  0.0701154186665958
37.0 -12.954610666685 82.0 -20.414860380895  1
52.0 -16.888916766174 67.0 -18.263841601321  391.984956794764  0.0701275559154332
40.0 -14.037132411784 85.0 -20.096291178188  1
55.0 -16.84588354948 70.0 -18.99172174349  397.65270926338  0.0701257378582749
41.0 -14.381878139674999 86.0 -20.08853309823  1
56.0 -16.789050543957 71.0 -19.318601155086  412.118303192595  0.0701213243857714
42.0 -14.711343305751999 87.0 -20.053950333814  1
57.0 -16.832496080166 72.0 -19.543781465212998  481.346282462594  0.0701038753218249
45.0 -15.637935613022 90.0 -19.931440073157  1
60.0 -17.109043171305 75.0 -20.169823162554  507.751463420275  0.0700984733744797
46.0 -15.969767680675 91.0 -19.737658783655  1
61.0 -17.261601015943 76.0 -20.440629748261  489.13473394046  0.0701022213237592
47.0 -16.351998339304 92.0 -19.531050582599  1
62.0 -17.385208973099 77.0 -20.64571126569  449.388257867323  0.0701112623641688
48.0 -16.517719667716 93.0 -19.375666664726  1
63.0 -17.544376909743 78.0 -20.66751422703  620.703668115737  0.0700805537369415
49.0 -16.630389952466 94.0 -19.111405604843  1
64.0 -17.736941407452 79.0 -20.578857410106  627.759558155045  0.0700796483292854
51.0 -16.870076326845 96.0 -18.600566028621  1
66.0 -18.08930966041 81.0 -20.503013915995  615.438642895888  0.0700812428673064
52.0 -16.888916766174 97.0 -18.384061022341  1
67.0 -18.263841601321 82.0 -20.414860380895  621.998858048059  0.0700803859996736
53.0 -16.897263851982 98.0 -18.192904263094  1
68.0 -18.439310679008 83.0 -20.261221285139  613.906695722331  0.0700814456013404
54.0 -16.876823982299 99.0 -18.071974903593  1
69.0 -18.722019325698 84.0 -20.143236144993  633.962361288429  0.0700788690355345
55.0 -16.84588354948 100.0 -18.083563746985  1
70.0 -18.99172174349 85.0 -20.096291178188  714.03855009113  0.0700700242304755
56.0 -16.789050543957 101.0 -18.134493010851  1
71.0 -19.318601155086 86.0 -20.08853309823  587.516643642601  0.0700851039720169
58.0 -16.903060507684 103.0 -18.293431757352  1
73.0 -19.704709856813 88.0 -20.133133798148  655.820571601156  0.070076240365376
59.0 -17.094308400378 104.0 -18.321351929833  1
74.0 -19.91124615724 89.0 -20.149845755592  582.201969165621  0.0700858808500281
60.0 -17.109043171305 105.0 -18.372570506574  1
75.0 -20.169823162554 90.0 -19.931440073157  537.534458311949  0.070093017292616
10.0 -3.147572839206 58.0 -16.903060507684  1
26.0 -9.096962694477 42.0 -14.711343305751999  634.997916396538  0.0700787404158485
12.0 -3.905762274842 60.0 -17.109043171305  1
28.0 -9.793833434110999 44.0 -15.337070145624999  666.149090562368  0.0700750582725525
13.0 -4.228842176173 61.0 -17.261601015943  1
29.0 -10.141723291542 45.0 -15.637935613022  611.196826489665  0.0700818067074843
14.0 -4.627122323196 62.0 -17.385208973099  1
30.0 -10.516683096053 46.0 -15.969767680675  645.221026917198  0.0700774928248059
16.0 -5.390927233858 64.0 -17.736941407452  1
32.0 -11.212862429865 48.0 -16.517719667716  531.74567844955  0.0700940299132205
17.0 -5.73473062478 65.0 -17.895989658292  1
33.0 -11.575464665823 49.0 -16.630389952466  562.340030647493  0.0700889141751876
18.0 -6.083764254394 66.0 -18.08930966041  1
34.0 -11.929749264984 50.0 -16.769467712333  671.245735533348  0.0700744883689433
19.0 -6.438858724778 67.0 -18.263841601321  1
35.0 -12.256877871166 51.0 -16.870076326845  666.206826817961  0.0700750517676903
21.0 -7.121280765751 69.0 -18.722019325698  1
37.0 -12.954610666685 53.0 -16.897263851982  605.782765927564  0.0700825378383346
22.0 -7.5100512078929995 70.0 -18.99172174349  1
38.0 -13.322131914647 54.0 -16.876823982299  748.373691464211  0.0700668115415738
23.0 -7.8934111970059995 71.0 -19.318601155086  1
39.0 -13.694539719761 55.0 -16.84588354948  598.688187650271  0.0700835159287111
24.0 -8.273571956019 72.0 -19.543781465212998  1
40.0 -14.037132411784 56.0 -16.789050543957  632.545620418813  0.0700790456820599
25.0 -8.696051376394 73.0 -19.704709856813  1
41.0 -14.381878139674999 57.0 -16.832496080166  524.972125752695  0.0700952431520594
26.0 -9.096962694477 74.0 -19.91124615724  1
42.0 -14.711343305751999 58.0 -16.903060507684  599.411395352609  0.0700834151642556
28.0 -9.793833434110999 76.0 -20.440629748261  1
44.0 -15.337070145624999 60.0 -17.109043171305  529.987431571145  0.070094341859866
29.0 -10.141723291542 77.0 -20.64571126569  1
45.0 -15.637935613022 61.0 -17.261601015943  515.625050249401  0.0700969696875197
31.0 -10.88314470352 79.0 -20.578857410106  1
47.0 -16.351998339304 63.0 -17.544376909743  464.774867680644  0.0701075789666716
33.0 -11.575464665823 81.0 -20.503013915995  1
49.0 -16.630389952466 65.0 -17.895989658292  593.653764447045  0.0700842241774489
36.0 -12.573983451574 84.0 -20.143236144993  1
52.0 -16.888916766174 68.0 -18.439310679008  432.811971721088  0.0701155236067089
38.0 -13.322131914647 86.0 -20.08853309823  1
54.0 -16.876823982299 70.0 -18.99172174349  480.65043739164  0.0701040257037346
39.0 -13.694539719761 87.0 -20.053950333814  1
55.0 -16.84588354948 71.0 -19.318601155086  323.61918927347  0.070154502580988
40.0 -14.037132411784 88.0 -20.133133798148  1
56.0 -16.789050543957 72.0 -19.543781465212998  390.032400644668  0.0701281944779904
41.0 -14.381878139674999 89.0 -20.149845755592  1
57.0 -16.832496080166 73.0 -19.704709856813  415.228081087062  0.0701204157480609
42.0 -14.711343305751999 90.0 -19.931440073157  1
58.0 -16.903060507684 74.0 -19.91124615724  481.602504705568  0.0701038200580592
43.0 -15.020524772497 91.0 -19.737658783655  1
59.0 -17.094308400378 75.0 -20.169823162554  455.378035582768  0.0701097988837692
44.0 -15.337070145624999 92.0 -19.531050582599  1
60.0 -17.109043171305 76.0 -20.440629748261  532.032275300845  0.0700939792608855
46.0 -15.969767680675 94.0 -19.111405604843  1
62.0 -17.385208973099 78.0 -20.66751422703  436.008063741888  0.0701146767781561
48.0 -16.517719667716 96.0 -18.600566028621  1
64.0 -17.736941407452 80.0 -20.533301783602  534.022075396407  0.0700936290882037
49.0 -16.630389952466 97.0 -18.384061022341  1
65.0 -17.895989658292 81.0 -20.503013915995  525.166484749256  0.0700952079034973
50.0 -16.769467712333 98.0 -18.192904263094  1
66.0 -18.08930966041 82.0 -20.414860380895  609.265252379412  0.0700820660620391
51.0 -16.870076326845 99.0 -18.071974903593  1
67.0 -18.263841601321 83.0 -20.261221285139  554.726347937533  0.0700901345324337
52.0 -16.888916766174 100.0 -18.083563746985  1
68.0 -18.439310679008 84.0 -20.143236144993  647.403202563268  0.0700772316228929
53.0 -16.897263851982 101.0 -18.134493010851  1
69.0 -18.722019325698 85.0 -20.096291178188  714.210509860118  0.0700700073708098
54.0 -16.876823982299 102.0 -18.249165056822  1
70.0 -18.99172174349 86.0 -20.08853309823  579.572141437362  0.0700862705372208
55.0 -16.84588354948 103.0 -18.293431757352  1
71.0 -19.318601155086 87.0 -20.053950333814  746.652000404766  0.0700669656010737
56.0 -16.789050543957 104.0 -18.321351929833  1
72.0 -19.543781465212998 88.0 -20.133133798148  593.896172107846  0.0700841898000833
57.0 -16.832496080166 105.0 -18.372570506574  1
73.0 -19.704709856813 89.0 -20.149845755592  705.099600954148  0.0700709119675183
10.0 -3.147572839206 61.0 -17.261601015943  1
27.0 -9.457357638147 44.0 -15.337070145624999  638.831061546829  0.0700782679537826
11.0 -3.5010068782309998 62.0 -17.385208973099  1
28.0 -9.793833434110999 45.0 -15.637935613022  677.312485320323  0.0700738211698199
12.0 -3.905762274842 63.0 -17.544376909743  1
29.0 -10.141723291542 46.0 -15.969767680675  597.217446260149  0.0700837215997508
13.0 -4.228842176173 64.0 -17.736941407452  1
30.0 -10.516683096053 47.0 -16.351998339304  580.950738238382  0.0700860658171321
14.0 -4.627122323196 65.0 -17.895989658292  1
31.0 -10.88314470352 48.0 -16.517719667716  728.482852773782  0.0700686357953514
15.0 -5.031100941752 66.0 -18.08930966041  1
32.0 -11.212862429865 49.0 -16.630389952466  620.369472874062  0.0700805971315261
17.0 -5.73473062478 68.0 -18.439310679008  1
34.0 -11.929749264984 51.0 -16.870076326845  631.03502123023  0.0700792349050652
18.0 -6.083764254394 69.0 -18.722019325698  1
35.0 -12.256877871166 52.0 -16.888916766174  688.066835389905  0.0700726673593731
19.0 -6.438858724778 70.0 -18.99172174349  1
36.0 -12.573983451574 53.0 -16.897263851982  615.002703511559  0.0700813004556151
22.0 -7.5100512078929995 73.0 -19.704709856813  1
39.0 -13.694539719761 56.0 -16.789050543957  662.556280997432  0.0700754652871523
23.0 -7.8934111970059995 74.0 -19.91124615724  1
40.0 -14.037132411784 57.0 -16.832496080166  682.492828242832  0.0700732608430901
24.0 -8.273571956019 75.0 -20.169823162554  1
41.0 -14.381878139674999 58.0 -16.903060507684  514.143886294287  0.070097249041237
25.0 -8.696051376394 76.0 -20.440629748261  1
42.0 -14.711343305751999 59.0 -17.094308400378  522.489911021365  0.070095695627696
26.0 -9.096962694477 77.0 -20.64571126569  1
43.0 -15.020524772497 60.0 -17.109043171305  498.071669711647  0.0701003871591993
27.0 -9.457357638147 78.0 -20.66751422703  1
44.0 -15.337070145624999 61.0 -17.261601015943  612.962995561064  0.0700815709926408
28.0 -9.793833434110999 79.0 -20.578857410106  1
45.0 -15.637935613022 62.0 -17.385208973099  577.074435482834  0.0700866439352112
29.0 -10.141723291542 80.0 -20.533301783602  1
46.0 -15.969767680675 63.0 -17.544376909743  452.719177974463  0.0701104437417997
30.0 -10.516683096053 81.0 -20.503013915995  1
47.0 -16.351998339304 64.0 -17.736941407452  520.555255021421  0.0700960512827749
31.0 -10.88314470352 82.0 -20.414860380895  1
48.0 -16.517719667716 65.0 -17.895989658292  545.022320774644  0.07009173936203
32.0 -11.212862429865 83.0 -20.261221285139  1
49.0 -16.630389952466 66.0 -18.08930966041  443.793616426149  0.0701126649824363
33.0 -11.575464665823 84.0 -20.143236144993  1
50.0 -16.769467712333 67.0 -18.263841601321  511.358730884014  0.0700977787157629
34.0 -11.929749264984 85.0 -20.096291178188  1
51.0 -16.870076326845 68.0 -18.439310679008  425.872918628015  0.0701174059157391
35.0 -12.256877871166 86.0 -20.08853309823  1
52.0 -16.888916766174 69.0 -18.722019325698  495.796360294596  0.0701008478561043
36.0 -12.573983451574 87.0 -20.053950333814  1
53.0 -16.897263851982 70.0 -18.99172174349  428.798209749125  0.0701166049644406
37.0 -12.954610666685 88.0 -20.133133798148  1
54.0 -16.876823982299 71.0 -19.318601155086  470.189696898097  0.0701063400587675
39.0 -13.694539719761 90.0 -19.931440073157  1
56.0 -16.789050543957 73.0 -19.704709856813  410.034465742606  0.0701219409688145
40.0 -14.037132411784 91.0 -19.737658783655  1
57.0 -16.832496080166 74.0 -19.91124615724  437.369192225902  0.0701143198946994
41.0 -14.381878139674999 92.0 -19.531050582599  1
58.0 -16.903060507684 75.0 -20.169823162554  415.79357555026  0.0701202519782414
42.0 -14.711343305751999 93.0 -19.375666664726  1
59.0 -17.094308400378 76.0 -20.440629748261  553.188913741927  0.0700903850362108
44.0 -15.337070145624999 95.0 -18.817156263196  1
61.0 -17.261601015943 78.0 -20.66751422703  455.970669830878  0.0701096561759522
45.0 -15.637935613022 96.0 -18.600566028621  1
62.0 -17.385208973099 79.0 -20.578857410106  473.501952686651  0.0701055961854356
47.0 -16.351998339304 98.0 -18.192904263094  1
64.0 -17.736941407452 81.0 -20.503013915995  528.802270597314  0.0700945533005059
48.0 -16.517719667716 99.0 -18.071974903593  1
65.0 -17.895989658292 82.0 -20.414860380895  659.861138241872  0.0700757735182484
49.0 -16.630389952466 100.0 -18.083563746985  1
66.0 -18.08930966041 83.0 -20.261221285139  645.622480787393  0.0700774446390699
50.0 -16.769467712333 101.0 -18.134493010851  1
67.0 -18.263841601321 84.0 -20.143236144993  679.359809688062  0.0700735987017291
52.0 -16.888916766174 103.0 -18.293431757352  1
69.0 -18.722019325698 86.0 -20.08853309823  618.115260074127  0.0700808910622818
54.0 -16.876823982299 105.0 -18.372570506574  1
71.0 -19.318601155086 88.0 -20.133133798148  560.51316354504  0.070089203971025
10.0 -3.147572839206 64.0 -17.736941407452  1
28.0 -9.793833434110999 46.0 -15.969767680675  601.427531618799  0.070083135535657
11.0 -3.5010068782309998 65.0 -17.895989658292  1
29.0 -10.141723291542 47.0 -16.351998339304  512.3157043403  0.0700975960712826
12.0 -3.905762274842 66.0 -18.08930966041  1
30.0 -10.516683096053 48.0 -16.517719667716  678.407506036558  0.0700737020147258
13.0 -4.228842176173 67.0 -18.263841601321  1
31.0 -10.88314470352 49.0 -16.630389952466  477.821657569017  0.0701046415523616
14.0 -4.627122323196 68.0 -18.439310679008  1
32.0 -11.212862429865 50.0 -16.769467712333  583.489652288458  0.070085691322552
17.0 -5.73473062478 71.0 -19.318601155086  1
35.0 -12.256877871166 53.0 -16.897263851982  549.479978820193  0.0700909951261689
18.0 -6.083764254394 72.0 -19.543781465212998  1
36.0 -12.573983451574 54.0 -16.876823982299  798.364456083337  0.0700626280386345
19.0 -6.438858724778 73.0 -19.704709856813  1
37.0 -12.954610666685 55.0 -16.84588354948  525.148309334547  0.0700952111986485
20.0 -6.794782881081 74.0 -19.91124615724  1
38.0 -13.322131914647 56.0 -16.789050543957  642.869309748667  0.070077776305762
21.0 -7.121280765751 75.0 -20.169823162554  1
39.0 -13.694539719761 57.0 -16.832496080166  636.191041917327  0.0700785927444833
22.0 -7.5100512078929995 76.0 -20.440629748261  1
40.0 -14.037132411784 58.0 -16.903060507684  747.694689927092  0.0700668722149209
23.0 -7.8934111970059995 77.0 -20.64571126569  1
41.0 -14.381878139674999 59.0 -17.094308400378  674.12116206952  0.0700741706429249
25.0 -8.696051376394 79.0 -20.578857410106  1
43.0 -15.020524772497 61.0 -17.261601015943  583.495199244206  0.0700856905079335
26.0 -9.096962694477 80.0 -20.533301783602  1
44.0 -15.337070145624999 62.0 -17.385208973099  521.926044458599  0.0700957990131569
27.0 -9.457357638147 81.0 -20.503013915995  1
45.0 -15.637935613022 63.0 -17.544376909743  632.016649453351  0.0700791118399227
28.0 -9.793833434110999 82.0 -20.414860380895  1
46.0 -15.969767680675 64.0 -17.736941407452  480.3841617187  0.0701040833649076
29.0 -10.141723291542 83.0 -20.261221285139  1
47.0 -16.351998339304 65.0 -17.895989658292  547.010415119765  0.0700914059378359
30.0 -10.516683096053 84.0 -20.143236144993  1
48.0 -16.517719667716 66.0 -18.08930966041  492.997088348404  0.0701014204772842
31.0 -10.88314470352 85.0 -20.096291178188  1
49.0 -16.630389952466 67.0 -18.263841601321  429.795179130971  0.0701163344830929
32.0 -11.212862429865 86.0 -20.08853309823  1
50.0 -16.769467712333 68.0 -18.439310679008  427.989531845192  0.0701168252872551
33.0 -11.575464665823 87.0 -20.053950333814  1
51.0 -16.870076326845 69.0 -18.722019325698  420.082240369019  0.070119024312849
34.0 -11.929749264984 88.0 -20.133133798148  1
52.0 -16.888916766174 70.0 -18.99172174349  353.396690304744  0.0701414840641458
35.0 -12.256877871166 89.0 -20.149845755592  1
53.0 -16.897263851982 71.0 -19.318601155086  487.679766547832  0.0701025262957985
36.0 -12.573983451574 90.0 -19.931440073157  1
54.0 -16.876823982299 72.0 -19.543781465212998  378.20386802943  0.0701322038303323
37.0 -12.954610666685 91.0 -19.737658783655  1
55.0 -16.84588354948 73.0 -19.704709856813  351.39636528421  0.0701422894626686
38.0 -13.322131914647 92.0 -19.531050582599  1
56.0 -16.789050543957 74.0 -19.91124615724  426.323606020092  0.0701172818002427
39.0 -13.694539719761 93.0 -19.375666664726  1
57.0 -16.832496080166 75.0 -20.169823162554  494.620068991756  0.0701010876895916
40.0 -14.037132411784 94.0 -19.111405604843  1
58.0 -16.903060507684 76.0 -20.440629748261  508.476248996444  0.0700983330098479
41.0 -14.381878139674999 95.0 -18.817156263196  1
59.0 -17.094308400378 77.0 -20.64571126569  538.109617650128  0.0700929178709319
42.0 -14.711343305751999 96.0 -18.600566028621  1
60.0 -17.109043171305 78.0 -20.66751422703  488.094227521473  0.0701024392364849
43.0 -15.020524772497 97.0 -18.384061022341  1
61.0 -17.261601015943 79.0 -20.578857410106  482.857278640297  0.0701035502667389
44.0 -15.337070145624999 98.0 -18.192904263094  1
62.0 -17.385208973099 80.0 -20.533301783602  455.526360786289  0.0701097631318497
45.0 -15.637935613022 99.0 -18.071974903593  1
63.0 -17.544376909743 81.0 -20.503013915995  439.623855857656  0.0701137335914186
46.0 -15.969767680675 100.0 -18.083563746985  1
64.0 -17.736941407452 82.0 -20.414860380895  511.745189395657  0.0700977048754656
47.0 -16.351998339304 101.0 -18.134493010851  1
65.0 -17.895989658292 83.0 -20.261221285139  709.026744120211  0.0700705192017292
48.0 -16.517719667716 102.0 -18.249165056822  1
66.0 -18.08930966041 84.0 -20.143236144993  536.500748415388  0.070093196514912
49.0 -16.630389952466 103.0 -18.293431757352  1
67.0 -18.263841601321 85.0 -20.096291178188  513.32629260427  0.0700974039333663
50.0 -16.769467712333 104.0 -18.321351929833  1
68.0 -18.439310679008 86.0 -20.08853309823  598.11832474964  0.0700835954993035
51.0 -16.870076326845 105.0 -18.372570506574  1
69.0 -18.722019325698 87.0 -20.053950333814  498.784212040542  0.0701002437502892
10.0 -3.147572839206 67.0 -18.263841601321  1
29.0 -10.141723291542 48.0 -16.517719667716  604.607251531476  0.0700826983134479
11.0 -3.5010068782309998 68.0 -18.439310679008  1
30.0 -10.516683096053 49.0 -16.630389952466  605.144643175232  0.070082624874175
12.0 -3.905762274842 69.0 -18.722019325698  1
31.0 -10.88314470352 50.0 -16.769467712333  706.940465296021  0.0700707273136205
13.0 -4.228842176173 70.0 -18.99172174349  1
32.0 -11.212862429865 51.0 -16.870076326845  690.340411089467  0.0700724280357876
14.0 -4.627122323196 71.0 -19.318601155086  1
33.0 -11.575464665823 52.0 -16.888916766174  789.009664306645  0.0700633705799332
15.0 -5.031100941752 72.0 -19.543781465212998  1
34.0 -11.929749264984 53.0 -16.897263851982  708.331292839482  0.070070588438638
16.0 -5.390927233858 73.0 -19.704709856813  1
35.0 -12.256877871166 54.0 -16.876823982299  611.807771155812  0.0700817250161853
17.0 -5.73473062478 74.0 -19.91124615724  1
36.0 -12.573983451574 55.0 -16.84588354948  602.919065527834  0.0700829298704565
18.0 -6.083764254394 75.0 -20.169823162554  1
37.0 -12.954610666685 56.0 -16.789050543957  722.929896949695  0.0700691629993599
19.0 -6.438858724778 76.0 -20.440629748261  1
38.0 -13.322131914647 57.0 -16.832496080166  740.92835237286  0.070067482908219
20.0 -6.794782881081 77.0 -20.64571126569  1
39.0 -13.694539719761 58.0 -16.903060507684  762.779498757848  0.0700655497428568
21.0 -7.121280765751 78.0 -20.66751422703  1
40.0 -14.037132411784 59.0 -17.094308400378  596.662385047962  0.0700837994840181
22.0 -7.5100512078929995 79.0 -20.578857410106  1
41.0 -14.381878139674999 60.0 -17.109043171305  536.815093385024  0.0700931419414546
23.0 -7.8934111970059995 80.0 -20.533301783602  1
42.0 -14.711343305751999 61.0 -17.261601015943  706.279574167286  0.0700707934957045
24.0 -8.273571956019 81.0 -20.503013915995  1
43.0 -15.020524772497 62.0 -17.385208973099  547.291471430661  0.070091358997189
25.0 -8.696051376394 82.0 -20.414860380895  1
44.0 -15.337070145624999 63.0 -17.544376909743  482.185220830382  0.0701036945925342
26.0 -9.096962694477 83.0 -20.261221285139  1
45.0 -15.637935613022 64.0 -17.736941407452  559.767310962491  0.0700893228293629
27.0 -9.457357638147 84.0 -20.143236144993  1
46.0 -15.969767680675 65.0 -17.895989658292  467.467904880102  0.0701069592146927
28.0 -9.793833434110999 85.0 -20.096291178188  1
47.0 -16.351998339304 66.0 -18.08930966041  459.92362684329  0.0701087137017578
29.0 -10.141723291542 86.0 -20.08853309823  1
48.0 -16.517719667716 67.0 -18.263841601321  501.065091056807  0.0700997874345917
30.0 -10.516683096053 87.0 -20.053950333814  1
49.0 -16.630389952466 68.0 -18.439310679008  447.396056825383  0.0701117578021469
31.0 -10.88314470352 88.0 -20.133133798148  1
50.0 -16.769467712333 69.0 -18.722019325698  547.58985706934  0.0700913092150165
32.0 -11.212862429865 89.0 -20.149845755592  1
51.0 -16.870076326845 70.0 -18.99172174349  435.321409095422  0.0701148576636832
33.0 -11.575464665823 90.0 -19.931440073157  1
52.0 -16.888916766174 71.0 -19.318601155086  434.821499820277  0.0701149897142176
34.0 -11.929749264984 91.0 -19.737658783655  1
53.0 -16.897263851982 72.0 -19.543781465212998  486.081056096043  0.0701028635026462
35.0 -12.256877871166 92.0 -19.531050582599  1
54.0 -16.876823982299 73.0 -19.704709856813  481.490591138605  0.0701038441891082
36.0 -12.573983451574 93.0 -19.375666664726  1
55.0 -16.84588354948 74.0 -19.91124615724  507.675778723404  0.0700984880549664
37.0 -12.954610666685 94.0 -19.111405604843  1
56.0 -16.789050543957 75.0 -20.169823162554  453.861270706285  0.0701101658220852
38.0 -13.322131914647 95.0 -18.817156263196  1
57.0 -16.832496080166 76.0 -20.440629748261  617.896402458962  0.0700809197137271
39.0 -13.694539719761 96.0 -18.600566028621  1
58.0 -16.903060507684 77.0 -20.64571126569  473.898747428408  0.0701055077699009
40.0 -14.037132411784 97.0 -18.384061022341  1
59.0 -17.094308400378 78.0 -20.66751422703  511.620641355727  0.0700977286605707
41.0 -14.381878139674999 98.0 -18.192904263094  1
60.0 -17.109043171305 79.0 -20.578857410106  561.881479110237  0.0700889867380558
42.0 -14.711343305751999 99.0 -18.071974903593  1
61.0 -17.261601015943 80.0 -20.533301783602  628.41710305739  0.0700795649891716
43.0 -15.020524772497 100.0 -18.083563746985  1
62.0 -17.385208973099 81.0 -20.503013915995  391.470776585991  0.0701277234547009
44.0 -15.337070145624999 101.0 -18.134493010851  1
63.0 -17.544376909743 82.0 -20.414860380895  640.911143127008  0.0700780139345933
45.0 -15.637935613022 102.0 -18.249165056822  1
64.0 -17.736941407452 83.0 -20.261221285139  495.78057897396  0.0701008510662186
46.0 -15.969767680675 103.0 -18.293431757352  1
65.0 -17.895989658292 84.0 -20.143236144993  567.766010353939  0.0700880644474805
47.0 -16.351998339304 104.0 -18.321351929833  1
66.0 -18.08930966041 85.0 -20.096291178188  610.394611855813  0.0700819142224208
48.0 -16.517719667716 105.0 -18.372570506574  1
67.0 -18.263841601321 86.0 -20.08853309823  495.271060928674  0.0701009548183701
