! Dc data
COMMON_CURRENT
1
10.0 -3.147572839206 13.0 -4.228842176173  1
11.0 -3.5010068782309998 12.0 -3.905762274842  362.91073934126  0.0701377749252909
11.0 -3.5010068782309998 14.0 -4.627122323196  1
12.0 -3.905762274842 13.0 -4.228842176173  320.666399346433  0.0701559252859106
12.0 -3.905762274842 15.0 -5.031100941752  1
13.0 -4.228842176173 14.0 -4.627122323196  371.603342753293  0.0701345520727277
13.0 -4.228842176173 16.0 -5.390927233858  1
14.0 -4.627122323196 15.0 -5.031100941752  367.055259390898  0.0701362192714061
14.0 -4.627122323196 17.0 -5.73473062478  1
15.0 -5.031100941752 16.0 -5.390927233858  368.111906039484  0.0701358282608622
15.0 -5.031100941752 18.0 -6.083764254394  1
16.0 -5.390927233858 17.0 -5.73473062478  307.09122242237  0.0701628180695156
16.0 -5.390927233858 19.0 -6.438858724778  1
17.0 -5.73473062478 18.0 -6.083764254394  353.710696470717  0.0701413584618698
17.0 -5.73473062478 20.0 -6.794782881081  1
18.0 -6.083764254394 19.0 -6.438858724778  325.658731470391  0.0701535349590482
18.0 -6.083764254394 21.0 -7.121280765751  1
19.0 -6.438858724778 20.0 -6.794782881081  377.049643084119  0.0701326085329004
19.0 -6.438858724778 22.0 -7.5100512078929995  1
20.0 -6.794782881081 21.0 -7.121280765751  321.103377627062  0.0701557130926791
20.0 -6.794782881081 23.0 -7.8934111970059995  1
21.0 -7.121280765751 22.0 -7.5100512078929995  352.656138902672  0.070141781170053
22.0 -7.5100512078929995 25.0 -8.696051376394  1
23.0 -7.8934111970059995 24.0 -8.273571956019  347.240102642463  0.070143992585014
23.0 -7.8934111970059995 26.0 -9.096962694477  1
24.0 -8.273571956019 25.0 -8.696051376394  361.681794320662  0.0701382430655486
25.0 -8.696051376394 28.0 -9.793833434110999  1
26.0 -9.096962694477 27.0 -9.457357638147  357.083383190109  0.0701400233176725
27.0 -9.457357638147 30.0 -10.516683096053  1
28.0 -9.793833434110999 29.0 -10.141723291542  346.803655912407  0.0701441737973277
28.0 -9.793833434110999 31.0 -10.88314470352  1
29.0 -10.141723291542 30.0 -10.516683096053  341.786102281164  0.0701462903250492
29.0 -10.141723291542 32.0 -11.212862429865  1
30.0 -10.516683096053 31.0 -10.88314470352  330.979907019801  0.0701510665721379
30.0 -10.516683096053 33.0 -11.575464665823  1
31.0 -10.88314470352 32.0 -11.212862429865  310.259555176387  0.0701611553912387
31.0 -10.88314470352 34.0 -11.929749264984  1
32.0 -11.212862429865 33.0 -11.575464665823  350.162338520076  0.0701427909129557
33.0 -11.575464665823 36.0 -12.573983451574  1
34.0 -11.929749264984 35.0 -12.256877871166  355.177022132886  0.070140774872484
34.0 -11.929749264984 37.0 -12.954610666685  1
35.0 -12.256877871166 36.0 -12.573983451574  344.057455762357  0.0701453245647277
35.0 -12.256877871166 38.0 -13.322131914647  1
36.0 -12.573983451574 37.0 -12.954610666685  345.480842395749  0.0701447258251812
36.0 -12.573983451574 39.0 -13.694539719761  1
37.0 -12.954610666685 38.0 -13.322131914647  364.401863489785  0.070137211153426
37.0 -12.954610666685 40.0 -14.037132411784  1
38.0 -13.322131914647 39.0 -13.694539719761  349.520440029305  0.0701430531501843
38.0 -13.322131914647 41.0 -14.381878139674999  1
39.0 -13.694539719761 40.0 -14.037132411784  406.7823256895  0.0701229158614875
39.0 -13.694539719761 42.0 -14.711343305751999  1
40.0 -14.037132411784 41.0 -14.381878139674999  341.221164365737  0.0701465325285228
40.0 -14.037132411784 43.0 -15.020524772497  1
41.0 -14.381878139674999 42.0 -14.711343305751999  371.292325057982  0.0701346647819671
41.0 -14.381878139674999 44.0 -15.337070145624999  1
42.0 -14.711343305751999 43.0 -15.020524772497  338.515642620696  0.0701477036618247
42.0 -14.711343305751999 45.0 -15.637935613022  1
43.0 -15.020524772497 44.0 -15.337070145624999  361.522938296998  0.0701383038106393
43.0 -15.020524772497 46.0 -15.969767680675  1
44.0 -15.337070145624999 45.0 -15.637935613022  369.762400408395  0.0701352219694181
44.0 -15.337070145624999 47.0 -16.351998339304  1
45.0 -15.637935613022 46.0 -15.969767680675  338.172183282504  0.0701478536747602
45.0 -15.637935613022 48.0 -16.517719667716  1
46.0 -15.969767680675 47.0 -16.351998339304  371.594600125754  0.0701345552383783
46.0 -15.969767680675 49.0 -16.630389952466  1
47.0 -16.351998339304 48.0 -16.517719667716  410.311431808353  0.0701218586569222
47.0 -16.351998339304 50.0 -16.769467712333  1
48.0 -16.517719667716 49.0 -16.630389952466  328.818829650338  0.0701520594184134
48.0 -16.517719667716 51.0 -16.870076326845  1
49.0 -16.630389952466 50.0 -16.769467712333  327.863288529184  0.0701525025879668
49.0 -16.630389952466 52.0 -16.888916766174  1
50.0 -16.769467712333 51.0 -16.870076326845  385.56848269232  0.070129678649175
50.0 -16.769467712333 53.0 -16.897263851982  1
51.0 -16.870076326845 52.0 -16.888916766174  310.859758315563  0.0701608442349403
51.0 -16.870076326845 54.0 -16.876823982299  1
52.0 -16.888916766174 53.0 -16.897263851982  360.273972954827  0.0701387832698264
53.0 -16.897263851982 56.0 -16.789050543957  1
54.0 -16.876823982299 55.0 -16.84588354948  352.862759514896  0.0701416981493563
55.0 -16.84588354948 58.0 -16.903060507684  1
56.0 -16.789050543957 57.0 -16.832496080166  351.261902768517  0.0701423439308559
56.0 -16.789050543957 59.0 -17.094308400378  1
57.0 -16.832496080166 58.0 -16.903060507684  361.996919681466  0.0701381227222707
58.0 -16.903060507684 61.0 -17.261601015943  1
59.0 -17.094308400378 60.0 -17.109043171305  366.676188083552  0.0701363600954328
59.0 -17.094308400378 62.0 -17.385208973099  1
60.0 -17.109043171305 61.0 -17.261601015943  301.591937800896  0.0701657869250902
60.0 -17.109043171305 63.0 -17.544376909743  1
61.0 -17.261601015943 62.0 -17.385208973099  356.220789667106  0.0701403623860548
61.0 -17.261601015943 64.0 -17.736941407452  1
62.0 -17.385208973099 63.0 -17.544376909743  324.432657691508  0.0701541151878969
63.0 -17.544376909743 66.0 -18.08930966041  1
64.0 -17.736941407452 65.0 -17.895989658292  362.162880210263  0.0701380594277662
64.0 -17.736941407452 67.0 -18.263841601321  1
65.0 -17.895989658292 66.0 -18.08930966041  363.490368458612  0.0701375552265993
66.0 -18.08930966041 69.0 -18.722019325698  1
67.0 -18.263841601321 68.0 -18.439310679008  348.665008424673  0.0701434041237058
68.0 -18.439310679008 71.0 -19.318601155086  1
69.0 -18.722019325698 70.0 -18.99172174349  363.94503439871  0.0701373833828578
70.0 -18.99172174349 73.0 -19.704709856813  1
71.0 -19.318601155086 72.0 -19.543781465212998  368.594569938742  0.0701356503976939
71.0 -19.318601155086 74.0 -19.91124615724  1
72.0 -19.543781465212998 73.0 -19.704709856813  356.72308149141  0.0701401647456928
72.0 -19.543781465212998 75.0 -20.169823162554  1
73.0 -19.704709856813 74.0 -19.91124615724  337.400737255447  0.0701481917330908
73.0 -19.704709856813 76.0 -20.440629748261  1
74.0 -19.91124615724 75.0 -20.169823162554  362.29027467517  0.0701380108810396
74.0 -19.91124615724 77.0 -20.64571126569  1
75.0 -20.169823162554 76.0 -20.440629748261  323.815976162843  0.0701544086878989
75.0 -20.169823162554 78.0 -20.66751422703  1
76.0 -20.440629748261 77.0 -20.64571126569  364.540984449846  0.0701371587890878
77.0 -20.64571126569 80.0 -20.533301783602  1
78.0 -20.66751422703 79.0 -20.578857410106  346.939173212653  0.0701441174818542
79.0 -20.578857410106 82.0 -20.414860380895  1
80.0 -20.533301783602 81.0 -20.503013915995  359.968254581601  0.0701389011374298
80.0 -20.533301783602 83.0 -20.261221285139  1
81.0 -20.503013915995 82.0 -20.414860380895  349.691347063927  0.0701429832348436
81.0 -20.503013915995 84.0 -20.143236144993  1
82.0 -20.414860380895 83.0 -20.261221285139  350.935516620859  0.070142476317249
84.0 -20.143236144993 87.0 -20.053950333814  1
85.0 -20.096291178188 86.0 -20.08853309823  359.349002658658  0.070139140500266
85.0 -20.096291178188 88.0 -20.133133798148  1
86.0 -20.08853309823 87.0 -20.053950333814  360.306010909036  0.0701387709293937
86.0 -20.08853309823 89.0 -20.149845755592  1
87.0 -20.053950333814 88.0 -20.133133798148  300.55483508643  0.0701663589939773
87.0 -20.053950333814 90.0 -19.931440073157  1
88.0 -20.133133798148 89.0 -20.149845755592  380.01887238511  0.0701315724129336
88.0 -20.133133798148 91.0 -19.737658783655  1
89.0 -20.149845755592 90.0 -19.931440073157  298.958186703734  0.0701672474687892
89.0 -20.149845755592 92.0 -19.531050582599  1
90.0 -19.931440073157 91.0 -19.737658783655  356.795826253221  0.0701401361684218
92.0 -19.531050582599 95.0 -18.817156263196  1
93.0 -19.375666664726 94.0 -19.111405604843  355.795501115876  0.0701405301636563
93.0 -19.375666664726 96.0 -18.600566028621  1
94.0 -19.111405604843 95.0 -18.817156263196  305.094021214776  0.0701638839063477
94.0 -19.111405604843 97.0 -18.384061022341  1
95.0 -18.817156263196 96.0 -18.600566028621  356.874276445582  0.070140105362869
95.0 -18.817156263196 98.0 -18.192904263094  1
96.0 -18.600566028621 97.0 -18.384061022341  359.90491774137  0.0701389255815502
96.0 -18.600566028621 99.0 -18.071974903593  1
97.0 -18.384061022341 98.0 -18.192904263094  376.949853056186  0.0701326436383901
97.0 -18.384061022341 100.0 -18.083563746985  1
98.0 -18.192904263094 99.0 -18.071974903593  362.76520987817  0.0701378301960565
98.0 -18.192904263094 101.0 -18.134493010851  1
99.0 -18.071974903593 100.0 -18.083563746985  357.584969508395  0.070139826906228
100.0 -18.083563746985 103.0 -18.293431757352  1
101.0 -18.134493010851 102.0 -18.249165056822  352.394474696602  0.0701418864471217
101.0 -18.134493010851 104.0 -18.321351929833  1
102.0 -18.249165056822 103.0 -18.293431757352  344.505856831029  0.0701451354135455
102.0 -18.249165056822 105.0 -18.372570506574  1
103.0 -18.293431757352 104.0 -18.321351929833  320.662551638859  0.0701559271568958
11.0 -3.5010068782309998 17.0 -5.73473062478  1
13.0 -4.228842176173 15.0 -5.031100941752  375.832160883203  0.0701330381090392
12.0 -3.905762274842 18.0 -6.083764254394  1
14.0 -4.627122323196 16.0 -5.390927233858  358.186966413907  0.070139591902242
13.0 -4.228842176173 19.0 -6.438858724778  1
15.0 -5.031100941752 17.0 -5.73473062478  390.466439641649  0.0701280519781569
14.0 -4.627122323196 20.0 -6.794782881081  1
16.0 -5.390927233858 18.0 -6.083764254394  348.462421951946  0.070143487494921
16.0 -5.390927233858 22.0 -7.5100512078929995  1
18.0 -6.083764254394 20.0 -6.794782881081  394.147745082665  0.0701268559838888
17.0 -5.73473062478 23.0 -7.8934111970059995  1
19.0 -6.438858724778 21.0 -7.121280765751  362.379078074917  0.0701379770605566
18.0 -6.083764254394 24.0 -8.273571956019  1
20.0 -6.794782881081 22.0 -7.5100512078929995  351.965450015643  0.0701420593981534
20.0 -6.794782881081 26.0 -9.096962694477  1
22.0 -7.5100512078929995 24.0 -8.273571956019  333.118922427585  0.0701500965470098
21.0 -7.121280765751 27.0 -9.457357638147  1
23.0 -7.8934111970059995 25.0 -8.696051376394  356.05812316499  0.0701404265111425
22.0 -7.5100512078929995 28.0 -9.793833434110999  1
24.0 -8.273571956019 26.0 -9.096962694477  356.745619099836  0.0701401558907049
24.0 -8.273571956019 30.0 -10.516683096053  1
26.0 -9.096962694477 28.0 -9.793833434110999  295.91640745587  0.070168966636321
25.0 -8.696051376394 31.0 -10.88314470352  1
27.0 -9.457357638147 29.0 -10.141723291542  361.216868748215  0.0701384209994768
26.0 -9.096962694477 32.0 -11.212862429865  1
28.0 -9.793833434110999 30.0 -10.516683096053  343.511772146415  0.0701455554192148
27.0 -9.457357638147 33.0 -11.575464665823  1
29.0 -10.141723291542 31.0 -10.88314470352  343.466776546236  0.0701455744875903
28.0 -9.793833434110999 34.0 -11.929749264984  1
30.0 -10.516683096053 32.0 -11.212862429865  339.728132002411  0.0701471765075953
29.0 -10.141723291542 35.0 -12.256877871166  1
31.0 -10.88314470352 33.0 -11.575464665823  348.177984754172  0.0701436047142248
32.0 -11.212862429865 38.0 -13.322131914647  1
34.0 -11.929749264984 36.0 -12.573983451574  306.243697955545  0.0701632686658821
33.0 -11.575464665823 39.0 -13.694539719761  1
35.0 -12.256877871166 37.0 -12.954610666685  311.860699772558  0.0701603279927111
34.0 -11.929749264984 40.0 -14.037132411784  1
36.0 -12.573983451574 38.0 -13.322131914647  340.479083671344  0.0701468518989797
35.0 -12.256877871166 41.0 -14.381878139674999  1
37.0 -12.954610666685 39.0 -13.694539719761  328.997538369342  0.0701519768210055
36.0 -12.573983451574 42.0 -14.711343305751999  1
38.0 -13.322131914647 40.0 -14.037132411784  325.364124520839  0.0701536739801096
37.0 -12.954610666685 43.0 -15.020524772497  1
39.0 -13.694539719761 41.0 -14.381878139674999  335.064006921701  0.0701492252195614
38.0 -13.322131914647 44.0 -15.337070145624999  1
40.0 -14.037132411784 42.0 -14.711343305751999  328.053661087806  0.0701524140893115
40.0 -14.037132411784 46.0 -15.969767680675  1
42.0 -14.711343305751999 44.0 -15.337070145624999  342.974204558422  0.0701457835584585
44.0 -15.337070145624999 50.0 -16.769467712333  1
46.0 -15.969767680675 48.0 -16.517719667716  338.009042256857  0.0701479250367569
45.0 -15.637935613022 51.0 -16.870076326845  1
47.0 -16.351998339304 49.0 -16.630389952466  320.223649061947  0.070156140872626
46.0 -15.969767680675 52.0 -16.888916766174  1
48.0 -16.517719667716 50.0 -16.769467712333  294.935469893507  0.0701695286091499
47.0 -16.351998339304 53.0 -16.897263851982  1
49.0 -16.630389952466 51.0 -16.870076326845  352.819288090364  0.0701417156082102
49.0 -16.630389952466 55.0 -16.84588354948  1
51.0 -16.870076326845 53.0 -16.897263851982  318.327299083274  0.0701570710402281
50.0 -16.769467712333 56.0 -16.789050543957  1
52.0 -16.888916766174 54.0 -16.876823982299  341.600569342941  0.0701463697794655
52.0 -16.888916766174 58.0 -16.903060507684  1
54.0 -16.876823982299 56.0 -16.789050543957  319.172631133464  0.070156655035936
53.0 -16.897263851982 59.0 -17.094308400378  1
55.0 -16.84588354948 57.0 -16.832496080166  360.543594904746  0.0701386794848296
54.0 -16.876823982299 60.0 -17.109043171305  1
56.0 -16.789050543957 58.0 -16.903060507684  328.702461765426  0.0701521132507845
55.0 -16.84588354948 61.0 -17.261601015943  1
57.0 -16.832496080166 59.0 -17.094308400378  330.246475480573  0.0701514020700062
56.0 -16.789050543957 62.0 -17.385208973099  1
58.0 -16.903060507684 60.0 -17.109043171305  397.922257881465  0.0701256526846882
58.0 -16.903060507684 64.0 -17.736941407452  1
60.0 -17.109043171305 62.0 -17.385208973099  310.648617054703  0.0701609535573474
59.0 -17.094308400378 65.0 -17.895989658292  1
61.0 -17.261601015943 63.0 -17.544376909743  356.880051688184  0.0701401030956017
60.0 -17.109043171305 66.0 -18.08930966041  1
62.0 -17.385208973099 64.0 -17.736941407452  341.061304266058  0.0701466012103237
61.0 -17.261601015943 67.0 -18.263841601321  1
63.0 -17.544376909743 65.0 -17.895989658292  366.29561189789  0.0701365017717273
62.0 -17.385208973099 68.0 -18.439310679008  1
64.0 -17.736941407452 66.0 -18.08930966041  378.998794183103  0.0701319265411062
63.0 -17.544376909743 69.0 -18.722019325698  1
65.0 -17.895989658292 67.0 -18.263841601321  353.719354762291  0.0701413550017177
64.0 -17.736941407452 70.0 -18.99172174349  1
66.0 -18.08930966041 68.0 -18.439310679008  308.971650744347  0.0701618271445925
65.0 -17.895989658292 71.0 -19.318601155086  1
67.0 -18.263841601321 69.0 -18.722019325698  356.387530618775  0.0701402967155253
67.0 -18.263841601321 73.0 -19.704709856813  1
69.0 -18.722019325698 71.0 -19.318601155086  327.886776059037  0.0701524916637413
69.0 -18.722019325698 75.0 -20.169823162554  1
71.0 -19.318601155086 73.0 -19.704709856813  358.768396475882  0.0701393656757149
70.0 -18.99172174349 76.0 -20.440629748261  1
72.0 -19.543781465212998 74.0 -19.91124615724  334.659069591912  0.0701494057820126
71.0 -19.318601155086 77.0 -20.64571126569  1
73.0 -19.704709856813 75.0 -20.169823162554  323.034282054387  0.0701547823335716
72.0 -19.543781465212998 78.0 -20.66751422703  1
74.0 -19.91124615724 76.0 -20.440629748261  325.677549969326  0.0701535260873975
73.0 -19.704709856813 79.0 -20.578857410106  1
75.0 -20.169823162554 77.0 -20.64571126569  359.445952952244  0.0701391029710846
74.0 -19.91124615724 80.0 -20.533301783602  1
76.0 -20.440629748261 78.0 -20.66751422703  390.69420676899  0.070127977326343
75.0 -20.169823162554 81.0 -20.503013915995  1
77.0 -20.64571126569 79.0 -20.578857410106  341.455442701449  0.0701464319900846
76.0 -20.440629748261 82.0 -20.414860380895  1
78.0 -20.66751422703 80.0 -20.533301783602  310.66302980437  0.0701609460901463
77.0 -20.64571126569 83.0 -20.261221285139  1
79.0 -20.578857410106 81.0 -20.503013915995  332.495532177967  0.0701503779604871
79.0 -20.578857410106 85.0 -20.096291178188  1
81.0 -20.503013915995 83.0 -20.261221285139  377.691132703528  0.0701323833038973
80.0 -20.533301783602 86.0 -20.08853309823  1
82.0 -20.414860380895 84.0 -20.143236144993  308.672414850052  0.0701619840244691
81.0 -20.503013915995 87.0 -20.053950333814  1
83.0 -20.261221285139 85.0 -20.096291178188  312.627199216328  0.0701599349004992
82.0 -20.414860380895 88.0 -20.133133798148  1
84.0 -20.143236144993 86.0 -20.08853309823  361.260608376647  0.0701384042401542
83.0 -20.261221285139 89.0 -20.149845755592  1
85.0 -20.096291178188 87.0 -20.053950333814  344.983394832695  0.0701449345120633
84.0 -20.143236144993 90.0 -19.931440073157  1
86.0 -20.08853309823 88.0 -20.133133798148  304.717226322345  0.0701640865552744
85.0 -20.096291178188 91.0 -19.737658783655  1
87.0 -20.053950333814 89.0 -20.149845755592  350.808046005202  0.0701425280878514
86.0 -20.08853309823 92.0 -19.531050582599  1
88.0 -20.133133798148 90.0 -19.931440073157  346.572398630553  0.070144270000143
87.0 -20.053950333814 93.0 -19.375666664726  1
89.0 -20.149845755592 91.0 -19.737658783655  346.667175196108  0.0701442305576573
88.0 -20.133133798148 94.0 -19.111405604843  1
90.0 -19.931440073157 92.0 -19.531050582599  323.040844314332  0.0701547791893193
89.0 -20.149845755592 95.0 -18.817156263196  1
91.0 -19.737658783655 93.0 -19.375666664726  311.456692644898  0.0701605359627221
90.0 -19.931440073157 96.0 -18.600566028621  1
92.0 -19.531050582599 94.0 -19.111405604843  390.12581730613  0.0701281637814827
91.0 -19.737658783655 97.0 -18.384061022341  1
93.0 -19.375666664726 95.0 -18.817156263196  341.83669287259  0.0701462686746114
92.0 -19.531050582599 98.0 -18.192904263094  1
94.0 -19.111405604843 96.0 -18.600566028621  303.947814778581  0.0701645019229252
93.0 -19.375666664726 99.0 -18.071974903593  1
95.0 -18.817156263196 97.0 -18.384061022341  361.58424144342  0.0701382803625523
94.0 -19.111405604843 100.0 -18.083563746985  1
96.0 -18.600566028621 98.0 -18.192904263094  385.158964912881  0.0701298165291604
95.0 -18.817156263196 101.0 -18.134493010851  1
97.0 -18.384061022341 99.0 -18.071974903593  343.01043575006  0.0701457681597665
96.0 -18.600566028621 102.0 -18.249165056822  1
98.0 -18.192904263094 100.0 -18.083563746985  331.648768236756  0.0701507619047278
98.0 -18.192904263094 104.0 -18.321351929833  1
100.0 -18.083563746985 102.0 -18.249165056822  371.077095969639  0.0701347428891275
99.0 -18.071974903593 105.0 -18.372570506574  1
101.0 -18.134493010851 103.0 -18.293431757352  346.492405428847  0.0701443033071334
10.0 -3.147572839206 19.0 -6.438858724778  1
13.0 -4.228842176173 16.0 -5.390927233858  343.367488672262  0.070145616581795
11.0 -3.5010068782309998 20.0 -6.794782881081  1
14.0 -4.627122323196 17.0 -5.73473062478  360.756656953445  0.070138597581046
12.0 -3.905762274842 21.0 -7.121280765751  1
15.0 -5.031100941752 18.0 -6.083764254394  362.596932759781  0.0701378941614852
13.0 -4.228842176173 22.0 -7.5100512078929995  1
16.0 -5.390927233858 19.0 -6.438858724778  349.521766250606  0.0701430526073851
14.0 -4.627122323196 23.0 -7.8934111970059995  1
17.0 -5.73473062478 20.0 -6.794782881081  356.43812142449  0.0701402768026051
15.0 -5.031100941752 24.0 -8.273571956019  1
18.0 -6.083764254394 21.0 -7.121280765751  336.70372513889  0.0701484985055612
16.0 -5.390927233858 25.0 -8.696051376394  1
19.0 -6.438858724778 22.0 -7.5100512078929995  363.261698259888  0.0701376418164632
17.0 -5.73473062478 26.0 -9.096962694477  1
20.0 -6.794782881081 23.0 -7.8934111970059995  382.717919952951  0.0701306445227497
18.0 -6.083764254394 27.0 -9.457357638147  1
21.0 -7.121280765751 24.0 -8.273571956019  384.895526351889  0.0701299053810106
19.0 -6.438858724778 28.0 -9.793833434110999  1
22.0 -7.5100512078929995 25.0 -8.696051376394  359.078532305675  0.0701392453056966
20.0 -6.794782881081 29.0 -10.141723291542  1
23.0 -7.8934111970059995 26.0 -9.096962694477  345.800738900267  0.0701445919408935
21.0 -7.121280765751 30.0 -10.516683096053  1
24.0 -8.273571956019 27.0 -9.457357638147  360.088709687201  0.0701388546729039
22.0 -7.5100512078929995 31.0 -10.88314470352  1
25.0 -8.696051376394 28.0 -9.793833434110999  338.097050441349  0.0701478865312038
24.0 -8.273571956019 33.0 -11.575464665823  1
27.0 -9.457357638147 30.0 -10.516683096053  340.961646371269  0.0701466440596241
26.0 -9.096962694477 35.0 -12.256877871166  1
29.0 -10.141723291542 32.0 -11.212862429865  330.192486081189  0.0701514268255871
30.0 -10.516683096053 39.0 -13.694539719761  1
33.0 -11.575464665823 36.0 -12.573983451574  342.084609085995  0.0701461626704972
31.0 -10.88314470352 40.0 -14.037132411784  1
34.0 -11.929749264984 37.0 -12.954610666685  335.540532112927  0.0701490132941173
32.0 -11.212862429865 41.0 -14.381878139674999  1
35.0 -12.256877871166 38.0 -13.322131914647  340.69456084729  0.0701467590203837
35.0 -12.256877871166 44.0 -15.337070145624999  1
38.0 -13.322131914647 41.0 -14.381878139674999  327.943357667328  0.0701524653536381
36.0 -12.573983451574 45.0 -15.637935613022  1
39.0 -13.694539719761 42.0 -14.711343305751999  334.422226132555  0.0701495115937067
37.0 -12.954610666685 46.0 -15.969767680675  1
40.0 -14.037132411784 43.0 -15.020524772497  340.194706700112  0.0701469746560286
38.0 -13.322131914647 47.0 -16.351998339304  1
41.0 -14.381878139674999 44.0 -15.337070145624999  291.554697847616  0.070171494406947
39.0 -13.694539719761 48.0 -16.517719667716  1
42.0 -14.711343305751999 45.0 -15.637935613022  303.691280401453  0.0701646408811406
40.0 -14.037132411784 49.0 -16.630389952466  1
43.0 -15.020524772497 46.0 -15.969767680675  326.831752541887  0.0701529839117868
41.0 -14.381878139674999 50.0 -16.769467712333  1
44.0 -15.337070145624999 47.0 -16.351998339304  303.946478897946  0.0701645026459306
43.0 -15.020524772497 52.0 -16.888916766174  1
46.0 -15.969767680675 49.0 -16.630389952466  373.222840628343  0.0701339682210119
45.0 -15.637935613022 54.0 -16.876823982299  1
48.0 -16.517719667716 51.0 -16.870076326845  338.352481490839  0.070147774887832
47.0 -16.351998339304 56.0 -16.789050543957  1
50.0 -16.769467712333 53.0 -16.897263851982  358.510854670798  0.0701394657911987
50.0 -16.769467712333 59.0 -17.094308400378  1
53.0 -16.897263851982 56.0 -16.789050543957  348.409032512938  0.0701435094826313
51.0 -16.870076326845 60.0 -17.109043171305  1
54.0 -16.876823982299 57.0 -16.832496080166  341.385261516166  0.0701464620932314
52.0 -16.888916766174 61.0 -17.261601015943  1
55.0 -16.84588354948 58.0 -16.903060507684  312.514347284373  0.0701599926545276
53.0 -16.897263851982 62.0 -17.385208973099  1
56.0 -16.789050543957 59.0 -17.094308400378  325.761711700782  0.0701534864233705
54.0 -16.876823982299 63.0 -17.544376909743  1
57.0 -16.832496080166 60.0 -17.109043171305  389.150878783401  0.0701284848698179
55.0 -16.84588354948 64.0 -17.736941407452  1
58.0 -16.903060507684 61.0 -17.261601015943  330.078711359038  0.0701514790208497
56.0 -16.789050543957 65.0 -17.895989658292  1
59.0 -17.094308400378 62.0 -17.385208973099  363.521705027271  0.0701375433689613
57.0 -16.832496080166 66.0 -18.08930966041  1
60.0 -17.109043171305 63.0 -17.544376909743  317.584114737825  0.0701574386050174
58.0 -16.903060507684 67.0 -18.263841601321  1
61.0 -17.261601015943 64.0 -17.736941407452  356.778087091155  0.0701401431360532
59.0 -17.094308400378 68.0 -18.439310679008  1
62.0 -17.385208973099 65.0 -17.895989658292  382.395132654687  0.0701307548023765
60.0 -17.109043171305 69.0 -18.722019325698  1
63.0 -17.544376909743 66.0 -18.08930966041  282.591540679462  0.070176933817197
62.0 -17.385208973099 71.0 -19.318601155086  1
65.0 -17.895989658292 68.0 -18.439310679008  325.228419773453  0.0701537381020848
63.0 -17.544376909743 72.0 -19.543781465212998  1
66.0 -18.08930966041 69.0 -18.722019325698  325.266444102689  0.0701537201297783
64.0 -17.736941407452 73.0 -19.704709856813  1
67.0 -18.263841601321 70.0 -18.99172174349  370.505757184904  0.0701349506695386
65.0 -17.895989658292 74.0 -19.91124615724  1
68.0 -18.439310679008 71.0 -19.318601155086  336.668439147296  0.0701485140695892
66.0 -18.08930966041 75.0 -20.169823162554  1
69.0 -18.722019325698 72.0 -19.543781465212998  336.76714157979  0.0701484705418867
68.0 -18.439310679008 77.0 -20.64571126569  1
71.0 -19.318601155086 74.0 -19.91124615724  337.754982501474  0.0701480363061699
69.0 -18.722019325698 78.0 -20.66751422703  1
72.0 -19.543781465212998 75.0 -20.169823162554  324.524196853415  0.0701540717163306
70.0 -18.99172174349 79.0 -20.578857410106  1
73.0 -19.704709856813 76.0 -20.440629748261  315.617919219395  0.0701584193955897
71.0 -19.318601155086 80.0 -20.533301783602  1
74.0 -19.91124615724 77.0 -20.64571126569  318.304687437921  0.0701570821981996
72.0 -19.543781465212998 81.0 -20.503013915995  1
75.0 -20.169823162554 78.0 -20.66751422703  362.713800116688  0.0701378497316174
74.0 -19.91124615724 83.0 -20.261221285139  1
77.0 -20.64571126569 80.0 -20.533301783602  345.775629757435  0.0701446024407072
75.0 -20.169823162554 84.0 -20.143236144993  1
78.0 -20.66751422703 81.0 -20.503013915995  342.776148476427  0.0701458677922085
76.0 -20.440629748261 85.0 -20.096291178188  1
79.0 -20.578857410106 82.0 -20.414860380895  328.42253978944  0.0701522429003565
77.0 -20.64571126569 86.0 -20.08853309823  1
80.0 -20.533301783602 83.0 -20.261221285139  309.693285952583  0.070161450061296
78.0 -20.66751422703 87.0 -20.053950333814  1
81.0 -20.503013915995 84.0 -20.143236144993  349.36470331071  0.0701431169191569
79.0 -20.578857410106 88.0 -20.133133798148  1
82.0 -20.414860380895 85.0 -20.096291178188  313.778355013905  0.0701593481487841
80.0 -20.533301783602 89.0 -20.149845755592  1
83.0 -20.261221285139 86.0 -20.08853309823  328.802170570152  0.070152067122651
81.0 -20.503013915995 90.0 -19.931440073157  1
84.0 -20.143236144993 87.0 -20.053950333814  323.883795284583  0.0701543763557422
82.0 -20.414860380895 91.0 -19.737658783655  1
85.0 -20.096291178188 88.0 -20.133133798148  315.831985328183  0.0701583120213364
83.0 -20.261221285139 92.0 -19.531050582599  1
86.0 -20.08853309823 89.0 -20.149845755592  365.444677962547  0.0701368196146097
84.0 -20.143236144993 93.0 -19.375666664726  1
87.0 -20.053950333814 90.0 -19.931440073157  370.993594450176  0.0701347732164328
85.0 -20.096291178188 94.0 -19.111405604843  1
88.0 -20.133133798148 91.0 -19.737658783655  363.485793991707  0.0701375569577312
86.0 -20.08853309823 95.0 -18.817156263196  1
89.0 -20.149845755592 92.0 -19.531050582599  374.088795861682  0.0701336581061853
87.0 -20.053950333814 96.0 -18.600566028621  1
90.0 -19.931440073157 93.0 -19.375666664726  354.802803499041  0.0701409233509626
88.0 -20.133133798148 97.0 -18.384061022341  1
91.0 -19.737658783655 94.0 -19.111405604843  329.281203371307  0.0701518458979379
89.0 -20.149845755592 98.0 -18.192904263094  1
92.0 -19.531050582599 95.0 -18.817156263196  322.988703343322  0.0701548041757574
90.0 -19.931440073157 99.0 -18.071974903593  1
93.0 -19.375666664726 96.0 -18.600566028621  350.104159413751  0.0701428146414591
93.0 -19.375666664726 102.0 -18.249165056822  1
96.0 -18.600566028621 99.0 -18.071974903593  319.994752644446  0.0701562525622274
94.0 -19.111405604843 103.0 -18.293431757352  1
97.0 -18.384061022341 100.0 -18.083563746985  315.205050590092  0.0701586268998749
10.0 -3.147572839206 22.0 -7.5100512078929995  1
14.0 -4.627122323196 18.0 -6.083764254394  364.779838908531  0.0701370689787835
13.0 -4.228842176173 25.0 -8.696051376394  1
17.0 -5.73473062478 21.0 -7.121280765751  388.675701056405  0.0701286419497388
15.0 -5.031100941752 27.0 -9.457357638147  1
19.0 -6.438858724778 23.0 -7.8934111970059995  358.73690705182  0.070139377909039
17.0 -5.73473062478 29.0 -10.141723291542  1
21.0 -7.121280765751 25.0 -8.696051376394  317.882466725911  0.0701572908393312
18.0 -6.083764254394 30.0 -10.516683096053  1
22.0 -7.5100512078929995 26.0 -9.096962694477  365.187047874856  0.0701369161373356
19.0 -6.438858724778 31.0 -10.88314470352  1
23.0 -7.8934111970059995 27.0 -9.457357638147  367.698818663639  0.0701359808556952
20.0 -6.794782881081 32.0 -11.212862429865  1
24.0 -8.273571956019 28.0 -9.793833434110999  382.114616570089  0.0701308507914427
21.0 -7.121280765751 33.0 -11.575464665823  1
25.0 -8.696051376394 29.0 -10.141723291542  358.228426406626  0.0701395757464073
23.0 -7.8934111970059995 35.0 -12.256877871166  1
27.0 -9.457357638147 31.0 -10.88314470352  355.465993396727  0.0701406604314585
24.0 -8.273571956019 36.0 -12.573983451574  1
28.0 -9.793833434110999 32.0 -11.212862429865  347.512235621246  0.0701438798260171
25.0 -8.696051376394 37.0 -12.954610666685  1
29.0 -10.141723291542 33.0 -11.575464665823  375.345409003409  0.0701332106342602
26.0 -9.096962694477 38.0 -13.322131914647  1
30.0 -10.516683096053 34.0 -11.929749264984  361.501763659512  0.0701383119116594
27.0 -9.457357638147 39.0 -13.694539719761  1
31.0 -10.88314470352 35.0 -12.256877871166  327.713344011414  0.0701525723651896
28.0 -9.793833434110999 40.0 -14.037132411784  1
32.0 -11.212862429865 36.0 -12.573983451574  341.942931818044  0.0701462232300991
29.0 -10.141723291542 41.0 -14.381878139674999  1
33.0 -11.575464665823 37.0 -12.954610666685  349.637082802135  0.0701430054260815
30.0 -10.516683096053 42.0 -14.711343305751999  1
34.0 -11.929749264984 38.0 -13.322131914647  367.241839715685  0.0701361500640524
31.0 -10.88314470352 43.0 -15.020524772497  1
35.0 -12.256877871166 39.0 -13.694539719761  332.770993217233  0.0701502534806793
32.0 -11.212862429865 44.0 -15.337070145624999  1
36.0 -12.573983451574 40.0 -14.037132411784  307.625707486996  0.0701625351808483
33.0 -11.575464665823 45.0 -15.637935613022  1
37.0 -12.954610666685 41.0 -14.381878139674999  351.543850684045  0.0701422297670766
34.0 -11.929749264984 46.0 -15.969767680675  1
38.0 -13.322131914647 42.0 -14.711343305751999  327.087836134845  0.07015286413763
35.0 -12.256877871166 47.0 -16.351998339304  1
39.0 -13.694539719761 43.0 -15.020524772497  362.111808361692  0.0701380788995151
36.0 -12.573983451574 48.0 -16.517719667716  1
40.0 -14.037132411784 44.0 -15.337070145624999  332.108827289501  0.0701505530593934
37.0 -12.954610666685 49.0 -16.630389952466  1
41.0 -14.381878139674999 45.0 -15.637935613022  337.540314928505  0.0701481304537225
38.0 -13.322131914647 50.0 -16.769467712333  1
42.0 -14.711343305751999 46.0 -15.969767680675  320.524317385252  0.070155994404443
39.0 -13.694539719761 51.0 -16.870076326845  1
43.0 -15.020524772497 47.0 -16.351998339304  322.306067274576  0.0701551320470719
41.0 -14.381878139674999 53.0 -16.897263851982  1
45.0 -15.637935613022 49.0 -16.630389952466  338.234125391811  0.0701478265977511
42.0 -14.711343305751999 54.0 -16.876823982299  1
46.0 -15.969767680675 50.0 -16.769467712333  334.234522941107  0.070149595558113
43.0 -15.020524772497 55.0 -16.84588354948  1
47.0 -16.351998339304 51.0 -16.870076326845  348.690046150816  0.0701433938265573
44.0 -15.337070145624999 56.0 -16.789050543957  1
48.0 -16.517719667716 52.0 -16.888916766174  361.9098637072  0.0701381559471406
45.0 -15.637935613022 57.0 -16.832496080166  1
49.0 -16.630389952466 53.0 -16.897263851982  321.490324092551  0.0701555256760561
47.0 -16.351998339304 59.0 -17.094308400378  1
51.0 -16.870076326845 55.0 -16.84588354948  351.691320651227  0.0701421701277911
48.0 -16.517719667716 60.0 -17.109043171305  1
52.0 -16.888916766174 56.0 -16.789050543957  371.422005694263  0.0701346177642505
50.0 -16.769467712333 62.0 -17.385208973099  1
54.0 -16.876823982299 58.0 -16.903060507684  308.781555155835  0.0701619267704471
51.0 -16.870076326845 63.0 -17.544376909743  1
55.0 -16.84588354948 59.0 -17.094308400378  325.30566723128  0.0701537015952583
52.0 -16.888916766174 64.0 -17.736941407452  1
56.0 -16.789050543957 60.0 -17.109043171305  360.857284941814  0.0701385589319835
54.0 -16.876823982299 66.0 -18.08930966041  1
58.0 -16.903060507684 62.0 -17.385208973099  388.290208683946  0.0701287696647553
55.0 -16.84588354948 67.0 -18.263841601321  1
59.0 -17.094308400378 63.0 -17.544376909743  348.960490656683  0.0701432826962901
56.0 -16.789050543957 68.0 -18.439310679008  1
60.0 -17.109043171305 64.0 -17.736941407452  334.154329886538  0.0701496314592631
57.0 -16.832496080166 69.0 -18.722019325698  1
61.0 -17.261601015943 65.0 -17.895989658292  365.461343890833  0.0701368133753017
58.0 -16.903060507684 70.0 -18.99172174349  1
62.0 -17.385208973099 66.0 -18.08930966041  373.551915399993  0.0701338502037835
61.0 -17.261601015943 73.0 -19.704709856813  1
65.0 -17.895989658292 69.0 -18.722019325698  359.040597332488  0.0701392600178684
63.0 -17.544376909743 75.0 -20.169823162554  1
67.0 -18.263841601321 71.0 -19.318601155086  347.123274287403  0.0701440410473848
64.0 -17.736941407452 76.0 -20.440629748261  1
68.0 -18.439310679008 72.0 -19.543781465212998  332.249006624733  0.0701504895394811
65.0 -17.895989658292 77.0 -20.64571126569  1
69.0 -18.722019325698 73.0 -19.704709856813  373.352776990014  0.070133921596628
67.0 -18.263841601321 79.0 -20.578857410106  1
71.0 -19.318601155086 75.0 -20.169823162554  353.728242991542  0.0701413514498507
68.0 -18.439310679008 80.0 -20.533301783602  1
72.0 -19.543781465212998 76.0 -20.440629748261  327.225504578234  0.070152799825504
71.0 -19.318601155086 83.0 -20.261221285139  1
75.0 -20.169823162554 79.0 -20.578857410106  393.42433115892  0.0701270892419203
73.0 -19.704709856813 85.0 -20.096291178188  1
77.0 -20.64571126569 81.0 -20.503013915995  369.932296820227  0.0701351598668994
75.0 -20.169823162554 87.0 -20.053950333814  1
79.0 -20.578857410106 83.0 -20.261221285139  329.818072753905  0.0701515987270877
76.0 -20.440629748261 88.0 -20.133133798148  1
80.0 -20.533301783602 84.0 -20.143236144993  355.413021370431  0.0701406813959917
78.0 -20.66751422703 90.0 -19.931440073157  1
82.0 -20.414860380895 86.0 -20.08853309823  307.045397955795  0.0701628423690206
79.0 -20.578857410106 91.0 -19.737658783655  1
83.0 -20.261221285139 87.0 -20.053950333814  324.225024921604  0.0701542138828182
80.0 -20.533301783602 92.0 -19.531050582599  1
84.0 -20.143236144993 88.0 -20.133133798148  312.846359359145  0.0701598228603409
81.0 -20.503013915995 93.0 -19.375666664726  1
85.0 -20.096291178188 89.0 -20.149845755592  339.931365177589  0.0701470885158652
82.0 -20.414860380895 94.0 -19.111405604843  1
86.0 -20.08853309823 90.0 -19.931440073157  365.901651624053  0.0701366487409337
83.0 -20.261221285139 95.0 -18.817156263196  1
87.0 -20.053950333814 91.0 -19.737658783655  369.873865418066  0.0701351812189907
84.0 -20.143236144993 96.0 -18.600566028621  1
88.0 -20.133133798148 92.0 -19.531050582599  381.007026967141  0.0701312311754405
86.0 -20.08853309823 98.0 -18.192904263094  1
90.0 -19.931440073157 94.0 -19.111405604843  389.757159422445  0.0701282850071929
88.0 -20.133133798148 100.0 -18.083563746985  1
92.0 -19.531050582599 96.0 -18.600566028621  357.576962640148  0.070139830037234
89.0 -20.149845755592 101.0 -18.134493010851  1
93.0 -19.375666664726 97.0 -18.384061022341  369.314791264801  0.0701353858583047
92.0 -19.531050582599 104.0 -18.321351929833  1
96.0 -18.600566028621 100.0 -18.083563746985  314.225505309782  0.0701591213926149
93.0 -19.375666664726 105.0 -18.372570506574  1
97.0 -18.384061022341 101.0 -18.134493010851  342.054364904805  0.070146175594087
10.0 -3.147572839206 25.0 -8.696051376394  1
15.0 -5.031100941752 20.0 -6.794782881081  377.950908971678  0.0701322923131368
11.0 -3.5010068782309998 26.0 -9.096962694477  1
16.0 -5.390927233858 21.0 -7.121280765751  344.117726021296  0.0701452991119583
13.0 -4.228842176173 28.0 -9.793833434110999  1
18.0 -6.083764254394 23.0 -7.8934111970059995  403.563817567738  0.0701238961418825
14.0 -4.627122323196 29.0 -10.141723291542  1
19.0 -6.438858724778 24.0 -8.273571956019  349.120874195867  0.0701432168732826
15.0 -5.031100941752 30.0 -10.516683096053  1
20.0 -6.794782881081 25.0 -8.696051376394  390.283568256765  0.0701281119782299
18.0 -6.083764254394 33.0 -11.575464665823  1
23.0 -7.8934111970059995 28.0 -9.793833434110999  364.933559388416  0.0701370112413991
20.0 -6.794782881081 35.0 -12.256877871166  1
25.0 -8.696051376394 30.0 -10.516683096053  385.42428619031  0.0701297271650788
21.0 -7.121280765751 36.0 -12.573983451574  1
26.0 -9.096962694477 31.0 -10.88314470352  347.380092015301  0.0701439345579936
22.0 -7.5100512078929995 37.0 -12.954610666685  1
27.0 -9.457357638147 32.0 -11.212862429865  335.814306781783  0.0701488918101172
23.0 -7.8934111970059995 38.0 -13.322131914647  1
28.0 -9.793833434110999 33.0 -11.575464665823  352.749628407261  0.0701417435936808
24.0 -8.273571956019 39.0 -13.694539719761  1
29.0 -10.141723291542 34.0 -11.929749264984  385.697709451387  0.0701296352007667
26.0 -9.096962694477 41.0 -14.381878139674999  1
31.0 -10.88314470352 36.0 -12.573983451574  380.584329083875  0.0701313769280001
27.0 -9.457357638147 42.0 -14.711343305751999  1
32.0 -11.212862429865 37.0 -12.954610666685  371.728074465852  0.0701345069243744
28.0 -9.793833434110999 43.0 -15.020524772497  1
33.0 -11.575464665823 38.0 -13.322131914647  340.690380241558  0.0701467608212611
29.0 -10.141723291542 44.0 -15.337070145624999  1
34.0 -11.929749264984 39.0 -13.694539719761  402.505439239684  0.0701242219237942
30.0 -10.516683096053 45.0 -15.637935613022  1
35.0 -12.256877871166 40.0 -14.037132411784  399.644486403484  0.0701251111968289
31.0 -10.88314470352 46.0 -15.969767680675  1
36.0 -12.573983451574 41.0 -14.381878139674999  337.58292183327  0.0701481117579304
32.0 -11.212862429865 47.0 -16.351998339304  1
37.0 -12.954610666685 42.0 -14.711343305751999  386.099492783984  0.0701295002996235
33.0 -11.575464665823 48.0 -16.517719667716  1
38.0 -13.322131914647 43.0 -15.020524772497  352.688033083652  0.0701417683485397
34.0 -11.929749264984 49.0 -16.630389952466  1
39.0 -13.694539719761 44.0 -15.337070145624999  348.336499221874  0.0701435393652738
35.0 -12.256877871166 50.0 -16.769467712333  1
40.0 -14.037132411784 45.0 -15.637935613022  358.372951421345  0.0701395194581558
36.0 -12.573983451574 51.0 -16.870076326845  1
41.0 -14.381878139674999 46.0 -15.969767680675  305.520225404328  0.0701636552864343
37.0 -12.954610666685 52.0 -16.888916766174  1
42.0 -14.711343305751999 47.0 -16.351998339304  381.286130262697  0.070131135113584
38.0 -13.322131914647 53.0 -16.897263851982  1
43.0 -15.020524772497 48.0 -16.517719667716  425.357220093607  0.0701175482574129
40.0 -14.037132411784 55.0 -16.84588354948  1
45.0 -15.637935613022 50.0 -16.769467712333  372.590570733517  0.0701341955592209
42.0 -14.711343305751999 57.0 -16.832496080166  1
47.0 -16.351998339304 52.0 -16.888916766174  372.900560240462  0.0701340840034345
43.0 -15.020524772497 58.0 -16.903060507684  1
48.0 -16.517719667716 53.0 -16.897263851982  369.97145079936  0.070135145562967
45.0 -15.637935613022 60.0 -17.109043171305  1
50.0 -16.769467712333 55.0 -16.84588354948  360.978707615525  0.0701385123248135
46.0 -15.969767680675 61.0 -17.261601015943  1
51.0 -16.870076326845 56.0 -16.789050543957  371.114726022167  0.0701347292265546
47.0 -16.351998339304 62.0 -17.385208973099  1
52.0 -16.888916766174 57.0 -16.832496080166  349.999553648966  0.0701428573250415
48.0 -16.517719667716 63.0 -17.544376909743  1
53.0 -16.897263851982 58.0 -16.903060507684  350.032157138027  0.0701428440187005
50.0 -16.769467712333 65.0 -17.895989658292  1
55.0 -16.84588354948 60.0 -17.109043171305  326.415021536325  0.0701531792249164
52.0 -16.888916766174 67.0 -18.263841601321  1
57.0 -16.832496080166 62.0 -17.385208973099  337.559737398776  0.0701481219306109
53.0 -16.897263851982 68.0 -18.439310679008  1
58.0 -16.903060507684 63.0 -17.544376909743  335.003962282251  0.0701492519660346
55.0 -16.84588354948 70.0 -18.99172174349  1
60.0 -17.109043171305 65.0 -17.895989658292  375.506341987304  0.0701331535433873
56.0 -16.789050543957 71.0 -19.318601155086  1
61.0 -17.261601015943 66.0 -18.08930966041  363.173410547173  0.0701376752772861
57.0 -16.832496080166 72.0 -19.543781465212998  1
62.0 -17.385208973099 67.0 -18.263841601321  373.229820723814  0.0701339657155557
58.0 -16.903060507684 73.0 -19.704709856813  1
63.0 -17.544376909743 68.0 -18.439310679008  371.742478393168  0.0701345017126268
59.0 -17.094308400378 74.0 -19.91124615724  1
64.0 -17.736941407452 69.0 -18.722019325698  356.925111454512  0.0701400854083823
60.0 -17.109043171305 75.0 -20.169823162554  1
65.0 -17.895989658292 70.0 -18.99172174349  377.741106548633  0.0701323657900429
61.0 -17.261601015943 76.0 -20.440629748261  1
66.0 -18.08930966041 71.0 -19.318601155086  341.153774713204  0.0701465614737578
62.0 -17.385208973099 77.0 -20.64571126569  1
67.0 -18.263841601321 72.0 -19.543781465212998  378.709400872987  0.070132027353651
63.0 -17.544376909743 78.0 -20.66751422703  1
68.0 -18.439310679008 73.0 -19.704709856813  357.967872483429  0.0701396773393465
64.0 -17.736941407452 79.0 -20.578857410106  1
69.0 -18.722019325698 74.0 -19.91124615724  355.913892356871  0.0701404834176854
65.0 -17.895989658292 80.0 -20.533301783602  1
70.0 -18.99172174349 75.0 -20.169823162554  370.621113577303  0.0701349086659348
66.0 -18.08930966041 81.0 -20.503013915995  1
71.0 -19.318601155086 76.0 -20.440629748261  341.078923557759  0.0701465936372686
67.0 -18.263841601321 82.0 -20.414860380895  1
72.0 -19.543781465212998 77.0 -20.64571126569  367.06623919317  0.0701362151967719
69.0 -18.722019325698 84.0 -20.143236144993  1
74.0 -19.91124615724 79.0 -20.578857410106  362.46782479783  0.0701379432782148
70.0 -18.99172174349 85.0 -20.096291178188  1
75.0 -20.169823162554 80.0 -20.533301783602  401.106583237361  0.0701246551467604
71.0 -19.318601155086 86.0 -20.08853309823  1
76.0 -20.440629748261 81.0 -20.503013915995  398.417693102265  0.0701254964346856
72.0 -19.543781465212998 87.0 -20.053950333814  1
77.0 -20.64571126569 82.0 -20.414860380895  370.675525575477  0.0701348888624961
73.0 -19.704709856813 88.0 -20.133133798148  1
78.0 -20.66751422703 83.0 -20.261221285139  377.173682132149  0.0701325649226567
74.0 -19.91124615724 89.0 -20.149845755592  1
79.0 -20.578857410106 84.0 -20.143236144993  332.562464768183  0.0701503476949356
75.0 -20.169823162554 90.0 -19.931440073157  1
80.0 -20.533301783602 85.0 -20.096291178188  309.248972010309  0.0701616820249231
76.0 -20.440629748261 91.0 -19.737658783655  1
81.0 -20.503013915995 86.0 -20.08853309823  308.62634841938  0.070162008202657
77.0 -20.64571126569 92.0 -19.531050582599  1
82.0 -20.414860380895 87.0 -20.053950333814  318.069265526999  0.0701571984640426
78.0 -20.66751422703 93.0 -19.375666664726  1
83.0 -20.261221285139 88.0 -20.133133798148  318.847699690464  0.0701568146800135
79.0 -20.578857410106 94.0 -19.111405604843  1
84.0 -20.143236144993 89.0 -20.149845755592  378.971885767755  0.070131935908382
80.0 -20.533301783602 95.0 -18.817156263196  1
85.0 -20.096291178188 90.0 -19.931440073157  374.458756220627  0.0701335260537226
81.0 -20.503013915995 96.0 -18.600566028621  1
86.0 -20.08853309823 91.0 -19.737658783655  364.684110094212  0.0701371049591031
83.0 -20.261221285139 98.0 -18.192904263094  1
88.0 -20.133133798148 93.0 -19.375666664726  406.970761385453  0.0701228589489569
84.0 -20.143236144993 99.0 -18.071974903593  1
89.0 -20.149845755592 94.0 -19.111405604843  457.425087426513  0.070109307515863
85.0 -20.096291178188 100.0 -18.083563746985  1
90.0 -19.931440073157 95.0 -18.817156263196  414.994484530548  0.0701204835289716
86.0 -20.08853309823 101.0 -18.134493010851  1
91.0 -19.737658783655 96.0 -18.600566028621  398.643666051199  0.0701254252964691
87.0 -20.053950333814 102.0 -18.249165056822  1
92.0 -19.531050582599 97.0 -18.384061022341  347.666155644221  0.070143816127018
88.0 -20.133133798148 103.0 -18.293431757352  1
93.0 -19.375666664726 98.0 -18.192904263094  332.345443593278  0.0701504458717996
89.0 -20.149845755592 104.0 -18.321351929833  1
94.0 -19.111405604843 99.0 -18.071974903593  351.879382208196  0.0701420941451194
90.0 -19.931440073157 105.0 -18.372570506574  1
95.0 -18.817156263196 100.0 -18.083563746985  325.113376111802  0.0701537925033967
10.0 -3.147572839206 28.0 -9.793833434110999  1
16.0 -5.390927233858 22.0 -7.5100512078929995  368.406237959786  0.0701357197431751
11.0 -3.5010068782309998 29.0 -10.141723291542  1
17.0 -5.73473062478 23.0 -7.8934111970059995  399.397507249654  0.0701251885630041
12.0 -3.905762274842 30.0 -10.516683096053  1
18.0 -6.083764254394 24.0 -8.273571956019  368.125177550044  0.0701358233640328
14.0 -4.627122323196 32.0 -11.212862429865  1
20.0 -6.794782881081 26.0 -9.096962694477  436.738865463489  0.070114484887776
15.0 -5.031100941752 33.0 -11.575464665823  1
21.0 -7.121280765751 27.0 -9.457357638147  407.042694833375  0.070122837237063
16.0 -5.390927233858 34.0 -11.929749264984  1
22.0 -7.5100512078929995 28.0 -9.793833434110999  400.049895159597  0.0701249844097073
17.0 -5.73473062478 35.0 -12.256877871166  1
23.0 -7.8934111970059995 29.0 -10.141723291542  366.030298982461  0.0701366007134901
18.0 -6.083764254394 36.0 -12.573983451574  1
24.0 -8.273571956019 30.0 -10.516683096053  420.284876778167  0.0701189669263936
19.0 -6.438858724778 37.0 -12.954610666685  1
25.0 -8.696051376394 31.0 -10.88314470352  439.676093538041  0.0701137200787918
20.0 -6.794782881081 38.0 -13.322131914647  1
26.0 -9.096962694477 32.0 -11.212862429865  374.093664085258  0.0701336563668414
21.0 -7.121280765751 39.0 -13.694539719761  1
27.0 -9.457357638147 33.0 -11.575464665823  346.422849579511  0.070144332280797
25.0 -8.696051376394 43.0 -15.020524772497  1
31.0 -10.88314470352 37.0 -12.954610666685  374.117335517118  0.0701336479100357
26.0 -9.096962694477 44.0 -15.337070145624999  1
32.0 -11.212862429865 38.0 -13.322131914647  434.119324826828  0.0701151757066331
27.0 -9.457357638147 45.0 -15.637935613022  1
33.0 -11.575464665823 39.0 -13.694539719761  370.701206977612  0.0701348795176786
28.0 -9.793833434110999 46.0 -15.969767680675  1
34.0 -11.929749264984 40.0 -14.037132411784  402.349104421618  0.0701242701908629
30.0 -10.516683096053 48.0 -16.517719667716  1
36.0 -12.573983451574 42.0 -14.711343305751999  357.562192511314  0.0701398358133136
33.0 -11.575464665823 51.0 -16.870076326845  1
39.0 -13.694539719761 45.0 -15.637935613022  349.007055297261  0.0701432635794638
34.0 -11.929749264984 52.0 -16.888916766174  1
40.0 -14.037132411784 46.0 -15.969767680675  350.860963714875  0.0701425065914162
35.0 -12.256877871166 53.0 -16.897263851982  1
41.0 -14.381878139674999 47.0 -16.351998339304  341.626944836435  0.0701463584789073
36.0 -12.573983451574 54.0 -16.876823982299  1
42.0 -14.711343305751999 48.0 -16.517719667716  374.060242764887  0.0701336683086939
37.0 -12.954610666685 55.0 -16.84588354948  1
43.0 -15.020524772497 49.0 -16.630389952466  352.645882421479  0.0701417852936682
38.0 -13.322131914647 56.0 -16.789050543957  1
44.0 -15.337070145624999 50.0 -16.769467712333  389.873722664461  0.0701282466529375
39.0 -13.694539719761 57.0 -16.832496080166  1
45.0 -15.637935613022 51.0 -16.870076326845  416.459155294067  0.0701200597930539
40.0 -14.037132411784 58.0 -16.903060507684  1
46.0 -15.969767680675 52.0 -16.888916766174  386.836371409845  0.070129253616504
41.0 -14.381878139674999 59.0 -17.094308400378  1
47.0 -16.351998339304 53.0 -16.897263851982  433.309128188724  0.0701153910609015
42.0 -14.711343305751999 60.0 -17.109043171305  1
48.0 -16.517719667716 54.0 -16.876823982299  400.831642023988  0.0701247406510812
43.0 -15.020524772497 61.0 -17.261601015943  1
49.0 -16.630389952466 55.0 -16.84588354948  337.257308111334  0.0701482547562275
44.0 -15.337070145624999 62.0 -17.385208973099  1
50.0 -16.769467712333 56.0 -16.789050543957  368.219838881741  0.0701357884467927
45.0 -15.637935613022 63.0 -17.544376909743  1
51.0 -16.870076326845 57.0 -16.832496080166  364.116488051565  0.0701373186923436
46.0 -15.969767680675 64.0 -17.736941407452  1
52.0 -16.888916766174 58.0 -16.903060507684  342.844105847296  0.0701458388788001
48.0 -16.517719667716 66.0 -18.08930966041  1
54.0 -16.876823982299 60.0 -17.109043171305  344.372770667797  0.0701451915025193
49.0 -16.630389952466 67.0 -18.263841601321  1
55.0 -16.84588354948 61.0 -17.261601015943  271.010468159478  0.0701844947183759
50.0 -16.769467712333 68.0 -18.439310679008  1
56.0 -16.789050543957 62.0 -17.385208973099  334.201203189209  0.0701496104727418
51.0 -16.870076326845 69.0 -18.722019325698  1
57.0 -16.832496080166 63.0 -17.544376909743  359.107506744336  0.0701392340707475
52.0 -16.888916766174 70.0 -18.99172174349  1
58.0 -16.903060507684 64.0 -17.736941407452  336.652989615076  0.0701485208851321
53.0 -16.897263851982 71.0 -19.318601155086  1
59.0 -17.094308400378 65.0 -17.895989658292  370.527038706864  0.0701349429185371
54.0 -16.876823982299 72.0 -19.543781465212998  1
60.0 -17.109043171305 66.0 -18.08930966041  396.367765464381  0.0701261454748759
55.0 -16.84588354948 73.0 -19.704709856813  1
61.0 -17.261601015943 67.0 -18.263841601321  338.357499229155  0.0701477726963756
56.0 -16.789050543957 74.0 -19.91124615724  1
62.0 -17.385208973099 68.0 -18.439310679008  350.144824499423  0.0701427980552661
57.0 -16.832496080166 75.0 -20.169823162554  1
63.0 -17.544376909743 69.0 -18.722019325698  364.2765403883  0.0701372583585721
58.0 -16.903060507684 76.0 -20.440629748261  1
64.0 -17.736941407452 70.0 -18.99172174349  384.559648638505  0.0701300188414906
59.0 -17.094308400378 77.0 -20.64571126569  1
65.0 -17.895989658292 71.0 -19.318601155086  392.664204516681  0.0701273352636295
61.0 -17.261601015943 79.0 -20.578857410106  1
67.0 -18.263841601321 73.0 -19.704709856813  352.41723746217  0.0701418772826212
62.0 -17.385208973099 80.0 -20.533301783602  1
68.0 -18.439310679008 74.0 -19.91124615724  322.663433042659  0.0701549602306295
63.0 -17.544376909743 81.0 -20.503013915995  1
69.0 -18.722019325698 75.0 -20.169823162554  342.184499436133  0.0701461200027541
65.0 -17.895989658292 83.0 -20.261221285139  1
71.0 -19.318601155086 77.0 -20.64571126569  365.10429124062  0.0701369471715331
66.0 -18.08930966041 84.0 -20.143236144993  1
72.0 -19.543781465212998 78.0 -20.66751422703  420.556370578558  0.0701188901262659
67.0 -18.263841601321 85.0 -20.096291178188  1
73.0 -19.704709856813 79.0 -20.578857410106  433.732979363595  0.0701152782988127
71.0 -19.318601155086 89.0 -20.149845755592  1
77.0 -20.64571126569 83.0 -20.261221285139  363.02483257881  0.0701377316247068
73.0 -19.704709856813 91.0 -19.737658783655  1
79.0 -20.578857410106 85.0 -20.096291178188  318.920039014643  0.0701567791103829
74.0 -19.91124615724 92.0 -19.531050582599  1
80.0 -20.533301783602 86.0 -20.08853309823  291.620171052293  0.0701714559038203
75.0 -20.169823162554 93.0 -19.375666664726  1
81.0 -20.503013915995 87.0 -20.053950333814  318.249486221856  0.0701571094445229
77.0 -20.64571126569 95.0 -18.817156263196  1
83.0 -20.261221285139 89.0 -20.149845755592  343.19528922834  0.0701456896454273
79.0 -20.578857410106 97.0 -18.384061022341  1
85.0 -20.096291178188 91.0 -19.737658783655  391.076466305613  0.0701278522343017
81.0 -20.503013915995 99.0 -18.071974903593  1
87.0 -20.053950333814 93.0 -19.375666664726  443.010935234186  0.0701128640311634
82.0 -20.414860380895 100.0 -18.083563746985  1
88.0 -20.133133798148 94.0 -19.111405604843  432.007901117556  0.0701157386239248
83.0 -20.261221285139 101.0 -18.134493010851  1
89.0 -20.149845755592 95.0 -18.817156263196  448.267780507474  0.0701115404724011
84.0 -20.143236144993 102.0 -18.249165056822  1
90.0 -19.931440073157 96.0 -18.600566028621  348.072972401356  0.0701436480392461
85.0 -20.096291178188 103.0 -18.293431757352  1
91.0 -19.737658783655 97.0 -18.384061022341  368.182547574502  0.0701358022001026
86.0 -20.08853309823 104.0 -18.321351929833  1
92.0 -19.531050582599 98.0 -18.192904263094  367.607293242161  0.0701360147116751
10.0 -3.147572839206 31.0 -10.88314470352  1
17.0 -5.73473062478 24.0 -8.273571956019  401.692439954327  0.0701244733408617
11.0 -3.5010068782309998 32.0 -11.212862429865  1
18.0 -6.083764254394 25.0 -8.696051376394  379.923983938047  0.070131605273986
14.0 -4.627122323196 35.0 -12.256877871166  1
21.0 -7.121280765751 28.0 -9.793833434110999  350.183511448233  0.0701427822794775
15.0 -5.031100941752 36.0 -12.573983451574  1
22.0 -7.5100512078929995 29.0 -10.141723291542  458.390005293495  0.0701090774218953
16.0 -5.390927233858 37.0 -12.954610666685  1
23.0 -7.8934111970059995 30.0 -10.516683096053  376.193140049908  0.0701329104512469
18.0 -6.083764254394 39.0 -13.694539719761  1
25.0 -8.696051376394 32.0 -11.212862429865  391.374053768985  0.0701277550198295
19.0 -6.438858724778 40.0 -14.037132411784  1
26.0 -9.096962694477 33.0 -11.575464665823  403.572838469345  0.0701238933724818
22.0 -7.5100512078929995 43.0 -15.020524772497  1
29.0 -10.141723291542 36.0 -12.573983451574  387.286104234269  0.0701291035217978
23.0 -7.8934111970059995 44.0 -15.337070145624999  1
30.0 -10.516683096053 37.0 -12.954610666685  406.694854925991  0.0701229422978786
24.0 -8.273571956019 45.0 -15.637935613022  1
31.0 -10.88314470352 38.0 -13.322131914647  401.489301218875  0.0701245363197679
25.0 -8.696051376394 46.0 -15.969767680675  1
32.0 -11.212862429865 39.0 -13.694539719761  421.560715451242  0.0701186068771766
27.0 -9.457357638147 48.0 -16.517719667716  1
34.0 -11.929749264984 41.0 -14.381878139674999  386.371421276115  0.0701294091572168
28.0 -9.793833434110999 49.0 -16.630389952466  1
35.0 -12.256877871166 42.0 -14.711343305751999  368.734467140254  0.0701355989321741
29.0 -10.141723291542 50.0 -16.769467712333  1
36.0 -12.573983451574 43.0 -15.020524772497  408.114388655061  0.0701225146708617
30.0 -10.516683096053 51.0 -16.870076326845  1
37.0 -12.954610666685 44.0 -15.337070145624999  386.055507070174  0.070129515054401
31.0 -10.88314470352 52.0 -16.888916766174  1
38.0 -13.322131914647 45.0 -15.637935613022  387.483632834877  0.0701290377083393
32.0 -11.212862429865 53.0 -16.897263851982  1
39.0 -13.694539719761 46.0 -15.969767680675  330.153432670065  0.0701514447376653
33.0 -11.575464665823 54.0 -16.876823982299  1
40.0 -14.037132411784 47.0 -16.351998339304  395.218279967379  0.0701265123667967
34.0 -11.929749264984 55.0 -16.84588354948  1
41.0 -14.381878139674999 48.0 -16.517719667716  373.674782239743  0.0701338061929154
38.0 -13.322131914647 59.0 -17.094308400378  1
45.0 -15.637935613022 52.0 -16.888916766174  409.32254538607  0.0701221530564676
40.0 -14.037132411784 61.0 -17.261601015943  1
47.0 -16.351998339304 54.0 -16.876823982299  400.277409294444  0.0701249133696756
41.0 -14.381878139674999 62.0 -17.385208973099  1
48.0 -16.517719667716 55.0 -16.84588354948  389.422430810194  0.070128395274756
42.0 -14.711343305751999 63.0 -17.544376909743  1
49.0 -16.630389952466 56.0 -16.789050543957  363.550637223442  0.0701375324229435
43.0 -15.020524772497 64.0 -17.736941407452  1
50.0 -16.769467712333 57.0 -16.832496080166  351.993478995233  0.0701420480860689
45.0 -15.637935613022 66.0 -18.08930966041  1
52.0 -16.888916766174 59.0 -17.094308400378  356.575228618083  0.0701402228645938
46.0 -15.969767680675 67.0 -18.263841601321  1
53.0 -16.897263851982 60.0 -17.109043171305  356.676216211578  0.0701401831625643
47.0 -16.351998339304 68.0 -18.439310679008  1
54.0 -16.876823982299 61.0 -17.261601015943  357.582520586859  0.0701398278638395
50.0 -16.769467712333 71.0 -19.318601155086  1
57.0 -16.832496080166 64.0 -17.736941407452  345.686790796116  0.0701446396024703
51.0 -16.870076326845 72.0 -19.543781465212998  1
58.0 -16.903060507684 65.0 -17.895989658292  340.614013657382  0.0701467937254346
52.0 -16.888916766174 73.0 -19.704709856813  1
59.0 -17.094308400378 66.0 -18.08930966041  373.8068973365  0.0701337589016047
53.0 -16.897263851982 74.0 -19.91124615724  1
60.0 -17.109043171305 67.0 -18.263841601321  328.644592235118  0.0701521400357144
54.0 -16.876823982299 75.0 -20.169823162554  1
61.0 -17.261601015943 68.0 -18.439310679008  354.075845417449  0.0701412126826699
55.0 -16.84588354948 76.0 -20.440629748261  1
62.0 -17.385208973099 69.0 -18.722019325698  364.780080412476  0.0701370688880365
56.0 -16.789050543957 77.0 -20.64571126569  1
63.0 -17.544376909743 70.0 -18.99172174349  402.803663712804  0.0701241299533851
57.0 -16.832496080166 78.0 -20.66751422703  1
64.0 -17.736941407452 71.0 -19.318601155086  374.15283244709  0.0701336352304832
59.0 -17.094308400378 80.0 -20.533301783602  1
66.0 -18.08930966041 73.0 -19.704709856813  377.649820128364  0.0701323977858192
60.0 -17.109043171305 81.0 -20.503013915995  1
67.0 -18.263841601321 74.0 -19.91124615724  360.78480678702  0.0701385867671238
62.0 -17.385208973099 83.0 -20.261221285139  1
69.0 -18.722019325698 76.0 -20.440629748261  392.280453839236  0.0701274598301054
63.0 -17.544376909743 84.0 -20.143236144993  1
70.0 -18.99172174349 77.0 -20.64571126569  411.222770430253  0.0701215885977026
64.0 -17.736941407452 85.0 -20.096291178188  1
71.0 -19.318601155086 78.0 -20.66751422703  407.648897335719  0.0701226545694758
65.0 -17.895989658292 86.0 -20.08853309823  1
72.0 -19.543781465212998 79.0 -20.578857410106  395.404993446321  0.0701264526266201
66.0 -18.08930966041 87.0 -20.053950333814  1
73.0 -19.704709856813 80.0 -20.533301783602  407.682723470581  0.0701226443926158
69.0 -18.722019325698 90.0 -19.931440073157  1
76.0 -20.440629748261 83.0 -20.261221285139  333.871357502512  0.0701497582792786
70.0 -18.99172174349 91.0 -19.737658783655  1
77.0 -20.64571126569 84.0 -20.143236144993  412.190141760836  0.0701213032407481
72.0 -19.543781465212998 93.0 -19.375666664726  1
79.0 -20.578857410106 86.0 -20.08853309823  313.943594133371  0.0701592642784702
73.0 -19.704709856813 94.0 -19.111405604843  1
80.0 -20.533301783602 87.0 -20.053950333814  335.28695393666  0.0701491259931618
74.0 -19.91124615724 95.0 -18.817156263196  1
81.0 -20.503013915995 88.0 -20.133133798148  316.144884712315  0.0701581553345249
75.0 -20.169823162554 96.0 -18.600566028621  1
82.0 -20.414860380895 89.0 -20.149845755592  374.541211400538  0.070133496657986
76.0 -20.440629748261 97.0 -18.384061022341  1
83.0 -20.261221285139 90.0 -19.931440073157  366.409797003937  0.0701364592333743
77.0 -20.64571126569 98.0 -18.192904263094  1
84.0 -20.143236144993 91.0 -19.737658783655  413.839522285169  0.0701208197799087
79.0 -20.578857410106 100.0 -18.083563746985  1
86.0 -20.08853309823 93.0 -19.375666664726  423.873183749116  0.070117959809483
80.0 -20.533301783602 101.0 -18.134493010851  1
87.0 -20.053950333814 94.0 -19.111405604843  414.837555949049  0.0701205291065936
81.0 -20.503013915995 102.0 -18.249165056822  1
88.0 -20.133133798148 95.0 -18.817156263196  454.341435857455  0.0701100493946929
84.0 -20.143236144993 105.0 -18.372570506574  1
91.0 -19.737658783655 98.0 -18.192904263094  415.823309774996  0.0701202433793985
11.0 -3.5010068782309998 35.0 -12.256877871166  1
19.0 -6.438858724778 27.0 -9.457357638147  386.459929672402  0.0701293795194818
12.0 -3.905762274842 36.0 -12.573983451574  1
20.0 -6.794782881081 28.0 -9.793833434110999  462.321623706459  0.0701081498191652
13.0 -4.228842176173 37.0 -12.954610666685  1
21.0 -7.121280765751 29.0 -10.141723291542  449.576877656996  0.0701112156840907
15.0 -5.031100941752 39.0 -13.694539719761  1
23.0 -7.8934111970059995 31.0 -10.88314470352  396.24206437686  0.0701261854923925
16.0 -5.390927233858 40.0 -14.037132411784  1
24.0 -8.273571956019 32.0 -11.212862429865  413.843242254174  0.0701208186938795
17.0 -5.73473062478 41.0 -14.381878139674999  1
25.0 -8.696051376394 33.0 -11.575464665823  426.868748586855  0.0701171320228186
18.0 -6.083764254394 42.0 -14.711343305751999  1
26.0 -9.096962694477 34.0 -11.929749264984  387.901678260005  0.0701288986431414
19.0 -6.438858724778 43.0 -15.020524772497  1
27.0 -9.457357638147 35.0 -12.256877871166  432.775897147402  0.0701155332363229
20.0 -6.794782881081 44.0 -15.337070145624999  1
28.0 -9.793833434110999 36.0 -12.573983451574  423.489729640236  0.070118066617678
21.0 -7.121280765751 45.0 -15.637935613022  1
29.0 -10.141723291542 37.0 -12.954610666685  364.657241081619  0.0701371150613977
24.0 -8.273571956019 48.0 -16.517719667716  1
32.0 -11.212862429865 40.0 -14.037132411784  374.638063710471  0.0701334621461172
25.0 -8.696051376394 49.0 -16.630389952466  1
33.0 -11.575464665823 41.0 -14.381878139674999  379.957296594912  0.0701315937355279
27.0 -9.457357638147 51.0 -16.870076326845  1
35.0 -12.256877871166 43.0 -15.020524772497  367.37607263558  0.0701361003171527
28.0 -9.793833434110999 52.0 -16.888916766174  1
36.0 -12.573983451574 44.0 -15.337070145624999  402.7790103525  0.0701241375511506
29.0 -10.141723291542 53.0 -16.897263851982  1
37.0 -12.954610666685 45.0 -15.637935613022  398.085863170188  0.0701256010439603
30.0 -10.516683096053 54.0 -16.876823982299  1
38.0 -13.322131914647 46.0 -15.969767680675  389.546472676113  0.0701283543903158
32.0 -11.212862429865 56.0 -16.789050543957  1
40.0 -14.037132411784 48.0 -16.517719667716  391.009742498688  0.0701278740516297
33.0 -11.575464665823 57.0 -16.832496080166  1
41.0 -14.381878139674999 49.0 -16.630389952466  474.854370040549  0.0701052954403594
35.0 -12.256877871166 59.0 -17.094308400378  1
43.0 -15.020524772497 51.0 -16.870076326845  491.446115473783  0.0701017405538994
36.0 -12.573983451574 60.0 -17.109043171305  1
44.0 -15.337070145624999 52.0 -16.888916766174  456.565592873651  0.0701095132896137
37.0 -12.954610666685 61.0 -17.261601015943  1
45.0 -15.637935613022 53.0 -16.897263851982  421.952585576049  0.0701184967261943
38.0 -13.322131914647 62.0 -17.385208973099  1
46.0 -15.969767680675 54.0 -16.876823982299  380.199189309425  0.0701315100121355
39.0 -13.694539719761 63.0 -17.544376909743  1
47.0 -16.351998339304 55.0 -16.84588354948  458.816843726158  0.0701089759469028
41.0 -14.381878139674999 65.0 -17.895989658292  1
49.0 -16.630389952466 57.0 -16.832496080166  409.569431291707  0.070122079423365
42.0 -14.711343305751999 66.0 -18.08930966041  1
50.0 -16.769467712333 58.0 -16.903060507684  423.238539811293  0.0701181366895895
43.0 -15.020524772497 67.0 -18.263841601321  1
51.0 -16.870076326845 59.0 -17.094308400378  409.921615171487  0.0701219745389105
44.0 -15.337070145624999 68.0 -18.439310679008  1
52.0 -16.888916766174 60.0 -17.109043171305  331.897084925258  0.0701506491086273
45.0 -15.637935613022 69.0 -18.722019325698  1
53.0 -16.897263851982 61.0 -17.261601015943  394.235906962748  0.0701268276154377
46.0 -15.969767680675 70.0 -18.99172174349  1
54.0 -16.876823982299 62.0 -17.385208973099  353.121410358085  0.0701415943597113
48.0 -16.517719667716 72.0 -19.543781465212998  1
56.0 -16.789050543957 64.0 -17.736941407452  350.566481024211  0.0701426262997361
49.0 -16.630389952466 73.0 -19.704709856813  1
57.0 -16.832496080166 65.0 -17.895989658292  367.69151298618  0.0701359835575043
50.0 -16.769467712333 74.0 -19.91124615724  1
58.0 -16.903060507684 66.0 -18.08930966041  427.973858950019  0.0701168295655316
53.0 -16.897263851982 77.0 -20.64571126569  1
61.0 -17.261601015943 69.0 -18.722019325698  409.655620614974  0.0701220537385156
54.0 -16.876823982299 78.0 -20.66751422703  1
62.0 -17.385208973099 70.0 -18.99172174349  407.571826957676  0.0701226777630172
56.0 -16.789050543957 80.0 -20.533301783602  1
64.0 -17.736941407452 72.0 -19.543781465212998  391.623581733737  0.0701276736190876
57.0 -16.832496080166 81.0 -20.503013915995  1
65.0 -17.895989658292 73.0 -19.704709856813  414.05105035057  0.0701207580561809
58.0 -16.903060507684 82.0 -20.414860380895  1
66.0 -18.08930966041 74.0 -19.91124615724  344.371056561467  0.0701451922252098
59.0 -17.094308400378 83.0 -20.261221285139  1
67.0 -18.263841601321 75.0 -20.169823162554  358.732571766429  0.0701393795934219
60.0 -17.109043171305 84.0 -20.143236144993  1
68.0 -18.439310679008 76.0 -20.440629748261  412.08869440834  0.0701213331029908
61.0 -17.261601015943 85.0 -20.096291178188  1
69.0 -18.722019325698 77.0 -20.64571126569  405.928887874975  0.0701231742837071
63.0 -17.544376909743 87.0 -20.053950333814  1
71.0 -19.318601155086 79.0 -20.578857410106  432.148837496689  0.0701157008781735
66.0 -18.08930966041 90.0 -19.931440073157  1
74.0 -19.91124615724 82.0 -20.414860380895  439.582252863421  0.0701137443554063
68.0 -18.439310679008 92.0 -19.531050582599  1
76.0 -20.440629748261 84.0 -20.143236144993  389.326518312242  0.0701284269055618
69.0 -18.722019325698 93.0 -19.375666664726  1
77.0 -20.64571126569 85.0 -20.096291178188  400.151734204826  0.0701249526010411
72.0 -19.543781465212998 96.0 -18.600566028621  1
80.0 -20.533301783602 88.0 -20.133133798148  307.61785028408  0.0701625393323366
73.0 -19.704709856813 97.0 -18.384061022341  1
81.0 -20.503013915995 89.0 -20.149845755592  415.795698085401  0.0701202513643846
74.0 -19.91124615724 98.0 -18.192904263094  1
82.0 -20.414860380895 90.0 -19.931440073157  339.535859113132  0.0701472598509348
75.0 -20.169823162554 99.0 -18.071974903593  1
83.0 -20.261221285139 91.0 -19.737658783655  438.709915885609  0.0701139705262852
78.0 -20.66751422703 102.0 -18.249165056822  1
86.0 -20.08853309823 94.0 -19.111405604843  451.037931500356  0.0701108554214801
79.0 -20.578857410106 103.0 -18.293431757352  1
87.0 -20.053950333814 95.0 -18.817156263196  441.462383667107  0.0701132599330087
80.0 -20.533301783602 104.0 -18.321351929833  1
88.0 -20.133133798148 96.0 -18.600566028621  428.882075073617  0.0701165821630373
81.0 -20.503013915995 105.0 -18.372570506574  1
89.0 -20.149845755592 97.0 -18.384061022341  439.967892849956  0.0701136446563774
10.0 -3.147572839206 37.0 -12.954610666685  1
19.0 -6.438858724778 28.0 -9.793833434110999  431.14221487  0.0701159710143788
11.0 -3.5010068782309998 38.0 -13.322131914647  1
20.0 -6.794782881081 29.0 -10.141723291542  436.800241240571  0.0701144688012488
12.0 -3.905762274842 39.0 -13.694539719761  1
21.0 -7.121280765751 30.0 -10.516683096053  374.681721026251  0.0701334465953211
13.0 -4.228842176173 40.0 -14.037132411784  1
22.0 -7.5100512078929995 31.0 -10.88314470352  468.396011549592  0.070106747279582
14.0 -4.627122323196 41.0 -14.381878139674999  1
23.0 -7.8934111970059995 32.0 -11.212862429865  420.050066803952  0.0701190334294682
15.0 -5.031100941752 42.0 -14.711343305751999  1
24.0 -8.273571956019 33.0 -11.575464665823  395.888515750606  0.0701262981824699
17.0 -5.73473062478 44.0 -15.337070145624999  1
26.0 -9.096962694477 35.0 -12.256877871166  386.218752885805  0.0701294603113557
21.0 -7.121280765751 48.0 -16.517719667716  1
30.0 -10.516683096053 39.0 -13.694539719761  394.041971790126  0.0701268900360356
22.0 -7.5100512078929995 49.0 -16.630389952466  1
31.0 -10.88314470352 40.0 -14.037132411784  406.627005328843  0.0701229628119745
23.0 -7.8934111970059995 50.0 -16.769467712333  1
32.0 -11.212862429865 41.0 -14.381878139674999  384.094461690686  0.0701301763107438
24.0 -8.273571956019 51.0 -16.870076326845  1
33.0 -11.575464665823 42.0 -14.711343305751999  366.193198580584  0.0701365399472022
25.0 -8.696051376394 52.0 -16.888916766174  1
34.0 -11.929749264984 43.0 -15.020524772497  387.428959740899  0.0701290559178473
27.0 -9.457357638147 54.0 -16.876823982299  1
36.0 -12.573983451574 45.0 -15.637935613022  372.082504052009  0.0701343787989371
28.0 -9.793833434110999 55.0 -16.84588354948  1
37.0 -12.954610666685 46.0 -15.969767680675  349.73510689638  0.0701429653443822
29.0 -10.141723291542 56.0 -16.789050543957  1
38.0 -13.322131914647 47.0 -16.351998339304  406.494438573619  0.0701230029128454
30.0 -10.516683096053 57.0 -16.832496080166  1
39.0 -13.694539719761 48.0 -16.517719667716  448.345283536721  0.0701115211910017
31.0 -10.88314470352 58.0 -16.903060507684  1
40.0 -14.037132411784 49.0 -16.630389952466  454.898297164865  0.0701099146783174
33.0 -11.575464665823 60.0 -17.109043171305  1
42.0 -14.711343305751999 51.0 -16.870076326845  497.865020539856  0.0701004288269656
38.0 -13.322131914647 65.0 -17.895989658292  1
47.0 -16.351998339304 56.0 -16.789050543957  448.925842199371  0.0701113769698689
39.0 -13.694539719761 66.0 -18.08930966041  1
48.0 -16.517719667716 57.0 -16.832496080166  391.421576797693  0.0701277395089179
40.0 -14.037132411784 67.0 -18.263841601321  1
49.0 -16.630389952466 58.0 -16.903060507684  454.919358284835  0.0701099095896656
41.0 -14.381878139674999 68.0 -18.439310679008  1
50.0 -16.769467712333 59.0 -17.094308400378  399.75382881097  0.0701250769758697
42.0 -14.711343305751999 69.0 -18.722019325698  1
51.0 -16.870076326845 60.0 -17.109043171305  383.750773016184  0.0701302928971504
43.0 -15.020524772497 70.0 -18.99172174349  1
52.0 -16.888916766174 61.0 -17.261601015943  386.433617359468  0.0701293883289494
44.0 -15.337070145624999 71.0 -19.318601155086  1
53.0 -16.897263851982 62.0 -17.385208973099  366.419126159095  0.070136455759076
45.0 -15.637935613022 72.0 -19.543781465212998  1
54.0 -16.876823982299 63.0 -17.544376909743  405.701627158798  0.0701232432818921
46.0 -15.969767680675 73.0 -19.704709856813  1
55.0 -16.84588354948 64.0 -17.736941407452  385.57266833988  0.0701296772414271
47.0 -16.351998339304 74.0 -19.91124615724  1
56.0 -16.789050543957 65.0 -17.895989658292  403.744566164706  0.0701238406759872
48.0 -16.517719667716 75.0 -20.169823162554  1
57.0 -16.832496080166 66.0 -18.08930966041  357.209566186221  0.0701399738549385
50.0 -16.769467712333 77.0 -20.64571126569  1
59.0 -17.094308400378 68.0 -18.439310679008  356.940913284621  0.0701400792067793
51.0 -16.870076326845 78.0 -20.66751422703  1
60.0 -17.109043171305 69.0 -18.722019325698  403.759674771642  0.0701238360418937
52.0 -16.888916766174 79.0 -20.578857410106  1
61.0 -17.261601015943 70.0 -18.99172174349  363.952116702834  0.0701373807094542
53.0 -16.897263851982 80.0 -20.533301783602  1
62.0 -17.385208973099 71.0 -19.318601155086  423.521613533912  0.0701180577292922
54.0 -16.876823982299 81.0 -20.503013915995  1
63.0 -17.544376909743 72.0 -19.543781465212998  395.287217762154  0.0701264903031347
55.0 -16.84588354948 82.0 -20.414860380895  1
64.0 -17.736941407452 73.0 -19.704709856813  363.04005697092  0.0701377258488145
56.0 -16.789050543957 83.0 -20.261221285139  1
65.0 -17.895989658292 74.0 -19.91124615724  386.414116475213  0.0701293948586974
57.0 -16.832496080166 84.0 -20.143236144993  1
66.0 -18.08930966041 75.0 -20.169823162554  377.632724401594  0.0701324037795698
58.0 -16.903060507684 85.0 -20.096291178188  1
67.0 -18.263841601321 76.0 -20.440629748261  333.717092290056  0.0701498275070566
59.0 -17.094308400378 86.0 -20.08853309823  1
68.0 -18.439310679008 77.0 -20.64571126569  425.191124034775  0.0701175941762978
60.0 -17.109043171305 87.0 -20.053950333814  1
69.0 -18.722019325698 78.0 -20.66751422703  402.267662389363  0.0701242953502725
62.0 -17.385208973099 89.0 -20.149845755592  1
71.0 -19.318601155086 80.0 -20.533301783602  551.520223840819  0.0700906585068664
63.0 -17.544376909743 90.0 -19.931440073157  1
72.0 -19.543781465212998 81.0 -20.503013915995  443.965736831822  0.0701126213035195
64.0 -17.736941407452 91.0 -19.737658783655  1
73.0 -19.704709856813 82.0 -20.414860380895  404.980492365078  0.0701234627369531
65.0 -17.895989658292 92.0 -19.531050582599  1
74.0 -19.91124615724 83.0 -20.261221285139  424.28750640602  0.0701178446200868
66.0 -18.08930966041 93.0 -19.375666664726  1
75.0 -20.169823162554 84.0 -20.143236144993  405.412618207439  0.0701233311390777
68.0 -18.439310679008 95.0 -18.817156263196  1
77.0 -20.64571126569 86.0 -20.08853309823  447.32371984139  0.0701117758745674
69.0 -18.722019325698 96.0 -18.600566028621  1
78.0 -20.66751422703 87.0 -20.053950333814  360.924568019579  0.0701385331020117
70.0 -18.99172174349 97.0 -18.384061022341  1
79.0 -20.578857410106 88.0 -20.133133798148  371.377505511646  0.0701346338947781
71.0 -19.318601155086 98.0 -18.192904263094  1
80.0 -20.533301783602 89.0 -20.149845755592  387.140727946607  0.0701291520018191
72.0 -19.543781465212998 99.0 -18.071974903593  1
81.0 -20.503013915995 90.0 -19.931440073157  457.985444967584  0.07010917377517
73.0 -19.704709856813 100.0 -18.083563746985  1
82.0 -20.414860380895 91.0 -19.737658783655  420.187040924805  0.0701189946265119
74.0 -19.91124615724 101.0 -18.134493010851  1
83.0 -20.261221285139 92.0 -19.531050582599  386.541836053349  0.0701293521045756
76.0 -20.440629748261 103.0 -18.293431757352  1
85.0 -20.096291178188 94.0 -19.111405604843  391.253471377715  0.0701277943932968
77.0 -20.64571126569 104.0 -18.321351929833  1
86.0 -20.08853309823 95.0 -18.817156263196  453.256779482529  0.0701103127460268
78.0 -20.66751422703 105.0 -18.372570506574  1
87.0 -20.053950333814 96.0 -18.600566028621  413.944118822019  0.0701207892508348
10.0 -3.147572839206 40.0 -14.037132411784  1
20.0 -6.794782881081 30.0 -10.516683096053  474.939609051961  0.070105276542632
11.0 -3.5010068782309998 41.0 -14.381878139674999  1
21.0 -7.121280765751 31.0 -10.88314470352  443.030911713099  0.0701128589420695
12.0 -3.905762274842 42.0 -14.711343305751999  1
22.0 -7.5100512078929995 32.0 -11.212862429865  433.880171404741  0.0701152391911299
13.0 -4.228842176173 43.0 -15.020524772497  1
23.0 -7.8934111970059995 33.0 -11.575464665823  426.356436608492  0.0701172727692297
15.0 -5.031100941752 45.0 -15.637935613022  1
25.0 -8.696051376394 35.0 -12.256877871166  396.849933004328  0.0701259922097542
17.0 -5.73473062478 47.0 -16.351998339304  1
27.0 -9.457357638147 37.0 -12.954610666685  429.820787032545  0.0701163275521065
18.0 -6.083764254394 48.0 -16.517719667716  1
28.0 -9.793833434110999 38.0 -13.322131914647  368.224879866073  0.0701357865878541
19.0 -6.438858724778 49.0 -16.630389952466  1
29.0 -10.141723291542 39.0 -13.694539719761  442.018650712951  0.0701131173988232
20.0 -6.794782881081 50.0 -16.769467712333  1
30.0 -10.516683096053 40.0 -14.037132411784  440.227038952093  0.0701135777577838
21.0 -7.121280765751 51.0 -16.870076326845  1
31.0 -10.88314470352 41.0 -14.381878139674999  393.073611742591  0.0701272026371303
22.0 -7.5100512078929995 52.0 -16.888916766174  1
32.0 -11.212862429865 42.0 -14.711343305751999  405.540699506199  0.0701232921875927
24.0 -8.273571956019 54.0 -16.876823982299  1
34.0 -11.929749264984 44.0 -15.337070145624999  380.330311715826  0.0701314646728377
25.0 -8.696051376394 55.0 -16.84588354948  1
35.0 -12.256877871166 45.0 -15.637935613022  380.913286842919  0.0701312634705248
26.0 -9.096962694477 56.0 -16.789050543957  1
36.0 -12.573983451574 46.0 -15.969767680675  346.515480673566  0.0701442936976519
28.0 -9.793833434110999 58.0 -16.903060507684  1
38.0 -13.322131914647 48.0 -16.517719667716  436.488264813397  0.0701145506168909
30.0 -10.516683096053 60.0 -17.109043171305  1
40.0 -14.037132411784 50.0 -16.769467712333  423.017893184309  0.0701181983098247
31.0 -10.88314470352 61.0 -17.261601015943  1
41.0 -14.381878139674999 51.0 -16.870076326845  460.351111101682  0.0701086127496909
32.0 -11.212862429865 62.0 -17.385208973099  1
42.0 -14.711343305751999 52.0 -16.888916766174  450.807438527578  0.0701109121006595
33.0 -11.575464665823 63.0 -17.544376909743  1
43.0 -15.020524772497 53.0 -16.897263851982  465.337702585122  0.0701074488478415
34.0 -11.929749264984 64.0 -17.736941407452  1
44.0 -15.337070145624999 54.0 -16.876823982299  441.305887610565  0.0701133000972879
35.0 -12.256877871166 65.0 -17.895989658292  1
45.0 -15.637935613022 55.0 -16.84588354948  425.292940451184  0.0701175660238963
36.0 -12.573983451574 66.0 -18.08930966041  1
46.0 -15.969767680675 56.0 -16.789050543957  503.068123847087  0.0700993901176199
37.0 -12.954610666685 67.0 -18.263841601321  1
47.0 -16.351998339304 57.0 -16.832496080166  494.528428227021  0.0701011064220904
38.0 -13.322131914647 68.0 -18.439310679008  1
48.0 -16.517719667716 58.0 -16.903060507684  410.724826985264  0.0701217360059946
39.0 -13.694539719761 69.0 -18.722019325698  1
49.0 -16.630389952466 59.0 -17.094308400378  404.075501751078  0.070123739251163
40.0 -14.037132411784 70.0 -18.99172174349  1
50.0 -16.769467712333 60.0 -17.109043171305  363.857082295075  0.0701374165913842
41.0 -14.381878139674999 71.0 -19.318601155086  1
51.0 -16.870076326845 61.0 -17.261601015943  354.488821049238  0.0701410481714261
42.0 -14.711343305751999 72.0 -19.543781465212998  1
52.0 -16.888916766174 62.0 -17.385208973099  419.403354810395  0.0701192169767517
43.0 -15.020524772497 73.0 -19.704709856813  1
53.0 -16.897263851982 63.0 -17.544376909743  411.73762187296  0.0701214365589731
44.0 -15.337070145624999 74.0 -19.91124615724  1
54.0 -16.876823982299 64.0 -17.736941407452  392.582260345571  0.0701273618424735
45.0 -15.637935613022 75.0 -20.169823162554  1
55.0 -16.84588354948 65.0 -17.895989658292  431.374588255998  0.0701159085429722
46.0 -15.969767680675 76.0 -20.440629748261  1
56.0 -16.789050543957 66.0 -18.08930966041  369.733463596167  0.0701352325524276
47.0 -16.351998339304 77.0 -20.64571126569  1
57.0 -16.832496080166 67.0 -18.263841601321  342.084416925881  0.0701461627526016
48.0 -16.517719667716 78.0 -20.66751422703  1
58.0 -16.903060507684 68.0 -18.439310679008  323.988458882666  0.0701543264848768
49.0 -16.630389952466 79.0 -20.578857410106  1
59.0 -17.094308400378 69.0 -18.722019325698  336.510431368139  0.0701485838040643
50.0 -16.769467712333 80.0 -20.533301783602  1
60.0 -17.109043171305 70.0 -18.99172174349  377.438143976653  0.0701324720375986
51.0 -16.870076326845 81.0 -20.503013915995  1
61.0 -17.261601015943 71.0 -19.318601155086  439.896946952197  0.0701136629848114
52.0 -16.888916766174 82.0 -20.414860380895  1
62.0 -17.385208973099 72.0 -19.543781465212998  424.68771230675  0.0701177335688109
54.0 -16.876823982299 84.0 -20.143236144993  1
64.0 -17.736941407452 74.0 -19.91124615724  392.422111697733  0.0701274138192256
55.0 -16.84588354948 85.0 -20.096291178188  1
65.0 -17.895989658292 75.0 -20.169823162554  412.189957919348  0.0701213032948507
57.0 -16.832496080166 87.0 -20.053950333814  1
67.0 -18.263841601321 77.0 -20.64571126569  463.747078381782  0.0701078173908383
58.0 -16.903060507684 88.0 -20.133133798148  1
68.0 -18.439310679008 78.0 -20.66751422703  473.256298071208  0.0701056509975753
60.0 -17.109043171305 90.0 -19.931440073157  1
70.0 -18.99172174349 80.0 -20.533301783602  434.104322842601  0.0701151796869301
61.0 -17.261601015943 91.0 -19.737658783655  1
71.0 -19.318601155086 81.0 -20.503013915995  464.34546577648  0.0701076784499584
62.0 -17.385208973099 92.0 -19.531050582599  1
72.0 -19.543781465212998 82.0 -20.414860380895  413.676594129995  0.0701208673652546
63.0 -17.544376909743 93.0 -19.375666664726  1
73.0 -19.704709856813 83.0 -20.261221285139  386.991905124018  0.0701292016689186
65.0 -17.895989658292 95.0 -18.817156263196  1
75.0 -20.169823162554 85.0 -20.096291178188  430.565615367648  0.0701161263189986
66.0 -18.08930966041 96.0 -18.600566028621  1
76.0 -20.440629748261 86.0 -20.08853309823  452.270490788979  0.070110553310504
67.0 -18.263841601321 97.0 -18.384061022341  1
77.0 -20.64571126569 87.0 -20.053950333814  463.975981636804  0.0701077641989648
68.0 -18.439310679008 98.0 -18.192904263094  1
78.0 -20.66751422703 88.0 -20.133133798148  456.298709576017  0.0701095773425405
69.0 -18.722019325698 99.0 -18.071974903593  1
79.0 -20.578857410106 89.0 -20.149845755592  381.401327325479  0.0701310955060136
70.0 -18.99172174349 100.0 -18.083563746985  1
80.0 -20.533301783602 90.0 -19.931440073157  484.84202185409  0.0701031263746669
72.0 -19.543781465212998 102.0 -18.249165056822  1
82.0 -20.414860380895 92.0 -19.531050582599  425.705376305326  0.0701174521224842
73.0 -19.704709856813 103.0 -18.293431757352  1
83.0 -20.261221285139 93.0 -19.375666664726  450.18484957843  0.0701110654879808
74.0 -19.91124615724 104.0 -18.321351929833  1
84.0 -20.143236144993 94.0 -19.111405604843  458.541103410563  0.0701090414787859
10.0 -3.147572839206 43.0 -15.020524772497  1
21.0 -7.121280765751 32.0 -11.212862429865  467.47398034489  0.0701069578246111
12.0 -3.905762274842 45.0 -15.637935613022  1
23.0 -7.8934111970059995 34.0 -11.929749264984  508.333347619899  0.0700983606529733
13.0 -4.228842176173 46.0 -15.969767680675  1
24.0 -8.273571956019 35.0 -12.256877871166  413.75388472169  0.0701208447868318
15.0 -5.031100941752 48.0 -16.517719667716  1
26.0 -9.096962694477 37.0 -12.954610666685  428.771256452856  0.0701166122944286
16.0 -5.390927233858 49.0 -16.630389952466  1
27.0 -9.457357638147 38.0 -13.322131914647  437.092942900668  0.0701143921465952
17.0 -5.73473062478 50.0 -16.769467712333  1
28.0 -9.793833434110999 39.0 -13.694539719761  431.416879032051  0.070115897180732
19.0 -6.438858724778 52.0 -16.888916766174  1
30.0 -10.516683096053 41.0 -14.381878139674999  455.877549031582  0.0701096785751047
20.0 -6.794782881081 53.0 -16.897263851982  1
31.0 -10.88314470352 42.0 -14.711343305751999  377.737709407785  0.0701323669804595
21.0 -7.121280765751 54.0 -16.876823982299  1
32.0 -11.212862429865 43.0 -15.020524772497  428.743044591392  0.0701166199676724
22.0 -7.5100512078929995 55.0 -16.84588354948  1
33.0 -11.575464665823 44.0 -15.337070145624999  470.41980936273  0.0701062880410324
23.0 -7.8934111970059995 56.0 -16.789050543957  1
34.0 -11.929749264984 45.0 -15.637935613022  448.159264457271  0.070111567480504
24.0 -8.273571956019 57.0 -16.832496080166  1
35.0 -12.256877871166 46.0 -15.969767680675  418.093350451632  0.070119590517156
26.0 -9.096962694477 59.0 -17.094308400378  1
37.0 -12.954610666685 48.0 -16.517719667716  471.92806308286  0.0701059483508427
29.0 -10.141723291542 62.0 -17.385208973099  1
40.0 -14.037132411784 51.0 -16.870076326845  419.705672703434  0.0701191311036564
30.0 -10.516683096053 63.0 -17.544376909743  1
41.0 -14.381878139674999 52.0 -16.888916766174  496.106007222971  0.0701007849114343
31.0 -10.88314470352 64.0 -17.736941407452  1
42.0 -14.711343305751999 53.0 -16.897263851982  445.657967329677  0.0701121936634491
32.0 -11.212862429865 65.0 -17.895989658292  1
43.0 -15.020524772497 54.0 -16.876823982299  544.454693924261  0.0700918350058471
34.0 -11.929749264984 67.0 -18.263841601321  1
45.0 -15.637935613022 56.0 -16.789050543957  474.788693488224  0.0701053100056631
35.0 -12.256877871166 68.0 -18.439310679008  1
46.0 -15.969767680675 57.0 -16.832496080166  508.033689413044  0.0700984186699464
36.0 -12.573983451574 69.0 -18.722019325698  1
47.0 -16.351998339304 58.0 -16.903060507684  498.414640978344  0.0701003180803474
37.0 -12.954610666685 70.0 -18.99172174349  1
48.0 -16.517719667716 59.0 -17.094308400378  434.694643904973  0.0701150232713954
38.0 -13.322131914647 71.0 -19.318601155086  1
49.0 -16.630389952466 60.0 -17.109043171305  423.684769249352  0.0701180122667345
39.0 -13.694539719761 72.0 -19.543781465212998  1
50.0 -16.769467712333 61.0 -17.261601015943  452.260576382901  0.0701105557340414
41.0 -14.381878139674999 74.0 -19.91124615724  1
52.0 -16.888916766174 63.0 -17.544376909743  383.981876449514  0.070130214479033
43.0 -15.020524772497 76.0 -20.440629748261  1
54.0 -16.876823982299 65.0 -17.895989658292  394.689397242165  0.0701266818930262
45.0 -15.637935613022 78.0 -20.66751422703  1
56.0 -16.789050543957 67.0 -18.263841601321  347.569807171914  0.0701438559937264
48.0 -16.517719667716 81.0 -20.503013915995  1
59.0 -17.094308400378 70.0 -18.99172174349  346.767422302202  0.0701441888619988
50.0 -16.769467712333 83.0 -20.261221285139  1
61.0 -17.261601015943 72.0 -19.543781465212998  380.877604077404  0.0701312757680282
51.0 -16.870076326845 84.0 -20.143236144993  1
62.0 -17.385208973099 73.0 -19.704709856813  381.130926280152  0.0701311885143722
52.0 -16.888916766174 85.0 -20.096291178188  1
63.0 -17.544376909743 74.0 -19.91124615724  408.871475685862  0.0701222878165226
53.0 -16.897263851982 86.0 -20.08853309823  1
64.0 -17.736941407452 75.0 -20.169823162554  462.925086537178  0.0701080088365356
54.0 -16.876823982299 87.0 -20.053950333814  1
65.0 -17.895989658292 76.0 -20.440629748261  404.928208401689  0.0701234786783498
55.0 -16.84588354948 88.0 -20.133133798148  1
66.0 -18.08930966041 77.0 -20.64571126569  455.668482352714  0.0701097288970741
56.0 -16.789050543957 89.0 -20.149845755592  1
67.0 -18.263841601321 78.0 -20.66751422703  461.730696094511  0.0701082882303969
57.0 -16.832496080166 90.0 -19.931440073157  1
68.0 -18.439310679008 79.0 -20.578857410106  501.839402621293  0.0700996334678761
58.0 -16.903060507684 91.0 -19.737658783655  1
69.0 -18.722019325698 80.0 -20.533301783602  474.919778861491  0.0701052809384353
59.0 -17.094308400378 92.0 -19.531050582599  1
70.0 -18.99172174349 81.0 -20.503013915995  434.55695622108  0.0701150597160722
60.0 -17.109043171305 93.0 -19.375666664726  1
71.0 -19.318601155086 82.0 -20.414860380895  448.581507763351  0.070111462463643
62.0 -17.385208973099 95.0 -18.817156263196  1
73.0 -19.704709856813 84.0 -20.143236144993  400.066533137206  0.0701249792118524
63.0 -17.544376909743 96.0 -18.600566028621  1
74.0 -19.91124615724 85.0 -20.096291178188  430.301139159066  0.0701161976937772
64.0 -17.736941407452 97.0 -18.384061022341  1
75.0 -20.169823162554 86.0 -20.08853309823  456.677722762599  0.0701094864003822
66.0 -18.08930966041 99.0 -18.071974903593  1
77.0 -20.64571126569 88.0 -20.133133798148  337.113573596006  0.0701483179673445
67.0 -18.263841601321 100.0 -18.083563746985  1
78.0 -20.66751422703 89.0 -20.149845755592  508.615146612008  0.0700983061561046
72.0 -19.543781465212998 105.0 -18.372570506574  1
83.0 -20.261221285139 94.0 -19.111405604843  508.907408348123  0.070098249699611
10.0 -3.147572839206 46.0 -15.969767680675  1
22.0 -7.5100512078929995 34.0 -11.929749264984  517.798572294869  0.0700965626455446
11.0 -3.5010068782309998 47.0 -16.351998339304  1
23.0 -7.8934111970059995 35.0 -12.256877871166  418.681941681799  0.0701194223944772
12.0 -3.905762274842 48.0 -16.517719667716  1
24.0 -8.273571956019 36.0 -12.573983451574  456.047622305023  0.0701096376728099
14.0 -4.627122323196 50.0 -16.769467712333  1
26.0 -9.096962694477 38.0 -13.322131914647  441.676818745656  0.0701132049450592
15.0 -5.031100941752 51.0 -16.870076326845  1
27.0 -9.457357638147 39.0 -13.694539719761  387.68745810613  0.0701289698672334
16.0 -5.390927233858 52.0 -16.888916766174  1
28.0 -9.793833434110999 40.0 -14.037132411784  394.275384127602  0.0701268149167127
18.0 -6.083764254394 54.0 -16.876823982299  1
30.0 -10.516683096053 42.0 -14.711343305751999  447.419899105158  0.0701117518467552
19.0 -6.438858724778 55.0 -16.84588354948  1
31.0 -10.88314470352 43.0 -15.020524772497  441.964499136641  0.0701131312585008
21.0 -7.121280765751 57.0 -16.832496080166  1
33.0 -11.575464665823 45.0 -15.637935613022  463.696044275694  0.0701078292571551
22.0 -7.5100512078929995 58.0 -16.903060507684  1
34.0 -11.929749264984 46.0 -15.969767680675  446.434119300462  0.0701119986081672
24.0 -8.273571956019 60.0 -17.109043171305  1
36.0 -12.573983451574 48.0 -16.517719667716  496.394718949947  0.0701007262931922
26.0 -9.096962694477 62.0 -17.385208973099  1
38.0 -13.322131914647 50.0 -16.769467712333  437.459985755366  0.0701142961679425
27.0 -9.457357638147 63.0 -17.544376909743  1
39.0 -13.694539719761 51.0 -16.870076326845  469.313396603771  0.0701065386165446
28.0 -9.793833434110999 64.0 -17.736941407452  1
40.0 -14.037132411784 52.0 -16.888916766174  540.184526528242  0.0700925609630497
30.0 -10.516683096053 66.0 -18.08930966041  1
42.0 -14.711343305751999 54.0 -16.876823982299  524.224351133495  0.0700953790107077
31.0 -10.88314470352 67.0 -18.263841601321  1
43.0 -15.020524772497 55.0 -16.84588354948  428.035521776922  0.0701168127350563
33.0 -11.575464665823 69.0 -18.722019325698  1
45.0 -15.637935613022 57.0 -16.832496080166  371.588748069226  0.0701345573574545
34.0 -11.929749264984 70.0 -18.99172174349  1
46.0 -15.969767680675 58.0 -16.903060507684  544.643817099877  0.0700918031168815
35.0 -12.256877871166 71.0 -19.318601155086  1
47.0 -16.351998339304 59.0 -17.094308400378  463.34542794292  0.0701079108522166
37.0 -12.954610666685 73.0 -19.704709856813  1
49.0 -16.630389952466 61.0 -17.261601015943  481.627005834569  0.0701038147765684
38.0 -13.322131914647 74.0 -19.91124615724  1
50.0 -16.769467712333 62.0 -17.385208973099  462.770316961414  0.0701080449591674
39.0 -13.694539719761 75.0 -20.169823162554  1
51.0 -16.870076326845 63.0 -17.544376909743  449.210467566833  0.0701113064000286
40.0 -14.037132411784 76.0 -20.440629748261  1
52.0 -16.888916766174 64.0 -17.736941407452  380.632135751352  0.0701313604273094
41.0 -14.381878139674999 77.0 -20.64571126569  1
53.0 -16.897263851982 65.0 -17.895989658292  385.113222932998  0.0701298319481715
42.0 -14.711343305751999 78.0 -20.66751422703  1
54.0 -16.876823982299 66.0 -18.08930966041  358.702616825056  0.0701393912328897
44.0 -15.337070145624999 80.0 -20.533301783602  1
56.0 -16.789050543957 68.0 -18.439310679008  393.687923456254  0.0701270041497871
45.0 -15.637935613022 81.0 -20.503013915995  1
57.0 -16.832496080166 69.0 -18.722019325698  420.945316211161  0.0701187802740034
46.0 -15.969767680675 82.0 -20.414860380895  1
58.0 -16.903060507684 70.0 -18.99172174349  306.4639352254  0.0701631513344734
48.0 -16.517719667716 84.0 -20.143236144993  1
60.0 -17.109043171305 72.0 -19.543781465212998  379.961728681701  0.0701315922005447
49.0 -16.630389952466 85.0 -20.096291178188  1
61.0 -17.261601015943 73.0 -19.704709856813  405.835464538431  0.070123202638431
50.0 -16.769467712333 86.0 -20.08853309823  1
62.0 -17.385208973099 74.0 -19.91124615724  402.241759840571  0.0701243033543305
51.0 -16.870076326845 87.0 -20.053950333814  1
63.0 -17.544376909743 75.0 -20.169823162554  376.379186070147  0.0701328447529792
52.0 -16.888916766174 88.0 -20.133133798148  1
64.0 -17.736941407452 76.0 -20.440629748261  472.12538586635  0.0701059040701831
53.0 -16.897263851982 89.0 -20.149845755592  1
65.0 -17.895989658292 77.0 -20.64571126569  415.68624316778  0.0701202830279371
54.0 -16.876823982299 90.0 -19.931440073157  1
66.0 -18.08930966041 78.0 -20.66751422703  498.041049353782  0.0701003933311619
55.0 -16.84588354948 91.0 -19.737658783655  1
67.0 -18.263841601321 79.0 -20.578857410106  467.064133555752  0.070107051679647
56.0 -16.789050543957 92.0 -19.531050582599  1
68.0 -18.439310679008 80.0 -20.533301783602  457.996713886511  0.0701091710889707
57.0 -16.832496080166 93.0 -19.375666664726  1
69.0 -18.722019325698 81.0 -20.503013915995  467.340507127601  0.0701069883719417
60.0 -17.109043171305 96.0 -18.600566028621  1
72.0 -19.543781465212998 84.0 -20.143236144993  477.11731505973  0.0701047960290306
61.0 -17.261601015943 97.0 -18.384061022341  1
73.0 -19.704709856813 85.0 -20.096291178188  475.817051427248  0.0701050824047815
62.0 -17.385208973099 98.0 -18.192904263094  1
74.0 -19.91124615724 86.0 -20.08853309823  494.573626391072  0.0701010971821625
63.0 -17.544376909743 99.0 -18.071974903593  1
75.0 -20.169823162554 87.0 -20.053950333814  454.613690811683  0.0701099834893022
67.0 -18.263841601321 103.0 -18.293431757352  1
79.0 -20.578857410106 91.0 -19.737658783655  469.133819150094  0.0701065793979436
68.0 -18.439310679008 104.0 -18.321351929833  1
80.0 -20.533301783602 92.0 -19.531050582599  487.430500816028  0.0701025787264365
10.0 -3.147572839206 49.0 -16.630389952466  1
23.0 -7.8934111970059995 36.0 -12.573983451574  578.281349852143  0.0700864631031466
11.0 -3.5010068782309998 50.0 -16.769467712333  1
24.0 -8.273571956019 37.0 -12.954610666685  377.394433860702  0.0701324873806127
12.0 -3.905762274842 51.0 -16.870076326845  1
25.0 -8.696051376394 38.0 -13.322131914647  412.330985439279  0.070121261806087
13.0 -4.228842176173 52.0 -16.888916766174  1
26.0 -9.096962694477 39.0 -13.694539719761  524.151221071725  0.0700953923180753
14.0 -4.627122323196 53.0 -16.897263851982  1
27.0 -9.457357638147 40.0 -14.037132411784  410.135603900249  0.0701219108985529
15.0 -5.031100941752 54.0 -16.876823982299  1
28.0 -9.793833434110999 41.0 -14.381878139674999  477.185724257004  0.0701047810055044
17.0 -5.73473062478 56.0 -16.789050543957  1
30.0 -10.516683096053 43.0 -15.020524772497  485.556784968532  0.0701029745676466
18.0 -6.083764254394 57.0 -16.832496080166  1
31.0 -10.88314470352 44.0 -15.337070145624999  399.990731767274  0.0701250028963898
19.0 -6.438858724778 58.0 -16.903060507684  1
32.0 -11.212862429865 45.0 -15.637935613022  410.047567486399  0.0701219370725853
20.0 -6.794782881081 59.0 -17.094308400378  1
33.0 -11.575464665823 46.0 -15.969767680675  385.146339721736  0.070129820784578
21.0 -7.121280765751 60.0 -17.109043171305  1
34.0 -11.929749264984 47.0 -16.351998339304  459.707445585804  0.0701087648252821
22.0 -7.5100512078929995 61.0 -17.261601015943  1
35.0 -12.256877871166 48.0 -16.517719667716  433.205443891039  0.0701154186788396
23.0 -7.8934111970059995 62.0 -17.385208973099  1
36.0 -12.573983451574 49.0 -16.630389952466  525.715530360605  0.0700951084704797
24.0 -8.273571956019 63.0 -17.544376909743  1
37.0 -12.954610666685 50.0 -16.769467712333  521.338961174327  0.0700959068930651
26.0 -9.096962694477 65.0 -17.895989658292  1
39.0 -13.694539719761 52.0 -16.888916766174  561.855422284524  0.0700889908649394
27.0 -9.457357638147 66.0 -18.08930966041  1
40.0 -14.037132411784 53.0 -16.897263851982  600.524540976403  0.0700832605440549
28.0 -9.793833434110999 67.0 -18.263841601321  1
41.0 -14.381878139674999 54.0 -16.876823982299  487.940241183046  0.0701024715647121
29.0 -10.141723291542 68.0 -18.439310679008  1
42.0 -14.711343305751999 55.0 -16.84588354948  588.933454488783  0.0700848992354211
30.0 -10.516683096053 69.0 -18.722019325698  1
43.0 -15.020524772497 56.0 -16.789050543957  512.217798661656  0.0700976147258659
31.0 -10.88314470352 70.0 -18.99172174349  1
44.0 -15.337070145624999 57.0 -16.832496080166  503.263686568896  0.0700993514957157
32.0 -11.212862429865 71.0 -19.318601155086  1
45.0 -15.637935613022 58.0 -16.903060507684  473.264417275843  0.0701056491850535
33.0 -11.575464665823 72.0 -19.543781465212998  1
46.0 -15.969767680675 59.0 -17.094308400378  516.911304367986  0.0700967283933965
34.0 -11.929749264984 73.0 -19.704709856813  1
47.0 -16.351998339304 60.0 -17.109043171305  516.517774837988  0.0700968020897552
36.0 -12.573983451574 75.0 -20.169823162554  1
49.0 -16.630389952466 62.0 -17.385208973099  401.251541316161  0.0701246101132372
37.0 -12.954610666685 76.0 -20.440629748261  1
50.0 -16.769467712333 63.0 -17.544376909743  377.255635761175  0.0701325361247397
38.0 -13.322131914647 77.0 -20.64571126569  1
51.0 -16.870076326845 64.0 -17.736941407452  493.622386718966  0.0701012920024401
39.0 -13.694539719761 78.0 -20.66751422703  1
52.0 -16.888916766174 65.0 -17.895989658292  402.164874442101  0.0701243271184968
40.0 -14.037132411784 79.0 -20.578857410106  1
53.0 -16.897263851982 66.0 -18.08930966041  436.544011833458  0.0701145359886853
41.0 -14.381878139674999 80.0 -20.533301783602  1
54.0 -16.876823982299 67.0 -18.263841601321  373.913547232392  0.0701337207500774
42.0 -14.711343305751999 81.0 -20.503013915995  1
55.0 -16.84588354948 68.0 -18.439310679008  334.389945247286  0.0701495260270551
43.0 -15.020524772497 82.0 -20.414860380895  1
56.0 -16.789050543957 69.0 -18.722019325698  360.617425315496  0.0701386510925152
45.0 -15.637935613022 84.0 -20.143236144993  1
58.0 -16.903060507684 71.0 -19.318601155086  333.367476755853  0.0701499846370335
46.0 -15.969767680675 85.0 -20.096291178188  1
59.0 -17.094308400378 72.0 -19.543781465212998  387.420853256531  0.0701290586182435
47.0 -16.351998339304 86.0 -20.08853309823  1
60.0 -17.109043171305 73.0 -19.704709856813  389.806303632436  0.0701282688338646
48.0 -16.517719667716 87.0 -20.053950333814  1
61.0 -17.261601015943 74.0 -19.91124615724  385.95058434529  0.0701295502637593
49.0 -16.630389952466 88.0 -20.133133798148  1
62.0 -17.385208973099 75.0 -20.169823162554  369.148531574183  0.0701354468343319
50.0 -16.769467712333 89.0 -20.149845755592  1
63.0 -17.544376909743 76.0 -20.440629748261  460.141368222366  0.0701086622578473
51.0 -16.870076326845 90.0 -19.931440073157  1
64.0 -17.736941407452 77.0 -20.64571126569  456.975948411419  0.0701094149488038
52.0 -16.888916766174 91.0 -19.737658783655  1
65.0 -17.895989658292 78.0 -20.66751422703  495.380901201967  0.070100932433767
53.0 -16.897263851982 92.0 -19.531050582599  1
66.0 -18.08930966041 79.0 -20.578857410106  408.540656242801  0.0701223868401736
54.0 -16.876823982299 93.0 -19.375666664726  1
67.0 -18.263841601321 80.0 -20.533301783602  487.001628706946  0.0701026690611544
56.0 -16.789050543957 95.0 -18.817156263196  1
69.0 -18.722019325698 82.0 -20.414860380895  533.396594032903  0.070093738881274
59.0 -17.094308400378 98.0 -18.192904263094  1
72.0 -19.543781465212998 85.0 -20.096291178188  491.561212162368  0.0701017167318391
60.0 -17.109043171305 99.0 -18.071974903593  1
73.0 -19.704709856813 86.0 -20.08853309823  476.97466675089  0.0701048273702681
61.0 -17.261601015943 100.0 -18.083563746985  1
74.0 -19.91124615724 87.0 -20.053950333814  593.116546033804  0.0700843004639381
62.0 -17.385208973099 101.0 -18.134493010851  1
75.0 -20.169823162554 88.0 -20.133133798148  461.069818830886  0.0701084434459987
64.0 -17.736941407452 103.0 -18.293431757352  1
77.0 -20.64571126569 90.0 -19.931440073157  451.650801436735  0.0701107049956315
65.0 -17.895989658292 104.0 -18.321351929833  1
78.0 -20.66751422703 91.0 -19.737658783655  505.881610218314  0.0700988373544127
66.0 -18.08930966041 105.0 -18.372570506574  1
79.0 -20.578857410106 92.0 -19.531050582599  449.550158619519  0.0701112222942008
10.0 -3.147572839206 52.0 -16.888916766174  1
24.0 -8.273571956019 38.0 -13.322131914647  479.940999695842  0.0701041794721261
11.0 -3.5010068782309998 53.0 -16.897263851982  1
25.0 -8.696051376394 39.0 -13.694539719761  510.239545485702  0.0700979931885766
12.0 -3.905762274842 54.0 -16.876823982299  1
26.0 -9.096962694477 40.0 -14.037132411784  477.92041484761  0.0701046199292741
14.0 -4.627122323196 56.0 -16.789050543957  1
28.0 -9.793833434110999 42.0 -14.711343305751999  497.471419858456  0.0701005082865147
16.0 -5.390927233858 58.0 -16.903060507684  1
30.0 -10.516683096053 44.0 -15.337070145624999  459.851815401442  0.0701087306787217
19.0 -6.438858724778 61.0 -17.261601015943  1
33.0 -11.575464665823 47.0 -16.351998339304  456.878802494926  0.0701094382136509
20.0 -6.794782881081 62.0 -17.385208973099  1
34.0 -11.929749264984 48.0 -16.517719667716  526.297801221209  0.0700950032469906
22.0 -7.5100512078929995 64.0 -17.736941407452  1
36.0 -12.573983451574 50.0 -16.769467712333  483.006132685444  0.0701035183543571
23.0 -7.8934111970059995 65.0 -17.895989658292  1
37.0 -12.954610666685 51.0 -16.870076326845  552.962005733756  0.0700904221257185
24.0 -8.273571956019 66.0 -18.08930966041  1
38.0 -13.322131914647 52.0 -16.888916766174  563.401673214488  0.0700887466302944
25.0 -8.696051376394 67.0 -18.263841601321  1
39.0 -13.694539719761 53.0 -16.897263851982  529.286517666912  0.0700944667931849
26.0 -9.096962694477 68.0 -18.439310679008  1
40.0 -14.037132411784 54.0 -16.876823982299  440.463969609594  0.0701135166629959
29.0 -10.141723291542 71.0 -19.318601155086  1
43.0 -15.020524772497 57.0 -16.832496080166  629.718508574331  0.0700794005564696
30.0 -10.516683096053 72.0 -19.543781465212998  1
44.0 -15.337070145624999 58.0 -16.903060507684  514.250983490463  0.0700972287882867
31.0 -10.88314470352 73.0 -19.704709856813  1
45.0 -15.637935613022 59.0 -17.094308400378  505.022329803021  0.0700990055232201
32.0 -11.212862429865 74.0 -19.91124615724  1
46.0 -15.969767680675 60.0 -17.109043171305  509.533277023239  0.070098129017779
33.0 -11.575464665823 75.0 -20.169823162554  1
47.0 -16.351998339304 61.0 -17.261601015943  472.932224299754  0.0701057233942433
35.0 -12.256877871166 77.0 -20.64571126569  1
49.0 -16.630389952466 63.0 -17.544376909743  458.222370036651  0.0701091173265854
36.0 -12.573983451574 78.0 -20.66751422703  1
50.0 -16.769467712333 64.0 -17.736941407452  398.218461812838  0.0701255592213691
38.0 -13.322131914647 80.0 -20.533301783602  1
52.0 -16.888916766174 66.0 -18.08930966041  386.808136665965  0.0701292630512661
39.0 -13.694539719761 81.0 -20.503013915995  1
53.0 -16.897263851982 67.0 -18.263841601321  487.807322085183  0.0701024994864494
40.0 -14.037132411784 82.0 -20.414860380895  1
54.0 -16.876823982299 68.0 -18.439310679008  370.855483568605  0.070134823407541
41.0 -14.381878139674999 83.0 -20.261221285139  1
55.0 -16.84588354948 69.0 -18.722019325698  371.071318331686  0.0701347449870952
42.0 -14.711343305751999 84.0 -20.143236144993  1
56.0 -16.789050543957 70.0 -18.99172174349  313.393169945717  0.0701595440003005
43.0 -15.020524772497 85.0 -20.096291178188  1
57.0 -16.832496080166 71.0 -19.318601155086  470.779303093981  0.0701062068779817
45.0 -15.637935613022 87.0 -20.053950333814  1
59.0 -17.094308400378 73.0 -19.704709856813  407.75641219533  0.0701226222286262
46.0 -15.969767680675 88.0 -20.133133798148  1
60.0 -17.109043171305 74.0 -19.91124615724  378.40563884402  0.0701321333375283
47.0 -16.351998339304 89.0 -20.149845755592  1
61.0 -17.261601015943 75.0 -20.169823162554  428.763841646386  0.0701166143110576
48.0 -16.517719667716 90.0 -19.931440073157  1
62.0 -17.385208973099 76.0 -20.440629748261  383.424343651418  0.0701304038223652
49.0 -16.630389952466 91.0 -19.737658783655  1
63.0 -17.544376909743 77.0 -20.64571126569  480.778509163678  0.0701039979929365
50.0 -16.769467712333 92.0 -19.531050582599  1
64.0 -17.736941407452 78.0 -20.66751422703  480.936031566156  0.0701039639301659
52.0 -16.888916766174 94.0 -19.111405604843  1
66.0 -18.08930966041 80.0 -20.533301783602  422.573409163085  0.0701183226367675
53.0 -16.897263851982 95.0 -18.817156263196  1
67.0 -18.263841601321 81.0 -20.503013915995  455.417316927506  0.0701097894132295
55.0 -16.84588354948 97.0 -18.384061022341  1
69.0 -18.722019325698 83.0 -20.261221285139  439.516122232253  0.07011376146965
56.0 -16.789050543957 98.0 -18.192904263094  1
70.0 -18.99172174349 84.0 -20.143236144993  505.154987492605  0.0700989795235878
57.0 -16.832496080166 99.0 -18.071974903593  1
71.0 -19.318601155086 85.0 -20.096291178188  512.274482754577  0.0700976039246209
58.0 -16.903060507684 100.0 -18.083563746985  1
72.0 -19.543781465212998 86.0 -20.08853309823  488.216415290951  0.0701024135986296
59.0 -17.094308400378 101.0 -18.134493010851  1
73.0 -19.704709856813 87.0 -20.053950333814  542.344023599207  0.0700921924052342
61.0 -17.261601015943 103.0 -18.293431757352  1
75.0 -20.169823162554 89.0 -20.149845755592  480.296084672829  0.0701041024517909
62.0 -17.385208973099 104.0 -18.321351929833  1
76.0 -20.440629748261 90.0 -19.931440073157  431.815589881507  0.0701157901687008
63.0 -17.544376909743 105.0 -18.372570506574  1
77.0 -20.64571126569 91.0 -19.737658783655  537.163653586231  0.0700930815025667
10.0 -3.147572839206 55.0 -16.84588354948  1
25.0 -8.696051376394 40.0 -14.037132411784  505.983110852314  0.070098817527557
11.0 -3.5010068782309998 56.0 -16.789050543957  1
26.0 -9.096962694477 41.0 -14.381878139674999  454.34892838383  0.0701100475799026
12.0 -3.905762274842 57.0 -16.832496080166  1
27.0 -9.457357638147 42.0 -14.711343305751999  431.474968407559  0.0701158815775213
13.0 -4.228842176173 58.0 -16.903060507684  1
28.0 -9.793833434110999 43.0 -15.020524772497  450.92057174083  0.0701108842734918
14.0 -4.627122323196 59.0 -17.094308400378  1
29.0 -10.141723291542 44.0 -15.337070145624999  477.049876198749  0.0701048108436762
15.0 -5.031100941752 60.0 -17.109043171305  1
30.0 -10.516683096053 45.0 -15.637935613022  415.960627054031  0.0701202036845509
16.0 -5.390927233858 61.0 -17.261601015943  1
31.0 -10.88314470352 46.0 -15.969767680675  438.387916232968  0.0701140542386059
18.0 -6.083764254394 63.0 -17.544376909743  1
33.0 -11.575464665823 48.0 -16.517719667716  472.460007743222  0.0701058290631599
19.0 -6.438858724778 64.0 -17.736941407452  1
34.0 -11.929749264984 49.0 -16.630389952466  489.276471713896  0.070102191711416
20.0 -6.794782881081 65.0 -17.895989658292  1
35.0 -12.256877871166 50.0 -16.769467712333  535.397960344507  0.070093388476803
21.0 -7.121280765751 66.0 -18.08930966041  1
36.0 -12.573983451574 51.0 -16.870076326845  548.78091791613  0.0700911110397021
22.0 -7.5100512078929995 67.0 -18.263841601321  1
37.0 -12.954610666685 52.0 -16.888916766174  544.341749422996  0.0700918540605291
23.0 -7.8934111970059995 68.0 -18.439310679008  1
38.0 -13.322131914647 53.0 -16.897263851982  597.318927279341  0.0700837073759369
24.0 -8.273571956019 69.0 -18.722019325698  1
39.0 -13.694539719761 54.0 -16.876823982299  638.936598686654  0.0700782550257769
25.0 -8.696051376394 70.0 -18.99172174349  1
40.0 -14.037132411784 55.0 -16.84588354948  543.493458295109  0.0700919974274517
26.0 -9.096962694477 71.0 -19.318601155086  1
41.0 -14.381878139674999 56.0 -16.789050543957  447.38531361305  0.0701117604858242
27.0 -9.457357638147 72.0 -19.543781465212998  1
42.0 -14.711343305751999 57.0 -16.832496080166  550.375121015606  0.0700908471296954
28.0 -9.793833434110999 73.0 -19.704709856813  1
43.0 -15.020524772497 58.0 -16.903060507684  489.759893530522  0.0701020908421871
29.0 -10.141723291542 74.0 -19.91124615724  1
44.0 -15.337070145624999 59.0 -17.094308400378  500.359638798096  0.0700999281239392
30.0 -10.516683096053 75.0 -20.169823162554  1
45.0 -15.637935613022 60.0 -17.109043171305  586.927922537238  0.0700851893359986
31.0 -10.88314470352 76.0 -20.440629748261  1
46.0 -15.969767680675 61.0 -17.261601015943  534.158261142269  0.0700936052171
33.0 -11.575464665823 78.0 -20.66751422703  1
48.0 -16.517719667716 63.0 -17.544376909743  514.699233747425  0.0700971441119816
34.0 -11.929749264984 79.0 -20.578857410106  1
49.0 -16.630389952466 64.0 -17.736941407452  447.095442886107  0.0701118329448344
35.0 -12.256877871166 80.0 -20.533301783602  1
50.0 -16.769467712333 65.0 -17.895989658292  385.975702774954  0.0701295418329199
37.0 -12.954610666685 82.0 -20.414860380895  1
52.0 -16.888916766174 67.0 -18.263841601321  357.09632017002  0.0701400182448707
40.0 -14.037132411784 85.0 -20.096291178188  1
55.0 -16.84588354948 70.0 -18.99172174349  367.28209477848  0.070136135141655
41.0 -14.381878139674999 86.0 -20.08853309823  1
56.0 -16.789050543957 71.0 -19.318601155086  380.58276363278  0.0701313774683928
42.0 -14.711343305751999 87.0 -20.053950333814  1
57.0 -16.832496080166 72.0 -19.543781465212998  442.876439994151  0.0701128983063553
45.0 -15.637935613022 90.0 -19.931440073157  1
60.0 -17.109043171305 75.0 -20.169823162554  459.577816463433  0.0701087955036315
46.0 -15.969767680675 91.0 -19.737658783655  1
61.0 -17.261601015943 76.0 -20.440629748261  438.290380805647  0.0701140796197902
47.0 -16.351998339304 92.0 -19.531050582599  1
62.0 -17.385208973099 77.0 -20.64571126569  397.204110030663  0.0701258798656342
48.0 -16.517719667716 93.0 -19.375666664726  1
63.0 -17.544376909743 78.0 -20.66751422703  541.460993318581  0.0700923427552806
49.0 -16.630389952466 94.0 -19.111405604843  1
64.0 -17.736941407452 79.0 -20.578857410106  542.567328743051  0.0700921544614856
51.0 -16.870076326845 96.0 -18.600566028621  1
66.0 -18.08930966041 81.0 -20.503013915995  522.390328372108  0.0700957138700401
52.0 -16.888916766174 97.0 -18.384061022341  1
67.0 -18.263841601321 82.0 -20.414860380895  524.651517545597  0.0700953013539995
53.0 -16.897263851982 98.0 -18.192904263094  1
68.0 -18.439310679008 83.0 -20.261221285139  515.218139691521  0.070097046272536
54.0 -16.876823982299 99.0 -18.071974903593  1
69.0 -18.722019325698 84.0 -20.143236144993  529.972276091212  0.0700943445577357
55.0 -16.84588354948 100.0 -18.083563746985  1
70.0 -18.99172174349 85.0 -20.096291178188  596.015331173619  0.070083890459498
56.0 -16.789050543957 101.0 -18.134493010851  1
71.0 -19.318601155086 86.0 -20.08853309823  490.467111961353  0.070101943634508
58.0 -16.903060507684 103.0 -18.293431757352  1
73.0 -19.704709856813 88.0 -20.133133798148  551.083368287937  0.0700907303738005
59.0 -17.094308400378 104.0 -18.321351929833  1
74.0 -19.91124615724 89.0 -20.149845755592  491.464920778485  0.0701017366609214
60.0 -17.109043171305 105.0 -18.372570506574  1
75.0 -20.169823162554 90.0 -19.931440073157  456.921561249923  0.0701094279724144
10.0 -3.147572839206 58.0 -16.903060507684  1
26.0 -9.096962694477 42.0 -14.711343305751999  590.38108037226  0.0700846910608458
12.0 -3.905762274842 60.0 -17.109043171305  1
28.0 -9.793833434110999 44.0 -15.337070145624999  611.547154653318  0.0700817598440603
13.0 -4.228842176173 61.0 -17.261601015943  1
29.0 -10.141723291542 45.0 -15.637935613022  556.73340708371  0.0700898095917432
14.0 -4.627122323196 62.0 -17.385208973099  1
30.0 -10.516683096053 46.0 -15.969767680675  582.632856782448  0.0700858173366262
16.0 -5.390927233858 64.0 -17.736941407452  1
32.0 -11.212862429865 48.0 -16.517719667716  468.243881777438  0.0701067819611656
17.0 -5.73473062478 65.0 -17.895989658292  1
33.0 -11.575464665823 49.0 -16.630389952466  490.632443188362  0.0701019092819771
18.0 -6.083764254394 66.0 -18.08930966041  1
34.0 -11.929749264984 50.0 -16.769467712333  580.46392358501  0.0700861379975024
19.0 -6.438858724778 67.0 -18.263841601321  1
35.0 -12.256877871166 51.0 -16.870076326845  571.45778686317  0.0700874955266153
21.0 -7.121280765751 69.0 -18.722019325698  1
37.0 -12.954610666685 53.0 -16.897263851982  513.782620860507  0.0700973174217459
22.0 -7.5100512078929995 70.0 -18.99172174349  1
38.0 -13.322131914647 54.0 -16.876823982299  632.580547805102  0.0700790413176211
23.0 -7.8934111970059995 71.0 -19.318601155086  1
39.0 -13.694539719761 55.0 -16.84588354948  505.283652110917  0.0700989543196007
24.0 -8.273571956019 72.0 -19.543781465212998  1
40.0 -14.037132411784 56.0 -16.789050543957  534.01390589827  0.0700936305205684
25.0 -8.696051376394 73.0 -19.704709856813  1
41.0 -14.381878139674999 57.0 -16.832496080166  443.52728746091  0.0701127326354287
26.0 -9.096962694477 74.0 -19.91124615724  1
42.0 -14.711343305751999 58.0 -16.903060507684  507.123742869296  0.0700985952653629
28.0 -9.793833434110999 76.0 -20.440629748261  1
44.0 -15.337070145624999 60.0 -17.109043171305  452.901472336071  0.0701103992878233
29.0 -10.141723291542 77.0 -20.64571126569  1
45.0 -15.637935613022 61.0 -17.261601015943  444.351793834107  0.0701125234570757
31.0 -10.88314470352 79.0 -20.578857410106  1
47.0 -16.351998339304 63.0 -17.544376909743  409.50092164412  0.0701220998472952
33.0 -11.575464665823 81.0 -20.503013915995  1
49.0 -16.630389952466 65.0 -17.895989658292  536.769743835053  0.0700931498106484
36.0 -12.573983451574 84.0 -20.143236144993  1
52.0 -16.888916766174 68.0 -18.439310679008  403.223407328015  0.0701240007377829
38.0 -13.322131914647 86.0 -20.08853309823  1
54.0 -16.876823982299 70.0 -18.99172174349  451.807132424753  0.0701106666903014
39.0 -13.694539719761 87.0 -20.053950333814  1
55.0 -16.84588354948 71.0 -19.318601155086  304.56998782696  0.0701641658797597
40.0 -14.037132411784 88.0 -20.133133798148  1
56.0 -16.789050543957 72.0 -19.543781465212998  366.233015458632  0.07013652510257
41.0 -14.381878139674999 89.0 -20.149845755592  1
57.0 -16.832496080166 73.0 -19.704709856813  389.270911510335  0.0701284452511646
42.0 -14.711343305751999 90.0 -19.931440073157  1
58.0 -16.903060507684 74.0 -19.91124615724  449.678727755677  0.0701111904942659
43.0 -15.020524772497 91.0 -19.737658783655  1
59.0 -17.094308400378 75.0 -20.169823162554  422.210823558113  0.0701184242497116
44.0 -15.337070145624999 92.0 -19.531050582599  1
60.0 -17.109043171305 76.0 -20.440629748261  489.184281745261  0.0701022109701105
46.0 -15.969767680675 94.0 -19.111405604843  1
62.0 -17.385208973099 78.0 -20.66751422703  393.212121462621  0.0701271578297587
48.0 -16.517719667716 96.0 -18.600566028621  1
64.0 -17.736941407452 80.0 -20.533301783602  469.294980367195  0.07010654279737
49.0 -16.630389952466 97.0 -18.384061022341  1
65.0 -17.895989658292 81.0 -20.503013915995  457.37233401751  0.070109320123412
50.0 -16.769467712333 98.0 -18.192904263094  1
66.0 -18.08930966041 82.0 -20.414860380895  526.111344764796  0.07009503691661
51.0 -16.870076326845 99.0 -18.071974903593  1
67.0 -18.263841601321 83.0 -20.261221285139  475.262522578783  0.0701052050132813
52.0 -16.888916766174 100.0 -18.083563746985  1
68.0 -18.439310679008 84.0 -20.143236144993  551.559602331033  0.0700906520343199
53.0 -16.897263851982 101.0 -18.134493010851  1
69.0 -18.722019325698 85.0 -20.096291178188  606.075801625243  0.0700824979315556
54.0 -16.876823982299 102.0 -18.249165056822  1
70.0 -18.99172174349 86.0 -20.08853309823  490.939836241973  0.0701018454733328
55.0 -16.84588354948 103.0 -18.293431757352  1
71.0 -19.318601155086 87.0 -20.053950333814  632.530980202418  0.0700790475116081
56.0 -16.789050543957 104.0 -18.321351929833  1
72.0 -19.543781465212998 88.0 -20.133133798148  504.204159148039  0.0700991661792011
57.0 -16.832496080166 105.0 -18.372570506574  1
73.0 -19.704709856813 89.0 -20.149845755592  600.84353794375  0.0700832163397665
10.0 -3.147572839206 61.0 -17.261601015943  1
27.0 -9.457357638147 44.0 -15.337070145624999  593.601164473333  0.0700842316406916
11.0 -3.5010068782309998 62.0 -17.385208973099  1
28.0 -9.793833434110999 45.0 -15.637935613022  624.836010400648  0.0700800209961778
12.0 -3.905762274842 63.0 -17.544376909743  1
29.0 -10.141723291542 46.0 -15.969767680675  546.088253950844  0.0700915602920192
13.0 -4.228842176173 64.0 -17.736941407452  1
30.0 -10.516683096053 47.0 -16.351998339304  524.908129261372  0.0700952547640486
14.0 -4.627122323196 65.0 -17.895989658292  1
31.0 -10.88314470352 48.0 -16.517719667716  650.430306270282  0.0700768721867939
15.0 -5.031100941752 66.0 -18.08930966041  1
32.0 -11.212862429865 49.0 -16.630389952466  548.842977762376  0.0700911007374165
17.0 -5.73473062478 68.0 -18.439310679008  1
34.0 -11.929749264984 51.0 -16.870076326845  548.8412987787  0.0700911010161066
18.0 -6.083764254394 69.0 -18.722019325698  1
35.0 -12.256877871166 52.0 -16.888916766174  594.68522594347  0.0700840780934497
19.0 -6.438858724778 70.0 -18.99172174349  1
36.0 -12.573983451574 53.0 -16.897263851982  529.420556490083  0.0700944428760596
22.0 -7.5100512078929995 73.0 -19.704709856813  1
39.0 -13.694539719761 56.0 -16.789050543957  568.617217694805  0.0700879326169593
23.0 -7.8934111970059995 74.0 -19.91124615724  1
40.0 -14.037132411784 57.0 -16.832496080166  586.118098725571  0.0700853070398418
24.0 -8.273571956019 75.0 -20.169823162554  1
41.0 -14.381878139674999 58.0 -16.903060507684  442.911004210906  0.0701128894959137
25.0 -8.696051376394 76.0 -20.440629748261  1
42.0 -14.711343305751999 59.0 -17.094308400378  451.928018578221  0.0701106370880861
26.0 -9.096962694477 77.0 -20.64571126569  1
43.0 -15.020524772497 60.0 -17.109043171305  433.677843413986  0.0701152929548035
27.0 -9.457357638147 78.0 -20.66751422703  1
44.0 -15.337070145624999 61.0 -17.261601015943  537.83721449453  0.0700929649318651
28.0 -9.793833434110999 79.0 -20.578857410106  1
45.0 -15.637935613022 62.0 -17.385208973099  510.327996836779  0.070097976204147
29.0 -10.141723291542 80.0 -20.533301783602  1
46.0 -15.969767680675 63.0 -17.544376909743  403.965858430853  0.0701237728361358
30.0 -10.516683096053 81.0 -20.503013915995  1
47.0 -16.351998339304 64.0 -17.736941407452  470.227133239729  0.0701063315926827
31.0 -10.88314470352 82.0 -20.414860380895  1
48.0 -16.517719667716 65.0 -17.895989658292  499.005929544488  0.070100199210149
32.0 -11.212862429865 83.0 -20.261221285139  1
49.0 -16.630389952466 66.0 -18.08930966041  410.650076234341  0.0701217581656346
33.0 -11.575464665823 84.0 -20.143236144993  1
50.0 -16.769467712333 67.0 -18.263841601321  477.694724134329  0.0701046693578009
34.0 -11.929749264984 85.0 -20.096291178188  1
51.0 -16.870076326845 68.0 -18.439310679008  401.18652920698  0.0701246303062539
35.0 -12.256877871166 86.0 -20.08853309823  1
52.0 -16.888916766174 69.0 -18.722019325698  470.262690214166  0.0701063235528577
36.0 -12.573983451574 87.0 -20.053950333814  1
53.0 -16.897263851982 70.0 -18.99172174349  408.487254690938  0.0701224028398091
37.0 -12.954610666685 88.0 -20.133133798148  1
54.0 -16.876823982299 71.0 -19.318601155086  449.16809048155  0.0701113169013106
39.0 -13.694539719761 90.0 -19.931440073157  1
56.0 -16.789050543957 73.0 -19.704709856813  391.674091049221  0.0701276571546156
40.0 -14.037132411784 91.0 -19.737658783655  1
57.0 -16.832496080166 74.0 -19.91124615724  416.372130224985  0.0701200848865004
41.0 -14.381878139674999 92.0 -19.531050582599  1
58.0 -16.903060507684 75.0 -20.169823162554  393.303343981923  0.0701271283368552
42.0 -14.711343305751999 93.0 -19.375666664726  1
59.0 -17.094308400378 76.0 -20.440629748261  519.673642408611  0.0700962142312399
44.0 -15.337070145624999 95.0 -18.817156263196  1
61.0 -17.261601015943 78.0 -20.66751422703  420.882813192427  0.0701187979134162
45.0 -15.637935613022 96.0 -18.600566028621  1
62.0 -17.385208973099 79.0 -20.578857410106  432.798362787339  0.0701155272392391
47.0 -16.351998339304 98.0 -18.192904263094  1
64.0 -17.736941407452 81.0 -20.503013915995  472.990403755175  0.0701057103899002
48.0 -16.517719667716 99.0 -18.071974903593  1
65.0 -17.895989658292 82.0 -20.414860380895  583.256252037102  0.0700857256134424
49.0 -16.630389952466 100.0 -18.083563746985  1
66.0 -18.08930966041 83.0 -20.261221285139  565.940839505695  0.070088348457135
50.0 -16.769467712333 101.0 -18.134493010851  1
67.0 -18.263841601321 84.0 -20.143236144993  591.253479163157  0.0700845660985721
52.0 -16.888916766174 103.0 -18.293431757352  1
69.0 -18.722019325698 86.0 -20.08853309823  532.444141112515  0.0700939065643497
54.0 -16.876823982299 105.0 -18.372570506574  1
71.0 -19.318601155086 88.0 -20.133133798148  481.394523746823  0.0701038649123194
10.0 -3.147572839206 64.0 -17.736941407452  1
28.0 -9.793833434110999 46.0 -15.969767680675  555.897423243935  0.0700899446514938
11.0 -3.5010068782309998 65.0 -17.895989658292  1
29.0 -10.141723291542 47.0 -16.351998339304  468.111914701298  0.0701068120644438
12.0 -3.905762274842 66.0 -18.08930966041  1
30.0 -10.516683096053 48.0 -16.517719667716  612.563558815431  0.070081624182961
13.0 -4.228842176173 67.0 -18.263841601321  1
31.0 -10.88314470352 49.0 -16.630389952466  427.755539662605  0.0701168891933917
14.0 -4.627122323196 68.0 -18.439310679008  1
32.0 -11.212862429865 50.0 -16.769467712333  517.997618351013  0.0700965255403281
17.0 -5.73473062478 71.0 -19.318601155086  1
35.0 -12.256877871166 53.0 -16.897263851982  479.577277271926  0.070104258484231
18.0 -6.083764254394 72.0 -19.543781465212998  1
36.0 -12.573983451574 54.0 -16.876823982299  695.640371377177  0.0700718762194624
19.0 -6.438858724778 73.0 -19.704709856813  1
37.0 -12.954610666685 55.0 -16.84588354948  457.320237440454  0.070109332576839
20.0 -6.794782881081 74.0 -19.91124615724  1
38.0 -13.322131914647 56.0 -16.789050543957  559.830513492248  0.070089312745188
21.0 -7.121280765751 75.0 -20.169823162554  1
39.0 -13.694539719761 57.0 -16.832496080166  555.411982118015  0.0700900232649093
22.0 -7.5100512078929995 76.0 -20.440629748261  1
40.0 -14.037132411784 58.0 -16.903060507684  654.936499890715  0.070076343279094
23.0 -7.8934111970059995 77.0 -20.64571126569  1
41.0 -14.381878139674999 59.0 -17.094308400378  593.633583688156  0.0700842270406761
25.0 -8.696051376394 79.0 -20.578857410106  1
43.0 -15.020524772497 61.0 -17.261601015943  520.47514774912  0.0700960660662017
26.0 -9.096962694477 80.0 -20.533301783602  1
44.0 -15.337070145624999 62.0 -17.385208973099  468.689175604737  0.0701066805093919
27.0 -9.457357638147 81.0 -20.503013915995  1
45.0 -15.637935613022 63.0 -17.544376909743  571.790810923204  0.0700874445672173
28.0 -9.793833434110999 82.0 -20.414860380895  1
46.0 -15.969767680675 64.0 -17.736941407452  438.474047434121  0.0701140318344782
29.0 -10.141723291542 83.0 -20.261221285139  1
47.0 -16.351998339304 65.0 -17.895989658292  504.952156259313  0.0700990192820849
30.0 -10.516683096053 84.0 -20.143236144993  1
48.0 -16.517719667716 66.0 -18.08930966041  460.566027217352  0.0701085620672069
31.0 -10.88314470352 85.0 -20.096291178188  1
49.0 -16.630389952466 67.0 -18.263841601321  404.911034706567  0.070123483915513
32.0 -11.212862429865 86.0 -20.08853309823  1
50.0 -16.769467712333 68.0 -18.439310679008  406.675176940342  0.0701229482467462
33.0 -11.575464665823 87.0 -20.053950333814  1
51.0 -16.870076326845 69.0 -18.722019325698  402.316848360443  0.0701242801543206
34.0 -11.929749264984 88.0 -20.133133798148  1
52.0 -16.888916766174 70.0 -18.99172174349  340.15215298261  0.0701469930428533
35.0 -12.256877871166 89.0 -20.149845755592  1
53.0 -16.897263851982 71.0 -19.318601155086  471.828224208663  0.0701059707695186
36.0 -12.573983451574 90.0 -19.931440073157  1
54.0 -16.876823982299 72.0 -19.543781465212998  366.65538804318  0.0701363678310221
37.0 -12.954610666685 91.0 -19.737658783655  1
55.0 -16.84588354948 73.0 -19.704709856813  340.567868191166  0.0701468136153465
38.0 -13.322131914647 92.0 -19.531050582599  1
56.0 -16.789050543957 74.0 -19.91124615724  412.159894278359  0.0701213121429186
39.0 -13.694539719761 93.0 -19.375666664726  1
57.0 -16.832496080166 75.0 -20.169823162554  475.792480939753  0.0701050878313614
40.0 -14.037132411784 94.0 -19.111405604843  1
58.0 -16.903060507684 76.0 -20.440629748261  486.343340027297  0.0701028080285775
41.0 -14.381878139674999 95.0 -18.817156263196  1
59.0 -17.094308400378 77.0 -20.64571126569  510.710232071267  0.0700979028749771
42.0 -14.711343305751999 96.0 -18.600566028621  1
60.0 -17.109043171305 78.0 -20.66751422703  459.296594316474  0.0701088621178966
43.0 -15.020524772497 97.0 -18.384061022341  1
61.0 -17.261601015943 79.0 -20.578857410106  450.207132252684  0.0701110599908754
44.0 -15.337070145624999 98.0 -18.192904263094  1
62.0 -17.385208973099 80.0 -20.533301783602  421.066986157844  0.0701187459516982
45.0 -15.637935613022 99.0 -18.071974903593  1
63.0 -17.544376909743 81.0 -20.503013915995  402.699261675946  0.07012416213477
46.0 -15.969767680675 100.0 -18.083563746985  1
64.0 -17.736941407452 82.0 -20.414860380895  464.485003071945  0.0701076461019609
47.0 -16.351998339304 101.0 -18.134493010851  1
65.0 -17.895989658292 83.0 -20.261221285139  636.904667249274  0.0700785046845644
48.0 -16.517719667716 102.0 -18.249165056822  1
66.0 -18.08930966041 84.0 -20.143236144993  477.142052697442  0.0701047905958348
49.0 -16.630389952466 103.0 -18.293431757352  1
67.0 -18.263841601321 85.0 -20.096291178188  453.625812451466  0.0701102230045724
50.0 -16.769467712333 104.0 -18.321351929833  1
68.0 -18.439310679008 86.0 -20.08853309823  525.368856899439  0.0700951712294008
51.0 -16.870076326845 105.0 -18.372570506574  1
69.0 -18.722019325698 87.0 -20.053950333814  435.908589798899  0.0701147029472924
10.0 -3.147572839206 67.0 -18.263841601321  1
29.0 -10.141723291542 48.0 -16.517719667716  551.246917059413  0.0700907034551172
11.0 -3.5010068782309998 68.0 -18.439310679008  1
30.0 -10.516683096053 49.0 -16.630389952466  547.08309058693  0.0700913937953124
12.0 -3.905762274842 69.0 -18.722019325698  1
31.0 -10.88314470352 50.0 -16.769467712333  634.230259234843  0.0700788357213677
13.0 -4.228842176173 70.0 -18.99172174349  1
32.0 -11.212862429865 51.0 -16.870076326845  615.243560362652  0.0700812686279407
14.0 -4.627122323196 71.0 -19.318601155086  1
33.0 -11.575464665823 52.0 -16.888916766174  699.845850527147  0.0700714443044312
15.0 -5.031100941752 72.0 -19.543781465212998  1
34.0 -11.929749264984 53.0 -16.897263851982  626.727849117865  0.07007977944505
16.0 -5.390927233858 73.0 -19.704709856813  1
35.0 -12.256877871166 54.0 -16.876823982299  540.283192895531  0.0700925440595922
17.0 -5.73473062478 74.0 -19.91124615724  1
36.0 -12.573983451574 55.0 -16.84588354948  532.041460006838  0.0700939776385084
18.0 -6.083764254394 75.0 -20.169823162554  1
37.0 -12.954610666685 56.0 -16.789050543957  639.059530559009  0.0700782399723485
19.0 -6.438858724778 76.0 -20.440629748261  1
38.0 -13.322131914647 57.0 -16.832496080166  656.6833183834  0.0700761402012207
20.0 -6.794782881081 77.0 -20.64571126569  1
39.0 -13.694539719761 58.0 -16.903060507684  679.296355011542  0.0700736055767577
21.0 -7.121280765751 78.0 -20.66751422703  1
40.0 -14.037132411784 59.0 -17.094308400378  533.981737580813  0.0700936361610914
22.0 -7.5100512078929995 79.0 -20.578857410106  1
41.0 -14.381878139674999 60.0 -17.109043171305  482.940385923986  0.0701035324471867
23.0 -7.8934111970059995 80.0 -20.533301783602  1
42.0 -14.711343305751999 61.0 -17.261601015943  639.00701879211  0.0700782464018854
24.0 -8.273571956019 81.0 -20.503013915995  1
43.0 -15.020524772497 62.0 -17.385208973099  498.3935475822  0.0701003223260866
25.0 -8.696051376394 82.0 -20.414860380895  1
44.0 -15.337070145624999 63.0 -17.544376909743  442.212269874052  0.0701130678712607
26.0 -9.096962694477 83.0 -20.261221285139  1
45.0 -15.637935613022 64.0 -17.736941407452  516.734669487897  0.0700967614579636
27.0 -9.457357638147 84.0 -20.143236144993  1
46.0 -15.969767680675 65.0 -17.895989658292  434.706606828632  0.0701150201060085
28.0 -9.793833434110999 85.0 -20.096291178188  1
47.0 -16.351998339304 66.0 -18.08930966041  431.913316653642  0.0701157639694636
29.0 -10.141723291542 86.0 -20.08853309823  1
48.0 -16.517719667716 67.0 -18.263841601321  475.757425263471  0.0701050955746457
30.0 -10.516683096053 87.0 -20.053950333814  1
49.0 -16.630389952466 68.0 -18.439310679008  428.216489637346  0.0701167633690201
31.0 -10.88314470352 88.0 -20.133133798148  1
50.0 -16.769467712333 69.0 -18.722019325698  527.912440919939  0.0700947126760507
32.0 -11.212862429865 89.0 -20.149845755592  1
51.0 -16.870076326845 70.0 -18.99172174349  422.923260863489  0.0701182247576024
33.0 -11.575464665823 90.0 -19.931440073157  1
52.0 -16.888916766174 71.0 -19.318601155086  424.703587131769  0.070117729168095
34.0 -11.929749264984 91.0 -19.737658783655  1
53.0 -16.897263851982 72.0 -19.543781465212998  475.77120690686  0.0701050925303468
35.0 -12.256877871166 92.0 -19.531050582599  1
54.0 -16.876823982299 73.0 -19.704709856813  471.604421347448  0.0701060210586176
36.0 -12.573983451574 93.0 -19.375666664726  1
55.0 -16.84588354948 74.0 -19.91124615724  496.850134234521  0.0701006339669748
37.0 -12.954610666685 94.0 -19.111405604843  1
56.0 -16.789050543957 75.0 -20.169823162554  442.666904551775  0.0701129517465297
38.0 -13.322131914647 95.0 -18.817156263196  1
57.0 -16.832496080166 76.0 -20.440629748261  599.384546835671  0.0700834189007107
39.0 -13.694539719761 96.0 -18.600566028621  1
58.0 -16.903060507684 77.0 -20.64571126569  456.252343081543  0.0701095884783019
40.0 -14.037132411784 97.0 -18.384061022341  1
59.0 -17.094308400378 78.0 -20.66751422703  488.925029999683  0.0701022651673203
41.0 -14.381878139674999 98.0 -18.192904263094  1
60.0 -17.109043171305 79.0 -20.578857410106  532.700636071424  0.070093861348409
42.0 -14.711343305751999 99.0 -18.071974903593  1
61.0 -17.261601015943 80.0 -20.533301783602  590.777751466443  0.070084634195983
43.0 -15.020524772497 100.0 -18.083563746985  1
62.0 -17.385208973099 81.0 -20.503013915995  365.044667496909  0.0701369695394891
44.0 -15.337070145624999 101.0 -18.134493010851  1
63.0 -17.544376909743 82.0 -20.414860380895  592.94013549664  0.0700843255448682
45.0 -15.637935613022 102.0 -18.249165056822  1
64.0 -17.736941407452 83.0 -20.261221285139  455.394797163619  0.0701097948424343
46.0 -15.969767680675 103.0 -18.293431757352  1
65.0 -17.895989658292 84.0 -20.143236144993  517.834188911114  0.0700965560039694
47.0 -16.351998339304 104.0 -18.321351929833  1
66.0 -18.08930966041 85.0 -20.096291178188  551.765489090823  0.070090618208258
48.0 -16.517719667716 105.0 -18.372570506574  1
67.0 -18.263841601321 86.0 -20.08853309823  443.77355868535  0.0701126700746843
