72
# x y z
15	1614.4504011345	0
16	1614.2319056219	0
17	1614.0193432087	0
18	1613.8715475216	0
19	1613.677567062	0
20	1613.4462301696	0
21	1613.2088247846	0
22	1613.0332165562	0
23	1612.7736051746	0
24	1612.5006026039	0
25	1612.2806583294	0
26	1612.0498767968	0
27	1611.7967453603	0
28	1611.5000401161	0
29	1611.2274573432	0
30	1610.9298458469	0
31	1610.6562361952	0
32	1610.3914204873	0
33	1610.046830799	0
34	1609.6502162307	0
35	1609.2782189419	0
36	1608.9763369834	0
37	1608.6434815476	0
38	1608.3182909071	0
39	1607.9596754563	0
40	1607.5801356838	0
41	1607.20700105	0
42	1606.7574373312	0
43	1606.3365870777	0
44	1605.8973965892	0
45	1605.5562398336	0
46	1605.2222511879	0
47	1605.1614595434	0
48	1605.579622935	0
49	1606.2438540699	0
50	1606.7498152276	0
51	1607.2853387336	0
52	1607.9657749319	0
53	1608.5348420884	0
54	1609.1151916588	0
55	1609.6102625703	0
56	1610.1900385369	0
57	1610.7455974721	0
58	1611.333471272	0
59	1611.9590682693	0
60	1612.5303002766	0
61	1613.085733314	0
62	1613.62799927	0
63	1614.1418846871	0
64	1614.6125950876	0
65	1615.1952440658	0
66	1615.734933636	0
67	1616.2662928098	0
68	1616.7240572403	0
69	1617.1946354825	0
70	1617.6285562261	0
71	1618.03363845	0
72	1618.4851495703	0
73	1618.8862453393	0
74	1619.3845911669	0
75	1619.752646311	0
76	1620.1351448518	0
77	1620.5217694831	0
78	1620.8608228181	0
79	1621.1723277594	0
80	1621.5122411818	0
81	1621.8868909629	0
82	1622.2233267249	0
83	1622.6214608988	0
84	1622.9385097492	0
85	1623.1966523697	0
86	1623.5047150352	0
828
# a b m n err i ip iperr k r rhoa u valid 
1	4	2	3	5.00000000000000e-02	0.00000000000000e+00	0.00000000000000e+00	0.00000000000000e+00	6.37658193026522e+00	0.00000000000000e+00	5.95353439092647e+02	0.00000000000000e+00	1
2	5	3	4	5.00000000000000e-02	0.00000000000000e+00	0.00000000000000e+00	0.00000000000000e+00	6.44485213767894e+00	0.00000000000000e+00	6.27069793423276e+02	0.00000000000000e+00	1
3	6	4	5	5.00000000000000e-02	0.00000000000000e+00	0.00000000000000e+00	0.00000000000000e+00	6.40093195668446e+00	0.00000000000000e+00	6.22518276957717e+02	0.00000000000000e+00	1
4	7	5	6	5.00000000000000e-02	0.00000000000000e+00	0.00000000000000e+00	0.00000000000000e+00	6.41936795268404e+00	0.00000000000000e+00	5.59177963209402e+02	0.00000000000000e+00	1
5	8	6	7	5.00000000000000e-02	0.00000000000000e+00	0.00000000000000e+00	0.00000000000000e+00	6.39365590878686e+00	0.00000000000000e+00	5.70437356723470e+02	0.00000000000000e+00	1
6	9	7	8	5.00000000000000e-02	0.00000000000000e+00	0.00000000000000e+00	0.00000000000000e+00	6.52705406157310e+00	0.00000000000000e+00	5.37669788182315e+02	0.00000000000000e+00	1
7	10	8	9	5.00000000000000e-02	0.00000000000000e+00	0.00000000000000e+00	0.00000000000000e+00	6.42519347150228e+00	0.00000000000000e+00	5.32591243925544e+02	0.00000000000000e+00	1
8	11	9	10	5.00000000000000e-02	0.00000000000000e+00	0.00000000000000e+00	0.00000000000000e+00	6.43810005624512e+00	0.00000000000000e+00	6.23424481080317e+02	0.00000000000000e+00	1
9	12	10	11	5.00000000000000e-02	0.00000000000000e+00	0.00000000000000e+00	0.00000000000000e+00	6.50536571136670e+00	0.00000000000000e+00	6.12554260205115e+02	0.00000000000000e+00	1
10	13	11	12	5.00000000000000e-02	0.00000000000000e+00	0.00000000000000e+00	0.00000000000000e+00	6.46194929005950e+00	0.00000000000000e+00	5.71108320354399e+02	0.00000000000000e+00	1
11	14	12	13	5.00000000000000e-02	0.00000000000000e+00	0.00000000000000e+00	0.00000000000000e+00	6.51114025975022e+00	0.00000000000000e+00	6.10957495576494e+02	0.00000000000000e+00	1
12	15	13	14	5.00000000000000e-02	0.00000000000000e+00	0.00000000000000e+00	0.00000000000000e+00	6.46942211728359e+00	0.00000000000000e+00	5.79680600649118e+02	0.00000000000000e+00	1
13	16	14	15	5.00000000000000e-02	0.00000000000000e+00	0.00000000000000e+00	0.00000000000000e+00	6.57644658572323e+00	0.00000000000000e+00	6.48269523736573e+02	0.00000000000000e+00	1
14	17	15	16	5.00000000000000e-02	0.00000000000000e+00	0.00000000000000e+00	0.00000000000000e+00	6.49269667412989e+00	0.00000000000000e+00	5.54196133914862e+02	0.00000000000000e+00	1
15	18	16	17	5.00000000000000e-02	0.00000000000000e+00	0.00000000000000e+00	0.00000000000000e+00	6.53444923652868e+00	0.00000000000000e+00	6.26924438708449e+02	0.00000000000000e+00	1
16	19	17	18	5.00000000000000e-02	0.00000000000000e+00	0.00000000000000e+00	0.00000000000000e+00	6.62161599247115e+00	0.00000000000000e+00	5.37742808931918e+02	0.00000000000000e+00	1
17	20	18	19	5.00000000000000e-02	0.00000000000000e+00	0.00000000000000e+00	0.00000000000000e+00	6.62009361526636e+00	0.00000000000000e+00	5.38321914354293e+02	0.00000000000000e+00	1
18	21	19	20	5.00000000000000e-02	0.00000000000000e+00	0.00000000000000e+00	0.00000000000000e+00	6.63389764068563e+00	0.00000000000000e+00	5.33995642887606e+02	0.00000000000000e+00	1
19	22	20	21	5.00000000000000e-02	0.00000000000000e+00	0.00000000000000e+00	0.00000000000000e+00	6.63946449113953e+00	0.00000000000000e+00	5.23602680536033e+02	0.00000000000000e+00	1
20	23	21	22	5.00000000000000e-02	0.00000000000000e+00	0.00000000000000e+00	0.00000000000000e+00	6.71517835511151e+00	0.00000000000000e+00	5.21547550970613e+02	0.00000000000000e+00	1
21	24	22	23	5.00000000000000e-02	0.00000000000000e+00	0.00000000000000e+00	0.00000000000000e+00	6.56699230531933e+00	0.00000000000000e+00	5.23128901181372e+02	0.00000000000000e+00	1
22	25	23	24	5.00000000000000e-02	0.00000000000000e+00	0.00000000000000e+00	0.00000000000000e+00	6.66963895470413e+00	0.00000000000000e+00	5.16986815599918e+02	0.00000000000000e+00	1
23	26	24	25	5.00000000000000e-02	0.00000000000000e+00	0.00000000000000e+00	0.00000000000000e+00	6.65786123787029e+00	0.00000000000000e+00	5.24500251669791e+02	0.00000000000000e+00	1
24	27	25	26	5.00000000000000e-02	0.00000000000000e+00	0.00000000000000e+00	0.00000000000000e+00	6.67589880249908e+00	0.00000000000000e+00	5.58823905210148e+02	0.00000000000000e+00	1
25	28	26	27	5.00000000000000e-02	0.00000000000000e+00	0.00000000000000e+00	0.00000000000000e+00	6.85464674103231e+00	0.00000000000000e+00	4.70705294291276e+02	0.00000000000000e+00	1
26	29	27	28	5.00000000000000e-02	0.00000000000000e+00	0.00000000000000e+00	0.00000000000000e+00	6.70039155564159e+00	0.00000000000000e+00	5.25454987417015e+02	0.00000000000000e+00	1
27	30	28	29	5.00000000000000e-02	0.00000000000000e+00	0.00000000000000e+00	0.00000000000000e+00	6.90563625554551e+00	0.00000000000000e+00	4.92575640448241e+02	0.00000000000000e+00	1
28	31	29	30	5.00000000000000e-02	0.00000000000000e+00	0.00000000000000e+00	0.00000000000000e+00	6.66290735240662e+00	0.00000000000000e+00	5.11555473165535e+02	0.00000000000000e+00	1
29	32	30	31	5.00000000000000e-02	0.00000000000000e+00	0.00000000000000e+00	0.00000000000000e+00	6.79594543735803e+00	0.00000000000000e+00	5.76358603255778e+02	0.00000000000000e+00	1
30	33	31	32	5.00000000000000e-02	0.00000000000000e+00	0.00000000000000e+00	0.00000000000000e+00	6.40928689301624e+00	0.00000000000000e+00	5.13564002222235e+02	0.00000000000000e+00	1
31	34	32	33	5.00000000000000e-02	0.00000000000000e+00	0.00000000000000e+00	0.00000000000000e+00	7.07292262246857e+00	0.00000000000000e+00	6.64513474491293e+02	0.00000000000000e+00	1
32	35	33	34	5.00000000000000e-02	0.00000000000000e+00	0.00000000000000e+00	0.00000000000000e+00	6.98747903126892e+00	0.00000000000000e+00	6.14635535853904e+02	0.00000000000000e+00	1
33	36	34	35	5.00000000000000e-02	0.00000000000000e+00	0.00000000000000e+00	0.00000000000000e+00	6.65884401733032e+00	0.00000000000000e+00	5.60914164575824e+02	0.00000000000000e+00	1
34	37	35	36	5.00000000000000e-02	0.00000000000000e+00	0.00000000000000e+00	0.00000000000000e+00	7.48440292751241e+00	0.00000000000000e+00	6.01597309391695e+02	0.00000000000000e+00	1
35	38	36	37	5.00000000000000e-02	0.00000000000000e+00	0.00000000000000e+00	0.00000000000000e+00	7.40645060618626e+00	0.00000000000000e+00	6.72983972442107e+02	0.00000000000000e+00	1
36	39	37	38	5.00000000000000e-02	0.00000000000000e+00	0.00000000000000e+00	0.00000000000000e+00	6.98601850493155e+00	0.00000000000000e+00	6.22861365323722e+02	0.00000000000000e+00	1
37	40	38	39	5.00000000000000e-02	0.00000000000000e+00	0.00000000000000e+00	0.00000000000000e+00	7.53285171014989e+00	0.00000000000000e+00	5.99063914691670e+02	0.00000000000000e+00	1
38	41	39	40	5.00000000000000e-02	0.00000000000000e+00	0.00000000000000e+00	0.00000000000000e+00	7.04842057575081e+00	0.00000000000000e+00	5.50772588474592e+02	0.00000000000000e+00	1
39	42	40	41	5.00000000000000e-02	0.00000000000000e+00	0.00000000000000e+00	0.00000000000000e+00	7.39881231698684e+00	0.00000000000000e+00	5.94236009427266e+02	0.00000000000000e+00	1
40	43	41	42	5.00000000000000e-02	0.00000000000000e+00	0.00000000000000e+00	0.00000000000000e+00	7.01959239173557e+00	0.00000000000000e+00	5.35639309761082e+02	0.00000000000000e+00	1
41	44	42	43	5.00000000000000e-02	0.00000000000000e+00	0.00000000000000e+00	0.00000000000000e+00	7.32055471210891e+00	0.00000000000000e+00	5.21550669325711e+02	0.00000000000000e+00	1
42	45	43	44	5.00000000000000e-02	0.00000000000000e+00	0.00000000000000e+00	0.00000000000000e+00	7.30273448881389e+00	0.00000000000000e+00	5.46681650094589e+02	0.00000000000000e+00	1
43	46	44	45	5.00000000000000e-02	0.00000000000000e+00	0.00000000000000e+00	0.00000000000000e+00	7.19007079687939e+00	0.00000000000000e+00	5.67996668441145e+02	0.00000000000000e+00	1
44	47	45	46	5.00000000000000e-02	0.00000000000000e+00	0.00000000000000e+00	0.00000000000000e+00	7.32908616858411e+00	0.00000000000000e+00	6.02006261520161e+02	0.00000000000000e+00	1
45	48	46	47	5.00000000000000e-02	0.00000000000000e+00	0.00000000000000e+00	0.00000000000000e+00	7.19365398459568e+00	0.00000000000000e+00	5.40537895096209e+02	0.00000000000000e+00	1
46	49	47	48	5.00000000000000e-02	0.00000000000000e+00	0.00000000000000e+00	0.00000000000000e+00	7.11430240700183e+00	0.00000000000000e+00	4.78672933988008e+02	0.00000000000000e+00	1
47	50	48	49	5.00000000000000e-02	0.00000000000000e+00	0.00000000000000e+00	0.00000000000000e+00	7.03507838559622e+00	0.00000000000000e+00	5.59547702657824e+02	0.00000000000000e+00	1
48	51	49	50	5.00000000000000e-02	0.00000000000000e+00	0.00000000000000e+00	0.00000000000000e+00	7.28494638616566e+00	0.00000000000000e+00	5.88486413321931e+02	0.00000000000000e+00	1
49	52	50	51	5.00000000000000e-02	0.00000000000000e+00	0.00000000000000e+00	0.00000000000000e+00	6.93227139360549e+00	0.00000000000000e+00	5.93092207036129e+02	0.00000000000000e+00	1
50	53	51	52	5.00000000000000e-02	0.00000000000000e+00	0.00000000000000e+00	0.00000000000000e+00	7.21954922437080e+00	0.00000000000000e+00	5.30449026463001e+02	0.00000000000000e+00	1
51	54	52	53	5.00000000000000e-02	0.00000000000000e+00	0.00000000000000e+00	0.00000000000000e+00	6.97882678771610e+00	0.00000000000000e+00	5.97006071919679e+02	0.00000000000000e+00	1
52	55	53	54	5.00000000000000e-02	0.00000000000000e+00	0.00000000000000e+00	0.00000000000000e+00	7.09011568001920e+00	0.00000000000000e+00	5.83255463122641e+02	0.00000000000000e+00	1
53	56	54	55	5.00000000000000e-02	0.00000000000000e+00	0.00000000000000e+00	0.00000000000000e+00	6.84801785116446e+00	0.00000000000000e+00	5.74451041758061e+02	0.00000000000000e+00	1
54	57	55	56	5.00000000000000e-02	0.00000000000000e+00	0.00000000000000e+00	0.00000000000000e+00	6.86674769432960e+00	0.00000000000000e+00	5.59253243891336e+02	0.00000000000000e+00	1
55	58	56	57	5.00000000000000e-02	0.00000000000000e+00	0.00000000000000e+00	0.00000000000000e+00	6.91925121450501e+00	0.00000000000000e+00	6.24017180847103e+02	0.00000000000000e+00	1
56	59	57	58	5.00000000000000e-02	0.00000000000000e+00	0.00000000000000e+00	0.00000000000000e+00	6.71709975014970e+00	0.00000000000000e+00	6.18505882657966e+02	0.00000000000000e+00	1
57	60	58	59	5.00000000000000e-02	0.00000000000000e+00	0.00000000000000e+00	0.00000000000000e+00	7.05606222124478e+00	0.00000000000000e+00	6.12843172016401e+02	0.00000000000000e+00	1
58	61	59	60	5.00000000000000e-02	0.00000000000000e+00	0.00000000000000e+00	0.00000000000000e+00	6.60156830580367e+00	0.00000000000000e+00	5.83816723781603e+02	0.00000000000000e+00	1
59	62	60	61	5.00000000000000e-02	0.00000000000000e+00	0.00000000000000e+00	0.00000000000000e+00	6.96504155269635e+00	0.00000000000000e+00	5.57058225969612e+02	0.00000000000000e+00	1
60	63	61	62	5.00000000000000e-02	0.00000000000000e+00	0.00000000000000e+00	0.00000000000000e+00	6.71016985535849e+00	0.00000000000000e+00	5.61184923911981e+02	0.00000000000000e+00	1
61	64	62	63	5.00000000000000e-02	0.00000000000000e+00	0.00000000000000e+00	0.00000000000000e+00	6.65342213777378e+00	0.00000000000000e+00	6.15124686385081e+02	0.00000000000000e+00	1
62	65	63	64	5.00000000000000e-02	0.00000000000000e+00	0.00000000000000e+00	0.00000000000000e+00	6.67025087999708e+00	0.00000000000000e+00	6.32852490111762e+02	0.00000000000000e+00	1
63	66	64	65	5.00000000000000e-02	0.00000000000000e+00	0.00000000000000e+00	0.00000000000000e+00	6.66334563062040e+00	0.00000000000000e+00	6.13987324642889e+02	0.00000000000000e+00	1
64	67	65	66	5.00000000000000e-02	0.00000000000000e+00	0.00000000000000e+00	0.00000000000000e+00	6.64944382849763e+00	0.00000000000000e+00	6.88610442245723e+02	0.00000000000000e+00	1
65	68	66	67	5.00000000000000e-02	0.00000000000000e+00	0.00000000000000e+00	0.00000000000000e+00	6.59558047398239e+00	0.00000000000000e+00	5.88996758395975e+02	0.00000000000000e+00	1
66	69	67	68	5.00000000000000e-02	0.00000000000000e+00	0.00000000000000e+00	0.00000000000000e+00	6.79221672116468e+00	0.00000000000000e+00	6.13155577279688e+02	0.00000000000000e+00	1
67	70	68	69	5.00000000000000e-02	0.00000000000000e+00	0.00000000000000e+00	0.00000000000000e+00	6.53894655989902e+00	0.00000000000000e+00	6.25646969493062e+02	0.00000000000000e+00	1
68	71	69	70	5.00000000000000e-02	0.00000000000000e+00	0.00000000000000e+00	0.00000000000000e+00	6.64180407788749e+00	0.00000000000000e+00	5.57086652078354e+02	0.00000000000000e+00	1
69	72	70	71	5.00000000000000e-02	0.00000000000000e+00	0.00000000000000e+00	0.00000000000000e+00	6.63271695983180e+00	0.00000000000000e+00	6.37837982124714e+02	0.00000000000000e+00	1
1	7	3	5	5.00000000000000e-02	0.00000000000000e+00	0.00000000000000e+00	0.00000000000000e+00	1.29522454008550e+01	0.00000000000000e+00	6.52917835221612e+02	0.00000000000000e+00	1
2	8	4	6	5.00000000000000e-02	0.00000000000000e+00	0.00000000000000e+00	0.00000000000000e+00	1.27772517864704e+01	0.00000000000000e+00	6.64816717969954e+02	0.00000000000000e+00	1
3	9	5	7	5.00000000000000e-02	0.00000000000000e+00	0.00000000000000e+00	0.00000000000000e+00	1.27564325999066e+01	0.00000000000000e+00	6.08250868605738e+02	0.00000000000000e+00	1
4	10	6	8	5.00000000000000e-02	0.00000000000000e+00	0.00000000000000e+00	0.00000000000000e+00	1.29751751870607e+01	0.00000000000000e+00	6.77189745060896e+02	0.00000000000000e+00	1
5	11	7	9	5.00000000000000e-02	0.00000000000000e+00	0.00000000000000e+00	0.00000000000000e+00	1.29577023758370e+01	0.00000000000000e+00	5.93867871681370e+02	0.00000000000000e+00	1
6	12	8	10	5.00000000000000e-02	0.00000000000000e+00	0.00000000000000e+00	0.00000000000000e+00	1.27870884049875e+01	0.00000000000000e+00	6.36022401758513e+02	0.00000000000000e+00	1
7	13	9	11	5.00000000000000e-02	0.00000000000000e+00	0.00000000000000e+00	0.00000000000000e+00	1.28714039884436e+01	0.00000000000000e+00	6.03631746563963e+02	0.00000000000000e+00	1
8	14	10	12	5.00000000000000e-02	0.00000000000000e+00	0.00000000000000e+00	0.00000000000000e+00	1.30906731813582e+01	0.00000000000000e+00	6.10898597737984e+02	0.00000000000000e+00	1
9	15	11	13	5.00000000000000e-02	0.00000000000000e+00	0.00000000000000e+00	0.00000000000000e+00	1.30425179696987e+01	0.00000000000000e+00	5.92785523126294e+02	0.00000000000000e+00	1
10	16	12	14	5.00000000000000e-02	0.00000000000000e+00	0.00000000000000e+00	0.00000000000000e+00	1.29459696604423e+01	0.00000000000000e+00	6.75952953018702e+02	0.00000000000000e+00	1
11	17	13	15	5.00000000000000e-02	0.00000000000000e+00	0.00000000000000e+00	0.00000000000000e+00	1.29664155157668e+01	0.00000000000000e+00	6.65033977224741e+02	0.00000000000000e+00	1
12	18	14	16	5.00000000000000e-02	0.00000000000000e+00	0.00000000000000e+00	0.00000000000000e+00	1.30015540557001e+01	0.00000000000000e+00	6.69652477183479e+02	0.00000000000000e+00	1
13	19	15	17	5.00000000000000e-02	0.00000000000000e+00	0.00000000000000e+00	0.00000000000000e+00	1.31174265082936e+01	0.00000000000000e+00	7.04357217089821e+02	0.00000000000000e+00	1
14	20	16	18	5.00000000000000e-02	0.00000000000000e+00	0.00000000000000e+00	0.00000000000000e+00	1.33500536465494e+01	0.00000000000000e+00	6.09453077599807e+02	0.00000000000000e+00	1
15	21	17	19	5.00000000000000e-02	0.00000000000000e+00	0.00000000000000e+00	0.00000000000000e+00	1.33300291080853e+01	0.00000000000000e+00	6.51541726776516e+02	0.00000000000000e+00	1
16	22	18	20	5.00000000000000e-02	0.00000000000000e+00	0.00000000000000e+00	0.00000000000000e+00	1.30130293718535e+01	0.00000000000000e+00	6.68414509978205e+02	0.00000000000000e+00	1
17	23	19	21	5.00000000000000e-02	0.00000000000000e+00	0.00000000000000e+00	0.00000000000000e+00	1.30195919155040e+01	0.00000000000000e+00	6.94631977285479e+02	0.00000000000000e+00	1
18	24	20	22	5.00000000000000e-02	0.00000000000000e+00	0.00000000000000e+00	0.00000000000000e+00	1.33426684123455e+01	0.00000000000000e+00	7.04089485686323e+02	0.00000000000000e+00	1
19	25	21	23	5.00000000000000e-02	0.00000000000000e+00	0.00000000000000e+00	0.00000000000000e+00	1.34688755133346e+01	0.00000000000000e+00	6.84549269504370e+02	0.00000000000000e+00	1
20	26	22	24	5.00000000000000e-02	0.00000000000000e+00	0.00000000000000e+00	0.00000000000000e+00	1.33779336547730e+01	0.00000000000000e+00	6.76709801572606e+02	0.00000000000000e+00	1
21	27	23	25	5.00000000000000e-02	0.00000000000000e+00	0.00000000000000e+00	0.00000000000000e+00	1.33171198846967e+01	0.00000000000000e+00	6.87307580342121e+02	0.00000000000000e+00	1
22	28	24	26	5.00000000000000e-02	0.00000000000000e+00	0.00000000000000e+00	0.00000000000000e+00	1.34133517250282e+01	0.00000000000000e+00	7.05312288739373e+02	0.00000000000000e+00	1
23	29	25	27	5.00000000000000e-02	0.00000000000000e+00	0.00000000000000e+00	0.00000000000000e+00	1.35229240572988e+01	0.00000000000000e+00	6.88359382433382e+02	0.00000000000000e+00	1
24	30	26	28	5.00000000000000e-02	0.00000000000000e+00	0.00000000000000e+00	0.00000000000000e+00	1.35102852396690e+01	0.00000000000000e+00	7.77703166682143e+02	0.00000000000000e+00	1
25	31	27	29	5.00000000000000e-02	0.00000000000000e+00	0.00000000000000e+00	0.00000000000000e+00	1.33398395413603e+01	0.00000000000000e+00	7.55442514540234e+02	0.00000000000000e+00	1
26	32	28	30	5.00000000000000e-02	0.00000000000000e+00	0.00000000000000e+00	0.00000000000000e+00	1.33032976164243e+01	0.00000000000000e+00	7.88507784442163e+02	0.00000000000000e+00	1
27	33	29	31	5.00000000000000e-02	0.00000000000000e+00	0.00000000000000e+00	0.00000000000000e+00	1.31435970295987e+01	0.00000000000000e+00	7.71727389945695e+02	0.00000000000000e+00	1
28	34	30	32	5.00000000000000e-02	0.00000000000000e+00	0.00000000000000e+00	0.00000000000000e+00	1.33992677626706e+01	0.00000000000000e+00	7.43467021476753e+02	0.00000000000000e+00	1
29	35	31	33	5.00000000000000e-02	0.00000000000000e+00	0.00000000000000e+00	0.00000000000000e+00	1.49855446162498e+01	0.00000000000000e+00	1.06922549755391e+03	0.00000000000000e+00	1
30	36	32	34	5.00000000000000e-02	0.00000000000000e+00	0.00000000000000e+00	0.00000000000000e+00	1.48703907839033e+01	0.00000000000000e+00	1.07138894298038e+03	0.00000000000000e+00	1
31	37	33	35	5.00000000000000e-02	0.00000000000000e+00	0.00000000000000e+00	0.00000000000000e+00	1.34596049619175e+01	0.00000000000000e+00	9.58364904563590e+02	0.00000000000000e+00	1
32	38	34	36	5.00000000000000e-02	0.00000000000000e+00	0.00000000000000e+00	0.00000000000000e+00	1.33347256728800e+01	0.00000000000000e+00	8.34852211545670e+02	0.00000000000000e+00	1
33	39	35	37	5.00000000000000e-02	0.00000000000000e+00	0.00000000000000e+00	0.00000000000000e+00	1.47479859006088e+01	0.00000000000000e+00	9.09654161318941e+02	0.00000000000000e+00	1
34	40	36	38	5.00000000000000e-02	0.00000000000000e+00	0.00000000000000e+00	0.00000000000000e+00	1.44383067381566e+01	0.00000000000000e+00	8.93688875085600e+02	0.00000000000000e+00	1
35	41	37	39	5.00000000000000e-02	0.00000000000000e+00	0.00000000000000e+00	0.00000000000000e+00	1.39388619712534e+01	0.00000000000000e+00	8.53099750288713e+02	0.00000000000000e+00	1
36	42	38	40	5.00000000000000e-02	0.00000000000000e+00	0.00000000000000e+00	0.00000000000000e+00	1.44780954904048e+01	0.00000000000000e+00	8.95196776092058e+02	0.00000000000000e+00	1
37	43	39	41	5.00000000000000e-02	0.00000000000000e+00	0.00000000000000e+00	0.00000000000000e+00	1.48215084854219e+01	0.00000000000000e+00	7.26720131751015e+02	0.00000000000000e+00	1
38	44	40	42	5.00000000000000e-02	0.00000000000000e+00	0.00000000000000e+00	0.00000000000000e+00	1.45966876440316e+01	0.00000000000000e+00	7.86450895699553e+02	0.00000000000000e+00	1
39	45	41	43	5.00000000000000e-02	0.00000000000000e+00	0.00000000000000e+00	0.00000000000000e+00	1.44954675478196e+01	0.00000000000000e+00	7.52766395044034e+02	0.00000000000000e+00	1
40	46	42	44	5.00000000000000e-02	0.00000000000000e+00	0.00000000000000e+00	0.00000000000000e+00	1.44421145525629e+01	0.00000000000000e+00	8.32305874841486e+02	0.00000000000000e+00	1
41	47	43	45	5.00000000000000e-02	0.00000000000000e+00	0.00000000000000e+00	0.00000000000000e+00	1.43095191859289e+01	0.00000000000000e+00	7.14290948380919e+02	0.00000000000000e+00	1
42	48	44	46	5.00000000000000e-02	0.00000000000000e+00	0.00000000000000e+00	0.00000000000000e+00	1.42880216158563e+01	0.00000000000000e+00	7.29009178895683e+02	0.00000000000000e+00	1
43	49	45	47	5.00000000000000e-02	0.00000000000000e+00	0.00000000000000e+00	0.00000000000000e+00	1.44649437205005e+01	0.00000000000000e+00	7.17435213519095e+02	0.00000000000000e+00	1
44	50	46	48	5.00000000000000e-02	0.00000000000000e+00	0.00000000000000e+00	0.00000000000000e+00	1.43116278215404e+01	0.00000000000000e+00	7.26641465472934e+02	0.00000000000000e+00	1
45	51	47	49	5.00000000000000e-02	0.00000000000000e+00	0.00000000000000e+00	0.00000000000000e+00	1.43634742491349e+01	0.00000000000000e+00	6.06272014535448e+02	0.00000000000000e+00	1
46	52	48	50	5.00000000000000e-02	0.00000000000000e+00	0.00000000000000e+00	0.00000000000000e+00	1.45642119964446e+01	0.00000000000000e+00	6.38625821366580e+02	0.00000000000000e+00	1
47	53	49	51	5.00000000000000e-02	0.00000000000000e+00	0.00000000000000e+00	0.00000000000000e+00	1.42479846068277e+01	0.00000000000000e+00	7.52914477078248e+02	0.00000000000000e+00	1
48	54	50	52	5.00000000000000e-02	0.00000000000000e+00	0.00000000000000e+00	0.00000000000000e+00	1.38246421516457e+01	0.00000000000000e+00	6.91976893230642e+02	0.00000000000000e+00	1
49	55	51	53	5.00000000000000e-02	0.00000000000000e+00	0.00000000000000e+00	0.00000000000000e+00	1.39161180539766e+01	0.00000000000000e+00	6.55186763408841e+02	0.00000000000000e+00	1
50	56	52	54	5.00000000000000e-02	0.00000000000000e+00	0.00000000000000e+00	0.00000000000000e+00	1.41333348973890e+01	0.00000000000000e+00	6.48780282899126e+02	0.00000000000000e+00	1
51	57	53	55	5.00000000000000e-02	0.00000000000000e+00	0.00000000000000e+00	0.00000000000000e+00	1.39764922254810e+01	0.00000000000000e+00	6.91546166281524e+02	0.00000000000000e+00	1
52	58	54	56	5.00000000000000e-02	0.00000000000000e+00	0.00000000000000e+00	0.00000000000000e+00	1.38690036882579e+01	0.00000000000000e+00	6.69449518832736e+02	0.00000000000000e+00	1
53	59	55	57	5.00000000000000e-02	0.00000000000000e+00	0.00000000000000e+00	0.00000000000000e+00	1.38230595031639e+01	0.00000000000000e+00	6.43852043054772e+02	0.00000000000000e+00	1
54	60	56	58	5.00000000000000e-02	0.00000000000000e+00	0.00000000000000e+00	0.00000000000000e+00	1.38436771743688e+01	0.00000000000000e+00	6.36010495281924e+02	0.00000000000000e+00	1
55	61	57	59	5.00000000000000e-02	0.00000000000000e+00	0.00000000000000e+00	0.00000000000000e+00	1.36612092058795e+01	0.00000000000000e+00	6.86591665998447e+02	0.00000000000000e+00	1
56	62	58	60	5.00000000000000e-02	0.00000000000000e+00	0.00000000000000e+00	0.00000000000000e+00	1.34337008252632e+01	0.00000000000000e+00	5.98954833456307e+02	0.00000000000000e+00	1
57	63	59	61	5.00000000000000e-02	0.00000000000000e+00	0.00000000000000e+00	0.00000000000000e+00	1.34965861431766e+01	0.00000000000000e+00	6.39491930739262e+02	0.00000000000000e+00	1
58	64	60	62	5.00000000000000e-02	0.00000000000000e+00	0.00000000000000e+00	0.00000000000000e+00	1.36478742079956e+01	0.00000000000000e+00	6.30070207106412e+02	0.00000000000000e+00	1
59	65	61	63	5.00000000000000e-02	0.00000000000000e+00	0.00000000000000e+00	0.00000000000000e+00	1.34464854921858e+01	0.00000000000000e+00	6.53861294888076e+02	0.00000000000000e+00	1
60	66	62	64	5.00000000000000e-02	0.00000000000000e+00	0.00000000000000e+00	0.00000000000000e+00	1.32943993393479e+01	0.00000000000000e+00	6.47706044201335e+02	0.00000000000000e+00	1
61	67	63	65	5.00000000000000e-02	0.00000000000000e+00	0.00000000000000e+00	0.00000000000000e+00	1.35026469362246e+01	0.00000000000000e+00	5.99295478343316e+02	0.00000000000000e+00	1
62	68	64	66	5.00000000000000e-02	0.00000000000000e+00	0.00000000000000e+00	0.00000000000000e+00	1.34228943962796e+01	0.00000000000000e+00	6.53323709103087e+02	0.00000000000000e+00	1
63	69	65	67	5.00000000000000e-02	0.00000000000000e+00	0.00000000000000e+00	0.00000000000000e+00	1.32788819459056e+01	0.00000000000000e+00	6.41306412670654e+02	0.00000000000000e+00	1
64	70	66	68	5.00000000000000e-02	0.00000000000000e+00	0.00000000000000e+00	0.00000000000000e+00	1.32529963474022e+01	0.00000000000000e+00	6.25262891163444e+02	0.00000000000000e+00	1
65	71	67	69	5.00000000000000e-02	0.00000000000000e+00	0.00000000000000e+00	0.00000000000000e+00	1.31245620535372e+01	0.00000000000000e+00	6.45931692235823e+02	0.00000000000000e+00	1
66	72	68	70	5.00000000000000e-02	0.00000000000000e+00	0.00000000000000e+00	0.00000000000000e+00	1.31271278923219e+01	0.00000000000000e+00	6.82511598415059e+02	0.00000000000000e+00	1
1	10	4	7	5.00000000000000e-02	0.00000000000000e+00	0.00000000000000e+00	0.00000000000000e+00	1.92721569381568e+01	0.00000000000000e+00	6.17170572837650e+02	0.00000000000000e+00	1
2	11	5	8	5.00000000000000e-02	0.00000000000000e+00	0.00000000000000e+00	0.00000000000000e+00	1.93127939431305e+01	0.00000000000000e+00	6.39975608192475e+02	0.00000000000000e+00	1
3	12	6	9	5.00000000000000e-02	0.00000000000000e+00	0.00000000000000e+00	0.00000000000000e+00	1.92774385131560e+01	0.00000000000000e+00	7.21101434918555e+02	0.00000000000000e+00	1
4	13	7	10	5.00000000000000e-02	0.00000000000000e+00	0.00000000000000e+00	0.00000000000000e+00	1.93154257090789e+01	0.00000000000000e+00	6.91770932887672e+02	0.00000000000000e+00	1
5	14	8	11	5.00000000000000e-02	0.00000000000000e+00	0.00000000000000e+00	0.00000000000000e+00	1.93514152561290e+01	0.00000000000000e+00	6.57099146509146e+02	0.00000000000000e+00	1
6	15	9	12	5.00000000000000e-02	0.00000000000000e+00	0.00000000000000e+00	0.00000000000000e+00	1.94521099373675e+01	0.00000000000000e+00	7.14115437041668e+02	0.00000000000000e+00	1
7	16	10	13	5.00000000000000e-02	0.00000000000000e+00	0.00000000000000e+00	0.00000000000000e+00	1.95628225056815e+01	0.00000000000000e+00	6.92891410384246e+02	0.00000000000000e+00	1
8	17	11	14	5.00000000000000e-02	0.00000000000000e+00	0.00000000000000e+00	0.00000000000000e+00	1.95224021748782e+01	0.00000000000000e+00	7.26204974274184e+02	0.00000000000000e+00	1
9	18	12	15	5.00000000000000e-02	0.00000000000000e+00	0.00000000000000e+00	0.00000000000000e+00	1.94466618534594e+01	0.00000000000000e+00	7.19597820145188e+02	0.00000000000000e+00	1
10	19	13	16	5.00000000000000e-02	0.00000000000000e+00	0.00000000000000e+00	0.00000000000000e+00	1.94491651510439e+01	0.00000000000000e+00	7.35736585697287e+02	0.00000000000000e+00	1
11	20	14	17	5.00000000000000e-02	0.00000000000000e+00	0.00000000000000e+00	0.00000000000000e+00	1.97284025878390e+01	0.00000000000000e+00	6.92580134482563e+02	0.00000000000000e+00	1
12	21	15	18	5.00000000000000e-02	0.00000000000000e+00	0.00000000000000e+00	0.00000000000000e+00	1.99573993841894e+01	0.00000000000000e+00	7.48885886436067e+02	0.00000000000000e+00	1
13	22	16	19	5.00000000000000e-02	0.00000000000000e+00	0.00000000000000e+00	0.00000000000000e+00	1.99025595250156e+01	0.00000000000000e+00	6.84075210282154e+02	0.00000000000000e+00	1
14	23	17	20	5.00000000000000e-02	0.00000000000000e+00	0.00000000000000e+00	0.00000000000000e+00	1.96586352619962e+01	0.00000000000000e+00	8.32593124998279e+02	0.00000000000000e+00	1
15	24	18	21	5.00000000000000e-02	0.00000000000000e+00	0.00000000000000e+00	0.00000000000000e+00	1.94806432310690e+01	0.00000000000000e+00	8.60604422058149e+02	0.00000000000000e+00	1
16	25	19	22	5.00000000000000e-02	0.00000000000000e+00	0.00000000000000e+00	0.00000000000000e+00	1.96611100713262e+01	0.00000000000000e+00	7.98627097267473e+02	0.00000000000000e+00	1
17	26	20	23	5.00000000000000e-02	0.00000000000000e+00	0.00000000000000e+00	0.00000000000000e+00	1.99686664585642e+01	0.00000000000000e+00	8.69335883731118e+02	0.00000000000000e+00	1
18	27	21	24	5.00000000000000e-02	0.00000000000000e+00	0.00000000000000e+00	0.00000000000000e+00	2.02672660035925e+01	0.00000000000000e+00	8.37387747998812e+02	0.00000000000000e+00	1
19	28	22	25	5.00000000000000e-02	0.00000000000000e+00	0.00000000000000e+00	0.00000000000000e+00	2.02929949333392e+01	0.00000000000000e+00	8.14375392075061e+02	0.00000000000000e+00	1
20	29	23	26	5.00000000000000e-02	0.00000000000000e+00	0.00000000000000e+00	0.00000000000000e+00	2.02146396445930e+01	0.00000000000000e+00	8.88060025207354e+02	0.00000000000000e+00	1
21	30	24	27	5.00000000000000e-02	0.00000000000000e+00	0.00000000000000e+00	0.00000000000000e+00	2.02118033352632e+01	0.00000000000000e+00	9.21818470479883e+02	0.00000000000000e+00	1
22	31	25	28	5.00000000000000e-02	0.00000000000000e+00	0.00000000000000e+00	0.00000000000000e+00	2.00029926696509e+01	0.00000000000000e+00	9.61018003597685e+02	0.00000000000000e+00	1
23	32	26	29	5.00000000000000e-02	0.00000000000000e+00	0.00000000000000e+00	0.00000000000000e+00	1.98853026180447e+01	0.00000000000000e+00	9.60928084480970e+02	0.00000000000000e+00	1
24	33	27	30	5.00000000000000e-02	0.00000000000000e+00	0.00000000000000e+00	0.00000000000000e+00	1.93925002630392e+01	0.00000000000000e+00	9.51067398419089e+02	0.00000000000000e+00	1
25	34	28	31	5.00000000000000e-02	0.00000000000000e+00	0.00000000000000e+00	0.00000000000000e+00	1.93641669517100e+01	0.00000000000000e+00	8.68305176224299e+02	0.00000000000000e+00	1
26	35	29	32	5.00000000000000e-02	0.00000000000000e+00	0.00000000000000e+00	0.00000000000000e+00	2.08258754825031e+01	0.00000000000000e+00	1.10256992477545e+03	0.00000000000000e+00	1
27	36	30	33	5.00000000000000e-02	0.00000000000000e+00	0.00000000000000e+00	0.00000000000000e+00	2.26564530388226e+01	0.00000000000000e+00	1.22627650715912e+03	0.00000000000000e+00	1
28	37	31	34	5.00000000000000e-02	0.00000000000000e+00	0.00000000000000e+00	0.00000000000000e+00	2.28043778172923e+01	0.00000000000000e+00	1.32647235619435e+03	0.00000000000000e+00	1
29	38	32	35	5.00000000000000e-02	0.00000000000000e+00	0.00000000000000e+00	0.00000000000000e+00	2.21745800945513e+01	0.00000000000000e+00	1.34277946949219e+03	0.00000000000000e+00	1
30	39	33	36	5.00000000000000e-02	0.00000000000000e+00	0.00000000000000e+00	0.00000000000000e+00	2.09505494322458e+01	0.00000000000000e+00	1.07886484310736e+03	0.00000000000000e+00	1
31	40	34	37	5.00000000000000e-02	0.00000000000000e+00	0.00000000000000e+00	0.00000000000000e+00	2.00001518165744e+01	0.00000000000000e+00	9.22347081934827e+02	0.00000000000000e+00	1
32	41	35	38	5.00000000000000e-02	0.00000000000000e+00	0.00000000000000e+00	0.00000000000000e+00	2.02087682186056e+01	0.00000000000000e+00	9.37164085272029e+02	0.00000000000000e+00	1
33	42	36	39	5.00000000000000e-02	0.00000000000000e+00	0.00000000000000e+00	0.00000000000000e+00	2.11851854216881e+01	0.00000000000000e+00	1.11364555631846e+03	0.00000000000000e+00	1
34	43	37	40	5.00000000000000e-02	0.00000000000000e+00	0.00000000000000e+00	0.00000000000000e+00	2.13222468089480e+01	0.00000000000000e+00	9.98559346949416e+02	0.00000000000000e+00	1
35	44	38	41	5.00000000000000e-02	0.00000000000000e+00	0.00000000000000e+00	0.00000000000000e+00	2.18583088002002e+01	0.00000000000000e+00	1.04925871535436e+03	0.00000000000000e+00	1
36	45	39	42	5.00000000000000e-02	0.00000000000000e+00	0.00000000000000e+00	0.00000000000000e+00	2.21042950439421e+01	0.00000000000000e+00	9.99377578769253e+02	0.00000000000000e+00	1
37	46	40	43	5.00000000000000e-02	0.00000000000000e+00	0.00000000000000e+00	0.00000000000000e+00	2.22948005502638e+01	0.00000000000000e+00	1.04462911403612e+03	0.00000000000000e+00	1
38	47	41	44	5.00000000000000e-02	0.00000000000000e+00	0.00000000000000e+00	0.00000000000000e+00	2.16234273939639e+01	0.00000000000000e+00	9.85321139454915e+02	0.00000000000000e+00	1
39	48	42	45	5.00000000000000e-02	0.00000000000000e+00	0.00000000000000e+00	0.00000000000000e+00	2.13867510530379e+01	0.00000000000000e+00	9.43040345611743e+02	0.00000000000000e+00	1
40	49	43	46	5.00000000000000e-02	0.00000000000000e+00	0.00000000000000e+00	0.00000000000000e+00	2.11817261452061e+01	0.00000000000000e+00	9.08913523755556e+02	0.00000000000000e+00	1
41	50	44	47	5.00000000000000e-02	0.00000000000000e+00	0.00000000000000e+00	0.00000000000000e+00	2.12524864228260e+01	0.00000000000000e+00	9.36113688147629e+02	0.00000000000000e+00	1
42	51	45	48	5.00000000000000e-02	0.00000000000000e+00	0.00000000000000e+00	0.00000000000000e+00	2.15711564383323e+01	0.00000000000000e+00	8.15349879378692e+02	0.00000000000000e+00	1
43	52	46	49	5.00000000000000e-02	0.00000000000000e+00	0.00000000000000e+00	0.00000000000000e+00	2.17546773383506e+01	0.00000000000000e+00	7.78480121100648e+02	0.00000000000000e+00	1
44	53	47	50	5.00000000000000e-02	0.00000000000000e+00	0.00000000000000e+00	0.00000000000000e+00	2.19503837256451e+01	0.00000000000000e+00	8.80126354520370e+02	0.00000000000000e+00	1
45	54	48	51	5.00000000000000e-02	0.00000000000000e+00	0.00000000000000e+00	0.00000000000000e+00	2.14089210566039e+01	0.00000000000000e+00	8.06772217245058e+02	0.00000000000000e+00	1
46	55	49	52	5.00000000000000e-02	0.00000000000000e+00	0.00000000000000e+00	0.00000000000000e+00	2.10969605339315e+01	0.00000000000000e+00	8.68192715411690e+02	0.00000000000000e+00	1
47	56	50	53	5.00000000000000e-02	0.00000000000000e+00	0.00000000000000e+00	0.00000000000000e+00	2.06405525441476e+01	0.00000000000000e+00	7.74676394507812e+02	0.00000000000000e+00	1
48	57	51	54	5.00000000000000e-02	0.00000000000000e+00	0.00000000000000e+00	0.00000000000000e+00	2.07934392233793e+01	0.00000000000000e+00	7.32551531946035e+02	0.00000000000000e+00	1
49	58	52	55	5.00000000000000e-02	0.00000000000000e+00	0.00000000000000e+00	0.00000000000000e+00	2.09055865882941e+01	0.00000000000000e+00	7.16381230394940e+02	0.00000000000000e+00	1
50	59	53	56	5.00000000000000e-02	0.00000000000000e+00	0.00000000000000e+00	0.00000000000000e+00	2.11072291851123e+01	0.00000000000000e+00	7.47765736244330e+02	0.00000000000000e+00	1
51	60	54	57	5.00000000000000e-02	0.00000000000000e+00	0.00000000000000e+00	0.00000000000000e+00	2.10907620516928e+01	0.00000000000000e+00	6.93227801218846e+02	0.00000000000000e+00	1
52	61	55	58	5.00000000000000e-02	0.00000000000000e+00	0.00000000000000e+00	0.00000000000000e+00	2.08076748918441e+01	0.00000000000000e+00	6.76844039246896e+02	0.00000000000000e+00	1
53	62	56	59	5.00000000000000e-02	0.00000000000000e+00	0.00000000000000e+00	0.00000000000000e+00	2.06199430025984e+01	0.00000000000000e+00	7.41992793897402e+02	0.00000000000000e+00	1
54	63	57	60	5.00000000000000e-02	0.00000000000000e+00	0.00000000000000e+00	0.00000000000000e+00	2.02114305044298e+01	0.00000000000000e+00	7.43563663580480e+02	0.00000000000000e+00	1
55	64	58	61	5.00000000000000e-02	0.00000000000000e+00	0.00000000000000e+00	0.00000000000000e+00	2.02285403274583e+01	0.00000000000000e+00	6.39432366838348e+02	0.00000000000000e+00	1
56	65	59	62	5.00000000000000e-02	0.00000000000000e+00	0.00000000000000e+00	0.00000000000000e+00	2.00793491850597e+01	0.00000000000000e+00	6.96590839871940e+02	0.00000000000000e+00	1
57	66	60	63	5.00000000000000e-02	0.00000000000000e+00	0.00000000000000e+00	0.00000000000000e+00	2.03057400757613e+01	0.00000000000000e+00	6.90135628649612e+02	0.00000000000000e+00	1
58	67	61	64	5.00000000000000e-02	0.00000000000000e+00	0.00000000000000e+00	0.00000000000000e+00	2.02383977957846e+01	0.00000000000000e+00	6.66513556206212e+02	0.00000000000000e+00	1
59	68	62	65	5.00000000000000e-02	0.00000000000000e+00	0.00000000000000e+00	0.00000000000000e+00	2.03228696539543e+01	0.00000000000000e+00	6.71138449945015e+02	0.00000000000000e+00	1
60	69	63	66	5.00000000000000e-02	0.00000000000000e+00	0.00000000000000e+00	0.00000000000000e+00	2.02720084682147e+01	0.00000000000000e+00	6.39713257992052e+02	0.00000000000000e+00	1
61	70	64	67	5.00000000000000e-02	0.00000000000000e+00	0.00000000000000e+00	0.00000000000000e+00	2.00914582698848e+01	0.00000000000000e+00	6.91935132994601e+02	0.00000000000000e+00	1
62	71	65	68	5.00000000000000e-02	0.00000000000000e+00	0.00000000000000e+00	0.00000000000000e+00	1.98349615961857e+01	0.00000000000000e+00	7.52537946387253e+02	0.00000000000000e+00	1
63	72	66	69	5.00000000000000e-02	0.00000000000000e+00	0.00000000000000e+00	0.00000000000000e+00	1.95856837032567e+01	0.00000000000000e+00	6.89876031071744e+02	0.00000000000000e+00	1
1	13	5	9	5.00000000000000e-02	0.00000000000000e+00	0.00000000000000e+00	0.00000000000000e+00	2.57192170409055e+01	0.00000000000000e+00	6.82567559463776e+02	0.00000000000000e+00	1
2	14	6	10	5.00000000000000e-02	0.00000000000000e+00	0.00000000000000e+00	0.00000000000000e+00	2.57285265318229e+01	0.00000000000000e+00	7.58249541506453e+02	0.00000000000000e+00	1
3	15	7	11	5.00000000000000e-02	0.00000000000000e+00	0.00000000000000e+00	0.00000000000000e+00	2.58250412038450e+01	0.00000000000000e+00	7.34206440235260e+02	0.00000000000000e+00	1
4	16	8	12	5.00000000000000e-02	0.00000000000000e+00	0.00000000000000e+00	0.00000000000000e+00	2.58937109270904e+01	0.00000000000000e+00	8.10842810713845e+02	0.00000000000000e+00	1
5	17	9	13	5.00000000000000e-02	0.00000000000000e+00	0.00000000000000e+00	0.00000000000000e+00	2.59907148896625e+01	0.00000000000000e+00	7.51048341082924e+02	0.00000000000000e+00	1
6	18	10	14	5.00000000000000e-02	0.00000000000000e+00	0.00000000000000e+00	0.00000000000000e+00	2.59759624525006e+01	0.00000000000000e+00	7.30717692149976e+02	0.00000000000000e+00	1
7	19	11	15	5.00000000000000e-02	0.00000000000000e+00	0.00000000000000e+00	0.00000000000000e+00	2.60092580205328e+01	0.00000000000000e+00	7.44649637104625e+02	0.00000000000000e+00	1
8	20	12	16	5.00000000000000e-02	0.00000000000000e+00	0.00000000000000e+00	0.00000000000000e+00	2.61512729091075e+01	0.00000000000000e+00	7.86678383938458e+02	0.00000000000000e+00	1
9	21	13	17	5.00000000000000e-02	0.00000000000000e+00	0.00000000000000e+00	0.00000000000000e+00	2.62719924703734e+01	0.00000000000000e+00	8.33900753795049e+02	0.00000000000000e+00	1
10	22	14	18	5.00000000000000e-02	0.00000000000000e+00	0.00000000000000e+00	0.00000000000000e+00	2.63849713163293e+01	0.00000000000000e+00	9.26631133676021e+02	0.00000000000000e+00	1
11	23	15	19	5.00000000000000e-02	0.00000000000000e+00	0.00000000000000e+00	0.00000000000000e+00	2.63645558386068e+01	0.00000000000000e+00	7.77211551056953e+02	0.00000000000000e+00	1
12	24	16	20	5.00000000000000e-02	0.00000000000000e+00	0.00000000000000e+00	0.00000000000000e+00	2.62479655746693e+01	0.00000000000000e+00	8.34498206649449e+02	0.00000000000000e+00	1
13	25	17	21	5.00000000000000e-02	0.00000000000000e+00	0.00000000000000e+00	0.00000000000000e+00	2.61616223871167e+01	0.00000000000000e+00	8.78935399169427e+02	0.00000000000000e+00	1
14	26	18	22	5.00000000000000e-02	0.00000000000000e+00	0.00000000000000e+00	0.00000000000000e+00	2.62003321579119e+01	0.00000000000000e+00	9.37722452214575e+02	0.00000000000000e+00	1
15	27	19	23	5.00000000000000e-02	0.00000000000000e+00	0.00000000000000e+00	0.00000000000000e+00	2.63651297964358e+01	0.00000000000000e+00	1.00086333334234e+03	0.00000000000000e+00	1
16	28	20	24	5.00000000000000e-02	0.00000000000000e+00	0.00000000000000e+00	0.00000000000000e+00	2.67791701710312e+01	0.00000000000000e+00	1.06550583289266e+03	0.00000000000000e+00	1
17	29	21	25	5.00000000000000e-02	0.00000000000000e+00	0.00000000000000e+00	0.00000000000000e+00	2.70535541849630e+01	0.00000000000000e+00	9.47810736293669e+02	0.00000000000000e+00	1
18	30	22	26	5.00000000000000e-02	0.00000000000000e+00	0.00000000000000e+00	0.00000000000000e+00	2.71368961920785e+01	0.00000000000000e+00	9.80293345097576e+02	0.00000000000000e+00	1
19	31	23	27	5.00000000000000e-02	0.00000000000000e+00	0.00000000000000e+00	0.00000000000000e+00	2.70150320073968e+01	0.00000000000000e+00	9.64188784887635e+02	0.00000000000000e+00	1
20	32	24	28	5.00000000000000e-02	0.00000000000000e+00	0.00000000000000e+00	0.00000000000000e+00	2.65706765263375e+01	0.00000000000000e+00	9.80111556231595e+02	0.00000000000000e+00	1
21	33	25	29	5.00000000000000e-02	0.00000000000000e+00	0.00000000000000e+00	0.00000000000000e+00	2.59651431391548e+01	0.00000000000000e+00	9.42429365314534e+02	0.00000000000000e+00	1
22	34	26	30	5.00000000000000e-02	0.00000000000000e+00	0.00000000000000e+00	0.00000000000000e+00	2.54045824724362e+01	0.00000000000000e+00	1.04300714646796e+03	0.00000000000000e+00	1
23	35	27	31	5.00000000000000e-02	0.00000000000000e+00	0.00000000000000e+00	0.00000000000000e+00	2.60764741484600e+01	0.00000000000000e+00	1.10005521136360e+03	0.00000000000000e+00	1
24	36	28	32	5.00000000000000e-02	0.00000000000000e+00	0.00000000000000e+00	0.00000000000000e+00	2.79412652176403e+01	0.00000000000000e+00	1.23653011388509e+03	0.00000000000000e+00	1
25	37	29	33	5.00000000000000e-02	0.00000000000000e+00	0.00000000000000e+00	0.00000000000000e+00	2.98716860138170e+01	0.00000000000000e+00	1.33639012764162e+03	0.00000000000000e+00	1
26	38	30	34	5.00000000000000e-02	0.00000000000000e+00	0.00000000000000e+00	0.00000000000000e+00	3.09740648224895e+01	0.00000000000000e+00	1.38493828722937e+03	0.00000000000000e+00	1
27	39	31	35	5.00000000000000e-02	0.00000000000000e+00	0.00000000000000e+00	0.00000000000000e+00	3.03852646901519e+01	0.00000000000000e+00	1.59454996292896e+03	0.00000000000000e+00	1
28	40	32	36	5.00000000000000e-02	0.00000000000000e+00	0.00000000000000e+00	0.00000000000000e+00	2.97509918824725e+01	0.00000000000000e+00	1.38998440209997e+03	0.00000000000000e+00	1
29	41	33	37	5.00000000000000e-02	0.00000000000000e+00	0.00000000000000e+00	0.00000000000000e+00	2.82224333377325e+01	0.00000000000000e+00	1.16666671796662e+03	0.00000000000000e+00	1
30	42	34	38	5.00000000000000e-02	0.00000000000000e+00	0.00000000000000e+00	0.00000000000000e+00	2.63574173928693e+01	0.00000000000000e+00	1.04143951612641e+03	0.00000000000000e+00	1
31	43	35	39	5.00000000000000e-02	0.00000000000000e+00	0.00000000000000e+00	0.00000000000000e+00	2.62773297855804e+01	0.00000000000000e+00	1.00140349680882e+03	0.00000000000000e+00	1
32	44	36	40	5.00000000000000e-02	0.00000000000000e+00	0.00000000000000e+00	0.00000000000000e+00	2.71620544871166e+01	0.00000000000000e+00	1.07961888736897e+03	0.00000000000000e+00	1
33	45	37	41	5.00000000000000e-02	0.00000000000000e+00	0.00000000000000e+00	0.00000000000000e+00	2.86628324155994e+01	0.00000000000000e+00	1.10284434680584e+03	0.00000000000000e+00	1
34	46	38	42	5.00000000000000e-02	0.00000000000000e+00	0.00000000000000e+00	0.00000000000000e+00	2.94143807028492e+01	0.00000000000000e+00	1.02028509108947e+03	0.00000000000000e+00	1
35	47	39	43	5.00000000000000e-02	0.00000000000000e+00	0.00000000000000e+00	0.00000000000000e+00	2.92057564075181e+01	0.00000000000000e+00	1.19478406278090e+03	0.00000000000000e+00	1
36	48	40	44	5.00000000000000e-02	0.00000000000000e+00	0.00000000000000e+00	0.00000000000000e+00	2.92630469331695e+01	0.00000000000000e+00	1.08550996010338e+03	0.00000000000000e+00	1
37	49	41	45	5.00000000000000e-02	0.00000000000000e+00	0.00000000000000e+00	0.00000000000000e+00	2.87035182383527e+01	0.00000000000000e+00	1.07121103904608e+03	0.00000000000000e+00	1
38	50	42	46	5.00000000000000e-02	0.00000000000000e+00	0.00000000000000e+00	0.00000000000000e+00	2.82673841034392e+01	0.00000000000000e+00	1.10877377029108e+03	0.00000000000000e+00	1
39	51	43	47	5.00000000000000e-02	0.00000000000000e+00	0.00000000000000e+00	0.00000000000000e+00	2.82965250999864e+01	0.00000000000000e+00	1.04759298002502e+03	0.00000000000000e+00	1
40	52	44	48	5.00000000000000e-02	0.00000000000000e+00	0.00000000000000e+00	0.00000000000000e+00	2.83753287265002e+01	0.00000000000000e+00	1.02998286389008e+03	0.00000000000000e+00	1
41	53	45	49	5.00000000000000e-02	0.00000000000000e+00	0.00000000000000e+00	0.00000000000000e+00	2.88816971432763e+01	0.00000000000000e+00	1.04147191025430e+03	0.00000000000000e+00	1
42	54	46	50	5.00000000000000e-02	0.00000000000000e+00	0.00000000000000e+00	0.00000000000000e+00	2.89863897663685e+01	0.00000000000000e+00	1.02965029333773e+03	0.00000000000000e+00	1
43	55	47	51	5.00000000000000e-02	0.00000000000000e+00	0.00000000000000e+00	0.00000000000000e+00	2.86937035452874e+01	0.00000000000000e+00	9.20399948821100e+02	0.00000000000000e+00	1
44	56	48	52	5.00000000000000e-02	0.00000000000000e+00	0.00000000000000e+00	0.00000000000000e+00	2.83672114001195e+01	0.00000000000000e+00	9.09134564736714e+02	0.00000000000000e+00	1
45	57	49	53	5.00000000000000e-02	0.00000000000000e+00	0.00000000000000e+00	0.00000000000000e+00	2.78438615171297e+01	0.00000000000000e+00	8.82841989775687e+02	0.00000000000000e+00	1
46	58	50	54	5.00000000000000e-02	0.00000000000000e+00	0.00000000000000e+00	0.00000000000000e+00	2.76382730726561e+01	0.00000000000000e+00	8.78421151736781e+02	0.00000000000000e+00	1
47	59	51	55	5.00000000000000e-02	0.00000000000000e+00	0.00000000000000e+00	0.00000000000000e+00	2.77164025048773e+01	0.00000000000000e+00	8.03920253778817e+02	0.00000000000000e+00	1
48	60	52	56	5.00000000000000e-02	0.00000000000000e+00	0.00000000000000e+00	0.00000000000000e+00	2.79776190043331e+01	0.00000000000000e+00	8.24403965824612e+02	0.00000000000000e+00	1
49	61	53	57	5.00000000000000e-02	0.00000000000000e+00	0.00000000000000e+00	0.00000000000000e+00	2.81147046190455e+01	0.00000000000000e+00	7.90124200300156e+02	0.00000000000000e+00	1
50	62	54	58	5.00000000000000e-02	0.00000000000000e+00	0.00000000000000e+00	0.00000000000000e+00	2.79621967058654e+01	0.00000000000000e+00	8.85349513652361e+02	0.00000000000000e+00	1
51	63	55	59	5.00000000000000e-02	0.00000000000000e+00	0.00000000000000e+00	0.00000000000000e+00	2.77886906727513e+01	0.00000000000000e+00	7.59402987858165e+02	0.00000000000000e+00	1
52	64	56	60	5.00000000000000e-02	0.00000000000000e+00	0.00000000000000e+00	0.00000000000000e+00	2.72147940700484e+01	0.00000000000000e+00	7.75193880640826e+02	0.00000000000000e+00	1
53	65	57	61	5.00000000000000e-02	0.00000000000000e+00	0.00000000000000e+00	0.00000000000000e+00	2.69296291819456e+01	0.00000000000000e+00	7.96349095279574e+02	0.00000000000000e+00	1
54	66	58	62	5.00000000000000e-02	0.00000000000000e+00	0.00000000000000e+00	0.00000000000000e+00	2.69323767158463e+01	0.00000000000000e+00	7.90856466703444e+02	0.00000000000000e+00	1
55	67	59	63	5.00000000000000e-02	0.00000000000000e+00	0.00000000000000e+00	0.00000000000000e+00	2.68051070214037e+01	0.00000000000000e+00	7.19298553361786e+02	0.00000000000000e+00	1
56	68	60	64	5.00000000000000e-02	0.00000000000000e+00	0.00000000000000e+00	0.00000000000000e+00	2.70991318330683e+01	0.00000000000000e+00	7.46159238379717e+02	0.00000000000000e+00	1
57	69	61	65	5.00000000000000e-02	0.00000000000000e+00	0.00000000000000e+00	0.00000000000000e+00	2.72340702510359e+01	0.00000000000000e+00	7.94013028422937e+02	0.00000000000000e+00	1
58	70	62	66	5.00000000000000e-02	0.00000000000000e+00	0.00000000000000e+00	0.00000000000000e+00	2.71164916765741e+01	0.00000000000000e+00	6.97165870849902e+02	0.00000000000000e+00	1
59	71	63	67	5.00000000000000e-02	0.00000000000000e+00	0.00000000000000e+00	0.00000000000000e+00	2.69197398864498e+01	0.00000000000000e+00	6.98744957694310e+02	0.00000000000000e+00	1
60	72	64	68	5.00000000000000e-02	0.00000000000000e+00	0.00000000000000e+00	0.00000000000000e+00	2.66090547941699e+01	0.00000000000000e+00	7.08659435462129e+02	0.00000000000000e+00	1
1	16	6	11	5.00000000000000e-02	0.00000000000000e+00	0.00000000000000e+00	0.00000000000000e+00	3.23109898638094e+01	0.00000000000000e+00	8.31119680511032e+02	0.00000000000000e+00	1
2	17	7	12	5.00000000000000e-02	0.00000000000000e+00	0.00000000000000e+00	0.00000000000000e+00	3.23871793382002e+01	0.00000000000000e+00	8.80828311071336e+02	0.00000000000000e+00	1
3	18	8	13	5.00000000000000e-02	0.00000000000000e+00	0.00000000000000e+00	0.00000000000000e+00	3.23111754375991e+01	0.00000000000000e+00	8.92001031974405e+02	0.00000000000000e+00	1
4	19	9	14	5.00000000000000e-02	0.00000000000000e+00	0.00000000000000e+00	0.00000000000000e+00	3.24511718187199e+01	0.00000000000000e+00	8.71181173168391e+02	0.00000000000000e+00	1
5	20	10	15	5.00000000000000e-02	0.00000000000000e+00	0.00000000000000e+00	0.00000000000000e+00	3.27048873579019e+01	0.00000000000000e+00	8.63604089586929e+02	0.00000000000000e+00	1
6	21	11	16	5.00000000000000e-02	0.00000000000000e+00	0.00000000000000e+00	0.00000000000000e+00	3.27365068230177e+01	0.00000000000000e+00	9.58857782307474e+02	0.00000000000000e+00	1
7	22	12	17	5.00000000000000e-02	0.00000000000000e+00	0.00000000000000e+00	0.00000000000000e+00	3.27351476504527e+01	0.00000000000000e+00	8.97289601213907e+02	0.00000000000000e+00	1
8	23	13	18	5.00000000000000e-02	0.00000000000000e+00	0.00000000000000e+00	0.00000000000000e+00	3.29146347467879e+01	0.00000000000000e+00	9.48215491992459e+02	0.00000000000000e+00	1
9	24	14	19	5.00000000000000e-02	0.00000000000000e+00	0.00000000000000e+00	0.00000000000000e+00	3.28851442729229e+01	0.00000000000000e+00	9.92586089727197e+02	0.00000000000000e+00	1
10	25	15	20	5.00000000000000e-02	0.00000000000000e+00	0.00000000000000e+00	0.00000000000000e+00	3.27153920222234e+01	0.00000000000000e+00	9.73391940738730e+02	0.00000000000000e+00	1
11	26	16	21	5.00000000000000e-02	0.00000000000000e+00	0.00000000000000e+00	0.00000000000000e+00	3.27493583167092e+01	0.00000000000000e+00	9.91087095589835e+02	0.00000000000000e+00	1
12	27	17	22	5.00000000000000e-02	0.00000000000000e+00	0.00000000000000e+00	0.00000000000000e+00	3.28828278413196e+01	0.00000000000000e+00	1.05151203095532e+03	0.00000000000000e+00	1
13	28	18	23	5.00000000000000e-02	0.00000000000000e+00	0.00000000000000e+00	0.00000000000000e+00	3.30152519870391e+01	0.00000000000000e+00	1.13742219302285e+03	0.00000000000000e+00	1
14	29	19	24	5.00000000000000e-02	0.00000000000000e+00	0.00000000000000e+00	0.00000000000000e+00	3.32559485140129e+01	0.00000000000000e+00	1.08797513307997e+03	0.00000000000000e+00	1
15	30	20	25	5.00000000000000e-02	0.00000000000000e+00	0.00000000000000e+00	0.00000000000000e+00	3.36092706190382e+01	0.00000000000000e+00	9.46327066103398e+02	0.00000000000000e+00	1
16	31	21	26	5.00000000000000e-02	0.00000000000000e+00	0.00000000000000e+00	0.00000000000000e+00	3.36440059070743e+01	0.00000000000000e+00	1.10049952383766e+03	0.00000000000000e+00	1
17	32	22	27	5.00000000000000e-02	0.00000000000000e+00	0.00000000000000e+00	0.00000000000000e+00	3.35423499927056e+01	0.00000000000000e+00	1.02292945929310e+03	0.00000000000000e+00	1
18	33	23	28	5.00000000000000e-02	0.00000000000000e+00	0.00000000000000e+00	0.00000000000000e+00	3.29134878227876e+01	0.00000000000000e+00	1.00351331912091e+03	0.00000000000000e+00	1
19	34	24	29	5.00000000000000e-02	0.00000000000000e+00	0.00000000000000e+00	0.00000000000000e+00	3.19646615363966e+01	0.00000000000000e+00	9.90450847941023e+02	0.00000000000000e+00	1
20	35	25	30	5.00000000000000e-02	0.00000000000000e+00	0.00000000000000e+00	0.00000000000000e+00	3.19265651931053e+01	0.00000000000000e+00	1.03456017774217e+03	0.00000000000000e+00	1
21	36	26	31	5.00000000000000e-02	0.00000000000000e+00	0.00000000000000e+00	0.00000000000000e+00	3.29765975734481e+01	0.00000000000000e+00	1.11477421117690e+03	0.00000000000000e+00	1
22	37	27	32	5.00000000000000e-02	0.00000000000000e+00	0.00000000000000e+00	0.00000000000000e+00	3.49442470554705e+01	0.00000000000000e+00	1.17243698848448e+03	0.00000000000000e+00	1
23	38	28	33	5.00000000000000e-02	0.00000000000000e+00	0.00000000000000e+00	0.00000000000000e+00	3.74333208210071e+01	0.00000000000000e+00	1.43195737434692e+03	0.00000000000000e+00	1
24	39	29	34	5.00000000000000e-02	0.00000000000000e+00	0.00000000000000e+00	0.00000000000000e+00	3.83149764115351e+01	0.00000000000000e+00	1.50115506886427e+03	0.00000000000000e+00	1
25	40	30	35	5.00000000000000e-02	0.00000000000000e+00	0.00000000000000e+00	0.00000000000000e+00	3.81785014413798e+01	0.00000000000000e+00	1.36935073980782e+03	0.00000000000000e+00	1
26	41	31	36	5.00000000000000e-02	0.00000000000000e+00	0.00000000000000e+00	0.00000000000000e+00	3.77014456625801e+01	0.00000000000000e+00	1.61359449004509e+03	0.00000000000000e+00	1
27	42	32	37	5.00000000000000e-02	0.00000000000000e+00	0.00000000000000e+00	0.00000000000000e+00	3.71190670367795e+01	0.00000000000000e+00	1.53058099686323e+03	0.00000000000000e+00	1
28	43	33	38	5.00000000000000e-02	0.00000000000000e+00	0.00000000000000e+00	0.00000000000000e+00	3.51520769978070e+01	0.00000000000000e+00	1.32359347469429e+03	0.00000000000000e+00	1
29	44	34	39	5.00000000000000e-02	0.00000000000000e+00	0.00000000000000e+00	0.00000000000000e+00	3.34347065916508e+01	0.00000000000000e+00	1.19806515152265e+03	0.00000000000000e+00	1
30	45	35	40	5.00000000000000e-02	0.00000000000000e+00	0.00000000000000e+00	0.00000000000000e+00	3.28352967460146e+01	0.00000000000000e+00	1.12734744071236e+03	0.00000000000000e+00	1
31	46	36	41	5.00000000000000e-02	0.00000000000000e+00	0.00000000000000e+00	0.00000000000000e+00	3.34232003086847e+01	0.00000000000000e+00	1.14500284269463e+03	0.00000000000000e+00	1
32	47	37	42	5.00000000000000e-02	0.00000000000000e+00	0.00000000000000e+00	0.00000000000000e+00	3.45435925730181e+01	0.00000000000000e+00	1.08895190247817e+03	0.00000000000000e+00	1
33	48	38	43	5.00000000000000e-02	0.00000000000000e+00	0.00000000000000e+00	0.00000000000000e+00	3.62396144543667e+01	0.00000000000000e+00	1.15272519630414e+03	0.00000000000000e+00	1
34	49	39	44	5.00000000000000e-02	0.00000000000000e+00	0.00000000000000e+00	0.00000000000000e+00	3.63925109075310e+01	0.00000000000000e+00	1.21372619358893e+03	0.00000000000000e+00	1
35	50	40	45	5.00000000000000e-02	0.00000000000000e+00	0.00000000000000e+00	0.00000000000000e+00	3.57716457912909e+01	0.00000000000000e+00	1.16598868534393e+03	0.00000000000000e+00	1
36	51	41	46	5.00000000000000e-02	0.00000000000000e+00	0.00000000000000e+00	0.00000000000000e+00	3.56569209200515e+01	0.00000000000000e+00	1.17863686597605e+03	0.00000000000000e+00	1
37	52	42	47	5.00000000000000e-02	0.00000000000000e+00	0.00000000000000e+00	0.00000000000000e+00	3.57598538427405e+01	0.00000000000000e+00	1.17504989100116e+03	0.00000000000000e+00	1
38	53	43	48	5.00000000000000e-02	0.00000000000000e+00	0.00000000000000e+00	0.00000000000000e+00	3.54735764089043e+01	0.00000000000000e+00	1.15835334317115e+03	0.00000000000000e+00	1
39	54	44	49	5.00000000000000e-02	0.00000000000000e+00	0.00000000000000e+00	0.00000000000000e+00	3.55034300509887e+01	0.00000000000000e+00	1.12246578708753e+03	0.00000000000000e+00	1
40	55	45	50	5.00000000000000e-02	0.00000000000000e+00	0.00000000000000e+00	0.00000000000000e+00	3.58368828427644e+01	0.00000000000000e+00	1.11752312588768e+03	0.00000000000000e+00	1
41	56	46	51	5.00000000000000e-02	0.00000000000000e+00	0.00000000000000e+00	0.00000000000000e+00	3.56708583677438e+01	0.00000000000000e+00	1.07077013198957e+03	0.00000000000000e+00	1
42	57	47	52	5.00000000000000e-02	0.00000000000000e+00	0.00000000000000e+00	0.00000000000000e+00	3.53578194950258e+01	0.00000000000000e+00	1.02684891897282e+03	0.00000000000000e+00	1
43	58	48	53	5.00000000000000e-02	0.00000000000000e+00	0.00000000000000e+00	0.00000000000000e+00	3.51836574981695e+01	0.00000000000000e+00	1.06396603332841e+03	0.00000000000000e+00	1
44	59	49	54	5.00000000000000e-02	0.00000000000000e+00	0.00000000000000e+00	0.00000000000000e+00	3.49893184325815e+01	0.00000000000000e+00	9.89668892337650e+02	0.00000000000000e+00	1
45	60	50	55	5.00000000000000e-02	0.00000000000000e+00	0.00000000000000e+00	0.00000000000000e+00	3.47102067541981e+01	0.00000000000000e+00	9.75844842206236e+02	0.00000000000000e+00	1
46	61	51	56	5.00000000000000e-02	0.00000000000000e+00	0.00000000000000e+00	0.00000000000000e+00	3.48120907241972e+01	0.00000000000000e+00	8.94168466908580e+02	0.00000000000000e+00	1
47	62	52	57	5.00000000000000e-02	0.00000000000000e+00	0.00000000000000e+00	0.00000000000000e+00	3.49175725921978e+01	0.00000000000000e+00	1.01474900802020e+03	0.00000000000000e+00	1
48	63	53	58	5.00000000000000e-02	0.00000000000000e+00	0.00000000000000e+00	0.00000000000000e+00	3.48787239578916e+01	0.00000000000000e+00	9.26261655946974e+02	0.00000000000000e+00	1
49	64	54	59	5.00000000000000e-02	0.00000000000000e+00	0.00000000000000e+00	0.00000000000000e+00	3.47197311887794e+01	0.00000000000000e+00	9.13830972966885e+02	0.00000000000000e+00	1
50	65	55	60	5.00000000000000e-02	0.00000000000000e+00	0.00000000000000e+00	0.00000000000000e+00	3.43609110666888e+01	0.00000000000000e+00	8.86594404895889e+02	0.00000000000000e+00	1
51	66	56	61	5.00000000000000e-02	0.00000000000000e+00	0.00000000000000e+00	0.00000000000000e+00	3.40957520108673e+01	0.00000000000000e+00	8.28820332766702e+02	0.00000000000000e+00	1
52	67	57	62	5.00000000000000e-02	0.00000000000000e+00	0.00000000000000e+00	0.00000000000000e+00	3.38490053856828e+01	0.00000000000000e+00	8.67751998627287e+02	0.00000000000000e+00	1
53	68	58	63	5.00000000000000e-02	0.00000000000000e+00	0.00000000000000e+00	0.00000000000000e+00	3.36971747551271e+01	0.00000000000000e+00	7.86683510135259e+02	0.00000000000000e+00	1
54	69	59	64	5.00000000000000e-02	0.00000000000000e+00	0.00000000000000e+00	0.00000000000000e+00	3.37563587114841e+01	0.00000000000000e+00	8.41852725711153e+02	0.00000000000000e+00	1
55	70	60	65	5.00000000000000e-02	0.00000000000000e+00	0.00000000000000e+00	0.00000000000000e+00	3.40305464219098e+01	0.00000000000000e+00	7.86072431685881e+02	0.00000000000000e+00	1
56	71	61	66	5.00000000000000e-02	0.00000000000000e+00	0.00000000000000e+00	0.00000000000000e+00	3.38086371603747e+01	0.00000000000000e+00	8.24474094760242e+02	0.00000000000000e+00	1
57	72	62	67	5.00000000000000e-02	0.00000000000000e+00	0.00000000000000e+00	0.00000000000000e+00	3.36744089948105e+01	0.00000000000000e+00	8.33333144984682e+02	0.00000000000000e+00	1
1	19	7	13	5.00000000000000e-02	0.00000000000000e+00	0.00000000000000e+00	0.00000000000000e+00	3.89632449036716e+01	0.00000000000000e+00	9.47969891962369e+02	0.00000000000000e+00	1
2	20	8	14	5.00000000000000e-02	0.00000000000000e+00	0.00000000000000e+00	0.00000000000000e+00	3.89667553264323e+01	0.00000000000000e+00	9.77459747153786e+02	0.00000000000000e+00	1
3	21	9	15	5.00000000000000e-02	0.00000000000000e+00	0.00000000000000e+00	0.00000000000000e+00	3.91416518068062e+01	0.00000000000000e+00	9.54740688752176e+02	0.00000000000000e+00	1
4	22	10	16	5.00000000000000e-02	0.00000000000000e+00	0.00000000000000e+00	0.00000000000000e+00	3.92541100230352e+01	0.00000000000000e+00	9.07630211542278e+02	0.00000000000000e+00	1
5	23	11	17	5.00000000000000e-02	0.00000000000000e+00	0.00000000000000e+00	0.00000000000000e+00	3.93248769574370e+01	0.00000000000000e+00	9.96040242409373e+02	0.00000000000000e+00	1
6	24	12	18	5.00000000000000e-02	0.00000000000000e+00	0.00000000000000e+00	0.00000000000000e+00	3.93868978664643e+01	0.00000000000000e+00	9.77810145000061e+02	0.00000000000000e+00	1
7	25	13	19	5.00000000000000e-02	0.00000000000000e+00	0.00000000000000e+00	0.00000000000000e+00	3.93457119097949e+01	0.00000000000000e+00	1.06947680255291e+03	0.00000000000000e+00	1
8	26	14	20	5.00000000000000e-02	0.00000000000000e+00	0.00000000000000e+00	0.00000000000000e+00	3.93658142194372e+01	0.00000000000000e+00	9.61981283437759e+02	0.00000000000000e+00	1
9	27	15	21	5.00000000000000e-02	0.00000000000000e+00	0.00000000000000e+00	0.00000000000000e+00	3.92911884002626e+01	0.00000000000000e+00	1.01722777206996e+03	0.00000000000000e+00	1
10	28	16	22	5.00000000000000e-02	0.00000000000000e+00	0.00000000000000e+00	0.00000000000000e+00	3.95454326574729e+01	0.00000000000000e+00	1.10298469385757e+03	0.00000000000000e+00	1
11	29	17	23	5.00000000000000e-02	0.00000000000000e+00	0.00000000000000e+00	0.00000000000000e+00	3.96964081024227e+01	0.00000000000000e+00	1.15897714904077e+03	0.00000000000000e+00	1
12	30	18	24	5.00000000000000e-02	0.00000000000000e+00	0.00000000000000e+00	0.00000000000000e+00	3.98710107008406e+01	0.00000000000000e+00	1.17842809342432e+03	0.00000000000000e+00	1
13	31	19	25	5.00000000000000e-02	0.00000000000000e+00	0.00000000000000e+00	0.00000000000000e+00	3.99454036531337e+01	0.00000000000000e+00	1.13958513950896e+03	0.00000000000000e+00	1
14	32	20	26	5.00000000000000e-02	0.00000000000000e+00	0.00000000000000e+00	0.00000000000000e+00	4.00220606776055e+01	0.00000000000000e+00	1.22379663865219e+03	0.00000000000000e+00	1
15	33	21	27	5.00000000000000e-02	0.00000000000000e+00	0.00000000000000e+00	0.00000000000000e+00	3.96609878761681e+01	0.00000000000000e+00	1.11675010893525e+03	0.00000000000000e+00	1
16	34	22	28	5.00000000000000e-02	0.00000000000000e+00	0.00000000000000e+00	0.00000000000000e+00	3.85165077412046e+01	0.00000000000000e+00	9.93620365108878e+02	0.00000000000000e+00	1
17	35	23	29	5.00000000000000e-02	0.00000000000000e+00	0.00000000000000e+00	0.00000000000000e+00	3.81872914799076e+01	0.00000000000000e+00	1.01274358836264e+03	0.00000000000000e+00	1
18	36	24	30	5.00000000000000e-02	0.00000000000000e+00	0.00000000000000e+00	0.00000000000000e+00	3.88168489113468e+01	0.00000000000000e+00	9.97814210579696e+02	0.00000000000000e+00	1
19	37	25	31	5.00000000000000e-02	0.00000000000000e+00	0.00000000000000e+00	0.00000000000000e+00	4.01959095213595e+01	0.00000000000000e+00	1.11066126066974e+03	0.00000000000000e+00	1
20	38	26	32	5.00000000000000e-02	0.00000000000000e+00	0.00000000000000e+00	0.00000000000000e+00	4.25531861110076e+01	0.00000000000000e+00	1.23581124189359e+03	0.00000000000000e+00	1
21	39	27	33	5.00000000000000e-02	0.00000000000000e+00	0.00000000000000e+00	0.00000000000000e+00	4.45074282215563e+01	0.00000000000000e+00	1.36265407505620e+03	0.00000000000000e+00	1
22	40	28	34	5.00000000000000e-02	0.00000000000000e+00	0.00000000000000e+00	0.00000000000000e+00	4.55441988583944e+01	0.00000000000000e+00	1.53623745494485e+03	0.00000000000000e+00	1
23	41	29	35	5.00000000000000e-02	0.00000000000000e+00	0.00000000000000e+00	0.00000000000000e+00	4.52662579872873e+01	0.00000000000000e+00	1.70128556836868e+03	0.00000000000000e+00	1
24	42	30	36	5.00000000000000e-02	0.00000000000000e+00	0.00000000000000e+00	0.00000000000000e+00	4.55134153015663e+01	0.00000000000000e+00	1.62689415222207e+03	0.00000000000000e+00	1
25	43	31	37	5.00000000000000e-02	0.00000000000000e+00	0.00000000000000e+00	0.00000000000000e+00	4.50719734048043e+01	0.00000000000000e+00	1.52794528114453e+03	0.00000000000000e+00	1
26	44	32	38	5.00000000000000e-02	0.00000000000000e+00	0.00000000000000e+00	0.00000000000000e+00	4.39665692490743e+01	0.00000000000000e+00	1.53904566563401e+03	0.00000000000000e+00	1
27	45	33	39	5.00000000000000e-02	0.00000000000000e+00	0.00000000000000e+00	0.00000000000000e+00	4.26941138127978e+01	0.00000000000000e+00	1.50074156651260e+03	0.00000000000000e+00	1
28	46	34	40	5.00000000000000e-02	0.00000000000000e+00	0.00000000000000e+00	0.00000000000000e+00	4.06646609775121e+01	0.00000000000000e+00	1.18648601661783e+03	0.00000000000000e+00	1
29	47	35	41	5.00000000000000e-02	0.00000000000000e+00	0.00000000000000e+00	0.00000000000000e+00	3.97475609256032e+01	0.00000000000000e+00	1.09676009828652e+03	0.00000000000000e+00	1
30	48	36	42	5.00000000000000e-02	0.00000000000000e+00	0.00000000000000e+00	0.00000000000000e+00	3.95526421234291e+01	0.00000000000000e+00	1.09634750798560e+03	0.00000000000000e+00	1
31	49	37	43	5.00000000000000e-02	0.00000000000000e+00	0.00000000000000e+00	0.00000000000000e+00	4.01870594806080e+01	0.00000000000000e+00	1.05260958746102e+03	0.00000000000000e+00	1
32	50	38	44	5.00000000000000e-02	0.00000000000000e+00	0.00000000000000e+00	0.00000000000000e+00	4.17024050230049e+01	0.00000000000000e+00	1.17387481910669e+03	0.00000000000000e+00	1
33	51	39	45	5.00000000000000e-02	0.00000000000000e+00	0.00000000000000e+00	0.00000000000000e+00	4.28597719040896e+01	0.00000000000000e+00	1.20657938502879e+03	0.00000000000000e+00	1
34	52	40	46	5.00000000000000e-02	0.00000000000000e+00	0.00000000000000e+00	0.00000000000000e+00	4.31758528968634e+01	0.00000000000000e+00	1.21038718572660e+03	0.00000000000000e+00	1
35	53	41	47	5.00000000000000e-02	0.00000000000000e+00	0.00000000000000e+00	0.00000000000000e+00	4.26438833564304e+01	0.00000000000000e+00	1.17086433385275e+03	0.00000000000000e+00	1
36	54	42	48	5.00000000000000e-02	0.00000000000000e+00	0.00000000000000e+00	0.00000000000000e+00	4.26816258249228e+01	0.00000000000000e+00	1.18462255140083e+03	0.00000000000000e+00	1
37	55	43	49	5.00000000000000e-02	0.00000000000000e+00	0.00000000000000e+00	0.00000000000000e+00	4.26953842346734e+01	0.00000000000000e+00	1.19018021881966e+03	0.00000000000000e+00	1
38	56	44	50	5.00000000000000e-02	0.00000000000000e+00	0.00000000000000e+00	0.00000000000000e+00	4.25813037349398e+01	0.00000000000000e+00	1.20985845124524e+03	0.00000000000000e+00	1
39	57	45	51	5.00000000000000e-02	0.00000000000000e+00	0.00000000000000e+00	0.00000000000000e+00	4.23969840977343e+01	0.00000000000000e+00	1.17044658188932e+03	0.00000000000000e+00	1
40	58	46	52	5.00000000000000e-02	0.00000000000000e+00	0.00000000000000e+00	0.00000000000000e+00	4.22424929624797e+01	0.00000000000000e+00	1.13731186134386e+03	0.00000000000000e+00	1
41	59	47	53	5.00000000000000e-02	0.00000000000000e+00	0.00000000000000e+00	0.00000000000000e+00	4.21527743762787e+01	0.00000000000000e+00	1.24163555594791e+03	0.00000000000000e+00	1
42	60	48	54	5.00000000000000e-02	0.00000000000000e+00	0.00000000000000e+00	0.00000000000000e+00	4.22692367976139e+01	0.00000000000000e+00	1.10887939549523e+03	0.00000000000000e+00	1
43	61	49	55	5.00000000000000e-02	0.00000000000000e+00	0.00000000000000e+00	0.00000000000000e+00	4.20383724852686e+01	0.00000000000000e+00	1.15557243092138e+03	0.00000000000000e+00	1
44	62	50	56	5.00000000000000e-02	0.00000000000000e+00	0.00000000000000e+00	0.00000000000000e+00	4.17378010905988e+01	0.00000000000000e+00	1.10421423607108e+03	0.00000000000000e+00	1
45	63	51	57	5.00000000000000e-02	0.00000000000000e+00	0.00000000000000e+00	0.00000000000000e+00	4.18524211726618e+01	0.00000000000000e+00	1.09595896874017e+03	0.00000000000000e+00	1
46	64	52	58	5.00000000000000e-02	0.00000000000000e+00	0.00000000000000e+00	0.00000000000000e+00	4.16957485484876e+01	0.00000000000000e+00	9.66845170752527e+02	0.00000000000000e+00	1
47	65	53	59	5.00000000000000e-02	0.00000000000000e+00	0.00000000000000e+00	0.00000000000000e+00	4.16552921513446e+01	0.00000000000000e+00	9.44733924561102e+02	0.00000000000000e+00	1
48	66	54	60	5.00000000000000e-02	0.00000000000000e+00	0.00000000000000e+00	0.00000000000000e+00	4.11583601977266e+01	0.00000000000000e+00	9.79463266013672e+02	0.00000000000000e+00	1
49	67	55	61	5.00000000000000e-02	0.00000000000000e+00	0.00000000000000e+00	0.00000000000000e+00	4.12084889617187e+01	0.00000000000000e+00	8.84515232795506e+02	0.00000000000000e+00	1
50	68	56	62	5.00000000000000e-02	0.00000000000000e+00	0.00000000000000e+00	0.00000000000000e+00	4.11220376516480e+01	0.00000000000000e+00	1.05762057895055e+03	0.00000000000000e+00	1
51	69	57	63	5.00000000000000e-02	0.00000000000000e+00	0.00000000000000e+00	0.00000000000000e+00	4.08089900691237e+01	0.00000000000000e+00	9.65928932001435e+02	0.00000000000000e+00	1
52	70	58	64	5.00000000000000e-02	0.00000000000000e+00	0.00000000000000e+00	0.00000000000000e+00	4.07367330517331e+01	0.00000000000000e+00	8.52691879372521e+02	0.00000000000000e+00	1
53	71	59	65	5.00000000000000e-02	0.00000000000000e+00	0.00000000000000e+00	0.00000000000000e+00	4.05111288557365e+01	0.00000000000000e+00	9.21011708910265e+02	0.00000000000000e+00	1
54	72	60	66	5.00000000000000e-02	0.00000000000000e+00	0.00000000000000e+00	0.00000000000000e+00	4.07161976851306e+01	0.00000000000000e+00	8.12991166428541e+02	0.00000000000000e+00	1
1	22	8	15	5.00000000000000e-02	0.00000000000000e+00	0.00000000000000e+00	0.00000000000000e+00	4.55963629347672e+01	0.00000000000000e+00	9.86332132852638e+02	0.00000000000000e+00	1
2	23	9	16	5.00000000000000e-02	0.00000000000000e+00	0.00000000000000e+00	0.00000000000000e+00	4.56557215539889e+01	0.00000000000000e+00	1.01203541564353e+03	0.00000000000000e+00	1
3	24	10	17	5.00000000000000e-02	0.00000000000000e+00	0.00000000000000e+00	0.00000000000000e+00	4.57905539680616e+01	0.00000000000000e+00	1.15341169465797e+03	0.00000000000000e+00	1
4	25	11	18	5.00000000000000e-02	0.00000000000000e+00	0.00000000000000e+00	0.00000000000000e+00	4.59699146224317e+01	0.00000000000000e+00	9.89232010725611e+02	0.00000000000000e+00	1
5	26	12	19	5.00000000000000e-02	0.00000000000000e+00	0.00000000000000e+00	0.00000000000000e+00	4.59648970871534e+01	0.00000000000000e+00	1.08056228171716e+03	0.00000000000000e+00	1
6	27	13	20	5.00000000000000e-02	0.00000000000000e+00	0.00000000000000e+00	0.00000000000000e+00	4.58248736715499e+01	0.00000000000000e+00	1.06919812367753e+03	0.00000000000000e+00	1
7	28	14	21	5.00000000000000e-02	0.00000000000000e+00	0.00000000000000e+00	0.00000000000000e+00	4.59405246106964e+01	0.00000000000000e+00	1.02895490103686e+03	0.00000000000000e+00	1
8	29	15	22	5.00000000000000e-02	0.00000000000000e+00	0.00000000000000e+00	0.00000000000000e+00	4.62138916438414e+01	0.00000000000000e+00	1.12558166280206e+03	0.00000000000000e+00	1
9	30	16	23	5.00000000000000e-02	0.00000000000000e+00	0.00000000000000e+00	0.00000000000000e+00	4.64019044100182e+01	0.00000000000000e+00	1.17143411705919e+03	0.00000000000000e+00	1
10	31	17	24	5.00000000000000e-02	0.00000000000000e+00	0.00000000000000e+00	0.00000000000000e+00	4.63789307602628e+01	0.00000000000000e+00	1.15562520516526e+03	0.00000000000000e+00	1
11	32	18	25	5.00000000000000e-02	0.00000000000000e+00	0.00000000000000e+00	0.00000000000000e+00	4.62988813882436e+01	0.00000000000000e+00	1.14293646060549e+03	0.00000000000000e+00	1
12	33	19	26	5.00000000000000e-02	0.00000000000000e+00	0.00000000000000e+00	0.00000000000000e+00	4.59015846632610e+01	0.00000000000000e+00	1.10481716175162e+03	0.00000000000000e+00	1
13	34	20	27	5.00000000000000e-02	0.00000000000000e+00	0.00000000000000e+00	0.00000000000000e+00	4.51171062699895e+01	0.00000000000000e+00	1.07870760746523e+03	0.00000000000000e+00	1
14	35	21	28	5.00000000000000e-02	0.00000000000000e+00	0.00000000000000e+00	0.00000000000000e+00	4.45056939870581e+01	0.00000000000000e+00	1.01155838869520e+03	0.00000000000000e+00	1
15	36	22	29	5.00000000000000e-02	0.00000000000000e+00	0.00000000000000e+00	0.00000000000000e+00	4.46780714483538e+01	0.00000000000000e+00	1.04265670024644e+03	0.00000000000000e+00	1
16	37	23	30	5.00000000000000e-02	0.00000000000000e+00	0.00000000000000e+00	0.00000000000000e+00	4.56581612239695e+01	0.00000000000000e+00	1.20859537689046e+03	0.00000000000000e+00	1
17	38	24	31	5.00000000000000e-02	0.00000000000000e+00	0.00000000000000e+00	0.00000000000000e+00	4.75790092133963e+01	0.00000000000000e+00	1.05743026822226e+03	0.00000000000000e+00	1
18	39	25	32	5.00000000000000e-02	0.00000000000000e+00	0.00000000000000e+00	0.00000000000000e+00	4.99859040181930e+01	0.00000000000000e+00	1.42359975079047e+03	0.00000000000000e+00	1
19	40	26	33	5.00000000000000e-02	0.00000000000000e+00	0.00000000000000e+00	0.00000000000000e+00	5.20647030095963e+01	0.00000000000000e+00	1.39271548795535e+03	0.00000000000000e+00	1
20	41	27	34	5.00000000000000e-02	0.00000000000000e+00	0.00000000000000e+00	0.00000000000000e+00	5.24949576316426e+01	0.00000000000000e+00	1.49941721530340e+03	0.00000000000000e+00	1
21	42	28	35	5.00000000000000e-02	0.00000000000000e+00	0.00000000000000e+00	0.00000000000000e+00	5.25038369314106e+01	0.00000000000000e+00	1.65119371685254e+03	0.00000000000000e+00	1
22	43	29	36	5.00000000000000e-02	0.00000000000000e+00	0.00000000000000e+00	0.00000000000000e+00	5.27717099854540e+01	0.00000000000000e+00	1.79502273322439e+03	0.00000000000000e+00	1
23	44	30	37	5.00000000000000e-02	0.00000000000000e+00	0.00000000000000e+00	0.00000000000000e+00	5.28102810295498e+01	0.00000000000000e+00	1.73840980572479e+03	0.00000000000000e+00	1
24	45	31	38	5.00000000000000e-02	0.00000000000000e+00	0.00000000000000e+00	0.00000000000000e+00	5.20955064799306e+01	0.00000000000000e+00	1.51406557466176e+03	0.00000000000000e+00	1
25	46	32	39	5.00000000000000e-02	0.00000000000000e+00	0.00000000000000e+00	0.00000000000000e+00	5.13222733853653e+01	0.00000000000000e+00	1.62154093756362e+03	0.00000000000000e+00	1
26	47	33	40	5.00000000000000e-02	0.00000000000000e+00	0.00000000000000e+00	0.00000000000000e+00	4.98195469178103e+01	0.00000000000000e+00	1.45026971399807e+03	0.00000000000000e+00	1
27	48	34	41	5.00000000000000e-02	0.00000000000000e+00	0.00000000000000e+00	0.00000000000000e+00	4.80653365181604e+01	0.00000000000000e+00	1.31019379631873e+03	0.00000000000000e+00	1
28	49	35	42	5.00000000000000e-02	0.00000000000000e+00	0.00000000000000e+00	0.00000000000000e+00	4.64421748878616e+01	0.00000000000000e+00	1.12507231573623e+03	0.00000000000000e+00	1
29	50	36	43	5.00000000000000e-02	0.00000000000000e+00	0.00000000000000e+00	0.00000000000000e+00	4.57805698015874e+01	0.00000000000000e+00	1.13136029195813e+03	0.00000000000000e+00	1
30	51	37	44	5.00000000000000e-02	0.00000000000000e+00	0.00000000000000e+00	0.00000000000000e+00	4.60510000518829e+01	0.00000000000000e+00	1.15596436880754e+03	0.00000000000000e+00	1
31	52	38	45	5.00000000000000e-02	0.00000000000000e+00	0.00000000000000e+00	0.00000000000000e+00	4.71014797098078e+01	0.00000000000000e+00	1.03793665040252e+03	0.00000000000000e+00	1
32	53	39	46	5.00000000000000e-02	0.00000000000000e+00	0.00000000000000e+00	0.00000000000000e+00	4.85898356375036e+01	0.00000000000000e+00	1.11860651244814e+03	0.00000000000000e+00	1
33	54	40	47	5.00000000000000e-02	0.00000000000000e+00	0.00000000000000e+00	0.00000000000000e+00	4.97777542853015e+01	0.00000000000000e+00	1.15693052362066e+03	0.00000000000000e+00	1
34	55	41	48	5.00000000000000e-02	0.00000000000000e+00	0.00000000000000e+00	0.00000000000000e+00	4.97252708102948e+01	0.00000000000000e+00	1.26408124710298e+03	0.00000000000000e+00	1
35	56	42	49	5.00000000000000e-02	0.00000000000000e+00	0.00000000000000e+00	0.00000000000000e+00	4.94630302297136e+01	0.00000000000000e+00	1.26185773021968e+03	0.00000000000000e+00	1
36	57	43	50	5.00000000000000e-02	0.00000000000000e+00	0.00000000000000e+00	0.00000000000000e+00	4.95598543146375e+01	0.00000000000000e+00	1.31575080158895e+03	0.00000000000000e+00	1
37	58	44	51	5.00000000000000e-02	0.00000000000000e+00	0.00000000000000e+00	0.00000000000000e+00	4.94124637171130e+01	0.00000000000000e+00	1.17606755541212e+03	0.00000000000000e+00	1
38	59	45	52	5.00000000000000e-02	0.00000000000000e+00	0.00000000000000e+00	0.00000000000000e+00	4.91354258975703e+01	0.00000000000000e+00	1.22317449124298e+03	0.00000000000000e+00	1
39	60	46	53	5.00000000000000e-02	0.00000000000000e+00	0.00000000000000e+00	0.00000000000000e+00	4.91318389136524e+01	0.00000000000000e+00	1.24006626166998e+03	0.00000000000000e+00	1
40	61	47	54	5.00000000000000e-02	0.00000000000000e+00	0.00000000000000e+00	0.00000000000000e+00	4.90402719510270e+01	0.00000000000000e+00	1.19795668840825e+03	0.00000000000000e+00	1
41	62	48	55	5.00000000000000e-02	0.00000000000000e+00	0.00000000000000e+00	0.00000000000000e+00	4.90761728378512e+01	0.00000000000000e+00	1.09659797951593e+03	0.00000000000000e+00	1
42	63	49	56	5.00000000000000e-02	0.00000000000000e+00	0.00000000000000e+00	0.00000000000000e+00	4.89532173822230e+01	0.00000000000000e+00	1.17112898693085e+03	0.00000000000000e+00	1
43	64	50	57	5.00000000000000e-02	0.00000000000000e+00	0.00000000000000e+00	0.00000000000000e+00	4.87364311046309e+01	0.00000000000000e+00	1.17072478056788e+03	0.00000000000000e+00	1
44	65	51	58	5.00000000000000e-02	0.00000000000000e+00	0.00000000000000e+00	0.00000000000000e+00	4.86499660939648e+01	0.00000000000000e+00	1.08851166663375e+03	0.00000000000000e+00	1
45	66	52	59	5.00000000000000e-02	0.00000000000000e+00	0.00000000000000e+00	0.00000000000000e+00	4.85416464840992e+01	0.00000000000000e+00	1.02903950363393e+03	0.00000000000000e+00	1
46	67	53	60	5.00000000000000e-02	0.00000000000000e+00	0.00000000000000e+00	0.00000000000000e+00	4.82904008567770e+01	0.00000000000000e+00	1.05188364829760e+03	0.00000000000000e+00	1
47	68	54	61	5.00000000000000e-02	0.00000000000000e+00	0.00000000000000e+00	0.00000000000000e+00	4.81481208583594e+01	0.00000000000000e+00	1.00621517550900e+03	0.00000000000000e+00	1
48	69	55	62	5.00000000000000e-02	0.00000000000000e+00	0.00000000000000e+00	0.00000000000000e+00	4.81356137089353e+01	0.00000000000000e+00	1.00138219695459e+03	0.00000000000000e+00	1
49	70	56	63	5.00000000000000e-02	0.00000000000000e+00	0.00000000000000e+00	0.00000000000000e+00	4.79177348724638e+01	0.00000000000000e+00	1.07683351569824e+03	0.00000000000000e+00	1
50	71	57	64	5.00000000000000e-02	0.00000000000000e+00	0.00000000000000e+00	0.00000000000000e+00	4.77383775260484e+01	0.00000000000000e+00	1.07479285609437e+03	0.00000000000000e+00	1
51	72	58	65	5.00000000000000e-02	0.00000000000000e+00	0.00000000000000e+00	0.00000000000000e+00	4.76389019640136e+01	0.00000000000000e+00	9.49879545773505e+02	0.00000000000000e+00	1
1	25	9	17	5.00000000000000e-02	0.00000000000000e+00	0.00000000000000e+00	0.00000000000000e+00	5.23031335620669e+01	0.00000000000000e+00	1.08354807059888e+03	0.00000000000000e+00	1
2	26	10	18	5.00000000000000e-02	0.00000000000000e+00	0.00000000000000e+00	0.00000000000000e+00	5.25396406170374e+01	0.00000000000000e+00	1.08263400436529e+03	0.00000000000000e+00	1
3	27	11	19	5.00000000000000e-02	0.00000000000000e+00	0.00000000000000e+00	0.00000000000000e+00	5.24858491748961e+01	0.00000000000000e+00	1.20455395011501e+03	0.00000000000000e+00	1
4	28	12	20	5.00000000000000e-02	0.00000000000000e+00	0.00000000000000e+00	0.00000000000000e+00	5.25082454104735e+01	0.00000000000000e+00	1.17696052378564e+03	0.00000000000000e+00	1
5	29	13	21	5.00000000000000e-02	0.00000000000000e+00	0.00000000000000e+00	0.00000000000000e+00	5.25400542187150e+01	0.00000000000000e+00	1.17037821758420e+03	0.00000000000000e+00	1
6	30	14	22	5.00000000000000e-02	0.00000000000000e+00	0.00000000000000e+00	0.00000000000000e+00	5.28297454910589e+01	0.00000000000000e+00	1.16228134328809e+03	0.00000000000000e+00	1
7	31	15	23	5.00000000000000e-02	0.00000000000000e+00	0.00000000000000e+00	0.00000000000000e+00	5.28258297244505e+01	0.00000000000000e+00	1.19023467640158e+03	0.00000000000000e+00	1
8	32	16	24	5.00000000000000e-02	0.00000000000000e+00	0.00000000000000e+00	0.00000000000000e+00	5.29564578751444e+01	0.00000000000000e+00	1.14884182791005e+03	0.00000000000000e+00	1
9	33	17	25	5.00000000000000e-02	0.00000000000000e+00	0.00000000000000e+00	0.00000000000000e+00	5.24172901816423e+01	0.00000000000000e+00	1.17974838932449e+03	0.00000000000000e+00	1
10	34	18	26	5.00000000000000e-02	0.00000000000000e+00	0.00000000000000e+00	0.00000000000000e+00	5.12725549436897e+01	0.00000000000000e+00	1.05828306203587e+03	0.00000000000000e+00	1
11	35	19	27	5.00000000000000e-02	0.00000000000000e+00	0.00000000000000e+00	0.00000000000000e+00	5.06234805079956e+01	0.00000000000000e+00	9.73932794942756e+02	0.00000000000000e+00	1
12	36	20	28	5.00000000000000e-02	0.00000000000000e+00	0.00000000000000e+00	0.00000000000000e+00	5.07142669814177e+01	0.00000000000000e+00	1.03952165127179e+03	0.00000000000000e+00	1
13	37	21	29	5.00000000000000e-02	0.00000000000000e+00	0.00000000000000e+00	0.00000000000000e+00	5.14214573030988e+01	0.00000000000000e+00	9.65739036838143e+02	0.00000000000000e+00	1
14	38	22	30	5.00000000000000e-02	0.00000000000000e+00	0.00000000000000e+00	0.00000000000000e+00	5.28595291303215e+01	0.00000000000000e+00	1.18099126537266e+03	0.00000000000000e+00	1
15	39	23	31	5.00000000000000e-02	0.00000000000000e+00	0.00000000000000e+00	0.00000000000000e+00	5.47862464005536e+01	0.00000000000000e+00	1.23503874067461e+03	0.00000000000000e+00	1
16	40	24	32	5.00000000000000e-02	0.00000000000000e+00	0.00000000000000e+00	0.00000000000000e+00	5.71520743468845e+01	0.00000000000000e+00	1.30482240854442e+03	0.00000000000000e+00	1
17	41	25	33	5.00000000000000e-02	0.00000000000000e+00	0.00000000000000e+00	0.00000000000000e+00	5.90442044369003e+01	0.00000000000000e+00	1.37873541415947e+03	0.00000000000000e+00	1
18	42	26	34	5.00000000000000e-02	0.00000000000000e+00	0.00000000000000e+00	0.00000000000000e+00	6.00136635309090e+01	0.00000000000000e+00	1.56153957527086e+03	0.00000000000000e+00	1
19	43	27	35	5.00000000000000e-02	0.00000000000000e+00	0.00000000000000e+00	0.00000000000000e+00	5.98947818889776e+01	0.00000000000000e+00	1.69368975530254e+03	0.00000000000000e+00	1
20	44	28	36	5.00000000000000e-02	0.00000000000000e+00	0.00000000000000e+00	0.00000000000000e+00	6.01713970945114e+01	0.00000000000000e+00	1.64127790432293e+03	0.00000000000000e+00	1
21	45	29	37	5.00000000000000e-02	0.00000000000000e+00	0.00000000000000e+00	0.00000000000000e+00	6.02616936934433e+01	0.00000000000000e+00	1.62290819442458e+03	0.00000000000000e+00	1
22	46	30	38	5.00000000000000e-02	0.00000000000000e+00	0.00000000000000e+00	0.00000000000000e+00	5.97727489861414e+01	0.00000000000000e+00	1.85326806221151e+03	0.00000000000000e+00	1
23	47	31	39	5.00000000000000e-02	0.00000000000000e+00	0.00000000000000e+00	0.00000000000000e+00	5.91534247709958e+01	0.00000000000000e+00	1.53941361780412e+03	0.00000000000000e+00	1
24	48	32	40	5.00000000000000e-02	0.00000000000000e+00	0.00000000000000e+00	0.00000000000000e+00	5.83423023373845e+01	0.00000000000000e+00	1.55121819588082e+03	0.00000000000000e+00	1
25	49	33	41	5.00000000000000e-02	0.00000000000000e+00	0.00000000000000e+00	0.00000000000000e+00	5.70777068924038e+01	0.00000000000000e+00	1.50923302912689e+03	0.00000000000000e+00	1
26	50	34	42	5.00000000000000e-02	0.00000000000000e+00	0.00000000000000e+00	0.00000000000000e+00	5.48499518652152e+01	0.00000000000000e+00	1.27225624374421e+03	0.00000000000000e+00	1
27	51	35	43	5.00000000000000e-02	0.00000000000000e+00	0.00000000000000e+00	0.00000000000000e+00	5.33495934670094e+01	0.00000000000000e+00	1.19048118018119e+03	0.00000000000000e+00	1
28	52	36	44	5.00000000000000e-02	0.00000000000000e+00	0.00000000000000e+00	0.00000000000000e+00	5.23892653467109e+01	0.00000000000000e+00	1.09542287257811e+03	0.00000000000000e+00	1
29	53	37	45	5.00000000000000e-02	0.00000000000000e+00	0.00000000000000e+00	0.00000000000000e+00	5.20453211202320e+01	0.00000000000000e+00	1.20936848662819e+03	0.00000000000000e+00	1
30	54	38	46	5.00000000000000e-02	0.00000000000000e+00	0.00000000000000e+00	0.00000000000000e+00	5.27238576152225e+01	0.00000000000000e+00	1.15785391939135e+03	0.00000000000000e+00	1
31	55	39	47	5.00000000000000e-02	0.00000000000000e+00	0.00000000000000e+00	0.00000000000000e+00	5.37858583515007e+01	0.00000000000000e+00	1.17881046514436e+03	0.00000000000000e+00	1
32	56	40	48	5.00000000000000e-02	0.00000000000000e+00	0.00000000000000e+00	0.00000000000000e+00	5.52639699803295e+01	0.00000000000000e+00	1.15106349577155e+03	0.00000000000000e+00	1
33	57	41	49	5.00000000000000e-02	0.00000000000000e+00	0.00000000000000e+00	0.00000000000000e+00	5.61783611274308e+01	0.00000000000000e+00	1.18961743916605e+03	0.00000000000000e+00	1
34	58	42	50	5.00000000000000e-02	0.00000000000000e+00	0.00000000000000e+00	0.00000000000000e+00	5.66554756459986e+01	0.00000000000000e+00	1.30767694153191e+03	0.00000000000000e+00	1
35	59	43	51	5.00000000000000e-02	0.00000000000000e+00	0.00000000000000e+00	0.00000000000000e+00	5.60047718871923e+01	0.00000000000000e+00	1.25316612286381e+03	0.00000000000000e+00	1
36	60	44	52	5.00000000000000e-02	0.00000000000000e+00	0.00000000000000e+00	0.00000000000000e+00	5.61710154609371e+01	0.00000000000000e+00	1.33126214906024e+03	0.00000000000000e+00	1
37	61	45	53	5.00000000000000e-02	0.00000000000000e+00	0.00000000000000e+00	0.00000000000000e+00	5.61839592785604e+01	0.00000000000000e+00	1.31657897694136e+03	0.00000000000000e+00	1
38	62	46	54	5.00000000000000e-02	0.00000000000000e+00	0.00000000000000e+00	0.00000000000000e+00	5.59586321127005e+01	0.00000000000000e+00	1.28552955180183e+03	0.00000000000000e+00	1
39	63	47	55	5.00000000000000e-02	0.00000000000000e+00	0.00000000000000e+00	0.00000000000000e+00	5.58887419264584e+01	0.00000000000000e+00	1.23936934938328e+03	0.00000000000000e+00	1
40	64	48	56	5.00000000000000e-02	0.00000000000000e+00	0.00000000000000e+00	0.00000000000000e+00	5.57795526567381e+01	0.00000000000000e+00	1.17381334699036e+03	0.00000000000000e+00	1
41	65	49	57	5.00000000000000e-02	0.00000000000000e+00	0.00000000000000e+00	0.00000000000000e+00	5.57992268900847e+01	0.00000000000000e+00	1.06806337002702e+03	0.00000000000000e+00	1
42	66	50	58	5.00000000000000e-02	0.00000000000000e+00	0.00000000000000e+00	0.00000000000000e+00	5.53929184134122e+01	0.00000000000000e+00	1.13194647614311e+03	0.00000000000000e+00	1
43	67	51	59	5.00000000000000e-02	0.00000000000000e+00	0.00000000000000e+00	0.00000000000000e+00	5.56463627122633e+01	0.00000000000000e+00	1.27525352028977e+03	0.00000000000000e+00	1
44	68	52	60	5.00000000000000e-02	0.00000000000000e+00	0.00000000000000e+00	0.00000000000000e+00	5.53229203105274e+01	0.00000000000000e+00	1.07195367719581e+03	0.00000000000000e+00	1
45	69	53	61	5.00000000000000e-02	0.00000000000000e+00	0.00000000000000e+00	0.00000000000000e+00	5.53826446376119e+01	0.00000000000000e+00	1.12178812976016e+03	0.00000000000000e+00	1
46	70	54	62	5.00000000000000e-02	0.00000000000000e+00	0.00000000000000e+00	0.00000000000000e+00	5.51306388659232e+01	0.00000000000000e+00	1.14929500254618e+03	0.00000000000000e+00	1
47	71	55	63	5.00000000000000e-02	0.00000000000000e+00	0.00000000000000e+00	0.00000000000000e+00	5.48538425306871e+01	0.00000000000000e+00	1.12837755724352e+03	0.00000000000000e+00	1
48	72	56	64	5.00000000000000e-02	0.00000000000000e+00	0.00000000000000e+00	0.00000000000000e+00	5.46997176529973e+01	0.00000000000000e+00	1.12019156880851e+03	0.00000000000000e+00	1
1	28	10	19	5.00000000000000e-02	0.00000000000000e+00	0.00000000000000e+00	0.00000000000000e+00	5.92416298143135e+01	0.00000000000000e+00	1.19941576923299e+03	0.00000000000000e+00	1
2	29	11	20	5.00000000000000e-02	0.00000000000000e+00	0.00000000000000e+00	0.00000000000000e+00	5.91278546754313e+01	0.00000000000000e+00	1.06117194092225e+03	0.00000000000000e+00	1
3	30	12	21	5.00000000000000e-02	0.00000000000000e+00	0.00000000000000e+00	0.00000000000000e+00	5.91278732323016e+01	0.00000000000000e+00	1.20274076289428e+03	0.00000000000000e+00	1
4	31	13	22	5.00000000000000e-02	0.00000000000000e+00	0.00000000000000e+00	0.00000000000000e+00	5.92547435623745e+01	0.00000000000000e+00	1.16460550305634e+03	0.00000000000000e+00	1
5	32	14	23	5.00000000000000e-02	0.00000000000000e+00	0.00000000000000e+00	0.00000000000000e+00	5.93335686029675e+01	0.00000000000000e+00	1.20487643063419e+03	0.00000000000000e+00	1
6	33	15	24	5.00000000000000e-02	0.00000000000000e+00	0.00000000000000e+00	0.00000000000000e+00	5.89122387028545e+01	0.00000000000000e+00	1.15854032638990e+03	0.00000000000000e+00	1
7	34	16	25	5.00000000000000e-02	0.00000000000000e+00	0.00000000000000e+00	0.00000000000000e+00	5.78865735501362e+01	0.00000000000000e+00	1.05810184069829e+03	0.00000000000000e+00	1
8	35	17	26	5.00000000000000e-02	0.00000000000000e+00	0.00000000000000e+00	0.00000000000000e+00	5.70128127600235e+01	0.00000000000000e+00	9.61726748507346e+02	0.00000000000000e+00	1
9	36	18	27	5.00000000000000e-02	0.00000000000000e+00	0.00000000000000e+00	0.00000000000000e+00	5.66806449966353e+01	0.00000000000000e+00	1.01670243331167e+03	0.00000000000000e+00	1
10	37	19	28	5.00000000000000e-02	0.00000000000000e+00	0.00000000000000e+00	0.00000000000000e+00	5.69754083874618e+01	0.00000000000000e+00	1.06428045401180e+03	0.00000000000000e+00	1
11	38	20	29	5.00000000000000e-02	0.00000000000000e+00	0.00000000000000e+00	0.00000000000000e+00	5.82229133482711e+01	0.00000000000000e+00	1.15310849790215e+03	0.00000000000000e+00	1
12	39	21	30	5.00000000000000e-02	0.00000000000000e+00	0.00000000000000e+00	0.00000000000000e+00	5.99890810482926e+01	0.00000000000000e+00	1.12983617951380e+03	0.00000000000000e+00	1
13	40	22	31	5.00000000000000e-02	0.00000000000000e+00	0.00000000000000e+00	0.00000000000000e+00	6.20204969588472e+01	0.00000000000000e+00	1.20567322781803e+03	0.00000000000000e+00	1
14	41	23	32	5.00000000000000e-02	0.00000000000000e+00	0.00000000000000e+00	0.00000000000000e+00	6.42155194272854e+01	0.00000000000000e+00	1.33542238955651e+03	0.00000000000000e+00	1
15	42	24	33	5.00000000000000e-02	0.00000000000000e+00	0.00000000000000e+00	0.00000000000000e+00	6.62653967419533e+01	0.00000000000000e+00	1.32189599037132e+03	0.00000000000000e+00	1
16	43	25	34	5.00000000000000e-02	0.00000000000000e+00	0.00000000000000e+00	0.00000000000000e+00	6.70395516127007e+01	0.00000000000000e+00	1.45920855547439e+03	0.00000000000000e+00	1
17	44	26	35	5.00000000000000e-02	0.00000000000000e+00	0.00000000000000e+00	0.00000000000000e+00	6.71907593500794e+01	0.00000000000000e+00	1.69688912150058e+03	0.00000000000000e+00	1
18	45	27	36	5.00000000000000e-02	0.00000000000000e+00	0.00000000000000e+00	0.00000000000000e+00	6.77472689102153e+01	0.00000000000000e+00	1.82322359849249e+03	0.00000000000000e+00	1
19	46	28	37	5.00000000000000e-02	0.00000000000000e+00	0.00000000000000e+00	0.00000000000000e+00	6.78943613358892e+01	0.00000000000000e+00	1.75729850812716e+03	0.00000000000000e+00	1
20	47	29	38	5.00000000000000e-02	0.00000000000000e+00	0.00000000000000e+00	0.00000000000000e+00	6.71907806414562e+01	0.00000000000000e+00	1.70049941878482e+03	0.00000000000000e+00	1
21	48	30	39	5.00000000000000e-02	0.00000000000000e+00	0.00000000000000e+00	0.00000000000000e+00	6.67288119240370e+01	0.00000000000000e+00	1.71586312165957e+03	0.00000000000000e+00	1
22	49	31	40	5.00000000000000e-02	0.00000000000000e+00	0.00000000000000e+00	0.00000000000000e+00	6.60184104448686e+01	0.00000000000000e+00	1.69686929909085e+03	0.00000000000000e+00	1
23	50	32	41	5.00000000000000e-02	0.00000000000000e+00	0.00000000000000e+00	0.00000000000000e+00	6.52821273242657e+01	0.00000000000000e+00	1.54511133784968e+03	0.00000000000000e+00	1
24	51	33	42	5.00000000000000e-02	0.00000000000000e+00	0.00000000000000e+00	0.00000000000000e+00	6.40032004188803e+01	0.00000000000000e+00	1.43871462385005e+03	0.00000000000000e+00	1
25	52	34	43	5.00000000000000e-02	0.00000000000000e+00	0.00000000000000e+00	0.00000000000000e+00	6.20206014503060e+01	0.00000000000000e+00	1.34571532678105e+03	0.00000000000000e+00	1
26	53	35	44	5.00000000000000e-02	0.00000000000000e+00	0.00000000000000e+00	0.00000000000000e+00	6.01735946635243e+01	0.00000000000000e+00	1.19928829220327e+03	0.00000000000000e+00	1
27	54	36	45	5.00000000000000e-02	0.00000000000000e+00	0.00000000000000e+00	0.00000000000000e+00	5.88002388099160e+01	0.00000000000000e+00	1.14349159358732e+03	0.00000000000000e+00	1
28	55	37	46	5.00000000000000e-02	0.00000000000000e+00	0.00000000000000e+00	0.00000000000000e+00	5.81772181244564e+01	0.00000000000000e+00	1.07606358393943e+03	0.00000000000000e+00	1
29	56	38	47	5.00000000000000e-02	0.00000000000000e+00	0.00000000000000e+00	0.00000000000000e+00	5.84167997935691e+01	0.00000000000000e+00	1.14509485818947e+03	0.00000000000000e+00	1
30	57	39	48	5.00000000000000e-02	0.00000000000000e+00	0.00000000000000e+00	0.00000000000000e+00	5.91402816571618e+01	0.00000000000000e+00	1.12024966041585e+03	0.00000000000000e+00	1
31	58	40	49	5.00000000000000e-02	0.00000000000000e+00	0.00000000000000e+00	0.00000000000000e+00	6.04316986430007e+01	0.00000000000000e+00	1.03439306183714e+03	0.00000000000000e+00	1
32	59	41	50	5.00000000000000e-02	0.00000000000000e+00	0.00000000000000e+00	0.00000000000000e+00	6.18403721220105e+01	0.00000000000000e+00	1.12423300239362e+03	0.00000000000000e+00	1
33	60	42	51	5.00000000000000e-02	0.00000000000000e+00	0.00000000000000e+00	0.00000000000000e+00	6.30019811823223e+01	0.00000000000000e+00	1.31581413264359e+03	0.00000000000000e+00	1
34	61	43	52	5.00000000000000e-02	0.00000000000000e+00	0.00000000000000e+00	0.00000000000000e+00	6.29852832053003e+01	0.00000000000000e+00	1.25168047378851e+03	0.00000000000000e+00	1
35	62	44	53	5.00000000000000e-02	0.00000000000000e+00	0.00000000000000e+00	0.00000000000000e+00	6.26133091253228e+01	0.00000000000000e+00	1.19715945782967e+03	0.00000000000000e+00	1
36	63	45	54	5.00000000000000e-02	0.00000000000000e+00	0.00000000000000e+00	0.00000000000000e+00	6.29750463228810e+01	0.00000000000000e+00	1.24665682238864e+03	0.00000000000000e+00	1
37	64	46	55	5.00000000000000e-02	0.00000000000000e+00	0.00000000000000e+00	0.00000000000000e+00	6.29489325787555e+01	0.00000000000000e+00	1.32157982765852e+03	0.00000000000000e+00	1
38	65	47	56	5.00000000000000e-02	0.00000000000000e+00	0.00000000000000e+00	0.00000000000000e+00	6.26205240258497e+01	0.00000000000000e+00	1.21532030171528e+03	0.00000000000000e+00	1
39	66	48	57	5.00000000000000e-02	0.00000000000000e+00	0.00000000000000e+00	0.00000000000000e+00	6.26327644420663e+01	0.00000000000000e+00	1.25367229508683e+03	0.00000000000000e+00	1
40	67	49	58	5.00000000000000e-02	0.00000000000000e+00	0.00000000000000e+00	0.00000000000000e+00	6.24383623933817e+01	0.00000000000000e+00	1.23990146144394e+03	0.00000000000000e+00	1
41	68	50	59	5.00000000000000e-02	0.00000000000000e+00	0.00000000000000e+00	0.00000000000000e+00	6.23674420445420e+01	0.00000000000000e+00	1.19045203802672e+03	0.00000000000000e+00	1
42	69	51	60	5.00000000000000e-02	0.00000000000000e+00	0.00000000000000e+00	0.00000000000000e+00	6.23157368560429e+01	0.00000000000000e+00	1.17044686030705e+03	0.00000000000000e+00	1
43	70	52	61	5.00000000000000e-02	0.00000000000000e+00	0.00000000000000e+00	0.00000000000000e+00	6.24207130293278e+01	0.00000000000000e+00	1.14858561255195e+03	0.00000000000000e+00	1
44	71	53	62	5.00000000000000e-02	0.00000000000000e+00	0.00000000000000e+00	0.00000000000000e+00	6.22878081918178e+01	0.00000000000000e+00	1.19155870094365e+03	0.00000000000000e+00	1
45	72	54	63	5.00000000000000e-02	0.00000000000000e+00	0.00000000000000e+00	0.00000000000000e+00	6.18978360523384e+01	0.00000000000000e+00	1.19961707971656e+03	0.00000000000000e+00	1
1	31	11	21	5.00000000000000e-02	0.00000000000000e+00	0.00000000000000e+00	0.00000000000000e+00	6.56930279686723e+01	0.00000000000000e+00	1.14009264205368e+03	0.00000000000000e+00	1
2	32	12	22	5.00000000000000e-02	0.00000000000000e+00	0.00000000000000e+00	0.00000000000000e+00	6.56930740292213e+01	0.00000000000000e+00	1.16962262080632e+03	0.00000000000000e+00	1
3	33	13	23	5.00000000000000e-02	0.00000000000000e+00	0.00000000000000e+00	0.00000000000000e+00	6.52364440570519e+01	0.00000000000000e+00	1.06396442031107e+03	0.00000000000000e+00	1
4	34	14	24	5.00000000000000e-02	0.00000000000000e+00	0.00000000000000e+00	0.00000000000000e+00	6.43578455776311e+01	0.00000000000000e+00	1.08722175905088e+03	0.00000000000000e+00	1
5	35	15	25	5.00000000000000e-02	0.00000000000000e+00	0.00000000000000e+00	0.00000000000000e+00	6.34047008201116e+01	0.00000000000000e+00	9.51374795663062e+02	0.00000000000000e+00	1
6	36	16	26	5.00000000000000e-02	0.00000000000000e+00	0.00000000000000e+00	0.00000000000000e+00	6.30130128670082e+01	0.00000000000000e+00	1.15011672897497e+03	0.00000000000000e+00	1
7	37	17	27	5.00000000000000e-02	0.00000000000000e+00	0.00000000000000e+00	0.00000000000000e+00	6.30238276230040e+01	0.00000000000000e+00	1.06832411671791e+03	0.00000000000000e+00	1
8	38	18	28	5.00000000000000e-02	0.00000000000000e+00	0.00000000000000e+00	0.00000000000000e+00	6.37122132179348e+01	0.00000000000000e+00	1.06433296215793e+03	0.00000000000000e+00	1
9	39	19	29	5.00000000000000e-02	0.00000000000000e+00	0.00000000000000e+00	0.00000000000000e+00	6.49812186549083e+01	0.00000000000000e+00	1.01158359668624e+03	0.00000000000000e+00	1
10	40	20	30	5.00000000000000e-02	0.00000000000000e+00	0.00000000000000e+00	0.00000000000000e+00	6.69126033249670e+01	0.00000000000000e+00	1.11624026609813e+03	0.00000000000000e+00	1
11	41	21	31	5.00000000000000e-02	0.00000000000000e+00	0.00000000000000e+00	0.00000000000000e+00	6.89973428130588e+01	0.00000000000000e+00	1.17501546291086e+03	0.00000000000000e+00	1
12	42	22	32	5.00000000000000e-02	0.00000000000000e+00	0.00000000000000e+00	0.00000000000000e+00	7.14664789799929e+01	0.00000000000000e+00	1.36636168875695e+03	0.00000000000000e+00	1
13	43	23	33	5.00000000000000e-02	0.00000000000000e+00	0.00000000000000e+00	0.00000000000000e+00	7.34892874044580e+01	0.00000000000000e+00	1.39604568565536e+03	0.00000000000000e+00	1
14	44	24	34	5.00000000000000e-02	0.00000000000000e+00	0.00000000000000e+00	0.00000000000000e+00	7.42832200764713e+01	0.00000000000000e+00	1.46898073957371e+03	0.00000000000000e+00	1
15	45	25	35	5.00000000000000e-02	0.00000000000000e+00	0.00000000000000e+00	0.00000000000000e+00	7.45083101293128e+01	0.00000000000000e+00	1.62370575718441e+03	0.00000000000000e+00	1
16	46	26	36	5.00000000000000e-02	0.00000000000000e+00	0.00000000000000e+00	0.00000000000000e+00	7.48710736563704e+01	0.00000000000000e+00	1.64068755932688e+03	0.00000000000000e+00	1
17	47	27	37	5.00000000000000e-02	0.00000000000000e+00	0.00000000000000e+00	0.00000000000000e+00	7.50133287732018e+01	0.00000000000000e+00	1.74958616844679e+03	0.00000000000000e+00	1
18	48	28	38	5.00000000000000e-02	0.00000000000000e+00	0.00000000000000e+00	0.00000000000000e+00	7.47273283050509e+01	0.00000000000000e+00	1.81157861909803e+03	0.00000000000000e+00	1
19	49	29	39	5.00000000000000e-02	0.00000000000000e+00	0.00000000000000e+00	0.00000000000000e+00	7.43193908267039e+01	0.00000000000000e+00	1.68500378348792e+03	0.00000000000000e+00	1
20	50	30	40	5.00000000000000e-02	0.00000000000000e+00	0.00000000000000e+00	0.00000000000000e+00	7.35424181730448e+01	0.00000000000000e+00	1.65604691828790e+03	0.00000000000000e+00	1
21	51	31	41	5.00000000000000e-02	0.00000000000000e+00	0.00000000000000e+00	0.00000000000000e+00	7.30683862221619e+01	0.00000000000000e+00	1.63475068701957e+03	0.00000000000000e+00	1
22	52	32	42	5.00000000000000e-02	0.00000000000000e+00	0.00000000000000e+00	0.00000000000000e+00	7.22960674570027e+01	0.00000000000000e+00	1.56891946353284e+03	0.00000000000000e+00	1
23	53	33	43	5.00000000000000e-02	0.00000000000000e+00	0.00000000000000e+00	0.00000000000000e+00	7.09612807328883e+01	0.00000000000000e+00	1.55609783799949e+03	0.00000000000000e+00	1
24	54	34	44	5.00000000000000e-02	0.00000000000000e+00	0.00000000000000e+00	0.00000000000000e+00	6.87774145991260e+01	0.00000000000000e+00	1.31724061215848e+03	0.00000000000000e+00	1
25	55	35	45	5.00000000000000e-02	0.00000000000000e+00	0.00000000000000e+00	0.00000000000000e+00	6.66534625132359e+01	0.00000000000000e+00	1.18533616542185e+03	0.00000000000000e+00	1
26	56	36	46	5.00000000000000e-02	0.00000000000000e+00	0.00000000000000e+00	0.00000000000000e+00	6.52536281305192e+01	0.00000000000000e+00	1.13326205993090e+03	0.00000000000000e+00	1
27	57	37	47	5.00000000000000e-02	0.00000000000000e+00	0.00000000000000e+00	0.00000000000000e+00	6.43688312885703e+01	0.00000000000000e+00	1.22285389727033e+03	0.00000000000000e+00	1
28	58	38	48	5.00000000000000e-02	0.00000000000000e+00	0.00000000000000e+00	0.00000000000000e+00	6.43183440272883e+01	0.00000000000000e+00	1.08979409793878e+03	0.00000000000000e+00	1
29	59	39	49	5.00000000000000e-02	0.00000000000000e+00	0.00000000000000e+00	0.00000000000000e+00	6.47537204834776e+01	0.00000000000000e+00	1.05366646271785e+03	0.00000000000000e+00	1
30	60	40	50	5.00000000000000e-02	0.00000000000000e+00	0.00000000000000e+00	0.00000000000000e+00	6.60501164208540e+01	0.00000000000000e+00	1.08817690630137e+03	0.00000000000000e+00	1
31	61	41	51	5.00000000000000e-02	0.00000000000000e+00	0.00000000000000e+00	0.00000000000000e+00	6.68180885266866e+01	0.00000000000000e+00	1.17640789650357e+03	0.00000000000000e+00	1
32	62	42	52	5.00000000000000e-02	0.00000000000000e+00	0.00000000000000e+00	0.00000000000000e+00	6.82510811515617e+01	0.00000000000000e+00	1.17058477298418e+03	0.00000000000000e+00	1
33	63	43	53	5.00000000000000e-02	0.00000000000000e+00	0.00000000000000e+00	0.00000000000000e+00	6.92818624415570e+01	0.00000000000000e+00	1.17135580499715e+03	0.00000000000000e+00	1
34	64	44	54	5.00000000000000e-02	0.00000000000000e+00	0.00000000000000e+00	0.00000000000000e+00	6.96083331438973e+01	0.00000000000000e+00	1.23450308140558e+03	0.00000000000000e+00	1
35	65	45	55	5.00000000000000e-02	0.00000000000000e+00	0.00000000000000e+00	0.00000000000000e+00	6.94501473208655e+01	0.00000000000000e+00	1.20685588941958e+03	0.00000000000000e+00	1
36	66	46	56	5.00000000000000e-02	0.00000000000000e+00	0.00000000000000e+00	0.00000000000000e+00	6.96128753297942e+01	0.00000000000000e+00	1.28413331360501e+03	0.00000000000000e+00	1
37	67	47	57	5.00000000000000e-02	0.00000000000000e+00	0.00000000000000e+00	0.00000000000000e+00	6.98081822860283e+01	0.00000000000000e+00	1.33232250831164e+03	0.00000000000000e+00	1
38	68	48	58	5.00000000000000e-02	0.00000000000000e+00	0.00000000000000e+00	0.00000000000000e+00	6.94286291626980e+01	0.00000000000000e+00	1.16688873550134e+03	0.00000000000000e+00	1
39	69	49	59	5.00000000000000e-02	0.00000000000000e+00	0.00000000000000e+00	0.00000000000000e+00	6.94547832377493e+01	0.00000000000000e+00	1.33990948285572e+03	0.00000000000000e+00	1
40	70	50	60	5.00000000000000e-02	0.00000000000000e+00	0.00000000000000e+00	0.00000000000000e+00	6.88806231628558e+01	0.00000000000000e+00	1.27678217221983e+03	0.00000000000000e+00	1
41	71	51	61	5.00000000000000e-02	0.00000000000000e+00	0.00000000000000e+00	0.00000000000000e+00	6.91677442075246e+01	0.00000000000000e+00	1.24289845775170e+03	0.00000000000000e+00	1
42	72	52	62	5.00000000000000e-02	0.00000000000000e+00	0.00000000000000e+00	0.00000000000000e+00	6.91652029586946e+01	0.00000000000000e+00	1.28080966370555e+03	0.00000000000000e+00	1
1	34	12	23	5.00000000000000e-02	0.00000000000000e+00	0.00000000000000e+00	0.00000000000000e+00	7.07269978374330e+01	0.00000000000000e+00	1.07901486662103e+03	0.00000000000000e+00	1
2	35	13	24	5.00000000000000e-02	0.00000000000000e+00	0.00000000000000e+00	0.00000000000000e+00	6.97157088379238e+01	0.00000000000000e+00	9.72877615453850e+02	0.00000000000000e+00	1
3	36	14	25	5.00000000000000e-02	0.00000000000000e+00	0.00000000000000e+00	0.00000000000000e+00	6.92547925283718e+01	0.00000000000000e+00	1.11857628965841e+03	0.00000000000000e+00	1
4	37	15	26	5.00000000000000e-02	0.00000000000000e+00	0.00000000000000e+00	0.00000000000000e+00	6.91803479458781e+01	0.00000000000000e+00	1.04722178422678e+03	0.00000000000000e+00	1
5	38	16	27	5.00000000000000e-02	0.00000000000000e+00	0.00000000000000e+00	0.00000000000000e+00	6.96293570433393e+01	0.00000000000000e+00	1.02617849825491e+03	0.00000000000000e+00	1
6	39	17	28	5.00000000000000e-02	0.00000000000000e+00	0.00000000000000e+00	0.00000000000000e+00	7.04943759667509e+01	0.00000000000000e+00	9.84625529026039e+02	0.00000000000000e+00	1
7	40	18	29	5.00000000000000e-02	0.00000000000000e+00	0.00000000000000e+00	0.00000000000000e+00	7.18557456675968e+01	0.00000000000000e+00	1.04004457210401e+03	0.00000000000000e+00	1
8	41	19	30	5.00000000000000e-02	0.00000000000000e+00	0.00000000000000e+00	0.00000000000000e+00	7.37588624282347e+01	0.00000000000000e+00	1.14923596127706e+03	0.00000000000000e+00	1
9	42	20	31	5.00000000000000e-02	0.00000000000000e+00	0.00000000000000e+00	0.00000000000000e+00	7.60672755449878e+01	0.00000000000000e+00	1.32957684581538e+03	0.00000000000000e+00	1
10	43	21	32	5.00000000000000e-02	0.00000000000000e+00	0.00000000000000e+00	0.00000000000000e+00	7.85622062607740e+01	0.00000000000000e+00	1.28257602104125e+03	0.00000000000000e+00	1
11	44	22	33	5.00000000000000e-02	0.00000000000000e+00	0.00000000000000e+00	0.00000000000000e+00	8.06518521574003e+01	0.00000000000000e+00	1.37164527862330e+03	0.00000000000000e+00	1
12	45	23	34	5.00000000000000e-02	0.00000000000000e+00	0.00000000000000e+00	0.00000000000000e+00	8.16774807303436e+01	0.00000000000000e+00	1.56493242511463e+03	0.00000000000000e+00	1
13	46	24	35	5.00000000000000e-02	0.00000000000000e+00	0.00000000000000e+00	0.00000000000000e+00	8.17150369947227e+01	0.00000000000000e+00	1.65004194350440e+03	0.00000000000000e+00	1
14	47	25	36	5.00000000000000e-02	0.00000000000000e+00	0.00000000000000e+00	0.00000000000000e+00	8.20110850403746e+01	0.00000000000000e+00	1.69806187190908e+03	0.00000000000000e+00	1
15	48	26	37	5.00000000000000e-02	0.00000000000000e+00	0.00000000000000e+00	0.00000000000000e+00	8.21612980806996e+01	0.00000000000000e+00	1.72295701926196e+03	0.00000000000000e+00	1
16	49	27	38	5.00000000000000e-02	0.00000000000000e+00	0.00000000000000e+00	0.00000000000000e+00	8.16199154649032e+01	0.00000000000000e+00	1.80750081395340e+03	0.00000000000000e+00	1
17	50	28	39	5.00000000000000e-02	0.00000000000000e+00	0.00000000000000e+00	0.00000000000000e+00	8.13833273855907e+01	0.00000000000000e+00	1.58510774710106e+03	0.00000000000000e+00	1
18	51	29	40	5.00000000000000e-02	0.00000000000000e+00	0.00000000000000e+00	0.00000000000000e+00	8.12625767085139e+01	0.00000000000000e+00	1.74008747055185e+03	0.00000000000000e+00	1
19	52	30	41	5.00000000000000e-02	0.00000000000000e+00	0.00000000000000e+00	0.00000000000000e+00	8.10260507911024e+01	0.00000000000000e+00	1.49468364721144e+03	0.00000000000000e+00	1
20	53	31	42	5.00000000000000e-02	0.00000000000000e+00	0.00000000000000e+00	0.00000000000000e+00	8.00758567571062e+01	0.00000000000000e+00	1.58544330175155e+03	0.00000000000000e+00	1
21	54	32	43	5.00000000000000e-02	0.00000000000000e+00	0.00000000000000e+00	0.00000000000000e+00	7.89995105241331e+01	0.00000000000000e+00	1.63203610287777e+03	0.00000000000000e+00	1
22	55	33	44	5.00000000000000e-02	0.00000000000000e+00	0.00000000000000e+00	0.00000000000000e+00	7.75260462073428e+01	0.00000000000000e+00	1.43543853000347e+03	0.00000000000000e+00	1
23	56	34	45	5.00000000000000e-02	0.00000000000000e+00	0.00000000000000e+00	0.00000000000000e+00	7.51856712683592e+01	0.00000000000000e+00	1.28186314720612e+03	0.00000000000000e+00	1
24	57	35	46	5.00000000000000e-02	0.00000000000000e+00	0.00000000000000e+00	0.00000000000000e+00	7.31213312023577e+01	0.00000000000000e+00	1.22906983850182e+03	0.00000000000000e+00	1
25	58	36	47	5.00000000000000e-02	0.00000000000000e+00	0.00000000000000e+00	0.00000000000000e+00	7.17276343811772e+01	0.00000000000000e+00	1.15856732675767e+03	0.00000000000000e+00	1
26	59	37	48	5.00000000000000e-02	0.00000000000000e+00	0.00000000000000e+00	0.00000000000000e+00	7.07082837526916e+01	0.00000000000000e+00	1.21943845798967e+03	0.00000000000000e+00	1
27	60	38	49	5.00000000000000e-02	0.00000000000000e+00	0.00000000000000e+00	0.00000000000000e+00	7.05478087777430e+01	0.00000000000000e+00	1.03980518915769e+03	0.00000000000000e+00	1
28	61	39	50	5.00000000000000e-02	0.00000000000000e+00	0.00000000000000e+00	0.00000000000000e+00	7.07532128094127e+01	0.00000000000000e+00	1.05404073184024e+03	0.00000000000000e+00	1
29	62	40	51	5.00000000000000e-02	0.00000000000000e+00	0.00000000000000e+00	0.00000000000000e+00	7.11851717794977e+01	0.00000000000000e+00	1.14257108843729e+03	0.00000000000000e+00	1
30	63	41	52	5.00000000000000e-02	0.00000000000000e+00	0.00000000000000e+00	0.00000000000000e+00	7.19912725810691e+01	0.00000000000000e+00	1.15165396492952e+03	0.00000000000000e+00	1
31	64	42	53	5.00000000000000e-02	0.00000000000000e+00	0.00000000000000e+00	0.00000000000000e+00	7.31469314960515e+01	0.00000000000000e+00	1.12825874934038e+03	0.00000000000000e+00	1
32	65	43	54	5.00000000000000e-02	0.00000000000000e+00	0.00000000000000e+00	0.00000000000000e+00	7.46533558012506e+01	0.00000000000000e+00	1.28638385140154e+03	0.00000000000000e+00	1
33	66	44	55	5.00000000000000e-02	0.00000000000000e+00	0.00000000000000e+00	0.00000000000000e+00	7.59082169541906e+01	0.00000000000000e+00	1.25324130079633e+03	0.00000000000000e+00	1
34	67	45	56	5.00000000000000e-02	0.00000000000000e+00	0.00000000000000e+00	0.00000000000000e+00	7.65115138810867e+01	0.00000000000000e+00	1.27710943197540e+03	0.00000000000000e+00	1
35	68	46	57	5.00000000000000e-02	0.00000000000000e+00	0.00000000000000e+00	0.00000000000000e+00	7.64154134232386e+01	0.00000000000000e+00	1.22679648193306e+03	0.00000000000000e+00	1
36	69	47	58	5.00000000000000e-02	0.00000000000000e+00	0.00000000000000e+00	0.00000000000000e+00	7.65709551840609e+01	0.00000000000000e+00	1.19822151919249e+03	0.00000000000000e+00	1
37	70	48	59	5.00000000000000e-02	0.00000000000000e+00	0.00000000000000e+00	0.00000000000000e+00	7.66311405194671e+01	0.00000000000000e+00	1.36025830000186e+03	0.00000000000000e+00	1
38	71	49	60	5.00000000000000e-02	0.00000000000000e+00	0.00000000000000e+00	0.00000000000000e+00	7.58939757578767e+01	0.00000000000000e+00	1.29558658269527e+03	0.00000000000000e+00	1
39	72	50	61	5.00000000000000e-02	0.00000000000000e+00	0.00000000000000e+00	0.00000000000000e+00	7.57229348223360e+01	0.00000000000000e+00	1.29215364110685e+03	0.00000000000000e+00	1
1	37	13	25	5.00000000000000e-02	0.00000000000000e+00	0.00000000000000e+00	0.00000000000000e+00	7.53393401864660e+01	0.00000000000000e+00	9.39909652151328e+02	0.00000000000000e+00	1
2	38	14	26	5.00000000000000e-02	0.00000000000000e+00	0.00000000000000e+00	0.00000000000000e+00	7.55466726631554e+01	0.00000000000000e+00	9.21973130213497e+02	0.00000000000000e+00	1
3	39	15	27	5.00000000000000e-02	0.00000000000000e+00	0.00000000000000e+00	0.00000000000000e+00	7.61568021254637e+01	0.00000000000000e+00	1.01203769173556e+03	0.00000000000000e+00	1
4	40	16	28	5.00000000000000e-02	0.00000000000000e+00	0.00000000000000e+00	0.00000000000000e+00	7.73694157265203e+01	0.00000000000000e+00	1.09187280433569e+03	0.00000000000000e+00	1
5	41	17	29	5.00000000000000e-02	0.00000000000000e+00	0.00000000000000e+00	0.00000000000000e+00	7.88007616181125e+01	0.00000000000000e+00	1.08402454254231e+03	0.00000000000000e+00	1
6	42	18	30	5.00000000000000e-02	0.00000000000000e+00	0.00000000000000e+00	0.00000000000000e+00	8.07506673333072e+01	0.00000000000000e+00	1.23595561703531e+03	0.00000000000000e+00	1
7	43	19	31	5.00000000000000e-02	0.00000000000000e+00	0.00000000000000e+00	0.00000000000000e+00	8.29748616695655e+01	0.00000000000000e+00	1.22075382434870e+03	0.00000000000000e+00	1
8	44	20	32	5.00000000000000e-02	0.00000000000000e+00	0.00000000000000e+00	0.00000000000000e+00	8.57426656148999e+01	0.00000000000000e+00	1.31955118364922e+03	0.00000000000000e+00	1
9	45	21	33	5.00000000000000e-02	0.00000000000000e+00	0.00000000000000e+00	0.00000000000000e+00	8.80116572352522e+01	0.00000000000000e+00	1.48809185375951e+03	0.00000000000000e+00	1
10	46	22	34	5.00000000000000e-02	0.00000000000000e+00	0.00000000000000e+00	0.00000000000000e+00	8.87277851042210e+01	0.00000000000000e+00	1.67368184988279e+03	0.00000000000000e+00	1
11	47	23	35	5.00000000000000e-02	0.00000000000000e+00	0.00000000000000e+00	0.00000000000000e+00	8.87894154418014e+01	0.00000000000000e+00	1.71578101794017e+03	0.00000000000000e+00	1
12	48	24	36	5.00000000000000e-02	0.00000000000000e+00	0.00000000000000e+00	0.00000000000000e+00	8.91177428157260e+01	0.00000000000000e+00	1.73758238206998e+03	0.00000000000000e+00	1
13	49	25	37	5.00000000000000e-02	0.00000000000000e+00	0.00000000000000e+00	0.00000000000000e+00	8.92111756096397e+01	0.00000000000000e+00	1.65823542090597e+03	0.00000000000000e+00	1
14	50	26	38	5.00000000000000e-02	0.00000000000000e+00	0.00000000000000e+00	0.00000000000000e+00	8.86151832638625e+01	0.00000000000000e+00	1.61144845787531e+03	0.00000000000000e+00	1
15	51	27	39	5.00000000000000e-02	0.00000000000000e+00	0.00000000000000e+00	0.00000000000000e+00	8.85730887852927e+01	0.00000000000000e+00	1.86864785865618e+03	0.00000000000000e+00	1
16	52	28	40	5.00000000000000e-02	0.00000000000000e+00	0.00000000000000e+00	0.00000000000000e+00	8.83654245335532e+01	0.00000000000000e+00	1.62969117559632e+03	0.00000000000000e+00	1
17	53	29	41	5.00000000000000e-02	0.00000000000000e+00	0.00000000000000e+00	0.00000000000000e+00	8.83049617828081e+01	0.00000000000000e+00	1.59047066102227e+03	0.00000000000000e+00	1
18	54	30	42	5.00000000000000e-02	0.00000000000000e+00	0.00000000000000e+00	0.00000000000000e+00	8.77768580657441e+01	0.00000000000000e+00	1.66237137843359e+03	0.00000000000000e+00	1
19	55	31	43	5.00000000000000e-02	0.00000000000000e+00	0.00000000000000e+00	0.00000000000000e+00	8.68899474558250e+01	0.00000000000000e+00	1.63756660025533e+03	0.00000000000000e+00	1
20	56	32	44	5.00000000000000e-02	0.00000000000000e+00	0.00000000000000e+00	0.00000000000000e+00	8.56044385879489e+01	0.00000000000000e+00	1.45126470693265e+03	0.00000000000000e+00	1
21	57	33	45	5.00000000000000e-02	0.00000000000000e+00	0.00000000000000e+00	0.00000000000000e+00	8.37246379731248e+01	0.00000000000000e+00	1.38359093351594e+03	0.00000000000000e+00	1
22	58	34	46	5.00000000000000e-02	0.00000000000000e+00	0.00000000000000e+00	0.00000000000000e+00	8.16890399925939e+01	0.00000000000000e+00	1.27141124822382e+03	0.00000000000000e+00	1
23	59	35	47	5.00000000000000e-02	0.00000000000000e+00	0.00000000000000e+00	0.00000000000000e+00	7.96268520076874e+01	0.00000000000000e+00	1.18207028022665e+03	0.00000000000000e+00	1
24	60	36	48	5.00000000000000e-02	0.00000000000000e+00	0.00000000000000e+00	0.00000000000000e+00	7.83310253788684e+01	0.00000000000000e+00	1.12245300152298e+03	0.00000000000000e+00	1
25	61	37	49	5.00000000000000e-02	0.00000000000000e+00	0.00000000000000e+00	0.00000000000000e+00	7.72207880004224e+01	0.00000000000000e+00	1.18837802987626e+03	0.00000000000000e+00	1
26	62	38	50	5.00000000000000e-02	0.00000000000000e+00	0.00000000000000e+00	0.00000000000000e+00	7.67702373904269e+01	0.00000000000000e+00	1.06809923906950e+03	0.00000000000000e+00	1
27	63	39	51	5.00000000000000e-02	0.00000000000000e+00	0.00000000000000e+00	0.00000000000000e+00	7.64521067370425e+01	0.00000000000000e+00	1.04981804486729e+03	0.00000000000000e+00	1
28	64	40	52	5.00000000000000e-02	0.00000000000000e+00	0.00000000000000e+00	0.00000000000000e+00	7.66674993253178e+01	0.00000000000000e+00	1.17500190591267e+03	0.00000000000000e+00	1
29	65	41	53	5.00000000000000e-02	0.00000000000000e+00	0.00000000000000e+00	0.00000000000000e+00	7.71019068944058e+01	0.00000000000000e+00	1.19094991340053e+03	0.00000000000000e+00	1
30	66	42	54	5.00000000000000e-02	0.00000000000000e+00	0.00000000000000e+00	0.00000000000000e+00	7.83451795454300e+01	0.00000000000000e+00	1.11732896972425e+03	0.00000000000000e+00	1
31	67	43	55	5.00000000000000e-02	0.00000000000000e+00	0.00000000000000e+00	0.00000000000000e+00	7.97209584352587e+01	0.00000000000000e+00	1.16316513181452e+03	0.00000000000000e+00	1
32	68	44	56	5.00000000000000e-02	0.00000000000000e+00	0.00000000000000e+00	0.00000000000000e+00	8.14679718650139e+01	0.00000000000000e+00	1.02857316822637e+03	0.00000000000000e+00	1
33	69	45	57	5.00000000000000e-02	0.00000000000000e+00	0.00000000000000e+00	0.00000000000000e+00	8.31660943640169e+01	0.00000000000000e+00	1.23645436264733e+03	0.00000000000000e+00	1
34	70	46	58	5.00000000000000e-02	0.00000000000000e+00	0.00000000000000e+00	0.00000000000000e+00	8.34278128157153e+01	0.00000000000000e+00	1.26799380743448e+03	0.00000000000000e+00	1
35	71	47	59	5.00000000000000e-02	0.00000000000000e+00	0.00000000000000e+00	0.00000000000000e+00	8.31576749327951e+01	0.00000000000000e+00	1.29434021993451e+03	0.00000000000000e+00	1
36	72	48	60	5.00000000000000e-02	0.00000000000000e+00	0.00000000000000e+00	0.00000000000000e+00	8.29847138912657e+01	0.00000000000000e+00	1.34298797598734e+03	0.00000000000000e+00	1
1	40	14	27	5.00000000000000e-02	0.00000000000000e+00	0.00000000000000e+00	0.00000000000000e+00	8.29226412388741e+01	0.00000000000000e+00	1.02371690756102e+03	0.00000000000000e+00	1
2	41	15	28	5.00000000000000e-02	0.00000000000000e+00	0.00000000000000e+00	0.00000000000000e+00	8.40773878132835e+01	0.00000000000000e+00	9.98947163097365e+02	0.00000000000000e+00	1
3	42	16	29	5.00000000000000e-02	0.00000000000000e+00	0.00000000000000e+00	0.00000000000000e+00	8.57667322829106e+01	0.00000000000000e+00	1.18751354183602e+03	0.00000000000000e+00	1
4	43	17	30	5.00000000000000e-02	0.00000000000000e+00	0.00000000000000e+00	0.00000000000000e+00	8.78586022997875e+01	0.00000000000000e+00	1.14217344463640e+03	0.00000000000000e+00	1
5	44	18	31	5.00000000000000e-02	0.00000000000000e+00	0.00000000000000e+00	0.00000000000000e+00	9.01163538576637e+01	0.00000000000000e+00	1.25217291600952e+03	0.00000000000000e+00	1
6	45	19	32	5.00000000000000e-02	0.00000000000000e+00	0.00000000000000e+00	0.00000000000000e+00	9.28239623518598e+01	0.00000000000000e+00	1.30736987681744e+03	0.00000000000000e+00	1
7	46	20	33	5.00000000000000e-02	0.00000000000000e+00	0.00000000000000e+00	0.00000000000000e+00	9.49926474148262e+01	0.00000000000000e+00	1.39162518899641e+03	0.00000000000000e+00	1
8	47	21	34	5.00000000000000e-02	0.00000000000000e+00	0.00000000000000e+00	0.00000000000000e+00	9.59409630783917e+01	0.00000000000000e+00	1.64996650857435e+03	0.00000000000000e+00	1
9	48	22	35	5.00000000000000e-02	0.00000000000000e+00	0.00000000000000e+00	0.00000000000000e+00	9.58382846668333e+01	0.00000000000000e+00	1.46893238448271e+03	0.00000000000000e+00	1
10	49	23	36	5.00000000000000e-02	0.00000000000000e+00	0.00000000000000e+00	0.00000000000000e+00	9.60276197834531e+01	0.00000000000000e+00	1.76756633800393e+03	0.00000000000000e+00	1
11	50	24	37	5.00000000000000e-02	0.00000000000000e+00	0.00000000000000e+00	0.00000000000000e+00	9.60139166198097e+01	0.00000000000000e+00	1.63057368652771e+03	0.00000000000000e+00	1
12	51	25	38	5.00000000000000e-02	0.00000000000000e+00	0.00000000000000e+00	0.00000000000000e+00	9.58464086901164e+01	0.00000000000000e+00	1.63802244773969e+03	0.00000000000000e+00	1
13	52	26	39	5.00000000000000e-02	0.00000000000000e+00	0.00000000000000e+00	0.00000000000000e+00	9.57793521179840e+01	0.00000000000000e+00	1.56873208654569e+03	0.00000000000000e+00	1
14	53	27	40	5.00000000000000e-02	0.00000000000000e+00	0.00000000000000e+00	0.00000000000000e+00	9.54581040905755e+01	0.00000000000000e+00	1.60150847202808e+03	0.00000000000000e+00	1
15	54	28	41	5.00000000000000e-02	0.00000000000000e+00	0.00000000000000e+00	0.00000000000000e+00	9.53114384570169e+01	0.00000000000000e+00	1.71800489818833e+03	0.00000000000000e+00	1
16	55	29	42	5.00000000000000e-02	0.00000000000000e+00	0.00000000000000e+00	0.00000000000000e+00	9.47539769735006e+01	0.00000000000000e+00	1.74018588489862e+03	0.00000000000000e+00	1
17	56	30	43	5.00000000000000e-02	0.00000000000000e+00	0.00000000000000e+00	0.00000000000000e+00	9.42032175648344e+01	0.00000000000000e+00	1.59118935339169e+03	0.00000000000000e+00	1
18	57	31	44	5.00000000000000e-02	0.00000000000000e+00	0.00000000000000e+00	0.00000000000000e+00	9.32751419724249e+01	0.00000000000000e+00	1.53995951017899e+03	0.00000000000000e+00	1
19	58	32	45	5.00000000000000e-02	0.00000000000000e+00	0.00000000000000e+00	0.00000000000000e+00	9.20688715133065e+01	0.00000000000000e+00	1.65129354224057e+03	0.00000000000000e+00	1
20	59	33	46	5.00000000000000e-02	0.00000000000000e+00	0.00000000000000e+00	0.00000000000000e+00	9.03078349828969e+01	0.00000000000000e+00	1.48714714290018e+03	0.00000000000000e+00	1
21	60	34	47	5.00000000000000e-02	0.00000000000000e+00	0.00000000000000e+00	0.00000000000000e+00	8.82638387930741e+01	0.00000000000000e+00	1.45439680862054e+03	0.00000000000000e+00	1
22	61	35	48	5.00000000000000e-02	0.00000000000000e+00	0.00000000000000e+00	0.00000000000000e+00	8.62186429621175e+01	0.00000000000000e+00	1.32784714885464e+03	0.00000000000000e+00	1
23	62	36	49	5.00000000000000e-02	0.00000000000000e+00	0.00000000000000e+00	0.00000000000000e+00	8.47346669039496e+01	0.00000000000000e+00	1.20105374946092e+03	0.00000000000000e+00	1
24	63	37	50	5.00000000000000e-02	0.00000000000000e+00	0.00000000000000e+00	0.00000000000000e+00	8.37175106591872e+01	0.00000000000000e+00	1.13357862140020e+03	0.00000000000000e+00	1
25	64	38	51	5.00000000000000e-02	0.00000000000000e+00	0.00000000000000e+00	0.00000000000000e+00	8.27493467894464e+01	0.00000000000000e+00	1.18768186309387e+03	0.00000000000000e+00	1
26	65	39	52	5.00000000000000e-02	0.00000000000000e+00	0.00000000000000e+00	0.00000000000000e+00	8.22497107913522e+01	0.00000000000000e+00	1.13375057596843e+03	0.00000000000000e+00	1
27	66	40	53	5.00000000000000e-02	0.00000000000000e+00	0.00000000000000e+00	0.00000000000000e+00	8.22357230005745e+01	0.00000000000000e+00	1.09723567925537e+03	0.00000000000000e+00	1
28	67	41	54	5.00000000000000e-02	0.00000000000000e+00	0.00000000000000e+00	0.00000000000000e+00	8.27453343243938e+01	0.00000000000000e+00	1.10666039436429e+03	0.00000000000000e+00	1
29	68	42	55	5.00000000000000e-02	0.00000000000000e+00	0.00000000000000e+00	0.00000000000000e+00	8.36660345693897e+01	0.00000000000000e+00	1.13793167583985e+03	0.00000000000000e+00	1
30	69	43	56	5.00000000000000e-02	0.00000000000000e+00	0.00000000000000e+00	0.00000000000000e+00	8.50918583445137e+01	0.00000000000000e+00	1.23661838258279e+03	0.00000000000000e+00	1
31	70	44	57	5.00000000000000e-02	0.00000000000000e+00	0.00000000000000e+00	0.00000000000000e+00	8.67028514998677e+01	0.00000000000000e+00	1.13673743705453e+03	0.00000000000000e+00	1
32	71	45	58	5.00000000000000e-02	0.00000000000000e+00	0.00000000000000e+00	0.00000000000000e+00	8.84322712560613e+01	0.00000000000000e+00	1.22519923156308e+03	0.00000000000000e+00	1
33	72	46	59	5.00000000000000e-02	0.00000000000000e+00	0.00000000000000e+00	0.00000000000000e+00	8.98150822685630e+01	0.00000000000000e+00	1.19240098195751e+03	0.00000000000000e+00	1
1	43	15	29	5.00000000000000e-02	0.00000000000000e+00	0.00000000000000e+00	0.00000000000000e+00	9.27740519648684e+01	0.00000000000000e+00	1.10902326968226e+03	0.00000000000000e+00	1
2	44	16	30	5.00000000000000e-02	0.00000000000000e+00	0.00000000000000e+00	0.00000000000000e+00	9.49615375905977e+01	0.00000000000000e+00	1.21461701757853e+03	0.00000000000000e+00	1
3	45	17	31	5.00000000000000e-02	0.00000000000000e+00	0.00000000000000e+00	0.00000000000000e+00	9.73416696590083e+01	0.00000000000000e+00	1.20268616651412e+03	0.00000000000000e+00	1
4	46	18	32	5.00000000000000e-02	0.00000000000000e+00	0.00000000000000e+00	0.00000000000000e+00	9.98825445892846e+01	0.00000000000000e+00	1.24455308005895e+03	0.00000000000000e+00	1
5	47	19	33	5.00000000000000e-02	0.00000000000000e+00	0.00000000000000e+00	0.00000000000000e+00	1.01952797209052e+02	0.00000000000000e+00	1.34333754955861e+03	0.00000000000000e+00	1
6	48	20	34	5.00000000000000e-02	0.00000000000000e+00	0.00000000000000e+00	0.00000000000000e+00	1.02797465267673e+02	0.00000000000000e+00	1.50931115831034e+03	0.00000000000000e+00	1
7	49	21	35	5.00000000000000e-02	0.00000000000000e+00	0.00000000000000e+00	0.00000000000000e+00	1.02774393465137e+02	0.00000000000000e+00	1.64203793939295e+03	0.00000000000000e+00	1
8	50	22	36	5.00000000000000e-02	0.00000000000000e+00	0.00000000000000e+00	0.00000000000000e+00	1.02960563855875e+02	0.00000000000000e+00	1.54078907370142e+03	0.00000000000000e+00	1
9	51	23	37	5.00000000000000e-02	0.00000000000000e+00	0.00000000000000e+00	0.00000000000000e+00	1.03212440780943e+02	0.00000000000000e+00	1.58484154367725e+03	0.00000000000000e+00	1
10	52	24	38	5.00000000000000e-02	0.00000000000000e+00	0.00000000000000e+00	0.00000000000000e+00	1.02805117487330e+02	0.00000000000000e+00	1.69595104712503e+03	0.00000000000000e+00	1
11	53	25	39	5.00000000000000e-02	0.00000000000000e+00	0.00000000000000e+00	0.00000000000000e+00	1.02765734331820e+02	0.00000000000000e+00	1.46537768780754e+03	0.00000000000000e+00	1
12	54	26	40	5.00000000000000e-02	0.00000000000000e+00	0.00000000000000e+00	0.00000000000000e+00	1.02442473729032e+02	0.00000000000000e+00	1.80271059348962e+03	0.00000000000000e+00	1
13	55	27	41	5.00000000000000e-02	0.00000000000000e+00	0.00000000000000e+00	0.00000000000000e+00	1.02274502925560e+02	0.00000000000000e+00	1.56506646635437e+03	0.00000000000000e+00	1
14	56	28	42	5.00000000000000e-02	0.00000000000000e+00	0.00000000000000e+00	0.00000000000000e+00	1.01732675463798e+02	0.00000000000000e+00	1.80292613026332e+03	0.00000000000000e+00	1
15	57	29	43	5.00000000000000e-02	0.00000000000000e+00	0.00000000000000e+00	0.00000000000000e+00	1.01135252037607e+02	0.00000000000000e+00	1.73216629307859e+03	0.00000000000000e+00	1
16	58	30	44	5.00000000000000e-02	0.00000000000000e+00	0.00000000000000e+00	0.00000000000000e+00	1.00462049240550e+02	0.00000000000000e+00	1.45777308889889e+03	0.00000000000000e+00	1
17	59	31	45	5.00000000000000e-02	0.00000000000000e+00	0.00000000000000e+00	0.00000000000000e+00	9.93982835670243e+01	0.00000000000000e+00	1.72772073699100e+03	0.00000000000000e+00	1
18	60	32	46	5.00000000000000e-02	0.00000000000000e+00	0.00000000000000e+00	0.00000000000000e+00	9.86690885839332e+01	0.00000000000000e+00	1.44796946439138e+03	0.00000000000000e+00	1
19	61	33	47	5.00000000000000e-02	0.00000000000000e+00	0.00000000000000e+00	0.00000000000000e+00	9.70340908215804e+01	0.00000000000000e+00	1.48952317330875e+03	0.00000000000000e+00	1
20	62	34	48	5.00000000000000e-02	0.00000000000000e+00	0.00000000000000e+00	0.00000000000000e+00	9.47486323257648e+01	0.00000000000000e+00	1.42071052698276e+03	0.00000000000000e+00	1
21	63	35	49	5.00000000000000e-02	0.00000000000000e+00	0.00000000000000e+00	0.00000000000000e+00	9.26702111432080e+01	0.00000000000000e+00	1.23007713793465e+03	0.00000000000000e+00	1
22	64	36	50	5.00000000000000e-02	0.00000000000000e+00	0.00000000000000e+00	0.00000000000000e+00	9.12402789481092e+01	0.00000000000000e+00	1.22379529601246e+03	0.00000000000000e+00	1
23	65	37	51	5.00000000000000e-02	0.00000000000000e+00	0.00000000000000e+00	0.00000000000000e+00	8.97384856792531e+01	0.00000000000000e+00	1.13793405649242e+03	0.00000000000000e+00	1
24	66	38	52	5.00000000000000e-02	0.00000000000000e+00	0.00000000000000e+00	0.00000000000000e+00	8.87953175905051e+01	0.00000000000000e+00	1.15759802947751e+03	0.00000000000000e+00	1
25	67	39	53	5.00000000000000e-02	0.00000000000000e+00	0.00000000000000e+00	0.00000000000000e+00	8.82737043037550e+01	0.00000000000000e+00	1.05179449377034e+03	0.00000000000000e+00	1
26	68	40	54	5.00000000000000e-02	0.00000000000000e+00	0.00000000000000e+00	0.00000000000000e+00	8.82577122614992e+01	0.00000000000000e+00	1.14504398383684e+03	0.00000000000000e+00	1
27	69	41	55	5.00000000000000e-02	0.00000000000000e+00	0.00000000000000e+00	0.00000000000000e+00	8.85300798957593e+01	0.00000000000000e+00	1.09808683556440e+03	0.00000000000000e+00	1
28	70	42	56	5.00000000000000e-02	0.00000000000000e+00	0.00000000000000e+00	0.00000000000000e+00	8.92966029325780e+01	0.00000000000000e+00	1.07972452224675e+03	0.00000000000000e+00	1
29	71	43	57	5.00000000000000e-02	0.00000000000000e+00	0.00000000000000e+00	0.00000000000000e+00	9.03290945872760e+01	0.00000000000000e+00	1.05865023044705e+03	0.00000000000000e+00	1
30	72	44	58	5.00000000000000e-02	0.00000000000000e+00	0.00000000000000e+00	0.00000000000000e+00	9.17319397893180e+01	0.00000000000000e+00	1.08651171717244e+03	0.00000000000000e+00	1
1	46	16	31	5.00000000000000e-02	0.00000000000000e+00	0.00000000000000e+00	0.00000000000000e+00	1.04526704828070e+02	0.00000000000000e+00	1.24829156618554e+03	0.00000000000000e+00	1
2	47	17	32	5.00000000000000e-02	0.00000000000000e+00	0.00000000000000e+00	0.00000000000000e+00	1.06956004100912e+02	0.00000000000000e+00	1.35379384855041e+03	0.00000000000000e+00	1
3	48	18	33	5.00000000000000e-02	0.00000000000000e+00	0.00000000000000e+00	0.00000000000000e+00	1.08808507441863e+02	0.00000000000000e+00	1.29411236431590e+03	0.00000000000000e+00	1
4	49	19	34	5.00000000000000e-02	0.00000000000000e+00	0.00000000000000e+00	0.00000000000000e+00	1.09573644331417e+02	0.00000000000000e+00	1.52470493452837e+03	0.00000000000000e+00	1
5	50	20	35	5.00000000000000e-02	0.00000000000000e+00	0.00000000000000e+00	0.00000000000000e+00	1.09532309995894e+02	0.00000000000000e+00	1.48466974815355e+03	0.00000000000000e+00	1
6	51	21	36	5.00000000000000e-02	0.00000000000000e+00	0.00000000000000e+00	0.00000000000000e+00	1.10059612001196e+02	0.00000000000000e+00	1.64500330591436e+03	0.00000000000000e+00	1
7	52	22	37	5.00000000000000e-02	0.00000000000000e+00	0.00000000000000e+00	0.00000000000000e+00	1.10180848884819e+02	0.00000000000000e+00	1.49443931315456e+03	0.00000000000000e+00	1
8	53	23	38	5.00000000000000e-02	0.00000000000000e+00	0.00000000000000e+00	0.00000000000000e+00	1.09961507318925e+02	0.00000000000000e+00	1.57820842505654e+03	0.00000000000000e+00	1
9	54	24	39	5.00000000000000e-02	0.00000000000000e+00	0.00000000000000e+00	0.00000000000000e+00	1.09618275739594e+02	0.00000000000000e+00	1.52978517824859e+03	0.00000000000000e+00	1
10	55	25	40	5.00000000000000e-02	0.00000000000000e+00	0.00000000000000e+00	0.00000000000000e+00	1.09235215298288e+02	0.00000000000000e+00	1.65371116746399e+03	0.00000000000000e+00	1
11	56	26	41	5.00000000000000e-02	0.00000000000000e+00	0.00000000000000e+00	0.00000000000000e+00	1.09082152738140e+02	0.00000000000000e+00	1.77557744361166e+03	0.00000000000000e+00	1
12	57	27	42	5.00000000000000e-02	0.00000000000000e+00	0.00000000000000e+00	0.00000000000000e+00	1.08525486679350e+02	0.00000000000000e+00	1.70022730181714e+03	0.00000000000000e+00	1
13	58	28	43	5.00000000000000e-02	0.00000000000000e+00	0.00000000000000e+00	0.00000000000000e+00	1.08176752292912e+02	0.00000000000000e+00	1.80609156865223e+03	0.00000000000000e+00	1
14	59	29	44	5.00000000000000e-02	0.00000000000000e+00	0.00000000000000e+00	0.00000000000000e+00	1.07410458766718e+02	0.00000000000000e+00	1.56550859954996e+03	0.00000000000000e+00	1
15	60	30	45	5.00000000000000e-02	0.00000000000000e+00	0.00000000000000e+00	0.00000000000000e+00	1.06784901380365e+02	0.00000000000000e+00	1.61396060063209e+03	0.00000000000000e+00	1
16	61	31	46	5.00000000000000e-02	0.00000000000000e+00	0.00000000000000e+00	0.00000000000000e+00	1.05757141513092e+02	0.00000000000000e+00	1.80950211605631e+03	0.00000000000000e+00	1
17	62	32	47	5.00000000000000e-02	0.00000000000000e+00	0.00000000000000e+00	0.00000000000000e+00	1.04819547432470e+02	0.00000000000000e+00	1.63652381813821e+03	0.00000000000000e+00	1
18	63	33	48	5.00000000000000e-02	0.00000000000000e+00	0.00000000000000e+00	0.00000000000000e+00	1.03487753012312e+02	0.00000000000000e+00	1.49810987551934e+03	0.00000000000000e+00	1
19	64	34	49	5.00000000000000e-02	0.00000000000000e+00	0.00000000000000e+00	0.00000000000000e+00	1.01331695849502e+02	0.00000000000000e+00	1.41035504380778e+03	0.00000000000000e+00	1
20	65	35	50	5.00000000000000e-02	0.00000000000000e+00	0.00000000000000e+00	0.00000000000000e+00	9.91608031251487e+01	0.00000000000000e+00	1.38278201809833e+03	0.00000000000000e+00	1
21	66	36	51	5.00000000000000e-02	0.00000000000000e+00	0.00000000000000e+00	0.00000000000000e+00	9.73108210547213e+01	0.00000000000000e+00	1.23746813519256e+03	0.00000000000000e+00	1
22	67	37	52	5.00000000000000e-02	0.00000000000000e+00	0.00000000000000e+00	0.00000000000000e+00	9.60180038250758e+01	0.00000000000000e+00	1.24849603641543e+03	0.00000000000000e+00	1
23	68	38	53	5.00000000000000e-02	0.00000000000000e+00	0.00000000000000e+00	0.00000000000000e+00	9.49908741725792e+01	0.00000000000000e+00	1.08412033845055e+03	0.00000000000000e+00	1
24	69	39	54	5.00000000000000e-02	0.00000000000000e+00	0.00000000000000e+00	0.00000000000000e+00	9.45784487672484e+01	0.00000000000000e+00	1.10160358437524e+03	0.00000000000000e+00	1
25	70	40	55	5.00000000000000e-02	0.00000000000000e+00	0.00000000000000e+00	0.00000000000000e+00	9.43480100363991e+01	0.00000000000000e+00	1.14172631650925e+03	0.00000000000000e+00	1
26	71	41	56	5.00000000000000e-02	0.00000000000000e+00	0.00000000000000e+00	0.00000000000000e+00	9.43536195796121e+01	0.00000000000000e+00	1.05874242082654e+03	0.00000000000000e+00	1
27	72	42	57	5.00000000000000e-02	0.00000000000000e+00	0.00000000000000e+00	0.00000000000000e+00	9.49186480658457e+01	0.00000000000000e+00	1.08810513891136e+03	0.00000000000000e+00	1
1	49	17	33	5.00000000000000e-02	0.00000000000000e+00	0.00000000000000e+00	0.00000000000000e+00	1.15844608559521e+02	0.00000000000000e+00	1.40928794110240e+03	0.00000000000000e+00	1
2	50	18	34	5.00000000000000e-02	0.00000000000000e+00	0.00000000000000e+00	0.00000000000000e+00	1.16245683231520e+02	0.00000000000000e+00	1.51846746665735e+03	0.00000000000000e+00	1
3	51	19	35	5.00000000000000e-02	0.00000000000000e+00	0.00000000000000e+00	0.00000000000000e+00	1.16392297636420e+02	0.00000000000000e+00	1.48337929912750e+03	0.00000000000000e+00	1
4	52	20	36	5.00000000000000e-02	0.00000000000000e+00	0.00000000000000e+00	0.00000000000000e+00	1.16953948921950e+02	0.00000000000000e+00	1.54735000894371e+03	0.00000000000000e+00	1
5	53	21	37	5.00000000000000e-02	0.00000000000000e+00	0.00000000000000e+00	0.00000000000000e+00	1.17246443850020e+02	0.00000000000000e+00	1.61638464574338e+03	0.00000000000000e+00	1
6	54	22	38	5.00000000000000e-02	0.00000000000000e+00	0.00000000000000e+00	0.00000000000000e+00	1.16690522130779e+02	0.00000000000000e+00	1.68082656430518e+03	0.00000000000000e+00	1
7	55	23	39	5.00000000000000e-02	0.00000000000000e+00	0.00000000000000e+00	0.00000000000000e+00	1.16453692882152e+02	0.00000000000000e+00	1.62009885284113e+03	0.00000000000000e+00	1
8	56	24	40	5.00000000000000e-02	0.00000000000000e+00	0.00000000000000e+00	0.00000000000000e+00	1.16134591853331e+02	0.00000000000000e+00	1.67543818855949e+03	0.00000000000000e+00	1
9	57	25	41	5.00000000000000e-02	0.00000000000000e+00	0.00000000000000e+00	0.00000000000000e+00	1.15824157852126e+02	0.00000000000000e+00	1.69811338939552e+03	0.00000000000000e+00	1
10	58	26	42	5.00000000000000e-02	0.00000000000000e+00	0.00000000000000e+00	0.00000000000000e+00	1.15336869235638e+02	0.00000000000000e+00	1.74652994218350e+03	0.00000000000000e+00	1
11	59	27	43	5.00000000000000e-02	0.00000000000000e+00	0.00000000000000e+00	0.00000000000000e+00	1.14843483923164e+02	0.00000000000000e+00	1.70408469810968e+03	0.00000000000000e+00	1
12	60	28	44	5.00000000000000e-02	0.00000000000000e+00	0.00000000000000e+00	0.00000000000000e+00	1.14536865037247e+02	0.00000000000000e+00	1.79796528383456e+03	0.00000000000000e+00	1
13	61	29	45	5.00000000000000e-02	0.00000000000000e+00	0.00000000000000e+00	0.00000000000000e+00	1.13681718473131e+02	0.00000000000000e+00	1.81876768563535e+03	0.00000000000000e+00	1
14	62	30	46	5.00000000000000e-02	0.00000000000000e+00	0.00000000000000e+00	0.00000000000000e+00	1.12903281493876e+02	0.00000000000000e+00	1.62431694326026e+03	0.00000000000000e+00	1
15	63	31	47	5.00000000000000e-02	0.00000000000000e+00	0.00000000000000e+00	0.00000000000000e+00	1.12035400361334e+02	0.00000000000000e+00	1.67795669963228e+03	0.00000000000000e+00	1
16	64	32	48	5.00000000000000e-02	0.00000000000000e+00	0.00000000000000e+00	0.00000000000000e+00	1.11006607014333e+02	0.00000000000000e+00	1.62611209362878e+03	0.00000000000000e+00	1
17	65	33	49	5.00000000000000e-02	0.00000000000000e+00	0.00000000000000e+00	0.00000000000000e+00	1.09620086012705e+02	0.00000000000000e+00	1.40268325693484e+03	0.00000000000000e+00	1
18	66	34	50	5.00000000000000e-02	0.00000000000000e+00	0.00000000000000e+00	0.00000000000000e+00	1.07796964754466e+02	0.00000000000000e+00	1.34204392802625e+03	0.00000000000000e+00	1
19	67	35	51	5.00000000000000e-02	0.00000000000000e+00	0.00000000000000e+00	0.00000000000000e+00	1.05532260063252e+02	0.00000000000000e+00	1.29025216695065e+03	0.00000000000000e+00	1
20	68	36	52	5.00000000000000e-02	0.00000000000000e+00	0.00000000000000e+00	0.00000000000000e+00	1.03711917525611e+02	0.00000000000000e+00	1.31859355740797e+03	0.00000000000000e+00	1
21	69	37	53	5.00000000000000e-02	0.00000000000000e+00	0.00000000000000e+00	0.00000000000000e+00	1.02339989386071e+02	0.00000000000000e+00	1.22857814456535e+03	0.00000000000000e+00	1
22	70	38	54	5.00000000000000e-02	0.00000000000000e+00	0.00000000000000e+00	0.00000000000000e+00	1.01409997459437e+02	0.00000000000000e+00	1.22770488248175e+03	0.00000000000000e+00	1
23	71	39	55	5.00000000000000e-02	0.00000000000000e+00	0.00000000000000e+00	0.00000000000000e+00	1.00666023518390e+02	0.00000000000000e+00	1.11519830000150e+03	0.00000000000000e+00	1
24	72	40	56	5.00000000000000e-02	0.00000000000000e+00	0.00000000000000e+00	0.00000000000000e+00	1.00395567939458e+02	0.00000000000000e+00	1.12144711316030e+03	0.00000000000000e+00	1
1	52	18	35	5.00000000000000e-02	0.00000000000000e+00	0.00000000000000e+00	0.00000000000000e+00	1.23367799472880e+02	0.00000000000000e+00	1.63812086810488e+03	0.00000000000000e+00	1
2	53	19	36	5.00000000000000e-02	0.00000000000000e+00	0.00000000000000e+00	0.00000000000000e+00	1.23708084267796e+02	0.00000000000000e+00	1.46504499382848e+03	0.00000000000000e+00	1
3	54	20	37	5.00000000000000e-02	0.00000000000000e+00	0.00000000000000e+00	0.00000000000000e+00	1.23797026676436e+02	0.00000000000000e+00	1.67954408707921e+03	0.00000000000000e+00	1
4	55	21	38	5.00000000000000e-02	0.00000000000000e+00	0.00000000000000e+00	0.00000000000000e+00	1.23537288469563e+02	0.00000000000000e+00	1.78310406606722e+03	0.00000000000000e+00	1
5	56	22	39	5.00000000000000e-02	0.00000000000000e+00	0.00000000000000e+00	0.00000000000000e+00	1.23247937312196e+02	0.00000000000000e+00	1.63799941378332e+03	0.00000000000000e+00	1
6	57	23	40	5.00000000000000e-02	0.00000000000000e+00	0.00000000000000e+00	0.00000000000000e+00	1.22785823276165e+02	0.00000000000000e+00	1.60018361468226e+03	0.00000000000000e+00	1
7	58	24	41	5.00000000000000e-02	0.00000000000000e+00	0.00000000000000e+00	0.00000000000000e+00	1.22601480206312e+02	0.00000000000000e+00	1.64204192904128e+03	0.00000000000000e+00	1
8	59	25	42	5.00000000000000e-02	0.00000000000000e+00	0.00000000000000e+00	0.00000000000000e+00	1.22180589212853e+02	0.00000000000000e+00	1.69840564999734e+03	0.00000000000000e+00	1
9	60	26	43	5.00000000000000e-02	0.00000000000000e+00	0.00000000000000e+00	0.00000000000000e+00	1.21877610639916e+02	0.00000000000000e+00	1.74705972736594e+03	0.00000000000000e+00	1
10	61	27	44	5.00000000000000e-02	0.00000000000000e+00	0.00000000000000e+00	0.00000000000000e+00	1.21088563699822e+02	0.00000000000000e+00	1.60682312080039e+03	0.00000000000000e+00	1
11	62	28	45	5.00000000000000e-02	0.00000000000000e+00	0.00000000000000e+00	0.00000000000000e+00	1.20422345254575e+02	0.00000000000000e+00	1.71081516957307e+03	0.00000000000000e+00	1
12	63	29	46	5.00000000000000e-02	0.00000000000000e+00	0.00000000000000e+00	0.00000000000000e+00	1.19814661358781e+02	0.00000000000000e+00	1.69597610592612e+03	0.00000000000000e+00	1
13	64	30	47	5.00000000000000e-02	0.00000000000000e+00	0.00000000000000e+00	0.00000000000000e+00	1.19099034094949e+02	0.00000000000000e+00	1.64774613437855e+03	0.00000000000000e+00	1
14	65	31	48	5.00000000000000e-02	0.00000000000000e+00	0.00000000000000e+00	0.00000000000000e+00	1.18077434838145e+02	0.00000000000000e+00	1.63802914935318e+03	0.00000000000000e+00	1
15	66	32	49	5.00000000000000e-02	0.00000000000000e+00	0.00000000000000e+00	0.00000000000000e+00	1.17211668602565e+02	0.00000000000000e+00	1.48348765054426e+03	0.00000000000000e+00	1
16	67	33	50	5.00000000000000e-02	0.00000000000000e+00	0.00000000000000e+00	0.00000000000000e+00	1.16027640304205e+02	0.00000000000000e+00	1.53475015566199e+03	0.00000000000000e+00	1
17	68	34	51	5.00000000000000e-02	0.00000000000000e+00	0.00000000000000e+00	0.00000000000000e+00	1.13917504664129e+02	0.00000000000000e+00	1.49049476930517e+03	0.00000000000000e+00	1
18	69	35	52	5.00000000000000e-02	0.00000000000000e+00	0.00000000000000e+00	0.00000000000000e+00	1.11970992563862e+02	0.00000000000000e+00	1.29020264309600e+03	0.00000000000000e+00	1
19	70	36	53	5.00000000000000e-02	0.00000000000000e+00	0.00000000000000e+00	0.00000000000000e+00	1.10197288023556e+02	0.00000000000000e+00	1.27155653819126e+03	0.00000000000000e+00	1
20	71	37	54	5.00000000000000e-02	0.00000000000000e+00	0.00000000000000e+00	0.00000000000000e+00	1.08701765023145e+02	0.00000000000000e+00	1.22874748840987e+03	0.00000000000000e+00	1
21	72	38	55	5.00000000000000e-02	0.00000000000000e+00	0.00000000000000e+00	0.00000000000000e+00	1.07588477035977e+02	0.00000000000000e+00	1.05534464435998e+03	0.00000000000000e+00	1
1	55	19	37	5.00000000000000e-02	0.00000000000000e+00	0.00000000000000e+00	0.00000000000000e+00	1.30511319380939e+02	0.00000000000000e+00	1.65363132513397e+03	0.00000000000000e+00	1
2	56	20	38	5.00000000000000e-02	0.00000000000000e+00	0.00000000000000e+00	0.00000000000000e+00	1.30083187902380e+02	0.00000000000000e+00	1.66813867937111e+03	0.00000000000000e+00	1
3	57	21	39	5.00000000000000e-02	0.00000000000000e+00	0.00000000000000e+00	0.00000000000000e+00	1.29804104521495e+02	0.00000000000000e+00	1.77975069369888e+03	0.00000000000000e+00	1
4	58	22	40	5.00000000000000e-02	0.00000000000000e+00	0.00000000000000e+00	0.00000000000000e+00	1.29571730162641e+02	0.00000000000000e+00	1.65884448474840e+03	0.00000000000000e+00	1
5	59	23	41	5.00000000000000e-02	0.00000000000000e+00	0.00000000000000e+00	0.00000000000000e+00	1.29371948721458e+02	0.00000000000000e+00	1.73914740615484e+03	0.00000000000000e+00	1
6	60	24	42	5.00000000000000e-02	0.00000000000000e+00	0.00000000000000e+00	0.00000000000000e+00	1.29050304368120e+02	0.00000000000000e+00	1.69743100575023e+03	0.00000000000000e+00	1
7	61	25	43	5.00000000000000e-02	0.00000000000000e+00	0.00000000000000e+00	0.00000000000000e+00	1.28474359634913e+02	0.00000000000000e+00	1.73597785392149e+03	0.00000000000000e+00	1
8	62	26	44	5.00000000000000e-02	0.00000000000000e+00	0.00000000000000e+00	0.00000000000000e+00	1.27961185779158e+02	0.00000000000000e+00	1.85826389441525e+03	0.00000000000000e+00	1
9	63	27	45	5.00000000000000e-02	0.00000000000000e+00	0.00000000000000e+00	0.00000000000000e+00	1.27138022417797e+02	0.00000000000000e+00	1.52458338743786e+03	0.00000000000000e+00	1
10	64	28	46	5.00000000000000e-02	0.00000000000000e+00	0.00000000000000e+00	0.00000000000000e+00	1.26414568879482e+02	0.00000000000000e+00	1.69526961445272e+03	0.00000000000000e+00	1
11	65	29	47	5.00000000000000e-02	0.00000000000000e+00	0.00000000000000e+00	0.00000000000000e+00	1.25722176946425e+02	0.00000000000000e+00	1.76345747026867e+03	0.00000000000000e+00	1
12	66	30	48	5.00000000000000e-02	0.00000000000000e+00	0.00000000000000e+00	0.00000000000000e+00	1.25106756133676e+02	0.00000000000000e+00	1.58247408779120e+03	0.00000000000000e+00	1
13	67	31	49	5.00000000000000e-02	0.00000000000000e+00	0.00000000000000e+00	0.00000000000000e+00	1.24402856944771e+02	0.00000000000000e+00	1.52739071918891e+03	0.00000000000000e+00	1
14	68	32	50	5.00000000000000e-02	0.00000000000000e+00	0.00000000000000e+00	0.00000000000000e+00	1.23601882803156e+02	0.00000000000000e+00	1.64014061163880e+03	0.00000000000000e+00	1
15	69	33	51	5.00000000000000e-02	0.00000000000000e+00	0.00000000000000e+00	0.00000000000000e+00	1.22243392858535e+02	0.00000000000000e+00	1.48012432587270e+03	0.00000000000000e+00	1
16	70	34	52	5.00000000000000e-02	0.00000000000000e+00	0.00000000000000e+00	0.00000000000000e+00	1.20190335994376e+02	0.00000000000000e+00	1.40261424122111e+03	0.00000000000000e+00	1
17	71	35	53	5.00000000000000e-02	0.00000000000000e+00	0.00000000000000e+00	0.00000000000000e+00	1.18046628493600e+02	0.00000000000000e+00	1.29513948676120e+03	0.00000000000000e+00	1
18	72	36	54	5.00000000000000e-02	0.00000000000000e+00	0.00000000000000e+00	0.00000000000000e+00	1.16571334940082e+02	0.00000000000000e+00	1.25291989430548e+03	0.00000000000000e+00	1
1	58	20	39	5.00000000000000e-02	0.00000000000000e+00	0.00000000000000e+00	0.00000000000000e+00	1.36536569344894e+02	0.00000000000000e+00	1.65068364315211e+03	0.00000000000000e+00	1
2	59	21	40	5.00000000000000e-02	0.00000000000000e+00	0.00000000000000e+00	0.00000000000000e+00	1.36174335647584e+02	0.00000000000000e+00	1.69522324359919e+03	0.00000000000000e+00	1
3	60	22	41	5.00000000000000e-02	0.00000000000000e+00	0.00000000000000e+00	0.00000000000000e+00	1.36145367664001e+02	0.00000000000000e+00	1.46327975181552e+03	0.00000000000000e+00	1
4	61	23	42	5.00000000000000e-02	0.00000000000000e+00	0.00000000000000e+00	0.00000000000000e+00	1.35685854565020e+02	0.00000000000000e+00	1.66501413263656e+03	0.00000000000000e+00	1
5	62	24	43	5.00000000000000e-02	0.00000000000000e+00	0.00000000000000e+00	0.00000000000000e+00	1.35201536467836e+02	0.00000000000000e+00	1.67908547038833e+03	0.00000000000000e+00	1
6	63	25	44	5.00000000000000e-02	0.00000000000000e+00	0.00000000000000e+00	0.00000000000000e+00	1.34582819130040e+02	0.00000000000000e+00	1.67990061055241e+03	0.00000000000000e+00	1
7	64	26	45	5.00000000000000e-02	0.00000000000000e+00	0.00000000000000e+00	0.00000000000000e+00	1.33741920681884e+02	0.00000000000000e+00	1.73689288611475e+03	0.00000000000000e+00	1
8	65	27	46	5.00000000000000e-02	0.00000000000000e+00	0.00000000000000e+00	0.00000000000000e+00	1.33080007622740e+02	0.00000000000000e+00	1.78006436570692e+03	0.00000000000000e+00	1
9	66	28	47	5.00000000000000e-02	0.00000000000000e+00	0.00000000000000e+00	0.00000000000000e+00	1.32438951849914e+02	0.00000000000000e+00	1.74755337406030e+03	0.00000000000000e+00	1
10	67	29	48	5.00000000000000e-02	0.00000000000000e+00	0.00000000000000e+00	0.00000000000000e+00	1.31800376644583e+02	0.00000000000000e+00	1.61874928570845e+03	0.00000000000000e+00	1
11	68	30	49	5.00000000000000e-02	0.00000000000000e+00	0.00000000000000e+00	0.00000000000000e+00	1.31280538022985e+02	0.00000000000000e+00	1.54441293279054e+03	0.00000000000000e+00	1
12	69	31	50	5.00000000000000e-02	0.00000000000000e+00	0.00000000000000e+00	0.00000000000000e+00	1.30790866455230e+02	0.00000000000000e+00	1.51223763759415e+03	0.00000000000000e+00	1
13	70	32	51	5.00000000000000e-02	0.00000000000000e+00	0.00000000000000e+00	0.00000000000000e+00	1.29776826099135e+02	0.00000000000000e+00	1.54842157927360e+03	0.00000000000000e+00	1
14	71	33	52	5.00000000000000e-02	0.00000000000000e+00	0.00000000000000e+00	0.00000000000000e+00	1.28260183316589e+02	0.00000000000000e+00	1.53115416893287e+03	0.00000000000000e+00	1
15	72	34	53	5.00000000000000e-02	0.00000000000000e+00	0.00000000000000e+00	0.00000000000000e+00	1.26307826332879e+02	0.00000000000000e+00	1.32076706701269e+03	0.00000000000000e+00	1
1	61	21	41	5.00000000000000e-02	0.00000000000000e+00	0.00000000000000e+00	0.00000000000000e+00	1.42807448659125e+02	0.00000000000000e+00	1.57957254787549e+03	0.00000000000000e+00	1
2	62	22	42	5.00000000000000e-02	0.00000000000000e+00	0.00000000000000e+00	0.00000000000000e+00	1.42234681321605e+02	0.00000000000000e+00	1.84074286353543e+03	0.00000000000000e+00	1
3	63	23	43	5.00000000000000e-02	0.00000000000000e+00	0.00000000000000e+00	0.00000000000000e+00	1.41754523867413e+02	0.00000000000000e+00	1.76208533347358e+03	0.00000000000000e+00	1
4	64	24	44	5.00000000000000e-02	0.00000000000000e+00	0.00000000000000e+00	0.00000000000000e+00	1.41155036749213e+02	0.00000000000000e+00	1.73816691748550e+03	0.00000000000000e+00	1
5	65	25	45	5.00000000000000e-02	0.00000000000000e+00	0.00000000000000e+00	0.00000000000000e+00	1.40338787862165e+02	0.00000000000000e+00	1.59100646476851e+03	0.00000000000000e+00	1
6	66	26	46	5.00000000000000e-02	0.00000000000000e+00	0.00000000000000e+00	0.00000000000000e+00	1.39663834468358e+02	0.00000000000000e+00	1.66462902205564e+03	0.00000000000000e+00	1
7	67	27	47	5.00000000000000e-02	0.00000000000000e+00	0.00000000000000e+00	0.00000000000000e+00	1.39052804883628e+02	0.00000000000000e+00	1.67542970583849e+03	0.00000000000000e+00	1
8	68	28	48	5.00000000000000e-02	0.00000000000000e+00	0.00000000000000e+00	0.00000000000000e+00	1.38613395120797e+02	0.00000000000000e+00	1.48664619560378e+03	0.00000000000000e+00	1
9	69	29	49	5.00000000000000e-02	0.00000000000000e+00	0.00000000000000e+00	0.00000000000000e+00	1.38125333948174e+02	0.00000000000000e+00	1.55769916545743e+03	0.00000000000000e+00	1
10	70	30	50	5.00000000000000e-02	0.00000000000000e+00	0.00000000000000e+00	0.00000000000000e+00	1.37565576029715e+02	0.00000000000000e+00	1.61217012201806e+03	0.00000000000000e+00	1
11	71	31	51	5.00000000000000e-02	0.00000000000000e+00	0.00000000000000e+00	0.00000000000000e+00	1.36568982488809e+02	0.00000000000000e+00	1.55943238917820e+03	0.00000000000000e+00	1
12	72	32	52	5.00000000000000e-02	0.00000000000000e+00	0.00000000000000e+00	0.00000000000000e+00	1.35726271350931e+02	0.00000000000000e+00	1.65322579443276e+03	0.00000000000000e+00	1
1	64	22	43	5.00000000000000e-02	0.00000000000000e+00	0.00000000000000e+00	0.00000000000000e+00	1.48351418437189e+02	0.00000000000000e+00	1.70125875655601e+03	0.00000000000000e+00	1
2	65	23	44	5.00000000000000e-02	0.00000000000000e+00	0.00000000000000e+00	0.00000000000000e+00	1.47598561153959e+02	0.00000000000000e+00	1.74752194792648e+03	0.00000000000000e+00	1
3	66	24	45	5.00000000000000e-02	0.00000000000000e+00	0.00000000000000e+00	0.00000000000000e+00	1.46788134720645e+02	0.00000000000000e+00	1.63204449090613e+03	0.00000000000000e+00	1
4	67	25	46	5.00000000000000e-02	0.00000000000000e+00	0.00000000000000e+00	0.00000000000000e+00	1.46333459423110e+02	0.00000000000000e+00	1.73066274203517e+03	0.00000000000000e+00	1
5	68	26	47	5.00000000000000e-02	0.00000000000000e+00	0.00000000000000e+00	0.00000000000000e+00	1.45762947639119e+02	0.00000000000000e+00	1.73293544575806e+03	0.00000000000000e+00	1
6	69	27	48	5.00000000000000e-02	0.00000000000000e+00	0.00000000000000e+00	0.00000000000000e+00	1.45243370765900e+02	0.00000000000000e+00	1.64009634155985e+03	0.00000000000000e+00	1
7	70	28	49	5.00000000000000e-02	0.00000000000000e+00	0.00000000000000e+00	0.00000000000000e+00	1.44708919673911e+02	0.00000000000000e+00	1.62035021716801e+03	0.00000000000000e+00	1
8	71	29	50	5.00000000000000e-02	0.00000000000000e+00	0.00000000000000e+00	0.00000000000000e+00	1.44247105868364e+02	0.00000000000000e+00	1.69591866306324e+03	0.00000000000000e+00	1
9	72	30	51	5.00000000000000e-02	0.00000000000000e+00	0.00000000000000e+00	0.00000000000000e+00	1.43434091582815e+02	0.00000000000000e+00	1.58726075254510e+03	0.00000000000000e+00	1
1	67	23	45	5.00000000000000e-02	0.00000000000000e+00	0.00000000000000e+00	0.00000000000000e+00	1.53522137367501e+02	0.00000000000000e+00	1.61893583683462e+03	0.00000000000000e+00	1
2	68	24	46	5.00000000000000e-02	0.00000000000000e+00	0.00000000000000e+00	0.00000000000000e+00	1.52833412122695e+02	0.00000000000000e+00	1.65687470098355e+03	0.00000000000000e+00	1
3	69	25	47	5.00000000000000e-02	0.00000000000000e+00	0.00000000000000e+00	0.00000000000000e+00	1.52341253373727e+02	0.00000000000000e+00	1.81046827303920e+03	0.00000000000000e+00	1
4	70	26	48	5.00000000000000e-02	0.00000000000000e+00	0.00000000000000e+00	0.00000000000000e+00	1.51847376223717e+02	0.00000000000000e+00	1.67308249027693e+03	0.00000000000000e+00	1
5	71	27	49	5.00000000000000e-02	0.00000000000000e+00	0.00000000000000e+00	0.00000000000000e+00	1.51203402695425e+02	0.00000000000000e+00	1.67661279592409e+03	0.00000000000000e+00	1
6	72	28	50	5.00000000000000e-02	0.00000000000000e+00	0.00000000000000e+00	0.00000000000000e+00	1.50779619373587e+02	0.00000000000000e+00	1.50942034380084e+03	0.00000000000000e+00	1
1	70	24	47	5.00000000000000e-02	0.00000000000000e+00	0.00000000000000e+00	0.00000000000000e+00	1.58951698710259e+02	0.00000000000000e+00	1.66618554722963e+03	0.00000000000000e+00	1
2	71	25	48	5.00000000000000e-02	0.00000000000000e+00	0.00000000000000e+00	0.00000000000000e+00	1.58204409018153e+02	0.00000000000000e+00	1.75532274027790e+03	0.00000000000000e+00	1
3	72	26	49	5.00000000000000e-02	0.00000000000000e+00	0.00000000000000e+00	0.00000000000000e+00	1.57647754383555e+02	0.00000000000000e+00	1.76912579373040e+03	0.00000000000000e+00	1
0
