72
# x y z
15	1614.4504011345	0
16	1614.2319056219	0
17	1614.0193432087	0
18	1613.8715475216	0
19	1613.677567062	0
20	1613.4462301696	0
21	1613.2088247846	0
22	1613.0332165562	0
23	1612.7736051746	0
24	1612.5006026039	0
25	1612.2806583294	0
26	1612.0498767968	0
27	1611.7967453603	0
28	1611.5000401161	0
29	1611.2274573432	0
30	1610.9298458469	0
31	1610.6562361952	0
32	1610.3914204873	0
33	1610.046830799	0
34	1609.6502162307	0
35	1609.2782189419	0
36	1608.9763369834	0
37	1608.6434815476	0
38	1608.3182909071	0
39	1607.9596754563	0
40	1607.5801356838	0
41	1607.20700105	0
42	1606.7574373312	0
43	1606.3365870777	0
44	1605.8973965892	0
45	1605.5562398336	0
46	1605.2222511879	0
47	1605.1614595434	0
48	1605.579622935	0
49	1606.2438540699	0
50	1606.7498152276	0
51	1607.2853387336	0
52	1607.9657749319	0
53	1608.5348420884	0
54	1609.1151916588	0
55	1609.6102625703	0
56	1610.1900385369	0
57	1610.7455974721	0
58	1611.333471272	0
59	1611.9590682693	0
60	1612.5303002766	0
61	1613.085733314	0
62	1613.62799927	0
63	1614.1418846871	0
64	1614.6125950876	0
65	1615.1952440658	0
66	1615.734933636	0
67	1616.2662928098	0
68	1616.7240572403	0
69	1617.1946354825	0
70	1617.6285562261	0
71	1618.03363845	0
72	1618.4851495703	0
73	1618.8862453393	0
74	1619.3845911669	0
75	1619.752646311	0
76	1620.1351448518	0
77	1620.5217694831	0
78	1620.8608228181	0
79	1621.1723277594	0
80	1621.5122411818	0
81	1621.8868909629	0
82	1622.2233267249	0
83	1622.6214608988	0
84	1622.9385097492	0
85	1623.1966523697	0
86	1623.5047150352	0
828
# a b m n err i ip iperr k r rhoa u valid 
1	4	2	3	5.00000000000000e-02	0.00000000000000e+00	0.00000000000000e+00	0.00000000000000e+00	6.37658193026522e+00	0.00000000000000e+00	1.74840392643439e+03	0.00000000000000e+00	1
2	5	3	4	5.00000000000000e-02	0.00000000000000e+00	0.00000000000000e+00	0.00000000000000e+00	6.44485213767894e+00	0.00000000000000e+00	2.02958891052273e+03	0.00000000000000e+00	1
3	6	4	5	5.00000000000000e-02	0.00000000000000e+00	0.00000000000000e+00	0.00000000000000e+00	6.40093195668446e+00	0.00000000000000e+00	1.92505805810140e+03	0.00000000000000e+00	1
4	7	5	6	5.00000000000000e-02	0.00000000000000e+00	0.00000000000000e+00	0.00000000000000e+00	6.41936795268404e+00	0.00000000000000e+00	1.80260466181031e+03	0.00000000000000e+00	1
5	8	6	7	5.00000000000000e-02	0.00000000000000e+00	0.00000000000000e+00	0.00000000000000e+00	6.39365590878686e+00	0.00000000000000e+00	1.97584773806855e+03	0.00000000000000e+00	1
6	9	7	8	5.00000000000000e-02	0.00000000000000e+00	0.00000000000000e+00	0.00000000000000e+00	6.52705406157310e+00	0.00000000000000e+00	1.88809714961882e+03	0.00000000000000e+00	1
7	10	8	9	5.00000000000000e-02	0.00000000000000e+00	0.00000000000000e+00	0.00000000000000e+00	6.42519347150228e+00	0.00000000000000e+00	1.59812531723709e+03	0.00000000000000e+00	1
8	11	9	10	5.00000000000000e-02	0.00000000000000e+00	0.00000000000000e+00	0.00000000000000e+00	6.43810005624512e+00	0.00000000000000e+00	1.77828540793805e+03	0.00000000000000e+00	1
9	12	10	11	5.00000000000000e-02	0.00000000000000e+00	0.00000000000000e+00	0.00000000000000e+00	6.50536571136670e+00	0.00000000000000e+00	1.51374651680095e+03	0.00000000000000e+00	1
10	13	11	12	5.00000000000000e-02	0.00000000000000e+00	0.00000000000000e+00	0.00000000000000e+00	6.46194929005950e+00	0.00000000000000e+00	1.57419821306357e+03	0.00000000000000e+00	1
11	14	12	13	5.00000000000000e-02	0.00000000000000e+00	0.00000000000000e+00	0.00000000000000e+00	6.51114025975022e+00	0.00000000000000e+00	1.41115234740778e+03	0.00000000000000e+00	1
12	15	13	14	5.00000000000000e-02	0.00000000000000e+00	0.00000000000000e+00	0.00000000000000e+00	6.46942211728359e+00	0.00000000000000e+00	1.43473938517164e+03	0.00000000000000e+00	1
13	16	14	15	5.00000000000000e-02	0.00000000000000e+00	0.00000000000000e+00	0.00000000000000e+00	6.57644658572323e+00	0.00000000000000e+00	1.34638131514552e+03	0.00000000000000e+00	1
14	17	15	16	5.00000000000000e-02	0.00000000000000e+00	0.00000000000000e+00	0.00000000000000e+00	6.49269667412989e+00	0.00000000000000e+00	1.31316899201664e+03	0.00000000000000e+00	1
15	18	16	17	5.00000000000000e-02	0.00000000000000e+00	0.00000000000000e+00	0.00000000000000e+00	6.53444923652868e+00	0.00000000000000e+00	1.37460500224387e+03	0.00000000000000e+00	1
16	19	17	18	5.00000000000000e-02	0.00000000000000e+00	0.00000000000000e+00	0.00000000000000e+00	6.62161599247115e+00	0.00000000000000e+00	1.16397941829336e+03	0.00000000000000e+00	1
17	20	18	19	5.00000000000000e-02	0.00000000000000e+00	0.00000000000000e+00	0.00000000000000e+00	6.62009361526636e+00	0.00000000000000e+00	1.40042164236900e+03	0.00000000000000e+00	1
18	21	19	20	5.00000000000000e-02	0.00000000000000e+00	0.00000000000000e+00	0.00000000000000e+00	6.63389764068563e+00	0.00000000000000e+00	1.18480940628988e+03	0.00000000000000e+00	1
19	22	20	21	5.00000000000000e-02	0.00000000000000e+00	0.00000000000000e+00	0.00000000000000e+00	6.63946449113953e+00	0.00000000000000e+00	1.39898786847882e+03	0.00000000000000e+00	1
20	23	21	22	5.00000000000000e-02	0.00000000000000e+00	0.00000000000000e+00	0.00000000000000e+00	6.71517835511151e+00	0.00000000000000e+00	1.22100463499565e+03	0.00000000000000e+00	1
21	24	22	23	5.00000000000000e-02	0.00000000000000e+00	0.00000000000000e+00	0.00000000000000e+00	6.56699230531933e+00	0.00000000000000e+00	1.19181706865201e+03	0.00000000000000e+00	1
22	25	23	24	5.00000000000000e-02	0.00000000000000e+00	0.00000000000000e+00	0.00000000000000e+00	6.66963895470413e+00	0.00000000000000e+00	1.26177297506713e+03	0.00000000000000e+00	1
23	26	24	25	5.00000000000000e-02	0.00000000000000e+00	0.00000000000000e+00	0.00000000000000e+00	6.65786123787029e+00	0.00000000000000e+00	1.03251670891655e+03	0.00000000000000e+00	1
24	27	25	26	5.00000000000000e-02	0.00000000000000e+00	0.00000000000000e+00	0.00000000000000e+00	6.67589880249908e+00	0.00000000000000e+00	1.35623790745373e+03	0.00000000000000e+00	1
25	28	26	27	5.00000000000000e-02	0.00000000000000e+00	0.00000000000000e+00	0.00000000000000e+00	6.85464674103231e+00	0.00000000000000e+00	1.25105198482044e+03	0.00000000000000e+00	1
26	29	27	28	5.00000000000000e-02	0.00000000000000e+00	0.00000000000000e+00	0.00000000000000e+00	6.70039155564159e+00	0.00000000000000e+00	1.32688985717365e+03	0.00000000000000e+00	1
27	30	28	29	5.00000000000000e-02	0.00000000000000e+00	0.00000000000000e+00	0.00000000000000e+00	6.90563625554551e+00	0.00000000000000e+00	1.25830500267906e+03	0.00000000000000e+00	1
28	31	29	30	5.00000000000000e-02	0.00000000000000e+00	0.00000000000000e+00	0.00000000000000e+00	6.66290735240662e+00	0.00000000000000e+00	1.43540361330431e+03	0.00000000000000e+00	1
29	32	30	31	5.00000000000000e-02	0.00000000000000e+00	0.00000000000000e+00	0.00000000000000e+00	6.79594543735803e+00	0.00000000000000e+00	1.31593587299419e+03	0.00000000000000e+00	1
30	33	31	32	5.00000000000000e-02	0.00000000000000e+00	0.00000000000000e+00	0.00000000000000e+00	6.40928689301624e+00	0.00000000000000e+00	1.29186569255269e+03	0.00000000000000e+00	1
31	34	32	33	5.00000000000000e-02	0.00000000000000e+00	0.00000000000000e+00	0.00000000000000e+00	7.07292262246857e+00	0.00000000000000e+00	1.41522930237065e+03	0.00000000000000e+00	1
32	35	33	34	5.00000000000000e-02	0.00000000000000e+00	0.00000000000000e+00	0.00000000000000e+00	6.98747903126892e+00	0.00000000000000e+00	1.51086226589708e+03	0.00000000000000e+00	1
33	36	34	35	5.00000000000000e-02	0.00000000000000e+00	0.00000000000000e+00	0.00000000000000e+00	6.65884401733032e+00	0.00000000000000e+00	1.36056370208684e+03	0.00000000000000e+00	1
34	37	35	36	5.00000000000000e-02	0.00000000000000e+00	0.00000000000000e+00	0.00000000000000e+00	7.48440292751241e+00	0.00000000000000e+00	1.24282180619474e+03	0.00000000000000e+00	1
35	38	36	37	5.00000000000000e-02	0.00000000000000e+00	0.00000000000000e+00	0.00000000000000e+00	7.40645060618626e+00	0.00000000000000e+00	1.46681995859992e+03	0.00000000000000e+00	1
36	39	37	38	5.00000000000000e-02	0.00000000000000e+00	0.00000000000000e+00	0.00000000000000e+00	6.98601850493155e+00	0.00000000000000e+00	1.24772935099293e+03	0.00000000000000e+00	1
37	40	38	39	5.00000000000000e-02	0.00000000000000e+00	0.00000000000000e+00	0.00000000000000e+00	7.53285171014989e+00	0.00000000000000e+00	1.28940503561891e+03	0.00000000000000e+00	1
38	41	39	40	5.00000000000000e-02	0.00000000000000e+00	0.00000000000000e+00	0.00000000000000e+00	7.04842057575081e+00	0.00000000000000e+00	1.17266143224519e+03	0.00000000000000e+00	1
39	42	40	41	5.00000000000000e-02	0.00000000000000e+00	0.00000000000000e+00	0.00000000000000e+00	7.39881231698684e+00	0.00000000000000e+00	1.14895685115902e+03	0.00000000000000e+00	1
40	43	41	42	5.00000000000000e-02	0.00000000000000e+00	0.00000000000000e+00	0.00000000000000e+00	7.01959239173557e+00	0.00000000000000e+00	1.16702360654977e+03	0.00000000000000e+00	1
41	44	42	43	5.00000000000000e-02	0.00000000000000e+00	0.00000000000000e+00	0.00000000000000e+00	7.32055471210891e+00	0.00000000000000e+00	1.24466499399557e+03	0.00000000000000e+00	1
42	45	43	44	5.00000000000000e-02	0.00000000000000e+00	0.00000000000000e+00	0.00000000000000e+00	7.30273448881389e+00	0.00000000000000e+00	1.20877146128818e+03	0.00000000000000e+00	1
43	46	44	45	5.00000000000000e-02	0.00000000000000e+00	0.00000000000000e+00	0.00000000000000e+00	7.19007079687939e+00	0.00000000000000e+00	1.14137078294997e+03	0.00000000000000e+00	1
44	47	45	46	5.00000000000000e-02	0.00000000000000e+00	0.00000000000000e+00	0.00000000000000e+00	7.32908616858411e+00	0.00000000000000e+00	1.21042899772808e+03	0.00000000000000e+00	1
45	48	46	47	5.00000000000000e-02	0.00000000000000e+00	0.00000000000000e+00	0.00000000000000e+00	7.19365398459568e+00	0.00000000000000e+00	1.18294041649875e+03	0.00000000000000e+00	1
46	49	47	48	5.00000000000000e-02	0.00000000000000e+00	0.00000000000000e+00	0.00000000000000e+00	7.11430240700183e+00	0.00000000000000e+00	1.23797691107024e+03	0.00000000000000e+00	1
47	50	48	49	5.00000000000000e-02	0.00000000000000e+00	0.00000000000000e+00	0.00000000000000e+00	7.03507838559622e+00	0.00000000000000e+00	1.24984192886713e+03	0.00000000000000e+00	1
48	51	49	50	5.00000000000000e-02	0.00000000000000e+00	0.00000000000000e+00	0.00000000000000e+00	7.28494638616566e+00	0.00000000000000e+00	1.31107254254297e+03	0.00000000000000e+00	1
49	52	50	51	5.00000000000000e-02	0.00000000000000e+00	0.00000000000000e+00	0.00000000000000e+00	6.93227139360549e+00	0.00000000000000e+00	1.29619086021228e+03	0.00000000000000e+00	1
50	53	51	52	5.00000000000000e-02	0.00000000000000e+00	0.00000000000000e+00	0.00000000000000e+00	7.21954922437080e+00	0.00000000000000e+00	1.24257693463367e+03	0.00000000000000e+00	1
51	54	52	53	5.00000000000000e-02	0.00000000000000e+00	0.00000000000000e+00	0.00000000000000e+00	6.97882678771610e+00	0.00000000000000e+00	1.37453623681817e+03	0.00000000000000e+00	1
52	55	53	54	5.00000000000000e-02	0.00000000000000e+00	0.00000000000000e+00	0.00000000000000e+00	7.09011568001920e+00	0.00000000000000e+00	1.42970964095445e+03	0.00000000000000e+00	1
53	56	54	55	5.00000000000000e-02	0.00000000000000e+00	0.00000000000000e+00	0.00000000000000e+00	6.84801785116446e+00	0.00000000000000e+00	1.48749318105740e+03	0.00000000000000e+00	1
54	57	55	56	5.00000000000000e-02	0.00000000000000e+00	0.00000000000000e+00	0.00000000000000e+00	6.86674769432960e+00	0.00000000000000e+00	1.39750003251136e+03	0.00000000000000e+00	1
55	58	56	57	5.00000000000000e-02	0.00000000000000e+00	0.00000000000000e+00	0.00000000000000e+00	6.91925121450501e+00	0.00000000000000e+00	1.56138504983029e+03	0.00000000000000e+00	1
56	59	57	58	5.00000000000000e-02	0.00000000000000e+00	0.00000000000000e+00	0.00000000000000e+00	6.71709975014970e+00	0.00000000000000e+00	1.66062583125002e+03	0.00000000000000e+00	1
57	60	58	59	5.00000000000000e-02	0.00000000000000e+00	0.00000000000000e+00	0.00000000000000e+00	7.05606222124478e+00	0.00000000000000e+00	1.58802038873958e+03	0.00000000000000e+00	1
58	61	59	60	5.00000000000000e-02	0.00000000000000e+00	0.00000000000000e+00	0.00000000000000e+00	6.60156830580367e+00	0.00000000000000e+00	1.50400441063938e+03	0.00000000000000e+00	1
59	62	60	61	5.00000000000000e-02	0.00000000000000e+00	0.00000000000000e+00	0.00000000000000e+00	6.96504155269635e+00	0.00000000000000e+00	1.67935929429066e+03	0.00000000000000e+00	1
60	63	61	62	5.00000000000000e-02	0.00000000000000e+00	0.00000000000000e+00	0.00000000000000e+00	6.71016985535849e+00	0.00000000000000e+00	1.86064365659943e+03	0.00000000000000e+00	1
61	64	62	63	5.00000000000000e-02	0.00000000000000e+00	0.00000000000000e+00	0.00000000000000e+00	6.65342213777378e+00	0.00000000000000e+00	1.87395363544934e+03	0.00000000000000e+00	1
62	65	63	64	5.00000000000000e-02	0.00000000000000e+00	0.00000000000000e+00	0.00000000000000e+00	6.67025087999708e+00	0.00000000000000e+00	1.79520943993077e+03	0.00000000000000e+00	1
63	66	64	65	5.00000000000000e-02	0.00000000000000e+00	0.00000000000000e+00	0.00000000000000e+00	6.66334563062040e+00	0.00000000000000e+00	1.82911325227240e+03	0.00000000000000e+00	1
64	67	65	66	5.00000000000000e-02	0.00000000000000e+00	0.00000000000000e+00	0.00000000000000e+00	6.64944382849763e+00	0.00000000000000e+00	1.70938525787602e+03	0.00000000000000e+00	1
65	68	66	67	5.00000000000000e-02	0.00000000000000e+00	0.00000000000000e+00	0.00000000000000e+00	6.59558047398239e+00	0.00000000000000e+00	1.76237954699190e+03	0.00000000000000e+00	1
66	69	67	68	5.00000000000000e-02	0.00000000000000e+00	0.00000000000000e+00	0.00000000000000e+00	6.79221672116468e+00	0.00000000000000e+00	1.66181661409396e+03	0.00000000000000e+00	1
67	70	68	69	5.00000000000000e-02	0.00000000000000e+00	0.00000000000000e+00	0.00000000000000e+00	6.53894655989902e+00	0.00000000000000e+00	1.85968924454513e+03	0.00000000000000e+00	1
68	71	69	70	5.00000000000000e-02	0.00000000000000e+00	0.00000000000000e+00	0.00000000000000e+00	6.64180407788749e+00	0.00000000000000e+00	1.65738649979668e+03	0.00000000000000e+00	1
69	72	70	71	5.00000000000000e-02	0.00000000000000e+00	0.00000000000000e+00	0.00000000000000e+00	6.63271695983180e+00	0.00000000000000e+00	1.71556488420848e+03	0.00000000000000e+00	1
1	7	3	5	5.00000000000000e-02	0.00000000000000e+00	0.00000000000000e+00	0.00000000000000e+00	1.29522454008550e+01	0.00000000000000e+00	1.27139619455400e+03	0.00000000000000e+00	1
2	8	4	6	5.00000000000000e-02	0.00000000000000e+00	0.00000000000000e+00	0.00000000000000e+00	1.27772517864704e+01	0.00000000000000e+00	1.20716417225366e+03	0.00000000000000e+00	1
3	9	5	7	5.00000000000000e-02	0.00000000000000e+00	0.00000000000000e+00	0.00000000000000e+00	1.27564325999066e+01	0.00000000000000e+00	1.16433080740603e+03	0.00000000000000e+00	1
4	10	6	8	5.00000000000000e-02	0.00000000000000e+00	0.00000000000000e+00	0.00000000000000e+00	1.29751751870607e+01	0.00000000000000e+00	1.20069983827090e+03	0.00000000000000e+00	1
5	11	7	9	5.00000000000000e-02	0.00000000000000e+00	0.00000000000000e+00	0.00000000000000e+00	1.29577023758370e+01	0.00000000000000e+00	1.02727613079694e+03	0.00000000000000e+00	1
6	12	8	10	5.00000000000000e-02	0.00000000000000e+00	0.00000000000000e+00	0.00000000000000e+00	1.27870884049875e+01	0.00000000000000e+00	1.14986573516152e+03	0.00000000000000e+00	1
7	13	9	11	5.00000000000000e-02	0.00000000000000e+00	0.00000000000000e+00	0.00000000000000e+00	1.28714039884436e+01	0.00000000000000e+00	1.20474273407221e+03	0.00000000000000e+00	1
8	14	10	12	5.00000000000000e-02	0.00000000000000e+00	0.00000000000000e+00	0.00000000000000e+00	1.30906731813582e+01	0.00000000000000e+00	1.16948978123956e+03	0.00000000000000e+00	1
9	15	11	13	5.00000000000000e-02	0.00000000000000e+00	0.00000000000000e+00	0.00000000000000e+00	1.30425179696987e+01	0.00000000000000e+00	9.87349505142223e+02	0.00000000000000e+00	1
10	16	12	14	5.00000000000000e-02	0.00000000000000e+00	0.00000000000000e+00	0.00000000000000e+00	1.29459696604423e+01	0.00000000000000e+00	1.11700750246030e+03	0.00000000000000e+00	1
11	17	13	15	5.00000000000000e-02	0.00000000000000e+00	0.00000000000000e+00	0.00000000000000e+00	1.29664155157668e+01	0.00000000000000e+00	1.13868856324691e+03	0.00000000000000e+00	1
12	18	14	16	5.00000000000000e-02	0.00000000000000e+00	0.00000000000000e+00	0.00000000000000e+00	1.30015540557001e+01	0.00000000000000e+00	1.11580985744627e+03	0.00000000000000e+00	1
13	19	15	17	5.00000000000000e-02	0.00000000000000e+00	0.00000000000000e+00	0.00000000000000e+00	1.31174265082936e+01	0.00000000000000e+00	1.10824193637537e+03	0.00000000000000e+00	1
14	20	16	18	5.00000000000000e-02	0.00000000000000e+00	0.00000000000000e+00	0.00000000000000e+00	1.33500536465494e+01	0.00000000000000e+00	1.03390469825099e+03	0.00000000000000e+00	1
15	21	17	19	5.00000000000000e-02	0.00000000000000e+00	0.00000000000000e+00	0.00000000000000e+00	1.33300291080853e+01	0.00000000000000e+00	1.06481002635781e+03	0.00000000000000e+00	1
16	22	18	20	5.00000000000000e-02	0.00000000000000e+00	0.00000000000000e+00	0.00000000000000e+00	1.30130293718535e+01	0.00000000000000e+00	1.02778333625792e+03	0.00000000000000e+00	1
17	23	19	21	5.00000000000000e-02	0.00000000000000e+00	0.00000000000000e+00	0.00000000000000e+00	1.30195919155040e+01	0.00000000000000e+00	1.24835039874561e+03	0.00000000000000e+00	1
18	24	20	22	5.00000000000000e-02	0.00000000000000e+00	0.00000000000000e+00	0.00000000000000e+00	1.33426684123455e+01	0.00000000000000e+00	1.16525802763177e+03	0.00000000000000e+00	1
19	25	21	23	5.00000000000000e-02	0.00000000000000e+00	0.00000000000000e+00	0.00000000000000e+00	1.34688755133346e+01	0.00000000000000e+00	1.20095337562700e+03	0.00000000000000e+00	1
20	26	22	24	5.00000000000000e-02	0.00000000000000e+00	0.00000000000000e+00	0.00000000000000e+00	1.33779336547730e+01	0.00000000000000e+00	1.23583383640755e+03	0.00000000000000e+00	1
21	27	23	25	5.00000000000000e-02	0.00000000000000e+00	0.00000000000000e+00	0.00000000000000e+00	1.33171198846967e+01	0.00000000000000e+00	1.30129361924431e+03	0.00000000000000e+00	1
22	28	24	26	5.00000000000000e-02	0.00000000000000e+00	0.00000000000000e+00	0.00000000000000e+00	1.34133517250282e+01	0.00000000000000e+00	1.26572980932242e+03	0.00000000000000e+00	1
23	29	25	27	5.00000000000000e-02	0.00000000000000e+00	0.00000000000000e+00	0.00000000000000e+00	1.35229240572988e+01	0.00000000000000e+00	1.35070486817682e+03	0.00000000000000e+00	1
24	30	26	28	5.00000000000000e-02	0.00000000000000e+00	0.00000000000000e+00	0.00000000000000e+00	1.35102852396690e+01	0.00000000000000e+00	1.42207844896424e+03	0.00000000000000e+00	1
25	31	27	29	5.00000000000000e-02	0.00000000000000e+00	0.00000000000000e+00	0.00000000000000e+00	1.33398395413603e+01	0.00000000000000e+00	1.71770618373306e+03	0.00000000000000e+00	1
26	32	28	30	5.00000000000000e-02	0.00000000000000e+00	0.00000000000000e+00	0.00000000000000e+00	1.33032976164243e+01	0.00000000000000e+00	1.51251215311314e+03	0.00000000000000e+00	1
27	33	29	31	5.00000000000000e-02	0.00000000000000e+00	0.00000000000000e+00	0.00000000000000e+00	1.31435970295987e+01	0.00000000000000e+00	1.59751444015465e+03	0.00000000000000e+00	1
28	34	30	32	5.00000000000000e-02	0.00000000000000e+00	0.00000000000000e+00	0.00000000000000e+00	1.33992677626706e+01	0.00000000000000e+00	1.64737373422471e+03	0.00000000000000e+00	1
29	35	31	33	5.00000000000000e-02	0.00000000000000e+00	0.00000000000000e+00	0.00000000000000e+00	1.49855446162498e+01	0.00000000000000e+00	1.90776783338249e+03	0.00000000000000e+00	1
30	36	32	34	5.00000000000000e-02	0.00000000000000e+00	0.00000000000000e+00	0.00000000000000e+00	1.48703907839033e+01	0.00000000000000e+00	2.14507300502997e+03	0.00000000000000e+00	1
31	37	33	35	5.00000000000000e-02	0.00000000000000e+00	0.00000000000000e+00	0.00000000000000e+00	1.34596049619175e+01	0.00000000000000e+00	1.85024435966830e+03	0.00000000000000e+00	1
32	38	34	36	5.00000000000000e-02	0.00000000000000e+00	0.00000000000000e+00	0.00000000000000e+00	1.33347256728800e+01	0.00000000000000e+00	1.39311985631169e+03	0.00000000000000e+00	1
33	39	35	37	5.00000000000000e-02	0.00000000000000e+00	0.00000000000000e+00	0.00000000000000e+00	1.47479859006088e+01	0.00000000000000e+00	1.62614988197078e+03	0.00000000000000e+00	1
34	40	36	38	5.00000000000000e-02	0.00000000000000e+00	0.00000000000000e+00	0.00000000000000e+00	1.44383067381566e+01	0.00000000000000e+00	1.71850151105729e+03	0.00000000000000e+00	1
35	41	37	39	5.00000000000000e-02	0.00000000000000e+00	0.00000000000000e+00	0.00000000000000e+00	1.39388619712534e+01	0.00000000000000e+00	1.59333769294747e+03	0.00000000000000e+00	1
36	42	38	40	5.00000000000000e-02	0.00000000000000e+00	0.00000000000000e+00	0.00000000000000e+00	1.44780954904048e+01	0.00000000000000e+00	1.25245637142060e+03	0.00000000000000e+00	1
37	43	39	41	5.00000000000000e-02	0.00000000000000e+00	0.00000000000000e+00	0.00000000000000e+00	1.48215084854219e+01	0.00000000000000e+00	1.57136938441448e+03	0.00000000000000e+00	1
38	44	40	42	5.00000000000000e-02	0.00000000000000e+00	0.00000000000000e+00	0.00000000000000e+00	1.45966876440316e+01	0.00000000000000e+00	1.31585338747201e+03	0.00000000000000e+00	1
39	45	41	43	5.00000000000000e-02	0.00000000000000e+00	0.00000000000000e+00	0.00000000000000e+00	1.44954675478196e+01	0.00000000000000e+00	1.36497159492111e+03	0.00000000000000e+00	1
40	46	42	44	5.00000000000000e-02	0.00000000000000e+00	0.00000000000000e+00	0.00000000000000e+00	1.44421145525629e+01	0.00000000000000e+00	1.27240290738265e+03	0.00000000000000e+00	1
41	47	43	45	5.00000000000000e-02	0.00000000000000e+00	0.00000000000000e+00	0.00000000000000e+00	1.43095191859289e+01	0.00000000000000e+00	1.17673727499018e+03	0.00000000000000e+00	1
42	48	44	46	5.00000000000000e-02	0.00000000000000e+00	0.00000000000000e+00	0.00000000000000e+00	1.42880216158563e+01	0.00000000000000e+00	1.19284380386432e+03	0.00000000000000e+00	1
43	49	45	47	5.00000000000000e-02	0.00000000000000e+00	0.00000000000000e+00	0.00000000000000e+00	1.44649437205005e+01	0.00000000000000e+00	1.10534911494112e+03	0.00000000000000e+00	1
44	50	46	48	5.00000000000000e-02	0.00000000000000e+00	0.00000000000000e+00	0.00000000000000e+00	1.43116278215404e+01	0.00000000000000e+00	1.16457701091410e+03	0.00000000000000e+00	1
45	51	47	49	5.00000000000000e-02	0.00000000000000e+00	0.00000000000000e+00	0.00000000000000e+00	1.43634742491349e+01	0.00000000000000e+00	1.10220640718183e+03	0.00000000000000e+00	1
46	52	48	50	5.00000000000000e-02	0.00000000000000e+00	0.00000000000000e+00	0.00000000000000e+00	1.45642119964446e+01	0.00000000000000e+00	1.04636234178553e+03	0.00000000000000e+00	1
47	53	49	51	5.00000000000000e-02	0.00000000000000e+00	0.00000000000000e+00	0.00000000000000e+00	1.42479846068277e+01	0.00000000000000e+00	1.15145459536965e+03	0.00000000000000e+00	1
48	54	50	52	5.00000000000000e-02	0.00000000000000e+00	0.00000000000000e+00	0.00000000000000e+00	1.38246421516457e+01	0.00000000000000e+00	1.12817724193481e+03	0.00000000000000e+00	1
49	55	51	53	5.00000000000000e-02	0.00000000000000e+00	0.00000000000000e+00	0.00000000000000e+00	1.39161180539766e+01	0.00000000000000e+00	1.04945667973802e+03	0.00000000000000e+00	1
50	56	52	54	5.00000000000000e-02	0.00000000000000e+00	0.00000000000000e+00	0.00000000000000e+00	1.41333348973890e+01	0.00000000000000e+00	1.03216489329012e+03	0.00000000000000e+00	1
51	57	53	55	5.00000000000000e-02	0.00000000000000e+00	0.00000000000000e+00	0.00000000000000e+00	1.39764922254810e+01	0.00000000000000e+00	1.05493103191182e+03	0.00000000000000e+00	1
52	58	54	56	5.00000000000000e-02	0.00000000000000e+00	0.00000000000000e+00	0.00000000000000e+00	1.38690036882579e+01	0.00000000000000e+00	1.19941283741389e+03	0.00000000000000e+00	1
53	59	55	57	5.00000000000000e-02	0.00000000000000e+00	0.00000000000000e+00	0.00000000000000e+00	1.38230595031639e+01	0.00000000000000e+00	1.16165252351656e+03	0.00000000000000e+00	1
54	60	56	58	5.00000000000000e-02	0.00000000000000e+00	0.00000000000000e+00	0.00000000000000e+00	1.38436771743688e+01	0.00000000000000e+00	1.01639588400111e+03	0.00000000000000e+00	1
55	61	57	59	5.00000000000000e-02	0.00000000000000e+00	0.00000000000000e+00	0.00000000000000e+00	1.36612092058795e+01	0.00000000000000e+00	1.18202789581806e+03	0.00000000000000e+00	1
56	62	58	60	5.00000000000000e-02	0.00000000000000e+00	0.00000000000000e+00	0.00000000000000e+00	1.34337008252632e+01	0.00000000000000e+00	1.03657720244740e+03	0.00000000000000e+00	1
57	63	59	61	5.00000000000000e-02	0.00000000000000e+00	0.00000000000000e+00	0.00000000000000e+00	1.34965861431766e+01	0.00000000000000e+00	1.07139654826740e+03	0.00000000000000e+00	1
58	64	60	62	5.00000000000000e-02	0.00000000000000e+00	0.00000000000000e+00	0.00000000000000e+00	1.36478742079956e+01	0.00000000000000e+00	1.14851724390056e+03	0.00000000000000e+00	1
59	65	61	63	5.00000000000000e-02	0.00000000000000e+00	0.00000000000000e+00	0.00000000000000e+00	1.34464854921858e+01	0.00000000000000e+00	1.12399184576536e+03	0.00000000000000e+00	1
60	66	62	64	5.00000000000000e-02	0.00000000000000e+00	0.00000000000000e+00	0.00000000000000e+00	1.32943993393479e+01	0.00000000000000e+00	1.15658199489600e+03	0.00000000000000e+00	1
61	67	63	65	5.00000000000000e-02	0.00000000000000e+00	0.00000000000000e+00	0.00000000000000e+00	1.35026469362246e+01	0.00000000000000e+00	1.02972870961831e+03	0.00000000000000e+00	1
62	68	64	66	5.00000000000000e-02	0.00000000000000e+00	0.00000000000000e+00	0.00000000000000e+00	1.34228943962796e+01	0.00000000000000e+00	1.18084515625840e+03	0.00000000000000e+00	1
63	69	65	67	5.00000000000000e-02	0.00000000000000e+00	0.00000000000000e+00	0.00000000000000e+00	1.32788819459056e+01	0.00000000000000e+00	1.20195998915912e+03	0.00000000000000e+00	1
64	70	66	68	5.00000000000000e-02	0.00000000000000e+00	0.00000000000000e+00	0.00000000000000e+00	1.32529963474022e+01	0.00000000000000e+00	1.26785845864000e+03	0.00000000000000e+00	1
65	71	67	69	5.00000000000000e-02	0.00000000000000e+00	0.00000000000000e+00	0.00000000000000e+00	1.31245620535372e+01	0.00000000000000e+00	1.25992577457717e+03	0.00000000000000e+00	1
66	72	68	70	5.00000000000000e-02	0.00000000000000e+00	0.00000000000000e+00	0.00000000000000e+00	1.31271278923219e+01	0.00000000000000e+00	1.19358386722263e+03	0.00000000000000e+00	1
1	10	4	7	5.00000000000000e-02	0.00000000000000e+00	0.00000000000000e+00	0.00000000000000e+00	1.92721569381568e+01	0.00000000000000e+00	9.01221863424719e+02	0.00000000000000e+00	1
2	11	5	8	5.00000000000000e-02	0.00000000000000e+00	0.00000000000000e+00	0.00000000000000e+00	1.93127939431305e+01	0.00000000000000e+00	1.00276984778596e+03	0.00000000000000e+00	1
3	12	6	9	5.00000000000000e-02	0.00000000000000e+00	0.00000000000000e+00	0.00000000000000e+00	1.92774385131560e+01	0.00000000000000e+00	1.03112949976992e+03	0.00000000000000e+00	1
4	13	7	10	5.00000000000000e-02	0.00000000000000e+00	0.00000000000000e+00	0.00000000000000e+00	1.93154257090789e+01	0.00000000000000e+00	9.94834409059115e+02	0.00000000000000e+00	1
5	14	8	11	5.00000000000000e-02	0.00000000000000e+00	0.00000000000000e+00	0.00000000000000e+00	1.93514152561290e+01	0.00000000000000e+00	1.06039503986395e+03	0.00000000000000e+00	1
6	15	9	12	5.00000000000000e-02	0.00000000000000e+00	0.00000000000000e+00	0.00000000000000e+00	1.94521099373675e+01	0.00000000000000e+00	9.53635608608051e+02	0.00000000000000e+00	1
7	16	10	13	5.00000000000000e-02	0.00000000000000e+00	0.00000000000000e+00	0.00000000000000e+00	1.95628225056815e+01	0.00000000000000e+00	1.05416481066960e+03	0.00000000000000e+00	1
8	17	11	14	5.00000000000000e-02	0.00000000000000e+00	0.00000000000000e+00	0.00000000000000e+00	1.95224021748782e+01	0.00000000000000e+00	1.07121104239694e+03	0.00000000000000e+00	1
9	18	12	15	5.00000000000000e-02	0.00000000000000e+00	0.00000000000000e+00	0.00000000000000e+00	1.94466618534594e+01	0.00000000000000e+00	9.38539152070592e+02	0.00000000000000e+00	1
10	19	13	16	5.00000000000000e-02	0.00000000000000e+00	0.00000000000000e+00	0.00000000000000e+00	1.94491651510439e+01	0.00000000000000e+00	1.06910152107703e+03	0.00000000000000e+00	1
11	20	14	17	5.00000000000000e-02	0.00000000000000e+00	0.00000000000000e+00	0.00000000000000e+00	1.97284025878390e+01	0.00000000000000e+00	1.06141128379085e+03	0.00000000000000e+00	1
12	21	15	18	5.00000000000000e-02	0.00000000000000e+00	0.00000000000000e+00	0.00000000000000e+00	1.99573993841894e+01	0.00000000000000e+00	1.16588616226639e+03	0.00000000000000e+00	1
13	22	16	19	5.00000000000000e-02	0.00000000000000e+00	0.00000000000000e+00	0.00000000000000e+00	1.99025595250156e+01	0.00000000000000e+00	1.16012522581868e+03	0.00000000000000e+00	1
14	23	17	20	5.00000000000000e-02	0.00000000000000e+00	0.00000000000000e+00	0.00000000000000e+00	1.96586352619962e+01	0.00000000000000e+00	1.05008631476073e+03	0.00000000000000e+00	1
15	24	18	21	5.00000000000000e-02	0.00000000000000e+00	0.00000000000000e+00	0.00000000000000e+00	1.94806432310690e+01	0.00000000000000e+00	1.18825422149395e+03	0.00000000000000e+00	1
16	25	19	22	5.00000000000000e-02	0.00000000000000e+00	0.00000000000000e+00	0.00000000000000e+00	1.96611100713262e+01	0.00000000000000e+00	1.20594491346929e+03	0.00000000000000e+00	1
17	26	20	23	5.00000000000000e-02	0.00000000000000e+00	0.00000000000000e+00	0.00000000000000e+00	1.99686664585642e+01	0.00000000000000e+00	1.42227078958577e+03	0.00000000000000e+00	1
18	27	21	24	5.00000000000000e-02	0.00000000000000e+00	0.00000000000000e+00	0.00000000000000e+00	2.02672660035925e+01	0.00000000000000e+00	1.36672651867678e+03	0.00000000000000e+00	1
19	28	22	25	5.00000000000000e-02	0.00000000000000e+00	0.00000000000000e+00	0.00000000000000e+00	2.02929949333392e+01	0.00000000000000e+00	1.51324525051847e+03	0.00000000000000e+00	1
20	29	23	26	5.00000000000000e-02	0.00000000000000e+00	0.00000000000000e+00	0.00000000000000e+00	2.02146396445930e+01	0.00000000000000e+00	1.29497138187282e+03	0.00000000000000e+00	1
21	30	24	27	5.00000000000000e-02	0.00000000000000e+00	0.00000000000000e+00	0.00000000000000e+00	2.02118033352632e+01	0.00000000000000e+00	1.44406555981654e+03	0.00000000000000e+00	1
22	31	25	28	5.00000000000000e-02	0.00000000000000e+00	0.00000000000000e+00	0.00000000000000e+00	2.00029926696509e+01	0.00000000000000e+00	1.63970054341689e+03	0.00000000000000e+00	1
23	32	26	29	5.00000000000000e-02	0.00000000000000e+00	0.00000000000000e+00	0.00000000000000e+00	1.98853026180447e+01	0.00000000000000e+00	1.56281414168235e+03	0.00000000000000e+00	1
24	33	27	30	5.00000000000000e-02	0.00000000000000e+00	0.00000000000000e+00	0.00000000000000e+00	1.93925002630392e+01	0.00000000000000e+00	1.66679741639802e+03	0.00000000000000e+00	1
25	34	28	31	5.00000000000000e-02	0.00000000000000e+00	0.00000000000000e+00	0.00000000000000e+00	1.93641669517100e+01	0.00000000000000e+00	1.61402956940094e+03	0.00000000000000e+00	1
26	35	29	32	5.00000000000000e-02	0.00000000000000e+00	0.00000000000000e+00	0.00000000000000e+00	2.08258754825031e+01	0.00000000000000e+00	1.77232469809051e+03	0.00000000000000e+00	1
27	36	30	33	5.00000000000000e-02	0.00000000000000e+00	0.00000000000000e+00	0.00000000000000e+00	2.26564530388226e+01	0.00000000000000e+00	2.01521211453577e+03	0.00000000000000e+00	1
28	37	31	34	5.00000000000000e-02	0.00000000000000e+00	0.00000000000000e+00	0.00000000000000e+00	2.28043778172923e+01	0.00000000000000e+00	2.11629917093160e+03	0.00000000000000e+00	1
29	38	32	35	5.00000000000000e-02	0.00000000000000e+00	0.00000000000000e+00	0.00000000000000e+00	2.21745800945513e+01	0.00000000000000e+00	2.12771181173280e+03	0.00000000000000e+00	1
30	39	33	36	5.00000000000000e-02	0.00000000000000e+00	0.00000000000000e+00	0.00000000000000e+00	2.09505494322458e+01	0.00000000000000e+00	1.99723935823408e+03	0.00000000000000e+00	1
31	40	34	37	5.00000000000000e-02	0.00000000000000e+00	0.00000000000000e+00	0.00000000000000e+00	2.00001518165744e+01	0.00000000000000e+00	1.67017648092594e+03	0.00000000000000e+00	1
32	41	35	38	5.00000000000000e-02	0.00000000000000e+00	0.00000000000000e+00	0.00000000000000e+00	2.02087682186056e+01	0.00000000000000e+00	1.62841867973160e+03	0.00000000000000e+00	1
33	42	36	39	5.00000000000000e-02	0.00000000000000e+00	0.00000000000000e+00	0.00000000000000e+00	2.11851854216881e+01	0.00000000000000e+00	1.62324792883184e+03	0.00000000000000e+00	1
34	43	37	40	5.00000000000000e-02	0.00000000000000e+00	0.00000000000000e+00	0.00000000000000e+00	2.13222468089480e+01	0.00000000000000e+00	1.68568199269763e+03	0.00000000000000e+00	1
35	44	38	41	5.00000000000000e-02	0.00000000000000e+00	0.00000000000000e+00	0.00000000000000e+00	2.18583088002002e+01	0.00000000000000e+00	1.56217913417390e+03	0.00000000000000e+00	1
36	45	39	42	5.00000000000000e-02	0.00000000000000e+00	0.00000000000000e+00	0.00000000000000e+00	2.21042950439421e+01	0.00000000000000e+00	1.48468177731817e+03	0.00000000000000e+00	1
37	46	40	43	5.00000000000000e-02	0.00000000000000e+00	0.00000000000000e+00	0.00000000000000e+00	2.22948005502638e+01	0.00000000000000e+00	1.65406702374693e+03	0.00000000000000e+00	1
38	47	41	44	5.00000000000000e-02	0.00000000000000e+00	0.00000000000000e+00	0.00000000000000e+00	2.16234273939639e+01	0.00000000000000e+00	1.40434094033863e+03	0.00000000000000e+00	1
39	48	42	45	5.00000000000000e-02	0.00000000000000e+00	0.00000000000000e+00	0.00000000000000e+00	2.13867510530379e+01	0.00000000000000e+00	1.44252973406802e+03	0.00000000000000e+00	1
40	49	43	46	5.00000000000000e-02	0.00000000000000e+00	0.00000000000000e+00	0.00000000000000e+00	2.11817261452061e+01	0.00000000000000e+00	1.31977637978959e+03	0.00000000000000e+00	1
41	50	44	47	5.00000000000000e-02	0.00000000000000e+00	0.00000000000000e+00	0.00000000000000e+00	2.12524864228260e+01	0.00000000000000e+00	1.21757591709510e+03	0.00000000000000e+00	1
42	51	45	48	5.00000000000000e-02	0.00000000000000e+00	0.00000000000000e+00	0.00000000000000e+00	2.15711564383323e+01	0.00000000000000e+00	1.12126072291398e+03	0.00000000000000e+00	1
43	52	46	49	5.00000000000000e-02	0.00000000000000e+00	0.00000000000000e+00	0.00000000000000e+00	2.17546773383506e+01	0.00000000000000e+00	1.19087765190516e+03	0.00000000000000e+00	1
44	53	47	50	5.00000000000000e-02	0.00000000000000e+00	0.00000000000000e+00	0.00000000000000e+00	2.19503837256451e+01	0.00000000000000e+00	1.23436933723655e+03	0.00000000000000e+00	1
45	54	48	51	5.00000000000000e-02	0.00000000000000e+00	0.00000000000000e+00	0.00000000000000e+00	2.14089210566039e+01	0.00000000000000e+00	1.24671370662187e+03	0.00000000000000e+00	1
46	55	49	52	5.00000000000000e-02	0.00000000000000e+00	0.00000000000000e+00	0.00000000000000e+00	2.10969605339315e+01	0.00000000000000e+00	1.17251493403043e+03	0.00000000000000e+00	1
47	56	50	53	5.00000000000000e-02	0.00000000000000e+00	0.00000000000000e+00	0.00000000000000e+00	2.06405525441476e+01	0.00000000000000e+00	1.08933061922136e+03	0.00000000000000e+00	1
48	57	51	54	5.00000000000000e-02	0.00000000000000e+00	0.00000000000000e+00	0.00000000000000e+00	2.07934392233793e+01	0.00000000000000e+00	9.95328499067211e+02	0.00000000000000e+00	1
49	58	52	55	5.00000000000000e-02	0.00000000000000e+00	0.00000000000000e+00	0.00000000000000e+00	2.09055865882941e+01	0.00000000000000e+00	1.11623107481504e+03	0.00000000000000e+00	1
50	59	53	56	5.00000000000000e-02	0.00000000000000e+00	0.00000000000000e+00	0.00000000000000e+00	2.11072291851123e+01	0.00000000000000e+00	9.26255885311267e+02	0.00000000000000e+00	1
51	60	54	57	5.00000000000000e-02	0.00000000000000e+00	0.00000000000000e+00	0.00000000000000e+00	2.10907620516928e+01	0.00000000000000e+00	1.09611531544263e+03	0.00000000000000e+00	1
52	61	55	58	5.00000000000000e-02	0.00000000000000e+00	0.00000000000000e+00	0.00000000000000e+00	2.08076748918441e+01	0.00000000000000e+00	9.50014393221084e+02	0.00000000000000e+00	1
53	62	56	59	5.00000000000000e-02	0.00000000000000e+00	0.00000000000000e+00	0.00000000000000e+00	2.06199430025984e+01	0.00000000000000e+00	9.99110331867032e+02	0.00000000000000e+00	1
54	63	57	60	5.00000000000000e-02	0.00000000000000e+00	0.00000000000000e+00	0.00000000000000e+00	2.02114305044298e+01	0.00000000000000e+00	1.00661512371229e+03	0.00000000000000e+00	1
55	64	58	61	5.00000000000000e-02	0.00000000000000e+00	0.00000000000000e+00	0.00000000000000e+00	2.02285403274583e+01	0.00000000000000e+00	9.76568944169004e+02	0.00000000000000e+00	1
56	65	59	62	5.00000000000000e-02	0.00000000000000e+00	0.00000000000000e+00	0.00000000000000e+00	2.00793491850597e+01	0.00000000000000e+00	1.02620071269923e+03	0.00000000000000e+00	1
57	66	60	63	5.00000000000000e-02	0.00000000000000e+00	0.00000000000000e+00	0.00000000000000e+00	2.03057400757613e+01	0.00000000000000e+00	9.99859626150266e+02	0.00000000000000e+00	1
58	67	61	64	5.00000000000000e-02	0.00000000000000e+00	0.00000000000000e+00	0.00000000000000e+00	2.02383977957846e+01	0.00000000000000e+00	9.78423070759739e+02	0.00000000000000e+00	1
59	68	62	65	5.00000000000000e-02	0.00000000000000e+00	0.00000000000000e+00	0.00000000000000e+00	2.03228696539543e+01	0.00000000000000e+00	1.00760096144493e+03	0.00000000000000e+00	1
60	69	63	66	5.00000000000000e-02	0.00000000000000e+00	0.00000000000000e+00	0.00000000000000e+00	2.02720084682147e+01	0.00000000000000e+00	8.69036783541303e+02	0.00000000000000e+00	1
61	70	64	67	5.00000000000000e-02	0.00000000000000e+00	0.00000000000000e+00	0.00000000000000e+00	2.00914582698848e+01	0.00000000000000e+00	9.43629789164939e+02	0.00000000000000e+00	1
62	71	65	68	5.00000000000000e-02	0.00000000000000e+00	0.00000000000000e+00	0.00000000000000e+00	1.98349615961857e+01	0.00000000000000e+00	9.92320922535429e+02	0.00000000000000e+00	1
63	72	66	69	5.00000000000000e-02	0.00000000000000e+00	0.00000000000000e+00	0.00000000000000e+00	1.95856837032567e+01	0.00000000000000e+00	1.03572336190076e+03	0.00000000000000e+00	1
1	13	5	9	5.00000000000000e-02	0.00000000000000e+00	0.00000000000000e+00	0.00000000000000e+00	2.57192170409055e+01	0.00000000000000e+00	9.54980848549978e+02	0.00000000000000e+00	1
2	14	6	10	5.00000000000000e-02	0.00000000000000e+00	0.00000000000000e+00	0.00000000000000e+00	2.57285265318229e+01	0.00000000000000e+00	1.01995246453210e+03	0.00000000000000e+00	1
3	15	7	11	5.00000000000000e-02	0.00000000000000e+00	0.00000000000000e+00	0.00000000000000e+00	2.58250412038450e+01	0.00000000000000e+00	1.12490761758661e+03	0.00000000000000e+00	1
4	16	8	12	5.00000000000000e-02	0.00000000000000e+00	0.00000000000000e+00	0.00000000000000e+00	2.58937109270904e+01	0.00000000000000e+00	1.14145290604607e+03	0.00000000000000e+00	1
5	17	9	13	5.00000000000000e-02	0.00000000000000e+00	0.00000000000000e+00	0.00000000000000e+00	2.59907148896625e+01	0.00000000000000e+00	1.01017938990550e+03	0.00000000000000e+00	1
6	18	10	14	5.00000000000000e-02	0.00000000000000e+00	0.00000000000000e+00	0.00000000000000e+00	2.59759624525006e+01	0.00000000000000e+00	1.15007877261320e+03	0.00000000000000e+00	1
7	19	11	15	5.00000000000000e-02	0.00000000000000e+00	0.00000000000000e+00	0.00000000000000e+00	2.60092580205328e+01	0.00000000000000e+00	1.13616829916811e+03	0.00000000000000e+00	1
8	20	12	16	5.00000000000000e-02	0.00000000000000e+00	0.00000000000000e+00	0.00000000000000e+00	2.61512729091075e+01	0.00000000000000e+00	1.14522826957585e+03	0.00000000000000e+00	1
9	21	13	17	5.00000000000000e-02	0.00000000000000e+00	0.00000000000000e+00	0.00000000000000e+00	2.62719924703734e+01	0.00000000000000e+00	1.23680231370103e+03	0.00000000000000e+00	1
10	22	14	18	5.00000000000000e-02	0.00000000000000e+00	0.00000000000000e+00	0.00000000000000e+00	2.63849713163293e+01	0.00000000000000e+00	1.19581963700648e+03	0.00000000000000e+00	1
11	23	15	19	5.00000000000000e-02	0.00000000000000e+00	0.00000000000000e+00	0.00000000000000e+00	2.63645558386068e+01	0.00000000000000e+00	1.17553354749053e+03	0.00000000000000e+00	1
12	24	16	20	5.00000000000000e-02	0.00000000000000e+00	0.00000000000000e+00	0.00000000000000e+00	2.62479655746693e+01	0.00000000000000e+00	1.29243496054427e+03	0.00000000000000e+00	1
13	25	17	21	5.00000000000000e-02	0.00000000000000e+00	0.00000000000000e+00	0.00000000000000e+00	2.61616223871167e+01	0.00000000000000e+00	1.39913003992086e+03	0.00000000000000e+00	1
14	26	18	22	5.00000000000000e-02	0.00000000000000e+00	0.00000000000000e+00	0.00000000000000e+00	2.62003321579119e+01	0.00000000000000e+00	1.42951481363419e+03	0.00000000000000e+00	1
15	27	19	23	5.00000000000000e-02	0.00000000000000e+00	0.00000000000000e+00	0.00000000000000e+00	2.63651297964358e+01	0.00000000000000e+00	1.61502271985632e+03	0.00000000000000e+00	1
16	28	20	24	5.00000000000000e-02	0.00000000000000e+00	0.00000000000000e+00	0.00000000000000e+00	2.67791701710312e+01	0.00000000000000e+00	1.58329380937441e+03	0.00000000000000e+00	1
17	29	21	25	5.00000000000000e-02	0.00000000000000e+00	0.00000000000000e+00	0.00000000000000e+00	2.70535541849630e+01	0.00000000000000e+00	1.60592805403635e+03	0.00000000000000e+00	1
18	30	22	26	5.00000000000000e-02	0.00000000000000e+00	0.00000000000000e+00	0.00000000000000e+00	2.71368961920785e+01	0.00000000000000e+00	1.63826657008692e+03	0.00000000000000e+00	1
19	31	23	27	5.00000000000000e-02	0.00000000000000e+00	0.00000000000000e+00	0.00000000000000e+00	2.70150320073968e+01	0.00000000000000e+00	1.53979107313307e+03	0.00000000000000e+00	1
20	32	24	28	5.00000000000000e-02	0.00000000000000e+00	0.00000000000000e+00	0.00000000000000e+00	2.65706765263375e+01	0.00000000000000e+00	1.51526286457545e+03	0.00000000000000e+00	1
21	33	25	29	5.00000000000000e-02	0.00000000000000e+00	0.00000000000000e+00	0.00000000000000e+00	2.59651431391548e+01	0.00000000000000e+00	1.41517390630164e+03	0.00000000000000e+00	1
22	34	26	30	5.00000000000000e-02	0.00000000000000e+00	0.00000000000000e+00	0.00000000000000e+00	2.54045824724362e+01	0.00000000000000e+00	1.41029109531271e+03	0.00000000000000e+00	1
23	35	27	31	5.00000000000000e-02	0.00000000000000e+00	0.00000000000000e+00	0.00000000000000e+00	2.60764741484600e+01	0.00000000000000e+00	1.60816115981434e+03	0.00000000000000e+00	1
24	36	28	32	5.00000000000000e-02	0.00000000000000e+00	0.00000000000000e+00	0.00000000000000e+00	2.79412652176403e+01	0.00000000000000e+00	1.88246819461691e+03	0.00000000000000e+00	1
25	37	29	33	5.00000000000000e-02	0.00000000000000e+00	0.00000000000000e+00	0.00000000000000e+00	2.98716860138170e+01	0.00000000000000e+00	2.07956193644173e+03	0.00000000000000e+00	1
26	38	30	34	5.00000000000000e-02	0.00000000000000e+00	0.00000000000000e+00	0.00000000000000e+00	3.09740648224895e+01	0.00000000000000e+00	2.36443982832978e+03	0.00000000000000e+00	1
27	39	31	35	5.00000000000000e-02	0.00000000000000e+00	0.00000000000000e+00	0.00000000000000e+00	3.03852646901519e+01	0.00000000000000e+00	2.38769432208671e+03	0.00000000000000e+00	1
28	40	32	36	5.00000000000000e-02	0.00000000000000e+00	0.00000000000000e+00	0.00000000000000e+00	2.97509918824725e+01	0.00000000000000e+00	2.18031938223194e+03	0.00000000000000e+00	1
29	41	33	37	5.00000000000000e-02	0.00000000000000e+00	0.00000000000000e+00	0.00000000000000e+00	2.82224333377325e+01	0.00000000000000e+00	1.92739647515461e+03	0.00000000000000e+00	1
30	42	34	38	5.00000000000000e-02	0.00000000000000e+00	0.00000000000000e+00	0.00000000000000e+00	2.63574173928693e+01	0.00000000000000e+00	1.58170139045598e+03	0.00000000000000e+00	1
31	43	35	39	5.00000000000000e-02	0.00000000000000e+00	0.00000000000000e+00	0.00000000000000e+00	2.62773297855804e+01	0.00000000000000e+00	1.50233777951193e+03	0.00000000000000e+00	1
32	44	36	40	5.00000000000000e-02	0.00000000000000e+00	0.00000000000000e+00	0.00000000000000e+00	2.71620544871166e+01	0.00000000000000e+00	1.54099863934873e+03	0.00000000000000e+00	1
33	45	37	41	5.00000000000000e-02	0.00000000000000e+00	0.00000000000000e+00	0.00000000000000e+00	2.86628324155994e+01	0.00000000000000e+00	1.55341891348120e+03	0.00000000000000e+00	1
34	46	38	42	5.00000000000000e-02	0.00000000000000e+00	0.00000000000000e+00	0.00000000000000e+00	2.94143807028492e+01	0.00000000000000e+00	1.68058681185239e+03	0.00000000000000e+00	1
35	47	39	43	5.00000000000000e-02	0.00000000000000e+00	0.00000000000000e+00	0.00000000000000e+00	2.92057564075181e+01	0.00000000000000e+00	1.75466466228683e+03	0.00000000000000e+00	1
36	48	40	44	5.00000000000000e-02	0.00000000000000e+00	0.00000000000000e+00	0.00000000000000e+00	2.92630469331695e+01	0.00000000000000e+00	1.55761255275300e+03	0.00000000000000e+00	1
37	49	41	45	5.00000000000000e-02	0.00000000000000e+00	0.00000000000000e+00	0.00000000000000e+00	2.87035182383527e+01	0.00000000000000e+00	1.59216235468677e+03	0.00000000000000e+00	1
38	50	42	46	5.00000000000000e-02	0.00000000000000e+00	0.00000000000000e+00	0.00000000000000e+00	2.82673841034392e+01	0.00000000000000e+00	1.60185513403853e+03	0.00000000000000e+00	1
39	51	43	47	5.00000000000000e-02	0.00000000000000e+00	0.00000000000000e+00	0.00000000000000e+00	2.82965250999864e+01	0.00000000000000e+00	1.46403393904018e+03	0.00000000000000e+00	1
40	52	44	48	5.00000000000000e-02	0.00000000000000e+00	0.00000000000000e+00	0.00000000000000e+00	2.83753287265002e+01	0.00000000000000e+00	1.35303975126054e+03	0.00000000000000e+00	1
41	53	45	49	5.00000000000000e-02	0.00000000000000e+00	0.00000000000000e+00	0.00000000000000e+00	2.88816971432763e+01	0.00000000000000e+00	1.45837198168765e+03	0.00000000000000e+00	1
42	54	46	50	5.00000000000000e-02	0.00000000000000e+00	0.00000000000000e+00	0.00000000000000e+00	2.89863897663685e+01	0.00000000000000e+00	1.39436314590091e+03	0.00000000000000e+00	1
43	55	47	51	5.00000000000000e-02	0.00000000000000e+00	0.00000000000000e+00	0.00000000000000e+00	2.86937035452874e+01	0.00000000000000e+00	1.36293328806476e+03	0.00000000000000e+00	1
44	56	48	52	5.00000000000000e-02	0.00000000000000e+00	0.00000000000000e+00	0.00000000000000e+00	2.83672114001195e+01	0.00000000000000e+00	1.24666287058803e+03	0.00000000000000e+00	1
45	57	49	53	5.00000000000000e-02	0.00000000000000e+00	0.00000000000000e+00	0.00000000000000e+00	2.78438615171297e+01	0.00000000000000e+00	1.19881625168229e+03	0.00000000000000e+00	1
46	58	50	54	5.00000000000000e-02	0.00000000000000e+00	0.00000000000000e+00	0.00000000000000e+00	2.76382730726561e+01	0.00000000000000e+00	1.17539140057474e+03	0.00000000000000e+00	1
47	59	51	55	5.00000000000000e-02	0.00000000000000e+00	0.00000000000000e+00	0.00000000000000e+00	2.77164025048773e+01	0.00000000000000e+00	1.20215304339706e+03	0.00000000000000e+00	1
48	60	52	56	5.00000000000000e-02	0.00000000000000e+00	0.00000000000000e+00	0.00000000000000e+00	2.79776190043331e+01	0.00000000000000e+00	1.14191810438497e+03	0.00000000000000e+00	1
49	61	53	57	5.00000000000000e-02	0.00000000000000e+00	0.00000000000000e+00	0.00000000000000e+00	2.81147046190455e+01	0.00000000000000e+00	1.13114796411883e+03	0.00000000000000e+00	1
50	62	54	58	5.00000000000000e-02	0.00000000000000e+00	0.00000000000000e+00	0.00000000000000e+00	2.79621967058654e+01	0.00000000000000e+00	9.92108691983464e+02	0.00000000000000e+00	1
51	63	55	59	5.00000000000000e-02	0.00000000000000e+00	0.00000000000000e+00	0.00000000000000e+00	2.77886906727513e+01	0.00000000000000e+00	1.08548194102862e+03	0.00000000000000e+00	1
52	64	56	60	5.00000000000000e-02	0.00000000000000e+00	0.00000000000000e+00	0.00000000000000e+00	2.72147940700484e+01	0.00000000000000e+00	1.12953505922465e+03	0.00000000000000e+00	1
53	65	57	61	5.00000000000000e-02	0.00000000000000e+00	0.00000000000000e+00	0.00000000000000e+00	2.69296291819456e+01	0.00000000000000e+00	1.03159404902180e+03	0.00000000000000e+00	1
54	66	58	62	5.00000000000000e-02	0.00000000000000e+00	0.00000000000000e+00	0.00000000000000e+00	2.69323767158463e+01	0.00000000000000e+00	1.00643714139191e+03	0.00000000000000e+00	1
55	67	59	63	5.00000000000000e-02	0.00000000000000e+00	0.00000000000000e+00	0.00000000000000e+00	2.68051070214037e+01	0.00000000000000e+00	9.93053252173059e+02	0.00000000000000e+00	1
56	68	60	64	5.00000000000000e-02	0.00000000000000e+00	0.00000000000000e+00	0.00000000000000e+00	2.70991318330683e+01	0.00000000000000e+00	9.51991031419105e+02	0.00000000000000e+00	1
57	69	61	65	5.00000000000000e-02	0.00000000000000e+00	0.00000000000000e+00	0.00000000000000e+00	2.72340702510359e+01	0.00000000000000e+00	1.01368202930397e+03	0.00000000000000e+00	1
58	70	62	66	5.00000000000000e-02	0.00000000000000e+00	0.00000000000000e+00	0.00000000000000e+00	2.71164916765741e+01	0.00000000000000e+00	1.02103634171045e+03	0.00000000000000e+00	1
59	71	63	67	5.00000000000000e-02	0.00000000000000e+00	0.00000000000000e+00	0.00000000000000e+00	2.69197398864498e+01	0.00000000000000e+00	1.02211283652251e+03	0.00000000000000e+00	1
60	72	64	68	5.00000000000000e-02	0.00000000000000e+00	0.00000000000000e+00	0.00000000000000e+00	2.66090547941699e+01	0.00000000000000e+00	1.03792891448331e+03	0.00000000000000e+00	1
1	16	6	11	5.00000000000000e-02	0.00000000000000e+00	0.00000000000000e+00	0.00000000000000e+00	3.23109898638094e+01	0.00000000000000e+00	1.03973528066781e+03	0.00000000000000e+00	1
2	17	7	12	5.00000000000000e-02	0.00000000000000e+00	0.00000000000000e+00	0.00000000000000e+00	3.23871793382002e+01	0.00000000000000e+00	1.09377918400020e+03	0.00000000000000e+00	1
3	18	8	13	5.00000000000000e-02	0.00000000000000e+00	0.00000000000000e+00	0.00000000000000e+00	3.23111754375991e+01	0.00000000000000e+00	1.13161549666914e+03	0.00000000000000e+00	1
4	19	9	14	5.00000000000000e-02	0.00000000000000e+00	0.00000000000000e+00	0.00000000000000e+00	3.24511718187199e+01	0.00000000000000e+00	1.08747316840392e+03	0.00000000000000e+00	1
5	20	10	15	5.00000000000000e-02	0.00000000000000e+00	0.00000000000000e+00	0.00000000000000e+00	3.27048873579019e+01	0.00000000000000e+00	1.23680369691714e+03	0.00000000000000e+00	1
6	21	11	16	5.00000000000000e-02	0.00000000000000e+00	0.00000000000000e+00	0.00000000000000e+00	3.27365068230177e+01	0.00000000000000e+00	1.23657262019561e+03	0.00000000000000e+00	1
7	22	12	17	5.00000000000000e-02	0.00000000000000e+00	0.00000000000000e+00	0.00000000000000e+00	3.27351476504527e+01	0.00000000000000e+00	1.26248263654720e+03	0.00000000000000e+00	1
8	23	13	18	5.00000000000000e-02	0.00000000000000e+00	0.00000000000000e+00	0.00000000000000e+00	3.29146347467879e+01	0.00000000000000e+00	1.38718544552347e+03	0.00000000000000e+00	1
9	24	14	19	5.00000000000000e-02	0.00000000000000e+00	0.00000000000000e+00	0.00000000000000e+00	3.28851442729229e+01	0.00000000000000e+00	1.31038006071509e+03	0.00000000000000e+00	1
10	25	15	20	5.00000000000000e-02	0.00000000000000e+00	0.00000000000000e+00	0.00000000000000e+00	3.27153920222234e+01	0.00000000000000e+00	1.39219556251640e+03	0.00000000000000e+00	1
11	26	16	21	5.00000000000000e-02	0.00000000000000e+00	0.00000000000000e+00	0.00000000000000e+00	3.27493583167092e+01	0.00000000000000e+00	1.50148592746189e+03	0.00000000000000e+00	1
12	27	17	22	5.00000000000000e-02	0.00000000000000e+00	0.00000000000000e+00	0.00000000000000e+00	3.28828278413196e+01	0.00000000000000e+00	1.53738752466303e+03	0.00000000000000e+00	1
13	28	18	23	5.00000000000000e-02	0.00000000000000e+00	0.00000000000000e+00	0.00000000000000e+00	3.30152519870391e+01	0.00000000000000e+00	1.35980881141485e+03	0.00000000000000e+00	1
14	29	19	24	5.00000000000000e-02	0.00000000000000e+00	0.00000000000000e+00	0.00000000000000e+00	3.32559485140129e+01	0.00000000000000e+00	1.54152835126853e+03	0.00000000000000e+00	1
15	30	20	25	5.00000000000000e-02	0.00000000000000e+00	0.00000000000000e+00	0.00000000000000e+00	3.36092706190382e+01	0.00000000000000e+00	1.62058487217283e+03	0.00000000000000e+00	1
16	31	21	26	5.00000000000000e-02	0.00000000000000e+00	0.00000000000000e+00	0.00000000000000e+00	3.36440059070743e+01	0.00000000000000e+00	1.61259833365527e+03	0.00000000000000e+00	1
17	32	22	27	5.00000000000000e-02	0.00000000000000e+00	0.00000000000000e+00	0.00000000000000e+00	3.35423499927056e+01	0.00000000000000e+00	1.54654929269292e+03	0.00000000000000e+00	1
18	33	23	28	5.00000000000000e-02	0.00000000000000e+00	0.00000000000000e+00	0.00000000000000e+00	3.29134878227876e+01	0.00000000000000e+00	1.61141694165006e+03	0.00000000000000e+00	1
19	34	24	29	5.00000000000000e-02	0.00000000000000e+00	0.00000000000000e+00	0.00000000000000e+00	3.19646615363966e+01	0.00000000000000e+00	1.50318820860171e+03	0.00000000000000e+00	1
20	35	25	30	5.00000000000000e-02	0.00000000000000e+00	0.00000000000000e+00	0.00000000000000e+00	3.19265651931053e+01	0.00000000000000e+00	1.34491596798436e+03	0.00000000000000e+00	1
21	36	26	31	5.00000000000000e-02	0.00000000000000e+00	0.00000000000000e+00	0.00000000000000e+00	3.29765975734481e+01	0.00000000000000e+00	1.58014001510292e+03	0.00000000000000e+00	1
22	37	27	32	5.00000000000000e-02	0.00000000000000e+00	0.00000000000000e+00	0.00000000000000e+00	3.49442470554705e+01	0.00000000000000e+00	1.88331624823023e+03	0.00000000000000e+00	1
23	38	28	33	5.00000000000000e-02	0.00000000000000e+00	0.00000000000000e+00	0.00000000000000e+00	3.74333208210071e+01	0.00000000000000e+00	2.09556073702667e+03	0.00000000000000e+00	1
24	39	29	34	5.00000000000000e-02	0.00000000000000e+00	0.00000000000000e+00	0.00000000000000e+00	3.83149764115351e+01	0.00000000000000e+00	2.32319005159525e+03	0.00000000000000e+00	1
25	40	30	35	5.00000000000000e-02	0.00000000000000e+00	0.00000000000000e+00	0.00000000000000e+00	3.81785014413798e+01	0.00000000000000e+00	2.32787356509828e+03	0.00000000000000e+00	1
26	41	31	36	5.00000000000000e-02	0.00000000000000e+00	0.00000000000000e+00	0.00000000000000e+00	3.77014456625801e+01	0.00000000000000e+00	2.22730069540356e+03	0.00000000000000e+00	1
27	42	32	37	5.00000000000000e-02	0.00000000000000e+00	0.00000000000000e+00	0.00000000000000e+00	3.71190670367795e+01	0.00000000000000e+00	2.08868223770580e+03	0.00000000000000e+00	1
28	43	33	38	5.00000000000000e-02	0.00000000000000e+00	0.00000000000000e+00	0.00000000000000e+00	3.51520769978070e+01	0.00000000000000e+00	1.85559804542156e+03	0.00000000000000e+00	1
29	44	34	39	5.00000000000000e-02	0.00000000000000e+00	0.00000000000000e+00	0.00000000000000e+00	3.34347065916508e+01	0.00000000000000e+00	1.52362942671532e+03	0.00000000000000e+00	1
30	45	35	40	5.00000000000000e-02	0.00000000000000e+00	0.00000000000000e+00	0.00000000000000e+00	3.28352967460146e+01	0.00000000000000e+00	1.38602791462532e+03	0.00000000000000e+00	1
31	46	36	41	5.00000000000000e-02	0.00000000000000e+00	0.00000000000000e+00	0.00000000000000e+00	3.34232003086847e+01	0.00000000000000e+00	1.41505892063603e+03	0.00000000000000e+00	1
32	47	37	42	5.00000000000000e-02	0.00000000000000e+00	0.00000000000000e+00	0.00000000000000e+00	3.45435925730181e+01	0.00000000000000e+00	1.64146070854380e+03	0.00000000000000e+00	1
33	48	38	43	5.00000000000000e-02	0.00000000000000e+00	0.00000000000000e+00	0.00000000000000e+00	3.62396144543667e+01	0.00000000000000e+00	1.68434883443844e+03	0.00000000000000e+00	1
34	49	39	44	5.00000000000000e-02	0.00000000000000e+00	0.00000000000000e+00	0.00000000000000e+00	3.63925109075310e+01	0.00000000000000e+00	1.74590351250809e+03	0.00000000000000e+00	1
35	50	40	45	5.00000000000000e-02	0.00000000000000e+00	0.00000000000000e+00	0.00000000000000e+00	3.57716457912909e+01	0.00000000000000e+00	1.66428045781570e+03	0.00000000000000e+00	1
36	51	41	46	5.00000000000000e-02	0.00000000000000e+00	0.00000000000000e+00	0.00000000000000e+00	3.56569209200515e+01	0.00000000000000e+00	1.71276849886790e+03	0.00000000000000e+00	1
37	52	42	47	5.00000000000000e-02	0.00000000000000e+00	0.00000000000000e+00	0.00000000000000e+00	3.57598538427405e+01	0.00000000000000e+00	1.68911828692440e+03	0.00000000000000e+00	1
38	53	43	48	5.00000000000000e-02	0.00000000000000e+00	0.00000000000000e+00	0.00000000000000e+00	3.54735764089043e+01	0.00000000000000e+00	1.62106452009748e+03	0.00000000000000e+00	1
39	54	44	49	5.00000000000000e-02	0.00000000000000e+00	0.00000000000000e+00	0.00000000000000e+00	3.55034300509887e+01	0.00000000000000e+00	1.44774775183413e+03	0.00000000000000e+00	1
40	55	45	50	5.00000000000000e-02	0.00000000000000e+00	0.00000000000000e+00	0.00000000000000e+00	3.58368828427644e+01	0.00000000000000e+00	1.47216876802793e+03	0.00000000000000e+00	1
41	56	46	51	5.00000000000000e-02	0.00000000000000e+00	0.00000000000000e+00	0.00000000000000e+00	3.56708583677438e+01	0.00000000000000e+00	1.49106773895511e+03	0.00000000000000e+00	1
42	57	47	52	5.00000000000000e-02	0.00000000000000e+00	0.00000000000000e+00	0.00000000000000e+00	3.53578194950258e+01	0.00000000000000e+00	1.35893779908989e+03	0.00000000000000e+00	1
43	58	48	53	5.00000000000000e-02	0.00000000000000e+00	0.00000000000000e+00	0.00000000000000e+00	3.51836574981695e+01	0.00000000000000e+00	1.36703665367381e+03	0.00000000000000e+00	1
44	59	49	54	5.00000000000000e-02	0.00000000000000e+00	0.00000000000000e+00	0.00000000000000e+00	3.49893184325815e+01	0.00000000000000e+00	1.29226186033473e+03	0.00000000000000e+00	1
45	60	50	55	5.00000000000000e-02	0.00000000000000e+00	0.00000000000000e+00	0.00000000000000e+00	3.47102067541981e+01	0.00000000000000e+00	1.27359642642490e+03	0.00000000000000e+00	1
46	61	51	56	5.00000000000000e-02	0.00000000000000e+00	0.00000000000000e+00	0.00000000000000e+00	3.48120907241972e+01	0.00000000000000e+00	1.29477065835278e+03	0.00000000000000e+00	1
47	62	52	57	5.00000000000000e-02	0.00000000000000e+00	0.00000000000000e+00	0.00000000000000e+00	3.49175725921978e+01	0.00000000000000e+00	1.26568188548470e+03	0.00000000000000e+00	1
48	63	53	58	5.00000000000000e-02	0.00000000000000e+00	0.00000000000000e+00	0.00000000000000e+00	3.48787239578916e+01	0.00000000000000e+00	1.21803408281252e+03	0.00000000000000e+00	1
49	64	54	59	5.00000000000000e-02	0.00000000000000e+00	0.00000000000000e+00	0.00000000000000e+00	3.47197311887794e+01	0.00000000000000e+00	1.14858802261581e+03	0.00000000000000e+00	1
50	65	55	60	5.00000000000000e-02	0.00000000000000e+00	0.00000000000000e+00	0.00000000000000e+00	3.43609110666888e+01	0.00000000000000e+00	1.20194920372898e+03	0.00000000000000e+00	1
51	66	56	61	5.00000000000000e-02	0.00000000000000e+00	0.00000000000000e+00	0.00000000000000e+00	3.40957520108673e+01	0.00000000000000e+00	1.03897049808044e+03	0.00000000000000e+00	1
52	67	57	62	5.00000000000000e-02	0.00000000000000e+00	0.00000000000000e+00	0.00000000000000e+00	3.38490053856828e+01	0.00000000000000e+00	1.21792297146642e+03	0.00000000000000e+00	1
53	68	58	63	5.00000000000000e-02	0.00000000000000e+00	0.00000000000000e+00	0.00000000000000e+00	3.36971747551271e+01	0.00000000000000e+00	1.01527651908501e+03	0.00000000000000e+00	1
54	69	59	64	5.00000000000000e-02	0.00000000000000e+00	0.00000000000000e+00	0.00000000000000e+00	3.37563587114841e+01	0.00000000000000e+00	9.47034268240751e+02	0.00000000000000e+00	1
55	70	60	65	5.00000000000000e-02	0.00000000000000e+00	0.00000000000000e+00	0.00000000000000e+00	3.40305464219098e+01	0.00000000000000e+00	1.13522805171434e+03	0.00000000000000e+00	1
56	71	61	66	5.00000000000000e-02	0.00000000000000e+00	0.00000000000000e+00	0.00000000000000e+00	3.38086371603747e+01	0.00000000000000e+00	1.07109864563536e+03	0.00000000000000e+00	1
57	72	62	67	5.00000000000000e-02	0.00000000000000e+00	0.00000000000000e+00	0.00000000000000e+00	3.36744089948105e+01	0.00000000000000e+00	1.05125646048618e+03	0.00000000000000e+00	1
1	19	7	13	5.00000000000000e-02	0.00000000000000e+00	0.00000000000000e+00	0.00000000000000e+00	3.89632449036716e+01	0.00000000000000e+00	1.10497522317396e+03	0.00000000000000e+00	1
2	20	8	14	5.00000000000000e-02	0.00000000000000e+00	0.00000000000000e+00	0.00000000000000e+00	3.89667553264323e+01	0.00000000000000e+00	1.25959612476903e+03	0.00000000000000e+00	1
3	21	9	15	5.00000000000000e-02	0.00000000000000e+00	0.00000000000000e+00	0.00000000000000e+00	3.91416518068062e+01	0.00000000000000e+00	1.36779213472322e+03	0.00000000000000e+00	1
4	22	10	16	5.00000000000000e-02	0.00000000000000e+00	0.00000000000000e+00	0.00000000000000e+00	3.92541100230352e+01	0.00000000000000e+00	1.23030077922141e+03	0.00000000000000e+00	1
5	23	11	17	5.00000000000000e-02	0.00000000000000e+00	0.00000000000000e+00	0.00000000000000e+00	3.93248769574370e+01	0.00000000000000e+00	1.30886671053792e+03	0.00000000000000e+00	1
6	24	12	18	5.00000000000000e-02	0.00000000000000e+00	0.00000000000000e+00	0.00000000000000e+00	3.93868978664643e+01	0.00000000000000e+00	1.38853535748751e+03	0.00000000000000e+00	1
7	25	13	19	5.00000000000000e-02	0.00000000000000e+00	0.00000000000000e+00	0.00000000000000e+00	3.93457119097949e+01	0.00000000000000e+00	1.47463104410422e+03	0.00000000000000e+00	1
8	26	14	20	5.00000000000000e-02	0.00000000000000e+00	0.00000000000000e+00	0.00000000000000e+00	3.93658142194372e+01	0.00000000000000e+00	1.40745399493457e+03	0.00000000000000e+00	1
9	27	15	21	5.00000000000000e-02	0.00000000000000e+00	0.00000000000000e+00	0.00000000000000e+00	3.92911884002626e+01	0.00000000000000e+00	1.41496916443192e+03	0.00000000000000e+00	1
10	28	16	22	5.00000000000000e-02	0.00000000000000e+00	0.00000000000000e+00	0.00000000000000e+00	3.95454326574729e+01	0.00000000000000e+00	1.53291362496866e+03	0.00000000000000e+00	1
11	29	17	23	5.00000000000000e-02	0.00000000000000e+00	0.00000000000000e+00	0.00000000000000e+00	3.96964081024227e+01	0.00000000000000e+00	1.48974421333223e+03	0.00000000000000e+00	1
12	30	18	24	5.00000000000000e-02	0.00000000000000e+00	0.00000000000000e+00	0.00000000000000e+00	3.98710107008406e+01	0.00000000000000e+00	1.53129604988904e+03	0.00000000000000e+00	1
13	31	19	25	5.00000000000000e-02	0.00000000000000e+00	0.00000000000000e+00	0.00000000000000e+00	3.99454036531337e+01	0.00000000000000e+00	1.57383078955557e+03	0.00000000000000e+00	1
14	32	20	26	5.00000000000000e-02	0.00000000000000e+00	0.00000000000000e+00	0.00000000000000e+00	4.00220606776055e+01	0.00000000000000e+00	1.50095568126492e+03	0.00000000000000e+00	1
15	33	21	27	5.00000000000000e-02	0.00000000000000e+00	0.00000000000000e+00	0.00000000000000e+00	3.96609878761681e+01	0.00000000000000e+00	1.42254176805158e+03	0.00000000000000e+00	1
16	34	22	28	5.00000000000000e-02	0.00000000000000e+00	0.00000000000000e+00	0.00000000000000e+00	3.85165077412046e+01	0.00000000000000e+00	1.25645855527094e+03	0.00000000000000e+00	1
17	35	23	29	5.00000000000000e-02	0.00000000000000e+00	0.00000000000000e+00	0.00000000000000e+00	3.81872914799076e+01	0.00000000000000e+00	1.36756388324149e+03	0.00000000000000e+00	1
18	36	24	30	5.00000000000000e-02	0.00000000000000e+00	0.00000000000000e+00	0.00000000000000e+00	3.88168489113468e+01	0.00000000000000e+00	1.38574285700170e+03	0.00000000000000e+00	1
19	37	25	31	5.00000000000000e-02	0.00000000000000e+00	0.00000000000000e+00	0.00000000000000e+00	4.01959095213595e+01	0.00000000000000e+00	1.64271344656297e+03	0.00000000000000e+00	1
20	38	26	32	5.00000000000000e-02	0.00000000000000e+00	0.00000000000000e+00	0.00000000000000e+00	4.25531861110076e+01	0.00000000000000e+00	1.65073358956542e+03	0.00000000000000e+00	1
21	39	27	33	5.00000000000000e-02	0.00000000000000e+00	0.00000000000000e+00	0.00000000000000e+00	4.45074282215563e+01	0.00000000000000e+00	2.12980777936653e+03	0.00000000000000e+00	1
22	40	28	34	5.00000000000000e-02	0.00000000000000e+00	0.00000000000000e+00	0.00000000000000e+00	4.55441988583944e+01	0.00000000000000e+00	2.47623238466315e+03	0.00000000000000e+00	1
23	41	29	35	5.00000000000000e-02	0.00000000000000e+00	0.00000000000000e+00	0.00000000000000e+00	4.52662579872873e+01	0.00000000000000e+00	2.42757275387108e+03	0.00000000000000e+00	1
24	42	30	36	5.00000000000000e-02	0.00000000000000e+00	0.00000000000000e+00	0.00000000000000e+00	4.55134153015663e+01	0.00000000000000e+00	2.20155281321375e+03	0.00000000000000e+00	1
25	43	31	37	5.00000000000000e-02	0.00000000000000e+00	0.00000000000000e+00	0.00000000000000e+00	4.50719734048043e+01	0.00000000000000e+00	2.14677375824603e+03	0.00000000000000e+00	1
26	44	32	38	5.00000000000000e-02	0.00000000000000e+00	0.00000000000000e+00	0.00000000000000e+00	4.39665692490743e+01	0.00000000000000e+00	1.81997010617759e+03	0.00000000000000e+00	1
27	45	33	39	5.00000000000000e-02	0.00000000000000e+00	0.00000000000000e+00	0.00000000000000e+00	4.26941138127978e+01	0.00000000000000e+00	1.75468645701324e+03	0.00000000000000e+00	1
28	46	34	40	5.00000000000000e-02	0.00000000000000e+00	0.00000000000000e+00	0.00000000000000e+00	4.06646609775121e+01	0.00000000000000e+00	1.53242789447630e+03	0.00000000000000e+00	1
29	47	35	41	5.00000000000000e-02	0.00000000000000e+00	0.00000000000000e+00	0.00000000000000e+00	3.97475609256032e+01	0.00000000000000e+00	1.55191935127351e+03	0.00000000000000e+00	1
30	48	36	42	5.00000000000000e-02	0.00000000000000e+00	0.00000000000000e+00	0.00000000000000e+00	3.95526421234291e+01	0.00000000000000e+00	1.41568470105692e+03	0.00000000000000e+00	1
31	49	37	43	5.00000000000000e-02	0.00000000000000e+00	0.00000000000000e+00	0.00000000000000e+00	4.01870594806080e+01	0.00000000000000e+00	1.44389959444336e+03	0.00000000000000e+00	1
32	50	38	44	5.00000000000000e-02	0.00000000000000e+00	0.00000000000000e+00	0.00000000000000e+00	4.17024050230049e+01	0.00000000000000e+00	1.43427662466936e+03	0.00000000000000e+00	1
33	51	39	45	5.00000000000000e-02	0.00000000000000e+00	0.00000000000000e+00	0.00000000000000e+00	4.28597719040896e+01	0.00000000000000e+00	1.52025681698141e+03	0.00000000000000e+00	1
34	52	40	46	5.00000000000000e-02	0.00000000000000e+00	0.00000000000000e+00	0.00000000000000e+00	4.31758528968634e+01	0.00000000000000e+00	1.66810472636975e+03	0.00000000000000e+00	1
35	53	41	47	5.00000000000000e-02	0.00000000000000e+00	0.00000000000000e+00	0.00000000000000e+00	4.26438833564304e+01	0.00000000000000e+00	1.71995242442884e+03	0.00000000000000e+00	1
36	54	42	48	5.00000000000000e-02	0.00000000000000e+00	0.00000000000000e+00	0.00000000000000e+00	4.26816258249228e+01	0.00000000000000e+00	1.47227010007311e+03	0.00000000000000e+00	1
37	55	43	49	5.00000000000000e-02	0.00000000000000e+00	0.00000000000000e+00	0.00000000000000e+00	4.26953842346734e+01	0.00000000000000e+00	1.70324965132147e+03	0.00000000000000e+00	1
38	56	44	50	5.00000000000000e-02	0.00000000000000e+00	0.00000000000000e+00	0.00000000000000e+00	4.25813037349398e+01	0.00000000000000e+00	1.49093713838682e+03	0.00000000000000e+00	1
39	57	45	51	5.00000000000000e-02	0.00000000000000e+00	0.00000000000000e+00	0.00000000000000e+00	4.23969840977343e+01	0.00000000000000e+00	1.54234564893159e+03	0.00000000000000e+00	1
40	58	46	52	5.00000000000000e-02	0.00000000000000e+00	0.00000000000000e+00	0.00000000000000e+00	4.22424929624797e+01	0.00000000000000e+00	1.44376629410037e+03	0.00000000000000e+00	1
41	59	47	53	5.00000000000000e-02	0.00000000000000e+00	0.00000000000000e+00	0.00000000000000e+00	4.21527743762787e+01	0.00000000000000e+00	1.40750424911828e+03	0.00000000000000e+00	1
42	60	48	54	5.00000000000000e-02	0.00000000000000e+00	0.00000000000000e+00	0.00000000000000e+00	4.22692367976139e+01	0.00000000000000e+00	1.33274380424428e+03	0.00000000000000e+00	1
43	61	49	55	5.00000000000000e-02	0.00000000000000e+00	0.00000000000000e+00	0.00000000000000e+00	4.20383724852686e+01	0.00000000000000e+00	1.36981109456212e+03	0.00000000000000e+00	1
44	62	50	56	5.00000000000000e-02	0.00000000000000e+00	0.00000000000000e+00	0.00000000000000e+00	4.17378010905988e+01	0.00000000000000e+00	1.33838741494903e+03	0.00000000000000e+00	1
45	63	51	57	5.00000000000000e-02	0.00000000000000e+00	0.00000000000000e+00	0.00000000000000e+00	4.18524211726618e+01	0.00000000000000e+00	1.27320893326734e+03	0.00000000000000e+00	1
46	64	52	58	5.00000000000000e-02	0.00000000000000e+00	0.00000000000000e+00	0.00000000000000e+00	4.16957485484876e+01	0.00000000000000e+00	1.31955117321211e+03	0.00000000000000e+00	1
47	65	53	59	5.00000000000000e-02	0.00000000000000e+00	0.00000000000000e+00	0.00000000000000e+00	4.16552921513446e+01	0.00000000000000e+00	1.18761264335697e+03	0.00000000000000e+00	1
48	66	54	60	5.00000000000000e-02	0.00000000000000e+00	0.00000000000000e+00	0.00000000000000e+00	4.11583601977266e+01	0.00000000000000e+00	1.33022624826316e+03	0.00000000000000e+00	1
49	67	55	61	5.00000000000000e-02	0.00000000000000e+00	0.00000000000000e+00	0.00000000000000e+00	4.12084889617187e+01	0.00000000000000e+00	1.18707515924851e+03	0.00000000000000e+00	1
50	68	56	62	5.00000000000000e-02	0.00000000000000e+00	0.00000000000000e+00	0.00000000000000e+00	4.11220376516480e+01	0.00000000000000e+00	1.19104580672720e+03	0.00000000000000e+00	1
51	69	57	63	5.00000000000000e-02	0.00000000000000e+00	0.00000000000000e+00	0.00000000000000e+00	4.08089900691237e+01	0.00000000000000e+00	1.23922539195120e+03	0.00000000000000e+00	1
52	70	58	64	5.00000000000000e-02	0.00000000000000e+00	0.00000000000000e+00	0.00000000000000e+00	4.07367330517331e+01	0.00000000000000e+00	1.17255264801108e+03	0.00000000000000e+00	1
53	71	59	65	5.00000000000000e-02	0.00000000000000e+00	0.00000000000000e+00	0.00000000000000e+00	4.05111288557365e+01	0.00000000000000e+00	1.13035779533519e+03	0.00000000000000e+00	1
54	72	60	66	5.00000000000000e-02	0.00000000000000e+00	0.00000000000000e+00	0.00000000000000e+00	4.07161976851306e+01	0.00000000000000e+00	1.20934526524494e+03	0.00000000000000e+00	1
1	22	8	15	5.00000000000000e-02	0.00000000000000e+00	0.00000000000000e+00	0.00000000000000e+00	4.55963629347672e+01	0.00000000000000e+00	1.35108050409278e+03	0.00000000000000e+00	1
2	23	9	16	5.00000000000000e-02	0.00000000000000e+00	0.00000000000000e+00	0.00000000000000e+00	4.56557215539889e+01	0.00000000000000e+00	1.35528876077088e+03	0.00000000000000e+00	1
3	24	10	17	5.00000000000000e-02	0.00000000000000e+00	0.00000000000000e+00	0.00000000000000e+00	4.57905539680616e+01	0.00000000000000e+00	1.38338434682034e+03	0.00000000000000e+00	1
4	25	11	18	5.00000000000000e-02	0.00000000000000e+00	0.00000000000000e+00	0.00000000000000e+00	4.59699146224317e+01	0.00000000000000e+00	1.33654733006338e+03	0.00000000000000e+00	1
5	26	12	19	5.00000000000000e-02	0.00000000000000e+00	0.00000000000000e+00	0.00000000000000e+00	4.59648970871534e+01	0.00000000000000e+00	1.34406907870721e+03	0.00000000000000e+00	1
6	27	13	20	5.00000000000000e-02	0.00000000000000e+00	0.00000000000000e+00	0.00000000000000e+00	4.58248736715499e+01	0.00000000000000e+00	1.65787973121215e+03	0.00000000000000e+00	1
7	28	14	21	5.00000000000000e-02	0.00000000000000e+00	0.00000000000000e+00	0.00000000000000e+00	4.59405246106964e+01	0.00000000000000e+00	1.48352861806603e+03	0.00000000000000e+00	1
8	29	15	22	5.00000000000000e-02	0.00000000000000e+00	0.00000000000000e+00	0.00000000000000e+00	4.62138916438414e+01	0.00000000000000e+00	1.44489728042808e+03	0.00000000000000e+00	1
9	30	16	23	5.00000000000000e-02	0.00000000000000e+00	0.00000000000000e+00	0.00000000000000e+00	4.64019044100182e+01	0.00000000000000e+00	1.47191374845637e+03	0.00000000000000e+00	1
10	31	17	24	5.00000000000000e-02	0.00000000000000e+00	0.00000000000000e+00	0.00000000000000e+00	4.63789307602628e+01	0.00000000000000e+00	1.45980890751115e+03	0.00000000000000e+00	1
11	32	18	25	5.00000000000000e-02	0.00000000000000e+00	0.00000000000000e+00	0.00000000000000e+00	4.62988813882436e+01	0.00000000000000e+00	1.33258477348834e+03	0.00000000000000e+00	1
12	33	19	26	5.00000000000000e-02	0.00000000000000e+00	0.00000000000000e+00	0.00000000000000e+00	4.59015846632610e+01	0.00000000000000e+00	1.35698135499986e+03	0.00000000000000e+00	1
13	34	20	27	5.00000000000000e-02	0.00000000000000e+00	0.00000000000000e+00	0.00000000000000e+00	4.51171062699895e+01	0.00000000000000e+00	1.32570603923324e+03	0.00000000000000e+00	1
14	35	21	28	5.00000000000000e-02	0.00000000000000e+00	0.00000000000000e+00	0.00000000000000e+00	4.45056939870581e+01	0.00000000000000e+00	1.40263045195031e+03	0.00000000000000e+00	1
15	36	22	29	5.00000000000000e-02	0.00000000000000e+00	0.00000000000000e+00	0.00000000000000e+00	4.46780714483538e+01	0.00000000000000e+00	1.18123824414708e+03	0.00000000000000e+00	1
16	37	23	30	5.00000000000000e-02	0.00000000000000e+00	0.00000000000000e+00	0.00000000000000e+00	4.56581612239695e+01	0.00000000000000e+00	1.34557601909487e+03	0.00000000000000e+00	1
17	38	24	31	5.00000000000000e-02	0.00000000000000e+00	0.00000000000000e+00	0.00000000000000e+00	4.75790092133963e+01	0.00000000000000e+00	1.45583264252173e+03	0.00000000000000e+00	1
18	39	25	32	5.00000000000000e-02	0.00000000000000e+00	0.00000000000000e+00	0.00000000000000e+00	4.99859040181930e+01	0.00000000000000e+00	1.93163303089511e+03	0.00000000000000e+00	1
19	40	26	33	5.00000000000000e-02	0.00000000000000e+00	0.00000000000000e+00	0.00000000000000e+00	5.20647030095963e+01	0.00000000000000e+00	1.86644571890245e+03	0.00000000000000e+00	1
20	41	27	34	5.00000000000000e-02	0.00000000000000e+00	0.00000000000000e+00	0.00000000000000e+00	5.24949576316426e+01	0.00000000000000e+00	2.05053082098771e+03	0.00000000000000e+00	1
21	42	28	35	5.00000000000000e-02	0.00000000000000e+00	0.00000000000000e+00	0.00000000000000e+00	5.25038369314106e+01	0.00000000000000e+00	2.15294951045391e+03	0.00000000000000e+00	1
22	43	29	36	5.00000000000000e-02	0.00000000000000e+00	0.00000000000000e+00	0.00000000000000e+00	5.27717099854540e+01	0.00000000000000e+00	2.29783745531139e+03	0.00000000000000e+00	1
23	44	30	37	5.00000000000000e-02	0.00000000000000e+00	0.00000000000000e+00	0.00000000000000e+00	5.28102810295498e+01	0.00000000000000e+00	2.14722255509145e+03	0.00000000000000e+00	1
24	45	31	38	5.00000000000000e-02	0.00000000000000e+00	0.00000000000000e+00	0.00000000000000e+00	5.20955064799306e+01	0.00000000000000e+00	2.14262503603997e+03	0.00000000000000e+00	1
25	46	32	39	5.00000000000000e-02	0.00000000000000e+00	0.00000000000000e+00	0.00000000000000e+00	5.13222733853653e+01	0.00000000000000e+00	1.93612591102582e+03	0.00000000000000e+00	1
26	47	33	40	5.00000000000000e-02	0.00000000000000e+00	0.00000000000000e+00	0.00000000000000e+00	4.98195469178103e+01	0.00000000000000e+00	1.67152750498394e+03	0.00000000000000e+00	1
27	48	34	41	5.00000000000000e-02	0.00000000000000e+00	0.00000000000000e+00	0.00000000000000e+00	4.80653365181604e+01	0.00000000000000e+00	1.52270333184552e+03	0.00000000000000e+00	1
28	49	35	42	5.00000000000000e-02	0.00000000000000e+00	0.00000000000000e+00	0.00000000000000e+00	4.64421748878616e+01	0.00000000000000e+00	1.28540531307127e+03	0.00000000000000e+00	1
29	50	36	43	5.00000000000000e-02	0.00000000000000e+00	0.00000000000000e+00	0.00000000000000e+00	4.57805698015874e+01	0.00000000000000e+00	1.22099176615386e+03	0.00000000000000e+00	1
30	51	37	44	5.00000000000000e-02	0.00000000000000e+00	0.00000000000000e+00	0.00000000000000e+00	4.60510000518829e+01	0.00000000000000e+00	1.23529015405750e+03	0.00000000000000e+00	1
31	52	38	45	5.00000000000000e-02	0.00000000000000e+00	0.00000000000000e+00	0.00000000000000e+00	4.71014797098078e+01	0.00000000000000e+00	1.29787031181185e+03	0.00000000000000e+00	1
32	53	39	46	5.00000000000000e-02	0.00000000000000e+00	0.00000000000000e+00	0.00000000000000e+00	4.85898356375036e+01	0.00000000000000e+00	1.40185274524928e+03	0.00000000000000e+00	1
33	54	40	47	5.00000000000000e-02	0.00000000000000e+00	0.00000000000000e+00	0.00000000000000e+00	4.97777542853015e+01	0.00000000000000e+00	1.53613929466126e+03	0.00000000000000e+00	1
34	55	41	48	5.00000000000000e-02	0.00000000000000e+00	0.00000000000000e+00	0.00000000000000e+00	4.97252708102948e+01	0.00000000000000e+00	1.59847718347809e+03	0.00000000000000e+00	1
35	56	42	49	5.00000000000000e-02	0.00000000000000e+00	0.00000000000000e+00	0.00000000000000e+00	4.94630302297136e+01	0.00000000000000e+00	1.62715536978728e+03	0.00000000000000e+00	1
36	57	43	50	5.00000000000000e-02	0.00000000000000e+00	0.00000000000000e+00	0.00000000000000e+00	4.95598543146375e+01	0.00000000000000e+00	1.53060184883125e+03	0.00000000000000e+00	1
37	58	44	51	5.00000000000000e-02	0.00000000000000e+00	0.00000000000000e+00	0.00000000000000e+00	4.94124637171130e+01	0.00000000000000e+00	1.61419434048692e+03	0.00000000000000e+00	1
38	59	45	52	5.00000000000000e-02	0.00000000000000e+00	0.00000000000000e+00	0.00000000000000e+00	4.91354258975703e+01	0.00000000000000e+00	1.40774110216319e+03	0.00000000000000e+00	1
39	60	46	53	5.00000000000000e-02	0.00000000000000e+00	0.00000000000000e+00	0.00000000000000e+00	4.91318389136524e+01	0.00000000000000e+00	1.57720711701669e+03	0.00000000000000e+00	1
40	61	47	54	5.00000000000000e-02	0.00000000000000e+00	0.00000000000000e+00	0.00000000000000e+00	4.90402719510270e+01	0.00000000000000e+00	1.47860297150328e+03	0.00000000000000e+00	1
41	62	48	55	5.00000000000000e-02	0.00000000000000e+00	0.00000000000000e+00	0.00000000000000e+00	4.90761728378512e+01	0.00000000000000e+00	1.29719477029689e+03	0.00000000000000e+00	1
42	63	49	56	5.00000000000000e-02	0.00000000000000e+00	0.00000000000000e+00	0.00000000000000e+00	4.89532173822230e+01	0.00000000000000e+00	1.38831907936419e+03	0.00000000000000e+00	1
43	64	50	57	5.00000000000000e-02	0.00000000000000e+00	0.00000000000000e+00	0.00000000000000e+00	4.87364311046309e+01	0.00000000000000e+00	1.44754355011585e+03	0.00000000000000e+00	1
44	65	51	58	5.00000000000000e-02	0.00000000000000e+00	0.00000000000000e+00	0.00000000000000e+00	4.86499660939648e+01	0.00000000000000e+00	1.41609536261983e+03	0.00000000000000e+00	1
45	66	52	59	5.00000000000000e-02	0.00000000000000e+00	0.00000000000000e+00	0.00000000000000e+00	4.85416464840992e+01	0.00000000000000e+00	1.30576032726608e+03	0.00000000000000e+00	1
46	67	53	60	5.00000000000000e-02	0.00000000000000e+00	0.00000000000000e+00	0.00000000000000e+00	4.82904008567770e+01	0.00000000000000e+00	1.35078878897035e+03	0.00000000000000e+00	1
47	68	54	61	5.00000000000000e-02	0.00000000000000e+00	0.00000000000000e+00	0.00000000000000e+00	4.81481208583594e+01	0.00000000000000e+00	1.32516225645816e+03	0.00000000000000e+00	1
48	69	55	62	5.00000000000000e-02	0.00000000000000e+00	0.00000000000000e+00	0.00000000000000e+00	4.81356137089353e+01	0.00000000000000e+00	1.31089237761820e+03	0.00000000000000e+00	1
49	70	56	63	5.00000000000000e-02	0.00000000000000e+00	0.00000000000000e+00	0.00000000000000e+00	4.79177348724638e+01	0.00000000000000e+00	1.13189399559352e+03	0.00000000000000e+00	1
50	71	57	64	5.00000000000000e-02	0.00000000000000e+00	0.00000000000000e+00	0.00000000000000e+00	4.77383775260484e+01	0.00000000000000e+00	1.33289991802596e+03	0.00000000000000e+00	1
51	72	58	65	5.00000000000000e-02	0.00000000000000e+00	0.00000000000000e+00	0.00000000000000e+00	4.76389019640136e+01	0.00000000000000e+00	1.19009497630074e+03	0.00000000000000e+00	1
1	25	9	17	5.00000000000000e-02	0.00000000000000e+00	0.00000000000000e+00	0.00000000000000e+00	5.23031335620669e+01	0.00000000000000e+00	1.52599352749136e+03	0.00000000000000e+00	1
2	26	10	18	5.00000000000000e-02	0.00000000000000e+00	0.00000000000000e+00	0.00000000000000e+00	5.25396406170374e+01	0.00000000000000e+00	1.46695337822346e+03	0.00000000000000e+00	1
3	27	11	19	5.00000000000000e-02	0.00000000000000e+00	0.00000000000000e+00	0.00000000000000e+00	5.24858491748961e+01	0.00000000000000e+00	1.39133321393256e+03	0.00000000000000e+00	1
4	28	12	20	5.00000000000000e-02	0.00000000000000e+00	0.00000000000000e+00	0.00000000000000e+00	5.25082454104735e+01	0.00000000000000e+00	1.53193111667075e+03	0.00000000000000e+00	1
5	29	13	21	5.00000000000000e-02	0.00000000000000e+00	0.00000000000000e+00	0.00000000000000e+00	5.25400542187150e+01	0.00000000000000e+00	1.54477018089566e+03	0.00000000000000e+00	1
6	30	14	22	5.00000000000000e-02	0.00000000000000e+00	0.00000000000000e+00	0.00000000000000e+00	5.28297454910589e+01	0.00000000000000e+00	1.54754644544725e+03	0.00000000000000e+00	1
7	31	15	23	5.00000000000000e-02	0.00000000000000e+00	0.00000000000000e+00	0.00000000000000e+00	5.28258297244505e+01	0.00000000000000e+00	1.41260566568361e+03	0.00000000000000e+00	1
8	32	16	24	5.00000000000000e-02	0.00000000000000e+00	0.00000000000000e+00	0.00000000000000e+00	5.29564578751444e+01	0.00000000000000e+00	1.26456985351267e+03	0.00000000000000e+00	1
9	33	17	25	5.00000000000000e-02	0.00000000000000e+00	0.00000000000000e+00	0.00000000000000e+00	5.24172901816423e+01	0.00000000000000e+00	1.23458382818432e+03	0.00000000000000e+00	1
10	34	18	26	5.00000000000000e-02	0.00000000000000e+00	0.00000000000000e+00	0.00000000000000e+00	5.12725549436897e+01	0.00000000000000e+00	1.33386289676186e+03	0.00000000000000e+00	1
11	35	19	27	5.00000000000000e-02	0.00000000000000e+00	0.00000000000000e+00	0.00000000000000e+00	5.06234805079956e+01	0.00000000000000e+00	1.14243508668796e+03	0.00000000000000e+00	1
12	36	20	28	5.00000000000000e-02	0.00000000000000e+00	0.00000000000000e+00	0.00000000000000e+00	5.07142669814177e+01	0.00000000000000e+00	1.35747343110064e+03	0.00000000000000e+00	1
13	37	21	29	5.00000000000000e-02	0.00000000000000e+00	0.00000000000000e+00	0.00000000000000e+00	5.14214573030988e+01	0.00000000000000e+00	1.26138413767379e+03	0.00000000000000e+00	1
14	38	22	30	5.00000000000000e-02	0.00000000000000e+00	0.00000000000000e+00	0.00000000000000e+00	5.28595291303215e+01	0.00000000000000e+00	1.39044567053657e+03	0.00000000000000e+00	1
15	39	23	31	5.00000000000000e-02	0.00000000000000e+00	0.00000000000000e+00	0.00000000000000e+00	5.47862464005536e+01	0.00000000000000e+00	1.55390834398479e+03	0.00000000000000e+00	1
16	40	24	32	5.00000000000000e-02	0.00000000000000e+00	0.00000000000000e+00	0.00000000000000e+00	5.71520743468845e+01	0.00000000000000e+00	1.74215223096634e+03	0.00000000000000e+00	1
17	41	25	33	5.00000000000000e-02	0.00000000000000e+00	0.00000000000000e+00	0.00000000000000e+00	5.90442044369003e+01	0.00000000000000e+00	1.82537239987465e+03	0.00000000000000e+00	1
18	42	26	34	5.00000000000000e-02	0.00000000000000e+00	0.00000000000000e+00	0.00000000000000e+00	6.00136635309090e+01	0.00000000000000e+00	2.08364724263970e+03	0.00000000000000e+00	1
19	43	27	35	5.00000000000000e-02	0.00000000000000e+00	0.00000000000000e+00	0.00000000000000e+00	5.98947818889776e+01	0.00000000000000e+00	2.10812683202700e+03	0.00000000000000e+00	1
20	44	28	36	5.00000000000000e-02	0.00000000000000e+00	0.00000000000000e+00	0.00000000000000e+00	6.01713970945114e+01	0.00000000000000e+00	1.99038175287705e+03	0.00000000000000e+00	1
21	45	29	37	5.00000000000000e-02	0.00000000000000e+00	0.00000000000000e+00	0.00000000000000e+00	6.02616936934433e+01	0.00000000000000e+00	2.26870035416881e+03	0.00000000000000e+00	1
22	46	30	38	5.00000000000000e-02	0.00000000000000e+00	0.00000000000000e+00	0.00000000000000e+00	5.97727489861414e+01	0.00000000000000e+00	2.31972957683790e+03	0.00000000000000e+00	1
23	47	31	39	5.00000000000000e-02	0.00000000000000e+00	0.00000000000000e+00	0.00000000000000e+00	5.91534247709958e+01	0.00000000000000e+00	2.10980374157125e+03	0.00000000000000e+00	1
24	48	32	40	5.00000000000000e-02	0.00000000000000e+00	0.00000000000000e+00	0.00000000000000e+00	5.83423023373845e+01	0.00000000000000e+00	1.97917042149788e+03	0.00000000000000e+00	1
25	49	33	41	5.00000000000000e-02	0.00000000000000e+00	0.00000000000000e+00	0.00000000000000e+00	5.70777068924038e+01	0.00000000000000e+00	1.71883677257322e+03	0.00000000000000e+00	1
26	50	34	42	5.00000000000000e-02	0.00000000000000e+00	0.00000000000000e+00	0.00000000000000e+00	5.48499518652152e+01	0.00000000000000e+00	1.38036231629302e+03	0.00000000000000e+00	1
27	51	35	43	5.00000000000000e-02	0.00000000000000e+00	0.00000000000000e+00	0.00000000000000e+00	5.33495934670094e+01	0.00000000000000e+00	1.45601991369701e+03	0.00000000000000e+00	1
28	52	36	44	5.00000000000000e-02	0.00000000000000e+00	0.00000000000000e+00	0.00000000000000e+00	5.23892653467109e+01	0.00000000000000e+00	1.25473583654855e+03	0.00000000000000e+00	1
29	53	37	45	5.00000000000000e-02	0.00000000000000e+00	0.00000000000000e+00	0.00000000000000e+00	5.20453211202320e+01	0.00000000000000e+00	1.25760920279143e+03	0.00000000000000e+00	1
30	54	38	46	5.00000000000000e-02	0.00000000000000e+00	0.00000000000000e+00	0.00000000000000e+00	5.27238576152225e+01	0.00000000000000e+00	1.14886999168055e+03	0.00000000000000e+00	1
31	55	39	47	5.00000000000000e-02	0.00000000000000e+00	0.00000000000000e+00	0.00000000000000e+00	5.37858583515007e+01	0.00000000000000e+00	1.39294594565846e+03	0.00000000000000e+00	1
32	56	40	48	5.00000000000000e-02	0.00000000000000e+00	0.00000000000000e+00	0.00000000000000e+00	5.52639699803295e+01	0.00000000000000e+00	1.32100379221967e+03	0.00000000000000e+00	1
33	57	41	49	5.00000000000000e-02	0.00000000000000e+00	0.00000000000000e+00	0.00000000000000e+00	5.61783611274308e+01	0.00000000000000e+00	1.36625135147092e+03	0.00000000000000e+00	1
34	58	42	50	5.00000000000000e-02	0.00000000000000e+00	0.00000000000000e+00	0.00000000000000e+00	5.66554756459986e+01	0.00000000000000e+00	1.32882657990497e+03	0.00000000000000e+00	1
35	59	43	51	5.00000000000000e-02	0.00000000000000e+00	0.00000000000000e+00	0.00000000000000e+00	5.60047718871923e+01	0.00000000000000e+00	1.60643163860313e+03	0.00000000000000e+00	1
36	60	44	52	5.00000000000000e-02	0.00000000000000e+00	0.00000000000000e+00	0.00000000000000e+00	5.61710154609371e+01	0.00000000000000e+00	1.58309440074858e+03	0.00000000000000e+00	1
37	61	45	53	5.00000000000000e-02	0.00000000000000e+00	0.00000000000000e+00	0.00000000000000e+00	5.61839592785604e+01	0.00000000000000e+00	1.49894295952825e+03	0.00000000000000e+00	1
38	62	46	54	5.00000000000000e-02	0.00000000000000e+00	0.00000000000000e+00	0.00000000000000e+00	5.59586321127005e+01	0.00000000000000e+00	1.47005565918445e+03	0.00000000000000e+00	1
39	63	47	55	5.00000000000000e-02	0.00000000000000e+00	0.00000000000000e+00	0.00000000000000e+00	5.58887419264584e+01	0.00000000000000e+00	1.46091450032899e+03	0.00000000000000e+00	1
40	64	48	56	5.00000000000000e-02	0.00000000000000e+00	0.00000000000000e+00	0.00000000000000e+00	5.57795526567381e+01	0.00000000000000e+00	1.47062835515213e+03	0.00000000000000e+00	1
41	65	49	57	5.00000000000000e-02	0.00000000000000e+00	0.00000000000000e+00	0.00000000000000e+00	5.57992268900847e+01	0.00000000000000e+00	1.52422459547486e+03	0.00000000000000e+00	1
42	66	50	58	5.00000000000000e-02	0.00000000000000e+00	0.00000000000000e+00	0.00000000000000e+00	5.53929184134122e+01	0.00000000000000e+00	1.46261516991258e+03	0.00000000000000e+00	1
43	67	51	59	5.00000000000000e-02	0.00000000000000e+00	0.00000000000000e+00	0.00000000000000e+00	5.56463627122633e+01	0.00000000000000e+00	1.30847231913528e+03	0.00000000000000e+00	1
44	68	52	60	5.00000000000000e-02	0.00000000000000e+00	0.00000000000000e+00	0.00000000000000e+00	5.53229203105274e+01	0.00000000000000e+00	1.37783437279727e+03	0.00000000000000e+00	1
45	69	53	61	5.00000000000000e-02	0.00000000000000e+00	0.00000000000000e+00	0.00000000000000e+00	5.53826446376119e+01	0.00000000000000e+00	1.40074344309564e+03	0.00000000000000e+00	1
46	70	54	62	5.00000000000000e-02	0.00000000000000e+00	0.00000000000000e+00	0.00000000000000e+00	5.51306388659232e+01	0.00000000000000e+00	1.31959810878888e+03	0.00000000000000e+00	1
47	71	55	63	5.00000000000000e-02	0.00000000000000e+00	0.00000000000000e+00	0.00000000000000e+00	5.48538425306871e+01	0.00000000000000e+00	1.19131056696808e+03	0.00000000000000e+00	1
48	72	56	64	5.00000000000000e-02	0.00000000000000e+00	0.00000000000000e+00	0.00000000000000e+00	5.46997176529973e+01	0.00000000000000e+00	1.29204083843532e+03	0.00000000000000e+00	1
1	28	10	19	5.00000000000000e-02	0.00000000000000e+00	0.00000000000000e+00	0.00000000000000e+00	5.92416298143135e+01	0.00000000000000e+00	1.27949017499030e+03	0.00000000000000e+00	1
2	29	11	20	5.00000000000000e-02	0.00000000000000e+00	0.00000000000000e+00	0.00000000000000e+00	5.91278546754313e+01	0.00000000000000e+00	1.24791397693450e+03	0.00000000000000e+00	1
3	30	12	21	5.00000000000000e-02	0.00000000000000e+00	0.00000000000000e+00	0.00000000000000e+00	5.91278732323016e+01	0.00000000000000e+00	1.56327914562566e+03	0.00000000000000e+00	1
4	31	13	22	5.00000000000000e-02	0.00000000000000e+00	0.00000000000000e+00	0.00000000000000e+00	5.92547435623745e+01	0.00000000000000e+00	1.41074266859284e+03	0.00000000000000e+00	1
5	32	14	23	5.00000000000000e-02	0.00000000000000e+00	0.00000000000000e+00	0.00000000000000e+00	5.93335686029675e+01	0.00000000000000e+00	1.22875682425043e+03	0.00000000000000e+00	1
6	33	15	24	5.00000000000000e-02	0.00000000000000e+00	0.00000000000000e+00	0.00000000000000e+00	5.89122387028545e+01	0.00000000000000e+00	1.20153330299217e+03	0.00000000000000e+00	1
7	34	16	25	5.00000000000000e-02	0.00000000000000e+00	0.00000000000000e+00	0.00000000000000e+00	5.78865735501362e+01	0.00000000000000e+00	1.03899107304647e+03	0.00000000000000e+00	1
8	35	17	26	5.00000000000000e-02	0.00000000000000e+00	0.00000000000000e+00	0.00000000000000e+00	5.70128127600235e+01	0.00000000000000e+00	1.12064880708122e+03	0.00000000000000e+00	1
9	36	18	27	5.00000000000000e-02	0.00000000000000e+00	0.00000000000000e+00	0.00000000000000e+00	5.66806449966353e+01	0.00000000000000e+00	1.19306549122372e+03	0.00000000000000e+00	1
10	37	19	28	5.00000000000000e-02	0.00000000000000e+00	0.00000000000000e+00	0.00000000000000e+00	5.69754083874618e+01	0.00000000000000e+00	1.19960591106305e+03	0.00000000000000e+00	1
11	38	20	29	5.00000000000000e-02	0.00000000000000e+00	0.00000000000000e+00	0.00000000000000e+00	5.82229133482711e+01	0.00000000000000e+00	1.25913303466950e+03	0.00000000000000e+00	1
12	39	21	30	5.00000000000000e-02	0.00000000000000e+00	0.00000000000000e+00	0.00000000000000e+00	5.99890810482926e+01	0.00000000000000e+00	1.37165894554522e+03	0.00000000000000e+00	1
13	40	22	31	5.00000000000000e-02	0.00000000000000e+00	0.00000000000000e+00	0.00000000000000e+00	6.20204969588472e+01	0.00000000000000e+00	1.48776074186398e+03	0.00000000000000e+00	1
14	41	23	32	5.00000000000000e-02	0.00000000000000e+00	0.00000000000000e+00	0.00000000000000e+00	6.42155194272854e+01	0.00000000000000e+00	1.71202349492313e+03	0.00000000000000e+00	1
15	42	24	33	5.00000000000000e-02	0.00000000000000e+00	0.00000000000000e+00	0.00000000000000e+00	6.62653967419533e+01	0.00000000000000e+00	1.76412029207352e+03	0.00000000000000e+00	1
16	43	25	34	5.00000000000000e-02	0.00000000000000e+00	0.00000000000000e+00	0.00000000000000e+00	6.70395516127007e+01	0.00000000000000e+00	2.13595166917737e+03	0.00000000000000e+00	1
17	44	26	35	5.00000000000000e-02	0.00000000000000e+00	0.00000000000000e+00	0.00000000000000e+00	6.71907593500794e+01	0.00000000000000e+00	2.17135051910227e+03	0.00000000000000e+00	1
18	45	27	36	5.00000000000000e-02	0.00000000000000e+00	0.00000000000000e+00	0.00000000000000e+00	6.77472689102153e+01	0.00000000000000e+00	2.10713089166943e+03	0.00000000000000e+00	1
19	46	28	37	5.00000000000000e-02	0.00000000000000e+00	0.00000000000000e+00	0.00000000000000e+00	6.78943613358892e+01	0.00000000000000e+00	1.92245711290558e+03	0.00000000000000e+00	1
20	47	29	38	5.00000000000000e-02	0.00000000000000e+00	0.00000000000000e+00	0.00000000000000e+00	6.71907806414562e+01	0.00000000000000e+00	2.17957438231887e+03	0.00000000000000e+00	1
21	48	30	39	5.00000000000000e-02	0.00000000000000e+00	0.00000000000000e+00	0.00000000000000e+00	6.67288119240370e+01	0.00000000000000e+00	2.17538711663563e+03	0.00000000000000e+00	1
22	49	31	40	5.00000000000000e-02	0.00000000000000e+00	0.00000000000000e+00	0.00000000000000e+00	6.60184104448686e+01	0.00000000000000e+00	2.09920746036938e+03	0.00000000000000e+00	1
23	50	32	41	5.00000000000000e-02	0.00000000000000e+00	0.00000000000000e+00	0.00000000000000e+00	6.52821273242657e+01	0.00000000000000e+00	1.69042277959407e+03	0.00000000000000e+00	1
24	51	33	42	5.00000000000000e-02	0.00000000000000e+00	0.00000000000000e+00	0.00000000000000e+00	6.40032004188803e+01	0.00000000000000e+00	1.54692217171996e+03	0.00000000000000e+00	1
25	52	34	43	5.00000000000000e-02	0.00000000000000e+00	0.00000000000000e+00	0.00000000000000e+00	6.20206014503060e+01	0.00000000000000e+00	1.38653056695281e+03	0.00000000000000e+00	1
26	53	35	44	5.00000000000000e-02	0.00000000000000e+00	0.00000000000000e+00	0.00000000000000e+00	6.01735946635243e+01	0.00000000000000e+00	1.40580690244557e+03	0.00000000000000e+00	1
27	54	36	45	5.00000000000000e-02	0.00000000000000e+00	0.00000000000000e+00	0.00000000000000e+00	5.88002388099160e+01	0.00000000000000e+00	1.39221578761862e+03	0.00000000000000e+00	1
28	55	37	46	5.00000000000000e-02	0.00000000000000e+00	0.00000000000000e+00	0.00000000000000e+00	5.81772181244564e+01	0.00000000000000e+00	1.11355870894973e+03	0.00000000000000e+00	1
29	56	38	47	5.00000000000000e-02	0.00000000000000e+00	0.00000000000000e+00	0.00000000000000e+00	5.84167997935691e+01	0.00000000000000e+00	1.25494673844595e+03	0.00000000000000e+00	1
30	57	39	48	5.00000000000000e-02	0.00000000000000e+00	0.00000000000000e+00	0.00000000000000e+00	5.91402816571618e+01	0.00000000000000e+00	1.26929202896172e+03	0.00000000000000e+00	1
31	58	40	49	5.00000000000000e-02	0.00000000000000e+00	0.00000000000000e+00	0.00000000000000e+00	6.04316986430007e+01	0.00000000000000e+00	1.19962816477757e+03	0.00000000000000e+00	1
32	59	41	50	5.00000000000000e-02	0.00000000000000e+00	0.00000000000000e+00	0.00000000000000e+00	6.18403721220105e+01	0.00000000000000e+00	1.35249469321925e+03	0.00000000000000e+00	1
33	60	42	51	5.00000000000000e-02	0.00000000000000e+00	0.00000000000000e+00	0.00000000000000e+00	6.30019811823223e+01	0.00000000000000e+00	1.38436800438459e+03	0.00000000000000e+00	1
34	61	43	52	5.00000000000000e-02	0.00000000000000e+00	0.00000000000000e+00	0.00000000000000e+00	6.29852832053003e+01	0.00000000000000e+00	1.30636324153918e+03	0.00000000000000e+00	1
35	62	44	53	5.00000000000000e-02	0.00000000000000e+00	0.00000000000000e+00	0.00000000000000e+00	6.26133091253228e+01	0.00000000000000e+00	1.56746250506459e+03	0.00000000000000e+00	1
36	63	45	54	5.00000000000000e-02	0.00000000000000e+00	0.00000000000000e+00	0.00000000000000e+00	6.29750463228810e+01	0.00000000000000e+00	1.40714313919030e+03	0.00000000000000e+00	1
37	64	46	55	5.00000000000000e-02	0.00000000000000e+00	0.00000000000000e+00	0.00000000000000e+00	6.29489325787555e+01	0.00000000000000e+00	1.45935507012922e+03	0.00000000000000e+00	1
38	65	47	56	5.00000000000000e-02	0.00000000000000e+00	0.00000000000000e+00	0.00000000000000e+00	6.26205240258497e+01	0.00000000000000e+00	1.55393070291399e+03	0.00000000000000e+00	1
39	66	48	57	5.00000000000000e-02	0.00000000000000e+00	0.00000000000000e+00	0.00000000000000e+00	6.26327644420663e+01	0.00000000000000e+00	1.40083764007188e+03	0.00000000000000e+00	1
40	67	49	58	5.00000000000000e-02	0.00000000000000e+00	0.00000000000000e+00	0.00000000000000e+00	6.24383623933817e+01	0.00000000000000e+00	1.50664469732860e+03	0.00000000000000e+00	1
41	68	50	59	5.00000000000000e-02	0.00000000000000e+00	0.00000000000000e+00	0.00000000000000e+00	6.23674420445420e+01	0.00000000000000e+00	1.47357802186250e+03	0.00000000000000e+00	1
42	69	51	60	5.00000000000000e-02	0.00000000000000e+00	0.00000000000000e+00	0.00000000000000e+00	6.23157368560429e+01	0.00000000000000e+00	1.41046696805736e+03	0.00000000000000e+00	1
43	70	52	61	5.00000000000000e-02	0.00000000000000e+00	0.00000000000000e+00	0.00000000000000e+00	6.24207130293278e+01	0.00000000000000e+00	1.55653445637306e+03	0.00000000000000e+00	1
44	71	53	62	5.00000000000000e-02	0.00000000000000e+00	0.00000000000000e+00	0.00000000000000e+00	6.22878081918178e+01	0.00000000000000e+00	1.35055685905156e+03	0.00000000000000e+00	1
45	72	54	63	5.00000000000000e-02	0.00000000000000e+00	0.00000000000000e+00	0.00000000000000e+00	6.18978360523384e+01	0.00000000000000e+00	1.37082982217153e+03	0.00000000000000e+00	1
1	31	11	21	5.00000000000000e-02	0.00000000000000e+00	0.00000000000000e+00	0.00000000000000e+00	6.56930279686723e+01	0.00000000000000e+00	1.35253566876795e+03	0.00000000000000e+00	1
2	32	12	22	5.00000000000000e-02	0.00000000000000e+00	0.00000000000000e+00	0.00000000000000e+00	6.56930740292213e+01	0.00000000000000e+00	1.27668661473142e+03	0.00000000000000e+00	1
3	33	13	23	5.00000000000000e-02	0.00000000000000e+00	0.00000000000000e+00	0.00000000000000e+00	6.52364440570519e+01	0.00000000000000e+00	1.18717783602507e+03	0.00000000000000e+00	1
4	34	14	24	5.00000000000000e-02	0.00000000000000e+00	0.00000000000000e+00	0.00000000000000e+00	6.43578455776311e+01	0.00000000000000e+00	1.23962806708481e+03	0.00000000000000e+00	1
5	35	15	25	5.00000000000000e-02	0.00000000000000e+00	0.00000000000000e+00	0.00000000000000e+00	6.34047008201116e+01	0.00000000000000e+00	1.18902956803555e+03	0.00000000000000e+00	1
6	36	16	26	5.00000000000000e-02	0.00000000000000e+00	0.00000000000000e+00	0.00000000000000e+00	6.30130128670082e+01	0.00000000000000e+00	1.09317745665769e+03	0.00000000000000e+00	1
7	37	17	27	5.00000000000000e-02	0.00000000000000e+00	0.00000000000000e+00	0.00000000000000e+00	6.30238276230040e+01	0.00000000000000e+00	1.15681333380405e+03	0.00000000000000e+00	1
8	38	18	28	5.00000000000000e-02	0.00000000000000e+00	0.00000000000000e+00	0.00000000000000e+00	6.37122132179348e+01	0.00000000000000e+00	1.15059248416289e+03	0.00000000000000e+00	1
9	39	19	29	5.00000000000000e-02	0.00000000000000e+00	0.00000000000000e+00	0.00000000000000e+00	6.49812186549083e+01	0.00000000000000e+00	1.31993164526659e+03	0.00000000000000e+00	1
10	40	20	30	5.00000000000000e-02	0.00000000000000e+00	0.00000000000000e+00	0.00000000000000e+00	6.69126033249670e+01	0.00000000000000e+00	1.27395168103369e+03	0.00000000000000e+00	1
11	41	21	31	5.00000000000000e-02	0.00000000000000e+00	0.00000000000000e+00	0.00000000000000e+00	6.89973428130588e+01	0.00000000000000e+00	1.22358316465956e+03	0.00000000000000e+00	1
12	42	22	32	5.00000000000000e-02	0.00000000000000e+00	0.00000000000000e+00	0.00000000000000e+00	7.14664789799929e+01	0.00000000000000e+00	1.50733104686625e+03	0.00000000000000e+00	1
13	43	23	33	5.00000000000000e-02	0.00000000000000e+00	0.00000000000000e+00	0.00000000000000e+00	7.34892874044580e+01	0.00000000000000e+00	1.72142478089127e+03	0.00000000000000e+00	1
14	44	24	34	5.00000000000000e-02	0.00000000000000e+00	0.00000000000000e+00	0.00000000000000e+00	7.42832200764713e+01	0.00000000000000e+00	1.93887584075527e+03	0.00000000000000e+00	1
15	45	25	35	5.00000000000000e-02	0.00000000000000e+00	0.00000000000000e+00	0.00000000000000e+00	7.45083101293128e+01	0.00000000000000e+00	1.83951616288198e+03	0.00000000000000e+00	1
16	46	26	36	5.00000000000000e-02	0.00000000000000e+00	0.00000000000000e+00	0.00000000000000e+00	7.48710736563704e+01	0.00000000000000e+00	2.03218063495742e+03	0.00000000000000e+00	1
17	47	27	37	5.00000000000000e-02	0.00000000000000e+00	0.00000000000000e+00	0.00000000000000e+00	7.50133287732018e+01	0.00000000000000e+00	2.08083701274534e+03	0.00000000000000e+00	1
18	48	28	38	5.00000000000000e-02	0.00000000000000e+00	0.00000000000000e+00	0.00000000000000e+00	7.47273283050509e+01	0.00000000000000e+00	2.20511621478428e+03	0.00000000000000e+00	1
19	49	29	39	5.00000000000000e-02	0.00000000000000e+00	0.00000000000000e+00	0.00000000000000e+00	7.43193908267039e+01	0.00000000000000e+00	2.19925309396327e+03	0.00000000000000e+00	1
20	50	30	40	5.00000000000000e-02	0.00000000000000e+00	0.00000000000000e+00	0.00000000000000e+00	7.35424181730448e+01	0.00000000000000e+00	1.97965099108632e+03	0.00000000000000e+00	1
21	51	31	41	5.00000000000000e-02	0.00000000000000e+00	0.00000000000000e+00	0.00000000000000e+00	7.30683862221619e+01	0.00000000000000e+00	1.79239601929812e+03	0.00000000000000e+00	1
22	52	32	42	5.00000000000000e-02	0.00000000000000e+00	0.00000000000000e+00	0.00000000000000e+00	7.22960674570027e+01	0.00000000000000e+00	1.79599575378514e+03	0.00000000000000e+00	1
23	53	33	43	5.00000000000000e-02	0.00000000000000e+00	0.00000000000000e+00	0.00000000000000e+00	7.09612807328883e+01	0.00000000000000e+00	1.64456428658425e+03	0.00000000000000e+00	1
24	54	34	44	5.00000000000000e-02	0.00000000000000e+00	0.00000000000000e+00	0.00000000000000e+00	6.87774145991260e+01	0.00000000000000e+00	1.56250628847766e+03	0.00000000000000e+00	1
25	55	35	45	5.00000000000000e-02	0.00000000000000e+00	0.00000000000000e+00	0.00000000000000e+00	6.66534625132359e+01	0.00000000000000e+00	1.28691741867460e+03	0.00000000000000e+00	1
26	56	36	46	5.00000000000000e-02	0.00000000000000e+00	0.00000000000000e+00	0.00000000000000e+00	6.52536281305192e+01	0.00000000000000e+00	1.23137866149097e+03	0.00000000000000e+00	1
27	57	37	47	5.00000000000000e-02	0.00000000000000e+00	0.00000000000000e+00	0.00000000000000e+00	6.43688312885703e+01	0.00000000000000e+00	1.29803258655114e+03	0.00000000000000e+00	1
28	58	38	48	5.00000000000000e-02	0.00000000000000e+00	0.00000000000000e+00	0.00000000000000e+00	6.43183440272883e+01	0.00000000000000e+00	1.13371406624217e+03	0.00000000000000e+00	1
29	59	39	49	5.00000000000000e-02	0.00000000000000e+00	0.00000000000000e+00	0.00000000000000e+00	6.47537204834776e+01	0.00000000000000e+00	1.21585947644189e+03	0.00000000000000e+00	1
30	60	40	50	5.00000000000000e-02	0.00000000000000e+00	0.00000000000000e+00	0.00000000000000e+00	6.60501164208540e+01	0.00000000000000e+00	1.22018110009741e+03	0.00000000000000e+00	1
31	61	41	51	5.00000000000000e-02	0.00000000000000e+00	0.00000000000000e+00	0.00000000000000e+00	6.68180885266866e+01	0.00000000000000e+00	1.32045988021484e+03	0.00000000000000e+00	1
32	62	42	52	5.00000000000000e-02	0.00000000000000e+00	0.00000000000000e+00	0.00000000000000e+00	6.82510811515617e+01	0.00000000000000e+00	1.21891121506996e+03	0.00000000000000e+00	1
33	63	43	53	5.00000000000000e-02	0.00000000000000e+00	0.00000000000000e+00	0.00000000000000e+00	6.92818624415570e+01	0.00000000000000e+00	1.26861160035382e+03	0.00000000000000e+00	1
34	64	44	54	5.00000000000000e-02	0.00000000000000e+00	0.00000000000000e+00	0.00000000000000e+00	6.96083331438973e+01	0.00000000000000e+00	1.45978308188017e+03	0.00000000000000e+00	1
35	65	45	55	5.00000000000000e-02	0.00000000000000e+00	0.00000000000000e+00	0.00000000000000e+00	6.94501473208655e+01	0.00000000000000e+00	1.16924256476948e+03	0.00000000000000e+00	1
36	66	46	56	5.00000000000000e-02	0.00000000000000e+00	0.00000000000000e+00	0.00000000000000e+00	6.96128753297942e+01	0.00000000000000e+00	1.51060378682537e+03	0.00000000000000e+00	1
37	67	47	57	5.00000000000000e-02	0.00000000000000e+00	0.00000000000000e+00	0.00000000000000e+00	6.98081822860283e+01	0.00000000000000e+00	1.39187121787279e+03	0.00000000000000e+00	1
38	68	48	58	5.00000000000000e-02	0.00000000000000e+00	0.00000000000000e+00	0.00000000000000e+00	6.94286291626980e+01	0.00000000000000e+00	1.58279783807305e+03	0.00000000000000e+00	1
39	69	49	59	5.00000000000000e-02	0.00000000000000e+00	0.00000000000000e+00	0.00000000000000e+00	6.94547832377493e+01	0.00000000000000e+00	1.51452990151566e+03	0.00000000000000e+00	1
40	70	50	60	5.00000000000000e-02	0.00000000000000e+00	0.00000000000000e+00	0.00000000000000e+00	6.88806231628558e+01	0.00000000000000e+00	1.52563611288220e+03	0.00000000000000e+00	1
41	71	51	61	5.00000000000000e-02	0.00000000000000e+00	0.00000000000000e+00	0.00000000000000e+00	6.91677442075246e+01	0.00000000000000e+00	1.51718874400514e+03	0.00000000000000e+00	1
42	72	52	62	5.00000000000000e-02	0.00000000000000e+00	0.00000000000000e+00	0.00000000000000e+00	6.91652029586946e+01	0.00000000000000e+00	1.47228128527540e+03	0.00000000000000e+00	1
1	34	12	23	5.00000000000000e-02	0.00000000000000e+00	0.00000000000000e+00	0.00000000000000e+00	7.07269978374330e+01	0.00000000000000e+00	1.04800806703673e+03	0.00000000000000e+00	1
2	35	13	24	5.00000000000000e-02	0.00000000000000e+00	0.00000000000000e+00	0.00000000000000e+00	6.97157088379238e+01	0.00000000000000e+00	1.14858099050086e+03	0.00000000000000e+00	1
3	36	14	25	5.00000000000000e-02	0.00000000000000e+00	0.00000000000000e+00	0.00000000000000e+00	6.92547925283718e+01	0.00000000000000e+00	1.04239224921449e+03	0.00000000000000e+00	1
4	37	15	26	5.00000000000000e-02	0.00000000000000e+00	0.00000000000000e+00	0.00000000000000e+00	6.91803479458781e+01	0.00000000000000e+00	1.14328347088947e+03	0.00000000000000e+00	1
5	38	16	27	5.00000000000000e-02	0.00000000000000e+00	0.00000000000000e+00	0.00000000000000e+00	6.96293570433393e+01	0.00000000000000e+00	1.07624185837388e+03	0.00000000000000e+00	1
6	39	17	28	5.00000000000000e-02	0.00000000000000e+00	0.00000000000000e+00	0.00000000000000e+00	7.04943759667509e+01	0.00000000000000e+00	1.24660059783888e+03	0.00000000000000e+00	1
7	40	18	29	5.00000000000000e-02	0.00000000000000e+00	0.00000000000000e+00	0.00000000000000e+00	7.18557456675968e+01	0.00000000000000e+00	1.11599315415507e+03	0.00000000000000e+00	1
8	41	19	30	5.00000000000000e-02	0.00000000000000e+00	0.00000000000000e+00	0.00000000000000e+00	7.37588624282347e+01	0.00000000000000e+00	1.35076457131579e+03	0.00000000000000e+00	1
9	42	20	31	5.00000000000000e-02	0.00000000000000e+00	0.00000000000000e+00	0.00000000000000e+00	7.60672755449878e+01	0.00000000000000e+00	1.45351149167373e+03	0.00000000000000e+00	1
10	43	21	32	5.00000000000000e-02	0.00000000000000e+00	0.00000000000000e+00	0.00000000000000e+00	7.85622062607740e+01	0.00000000000000e+00	1.61175394535232e+03	0.00000000000000e+00	1
11	44	22	33	5.00000000000000e-02	0.00000000000000e+00	0.00000000000000e+00	0.00000000000000e+00	8.06518521574003e+01	0.00000000000000e+00	1.74006831295669e+03	0.00000000000000e+00	1
12	45	23	34	5.00000000000000e-02	0.00000000000000e+00	0.00000000000000e+00	0.00000000000000e+00	8.16774807303436e+01	0.00000000000000e+00	1.87073915545247e+03	0.00000000000000e+00	1
13	46	24	35	5.00000000000000e-02	0.00000000000000e+00	0.00000000000000e+00	0.00000000000000e+00	8.17150369947227e+01	0.00000000000000e+00	1.95233061491566e+03	0.00000000000000e+00	1
14	47	25	36	5.00000000000000e-02	0.00000000000000e+00	0.00000000000000e+00	0.00000000000000e+00	8.20110850403746e+01	0.00000000000000e+00	2.04888064866745e+03	0.00000000000000e+00	1
15	48	26	37	5.00000000000000e-02	0.00000000000000e+00	0.00000000000000e+00	0.00000000000000e+00	8.21612980806996e+01	0.00000000000000e+00	1.95603932012118e+03	0.00000000000000e+00	1
16	49	27	38	5.00000000000000e-02	0.00000000000000e+00	0.00000000000000e+00	0.00000000000000e+00	8.16199154649032e+01	0.00000000000000e+00	2.13845938773882e+03	0.00000000000000e+00	1
17	50	28	39	5.00000000000000e-02	0.00000000000000e+00	0.00000000000000e+00	0.00000000000000e+00	8.13833273855907e+01	0.00000000000000e+00	2.04314097798192e+03	0.00000000000000e+00	1
18	51	29	40	5.00000000000000e-02	0.00000000000000e+00	0.00000000000000e+00	0.00000000000000e+00	8.12625767085139e+01	0.00000000000000e+00	2.03094191489067e+03	0.00000000000000e+00	1
19	52	30	41	5.00000000000000e-02	0.00000000000000e+00	0.00000000000000e+00	0.00000000000000e+00	8.10260507911024e+01	0.00000000000000e+00	2.02162846282551e+03	0.00000000000000e+00	1
20	53	31	42	5.00000000000000e-02	0.00000000000000e+00	0.00000000000000e+00	0.00000000000000e+00	8.00758567571062e+01	0.00000000000000e+00	1.85371685250758e+03	0.00000000000000e+00	1
21	54	32	43	5.00000000000000e-02	0.00000000000000e+00	0.00000000000000e+00	0.00000000000000e+00	7.89995105241331e+01	0.00000000000000e+00	1.68567943098794e+03	0.00000000000000e+00	1
22	55	33	44	5.00000000000000e-02	0.00000000000000e+00	0.00000000000000e+00	0.00000000000000e+00	7.75260462073428e+01	0.00000000000000e+00	1.41427882676549e+03	0.00000000000000e+00	1
23	56	34	45	5.00000000000000e-02	0.00000000000000e+00	0.00000000000000e+00	0.00000000000000e+00	7.51856712683592e+01	0.00000000000000e+00	1.36611116269662e+03	0.00000000000000e+00	1
24	57	35	46	5.00000000000000e-02	0.00000000000000e+00	0.00000000000000e+00	0.00000000000000e+00	7.31213312023577e+01	0.00000000000000e+00	1.24470986351266e+03	0.00000000000000e+00	1
25	58	36	47	5.00000000000000e-02	0.00000000000000e+00	0.00000000000000e+00	0.00000000000000e+00	7.17276343811772e+01	0.00000000000000e+00	1.21798870513499e+03	0.00000000000000e+00	1
26	59	37	48	5.00000000000000e-02	0.00000000000000e+00	0.00000000000000e+00	0.00000000000000e+00	7.07082837526916e+01	0.00000000000000e+00	1.18924091247780e+03	0.00000000000000e+00	1
27	60	38	49	5.00000000000000e-02	0.00000000000000e+00	0.00000000000000e+00	0.00000000000000e+00	7.05478087777430e+01	0.00000000000000e+00	1.19940458861738e+03	0.00000000000000e+00	1
28	61	39	50	5.00000000000000e-02	0.00000000000000e+00	0.00000000000000e+00	0.00000000000000e+00	7.07532128094127e+01	0.00000000000000e+00	1.26997194158019e+03	0.00000000000000e+00	1
29	62	40	51	5.00000000000000e-02	0.00000000000000e+00	0.00000000000000e+00	0.00000000000000e+00	7.11851717794977e+01	0.00000000000000e+00	1.20693819130518e+03	0.00000000000000e+00	1
30	63	41	52	5.00000000000000e-02	0.00000000000000e+00	0.00000000000000e+00	0.00000000000000e+00	7.19912725810691e+01	0.00000000000000e+00	1.20044335511461e+03	0.00000000000000e+00	1
31	64	42	53	5.00000000000000e-02	0.00000000000000e+00	0.00000000000000e+00	0.00000000000000e+00	7.31469314960515e+01	0.00000000000000e+00	1.30367604904090e+03	0.00000000000000e+00	1
32	65	43	54	5.00000000000000e-02	0.00000000000000e+00	0.00000000000000e+00	0.00000000000000e+00	7.46533558012506e+01	0.00000000000000e+00	1.24522588513282e+03	0.00000000000000e+00	1
33	66	44	55	5.00000000000000e-02	0.00000000000000e+00	0.00000000000000e+00	0.00000000000000e+00	7.59082169541906e+01	0.00000000000000e+00	1.24824581850755e+03	0.00000000000000e+00	1
34	67	45	56	5.00000000000000e-02	0.00000000000000e+00	0.00000000000000e+00	0.00000000000000e+00	7.65115138810867e+01	0.00000000000000e+00	1.43674361348472e+03	0.00000000000000e+00	1
35	68	46	57	5.00000000000000e-02	0.00000000000000e+00	0.00000000000000e+00	0.00000000000000e+00	7.64154134232386e+01	0.00000000000000e+00	1.41818139922621e+03	0.00000000000000e+00	1
36	69	47	58	5.00000000000000e-02	0.00000000000000e+00	0.00000000000000e+00	0.00000000000000e+00	7.65709551840609e+01	0.00000000000000e+00	1.45715765834635e+03	0.00000000000000e+00	1
37	70	48	59	5.00000000000000e-02	0.00000000000000e+00	0.00000000000000e+00	0.00000000000000e+00	7.66311405194671e+01	0.00000000000000e+00	1.54670234872896e+03	0.00000000000000e+00	1
38	71	49	60	5.00000000000000e-02	0.00000000000000e+00	0.00000000000000e+00	0.00000000000000e+00	7.58939757578767e+01	0.00000000000000e+00	1.26148020302677e+03	0.00000000000000e+00	1
39	72	50	61	5.00000000000000e-02	0.00000000000000e+00	0.00000000000000e+00	0.00000000000000e+00	7.57229348223360e+01	0.00000000000000e+00	1.39837921770487e+03	0.00000000000000e+00	1
1	37	13	25	5.00000000000000e-02	0.00000000000000e+00	0.00000000000000e+00	0.00000000000000e+00	7.53393401864660e+01	0.00000000000000e+00	1.05645727670302e+03	0.00000000000000e+00	1
2	38	14	26	5.00000000000000e-02	0.00000000000000e+00	0.00000000000000e+00	0.00000000000000e+00	7.55466726631554e+01	0.00000000000000e+00	1.16755327547873e+03	0.00000000000000e+00	1
3	39	15	27	5.00000000000000e-02	0.00000000000000e+00	0.00000000000000e+00	0.00000000000000e+00	7.61568021254637e+01	0.00000000000000e+00	1.01184854435447e+03	0.00000000000000e+00	1
4	40	16	28	5.00000000000000e-02	0.00000000000000e+00	0.00000000000000e+00	0.00000000000000e+00	7.73694157265203e+01	0.00000000000000e+00	1.07090490808603e+03	0.00000000000000e+00	1
5	41	17	29	5.00000000000000e-02	0.00000000000000e+00	0.00000000000000e+00	0.00000000000000e+00	7.88007616181125e+01	0.00000000000000e+00	1.11919930949571e+03	0.00000000000000e+00	1
6	42	18	30	5.00000000000000e-02	0.00000000000000e+00	0.00000000000000e+00	0.00000000000000e+00	8.07506673333072e+01	0.00000000000000e+00	1.29993088607942e+03	0.00000000000000e+00	1
7	43	19	31	5.00000000000000e-02	0.00000000000000e+00	0.00000000000000e+00	0.00000000000000e+00	8.29748616695655e+01	0.00000000000000e+00	1.33602285733803e+03	0.00000000000000e+00	1
8	44	20	32	5.00000000000000e-02	0.00000000000000e+00	0.00000000000000e+00	0.00000000000000e+00	8.57426656148999e+01	0.00000000000000e+00	1.38669907121747e+03	0.00000000000000e+00	1
9	45	21	33	5.00000000000000e-02	0.00000000000000e+00	0.00000000000000e+00	0.00000000000000e+00	8.80116572352522e+01	0.00000000000000e+00	1.61522314793884e+03	0.00000000000000e+00	1
10	46	22	34	5.00000000000000e-02	0.00000000000000e+00	0.00000000000000e+00	0.00000000000000e+00	8.87277851042210e+01	0.00000000000000e+00	1.70541397167211e+03	0.00000000000000e+00	1
11	47	23	35	5.00000000000000e-02	0.00000000000000e+00	0.00000000000000e+00	0.00000000000000e+00	8.87894154418014e+01	0.00000000000000e+00	1.98790868348230e+03	0.00000000000000e+00	1
12	48	24	36	5.00000000000000e-02	0.00000000000000e+00	0.00000000000000e+00	0.00000000000000e+00	8.91177428157260e+01	0.00000000000000e+00	1.96109710890337e+03	0.00000000000000e+00	1
13	49	25	37	5.00000000000000e-02	0.00000000000000e+00	0.00000000000000e+00	0.00000000000000e+00	8.92111756096397e+01	0.00000000000000e+00	2.04462167275375e+03	0.00000000000000e+00	1
14	50	26	38	5.00000000000000e-02	0.00000000000000e+00	0.00000000000000e+00	0.00000000000000e+00	8.86151832638625e+01	0.00000000000000e+00	2.01434455983192e+03	0.00000000000000e+00	1
15	51	27	39	5.00000000000000e-02	0.00000000000000e+00	0.00000000000000e+00	0.00000000000000e+00	8.85730887852927e+01	0.00000000000000e+00	1.98914002290281e+03	0.00000000000000e+00	1
16	52	28	40	5.00000000000000e-02	0.00000000000000e+00	0.00000000000000e+00	0.00000000000000e+00	8.83654245335532e+01	0.00000000000000e+00	2.11172666478093e+03	0.00000000000000e+00	1
17	53	29	41	5.00000000000000e-02	0.00000000000000e+00	0.00000000000000e+00	0.00000000000000e+00	8.83049617828081e+01	0.00000000000000e+00	1.90164731525791e+03	0.00000000000000e+00	1
18	54	30	42	5.00000000000000e-02	0.00000000000000e+00	0.00000000000000e+00	0.00000000000000e+00	8.77768580657441e+01	0.00000000000000e+00	1.81015285305241e+03	0.00000000000000e+00	1
19	55	31	43	5.00000000000000e-02	0.00000000000000e+00	0.00000000000000e+00	0.00000000000000e+00	8.68899474558250e+01	0.00000000000000e+00	1.67253017763894e+03	0.00000000000000e+00	1
20	56	32	44	5.00000000000000e-02	0.00000000000000e+00	0.00000000000000e+00	0.00000000000000e+00	8.56044385879489e+01	0.00000000000000e+00	1.74645027258124e+03	0.00000000000000e+00	1
21	57	33	45	5.00000000000000e-02	0.00000000000000e+00	0.00000000000000e+00	0.00000000000000e+00	8.37246379731248e+01	0.00000000000000e+00	1.46496375369888e+03	0.00000000000000e+00	1
22	58	34	46	5.00000000000000e-02	0.00000000000000e+00	0.00000000000000e+00	0.00000000000000e+00	8.16890399925939e+01	0.00000000000000e+00	1.50105580578151e+03	0.00000000000000e+00	1
23	59	35	47	5.00000000000000e-02	0.00000000000000e+00	0.00000000000000e+00	0.00000000000000e+00	7.96268520076874e+01	0.00000000000000e+00	1.51054494779497e+03	0.00000000000000e+00	1
24	60	36	48	5.00000000000000e-02	0.00000000000000e+00	0.00000000000000e+00	0.00000000000000e+00	7.83310253788684e+01	0.00000000000000e+00	1.26818716801534e+03	0.00000000000000e+00	1
25	61	37	49	5.00000000000000e-02	0.00000000000000e+00	0.00000000000000e+00	0.00000000000000e+00	7.72207880004224e+01	0.00000000000000e+00	1.18178280595104e+03	0.00000000000000e+00	1
26	62	38	50	5.00000000000000e-02	0.00000000000000e+00	0.00000000000000e+00	0.00000000000000e+00	7.67702373904269e+01	0.00000000000000e+00	1.11476743305762e+03	0.00000000000000e+00	1
27	63	39	51	5.00000000000000e-02	0.00000000000000e+00	0.00000000000000e+00	0.00000000000000e+00	7.64521067370425e+01	0.00000000000000e+00	1.19958060286565e+03	0.00000000000000e+00	1
28	64	40	52	5.00000000000000e-02	0.00000000000000e+00	0.00000000000000e+00	0.00000000000000e+00	7.66674993253178e+01	0.00000000000000e+00	1.13714662206750e+03	0.00000000000000e+00	1
29	65	41	53	5.00000000000000e-02	0.00000000000000e+00	0.00000000000000e+00	0.00000000000000e+00	7.71019068944058e+01	0.00000000000000e+00	1.19345653975528e+03	0.00000000000000e+00	1
30	66	42	54	5.00000000000000e-02	0.00000000000000e+00	0.00000000000000e+00	0.00000000000000e+00	7.83451795454300e+01	0.00000000000000e+00	1.18045694776628e+03	0.00000000000000e+00	1
31	67	43	55	5.00000000000000e-02	0.00000000000000e+00	0.00000000000000e+00	0.00000000000000e+00	7.97209584352587e+01	0.00000000000000e+00	1.22265412979517e+03	0.00000000000000e+00	1
32	68	44	56	5.00000000000000e-02	0.00000000000000e+00	0.00000000000000e+00	0.00000000000000e+00	8.14679718650139e+01	0.00000000000000e+00	1.23373752084912e+03	0.00000000000000e+00	1
33	69	45	57	5.00000000000000e-02	0.00000000000000e+00	0.00000000000000e+00	0.00000000000000e+00	8.31660943640169e+01	0.00000000000000e+00	1.20679351329035e+03	0.00000000000000e+00	1
34	70	46	58	5.00000000000000e-02	0.00000000000000e+00	0.00000000000000e+00	0.00000000000000e+00	8.34278128157153e+01	0.00000000000000e+00	1.40283751321295e+03	0.00000000000000e+00	1
35	71	47	59	5.00000000000000e-02	0.00000000000000e+00	0.00000000000000e+00	0.00000000000000e+00	8.31576749327951e+01	0.00000000000000e+00	1.28029094672705e+03	0.00000000000000e+00	1
36	72	48	60	5.00000000000000e-02	0.00000000000000e+00	0.00000000000000e+00	0.00000000000000e+00	8.29847138912657e+01	0.00000000000000e+00	1.39380496643054e+03	0.00000000000000e+00	1
1	40	14	27	5.00000000000000e-02	0.00000000000000e+00	0.00000000000000e+00	0.00000000000000e+00	8.29226412388741e+01	0.00000000000000e+00	1.00318166706028e+03	0.00000000000000e+00	1
2	41	15	28	5.00000000000000e-02	0.00000000000000e+00	0.00000000000000e+00	0.00000000000000e+00	8.40773878132835e+01	0.00000000000000e+00	1.00969528430128e+03	0.00000000000000e+00	1
3	42	16	29	5.00000000000000e-02	0.00000000000000e+00	0.00000000000000e+00	0.00000000000000e+00	8.57667322829106e+01	0.00000000000000e+00	1.11915224241783e+03	0.00000000000000e+00	1
4	43	17	30	5.00000000000000e-02	0.00000000000000e+00	0.00000000000000e+00	0.00000000000000e+00	8.78586022997875e+01	0.00000000000000e+00	1.23831840863154e+03	0.00000000000000e+00	1
5	44	18	31	5.00000000000000e-02	0.00000000000000e+00	0.00000000000000e+00	0.00000000000000e+00	9.01163538576637e+01	0.00000000000000e+00	1.22723047708984e+03	0.00000000000000e+00	1
6	45	19	32	5.00000000000000e-02	0.00000000000000e+00	0.00000000000000e+00	0.00000000000000e+00	9.28239623518598e+01	0.00000000000000e+00	1.35027182255399e+03	0.00000000000000e+00	1
7	46	20	33	5.00000000000000e-02	0.00000000000000e+00	0.00000000000000e+00	0.00000000000000e+00	9.49926474148262e+01	0.00000000000000e+00	1.62761772273921e+03	0.00000000000000e+00	1
8	47	21	34	5.00000000000000e-02	0.00000000000000e+00	0.00000000000000e+00	0.00000000000000e+00	9.59409630783917e+01	0.00000000000000e+00	1.70092431651790e+03	0.00000000000000e+00	1
9	48	22	35	5.00000000000000e-02	0.00000000000000e+00	0.00000000000000e+00	0.00000000000000e+00	9.58382846668333e+01	0.00000000000000e+00	1.77462955795721e+03	0.00000000000000e+00	1
10	49	23	36	5.00000000000000e-02	0.00000000000000e+00	0.00000000000000e+00	0.00000000000000e+00	9.60276197834531e+01	0.00000000000000e+00	1.86316149652131e+03	0.00000000000000e+00	1
11	50	24	37	5.00000000000000e-02	0.00000000000000e+00	0.00000000000000e+00	0.00000000000000e+00	9.60139166198097e+01	0.00000000000000e+00	1.80600022243780e+03	0.00000000000000e+00	1
12	51	25	38	5.00000000000000e-02	0.00000000000000e+00	0.00000000000000e+00	0.00000000000000e+00	9.58464086901164e+01	0.00000000000000e+00	1.91293435055117e+03	0.00000000000000e+00	1
13	52	26	39	5.00000000000000e-02	0.00000000000000e+00	0.00000000000000e+00	0.00000000000000e+00	9.57793521179840e+01	0.00000000000000e+00	1.80485199714800e+03	0.00000000000000e+00	1
14	53	27	40	5.00000000000000e-02	0.00000000000000e+00	0.00000000000000e+00	0.00000000000000e+00	9.54581040905755e+01	0.00000000000000e+00	1.97628647911241e+03	0.00000000000000e+00	1
15	54	28	41	5.00000000000000e-02	0.00000000000000e+00	0.00000000000000e+00	0.00000000000000e+00	9.53114384570169e+01	0.00000000000000e+00	1.74882072569911e+03	0.00000000000000e+00	1
16	55	29	42	5.00000000000000e-02	0.00000000000000e+00	0.00000000000000e+00	0.00000000000000e+00	9.47539769735006e+01	0.00000000000000e+00	1.76779333566587e+03	0.00000000000000e+00	1
17	56	30	43	5.00000000000000e-02	0.00000000000000e+00	0.00000000000000e+00	0.00000000000000e+00	9.42032175648344e+01	0.00000000000000e+00	1.89350402527750e+03	0.00000000000000e+00	1
18	57	31	44	5.00000000000000e-02	0.00000000000000e+00	0.00000000000000e+00	0.00000000000000e+00	9.32751419724249e+01	0.00000000000000e+00	1.69456844981916e+03	0.00000000000000e+00	1
19	58	32	45	5.00000000000000e-02	0.00000000000000e+00	0.00000000000000e+00	0.00000000000000e+00	9.20688715133065e+01	0.00000000000000e+00	1.67126340940396e+03	0.00000000000000e+00	1
20	59	33	46	5.00000000000000e-02	0.00000000000000e+00	0.00000000000000e+00	0.00000000000000e+00	9.03078349828969e+01	0.00000000000000e+00	1.49542450139391e+03	0.00000000000000e+00	1
21	60	34	47	5.00000000000000e-02	0.00000000000000e+00	0.00000000000000e+00	0.00000000000000e+00	8.82638387930741e+01	0.00000000000000e+00	1.42090942337173e+03	0.00000000000000e+00	1
22	61	35	48	5.00000000000000e-02	0.00000000000000e+00	0.00000000000000e+00	0.00000000000000e+00	8.62186429621175e+01	0.00000000000000e+00	1.24791565452954e+03	0.00000000000000e+00	1
23	62	36	49	5.00000000000000e-02	0.00000000000000e+00	0.00000000000000e+00	0.00000000000000e+00	8.47346669039496e+01	0.00000000000000e+00	1.26647347194398e+03	0.00000000000000e+00	1
24	63	37	50	5.00000000000000e-02	0.00000000000000e+00	0.00000000000000e+00	0.00000000000000e+00	8.37175106591872e+01	0.00000000000000e+00	1.25569181780658e+03	0.00000000000000e+00	1
25	64	38	51	5.00000000000000e-02	0.00000000000000e+00	0.00000000000000e+00	0.00000000000000e+00	8.27493467894464e+01	0.00000000000000e+00	1.20009799269268e+03	0.00000000000000e+00	1
26	65	39	52	5.00000000000000e-02	0.00000000000000e+00	0.00000000000000e+00	0.00000000000000e+00	8.22497107913522e+01	0.00000000000000e+00	1.18653820433970e+03	0.00000000000000e+00	1
27	66	40	53	5.00000000000000e-02	0.00000000000000e+00	0.00000000000000e+00	0.00000000000000e+00	8.22357230005745e+01	0.00000000000000e+00	1.10788569595491e+03	0.00000000000000e+00	1
28	67	41	54	5.00000000000000e-02	0.00000000000000e+00	0.00000000000000e+00	0.00000000000000e+00	8.27453343243938e+01	0.00000000000000e+00	1.04808875284832e+03	0.00000000000000e+00	1
29	68	42	55	5.00000000000000e-02	0.00000000000000e+00	0.00000000000000e+00	0.00000000000000e+00	8.36660345693897e+01	0.00000000000000e+00	1.07953322376099e+03	0.00000000000000e+00	1
30	69	43	56	5.00000000000000e-02	0.00000000000000e+00	0.00000000000000e+00	0.00000000000000e+00	8.50918583445137e+01	0.00000000000000e+00	1.09338242728588e+03	0.00000000000000e+00	1
31	70	44	57	5.00000000000000e-02	0.00000000000000e+00	0.00000000000000e+00	0.00000000000000e+00	8.67028514998677e+01	0.00000000000000e+00	1.21954962110015e+03	0.00000000000000e+00	1
32	71	45	58	5.00000000000000e-02	0.00000000000000e+00	0.00000000000000e+00	0.00000000000000e+00	8.84322712560613e+01	0.00000000000000e+00	1.28500167584788e+03	0.00000000000000e+00	1
33	72	46	59	5.00000000000000e-02	0.00000000000000e+00	0.00000000000000e+00	0.00000000000000e+00	8.98150822685630e+01	0.00000000000000e+00	1.36398853017626e+03	0.00000000000000e+00	1
1	43	15	29	5.00000000000000e-02	0.00000000000000e+00	0.00000000000000e+00	0.00000000000000e+00	9.27740519648684e+01	0.00000000000000e+00	1.08057598012994e+03	0.00000000000000e+00	1
2	44	16	30	5.00000000000000e-02	0.00000000000000e+00	0.00000000000000e+00	0.00000000000000e+00	9.49615375905977e+01	0.00000000000000e+00	1.15476633280560e+03	0.00000000000000e+00	1
3	45	17	31	5.00000000000000e-02	0.00000000000000e+00	0.00000000000000e+00	0.00000000000000e+00	9.73416696590083e+01	0.00000000000000e+00	1.37907035280642e+03	0.00000000000000e+00	1
4	46	18	32	5.00000000000000e-02	0.00000000000000e+00	0.00000000000000e+00	0.00000000000000e+00	9.98825445892846e+01	0.00000000000000e+00	1.41211935657619e+03	0.00000000000000e+00	1
5	47	19	33	5.00000000000000e-02	0.00000000000000e+00	0.00000000000000e+00	0.00000000000000e+00	1.01952797209052e+02	0.00000000000000e+00	1.64285449057290e+03	0.00000000000000e+00	1
6	48	20	34	5.00000000000000e-02	0.00000000000000e+00	0.00000000000000e+00	0.00000000000000e+00	1.02797465267673e+02	0.00000000000000e+00	1.59434033363098e+03	0.00000000000000e+00	1
7	49	21	35	5.00000000000000e-02	0.00000000000000e+00	0.00000000000000e+00	0.00000000000000e+00	1.02774393465137e+02	0.00000000000000e+00	1.76379688496643e+03	0.00000000000000e+00	1
8	50	22	36	5.00000000000000e-02	0.00000000000000e+00	0.00000000000000e+00	0.00000000000000e+00	1.02960563855875e+02	0.00000000000000e+00	1.84441295234899e+03	0.00000000000000e+00	1
9	51	23	37	5.00000000000000e-02	0.00000000000000e+00	0.00000000000000e+00	0.00000000000000e+00	1.03212440780943e+02	0.00000000000000e+00	1.89382223315531e+03	0.00000000000000e+00	1
10	52	24	38	5.00000000000000e-02	0.00000000000000e+00	0.00000000000000e+00	0.00000000000000e+00	1.02805117487330e+02	0.00000000000000e+00	1.98443955752892e+03	0.00000000000000e+00	1
11	53	25	39	5.00000000000000e-02	0.00000000000000e+00	0.00000000000000e+00	0.00000000000000e+00	1.02765734331820e+02	0.00000000000000e+00	1.88026445181188e+03	0.00000000000000e+00	1
12	54	26	40	5.00000000000000e-02	0.00000000000000e+00	0.00000000000000e+00	0.00000000000000e+00	1.02442473729032e+02	0.00000000000000e+00	1.93008225573900e+03	0.00000000000000e+00	1
13	55	27	41	5.00000000000000e-02	0.00000000000000e+00	0.00000000000000e+00	0.00000000000000e+00	1.02274502925560e+02	0.00000000000000e+00	1.92951098241375e+03	0.00000000000000e+00	1
14	56	28	42	5.00000000000000e-02	0.00000000000000e+00	0.00000000000000e+00	0.00000000000000e+00	1.01732675463798e+02	0.00000000000000e+00	1.89323183471333e+03	0.00000000000000e+00	1
15	57	29	43	5.00000000000000e-02	0.00000000000000e+00	0.00000000000000e+00	0.00000000000000e+00	1.01135252037607e+02	0.00000000000000e+00	2.02389476020916e+03	0.00000000000000e+00	1
16	58	30	44	5.00000000000000e-02	0.00000000000000e+00	0.00000000000000e+00	0.00000000000000e+00	1.00462049240550e+02	0.00000000000000e+00	1.86088290397649e+03	0.00000000000000e+00	1
17	59	31	45	5.00000000000000e-02	0.00000000000000e+00	0.00000000000000e+00	0.00000000000000e+00	9.93982835670243e+01	0.00000000000000e+00	1.74482185008595e+03	0.00000000000000e+00	1
18	60	32	46	5.00000000000000e-02	0.00000000000000e+00	0.00000000000000e+00	0.00000000000000e+00	9.86690885839332e+01	0.00000000000000e+00	1.77552829712982e+03	0.00000000000000e+00	1
19	61	33	47	5.00000000000000e-02	0.00000000000000e+00	0.00000000000000e+00	0.00000000000000e+00	9.70340908215804e+01	0.00000000000000e+00	1.61455713639087e+03	0.00000000000000e+00	1
20	62	34	48	5.00000000000000e-02	0.00000000000000e+00	0.00000000000000e+00	0.00000000000000e+00	9.47486323257648e+01	0.00000000000000e+00	1.29173382269531e+03	0.00000000000000e+00	1
21	63	35	49	5.00000000000000e-02	0.00000000000000e+00	0.00000000000000e+00	0.00000000000000e+00	9.26702111432080e+01	0.00000000000000e+00	1.28086017124452e+03	0.00000000000000e+00	1
22	64	36	50	5.00000000000000e-02	0.00000000000000e+00	0.00000000000000e+00	0.00000000000000e+00	9.12402789481092e+01	0.00000000000000e+00	1.29043390990838e+03	0.00000000000000e+00	1
23	65	37	51	5.00000000000000e-02	0.00000000000000e+00	0.00000000000000e+00	0.00000000000000e+00	8.97384856792531e+01	0.00000000000000e+00	1.20333587819600e+03	0.00000000000000e+00	1
24	66	38	52	5.00000000000000e-02	0.00000000000000e+00	0.00000000000000e+00	0.00000000000000e+00	8.87953175905051e+01	0.00000000000000e+00	1.23359052536226e+03	0.00000000000000e+00	1
25	67	39	53	5.00000000000000e-02	0.00000000000000e+00	0.00000000000000e+00	0.00000000000000e+00	8.82737043037550e+01	0.00000000000000e+00	1.25579491574521e+03	0.00000000000000e+00	1
26	68	40	54	5.00000000000000e-02	0.00000000000000e+00	0.00000000000000e+00	0.00000000000000e+00	8.82577122614992e+01	0.00000000000000e+00	1.24717293378719e+03	0.00000000000000e+00	1
27	69	41	55	5.00000000000000e-02	0.00000000000000e+00	0.00000000000000e+00	0.00000000000000e+00	8.85300798957593e+01	0.00000000000000e+00	1.14511430613579e+03	0.00000000000000e+00	1
28	70	42	56	5.00000000000000e-02	0.00000000000000e+00	0.00000000000000e+00	0.00000000000000e+00	8.92966029325780e+01	0.00000000000000e+00	1.16495642327586e+03	0.00000000000000e+00	1
29	71	43	57	5.00000000000000e-02	0.00000000000000e+00	0.00000000000000e+00	0.00000000000000e+00	9.03290945872760e+01	0.00000000000000e+00	1.19677931532502e+03	0.00000000000000e+00	1
30	72	44	58	5.00000000000000e-02	0.00000000000000e+00	0.00000000000000e+00	0.00000000000000e+00	9.17319397893180e+01	0.00000000000000e+00	1.05997028818702e+03	0.00000000000000e+00	1
1	46	16	31	5.00000000000000e-02	0.00000000000000e+00	0.00000000000000e+00	0.00000000000000e+00	1.04526704828070e+02	0.00000000000000e+00	1.30187494026579e+03	0.00000000000000e+00	1
2	47	17	32	5.00000000000000e-02	0.00000000000000e+00	0.00000000000000e+00	0.00000000000000e+00	1.06956004100912e+02	0.00000000000000e+00	1.37850752108237e+03	0.00000000000000e+00	1
3	48	18	33	5.00000000000000e-02	0.00000000000000e+00	0.00000000000000e+00	0.00000000000000e+00	1.08808507441863e+02	0.00000000000000e+00	1.37275895278552e+03	0.00000000000000e+00	1
4	49	19	34	5.00000000000000e-02	0.00000000000000e+00	0.00000000000000e+00	0.00000000000000e+00	1.09573644331417e+02	0.00000000000000e+00	1.58293937787230e+03	0.00000000000000e+00	1
5	50	20	35	5.00000000000000e-02	0.00000000000000e+00	0.00000000000000e+00	0.00000000000000e+00	1.09532309995894e+02	0.00000000000000e+00	1.80342890141049e+03	0.00000000000000e+00	1
6	51	21	36	5.00000000000000e-02	0.00000000000000e+00	0.00000000000000e+00	0.00000000000000e+00	1.10059612001196e+02	0.00000000000000e+00	1.69137544275435e+03	0.00000000000000e+00	1
7	52	22	37	5.00000000000000e-02	0.00000000000000e+00	0.00000000000000e+00	0.00000000000000e+00	1.10180848884819e+02	0.00000000000000e+00	1.83600766724999e+03	0.00000000000000e+00	1
8	53	23	38	5.00000000000000e-02	0.00000000000000e+00	0.00000000000000e+00	0.00000000000000e+00	1.09961507318925e+02	0.00000000000000e+00	1.88273589589252e+03	0.00000000000000e+00	1
9	54	24	39	5.00000000000000e-02	0.00000000000000e+00	0.00000000000000e+00	0.00000000000000e+00	1.09618275739594e+02	0.00000000000000e+00	1.91406103274928e+03	0.00000000000000e+00	1
10	55	25	40	5.00000000000000e-02	0.00000000000000e+00	0.00000000000000e+00	0.00000000000000e+00	1.09235215298288e+02	0.00000000000000e+00	1.78220520063912e+03	0.00000000000000e+00	1
11	56	26	41	5.00000000000000e-02	0.00000000000000e+00	0.00000000000000e+00	0.00000000000000e+00	1.09082152738140e+02	0.00000000000000e+00	1.73410789809751e+03	0.00000000000000e+00	1
12	57	27	42	5.00000000000000e-02	0.00000000000000e+00	0.00000000000000e+00	0.00000000000000e+00	1.08525486679350e+02	0.00000000000000e+00	1.83536123078067e+03	0.00000000000000e+00	1
13	58	28	43	5.00000000000000e-02	0.00000000000000e+00	0.00000000000000e+00	0.00000000000000e+00	1.08176752292912e+02	0.00000000000000e+00	2.01548698168725e+03	0.00000000000000e+00	1
14	59	29	44	5.00000000000000e-02	0.00000000000000e+00	0.00000000000000e+00	0.00000000000000e+00	1.07410458766718e+02	0.00000000000000e+00	1.81377628638253e+03	0.00000000000000e+00	1
15	60	30	45	5.00000000000000e-02	0.00000000000000e+00	0.00000000000000e+00	0.00000000000000e+00	1.06784901380365e+02	0.00000000000000e+00	1.77602028539478e+03	0.00000000000000e+00	1
16	61	31	46	5.00000000000000e-02	0.00000000000000e+00	0.00000000000000e+00	0.00000000000000e+00	1.05757141513092e+02	0.00000000000000e+00	1.59172080630297e+03	0.00000000000000e+00	1
17	62	32	47	5.00000000000000e-02	0.00000000000000e+00	0.00000000000000e+00	0.00000000000000e+00	1.04819547432470e+02	0.00000000000000e+00	1.59266152373653e+03	0.00000000000000e+00	1
18	63	33	48	5.00000000000000e-02	0.00000000000000e+00	0.00000000000000e+00	0.00000000000000e+00	1.03487753012312e+02	0.00000000000000e+00	1.57884081262672e+03	0.00000000000000e+00	1
19	64	34	49	5.00000000000000e-02	0.00000000000000e+00	0.00000000000000e+00	0.00000000000000e+00	1.01331695849502e+02	0.00000000000000e+00	1.36904712453725e+03	0.00000000000000e+00	1
20	65	35	50	5.00000000000000e-02	0.00000000000000e+00	0.00000000000000e+00	0.00000000000000e+00	9.91608031251487e+01	0.00000000000000e+00	1.32806184340132e+03	0.00000000000000e+00	1
21	66	36	51	5.00000000000000e-02	0.00000000000000e+00	0.00000000000000e+00	0.00000000000000e+00	9.73108210547213e+01	0.00000000000000e+00	1.19314526099435e+03	0.00000000000000e+00	1
22	67	37	52	5.00000000000000e-02	0.00000000000000e+00	0.00000000000000e+00	0.00000000000000e+00	9.60180038250758e+01	0.00000000000000e+00	1.20401274092820e+03	0.00000000000000e+00	1
23	68	38	53	5.00000000000000e-02	0.00000000000000e+00	0.00000000000000e+00	0.00000000000000e+00	9.49908741725792e+01	0.00000000000000e+00	1.18757101917204e+03	0.00000000000000e+00	1
24	69	39	54	5.00000000000000e-02	0.00000000000000e+00	0.00000000000000e+00	0.00000000000000e+00	9.45784487672484e+01	0.00000000000000e+00	1.13855351197897e+03	0.00000000000000e+00	1
25	70	40	55	5.00000000000000e-02	0.00000000000000e+00	0.00000000000000e+00	0.00000000000000e+00	9.43480100363991e+01	0.00000000000000e+00	1.16583935278155e+03	0.00000000000000e+00	1
26	71	41	56	5.00000000000000e-02	0.00000000000000e+00	0.00000000000000e+00	0.00000000000000e+00	9.43536195796121e+01	0.00000000000000e+00	1.09089945681602e+03	0.00000000000000e+00	1
27	72	42	57	5.00000000000000e-02	0.00000000000000e+00	0.00000000000000e+00	0.00000000000000e+00	9.49186480658457e+01	0.00000000000000e+00	1.07316863524094e+03	0.00000000000000e+00	1
1	49	17	33	5.00000000000000e-02	0.00000000000000e+00	0.00000000000000e+00	0.00000000000000e+00	1.15844608559521e+02	0.00000000000000e+00	1.44658329463414e+03	0.00000000000000e+00	1
2	50	18	34	5.00000000000000e-02	0.00000000000000e+00	0.00000000000000e+00	0.00000000000000e+00	1.16245683231520e+02	0.00000000000000e+00	1.53614720683553e+03	0.00000000000000e+00	1
3	51	19	35	5.00000000000000e-02	0.00000000000000e+00	0.00000000000000e+00	0.00000000000000e+00	1.16392297636420e+02	0.00000000000000e+00	1.67054531916335e+03	0.00000000000000e+00	1
4	52	20	36	5.00000000000000e-02	0.00000000000000e+00	0.00000000000000e+00	0.00000000000000e+00	1.16953948921950e+02	0.00000000000000e+00	1.67715399963463e+03	0.00000000000000e+00	1
5	53	21	37	5.00000000000000e-02	0.00000000000000e+00	0.00000000000000e+00	0.00000000000000e+00	1.17246443850020e+02	0.00000000000000e+00	1.68489194532099e+03	0.00000000000000e+00	1
6	54	22	38	5.00000000000000e-02	0.00000000000000e+00	0.00000000000000e+00	0.00000000000000e+00	1.16690522130779e+02	0.00000000000000e+00	1.77583444793981e+03	0.00000000000000e+00	1
7	55	23	39	5.00000000000000e-02	0.00000000000000e+00	0.00000000000000e+00	0.00000000000000e+00	1.16453692882152e+02	0.00000000000000e+00	1.87658615814383e+03	0.00000000000000e+00	1
8	56	24	40	5.00000000000000e-02	0.00000000000000e+00	0.00000000000000e+00	0.00000000000000e+00	1.16134591853331e+02	0.00000000000000e+00	1.80218532132496e+03	0.00000000000000e+00	1
9	57	25	41	5.00000000000000e-02	0.00000000000000e+00	0.00000000000000e+00	0.00000000000000e+00	1.15824157852126e+02	0.00000000000000e+00	1.70452465464989e+03	0.00000000000000e+00	1
10	58	26	42	5.00000000000000e-02	0.00000000000000e+00	0.00000000000000e+00	0.00000000000000e+00	1.15336869235638e+02	0.00000000000000e+00	1.81312635378829e+03	0.00000000000000e+00	1
11	59	27	43	5.00000000000000e-02	0.00000000000000e+00	0.00000000000000e+00	0.00000000000000e+00	1.14843483923164e+02	0.00000000000000e+00	1.80426031862407e+03	0.00000000000000e+00	1
12	60	28	44	5.00000000000000e-02	0.00000000000000e+00	0.00000000000000e+00	0.00000000000000e+00	1.14536865037247e+02	0.00000000000000e+00	1.97066299508999e+03	0.00000000000000e+00	1
13	61	29	45	5.00000000000000e-02	0.00000000000000e+00	0.00000000000000e+00	0.00000000000000e+00	1.13681718473131e+02	0.00000000000000e+00	1.57945578483790e+03	0.00000000000000e+00	1
14	62	30	46	5.00000000000000e-02	0.00000000000000e+00	0.00000000000000e+00	0.00000000000000e+00	1.12903281493876e+02	0.00000000000000e+00	1.68552016072074e+03	0.00000000000000e+00	1
15	63	31	47	5.00000000000000e-02	0.00000000000000e+00	0.00000000000000e+00	0.00000000000000e+00	1.12035400361334e+02	0.00000000000000e+00	1.50357255847384e+03	0.00000000000000e+00	1
16	64	32	48	5.00000000000000e-02	0.00000000000000e+00	0.00000000000000e+00	0.00000000000000e+00	1.11006607014333e+02	0.00000000000000e+00	1.59319233391594e+03	0.00000000000000e+00	1
17	65	33	49	5.00000000000000e-02	0.00000000000000e+00	0.00000000000000e+00	0.00000000000000e+00	1.09620086012705e+02	0.00000000000000e+00	1.61547422169404e+03	0.00000000000000e+00	1
18	66	34	50	5.00000000000000e-02	0.00000000000000e+00	0.00000000000000e+00	0.00000000000000e+00	1.07796964754466e+02	0.00000000000000e+00	1.34625763141481e+03	0.00000000000000e+00	1
19	67	35	51	5.00000000000000e-02	0.00000000000000e+00	0.00000000000000e+00	0.00000000000000e+00	1.05532260063252e+02	0.00000000000000e+00	1.22511848162091e+03	0.00000000000000e+00	1
20	68	36	52	5.00000000000000e-02	0.00000000000000e+00	0.00000000000000e+00	0.00000000000000e+00	1.03711917525611e+02	0.00000000000000e+00	1.24942085841330e+03	0.00000000000000e+00	1
21	69	37	53	5.00000000000000e-02	0.00000000000000e+00	0.00000000000000e+00	0.00000000000000e+00	1.02339989386071e+02	0.00000000000000e+00	1.17998636031489e+03	0.00000000000000e+00	1
22	70	38	54	5.00000000000000e-02	0.00000000000000e+00	0.00000000000000e+00	0.00000000000000e+00	1.01409997459437e+02	0.00000000000000e+00	1.16239702589648e+03	0.00000000000000e+00	1
23	71	39	55	5.00000000000000e-02	0.00000000000000e+00	0.00000000000000e+00	0.00000000000000e+00	1.00666023518390e+02	0.00000000000000e+00	1.16435724251505e+03	0.00000000000000e+00	1
24	72	40	56	5.00000000000000e-02	0.00000000000000e+00	0.00000000000000e+00	0.00000000000000e+00	1.00395567939458e+02	0.00000000000000e+00	1.18555856870380e+03	0.00000000000000e+00	1
1	52	18	35	5.00000000000000e-02	0.00000000000000e+00	0.00000000000000e+00	0.00000000000000e+00	1.23367799472880e+02	0.00000000000000e+00	1.58123651457166e+03	0.00000000000000e+00	1
2	53	19	36	5.00000000000000e-02	0.00000000000000e+00	0.00000000000000e+00	0.00000000000000e+00	1.23708084267796e+02	0.00000000000000e+00	1.84616429298053e+03	0.00000000000000e+00	1
3	54	20	37	5.00000000000000e-02	0.00000000000000e+00	0.00000000000000e+00	0.00000000000000e+00	1.23797026676436e+02	0.00000000000000e+00	1.81268699195183e+03	0.00000000000000e+00	1
4	55	21	38	5.00000000000000e-02	0.00000000000000e+00	0.00000000000000e+00	0.00000000000000e+00	1.23537288469563e+02	0.00000000000000e+00	1.73337939849787e+03	0.00000000000000e+00	1
5	56	22	39	5.00000000000000e-02	0.00000000000000e+00	0.00000000000000e+00	0.00000000000000e+00	1.23247937312196e+02	0.00000000000000e+00	1.77053520232644e+03	0.00000000000000e+00	1
6	57	23	40	5.00000000000000e-02	0.00000000000000e+00	0.00000000000000e+00	0.00000000000000e+00	1.22785823276165e+02	0.00000000000000e+00	1.77844412018982e+03	0.00000000000000e+00	1
7	58	24	41	5.00000000000000e-02	0.00000000000000e+00	0.00000000000000e+00	0.00000000000000e+00	1.22601480206312e+02	0.00000000000000e+00	2.03126535063264e+03	0.00000000000000e+00	1
8	59	25	42	5.00000000000000e-02	0.00000000000000e+00	0.00000000000000e+00	0.00000000000000e+00	1.22180589212853e+02	0.00000000000000e+00	1.75927538617119e+03	0.00000000000000e+00	1
9	60	26	43	5.00000000000000e-02	0.00000000000000e+00	0.00000000000000e+00	0.00000000000000e+00	1.21877610639916e+02	0.00000000000000e+00	1.77305339454696e+03	0.00000000000000e+00	1
10	61	27	44	5.00000000000000e-02	0.00000000000000e+00	0.00000000000000e+00	0.00000000000000e+00	1.21088563699822e+02	0.00000000000000e+00	1.88996150863372e+03	0.00000000000000e+00	1
11	62	28	45	5.00000000000000e-02	0.00000000000000e+00	0.00000000000000e+00	0.00000000000000e+00	1.20422345254575e+02	0.00000000000000e+00	1.78187480285767e+03	0.00000000000000e+00	1
12	63	29	46	5.00000000000000e-02	0.00000000000000e+00	0.00000000000000e+00	0.00000000000000e+00	1.19814661358781e+02	0.00000000000000e+00	1.81710521048933e+03	0.00000000000000e+00	1
13	64	30	47	5.00000000000000e-02	0.00000000000000e+00	0.00000000000000e+00	0.00000000000000e+00	1.19099034094949e+02	0.00000000000000e+00	1.68182309964704e+03	0.00000000000000e+00	1
14	65	31	48	5.00000000000000e-02	0.00000000000000e+00	0.00000000000000e+00	0.00000000000000e+00	1.18077434838145e+02	0.00000000000000e+00	1.68801548163195e+03	0.00000000000000e+00	1
15	66	32	49	5.00000000000000e-02	0.00000000000000e+00	0.00000000000000e+00	0.00000000000000e+00	1.17211668602565e+02	0.00000000000000e+00	1.68981285093417e+03	0.00000000000000e+00	1
16	67	33	50	5.00000000000000e-02	0.00000000000000e+00	0.00000000000000e+00	0.00000000000000e+00	1.16027640304205e+02	0.00000000000000e+00	1.45050769503003e+03	0.00000000000000e+00	1
17	68	34	51	5.00000000000000e-02	0.00000000000000e+00	0.00000000000000e+00	0.00000000000000e+00	1.13917504664129e+02	0.00000000000000e+00	1.45147690303898e+03	0.00000000000000e+00	1
18	69	35	52	5.00000000000000e-02	0.00000000000000e+00	0.00000000000000e+00	0.00000000000000e+00	1.11970992563862e+02	0.00000000000000e+00	1.22871377164503e+03	0.00000000000000e+00	1
19	70	36	53	5.00000000000000e-02	0.00000000000000e+00	0.00000000000000e+00	0.00000000000000e+00	1.10197288023556e+02	0.00000000000000e+00	1.20159813652502e+03	0.00000000000000e+00	1
20	71	37	54	5.00000000000000e-02	0.00000000000000e+00	0.00000000000000e+00	0.00000000000000e+00	1.08701765023145e+02	0.00000000000000e+00	1.19368422116552e+03	0.00000000000000e+00	1
21	72	38	55	5.00000000000000e-02	0.00000000000000e+00	0.00000000000000e+00	0.00000000000000e+00	1.07588477035977e+02	0.00000000000000e+00	1.11665393134692e+03	0.00000000000000e+00	1
1	55	19	37	5.00000000000000e-02	0.00000000000000e+00	0.00000000000000e+00	0.00000000000000e+00	1.30511319380939e+02	0.00000000000000e+00	1.77018689291036e+03	0.00000000000000e+00	1
2	56	20	38	5.00000000000000e-02	0.00000000000000e+00	0.00000000000000e+00	0.00000000000000e+00	1.30083187902380e+02	0.00000000000000e+00	1.78539809931448e+03	0.00000000000000e+00	1
3	57	21	39	5.00000000000000e-02	0.00000000000000e+00	0.00000000000000e+00	0.00000000000000e+00	1.29804104521495e+02	0.00000000000000e+00	1.87483436564583e+03	0.00000000000000e+00	1
4	58	22	40	5.00000000000000e-02	0.00000000000000e+00	0.00000000000000e+00	0.00000000000000e+00	1.29571730162641e+02	0.00000000000000e+00	1.69908575813917e+03	0.00000000000000e+00	1
5	59	23	41	5.00000000000000e-02	0.00000000000000e+00	0.00000000000000e+00	0.00000000000000e+00	1.29371948721458e+02	0.00000000000000e+00	1.79004569121390e+03	0.00000000000000e+00	1
6	60	24	42	5.00000000000000e-02	0.00000000000000e+00	0.00000000000000e+00	0.00000000000000e+00	1.29050304368120e+02	0.00000000000000e+00	1.84198921003024e+03	0.00000000000000e+00	1
7	61	25	43	5.00000000000000e-02	0.00000000000000e+00	0.00000000000000e+00	0.00000000000000e+00	1.28474359634913e+02	0.00000000000000e+00	1.90567147129732e+03	0.00000000000000e+00	1
8	62	26	44	5.00000000000000e-02	0.00000000000000e+00	0.00000000000000e+00	0.00000000000000e+00	1.27961185779158e+02	0.00000000000000e+00	1.75089403417954e+03	0.00000000000000e+00	1
9	63	27	45	5.00000000000000e-02	0.00000000000000e+00	0.00000000000000e+00	0.00000000000000e+00	1.27138022417797e+02	0.00000000000000e+00	1.87058113322861e+03	0.00000000000000e+00	1
10	64	28	46	5.00000000000000e-02	0.00000000000000e+00	0.00000000000000e+00	0.00000000000000e+00	1.26414568879482e+02	0.00000000000000e+00	1.80617296736995e+03	0.00000000000000e+00	1
11	65	29	47	5.00000000000000e-02	0.00000000000000e+00	0.00000000000000e+00	0.00000000000000e+00	1.25722176946425e+02	0.00000000000000e+00	1.72754875688212e+03	0.00000000000000e+00	1
12	66	30	48	5.00000000000000e-02	0.00000000000000e+00	0.00000000000000e+00	0.00000000000000e+00	1.25106756133676e+02	0.00000000000000e+00	1.70588805362862e+03	0.00000000000000e+00	1
13	67	31	49	5.00000000000000e-02	0.00000000000000e+00	0.00000000000000e+00	0.00000000000000e+00	1.24402856944771e+02	0.00000000000000e+00	1.67413078292449e+03	0.00000000000000e+00	1
14	68	32	50	5.00000000000000e-02	0.00000000000000e+00	0.00000000000000e+00	0.00000000000000e+00	1.23601882803156e+02	0.00000000000000e+00	1.56979491284200e+03	0.00000000000000e+00	1
15	69	33	51	5.00000000000000e-02	0.00000000000000e+00	0.00000000000000e+00	0.00000000000000e+00	1.22243392858535e+02	0.00000000000000e+00	1.39943039418002e+03	0.00000000000000e+00	1
16	70	34	52	5.00000000000000e-02	0.00000000000000e+00	0.00000000000000e+00	0.00000000000000e+00	1.20190335994376e+02	0.00000000000000e+00	1.35255288362158e+03	0.00000000000000e+00	1
17	71	35	53	5.00000000000000e-02	0.00000000000000e+00	0.00000000000000e+00	0.00000000000000e+00	1.18046628493600e+02	0.00000000000000e+00	1.22753493671778e+03	0.00000000000000e+00	1
18	72	36	54	5.00000000000000e-02	0.00000000000000e+00	0.00000000000000e+00	0.00000000000000e+00	1.16571334940082e+02	0.00000000000000e+00	1.19342325342472e+03	0.00000000000000e+00	1
1	58	20	39	5.00000000000000e-02	0.00000000000000e+00	0.00000000000000e+00	0.00000000000000e+00	1.36536569344894e+02	0.00000000000000e+00	1.82667286753311e+03	0.00000000000000e+00	1
2	59	21	40	5.00000000000000e-02	0.00000000000000e+00	0.00000000000000e+00	0.00000000000000e+00	1.36174335647584e+02	0.00000000000000e+00	1.69979182542254e+03	0.00000000000000e+00	1
3	60	22	41	5.00000000000000e-02	0.00000000000000e+00	0.00000000000000e+00	0.00000000000000e+00	1.36145367664001e+02	0.00000000000000e+00	1.72139069552428e+03	0.00000000000000e+00	1
4	61	23	42	5.00000000000000e-02	0.00000000000000e+00	0.00000000000000e+00	0.00000000000000e+00	1.35685854565020e+02	0.00000000000000e+00	1.86700044706773e+03	0.00000000000000e+00	1
5	62	24	43	5.00000000000000e-02	0.00000000000000e+00	0.00000000000000e+00	0.00000000000000e+00	1.35201536467836e+02	0.00000000000000e+00	1.96652940065905e+03	0.00000000000000e+00	1
6	63	25	44	5.00000000000000e-02	0.00000000000000e+00	0.00000000000000e+00	0.00000000000000e+00	1.34582819130040e+02	0.00000000000000e+00	1.82365390883652e+03	0.00000000000000e+00	1
7	64	26	45	5.00000000000000e-02	0.00000000000000e+00	0.00000000000000e+00	0.00000000000000e+00	1.33741920681884e+02	0.00000000000000e+00	1.85358160115872e+03	0.00000000000000e+00	1
8	65	27	46	5.00000000000000e-02	0.00000000000000e+00	0.00000000000000e+00	0.00000000000000e+00	1.33080007622740e+02	0.00000000000000e+00	1.79632536120586e+03	0.00000000000000e+00	1
9	66	28	47	5.00000000000000e-02	0.00000000000000e+00	0.00000000000000e+00	0.00000000000000e+00	1.32438951849914e+02	0.00000000000000e+00	1.73647086851139e+03	0.00000000000000e+00	1
10	67	29	48	5.00000000000000e-02	0.00000000000000e+00	0.00000000000000e+00	0.00000000000000e+00	1.31800376644583e+02	0.00000000000000e+00	1.77422692479111e+03	0.00000000000000e+00	1
11	68	30	49	5.00000000000000e-02	0.00000000000000e+00	0.00000000000000e+00	0.00000000000000e+00	1.31280538022985e+02	0.00000000000000e+00	1.63668781882921e+03	0.00000000000000e+00	1
12	69	31	50	5.00000000000000e-02	0.00000000000000e+00	0.00000000000000e+00	0.00000000000000e+00	1.30790866455230e+02	0.00000000000000e+00	1.73635718076059e+03	0.00000000000000e+00	1
13	70	32	51	5.00000000000000e-02	0.00000000000000e+00	0.00000000000000e+00	0.00000000000000e+00	1.29776826099135e+02	0.00000000000000e+00	1.61693946855568e+03	0.00000000000000e+00	1
14	71	33	52	5.00000000000000e-02	0.00000000000000e+00	0.00000000000000e+00	0.00000000000000e+00	1.28260183316589e+02	0.00000000000000e+00	1.50856131486058e+03	0.00000000000000e+00	1
15	72	34	53	5.00000000000000e-02	0.00000000000000e+00	0.00000000000000e+00	0.00000000000000e+00	1.26307826332879e+02	0.00000000000000e+00	1.32568243392983e+03	0.00000000000000e+00	1
1	61	21	41	5.00000000000000e-02	0.00000000000000e+00	0.00000000000000e+00	0.00000000000000e+00	1.42807448659125e+02	0.00000000000000e+00	1.83646724390678e+03	0.00000000000000e+00	1
2	62	22	42	5.00000000000000e-02	0.00000000000000e+00	0.00000000000000e+00	0.00000000000000e+00	1.42234681321605e+02	0.00000000000000e+00	1.92447270668807e+03	0.00000000000000e+00	1
3	63	23	43	5.00000000000000e-02	0.00000000000000e+00	0.00000000000000e+00	0.00000000000000e+00	1.41754523867413e+02	0.00000000000000e+00	1.82181840101474e+03	0.00000000000000e+00	1
4	64	24	44	5.00000000000000e-02	0.00000000000000e+00	0.00000000000000e+00	0.00000000000000e+00	1.41155036749213e+02	0.00000000000000e+00	1.90778344083388e+03	0.00000000000000e+00	1
5	65	25	45	5.00000000000000e-02	0.00000000000000e+00	0.00000000000000e+00	0.00000000000000e+00	1.40338787862165e+02	0.00000000000000e+00	1.88450059511319e+03	0.00000000000000e+00	1
6	66	26	46	5.00000000000000e-02	0.00000000000000e+00	0.00000000000000e+00	0.00000000000000e+00	1.39663834468358e+02	0.00000000000000e+00	1.75128933701047e+03	0.00000000000000e+00	1
7	67	27	47	5.00000000000000e-02	0.00000000000000e+00	0.00000000000000e+00	0.00000000000000e+00	1.39052804883628e+02	0.00000000000000e+00	1.72277578757766e+03	0.00000000000000e+00	1
8	68	28	48	5.00000000000000e-02	0.00000000000000e+00	0.00000000000000e+00	0.00000000000000e+00	1.38613395120797e+02	0.00000000000000e+00	1.64515377968295e+03	0.00000000000000e+00	1
9	69	29	49	5.00000000000000e-02	0.00000000000000e+00	0.00000000000000e+00	0.00000000000000e+00	1.38125333948174e+02	0.00000000000000e+00	1.73836271632650e+03	0.00000000000000e+00	1
10	70	30	50	5.00000000000000e-02	0.00000000000000e+00	0.00000000000000e+00	0.00000000000000e+00	1.37565576029715e+02	0.00000000000000e+00	1.62658101436009e+03	0.00000000000000e+00	1
11	71	31	51	5.00000000000000e-02	0.00000000000000e+00	0.00000000000000e+00	0.00000000000000e+00	1.36568982488809e+02	0.00000000000000e+00	1.77772130620293e+03	0.00000000000000e+00	1
12	72	32	52	5.00000000000000e-02	0.00000000000000e+00	0.00000000000000e+00	0.00000000000000e+00	1.35726271350931e+02	0.00000000000000e+00	1.68858978277435e+03	0.00000000000000e+00	1
1	64	22	43	5.00000000000000e-02	0.00000000000000e+00	0.00000000000000e+00	0.00000000000000e+00	1.48351418437189e+02	0.00000000000000e+00	1.82805524740453e+03	0.00000000000000e+00	1
2	65	23	44	5.00000000000000e-02	0.00000000000000e+00	0.00000000000000e+00	0.00000000000000e+00	1.47598561153959e+02	0.00000000000000e+00	1.88758814744163e+03	0.00000000000000e+00	1
3	66	24	45	5.00000000000000e-02	0.00000000000000e+00	0.00000000000000e+00	0.00000000000000e+00	1.46788134720645e+02	0.00000000000000e+00	1.76051545391116e+03	0.00000000000000e+00	1
4	67	25	46	5.00000000000000e-02	0.00000000000000e+00	0.00000000000000e+00	0.00000000000000e+00	1.46333459423110e+02	0.00000000000000e+00	1.90737944005431e+03	0.00000000000000e+00	1
5	68	26	47	5.00000000000000e-02	0.00000000000000e+00	0.00000000000000e+00	0.00000000000000e+00	1.45762947639119e+02	0.00000000000000e+00	1.75725676573595e+03	0.00000000000000e+00	1
6	69	27	48	5.00000000000000e-02	0.00000000000000e+00	0.00000000000000e+00	0.00000000000000e+00	1.45243370765900e+02	0.00000000000000e+00	1.87231588097497e+03	0.00000000000000e+00	1
7	70	28	49	5.00000000000000e-02	0.00000000000000e+00	0.00000000000000e+00	0.00000000000000e+00	1.44708919673911e+02	0.00000000000000e+00	1.72853325926984e+03	0.00000000000000e+00	1
8	71	29	50	5.00000000000000e-02	0.00000000000000e+00	0.00000000000000e+00	0.00000000000000e+00	1.44247105868364e+02	0.00000000000000e+00	1.77435793229295e+03	0.00000000000000e+00	1
9	72	30	51	5.00000000000000e-02	0.00000000000000e+00	0.00000000000000e+00	0.00000000000000e+00	1.43434091582815e+02	0.00000000000000e+00	1.65960037408167e+03	0.00000000000000e+00	1
1	67	23	45	5.00000000000000e-02	0.00000000000000e+00	0.00000000000000e+00	0.00000000000000e+00	1.53522137367501e+02	0.00000000000000e+00	1.71352779568322e+03	0.00000000000000e+00	1
2	68	24	46	5.00000000000000e-02	0.00000000000000e+00	0.00000000000000e+00	0.00000000000000e+00	1.52833412122695e+02	0.00000000000000e+00	1.80796991628489e+03	0.00000000000000e+00	1
3	69	25	47	5.00000000000000e-02	0.00000000000000e+00	0.00000000000000e+00	0.00000000000000e+00	1.52341253373727e+02	0.00000000000000e+00	1.79926629214905e+03	0.00000000000000e+00	1
4	70	26	48	5.00000000000000e-02	0.00000000000000e+00	0.00000000000000e+00	0.00000000000000e+00	1.51847376223717e+02	0.00000000000000e+00	1.87917920849989e+03	0.00000000000000e+00	1
5	71	27	49	5.00000000000000e-02	0.00000000000000e+00	0.00000000000000e+00	0.00000000000000e+00	1.51203402695425e+02	0.00000000000000e+00	1.66139866735533e+03	0.00000000000000e+00	1
6	72	28	50	5.00000000000000e-02	0.00000000000000e+00	0.00000000000000e+00	0.00000000000000e+00	1.50779619373587e+02	0.00000000000000e+00	1.79069196344081e+03	0.00000000000000e+00	1
1	70	24	47	5.00000000000000e-02	0.00000000000000e+00	0.00000000000000e+00	0.00000000000000e+00	1.58951698710259e+02	0.00000000000000e+00	1.70510657369627e+03	0.00000000000000e+00	1
2	71	25	48	5.00000000000000e-02	0.00000000000000e+00	0.00000000000000e+00	0.00000000000000e+00	1.58204409018153e+02	0.00000000000000e+00	1.71173925983661e+03	0.00000000000000e+00	1
3	72	26	49	5.00000000000000e-02	0.00000000000000e+00	0.00000000000000e+00	0.00000000000000e+00	1.57647754383555e+02	0.00000000000000e+00	1.79488270639542e+03	0.00000000000000e+00	1
0
