72
# x y z
15	1614.4504011345	0
16	1614.2319056219	0
17	1614.0193432087	0
18	1613.8715475216	0
19	1613.677567062	0
20	1613.4462301696	0
21	1613.2088247846	0
22	1613.0332165562	0
23	1612.7736051746	0
24	1612.5006026039	0
25	1612.2806583294	0
26	1612.0498767968	0
27	1611.7967453603	0
28	1611.5000401161	0
29	1611.2274573432	0
30	1610.9298458469	0
31	1610.6562361952	0
32	1610.3914204873	0
33	1610.046830799	0
34	1609.6502162307	0
35	1609.2782189419	0
36	1608.9763369834	0
37	1608.6434815476	0
38	1608.3182909071	0
39	1607.9596754563	0
40	1607.5801356838	0
41	1607.20700105	0
42	1606.7574373312	0
43	1606.3365870777	0
44	1605.8973965892	0
45	1605.5562398336	0
46	1605.2222511879	0
47	1605.1614595434	0
48	1605.579622935	0
49	1606.2438540699	0
50	1606.7498152276	0
51	1607.2853387336	0
52	1607.9657749319	0
53	1608.5348420884	0
54	1609.1151916588	0
55	1609.6102625703	0
56	1610.1900385369	0
57	1610.7455974721	0
58	1611.333471272	0
59	1611.9590682693	0
60	1612.5303002766	0
61	1613.085733314	0
62	1613.62799927	0
63	1614.1418846871	0
64	1614.6125950876	0
65	1615.1952440658	0
66	1615.734933636	0
67	1616.2662928098	0
68	1616.7240572403	0
69	1617.1946354825	0
70	1617.6285562261	0
71	1618.03363845	0
72	1618.4851495703	0
73	1618.8862453393	0
74	1619.3845911669	0
75	1619.752646311	0
76	1620.1351448518	0
77	1620.5217694831	0
78	1620.8608228181	0
79	1621.1723277594	0
80	1621.5122411818	0
81	1621.8868909629	0
82	1622.2233267249	0
83	1622.6214608988	0
84	1622.9385097492	0
85	1623.1966523697	0
86	1623.5047150352	0
828
# a b m n err i ip iperr k r rhoa u valid 
1	4	2	3	5.00000000000000e-02	0.00000000000000e+00	0.00000000000000e+00	0.00000000000000e+00	6.37658193026522e+00	0.00000000000000e+00	1.94019170875353e+03	0.00000000000000e+00	1
2	5	3	4	5.00000000000000e-02	0.00000000000000e+00	0.00000000000000e+00	0.00000000000000e+00	6.44485213767894e+00	0.00000000000000e+00	1.82073214805887e+03	0.00000000000000e+00	1
3	6	4	5	5.00000000000000e-02	0.00000000000000e+00	0.00000000000000e+00	0.00000000000000e+00	6.40093195668446e+00	0.00000000000000e+00	1.76851337632396e+03	0.00000000000000e+00	1
4	7	5	6	5.00000000000000e-02	0.00000000000000e+00	0.00000000000000e+00	0.00000000000000e+00	6.41936795268404e+00	0.00000000000000e+00	1.79345725744437e+03	0.00000000000000e+00	1
5	8	6	7	5.00000000000000e-02	0.00000000000000e+00	0.00000000000000e+00	0.00000000000000e+00	6.39365590878686e+00	0.00000000000000e+00	1.77335232299068e+03	0.00000000000000e+00	1
6	9	7	8	5.00000000000000e-02	0.00000000000000e+00	0.00000000000000e+00	0.00000000000000e+00	6.52705406157310e+00	0.00000000000000e+00	1.77761879492410e+03	0.00000000000000e+00	1
7	10	8	9	5.00000000000000e-02	0.00000000000000e+00	0.00000000000000e+00	0.00000000000000e+00	6.42519347150228e+00	0.00000000000000e+00	1.43901034588173e+03	0.00000000000000e+00	1
8	11	9	10	5.00000000000000e-02	0.00000000000000e+00	0.00000000000000e+00	0.00000000000000e+00	6.43810005624512e+00	0.00000000000000e+00	1.64314965702720e+03	0.00000000000000e+00	1
9	12	10	11	5.00000000000000e-02	0.00000000000000e+00	0.00000000000000e+00	0.00000000000000e+00	6.50536571136670e+00	0.00000000000000e+00	1.46058092310324e+03	0.00000000000000e+00	1
10	13	11	12	5.00000000000000e-02	0.00000000000000e+00	0.00000000000000e+00	0.00000000000000e+00	6.46194929005950e+00	0.00000000000000e+00	1.64881485268775e+03	0.00000000000000e+00	1
11	14	12	13	5.00000000000000e-02	0.00000000000000e+00	0.00000000000000e+00	0.00000000000000e+00	6.51114025975022e+00	0.00000000000000e+00	1.39774594021231e+03	0.00000000000000e+00	1
12	15	13	14	5.00000000000000e-02	0.00000000000000e+00	0.00000000000000e+00	0.00000000000000e+00	6.46942211728359e+00	0.00000000000000e+00	1.61366945741714e+03	0.00000000000000e+00	1
13	16	14	15	5.00000000000000e-02	0.00000000000000e+00	0.00000000000000e+00	0.00000000000000e+00	6.57644658572323e+00	0.00000000000000e+00	1.30665478558818e+03	0.00000000000000e+00	1
14	17	15	16	5.00000000000000e-02	0.00000000000000e+00	0.00000000000000e+00	0.00000000000000e+00	6.49269667412989e+00	0.00000000000000e+00	1.25747277464869e+03	0.00000000000000e+00	1
15	18	16	17	5.00000000000000e-02	0.00000000000000e+00	0.00000000000000e+00	0.00000000000000e+00	6.53444923652868e+00	0.00000000000000e+00	1.41073841623599e+03	0.00000000000000e+00	1
16	19	17	18	5.00000000000000e-02	0.00000000000000e+00	0.00000000000000e+00	0.00000000000000e+00	6.62161599247115e+00	0.00000000000000e+00	1.16200828289946e+03	0.00000000000000e+00	1
17	20	18	19	5.00000000000000e-02	0.00000000000000e+00	0.00000000000000e+00	0.00000000000000e+00	6.62009361526636e+00	0.00000000000000e+00	1.23686529525214e+03	0.00000000000000e+00	1
18	21	19	20	5.00000000000000e-02	0.00000000000000e+00	0.00000000000000e+00	0.00000000000000e+00	6.63389764068563e+00	0.00000000000000e+00	1.21029419496263e+03	0.00000000000000e+00	1
19	22	20	21	5.00000000000000e-02	0.00000000000000e+00	0.00000000000000e+00	0.00000000000000e+00	6.63946449113953e+00	0.00000000000000e+00	1.19997790709534e+03	0.00000000000000e+00	1
20	23	21	22	5.00000000000000e-02	0.00000000000000e+00	0.00000000000000e+00	0.00000000000000e+00	6.71517835511151e+00	0.00000000000000e+00	1.20113246095742e+03	0.00000000000000e+00	1
21	24	22	23	5.00000000000000e-02	0.00000000000000e+00	0.00000000000000e+00	0.00000000000000e+00	6.56699230531933e+00	0.00000000000000e+00	1.15142247468811e+03	0.00000000000000e+00	1
22	25	23	24	5.00000000000000e-02	0.00000000000000e+00	0.00000000000000e+00	0.00000000000000e+00	6.66963895470413e+00	0.00000000000000e+00	1.15936513946283e+03	0.00000000000000e+00	1
23	26	24	25	5.00000000000000e-02	0.00000000000000e+00	0.00000000000000e+00	0.00000000000000e+00	6.65786123787029e+00	0.00000000000000e+00	1.12986355504407e+03	0.00000000000000e+00	1
24	27	25	26	5.00000000000000e-02	0.00000000000000e+00	0.00000000000000e+00	0.00000000000000e+00	6.67589880249908e+00	0.00000000000000e+00	1.19817271158077e+03	0.00000000000000e+00	1
25	28	26	27	5.00000000000000e-02	0.00000000000000e+00	0.00000000000000e+00	0.00000000000000e+00	6.85464674103231e+00	0.00000000000000e+00	1.13090377160579e+03	0.00000000000000e+00	1
26	29	27	28	5.00000000000000e-02	0.00000000000000e+00	0.00000000000000e+00	0.00000000000000e+00	6.70039155564159e+00	0.00000000000000e+00	1.29325856106480e+03	0.00000000000000e+00	1
27	30	28	29	5.00000000000000e-02	0.00000000000000e+00	0.00000000000000e+00	0.00000000000000e+00	6.90563625554551e+00	0.00000000000000e+00	1.09095406736975e+03	0.00000000000000e+00	1
28	31	29	30	5.00000000000000e-02	0.00000000000000e+00	0.00000000000000e+00	0.00000000000000e+00	6.66290735240662e+00	0.00000000000000e+00	1.46789396700615e+03	0.00000000000000e+00	1
29	32	30	31	5.00000000000000e-02	0.00000000000000e+00	0.00000000000000e+00	0.00000000000000e+00	6.79594543735803e+00	0.00000000000000e+00	1.27813563213214e+03	0.00000000000000e+00	1
30	33	31	32	5.00000000000000e-02	0.00000000000000e+00	0.00000000000000e+00	0.00000000000000e+00	6.40928689301624e+00	0.00000000000000e+00	1.40190085839285e+03	0.00000000000000e+00	1
31	34	32	33	5.00000000000000e-02	0.00000000000000e+00	0.00000000000000e+00	0.00000000000000e+00	7.07292262246857e+00	0.00000000000000e+00	1.52737311632100e+03	0.00000000000000e+00	1
32	35	33	34	5.00000000000000e-02	0.00000000000000e+00	0.00000000000000e+00	0.00000000000000e+00	6.98747903126892e+00	0.00000000000000e+00	1.65520044352151e+03	0.00000000000000e+00	1
33	36	34	35	5.00000000000000e-02	0.00000000000000e+00	0.00000000000000e+00	0.00000000000000e+00	6.65884401733032e+00	0.00000000000000e+00	1.24733294705836e+03	0.00000000000000e+00	1
34	37	35	36	5.00000000000000e-02	0.00000000000000e+00	0.00000000000000e+00	0.00000000000000e+00	7.48440292751241e+00	0.00000000000000e+00	1.36032494035538e+03	0.00000000000000e+00	1
35	38	36	37	5.00000000000000e-02	0.00000000000000e+00	0.00000000000000e+00	0.00000000000000e+00	7.40645060618626e+00	0.00000000000000e+00	1.40331882955454e+03	0.00000000000000e+00	1
36	39	37	38	5.00000000000000e-02	0.00000000000000e+00	0.00000000000000e+00	0.00000000000000e+00	6.98601850493155e+00	0.00000000000000e+00	1.22044308211179e+03	0.00000000000000e+00	1
37	40	38	39	5.00000000000000e-02	0.00000000000000e+00	0.00000000000000e+00	0.00000000000000e+00	7.53285171014989e+00	0.00000000000000e+00	1.12086892790023e+03	0.00000000000000e+00	1
38	41	39	40	5.00000000000000e-02	0.00000000000000e+00	0.00000000000000e+00	0.00000000000000e+00	7.04842057575081e+00	0.00000000000000e+00	1.07637373281861e+03	0.00000000000000e+00	1
39	42	40	41	5.00000000000000e-02	0.00000000000000e+00	0.00000000000000e+00	0.00000000000000e+00	7.39881231698684e+00	0.00000000000000e+00	1.25374555553223e+03	0.00000000000000e+00	1
40	43	41	42	5.00000000000000e-02	0.00000000000000e+00	0.00000000000000e+00	0.00000000000000e+00	7.01959239173557e+00	0.00000000000000e+00	1.01575552734901e+03	0.00000000000000e+00	1
41	44	42	43	5.00000000000000e-02	0.00000000000000e+00	0.00000000000000e+00	0.00000000000000e+00	7.32055471210891e+00	0.00000000000000e+00	1.13026661353230e+03	0.00000000000000e+00	1
42	45	43	44	5.00000000000000e-02	0.00000000000000e+00	0.00000000000000e+00	0.00000000000000e+00	7.30273448881389e+00	0.00000000000000e+00	1.11512448854033e+03	0.00000000000000e+00	1
43	46	44	45	5.00000000000000e-02	0.00000000000000e+00	0.00000000000000e+00	0.00000000000000e+00	7.19007079687939e+00	0.00000000000000e+00	1.02073280776406e+03	0.00000000000000e+00	1
44	47	45	46	5.00000000000000e-02	0.00000000000000e+00	0.00000000000000e+00	0.00000000000000e+00	7.32908616858411e+00	0.00000000000000e+00	1.20178568067400e+03	0.00000000000000e+00	1
45	48	46	47	5.00000000000000e-02	0.00000000000000e+00	0.00000000000000e+00	0.00000000000000e+00	7.19365398459568e+00	0.00000000000000e+00	1.14338608185229e+03	0.00000000000000e+00	1
46	49	47	48	5.00000000000000e-02	0.00000000000000e+00	0.00000000000000e+00	0.00000000000000e+00	7.11430240700183e+00	0.00000000000000e+00	1.23773133825379e+03	0.00000000000000e+00	1
47	50	48	49	5.00000000000000e-02	0.00000000000000e+00	0.00000000000000e+00	0.00000000000000e+00	7.03507838559622e+00	0.00000000000000e+00	1.18540799758165e+03	0.00000000000000e+00	1
48	51	49	50	5.00000000000000e-02	0.00000000000000e+00	0.00000000000000e+00	0.00000000000000e+00	7.28494638616566e+00	0.00000000000000e+00	1.22102118689684e+03	0.00000000000000e+00	1
49	52	50	51	5.00000000000000e-02	0.00000000000000e+00	0.00000000000000e+00	0.00000000000000e+00	6.93227139360549e+00	0.00000000000000e+00	1.22231180935872e+03	0.00000000000000e+00	1
50	53	51	52	5.00000000000000e-02	0.00000000000000e+00	0.00000000000000e+00	0.00000000000000e+00	7.21954922437080e+00	0.00000000000000e+00	1.13952844487866e+03	0.00000000000000e+00	1
51	54	52	53	5.00000000000000e-02	0.00000000000000e+00	0.00000000000000e+00	0.00000000000000e+00	6.97882678771610e+00	0.00000000000000e+00	1.41739903354464e+03	0.00000000000000e+00	1
52	55	53	54	5.00000000000000e-02	0.00000000000000e+00	0.00000000000000e+00	0.00000000000000e+00	7.09011568001920e+00	0.00000000000000e+00	1.42010013323095e+03	0.00000000000000e+00	1
53	56	54	55	5.00000000000000e-02	0.00000000000000e+00	0.00000000000000e+00	0.00000000000000e+00	6.84801785116446e+00	0.00000000000000e+00	1.34807174787875e+03	0.00000000000000e+00	1
54	57	55	56	5.00000000000000e-02	0.00000000000000e+00	0.00000000000000e+00	0.00000000000000e+00	6.86674769432960e+00	0.00000000000000e+00	1.54185427180473e+03	0.00000000000000e+00	1
55	58	56	57	5.00000000000000e-02	0.00000000000000e+00	0.00000000000000e+00	0.00000000000000e+00	6.91925121450501e+00	0.00000000000000e+00	1.54329956539203e+03	0.00000000000000e+00	1
56	59	57	58	5.00000000000000e-02	0.00000000000000e+00	0.00000000000000e+00	0.00000000000000e+00	6.71709975014970e+00	0.00000000000000e+00	1.40570442814912e+03	0.00000000000000e+00	1
57	60	58	59	5.00000000000000e-02	0.00000000000000e+00	0.00000000000000e+00	0.00000000000000e+00	7.05606222124478e+00	0.00000000000000e+00	1.52335690660342e+03	0.00000000000000e+00	1
58	61	59	60	5.00000000000000e-02	0.00000000000000e+00	0.00000000000000e+00	0.00000000000000e+00	6.60156830580367e+00	0.00000000000000e+00	1.66734643923534e+03	0.00000000000000e+00	1
59	62	60	61	5.00000000000000e-02	0.00000000000000e+00	0.00000000000000e+00	0.00000000000000e+00	6.96504155269635e+00	0.00000000000000e+00	1.52666513077629e+03	0.00000000000000e+00	1
60	63	61	62	5.00000000000000e-02	0.00000000000000e+00	0.00000000000000e+00	0.00000000000000e+00	6.71016985535849e+00	0.00000000000000e+00	1.73144482244467e+03	0.00000000000000e+00	1
61	64	62	63	5.00000000000000e-02	0.00000000000000e+00	0.00000000000000e+00	0.00000000000000e+00	6.65342213777378e+00	0.00000000000000e+00	1.79501181715485e+03	0.00000000000000e+00	1
62	65	63	64	5.00000000000000e-02	0.00000000000000e+00	0.00000000000000e+00	0.00000000000000e+00	6.67025087999708e+00	0.00000000000000e+00	1.77081952256312e+03	0.00000000000000e+00	1
63	66	64	65	5.00000000000000e-02	0.00000000000000e+00	0.00000000000000e+00	0.00000000000000e+00	6.66334563062040e+00	0.00000000000000e+00	1.78609655465330e+03	0.00000000000000e+00	1
64	67	65	66	5.00000000000000e-02	0.00000000000000e+00	0.00000000000000e+00	0.00000000000000e+00	6.64944382849763e+00	0.00000000000000e+00	1.67541445424936e+03	0.00000000000000e+00	1
65	68	66	67	5.00000000000000e-02	0.00000000000000e+00	0.00000000000000e+00	0.00000000000000e+00	6.59558047398239e+00	0.00000000000000e+00	1.83389975443405e+03	0.00000000000000e+00	1
66	69	67	68	5.00000000000000e-02	0.00000000000000e+00	0.00000000000000e+00	0.00000000000000e+00	6.79221672116468e+00	0.00000000000000e+00	1.61095381858425e+03	0.00000000000000e+00	1
67	70	68	69	5.00000000000000e-02	0.00000000000000e+00	0.00000000000000e+00	0.00000000000000e+00	6.53894655989902e+00	0.00000000000000e+00	1.85101431788271e+03	0.00000000000000e+00	1
68	71	69	70	5.00000000000000e-02	0.00000000000000e+00	0.00000000000000e+00	0.00000000000000e+00	6.64180407788749e+00	0.00000000000000e+00	1.60909482810330e+03	0.00000000000000e+00	1
69	72	70	71	5.00000000000000e-02	0.00000000000000e+00	0.00000000000000e+00	0.00000000000000e+00	6.63271695983180e+00	0.00000000000000e+00	1.72522729417106e+03	0.00000000000000e+00	1
1	7	3	5	5.00000000000000e-02	0.00000000000000e+00	0.00000000000000e+00	0.00000000000000e+00	1.29522454008550e+01	0.00000000000000e+00	1.14514994424248e+03	0.00000000000000e+00	1
2	8	4	6	5.00000000000000e-02	0.00000000000000e+00	0.00000000000000e+00	0.00000000000000e+00	1.27772517864704e+01	0.00000000000000e+00	1.13647628249671e+03	0.00000000000000e+00	1
3	9	5	7	5.00000000000000e-02	0.00000000000000e+00	0.00000000000000e+00	0.00000000000000e+00	1.27564325999066e+01	0.00000000000000e+00	1.04829038667539e+03	0.00000000000000e+00	1
4	10	6	8	5.00000000000000e-02	0.00000000000000e+00	0.00000000000000e+00	0.00000000000000e+00	1.29751751870607e+01	0.00000000000000e+00	1.25707068545971e+03	0.00000000000000e+00	1
5	11	7	9	5.00000000000000e-02	0.00000000000000e+00	0.00000000000000e+00	0.00000000000000e+00	1.29577023758370e+01	0.00000000000000e+00	9.87150402260524e+02	0.00000000000000e+00	1
6	12	8	10	5.00000000000000e-02	0.00000000000000e+00	0.00000000000000e+00	0.00000000000000e+00	1.27870884049875e+01	0.00000000000000e+00	1.01554664093984e+03	0.00000000000000e+00	1
7	13	9	11	5.00000000000000e-02	0.00000000000000e+00	0.00000000000000e+00	0.00000000000000e+00	1.28714039884436e+01	0.00000000000000e+00	1.08343486570138e+03	0.00000000000000e+00	1
8	14	10	12	5.00000000000000e-02	0.00000000000000e+00	0.00000000000000e+00	0.00000000000000e+00	1.30906731813582e+01	0.00000000000000e+00	1.12055775735395e+03	0.00000000000000e+00	1
9	15	11	13	5.00000000000000e-02	0.00000000000000e+00	0.00000000000000e+00	0.00000000000000e+00	1.30425179696987e+01	0.00000000000000e+00	1.00442526299123e+03	0.00000000000000e+00	1
10	16	12	14	5.00000000000000e-02	0.00000000000000e+00	0.00000000000000e+00	0.00000000000000e+00	1.29459696604423e+01	0.00000000000000e+00	1.04368477763918e+03	0.00000000000000e+00	1
11	17	13	15	5.00000000000000e-02	0.00000000000000e+00	0.00000000000000e+00	0.00000000000000e+00	1.29664155157668e+01	0.00000000000000e+00	1.01734496994119e+03	0.00000000000000e+00	1
12	18	14	16	5.00000000000000e-02	0.00000000000000e+00	0.00000000000000e+00	0.00000000000000e+00	1.30015540557001e+01	0.00000000000000e+00	1.02901127805932e+03	0.00000000000000e+00	1
13	19	15	17	5.00000000000000e-02	0.00000000000000e+00	0.00000000000000e+00	0.00000000000000e+00	1.31174265082936e+01	0.00000000000000e+00	1.02742386075719e+03	0.00000000000000e+00	1
14	20	16	18	5.00000000000000e-02	0.00000000000000e+00	0.00000000000000e+00	0.00000000000000e+00	1.33500536465494e+01	0.00000000000000e+00	1.03885055537973e+03	0.00000000000000e+00	1
15	21	17	19	5.00000000000000e-02	0.00000000000000e+00	0.00000000000000e+00	0.00000000000000e+00	1.33300291080853e+01	0.00000000000000e+00	9.89760276957940e+02	0.00000000000000e+00	1
16	22	18	20	5.00000000000000e-02	0.00000000000000e+00	0.00000000000000e+00	0.00000000000000e+00	1.30130293718535e+01	0.00000000000000e+00	1.00849465717661e+03	0.00000000000000e+00	1
17	23	19	21	5.00000000000000e-02	0.00000000000000e+00	0.00000000000000e+00	0.00000000000000e+00	1.30195919155040e+01	0.00000000000000e+00	1.10862040678088e+03	0.00000000000000e+00	1
18	24	20	22	5.00000000000000e-02	0.00000000000000e+00	0.00000000000000e+00	0.00000000000000e+00	1.33426684123455e+01	0.00000000000000e+00	1.15131167440974e+03	0.00000000000000e+00	1
19	25	21	23	5.00000000000000e-02	0.00000000000000e+00	0.00000000000000e+00	0.00000000000000e+00	1.34688755133346e+01	0.00000000000000e+00	1.03038404928326e+03	0.00000000000000e+00	1
20	26	22	24	5.00000000000000e-02	0.00000000000000e+00	0.00000000000000e+00	0.00000000000000e+00	1.33779336547730e+01	0.00000000000000e+00	1.12611391099017e+03	0.00000000000000e+00	1
21	27	23	25	5.00000000000000e-02	0.00000000000000e+00	0.00000000000000e+00	0.00000000000000e+00	1.33171198846967e+01	0.00000000000000e+00	1.14565871656951e+03	0.00000000000000e+00	1
22	28	24	26	5.00000000000000e-02	0.00000000000000e+00	0.00000000000000e+00	0.00000000000000e+00	1.34133517250282e+01	0.00000000000000e+00	1.24640089891874e+03	0.00000000000000e+00	1
23	29	25	27	5.00000000000000e-02	0.00000000000000e+00	0.00000000000000e+00	0.00000000000000e+00	1.35229240572988e+01	0.00000000000000e+00	1.39669224621647e+03	0.00000000000000e+00	1
24	30	26	28	5.00000000000000e-02	0.00000000000000e+00	0.00000000000000e+00	0.00000000000000e+00	1.35102852396690e+01	0.00000000000000e+00	1.40909945863758e+03	0.00000000000000e+00	1
25	31	27	29	5.00000000000000e-02	0.00000000000000e+00	0.00000000000000e+00	0.00000000000000e+00	1.33398395413603e+01	0.00000000000000e+00	1.48567328016897e+03	0.00000000000000e+00	1
26	32	28	30	5.00000000000000e-02	0.00000000000000e+00	0.00000000000000e+00	0.00000000000000e+00	1.33032976164243e+01	0.00000000000000e+00	1.63763969126424e+03	0.00000000000000e+00	1
27	33	29	31	5.00000000000000e-02	0.00000000000000e+00	0.00000000000000e+00	0.00000000000000e+00	1.31435970295987e+01	0.00000000000000e+00	1.44241997800589e+03	0.00000000000000e+00	1
28	34	30	32	5.00000000000000e-02	0.00000000000000e+00	0.00000000000000e+00	0.00000000000000e+00	1.33992677626706e+01	0.00000000000000e+00	1.39886525843279e+03	0.00000000000000e+00	1
29	35	31	33	5.00000000000000e-02	0.00000000000000e+00	0.00000000000000e+00	0.00000000000000e+00	1.49855446162498e+01	0.00000000000000e+00	1.80567784337005e+03	0.00000000000000e+00	1
30	36	32	34	5.00000000000000e-02	0.00000000000000e+00	0.00000000000000e+00	0.00000000000000e+00	1.48703907839033e+01	0.00000000000000e+00	2.21248529705286e+03	0.00000000000000e+00	1
31	37	33	35	5.00000000000000e-02	0.00000000000000e+00	0.00000000000000e+00	0.00000000000000e+00	1.34596049619175e+01	0.00000000000000e+00	1.80817184141433e+03	0.00000000000000e+00	1
32	38	34	36	5.00000000000000e-02	0.00000000000000e+00	0.00000000000000e+00	0.00000000000000e+00	1.33347256728800e+01	0.00000000000000e+00	1.41993964484526e+03	0.00000000000000e+00	1
33	39	35	37	5.00000000000000e-02	0.00000000000000e+00	0.00000000000000e+00	0.00000000000000e+00	1.47479859006088e+01	0.00000000000000e+00	1.44093278204274e+03	0.00000000000000e+00	1
34	40	36	38	5.00000000000000e-02	0.00000000000000e+00	0.00000000000000e+00	0.00000000000000e+00	1.44383067381566e+01	0.00000000000000e+00	1.55915501319328e+03	0.00000000000000e+00	1
35	41	37	39	5.00000000000000e-02	0.00000000000000e+00	0.00000000000000e+00	0.00000000000000e+00	1.39388619712534e+01	0.00000000000000e+00	1.46589014528316e+03	0.00000000000000e+00	1
36	42	38	40	5.00000000000000e-02	0.00000000000000e+00	0.00000000000000e+00	0.00000000000000e+00	1.44780954904048e+01	0.00000000000000e+00	1.43343524792535e+03	0.00000000000000e+00	1
37	43	39	41	5.00000000000000e-02	0.00000000000000e+00	0.00000000000000e+00	0.00000000000000e+00	1.48215084854219e+01	0.00000000000000e+00	1.38439925890154e+03	0.00000000000000e+00	1
38	44	40	42	5.00000000000000e-02	0.00000000000000e+00	0.00000000000000e+00	0.00000000000000e+00	1.45966876440316e+01	0.00000000000000e+00	1.29184740688163e+03	0.00000000000000e+00	1
39	45	41	43	5.00000000000000e-02	0.00000000000000e+00	0.00000000000000e+00	0.00000000000000e+00	1.44954675478196e+01	0.00000000000000e+00	1.22893593536619e+03	0.00000000000000e+00	1
40	46	42	44	5.00000000000000e-02	0.00000000000000e+00	0.00000000000000e+00	0.00000000000000e+00	1.44421145525629e+01	0.00000000000000e+00	1.13737771077664e+03	0.00000000000000e+00	1
41	47	43	45	5.00000000000000e-02	0.00000000000000e+00	0.00000000000000e+00	0.00000000000000e+00	1.43095191859289e+01	0.00000000000000e+00	1.08917110803102e+03	0.00000000000000e+00	1
42	48	44	46	5.00000000000000e-02	0.00000000000000e+00	0.00000000000000e+00	0.00000000000000e+00	1.42880216158563e+01	0.00000000000000e+00	1.11586218681761e+03	0.00000000000000e+00	1
43	49	45	47	5.00000000000000e-02	0.00000000000000e+00	0.00000000000000e+00	0.00000000000000e+00	1.44649437205005e+01	0.00000000000000e+00	1.04523220054840e+03	0.00000000000000e+00	1
44	50	46	48	5.00000000000000e-02	0.00000000000000e+00	0.00000000000000e+00	0.00000000000000e+00	1.43116278215404e+01	0.00000000000000e+00	1.07782137571069e+03	0.00000000000000e+00	1
45	51	47	49	5.00000000000000e-02	0.00000000000000e+00	0.00000000000000e+00	0.00000000000000e+00	1.43634742491349e+01	0.00000000000000e+00	1.01013605448922e+03	0.00000000000000e+00	1
46	52	48	50	5.00000000000000e-02	0.00000000000000e+00	0.00000000000000e+00	0.00000000000000e+00	1.45642119964446e+01	0.00000000000000e+00	1.03760504586970e+03	0.00000000000000e+00	1
47	53	49	51	5.00000000000000e-02	0.00000000000000e+00	0.00000000000000e+00	0.00000000000000e+00	1.42479846068277e+01	0.00000000000000e+00	1.01476320266013e+03	0.00000000000000e+00	1
48	54	50	52	5.00000000000000e-02	0.00000000000000e+00	0.00000000000000e+00	0.00000000000000e+00	1.38246421516457e+01	0.00000000000000e+00	1.03460221938234e+03	0.00000000000000e+00	1
49	55	51	53	5.00000000000000e-02	0.00000000000000e+00	0.00000000000000e+00	0.00000000000000e+00	1.39161180539766e+01	0.00000000000000e+00	1.02332317116186e+03	0.00000000000000e+00	1
50	56	52	54	5.00000000000000e-02	0.00000000000000e+00	0.00000000000000e+00	0.00000000000000e+00	1.41333348973890e+01	0.00000000000000e+00	1.07295124564038e+03	0.00000000000000e+00	1
51	57	53	55	5.00000000000000e-02	0.00000000000000e+00	0.00000000000000e+00	0.00000000000000e+00	1.39764922254810e+01	0.00000000000000e+00	1.02482695020866e+03	0.00000000000000e+00	1
52	58	54	56	5.00000000000000e-02	0.00000000000000e+00	0.00000000000000e+00	0.00000000000000e+00	1.38690036882579e+01	0.00000000000000e+00	9.96761975405168e+02	0.00000000000000e+00	1
53	59	55	57	5.00000000000000e-02	0.00000000000000e+00	0.00000000000000e+00	0.00000000000000e+00	1.38230595031639e+01	0.00000000000000e+00	9.79854197433213e+02	0.00000000000000e+00	1
54	60	56	58	5.00000000000000e-02	0.00000000000000e+00	0.00000000000000e+00	0.00000000000000e+00	1.38436771743688e+01	0.00000000000000e+00	1.00749837599121e+03	0.00000000000000e+00	1
55	61	57	59	5.00000000000000e-02	0.00000000000000e+00	0.00000000000000e+00	0.00000000000000e+00	1.36612092058795e+01	0.00000000000000e+00	1.11991830051736e+03	0.00000000000000e+00	1
56	62	58	60	5.00000000000000e-02	0.00000000000000e+00	0.00000000000000e+00	0.00000000000000e+00	1.34337008252632e+01	0.00000000000000e+00	1.00676887918103e+03	0.00000000000000e+00	1
57	63	59	61	5.00000000000000e-02	0.00000000000000e+00	0.00000000000000e+00	0.00000000000000e+00	1.34965861431766e+01	0.00000000000000e+00	9.92113969390642e+02	0.00000000000000e+00	1
58	64	60	62	5.00000000000000e-02	0.00000000000000e+00	0.00000000000000e+00	0.00000000000000e+00	1.36478742079956e+01	0.00000000000000e+00	1.13712844009451e+03	0.00000000000000e+00	1
59	65	61	63	5.00000000000000e-02	0.00000000000000e+00	0.00000000000000e+00	0.00000000000000e+00	1.34464854921858e+01	0.00000000000000e+00	1.15517322949967e+03	0.00000000000000e+00	1
60	66	62	64	5.00000000000000e-02	0.00000000000000e+00	0.00000000000000e+00	0.00000000000000e+00	1.32943993393479e+01	0.00000000000000e+00	1.15963028048141e+03	0.00000000000000e+00	1
61	67	63	65	5.00000000000000e-02	0.00000000000000e+00	0.00000000000000e+00	0.00000000000000e+00	1.35026469362246e+01	0.00000000000000e+00	1.00742483821990e+03	0.00000000000000e+00	1
62	68	64	66	5.00000000000000e-02	0.00000000000000e+00	0.00000000000000e+00	0.00000000000000e+00	1.34228943962796e+01	0.00000000000000e+00	9.65856635661036e+02	0.00000000000000e+00	1
63	69	65	67	5.00000000000000e-02	0.00000000000000e+00	0.00000000000000e+00	0.00000000000000e+00	1.32788819459056e+01	0.00000000000000e+00	1.07606232790527e+03	0.00000000000000e+00	1
64	70	66	68	5.00000000000000e-02	0.00000000000000e+00	0.00000000000000e+00	0.00000000000000e+00	1.32529963474022e+01	0.00000000000000e+00	1.07983427682352e+03	0.00000000000000e+00	1
65	71	67	69	5.00000000000000e-02	0.00000000000000e+00	0.00000000000000e+00	0.00000000000000e+00	1.31245620535372e+01	0.00000000000000e+00	1.17660933069019e+03	0.00000000000000e+00	1
66	72	68	70	5.00000000000000e-02	0.00000000000000e+00	0.00000000000000e+00	0.00000000000000e+00	1.31271278923219e+01	0.00000000000000e+00	1.05331222300734e+03	0.00000000000000e+00	1
1	10	4	7	5.00000000000000e-02	0.00000000000000e+00	0.00000000000000e+00	0.00000000000000e+00	1.92721569381568e+01	0.00000000000000e+00	8.72798389972446e+02	0.00000000000000e+00	1
2	11	5	8	5.00000000000000e-02	0.00000000000000e+00	0.00000000000000e+00	0.00000000000000e+00	1.93127939431305e+01	0.00000000000000e+00	9.47520872172822e+02	0.00000000000000e+00	1
3	12	6	9	5.00000000000000e-02	0.00000000000000e+00	0.00000000000000e+00	0.00000000000000e+00	1.92774385131560e+01	0.00000000000000e+00	8.88075674974673e+02	0.00000000000000e+00	1
4	13	7	10	5.00000000000000e-02	0.00000000000000e+00	0.00000000000000e+00	0.00000000000000e+00	1.93154257090789e+01	0.00000000000000e+00	8.93359750611180e+02	0.00000000000000e+00	1
5	14	8	11	5.00000000000000e-02	0.00000000000000e+00	0.00000000000000e+00	0.00000000000000e+00	1.93514152561290e+01	0.00000000000000e+00	9.78951809186299e+02	0.00000000000000e+00	1
6	15	9	12	5.00000000000000e-02	0.00000000000000e+00	0.00000000000000e+00	0.00000000000000e+00	1.94521099373675e+01	0.00000000000000e+00	9.16953225316906e+02	0.00000000000000e+00	1
7	16	10	13	5.00000000000000e-02	0.00000000000000e+00	0.00000000000000e+00	0.00000000000000e+00	1.95628225056815e+01	0.00000000000000e+00	9.62871718708855e+02	0.00000000000000e+00	1
8	17	11	14	5.00000000000000e-02	0.00000000000000e+00	0.00000000000000e+00	0.00000000000000e+00	1.95224021748782e+01	0.00000000000000e+00	9.69623443430156e+02	0.00000000000000e+00	1
9	18	12	15	5.00000000000000e-02	0.00000000000000e+00	0.00000000000000e+00	0.00000000000000e+00	1.94466618534594e+01	0.00000000000000e+00	9.06788167978827e+02	0.00000000000000e+00	1
10	19	13	16	5.00000000000000e-02	0.00000000000000e+00	0.00000000000000e+00	0.00000000000000e+00	1.94491651510439e+01	0.00000000000000e+00	1.06461019144328e+03	0.00000000000000e+00	1
11	20	14	17	5.00000000000000e-02	0.00000000000000e+00	0.00000000000000e+00	0.00000000000000e+00	1.97284025878390e+01	0.00000000000000e+00	9.75593660765928e+02	0.00000000000000e+00	1
12	21	15	18	5.00000000000000e-02	0.00000000000000e+00	0.00000000000000e+00	0.00000000000000e+00	1.99573993841894e+01	0.00000000000000e+00	1.07688245629572e+03	0.00000000000000e+00	1
13	22	16	19	5.00000000000000e-02	0.00000000000000e+00	0.00000000000000e+00	0.00000000000000e+00	1.99025595250156e+01	0.00000000000000e+00	1.09256270120809e+03	0.00000000000000e+00	1
14	23	17	20	5.00000000000000e-02	0.00000000000000e+00	0.00000000000000e+00	0.00000000000000e+00	1.96586352619962e+01	0.00000000000000e+00	1.06776686824022e+03	0.00000000000000e+00	1
15	24	18	21	5.00000000000000e-02	0.00000000000000e+00	0.00000000000000e+00	0.00000000000000e+00	1.94806432310690e+01	0.00000000000000e+00	1.13876292749477e+03	0.00000000000000e+00	1
16	25	19	22	5.00000000000000e-02	0.00000000000000e+00	0.00000000000000e+00	0.00000000000000e+00	1.96611100713262e+01	0.00000000000000e+00	1.14208919385741e+03	0.00000000000000e+00	1
17	26	20	23	5.00000000000000e-02	0.00000000000000e+00	0.00000000000000e+00	0.00000000000000e+00	1.99686664585642e+01	0.00000000000000e+00	1.25005543474016e+03	0.00000000000000e+00	1
18	27	21	24	5.00000000000000e-02	0.00000000000000e+00	0.00000000000000e+00	0.00000000000000e+00	2.02672660035925e+01	0.00000000000000e+00	1.37804048389887e+03	0.00000000000000e+00	1
19	28	22	25	5.00000000000000e-02	0.00000000000000e+00	0.00000000000000e+00	0.00000000000000e+00	2.02929949333392e+01	0.00000000000000e+00	1.45355152136897e+03	0.00000000000000e+00	1
20	29	23	26	5.00000000000000e-02	0.00000000000000e+00	0.00000000000000e+00	0.00000000000000e+00	2.02146396445930e+01	0.00000000000000e+00	1.37079453643518e+03	0.00000000000000e+00	1
21	30	24	27	5.00000000000000e-02	0.00000000000000e+00	0.00000000000000e+00	0.00000000000000e+00	2.02118033352632e+01	0.00000000000000e+00	1.31670921390839e+03	0.00000000000000e+00	1
22	31	25	28	5.00000000000000e-02	0.00000000000000e+00	0.00000000000000e+00	0.00000000000000e+00	2.00029926696509e+01	0.00000000000000e+00	1.47589888736867e+03	0.00000000000000e+00	1
23	32	26	29	5.00000000000000e-02	0.00000000000000e+00	0.00000000000000e+00	0.00000000000000e+00	1.98853026180447e+01	0.00000000000000e+00	1.42759050383347e+03	0.00000000000000e+00	1
24	33	27	30	5.00000000000000e-02	0.00000000000000e+00	0.00000000000000e+00	0.00000000000000e+00	1.93925002630392e+01	0.00000000000000e+00	1.42759906890252e+03	0.00000000000000e+00	1
25	34	28	31	5.00000000000000e-02	0.00000000000000e+00	0.00000000000000e+00	0.00000000000000e+00	1.93641669517100e+01	0.00000000000000e+00	1.33113455597348e+03	0.00000000000000e+00	1
26	35	29	32	5.00000000000000e-02	0.00000000000000e+00	0.00000000000000e+00	0.00000000000000e+00	2.08258754825031e+01	0.00000000000000e+00	1.55617168574117e+03	0.00000000000000e+00	1
27	36	30	33	5.00000000000000e-02	0.00000000000000e+00	0.00000000000000e+00	0.00000000000000e+00	2.26564530388226e+01	0.00000000000000e+00	1.86553439744189e+03	0.00000000000000e+00	1
28	37	31	34	5.00000000000000e-02	0.00000000000000e+00	0.00000000000000e+00	0.00000000000000e+00	2.28043778172923e+01	0.00000000000000e+00	2.30260472238777e+03	0.00000000000000e+00	1
29	38	32	35	5.00000000000000e-02	0.00000000000000e+00	0.00000000000000e+00	0.00000000000000e+00	2.21745800945513e+01	0.00000000000000e+00	2.14200171837314e+03	0.00000000000000e+00	1
30	39	33	36	5.00000000000000e-02	0.00000000000000e+00	0.00000000000000e+00	0.00000000000000e+00	2.09505494322458e+01	0.00000000000000e+00	1.82465590740483e+03	0.00000000000000e+00	1
31	40	34	37	5.00000000000000e-02	0.00000000000000e+00	0.00000000000000e+00	0.00000000000000e+00	2.00001518165744e+01	0.00000000000000e+00	1.44374868780672e+03	0.00000000000000e+00	1
32	41	35	38	5.00000000000000e-02	0.00000000000000e+00	0.00000000000000e+00	0.00000000000000e+00	2.02087682186056e+01	0.00000000000000e+00	1.34141423705839e+03	0.00000000000000e+00	1
33	42	36	39	5.00000000000000e-02	0.00000000000000e+00	0.00000000000000e+00	0.00000000000000e+00	2.11851854216881e+01	0.00000000000000e+00	1.45939111535748e+03	0.00000000000000e+00	1
34	43	37	40	5.00000000000000e-02	0.00000000000000e+00	0.00000000000000e+00	0.00000000000000e+00	2.13222468089480e+01	0.00000000000000e+00	1.41947220766252e+03	0.00000000000000e+00	1
35	44	38	41	5.00000000000000e-02	0.00000000000000e+00	0.00000000000000e+00	0.00000000000000e+00	2.18583088002002e+01	0.00000000000000e+00	1.59177439103570e+03	0.00000000000000e+00	1
36	45	39	42	5.00000000000000e-02	0.00000000000000e+00	0.00000000000000e+00	0.00000000000000e+00	2.21042950439421e+01	0.00000000000000e+00	1.42144524486799e+03	0.00000000000000e+00	1
37	46	40	43	5.00000000000000e-02	0.00000000000000e+00	0.00000000000000e+00	0.00000000000000e+00	2.22948005502638e+01	0.00000000000000e+00	1.43677361612071e+03	0.00000000000000e+00	1
38	47	41	44	5.00000000000000e-02	0.00000000000000e+00	0.00000000000000e+00	0.00000000000000e+00	2.16234273939639e+01	0.00000000000000e+00	1.27068940683336e+03	0.00000000000000e+00	1
39	48	42	45	5.00000000000000e-02	0.00000000000000e+00	0.00000000000000e+00	0.00000000000000e+00	2.13867510530379e+01	0.00000000000000e+00	1.32703932216448e+03	0.00000000000000e+00	1
40	49	43	46	5.00000000000000e-02	0.00000000000000e+00	0.00000000000000e+00	0.00000000000000e+00	2.11817261452061e+01	0.00000000000000e+00	1.18254822121612e+03	0.00000000000000e+00	1
41	50	44	47	5.00000000000000e-02	0.00000000000000e+00	0.00000000000000e+00	0.00000000000000e+00	2.12524864228260e+01	0.00000000000000e+00	1.21897731120441e+03	0.00000000000000e+00	1
42	51	45	48	5.00000000000000e-02	0.00000000000000e+00	0.00000000000000e+00	0.00000000000000e+00	2.15711564383323e+01	0.00000000000000e+00	1.21427877402174e+03	0.00000000000000e+00	1
43	52	46	49	5.00000000000000e-02	0.00000000000000e+00	0.00000000000000e+00	0.00000000000000e+00	2.17546773383506e+01	0.00000000000000e+00	1.13010103983728e+03	0.00000000000000e+00	1
44	53	47	50	5.00000000000000e-02	0.00000000000000e+00	0.00000000000000e+00	0.00000000000000e+00	2.19503837256451e+01	0.00000000000000e+00	1.06790650009842e+03	0.00000000000000e+00	1
45	54	48	51	5.00000000000000e-02	0.00000000000000e+00	0.00000000000000e+00	0.00000000000000e+00	2.14089210566039e+01	0.00000000000000e+00	1.05375161369467e+03	0.00000000000000e+00	1
46	55	49	52	5.00000000000000e-02	0.00000000000000e+00	0.00000000000000e+00	0.00000000000000e+00	2.10969605339315e+01	0.00000000000000e+00	1.04198772432657e+03	0.00000000000000e+00	1
47	56	50	53	5.00000000000000e-02	0.00000000000000e+00	0.00000000000000e+00	0.00000000000000e+00	2.06405525441476e+01	0.00000000000000e+00	1.02873880149577e+03	0.00000000000000e+00	1
48	57	51	54	5.00000000000000e-02	0.00000000000000e+00	0.00000000000000e+00	0.00000000000000e+00	2.07934392233793e+01	0.00000000000000e+00	9.79675235374574e+02	0.00000000000000e+00	1
49	58	52	55	5.00000000000000e-02	0.00000000000000e+00	0.00000000000000e+00	0.00000000000000e+00	2.09055865882941e+01	0.00000000000000e+00	9.08135228925436e+02	0.00000000000000e+00	1
50	59	53	56	5.00000000000000e-02	0.00000000000000e+00	0.00000000000000e+00	0.00000000000000e+00	2.11072291851123e+01	0.00000000000000e+00	9.82648191153762e+02	0.00000000000000e+00	1
51	60	54	57	5.00000000000000e-02	0.00000000000000e+00	0.00000000000000e+00	0.00000000000000e+00	2.10907620516928e+01	0.00000000000000e+00	8.60390304531383e+02	0.00000000000000e+00	1
52	61	55	58	5.00000000000000e-02	0.00000000000000e+00	0.00000000000000e+00	0.00000000000000e+00	2.08076748918441e+01	0.00000000000000e+00	9.66895533836171e+02	0.00000000000000e+00	1
53	62	56	59	5.00000000000000e-02	0.00000000000000e+00	0.00000000000000e+00	0.00000000000000e+00	2.06199430025984e+01	0.00000000000000e+00	1.07702677628698e+03	0.00000000000000e+00	1
54	63	57	60	5.00000000000000e-02	0.00000000000000e+00	0.00000000000000e+00	0.00000000000000e+00	2.02114305044298e+01	0.00000000000000e+00	9.76342157355941e+02	0.00000000000000e+00	1
55	64	58	61	5.00000000000000e-02	0.00000000000000e+00	0.00000000000000e+00	0.00000000000000e+00	2.02285403274583e+01	0.00000000000000e+00	9.39706539193711e+02	0.00000000000000e+00	1
56	65	59	62	5.00000000000000e-02	0.00000000000000e+00	0.00000000000000e+00	0.00000000000000e+00	2.00793491850597e+01	0.00000000000000e+00	8.88093586841304e+02	0.00000000000000e+00	1
57	66	60	63	5.00000000000000e-02	0.00000000000000e+00	0.00000000000000e+00	0.00000000000000e+00	2.03057400757613e+01	0.00000000000000e+00	9.43499494795499e+02	0.00000000000000e+00	1
58	67	61	64	5.00000000000000e-02	0.00000000000000e+00	0.00000000000000e+00	0.00000000000000e+00	2.02383977957846e+01	0.00000000000000e+00	8.89030715473301e+02	0.00000000000000e+00	1
59	68	62	65	5.00000000000000e-02	0.00000000000000e+00	0.00000000000000e+00	0.00000000000000e+00	2.03228696539543e+01	0.00000000000000e+00	9.57956389830803e+02	0.00000000000000e+00	1
60	69	63	66	5.00000000000000e-02	0.00000000000000e+00	0.00000000000000e+00	0.00000000000000e+00	2.02720084682147e+01	0.00000000000000e+00	9.15624120006000e+02	0.00000000000000e+00	1
61	70	64	67	5.00000000000000e-02	0.00000000000000e+00	0.00000000000000e+00	0.00000000000000e+00	2.00914582698848e+01	0.00000000000000e+00	9.84282024057940e+02	0.00000000000000e+00	1
62	71	65	68	5.00000000000000e-02	0.00000000000000e+00	0.00000000000000e+00	0.00000000000000e+00	1.98349615961857e+01	0.00000000000000e+00	9.39018585432690e+02	0.00000000000000e+00	1
63	72	66	69	5.00000000000000e-02	0.00000000000000e+00	0.00000000000000e+00	0.00000000000000e+00	1.95856837032567e+01	0.00000000000000e+00	1.00650893886115e+03	0.00000000000000e+00	1
1	13	5	9	5.00000000000000e-02	0.00000000000000e+00	0.00000000000000e+00	0.00000000000000e+00	2.57192170409055e+01	0.00000000000000e+00	9.39337589635253e+02	0.00000000000000e+00	1
2	14	6	10	5.00000000000000e-02	0.00000000000000e+00	0.00000000000000e+00	0.00000000000000e+00	2.57285265318229e+01	0.00000000000000e+00	9.95419131913022e+02	0.00000000000000e+00	1
3	15	7	11	5.00000000000000e-02	0.00000000000000e+00	0.00000000000000e+00	0.00000000000000e+00	2.58250412038450e+01	0.00000000000000e+00	9.47526102949790e+02	0.00000000000000e+00	1
4	16	8	12	5.00000000000000e-02	0.00000000000000e+00	0.00000000000000e+00	0.00000000000000e+00	2.58937109270904e+01	0.00000000000000e+00	9.81679425888720e+02	0.00000000000000e+00	1
5	17	9	13	5.00000000000000e-02	0.00000000000000e+00	0.00000000000000e+00	0.00000000000000e+00	2.59907148896625e+01	0.00000000000000e+00	1.05978666235929e+03	0.00000000000000e+00	1
6	18	10	14	5.00000000000000e-02	0.00000000000000e+00	0.00000000000000e+00	0.00000000000000e+00	2.59759624525006e+01	0.00000000000000e+00	1.02887825058428e+03	0.00000000000000e+00	1
7	19	11	15	5.00000000000000e-02	0.00000000000000e+00	0.00000000000000e+00	0.00000000000000e+00	2.60092580205328e+01	0.00000000000000e+00	1.08989849911447e+03	0.00000000000000e+00	1
8	20	12	16	5.00000000000000e-02	0.00000000000000e+00	0.00000000000000e+00	0.00000000000000e+00	2.61512729091075e+01	0.00000000000000e+00	1.08789865986318e+03	0.00000000000000e+00	1
9	21	13	17	5.00000000000000e-02	0.00000000000000e+00	0.00000000000000e+00	0.00000000000000e+00	2.62719924703734e+01	0.00000000000000e+00	1.05314025342087e+03	0.00000000000000e+00	1
10	22	14	18	5.00000000000000e-02	0.00000000000000e+00	0.00000000000000e+00	0.00000000000000e+00	2.63849713163293e+01	0.00000000000000e+00	1.13148345916549e+03	0.00000000000000e+00	1
11	23	15	19	5.00000000000000e-02	0.00000000000000e+00	0.00000000000000e+00	0.00000000000000e+00	2.63645558386068e+01	0.00000000000000e+00	1.08836358788665e+03	0.00000000000000e+00	1
12	24	16	20	5.00000000000000e-02	0.00000000000000e+00	0.00000000000000e+00	0.00000000000000e+00	2.62479655746693e+01	0.00000000000000e+00	1.30247477332223e+03	0.00000000000000e+00	1
13	25	17	21	5.00000000000000e-02	0.00000000000000e+00	0.00000000000000e+00	0.00000000000000e+00	2.61616223871167e+01	0.00000000000000e+00	1.11229885583153e+03	0.00000000000000e+00	1
14	26	18	22	5.00000000000000e-02	0.00000000000000e+00	0.00000000000000e+00	0.00000000000000e+00	2.62003321579119e+01	0.00000000000000e+00	1.32391507287483e+03	0.00000000000000e+00	1
15	27	19	23	5.00000000000000e-02	0.00000000000000e+00	0.00000000000000e+00	0.00000000000000e+00	2.63651297964358e+01	0.00000000000000e+00	1.42122519087899e+03	0.00000000000000e+00	1
16	28	20	24	5.00000000000000e-02	0.00000000000000e+00	0.00000000000000e+00	0.00000000000000e+00	2.67791701710312e+01	0.00000000000000e+00	1.41420493811055e+03	0.00000000000000e+00	1
17	29	21	25	5.00000000000000e-02	0.00000000000000e+00	0.00000000000000e+00	0.00000000000000e+00	2.70535541849630e+01	0.00000000000000e+00	1.44269554523520e+03	0.00000000000000e+00	1
18	30	22	26	5.00000000000000e-02	0.00000000000000e+00	0.00000000000000e+00	0.00000000000000e+00	2.71368961920785e+01	0.00000000000000e+00	1.42227631483977e+03	0.00000000000000e+00	1
19	31	23	27	5.00000000000000e-02	0.00000000000000e+00	0.00000000000000e+00	0.00000000000000e+00	2.70150320073968e+01	0.00000000000000e+00	1.49681542914369e+03	0.00000000000000e+00	1
20	32	24	28	5.00000000000000e-02	0.00000000000000e+00	0.00000000000000e+00	0.00000000000000e+00	2.65706765263375e+01	0.00000000000000e+00	1.47340618518790e+03	0.00000000000000e+00	1
21	33	25	29	5.00000000000000e-02	0.00000000000000e+00	0.00000000000000e+00	0.00000000000000e+00	2.59651431391548e+01	0.00000000000000e+00	1.42153313415308e+03	0.00000000000000e+00	1
22	34	26	30	5.00000000000000e-02	0.00000000000000e+00	0.00000000000000e+00	0.00000000000000e+00	2.54045824724362e+01	0.00000000000000e+00	1.36900630765485e+03	0.00000000000000e+00	1
23	35	27	31	5.00000000000000e-02	0.00000000000000e+00	0.00000000000000e+00	0.00000000000000e+00	2.60764741484600e+01	0.00000000000000e+00	1.30698434378175e+03	0.00000000000000e+00	1
24	36	28	32	5.00000000000000e-02	0.00000000000000e+00	0.00000000000000e+00	0.00000000000000e+00	2.79412652176403e+01	0.00000000000000e+00	1.60883559358830e+03	0.00000000000000e+00	1
25	37	29	33	5.00000000000000e-02	0.00000000000000e+00	0.00000000000000e+00	0.00000000000000e+00	2.98716860138170e+01	0.00000000000000e+00	1.90704515038550e+03	0.00000000000000e+00	1
26	38	30	34	5.00000000000000e-02	0.00000000000000e+00	0.00000000000000e+00	0.00000000000000e+00	3.09740648224895e+01	0.00000000000000e+00	2.23444538783667e+03	0.00000000000000e+00	1
27	39	31	35	5.00000000000000e-02	0.00000000000000e+00	0.00000000000000e+00	0.00000000000000e+00	3.03852646901519e+01	0.00000000000000e+00	2.32054941260241e+03	0.00000000000000e+00	1
28	40	32	36	5.00000000000000e-02	0.00000000000000e+00	0.00000000000000e+00	0.00000000000000e+00	2.97509918824725e+01	0.00000000000000e+00	2.03958753864148e+03	0.00000000000000e+00	1
29	41	33	37	5.00000000000000e-02	0.00000000000000e+00	0.00000000000000e+00	0.00000000000000e+00	2.82224333377325e+01	0.00000000000000e+00	1.86869392589281e+03	0.00000000000000e+00	1
30	42	34	38	5.00000000000000e-02	0.00000000000000e+00	0.00000000000000e+00	0.00000000000000e+00	2.63574173928693e+01	0.00000000000000e+00	1.54660313347589e+03	0.00000000000000e+00	1
31	43	35	39	5.00000000000000e-02	0.00000000000000e+00	0.00000000000000e+00	0.00000000000000e+00	2.62773297855804e+01	0.00000000000000e+00	1.40992272032062e+03	0.00000000000000e+00	1
32	44	36	40	5.00000000000000e-02	0.00000000000000e+00	0.00000000000000e+00	0.00000000000000e+00	2.71620544871166e+01	0.00000000000000e+00	1.40854469634941e+03	0.00000000000000e+00	1
33	45	37	41	5.00000000000000e-02	0.00000000000000e+00	0.00000000000000e+00	0.00000000000000e+00	2.86628324155994e+01	0.00000000000000e+00	1.56626851431760e+03	0.00000000000000e+00	1
34	46	38	42	5.00000000000000e-02	0.00000000000000e+00	0.00000000000000e+00	0.00000000000000e+00	2.94143807028492e+01	0.00000000000000e+00	1.56814132255644e+03	0.00000000000000e+00	1
35	47	39	43	5.00000000000000e-02	0.00000000000000e+00	0.00000000000000e+00	0.00000000000000e+00	2.92057564075181e+01	0.00000000000000e+00	1.42838564279049e+03	0.00000000000000e+00	1
36	48	40	44	5.00000000000000e-02	0.00000000000000e+00	0.00000000000000e+00	0.00000000000000e+00	2.92630469331695e+01	0.00000000000000e+00	1.57871737649141e+03	0.00000000000000e+00	1
37	49	41	45	5.00000000000000e-02	0.00000000000000e+00	0.00000000000000e+00	0.00000000000000e+00	2.87035182383527e+01	0.00000000000000e+00	1.54970238900567e+03	0.00000000000000e+00	1
38	50	42	46	5.00000000000000e-02	0.00000000000000e+00	0.00000000000000e+00	0.00000000000000e+00	2.82673841034392e+01	0.00000000000000e+00	1.46177411101368e+03	0.00000000000000e+00	1
39	51	43	47	5.00000000000000e-02	0.00000000000000e+00	0.00000000000000e+00	0.00000000000000e+00	2.82965250999864e+01	0.00000000000000e+00	1.36091529635644e+03	0.00000000000000e+00	1
40	52	44	48	5.00000000000000e-02	0.00000000000000e+00	0.00000000000000e+00	0.00000000000000e+00	2.83753287265002e+01	0.00000000000000e+00	1.27377268379859e+03	0.00000000000000e+00	1
41	53	45	49	5.00000000000000e-02	0.00000000000000e+00	0.00000000000000e+00	0.00000000000000e+00	2.88816971432763e+01	0.00000000000000e+00	1.26789575467033e+03	0.00000000000000e+00	1
42	54	46	50	5.00000000000000e-02	0.00000000000000e+00	0.00000000000000e+00	0.00000000000000e+00	2.89863897663685e+01	0.00000000000000e+00	1.30904627337316e+03	0.00000000000000e+00	1
43	55	47	51	5.00000000000000e-02	0.00000000000000e+00	0.00000000000000e+00	0.00000000000000e+00	2.86937035452874e+01	0.00000000000000e+00	1.27985531471241e+03	0.00000000000000e+00	1
44	56	48	52	5.00000000000000e-02	0.00000000000000e+00	0.00000000000000e+00	0.00000000000000e+00	2.83672114001195e+01	0.00000000000000e+00	1.19223926194465e+03	0.00000000000000e+00	1
45	57	49	53	5.00000000000000e-02	0.00000000000000e+00	0.00000000000000e+00	0.00000000000000e+00	2.78438615171297e+01	0.00000000000000e+00	1.23330773383068e+03	0.00000000000000e+00	1
46	58	50	54	5.00000000000000e-02	0.00000000000000e+00	0.00000000000000e+00	0.00000000000000e+00	2.76382730726561e+01	0.00000000000000e+00	1.21571985652839e+03	0.00000000000000e+00	1
47	59	51	55	5.00000000000000e-02	0.00000000000000e+00	0.00000000000000e+00	0.00000000000000e+00	2.77164025048773e+01	0.00000000000000e+00	1.09927156782997e+03	0.00000000000000e+00	1
48	60	52	56	5.00000000000000e-02	0.00000000000000e+00	0.00000000000000e+00	0.00000000000000e+00	2.79776190043331e+01	0.00000000000000e+00	1.08106038789185e+03	0.00000000000000e+00	1
49	61	53	57	5.00000000000000e-02	0.00000000000000e+00	0.00000000000000e+00	0.00000000000000e+00	2.81147046190455e+01	0.00000000000000e+00	9.69905123913020e+02	0.00000000000000e+00	1
50	62	54	58	5.00000000000000e-02	0.00000000000000e+00	0.00000000000000e+00	0.00000000000000e+00	2.79621967058654e+01	0.00000000000000e+00	1.00706710882168e+03	0.00000000000000e+00	1
51	63	55	59	5.00000000000000e-02	0.00000000000000e+00	0.00000000000000e+00	0.00000000000000e+00	2.77886906727513e+01	0.00000000000000e+00	1.14675313784690e+03	0.00000000000000e+00	1
52	64	56	60	5.00000000000000e-02	0.00000000000000e+00	0.00000000000000e+00	0.00000000000000e+00	2.72147940700484e+01	0.00000000000000e+00	1.08083503634718e+03	0.00000000000000e+00	1
53	65	57	61	5.00000000000000e-02	0.00000000000000e+00	0.00000000000000e+00	0.00000000000000e+00	2.69296291819456e+01	0.00000000000000e+00	9.18168201857836e+02	0.00000000000000e+00	1
54	66	58	62	5.00000000000000e-02	0.00000000000000e+00	0.00000000000000e+00	0.00000000000000e+00	2.69323767158463e+01	0.00000000000000e+00	9.20342984355512e+02	0.00000000000000e+00	1
55	67	59	63	5.00000000000000e-02	0.00000000000000e+00	0.00000000000000e+00	0.00000000000000e+00	2.68051070214037e+01	0.00000000000000e+00	8.49971219277065e+02	0.00000000000000e+00	1
56	68	60	64	5.00000000000000e-02	0.00000000000000e+00	0.00000000000000e+00	0.00000000000000e+00	2.70991318330683e+01	0.00000000000000e+00	8.84473882587048e+02	0.00000000000000e+00	1
57	69	61	65	5.00000000000000e-02	0.00000000000000e+00	0.00000000000000e+00	0.00000000000000e+00	2.72340702510359e+01	0.00000000000000e+00	9.54321689197575e+02	0.00000000000000e+00	1
58	70	62	66	5.00000000000000e-02	0.00000000000000e+00	0.00000000000000e+00	0.00000000000000e+00	2.71164916765741e+01	0.00000000000000e+00	8.98402955360509e+02	0.00000000000000e+00	1
59	71	63	67	5.00000000000000e-02	0.00000000000000e+00	0.00000000000000e+00	0.00000000000000e+00	2.69197398864498e+01	0.00000000000000e+00	9.79428567062019e+02	0.00000000000000e+00	1
60	72	64	68	5.00000000000000e-02	0.00000000000000e+00	0.00000000000000e+00	0.00000000000000e+00	2.66090547941699e+01	0.00000000000000e+00	9.09838683048753e+02	0.00000000000000e+00	1
1	16	6	11	5.00000000000000e-02	0.00000000000000e+00	0.00000000000000e+00	0.00000000000000e+00	3.23109898638094e+01	0.00000000000000e+00	1.03958600232928e+03	0.00000000000000e+00	1
2	17	7	12	5.00000000000000e-02	0.00000000000000e+00	0.00000000000000e+00	0.00000000000000e+00	3.23871793382002e+01	0.00000000000000e+00	9.51002449215395e+02	0.00000000000000e+00	1
3	18	8	13	5.00000000000000e-02	0.00000000000000e+00	0.00000000000000e+00	0.00000000000000e+00	3.23111754375991e+01	0.00000000000000e+00	1.03730917767572e+03	0.00000000000000e+00	1
4	19	9	14	5.00000000000000e-02	0.00000000000000e+00	0.00000000000000e+00	0.00000000000000e+00	3.24511718187199e+01	0.00000000000000e+00	1.06365096454114e+03	0.00000000000000e+00	1
5	20	10	15	5.00000000000000e-02	0.00000000000000e+00	0.00000000000000e+00	0.00000000000000e+00	3.27048873579019e+01	0.00000000000000e+00	1.07793159139355e+03	0.00000000000000e+00	1
6	21	11	16	5.00000000000000e-02	0.00000000000000e+00	0.00000000000000e+00	0.00000000000000e+00	3.27365068230177e+01	0.00000000000000e+00	1.07228702397204e+03	0.00000000000000e+00	1
7	22	12	17	5.00000000000000e-02	0.00000000000000e+00	0.00000000000000e+00	0.00000000000000e+00	3.27351476504527e+01	0.00000000000000e+00	1.05432120973882e+03	0.00000000000000e+00	1
8	23	13	18	5.00000000000000e-02	0.00000000000000e+00	0.00000000000000e+00	0.00000000000000e+00	3.29146347467879e+01	0.00000000000000e+00	1.17562219896691e+03	0.00000000000000e+00	1
9	24	14	19	5.00000000000000e-02	0.00000000000000e+00	0.00000000000000e+00	0.00000000000000e+00	3.28851442729229e+01	0.00000000000000e+00	1.14561397301137e+03	0.00000000000000e+00	1
10	25	15	20	5.00000000000000e-02	0.00000000000000e+00	0.00000000000000e+00	0.00000000000000e+00	3.27153920222234e+01	0.00000000000000e+00	1.25388401526173e+03	0.00000000000000e+00	1
11	26	16	21	5.00000000000000e-02	0.00000000000000e+00	0.00000000000000e+00	0.00000000000000e+00	3.27493583167092e+01	0.00000000000000e+00	1.31630468927425e+03	0.00000000000000e+00	1
12	27	17	22	5.00000000000000e-02	0.00000000000000e+00	0.00000000000000e+00	0.00000000000000e+00	3.28828278413196e+01	0.00000000000000e+00	1.45504273487996e+03	0.00000000000000e+00	1
13	28	18	23	5.00000000000000e-02	0.00000000000000e+00	0.00000000000000e+00	0.00000000000000e+00	3.30152519870391e+01	0.00000000000000e+00	1.39112449767189e+03	0.00000000000000e+00	1
14	29	19	24	5.00000000000000e-02	0.00000000000000e+00	0.00000000000000e+00	0.00000000000000e+00	3.32559485140129e+01	0.00000000000000e+00	1.48025078549645e+03	0.00000000000000e+00	1
15	30	20	25	5.00000000000000e-02	0.00000000000000e+00	0.00000000000000e+00	0.00000000000000e+00	3.36092706190382e+01	0.00000000000000e+00	1.47284985681292e+03	0.00000000000000e+00	1
16	31	21	26	5.00000000000000e-02	0.00000000000000e+00	0.00000000000000e+00	0.00000000000000e+00	3.36440059070743e+01	0.00000000000000e+00	1.73332230527012e+03	0.00000000000000e+00	1
17	32	22	27	5.00000000000000e-02	0.00000000000000e+00	0.00000000000000e+00	0.00000000000000e+00	3.35423499927056e+01	0.00000000000000e+00	1.31954764658916e+03	0.00000000000000e+00	1
18	33	23	28	5.00000000000000e-02	0.00000000000000e+00	0.00000000000000e+00	0.00000000000000e+00	3.29134878227876e+01	0.00000000000000e+00	1.39636724441505e+03	0.00000000000000e+00	1
19	34	24	29	5.00000000000000e-02	0.00000000000000e+00	0.00000000000000e+00	0.00000000000000e+00	3.19646615363966e+01	0.00000000000000e+00	1.28874925370433e+03	0.00000000000000e+00	1
20	35	25	30	5.00000000000000e-02	0.00000000000000e+00	0.00000000000000e+00	0.00000000000000e+00	3.19265651931053e+01	0.00000000000000e+00	1.38149933316195e+03	0.00000000000000e+00	1
21	36	26	31	5.00000000000000e-02	0.00000000000000e+00	0.00000000000000e+00	0.00000000000000e+00	3.29765975734481e+01	0.00000000000000e+00	1.43217219254524e+03	0.00000000000000e+00	1
22	37	27	32	5.00000000000000e-02	0.00000000000000e+00	0.00000000000000e+00	0.00000000000000e+00	3.49442470554705e+01	0.00000000000000e+00	1.70776578828497e+03	0.00000000000000e+00	1
23	38	28	33	5.00000000000000e-02	0.00000000000000e+00	0.00000000000000e+00	0.00000000000000e+00	3.74333208210071e+01	0.00000000000000e+00	1.67056848358590e+03	0.00000000000000e+00	1
24	39	29	34	5.00000000000000e-02	0.00000000000000e+00	0.00000000000000e+00	0.00000000000000e+00	3.83149764115351e+01	0.00000000000000e+00	2.40838602450453e+03	0.00000000000000e+00	1
25	40	30	35	5.00000000000000e-02	0.00000000000000e+00	0.00000000000000e+00	0.00000000000000e+00	3.81785014413798e+01	0.00000000000000e+00	2.25188362399369e+03	0.00000000000000e+00	1
26	41	31	36	5.00000000000000e-02	0.00000000000000e+00	0.00000000000000e+00	0.00000000000000e+00	3.77014456625801e+01	0.00000000000000e+00	2.33133537712323e+03	0.00000000000000e+00	1
27	42	32	37	5.00000000000000e-02	0.00000000000000e+00	0.00000000000000e+00	0.00000000000000e+00	3.71190670367795e+01	0.00000000000000e+00	1.98743945103212e+03	0.00000000000000e+00	1
28	43	33	38	5.00000000000000e-02	0.00000000000000e+00	0.00000000000000e+00	0.00000000000000e+00	3.51520769978070e+01	0.00000000000000e+00	1.68114178459476e+03	0.00000000000000e+00	1
29	44	34	39	5.00000000000000e-02	0.00000000000000e+00	0.00000000000000e+00	0.00000000000000e+00	3.34347065916508e+01	0.00000000000000e+00	1.45434041252608e+03	0.00000000000000e+00	1
30	45	35	40	5.00000000000000e-02	0.00000000000000e+00	0.00000000000000e+00	0.00000000000000e+00	3.28352967460146e+01	0.00000000000000e+00	1.25785192897238e+03	0.00000000000000e+00	1
31	46	36	41	5.00000000000000e-02	0.00000000000000e+00	0.00000000000000e+00	0.00000000000000e+00	3.34232003086847e+01	0.00000000000000e+00	1.30089287194532e+03	0.00000000000000e+00	1
32	47	37	42	5.00000000000000e-02	0.00000000000000e+00	0.00000000000000e+00	0.00000000000000e+00	3.45435925730181e+01	0.00000000000000e+00	1.27706374450060e+03	0.00000000000000e+00	1
33	48	38	43	5.00000000000000e-02	0.00000000000000e+00	0.00000000000000e+00	0.00000000000000e+00	3.62396144543667e+01	0.00000000000000e+00	1.43902078399337e+03	0.00000000000000e+00	1
34	49	39	44	5.00000000000000e-02	0.00000000000000e+00	0.00000000000000e+00	0.00000000000000e+00	3.63925109075310e+01	0.00000000000000e+00	1.46023498238170e+03	0.00000000000000e+00	1
35	50	40	45	5.00000000000000e-02	0.00000000000000e+00	0.00000000000000e+00	0.00000000000000e+00	3.57716457912909e+01	0.00000000000000e+00	1.54512396991252e+03	0.00000000000000e+00	1
36	51	41	46	5.00000000000000e-02	0.00000000000000e+00	0.00000000000000e+00	0.00000000000000e+00	3.56569209200515e+01	0.00000000000000e+00	1.46058147937397e+03	0.00000000000000e+00	1
37	52	42	47	5.00000000000000e-02	0.00000000000000e+00	0.00000000000000e+00	0.00000000000000e+00	3.57598538427405e+01	0.00000000000000e+00	1.40933570408708e+03	0.00000000000000e+00	1
38	53	43	48	5.00000000000000e-02	0.00000000000000e+00	0.00000000000000e+00	0.00000000000000e+00	3.54735764089043e+01	0.00000000000000e+00	1.48331326585477e+03	0.00000000000000e+00	1
39	54	44	49	5.00000000000000e-02	0.00000000000000e+00	0.00000000000000e+00	0.00000000000000e+00	3.55034300509887e+01	0.00000000000000e+00	1.42134540671609e+03	0.00000000000000e+00	1
40	55	45	50	5.00000000000000e-02	0.00000000000000e+00	0.00000000000000e+00	0.00000000000000e+00	3.58368828427644e+01	0.00000000000000e+00	1.37444611991906e+03	0.00000000000000e+00	1
41	56	46	51	5.00000000000000e-02	0.00000000000000e+00	0.00000000000000e+00	0.00000000000000e+00	3.56708583677438e+01	0.00000000000000e+00	1.38888015157700e+03	0.00000000000000e+00	1
42	57	47	52	5.00000000000000e-02	0.00000000000000e+00	0.00000000000000e+00	0.00000000000000e+00	3.53578194950258e+01	0.00000000000000e+00	1.40645940680736e+03	0.00000000000000e+00	1
43	58	48	53	5.00000000000000e-02	0.00000000000000e+00	0.00000000000000e+00	0.00000000000000e+00	3.51836574981695e+01	0.00000000000000e+00	1.31717345861397e+03	0.00000000000000e+00	1
44	59	49	54	5.00000000000000e-02	0.00000000000000e+00	0.00000000000000e+00	0.00000000000000e+00	3.49893184325815e+01	0.00000000000000e+00	1.25957743523538e+03	0.00000000000000e+00	1
45	60	50	55	5.00000000000000e-02	0.00000000000000e+00	0.00000000000000e+00	0.00000000000000e+00	3.47102067541981e+01	0.00000000000000e+00	1.19181826887395e+03	0.00000000000000e+00	1
46	61	51	56	5.00000000000000e-02	0.00000000000000e+00	0.00000000000000e+00	0.00000000000000e+00	3.48120907241972e+01	0.00000000000000e+00	1.12694745212357e+03	0.00000000000000e+00	1
47	62	52	57	5.00000000000000e-02	0.00000000000000e+00	0.00000000000000e+00	0.00000000000000e+00	3.49175725921978e+01	0.00000000000000e+00	1.10267175420160e+03	0.00000000000000e+00	1
48	63	53	58	5.00000000000000e-02	0.00000000000000e+00	0.00000000000000e+00	0.00000000000000e+00	3.48787239578916e+01	0.00000000000000e+00	1.02457601725536e+03	0.00000000000000e+00	1
49	64	54	59	5.00000000000000e-02	0.00000000000000e+00	0.00000000000000e+00	0.00000000000000e+00	3.47197311887794e+01	0.00000000000000e+00	1.14485742451419e+03	0.00000000000000e+00	1
50	65	55	60	5.00000000000000e-02	0.00000000000000e+00	0.00000000000000e+00	0.00000000000000e+00	3.43609110666888e+01	0.00000000000000e+00	1.05355397085227e+03	0.00000000000000e+00	1
51	66	56	61	5.00000000000000e-02	0.00000000000000e+00	0.00000000000000e+00	0.00000000000000e+00	3.40957520108673e+01	0.00000000000000e+00	1.02546081671333e+03	0.00000000000000e+00	1
52	67	57	62	5.00000000000000e-02	0.00000000000000e+00	0.00000000000000e+00	0.00000000000000e+00	3.38490053856828e+01	0.00000000000000e+00	9.92091589206328e+02	0.00000000000000e+00	1
53	68	58	63	5.00000000000000e-02	0.00000000000000e+00	0.00000000000000e+00	0.00000000000000e+00	3.36971747551271e+01	0.00000000000000e+00	9.78612017924194e+02	0.00000000000000e+00	1
54	69	59	64	5.00000000000000e-02	0.00000000000000e+00	0.00000000000000e+00	0.00000000000000e+00	3.37563587114841e+01	0.00000000000000e+00	9.59651061825609e+02	0.00000000000000e+00	1
55	70	60	65	5.00000000000000e-02	0.00000000000000e+00	0.00000000000000e+00	0.00000000000000e+00	3.40305464219098e+01	0.00000000000000e+00	9.22882861934712e+02	0.00000000000000e+00	1
56	71	61	66	5.00000000000000e-02	0.00000000000000e+00	0.00000000000000e+00	0.00000000000000e+00	3.38086371603747e+01	0.00000000000000e+00	9.96157228120513e+02	0.00000000000000e+00	1
57	72	62	67	5.00000000000000e-02	0.00000000000000e+00	0.00000000000000e+00	0.00000000000000e+00	3.36744089948105e+01	0.00000000000000e+00	9.75127998911703e+02	0.00000000000000e+00	1
1	19	7	13	5.00000000000000e-02	0.00000000000000e+00	0.00000000000000e+00	0.00000000000000e+00	3.89632449036716e+01	0.00000000000000e+00	1.03147955952773e+03	0.00000000000000e+00	1
2	20	8	14	5.00000000000000e-02	0.00000000000000e+00	0.00000000000000e+00	0.00000000000000e+00	3.89667553264323e+01	0.00000000000000e+00	1.13707514855711e+03	0.00000000000000e+00	1
3	21	9	15	5.00000000000000e-02	0.00000000000000e+00	0.00000000000000e+00	0.00000000000000e+00	3.91416518068062e+01	0.00000000000000e+00	1.34338064663101e+03	0.00000000000000e+00	1
4	22	10	16	5.00000000000000e-02	0.00000000000000e+00	0.00000000000000e+00	0.00000000000000e+00	3.92541100230352e+01	0.00000000000000e+00	1.21445697341347e+03	0.00000000000000e+00	1
5	23	11	17	5.00000000000000e-02	0.00000000000000e+00	0.00000000000000e+00	0.00000000000000e+00	3.93248769574370e+01	0.00000000000000e+00	1.24253635858837e+03	0.00000000000000e+00	1
6	24	12	18	5.00000000000000e-02	0.00000000000000e+00	0.00000000000000e+00	0.00000000000000e+00	3.93868978664643e+01	0.00000000000000e+00	1.24324500614009e+03	0.00000000000000e+00	1
7	25	13	19	5.00000000000000e-02	0.00000000000000e+00	0.00000000000000e+00	0.00000000000000e+00	3.93457119097949e+01	0.00000000000000e+00	1.29004370470161e+03	0.00000000000000e+00	1
8	26	14	20	5.00000000000000e-02	0.00000000000000e+00	0.00000000000000e+00	0.00000000000000e+00	3.93658142194372e+01	0.00000000000000e+00	1.33557407936356e+03	0.00000000000000e+00	1
9	27	15	21	5.00000000000000e-02	0.00000000000000e+00	0.00000000000000e+00	0.00000000000000e+00	3.92911884002626e+01	0.00000000000000e+00	1.32602878220648e+03	0.00000000000000e+00	1
10	28	16	22	5.00000000000000e-02	0.00000000000000e+00	0.00000000000000e+00	0.00000000000000e+00	3.95454326574729e+01	0.00000000000000e+00	1.42970747464737e+03	0.00000000000000e+00	1
11	29	17	23	5.00000000000000e-02	0.00000000000000e+00	0.00000000000000e+00	0.00000000000000e+00	3.96964081024227e+01	0.00000000000000e+00	1.44038754758025e+03	0.00000000000000e+00	1
12	30	18	24	5.00000000000000e-02	0.00000000000000e+00	0.00000000000000e+00	0.00000000000000e+00	3.98710107008406e+01	0.00000000000000e+00	1.44559381407824e+03	0.00000000000000e+00	1
13	31	19	25	5.00000000000000e-02	0.00000000000000e+00	0.00000000000000e+00	0.00000000000000e+00	3.99454036531337e+01	0.00000000000000e+00	1.46061290971016e+03	0.00000000000000e+00	1
14	32	20	26	5.00000000000000e-02	0.00000000000000e+00	0.00000000000000e+00	0.00000000000000e+00	4.00220606776055e+01	0.00000000000000e+00	1.53232161894661e+03	0.00000000000000e+00	1
15	33	21	27	5.00000000000000e-02	0.00000000000000e+00	0.00000000000000e+00	0.00000000000000e+00	3.96609878761681e+01	0.00000000000000e+00	1.33776488239486e+03	0.00000000000000e+00	1
16	34	22	28	5.00000000000000e-02	0.00000000000000e+00	0.00000000000000e+00	0.00000000000000e+00	3.85165077412046e+01	0.00000000000000e+00	1.14857304774000e+03	0.00000000000000e+00	1
17	35	23	29	5.00000000000000e-02	0.00000000000000e+00	0.00000000000000e+00	0.00000000000000e+00	3.81872914799076e+01	0.00000000000000e+00	1.13831058863229e+03	0.00000000000000e+00	1
18	36	24	30	5.00000000000000e-02	0.00000000000000e+00	0.00000000000000e+00	0.00000000000000e+00	3.88168489113468e+01	0.00000000000000e+00	1.22094050580105e+03	0.00000000000000e+00	1
19	37	25	31	5.00000000000000e-02	0.00000000000000e+00	0.00000000000000e+00	0.00000000000000e+00	4.01959095213595e+01	0.00000000000000e+00	1.36015924223937e+03	0.00000000000000e+00	1
20	38	26	32	5.00000000000000e-02	0.00000000000000e+00	0.00000000000000e+00	0.00000000000000e+00	4.25531861110076e+01	0.00000000000000e+00	1.38287345396743e+03	0.00000000000000e+00	1
21	39	27	33	5.00000000000000e-02	0.00000000000000e+00	0.00000000000000e+00	0.00000000000000e+00	4.45074282215563e+01	0.00000000000000e+00	1.76925551112819e+03	0.00000000000000e+00	1
22	40	28	34	5.00000000000000e-02	0.00000000000000e+00	0.00000000000000e+00	0.00000000000000e+00	4.55441988583944e+01	0.00000000000000e+00	2.16579427624633e+03	0.00000000000000e+00	1
23	41	29	35	5.00000000000000e-02	0.00000000000000e+00	0.00000000000000e+00	0.00000000000000e+00	4.52662579872873e+01	0.00000000000000e+00	2.26857782680544e+03	0.00000000000000e+00	1
24	42	30	36	5.00000000000000e-02	0.00000000000000e+00	0.00000000000000e+00	0.00000000000000e+00	4.55134153015663e+01	0.00000000000000e+00	2.14600153670680e+03	0.00000000000000e+00	1
25	43	31	37	5.00000000000000e-02	0.00000000000000e+00	0.00000000000000e+00	0.00000000000000e+00	4.50719734048043e+01	0.00000000000000e+00	2.09886342972118e+03	0.00000000000000e+00	1
26	44	32	38	5.00000000000000e-02	0.00000000000000e+00	0.00000000000000e+00	0.00000000000000e+00	4.39665692490743e+01	0.00000000000000e+00	1.98261251280435e+03	0.00000000000000e+00	1
27	45	33	39	5.00000000000000e-02	0.00000000000000e+00	0.00000000000000e+00	0.00000000000000e+00	4.26941138127978e+01	0.00000000000000e+00	1.76543232958941e+03	0.00000000000000e+00	1
28	46	34	40	5.00000000000000e-02	0.00000000000000e+00	0.00000000000000e+00	0.00000000000000e+00	4.06646609775121e+01	0.00000000000000e+00	1.42298320237103e+03	0.00000000000000e+00	1
29	47	35	41	5.00000000000000e-02	0.00000000000000e+00	0.00000000000000e+00	0.00000000000000e+00	3.97475609256032e+01	0.00000000000000e+00	1.31688285111710e+03	0.00000000000000e+00	1
30	48	36	42	5.00000000000000e-02	0.00000000000000e+00	0.00000000000000e+00	0.00000000000000e+00	3.95526421234291e+01	0.00000000000000e+00	1.29821211812400e+03	0.00000000000000e+00	1
31	49	37	43	5.00000000000000e-02	0.00000000000000e+00	0.00000000000000e+00	0.00000000000000e+00	4.01870594806080e+01	0.00000000000000e+00	1.21003437010564e+03	0.00000000000000e+00	1
32	50	38	44	5.00000000000000e-02	0.00000000000000e+00	0.00000000000000e+00	0.00000000000000e+00	4.17024050230049e+01	0.00000000000000e+00	1.36155888157998e+03	0.00000000000000e+00	1
33	51	39	45	5.00000000000000e-02	0.00000000000000e+00	0.00000000000000e+00	0.00000000000000e+00	4.28597719040896e+01	0.00000000000000e+00	1.39748578770060e+03	0.00000000000000e+00	1
34	52	40	46	5.00000000000000e-02	0.00000000000000e+00	0.00000000000000e+00	0.00000000000000e+00	4.31758528968634e+01	0.00000000000000e+00	1.43419437576526e+03	0.00000000000000e+00	1
35	53	41	47	5.00000000000000e-02	0.00000000000000e+00	0.00000000000000e+00	0.00000000000000e+00	4.26438833564304e+01	0.00000000000000e+00	1.56346701868679e+03	0.00000000000000e+00	1
36	54	42	48	5.00000000000000e-02	0.00000000000000e+00	0.00000000000000e+00	0.00000000000000e+00	4.26816258249228e+01	0.00000000000000e+00	1.45468170802169e+03	0.00000000000000e+00	1
37	55	43	49	5.00000000000000e-02	0.00000000000000e+00	0.00000000000000e+00	0.00000000000000e+00	4.26953842346734e+01	0.00000000000000e+00	1.55838498087041e+03	0.00000000000000e+00	1
38	56	44	50	5.00000000000000e-02	0.00000000000000e+00	0.00000000000000e+00	0.00000000000000e+00	4.25813037349398e+01	0.00000000000000e+00	1.42853077453943e+03	0.00000000000000e+00	1
39	57	45	51	5.00000000000000e-02	0.00000000000000e+00	0.00000000000000e+00	0.00000000000000e+00	4.23969840977343e+01	0.00000000000000e+00	1.45037859465782e+03	0.00000000000000e+00	1
40	58	46	52	5.00000000000000e-02	0.00000000000000e+00	0.00000000000000e+00	0.00000000000000e+00	4.22424929624797e+01	0.00000000000000e+00	1.37649737282947e+03	0.00000000000000e+00	1
41	59	47	53	5.00000000000000e-02	0.00000000000000e+00	0.00000000000000e+00	0.00000000000000e+00	4.21527743762787e+01	0.00000000000000e+00	1.30314434296015e+03	0.00000000000000e+00	1
42	60	48	54	5.00000000000000e-02	0.00000000000000e+00	0.00000000000000e+00	0.00000000000000e+00	4.22692367976139e+01	0.00000000000000e+00	1.27866825587394e+03	0.00000000000000e+00	1
43	61	49	55	5.00000000000000e-02	0.00000000000000e+00	0.00000000000000e+00	0.00000000000000e+00	4.20383724852686e+01	0.00000000000000e+00	1.15132975800325e+03	0.00000000000000e+00	1
44	62	50	56	5.00000000000000e-02	0.00000000000000e+00	0.00000000000000e+00	0.00000000000000e+00	4.17378010905988e+01	0.00000000000000e+00	1.29894524237197e+03	0.00000000000000e+00	1
45	63	51	57	5.00000000000000e-02	0.00000000000000e+00	0.00000000000000e+00	0.00000000000000e+00	4.18524211726618e+01	0.00000000000000e+00	1.14300226033017e+03	0.00000000000000e+00	1
46	64	52	58	5.00000000000000e-02	0.00000000000000e+00	0.00000000000000e+00	0.00000000000000e+00	4.16957485484876e+01	0.00000000000000e+00	1.24531350201106e+03	0.00000000000000e+00	1
47	65	53	59	5.00000000000000e-02	0.00000000000000e+00	0.00000000000000e+00	0.00000000000000e+00	4.16552921513446e+01	0.00000000000000e+00	1.03797869916948e+03	0.00000000000000e+00	1
48	66	54	60	5.00000000000000e-02	0.00000000000000e+00	0.00000000000000e+00	0.00000000000000e+00	4.11583601977266e+01	0.00000000000000e+00	1.09647900594656e+03	0.00000000000000e+00	1
49	67	55	61	5.00000000000000e-02	0.00000000000000e+00	0.00000000000000e+00	0.00000000000000e+00	4.12084889617187e+01	0.00000000000000e+00	1.11141476201217e+03	0.00000000000000e+00	1
50	68	56	62	5.00000000000000e-02	0.00000000000000e+00	0.00000000000000e+00	0.00000000000000e+00	4.11220376516480e+01	0.00000000000000e+00	1.16405066965587e+03	0.00000000000000e+00	1
51	69	57	63	5.00000000000000e-02	0.00000000000000e+00	0.00000000000000e+00	0.00000000000000e+00	4.08089900691237e+01	0.00000000000000e+00	1.06751113109561e+03	0.00000000000000e+00	1
52	70	58	64	5.00000000000000e-02	0.00000000000000e+00	0.00000000000000e+00	0.00000000000000e+00	4.07367330517331e+01	0.00000000000000e+00	1.10453478748857e+03	0.00000000000000e+00	1
53	71	59	65	5.00000000000000e-02	0.00000000000000e+00	0.00000000000000e+00	0.00000000000000e+00	4.05111288557365e+01	0.00000000000000e+00	1.07428315006196e+03	0.00000000000000e+00	1
54	72	60	66	5.00000000000000e-02	0.00000000000000e+00	0.00000000000000e+00	0.00000000000000e+00	4.07161976851306e+01	0.00000000000000e+00	1.12503782672251e+03	0.00000000000000e+00	1
1	22	8	15	5.00000000000000e-02	0.00000000000000e+00	0.00000000000000e+00	0.00000000000000e+00	4.55963629347672e+01	0.00000000000000e+00	1.28346832529951e+03	0.00000000000000e+00	1
2	23	9	16	5.00000000000000e-02	0.00000000000000e+00	0.00000000000000e+00	0.00000000000000e+00	4.56557215539889e+01	0.00000000000000e+00	1.18438888253120e+03	0.00000000000000e+00	1
3	24	10	17	5.00000000000000e-02	0.00000000000000e+00	0.00000000000000e+00	0.00000000000000e+00	4.57905539680616e+01	0.00000000000000e+00	1.28973810315373e+03	0.00000000000000e+00	1
4	25	11	18	5.00000000000000e-02	0.00000000000000e+00	0.00000000000000e+00	0.00000000000000e+00	4.59699146224317e+01	0.00000000000000e+00	1.31854083250770e+03	0.00000000000000e+00	1
5	26	12	19	5.00000000000000e-02	0.00000000000000e+00	0.00000000000000e+00	0.00000000000000e+00	4.59648970871534e+01	0.00000000000000e+00	1.32652480166957e+03	0.00000000000000e+00	1
6	27	13	20	5.00000000000000e-02	0.00000000000000e+00	0.00000000000000e+00	0.00000000000000e+00	4.58248736715499e+01	0.00000000000000e+00	1.39909583909411e+03	0.00000000000000e+00	1
7	28	14	21	5.00000000000000e-02	0.00000000000000e+00	0.00000000000000e+00	0.00000000000000e+00	4.59405246106964e+01	0.00000000000000e+00	1.34074485315137e+03	0.00000000000000e+00	1
8	29	15	22	5.00000000000000e-02	0.00000000000000e+00	0.00000000000000e+00	0.00000000000000e+00	4.62138916438414e+01	0.00000000000000e+00	1.47529808934105e+03	0.00000000000000e+00	1
9	30	16	23	5.00000000000000e-02	0.00000000000000e+00	0.00000000000000e+00	0.00000000000000e+00	4.64019044100182e+01	0.00000000000000e+00	1.27471042683254e+03	0.00000000000000e+00	1
10	31	17	24	5.00000000000000e-02	0.00000000000000e+00	0.00000000000000e+00	0.00000000000000e+00	4.63789307602628e+01	0.00000000000000e+00	1.40201902006306e+03	0.00000000000000e+00	1
11	32	18	25	5.00000000000000e-02	0.00000000000000e+00	0.00000000000000e+00	0.00000000000000e+00	4.62988813882436e+01	0.00000000000000e+00	1.38454332987738e+03	0.00000000000000e+00	1
12	33	19	26	5.00000000000000e-02	0.00000000000000e+00	0.00000000000000e+00	0.00000000000000e+00	4.59015846632610e+01	0.00000000000000e+00	1.20655914900399e+03	0.00000000000000e+00	1
13	34	20	27	5.00000000000000e-02	0.00000000000000e+00	0.00000000000000e+00	0.00000000000000e+00	4.51171062699895e+01	0.00000000000000e+00	1.19439478428743e+03	0.00000000000000e+00	1
14	35	21	28	5.00000000000000e-02	0.00000000000000e+00	0.00000000000000e+00	0.00000000000000e+00	4.45056939870581e+01	0.00000000000000e+00	1.05842164460366e+03	0.00000000000000e+00	1
15	36	22	29	5.00000000000000e-02	0.00000000000000e+00	0.00000000000000e+00	0.00000000000000e+00	4.46780714483538e+01	0.00000000000000e+00	1.14615095554015e+03	0.00000000000000e+00	1
16	37	23	30	5.00000000000000e-02	0.00000000000000e+00	0.00000000000000e+00	0.00000000000000e+00	4.56581612239695e+01	0.00000000000000e+00	1.25234134207383e+03	0.00000000000000e+00	1
17	38	24	31	5.00000000000000e-02	0.00000000000000e+00	0.00000000000000e+00	0.00000000000000e+00	4.75790092133963e+01	0.00000000000000e+00	1.39789115136969e+03	0.00000000000000e+00	1
18	39	25	32	5.00000000000000e-02	0.00000000000000e+00	0.00000000000000e+00	0.00000000000000e+00	4.99859040181930e+01	0.00000000000000e+00	1.55956199303779e+03	0.00000000000000e+00	1
19	40	26	33	5.00000000000000e-02	0.00000000000000e+00	0.00000000000000e+00	0.00000000000000e+00	5.20647030095963e+01	0.00000000000000e+00	1.76552383832614e+03	0.00000000000000e+00	1
20	41	27	34	5.00000000000000e-02	0.00000000000000e+00	0.00000000000000e+00	0.00000000000000e+00	5.24949576316426e+01	0.00000000000000e+00	1.94156578342767e+03	0.00000000000000e+00	1
21	42	28	35	5.00000000000000e-02	0.00000000000000e+00	0.00000000000000e+00	0.00000000000000e+00	5.25038369314106e+01	0.00000000000000e+00	2.22716680871080e+03	0.00000000000000e+00	1
22	43	29	36	5.00000000000000e-02	0.00000000000000e+00	0.00000000000000e+00	0.00000000000000e+00	5.27717099854540e+01	0.00000000000000e+00	1.99902080441553e+03	0.00000000000000e+00	1
23	44	30	37	5.00000000000000e-02	0.00000000000000e+00	0.00000000000000e+00	0.00000000000000e+00	5.28102810295498e+01	0.00000000000000e+00	2.04094302909283e+03	0.00000000000000e+00	1
24	45	31	38	5.00000000000000e-02	0.00000000000000e+00	0.00000000000000e+00	0.00000000000000e+00	5.20955064799306e+01	0.00000000000000e+00	2.15504991847853e+03	0.00000000000000e+00	1
25	46	32	39	5.00000000000000e-02	0.00000000000000e+00	0.00000000000000e+00	0.00000000000000e+00	5.13222733853653e+01	0.00000000000000e+00	1.66943275533160e+03	0.00000000000000e+00	1
26	47	33	40	5.00000000000000e-02	0.00000000000000e+00	0.00000000000000e+00	0.00000000000000e+00	4.98195469178103e+01	0.00000000000000e+00	1.52296347590098e+03	0.00000000000000e+00	1
27	48	34	41	5.00000000000000e-02	0.00000000000000e+00	0.00000000000000e+00	0.00000000000000e+00	4.80653365181604e+01	0.00000000000000e+00	1.39002263587080e+03	0.00000000000000e+00	1
28	49	35	42	5.00000000000000e-02	0.00000000000000e+00	0.00000000000000e+00	0.00000000000000e+00	4.64421748878616e+01	0.00000000000000e+00	1.24538971271520e+03	0.00000000000000e+00	1
29	50	36	43	5.00000000000000e-02	0.00000000000000e+00	0.00000000000000e+00	0.00000000000000e+00	4.57805698015874e+01	0.00000000000000e+00	1.18027524809711e+03	0.00000000000000e+00	1
30	51	37	44	5.00000000000000e-02	0.00000000000000e+00	0.00000000000000e+00	0.00000000000000e+00	4.60510000518829e+01	0.00000000000000e+00	1.16735980321330e+03	0.00000000000000e+00	1
31	52	38	45	5.00000000000000e-02	0.00000000000000e+00	0.00000000000000e+00	0.00000000000000e+00	4.71014797098078e+01	0.00000000000000e+00	1.18324079037771e+03	0.00000000000000e+00	1
32	53	39	46	5.00000000000000e-02	0.00000000000000e+00	0.00000000000000e+00	0.00000000000000e+00	4.85898356375036e+01	0.00000000000000e+00	1.39421244197859e+03	0.00000000000000e+00	1
33	54	40	47	5.00000000000000e-02	0.00000000000000e+00	0.00000000000000e+00	0.00000000000000e+00	4.97777542853015e+01	0.00000000000000e+00	1.28156946163239e+03	0.00000000000000e+00	1
34	55	41	48	5.00000000000000e-02	0.00000000000000e+00	0.00000000000000e+00	0.00000000000000e+00	4.97252708102948e+01	0.00000000000000e+00	1.27622396320717e+03	0.00000000000000e+00	1
35	56	42	49	5.00000000000000e-02	0.00000000000000e+00	0.00000000000000e+00	0.00000000000000e+00	4.94630302297136e+01	0.00000000000000e+00	1.44916054896789e+03	0.00000000000000e+00	1
36	57	43	50	5.00000000000000e-02	0.00000000000000e+00	0.00000000000000e+00	0.00000000000000e+00	4.95598543146375e+01	0.00000000000000e+00	1.47510871586815e+03	0.00000000000000e+00	1
37	58	44	51	5.00000000000000e-02	0.00000000000000e+00	0.00000000000000e+00	0.00000000000000e+00	4.94124637171130e+01	0.00000000000000e+00	1.50045921054317e+03	0.00000000000000e+00	1
38	59	45	52	5.00000000000000e-02	0.00000000000000e+00	0.00000000000000e+00	0.00000000000000e+00	4.91354258975703e+01	0.00000000000000e+00	1.25453719511539e+03	0.00000000000000e+00	1
39	60	46	53	5.00000000000000e-02	0.00000000000000e+00	0.00000000000000e+00	0.00000000000000e+00	4.91318389136524e+01	0.00000000000000e+00	1.36361826701971e+03	0.00000000000000e+00	1
40	61	47	54	5.00000000000000e-02	0.00000000000000e+00	0.00000000000000e+00	0.00000000000000e+00	4.90402719510270e+01	0.00000000000000e+00	1.34165996265248e+03	0.00000000000000e+00	1
41	62	48	55	5.00000000000000e-02	0.00000000000000e+00	0.00000000000000e+00	0.00000000000000e+00	4.90761728378512e+01	0.00000000000000e+00	1.38154120447396e+03	0.00000000000000e+00	1
42	63	49	56	5.00000000000000e-02	0.00000000000000e+00	0.00000000000000e+00	0.00000000000000e+00	4.89532173822230e+01	0.00000000000000e+00	1.31399372406257e+03	0.00000000000000e+00	1
43	64	50	57	5.00000000000000e-02	0.00000000000000e+00	0.00000000000000e+00	0.00000000000000e+00	4.87364311046309e+01	0.00000000000000e+00	1.30119315072249e+03	0.00000000000000e+00	1
44	65	51	58	5.00000000000000e-02	0.00000000000000e+00	0.00000000000000e+00	0.00000000000000e+00	4.86499660939648e+01	0.00000000000000e+00	1.38502447544750e+03	0.00000000000000e+00	1
45	66	52	59	5.00000000000000e-02	0.00000000000000e+00	0.00000000000000e+00	0.00000000000000e+00	4.85416464840992e+01	0.00000000000000e+00	1.27156989814493e+03	0.00000000000000e+00	1
46	67	53	60	5.00000000000000e-02	0.00000000000000e+00	0.00000000000000e+00	0.00000000000000e+00	4.82904008567770e+01	0.00000000000000e+00	1.27710272432366e+03	0.00000000000000e+00	1
47	68	54	61	5.00000000000000e-02	0.00000000000000e+00	0.00000000000000e+00	0.00000000000000e+00	4.81481208583594e+01	0.00000000000000e+00	1.13686385159663e+03	0.00000000000000e+00	1
48	69	55	62	5.00000000000000e-02	0.00000000000000e+00	0.00000000000000e+00	0.00000000000000e+00	4.81356137089353e+01	0.00000000000000e+00	1.13438696555178e+03	0.00000000000000e+00	1
49	70	56	63	5.00000000000000e-02	0.00000000000000e+00	0.00000000000000e+00	0.00000000000000e+00	4.79177348724638e+01	0.00000000000000e+00	1.17480130759783e+03	0.00000000000000e+00	1
50	71	57	64	5.00000000000000e-02	0.00000000000000e+00	0.00000000000000e+00	0.00000000000000e+00	4.77383775260484e+01	0.00000000000000e+00	1.09525395287441e+03	0.00000000000000e+00	1
51	72	58	65	5.00000000000000e-02	0.00000000000000e+00	0.00000000000000e+00	0.00000000000000e+00	4.76389019640136e+01	0.00000000000000e+00	1.18540051773504e+03	0.00000000000000e+00	1
1	25	9	17	5.00000000000000e-02	0.00000000000000e+00	0.00000000000000e+00	0.00000000000000e+00	5.23031335620669e+01	0.00000000000000e+00	1.36744220955408e+03	0.00000000000000e+00	1
2	26	10	18	5.00000000000000e-02	0.00000000000000e+00	0.00000000000000e+00	0.00000000000000e+00	5.25396406170374e+01	0.00000000000000e+00	1.30257152257298e+03	0.00000000000000e+00	1
3	27	11	19	5.00000000000000e-02	0.00000000000000e+00	0.00000000000000e+00	0.00000000000000e+00	5.24858491748961e+01	0.00000000000000e+00	1.28070571009905e+03	0.00000000000000e+00	1
4	28	12	20	5.00000000000000e-02	0.00000000000000e+00	0.00000000000000e+00	0.00000000000000e+00	5.25082454104735e+01	0.00000000000000e+00	1.19293617440077e+03	0.00000000000000e+00	1
5	29	13	21	5.00000000000000e-02	0.00000000000000e+00	0.00000000000000e+00	0.00000000000000e+00	5.25400542187150e+01	0.00000000000000e+00	1.37426932129923e+03	0.00000000000000e+00	1
6	30	14	22	5.00000000000000e-02	0.00000000000000e+00	0.00000000000000e+00	0.00000000000000e+00	5.28297454910589e+01	0.00000000000000e+00	1.30084668010983e+03	0.00000000000000e+00	1
7	31	15	23	5.00000000000000e-02	0.00000000000000e+00	0.00000000000000e+00	0.00000000000000e+00	5.28258297244505e+01	0.00000000000000e+00	1.34322682014729e+03	0.00000000000000e+00	1
8	32	16	24	5.00000000000000e-02	0.00000000000000e+00	0.00000000000000e+00	0.00000000000000e+00	5.29564578751444e+01	0.00000000000000e+00	1.26238388863337e+03	0.00000000000000e+00	1
9	33	17	25	5.00000000000000e-02	0.00000000000000e+00	0.00000000000000e+00	0.00000000000000e+00	5.24172901816423e+01	0.00000000000000e+00	1.21076938278048e+03	0.00000000000000e+00	1
10	34	18	26	5.00000000000000e-02	0.00000000000000e+00	0.00000000000000e+00	0.00000000000000e+00	5.12725549436897e+01	0.00000000000000e+00	1.11885518099291e+03	0.00000000000000e+00	1
11	35	19	27	5.00000000000000e-02	0.00000000000000e+00	0.00000000000000e+00	0.00000000000000e+00	5.06234805079956e+01	0.00000000000000e+00	1.12947627058178e+03	0.00000000000000e+00	1
12	36	20	28	5.00000000000000e-02	0.00000000000000e+00	0.00000000000000e+00	0.00000000000000e+00	5.07142669814177e+01	0.00000000000000e+00	1.11972593157919e+03	0.00000000000000e+00	1
13	37	21	29	5.00000000000000e-02	0.00000000000000e+00	0.00000000000000e+00	0.00000000000000e+00	5.14214573030988e+01	0.00000000000000e+00	1.09796162922146e+03	0.00000000000000e+00	1
14	38	22	30	5.00000000000000e-02	0.00000000000000e+00	0.00000000000000e+00	0.00000000000000e+00	5.28595291303215e+01	0.00000000000000e+00	1.13268368160570e+03	0.00000000000000e+00	1
15	39	23	31	5.00000000000000e-02	0.00000000000000e+00	0.00000000000000e+00	0.00000000000000e+00	5.47862464005536e+01	0.00000000000000e+00	1.29848043871638e+03	0.00000000000000e+00	1
16	40	24	32	5.00000000000000e-02	0.00000000000000e+00	0.00000000000000e+00	0.00000000000000e+00	5.71520743468845e+01	0.00000000000000e+00	1.40845645572227e+03	0.00000000000000e+00	1
17	41	25	33	5.00000000000000e-02	0.00000000000000e+00	0.00000000000000e+00	0.00000000000000e+00	5.90442044369003e+01	0.00000000000000e+00	1.77362465348631e+03	0.00000000000000e+00	1
18	42	26	34	5.00000000000000e-02	0.00000000000000e+00	0.00000000000000e+00	0.00000000000000e+00	6.00136635309090e+01	0.00000000000000e+00	1.82594233619197e+03	0.00000000000000e+00	1
19	43	27	35	5.00000000000000e-02	0.00000000000000e+00	0.00000000000000e+00	0.00000000000000e+00	5.98947818889776e+01	0.00000000000000e+00	1.93968507125484e+03	0.00000000000000e+00	1
20	44	28	36	5.00000000000000e-02	0.00000000000000e+00	0.00000000000000e+00	0.00000000000000e+00	6.01713970945114e+01	0.00000000000000e+00	1.91595980072651e+03	0.00000000000000e+00	1
21	45	29	37	5.00000000000000e-02	0.00000000000000e+00	0.00000000000000e+00	0.00000000000000e+00	6.02616936934433e+01	0.00000000000000e+00	1.87206661461796e+03	0.00000000000000e+00	1
22	46	30	38	5.00000000000000e-02	0.00000000000000e+00	0.00000000000000e+00	0.00000000000000e+00	5.97727489861414e+01	0.00000000000000e+00	1.99913949380564e+03	0.00000000000000e+00	1
23	47	31	39	5.00000000000000e-02	0.00000000000000e+00	0.00000000000000e+00	0.00000000000000e+00	5.91534247709958e+01	0.00000000000000e+00	1.96168737740449e+03	0.00000000000000e+00	1
24	48	32	40	5.00000000000000e-02	0.00000000000000e+00	0.00000000000000e+00	0.00000000000000e+00	5.83423023373845e+01	0.00000000000000e+00	1.79122222160500e+03	0.00000000000000e+00	1
25	49	33	41	5.00000000000000e-02	0.00000000000000e+00	0.00000000000000e+00	0.00000000000000e+00	5.70777068924038e+01	0.00000000000000e+00	1.65637835975302e+03	0.00000000000000e+00	1
26	50	34	42	5.00000000000000e-02	0.00000000000000e+00	0.00000000000000e+00	0.00000000000000e+00	5.48499518652152e+01	0.00000000000000e+00	1.28016938369023e+03	0.00000000000000e+00	1
27	51	35	43	5.00000000000000e-02	0.00000000000000e+00	0.00000000000000e+00	0.00000000000000e+00	5.33495934670094e+01	0.00000000000000e+00	1.23312444224921e+03	0.00000000000000e+00	1
28	52	36	44	5.00000000000000e-02	0.00000000000000e+00	0.00000000000000e+00	0.00000000000000e+00	5.23892653467109e+01	0.00000000000000e+00	1.12282328062289e+03	0.00000000000000e+00	1
29	53	37	45	5.00000000000000e-02	0.00000000000000e+00	0.00000000000000e+00	0.00000000000000e+00	5.20453211202320e+01	0.00000000000000e+00	1.13388213467002e+03	0.00000000000000e+00	1
30	54	38	46	5.00000000000000e-02	0.00000000000000e+00	0.00000000000000e+00	0.00000000000000e+00	5.27238576152225e+01	0.00000000000000e+00	1.12913429480062e+03	0.00000000000000e+00	1
31	55	39	47	5.00000000000000e-02	0.00000000000000e+00	0.00000000000000e+00	0.00000000000000e+00	5.37858583515007e+01	0.00000000000000e+00	1.19856195666266e+03	0.00000000000000e+00	1
32	56	40	48	5.00000000000000e-02	0.00000000000000e+00	0.00000000000000e+00	0.00000000000000e+00	5.52639699803295e+01	0.00000000000000e+00	1.32556646202110e+03	0.00000000000000e+00	1
33	57	41	49	5.00000000000000e-02	0.00000000000000e+00	0.00000000000000e+00	0.00000000000000e+00	5.61783611274308e+01	0.00000000000000e+00	1.31818259069565e+03	0.00000000000000e+00	1
34	58	42	50	5.00000000000000e-02	0.00000000000000e+00	0.00000000000000e+00	0.00000000000000e+00	5.66554756459986e+01	0.00000000000000e+00	1.29260973655687e+03	0.00000000000000e+00	1
35	59	43	51	5.00000000000000e-02	0.00000000000000e+00	0.00000000000000e+00	0.00000000000000e+00	5.60047718871923e+01	0.00000000000000e+00	1.34123509581753e+03	0.00000000000000e+00	1
36	60	44	52	5.00000000000000e-02	0.00000000000000e+00	0.00000000000000e+00	0.00000000000000e+00	5.61710154609371e+01	0.00000000000000e+00	1.38346499110218e+03	0.00000000000000e+00	1
37	61	45	53	5.00000000000000e-02	0.00000000000000e+00	0.00000000000000e+00	0.00000000000000e+00	5.61839592785604e+01	0.00000000000000e+00	1.48717819126399e+03	0.00000000000000e+00	1
38	62	46	54	5.00000000000000e-02	0.00000000000000e+00	0.00000000000000e+00	0.00000000000000e+00	5.59586321127005e+01	0.00000000000000e+00	1.26806687861710e+03	0.00000000000000e+00	1
39	63	47	55	5.00000000000000e-02	0.00000000000000e+00	0.00000000000000e+00	0.00000000000000e+00	5.58887419264584e+01	0.00000000000000e+00	1.42497061641223e+03	0.00000000000000e+00	1
40	64	48	56	5.00000000000000e-02	0.00000000000000e+00	0.00000000000000e+00	0.00000000000000e+00	5.57795526567381e+01	0.00000000000000e+00	1.32416360225042e+03	0.00000000000000e+00	1
41	65	49	57	5.00000000000000e-02	0.00000000000000e+00	0.00000000000000e+00	0.00000000000000e+00	5.57992268900847e+01	0.00000000000000e+00	1.39227535988548e+03	0.00000000000000e+00	1
42	66	50	58	5.00000000000000e-02	0.00000000000000e+00	0.00000000000000e+00	0.00000000000000e+00	5.53929184134122e+01	0.00000000000000e+00	1.40767530835979e+03	0.00000000000000e+00	1
43	67	51	59	5.00000000000000e-02	0.00000000000000e+00	0.00000000000000e+00	0.00000000000000e+00	5.56463627122633e+01	0.00000000000000e+00	1.29924088458923e+03	0.00000000000000e+00	1
44	68	52	60	5.00000000000000e-02	0.00000000000000e+00	0.00000000000000e+00	0.00000000000000e+00	5.53229203105274e+01	0.00000000000000e+00	1.45047095420288e+03	0.00000000000000e+00	1
45	69	53	61	5.00000000000000e-02	0.00000000000000e+00	0.00000000000000e+00	0.00000000000000e+00	5.53826446376119e+01	0.00000000000000e+00	1.29058826867617e+03	0.00000000000000e+00	1
46	70	54	62	5.00000000000000e-02	0.00000000000000e+00	0.00000000000000e+00	0.00000000000000e+00	5.51306388659232e+01	0.00000000000000e+00	1.37436059314878e+03	0.00000000000000e+00	1
47	71	55	63	5.00000000000000e-02	0.00000000000000e+00	0.00000000000000e+00	0.00000000000000e+00	5.48538425306871e+01	0.00000000000000e+00	1.22334356228763e+03	0.00000000000000e+00	1
48	72	56	64	5.00000000000000e-02	0.00000000000000e+00	0.00000000000000e+00	0.00000000000000e+00	5.46997176529973e+01	0.00000000000000e+00	1.21464509882425e+03	0.00000000000000e+00	1
1	28	10	19	5.00000000000000e-02	0.00000000000000e+00	0.00000000000000e+00	0.00000000000000e+00	5.92416298143135e+01	0.00000000000000e+00	1.29401774965149e+03	0.00000000000000e+00	1
2	29	11	20	5.00000000000000e-02	0.00000000000000e+00	0.00000000000000e+00	0.00000000000000e+00	5.91278546754313e+01	0.00000000000000e+00	1.35985329792963e+03	0.00000000000000e+00	1
3	30	12	21	5.00000000000000e-02	0.00000000000000e+00	0.00000000000000e+00	0.00000000000000e+00	5.91278732323016e+01	0.00000000000000e+00	1.20792033391825e+03	0.00000000000000e+00	1
4	31	13	22	5.00000000000000e-02	0.00000000000000e+00	0.00000000000000e+00	0.00000000000000e+00	5.92547435623745e+01	0.00000000000000e+00	1.31828355199536e+03	0.00000000000000e+00	1
5	32	14	23	5.00000000000000e-02	0.00000000000000e+00	0.00000000000000e+00	0.00000000000000e+00	5.93335686029675e+01	0.00000000000000e+00	1.29216937181638e+03	0.00000000000000e+00	1
6	33	15	24	5.00000000000000e-02	0.00000000000000e+00	0.00000000000000e+00	0.00000000000000e+00	5.89122387028545e+01	0.00000000000000e+00	1.17829815497192e+03	0.00000000000000e+00	1
7	34	16	25	5.00000000000000e-02	0.00000000000000e+00	0.00000000000000e+00	0.00000000000000e+00	5.78865735501362e+01	0.00000000000000e+00	1.11137434907435e+03	0.00000000000000e+00	1
8	35	17	26	5.00000000000000e-02	0.00000000000000e+00	0.00000000000000e+00	0.00000000000000e+00	5.70128127600235e+01	0.00000000000000e+00	1.04256028180944e+03	0.00000000000000e+00	1
9	36	18	27	5.00000000000000e-02	0.00000000000000e+00	0.00000000000000e+00	0.00000000000000e+00	5.66806449966353e+01	0.00000000000000e+00	1.06553146815372e+03	0.00000000000000e+00	1
10	37	19	28	5.00000000000000e-02	0.00000000000000e+00	0.00000000000000e+00	0.00000000000000e+00	5.69754083874618e+01	0.00000000000000e+00	1.10108358711385e+03	0.00000000000000e+00	1
11	38	20	29	5.00000000000000e-02	0.00000000000000e+00	0.00000000000000e+00	0.00000000000000e+00	5.82229133482711e+01	0.00000000000000e+00	1.06671656426498e+03	0.00000000000000e+00	1
12	39	21	30	5.00000000000000e-02	0.00000000000000e+00	0.00000000000000e+00	0.00000000000000e+00	5.99890810482926e+01	0.00000000000000e+00	1.21422876944935e+03	0.00000000000000e+00	1
13	40	22	31	5.00000000000000e-02	0.00000000000000e+00	0.00000000000000e+00	0.00000000000000e+00	6.20204969588472e+01	0.00000000000000e+00	1.28645323487855e+03	0.00000000000000e+00	1
14	41	23	32	5.00000000000000e-02	0.00000000000000e+00	0.00000000000000e+00	0.00000000000000e+00	6.42155194272854e+01	0.00000000000000e+00	1.38887994981835e+03	0.00000000000000e+00	1
15	42	24	33	5.00000000000000e-02	0.00000000000000e+00	0.00000000000000e+00	0.00000000000000e+00	6.62653967419533e+01	0.00000000000000e+00	1.68229846270233e+03	0.00000000000000e+00	1
16	43	25	34	5.00000000000000e-02	0.00000000000000e+00	0.00000000000000e+00	0.00000000000000e+00	6.70395516127007e+01	0.00000000000000e+00	1.90645620747819e+03	0.00000000000000e+00	1
17	44	26	35	5.00000000000000e-02	0.00000000000000e+00	0.00000000000000e+00	0.00000000000000e+00	6.71907593500794e+01	0.00000000000000e+00	1.82927018095188e+03	0.00000000000000e+00	1
18	45	27	36	5.00000000000000e-02	0.00000000000000e+00	0.00000000000000e+00	0.00000000000000e+00	6.77472689102153e+01	0.00000000000000e+00	1.73286384602212e+03	0.00000000000000e+00	1
19	46	28	37	5.00000000000000e-02	0.00000000000000e+00	0.00000000000000e+00	0.00000000000000e+00	6.78943613358892e+01	0.00000000000000e+00	2.06810800165737e+03	0.00000000000000e+00	1
20	47	29	38	5.00000000000000e-02	0.00000000000000e+00	0.00000000000000e+00	0.00000000000000e+00	6.71907806414562e+01	0.00000000000000e+00	1.99275362113657e+03	0.00000000000000e+00	1
21	48	30	39	5.00000000000000e-02	0.00000000000000e+00	0.00000000000000e+00	0.00000000000000e+00	6.67288119240370e+01	0.00000000000000e+00	1.98275364441381e+03	0.00000000000000e+00	1
22	49	31	40	5.00000000000000e-02	0.00000000000000e+00	0.00000000000000e+00	0.00000000000000e+00	6.60184104448686e+01	0.00000000000000e+00	1.63407350705013e+03	0.00000000000000e+00	1
23	50	32	41	5.00000000000000e-02	0.00000000000000e+00	0.00000000000000e+00	0.00000000000000e+00	6.52821273242657e+01	0.00000000000000e+00	1.69099560444690e+03	0.00000000000000e+00	1
24	51	33	42	5.00000000000000e-02	0.00000000000000e+00	0.00000000000000e+00	0.00000000000000e+00	6.40032004188803e+01	0.00000000000000e+00	1.55652542368477e+03	0.00000000000000e+00	1
25	52	34	43	5.00000000000000e-02	0.00000000000000e+00	0.00000000000000e+00	0.00000000000000e+00	6.20206014503060e+01	0.00000000000000e+00	1.31123862002925e+03	0.00000000000000e+00	1
26	53	35	44	5.00000000000000e-02	0.00000000000000e+00	0.00000000000000e+00	0.00000000000000e+00	6.01735946635243e+01	0.00000000000000e+00	1.24807750563226e+03	0.00000000000000e+00	1
27	54	36	45	5.00000000000000e-02	0.00000000000000e+00	0.00000000000000e+00	0.00000000000000e+00	5.88002388099160e+01	0.00000000000000e+00	1.22504891989708e+03	0.00000000000000e+00	1
28	55	37	46	5.00000000000000e-02	0.00000000000000e+00	0.00000000000000e+00	0.00000000000000e+00	5.81772181244564e+01	0.00000000000000e+00	1.17685451480291e+03	0.00000000000000e+00	1
29	56	38	47	5.00000000000000e-02	0.00000000000000e+00	0.00000000000000e+00	0.00000000000000e+00	5.84167997935691e+01	0.00000000000000e+00	1.09775029761544e+03	0.00000000000000e+00	1
30	57	39	48	5.00000000000000e-02	0.00000000000000e+00	0.00000000000000e+00	0.00000000000000e+00	5.91402816571618e+01	0.00000000000000e+00	1.15413819848140e+03	0.00000000000000e+00	1
31	58	40	49	5.00000000000000e-02	0.00000000000000e+00	0.00000000000000e+00	0.00000000000000e+00	6.04316986430007e+01	0.00000000000000e+00	1.09017775214538e+03	0.00000000000000e+00	1
32	59	41	50	5.00000000000000e-02	0.00000000000000e+00	0.00000000000000e+00	0.00000000000000e+00	6.18403721220105e+01	0.00000000000000e+00	1.12618783114236e+03	0.00000000000000e+00	1
33	60	42	51	5.00000000000000e-02	0.00000000000000e+00	0.00000000000000e+00	0.00000000000000e+00	6.30019811823223e+01	0.00000000000000e+00	1.35124294814545e+03	0.00000000000000e+00	1
34	61	43	52	5.00000000000000e-02	0.00000000000000e+00	0.00000000000000e+00	0.00000000000000e+00	6.29852832053003e+01	0.00000000000000e+00	1.37298781699020e+03	0.00000000000000e+00	1
35	62	44	53	5.00000000000000e-02	0.00000000000000e+00	0.00000000000000e+00	0.00000000000000e+00	6.26133091253228e+01	0.00000000000000e+00	1.34159824514339e+03	0.00000000000000e+00	1
36	63	45	54	5.00000000000000e-02	0.00000000000000e+00	0.00000000000000e+00	0.00000000000000e+00	6.29750463228810e+01	0.00000000000000e+00	1.44296232648250e+03	0.00000000000000e+00	1
37	64	46	55	5.00000000000000e-02	0.00000000000000e+00	0.00000000000000e+00	0.00000000000000e+00	6.29489325787555e+01	0.00000000000000e+00	1.48615992154529e+03	0.00000000000000e+00	1
38	65	47	56	5.00000000000000e-02	0.00000000000000e+00	0.00000000000000e+00	0.00000000000000e+00	6.26205240258497e+01	0.00000000000000e+00	1.47888423780355e+03	0.00000000000000e+00	1
39	66	48	57	5.00000000000000e-02	0.00000000000000e+00	0.00000000000000e+00	0.00000000000000e+00	6.26327644420663e+01	0.00000000000000e+00	1.39557494305570e+03	0.00000000000000e+00	1
40	67	49	58	5.00000000000000e-02	0.00000000000000e+00	0.00000000000000e+00	0.00000000000000e+00	6.24383623933817e+01	0.00000000000000e+00	1.52929435895303e+03	0.00000000000000e+00	1
41	68	50	59	5.00000000000000e-02	0.00000000000000e+00	0.00000000000000e+00	0.00000000000000e+00	6.23674420445420e+01	0.00000000000000e+00	1.46150627838920e+03	0.00000000000000e+00	1
42	69	51	60	5.00000000000000e-02	0.00000000000000e+00	0.00000000000000e+00	0.00000000000000e+00	6.23157368560429e+01	0.00000000000000e+00	1.43913446647992e+03	0.00000000000000e+00	1
43	70	52	61	5.00000000000000e-02	0.00000000000000e+00	0.00000000000000e+00	0.00000000000000e+00	6.24207130293278e+01	0.00000000000000e+00	1.36220029827432e+03	0.00000000000000e+00	1
44	71	53	62	5.00000000000000e-02	0.00000000000000e+00	0.00000000000000e+00	0.00000000000000e+00	6.22878081918178e+01	0.00000000000000e+00	1.31379769472731e+03	0.00000000000000e+00	1
45	72	54	63	5.00000000000000e-02	0.00000000000000e+00	0.00000000000000e+00	0.00000000000000e+00	6.18978360523384e+01	0.00000000000000e+00	1.37014809945088e+03	0.00000000000000e+00	1
1	31	11	21	5.00000000000000e-02	0.00000000000000e+00	0.00000000000000e+00	0.00000000000000e+00	6.56930279686723e+01	0.00000000000000e+00	1.21440097207189e+03	0.00000000000000e+00	1
2	32	12	22	5.00000000000000e-02	0.00000000000000e+00	0.00000000000000e+00	0.00000000000000e+00	6.56930740292213e+01	0.00000000000000e+00	1.31973687051852e+03	0.00000000000000e+00	1
3	33	13	23	5.00000000000000e-02	0.00000000000000e+00	0.00000000000000e+00	0.00000000000000e+00	6.52364440570519e+01	0.00000000000000e+00	1.09643510397028e+03	0.00000000000000e+00	1
4	34	14	24	5.00000000000000e-02	0.00000000000000e+00	0.00000000000000e+00	0.00000000000000e+00	6.43578455776311e+01	0.00000000000000e+00	1.06580962924667e+03	0.00000000000000e+00	1
5	35	15	25	5.00000000000000e-02	0.00000000000000e+00	0.00000000000000e+00	0.00000000000000e+00	6.34047008201116e+01	0.00000000000000e+00	1.11725882423959e+03	0.00000000000000e+00	1
6	36	16	26	5.00000000000000e-02	0.00000000000000e+00	0.00000000000000e+00	0.00000000000000e+00	6.30130128670082e+01	0.00000000000000e+00	1.08509660062225e+03	0.00000000000000e+00	1
7	37	17	27	5.00000000000000e-02	0.00000000000000e+00	0.00000000000000e+00	0.00000000000000e+00	6.30238276230040e+01	0.00000000000000e+00	1.01058716270995e+03	0.00000000000000e+00	1
8	38	18	28	5.00000000000000e-02	0.00000000000000e+00	0.00000000000000e+00	0.00000000000000e+00	6.37122132179348e+01	0.00000000000000e+00	1.06529892467077e+03	0.00000000000000e+00	1
9	39	19	29	5.00000000000000e-02	0.00000000000000e+00	0.00000000000000e+00	0.00000000000000e+00	6.49812186549083e+01	0.00000000000000e+00	1.10371457874676e+03	0.00000000000000e+00	1
10	40	20	30	5.00000000000000e-02	0.00000000000000e+00	0.00000000000000e+00	0.00000000000000e+00	6.69126033249670e+01	0.00000000000000e+00	1.17885257029287e+03	0.00000000000000e+00	1
11	41	21	31	5.00000000000000e-02	0.00000000000000e+00	0.00000000000000e+00	0.00000000000000e+00	6.89973428130588e+01	0.00000000000000e+00	1.20419365411258e+03	0.00000000000000e+00	1
12	42	22	32	5.00000000000000e-02	0.00000000000000e+00	0.00000000000000e+00	0.00000000000000e+00	7.14664789799929e+01	0.00000000000000e+00	1.42345207575261e+03	0.00000000000000e+00	1
13	43	23	33	5.00000000000000e-02	0.00000000000000e+00	0.00000000000000e+00	0.00000000000000e+00	7.34892874044580e+01	0.00000000000000e+00	1.57592309552792e+03	0.00000000000000e+00	1
14	44	24	34	5.00000000000000e-02	0.00000000000000e+00	0.00000000000000e+00	0.00000000000000e+00	7.42832200764713e+01	0.00000000000000e+00	1.62033847854425e+03	0.00000000000000e+00	1
15	45	25	35	5.00000000000000e-02	0.00000000000000e+00	0.00000000000000e+00	0.00000000000000e+00	7.45083101293128e+01	0.00000000000000e+00	1.82013748221540e+03	0.00000000000000e+00	1
16	46	26	36	5.00000000000000e-02	0.00000000000000e+00	0.00000000000000e+00	0.00000000000000e+00	7.48710736563704e+01	0.00000000000000e+00	2.05295271798191e+03	0.00000000000000e+00	1
17	47	27	37	5.00000000000000e-02	0.00000000000000e+00	0.00000000000000e+00	0.00000000000000e+00	7.50133287732018e+01	0.00000000000000e+00	1.89953718818401e+03	0.00000000000000e+00	1
18	48	28	38	5.00000000000000e-02	0.00000000000000e+00	0.00000000000000e+00	0.00000000000000e+00	7.47273283050509e+01	0.00000000000000e+00	2.02595490716207e+03	0.00000000000000e+00	1
19	49	29	39	5.00000000000000e-02	0.00000000000000e+00	0.00000000000000e+00	0.00000000000000e+00	7.43193908267039e+01	0.00000000000000e+00	1.78506904218704e+03	0.00000000000000e+00	1
20	50	30	40	5.00000000000000e-02	0.00000000000000e+00	0.00000000000000e+00	0.00000000000000e+00	7.35424181730448e+01	0.00000000000000e+00	1.70654051494437e+03	0.00000000000000e+00	1
21	51	31	41	5.00000000000000e-02	0.00000000000000e+00	0.00000000000000e+00	0.00000000000000e+00	7.30683862221619e+01	0.00000000000000e+00	1.81944279101230e+03	0.00000000000000e+00	1
22	52	32	42	5.00000000000000e-02	0.00000000000000e+00	0.00000000000000e+00	0.00000000000000e+00	7.22960674570027e+01	0.00000000000000e+00	1.50981286255781e+03	0.00000000000000e+00	1
23	53	33	43	5.00000000000000e-02	0.00000000000000e+00	0.00000000000000e+00	0.00000000000000e+00	7.09612807328883e+01	0.00000000000000e+00	1.50537642551468e+03	0.00000000000000e+00	1
24	54	34	44	5.00000000000000e-02	0.00000000000000e+00	0.00000000000000e+00	0.00000000000000e+00	6.87774145991260e+01	0.00000000000000e+00	1.32381670895595e+03	0.00000000000000e+00	1
25	55	35	45	5.00000000000000e-02	0.00000000000000e+00	0.00000000000000e+00	0.00000000000000e+00	6.66534625132359e+01	0.00000000000000e+00	1.20672492764792e+03	0.00000000000000e+00	1
26	56	36	46	5.00000000000000e-02	0.00000000000000e+00	0.00000000000000e+00	0.00000000000000e+00	6.52536281305192e+01	0.00000000000000e+00	1.16914398743644e+03	0.00000000000000e+00	1
27	57	37	47	5.00000000000000e-02	0.00000000000000e+00	0.00000000000000e+00	0.00000000000000e+00	6.43688312885703e+01	0.00000000000000e+00	1.18511982044740e+03	0.00000000000000e+00	1
28	58	38	48	5.00000000000000e-02	0.00000000000000e+00	0.00000000000000e+00	0.00000000000000e+00	6.43183440272883e+01	0.00000000000000e+00	1.11431230583151e+03	0.00000000000000e+00	1
29	59	39	49	5.00000000000000e-02	0.00000000000000e+00	0.00000000000000e+00	0.00000000000000e+00	6.47537204834776e+01	0.00000000000000e+00	1.08248764629450e+03	0.00000000000000e+00	1
30	60	40	50	5.00000000000000e-02	0.00000000000000e+00	0.00000000000000e+00	0.00000000000000e+00	6.60501164208540e+01	0.00000000000000e+00	1.21366788049803e+03	0.00000000000000e+00	1
31	61	41	51	5.00000000000000e-02	0.00000000000000e+00	0.00000000000000e+00	0.00000000000000e+00	6.68180885266866e+01	0.00000000000000e+00	1.22241037721131e+03	0.00000000000000e+00	1
32	62	42	52	5.00000000000000e-02	0.00000000000000e+00	0.00000000000000e+00	0.00000000000000e+00	6.82510811515617e+01	0.00000000000000e+00	1.15241302014970e+03	0.00000000000000e+00	1
33	63	43	53	5.00000000000000e-02	0.00000000000000e+00	0.00000000000000e+00	0.00000000000000e+00	6.92818624415570e+01	0.00000000000000e+00	1.26065255316006e+03	0.00000000000000e+00	1
34	64	44	54	5.00000000000000e-02	0.00000000000000e+00	0.00000000000000e+00	0.00000000000000e+00	6.96083331438973e+01	0.00000000000000e+00	1.34844753534887e+03	0.00000000000000e+00	1
35	65	45	55	5.00000000000000e-02	0.00000000000000e+00	0.00000000000000e+00	0.00000000000000e+00	6.94501473208655e+01	0.00000000000000e+00	1.33978254564340e+03	0.00000000000000e+00	1
36	66	46	56	5.00000000000000e-02	0.00000000000000e+00	0.00000000000000e+00	0.00000000000000e+00	6.96128753297942e+01	0.00000000000000e+00	1.36057151644629e+03	0.00000000000000e+00	1
37	67	47	57	5.00000000000000e-02	0.00000000000000e+00	0.00000000000000e+00	0.00000000000000e+00	6.98081822860283e+01	0.00000000000000e+00	1.29061924600964e+03	0.00000000000000e+00	1
38	68	48	58	5.00000000000000e-02	0.00000000000000e+00	0.00000000000000e+00	0.00000000000000e+00	6.94286291626980e+01	0.00000000000000e+00	1.31353434905515e+03	0.00000000000000e+00	1
39	69	49	59	5.00000000000000e-02	0.00000000000000e+00	0.00000000000000e+00	0.00000000000000e+00	6.94547832377493e+01	0.00000000000000e+00	1.36064188415960e+03	0.00000000000000e+00	1
40	70	50	60	5.00000000000000e-02	0.00000000000000e+00	0.00000000000000e+00	0.00000000000000e+00	6.88806231628558e+01	0.00000000000000e+00	1.37106684396281e+03	0.00000000000000e+00	1
41	71	51	61	5.00000000000000e-02	0.00000000000000e+00	0.00000000000000e+00	0.00000000000000e+00	6.91677442075246e+01	0.00000000000000e+00	1.47285352385490e+03	0.00000000000000e+00	1
42	72	52	62	5.00000000000000e-02	0.00000000000000e+00	0.00000000000000e+00	0.00000000000000e+00	6.91652029586946e+01	0.00000000000000e+00	1.26017830480856e+03	0.00000000000000e+00	1
1	34	12	23	5.00000000000000e-02	0.00000000000000e+00	0.00000000000000e+00	0.00000000000000e+00	7.07269978374330e+01	0.00000000000000e+00	1.05183797455980e+03	0.00000000000000e+00	1
2	35	13	24	5.00000000000000e-02	0.00000000000000e+00	0.00000000000000e+00	0.00000000000000e+00	6.97157088379238e+01	0.00000000000000e+00	1.04176182203013e+03	0.00000000000000e+00	1
3	36	14	25	5.00000000000000e-02	0.00000000000000e+00	0.00000000000000e+00	0.00000000000000e+00	6.92547925283718e+01	0.00000000000000e+00	1.05189149040314e+03	0.00000000000000e+00	1
4	37	15	26	5.00000000000000e-02	0.00000000000000e+00	0.00000000000000e+00	0.00000000000000e+00	6.91803479458781e+01	0.00000000000000e+00	8.64874818579991e+02	0.00000000000000e+00	1
5	38	16	27	5.00000000000000e-02	0.00000000000000e+00	0.00000000000000e+00	0.00000000000000e+00	6.96293570433393e+01	0.00000000000000e+00	9.76450341525708e+02	0.00000000000000e+00	1
6	39	17	28	5.00000000000000e-02	0.00000000000000e+00	0.00000000000000e+00	0.00000000000000e+00	7.04943759667509e+01	0.00000000000000e+00	1.06370935333793e+03	0.00000000000000e+00	1
7	40	18	29	5.00000000000000e-02	0.00000000000000e+00	0.00000000000000e+00	0.00000000000000e+00	7.18557456675968e+01	0.00000000000000e+00	1.14256941374619e+03	0.00000000000000e+00	1
8	41	19	30	5.00000000000000e-02	0.00000000000000e+00	0.00000000000000e+00	0.00000000000000e+00	7.37588624282347e+01	0.00000000000000e+00	1.17042427546080e+03	0.00000000000000e+00	1
9	42	20	31	5.00000000000000e-02	0.00000000000000e+00	0.00000000000000e+00	0.00000000000000e+00	7.60672755449878e+01	0.00000000000000e+00	1.21232987569075e+03	0.00000000000000e+00	1
10	43	21	32	5.00000000000000e-02	0.00000000000000e+00	0.00000000000000e+00	0.00000000000000e+00	7.85622062607740e+01	0.00000000000000e+00	1.52341405218118e+03	0.00000000000000e+00	1
11	44	22	33	5.00000000000000e-02	0.00000000000000e+00	0.00000000000000e+00	0.00000000000000e+00	8.06518521574003e+01	0.00000000000000e+00	1.66070566956811e+03	0.00000000000000e+00	1
12	45	23	34	5.00000000000000e-02	0.00000000000000e+00	0.00000000000000e+00	0.00000000000000e+00	8.16774807303436e+01	0.00000000000000e+00	1.55191093933205e+03	0.00000000000000e+00	1
13	46	24	35	5.00000000000000e-02	0.00000000000000e+00	0.00000000000000e+00	0.00000000000000e+00	8.17150369947227e+01	0.00000000000000e+00	1.79998029835554e+03	0.00000000000000e+00	1
14	47	25	36	5.00000000000000e-02	0.00000000000000e+00	0.00000000000000e+00	0.00000000000000e+00	8.20110850403746e+01	0.00000000000000e+00	1.88541602120800e+03	0.00000000000000e+00	1
15	48	26	37	5.00000000000000e-02	0.00000000000000e+00	0.00000000000000e+00	0.00000000000000e+00	8.21612980806996e+01	0.00000000000000e+00	1.84400720681869e+03	0.00000000000000e+00	1
16	49	27	38	5.00000000000000e-02	0.00000000000000e+00	0.00000000000000e+00	0.00000000000000e+00	8.16199154649032e+01	0.00000000000000e+00	1.90434221530355e+03	0.00000000000000e+00	1
17	50	28	39	5.00000000000000e-02	0.00000000000000e+00	0.00000000000000e+00	0.00000000000000e+00	8.13833273855907e+01	0.00000000000000e+00	2.07381936182629e+03	0.00000000000000e+00	1
18	51	29	40	5.00000000000000e-02	0.00000000000000e+00	0.00000000000000e+00	0.00000000000000e+00	8.12625767085139e+01	0.00000000000000e+00	1.83087048003824e+03	0.00000000000000e+00	1
19	52	30	41	5.00000000000000e-02	0.00000000000000e+00	0.00000000000000e+00	0.00000000000000e+00	8.10260507911024e+01	0.00000000000000e+00	1.83143528023221e+03	0.00000000000000e+00	1
20	53	31	42	5.00000000000000e-02	0.00000000000000e+00	0.00000000000000e+00	0.00000000000000e+00	8.00758567571062e+01	0.00000000000000e+00	1.75247283116883e+03	0.00000000000000e+00	1
21	54	32	43	5.00000000000000e-02	0.00000000000000e+00	0.00000000000000e+00	0.00000000000000e+00	7.89995105241331e+01	0.00000000000000e+00	1.65288105372392e+03	0.00000000000000e+00	1
22	55	33	44	5.00000000000000e-02	0.00000000000000e+00	0.00000000000000e+00	0.00000000000000e+00	7.75260462073428e+01	0.00000000000000e+00	1.54258812259006e+03	0.00000000000000e+00	1
23	56	34	45	5.00000000000000e-02	0.00000000000000e+00	0.00000000000000e+00	0.00000000000000e+00	7.51856712683592e+01	0.00000000000000e+00	1.32882566258295e+03	0.00000000000000e+00	1
24	57	35	46	5.00000000000000e-02	0.00000000000000e+00	0.00000000000000e+00	0.00000000000000e+00	7.31213312023577e+01	0.00000000000000e+00	1.15808172325320e+03	0.00000000000000e+00	1
25	58	36	47	5.00000000000000e-02	0.00000000000000e+00	0.00000000000000e+00	0.00000000000000e+00	7.17276343811772e+01	0.00000000000000e+00	1.11540737008265e+03	0.00000000000000e+00	1
26	59	37	48	5.00000000000000e-02	0.00000000000000e+00	0.00000000000000e+00	0.00000000000000e+00	7.07082837526916e+01	0.00000000000000e+00	1.11952544204538e+03	0.00000000000000e+00	1
27	60	38	49	5.00000000000000e-02	0.00000000000000e+00	0.00000000000000e+00	0.00000000000000e+00	7.05478087777430e+01	0.00000000000000e+00	1.04891644737586e+03	0.00000000000000e+00	1
28	61	39	50	5.00000000000000e-02	0.00000000000000e+00	0.00000000000000e+00	0.00000000000000e+00	7.07532128094127e+01	0.00000000000000e+00	1.10241836370531e+03	0.00000000000000e+00	1
29	62	40	51	5.00000000000000e-02	0.00000000000000e+00	0.00000000000000e+00	0.00000000000000e+00	7.11851717794977e+01	0.00000000000000e+00	1.12639995003729e+03	0.00000000000000e+00	1
30	63	41	52	5.00000000000000e-02	0.00000000000000e+00	0.00000000000000e+00	0.00000000000000e+00	7.19912725810691e+01	0.00000000000000e+00	1.07881066957369e+03	0.00000000000000e+00	1
31	64	42	53	5.00000000000000e-02	0.00000000000000e+00	0.00000000000000e+00	0.00000000000000e+00	7.31469314960515e+01	0.00000000000000e+00	1.13149483085746e+03	0.00000000000000e+00	1
32	65	43	54	5.00000000000000e-02	0.00000000000000e+00	0.00000000000000e+00	0.00000000000000e+00	7.46533558012506e+01	0.00000000000000e+00	1.12982419604615e+03	0.00000000000000e+00	1
33	66	44	55	5.00000000000000e-02	0.00000000000000e+00	0.00000000000000e+00	0.00000000000000e+00	7.59082169541906e+01	0.00000000000000e+00	1.14095276048041e+03	0.00000000000000e+00	1
34	67	45	56	5.00000000000000e-02	0.00000000000000e+00	0.00000000000000e+00	0.00000000000000e+00	7.65115138810867e+01	0.00000000000000e+00	1.37352227109731e+03	0.00000000000000e+00	1
35	68	46	57	5.00000000000000e-02	0.00000000000000e+00	0.00000000000000e+00	0.00000000000000e+00	7.64154134232386e+01	0.00000000000000e+00	1.26463108838478e+03	0.00000000000000e+00	1
36	69	47	58	5.00000000000000e-02	0.00000000000000e+00	0.00000000000000e+00	0.00000000000000e+00	7.65709551840609e+01	0.00000000000000e+00	1.29897073660492e+03	0.00000000000000e+00	1
37	70	48	59	5.00000000000000e-02	0.00000000000000e+00	0.00000000000000e+00	0.00000000000000e+00	7.66311405194671e+01	0.00000000000000e+00	1.37674520755026e+03	0.00000000000000e+00	1
38	71	49	60	5.00000000000000e-02	0.00000000000000e+00	0.00000000000000e+00	0.00000000000000e+00	7.58939757578767e+01	0.00000000000000e+00	1.32979147036079e+03	0.00000000000000e+00	1
39	72	50	61	5.00000000000000e-02	0.00000000000000e+00	0.00000000000000e+00	0.00000000000000e+00	7.57229348223360e+01	0.00000000000000e+00	1.25798803686969e+03	0.00000000000000e+00	1
1	37	13	25	5.00000000000000e-02	0.00000000000000e+00	0.00000000000000e+00	0.00000000000000e+00	7.53393401864660e+01	0.00000000000000e+00	9.34553079896796e+02	0.00000000000000e+00	1
2	38	14	26	5.00000000000000e-02	0.00000000000000e+00	0.00000000000000e+00	0.00000000000000e+00	7.55466726631554e+01	0.00000000000000e+00	9.09277159274096e+02	0.00000000000000e+00	1
3	39	15	27	5.00000000000000e-02	0.00000000000000e+00	0.00000000000000e+00	0.00000000000000e+00	7.61568021254637e+01	0.00000000000000e+00	1.01365029994363e+03	0.00000000000000e+00	1
4	40	16	28	5.00000000000000e-02	0.00000000000000e+00	0.00000000000000e+00	0.00000000000000e+00	7.73694157265203e+01	0.00000000000000e+00	1.11281034577144e+03	0.00000000000000e+00	1
5	41	17	29	5.00000000000000e-02	0.00000000000000e+00	0.00000000000000e+00	0.00000000000000e+00	7.88007616181125e+01	0.00000000000000e+00	9.93066701852942e+02	0.00000000000000e+00	1
6	42	18	30	5.00000000000000e-02	0.00000000000000e+00	0.00000000000000e+00	0.00000000000000e+00	8.07506673333072e+01	0.00000000000000e+00	1.09136369801047e+03	0.00000000000000e+00	1
7	43	19	31	5.00000000000000e-02	0.00000000000000e+00	0.00000000000000e+00	0.00000000000000e+00	8.29748616695655e+01	0.00000000000000e+00	1.23209514371271e+03	0.00000000000000e+00	1
8	44	20	32	5.00000000000000e-02	0.00000000000000e+00	0.00000000000000e+00	0.00000000000000e+00	8.57426656148999e+01	0.00000000000000e+00	1.30991598374765e+03	0.00000000000000e+00	1
9	45	21	33	5.00000000000000e-02	0.00000000000000e+00	0.00000000000000e+00	0.00000000000000e+00	8.80116572352522e+01	0.00000000000000e+00	1.50969802807398e+03	0.00000000000000e+00	1
10	46	22	34	5.00000000000000e-02	0.00000000000000e+00	0.00000000000000e+00	0.00000000000000e+00	8.87277851042210e+01	0.00000000000000e+00	1.66401764687878e+03	0.00000000000000e+00	1
11	47	23	35	5.00000000000000e-02	0.00000000000000e+00	0.00000000000000e+00	0.00000000000000e+00	8.87894154418014e+01	0.00000000000000e+00	1.67516964783496e+03	0.00000000000000e+00	1
12	48	24	36	5.00000000000000e-02	0.00000000000000e+00	0.00000000000000e+00	0.00000000000000e+00	8.91177428157260e+01	0.00000000000000e+00	1.66671590736560e+03	0.00000000000000e+00	1
13	49	25	37	5.00000000000000e-02	0.00000000000000e+00	0.00000000000000e+00	0.00000000000000e+00	8.92111756096397e+01	0.00000000000000e+00	1.97867699643946e+03	0.00000000000000e+00	1
14	50	26	38	5.00000000000000e-02	0.00000000000000e+00	0.00000000000000e+00	0.00000000000000e+00	8.86151832638625e+01	0.00000000000000e+00	1.59423865528378e+03	0.00000000000000e+00	1
15	51	27	39	5.00000000000000e-02	0.00000000000000e+00	0.00000000000000e+00	0.00000000000000e+00	8.85730887852927e+01	0.00000000000000e+00	1.81654999786271e+03	0.00000000000000e+00	1
16	52	28	40	5.00000000000000e-02	0.00000000000000e+00	0.00000000000000e+00	0.00000000000000e+00	8.83654245335532e+01	0.00000000000000e+00	1.86808575233247e+03	0.00000000000000e+00	1
17	53	29	41	5.00000000000000e-02	0.00000000000000e+00	0.00000000000000e+00	0.00000000000000e+00	8.83049617828081e+01	0.00000000000000e+00	1.95100825477052e+03	0.00000000000000e+00	1
18	54	30	42	5.00000000000000e-02	0.00000000000000e+00	0.00000000000000e+00	0.00000000000000e+00	8.77768580657441e+01	0.00000000000000e+00	1.78375903841996e+03	0.00000000000000e+00	1
19	55	31	43	5.00000000000000e-02	0.00000000000000e+00	0.00000000000000e+00	0.00000000000000e+00	8.68899474558250e+01	0.00000000000000e+00	1.78051703877424e+03	0.00000000000000e+00	1
20	56	32	44	5.00000000000000e-02	0.00000000000000e+00	0.00000000000000e+00	0.00000000000000e+00	8.56044385879489e+01	0.00000000000000e+00	1.53194928596645e+03	0.00000000000000e+00	1
21	57	33	45	5.00000000000000e-02	0.00000000000000e+00	0.00000000000000e+00	0.00000000000000e+00	8.37246379731248e+01	0.00000000000000e+00	1.42752840558160e+03	0.00000000000000e+00	1
22	58	34	46	5.00000000000000e-02	0.00000000000000e+00	0.00000000000000e+00	0.00000000000000e+00	8.16890399925939e+01	0.00000000000000e+00	1.30490782179012e+03	0.00000000000000e+00	1
23	59	35	47	5.00000000000000e-02	0.00000000000000e+00	0.00000000000000e+00	0.00000000000000e+00	7.96268520076874e+01	0.00000000000000e+00	1.25223162142248e+03	0.00000000000000e+00	1
24	60	36	48	5.00000000000000e-02	0.00000000000000e+00	0.00000000000000e+00	0.00000000000000e+00	7.83310253788684e+01	0.00000000000000e+00	1.04667238205187e+03	0.00000000000000e+00	1
25	61	37	49	5.00000000000000e-02	0.00000000000000e+00	0.00000000000000e+00	0.00000000000000e+00	7.72207880004224e+01	0.00000000000000e+00	1.09883573729469e+03	0.00000000000000e+00	1
26	62	38	50	5.00000000000000e-02	0.00000000000000e+00	0.00000000000000e+00	0.00000000000000e+00	7.67702373904269e+01	0.00000000000000e+00	1.00370438329458e+03	0.00000000000000e+00	1
27	63	39	51	5.00000000000000e-02	0.00000000000000e+00	0.00000000000000e+00	0.00000000000000e+00	7.64521067370425e+01	0.00000000000000e+00	1.00790563001734e+03	0.00000000000000e+00	1
28	64	40	52	5.00000000000000e-02	0.00000000000000e+00	0.00000000000000e+00	0.00000000000000e+00	7.66674993253178e+01	0.00000000000000e+00	1.01016351451327e+03	0.00000000000000e+00	1
29	65	41	53	5.00000000000000e-02	0.00000000000000e+00	0.00000000000000e+00	0.00000000000000e+00	7.71019068944058e+01	0.00000000000000e+00	1.11332371140787e+03	0.00000000000000e+00	1
30	66	42	54	5.00000000000000e-02	0.00000000000000e+00	0.00000000000000e+00	0.00000000000000e+00	7.83451795454300e+01	0.00000000000000e+00	1.00246253796322e+03	0.00000000000000e+00	1
31	67	43	55	5.00000000000000e-02	0.00000000000000e+00	0.00000000000000e+00	0.00000000000000e+00	7.97209584352587e+01	0.00000000000000e+00	1.10695036294314e+03	0.00000000000000e+00	1
32	68	44	56	5.00000000000000e-02	0.00000000000000e+00	0.00000000000000e+00	0.00000000000000e+00	8.14679718650139e+01	0.00000000000000e+00	1.01019376079177e+03	0.00000000000000e+00	1
33	69	45	57	5.00000000000000e-02	0.00000000000000e+00	0.00000000000000e+00	0.00000000000000e+00	8.31660943640169e+01	0.00000000000000e+00	1.21185174577449e+03	0.00000000000000e+00	1
34	70	46	58	5.00000000000000e-02	0.00000000000000e+00	0.00000000000000e+00	0.00000000000000e+00	8.34278128157153e+01	0.00000000000000e+00	1.10018188023682e+03	0.00000000000000e+00	1
35	71	47	59	5.00000000000000e-02	0.00000000000000e+00	0.00000000000000e+00	0.00000000000000e+00	8.31576749327951e+01	0.00000000000000e+00	1.29586435264240e+03	0.00000000000000e+00	1
36	72	48	60	5.00000000000000e-02	0.00000000000000e+00	0.00000000000000e+00	0.00000000000000e+00	8.29847138912657e+01	0.00000000000000e+00	1.26601082774646e+03	0.00000000000000e+00	1
1	40	14	27	5.00000000000000e-02	0.00000000000000e+00	0.00000000000000e+00	0.00000000000000e+00	8.29226412388741e+01	0.00000000000000e+00	9.22082080087631e+02	0.00000000000000e+00	1
2	41	15	28	5.00000000000000e-02	0.00000000000000e+00	0.00000000000000e+00	0.00000000000000e+00	8.40773878132835e+01	0.00000000000000e+00	1.07953549166310e+03	0.00000000000000e+00	1
3	42	16	29	5.00000000000000e-02	0.00000000000000e+00	0.00000000000000e+00	0.00000000000000e+00	8.57667322829106e+01	0.00000000000000e+00	1.04419451249917e+03	0.00000000000000e+00	1
4	43	17	30	5.00000000000000e-02	0.00000000000000e+00	0.00000000000000e+00	0.00000000000000e+00	8.78586022997875e+01	0.00000000000000e+00	1.17462608809548e+03	0.00000000000000e+00	1
5	44	18	31	5.00000000000000e-02	0.00000000000000e+00	0.00000000000000e+00	0.00000000000000e+00	9.01163538576637e+01	0.00000000000000e+00	1.30727619289763e+03	0.00000000000000e+00	1
6	45	19	32	5.00000000000000e-02	0.00000000000000e+00	0.00000000000000e+00	0.00000000000000e+00	9.28239623518598e+01	0.00000000000000e+00	1.29546751651125e+03	0.00000000000000e+00	1
7	46	20	33	5.00000000000000e-02	0.00000000000000e+00	0.00000000000000e+00	0.00000000000000e+00	9.49926474148262e+01	0.00000000000000e+00	1.50236041733034e+03	0.00000000000000e+00	1
8	47	21	34	5.00000000000000e-02	0.00000000000000e+00	0.00000000000000e+00	0.00000000000000e+00	9.59409630783917e+01	0.00000000000000e+00	1.49577525290253e+03	0.00000000000000e+00	1
9	48	22	35	5.00000000000000e-02	0.00000000000000e+00	0.00000000000000e+00	0.00000000000000e+00	9.58382846668333e+01	0.00000000000000e+00	1.66245520429013e+03	0.00000000000000e+00	1
10	49	23	36	5.00000000000000e-02	0.00000000000000e+00	0.00000000000000e+00	0.00000000000000e+00	9.60276197834531e+01	0.00000000000000e+00	1.82874109864483e+03	0.00000000000000e+00	1
11	50	24	37	5.00000000000000e-02	0.00000000000000e+00	0.00000000000000e+00	0.00000000000000e+00	9.60139166198097e+01	0.00000000000000e+00	1.88699894611866e+03	0.00000000000000e+00	1
12	51	25	38	5.00000000000000e-02	0.00000000000000e+00	0.00000000000000e+00	0.00000000000000e+00	9.58464086901164e+01	0.00000000000000e+00	1.88217516290146e+03	0.00000000000000e+00	1
13	52	26	39	5.00000000000000e-02	0.00000000000000e+00	0.00000000000000e+00	0.00000000000000e+00	9.57793521179840e+01	0.00000000000000e+00	1.90955904565380e+03	0.00000000000000e+00	1
14	53	27	40	5.00000000000000e-02	0.00000000000000e+00	0.00000000000000e+00	0.00000000000000e+00	9.54581040905755e+01	0.00000000000000e+00	1.89854859945894e+03	0.00000000000000e+00	1
15	54	28	41	5.00000000000000e-02	0.00000000000000e+00	0.00000000000000e+00	0.00000000000000e+00	9.53114384570169e+01	0.00000000000000e+00	1.81620004990981e+03	0.00000000000000e+00	1
16	55	29	42	5.00000000000000e-02	0.00000000000000e+00	0.00000000000000e+00	0.00000000000000e+00	9.47539769735006e+01	0.00000000000000e+00	1.82840297404001e+03	0.00000000000000e+00	1
17	56	30	43	5.00000000000000e-02	0.00000000000000e+00	0.00000000000000e+00	0.00000000000000e+00	9.42032175648344e+01	0.00000000000000e+00	1.84233337368369e+03	0.00000000000000e+00	1
18	57	31	44	5.00000000000000e-02	0.00000000000000e+00	0.00000000000000e+00	0.00000000000000e+00	9.32751419724249e+01	0.00000000000000e+00	1.64221139199014e+03	0.00000000000000e+00	1
19	58	32	45	5.00000000000000e-02	0.00000000000000e+00	0.00000000000000e+00	0.00000000000000e+00	9.20688715133065e+01	0.00000000000000e+00	1.49236424114127e+03	0.00000000000000e+00	1
20	59	33	46	5.00000000000000e-02	0.00000000000000e+00	0.00000000000000e+00	0.00000000000000e+00	9.03078349828969e+01	0.00000000000000e+00	1.34465281200304e+03	0.00000000000000e+00	1
21	60	34	47	5.00000000000000e-02	0.00000000000000e+00	0.00000000000000e+00	0.00000000000000e+00	8.82638387930741e+01	0.00000000000000e+00	1.34064611274761e+03	0.00000000000000e+00	1
22	61	35	48	5.00000000000000e-02	0.00000000000000e+00	0.00000000000000e+00	0.00000000000000e+00	8.62186429621175e+01	0.00000000000000e+00	1.18917047207932e+03	0.00000000000000e+00	1
23	62	36	49	5.00000000000000e-02	0.00000000000000e+00	0.00000000000000e+00	0.00000000000000e+00	8.47346669039496e+01	0.00000000000000e+00	1.11936145833729e+03	0.00000000000000e+00	1
24	63	37	50	5.00000000000000e-02	0.00000000000000e+00	0.00000000000000e+00	0.00000000000000e+00	8.37175106591872e+01	0.00000000000000e+00	1.07935070287831e+03	0.00000000000000e+00	1
25	64	38	51	5.00000000000000e-02	0.00000000000000e+00	0.00000000000000e+00	0.00000000000000e+00	8.27493467894464e+01	0.00000000000000e+00	1.08774983598544e+03	0.00000000000000e+00	1
26	65	39	52	5.00000000000000e-02	0.00000000000000e+00	0.00000000000000e+00	0.00000000000000e+00	8.22497107913522e+01	0.00000000000000e+00	1.06351475442827e+03	0.00000000000000e+00	1
27	66	40	53	5.00000000000000e-02	0.00000000000000e+00	0.00000000000000e+00	0.00000000000000e+00	8.22357230005745e+01	0.00000000000000e+00	1.01277478655488e+03	0.00000000000000e+00	1
28	67	41	54	5.00000000000000e-02	0.00000000000000e+00	0.00000000000000e+00	0.00000000000000e+00	8.27453343243938e+01	0.00000000000000e+00	9.61101343035105e+02	0.00000000000000e+00	1
29	68	42	55	5.00000000000000e-02	0.00000000000000e+00	0.00000000000000e+00	0.00000000000000e+00	8.36660345693897e+01	0.00000000000000e+00	1.01641191221958e+03	0.00000000000000e+00	1
30	69	43	56	5.00000000000000e-02	0.00000000000000e+00	0.00000000000000e+00	0.00000000000000e+00	8.50918583445137e+01	0.00000000000000e+00	1.15197479594466e+03	0.00000000000000e+00	1
31	70	44	57	5.00000000000000e-02	0.00000000000000e+00	0.00000000000000e+00	0.00000000000000e+00	8.67028514998677e+01	0.00000000000000e+00	1.03466387798804e+03	0.00000000000000e+00	1
32	71	45	58	5.00000000000000e-02	0.00000000000000e+00	0.00000000000000e+00	0.00000000000000e+00	8.84322712560613e+01	0.00000000000000e+00	1.15737243393256e+03	0.00000000000000e+00	1
33	72	46	59	5.00000000000000e-02	0.00000000000000e+00	0.00000000000000e+00	0.00000000000000e+00	8.98150822685630e+01	0.00000000000000e+00	1.17277553795074e+03	0.00000000000000e+00	1
1	43	15	29	5.00000000000000e-02	0.00000000000000e+00	0.00000000000000e+00	0.00000000000000e+00	9.27740519648684e+01	0.00000000000000e+00	1.03213708801234e+03	0.00000000000000e+00	1
2	44	16	30	5.00000000000000e-02	0.00000000000000e+00	0.00000000000000e+00	0.00000000000000e+00	9.49615375905977e+01	0.00000000000000e+00	1.12958873548093e+03	0.00000000000000e+00	1
3	45	17	31	5.00000000000000e-02	0.00000000000000e+00	0.00000000000000e+00	0.00000000000000e+00	9.73416696590083e+01	0.00000000000000e+00	1.27198715743102e+03	0.00000000000000e+00	1
4	46	18	32	5.00000000000000e-02	0.00000000000000e+00	0.00000000000000e+00	0.00000000000000e+00	9.98825445892846e+01	0.00000000000000e+00	1.27867478473183e+03	0.00000000000000e+00	1
5	47	19	33	5.00000000000000e-02	0.00000000000000e+00	0.00000000000000e+00	0.00000000000000e+00	1.01952797209052e+02	0.00000000000000e+00	1.47621405851039e+03	0.00000000000000e+00	1
6	48	20	34	5.00000000000000e-02	0.00000000000000e+00	0.00000000000000e+00	0.00000000000000e+00	1.02797465267673e+02	0.00000000000000e+00	1.57987821121910e+03	0.00000000000000e+00	1
7	49	21	35	5.00000000000000e-02	0.00000000000000e+00	0.00000000000000e+00	0.00000000000000e+00	1.02774393465137e+02	0.00000000000000e+00	1.65171310405740e+03	0.00000000000000e+00	1
8	50	22	36	5.00000000000000e-02	0.00000000000000e+00	0.00000000000000e+00	0.00000000000000e+00	1.02960563855875e+02	0.00000000000000e+00	1.54393048966916e+03	0.00000000000000e+00	1
9	51	23	37	5.00000000000000e-02	0.00000000000000e+00	0.00000000000000e+00	0.00000000000000e+00	1.03212440780943e+02	0.00000000000000e+00	1.89751855286079e+03	0.00000000000000e+00	1
10	52	24	38	5.00000000000000e-02	0.00000000000000e+00	0.00000000000000e+00	0.00000000000000e+00	1.02805117487330e+02	0.00000000000000e+00	1.84767110049180e+03	0.00000000000000e+00	1
11	53	25	39	5.00000000000000e-02	0.00000000000000e+00	0.00000000000000e+00	0.00000000000000e+00	1.02765734331820e+02	0.00000000000000e+00	1.86841419849856e+03	0.00000000000000e+00	1
12	54	26	40	5.00000000000000e-02	0.00000000000000e+00	0.00000000000000e+00	0.00000000000000e+00	1.02442473729032e+02	0.00000000000000e+00	1.85464047227377e+03	0.00000000000000e+00	1
13	55	27	41	5.00000000000000e-02	0.00000000000000e+00	0.00000000000000e+00	0.00000000000000e+00	1.02274502925560e+02	0.00000000000000e+00	1.85238830665095e+03	0.00000000000000e+00	1
14	56	28	42	5.00000000000000e-02	0.00000000000000e+00	0.00000000000000e+00	0.00000000000000e+00	1.01732675463798e+02	0.00000000000000e+00	1.83969537802708e+03	0.00000000000000e+00	1
15	57	29	43	5.00000000000000e-02	0.00000000000000e+00	0.00000000000000e+00	0.00000000000000e+00	1.01135252037607e+02	0.00000000000000e+00	1.87464718106355e+03	0.00000000000000e+00	1
16	58	30	44	5.00000000000000e-02	0.00000000000000e+00	0.00000000000000e+00	0.00000000000000e+00	1.00462049240550e+02	0.00000000000000e+00	1.82116109818801e+03	0.00000000000000e+00	1
17	59	31	45	5.00000000000000e-02	0.00000000000000e+00	0.00000000000000e+00	0.00000000000000e+00	9.93982835670243e+01	0.00000000000000e+00	1.61503208396655e+03	0.00000000000000e+00	1
18	60	32	46	5.00000000000000e-02	0.00000000000000e+00	0.00000000000000e+00	0.00000000000000e+00	9.86690885839332e+01	0.00000000000000e+00	1.64086096060445e+03	0.00000000000000e+00	1
19	61	33	47	5.00000000000000e-02	0.00000000000000e+00	0.00000000000000e+00	0.00000000000000e+00	9.70340908215804e+01	0.00000000000000e+00	1.33483036203103e+03	0.00000000000000e+00	1
20	62	34	48	5.00000000000000e-02	0.00000000000000e+00	0.00000000000000e+00	0.00000000000000e+00	9.47486323257648e+01	0.00000000000000e+00	1.39739655896514e+03	0.00000000000000e+00	1
21	63	35	49	5.00000000000000e-02	0.00000000000000e+00	0.00000000000000e+00	0.00000000000000e+00	9.26702111432080e+01	0.00000000000000e+00	1.30783840384519e+03	0.00000000000000e+00	1
22	64	36	50	5.00000000000000e-02	0.00000000000000e+00	0.00000000000000e+00	0.00000000000000e+00	9.12402789481092e+01	0.00000000000000e+00	1.17442107168083e+03	0.00000000000000e+00	1
23	65	37	51	5.00000000000000e-02	0.00000000000000e+00	0.00000000000000e+00	0.00000000000000e+00	8.97384856792531e+01	0.00000000000000e+00	1.12491342234575e+03	0.00000000000000e+00	1
24	66	38	52	5.00000000000000e-02	0.00000000000000e+00	0.00000000000000e+00	0.00000000000000e+00	8.87953175905051e+01	0.00000000000000e+00	1.13735292717586e+03	0.00000000000000e+00	1
25	67	39	53	5.00000000000000e-02	0.00000000000000e+00	0.00000000000000e+00	0.00000000000000e+00	8.82737043037550e+01	0.00000000000000e+00	1.04849660930459e+03	0.00000000000000e+00	1
26	68	40	54	5.00000000000000e-02	0.00000000000000e+00	0.00000000000000e+00	0.00000000000000e+00	8.82577122614992e+01	0.00000000000000e+00	1.05262165209976e+03	0.00000000000000e+00	1
27	69	41	55	5.00000000000000e-02	0.00000000000000e+00	0.00000000000000e+00	0.00000000000000e+00	8.85300798957593e+01	0.00000000000000e+00	1.00098992350982e+03	0.00000000000000e+00	1
28	70	42	56	5.00000000000000e-02	0.00000000000000e+00	0.00000000000000e+00	0.00000000000000e+00	8.92966029325780e+01	0.00000000000000e+00	1.02070284113183e+03	0.00000000000000e+00	1
29	71	43	57	5.00000000000000e-02	0.00000000000000e+00	0.00000000000000e+00	0.00000000000000e+00	9.03290945872760e+01	0.00000000000000e+00	1.03352306669748e+03	0.00000000000000e+00	1
30	72	44	58	5.00000000000000e-02	0.00000000000000e+00	0.00000000000000e+00	0.00000000000000e+00	9.17319397893180e+01	0.00000000000000e+00	1.13802689046532e+03	0.00000000000000e+00	1
1	46	16	31	5.00000000000000e-02	0.00000000000000e+00	0.00000000000000e+00	0.00000000000000e+00	1.04526704828070e+02	0.00000000000000e+00	1.25903616319362e+03	0.00000000000000e+00	1
2	47	17	32	5.00000000000000e-02	0.00000000000000e+00	0.00000000000000e+00	0.00000000000000e+00	1.06956004100912e+02	0.00000000000000e+00	1.18768308374911e+03	0.00000000000000e+00	1
3	48	18	33	5.00000000000000e-02	0.00000000000000e+00	0.00000000000000e+00	0.00000000000000e+00	1.08808507441863e+02	0.00000000000000e+00	1.38611058641902e+03	0.00000000000000e+00	1
4	49	19	34	5.00000000000000e-02	0.00000000000000e+00	0.00000000000000e+00	0.00000000000000e+00	1.09573644331417e+02	0.00000000000000e+00	1.50811268789703e+03	0.00000000000000e+00	1
5	50	20	35	5.00000000000000e-02	0.00000000000000e+00	0.00000000000000e+00	0.00000000000000e+00	1.09532309995894e+02	0.00000000000000e+00	1.60843363888377e+03	0.00000000000000e+00	1
6	51	21	36	5.00000000000000e-02	0.00000000000000e+00	0.00000000000000e+00	0.00000000000000e+00	1.10059612001196e+02	0.00000000000000e+00	1.55980957371465e+03	0.00000000000000e+00	1
7	52	22	37	5.00000000000000e-02	0.00000000000000e+00	0.00000000000000e+00	0.00000000000000e+00	1.10180848884819e+02	0.00000000000000e+00	1.72094305234347e+03	0.00000000000000e+00	1
8	53	23	38	5.00000000000000e-02	0.00000000000000e+00	0.00000000000000e+00	0.00000000000000e+00	1.09961507318925e+02	0.00000000000000e+00	1.69754220220514e+03	0.00000000000000e+00	1
9	54	24	39	5.00000000000000e-02	0.00000000000000e+00	0.00000000000000e+00	0.00000000000000e+00	1.09618275739594e+02	0.00000000000000e+00	1.85715704620401e+03	0.00000000000000e+00	1
10	55	25	40	5.00000000000000e-02	0.00000000000000e+00	0.00000000000000e+00	0.00000000000000e+00	1.09235215298288e+02	0.00000000000000e+00	1.85905010392559e+03	0.00000000000000e+00	1
11	56	26	41	5.00000000000000e-02	0.00000000000000e+00	0.00000000000000e+00	0.00000000000000e+00	1.09082152738140e+02	0.00000000000000e+00	1.75885020283202e+03	0.00000000000000e+00	1
12	57	27	42	5.00000000000000e-02	0.00000000000000e+00	0.00000000000000e+00	0.00000000000000e+00	1.08525486679350e+02	0.00000000000000e+00	1.74967969594356e+03	0.00000000000000e+00	1
13	58	28	43	5.00000000000000e-02	0.00000000000000e+00	0.00000000000000e+00	0.00000000000000e+00	1.08176752292912e+02	0.00000000000000e+00	1.82466149732602e+03	0.00000000000000e+00	1
14	59	29	44	5.00000000000000e-02	0.00000000000000e+00	0.00000000000000e+00	0.00000000000000e+00	1.07410458766718e+02	0.00000000000000e+00	1.69863048260141e+03	0.00000000000000e+00	1
15	60	30	45	5.00000000000000e-02	0.00000000000000e+00	0.00000000000000e+00	0.00000000000000e+00	1.06784901380365e+02	0.00000000000000e+00	1.61648697220448e+03	0.00000000000000e+00	1
16	61	31	46	5.00000000000000e-02	0.00000000000000e+00	0.00000000000000e+00	0.00000000000000e+00	1.05757141513092e+02	0.00000000000000e+00	1.44169375486861e+03	0.00000000000000e+00	1
17	62	32	47	5.00000000000000e-02	0.00000000000000e+00	0.00000000000000e+00	0.00000000000000e+00	1.04819547432470e+02	0.00000000000000e+00	1.39292232735487e+03	0.00000000000000e+00	1
18	63	33	48	5.00000000000000e-02	0.00000000000000e+00	0.00000000000000e+00	0.00000000000000e+00	1.03487753012312e+02	0.00000000000000e+00	1.34730730746928e+03	0.00000000000000e+00	1
19	64	34	49	5.00000000000000e-02	0.00000000000000e+00	0.00000000000000e+00	0.00000000000000e+00	1.01331695849502e+02	0.00000000000000e+00	1.43422362064376e+03	0.00000000000000e+00	1
20	65	35	50	5.00000000000000e-02	0.00000000000000e+00	0.00000000000000e+00	0.00000000000000e+00	9.91608031251487e+01	0.00000000000000e+00	1.13276396890356e+03	0.00000000000000e+00	1
21	66	36	51	5.00000000000000e-02	0.00000000000000e+00	0.00000000000000e+00	0.00000000000000e+00	9.73108210547213e+01	0.00000000000000e+00	1.19634634677156e+03	0.00000000000000e+00	1
22	67	37	52	5.00000000000000e-02	0.00000000000000e+00	0.00000000000000e+00	0.00000000000000e+00	9.60180038250758e+01	0.00000000000000e+00	1.12408361205414e+03	0.00000000000000e+00	1
23	68	38	53	5.00000000000000e-02	0.00000000000000e+00	0.00000000000000e+00	0.00000000000000e+00	9.49908741725792e+01	0.00000000000000e+00	1.05761724309473e+03	0.00000000000000e+00	1
24	69	39	54	5.00000000000000e-02	0.00000000000000e+00	0.00000000000000e+00	0.00000000000000e+00	9.45784487672484e+01	0.00000000000000e+00	9.49124757251033e+02	0.00000000000000e+00	1
25	70	40	55	5.00000000000000e-02	0.00000000000000e+00	0.00000000000000e+00	0.00000000000000e+00	9.43480100363991e+01	0.00000000000000e+00	9.60257524712264e+02	0.00000000000000e+00	1
26	71	41	56	5.00000000000000e-02	0.00000000000000e+00	0.00000000000000e+00	0.00000000000000e+00	9.43536195796121e+01	0.00000000000000e+00	9.58770810319422e+02	0.00000000000000e+00	1
27	72	42	57	5.00000000000000e-02	0.00000000000000e+00	0.00000000000000e+00	0.00000000000000e+00	9.49186480658457e+01	0.00000000000000e+00	1.06940805804653e+03	0.00000000000000e+00	1
1	49	17	33	5.00000000000000e-02	0.00000000000000e+00	0.00000000000000e+00	0.00000000000000e+00	1.15844608559521e+02	0.00000000000000e+00	1.33356951162601e+03	0.00000000000000e+00	1
2	50	18	34	5.00000000000000e-02	0.00000000000000e+00	0.00000000000000e+00	0.00000000000000e+00	1.16245683231520e+02	0.00000000000000e+00	1.56480702251166e+03	0.00000000000000e+00	1
3	51	19	35	5.00000000000000e-02	0.00000000000000e+00	0.00000000000000e+00	0.00000000000000e+00	1.16392297636420e+02	0.00000000000000e+00	1.48274701916000e+03	0.00000000000000e+00	1
4	52	20	36	5.00000000000000e-02	0.00000000000000e+00	0.00000000000000e+00	0.00000000000000e+00	1.16953948921950e+02	0.00000000000000e+00	1.61830399129411e+03	0.00000000000000e+00	1
5	53	21	37	5.00000000000000e-02	0.00000000000000e+00	0.00000000000000e+00	0.00000000000000e+00	1.17246443850020e+02	0.00000000000000e+00	1.71683755776895e+03	0.00000000000000e+00	1
6	54	22	38	5.00000000000000e-02	0.00000000000000e+00	0.00000000000000e+00	0.00000000000000e+00	1.16690522130779e+02	0.00000000000000e+00	1.71187335041454e+03	0.00000000000000e+00	1
7	55	23	39	5.00000000000000e-02	0.00000000000000e+00	0.00000000000000e+00	0.00000000000000e+00	1.16453692882152e+02	0.00000000000000e+00	1.75857598839869e+03	0.00000000000000e+00	1
8	56	24	40	5.00000000000000e-02	0.00000000000000e+00	0.00000000000000e+00	0.00000000000000e+00	1.16134591853331e+02	0.00000000000000e+00	1.82182019126779e+03	0.00000000000000e+00	1
9	57	25	41	5.00000000000000e-02	0.00000000000000e+00	0.00000000000000e+00	0.00000000000000e+00	1.15824157852126e+02	0.00000000000000e+00	1.67818884619314e+03	0.00000000000000e+00	1
10	58	26	42	5.00000000000000e-02	0.00000000000000e+00	0.00000000000000e+00	0.00000000000000e+00	1.15336869235638e+02	0.00000000000000e+00	1.69566224637346e+03	0.00000000000000e+00	1
11	59	27	43	5.00000000000000e-02	0.00000000000000e+00	0.00000000000000e+00	0.00000000000000e+00	1.14843483923164e+02	0.00000000000000e+00	1.67358845903067e+03	0.00000000000000e+00	1
12	60	28	44	5.00000000000000e-02	0.00000000000000e+00	0.00000000000000e+00	0.00000000000000e+00	1.14536865037247e+02	0.00000000000000e+00	1.87541215090610e+03	0.00000000000000e+00	1
13	61	29	45	5.00000000000000e-02	0.00000000000000e+00	0.00000000000000e+00	0.00000000000000e+00	1.13681718473131e+02	0.00000000000000e+00	1.73388625446086e+03	0.00000000000000e+00	1
14	62	30	46	5.00000000000000e-02	0.00000000000000e+00	0.00000000000000e+00	0.00000000000000e+00	1.12903281493876e+02	0.00000000000000e+00	1.61505319023185e+03	0.00000000000000e+00	1
15	63	31	47	5.00000000000000e-02	0.00000000000000e+00	0.00000000000000e+00	0.00000000000000e+00	1.12035400361334e+02	0.00000000000000e+00	1.60204790462301e+03	0.00000000000000e+00	1
16	64	32	48	5.00000000000000e-02	0.00000000000000e+00	0.00000000000000e+00	0.00000000000000e+00	1.11006607014333e+02	0.00000000000000e+00	1.54071025931236e+03	0.00000000000000e+00	1
17	65	33	49	5.00000000000000e-02	0.00000000000000e+00	0.00000000000000e+00	0.00000000000000e+00	1.09620086012705e+02	0.00000000000000e+00	1.46049533889969e+03	0.00000000000000e+00	1
18	66	34	50	5.00000000000000e-02	0.00000000000000e+00	0.00000000000000e+00	0.00000000000000e+00	1.07796964754466e+02	0.00000000000000e+00	1.29846150838615e+03	0.00000000000000e+00	1
19	67	35	51	5.00000000000000e-02	0.00000000000000e+00	0.00000000000000e+00	0.00000000000000e+00	1.05532260063252e+02	0.00000000000000e+00	1.30684858193880e+03	0.00000000000000e+00	1
20	68	36	52	5.00000000000000e-02	0.00000000000000e+00	0.00000000000000e+00	0.00000000000000e+00	1.03711917525611e+02	0.00000000000000e+00	1.18392343309075e+03	0.00000000000000e+00	1
21	69	37	53	5.00000000000000e-02	0.00000000000000e+00	0.00000000000000e+00	0.00000000000000e+00	1.02339989386071e+02	0.00000000000000e+00	1.18754054504566e+03	0.00000000000000e+00	1
22	70	38	54	5.00000000000000e-02	0.00000000000000e+00	0.00000000000000e+00	0.00000000000000e+00	1.01409997459437e+02	0.00000000000000e+00	1.04486325013203e+03	0.00000000000000e+00	1
23	71	39	55	5.00000000000000e-02	0.00000000000000e+00	0.00000000000000e+00	0.00000000000000e+00	1.00666023518390e+02	0.00000000000000e+00	1.05699356017611e+03	0.00000000000000e+00	1
24	72	40	56	5.00000000000000e-02	0.00000000000000e+00	0.00000000000000e+00	0.00000000000000e+00	1.00395567939458e+02	0.00000000000000e+00	1.10853629295052e+03	0.00000000000000e+00	1
1	52	18	35	5.00000000000000e-02	0.00000000000000e+00	0.00000000000000e+00	0.00000000000000e+00	1.23367799472880e+02	0.00000000000000e+00	1.60656365899632e+03	0.00000000000000e+00	1
2	53	19	36	5.00000000000000e-02	0.00000000000000e+00	0.00000000000000e+00	0.00000000000000e+00	1.23708084267796e+02	0.00000000000000e+00	1.52693871893751e+03	0.00000000000000e+00	1
3	54	20	37	5.00000000000000e-02	0.00000000000000e+00	0.00000000000000e+00	0.00000000000000e+00	1.23797026676436e+02	0.00000000000000e+00	1.67187022051293e+03	0.00000000000000e+00	1
4	55	21	38	5.00000000000000e-02	0.00000000000000e+00	0.00000000000000e+00	0.00000000000000e+00	1.23537288469563e+02	0.00000000000000e+00	1.70532656309671e+03	0.00000000000000e+00	1
5	56	22	39	5.00000000000000e-02	0.00000000000000e+00	0.00000000000000e+00	0.00000000000000e+00	1.23247937312196e+02	0.00000000000000e+00	1.78790191124425e+03	0.00000000000000e+00	1
6	57	23	40	5.00000000000000e-02	0.00000000000000e+00	0.00000000000000e+00	0.00000000000000e+00	1.22785823276165e+02	0.00000000000000e+00	1.76060859510845e+03	0.00000000000000e+00	1
7	58	24	41	5.00000000000000e-02	0.00000000000000e+00	0.00000000000000e+00	0.00000000000000e+00	1.22601480206312e+02	0.00000000000000e+00	1.66258659506435e+03	0.00000000000000e+00	1
8	59	25	42	5.00000000000000e-02	0.00000000000000e+00	0.00000000000000e+00	0.00000000000000e+00	1.22180589212853e+02	0.00000000000000e+00	1.76219066173533e+03	0.00000000000000e+00	1
9	60	26	43	5.00000000000000e-02	0.00000000000000e+00	0.00000000000000e+00	0.00000000000000e+00	1.21877610639916e+02	0.00000000000000e+00	1.84415211265003e+03	0.00000000000000e+00	1
10	61	27	44	5.00000000000000e-02	0.00000000000000e+00	0.00000000000000e+00	0.00000000000000e+00	1.21088563699822e+02	0.00000000000000e+00	1.64133238120253e+03	0.00000000000000e+00	1
11	62	28	45	5.00000000000000e-02	0.00000000000000e+00	0.00000000000000e+00	0.00000000000000e+00	1.20422345254575e+02	0.00000000000000e+00	1.85263010590384e+03	0.00000000000000e+00	1
12	63	29	46	5.00000000000000e-02	0.00000000000000e+00	0.00000000000000e+00	0.00000000000000e+00	1.19814661358781e+02	0.00000000000000e+00	1.57034378934645e+03	0.00000000000000e+00	1
13	64	30	47	5.00000000000000e-02	0.00000000000000e+00	0.00000000000000e+00	0.00000000000000e+00	1.19099034094949e+02	0.00000000000000e+00	1.61309098281238e+03	0.00000000000000e+00	1
14	65	31	48	5.00000000000000e-02	0.00000000000000e+00	0.00000000000000e+00	0.00000000000000e+00	1.18077434838145e+02	0.00000000000000e+00	1.51940586036096e+03	0.00000000000000e+00	1
15	66	32	49	5.00000000000000e-02	0.00000000000000e+00	0.00000000000000e+00	0.00000000000000e+00	1.17211668602565e+02	0.00000000000000e+00	1.48682359239484e+03	0.00000000000000e+00	1
16	67	33	50	5.00000000000000e-02	0.00000000000000e+00	0.00000000000000e+00	0.00000000000000e+00	1.16027640304205e+02	0.00000000000000e+00	1.32717198744442e+03	0.00000000000000e+00	1
17	68	34	51	5.00000000000000e-02	0.00000000000000e+00	0.00000000000000e+00	0.00000000000000e+00	1.13917504664129e+02	0.00000000000000e+00	1.18605313210846e+03	0.00000000000000e+00	1
18	69	35	52	5.00000000000000e-02	0.00000000000000e+00	0.00000000000000e+00	0.00000000000000e+00	1.11970992563862e+02	0.00000000000000e+00	1.17432883988876e+03	0.00000000000000e+00	1
19	70	36	53	5.00000000000000e-02	0.00000000000000e+00	0.00000000000000e+00	0.00000000000000e+00	1.10197288023556e+02	0.00000000000000e+00	1.21604317893087e+03	0.00000000000000e+00	1
20	71	37	54	5.00000000000000e-02	0.00000000000000e+00	0.00000000000000e+00	0.00000000000000e+00	1.08701765023145e+02	0.00000000000000e+00	1.08512324218069e+03	0.00000000000000e+00	1
21	72	38	55	5.00000000000000e-02	0.00000000000000e+00	0.00000000000000e+00	0.00000000000000e+00	1.07588477035977e+02	0.00000000000000e+00	1.01911647190571e+03	0.00000000000000e+00	1
1	55	19	37	5.00000000000000e-02	0.00000000000000e+00	0.00000000000000e+00	0.00000000000000e+00	1.30511319380939e+02	0.00000000000000e+00	1.65905196958130e+03	0.00000000000000e+00	1
2	56	20	38	5.00000000000000e-02	0.00000000000000e+00	0.00000000000000e+00	0.00000000000000e+00	1.30083187902380e+02	0.00000000000000e+00	1.67670638366204e+03	0.00000000000000e+00	1
3	57	21	39	5.00000000000000e-02	0.00000000000000e+00	0.00000000000000e+00	0.00000000000000e+00	1.29804104521495e+02	0.00000000000000e+00	1.71862479611630e+03	0.00000000000000e+00	1
4	58	22	40	5.00000000000000e-02	0.00000000000000e+00	0.00000000000000e+00	0.00000000000000e+00	1.29571730162641e+02	0.00000000000000e+00	1.78104720882749e+03	0.00000000000000e+00	1
5	59	23	41	5.00000000000000e-02	0.00000000000000e+00	0.00000000000000e+00	0.00000000000000e+00	1.29371948721458e+02	0.00000000000000e+00	1.73751397191960e+03	0.00000000000000e+00	1
6	60	24	42	5.00000000000000e-02	0.00000000000000e+00	0.00000000000000e+00	0.00000000000000e+00	1.29050304368120e+02	0.00000000000000e+00	1.68718272550923e+03	0.00000000000000e+00	1
7	61	25	43	5.00000000000000e-02	0.00000000000000e+00	0.00000000000000e+00	0.00000000000000e+00	1.28474359634913e+02	0.00000000000000e+00	1.57439241326878e+03	0.00000000000000e+00	1
8	62	26	44	5.00000000000000e-02	0.00000000000000e+00	0.00000000000000e+00	0.00000000000000e+00	1.27961185779158e+02	0.00000000000000e+00	1.68636291154845e+03	0.00000000000000e+00	1
9	63	27	45	5.00000000000000e-02	0.00000000000000e+00	0.00000000000000e+00	0.00000000000000e+00	1.27138022417797e+02	0.00000000000000e+00	1.64951233054939e+03	0.00000000000000e+00	1
10	64	28	46	5.00000000000000e-02	0.00000000000000e+00	0.00000000000000e+00	0.00000000000000e+00	1.26414568879482e+02	0.00000000000000e+00	1.68916732225606e+03	0.00000000000000e+00	1
11	65	29	47	5.00000000000000e-02	0.00000000000000e+00	0.00000000000000e+00	0.00000000000000e+00	1.25722176946425e+02	0.00000000000000e+00	1.64222871145104e+03	0.00000000000000e+00	1
12	66	30	48	5.00000000000000e-02	0.00000000000000e+00	0.00000000000000e+00	0.00000000000000e+00	1.25106756133676e+02	0.00000000000000e+00	1.56870368497017e+03	0.00000000000000e+00	1
13	67	31	49	5.00000000000000e-02	0.00000000000000e+00	0.00000000000000e+00	0.00000000000000e+00	1.24402856944771e+02	0.00000000000000e+00	1.69532947302937e+03	0.00000000000000e+00	1
14	68	32	50	5.00000000000000e-02	0.00000000000000e+00	0.00000000000000e+00	0.00000000000000e+00	1.23601882803156e+02	0.00000000000000e+00	1.48710255442676e+03	0.00000000000000e+00	1
15	69	33	51	5.00000000000000e-02	0.00000000000000e+00	0.00000000000000e+00	0.00000000000000e+00	1.22243392858535e+02	0.00000000000000e+00	1.30676202955836e+03	0.00000000000000e+00	1
16	70	34	52	5.00000000000000e-02	0.00000000000000e+00	0.00000000000000e+00	0.00000000000000e+00	1.20190335994376e+02	0.00000000000000e+00	1.35271763282710e+03	0.00000000000000e+00	1
17	71	35	53	5.00000000000000e-02	0.00000000000000e+00	0.00000000000000e+00	0.00000000000000e+00	1.18046628493600e+02	0.00000000000000e+00	1.24439431149875e+03	0.00000000000000e+00	1
18	72	36	54	5.00000000000000e-02	0.00000000000000e+00	0.00000000000000e+00	0.00000000000000e+00	1.16571334940082e+02	0.00000000000000e+00	1.19247171723792e+03	0.00000000000000e+00	1
1	58	20	39	5.00000000000000e-02	0.00000000000000e+00	0.00000000000000e+00	0.00000000000000e+00	1.36536569344894e+02	0.00000000000000e+00	1.67578620948850e+03	0.00000000000000e+00	1
2	59	21	40	5.00000000000000e-02	0.00000000000000e+00	0.00000000000000e+00	0.00000000000000e+00	1.36174335647584e+02	0.00000000000000e+00	1.68086586561196e+03	0.00000000000000e+00	1
3	60	22	41	5.00000000000000e-02	0.00000000000000e+00	0.00000000000000e+00	0.00000000000000e+00	1.36145367664001e+02	0.00000000000000e+00	1.72487083916220e+03	0.00000000000000e+00	1
4	61	23	42	5.00000000000000e-02	0.00000000000000e+00	0.00000000000000e+00	0.00000000000000e+00	1.35685854565020e+02	0.00000000000000e+00	1.71967259211928e+03	0.00000000000000e+00	1
5	62	24	43	5.00000000000000e-02	0.00000000000000e+00	0.00000000000000e+00	0.00000000000000e+00	1.35201536467836e+02	0.00000000000000e+00	1.61199349311391e+03	0.00000000000000e+00	1
6	63	25	44	5.00000000000000e-02	0.00000000000000e+00	0.00000000000000e+00	0.00000000000000e+00	1.34582819130040e+02	0.00000000000000e+00	1.82208337849987e+03	0.00000000000000e+00	1
7	64	26	45	5.00000000000000e-02	0.00000000000000e+00	0.00000000000000e+00	0.00000000000000e+00	1.33741920681884e+02	0.00000000000000e+00	1.62312412439410e+03	0.00000000000000e+00	1
8	65	27	46	5.00000000000000e-02	0.00000000000000e+00	0.00000000000000e+00	0.00000000000000e+00	1.33080007622740e+02	0.00000000000000e+00	1.69236625960477e+03	0.00000000000000e+00	1
9	66	28	47	5.00000000000000e-02	0.00000000000000e+00	0.00000000000000e+00	0.00000000000000e+00	1.32438951849914e+02	0.00000000000000e+00	1.63764925425056e+03	0.00000000000000e+00	1
10	67	29	48	5.00000000000000e-02	0.00000000000000e+00	0.00000000000000e+00	0.00000000000000e+00	1.31800376644583e+02	0.00000000000000e+00	1.72755901131815e+03	0.00000000000000e+00	1
11	68	30	49	5.00000000000000e-02	0.00000000000000e+00	0.00000000000000e+00	0.00000000000000e+00	1.31280538022985e+02	0.00000000000000e+00	1.60704963187230e+03	0.00000000000000e+00	1
12	69	31	50	5.00000000000000e-02	0.00000000000000e+00	0.00000000000000e+00	0.00000000000000e+00	1.30790866455230e+02	0.00000000000000e+00	1.62216856052653e+03	0.00000000000000e+00	1
13	70	32	51	5.00000000000000e-02	0.00000000000000e+00	0.00000000000000e+00	0.00000000000000e+00	1.29776826099135e+02	0.00000000000000e+00	1.52144652014177e+03	0.00000000000000e+00	1
14	71	33	52	5.00000000000000e-02	0.00000000000000e+00	0.00000000000000e+00	0.00000000000000e+00	1.28260183316589e+02	0.00000000000000e+00	1.30040239414188e+03	0.00000000000000e+00	1
15	72	34	53	5.00000000000000e-02	0.00000000000000e+00	0.00000000000000e+00	0.00000000000000e+00	1.26307826332879e+02	0.00000000000000e+00	1.31558969835079e+03	0.00000000000000e+00	1
1	61	21	41	5.00000000000000e-02	0.00000000000000e+00	0.00000000000000e+00	0.00000000000000e+00	1.42807448659125e+02	0.00000000000000e+00	1.80351478005199e+03	0.00000000000000e+00	1
2	62	22	42	5.00000000000000e-02	0.00000000000000e+00	0.00000000000000e+00	0.00000000000000e+00	1.42234681321605e+02	0.00000000000000e+00	1.49034440666812e+03	0.00000000000000e+00	1
3	63	23	43	5.00000000000000e-02	0.00000000000000e+00	0.00000000000000e+00	0.00000000000000e+00	1.41754523867413e+02	0.00000000000000e+00	1.61030820273214e+03	0.00000000000000e+00	1
4	64	24	44	5.00000000000000e-02	0.00000000000000e+00	0.00000000000000e+00	0.00000000000000e+00	1.41155036749213e+02	0.00000000000000e+00	1.48207484344612e+03	0.00000000000000e+00	1
5	65	25	45	5.00000000000000e-02	0.00000000000000e+00	0.00000000000000e+00	0.00000000000000e+00	1.40338787862165e+02	0.00000000000000e+00	1.74409165710342e+03	0.00000000000000e+00	1
6	66	26	46	5.00000000000000e-02	0.00000000000000e+00	0.00000000000000e+00	0.00000000000000e+00	1.39663834468358e+02	0.00000000000000e+00	1.59285376354340e+03	0.00000000000000e+00	1
7	67	27	47	5.00000000000000e-02	0.00000000000000e+00	0.00000000000000e+00	0.00000000000000e+00	1.39052804883628e+02	0.00000000000000e+00	1.76371008900311e+03	0.00000000000000e+00	1
8	68	28	48	5.00000000000000e-02	0.00000000000000e+00	0.00000000000000e+00	0.00000000000000e+00	1.38613395120797e+02	0.00000000000000e+00	1.58648980714487e+03	0.00000000000000e+00	1
9	69	29	49	5.00000000000000e-02	0.00000000000000e+00	0.00000000000000e+00	0.00000000000000e+00	1.38125333948174e+02	0.00000000000000e+00	1.60123751800100e+03	0.00000000000000e+00	1
10	70	30	50	5.00000000000000e-02	0.00000000000000e+00	0.00000000000000e+00	0.00000000000000e+00	1.37565576029715e+02	0.00000000000000e+00	1.52379535637883e+03	0.00000000000000e+00	1
11	71	31	51	5.00000000000000e-02	0.00000000000000e+00	0.00000000000000e+00	0.00000000000000e+00	1.36568982488809e+02	0.00000000000000e+00	1.53902912860389e+03	0.00000000000000e+00	1
12	72	32	52	5.00000000000000e-02	0.00000000000000e+00	0.00000000000000e+00	0.00000000000000e+00	1.35726271350931e+02	0.00000000000000e+00	1.38578879195381e+03	0.00000000000000e+00	1
1	64	22	43	5.00000000000000e-02	0.00000000000000e+00	0.00000000000000e+00	0.00000000000000e+00	1.48351418437189e+02	0.00000000000000e+00	1.59221412528939e+03	0.00000000000000e+00	1
2	65	23	44	5.00000000000000e-02	0.00000000000000e+00	0.00000000000000e+00	0.00000000000000e+00	1.47598561153959e+02	0.00000000000000e+00	1.70953363740346e+03	0.00000000000000e+00	1
3	66	24	45	5.00000000000000e-02	0.00000000000000e+00	0.00000000000000e+00	0.00000000000000e+00	1.46788134720645e+02	0.00000000000000e+00	1.65635719312079e+03	0.00000000000000e+00	1
4	67	25	46	5.00000000000000e-02	0.00000000000000e+00	0.00000000000000e+00	0.00000000000000e+00	1.46333459423110e+02	0.00000000000000e+00	1.80348386701571e+03	0.00000000000000e+00	1
5	68	26	47	5.00000000000000e-02	0.00000000000000e+00	0.00000000000000e+00	0.00000000000000e+00	1.45762947639119e+02	0.00000000000000e+00	1.61985155689310e+03	0.00000000000000e+00	1
6	69	27	48	5.00000000000000e-02	0.00000000000000e+00	0.00000000000000e+00	0.00000000000000e+00	1.45243370765900e+02	0.00000000000000e+00	1.78695210923103e+03	0.00000000000000e+00	1
7	70	28	49	5.00000000000000e-02	0.00000000000000e+00	0.00000000000000e+00	0.00000000000000e+00	1.44708919673911e+02	0.00000000000000e+00	1.67679836250971e+03	0.00000000000000e+00	1
8	71	29	50	5.00000000000000e-02	0.00000000000000e+00	0.00000000000000e+00	0.00000000000000e+00	1.44247105868364e+02	0.00000000000000e+00	1.63995966091869e+03	0.00000000000000e+00	1
9	72	30	51	5.00000000000000e-02	0.00000000000000e+00	0.00000000000000e+00	0.00000000000000e+00	1.43434091582815e+02	0.00000000000000e+00	1.61123747051554e+03	0.00000000000000e+00	1
1	67	23	45	5.00000000000000e-02	0.00000000000000e+00	0.00000000000000e+00	0.00000000000000e+00	1.53522137367501e+02	0.00000000000000e+00	1.71109147551225e+03	0.00000000000000e+00	1
2	68	24	46	5.00000000000000e-02	0.00000000000000e+00	0.00000000000000e+00	0.00000000000000e+00	1.52833412122695e+02	0.00000000000000e+00	1.65249912202417e+03	0.00000000000000e+00	1
3	69	25	47	5.00000000000000e-02	0.00000000000000e+00	0.00000000000000e+00	0.00000000000000e+00	1.52341253373727e+02	0.00000000000000e+00	1.65946004565019e+03	0.00000000000000e+00	1
4	70	26	48	5.00000000000000e-02	0.00000000000000e+00	0.00000000000000e+00	0.00000000000000e+00	1.51847376223717e+02	0.00000000000000e+00	1.68239284107239e+03	0.00000000000000e+00	1
5	71	27	49	5.00000000000000e-02	0.00000000000000e+00	0.00000000000000e+00	0.00000000000000e+00	1.51203402695425e+02	0.00000000000000e+00	1.58960095695064e+03	0.00000000000000e+00	1
6	72	28	50	5.00000000000000e-02	0.00000000000000e+00	0.00000000000000e+00	0.00000000000000e+00	1.50779619373587e+02	0.00000000000000e+00	1.84858342836022e+03	0.00000000000000e+00	1
1	70	24	47	5.00000000000000e-02	0.00000000000000e+00	0.00000000000000e+00	0.00000000000000e+00	1.58951698710259e+02	0.00000000000000e+00	1.71121674108061e+03	0.00000000000000e+00	1
2	71	25	48	5.00000000000000e-02	0.00000000000000e+00	0.00000000000000e+00	0.00000000000000e+00	1.58204409018153e+02	0.00000000000000e+00	1.68645407467894e+03	0.00000000000000e+00	1
3	72	26	49	5.00000000000000e-02	0.00000000000000e+00	0.00000000000000e+00	0.00000000000000e+00	1.57647754383555e+02	0.00000000000000e+00	1.67461000733616e+03	0.00000000000000e+00	1
0
