90
# x y z
1.1208360790455	1616.971424533	0
2.241672158091	1616.8138357368	0
3.3625082371365	1616.6575799239	0
4.7635533357247	1616.5030823518	0
5.8843894147702	1616.2475842927	0
7.0052254938157	1616.1348962615	0
8.406270592383	1615.7343722465	0
9.5271066714285	1615.6100970198	0
10.928151770017	1615.2949934651	0
12.048987849062	1615.0245722337	0
13.169823927191	1614.8450878784	0
14.570869026675	1614.5474042773	0
15.691705104804	1614.2921785055	0
16.81254118385	1614.0515017403	0
18.213586282438	1613.8451781309	0
19.334422361483	1613.606515067	0
20.735467460967	1613.262496451	0
21.856303539096	1613.0596749442	0
22.977139618163	1612.7762637796	0
24.37818471673	1612.4114641463	0
25.499020795775	1612.1727337754	0
26.619856874821	1611.9237293062	0
28.020901973409	1611.4934130982	0
29.141738052455	1611.1956741218	0
30.2625741315	1610.845419518	0
31.663619230068	1610.5050238512	0
32.784455309113	1610.1272927191	0
34.185500407701	1609.5778750466	0
35.306336486747	1609.1763466283	0
36.427172565792	1608.8230399607	0
37.82821766436	1608.3707440599	0
38.949053743405	1607.9811684363	0
40.069889822451	1607.5638687784	0
41.470934921039	1606.9710109013	0
42.591771000084	1606.5125848679	0
43.992816098652	1605.8915568952	0
45.113652177718	1605.5176081071	0
46.234488256763	1605.1068601679	0
47.635533355331	1605.3889735325	0
48.756369434376	1606.1024316775	0
49.877205513422	1606.6963135379	0
51.27825061201	1607.4556627777	0
52.399086691055	1608.1718269675	0
53.800131789623	1609.0061778593	0
54.920967868668	1609.556053831	0
56.041803947714	1610.221126547	0
57.442849046302	1611.013884198	0
58.563685125348	1611.7066476006	0
59.684521204393	1612.3569152376	0
61.08556630296	1613.134070834	0
62.206402382006	1613.7333672318	0
63.327238460135	1614.284923735	0
64.72828355964	1615.0370515525	0
65.849119637769	1615.656996189	0
67.250164737273	1616.3947864047	0
68.371000815402	1616.908830915	0
69.491836894448	1617.4364598017	0
70.892881993015	1617.9844444484	0
72.013718072061	1618.4954093607	0
73.134554151106	1618.9334193637	0
74.535599249694	1619.6060384114	0
75.65643532874	1619.9621012981	0
77.057480427307	1620.5469704534	0
78.178316506353	1620.9218915207	0
79.299152585398	1621.2630746788	0
80.700197683987	1621.7987308358	0
81.821033763032	1622.1629274602	0
82.941869842078	1622.5782048505	0
84.342914940645	1623.0100226151	0
85.46375101969	1623.3272181919	0
86.864796118279	1623.7461270975	0
87.985632197324	1624.0354257837	0
89.10646827637	1624.3106781235	0
90.507513374958	1624.7152041481	0
91.628349454003	1624.9463900229	0
92.749185533049	1625.2291281182	0
94.150230631616	1625.5642732319	0
95.271066710662	1625.8608875705	0
96.391902789707	1626.0780007881	0
97.792947888295	1626.3882102106	0
98.913783967341	1626.6608467581	0
100.31482906591	1627.0430033213	0
101.43566514495	1627.3336713978	0
102.556501224	1627.6905526757	0
103.95754632259	1628.164124606	0
105.07838240163	1628.5391561179	0
106.19921848068	1628.878005255	0
107.60026357925	1629.3545665312	0
108.72109965829	1629.6792628545	0
110.12214475688	1630.0740875015	0
2670
# g s err t valid 
2	1	1.28354387176904e-04	2.47740116520187e-03	1
3	1	2.46789755525754e-04	4.72997113421858e-03	1
4	1	3.94722843144482e-04	7.60009106719829e-03	1
5	1	5.15122813402473e-04	9.69245654805099e-03	1
6	1	6.33398600715221e-04	1.30585766446140e-02	1
7	1	7.86219738160524e-04	1.44474973479976e-02	1
8	1	9.04440684170837e-04	1.80065205568101e-02	1
9	1	1.00821613785770e-03	1.98329085355028e-02	1
10	1	1.07080367643390e-03	2.17182537705164e-02	1
11	1	1.13296995924082e-03	2.51668112470538e-02	1
12	1	1.19084471798671e-03	2.50711275503222e-02	1
13	1	1.23736315703078e-03	2.49199975750054e-02	1
14	1	1.28078108685635e-03	2.46143457635652e-02	1
15	1	1.34291363890677e-03	2.64627578405347e-02	1
16	1	1.37327616931934e-03	2.78332640040256e-02	1
17	1	1.40818341536077e-03	2.78091046296372e-02	1
18	1	1.44549582857245e-03	2.93420557997747e-02	1
19	1	1.46460911830943e-03	2.80608273715685e-02	1
20	1	1.50697288875512e-03	3.02292206137223e-02	1
21	1	1.53732991020114e-03	3.14644298630580e-02	1
22	1	1.56779741207590e-03	2.89359417184258e-02	1
23	1	1.60049617815059e-03	3.14110457113423e-02	1
24	1	1.63280207750933e-03	3.35038272399230e-02	1
25	1	1.65838206684559e-03	3.11800927765951e-02	1
26	1	1.68708086912261e-03	3.56949392151832e-02	1
27	1	1.71245870576737e-03	3.57250848230454e-02	1
28	1	1.73433677908695e-03	3.42873920517445e-02	1
29	1	1.76314743196080e-03	3.46637997245975e-02	1
30	1	1.78561545653616e-03	3.74694935780403e-02	1
31	1	1.80021506497133e-03	3.78321795764862e-02	1
32	1	1.80427297354339e-03	3.29168148409760e-02	1
33	1	1.80823609577490e-03	3.38310312166027e-02	1
34	1	1.81093979790939e-03	4.09155734361991e-02	1
35	1	1.81589108490414e-03	3.45477846171963e-02	1
36	1	1.81704086243789e-03	3.73272794834257e-02	1
37	1	1.82482382361841e-03	3.57139702133135e-02	1
38	1	1.83342547932114e-03	3.76750108691735e-02	1
39	1	1.87791516442388e-03	3.58091495968351e-02	1
40	1	1.92332840569370e-03	3.90311920144546e-02	1
41	1	1.96944081933778e-03	3.80875078967283e-02	1
42	1	2.01815148165491e-03	3.67749757623232e-02	1
43	1	2.05795709141715e-03	4.52784736603960e-02	1
44	1	2.10700311763679e-03	4.08405098702149e-02	1
45	1	2.14220460892795e-03	4.64419409689447e-02	1
46	1	2.18364875957563e-03	4.83210656250725e-02	1
47	1	2.23650572335019e-03	4.33695822036875e-02	1
48	1	2.27898070251640e-03	4.42123756811761e-02	1
49	1	2.32274501437667e-03	5.07241051846299e-02	1
50	1	2.36315888196187e-03	4.72546833805718e-02	1
51	1	2.39987221661070e-03	5.32971030590208e-02	1
52	1	2.43044092792591e-03	4.48037671651251e-02	1
53	1	2.46993507212400e-03	5.15111698479310e-02	1
54	1	2.51009663622407e-03	4.80158149841054e-02	1
55	1	2.55828959309493e-03	5.37303440127954e-02	1
56	1	2.59185521750486e-03	5.24974366858987e-02	1
57	1	2.62728428189069e-03	5.33680129907946e-02	1
58	1	2.66106242382175e-03	5.64268300481924e-02	1
59	1	2.69327532373009e-03	4.85703837767225e-02	1
60	1	2.72296783913491e-03	5.61457807921276e-02	1
61	1	2.76731744749922e-03	5.66170469453720e-02	1
62	1	2.79278358823724e-03	5.69414871831042e-02	1
63	1	2.82435147638072e-03	5.40736373480547e-02	1
64	1	2.85433398770998e-03	5.60622028784277e-02	1
65	1	2.85902215727026e-03	5.29542460440857e-02	1
66	1	2.87454005459483e-03	5.78668171762712e-02	1
67	1	2.87877783515271e-03	5.58427227313169e-02	1
68	1	2.89451528213608e-03	6.03900482065400e-02	1
69	1	2.90692106675089e-03	5.70955298128838e-02	1
70	1	2.91900796483689e-03	5.61428168239089e-02	1
71	1	2.92706769804504e-03	6.30146431415907e-02	1
72	1	2.93822979689672e-03	5.70905409003856e-02	1
73	1	2.94739134263780e-03	5.61141016780198e-02	1
74	1	2.96617796537855e-03	6.13947267179036e-02	1
75	1	2.97642670528395e-03	5.70831749234635e-02	1
76	1	2.98440957622668e-03	6.06002755360287e-02	1
77	1	2.99572741703299e-03	5.44106116413115e-02	1
78	1	3.01346846127048e-03	5.73433627184500e-02	1
79	1	3.02292975269640e-03	6.06424503385821e-02	1
80	1	3.03966873173834e-03	6.22252993164396e-02	1
81	1	3.05205962769971e-03	5.65300333988781e-02	1
82	1	3.07165921095045e-03	6.36711129747431e-02	1
83	1	3.08208585889478e-03	6.31358818752638e-02	1
84	1	3.10035425471159e-03	5.89018285139335e-02	1
85	1	3.11833353065346e-03	6.29120247236368e-02	1
86	1	3.13849713626879e-03	6.01579577070991e-02	1
87	1	3.15349085597413e-03	6.17444014272824e-02	1
88	1	3.17229944961865e-03	6.38628182556248e-02	1
89	1	3.18914876238061e-03	6.78955491776154e-02	1
90	1	3.21920525778278e-03	6.59496420655569e-02	1
1	4	3.94722843144482e-04	7.58083586788240e-03	1
2	4	2.76368455967578e-04	4.96920237916759e-03	1
3	4	1.57933087618728e-04	2.86826396502128e-03	1
5	4	1.30399970257991e-04	2.47886489771939e-03	1
6	4	2.48675757570739e-04	4.89239907284508e-03	1
7	4	4.01496895016043e-04	7.93916034348885e-03	1
8	4	5.19717841026356e-04	1.02711628612823e-02	1
9	4	6.70421618580724e-04	1.31477681118826e-02	1
10	4	7.91291046049909e-04	1.57935126528696e-02	1
11	4	9.10243564550473e-04	1.87896164249697e-02	1
12	4	9.97303098872912e-04	1.83903435165429e-02	1
13	4	1.04405298741359e-03	1.93628119779813e-02	1
14	4	1.09019889895351e-03	2.34635263891149e-02	1
15	4	1.15233145100394e-03	2.27883235847190e-02	1
16	4	1.19118253036176e-03	2.46015030345184e-02	1
17	4	1.24290843783654e-03	2.70307058552307e-02	1
18	4	1.28022085104822e-03	2.40959783152796e-02	1
19	4	1.29933414078521e-03	2.49428598363901e-02	1
20	4	1.34232031459726e-03	2.70920034593753e-02	1
21	4	1.37322142251323e-03	2.66759510875582e-02	1
22	4	1.40701440571627e-03	2.86084486903345e-02	1
23	4	1.44009114522762e-03	3.07570327541510e-02	1
24	4	1.47458287772002e-03	2.75614135070118e-02	1
25	4	1.50284303236746e-03	3.01067902599653e-02	1
26	4	1.53613166148650e-03	3.50969684674627e-02	1
27	4	1.56150949813127e-03	2.93178634709671e-02	1
28	4	1.58776829541167e-03	3.08815631592916e-02	1
29	4	1.61973494767973e-03	3.34802307372477e-02	1
30	4	1.64704970030175e-03	3.39503905410023e-02	1
31	4	1.68386193164195e-03	3.27775555789184e-02	1
32	4	1.70855163194102e-03	3.45093355516820e-02	1
33	4	1.71838732406530e-03	3.39953245336612e-02	1
34	4	1.72209357631826e-03	3.06076036295569e-02	1
35	4	1.72704486331301e-03	3.24203056835984e-02	1
36	4	1.72934742197904e-03	3.19252646185608e-02	1
37	4	1.73749445647998e-03	3.99462799817366e-02	1
38	4	1.74717944284242e-03	3.54897154404939e-02	1
39	4	1.79393689536527e-03	3.67083754955301e-02	1
40	4	1.83942068658358e-03	3.38645421302388e-02	1
41	4	1.88553310022766e-03	3.77606284119240e-02	1
42	4	1.93551124704795e-03	3.88753306597289e-02	1
43	4	1.97531685681019e-03	3.62088295828141e-02	1
44	4	2.02436288302983e-03	3.81855938246902e-02	1
45	4	2.05956437432099e-03	4.01409257541168e-02	1
46	4	2.10100852496867e-03	3.83014691385656e-02	1
47	4	2.15386548874323e-03	4.36820312091046e-02	1
48	4	2.19780879717685e-03	4.61926940124462e-02	1
49	4	2.24266958522797e-03	4.30298298128655e-02	1
50	4	2.28344104894102e-03	4.73720184690976e-02	1
51	4	2.32048333223219e-03	4.67938664754548e-02	1
52	4	2.35144145765285e-03	4.72125123214963e-02	1
53	4	2.39093560185094e-03	4.81067074547176e-02	1
54	4	2.43109716595101e-03	4.70448437876739e-02	1
55	4	2.47929012282187e-03	5.02046534748636e-02	1
56	4	2.51288166622687e-03	5.41660565843489e-02	1
57	4	2.54929244981086e-03	5.00804731401277e-02	1
58	4	2.58307059174192e-03	4.94356657217194e-02	1
59	4	2.61528349165026e-03	5.36478213573275e-02	1
60	4	2.64534425898973e-03	5.48306979153088e-02	1
61	4	2.68969386735404e-03	5.65857633175786e-02	1
62	4	2.71516000809206e-03	5.62699263505794e-02	1
63	4	2.74734846358023e-03	5.39339309157437e-02	1
64	4	2.77846678431400e-03	5.29936393644001e-02	1
65	4	2.79140801063970e-03	5.96762304905580e-02	1
66	4	2.81200343223168e-03	5.98662537885022e-02	1
67	4	2.81624121278957e-03	5.59400796240358e-02	1
68	4	2.83197865977293e-03	5.82568132619459e-02	1
69	4	2.84438444438775e-03	5.72654656804446e-02	1
70	4	2.85647134247375e-03	5.73612025555501e-02	1
71	4	2.86453107568190e-03	6.17739970111095e-02	1
72	4	2.87569317453357e-03	5.87307074425852e-02	1
73	4	2.88485472027466e-03	5.46546202886031e-02	1
74	4	2.90364134301541e-03	5.49248362272685e-02	1
75	4	2.91389008292080e-03	5.51294148818415e-02	1
76	4	2.92187295386354e-03	5.45984087315377e-02	1
77	4	2.93319079466985e-03	6.06975360396740e-02	1
78	4	2.95093183890733e-03	5.58455391596895e-02	1
79	4	2.96039313033326e-03	6.14540643767089e-02	1
80	4	2.97713210937520e-03	6.04036262775251e-02	1
81	4	2.98952300533657e-03	5.25178222765531e-02	1
82	4	3.00912258858730e-03	5.50772965243176e-02	1
83	4	3.01954923653163e-03	6.28797242281876e-02	1
84	4	3.03781763234844e-03	5.61952450705151e-02	1
85	4	3.05579690829032e-03	6.34703162578908e-02	1
86	4	3.07596051390565e-03	5.90109829548705e-02	1
87	4	3.09095423361098e-03	5.65411795099236e-02	1
88	4	3.10976282725551e-03	5.90318457698396e-02	1
89	4	3.12661214001746e-03	5.81958886459595e-02	1
90	4	3.15666863541964e-03	6.25870577009543e-02	1
1	7	7.86219738160524e-04	1.72800214426574e-02	1
2	7	6.67865350983620e-04	1.29654362075756e-02	1
3	7	5.49429982634771e-04	1.10822655315026e-02	1
4	7	4.01496895016043e-04	7.84425822611155e-03	1
5	7	2.81096924758051e-04	5.73351007364231e-03	1
6	7	1.62961965173909e-04	3.12411179476713e-03	1
8	7	1.28220946010313e-04	2.36867750651061e-03	1
9	7	2.78924723564681e-04	5.03112211516044e-03	1
10	7	3.99794151033867e-04	7.40505465449669e-03	1
11	7	5.18746669534430e-04	9.26647290902538e-03	1
12	7	6.69000166006651e-04	1.30047577651017e-02	1
13	7	7.89386007789698e-04	1.49659009145453e-02	1
14	7	8.85163320919269e-04	1.87025837242047e-02	1
15	7	9.67826822709374e-04	1.89507290670075e-02	1
16	7	1.00667790206719e-03	2.13018478795699e-02	1
17	7	1.06189341858351e-03	2.01674210014198e-02	1
18	7	1.11034713629404e-03	2.12821854150967e-02	1
19	7	1.13552082562469e-03	2.47959603199340e-02	1
20	7	1.17850699943674e-03	2.48635890342331e-02	1
21	7	1.20940810735271e-03	2.38786247104204e-02	1
22	7	1.24359826420412e-03	2.52106522686642e-02	1
23	7	1.27856691473201e-03	2.43229602743555e-02	1
24	7	1.31482261275827e-03	2.81857592682314e-02	1
25	7	1.34308276740570e-03	2.89611880943339e-02	1
26	7	1.37708173833753e-03	2.73785466628744e-02	1
27	7	1.40361835304917e-03	2.57162731971044e-02	1
28	7	1.42987715032957e-03	2.81573045604571e-02	1
29	7	1.46184380259763e-03	2.98935151152972e-02	1
30	7	1.49233524471565e-03	2.82440541731045e-02	1
31	7	1.53224402175288e-03	2.95962748169967e-02	1
32	7	1.56052089317071e-03	3.06775929794801e-02	1
33	7	1.58667105743455e-03	3.04227174686969e-02	1
34	7	1.60683304381203e-03	3.32341591119969e-02	1
35	7	1.61311847373743e-03	3.25877015841510e-02	1
36	7	1.61543247827355e-03	3.35380243843488e-02	1
37	7	1.62357951277450e-03	3.14613810356541e-02	1
38	7	1.63406985311007e-03	3.21150458978535e-02	1
39	7	1.68236552929970e-03	3.27591862517942e-02	1
40	7	1.72840395501685e-03	3.35743170248847e-02	1
41	7	1.77451636866093e-03	3.38715767272892e-02	1
42	7	1.82579477766423e-03	3.66012450576247e-02	1
43	7	1.86560038742646e-03	3.48620117449612e-02	1
44	7	1.91464641364610e-03	3.76743280058239e-02	1
45	7	1.94984790493726e-03	3.86109153417465e-02	1
46	7	1.99129205558495e-03	3.89778269057306e-02	1
47	7	2.04414901935951e-03	4.24755496942368e-02	1
48	7	2.08809232779313e-03	4.04568851962712e-02	1
49	7	2.13295311584425e-03	4.32102334578630e-02	1
50	7	2.17372457955730e-03	4.11696165484840e-02	1
51	7	2.21076686284846e-03	4.53175642378160e-02	1
52	7	2.24201054986638e-03	4.44230867154838e-02	1
53	7	2.28171838032245e-03	4.46325512292009e-02	1
54	7	2.32187994442252e-03	4.77098684878973e-02	1
55	7	2.37007290129338e-03	4.50592083755786e-02	1
56	7	2.40366444469837e-03	4.76450820668909e-02	1
57	7	2.44008684075942e-03	4.89067241130294e-02	1
58	7	2.47649117655229e-03	4.59090523571463e-02	1
59	7	2.50870407646063e-03	4.76897572641517e-02	1
60	7	2.53901596047748e-03	5.02087464960611e-02	1
61	7	2.58420175871124e-03	5.39662216984360e-02	1
62	7	2.60966789944926e-03	4.75475573430776e-02	1
63	7	2.64185635493743e-03	5.02547980079887e-02	1
64	7	2.67373308791417e-03	5.26457792839171e-02	1
65	7	2.68667431423987e-03	5.42188331949971e-02	1
66	7	2.71267393260929e-03	5.32648781436606e-02	1
67	7	2.72774446678824e-03	5.40918714210411e-02	1
68	7	2.74695942008018e-03	5.70387128527659e-02	1
69	7	2.76612851742923e-03	5.31690325243547e-02	1
70	7	2.77821541551523e-03	5.35275042061306e-02	1
71	7	2.78627514872338e-03	5.71826809071292e-02	1
72	7	2.79743724757506e-03	5.54765526867899e-02	1
73	7	2.80659879331614e-03	5.14540954375811e-02	1
74	7	2.82538541605689e-03	5.87831125908420e-02	1
75	7	2.83563415596229e-03	5.65583420869808e-02	1
76	7	2.84361702690502e-03	5.40440646506626e-02	1
77	7	2.85493486771133e-03	5.69135704265898e-02	1
78	7	2.87267591194882e-03	5.57151231125897e-02	1
79	7	2.88213720337474e-03	5.66071903515312e-02	1
80	7	2.89887618241668e-03	5.64665317003700e-02	1
81	7	2.91126707837805e-03	5.93524887411902e-02	1
82	7	2.93086666162879e-03	5.90191645460870e-02	1
83	7	2.94129330957312e-03	5.74886618047690e-02	1
84	7	2.95956170538993e-03	5.66456726827326e-02	1
85	7	2.97754098133180e-03	5.84550459638255e-02	1
86	7	2.99770458694713e-03	5.92837351810213e-02	1
87	7	3.01269830665247e-03	5.85069935900216e-02	1
88	7	3.03150690029699e-03	6.06897122070911e-02	1
89	7	3.04835621305895e-03	6.08707403788118e-02	1
90	7	3.07841270846112e-03	6.09026500714011e-02	1
1	10	1.07080367643390e-03	2.01117165082958e-02	1
2	10	9.98280828626704e-04	1.80941768683203e-02	1
3	10	9.38588826219086e-04	1.90334973608315e-02	1
4	10	7.91291046049909e-04	1.35854612859327e-02	1
5	10	6.70891075791918e-04	1.28094283981232e-02	1
6	10	5.52756116207776e-04	1.09873626562751e-02	1
7	10	3.99794151033867e-04	7.66767176981021e-03	1
8	10	2.81573205023554e-04	5.25604752029834e-03	1
9	10	1.30869427469186e-04	2.33656925208304e-03	1
11	10	1.28952518500564e-04	2.40829430906837e-03	1
12	10	2.79206014972784e-04	4.83800872208458e-03	1
13	10	3.99591856755832e-04	7.57075856979722e-03	1
14	10	5.19654575949007e-04	1.07822493800530e-02	1
15	10	6.67896938217757e-04	1.41267560197069e-02	1
16	10	7.87743227092897e-04	1.64182874906226e-02	1
17	10	8.51232979520153e-04	1.77823572963358e-02	1
18	10	9.01724543961382e-04	1.80918307321659e-02	1
19	10	9.38949679633131e-04	1.86553932244201e-02	1
20	10	1.00173353304085e-03	1.93584965651095e-02	1
21	10	1.04266574805698e-03	2.09293587595549e-02	1
22	10	1.07685590490838e-03	2.19090856853944e-02	1
23	10	1.11182455543627e-03	2.19682623537060e-02	1
24	10	1.14877784362627e-03	2.14419077062807e-02	1
25	10	1.17785192014219e-03	2.42639466121328e-02	1
26	10	1.21515044151427e-03	2.29041459674473e-02	1
27	10	1.24634786674853e-03	2.63475462462199e-02	1
28	10	1.27362586430442e-03	2.66603348311950e-02	1
29	10	1.30910561558988e-03	2.89190514859962e-02	1
30	10	1.33959705770790e-03	2.49499878501055e-02	1
31	10	1.38157351406165e-03	2.79483765903152e-02	1
32	10	1.40985038547948e-03	2.87063983608469e-02	1
33	10	1.43946170296396e-03	2.87791381458855e-02	1
34	10	1.47061662596233e-03	2.89527849086736e-02	1
35	10	1.49569753089485e-03	3.12909189919172e-02	1
36	10	1.50950271976295e-03	3.07781289684589e-02	1
37	10	1.51764975426389e-03	3.09258703851433e-02	1
38	10	1.52814009459947e-03	2.97597010226572e-02	1
39	10	1.57806159798366e-03	3.24525430350412e-02	1
40	10	1.62410002370081e-03	3.01756766360762e-02	1
41	10	1.67021243734489e-03	3.31934253969030e-02	1
42	10	1.72247708543030e-03	3.52084727970259e-02	1
43	10	1.76228269519254e-03	3.46976257317090e-02	1
44	10	1.81418243515437e-03	3.83275032992743e-02	1
45	10	1.84993485797800e-03	3.62308759573108e-02	1
46	10	1.89137900862569e-03	4.06063870027004e-02	1
47	10	1.94423597240025e-03	3.74900375069301e-02	1
48	10	1.98817928083387e-03	3.89985457995859e-02	1
49	10	2.03304006888499e-03	4.11393179893728e-02	1
50	10	2.07685178169795e-03	3.97742451182747e-02	1
51	10	2.11389406498911e-03	4.18579799657416e-02	1
52	10	2.14513775200703e-03	4.59868571798431e-02	1
53	10	2.18484558246310e-03	4.65628478181899e-02	1
54	10	2.22500714656317e-03	4.43777355481049e-02	1
55	10	2.27320010343403e-03	4.75677645173996e-02	1
56	10	2.30679164683902e-03	5.02628212468702e-02	1
57	10	2.34321404290007e-03	4.67666624669235e-02	1
58	10	2.38022530127781e-03	4.36469568172485e-02	1
59	10	2.41398357908144e-03	4.68116584940458e-02	1
60	10	2.44429546309829e-03	5.13869656795940e-02	1
61	10	2.49015538983240e-03	5.14494039269398e-02	1
62	10	2.51628773646287e-03	4.93441578464297e-02	1
63	10	2.54847619195104e-03	4.84401615313674e-02	1
64	10	2.58052705011095e-03	5.14607004849380e-02	1
65	10	2.59449217777075e-03	5.23186480056697e-02	1
66	10	2.62054466727293e-03	5.35425936258766e-02	1
67	10	2.63688125210394e-03	5.22429220422262e-02	1
68	10	2.65734477933272e-03	4.89158271229574e-02	1
69	10	2.68076918576754e-03	5.26755575032560e-02	1
70	10	2.69671152039398e-03	5.28631251469484e-02	1
71	10	2.71265958975510e-03	5.32540194436271e-02	1
72	10	2.72761723633665e-03	5.31490702792505e-02	1
73	10	2.73677878207773e-03	5.51003384561319e-02	1
74	10	2.75556540481848e-03	5.84957678071460e-02	1
75	10	2.76581414472388e-03	5.24933768343926e-02	1
76	10	2.77379701566661e-03	5.08162465733233e-02	1
77	10	2.78511485647292e-03	5.52161434612905e-02	1
78	10	2.80285590071041e-03	5.56691037474162e-02	1
79	10	2.81231719213633e-03	5.83725344947412e-02	1
80	10	2.82905617117827e-03	5.65191164092124e-02	1
81	10	2.84144706713964e-03	5.59736930944433e-02	1
82	10	2.86104665039038e-03	6.07923246642452e-02	1
83	10	2.87147329833471e-03	5.12092936808239e-02	1
84	10	2.88974169415151e-03	5.71340263950718e-02	1
85	10	2.90772097009339e-03	6.02277037401905e-02	1
86	10	2.92788457570872e-03	6.15886181501249e-02	1
87	10	2.94287829541406e-03	6.05798913501922e-02	1
88	10	2.96168688905858e-03	6.23160113456929e-02	1
89	10	2.97853620182053e-03	6.49543757750880e-02	1
90	10	3.00859269722271e-03	5.68875326843817e-02	1
1	13	1.23736315703078e-03	2.61291038964883e-02	1
2	13	1.16484030922359e-03	2.36390831505173e-02	1
3	13	1.11757855682470e-03	2.07792124670650e-02	1
4	13	1.04405298741359e-03	2.10413241642709e-02	1
5	13	9.76977898341332e-04	1.99467554412578e-02	1
6	13	9.29668488317469e-04	1.79504597461536e-02	1
7	13	7.89386007789698e-04	1.52361431394214e-02	1
8	13	6.71165061779385e-04	1.36046845749886e-02	1
9	13	5.20461284225017e-04	1.04338360491595e-02	1
10	13	3.99591856755832e-04	7.67900075958602e-03	1
11	13	2.80639338255268e-04	4.43674604280832e-03	1
12	13	1.30385841783048e-04	2.35447757092103e-03	1
14	13	1.30062719193175e-04	2.54483413485112e-03	1
15	13	2.78305081461925e-04	5.16887570257668e-03	1
16	13	3.98151370337065e-04	7.51231595332804e-03	1
17	13	5.49089716835794e-04	1.11416001277623e-02	1
18	13	6.68320545697096e-04	1.33495006274297e-02	1
19	13	7.41681183807843e-04	1.47716419820976e-02	1
20	13	8.11243669430880e-04	1.60375634074521e-02	1
21	13	8.57641179648409e-04	1.73046807630464e-02	1
22	13	9.04140629391730e-04	1.79396578555145e-02	1
23	13	9.45542486644786e-04	1.79366434891713e-02	1
24	13	9.82495774834787e-04	1.96424387864253e-02	1
25	13	1.01156985135070e-03	2.03573306356377e-02	1
26	13	1.05078522297359e-03	2.07823757845701e-02	1
27	13	1.08452578259555e-03	2.04158474944410e-02	1
28	13	1.11443877057674e-03	2.42731407738451e-02	1
29	13	1.15300962485759e-03	2.18233173881829e-02	1
30	13	1.18350106697561e-03	2.32345312407209e-02	1
31	13	1.22589913487070e-03	2.44401933852593e-02	1
32	13	1.25492633810548e-03	2.62155917878731e-02	1
33	13	1.28754725302791e-03	2.76400513115359e-02	1
34	13	1.31931020730030e-03	2.68055585695963e-02	1
35	13	1.34734477147655e-03	2.87385083016888e-02	1
36	13	1.37798621598577e-03	2.52730274670722e-02	1
37	13	1.41082136132099e-03	2.78590114387726e-02	1
38	13	1.42485595917043e-03	2.78978277399293e-02	1
39	13	1.47552029305913e-03	2.81020851942627e-02	1
40	13	1.52192713601150e-03	3.00350813892744e-02	1
41	13	1.56803954965558e-03	3.07136367972833e-02	1
42	13	1.62030419774099e-03	3.22117523523411e-02	1
43	13	1.66010980750323e-03	3.35828948330150e-02	1
44	13	1.71200954746506e-03	3.51064693111147e-02	1
45	13	1.74776197028869e-03	3.28763440479192e-02	1
46	13	1.78920612093638e-03	3.58661251174534e-02	1
47	13	1.84206308471094e-03	3.58077501373454e-02	1
48	13	1.88600639314456e-03	3.84604113559731e-02	1
49	13	1.93086718119568e-03	4.19464892256395e-02	1
50	13	1.97518844690996e-03	3.98756206309291e-02	1
51	13	2.01263387335561e-03	3.90077818606820e-02	1
52	13	2.04387756037352e-03	4.34840305011171e-02	1
53	13	2.08462314845450e-03	3.96874143396024e-02	1
54	13	2.12478471255457e-03	3.99852610396053e-02	1
55	13	2.17297766942543e-03	4.27941793542424e-02	1
56	13	2.20656921283042e-03	4.06562129589269e-02	1
57	13	2.24299160889147e-03	4.43508022636508e-02	1
58	13	2.28000286726921e-03	4.37803326249423e-02	1
59	13	2.31432510106800e-03	5.08340410921156e-02	1
60	13	2.34711531009188e-03	4.51528609519135e-02	1
61	13	2.39336030466458e-03	4.92185617156012e-02	1
62	13	2.42038836359437e-03	4.74083527028690e-02	1
63	13	2.45258204441458e-03	4.90234109799527e-02	1
64	13	2.48532635468854e-03	4.72560746972840e-02	1
65	13	2.49939488293983e-03	4.74669191969852e-02	1
66	13	2.52605201034819e-03	5.08117714898140e-02	1
67	13	2.54307422144940e-03	4.74265211044907e-02	1
68	13	2.56353774867819e-03	5.36319713536420e-02	1
69	13	2.58848233799916e-03	4.89535653070543e-02	1
70	13	2.60714590213301e-03	5.25113481225849e-02	1
71	13	2.62382371706473e-03	5.60055359192591e-02	1
72	13	2.64066395011465e-03	5.20202702091133e-02	1
73	13	2.65215179212693e-03	5.50213414636138e-02	1
74	13	2.67505167995928e-03	5.25506218851135e-02	1
75	13	2.68645158271342e-03	4.95788184200375e-02	1
76	13	2.70123593086834e-03	5.84314307879905e-02	1
77	13	2.71449557577459e-03	4.52898134894373e-02	1
78	13	2.73223662001207e-03	5.53221024826000e-02	1
79	13	2.74169791143800e-03	5.36232963815792e-02	1
80	13	2.75843689047994e-03	5.63166131722802e-02	1
81	13	2.77082778644131e-03	5.90970804893037e-02	1
82	13	2.79042736969204e-03	5.63872079917665e-02	1
83	13	2.80085401763637e-03	5.04880610502522e-02	1
84	13	2.81912241345318e-03	5.77651675482995e-02	1
85	13	2.83710168939506e-03	5.59499101599708e-02	1
86	13	2.85726529501039e-03	5.44232362081756e-02	1
87	13	2.87225901471572e-03	6.16669712894452e-02	1
88	13	2.89106760836025e-03	6.50696168966694e-02	1
89	13	2.90791692112220e-03	6.38396102546075e-02	1
90	13	2.93797341652438e-03	5.83787166294801e-02	1
1	16	1.37327616931934e-03	2.79573361165604e-02	1
2	16	1.31196985217176e-03	2.68256165679874e-02	1
3	16	1.26470809977287e-03	2.50407156701419e-02	1
4	16	1.19118253036176e-03	2.42562484118518e-02	1
5	16	1.13492485117287e-03	2.20836769150872e-02	1
6	16	1.08761544114900e-03	2.02926409143177e-02	1
7	16	1.00667790206719e-03	1.90524945715606e-02	1
8	16	9.55592727783058e-04	1.80537232404851e-02	1
9	16	8.66617458142936e-04	1.67913481006684e-02	1
10	16	7.87743227092896e-04	1.60895546258410e-02	1
11	16	6.68790708592333e-04	1.31335661726299e-02	1
12	16	5.18537212120113e-04	1.01730527289452e-02	1
13	16	3.98151370337065e-04	7.86964391524695e-03	1
14	16	2.78088651143890e-04	5.35021447322072e-03	1
15	16	1.29846288875139e-04	2.35918524859273e-03	1
17	16	1.60938346498729e-04	2.88447696647601e-03	1
18	16	2.80169175360031e-04	5.11599441456968e-03	1
19	16	4.01524503040542e-04	7.25097165518273e-03	1
20	16	5.52771674179661e-04	1.07670924607418e-02	1
21	16	6.57040574637295e-04	1.30749459877658e-02	1
22	16	7.08731159325585e-04	1.39376103902122e-02	1
23	16	7.64757936712882e-04	1.54336904841475e-02	1
24	16	8.17613977928289e-04	1.60437923468889e-02	1
25	16	8.46688054444200e-04	1.66682182086096e-02	1
26	16	8.85903426067090e-04	1.83114616542358e-02	1
27	16	9.19643985689055e-04	1.94802798355989e-02	1
28	16	9.50433187136838e-04	1.92298632086726e-02	1
29	16	9.92015884725902e-04	1.94658065555245e-02	1
30	16	1.02666942076784e-03	2.01247634847236e-02	1
31	16	1.06981515672546e-03	2.13484869286867e-02	1
32	16	1.09991769649314e-03	2.22761999347504e-02	1
33	16	1.13616062912599e-03	2.22232666466646e-02	1
34	16	1.17168499254140e-03	2.37476539697917e-02	1
35	16	1.20263451067555e-03	2.33363878577358e-02	1
36	16	1.23700370736295e-03	2.47775837167216e-02	1
37	16	1.26983885269817e-03	2.67182401776717e-02	1
38	16	1.30065632940391e-03	2.65775979641383e-02	1
39	16	1.36607345769147e-03	2.66125294369459e-02	1
40	16	1.41916525058576e-03	2.89156618697505e-02	1
41	16	1.46527766422984e-03	2.80195348155200e-02	1
42	16	1.51754819843521e-03	2.94791617207141e-02	1
43	16	1.55735380819745e-03	2.93663163094606e-02	1
44	16	1.60925354815928e-03	3.13666906125342e-02	1
45	16	1.64500597098291e-03	3.20630030164631e-02	1
46	16	1.68645012163060e-03	3.34349800088910e-02	1
47	16	1.73930708540516e-03	3.47084071431316e-02	1
48	16	1.78325039383878e-03	3.23282672644951e-02	1
49	16	1.82811118188990e-03	3.76581375236887e-02	1
50	16	1.87243244760418e-03	3.64564644164242e-02	1
51	16	1.90987787404983e-03	3.54361816070608e-02	1
52	16	1.94112156106774e-03	4.01474312884297e-02	1
53	16	1.98186714914872e-03	4.19909376418690e-02	1
54	16	2.02202871324879e-03	4.20477162804050e-02	1
55	16	2.07022167011965e-03	4.01038890701629e-02	1
56	16	2.10381321352464e-03	4.34064363047632e-02	1
57	16	2.14023560958570e-03	4.26726020352078e-02	1
58	16	2.17724686796343e-03	3.74895118711802e-02	1
59	16	2.21156910176222e-03	4.63766801572366e-02	1
60	16	2.24449834740391e-03	4.40838497510093e-02	1
61	16	2.29074334197662e-03	4.81022047571037e-02	1
62	16	2.31777140090641e-03	4.63277251616994e-02	1
63	16	2.34996508172662e-03	4.47916347088905e-02	1
64	16	2.38270939200058e-03	4.51443541833712e-02	1
65	16	2.39761427862076e-03	4.80111408442503e-02	1
66	16	2.42427140602912e-03	4.64857350815116e-02	1
67	16	2.44197972590004e-03	5.21475084314297e-02	1
68	16	2.46244325312883e-03	4.34857490352529e-02	1
69	16	2.48738784244981e-03	4.84405330485206e-02	1
70	16	2.50672055168722e-03	5.29364912056018e-02	1
71	16	2.52386571755779e-03	5.01577556050772e-02	1
72	16	2.54158403860775e-03	4.75164002874972e-02	1
73	16	2.55307188062004e-03	5.75158273984163e-02	1
74	16	2.57626998100850e-03	5.08545007445128e-02	1
75	16	2.58766988376264e-03	5.17708045367572e-02	1
76	16	2.60537258970585e-03	5.35582898772773e-02	1
77	16	2.62498412020062e-03	5.45072184540505e-02	1
78	16	2.64298901397832e-03	5.25390834464511e-02	1
79	16	2.65852723633762e-03	5.23264148127518e-02	1
80	16	2.67540903386829e-03	4.95344336132223e-02	1
81	16	2.68779992982967e-03	5.19908589059574e-02	1
82	16	2.70739951308040e-03	6.09318811028565e-02	1
83	16	2.71782616102473e-03	5.70406475063003e-02	1
84	16	2.73609455684154e-03	5.94724158781357e-02	1
85	16	2.75407383278342e-03	5.49181441801961e-02	1
86	16	2.77423743839874e-03	5.77570202159661e-02	1
87	16	2.78923115810408e-03	5.78125461933202e-02	1
88	16	2.80803975174860e-03	5.31741101624760e-02	1
89	16	2.82488906451056e-03	5.81107666656264e-02	1
90	16	2.85494555991273e-03	5.48547995467872e-02	1
1	19	1.46460911830943e-03	2.66328921989478e-02	1
2	19	1.40743339834928e-03	2.93584527203758e-02	1
3	19	1.36017164595038e-03	2.61587446405291e-02	1
4	19	1.29933414078521e-03	2.69727393378525e-02	1
5	19	1.25195916715775e-03	2.36322392233086e-02	1
6	19	1.20681419974812e-03	2.52746186625134e-02	1
7	19	1.13552082562469e-03	2.26898477590590e-02	1
8	19	1.09583296781600e-03	2.04254128698102e-02	1
9	19	1.00811215323325e-03	2.03202211245968e-02	1
10	19	9.38949679633131e-04	1.81473059981915e-02	1
11	19	8.90869458106021e-04	1.80670216128722e-02	1
12	19	8.08829175856800e-04	1.54850928856478e-02	1
13	19	7.41681183807843e-04	1.52317707770458e-02	1
14	19	6.69613154184432e-04	1.26797780476690e-02	1
15	19	5.21370791915682e-04	1.12691646990848e-02	1
16	19	4.01524503040542e-04	7.33393500906693e-03	1
17	19	2.50586156541813e-04	5.28007394937853e-03	1
18	19	1.31355327680511e-04	2.53073471187732e-03	1
20	19	1.61247171139119e-04	3.25626408110278e-03	1
21	19	2.80972423224085e-04	5.18941913056902e-03	1
22	19	4.00849842373974e-04	7.81208541660067e-03	1
23	19	5.53590297402234e-04	1.07408019864683e-02	1
24	19	6.13239565792493e-04	1.25873257258586e-02	1
25	19	6.51148626545696e-04	1.27153055601460e-02	1
26	19	7.12439868235436e-04	1.34319024773836e-02	1
27	19	7.46180427857401e-04	1.49950301291210e-02	1
28	19	7.76969629305184e-04	1.53597119132137e-02	1
29	19	8.18552326894249e-04	1.58953898370772e-02	1
30	19	8.54629459260730e-04	1.52930988638025e-02	1
31	19	9.02476310993073e-04	1.64421803034750e-02	1
32	19	9.32812324095935e-04	1.98286569922739e-02	1
33	19	9.69290653812500e-04	1.87043236824943e-02	1
34	19	1.00638035804151e-03	2.13479315683608e-02	1
35	19	1.04070613217241e-03	2.06542562236404e-02	1
36	19	1.07856983798436e-03	2.05521444974598e-02	1
37	19	1.11425945586313e-03	2.10724490761455e-02	1
38	19	1.14777417829829e-03	2.39241757064347e-02	1
39	19	1.21511014884352e-03	2.28627703926417e-02	1
40	19	1.27742943032981e-03	2.61367374939300e-02	1
41	19	1.33330681014647e-03	2.71983472930481e-02	1
42	19	1.40541320159038e-03	3.02320741751526e-02	1
43	19	1.45111867334805e-03	2.95554376213192e-02	1
44	19	1.50351132893956e-03	3.03279093943872e-02	1
45	19	1.54210324766031e-03	2.84262067495026e-02	1
46	19	1.58354739830800e-03	2.87476585163609e-02	1
47	19	1.63640436208256e-03	3.17728461111676e-02	1
48	19	1.68034767051618e-03	3.22715882417904e-02	1
49	19	1.72520845856730e-03	3.57090672617714e-02	1
50	19	1.76952972428158e-03	3.29441911291411e-02	1
51	19	1.80697515072722e-03	3.57779535319538e-02	1
52	19	1.83821883774514e-03	3.72315336415841e-02	1
53	19	1.87896442582611e-03	3.33726495132465e-02	1
54	19	1.91912598992619e-03	4.06483584329445e-02	1
55	19	1.96731894679704e-03	3.88376011721792e-02	1
56	19	2.00091049020204e-03	3.93208739144417e-02	1
57	19	2.03733288626309e-03	4.27759139919730e-02	1
58	19	2.07434414464083e-03	3.91241518824298e-02	1
59	19	2.10866637843962e-03	4.08674552405550e-02	1
60	19	2.14159562408131e-03	3.92661579121196e-02	1
61	19	2.18784061865401e-03	4.32610705465753e-02	1
62	19	2.21486867758380e-03	4.55661371017322e-02	1
63	19	2.24706235840402e-03	4.47280222577171e-02	1
64	19	2.27980666867798e-03	4.23918435410268e-02	1
65	19	2.29471155529815e-03	4.72289322661026e-02	1
66	19	2.32136868270651e-03	4.36807879282205e-02	1
67	19	2.33912965840926e-03	4.76366616417841e-02	1
68	19	2.35982594996231e-03	4.97031702221663e-02	1
69	19	2.38492789763770e-03	4.75637738287806e-02	1
70	19	2.40529501476566e-03	4.83921563772134e-02	1
71	19	2.42364295388705e-03	4.52500237328982e-02	1
72	19	2.44457204354532e-03	4.75142581433486e-02	1
73	19	2.45605988555761e-03	4.40675435618483e-02	1
74	19	2.48033215626516e-03	4.77405961933033e-02	1
75	19	2.49173205901930e-03	4.61398220312143e-02	1
76	19	2.50971840514900e-03	5.17316625794426e-02	1
77	19	2.52973595150944e-03	5.14436802544654e-02	1
78	19	2.54797330514472e-03	5.31300597738187e-02	1
79	19	2.56351152750402e-03	5.57179193470742e-02	1
80	19	2.58689196527830e-03	5.14804349611803e-02	1
81	19	2.60275771603540e-03	5.02241597717863e-02	1
82	19	2.62811387544515e-03	5.12459414711405e-02	1
83	19	2.63879894239195e-03	5.31867335353574e-02	1
84	19	2.65706733820875e-03	5.28924122509545e-02	1
85	19	2.67504661415063e-03	5.23216061609768e-02	1
86	19	2.69521021976596e-03	5.46548023416883e-02	1
87	19	2.71020393947129e-03	5.53386271139172e-02	1
88	19	2.72901253311582e-03	5.24973769744198e-02	1
89	19	2.74586184587777e-03	5.36035082779480e-02	1
90	19	2.77591834127995e-03	5.40492408808976e-02	1
1	22	1.56779741207590e-03	3.15723924680111e-02	1
2	22	1.51120181626105e-03	3.14541964548490e-02	1
3	22	1.46394006386216e-03	3.08935710784599e-02	1
4	22	1.40701440571627e-03	2.53676390714603e-02	1
5	22	1.35963943208881e-03	2.85065020788506e-02	1
6	22	1.31489163832755e-03	2.46782211546015e-02	1
7	22	1.24359826420412e-03	2.36198732792670e-02	1
8	22	1.20452449447661e-03	2.38609429946509e-02	1
9	22	1.13058247780152e-03	2.35769370182470e-02	1
10	22	1.07685590490838e-03	2.37541756533921e-02	1
11	22	1.02894885326445e-03	1.98265130992742e-02	1
12	22	9.60637161368929e-04	1.90147215374358e-02	1
13	22	9.04140629391730e-04	1.92502435459287e-02	1
14	22	8.39689583347799e-04	1.82023812496167e-02	1
15	22	7.65807245262308e-04	1.53341065966603e-02	1
16	22	7.08731159325586e-04	1.44693187119671e-02	1
17	22	6.17442346502451e-04	1.13531440232282e-02	1
18	22	5.22205170054485e-04	1.02300811502692e-02	1
19	22	4.00849842373974e-04	7.70853363613408e-03	1
20	22	2.49602671234855e-04	4.72922762410197e-03	1
21	22	1.29877419149888e-04	2.26278363033483e-03	1
23	22	1.62740455028260e-04	3.09161939490422e-03	1
24	22	2.83550377205429e-04	5.65813809547912e-03	1
25	22	4.05753925944107e-04	8.00704283758059e-03	1
26	22	5.24362555337437e-04	1.08811068309232e-02	1
27	22	5.68004446279556e-04	1.13984194501848e-02	1
28	22	6.17592670671972e-04	1.25849762385816e-02	1
29	22	6.59175368261037e-04	1.36431694340328e-02	1
30	22	6.95252500627518e-04	1.38594498438505e-02	1
31	22	7.43787378918993e-04	1.50310029803544e-02	1
32	22	7.76681986554687e-04	1.48155579427320e-02	1
33	22	8.14134976076876e-04	1.57646649253496e-02	1
34	22	8.53255540217290e-04	1.87758424980789e-02	1
35	22	8.91146896225527e-04	1.52931826957564e-02	1
36	22	9.29010602037479e-04	1.83195214090755e-02	1
37	22	9.65455338935711e-04	1.93103706913745e-02	1
38	22	1.00207059344406e-03	2.10825845066694e-02	1
39	22	1.07101882199301e-03	2.18304764499646e-02	1
40	22	1.13359938128511e-03	2.03414027027192e-02	1
41	22	1.18947676110177e-03	2.39849681776157e-02	1
42	22	1.26158315254568e-03	2.47649444723772e-02	1
43	22	1.31334906833739e-03	2.58169342676235e-02	1
44	22	1.38640165653895e-03	2.76852892283604e-02	1
45	22	1.43346440292479e-03	2.87769711356136e-02	1
46	22	1.47745934612274e-03	3.05552800635021e-02	1
47	22	1.53182183229997e-03	3.06768259412643e-02	1
48	22	1.57643864543794e-03	3.27159827541832e-02	1
49	22	1.62129943348906e-03	3.13230086861570e-02	1
50	22	1.66865084177428e-03	3.34421381989072e-02	1
51	22	1.70968978956947e-03	3.64679415574470e-02	1
52	22	1.74093347658738e-03	3.54867367381911e-02	1
53	22	1.78219609273527e-03	3.63982341280418e-02	1
54	22	1.82235765683534e-03	3.79291960216527e-02	1
55	22	1.87055061370620e-03	3.30449919473401e-02	1
56	22	1.90414215711120e-03	3.73763008499354e-02	1
57	22	1.94056455317225e-03	3.39925949265386e-02	1
58	22	1.97757581154998e-03	4.12819757298624e-02	1
59	22	2.01189804534878e-03	4.32413398754998e-02	1
60	22	2.04538295097840e-03	4.42935726480985e-02	1
61	22	2.09162794555110e-03	3.76466550717952e-02	1
62	22	2.11865600448090e-03	4.43885391850276e-02	1
63	22	2.15084968530111e-03	4.19717904839800e-02	1
64	22	2.18359399557507e-03	4.80808534938471e-02	1
65	22	2.19857912442305e-03	3.98528042342690e-02	1
66	22	2.22523625183141e-03	4.35332164635064e-02	1
67	22	2.24299722753416e-03	4.77462045409484e-02	1
68	22	2.26369351908720e-03	4.40462216565768e-02	1
69	22	2.28879546676260e-03	4.42084845306310e-02	1
70	22	2.30916258389055e-03	4.55957699643074e-02	1
71	22	2.32795736407654e-03	4.65688085757229e-02	1
72	22	2.34907774388099e-03	4.59824415930908e-02	1
73	22	2.36056558589328e-03	4.60922037818397e-02	1
74	22	2.38543287971461e-03	4.91342330863952e-02	1
75	22	2.39683278246874e-03	4.35298753461123e-02	1
76	22	2.41481912859844e-03	4.82792350516345e-02	1
77	22	2.43483667495888e-03	4.80702246768214e-02	1
78	22	2.45307402859416e-03	5.32510620567790e-02	1
79	22	2.46861225095346e-03	4.77073020287441e-02	1
80	22	2.49354093939505e-03	4.68374568965905e-02	1
81	22	2.50940669015215e-03	5.06107371769408e-02	1
82	22	2.53476284956190e-03	5.04557518593357e-02	1
83	22	2.55187843945063e-03	5.29358263143131e-02	1
84	22	2.57014683526744e-03	4.84645589051641e-02	1
85	22	2.58812611120932e-03	4.88435699030468e-02	1
86	22	2.60828971682464e-03	5.52060997728392e-02	1
87	22	2.62328343652998e-03	4.88133052488625e-02	1
88	22	2.64209203017451e-03	5.08162164055770e-02	1
89	22	2.65894134293646e-03	4.89098018951978e-02	1
90	22	2.68899783833863e-03	5.28323912935285e-02	1
1	25	1.65838206684559e-03	3.35621896618684e-02	1
2	25	1.60323060010161e-03	3.44796221912832e-02	1
3	25	1.55596884770272e-03	3.02597495720551e-02	1
4	25	1.50284303236745e-03	2.57478185520851e-02	1
5	25	1.45546805874000e-03	2.84553566917317e-02	1
6	25	1.41132737116528e-03	2.77696458439617e-02	1
7	25	1.34308276740570e-03	2.56877352727919e-02	1
8	25	1.30552050971041e-03	2.73039918565421e-02	1
9	25	1.23157849303532e-03	2.59047680387381e-02	1
10	25	1.17785192014219e-03	2.32265062492277e-02	1
11	25	1.12994486849825e-03	2.30830042529560e-02	1
12	25	1.06163317660273e-03	2.15912783467813e-02	1
13	25	1.01156985135070e-03	1.88267571673703e-02	1
14	25	9.57568496122124e-04	1.77857458586753e-02	1
15	25	8.99969601389521e-04	1.98391831370824e-02	1
16	25	8.46688054444200e-04	1.61501976639755e-02	1
17	25	7.72680072961742e-04	1.40375754939813e-02	1
18	25	7.10499506819524e-04	1.32931969093290e-02	1
19	25	6.51148626545696e-04	1.30205115182466e-02	1
20	25	5.64287029333161e-04	1.18832659735262e-02	1
21	25	5.06232626803226e-04	1.03435343108943e-02	1
22	25	4.05753925944107e-04	8.23116605012940e-03	1
23	25	2.53013470915846e-04	4.77638664524855e-03	1
24	25	1.32203548738678e-04	2.62175662764330e-03	1
26	25	1.59760208113177e-04	3.00853143262251e-03	1
27	25	2.82475206980144e-04	4.99033342324117e-03	1
28	25	4.11460677055385e-04	8.24711498148570e-03	1
29	25	4.62735011397454e-04	9.16025290705538e-03	1
30	25	5.12593913893783e-04	9.56689302094842e-03	1
31	25	5.61128792185258e-04	1.05212454686556e-02	1
32	25	5.94023399820952e-04	1.20180789370005e-02	1
33	25	6.31476389343141e-04	1.14844597044674e-02	1
34	25	6.71625586310225e-04	1.33007814562107e-02	1
35	25	7.12589920095990e-04	1.42592820944752e-02	1
36	25	7.57151538403480e-04	1.45184889840659e-02	1
37	25	7.94502679317830e-04	1.54313358288825e-02	1
38	25	8.31299617158788e-04	1.54117133121108e-02	1
39	25	9.00330985192345e-04	1.68504865685240e-02	1
40	25	9.63532152626624e-04	1.77517097952773e-02	1
41	25	1.01940953244329e-03	2.11388869220701e-02	1
42	25	1.09151592388720e-03	2.37002270841581e-02	1
43	25	1.14328183967891e-03	2.51185158170928e-02	1
44	25	1.21633442788047e-03	2.37936752460161e-02	1
45	25	1.26852097154216e-03	2.48747388218100e-02	1
46	25	1.32785932964434e-03	2.63804081466123e-02	1
47	25	1.39933156530110e-03	2.73902985154810e-02	1
48	25	1.44638548013965e-03	2.83677310741806e-02	1
49	25	1.49521413474703e-03	3.02672480220647e-02	1
50	25	1.54256554303225e-03	2.64172399015623e-02	1
51	25	1.58637684480216e-03	3.11421218176815e-02	1
52	25	1.62090131339668e-03	3.41006995776269e-02	1
53	25	1.66497883481852e-03	3.22048988739534e-02	1
54	25	1.70532329965680e-03	3.63537907046872e-02	1
55	25	1.75351625652765e-03	3.47681371895791e-02	1
56	25	1.78716502433407e-03	3.55840353657097e-02	1
57	25	1.82358742039512e-03	3.70925234318841e-02	1
58	25	1.86059867877286e-03	3.47462852620472e-02	1
59	25	1.89492091257165e-03	3.56024589549614e-02	1
60	25	1.92866282357055e-03	3.78795884278826e-02	1
61	25	1.97678577420492e-03	4.27928972080678e-02	1
62	25	2.00381383313472e-03	4.03353221285979e-02	1
63	25	2.03600751395493e-03	4.07467464463430e-02	1
64	25	2.06875182422889e-03	4.34021387244715e-02	1
65	25	2.08444781007807e-03	3.98350622185046e-02	1
66	25	2.11160433070077e-03	4.18091778079480e-02	1
67	25	2.12936530640353e-03	4.04816996378335e-02	1
68	25	2.15006159795657e-03	4.30689550003210e-02	1
69	25	2.17620585420911e-03	4.27017390371203e-02	1
70	25	2.19660846736729e-03	4.33177811137448e-02	1
71	25	2.21595564478724e-03	4.84458027697184e-02	1
72	25	2.23897586327806e-03	4.51971301282433e-02	1
73	25	2.25075074398752e-03	4.38586747992921e-02	1
74	25	2.27680223653314e-03	4.38401029271828e-02	1
75	25	2.28820213928728e-03	4.42787366877448e-02	1
76	25	2.30734521345107e-03	5.01357656179332e-02	1
77	25	2.32736275981151e-03	4.42472945145383e-02	1
78	25	2.34601240596085e-03	4.36643970005653e-02	1
79	25	2.36155062832015e-03	4.81211434749110e-02	1
80	25	2.38668667139488e-03	4.72929003347805e-02	1
81	25	2.40381673279725e-03	4.71871939613463e-02	1
82	25	2.42917289220700e-03	4.96833895941953e-02	1
83	25	2.44962593884799e-03	4.97933943036346e-02	1
84	25	2.47263009436310e-03	5.07389234692087e-02	1
85	25	2.49658680120998e-03	4.72369823872574e-02	1
86	25	2.51675040682530e-03	4.64625975701116e-02	1
87	25	2.53174412653064e-03	4.42291169186828e-02	1
88	25	2.55055272017516e-03	5.02040895461382e-02	1
89	25	2.56740203293712e-03	4.72549975435174e-02	1
90	25	2.59745852833929e-03	5.11251741198899e-02	1
1	28	1.73433677908695e-03	3.59543013210279e-02	1
2	28	1.68451533874631e-03	3.02502026539646e-02	1
3	28	1.63725358634742e-03	3.32024055441131e-02	1
4	28	1.58776829541167e-03	3.18298606151786e-02	1
5	28	1.54039332178421e-03	3.28154782628999e-02	1
6	28	1.49670801939185e-03	2.85751056355739e-02	1
7	28	1.42987715032957e-03	2.74438048526427e-02	1
8	28	1.39620049852307e-03	2.71792393157228e-02	1
9	28	1.32413066329639e-03	2.45204235492322e-02	1
10	28	1.27362586430442e-03	2.57541754584366e-02	1
11	28	1.22808491768640e-03	2.27496542650870e-02	1
12	28	1.16104739235752e-03	2.28648231059556e-02	1
13	28	1.11443877057674e-03	2.13509958635603e-02	1
14	28	1.06075309609937e-03	2.26146330906173e-02	1
15	28	1.00371473408216e-03	2.12917932705638e-02	1
16	28	9.50433187136838e-04	1.84292671643715e-02	1
17	28	8.84968765109513e-04	1.79702974086704e-02	1
18	28	8.27052653137822e-04	1.66356506111078e-02	1
19	28	7.76969629305184e-04	1.70561959707067e-02	1
20	28	7.09310834565048e-04	1.37500475445370e-02	1
21	28	6.62177032975822e-04	1.34715672453518e-02	1
22	28	6.17592670671972e-04	1.19093528732485e-02	1
23	28	5.42611732517906e-04	1.12059546441671e-02	1
24	28	4.78216737997246e-04	9.17815621195709e-03	1
25	28	4.11460677055385e-04	7.85063879486805e-03	1
26	28	2.88332474635792e-04	5.72352167195350e-03	1
27	28	1.65617475768825e-04	3.19782158716643e-03	1
29	28	1.32958438289155e-04	2.41807609928657e-03	1
30	28	2.54042465427921e-04	5.08484270987177e-03	1
31	28	3.60658744810473e-04	6.98322565676818e-03	1
32	28	4.10223524979331e-04	8.97766188379721e-03	1
33	28	4.51866795247167e-04	8.69661406329687e-03	1
34	28	4.92015992214252e-04	9.77283255688088e-03	1
35	28	5.32980326000017e-04	1.15201895416391e-02	1
36	28	5.77541944307506e-04	1.14243135491385e-02	1
37	28	6.17556907812412e-04	1.16124752946410e-02	1
38	28	6.55829421682033e-04	1.18599789511622e-02	1
39	28	7.26150889414673e-04	1.38208330290339e-02	1
40	28	7.89352056848953e-04	1.59545685258532e-02	1
41	28	8.45229436665618e-04	1.56641803289990e-02	1
42	28	9.17335828109525e-04	1.84152967625679e-02	1
43	28	9.69101743901239e-04	1.93248016828166e-02	1
44	28	1.04215433210280e-03	2.08230552443531e-02	1
45	28	1.09434087576449e-03	2.04116058679141e-02	1
46	28	1.15416593398211e-03	2.48440223854285e-02	1
47	28	1.22647546757772e-03	2.38105987903585e-02	1
48	28	1.28042242772501e-03	2.64669833268115e-02	1
49	28	1.34041520842188e-03	2.81623672941184e-02	1
50	28	1.40295678124280e-03	2.85201846238877e-02	1
51	28	1.45280576708161e-03	3.20633612166066e-02	1
52	28	1.48931294085724e-03	3.07175779121553e-02	1
53	28	1.53339046227907e-03	3.27635390798366e-02	1
54	28	1.57373492711736e-03	3.09997174698695e-02	1
55	28	1.62192788398821e-03	3.48178356424883e-02	1
56	28	1.65633897874528e-03	3.34895371096134e-02	1
57	28	1.69358962201703e-03	3.23641322235356e-02	1
58	28	1.73243510858937e-03	3.23759246096441e-02	1
59	28	1.76675734238816e-03	3.44544042792783e-02	1
60	28	1.80076552705379e-03	3.47439928840939e-02	1
61	28	1.85031878042276e-03	3.59031517281877e-02	1
62	28	1.87734683935256e-03	3.82925233046122e-02	1
63	28	1.90954052017277e-03	3.95238443551679e-02	1
64	28	1.94228483044673e-03	3.96411612061286e-02	1
65	28	1.95798081629591e-03	3.90120888916883e-02	1
66	28	1.98513733691862e-03	4.07122085713935e-02	1
67	28	2.00289831262137e-03	4.14726568057769e-02	1
68	28	2.02359460417441e-03	4.01603293714895e-02	1
69	28	2.04973886042695e-03	3.85936772778462e-02	1
70	28	2.07014147358513e-03	3.92220825635824e-02	1
71	28	2.08948865100508e-03	3.99627765015912e-02	1
72	28	2.11250886949590e-03	3.91198476885827e-02	1
73	28	2.12715868838567e-03	4.30051854072741e-02	1
74	28	2.15429222105777e-03	3.99816647569489e-02	1
75	28	2.16569212381191e-03	4.53250866843223e-02	1
76	28	2.18623653033554e-03	4.09572780123179e-02	1
77	28	2.20625407669598e-03	4.69258559959689e-02	1
78	28	2.22574305442244e-03	4.50162138846850e-02	1
79	28	2.24186877595449e-03	4.62288309261914e-02	1
80	28	2.26907947680214e-03	4.49832756192201e-02	1
81	28	2.28795434156089e-03	4.35240047668278e-02	1
82	28	2.31356964852559e-03	4.34762115246865e-02	1
83	28	2.33402269516657e-03	4.74111098003028e-02	1
84	28	2.35832466730103e-03	4.32028149783606e-02	1
85	28	2.38313690413262e-03	5.02905579626601e-02	1
86	28	2.40647006997376e-03	4.70722345302369e-02	1
87	28	2.42573380250715e-03	4.51885334397629e-02	1
88	28	2.44979960221419e-03	5.12554213054830e-02	1
89	28	2.46664891497614e-03	4.92357494664568e-02	1
90	28	2.49670541037832e-03	4.51445698172019e-02	1
1	31	1.80021506497133e-03	3.73992005628270e-02	1
2	31	1.77035930855350e-03	3.71021285427818e-02	1
3	31	1.72790440893813e-03	3.51304525406429e-02	1
4	31	1.68386193164195e-03	3.41276233671489e-02	1
5	31	1.63648695801450e-03	3.13812297411213e-02	1
6	31	1.59737875548074e-03	3.04520765398320e-02	1
7	31	1.53224402175288e-03	3.27783146305423e-02	1
8	31	1.49856736994639e-03	2.94841181863172e-02	1
9	31	1.42673526400708e-03	2.62593145176994e-02	1
10	31	1.38157351406165e-03	2.54833079815623e-02	1
11	31	1.33603256744363e-03	2.69765166362994e-02	1
12	31	1.27178010158838e-03	2.44917949345530e-02	1
13	31	1.22589913487070e-03	2.39850191494886e-02	1
14	31	1.17413792728572e-03	2.31257440959622e-02	1
15	31	1.11917516818621e-03	2.21892592482482e-02	1
16	31	1.06981515672546e-03	2.01702837612803e-02	1
17	31	1.00509225686398e-03	1.86402281694687e-02	1
18	31	9.52308619798135e-04	1.89849953507539e-02	1
19	31	9.02476310993073e-04	1.72485067208841e-02	1
20	31	8.35505542812070e-04	1.69990230386120e-02	1
21	31	7.88371741222844e-04	1.64869749804710e-02	1
22	31	7.43787378918994e-04	1.45148425328158e-02	1
23	31	6.75530212255001e-04	1.27101901405252e-02	1
24	31	6.17266520481340e-04	1.12953955572825e-02	1
25	31	5.61128792185258e-04	1.09518760550771e-02	1
26	31	5.04256617679261e-04	8.79832027130710e-03	1
27	31	4.47349846286692e-04	8.41083545137085e-03	1
28	31	3.60658744810473e-04	6.52950954832603e-03	1
29	31	2.82471122660193e-04	5.23764481175057e-03	1
30	31	1.61387095521427e-04	2.99583954070008e-03	1
32	31	1.32333136337367e-04	2.41752015112464e-03	1
33	31	2.53804779479966e-04	4.87899879909088e-03	1
34	31	3.15687327723008e-04	5.87960455392274e-03	1
35	31	3.57973621471875e-04	7.70700635091322e-03	1
36	31	4.02535239779365e-04	7.91143991088580e-03	1
37	31	4.42550203284270e-04	8.80101066054122e-03	1
38	31	4.81418780051745e-04	9.20518978672484e-03	1
39	31	5.52167537298265e-04	1.10001176622581e-02	1
40	31	6.15368704732544e-04	1.20454722395989e-02	1
41	31	6.71246084549209e-04	1.35368962236857e-02	1
42	31	7.43352475993117e-04	1.54163539141016e-02	1
43	31	7.95118391784831e-04	1.58956177515212e-02	1
44	31	8.68170979986388e-04	1.67086033792865e-02	1
45	31	9.20357523648081e-04	1.76767886569633e-02	1
46	31	9.80182581865701e-04	2.06722919198864e-02	1
47	31	1.05249211546131e-03	2.06021621321949e-02	1
48	31	1.10689462397999e-03	2.44586885703601e-02	1
49	31	1.16794755089614e-03	2.32834699778063e-02	1
50	31	1.23048912371707e-03	2.38005044337382e-02	1
51	31	1.28398615807294e-03	2.81389750016400e-02	1
52	31	1.33540065111214e-03	2.89263517458105e-02	1
53	31	1.39852381553143e-03	2.56258339864350e-02	1
54	31	1.45235984250563e-03	2.75790110742872e-02	1
55	31	1.50152581550108e-03	3.04564304289323e-02	1
56	31	1.53593691025815e-03	3.05260642744689e-02	1
57	31	1.57318755352989e-03	3.11918557586083e-02	1
58	31	1.61203304010223e-03	3.07966073419994e-02	1
59	31	1.64635527390102e-03	3.04572727111792e-02	1
60	31	1.68036345856665e-03	3.50677692733179e-02	1
61	31	1.73134294168782e-03	3.44803734135252e-02	1
62	31	1.75888324544232e-03	3.49282900589403e-02	1
63	31	1.79107692626253e-03	3.55204439066764e-02	1
64	31	1.82382123653649e-03	3.84187896634260e-02	1
65	31	1.83951722238567e-03	3.40218626527272e-02	1
66	31	1.86667374300838e-03	3.61709687653655e-02	1
67	31	1.88443471871113e-03	3.88508120557079e-02	1
68	31	1.90513101026417e-03	3.99525814145715e-02	1
69	31	1.93127526651671e-03	3.83514641178992e-02	1
70	31	1.95167787967489e-03	3.91271036161853e-02	1
71	31	1.97102505709484e-03	4.08776118320682e-02	1
72	31	1.99404527558566e-03	4.30233227301703e-02	1
73	31	2.00869509447543e-03	3.72393570446789e-02	1
74	31	2.03582862714754e-03	3.84406458569495e-02	1
75	31	2.04722852990168e-03	4.18514347764989e-02	1
76	31	2.06777293642530e-03	4.19216204718617e-02	1
77	31	2.08779048278574e-03	4.23153003654844e-02	1
78	31	2.10727946051220e-03	4.02741709645605e-02	1
79	31	2.12340518204425e-03	4.41728878071928e-02	1
80	31	2.15061588289191e-03	4.35677023302885e-02	1
81	31	2.16949074765065e-03	4.27060457312836e-02	1
82	31	2.19586679943880e-03	4.40191167833959e-02	1
83	31	2.21631984607978e-03	4.51825659024792e-02	1
84	31	2.24062181821424e-03	4.44095098509144e-02	1
85	31	2.26543405504583e-03	4.45801926894491e-02	1
86	31	2.29078564170149e-03	4.57421453599025e-02	1
87	31	2.31004937423488e-03	4.49423816122938e-02	1
88	31	2.33611078478120e-03	4.84677944424193e-02	1
89	31	2.35470585682186e-03	4.85443636321877e-02	1
90	31	2.38925242115168e-03	4.33903041057645e-02	1
1	34	1.81093979790939e-03	3.40284559334323e-02	1
2	34	1.78181853690889e-03	3.74692902017918e-02	1
3	34	1.74145262266155e-03	3.57052833465755e-02	1
4	34	1.72209357631826e-03	3.25257108502116e-02	1
5	34	1.67546412849205e-03	3.43067645431430e-02	1
6	34	1.66200430337185e-03	3.36323350120074e-02	1
7	34	1.60683304381203e-03	3.37428173645999e-02	1
8	34	1.58005739426731e-03	3.13748137640932e-02	1
9	34	1.51354499789661e-03	2.98747998641011e-02	1
10	34	1.47061662596233e-03	3.13928955970158e-02	1
11	34	1.42596820987793e-03	2.87183545063184e-02	1
12	34	1.36460337583585e-03	2.89851798393020e-02	1
13	34	1.31931020730030e-03	2.60497370592590e-02	1
14	34	1.27031238229826e-03	2.36218172945999e-02	1
15	34	1.21745774047264e-03	2.43530436723863e-02	1
16	34	1.17168499254140e-03	2.41074348567390e-02	1
17	34	1.10754836073289e-03	2.22022560971741e-02	1
18	34	1.05619235029247e-03	1.90095393720524e-02	1
19	34	1.00638035804151e-03	1.98781190396283e-02	1
20	34	9.42715071800402e-04	1.80765964198149e-02	1
21	34	8.96404543905574e-04	1.51027761925991e-02	1
22	34	8.53255540217290e-04	1.80301672650298e-02	1
23	34	7.86027006379968e-04	1.67887474155351e-02	1
24	34	7.27763314606307e-04	1.28954196450868e-02	1
25	34	6.71625586310225e-04	1.29727497956055e-02	1
26	34	6.14753411804228e-04	1.19776271068294e-02	1
27	34	5.64065172145820e-04	1.09869313879552e-02	1
28	34	4.92015992214252e-04	9.06467380825268e-03	1
29	34	4.38569211468914e-04	7.80811475470955e-03	1
30	34	3.85345868470385e-04	8.00498513862304e-03	1
31	34	3.15687327723008e-04	5.92741872824815e-03	1
32	34	2.58533321894010e-04	5.09715104627572e-03	1
33	34	1.67240369611205e-04	2.97252020517756e-03	1
35	34	1.35152526454365e-04	2.91560633064660e-03	1
36	34	2.22475514585013e-04	4.09927871293895e-03	1
37	34	2.65467508102864e-04	5.17440041769319e-03	1
38	34	3.04336084870339e-04	6.19721318997449e-03	1
39	34	3.75084842116859e-04	7.78796492562573e-03	1
40	34	4.38286009551138e-04	8.07898538843767e-03	1
41	34	4.94163389367804e-04	9.46060662421838e-03	1
42	34	5.66269780811711e-04	1.16536730912724e-02	1
43	34	6.18035696603426e-04	1.17660499277840e-02	1
44	34	6.91088284804982e-04	1.49349709965534e-02	1
45	34	7.43274828466675e-04	1.41505555864561e-02	1
46	34	8.03099886684295e-04	1.64796662977618e-02	1
47	34	8.75409420279907e-04	1.88665056408180e-02	1
48	34	9.29811928798587e-04	1.88073751212048e-02	1
49	34	9.90864855714734e-04	1.97747194382608e-02	1
50	34	1.05340642853566e-03	2.07424507836327e-02	1
51	34	1.10690346289153e-03	2.39087246741234e-02	1
52	34	1.15831795593073e-03	2.34785486553483e-02	1
53	34	1.22144112035003e-03	2.48249004981836e-02	1
54	34	1.27527714732423e-03	2.52688373986404e-02	1
55	34	1.33724978100299e-03	2.56052921237648e-02	1
56	34	1.38457363998108e-03	2.62329210455388e-02	1
57	34	1.43318029344724e-03	2.78591956758852e-02	1
58	34	1.48498149558950e-03	2.90012461875994e-02	1
59	34	1.51986566519423e-03	3.01578573974901e-02	1
60	34	1.55387384985986e-03	3.35753047693015e-02	1
61	34	1.60500446254589e-03	3.18364084379009e-02	1
62	34	1.63388973105979e-03	3.25936823936193e-02	1
63	34	1.66608341188000e-03	3.17958360429795e-02	1
64	34	1.69882772215396e-03	3.19026507593203e-02	1
65	34	1.71452370800313e-03	3.52740961813093e-02	1
66	34	1.74168022862584e-03	3.45420329764455e-02	1
67	34	1.75944120432859e-03	3.50891227531837e-02	1
68	34	1.78013749588164e-03	3.45329121819209e-02	1
69	34	1.80628175213418e-03	3.42197591784399e-02	1
70	34	1.82668436529235e-03	3.62487921962696e-02	1
71	34	1.84603154271231e-03	3.81920561388685e-02	1
72	34	1.86905176120313e-03	3.80288790787854e-02	1
73	34	1.88384084853806e-03	3.99029827209843e-02	1
74	34	1.91295164561912e-03	4.04806631603750e-02	1
75	34	1.92435154837326e-03	3.83503379860130e-02	1
76	34	1.94575945128062e-03	4.07482741596591e-02	1
77	34	1.96636325183479e-03	3.89216562351635e-02	1
78	34	1.98585222956125e-03	3.94455671296485e-02	1
79	34	2.00197795109331e-03	4.43308218862449e-02	1
80	34	2.02930717583564e-03	3.81818093813836e-02	1
81	34	2.04818204059439e-03	4.08095776008689e-02	1
82	34	2.07559372532769e-03	4.01017745180630e-02	1
83	34	2.09604677196867e-03	4.67096505850030e-02	1
84	34	2.12054463254232e-03	4.25060770747455e-02	1
85	34	2.14535686937391e-03	4.42321955845898e-02	1
86	34	2.17279148201726e-03	4.10072412004128e-02	1
87	34	2.19205521455066e-03	4.42668009032141e-02	1
88	34	2.21825585400993e-03	4.55818350626996e-02	1
89	34	2.23685092605059e-03	4.51211261482961e-02	1
90	34	2.27150870350450e-03	4.32510555105744e-02	1
1	37	1.82482382361841e-03	3.30366806766388e-02	1
2	37	1.79570256261790e-03	3.64535694015913e-02	1
3	37	1.75685350282327e-03	3.43203295319146e-02	1
4	37	1.73749445647998e-03	3.44269443219860e-02	1
5	37	1.69086500865377e-03	3.32757057042898e-02	1
6	37	1.67779050285748e-03	3.63872165281238e-02	1
7	37	1.62357951277450e-03	3.15405949915616e-02	1
8	37	1.59735445064050e-03	3.34343967204573e-02	1
9	37	1.54741306093458e-03	3.20166271655827e-02	1
10	37	1.51764975426389e-03	3.31592160999336e-02	1
11	37	1.48754083254673e-03	2.69967225716927e-02	1
12	37	1.44282608813795e-03	2.78692527933148e-02	1
13	37	1.41082136132099e-03	2.86596037739686e-02	1
14	37	1.36740330220384e-03	2.63674154736753e-02	1
15	37	1.31454866037822e-03	2.53051718014404e-02	1
16	37	1.26983885269817e-03	2.68344898122200e-02	1
17	37	1.20753006928326e-03	2.28338727225202e-02	1
18	37	1.16135031045973e-03	2.39769832000287e-02	1
19	37	1.11425945586313e-03	2.16002550208045e-02	1
20	37	1.05134928864148e-03	2.00922770849837e-02	1
21	37	1.00623138149898e-03	2.06762242366278e-02	1
22	37	9.65455338935711e-04	1.90698637402470e-02	1
23	37	9.03222633304762e-04	1.81142162527887e-02	1
24	37	8.47353761082458e-04	1.64150771720016e-02	1
25	37	7.94502679317830e-04	1.59247999194827e-02	1
26	37	7.39219918606196e-04	1.32968496474442e-02	1
27	37	6.88931902863133e-04	1.36960959943006e-02	1
28	37	6.17556907812412e-04	1.14680396943069e-02	1
29	37	5.64110127067074e-04	1.05341341886951e-02	1
30	37	5.10886784068545e-04	1.07965644744044e-02	1
31	37	4.42550203284270e-04	8.73598012351806e-03	1
32	37	3.94224614688446e-04	7.76609411300860e-03	1
33	37	3.40663107080082e-04	6.15967496947851e-03	1
34	37	2.65467508102864e-04	5.49364227491136e-03	1
35	37	2.15274710607111e-04	4.22877312194272e-03	1
36	37	1.28761656152759e-04	2.33026185904004e-03	1
38	37	1.25866909852860e-04	2.21523964330456e-03	1
39	37	2.02150484699056e-04	3.65130475878289e-03	1
40	37	2.65351652133335e-04	5.21879270954550e-03	1
41	37	3.21229031950000e-04	6.16000468599635e-03	1
42	37	3.93335423393908e-04	7.62257555382209e-03	1
43	37	4.45101339185622e-04	8.40676462182825e-03	1
44	37	5.18153927387179e-04	1.02656735188195e-02	1
45	37	5.70340471048872e-04	1.10590456505574e-02	1
46	37	6.30165529266492e-04	1.13593558418618e-02	1
47	37	7.02475062862104e-04	1.36324020532909e-02	1
48	37	7.56877571380783e-04	1.42291772094305e-02	1
49	37	8.17930498296930e-04	1.67351250191498e-02	1
50	37	8.80472071117856e-04	1.72268943883872e-02	1
51	37	9.33969105473728e-04	1.84177056673128e-02	1
52	37	9.85383598512930e-04	1.86034837877745e-02	1
53	37	1.04850676293223e-03	1.95259006870289e-02	1
54	37	1.10234278990643e-03	2.07135369257273e-02	1
55	37	1.16431542358519e-03	2.39216110426093e-02	1
56	37	1.21163928256328e-03	2.49324916903775e-02	1
57	37	1.26024593602944e-03	2.65540443910847e-02	1
58	37	1.31204713817170e-03	2.61612460083456e-02	1
59	37	1.35986670745635e-03	2.46158296985655e-02	1
60	37	1.40023520089515e-03	2.74971163026314e-02	1
61	37	1.46237779003739e-03	2.97007900016984e-02	1
62	37	1.50145781036636e-03	3.40210030730644e-02	1
63	37	1.53816711226230e-03	3.03925551317641e-02	1
64	37	1.57155321386189e-03	2.98448316858401e-02	1
65	37	1.58881749054647e-03	3.19477562022156e-02	1
66	37	1.61600340828584e-03	3.49182516836757e-02	1
67	37	1.63376438398858e-03	3.46829055664704e-02	1
68	37	1.65446067554163e-03	3.28038668179934e-02	1
69	37	1.68060493179417e-03	3.06000228400012e-02	1
70	37	1.70100754495234e-03	3.19794326935917e-02	1
71	37	1.72035472237230e-03	3.43146911882508e-02	1
72	37	1.74337494086312e-03	3.54064989268857e-02	1
73	37	1.75816402819805e-03	3.34921446243825e-02	1
74	37	1.78920095287422e-03	3.65132715571040e-02	1
75	37	1.80060085562836e-03	3.63959789183950e-02	1
76	37	1.82200875853572e-03	4.05228784743811e-02	1
77	37	1.84261255908989e-03	3.41934257267029e-02	1
78	37	1.86210153681635e-03	3.62832196950636e-02	1
79	37	1.87822725834841e-03	3.74227540106110e-02	1
80	37	1.90592090230248e-03	4.20187186053601e-02	1
81	37	1.92479576706123e-03	3.69246032643869e-02	1
82	37	1.95220745179453e-03	4.42698865543127e-02	1
83	37	1.97266049843551e-03	4.03739660763441e-02	1
84	37	1.99733207471157e-03	3.60854508017409e-02	1
85	37	2.02306810416981e-03	4.13263373337503e-02	1
86	37	2.05165168572083e-03	4.09153024070237e-02	1
87	37	2.07091541825422e-03	4.20848100801387e-02	1
88	37	2.09815635160995e-03	4.40058653196116e-02	1
89	37	2.11713457499218e-03	4.34726395960821e-02	1
90	37	2.15295893818807e-03	4.27101249041159e-02	1
1	40	1.92332840569370e-03	3.87150692316133e-02	1
2	40	1.89420714469319e-03	3.67184707669156e-02	1
3	40	1.85877973292687e-03	3.47470300998062e-02	1
4	40	1.83942068658358e-03	3.55128600340768e-02	1
5	40	1.79279123875737e-03	3.54151186127467e-02	1
6	40	1.77971673296108e-03	3.47336402359759e-02	1
7	40	1.72840395501685e-03	3.53941076916371e-02	1
8	40	1.70269786417392e-03	3.69170962325850e-02	1
9	40	1.65386333037150e-03	3.06128196260552e-02	1
10	40	1.62410002370081e-03	3.05538386557461e-02	1
11	40	1.59404643322343e-03	3.28129562757463e-02	1
12	40	1.54933168881464e-03	2.86890688064503e-02	1
13	40	1.52192713601150e-03	3.14908083198131e-02	1
14	40	1.48594598092706e-03	3.01292650919110e-02	1
15	40	1.45316018628585e-03	2.82547570155680e-02	1
16	40	1.41916525058576e-03	2.98893552391911e-02	1
17	40	1.36545903986576e-03	2.38949288776699e-02	1
18	40	1.32129115666101e-03	2.70413440997159e-02	1
19	40	1.27742943032981e-03	2.57262146555924e-02	1
20	40	1.21656428423851e-03	2.25970125568519e-02	1
21	40	1.17382966744151e-03	2.34692441207122e-02	1
22	40	1.13359938128511e-03	2.17512764782538e-02	1
23	40	1.07198728379634e-03	2.33794422575962e-02	1
24	40	1.01638323439125e-03	2.22740571359568e-02	1
25	40	9.63532152626624e-04	1.87341224669543e-02	1
26	40	9.08774053620581e-04	1.67810512793014e-02	1
27	40	8.59286291021005e-04	1.65545597388626e-02	1
28	40	7.89352056848952e-04	1.46097073471230e-02	1
29	40	7.36928628515347e-04	1.54497879393904e-02	1
30	40	6.83705285516819e-04	1.34798134340041e-02	1
31	40	6.15368704732544e-04	1.18957522924619e-02	1
32	40	5.67043116136720e-04	1.04425786818688e-02	1
33	40	5.13481608528356e-04	9.93599361537906e-03	1
34	40	4.38286009551138e-04	9.01039877062494e-03	1
35	40	3.88653658206550e-04	7.88012138585417e-03	1
36	40	3.20479158215176e-04	5.91050241398572e-03	1
37	40	2.65351652133335e-04	4.70336483407971e-03	1
38	40	2.09059188460743e-04	4.10676742394831e-03	1
39	40	1.37531920531974e-04	2.45956016780750e-03	1
41	40	1.38253955547781e-04	2.60944117426996e-03	1
42	40	2.29586820291558e-04	4.86173211875279e-03	1
43	40	2.84251814814062e-04	5.74008143863430e-03	1
44	40	3.57304403015619e-04	6.60435616249775e-03	1
45	40	4.09490946677312e-04	8.05346210263283e-03	1
46	40	4.69316004894932e-04	8.86408490144204e-03	1
47	40	5.41625538490544e-04	1.08416463915223e-02	1
48	40	5.96679291055965e-04	1.18410941059798e-02	1
49	40	6.58069070430577e-04	1.25322324069055e-02	1
50	40	7.25218683228784e-04	1.40666071382660e-02	1
51	40	7.83197428096941e-04	1.58669409129493e-02	1
52	40	8.35164530230952e-04	1.65645038083444e-02	1
53	40	8.98737271404259e-04	1.75713427146000e-02	1
54	40	9.52655836331177e-04	1.93378919064062e-02	1
55	40	1.01462847000994e-03	2.05067248238214e-02	1
56	40	1.06195232898803e-03	2.01957244570848e-02	1
57	40	1.11368598918720e-03	2.30765700224422e-02	1
58	40	1.16638291658132e-03	2.19452498102646e-02	1
59	40	1.21420248586597e-03	2.51004301453410e-02	1
60	40	1.25736566209588e-03	2.32916000178897e-02	1
61	40	1.32277344730838e-03	2.76237427293620e-02	1
62	40	1.36966720986805e-03	2.71037764504878e-02	1
63	40	1.41473522800943e-03	2.64449212900132e-02	1
64	40	1.46075195968397e-03	2.91173775924965e-02	1
65	40	1.49169463981641e-03	3.14939158281449e-02	1
66	40	1.53630111087788e-03	3.03304999078205e-02	1
67	40	1.56436073879026e-03	2.89730631398377e-02	1
68	40	1.58505703034330e-03	3.47361944964148e-02	1
69	40	1.61311770352787e-03	3.05035259858565e-02	1
70	40	1.63368682607622e-03	3.35379933438232e-02	1
71	40	1.65324812082111e-03	3.52841503344746e-02	1
72	40	1.67626833931193e-03	3.30026529640840e-02	1
73	40	1.69105742664686e-03	3.53023933837077e-02	1
74	40	1.72494589657516e-03	3.21189589363415e-02	1
75	40	1.73666702739353e-03	3.42014680108014e-02	1
76	40	1.75945781866036e-03	3.93973261100428e-02	1
77	40	1.78006161921452e-03	3.50602508410379e-02	1
78	40	1.79955059694098e-03	3.52792281084657e-02	1
79	40	1.81567631847304e-03	3.64536208365869e-02	1
80	40	1.84336996242712e-03	3.55025967412252e-02	1
81	40	1.86224482718586e-03	3.58591141959625e-02	1
82	40	1.88965651191916e-03	3.93928255426842e-02	1
83	40	1.91010955856014e-03	3.92870515675982e-02	1
84	40	1.93478113483620e-03	3.70659857136123e-02	1
85	40	1.96090372356704e-03	4.30422837769688e-02	1
86	40	1.99114568775796e-03	4.10463941761277e-02	1
87	40	2.01049126511943e-03	3.97794821147800e-02	1
88	40	2.03773219847516e-03	3.98390535897566e-02	1
89	40	2.05671042185739e-03	4.18195073723244e-02	1
90	40	2.09253478505328e-03	3.90739848959429e-02	1
1	43	2.05795709141715e-03	4.09171872529990e-02	1
2	43	2.02883583041664e-03	4.21957077581983e-02	1
3	43	1.99464788488517e-03	4.23877886906728e-02	1
4	43	1.97531685681019e-03	3.85192515779418e-02	1
5	43	1.92868740898398e-03	3.88656540743929e-02	1
6	43	1.91561290318769e-03	4.14132903620518e-02	1
7	43	1.86560038742646e-03	3.71643281731566e-02	1
8	43	1.84074800185777e-03	3.66450273779317e-02	1
9	43	1.79204600186323e-03	3.63661114651625e-02	1
10	43	1.76228269519254e-03	3.33699000188062e-02	1
11	43	1.73222910471515e-03	3.44414203059864e-02	1
12	43	1.68751436030637e-03	3.85182233486854e-02	1
13	43	1.66010980750323e-03	3.31193716227519e-02	1
14	43	1.62412865241878e-03	3.45895415384936e-02	1
15	43	1.59134874389754e-03	2.90687551168398e-02	1
16	43	1.55735380819745e-03	2.73298586149592e-02	1
17	43	1.51238957757660e-03	3.17415847447823e-02	1
18	43	1.48509054270359e-03	2.86205038701589e-02	1
19	43	1.45111867334805e-03	2.92783625671910e-02	1
20	43	1.39631397129080e-03	2.58302509053766e-02	1
21	43	1.35357935449379e-03	2.82460465747200e-02	1
22	43	1.31334906833739e-03	2.87783729391150e-02	1
23	43	1.25173697084863e-03	2.70433465141155e-02	1
24	43	1.19613292144354e-03	2.19301892598349e-02	1
25	43	1.14328183967891e-03	2.37090394101602e-02	1
26	43	1.08852374067287e-03	2.26119914212726e-02	1
27	43	1.03903597807329e-03	2.06584644226119e-02	1
28	43	9.69101743901240e-04	1.83189679950367e-02	1
29	43	9.16678315567634e-04	1.87049527130341e-02	1
30	43	8.63454972569106e-04	1.61190168095024e-02	1
31	43	7.95118391784831e-04	1.47629064756371e-02	1
32	43	7.46792803189007e-04	1.72010686493443e-02	1
33	43	6.93231295580644e-04	1.34079718384927e-02	1
34	43	6.18035696603426e-04	1.28167350178021e-02	1
35	43	5.68403345258837e-04	1.03713098475643e-02	1
36	43	5.00228845267463e-04	9.60654088642070e-03	1
37	43	4.45101339185622e-04	8.08840756023955e-03	1
38	43	3.88808875513030e-04	7.41882636669322e-03	1
39	43	3.24911412566811e-04	5.76897969018201e-03	1
40	43	2.84251814814062e-04	5.83365907420598e-03	1
41	43	2.37639886597684e-04	4.52878857116413e-03	1
42	43	1.47281968017281e-04	2.87212287056595e-03	1
44	43	1.77489406448102e-04	3.32406995442317e-03	1
45	43	2.57124361128781e-04	5.05699158221684e-03	1
46	43	3.28949379951685e-04	6.27424474895771e-03	1
47	43	4.01258913547297e-04	7.45978866628839e-03	1
48	43	4.56312666112719e-04	8.75137299820115e-03	1
49	43	5.17702445487330e-04	1.00254279419489e-02	1
50	43	5.85527088393508e-04	1.29481815544179e-02	1
51	43	6.44063854794544e-04	1.30729229937363e-02	1
52	43	6.98418993772581e-04	1.37927679367673e-02	1
53	43	7.64607768029548e-04	1.53510240146603e-02	1
54	43	8.25677749492999e-04	1.63681988959662e-02	1
55	43	8.90806081065021e-04	1.95326596297508e-02	1
56	43	9.40406211957157e-04	1.92969905779839e-02	1
57	43	9.94383605151087e-04	2.08497879826994e-02	1
58	43	1.05079644674042e-03	2.03633280314622e-02	1
59	43	1.10231423686534e-03	2.28974570073853e-02	1
60	43	1.14830747365233e-03	2.41656413006130e-02	1
61	43	1.21694451138587e-03	2.57601277436700e-02	1
62	43	1.26460310399241e-03	2.51351899399124e-02	1
63	43	1.31438230223595e-03	2.69598877377329e-02	1
64	43	1.36395444309278e-03	2.55091414537338e-02	1
65	43	1.39529231294257e-03	2.83733876379485e-02	1
66	43	1.44121039293642e-03	2.82098748157404e-02	1
67	43	1.47478623871155e-03	3.01513039468156e-02	1
68	43	1.50515664210676e-03	3.06112046796806e-02	1
69	43	1.55061772064053e-03	3.04365884606227e-02	1
70	43	1.58354588858000e-03	3.04687807588710e-02	1
71	43	1.62191303710709e-03	3.41426547998493e-02	1
72	43	1.65138378978372e-03	3.40911569933395e-02	1
73	43	1.67333768021935e-03	3.11789106481394e-02	1
74	43	1.70832091415239e-03	3.58117065021791e-02	1
75	43	1.72145639712113e-03	3.62703240965447e-02	1
76	43	1.74572445641828e-03	3.45658293345256e-02	1
77	43	1.76820780373617e-03	3.70985208007408e-02	1
78	43	1.78769678146262e-03	3.70824349185694e-02	1
79	43	1.80382250299468e-03	3.55344930008066e-02	1
80	43	1.83151614694876e-03	3.95631957739697e-02	1
81	43	1.85039101170750e-03	3.61131298827022e-02	1
82	43	1.87780269644080e-03	3.82393425312997e-02	1
83	43	1.89825574308178e-03	3.57268954802904e-02	1
84	43	1.92292731935784e-03	3.71248973314397e-02	1
85	43	1.94990544015313e-03	3.78270588678291e-02	1
86	43	1.98014740434405e-03	3.96510382713445e-02	1
87	43	2.00040988527390e-03	3.80091891880559e-02	1
88	43	2.03001828040103e-03	4.08371494872166e-02	1
89	43	2.05112397890846e-03	4.35204009225425e-02	1
90	43	2.08694834210435e-03	4.40908096026083e-02	1
1	46	2.18364875957563e-03	4.18453640974645e-02	1
2	46	2.15452749857513e-03	4.38482389687129e-02	1
3	46	2.12033955304365e-03	4.32842861972631e-02	1
4	46	2.10100852496867e-03	4.14021981507273e-02	1
5	46	2.05437907714247e-03	4.30849719766783e-02	1
6	46	2.04130457134617e-03	4.36164687219914e-02	1
7	46	1.99129205558495e-03	3.95778554331721e-02	1
8	46	1.96794331596051e-03	3.80930986553170e-02	1
9	46	1.92114231529638e-03	3.65797606542808e-02	1
10	46	1.89137900862569e-03	3.69695339687972e-02	1
11	46	1.86132541814830e-03	3.40906680190929e-02	1
12	46	1.81661067373952e-03	3.44288001247969e-02	1
13	46	1.78920612093638e-03	3.71000912770490e-02	1
14	46	1.75322496585194e-03	3.41313675351787e-02	1
15	46	1.72044505733069e-03	3.41481875485213e-02	1
16	46	1.68645012163060e-03	3.51376477003998e-02	1
17	46	1.64148589100975e-03	3.23243799691725e-02	1
18	46	1.61418685613674e-03	3.02517452503941e-02	1
19	46	1.58354739830800e-03	3.21661518847841e-02	1
20	46	1.53966592136706e-03	3.20636311076135e-02	1
21	46	1.51015606675024e-03	3.12450919343236e-02	1
22	46	1.47745934612274e-03	3.07737535381941e-02	1
23	46	1.42918728419219e-03	2.71752666455145e-02	1
24	46	1.38070495505586e-03	2.55845238047656e-02	1
25	46	1.32785932964434e-03	2.57686694287392e-02	1
26	46	1.27358793075374e-03	2.51413288446201e-02	1
27	46	1.22410016815416e-03	2.52225465294162e-02	1
28	46	1.15416593398211e-03	2.34819476437887e-02	1
29	46	1.10174250564850e-03	1.95454732224302e-02	1
30	46	1.04851916264998e-03	2.15752452557549e-02	1
31	46	9.80182581865700e-04	2.09852174257692e-02	1
32	46	9.31856993269877e-04	1.91516920329163e-02	1
33	46	8.78295485661513e-04	1.63926193313426e-02	1
34	46	8.03099886684295e-04	1.54194147531672e-02	1
35	46	7.53467535339707e-04	1.45434798823609e-02	1
36	46	6.85293035348333e-04	1.36742347819581e-02	1
37	46	6.30165529266492e-04	1.28984068560682e-02	1
38	46	5.73873065593900e-04	1.01893817097842e-02	1
39	46	5.09975602647681e-04	1.03179825235131e-02	1
40	46	4.69316004894932e-04	8.81281903181838e-03	1
41	46	4.22704076678554e-04	7.71629080475268e-03	1
42	46	3.61738885704251e-04	7.09666587081302e-03	1
43	46	3.28949379951685e-04	6.66658353881209e-03	1
44	46	2.58976960870022e-04	5.06050505077608e-03	1
45	46	1.43239998837448e-04	2.66285078673026e-03	1
47	46	1.75398221033000e-04	3.24087114066697e-03	1
48	46	3.04065825271502e-04	5.64845848757090e-03	1
49	46	3.74076656673794e-04	7.53677582231900e-03	1
50	46	4.54628478189606e-04	8.46214680335322e-03	1
51	46	5.13165244590642e-04	9.42865928880170e-03	1
52	46	5.67520383568679e-04	1.04121249715703e-02	1
53	46	6.33709157825646e-04	1.31906668459505e-02	1
54	46	6.94779139289097e-04	1.20647225179159e-02	1
55	46	7.61810065091676e-04	1.55489308306149e-02	1
56	46	8.12953048991412e-04	1.68394225134716e-02	1
57	46	8.71802994847174e-04	1.61228142393017e-02	1
58	46	9.28723782277094e-04	2.01025466793741e-02	1
59	46	9.80241572402019e-04	2.03459487422132e-02	1
60	46	1.02712893634338e-03	1.94479886393171e-02	1
61	46	1.09777259342366e-03	2.17765260757626e-02	1
62	46	1.14812441508382e-03	2.58437610010068e-02	1
63	46	1.20145576279114e-03	2.36247498881620e-02	1
64	46	1.25357575165704e-03	2.35421062699029e-02	1
65	46	1.28491362150683e-03	2.49180095600596e-02	1
66	46	1.33128662646122e-03	2.76513927551220e-02	1
67	46	1.37032341996763e-03	2.83709064559547e-02	1
68	46	1.40069382336285e-03	2.90336588441278e-02	1
69	46	1.45085448420842e-03	2.92443229302544e-02	1
70	46	1.48686450407898e-03	3.06043289505367e-02	1
71	46	1.52993765316617e-03	3.02489684433841e-02	1
72	46	1.56470232294567e-03	3.44815929753842e-02	1
73	46	1.59180785926751e-03	3.19379195705411e-02	1
74	46	1.63909294220587e-03	3.47695769351991e-02	1
75	46	1.66298274510913e-03	3.68599724903520e-02	1
76	46	1.69894952349228e-03	3.44473041201273e-02	1
77	46	1.73539540976912e-03	3.32213615032992e-02	1
78	46	1.77000579065663e-03	3.76702801753431e-02	1
79	46	1.78846648684408e-03	3.34673055797985e-02	1
80	46	1.81691720758652e-03	3.20796637364950e-02	1
81	46	1.83579207234526e-03	3.24622281599483e-02	1
82	46	1.86320375707856e-03	3.68345578737430e-02	1
83	46	1.88365680371955e-03	3.55483234056411e-02	1
84	46	1.90832837999561e-03	3.64674854085985e-02	1
85	46	1.93530650079090e-03	4.01522463660566e-02	1
86	46	1.96554846498182e-03	3.80612555433459e-02	1
87	46	1.98581094591166e-03	3.73212767349078e-02	1
88	46	2.01543799733466e-03	3.89930607261700e-02	1
89	46	2.03717256051419e-03	3.76995880466302e-02	1
90	46	2.07302033422040e-03	4.09329094274463e-02	1
1	49	2.32274501437667e-03	4.57158980955253e-02	1
2	49	2.29362375337616e-03	4.40359358324611e-02	1
3	49	2.26000564757585e-03	4.57917161426021e-02	1
4	49	2.24266958522797e-03	4.19664938669047e-02	1
5	49	2.19604013740177e-03	4.38985713051235e-02	1
6	49	2.18296563160547e-03	4.63164499246518e-02	1
7	49	2.13295311584425e-03	4.48955973248630e-02	1
8	49	2.10960437621981e-03	4.70741733349162e-02	1
9	49	2.06280337555568e-03	3.51157301042095e-02	1
10	49	2.03304006888499e-03	4.42502021057310e-02	1
11	49	2.00298647840761e-03	3.86585123746571e-02	1
12	49	1.95827173399882e-03	3.36345887031401e-02	1
13	49	1.93086718119568e-03	4.04468845480472e-02	1
14	49	1.89488602611124e-03	4.01740866068134e-02	1
15	49	1.86210611758999e-03	3.79827228709019e-02	1
16	49	1.82811118188990e-03	3.36763626668746e-02	1
17	49	1.78314695126905e-03	3.68066223750234e-02	1
18	49	1.75584791639604e-03	3.45036228427254e-02	1
19	49	1.72520845856730e-03	3.45954158808717e-02	1
20	49	1.68200048633071e-03	3.43342241125374e-02	1
21	49	1.65249433413640e-03	3.17282418822485e-02	1
22	49	1.62129943348906e-03	3.13098081256804e-02	1
23	49	1.57617416452895e-03	3.41025288456208e-02	1
24	49	1.53289446190635e-03	3.24702470809291e-02	1
25	49	1.49521413474703e-03	3.08857889564618e-02	1
26	49	1.45080864412847e-03	3.15368307696305e-02	1
27	49	1.40983971464546e-03	2.79627674107879e-02	1
28	49	1.34041520842188e-03	2.60121097848901e-02	1
29	49	1.28890578444878e-03	2.88803739747137e-02	1
30	49	1.23628413168041e-03	2.57199545282936e-02	1
31	49	1.16794755089614e-03	2.54242628328823e-02	1
32	49	1.11962196230031e-03	2.27439685377846e-02	1
33	49	1.06606045469195e-03	2.08060087574797e-02	1
34	49	9.90864855714733e-04	1.91775613290811e-02	1
35	49	9.41232504370145e-04	1.82340936087342e-02	1
36	49	8.73058004378771e-04	1.73684682430233e-02	1
37	49	8.17930498296930e-04	1.56282152302152e-02	1
38	49	7.61787526224435e-04	1.44518544681809e-02	1
39	49	6.98728668183326e-04	1.44362814906357e-02	1
40	49	6.58069070430576e-04	1.19187128848399e-02	1
41	49	6.11457142214199e-04	1.27519213524320e-02	1
42	49	5.50491951239896e-04	1.05999350239915e-02	1
43	49	5.17702445487330e-04	1.01439634051650e-02	1
44	49	4.67063268712714e-04	9.92563662875693e-03	1
45	49	4.22602947828272e-04	8.15126783717545e-03	1
46	49	3.74076656673794e-04	7.45770711501159e-03	1
47	49	2.78332984068944e-04	5.43061954929771e-03	1
48	49	1.43452229894251e-04	2.73038997343362e-03	1
50	49	1.75366069470001e-04	3.23338990193222e-03	1
51	49	3.07035880797724e-04	5.74874054466273e-03	1
52	49	4.02073518659617e-04	7.87285407412643e-03	1
53	49	4.82085580385787e-04	9.08495922766550e-03	1
54	49	5.57132538207961e-04	1.04991301917194e-02	1
55	49	6.24163464010539e-04	1.12182208539113e-02	1
56	49	6.75306447910275e-04	1.34292102897702e-02	1
57	49	7.35235552901225e-04	1.39292013455407e-02	1
58	49	7.94436884080571e-04	1.69885157405956e-02	1
59	49	8.50518540276651e-04	1.63380346766116e-02	1
60	49	8.98760387672158e-04	1.80908756355527e-02	1
61	49	9.73907250043124e-04	1.99735277625139e-02	1
62	49	1.02546982075719e-03	2.06673131548365e-02	1
63	49	1.08081970980415e-03	2.20656377597653e-02	1
64	49	1.13454455636248e-03	2.20195889460944e-02	1
65	49	1.16588242621227e-03	2.32094863379393e-02	1
66	49	1.22020400302274e-03	2.28938387659205e-02	1
67	49	1.26307904586743e-03	2.47155961154567e-02	1
68	49	1.29386724361534e-03	2.43302618335230e-02	1
69	49	1.34539823365185e-03	2.62624293185405e-02	1
70	49	1.38401468868832e-03	2.80099289211374e-02	1
71	49	1.42941871308720e-03	2.79430869259195e-02	1
72	49	1.46710551333202e-03	3.03261906920209e-02	1
73	49	1.49456490181974e-03	2.82278368122867e-02	1
74	49	1.54328733602485e-03	3.19148329837582e-02	1
75	49	1.56717713892810e-03	3.29791628554981e-02	1
76	49	1.60314391731125e-03	2.97171590587695e-02	1
77	49	1.64616806689074e-03	2.97487797393212e-02	1
78	49	1.68488305250572e-03	3.42227140350740e-02	1
79	49	1.71254121845046e-03	3.16339202960460e-02	1
80	49	1.75521744943827e-03	3.55070494576620e-02	1
81	49	1.78824112685217e-03	3.33879129782001e-02	1
82	49	1.82870643473411e-03	3.73755380602646e-02	1
83	49	1.86317788932540e-03	3.68996969338096e-02	1
84	49	1.89881744672867e-03	3.95196779289638e-02	1
85	49	1.92723383518834e-03	3.69322448298494e-02	1
86	49	1.95747579937926e-03	4.24955564518568e-02	1
87	49	1.97807139793713e-03	3.87530744399934e-02	1
88	49	2.00938357927382e-03	3.83397229428339e-02	1
89	49	2.03184135151386e-03	4.12581166779590e-02	1
90	49	2.06903304611390e-03	3.97319092989763e-02	1
1	52	2.43044092792591e-03	4.88242549285684e-02	1
2	52	2.40131966692540e-03	4.55171430339826e-02	1
3	52	2.36770156112509e-03	4.88664554691957e-02	1
4	52	2.35144145765285e-03	5.19419890979997e-02	1
5	52	2.30481200982664e-03	4.91683921993316e-02	1
6	52	2.29173750403035e-03	4.40218192738898e-02	1
7	52	2.24201054986638e-03	4.51327725661451e-02	1
8	52	2.21866181024194e-03	4.77664681228475e-02	1
9	52	2.17316113447017e-03	4.31020042630473e-02	1
10	52	2.14513775200703e-03	4.09134013785950e-02	1
11	52	2.11599685758545e-03	4.22917572258119e-02	1
12	52	2.07128211317666e-03	4.48716328043569e-02	1
13	52	2.04387756037352e-03	4.17992435523183e-02	1
14	52	2.00789640528908e-03	4.21549824234117e-02	1
15	52	1.97511649676784e-03	4.16053617293506e-02	1
16	52	1.94112156106775e-03	4.02084792456877e-02	1
17	52	1.89615733044690e-03	3.48981560747170e-02	1
18	52	1.86885829557389e-03	3.73649574476928e-02	1
19	52	1.83821883774514e-03	4.03992785460183e-02	1
20	52	1.79505984381588e-03	3.64400839266705e-02	1
21	52	1.76995365488403e-03	3.29909189856329e-02	1
22	52	1.74093347658738e-03	3.05525248991155e-02	1
23	52	1.69911591916809e-03	3.18185261198237e-02	1
24	52	1.65749223545721e-03	3.37391078377389e-02	1
25	52	1.62090131339668e-03	3.12038236397304e-02	1
26	52	1.57831372668272e-03	3.10476763776543e-02	1
27	52	1.54363006476187e-03	2.83176213074786e-02	1
28	52	1.48931294085724e-03	2.66001659623869e-02	1
29	52	1.45226226918402e-03	2.75470263124711e-02	1
30	52	1.40373723189641e-03	2.74723374239545e-02	1
31	52	1.33540065111214e-03	2.64086720591298e-02	1
32	52	1.28707506251632e-03	2.55433146969484e-02	1
33	52	1.23351355490795e-03	2.48612703521787e-02	1
34	52	1.15831795593073e-03	2.26943196626005e-02	1
35	52	1.10868560458615e-03	2.31402205620710e-02	1
36	52	1.04051110459477e-03	2.06356804115536e-02	1
37	52	9.85383598512931e-04	2.13814030226376e-02	1
38	52	9.29763312560335e-04	1.80721527448011e-02	1
39	52	8.69139068748181e-04	1.72736639550283e-02	1
40	52	8.35164530230951e-04	1.78314267267189e-02	1
41	52	7.90598932206316e-04	1.53508122801550e-02	1
42	52	7.31208499525146e-04	1.38964890089685e-02	1
43	52	6.98418993772581e-04	1.31252774003573e-02	1
44	52	6.47779816997964e-04	1.26084818017388e-02	1
45	52	6.06184837448899e-04	1.18697431473146e-02	1
46	52	5.67520383568679e-04	1.07486007857239e-02	1
47	52	5.11752548432666e-04	1.04617525167486e-02	1
48	52	4.58642133966971e-04	8.93234766459046e-03	1
49	52	4.02073518659617e-04	8.27429806034869e-03	1
50	52	2.71401012733482e-04	5.06440553745260e-03	1
51	52	1.39731201405759e-04	2.56589207627203e-03	1
53	52	1.75389924397320e-04	3.36327035155039e-03	1
54	52	3.08636772776347e-04	6.30795605806153e-03	1
55	52	4.65385785998711e-04	9.48428464174811e-03	1
56	52	5.28589734689090e-04	1.05002267437409e-02	1
57	52	5.99856952026744e-04	1.21932336615255e-02	1
58	52	6.75213452499975e-04	1.37727188537549e-02	1
59	52	7.31295108696055e-04	1.51549875232387e-02	1
60	52	7.79536956091563e-04	1.64119868061275e-02	1
61	52	8.54683818462528e-04	1.78493688908524e-02	1
62	52	9.07770746331629e-04	1.87306842117074e-02	1
63	52	9.65151192016532e-04	1.83338075417793e-02	1
64	52	1.02057815659262e-03	2.04365351901302e-02	1
65	52	1.05560498636835e-03	2.03603233385524e-02	1
66	52	1.11391860461423e-03	2.23545744476204e-02	1
67	52	1.15882280266368e-03	2.20928590409735e-02	1
68	52	1.18961100041160e-03	2.61035280380971e-02	1
69	52	1.24114199044810e-03	2.24278289717138e-02	1
70	52	1.27975844548457e-03	2.46239452334733e-02	1
71	52	1.32804913432172e-03	2.77971077327783e-02	1
72	52	1.36623216816471e-03	2.66195588971829e-02	1
73	52	1.40038832087522e-03	2.82677629719689e-02	1
74	52	1.45301102841334e-03	2.52298903109953e-02	1
75	52	1.48251825087958e-03	3.05721866140003e-02	1
76	52	1.51895699277102e-03	2.93458567102135e-02	1
77	52	1.56198114235052e-03	3.26380429415412e-02	1
78	52	1.60073573812513e-03	2.91615860790751e-02	1
79	52	1.63249376483667e-03	3.28379390374814e-02	1
80	52	1.67996087720894e-03	3.32924898277740e-02	1
81	52	1.71441362502260e-03	3.50077057420530e-02	1
82	52	1.75506888495999e-03	3.57223377124628e-02	1
83	52	1.79432411276118e-03	3.46739485206906e-02	1
84	52	1.83350648776016e-03	3.46477572864771e-02	1
85	52	1.87910859894930e-03	3.67196940397437e-02	1
86	52	1.92145374213031e-03	4.06074770736536e-02	1
87	52	1.95130050594940e-03	4.06089632818745e-02	1
88	52	1.99637631499752e-03	3.81786251079558e-02	1
89	52	2.02363486387749e-03	4.15104992784523e-02	1
90	52	2.06082655847753e-03	4.09901117636140e-02	1
1	55	2.55828959309493e-03	5.13083858482857e-02	1
2	55	2.52916833209443e-03	5.21240395700811e-02	1
3	55	2.49555022629411e-03	5.04297539809461e-02	1
4	55	2.47929012282187e-03	4.63730771688259e-02	1
5	55	2.43266067499567e-03	4.56933732359268e-02	1
6	55	2.41958616919938e-03	4.93403835678886e-02	1
7	55	2.37007290129338e-03	4.21979755156295e-02	1
8	55	2.34672416166894e-03	4.93950998659136e-02	1
9	55	2.30122348589717e-03	4.63815066380598e-02	1
10	55	2.27320010343403e-03	4.74548205271184e-02	1
11	55	2.24509696663735e-03	4.17638735703574e-02	1
12	55	2.20038222222857e-03	4.66363848345810e-02	1
13	55	2.17297766942543e-03	4.16641183280057e-02	1
14	55	2.13699651434098e-03	4.32428334464519e-02	1
15	55	2.10421660581974e-03	3.90924341513517e-02	1
16	55	2.07022167011965e-03	4.21966206267064e-02	1
17	55	2.02525743949880e-03	3.78506437837765e-02	1
18	55	1.99795840462579e-03	3.90522708160949e-02	1
19	55	1.96731894679704e-03	4.31183002949104e-02	1
20	55	1.92415995286779e-03	3.89404362523992e-02	1
21	55	1.89905376393593e-03	3.64408511893043e-02	1
22	55	1.87055061370620e-03	3.85774552587398e-02	1
23	55	1.82883235892812e-03	3.77465658099341e-02	1
24	55	1.78926212627033e-03	3.18036204157758e-02	1
25	55	1.75351625652766e-03	3.43103180308562e-02	1
26	55	1.71092866981369e-03	3.45718876293915e-02	1
27	55	1.67624500789285e-03	3.58558553351364e-02	1
28	55	1.62192788398821e-03	3.45415020852478e-02	1
29	55	1.58487721231500e-03	3.12955537449033e-02	1
30	55	1.54988170785882e-03	3.27031105430112e-02	1
31	55	1.50152581550108e-03	2.93737971988110e-02	1
32	55	1.46600688758857e-03	2.88514192125779e-02	1
33	55	1.41244537998021e-03	2.71701646784516e-02	1
34	55	1.33724978100299e-03	2.53177842463696e-02	1
35	55	1.28761742965840e-03	2.54341383412971e-02	1
36	55	1.21944292966703e-03	2.49326087905958e-02	1
37	55	1.16431542358519e-03	2.40722447419923e-02	1
38	55	1.10869513763259e-03	2.29118540284521e-02	1
39	55	1.04807089382044e-03	2.10765760460681e-02	1
40	55	1.01462847000994e-03	2.00069259947632e-02	1
41	55	9.74969509346138e-04	1.98995052807807e-02	1
42	55	9.20263784084171e-04	1.86224804901496e-02	1
43	55	8.90806081065022e-04	1.93385173717423e-02	1
44	55	8.42069498520962e-04	1.76328561473778e-02	1
45	55	8.00474518971897e-04	1.51029827866043e-02	1
46	55	7.61810065091676e-04	1.44066004189965e-02	1
47	55	7.06042229955664e-04	1.44633441350196e-02	1
48	55	6.67183230402311e-04	1.33589962950068e-02	1
49	55	6.24163464010539e-04	1.37594397034878e-02	1
50	55	5.76743063148839e-04	1.04882402891853e-02	1
51	55	5.24341741337262e-04	1.04108160282438e-02	1
52	55	4.65385785998711e-04	8.81318505158259e-03	1
53	55	3.08252686214588e-04	5.61311098308572e-03	1
54	55	1.75005837835561e-04	2.92527398205423e-03	1
56	55	1.38618677918704e-04	2.89888564579874e-03	1
57	55	2.67862141339445e-04	5.22939647106878e-03	1
58	55	4.24926172656981e-04	7.51170992349063e-03	1
59	55	5.53635679273635e-04	1.11843854138420e-02	1
60	55	6.22224412220446e-04	1.19863777711671e-02	1
61	55	7.15311443042996e-04	1.37723652428272e-02	1
62	55	7.75414421696985e-04	1.56393269087939e-02	1
63	55	8.41427026145911e-04	1.62605437661779e-02	1
64	55	8.96853990722003e-04	1.73285518906309e-02	1
65	55	9.31880820497733e-04	2.01589891738667e-02	1
66	55	9.90675762003437e-04	1.96194907412926e-02	1
67	55	1.03665886307164e-03	2.08773161143166e-02	1
68	55	1.06832372382720e-03	2.24149845728016e-02	1
69	55	1.12104387366768e-03	2.06460711770245e-02	1
70	55	1.16098739983998e-03	2.45778671834682e-02	1
71	55	1.21567913234337e-03	2.48844572327595e-02	1
72	55	1.25386216618636e-03	2.54224728262877e-02	1
73	55	1.29005634196902e-03	2.52552330102809e-02	1
74	55	1.34311403342326e-03	2.87092932477921e-02	1
75	55	1.37627833739963e-03	2.73845270874020e-02	1
76	55	1.41629285777031e-03	2.79795608972758e-02	1
77	55	1.46399655208804e-03	3.13935792982416e-02	1
78	55	1.50275114786265e-03	2.93991978749446e-02	1
79	55	1.53829049362706e-03	2.91627947895837e-02	1
80	55	1.58713549536418e-03	3.12729782739264e-02	1
81	55	1.62358655399611e-03	3.38567064061326e-02	1
82	55	1.66859205383778e-03	3.49323850658084e-02	1
83	55	1.70954099823900e-03	3.19896263555568e-02	1
84	55	1.75063387505090e-03	3.27938462143757e-02	1
85	55	1.79927722391113e-03	3.61278052670996e-02	1
86	55	1.84576573527157e-03	3.73100143633232e-02	1
87	55	1.87953152133772e-03	3.67486669851530e-02	1
88	55	1.92720070182290e-03	3.73925009218528e-02	1
89	55	1.95960638087921e-03	4.14182897505345e-02	1
90	55	2.00699484633240e-03	3.95918436613380e-02	1
1	58	2.66106242382175e-03	5.33823493616274e-02	1
2	58	2.63194116282124e-03	5.46220463290623e-02	1
3	58	2.59832305702093e-03	5.12551098835868e-02	1
4	58	2.58307059174191e-03	5.26747358712087e-02	1
5	58	2.53644114391571e-03	5.02515200890293e-02	1
6	58	2.52490481571896e-03	4.60141419614391e-02	1
7	58	2.47649117655229e-03	4.94708308936724e-02	1
8	58	2.45374935951272e-03	4.49231778425515e-02	1
9	58	2.40824868374095e-03	4.48630785430105e-02	1
10	58	2.38022530127781e-03	4.35024096477025e-02	1
11	58	2.35212216448114e-03	4.97235842534898e-02	1
12	58	2.30740742007235e-03	4.28570176884863e-02	1
13	58	2.28000286726921e-03	4.41882257937548e-02	1
14	58	2.24402171218477e-03	4.48165754614043e-02	1
15	58	2.21124180366352e-03	4.39250842558997e-02	1
16	58	2.17724686796343e-03	3.98919718615555e-02	1
17	58	2.13228263734258e-03	4.33198788851240e-02	1
18	58	2.10498360246958e-03	4.38058424816644e-02	1
19	58	2.07434414464083e-03	3.92253215449602e-02	1
20	58	2.03118515071157e-03	4.11206580172761e-02	1
21	58	2.00607896177971e-03	3.75266451479698e-02	1
22	58	1.97757581154999e-03	3.78871056408854e-02	1
23	58	1.93585755677190e-03	3.74774142332923e-02	1
24	58	1.89628732411411e-03	3.50136498957117e-02	1
25	58	1.86059867877286e-03	3.72296591440077e-02	1
26	58	1.81941413959480e-03	3.68237356404748e-02	1
27	58	1.78580066013924e-03	3.48913082109978e-02	1
28	58	1.73243510858937e-03	3.60497831019405e-02	1
29	58	1.69538443691615e-03	3.25781503978802e-02	1
30	58	1.66038893245997e-03	3.67456809751678e-02	1
31	58	1.61203304010223e-03	3.22120065976913e-02	1
32	58	1.58106687508013e-03	3.28816433445154e-02	1
33	58	1.54227508812383e-03	3.16165946742623e-02	1
34	58	1.48498149558950e-03	3.14316885942219e-02	1
35	58	1.43534914424491e-03	2.75699313421910e-02	1
36	58	1.36717464425354e-03	2.65043906641628e-02	1
37	58	1.31204713817170e-03	2.58867100123868e-02	1
38	58	1.25642685221910e-03	2.42367448062886e-02	1
39	58	1.19929693773098e-03	2.41800443502938e-02	1
40	58	1.16638291658132e-03	2.30721855957739e-02	1
41	58	1.12753701033653e-03	2.36182234890087e-02	1
42	58	1.07994401542602e-03	2.12277349892173e-02	1
43	58	1.05079644674042e-03	2.22566837545556e-02	1
44	58	1.00347901970969e-03	1.85465089159015e-02	1
45	58	9.65682900397235e-04	1.96182345446516e-02	1
46	58	9.28723782277094e-04	1.75820284088752e-02	1
47	58	8.76315650025695e-04	1.82031833541700e-02	1
48	58	8.37456650472342e-04	1.66857584676000e-02	1
49	58	7.94436884080571e-04	1.59929588388936e-02	1
50	58	7.55300202136439e-04	1.47206304703185e-02	1
51	58	7.16368962622018e-04	1.39575960281300e-02	1
52	58	6.75213452499975e-04	1.24908833858093e-02	1
53	58	6.14642894074677e-04	1.13492228308791e-02	1
54	58	5.51859382611953e-04	1.20637580060811e-02	1
55	58	4.24926172656981e-04	9.17592036312734e-03	1
56	58	2.96307494738276e-04	5.20429283283642e-03	1
57	58	1.67064031317536e-04	2.95571389978064e-03	1
59	58	1.38709506616654e-04	2.50378117625286e-03	1
60	58	2.64494783560808e-04	5.19763496311479e-03	1
61	58	4.27270050684995e-04	8.32371579403889e-03	1
62	58	5.50195375728260e-04	1.15722266826589e-02	1
63	58	6.63561757882750e-04	1.29549933000579e-02	1
64	58	7.35294843833780e-04	1.46558133711384e-02	1
65	58	7.85471900464137e-04	1.44505146324999e-02	1
66	58	8.62722551574102e-04	1.70993305979551e-02	1
67	58	9.18436159433561e-04	1.99201935323263e-02	1
68	58	9.57555979600693e-04	1.73454318493733e-02	1
69	58	1.01027612944117e-03	2.06353777807418e-02	1
70	58	1.05021965561347e-03	2.06799875641974e-02	1
71	58	1.10740665114987e-03	2.21409593219761e-02	1
72	58	1.14720163246609e-03	2.35713573497665e-02	1
73	58	1.18415613720810e-03	2.31340349537331e-02	1
74	58	1.23958601975164e-03	2.26547223744775e-02	1
75	58	1.27320336445238e-03	2.65678860829950e-02	1
76	58	1.31489625513677e-03	2.55010411025329e-02	1
77	58	1.36598278648212e-03	2.85383959404372e-02	1
78	58	1.40681577886863e-03	2.73180425096320e-02	1
79	58	1.44235512463303e-03	2.76881178301191e-02	1
80	58	1.49120012637016e-03	2.96083982768626e-02	1
81	58	1.53202970503068e-03	3.05711539257242e-02	1
82	58	1.57730798486775e-03	2.90226662068189e-02	1
83	58	1.61918827736805e-03	3.26139204473787e-02	1
84	58	1.66552852929276e-03	3.05070019634543e-02	1
85	58	1.71664420663677e-03	3.51987909008444e-02	1
86	58	1.76587945001818e-03	3.58041549169503e-02	1
87	58	1.80189171171307e-03	3.67465465785630e-02	1
88	58	1.85438058810463e-03	3.69078261500160e-02	1
89	58	1.88678626716094e-03	3.67440510508791e-02	1
90	58	1.93417473261414e-03	3.72916520094802e-02	1
1	61	2.76731744749921e-03	5.99977249232512e-02	1
2	61	2.73819618649871e-03	5.37833050108349e-02	1
3	61	2.70494633263305e-03	5.51327193558788e-02	1
4	61	2.68969386735404e-03	5.60751385327767e-02	1
5	61	2.64306441952783e-03	5.38533579495738e-02	1
6	61	2.63261539787792e-03	5.06201700434337e-02	1
7	61	2.58420175871124e-03	4.79743841820634e-02	1
8	61	2.56247051675166e-03	4.88920431442985e-02	1
9	61	2.51817877229555e-03	4.79080269496918e-02	1
10	61	2.49015538983240e-03	5.12868477291916e-02	1
11	61	2.46278575566849e-03	4.76412752859991e-02	1
12	61	2.42076485746772e-03	4.90313341788956e-02	1
13	61	2.39336030466458e-03	4.75336114554106e-02	1
14	61	2.35743164246804e-03	4.43652757241929e-02	1
15	61	2.32473827767670e-03	4.87475654682233e-02	1
16	61	2.29074334197661e-03	4.59478192036375e-02	1
17	61	2.24577911135577e-03	4.78236962435438e-02	1
18	61	2.21848007648276e-03	4.51830403257334e-02	1
19	61	2.18784061865401e-03	4.53642416934653e-02	1
20	61	2.14468162472475e-03	4.32296001079836e-02	1
21	61	2.11957543579290e-03	4.02354140746151e-02	1
22	61	2.09162794555110e-03	4.16545765074813e-02	1
23	61	2.04990969077302e-03	3.99370301132422e-02	1
24	61	2.01247441954618e-03	4.07567416148789e-02	1
25	61	1.97678577420492e-03	4.06707067484833e-02	1
26	61	1.93677358059479e-03	3.83464446419625e-02	1
27	61	1.90316010113922e-03	3.91076158484604e-02	1
28	61	1.85031878042276e-03	3.41794298742913e-02	1
29	61	1.81326810874955e-03	3.66155863870722e-02	1
30	61	1.77827260429337e-03	3.71317780404561e-02	1
31	61	1.73134294168782e-03	3.47158574072652e-02	1
32	61	1.70037677666572e-03	3.37049451143598e-02	1
33	61	1.66217338683169e-03	3.30618010701465e-02	1
34	61	1.60500446254589e-03	3.09264115234030e-02	1
35	61	1.57254266181225e-03	3.24481874031991e-02	1
36	61	1.51341160947367e-03	3.02078332740408e-02	1
37	61	1.46237779003739e-03	2.99614196296287e-02	1
38	61	1.40675750408479e-03	2.60824358150698e-02	1
39	61	1.35397205010303e-03	2.52492943013256e-02	1
40	61	1.32277344730838e-03	2.51931584775796e-02	1
41	61	1.28392754106359e-03	2.59261887156586e-02	1
42	61	1.23780794404077e-03	2.40832749770943e-02	1
43	61	1.21694451138587e-03	2.41868730685625e-02	1
44	61	1.17133892208732e-03	2.53640439472090e-02	1
45	61	1.13445827568308e-03	2.14400628938173e-02	1
46	61	1.09777259342366e-03	2.22821566558365e-02	1
47	61	1.04992765592709e-03	2.05480876596582e-02	1
48	61	1.01433623335120e-03	1.89793063132175e-02	1
49	61	9.73907250043123e-04	1.78657785249170e-02	1
50	61	9.34770568098991e-04	1.84738840822012e-02	1
51	61	8.95839328584570e-04	1.73170586345973e-02	1
52	61	8.54683818462527e-04	1.70549962914524e-02	1
53	61	8.13355786491994e-04	1.47005996632170e-02	1
54	61	7.73295593887663e-04	1.58326280145784e-02	1
55	61	7.15311443042995e-04	1.41864967043244e-02	1
56	61	6.54519095177120e-04	1.38158029590293e-02	1
57	61	5.84334082002530e-04	1.15708886460697e-02	1
58	61	4.27270050684994e-04	8.70345169016621e-03	1
59	61	2.98560544068340e-04	6.27469356834551e-03	1
60	61	1.72775267124186e-04	3.16575679933389e-03	1
62	61	1.32925325043266e-04	2.46924238280838e-03	1
63	61	2.92099249752999e-04	5.37843336479917e-03	1
64	61	4.15784068330612e-04	8.86343131819258e-03	1
65	61	5.38326008926945e-04	1.05815780858065e-02	1
66	61	6.95359462960739e-04	1.38381264470798e-02	1
67	61	7.71349426564836e-04	1.46265373496171e-02	1
68	61	8.19643483314783e-04	1.70722280070179e-02	1
69	61	8.80852269427339e-04	1.70083920305264e-02	1
70	61	9.30347090669934e-04	1.77930568643667e-02	1
71	61	9.94974451384206e-04	2.05956944808318e-02	1
72	61	1.03476943270043e-03	2.15266644897910e-02	1
73	61	1.07172393744244e-03	2.05120038973053e-02	1
74	61	1.12903854464533e-03	2.27157311363916e-02	1
75	61	1.16594278991793e-03	2.31053552033012e-02	1
76	61	1.20829592254888e-03	2.46552971732538e-02	1
77	61	1.26174288737278e-03	2.37131470378194e-02	1
78	61	1.30313576850013e-03	2.55732589867014e-02	1
79	61	1.34109333777530e-03	2.59430231520254e-02	1
80	61	1.39588216432163e-03	2.94797057805905e-02	1
81	61	1.43728658905453e-03	2.64271047580325e-02	1
82	61	1.48287769846336e-03	3.12304282580846e-02	1
83	61	1.52475799096366e-03	2.94178240583769e-02	1
84	61	1.57282046207187e-03	3.18035240156009e-02	1
85	61	1.62769550936173e-03	3.38633291568470e-02	1
86	61	1.67806215698764e-03	3.04560558549379e-02	1
87	61	1.71899085406649e-03	3.45922242418493e-02	1
88	61	1.77646145639391e-03	3.46157308574502e-02	1
89	61	1.81170150742984e-03	3.68984086774159e-02	1
90	61	1.85908997288303e-03	3.74450224749741e-02	1
1	64	2.85433398770997e-03	5.97679432869092e-02	1
2	64	2.82524848415024e-03	5.12427177291481e-02	1
3	64	2.79208483403836e-03	5.56534648674708e-02	1
4	64	2.77846678431400e-03	6.11341633048508e-02	1
5	64	2.73183733648779e-03	5.66077290101553e-02	1
6	64	2.72214672708084e-03	5.85056985232969e-02	1
7	64	2.67373308791417e-03	5.77407277351920e-02	1
8	64	2.65284217703020e-03	5.18339103160405e-02	1
9	64	2.60855043257409e-03	5.15850608033403e-02	1
10	64	2.58052705011095e-03	5.29904606325845e-02	1
11	64	2.55315741594703e-03	4.96163277350726e-02	1
12	64	2.51273090749168e-03	5.10756211305117e-02	1
13	64	2.48532635468854e-03	4.45274572363014e-02	1
14	64	2.44939769249201e-03	4.73674056894460e-02	1
15	64	2.41670432770067e-03	4.49313569699488e-02	1
16	64	2.38270939200058e-03	4.77532215659075e-02	1
17	64	2.33774516137973e-03	4.37450343719399e-02	1
18	64	2.31044612650672e-03	4.93966042446158e-02	1
19	64	2.27980666867797e-03	4.44689393532301e-02	1
20	64	2.23664767474872e-03	4.18411986475587e-02	1
21	64	2.21154148581686e-03	4.40075898510081e-02	1
22	64	2.18359399557507e-03	4.44628412153871e-02	1
23	64	2.14187574079698e-03	4.32946922220578e-02	1
24	64	2.10444046957014e-03	4.20600186243965e-02	1
25	64	2.06875182422889e-03	4.54644017391334e-02	1
26	64	2.02873963061876e-03	4.01799215095607e-02	1
27	64	1.99512615116319e-03	3.91082824177442e-02	1
28	64	1.94228483044673e-03	3.86801639928423e-02	1
29	64	1.90523415877351e-03	3.78321729842127e-02	1
30	64	1.87023865431733e-03	3.57869320589167e-02	1
31	64	1.82382123653649e-03	3.79283788587017e-02	1
32	64	1.79295658151145e-03	3.58667499576944e-02	1
33	64	1.75599664643976e-03	3.52159136499568e-02	1
34	64	1.69882772215396e-03	3.49650587921915e-02	1
35	64	1.66965275286376e-03	3.07447487465137e-02	1
36	64	1.61369002315157e-03	2.96229059479996e-02	1
37	64	1.57155321386189e-03	3.21118110335737e-02	1
38	64	1.52619687810018e-03	2.86689755880645e-02	1
39	64	1.48897430727849e-03	3.20523812278274e-02	1
40	64	1.46075195968397e-03	2.76473069636905e-02	1
41	64	1.42814290125631e-03	2.83314261668730e-02	1
42	64	1.38347292224758e-03	2.83392882040517e-02	1
43	64	1.36395444309278e-03	2.51537384698445e-02	1
44	64	1.32115382138226e-03	2.63338349963373e-02	1
45	64	1.28498262140068e-03	2.61559877530383e-02	1
46	64	1.25357575165704e-03	2.39793068414387e-02	1
47	64	1.20795873512618e-03	2.33616861343103e-02	1
48	64	1.17326800561898e-03	2.33446408748391e-02	1
49	64	1.13454455636248e-03	2.09205828076798e-02	1
50	64	1.09872971060562e-03	2.32155104278459e-02	1
51	64	1.06173366671467e-03	2.06538192030345e-02	1
52	64	1.02057815659262e-03	2.08235808908697e-02	1
53	64	9.79250124622091e-04	1.69776799865062e-02	1
54	64	9.42083522032125e-04	1.95056790283693e-02	1
55	64	8.96853990722003e-04	1.76746927451815e-02	1
56	64	8.50280035798983e-04	1.82996311379004e-02	1
57	64	8.02095431543057e-04	1.52967005237789e-02	1
58	64	7.35294843833780e-04	1.42147425975615e-02	1
59	64	6.87498135932396e-04	1.35705207129461e-02	1
60	64	5.78559335454798e-04	1.01687681174958e-02	1
61	64	4.15784068330612e-04	7.77898870666916e-03	1
62	64	2.92858743287346e-04	5.08202178385938e-03	1
63	64	1.33684818577612e-04	2.47232686681600e-03	1
65	64	1.32541940596334e-04	2.59708145082332e-03	1
66	64	2.89575394630128e-04	6.21932918574779e-03	1
67	64	4.13042257175196e-04	8.21222781404275e-03	1
68	64	5.38342617494965e-04	9.82166397756799e-03	1
69	64	6.86288324249906e-04	1.33122962699960e-02	1
70	64	7.44289244705282e-04	1.53480679278591e-02	1
71	64	8.17971497886370e-04	1.63117919634320e-02	1
72	64	8.72680067707071e-04	1.67844948747676e-02	1
73	64	9.21937238746142e-04	1.78156759099707e-02	1
74	64	9.82508418755373e-04	1.93685354221102e-02	1
75	64	1.01941266402797e-03	1.93545992439366e-02	1
76	64	1.06380610830440e-03	2.11735062574281e-02	1
77	64	1.11897928563965e-03	2.15838424351226e-02	1
78	64	1.16448426911624e-03	2.31827398829203e-02	1
79	64	1.20315161183308e-03	2.38130064715162e-02	1
80	64	1.26101881303799e-03	2.50195948787382e-02	1
81	64	1.30546610803133e-03	2.60520982624450e-02	1
82	64	1.35715611274812e-03	2.52283131572346e-02	1
83	64	1.40109051989416e-03	2.80181019941720e-02	1
84	64	1.45046540519676e-03	2.66285526391004e-02	1
85	64	1.50773490708693e-03	3.24624984062709e-02	1
86	64	1.55810155471284e-03	2.99965238190606e-02	1
87	64	1.59914158439975e-03	3.30061482491067e-02	1
88	64	1.65871215200043e-03	3.29848106161251e-02	1
89	64	1.69522002342400e-03	3.17297983111505e-02	1
90	64	1.74908292433217e-03	3.63771510142211e-02	1
1	67	2.87877783515272e-03	5.23921262507976e-02	1
2	67	2.85255729643690e-03	6.01894273832920e-02	1
3	67	2.82676405990351e-03	5.21306680245391e-02	1
4	67	2.81624121278957e-03	5.34229399447824e-02	1
5	67	2.77718604085421e-03	5.71661336515402e-02	1
6	67	2.77496844842114e-03	5.14846461787088e-02	1
7	67	2.72774446678824e-03	5.10924770537635e-02	1
8	67	2.70850032382835e-03	5.36849338312737e-02	1
9	67	2.66490463456708e-03	5.43230632841647e-02	1
10	67	2.63688125210393e-03	5.52103092973348e-02	1
11	67	2.60951161794002e-03	5.05580026687193e-02	1
12	67	2.57047877425254e-03	5.26965194905593e-02	1
13	67	2.54307422144940e-03	4.87352447229976e-02	1
14	67	2.50714555925286e-03	5.11246194479260e-02	1
15	67	2.47540877378902e-03	4.94545959470025e-02	1
16	67	2.44197972590004e-03	4.85246281559133e-02	1
17	67	2.39706815111102e-03	4.78246843260362e-02	1
18	67	2.36976911623801e-03	4.70905045541095e-02	1
19	67	2.33912965840926e-03	4.61764316458327e-02	1
20	67	2.29597066448001e-03	4.43613379625806e-02	1
21	67	2.27086447554815e-03	4.74177154553725e-02	1
22	67	2.24299722753416e-03	4.41990722638054e-02	1
23	67	2.20127897275607e-03	4.28566742963731e-02	1
24	67	2.16505395174478e-03	4.50055822685407e-02	1
25	67	2.12936530640352e-03	4.25704117612951e-02	1
26	67	2.08935311279339e-03	4.52663799292202e-02	1
27	67	2.05573963333782e-03	4.02142870439185e-02	1
28	67	2.00289831262137e-03	4.00249782178593e-02	1
29	67	1.96584764094815e-03	4.19484653234549e-02	1
30	67	1.93085213649197e-03	4.06426840126745e-02	1
31	67	1.88443471871113e-03	3.80283456245766e-02	1
32	67	1.85357006368609e-03	3.83163999705047e-02	1
33	67	1.81661012861439e-03	3.44979732522297e-02	1
34	67	1.75944120432859e-03	3.72601234551761e-02	1
35	67	1.73026623503840e-03	3.51229410876705e-02	1
36	67	1.67517260696779e-03	3.12479356340387e-02	1
37	67	1.63376438398858e-03	3.43429519965046e-02	1
38	67	1.58950857617201e-03	3.00424771134896e-02	1
39	67	1.56466706568727e-03	2.78130671830249e-02	1
40	67	1.56436073879026e-03	2.91573547779547e-02	1
41	67	1.53544928243632e-03	3.05289191945049e-02	1
42	67	1.49430471786635e-03	2.91015869851762e-02	1
43	67	1.47478623871155e-03	2.76765467511345e-02	1
44	67	1.43597799662632e-03	2.69965726966934e-02	1
45	67	1.40173028971127e-03	2.51317735474557e-02	1
46	67	1.37032341996763e-03	2.70619271126485e-02	1
47	67	1.32835848661685e-03	2.63835524952088e-02	1
48	67	1.29995500595854e-03	2.58137806290220e-02	1
49	67	1.26307904586743e-03	2.42287675339716e-02	1
50	67	1.22845444817243e-03	2.42088545939824e-02	1
51	67	1.19580137254978e-03	2.36673428737317e-02	1
52	67	1.15882280266368e-03	2.27281192215698e-02	1
53	67	1.11905499697172e-03	2.36500789439888e-02	1
54	67	1.08188839438176e-03	2.21381463155557e-02	1
55	67	1.03665886307164e-03	1.98399890258960e-02	1
56	67	1.00378917775024e-03	2.04611456514231e-02	1
57	67	9.73749964619327e-04	1.88606267239413e-02	1
58	67	9.18436159433561e-04	2.08578289934267e-02	1
59	67	8.72913708338403e-04	1.61495549745665e-02	1
60	67	8.19223068044427e-04	1.72048745864046e-02	1
61	67	7.71349426564836e-04	1.68155007761327e-02	1
62	67	6.95901000462541e-04	1.36773241202025e-02	1
63	67	5.36727075752808e-04	1.12964161763245e-02	1
64	67	4.13042257175195e-04	7.70582667761546e-03	1
65	67	2.90500316578862e-04	5.77886042653528e-03	1
66	67	1.33466862545068e-04	2.53839281294888e-03	1
68	67	1.35300360319770e-04	2.48538273487448e-03	1
69	67	2.89503311803892e-04	6.14706468864205e-03	1
70	67	4.11372006322988e-04	8.03380491288587e-03	1
71	67	5.64377158213287e-04	1.08327450932235e-02	1
72	67	6.72407123445213e-04	1.37250227784112e-02	1
73	67	7.25143807364116e-04	1.36343728009212e-02	1
74	67	8.08670231779060e-04	1.50346949875824e-02	1
75	67	8.55022020972470e-04	1.86928433091301e-02	1
76	67	9.08787567612450e-04	1.90220338086610e-02	1
77	67	9.65961909640143e-04	1.93302331172122e-02	1
78	67	1.01146689311673e-03	1.83514857736086e-02	1
79	67	1.05013423583357e-03	2.30505007479212e-02	1
80	67	1.10878432414243e-03	2.29253480200954e-02	1
81	67	1.15539360575890e-03	2.31606500323159e-02	1
82	67	1.21153935869661e-03	2.12678124979018e-02	1
83	67	1.25684616031636e-03	2.50197664108960e-02	1
84	67	1.30683447371055e-03	2.81188756866199e-02	1
85	67	1.36507338536611e-03	2.75671468286743e-02	1
86	67	1.41845055861223e-03	2.58350160319920e-02	1
87	67	1.46038175262162e-03	3.27401759863356e-02	1
88	67	1.52078932105841e-03	2.91523655394338e-02	1
89	67	1.55842678252032e-03	3.14094128734448e-02	1
90	67	1.61632496477152e-03	3.14863117435351e-02	1
1	70	2.91900796483690e-03	6.08955022855275e-02	1
2	70	2.89278742612108e-03	5.88379551399586e-02	1
3	70	2.86699418958769e-03	5.41202520270879e-02	1
4	70	2.85647134247375e-03	5.49719574196138e-02	1
5	70	2.81741617053839e-03	6.10291942099714e-02	1
6	70	2.81519857810532e-03	5.65236627615025e-02	1
7	70	2.77821541551523e-03	5.63089727875659e-02	1
8	70	2.76550366385939e-03	5.86274923493828e-02	1
9	70	2.72427849070146e-03	5.49339278229571e-02	1
10	70	2.69671152039398e-03	5.37706573154649e-02	1
11	70	2.66934188623006e-03	5.39182413673164e-02	1
12	70	2.63334780215926e-03	5.21601319231415e-02	1
13	70	2.60714590213301e-03	5.41010084179469e-02	1
14	70	2.57142513355133e-03	4.86315975005836e-02	1
15	70	2.54014959957620e-03	4.85470682492437e-02	1
16	70	2.50672055168722e-03	5.19708127208757e-02	1
17	70	2.46323350746742e-03	4.83600553385801e-02	1
18	70	2.43593447259441e-03	5.26058807708452e-02	1
19	70	2.40529501476566e-03	5.08738451819674e-02	1
20	70	2.36213602083640e-03	4.68267956525032e-02	1
21	70	2.33702983190455e-03	4.73361340560817e-02	1
22	70	2.30916258389056e-03	4.52842002066549e-02	1
23	70	2.26744432911247e-03	4.70295840647820e-02	1
24	70	2.23215185184653e-03	4.40826328655158e-02	1
25	70	2.19660846736729e-03	4.07436720081409e-02	1
26	70	2.15659627375715e-03	4.34677643713615e-02	1
27	70	2.12298279430158e-03	3.81147220179580e-02	1
28	70	2.07014147358513e-03	4.05590834776764e-02	1
29	70	2.03309080191191e-03	3.79760459778180e-02	1
30	70	1.99809529745573e-03	3.93450279993738e-02	1
31	70	1.95167787967489e-03	3.76679631881670e-02	1
32	70	1.92081322464985e-03	3.63081578185420e-02	1
33	70	1.88385328957816e-03	3.99851309458423e-02	1
34	70	1.82668436529235e-03	3.31310788935942e-02	1
35	70	1.79750939600216e-03	3.59199652794171e-02	1
36	70	1.74241576793155e-03	3.61872012259908e-02	1
37	70	1.70100754495234e-03	3.47978164162986e-02	1
38	70	1.65675173713577e-03	3.31621998642714e-02	1
39	70	1.63191022665103e-03	3.06638577975087e-02	1
40	70	1.63368682607622e-03	3.17179266065961e-02	1
41	70	1.62509581096585e-03	3.45205025569451e-02	1
42	70	1.60125105469234e-03	2.84097743070450e-02	1
43	70	1.58354588858000e-03	3.03973379145316e-02	1
44	70	1.54950373898948e-03	3.11389546435009e-02	1
45	70	1.51827137382262e-03	3.06581499903369e-02	1
46	70	1.48686450407898e-03	2.91228384751048e-02	1
47	70	1.44721199684551e-03	2.79489923367247e-02	1
48	70	1.41982167402922e-03	2.82874875058549e-02	1
49	70	1.38401468868832e-03	2.75128616364026e-02	1
50	70	1.34939009099331e-03	2.77328916347374e-02	1
51	70	1.31673701537067e-03	2.65760363478100e-02	1
52	70	1.27975844548457e-03	2.60832427400878e-02	1
53	70	1.24306653803576e-03	2.38798215507530e-02	1
54	70	1.20621693115010e-03	2.40262158933793e-02	1
55	70	1.16098739983998e-03	2.44065245111788e-02	1
56	70	1.12811771451858e-03	2.14764752860603e-02	1
57	70	1.09807850138767e-03	2.28453106257580e-02	1
58	70	1.05021965561347e-03	2.15008500959520e-02	1
59	70	1.01622487293984e-03	2.04038442957253e-02	1
60	70	9.73450747031189e-04	2.15832892788829e-02	1
61	70	9.30347090669934e-04	1.83926774709999e-02	1
62	70	8.67984800780335e-04	1.60932190799441e-02	1
63	70	8.05274920611638e-04	1.51053077647976e-02	1
64	70	7.44289244705282e-04	1.50353002348833e-02	1
65	70	6.76579419869624e-04	1.39050284176370e-02	1
66	70	5.34838868868056e-04	1.12937699629975e-02	1
67	70	4.11372006322988e-04	8.71794721753579e-03	1
68	70	2.86071646003218e-04	5.36296217838706e-03	1
69	70	1.31868694519096e-04	2.37265372183359e-03	1
71	70	1.63005151890299e-04	2.77216192005930e-03	1
72	70	2.84015024414788e-04	5.36382957965645e-03	1
73	70	4.04754012269343e-04	7.10326004462173e-03	1
74	70	5.57276255541864e-04	1.00325044874494e-02	1
75	70	6.74535958922220e-04	1.30786816898321e-02	1
76	70	7.37417296757305e-04	1.31190270894320e-02	1
77	70	8.04923041234879e-04	1.55412627892981e-02	1
78	70	8.58674266944025e-04	1.66183347146325e-02	1
79	70	9.10906172824556e-04	1.82024263349499e-02	1
80	70	9.74513394447415e-04	2.05985444182310e-02	1
81	70	1.02112267606389e-03	1.93465517943732e-02	1
82	70	1.07814499908169e-03	2.02618940005818e-02	1
83	70	1.12485113240311e-03	2.37336304646014e-02	1
84	70	1.17681361245214e-03	2.37281763635892e-02	1
85	70	1.23573547998829e-03	2.61245030384581e-02	1
86	70	1.29250972264617e-03	2.45824050788141e-02	1
87	70	1.33506461655616e-03	2.64490605265211e-02	1
88	70	1.39622296404328e-03	2.84418125941389e-02	1
89	70	1.43605771012805e-03	2.65156430905364e-02	1
90	70	1.49543705156737e-03	2.92784982870891e-02	1
1	73	2.94739134263781e-03	5.73634676594162e-02	1
2	73	2.92117080392199e-03	5.77623023240735e-02	1
3	73	2.89537756738860e-03	5.55223003145282e-02	1
4	73	2.88485472027466e-03	5.87550658913156e-02	1
5	73	2.84579954833930e-03	5.31596293561308e-02	1
6	73	2.84358195590624e-03	5.93195544666258e-02	1
7	73	2.80659879331614e-03	5.44045669703598e-02	1
8	73	2.79388704166031e-03	5.68515477610799e-02	1
9	73	2.76051063880174e-03	5.73550412271686e-02	1
10	73	2.73677878207773e-03	5.16595861278618e-02	1
11	73	2.71338617078237e-03	5.37161490467256e-02	1
12	73	2.67761318760428e-03	5.42727867894727e-02	1
13	73	2.65215179212693e-03	5.04791299787199e-02	1
14	73	2.61660722529969e-03	5.16137843319439e-02	1
15	73	2.58650092850902e-03	4.70534493619401e-02	1
16	73	2.55307188062004e-03	4.97663958618284e-02	1
17	73	2.51214416526277e-03	5.08590574251314e-02	1
18	73	2.48561967953342e-03	4.78868801448081e-02	1
19	73	2.45605988555761e-03	4.81564636955982e-02	1
20	73	2.41290089162835e-03	4.41893536676441e-02	1
21	73	2.38779470269650e-03	4.89220033640195e-02	1
22	73	2.36056558589328e-03	4.78284278892017e-02	1
23	73	2.31980906893145e-03	4.44665902355263e-02	1
24	73	2.28451659166551e-03	4.76888123678940e-02	1
25	73	2.25075074398753e-03	4.65170283349244e-02	1
26	73	2.21098326693059e-03	4.15131445315978e-02	1
27	73	2.17980877851958e-03	4.56774469642027e-02	1
28	73	2.12715868838567e-03	3.98685792338453e-02	1
29	73	2.09010801671245e-03	4.14167686040979e-02	1
30	73	2.05511251225627e-03	3.84958820651504e-02	1
31	73	2.00869509447543e-03	4.03353565438019e-02	1
32	73	1.97796970789556e-03	4.10801745086203e-02	1
33	73	1.94100977282386e-03	4.13722491847689e-02	1
34	73	1.88384084853806e-03	3.64509938473482e-02	1
35	73	1.85466587924787e-03	3.53945001097963e-02	1
36	73	1.79957225117726e-03	3.40099735997682e-02	1
37	73	1.75816402819805e-03	3.44157206678659e-02	1
38	73	1.71390822038148e-03	3.66169055817527e-02	1
39	73	1.68906670989674e-03	3.35556057533250e-02	1
40	73	1.69105742664686e-03	3.16525137907777e-02	1
41	73	1.68313757470419e-03	3.15664877968087e-02	1
42	73	1.67258454142577e-03	3.00041626984740e-02	1
43	73	1.67333768021935e-03	3.69663576085251e-02	1
44	73	1.64738595317751e-03	3.05970243719098e-02	1
45	73	1.62147239846674e-03	3.07231289958762e-02	1
46	73	1.59180785926751e-03	3.03323590697929e-02	1
47	73	1.55221368246182e-03	3.20096903857874e-02	1
48	73	1.52482335964554e-03	3.17945816608378e-02	1
49	73	1.49456490181974e-03	3.16087129575888e-02	1
50	73	1.46718081905120e-03	2.99454840123601e-02	1
51	73	1.43699316156122e-03	2.76726851508665e-02	1
52	73	1.40038832087522e-03	2.82509199042553e-02	1
53	73	1.36554657345226e-03	2.69330206113989e-02	1
54	73	1.33395798370001e-03	2.53370535683403e-02	1
55	73	1.29005634196902e-03	2.64316458268165e-02	1
56	73	1.26027395699716e-03	2.42670252334697e-02	1
57	73	1.23130011649497e-03	2.50972935038146e-02	1
58	73	1.18415613720810e-03	2.19227487640825e-02	1
59	73	1.15016135453447e-03	2.44931932383370e-02	1
60	73	1.10738722862582e-03	2.11188855200823e-02	1
61	73	1.07172393744244e-03	2.13082942587132e-02	1
62	73	1.02219959053399e-03	2.13309218652378e-02	1
63	73	9.73489955540624e-04	2.07384076950655e-02	1
64	73	9.21937238746141e-04	1.69002771476580e-02	1
65	73	8.59396136483704e-04	1.69262564739506e-02	1
66	73	7.90056049793160e-04	1.65744251140740e-02	1
67	73	7.25143807364116e-04	1.45969531724096e-02	1
68	73	6.68564633764576e-04	1.29171507892310e-02	1
69	73	5.26622706788439e-04	9.57695991165021e-03	1
70	73	4.04754012269343e-04	8.11859723533726e-03	1
71	73	2.51748860379044e-04	4.64241129521084e-03	1
72	73	1.30738987854555e-04	2.21137917858002e-03	1
74	73	1.62522243272520e-04	3.13789475685618e-03	1
75	73	2.82238276744817e-04	5.32486156831866e-03	1
76	73	4.03433018939032e-04	9.00253604583281e-03	1
77	73	5.54202696071562e-04	1.05077691162308e-02	1
78	73	6.75541200544746e-04	1.24009269147793e-02	1
79	73	7.41731835214976e-04	1.50567820340215e-02	1
80	73	8.16491025805568e-04	1.43414679077409e-02	1
81	73	8.73615746575871e-04	1.51815575732603e-02	1
82	73	9.46753602606938e-04	1.84968558756982e-02	1
83	73	9.93459735928358e-04	1.77711383060991e-02	1
84	73	1.04542221597738e-03	2.19829943936792e-02	1
85	73	1.10434408351354e-03	2.15867704121243e-02	1
86	73	1.16111832617141e-03	2.29175628527746e-02	1
87	73	1.20397761929286e-03	2.40968477064799e-02	1
88	73	1.26513596677997e-03	2.60355417835559e-02	1
89	73	1.30524964188478e-03	2.43396854827125e-02	1
90	73	1.36880151211657e-03	2.62000143107374e-02	1
1	76	2.98440957622669e-03	5.55219458849198e-02	1
2	76	2.95818903751087e-03	5.94839195531541e-02	1
3	76	2.93239580097748e-03	5.67331187144195e-02	1
4	76	2.92187295386354e-03	5.20139032701179e-02	1
5	76	2.88281778192818e-03	5.57987235470836e-02	1
6	76	2.88060018949512e-03	5.15706787666194e-02	1
7	76	2.84361702690502e-03	5.67237630608450e-02	1
8	76	2.83090527524919e-03	5.59982935796361e-02	1
9	76	2.79752887239062e-03	5.50959778269223e-02	1
10	76	2.77379701566661e-03	5.26039068382233e-02	1
11	76	2.75614286538886e-03	5.75683589220460e-02	1
12	76	2.72669732634569e-03	5.03451096165821e-02	1
13	76	2.70123593086834e-03	5.56720647871269e-02	1
14	76	2.66676975284388e-03	5.29308253229857e-02	1
15	76	2.63880163759483e-03	5.50160280124160e-02	1
16	76	2.60537258970585e-03	4.97465252795224e-02	1
17	76	2.56444487434858e-03	5.02344481885357e-02	1
18	76	2.53820402880571e-03	5.00190661366719e-02	1
19	76	2.50971840514900e-03	5.15433442685550e-02	1
20	76	2.46715443433352e-03	4.59484310075042e-02	1
21	76	2.44204824540166e-03	5.04651663957554e-02	1
22	76	2.41481912859844e-03	4.90365897719505e-02	1
23	76	2.37612539886715e-03	5.03193046719254e-02	1
24	76	2.34083292160120e-03	4.99927647780957e-02	1
25	76	2.30734521345107e-03	4.61874904129245e-02	1
26	76	2.26833377706269e-03	4.49248932083146e-02	1
27	76	2.23862724753188e-03	4.47283176333477e-02	1
28	76	2.18623653033554e-03	4.32464486458439e-02	1
29	76	2.14918585866232e-03	4.18208410236652e-02	1
30	76	2.11419035420614e-03	4.07042101835011e-02	1
31	76	2.06777293642530e-03	3.73181750959300e-02	1
32	76	2.03793528311329e-03	3.75434045112280e-02	1
33	76	2.00284339069842e-03	3.73535946057839e-02	1
34	76	1.94575945128062e-03	3.93809418123190e-02	1
35	76	1.91658448199043e-03	3.80054314513722e-02	1
36	76	1.86341698151493e-03	3.89666337369039e-02	1
37	76	1.82200875853572e-03	3.58028739489935e-02	1
38	76	1.77963385798768e-03	3.47448451873160e-02	1
39	76	1.75688376735723e-03	3.65512895880089e-02	1
40	76	1.75945781866036e-03	3.50625451543170e-02	1
41	76	1.75178030608130e-03	3.32928744144413e-02	1
42	76	1.74271879714291e-03	3.33297490031641e-02	1
43	76	1.74572445641828e-03	3.58270509368050e-02	1
44	76	1.74331336510386e-03	3.26745161793555e-02	1
45	76	1.72148311790843e-03	3.37745359595523e-02	1
46	76	1.69894952349228e-03	3.78451286485832e-02	1
47	76	1.66079269795334e-03	3.07358786850723e-02	1
48	76	1.63340237513705e-03	3.15572769642841e-02	1
49	76	1.60314391731125e-03	3.40943390538391e-02	1
50	76	1.57846293565016e-03	3.13226371556813e-02	1
51	76	1.55140400721528e-03	2.95038830312264e-02	1
52	76	1.51895699277102e-03	3.03400015672414e-02	1
53	76	1.48769102382730e-03	3.17500847135503e-02	1
54	76	1.45960478102176e-03	2.89734491782454e-02	1
55	76	1.41629285777031e-03	2.57242314877483e-02	1
56	76	1.38864188383653e-03	2.98098939078899e-02	1
57	76	1.35966804333435e-03	2.69183552512163e-02	1
58	76	1.31489625513677e-03	2.65209278814450e-02	1
59	76	1.28294921643942e-03	2.46592985716823e-02	1
60	76	1.24179577657748e-03	2.37765568786483e-02	1
61	76	1.20829592254888e-03	2.29150419985732e-02	1
62	76	1.16055756549323e-03	2.30529536876431e-02	1
63	76	1.11210225229254e-03	2.13581137579756e-02	1
64	76	1.06380610830440e-03	2.00325093610034e-02	1
65	76	1.01459381146532e-03	1.88901742994735e-02	1
66	76	9.63635408384341e-04	1.94449002007510e-02	1
67	76	9.08787567612450e-04	1.76889284354811e-02	1
68	76	8.59627463056954e-04	1.70931931567761e-02	1
69	76	7.97091236408762e-04	1.58327329056858e-02	1
70	76	7.37417296757305e-04	1.40326369902923e-02	1
71	76	6.45181879318076e-04	1.37222869554778e-02	1
72	76	5.24172006793587e-04	1.05961120450202e-02	1
73	76	4.03433018939032e-04	8.12933452183523e-03	1
74	76	2.50910775666511e-04	5.10586313166026e-03	1
75	76	1.31194742194215e-04	2.32180155355771e-03	1
77	76	1.60769677132530e-04	2.70690360335193e-03	1
78	76	2.82108181605714e-04	5.02903103127894e-03	1
79	76	4.01734768809869e-04	8.18191738506535e-03	1
80	76	5.51914332521737e-04	1.10344819148017e-02	1
81	76	6.72686521466856e-04	1.34548706656848e-02	1
82	76	7.67984455055888e-04	1.43379012545402e-02	1
83	76	8.32544185731870e-04	1.59205507964359e-02	1
84	76	8.92193619554271e-04	1.72099669041995e-02	1
85	76	9.62163636762821e-04	1.82482324806908e-02	1
86	76	1.03315140638275e-03	2.07312442725852e-02	1
87	76	1.08490776210820e-03	2.14113670825284e-02	1
88	76	1.14606610959531e-03	2.36336373175484e-02	1
89	76	1.18617978470012e-03	2.50210852574062e-02	1
90	76	1.24973165493191e-03	2.51415589083352e-02	1
1	79	3.02292975269641e-03	5.80199631882573e-02	1
2	79	2.99670921398059e-03	5.85552074253741e-02	1
3	79	2.97091597744720e-03	6.14936386522951e-02	1
4	79	2.96039313033326e-03	5.72240630948525e-02	1
5	79	2.92133795839790e-03	5.91369577657327e-02	1
6	79	2.91912036596484e-03	5.75900936735518e-02	1
7	79	2.88213720337474e-03	5.88737394056358e-02	1
8	79	2.86942545171891e-03	5.67421174457493e-02	1
9	79	2.83604904886034e-03	5.67016867808175e-02	1
10	79	2.81231719213633e-03	5.24498113690188e-02	1
11	79	2.79466304185858e-03	5.87739266471081e-02	1
12	79	2.76606123374141e-03	5.67161475795744e-02	1
13	79	2.74169791143800e-03	5.57558129099737e-02	1
14	79	2.71012829175368e-03	5.10453647986122e-02	1
15	79	2.68921928623453e-03	5.59718391809582e-02	1
16	79	2.65852723633762e-03	5.12466426827633e-02	1
17	79	2.61803286806440e-03	5.10610052860204e-02	1
18	79	2.59199715116073e-03	5.75854722658191e-02	1
19	79	2.56351152750402e-03	5.40135419632204e-02	1
20	79	2.52094755668854e-03	4.86440020217136e-02	1
21	79	2.49584136775668e-03	5.15918112630693e-02	1
22	79	2.46861225095346e-03	4.74375170506817e-02	1
23	79	2.43033081373623e-03	4.90706060864922e-02	1
24	79	2.39503833647028e-03	5.29366608309563e-02	1
25	79	2.36155062832015e-03	4.98196621084054e-02	1
26	79	2.32396602268165e-03	4.57630958277228e-02	1
27	79	2.29425949315083e-03	4.78435399922133e-02	1
28	79	2.24186877595449e-03	4.20901752567820e-02	1
29	79	2.20481810428128e-03	4.29055257078160e-02	1
30	79	2.16982259982509e-03	4.33706412284454e-02	1
31	79	2.12340518204425e-03	4.17243472793719e-02	1
32	79	2.09356752873224e-03	3.56897521715866e-02	1
33	79	2.05847563631738e-03	4.07874365819902e-02	1
34	79	2.00197795109331e-03	4.13213393503463e-02	1
35	79	1.97280298180311e-03	3.78814168538075e-02	1
36	79	1.91963548132761e-03	3.49984322296543e-02	1
37	79	1.87822725834841e-03	3.54643812124510e-02	1
38	79	1.83585235780037e-03	3.78327832583873e-02	1
39	79	1.81310226716992e-03	3.46478721277629e-02	1
40	79	1.81567631847304e-03	3.67162981453825e-02	1
41	79	1.80799880589399e-03	3.35523427524389e-02	1
42	79	1.80067748934283e-03	3.73319205097263e-02	1
43	79	1.80382250299468e-03	3.72632406597113e-02	1
44	79	1.80198556762726e-03	3.78429504788056e-02	1
45	79	1.79091086422839e-03	3.70920897851875e-02	1
46	79	1.78846648684408e-03	3.63009947010627e-02	1
47	79	1.76340374840781e-03	3.89172486130768e-02	1
48	79	1.74072259976384e-03	3.40144008439299e-02	1
49	79	1.71254121845046e-03	3.63219440489194e-02	1
50	79	1.69015988488201e-03	3.37675752224803e-02	1
51	79	1.66494077928093e-03	3.45433439114445e-02	1
52	79	1.63249376483667e-03	3.11302780740169e-02	1
53	79	1.60216032382646e-03	3.35796209383144e-02	1
54	79	1.57565854530001e-03	3.20458131867807e-02	1
55	79	1.53829049362706e-03	3.18986410438651e-02	1
56	79	1.51208335783423e-03	3.03315001605209e-02	1
57	79	1.48614940287227e-03	2.93129929551244e-02	1
58	79	1.44235512463303e-03	2.79688041011345e-02	1
59	79	1.41487184780817e-03	2.89513843614852e-02	1
60	79	1.37459319180390e-03	2.99790616589252e-02	1
61	79	1.34109333777530e-03	2.74548613135652e-02	1
62	79	1.29398014570983e-03	2.53480970991228e-02	1
63	79	1.24989980006932e-03	2.60743325374621e-02	1
64	79	1.20315161183308e-03	2.31193490830684e-02	1
65	79	1.15393931499400e-03	2.42134417151122e-02	1
66	79	1.10298091191302e-03	2.17426182872132e-02	1
67	79	1.05013423583357e-03	2.23212991330071e-02	1
68	79	1.01363843584851e-03	1.97748631555909e-02	1
69	79	9.67159722163307e-04	1.82622683440103e-02	1
70	79	9.10906172824556e-04	1.93629593362354e-02	1
71	79	8.47523917983745e-04	1.71429409091815e-02	1
72	79	7.93926173059115e-04	1.59068499437829e-02	1
73	79	7.41731835214977e-04	1.49982944838335e-02	1
74	79	6.42645544476380e-04	1.22853152982780e-02	1
75	79	5.22929511004084e-04	1.03630344795586e-02	1
76	79	4.01734768809869e-04	6.84243053252955e-03	1
77	79	2.50965091677339e-04	5.10742123154333e-03	1
78	79	1.29626587204156e-04	2.37441229467410e-03	1
80	79	1.60179563711868e-04	2.79894756569844e-03	1
81	79	2.80951752656987e-04	5.72904367559685e-03	1
82	79	4.33079467433189e-04	7.99318087660789e-03	1
83	79	5.54270111404184e-04	1.06854893637814e-02	1
84	79	6.77420858980435e-04	1.32155915617598e-02	1
85	79	7.86321624888803e-04	1.46253833210586e-02	1
86	79	8.57309394508736e-04	1.74987301272361e-02	1
87	79	9.14158798037629e-04	1.90790328517228e-02	1
88	79	9.84366104304184e-04	1.94549208982923e-02	1
89	79	1.03255105395601e-03	2.29083496491834e-02	1
90	79	1.10856712730544e-03	2.15525315654779e-02	1
1	82	3.07165921095045e-03	5.99248475180466e-02	1
2	82	3.04543867223463e-03	6.04913082053447e-02	1
3	82	3.01964543570125e-03	6.14733636537455e-02	1
4	82	3.00912258858731e-03	6.01363991390959e-02	1
5	82	2.97006741665195e-03	6.39772722747155e-02	1
6	82	2.96784982421888e-03	5.59707434730155e-02	1
7	82	2.93086666162879e-03	6.13760250709683e-02	1
8	82	2.91815490997295e-03	5.75116446831296e-02	1
9	82	2.88477850711438e-03	4.84869922552633e-02	1
10	82	2.86104665039038e-03	5.82064282550310e-02	1
11	82	2.84339250011262e-03	6.09929333858745e-02	1
12	82	2.81479069199545e-03	5.67910864992498e-02	1
13	82	2.79042736969204e-03	4.96461152789363e-02	1
14	82	2.75885775000772e-03	5.52251525486971e-02	1
15	82	2.73794874448857e-03	5.35908322701685e-02	1
16	82	2.70739951308040e-03	5.19952900772944e-02	1
17	82	2.67344164579684e-03	5.18871707108673e-02	1
18	82	2.65419400951895e-03	5.34508147401914e-02	1
19	82	2.62811387544515e-03	5.38876027345943e-02	1
20	82	2.58709815529698e-03	4.97036706880473e-02	1
21	82	2.56199196636512e-03	4.82724151970343e-02	1
22	82	2.53476284956190e-03	5.43326045070543e-02	1
23	82	2.49771352749749e-03	5.10582733827362e-02	1
24	82	2.46242105023155e-03	4.85763527688635e-02	1
25	82	2.42917289220700e-03	5.03715321411568e-02	1
26	82	2.39163155246918e-03	4.74311469429455e-02	1
27	82	2.36418794603281e-03	5.16762654096322e-02	1
28	82	2.31356964852559e-03	4.59602078727561e-02	1
29	82	2.27651897685237e-03	4.29051415035116e-02	1
30	82	2.24152347239619e-03	4.34928550740490e-02	1
31	82	2.19586679943879e-03	3.98382090038414e-02	1
32	82	2.16609824013974e-03	3.99794454212493e-02	1
33	82	2.13100634772488e-03	4.24098051916172e-02	1
34	82	2.07559372532768e-03	3.66059593811193e-02	1
35	82	2.04641875603749e-03	4.14301601098383e-02	1
36	82	1.99361567477373e-03	3.94408336618787e-02	1
37	82	1.95220745179453e-03	4.04076658688102e-02	1
38	82	1.90983255124648e-03	3.89912349989759e-02	1
39	82	1.88708246061603e-03	3.78795434745029e-02	1
40	82	1.88965651191916e-03	3.75594208505157e-02	1
41	82	1.88197899934011e-03	3.76347440313949e-02	1
42	82	1.87465768278894e-03	3.51893694304015e-02	1
43	82	1.87780269644080e-03	4.23076214527100e-02	1
44	82	1.87596576107338e-03	3.36771300922842e-02	1
45	82	1.86564813446287e-03	3.82029433445360e-02	1
46	82	1.86320375707856e-03	3.43653409766781e-02	1
47	82	1.86166530565181e-03	3.86092941007074e-02	1
48	82	1.85427552371657e-03	4.02121783296728e-02	1
49	82	1.82870643473412e-03	3.93632783230764e-02	1
50	82	1.80737004839613e-03	3.16757060659570e-02	1
51	82	1.78313696475498e-03	3.43625425833908e-02	1
52	82	1.75506888495999e-03	3.12900924804041e-02	1
53	82	1.72708719674354e-03	3.53470424186089e-02	1
54	82	1.70461217167729e-03	3.67929160189222e-02	1
55	82	1.66859205383778e-03	3.37430870957296e-02	1
56	82	1.64417617426230e-03	3.42144104359605e-02	1
57	82	1.61914550887679e-03	3.17658419898062e-02	1
58	82	1.57730798486775e-03	3.22731558412887e-02	1
59	82	1.55051281899531e-03	3.18771568947312e-02	1
60	82	1.51490130055011e-03	3.00942477581038e-02	1
61	82	1.48287769846336e-03	3.21757688702766e-02	1
62	82	1.43957542820676e-03	2.98970182682834e-02	1
63	82	1.39892883269215e-03	3.00195193241312e-02	1
64	82	1.35715611274812e-03	2.90275778469597e-02	1
65	82	1.30816896497583e-03	2.79160320200086e-02	1
66	82	1.26216391677457e-03	2.47935579602806e-02	1
67	82	1.21153935869661e-03	2.49182459632790e-02	1
68	82	1.17566121734460e-03	2.24244964922888e-02	1
69	82	1.12944141510644e-03	2.23524918010032e-02	1
70	82	1.07814499908169e-03	2.33828411048985e-02	1
71	82	1.03409457670631e-03	2.01730203622646e-02	1
72	82	9.92884899542920e-04	2.11871586341527e-02	1
73	82	9.46753602606938e-04	1.95725985883613e-02	1
74	82	8.80572073861827e-04	1.64130641540734e-02	1
75	82	8.30116623783116e-04	1.59226396732056e-02	1
76	82	7.67984455055888e-04	1.47575154104331e-02	1
77	82	6.74044559110529e-04	1.47146098628052e-02	1
78	82	5.52706054637345e-04	1.16221293118851e-02	1
79	82	4.33079467433189e-04	8.03113641913830e-03	1
80	82	2.82899903721321e-04	5.67669749266231e-03	1
81	82	1.62127714776202e-04	3.28489480459458e-03	1
83	82	1.31190643970995e-04	2.60985472216326e-03	1
84	82	2.54341391547246e-04	4.85830740020071e-03	1
85	82	4.09408600517030e-04	8.17274159460724e-03	1
86	82	5.33237144851226e-04	1.01161378640451e-02	1
87	82	6.55838835372651e-04	1.22154205975072e-02	1
88	82	7.84801384909570e-04	1.46050944621655e-02	1
89	82	8.46604126862370e-04	1.83250895376366e-02	1
90	82	9.29025839535092e-04	1.93865597616773e-02	1
1	85	3.11833353065347e-03	5.52863021107295e-02	1
2	85	3.09211299193764e-03	6.52364490929589e-02	1
3	85	3.06631975540426e-03	6.38903212472830e-02	1
4	85	3.05579690829032e-03	6.32641111157380e-02	1
5	85	3.01674173635496e-03	5.71550729528118e-02	1
6	85	3.01452414392189e-03	6.46947646882293e-02	1
7	85	2.97754098133180e-03	6.18524328529991e-02	1
8	85	2.96482922967597e-03	6.18600171397542e-02	1
9	85	2.93145282681739e-03	5.12347680570652e-02	1
10	85	2.90772097009339e-03	5.90092598971426e-02	1
11	85	2.89006681981563e-03	5.67873858522169e-02	1
12	85	2.86146501169847e-03	5.69146414947608e-02	1
13	85	2.83710168939506e-03	5.43077176639859e-02	1
14	85	2.80553206971074e-03	5.37292774712217e-02	1
15	85	2.78462306419159e-03	5.19439087814773e-02	1
16	85	2.75407383278342e-03	5.31765244506028e-02	1
17	85	2.72011596549986e-03	5.53983388345353e-02	1
18	85	2.70086832922196e-03	5.04220717430107e-02	1
19	85	2.67504661415063e-03	5.26967413955916e-02	1
20	85	2.63715552697988e-03	5.11960478731645e-02	1
21	85	2.61535522801254e-03	4.83612656364522e-02	1
22	85	2.58812611120932e-03	5.19393615267749e-02	1
23	85	2.55535897554898e-03	5.25785485832950e-02	1
24	85	2.52363914065499e-03	5.17551051363775e-02	1
25	85	2.49658680120998e-03	4.83620524167149e-02	1
26	85	2.45933902994782e-03	5.24277185479689e-02	1
27	85	2.43264433013437e-03	5.22068811034946e-02	1
28	85	2.38313690413262e-03	4.68363341953267e-02	1
29	85	2.34608623245940e-03	4.85884080127495e-02	1
30	85	2.31109072800322e-03	4.78570307921059e-02	1
31	85	2.26543405504583e-03	4.76141027280960e-02	1
32	85	2.23566549574678e-03	4.13708607239882e-02	1
33	85	2.20057360333191e-03	4.68920665426016e-02	1
34	85	2.14535686937391e-03	4.17812191880569e-02	1
35	85	2.11618190008372e-03	3.97529370201265e-02	1
36	85	2.06447632714902e-03	4.47604390360467e-02	1
37	85	2.02306810416982e-03	4.06042758306558e-02	1
38	85	1.98107976289437e-03	3.84469801350298e-02	1
39	85	1.95832967226392e-03	3.94155876259186e-02	1
40	85	1.96090372356704e-03	3.82094455299392e-02	1
41	85	1.95322621098799e-03	4.25005054513102e-02	1
42	85	1.94676042650128e-03	3.82635758087035e-02	1
43	85	1.94990544015313e-03	3.92440244785423e-02	1
44	85	1.94806850478572e-03	3.45216663030986e-02	1
45	85	1.93775087817521e-03	3.87749368637145e-02	1
46	85	1.93530650079090e-03	3.68849222195000e-02	1
47	85	1.93376804936415e-03	4.09492054148430e-02	1
48	85	1.93231576103677e-03	4.05763753237735e-02	1
49	85	1.92723383518834e-03	4.14588135912545e-02	1
50	85	1.92352372598416e-03	4.05971942947411e-02	1
51	85	1.90291342206285e-03	3.73900342903219e-02	1
52	85	1.87910859894930e-03	3.61308716377475e-02	1
53	85	1.85112691073285e-03	3.49325683580956e-02	1
54	85	1.83203763551808e-03	3.76012730053802e-02	1
55	85	1.79927722391113e-03	3.61631660496197e-02	1
56	85	1.77913017044835e-03	3.63765571328372e-02	1
57	85	1.75450901771768e-03	3.57842778357503e-02	1
58	85	1.71664420663677e-03	3.26043474408459e-02	1
59	85	1.69027118178523e-03	3.39892649781733e-02	1
60	85	1.65934406419652e-03	3.35106141371116e-02	1
61	85	1.62769550936173e-03	3.25040767231978e-02	1
62	85	1.58439323910513e-03	3.24343230561004e-02	1
63	85	1.54374664359052e-03	3.12499710734157e-02	1
64	85	1.50773490708693e-03	3.10678702570949e-02	1
65	85	1.46001264445739e-03	2.94878295307085e-02	1
66	85	1.41569794344407e-03	2.85566516679609e-02	1
67	85	1.36507338536611e-03	2.59897046312159e-02	1
68	85	1.33011013531780e-03	2.59001265069187e-02	1
69	85	1.28703189601304e-03	2.62200097561371e-02	1
70	85	1.23573547998829e-03	2.24397021128192e-02	1
71	85	1.19168505761291e-03	2.26637176411367e-02	1
72	85	1.15047538044952e-03	2.51496909212383e-02	1
73	85	1.10434408351354e-03	2.10240907517449e-02	1
74	85	1.05572743362990e-03	2.07937586120609e-02	1
75	85	1.01393908817190e-03	1.94670706617141e-02	1
76	85	9.62163636762821e-04	1.83597785843451e-02	1
77	85	9.01925690502635e-04	1.62273735234921e-02	1
78	85	8.50598087890897e-04	1.81026415096879e-02	1
79	85	7.86321624888803e-04	1.50173186634873e-02	1
80	85	6.82308504238351e-04	1.31065748658579e-02	1
81	85	5.61536315293232e-04	1.02848841864642e-02	1
82	85	4.09408600517030e-04	7.94444662952707e-03	1
83	85	2.88217956546035e-04	5.31162761436538e-03	1
84	85	1.65067208969784e-04	3.24676600894269e-03	1
86	85	1.33828544334196e-04	2.31876893654675e-03	1
87	85	2.56430234855622e-04	4.69513927763113e-03	1
88	85	4.11561214805367e-04	8.45165813786248e-03	1
89	85	5.33978897203128e-04	1.08184797795558e-02	1
90	85	6.86513597767096e-04	1.28123427025605e-02	1
1	88	3.17229944961865e-03	5.97074031520158e-02	1
2	88	3.14607891090283e-03	6.30501692813312e-02	1
3	88	3.12028567436945e-03	6.73083272115960e-02	1
4	88	3.10976282725551e-03	6.01383679105824e-02	1
5	88	3.07070765532015e-03	6.11122853516356e-02	1
6	88	3.06849006288708e-03	6.20699931411486e-02	1
7	88	3.03150690029699e-03	6.39652246217341e-02	1
8	88	3.01879514864115e-03	6.10286346685354e-02	1
9	88	2.98541874578258e-03	5.96169503895523e-02	1
10	88	2.96168688905858e-03	6.00924658017968e-02	1
11	88	2.94403273878082e-03	5.61569993360879e-02	1
12	88	2.91543093066365e-03	5.77900799774021e-02	1
13	88	2.89106760836025e-03	5.89035496602772e-02	1
14	88	2.85949798867593e-03	5.66064420150918e-02	1
15	88	2.83858898315677e-03	5.88396464084343e-02	1
16	88	2.80803975174861e-03	5.23238575212321e-02	1
17	88	2.77408188446505e-03	5.43778229549454e-02	1
18	88	2.75483424818715e-03	4.95608473466971e-02	1
19	88	2.72901253311582e-03	5.50356462775960e-02	1
20	88	2.69112144594507e-03	5.38278003838145e-02	1
21	88	2.66932114697772e-03	5.51166330361244e-02	1
22	88	2.64209203017450e-03	5.82459836062224e-02	1
23	88	2.60932489451417e-03	4.79827543375543e-02	1
24	88	2.57760505962018e-03	4.75378926039706e-02	1
25	88	2.55055272017516e-03	4.86731942317314e-02	1
26	88	2.51657355148691e-03	4.92530955890619e-02	1
27	88	2.49186740058204e-03	5.09279690274316e-02	1
28	88	2.44979960221419e-03	4.82860151043907e-02	1
29	88	2.41578912639826e-03	5.01644253075759e-02	1
30	88	2.38103384197254e-03	4.96874995453999e-02	1
31	88	2.33611078478120e-03	4.51736486285405e-02	1
32	88	2.30665587845145e-03	4.74748003557279e-02	1
33	88	2.27239961172609e-03	4.46419111027304e-02	1
34	88	2.21825585400993e-03	4.30640459688204e-02	1
35	88	2.18908088471974e-03	4.29259109907201e-02	1
36	88	2.13956457458915e-03	3.97771311643914e-02	1
37	88	2.09815635160995e-03	3.99807617473082e-02	1
38	88	2.05631271762024e-03	4.21579412408034e-02	1
39	88	2.03474553072151e-03	3.91081759713343e-02	1
40	88	2.03773219847516e-03	4.21523212129999e-02	1
41	88	2.03235252828022e-03	4.23156051358228e-02	1
42	88	2.02627502435566e-03	4.02071297283564e-02	1
43	88	2.03001828040103e-03	3.93375718018329e-02	1
44	88	2.02818134503361e-03	4.16659594643267e-02	1
45	88	2.01788237471897e-03	3.99444109941805e-02	1
46	88	2.01543799733466e-03	3.72232439454689e-02	1
47	88	2.01399943795496e-03	4.09612524430355e-02	1
48	88	2.01446550512224e-03	4.06023760950582e-02	1
49	88	2.00938357927382e-03	4.04076169477641e-02	1
50	88	2.00981130978220e-03	4.08247235371450e-02	1
51	88	2.00829715940485e-03	4.31483685103237e-02	1
52	88	1.99637631499752e-03	4.00209224594440e-02	1
53	88	1.97662752612938e-03	3.94764141714511e-02	1
54	88	1.95861007127151e-03	3.62005105640721e-02	1
55	88	1.92720070182290e-03	3.83703890908183e-02	1
56	88	1.91206245788558e-03	3.42715558577875e-02	1
57	88	1.89224539918554e-03	3.49405367335691e-02	1
58	88	1.85438058810463e-03	3.64342036973265e-02	1
59	88	1.83238033323268e-03	3.92149566531620e-02	1
60	88	1.80402832018007e-03	3.22532837934555e-02	1
61	88	1.77646145639391e-03	3.39690392050827e-02	1
62	88	1.73315918613731e-03	3.28802161568062e-02	1
63	88	1.69357678008111e-03	3.59773235640038e-02	1
64	88	1.65871215200043e-03	3.32529944094890e-02	1
65	88	1.61098988937090e-03	3.26272253229108e-02	1
66	88	1.56933963164343e-03	3.12228077313592e-02	1
67	88	1.52078932105841e-03	2.92792130477881e-02	1
68	88	1.48582607101010e-03	2.99951766733976e-02	1
69	88	1.44282834695753e-03	3.02770770637396e-02	1
70	88	1.39622296404328e-03	2.64547369958556e-02	1
71	88	1.35247694087935e-03	2.72546654590580e-02	1
72	88	1.31126726371595e-03	2.62455812204864e-02	1
73	88	1.26513596677997e-03	2.69306920527838e-02	1
74	88	1.21651931689634e-03	2.32735518764904e-02	1
75	88	1.18132286931066e-03	2.49108742636760e-02	1
76	88	1.14606610959531e-03	2.06341825622598e-02	1
77	88	1.09274871186902e-03	2.17621410484409e-02	1
78	88	1.04864256730628e-03	1.94333727663744e-02	1
79	88	9.84366104304184e-04	1.95802854107303e-02	1
80	88	9.20951655917641e-04	1.79324511662533e-02	1
81	88	8.67007254394743e-04	1.59923136503647e-02	1
82	88	7.84801384909570e-04	1.64902190427636e-02	1
83	88	6.89779171351401e-04	1.35122506941753e-02	1
84	88	5.66628423775150e-04	1.10880587783557e-02	1
85	88	4.11561214805367e-04	7.27100279541459e-03	1
86	88	2.87732670471171e-04	5.55416889139396e-03	1
87	88	1.65130979949745e-04	2.98212096969453e-03	1
89	88	1.32417682397761e-04	2.33361346784245e-03	1
90	88	2.84952382961729e-04	5.66620633241992e-03	1
0
