MyBeautifulLine
3.0
11
0
Type of measurement (0=app. resistivity,1=resistance)
1
3647
2
0
4 2.00 0.00 1.00 0.00 4.00 0.00 5.00 0.00 1.768385
4 2.00 0.00 1.00 0.00 5.00 0.00 6.00 0.00 0.535217
4 2.00 0.00 1.00 0.00 6.00 0.00 7.00 0.00 0.2808485
4 2.00 0.00 1.00 0.00 7.00 0.00 8.00 0.00 0.1468125
4 2.00 0.00 1.00 0.00 8.00 0.00 9.00 0.00 0.06951495
4 2.00 0.00 1.00 0.00 9.00 0.00 10.00 0.00 0.0462851
4 3.00 0.00 2.00 0.00 4.00 0.00 5.00 0.00 17.07235
4 3.00 0.00 2.00 0.00 5.00 0.00 6.00 0.00 3.148095
4 3.00 0.00 2.00 0.00 6.00 0.00 7.00 0.00 1.407445
4 3.00 0.00 2.00 0.00 7.00 0.00 8.00 0.00 0.487703
4 3.00 0.00 2.00 0.00 8.00 0.00 9.00 0.00 0.164579
4 3.00 0.00 2.00 0.00 9.00 0.00 10.00 0.00 0.1579765
4 3.00 0.00 2.00 0.00 10.00 0.00 11.00 0.00 0.136099
4 3.00 0.00 1.00 0.00 5.00 0.00 7.00 0.00 5.37577
4 3.00 0.00 1.00 0.00 7.00 0.00 9.00 0.00 0.8806115
4 3.00 0.00 1.00 0.00 9.00 0.00 11.00 0.00 0.402308
4 3.00 0.00 1.00 0.00 11.00 0.00 13.00 0.00 0.2353435
4 3.00 0.00 1.00 0.00 17.00 0.00 19.00 0.00 0.07114005
4 4.00 0.00 3.00 0.00 5.00 0.00 6.00 0.00 12.69975
4 4.00 0.00 3.00 0.00 6.00 0.00 7.00 0.00 3.579355
4 4.00 0.00 3.00 0.00 7.00 0.00 8.00 0.00 1.17514
4 4.00 0.00 3.00 0.00 8.00 0.00 9.00 0.00 0.411921
4 4.00 0.00 3.00 0.00 9.00 0.00 10.00 0.00 0.2355935
4 4.00 0.00 3.00 0.00 10.00 0.00 11.00 0.00 0.2202315
4 4.00 0.00 3.00 0.00 11.00 0.00 12.00 0.00 0.15889
4 4.00 0.00 2.00 0.00 6.00 0.00 8.00 0.00 6.634675
4 4.00 0.00 2.00 0.00 8.00 0.00 10.00 0.00 0.974356
4 4.00 0.00 2.00 0.00 10.00 0.00 12.00 0.00 0.6344405
4 4.00 0.00 2.00 0.00 12.00 0.00 14.00 0.00 0.206495
4 4.00 0.00 2.00 0.00 14.00 0.00 16.00 0.00 0.09730065
4 4.00 0.00 2.00 0.00 18.00 0.00 20.00 0.00 0.08665785
4 4.00 0.00 1.00 0.00 7.00 0.00 10.00 0.00 2.89367
4 4.00 0.00 1.00 0.00 10.00 0.00 13.00 0.00 0.8725565
4 4.00 0.00 1.00 0.00 13.00 0.00 16.00 0.00 0.2106385
4 4.00 0.00 1.00 0.00 16.00 0.00 19.00 0.00 0.142479
4 4.00 0.00 1.00 0.00 19.00 0.00 22.00 0.00 0.08330165
4 4.00 0.00 1.00 0.00 25.00 0.00 28.00 0.00 0.06495595
4 5.00 0.00 4.00 0.00 6.00 0.00 7.00 0.00 14.6629
4 5.00 0.00 4.00 0.00 7.00 0.00 8.00 0.00 2.84953
4 5.00 0.00 4.00 0.00 8.00 0.00 9.00 0.00 0.846662
4 5.00 0.00 4.00 0.00 9.00 0.00 10.00 0.00 0.327504
4 5.00 0.00 4.00 0.00 10.00 0.00 11.00 0.00 0.215555
4 5.00 0.00 4.00 0.00 11.00 0.00 12.00 0.00 0.2342055
4 5.00 0.00 4.00 0.00 12.00 0.00 13.00 0.00 0.102846
4 5.00 0.00 3.00 0.00 7.00 0.00 9.00 0.00 5.26351
4 5.00 0.00 3.00 0.00 9.00 0.00 11.00 0.00 1.0112585
4 5.00 0.00 3.00 0.00 11.00 0.00 13.00 0.00 0.54604
4 5.00 0.00 3.00 0.00 13.00 0.00 15.00 0.00 0.119397
4 5.00 0.00 3.00 0.00 15.00 0.00 17.00 0.00 0.1427155
4 5.00 0.00 3.00 0.00 17.00 0.00 19.00 0.00 0.0740273
4 5.00 0.00 3.00 0.00 19.00 0.00 21.00 0.00 0.0584548
4 5.00 0.00 2.00 0.00 8.00 0.00 11.00 0.00 2.710645
4 5.00 0.00 2.00 0.00 11.00 0.00 14.00 0.00 0.837626
4 5.00 0.00 2.00 0.00 14.00 0.00 17.00 0.00 0.228884
4 5.00 0.00 2.00 0.00 17.00 0.00 20.00 0.00 0.176343
4 5.00 0.00 2.00 0.00 20.00 0.00 23.00 0.00 0.09065055
4 5.00 0.00 2.00 0.00 26.00 0.00 29.00 0.00 0.0343746
4 5.00 0.00 1.00 0.00 9.00 0.00 13.00 0.00 2.169725
4 5.00 0.00 1.00 0.00 13.00 0.00 17.00 0.00 0.3714155
4 5.00 0.00 1.00 0.00 17.00 0.00 21.00 0.00 0.229388
4 5.00 0.00 1.00 0.00 21.00 0.00 25.00 0.00 0.09562255
4 5.00 0.00 1.00 0.00 25.00 0.00 29.00 0.00 0.06707805
4 5.00 0.00 1.00 0.00 33.00 0.00 37.00 0.00 0.0341237
4 6.00 0.00 5.00 0.00 7.00 0.00 8.00 0.00 14.22345
4 6.00 0.00 5.00 0.00 8.00 0.00 9.00 0.00 2.66156
4 6.00 0.00 5.00 0.00 9.00 0.00 10.00 0.00 0.7224325
4 6.00 0.00 5.00 0.00 10.00 0.00 11.00 0.00 0.4770905
4 6.00 0.00 5.00 0.00 11.00 0.00 12.00 0.00 0.2415195
4 6.00 0.00 5.00 0.00 12.00 0.00 13.00 0.00 0.120294
4 6.00 0.00 5.00 0.00 13.00 0.00 14.00 0.00 0.0572386
4 6.00 0.00 4.00 0.00 8.00 0.00 10.00 0.00 4.566205
4 6.00 0.00 4.00 0.00 10.00 0.00 12.00 0.00 1.169905
4 6.00 0.00 4.00 0.00 12.00 0.00 14.00 0.00 0.3154325
4 6.00 0.00 4.00 0.00 14.00 0.00 16.00 0.00 0.1359265
4 6.00 0.00 4.00 0.00 16.00 0.00 18.00 0.00 0.1083
4 6.00 0.00 4.00 0.00 18.00 0.00 20.00 0.00 0.0586133
4 6.00 0.00 4.00 0.00 20.00 0.00 22.00 0.00 0.04713945
4 6.00 0.00 3.00 0.00 9.00 0.00 12.00 0.00 2.831785
4 6.00 0.00 3.00 0.00 12.00 0.00 15.00 0.00 0.523629
4 6.00 0.00 3.00 0.00 18.00 0.00 21.00 0.00 0.135663
4 6.00 0.00 3.00 0.00 21.00 0.00 24.00 0.00 0.07481325
4 6.00 0.00 3.00 0.00 27.00 0.00 30.00 0.00 0.0333624
4 6.00 0.00 2.00 0.00 10.00 0.00 14.00 0.00 2.318215
4 6.00 0.00 2.00 0.00 14.00 0.00 18.00 0.00 0.4154085
4 6.00 0.00 2.00 0.00 18.00 0.00 22.00 0.00 0.2306885
4 6.00 0.00 2.00 0.00 22.00 0.00 26.00 0.00 0.112289
4 6.00 0.00 2.00 0.00 26.00 0.00 30.00 0.00 0.0564069
4 6.00 0.00 2.00 0.00 34.00 0.00 38.00 0.00 0.02797055
4 6.00 0.00 1.00 0.00 11.00 0.00 16.00 0.00 1.59761
4 6.00 0.00 1.00 0.00 16.00 0.00 21.00 0.00 0.4017635
4 6.00 0.00 1.00 0.00 21.00 0.00 26.00 0.00 0.1608435
4 6.00 0.00 1.00 0.00 26.00 0.00 31.00 0.00 0.0702549
4 6.00 0.00 1.00 0.00 41.00 0.00 46.00 0.00 0.01459135
4 7.00 0.00 6.00 0.00 8.00 0.00 9.00 0.00 21.88355
4 7.00 0.00 6.00 0.00 9.00 0.00 10.00 0.00 3.37041
4 7.00 0.00 6.00 0.00 10.00 0.00 11.00 0.00 0.490683
4 7.00 0.00 6.00 0.00 11.00 0.00 12.00 0.00 1.40086
4 7.00 0.00 6.00 0.00 12.00 0.00 13.00 0.00 0.523512
4 7.00 0.00 6.00 0.00 13.00 0.00 14.00 0.00 0.120334
4 7.00 0.00 5.00 0.00 9.00 0.00 11.00 0.00 5.08907
4 7.00 0.00 5.00 0.00 11.00 0.00 13.00 0.00 2.29002
4 7.00 0.00 5.00 0.00 17.00 0.00 19.00 0.00 0.10465515
4 7.00 0.00 5.00 0.00 19.00 0.00 21.00 0.00 0.0817085
4 7.00 0.00 5.00 0.00 21.00 0.00 23.00 0.00 0.0614211
4 7.00 0.00 4.00 0.00 10.00 0.00 13.00 0.00 3.765505
4 7.00 0.00 4.00 0.00 13.00 0.00 16.00 0.00 0.4833435
4 7.00 0.00 4.00 0.00 16.00 0.00 19.00 0.00 0.2568235
4 7.00 0.00 4.00 0.00 19.00 0.00 22.00 0.00 0.1407625
4 7.00 0.00 4.00 0.00 25.00 0.00 28.00 0.00 0.0602
4 7.00 0.00 3.00 0.00 11.00 0.00 15.00 0.00 2.905145
4 7.00 0.00 3.00 0.00 15.00 0.00 19.00 0.00 0.591708
4 7.00 0.00 3.00 0.00 19.00 0.00 23.00 0.00 0.222817
4 7.00 0.00 3.00 0.00 23.00 0.00 27.00 0.00 0.0928369
4 7.00 0.00 2.00 0.00 12.00 0.00 17.00 0.00 1.643795
4 7.00 0.00 2.00 0.00 17.00 0.00 22.00 0.00 0.4530135
4 7.00 0.00 2.00 0.00 22.00 0.00 27.00 0.00 0.1767715
4 7.00 0.00 2.00 0.00 27.00 0.00 32.00 0.00 0.0726124
4 7.00 0.00 2.00 0.00 42.00 0.00 47.00 0.00 0.05225465
4 7.00 0.00 1.00 0.00 13.00 0.00 19.00 0.00 1.07007
4 7.00 0.00 1.00 0.00 19.00 0.00 25.00 0.00 0.340378
4 7.00 0.00 1.00 0.00 25.00 0.00 31.00 0.00 0.1429675
4 7.00 0.00 1.00 0.00 31.00 0.00 37.00 0.00 0.10150485
4 8.00 0.00 7.00 0.00 9.00 0.00 10.00 0.00 10.41155
4 8.00 0.00 7.00 0.00 10.00 0.00 11.00 0.00 3.589975
4 8.00 0.00 7.00 0.00 11.00 0.00 12.00 0.00 0.513308
4 8.00 0.00 7.00 0.00 13.00 0.00 14.00 0.00 0.17133
4 8.00 0.00 6.00 0.00 10.00 0.00 12.00 0.00 5.98821
4 8.00 0.00 6.00 0.00 12.00 0.00 14.00 0.00 0.989844
4 8.00 0.00 6.00 0.00 14.00 0.00 16.00 0.00 0.3084785
4 8.00 0.00 6.00 0.00 16.00 0.00 18.00 0.00 0.1929925
4 8.00 0.00 6.00 0.00 18.00 0.00 20.00 0.00 0.11136
4 8.00 0.00 6.00 0.00 20.00 0.00 22.00 0.00 0.07482185
4 8.00 0.00 6.00 0.00 22.00 0.00 24.00 0.00 0.04608475
4 8.00 0.00 5.00 0.00 11.00 0.00 14.00 0.00 3.32855
4 8.00 0.00 5.00 0.00 14.00 0.00 17.00 0.00 0.5101675
4 8.00 0.00 5.00 0.00 17.00 0.00 20.00 0.00 0.249366
4 8.00 0.00 5.00 0.00 20.00 0.00 23.00 0.00 0.13559
4 8.00 0.00 5.00 0.00 23.00 0.00 26.00 0.00 0.0717956
4 8.00 0.00 5.00 0.00 26.00 0.00 29.00 0.00 0.042775
4 8.00 0.00 5.00 0.00 29.00 0.00 32.00 0.00 0.03216535
4 8.00 0.00 4.00 0.00 12.00 0.00 16.00 0.00 1.73078
4 8.00 0.00 4.00 0.00 16.00 0.00 20.00 0.00 0.4669145
4 8.00 0.00 4.00 0.00 20.00 0.00 24.00 0.00 0.198752
4 8.00 0.00 4.00 0.00 24.00 0.00 28.00 0.00 0.09863195
4 8.00 0.00 4.00 0.00 28.00 0.00 32.00 0.00 0.05659765
4 8.00 0.00 4.00 0.00 36.00 0.00 40.00 0.00 0.0263334
4 8.00 0.00 3.00 0.00 13.00 0.00 18.00 0.00 1.251475
4 8.00 0.00 3.00 0.00 18.00 0.00 23.00 0.00 0.410439
4 8.00 0.00 3.00 0.00 23.00 0.00 28.00 0.00 0.162848
4 8.00 0.00 3.00 0.00 28.00 0.00 33.00 0.00 0.09154945
4 8.00 0.00 3.00 0.00 33.00 0.00 38.00 0.00 0.0429491
4 8.00 0.00 3.00 0.00 43.00 0.00 48.00 0.00 0.03893935
4 8.00 0.00 2.00 0.00 14.00 0.00 20.00 0.00 1.16354
4 8.00 0.00 2.00 0.00 20.00 0.00 26.00 0.00 0.3531125
4 8.00 0.00 2.00 0.00 26.00 0.00 32.00 0.00 0.14796
4 8.00 0.00 2.00 0.00 32.00 0.00 38.00 0.00 0.0798311
4 8.00 0.00 2.00 0.00 38.00 0.00 44.00 0.00 0.04304325
4 8.00 0.00 1.00 0.00 15.00 0.00 22.00 0.00 1.1174
4 8.00 0.00 1.00 0.00 22.00 0.00 29.00 0.00 0.2833145
4 8.00 0.00 1.00 0.00 29.00 0.00 36.00 0.00 0.1205025
4 8.00 0.00 1.00 0.00 36.00 0.00 43.00 0.00 0.07052705
4 8.00 0.00 1.00 0.00 43.00 0.00 50.00 0.00 0.0252567
4 9.00 0.00 8.00 0.00 10.00 0.00 11.00 0.00 8.115535
4 9.00 0.00 8.00 0.00 11.00 0.00 12.00 0.00 1.868925
4 9.00 0.00 8.00 0.00 12.00 0.00 13.00 0.00 0.524589
4 9.00 0.00 8.00 0.00 13.00 0.00 14.00 0.00 0.177305
4 9.00 0.00 7.00 0.00 11.00 0.00 13.00 0.00 3.305545
4 9.00 0.00 7.00 0.00 13.00 0.00 15.00 0.00 0.4287955
4 9.00 0.00 7.00 0.00 17.00 0.00 19.00 0.00 0.3052705
4 9.00 0.00 7.00 0.00 21.00 0.00 23.00 0.00 0.04903675
4 9.00 0.00 7.00 0.00 23.00 0.00 25.00 0.00 0.02737865
4 9.00 0.00 6.00 0.00 12.00 0.00 15.00 0.00 1.724065
4 9.00 0.00 6.00 0.00 18.00 0.00 21.00 0.00 0.3527425
4 9.00 0.00 6.00 0.00 21.00 0.00 24.00 0.00 0.116631
4 9.00 0.00 6.00 0.00 24.00 0.00 27.00 0.00 0.06806445
4 9.00 0.00 6.00 0.00 27.00 0.00 30.00 0.00 0.035627
4 9.00 0.00 6.00 0.00 30.00 0.00 33.00 0.00 0.0220124
4 9.00 0.00 5.00 0.00 13.00 0.00 17.00 0.00 1.119055
4 9.00 0.00 5.00 0.00 17.00 0.00 21.00 0.00 0.5955585
4 9.00 0.00 5.00 0.00 21.00 0.00 25.00 0.00 0.158244
4 9.00 0.00 5.00 0.00 25.00 0.00 29.00 0.00 0.1031945
4 9.00 0.00 5.00 0.00 29.00 0.00 33.00 0.00 0.04871535
4 9.00 0.00 5.00 0.00 33.00 0.00 37.00 0.00 0.034805
4 9.00 0.00 5.00 0.00 37.00 0.00 41.00 0.00 0.0223698
4 9.00 0.00 4.00 0.00 14.00 0.00 19.00 0.00 1.16859
4 9.00 0.00 4.00 0.00 19.00 0.00 24.00 0.00 0.3607025
4 9.00 0.00 4.00 0.00 24.00 0.00 29.00 0.00 0.1436075
4 9.00 0.00 4.00 0.00 29.00 0.00 34.00 0.00 0.0770278
4 9.00 0.00 4.00 0.00 34.00 0.00 39.00 0.00 0.04030685
4 9.00 0.00 3.00 0.00 15.00 0.00 21.00 0.00 1.37302
4 9.00 0.00 3.00 0.00 21.00 0.00 27.00 0.00 0.308922
4 9.00 0.00 3.00 0.00 27.00 0.00 33.00 0.00 0.126877
4 9.00 0.00 3.00 0.00 33.00 0.00 39.00 0.00 0.06580365
4 9.00 0.00 3.00 0.00 39.00 0.00 45.00 0.00 0.0518895
4 9.00 0.00 3.00 0.00 51.00 0.00 57.00 0.00 0.0032289
4 9.00 0.00 2.00 0.00 16.00 0.00 23.00 0.00 1.074345
4 9.00 0.00 2.00 0.00 23.00 0.00 30.00 0.00 0.266748
4 9.00 0.00 2.00 0.00 30.00 0.00 37.00 0.00 0.1093665
4 9.00 0.00 2.00 0.00 37.00 0.00 44.00 0.00 0.0626019
4 10.00 0.00 9.00 0.00 11.00 0.00 12.00 0.00 10.54965
4 10.00 0.00 9.00 0.00 12.00 0.00 13.00 0.00 2.069915
4 10.00 0.00 9.00 0.00 13.00 0.00 14.00 0.00 0.5490515
4 10.00 0.00 9.00 0.00 14.00 0.00 15.00 0.00 0.355041
4 10.00 0.00 9.00 0.00 16.00 0.00 17.00 0.00 0.1751215
4 10.00 0.00 9.00 0.00 17.00 0.00 18.00 0.00 0.06797835
4 10.00 0.00 8.00 0.00 12.00 0.00 14.00 0.00 3.32756
4 10.00 0.00 8.00 0.00 14.00 0.00 16.00 0.00 0.603211
4 10.00 0.00 8.00 0.00 16.00 0.00 18.00 0.00 0.241068
4 10.00 0.00 8.00 0.00 18.00 0.00 20.00 0.00 0.229567
4 10.00 0.00 8.00 0.00 20.00 0.00 22.00 0.00 0.1053815
4 10.00 0.00 8.00 0.00 22.00 0.00 24.00 0.00 0.054382
4 10.00 0.00 8.00 0.00 24.00 0.00 26.00 0.00 0.03394055
4 10.00 0.00 7.00 0.00 13.00 0.00 16.00 0.00 1.67363
4 10.00 0.00 7.00 0.00 16.00 0.00 19.00 0.00 0.5360155
4 10.00 0.00 7.00 0.00 19.00 0.00 22.00 0.00 0.232638
4 10.00 0.00 7.00 0.00 22.00 0.00 25.00 0.00 0.1012635
4 10.00 0.00 7.00 0.00 28.00 0.00 31.00 0.00 0.0438929
4 10.00 0.00 6.00 0.00 14.00 0.00 18.00 0.00 1.337465
4 10.00 0.00 6.00 0.00 18.00 0.00 22.00 0.00 0.521135
4 10.00 0.00 6.00 0.00 22.00 0.00 26.00 0.00 0.1559
4 10.00 0.00 6.00 0.00 26.00 0.00 30.00 0.00 0.08764315
4 10.00 0.00 6.00 0.00 30.00 0.00 34.00 0.00 0.05483155
4 10.00 0.00 6.00 0.00 34.00 0.00 38.00 0.00 0.02778905
4 10.00 0.00 6.00 0.00 38.00 0.00 42.00 0.00 0.0245996
4 10.00 0.00 5.00 0.00 15.00 0.00 20.00 0.00 1.398935
4 10.00 0.00 5.00 0.00 20.00 0.00 25.00 0.00 0.3496795
4 10.00 0.00 5.00 0.00 25.00 0.00 30.00 0.00 0.1409965
4 10.00 0.00 5.00 0.00 30.00 0.00 35.00 0.00 0.06947335
4 10.00 0.00 5.00 0.00 35.00 0.00 40.00 0.00 0.044565
4 10.00 0.00 5.00 0.00 45.00 0.00 50.00 0.00 0.01120565
4 10.00 0.00 4.00 0.00 16.00 0.00 22.00 0.00 1.181595
4 10.00 0.00 4.00 0.00 22.00 0.00 28.00 0.00 0.2845375
4 10.00 0.00 4.00 0.00 28.00 0.00 34.00 0.00 0.120401
4 10.00 0.00 4.00 0.00 34.00 0.00 40.00 0.00 0.05809185
4 10.00 0.00 3.00 0.00 17.00 0.00 24.00 0.00 1.144285
4 10.00 0.00 3.00 0.00 24.00 0.00 31.00 0.00 0.2638145
4 10.00 0.00 3.00 0.00 31.00 0.00 38.00 0.00 0.0962551
4 10.00 0.00 3.00 0.00 38.00 0.00 45.00 0.00 0.06921395
4 11.00 0.00 10.00 0.00 12.00 0.00 13.00 0.00 10.21655
4 11.00 0.00 10.00 0.00 13.00 0.00 14.00 0.00 1.4423
4 11.00 0.00 10.00 0.00 16.00 0.00 17.00 0.00 0.2852685
4 11.00 0.00 10.00 0.00 17.00 0.00 18.00 0.00 0.167973
4 11.00 0.00 10.00 0.00 18.00 0.00 19.00 0.00 0.08508395
4 11.00 0.00 9.00 0.00 13.00 0.00 15.00 0.00 2.6144
4 11.00 0.00 9.00 0.00 15.00 0.00 17.00 0.00 1.37194
4 11.00 0.00 9.00 0.00 17.00 0.00 19.00 0.00 0.3206145
4 11.00 0.00 9.00 0.00 19.00 0.00 21.00 0.00 0.224262
4 11.00 0.00 9.00 0.00 21.00 0.00 23.00 0.00 0.11256625
4 11.00 0.00 9.00 0.00 23.00 0.00 25.00 0.00 0.0643563
4 11.00 0.00 9.00 0.00 25.00 0.00 27.00 0.00 0.06163645
4 11.00 0.00 8.00 0.00 14.00 0.00 17.00 0.00 2.10523
4 11.00 0.00 8.00 0.00 17.00 0.00 20.00 0.00 0.705534
4 11.00 0.00 8.00 0.00 20.00 0.00 23.00 0.00 0.2714045
4 11.00 0.00 8.00 0.00 23.00 0.00 26.00 0.00 0.1190635
4 11.00 0.00 8.00 0.00 29.00 0.00 32.00 0.00 0.043216
4 11.00 0.00 8.00 0.00 32.00 0.00 35.00 0.00 0.05749155
4 11.00 0.00 7.00 0.00 15.00 0.00 19.00 0.00 2.263445
4 11.00 0.00 7.00 0.00 19.00 0.00 23.00 0.00 0.501183
4 11.00 0.00 7.00 0.00 23.00 0.00 27.00 0.00 0.1881575
4 11.00 0.00 7.00 0.00 27.00 0.00 31.00 0.00 0.0821156
4 11.00 0.00 7.00 0.00 35.00 0.00 39.00 0.00 0.0402487
4 11.00 0.00 7.00 0.00 39.00 0.00 43.00 0.00 0.03181295
4 11.00 0.00 6.00 0.00 16.00 0.00 21.00 0.00 1.544595
4 11.00 0.00 6.00 0.00 21.00 0.00 26.00 0.00 0.390721
4 11.00 0.00 6.00 0.00 26.00 0.00 31.00 0.00 0.141681
4 11.00 0.00 6.00 0.00 36.00 0.00 41.00 0.00 0.05810455
4 11.00 0.00 6.00 0.00 46.00 0.00 51.00 0.00 0.0419649
4 11.00 0.00 5.00 0.00 17.00 0.00 23.00 0.00 1.35208
4 11.00 0.00 5.00 0.00 23.00 0.00 29.00 0.00 0.289418
4 11.00 0.00 5.00 0.00 29.00 0.00 35.00 0.00 0.1367175
4 11.00 0.00 5.00 0.00 35.00 0.00 41.00 0.00 0.087759
4 11.00 0.00 4.00 0.00 18.00 0.00 25.00 0.00 1.117265
4 11.00 0.00 4.00 0.00 25.00 0.00 32.00 0.00 0.263918
4 11.00 0.00 4.00 0.00 32.00 0.00 39.00 0.00 0.1296315
4 11.00 0.00 4.00 0.00 39.00 0.00 46.00 0.00 0.09345815
4 12.00 0.00 11.00 0.00 13.00 0.00 14.00 0.00 7.181155
4 12.00 0.00 11.00 0.00 14.00 0.00 15.00 0.00 1.85708
4 12.00 0.00 11.00 0.00 16.00 0.00 17.00 0.00 0.304147
4 12.00 0.00 11.00 0.00 17.00 0.00 18.00 0.00 0.216581
4 12.00 0.00 11.00 0.00 18.00 0.00 19.00 0.00 0.123377
4 12.00 0.00 11.00 0.00 19.00 0.00 20.00 0.00 0.08843735
4 12.00 0.00 10.00 0.00 14.00 0.00 16.00 0.00 3.0331
4 12.00 0.00 10.00 0.00 16.00 0.00 18.00 0.00 0.9616405
4 12.00 0.00 10.00 0.00 18.00 0.00 20.00 0.00 0.3877445
4 12.00 0.00 10.00 0.00 20.00 0.00 22.00 0.00 0.233186
4 12.00 0.00 10.00 0.00 22.00 0.00 24.00 0.00 0.1078945
4 12.00 0.00 10.00 0.00 24.00 0.00 26.00 0.00 0.0867235
4 12.00 0.00 10.00 0.00 26.00 0.00 28.00 0.00 0.05175855
4 12.00 0.00 9.00 0.00 15.00 0.00 18.00 0.00 2.22554
4 12.00 0.00 9.00 0.00 18.00 0.00 21.00 0.00 0.61419
4 12.00 0.00 9.00 0.00 21.00 0.00 24.00 0.00 0.267875
4 12.00 0.00 9.00 0.00 24.00 0.00 27.00 0.00 0.138723
4 12.00 0.00 9.00 0.00 27.00 0.00 30.00 0.00 0.07583865
4 12.00 0.00 9.00 0.00 30.00 0.00 33.00 0.00 0.06501655
4 12.00 0.00 9.00 0.00 33.00 0.00 36.00 0.00 0.0257593
4 12.00 0.00 8.00 0.00 16.00 0.00 20.00 0.00 1.8125
4 12.00 0.00 8.00 0.00 20.00 0.00 24.00 0.00 0.5009965
4 12.00 0.00 8.00 0.00 24.00 0.00 28.00 0.00 0.1913915
4 12.00 0.00 8.00 0.00 28.00 0.00 32.00 0.00 0.09096555
4 12.00 0.00 8.00 0.00 32.00 0.00 36.00 0.00 0.0564602
4 12.00 0.00 8.00 0.00 36.00 0.00 40.00 0.00 0.042246
4 12.00 0.00 8.00 0.00 40.00 0.00 44.00 0.00 0.0250278
4 12.00 0.00 7.00 0.00 17.00 0.00 22.00 0.00 1.63396
4 12.00 0.00 7.00 0.00 22.00 0.00 27.00 0.00 0.3734995
4 12.00 0.00 7.00 0.00 27.00 0.00 32.00 0.00 0.1606665
4 12.00 0.00 7.00 0.00 32.00 0.00 37.00 0.00 0.06093575
4 12.00 0.00 6.00 0.00 18.00 0.00 24.00 0.00 1.353945
4 12.00 0.00 6.00 0.00 24.00 0.00 30.00 0.00 0.3196125
4 12.00 0.00 6.00 0.00 30.00 0.00 36.00 0.00 0.123217
4 12.00 0.00 6.00 0.00 36.00 0.00 42.00 0.00 0.07880905
4 12.00 0.00 6.00 0.00 42.00 0.00 48.00 0.00 0.0328604
4 12.00 0.00 6.00 0.00 54.00 0.00 60.00 0.00 0.00473412
4 12.00 0.00 5.00 0.00 19.00 0.00 26.00 0.00 1.11856
4 12.00 0.00 5.00 0.00 26.00 0.00 33.00 0.00 0.2543105
4 13.00 0.00 12.00 0.00 14.00 0.00 15.00 0.00 6.28396
4 13.00 0.00 12.00 0.00 16.00 0.00 17.00 0.00 0.6091185
4 13.00 0.00 12.00 0.00 17.00 0.00 18.00 0.00 0.3477215
4 13.00 0.00 12.00 0.00 18.00 0.00 19.00 0.00 0.22935
4 13.00 0.00 12.00 0.00 19.00 0.00 20.00 0.00 0.1272345
4 13.00 0.00 12.00 0.00 20.00 0.00 21.00 0.00 0.09096645
4 13.00 0.00 11.00 0.00 15.00 0.00 17.00 0.00 3.17758
4 13.00 0.00 11.00 0.00 17.00 0.00 19.00 0.00 0.90159
4 13.00 0.00 11.00 0.00 19.00 0.00 21.00 0.00 0.39231
4 13.00 0.00 11.00 0.00 21.00 0.00 23.00 0.00 0.172334
4 13.00 0.00 11.00 0.00 23.00 0.00 25.00 0.00 0.1398735
4 13.00 0.00 11.00 0.00 25.00 0.00 27.00 0.00 0.0500554
4 13.00 0.00 11.00 0.00 27.00 0.00 29.00 0.00 0.0432907
4 13.00 0.00 10.00 0.00 16.00 0.00 19.00 0.00 2.343335
4 13.00 0.00 10.00 0.00 19.00 0.00 22.00 0.00 0.70261
4 13.00 0.00 10.00 0.00 22.00 0.00 25.00 0.00 0.2541625
4 13.00 0.00 10.00 0.00 25.00 0.00 28.00 0.00 0.1293285
4 13.00 0.00 10.00 0.00 31.00 0.00 34.00 0.00 0.0457425
4 13.00 0.00 10.00 0.00 34.00 0.00 37.00 0.00 0.0313718
4 13.00 0.00 9.00 0.00 17.00 0.00 21.00 0.00 1.837095
4 13.00 0.00 9.00 0.00 21.00 0.00 25.00 0.00 0.487801
4 13.00 0.00 9.00 0.00 25.00 0.00 29.00 0.00 0.1775005
4 13.00 0.00 9.00 0.00 29.00 0.00 33.00 0.00 0.110513
4 13.00 0.00 9.00 0.00 37.00 0.00 41.00 0.00 0.0430292
4 13.00 0.00 9.00 0.00 41.00 0.00 45.00 0.00 0.02355375
4 13.00 0.00 8.00 0.00 18.00 0.00 23.00 0.00 1.586605
4 13.00 0.00 8.00 0.00 23.00 0.00 28.00 0.00 0.366322
4 13.00 0.00 8.00 0.00 28.00 0.00 33.00 0.00 0.1552365
4 13.00 0.00 8.00 0.00 33.00 0.00 38.00 0.00 0.07275265
4 13.00 0.00 8.00 0.00 38.00 0.00 43.00 0.00 0.05398045
4 13.00 0.00 8.00 0.00 43.00 0.00 48.00 0.00 0.02263165
4 13.00 0.00 8.00 0.00 48.00 0.00 53.00 0.00 0.00940816
4 13.00 0.00 7.00 0.00 19.00 0.00 25.00 0.00 1.32307
4 13.00 0.00 7.00 0.00 25.00 0.00 31.00 0.00 0.3217595
4 13.00 0.00 7.00 0.00 31.00 0.00 37.00 0.00 0.08866555
4 13.00 0.00 7.00 0.00 37.00 0.00 43.00 0.00 0.0691025
4 13.00 0.00 6.00 0.00 20.00 0.00 27.00 0.00 1.11475
4 13.00 0.00 6.00 0.00 27.00 0.00 34.00 0.00 0.2669185
4 13.00 0.00 6.00 0.00 34.00 0.00 41.00 0.00 0.1078635
4 13.00 0.00 6.00 0.00 41.00 0.00 48.00 0.00 0.05426155
4 14.00 0.00 13.00 0.00 15.00 0.00 16.00 0.00 7.89145
4 14.00 0.00 13.00 0.00 16.00 0.00 17.00 0.00 1.436
4 14.00 0.00 13.00 0.00 17.00 0.00 18.00 0.00 0.6652015
4 14.00 0.00 13.00 0.00 18.00 0.00 19.00 0.00 0.3555215
4 14.00 0.00 13.00 0.00 19.00 0.00 20.00 0.00 0.1860285
4 14.00 0.00 13.00 0.00 20.00 0.00 21.00 0.00 0.128612
4 14.00 0.00 13.00 0.00 21.00 0.00 22.00 0.00 0.0822165
4 14.00 0.00 12.00 0.00 16.00 0.00 18.00 0.00 3.05622
4 14.00 0.00 12.00 0.00 18.00 0.00 20.00 0.00 0.900112
4 14.00 0.00 12.00 0.00 20.00 0.00 22.00 0.00 0.3625175
4 14.00 0.00 12.00 0.00 22.00 0.00 24.00 0.00 0.1555
4 14.00 0.00 12.00 0.00 24.00 0.00 26.00 0.00 0.08860145
4 14.00 0.00 12.00 0.00 26.00 0.00 28.00 0.00 0.0570514
4 14.00 0.00 12.00 0.00 28.00 0.00 30.00 0.00 0.03532145
4 14.00 0.00 11.00 0.00 17.00 0.00 20.00 0.00 2.362865
4 14.00 0.00 11.00 0.00 20.00 0.00 23.00 0.00 0.6278855
4 14.00 0.00 11.00 0.00 23.00 0.00 26.00 0.00 0.220822
4 14.00 0.00 11.00 0.00 26.00 0.00 29.00 0.00 0.126464
4 14.00 0.00 11.00 0.00 29.00 0.00 32.00 0.00 0.09292485
4 14.00 0.00 11.00 0.00 32.00 0.00 35.00 0.00 0.0190166
4 14.00 0.00 10.00 0.00 18.00 0.00 22.00 0.00 1.885195
4 14.00 0.00 10.00 0.00 22.00 0.00 26.00 0.00 0.4450615
4 14.00 0.00 10.00 0.00 26.00 0.00 30.00 0.00 0.185744
4 14.00 0.00 10.00 0.00 30.00 0.00 34.00 0.00 0.1007045
4 14.00 0.00 10.00 0.00 34.00 0.00 38.00 0.00 0.0488106
4 14.00 0.00 10.00 0.00 38.00 0.00 42.00 0.00 0.0445161
4 14.00 0.00 10.00 0.00 42.00 0.00 46.00 0.00 0.0177656
4 14.00 0.00 9.00 0.00 19.00 0.00 24.00 0.00 1.514025
4 14.00 0.00 9.00 0.00 24.00 0.00 29.00 0.00 0.3582725
4 14.00 0.00 9.00 0.00 29.00 0.00 34.00 0.00 0.148116
4 14.00 0.00 9.00 0.00 34.00 0.00 39.00 0.00 0.07077245
4 14.00 0.00 9.00 0.00 39.00 0.00 44.00 0.00 0.0484907
4 14.00 0.00 9.00 0.00 44.00 0.00 49.00 0.00 0.0276167
4 14.00 0.00 8.00 0.00 20.00 0.00 26.00 0.00 1.23202
4 14.00 0.00 8.00 0.00 26.00 0.00 32.00 0.00 0.295024
4 14.00 0.00 8.00 0.00 32.00 0.00 38.00 0.00 0.10938265
4 14.00 0.00 8.00 0.00 38.00 0.00 44.00 0.00 0.06941865
4 14.00 0.00 8.00 0.00 44.00 0.00 50.00 0.00 0.0287986
4 14.00 0.00 7.00 0.00 21.00 0.00 28.00 0.00 1.039635
4 14.00 0.00 7.00 0.00 28.00 0.00 35.00 0.00 0.2596645
4 14.00 0.00 7.00 0.00 35.00 0.00 42.00 0.00 0.0925944
4 14.00 0.00 7.00 0.00 42.00 0.00 49.00 0.00 0.05187045
4 15.00 0.00 14.00 0.00 17.00 0.00 18.00 0.00 1.90119
4 15.00 0.00 14.00 0.00 21.00 0.00 22.00 0.00 0.139405
4 15.00 0.00 12.00 0.00 18.00 0.00 21.00 0.00 3.167885
4 15.00 0.00 12.00 0.00 24.00 0.00 27.00 0.00 0.2449995
4 15.00 0.00 12.00 0.00 27.00 0.00 30.00 0.00 0.0712984
4 15.00 0.00 11.00 0.00 23.00 0.00 27.00 0.00 0.4134685
4 15.00 0.00 10.00 0.00 25.00 0.00 30.00 0.00 0.3802205
4 15.00 0.00 10.00 0.00 30.00 0.00 35.00 0.00 0.184113
4 15.00 0.00 10.00 0.00 35.00 0.00 40.00 0.00 0.1391365
4 15.00 0.00 10.00 0.00 45.00 0.00 50.00 0.00 0.0422944
4 15.00 0.00 9.00 0.00 21.00 0.00 27.00 0.00 1.27575
4 15.00 0.00 9.00 0.00 27.00 0.00 33.00 0.00 0.27185
4 15.00 0.00 9.00 0.00 33.00 0.00 39.00 0.00 0.1792035
4 15.00 0.00 9.00 0.00 39.00 0.00 45.00 0.00 0.0962181
4 15.00 0.00 9.00 0.00 57.00 0.00 63.00 0.00 0.02808475
4 15.00 0.00 8.00 0.00 22.00 0.00 29.00 0.00 1.037366
4 15.00 0.00 8.00 0.00 43.00 0.00 50.00 0.00 0.05338515
4 15.00 0.00 8.00 0.00 57.00 0.00 64.00 0.00 0.0302138
4 16.00 0.00 15.00 0.00 17.00 0.00 18.00 0.00 5.743415
4 16.00 0.00 14.00 0.00 18.00 0.00 20.00 0.00 3.233195
4 16.00 0.00 14.00 0.00 20.00 0.00 22.00 0.00 1.09261
4 16.00 0.00 14.00 0.00 22.00 0.00 24.00 0.00 0.3523755
4 16.00 0.00 14.00 0.00 24.00 0.00 26.00 0.00 0.171672
4 16.00 0.00 14.00 0.00 26.00 0.00 28.00 0.00 0.08873935
4 16.00 0.00 14.00 0.00 28.00 0.00 30.00 0.00 0.05309305
4 16.00 0.00 14.00 0.00 30.00 0.00 32.00 0.00 0.0411112
4 16.00 0.00 13.00 0.00 19.00 0.00 22.00 0.00 2.65914
4 16.00 0.00 13.00 0.00 22.00 0.00 25.00 0.00 0.5408295
4 16.00 0.00 13.00 0.00 25.00 0.00 28.00 0.00 0.246067
4 16.00 0.00 13.00 0.00 28.00 0.00 31.00 0.00 0.0928167
4 16.00 0.00 13.00 0.00 31.00 0.00 34.00 0.00 0.06003925
4 16.00 0.00 13.00 0.00 34.00 0.00 37.00 0.00 0.0409955
4 16.00 0.00 12.00 0.00 20.00 0.00 24.00 0.00 1.956365
4 16.00 0.00 12.00 0.00 24.00 0.00 28.00 0.00 0.4134905
4 16.00 0.00 12.00 0.00 28.00 0.00 32.00 0.00 0.169267
4 16.00 0.00 12.00 0.00 32.00 0.00 36.00 0.00 0.08919255
4 16.00 0.00 12.00 0.00 36.00 0.00 40.00 0.00 0.0475361
4 16.00 0.00 12.00 0.00 40.00 0.00 44.00 0.00 0.0338503
4 16.00 0.00 12.00 0.00 44.00 0.00 48.00 0.00 0.02403005
4 16.00 0.00 11.00 0.00 21.00 0.00 26.00 0.00 1.4004
4 16.00 0.00 11.00 0.00 26.00 0.00 31.00 0.00 0.348213
4 16.00 0.00 11.00 0.00 31.00 0.00 36.00 0.00 0.10187455
4 16.00 0.00 11.00 0.00 36.00 0.00 41.00 0.00 0.07369805
4 16.00 0.00 11.00 0.00 41.00 0.00 46.00 0.00 0.0723391
4 16.00 0.00 10.00 0.00 22.00 0.00 28.00 0.00 1.16013
4 16.00 0.00 10.00 0.00 28.00 0.00 34.00 0.00 0.299785
4 16.00 0.00 10.00 0.00 34.00 0.00 40.00 0.00 0.1254455
4 16.00 0.00 10.00 0.00 40.00 0.00 46.00 0.00 0.05629125
4 16.00 0.00 9.00 0.00 23.00 0.00 30.00 0.00 0.9654535
4 16.00 0.00 9.00 0.00 30.00 0.00 37.00 0.00 0.2607045
4 16.00 0.00 9.00 0.00 37.00 0.00 44.00 0.00 0.1246565
4 16.00 0.00 9.00 0.00 44.00 0.00 51.00 0.00 0.04757705
4 17.00 0.00 16.00 0.00 18.00 0.00 19.00 0.00 6.01133
4 17.00 0.00 16.00 0.00 19.00 0.00 20.00 0.00 1.431585
4 17.00 0.00 16.00 0.00 20.00 0.00 21.00 0.00 0.462067
4 17.00 0.00 16.00 0.00 21.00 0.00 22.00 0.00 0.338027
4 17.00 0.00 16.00 0.00 22.00 0.00 23.00 0.00 0.3981425
4 17.00 0.00 16.00 0.00 23.00 0.00 24.00 0.00 0.0838042
4 17.00 0.00 15.00 0.00 21.00 0.00 23.00 0.00 0.9559995
4 17.00 0.00 15.00 0.00 29.00 0.00 31.00 0.00 0.1028936
4 17.00 0.00 14.00 0.00 20.00 0.00 23.00 0.00 2.4987
4 17.00 0.00 14.00 0.00 23.00 0.00 26.00 0.00 0.4679205
4 17.00 0.00 14.00 0.00 26.00 0.00 29.00 0.00 0.2893415
4 17.00 0.00 14.00 0.00 29.00 0.00 32.00 0.00 0.1169915
4 17.00 0.00 14.00 0.00 32.00 0.00 35.00 0.00 0.06141845
4 17.00 0.00 14.00 0.00 35.00 0.00 38.00 0.00 0.0452016
4 17.00 0.00 14.00 0.00 38.00 0.00 41.00 0.00 0.0425315
4 17.00 0.00 13.00 0.00 21.00 0.00 25.00 0.00 1.680915
4 17.00 0.00 13.00 0.00 25.00 0.00 29.00 0.00 0.6435235
4 17.00 0.00 13.00 0.00 29.00 0.00 33.00 0.00 0.156888
4 17.00 0.00 13.00 0.00 33.00 0.00 37.00 0.00 0.1145905
4 17.00 0.00 13.00 0.00 37.00 0.00 41.00 0.00 0.05359225
4 17.00 0.00 13.00 0.00 41.00 0.00 45.00 0.00 0.0411914
4 17.00 0.00 13.00 0.00 45.00 0.00 49.00 0.00 0.02149665
4 17.00 0.00 12.00 0.00 22.00 0.00 27.00 0.00 1.54948
4 17.00 0.00 12.00 0.00 27.00 0.00 32.00 0.00 0.3194385
4 17.00 0.00 12.00 0.00 32.00 0.00 37.00 0.00 0.140018
4 17.00 0.00 12.00 0.00 37.00 0.00 42.00 0.00 0.0781844
4 17.00 0.00 11.00 0.00 23.00 0.00 29.00 0.00 1.12056
4 17.00 0.00 11.00 0.00 29.00 0.00 35.00 0.00 0.293134
4 17.00 0.00 11.00 0.00 35.00 0.00 41.00 0.00 0.107174
4 17.00 0.00 11.00 0.00 41.00 0.00 47.00 0.00 0.06643405
4 17.00 0.00 10.00 0.00 24.00 0.00 31.00 0.00 0.996359
4 17.00 0.00 10.00 0.00 31.00 0.00 38.00 0.00 0.2738215
4 17.00 0.00 10.00 0.00 38.00 0.00 45.00 0.00 0.1321765
4 17.00 0.00 10.00 0.00 45.00 0.00 52.00 0.00 0.042877
4 18.00 0.00 17.00 0.00 19.00 0.00 20.00 0.00 5.209435
4 18.00 0.00 17.00 0.00 20.00 0.00 21.00 0.00 1.71616
4 18.00 0.00 17.00 0.00 21.00 0.00 22.00 0.00 0.7081335
4 18.00 0.00 17.00 0.00 22.00 0.00 23.00 0.00 0.2789185
4 18.00 0.00 17.00 0.00 23.00 0.00 24.00 0.00 0.1985795
4 18.00 0.00 16.00 0.00 20.00 0.00 22.00 0.00 3.239955
4 18.00 0.00 16.00 0.00 22.00 0.00 24.00 0.00 0.9584005
4 18.00 0.00 16.00 0.00 24.00 0.00 26.00 0.00 0.3026805
4 18.00 0.00 16.00 0.00 26.00 0.00 28.00 0.00 0.2360275
4 18.00 0.00 16.00 0.00 28.00 0.00 30.00 0.00 0.10155705
4 18.00 0.00 16.00 0.00 30.00 0.00 32.00 0.00 0.06721395
4 18.00 0.00 16.00 0.00 32.00 0.00 34.00 0.00 0.04377505
4 18.00 0.00 15.00 0.00 21.00 0.00 24.00 0.00 2.317655
4 18.00 0.00 15.00 0.00 24.00 0.00 27.00 0.00 0.561241
4 18.00 0.00 15.00 0.00 27.00 0.00 30.00 0.00 0.2258195
4 18.00 0.00 14.00 0.00 22.00 0.00 26.00 0.00 1.77907
4 18.00 0.00 14.00 0.00 26.00 0.00 30.00 0.00 0.478613
4 18.00 0.00 14.00 0.00 30.00 0.00 34.00 0.00 0.1778005
4 18.00 0.00 14.00 0.00 34.00 0.00 38.00 0.00 0.0883529
4 18.00 0.00 14.00 0.00 38.00 0.00 42.00 0.00 0.0586626
4 18.00 0.00 14.00 0.00 42.00 0.00 46.00 0.00 0.03257365
4 18.00 0.00 14.00 0.00 46.00 0.00 50.00 0.00 0.0273859
4 18.00 0.00 13.00 0.00 23.00 0.00 28.00 0.00 1.29712
4 18.00 0.00 13.00 0.00 28.00 0.00 33.00 0.00 0.313746
4 18.00 0.00 13.00 0.00 33.00 0.00 38.00 0.00 0.1514885
4 18.00 0.00 13.00 0.00 38.00 0.00 43.00 0.00 0.0924397
4 18.00 0.00 13.00 0.00 53.00 0.00 58.00 0.00 0.0110192
4 18.00 0.00 12.00 0.00 24.00 0.00 30.00 0.00 1.127585
4 18.00 0.00 12.00 0.00 30.00 0.00 36.00 0.00 0.2924225
4 18.00 0.00 12.00 0.00 36.00 0.00 42.00 0.00 0.132823
4 18.00 0.00 12.00 0.00 42.00 0.00 48.00 0.00 0.0636535
4 18.00 0.00 12.00 0.00 54.00 0.00 60.00 0.00 0.00774814
4 18.00 0.00 11.00 0.00 25.00 0.00 32.00 0.00 1.1496
4 18.00 0.00 11.00 0.00 32.00 0.00 39.00 0.00 0.2365555
4 18.00 0.00 11.00 0.00 39.00 0.00 46.00 0.00 0.131056
4 19.00 0.00 18.00 0.00 20.00 0.00 21.00 0.00 6.52161
4 19.00 0.00 18.00 0.00 21.00 0.00 22.00 0.00 1.645465
4 19.00 0.00 18.00 0.00 22.00 0.00 23.00 0.00 0.6432585
4 19.00 0.00 18.00 0.00 23.00 0.00 24.00 0.00 0.2731575
4 19.00 0.00 18.00 0.00 24.00 0.00 25.00 0.00 0.369509
4 19.00 0.00 17.00 0.00 21.00 0.00 23.00 0.00 3.247925
4 19.00 0.00 17.00 0.00 23.00 0.00 25.00 0.00 1.000123
4 19.00 0.00 17.00 0.00 27.00 0.00 29.00 0.00 0.163567
4 19.00 0.00 17.00 0.00 29.00 0.00 31.00 0.00 0.1039248
4 19.00 0.00 17.00 0.00 31.00 0.00 33.00 0.00 0.0960452
4 19.00 0.00 16.00 0.00 22.00 0.00 25.00 0.00 2.292015
4 19.00 0.00 16.00 0.00 25.00 0.00 28.00 0.00 0.580048
4 19.00 0.00 16.00 0.00 28.00 0.00 31.00 0.00 0.2177995
4 19.00 0.00 16.00 0.00 31.00 0.00 34.00 0.00 0.135264
4 19.00 0.00 16.00 0.00 34.00 0.00 37.00 0.00 0.0603793
4 19.00 0.00 16.00 0.00 37.00 0.00 40.00 0.00 0.0525587
4 19.00 0.00 16.00 0.00 40.00 0.00 43.00 0.00 0.038524
4 19.00 0.00 15.00 0.00 23.00 0.00 27.00 0.00 1.690605
4 19.00 0.00 15.00 0.00 27.00 0.00 31.00 0.00 0.472003
4 19.00 0.00 15.00 0.00 43.00 0.00 47.00 0.00 0.0356137
4 19.00 0.00 14.00 0.00 24.00 0.00 29.00 0.00 1.39836
4 19.00 0.00 14.00 0.00 29.00 0.00 34.00 0.00 0.3670405
4 19.00 0.00 14.00 0.00 34.00 0.00 39.00 0.00 0.145428
4 19.00 0.00 14.00 0.00 39.00 0.00 44.00 0.00 0.09124305
4 19.00 0.00 14.00 0.00 44.00 0.00 49.00 0.00 0.0315632
4 19.00 0.00 13.00 0.00 25.00 0.00 31.00 0.00 1.126935
4 19.00 0.00 13.00 0.00 31.00 0.00 37.00 0.00 0.3056675
4 19.00 0.00 13.00 0.00 37.00 0.00 43.00 0.00 0.1508765
4 19.00 0.00 13.00 0.00 43.00 0.00 49.00 0.00 0.06437235
4 19.00 0.00 13.00 0.00 55.00 0.00 61.00 0.00 0.00870111
4 19.00 0.00 12.00 0.00 26.00 0.00 33.00 0.00 0.9642755
4 19.00 0.00 12.00 0.00 33.00 0.00 40.00 0.00 0.2555665
4 19.00 0.00 12.00 0.00 40.00 0.00 47.00 0.00 0.120357
4 19.00 0.00 12.00 0.00 47.00 0.00 54.00 0.00 0.0264584
4 20.00 0.00 19.00 0.00 21.00 0.00 22.00 0.00 5.82373
4 20.00 0.00 19.00 0.00 22.00 0.00 23.00 0.00 1.30031
4 20.00 0.00 19.00 0.00 23.00 0.00 24.00 0.00 0.568229
4 20.00 0.00 19.00 0.00 24.00 0.00 25.00 0.00 0.234797
4 20.00 0.00 19.00 0.00 25.00 0.00 26.00 0.00 0.170529
4 20.00 0.00 19.00 0.00 26.00 0.00 27.00 0.00 0.1079515
4 20.00 0.00 19.00 0.00 27.00 0.00 28.00 0.00 0.06608625
4 20.00 0.00 18.00 0.00 22.00 0.00 24.00 0.00 2.77048
4 20.00 0.00 18.00 0.00 24.00 0.00 26.00 0.00 0.835766
4 20.00 0.00 18.00 0.00 26.00 0.00 28.00 0.00 0.2460455
4 20.00 0.00 18.00 0.00 28.00 0.00 30.00 0.00 0.1606405
4 20.00 0.00 18.00 0.00 30.00 0.00 32.00 0.00 0.0999266
4 20.00 0.00 18.00 0.00 32.00 0.00 34.00 0.00 0.06183145
4 20.00 0.00 18.00 0.00 34.00 0.00 36.00 0.00 0.0281339
4 20.00 0.00 17.00 0.00 23.00 0.00 26.00 0.00 2.07663
4 20.00 0.00 17.00 0.00 26.00 0.00 29.00 0.00 0.4579195
4 20.00 0.00 17.00 0.00 29.00 0.00 32.00 0.00 0.2269715
4 20.00 0.00 17.00 0.00 32.00 0.00 35.00 0.00 0.102393
4 20.00 0.00 17.00 0.00 35.00 0.00 38.00 0.00 0.07443645
4 20.00 0.00 17.00 0.00 38.00 0.00 41.00 0.00 0.04743085
4 20.00 0.00 17.00 0.00 41.00 0.00 44.00 0.00 0.03491425
4 20.00 0.00 16.00 0.00 24.00 0.00 28.00 0.00 1.62612
4 20.00 0.00 16.00 0.00 28.00 0.00 32.00 0.00 0.4181645
4 20.00 0.00 16.00 0.00 32.00 0.00 36.00 0.00 0.149381
4 20.00 0.00 16.00 0.00 36.00 0.00 40.00 0.00 0.1034495
4 20.00 0.00 16.00 0.00 40.00 0.00 44.00 0.00 0.0790549
4 20.00 0.00 15.00 0.00 25.00 0.00 30.00 0.00 1.320065
4 20.00 0.00 15.00 0.00 30.00 0.00 35.00 0.00 0.3152885
4 20.00 0.00 15.00 0.00 35.00 0.00 40.00 0.00 0.0734545
4 20.00 0.00 15.00 0.00 40.00 0.00 45.00 0.00 0.09499035
4 20.00 0.00 14.00 0.00 26.00 0.00 32.00 0.00 1.08344
4 20.00 0.00 14.00 0.00 32.00 0.00 38.00 0.00 0.2899745
4 20.00 0.00 14.00 0.00 38.00 0.00 44.00 0.00 0.1506555
4 20.00 0.00 14.00 0.00 44.00 0.00 50.00 0.00 0.05741545
4 20.00 0.00 14.00 0.00 62.00 0.00 68.00 0.00 0.00517181
4 20.00 0.00 13.00 0.00 27.00 0.00 34.00 0.00 0.9389885
4 20.00 0.00 13.00 0.00 34.00 0.00 41.00 0.00 0.2651575
4 20.00 0.00 13.00 0.00 41.00 0.00 48.00 0.00 0.1180125
4 20.00 0.00 13.00 0.00 48.00 0.00 55.00 0.00 0.0223222
4 20.00 0.00 13.00 0.00 62.00 0.00 69.00 0.00 0.00833861
4 21.00 0.00 20.00 0.00 22.00 0.00 23.00 0.00 6.366255
4 21.00 0.00 20.00 0.00 23.00 0.00 24.00 0.00 1.28661
4 21.00 0.00 20.00 0.00 24.00 0.00 25.00 0.00 0.4696545
4 21.00 0.00 20.00 0.00 25.00 0.00 26.00 0.00 0.4133385
4 21.00 0.00 20.00 0.00 26.00 0.00 27.00 0.00 0.173839
4 21.00 0.00 20.00 0.00 27.00 0.00 28.00 0.00 0.125683
4 21.00 0.00 20.00 0.00 28.00 0.00 29.00 0.00 0.0898257
4 21.00 0.00 19.00 0.00 23.00 0.00 25.00 0.00 2.579585
4 21.00 0.00 19.00 0.00 25.00 0.00 27.00 0.00 0.8704155
4 21.00 0.00 19.00 0.00 27.00 0.00 29.00 0.00 0.324565
4 21.00 0.00 19.00 0.00 29.00 0.00 31.00 0.00 0.1619255
4 21.00 0.00 19.00 0.00 31.00 0.00 33.00 0.00 0.08590205
4 21.00 0.00 19.00 0.00 33.00 0.00 35.00 0.00 0.06122635
4 21.00 0.00 19.00 0.00 35.00 0.00 37.00 0.00 0.04038005
4 21.00 0.00 18.00 0.00 24.00 0.00 27.00 0.00 2.033515
4 21.00 0.00 18.00 0.00 27.00 0.00 30.00 0.00 0.5391565
4 21.00 0.00 18.00 0.00 30.00 0.00 33.00 0.00 0.247627
4 21.00 0.00 18.00 0.00 33.00 0.00 36.00 0.00 0.0906417
4 21.00 0.00 18.00 0.00 36.00 0.00 39.00 0.00 0.07419
4 21.00 0.00 18.00 0.00 39.00 0.00 42.00 0.00 0.0644374
4 21.00 0.00 18.00 0.00 42.00 0.00 45.00 0.00 0.03068025
4 21.00 0.00 17.00 0.00 25.00 0.00 29.00 0.00 1.501255
4 21.00 0.00 17.00 0.00 29.00 0.00 33.00 0.00 0.4491605
4 21.00 0.00 17.00 0.00 33.00 0.00 37.00 0.00 0.1381815
4 21.00 0.00 17.00 0.00 37.00 0.00 41.00 0.00 0.1097625
4 21.00 0.00 17.00 0.00 41.00 0.00 45.00 0.00 0.0669733
4 21.00 0.00 17.00 0.00 45.00 0.00 49.00 0.00 0.03253335
4 21.00 0.00 17.00 0.00 49.00 0.00 53.00 0.00 0.00819309
4 21.00 0.00 16.00 0.00 26.00 0.00 31.00 0.00 1.298215
4 21.00 0.00 16.00 0.00 31.00 0.00 36.00 0.00 0.3421205
4 21.00 0.00 16.00 0.00 36.00 0.00 41.00 0.00 0.163922
4 21.00 0.00 16.00 0.00 41.00 0.00 46.00 0.00 0.09153265
4 21.00 0.00 16.00 0.00 51.00 0.00 56.00 0.00 0.00766048
4 21.00 0.00 15.00 0.00 27.00 0.00 33.00 0.00 1.19074
4 21.00 0.00 15.00 0.00 33.00 0.00 39.00 0.00 0.2034325
4 21.00 0.00 15.00 0.00 39.00 0.00 45.00 0.00 0.118117
4 21.00 0.00 15.00 0.00 45.00 0.00 51.00 0.00 0.032135
4 21.00 0.00 14.00 0.00 28.00 0.00 35.00 0.00 0.964719
4 21.00 0.00 14.00 0.00 35.00 0.00 42.00 0.00 0.289319
4 21.00 0.00 14.00 0.00 42.00 0.00 49.00 0.00 0.114476
4 21.00 0.00 14.00 0.00 49.00 0.00 56.00 0.00 0.0150102
4 22.00 0.00 21.00 0.00 23.00 0.00 24.00 0.00 5.760725
4 22.00 0.00 21.00 0.00 24.00 0.00 25.00 0.00 1.36312
4 22.00 0.00 21.00 0.00 25.00 0.00 26.00 0.00 0.617464
4 22.00 0.00 21.00 0.00 26.00 0.00 27.00 0.00 0.2980145
4 22.00 0.00 21.00 0.00 27.00 0.00 28.00 0.00 0.1499695
4 22.00 0.00 21.00 0.00 28.00 0.00 29.00 0.00 0.0905361
4 22.00 0.00 21.00 0.00 29.00 0.00 30.00 0.00 0.07156415
4 22.00 0.00 20.00 0.00 24.00 0.00 26.00 0.00 2.85347
4 22.00 0.00 20.00 0.00 26.00 0.00 28.00 0.00 0.754424
4 22.00 0.00 20.00 0.00 28.00 0.00 30.00 0.00 0.3079115
4 22.00 0.00 20.00 0.00 30.00 0.00 32.00 0.00 0.1573295
4 22.00 0.00 20.00 0.00 32.00 0.00 34.00 0.00 0.08255055
4 22.00 0.00 20.00 0.00 34.00 0.00 36.00 0.00 0.05184255
4 22.00 0.00 20.00 0.00 36.00 0.00 38.00 0.00 0.04699265
4 22.00 0.00 19.00 0.00 25.00 0.00 28.00 0.00 2.110315
4 22.00 0.00 19.00 0.00 28.00 0.00 31.00 0.00 0.5051175
4 22.00 0.00 19.00 0.00 31.00 0.00 34.00 0.00 0.234605
4 22.00 0.00 19.00 0.00 34.00 0.00 37.00 0.00 0.10155355
4 22.00 0.00 19.00 0.00 37.00 0.00 40.00 0.00 0.0749758
4 22.00 0.00 19.00 0.00 40.00 0.00 43.00 0.00 0.0541024
4 22.00 0.00 19.00 0.00 43.00 0.00 46.00 0.00 0.02895455
4 22.00 0.00 18.00 0.00 26.00 0.00 30.00 0.00 1.47183
4 22.00 0.00 18.00 0.00 30.00 0.00 34.00 0.00 0.4150215
4 22.00 0.00 18.00 0.00 34.00 0.00 38.00 0.00 0.1629985
4 22.00 0.00 18.00 0.00 38.00 0.00 42.00 0.00 0.113788
4 22.00 0.00 18.00 0.00 46.00 0.00 50.00 0.00 0.0364408
4 22.00 0.00 17.00 0.00 27.00 0.00 32.00 0.00 1.247155
4 22.00 0.00 17.00 0.00 32.00 0.00 37.00 0.00 0.325002
4 22.00 0.00 17.00 0.00 37.00 0.00 42.00 0.00 0.1792545
4 22.00 0.00 17.00 0.00 42.00 0.00 47.00 0.00 0.07797735
4 22.00 0.00 17.00 0.00 52.00 0.00 57.00 0.00 0.00791767
4 22.00 0.00 17.00 0.00 57.00 0.00 62.00 0.00 0.00594138
4 22.00 0.00 16.00 0.00 28.00 0.00 34.00 0.00 1.076245
4 22.00 0.00 16.00 0.00 34.00 0.00 40.00 0.00 0.2944765
4 22.00 0.00 16.00 0.00 40.00 0.00 46.00 0.00 0.1524005
4 22.00 0.00 16.00 0.00 46.00 0.00 52.00 0.00 0.04548595
4 22.00 0.00 16.00 0.00 52.00 0.00 58.00 0.00 0.0085776
4 22.00 0.00 16.00 0.00 58.00 0.00 64.00 0.00 0.00729045
4 22.00 0.00 15.00 0.00 29.00 0.00 36.00 0.00 0.983409
4 22.00 0.00 15.00 0.00 43.00 0.00 50.00 0.00 0.0980396
4 22.00 0.00 15.00 0.00 50.00 0.00 57.00 0.00 0.016392
4 23.00 0.00 22.00 0.00 24.00 0.00 25.00 0.00 5.17841
4 23.00 0.00 22.00 0.00 25.00 0.00 26.00 0.00 1.35515
4 23.00 0.00 22.00 0.00 26.00 0.00 27.00 0.00 0.539618
4 23.00 0.00 22.00 0.00 27.00 0.00 28.00 0.00 0.2668565
4 23.00 0.00 22.00 0.00 28.00 0.00 29.00 0.00 0.1606285
4 23.00 0.00 22.00 0.00 29.00 0.00 30.00 0.00 0.0985656
4 23.00 0.00 22.00 0.00 30.00 0.00 31.00 0.00 0.05760345
4 23.00 0.00 21.00 0.00 25.00 0.00 27.00 0.00 2.81833
4 23.00 0.00 21.00 0.00 27.00 0.00 29.00 0.00 0.661573
4 23.00 0.00 21.00 0.00 29.00 0.00 31.00 0.00 0.273786
4 23.00 0.00 21.00 0.00 31.00 0.00 33.00 0.00 0.157104
4 23.00 0.00 21.00 0.00 33.00 0.00 35.00 0.00 0.06669875
4 23.00 0.00 21.00 0.00 35.00 0.00 37.00 0.00 0.04769695
4 23.00 0.00 21.00 0.00 37.00 0.00 39.00 0.00 0.03806135
4 23.00 0.00 20.00 0.00 26.00 0.00 29.00 0.00 1.90636
4 23.00 0.00 20.00 0.00 29.00 0.00 32.00 0.00 0.495569
4 23.00 0.00 20.00 0.00 32.00 0.00 35.00 0.00 0.1946705
4 23.00 0.00 20.00 0.00 35.00 0.00 38.00 0.00 0.1004264
4 23.00 0.00 20.00 0.00 38.00 0.00 41.00 0.00 0.0750226
4 23.00 0.00 20.00 0.00 41.00 0.00 44.00 0.00 0.0507404
4 23.00 0.00 20.00 0.00 44.00 0.00 47.00 0.00 0.02759145
4 23.00 0.00 19.00 0.00 27.00 0.00 31.00 0.00 1.438815
4 23.00 0.00 19.00 0.00 31.00 0.00 35.00 0.00 0.3846745
4 23.00 0.00 19.00 0.00 35.00 0.00 39.00 0.00 0.159623
4 23.00 0.00 19.00 0.00 39.00 0.00 43.00 0.00 0.104994
4 23.00 0.00 19.00 0.00 43.00 0.00 47.00 0.00 0.06182625
4 23.00 0.00 18.00 0.00 28.00 0.00 33.00 0.00 1.228395
4 23.00 0.00 18.00 0.00 33.00 0.00 38.00 0.00 0.276637
4 23.00 0.00 18.00 0.00 38.00 0.00 43.00 0.00 0.1622315
4 23.00 0.00 18.00 0.00 43.00 0.00 48.00 0.00 0.07506755
4 23.00 0.00 17.00 0.00 29.00 0.00 35.00 0.00 1.027055
4 23.00 0.00 17.00 0.00 35.00 0.00 41.00 0.00 0.298986
4 23.00 0.00 17.00 0.00 41.00 0.00 47.00 0.00 0.136736
4 23.00 0.00 17.00 0.00 47.00 0.00 53.00 0.00 0.03596635
4 23.00 0.00 16.00 0.00 30.00 0.00 37.00 0.00 0.897385
4 23.00 0.00 16.00 0.00 37.00 0.00 44.00 0.00 0.3013765
4 23.00 0.00 16.00 0.00 44.00 0.00 51.00 0.00 0.07649695
4 23.00 0.00 16.00 0.00 51.00 0.00 58.00 0.00 0.0164337
4 24.00 0.00 23.00 0.00 25.00 0.00 26.00 0.00 6.07359
4 24.00 0.00 23.00 0.00 26.00 0.00 27.00 0.00 1.353805
4 24.00 0.00 23.00 0.00 27.00 0.00 28.00 0.00 0.5785445
4 24.00 0.00 23.00 0.00 28.00 0.00 29.00 0.00 0.2962225
4 24.00 0.00 23.00 0.00 29.00 0.00 30.00 0.00 0.1587405
4 24.00 0.00 23.00 0.00 30.00 0.00 31.00 0.00 0.09238055
4 24.00 0.00 23.00 0.00 31.00 0.00 32.00 0.00 0.0755876
4 24.00 0.00 22.00 0.00 26.00 0.00 28.00 0.00 2.740135
4 24.00 0.00 22.00 0.00 28.00 0.00 30.00 0.00 0.70978
4 24.00 0.00 22.00 0.00 30.00 0.00 32.00 0.00 0.2744495
4 24.00 0.00 22.00 0.00 32.00 0.00 34.00 0.00 0.138838
4 24.00 0.00 22.00 0.00 34.00 0.00 36.00 0.00 0.07242205
4 24.00 0.00 22.00 0.00 36.00 0.00 38.00 0.00 0.0548282
4 24.00 0.00 22.00 0.00 38.00 0.00 40.00 0.00 0.04152065
4 24.00 0.00 21.00 0.00 27.00 0.00 30.00 0.00 1.86319
4 24.00 0.00 21.00 0.00 30.00 0.00 33.00 0.00 0.4784675
4 24.00 0.00 21.00 0.00 33.00 0.00 36.00 0.00 0.162518
4 24.00 0.00 21.00 0.00 36.00 0.00 39.00 0.00 0.1089215
4 24.00 0.00 21.00 0.00 39.00 0.00 42.00 0.00 0.0745957
4 24.00 0.00 21.00 0.00 42.00 0.00 45.00 0.00 0.0425977
4 24.00 0.00 21.00 0.00 45.00 0.00 48.00 0.00 0.0249265
4 24.00 0.00 20.00 0.00 28.00 0.00 32.00 0.00 1.43964
4 24.00 0.00 20.00 0.00 32.00 0.00 36.00 0.00 0.3567635
4 24.00 0.00 20.00 0.00 36.00 0.00 40.00 0.00 0.1789125
4 24.00 0.00 20.00 0.00 40.00 0.00 44.00 0.00 0.100579
4 24.00 0.00 20.00 0.00 44.00 0.00 48.00 0.00 0.0444197
4 24.00 0.00 20.00 0.00 48.00 0.00 52.00 0.00 0.02000445
4 24.00 0.00 19.00 0.00 29.00 0.00 34.00 0.00 1.17957
4 24.00 0.00 19.00 0.00 34.00 0.00 39.00 0.00 0.301919
4 24.00 0.00 19.00 0.00 39.00 0.00 44.00 0.00 0.163646
4 24.00 0.00 19.00 0.00 44.00 0.00 49.00 0.00 0.0674792
4 24.00 0.00 19.00 0.00 49.00 0.00 54.00 0.00 0.01743605
4 24.00 0.00 19.00 0.00 54.00 0.00 59.00 0.00 0.00746466
4 24.00 0.00 18.00 0.00 30.00 0.00 36.00 0.00 0.9736385
4 24.00 0.00 18.00 0.00 36.00 0.00 42.00 0.00 0.3210335
4 24.00 0.00 18.00 0.00 42.00 0.00 48.00 0.00 0.1224105
4 24.00 0.00 18.00 0.00 48.00 0.00 54.00 0.00 0.0258555
4 24.00 0.00 17.00 0.00 31.00 0.00 38.00 0.00 0.8875545
4 24.00 0.00 17.00 0.00 38.00 0.00 45.00 0.00 0.2907705
4 24.00 0.00 17.00 0.00 45.00 0.00 52.00 0.00 0.07175645
4 24.00 0.00 17.00 0.00 52.00 0.00 59.00 0.00 0.0181265
4 25.00 0.00 24.00 0.00 26.00 0.00 27.00 0.00 6.7513
4 25.00 0.00 24.00 0.00 27.00 0.00 28.00 0.00 1.60613
4 25.00 0.00 24.00 0.00 28.00 0.00 29.00 0.00 0.4043965
4 25.00 0.00 24.00 0.00 29.00 0.00 30.00 0.00 0.3413355
4 25.00 0.00 24.00 0.00 30.00 0.00 31.00 0.00 0.2442465
4 25.00 0.00 24.00 0.00 31.00 0.00 32.00 0.00 0.124596
4 25.00 0.00 23.00 0.00 27.00 0.00 29.00 0.00 2.86177
4 25.00 0.00 23.00 0.00 29.00 0.00 31.00 0.00 0.8468755
4 25.00 0.00 23.00 0.00 31.00 0.00 33.00 0.00 0.2604385
4 25.00 0.00 23.00 0.00 33.00 0.00 35.00 0.00 0.3277995
4 25.00 0.00 23.00 0.00 35.00 0.00 37.00 0.00 0.0703482
4 25.00 0.00 23.00 0.00 37.00 0.00 39.00 0.00 0.0685433
4 25.00 0.00 23.00 0.00 39.00 0.00 41.00 0.00 0.05249875
4 25.00 0.00 22.00 0.00 28.00 0.00 31.00 0.00 1.87881
4 25.00 0.00 22.00 0.00 31.00 0.00 34.00 0.00 0.573222
4 25.00 0.00 22.00 0.00 34.00 0.00 37.00 0.00 0.252378
4 25.00 0.00 22.00 0.00 37.00 0.00 40.00 0.00 0.1226015
4 25.00 0.00 22.00 0.00 40.00 0.00 43.00 0.00 0.07299005
4 25.00 0.00 22.00 0.00 43.00 0.00 46.00 0.00 0.03671035
4 25.00 0.00 22.00 0.00 46.00 0.00 49.00 0.00 0.0363
4 25.00 0.00 21.00 0.00 29.00 0.00 33.00 0.00 1.53109
4 25.00 0.00 21.00 0.00 33.00 0.00 37.00 0.00 0.5147965
4 25.00 0.00 21.00 0.00 37.00 0.00 41.00 0.00 0.1865745
4 25.00 0.00 21.00 0.00 41.00 0.00 45.00 0.00 0.1030825
4 25.00 0.00 21.00 0.00 45.00 0.00 49.00 0.00 0.04084615
4 25.00 0.00 21.00 0.00 53.00 0.00 57.00 0.00 0.00976518
4 25.00 0.00 20.00 0.00 30.00 0.00 35.00 0.00 1.367675
4 25.00 0.00 20.00 0.00 35.00 0.00 40.00 0.00 0.335512
4 25.00 0.00 20.00 0.00 40.00 0.00 45.00 0.00 0.167469
4 25.00 0.00 20.00 0.00 45.00 0.00 50.00 0.00 0.06273395
4 25.00 0.00 20.00 0.00 55.00 0.00 60.00 0.00 0.01106788
4 25.00 0.00 19.00 0.00 31.00 0.00 37.00 0.00 1.107865
4 25.00 0.00 19.00 0.00 37.00 0.00 43.00 0.00 0.3286265
4 25.00 0.00 19.00 0.00 43.00 0.00 49.00 0.00 0.119151
4 25.00 0.00 19.00 0.00 49.00 0.00 55.00 0.00 0.02052185
4 25.00 0.00 18.00 0.00 32.00 0.00 39.00 0.00 0.973295
4 25.00 0.00 18.00 0.00 39.00 0.00 46.00 0.00 0.2897765
4 25.00 0.00 18.00 0.00 53.00 0.00 60.00 0.00 0.01752145
4 26.00 0.00 25.00 0.00 27.00 0.00 28.00 0.00 7.46516
4 26.00 0.00 25.00 0.00 28.00 0.00 29.00 0.00 1.915405
4 26.00 0.00 25.00 0.00 29.00 0.00 30.00 0.00 0.784372
4 26.00 0.00 25.00 0.00 30.00 0.00 31.00 0.00 0.3164855
4 26.00 0.00 25.00 0.00 31.00 0.00 32.00 0.00 0.240745
4 26.00 0.00 25.00 0.00 32.00 0.00 33.00 0.00 0.186166
4 26.00 0.00 24.00 0.00 28.00 0.00 30.00 0.00 3.461275
4 26.00 0.00 24.00 0.00 30.00 0.00 32.00 0.00 0.928315
4 26.00 0.00 24.00 0.00 32.00 0.00 34.00 0.00 0.373631
4 26.00 0.00 24.00 0.00 34.00 0.00 36.00 0.00 0.1782665
4 26.00 0.00 24.00 0.00 36.00 0.00 38.00 0.00 0.104942
4 26.00 0.00 24.00 0.00 38.00 0.00 40.00 0.00 0.082549
4 26.00 0.00 24.00 0.00 40.00 0.00 42.00 0.00 0.05602515
4 26.00 0.00 23.00 0.00 29.00 0.00 32.00 0.00 2.39059
4 26.00 0.00 23.00 0.00 32.00 0.00 35.00 0.00 0.5916045
4 26.00 0.00 23.00 0.00 35.00 0.00 38.00 0.00 0.221521
4 26.00 0.00 23.00 0.00 38.00 0.00 41.00 0.00 0.144714
4 26.00 0.00 23.00 0.00 41.00 0.00 44.00 0.00 0.0873833
4 26.00 0.00 23.00 0.00 44.00 0.00 47.00 0.00 0.0502263
4 26.00 0.00 23.00 0.00 47.00 0.00 50.00 0.00 0.02656595
4 26.00 0.00 22.00 0.00 30.00 0.00 34.00 0.00 1.715725
4 26.00 0.00 22.00 0.00 34.00 0.00 38.00 0.00 0.406897
4 26.00 0.00 22.00 0.00 38.00 0.00 42.00 0.00 0.21366
4 26.00 0.00 22.00 0.00 42.00 0.00 46.00 0.00 0.109536
4 26.00 0.00 22.00 0.00 50.00 0.00 54.00 0.00 0.01005791
4 26.00 0.00 21.00 0.00 31.00 0.00 36.00 0.00 1.3586
4 26.00 0.00 21.00 0.00 36.00 0.00 41.00 0.00 0.3770545
4 26.00 0.00 21.00 0.00 41.00 0.00 46.00 0.00 0.1740465
4 26.00 0.00 21.00 0.00 46.00 0.00 51.00 0.00 0.0518817
4 26.00 0.00 21.00 0.00 51.00 0.00 56.00 0.00 0.02347175
4 26.00 0.00 20.00 0.00 32.00 0.00 38.00 0.00 1.099065
4 26.00 0.00 20.00 0.00 38.00 0.00 44.00 0.00 0.3575885
4 26.00 0.00 20.00 0.00 44.00 0.00 50.00 0.00 0.11202
4 26.00 0.00 20.00 0.00 50.00 0.00 56.00 0.00 0.0213412
4 26.00 0.00 20.00 0.00 62.00 0.00 68.00 0.00 0.00828397
4 26.00 0.00 20.00 0.00 68.00 0.00 74.00 0.00 0.00479748
4 26.00 0.00 19.00 0.00 33.00 0.00 40.00 0.00 0.9895395
4 26.00 0.00 19.00 0.00 40.00 0.00 47.00 0.00 0.3017295
4 26.00 0.00 19.00 0.00 47.00 0.00 54.00 0.00 0.0561481
4 26.00 0.00 19.00 0.00 54.00 0.00 61.00 0.00 0.01817925
4 27.00 0.00 26.00 0.00 28.00 0.00 29.00 0.00 6.36241
4 27.00 0.00 26.00 0.00 29.00 0.00 30.00 0.00 1.60049
4 27.00 0.00 26.00 0.00 30.00 0.00 31.00 0.00 0.6563595
4 27.00 0.00 26.00 0.00 31.00 0.00 32.00 0.00 0.3393725
4 27.00 0.00 26.00 0.00 32.00 0.00 33.00 0.00 0.280139
4 27.00 0.00 26.00 0.00 33.00 0.00 34.00 0.00 0.06533115
4 27.00 0.00 26.00 0.00 34.00 0.00 35.00 0.00 0.03953215
4 27.00 0.00 25.00 0.00 29.00 0.00 31.00 0.00 3.35235
4 27.00 0.00 25.00 0.00 31.00 0.00 33.00 0.00 1.06046
4 27.00 0.00 25.00 0.00 33.00 0.00 35.00 0.00 0.122874
4 27.00 0.00 25.00 0.00 35.00 0.00 37.00 0.00 0.1661525
4 27.00 0.00 25.00 0.00 37.00 0.00 39.00 0.00 0.121999
4 27.00 0.00 25.00 0.00 39.00 0.00 41.00 0.00 0.0840322
4 27.00 0.00 25.00 0.00 41.00 0.00 43.00 0.00 0.05740165
4 27.00 0.00 24.00 0.00 30.00 0.00 33.00 0.00 2.414605
4 27.00 0.00 24.00 0.00 33.00 0.00 36.00 0.00 0.498155
4 27.00 0.00 24.00 0.00 36.00 0.00 39.00 0.00 0.255461
4 27.00 0.00 24.00 0.00 39.00 0.00 42.00 0.00 0.1596525
4 27.00 0.00 24.00 0.00 42.00 0.00 45.00 0.00 0.08292485
4 27.00 0.00 24.00 0.00 45.00 0.00 48.00 0.00 0.04902975
4 27.00 0.00 23.00 0.00 31.00 0.00 35.00 0.00 1.77958
4 27.00 0.00 23.00 0.00 35.00 0.00 39.00 0.00 0.429736
4 27.00 0.00 23.00 0.00 39.00 0.00 43.00 0.00 0.2324465
4 27.00 0.00 23.00 0.00 43.00 0.00 47.00 0.00 0.103757
4 27.00 0.00 23.00 0.00 51.00 0.00 55.00 0.00 0.0149581
4 27.00 0.00 22.00 0.00 32.00 0.00 37.00 0.00 1.34111
4 27.00 0.00 22.00 0.00 37.00 0.00 42.00 0.00 0.4139355
4 27.00 0.00 22.00 0.00 42.00 0.00 47.00 0.00 0.1617065
4 27.00 0.00 22.00 0.00 47.00 0.00 52.00 0.00 0.04755525
4 27.00 0.00 22.00 0.00 52.00 0.00 57.00 0.00 0.0183663
4 27.00 0.00 21.00 0.00 33.00 0.00 39.00 0.00 1.027335
4 27.00 0.00 21.00 0.00 39.00 0.00 45.00 0.00 0.364539
4 27.00 0.00 21.00 0.00 45.00 0.00 51.00 0.00 0.1035985
4 27.00 0.00 21.00 0.00 51.00 0.00 57.00 0.00 0.02234655
4 27.00 0.00 21.00 0.00 69.00 0.00 75.00 0.00 0.00423403
4 27.00 0.00 20.00 0.00 34.00 0.00 41.00 0.00 0.957863
4 27.00 0.00 20.00 0.00 41.00 0.00 48.00 0.00 0.30179
4 27.00 0.00 20.00 0.00 48.00 0.00 55.00 0.00 0.05258725
4 27.00 0.00 20.00 0.00 55.00 0.00 62.00 0.00 0.01982
4 28.00 0.00 27.00 0.00 29.00 0.00 30.00 0.00 6.973545
4 28.00 0.00 27.00 0.00 30.00 0.00 31.00 0.00 1.17649
4 28.00 0.00 27.00 0.00 31.00 0.00 32.00 0.00 0.558461
4 28.00 0.00 27.00 0.00 32.00 0.00 33.00 0.00 0.2681355
4 28.00 0.00 27.00 0.00 33.00 0.00 34.00 0.00 0.1290345
4 28.00 0.00 27.00 0.00 34.00 0.00 35.00 0.00 0.07800135
4 28.00 0.00 27.00 0.00 35.00 0.00 36.00 0.00 0.05595015
4 28.00 0.00 26.00 0.00 30.00 0.00 32.00 0.00 2.742395
4 28.00 0.00 26.00 0.00 32.00 0.00 34.00 0.00 0.7619255
4 28.00 0.00 26.00 0.00 34.00 0.00 36.00 0.00 0.224462
4 28.00 0.00 26.00 0.00 36.00 0.00 38.00 0.00 0.1678985
4 28.00 0.00 26.00 0.00 38.00 0.00 40.00 0.00 0.105642
4 28.00 0.00 26.00 0.00 40.00 0.00 42.00 0.00 0.08250075
4 28.00 0.00 26.00 0.00 42.00 0.00 44.00 0.00 0.04486425
4 28.00 0.00 25.00 0.00 31.00 0.00 34.00 0.00 2.11773
4 28.00 0.00 25.00 0.00 34.00 0.00 37.00 0.00 0.402172
4 28.00 0.00 25.00 0.00 37.00 0.00 40.00 0.00 0.248029
4 28.00 0.00 25.00 0.00 40.00 0.00 43.00 0.00 0.152705
4 28.00 0.00 25.00 0.00 43.00 0.00 46.00 0.00 0.105855
4 28.00 0.00 24.00 0.00 32.00 0.00 36.00 0.00 1.535215
4 28.00 0.00 24.00 0.00 36.00 0.00 40.00 0.00 0.462615
4 28.00 0.00 24.00 0.00 40.00 0.00 44.00 0.00 0.2215065
4 28.00 0.00 24.00 0.00 44.00 0.00 48.00 0.00 0.09932295
4 28.00 0.00 24.00 0.00 48.00 0.00 52.00 0.00 0.0313351
4 28.00 0.00 24.00 0.00 52.00 0.00 56.00 0.00 0.0122699
4 28.00 0.00 23.00 0.00 33.00 0.00 38.00 0.00 1.14453
4 28.00 0.00 23.00 0.00 38.00 0.00 43.00 0.00 0.422679
4 28.00 0.00 23.00 0.00 43.00 0.00 48.00 0.00 0.160681
4 28.00 0.00 23.00 0.00 48.00 0.00 53.00 0.00 0.04019245
4 28.00 0.00 23.00 0.00 53.00 0.00 58.00 0.00 0.0106372
4 28.00 0.00 23.00 0.00 58.00 0.00 63.00 0.00 0.01085207
4 28.00 0.00 23.00 0.00 63.00 0.00 68.00 0.00 0.00909575
4 28.00 0.00 22.00 0.00 34.00 0.00 40.00 0.00 1.03527
4 28.00 0.00 22.00 0.00 40.00 0.00 46.00 0.00 0.3609785
4 28.00 0.00 22.00 0.00 46.00 0.00 52.00 0.00 0.07115055
4 28.00 0.00 22.00 0.00 52.00 0.00 58.00 0.00 0.0220153
4 28.00 0.00 21.00 0.00 35.00 0.00 42.00 0.00 1.0011585
4 28.00 0.00 21.00 0.00 42.00 0.00 49.00 0.00 0.2757765
4 28.00 0.00 21.00 0.00 49.00 0.00 56.00 0.00 0.04216685
4 28.00 0.00 21.00 0.00 56.00 0.00 63.00 0.00 0.01800615
4 29.00 0.00 28.00 0.00 30.00 0.00 31.00 0.00 5.79845
4 29.00 0.00 28.00 0.00 31.00 0.00 32.00 0.00 1.271265
4 29.00 0.00 28.00 0.00 32.00 0.00 33.00 0.00 0.865285
4 29.00 0.00 28.00 0.00 33.00 0.00 34.00 0.00 0.2579555
4 29.00 0.00 28.00 0.00 34.00 0.00 35.00 0.00 0.116627
4 29.00 0.00 28.00 0.00 35.00 0.00 36.00 0.00 0.0870414
4 29.00 0.00 28.00 0.00 36.00 0.00 37.00 0.00 0.0824149
4 29.00 0.00 27.00 0.00 31.00 0.00 33.00 0.00 2.965435
4 29.00 0.00 27.00 0.00 33.00 0.00 35.00 0.00 0.5903795
4 29.00 0.00 27.00 0.00 35.00 0.00 37.00 0.00 0.267454
4 29.00 0.00 27.00 0.00 37.00 0.00 39.00 0.00 0.1504595
4 29.00 0.00 27.00 0.00 39.00 0.00 41.00 0.00 0.0935159
4 29.00 0.00 27.00 0.00 41.00 0.00 43.00 0.00 0.07338445
4 29.00 0.00 27.00 0.00 43.00 0.00 45.00 0.00 0.04524755
4 29.00 0.00 26.00 0.00 32.00 0.00 35.00 0.00 2.106155
4 29.00 0.00 26.00 0.00 35.00 0.00 38.00 0.00 0.4733765
4 29.00 0.00 26.00 0.00 38.00 0.00 41.00 0.00 0.246541
4 29.00 0.00 26.00 0.00 41.00 0.00 44.00 0.00 0.1334755
4 29.00 0.00 26.00 0.00 44.00 0.00 47.00 0.00 0.0635154
4 29.00 0.00 26.00 0.00 47.00 0.00 50.00 0.00 0.03816925
4 29.00 0.00 25.00 0.00 33.00 0.00 37.00 0.00 1.138185
4 29.00 0.00 25.00 0.00 37.00 0.00 41.00 0.00 0.450374
4 29.00 0.00 25.00 0.00 41.00 0.00 45.00 0.00 0.211944
4 29.00 0.00 25.00 0.00 45.00 0.00 49.00 0.00 0.09207275
4 29.00 0.00 25.00 0.00 49.00 0.00 53.00 0.00 0.02596445
4 29.00 0.00 25.00 0.00 57.00 0.00 61.00 0.00 0.0085119
4 29.00 0.00 24.00 0.00 34.00 0.00 39.00 0.00 1.132385
4 29.00 0.00 24.00 0.00 39.00 0.00 44.00 0.00 0.412234
4 29.00 0.00 24.00 0.00 44.00 0.00 49.00 0.00 0.1571325
4 29.00 0.00 24.00 0.00 49.00 0.00 54.00 0.00 0.02840285
4 29.00 0.00 24.00 0.00 59.00 0.00 64.00 0.00 0.0171817
4 29.00 0.00 24.00 0.00 64.00 0.00 69.00 0.00 0.00974058
4 29.00 0.00 23.00 0.00 35.00 0.00 41.00 0.00 1.077205
4 29.00 0.00 23.00 0.00 41.00 0.00 47.00 0.00 0.3388165
4 29.00 0.00 23.00 0.00 47.00 0.00 53.00 0.00 0.0820206
4 29.00 0.00 23.00 0.00 53.00 0.00 59.00 0.00 0.02197465
4 29.00 0.00 23.00 0.00 65.00 0.00 71.00 0.00 0.0134832
4 29.00 0.00 22.00 0.00 36.00 0.00 43.00 0.00 1.041565
4 29.00 0.00 22.00 0.00 43.00 0.00 50.00 0.00 0.252713
4 29.00 0.00 22.00 0.00 50.00 0.00 57.00 0.00 0.03901665
4 29.00 0.00 22.00 0.00 57.00 0.00 64.00 0.00 0.0197683
4 29.00 0.00 22.00 0.00 64.00 0.00 71.00 0.00 0.00913794
4 29.00 0.00 22.00 0.00 71.00 0.00 78.00 0.00 0.00642677
4 29.00 0.00 22.00 0.00 78.00 0.00 84.00 0.00 0.00423162
4 30.00 0.00 29.00 0.00 31.00 0.00 32.00 0.00 6.735505
4 30.00 0.00 29.00 0.00 32.00 0.00 33.00 0.00 1.511825
4 30.00 0.00 29.00 0.00 33.00 0.00 34.00 0.00 0.4842475
4 30.00 0.00 29.00 0.00 34.00 0.00 35.00 0.00 0.212976
4 30.00 0.00 29.00 0.00 35.00 0.00 36.00 0.00 0.12024
4 30.00 0.00 29.00 0.00 36.00 0.00 37.00 0.00 0.1018975
4 30.00 0.00 29.00 0.00 37.00 0.00 38.00 0.00 0.0701802
4 30.00 0.00 28.00 0.00 32.00 0.00 34.00 0.00 3.109
4 30.00 0.00 28.00 0.00 34.00 0.00 36.00 0.00 0.5394425
4 30.00 0.00 28.00 0.00 36.00 0.00 38.00 0.00 0.3022495
4 30.00 0.00 28.00 0.00 38.00 0.00 40.00 0.00 0.171134
4 30.00 0.00 28.00 0.00 40.00 0.00 42.00 0.00 0.10105305
4 30.00 0.00 28.00 0.00 42.00 0.00 44.00 0.00 0.0628703
4 30.00 0.00 28.00 0.00 44.00 0.00 46.00 0.00 0.03947505
4 30.00 0.00 27.00 0.00 33.00 0.00 36.00 0.00 1.541705
4 30.00 0.00 27.00 0.00 36.00 0.00 39.00 0.00 0.502738
4 30.00 0.00 27.00 0.00 39.00 0.00 42.00 0.00 0.255879
4 30.00 0.00 27.00 0.00 42.00 0.00 45.00 0.00 0.124637
4 30.00 0.00 27.00 0.00 45.00 0.00 48.00 0.00 0.0585025
4 30.00 0.00 27.00 0.00 48.00 0.00 51.00 0.00 0.0320439
4 30.00 0.00 26.00 0.00 34.00 0.00 38.00 0.00 1.21996
4 30.00 0.00 26.00 0.00 38.00 0.00 42.00 0.00 0.4685275
4 30.00 0.00 26.00 0.00 42.00 0.00 46.00 0.00 0.1802885
4 30.00 0.00 26.00 0.00 46.00 0.00 50.00 0.00 0.0888141
4 30.00 0.00 26.00 0.00 54.00 0.00 58.00 0.00 0.02015365
4 30.00 0.00 25.00 0.00 35.00 0.00 40.00 0.00 1.201695
4 30.00 0.00 25.00 0.00 40.00 0.00 45.00 0.00 0.412333
4 30.00 0.00 25.00 0.00 45.00 0.00 50.00 0.00 0.1350005
4 30.00 0.00 25.00 0.00 50.00 0.00 55.00 0.00 0.0291217
4 30.00 0.00 25.00 0.00 55.00 0.00 60.00 0.00 0.0167279
4 30.00 0.00 25.00 0.00 60.00 0.00 65.00 0.00 0.010941
4 30.00 0.00 25.00 0.00 65.00 0.00 70.00 0.00 0.0073527
4 30.00 0.00 24.00 0.00 36.00 0.00 42.00 0.00 1.177475
4 30.00 0.00 24.00 0.00 42.00 0.00 48.00 0.00 0.3253115
4 30.00 0.00 24.00 0.00 48.00 0.00 54.00 0.00 0.0660468
4 30.00 0.00 24.00 0.00 54.00 0.00 60.00 0.00 0.0236224
4 30.00 0.00 24.00 0.00 66.00 0.00 72.00 0.00 0.01183345
4 30.00 0.00 23.00 0.00 37.00 0.00 44.00 0.00 1.05058
4 30.00 0.00 23.00 0.00 44.00 0.00 51.00 0.00 0.239692
4 30.00 0.00 23.00 0.00 51.00 0.00 58.00 0.00 0.04347755
4 30.00 0.00 23.00 0.00 58.00 0.00 65.00 0.00 0.02184125
4 31.00 0.00 30.00 0.00 32.00 0.00 33.00 0.00 7.15098
4 31.00 0.00 30.00 0.00 33.00 0.00 34.00 0.00 1.14795
4 31.00 0.00 30.00 0.00 35.00 0.00 36.00 0.00 0.2579745
4 31.00 0.00 30.00 0.00 36.00 0.00 37.00 0.00 0.286029
4 31.00 0.00 30.00 0.00 37.00 0.00 38.00 0.00 0.0919138
4 31.00 0.00 30.00 0.00 38.00 0.00 39.00 0.00 0.07224255
4 31.00 0.00 29.00 0.00 33.00 0.00 35.00 0.00 2.031945
4 31.00 0.00 29.00 0.00 35.00 0.00 37.00 0.00 0.7773535
4 31.00 0.00 29.00 0.00 37.00 0.00 39.00 0.00 0.290066
4 31.00 0.00 29.00 0.00 39.00 0.00 41.00 0.00 0.170327
4 31.00 0.00 29.00 0.00 41.00 0.00 43.00 0.00 0.10083755
4 31.00 0.00 29.00 0.00 43.00 0.00 45.00 0.00 0.06551495
4 31.00 0.00 29.00 0.00 45.00 0.00 47.00 0.00 0.04199915
4 31.00 0.00 28.00 0.00 34.00 0.00 37.00 0.00 1.44268
4 31.00 0.00 28.00 0.00 37.00 0.00 40.00 0.00 0.515316
4 31.00 0.00 28.00 0.00 40.00 0.00 43.00 0.00 0.247722
4 31.00 0.00 28.00 0.00 43.00 0.00 46.00 0.00 0.10007865
4 31.00 0.00 28.00 0.00 46.00 0.00 49.00 0.00 0.06245535
4 31.00 0.00 27.00 0.00 35.00 0.00 39.00 0.00 1.46892
4 31.00 0.00 27.00 0.00 39.00 0.00 43.00 0.00 0.446039
4 31.00 0.00 27.00 0.00 43.00 0.00 47.00 0.00 0.175919
4 31.00 0.00 27.00 0.00 47.00 0.00 51.00 0.00 0.06649135
4 31.00 0.00 26.00 0.00 36.00 0.00 41.00 0.00 1.39157
4 31.00 0.00 26.00 0.00 41.00 0.00 46.00 0.00 0.3654215
4 31.00 0.00 26.00 0.00 46.00 0.00 51.00 0.00 0.134534
4 31.00 0.00 26.00 0.00 51.00 0.00 56.00 0.00 0.02259745
4 31.00 0.00 26.00 0.00 66.00 0.00 71.00 0.00 0.01420985
4 31.00 0.00 25.00 0.00 37.00 0.00 43.00 0.00 1.137995
4 31.00 0.00 25.00 0.00 43.00 0.00 49.00 0.00 0.3029865
4 31.00 0.00 25.00 0.00 49.00 0.00 55.00 0.00 0.05048285
4 31.00 0.00 25.00 0.00 55.00 0.00 61.00 0.00 0.0233572
4 31.00 0.00 25.00 0.00 67.00 0.00 73.00 0.00 0.01099202
4 31.00 0.00 24.00 0.00 38.00 0.00 45.00 0.00 1.05654
4 31.00 0.00 24.00 0.00 45.00 0.00 52.00 0.00 0.2061085
4 31.00 0.00 24.00 0.00 52.00 0.00 59.00 0.00 0.0424442
4 31.00 0.00 24.00 0.00 59.00 0.00 66.00 0.00 0.02628415
4 32.00 0.00 31.00 0.00 33.00 0.00 34.00 0.00 5.902475
4 32.00 0.00 31.00 0.00 34.00 0.00 35.00 0.00 1.0158635
4 32.00 0.00 31.00 0.00 35.00 0.00 36.00 0.00 0.4062725
4 32.00 0.00 31.00 0.00 36.00 0.00 37.00 0.00 0.272694
4 32.00 0.00 31.00 0.00 37.00 0.00 38.00 0.00 0.1599005
4 32.00 0.00 31.00 0.00 38.00 0.00 39.00 0.00 0.106059
4 32.00 0.00 31.00 0.00 39.00 0.00 40.00 0.00 0.0797388
4 32.00 0.00 30.00 0.00 34.00 0.00 36.00 0.00 1.885785
4 32.00 0.00 30.00 0.00 36.00 0.00 38.00 0.00 0.8017095
4 32.00 0.00 30.00 0.00 38.00 0.00 40.00 0.00 0.3145865
4 32.00 0.00 30.00 0.00 40.00 0.00 42.00 0.00 0.177801
4 32.00 0.00 30.00 0.00 42.00 0.00 44.00 0.00 0.09126405
4 32.00 0.00 30.00 0.00 44.00 0.00 46.00 0.00 0.0586292
4 32.00 0.00 30.00 0.00 46.00 0.00 48.00 0.00 0.04850035
4 32.00 0.00 29.00 0.00 35.00 0.00 38.00 0.00 1.756065
4 32.00 0.00 29.00 0.00 38.00 0.00 41.00 0.00 0.5418485
4 32.00 0.00 29.00 0.00 41.00 0.00 44.00 0.00 0.246934
4 32.00 0.00 29.00 0.00 44.00 0.00 47.00 0.00 0.116124
4 32.00 0.00 29.00 0.00 47.00 0.00 50.00 0.00 0.0514955
4 32.00 0.00 29.00 0.00 50.00 0.00 53.00 0.00 0.0183727
4 32.00 0.00 29.00 0.00 53.00 0.00 56.00 0.00 0.01226035
4 32.00 0.00 28.00 0.00 36.00 0.00 40.00 0.00 1.58488
4 32.00 0.00 28.00 0.00 40.00 0.00 44.00 0.00 0.4369045
4 32.00 0.00 28.00 0.00 44.00 0.00 48.00 0.00 0.1803395
4 32.00 0.00 28.00 0.00 48.00 0.00 52.00 0.00 0.0546188
4 32.00 0.00 28.00 0.00 56.00 0.00 60.00 0.00 0.0193285
4 32.00 0.00 27.00 0.00 37.00 0.00 42.00 0.00 1.255665
4 32.00 0.00 27.00 0.00 42.00 0.00 47.00 0.00 0.34273
4 32.00 0.00 27.00 0.00 47.00 0.00 52.00 0.00 0.101354
4 32.00 0.00 27.00 0.00 52.00 0.00 57.00 0.00 0.0281311
4 32.00 0.00 26.00 0.00 38.00 0.00 44.00 0.00 1.142565
4 32.00 0.00 26.00 0.00 44.00 0.00 50.00 0.00 0.2796235
4 32.00 0.00 26.00 0.00 50.00 0.00 56.00 0.00 0.0469996
4 32.00 0.00 26.00 0.00 56.00 0.00 62.00 0.00 0.0289066
4 32.00 0.00 25.00 0.00 39.00 0.00 46.00 0.00 1.051885
4 32.00 0.00 25.00 0.00 46.00 0.00 53.00 0.00 0.1849265
4 32.00 0.00 25.00 0.00 53.00 0.00 60.00 0.00 0.03884985
4 32.00 0.00 25.00 0.00 60.00 0.00 67.00 0.00 0.02287805
4 32.00 0.00 25.00 0.00 67.00 0.00 74.00 0.00 0.00983566
4 32.00 0.00 25.00 0.00 74.00 0.00 81.00 0.00 0.00767086
4 32.00 0.00 25.00 0.00 81.00 0.00 87.00 0.00 0.00431989
4 33.00 0.00 32.00 0.00 34.00 0.00 35.00 0.00 5.575765
4 33.00 0.00 32.00 0.00 35.00 0.00 36.00 0.00 0.8950095
4 33.00 0.00 32.00 0.00 36.00 0.00 37.00 0.00 0.3334625
4 33.00 0.00 32.00 0.00 37.00 0.00 38.00 0.00 0.25219
4 33.00 0.00 32.00 0.00 38.00 0.00 39.00 0.00 0.200145
4 33.00 0.00 32.00 0.00 39.00 0.00 40.00 0.00 0.124205
4 33.00 0.00 32.00 0.00 40.00 0.00 41.00 0.00 0.0749723
4 33.00 0.00 31.00 0.00 35.00 0.00 37.00 0.00 1.853505
4 33.00 0.00 31.00 0.00 37.00 0.00 39.00 0.00 0.7069935
4 33.00 0.00 31.00 0.00 39.00 0.00 41.00 0.00 0.332998
4 33.00 0.00 31.00 0.00 41.00 0.00 43.00 0.00 0.195234
4 33.00 0.00 31.00 0.00 43.00 0.00 45.00 0.00 0.1071595
4 33.00 0.00 31.00 0.00 45.00 0.00 47.00 0.00 0.0549686
4 33.00 0.00 31.00 0.00 47.00 0.00 49.00 0.00 0.0372675
4 33.00 0.00 30.00 0.00 36.00 0.00 39.00 0.00 1.737055
4 33.00 0.00 30.00 0.00 39.00 0.00 42.00 0.00 0.5671765
4 33.00 0.00 30.00 0.00 42.00 0.00 45.00 0.00 0.237198
4 33.00 0.00 30.00 0.00 45.00 0.00 48.00 0.00 0.106433
4 33.00 0.00 30.00 0.00 48.00 0.00 51.00 0.00 0.0401666
4 33.00 0.00 30.00 0.00 51.00 0.00 54.00 0.00 0.0160809
4 33.00 0.00 30.00 0.00 54.00 0.00 57.00 0.00 0.01118325
4 33.00 0.00 29.00 0.00 37.00 0.00 41.00 0.00 1.494735
4 33.00 0.00 29.00 0.00 41.00 0.00 45.00 0.00 0.4660875
4 33.00 0.00 29.00 0.00 45.00 0.00 49.00 0.00 0.163719
4 33.00 0.00 29.00 0.00 49.00 0.00 53.00 0.00 0.03788845
4 33.00 0.00 29.00 0.00 57.00 0.00 61.00 0.00 0.013022
4 33.00 0.00 29.00 0.00 61.00 0.00 65.00 0.00 0.0102695
4 33.00 0.00 28.00 0.00 38.00 0.00 43.00 0.00 1.373925
4 33.00 0.00 28.00 0.00 43.00 0.00 48.00 0.00 0.339558
4 33.00 0.00 28.00 0.00 48.00 0.00 53.00 0.00 0.0808078
4 33.00 0.00 28.00 0.00 53.00 0.00 58.00 0.00 0.0300634
4 33.00 0.00 27.00 0.00 39.00 0.00 45.00 0.00 1.185855
4 33.00 0.00 27.00 0.00 45.00 0.00 51.00 0.00 0.2400845
4 33.00 0.00 27.00 0.00 51.00 0.00 57.00 0.00 0.04879865
4 33.00 0.00 27.00 0.00 57.00 0.00 63.00 0.00 0.02496385
4 33.00 0.00 27.00 0.00 63.00 0.00 69.00 0.00 0.01042969
4 33.00 0.00 27.00 0.00 69.00 0.00 75.00 0.00 0.00948466
4 33.00 0.00 26.00 0.00 40.00 0.00 47.00 0.00 1.03096
4 33.00 0.00 26.00 0.00 47.00 0.00 54.00 0.00 0.161679
4 33.00 0.00 26.00 0.00 54.00 0.00 61.00 0.00 0.0410291
4 33.00 0.00 26.00 0.00 61.00 0.00 68.00 0.00 0.02508795
4 34.00 0.00 33.00 0.00 35.00 0.00 36.00 0.00 3.29228
4 34.00 0.00 33.00 0.00 36.00 0.00 37.00 0.00 0.91915
4 34.00 0.00 33.00 0.00 37.00 0.00 38.00 0.00 0.424341
4 34.00 0.00 33.00 0.00 38.00 0.00 39.00 0.00 0.2092615
4 34.00 0.00 33.00 0.00 39.00 0.00 40.00 0.00 0.141394
4 34.00 0.00 33.00 0.00 40.00 0.00 41.00 0.00 0.09222575
4 34.00 0.00 33.00 0.00 41.00 0.00 42.00 0.00 0.07904485
4 34.00 0.00 32.00 0.00 36.00 0.00 38.00 0.00 1.90091
4 34.00 0.00 32.00 0.00 38.00 0.00 40.00 0.00 0.674008
4 34.00 0.00 32.00 0.00 40.00 0.00 42.00 0.00 0.3082225
4 34.00 0.00 32.00 0.00 42.00 0.00 44.00 0.00 0.1514595
4 34.00 0.00 32.00 0.00 44.00 0.00 46.00 0.00 0.1071995
4 34.00 0.00 31.00 0.00 37.00 0.00 40.00 0.00 1.68542
4 34.00 0.00 31.00 0.00 40.00 0.00 43.00 0.00 0.534175
4 34.00 0.00 31.00 0.00 43.00 0.00 46.00 0.00 0.2140775
4 34.00 0.00 31.00 0.00 46.00 0.00 49.00 0.00 0.0820348
4 34.00 0.00 30.00 0.00 38.00 0.00 42.00 0.00 1.47972
4 34.00 0.00 30.00 0.00 42.00 0.00 46.00 0.00 0.3982105
4 34.00 0.00 30.00 0.00 46.00 0.00 50.00 0.00 0.1252225
4 34.00 0.00 30.00 0.00 50.00 0.00 54.00 0.00 0.03542995
4 34.00 0.00 29.00 0.00 39.00 0.00 44.00 0.00 1.2784
4 34.00 0.00 29.00 0.00 44.00 0.00 49.00 0.00 0.315219
4 34.00 0.00 29.00 0.00 49.00 0.00 54.00 0.00 0.054021
4 34.00 0.00 29.00 0.00 54.00 0.00 59.00 0.00 0.02911375
4 34.00 0.00 28.00 0.00 40.00 0.00 46.00 0.00 1.095835
4 34.00 0.00 28.00 0.00 46.00 0.00 52.00 0.00 0.2012205
4 34.00 0.00 28.00 0.00 52.00 0.00 58.00 0.00 0.04715915
4 34.00 0.00 28.00 0.00 58.00 0.00 64.00 0.00 0.0243217
4 34.00 0.00 28.00 0.00 64.00 0.00 70.00 0.00 0.01476765
4 34.00 0.00 28.00 0.00 70.00 0.00 76.00 0.00 0.00805034
4 34.00 0.00 27.00 0.00 41.00 0.00 48.00 0.00 0.970813
4 34.00 0.00 27.00 0.00 48.00 0.00 55.00 0.00 0.129905
4 34.00 0.00 27.00 0.00 55.00 0.00 62.00 0.00 0.03637045
4 34.00 0.00 27.00 0.00 62.00 0.00 69.00 0.00 0.02085715
4 35.00 0.00 34.00 0.00 36.00 0.00 37.00 0.00 3.543895
4 35.00 0.00 34.00 0.00 37.00 0.00 38.00 0.00 0.8299795
4 35.00 0.00 34.00 0.00 38.00 0.00 39.00 0.00 0.3548035
4 35.00 0.00 34.00 0.00 39.00 0.00 40.00 0.00 0.253738
4 35.00 0.00 34.00 0.00 40.00 0.00 41.00 0.00 0.158756
4 35.00 0.00 34.00 0.00 41.00 0.00 42.00 0.00 0.107696
4 35.00 0.00 34.00 0.00 42.00 0.00 43.00 0.00 0.05149075
4 35.00 0.00 33.00 0.00 37.00 0.00 39.00 0.00 1.823165
4 35.00 0.00 33.00 0.00 39.00 0.00 41.00 0.00 0.646899
4 35.00 0.00 33.00 0.00 41.00 0.00 43.00 0.00 0.267499
4 35.00 0.00 33.00 0.00 43.00 0.00 45.00 0.00 0.123233
4 35.00 0.00 33.00 0.00 45.00 0.00 47.00 0.00 0.0722139
4 35.00 0.00 33.00 0.00 47.00 0.00 49.00 0.00 0.04722655
4 35.00 0.00 33.00 0.00 49.00 0.00 51.00 0.00 0.01404305
4 35.00 0.00 32.00 0.00 38.00 0.00 41.00 0.00 1.61043
4 35.00 0.00 32.00 0.00 41.00 0.00 44.00 0.00 0.4892775
4 35.00 0.00 32.00 0.00 44.00 0.00 47.00 0.00 0.1768105
4 35.00 0.00 32.00 0.00 47.00 0.00 50.00 0.00 0.07963055
4 35.00 0.00 32.00 0.00 50.00 0.00 53.00 0.00 0.03331915
4 35.00 0.00 32.00 0.00 53.00 0.00 56.00 0.00 0.0139686
4 35.00 0.00 31.00 0.00 39.00 0.00 43.00 0.00 1.44515
4 35.00 0.00 31.00 0.00 43.00 0.00 47.00 0.00 0.355595
4 35.00 0.00 31.00 0.00 47.00 0.00 51.00 0.00 0.1070025
4 35.00 0.00 31.00 0.00 51.00 0.00 55.00 0.00 0.0341243
4 35.00 0.00 30.00 0.00 40.00 0.00 45.00 0.00 1.20251
4 35.00 0.00 30.00 0.00 45.00 0.00 50.00 0.00 0.266818
4 35.00 0.00 30.00 0.00 50.00 0.00 55.00 0.00 0.05204615
4 35.00 0.00 30.00 0.00 55.00 0.00 60.00 0.00 0.02823655
4 35.00 0.00 30.00 0.00 70.00 0.00 75.00 0.00 0.00633605
4 35.00 0.00 29.00 0.00 41.00 0.00 47.00 0.00 1.0275
4 35.00 0.00 29.00 0.00 47.00 0.00 53.00 0.00 0.173474
4 35.00 0.00 29.00 0.00 53.00 0.00 59.00 0.00 0.0447919
4 35.00 0.00 29.00 0.00 59.00 0.00 65.00 0.00 0.02262835
4 35.00 0.00 28.00 0.00 42.00 0.00 49.00 0.00 0.8417775
4 35.00 0.00 28.00 0.00 49.00 0.00 56.00 0.00 0.096431
4 35.00 0.00 28.00 0.00 56.00 0.00 63.00 0.00 0.0391585
4 35.00 0.00 28.00 0.00 63.00 0.00 70.00 0.00 0.02219015
4 36.00 0.00 35.00 0.00 37.00 0.00 38.00 0.00 3.004365
4 36.00 0.00 35.00 0.00 38.00 0.00 39.00 0.00 0.7787405
4 36.00 0.00 35.00 0.00 39.00 0.00 40.00 0.00 0.374654
4 36.00 0.00 35.00 0.00 40.00 0.00 41.00 0.00 0.1928495
4 36.00 0.00 35.00 0.00 41.00 0.00 42.00 0.00 0.151316
4 36.00 0.00 35.00 0.00 42.00 0.00 43.00 0.00 0.07406695
4 36.00 0.00 35.00 0.00 43.00 0.00 44.00 0.00 0.04979105
4 36.00 0.00 34.00 0.00 38.00 0.00 40.00 0.00 1.758515
4 36.00 0.00 34.00 0.00 40.00 0.00 42.00 0.00 0.611185
4 36.00 0.00 34.00 0.00 42.00 0.00 44.00 0.00 0.2118445
4 36.00 0.00 34.00 0.00 44.00 0.00 46.00 0.00 0.1157365
4 36.00 0.00 34.00 0.00 46.00 0.00 48.00 0.00 0.06276285
4 36.00 0.00 34.00 0.00 48.00 0.00 50.00 0.00 0.03511285
4 36.00 0.00 34.00 0.00 50.00 0.00 52.00 0.00 0.0143545
4 36.00 0.00 33.00 0.00 39.00 0.00 42.00 0.00 1.552385
4 36.00 0.00 33.00 0.00 42.00 0.00 45.00 0.00 0.369353
4 36.00 0.00 33.00 0.00 45.00 0.00 48.00 0.00 0.1583945
4 36.00 0.00 33.00 0.00 48.00 0.00 51.00 0.00 0.05590075
4 36.00 0.00 33.00 0.00 51.00 0.00 54.00 0.00 0.03011005
4 36.00 0.00 33.00 0.00 57.00 0.00 60.00 0.00 0.00946098
4 36.00 0.00 32.00 0.00 40.00 0.00 44.00 0.00 1.30014
4 36.00 0.00 32.00 0.00 44.00 0.00 48.00 0.00 0.320553
4 36.00 0.00 32.00 0.00 48.00 0.00 52.00 0.00 0.0799941
4 36.00 0.00 32.00 0.00 52.00 0.00 56.00 0.00 0.0371297
4 36.00 0.00 31.00 0.00 41.00 0.00 46.00 0.00 1.121345
4 36.00 0.00 31.00 0.00 46.00 0.00 51.00 0.00 0.2112455
4 36.00 0.00 31.00 0.00 51.00 0.00 56.00 0.00 0.0519227
4 36.00 0.00 31.00 0.00 56.00 0.00 61.00 0.00 0.02261245
4 36.00 0.00 30.00 0.00 42.00 0.00 48.00 0.00 0.88251
4 36.00 0.00 30.00 0.00 48.00 0.00 54.00 0.00 0.138513
4 36.00 0.00 30.00 0.00 54.00 0.00 60.00 0.00 0.0432132
4 36.00 0.00 30.00 0.00 60.00 0.00 66.00 0.00 0.02344255
4 36.00 0.00 29.00 0.00 43.00 0.00 50.00 0.00 0.7622715
4 36.00 0.00 29.00 0.00 50.00 0.00 57.00 0.00 0.0951921
4 36.00 0.00 29.00 0.00 57.00 0.00 64.00 0.00 0.0382217
4 36.00 0.00 29.00 0.00 64.00 0.00 71.00 0.00 0.0195283
4 37.00 0.00 36.00 0.00 38.00 0.00 39.00 0.00 2.71588
4 37.00 0.00 36.00 0.00 39.00 0.00 40.00 0.00 0.825088
4 37.00 0.00 36.00 0.00 40.00 0.00 41.00 0.00 0.363544
4 37.00 0.00 36.00 0.00 41.00 0.00 42.00 0.00 0.2530225
4 37.00 0.00 36.00 0.00 42.00 0.00 43.00 0.00 0.126056
4 37.00 0.00 36.00 0.00 43.00 0.00 44.00 0.00 0.0671679
4 37.00 0.00 36.00 0.00 44.00 0.00 45.00 0.00 0.06553295
4 37.00 0.00 35.00 0.00 39.00 0.00 41.00 0.00 1.758995
4 37.00 0.00 35.00 0.00 41.00 0.00 43.00 0.00 0.5991105
4 37.00 0.00 35.00 0.00 43.00 0.00 45.00 0.00 0.2235185
4 37.00 0.00 35.00 0.00 45.00 0.00 47.00 0.00 0.1141355
4 37.00 0.00 35.00 0.00 47.00 0.00 49.00 0.00 0.07391335
4 37.00 0.00 35.00 0.00 49.00 0.00 51.00 0.00 0.0197378
4 37.00 0.00 35.00 0.00 51.00 0.00 53.00 0.00 0.01461545
4 37.00 0.00 34.00 0.00 40.00 0.00 43.00 0.00 1.47988
4 37.00 0.00 34.00 0.00 43.00 0.00 46.00 0.00 0.3793855
4 37.00 0.00 34.00 0.00 46.00 0.00 49.00 0.00 0.166617
4 37.00 0.00 34.00 0.00 49.00 0.00 52.00 0.00 0.0389546
4 37.00 0.00 34.00 0.00 52.00 0.00 55.00 0.00 0.02932205
4 37.00 0.00 34.00 0.00 55.00 0.00 58.00 0.00 0.01520405
4 37.00 0.00 34.00 0.00 58.00 0.00 61.00 0.00 0.0109159
4 37.00 0.00 33.00 0.00 41.00 0.00 45.00 0.00 1.22143
4 37.00 0.00 33.00 0.00 45.00 0.00 49.00 0.00 0.298381
4 37.00 0.00 33.00 0.00 49.00 0.00 53.00 0.00 0.05982755
4 37.00 0.00 33.00 0.00 53.00 0.00 57.00 0.00 0.0308933
4 37.00 0.00 32.00 0.00 42.00 0.00 47.00 0.00 0.961415
4 37.00 0.00 32.00 0.00 47.00 0.00 52.00 0.00 0.192814
4 37.00 0.00 32.00 0.00 52.00 0.00 57.00 0.00 0.0536619
4 37.00 0.00 32.00 0.00 57.00 0.00 62.00 0.00 0.0268447
4 37.00 0.00 31.00 0.00 43.00 0.00 49.00 0.00 0.8545605
4 37.00 0.00 31.00 0.00 49.00 0.00 55.00 0.00 0.108703
4 37.00 0.00 31.00 0.00 55.00 0.00 61.00 0.00 0.04280975
4 37.00 0.00 31.00 0.00 61.00 0.00 67.00 0.00 0.02370415
4 37.00 0.00 30.00 0.00 44.00 0.00 51.00 0.00 0.711062
4 37.00 0.00 30.00 0.00 51.00 0.00 58.00 0.00 0.0955856
4 37.00 0.00 30.00 0.00 58.00 0.00 65.00 0.00 0.04044005
4 37.00 0.00 30.00 0.00 65.00 0.00 72.00 0.00 0.0209722
4 38.00 0.00 37.00 0.00 39.00 0.00 40.00 0.00 2.81721
4 38.00 0.00 37.00 0.00 40.00 0.00 41.00 0.00 0.7450355
4 38.00 0.00 37.00 0.00 41.00 0.00 42.00 0.00 0.427743
4 38.00 0.00 37.00 0.00 42.00 0.00 43.00 0.00 0.1798685
4 38.00 0.00 37.00 0.00 43.00 0.00 44.00 0.00 0.0963489
4 38.00 0.00 37.00 0.00 44.00 0.00 45.00 0.00 0.0847579
4 38.00 0.00 37.00 0.00 45.00 0.00 46.00 0.00 0.043179
4 38.00 0.00 36.00 0.00 40.00 0.00 42.00 0.00 1.788215
4 38.00 0.00 36.00 0.00 42.00 0.00 44.00 0.00 0.4669845
4 38.00 0.00 36.00 0.00 44.00 0.00 46.00 0.00 0.227465
4 38.00 0.00 36.00 0.00 46.00 0.00 48.00 0.00 0.115369
4 38.00 0.00 36.00 0.00 48.00 0.00 50.00 0.00 0.0554273
4 38.00 0.00 36.00 0.00 50.00 0.00 52.00 0.00 0.0214003
4 38.00 0.00 36.00 0.00 52.00 0.00 54.00 0.00 0.01636115
4 38.00 0.00 35.00 0.00 41.00 0.00 44.00 0.00 1.42615
4 38.00 0.00 35.00 0.00 44.00 0.00 47.00 0.00 0.382173
4 38.00 0.00 35.00 0.00 47.00 0.00 50.00 0.00 0.141463
4 38.00 0.00 35.00 0.00 50.00 0.00 53.00 0.00 0.04314105
4 38.00 0.00 35.00 0.00 53.00 0.00 56.00 0.00 0.02867325
4 38.00 0.00 35.00 0.00 56.00 0.00 59.00 0.00 0.01633045
4 38.00 0.00 34.00 0.00 42.00 0.00 46.00 0.00 1.03402
4 38.00 0.00 34.00 0.00 46.00 0.00 50.00 0.00 0.2773605
4 38.00 0.00 34.00 0.00 50.00 0.00 54.00 0.00 0.06276785
4 38.00 0.00 34.00 0.00 54.00 0.00 58.00 0.00 0.03498305
4 38.00 0.00 34.00 0.00 58.00 0.00 62.00 0.00 0.02172065
4 38.00 0.00 34.00 0.00 62.00 0.00 66.00 0.00 0.01394365
4 38.00 0.00 34.00 0.00 66.00 0.00 70.00 0.00 0.01052524
4 38.00 0.00 33.00 0.00 43.00 0.00 48.00 0.00 0.8931865
4 38.00 0.00 33.00 0.00 48.00 0.00 53.00 0.00 0.1617555
4 38.00 0.00 33.00 0.00 53.00 0.00 58.00 0.00 0.0505049
4 38.00 0.00 33.00 0.00 58.00 0.00 63.00 0.00 0.0297964
4 38.00 0.00 32.00 0.00 44.00 0.00 50.00 0.00 0.786362
4 38.00 0.00 32.00 0.00 50.00 0.00 56.00 0.00 0.1096005
4 38.00 0.00 32.00 0.00 56.00 0.00 62.00 0.00 0.042085
4 38.00 0.00 32.00 0.00 62.00 0.00 68.00 0.00 0.0238385
4 38.00 0.00 31.00 0.00 45.00 0.00 52.00 0.00 0.6209015
4 38.00 0.00 31.00 0.00 52.00 0.00 59.00 0.00 0.1065385
4 38.00 0.00 31.00 0.00 66.00 0.00 73.00 0.00 0.02032945
4 38.00 0.00 31.00 0.00 86.00 0.00 93.00 0.00 0.00484302
4 39.00 0.00 38.00 0.00 40.00 0.00 41.00 0.00 2.98293
4 39.00 0.00 38.00 0.00 41.00 0.00 42.00 0.00 1.03166
4 39.00 0.00 38.00 0.00 42.00 0.00 43.00 0.00 0.300247
4 39.00 0.00 38.00 0.00 43.00 0.00 44.00 0.00 0.1211805
4 39.00 0.00 38.00 0.00 44.00 0.00 45.00 0.00 0.180375
4 39.00 0.00 38.00 0.00 45.00 0.00 46.00 0.00 0.0661521
4 39.00 0.00 38.00 0.00 46.00 0.00 47.00 0.00 0.04777145
4 39.00 0.00 37.00 0.00 41.00 0.00 43.00 0.00 1.92555
4 39.00 0.00 37.00 0.00 43.00 0.00 45.00 0.00 0.4886535
4 39.00 0.00 37.00 0.00 45.00 0.00 47.00 0.00 0.1977465
4 39.00 0.00 37.00 0.00 47.00 0.00 49.00 0.00 0.119097
4 39.00 0.00 37.00 0.00 49.00 0.00 51.00 0.00 0.0294697
4 39.00 0.00 37.00 0.00 51.00 0.00 53.00 0.00 0.02438785
4 39.00 0.00 37.00 0.00 53.00 0.00 55.00 0.00 0.0198175
4 39.00 0.00 36.00 0.00 42.00 0.00 45.00 0.00 1.21408
4 39.00 0.00 36.00 0.00 45.00 0.00 48.00 0.00 0.3528585
4 39.00 0.00 36.00 0.00 48.00 0.00 51.00 0.00 0.1173275
4 39.00 0.00 36.00 0.00 51.00 0.00 54.00 0.00 0.045437
4 39.00 0.00 36.00 0.00 54.00 0.00 57.00 0.00 0.0252143
4 39.00 0.00 36.00 0.00 57.00 0.00 60.00 0.00 0.01938135
4 39.00 0.00 36.00 0.00 60.00 0.00 63.00 0.00 0.01569845
4 39.00 0.00 35.00 0.00 43.00 0.00 47.00 0.00 1.02335
4 39.00 0.00 35.00 0.00 47.00 0.00 51.00 0.00 0.244731
4 39.00 0.00 35.00 0.00 51.00 0.00 55.00 0.00 0.0676304
4 39.00 0.00 35.00 0.00 55.00 0.00 59.00 0.00 0.0375805
4 39.00 0.00 35.00 0.00 63.00 0.00 67.00 0.00 0.0156639
4 39.00 0.00 35.00 0.00 67.00 0.00 71.00 0.00 0.01061746
4 39.00 0.00 34.00 0.00 44.00 0.00 49.00 0.00 0.960952
4 39.00 0.00 34.00 0.00 49.00 0.00 54.00 0.00 0.125132
4 39.00 0.00 34.00 0.00 54.00 0.00 59.00 0.00 0.0584498
4 39.00 0.00 34.00 0.00 59.00 0.00 64.00 0.00 0.0347033
4 39.00 0.00 34.00 0.00 64.00 0.00 69.00 0.00 0.0167639
4 39.00 0.00 34.00 0.00 69.00 0.00 74.00 0.00 0.0131366
4 39.00 0.00 34.00 0.00 74.00 0.00 79.00 0.00 0.00882666
4 39.00 0.00 33.00 0.00 45.00 0.00 51.00 0.00 0.6860395
4 39.00 0.00 33.00 0.00 51.00 0.00 57.00 0.00 0.1129315
4 39.00 0.00 33.00 0.00 57.00 0.00 63.00 0.00 0.05037555
4 39.00 0.00 33.00 0.00 63.00 0.00 69.00 0.00 0.02768305
4 39.00 0.00 33.00 0.00 69.00 0.00 75.00 0.00 0.02165485
4 39.00 0.00 32.00 0.00 46.00 0.00 53.00 0.00 0.561651
4 39.00 0.00 32.00 0.00 53.00 0.00 60.00 0.00 0.10097095
4 39.00 0.00 32.00 0.00 60.00 0.00 67.00 0.00 0.0429761
4 39.00 0.00 32.00 0.00 67.00 0.00 74.00 0.00 0.02246305
4 40.00 0.00 39.00 0.00 41.00 0.00 42.00 0.00 3.83422
4 40.00 0.00 39.00 0.00 42.00 0.00 43.00 0.00 0.743503
4 40.00 0.00 39.00 0.00 43.00 0.00 44.00 0.00 0.3003925
4 40.00 0.00 39.00 0.00 44.00 0.00 45.00 0.00 0.1115465
4 40.00 0.00 39.00 0.00 45.00 0.00 46.00 0.00 0.1039745
4 40.00 0.00 39.00 0.00 46.00 0.00 47.00 0.00 0.0576965
4 40.00 0.00 39.00 0.00 47.00 0.00 48.00 0.00 0.04544315
4 40.00 0.00 38.00 0.00 42.00 0.00 44.00 0.00 1.45838
4 40.00 0.00 38.00 0.00 44.00 0.00 46.00 0.00 0.4618315
4 40.00 0.00 38.00 0.00 46.00 0.00 48.00 0.00 0.186275
4 40.00 0.00 38.00 0.00 48.00 0.00 50.00 0.00 0.08896575
4 40.00 0.00 38.00 0.00 50.00 0.00 52.00 0.00 0.03333255
4 40.00 0.00 38.00 0.00 52.00 0.00 54.00 0.00 0.02537775
4 40.00 0.00 38.00 0.00 54.00 0.00 56.00 0.00 0.0172281
4 40.00 0.00 37.00 0.00 43.00 0.00 46.00 0.00 1.116955
4 40.00 0.00 37.00 0.00 46.00 0.00 49.00 0.00 0.3392665
4 40.00 0.00 37.00 0.00 49.00 0.00 52.00 0.00 0.0778071
4 40.00 0.00 37.00 0.00 52.00 0.00 55.00 0.00 0.048683
4 40.00 0.00 37.00 0.00 55.00 0.00 58.00 0.00 0.0265285
4 40.00 0.00 37.00 0.00 58.00 0.00 61.00 0.00 0.01975245
4 40.00 0.00 37.00 0.00 61.00 0.00 64.00 0.00 0.01710395
4 40.00 0.00 36.00 0.00 44.00 0.00 48.00 0.00 0.9962645
4 40.00 0.00 36.00 0.00 48.00 0.00 52.00 0.00 0.198758
4 40.00 0.00 36.00 0.00 52.00 0.00 56.00 0.00 0.07214465
4 40.00 0.00 36.00 0.00 56.00 0.00 60.00 0.00 0.03934735
4 40.00 0.00 36.00 0.00 60.00 0.00 64.00 0.00 0.02589025
4 40.00 0.00 36.00 0.00 64.00 0.00 68.00 0.00 0.01630885
4 40.00 0.00 36.00 0.00 68.00 0.00 72.00 0.00 0.01060355
4 40.00 0.00 35.00 0.00 45.00 0.00 50.00 0.00 0.779915
4 40.00 0.00 35.00 0.00 50.00 0.00 55.00 0.00 0.1291635
4 40.00 0.00 35.00 0.00 55.00 0.00 60.00 0.00 0.0598648
4 40.00 0.00 35.00 0.00 60.00 0.00 65.00 0.00 0.035122
4 40.00 0.00 35.00 0.00 70.00 0.00 75.00 0.00 0.01125332
4 40.00 0.00 34.00 0.00 46.00 0.00 52.00 0.00 0.6200285
4 40.00 0.00 34.00 0.00 52.00 0.00 58.00 0.00 0.120153
4 40.00 0.00 34.00 0.00 58.00 0.00 64.00 0.00 0.0551684
4 40.00 0.00 34.00 0.00 70.00 0.00 76.00 0.00 0.01876375
4 40.00 0.00 34.00 0.00 82.00 0.00 87.00 0.00 0.00511254
4 40.00 0.00 33.00 0.00 47.00 0.00 54.00 0.00 0.506172
4 40.00 0.00 33.00 0.00 54.00 0.00 61.00 0.00 0.104346
4 40.00 0.00 33.00 0.00 61.00 0.00 68.00 0.00 0.04602655
4 40.00 0.00 33.00 0.00 68.00 0.00 75.00 0.00 0.02542215
4 41.00 0.00 40.00 0.00 42.00 0.00 43.00 0.00 3.42479
4 41.00 0.00 40.00 0.00 43.00 0.00 44.00 0.00 0.6280395
4 41.00 0.00 40.00 0.00 44.00 0.00 45.00 0.00 0.204282
4 41.00 0.00 40.00 0.00 47.00 0.00 48.00 0.00 0.05601575
4 41.00 0.00 40.00 0.00 48.00 0.00 49.00 0.00 0.0442981
4 41.00 0.00 39.00 0.00 43.00 0.00 45.00 0.00 1.249265
4 41.00 0.00 39.00 0.00 45.00 0.00 47.00 0.00 0.353927
4 41.00 0.00 39.00 0.00 47.00 0.00 49.00 0.00 0.180754
4 41.00 0.00 39.00 0.00 49.00 0.00 51.00 0.00 0.04815005
4 41.00 0.00 39.00 0.00 51.00 0.00 53.00 0.00 0.0401301
4 41.00 0.00 39.00 0.00 53.00 0.00 55.00 0.00 0.02139915
4 41.00 0.00 39.00 0.00 55.00 0.00 57.00 0.00 0.01604315
4 41.00 0.00 38.00 0.00 44.00 0.00 47.00 0.00 0.962226
4 41.00 0.00 38.00 0.00 47.00 0.00 50.00 0.00 0.2954485
4 41.00 0.00 38.00 0.00 50.00 0.00 53.00 0.00 0.07695255
4 41.00 0.00 38.00 0.00 53.00 0.00 56.00 0.00 0.04537555
4 41.00 0.00 38.00 0.00 56.00 0.00 59.00 0.00 0.02977055
4 41.00 0.00 38.00 0.00 59.00 0.00 62.00 0.00 0.02061545
4 41.00 0.00 38.00 0.00 62.00 0.00 65.00 0.00 0.0151786
4 41.00 0.00 37.00 0.00 45.00 0.00 49.00 0.00 0.8503095
4 41.00 0.00 37.00 0.00 49.00 0.00 53.00 0.00 0.1409005
4 41.00 0.00 37.00 0.00 53.00 0.00 57.00 0.00 0.070579
4 41.00 0.00 37.00 0.00 57.00 0.00 61.00 0.00 0.03999875
4 41.00 0.00 37.00 0.00 61.00 0.00 65.00 0.00 0.0273762
4 41.00 0.00 37.00 0.00 65.00 0.00 69.00 0.00 0.0181948
4 41.00 0.00 37.00 0.00 69.00 0.00 73.00 0.00 0.0114439
4 41.00 0.00 36.00 0.00 46.00 0.00 51.00 0.00 0.704098
4 41.00 0.00 36.00 0.00 51.00 0.00 56.00 0.00 0.1325805
4 41.00 0.00 36.00 0.00 56.00 0.00 61.00 0.00 0.0626166
4 41.00 0.00 36.00 0.00 61.00 0.00 66.00 0.00 0.0373915
4 41.00 0.00 36.00 0.00 71.00 0.00 76.00 0.00 0.0120937
4 41.00 0.00 35.00 0.00 47.00 0.00 53.00 0.00 0.5533195
4 41.00 0.00 35.00 0.00 53.00 0.00 59.00 0.00 0.117483
4 41.00 0.00 35.00 0.00 59.00 0.00 65.00 0.00 0.05483465
4 41.00 0.00 35.00 0.00 65.00 0.00 71.00 0.00 0.0295442
4 41.00 0.00 34.00 0.00 48.00 0.00 55.00 0.00 0.42191
4 41.00 0.00 34.00 0.00 55.00 0.00 62.00 0.00 0.1089335
4 41.00 0.00 34.00 0.00 62.00 0.00 69.00 0.00 0.05094395
4 41.00 0.00 34.00 0.00 69.00 0.00 76.00 0.00 0.0252919
4 41.00 0.00 34.00 0.00 83.00 0.00 89.00 0.00 0.00645771
4 42.00 0.00 41.00 0.00 43.00 0.00 44.00 0.00 5.314865
4 42.00 0.00 41.00 0.00 44.00 0.00 45.00 0.00 0.8428815
4 42.00 0.00 41.00 0.00 45.00 0.00 46.00 0.00 0.2657975
4 42.00 0.00 41.00 0.00 46.00 0.00 47.00 0.00 0.149779
4 42.00 0.00 41.00 0.00 47.00 0.00 48.00 0.00 0.08753375
4 42.00 0.00 41.00 0.00 48.00 0.00 49.00 0.00 0.06266045
4 42.00 0.00 41.00 0.00 49.00 0.00 50.00 0.00 0.0212979
4 42.00 0.00 40.00 0.00 44.00 0.00 46.00 0.00 1.408985
4 42.00 0.00 40.00 0.00 46.00 0.00 48.00 0.00 0.40335
4 42.00 0.00 40.00 0.00 48.00 0.00 50.00 0.00 0.1433985
4 42.00 0.00 40.00 0.00 50.00 0.00 52.00 0.00 0.0480056
4 42.00 0.00 40.00 0.00 52.00 0.00 54.00 0.00 0.0382154
4 42.00 0.00 40.00 0.00 54.00 0.00 56.00 0.00 0.0240916
4 42.00 0.00 40.00 0.00 56.00 0.00 58.00 0.00 0.0193453
4 42.00 0.00 39.00 0.00 45.00 0.00 48.00 0.00 0.9655215
4 42.00 0.00 39.00 0.00 48.00 0.00 51.00 0.00 0.2285775
4 42.00 0.00 39.00 0.00 51.00 0.00 54.00 0.00 0.07886285
4 42.00 0.00 39.00 0.00 54.00 0.00 57.00 0.00 0.0473788
4 42.00 0.00 39.00 0.00 57.00 0.00 60.00 0.00 0.0335111
4 42.00 0.00 39.00 0.00 60.00 0.00 63.00 0.00 0.02084655
4 42.00 0.00 39.00 0.00 63.00 0.00 66.00 0.00 0.01476205
4 42.00 0.00 38.00 0.00 46.00 0.00 50.00 0.00 0.813547
4 42.00 0.00 38.00 0.00 50.00 0.00 54.00 0.00 0.144293
4 42.00 0.00 38.00 0.00 54.00 0.00 58.00 0.00 0.0740036
4 42.00 0.00 38.00 0.00 58.00 0.00 62.00 0.00 0.043318
4 42.00 0.00 38.00 0.00 62.00 0.00 66.00 0.00 0.03061835
4 42.00 0.00 38.00 0.00 66.00 0.00 70.00 0.00 0.0178953
4 42.00 0.00 38.00 0.00 70.00 0.00 74.00 0.00 0.011698
4 42.00 0.00 37.00 0.00 47.00 0.00 52.00 0.00 0.608837
4 42.00 0.00 37.00 0.00 52.00 0.00 57.00 0.00 0.1398195
4 42.00 0.00 37.00 0.00 57.00 0.00 62.00 0.00 0.0692816
4 42.00 0.00 37.00 0.00 62.00 0.00 67.00 0.00 0.0389312
4 42.00 0.00 37.00 0.00 67.00 0.00 72.00 0.00 0.0214815
4 42.00 0.00 37.00 0.00 72.00 0.00 77.00 0.00 0.0144484
4 42.00 0.00 37.00 0.00 77.00 0.00 82.00 0.00 0.0101258
4 42.00 0.00 36.00 0.00 48.00 0.00 54.00 0.00 0.4739675
4 42.00 0.00 36.00 0.00 54.00 0.00 60.00 0.00 0.124938
4 42.00 0.00 36.00 0.00 60.00 0.00 66.00 0.00 0.0621397
4 42.00 0.00 36.00 0.00 66.00 0.00 72.00 0.00 0.0318932
4 42.00 0.00 35.00 0.00 49.00 0.00 56.00 0.00 0.336437
4 42.00 0.00 35.00 0.00 56.00 0.00 63.00 0.00 0.114506
4 42.00 0.00 35.00 0.00 63.00 0.00 70.00 0.00 0.0526203
4 42.00 0.00 35.00 0.00 70.00 0.00 77.00 0.00 0.02590055
4 43.00 0.00 42.00 0.00 44.00 0.00 45.00 0.00 5.269115
4 43.00 0.00 42.00 0.00 45.00 0.00 46.00 0.00 0.706437
4 43.00 0.00 42.00 0.00 46.00 0.00 47.00 0.00 0.3091675
4 43.00 0.00 42.00 0.00 47.00 0.00 48.00 0.00 0.1206265
4 43.00 0.00 42.00 0.00 48.00 0.00 49.00 0.00 0.0668587
4 43.00 0.00 42.00 0.00 49.00 0.00 50.00 0.00 0.0247099
4 43.00 0.00 42.00 0.00 50.00 0.00 51.00 0.00 0.01828755
4 43.00 0.00 41.00 0.00 45.00 0.00 47.00 0.00 1.429765
4 43.00 0.00 41.00 0.00 47.00 0.00 49.00 0.00 0.3423555
4 43.00 0.00 41.00 0.00 49.00 0.00 51.00 0.00 0.0792733
4 43.00 0.00 41.00 0.00 51.00 0.00 53.00 0.00 0.05243305
4 43.00 0.00 41.00 0.00 53.00 0.00 55.00 0.00 0.03011715
4 43.00 0.00 41.00 0.00 55.00 0.00 57.00 0.00 0.02482405
4 43.00 0.00 41.00 0.00 57.00 0.00 59.00 0.00 0.01747095
4 43.00 0.00 40.00 0.00 46.00 0.00 49.00 0.00 0.9987395
4 43.00 0.00 40.00 0.00 49.00 0.00 52.00 0.00 0.1380385
4 43.00 0.00 40.00 0.00 52.00 0.00 55.00 0.00 0.08110315
4 43.00 0.00 40.00 0.00 55.00 0.00 58.00 0.00 0.0455273
4 43.00 0.00 40.00 0.00 58.00 0.00 61.00 0.00 0.02799805
4 43.00 0.00 40.00 0.00 61.00 0.00 64.00 0.00 0.0234861
4 43.00 0.00 40.00 0.00 64.00 0.00 67.00 0.00 0.0149506
4 43.00 0.00 39.00 0.00 47.00 0.00 51.00 0.00 0.651635
4 43.00 0.00 39.00 0.00 51.00 0.00 55.00 0.00 0.1433135
4 43.00 0.00 39.00 0.00 55.00 0.00 59.00 0.00 0.07005735
4 43.00 0.00 39.00 0.00 59.00 0.00 63.00 0.00 0.04157635
4 43.00 0.00 39.00 0.00 63.00 0.00 67.00 0.00 0.02897365
4 43.00 0.00 39.00 0.00 67.00 0.00 71.00 0.00 0.01711055
4 43.00 0.00 39.00 0.00 71.00 0.00 75.00 0.00 0.01044425
4 43.00 0.00 38.00 0.00 48.00 0.00 53.00 0.00 0.4870975
4 43.00 0.00 38.00 0.00 53.00 0.00 58.00 0.00 0.1334475
4 43.00 0.00 38.00 0.00 58.00 0.00 63.00 0.00 0.0667194
4 43.00 0.00 38.00 0.00 63.00 0.00 68.00 0.00 0.03836495
4 43.00 0.00 38.00 0.00 68.00 0.00 73.00 0.00 0.0229368
4 43.00 0.00 38.00 0.00 73.00 0.00 78.00 0.00 0.0135132
4 43.00 0.00 38.00 0.00 78.00 0.00 83.00 0.00 0.00868365
4 43.00 0.00 37.00 0.00 49.00 0.00 55.00 0.00 0.3436095
4 43.00 0.00 37.00 0.00 55.00 0.00 61.00 0.00 0.123295
4 43.00 0.00 37.00 0.00 61.00 0.00 67.00 0.00 0.06509355
4 43.00 0.00 37.00 0.00 67.00 0.00 73.00 0.00 0.0326535
4 43.00 0.00 37.00 0.00 73.00 0.00 79.00 0.00 0.0153208
4 43.00 0.00 37.00 0.00 79.00 0.00 84.00 0.00 0.01113775
4 43.00 0.00 37.00 0.00 84.00 0.00 90.00 0.00 0.00683836
4 43.00 0.00 36.00 0.00 50.00 0.00 57.00 0.00 0.3331005
4 43.00 0.00 36.00 0.00 57.00 0.00 64.00 0.00 0.118339
4 43.00 0.00 36.00 0.00 64.00 0.00 71.00 0.00 0.05382825
4 43.00 0.00 36.00 0.00 71.00 0.00 78.00 0.00 0.02646945
4 43.00 0.00 36.00 0.00 78.00 0.00 84.00 0.00 0.0148139
4 43.00 0.00 36.00 0.00 84.00 0.00 91.00 0.00 0.00677984
4 44.00 0.00 43.00 0.00 45.00 0.00 46.00 0.00 7.870025
4 44.00 0.00 43.00 0.00 46.00 0.00 47.00 0.00 1.090655
4 44.00 0.00 43.00 0.00 47.00 0.00 48.00 0.00 0.295069
4 44.00 0.00 43.00 0.00 48.00 0.00 49.00 0.00 0.1424705
4 44.00 0.00 43.00 0.00 49.00 0.00 50.00 0.00 0.0370598
4 44.00 0.00 43.00 0.00 50.00 0.00 51.00 0.00 0.03069295
4 44.00 0.00 43.00 0.00 51.00 0.00 52.00 0.00 0.0229807
4 44.00 0.00 42.00 0.00 46.00 0.00 48.00 0.00 1.796885
4 44.00 0.00 42.00 0.00 48.00 0.00 50.00 0.00 0.2765985
4 44.00 0.00 42.00 0.00 50.00 0.00 52.00 0.00 0.0836976
4 44.00 0.00 42.00 0.00 52.00 0.00 54.00 0.00 0.05578705
4 44.00 0.00 42.00 0.00 56.00 0.00 58.00 0.00 0.0298677
4 44.00 0.00 42.00 0.00 58.00 0.00 60.00 0.00 0.01644095
4 44.00 0.00 41.00 0.00 47.00 0.00 50.00 0.00 0.8599605
4 44.00 0.00 41.00 0.00 50.00 0.00 53.00 0.00 0.155502
4 44.00 0.00 41.00 0.00 53.00 0.00 56.00 0.00 0.0809808
4 44.00 0.00 41.00 0.00 56.00 0.00 59.00 0.00 0.0480759
4 44.00 0.00 41.00 0.00 59.00 0.00 62.00 0.00 0.02563335
4 44.00 0.00 41.00 0.00 62.00 0.00 65.00 0.00 0.02423305
4 44.00 0.00 41.00 0.00 65.00 0.00 68.00 0.00 0.0180767
4 44.00 0.00 40.00 0.00 48.00 0.00 52.00 0.00 0.544545
4 44.00 0.00 40.00 0.00 52.00 0.00 56.00 0.00 0.15109
4 44.00 0.00 40.00 0.00 56.00 0.00 60.00 0.00 0.0760617
4 44.00 0.00 40.00 0.00 60.00 0.00 64.00 0.00 0.04611335
4 44.00 0.00 40.00 0.00 64.00 0.00 68.00 0.00 0.0222042
4 44.00 0.00 40.00 0.00 68.00 0.00 72.00 0.00 0.01699285
4 44.00 0.00 40.00 0.00 72.00 0.00 76.00 0.00 0.01315615
4 44.00 0.00 39.00 0.00 49.00 0.00 54.00 0.00 0.367071
4 44.00 0.00 39.00 0.00 54.00 0.00 59.00 0.00 0.136769
4 44.00 0.00 39.00 0.00 59.00 0.00 64.00 0.00 0.07153295
4 44.00 0.00 39.00 0.00 64.00 0.00 69.00 0.00 0.0377344
4 44.00 0.00 39.00 0.00 69.00 0.00 74.00 0.00 0.02057895
4 44.00 0.00 39.00 0.00 74.00 0.00 79.00 0.00 0.01421945
4 44.00 0.00 38.00 0.00 50.00 0.00 56.00 0.00 0.357034
4 44.00 0.00 38.00 0.00 56.00 0.00 62.00 0.00 0.1310185
4 44.00 0.00 38.00 0.00 62.00 0.00 68.00 0.00 0.06541185
4 44.00 0.00 38.00 0.00 68.00 0.00 74.00 0.00 0.03191905
4 44.00 0.00 38.00 0.00 74.00 0.00 80.00 0.00 0.0140626
4 44.00 0.00 38.00 0.00 80.00 0.00 85.00 0.00 0.0114088
4 44.00 0.00 37.00 0.00 51.00 0.00 58.00 0.00 0.347216
4 44.00 0.00 37.00 0.00 58.00 0.00 65.00 0.00 0.1220885
4 44.00 0.00 37.00 0.00 65.00 0.00 72.00 0.00 0.05630865
4 44.00 0.00 37.00 0.00 72.00 0.00 79.00 0.00 0.02806295
4 45.00 0.00 44.00 0.00 46.00 0.00 47.00 0.00 8.29391
4 45.00 0.00 44.00 0.00 47.00 0.00 48.00 0.00 1.09264
4 45.00 0.00 44.00 0.00 48.00 0.00 49.00 0.00 0.396203
4 45.00 0.00 44.00 0.00 49.00 0.00 50.00 0.00 0.0885205
4 45.00 0.00 44.00 0.00 50.00 0.00 51.00 0.00 0.06056475
4 45.00 0.00 44.00 0.00 51.00 0.00 52.00 0.00 0.04004825
4 45.00 0.00 44.00 0.00 52.00 0.00 53.00 0.00 0.03883905
4 45.00 0.00 43.00 0.00 47.00 0.00 49.00 0.00 1.927965
4 45.00 0.00 43.00 0.00 49.00 0.00 51.00 0.00 0.2176165
4 45.00 0.00 43.00 0.00 51.00 0.00 53.00 0.00 0.121969
4 45.00 0.00 43.00 0.00 53.00 0.00 55.00 0.00 0.06896965
4 45.00 0.00 43.00 0.00 55.00 0.00 57.00 0.00 0.04236345
4 45.00 0.00 43.00 0.00 57.00 0.00 59.00 0.00 0.0290517
4 45.00 0.00 43.00 0.00 59.00 0.00 61.00 0.00 0.0210897
4 45.00 0.00 42.00 0.00 48.00 0.00 51.00 0.00 0.862193
4 45.00 0.00 42.00 0.00 51.00 0.00 54.00 0.00 0.1964415
4 45.00 0.00 42.00 0.00 54.00 0.00 57.00 0.00 0.0964208
4 45.00 0.00 42.00 0.00 57.00 0.00 60.00 0.00 0.0519546
4 45.00 0.00 42.00 0.00 60.00 0.00 63.00 0.00 0.03115905
4 45.00 0.00 42.00 0.00 63.00 0.00 66.00 0.00 0.02284085
4 45.00 0.00 42.00 0.00 66.00 0.00 69.00 0.00 0.01643425
4 45.00 0.00 41.00 0.00 49.00 0.00 53.00 0.00 0.4712925
4 45.00 0.00 41.00 0.00 53.00 0.00 57.00 0.00 0.170683
4 45.00 0.00 41.00 0.00 57.00 0.00 61.00 0.00 0.08130265
4 45.00 0.00 41.00 0.00 61.00 0.00 65.00 0.00 0.0495137
4 45.00 0.00 41.00 0.00 65.00 0.00 69.00 0.00 0.0237944
4 45.00 0.00 41.00 0.00 69.00 0.00 73.00 0.00 0.0175469
4 45.00 0.00 41.00 0.00 73.00 0.00 77.00 0.00 0.0118162
4 45.00 0.00 40.00 0.00 50.00 0.00 55.00 0.00 0.438349
4 45.00 0.00 40.00 0.00 55.00 0.00 60.00 0.00 0.1494955
4 45.00 0.00 40.00 0.00 60.00 0.00 65.00 0.00 0.0755589
4 45.00 0.00 40.00 0.00 65.00 0.00 70.00 0.00 0.0386394
4 45.00 0.00 40.00 0.00 70.00 0.00 75.00 0.00 0.0210995
4 45.00 0.00 40.00 0.00 75.00 0.00 80.00 0.00 0.01474935
4 45.00 0.00 40.00 0.00 80.00 0.00 84.00 0.00 0.00826815
4 45.00 0.00 39.00 0.00 51.00 0.00 57.00 0.00 0.4204185
4 45.00 0.00 39.00 0.00 57.00 0.00 63.00 0.00 0.138172
4 45.00 0.00 39.00 0.00 63.00 0.00 69.00 0.00 0.06418775
4 45.00 0.00 39.00 0.00 69.00 0.00 75.00 0.00 0.0322588
4 45.00 0.00 39.00 0.00 81.00 0.00 86.00 0.00 0.00912422
4 45.00 0.00 38.00 0.00 52.00 0.00 59.00 0.00 0.4019655
4 45.00 0.00 38.00 0.00 59.00 0.00 66.00 0.00 0.1300475
4 45.00 0.00 38.00 0.00 66.00 0.00 73.00 0.00 0.05600735
4 45.00 0.00 38.00 0.00 73.00 0.00 80.00 0.00 0.026383
4 45.00 0.00 38.00 0.00 80.00 0.00 86.00 0.00 0.01425975
4 45.00 0.00 38.00 0.00 86.00 0.00 93.00 0.00 0.00705672
4 45.00 0.00 38.00 0.00 93.00 0.00 100.00 0.00 0.00455306
4 46.00 0.00 45.00 0.00 47.00 0.00 48.00 0.00 6.727405
4 46.00 0.00 45.00 0.00 48.00 0.00 49.00 0.00 1.08568
4 46.00 0.00 45.00 0.00 49.00 0.00 50.00 0.00 0.1943205
4 46.00 0.00 45.00 0.00 50.00 0.00 51.00 0.00 0.116667
4 46.00 0.00 45.00 0.00 51.00 0.00 52.00 0.00 0.0709908
4 46.00 0.00 45.00 0.00 52.00 0.00 53.00 0.00 0.06976125
4 46.00 0.00 45.00 0.00 53.00 0.00 54.00 0.00 0.04499435
4 46.00 0.00 44.00 0.00 48.00 0.00 50.00 0.00 1.74587
4 46.00 0.00 44.00 0.00 50.00 0.00 52.00 0.00 0.294132
4 46.00 0.00 44.00 0.00 52.00 0.00 54.00 0.00 0.1754185
4 46.00 0.00 44.00 0.00 54.00 0.00 56.00 0.00 0.09066705
4 46.00 0.00 44.00 0.00 56.00 0.00 58.00 0.00 0.04951
4 46.00 0.00 44.00 0.00 58.00 0.00 60.00 0.00 0.03466945
4 46.00 0.00 44.00 0.00 60.00 0.00 62.00 0.00 0.02975645
4 46.00 0.00 43.00 0.00 49.00 0.00 52.00 0.00 0.6610625
4 46.00 0.00 43.00 0.00 52.00 0.00 55.00 0.00 0.2718175
4 46.00 0.00 43.00 0.00 55.00 0.00 58.00 0.00 0.122872
4 46.00 0.00 43.00 0.00 58.00 0.00 61.00 0.00 0.0592372
4 46.00 0.00 43.00 0.00 61.00 0.00 64.00 0.00 0.03491415
4 46.00 0.00 43.00 0.00 64.00 0.00 67.00 0.00 0.02686055
4 46.00 0.00 43.00 0.00 67.00 0.00 70.00 0.00 0.02172595
4 46.00 0.00 42.00 0.00 50.00 0.00 54.00 0.00 0.601054
4 46.00 0.00 42.00 0.00 54.00 0.00 58.00 0.00 0.2084405
4 46.00 0.00 42.00 0.00 58.00 0.00 62.00 0.00 0.09264375
4 46.00 0.00 42.00 0.00 62.00 0.00 66.00 0.00 0.05046825
4 46.00 0.00 42.00 0.00 70.00 0.00 74.00 0.00 0.0189201
4 46.00 0.00 41.00 0.00 51.00 0.00 56.00 0.00 0.551851
4 46.00 0.00 41.00 0.00 56.00 0.00 61.00 0.00 0.175746
4 46.00 0.00 41.00 0.00 61.00 0.00 66.00 0.00 0.08559835
4 46.00 0.00 41.00 0.00 66.00 0.00 71.00 0.00 0.04168495
4 46.00 0.00 41.00 0.00 81.00 0.00 85.00 0.00 0.00959142
4 46.00 0.00 40.00 0.00 52.00 0.00 58.00 0.00 0.5108695
4 46.00 0.00 40.00 0.00 58.00 0.00 64.00 0.00 0.1529865
4 46.00 0.00 40.00 0.00 64.00 0.00 70.00 0.00 0.07583015
4 46.00 0.00 40.00 0.00 70.00 0.00 76.00 0.00 0.030245
4 46.00 0.00 40.00 0.00 87.00 0.00 93.00 0.00 0.00434563
4 46.00 0.00 39.00 0.00 53.00 0.00 60.00 0.00 0.4394095
4 46.00 0.00 39.00 0.00 60.00 0.00 67.00 0.00 0.14121
4 46.00 0.00 39.00 0.00 67.00 0.00 74.00 0.00 0.0614444
4 46.00 0.00 39.00 0.00 74.00 0.00 81.00 0.00 0.02821855
4 47.00 0.00 46.00 0.00 48.00 0.00 49.00 0.00 5.791615
4 47.00 0.00 46.00 0.00 49.00 0.00 50.00 0.00 0.5905765
4 47.00 0.00 46.00 0.00 50.00 0.00 51.00 0.00 0.2960645
4 47.00 0.00 46.00 0.00 51.00 0.00 52.00 0.00 0.178364
4 47.00 0.00 46.00 0.00 52.00 0.00 53.00 0.00 0.161928
4 47.00 0.00 46.00 0.00 53.00 0.00 54.00 0.00 0.0794094
4 47.00 0.00 46.00 0.00 54.00 0.00 55.00 0.00 0.06056885
4 47.00 0.00 45.00 0.00 49.00 0.00 51.00 0.00 1.19889
4 47.00 0.00 45.00 0.00 51.00 0.00 53.00 0.00 0.4789535
4 47.00 0.00 45.00 0.00 53.00 0.00 55.00 0.00 0.2215295
4 47.00 0.00 45.00 0.00 55.00 0.00 57.00 0.00 0.1210065
4 47.00 0.00 45.00 0.00 57.00 0.00 59.00 0.00 0.07016825
4 47.00 0.00 45.00 0.00 59.00 0.00 61.00 0.00 0.04319705
4 47.00 0.00 45.00 0.00 61.00 0.00 63.00 0.00 0.03233185
4 47.00 0.00 44.00 0.00 50.00 0.00 53.00 0.00 1.03638
4 47.00 0.00 44.00 0.00 53.00 0.00 56.00 0.00 0.3475765
4 47.00 0.00 44.00 0.00 56.00 0.00 59.00 0.00 0.1521485
4 47.00 0.00 44.00 0.00 59.00 0.00 62.00 0.00 0.07594255
4 47.00 0.00 44.00 0.00 62.00 0.00 65.00 0.00 0.048273
4 47.00 0.00 44.00 0.00 65.00 0.00 68.00 0.00 0.0266276
4 47.00 0.00 44.00 0.00 68.00 0.00 71.00 0.00 0.0169086
4 47.00 0.00 43.00 0.00 51.00 0.00 55.00 0.00 0.891544
4 47.00 0.00 43.00 0.00 55.00 0.00 59.00 0.00 0.2639865
4 47.00 0.00 43.00 0.00 59.00 0.00 63.00 0.00 0.1127385
4 47.00 0.00 43.00 0.00 63.00 0.00 67.00 0.00 0.0562654
4 47.00 0.00 43.00 0.00 67.00 0.00 71.00 0.00 0.0286365
4 47.00 0.00 43.00 0.00 71.00 0.00 75.00 0.00 0.0177441
4 47.00 0.00 43.00 0.00 75.00 0.00 79.00 0.00 0.01293255
4 47.00 0.00 42.00 0.00 52.00 0.00 57.00 0.00 0.7770015
4 47.00 0.00 42.00 0.00 57.00 0.00 62.00 0.00 0.2075235
4 47.00 0.00 42.00 0.00 62.00 0.00 67.00 0.00 0.0876125
4 47.00 0.00 42.00 0.00 67.00 0.00 72.00 0.00 0.04185855
4 47.00 0.00 42.00 0.00 72.00 0.00 77.00 0.00 0.0193563
4 47.00 0.00 42.00 0.00 77.00 0.00 82.00 0.00 0.01519155
4 47.00 0.00 42.00 0.00 82.00 0.00 86.00 0.00 0.00819575
4 47.00 0.00 41.00 0.00 53.00 0.00 59.00 0.00 0.624551
4 47.00 0.00 41.00 0.00 59.00 0.00 65.00 0.00 0.1772585
4 47.00 0.00 41.00 0.00 65.00 0.00 71.00 0.00 0.07190235
4 47.00 0.00 41.00 0.00 71.00 0.00 77.00 0.00 0.03219825
4 47.00 0.00 41.00 0.00 77.00 0.00 83.00 0.00 0.0147205
4 47.00 0.00 41.00 0.00 83.00 0.00 88.00 0.00 0.00956253
4 47.00 0.00 41.00 0.00 88.00 0.00 94.00 0.00 0.00579156
4 47.00 0.00 40.00 0.00 54.00 0.00 61.00 0.00 0.5499255
4 47.00 0.00 40.00 0.00 61.00 0.00 68.00 0.00 0.1560725
4 47.00 0.00 40.00 0.00 68.00 0.00 75.00 0.00 0.05759085
4 47.00 0.00 40.00 0.00 75.00 0.00 82.00 0.00 0.02785475
4 47.00 0.00 40.00 0.00 82.00 0.00 88.00 0.00 0.01221525
4 47.00 0.00 40.00 0.00 88.00 0.00 95.00 0.00 0.00760653
4 48.00 0.00 47.00 0.00 49.00 0.00 50.00 0.00 5.09686
4 48.00 0.00 47.00 0.00 50.00 0.00 51.00 0.00 1.469915
4 48.00 0.00 47.00 0.00 51.00 0.00 52.00 0.00 0.6519295
4 48.00 0.00 47.00 0.00 52.00 0.00 53.00 0.00 0.469633
4 48.00 0.00 47.00 0.00 53.00 0.00 54.00 0.00 0.22358
4 48.00 0.00 47.00 0.00 54.00 0.00 55.00 0.00 0.1608035
4 48.00 0.00 47.00 0.00 55.00 0.00 56.00 0.00 0.1056345
4 48.00 0.00 46.00 0.00 50.00 0.00 52.00 0.00 2.600615
4 48.00 0.00 46.00 0.00 52.00 0.00 54.00 0.00 0.9305615
4 48.00 0.00 46.00 0.00 54.00 0.00 56.00 0.00 0.3719655
4 48.00 0.00 46.00 0.00 56.00 0.00 58.00 0.00 0.184483
4 48.00 0.00 46.00 0.00 58.00 0.00 60.00 0.00 0.1120925
4 48.00 0.00 46.00 0.00 60.00 0.00 62.00 0.00 0.06109315
4 48.00 0.00 46.00 0.00 62.00 0.00 64.00 0.00 0.04027415
4 48.00 0.00 45.00 0.00 51.00 0.00 54.00 0.00 1.95045
4 48.00 0.00 45.00 0.00 54.00 0.00 57.00 0.00 0.559645
4 48.00 0.00 45.00 0.00 57.00 0.00 60.00 0.00 0.21709
4 48.00 0.00 45.00 0.00 60.00 0.00 63.00 0.00 0.108368
4 48.00 0.00 45.00 0.00 63.00 0.00 66.00 0.00 0.060193
4 48.00 0.00 45.00 0.00 66.00 0.00 69.00 0.00 0.0348316
4 48.00 0.00 45.00 0.00 69.00 0.00 72.00 0.00 0.0209538
4 48.00 0.00 44.00 0.00 52.00 0.00 56.00 0.00 1.5714
4 48.00 0.00 44.00 0.00 56.00 0.00 60.00 0.00 0.3816505
4 48.00 0.00 44.00 0.00 60.00 0.00 64.00 0.00 0.1506835
4 48.00 0.00 44.00 0.00 64.00 0.00 68.00 0.00 0.06839315
4 48.00 0.00 44.00 0.00 68.00 0.00 72.00 0.00 0.0402254
4 48.00 0.00 44.00 0.00 72.00 0.00 76.00 0.00 0.01999325
4 48.00 0.00 44.00 0.00 76.00 0.00 80.00 0.00 0.012029
4 48.00 0.00 43.00 0.00 53.00 0.00 58.00 0.00 1.1287
4 48.00 0.00 43.00 0.00 58.00 0.00 63.00 0.00 0.280547
4 48.00 0.00 43.00 0.00 63.00 0.00 68.00 0.00 0.110502
4 48.00 0.00 43.00 0.00 68.00 0.00 73.00 0.00 0.04857355
4 48.00 0.00 43.00 0.00 73.00 0.00 78.00 0.00 0.02268565
4 48.00 0.00 43.00 0.00 78.00 0.00 83.00 0.00 0.0151414
4 48.00 0.00 43.00 0.00 83.00 0.00 87.00 0.00 0.00877937
4 48.00 0.00 42.00 0.00 54.00 0.00 60.00 0.00 0.921627
4 48.00 0.00 42.00 0.00 60.00 0.00 66.00 0.00 0.2260495
4 48.00 0.00 42.00 0.00 66.00 0.00 72.00 0.00 0.08093765
4 48.00 0.00 42.00 0.00 72.00 0.00 78.00 0.00 0.03666555
4 48.00 0.00 41.00 0.00 55.00 0.00 62.00 0.00 0.762265
4 48.00 0.00 41.00 0.00 62.00 0.00 69.00 0.00 0.18331
4 48.00 0.00 41.00 0.00 69.00 0.00 76.00 0.00 0.06477875
4 48.00 0.00 41.00 0.00 76.00 0.00 83.00 0.00 0.02915075
4 49.00 0.00 48.00 0.00 50.00 0.00 51.00 0.00 23.1144
4 49.00 0.00 48.00 0.00 51.00 0.00 52.00 0.00 4.79883
4 49.00 0.00 48.00 0.00 52.00 0.00 53.00 0.00 2.231495
4 49.00 0.00 48.00 0.00 53.00 0.00 54.00 0.00 0.75708
4 49.00 0.00 48.00 0.00 54.00 0.00 55.00 0.00 0.4537555
4 49.00 0.00 48.00 0.00 55.00 0.00 56.00 0.00 0.264311
4 49.00 0.00 48.00 0.00 56.00 0.00 57.00 0.00 0.1821245
4 49.00 0.00 47.00 0.00 51.00 0.00 53.00 0.00 8.15509
4 49.00 0.00 47.00 0.00 53.00 0.00 55.00 0.00 1.59715
4 49.00 0.00 47.00 0.00 55.00 0.00 57.00 0.00 0.6301275
4 49.00 0.00 47.00 0.00 57.00 0.00 59.00 0.00 0.2902235
4 49.00 0.00 47.00 0.00 59.00 0.00 61.00 0.00 0.159386
4 49.00 0.00 47.00 0.00 61.00 0.00 63.00 0.00 0.0956339
4 49.00 0.00 47.00 0.00 63.00 0.00 65.00 0.00 0.07663415
4 49.00 0.00 46.00 0.00 52.00 0.00 55.00 0.00 4.599245
4 49.00 0.00 46.00 0.00 55.00 0.00 58.00 0.00 0.9077775
4 49.00 0.00 46.00 0.00 58.00 0.00 61.00 0.00 0.3174655
4 49.00 0.00 46.00 0.00 61.00 0.00 64.00 0.00 0.1539195
4 49.00 0.00 46.00 0.00 64.00 0.00 67.00 0.00 0.0951453
4 49.00 0.00 46.00 0.00 67.00 0.00 70.00 0.00 0.04432835
4 49.00 0.00 46.00 0.00 70.00 0.00 73.00 0.00 0.0262006
4 49.00 0.00 45.00 0.00 53.00 0.00 57.00 0.00 2.566315
4 49.00 0.00 45.00 0.00 57.00 0.00 61.00 0.00 0.564841
4 49.00 0.00 45.00 0.00 61.00 0.00 65.00 0.00 0.226316
4 49.00 0.00 45.00 0.00 65.00 0.00 69.00 0.00 0.0893243
4 49.00 0.00 45.00 0.00 69.00 0.00 73.00 0.00 0.04745195
4 49.00 0.00 45.00 0.00 73.00 0.00 77.00 0.00 0.0242704
4 49.00 0.00 45.00 0.00 77.00 0.00 81.00 0.00 0.0162757
4 49.00 0.00 44.00 0.00 54.00 0.00 59.00 0.00 1.88881
4 49.00 0.00 44.00 0.00 59.00 0.00 64.00 0.00 0.3998345
4 49.00 0.00 44.00 0.00 64.00 0.00 69.00 0.00 0.1512035
4 49.00 0.00 44.00 0.00 69.00 0.00 74.00 0.00 0.0605752
4 49.00 0.00 44.00 0.00 74.00 0.00 79.00 0.00 0.0305193
4 49.00 0.00 43.00 0.00 55.00 0.00 61.00 0.00 1.408475
4 49.00 0.00 43.00 0.00 61.00 0.00 67.00 0.00 0.3114555
4 49.00 0.00 43.00 0.00 67.00 0.00 73.00 0.00 0.1040825
4 49.00 0.00 43.00 0.00 73.00 0.00 79.00 0.00 0.0417191
4 49.00 0.00 43.00 0.00 79.00 0.00 84.00 0.00 0.0213439
4 49.00 0.00 43.00 0.00 84.00 0.00 90.00 0.00 0.00910984
4 49.00 0.00 43.00 0.00 90.00 0.00 96.00 0.00 0.00791409
4 49.00 0.00 42.00 0.00 56.00 0.00 63.00 0.00 1.115945
4 49.00 0.00 42.00 0.00 63.00 0.00 70.00 0.00 0.244355
4 49.00 0.00 42.00 0.00 70.00 0.00 77.00 0.00 0.0732728
4 49.00 0.00 42.00 0.00 90.00 0.00 97.00 0.00 0.00990935
4 50.00 0.00 49.00 0.00 51.00 0.00 52.00 0.00 17.97995
4 50.00 0.00 49.00 0.00 52.00 0.00 53.00 0.00 4.976565
4 50.00 0.00 49.00 0.00 53.00 0.00 54.00 0.00 1.060135
4 50.00 0.00 49.00 0.00 54.00 0.00 55.00 0.00 0.4950855
4 50.00 0.00 49.00 0.00 55.00 0.00 56.00 0.00 0.257107
4 50.00 0.00 49.00 0.00 56.00 0.00 57.00 0.00 0.157109
4 50.00 0.00 49.00 0.00 57.00 0.00 58.00 0.00 0.10021955
4 50.00 0.00 48.00 0.00 52.00 0.00 54.00 0.00 9.02721
4 50.00 0.00 48.00 0.00 54.00 0.00 56.00 0.00 1.470935
4 50.00 0.00 48.00 0.00 56.00 0.00 58.00 0.00 0.561671
4 50.00 0.00 48.00 0.00 58.00 0.00 60.00 0.00 0.242372
4 50.00 0.00 48.00 0.00 60.00 0.00 62.00 0.00 0.1439685
4 50.00 0.00 48.00 0.00 62.00 0.00 64.00 0.00 0.0792117
4 50.00 0.00 48.00 0.00 64.00 0.00 66.00 0.00 0.0670812
4 50.00 0.00 47.00 0.00 53.00 0.00 56.00 0.00 3.77883
4 50.00 0.00 47.00 0.00 56.00 0.00 59.00 0.00 0.8672685
4 50.00 0.00 47.00 0.00 59.00 0.00 62.00 0.00 0.3242035
4 50.00 0.00 47.00 0.00 62.00 0.00 65.00 0.00 0.162341
4 50.00 0.00 47.00 0.00 65.00 0.00 68.00 0.00 0.0707077
4 50.00 0.00 47.00 0.00 68.00 0.00 71.00 0.00 0.04336615
4 50.00 0.00 47.00 0.00 71.00 0.00 74.00 0.00 0.02610625
4 50.00 0.00 46.00 0.00 54.00 0.00 58.00 0.00 2.591915
4 50.00 0.00 46.00 0.00 58.00 0.00 62.00 0.00 0.5545835
4 50.00 0.00 46.00 0.00 62.00 0.00 66.00 0.00 0.2114045
4 50.00 0.00 46.00 0.00 66.00 0.00 70.00 0.00 0.0830816
4 50.00 0.00 46.00 0.00 70.00 0.00 74.00 0.00 0.05082745
4 50.00 0.00 45.00 0.00 55.00 0.00 60.00 0.00 1.843835
4 50.00 0.00 45.00 0.00 60.00 0.00 65.00 0.00 0.421712
4 50.00 0.00 45.00 0.00 65.00 0.00 70.00 0.00 0.1335385
4 50.00 0.00 45.00 0.00 70.00 0.00 75.00 0.00 0.0536727
4 50.00 0.00 45.00 0.00 75.00 0.00 80.00 0.00 0.0307701
4 50.00 0.00 45.00 0.00 80.00 0.00 84.00 0.00 0.0157945
4 50.00 0.00 45.00 0.00 84.00 0.00 89.00 0.00 0.0088239
4 50.00 0.00 44.00 0.00 56.00 0.00 62.00 0.00 1.416625
4 50.00 0.00 44.00 0.00 62.00 0.00 68.00 0.00 0.3056545
4 50.00 0.00 44.00 0.00 68.00 0.00 74.00 0.00 0.0977634
4 50.00 0.00 44.00 0.00 74.00 0.00 80.00 0.00 0.03916715
4 50.00 0.00 44.00 0.00 80.00 0.00 85.00 0.00 0.0230508
4 50.00 0.00 44.00 0.00 85.00 0.00 91.00 0.00 0.00688084
4 50.00 0.00 43.00 0.00 57.00 0.00 64.00 0.00 1.108955
4 50.00 0.00 43.00 0.00 64.00 0.00 71.00 0.00 0.238946
4 50.00 0.00 43.00 0.00 71.00 0.00 78.00 0.00 0.07319725
4 50.00 0.00 43.00 0.00 78.00 0.00 84.00 0.00 0.03073755
4 50.00 0.00 43.00 0.00 84.00 0.00 91.00 0.00 0.01308605
4 50.00 0.00 43.00 0.00 91.00 0.00 98.00 0.00 0.00850055
4 50.00 0.00 43.00 0.00 98.00 0.00 105.00 0.00 0.00675004
4 51.00 0.00 50.00 0.00 52.00 0.00 53.00 0.00 25.98035
4 51.00 0.00 50.00 0.00 53.00 0.00 54.00 0.00 3.025785
4 51.00 0.00 50.00 0.00 54.00 0.00 55.00 0.00 1.009755
4 51.00 0.00 50.00 0.00 55.00 0.00 56.00 0.00 0.4378375
4 51.00 0.00 50.00 0.00 56.00 0.00 57.00 0.00 0.232742
4 51.00 0.00 50.00 0.00 57.00 0.00 58.00 0.00 0.140088
4 51.00 0.00 50.00 0.00 58.00 0.00 59.00 0.00 0.09850695
4 51.00 0.00 49.00 0.00 53.00 0.00 55.00 0.00 5.590115
4 51.00 0.00 49.00 0.00 55.00 0.00 57.00 0.00 1.08676
4 51.00 0.00 49.00 0.00 57.00 0.00 59.00 0.00 0.4004375
4 51.00 0.00 49.00 0.00 59.00 0.00 61.00 0.00 0.165337
4 51.00 0.00 49.00 0.00 61.00 0.00 63.00 0.00 0.1052105
4 51.00 0.00 49.00 0.00 63.00 0.00 65.00 0.00 0.0532521
4 51.00 0.00 49.00 0.00 65.00 0.00 67.00 0.00 0.0308641
4 51.00 0.00 48.00 0.00 54.00 0.00 57.00 0.00 3.49047
4 51.00 0.00 48.00 0.00 57.00 0.00 60.00 0.00 0.7553295
4 51.00 0.00 48.00 0.00 60.00 0.00 63.00 0.00 0.2825465
4 51.00 0.00 48.00 0.00 63.00 0.00 66.00 0.00 0.1408675
4 51.00 0.00 48.00 0.00 66.00 0.00 69.00 0.00 0.06244525
4 51.00 0.00 48.00 0.00 69.00 0.00 72.00 0.00 0.0337392
4 51.00 0.00 48.00 0.00 72.00 0.00 75.00 0.00 0.01609635
4 51.00 0.00 47.00 0.00 55.00 0.00 59.00 0.00 2.40874
4 51.00 0.00 47.00 0.00 59.00 0.00 63.00 0.00 0.5266145
4 51.00 0.00 47.00 0.00 63.00 0.00 67.00 0.00 0.1945145
4 51.00 0.00 47.00 0.00 67.00 0.00 71.00 0.00 0.0873223
4 51.00 0.00 47.00 0.00 71.00 0.00 75.00 0.00 0.0365353
4 51.00 0.00 47.00 0.00 75.00 0.00 79.00 0.00 0.0287243
4 51.00 0.00 47.00 0.00 79.00 0.00 83.00 0.00 0.0126897
4 51.00 0.00 46.00 0.00 56.00 0.00 61.00 0.00 1.76927
4 51.00 0.00 46.00 0.00 61.00 0.00 66.00 0.00 0.406631
4 51.00 0.00 46.00 0.00 66.00 0.00 71.00 0.00 0.122576
4 51.00 0.00 46.00 0.00 71.00 0.00 76.00 0.00 0.0507119
4 51.00 0.00 45.00 0.00 57.00 0.00 63.00 0.00 1.36252
4 51.00 0.00 45.00 0.00 63.00 0.00 69.00 0.00 0.296562
4 51.00 0.00 45.00 0.00 69.00 0.00 75.00 0.00 0.085075
4 51.00 0.00 45.00 0.00 75.00 0.00 81.00 0.00 0.04559515
4 51.00 0.00 45.00 0.00 81.00 0.00 86.00 0.00 0.01909
4 51.00 0.00 45.00 0.00 86.00 0.00 92.00 0.00 0.00991791
4 51.00 0.00 45.00 0.00 92.00 0.00 98.00 0.00 0.00231971
4 51.00 0.00 44.00 0.00 58.00 0.00 65.00 0.00 1.09744
4 51.00 0.00 44.00 0.00 65.00 0.00 72.00 0.00 0.213571
4 51.00 0.00 44.00 0.00 72.00 0.00 79.00 0.00 0.06850925
4 51.00 0.00 44.00 0.00 79.00 0.00 85.00 0.00 0.02898055
4 52.00 0.00 51.00 0.00 53.00 0.00 54.00 0.00 13.10675
4 52.00 0.00 51.00 0.00 54.00 0.00 55.00 0.00 2.42134
4 52.00 0.00 51.00 0.00 55.00 0.00 56.00 0.00 0.7912275
4 52.00 0.00 51.00 0.00 56.00 0.00 57.00 0.00 0.3585535
4 52.00 0.00 51.00 0.00 57.00 0.00 58.00 0.00 0.1936475
4 52.00 0.00 51.00 0.00 58.00 0.00 59.00 0.00 0.115399
4 52.00 0.00 51.00 0.00 59.00 0.00 60.00 0.00 0.07217085
4 52.00 0.00 50.00 0.00 54.00 0.00 56.00 0.00 4.6609
4 52.00 0.00 50.00 0.00 56.00 0.00 58.00 0.00 0.9286465
4 52.00 0.00 50.00 0.00 58.00 0.00 60.00 0.00 0.3400005
4 52.00 0.00 50.00 0.00 60.00 0.00 62.00 0.00 0.16347
4 52.00 0.00 50.00 0.00 62.00 0.00 64.00 0.00 0.0961571
4 52.00 0.00 50.00 0.00 64.00 0.00 66.00 0.00 0.04036775
4 52.00 0.00 50.00 0.00 66.00 0.00 68.00 0.00 0.03104385
4 52.00 0.00 49.00 0.00 55.00 0.00 58.00 0.00 2.670855
4 52.00 0.00 49.00 0.00 58.00 0.00 61.00 0.00 0.5651955
4 52.00 0.00 49.00 0.00 61.00 0.00 64.00 0.00 0.2372115
4 52.00 0.00 49.00 0.00 64.00 0.00 67.00 0.00 0.08216695
4 52.00 0.00 49.00 0.00 67.00 0.00 70.00 0.00 0.0498133
4 52.00 0.00 49.00 0.00 70.00 0.00 73.00 0.00 0.0264858
4 52.00 0.00 49.00 0.00 73.00 0.00 76.00 0.00 0.0135404
4 52.00 0.00 48.00 0.00 56.00 0.00 60.00 0.00 2.069385
4 52.00 0.00 48.00 0.00 60.00 0.00 64.00 0.00 0.483883
4 52.00 0.00 48.00 0.00 64.00 0.00 68.00 0.00 0.168579
4 52.00 0.00 48.00 0.00 68.00 0.00 72.00 0.00 0.07125725
4 52.00 0.00 48.00 0.00 72.00 0.00 76.00 0.00 0.0324079
4 52.00 0.00 48.00 0.00 76.00 0.00 80.00 0.00 0.0231483
4 52.00 0.00 47.00 0.00 57.00 0.00 62.00 0.00 1.612545
4 52.00 0.00 47.00 0.00 62.00 0.00 67.00 0.00 0.3625485
4 52.00 0.00 47.00 0.00 67.00 0.00 72.00 0.00 0.124875
4 52.00 0.00 47.00 0.00 72.00 0.00 77.00 0.00 0.0508668
4 52.00 0.00 47.00 0.00 77.00 0.00 82.00 0.00 0.02517725
4 52.00 0.00 47.00 0.00 82.00 0.00 86.00 0.00 0.0120805
4 52.00 0.00 47.00 0.00 86.00 0.00 91.00 0.00 0.00388618
4 52.00 0.00 46.00 0.00 58.00 0.00 64.00 0.00 1.29526
4 52.00 0.00 46.00 0.00 64.00 0.00 70.00 0.00 0.2505985
4 52.00 0.00 46.00 0.00 70.00 0.00 76.00 0.00 0.08083705
4 52.00 0.00 46.00 0.00 76.00 0.00 82.00 0.00 0.0388628
4 52.00 0.00 45.00 0.00 59.00 0.00 66.00 0.00 1.040145
4 52.00 0.00 45.00 0.00 66.00 0.00 73.00 0.00 0.2048615
4 52.00 0.00 45.00 0.00 73.00 0.00 80.00 0.00 0.0649561
4 52.00 0.00 45.00 0.00 80.00 0.00 86.00 0.00 0.026846
4 52.00 0.00 45.00 0.00 86.00 0.00 93.00 0.00 0.0126982
4 52.00 0.00 45.00 0.00 93.00 0.00 100.00 0.00 0.00804999
4 53.00 0.00 52.00 0.00 54.00 0.00 55.00 0.00 18.3456
4 53.00 0.00 52.00 0.00 55.00 0.00 56.00 0.00 3.039695
4 53.00 0.00 52.00 0.00 56.00 0.00 57.00 0.00 0.960205
4 53.00 0.00 52.00 0.00 57.00 0.00 58.00 0.00 0.4158005
4 53.00 0.00 52.00 0.00 58.00 0.00 59.00 0.00 0.2070005
4 53.00 0.00 52.00 0.00 59.00 0.00 60.00 0.00 0.130573
4 53.00 0.00 52.00 0.00 60.00 0.00 61.00 0.00 0.08889175
4 53.00 0.00 51.00 0.00 55.00 0.00 57.00 0.00 5.14624
4 53.00 0.00 51.00 0.00 57.00 0.00 59.00 0.00 0.9349865
4 53.00 0.00 51.00 0.00 59.00 0.00 61.00 0.00 0.338871
4 53.00 0.00 51.00 0.00 61.00 0.00 63.00 0.00 0.1884105
4 53.00 0.00 51.00 0.00 63.00 0.00 65.00 0.00 0.0932799
4 53.00 0.00 51.00 0.00 65.00 0.00 67.00 0.00 0.05183565
4 53.00 0.00 51.00 0.00 67.00 0.00 69.00 0.00 0.03698905
4 53.00 0.00 50.00 0.00 56.00 0.00 59.00 0.00 2.721435
4 53.00 0.00 50.00 0.00 59.00 0.00 62.00 0.00 0.570614
4 53.00 0.00 50.00 0.00 62.00 0.00 65.00 0.00 0.2228095
4 53.00 0.00 50.00 0.00 65.00 0.00 68.00 0.00 0.0943904
4 53.00 0.00 50.00 0.00 68.00 0.00 71.00 0.00 0.0466092
4 53.00 0.00 50.00 0.00 71.00 0.00 74.00 0.00 0.0289721
4 53.00 0.00 50.00 0.00 74.00 0.00 77.00 0.00 0.01559135
4 53.00 0.00 49.00 0.00 57.00 0.00 61.00 0.00 1.83493
4 53.00 0.00 49.00 0.00 61.00 0.00 65.00 0.00 0.443343
4 53.00 0.00 49.00 0.00 65.00 0.00 69.00 0.00 0.1432205
4 53.00 0.00 49.00 0.00 69.00 0.00 73.00 0.00 0.06066415
4 53.00 0.00 49.00 0.00 73.00 0.00 77.00 0.00 0.0252962
4 53.00 0.00 49.00 0.00 77.00 0.00 81.00 0.00 0.0193326
4 53.00 0.00 49.00 0.00 81.00 0.00 84.00 0.00 0.00959356
4 53.00 0.00 48.00 0.00 58.00 0.00 63.00 0.00 1.525705
4 53.00 0.00 48.00 0.00 63.00 0.00 68.00 0.00 0.3483585
4 53.00 0.00 48.00 0.00 68.00 0.00 73.00 0.00 0.115105
4 53.00 0.00 48.00 0.00 73.00 0.00 78.00 0.00 0.0466677
4 53.00 0.00 48.00 0.00 78.00 0.00 83.00 0.00 0.02058535
4 53.00 0.00 48.00 0.00 83.00 0.00 87.00 0.00 0.0125414
4 53.00 0.00 48.00 0.00 87.00 0.00 92.00 0.00 0.00746952
4 53.00 0.00 47.00 0.00 59.00 0.00 65.00 0.00 1.27562
4 53.00 0.00 47.00 0.00 65.00 0.00 71.00 0.00 0.2605445
4 53.00 0.00 47.00 0.00 71.00 0.00 77.00 0.00 0.08447415
4 53.00 0.00 47.00 0.00 77.00 0.00 83.00 0.00 0.0351095
4 53.00 0.00 47.00 0.00 83.00 0.00 88.00 0.00 0.01695785
4 53.00 0.00 47.00 0.00 88.00 0.00 94.00 0.00 0.00864514
4 53.00 0.00 47.00 0.00 94.00 0.00 100.00 0.00 0.00670066
4 53.00 0.00 46.00 0.00 60.00 0.00 67.00 0.00 1.05613
4 53.00 0.00 46.00 0.00 67.00 0.00 74.00 0.00 0.210284
4 53.00 0.00 46.00 0.00 74.00 0.00 81.00 0.00 0.06008475
4 53.00 0.00 46.00 0.00 81.00 0.00 87.00 0.00 0.02532415
4 54.00 0.00 53.00 0.00 55.00 0.00 56.00 0.00 16.52485
4 54.00 0.00 53.00 0.00 56.00 0.00 57.00 0.00 2.556605
4 54.00 0.00 53.00 0.00 57.00 0.00 58.00 0.00 0.785728
4 54.00 0.00 53.00 0.00 58.00 0.00 59.00 0.00 0.331665
4 54.00 0.00 53.00 0.00 59.00 0.00 60.00 0.00 0.16323
4 54.00 0.00 53.00 0.00 60.00 0.00 61.00 0.00 0.101005
4 54.00 0.00 53.00 0.00 61.00 0.00 62.00 0.00 0.0808346
4 54.00 0.00 52.00 0.00 56.00 0.00 58.00 0.00 4.71075
4 54.00 0.00 52.00 0.00 58.00 0.00 60.00 0.00 0.8338585
4 54.00 0.00 52.00 0.00 60.00 0.00 62.00 0.00 0.337983
4 54.00 0.00 52.00 0.00 62.00 0.00 64.00 0.00 0.1777755
4 54.00 0.00 52.00 0.00 64.00 0.00 66.00 0.00 0.08362015
4 54.00 0.00 52.00 0.00 66.00 0.00 68.00 0.00 0.05312715
4 54.00 0.00 52.00 0.00 68.00 0.00 70.00 0.00 0.03284335
4 54.00 0.00 51.00 0.00 57.00 0.00 60.00 0.00 2.414385
4 54.00 0.00 51.00 0.00 60.00 0.00 63.00 0.00 0.556734
4 54.00 0.00 51.00 0.00 63.00 0.00 66.00 0.00 0.2128735
4 54.00 0.00 51.00 0.00 66.00 0.00 69.00 0.00 0.09025715
4 54.00 0.00 51.00 0.00 69.00 0.00 72.00 0.00 0.04519
4 54.00 0.00 51.00 0.00 72.00 0.00 75.00 0.00 0.02634265
4 54.00 0.00 51.00 0.00 75.00 0.00 78.00 0.00 0.01762105
4 54.00 0.00 50.00 0.00 58.00 0.00 62.00 0.00 1.67234
4 54.00 0.00 50.00 0.00 62.00 0.00 66.00 0.00 0.3991295
4 54.00 0.00 50.00 0.00 66.00 0.00 70.00 0.00 0.135393
4 54.00 0.00 50.00 0.00 70.00 0.00 74.00 0.00 0.05777505
4 54.00 0.00 50.00 0.00 74.00 0.00 78.00 0.00 0.02465245
4 54.00 0.00 50.00 0.00 78.00 0.00 82.00 0.00 0.01708275
4 54.00 0.00 50.00 0.00 82.00 0.00 85.00 0.00 0.00970531
4 54.00 0.00 49.00 0.00 59.00 0.00 64.00 0.00 1.325905
4 54.00 0.00 49.00 0.00 64.00 0.00 69.00 0.00 0.2742125
4 54.00 0.00 49.00 0.00 69.00 0.00 74.00 0.00 0.09561945
4 54.00 0.00 49.00 0.00 74.00 0.00 79.00 0.00 0.0383334
4 54.00 0.00 49.00 0.00 88.00 0.00 93.00 0.00 0.00510753
4 54.00 0.00 48.00 0.00 60.00 0.00 66.00 0.00 1.189485
4 54.00 0.00 48.00 0.00 66.00 0.00 72.00 0.00 0.234938
4 54.00 0.00 48.00 0.00 72.00 0.00 78.00 0.00 0.0782677
4 54.00 0.00 48.00 0.00 89.00 0.00 95.00 0.00 0.00700932
4 54.00 0.00 48.00 0.00 95.00 0.00 101.00 0.00 0.00602888
4 54.00 0.00 47.00 0.00 61.00 0.00 68.00 0.00 1.024475
4 54.00 0.00 47.00 0.00 68.00 0.00 75.00 0.00 0.184682
4 54.00 0.00 47.00 0.00 75.00 0.00 82.00 0.00 0.0686127
4 54.00 0.00 47.00 0.00 82.00 0.00 88.00 0.00 0.02380965
4 54.00 0.00 47.00 0.00 88.00 0.00 95.00 0.00 0.01134234
4 54.00 0.00 47.00 0.00 102.00 0.00 109.00 0.00 0.0047757
4 55.00 0.00 54.00 0.00 56.00 0.00 57.00 0.00 14.87905
4 55.00 0.00 54.00 0.00 57.00 0.00 58.00 0.00 2.565285
4 55.00 0.00 54.00 0.00 58.00 0.00 59.00 0.00 0.747871
4 55.00 0.00 54.00 0.00 59.00 0.00 60.00 0.00 0.299867
4 55.00 0.00 54.00 0.00 60.00 0.00 61.00 0.00 0.165067
4 55.00 0.00 54.00 0.00 61.00 0.00 62.00 0.00 0.123863
4 55.00 0.00 54.00 0.00 62.00 0.00 63.00 0.00 0.07432795
4 55.00 0.00 53.00 0.00 57.00 0.00 59.00 0.00 4.429925
4 55.00 0.00 53.00 0.00 59.00 0.00 61.00 0.00 0.731427
4 55.00 0.00 53.00 0.00 61.00 0.00 63.00 0.00 0.328903
4 55.00 0.00 53.00 0.00 63.00 0.00 65.00 0.00 0.1627705
4 55.00 0.00 53.00 0.00 65.00 0.00 67.00 0.00 0.077805
4 55.00 0.00 53.00 0.00 67.00 0.00 69.00 0.00 0.0501201
4 55.00 0.00 53.00 0.00 69.00 0.00 71.00 0.00 0.028915
4 55.00 0.00 52.00 0.00 58.00 0.00 61.00 0.00 2.238
4 55.00 0.00 52.00 0.00 61.00 0.00 64.00 0.00 0.5836275
4 55.00 0.00 52.00 0.00 64.00 0.00 67.00 0.00 0.192428
4 55.00 0.00 52.00 0.00 67.00 0.00 70.00 0.00 0.0955327
4 55.00 0.00 52.00 0.00 70.00 0.00 73.00 0.00 0.0457369
4 55.00 0.00 52.00 0.00 73.00 0.00 76.00 0.00 0.02450425
4 55.00 0.00 52.00 0.00 76.00 0.00 79.00 0.00 0.01833635
4 55.00 0.00 51.00 0.00 59.00 0.00 63.00 0.00 1.581055
4 55.00 0.00 51.00 0.00 63.00 0.00 67.00 0.00 0.386543
4 55.00 0.00 51.00 0.00 67.00 0.00 71.00 0.00 0.1362415
4 55.00 0.00 51.00 0.00 71.00 0.00 75.00 0.00 0.0542456
4 55.00 0.00 51.00 0.00 75.00 0.00 79.00 0.00 0.026158
4 55.00 0.00 51.00 0.00 79.00 0.00 83.00 0.00 0.0157678
4 55.00 0.00 51.00 0.00 83.00 0.00 86.00 0.00 0.00890414
4 55.00 0.00 50.00 0.00 60.00 0.00 65.00 0.00 1.29665
4 55.00 0.00 50.00 0.00 65.00 0.00 70.00 0.00 0.2758525
4 55.00 0.00 50.00 0.00 70.00 0.00 75.00 0.00 0.086516
4 55.00 0.00 50.00 0.00 75.00 0.00 80.00 0.00 0.04251135
4 55.00 0.00 50.00 0.00 80.00 0.00 84.00 0.00 0.01778235
4 55.00 0.00 50.00 0.00 84.00 0.00 89.00 0.00 0.0101663
4 55.00 0.00 49.00 0.00 61.00 0.00 67.00 0.00 1.09201
4 55.00 0.00 49.00 0.00 67.00 0.00 73.00 0.00 0.2200005
4 55.00 0.00 49.00 0.00 73.00 0.00 79.00 0.00 0.06720025
4 55.00 0.00 49.00 0.00 79.00 0.00 84.00 0.00 0.02744095
4 55.00 0.00 49.00 0.00 84.00 0.00 90.00 0.00 0.010393
4 55.00 0.00 49.00 0.00 90.00 0.00 96.00 0.00 0.00879857
4 55.00 0.00 49.00 0.00 96.00 0.00 102.00 0.00 0.0041247
4 55.00 0.00 48.00 0.00 62.00 0.00 69.00 0.00 0.942949
4 55.00 0.00 48.00 0.00 69.00 0.00 76.00 0.00 0.172016
4 55.00 0.00 48.00 0.00 76.00 0.00 83.00 0.00 0.06084815
4 55.00 0.00 48.00 0.00 83.00 0.00 89.00 0.00 0.02331705
4 55.00 0.00 48.00 0.00 89.00 0.00 96.00 0.00 0.0122726
4 56.00 0.00 55.00 0.00 57.00 0.00 58.00 0.00 17.95235
4 56.00 0.00 55.00 0.00 58.00 0.00 59.00 0.00 2.572345
4 56.00 0.00 55.00 0.00 59.00 0.00 60.00 0.00 0.628835
4 56.00 0.00 55.00 0.00 60.00 0.00 61.00 0.00 0.264259
4 56.00 0.00 55.00 0.00 61.00 0.00 62.00 0.00 0.169896
4 56.00 0.00 55.00 0.00 62.00 0.00 63.00 0.00 0.102793
4 56.00 0.00 55.00 0.00 63.00 0.00 64.00 0.00 0.07695855
4 56.00 0.00 54.00 0.00 58.00 0.00 60.00 0.00 4.25065
4 56.00 0.00 54.00 0.00 60.00 0.00 62.00 0.00 0.7276465
4 56.00 0.00 54.00 0.00 62.00 0.00 64.00 0.00 0.3109925
4 56.00 0.00 54.00 0.00 64.00 0.00 66.00 0.00 0.1430595
4 56.00 0.00 54.00 0.00 66.00 0.00 68.00 0.00 0.07174465
4 56.00 0.00 54.00 0.00 68.00 0.00 70.00 0.00 0.04913615
4 56.00 0.00 54.00 0.00 70.00 0.00 72.00 0.00 0.02734165
4 56.00 0.00 53.00 0.00 59.00 0.00 62.00 0.00 1.995665
4 56.00 0.00 53.00 0.00 62.00 0.00 65.00 0.00 0.5109045
4 56.00 0.00 53.00 0.00 65.00 0.00 68.00 0.00 0.181697
4 56.00 0.00 53.00 0.00 68.00 0.00 71.00 0.00 0.0843206
4 56.00 0.00 53.00 0.00 71.00 0.00 74.00 0.00 0.0430174
4 56.00 0.00 53.00 0.00 74.00 0.00 77.00 0.00 0.0222957
4 56.00 0.00 53.00 0.00 77.00 0.00 80.00 0.00 0.01645655
4 56.00 0.00 52.00 0.00 60.00 0.00 64.00 0.00 1.54711
4 56.00 0.00 52.00 0.00 64.00 0.00 68.00 0.00 0.354568
4 56.00 0.00 52.00 0.00 68.00 0.00 72.00 0.00 0.1279425
4 56.00 0.00 52.00 0.00 72.00 0.00 76.00 0.00 0.0515519
4 56.00 0.00 52.00 0.00 76.00 0.00 80.00 0.00 0.0276052
4 56.00 0.00 51.00 0.00 61.00 0.00 66.00 0.00 1.27987
4 56.00 0.00 51.00 0.00 66.00 0.00 71.00 0.00 0.2629005
4 56.00 0.00 51.00 0.00 71.00 0.00 76.00 0.00 0.08588965
4 56.00 0.00 51.00 0.00 76.00 0.00 81.00 0.00 0.0421419
4 56.00 0.00 50.00 0.00 62.00 0.00 68.00 0.00 1.006155
4 56.00 0.00 50.00 0.00 68.00 0.00 74.00 0.00 0.2057735
4 56.00 0.00 50.00 0.00 74.00 0.00 80.00 0.00 0.06509295
4 56.00 0.00 50.00 0.00 80.00 0.00 85.00 0.00 0.0267265
4 56.00 0.00 50.00 0.00 91.00 0.00 97.00 0.00 0.0137098
4 56.00 0.00 49.00 0.00 63.00 0.00 70.00 0.00 0.835641
4 56.00 0.00 49.00 0.00 70.00 0.00 77.00 0.00 0.1557595
4 57.00 0.00 56.00 0.00 58.00 0.00 59.00 0.00 17.8264
4 57.00 0.00 56.00 0.00 59.00 0.00 60.00 0.00 2.348405
4 57.00 0.00 56.00 0.00 60.00 0.00 61.00 0.00 0.621824
4 57.00 0.00 56.00 0.00 61.00 0.00 62.00 0.00 0.324864
4 57.00 0.00 56.00 0.00 62.00 0.00 63.00 0.00 0.171255
4 57.00 0.00 56.00 0.00 63.00 0.00 64.00 0.00 0.1179805
4 57.00 0.00 56.00 0.00 64.00 0.00 65.00 0.00 0.07057305
4 57.00 0.00 55.00 0.00 59.00 0.00 61.00 0.00 3.86129
4 57.00 0.00 55.00 0.00 61.00 0.00 63.00 0.00 0.770912
4 57.00 0.00 55.00 0.00 63.00 0.00 65.00 0.00 0.3135865
4 57.00 0.00 55.00 0.00 65.00 0.00 67.00 0.00 0.133553
4 57.00 0.00 55.00 0.00 67.00 0.00 69.00 0.00 0.0771813
4 57.00 0.00 55.00 0.00 69.00 0.00 71.00 0.00 0.0445149
4 57.00 0.00 55.00 0.00 71.00 0.00 73.00 0.00 0.02858025
4 57.00 0.00 54.00 0.00 60.00 0.00 63.00 0.00 2.02051
4 57.00 0.00 54.00 0.00 63.00 0.00 66.00 0.00 0.515136
4 57.00 0.00 54.00 0.00 66.00 0.00 69.00 0.00 0.179646
4 57.00 0.00 54.00 0.00 69.00 0.00 72.00 0.00 0.08177375
4 57.00 0.00 54.00 0.00 72.00 0.00 75.00 0.00 0.04106945
4 57.00 0.00 54.00 0.00 75.00 0.00 78.00 0.00 0.02549745
4 57.00 0.00 54.00 0.00 78.00 0.00 81.00 0.00 0.01528035
4 57.00 0.00 53.00 0.00 61.00 0.00 65.00 0.00 1.57595
4 57.00 0.00 53.00 0.00 65.00 0.00 69.00 0.00 0.340015
4 57.00 0.00 53.00 0.00 69.00 0.00 73.00 0.00 0.120713
4 57.00 0.00 53.00 0.00 73.00 0.00 77.00 0.00 0.0497871
4 57.00 0.00 53.00 0.00 77.00 0.00 81.00 0.00 0.02665355
4 57.00 0.00 53.00 0.00 81.00 0.00 84.00 0.00 0.01326325
4 57.00 0.00 53.00 0.00 84.00 0.00 88.00 0.00 0.00769176
4 57.00 0.00 52.00 0.00 62.00 0.00 67.00 0.00 1.220245
4 57.00 0.00 52.00 0.00 67.00 0.00 72.00 0.00 0.2668005
4 57.00 0.00 52.00 0.00 72.00 0.00 77.00 0.00 0.08712055
4 57.00 0.00 52.00 0.00 77.00 0.00 82.00 0.00 0.0381349
4 57.00 0.00 52.00 0.00 82.00 0.00 86.00 0.00 0.01613975
4 57.00 0.00 52.00 0.00 91.00 0.00 96.00 0.00 0.0079934
4 57.00 0.00 51.00 0.00 63.00 0.00 69.00 0.00 0.9950365
4 57.00 0.00 51.00 0.00 69.00 0.00 75.00 0.00 0.1940105
4 57.00 0.00 51.00 0.00 75.00 0.00 81.00 0.00 0.0678103
4 57.00 0.00 51.00 0.00 81.00 0.00 86.00 0.00 0.02514135
4 57.00 0.00 51.00 0.00 86.00 0.00 92.00 0.00 0.0108672
4 57.00 0.00 50.00 0.00 64.00 0.00 71.00 0.00 0.7777405
4 57.00 0.00 50.00 0.00 71.00 0.00 78.00 0.00 0.154033
4 57.00 0.00 50.00 0.00 78.00 0.00 84.00 0.00 0.0482825
4 57.00 0.00 50.00 0.00 84.00 0.00 91.00 0.00 0.0166385
4 57.00 0.00 50.00 0.00 91.00 0.00 98.00 0.00 0.00982621
4 58.00 0.00 57.00 0.00 59.00 0.00 60.00 0.00 13.63645
4 58.00 0.00 57.00 0.00 60.00 0.00 61.00 0.00 1.943665
4 58.00 0.00 57.00 0.00 61.00 0.00 62.00 0.00 0.708159
4 58.00 0.00 57.00 0.00 62.00 0.00 63.00 0.00 0.2969785
4 58.00 0.00 57.00 0.00 63.00 0.00 64.00 0.00 0.1957325
4 58.00 0.00 57.00 0.00 64.00 0.00 65.00 0.00 0.105756
4 58.00 0.00 57.00 0.00 65.00 0.00 66.00 0.00 0.06778335
4 58.00 0.00 56.00 0.00 60.00 0.00 62.00 0.00 3.599835
4 58.00 0.00 56.00 0.00 62.00 0.00 64.00 0.00 0.78068
4 58.00 0.00 56.00 0.00 64.00 0.00 66.00 0.00 0.2920025
4 58.00 0.00 56.00 0.00 66.00 0.00 68.00 0.00 0.139625
4 58.00 0.00 56.00 0.00 68.00 0.00 70.00 0.00 0.0755108
4 58.00 0.00 56.00 0.00 70.00 0.00 72.00 0.00 0.04353405
4 58.00 0.00 56.00 0.00 72.00 0.00 74.00 0.00 0.0275239
4 58.00 0.00 55.00 0.00 61.00 0.00 64.00 0.00 2.16625
4 58.00 0.00 55.00 0.00 64.00 0.00 67.00 0.00 0.4735435
4 58.00 0.00 55.00 0.00 67.00 0.00 70.00 0.00 0.1813555
4 58.00 0.00 55.00 0.00 70.00 0.00 73.00 0.00 0.081615
4 58.00 0.00 55.00 0.00 73.00 0.00 76.00 0.00 0.0438123
4 58.00 0.00 55.00 0.00 76.00 0.00 79.00 0.00 0.02046345
4 58.00 0.00 55.00 0.00 79.00 0.00 82.00 0.00 0.0140229
4 58.00 0.00 54.00 0.00 62.00 0.00 66.00 0.00 1.530585
4 58.00 0.00 54.00 0.00 66.00 0.00 70.00 0.00 0.3367835
4 58.00 0.00 54.00 0.00 70.00 0.00 74.00 0.00 0.1198995
4 58.00 0.00 54.00 0.00 74.00 0.00 78.00 0.00 0.0491188
4 58.00 0.00 54.00 0.00 78.00 0.00 82.00 0.00 0.02779395
4 58.00 0.00 54.00 0.00 82.00 0.00 85.00 0.00 0.01330625
4 58.00 0.00 54.00 0.00 85.00 0.00 89.00 0.00 0.00714417
4 58.00 0.00 53.00 0.00 63.00 0.00 68.00 0.00 1.21585
4 58.00 0.00 53.00 0.00 68.00 0.00 73.00 0.00 0.250611
4 58.00 0.00 53.00 0.00 73.00 0.00 78.00 0.00 0.0804505
4 58.00 0.00 53.00 0.00 78.00 0.00 83.00 0.00 0.035729
4 58.00 0.00 53.00 0.00 83.00 0.00 87.00 0.00 0.019858
4 58.00 0.00 52.00 0.00 64.00 0.00 70.00 0.00 0.941139
4 58.00 0.00 52.00 0.00 70.00 0.00 76.00 0.00 0.194875
4 58.00 0.00 52.00 0.00 76.00 0.00 82.00 0.00 0.0622877
4 58.00 0.00 52.00 0.00 82.00 0.00 87.00 0.00 0.0254923
4 58.00 0.00 52.00 0.00 87.00 0.00 93.00 0.00 0.0137312
4 58.00 0.00 52.00 0.00 93.00 0.00 99.00 0.00 0.00668483
4 58.00 0.00 51.00 0.00 65.00 0.00 72.00 0.00 0.770495
4 58.00 0.00 51.00 0.00 72.00 0.00 79.00 0.00 0.150853
4 58.00 0.00 51.00 0.00 79.00 0.00 85.00 0.00 0.04853615
4 58.00 0.00 51.00 0.00 85.00 0.00 92.00 0.00 0.01825735
4 58.00 0.00 51.00 0.00 92.00 0.00 99.00 0.00 0.0106601
4 59.00 0.00 58.00 0.00 60.00 0.00 61.00 0.00 13.8782
4 59.00 0.00 58.00 0.00 61.00 0.00 62.00 0.00 2.41164
4 59.00 0.00 58.00 0.00 62.00 0.00 63.00 0.00 0.693209
4 59.00 0.00 58.00 0.00 63.00 0.00 64.00 0.00 0.363982
4 59.00 0.00 58.00 0.00 64.00 0.00 65.00 0.00 0.178478
4 59.00 0.00 58.00 0.00 65.00 0.00 66.00 0.00 0.1063345
4 59.00 0.00 58.00 0.00 66.00 0.00 67.00 0.00 0.0631819
4 59.00 0.00 57.00 0.00 61.00 0.00 63.00 0.00 4.104075
4 59.00 0.00 57.00 0.00 63.00 0.00 65.00 0.00 0.8458925
4 59.00 0.00 57.00 0.00 65.00 0.00 67.00 0.00 0.282546
4 59.00 0.00 57.00 0.00 67.00 0.00 69.00 0.00 0.1493145
4 59.00 0.00 57.00 0.00 69.00 0.00 71.00 0.00 0.07442715
4 59.00 0.00 57.00 0.00 71.00 0.00 73.00 0.00 0.04617635
4 59.00 0.00 57.00 0.00 73.00 0.00 75.00 0.00 0.0273939
4 59.00 0.00 56.00 0.00 62.00 0.00 65.00 0.00 2.193605
4 59.00 0.00 56.00 0.00 65.00 0.00 68.00 0.00 0.4766515
4 59.00 0.00 56.00 0.00 68.00 0.00 71.00 0.00 0.1781725
4 59.00 0.00 56.00 0.00 71.00 0.00 74.00 0.00 0.08361465
4 59.00 0.00 56.00 0.00 74.00 0.00 77.00 0.00 0.0398783
4 59.00 0.00 56.00 0.00 77.00 0.00 80.00 0.00 0.02485545
4 59.00 0.00 56.00 0.00 80.00 0.00 83.00 0.00 0.01494075
4 59.00 0.00 55.00 0.00 63.00 0.00 67.00 0.00 1.57212
4 59.00 0.00 55.00 0.00 67.00 0.00 71.00 0.00 0.34864
4 59.00 0.00 55.00 0.00 71.00 0.00 75.00 0.00 0.1179935
4 59.00 0.00 55.00 0.00 75.00 0.00 79.00 0.00 0.05329825
4 59.00 0.00 55.00 0.00 79.00 0.00 83.00 0.00 0.02350325
4 59.00 0.00 55.00 0.00 83.00 0.00 86.00 0.00 0.01437425
4 59.00 0.00 54.00 0.00 64.00 0.00 69.00 0.00 1.15683
4 59.00 0.00 54.00 0.00 69.00 0.00 74.00 0.00 0.2529155
4 59.00 0.00 54.00 0.00 74.00 0.00 79.00 0.00 0.0820133
4 59.00 0.00 54.00 0.00 88.00 0.00 93.00 0.00 0.00968186
4 59.00 0.00 53.00 0.00 65.00 0.00 71.00 0.00 0.9183695
4 59.00 0.00 53.00 0.00 71.00 0.00 77.00 0.00 0.188982
4 59.00 0.00 53.00 0.00 77.00 0.00 83.00 0.00 0.0637674
4 59.00 0.00 53.00 0.00 83.00 0.00 88.00 0.00 0.02503075
4 59.00 0.00 53.00 0.00 88.00 0.00 94.00 0.00 0.01196955
4 59.00 0.00 53.00 0.00 94.00 0.00 100.00 0.00 0.00670906
4 59.00 0.00 52.00 0.00 66.00 0.00 73.00 0.00 0.76827
4 59.00 0.00 52.00 0.00 73.00 0.00 80.00 0.00 0.149913
4 59.00 0.00 52.00 0.00 80.00 0.00 86.00 0.00 0.0443216
4 59.00 0.00 52.00 0.00 86.00 0.00 93.00 0.00 0.0200947
4 59.00 0.00 52.00 0.00 93.00 0.00 100.00 0.00 0.01081524
4 60.00 0.00 59.00 0.00 61.00 0.00 62.00 0.00 16.95785
4 60.00 0.00 59.00 0.00 62.00 0.00 63.00 0.00 2.21389
4 60.00 0.00 59.00 0.00 63.00 0.00 64.00 0.00 0.860346
4 60.00 0.00 59.00 0.00 64.00 0.00 65.00 0.00 0.321177
4 60.00 0.00 59.00 0.00 65.00 0.00 66.00 0.00 0.1687655
4 60.00 0.00 59.00 0.00 66.00 0.00 67.00 0.00 0.09787135
4 60.00 0.00 59.00 0.00 67.00 0.00 68.00 0.00 0.07334115
4 60.00 0.00 58.00 0.00 62.00 0.00 64.00 0.00 4.12911
4 60.00 0.00 58.00 0.00 64.00 0.00 66.00 0.00 0.7761035
4 60.00 0.00 58.00 0.00 66.00 0.00 68.00 0.00 0.288467
4 60.00 0.00 58.00 0.00 68.00 0.00 70.00 0.00 0.1417515
4 60.00 0.00 58.00 0.00 70.00 0.00 72.00 0.00 0.073657
4 60.00 0.00 58.00 0.00 72.00 0.00 74.00 0.00 0.04858555
4 60.00 0.00 58.00 0.00 74.00 0.00 76.00 0.00 0.0254469
4 60.00 0.00 57.00 0.00 63.00 0.00 66.00 0.00 2.369475
4 60.00 0.00 57.00 0.00 66.00 0.00 69.00 0.00 0.472943
4 60.00 0.00 57.00 0.00 69.00 0.00 72.00 0.00 0.178212
4 60.00 0.00 57.00 0.00 72.00 0.00 75.00 0.00 0.08199335
4 60.00 0.00 57.00 0.00 75.00 0.00 78.00 0.00 0.0373475
4 60.00 0.00 57.00 0.00 78.00 0.00 81.00 0.00 0.02533375
4 60.00 0.00 56.00 0.00 64.00 0.00 68.00 0.00 1.497035
4 60.00 0.00 56.00 0.00 68.00 0.00 72.00 0.00 0.3349565
4 60.00 0.00 56.00 0.00 72.00 0.00 76.00 0.00 0.1218815
4 60.00 0.00 56.00 0.00 76.00 0.00 80.00 0.00 0.0471353
4 60.00 0.00 56.00 0.00 87.00 0.00 91.00 0.00 0.00949957
4 60.00 0.00 55.00 0.00 65.00 0.00 70.00 0.00 1.129385
4 60.00 0.00 55.00 0.00 70.00 0.00 75.00 0.00 0.24665
4 60.00 0.00 55.00 0.00 75.00 0.00 80.00 0.00 0.08329655
4 60.00 0.00 55.00 0.00 80.00 0.00 84.00 0.00 0.03547035
4 60.00 0.00 55.00 0.00 84.00 0.00 89.00 0.00 0.0156679
4 60.00 0.00 55.00 0.00 89.00 0.00 94.00 0.00 0.00901889
4 60.00 0.00 55.00 0.00 94.00 0.00 99.00 0.00 0.00652433
4 60.00 0.00 54.00 0.00 66.00 0.00 72.00 0.00 0.9111035
4 60.00 0.00 54.00 0.00 72.00 0.00 78.00 0.00 0.1883965
4 60.00 0.00 54.00 0.00 89.00 0.00 95.00 0.00 0.0136954
4 60.00 0.00 54.00 0.00 95.00 0.00 101.00 0.00 0.00735418
4 60.00 0.00 53.00 0.00 67.00 0.00 74.00 0.00 0.774956
4 60.00 0.00 53.00 0.00 74.00 0.00 81.00 0.00 0.1453525
4 60.00 0.00 53.00 0.00 81.00 0.00 87.00 0.00 0.04551845
4 60.00 0.00 53.00 0.00 87.00 0.00 94.00 0.00 0.0187928
4 60.00 0.00 53.00 0.00 94.00 0.00 101.00 0.00 0.00888159
4 61.00 0.00 60.00 0.00 62.00 0.00 63.00 0.00 13.66015
4 61.00 0.00 60.00 0.00 63.00 0.00 64.00 0.00 3.14844
4 61.00 0.00 60.00 0.00 64.00 0.00 65.00 0.00 0.812829
4 61.00 0.00 60.00 0.00 65.00 0.00 66.00 0.00 0.328231
4 61.00 0.00 60.00 0.00 66.00 0.00 67.00 0.00 0.164955
4 61.00 0.00 60.00 0.00 67.00 0.00 68.00 0.00 0.118616
4 61.00 0.00 60.00 0.00 68.00 0.00 69.00 0.00 0.0703593
4 61.00 0.00 59.00 0.00 63.00 0.00 65.00 0.00 5.146335
4 61.00 0.00 59.00 0.00 65.00 0.00 67.00 0.00 0.76045
4 61.00 0.00 59.00 0.00 67.00 0.00 69.00 0.00 0.3078855
4 61.00 0.00 59.00 0.00 69.00 0.00 71.00 0.00 0.1411105
4 61.00 0.00 59.00 0.00 71.00 0.00 73.00 0.00 0.0809744
4 61.00 0.00 59.00 0.00 73.00 0.00 75.00 0.00 0.044723
4 61.00 0.00 59.00 0.00 75.00 0.00 77.00 0.00 0.02378435
4 61.00 0.00 58.00 0.00 64.00 0.00 67.00 0.00 2.24357
4 61.00 0.00 58.00 0.00 67.00 0.00 70.00 0.00 0.5078895
4 61.00 0.00 58.00 0.00 70.00 0.00 73.00 0.00 0.1803665
4 61.00 0.00 58.00 0.00 73.00 0.00 76.00 0.00 0.07933675
4 61.00 0.00 58.00 0.00 76.00 0.00 79.00 0.00 0.04019135
4 61.00 0.00 58.00 0.00 79.00 0.00 82.00 0.00 0.0248493
4 61.00 0.00 58.00 0.00 82.00 0.00 84.00 0.00 0.01470735
4 61.00 0.00 57.00 0.00 65.00 0.00 69.00 0.00 1.497745
4 61.00 0.00 57.00 0.00 69.00 0.00 73.00 0.00 0.3424185
4 61.00 0.00 57.00 0.00 73.00 0.00 77.00 0.00 0.115015
4 61.00 0.00 57.00 0.00 77.00 0.00 81.00 0.00 0.05372875
4 61.00 0.00 57.00 0.00 81.00 0.00 84.00 0.00 0.0257318
4 61.00 0.00 57.00 0.00 84.00 0.00 88.00 0.00 0.0132654
4 61.00 0.00 57.00 0.00 88.00 0.00 92.00 0.00 0.00843496
4 61.00 0.00 56.00 0.00 66.00 0.00 71.00 0.00 1.146665
4 61.00 0.00 56.00 0.00 71.00 0.00 76.00 0.00 0.2544195
4 61.00 0.00 56.00 0.00 76.00 0.00 81.00 0.00 0.0779307
4 61.00 0.00 56.00 0.00 81.00 0.00 85.00 0.00 0.03487915
4 61.00 0.00 56.00 0.00 85.00 0.00 90.00 0.00 0.02079585
4 61.00 0.00 56.00 0.00 90.00 0.00 95.00 0.00 0.00721715
4 61.00 0.00 55.00 0.00 67.00 0.00 73.00 0.00 0.950172
4 61.00 0.00 55.00 0.00 73.00 0.00 79.00 0.00 0.1848795
4 61.00 0.00 55.00 0.00 79.00 0.00 84.00 0.00 0.0617024
4 61.00 0.00 55.00 0.00 84.00 0.00 90.00 0.00 0.0250818
4 61.00 0.00 55.00 0.00 90.00 0.00 96.00 0.00 0.0125539
4 61.00 0.00 55.00 0.00 96.00 0.00 102.00 0.00 0.00748955
4 61.00 0.00 55.00 0.00 102.00 0.00 108.00 0.00 0.0045623
4 61.00 0.00 54.00 0.00 68.00 0.00 75.00 0.00 0.758974
4 61.00 0.00 54.00 0.00 75.00 0.00 82.00 0.00 0.1468665
4 61.00 0.00 54.00 0.00 82.00 0.00 88.00 0.00 0.04676035
4 61.00 0.00 54.00 0.00 88.00 0.00 95.00 0.00 0.0186838
4 61.00 0.00 54.00 0.00 95.00 0.00 102.00 0.00 0.00818281
4 62.00 0.00 61.00 0.00 63.00 0.00 64.00 0.00 19.8613
4 62.00 0.00 61.00 0.00 64.00 0.00 65.00 0.00 2.995055
4 62.00 0.00 61.00 0.00 65.00 0.00 66.00 0.00 0.837055
4 62.00 0.00 61.00 0.00 66.00 0.00 67.00 0.00 0.345499
4 62.00 0.00 61.00 0.00 67.00 0.00 68.00 0.00 0.22216
4 62.00 0.00 61.00 0.00 68.00 0.00 69.00 0.00 0.1256165
4 62.00 0.00 61.00 0.00 69.00 0.00 70.00 0.00 0.0826427
4 62.00 0.00 60.00 0.00 64.00 0.00 66.00 0.00 4.975535
4 62.00 0.00 60.00 0.00 66.00 0.00 68.00 0.00 0.8534425
4 62.00 0.00 60.00 0.00 68.00 0.00 70.00 0.00 0.328403
4 62.00 0.00 60.00 0.00 70.00 0.00 72.00 0.00 0.1539645
4 62.00 0.00 60.00 0.00 72.00 0.00 74.00 0.00 0.08654005
4 62.00 0.00 60.00 0.00 74.00 0.00 76.00 0.00 0.045963
4 62.00 0.00 60.00 0.00 76.00 0.00 78.00 0.00 0.02845705
4 62.00 0.00 59.00 0.00 65.00 0.00 68.00 0.00 2.35818
4 62.00 0.00 59.00 0.00 68.00 0.00 71.00 0.00 0.520941
4 62.00 0.00 59.00 0.00 71.00 0.00 74.00 0.00 0.1962235
4 62.00 0.00 59.00 0.00 74.00 0.00 77.00 0.00 0.0805474
4 62.00 0.00 59.00 0.00 77.00 0.00 80.00 0.00 0.0454446
4 62.00 0.00 59.00 0.00 80.00 0.00 83.00 0.00 0.02508545
4 62.00 0.00 59.00 0.00 83.00 0.00 85.00 0.00 0.0144676
4 62.00 0.00 58.00 0.00 66.00 0.00 70.00 0.00 1.60865
4 62.00 0.00 58.00 0.00 70.00 0.00 74.00 0.00 0.362611
4 62.00 0.00 58.00 0.00 74.00 0.00 78.00 0.00 0.1196095
4 62.00 0.00 58.00 0.00 78.00 0.00 82.00 0.00 0.0556756
4 62.00 0.00 58.00 0.00 82.00 0.00 85.00 0.00 0.0265007
4 62.00 0.00 58.00 0.00 85.00 0.00 89.00 0.00 0.0144772
4 62.00 0.00 58.00 0.00 89.00 0.00 93.00 0.00 0.00868598
4 62.00 0.00 57.00 0.00 67.00 0.00 72.00 0.00 1.27064
4 62.00 0.00 57.00 0.00 72.00 0.00 77.00 0.00 0.2584545
4 62.00 0.00 57.00 0.00 77.00 0.00 82.00 0.00 0.08934365
4 62.00 0.00 57.00 0.00 82.00 0.00 86.00 0.00 0.0366244
4 62.00 0.00 57.00 0.00 86.00 0.00 91.00 0.00 0.0195817
4 62.00 0.00 57.00 0.00 91.00 0.00 96.00 0.00 0.00860402
4 62.00 0.00 57.00 0.00 96.00 0.00 101.00 0.00 0.00604272
4 62.00 0.00 56.00 0.00 68.00 0.00 74.00 0.00 0.9818115
4 62.00 0.00 56.00 0.00 74.00 0.00 80.00 0.00 0.1890925
4 62.00 0.00 56.00 0.00 80.00 0.00 85.00 0.00 0.06324725
4 62.00 0.00 56.00 0.00 85.00 0.00 91.00 0.00 0.0275759
4 62.00 0.00 56.00 0.00 97.00 0.00 103.00 0.00 0.00724658
4 62.00 0.00 55.00 0.00 69.00 0.00 76.00 0.00 0.794015
4 62.00 0.00 55.00 0.00 76.00 0.00 83.00 0.00 0.150042
4 62.00 0.00 55.00 0.00 83.00 0.00 89.00 0.00 0.04823535
4 62.00 0.00 55.00 0.00 89.00 0.00 96.00 0.00 0.0191981
4 63.00 0.00 62.00 0.00 64.00 0.00 65.00 0.00 15.0967
4 63.00 0.00 62.00 0.00 65.00 0.00 66.00 0.00 2.340335
4 63.00 0.00 62.00 0.00 66.00 0.00 67.00 0.00 0.6951435
4 63.00 0.00 62.00 0.00 67.00 0.00 68.00 0.00 0.3730215
4 63.00 0.00 62.00 0.00 68.00 0.00 69.00 0.00 0.1870445
4 63.00 0.00 62.00 0.00 69.00 0.00 70.00 0.00 0.115577
4 63.00 0.00 62.00 0.00 70.00 0.00 71.00 0.00 0.0718929
4 63.00 0.00 61.00 0.00 65.00 0.00 67.00 0.00 4.21817
4 63.00 0.00 61.00 0.00 67.00 0.00 69.00 0.00 0.9103405
4 63.00 0.00 61.00 0.00 69.00 0.00 71.00 0.00 0.3245125
4 63.00 0.00 61.00 0.00 71.00 0.00 73.00 0.00 0.1595635
4 63.00 0.00 61.00 0.00 73.00 0.00 75.00 0.00 0.0806144
4 63.00 0.00 61.00 0.00 75.00 0.00 77.00 0.00 0.04695075
4 63.00 0.00 61.00 0.00 77.00 0.00 79.00 0.00 0.03148355
4 63.00 0.00 60.00 0.00 66.00 0.00 69.00 0.00 2.30459
4 63.00 0.00 60.00 0.00 69.00 0.00 72.00 0.00 0.523863
4 63.00 0.00 60.00 0.00 72.00 0.00 75.00 0.00 0.192915
4 63.00 0.00 60.00 0.00 75.00 0.00 78.00 0.00 0.0839822
4 63.00 0.00 60.00 0.00 78.00 0.00 81.00 0.00 0.0467372
4 63.00 0.00 59.00 0.00 67.00 0.00 71.00 0.00 1.68326
4 63.00 0.00 59.00 0.00 71.00 0.00 75.00 0.00 0.36369
4 63.00 0.00 59.00 0.00 75.00 0.00 79.00 0.00 0.119623
4 63.00 0.00 59.00 0.00 79.00 0.00 83.00 0.00 0.0554918
4 63.00 0.00 59.00 0.00 83.00 0.00 86.00 0.00 0.02971115
4 63.00 0.00 59.00 0.00 86.00 0.00 90.00 0.00 0.0146142
4 63.00 0.00 59.00 0.00 90.00 0.00 94.00 0.00 0.00735433
4 63.00 0.00 58.00 0.00 68.00 0.00 73.00 0.00 1.240095
4 63.00 0.00 58.00 0.00 73.00 0.00 78.00 0.00 0.253689
4 63.00 0.00 58.00 0.00 78.00 0.00 83.00 0.00 0.0897742
4 63.00 0.00 58.00 0.00 83.00 0.00 87.00 0.00 0.0365003
4 63.00 0.00 58.00 0.00 87.00 0.00 92.00 0.00 0.01716815
4 63.00 0.00 58.00 0.00 92.00 0.00 97.00 0.00 0.01053004
4 63.00 0.00 58.00 0.00 97.00 0.00 102.00 0.00 0.00591898
4 63.00 0.00 57.00 0.00 69.00 0.00 75.00 0.00 0.980227
4 63.00 0.00 57.00 0.00 75.00 0.00 81.00 0.00 0.1948105
4 63.00 0.00 57.00 0.00 81.00 0.00 86.00 0.00 0.0622018
4 63.00 0.00 57.00 0.00 86.00 0.00 92.00 0.00 0.02586665
4 63.00 0.00 57.00 0.00 92.00 0.00 98.00 0.00 0.0161179
4 63.00 0.00 57.00 0.00 98.00 0.00 104.00 0.00 0.00537354
4 63.00 0.00 56.00 0.00 70.00 0.00 77.00 0.00 0.7842275
4 63.00 0.00 56.00 0.00 90.00 0.00 97.00 0.00 0.016196
4 64.00 0.00 63.00 0.00 65.00 0.00 66.00 0.00 12.29815
4 64.00 0.00 63.00 0.00 66.00 0.00 67.00 0.00 2.12413
4 64.00 0.00 63.00 0.00 67.00 0.00 68.00 0.00 0.864992
4 64.00 0.00 63.00 0.00 68.00 0.00 69.00 0.00 0.3730365
4 64.00 0.00 63.00 0.00 69.00 0.00 70.00 0.00 0.20586
4 64.00 0.00 63.00 0.00 70.00 0.00 71.00 0.00 0.121152
4 64.00 0.00 63.00 0.00 71.00 0.00 72.00 0.00 0.0813557
4 64.00 0.00 62.00 0.00 66.00 0.00 68.00 0.00 4.05477
4 64.00 0.00 62.00 0.00 68.00 0.00 70.00 0.00 0.882535
4 64.00 0.00 62.00 0.00 70.00 0.00 72.00 0.00 0.324816
4 64.00 0.00 62.00 0.00 72.00 0.00 74.00 0.00 0.161498
4 64.00 0.00 62.00 0.00 74.00 0.00 76.00 0.00 0.0774545
4 64.00 0.00 62.00 0.00 76.00 0.00 78.00 0.00 0.04684375
4 64.00 0.00 62.00 0.00 78.00 0.00 80.00 0.00 0.03095015
4 64.00 0.00 61.00 0.00 67.00 0.00 70.00 0.00 2.551105
4 64.00 0.00 61.00 0.00 70.00 0.00 73.00 0.00 0.546433
4 64.00 0.00 61.00 0.00 73.00 0.00 76.00 0.00 0.192318
4 64.00 0.00 61.00 0.00 76.00 0.00 79.00 0.00 0.087444
4 64.00 0.00 61.00 0.00 79.00 0.00 82.00 0.00 0.04797865
4 64.00 0.00 61.00 0.00 82.00 0.00 84.00 0.00 0.02594845
4 64.00 0.00 61.00 0.00 84.00 0.00 87.00 0.00 0.0152944
4 64.00 0.00 60.00 0.00 68.00 0.00 72.00 0.00 1.6922
4 64.00 0.00 60.00 0.00 72.00 0.00 76.00 0.00 0.3725215
4 64.00 0.00 60.00 0.00 76.00 0.00 80.00 0.00 0.12584
4 64.00 0.00 60.00 0.00 87.00 0.00 91.00 0.00 0.0150672
4 64.00 0.00 60.00 0.00 91.00 0.00 95.00 0.00 0.00863426
4 64.00 0.00 59.00 0.00 69.00 0.00 74.00 0.00 1.28499
4 64.00 0.00 59.00 0.00 74.00 0.00 79.00 0.00 0.254357
4 64.00 0.00 59.00 0.00 88.00 0.00 93.00 0.00 0.0213788
4 64.00 0.00 59.00 0.00 93.00 0.00 98.00 0.00 0.01029545
4 64.00 0.00 59.00 0.00 98.00 0.00 103.00 0.00 0.00430926
4 64.00 0.00 58.00 0.00 70.00 0.00 76.00 0.00 0.9986895
4 64.00 0.00 58.00 0.00 76.00 0.00 82.00 0.00 0.201302
4 64.00 0.00 58.00 0.00 82.00 0.00 87.00 0.00 0.06499155
4 64.00 0.00 58.00 0.00 87.00 0.00 93.00 0.00 0.0264757
4 64.00 0.00 58.00 0.00 93.00 0.00 99.00 0.00 0.0126982
4 64.00 0.00 58.00 0.00 99.00 0.00 105.00 0.00 0.00769796
4 64.00 0.00 58.00 0.00 105.00 0.00 111.00 0.00 0.00408632
4 64.00 0.00 57.00 0.00 71.00 0.00 78.00 0.00 0.8115675
4 64.00 0.00 57.00 0.00 78.00 0.00 84.00 0.00 0.159808
4 64.00 0.00 57.00 0.00 84.00 0.00 91.00 0.00 0.049788
4 64.00 0.00 57.00 0.00 91.00 0.00 98.00 0.00 0.02049585
4 65.00 0.00 64.00 0.00 66.00 0.00 67.00 0.00 11.40935
4 65.00 0.00 64.00 0.00 67.00 0.00 68.00 0.00 2.452335
4 65.00 0.00 64.00 0.00 68.00 0.00 69.00 0.00 0.7657305
4 65.00 0.00 64.00 0.00 69.00 0.00 70.00 0.00 0.358295
4 65.00 0.00 64.00 0.00 70.00 0.00 71.00 0.00 0.1972145
4 65.00 0.00 64.00 0.00 71.00 0.00 72.00 0.00 0.1194055
4 65.00 0.00 64.00 0.00 72.00 0.00 73.00 0.00 0.079983
4 65.00 0.00 63.00 0.00 67.00 0.00 69.00 0.00 4.454115
4 65.00 0.00 63.00 0.00 69.00 0.00 71.00 0.00 0.8847795
4 65.00 0.00 63.00 0.00 71.00 0.00 73.00 0.00 0.338522
4 65.00 0.00 63.00 0.00 73.00 0.00 75.00 0.00 0.15467
4 65.00 0.00 63.00 0.00 75.00 0.00 77.00 0.00 0.0712608
4 65.00 0.00 63.00 0.00 77.00 0.00 79.00 0.00 0.05136875
4 65.00 0.00 63.00 0.00 79.00 0.00 81.00 0.00 0.0323711
4 65.00 0.00 62.00 0.00 68.00 0.00 71.00 0.00 2.396815
4 65.00 0.00 62.00 0.00 71.00 0.00 74.00 0.00 0.545245
4 65.00 0.00 62.00 0.00 74.00 0.00 77.00 0.00 0.1784365
4 65.00 0.00 62.00 0.00 77.00 0.00 80.00 0.00 0.0894322
4 65.00 0.00 62.00 0.00 80.00 0.00 83.00 0.00 0.0455301
4 65.00 0.00 62.00 0.00 83.00 0.00 85.00 0.00 0.0251747
4 65.00 0.00 62.00 0.00 85.00 0.00 88.00 0.00 0.01506735
4 65.00 0.00 61.00 0.00 69.00 0.00 73.00 0.00 1.70826
4 65.00 0.00 61.00 0.00 73.00 0.00 77.00 0.00 0.3549515
4 65.00 0.00 61.00 0.00 77.00 0.00 81.00 0.00 0.134954
4 65.00 0.00 61.00 0.00 81.00 0.00 84.00 0.00 0.0552345
4 65.00 0.00 61.00 0.00 84.00 0.00 88.00 0.00 0.02718075
4 65.00 0.00 61.00 0.00 88.00 0.00 92.00 0.00 0.01636
4 65.00 0.00 61.00 0.00 92.00 0.00 96.00 0.00 0.0098592
4 65.00 0.00 60.00 0.00 70.00 0.00 75.00 0.00 1.28565
4 65.00 0.00 60.00 0.00 75.00 0.00 80.00 0.00 0.2575565
4 65.00 0.00 60.00 0.00 80.00 0.00 84.00 0.00 0.0916625
4 65.00 0.00 60.00 0.00 84.00 0.00 89.00 0.00 0.0375258
4 65.00 0.00 60.00 0.00 89.00 0.00 94.00 0.00 0.02102925
4 65.00 0.00 60.00 0.00 94.00 0.00 99.00 0.00 0.0145494
4 65.00 0.00 60.00 0.00 99.00 0.00 104.00 0.00 0.00155376
4 65.00 0.00 59.00 0.00 71.00 0.00 77.00 0.00 1.000973
4 65.00 0.00 59.00 0.00 77.00 0.00 83.00 0.00 0.206742
4 65.00 0.00 59.00 0.00 83.00 0.00 88.00 0.00 0.0649173
4 65.00 0.00 59.00 0.00 88.00 0.00 94.00 0.00 0.0276235
4 65.00 0.00 59.00 0.00 94.00 0.00 100.00 0.00 0.01362695
4 65.00 0.00 58.00 0.00 72.00 0.00 79.00 0.00 0.808516
4 65.00 0.00 58.00 0.00 79.00 0.00 85.00 0.00 0.159289
4 65.00 0.00 58.00 0.00 85.00 0.00 92.00 0.00 0.04696035
4 65.00 0.00 58.00 0.00 92.00 0.00 99.00 0.00 0.0245115
4 65.00 0.00 58.00 0.00 99.00 0.00 106.00 0.00 0.0167235
4 66.00 0.00 65.00 0.00 67.00 0.00 68.00 0.00 13.09915
4 66.00 0.00 65.00 0.00 68.00 0.00 69.00 0.00 2.172505
4 66.00 0.00 65.00 0.00 69.00 0.00 70.00 0.00 0.7456175
4 66.00 0.00 65.00 0.00 70.00 0.00 71.00 0.00 0.335908
4 66.00 0.00 65.00 0.00 71.00 0.00 72.00 0.00 0.1928565
4 66.00 0.00 65.00 0.00 72.00 0.00 73.00 0.00 0.1207555
4 66.00 0.00 65.00 0.00 73.00 0.00 74.00 0.00 0.07485725
4 66.00 0.00 64.00 0.00 68.00 0.00 70.00 0.00 4.040155
4 66.00 0.00 64.00 0.00 70.00 0.00 72.00 0.00 0.8464345
4 66.00 0.00 64.00 0.00 72.00 0.00 74.00 0.00 0.327123
4 66.00 0.00 64.00 0.00 74.00 0.00 76.00 0.00 0.1429635
4 66.00 0.00 64.00 0.00 76.00 0.00 78.00 0.00 0.06742495
4 66.00 0.00 64.00 0.00 78.00 0.00 80.00 0.00 0.04813225
4 66.00 0.00 64.00 0.00 80.00 0.00 82.00 0.00 0.030164
4 66.00 0.00 63.00 0.00 69.00 0.00 72.00 0.00 2.359585
4 66.00 0.00 63.00 0.00 72.00 0.00 75.00 0.00 0.528619
4 66.00 0.00 63.00 0.00 75.00 0.00 78.00 0.00 0.1802545
4 66.00 0.00 63.00 0.00 78.00 0.00 81.00 0.00 0.08980295
4 66.00 0.00 63.00 0.00 86.00 0.00 89.00 0.00 0.01531815
4 66.00 0.00 62.00 0.00 70.00 0.00 74.00 0.00 1.659785
4 66.00 0.00 62.00 0.00 74.00 0.00 78.00 0.00 0.3366465
4 66.00 0.00 62.00 0.00 78.00 0.00 82.00 0.00 0.129126
4 66.00 0.00 62.00 0.00 82.00 0.00 85.00 0.00 0.0553227
4 66.00 0.00 62.00 0.00 85.00 0.00 89.00 0.00 0.02517375
4 66.00 0.00 62.00 0.00 89.00 0.00 93.00 0.00 0.01621165
4 66.00 0.00 62.00 0.00 93.00 0.00 97.00 0.00 0.01018389
4 66.00 0.00 61.00 0.00 71.00 0.00 76.00 0.00 1.272715
4 66.00 0.00 61.00 0.00 76.00 0.00 81.00 0.00 0.257387
4 66.00 0.00 61.00 0.00 81.00 0.00 85.00 0.00 0.08864085
4 66.00 0.00 61.00 0.00 85.00 0.00 90.00 0.00 0.03894885
4 66.00 0.00 61.00 0.00 90.00 0.00 95.00 0.00 0.018165
4 66.00 0.00 61.00 0.00 95.00 0.00 100.00 0.00 0.01142365
4 66.00 0.00 61.00 0.00 100.00 0.00 105.00 0.00 0.0056795
4 66.00 0.00 60.00 0.00 72.00 0.00 78.00 0.00 0.9846485
4 66.00 0.00 60.00 0.00 89.00 0.00 95.00 0.00 0.02868905
4 66.00 0.00 60.00 0.00 95.00 0.00 101.00 0.00 0.0126388
4 66.00 0.00 59.00 0.00 73.00 0.00 80.00 0.00 0.7783985
4 66.00 0.00 59.00 0.00 80.00 0.00 86.00 0.00 0.1587675
4 66.00 0.00 59.00 0.00 86.00 0.00 93.00 0.00 0.05085975
4 66.00 0.00 59.00 0.00 93.00 0.00 100.00 0.00 0.02039235
4 66.00 0.00 59.00 0.00 100.00 0.00 107.00 0.00 0.02333495
4 67.00 0.00 66.00 0.00 68.00 0.00 69.00 0.00 10.70695
4 67.00 0.00 66.00 0.00 69.00 0.00 70.00 0.00 2.00055
4 67.00 0.00 66.00 0.00 70.00 0.00 71.00 0.00 0.6606705
4 67.00 0.00 66.00 0.00 71.00 0.00 72.00 0.00 0.324445
4 67.00 0.00 66.00 0.00 72.00 0.00 73.00 0.00 0.188368
4 67.00 0.00 66.00 0.00 73.00 0.00 74.00 0.00 0.1048195
4 67.00 0.00 66.00 0.00 74.00 0.00 75.00 0.00 0.0538801
4 67.00 0.00 65.00 0.00 69.00 0.00 71.00 0.00 3.74323
4 67.00 0.00 65.00 0.00 71.00 0.00 73.00 0.00 0.8260585
4 67.00 0.00 65.00 0.00 73.00 0.00 75.00 0.00 0.27559
4 67.00 0.00 65.00 0.00 75.00 0.00 77.00 0.00 0.135247
4 67.00 0.00 65.00 0.00 77.00 0.00 79.00 0.00 0.0747892
4 67.00 0.00 65.00 0.00 79.00 0.00 81.00 0.00 0.0453937
4 67.00 0.00 65.00 0.00 81.00 0.00 83.00 0.00 0.02591125
4 67.00 0.00 64.00 0.00 70.00 0.00 73.00 0.00 2.22165
4 67.00 0.00 64.00 0.00 73.00 0.00 76.00 0.00 0.47468
4 67.00 0.00 64.00 0.00 76.00 0.00 79.00 0.00 0.1696855
4 67.00 0.00 64.00 0.00 79.00 0.00 82.00 0.00 0.08187445
4 67.00 0.00 64.00 0.00 82.00 0.00 84.00 0.00 0.0415113
4 67.00 0.00 64.00 0.00 84.00 0.00 87.00 0.00 0.0238457
4 67.00 0.00 64.00 0.00 87.00 0.00 90.00 0.00 0.0162739
4 67.00 0.00 63.00 0.00 71.00 0.00 75.00 0.00 1.59519
4 67.00 0.00 63.00 0.00 75.00 0.00 79.00 0.00 0.334308
4 67.00 0.00 63.00 0.00 79.00 0.00 83.00 0.00 0.1235105
4 67.00 0.00 63.00 0.00 83.00 0.00 86.00 0.00 0.05305925
4 67.00 0.00 63.00 0.00 86.00 0.00 90.00 0.00 0.02755185
4 67.00 0.00 63.00 0.00 90.00 0.00 94.00 0.00 0.0138906
4 67.00 0.00 63.00 0.00 94.00 0.00 98.00 0.00 0.0125463
4 67.00 0.00 62.00 0.00 72.00 0.00 77.00 0.00 1.190935
4 67.00 0.00 62.00 0.00 77.00 0.00 82.00 0.00 0.258418
4 67.00 0.00 62.00 0.00 82.00 0.00 86.00 0.00 0.08579715
4 67.00 0.00 62.00 0.00 86.00 0.00 91.00 0.00 0.03832825
4 67.00 0.00 62.00 0.00 91.00 0.00 96.00 0.00 0.0150236
4 67.00 0.00 62.00 0.00 96.00 0.00 101.00 0.00 0.011087
4 67.00 0.00 62.00 0.00 101.00 0.00 106.00 0.00 0.0107629
4 67.00 0.00 61.00 0.00 73.00 0.00 79.00 0.00 0.922232
4 67.00 0.00 61.00 0.00 79.00 0.00 84.00 0.00 0.1976885
4 67.00 0.00 61.00 0.00 84.00 0.00 90.00 0.00 0.06503885
4 67.00 0.00 61.00 0.00 90.00 0.00 96.00 0.00 0.02585905
4 67.00 0.00 61.00 0.00 96.00 0.00 102.00 0.00 0.01415515
4 67.00 0.00 60.00 0.00 74.00 0.00 81.00 0.00 0.748876
4 67.00 0.00 60.00 0.00 81.00 0.00 87.00 0.00 0.149751
4 67.00 0.00 60.00 0.00 87.00 0.00 94.00 0.00 0.0502803
4 67.00 0.00 60.00 0.00 94.00 0.00 101.00 0.00 0.020515
4 67.00 0.00 60.00 0.00 101.00 0.00 108.00 0.00 0.00867894
4 68.00 0.00 67.00 0.00 69.00 0.00 70.00 0.00 10.4198
4 68.00 0.00 67.00 0.00 70.00 0.00 71.00 0.00 2.069095
4 68.00 0.00 67.00 0.00 71.00 0.00 72.00 0.00 0.801021
4 68.00 0.00 67.00 0.00 72.00 0.00 73.00 0.00 0.384676
4 68.00 0.00 67.00 0.00 73.00 0.00 74.00 0.00 0.1980255
4 68.00 0.00 67.00 0.00 74.00 0.00 75.00 0.00 0.103444
4 68.00 0.00 67.00 0.00 75.00 0.00 76.00 0.00 0.07678045
4 68.00 0.00 66.00 0.00 70.00 0.00 72.00 0.00 3.858025
4 68.00 0.00 66.00 0.00 72.00 0.00 74.00 0.00 0.8761715
4 68.00 0.00 66.00 0.00 74.00 0.00 76.00 0.00 0.28083
4 68.00 0.00 66.00 0.00 76.00 0.00 78.00 0.00 0.13671
4 68.00 0.00 66.00 0.00 78.00 0.00 80.00 0.00 0.07885385
4 68.00 0.00 66.00 0.00 80.00 0.00 82.00 0.00 0.0459554
4 68.00 0.00 65.00 0.00 71.00 0.00 74.00 0.00 2.391705
4 68.00 0.00 65.00 0.00 74.00 0.00 77.00 0.00 0.459154
4 68.00 0.00 65.00 0.00 77.00 0.00 80.00 0.00 0.1852295
4 68.00 0.00 65.00 0.00 80.00 0.00 83.00 0.00 0.08389675
4 68.00 0.00 65.00 0.00 83.00 0.00 85.00 0.00 0.0455214
4 68.00 0.00 65.00 0.00 85.00 0.00 88.00 0.00 0.022468
4 68.00 0.00 65.00 0.00 88.00 0.00 91.00 0.00 0.01432645
4 68.00 0.00 64.00 0.00 72.00 0.00 76.00 0.00 1.62912
4 68.00 0.00 64.00 0.00 76.00 0.00 80.00 0.00 0.33168
4 68.00 0.00 64.00 0.00 87.00 0.00 91.00 0.00 0.03150455
4 68.00 0.00 64.00 0.00 91.00 0.00 95.00 0.00 0.0128962
4 68.00 0.00 64.00 0.00 95.00 0.00 99.00 0.00 0.01184305
4 68.00 0.00 63.00 0.00 73.00 0.00 78.00 0.00 1.172865
4 68.00 0.00 63.00 0.00 78.00 0.00 83.00 0.00 0.261853
4 68.00 0.00 63.00 0.00 83.00 0.00 87.00 0.00 0.08596545
4 68.00 0.00 63.00 0.00 87.00 0.00 92.00 0.00 0.03676375
4 68.00 0.00 63.00 0.00 92.00 0.00 97.00 0.00 0.02048725
4 68.00 0.00 63.00 0.00 97.00 0.00 102.00 0.00 0.0112902
4 68.00 0.00 62.00 0.00 74.00 0.00 80.00 0.00 0.911179
4 68.00 0.00 62.00 0.00 80.00 0.00 85.00 0.00 0.1998735
4 68.00 0.00 62.00 0.00 85.00 0.00 91.00 0.00 0.066505
4 68.00 0.00 62.00 0.00 91.00 0.00 97.00 0.00 0.0240907
4 68.00 0.00 61.00 0.00 75.00 0.00 82.00 0.00 0.774707
4 68.00 0.00 61.00 0.00 82.00 0.00 88.00 0.00 0.1538015
4 68.00 0.00 61.00 0.00 88.00 0.00 95.00 0.00 0.052401
4 68.00 0.00 61.00 0.00 95.00 0.00 102.00 0.00 0.020922
4 68.00 0.00 61.00 0.00 102.00 0.00 109.00 0.00 0.00959346
4 69.00 0.00 68.00 0.00 70.00 0.00 71.00 0.00 8.849485
4 69.00 0.00 68.00 0.00 71.00 0.00 72.00 0.00 2.01977
4 69.00 0.00 68.00 0.00 72.00 0.00 73.00 0.00 0.7460825
4 69.00 0.00 68.00 0.00 73.00 0.00 74.00 0.00 0.3204915
4 69.00 0.00 68.00 0.00 74.00 0.00 75.00 0.00 0.153001
4 69.00 0.00 68.00 0.00 75.00 0.00 76.00 0.00 0.10688
4 69.00 0.00 68.00 0.00 76.00 0.00 77.00 0.00 0.05875725
4 69.00 0.00 67.00 0.00 71.00 0.00 73.00 0.00 3.97286
4 69.00 0.00 67.00 0.00 73.00 0.00 75.00 0.00 0.7777135
4 69.00 0.00 67.00 0.00 75.00 0.00 77.00 0.00 0.288236
4 69.00 0.00 67.00 0.00 77.00 0.00 79.00 0.00 0.1463685
4 69.00 0.00 67.00 0.00 79.00 0.00 81.00 0.00 0.08166205
4 69.00 0.00 67.00 0.00 81.00 0.00 83.00 0.00 0.04328305
4 69.00 0.00 67.00 0.00 83.00 0.00 84.00 0.00 0.02866325
4 69.00 0.00 66.00 0.00 72.00 0.00 75.00 0.00 2.253715
4 69.00 0.00 66.00 0.00 75.00 0.00 78.00 0.00 0.472505
4 69.00 0.00 66.00 0.00 78.00 0.00 81.00 0.00 0.182445
4 69.00 0.00 66.00 0.00 86.00 0.00 89.00 0.00 0.02230635
4 69.00 0.00 66.00 0.00 89.00 0.00 92.00 0.00 0.01403245
4 69.00 0.00 65.00 0.00 73.00 0.00 77.00 0.00 1.473895
4 69.00 0.00 65.00 0.00 77.00 0.00 81.00 0.00 0.3471845
4 69.00 0.00 65.00 0.00 81.00 0.00 84.00 0.00 0.115687
4 69.00 0.00 65.00 0.00 84.00 0.00 88.00 0.00 0.0512977
4 69.00 0.00 65.00 0.00 88.00 0.00 92.00 0.00 0.02813305
4 69.00 0.00 65.00 0.00 92.00 0.00 96.00 0.00 0.01442825
4 69.00 0.00 65.00 0.00 96.00 0.00 100.00 0.00 0.0090723
4 69.00 0.00 64.00 0.00 74.00 0.00 79.00 0.00 1.101325
4 69.00 0.00 64.00 0.00 88.00 0.00 93.00 0.00 0.0387468
4 69.00 0.00 64.00 0.00 93.00 0.00 98.00 0.00 0.02163245
4 69.00 0.00 63.00 0.00 75.00 0.00 81.00 0.00 0.921685
4 69.00 0.00 63.00 0.00 81.00 0.00 86.00 0.00 0.190184
4 69.00 0.00 63.00 0.00 86.00 0.00 92.00 0.00 0.063452
4 69.00 0.00 63.00 0.00 92.00 0.00 98.00 0.00 0.03112115
4 69.00 0.00 62.00 0.00 76.00 0.00 83.00 0.00 0.7437005
4 69.00 0.00 62.00 0.00 83.00 0.00 89.00 0.00 0.150525
4 69.00 0.00 62.00 0.00 89.00 0.00 96.00 0.00 0.05024835
4 69.00 0.00 62.00 0.00 96.00 0.00 103.00 0.00 0.0233462
4 70.00 0.00 69.00 0.00 71.00 0.00 72.00 0.00 11.015
4 70.00 0.00 69.00 0.00 72.00 0.00 73.00 0.00 2.269555
4 70.00 0.00 69.00 0.00 73.00 0.00 74.00 0.00 0.724178
4 70.00 0.00 69.00 0.00 74.00 0.00 75.00 0.00 0.287655
4 70.00 0.00 69.00 0.00 75.00 0.00 76.00 0.00 0.1841335
4 70.00 0.00 69.00 0.00 76.00 0.00 77.00 0.00 0.0971524
4 70.00 0.00 69.00 0.00 77.00 0.00 78.00 0.00 0.0731277
4 70.00 0.00 68.00 0.00 72.00 0.00 74.00 0.00 4.058745
4 70.00 0.00 68.00 0.00 74.00 0.00 76.00 0.00 0.731804
4 70.00 0.00 68.00 0.00 76.00 0.00 78.00 0.00 0.276249
4 70.00 0.00 68.00 0.00 78.00 0.00 80.00 0.00 0.1399575
4 70.00 0.00 68.00 0.00 80.00 0.00 82.00 0.00 0.0772162
4 70.00 0.00 67.00 0.00 73.00 0.00 76.00 0.00 2.15526
4 70.00 0.00 67.00 0.00 76.00 0.00 79.00 0.00 0.467694
4 70.00 0.00 67.00 0.00 79.00 0.00 82.00 0.00 0.182403
4 70.00 0.00 67.00 0.00 82.00 0.00 84.00 0.00 0.0821515
4 70.00 0.00 67.00 0.00 84.00 0.00 87.00 0.00 0.0431761
4 70.00 0.00 67.00 0.00 87.00 0.00 90.00 0.00 0.0236487
4 70.00 0.00 67.00 0.00 90.00 0.00 93.00 0.00 0.01573345
4 70.00 0.00 66.00 0.00 74.00 0.00 78.00 0.00 1.42784
4 70.00 0.00 66.00 0.00 78.00 0.00 82.00 0.00 0.341853
4 70.00 0.00 66.00 0.00 82.00 0.00 85.00 0.00 0.1186955
4 70.00 0.00 66.00 0.00 85.00 0.00 89.00 0.00 0.050548
4 70.00 0.00 66.00 0.00 89.00 0.00 93.00 0.00 0.03063745
4 70.00 0.00 66.00 0.00 93.00 0.00 97.00 0.00 0.0140207
4 70.00 0.00 66.00 0.00 97.00 0.00 101.00 0.00 0.00916482
4 70.00 0.00 65.00 0.00 75.00 0.00 80.00 0.00 1.14889
4 70.00 0.00 65.00 0.00 80.00 0.00 84.00 0.00 0.2526705
4 70.00 0.00 65.00 0.00 84.00 0.00 89.00 0.00 0.0830744
4 70.00 0.00 65.00 0.00 89.00 0.00 94.00 0.00 0.0368866
4 70.00 0.00 65.00 0.00 94.00 0.00 99.00 0.00 0.02050085
4 70.00 0.00 65.00 0.00 99.00 0.00 104.00 0.00 0.0104985
4 70.00 0.00 64.00 0.00 76.00 0.00 82.00 0.00 0.89991
4 70.00 0.00 64.00 0.00 82.00 0.00 87.00 0.00 0.1902215
4 70.00 0.00 64.00 0.00 87.00 0.00 93.00 0.00 0.06584375
4 70.00 0.00 64.00 0.00 93.00 0.00 99.00 0.00 0.0293351
4 70.00 0.00 63.00 0.00 90.00 0.00 97.00 0.00 0.04950145
4 70.00 0.00 63.00 0.00 97.00 0.00 104.00 0.00 0.0220343
4 70.00 0.00 63.00 0.00 104.00 0.00 111.00 0.00 0.01080145
4 71.00 0.00 70.00 0.00 72.00 0.00 73.00 0.00 11.33745
4 71.00 0.00 70.00 0.00 73.00 0.00 74.00 0.00 1.87982
4 71.00 0.00 70.00 0.00 74.00 0.00 75.00 0.00 0.5623175
4 71.00 0.00 70.00 0.00 75.00 0.00 76.00 0.00 0.320516
4 71.00 0.00 70.00 0.00 76.00 0.00 77.00 0.00 0.156037
4 71.00 0.00 70.00 0.00 77.00 0.00 78.00 0.00 0.1066655
4 71.00 0.00 70.00 0.00 78.00 0.00 79.00 0.00 0.0683886
4 71.00 0.00 69.00 0.00 73.00 0.00 75.00 0.00 3.45163
4 71.00 0.00 69.00 0.00 75.00 0.00 77.00 0.00 0.7598855
4 71.00 0.00 69.00 0.00 77.00 0.00 79.00 0.00 0.296354
4 71.00 0.00 69.00 0.00 79.00 0.00 81.00 0.00 0.1422255
4 71.00 0.00 69.00 0.00 81.00 0.00 83.00 0.00 0.06965435
4 71.00 0.00 69.00 0.00 83.00 0.00 84.00 0.00 0.04400885
4 71.00 0.00 69.00 0.00 84.00 0.00 86.00 0.00 0.02751715
4 71.00 0.00 68.00 0.00 74.00 0.00 77.00 0.00 1.928125
4 71.00 0.00 68.00 0.00 77.00 0.00 80.00 0.00 0.479324
4 71.00 0.00 68.00 0.00 80.00 0.00 83.00 0.00 0.175952
4 71.00 0.00 68.00 0.00 83.00 0.00 85.00 0.00 0.08064165
4 71.00 0.00 68.00 0.00 85.00 0.00 88.00 0.00 0.03987125
4 71.00 0.00 68.00 0.00 88.00 0.00 91.00 0.00 0.0232641
4 71.00 0.00 68.00 0.00 91.00 0.00 94.00 0.00 0.0153828
4 71.00 0.00 67.00 0.00 75.00 0.00 79.00 0.00 1.484535
4 71.00 0.00 67.00 0.00 79.00 0.00 83.00 0.00 0.335738
4 71.00 0.00 67.00 0.00 83.00 0.00 86.00 0.00 0.1185015
4 71.00 0.00 67.00 0.00 86.00 0.00 90.00 0.00 0.0509166
4 71.00 0.00 67.00 0.00 90.00 0.00 94.00 0.00 0.02958025
4 71.00 0.00 67.00 0.00 94.00 0.00 98.00 0.00 0.01538985
4 71.00 0.00 67.00 0.00 98.00 0.00 102.00 0.00 0.00955209
4 71.00 0.00 66.00 0.00 76.00 0.00 81.00 0.00 1.116605
4 71.00 0.00 66.00 0.00 81.00 0.00 85.00 0.00 0.2398065
4 71.00 0.00 66.00 0.00 85.00 0.00 90.00 0.00 0.0796529
4 71.00 0.00 66.00 0.00 90.00 0.00 95.00 0.00 0.0380092
4 71.00 0.00 66.00 0.00 95.00 0.00 100.00 0.00 0.02042775
4 71.00 0.00 66.00 0.00 100.00 0.00 105.00 0.00 0.00974619
4 71.00 0.00 66.00 0.00 105.00 0.00 110.00 0.00 0.03565865
4 71.00 0.00 65.00 0.00 77.00 0.00 83.00 0.00 0.922317
4 71.00 0.00 65.00 0.00 83.00 0.00 88.00 0.00 0.1870335
4 71.00 0.00 65.00 0.00 88.00 0.00 94.00 0.00 0.0652972
4 71.00 0.00 65.00 0.00 94.00 0.00 100.00 0.00 0.02752995
4 71.00 0.00 64.00 0.00 78.00 0.00 84.00 0.00 0.7581385
4 71.00 0.00 64.00 0.00 84.00 0.00 91.00 0.00 0.1501845
4 71.00 0.00 64.00 0.00 91.00 0.00 98.00 0.00 0.05208175
4 71.00 0.00 64.00 0.00 98.00 0.00 105.00 0.00 0.01753
4 72.00 0.00 71.00 0.00 73.00 0.00 74.00 0.00 9.759735
4 72.00 0.00 71.00 0.00 74.00 0.00 75.00 0.00 1.547855
4 72.00 0.00 71.00 0.00 75.00 0.00 76.00 0.00 0.686116
4 72.00 0.00 71.00 0.00 76.00 0.00 77.00 0.00 0.286508
4 72.00 0.00 71.00 0.00 77.00 0.00 78.00 0.00 0.1761045
4 72.00 0.00 71.00 0.00 78.00 0.00 79.00 0.00 0.1083435
4 72.00 0.00 71.00 0.00 79.00 0.00 80.00 0.00 0.0687943
4 72.00 0.00 70.00 0.00 74.00 0.00 76.00 0.00 3.114685
4 72.00 0.00 70.00 0.00 76.00 0.00 78.00 0.00 0.7282455
4 72.00 0.00 70.00 0.00 78.00 0.00 80.00 0.00 0.2895875
4 72.00 0.00 70.00 0.00 80.00 0.00 82.00 0.00 0.1393145
4 72.00 0.00 70.00 0.00 85.00 0.00 87.00 0.00 0.0269075
4 72.00 0.00 69.00 0.00 75.00 0.00 78.00 0.00 2.086305
4 72.00 0.00 69.00 0.00 78.00 0.00 81.00 0.00 0.486074
4 72.00 0.00 69.00 0.00 86.00 0.00 89.00 0.00 0.0391899
4 72.00 0.00 69.00 0.00 89.00 0.00 92.00 0.00 0.02496855
4 72.00 0.00 69.00 0.00 92.00 0.00 95.00 0.00 0.01496475
4 72.00 0.00 68.00 0.00 76.00 0.00 80.00 0.00 1.430075
4 72.00 0.00 68.00 0.00 87.00 0.00 91.00 0.00 0.0513343
4 72.00 0.00 68.00 0.00 91.00 0.00 95.00 0.00 0.02681665
4 72.00 0.00 68.00 0.00 95.00 0.00 99.00 0.00 0.01761855
4 72.00 0.00 67.00 0.00 77.00 0.00 82.00 0.00 1.160115
4 72.00 0.00 67.00 0.00 82.00 0.00 86.00 0.00 0.2446785
4 72.00 0.00 67.00 0.00 86.00 0.00 91.00 0.00 0.0821312
4 72.00 0.00 67.00 0.00 91.00 0.00 96.00 0.00 0.03853545
4 72.00 0.00 67.00 0.00 96.00 0.00 101.00 0.00 0.0186308
4 72.00 0.00 67.00 0.00 101.00 0.00 106.00 0.00 0.01304345
4 72.00 0.00 67.00 0.00 106.00 0.00 111.00 0.00 0.0160662
4 72.00 0.00 66.00 0.00 89.00 0.00 95.00 0.00 0.0631872
4 72.00 0.00 66.00 0.00 95.00 0.00 101.00 0.00 0.02863275
4 72.00 0.00 66.00 0.00 101.00 0.00 107.00 0.00 0.01694965
4 72.00 0.00 65.00 0.00 79.00 0.00 85.00 0.00 0.748084
4 72.00 0.00 65.00 0.00 85.00 0.00 92.00 0.00 0.1452745
4 72.00 0.00 65.00 0.00 92.00 0.00 99.00 0.00 0.05079005
4 72.00 0.00 65.00 0.00 99.00 0.00 106.00 0.00 0.02230345
4 73.00 0.00 72.00 0.00 74.00 0.00 75.00 0.00 7.090335
4 73.00 0.00 72.00 0.00 75.00 0.00 76.00 0.00 1.897995
4 73.00 0.00 72.00 0.00 76.00 0.00 77.00 0.00 0.6119
4 73.00 0.00 72.00 0.00 77.00 0.00 78.00 0.00 0.34475
4 73.00 0.00 72.00 0.00 78.00 0.00 79.00 0.00 0.1921495
4 73.00 0.00 72.00 0.00 79.00 0.00 80.00 0.00 0.1098455
4 73.00 0.00 72.00 0.00 80.00 0.00 81.00 0.00 0.07860005
4 73.00 0.00 71.00 0.00 75.00 0.00 77.00 0.00 3.47956
4 73.00 0.00 71.00 0.00 77.00 0.00 79.00 0.00 0.8238985
4 73.00 0.00 71.00 0.00 79.00 0.00 81.00 0.00 0.3085895
4 73.00 0.00 71.00 0.00 81.00 0.00 83.00 0.00 0.132739
4 73.00 0.00 71.00 0.00 83.00 0.00 84.00 0.00 0.0759814
4 73.00 0.00 71.00 0.00 84.00 0.00 86.00 0.00 0.0455297
4 73.00 0.00 71.00 0.00 86.00 0.00 88.00 0.00 0.0276207
4 73.00 0.00 70.00 0.00 76.00 0.00 79.00 0.00 2.052055
4 73.00 0.00 70.00 0.00 79.00 0.00 82.00 0.00 0.4858185
4 73.00 0.00 70.00 0.00 82.00 0.00 84.00 0.00 0.1758245
4 73.00 0.00 70.00 0.00 84.00 0.00 87.00 0.00 0.08012525
4 73.00 0.00 70.00 0.00 87.00 0.00 90.00 0.00 0.04035835
4 73.00 0.00 70.00 0.00 90.00 0.00 93.00 0.00 0.0255206
4 73.00 0.00 70.00 0.00 93.00 0.00 96.00 0.00 0.01640715
4 73.00 0.00 69.00 0.00 77.00 0.00 81.00 0.00 1.56473
4 73.00 0.00 69.00 0.00 81.00 0.00 84.00 0.00 0.3234905
4 73.00 0.00 69.00 0.00 84.00 0.00 88.00 0.00 0.117151
4 73.00 0.00 69.00 0.00 88.00 0.00 92.00 0.00 0.05411565
4 73.00 0.00 69.00 0.00 92.00 0.00 96.00 0.00 0.0280538
4 73.00 0.00 69.00 0.00 96.00 0.00 100.00 0.00 0.01699925
4 73.00 0.00 69.00 0.00 100.00 0.00 104.00 0.00 0.00908514
4 73.00 0.00 68.00 0.00 78.00 0.00 83.00 0.00 1.170395
4 73.00 0.00 68.00 0.00 83.00 0.00 87.00 0.00 0.2464465
4 73.00 0.00 68.00 0.00 87.00 0.00 92.00 0.00 0.08416725
4 73.00 0.00 68.00 0.00 92.00 0.00 97.00 0.00 0.0389933
4 73.00 0.00 68.00 0.00 97.00 0.00 102.00 0.00 0.0205153
4 73.00 0.00 67.00 0.00 79.00 0.00 84.00 0.00 0.925991
4 73.00 0.00 67.00 0.00 84.00 0.00 90.00 0.00 0.1875805
4 73.00 0.00 67.00 0.00 90.00 0.00 96.00 0.00 0.0666591
4 73.00 0.00 67.00 0.00 96.00 0.00 102.00 0.00 0.02912285
4 73.00 0.00 67.00 0.00 102.00 0.00 108.00 0.00 0.01374045
4 73.00 0.00 66.00 0.00 80.00 0.00 86.00 0.00 0.7572055
4 73.00 0.00 66.00 0.00 86.00 0.00 93.00 0.00 0.148655
4 73.00 0.00 66.00 0.00 93.00 0.00 100.00 0.00 0.0526763
4 73.00 0.00 66.00 0.00 100.00 0.00 107.00 0.00 0.0223295
4 74.00 0.00 73.00 0.00 75.00 0.00 76.00 0.00 9.85333
4 74.00 0.00 73.00 0.00 76.00 0.00 77.00 0.00 1.75375
4 74.00 0.00 73.00 0.00 77.00 0.00 78.00 0.00 0.7316495
4 74.00 0.00 73.00 0.00 78.00 0.00 79.00 0.00 0.34519
4 74.00 0.00 73.00 0.00 79.00 0.00 80.00 0.00 0.1854285
4 74.00 0.00 73.00 0.00 80.00 0.00 81.00 0.00 0.1232055
4 74.00 0.00 73.00 0.00 81.00 0.00 82.00 0.00 0.06691705
4 74.00 0.00 72.00 0.00 76.00 0.00 78.00 0.00 3.44265
4 74.00 0.00 72.00 0.00 78.00 0.00 80.00 0.00 0.8334225
4 74.00 0.00 72.00 0.00 80.00 0.00 82.00 0.00 0.313451
4 74.00 0.00 72.00 0.00 85.00 0.00 87.00 0.00 0.04326685
4 74.00 0.00 72.00 0.00 87.00 0.00 89.00 0.00 0.0286795
4 74.00 0.00 71.00 0.00 77.00 0.00 80.00 0.00 2.26214
4 74.00 0.00 71.00 0.00 80.00 0.00 83.00 0.00 0.5009585
4 74.00 0.00 71.00 0.00 83.00 0.00 85.00 0.00 0.184638
4 74.00 0.00 71.00 0.00 85.00 0.00 88.00 0.00 0.0793143
4 74.00 0.00 71.00 0.00 88.00 0.00 91.00 0.00 0.0433467
4 74.00 0.00 71.00 0.00 91.00 0.00 94.00 0.00 0.0271073
4 74.00 0.00 71.00 0.00 94.00 0.00 97.00 0.00 0.01693815
4 74.00 0.00 70.00 0.00 78.00 0.00 82.00 0.00 1.57473
4 74.00 0.00 70.00 0.00 82.00 0.00 85.00 0.00 0.33959
4 74.00 0.00 70.00 0.00 85.00 0.00 89.00 0.00 0.117473
4 74.00 0.00 70.00 0.00 89.00 0.00 93.00 0.00 0.05417035
4 74.00 0.00 70.00 0.00 93.00 0.00 97.00 0.00 0.02783985
4 74.00 0.00 70.00 0.00 97.00 0.00 101.00 0.00 0.0167217
4 74.00 0.00 70.00 0.00 101.00 0.00 105.00 0.00 0.00970776
4 74.00 0.00 69.00 0.00 88.00 0.00 93.00 0.00 0.0875344
4 74.00 0.00 69.00 0.00 93.00 0.00 98.00 0.00 0.0399286
4 74.00 0.00 69.00 0.00 98.00 0.00 103.00 0.00 0.02315885
4 74.00 0.00 68.00 0.00 80.00 0.00 85.00 0.00 0.9479365
4 74.00 0.00 68.00 0.00 85.00 0.00 91.00 0.00 0.187173
4 74.00 0.00 68.00 0.00 91.00 0.00 97.00 0.00 0.0688893
4 74.00 0.00 68.00 0.00 97.00 0.00 103.00 0.00 0.02933945
4 74.00 0.00 67.00 0.00 81.00 0.00 87.00 0.00 0.7392885
4 74.00 0.00 67.00 0.00 87.00 0.00 94.00 0.00 0.1535295
4 74.00 0.00 67.00 0.00 94.00 0.00 101.00 0.00 0.0544697
4 74.00 0.00 67.00 0.00 101.00 0.00 108.00 0.00 0.02224145
4 75.00 0.00 74.00 0.00 76.00 0.00 77.00 0.00 7.155605
4 75.00 0.00 74.00 0.00 77.00 0.00 78.00 0.00 1.62301
4 75.00 0.00 74.00 0.00 78.00 0.00 79.00 0.00 0.6132945
4 75.00 0.00 74.00 0.00 79.00 0.00 80.00 0.00 0.281849
4 75.00 0.00 74.00 0.00 80.00 0.00 81.00 0.00 0.169141
4 75.00 0.00 74.00 0.00 81.00 0.00 82.00 0.00 0.08720995
4 75.00 0.00 74.00 0.00 82.00 0.00 83.00 0.00 0.05903035
4 75.00 0.00 73.00 0.00 77.00 0.00 79.00 0.00 3.3078
4 75.00 0.00 73.00 0.00 79.00 0.00 81.00 0.00 0.7608605
4 75.00 0.00 73.00 0.00 81.00 0.00 83.00 0.00 0.259905
4 75.00 0.00 73.00 0.00 83.00 0.00 84.00 0.00 0.1345045
4 75.00 0.00 73.00 0.00 84.00 0.00 86.00 0.00 0.0707096
4 75.00 0.00 73.00 0.00 86.00 0.00 88.00 0.00 0.04112625
4 75.00 0.00 73.00 0.00 88.00 0.00 90.00 0.00 0.02682615
4 75.00 0.00 72.00 0.00 78.00 0.00 81.00 0.00 2.098075
4 75.00 0.00 72.00 0.00 86.00 0.00 89.00 0.00 0.0775502
4 75.00 0.00 72.00 0.00 89.00 0.00 92.00 0.00 0.04136495
4 75.00 0.00 72.00 0.00 92.00 0.00 95.00 0.00 0.0244634
4 75.00 0.00 72.00 0.00 95.00 0.00 98.00 0.00 0.016712
4 75.00 0.00 71.00 0.00 79.00 0.00 83.00 0.00 1.45809
4 75.00 0.00 71.00 0.00 83.00 0.00 86.00 0.00 0.3280505
4 75.00 0.00 71.00 0.00 86.00 0.00 90.00 0.00 0.1134125
4 75.00 0.00 71.00 0.00 90.00 0.00 94.00 0.00 0.05455875
4 75.00 0.00 71.00 0.00 94.00 0.00 98.00 0.00 0.02692855
4 75.00 0.00 71.00 0.00 98.00 0.00 102.00 0.00 0.0169467
4 75.00 0.00 70.00 0.00 80.00 0.00 84.00 0.00 1.12705
4 75.00 0.00 70.00 0.00 84.00 0.00 89.00 0.00 0.238971
4 75.00 0.00 70.00 0.00 89.00 0.00 94.00 0.00 0.08232915
4 75.00 0.00 70.00 0.00 94.00 0.00 99.00 0.00 0.04025485
4 75.00 0.00 70.00 0.00 99.00 0.00 104.00 0.00 0.0217623
4 75.00 0.00 69.00 0.00 81.00 0.00 86.00 0.00 0.862568
4 75.00 0.00 69.00 0.00 86.00 0.00 92.00 0.00 0.184426
4 75.00 0.00 69.00 0.00 92.00 0.00 98.00 0.00 0.06422935
4 75.00 0.00 69.00 0.00 98.00 0.00 104.00 0.00 0.0289844
4 75.00 0.00 69.00 0.00 104.00 0.00 110.00 0.00 0.0146774
4 75.00 0.00 68.00 0.00 82.00 0.00 88.00 0.00 0.720972
4 75.00 0.00 68.00 0.00 88.00 0.00 95.00 0.00 0.15032
4 75.00 0.00 68.00 0.00 95.00 0.00 102.00 0.00 0.0522662
4 75.00 0.00 68.00 0.00 102.00 0.00 109.00 0.00 0.02309215
4 76.00 0.00 75.00 0.00 77.00 0.00 78.00 0.00 7.634455
4 76.00 0.00 75.00 0.00 78.00 0.00 79.00 0.00 1.711785
4 76.00 0.00 75.00 0.00 79.00 0.00 80.00 0.00 0.620195
4 76.00 0.00 75.00 0.00 80.00 0.00 81.00 0.00 0.3252825
4 76.00 0.00 75.00 0.00 81.00 0.00 82.00 0.00 0.152878
4 76.00 0.00 75.00 0.00 82.00 0.00 83.00 0.00 0.09725145
4 76.00 0.00 74.00 0.00 78.00 0.00 80.00 0.00 3.226215
4 76.00 0.00 74.00 0.00 80.00 0.00 82.00 0.00 0.7359695
4 76.00 0.00 74.00 0.00 85.00 0.00 87.00 0.00 0.0673077
4 76.00 0.00 74.00 0.00 87.00 0.00 89.00 0.00 0.04170035
4 76.00 0.00 74.00 0.00 89.00 0.00 91.00 0.00 0.0253968
4 76.00 0.00 73.00 0.00 79.00 0.00 82.00 0.00 2.01319
4 76.00 0.00 73.00 0.00 82.00 0.00 84.00 0.00 0.4517525
4 76.00 0.00 73.00 0.00 84.00 0.00 87.00 0.00 0.168828
4 76.00 0.00 73.00 0.00 87.00 0.00 90.00 0.00 0.07653465
4 76.00 0.00 73.00 0.00 90.00 0.00 93.00 0.00 0.04405325
4 76.00 0.00 73.00 0.00 93.00 0.00 96.00 0.00 0.0252766
4 76.00 0.00 73.00 0.00 96.00 0.00 99.00 0.00 0.0163436
4 76.00 0.00 72.00 0.00 87.00 0.00 91.00 0.00 0.1142915
4 76.00 0.00 72.00 0.00 91.00 0.00 95.00 0.00 0.0556162
4 76.00 0.00 72.00 0.00 95.00 0.00 99.00 0.00 0.02865055
4 76.00 0.00 72.00 0.00 99.00 0.00 103.00 0.00 0.01500325
4 76.00 0.00 72.00 0.00 103.00 0.00 107.00 0.00 0.01047468
4 76.00 0.00 71.00 0.00 81.00 0.00 85.00 0.00 1.070635
4 76.00 0.00 71.00 0.00 85.00 0.00 90.00 0.00 0.2334355
4 76.00 0.00 71.00 0.00 90.00 0.00 95.00 0.00 0.08679225
4 76.00 0.00 71.00 0.00 95.00 0.00 100.00 0.00 0.04104315
4 76.00 0.00 71.00 0.00 100.00 0.00 105.00 0.00 0.02118275
4 76.00 0.00 70.00 0.00 82.00 0.00 87.00 0.00 0.874955
4 76.00 0.00 70.00 0.00 87.00 0.00 93.00 0.00 0.1866345
4 76.00 0.00 70.00 0.00 93.00 0.00 99.00 0.00 0.06741335
4 76.00 0.00 70.00 0.00 99.00 0.00 105.00 0.00 0.0290877
4 76.00 0.00 70.00 0.00 105.00 0.00 111.00 0.00 0.0148669
4 76.00 0.00 69.00 0.00 83.00 0.00 89.00 0.00 0.7315215
4 76.00 0.00 69.00 0.00 89.00 0.00 96.00 0.00 0.1521285
4 76.00 0.00 69.00 0.00 96.00 0.00 103.00 0.00 0.0507197
4 76.00 0.00 69.00 0.00 103.00 0.00 110.00 0.00 0.0239227
4 77.00 0.00 76.00 0.00 78.00 0.00 79.00 0.00 8.02595
4 77.00 0.00 76.00 0.00 79.00 0.00 80.00 0.00 1.5726
4 77.00 0.00 76.00 0.00 80.00 0.00 81.00 0.00 0.619791
4 77.00 0.00 76.00 0.00 81.00 0.00 82.00 0.00 0.2414445
4 77.00 0.00 76.00 0.00 82.00 0.00 83.00 0.00 0.1408555
4 77.00 0.00 75.00 0.00 79.00 0.00 81.00 0.00 3.13741
4 77.00 0.00 75.00 0.00 81.00 0.00 83.00 0.00 0.632667
4 77.00 0.00 75.00 0.00 83.00 0.00 84.00 0.00 0.2640495
4 77.00 0.00 75.00 0.00 84.00 0.00 86.00 0.00 0.126753
4 77.00 0.00 75.00 0.00 86.00 0.00 88.00 0.00 0.0661073
4 77.00 0.00 75.00 0.00 88.00 0.00 90.00 0.00 0.04043295
4 77.00 0.00 75.00 0.00 90.00 0.00 92.00 0.00 0.02772945
4 77.00 0.00 74.00 0.00 80.00 0.00 83.00 0.00 1.894565
4 77.00 0.00 74.00 0.00 83.00 0.00 85.00 0.00 0.436879
4 77.00 0.00 74.00 0.00 85.00 0.00 88.00 0.00 0.1530545
4 77.00 0.00 74.00 0.00 88.00 0.00 91.00 0.00 0.0740913
4 77.00 0.00 74.00 0.00 91.00 0.00 94.00 0.00 0.04097635
4 77.00 0.00 74.00 0.00 94.00 0.00 97.00 0.00 0.02547485
4 77.00 0.00 74.00 0.00 97.00 0.00 100.00 0.00 0.01531655
4 77.00 0.00 73.00 0.00 81.00 0.00 84.00 0.00 1.292225
4 77.00 0.00 73.00 0.00 84.00 0.00 88.00 0.00 0.3050205
4 77.00 0.00 73.00 0.00 88.00 0.00 92.00 0.00 0.113907
4 77.00 0.00 73.00 0.00 92.00 0.00 96.00 0.00 0.05327405
4 77.00 0.00 73.00 0.00 96.00 0.00 100.00 0.00 0.02855055
4 77.00 0.00 73.00 0.00 100.00 0.00 104.00 0.00 0.01527785
4 77.00 0.00 73.00 0.00 104.00 0.00 108.00 0.00 0.0105501
4 77.00 0.00 72.00 0.00 82.00 0.00 86.00 0.00 1.04671
4 77.00 0.00 72.00 0.00 86.00 0.00 91.00 0.00 0.2278695
4 77.00 0.00 72.00 0.00 91.00 0.00 96.00 0.00 0.0876891
4 77.00 0.00 72.00 0.00 96.00 0.00 101.00 0.00 0.03913875
4 77.00 0.00 72.00 0.00 101.00 0.00 106.00 0.00 0.02259675
4 77.00 0.00 71.00 0.00 83.00 0.00 88.00 0.00 0.8543575
4 77.00 0.00 71.00 0.00 88.00 0.00 94.00 0.00 0.186186
4 77.00 0.00 71.00 0.00 94.00 0.00 100.00 0.00 0.06652445
4 77.00 0.00 71.00 0.00 100.00 0.00 106.00 0.00 0.0287941
4 77.00 0.00 70.00 0.00 90.00 0.00 97.00 0.00 0.154196
4 77.00 0.00 70.00 0.00 97.00 0.00 104.00 0.00 0.04926195
4 77.00 0.00 70.00 0.00 104.00 0.00 111.00 0.00 0.02388675
4 78.00 0.00 77.00 0.00 79.00 0.00 80.00 0.00 8.75368
4 78.00 0.00 77.00 0.00 80.00 0.00 81.00 0.00 2.009475
4 78.00 0.00 77.00 0.00 81.00 0.00 82.00 0.00 0.588983
4 78.00 0.00 77.00 0.00 82.00 0.00 83.00 0.00 0.2946975
4 78.00 0.00 77.00 0.00 84.00 0.00 85.00 0.00 0.072318
4 78.00 0.00 76.00 0.00 80.00 0.00 82.00 0.00 3.460285
4 78.00 0.00 76.00 0.00 85.00 0.00 87.00 0.00 0.1250035
4 78.00 0.00 76.00 0.00 87.00 0.00 89.00 0.00 0.0706293
4 78.00 0.00 76.00 0.00 89.00 0.00 91.00 0.00 0.040966
4 78.00 0.00 76.00 0.00 91.00 0.00 93.00 0.00 0.02940665
4 78.00 0.00 75.00 0.00 86.00 0.00 89.00 0.00 0.163426
4 78.00 0.00 75.00 0.00 89.00 0.00 92.00 0.00 0.0785376
4 78.00 0.00 75.00 0.00 92.00 0.00 95.00 0.00 0.04686425
4 78.00 0.00 75.00 0.00 95.00 0.00 98.00 0.00 0.02600645
4 78.00 0.00 75.00 0.00 98.00 0.00 101.00 0.00 0.01602235
4 78.00 0.00 74.00 0.00 82.00 0.00 85.00 0.00 1.381895
4 78.00 0.00 74.00 0.00 85.00 0.00 89.00 0.00 0.304714
4 78.00 0.00 74.00 0.00 89.00 0.00 93.00 0.00 0.1147495
4 78.00 0.00 74.00 0.00 93.00 0.00 97.00 0.00 0.0547571
4 78.00 0.00 74.00 0.00 97.00 0.00 101.00 0.00 0.02943575
4 78.00 0.00 74.00 0.00 101.00 0.00 105.00 0.00 0.0158597
4 78.00 0.00 74.00 0.00 105.00 0.00 109.00 0.00 0.01039532
4 78.00 0.00 73.00 0.00 83.00 0.00 87.00 0.00 1.089535
4 78.00 0.00 73.00 0.00 87.00 0.00 92.00 0.00 0.236811
4 78.00 0.00 73.00 0.00 92.00 0.00 97.00 0.00 0.0894607
4 78.00 0.00 73.00 0.00 97.00 0.00 102.00 0.00 0.040066
4 78.00 0.00 73.00 0.00 102.00 0.00 107.00 0.00 0.02185715
4 78.00 0.00 72.00 0.00 89.00 0.00 95.00 0.00 0.1891425
4 78.00 0.00 72.00 0.00 95.00 0.00 101.00 0.00 0.07088835
4 78.00 0.00 72.00 0.00 101.00 0.00 107.00 0.00 0.0292952
4 78.00 0.00 71.00 0.00 84.00 0.00 91.00 0.00 0.713145
4 78.00 0.00 71.00 0.00 91.00 0.00 98.00 0.00 0.159273
4 78.00 0.00 71.00 0.00 98.00 0.00 105.00 0.00 0.0531964
4 79.00 0.00 78.00 0.00 80.00 0.00 81.00 0.00 9.31243
4 79.00 0.00 78.00 0.00 81.00 0.00 82.00 0.00 1.60347
4 79.00 0.00 78.00 0.00 82.00 0.00 83.00 0.00 0.6143265
4 79.00 0.00 78.00 0.00 84.00 0.00 85.00 0.00 0.1114695
4 79.00 0.00 78.00 0.00 85.00 0.00 86.00 0.00 0.06565025
4 79.00 0.00 77.00 0.00 81.00 0.00 83.00 0.00 3.102525
4 79.00 0.00 77.00 0.00 83.00 0.00 84.00 0.00 0.765976
4 79.00 0.00 77.00 0.00 84.00 0.00 86.00 0.00 0.294595
4 79.00 0.00 77.00 0.00 86.00 0.00 88.00 0.00 0.131975
4 79.00 0.00 77.00 0.00 88.00 0.00 90.00 0.00 0.07580435
4 79.00 0.00 77.00 0.00 90.00 0.00 92.00 0.00 0.04739435
4 79.00 0.00 77.00 0.00 92.00 0.00 94.00 0.00 0.02982665
4 79.00 0.00 76.00 0.00 82.00 0.00 84.00 0.00 1.967775
4 79.00 0.00 76.00 0.00 84.00 0.00 87.00 0.00 0.4623085
4 79.00 0.00 76.00 0.00 87.00 0.00 90.00 0.00 0.166046
4 79.00 0.00 76.00 0.00 90.00 0.00 93.00 0.00 0.0845013
4 79.00 0.00 76.00 0.00 93.00 0.00 96.00 0.00 0.0454474
4 79.00 0.00 76.00 0.00 96.00 0.00 99.00 0.00 0.02738725
4 79.00 0.00 76.00 0.00 99.00 0.00 102.00 0.00 0.01654985
4 79.00 0.00 75.00 0.00 83.00 0.00 86.00 0.00 1.464145
4 79.00 0.00 75.00 0.00 86.00 0.00 90.00 0.00 0.3154405
4 79.00 0.00 75.00 0.00 90.00 0.00 94.00 0.00 0.1239265
4 79.00 0.00 75.00 0.00 94.00 0.00 98.00 0.00 0.05775435
4 79.00 0.00 75.00 0.00 98.00 0.00 102.00 0.00 0.0323555
4 79.00 0.00 75.00 0.00 102.00 0.00 106.00 0.00 0.0163686
4 79.00 0.00 75.00 0.00 106.00 0.00 110.00 0.00 0.00982592
4 79.00 0.00 74.00 0.00 88.00 0.00 93.00 0.00 0.2443055
4 79.00 0.00 74.00 0.00 93.00 0.00 98.00 0.00 0.09054125
4 79.00 0.00 74.00 0.00 98.00 0.00 103.00 0.00 0.040828
4 79.00 0.00 74.00 0.00 103.00 0.00 108.00 0.00 0.01702505
4 79.00 0.00 73.00 0.00 84.00 0.00 90.00 0.00 0.874279
4 79.00 0.00 73.00 0.00 90.00 0.00 96.00 0.00 0.1983785
4 79.00 0.00 73.00 0.00 96.00 0.00 102.00 0.00 0.0720467
4 79.00 0.00 73.00 0.00 102.00 0.00 108.00 0.00 0.029075
4 79.00 0.00 72.00 0.00 85.00 0.00 92.00 0.00 0.7089145
4 79.00 0.00 72.00 0.00 92.00 0.00 99.00 0.00 0.1612005
4 79.00 0.00 72.00 0.00 99.00 0.00 106.00 0.00 0.05580815
4 80.00 0.00 79.00 0.00 81.00 0.00 82.00 0.00 6.30549
4 80.00 0.00 79.00 0.00 82.00 0.00 83.00 0.00 1.48873
4 80.00 0.00 79.00 0.00 84.00 0.00 85.00 0.00 0.1761005
4 80.00 0.00 79.00 0.00 85.00 0.00 86.00 0.00 0.0972375
4 80.00 0.00 79.00 0.00 86.00 0.00 87.00 0.00 0.0631522
4 80.00 0.00 78.00 0.00 85.00 0.00 87.00 0.00 0.2709035
4 80.00 0.00 78.00 0.00 87.00 0.00 89.00 0.00 0.1325455
4 80.00 0.00 78.00 0.00 89.00 0.00 91.00 0.00 0.0726006
4 80.00 0.00 78.00 0.00 91.00 0.00 93.00 0.00 0.04773365
4 80.00 0.00 78.00 0.00 93.00 0.00 95.00 0.00 0.0293172
4 80.00 0.00 77.00 0.00 83.00 0.00 85.00 0.00 2.026515
4 80.00 0.00 77.00 0.00 85.00 0.00 88.00 0.00 0.4461555
4 80.00 0.00 77.00 0.00 88.00 0.00 91.00 0.00 0.172637
4 80.00 0.00 77.00 0.00 91.00 0.00 94.00 0.00 0.08707255
4 80.00 0.00 77.00 0.00 94.00 0.00 97.00 0.00 0.0473628
4 80.00 0.00 77.00 0.00 97.00 0.00 100.00 0.00 0.0278308
4 80.00 0.00 77.00 0.00 100.00 0.00 103.00 0.00 0.01638535
4 80.00 0.00 76.00 0.00 87.00 0.00 91.00 0.00 0.3160825
4 80.00 0.00 76.00 0.00 91.00 0.00 95.00 0.00 0.125194
4 80.00 0.00 76.00 0.00 95.00 0.00 99.00 0.00 0.05910855
4 80.00 0.00 76.00 0.00 99.00 0.00 103.00 0.00 0.03463155
4 80.00 0.00 76.00 0.00 103.00 0.00 107.00 0.00 0.01783515
4 80.00 0.00 76.00 0.00 107.00 0.00 111.00 0.00 0.00993433
4 80.00 0.00 75.00 0.00 84.00 0.00 89.00 0.00 1.104535
4 80.00 0.00 75.00 0.00 89.00 0.00 94.00 0.00 0.2467145
4 80.00 0.00 75.00 0.00 94.00 0.00 99.00 0.00 0.09592515
4 80.00 0.00 75.00 0.00 99.00 0.00 104.00 0.00 0.04206425
4 80.00 0.00 75.00 0.00 104.00 0.00 109.00 0.00 0.01727195
4 80.00 0.00 74.00 0.00 85.00 0.00 91.00 0.00 0.8498285
4 80.00 0.00 74.00 0.00 91.00 0.00 97.00 0.00 0.201507
4 80.00 0.00 74.00 0.00 97.00 0.00 103.00 0.00 0.0711058
4 80.00 0.00 74.00 0.00 103.00 0.00 109.00 0.00 0.02899645
4 80.00 0.00 73.00 0.00 86.00 0.00 93.00 0.00 0.7133085
4 80.00 0.00 73.00 0.00 93.00 0.00 100.00 0.00 0.162339
4 80.00 0.00 73.00 0.00 100.00 0.00 107.00 0.00 0.05569135
4 81.00 0.00 80.00 0.00 82.00 0.00 83.00 0.00 6.94595
4 81.00 0.00 80.00 0.00 84.00 0.00 85.00 0.00 0.364903
4 81.00 0.00 80.00 0.00 85.00 0.00 86.00 0.00 0.1845535
4 81.00 0.00 80.00 0.00 86.00 0.00 87.00 0.00 0.1101225
4 81.00 0.00 80.00 0.00 87.00 0.00 88.00 0.00 0.0696712
4 81.00 0.00 79.00 0.00 83.00 0.00 84.00 0.00 3.338785
4 81.00 0.00 79.00 0.00 84.00 0.00 86.00 0.00 0.8227445
4 81.00 0.00 79.00 0.00 86.00 0.00 88.00 0.00 0.2853415
4 81.00 0.00 79.00 0.00 88.00 0.00 90.00 0.00 0.139002
4 81.00 0.00 79.00 0.00 90.00 0.00 92.00 0.00 0.08053315
4 81.00 0.00 79.00 0.00 92.00 0.00 94.00 0.00 0.0481834
4 81.00 0.00 79.00 0.00 94.00 0.00 96.00 0.00 0.0318215
4 81.00 0.00 78.00 0.00 86.00 0.00 89.00 0.00 0.4715415
4 81.00 0.00 78.00 0.00 89.00 0.00 92.00 0.00 0.1788825
4 81.00 0.00 78.00 0.00 92.00 0.00 95.00 0.00 0.08844875
4 81.00 0.00 78.00 0.00 95.00 0.00 98.00 0.00 0.04969525
4 81.00 0.00 78.00 0.00 98.00 0.00 101.00 0.00 0.0294957
4 81.00 0.00 78.00 0.00 101.00 0.00 104.00 0.00 0.0170431
4 81.00 0.00 77.00 0.00 84.00 0.00 88.00 0.00 1.53484
4 81.00 0.00 77.00 0.00 88.00 0.00 92.00 0.00 0.342653
4 81.00 0.00 77.00 0.00 92.00 0.00 96.00 0.00 0.1325255
4 81.00 0.00 77.00 0.00 96.00 0.00 100.00 0.00 0.06318765
4 81.00 0.00 77.00 0.00 100.00 0.00 104.00 0.00 0.0338908
4 81.00 0.00 76.00 0.00 85.00 0.00 90.00 0.00 1.108135
4 81.00 0.00 76.00 0.00 90.00 0.00 95.00 0.00 0.263845
4 81.00 0.00 76.00 0.00 95.00 0.00 100.00 0.00 0.1000933
4 81.00 0.00 76.00 0.00 100.00 0.00 105.00 0.00 0.04304615
4 81.00 0.00 76.00 0.00 105.00 0.00 110.00 0.00 0.02002745
4 81.00 0.00 75.00 0.00 86.00 0.00 92.00 0.00 0.8937275
4 81.00 0.00 75.00 0.00 92.00 0.00 98.00 0.00 0.2091425
4 81.00 0.00 75.00 0.00 98.00 0.00 104.00 0.00 0.07610565
4 81.00 0.00 75.00 0.00 104.00 0.00 110.00 0.00 0.03022015
4 81.00 0.00 74.00 0.00 87.00 0.00 94.00 0.00 0.743087
4 81.00 0.00 74.00 0.00 94.00 0.00 101.00 0.00 0.1695145
4 81.00 0.00 74.00 0.00 101.00 0.00 108.00 0.00 0.05790035
4 82.00 0.00 81.00 0.00 84.00 0.00 85.00 0.00 0.668961
4 82.00 0.00 81.00 0.00 85.00 0.00 86.00 0.00 0.2883115
4 82.00 0.00 81.00 0.00 86.00 0.00 87.00 0.00 0.156338
4 82.00 0.00 81.00 0.00 87.00 0.00 88.00 0.00 0.09305815
4 82.00 0.00 81.00 0.00 88.00 0.00 89.00 0.00 0.06505495
4 82.00 0.00 80.00 0.00 85.00 0.00 87.00 0.00 0.739431
4 82.00 0.00 80.00 0.00 87.00 0.00 89.00 0.00 0.279273
4 82.00 0.00 80.00 0.00 89.00 0.00 91.00 0.00 0.129468
4 82.00 0.00 80.00 0.00 91.00 0.00 93.00 0.00 0.07940155
4 82.00 0.00 80.00 0.00 93.00 0.00 95.00 0.00 0.0466474
4 82.00 0.00 80.00 0.00 95.00 0.00 97.00 0.00 0.0330803
4 82.00 0.00 79.00 0.00 84.00 0.00 87.00 0.00 2.109495
4 82.00 0.00 79.00 0.00 87.00 0.00 90.00 0.00 0.448333
4 82.00 0.00 79.00 0.00 90.00 0.00 93.00 0.00 0.1811425
4 82.00 0.00 79.00 0.00 93.00 0.00 96.00 0.00 0.0862492
4 82.00 0.00 79.00 0.00 96.00 0.00 99.00 0.00 0.0485006
4 82.00 0.00 79.00 0.00 99.00 0.00 102.00 0.00 0.0285282
4 82.00 0.00 79.00 0.00 102.00 0.00 105.00 0.00 0.0171136
4 82.00 0.00 78.00 0.00 85.00 0.00 89.00 0.00 1.42096
4 82.00 0.00 78.00 0.00 89.00 0.00 93.00 0.00 0.3284085
4 82.00 0.00 78.00 0.00 93.00 0.00 97.00 0.00 0.129648
4 82.00 0.00 78.00 0.00 97.00 0.00 101.00 0.00 0.06124335
4 82.00 0.00 78.00 0.00 101.00 0.00 105.00 0.00 0.0342127
4 82.00 0.00 77.00 0.00 86.00 0.00 91.00 0.00 1.086615
4 82.00 0.00 77.00 0.00 91.00 0.00 96.00 0.00 0.265125
4 82.00 0.00 77.00 0.00 96.00 0.00 101.00 0.00 0.10047085
4 82.00 0.00 77.00 0.00 101.00 0.00 106.00 0.00 0.0439115
4 82.00 0.00 77.00 0.00 106.00 0.00 111.00 0.00 0.0183116
4 82.00 0.00 76.00 0.00 87.00 0.00 93.00 0.00 0.8820885
4 82.00 0.00 76.00 0.00 93.00 0.00 99.00 0.00 0.2101315
4 82.00 0.00 76.00 0.00 99.00 0.00 105.00 0.00 0.0742705
4 82.00 0.00 76.00 0.00 105.00 0.00 111.00 0.00 0.03049255
4 82.00 0.00 75.00 0.00 88.00 0.00 95.00 0.00 0.7448085
4 82.00 0.00 75.00 0.00 95.00 0.00 102.00 0.00 0.171281
4 82.00 0.00 75.00 0.00 102.00 0.00 109.00 0.00 0.0582665
4 83.00 0.00 82.00 0.00 84.00 0.00 85.00 0.00 1.84506
4 83.00 0.00 82.00 0.00 85.00 0.00 86.00 0.00 0.6331235
4 83.00 0.00 82.00 0.00 86.00 0.00 87.00 0.00 0.3007105
4 83.00 0.00 82.00 0.00 87.00 0.00 88.00 0.00 0.1591145
4 83.00 0.00 82.00 0.00 88.00 0.00 89.00 0.00 0.1023425
4 83.00 0.00 82.00 0.00 89.00 0.00 90.00 0.00 0.0584662
4 83.00 0.00 81.00 0.00 84.00 0.00 86.00 0.00 3.435705
4 83.00 0.00 81.00 0.00 86.00 0.00 88.00 0.00 0.709332
4 83.00 0.00 81.00 0.00 88.00 0.00 90.00 0.00 0.2648715
4 83.00 0.00 81.00 0.00 90.00 0.00 92.00 0.00 0.1336635
4 83.00 0.00 81.00 0.00 92.00 0.00 94.00 0.00 0.0741591
4 83.00 0.00 81.00 0.00 94.00 0.00 96.00 0.00 0.0453294
4 83.00 0.00 81.00 0.00 96.00 0.00 98.00 0.00 0.03039005
4 83.00 0.00 80.00 0.00 85.00 0.00 88.00 0.00 1.99551
4 83.00 0.00 80.00 0.00 88.00 0.00 91.00 0.00 0.4512805
4 83.00 0.00 80.00 0.00 91.00 0.00 94.00 0.00 0.181301
4 83.00 0.00 80.00 0.00 94.00 0.00 97.00 0.00 0.0876414
4 83.00 0.00 80.00 0.00 97.00 0.00 100.00 0.00 0.0501668
4 83.00 0.00 80.00 0.00 100.00 0.00 103.00 0.00 0.02698225
4 83.00 0.00 80.00 0.00 103.00 0.00 106.00 0.00 0.017561
4 83.00 0.00 79.00 0.00 86.00 0.00 90.00 0.00 1.39848
4 83.00 0.00 79.00 0.00 90.00 0.00 94.00 0.00 0.336175
4 83.00 0.00 79.00 0.00 94.00 0.00 98.00 0.00 0.1300865
4 83.00 0.00 79.00 0.00 98.00 0.00 102.00 0.00 0.0613547
4 83.00 0.00 79.00 0.00 102.00 0.00 106.00 0.00 0.03403715
4 83.00 0.00 78.00 0.00 87.00 0.00 92.00 0.00 1.08299
4 83.00 0.00 78.00 0.00 92.00 0.00 97.00 0.00 0.261266
4 83.00 0.00 78.00 0.00 97.00 0.00 102.00 0.00 0.0989521
4 83.00 0.00 78.00 0.00 102.00 0.00 107.00 0.00 0.04301385
4 83.00 0.00 77.00 0.00 88.00 0.00 94.00 0.00 0.893269
4 83.00 0.00 77.00 0.00 94.00 0.00 100.00 0.00 0.212739
4 83.00 0.00 77.00 0.00 100.00 0.00 106.00 0.00 0.0746921
4 83.00 0.00 76.00 0.00 89.00 0.00 96.00 0.00 0.7365275
4 83.00 0.00 76.00 0.00 96.00 0.00 103.00 0.00 0.1729545
4 83.00 0.00 76.00 0.00 103.00 0.00 110.00 0.00 0.0580338
4 84.00 0.00 83.00 0.00 86.00 0.00 88.00 0.00 3.530505
4 84.00 0.00 83.00 0.00 88.00 0.00 90.00 0.00 0.760961
4 84.00 0.00 83.00 0.00 90.00 0.00 92.00 0.00 0.293915
4 84.00 0.00 83.00 0.00 92.00 0.00 94.00 0.00 0.138116
4 84.00 0.00 83.00 0.00 94.00 0.00 96.00 0.00 0.07843595
4 84.00 0.00 83.00 0.00 96.00 0.00 98.00 0.00 0.05029895
4 84.00 0.00 83.00 0.00 98.00 0.00 100.00 0.00 0.0330328
4 84.00 0.00 82.00 0.00 87.00 0.00 90.00 0.00 2.057995
4 84.00 0.00 82.00 0.00 90.00 0.00 93.00 0.00 0.475964
4 84.00 0.00 82.00 0.00 93.00 0.00 96.00 0.00 0.180146
4 84.00 0.00 82.00 0.00 96.00 0.00 99.00 0.00 0.09110585
4 84.00 0.00 82.00 0.00 99.00 0.00 102.00 0.00 0.04906705
4 84.00 0.00 82.00 0.00 102.00 0.00 105.00 0.00 0.02786475
4 84.00 0.00 82.00 0.00 105.00 0.00 108.00 0.00 0.0189116
4 84.00 0.00 81.00 0.00 88.00 0.00 92.00 0.00 1.45297
4 84.00 0.00 81.00 0.00 92.00 0.00 96.00 0.00 0.336367
4 84.00 0.00 81.00 0.00 96.00 0.00 100.00 0.00 0.1332905
4 84.00 0.00 81.00 0.00 100.00 0.00 104.00 0.00 0.0604037
4 84.00 0.00 81.00 0.00 104.00 0.00 108.00 0.00 0.0296506
4 84.00 0.00 80.00 0.00 89.00 0.00 94.00 0.00 1.10013
4 84.00 0.00 80.00 0.00 94.00 0.00 99.00 0.00 0.270155
4 84.00 0.00 80.00 0.00 99.00 0.00 104.00 0.00 0.09819155
4 84.00 0.00 80.00 0.00 104.00 0.00 109.00 0.00 0.0450324
4 84.00 0.00 79.00 0.00 90.00 0.00 96.00 0.00 0.924743
4 84.00 0.00 79.00 0.00 96.00 0.00 102.00 0.00 0.218087
4 84.00 0.00 79.00 0.00 102.00 0.00 108.00 0.00 0.07567445
4 84.00 0.00 78.00 0.00 91.00 0.00 98.00 0.00 0.78166
4 84.00 0.00 78.00 0.00 98.00 0.00 105.00 0.00 0.176359
4 85.00 0.00 84.00 0.00 86.00 0.00 87.00 0.00 8.14615
4 85.00 0.00 84.00 0.00 87.00 0.00 88.00 0.00 1.78136
4 85.00 0.00 84.00 0.00 88.00 0.00 89.00 0.00 0.690274
4 85.00 0.00 84.00 0.00 89.00 0.00 90.00 0.00 0.287764
4 85.00 0.00 84.00 0.00 90.00 0.00 91.00 0.00 0.173328
4 85.00 0.00 84.00 0.00 91.00 0.00 92.00 0.00 0.109354
4 85.00 0.00 84.00 0.00 92.00 0.00 93.00 0.00 0.06725645
4 85.00 0.00 83.00 0.00 88.00 0.00 91.00 0.00 2.08358
4 85.00 0.00 83.00 0.00 91.00 0.00 94.00 0.00 0.481154
4 85.00 0.00 83.00 0.00 94.00 0.00 97.00 0.00 0.186622
4 85.00 0.00 83.00 0.00 97.00 0.00 100.00 0.00 0.0919528
4 85.00 0.00 83.00 0.00 100.00 0.00 103.00 0.00 0.0515776
4 85.00 0.00 83.00 0.00 103.00 0.00 106.00 0.00 0.0296684
4 85.00 0.00 83.00 0.00 106.00 0.00 109.00 0.00 0.01975645
4 85.00 0.00 82.00 0.00 89.00 0.00 93.00 0.00 1.425535
4 85.00 0.00 82.00 0.00 93.00 0.00 97.00 0.00 0.34245
4 85.00 0.00 82.00 0.00 97.00 0.00 101.00 0.00 0.133839
4 85.00 0.00 82.00 0.00 101.00 0.00 105.00 0.00 0.0626941
4 85.00 0.00 82.00 0.00 105.00 0.00 109.00 0.00 0.0304435
4 85.00 0.00 81.00 0.00 90.00 0.00 95.00 0.00 1.135655
4 85.00 0.00 81.00 0.00 95.00 0.00 100.00 0.00 0.2724445
4 85.00 0.00 81.00 0.00 100.00 0.00 105.00 0.00 0.09741525
4 85.00 0.00 81.00 0.00 105.00 0.00 110.00 0.00 0.0434875
4 85.00 0.00 80.00 0.00 91.00 0.00 97.00 0.00 0.9355485
4 85.00 0.00 80.00 0.00 97.00 0.00 103.00 0.00 0.21842
4 85.00 0.00 80.00 0.00 103.00 0.00 109.00 0.00 0.0776216
4 85.00 0.00 79.00 0.00 92.00 0.00 99.00 0.00 0.7765385
4 85.00 0.00 79.00 0.00 99.00 0.00 106.00 0.00 0.1760885
4 86.00 0.00 85.00 0.00 87.00 0.00 88.00 0.00 7.94997
4 86.00 0.00 85.00 0.00 88.00 0.00 89.00 0.00 1.816065
4 86.00 0.00 85.00 0.00 89.00 0.00 90.00 0.00 0.587663
4 86.00 0.00 85.00 0.00 90.00 0.00 91.00 0.00 0.30296
4 86.00 0.00 85.00 0.00 91.00 0.00 92.00 0.00 0.1724315
4 86.00 0.00 85.00 0.00 92.00 0.00 93.00 0.00 0.096903
4 86.00 0.00 85.00 0.00 93.00 0.00 94.00 0.00 0.06387565
4 86.00 0.00 84.00 0.00 88.00 0.00 90.00 0.00 3.38087
4 86.00 0.00 84.00 0.00 90.00 0.00 92.00 0.00 0.7586485
4 86.00 0.00 84.00 0.00 92.00 0.00 94.00 0.00 0.2735625
4 86.00 0.00 84.00 0.00 94.00 0.00 96.00 0.00 0.1352145
4 86.00 0.00 84.00 0.00 96.00 0.00 98.00 0.00 0.077296
4 86.00 0.00 84.00 0.00 98.00 0.00 100.00 0.00 0.04896165
4 86.00 0.00 84.00 0.00 100.00 0.00 102.00 0.00 0.03101515
4 86.00 0.00 83.00 0.00 90.00 0.00 94.00 0.00 1.463605
4 86.00 0.00 83.00 0.00 94.00 0.00 98.00 0.00 0.3422075
4 86.00 0.00 83.00 0.00 98.00 0.00 102.00 0.00 0.1333755
4 86.00 0.00 83.00 0.00 102.00 0.00 106.00 0.00 0.0612715
4 86.00 0.00 83.00 0.00 106.00 0.00 110.00 0.00 0.03017045
4 86.00 0.00 82.00 0.00 91.00 0.00 96.00 0.00 1.13127
4 86.00 0.00 82.00 0.00 96.00 0.00 101.00 0.00 0.2696155
4 86.00 0.00 82.00 0.00 101.00 0.00 106.00 0.00 0.09725915
4 86.00 0.00 82.00 0.00 106.00 0.00 111.00 0.00 0.0431073
4 86.00 0.00 81.00 0.00 92.00 0.00 98.00 0.00 0.903217
4 86.00 0.00 81.00 0.00 98.00 0.00 104.00 0.00 0.2142505
4 86.00 0.00 81.00 0.00 104.00 0.00 110.00 0.00 0.0751601
4 86.00 0.00 80.00 0.00 93.00 0.00 100.00 0.00 0.770687
4 86.00 0.00 80.00 0.00 100.00 0.00 107.00 0.00 0.1732655
4 87.00 0.00 86.00 0.00 88.00 0.00 89.00 0.00 8.074325
4 87.00 0.00 86.00 0.00 89.00 0.00 90.00 0.00 1.558495
4 87.00 0.00 86.00 0.00 90.00 0.00 91.00 0.00 0.640687
4 87.00 0.00 86.00 0.00 91.00 0.00 92.00 0.00 0.3090745
4 87.00 0.00 86.00 0.00 92.00 0.00 93.00 0.00 0.159758
4 87.00 0.00 86.00 0.00 93.00 0.00 94.00 0.00 0.09518235
4 87.00 0.00 86.00 0.00 94.00 0.00 95.00 0.00 0.06313185
4 87.00 0.00 85.00 0.00 89.00 0.00 91.00 0.00 3.09071
4 87.00 0.00 85.00 0.00 91.00 0.00 93.00 0.00 0.738841
4 87.00 0.00 85.00 0.00 93.00 0.00 95.00 0.00 0.2653535
4 87.00 0.00 85.00 0.00 95.00 0.00 97.00 0.00 0.136171
4 87.00 0.00 85.00 0.00 97.00 0.00 99.00 0.00 0.0755686
4 87.00 0.00 85.00 0.00 99.00 0.00 101.00 0.00 0.04617795
4 87.00 0.00 85.00 0.00 101.00 0.00 103.00 0.00 0.0300987
4 87.00 0.00 84.00 0.00 90.00 0.00 93.00 0.00 2.0319
4 87.00 0.00 84.00 0.00 93.00 0.00 96.00 0.00 0.447434
4 87.00 0.00 84.00 0.00 96.00 0.00 99.00 0.00 0.181534
4 87.00 0.00 84.00 0.00 99.00 0.00 102.00 0.00 0.08725445
4 87.00 0.00 84.00 0.00 102.00 0.00 105.00 0.00 0.0487797
4 87.00 0.00 84.00 0.00 105.00 0.00 108.00 0.00 0.02895915
4 87.00 0.00 84.00 0.00 108.00 0.00 111.00 0.00 0.01595705
4 87.00 0.00 83.00 0.00 92.00 0.00 97.00 0.00 1.099645
4 87.00 0.00 83.00 0.00 97.00 0.00 102.00 0.00 0.266547
4 87.00 0.00 83.00 0.00 102.00 0.00 107.00 0.00 0.0961668
4 87.00 0.00 82.00 0.00 93.00 0.00 99.00 0.00 0.9098545
4 87.00 0.00 82.00 0.00 99.00 0.00 105.00 0.00 0.2123275
4 87.00 0.00 82.00 0.00 105.00 0.00 111.00 0.00 0.072987
4 87.00 0.00 81.00 0.00 94.00 0.00 101.00 0.00 0.765057
4 87.00 0.00 81.00 0.00 101.00 0.00 108.00 0.00 0.172884
4 88.00 0.00 87.00 0.00 89.00 0.00 90.00 0.00 7.29203
4 88.00 0.00 87.00 0.00 90.00 0.00 91.00 0.00 1.772235
4 88.00 0.00 87.00 0.00 91.00 0.00 92.00 0.00 0.651269
4 88.00 0.00 87.00 0.00 92.00 0.00 93.00 0.00 0.26691
4 88.00 0.00 87.00 0.00 93.00 0.00 94.00 0.00 0.175935
4 88.00 0.00 87.00 0.00 94.00 0.00 95.00 0.00 0.0951111
4 88.00 0.00 87.00 0.00 95.00 0.00 96.00 0.00 0.06580605
4 88.00 0.00 86.00 0.00 90.00 0.00 92.00 0.00 3.373005
4 88.00 0.00 86.00 0.00 92.00 0.00 94.00 0.00 0.697248
4 88.00 0.00 86.00 0.00 94.00 0.00 96.00 0.00 0.269189
4 88.00 0.00 86.00 0.00 96.00 0.00 98.00 0.00 0.134733
4 88.00 0.00 86.00 0.00 98.00 0.00 100.00 0.00 0.07689225
4 88.00 0.00 86.00 0.00 100.00 0.00 102.00 0.00 0.0459848
4 88.00 0.00 86.00 0.00 102.00 0.00 104.00 0.00 0.02911685
4 88.00 0.00 85.00 0.00 91.00 0.00 94.00 0.00 1.991105
4 88.00 0.00 85.00 0.00 94.00 0.00 97.00 0.00 0.4490735
4 88.00 0.00 85.00 0.00 97.00 0.00 100.00 0.00 0.17627
4 88.00 0.00 85.00 0.00 100.00 0.00 103.00 0.00 0.085235
4 88.00 0.00 85.00 0.00 103.00 0.00 106.00 0.00 0.0455193
4 88.00 0.00 84.00 0.00 92.00 0.00 96.00 0.00 1.379215
4 88.00 0.00 84.00 0.00 96.00 0.00 100.00 0.00 0.338764
4 88.00 0.00 84.00 0.00 100.00 0.00 104.00 0.00 0.1253315
4 88.00 0.00 84.00 0.00 104.00 0.00 108.00 0.00 0.06022565
4 88.00 0.00 83.00 0.00 94.00 0.00 100.00 0.00 0.9048945
4 88.00 0.00 83.00 0.00 100.00 0.00 106.00 0.00 0.209029
4 88.00 0.00 82.00 0.00 95.00 0.00 102.00 0.00 0.7700615
4 88.00 0.00 82.00 0.00 102.00 0.00 109.00 0.00 0.170957
4 89.00 0.00 88.00 0.00 90.00 0.00 91.00 0.00 10.0558
4 89.00 0.00 88.00 0.00 91.00 0.00 92.00 0.00 2.02333
4 89.00 0.00 88.00 0.00 92.00 0.00 93.00 0.00 0.670739
4 89.00 0.00 88.00 0.00 93.00 0.00 94.00 0.00 0.3014535
4 89.00 0.00 88.00 0.00 94.00 0.00 95.00 0.00 0.1726915
4 89.00 0.00 88.00 0.00 95.00 0.00 96.00 0.00 0.109064
4 89.00 0.00 88.00 0.00 96.00 0.00 97.00 0.00 0.07293905
4 89.00 0.00 87.00 0.00 91.00 0.00 93.00 0.00 3.610465
4 89.00 0.00 87.00 0.00 93.00 0.00 95.00 0.00 0.744502
4 89.00 0.00 87.00 0.00 95.00 0.00 97.00 0.00 0.292885
4 89.00 0.00 87.00 0.00 97.00 0.00 99.00 0.00 0.140503
4 89.00 0.00 87.00 0.00 99.00 0.00 101.00 0.00 0.07810605
4 89.00 0.00 87.00 0.00 101.00 0.00 103.00 0.00 0.0478431
4 89.00 0.00 87.00 0.00 103.00 0.00 105.00 0.00 0.0315845
4 89.00 0.00 86.00 0.00 92.00 0.00 95.00 0.00 2.00169
4 89.00 0.00 86.00 0.00 95.00 0.00 98.00 0.00 0.4743895
4 89.00 0.00 86.00 0.00 98.00 0.00 101.00 0.00 0.183743
4 89.00 0.00 86.00 0.00 101.00 0.00 104.00 0.00 0.088695
4 89.00 0.00 86.00 0.00 104.00 0.00 107.00 0.00 0.0481215
4 89.00 0.00 85.00 0.00 93.00 0.00 97.00 0.00 1.43885
4 89.00 0.00 85.00 0.00 97.00 0.00 101.00 0.00 0.340175
4 89.00 0.00 85.00 0.00 101.00 0.00 105.00 0.00 0.130666
4 89.00 0.00 85.00 0.00 105.00 0.00 109.00 0.00 0.0606374
4 89.00 0.00 84.00 0.00 94.00 0.00 99.00 0.00 1.12475
4 89.00 0.00 84.00 0.00 99.00 0.00 104.00 0.00 0.2655165
4 89.00 0.00 84.00 0.00 104.00 0.00 109.00 0.00 0.09899415
4 89.00 0.00 83.00 0.00 96.00 0.00 103.00 0.00 0.788352
4 89.00 0.00 83.00 0.00 103.00 0.00 110.00 0.00 0.172494
4 90.00 0.00 89.00 0.00 91.00 0.00 92.00 0.00 8.784025
4 90.00 0.00 89.00 0.00 92.00 0.00 93.00 0.00 1.612555
4 90.00 0.00 89.00 0.00 93.00 0.00 94.00 0.00 0.585445
4 90.00 0.00 89.00 0.00 94.00 0.00 95.00 0.00 0.2800455
4 90.00 0.00 89.00 0.00 95.00 0.00 96.00 0.00 0.161274
4 90.00 0.00 89.00 0.00 96.00 0.00 97.00 0.00 0.0999089
4 90.00 0.00 89.00 0.00 97.00 0.00 98.00 0.00 0.0611641
4 90.00 0.00 88.00 0.00 92.00 0.00 94.00 0.00 3.172125
4 90.00 0.00 88.00 0.00 94.00 0.00 96.00 0.00 0.723767
4 90.00 0.00 88.00 0.00 96.00 0.00 98.00 0.00 0.2812405
4 90.00 0.00 88.00 0.00 98.00 0.00 100.00 0.00 0.1405535
4 90.00 0.00 88.00 0.00 100.00 0.00 102.00 0.00 0.07441875
4 90.00 0.00 88.00 0.00 102.00 0.00 104.00 0.00 0.0456581
4 90.00 0.00 88.00 0.00 104.00 0.00 106.00 0.00 0.03091195
4 90.00 0.00 87.00 0.00 93.00 0.00 96.00 0.00 1.946345
4 90.00 0.00 87.00 0.00 96.00 0.00 99.00 0.00 0.463909
4 90.00 0.00 87.00 0.00 99.00 0.00 102.00 0.00 0.1784415
4 90.00 0.00 87.00 0.00 102.00 0.00 105.00 0.00 0.0862895
4 90.00 0.00 87.00 0.00 105.00 0.00 108.00 0.00 0.04508685
4 90.00 0.00 86.00 0.00 94.00 0.00 98.00 0.00 1.40789
4 90.00 0.00 86.00 0.00 98.00 0.00 102.00 0.00 0.338534
4 90.00 0.00 86.00 0.00 102.00 0.00 106.00 0.00 0.126084
4 90.00 0.00 86.00 0.00 106.00 0.00 110.00 0.00 0.0592766
4 90.00 0.00 85.00 0.00 95.00 0.00 100.00 0.00 1.1182
4 90.00 0.00 85.00 0.00 100.00 0.00 105.00 0.00 0.257285
4 90.00 0.00 85.00 0.00 105.00 0.00 110.00 0.00 0.0948819
4 90.00 0.00 84.00 0.00 96.00 0.00 102.00 0.00 0.9111815
4 90.00 0.00 84.00 0.00 102.00 0.00 108.00 0.00 0.208537
4 91.00 0.00 90.00 0.00 92.00 0.00 93.00 0.00 7.346815
4 91.00 0.00 90.00 0.00 93.00 0.00 94.00 0.00 1.589455
4 91.00 0.00 90.00 0.00 94.00 0.00 95.00 0.00 0.622452
4 91.00 0.00 90.00 0.00 95.00 0.00 96.00 0.00 0.3126155
4 91.00 0.00 90.00 0.00 96.00 0.00 97.00 0.00 0.17113
4 91.00 0.00 90.00 0.00 97.00 0.00 98.00 0.00 0.0997947
4 91.00 0.00 90.00 0.00 98.00 0.00 99.00 0.00 0.0693037
4 91.00 0.00 89.00 0.00 93.00 0.00 95.00 0.00 3.075425
4 91.00 0.00 89.00 0.00 95.00 0.00 97.00 0.00 0.7476235
4 91.00 0.00 89.00 0.00 97.00 0.00 99.00 0.00 0.2744145
4 91.00 0.00 89.00 0.00 99.00 0.00 101.00 0.00 0.133979
4 91.00 0.00 89.00 0.00 101.00 0.00 103.00 0.00 0.0780532
4 91.00 0.00 89.00 0.00 103.00 0.00 105.00 0.00 0.04737465
4 91.00 0.00 89.00 0.00 105.00 0.00 107.00 0.00 0.0302747
4 91.00 0.00 88.00 0.00 94.00 0.00 97.00 0.00 2.002575
4 91.00 0.00 88.00 0.00 97.00 0.00 100.00 0.00 0.464997
4 91.00 0.00 88.00 0.00 100.00 0.00 103.00 0.00 0.1752145
4 91.00 0.00 88.00 0.00 103.00 0.00 106.00 0.00 0.08699895
4 91.00 0.00 88.00 0.00 106.00 0.00 109.00 0.00 0.0454178
4 91.00 0.00 87.00 0.00 95.00 0.00 99.00 0.00 1.453935
4 91.00 0.00 87.00 0.00 99.00 0.00 103.00 0.00 0.3372035
4 91.00 0.00 87.00 0.00 103.00 0.00 107.00 0.00 0.128321
4 91.00 0.00 87.00 0.00 107.00 0.00 111.00 0.00 0.0589385
4 91.00 0.00 86.00 0.00 96.00 0.00 101.00 0.00 1.11866
4 91.00 0.00 86.00 0.00 101.00 0.00 106.00 0.00 0.263017
4 91.00 0.00 86.00 0.00 106.00 0.00 111.00 0.00 0.09411595
4 91.00 0.00 85.00 0.00 97.00 0.00 103.00 0.00 0.9094255
4 91.00 0.00 85.00 0.00 103.00 0.00 109.00 0.00 0.209455
4 91.00 0.00 84.00 0.00 98.00 0.00 105.00 0.00 0.7714015
4 92.00 0.00 91.00 0.00 93.00 0.00 94.00 0.00 7.24181
4 92.00 0.00 91.00 0.00 94.00 0.00 95.00 0.00 1.7259
4 92.00 0.00 91.00 0.00 95.00 0.00 96.00 0.00 0.6996275
4 92.00 0.00 91.00 0.00 96.00 0.00 97.00 0.00 0.334466
4 92.00 0.00 91.00 0.00 97.00 0.00 98.00 0.00 0.176481
4 92.00 0.00 91.00 0.00 98.00 0.00 99.00 0.00 0.1117865
4 92.00 0.00 91.00 0.00 99.00 0.00 100.00 0.00 0.0716029
4 92.00 0.00 90.00 0.00 94.00 0.00 96.00 0.00 3.370795
4 92.00 0.00 90.00 0.00 96.00 0.00 98.00 0.00 0.784499
4 92.00 0.00 90.00 0.00 98.00 0.00 100.00 0.00 0.300323
4 92.00 0.00 90.00 0.00 100.00 0.00 102.00 0.00 0.140725
4 92.00 0.00 90.00 0.00 102.00 0.00 104.00 0.00 0.08191615
4 92.00 0.00 90.00 0.00 104.00 0.00 106.00 0.00 0.049485
4 92.00 0.00 90.00 0.00 106.00 0.00 108.00 0.00 0.0331124
4 92.00 0.00 89.00 0.00 95.00 0.00 98.00 0.00 2.11767
4 92.00 0.00 89.00 0.00 98.00 0.00 101.00 0.00 0.4780855
4 92.00 0.00 89.00 0.00 101.00 0.00 104.00 0.00 0.183344
4 92.00 0.00 89.00 0.00 104.00 0.00 107.00 0.00 0.0899384
4 92.00 0.00 89.00 0.00 107.00 0.00 110.00 0.00 0.0464278
4 92.00 0.00 88.00 0.00 96.00 0.00 100.00 0.00 1.503635
4 92.00 0.00 88.00 0.00 100.00 0.00 104.00 0.00 0.3416205
4 92.00 0.00 88.00 0.00 104.00 0.00 108.00 0.00 0.1349475
4 92.00 0.00 87.00 0.00 97.00 0.00 102.00 0.00 1.141315
4 92.00 0.00 87.00 0.00 102.00 0.00 107.00 0.00 0.2680215
4 92.00 0.00 86.00 0.00 98.00 0.00 104.00 0.00 0.9398005
4 92.00 0.00 86.00 0.00 104.00 0.00 110.00 0.00 0.214922
4 92.00 0.00 85.00 0.00 99.00 0.00 106.00 0.00 0.7802915
4 93.00 0.00 92.00 0.00 94.00 0.00 95.00 0.00 7.282855
4 93.00 0.00 92.00 0.00 95.00 0.00 96.00 0.00 1.79884
4 93.00 0.00 92.00 0.00 96.00 0.00 97.00 0.00 0.6635495
4 93.00 0.00 92.00 0.00 97.00 0.00 98.00 0.00 0.2954685
4 93.00 0.00 92.00 0.00 98.00 0.00 99.00 0.00 0.1715475
4 93.00 0.00 92.00 0.00 99.00 0.00 100.00 0.00 0.1056485
4 93.00 0.00 92.00 0.00 100.00 0.00 101.00 0.00 0.0648274
4 93.00 0.00 91.00 0.00 95.00 0.00 97.00 0.00 3.49283
4 93.00 0.00 91.00 0.00 97.00 0.00 99.00 0.00 0.7552375
4 93.00 0.00 91.00 0.00 99.00 0.00 101.00 0.00 0.287827
4 93.00 0.00 91.00 0.00 101.00 0.00 103.00 0.00 0.144671
4 93.00 0.00 91.00 0.00 103.00 0.00 105.00 0.00 0.0769918
4 93.00 0.00 91.00 0.00 105.00 0.00 107.00 0.00 0.0500256
4 93.00 0.00 91.00 0.00 107.00 0.00 109.00 0.00 0.03380045
4 93.00 0.00 90.00 0.00 96.00 0.00 99.00 0.00 2.09414
4 93.00 0.00 90.00 0.00 99.00 0.00 102.00 0.00 0.4770795
4 93.00 0.00 90.00 0.00 102.00 0.00 105.00 0.00 0.182754
4 93.00 0.00 90.00 0.00 105.00 0.00 108.00 0.00 0.0922791
4 93.00 0.00 90.00 0.00 108.00 0.00 111.00 0.00 0.0490995
4 93.00 0.00 89.00 0.00 97.00 0.00 101.00 0.00 1.460865
4 93.00 0.00 89.00 0.00 101.00 0.00 105.00 0.00 0.3486795
4 93.00 0.00 89.00 0.00 105.00 0.00 109.00 0.00 0.1345015
4 93.00 0.00 88.00 0.00 98.00 0.00 103.00 0.00 1.15367
4 93.00 0.00 88.00 0.00 103.00 0.00 108.00 0.00 0.2696735
4 93.00 0.00 87.00 0.00 99.00 0.00 105.00 0.00 0.9279965
4 93.00 0.00 87.00 0.00 105.00 0.00 111.00 0.00 0.2125975
4 93.00 0.00 86.00 0.00 100.00 0.00 107.00 0.00 0.7728705
4 94.00 0.00 93.00 0.00 95.00 0.00 96.00 0.00 9.43942
4 94.00 0.00 93.00 0.00 96.00 0.00 97.00 0.00 1.742345
4 94.00 0.00 93.00 0.00 97.00 0.00 98.00 0.00 0.58219
4 94.00 0.00 93.00 0.00 98.00 0.00 99.00 0.00 0.296386
4 94.00 0.00 93.00 0.00 99.00 0.00 100.00 0.00 0.166421
4 94.00 0.00 93.00 0.00 100.00 0.00 101.00 0.00 0.0927599
4 94.00 0.00 93.00 0.00 101.00 0.00 102.00 0.00 0.06575475
4 94.00 0.00 92.00 0.00 96.00 0.00 98.00 0.00 3.28293
4 94.00 0.00 92.00 0.00 98.00 0.00 100.00 0.00 0.7422315
4 94.00 0.00 92.00 0.00 100.00 0.00 102.00 0.00 0.271156
4 94.00 0.00 92.00 0.00 102.00 0.00 104.00 0.00 0.132863
4 94.00 0.00 92.00 0.00 104.00 0.00 106.00 0.00 0.0775836
4 94.00 0.00 92.00 0.00 106.00 0.00 108.00 0.00 0.04997595
4 94.00 0.00 92.00 0.00 108.00 0.00 110.00 0.00 0.03026335
4 94.00 0.00 91.00 0.00 97.00 0.00 100.00 0.00 1.98033
4 94.00 0.00 91.00 0.00 100.00 0.00 103.00 0.00 0.4588565
4 94.00 0.00 91.00 0.00 103.00 0.00 106.00 0.00 0.1813805
4 94.00 0.00 91.00 0.00 106.00 0.00 109.00 0.00 0.08975245
4 94.00 0.00 90.00 0.00 98.00 0.00 102.00 0.00 1.453665
4 94.00 0.00 90.00 0.00 102.00 0.00 106.00 0.00 0.34099
4 94.00 0.00 90.00 0.00 106.00 0.00 110.00 0.00 0.132464
4 94.00 0.00 89.00 0.00 99.00 0.00 104.00 0.00 1.1147
4 94.00 0.00 89.00 0.00 104.00 0.00 109.00 0.00 0.268978
4 94.00 0.00 88.00 0.00 100.00 0.00 106.00 0.00 0.9062795
4 94.00 0.00 87.00 0.00 101.00 0.00 108.00 0.00 0.7779195
4 95.00 0.00 94.00 0.00 96.00 0.00 97.00 0.00 11.19125
4 95.00 0.00 94.00 0.00 97.00 0.00 98.00 0.00 1.57876
4 95.00 0.00 94.00 0.00 98.00 0.00 99.00 0.00 0.604718
4 95.00 0.00 94.00 0.00 99.00 0.00 100.00 0.00 0.284997
4 95.00 0.00 94.00 0.00 100.00 0.00 101.00 0.00 0.1443755
4 95.00 0.00 94.00 0.00 101.00 0.00 102.00 0.00 0.097394
4 95.00 0.00 94.00 0.00 102.00 0.00 103.00 0.00 0.0609662
4 95.00 0.00 93.00 0.00 97.00 0.00 99.00 0.00 3.060455
4 95.00 0.00 93.00 0.00 99.00 0.00 101.00 0.00 0.6904035
4 95.00 0.00 93.00 0.00 101.00 0.00 103.00 0.00 0.268117
4 95.00 0.00 93.00 0.00 103.00 0.00 105.00 0.00 0.1287635
4 95.00 0.00 93.00 0.00 105.00 0.00 107.00 0.00 0.07418985
4 95.00 0.00 93.00 0.00 107.00 0.00 109.00 0.00 0.0478812
4 95.00 0.00 93.00 0.00 109.00 0.00 111.00 0.00 0.02760865
4 95.00 0.00 92.00 0.00 98.00 0.00 101.00 0.00 1.935495
4 95.00 0.00 92.00 0.00 101.00 0.00 104.00 0.00 0.4471955
4 95.00 0.00 92.00 0.00 104.00 0.00 107.00 0.00 0.1777835
4 95.00 0.00 92.00 0.00 107.00 0.00 110.00 0.00 0.08729275
4 95.00 0.00 91.00 0.00 99.00 0.00 103.00 0.00 1.39526
4 95.00 0.00 91.00 0.00 103.00 0.00 107.00 0.00 0.3336905
4 95.00 0.00 91.00 0.00 107.00 0.00 111.00 0.00 0.1258085
4 95.00 0.00 90.00 0.00 100.00 0.00 105.00 0.00 1.07544
4 95.00 0.00 90.00 0.00 105.00 0.00 110.00 0.00 0.265172
4 95.00 0.00 89.00 0.00 101.00 0.00 107.00 0.00 0.902794
4 95.00 0.00 88.00 0.00 102.00 0.00 109.00 0.00 0.76127
4 96.00 0.00 95.00 0.00 97.00 0.00 98.00 0.00 8.478885
4 96.00 0.00 95.00 0.00 98.00 0.00 99.00 0.00 1.690555
4 96.00 0.00 95.00 0.00 99.00 0.00 100.00 0.00 0.5731995
4 96.00 0.00 95.00 0.00 100.00 0.00 101.00 0.00 0.2637005
4 96.00 0.00 95.00 0.00 101.00 0.00 102.00 0.00 0.1651705
4 96.00 0.00 95.00 0.00 102.00 0.00 103.00 0.00 0.09255545
4 96.00 0.00 95.00 0.00 103.00 0.00 104.00 0.00 0.05897045
4 96.00 0.00 94.00 0.00 98.00 0.00 100.00 0.00 3.154085
4 96.00 0.00 94.00 0.00 100.00 0.00 102.00 0.00 0.672221
4 96.00 0.00 94.00 0.00 102.00 0.00 104.00 0.00 0.254224
4 96.00 0.00 94.00 0.00 104.00 0.00 106.00 0.00 0.132715
4 96.00 0.00 94.00 0.00 106.00 0.00 108.00 0.00 0.0708681
4 96.00 0.00 93.00 0.00 99.00 0.00 102.00 0.00 1.855975
4 96.00 0.00 93.00 0.00 102.00 0.00 105.00 0.00 0.4315375
4 96.00 0.00 93.00 0.00 105.00 0.00 108.00 0.00 0.1753365
4 96.00 0.00 93.00 0.00 108.00 0.00 111.00 0.00 0.08257185
4 96.00 0.00 92.00 0.00 100.00 0.00 104.00 0.00 1.333895
4 96.00 0.00 92.00 0.00 104.00 0.00 108.00 0.00 0.3329925
4 96.00 0.00 91.00 0.00 101.00 0.00 106.00 0.00 1.09
4 96.00 0.00 91.00 0.00 106.00 0.00 111.00 0.00 0.255884
4 96.00 0.00 90.00 0.00 102.00 0.00 108.00 0.00 0.8839395
4 96.00 0.00 89.00 0.00 103.00 0.00 110.00 0.00 0.744705
4 97.00 0.00 96.00 0.00 98.00 0.00 99.00 0.00 10.2228
4 97.00 0.00 96.00 0.00 99.00 0.00 100.00 0.00 1.715055
4 97.00 0.00 96.00 0.00 100.00 0.00 101.00 0.00 0.562194
4 97.00 0.00 96.00 0.00 101.00 0.00 102.00 0.00 0.2862075
4 97.00 0.00 96.00 0.00 102.00 0.00 103.00 0.00 0.1593455
4 97.00 0.00 96.00 0.00 103.00 0.00 104.00 0.00 0.09139475
4 97.00 0.00 96.00 0.00 104.00 0.00 105.00 0.00 0.06403395
4 97.00 0.00 95.00 0.00 99.00 0.00 101.00 0.00 3.11425
4 97.00 0.00 95.00 0.00 101.00 0.00 103.00 0.00 0.700446
4 97.00 0.00 95.00 0.00 103.00 0.00 105.00 0.00 0.259467
4 97.00 0.00 95.00 0.00 105.00 0.00 107.00 0.00 0.134333
4 97.00 0.00 95.00 0.00 107.00 0.00 109.00 0.00 0.07269405
4 97.00 0.00 94.00 0.00 100.00 0.00 103.00 0.00 1.83345
4 97.00 0.00 94.00 0.00 103.00 0.00 106.00 0.00 0.4335925
4 97.00 0.00 94.00 0.00 106.00 0.00 109.00 0.00 0.178049
4 97.00 0.00 93.00 0.00 101.00 0.00 105.00 0.00 1.35845
4 97.00 0.00 93.00 0.00 105.00 0.00 109.00 0.00 0.3325975
4 97.00 0.00 92.00 0.00 102.00 0.00 107.00 0.00 1.05938
4 97.00 0.00 91.00 0.00 103.00 0.00 109.00 0.00 0.8787595
4 97.00 0.00 90.00 0.00 104.00 0.00 111.00 0.00 0.753974
4 98.00 0.00 97.00 0.00 99.00 0.00 100.00 0.00 9.220075
4 98.00 0.00 97.00 0.00 100.00 0.00 101.00 0.00 1.565275
4 98.00 0.00 97.00 0.00 101.00 0.00 102.00 0.00 0.597944
4 98.00 0.00 97.00 0.00 102.00 0.00 103.00 0.00 0.272497
4 98.00 0.00 97.00 0.00 103.00 0.00 104.00 0.00 0.1447535
4 98.00 0.00 97.00 0.00 104.00 0.00 105.00 0.00 0.09606525
4 98.00 0.00 97.00 0.00 105.00 0.00 106.00 0.00 0.06213475
4 98.00 0.00 96.00 0.00 100.00 0.00 102.00 0.00 3.00954
4 98.00 0.00 96.00 0.00 102.00 0.00 104.00 0.00 0.6663115
4 98.00 0.00 96.00 0.00 104.00 0.00 106.00 0.00 0.265898
4 98.00 0.00 96.00 0.00 106.00 0.00 108.00 0.00 0.135707
4 98.00 0.00 96.00 0.00 108.00 0.00 110.00 0.00 0.0782942
4 98.00 0.00 95.00 0.00 101.00 0.00 104.00 0.00 1.8695
4 98.00 0.00 95.00 0.00 104.00 0.00 107.00 0.00 0.4447805
4 98.00 0.00 95.00 0.00 107.00 0.00 110.00 0.00 0.178435
4 98.00 0.00 94.00 0.00 102.00 0.00 106.00 0.00 1.3244
4 98.00 0.00 94.00 0.00 106.00 0.00 110.00 0.00 0.331758
4 98.00 0.00 93.00 0.00 103.00 0.00 108.00 0.00 1.04328
4 98.00 0.00 92.00 0.00 104.00 0.00 110.00 0.00 0.8869195
4 99.00 0.00 98.00 0.00 100.00 0.00 101.00 0.00 7.476315
4 99.00 0.00 98.00 0.00 101.00 0.00 102.00 0.00 1.59145
4 99.00 0.00 98.00 0.00 102.00 0.00 103.00 0.00 0.5634825
4 99.00 0.00 98.00 0.00 103.00 0.00 104.00 0.00 0.255039
4 99.00 0.00 98.00 0.00 104.00 0.00 105.00 0.00 0.151599
4 99.00 0.00 98.00 0.00 105.00 0.00 106.00 0.00 0.09608865
4 99.00 0.00 98.00 0.00 106.00 0.00 107.00 0.00 0.0645493
4 99.00 0.00 97.00 0.00 101.00 0.00 103.00 0.00 3.028105
4 99.00 0.00 97.00 0.00 103.00 0.00 105.00 0.00 0.6505545
4 99.00 0.00 97.00 0.00 105.00 0.00 107.00 0.00 0.266805
4 99.00 0.00 97.00 0.00 107.00 0.00 109.00 0.00 0.1374485
4 99.00 0.00 97.00 0.00 109.00 0.00 111.00 0.00 0.07140855
4 99.00 0.00 96.00 0.00 102.00 0.00 105.00 0.00 1.8002
4 99.00 0.00 96.00 0.00 105.00 0.00 108.00 0.00 0.447826
4 99.00 0.00 96.00 0.00 108.00 0.00 111.00 0.00 0.1724235
4 99.00 0.00 95.00 0.00 103.00 0.00 107.00 0.00 1.30802
4 99.00 0.00 95.00 0.00 107.00 0.00 111.00 0.00 0.325987
4 99.00 0.00 94.00 0.00 104.00 0.00 109.00 0.00 1.0694
4 99.00 0.00 93.00 0.00 105.00 0.00 111.00 0.00 0.8777375
4 100.00 0.00 99.00 0.00 101.00 0.00 102.00 0.00 7.82545
4 100.00 0.00 99.00 0.00 102.00 0.00 103.00 0.00 1.523725
4 100.00 0.00 99.00 0.00 103.00 0.00 104.00 0.00 0.5563875
4 100.00 0.00 99.00 0.00 104.00 0.00 105.00 0.00 0.273609
4 100.00 0.00 99.00 0.00 105.00 0.00 106.00 0.00 0.1584255
4 100.00 0.00 99.00 0.00 106.00 0.00 107.00 0.00 0.0980597
4 100.00 0.00 99.00 0.00 107.00 0.00 108.00 0.00 0.06421265
4 100.00 0.00 98.00 0.00 102.00 0.00 104.00 0.00 2.901525
4 100.00 0.00 98.00 0.00 104.00 0.00 106.00 0.00 0.680551
4 100.00 0.00 98.00 0.00 106.00 0.00 108.00 0.00 0.2690355
4 100.00 0.00 98.00 0.00 108.00 0.00 110.00 0.00 0.135975
4 100.00 0.00 97.00 0.00 103.00 0.00 106.00 0.00 1.79668
4 100.00 0.00 97.00 0.00 106.00 0.00 109.00 0.00 0.45273
4 100.00 0.00 96.00 0.00 104.00 0.00 108.00 0.00 1.3496
4 100.00 0.00 95.00 0.00 105.00 0.00 110.00 0.00 1.07737
4 101.00 0.00 100.00 0.00 102.00 0.00 103.00 0.00 6.84315
4 101.00 0.00 100.00 0.00 103.00 0.00 104.00 0.00 1.296595
4 101.00 0.00 100.00 0.00 104.00 0.00 105.00 0.00 0.517179
4 101.00 0.00 100.00 0.00 105.00 0.00 106.00 0.00 0.2553105
4 101.00 0.00 100.00 0.00 106.00 0.00 107.00 0.00 0.142541
4 101.00 0.00 100.00 0.00 107.00 0.00 108.00 0.00 0.0880858
4 101.00 0.00 100.00 0.00 108.00 0.00 109.00 0.00 0.06111665
4 101.00 0.00 99.00 0.00 103.00 0.00 105.00 0.00 2.64364
4 101.00 0.00 99.00 0.00 105.00 0.00 107.00 0.00 0.6546635
4 101.00 0.00 99.00 0.00 107.00 0.00 109.00 0.00 0.2586175
4 101.00 0.00 99.00 0.00 109.00 0.00 111.00 0.00 0.120996
4 101.00 0.00 98.00 0.00 104.00 0.00 107.00 0.00 1.75815
4 101.00 0.00 98.00 0.00 107.00 0.00 110.00 0.00 0.4313825
4 101.00 0.00 97.00 0.00 105.00 0.00 109.00 0.00 1.31723
4 101.00 0.00 96.00 0.00 106.00 0.00 111.00 0.00 1.03457
4 102.00 0.00 101.00 0.00 103.00 0.00 104.00 0.00 8.15772
4 102.00 0.00 101.00 0.00 104.00 0.00 105.00 0.00 1.63788
4 102.00 0.00 101.00 0.00 105.00 0.00 106.00 0.00 0.610929
4 102.00 0.00 101.00 0.00 106.00 0.00 107.00 0.00 0.2908505
4 102.00 0.00 101.00 0.00 107.00 0.00 108.00 0.00 0.1676915
4 102.00 0.00 101.00 0.00 108.00 0.00 109.00 0.00 0.104436
4 102.00 0.00 101.00 0.00 109.00 0.00 110.00 0.00 0.0651925
4 102.00 0.00 100.00 0.00 104.00 0.00 106.00 0.00 3.019965
4 102.00 0.00 100.00 0.00 106.00 0.00 108.00 0.00 0.692223
4 102.00 0.00 100.00 0.00 108.00 0.00 110.00 0.00 0.2704295
4 102.00 0.00 99.00 0.00 105.00 0.00 108.00 0.00 1.87513
4 102.00 0.00 99.00 0.00 108.00 0.00 111.00 0.00 0.439755
4 102.00 0.00 98.00 0.00 106.00 0.00 110.00 0.00 1.365215
4 103.00 0.00 102.00 0.00 104.00 0.00 105.00 0.00 9.69038
4 103.00 0.00 102.00 0.00 105.00 0.00 106.00 0.00 1.757305
4 103.00 0.00 102.00 0.00 106.00 0.00 107.00 0.00 0.6208585
4 103.00 0.00 102.00 0.00 107.00 0.00 108.00 0.00 0.2955255
4 103.00 0.00 102.00 0.00 108.00 0.00 109.00 0.00 0.1630365
4 103.00 0.00 102.00 0.00 109.00 0.00 110.00 0.00 0.0978486
4 103.00 0.00 102.00 0.00 110.00 0.00 111.00 0.00 0.0599974
4 103.00 0.00 101.00 0.00 105.00 0.00 107.00 0.00 3.27863
4 103.00 0.00 101.00 0.00 107.00 0.00 109.00 0.00 0.7367215
4 103.00 0.00 101.00 0.00 109.00 0.00 111.00 0.00 0.258543
4 103.00 0.00 100.00 0.00 106.00 0.00 109.00 0.00 1.937855
4 103.00 0.00 99.00 0.00 107.00 0.00 111.00 0.00 1.377655
4 104.00 0.00 103.00 0.00 105.00 0.00 106.00 0.00 10.1436
4 104.00 0.00 103.00 0.00 106.00 0.00 107.00 0.00 1.777175
4 104.00 0.00 103.00 0.00 107.00 0.00 108.00 0.00 0.5702085
4 104.00 0.00 103.00 0.00 108.00 0.00 109.00 0.00 0.274127
4 104.00 0.00 103.00 0.00 109.00 0.00 110.00 0.00 0.1657075
4 104.00 0.00 103.00 0.00 110.00 0.00 111.00 0.00 0.08299825
4 104.00 0.00 102.00 0.00 106.00 0.00 108.00 0.00 3.25855
4 104.00 0.00 102.00 0.00 108.00 0.00 110.00 0.00 0.7007155
4 104.00 0.00 101.00 0.00 107.00 0.00 110.00 0.00 1.904585
4 105.00 0.00 104.00 0.00 106.00 0.00 107.00 0.00 13.2152
4 105.00 0.00 104.00 0.00 107.00 0.00 108.00 0.00 1.99289
4 105.00 0.00 104.00 0.00 108.00 0.00 109.00 0.00 0.669921
4 105.00 0.00 104.00 0.00 109.00 0.00 110.00 0.00 0.2774705
4 105.00 0.00 104.00 0.00 110.00 0.00 111.00 0.00 0.1433015
4 105.00 0.00 103.00 0.00 107.00 0.00 109.00 0.00 3.505615
4 105.00 0.00 103.00 0.00 109.00 0.00 111.00 0.00 0.668942
4 105.00 0.00 102.00 0.00 108.00 0.00 111.00 0.00 1.93808
4 106.00 0.00 105.00 0.00 107.00 0.00 108.00 0.00 12.8045
4 106.00 0.00 105.00 0.00 108.00 0.00 109.00 0.00 2.190725
4 106.00 0.00 105.00 0.00 109.00 0.00 110.00 0.00 0.613813
4 106.00 0.00 105.00 0.00 110.00 0.00 111.00 0.00 0.257182
4 106.00 0.00 104.00 0.00 108.00 0.00 110.00 0.00 3.75086
4 107.00 0.00 106.00 0.00 108.00 0.00 109.00 0.00 12.4971
4 107.00 0.00 106.00 0.00 109.00 0.00 110.00 0.00 1.829775
4 107.00 0.00 106.00 0.00 110.00 0.00 111.00 0.00 0.5347115
4 107.00 0.00 105.00 0.00 109.00 0.00 111.00 0.00 3.238035
4 108.00 0.00 107.00 0.00 109.00 0.00 110.00 0.00 9.000485
4 108.00 0.00 107.00 0.00 110.00 0.00 111.00 0.00 1.475805
4 109.00 0.00 108.00 0.00 110.00 0.00 111.00 0.00 6.237325
Topography in separate list
2
112
0.0 3213.46
3.0 3211.65
6.0 3209.94
9.0 3208.51
12.0 3206.97
15.0 3205.47
18.0 3204.07
21.0 3202.63
24.0 3201.23
27.0 3199.57
30.0 3198.16
33.0 3196.75
36.0 3195.34
39.0 3193.92
42.0 3192.51
45.0 3191.1
48.0 3189.71
51.0 3188.43
54.0 3187.14
57.0 3185.86
60.0 3184.58
63.0 3183.3
66.0 3182.01
69.0 3180.73
72.0 3179.45
75.0 3178.18
78.0 3176.94
81.0 3175.68
84.0 3174.42
87.0 3173.17
90.0 3171.91
93.0 3170.65
96.0 3169.39
99.0 3168.14
102.0 3166.88
105.0 3165.62
108.0 3164.28
111.0 3162.83
114.0 3161.28
117.0 3159.7
120.0 3158.23
123.0 3156.73
126.0 3155.36
129.0 3154.09
132.0 3153.02
135.0 3151.93
138.0 3151.02
141.0 3150.14
144.0 3149.41
145.5 3148.98
147.0 3148.54
148.5 3148.11
150.0 3147.67
151.5 3147.18
153.0 3146.61
154.5 3146.18
156.0 3145.83
157.5 3145.52
159.0 3145.26
160.5 3144.98
162.0 3144.75
163.5 3144.48
165.0 3144.23
166.5 3143.94
168.0 3143.69
169.5 3143.43
171.0 3143.15
172.5 3142.94
174.0 3142.78
175.5 3142.45
177.0 3142.2
178.5 3141.97
180.0 3141.71
181.5 3141.55
183.0 3141.35
184.5 3141.26
186.0 3141.07
187.5 3140.9
189.0 3140.78
190.5 3140.68
192.0 3140.62
193.5 3140.61
195.0 3140.62
196.5 3140.51
198.0 3140.46
199.5 3140.4
201.0 3140.28
202.5 3140.12
204.0 3139.91
205.5 3139.84
207.0 3139.71
208.5 3139.57
210.0 3139.5
211.5 3139.38
213.0 3139.26
214.5 3139.06
216.0 3138.87
217.5 3138.69
219.0 3138.41
220.5 3138.08
222.0 3137.98
223.5 3137.8
225.0 3137.57
226.5 3137.32
228.0 3137.1
229.5 3136.86
231.0 3136.42
232.5 3136.18
234.0 3135.79
235.5 3135.14
237.0 3134.49
238.5 3133.84
1
0
0
0
0